Stage289 derivation start 2026-08-16T18:49:15.201471+00:00 device=cpu holdout=corpus
  corpus data\_stage254_news.txt
  lines: train 2664, eval 1142 (the probe reserves ANCHORS, not lines - see `reserved`)
  word rule matches stage194: True  (rule=ascii, fp=hash, ink=mean)
  hash ink deterministic and digest-faithful: True  {'anagram_cos': -0.0135, 'perm_fixed_points': 1}
  tape: 1500 addresses, 6603 slots | questions {"cons": 2000} | params 5633
  node vector 9 wide, matches the body
  ladder coverage: 0/0 lookup questions have all three rungs; the rest train on the task term alone
  probe pack: 1687 reserved addresses (12s to build)
  probe tape: 0 lookup questions, never trained on; 0 graphs cached (1 view(s)/question) in 0s
  probe eval: 0.00s x 4 = 0.0 min added to this run
  step 500/4000 train=0.6761 probe=nan
  step 1000/4000 train=0.5600 probe=nan
  step 1500/4000 train=0.5507 probe=nan
  step 2000/4000 train=0.5821 probe=nan
  step 2500/4000 train=0.5935 probe=nan
  step 3000/4000 train=0.6390 probe=nan
  step 3500/4000 train=0.5985 probe=nan
  step 4000/4000 train=0.5645 probe=nan
  CONS {"lenses": 6, "topm": 8, "reach_k": 8, "resolve": "share", "held_out": {"n": 2000, "n_beyond_own": 1757, "mean_lenses": 3.832, "constrain_rate": 0.001, "hit_rate": 0.03, "own_hit_rate": 0.1215, "answerable": 0.004, "present_topm": 0.0365, "walk_answerable": 0.127, "reads_constraint": 1.0, "reads_walk": 8.0, "beyond_own": {"hit": 0.0, "rare": 0.0005691519635742744, "frequent": 0.0005691519635742744, "decisive": 0.0005691519635742744, "vs_decisive": {"mind_only": 0, "rival_only": 1, "n": 1757, "mcnemar_z": -1.0}, "vs_rare": {"mind_only": 0, "rival_only": 1, "n": 1757, "mcnemar_z": -1.0}, "vs_walk_rival": {"mind_only": 0, "rival_only": 5, "n": 1757, "mcnemar_z": -2.23606797749979}}, "chosen_share_when_constrained": 0.03571428571428571}, "train_control": {"n": 2000, "n_beyond_own": 1733, "mean_lenses": 3.73, "constrain_rate": 0.0, "hit_rate": 0.0315, "own_hit_rate": 0.1335, "answerable": 0.008, "present_topm": 0.0305, "walk_answerable": 0.136, "reads_constraint": 1.0, "reads_walk": 8.0, "beyond_own": {"hit": 0.0, "rare": 0.005770340450086555, "frequent": 0.0028851702250432777, "decisive": 0.006347374495095211, "vs_decisive": {"mind_only": 0, "rival_only": 11, "n": 1733, "mcnemar_z": -3.3166247903554}, "vs_rare": {"mind_only": 0, "rival_only": 10, "n": 1733, "mcnemar_z": -3.162277660168379}, "vs_walk_rival": {"mind_only": 0, "rival_only": 9, "n": 1733, "mcnemar_z": -3.0}}, "chosen_share_when_constrained": 0.0}}
  HELD {"lookup_paired_vs_rival": {"model_only_right": 0, "rival_only_right": 0, "discordant": 0, "mcnemar_z": NaN}, "lookup_paired_vs_rival_cos": {"n": 0, "model_only_right": 0, "rival_only_right": 0, "discordant": 0, "mcnemar_z": NaN, "max_achievable_z": 0.0, "underpowered": true}, "lookup_paired_vs_rival_cos_by_margin": {"median_margin": NaN, "low_margin": {"n": 0, "model_only_right": 0, "rival_only_right": 0, "discordant": 0, "mcnemar_z": NaN, "max_achievable_z": 0.0, "underpowered": true}, "high_margin": {"n": 0, "model_only_right": 0, "rival_only_right": 0, "discordant": 0, "mcnemar_z": NaN, "max_achievable_z": 0.0, "underpowered": true}}, "ladder": {"n_questions": 0, "pairs": 0, "concordant": 0, "ties_excluded": 0, "import_budget_zero_rate": 0.0, "import_budget_mean": 0.0, "concordance": NaN, "z_vs_half": NaN, "mean_phi": {"true": NaN, "near": NaN, "middle": NaN, "far": NaN}}, "exact_mismatches": 0, "confusion": {}, "_mixed": [], "_reach": [], "_pair": [], "_cons": [[0, 0, 1, 0, 0, 0, -1, 0, 0, 0, 0, 0.0, 0, 0, 0], [0, 0, 5, 0, 0, 0, -1, 0, 0, 0, 0, 0.0, 0, 0, 0], [0, 0, 1, 0, 0, 0, -1, 0, 0, 0, 0, 0.0, 0, 0, 0], [0, 0, 6, 0, 0, 0, -1, 0, 0, 0, 0, 0.0, 0, 0, 0], [0, 0, 1, 0, 0, 0, -1, 0, 0, 0, 0, 0.0, 0, 0, 0], [0, 0, 6, 0, 0, 0, -1, 0, 0, 0, 0, 0.0, 0, 0, 0], [0, 0, 6, 0, 0, 0, -1, 0, 0, 0, 0, 0.0, 0, 0, 0], [0, 1, 2, 0, 0, 0, -1, 0, 0, 0, 0, 0.0, 0, 1, 1], [0, 0, 2, 0, 0, 0, -1, 0, 0, 0, 0, 0.0, 0, 0, 0], [0, 0, 6, 0, 0, 0, -1, 0, 0, 0, 0, 0.0, 0, 0, 0], [0, 0, 2, 0, 0, 0, -1, 0, 0, 0, 0, 0.0, 0, 1, 0], [0, 0, 3, 0, 0, 0, -1, 0, 0, 0, 0, 0.0, 0, 0, 0], [0, 0, 6, 0, 0, 0, -1, 0, 0, 0, 0, 0.0, 0, 0, 0], [0, 0, 6, 0, 0, 0, -1, 0, 0, 0, 0, 0.0, 0, 0, 0], [0, 1, 6, 0, 0, 0, -1, 0, 0, 0, 0, 0.0, 0, 1, 1], [0, 0, 1, 0, 0, 0, -1, 0, 0, 0, 0, 0.0, 0, 0, 0], [0, 0, 1, 0, 0, 0, -1, 0, 0, 0, 0, 0.0, 0, 0, 0], [0, 1, 6, 0, 1, 0, -1, 0, 0, 0, 0, 0.0, 0, 1, 0], [0, 0, 1, 0, 0, 0, -1, 0, 0, 0, 0, 0.0, 0, 0, 0], [0, 0, 6, 0, 0, 0, -1, 0, 0, 0, 0, 0.0, 0, 0, 0], [0, 1, 6, 0, 0, 0, -1, 0, 0, 0, 0, 0.0, 0, 1, 0], [0, 0, 1, 0, 0, 0, -1, 0, 0, 0, 0, 0.0, 0, 0, 0], [0, 1, 6, 0, 0, 0, -1, 0, 0, 0, 0, 0.0, 0, 1, 0], [0, 0, 6, 0, 0, 0, -1, 0, 0, 0, 0, 0.0, 0, 0, 0], [0, 0, 6, 0, 0, 0, -1, 0, 0, 0, 0, 0.0, 0, 0, 0], [0, 0, 2, 0, 0, 0, -1, 0, 0, 0, 0, 0.0, 0, 0, 0], [0, 0, 6, 0, 0, 0, -1, 0, 0, 0, 0, 0.0, 0, 0, 0], [0, 1, 6, 0, 0, 0, -1, 0, 0, 0, 0, 0.0, 0, 1, 1], [0, 0, 6, 0, 0, 0, -1, 0, 0, 0, 0, 0.0, 0, 0, 0], [0, 0, 4, 0, 0, 0, -1, 0, 0, 0, 0, 0.0, 0, 0, 0], [0, 0, 6, 0, 0, 0, -1, 0, 0, 0, 0, 0.0, 0, 0, 0], [0, 0, 1, 0, 0, 0, -1, 0, 0, 0, 0, 0.0, 0, 0, 0], [0, 0, 6, 0, 0, 0, -1, 0, 0, 0, 0, 0.0, 0, 0, 0], [0, 0, 1, 0, 0, 0, -1, 0, 0, 0, 0, 0.0, 0, 0, 0], [0, 0, 6, 0, 0, 0, -1, 0, 0, 0, 0, 0.0, 0, 0, 0], [0, 0, 2, 0, 0, 0, -1, 0, 0, 0, 0, 0.0, 0, 0, 0], [0, 0, 6, 0, 0, 0, -1, 0, 0, 0, 0, 0.0, 0, 0, 0], [0, 0, 5, 0, 0, 0, -1, 0, 0, 0, 0, 0.0, 0, 0, 0], [0, 0, 2, 0, 0, 0, -1, 0, 0, 0, 0, 0.0, 0, 0, 0], [0, 0, 3, 0, 0, 0, -1, 0, 0, 0, 0, 0.0, 0, 0, 0], [0, 0, 6, 0, 0, 0, -1, 0, 0, 0, 0, 0.0, 0, 0, 0], [0, 0, 6, 0, 0, 0, -1, 0, 0, 0, 0, 0.0, 0, 0, 0], [0, 0, 1, 0, 0, 0, -1, 0, 0, 0, 0, 0.0, 0, 0, 0], [0, 0, 6, 0, 0, 0, -1, 0, 0, 0, 0, 0.0, 0, 0, 0], [0, 0, 4, 0, 0, 0, -1, 0, 0, 0, 0, 0.0, 0, 0, 0], [0, 0, 1, 0, 0, 0, -1, 0, 0, 0, 0, 0.0, 0, 0, 0], [0, 0, 1, 0, 0, 0, -1, 0, 0, 0, 0, 0.0, 0, 0, 0], [0, 1, 6, 0, 0, 0, -1, 0, 0, 0, 0, 0.0, 0, 0, 0], [0, 0, 3, 0, 0, 0, -1, 0, 0, 0, 0, 0.0, 0, 0, 0], [0, 0, 6, 0, 0, 0, -1, 0, 0, 0, 0, 0.0, 0, 0, 0], [0, 0, 2, 0, 0, 0, -1, 0, 0, 0, 0, 0.0, 0, 0, 0], [0, 0, 4, 0, 0, 0, -1, 0, 0, 0, 0, 0.0, 0, 0, 0], [0, 0, 6, 0, 0, 0, -1, 0, 0, 0, 0, 0.0, 0, 0, 0], [0, 0, 2, 0, 0, 0, -1, 0, 0, 0, 0, 0.0, 0, 0, 0], [0, 0, 6, 0, 0, 0, -1, 0, 0, 0, 0, 0.0, 0, 0, 0], [0, 0, 6, 0, 0, 0, -1, 0, 0, 0, 0, 0.0, 0, 0, 0], [0, 1, 5, 0, 0, 0, -1, 0, 0, 0, 0, 0.0, 0, 1, 1], [0, 0, 1, 0, 0, 0, -1, 0, 0, 0, 0, 0.0, 0, 0, 0], [0, 0, 6, 0, 0, 0, -1, 0, 0, 0, 0, 0.0, 0, 0, 0], [0, 0, 6, 0, 0, 0, -1, 0, 0, 0, 1, 0.0, 0, 0, 0], [0, 0, 2, 0, 0, 0, -1, 0, 0, 0, 0, 0.0, 0, 0, 0], [0, 0, 6, 0, 0, 0, -1, 0, 0, 0, 0, 0.0, 0, 0, 0], [0, 0, 4, 0, 0, 0, -1, 0, 0, 0, 0, 0.0, 0, 0, 0], [0, 0, 6, 0, 0, 0, -1, 0, 0, 0, 0, 0.0, 0, 0, 0], [0, 0, 6, 0, 0, 0, -1, 0, 0, 0, 0, 0.0, 0, 0, 0], [0, 0, 6, 0, 0, 0, -1, 0, 0, 0, 0, 0.0, 0, 0, 0], [0, 0, 3, 0, 0, 0, -1, 0, 0, 0, 0, 0.0, 0, 0, 0], [0, 0, 1, 0, 0, 0, -1, 0, 0, 0, 0, 0.0, 0, 0, 0], [0, 0, 1, 0, 0, 0, -1, 0, 0, 0, 0, 0.0, 0, 0, 0], [0, 1, 6, 0, 0, 0, -1, 0, 0, 0, 0, 0.0, 0, 1, 0], [0, 0, 2, 0, 0, 0, -1, 0, 0, 0, 0, 0.0, 0, 0, 0], [0, 0, 1, 0, 0, 0, -1, 0, 0, 0, 0, 0.0, 0, 1, 0], [0, 0, 6, 0, 0, 0, -1, 0, 0, 0, 0, 0.0, 0, 0, 0], [0, 0, 5, 0, 0, 0, -1, 0, 0, 0, 0, 0.0, 0, 0, 0], [0, 0, 1, 0, 0, 0, -1, 0, 0, 0, 0, 0.0, 0, 1, 0], [0, 0, 6, 0, 0, 0, -1, 0, 0, 0, 0, 0.0, 0, 0, 0], [0, 0, 6, 0, 0, 0, -1, 0, 0, 0, 0, 0.0, 0, 0, 0], [0, 0, 3, 0, 0, 0, -1, 0, 0, 0, 0, 0.0, 0, 1, 0], [0, 0, 6, 0, 0, 0, -1, 0, 0, 0, 0, 0.0, 0, 0, 0], [0, 0, 6, 0, 0, 0, -1, 0, 0, 0, 0, 0.0, 0, 0, 0], [0, 0, 5, 0, 0, 0, -1, 0, 0, 0, 0, 0.0, 0, 0, 0], [0, 1, 6, 0, 0, 0, -1, 0, 0, 0, 0, 0.0, 0, 1, 1], [0, 0, 6, 0, 0, 0, -1, 0, 0, 0, 0, 0.0, 0, 0, 0], [0, 0, 6, 0, 0, 0, -1, 0, 0, 0, 0, 0.0, 0, 0, 0], [0, 0, 2, 0, 0, 0, -1, 0, 0, 0, 0, 0.0, 0, 0, 0], [0, 0, 6, 0, 0, 0, -1, 0, 0, 0, 0, 0.0, 0, 0, 0], [0, 0, 3, 0, 0, 0, -1, 0, 0, 0, 0, 0.0, 0, 0, 0], [0, 0, 6, 0, 0, 0, -1, 0, 0, 0, 0, 0.0, 0, 0, 0], [0, 0, 6, 0, 0, 0, -1, 0, 0, 0, 0, 0.0, 0, 0, 0], [0, 0, 3, 0, 0, 0, -1, 0, 0, 0, 1, 0.0, 0, 1, 0], [0, 0, 6, 0, 0, 0, -1, 0, 0, 0, 0, 0.0, 0, 0, 0], [0, 0, 1, 0, 0, 0, -1, 0, 0, 0, 0, 0.0, 0, 0, 0], [0, 0, 1, 0, 0, 0, -1, 0, 0, 0, 0, 0.0, 0, 0, 0], [0, 0, 1, 0, 0, 0, -1, 0, 0, 0, 0, 0.0, 0, 0, 0], [0, 0, 1, 0, 0, 0, -1, 0, 0, 0, 0, 0.0, 0, 0, 0], [0, 0, 6, 0, 0, 0, -1, 0, 0, 0, 0, 0.0, 0, 1, 1], [0, 0, 6, 0, 0, 0, -1, 0, 0, 0, 0, 0.0, 0, 0, 0], [0, 0, 4, 0, 0, 0, -1, 0, 0, 0, 0, 0.0, 0, 0, 0], [0, 0, 6, 0, 0, 0, -1, 0, 0, 0, 0, 0.0, 0, 0, 0], [0, 0, 1, 0, 0, 0, -1, 0, 0, 0, 0, 0.0, 0, 0, 0], [0, 0, 1, 0, 0, 0, -1, 0, 0, 0, 0, 0.0, 0, 0, 0], [0, 0, 3, 0, 0, 0, -1, 0, 0, 0, 0, 0.0, 0, 0, 0], [0, 1, 4, 0, 0, 0, -1, 0, 0, 0, 0, 0.0, 0, 1, 1], [0, 0, 6, 0, 0, 0, -1, 0, 0, 0, 0, 0.0, 0, 0, 0], [0, 0, 3, 0, 0, 0, -1, 0, 0, 0, 0, 0.0, 0, 0, 0], [0, 1, 6, 0, 1, 0, -1, 0, 0, 0, 0, 0.0, 0, 1, 0], [0, 0, 1, 0, 0, 0, -1, 0, 0, 0, 0, 0.0, 0, 0, 0], [0, 0, 3, 0, 0, 0, -1, 0, 0, 0, 0, 0.0, 0, 0, 0], [0, 0, 6, 0, 0, 0, -1, 0, 0, 0, 0, 0.0, 0, 0, 0], [0, 0, 5, 0, 0, 0, -1, 0, 0, 0, 0, 0.0, 0, 0, 0], [0, 0, 1, 0, 0, 0, -1, 0, 0, 0, 0, 0.0, 0, 0, 0], [0, 1, 4, 0, 0, 0, -1, 0, 0, 0, 0, 0.0, 0, 1, 1], [0, 0, 6, 0, 0, 0, -1, 0, 0, 0, 0, 0.0, 0, 0, 0], [0, 1, 2, 0, 0, 0, -1, 0, 0, 0, 0, 0.0, 0, 1, 1], [0, 0, 6, 0, 0, 0, -1, 0, 0, 0, 0, 0.0, 0, 0, 0], [0, 0, 6, 0, 0, 0, -1, 0, 0, 0, 0, 0.0, 0, 0, 0], [0, 0, 1, 0, 0, 0, -1, 0, 0, 0, 0, 0.0, 0, 0, 0], [0, 0, 6, 0, 0, 0, -1, 0, 0, 0, 0, 0.0, 0, 0, 0], [0, 0, 1, 0, 0, 0, -1, 0, 0, 0, 0, 0.0, 0, 0, 0], [0, 0, 5, 0, 0, 0, -1, 0, 0, 0, 0, 0.0, 0, 0, 0], [0, 0, 3, 0, 0, 0, -1, 0, 0, 0, 1, 0.0, 0, 0, 0], [0, 0, 5, 0, 0, 0, -1, 0, 0, 0, 0, 0.0, 0, 0, 0], [1, 1, 5, 0, 0, 0, -1, 1, 0, 0, 1, 0.0, 0, 1, 0], [0, 0, 3, 0, 0, 0, -1, 0, 0, 0, 0, 0.0, 0, 0, 0], [0, 0, 2, 0, 0, 0, -1, 0, 0, 0, 0, 0.0, 0, 0, 0], [0, 0, 6, 0, 0, 0, -1, 0, 0, 0, 0, 0.0, 0, 0, 0], [0, 0, 6, 0, 0, 0, -1, 0, 0, 0, 0, 0.0, 0, 0, 0], [0, 0, 1, 0, 0, 0, -1, 0, 0, 0, 0, 0.0, 0, 0, 0], [0, 0, 1, 0, 0, 0, -1, 0, 0, 0, 0, 0.0, 0, 0, 0], [0, 0, 1, 0, 0, 0, -1, 0, 0, 0, 0, 0.0, 0, 0, 0], [0, 0, 1, 0, 0, 0, -1, 0, 0, 0, 0, 0.0, 0, 0, 0], [0, 0, 1, 0, 0, 0, -1, 0, 0, 0, 0, 0.0, 0, 0, 0], [0, 0, 6, 0, 0, 0, -1, 0, 0, 0, 0, 0.0, 0, 0, 0], [0, 0, 2, 0, 0, 0, -1, 0, 0, 0, 0, 0.0, 0, 0, 0], [0, 0, 6, 0, 0, 0, -1, 0, 0, 0, 0, 0.0, 0, 0, 0], [0, 0, 6, 0, 0, 0, -1, 0, 0, 0, 0, 0.0, 0, 0, 0], [0, 1, 2, 0, 0, 0, -1, 0, 0, 0, 0, 0.0, 0, 1, 1], [0, 0, 6, 0, 0, 0, -1, 0, 0, 0, 0, 0.0, 0, 0, 0], [0, 0, 6, 0, 0, 0, -1, 0, 0, 0, 0, 0.0, 0, 0, 0], [0, 0, 2, 0, 0, 0, -1, 0, 0, 0, 1, 0.0, 0, 0, 0], [0, 0, 6, 0, 0, 0, -1, 0, 0, 0, 0, 0.0, 0, 0, 0], [0, 0, 2, 0, 0, 0, -1, 0, 0, 0, 0, 0.0, 0, 0, 0], [0, 0, 6, 0, 0, 0, -1, 0, 0, 0, 0, 0.0, 0, 0, 0], [0, 0, 6, 0, 0, 0, -1, 0, 0, 0, 0, 0.0, 0, 0, 0], [0, 1, 2, 0, 0, 0, -1, 0, 0, 0, 0, 0.0, 0, 1, 1], [0, 0, 6, 0, 0, 0, -1, 0, 0, 0, 0, 0.0, 0, 0, 0], [0, 1, 2, 0, 1, 0, -1, 0, 0, 0, 0, 0.0, 0, 1, 1], [0, 1, 2, 0, 1, 0, -1, 0, 0, 0, 0, 0.0, 0, 0, 0], [0, 0, 1, 0, 0, 0, -1, 0, 0, 0, 0, 0.0, 0, 0, 0], [0, 0, 6, 0, 0, 0, -1, 0, 0, 0, 0, 0.0, 0, 0, 0], [0, 0, 1, 0, 0, 0, -1, 0, 0, 0, 0, 0.0, 0, 0, 0], [0, 0, 2, 0, 0, 0, -1, 0, 0, 0, 0, 0.0, 0, 0, 0], [0, 0, 6, 0, 0, 0, -1, 0, 0, 0, 0, 0.0, 0, 0, 0], [0, 0, 1, 0, 0, 0, -1, 0, 0, 0, 0, 0.0, 0, 0, 0], [0, 0, 2, 0, 0, 0, -1, 0, 0, 0, 0, 0.0, 0, 1, 0], [0, 0, 6, 0, 0, 0, -1, 0, 0, 0, 0, 0.0, 0, 0, 0], [0, 0, 6, 0, 0, 0, -1, 0, 0, 0, 0, 0.0, 0, 0, 0], [0, 1, 6, 0, 0, 0, -1, 0, 0, 0, 0, 0.0, 0, 1, 0], [0, 0, 5, 0, 0, 0, -1, 0, 0, 0, 0, 0.0, 0, 0, 0], [0, 0, 6, 0, 0, 0, -1, 0, 0, 0, 0, 0.0, 0, 0, 0], [0, 0, 6, 0, 0, 0, -1, 0, 0, 0, 0, 0.0, 0, 0, 0], [0, 0, 6, 0, 0, 0, -1, 0, 0, 0, 0, 0.0, 0, 0, 0], [0, 0, 5, 0, 0, 0, -1, 0, 0, 0, 0, 0.0, 0, 0, 0], [0, 1, 6, 0, 0, 0, -1, 0, 0, 0, 0, 0.0, 0, 1, 0], [0, 0, 6, 0, 0, 0, -1, 0, 0, 0, 0, 0.0, 0, 0, 0], [0, 0, 1, 0, 0, 0, -1, 0, 0, 0, 0, 0.0, 0, 0, 0], [0, 0, 6, 0, 0, 0, -1, 0, 0, 0, 0, 0.0, 0, 0, 0], [0, 1, 3, 0, 1, 0, -1, 0, 0, 0, 0, 0.0, 0, 0, 0], [0, 0, 6, 0, 0, 0, -1, 0, 0, 0, 0, 0.0, 0, 0, 0], [0, 0, 6, 0, 0, 0, -1, 0, 0, 0, 0, 0.0, 0, 0, 0], [0, 1, 2, 0, 0, 0, -1, 0, 0, 0, 0, 0.0, 0, 1, 1], [0, 0, 1, 0, 0, 0, -1, 0, 0, 0, 0, 0.0, 0, 0, 0], [0, 0, 1, 0, 0, 0, -1, 0, 0, 0, 0, 0.0, 0, 0, 0], [0, 0, 1, 0, 0, 0, -1, 0, 0, 0, 0, 0.0, 0, 0, 0], [0, 0, 4, 0, 0, 0, -1, 0, 0, 0, 0, 0.0, 0, 0, 0], [0, 0, 6, 0, 0, 0, -1, 0, 0, 0, 0, 0.0, 0, 0, 0], [0, 0, 5, 0, 0, 0, -1, 0, 0, 0, 0, 0.0, 0, 0, 0], [0, 0, 6, 0, 0, 0, -1, 0, 0, 0, 0, 0.0, 0, 0, 0], [0, 0, 6, 0, 0, 0, -1, 0, 0, 0, 0, 0.0, 0, 0, 0], [0, 0, 3, 0, 0, 0, -1, 0, 0, 0, 0, 0.0, 0, 0, 0], [0, 0, 1, 0, 0, 0, -1, 0, 0, 0, 0, 0.0, 0, 0, 0], [0, 0, 6, 0, 0, 0, -1, 0, 0, 0, 0, 0.0, 0, 0, 0], [0, 0, 1, 0, 0, 0, -1, 0, 0, 0, 0, 0.0, 0, 0, 0], [0, 0, 6, 0, 0, 0, -1, 0, 0, 0, 1, 0.0, 0, 0, 0], [0, 0, 1, 0, 0, 0, -1, 0, 0, 0, 0, 0.0, 0, 1, 0], [0, 0, 3, 0, 0, 0, -1, 0, 0, 0, 0, 0.0, 0, 0, 0], [0, 0, 6, 0, 0, 0, -1, 0, 0, 0, 0, 0.0, 0, 0, 0], [0, 0, 6, 0, 0, 0, -1, 0, 0, 0, 0, 0.0, 0, 0, 0], [0, 0, 6, 0, 0, 0, -1, 0, 0, 0, 0, 0.0, 0, 0, 0], [0, 0, 6, 0, 0, 0, -1, 0, 0, 0, 0, 0.0, 0, 0, 0], [0, 0, 6, 0, 0, 0, -1, 0, 0, 0, 0, 0.0, 0, 0, 0], [0, 0, 6, 0, 0, 0, -1, 0, 0, 0, 0, 0.0, 0, 0, 0], [0, 0, 6, 0, 0, 0, -1, 0, 0, 0, 0, 0.0, 0, 0, 0], [0, 0, 1, 0, 0, 0, -1, 0, 0, 0, 0, 0.0, 0, 0, 0], [0, 0, 3, 0, 0, 0, -1, 0, 0, 0, 0, 0.0, 0, 0, 0], [0, 0, 1, 0, 0, 0, -1, 0, 0, 0, 0, 0.0, 0, 0, 0], [0, 0, 6, 0, 0, 0, -1, 0, 0, 0, 0, 0.0, 0, 0, 0], [0, 0, 6, 0, 0, 0, -1, 0, 0, 0, 0, 0.0, 0, 0, 0], [0, 0, 1, 0, 0, 0, -1, 0, 0, 0, 0, 0.0, 0, 0, 0], [0, 0, 1, 0, 0, 0, -1, 0, 0, 0, 0, 0.0, 0, 0, 0], [0, 0, 1, 0, 0, 0, -1, 0, 0, 0, 0, 0.0, 0, 1, 0], [0, 0, 5, 0, 0, 0, -1, 0, 0, 0, 0, 0.0, 0, 0, 0], [0, 0, 1, 0, 0, 0, -1, 0, 0, 0, 0, 0.0, 0, 0, 0], [0, 0, 6, 0, 0, 0, -1, 0, 0, 0, 0, 0.0, 0, 0, 0], [0, 0, 2, 0, 0, 0, -1, 0, 0, 0, 0, 0.0, 0, 0, 0], [0, 0, 1, 0, 0, 0, -1, 0, 0, 0, 0, 0.0, 0, 0, 0], [0, 0, 2, 0, 0, 0, -1, 0, 0, 0, 0, 0.0, 0, 0, 0], [0, 0, 6, 0, 0, 0, -1, 0, 0, 0, 0, 0.0, 0, 0, 0], [0, 1, 4, 0, 0, 0, -1, 0, 0, 0, 0, 0.0, 0, 0, 0], [0, 0, 1, 0, 0, 0, -1, 0, 0, 0, 0, 0.0, 0, 0, 0], [0, 0, 3, 0, 0, 0, -1, 0, 0, 0, 0, 0.0, 0, 0, 0], [0, 0, 1, 0, 0, 0, -1, 0, 0, 0, 0, 0.0, 0, 0, 0], [0, 0, 6, 0, 0, 0, -1, 0, 0, 0, 0, 0.0, 0, 0, 0], [0, 0, 1, 0, 0, 0, -1, 0, 0, 0, 0, 0.0, 0, 0, 0], [0, 0, 6, 0, 0, 0, -1, 0, 0, 0, 0, 0.0, 0, 0, 0], [0, 0, 2, 0, 0, 0, -1, 0, 0, 0, 0, 0.0, 0, 0, 0], [0, 0, 6, 0, 0, 0, -1, 0, 0, 0, 0, 0.0, 0, 0, 0], [0, 0, 2, 0, 0, 0, -1, 0, 0, 0, 0, 0.0, 0, 0, 0], [0, 0, 6, 0, 0, 0, -1, 0, 0, 0, 0, 0.0, 0, 0, 0], [0, 0, 6, 0, 0, 0, -1, 0, 0, 0, 0, 0.0, 0, 0, 0], [0, 0, 6, 0, 0, 0, -1, 0, 0, 0, 0, 0.0, 0, 0, 0], [0, 0, 6, 0, 0, 0, -1, 0, 0, 0, 0, 0.0, 0, 0, 0], [0, 0, 6, 0, 0, 0, -1, 0, 0, 0, 0, 0.0, 0, 0, 0], [0, 0, 6, 0, 0, 0, -1, 0, 0, 0, 0, 0.0, 0, 0, 0], [0, 0, 6, 0, 0, 0, -1, 0, 0, 0, 0, 0.0, 0, 0, 0], [0, 1, 5, 0, 0, 0, -1, 0, 0, 0, 0, 0.0, 0, 1, 0], [0, 0, 1, 0, 0, 0, -1, 0, 0, 0, 0, 0.0, 0, 0, 0], [0, 0, 1, 0, 0, 0, -1, 0, 0, 0, 0, 0.0, 0, 0, 0], [0, 0, 1, 0, 0, 0, -1, 0, 0, 0, 0, 0.0, 0, 0, 0], [0, 1, 5, 0, 0, 0, -1, 0, 0, 0, 0, 0.0, 0, 0, 0], [0, 0, 3, 0, 0, 0, -1, 0, 0, 0, 0, 0.0, 0, 0, 0], [0, 0, 1, 0, 0, 0, -1, 0, 0, 0, 0, 0.0, 0, 0, 0], [0, 0, 6, 0, 0, 0, -1, 0, 0, 0, 0, 0.0, 0, 0, 0], [0, 0, 5, 0, 0, 0, -1, 0, 0, 0, 0, 0.0, 0, 1, 0], [0, 0, 6, 0, 0, 0, -1, 0, 0, 0, 0, 0.0, 0, 0, 0], [0, 0, 2, 0, 0, 0, -1, 0, 0, 0, 0, 0.0, 0, 0, 0], [0, 0, 1, 0, 0, 0, -1, 0, 0, 0, 0, 0.0, 0, 0, 0], [0, 0, 5, 0, 0, 0, -1, 0, 0, 0, 0, 0.0, 0, 0, 0], [0, 0, 1, 0, 0, 0, -1, 0, 0, 0, 0, 0.0, 0, 0, 0], [0, 0, 2, 0, 0, 0, -1, 0, 0, 0, 0, 0.0, 0, 0, 0], [0, 0, 1, 0, 0, 0, -1, 0, 0, 0, 0, 0.0, 0, 0, 0], [0, 0, 1, 0, 0, 0, -1, 0, 0, 0, 0, 0.0, 0, 0, 0], [0, 0, 1, 0, 0, 0, -1, 0, 0, 0, 0, 0.0, 0, 0, 0], [0, 0, 1, 0, 0, 0, -1, 0, 0, 0, 0, 0.0, 0, 0, 0], [0, 0, 1, 0, 0, 0, -1, 0, 0, 0, 0, 0.0, 0, 0, 0], [0, 0, 4, 0, 0, 0, -1, 0, 0, 0, 0, 0.0, 0, 0, 0], [0, 0, 6, 0, 0, 0, -1, 0, 0, 0, 0, 0.0, 0, 0, 0], [0, 0, 1, 0, 0, 0, -1, 0, 0, 0, 0, 0.0, 0, 0, 0], [0, 0, 1, 0, 0, 0, -1, 0, 0, 0, 0, 0.0, 0, 0, 0], [0, 0, 1, 0, 0, 0, -1, 0, 0, 0, 0, 0.0, 0, 0, 0], [0, 1, 2, 0, 1, 0, -1, 0, 0, 0, 0, 0.0, 0, 1, 1], [0, 0, 6, 0, 0, 0, -1, 0, 0, 0, 0, 0.0, 0, 0, 0], [0, 0, 6, 0, 0, 0, -1, 0, 0, 0, 0, 0.0, 0, 0, 0], [0, 0, 6, 0, 0, 0, -1, 0, 0, 0, 0, 0.0, 0, 0, 0], [0, 0, 6, 0, 0, 0, -1, 0, 0, 0, 0, 0.0, 0, 1, 1], [0, 0, 3, 0, 0, 0, -1, 0, 0, 0, 0, 0.0, 0, 0, 0], [0, 0, 4, 0, 0, 0, -1, 0, 0, 0, 0, 0.0, 0, 0, 0], [0, 0, 4, 0, 0, 0, -1, 0, 0, 0, 0, 0.0, 0, 0, 0], [0, 0, 6, 0, 0, 0, -1, 0, 0, 0, 0, 0.0, 0, 0, 0], [0, 0, 1, 0, 0, 0, -1, 0, 0, 0, 0, 0.0, 0, 0, 0], [0, 0, 4, 0, 0, 0, -1, 0, 0, 0, 0, 0.0, 0, 1, 0], [0, 0, 6, 0, 0, 0, -1, 0, 0, 0, 0, 0.0, 0, 0, 0], [0, 0, 6, 0, 0, 0, -1, 0, 0, 0, 0, 0.0, 0, 0, 0], [0, 0, 6, 0, 0, 0, -1, 0, 0, 0, 0, 0.0, 0, 0, 0], [0, 0, 3, 0, 0, 0, -1, 0, 0, 0, 0, 0.0, 0, 0, 0], [0, 0, 1, 0, 0, 0, -1, 0, 0, 0, 0, 0.0, 0, 0, 0], [0, 0, 6, 0, 0, 0, -1, 0, 0, 0, 0, 0.0, 0, 0, 0], [0, 0, 4, 0, 0, 0, -1, 0, 0, 0, 0, 0.0, 0, 0, 0], [0, 0, 6, 0, 0, 0, -1, 0, 0, 0, 0, 0.0, 0, 0, 0], [0, 0, 6, 0, 0, 0, -1, 0, 0, 0, 0, 0.0, 0, 0, 0], [0, 0, 1, 0, 0, 0, -1, 0, 0, 0, 0, 0.0, 0, 0, 0], [0, 0, 2, 0, 0, 0, -1, 0, 0, 0, 0, 0.0, 0, 0, 0], [0, 0, 1, 0, 0, 0, -1, 0, 0, 0, 0, 0.0, 0, 0, 0], [0, 0, 1, 0, 0, 0, -1, 0, 0, 0, 0, 0.0, 0, 0, 0], [0, 0, 2, 0, 0, 0, -1, 0, 0, 0, 0, 0.0, 0, 0, 0], [0, 0, 6, 0, 0, 0, -1, 0, 0, 0, 0, 0.0, 0, 0, 0], [0, 1, 6, 0, 0, 0, -1, 0, 0, 0, 0, 0.0, 0, 0, 0], [0, 0, 4, 0, 0, 0, -1, 0, 0, 0, 0, 0.0, 0, 1, 0], [0, 0, 1, 0, 0, 0, -1, 0, 0, 0, 0, 0.0, 0, 0, 0], [0, 0, 1, 0, 0, 0, -1, 0, 0, 0, 0, 0.0, 0, 0, 0], [0, 1, 2, 0, 1, 0, -1, 0, 0, 0, 0, 0.0, 0, 0, 0], [0, 0, 1, 0, 0, 0, -1, 0, 0, 0, 0, 0.0, 0, 0, 0], [0, 0, 2, 0, 0, 0, -1, 0, 0, 0, 0, 0.0, 0, 0, 0], [0, 0, 1, 0, 0, 0, -1, 0, 0, 0, 0, 0.0, 0, 0, 0], [0, 0, 5, 0, 0, 0, -1, 0, 0, 0, 0, 0.0, 0, 0, 0], [0, 0, 6, 0, 0, 0, -1, 0, 0, 0, 0, 0.0, 0, 0, 0], [0, 0, 6, 0, 0, 0, -1, 0, 0, 0, 0, 0.0, 0, 0, 0], [0, 1, 6, 0, 0, 0, -1, 0, 0, 0, 0, 0.0, 0, 1, 0], [0, 0, 4, 0, 0, 0, -1, 0, 0, 0, 0, 0.0, 0, 0, 0], [0, 1, 2, 0, 1, 0, -1, 0, 0, 0, 0, 0.0, 0, 1, 1], [0, 0, 1, 0, 0, 0, -1, 0, 0, 0, 0, 0.0, 0, 0, 0], [0, 0, 1, 0, 0, 0, -1, 0, 0, 0, 0, 0.0, 0, 0, 0], [0, 0, 1, 0, 0, 0, -1, 0, 0, 0, 1, 0.0, 0, 1, 0], [0, 0, 6, 0, 0, 0, -1, 0, 0, 0, 0, 0.0, 0, 1, 0], [0, 0, 1, 0, 0, 0, -1, 0, 0, 0, 0, 0.0, 0, 0, 0], [0, 0, 2, 0, 0, 0, -1, 0, 0, 0, 1, 0.0, 0, 0, 0], [0, 0, 6, 0, 0, 0, -1, 0, 0, 0, 0, 0.0, 0, 0, 0], [0, 1, 6, 0, 1, 0, -1, 0, 0, 0, 0, 0.0, 0, 1, 0], [0, 0, 6, 0, 0, 0, -1, 0, 0, 0, 0, 0.0, 0, 0, 0], [0, 0, 1, 0, 0, 0, -1, 0, 0, 0, 0, 0.0, 0, 0, 0], [0, 0, 6, 0, 0, 0, -1, 0, 0, 0, 0, 0.0, 0, 0, 0], [0, 0, 6, 0, 0, 0, -1, 0, 0, 0, 0, 0.0, 0, 0, 0], [0, 0, 6, 0, 0, 0, -1, 0, 0, 0, 0, 0.0, 0, 0, 0], [0, 1, 6, 0, 0, 0, -1, 0, 0, 0, 0, 0.0, 0, 1, 1], [0, 0, 1, 0, 0, 0, -1, 0, 0, 0, 0, 0.0, 0, 0, 0], [0, 0, 2, 0, 0, 0, -1, 0, 0, 0, 0, 0.0, 0, 1, 0], [0, 0, 2, 0, 0, 0, -1, 0, 0, 0, 0, 0.0, 0, 0, 0], [0, 0, 6, 0, 0, 0, -1, 0, 0, 0, 0, 0.0, 0, 1, 1], [0, 0, 4, 0, 0, 0, -1, 0, 0, 0, 0, 0.0, 0, 0, 0], [0, 0, 1, 0, 0, 0, -1, 0, 0, 0, 0, 0.0, 0, 0, 0], [0, 0, 6, 0, 0, 0, -1, 0, 0, 0, 0, 0.0, 0, 0, 0], [0, 0, 6, 0, 0, 0, -1, 0, 0, 0, 0, 0.0, 0, 0, 0], [0, 0, 2, 0, 0, 0, -1, 0, 0, 0, 0, 0.0, 0, 0, 0], [0, 0, 1, 0, 0, 0, -1, 0, 0, 0, 0, 0.0, 0, 1, 0], [0, 1, 2, 0, 0, 0, -1, 0, 0, 0, 0, 0.0, 0, 1, 1], [0, 0, 1, 0, 0, 0, -1, 0, 0, 0, 0, 0.0, 0, 0, 0], [0, 1, 4, 0, 0, 0, -1, 0, 0, 0, 1, 0.0, 0, 1, 1], [0, 0, 1, 0, 0, 0, -1, 0, 0, 0, 0, 0.0, 0, 0, 0], [0, 0, 6, 0, 0, 0, -1, 0, 0, 0, 0, 0.0, 0, 0, 0], [0, 0, 6, 0, 0, 0, -1, 0, 0, 0, 0, 0.0, 0, 0, 0], [0, 0, 6, 0, 0, 0, -1, 0, 0, 0, 0, 0.0, 0, 0, 0], [0, 0, 2, 0, 0, 0, -1, 0, 0, 0, 0, 0.0, 0, 0, 0], [0, 0, 6, 0, 0, 0, -1, 0, 0, 0, 0, 0.0, 0, 0, 0], [0, 0, 6, 0, 0, 0, -1, 0, 0, 0, 0, 0.0, 0, 0, 0], [0, 0, 1, 0, 0, 0, -1, 0, 0, 0, 0, 0.0, 0, 0, 0], [1, 1, 6, 0, 0, 0, -1, 1, 0, 1, 1, 0.0, 0, 1, 0], [0, 0, 5, 0, 0, 0, -1, 0, 0, 0, 1, 0.0, 0, 0, 0], [0, 1, 2, 0, 1, 0, -1, 0, 0, 0, 0, 0.0, 0, 1, 0], [0, 0, 6, 0, 0, 0, -1, 0, 0, 0, 0, 0.0, 0, 0, 0], [0, 0, 6, 0, 0, 0, -1, 0, 0, 0, 0, 0.0, 0, 0, 0], [0, 0, 5, 0, 0, 0, -1, 0, 0, 0, 0, 0.0, 0, 0, 0], [0, 0, 1, 0, 0, 0, -1, 0, 0, 0, 0, 0.0, 0, 0, 0], [0, 0, 6, 0, 0, 0, -1, 0, 0, 0, 0, 0.0, 0, 0, 0], [0, 0, 2, 0, 0, 0, -1, 0, 0, 0, 0, 0.0, 0, 0, 0], [0, 0, 6, 0, 0, 0, -1, 0, 0, 0, 0, 0.0, 0, 0, 0], [0, 0, 1, 0, 0, 0, -1, 0, 0, 0, 0, 0.0, 0, 0, 0], [0, 0, 6, 0, 0, 0, -1, 0, 0, 0, 0, 0.0, 0, 0, 0], [0, 0, 6, 0, 0, 0, -1, 0, 0, 0, 0, 0.0, 0, 0, 0], [0, 1, 2, 0, 0, 0, -1, 0, 0, 0, 0, 0.0, 0, 1, 1], [0, 0, 6, 0, 0, 0, -1, 0, 0, 0, 0, 0.0, 0, 0, 0], [0, 0, 1, 0, 0, 0, -1, 0, 0, 0, 0, 0.0, 0, 0, 0], [0, 0, 1, 0, 0, 0, -1, 0, 0, 0, 0, 0.0, 0, 0, 0], [0, 1, 6, 0, 0, 0, -1, 0, 0, 0, 0, 0.0, 0, 1, 0], [0, 1, 5, 0, 0, 0, -1, 0, 0, 0, 0, 0.0, 0, 0, 0], [0, 0, 6, 0, 0, 0, -1, 0, 0, 0, 0, 0.0, 0, 0, 0], [0, 0, 6, 0, 0, 0, -1, 0, 0, 0, 0, 0.0, 0, 0, 0], [0, 0, 5, 0, 0, 0, -1, 0, 0, 0, 0, 0.0, 0, 0, 0], [0, 0, 1, 0, 0, 0, -1, 0, 0, 0, 0, 0.0, 0, 0, 0], [0, 0, 1, 0, 0, 0, -1, 0, 0, 0, 0, 0.0, 0, 1, 0], [0, 0, 1, 0, 0, 0, -1, 0, 0, 0, 0, 0.0, 0, 0, 0], [0, 0, 6, 0, 0, 0, -1, 0, 0, 0, 0, 0.0, 0, 0, 0], [0, 0, 6, 0, 0, 0, -1, 0, 0, 0, 0, 0.0, 0, 0, 0], [0, 0, 6, 0, 0, 0, -1, 0, 0, 0, 0, 0.0, 0, 0, 0], [0, 0, 3, 0, 0, 0, -1, 0, 0, 0, 0, 0.0, 0, 0, 0], [0, 0, 6, 0, 0, 0, -1, 0, 0, 0, 0, 0.0, 0, 1, 0], [0, 0, 6, 0, 0, 0, -1, 0, 0, 0, 0, 0.0, 0, 1, 0], [0, 0, 1, 0, 0, 0, -1, 0, 0, 0, 0, 0.0, 0, 0, 0], [0, 0, 1, 0, 0, 0, -1, 0, 0, 0, 0, 0.0, 0, 0, 0], [0, 0, 2, 0, 0, 0, -1, 0, 0, 0, 0, 0.0, 0, 0, 0], [0, 0, 6, 0, 0, 0, -1, 0, 0, 0, 0, 0.0, 0, 0, 0], [0, 0, 6, 0, 0, 0, -1, 0, 0, 0, 0, 0.0, 0, 0, 0], [0, 0, 1, 0, 0, 0, -1, 0, 0, 0, 0, 0.0, 0, 0, 0], [0, 0, 3, 0, 0, 0, -1, 0, 0, 0, 0, 0.0, 0, 0, 0], [0, 1, 4, 0, 0, 0, -1, 0, 0, 0, 0, 0.0, 0, 0, 0], [0, 0, 1, 0, 0, 0, -1, 0, 0, 0, 0, 0.0, 0, 0, 0], [0, 0, 5, 0, 0, 0, -1, 0, 0, 0, 0, 0.0, 0, 0, 0], [0, 0, 1, 0, 0, 0, -1, 0, 0, 0, 0, 0.0, 0, 0, 0], [0, 0, 6, 0, 0, 0, -1, 0, 0, 0, 0, 0.0, 0, 0, 0], [0, 0, 2, 0, 0, 0, -1, 0, 0, 0, 0, 0.0, 0, 0, 0], [0, 0, 6, 0, 0, 0, -1, 0, 0, 0, 0, 0.0, 0, 0, 0], [0, 0, 1, 0, 0, 0, -1, 0, 0, 0, 0, 0.0, 0, 0, 0], [0, 1, 6, 0, 0, 0, -1, 0, 0, 0, 0, 0.0, 0, 0, 0], [0, 0, 1, 0, 0, 0, -1, 0, 0, 0, 0, 0.0, 0, 0, 0], [0, 0, 2, 0, 0, 0, -1, 0, 0, 0, 0, 0.0, 0, 0, 0], [0, 0, 6, 0, 0, 0, -1, 0, 0, 0, 0, 0.0, 0, 0, 0], [0, 0, 3, 0, 0, 0, -1, 0, 0, 0, 0, 0.0, 0, 0, 0], [0, 0, 6, 0, 0, 0, -1, 0, 0, 0, 0, 0.0, 0, 0, 0], [0, 0, 1, 0, 0, 0, -1, 0, 0, 0, 0, 0.0, 0, 0, 0], [0, 1, 6, 0, 0, 0, -1, 0, 0, 0, 0, 0.0, 0, 0, 0], [0, 0, 6, 0, 0, 0, -1, 0, 0, 0, 0, 0.0, 0, 0, 0], [0, 0, 6, 0, 0, 0, -1, 0, 0, 0, 0, 0.0, 0, 0, 0], [0, 0, 6, 0, 0, 0, -1, 0, 0, 0, 0, 0.0, 0, 0, 0], [0, 1, 2, 0, 0, 0, -1, 0, 0, 0, 1, 0.0, 0, 1, 1], [0, 0, 6, 0, 0, 0, -1, 0, 0, 0, 0, 0.0, 0, 0, 0], [0, 0, 6, 0, 0, 0, -1, 0, 0, 0, 0, 0.0, 0, 0, 0], [0, 0, 6, 0, 0, 0, -1, 0, 0, 0, 0, 0.0, 0, 0, 0], [0, 0, 5, 0, 0, 0, -1, 0, 0, 0, 0, 0.0, 0, 0, 0], [0, 1, 6, 0, 0, 0, -1, 0, 0, 0, 0, 0.0, 0, 0, 0], [0, 0, 6, 0, 0, 0, -1, 0, 0, 0, 0, 0.0, 0, 0, 0], [0, 0, 3, 0, 0, 0, -1, 0, 0, 0, 0, 0.0, 0, 0, 0], [0, 0, 6, 0, 0, 0, -1, 0, 0, 0, 0, 0.0, 0, 0, 0], [0, 0, 4, 0, 0, 0, -1, 0, 0, 0, 0, 0.0, 0, 0, 0], [0, 1, 2, 0, 1, 0, -1, 0, 0, 0, 0, 0.0, 0, 1, 1], [0, 1, 3, 0, 1, 0, -1, 0, 0, 0, 0, 0.0, 0, 1, 0], [0, 0, 5, 0, 0, 0, -1, 0, 0, 0, 0, 0.0, 0, 0, 0], [0, 0, 3, 0, 0, 0, -1, 0, 0, 0, 0, 0.0, 0, 0, 0], [0, 0, 6, 0, 0, 0, -1, 0, 0, 0, 0, 0.0, 0, 0, 0], [0, 0, 6, 0, 0, 0, -1, 0, 0, 0, 0, 0.0, 0, 0, 0], [0, 0, 1, 0, 0, 0, -1, 0, 0, 0, 0, 0.0, 0, 0, 0], [0, 0, 1, 0, 0, 0, -1, 0, 0, 0, 0, 0.0, 0, 0, 0], [0, 1, 6, 0, 0, 0, -1, 0, 0, 0, 0, 0.0, 0, 1, 1], [0, 1, 6, 0, 0, 0, -1, 0, 0, 0, 0, 0.0, 0, 0, 0], [0, 0, 6, 0, 0, 0, -1, 0, 0, 0, 0, 0.0, 0, 1, 0], [0, 0, 5, 0, 0, 0, -1, 0, 0, 0, 0, 0.0, 0, 0, 0], [0, 0, 1, 0, 0, 0, -1, 0, 0, 0, 1, 0.0, 0, 1, 0], [0, 0, 5, 0, 0, 0, -1, 0, 0, 0, 0, 0.0, 0, 0, 0], [0, 0, 5, 0, 0, 0, -1, 0, 0, 0, 0, 0.0, 0, 0, 0], [0, 0, 1, 0, 0, 0, -1, 0, 0, 0, 0, 0.0, 0, 0, 0], [0, 0, 1, 0, 0, 0, -1, 0, 0, 0, 0, 0.0, 0, 0, 0], [0, 0, 6, 0, 0, 0, -1, 0, 0, 0, 0, 0.0, 0, 0, 0], [0, 0, 2, 0, 0, 0, -1, 0, 0, 0, 0, 0.0, 0, 0, 0], [0, 0, 6, 0, 0, 0, -1, 0, 0, 0, 0, 0.0, 0, 0, 0], [0, 0, 6, 0, 0, 0, -1, 0, 0, 0, 0, 0.0, 0, 0, 0], [0, 0, 3, 0, 0, 0, -1, 0, 0, 0, 0, 0.0, 0, 0, 0], [0, 0, 1, 0, 0, 0, -1, 0, 0, 0, 0, 0.0, 0, 0, 0], [0, 0, 6, 0, 0, 0, -1, 0, 0, 0, 0, 0.0, 0, 0, 0], [0, 0, 3, 0, 0, 0, -1, 0, 0, 0, 0, 0.0, 0, 0, 0], [0, 0, 2, 0, 0, 0, -1, 0, 0, 0, 0, 0.0, 0, 0, 0], [0, 0, 5, 0, 0, 0, -1, 0, 0, 0, 0, 0.0, 0, 0, 0], [0, 0, 3, 0, 0, 0, -1, 0, 0, 0, 0, 0.0, 0, 0, 0], [0, 0, 6, 0, 0, 0, -1, 0, 0, 0, 0, 0.0, 0, 0, 0], [0, 0, 1, 0, 0, 0, -1, 0, 0, 0, 0, 0.0, 0, 0, 0], [0, 0, 1, 0, 0, 0, -1, 0, 0, 0, 0, 0.0, 0, 0, 0], [0, 1, 6, 0, 0, 0, -1, 0, 0, 0, 0, 0.0, 0, 1, 1], [0, 0, 6, 0, 0, 0, -1, 0, 0, 0, 0, 0.0, 0, 0, 0], [0, 0, 6, 0, 0, 0, -1, 0, 0, 0, 0, 0.0, 0, 0, 0], [0, 0, 6, 0, 0, 0, -1, 0, 0, 0, 0, 0.0, 0, 0, 0], [0, 0, 2, 0, 0, 0, -1, 0, 0, 0, 0, 0.0, 0, 0, 0], [0, 0, 5, 0, 0, 0, -1, 0, 0, 0, 0, 0.0, 0, 0, 0], [0, 1, 4, 0, 0, 0, -1, 0, 0, 0, 0, 0.0, 0, 1, 1], [0, 0, 3, 0, 0, 0, -1, 0, 0, 0, 0, 0.0, 0, 0, 0], [0, 0, 6, 0, 0, 0, -1, 0, 0, 0, 0, 0.0, 0, 0, 0], [0, 0, 6, 0, 0, 0, -1, 0, 0, 0, 0, 0.0, 0, 0, 0], [0, 0, 1, 0, 0, 0, -1, 0, 0, 0, 0, 0.0, 0, 0, 0], [0, 0, 1, 0, 0, 0, -1, 0, 0, 0, 0, 0.0, 0, 0, 0], [0, 0, 6, 0, 0, 0, -1, 0, 0, 0, 0, 0.0, 0, 0, 0], [0, 0, 2, 0, 0, 0, -1, 0, 0, 0, 0, 0.0, 0, 0, 0], [0, 0, 1, 0, 0, 0, -1, 0, 0, 0, 0, 0.0, 0, 0, 0], [0, 0, 6, 0, 0, 0, -1, 0, 0, 0, 0, 0.0, 0, 0, 0], [0, 0, 6, 0, 0, 0, -1, 0, 0, 0, 0, 0.0, 0, 0, 0], [0, 0, 4, 0, 0, 0, -1, 0, 0, 0, 0, 0.0, 0, 0, 0], [0, 0, 1, 0, 0, 0, -1, 0, 0, 0, 0, 0.0, 0, 0, 0], [0, 0, 2, 0, 0, 0, -1, 0, 0, 0, 0, 0.0, 0, 0, 0], [0, 0, 2, 0, 0, 0, -1, 0, 0, 0, 0, 0.0, 0, 0, 0], [0, 0, 2, 0, 0, 0, -1, 0, 0, 0, 0, 0.0, 0, 0, 0], [0, 1, 4, 0, 0, 0, -1, 0, 0, 0, 0, 0.0, 0, 1, 1], [0, 1, 6, 0, 0, 0, -1, 0, 0, 0, 0, 0.0, 0, 1, 0], [0, 0, 1, 0, 0, 0, -1, 0, 0, 0, 0, 0.0, 0, 0, 0], [0, 1, 6, 0, 0, 0, -1, 0, 0, 0, 0, 0.0, 0, 0, 0], [0, 0, 6, 0, 0, 0, -1, 0, 0, 0, 0, 0.0, 0, 0, 0], [0, 0, 2, 0, 0, 0, -1, 0, 0, 0, 0, 0.0, 0, 0, 0], [0, 0, 1, 0, 0, 0, -1, 0, 0, 0, 0, 0.0, 0, 0, 0], [0, 0, 6, 0, 0, 0, -1, 0, 0, 0, 0, 0.0, 0, 0, 0], [0, 0, 6, 0, 0, 0, -1, 0, 0, 0, 0, 0.0, 0, 0, 0], [0, 0, 6, 0, 0, 0, -1, 0, 0, 0, 0, 0.0, 0, 0, 0], [0, 0, 5, 0, 0, 0, -1, 0, 0, 0, 0, 0.0, 0, 0, 0], [0, 0, 6, 0, 0, 0, -1, 0, 0, 0, 0, 0.0, 0, 0, 0], [0, 0, 3, 0, 0, 0, -1, 0, 0, 0, 0, 0.0, 0, 0, 0], [0, 0, 3, 0, 0, 0, -1, 0, 0, 0, 0, 0.0, 0, 0, 0], [0, 0, 6, 0, 0, 0, -1, 0, 0, 0, 0, 0.0, 0, 0, 0], [0, 0, 6, 0, 0, 0, -1, 0, 0, 0, 0, 0.0, 0, 0, 0], [0, 1, 2, 0, 0, 0, -1, 0, 0, 0, 0, 0.0, 0, 0, 0], [0, 0, 2, 0, 0, 0, -1, 0, 0, 0, 0, 0.0, 0, 0, 0], [0, 1, 6, 0, 0, 0, -1, 0, 0, 0, 0, 0.0, 0, 0, 0], [0, 0, 6, 0, 0, 0, -1, 0, 0, 0, 0, 0.0, 0, 0, 0], [0, 1, 5, 0, 0, 0, -1, 0, 0, 0, 0, 0.0, 0, 1, 1], [0, 1, 6, 0, 1, 0, -1, 0, 0, 0, 0, 0.0, 0, 0, 0], [0, 1, 6, 0, 0, 0, -1, 0, 0, 0, 0, 0.0, 0, 1, 1], [0, 0, 1, 0, 0, 0, -1, 0, 0, 0, 0, 0.0, 0, 0, 0], [0, 0, 2, 0, 0, 0, -1, 0, 0, 0, 0, 0.0, 0, 0, 0], [0, 0, 1, 0, 0, 0, -1, 0, 0, 0, 0, 0.0, 0, 0, 0], [0, 0, 5, 0, 0, 0, -1, 0, 0, 0, 0, 0.0, 0, 0, 0], [0, 0, 6, 0, 0, 0, -1, 0, 0, 0, 0, 0.0, 0, 0, 0], [0, 0, 1, 0, 0, 0, -1, 0, 0, 0, 0, 0.0, 0, 0, 0], [0, 0, 6, 0, 0, 0, -1, 0, 0, 0, 0, 0.0, 0, 0, 0], [0, 0, 2, 0, 0, 0, -1, 0, 0, 0, 0, 0.0, 0, 0, 0], [0, 0, 6, 0, 0, 0, -1, 0, 0, 0, 0, 0.0, 0, 0, 0], [0, 0, 1, 0, 0, 0, -1, 0, 0, 0, 0, 0.0, 0, 0, 0], [0, 0, 3, 0, 0, 0, -1, 0, 0, 0, 0, 0.0, 0, 0, 0], [0, 0, 6, 0, 0, 0, -1, 0, 0, 0, 0, 0.0, 0, 0, 0], [0, 0, 1, 0, 0, 0, -1, 0, 0, 0, 1, 0.0, 0, 1, 0], [0, 0, 1, 0, 0, 0, -1, 0, 0, 0, 0, 0.0, 0, 0, 0], [0, 0, 3, 0, 0, 0, -1, 0, 0, 0, 0, 0.0, 0, 0, 0], [0, 0, 2, 0, 0, 0, -1, 0, 0, 0, 0, 0.0, 0, 0, 0], [0, 0, 2, 0, 0, 0, -1, 0, 0, 0, 0, 0.0, 0, 0, 0], [0, 0, 6, 0, 0, 0, -1, 0, 0, 0, 0, 0.0, 0, 0, 0], [0, 0, 1, 0, 0, 0, -1, 0, 0, 0, 0, 0.0, 0, 0, 0], [0, 1, 6, 0, 0, 0, -1, 0, 0, 0, 0, 0.0, 0, 1, 1], [0, 1, 3, 0, 0, 0, -1, 0, 0, 0, 0, 0.0, 0, 1, 0], [0, 0, 6, 0, 0, 0, -1, 0, 0, 0, 0, 0.0, 0, 0, 0], [0, 0, 1, 0, 0, 0, -1, 0, 0, 0, 0, 0.0, 0, 0, 0], [0, 0, 1, 0, 0, 0, -1, 0, 0, 0, 0, 0.0, 0, 0, 0], [0, 0, 6, 0, 0, 0, -1, 0, 0, 0, 0, 0.0, 0, 0, 0], [0, 0, 6, 0, 0, 0, -1, 0, 0, 0, 0, 0.0, 0, 0, 0], [0, 1, 6, 0, 0, 0, -1, 0, 0, 0, 0, 0.0, 0, 0, 0], [0, 0, 6, 0, 0, 0, -1, 0, 0, 0, 0, 0.0, 0, 0, 0], [0, 0, 2, 0, 0, 0, -1, 0, 0, 0, 0, 0.0, 0, 0, 0], [0, 0, 6, 0, 0, 0, -1, 0, 0, 0, 0, 0.0, 0, 0, 0], [0, 0, 6, 0, 0, 0, -1, 0, 0, 0, 0, 0.0, 0, 0, 0], [0, 0, 6, 0, 0, 0, -1, 0, 0, 0, 0, 0.0, 0, 0, 0], [0, 0, 2, 0, 0, 0, -1, 0, 0, 0, 0, 0.0, 0, 0, 0], [0, 1, 5, 0, 1, 0, -1, 0, 0, 0, 0, 0.0, 0, 0, 0], [0, 0, 3, 0, 0, 0, -1, 0, 0, 0, 0, 0.0, 0, 0, 0], [0, 0, 2, 0, 0, 0, -1, 0, 0, 0, 0, 0.0, 0, 0, 0], [0, 0, 1, 0, 0, 0, -1, 0, 0, 0, 0, 0.0, 0, 0, 0], [0, 0, 2, 0, 0, 0, -1, 0, 0, 0, 0, 0.0, 0, 0, 0], [0, 0, 6, 0, 0, 0, -1, 0, 0, 0, 0, 0.0, 0, 0, 0], [0, 0, 6, 0, 0, 0, -1, 0, 0, 0, 0, 0.0, 0, 0, 0], [0, 0, 6, 0, 0, 0, -1, 0, 0, 0, 0, 0.0, 0, 0, 0], [0, 0, 6, 0, 0, 0, -1, 0, 0, 0, 0, 0.0, 0, 0, 0], [0, 0, 6, 0, 0, 0, -1, 0, 0, 0, 0, 0.0, 0, 0, 0], [0, 0, 6, 0, 0, 0, -1, 0, 0, 0, 0, 0.0, 0, 0, 0], [0, 0, 2, 0, 0, 0, -1, 0, 0, 0, 0, 0.0, 0, 0, 0], [0, 0, 6, 0, 0, 0, -1, 0, 0, 0, 1, 0.0, 0, 0, 0], [0, 0, 1, 0, 0, 0, -1, 0, 0, 0, 0, 0.0, 0, 0, 0], [0, 0, 1, 0, 0, 0, -1, 0, 0, 0, 0, 0.0, 0, 0, 0], [0, 0, 6, 0, 0, 0, -1, 0, 0, 0, 0, 0.0, 0, 0, 0], [0, 0, 4, 0, 0, 0, -1, 0, 0, 0, 0, 0.0, 0, 0, 0], [0, 0, 1, 0, 0, 0, -1, 0, 0, 0, 0, 0.0, 0, 0, 0], [0, 0, 1, 0, 0, 0, -1, 0, 0, 0, 0, 0.0, 0, 0, 0], [0, 0, 1, 0, 0, 0, -1, 0, 0, 0, 0, 0.0, 0, 0, 0], [0, 0, 1, 0, 0, 0, -1, 0, 0, 0, 0, 0.0, 0, 0, 0], [0, 0, 6, 0, 0, 0, -1, 0, 0, 0, 0, 0.0, 0, 0, 0], [0, 0, 3, 0, 0, 0, -1, 0, 0, 0, 0, 0.0, 0, 0, 0], [0, 0, 1, 0, 0, 0, -1, 0, 0, 0, 0, 0.0, 0, 0, 0], [0, 0, 3, 0, 0, 0, -1, 0, 0, 0, 0, 0.0, 0, 0, 0], [0, 0, 6, 0, 0, 0, -1, 0, 0, 0, 0, 0.0, 0, 0, 0], [0, 0, 5, 0, 0, 0, -1, 0, 0, 0, 0, 0.0, 0, 0, 0], [0, 1, 6, 0, 0, 0, -1, 0, 0, 0, 0, 0.0, 0, 1, 1], [0, 0, 6, 0, 0, 0, -1, 0, 0, 0, 0, 0.0, 0, 0, 0], [0, 0, 6, 0, 0, 0, -1, 0, 0, 0, 0, 0.0, 0, 0, 0], [0, 0, 1, 0, 0, 0, -1, 0, 0, 0, 0, 0.0, 0, 1, 0], [0, 0, 2, 0, 0, 0, -1, 0, 0, 0, 0, 0.0, 0, 0, 0], [0, 0, 1, 0, 0, 0, -1, 0, 0, 0, 0, 0.0, 0, 0, 0], [0, 0, 2, 0, 0, 0, -1, 0, 0, 0, 0, 0.0, 0, 0, 0], [0, 0, 6, 0, 0, 0, -1, 0, 0, 0, 0, 0.0, 0, 0, 0], [0, 0, 1, 0, 0, 0, -1, 0, 0, 0, 0, 0.0, 0, 0, 0], [0, 1, 2, 0, 1, 0, -1, 0, 0, 0, 0, 0.0, 0, 1, 1], [0, 1, 4, 0, 0, 0, -1, 0, 0, 0, 0, 0.0, 0, 1, 1], [0, 0, 6, 0, 0, 0, -1, 0, 0, 0, 0, 0.0, 0, 0, 0], [0, 0, 6, 0, 0, 0, -1, 0, 0, 0, 0, 0.0, 0, 1, 0], [0, 1, 6, 0, 0, 0, -1, 0, 0, 0, 0, 0.0, 0, 0, 0], [0, 0, 2, 0, 0, 0, -1, 0, 0, 0, 0, 0.0, 0, 0, 0], [0, 0, 6, 0, 0, 0, -1, 0, 0, 0, 1, 0.0, 0, 0, 0], [0, 0, 1, 0, 0, 0, -1, 0, 0, 0, 0, 0.0, 0, 0, 0], [0, 0, 3, 0, 0, 0, -1, 0, 0, 0, 0, 0.0, 0, 0, 0], [0, 0, 6, 0, 0, 0, -1, 0, 0, 0, 0, 0.0, 0, 0, 0], [0, 0, 6, 0, 0, 0, -1, 0, 0, 0, 0, 0.0, 0, 0, 0], [0, 1, 2, 0, 1, 0, -1, 0, 0, 0, 0, 0.0, 0, 1, 1], [0, 0, 1, 0, 0, 0, -1, 0, 0, 0, 0, 0.0, 0, 0, 0], [0, 0, 4, 0, 0, 0, -1, 0, 0, 0, 0, 0.0, 0, 1, 0], [0, 0, 6, 0, 0, 0, -1, 0, 0, 0, 0, 0.0, 0, 0, 0], [0, 0, 1, 0, 0, 0, -1, 0, 0, 0, 0, 0.0, 0, 0, 0], [0, 0, 6, 0, 0, 0, -1, 0, 0, 0, 0, 0.0, 0, 0, 0], [0, 0, 1, 0, 0, 0, -1, 0, 0, 0, 0, 0.0, 0, 0, 0], [0, 0, 2, 0, 0, 0, -1, 0, 0, 0, 0, 0.0, 0, 0, 0], [0, 0, 1, 0, 0, 0, -1, 0, 0, 0, 0, 0.0, 0, 0, 0], [0, 0, 1, 0, 0, 0, -1, 0, 0, 0, 0, 0.0, 0, 0, 0], [0, 0, 6, 0, 0, 0, -1, 0, 0, 0, 0, 0.0, 0, 0, 0], [0, 0, 6, 0, 0, 0, -1, 0, 0, 0, 0, 0.0, 0, 0, 0], [0, 0, 1, 0, 0, 0, -1, 0, 0, 0, 0, 0.0, 0, 0, 0], [0, 0, 5, 0, 0, 0, -1, 0, 0, 0, 0, 0.0, 0, 0, 0], [0, 0, 1, 0, 0, 0, -1, 0, 0, 0, 0, 0.0, 0, 0, 0], [0, 0, 1, 0, 0, 0, -1, 0, 0, 0, 0, 0.0, 0, 1, 0], [0, 0, 6, 0, 0, 0, -1, 0, 0, 0, 0, 0.0, 0, 0, 0], [0, 0, 1, 0, 0, 0, -1, 0, 0, 0, 0, 0.0, 0, 0, 0], [0, 0, 6, 0, 0, 0, -1, 0, 0, 0, 0, 0.0, 0, 0, 0], [0, 0, 6, 0, 0, 0, -1, 0, 0, 0, 0, 0.0, 0, 0, 0], [0, 0, 6, 0, 0, 0, -1, 0, 0, 0, 0, 0.0, 0, 0, 0], [0, 0, 6, 0, 0, 0, -1, 0, 0, 0, 0, 0.0, 0, 0, 0], [0, 1, 3, 0, 1, 0, -1, 0, 0, 0, 0, 0.0, 0, 1, 0], [0, 0, 1, 0, 0, 0, -1, 0, 0, 0, 0, 0.0, 0, 0, 0], [0, 0, 1, 0, 0, 0, -1, 0, 0, 0, 0, 0.0, 0, 0, 0], [0, 0, 6, 0, 0, 0, -1, 0, 0, 0, 0, 0.0, 0, 0, 0], [0, 0, 4, 0, 0, 0, -1, 0, 0, 0, 1, 0.0, 0, 0, 0], [0, 0, 1, 0, 0, 0, -1, 0, 0, 0, 0, 0.0, 0, 0, 0], [0, 1, 2, 0, 1, 0, -1, 0, 0, 0, 0, 0.0, 0, 1, 0], [0, 0, 3, 0, 0, 0, -1, 0, 0, 0, 0, 0.0, 0, 0, 0], [0, 0, 6, 0, 0, 0, -1, 0, 0, 0, 0, 0.0, 0, 0, 0], [0, 0, 6, 0, 0, 0, -1, 0, 0, 0, 0, 0.0, 0, 0, 0], [0, 0, 2, 0, 0, 0, -1, 0, 0, 0, 0, 0.0, 0, 0, 0], [0, 0, 1, 0, 0, 0, -1, 0, 0, 0, 0, 0.0, 0, 0, 0], [0, 0, 1, 0, 0, 0, -1, 0, 0, 0, 0, 0.0, 0, 0, 0], [0, 1, 2, 0, 0, 0, -1, 0, 0, 0, 0, 0.0, 0, 1, 1], [0, 0, 2, 0, 0, 0, -1, 0, 0, 0, 0, 0.0, 0, 0, 0], [0, 0, 1, 0, 0, 0, -1, 0, 0, 0, 0, 0.0, 0, 0, 0], [0, 1, 2, 0, 0, 0, -1, 0, 0, 0, 0, 0.0, 0, 1, 0], [0, 0, 5, 0, 0, 0, -1, 0, 0, 0, 1, 0.0, 0, 0, 0], [0, 0, 6, 0, 0, 0, -1, 0, 0, 0, 0, 0.0, 0, 0, 0], [0, 0, 6, 0, 0, 0, -1, 0, 0, 0, 0, 0.0, 0, 0, 0], [0, 0, 2, 0, 0, 0, -1, 0, 0, 0, 0, 0.0, 0, 1, 0], [0, 0, 6, 0, 0, 0, -1, 0, 0, 0, 0, 0.0, 0, 0, 0], [0, 0, 2, 0, 0, 0, -1, 0, 0, 0, 0, 0.0, 0, 0, 0], [0, 0, 6, 0, 0, 0, -1, 0, 0, 0, 0, 0.0, 0, 0, 0], [0, 0, 3, 0, 0, 0, -1, 0, 0, 0, 0, 0.0, 0, 0, 0], [0, 0, 6, 0, 0, 0, -1, 0, 0, 0, 0, 0.0, 0, 0, 0], [0, 0, 1, 0, 0, 0, -1, 0, 0, 0, 0, 0.0, 0, 0, 0], [0, 1, 6, 0, 0, 0, -1, 0, 0, 0, 0, 0.0, 0, 1, 1], [0, 1, 2, 0, 1, 0, -1, 0, 0, 0, 0, 0.0, 0, 0, 0], [0, 0, 1, 0, 0, 0, -1, 0, 0, 0, 1, 0.0, 0, 1, 0], [0, 1, 2, 0, 1, 0, -1, 0, 0, 0, 0, 0.0, 0, 1, 1], [0, 0, 1, 0, 0, 0, -1, 0, 0, 0, 0, 0.0, 0, 0, 0], [0, 0, 1, 0, 0, 0, -1, 0, 0, 0, 0, 0.0, 0, 0, 0], [0, 0, 6, 0, 0, 0, -1, 0, 0, 0, 0, 0.0, 0, 0, 0], [0, 0, 6, 0, 0, 0, -1, 0, 0, 0, 0, 0.0, 0, 0, 0], [0, 0, 6, 0, 0, 0, -1, 0, 0, 0, 0, 0.0, 0, 0, 0], [0, 0, 3, 0, 0, 0, -1, 0, 0, 0, 0, 0.0, 0, 0, 0], [0, 0, 3, 0, 0, 0, -1, 0, 0, 0, 0, 0.0, 0, 0, 0], [1, 1, 6, 0, 0, 0, -1, 0, 0, 0, 1, 0.0, 0, 1, 0], [0, 0, 6, 0, 0, 0, -1, 0, 0, 0, 0, 0.0, 0, 0, 0], [0, 0, 6, 0, 0, 0, -1, 0, 0, 0, 0, 0.0, 0, 0, 0], [0, 0, 6, 0, 0, 0, -1, 0, 0, 0, 0, 0.0, 0, 0, 0], [0, 0, 2, 0, 0, 0, -1, 0, 0, 0, 0, 0.0, 0, 0, 0], [0, 1, 6, 0, 0, 0, -1, 0, 0, 0, 0, 0.0, 0, 1, 0], [0, 0, 6, 0, 0, 0, -1, 0, 0, 0, 0, 0.0, 0, 0, 0], [0, 0, 5, 0, 0, 0, -1, 0, 0, 0, 0, 0.0, 0, 0, 0], [0, 0, 4, 0, 0, 0, -1, 0, 0, 0, 0, 0.0, 0, 0, 0], [0, 0, 1, 0, 0, 0, -1, 0, 0, 0, 0, 0.0, 0, 0, 0], [0, 0, 2, 0, 0, 0, -1, 0, 0, 0, 0, 0.0, 0, 0, 0], [0, 0, 6, 0, 0, 0, -1, 0, 0, 0, 0, 0.0, 0, 0, 0], [0, 0, 2, 0, 0, 0, -1, 0, 0, 0, 0, 0.0, 0, 0, 0], [0, 0, 4, 0, 0, 0, -1, 0, 0, 0, 0, 0.0, 0, 0, 0], [0, 0, 6, 0, 0, 0, -1, 0, 0, 0, 0, 0.0, 0, 0, 0], [0, 0, 6, 0, 0, 0, -1, 0, 0, 0, 0, 0.0, 0, 0, 0], [0, 0, 1, 0, 0, 0, -1, 0, 0, 0, 0, 0.0, 0, 0, 0], [0, 0, 6, 0, 0, 0, -1, 0, 0, 0, 0, 0.0, 0, 0, 0], [0, 0, 1, 0, 0, 0, -1, 0, 0, 0, 0, 0.0, 0, 0, 0], [0, 0, 1, 0, 0, 0, -1, 0, 0, 0, 0, 0.0, 0, 0, 0], [0, 0, 5, 0, 0, 0, -1, 0, 0, 0, 0, 0.0, 0, 0, 0], [0, 0, 6, 0, 0, 0, -1, 0, 0, 0, 0, 0.0, 0, 0, 0], [0, 0, 6, 0, 0, 0, -1, 0, 0, 0, 0, 0.0, 0, 0, 0], [0, 0, 6, 0, 0, 0, -1, 0, 0, 0, 0, 0.0, 0, 0, 0], [0, 0, 2, 0, 0, 0, -1, 0, 0, 0, 0, 0.0, 0, 0, 0], [0, 0, 1, 0, 0, 0, -1, 0, 0, 0, 0, 0.0, 0, 0, 0], [0, 0, 2, 0, 0, 0, -1, 0, 0, 0, 0, 0.0, 0, 0, 0], [0, 1, 2, 0, 0, 0, -1, 0, 0, 0, 0, 0.0, 0, 1, 1], [0, 0, 5, 0, 0, 0, -1, 0, 0, 0, 0, 0.0, 0, 0, 0], [0, 0, 6, 0, 0, 0, -1, 0, 0, 0, 0, 0.0, 0, 0, 0], [0, 0, 2, 0, 0, 0, -1, 0, 0, 0, 0, 0.0, 0, 0, 0], [0, 0, 2, 0, 0, 0, -1, 0, 0, 0, 0, 0.0, 0, 0, 0], [0, 0, 6, 0, 0, 0, -1, 0, 0, 0, 0, 0.0, 0, 0, 0], [0, 0, 6, 0, 0, 0, -1, 0, 0, 0, 0, 0.0, 0, 0, 0], [0, 0, 6, 0, 0, 0, -1, 0, 0, 0, 0, 0.0, 0, 0, 0], [0, 0, 2, 0, 0, 0, -1, 0, 0, 0, 0, 0.0, 0, 0, 0], [0, 0, 3, 0, 0, 0, -1, 0, 0, 0, 0, 0.0, 0, 0, 0], [0, 0, 4, 0, 0, 0, -1, 0, 0, 0, 0, 0.0, 0, 0, 0], [0, 0, 1, 0, 0, 0, -1, 0, 0, 0, 0, 0.0, 0, 0, 0], [0, 0, 6, 0, 0, 0, -1, 0, 0, 0, 0, 0.0, 0, 0, 0], [0, 0, 6, 0, 0, 0, -1, 0, 0, 0, 0, 0.0, 0, 0, 0], [0, 1, 2, 0, 0, 0, -1, 0, 0, 0, 0, 0.0, 0, 1, 0], [0, 0, 6, 0, 0, 0, -1, 0, 0, 0, 0, 0.0, 0, 0, 0], [0, 0, 5, 0, 0, 0, -1, 0, 0, 0, 0, 0.0, 0, 0, 0], [0, 0, 6, 0, 0, 0, -1, 0, 0, 0, 0, 0.0, 0, 0, 0], [0, 1, 4, 0, 0, 0, -1, 0, 0, 0, 0, 0.0, 0, 1, 0], [0, 1, 6, 0, 0, 0, -1, 0, 0, 0, 0, 0.0, 0, 0, 0], [0, 1, 2, 0, 0, 0, -1, 0, 0, 0, 0, 0.0, 0, 1, 1], [0, 0, 2, 0, 0, 0, -1, 0, 0, 0, 0, 0.0, 0, 0, 0], [0, 0, 1, 0, 0, 0, -1, 0, 0, 0, 0, 0.0, 0, 1, 1], [0, 0, 3, 0, 0, 0, -1, 0, 0, 0, 0, 0.0, 0, 0, 0], [0, 0, 6, 0, 0, 0, -1, 0, 0, 0, 0, 0.0, 0, 0, 0], [0, 1, 6, 0, 0, 0, -1, 0, 0, 0, 0, 0.0, 0, 0, 0], [0, 1, 2, 0, 0, 0, -1, 0, 0, 0, 0, 0.0, 0, 1, 1], [0, 0, 6, 0, 0, 0, -1, 0, 0, 0, 0, 0.0, 0, 1, 0], [0, 0, 1, 0, 0, 0, -1, 0, 0, 0, 0, 0.0, 0, 0, 0], [0, 0, 6, 0, 0, 0, -1, 0, 0, 0, 0, 0.0, 0, 0, 0], [0, 1, 2, 0, 0, 0, -1, 0, 0, 0, 0, 0.0, 0, 1, 1], [0, 0, 2, 0, 0, 0, -1, 0, 0, 0, 0, 0.0, 0, 0, 0], [0, 0, 6, 0, 0, 0, -1, 0, 0, 0, 0, 0.0, 0, 0, 0], [0, 0, 6, 0, 0, 0, -1, 0, 0, 0, 0, 0.0, 0, 0, 0], [0, 0, 6, 0, 0, 0, -1, 0, 0, 0, 0, 0.0, 0, 0, 0], [0, 0, 1, 0, 0, 0, -1, 0, 0, 0, 0, 0.0, 0, 0, 0], [0, 0, 6, 0, 0, 0, -1, 0, 0, 0, 0, 0.0, 0, 0, 0], [0, 1, 6, 0, 0, 0, -1, 0, 0, 0, 0, 0.0, 0, 0, 0], [0, 0, 2, 0, 0, 0, -1, 0, 0, 0, 0, 0.0, 0, 0, 0], [0, 0, 6, 0, 0, 0, -1, 0, 0, 0, 0, 0.0, 0, 0, 0], [0, 0, 6, 0, 0, 0, -1, 0, 0, 0, 0, 0.0, 0, 0, 0], [0, 0, 2, 0, 0, 0, -1, 0, 0, 0, 0, 0.0, 0, 0, 0], [0, 0, 1, 0, 0, 0, -1, 0, 0, 0, 0, 0.0, 0, 0, 0], [0, 0, 1, 0, 0, 0, -1, 0, 0, 0, 0, 0.0, 0, 0, 0], [0, 0, 6, 0, 0, 0, -1, 0, 0, 0, 0, 0.0, 0, 0, 0], [0, 0, 1, 0, 0, 0, -1, 0, 0, 0, 0, 0.0, 0, 0, 0], [0, 0, 5, 0, 0, 0, -1, 0, 0, 0, 0, 0.0, 0, 0, 0], [0, 0, 3, 0, 0, 0, -1, 0, 0, 0, 0, 0.0, 0, 0, 0], [0, 0, 6, 0, 0, 0, -1, 0, 0, 0, 0, 0.0, 0, 0, 0], [0, 0, 1, 0, 0, 0, -1, 0, 0, 0, 0, 0.0, 0, 0, 0], [0, 0, 6, 0, 0, 0, -1, 0, 0, 0, 0, 0.0, 0, 0, 0], [0, 0, 6, 0, 0, 0, -1, 0, 0, 0, 0, 0.0, 0, 0, 0], [0, 0, 1, 0, 0, 0, -1, 0, 0, 0, 0, 0.0, 0, 0, 0], [0, 0, 1, 0, 0, 0, -1, 0, 0, 0, 0, 0.0, 0, 0, 0], [0, 0, 6, 0, 0, 0, -1, 0, 0, 0, 0, 0.0, 0, 0, 0], [0, 0, 6, 0, 0, 0, -1, 0, 0, 0, 0, 0.0, 0, 0, 0], [0, 0, 3, 0, 0, 0, -1, 0, 0, 0, 0, 0.0, 0, 0, 0], [0, 0, 3, 0, 0, 0, -1, 0, 0, 0, 0, 0.0, 0, 0, 0], [0, 1, 2, 0, 1, 0, -1, 0, 0, 0, 0, 0.0, 0, 1, 0], [0, 0, 6, 0, 0, 0, -1, 0, 0, 0, 0, 0.0, 0, 0, 0], [0, 0, 6, 0, 0, 0, -1, 0, 0, 0, 0, 0.0, 0, 0, 0], [0, 0, 6, 0, 0, 0, -1, 0, 0, 0, 0, 0.0, 0, 0, 0], [0, 0, 1, 0, 0, 0, -1, 0, 0, 0, 0, 0.0, 0, 0, 0], [0, 0, 6, 0, 0, 0, -1, 0, 0, 0, 0, 0.0, 0, 0, 0], [0, 0, 1, 0, 0, 0, -1, 0, 0, 0, 0, 0.0, 0, 0, 0], [0, 0, 6, 0, 0, 0, -1, 0, 0, 0, 0, 0.0, 0, 0, 0], [0, 0, 1, 0, 0, 0, -1, 0, 0, 0, 0, 0.0, 0, 0, 0], [0, 0, 3, 0, 0, 0, -1, 0, 0, 0, 0, 0.0, 0, 0, 0], [0, 0, 1, 0, 0, 0, -1, 0, 0, 0, 0, 0.0, 0, 0, 0], [0, 1, 6, 0, 1, 0, -1, 0, 0, 0, 0, 0.0, 0, 0, 0], [0, 0, 1, 0, 0, 0, -1, 0, 0, 0, 0, 0.0, 0, 1, 0], [0, 1, 2, 0, 1, 0, -1, 0, 0, 0, 0, 0.0, 0, 1, 1], [0, 0, 6, 0, 0, 0, -1, 0, 0, 0, 0, 0.0, 0, 0, 0], [0, 0, 6, 0, 0, 0, -1, 0, 0, 0, 0, 0.0, 0, 0, 0], [0, 1, 3, 0, 0, 0, -1, 0, 0, 0, 0, 0.0, 0, 1, 1], [0, 0, 4, 0, 0, 0, -1, 0, 0, 0, 0, 0.0, 0, 0, 0], [0, 0, 1, 0, 0, 0, -1, 0, 0, 0, 0, 0.0, 0, 0, 0], [0, 0, 1, 0, 0, 0, -1, 0, 0, 0, 0, 0.0, 0, 0, 0], [0, 0, 2, 0, 0, 0, -1, 0, 0, 0, 0, 0.0, 0, 0, 0], [0, 0, 6, 0, 0, 0, -1, 0, 0, 0, 0, 0.0, 0, 0, 0], [0, 1, 6, 0, 0, 0, -1, 0, 0, 0, 0, 0.0, 0, 0, 0], [0, 0, 6, 0, 0, 0, -1, 0, 0, 0, 0, 0.0, 0, 0, 0], [0, 0, 6, 0, 0, 0, -1, 0, 0, 0, 0, 0.0, 0, 0, 0], [0, 1, 5, 0, 0, 0, -1, 0, 0, 0, 0, 0.0, 0, 1, 0], [0, 1, 2, 0, 0, 0, -1, 0, 0, 0, 0, 0.0, 0, 0, 0], [0, 0, 6, 0, 0, 0, -1, 0, 0, 0, 0, 0.0, 0, 0, 0], [0, 0, 1, 0, 0, 0, -1, 0, 0, 0, 0, 0.0, 0, 0, 0], [0, 0, 3, 0, 0, 0, -1, 0, 0, 0, 0, 0.0, 0, 0, 0], [0, 0, 1, 0, 0, 0, -1, 0, 0, 0, 0, 0.0, 0, 0, 0], [0, 0, 1, 0, 0, 0, -1, 0, 0, 0, 0, 0.0, 0, 0, 0], [0, 1, 6, 0, 0, 0, -1, 0, 0, 0, 0, 0.0, 0, 1, 1], [0, 0, 1, 0, 0, 0, -1, 0, 0, 0, 0, 0.0, 0, 0, 0], [0, 0, 1, 0, 0, 0, -1, 0, 0, 0, 0, 0.0, 0, 0, 0], [0, 1, 6, 0, 0, 0, -1, 0, 0, 0, 0, 0.0, 0, 0, 0], [0, 0, 1, 0, 0, 0, -1, 0, 0, 0, 0, 0.0, 0, 0, 0], [0, 0, 6, 0, 0, 0, -1, 0, 0, 0, 0, 0.0, 0, 0, 0], [0, 0, 1, 0, 0, 0, -1, 0, 0, 0, 0, 0.0, 0, 0, 0], [0, 0, 6, 0, 0, 0, -1, 0, 0, 0, 0, 0.0, 0, 0, 0], [0, 1, 6, 0, 0, 0, -1, 0, 0, 0, 0, 0.0, 0, 1, 1], [0, 0, 1, 0, 0, 0, -1, 0, 0, 0, 0, 0.0, 0, 0, 0], [0, 0, 6, 0, 0, 0, -1, 0, 0, 0, 0, 0.0, 0, 0, 0], [0, 0, 2, 0, 0, 0, -1, 0, 0, 0, 0, 0.0, 0, 0, 0], [0, 0, 1, 0, 0, 0, -1, 0, 0, 0, 0, 0.0, 0, 0, 0], [0, 1, 6, 0, 0, 0, -1, 0, 0, 0, 0, 0.0, 0, 0, 0], [0, 0, 6, 0, 0, 0, -1, 0, 0, 0, 0, 0.0, 0, 0, 0], [0, 0, 6, 0, 0, 0, -1, 0, 0, 0, 0, 0.0, 0, 0, 0], [0, 0, 2, 0, 0, 0, -1, 0, 0, 0, 0, 0.0, 0, 0, 0], [0, 0, 1, 0, 0, 0, -1, 0, 0, 0, 1, 0.0, 0, 1, 0], [0, 0, 1, 0, 0, 0, -1, 0, 0, 0, 0, 0.0, 0, 0, 0], [0, 0, 3, 0, 0, 0, -1, 0, 0, 0, 0, 0.0, 0, 1, 0], [0, 0, 6, 0, 0, 0, -1, 0, 0, 0, 0, 0.0, 0, 0, 0], [0, 0, 1, 0, 0, 0, -1, 0, 0, 0, 0, 0.0, 0, 0, 0], [0, 0, 6, 0, 0, 0, -1, 0, 0, 0, 0, 0.0, 0, 0, 0], [0, 0, 6, 0, 0, 0, -1, 0, 0, 0, 0, 0.0, 0, 0, 0], [0, 0, 2, 0, 0, 0, -1, 0, 0, 0, 0, 0.0, 0, 0, 0], [0, 0, 1, 0, 0, 0, -1, 0, 0, 0, 0, 0.0, 0, 0, 0], [0, 0, 1, 0, 0, 0, -1, 0, 0, 0, 0, 0.0, 0, 0, 0], [0, 0, 6, 0, 0, 0, -1, 0, 0, 0, 0, 0.0, 0, 0, 0], [0, 0, 6, 0, 0, 0, -1, 0, 0, 0, 1, 0.0, 0, 0, 0], [0, 0, 6, 0, 0, 0, -1, 0, 0, 0, 0, 0.0, 0, 0, 0], [0, 0, 6, 0, 0, 0, -1, 0, 0, 0, 0, 0.0, 0, 0, 0], [0, 0, 1, 0, 0, 0, -1, 0, 0, 0, 0, 0.0, 0, 0, 0], [0, 0, 1, 0, 0, 0, -1, 0, 0, 0, 0, 0.0, 0, 0, 0], [0, 0, 1, 0, 0, 0, -1, 0, 0, 0, 0, 0.0, 0, 0, 0], [0, 0, 1, 0, 0, 0, -1, 0, 0, 0, 0, 0.0, 0, 0, 0], [0, 1, 5, 0, 0, 0, -1, 0, 0, 0, 1, 0.0, 0, 1, 0], [0, 0, 1, 0, 0, 0, -1, 0, 0, 0, 0, 0.0, 0, 0, 0], [0, 1, 3, 0, 0, 0, -1, 0, 0, 0, 0, 0.0, 0, 1, 1], [0, 0, 6, 0, 0, 0, -1, 0, 0, 0, 0, 0.0, 0, 0, 0], [0, 0, 6, 0, 0, 0, -1, 0, 0, 0, 0, 0.0, 0, 0, 0], [0, 0, 1, 0, 0, 0, -1, 0, 0, 0, 0, 0.0, 0, 0, 0], [0, 0, 1, 0, 0, 0, -1, 0, 0, 0, 0, 0.0, 0, 0, 0], [0, 0, 6, 0, 0, 0, -1, 0, 0, 0, 0, 0.0, 0, 0, 0], [0, 0, 6, 0, 0, 0, -1, 0, 0, 0, 1, 0.0, 0, 1, 0], [0, 0, 6, 0, 0, 0, -1, 0, 0, 0, 0, 0.0, 0, 0, 0], [0, 1, 2, 0, 1, 0, -1, 0, 0, 0, 0, 0.0, 0, 0, 0], [0, 0, 2, 0, 0, 0, -1, 0, 0, 0, 0, 0.0, 0, 0, 0], [0, 0, 2, 0, 0, 0, -1, 0, 0, 0, 0, 0.0, 0, 0, 0], [0, 0, 1, 0, 0, 0, -1, 0, 0, 0, 0, 0.0, 0, 0, 0], [0, 0, 2, 0, 0, 0, -1, 0, 0, 0, 0, 0.0, 0, 0, 0], [0, 0, 6, 0, 0, 0, -1, 0, 0, 0, 0, 0.0, 0, 0, 0], [0, 0, 6, 0, 0, 0, -1, 0, 0, 0, 0, 0.0, 0, 0, 0], [0, 0, 6, 0, 0, 0, -1, 0, 0, 0, 0, 0.0, 0, 0, 0], [0, 0, 5, 0, 0, 0, -1, 0, 0, 0, 0, 0.0, 0, 0, 0], [0, 0, 6, 0, 0, 0, -1, 0, 0, 0, 0, 0.0, 0, 0, 0], [0, 0, 6, 0, 0, 0, -1, 0, 0, 0, 0, 0.0, 0, 0, 0], [0, 0, 5, 0, 0, 0, -1, 0, 0, 0, 0, 0.0, 0, 0, 0], [0, 0, 6, 0, 0, 0, -1, 0, 0, 0, 0, 0.0, 0, 0, 0], [0, 0, 1, 0, 0, 0, -1, 0, 0, 0, 0, 0.0, 0, 0, 0], [0, 0, 6, 0, 0, 0, -1, 0, 0, 0, 0, 0.0, 0, 0, 0], [0, 0, 2, 0, 0, 0, -1, 0, 0, 0, 0, 0.0, 0, 0, 0], [0, 0, 6, 0, 0, 0, -1, 0, 0, 0, 0, 0.0, 0, 0, 0], [0, 0, 2, 0, 0, 0, -1, 0, 0, 0, 0, 0.0, 0, 0, 0], [0, 1, 4, 0, 0, 0, -1, 0, 0, 0, 0, 0.0, 0, 0, 0], [0, 0, 1, 0, 0, 0, -1, 0, 0, 0, 0, 0.0, 0, 0, 0], [0, 0, 6, 0, 0, 0, -1, 0, 0, 0, 0, 0.0, 0, 0, 0], [0, 0, 1, 0, 0, 0, -1, 0, 0, 0, 0, 0.0, 0, 0, 0], [0, 0, 6, 0, 0, 0, -1, 0, 0, 0, 0, 0.0, 0, 0, 0], [0, 0, 6, 0, 0, 0, -1, 0, 0, 0, 0, 0.0, 0, 0, 0], [0, 0, 6, 0, 0, 0, -1, 0, 0, 0, 0, 0.0, 0, 0, 0], [0, 0, 1, 0, 0, 0, -1, 0, 0, 0, 0, 0.0, 0, 0, 0], [0, 0, 6, 0, 0, 0, -1, 0, 0, 0, 0, 0.0, 0, 0, 0], [0, 0, 6, 0, 0, 0, -1, 0, 0, 0, 0, 0.0, 0, 0, 0], [0, 0, 1, 0, 0, 0, -1, 0, 0, 0, 0, 0.0, 0, 0, 0], [0, 0, 3, 0, 0, 0, -1, 0, 0, 0, 0, 0.0, 0, 0, 0], [0, 0, 6, 0, 0, 0, -1, 0, 0, 0, 0, 0.0, 0, 0, 0], [0, 0, 1, 0, 0, 0, -1, 0, 0, 0, 0, 0.0, 0, 0, 0], [0, 1, 3, 0, 1, 0, -1, 0, 0, 0, 0, 0.0, 0, 1, 0], [0, 0, 6, 0, 0, 0, -1, 0, 0, 0, 0, 0.0, 0, 0, 0], [0, 0, 6, 0, 0, 0, -1, 0, 0, 0, 0, 0.0, 0, 0, 0], [0, 0, 6, 0, 0, 0, -1, 0, 0, 0, 0, 0.0, 0, 0, 0], [0, 0, 5, 0, 0, 0, -1, 0, 0, 0, 0, 0.0, 0, 0, 0], [0, 0, 2, 0, 0, 0, -1, 0, 0, 0, 0, 0.0, 0, 0, 0], [0, 0, 4, 0, 0, 0, -1, 0, 0, 0, 0, 0.0, 0, 0, 0], [0, 0, 6, 0, 0, 0, -1, 0, 0, 0, 0, 0.0, 0, 0, 0], [0, 0, 1, 0, 0, 0, -1, 0, 0, 0, 0, 0.0, 0, 0, 0], [0, 0, 1, 0, 0, 0, -1, 0, 0, 0, 0, 0.0, 0, 0, 0], [0, 0, 1, 0, 0, 0, -1, 0, 0, 0, 0, 0.0, 0, 0, 0], [0, 0, 6, 0, 0, 0, -1, 0, 0, 0, 0, 0.0, 0, 0, 0], [0, 1, 6, 0, 0, 0, -1, 0, 0, 0, 0, 0.0, 0, 0, 0], [0, 0, 6, 0, 0, 0, -1, 0, 0, 0, 0, 0.0, 0, 0, 0], [0, 0, 1, 0, 0, 0, -1, 0, 0, 0, 0, 0.0, 0, 0, 0], [0, 0, 6, 0, 0, 0, -1, 0, 0, 0, 0, 0.0, 0, 0, 0], [0, 0, 3, 0, 0, 0, -1, 0, 0, 0, 0, 0.0, 0, 0, 0], [0, 0, 1, 0, 0, 0, -1, 0, 0, 0, 0, 0.0, 0, 0, 0], [0, 0, 6, 0, 0, 0, -1, 0, 0, 0, 0, 0.0, 0, 0, 0], [0, 0, 1, 0, 0, 0, -1, 0, 0, 0, 0, 0.0, 0, 0, 0], [0, 0, 4, 0, 0, 0, -1, 0, 0, 0, 0, 0.0, 0, 0, 0], [0, 0, 1, 0, 0, 0, -1, 0, 0, 0, 0, 0.0, 0, 0, 0], [0, 1, 4, 0, 0, 0, -1, 0, 0, 0, 1, 0.0, 0, 1, 1], [0, 0, 6, 0, 0, 0, -1, 0, 0, 0, 0, 0.0, 0, 0, 0], [0, 1, 2, 0, 1, 0, -1, 0, 0, 0, 0, 0.0, 0, 1, 0], [0, 0, 6, 0, 0, 0, -1, 0, 0, 0, 0, 0.0, 0, 0, 0], [0, 0, 6, 0, 0, 0, -1, 0, 0, 0, 0, 0.0, 0, 0, 0], [0, 0, 5, 0, 0, 0, -1, 0, 0, 0, 0, 0.0, 0, 0, 0], [0, 0, 1, 0, 0, 0, -1, 0, 0, 0, 0, 0.0, 0, 0, 0], [0, 0, 1, 0, 0, 0, -1, 0, 0, 0, 0, 0.0, 0, 0, 0], [0, 0, 1, 0, 0, 0, -1, 0, 0, 0, 0, 0.0, 0, 0, 0], [0, 0, 6, 0, 0, 0, -1, 0, 0, 0, 0, 0.0, 0, 0, 0], [0, 0, 2, 0, 0, 0, -1, 0, 0, 0, 0, 0.0, 0, 0, 0], [0, 0, 1, 0, 0, 0, -1, 0, 0, 0, 0, 0.0, 0, 0, 0], [0, 0, 1, 0, 0, 0, -1, 0, 0, 0, 0, 0.0, 0, 0, 0], [0, 0, 1, 0, 0, 0, -1, 0, 0, 0, 0, 0.0, 0, 0, 0], [0, 0, 6, 0, 0, 0, -1, 0, 0, 0, 0, 0.0, 0, 0, 0], [0, 0, 6, 0, 0, 0, -1, 0, 0, 0, 0, 0.0, 0, 0, 0], [0, 0, 1, 0, 0, 0, -1, 0, 0, 0, 0, 0.0, 0, 0, 0], [0, 0, 4, 0, 0, 0, -1, 0, 0, 0, 0, 0.0, 0, 0, 0], [0, 1, 2, 0, 1, 0, -1, 0, 0, 0, 1, 0.0, 0, 1, 0], [0, 0, 6, 0, 0, 0, -1, 0, 0, 0, 0, 0.0, 0, 0, 0], [0, 0, 6, 0, 0, 0, -1, 0, 0, 0, 0, 0.0, 0, 0, 0], [0, 0, 1, 0, 0, 0, -1, 0, 0, 0, 0, 0.0, 0, 0, 0], [0, 0, 1, 0, 0, 0, -1, 0, 0, 0, 0, 0.0, 0, 0, 0], [0, 0, 3, 0, 0, 0, -1, 0, 0, 0, 0, 0.0, 0, 1, 0], [0, 0, 1, 0, 0, 0, -1, 0, 0, 0, 0, 0.0, 0, 0, 0], [0, 0, 6, 0, 0, 0, -1, 0, 0, 0, 0, 0.0, 0, 0, 0], [0, 0, 6, 0, 0, 0, -1, 0, 0, 0, 0, 0.0, 0, 0, 0], [0, 0, 1, 0, 0, 0, -1, 0, 0, 0, 0, 0.0, 0, 0, 0], [0, 0, 6, 0, 0, 0, -1, 0, 0, 0, 0, 0.0, 0, 0, 0], [0, 0, 6, 0, 0, 0, -1, 0, 0, 0, 0, 0.0, 0, 0, 0], [0, 1, 3, 0, 0, 0, -1, 0, 0, 0, 0, 0.0, 0, 1, 1], [0, 0, 6, 0, 0, 0, -1, 0, 0, 0, 0, 0.0, 0, 0, 0], [0, 0, 6, 0, 0, 0, -1, 0, 0, 0, 0, 0.0, 0, 0, 0], [0, 0, 6, 0, 0, 0, -1, 0, 0, 0, 0, 0.0, 0, 0, 0], [0, 0, 5, 0, 0, 0, -1, 0, 0, 0, 0, 0.0, 0, 0, 0], [0, 0, 1, 0, 0, 0, -1, 0, 0, 0, 0, 0.0, 0, 0, 0], [0, 0, 6, 0, 0, 0, -1, 0, 0, 0, 0, 0.0, 0, 0, 0], [0, 0, 6, 0, 0, 0, -1, 0, 0, 0, 0, 0.0, 0, 0, 0], [0, 1, 6, 0, 0, 0, -1, 0, 0, 0, 0, 0.0, 0, 1, 0], [0, 0, 1, 0, 0, 0, -1, 0, 0, 0, 0, 0.0, 0, 0, 0], [0, 1, 6, 0, 0, 0, -1, 0, 0, 0, 0, 0.0, 0, 1, 1], [0, 0, 2, 0, 0, 0, -1, 0, 0, 0, 0, 0.0, 0, 0, 0], [0, 1, 6, 0, 0, 0, -1, 0, 0, 0, 0, 0.0, 0, 0, 0], [0, 0, 6, 0, 0, 0, -1, 0, 0, 0, 0, 0.0, 0, 0, 0], [0, 0, 1, 0, 0, 0, -1, 0, 0, 0, 0, 0.0, 0, 0, 0], [0, 0, 1, 0, 0, 0, -1, 0, 0, 0, 0, 0.0, 0, 0, 0], [0, 0, 2, 0, 0, 0, -1, 0, 0, 0, 0, 0.0, 0, 0, 0], [0, 0, 2, 0, 0, 0, -1, 0, 0, 0, 0, 0.0, 0, 0, 0], [0, 0, 2, 0, 0, 0, -1, 0, 0, 0, 0, 0.0, 0, 0, 0], [0, 0, 1, 0, 0, 0, -1, 0, 0, 0, 0, 0.0, 0, 0, 0], [0, 0, 6, 0, 0, 0, -1, 0, 0, 0, 0, 0.0, 0, 0, 0], [0, 0, 6, 0, 0, 0, -1, 0, 0, 0, 0, 0.0, 0, 0, 0], [0, 0, 5, 0, 0, 0, -1, 0, 0, 0, 0, 0.0, 0, 0, 0], [0, 0, 6, 0, 0, 0, -1, 0, 0, 0, 0, 0.0, 0, 0, 0], [0, 0, 6, 0, 0, 0, -1, 0, 0, 0, 0, 0.0, 0, 0, 0], [0, 0, 6, 0, 0, 0, -1, 0, 0, 0, 0, 0.0, 0, 0, 0], [0, 0, 3, 0, 0, 0, -1, 0, 0, 0, 0, 0.0, 0, 0, 0], [0, 0, 1, 0, 0, 0, -1, 0, 0, 0, 0, 0.0, 0, 0, 0], [0, 0, 1, 0, 0, 0, -1, 0, 0, 0, 0, 0.0, 0, 0, 0], [0, 0, 6, 0, 0, 0, -1, 0, 0, 0, 0, 0.0, 0, 0, 0], [0, 0, 6, 0, 0, 0, -1, 0, 0, 0, 0, 0.0, 0, 0, 0], [0, 0, 5, 0, 0, 0, -1, 0, 0, 0, 0, 0.0, 0, 0, 0], [0, 1, 6, 0, 0, 0, -1, 0, 0, 0, 0, 0.0, 0, 0, 0], [0, 0, 1, 0, 0, 0, -1, 0, 0, 0, 0, 0.0, 0, 0, 0], [0, 0, 2, 0, 0, 0, -1, 0, 0, 0, 0, 0.0, 0, 0, 0], [0, 0, 6, 0, 0, 0, -1, 0, 0, 0, 0, 0.0, 0, 0, 0], [0, 0, 1, 0, 0, 0, -1, 0, 0, 0, 0, 0.0, 0, 0, 0], [0, 0, 1, 0, 0, 0, -1, 0, 0, 0, 0, 0.0, 0, 0, 0], [0, 0, 6, 0, 0, 0, -1, 0, 0, 0, 0, 0.0, 0, 0, 0], [0, 0, 1, 0, 0, 0, -1, 0, 0, 0, 0, 0.0, 0, 0, 0], [0, 0, 1, 0, 0, 0, -1, 0, 0, 0, 0, 0.0, 0, 0, 0], [0, 0, 6, 0, 0, 0, -1, 0, 0, 0, 0, 0.0, 0, 0, 0], [0, 0, 4, 0, 0, 0, -1, 0, 0, 0, 0, 0.0, 0, 0, 0], [0, 0, 2, 0, 0, 0, -1, 0, 0, 0, 0, 0.0, 0, 0, 0], [0, 0, 2, 0, 0, 0, -1, 0, 0, 0, 0, 0.0, 0, 0, 0], [0, 0, 2, 0, 0, 0, -1, 0, 0, 0, 0, 0.0, 0, 0, 0], [0, 0, 6, 0, 0, 0, -1, 0, 0, 0, 0, 0.0, 0, 0, 0], [0, 0, 1, 0, 0, 0, -1, 0, 0, 0, 0, 0.0, 0, 0, 0], [0, 0, 2, 0, 0, 0, -1, 0, 0, 0, 0, 0.0, 0, 0, 0], [0, 0, 2, 0, 0, 0, -1, 0, 0, 0, 0, 0.0, 0, 0, 0], [0, 0, 1, 0, 0, 0, -1, 0, 0, 0, 0, 0.0, 0, 0, 0], [0, 0, 6, 0, 0, 0, -1, 0, 0, 0, 0, 0.0, 0, 1, 0], [0, 0, 2, 0, 0, 0, -1, 0, 0, 0, 0, 0.0, 0, 0, 0], [0, 0, 6, 0, 0, 0, -1, 0, 0, 0, 0, 0.0, 0, 0, 0], [0, 0, 6, 0, 0, 0, -1, 0, 0, 0, 0, 0.0, 0, 0, 0], [0, 1, 3, 0, 0, 0, -1, 0, 0, 0, 0, 0.0, 0, 1, 1], [0, 0, 5, 0, 0, 0, -1, 0, 0, 0, 0, 0.0, 0, 0, 0], [0, 0, 6, 0, 0, 0, -1, 0, 0, 0, 0, 0.0, 0, 0, 0], [0, 0, 1, 0, 0, 0, -1, 0, 0, 0, 0, 0.0, 0, 0, 0], [0, 1, 5, 0, 0, 0, -1, 0, 0, 0, 0, 0.0, 0, 1, 1], [0, 0, 1, 0, 0, 0, -1, 0, 0, 0, 0, 0.0, 0, 0, 0], [0, 0, 1, 0, 0, 0, -1, 0, 0, 0, 0, 0.0, 0, 0, 0], [0, 0, 2, 0, 0, 0, -1, 0, 0, 0, 0, 0.0, 0, 0, 0], [0, 0, 6, 0, 0, 0, -1, 0, 0, 0, 0, 0.0, 0, 0, 0], [0, 0, 6, 0, 0, 0, -1, 0, 0, 0, 0, 0.0, 0, 0, 0], [0, 0, 3, 0, 0, 0, -1, 0, 0, 0, 0, 0.0, 0, 0, 0], [0, 0, 6, 0, 0, 0, -1, 0, 0, 0, 0, 0.0, 0, 0, 0], [0, 0, 3, 0, 0, 0, -1, 0, 0, 0, 0, 0.0, 0, 0, 0], [0, 0, 1, 0, 0, 0, -1, 0, 0, 0, 0, 0.0, 0, 0, 0], [0, 0, 6, 0, 0, 0, -1, 0, 0, 0, 0, 0.0, 0, 1, 0], [0, 0, 6, 0, 0, 0, -1, 0, 0, 0, 0, 0.0, 0, 0, 0], [0, 0, 6, 0, 0, 0, -1, 0, 0, 0, 0, 0.0, 0, 0, 0], [0, 0, 1, 0, 0, 0, -1, 0, 0, 0, 0, 0.0, 0, 0, 0], [0, 0, 6, 0, 0, 0, -1, 0, 0, 0, 0, 0.0, 0, 1, 0], [0, 0, 6, 0, 0, 0, -1, 0, 0, 0, 0, 0.0, 0, 0, 0], [0, 0, 1, 0, 0, 0, -1, 0, 0, 0, 0, 0.0, 0, 0, 0], [0, 0, 6, 0, 0, 0, -1, 0, 0, 0, 0, 0.0, 0, 0, 0], [0, 0, 6, 0, 0, 0, -1, 0, 0, 0, 0, 0.0, 0, 0, 0], [0, 0, 6, 0, 0, 0, -1, 0, 0, 0, 0, 0.0, 0, 0, 0], [0, 0, 6, 0, 0, 0, -1, 0, 0, 0, 0, 0.0, 0, 0, 0], [0, 0, 1, 0, 0, 0, -1, 0, 0, 0, 0, 0.0, 0, 0, 0], [0, 0, 2, 0, 0, 0, -1, 0, 0, 0, 0, 0.0, 0, 0, 0], [0, 0, 6, 0, 0, 0, -1, 0, 0, 0, 0, 0.0, 0, 0, 0], [0, 0, 1, 0, 0, 0, -1, 0, 0, 0, 0, 0.0, 0, 0, 0], [0, 0, 6, 0, 0, 0, -1, 0, 0, 0, 0, 0.0, 0, 0, 0], [0, 1, 3, 0, 1, 0, -1, 0, 0, 0, 0, 0.0, 0, 0, 0], [0, 0, 6, 0, 0, 0, -1, 0, 0, 0, 0, 0.0, 0, 0, 0], [0, 0, 6, 0, 0, 0, -1, 0, 0, 0, 0, 0.0, 0, 0, 0], [0, 0, 6, 0, 0, 0, -1, 0, 0, 0, 0, 0.0, 0, 0, 0], [0, 0, 6, 0, 0, 0, -1, 0, 0, 0, 1, 0.0, 0, 1, 0], [0, 0, 6, 0, 0, 0, -1, 0, 0, 0, 0, 0.0, 0, 0, 0], [0, 0, 6, 0, 0, 0, -1, 0, 0, 0, 0, 0.0, 0, 0, 0], [0, 0, 6, 0, 0, 0, -1, 0, 0, 0, 0, 0.0, 0, 0, 0], [0, 0, 6, 0, 0, 0, -1, 0, 0, 0, 0, 0.0, 0, 0, 0], [0, 0, 6, 0, 0, 0, -1, 0, 0, 0, 0, 0.0, 0, 0, 0], [0, 0, 1, 0, 0, 0, -1, 0, 0, 0, 0, 0.0, 0, 0, 0], [0, 0, 1, 0, 0, 0, -1, 0, 0, 0, 0, 0.0, 0, 0, 0], [0, 0, 3, 0, 0, 0, -1, 0, 0, 0, 0, 0.0, 0, 0, 0], [0, 0, 6, 0, 0, 0, -1, 0, 0, 0, 0, 0.0, 0, 0, 0], [0, 1, 6, 0, 0, 0, -1, 0, 0, 0, 0, 0.0, 0, 0, 0], [0, 0, 1, 0, 0, 0, -1, 0, 0, 0, 0, 0.0, 0, 0, 0], [0, 0, 3, 0, 0, 0, -1, 0, 0, 0, 1, 0.0, 0, 0, 0], [0, 0, 6, 0, 0, 0, -1, 0, 0, 0, 0, 0.0, 0, 0, 0], [0, 0, 6, 0, 0, 0, -1, 0, 0, 0, 0, 0.0, 0, 0, 0], [0, 0, 6, 0, 0, 0, -1, 0, 0, 0, 0, 0.0, 0, 0, 0], [0, 0, 6, 0, 0, 0, -1, 0, 0, 0, 0, 0.0, 0, 0, 0], [0, 0, 6, 0, 0, 0, -1, 0, 0, 0, 0, 0.0, 0, 0, 0], [0, 0, 1, 0, 0, 0, -1, 0, 0, 0, 0, 0.0, 0, 0, 0], [0, 0, 5, 0, 0, 0, -1, 0, 0, 0, 0, 0.0, 0, 0, 0], [0, 0, 1, 0, 0, 0, -1, 0, 0, 0, 0, 0.0, 0, 0, 0], [0, 0, 6, 0, 0, 0, -1, 0, 0, 0, 0, 0.0, 0, 0, 0], [0, 0, 6, 0, 0, 0, -1, 0, 0, 0, 0, 0.0, 0, 0, 0], [0, 0, 1, 0, 0, 0, -1, 0, 0, 0, 0, 0.0, 0, 0, 0], [0, 0, 6, 0, 0, 0, -1, 0, 0, 0, 0, 0.0, 0, 0, 0], [0, 0, 1, 0, 0, 0, -1, 0, 0, 0, 0, 0.0, 0, 0, 0], [0, 0, 6, 0, 0, 0, -1, 0, 0, 0, 0, 0.0, 0, 0, 0], [0, 0, 1, 0, 0, 0, -1, 0, 0, 0, 0, 0.0, 0, 0, 0], [0, 0, 6, 0, 0, 0, -1, 0, 0, 0, 0, 0.0, 0, 0, 0], [0, 0, 2, 0, 0, 0, -1, 0, 0, 0, 0, 0.0, 0, 0, 0], [0, 1, 5, 0, 0, 0, -1, 0, 0, 0, 0, 0.0, 0, 0, 0], [0, 0, 3, 0, 0, 0, -1, 0, 0, 0, 0, 0.0, 0, 0, 0], [0, 1, 5, 0, 1, 0, -1, 0, 0, 0, 1, 0.0, 0, 1, 0], [0, 0, 6, 0, 0, 0, -1, 0, 0, 0, 0, 0.0, 0, 0, 0], [0, 0, 2, 0, 0, 0, -1, 0, 0, 0, 0, 0.0, 0, 0, 0], [0, 0, 6, 0, 0, 0, -1, 0, 0, 0, 0, 0.0, 0, 0, 0], [0, 0, 6, 0, 0, 0, -1, 0, 0, 0, 0, 0.0, 0, 0, 0], [0, 0, 6, 0, 0, 0, -1, 0, 0, 0, 0, 0.0, 0, 0, 0], [0, 0, 6, 0, 0, 0, -1, 0, 0, 0, 0, 0.0, 0, 0, 0], [0, 0, 1, 0, 0, 0, -1, 0, 0, 0, 0, 0.0, 0, 0, 0], [0, 0, 1, 0, 0, 0, -1, 0, 0, 0, 0, 0.0, 0, 1, 0], [0, 0, 4, 0, 0, 0, -1, 0, 0, 0, 0, 0.0, 0, 0, 0], [0, 0, 2, 0, 0, 0, -1, 0, 0, 0, 0, 0.0, 0, 0, 0], [0, 0, 4, 0, 0, 0, -1, 0, 0, 0, 0, 0.0, 0, 0, 0], [0, 0, 6, 0, 0, 0, -1, 0, 0, 0, 0, 0.0, 0, 0, 0], [0, 0, 1, 0, 0, 0, -1, 0, 0, 0, 0, 0.0, 0, 0, 0], [0, 0, 6, 0, 0, 0, -1, 0, 0, 0, 0, 0.0, 0, 0, 0], [0, 0, 1, 0, 0, 0, -1, 0, 0, 0, 0, 0.0, 0, 0, 0], [0, 0, 4, 0, 0, 0, -1, 0, 0, 0, 0, 0.0, 0, 0, 0], [0, 0, 6, 0, 0, 0, -1, 0, 0, 0, 0, 0.0, 0, 0, 0], [0, 0, 2, 0, 0, 0, -1, 0, 0, 0, 0, 0.0, 0, 0, 0], [0, 0, 6, 0, 0, 0, -1, 0, 0, 0, 0, 0.0, 0, 0, 0], [0, 0, 2, 0, 0, 0, -1, 0, 0, 0, 0, 0.0, 0, 0, 0], [0, 0, 6, 0, 0, 0, -1, 0, 0, 0, 0, 0.0, 0, 0, 0], [0, 0, 6, 0, 0, 0, -1, 0, 0, 0, 0, 0.0, 0, 0, 0], [0, 0, 1, 0, 0, 0, -1, 0, 0, 0, 0, 0.0, 0, 0, 0], [0, 0, 1, 0, 0, 0, -1, 0, 0, 0, 1, 0.0, 0, 0, 0], [0, 0, 6, 0, 0, 0, -1, 0, 0, 0, 0, 0.0, 0, 0, 0], [0, 1, 6, 0, 0, 0, -1, 0, 0, 0, 0, 0.0, 0, 1, 1], [0, 0, 1, 0, 0, 0, -1, 0, 0, 0, 0, 0.0, 0, 0, 0], [0, 0, 2, 0, 0, 0, -1, 0, 0, 0, 0, 0.0, 0, 0, 0], [0, 0, 2, 0, 0, 0, -1, 0, 0, 0, 0, 0.0, 0, 0, 0], [0, 0, 6, 0, 0, 0, -1, 0, 0, 0, 0, 0.0, 0, 0, 0], [0, 0, 2, 0, 0, 0, -1, 0, 0, 0, 0, 0.0, 0, 0, 0], [0, 0, 1, 0, 0, 0, -1, 0, 0, 0, 0, 0.0, 0, 0, 0], [0, 0, 1, 0, 0, 0, -1, 0, 0, 0, 0, 0.0, 0, 0, 0], [0, 0, 6, 0, 0, 0, -1, 0, 0, 0, 0, 0.0, 0, 0, 0], [0, 0, 6, 0, 0, 0, -1, 0, 0, 0, 0, 0.0, 0, 0, 0], [0, 0, 6, 0, 0, 0, -1, 0, 0, 0, 0, 0.0, 0, 0, 0], [0, 0, 6, 0, 0, 0, -1, 0, 0, 0, 0, 0.0, 0, 0, 0], [0, 0, 6, 0, 0, 0, -1, 0, 0, 0, 0, 0.0, 0, 0, 0], [0, 0, 1, 0, 0, 0, -1, 0, 0, 0, 0, 0.0, 0, 0, 0], [0, 0, 1, 0, 0, 0, -1, 0, 0, 0, 0, 0.0, 0, 0, 0], [0, 0, 1, 0, 0, 0, -1, 0, 0, 0, 0, 0.0, 0, 0, 0], [0, 0, 6, 0, 0, 0, -1, 0, 0, 0, 0, 0.0, 0, 0, 0], [0, 0, 6, 0, 0, 0, -1, 0, 0, 0, 0, 0.0, 0, 0, 0], [0, 0, 3, 0, 0, 0, -1, 0, 0, 0, 0, 0.0, 0, 0, 0], [0, 0, 1, 0, 0, 0, -1, 0, 0, 0, 0, 0.0, 0, 0, 0], [0, 0, 6, 0, 0, 0, -1, 0, 0, 0, 0, 0.0, 0, 0, 0], [0, 1, 6, 0, 1, 0, -1, 0, 0, 0, 0, 0.0, 0, 1, 1], [0, 0, 6, 0, 0, 0, -1, 0, 0, 0, 0, 0.0, 0, 0, 0], [0, 0, 1, 0, 0, 0, -1, 0, 0, 0, 0, 0.0, 0, 0, 0], [0, 0, 4, 0, 0, 0, -1, 0, 0, 0, 0, 0.0, 0, 0, 0], [0, 0, 6, 0, 0, 0, -1, 0, 0, 0, 0, 0.0, 0, 0, 0], [0, 0, 5, 0, 0, 0, -1, 0, 0, 0, 0, 0.0, 0, 0, 0], [0, 0, 6, 0, 0, 0, -1, 0, 0, 0, 0, 0.0, 0, 0, 0], [0, 0, 4, 0, 0, 0, -1, 0, 0, 0, 0, 0.0, 0, 0, 0], [0, 0, 6, 0, 0, 0, -1, 0, 0, 0, 0, 0.0, 0, 0, 0], [0, 0, 6, 0, 0, 0, -1, 0, 0, 0, 0, 0.0, 0, 0, 0], [0, 0, 6, 0, 0, 0, -1, 0, 0, 0, 0, 0.0, 0, 0, 0], [0, 1, 5, 0, 0, 0, -1, 0, 0, 0, 1, 0.0, 0, 1, 1], [0, 1, 3, 0, 0, 0, -1, 0, 0, 0, 0, 0.0, 0, 1, 1], [0, 0, 6, 0, 0, 0, -1, 0, 0, 0, 0, 0.0, 0, 0, 0], [0, 0, 6, 0, 0, 0, -1, 0, 0, 0, 0, 0.0, 0, 0, 0], [0, 0, 3, 0, 0, 0, -1, 0, 0, 0, 0, 0.0, 0, 0, 0], [0, 0, 1, 0, 0, 0, -1, 0, 0, 0, 0, 0.0, 0, 0, 0], [0, 0, 5, 0, 0, 0, -1, 0, 0, 0, 0, 0.0, 0, 0, 0], [0, 0, 2, 0, 0, 0, -1, 0, 0, 0, 0, 0.0, 0, 0, 0], [0, 0, 6, 0, 0, 0, -1, 0, 0, 0, 0, 0.0, 0, 0, 0], [0, 0, 6, 0, 0, 0, -1, 0, 0, 0, 0, 0.0, 0, 0, 0], [0, 0, 6, 0, 0, 0, -1, 0, 0, 0, 0, 0.0, 0, 0, 0], [0, 1, 6, 0, 0, 0, -1, 0, 0, 0, 0, 0.0, 0, 1, 1], [0, 1, 2, 0, 1, 0, -1, 0, 0, 0, 0, 0.0, 0, 0, 0], [0, 1, 4, 0, 0, 0, -1, 0, 0, 0, 0, 0.0, 0, 1, 1], [0, 0, 6, 0, 0, 0, -1, 0, 0, 0, 0, 0.0, 0, 0, 0], [0, 0, 2, 0, 0, 0, -1, 0, 0, 0, 0, 0.0, 0, 0, 0], [0, 0, 4, 0, 0, 0, -1, 0, 0, 0, 0, 0.0, 0, 0, 0], [0, 0, 2, 0, 0, 0, -1, 0, 0, 0, 0, 0.0, 0, 0, 0], [0, 0, 1, 0, 0, 0, -1, 0, 0, 0, 0, 0.0, 0, 0, 0], [0, 0, 4, 0, 0, 0, -1, 0, 0, 0, 0, 0.0, 0, 0, 0], [0, 0, 3, 0, 0, 0, -1, 0, 0, 0, 0, 0.0, 0, 0, 0], [0, 0, 3, 0, 0, 0, -1, 0, 0, 0, 0, 0.0, 0, 0, 0], [0, 0, 6, 0, 0, 0, -1, 0, 0, 0, 0, 0.0, 0, 0, 0], [0, 0, 2, 0, 0, 0, -1, 0, 0, 0, 0, 0.0, 0, 0, 0], [0, 0, 5, 0, 0, 0, -1, 0, 0, 0, 1, 0.0, 0, 0, 0], [0, 0, 1, 0, 0, 0, -1, 0, 0, 0, 0, 0.0, 0, 0, 0], [0, 0, 1, 0, 0, 0, -1, 0, 0, 0, 0, 0.0, 0, 0, 0], [0, 0, 6, 0, 0, 0, -1, 0, 0, 0, 0, 0.0, 0, 0, 0], [0, 0, 2, 0, 0, 0, -1, 0, 0, 0, 0, 0.0, 0, 0, 0], [0, 1, 6, 0, 0, 0, -1, 0, 0, 0, 0, 0.0, 0, 0, 0], [0, 1, 4, 0, 1, 0, -1, 0, 0, 0, 0, 0.0, 0, 0, 0], [0, 0, 5, 0, 0, 0, -1, 0, 0, 0, 0, 0.0, 0, 0, 0], [0, 0, 6, 0, 0, 0, -1, 0, 0, 0, 0, 0.0, 0, 0, 0], [0, 0, 6, 0, 0, 0, -1, 0, 0, 0, 0, 0.0, 0, 0, 0], [0, 0, 1, 0, 0, 0, -1, 0, 0, 0, 0, 0.0, 0, 0, 0], [0, 0, 2, 0, 0, 0, -1, 0, 0, 0, 0, 0.0, 0, 0, 0], [0, 0, 2, 0, 0, 0, -1, 0, 0, 0, 0, 0.0, 0, 0, 0], [0, 0, 1, 0, 0, 0, -1, 0, 0, 0, 0, 0.0, 0, 0, 0], [0, 0, 1, 0, 0, 0, -1, 0, 0, 0, 0, 0.0, 0, 0, 0], [0, 0, 4, 0, 0, 0, -1, 0, 0, 0, 0, 0.0, 0, 0, 0], [0, 0, 6, 0, 0, 0, -1, 0, 0, 0, 0, 0.0, 0, 0, 0], [0, 1, 4, 0, 0, 0, -1, 0, 0, 0, 1, 0.0, 0, 1, 1], [0, 0, 1, 0, 0, 0, -1, 0, 0, 0, 0, 0.0, 0, 0, 0], [0, 0, 1, 0, 0, 0, -1, 0, 0, 0, 0, 0.0, 0, 0, 0], [0, 0, 1, 0, 0, 0, -1, 0, 0, 0, 0, 0.0, 0, 0, 0], [0, 0, 1, 0, 0, 0, -1, 0, 0, 0, 0, 0.0, 0, 0, 0], [0, 0, 6, 0, 0, 0, -1, 0, 0, 0, 0, 0.0, 0, 0, 0], [0, 0, 6, 0, 0, 0, -1, 0, 0, 0, 0, 0.0, 0, 0, 0], [0, 0, 6, 0, 0, 0, -1, 0, 0, 0, 0, 0.0, 0, 0, 0], [0, 0, 6, 0, 0, 0, -1, 0, 0, 0, 0, 0.0, 0, 0, 0], [0, 1, 4, 0, 0, 0, -1, 0, 0, 0, 0, 0.0, 0, 0, 0], [0, 0, 1, 0, 0, 0, -1, 0, 0, 0, 0, 0.0, 0, 0, 0], [0, 0, 1, 0, 0, 0, -1, 0, 0, 0, 0, 0.0, 0, 0, 0], [0, 0, 6, 0, 0, 0, -1, 0, 0, 0, 0, 0.0, 0, 0, 0], [0, 0, 1, 0, 0, 0, -1, 0, 0, 0, 0, 0.0, 0, 0, 0], [0, 0, 1, 0, 0, 0, -1, 0, 0, 0, 0, 0.0, 0, 0, 0], [0, 0, 2, 0, 0, 0, -1, 0, 0, 0, 0, 0.0, 0, 0, 0], [0, 0, 6, 0, 0, 0, -1, 0, 0, 0, 0, 0.0, 0, 0, 0], [0, 0, 2, 0, 0, 0, -1, 0, 0, 0, 0, 0.0, 0, 0, 0], [0, 0, 2, 0, 0, 0, -1, 0, 0, 0, 0, 0.0, 0, 0, 0], [0, 0, 1, 0, 0, 0, -1, 0, 0, 0, 0, 0.0, 0, 0, 0], [0, 1, 6, 0, 0, 0, -1, 0, 0, 0, 0, 0.0, 0, 0, 0], [0, 0, 1, 0, 0, 0, -1, 0, 0, 0, 0, 0.0, 0, 0, 0], [0, 0, 1, 0, 0, 0, -1, 0, 0, 0, 0, 0.0, 0, 1, 0], [0, 0, 2, 0, 0, 0, -1, 0, 0, 0, 0, 0.0, 0, 0, 0], [0, 0, 6, 0, 0, 0, -1, 0, 0, 0, 0, 0.0, 0, 0, 0], [0, 1, 6, 0, 0, 0, -1, 0, 0, 0, 0, 0.0, 0, 0, 0], [0, 0, 6, 0, 0, 0, -1, 0, 0, 0, 0, 0.0, 0, 0, 0], [0, 0, 6, 0, 0, 0, -1, 0, 0, 0, 0, 0.0, 0, 0, 0], [0, 0, 1, 0, 0, 0, -1, 0, 0, 0, 0, 0.0, 0, 0, 0], [0, 0, 6, 0, 0, 0, -1, 0, 0, 0, 0, 0.0, 0, 0, 0], [0, 0, 1, 0, 0, 0, -1, 0, 0, 0, 0, 0.0, 0, 0, 0], [0, 0, 1, 0, 0, 0, -1, 0, 0, 0, 0, 0.0, 0, 0, 0], [0, 0, 1, 0, 0, 0, -1, 0, 0, 0, 0, 0.0, 0, 0, 0], [0, 0, 1, 0, 0, 0, -1, 0, 0, 0, 0, 0.0, 0, 0, 0], [0, 0, 6, 0, 0, 0, -1, 0, 0, 0, 0, 0.0, 0, 0, 0], [0, 0, 2, 0, 0, 0, -1, 0, 0, 0, 0, 0.0, 0, 0, 0], [0, 0, 6, 0, 0, 0, -1, 0, 0, 0, 0, 0.0, 0, 0, 0], [0, 0, 3, 0, 0, 0, -1, 0, 0, 0, 0, 0.0, 0, 0, 0], [0, 0, 1, 0, 0, 0, -1, 0, 0, 0, 0, 0.0, 0, 0, 0], [0, 0, 1, 0, 0, 0, -1, 0, 0, 0, 0, 0.0, 0, 0, 0], [0, 0, 3, 0, 0, 0, -1, 0, 0, 0, 0, 0.0, 0, 0, 0], [0, 0, 5, 0, 0, 0, -1, 0, 0, 0, 0, 0.0, 0, 0, 0], [1, 0, 1, 0, 0, 0, -1, 1, 1, 1, 1, 0.0, 0, 1, 0], [0, 0, 3, 0, 0, 0, -1, 0, 0, 0, 0, 0.0, 0, 0, 0], [0, 0, 6, 0, 0, 0, -1, 0, 0, 0, 0, 0.0, 0, 0, 0], [0, 0, 6, 0, 0, 0, -1, 0, 0, 0, 0, 0.0, 0, 0, 0], [0, 0, 6, 0, 0, 0, -1, 0, 0, 0, 0, 0.0, 0, 0, 0], [0, 0, 6, 0, 0, 0, -1, 0, 0, 0, 0, 0.0, 0, 0, 0], [0, 0, 2, 0, 0, 0, -1, 0, 0, 0, 0, 0.0, 0, 0, 0], [0, 0, 2, 0, 0, 0, -1, 0, 0, 0, 0, 0.0, 0, 0, 0], [0, 0, 5, 0, 0, 0, -1, 0, 0, 0, 0, 0.0, 0, 0, 0], [0, 0, 1, 0, 0, 0, -1, 0, 0, 0, 0, 0.0, 0, 0, 0], [0, 0, 3, 0, 0, 0, -1, 0, 0, 0, 0, 0.0, 0, 0, 0], [0, 0, 3, 0, 0, 0, -1, 0, 0, 0, 0, 0.0, 0, 0, 0], [0, 0, 6, 0, 0, 0, -1, 0, 0, 0, 0, 0.0, 0, 1, 0], [0, 0, 1, 0, 0, 0, -1, 0, 0, 0, 0, 0.0, 0, 0, 0], [0, 0, 1, 0, 0, 0, -1, 0, 0, 0, 0, 0.0, 0, 0, 0], [0, 1, 4, 0, 0, 0, -1, 0, 0, 0, 1, 0.0, 0, 1, 1], [0, 0, 6, 0, 0, 0, -1, 0, 0, 0, 0, 0.0, 0, 0, 0], [0, 0, 2, 0, 0, 0, -1, 0, 0, 0, 0, 0.0, 0, 0, 0], [0, 0, 6, 0, 0, 0, -1, 0, 0, 0, 0, 0.0, 0, 0, 0], [0, 0, 1, 0, 0, 0, -1, 0, 0, 0, 0, 0.0, 0, 0, 0], [0, 0, 1, 0, 0, 0, -1, 0, 0, 0, 0, 0.0, 0, 0, 0], [0, 0, 1, 0, 0, 0, -1, 0, 0, 0, 0, 0.0, 0, 0, 0], [0, 0, 4, 0, 0, 0, -1, 0, 0, 0, 0, 0.0, 0, 0, 0], [0, 1, 6, 0, 0, 0, -1, 0, 0, 0, 0, 0.0, 0, 0, 0], [0, 0, 6, 0, 0, 0, -1, 0, 0, 0, 0, 0.0, 0, 0, 0], [0, 0, 3, 0, 0, 0, -1, 0, 0, 0, 0, 0.0, 0, 0, 0], [0, 0, 6, 0, 0, 0, -1, 0, 0, 0, 0, 0.0, 0, 0, 0], [0, 0, 6, 0, 0, 0, -1, 0, 0, 0, 0, 0.0, 0, 0, 0], [0, 0, 6, 0, 0, 0, -1, 0, 0, 0, 0, 0.0, 0, 0, 0], [0, 1, 3, 0, 0, 0, -1, 0, 0, 0, 0, 0.0, 0, 1, 1], [0, 1, 6, 0, 0, 0, -1, 0, 0, 0, 0, 0.0, 0, 0, 0], [0, 0, 6, 0, 0, 0, -1, 0, 0, 0, 0, 0.0, 0, 0, 0], [0, 0, 2, 0, 0, 0, -1, 0, 0, 0, 0, 0.0, 0, 0, 0], [0, 0, 2, 0, 0, 0, -1, 0, 0, 0, 0, 0.0, 0, 0, 0], [0, 0, 1, 0, 0, 0, -1, 0, 0, 0, 0, 0.0, 0, 0, 0], [0, 0, 6, 0, 0, 0, -1, 0, 0, 0, 0, 0.0, 0, 0, 0], [0, 0, 1, 0, 0, 0, -1, 0, 0, 0, 0, 0.0, 0, 0, 0], [0, 0, 1, 0, 0, 0, -1, 0, 0, 0, 0, 0.0, 0, 1, 0], [0, 0, 1, 0, 0, 0, -1, 0, 0, 0, 0, 0.0, 0, 0, 0], [0, 0, 4, 0, 0, 0, -1, 0, 0, 0, 1, 0.0, 0, 0, 0], [0, 0, 1, 0, 0, 0, -1, 0, 0, 0, 0, 0.0, 0, 0, 0], [0, 0, 6, 0, 0, 0, -1, 0, 0, 0, 0, 0.0, 0, 0, 0], [0, 0, 6, 0, 0, 0, -1, 0, 0, 0, 0, 0.0, 0, 0, 0], [0, 1, 3, 0, 1, 0, -1, 0, 0, 0, 0, 0.0, 0, 1, 1], [0, 0, 1, 0, 0, 0, -1, 0, 0, 0, 0, 0.0, 0, 0, 0], [0, 0, 4, 0, 0, 0, -1, 0, 0, 0, 0, 0.0, 0, 0, 0], [0, 0, 5, 0, 0, 0, -1, 0, 0, 0, 0, 0.0, 0, 0, 0], [0, 0, 6, 0, 0, 0, -1, 0, 0, 0, 0, 0.0, 0, 0, 0], [0, 0, 2, 0, 0, 0, -1, 0, 0, 0, 0, 0.0, 0, 1, 0], [0, 0, 6, 0, 0, 0, -1, 0, 0, 0, 0, 0.0, 0, 0, 0], [0, 0, 1, 0, 0, 0, -1, 0, 0, 0, 0, 0.0, 0, 1, 0], [0, 0, 3, 0, 0, 0, -1, 0, 0, 0, 0, 0.0, 0, 0, 0], [0, 0, 1, 0, 0, 0, -1, 0, 0, 0, 1, 0.0, 0, 1, 0], [0, 0, 6, 0, 0, 0, -1, 0, 0, 0, 0, 0.0, 0, 0, 0], [0, 0, 1, 0, 0, 0, -1, 0, 0, 0, 0, 0.0, 0, 0, 0], [0, 0, 6, 0, 0, 0, -1, 0, 0, 0, 0, 0.0, 0, 0, 0], [0, 0, 6, 0, 0, 0, -1, 0, 0, 0, 0, 0.0, 0, 0, 0], [0, 0, 6, 0, 0, 0, -1, 0, 0, 0, 0, 0.0, 0, 0, 0], [0, 0, 6, 0, 0, 0, -1, 0, 0, 0, 0, 0.0, 0, 0, 0], [0, 1, 6, 0, 0, 0, -1, 0, 0, 0, 0, 0.0, 0, 1, 0], [0, 0, 1, 0, 0, 0, -1, 0, 0, 0, 0, 0.0, 0, 0, 0], [0, 0, 1, 0, 0, 0, -1, 0, 0, 0, 0, 0.0, 0, 0, 0], [0, 0, 1, 0, 0, 0, -1, 0, 0, 0, 1, 0.0, 0, 1, 0], [0, 0, 1, 0, 0, 0, -1, 0, 0, 0, 0, 0.0, 0, 0, 0], [0, 0, 6, 0, 0, 0, -1, 0, 0, 0, 0, 0.0, 0, 0, 0], [0, 0, 3, 0, 0, 0, -1, 0, 0, 0, 0, 0.0, 0, 0, 0], [0, 1, 2, 0, 0, 0, -1, 0, 0, 0, 0, 0.0, 0, 0, 0], [0, 0, 2, 0, 0, 0, -1, 0, 0, 0, 0, 0.0, 0, 0, 0], [0, 0, 1, 0, 0, 0, -1, 0, 0, 0, 0, 0.0, 0, 0, 0], [0, 0, 3, 0, 0, 0, -1, 0, 0, 0, 0, 0.0, 0, 0, 0], [0, 0, 2, 0, 0, 0, -1, 0, 0, 0, 0, 0.0, 0, 0, 0], [0, 0, 4, 0, 0, 0, -1, 0, 0, 0, 0, 0.0, 0, 0, 0], [0, 1, 6, 0, 0, 0, -1, 0, 0, 0, 0, 0.0, 0, 1, 1], [0, 0, 6, 0, 0, 0, -1, 0, 0, 0, 0, 0.0, 0, 0, 0], [0, 0, 1, 0, 0, 0, -1, 0, 0, 0, 0, 0.0, 0, 0, 0], [0, 0, 1, 0, 0, 0, -1, 0, 0, 0, 0, 0.0, 0, 0, 0], [0, 1, 6, 0, 0, 0, -1, 0, 0, 0, 0, 0.0, 0, 0, 0], [0, 0, 3, 0, 0, 0, -1, 0, 0, 0, 0, 0.0, 0, 0, 0], [0, 0, 6, 0, 0, 0, -1, 0, 0, 0, 0, 0.0, 0, 0, 0], [0, 0, 6, 0, 0, 0, -1, 0, 0, 0, 0, 0.0, 0, 0, 0], [0, 0, 6, 0, 0, 0, -1, 0, 0, 0, 0, 0.0, 0, 0, 0], [0, 1, 6, 0, 0, 0, -1, 0, 0, 0, 0, 0.0, 0, 0, 0], [0, 0, 6, 0, 0, 0, -1, 0, 0, 0, 0, 0.0, 0, 0, 0], [0, 0, 4, 0, 0, 0, -1, 0, 0, 0, 0, 0.0, 0, 0, 0], [0, 0, 6, 0, 0, 1, 1, 0, 0, 0, 0, 0.03571428571428571, 7, 0, 0], [0, 0, 6, 0, 0, 0, -1, 0, 0, 0, 0, 0.0, 0, 0, 0], [0, 0, 1, 0, 0, 0, -1, 0, 0, 0, 0, 0.0, 0, 0, 0], [0, 0, 6, 0, 0, 0, -1, 0, 0, 0, 0, 0.0, 0, 0, 0], [0, 0, 6, 0, 0, 0, -1, 0, 0, 0, 0, 0.0, 0, 0, 0], [0, 0, 2, 0, 0, 0, -1, 0, 0, 0, 0, 0.0, 0, 1, 0], [0, 1, 6, 0, 0, 1, 1, 0, 0, 0, 0, 0.03571428571428571, 7, 1, 1], [0, 0, 1, 0, 0, 0, -1, 0, 0, 0, 0, 0.0, 0, 0, 0], [0, 0, 6, 0, 0, 0, -1, 0, 0, 0, 0, 0.0, 0, 0, 0], [0, 0, 1, 0, 0, 0, -1, 0, 0, 0, 0, 0.0, 0, 0, 0], [0, 0, 6, 0, 0, 0, -1, 0, 0, 0, 0, 0.0, 0, 0, 0], [0, 0, 5, 0, 0, 0, -1, 0, 0, 0, 0, 0.0, 0, 0, 0], [0, 0, 6, 0, 0, 0, -1, 0, 0, 0, 0, 0.0, 0, 1, 0], [0, 1, 2, 0, 1, 0, -1, 0, 0, 0, 0, 0.0, 0, 1, 0], [0, 0, 6, 0, 0, 0, -1, 0, 0, 0, 0, 0.0, 0, 0, 0], [0, 1, 6, 0, 0, 0, -1, 0, 0, 0, 0, 0.0, 0, 1, 0], [0, 0, 6, 0, 0, 0, -1, 0, 0, 0, 0, 0.0, 0, 0, 0], [0, 0, 6, 0, 0, 0, -1, 0, 0, 0, 0, 0.0, 0, 0, 0], [0, 0, 6, 0, 0, 0, -1, 0, 0, 0, 0, 0.0, 0, 1, 0], [0, 1, 3, 0, 0, 0, -1, 0, 0, 0, 0, 0.0, 0, 0, 0], [0, 0, 1, 0, 0, 0, -1, 0, 0, 0, 0, 0.0, 0, 0, 0], [0, 0, 6, 0, 0, 0, -1, 0, 0, 0, 0, 0.0, 0, 0, 0], [0, 0, 1, 0, 0, 0, -1, 0, 0, 0, 0, 0.0, 0, 0, 0], [0, 1, 6, 0, 0, 0, -1, 0, 0, 0, 0, 0.0, 0, 0, 0], [0, 1, 6, 0, 0, 0, -1, 0, 0, 0, 0, 0.0, 0, 1, 0], [0, 0, 6, 0, 0, 0, -1, 0, 0, 0, 0, 0.0, 0, 0, 0], [0, 0, 2, 0, 0, 0, -1, 0, 0, 0, 0, 0.0, 0, 0, 0], [0, 1, 6, 0, 1, 0, -1, 0, 0, 0, 0, 0.0, 0, 1, 0], [0, 0, 2, 0, 0, 0, -1, 0, 0, 0, 0, 0.0, 0, 0, 0], [0, 1, 4, 0, 1, 0, -1, 0, 0, 0, 0, 0.0, 0, 1, 0], [0, 0, 6, 0, 0, 0, -1, 0, 0, 0, 0, 0.0, 0, 0, 0], [0, 0, 5, 0, 0, 0, -1, 0, 0, 0, 0, 0.0, 0, 0, 0], [0, 0, 1, 0, 0, 0, -1, 0, 0, 0, 0, 0.0, 0, 0, 0], [0, 0, 1, 0, 0, 0, -1, 0, 0, 0, 0, 0.0, 0, 0, 0], [0, 1, 4, 0, 0, 0, -1, 0, 0, 0, 0, 0.0, 0, 0, 0], [0, 0, 6, 0, 0, 0, -1, 0, 0, 0, 0, 0.0, 0, 0, 0], [0, 0, 6, 0, 0, 0, -1, 0, 0, 0, 0, 0.0, 0, 0, 0], [0, 0, 2, 0, 0, 0, -1, 0, 0, 0, 0, 0.0, 0, 0, 0], [0, 1, 4, 0, 0, 0, -1, 0, 0, 0, 0, 0.0, 0, 0, 0], [0, 0, 1, 0, 0, 0, -1, 0, 0, 0, 0, 0.0, 0, 0, 0], [0, 0, 6, 0, 0, 0, -1, 0, 0, 0, 0, 0.0, 0, 0, 0], [0, 0, 2, 0, 0, 0, -1, 0, 0, 0, 0, 0.0, 0, 0, 0], [0, 0, 6, 0, 0, 0, -1, 0, 0, 0, 0, 0.0, 0, 0, 0], [0, 0, 6, 0, 0, 0, -1, 0, 0, 0, 0, 0.0, 0, 0, 0], [0, 0, 6, 0, 0, 0, -1, 0, 0, 0, 0, 0.0, 0, 0, 0], [0, 0, 6, 0, 0, 0, -1, 0, 0, 0, 0, 0.0, 0, 0, 0], [0, 0, 3, 0, 0, 0, -1, 0, 0, 0, 0, 0.0, 0, 0, 0], [0, 0, 6, 0, 0, 0, -1, 0, 0, 0, 0, 0.0, 0, 0, 0], [0, 0, 6, 0, 0, 0, -1, 0, 0, 0, 0, 0.0, 0, 0, 0], [0, 0, 3, 0, 0, 0, -1, 0, 0, 0, 0, 0.0, 0, 0, 0], [0, 0, 3, 0, 0, 0, -1, 0, 0, 0, 0, 0.0, 0, 0, 0], [0, 0, 1, 0, 0, 0, -1, 0, 0, 0, 0, 0.0, 0, 0, 0], [0, 0, 1, 0, 0, 0, -1, 0, 0, 0, 0, 0.0, 0, 0, 0], [0, 0, 6, 0, 0, 0, -1, 0, 0, 0, 0, 0.0, 0, 0, 0], [0, 0, 1, 0, 0, 0, -1, 0, 0, 0, 0, 0.0, 0, 0, 0], [0, 0, 5, 0, 0, 0, -1, 0, 0, 0, 0, 0.0, 0, 0, 0], [0, 0, 6, 0, 0, 0, -1, 0, 0, 0, 0, 0.0, 0, 0, 0], [0, 0, 6, 0, 0, 0, -1, 0, 0, 0, 0, 0.0, 0, 0, 0], [0, 0, 2, 0, 0, 0, -1, 0, 0, 0, 1, 0.0, 0, 1, 0], [0, 0, 4, 0, 0, 0, -1, 0, 0, 0, 0, 0.0, 0, 0, 0], [0, 0, 3, 0, 0, 0, -1, 0, 0, 0, 1, 0.0, 0, 0, 0], [0, 0, 5, 0, 0, 0, -1, 0, 0, 0, 0, 0.0, 0, 0, 0], [0, 0, 1, 0, 0, 0, -1, 0, 0, 0, 0, 0.0, 0, 0, 0], [0, 0, 1, 0, 0, 0, -1, 0, 0, 0, 0, 0.0, 0, 0, 0], [0, 0, 1, 0, 0, 0, -1, 0, 0, 0, 0, 0.0, 0, 0, 0], [0, 0, 6, 0, 0, 0, -1, 0, 0, 0, 0, 0.0, 0, 0, 0], [0, 0, 6, 0, 0, 0, -1, 0, 0, 0, 0, 0.0, 0, 0, 0], [0, 1, 2, 0, 0, 0, -1, 0, 0, 0, 0, 0.0, 0, 0, 0], [0, 0, 1, 0, 0, 0, -1, 0, 0, 0, 0, 0.0, 0, 0, 0], [0, 0, 6, 0, 0, 0, -1, 0, 0, 0, 0, 0.0, 0, 0, 0], [0, 0, 6, 0, 0, 0, -1, 0, 0, 0, 0, 0.0, 0, 0, 0], [0, 0, 6, 0, 0, 0, -1, 0, 0, 0, 0, 0.0, 0, 0, 0], [0, 0, 5, 0, 0, 0, -1, 0, 0, 0, 0, 0.0, 0, 0, 0], [0, 0, 1, 0, 0, 0, -1, 0, 0, 0, 0, 0.0, 0, 0, 0], [0, 0, 3, 0, 0, 0, -1, 0, 0, 0, 0, 0.0, 0, 0, 0], [0, 0, 6, 0, 0, 0, -1, 0, 0, 0, 0, 0.0, 0, 0, 0], [0, 0, 1, 0, 0, 0, -1, 0, 0, 0, 0, 0.0, 0, 1, 0], [0, 0, 1, 0, 0, 0, -1, 0, 0, 0, 0, 0.0, 0, 0, 0], [0, 0, 6, 0, 0, 0, -1, 0, 0, 0, 0, 0.0, 0, 0, 0], [0, 0, 2, 0, 0, 0, -1, 0, 0, 0, 0, 0.0, 0, 0, 0], [0, 0, 1, 0, 0, 0, -1, 0, 0, 0, 0, 0.0, 0, 0, 0], [0, 1, 4, 0, 1, 0, -1, 0, 0, 0, 0, 0.0, 0, 0, 0], [0, 0, 1, 0, 0, 0, -1, 0, 0, 0, 0, 0.0, 0, 0, 0], [0, 0, 1, 0, 0, 0, -1, 0, 0, 0, 0, 0.0, 0, 0, 0], [0, 0, 2, 0, 0, 0, -1, 0, 0, 0, 1, 0.0, 0, 0, 0], [0, 0, 6, 0, 0, 0, -1, 0, 0, 0, 0, 0.0, 0, 0, 0], [0, 0, 1, 0, 0, 0, -1, 0, 0, 0, 0, 0.0, 0, 0, 0], [0, 0, 3, 0, 0, 0, -1, 0, 0, 0, 0, 0.0, 0, 0, 0], [0, 1, 6, 0, 1, 0, -1, 0, 0, 0, 0, 0.0, 0, 1, 0], [0, 0, 3, 0, 0, 0, -1, 0, 0, 0, 0, 0.0, 0, 0, 0], [0, 0, 3, 0, 0, 0, -1, 0, 0, 0, 0, 0.0, 0, 0, 0], [0, 0, 1, 0, 0, 0, -1, 0, 0, 0, 0, 0.0, 0, 0, 0], [0, 0, 6, 0, 0, 0, -1, 0, 0, 0, 1, 0.0, 0, 0, 0], [0, 0, 6, 0, 0, 0, -1, 0, 0, 0, 0, 0.0, 0, 0, 0], [0, 0, 1, 0, 0, 0, -1, 0, 0, 0, 0, 0.0, 0, 0, 0], [0, 0, 6, 0, 0, 0, -1, 0, 0, 0, 0, 0.0, 0, 0, 0], [0, 0, 6, 0, 0, 0, -1, 0, 0, 0, 0, 0.0, 0, 0, 0], [0, 0, 5, 0, 0, 0, -1, 0, 0, 0, 0, 0.0, 0, 0, 0], [0, 0, 1, 0, 0, 0, -1, 0, 0, 0, 0, 0.0, 0, 0, 0], [0, 0, 1, 0, 0, 0, -1, 0, 0, 0, 0, 0.0, 0, 0, 0], [0, 0, 6, 0, 0, 0, -1, 0, 0, 0, 0, 0.0, 0, 0, 0], [0, 0, 1, 0, 0, 0, -1, 0, 0, 0, 0, 0.0, 0, 0, 0], [0, 0, 6, 0, 0, 0, -1, 0, 0, 0, 0, 0.0, 0, 0, 0], [0, 0, 6, 0, 0, 0, -1, 0, 0, 0, 0, 0.0, 0, 0, 0], [0, 1, 2, 0, 1, 0, -1, 0, 0, 0, 0, 0.0, 0, 1, 0], [0, 1, 5, 0, 0, 0, -1, 0, 0, 0, 1, 0.0, 0, 1, 1], [0, 0, 6, 0, 0, 0, -1, 0, 0, 0, 0, 0.0, 0, 0, 0], [0, 0, 6, 0, 0, 0, -1, 0, 0, 0, 0, 0.0, 0, 0, 0], [0, 0, 5, 0, 0, 0, -1, 0, 0, 0, 0, 0.0, 0, 0, 0], [0, 0, 1, 0, 0, 0, -1, 0, 0, 0, 0, 0.0, 0, 0, 0], [0, 0, 6, 0, 0, 0, -1, 0, 0, 0, 0, 0.0, 0, 1, 0], [0, 0, 1, 0, 0, 0, -1, 0, 0, 0, 0, 0.0, 0, 0, 0], [0, 0, 6, 0, 0, 0, -1, 0, 0, 0, 0, 0.0, 0, 0, 0], [0, 0, 6, 0, 0, 0, -1, 0, 0, 0, 0, 0.0, 0, 0, 0], [0, 0, 6, 0, 0, 0, -1, 0, 0, 0, 0, 0.0, 0, 0, 0], [0, 0, 2, 0, 0, 0, -1, 0, 0, 0, 0, 0.0, 0, 0, 0], [0, 0, 6, 0, 0, 0, -1, 0, 0, 0, 0, 0.0, 0, 0, 0], [0, 0, 6, 0, 0, 0, -1, 0, 0, 0, 0, 0.0, 0, 0, 0], [0, 0, 2, 0, 0, 0, -1, 0, 0, 0, 0, 0.0, 0, 0, 0], [0, 0, 1, 0, 0, 0, -1, 0, 0, 0, 0, 0.0, 0, 0, 0], [0, 1, 6, 0, 0, 0, -1, 0, 0, 0, 0, 0.0, 0, 0, 0], [0, 1, 6, 0, 0, 0, -1, 0, 0, 0, 0, 0.0, 0, 1, 0], [0, 0, 3, 0, 0, 0, -1, 0, 0, 0, 0, 0.0, 0, 0, 0], [0, 0, 1, 0, 0, 0, -1, 0, 0, 0, 0, 0.0, 0, 1, 0], [0, 1, 3, 0, 1, 0, -1, 0, 0, 0, 0, 0.0, 0, 1, 1], [0, 0, 1, 0, 0, 0, -1, 0, 0, 0, 0, 0.0, 0, 0, 0], [0, 0, 6, 0, 0, 0, -1, 0, 0, 0, 0, 0.0, 0, 0, 0], [0, 0, 1, 0, 0, 0, -1, 0, 0, 0, 0, 0.0, 0, 0, 0], [0, 0, 6, 0, 0, 0, -1, 0, 0, 0, 0, 0.0, 0, 0, 0], [0, 0, 2, 0, 0, 0, -1, 0, 0, 0, 0, 0.0, 0, 0, 0], [0, 0, 1, 0, 0, 0, -1, 0, 0, 0, 0, 0.0, 0, 0, 0], [0, 0, 1, 0, 0, 0, -1, 0, 0, 0, 0, 0.0, 0, 0, 0], [0, 0, 2, 0, 0, 0, -1, 0, 0, 0, 0, 0.0, 0, 0, 0], [0, 0, 6, 0, 0, 0, -1, 0, 0, 0, 0, 0.0, 0, 0, 0], [0, 1, 3, 0, 0, 0, -1, 0, 0, 0, 0, 0.0, 0, 1, 1], [0, 0, 1, 0, 0, 0, -1, 0, 0, 0, 0, 0.0, 0, 0, 0], [0, 0, 1, 0, 0, 0, -1, 0, 0, 0, 0, 0.0, 0, 0, 0], [0, 0, 6, 0, 0, 0, -1, 0, 0, 0, 0, 0.0, 0, 0, 0], [0, 0, 6, 0, 0, 0, -1, 0, 0, 0, 0, 0.0, 0, 0, 0], [0, 0, 1, 0, 0, 0, -1, 0, 0, 0, 0, 0.0, 0, 0, 0], [0, 0, 6, 0, 0, 0, -1, 0, 0, 0, 0, 0.0, 0, 0, 0], [0, 0, 1, 0, 0, 0, -1, 0, 0, 0, 0, 0.0, 0, 0, 0], [0, 0, 1, 0, 0, 0, -1, 0, 0, 0, 0, 0.0, 0, 0, 0], [0, 1, 3, 0, 0, 0, -1, 0, 0, 0, 0, 0.0, 0, 1, 0], [0, 0, 3, 0, 0, 0, -1, 0, 0, 0, 0, 0.0, 0, 0, 0], [0, 0, 6, 0, 0, 0, -1, 0, 0, 0, 0, 0.0, 0, 0, 0], [0, 0, 6, 0, 0, 0, -1, 0, 0, 0, 0, 0.0, 0, 1, 0], [0, 0, 2, 0, 0, 0, -1, 0, 0, 0, 0, 0.0, 0, 0, 0], [0, 1, 6, 0, 0, 0, -1, 0, 0, 0, 0, 0.0, 0, 0, 0], [0, 0, 6, 0, 0, 0, -1, 0, 0, 0, 0, 0.0, 0, 0, 0], [0, 0, 1, 0, 0, 0, -1, 0, 0, 0, 0, 0.0, 0, 0, 0], [0, 0, 6, 0, 0, 0, -1, 0, 0, 0, 0, 0.0, 0, 0, 0], [0, 0, 1, 0, 0, 0, -1, 0, 0, 0, 0, 0.0, 0, 0, 0], [0, 0, 1, 0, 0, 0, -1, 0, 0, 0, 0, 0.0, 0, 0, 0], [0, 0, 5, 0, 0, 0, -1, 0, 0, 0, 0, 0.0, 0, 0, 0], [0, 0, 4, 0, 0, 0, -1, 0, 0, 0, 0, 0.0, 0, 0, 0], [0, 0, 1, 0, 0, 0, -1, 0, 0, 0, 0, 0.0, 0, 0, 0], [0, 0, 2, 0, 0, 0, -1, 0, 0, 0, 0, 0.0, 0, 0, 0], [0, 0, 1, 0, 0, 0, -1, 0, 0, 0, 0, 0.0, 0, 0, 0], [0, 0, 6, 0, 0, 0, -1, 0, 0, 0, 0, 0.0, 0, 0, 0], [0, 1, 4, 0, 0, 0, -1, 0, 0, 0, 0, 0.0, 0, 1, 0], [0, 0, 6, 0, 0, 0, -1, 0, 0, 0, 0, 0.0, 0, 0, 0], [0, 0, 1, 0, 0, 0, -1, 0, 0, 0, 0, 0.0, 0, 0, 0], [0, 0, 6, 0, 0, 0, -1, 0, 0, 0, 0, 0.0, 0, 0, 0], [1, 0, 6, 0, 0, 0, -1, 0, 0, 0, 1, 0.0, 0, 0, 0], [0, 0, 4, 0, 0, 0, -1, 0, 0, 0, 0, 0.0, 0, 0, 0], [0, 0, 6, 0, 0, 0, -1, 0, 0, 0, 0, 0.0, 0, 0, 0], [0, 0, 6, 0, 0, 0, -1, 0, 0, 0, 0, 0.0, 0, 0, 0], [0, 0, 5, 0, 0, 0, -1, 0, 0, 0, 0, 0.0, 0, 0, 0], [0, 0, 1, 0, 0, 0, -1, 0, 0, 0, 0, 0.0, 0, 0, 0], [0, 0, 1, 0, 0, 0, -1, 0, 0, 0, 0, 0.0, 0, 0, 0], [0, 0, 6, 0, 0, 0, -1, 0, 0, 0, 0, 0.0, 0, 0, 0], [0, 0, 6, 0, 0, 0, -1, 0, 0, 0, 0, 0.0, 0, 0, 0], [0, 0, 1, 0, 0, 0, -1, 0, 0, 0, 0, 0.0, 0, 0, 0], [0, 0, 1, 0, 0, 0, -1, 0, 0, 0, 0, 0.0, 0, 1, 0], [0, 0, 2, 0, 0, 0, -1, 0, 0, 0, 0, 0.0, 0, 0, 0], [0, 0, 5, 0, 0, 0, -1, 0, 0, 0, 0, 0.0, 0, 1, 0], [0, 0, 3, 0, 0, 0, -1, 0, 0, 0, 0, 0.0, 0, 0, 0], [0, 0, 3, 0, 0, 0, -1, 0, 0, 0, 0, 0.0, 0, 0, 0], [0, 0, 6, 0, 0, 0, -1, 0, 0, 0, 0, 0.0, 0, 0, 0], [0, 0, 6, 0, 0, 0, -1, 0, 0, 0, 0, 0.0, 0, 0, 0], [0, 0, 6, 0, 0, 0, -1, 0, 0, 0, 0, 0.0, 0, 0, 0], [0, 1, 2, 0, 1, 0, -1, 0, 0, 0, 0, 0.0, 0, 0, 0], [0, 0, 6, 0, 0, 0, -1, 0, 0, 0, 0, 0.0, 0, 0, 0], [0, 0, 6, 0, 0, 0, -1, 0, 0, 0, 0, 0.0, 0, 0, 0], [0, 0, 6, 0, 0, 0, -1, 0, 0, 0, 0, 0.0, 0, 0, 0], [0, 0, 6, 0, 0, 0, -1, 0, 0, 0, 0, 0.0, 0, 0, 0], [0, 0, 6, 0, 0, 0, -1, 0, 0, 0, 1, 0.0, 0, 0, 0], [0, 0, 6, 0, 0, 0, -1, 0, 0, 0, 0, 0.0, 0, 0, 0], [0, 0, 6, 0, 0, 0, -1, 0, 0, 0, 0, 0.0, 0, 0, 0], [0, 0, 2, 0, 0, 0, -1, 0, 0, 0, 0, 0.0, 0, 0, 0], [0, 0, 5, 0, 0, 0, -1, 0, 0, 0, 0, 0.0, 0, 0, 0], [0, 0, 6, 0, 0, 0, -1, 0, 0, 0, 0, 0.0, 0, 0, 0], [0, 0, 2, 0, 0, 0, -1, 0, 0, 0, 0, 0.0, 0, 0, 0], [0, 0, 6, 0, 0, 0, -1, 0, 0, 0, 0, 0.0, 0, 0, 0], [0, 0, 1, 0, 0, 0, -1, 0, 0, 0, 0, 0.0, 0, 0, 0], [0, 0, 6, 0, 0, 0, -1, 0, 0, 0, 0, 0.0, 0, 0, 0], [0, 0, 3, 0, 0, 0, -1, 0, 0, 0, 0, 0.0, 0, 1, 0], [0, 1, 6, 0, 0, 0, -1, 0, 0, 0, 0, 0.0, 0, 0, 0], [0, 0, 1, 0, 0, 0, -1, 0, 0, 0, 0, 0.0, 0, 0, 0], [0, 1, 6, 0, 0, 0, -1, 0, 0, 0, 0, 0.0, 0, 1, 0], [0, 0, 1, 0, 0, 0, -1, 0, 0, 0, 0, 0.0, 0, 0, 0], [0, 0, 1, 0, 0, 0, -1, 0, 0, 0, 0, 0.0, 0, 0, 0], [0, 0, 6, 0, 0, 0, -1, 0, 0, 0, 0, 0.0, 0, 0, 0], [0, 0, 6, 0, 0, 0, -1, 0, 0, 0, 0, 0.0, 0, 0, 0], [0, 0, 1, 0, 0, 0, -1, 0, 0, 0, 0, 0.0, 0, 0, 0], [0, 0, 1, 0, 0, 0, -1, 0, 0, 0, 0, 0.0, 0, 0, 0], [0, 0, 3, 0, 0, 0, -1, 0, 0, 0, 0, 0.0, 0, 0, 0], [0, 0, 3, 0, 0, 0, -1, 0, 0, 0, 0, 0.0, 0, 0, 0], [0, 1, 6, 0, 0, 0, -1, 0, 0, 0, 0, 0.0, 0, 1, 1], [0, 0, 1, 0, 0, 0, -1, 0, 0, 0, 0, 0.0, 0, 0, 0], [0, 0, 6, 0, 0, 0, -1, 0, 0, 0, 0, 0.0, 0, 0, 0], [0, 0, 5, 0, 0, 0, -1, 0, 0, 0, 0, 0.0, 0, 0, 0], [0, 0, 6, 0, 0, 0, -1, 0, 0, 0, 0, 0.0, 0, 0, 0], [0, 0, 6, 0, 0, 0, -1, 0, 0, 0, 0, 0.0, 0, 0, 0], [0, 1, 6, 0, 0, 0, -1, 0, 0, 0, 0, 0.0, 0, 0, 0], [0, 0, 1, 0, 0, 0, -1, 0, 0, 0, 0, 0.0, 0, 0, 0], [0, 1, 4, 0, 0, 0, -1, 0, 0, 0, 0, 0.0, 0, 1, 1], [0, 0, 6, 0, 0, 0, -1, 0, 0, 0, 0, 0.0, 0, 0, 0], [0, 0, 5, 0, 0, 0, -1, 0, 0, 0, 0, 0.0, 0, 0, 0], [0, 0, 3, 0, 0, 0, -1, 0, 0, 0, 0, 0.0, 0, 0, 0], [0, 0, 1, 0, 0, 0, -1, 0, 0, 0, 0, 0.0, 0, 0, 0], [0, 0, 1, 0, 0, 0, -1, 0, 0, 0, 0, 0.0, 0, 0, 0], [0, 1, 6, 0, 1, 0, -1, 0, 0, 0, 0, 0.0, 0, 0, 0], [0, 0, 2, 0, 0, 0, -1, 0, 0, 0, 0, 0.0, 0, 0, 0], [0, 0, 6, 0, 0, 0, -1, 0, 0, 0, 0, 0.0, 0, 0, 0], [0, 1, 3, 0, 0, 0, -1, 0, 0, 0, 0, 0.0, 0, 1, 0], [0, 0, 6, 0, 0, 0, -1, 0, 0, 0, 0, 0.0, 0, 0, 0], [0, 0, 1, 0, 0, 0, -1, 0, 0, 0, 0, 0.0, 0, 0, 0], [0, 0, 1, 0, 0, 0, -1, 0, 0, 0, 1, 0.0, 0, 1, 0], [0, 0, 6, 0, 0, 0, -1, 0, 0, 0, 0, 0.0, 0, 0, 0], [0, 1, 6, 0, 0, 0, -1, 0, 0, 0, 0, 0.0, 0, 1, 0], [0, 0, 1, 0, 0, 0, -1, 0, 0, 0, 0, 0.0, 0, 0, 0], [0, 0, 1, 0, 0, 0, -1, 0, 0, 0, 0, 0.0, 0, 0, 0], [0, 0, 5, 0, 0, 0, -1, 0, 0, 0, 0, 0.0, 0, 0, 0], [0, 0, 6, 0, 0, 0, -1, 0, 0, 0, 0, 0.0, 0, 0, 0], [0, 0, 1, 0, 0, 0, -1, 0, 0, 0, 0, 0.0, 0, 0, 0], [0, 0, 6, 0, 0, 0, -1, 0, 0, 0, 0, 0.0, 0, 1, 0], [0, 0, 6, 0, 0, 0, -1, 0, 0, 0, 0, 0.0, 0, 0, 0], [0, 0, 3, 0, 0, 0, -1, 0, 0, 0, 1, 0.0, 0, 1, 0], [0, 0, 1, 0, 0, 0, -1, 0, 0, 0, 0, 0.0, 0, 0, 0], [0, 0, 1, 0, 0, 0, -1, 0, 0, 0, 0, 0.0, 0, 0, 0], [0, 0, 1, 0, 0, 0, -1, 0, 0, 0, 0, 0.0, 0, 0, 0], [0, 0, 3, 0, 0, 0, -1, 0, 0, 0, 0, 0.0, 0, 0, 0], [0, 0, 6, 0, 0, 0, -1, 0, 0, 0, 0, 0.0, 0, 0, 0], [0, 0, 1, 0, 0, 0, -1, 0, 0, 0, 0, 0.0, 0, 0, 0], [0, 1, 2, 0, 1, 0, -1, 0, 0, 0, 0, 0.0, 0, 1, 1], [0, 0, 6, 0, 0, 0, -1, 0, 0, 0, 0, 0.0, 0, 0, 0], [0, 0, 6, 0, 0, 0, -1, 0, 0, 0, 0, 0.0, 0, 0, 0], [0, 0, 1, 0, 0, 0, -1, 0, 0, 0, 0, 0.0, 0, 0, 0], [0, 0, 2, 0, 0, 0, -1, 0, 0, 0, 0, 0.0, 0, 0, 0], [0, 0, 6, 0, 0, 0, -1, 0, 0, 0, 0, 0.0, 0, 0, 0], [0, 0, 1, 0, 0, 0, -1, 0, 0, 0, 0, 0.0, 0, 0, 0], [0, 0, 1, 0, 0, 0, -1, 0, 0, 0, 0, 0.0, 0, 0, 0], [0, 0, 6, 0, 0, 0, -1, 0, 0, 0, 1, 0.0, 0, 0, 0], [0, 0, 6, 0, 0, 0, -1, 0, 0, 0, 0, 0.0, 0, 0, 0], [0, 0, 6, 0, 0, 0, -1, 0, 0, 0, 0, 0.0, 0, 0, 0], [0, 0, 6, 0, 0, 0, -1, 0, 0, 0, 0, 0.0, 0, 0, 0], [0, 0, 1, 0, 0, 0, -1, 0, 0, 0, 0, 0.0, 0, 0, 0], [0, 0, 3, 0, 0, 0, -1, 0, 0, 0, 0, 0.0, 0, 0, 0], [0, 0, 2, 0, 0, 0, -1, 0, 0, 0, 0, 0.0, 0, 0, 0], [0, 0, 6, 0, 0, 0, -1, 0, 0, 0, 0, 0.0, 0, 0, 0], [0, 0, 2, 0, 0, 0, -1, 0, 0, 0, 0, 0.0, 0, 0, 0], [0, 1, 3, 0, 1, 0, -1, 0, 0, 0, 0, 0.0, 0, 1, 0], [0, 0, 1, 0, 0, 0, -1, 0, 0, 0, 0, 0.0, 0, 0, 0], [0, 0, 6, 0, 0, 0, -1, 0, 0, 0, 0, 0.0, 0, 0, 0], [0, 0, 2, 0, 0, 0, -1, 0, 0, 0, 0, 0.0, 0, 0, 0], [0, 0, 3, 0, 0, 0, -1, 0, 0, 0, 0, 0.0, 0, 0, 0], [0, 0, 2, 0, 0, 0, -1, 0, 0, 0, 0, 0.0, 0, 0, 0], [0, 0, 1, 0, 0, 0, -1, 0, 0, 0, 0, 0.0, 0, 0, 0], [0, 0, 4, 0, 0, 0, -1, 0, 0, 0, 0, 0.0, 0, 0, 0], [0, 0, 1, 0, 0, 0, -1, 0, 0, 0, 0, 0.0, 0, 0, 0], [0, 1, 6, 0, 0, 0, -1, 0, 0, 0, 0, 0.0, 0, 0, 0], [0, 0, 2, 0, 0, 0, -1, 0, 0, 0, 0, 0.0, 0, 0, 0], [0, 0, 2, 0, 0, 0, -1, 0, 0, 0, 0, 0.0, 0, 0, 0], [0, 0, 6, 0, 0, 0, -1, 0, 0, 0, 0, 0.0, 0, 0, 0], [0, 1, 4, 0, 0, 0, -1, 0, 0, 0, 1, 0.0, 0, 1, 1], [0, 1, 6, 0, 0, 0, -1, 0, 0, 0, 0, 0.0, 0, 0, 0], [0, 0, 6, 0, 0, 0, -1, 0, 0, 0, 0, 0.0, 0, 0, 0], [0, 0, 1, 0, 0, 0, -1, 0, 0, 0, 0, 0.0, 0, 0, 0], [0, 0, 3, 0, 0, 0, -1, 0, 0, 0, 0, 0.0, 0, 0, 0], [0, 0, 6, 0, 0, 0, -1, 0, 0, 0, 0, 0.0, 0, 0, 0], [0, 0, 6, 0, 0, 0, -1, 0, 0, 0, 0, 0.0, 0, 0, 0], [0, 0, 1, 0, 0, 0, -1, 0, 0, 0, 0, 0.0, 0, 0, 0], [0, 0, 6, 0, 0, 0, -1, 0, 0, 0, 0, 0.0, 0, 0, 0], [0, 0, 6, 0, 0, 0, -1, 0, 0, 0, 0, 0.0, 0, 0, 0], [0, 0, 6, 0, 0, 0, -1, 0, 0, 0, 0, 0.0, 0, 0, 0], [0, 0, 6, 0, 0, 0, -1, 0, 0, 0, 0, 0.0, 0, 0, 0], [0, 0, 3, 0, 0, 0, -1, 0, 0, 0, 0, 0.0, 0, 0, 0], [0, 0, 3, 0, 0, 0, -1, 0, 0, 0, 0, 0.0, 0, 0, 0], [0, 0, 6, 0, 0, 0, -1, 0, 0, 0, 0, 0.0, 0, 0, 0], [0, 0, 2, 0, 0, 0, -1, 0, 0, 0, 0, 0.0, 0, 0, 0], [0, 0, 1, 0, 0, 0, -1, 0, 0, 0, 0, 0.0, 0, 0, 0], [0, 0, 1, 0, 0, 0, -1, 0, 0, 0, 0, 0.0, 0, 0, 0], [0, 0, 1, 0, 0, 0, -1, 0, 0, 0, 0, 0.0, 0, 0, 0], [0, 0, 6, 0, 0, 0, -1, 0, 0, 0, 0, 0.0, 0, 0, 0], [0, 1, 6, 0, 0, 0, -1, 0, 0, 0, 0, 0.0, 0, 0, 0], [0, 0, 2, 0, 0, 0, -1, 0, 0, 0, 0, 0.0, 0, 0, 0], [0, 0, 6, 0, 0, 0, -1, 0, 0, 0, 0, 0.0, 0, 1, 0], [0, 1, 4, 0, 0, 0, -1, 0, 0, 0, 0, 0.0, 0, 1, 1], [0, 0, 6, 0, 0, 0, -1, 0, 0, 0, 0, 0.0, 0, 0, 0], [0, 0, 3, 0, 0, 0, -1, 0, 0, 0, 0, 0.0, 0, 0, 0], [0, 0, 1, 0, 0, 0, -1, 0, 0, 0, 0, 0.0, 0, 0, 0], [0, 0, 1, 0, 0, 0, -1, 0, 0, 0, 0, 0.0, 0, 1, 0], [0, 0, 5, 0, 0, 0, -1, 0, 0, 0, 0, 0.0, 0, 0, 0], [0, 0, 1, 0, 0, 0, -1, 0, 0, 0, 0, 0.0, 0, 0, 0], [0, 1, 2, 0, 0, 0, -1, 0, 0, 0, 0, 0.0, 0, 1, 0], [0, 0, 6, 0, 0, 0, -1, 0, 0, 0, 0, 0.0, 0, 0, 0], [0, 0, 3, 0, 0, 0, -1, 0, 0, 0, 0, 0.0, 0, 0, 0], [0, 0, 6, 0, 0, 0, -1, 0, 0, 0, 0, 0.0, 0, 0, 0], [0, 0, 6, 0, 0, 0, -1, 0, 0, 0, 0, 0.0, 0, 0, 0], [0, 0, 6, 0, 0, 0, -1, 0, 0, 0, 0, 0.0, 0, 0, 0], [0, 0, 2, 0, 0, 0, -1, 0, 0, 0, 0, 0.0, 0, 0, 0], [0, 0, 6, 0, 0, 0, -1, 0, 0, 0, 0, 0.0, 0, 0, 0], [0, 0, 6, 0, 0, 0, -1, 0, 0, 0, 0, 0.0, 0, 0, 0], [0, 0, 1, 0, 0, 0, -1, 0, 0, 0, 0, 0.0, 0, 0, 0], [0, 1, 2, 0, 0, 0, -1, 0, 0, 0, 0, 0.0, 0, 1, 1], [0, 1, 2, 0, 1, 0, -1, 0, 0, 0, 0, 0.0, 0, 1, 1], [0, 1, 6, 0, 0, 0, -1, 0, 0, 0, 0, 0.0, 0, 0, 0], [0, 0, 1, 0, 0, 0, -1, 0, 0, 0, 0, 0.0, 0, 0, 0], [0, 0, 6, 0, 0, 0, -1, 0, 0, 0, 0, 0.0, 0, 0, 0], [0, 0, 6, 0, 0, 0, -1, 0, 0, 0, 0, 0.0, 0, 0, 0], [0, 0, 3, 0, 0, 0, -1, 0, 0, 0, 0, 0.0, 0, 0, 0], [0, 1, 2, 0, 1, 0, -1, 0, 0, 0, 0, 0.0, 0, 1, 1], [0, 0, 1, 0, 0, 0, -1, 0, 0, 0, 0, 0.0, 0, 0, 0], [0, 0, 2, 0, 0, 0, -1, 0, 0, 0, 0, 0.0, 0, 0, 0], [0, 1, 3, 0, 1, 0, -1, 0, 0, 0, 0, 0.0, 0, 0, 0], [0, 0, 1, 0, 0, 0, -1, 0, 0, 0, 0, 0.0, 0, 0, 0], [0, 0, 6, 0, 0, 0, -1, 0, 0, 0, 0, 0.0, 0, 0, 0], [0, 1, 6, 0, 0, 0, -1, 0, 0, 0, 0, 0.0, 0, 1, 0], [0, 0, 5, 0, 0, 0, -1, 0, 0, 0, 0, 0.0, 0, 0, 0], [0, 0, 6, 0, 0, 0, -1, 0, 0, 0, 0, 0.0, 0, 0, 0], [0, 0, 6, 0, 0, 0, -1, 0, 0, 0, 0, 0.0, 0, 0, 0], [0, 0, 6, 0, 0, 0, -1, 0, 0, 0, 0, 0.0, 0, 0, 0], [0, 0, 1, 0, 0, 0, -1, 0, 0, 0, 1, 0.0, 0, 1, 0], [0, 0, 3, 0, 0, 0, -1, 0, 0, 0, 0, 0.0, 0, 0, 0], [0, 0, 4, 0, 0, 0, -1, 0, 0, 0, 0, 0.0, 0, 0, 0], [0, 0, 1, 0, 0, 0, -1, 0, 0, 0, 0, 0.0, 0, 0, 0], [0, 0, 6, 0, 0, 0, -1, 0, 0, 0, 0, 0.0, 0, 0, 0], [0, 1, 6, 0, 0, 0, -1, 0, 0, 0, 0, 0.0, 0, 0, 0], [0, 0, 6, 0, 0, 0, -1, 0, 0, 0, 0, 0.0, 0, 0, 0], [0, 0, 1, 0, 0, 0, -1, 0, 0, 0, 0, 0.0, 0, 0, 0], [0, 0, 1, 0, 0, 0, -1, 0, 0, 0, 0, 0.0, 0, 0, 0], [0, 0, 3, 0, 0, 0, -1, 0, 0, 0, 0, 0.0, 0, 0, 0], [0, 0, 3, 0, 0, 0, -1, 0, 0, 0, 0, 0.0, 0, 0, 0], [0, 0, 6, 0, 0, 0, -1, 0, 0, 0, 0, 0.0, 0, 0, 0], [0, 0, 6, 0, 0, 0, -1, 0, 0, 0, 0, 0.0, 0, 0, 0], [0, 0, 1, 0, 0, 0, -1, 0, 0, 0, 0, 0.0, 0, 0, 0], [0, 0, 2, 0, 0, 0, -1, 0, 0, 0, 0, 0.0, 0, 0, 0], [0, 0, 6, 0, 0, 0, -1, 0, 0, 0, 0, 0.0, 0, 0, 0], [0, 0, 6, 0, 0, 0, -1, 0, 0, 0, 0, 0.0, 0, 0, 0], [0, 0, 6, 0, 0, 0, -1, 0, 0, 0, 0, 0.0, 0, 0, 0], [0, 0, 3, 0, 0, 0, -1, 0, 0, 0, 0, 0.0, 0, 0, 0], [0, 0, 2, 0, 0, 0, -1, 0, 0, 0, 0, 0.0, 0, 0, 0], [0, 0, 6, 0, 0, 0, -1, 0, 0, 0, 0, 0.0, 0, 0, 0], [0, 1, 6, 0, 0, 0, -1, 0, 0, 0, 1, 0.0, 0, 1, 0], [0, 0, 6, 0, 0, 0, -1, 0, 0, 0, 0, 0.0, 0, 0, 0], [0, 1, 2, 0, 1, 0, -1, 0, 0, 0, 0, 0.0, 0, 1, 1], [0, 0, 2, 0, 0, 0, -1, 0, 0, 0, 0, 0.0, 0, 0, 0], [0, 0, 6, 0, 0, 0, -1, 0, 0, 0, 0, 0.0, 0, 0, 0], [0, 1, 2, 0, 0, 0, -1, 0, 0, 0, 0, 0.0, 0, 1, 1], [0, 1, 6, 0, 0, 0, -1, 0, 0, 0, 0, 0.0, 0, 1, 1], [0, 0, 6, 0, 0, 0, -1, 0, 0, 0, 0, 0.0, 0, 0, 0], [0, 1, 6, 0, 1, 0, -1, 0, 0, 0, 0, 0.0, 0, 1, 0], [0, 0, 5, 0, 0, 0, -1, 0, 0, 0, 0, 0.0, 0, 0, 0], [0, 0, 6, 0, 0, 0, -1, 0, 0, 0, 0, 0.0, 0, 0, 0], [0, 0, 4, 0, 0, 0, -1, 0, 0, 0, 0, 0.0, 0, 0, 0], [0, 0, 6, 0, 0, 0, -1, 0, 0, 0, 0, 0.0, 0, 0, 0], [0, 1, 6, 0, 0, 0, -1, 0, 0, 0, 0, 0.0, 0, 0, 0], [0, 0, 1, 0, 0, 0, -1, 0, 0, 0, 0, 0.0, 0, 0, 0], [0, 0, 6, 0, 0, 0, -1, 0, 0, 0, 0, 0.0, 0, 0, 0], [0, 0, 6, 0, 0, 0, -1, 0, 0, 0, 0, 0.0, 0, 0, 0], [0, 0, 3, 0, 0, 0, -1, 0, 0, 0, 0, 0.0, 0, 0, 0], [0, 0, 1, 0, 0, 0, -1, 0, 0, 0, 0, 0.0, 0, 0, 0], [0, 0, 2, 0, 0, 0, -1, 0, 0, 0, 0, 0.0, 0, 0, 0], [0, 0, 2, 0, 0, 0, -1, 0, 0, 0, 0, 0.0, 0, 1, 1], [0, 1, 6, 0, 0, 0, -1, 0, 0, 0, 1, 0.0, 0, 1, 0], [0, 0, 2, 0, 0, 0, -1, 0, 0, 0, 0, 0.0, 0, 0, 0], [0, 0, 6, 0, 0, 0, -1, 0, 0, 0, 0, 0.0, 0, 0, 0], [0, 0, 6, 0, 0, 0, -1, 0, 0, 0, 0, 0.0, 0, 0, 0], [0, 0, 6, 0, 0, 0, -1, 0, 0, 0, 0, 0.0, 0, 0, 0], [0, 0, 1, 0, 0, 0, -1, 0, 0, 0, 0, 0.0, 0, 1, 0], [0, 0, 6, 0, 0, 0, -1, 0, 0, 0, 0, 0.0, 0, 0, 0], [0, 0, 6, 0, 0, 0, -1, 0, 0, 0, 0, 0.0, 0, 0, 0], [0, 0, 6, 0, 0, 0, -1, 0, 0, 0, 0, 0.0, 0, 0, 0], [0, 0, 2, 0, 0, 0, -1, 0, 0, 0, 0, 0.0, 0, 0, 0], [0, 0, 1, 0, 0, 0, -1, 0, 0, 0, 0, 0.0, 0, 0, 0], [0, 1, 6, 0, 0, 0, -1, 0, 0, 0, 0, 0.0, 0, 0, 0], [0, 0, 1, 0, 0, 0, -1, 0, 0, 0, 0, 0.0, 0, 0, 0], [0, 0, 6, 0, 0, 0, -1, 0, 0, 0, 0, 0.0, 0, 0, 0], [0, 0, 6, 0, 0, 0, -1, 0, 0, 0, 0, 0.0, 0, 0, 0], [0, 0, 1, 0, 0, 0, -1, 0, 0, 0, 0, 0.0, 0, 1, 0], [0, 0, 4, 0, 0, 0, -1, 0, 0, 0, 0, 0.0, 0, 0, 0], [0, 0, 1, 0, 0, 0, -1, 0, 0, 0, 0, 0.0, 0, 0, 0], [0, 0, 1, 0, 0, 0, -1, 0, 0, 0, 0, 0.0, 0, 0, 0], [0, 0, 6, 0, 0, 0, -1, 0, 0, 0, 0, 0.0, 0, 0, 0], [0, 0, 1, 0, 0, 0, -1, 0, 0, 0, 0, 0.0, 0, 0, 0], [0, 0, 6, 0, 0, 0, -1, 0, 0, 0, 0, 0.0, 0, 0, 0], [0, 0, 1, 0, 0, 0, -1, 0, 0, 0, 0, 0.0, 0, 0, 0], [0, 0, 1, 0, 0, 0, -1, 0, 0, 0, 0, 0.0, 0, 0, 0], [0, 0, 4, 0, 0, 0, -1, 0, 0, 0, 0, 0.0, 0, 0, 0], [0, 0, 2, 0, 0, 0, -1, 0, 0, 0, 0, 0.0, 0, 0, 0], [0, 0, 2, 0, 0, 0, -1, 0, 0, 0, 0, 0.0, 0, 0, 0], [0, 0, 6, 0, 0, 0, -1, 0, 0, 0, 0, 0.0, 0, 0, 0], [0, 0, 3, 0, 0, 0, -1, 0, 0, 0, 0, 0.0, 0, 0, 0], [0, 0, 6, 0, 0, 0, -1, 0, 0, 0, 0, 0.0, 0, 0, 0], [0, 0, 6, 0, 0, 0, -1, 0, 0, 0, 0, 0.0, 0, 0, 0], [0, 0, 2, 0, 0, 0, -1, 0, 0, 0, 0, 0.0, 0, 0, 0], [0, 0, 2, 0, 0, 0, -1, 0, 0, 0, 0, 0.0, 0, 0, 0], [0, 0, 4, 0, 0, 0, -1, 0, 0, 0, 0, 0.0, 0, 0, 0], [0, 0, 1, 0, 0, 0, -1, 0, 0, 0, 0, 0.0, 0, 0, 0], [0, 0, 6, 0, 0, 0, -1, 0, 0, 0, 0, 0.0, 0, 0, 0], [0, 0, 1, 0, 0, 0, -1, 0, 0, 0, 0, 0.0, 0, 0, 0], [0, 1, 6, 0, 0, 0, -1, 0, 0, 0, 1, 0.0, 0, 1, 0], [0, 0, 6, 0, 0, 0, -1, 0, 0, 0, 0, 0.0, 0, 0, 0], [0, 0, 4, 0, 0, 0, -1, 0, 0, 0, 0, 0.0, 0, 0, 0], [0, 0, 1, 0, 0, 0, -1, 0, 0, 0, 0, 0.0, 0, 0, 0], [0, 0, 6, 0, 0, 0, -1, 0, 0, 0, 0, 0.0, 0, 0, 0], [0, 1, 2, 0, 1, 0, -1, 0, 0, 0, 0, 0.0, 0, 1, 1], [0, 0, 1, 0, 0, 0, -1, 0, 0, 0, 0, 0.0, 0, 0, 0], [0, 0, 4, 0, 0, 0, -1, 0, 0, 0, 0, 0.0, 0, 0, 0], [0, 0, 6, 0, 0, 0, -1, 0, 0, 0, 0, 0.0, 0, 0, 0], [0, 0, 6, 0, 0, 0, -1, 0, 0, 0, 0, 0.0, 0, 0, 0], [0, 0, 6, 0, 0, 0, -1, 0, 0, 0, 1, 0.0, 0, 1, 0], [0, 0, 6, 0, 0, 0, -1, 0, 0, 0, 0, 0.0, 0, 0, 0], [0, 1, 3, 0, 0, 0, -1, 0, 0, 0, 0, 0.0, 0, 1, 0], [0, 1, 3, 0, 0, 0, -1, 0, 0, 0, 0, 0.0, 0, 1, 1], [0, 0, 6, 0, 0, 0, -1, 0, 0, 0, 0, 0.0, 0, 0, 0], [0, 0, 4, 0, 0, 0, -1, 0, 0, 0, 0, 0.0, 0, 0, 0], [0, 0, 6, 0, 0, 0, -1, 0, 0, 0, 0, 0.0, 0, 0, 0], [0, 0, 6, 0, 0, 0, -1, 0, 0, 0, 0, 0.0, 0, 0, 0], [0, 0, 6, 0, 0, 0, -1, 0, 0, 0, 0, 0.0, 0, 0, 0], [0, 0, 1, 0, 0, 0, -1, 0, 0, 0, 0, 0.0, 0, 0, 0], [0, 0, 6, 0, 0, 0, -1, 0, 0, 0, 0, 0.0, 0, 0, 0], [0, 0, 1, 0, 0, 0, -1, 0, 0, 0, 0, 0.0, 0, 0, 0], [0, 0, 1, 0, 0, 0, -1, 0, 0, 0, 0, 0.0, 0, 0, 0], [0, 0, 1, 0, 0, 0, -1, 0, 0, 0, 0, 0.0, 0, 0, 0], [0, 0, 1, 0, 0, 0, -1, 0, 0, 0, 0, 0.0, 0, 0, 0], [0, 0, 4, 0, 0, 0, -1, 0, 0, 0, 0, 0.0, 0, 0, 0], [0, 1, 2, 0, 1, 0, -1, 0, 0, 0, 0, 0.0, 0, 1, 1], [0, 0, 6, 0, 0, 0, -1, 0, 0, 0, 0, 0.0, 0, 0, 0], [0, 0, 1, 0, 0, 0, -1, 0, 0, 0, 0, 0.0, 0, 0, 0], [0, 0, 6, 0, 0, 0, -1, 0, 0, 0, 0, 0.0, 0, 0, 0], [0, 0, 1, 0, 0, 0, -1, 0, 0, 0, 1, 0.0, 0, 1, 0], [0, 0, 1, 0, 0, 0, -1, 0, 0, 0, 0, 0.0, 0, 0, 0], [0, 0, 1, 0, 0, 0, -1, 0, 0, 0, 0, 0.0, 0, 0, 0], [0, 0, 1, 0, 0, 0, -1, 0, 0, 0, 0, 0.0, 0, 0, 0], [0, 0, 6, 0, 0, 0, -1, 0, 0, 0, 0, 0.0, 0, 0, 0], [0, 0, 5, 0, 0, 0, -1, 0, 0, 0, 0, 0.0, 0, 0, 0], [0, 0, 1, 0, 0, 0, -1, 0, 0, 0, 0, 0.0, 0, 0, 0], [0, 0, 6, 0, 0, 0, -1, 0, 0, 0, 0, 0.0, 0, 0, 0], [0, 1, 3, 0, 0, 0, -1, 0, 0, 0, 0, 0.0, 0, 0, 0], [0, 0, 6, 0, 0, 0, -1, 0, 0, 0, 0, 0.0, 0, 0, 0], [0, 0, 2, 0, 0, 0, -1, 0, 0, 0, 0, 0.0, 0, 0, 0], [0, 0, 5, 0, 0, 0, -1, 0, 0, 0, 0, 0.0, 0, 0, 0], [0, 0, 1, 0, 0, 0, -1, 0, 0, 0, 0, 0.0, 0, 0, 0], [0, 0, 6, 0, 0, 0, -1, 0, 0, 0, 0, 0.0, 0, 0, 0], [0, 0, 6, 0, 0, 0, -1, 0, 0, 0, 0, 0.0, 0, 0, 0], [0, 0, 6, 0, 0, 0, -1, 0, 0, 0, 0, 0.0, 0, 0, 0], [0, 0, 3, 0, 0, 0, -1, 0, 0, 0, 0, 0.0, 0, 0, 0], [0, 0, 2, 0, 0, 0, -1, 0, 0, 0, 0, 0.0, 0, 0, 0], [0, 0, 6, 0, 0, 0, -1, 0, 0, 0, 0, 0.0, 0, 0, 0], [0, 1, 2, 0, 1, 0, -1, 0, 0, 0, 0, 0.0, 0, 1, 0], [0, 0, 6, 0, 0, 0, -1, 0, 0, 0, 0, 0.0, 0, 0, 0], [0, 0, 1, 0, 0, 0, -1, 0, 0, 0, 0, 0.0, 0, 0, 0], [0, 0, 1, 0, 0, 0, -1, 0, 0, 0, 0, 0.0, 0, 0, 0], [0, 0, 1, 0, 0, 0, -1, 0, 0, 0, 0, 0.0, 0, 0, 0], [0, 0, 6, 0, 0, 0, -1, 0, 0, 0, 0, 0.0, 0, 0, 0], [0, 0, 6, 0, 0, 0, -1, 0, 0, 0, 0, 0.0, 0, 0, 0], [0, 1, 4, 0, 0, 0, -1, 0, 0, 0, 0, 0.0, 0, 1, 0], [0, 0, 6, 0, 0, 0, -1, 0, 0, 0, 0, 0.0, 0, 0, 0], [0, 0, 1, 0, 0, 0, -1, 0, 0, 0, 0, 0.0, 0, 0, 0], [0, 0, 6, 0, 0, 0, -1, 0, 0, 0, 0, 0.0, 0, 0, 0], [0, 1, 6, 0, 0, 0, -1, 0, 0, 0, 0, 0.0, 0, 0, 0], [0, 0, 6, 0, 0, 0, -1, 0, 0, 0, 0, 0.0, 0, 0, 0], [0, 0, 1, 0, 0, 0, -1, 0, 0, 0, 0, 0.0, 0, 1, 0], [0, 0, 6, 0, 0, 0, -1, 0, 0, 0, 0, 0.0, 0, 0, 0], [0, 0, 4, 0, 0, 0, -1, 0, 0, 0, 0, 0.0, 0, 0, 0], [0, 1, 6, 0, 0, 0, -1, 0, 0, 0, 0, 0.0, 0, 0, 0], [0, 0, 1, 0, 0, 0, -1, 0, 0, 0, 0, 0.0, 0, 0, 0], [0, 0, 1, 0, 0, 0, -1, 0, 0, 0, 0, 0.0, 0, 0, 0], [0, 0, 1, 0, 0, 0, -1, 0, 0, 0, 0, 0.0, 0, 0, 0], [0, 0, 6, 0, 0, 0, -1, 0, 0, 0, 0, 0.0, 0, 0, 0], [0, 1, 2, 0, 1, 0, -1, 0, 0, 0, 0, 0.0, 0, 0, 0], [0, 0, 1, 0, 0, 0, -1, 0, 0, 0, 0, 0.0, 0, 0, 0], [0, 0, 6, 0, 0, 0, -1, 0, 0, 0, 0, 0.0, 0, 0, 0], [0, 0, 1, 0, 0, 0, -1, 0, 0, 0, 0, 0.0, 0, 0, 0], [0, 0, 2, 0, 0, 0, -1, 0, 0, 0, 0, 0.0, 0, 0, 0], [0, 0, 6, 0, 0, 0, -1, 0, 0, 0, 0, 0.0, 0, 0, 0], [0, 0, 6, 0, 0, 0, -1, 0, 0, 0, 0, 0.0, 0, 0, 0], [0, 0, 2, 0, 0, 0, -1, 0, 0, 0, 0, 0.0, 0, 0, 0], [0, 0, 6, 0, 0, 0, -1, 0, 0, 0, 0, 0.0, 0, 0, 0], [0, 0, 6, 0, 0, 0, -1, 0, 0, 0, 0, 0.0, 0, 0, 0], [0, 0, 6, 0, 0, 0, -1, 0, 0, 0, 0, 0.0, 0, 0, 0], [0, 0, 6, 0, 0, 0, -1, 0, 0, 0, 0, 0.0, 0, 0, 0], [0, 0, 6, 0, 0, 0, -1, 0, 0, 0, 0, 0.0, 0, 0, 0], [0, 0, 2, 0, 0, 0, -1, 0, 0, 0, 0, 0.0, 0, 0, 0], [0, 0, 1, 0, 0, 0, -1, 0, 0, 0, 0, 0.0, 0, 0, 0], [0, 1, 6, 0, 1, 0, -1, 0, 0, 0, 0, 0.0, 0, 0, 0], [0, 1, 3, 0, 0, 0, -1, 0, 0, 0, 0, 0.0, 0, 1, 0], [0, 0, 1, 0, 0, 0, -1, 0, 0, 0, 0, 0.0, 0, 0, 0], [0, 0, 3, 0, 0, 0, -1, 0, 0, 0, 0, 0.0, 0, 0, 0], [0, 0, 1, 0, 0, 0, -1, 0, 0, 0, 1, 0.0, 0, 1, 0], [0, 0, 6, 0, 0, 0, -1, 0, 0, 0, 0, 0.0, 0, 0, 0], [0, 0, 2, 0, 0, 0, -1, 0, 0, 0, 0, 0.0, 0, 0, 0], [0, 0, 6, 0, 0, 0, -1, 0, 0, 0, 0, 0.0, 0, 0, 0], [0, 0, 1, 0, 0, 0, -1, 0, 0, 0, 0, 0.0, 0, 0, 0], [0, 0, 4, 0, 0, 0, -1, 0, 0, 0, 0, 0.0, 0, 1, 0], [0, 0, 1, 0, 0, 0, -1, 0, 0, 0, 0, 0.0, 0, 0, 0], [0, 0, 6, 0, 0, 0, -1, 0, 0, 0, 0, 0.0, 0, 0, 0], [0, 0, 1, 0, 0, 0, -1, 0, 0, 0, 0, 0.0, 0, 0, 0], [0, 0, 6, 0, 0, 0, -1, 0, 0, 0, 1, 0.0, 0, 0, 0], [0, 0, 6, 0, 0, 0, -1, 0, 0, 0, 0, 0.0, 0, 0, 0], [0, 0, 6, 0, 0, 0, -1, 0, 0, 0, 0, 0.0, 0, 0, 0], [0, 0, 3, 0, 0, 0, -1, 0, 0, 0, 0, 0.0, 0, 0, 0], [0, 0, 6, 0, 0, 0, -1, 0, 0, 0, 0, 0.0, 0, 0, 0], [0, 0, 1, 0, 0, 0, -1, 0, 0, 0, 0, 0.0, 0, 0, 0], [0, 0, 3, 0, 0, 0, -1, 0, 0, 0, 0, 0.0, 0, 0, 0], [0, 0, 6, 0, 0, 0, -1, 0, 0, 0, 0, 0.0, 0, 0, 0], [0, 0, 3, 0, 0, 0, -1, 0, 0, 0, 0, 0.0, 0, 0, 0], [0, 0, 6, 0, 0, 0, -1, 0, 0, 0, 1, 0.0, 0, 1, 0], [0, 0, 1, 0, 0, 0, -1, 0, 0, 0, 0, 0.0, 0, 0, 0], [0, 0, 1, 0, 0, 0, -1, 0, 0, 0, 0, 0.0, 0, 0, 0], [0, 0, 6, 0, 0, 0, -1, 0, 0, 0, 0, 0.0, 0, 0, 0], [0, 1, 5, 0, 0, 0, -1, 0, 0, 0, 1, 0.0, 0, 1, 1], [0, 0, 6, 0, 0, 0, -1, 0, 0, 0, 0, 0.0, 0, 0, 0], [0, 0, 1, 0, 0, 0, -1, 0, 0, 0, 0, 0.0, 0, 0, 0], [0, 0, 3, 0, 0, 0, -1, 0, 0, 0, 0, 0.0, 0, 0, 0], [0, 0, 6, 0, 0, 0, -1, 0, 0, 0, 0, 0.0, 0, 0, 0], [0, 0, 1, 0, 0, 0, -1, 0, 0, 0, 0, 0.0, 0, 0, 0], [0, 1, 6, 0, 0, 0, -1, 0, 0, 0, 0, 0.0, 0, 0, 0], [0, 0, 2, 0, 0, 0, -1, 0, 0, 0, 0, 0.0, 0, 0, 0], [0, 0, 4, 0, 0, 0, -1, 0, 0, 0, 0, 0.0, 0, 0, 0], [0, 0, 6, 0, 0, 0, -1, 0, 0, 0, 0, 0.0, 0, 0, 0], [0, 0, 2, 0, 0, 0, -1, 0, 0, 0, 0, 0.0, 0, 0, 0], [0, 0, 1, 0, 0, 0, -1, 0, 0, 0, 0, 0.0, 0, 0, 0], [0, 0, 6, 0, 0, 0, -1, 0, 0, 0, 0, 0.0, 0, 0, 0], [0, 0, 5, 0, 0, 0, -1, 0, 0, 0, 0, 0.0, 0, 0, 0], [0, 0, 6, 0, 0, 0, -1, 0, 0, 0, 0, 0.0, 0, 0, 0], [0, 0, 6, 0, 0, 0, -1, 0, 0, 0, 0, 0.0, 0, 0, 0], [0, 0, 3, 0, 0, 0, -1, 0, 0, 0, 0, 0.0, 0, 0, 0], [0, 0, 1, 0, 0, 0, -1, 0, 0, 0, 0, 0.0, 0, 0, 0], [0, 0, 6, 0, 0, 0, -1, 0, 0, 0, 0, 0.0, 0, 0, 0], [0, 1, 4, 0, 0, 0, -1, 0, 0, 0, 0, 0.0, 0, 1, 1], [0, 0, 6, 0, 0, 0, -1, 0, 0, 0, 0, 0.0, 0, 0, 0], [0, 0, 1, 0, 0, 0, -1, 0, 0, 0, 0, 0.0, 0, 1, 0], [0, 0, 6, 0, 0, 0, -1, 0, 0, 0, 0, 0.0, 0, 0, 0], [0, 0, 1, 0, 0, 0, -1, 0, 0, 0, 0, 0.0, 0, 0, 0], [0, 0, 6, 0, 0, 0, -1, 0, 0, 0, 0, 0.0, 0, 0, 0], [0, 0, 6, 0, 0, 0, -1, 0, 0, 0, 0, 0.0, 0, 0, 0], [0, 0, 6, 0, 0, 0, -1, 0, 0, 0, 0, 0.0, 0, 0, 0], [0, 0, 1, 0, 0, 0, -1, 0, 0, 0, 0, 0.0, 0, 0, 0], [0, 1, 6, 0, 0, 0, -1, 0, 0, 0, 0, 0.0, 0, 1, 1], [0, 0, 6, 0, 0, 0, -1, 0, 0, 0, 0, 0.0, 0, 0, 0], [0, 0, 1, 0, 0, 0, -1, 0, 0, 0, 0, 0.0, 0, 0, 0], [0, 0, 1, 0, 0, 0, -1, 0, 0, 0, 1, 0.0, 0, 1, 0], [0, 1, 6, 0, 0, 0, -1, 0, 0, 0, 0, 0.0, 0, 0, 0], [0, 0, 2, 0, 0, 0, -1, 0, 0, 0, 0, 0.0, 0, 0, 0], [0, 0, 6, 0, 0, 0, -1, 0, 0, 0, 0, 0.0, 0, 0, 0], [0, 0, 1, 0, 0, 0, -1, 0, 0, 0, 0, 0.0, 0, 0, 0], [0, 1, 2, 0, 0, 0, -1, 0, 0, 0, 0, 0.0, 0, 0, 0], [0, 0, 5, 0, 0, 0, -1, 0, 0, 0, 0, 0.0, 0, 0, 0], [0, 0, 2, 0, 0, 0, -1, 0, 0, 0, 0, 0.0, 0, 0, 0], [0, 0, 6, 0, 0, 0, -1, 0, 0, 0, 0, 0.0, 0, 0, 0], [0, 0, 1, 0, 0, 0, -1, 0, 0, 0, 0, 0.0, 0, 0, 0], [0, 0, 1, 0, 0, 0, -1, 0, 0, 0, 1, 0.0, 0, 1, 0], [0, 0, 6, 0, 0, 0, -1, 0, 0, 0, 0, 0.0, 0, 0, 0], [0, 0, 3, 0, 0, 0, -1, 0, 0, 0, 0, 0.0, 0, 0, 0], [0, 0, 6, 0, 0, 0, -1, 0, 0, 0, 0, 0.0, 0, 1, 0], [0, 0, 6, 0, 0, 0, -1, 0, 0, 0, 0, 0.0, 0, 0, 0], [0, 0, 3, 0, 0, 0, -1, 0, 0, 0, 1, 0.0, 0, 0, 0], [0, 0, 6, 0, 0, 0, -1, 0, 0, 0, 0, 0.0, 0, 0, 0], [0, 0, 6, 0, 0, 0, -1, 0, 0, 0, 0, 0.0, 0, 0, 0], [0, 0, 6, 0, 0, 0, -1, 0, 0, 0, 0, 0.0, 0, 0, 0], [0, 0, 1, 0, 0, 0, -1, 0, 0, 0, 0, 0.0, 0, 0, 0], [0, 0, 6, 0, 0, 0, -1, 0, 0, 0, 1, 0.0, 0, 0, 0], [0, 0, 6, 0, 0, 0, -1, 0, 0, 0, 0, 0.0, 0, 0, 0], [0, 0, 1, 0, 0, 0, -1, 0, 0, 0, 0, 0.0, 0, 0, 0], [0, 0, 6, 0, 0, 0, -1, 0, 0, 0, 0, 0.0, 0, 0, 0], [0, 1, 4, 0, 0, 0, -1, 0, 0, 0, 0, 0.0, 0, 1, 1], [0, 0, 6, 0, 0, 0, -1, 0, 0, 0, 0, 0.0, 0, 0, 0], [0, 0, 6, 0, 0, 0, -1, 0, 0, 0, 0, 0.0, 0, 0, 0], [0, 0, 6, 0, 0, 0, -1, 0, 0, 0, 0, 0.0, 0, 0, 0], [0, 0, 1, 0, 0, 0, -1, 0, 0, 0, 0, 0.0, 0, 0, 0], [0, 0, 1, 0, 0, 0, -1, 0, 0, 0, 0, 0.0, 0, 0, 0], [0, 0, 6, 0, 0, 0, -1, 0, 0, 0, 0, 0.0, 0, 0, 0], [0, 1, 6, 0, 0, 0, -1, 0, 0, 0, 0, 0.0, 0, 0, 0], [0, 0, 6, 0, 0, 0, -1, 0, 0, 0, 0, 0.0, 0, 0, 0], [0, 0, 6, 0, 0, 0, -1, 0, 0, 0, 0, 0.0, 0, 0, 0], [0, 0, 6, 0, 0, 0, -1, 0, 0, 0, 0, 0.0, 0, 0, 0], [0, 0, 3, 0, 0, 0, -1, 0, 0, 0, 1, 0.0, 0, 0, 0], [1, 1, 6, 0, 0, 0, -1, 0, 0, 0, 1, 0.0, 0, 1, 0], [0, 0, 6, 0, 0, 0, -1, 0, 0, 0, 0, 0.0, 0, 0, 0], [0, 0, 6, 0, 0, 0, -1, 0, 0, 0, 0, 0.0, 0, 0, 0], [0, 0, 1, 0, 0, 0, -1, 0, 0, 0, 0, 0.0, 0, 1, 0], [0, 0, 1, 0, 0, 0, -1, 0, 0, 0, 0, 0.0, 0, 0, 0], [0, 0, 6, 0, 0, 0, -1, 0, 0, 0, 0, 0.0, 0, 0, 0], [0, 0, 5, 0, 0, 0, -1, 0, 0, 0, 0, 0.0, 0, 0, 0], [0, 0, 1, 0, 0, 0, -1, 0, 0, 0, 0, 0.0, 0, 0, 0], [0, 0, 6, 0, 0, 0, -1, 0, 0, 0, 0, 0.0, 0, 0, 0], [0, 0, 6, 0, 0, 0, -1, 0, 0, 0, 0, 0.0, 0, 0, 0], [0, 0, 4, 0, 0, 0, -1, 0, 0, 0, 0, 0.0, 0, 0, 0], [0, 0, 1, 0, 0, 0, -1, 0, 0, 0, 0, 0.0, 0, 0, 0], [0, 0, 1, 0, 0, 0, -1, 0, 0, 0, 0, 0.0, 0, 0, 0], [0, 1, 6, 0, 0, 0, -1, 0, 0, 0, 0, 0.0, 0, 0, 0], [0, 0, 1, 0, 0, 0, -1, 0, 0, 0, 0, 0.0, 0, 0, 0], [0, 0, 1, 0, 0, 0, -1, 0, 0, 0, 0, 0.0, 0, 0, 0], [0, 0, 6, 0, 0, 0, -1, 0, 0, 0, 0, 0.0, 0, 0, 0], [0, 0, 1, 0, 0, 0, -1, 0, 0, 0, 0, 0.0, 0, 1, 0], [0, 0, 6, 0, 0, 0, -1, 0, 0, 0, 0, 0.0, 0, 0, 0], [0, 1, 4, 0, 1, 0, -1, 0, 0, 0, 0, 0.0, 0, 0, 0], [0, 0, 1, 0, 0, 0, -1, 0, 0, 0, 0, 0.0, 0, 1, 0], [0, 0, 2, 0, 0, 0, -1, 0, 0, 0, 0, 0.0, 0, 0, 0], [0, 0, 6, 0, 0, 0, -1, 0, 0, 0, 0, 0.0, 0, 0, 0], [0, 1, 6, 0, 1, 0, -1, 0, 0, 0, 0, 0.0, 0, 1, 1], [0, 1, 4, 0, 1, 0, -1, 0, 0, 0, 0, 0.0, 0, 1, 1], [0, 0, 1, 0, 0, 0, -1, 0, 0, 0, 0, 0.0, 0, 0, 0], [0, 1, 6, 0, 0, 0, -1, 0, 0, 0, 0, 0.0, 0, 0, 0], [0, 0, 6, 0, 0, 0, -1, 0, 0, 0, 0, 0.0, 0, 1, 0], [0, 1, 6, 0, 0, 0, -1, 0, 0, 0, 0, 0.0, 0, 0, 0], [0, 1, 6, 0, 0, 0, -1, 0, 0, 0, 0, 0.0, 0, 0, 0], [0, 0, 6, 0, 0, 0, -1, 0, 0, 0, 0, 0.0, 0, 0, 0], [0, 0, 1, 0, 0, 0, -1, 0, 0, 0, 0, 0.0, 0, 0, 0], [0, 0, 3, 0, 0, 0, -1, 0, 0, 0, 0, 0.0, 0, 0, 0], [0, 0, 2, 0, 0, 0, -1, 0, 0, 0, 0, 0.0, 0, 0, 0], [0, 0, 6, 0, 0, 0, -1, 0, 0, 0, 0, 0.0, 0, 0, 0], [0, 0, 4, 0, 0, 0, -1, 0, 0, 0, 0, 0.0, 0, 0, 0], [0, 0, 6, 0, 0, 0, -1, 0, 0, 0, 0, 0.0, 0, 0, 0], [0, 0, 1, 0, 0, 0, -1, 0, 0, 0, 0, 0.0, 0, 0, 0], [0, 0, 6, 0, 0, 0, -1, 0, 0, 0, 0, 0.0, 0, 0, 0], [0, 0, 1, 0, 0, 0, -1, 0, 0, 0, 0, 0.0, 0, 0, 0], [0, 0, 6, 0, 0, 0, -1, 0, 0, 0, 0, 0.0, 0, 0, 0], [0, 0, 1, 0, 0, 0, -1, 0, 0, 0, 0, 0.0, 0, 1, 0], [0, 1, 6, 0, 0, 0, -1, 0, 0, 0, 0, 0.0, 0, 1, 1], [0, 0, 6, 0, 0, 0, -1, 0, 0, 0, 0, 0.0, 0, 0, 0], [0, 0, 6, 0, 0, 0, -1, 0, 0, 0, 0, 0.0, 0, 0, 0], [0, 0, 5, 0, 0, 0, -1, 0, 0, 0, 0, 0.0, 0, 1, 0], [0, 0, 1, 0, 0, 0, -1, 0, 0, 0, 0, 0.0, 0, 0, 0], [0, 0, 1, 0, 0, 0, -1, 0, 0, 0, 0, 0.0, 0, 0, 0], [0, 0, 1, 0, 0, 0, -1, 0, 0, 0, 1, 0.0, 0, 0, 0], [0, 0, 1, 0, 0, 0, -1, 0, 0, 0, 0, 0.0, 0, 0, 0], [0, 0, 4, 0, 0, 0, -1, 0, 0, 0, 0, 0.0, 0, 0, 0], [0, 0, 1, 0, 0, 0, -1, 0, 0, 0, 0, 0.0, 0, 0, 0], [0, 0, 5, 0, 0, 0, -1, 0, 0, 0, 0, 0.0, 0, 0, 0], [0, 0, 6, 0, 0, 0, -1, 0, 0, 0, 0, 0.0, 0, 0, 0], [0, 0, 6, 0, 0, 0, -1, 0, 0, 0, 0, 0.0, 0, 0, 0], [0, 0, 6, 0, 0, 0, -1, 0, 0, 0, 0, 0.0, 0, 0, 0], [0, 0, 6, 0, 0, 0, -1, 0, 0, 0, 0, 0.0, 0, 0, 0], [0, 0, 1, 0, 0, 0, -1, 0, 0, 0, 0, 0.0, 0, 0, 0], [0, 0, 6, 0, 0, 0, -1, 0, 0, 0, 0, 0.0, 0, 0, 0], [0, 0, 6, 0, 0, 0, -1, 0, 0, 0, 0, 0.0, 0, 0, 0], [0, 0, 1, 0, 0, 0, -1, 0, 0, 0, 0, 0.0, 0, 1, 0], [0, 0, 2, 0, 0, 0, -1, 0, 0, 0, 0, 0.0, 0, 0, 0], [0, 0, 1, 0, 0, 0, -1, 0, 0, 0, 0, 0.0, 0, 0, 0], [0, 0, 5, 0, 0, 0, -1, 0, 0, 0, 0, 0.0, 0, 0, 0], [0, 0, 3, 0, 0, 0, -1, 0, 0, 0, 0, 0.0, 0, 0, 0], [0, 0, 2, 0, 0, 0, -1, 0, 0, 0, 0, 0.0, 0, 0, 0], [0, 1, 6, 0, 0, 0, -1, 0, 0, 0, 0, 0.0, 0, 0, 0], [0, 0, 1, 0, 0, 0, -1, 0, 0, 0, 0, 0.0, 0, 0, 0], [0, 0, 1, 0, 0, 0, -1, 0, 0, 0, 0, 0.0, 0, 0, 0], [0, 0, 2, 0, 0, 0, -1, 0, 0, 0, 0, 0.0, 0, 0, 0], [0, 0, 4, 0, 0, 0, -1, 0, 0, 0, 0, 0.0, 0, 0, 0], [0, 0, 6, 0, 0, 0, -1, 0, 0, 0, 0, 0.0, 0, 0, 0], [0, 0, 6, 0, 0, 0, -1, 0, 0, 0, 0, 0.0, 0, 0, 0], [0, 0, 6, 0, 0, 0, -1, 0, 0, 0, 0, 0.0, 0, 0, 0], [0, 0, 2, 0, 0, 0, -1, 0, 0, 0, 0, 0.0, 0, 0, 0], [0, 0, 6, 0, 0, 0, -1, 0, 0, 0, 0, 0.0, 0, 0, 0], [0, 0, 6, 0, 0, 0, -1, 0, 0, 0, 0, 0.0, 0, 0, 0], [0, 0, 6, 0, 0, 0, -1, 0, 0, 0, 0, 0.0, 0, 1, 0], [0, 1, 2, 0, 0, 0, -1, 0, 0, 0, 0, 0.0, 0, 1, 0], [0, 0, 6, 0, 0, 0, -1, 0, 0, 0, 0, 0.0, 0, 0, 0], [0, 0, 6, 0, 0, 0, -1, 0, 0, 0, 0, 0.0, 0, 0, 0], [0, 0, 1, 0, 0, 0, -1, 0, 0, 0, 0, 0.0, 0, 0, 0], [0, 0, 1, 0, 0, 0, -1, 0, 0, 0, 0, 0.0, 0, 0, 0], [1, 1, 4, 0, 0, 0, -1, 1, 0, 0, 1, 0.0, 0, 1, 0], [0, 0, 6, 0, 0, 0, -1, 0, 0, 0, 0, 0.0, 0, 0, 0], [0, 0, 6, 0, 0, 0, -1, 0, 0, 0, 0, 0.0, 0, 0, 0], [0, 0, 6, 0, 0, 0, -1, 0, 0, 0, 0, 0.0, 0, 0, 0], [0, 0, 1, 0, 0, 0, -1, 0, 0, 0, 0, 0.0, 0, 0, 0], [0, 0, 6, 0, 0, 0, -1, 0, 0, 0, 0, 0.0, 0, 0, 0], [0, 0, 4, 0, 0, 0, -1, 0, 0, 0, 0, 0.0, 0, 0, 0], [0, 1, 6, 0, 0, 0, -1, 0, 0, 0, 0, 0.0, 0, 1, 1], [0, 0, 6, 0, 0, 0, -1, 0, 0, 0, 0, 0.0, 0, 0, 0], [0, 0, 1, 0, 0, 0, -1, 0, 0, 0, 0, 0.0, 0, 0, 0], [0, 0, 6, 0, 0, 0, -1, 0, 0, 0, 0, 0.0, 0, 0, 0], [0, 0, 6, 0, 0, 0, -1, 0, 0, 0, 0, 0.0, 0, 0, 0], [0, 0, 4, 0, 0, 0, -1, 0, 0, 0, 0, 0.0, 0, 0, 0], [0, 0, 1, 0, 0, 0, -1, 0, 0, 0, 0, 0.0, 0, 0, 0], [0, 0, 2, 0, 0, 0, -1, 0, 0, 0, 0, 0.0, 0, 0, 0], [0, 0, 6, 0, 0, 0, -1, 0, 0, 0, 0, 0.0, 0, 0, 0], [0, 0, 6, 0, 0, 0, -1, 0, 0, 0, 0, 0.0, 0, 0, 0], [0, 0, 6, 0, 0, 0, -1, 0, 0, 0, 0, 0.0, 0, 0, 0], [0, 0, 3, 0, 0, 0, -1, 0, 0, 0, 0, 0.0, 0, 0, 0], [0, 1, 3, 0, 0, 0, -1, 0, 0, 0, 0, 0.0, 0, 1, 1], [0, 0, 1, 0, 0, 0, -1, 0, 0, 0, 0, 0.0, 0, 0, 0], [0, 0, 6, 0, 0, 0, -1, 0, 0, 0, 0, 0.0, 0, 0, 0], [0, 0, 1, 0, 0, 0, -1, 0, 0, 0, 0, 0.0, 0, 0, 0], [0, 1, 6, 0, 0, 0, -1, 0, 0, 0, 1, 0.0, 0, 1, 1], [0, 0, 6, 0, 0, 0, -1, 0, 0, 0, 0, 0.0, 0, 0, 0], [0, 0, 4, 0, 0, 0, -1, 0, 0, 0, 0, 0.0, 0, 0, 0], [0, 0, 1, 0, 0, 0, -1, 0, 0, 0, 0, 0.0, 0, 0, 0], [0, 0, 6, 0, 0, 0, -1, 0, 0, 0, 0, 0.0, 0, 0, 0], [0, 0, 3, 0, 0, 0, -1, 0, 0, 0, 0, 0.0, 0, 0, 0], [0, 1, 6, 0, 0, 0, -1, 0, 0, 0, 1, 0.0, 0, 1, 0], [0, 0, 1, 0, 0, 0, -1, 0, 0, 0, 0, 0.0, 0, 0, 0], [0, 0, 6, 0, 0, 0, -1, 0, 0, 0, 0, 0.0, 0, 0, 0], [0, 0, 1, 0, 0, 0, -1, 0, 0, 0, 0, 0.0, 0, 0, 0], [0, 0, 6, 0, 0, 0, -1, 0, 0, 0, 0, 0.0, 0, 0, 0], [0, 0, 1, 0, 0, 0, -1, 0, 0, 0, 0, 0.0, 0, 0, 0], [0, 0, 6, 0, 0, 0, -1, 0, 0, 0, 0, 0.0, 0, 0, 0], [0, 0, 6, 0, 0, 0, -1, 0, 0, 0, 0, 0.0, 0, 0, 0], [0, 1, 6, 0, 0, 0, -1, 0, 0, 0, 0, 0.0, 0, 1, 1], [0, 0, 6, 0, 0, 0, -1, 0, 0, 0, 0, 0.0, 0, 0, 0], [0, 0, 4, 0, 0, 0, -1, 0, 0, 0, 0, 0.0, 0, 0, 0], [0, 0, 3, 0, 0, 0, -1, 0, 0, 0, 1, 0.0, 0, 1, 0], [0, 0, 6, 0, 0, 0, -1, 0, 0, 0, 0, 0.0, 0, 0, 0], [0, 0, 1, 0, 0, 0, -1, 0, 0, 0, 0, 0.0, 0, 0, 0], [0, 1, 3, 0, 1, 0, -1, 0, 0, 0, 0, 0.0, 0, 1, 1], [0, 0, 4, 0, 0, 0, -1, 0, 0, 0, 0, 0.0, 0, 0, 0], [0, 1, 2, 0, 0, 0, -1, 0, 0, 0, 0, 0.0, 0, 1, 0], [0, 0, 6, 0, 0, 0, -1, 0, 0, 0, 0, 0.0, 0, 0, 0], [0, 0, 6, 0, 0, 0, -1, 0, 0, 0, 0, 0.0, 0, 1, 0], [0, 0, 1, 0, 0, 0, -1, 0, 0, 0, 0, 0.0, 0, 0, 0], [0, 0, 6, 0, 0, 0, -1, 0, 0, 0, 0, 0.0, 0, 0, 0], [0, 0, 6, 0, 0, 0, -1, 0, 0, 0, 0, 0.0, 0, 0, 0], [0, 0, 1, 0, 0, 0, -1, 0, 0, 0, 0, 0.0, 0, 0, 0], [0, 0, 6, 0, 0, 0, -1, 0, 0, 0, 0, 0.0, 0, 0, 0], [0, 0, 3, 0, 0, 0, -1, 0, 0, 0, 0, 0.0, 0, 0, 0], [0, 0, 1, 0, 0, 0, -1, 0, 0, 0, 0, 0.0, 0, 0, 0], [0, 0, 6, 0, 0, 0, -1, 0, 0, 0, 0, 0.0, 0, 0, 0], [0, 0, 1, 0, 0, 0, -1, 0, 0, 0, 0, 0.0, 0, 0, 0], [0, 1, 4, 0, 0, 0, -1, 0, 0, 0, 0, 0.0, 0, 1, 0], [0, 0, 2, 0, 0, 0, -1, 0, 0, 0, 0, 0.0, 0, 0, 0], [0, 0, 6, 0, 0, 0, -1, 0, 0, 0, 0, 0.0, 0, 0, 0], [0, 0, 6, 0, 0, 0, -1, 0, 0, 0, 0, 0.0, 0, 0, 0], [0, 0, 1, 0, 0, 0, -1, 0, 0, 0, 0, 0.0, 0, 0, 0], [0, 0, 6, 0, 0, 0, -1, 0, 0, 0, 0, 0.0, 0, 0, 0], [0, 0, 1, 0, 0, 0, -1, 0, 0, 0, 0, 0.0, 0, 0, 0], [0, 0, 1, 0, 0, 0, -1, 0, 0, 0, 0, 0.0, 0, 0, 0], [0, 0, 4, 0, 0, 0, -1, 0, 0, 0, 0, 0.0, 0, 0, 0], [0, 0, 1, 0, 0, 0, -1, 0, 0, 0, 0, 0.0, 0, 1, 0], [0, 0, 1, 0, 0, 0, -1, 0, 0, 0, 0, 0.0, 0, 0, 0], [0, 0, 3, 0, 0, 0, -1, 0, 0, 0, 0, 0.0, 0, 0, 0], [0, 1, 3, 0, 0, 0, -1, 0, 0, 0, 0, 0.0, 0, 1, 1], [0, 0, 6, 0, 0, 0, -1, 0, 0, 0, 0, 0.0, 0, 0, 0], [0, 0, 3, 0, 0, 0, -1, 0, 0, 0, 0, 0.0, 0, 0, 0], [0, 0, 6, 0, 0, 0, -1, 0, 0, 0, 0, 0.0, 0, 0, 0], [0, 1, 6, 0, 0, 0, -1, 0, 0, 0, 0, 0.0, 0, 1, 0], [0, 0, 6, 0, 0, 0, -1, 0, 0, 0, 0, 0.0, 0, 0, 0], [0, 0, 1, 0, 0, 0, -1, 0, 0, 0, 0, 0.0, 0, 0, 0], [0, 0, 6, 0, 0, 0, -1, 0, 0, 0, 0, 0.0, 0, 0, 0], [0, 0, 5, 0, 0, 0, -1, 0, 0, 0, 0, 0.0, 0, 0, 0], [0, 0, 2, 0, 0, 0, -1, 0, 0, 0, 0, 0.0, 0, 0, 0], [0, 0, 2, 0, 0, 0, -1, 0, 0, 0, 0, 0.0, 0, 0, 0], [0, 0, 3, 0, 0, 0, -1, 0, 0, 0, 0, 0.0, 0, 0, 0], [0, 0, 6, 0, 0, 0, -1, 0, 0, 0, 0, 0.0, 0, 0, 0], [0, 0, 1, 0, 0, 0, -1, 0, 0, 0, 0, 0.0, 0, 0, 0], [0, 0, 5, 0, 0, 0, -1, 0, 0, 0, 0, 0.0, 0, 0, 0], [0, 0, 6, 0, 0, 0, -1, 0, 0, 0, 0, 0.0, 0, 0, 0], [0, 0, 4, 0, 0, 0, -1, 0, 0, 0, 0, 0.0, 0, 1, 0], [0, 1, 5, 0, 1, 0, -1, 0, 0, 0, 0, 0.0, 0, 1, 0], [0, 0, 6, 0, 0, 0, -1, 0, 0, 0, 0, 0.0, 0, 0, 0], [0, 0, 6, 0, 0, 0, -1, 0, 0, 0, 0, 0.0, 0, 1, 0], [0, 0, 1, 0, 0, 0, -1, 0, 0, 0, 0, 0.0, 0, 0, 0], [1, 1, 5, 0, 0, 0, -1, 1, 0, 0, 1, 0.0, 0, 1, 0], [0, 0, 1, 0, 0, 0, -1, 0, 0, 0, 0, 0.0, 0, 0, 0], [0, 0, 3, 0, 0, 0, -1, 0, 0, 0, 0, 0.0, 0, 0, 0], [0, 0, 3, 0, 0, 0, -1, 0, 0, 0, 0, 0.0, 0, 0, 0], [0, 0, 6, 0, 0, 0, -1, 0, 0, 0, 0, 0.0, 0, 0, 0], [0, 1, 4, 0, 0, 0, -1, 0, 0, 0, 0, 0.0, 0, 1, 1], [0, 1, 6, 0, 1, 0, -1, 0, 0, 0, 0, 0.0, 0, 1, 1], [0, 0, 6, 0, 0, 0, -1, 0, 0, 0, 0, 0.0, 0, 0, 0], [0, 0, 6, 0, 0, 0, -1, 0, 0, 0, 0, 0.0, 0, 0, 0], [0, 0, 6, 0, 0, 0, -1, 0, 0, 0, 0, 0.0, 0, 0, 0], [0, 0, 6, 0, 0, 0, -1, 0, 0, 0, 0, 0.0, 0, 0, 0], [0, 0, 6, 0, 0, 0, -1, 0, 0, 0, 0, 0.0, 0, 0, 0], [0, 0, 6, 0, 0, 0, -1, 0, 0, 0, 0, 0.0, 0, 0, 0], [0, 0, 6, 0, 0, 0, -1, 0, 0, 0, 0, 0.0, 0, 0, 0], [0, 1, 6, 0, 0, 0, -1, 0, 0, 0, 0, 0.0, 0, 1, 1], [0, 0, 3, 0, 0, 0, -1, 0, 0, 0, 0, 0.0, 0, 0, 0], [0, 0, 3, 0, 0, 0, -1, 0, 0, 0, 1, 0.0, 0, 1, 0], [0, 0, 6, 0, 0, 0, -1, 0, 0, 0, 0, 0.0, 0, 0, 0], [0, 0, 6, 0, 0, 0, -1, 0, 0, 0, 0, 0.0, 0, 0, 0], [0, 0, 6, 0, 0, 0, -1, 0, 0, 0, 0, 0.0, 0, 0, 0], [0, 0, 2, 0, 0, 0, -1, 0, 0, 0, 0, 0.0, 0, 0, 0], [0, 0, 6, 0, 0, 0, -1, 0, 0, 0, 0, 0.0, 0, 0, 0], [0, 0, 5, 0, 0, 0, -1, 0, 0, 0, 0, 0.0, 0, 0, 0], [0, 0, 1, 0, 0, 0, -1, 0, 0, 0, 0, 0.0, 0, 0, 0], [0, 0, 1, 0, 0, 0, -1, 0, 0, 0, 0, 0.0, 0, 0, 0], [0, 0, 4, 0, 0, 0, -1, 0, 0, 0, 1, 0.0, 0, 0, 0], [0, 0, 6, 0, 0, 0, -1, 0, 0, 0, 0, 0.0, 0, 0, 0], [0, 0, 6, 0, 0, 0, -1, 0, 0, 0, 0, 0.0, 0, 0, 0], [0, 0, 3, 0, 0, 0, -1, 0, 0, 0, 0, 0.0, 0, 0, 0], [0, 0, 6, 0, 0, 0, -1, 0, 0, 0, 0, 0.0, 0, 0, 0], [0, 0, 6, 0, 0, 0, -1, 0, 0, 0, 0, 0.0, 0, 0, 0], [0, 1, 6, 0, 0, 0, -1, 0, 0, 0, 0, 0.0, 0, 1, 1], [0, 0, 2, 0, 0, 0, -1, 0, 0, 0, 0, 0.0, 0, 0, 0], [0, 0, 1, 0, 0, 0, -1, 0, 0, 0, 0, 0.0, 0, 0, 0], [0, 0, 1, 0, 0, 0, -1, 0, 0, 0, 0, 0.0, 0, 0, 0], [0, 0, 3, 0, 0, 0, -1, 0, 0, 0, 0, 0.0, 0, 0, 0]]}
  CONTROL {"lookup_paired_vs_rival": {"model_only_right": 0, "rival_only_right": 0, "discordant": 0, "mcnemar_z": NaN}, "lookup_paired_vs_rival_cos": {"n": 0, "model_only_right": 0, "rival_only_right": 0, "discordant": 0, "mcnemar_z": NaN, "max_achievable_z": 0.0, "underpowered": true}, "lookup_paired_vs_rival_cos_by_margin": {"median_margin": NaN, "low_margin": {"n": 0, "model_only_right": 0, "rival_only_right": 0, "discordant": 0, "mcnemar_z": NaN, "max_achievable_z": 0.0, "underpowered": true}, "high_margin": {"n": 0, "model_only_right": 0, "rival_only_right": 0, "discordant": 0, "mcnemar_z": NaN, "max_achievable_z": 0.0, "underpowered": true}}, "ladder": {"n_questions": 0, "pairs": 0, "concordant": 0, "ties_excluded": 0, "import_budget_zero_rate": 0.0, "import_budget_mean": 0.0, "concordance": NaN, "z_vs_half": NaN, "mean_phi": {"true": NaN, "near": NaN, "middle": NaN, "far": NaN}}, "exact_mismatches": 0, "confusion": {}, "_mixed": [], "_reach": [], "_pair": [], "_cons": [[0, 1, 3, 0, 0, 0, -1, 0, 0, 0, 0, 0.0, 0, 1, 1], [0, 0, 6, 0, 0, 0, -1, 0, 0, 0, 0, 0.0, 0, 0, 0], [0, 0, 5, 0, 0, 0, -1, 0, 0, 0, 1, 0.0, 0, 1, 0], [0, 0, 1, 0, 0, 0, -1, 0, 0, 0, 1, 0.0, 0, 1, 0], [0, 0, 1, 0, 0, 0, -1, 0, 0, 0, 0, 0.0, 0, 0, 0], [0, 0, 3, 0, 0, 0, -1, 0, 0, 0, 1, 0.0, 0, 0, 0], [0, 0, 1, 0, 0, 0, -1, 0, 0, 0, 0, 0.0, 0, 1, 0], [0, 0, 6, 0, 0, 0, -1, 0, 0, 0, 0, 0.0, 0, 0, 0], [0, 0, 3, 0, 0, 0, -1, 0, 0, 0, 0, 0.0, 0, 0, 0], [0, 0, 1, 0, 0, 0, -1, 0, 0, 0, 0, 0.0, 0, 0, 0], [0, 0, 6, 0, 0, 0, -1, 0, 0, 0, 0, 0.0, 0, 0, 0], [0, 1, 6, 0, 0, 0, -1, 0, 0, 0, 0, 0.0, 0, 1, 0], [0, 1, 6, 0, 0, 0, -1, 0, 0, 0, 0, 0.0, 0, 1, 1], [0, 0, 6, 0, 0, 0, -1, 0, 0, 0, 0, 0.0, 0, 0, 0], [0, 0, 2, 0, 0, 0, -1, 0, 0, 0, 0, 0.0, 0, 0, 0], [0, 0, 1, 0, 0, 0, -1, 0, 0, 0, 0, 0.0, 0, 0, 0], [0, 0, 2, 0, 0, 0, -1, 0, 0, 0, 0, 0.0, 0, 0, 0], [0, 0, 6, 0, 0, 0, -1, 0, 0, 0, 0, 0.0, 0, 0, 0], [0, 0, 6, 0, 0, 0, -1, 0, 0, 0, 0, 0.0, 0, 0, 0], [0, 0, 6, 0, 0, 0, -1, 0, 0, 0, 0, 0.0, 0, 0, 0], [0, 0, 6, 0, 0, 0, -1, 0, 0, 0, 0, 0.0, 0, 0, 0], [0, 0, 6, 0, 0, 0, -1, 0, 0, 0, 0, 0.0, 0, 0, 0], [0, 0, 1, 0, 0, 0, -1, 0, 0, 0, 0, 0.0, 0, 0, 0], [0, 0, 1, 0, 0, 0, -1, 0, 0, 0, 0, 0.0, 0, 0, 0], [0, 0, 2, 0, 0, 0, -1, 0, 0, 0, 0, 0.0, 0, 0, 0], [0, 0, 6, 0, 0, 0, -1, 0, 0, 0, 0, 0.0, 0, 0, 0], [0, 1, 6, 0, 0, 0, -1, 0, 0, 0, 0, 0.0, 0, 0, 0], [0, 0, 6, 0, 0, 0, -1, 0, 0, 0, 0, 0.0, 0, 0, 0], [0, 0, 1, 0, 0, 0, -1, 0, 0, 0, 0, 0.0, 0, 0, 0], [0, 0, 1, 0, 0, 0, -1, 0, 0, 0, 0, 0.0, 0, 1, 0], [0, 0, 3, 0, 0, 0, -1, 0, 0, 0, 0, 0.0, 0, 0, 0], [0, 0, 3, 0, 0, 0, -1, 0, 0, 0, 0, 0.0, 0, 0, 0], [0, 0, 1, 0, 0, 0, -1, 0, 0, 0, 0, 0.0, 0, 0, 0], [0, 0, 6, 0, 0, 0, -1, 0, 0, 0, 0, 0.0, 0, 0, 0], [0, 1, 5, 0, 0, 0, -1, 0, 0, 0, 0, 0.0, 0, 0, 0], [0, 0, 6, 0, 0, 0, -1, 0, 0, 0, 0, 0.0, 0, 0, 0], [0, 0, 6, 0, 0, 0, -1, 0, 0, 0, 0, 0.0, 0, 0, 0], [0, 0, 5, 0, 0, 0, -1, 0, 0, 0, 0, 0.0, 0, 0, 0], [0, 0, 1, 0, 0, 0, -1, 0, 0, 0, 0, 0.0, 0, 0, 0], [0, 0, 6, 0, 0, 0, -1, 0, 0, 0, 0, 0.0, 0, 0, 0], [0, 0, 1, 0, 0, 0, -1, 0, 0, 0, 0, 0.0, 0, 0, 0], [0, 0, 1, 0, 0, 0, -1, 0, 0, 0, 0, 0.0, 0, 0, 0], [0, 0, 1, 0, 0, 0, -1, 0, 0, 0, 0, 0.0, 0, 0, 0], [0, 0, 6, 0, 0, 0, -1, 0, 0, 0, 0, 0.0, 0, 0, 0], [0, 0, 6, 0, 0, 0, -1, 0, 0, 0, 0, 0.0, 0, 0, 0], [0, 0, 6, 0, 0, 0, -1, 0, 0, 0, 0, 0.0, 0, 0, 0], [0, 0, 6, 0, 0, 0, -1, 0, 0, 0, 0, 0.0, 0, 0, 0], [0, 1, 3, 0, 1, 0, -1, 0, 0, 0, 0, 0.0, 0, 1, 1], [0, 0, 1, 0, 0, 0, -1, 0, 0, 0, 0, 0.0, 0, 0, 0], [0, 0, 6, 0, 0, 0, -1, 0, 0, 0, 0, 0.0, 0, 0, 0], [0, 0, 6, 0, 0, 0, -1, 0, 0, 0, 0, 0.0, 0, 0, 0], [0, 0, 6, 0, 0, 0, -1, 0, 0, 0, 0, 0.0, 0, 0, 0], [0, 0, 6, 0, 0, 0, -1, 0, 0, 0, 0, 0.0, 0, 0, 0], [0, 0, 6, 0, 0, 0, -1, 0, 0, 0, 0, 0.0, 0, 0, 0], [0, 0, 6, 0, 0, 0, -1, 0, 0, 0, 0, 0.0, 0, 0, 0], [0, 0, 6, 0, 0, 0, -1, 0, 0, 0, 0, 0.0, 0, 0, 0], [0, 0, 1, 0, 0, 0, -1, 0, 0, 0, 0, 0.0, 0, 0, 0], [0, 0, 3, 0, 0, 0, -1, 0, 0, 0, 0, 0.0, 0, 0, 0], [0, 0, 1, 0, 0, 0, -1, 0, 0, 0, 0, 0.0, 0, 0, 0], [0, 0, 6, 0, 0, 0, -1, 0, 0, 0, 0, 0.0, 0, 0, 0], [0, 0, 6, 0, 0, 0, -1, 0, 0, 0, 1, 0.0, 0, 0, 0], [0, 0, 6, 0, 0, 0, -1, 0, 0, 0, 0, 0.0, 0, 0, 0], [0, 0, 1, 0, 0, 0, -1, 0, 0, 0, 0, 0.0, 0, 0, 0], [0, 0, 1, 0, 0, 0, -1, 0, 0, 0, 0, 0.0, 0, 0, 0], [0, 0, 1, 0, 0, 0, -1, 0, 0, 0, 0, 0.0, 0, 0, 0], [0, 0, 1, 0, 0, 0, -1, 0, 0, 0, 0, 0.0, 0, 0, 0], [0, 0, 5, 0, 0, 0, -1, 0, 0, 0, 0, 0.0, 0, 0, 0], [0, 0, 6, 0, 0, 0, -1, 0, 0, 0, 0, 0.0, 0, 0, 0], [0, 0, 3, 0, 0, 0, -1, 0, 0, 0, 0, 0.0, 0, 0, 0], [0, 0, 4, 0, 0, 0, -1, 0, 0, 0, 0, 0.0, 0, 0, 0], [0, 1, 2, 0, 0, 0, -1, 0, 0, 0, 0, 0.0, 0, 1, 1], [0, 0, 5, 0, 0, 0, -1, 0, 0, 0, 0, 0.0, 0, 0, 0], [0, 0, 6, 0, 0, 0, -1, 0, 0, 0, 0, 0.0, 0, 0, 0], [0, 0, 1, 0, 0, 0, -1, 0, 0, 0, 0, 0.0, 0, 0, 0], [0, 0, 6, 0, 0, 0, -1, 0, 0, 0, 0, 0.0, 0, 0, 0], [0, 0, 1, 0, 0, 0, -1, 0, 0, 0, 0, 0.0, 0, 0, 0], [0, 0, 6, 0, 0, 0, -1, 0, 0, 0, 0, 0.0, 0, 0, 0], [0, 0, 4, 0, 0, 0, -1, 0, 0, 0, 0, 0.0, 0, 0, 0], [0, 0, 1, 0, 0, 0, -1, 0, 0, 0, 0, 0.0, 0, 0, 0], [0, 0, 5, 0, 0, 0, -1, 0, 0, 0, 0, 0.0, 0, 0, 0], [0, 0, 2, 0, 0, 0, -1, 0, 0, 0, 0, 0.0, 0, 0, 0], [0, 0, 6, 0, 0, 0, -1, 0, 0, 0, 0, 0.0, 0, 0, 0], [0, 0, 6, 0, 0, 0, -1, 0, 0, 0, 0, 0.0, 0, 0, 0], [0, 0, 5, 0, 0, 0, -1, 0, 0, 0, 0, 0.0, 0, 0, 0], [0, 0, 6, 0, 0, 0, -1, 0, 0, 0, 0, 0.0, 0, 0, 0], [0, 1, 2, 0, 1, 0, -1, 0, 0, 0, 0, 0.0, 0, 0, 0], [0, 0, 6, 0, 0, 0, -1, 0, 0, 0, 0, 0.0, 0, 0, 0], [0, 0, 1, 0, 0, 0, -1, 0, 0, 0, 0, 0.0, 0, 0, 0], [0, 0, 3, 0, 0, 0, -1, 0, 0, 0, 0, 0.0, 0, 0, 0], [0, 0, 6, 0, 0, 0, -1, 0, 0, 0, 0, 0.0, 0, 0, 0], [0, 0, 1, 0, 0, 0, -1, 0, 0, 0, 0, 0.0, 0, 0, 0], [0, 0, 3, 0, 0, 0, -1, 0, 0, 0, 0, 0.0, 0, 0, 0], [0, 0, 1, 0, 0, 0, -1, 0, 0, 0, 0, 0.0, 0, 0, 0], [0, 0, 6, 0, 0, 0, -1, 0, 0, 0, 0, 0.0, 0, 0, 0], [0, 0, 6, 0, 0, 0, -1, 0, 0, 0, 0, 0.0, 0, 0, 0], [0, 0, 6, 0, 0, 0, -1, 0, 0, 0, 0, 0.0, 0, 0, 0], [0, 0, 6, 0, 0, 0, -1, 0, 0, 0, 0, 0.0, 0, 0, 0], [0, 0, 1, 0, 0, 0, -1, 0, 0, 0, 0, 0.0, 0, 0, 0], [0, 0, 6, 0, 0, 0, -1, 0, 0, 0, 0, 0.0, 0, 0, 0], [0, 0, 6, 0, 0, 0, -1, 0, 0, 0, 0, 0.0, 0, 0, 0], [0, 0, 6, 0, 0, 0, -1, 0, 0, 0, 0, 0.0, 0, 0, 0], [0, 0, 3, 0, 0, 0, -1, 0, 0, 0, 0, 0.0, 0, 0, 0], [0, 0, 5, 0, 0, 0, -1, 0, 0, 0, 0, 0.0, 0, 0, 0], [0, 0, 1, 0, 0, 0, -1, 0, 0, 0, 0, 0.0, 0, 0, 0], [0, 0, 6, 0, 0, 0, -1, 0, 0, 0, 0, 0.0, 0, 0, 0], [0, 0, 6, 0, 0, 0, -1, 0, 0, 0, 0, 0.0, 0, 0, 0], [0, 0, 5, 0, 0, 0, -1, 0, 0, 0, 0, 0.0, 0, 0, 0], [0, 0, 6, 0, 0, 0, -1, 0, 0, 0, 0, 0.0, 0, 0, 0], [0, 0, 4, 0, 0, 0, -1, 0, 0, 0, 0, 0.0, 0, 0, 0], [0, 0, 5, 0, 0, 0, -1, 0, 0, 0, 0, 0.0, 0, 0, 0], [0, 0, 2, 0, 0, 0, -1, 0, 0, 0, 0, 0.0, 0, 0, 0], [1, 0, 1, 0, 0, 0, -1, 1, 1, 1, 1, 0.0, 0, 1, 1], [0, 0, 1, 0, 0, 0, -1, 0, 0, 0, 0, 0.0, 0, 0, 0], [0, 1, 2, 0, 1, 0, -1, 0, 0, 0, 0, 0.0, 0, 1, 1], [0, 0, 6, 0, 0, 0, -1, 0, 0, 0, 0, 0.0, 0, 0, 0], [0, 0, 4, 0, 0, 0, -1, 0, 0, 0, 0, 0.0, 0, 0, 0], [0, 0, 6, 0, 0, 0, -1, 0, 0, 0, 0, 0.0, 0, 0, 0], [0, 0, 1, 0, 0, 0, -1, 0, 0, 0, 0, 0.0, 0, 1, 0], [0, 0, 4, 0, 0, 0, -1, 0, 0, 0, 0, 0.0, 0, 0, 0], [0, 0, 6, 0, 0, 0, -1, 0, 0, 0, 0, 0.0, 0, 0, 0], [0, 1, 3, 0, 1, 0, -1, 0, 0, 0, 0, 0.0, 0, 1, 1], [0, 0, 1, 0, 0, 0, -1, 0, 0, 0, 0, 0.0, 0, 0, 0], [0, 0, 6, 0, 0, 0, -1, 0, 0, 0, 0, 0.0, 0, 0, 0], [0, 0, 6, 0, 0, 0, -1, 0, 0, 0, 0, 0.0, 0, 0, 0], [0, 0, 6, 0, 0, 0, -1, 0, 0, 0, 0, 0.0, 0, 0, 0], [0, 0, 4, 0, 0, 0, -1, 0, 0, 0, 0, 0.0, 0, 0, 0], [0, 1, 4, 0, 0, 0, -1, 0, 0, 0, 0, 0.0, 0, 1, 1], [0, 0, 2, 0, 0, 0, -1, 0, 0, 0, 0, 0.0, 0, 0, 0], [0, 0, 1, 0, 0, 0, -1, 0, 0, 0, 0, 0.0, 0, 0, 0], [0, 0, 4, 0, 0, 0, -1, 0, 0, 0, 0, 0.0, 0, 0, 0], [0, 0, 6, 0, 0, 0, -1, 0, 0, 0, 0, 0.0, 0, 0, 0], [0, 0, 1, 0, 0, 0, -1, 0, 0, 0, 0, 0.0, 0, 0, 0], [0, 0, 6, 0, 0, 0, -1, 0, 0, 0, 0, 0.0, 0, 0, 0], [0, 0, 1, 0, 0, 0, -1, 0, 0, 0, 0, 0.0, 0, 0, 0], [0, 0, 1, 0, 0, 0, -1, 0, 0, 0, 0, 0.0, 0, 0, 0], [0, 0, 6, 0, 0, 0, -1, 0, 0, 0, 0, 0.0, 0, 0, 0], [0, 1, 4, 0, 0, 0, -1, 0, 0, 0, 0, 0.0, 0, 1, 0], [0, 0, 2, 0, 0, 0, -1, 0, 0, 0, 0, 0.0, 0, 0, 0], [0, 0, 6, 0, 0, 0, -1, 0, 0, 0, 0, 0.0, 0, 0, 0], [0, 0, 6, 0, 0, 0, -1, 0, 0, 0, 0, 0.0, 0, 0, 0], [0, 0, 3, 0, 0, 0, -1, 0, 0, 0, 0, 0.0, 0, 0, 0], [0, 0, 1, 0, 0, 0, -1, 0, 0, 0, 0, 0.0, 0, 0, 0], [0, 0, 6, 0, 0, 0, -1, 0, 0, 0, 0, 0.0, 0, 0, 0], [0, 0, 6, 0, 0, 0, -1, 0, 0, 0, 0, 0.0, 0, 0, 0], [0, 0, 6, 0, 0, 0, -1, 0, 0, 0, 0, 0.0, 0, 0, 0], [0, 0, 6, 0, 0, 0, -1, 0, 0, 0, 0, 0.0, 0, 1, 0], [0, 0, 2, 0, 0, 0, -1, 0, 0, 0, 0, 0.0, 0, 0, 0], [0, 0, 2, 0, 0, 0, -1, 0, 0, 0, 0, 0.0, 0, 0, 0], [0, 0, 1, 0, 0, 0, -1, 0, 0, 0, 0, 0.0, 0, 0, 0], [0, 0, 1, 0, 0, 0, -1, 0, 0, 0, 0, 0.0, 0, 0, 0], [0, 0, 1, 0, 0, 0, -1, 0, 0, 0, 0, 0.0, 0, 0, 0], [0, 0, 6, 0, 0, 0, -1, 0, 0, 0, 0, 0.0, 0, 0, 0], [0, 0, 6, 0, 0, 0, -1, 0, 0, 0, 0, 0.0, 0, 0, 0], [0, 0, 1, 0, 0, 0, -1, 0, 0, 0, 0, 0.0, 0, 0, 0], [0, 0, 1, 0, 0, 0, -1, 0, 0, 0, 0, 0.0, 0, 0, 0], [0, 0, 6, 0, 0, 0, -1, 0, 0, 0, 0, 0.0, 0, 0, 0], [0, 0, 1, 0, 0, 0, -1, 0, 0, 0, 0, 0.0, 0, 0, 0], [0, 1, 2, 0, 0, 0, -1, 0, 0, 0, 1, 0.0, 0, 1, 0], [0, 0, 5, 0, 0, 0, -1, 0, 0, 0, 0, 0.0, 0, 0, 0], [0, 0, 1, 0, 0, 0, -1, 0, 0, 0, 0, 0.0, 0, 0, 0], [0, 0, 1, 0, 0, 0, -1, 0, 0, 0, 0, 0.0, 0, 0, 0], [0, 0, 2, 0, 0, 0, -1, 0, 0, 0, 0, 0.0, 0, 0, 0], [0, 0, 2, 0, 0, 0, -1, 0, 0, 0, 0, 0.0, 0, 0, 0], [0, 0, 6, 0, 0, 0, -1, 0, 0, 0, 0, 0.0, 0, 0, 0], [0, 0, 6, 0, 0, 0, -1, 0, 0, 0, 0, 0.0, 0, 0, 0], [0, 0, 4, 0, 0, 0, -1, 0, 0, 0, 0, 0.0, 0, 0, 0], [0, 1, 6, 0, 0, 0, -1, 0, 0, 0, 0, 0.0, 0, 0, 0], [0, 0, 6, 0, 0, 0, -1, 0, 0, 0, 0, 0.0, 0, 0, 0], [0, 0, 6, 0, 0, 0, -1, 0, 0, 0, 0, 0.0, 0, 0, 0], [0, 0, 1, 0, 0, 0, -1, 0, 0, 0, 0, 0.0, 0, 0, 0], [0, 0, 3, 0, 0, 0, -1, 0, 0, 0, 0, 0.0, 0, 0, 0], [0, 0, 1, 0, 0, 0, -1, 0, 0, 0, 0, 0.0, 0, 1, 0], [0, 0, 1, 0, 0, 0, -1, 0, 0, 0, 0, 0.0, 0, 0, 0], [0, 0, 1, 0, 0, 0, -1, 0, 0, 0, 0, 0.0, 0, 0, 0], [0, 1, 6, 0, 0, 0, -1, 0, 0, 0, 0, 0.0, 0, 0, 0], [0, 0, 1, 0, 0, 0, -1, 0, 0, 0, 0, 0.0, 0, 0, 0], [0, 0, 1, 0, 0, 0, -1, 0, 0, 0, 0, 0.0, 0, 0, 0], [0, 1, 2, 0, 0, 0, -1, 0, 0, 0, 0, 0.0, 0, 1, 1], [0, 0, 1, 0, 0, 0, -1, 0, 0, 0, 0, 0.0, 0, 0, 0], [0, 0, 6, 0, 0, 0, -1, 0, 0, 0, 0, 0.0, 0, 0, 0], [0, 1, 6, 0, 0, 0, -1, 0, 0, 0, 0, 0.0, 0, 1, 1], [0, 0, 6, 0, 0, 0, -1, 0, 0, 0, 0, 0.0, 0, 0, 0], [0, 0, 6, 0, 0, 0, -1, 0, 0, 0, 0, 0.0, 0, 0, 0], [0, 0, 2, 0, 0, 0, -1, 0, 0, 0, 0, 0.0, 0, 0, 0], [0, 0, 3, 0, 0, 0, -1, 0, 0, 0, 0, 0.0, 0, 0, 0], [0, 0, 1, 0, 0, 0, -1, 0, 0, 0, 0, 0.0, 0, 0, 0], [0, 0, 1, 0, 0, 0, -1, 0, 0, 0, 0, 0.0, 0, 0, 0], [0, 0, 4, 0, 0, 0, -1, 0, 0, 0, 0, 0.0, 0, 0, 0], [0, 0, 6, 0, 0, 0, -1, 0, 0, 0, 0, 0.0, 0, 0, 0], [0, 0, 2, 0, 0, 0, -1, 0, 0, 0, 0, 0.0, 0, 0, 0], [0, 1, 6, 0, 0, 0, -1, 0, 0, 0, 0, 0.0, 0, 1, 1], [0, 0, 6, 0, 0, 0, -1, 0, 0, 0, 0, 0.0, 0, 0, 0], [0, 1, 6, 0, 0, 0, -1, 0, 0, 0, 0, 0.0, 0, 1, 1], [0, 0, 6, 0, 0, 0, -1, 0, 0, 0, 0, 0.0, 0, 0, 0], [0, 0, 2, 0, 0, 0, -1, 0, 0, 0, 0, 0.0, 0, 0, 0], [0, 0, 3, 0, 0, 0, -1, 0, 0, 0, 0, 0.0, 0, 0, 0], [0, 0, 6, 0, 0, 0, -1, 0, 0, 0, 0, 0.0, 0, 0, 0], [0, 0, 4, 0, 0, 0, -1, 0, 0, 0, 0, 0.0, 0, 0, 0], [0, 0, 1, 0, 0, 0, -1, 0, 0, 0, 0, 0.0, 0, 0, 0], [0, 0, 4, 0, 0, 0, -1, 0, 0, 0, 0, 0.0, 0, 0, 0], [0, 0, 2, 0, 0, 0, -1, 0, 0, 0, 0, 0.0, 0, 0, 0], [0, 0, 2, 0, 0, 0, -1, 0, 0, 0, 0, 0.0, 0, 0, 0], [0, 0, 1, 0, 0, 0, -1, 0, 0, 0, 0, 0.0, 0, 0, 0], [0, 0, 6, 0, 0, 0, -1, 0, 0, 0, 0, 0.0, 0, 0, 0], [0, 0, 1, 0, 0, 0, -1, 0, 0, 0, 0, 0.0, 0, 0, 0], [0, 0, 1, 0, 0, 0, -1, 0, 0, 0, 0, 0.0, 0, 1, 0], [0, 0, 6, 0, 0, 0, -1, 0, 0, 0, 0, 0.0, 0, 0, 0], [0, 0, 6, 0, 0, 0, -1, 0, 0, 0, 0, 0.0, 0, 0, 0], [0, 0, 6, 0, 0, 0, -1, 0, 0, 0, 0, 0.0, 0, 0, 0], [0, 0, 6, 0, 0, 0, -1, 0, 0, 0, 0, 0.0, 0, 0, 0], [0, 0, 1, 0, 0, 0, -1, 0, 0, 0, 0, 0.0, 0, 0, 0], [0, 0, 1, 0, 0, 0, -1, 0, 0, 0, 0, 0.0, 0, 0, 0], [0, 0, 1, 0, 0, 0, -1, 0, 0, 0, 0, 0.0, 0, 0, 0], [0, 0, 1, 0, 0, 0, -1, 0, 0, 0, 0, 0.0, 0, 0, 0], [0, 0, 6, 0, 0, 0, -1, 0, 0, 0, 0, 0.0, 0, 0, 0], [0, 0, 5, 0, 0, 0, -1, 0, 0, 0, 0, 0.0, 0, 0, 0], [0, 0, 2, 0, 0, 0, -1, 0, 0, 0, 0, 0.0, 0, 0, 0], [0, 0, 6, 0, 0, 0, -1, 0, 0, 0, 0, 0.0, 0, 0, 0], [0, 1, 2, 0, 0, 0, -1, 0, 0, 0, 0, 0.0, 0, 1, 0], [0, 0, 6, 0, 0, 0, -1, 0, 0, 0, 0, 0.0, 0, 0, 0], [0, 0, 1, 0, 0, 0, -1, 0, 0, 0, 0, 0.0, 0, 0, 0], [0, 0, 6, 0, 0, 0, -1, 0, 0, 0, 0, 0.0, 0, 0, 0], [0, 0, 1, 0, 0, 0, -1, 0, 0, 0, 0, 0.0, 0, 0, 0], [0, 0, 1, 0, 0, 0, -1, 0, 0, 0, 0, 0.0, 0, 0, 0], [0, 0, 6, 0, 0, 0, -1, 0, 0, 0, 0, 0.0, 0, 1, 0], [0, 0, 6, 0, 0, 0, -1, 0, 0, 0, 0, 0.0, 0, 0, 0], [0, 0, 2, 0, 0, 0, -1, 0, 0, 0, 0, 0.0, 0, 0, 0], [0, 0, 1, 0, 0, 0, -1, 0, 0, 0, 0, 0.0, 0, 0, 0], [0, 0, 1, 0, 0, 0, -1, 0, 0, 0, 0, 0.0, 0, 0, 0], [0, 0, 2, 0, 0, 0, -1, 0, 0, 0, 0, 0.0, 0, 0, 0], [0, 1, 6, 0, 0, 0, -1, 0, 0, 0, 0, 0.0, 0, 0, 0], [0, 0, 6, 0, 0, 0, -1, 0, 0, 0, 0, 0.0, 0, 0, 0], [0, 0, 6, 0, 0, 0, -1, 0, 0, 0, 0, 0.0, 0, 0, 0], [0, 0, 3, 0, 0, 0, -1, 0, 0, 0, 0, 0.0, 0, 0, 0], [0, 0, 6, 0, 0, 0, -1, 0, 0, 0, 0, 0.0, 0, 0, 0], [0, 0, 3, 0, 0, 0, -1, 0, 0, 0, 0, 0.0, 0, 0, 0], [0, 1, 2, 0, 1, 0, -1, 0, 0, 0, 0, 0.0, 0, 1, 1], [0, 0, 1, 0, 0, 0, -1, 0, 0, 0, 0, 0.0, 0, 0, 0], [0, 0, 6, 0, 0, 0, -1, 0, 0, 0, 0, 0.0, 0, 0, 0], [0, 0, 6, 0, 0, 0, -1, 0, 0, 0, 0, 0.0, 0, 0, 0], [0, 1, 6, 0, 0, 0, -1, 0, 0, 0, 0, 0.0, 0, 0, 0], [0, 0, 5, 0, 0, 0, -1, 0, 0, 0, 0, 0.0, 0, 0, 0], [0, 0, 1, 0, 0, 0, -1, 0, 0, 0, 0, 0.0, 0, 0, 0], [0, 0, 2, 0, 0, 0, -1, 0, 0, 0, 0, 0.0, 0, 0, 0], [0, 0, 6, 0, 0, 0, -1, 0, 0, 0, 0, 0.0, 0, 0, 0], [0, 0, 4, 0, 0, 0, -1, 0, 0, 0, 0, 0.0, 0, 0, 0], [0, 0, 1, 0, 0, 0, -1, 0, 0, 0, 0, 0.0, 0, 0, 0], [0, 1, 2, 0, 0, 0, -1, 0, 0, 0, 0, 0.0, 0, 1, 1], [0, 0, 5, 0, 0, 0, -1, 0, 0, 0, 0, 0.0, 0, 0, 0], [0, 0, 1, 0, 0, 0, -1, 0, 0, 0, 0, 0.0, 0, 0, 0], [0, 0, 1, 0, 0, 0, -1, 0, 0, 0, 0, 0.0, 0, 0, 0], [0, 1, 6, 0, 0, 0, -1, 0, 0, 0, 0, 0.0, 0, 0, 0], [0, 0, 6, 0, 0, 0, -1, 0, 0, 0, 0, 0.0, 0, 0, 0], [0, 0, 2, 0, 0, 0, -1, 0, 0, 0, 0, 0.0, 0, 0, 0], [0, 0, 1, 0, 0, 0, -1, 0, 0, 0, 0, 0.0, 0, 0, 0], [0, 0, 1, 0, 0, 0, -1, 0, 0, 0, 0, 0.0, 0, 0, 0], [0, 1, 6, 0, 0, 0, -1, 0, 0, 0, 0, 0.0, 0, 0, 0], [0, 0, 1, 0, 0, 0, -1, 0, 0, 0, 0, 0.0, 0, 0, 0], [0, 0, 1, 0, 0, 0, -1, 0, 0, 0, 0, 0.0, 0, 0, 0], [0, 1, 2, 0, 0, 0, -1, 0, 0, 0, 0, 0.0, 0, 1, 1], [0, 0, 6, 0, 0, 0, -1, 0, 0, 0, 0, 0.0, 0, 0, 0], [0, 0, 6, 0, 0, 0, -1, 0, 0, 0, 0, 0.0, 0, 0, 0], [0, 0, 6, 0, 0, 0, -1, 0, 0, 0, 0, 0.0, 0, 0, 0], [0, 0, 1, 0, 0, 0, -1, 0, 0, 0, 0, 0.0, 0, 0, 0], [0, 1, 2, 0, 1, 0, -1, 0, 0, 0, 1, 0.0, 0, 1, 1], [0, 0, 3, 0, 0, 0, -1, 0, 0, 0, 0, 0.0, 0, 0, 0], [0, 0, 1, 0, 0, 0, -1, 0, 0, 0, 0, 0.0, 0, 0, 0], [0, 0, 6, 0, 0, 0, -1, 0, 0, 0, 0, 0.0, 0, 0, 0], [0, 0, 6, 0, 0, 0, -1, 0, 0, 0, 0, 0.0, 0, 0, 0], [0, 0, 6, 0, 0, 0, -1, 0, 0, 0, 0, 0.0, 0, 0, 0], [0, 0, 1, 0, 0, 0, -1, 0, 0, 0, 0, 0.0, 0, 0, 0], [0, 0, 6, 0, 0, 0, -1, 0, 0, 0, 0, 0.0, 0, 0, 0], [0, 0, 1, 0, 0, 0, -1, 0, 0, 0, 0, 0.0, 0, 0, 0], [0, 1, 2, 0, 0, 0, -1, 0, 0, 0, 0, 0.0, 0, 1, 1], [0, 0, 6, 0, 0, 0, -1, 0, 0, 0, 0, 0.0, 0, 0, 0], [0, 0, 6, 0, 0, 0, -1, 0, 0, 0, 0, 0.0, 0, 0, 0], [0, 0, 6, 0, 0, 0, -1, 0, 0, 0, 0, 0.0, 0, 0, 0], [0, 0, 5, 0, 0, 0, -1, 0, 0, 0, 0, 0.0, 0, 0, 0], [0, 0, 3, 0, 0, 0, -1, 0, 0, 0, 0, 0.0, 0, 0, 0], [0, 0, 1, 0, 0, 0, -1, 0, 0, 0, 0, 0.0, 0, 0, 0], [0, 0, 2, 0, 0, 0, -1, 0, 0, 0, 0, 0.0, 0, 0, 0], [0, 0, 6, 0, 0, 0, -1, 0, 0, 0, 0, 0.0, 0, 0, 0], [0, 0, 2, 0, 0, 0, -1, 0, 0, 0, 0, 0.0, 0, 0, 0], [0, 0, 1, 0, 0, 0, -1, 0, 0, 0, 0, 0.0, 0, 0, 0], [0, 0, 4, 0, 0, 0, -1, 0, 0, 0, 0, 0.0, 0, 0, 0], [0, 0, 6, 0, 0, 0, -1, 0, 0, 0, 0, 0.0, 0, 0, 0], [0, 0, 6, 0, 0, 0, -1, 0, 0, 0, 0, 0.0, 0, 0, 0], [0, 0, 2, 0, 0, 0, -1, 0, 0, 0, 0, 0.0, 0, 0, 0], [0, 0, 6, 0, 0, 0, -1, 0, 0, 0, 0, 0.0, 0, 0, 0], [0, 0, 6, 0, 0, 0, -1, 0, 0, 0, 0, 0.0, 0, 0, 0], [0, 0, 6, 0, 0, 0, -1, 0, 0, 0, 0, 0.0, 0, 0, 0], [0, 0, 1, 0, 0, 0, -1, 0, 0, 0, 0, 0.0, 0, 0, 0], [0, 0, 3, 0, 0, 0, -1, 0, 0, 0, 0, 0.0, 0, 0, 0], [0, 1, 6, 0, 0, 0, -1, 0, 0, 0, 0, 0.0, 0, 0, 0], [0, 0, 6, 0, 0, 0, -1, 0, 0, 0, 0, 0.0, 0, 0, 0], [0, 1, 6, 0, 0, 0, -1, 0, 0, 0, 0, 0.0, 0, 0, 0], [0, 0, 1, 0, 0, 0, -1, 0, 0, 0, 0, 0.0, 0, 0, 0], [0, 0, 1, 0, 0, 0, -1, 0, 0, 0, 0, 0.0, 0, 0, 0], [0, 0, 6, 0, 0, 0, -1, 0, 0, 0, 0, 0.0, 0, 0, 0], [0, 0, 5, 0, 0, 0, -1, 0, 0, 0, 0, 0.0, 0, 0, 0], [0, 1, 4, 0, 0, 0, -1, 0, 0, 0, 0, 0.0, 0, 1, 0], [0, 0, 6, 0, 0, 0, -1, 0, 0, 0, 0, 0.0, 0, 0, 0], [0, 0, 4, 0, 0, 0, -1, 0, 0, 0, 0, 0.0, 0, 0, 0], [0, 0, 2, 0, 0, 0, -1, 0, 0, 0, 0, 0.0, 0, 0, 0], [0, 0, 1, 0, 0, 0, -1, 0, 0, 0, 0, 0.0, 0, 0, 0], [0, 0, 6, 0, 0, 0, -1, 0, 0, 0, 0, 0.0, 0, 0, 0], [0, 0, 6, 0, 0, 0, -1, 0, 0, 0, 0, 0.0, 0, 0, 0], [0, 0, 1, 0, 0, 0, -1, 0, 0, 0, 0, 0.0, 0, 0, 0], [0, 0, 6, 0, 0, 0, -1, 0, 0, 0, 0, 0.0, 0, 0, 0], [0, 1, 4, 0, 0, 0, -1, 0, 0, 0, 0, 0.0, 0, 1, 0], [0, 0, 6, 0, 0, 0, -1, 0, 0, 0, 0, 0.0, 0, 0, 0], [0, 0, 1, 0, 0, 0, -1, 0, 0, 0, 0, 0.0, 0, 0, 0], [0, 0, 6, 0, 0, 0, -1, 0, 0, 0, 0, 0.0, 0, 0, 0], [0, 0, 6, 0, 0, 0, -1, 0, 0, 0, 0, 0.0, 0, 0, 0], [0, 1, 6, 0, 0, 0, -1, 0, 0, 0, 0, 0.0, 0, 1, 0], [0, 0, 1, 0, 0, 0, -1, 0, 0, 0, 0, 0.0, 0, 0, 0], [0, 0, 2, 0, 0, 0, -1, 0, 0, 0, 0, 0.0, 0, 1, 0], [0, 0, 4, 0, 0, 0, -1, 0, 0, 0, 0, 0.0, 0, 0, 0], [0, 0, 1, 0, 0, 0, -1, 0, 0, 0, 0, 0.0, 0, 0, 0], [0, 0, 3, 0, 0, 0, -1, 0, 0, 0, 0, 0.0, 0, 0, 0], [0, 0, 6, 0, 0, 0, -1, 0, 0, 0, 0, 0.0, 0, 0, 0], [0, 0, 2, 0, 0, 0, -1, 0, 0, 0, 0, 0.0, 0, 0, 0], [0, 0, 2, 0, 0, 0, -1, 0, 0, 0, 1, 0.0, 0, 1, 0], [1, 0, 2, 0, 0, 0, -1, 1, 0, 1, 1, 0.0, 0, 0, 0], [0, 0, 6, 0, 0, 0, -1, 0, 0, 0, 0, 0.0, 0, 0, 0], [0, 0, 3, 0, 0, 0, -1, 0, 0, 0, 0, 0.0, 0, 0, 0], [0, 0, 4, 0, 0, 0, -1, 0, 0, 0, 0, 0.0, 0, 0, 0], [0, 0, 6, 0, 0, 0, -1, 0, 0, 0, 0, 0.0, 0, 0, 0], [0, 1, 6, 0, 0, 0, -1, 0, 0, 0, 0, 0.0, 0, 0, 0], [0, 0, 1, 0, 0, 0, -1, 0, 0, 0, 0, 0.0, 0, 0, 0], [0, 0, 6, 0, 0, 0, -1, 0, 0, 0, 0, 0.0, 0, 0, 0], [0, 1, 3, 0, 0, 0, -1, 0, 0, 0, 0, 0.0, 0, 1, 0], [0, 0, 2, 0, 0, 0, -1, 0, 0, 0, 0, 0.0, 0, 0, 0], [0, 0, 1, 0, 0, 0, -1, 0, 0, 0, 0, 0.0, 0, 0, 0], [0, 0, 6, 0, 0, 0, -1, 0, 0, 0, 0, 0.0, 0, 0, 0], [0, 0, 6, 0, 0, 0, -1, 0, 0, 0, 0, 0.0, 0, 0, 0], [0, 0, 1, 0, 0, 0, -1, 0, 0, 0, 0, 0.0, 0, 1, 0], [0, 0, 1, 0, 0, 0, -1, 0, 0, 0, 0, 0.0, 0, 0, 0], [0, 1, 6, 0, 0, 0, -1, 0, 0, 0, 0, 0.0, 0, 1, 0], [0, 0, 1, 0, 0, 0, -1, 0, 0, 0, 0, 0.0, 0, 0, 0], [0, 0, 6, 0, 0, 0, -1, 0, 0, 0, 0, 0.0, 0, 0, 0], [0, 0, 1, 0, 0, 0, -1, 0, 0, 0, 0, 0.0, 0, 0, 0], [0, 0, 1, 0, 0, 0, -1, 0, 0, 0, 0, 0.0, 0, 0, 0], [0, 0, 1, 0, 0, 0, -1, 0, 0, 0, 0, 0.0, 0, 0, 0], [0, 0, 1, 0, 0, 0, -1, 0, 0, 0, 0, 0.0, 0, 0, 0], [0, 0, 6, 0, 0, 0, -1, 0, 0, 0, 0, 0.0, 0, 0, 0], [0, 0, 6, 0, 0, 0, -1, 0, 0, 0, 0, 0.0, 0, 0, 0], [0, 0, 6, 0, 0, 0, -1, 0, 0, 0, 0, 0.0, 0, 0, 0], [0, 0, 6, 0, 0, 0, -1, 0, 0, 0, 0, 0.0, 0, 0, 0], [0, 0, 1, 0, 0, 0, -1, 0, 0, 0, 0, 0.0, 0, 0, 0], [0, 0, 1, 0, 0, 0, -1, 0, 0, 0, 0, 0.0, 0, 0, 0], [0, 1, 6, 0, 0, 0, -1, 0, 0, 0, 0, 0.0, 0, 1, 0], [0, 0, 2, 0, 0, 0, -1, 0, 0, 0, 0, 0.0, 0, 0, 0], [0, 0, 2, 0, 0, 0, -1, 0, 0, 0, 0, 0.0, 0, 0, 0], [0, 0, 6, 0, 0, 0, -1, 0, 0, 0, 0, 0.0, 0, 0, 0], [0, 1, 6, 0, 1, 0, -1, 0, 0, 0, 0, 0.0, 0, 0, 0], [0, 0, 6, 0, 0, 0, -1, 0, 0, 0, 0, 0.0, 0, 0, 0], [0, 1, 6, 0, 1, 0, -1, 0, 0, 0, 1, 0.0, 0, 1, 1], [0, 0, 1, 0, 0, 0, -1, 0, 0, 0, 0, 0.0, 0, 0, 0], [0, 0, 1, 0, 0, 0, -1, 0, 0, 0, 0, 0.0, 0, 0, 0], [0, 0, 2, 0, 0, 0, -1, 0, 0, 0, 0, 0.0, 0, 0, 0], [0, 0, 1, 0, 0, 0, -1, 0, 0, 0, 0, 0.0, 0, 0, 0], [0, 0, 1, 0, 0, 0, -1, 0, 0, 0, 0, 0.0, 0, 0, 0], [0, 0, 1, 0, 0, 0, -1, 0, 0, 0, 0, 0.0, 0, 0, 0], [0, 0, 1, 0, 0, 0, -1, 0, 0, 0, 0, 0.0, 0, 0, 0], [0, 0, 6, 0, 0, 0, -1, 0, 0, 0, 0, 0.0, 0, 0, 0], [0, 0, 1, 0, 0, 0, -1, 0, 0, 0, 0, 0.0, 0, 0, 0], [0, 0, 1, 0, 0, 0, -1, 0, 0, 0, 0, 0.0, 0, 0, 0], [0, 0, 6, 0, 0, 0, -1, 0, 0, 0, 0, 0.0, 0, 0, 0], [0, 0, 6, 0, 0, 0, -1, 0, 0, 0, 0, 0.0, 0, 0, 0], [0, 0, 6, 0, 0, 0, -1, 0, 0, 0, 0, 0.0, 0, 0, 0], [0, 0, 2, 0, 0, 0, -1, 0, 0, 0, 0, 0.0, 0, 0, 0], [0, 0, 1, 0, 0, 0, -1, 0, 0, 0, 0, 0.0, 0, 0, 0], [0, 0, 1, 0, 0, 0, -1, 0, 0, 0, 0, 0.0, 0, 0, 0], [0, 0, 2, 0, 0, 0, -1, 0, 0, 0, 0, 0.0, 0, 0, 0], [0, 0, 6, 0, 0, 0, -1, 0, 0, 0, 0, 0.0, 0, 0, 0], [0, 0, 6, 0, 0, 0, -1, 0, 0, 0, 0, 0.0, 0, 0, 0], [0, 0, 1, 0, 0, 0, -1, 0, 0, 0, 0, 0.0, 0, 0, 0], [0, 0, 1, 0, 0, 0, -1, 0, 0, 0, 0, 0.0, 0, 0, 0], [0, 0, 1, 0, 0, 0, -1, 0, 0, 0, 0, 0.0, 0, 0, 0], [0, 0, 3, 0, 0, 0, -1, 0, 0, 0, 0, 0.0, 0, 0, 0], [0, 0, 6, 0, 0, 0, -1, 0, 0, 0, 0, 0.0, 0, 0, 0], [0, 0, 6, 0, 0, 0, -1, 0, 0, 0, 0, 0.0, 0, 0, 0], [0, 0, 1, 0, 0, 0, -1, 0, 0, 0, 0, 0.0, 0, 0, 0], [0, 0, 6, 0, 0, 0, -1, 0, 0, 0, 0, 0.0, 0, 0, 0], [0, 0, 2, 0, 0, 0, -1, 0, 0, 0, 0, 0.0, 0, 0, 0], [0, 0, 1, 0, 0, 0, -1, 0, 0, 0, 0, 0.0, 0, 0, 0], [0, 0, 1, 0, 0, 0, -1, 0, 0, 0, 0, 0.0, 0, 0, 0], [0, 0, 1, 0, 0, 0, -1, 0, 0, 0, 1, 0.0, 0, 1, 0], [0, 0, 6, 0, 0, 0, -1, 0, 0, 0, 0, 0.0, 0, 0, 0], [0, 0, 3, 0, 0, 0, -1, 0, 0, 0, 0, 0.0, 0, 0, 0], [0, 0, 1, 0, 0, 0, -1, 0, 0, 0, 0, 0.0, 0, 0, 0], [0, 1, 2, 0, 0, 0, -1, 0, 0, 0, 0, 0.0, 0, 1, 1], [0, 0, 6, 0, 0, 0, -1, 0, 0, 0, 0, 0.0, 0, 0, 0], [0, 1, 6, 0, 0, 0, -1, 0, 0, 0, 0, 0.0, 0, 1, 1], [0, 0, 1, 0, 0, 0, -1, 0, 0, 0, 0, 0.0, 0, 0, 0], [0, 0, 1, 0, 0, 0, -1, 0, 0, 0, 0, 0.0, 0, 0, 0], [0, 0, 6, 0, 0, 0, -1, 0, 0, 0, 0, 0.0, 0, 0, 0], [0, 1, 6, 0, 0, 0, -1, 0, 0, 0, 0, 0.0, 0, 1, 0], [0, 0, 6, 0, 0, 0, -1, 0, 0, 0, 0, 0.0, 0, 0, 0], [0, 0, 1, 0, 0, 0, -1, 0, 0, 0, 0, 0.0, 0, 0, 0], [0, 0, 6, 0, 0, 0, -1, 0, 0, 0, 0, 0.0, 0, 0, 0], [0, 0, 6, 0, 0, 0, -1, 0, 0, 0, 0, 0.0, 0, 0, 0], [0, 0, 6, 0, 0, 0, -1, 0, 0, 0, 0, 0.0, 0, 0, 0], [0, 0, 6, 0, 0, 0, -1, 0, 0, 0, 0, 0.0, 0, 0, 0], [0, 0, 6, 0, 0, 0, -1, 0, 0, 0, 0, 0.0, 0, 0, 0], [0, 0, 6, 0, 0, 0, -1, 0, 0, 0, 0, 0.0, 0, 0, 0], [0, 0, 1, 0, 0, 0, -1, 0, 0, 0, 0, 0.0, 0, 0, 0], [0, 0, 6, 0, 0, 0, -1, 0, 0, 0, 0, 0.0, 0, 0, 0], [0, 0, 5, 0, 0, 0, -1, 0, 0, 0, 0, 0.0, 0, 0, 0], [0, 0, 1, 0, 0, 0, -1, 0, 0, 0, 0, 0.0, 0, 0, 0], [0, 0, 6, 0, 0, 0, -1, 0, 0, 0, 0, 0.0, 0, 0, 0], [0, 0, 1, 0, 0, 0, -1, 0, 0, 0, 0, 0.0, 0, 0, 0], [0, 0, 6, 0, 0, 0, -1, 0, 0, 0, 0, 0.0, 0, 0, 0], [0, 0, 1, 0, 0, 0, -1, 0, 0, 0, 0, 0.0, 0, 0, 0], [0, 0, 1, 0, 0, 0, -1, 0, 0, 0, 0, 0.0, 0, 0, 0], [0, 0, 3, 0, 0, 0, -1, 0, 0, 0, 0, 0.0, 0, 0, 0], [0, 0, 6, 0, 0, 0, -1, 0, 0, 0, 0, 0.0, 0, 0, 0], [0, 0, 6, 0, 0, 0, -1, 0, 0, 0, 0, 0.0, 0, 0, 0], [0, 0, 6, 0, 0, 0, -1, 0, 0, 0, 0, 0.0, 0, 0, 0], [0, 1, 5, 0, 0, 0, -1, 0, 0, 0, 0, 0.0, 0, 1, 0], [0, 1, 6, 0, 0, 0, -1, 0, 0, 0, 0, 0.0, 0, 1, 0], [0, 0, 6, 0, 0, 0, -1, 0, 0, 0, 0, 0.0, 0, 0, 0], [0, 0, 6, 0, 0, 0, -1, 0, 0, 0, 0, 0.0, 0, 0, 0], [0, 0, 1, 0, 0, 0, -1, 0, 0, 0, 0, 0.0, 0, 0, 0], [0, 0, 6, 0, 0, 0, -1, 0, 0, 0, 0, 0.0, 0, 0, 0], [0, 0, 6, 0, 0, 0, -1, 0, 0, 0, 0, 0.0, 0, 0, 0], [0, 0, 6, 0, 0, 0, -1, 0, 0, 0, 0, 0.0, 0, 0, 0], [0, 0, 6, 0, 0, 0, -1, 0, 0, 0, 0, 0.0, 0, 0, 0], [0, 0, 6, 0, 0, 0, -1, 0, 0, 0, 0, 0.0, 0, 0, 0], [0, 0, 6, 0, 0, 0, -1, 0, 0, 0, 0, 0.0, 0, 0, 0], [0, 0, 1, 0, 0, 0, -1, 0, 0, 0, 0, 0.0, 0, 0, 0], [0, 0, 6, 0, 0, 0, -1, 0, 0, 0, 0, 0.0, 0, 0, 0], [0, 0, 6, 0, 0, 0, -1, 0, 0, 0, 0, 0.0, 0, 0, 0], [0, 0, 2, 0, 0, 0, -1, 0, 0, 0, 0, 0.0, 0, 0, 0], [0, 0, 6, 0, 0, 0, -1, 0, 0, 0, 0, 0.0, 0, 0, 0], [0, 0, 6, 0, 0, 0, -1, 0, 0, 0, 0, 0.0, 0, 0, 0], [0, 0, 6, 0, 0, 0, -1, 0, 0, 0, 0, 0.0, 0, 0, 0], [0, 0, 1, 0, 0, 0, -1, 0, 0, 0, 0, 0.0, 0, 0, 0], [0, 0, 1, 0, 0, 0, -1, 0, 0, 0, 0, 0.0, 0, 0, 0], [0, 0, 2, 0, 0, 0, -1, 0, 0, 0, 0, 0.0, 0, 0, 0], [0, 0, 1, 0, 0, 0, -1, 0, 0, 0, 0, 0.0, 0, 0, 0], [0, 0, 6, 0, 0, 0, -1, 0, 0, 0, 0, 0.0, 0, 0, 0], [0, 0, 1, 0, 0, 0, -1, 0, 0, 0, 0, 0.0, 0, 0, 0], [0, 0, 6, 0, 0, 0, -1, 0, 0, 0, 0, 0.0, 0, 0, 0], [0, 0, 3, 0, 0, 0, -1, 0, 0, 0, 0, 0.0, 0, 0, 0], [0, 0, 1, 0, 0, 0, -1, 0, 0, 0, 0, 0.0, 0, 0, 0], [0, 0, 6, 0, 0, 0, -1, 0, 0, 0, 0, 0.0, 0, 0, 0], [0, 0, 6, 0, 0, 0, -1, 0, 0, 0, 0, 0.0, 0, 0, 0], [0, 0, 4, 0, 0, 0, -1, 0, 0, 0, 0, 0.0, 0, 0, 0], [0, 0, 6, 0, 0, 0, -1, 0, 0, 0, 0, 0.0, 0, 0, 0], [0, 0, 1, 0, 0, 0, -1, 0, 0, 0, 0, 0.0, 0, 0, 0], [0, 0, 6, 0, 0, 0, -1, 0, 0, 0, 0, 0.0, 0, 0, 0], [0, 0, 6, 0, 0, 0, -1, 0, 0, 0, 0, 0.0, 0, 0, 0], [0, 0, 6, 0, 0, 0, -1, 0, 0, 0, 0, 0.0, 0, 0, 0], [0, 0, 6, 0, 0, 0, -1, 0, 0, 0, 0, 0.0, 0, 0, 0], [0, 0, 3, 0, 0, 0, -1, 0, 0, 0, 0, 0.0, 0, 0, 0], [0, 0, 1, 0, 0, 0, -1, 0, 0, 0, 0, 0.0, 0, 0, 0], [0, 0, 6, 0, 0, 0, -1, 0, 0, 0, 0, 0.0, 0, 0, 0], [0, 0, 6, 0, 0, 0, -1, 0, 0, 0, 0, 0.0, 0, 0, 0], [0, 0, 6, 0, 0, 0, -1, 0, 0, 0, 0, 0.0, 0, 0, 0], [0, 0, 5, 0, 0, 0, -1, 0, 0, 0, 0, 0.0, 0, 0, 0], [0, 0, 3, 0, 0, 0, -1, 0, 0, 0, 0, 0.0, 0, 0, 0], [0, 0, 1, 0, 0, 0, -1, 0, 0, 0, 0, 0.0, 0, 0, 0], [0, 0, 6, 0, 0, 0, -1, 0, 0, 0, 0, 0.0, 0, 0, 0], [0, 0, 6, 0, 0, 0, -1, 0, 0, 0, 0, 0.0, 0, 0, 0], [0, 0, 6, 0, 0, 0, -1, 0, 0, 0, 0, 0.0, 0, 0, 0], [0, 0, 6, 0, 0, 0, -1, 0, 0, 0, 0, 0.0, 0, 0, 0], [1, 0, 2, 0, 0, 0, -1, 1, 0, 1, 1, 0.0, 0, 1, 0], [0, 0, 2, 0, 0, 0, -1, 0, 0, 0, 0, 0.0, 0, 0, 0], [0, 0, 4, 0, 0, 0, -1, 0, 0, 0, 0, 0.0, 0, 0, 0], [0, 0, 6, 0, 0, 0, -1, 0, 0, 0, 0, 0.0, 0, 0, 0], [0, 0, 3, 0, 0, 0, -1, 0, 0, 0, 0, 0.0, 0, 1, 0], [1, 0, 2, 0, 0, 0, -1, 1, 0, 1, 1, 0.0, 0, 0, 0], [0, 0, 1, 0, 0, 0, -1, 0, 0, 0, 0, 0.0, 0, 0, 0], [0, 0, 5, 0, 0, 0, -1, 0, 0, 0, 0, 0.0, 0, 0, 0], [0, 1, 2, 0, 1, 0, -1, 0, 0, 0, 0, 0.0, 0, 1, 1], [0, 0, 5, 0, 0, 0, -1, 0, 0, 0, 0, 0.0, 0, 0, 0], [0, 0, 3, 0, 0, 0, -1, 0, 0, 0, 0, 0.0, 0, 0, 0], [0, 0, 2, 0, 0, 0, -1, 0, 0, 0, 0, 0.0, 0, 0, 0], [0, 0, 6, 0, 0, 0, -1, 0, 0, 0, 0, 0.0, 0, 0, 0], [0, 0, 6, 0, 0, 0, -1, 0, 0, 0, 0, 0.0, 0, 0, 0], [0, 0, 1, 0, 0, 0, -1, 0, 0, 0, 0, 0.0, 0, 0, 0], [0, 1, 6, 0, 1, 0, -1, 0, 0, 0, 0, 0.0, 0, 0, 0], [0, 0, 1, 0, 0, 0, -1, 0, 0, 0, 0, 0.0, 0, 0, 0], [0, 0, 6, 0, 0, 0, -1, 0, 0, 0, 0, 0.0, 0, 0, 0], [0, 0, 1, 0, 0, 0, -1, 0, 0, 0, 0, 0.0, 0, 0, 0], [0, 0, 2, 0, 0, 0, -1, 0, 0, 0, 1, 0.0, 0, 1, 0], [0, 0, 1, 0, 0, 0, -1, 0, 0, 0, 0, 0.0, 0, 0, 0], [0, 0, 1, 0, 0, 0, -1, 0, 0, 0, 0, 0.0, 0, 0, 0], [0, 0, 2, 0, 0, 0, -1, 0, 0, 0, 0, 0.0, 0, 0, 0], [0, 1, 6, 0, 1, 0, -1, 0, 0, 0, 0, 0.0, 0, 0, 0], [0, 0, 6, 0, 0, 0, -1, 0, 0, 0, 0, 0.0, 0, 0, 0], [0, 0, 1, 0, 0, 0, -1, 0, 0, 0, 0, 0.0, 0, 0, 0], [0, 0, 6, 0, 0, 0, -1, 0, 0, 0, 0, 0.0, 0, 0, 0], [0, 0, 6, 0, 0, 0, -1, 0, 0, 0, 0, 0.0, 0, 0, 0], [0, 1, 6, 0, 0, 0, -1, 0, 0, 0, 0, 0.0, 0, 0, 0], [0, 0, 6, 0, 0, 0, -1, 0, 0, 0, 0, 0.0, 0, 0, 0], [0, 1, 2, 0, 0, 0, -1, 0, 0, 0, 0, 0.0, 0, 0, 0], [0, 0, 6, 0, 0, 0, -1, 0, 0, 0, 0, 0.0, 0, 0, 0], [0, 0, 6, 0, 0, 0, -1, 0, 0, 0, 0, 0.0, 0, 0, 0], [0, 0, 1, 0, 0, 0, -1, 0, 0, 0, 0, 0.0, 0, 0, 0], [0, 0, 6, 0, 0, 0, -1, 0, 0, 0, 0, 0.0, 0, 0, 0], [0, 1, 6, 0, 1, 0, -1, 0, 0, 0, 0, 0.0, 0, 1, 0], [0, 0, 1, 0, 0, 0, -1, 0, 0, 0, 0, 0.0, 0, 0, 0], [0, 1, 4, 0, 0, 0, -1, 0, 0, 0, 0, 0.0, 0, 1, 1], [0, 0, 6, 0, 0, 0, -1, 0, 0, 0, 0, 0.0, 0, 0, 0], [0, 0, 1, 0, 0, 0, -1, 0, 0, 0, 0, 0.0, 0, 0, 0], [0, 0, 1, 0, 0, 0, -1, 0, 0, 0, 0, 0.0, 0, 0, 0], [0, 0, 1, 0, 0, 0, -1, 0, 0, 0, 0, 0.0, 0, 0, 0], [0, 0, 1, 0, 0, 0, -1, 0, 0, 0, 0, 0.0, 0, 0, 0], [0, 0, 6, 0, 0, 0, -1, 0, 0, 0, 0, 0.0, 0, 0, 0], [0, 1, 5, 0, 0, 0, -1, 0, 0, 0, 0, 0.0, 0, 1, 1], [0, 0, 4, 0, 0, 0, -1, 0, 0, 0, 0, 0.0, 0, 0, 0], [0, 1, 3, 0, 1, 0, -1, 0, 0, 0, 1, 0.0, 0, 1, 0], [0, 0, 6, 0, 0, 0, -1, 0, 0, 0, 0, 0.0, 0, 0, 0], [0, 0, 6, 0, 0, 0, -1, 0, 0, 0, 0, 0.0, 0, 0, 0], [0, 0, 6, 0, 0, 0, -1, 0, 0, 0, 0, 0.0, 0, 0, 0], [0, 0, 6, 0, 0, 0, -1, 0, 0, 0, 0, 0.0, 0, 0, 0], [0, 0, 6, 0, 0, 0, -1, 0, 0, 0, 0, 0.0, 0, 1, 0], [0, 0, 3, 0, 0, 0, -1, 0, 0, 0, 0, 0.0, 0, 0, 0], [0, 0, 4, 0, 0, 0, -1, 0, 0, 0, 0, 0.0, 0, 0, 0], [0, 0, 4, 0, 0, 0, -1, 0, 0, 0, 0, 0.0, 0, 0, 0], [0, 1, 6, 0, 1, 0, -1, 0, 0, 0, 0, 0.0, 0, 1, 0], [0, 0, 2, 0, 0, 0, -1, 0, 0, 0, 0, 0.0, 0, 0, 0], [0, 0, 6, 0, 0, 0, -1, 0, 0, 0, 0, 0.0, 0, 0, 0], [0, 1, 3, 0, 0, 0, -1, 0, 0, 0, 1, 0.0, 0, 1, 0], [0, 0, 1, 0, 0, 0, -1, 0, 0, 0, 0, 0.0, 0, 0, 0], [0, 0, 6, 0, 0, 0, -1, 0, 0, 0, 0, 0.0, 0, 0, 0], [0, 0, 6, 0, 0, 0, -1, 0, 0, 0, 0, 0.0, 0, 0, 0], [0, 0, 3, 0, 0, 0, -1, 0, 0, 0, 0, 0.0, 0, 0, 0], [0, 1, 6, 0, 0, 0, -1, 0, 0, 0, 0, 0.0, 0, 1, 1], [0, 1, 6, 0, 0, 0, -1, 0, 0, 0, 0, 0.0, 0, 1, 0], [0, 0, 1, 0, 0, 0, -1, 0, 0, 0, 0, 0.0, 0, 0, 0], [0, 0, 6, 0, 0, 0, -1, 0, 0, 0, 0, 0.0, 0, 0, 0], [0, 0, 5, 0, 0, 0, -1, 0, 0, 0, 0, 0.0, 0, 0, 0], [0, 0, 6, 0, 0, 0, -1, 0, 0, 0, 0, 0.0, 0, 0, 0], [0, 0, 6, 0, 0, 0, -1, 0, 0, 0, 0, 0.0, 0, 0, 0], [0, 0, 6, 0, 0, 0, -1, 0, 0, 0, 0, 0.0, 0, 0, 0], [0, 0, 5, 0, 0, 0, -1, 0, 0, 0, 0, 0.0, 0, 0, 0], [0, 1, 6, 0, 0, 0, -1, 0, 0, 0, 0, 0.0, 0, 1, 1], [0, 0, 1, 0, 0, 0, -1, 0, 0, 0, 0, 0.0, 0, 0, 0], [0, 1, 2, 0, 0, 0, -1, 0, 0, 0, 0, 0.0, 0, 1, 1], [0, 0, 2, 0, 0, 0, -1, 0, 0, 0, 0, 0.0, 0, 0, 0], [0, 0, 1, 0, 0, 0, -1, 0, 0, 0, 0, 0.0, 0, 0, 0], [0, 0, 2, 0, 0, 0, -1, 0, 0, 0, 0, 0.0, 0, 0, 0], [0, 0, 6, 0, 0, 0, -1, 0, 0, 0, 0, 0.0, 0, 0, 0], [0, 0, 6, 0, 0, 0, -1, 0, 0, 0, 0, 0.0, 0, 0, 0], [0, 0, 6, 0, 0, 0, -1, 0, 0, 0, 0, 0.0, 0, 0, 0], [0, 0, 3, 0, 0, 0, -1, 0, 0, 0, 0, 0.0, 0, 0, 0], [0, 0, 6, 0, 0, 0, -1, 0, 0, 0, 0, 0.0, 0, 0, 0], [0, 0, 3, 0, 0, 0, -1, 0, 0, 0, 0, 0.0, 0, 0, 0], [0, 0, 1, 0, 0, 0, -1, 0, 0, 0, 0, 0.0, 0, 0, 0], [0, 0, 6, 0, 0, 0, -1, 0, 0, 0, 0, 0.0, 0, 0, 0], [0, 0, 2, 0, 0, 0, -1, 0, 0, 0, 0, 0.0, 0, 0, 0], [1, 0, 3, 0, 0, 0, -1, 1, 0, 1, 1, 0.0, 0, 1, 0], [0, 1, 4, 0, 0, 0, -1, 0, 0, 0, 0, 0.0, 0, 0, 0], [0, 0, 6, 0, 0, 0, -1, 0, 0, 0, 0, 0.0, 0, 0, 0], [0, 0, 5, 0, 0, 0, -1, 0, 0, 0, 0, 0.0, 0, 0, 0], [0, 0, 6, 0, 0, 0, -1, 0, 0, 0, 0, 0.0, 0, 0, 0], [0, 1, 2, 0, 0, 0, -1, 0, 0, 0, 1, 0.0, 0, 1, 1], [0, 0, 1, 0, 0, 0, -1, 0, 0, 0, 0, 0.0, 0, 0, 0], [0, 0, 6, 0, 0, 0, -1, 0, 0, 0, 0, 0.0, 0, 0, 0], [0, 1, 6, 0, 1, 0, -1, 0, 0, 0, 0, 0.0, 0, 1, 0], [0, 0, 6, 0, 0, 0, -1, 0, 0, 0, 0, 0.0, 0, 0, 0], [0, 0, 6, 0, 0, 0, -1, 0, 0, 0, 0, 0.0, 0, 0, 0], [0, 0, 1, 0, 0, 0, -1, 0, 0, 0, 0, 0.0, 0, 0, 0], [0, 0, 6, 0, 0, 0, -1, 0, 0, 0, 0, 0.0, 0, 0, 0], [0, 0, 2, 0, 0, 0, -1, 0, 0, 0, 0, 0.0, 0, 0, 0], [0, 0, 2, 0, 0, 0, -1, 0, 0, 0, 0, 0.0, 0, 0, 0], [0, 0, 2, 0, 0, 0, -1, 0, 0, 0, 0, 0.0, 0, 0, 0], [0, 0, 6, 0, 0, 0, -1, 0, 0, 0, 0, 0.0, 0, 0, 0], [0, 0, 1, 0, 0, 0, -1, 0, 0, 0, 0, 0.0, 0, 0, 0], [0, 0, 1, 0, 0, 0, -1, 0, 0, 0, 0, 0.0, 0, 0, 0], [0, 0, 1, 0, 0, 0, -1, 0, 0, 0, 0, 0.0, 0, 0, 0], [0, 1, 5, 0, 0, 0, -1, 0, 0, 0, 1, 0.0, 0, 1, 1], [0, 0, 6, 0, 0, 0, -1, 0, 0, 0, 0, 0.0, 0, 0, 0], [0, 0, 6, 0, 0, 0, -1, 0, 0, 0, 0, 0.0, 0, 0, 0], [0, 0, 4, 0, 0, 0, -1, 0, 0, 0, 0, 0.0, 0, 0, 0], [0, 0, 6, 0, 0, 0, -1, 0, 0, 0, 0, 0.0, 0, 0, 0], [0, 0, 1, 0, 0, 0, -1, 0, 0, 0, 0, 0.0, 0, 0, 0], [0, 0, 2, 0, 0, 0, -1, 0, 0, 0, 0, 0.0, 0, 0, 0], [0, 0, 1, 0, 0, 0, -1, 0, 0, 0, 1, 0.0, 0, 0, 0], [0, 0, 1, 0, 0, 0, -1, 0, 0, 0, 0, 0.0, 0, 1, 0], [0, 0, 6, 0, 0, 0, -1, 0, 0, 0, 0, 0.0, 0, 0, 0], [0, 0, 1, 0, 0, 0, -1, 0, 0, 0, 0, 0.0, 0, 0, 0], [0, 0, 2, 0, 0, 0, -1, 0, 0, 0, 0, 0.0, 0, 0, 0], [0, 0, 1, 0, 0, 0, -1, 0, 0, 0, 0, 0.0, 0, 0, 0], [0, 0, 6, 0, 0, 0, -1, 0, 0, 0, 0, 0.0, 0, 0, 0], [0, 0, 1, 0, 0, 0, -1, 0, 0, 0, 0, 0.0, 0, 0, 0], [0, 0, 2, 0, 0, 0, -1, 0, 0, 0, 0, 0.0, 0, 0, 0], [0, 0, 1, 0, 0, 0, -1, 0, 0, 0, 0, 0.0, 0, 0, 0], [0, 1, 2, 0, 0, 0, -1, 0, 0, 0, 0, 0.0, 0, 1, 1], [0, 0, 6, 0, 0, 0, -1, 0, 0, 0, 0, 0.0, 0, 0, 0], [0, 0, 6, 0, 0, 0, -1, 0, 0, 0, 0, 0.0, 0, 0, 0], [0, 0, 6, 0, 0, 0, -1, 0, 0, 0, 0, 0.0, 0, 0, 0], [0, 0, 6, 0, 0, 0, -1, 0, 0, 0, 0, 0.0, 0, 0, 0], [0, 0, 6, 0, 0, 0, -1, 0, 0, 0, 0, 0.0, 0, 0, 0], [0, 0, 5, 0, 0, 0, -1, 0, 0, 0, 0, 0.0, 0, 0, 0], [0, 0, 1, 0, 0, 0, -1, 0, 0, 0, 0, 0.0, 0, 0, 0], [0, 0, 2, 0, 0, 0, -1, 0, 0, 0, 0, 0.0, 0, 0, 0], [0, 0, 1, 0, 0, 0, -1, 0, 0, 0, 0, 0.0, 0, 0, 0], [0, 0, 6, 0, 0, 0, -1, 0, 0, 0, 0, 0.0, 0, 0, 0], [0, 0, 6, 0, 0, 0, -1, 0, 0, 0, 0, 0.0, 0, 0, 0], [0, 0, 6, 0, 0, 0, -1, 0, 0, 0, 0, 0.0, 0, 0, 0], [0, 0, 6, 0, 0, 0, -1, 0, 0, 0, 0, 0.0, 0, 0, 0], [0, 0, 1, 0, 0, 0, -1, 0, 0, 0, 0, 0.0, 0, 0, 0], [0, 0, 6, 0, 0, 0, -1, 0, 0, 0, 0, 0.0, 0, 0, 0], [0, 0, 6, 0, 0, 0, -1, 0, 0, 0, 0, 0.0, 0, 0, 0], [0, 0, 6, 0, 0, 0, -1, 0, 0, 0, 0, 0.0, 0, 0, 0], [0, 1, 2, 0, 0, 0, -1, 0, 0, 0, 0, 0.0, 0, 1, 1], [0, 0, 6, 0, 0, 0, -1, 0, 0, 0, 0, 0.0, 0, 0, 0], [0, 0, 6, 0, 0, 0, -1, 0, 0, 0, 0, 0.0, 0, 0, 0], [0, 0, 2, 0, 0, 0, -1, 0, 0, 0, 0, 0.0, 0, 0, 0], [0, 0, 6, 0, 0, 0, -1, 0, 0, 0, 0, 0.0, 0, 0, 0], [0, 0, 1, 0, 0, 0, -1, 0, 0, 0, 0, 0.0, 0, 0, 0], [0, 0, 3, 0, 0, 0, -1, 0, 0, 0, 0, 0.0, 0, 0, 0], [0, 0, 1, 0, 0, 0, -1, 0, 0, 0, 0, 0.0, 0, 0, 0], [0, 0, 1, 0, 0, 0, -1, 0, 0, 0, 0, 0.0, 0, 0, 0], [0, 1, 3, 0, 1, 0, -1, 0, 0, 0, 0, 0.0, 0, 1, 0], [0, 0, 2, 0, 0, 0, -1, 0, 0, 0, 0, 0.0, 0, 0, 0], [0, 0, 4, 0, 0, 0, -1, 0, 0, 0, 0, 0.0, 0, 1, 0], [0, 0, 1, 0, 0, 0, -1, 0, 0, 0, 0, 0.0, 0, 1, 0], [0, 0, 6, 0, 0, 0, -1, 0, 0, 0, 0, 0.0, 0, 0, 0], [0, 0, 6, 0, 0, 0, -1, 0, 0, 0, 0, 0.0, 0, 0, 0], [0, 0, 1, 0, 0, 0, -1, 0, 0, 0, 0, 0.0, 0, 0, 0], [0, 0, 2, 0, 0, 0, -1, 0, 0, 0, 0, 0.0, 0, 0, 0], [0, 0, 1, 0, 0, 0, -1, 0, 0, 0, 0, 0.0, 0, 0, 0], [0, 0, 1, 0, 0, 0, -1, 0, 0, 0, 0, 0.0, 0, 0, 0], [0, 0, 2, 0, 0, 0, -1, 0, 0, 0, 0, 0.0, 0, 0, 0], [0, 0, 1, 0, 0, 0, -1, 0, 0, 0, 0, 0.0, 0, 0, 0], [0, 0, 5, 0, 0, 0, -1, 0, 0, 0, 0, 0.0, 0, 0, 0], [0, 0, 6, 0, 0, 0, -1, 0, 0, 0, 0, 0.0, 0, 0, 0], [0, 0, 3, 0, 0, 0, -1, 0, 0, 0, 1, 0.0, 0, 1, 0], [0, 0, 6, 0, 0, 0, -1, 0, 0, 0, 0, 0.0, 0, 0, 0], [0, 1, 4, 0, 1, 0, -1, 0, 0, 0, 1, 0.0, 0, 1, 0], [0, 0, 1, 0, 0, 0, -1, 0, 0, 0, 0, 0.0, 0, 0, 0], [0, 0, 5, 0, 0, 0, -1, 0, 0, 0, 0, 0.0, 0, 0, 0], [0, 0, 1, 0, 0, 0, -1, 0, 0, 0, 0, 0.0, 0, 0, 0], [0, 0, 1, 0, 0, 0, -1, 0, 0, 0, 0, 0.0, 0, 0, 0], [0, 0, 6, 0, 0, 0, -1, 0, 0, 0, 0, 0.0, 0, 0, 0], [0, 0, 3, 0, 0, 0, -1, 0, 0, 0, 0, 0.0, 0, 0, 0], [0, 1, 3, 0, 0, 0, -1, 0, 0, 0, 0, 0.0, 0, 1, 1], [0, 0, 6, 0, 0, 0, -1, 0, 0, 0, 0, 0.0, 0, 0, 0], [0, 0, 1, 0, 0, 0, -1, 0, 0, 0, 0, 0.0, 0, 0, 0], [0, 0, 2, 0, 0, 0, -1, 0, 0, 0, 1, 0.0, 0, 0, 0], [0, 0, 1, 0, 0, 0, -1, 0, 0, 0, 0, 0.0, 0, 0, 0], [0, 0, 6, 0, 0, 0, -1, 0, 0, 0, 0, 0.0, 0, 0, 0], [0, 0, 1, 0, 0, 0, -1, 0, 0, 0, 0, 0.0, 0, 1, 0], [0, 0, 6, 0, 0, 0, -1, 0, 0, 0, 0, 0.0, 0, 0, 0], [0, 1, 4, 0, 1, 0, -1, 0, 0, 0, 0, 0.0, 0, 1, 0], [0, 0, 1, 0, 0, 0, -1, 0, 0, 0, 0, 0.0, 0, 0, 0], [0, 0, 6, 0, 0, 0, -1, 0, 0, 0, 0, 0.0, 0, 0, 0], [0, 0, 6, 0, 0, 0, -1, 0, 0, 0, 0, 0.0, 0, 0, 0], [0, 0, 6, 0, 0, 0, -1, 0, 0, 0, 0, 0.0, 0, 0, 0], [0, 1, 6, 0, 0, 0, -1, 0, 0, 0, 0, 0.0, 0, 0, 0], [0, 0, 2, 0, 0, 0, -1, 0, 0, 0, 0, 0.0, 0, 0, 0], [0, 0, 1, 0, 0, 0, -1, 0, 0, 0, 1, 0.0, 0, 1, 0], [0, 1, 4, 0, 1, 0, -1, 0, 0, 0, 0, 0.0, 0, 1, 1], [0, 1, 3, 0, 0, 0, -1, 0, 0, 0, 0, 0.0, 0, 1, 0], [0, 0, 6, 0, 0, 0, -1, 0, 0, 0, 0, 0.0, 0, 0, 0], [0, 0, 2, 0, 0, 0, -1, 0, 0, 0, 0, 0.0, 0, 0, 0], [0, 0, 6, 0, 0, 0, -1, 0, 0, 0, 0, 0.0, 0, 0, 0], [0, 0, 6, 0, 0, 0, -1, 0, 0, 0, 0, 0.0, 0, 0, 0], [0, 0, 6, 0, 0, 0, -1, 0, 0, 0, 0, 0.0, 0, 0, 0], [0, 0, 1, 0, 0, 0, -1, 0, 0, 0, 0, 0.0, 0, 0, 0], [0, 0, 6, 0, 0, 0, -1, 0, 0, 0, 0, 0.0, 0, 0, 0], [0, 0, 1, 0, 0, 0, -1, 0, 0, 0, 0, 0.0, 0, 0, 0], [0, 0, 6, 0, 0, 0, -1, 0, 0, 0, 0, 0.0, 0, 0, 0], [0, 0, 2, 0, 0, 0, -1, 0, 0, 0, 0, 0.0, 0, 0, 0], [0, 0, 5, 0, 0, 0, -1, 0, 0, 0, 0, 0.0, 0, 0, 0], [0, 0, 6, 0, 0, 0, -1, 0, 0, 0, 0, 0.0, 0, 0, 0], [0, 0, 1, 0, 0, 0, -1, 0, 0, 0, 0, 0.0, 0, 0, 0], [0, 1, 3, 0, 0, 0, -1, 0, 0, 0, 0, 0.0, 0, 1, 0], [0, 0, 1, 0, 0, 0, -1, 0, 0, 0, 0, 0.0, 0, 0, 0], [0, 0, 1, 0, 0, 0, -1, 0, 0, 0, 0, 0.0, 0, 0, 0], [0, 0, 6, 0, 0, 0, -1, 0, 0, 0, 0, 0.0, 0, 0, 0], [0, 1, 2, 0, 1, 0, -1, 0, 0, 0, 0, 0.0, 0, 1, 0], [0, 0, 1, 0, 0, 0, -1, 0, 0, 0, 0, 0.0, 0, 0, 0], [0, 0, 2, 0, 0, 0, -1, 0, 0, 0, 0, 0.0, 0, 0, 0], [0, 0, 6, 0, 0, 0, -1, 0, 0, 0, 0, 0.0, 0, 0, 0], [0, 0, 6, 0, 0, 0, -1, 0, 0, 0, 0, 0.0, 0, 0, 0], [0, 0, 3, 0, 0, 0, -1, 0, 0, 0, 0, 0.0, 0, 0, 0], [0, 0, 1, 0, 0, 0, -1, 0, 0, 0, 0, 0.0, 0, 0, 0], [0, 0, 4, 0, 0, 0, -1, 0, 0, 0, 0, 0.0, 0, 1, 0], [0, 0, 2, 0, 0, 0, -1, 0, 0, 0, 0, 0.0, 0, 0, 0], [0, 0, 1, 0, 0, 0, -1, 0, 0, 0, 0, 0.0, 0, 0, 0], [0, 0, 5, 0, 0, 0, -1, 0, 0, 0, 1, 0.0, 0, 0, 0], [0, 0, 1, 0, 0, 0, -1, 0, 0, 0, 0, 0.0, 0, 0, 0], [0, 0, 6, 0, 0, 0, -1, 0, 0, 0, 0, 0.0, 0, 0, 0], [0, 0, 1, 0, 0, 0, -1, 0, 0, 0, 0, 0.0, 0, 0, 0], [0, 0, 6, 0, 0, 0, -1, 0, 0, 0, 0, 0.0, 0, 0, 0], [0, 1, 6, 0, 0, 0, -1, 0, 0, 0, 0, 0.0, 0, 0, 0], [0, 0, 1, 0, 0, 0, -1, 0, 0, 0, 0, 0.0, 0, 0, 0], [0, 0, 6, 0, 0, 0, -1, 0, 0, 0, 0, 0.0, 0, 0, 0], [0, 0, 6, 0, 0, 0, -1, 0, 0, 0, 0, 0.0, 0, 0, 0], [0, 0, 6, 0, 0, 0, -1, 0, 0, 0, 0, 0.0, 0, 0, 0], [0, 1, 2, 0, 0, 0, -1, 0, 0, 0, 0, 0.0, 0, 0, 0], [0, 0, 6, 0, 0, 0, -1, 0, 0, 0, 0, 0.0, 0, 0, 0], [0, 0, 6, 0, 0, 0, -1, 0, 0, 0, 0, 0.0, 0, 0, 0], [0, 1, 4, 0, 0, 0, -1, 0, 0, 0, 0, 0.0, 0, 1, 0], [0, 1, 2, 0, 0, 0, -1, 0, 0, 0, 0, 0.0, 0, 1, 0], [0, 0, 5, 0, 0, 0, -1, 0, 0, 0, 0, 0.0, 0, 0, 0], [0, 0, 6, 0, 0, 0, -1, 0, 0, 0, 0, 0.0, 0, 0, 0], [0, 0, 5, 0, 0, 0, -1, 0, 0, 0, 0, 0.0, 0, 0, 0], [0, 0, 6, 0, 0, 0, -1, 0, 0, 0, 0, 0.0, 0, 0, 0], [0, 1, 6, 0, 0, 0, -1, 0, 0, 0, 0, 0.0, 0, 0, 0], [0, 0, 3, 0, 0, 0, -1, 0, 0, 0, 0, 0.0, 0, 0, 0], [0, 0, 1, 0, 0, 0, -1, 0, 0, 0, 0, 0.0, 0, 0, 0], [0, 0, 6, 0, 0, 0, -1, 0, 0, 0, 0, 0.0, 0, 0, 0], [0, 0, 6, 0, 0, 0, -1, 0, 0, 0, 0, 0.0, 0, 0, 0], [0, 0, 1, 0, 0, 0, -1, 0, 0, 0, 0, 0.0, 0, 0, 0], [0, 0, 6, 0, 0, 0, -1, 0, 0, 0, 0, 0.0, 0, 0, 0], [0, 0, 4, 0, 0, 0, -1, 0, 0, 0, 0, 0.0, 0, 0, 0], [0, 0, 3, 0, 0, 0, -1, 0, 0, 0, 0, 0.0, 0, 0, 0], [0, 1, 5, 0, 0, 0, -1, 0, 0, 0, 0, 0.0, 0, 1, 1], [0, 0, 1, 0, 0, 0, -1, 0, 0, 0, 0, 0.0, 0, 0, 0], [0, 0, 2, 0, 0, 0, -1, 0, 0, 0, 0, 0.0, 0, 0, 0], [0, 0, 2, 0, 0, 0, -1, 0, 0, 0, 0, 0.0, 0, 1, 0], [0, 1, 2, 0, 0, 0, -1, 0, 0, 0, 0, 0.0, 0, 0, 0], [0, 0, 1, 0, 0, 0, -1, 0, 0, 0, 0, 0.0, 0, 0, 0], [0, 0, 1, 0, 0, 0, -1, 0, 0, 0, 0, 0.0, 0, 0, 0], [0, 0, 3, 0, 0, 0, -1, 0, 0, 0, 0, 0.0, 0, 0, 0], [0, 0, 2, 0, 0, 0, -1, 0, 0, 0, 0, 0.0, 0, 0, 0], [0, 0, 1, 0, 0, 0, -1, 0, 0, 0, 0, 0.0, 0, 0, 0], [0, 0, 6, 0, 0, 0, -1, 0, 0, 0, 0, 0.0, 0, 0, 0], [0, 1, 6, 0, 0, 0, -1, 0, 0, 0, 0, 0.0, 0, 0, 0], [0, 0, 6, 0, 0, 0, -1, 0, 0, 0, 0, 0.0, 0, 0, 0], [0, 1, 3, 0, 1, 0, -1, 0, 0, 0, 0, 0.0, 0, 0, 0], [0, 1, 3, 0, 1, 0, -1, 0, 0, 0, 0, 0.0, 0, 1, 1], [0, 1, 5, 0, 0, 0, -1, 0, 0, 0, 0, 0.0, 0, 1, 1], [0, 0, 6, 0, 0, 0, -1, 0, 0, 0, 0, 0.0, 0, 0, 0], [0, 0, 1, 0, 0, 0, -1, 0, 0, 0, 0, 0.0, 0, 1, 0], [0, 0, 6, 0, 0, 0, -1, 0, 0, 0, 0, 0.0, 0, 0, 0], [0, 0, 1, 0, 0, 0, -1, 0, 0, 0, 0, 0.0, 0, 0, 0], [0, 0, 1, 0, 0, 0, -1, 0, 0, 0, 0, 0.0, 0, 0, 0], [0, 1, 2, 0, 1, 0, -1, 0, 0, 0, 0, 0.0, 0, 1, 0], [0, 0, 2, 0, 0, 0, -1, 0, 0, 0, 0, 0.0, 0, 0, 0], [0, 0, 6, 0, 0, 0, -1, 0, 0, 0, 0, 0.0, 0, 0, 0], [0, 0, 6, 0, 0, 0, -1, 0, 0, 0, 0, 0.0, 0, 0, 0], [0, 0, 1, 0, 0, 0, -1, 0, 0, 0, 0, 0.0, 0, 0, 0], [0, 0, 1, 0, 0, 0, -1, 0, 0, 0, 0, 0.0, 0, 0, 0], [0, 0, 6, 0, 0, 0, -1, 0, 0, 0, 0, 0.0, 0, 0, 0], [0, 0, 1, 0, 0, 0, -1, 0, 0, 0, 0, 0.0, 0, 0, 0], [0, 0, 6, 0, 0, 0, -1, 0, 0, 0, 0, 0.0, 0, 0, 0], [0, 0, 1, 0, 0, 0, -1, 0, 0, 0, 0, 0.0, 0, 0, 0], [0, 0, 1, 0, 0, 0, -1, 0, 0, 0, 0, 0.0, 0, 0, 0], [0, 1, 6, 0, 0, 0, -1, 0, 0, 0, 0, 0.0, 0, 0, 0], [0, 0, 6, 0, 0, 0, -1, 0, 0, 0, 0, 0.0, 0, 0, 0], [0, 0, 6, 0, 0, 0, -1, 0, 0, 0, 0, 0.0, 0, 0, 0], [0, 0, 6, 0, 0, 0, -1, 0, 0, 0, 0, 0.0, 0, 0, 0], [0, 1, 6, 0, 0, 0, -1, 0, 0, 0, 0, 0.0, 0, 0, 0], [0, 0, 6, 0, 0, 0, -1, 0, 0, 0, 0, 0.0, 0, 0, 0], [0, 0, 2, 0, 0, 0, -1, 0, 0, 0, 1, 0.0, 0, 1, 0], [0, 0, 1, 0, 0, 0, -1, 0, 0, 0, 0, 0.0, 0, 0, 0], [0, 0, 1, 0, 0, 0, -1, 0, 0, 0, 0, 0.0, 0, 0, 0], [0, 0, 3, 0, 0, 0, -1, 0, 0, 0, 0, 0.0, 0, 0, 0], [0, 0, 4, 0, 0, 0, -1, 0, 0, 0, 0, 0.0, 0, 0, 0], [0, 0, 5, 0, 0, 0, -1, 0, 0, 0, 0, 0.0, 0, 0, 0], [0, 0, 6, 0, 0, 0, -1, 0, 0, 0, 0, 0.0, 0, 0, 0], [0, 1, 6, 0, 0, 0, -1, 0, 0, 0, 0, 0.0, 0, 1, 1], [0, 0, 1, 0, 0, 0, -1, 0, 0, 0, 0, 0.0, 0, 0, 0], [0, 1, 6, 0, 0, 0, -1, 0, 0, 0, 0, 0.0, 0, 1, 0], [0, 0, 6, 0, 0, 0, -1, 0, 0, 0, 0, 0.0, 0, 0, 0], [0, 0, 1, 0, 0, 0, -1, 0, 0, 0, 0, 0.0, 0, 0, 0], [0, 0, 1, 0, 0, 0, -1, 0, 0, 0, 0, 0.0, 0, 0, 0], [0, 0, 6, 0, 0, 0, -1, 0, 0, 0, 0, 0.0, 0, 0, 0], [0, 0, 1, 0, 0, 0, -1, 0, 0, 0, 0, 0.0, 0, 0, 0], [0, 0, 1, 0, 0, 0, -1, 0, 0, 0, 0, 0.0, 0, 0, 0], [0, 0, 5, 0, 0, 0, -1, 0, 0, 0, 0, 0.0, 0, 0, 0], [0, 0, 4, 0, 0, 0, -1, 0, 0, 0, 0, 0.0, 0, 0, 0], [0, 0, 6, 0, 0, 0, -1, 0, 0, 0, 0, 0.0, 0, 0, 0], [0, 0, 6, 0, 0, 0, -1, 0, 0, 0, 0, 0.0, 0, 0, 0], [0, 0, 2, 0, 0, 0, -1, 0, 0, 0, 0, 0.0, 0, 0, 0], [0, 0, 1, 0, 0, 0, -1, 0, 0, 0, 0, 0.0, 0, 0, 0], [0, 0, 6, 0, 0, 0, -1, 0, 0, 0, 0, 0.0, 0, 0, 0], [1, 0, 6, 0, 0, 0, -1, 0, 0, 1, 1, 0.0, 0, 1, 1], [0, 0, 6, 0, 0, 0, -1, 0, 0, 0, 0, 0.0, 0, 0, 0], [0, 0, 1, 0, 0, 0, -1, 0, 0, 0, 0, 0.0, 0, 0, 0], [0, 0, 1, 0, 0, 0, -1, 0, 0, 0, 0, 0.0, 0, 0, 0], [0, 0, 6, 0, 0, 0, -1, 0, 0, 0, 0, 0.0, 0, 0, 0], [0, 1, 3, 0, 0, 0, -1, 0, 0, 0, 0, 0.0, 0, 0, 0], [0, 0, 6, 0, 0, 0, -1, 0, 0, 0, 0, 0.0, 0, 0, 0], [0, 0, 6, 0, 0, 0, -1, 0, 0, 0, 0, 0.0, 0, 0, 0], [0, 0, 1, 0, 0, 0, -1, 0, 0, 0, 0, 0.0, 0, 0, 0], [0, 0, 6, 0, 0, 0, -1, 0, 0, 0, 0, 0.0, 0, 0, 0], [0, 0, 6, 0, 0, 0, -1, 0, 0, 0, 0, 0.0, 0, 0, 0], [0, 0, 2, 0, 0, 0, -1, 0, 0, 0, 0, 0.0, 0, 0, 0], [0, 0, 1, 0, 0, 0, -1, 0, 0, 0, 0, 0.0, 0, 0, 0], [0, 1, 3, 0, 0, 0, -1, 0, 0, 0, 0, 0.0, 0, 0, 0], [0, 0, 2, 0, 0, 0, -1, 0, 0, 0, 0, 0.0, 0, 0, 0], [0, 0, 2, 0, 0, 0, -1, 0, 0, 0, 0, 0.0, 0, 0, 0], [0, 0, 1, 0, 0, 0, -1, 0, 0, 0, 0, 0.0, 0, 0, 0], [0, 0, 4, 0, 0, 0, -1, 0, 0, 0, 0, 0.0, 0, 0, 0], [0, 0, 2, 0, 0, 0, -1, 0, 0, 0, 0, 0.0, 0, 0, 0], [0, 0, 6, 0, 0, 0, -1, 0, 0, 0, 0, 0.0, 0, 0, 0], [0, 0, 6, 0, 0, 0, -1, 0, 0, 0, 0, 0.0, 0, 0, 0], [0, 0, 1, 0, 0, 0, -1, 0, 0, 0, 0, 0.0, 0, 0, 0], [0, 0, 6, 0, 0, 0, -1, 0, 0, 0, 0, 0.0, 0, 0, 0], [0, 0, 2, 0, 0, 0, -1, 0, 0, 0, 0, 0.0, 0, 0, 0], [0, 1, 6, 0, 0, 0, -1, 0, 0, 0, 0, 0.0, 0, 0, 0], [0, 0, 6, 0, 0, 0, -1, 0, 0, 0, 0, 0.0, 0, 0, 0], [0, 0, 1, 0, 0, 0, -1, 0, 0, 0, 0, 0.0, 0, 0, 0], [0, 0, 6, 0, 0, 0, -1, 0, 0, 0, 0, 0.0, 0, 0, 0], [0, 0, 6, 0, 0, 0, -1, 0, 0, 0, 0, 0.0, 0, 0, 0], [0, 0, 2, 0, 0, 0, -1, 0, 0, 0, 0, 0.0, 0, 0, 0], [0, 0, 6, 0, 0, 0, -1, 0, 0, 0, 0, 0.0, 0, 0, 0], [0, 0, 2, 0, 0, 0, -1, 0, 0, 0, 0, 0.0, 0, 0, 0], [0, 1, 6, 0, 0, 0, -1, 0, 0, 0, 1, 0.0, 0, 1, 1], [0, 0, 1, 0, 0, 0, -1, 0, 0, 0, 0, 0.0, 0, 1, 0], [0, 0, 6, 0, 0, 0, -1, 0, 0, 0, 0, 0.0, 0, 0, 0], [0, 0, 1, 0, 0, 0, -1, 0, 0, 0, 0, 0.0, 0, 0, 0], [0, 0, 6, 0, 0, 0, -1, 0, 0, 0, 0, 0.0, 0, 0, 0], [0, 0, 4, 0, 0, 0, -1, 0, 0, 0, 0, 0.0, 0, 0, 0], [0, 0, 6, 0, 0, 0, -1, 0, 0, 0, 0, 0.0, 0, 0, 0], [0, 0, 6, 0, 0, 0, -1, 0, 0, 0, 0, 0.0, 0, 0, 0], [0, 0, 4, 0, 0, 0, -1, 0, 0, 0, 0, 0.0, 0, 1, 0], [0, 0, 6, 0, 0, 0, -1, 0, 0, 0, 0, 0.0, 0, 0, 0], [0, 0, 6, 0, 0, 0, -1, 0, 0, 0, 0, 0.0, 0, 0, 0], [0, 1, 6, 0, 0, 0, -1, 0, 0, 0, 0, 0.0, 0, 0, 0], [0, 0, 1, 0, 0, 0, -1, 0, 0, 0, 0, 0.0, 0, 0, 0], [0, 1, 6, 0, 0, 0, -1, 0, 0, 0, 0, 0.0, 0, 1, 0], [1, 0, 1, 0, 0, 0, -1, 1, 1, 1, 1, 0.0, 0, 1, 0], [0, 0, 6, 0, 0, 0, -1, 0, 0, 0, 0, 0.0, 0, 0, 0], [0, 1, 2, 0, 0, 0, -1, 0, 0, 0, 0, 0.0, 0, 1, 1], [0, 0, 4, 0, 0, 0, -1, 0, 0, 0, 0, 0.0, 0, 0, 0], [0, 0, 6, 0, 0, 0, -1, 0, 0, 0, 0, 0.0, 0, 0, 0], [0, 1, 6, 0, 0, 0, -1, 0, 0, 0, 0, 0.0, 0, 1, 1], [0, 0, 3, 0, 0, 0, -1, 0, 0, 0, 0, 0.0, 0, 0, 0], [0, 0, 2, 0, 0, 0, -1, 0, 0, 0, 0, 0.0, 0, 0, 0], [0, 0, 6, 0, 0, 0, -1, 0, 0, 0, 0, 0.0, 0, 0, 0], [0, 0, 6, 0, 0, 0, -1, 0, 0, 0, 0, 0.0, 0, 0, 0], [0, 0, 6, 0, 0, 0, -1, 0, 0, 0, 0, 0.0, 0, 0, 0], [0, 0, 3, 0, 0, 0, -1, 0, 0, 0, 0, 0.0, 0, 0, 0], [0, 0, 6, 0, 0, 0, -1, 0, 0, 0, 0, 0.0, 0, 0, 0], [0, 0, 1, 0, 0, 0, -1, 0, 0, 0, 0, 0.0, 0, 0, 0], [0, 0, 1, 0, 0, 0, -1, 0, 0, 0, 0, 0.0, 0, 0, 0], [0, 0, 6, 0, 0, 0, -1, 0, 0, 0, 0, 0.0, 0, 0, 0], [0, 1, 2, 0, 1, 0, -1, 0, 0, 0, 0, 0.0, 0, 1, 0], [0, 0, 6, 0, 0, 0, -1, 0, 0, 0, 0, 0.0, 0, 0, 0], [0, 0, 1, 0, 0, 0, -1, 0, 0, 0, 0, 0.0, 0, 0, 0], [0, 0, 6, 0, 0, 0, -1, 0, 0, 0, 0, 0.0, 0, 0, 0], [0, 0, 6, 0, 0, 0, -1, 0, 0, 0, 0, 0.0, 0, 0, 0], [0, 0, 6, 0, 0, 0, -1, 0, 0, 0, 0, 0.0, 0, 0, 0], [0, 0, 1, 0, 0, 0, -1, 0, 0, 0, 0, 0.0, 0, 0, 0], [0, 0, 2, 0, 0, 0, -1, 0, 0, 0, 0, 0.0, 0, 0, 0], [0, 0, 6, 0, 0, 0, -1, 0, 0, 0, 0, 0.0, 0, 0, 0], [0, 1, 6, 0, 0, 0, -1, 0, 0, 0, 0, 0.0, 0, 1, 0], [0, 0, 2, 0, 0, 0, -1, 0, 0, 0, 0, 0.0, 0, 0, 0], [0, 0, 1, 0, 0, 0, -1, 0, 0, 0, 0, 0.0, 0, 0, 0], [0, 0, 6, 0, 0, 0, -1, 0, 0, 0, 0, 0.0, 0, 0, 0], [0, 0, 1, 0, 0, 0, -1, 0, 0, 0, 0, 0.0, 0, 0, 0], [0, 0, 1, 0, 0, 0, -1, 0, 0, 0, 0, 0.0, 0, 0, 0], [0, 0, 1, 0, 0, 0, -1, 0, 0, 0, 0, 0.0, 0, 0, 0], [0, 0, 1, 0, 0, 0, -1, 0, 0, 0, 0, 0.0, 0, 0, 0], [0, 0, 6, 0, 0, 0, -1, 0, 0, 0, 0, 0.0, 0, 0, 0], [0, 0, 6, 0, 0, 0, -1, 0, 0, 0, 0, 0.0, 0, 0, 0], [0, 0, 1, 0, 0, 0, -1, 0, 0, 0, 0, 0.0, 0, 0, 0], [0, 1, 2, 0, 0, 0, -1, 0, 0, 0, 0, 0.0, 0, 0, 0], [0, 0, 6, 0, 0, 0, -1, 0, 0, 0, 0, 0.0, 0, 0, 0], [0, 0, 6, 0, 0, 0, -1, 0, 0, 0, 0, 0.0, 0, 0, 0], [0, 0, 6, 0, 0, 0, -1, 0, 0, 0, 0, 0.0, 0, 0, 0], [0, 0, 6, 0, 0, 0, -1, 0, 0, 0, 0, 0.0, 0, 0, 0], [0, 0, 2, 0, 0, 0, -1, 0, 0, 0, 0, 0.0, 0, 0, 0], [1, 1, 3, 0, 1, 0, -1, 1, 0, 0, 1, 0.0, 0, 1, 1], [0, 1, 2, 0, 1, 0, -1, 0, 0, 0, 0, 0.0, 0, 0, 0], [0, 0, 1, 0, 0, 0, -1, 0, 0, 0, 0, 0.0, 0, 0, 0], [0, 1, 4, 0, 1, 0, -1, 0, 0, 0, 0, 0.0, 0, 1, 1], [0, 0, 1, 0, 0, 0, -1, 0, 0, 0, 0, 0.0, 0, 0, 0], [0, 1, 6, 0, 1, 0, -1, 0, 0, 0, 0, 0.0, 0, 0, 0], [0, 1, 4, 0, 0, 0, -1, 0, 0, 0, 0, 0.0, 0, 1, 1], [0, 0, 1, 0, 0, 0, -1, 0, 0, 0, 0, 0.0, 0, 0, 0], [0, 0, 3, 0, 0, 0, -1, 0, 0, 0, 0, 0.0, 0, 0, 0], [0, 0, 2, 0, 0, 0, -1, 0, 0, 0, 0, 0.0, 0, 0, 0], [0, 0, 6, 0, 0, 0, -1, 0, 0, 0, 0, 0.0, 0, 0, 0], [0, 0, 2, 0, 0, 0, -1, 0, 0, 0, 0, 0.0, 0, 0, 0], [0, 0, 1, 0, 0, 0, -1, 0, 0, 0, 0, 0.0, 0, 0, 0], [0, 0, 6, 0, 0, 0, -1, 0, 0, 0, 0, 0.0, 0, 0, 0], [0, 0, 1, 0, 0, 0, -1, 0, 0, 0, 0, 0.0, 0, 0, 0], [0, 1, 6, 0, 0, 0, -1, 0, 0, 0, 0, 0.0, 0, 0, 0], [0, 0, 6, 0, 0, 0, -1, 0, 0, 0, 0, 0.0, 0, 0, 0], [0, 0, 6, 0, 0, 0, -1, 0, 0, 0, 0, 0.0, 0, 0, 0], [0, 0, 6, 0, 0, 0, -1, 0, 0, 0, 0, 0.0, 0, 0, 0], [0, 0, 1, 0, 0, 0, -1, 0, 0, 0, 0, 0.0, 0, 1, 0], [0, 0, 2, 0, 0, 0, -1, 0, 0, 0, 0, 0.0, 0, 0, 0], [0, 0, 1, 0, 0, 0, -1, 0, 0, 0, 0, 0.0, 0, 1, 0], [0, 0, 1, 0, 0, 0, -1, 0, 0, 0, 0, 0.0, 0, 0, 0], [0, 0, 6, 0, 0, 0, -1, 0, 0, 0, 0, 0.0, 0, 1, 0], [0, 0, 1, 0, 0, 0, -1, 0, 0, 0, 0, 0.0, 0, 0, 0], [0, 0, 2, 0, 0, 0, -1, 0, 0, 0, 0, 0.0, 0, 0, 0], [0, 0, 6, 0, 0, 0, -1, 0, 0, 0, 0, 0.0, 0, 0, 0], [0, 0, 2, 0, 0, 0, -1, 0, 0, 0, 0, 0.0, 0, 0, 0], [0, 0, 6, 0, 0, 0, -1, 0, 0, 0, 0, 0.0, 0, 0, 0], [0, 0, 1, 0, 0, 0, -1, 0, 0, 0, 0, 0.0, 0, 0, 0], [0, 0, 6, 0, 0, 0, -1, 0, 0, 0, 0, 0.0, 0, 0, 0], [0, 1, 2, 0, 0, 0, -1, 0, 0, 0, 0, 0.0, 0, 1, 1], [0, 0, 5, 0, 0, 0, -1, 0, 0, 0, 0, 0.0, 0, 0, 0], [0, 0, 6, 0, 0, 0, -1, 0, 0, 0, 0, 0.0, 0, 0, 0], [0, 0, 6, 0, 0, 0, -1, 0, 0, 0, 0, 0.0, 0, 0, 0], [0, 0, 5, 0, 0, 0, -1, 0, 0, 0, 0, 0.0, 0, 0, 0], [0, 0, 1, 0, 0, 0, -1, 0, 0, 0, 0, 0.0, 0, 1, 0], [0, 0, 6, 0, 0, 0, -1, 0, 0, 0, 0, 0.0, 0, 0, 0], [0, 1, 4, 0, 1, 0, -1, 0, 0, 0, 0, 0.0, 0, 1, 0], [0, 0, 1, 0, 0, 0, -1, 0, 0, 0, 0, 0.0, 0, 0, 0], [0, 0, 6, 0, 0, 0, -1, 0, 0, 0, 0, 0.0, 0, 0, 0], [0, 1, 2, 0, 1, 0, -1, 0, 0, 0, 0, 0.0, 0, 1, 1], [0, 0, 6, 0, 0, 0, -1, 0, 0, 0, 0, 0.0, 0, 0, 0], [0, 0, 6, 0, 0, 0, -1, 0, 0, 0, 0, 0.0, 0, 0, 0], [0, 0, 1, 0, 0, 0, -1, 0, 0, 0, 0, 0.0, 0, 0, 0], [0, 1, 2, 0, 0, 0, -1, 0, 0, 0, 0, 0.0, 0, 1, 0], [0, 0, 1, 0, 0, 0, -1, 0, 0, 0, 0, 0.0, 0, 0, 0], [0, 0, 6, 0, 0, 0, -1, 0, 0, 0, 0, 0.0, 0, 0, 0], [0, 0, 2, 0, 0, 0, -1, 0, 0, 0, 0, 0.0, 0, 0, 0], [0, 1, 5, 0, 0, 0, -1, 0, 0, 0, 0, 0.0, 0, 1, 1], [0, 0, 1, 0, 0, 0, -1, 0, 0, 0, 0, 0.0, 0, 0, 0], [0, 0, 6, 0, 0, 0, -1, 0, 0, 0, 0, 0.0, 0, 0, 0], [0, 0, 6, 0, 0, 0, -1, 0, 0, 0, 0, 0.0, 0, 1, 0], [0, 0, 5, 0, 0, 0, -1, 0, 0, 0, 0, 0.0, 0, 0, 0], [0, 0, 6, 0, 0, 0, -1, 0, 0, 0, 0, 0.0, 0, 0, 0], [0, 0, 1, 0, 0, 0, -1, 0, 0, 0, 1, 0.0, 0, 1, 0], [0, 0, 5, 0, 0, 0, -1, 0, 0, 0, 0, 0.0, 0, 0, 0], [0, 0, 2, 0, 0, 0, -1, 0, 0, 0, 0, 0.0, 0, 0, 0], [0, 0, 1, 0, 0, 0, -1, 0, 0, 0, 0, 0.0, 0, 0, 0], [0, 0, 1, 0, 0, 0, -1, 0, 0, 0, 0, 0.0, 0, 0, 0], [0, 0, 1, 0, 0, 0, -1, 0, 0, 0, 0, 0.0, 0, 1, 0], [0, 0, 1, 0, 0, 0, -1, 0, 0, 0, 0, 0.0, 0, 0, 0], [0, 0, 6, 0, 0, 0, -1, 0, 0, 0, 0, 0.0, 0, 0, 0], [0, 0, 1, 0, 0, 0, -1, 0, 0, 0, 0, 0.0, 0, 0, 0], [0, 0, 1, 0, 0, 0, -1, 0, 0, 0, 0, 0.0, 0, 0, 0], [0, 0, 1, 0, 0, 0, -1, 0, 0, 0, 0, 0.0, 0, 0, 0], [0, 0, 1, 0, 0, 0, -1, 0, 0, 0, 0, 0.0, 0, 0, 0], [0, 0, 6, 0, 0, 0, -1, 0, 0, 0, 0, 0.0, 0, 0, 0], [0, 0, 6, 0, 0, 0, -1, 0, 0, 0, 0, 0.0, 0, 0, 0], [0, 0, 5, 0, 0, 0, -1, 0, 0, 0, 0, 0.0, 0, 0, 0], [0, 0, 6, 0, 0, 0, -1, 0, 0, 0, 0, 0.0, 0, 0, 0], [0, 1, 4, 0, 0, 0, -1, 0, 0, 0, 0, 0.0, 0, 0, 0], [0, 0, 1, 0, 0, 0, -1, 0, 0, 0, 0, 0.0, 0, 0, 0], [0, 0, 6, 0, 0, 0, -1, 0, 0, 0, 0, 0.0, 0, 0, 0], [0, 0, 6, 0, 0, 0, -1, 0, 0, 0, 0, 0.0, 0, 0, 0], [0, 0, 2, 0, 0, 0, -1, 0, 0, 0, 0, 0.0, 0, 1, 0], [0, 0, 6, 0, 0, 0, -1, 0, 0, 0, 0, 0.0, 0, 0, 0], [0, 0, 6, 0, 0, 0, -1, 0, 0, 0, 0, 0.0, 0, 0, 0], [0, 1, 5, 0, 0, 0, -1, 0, 0, 0, 0, 0.0, 0, 1, 1], [0, 0, 2, 0, 0, 0, -1, 0, 0, 0, 0, 0.0, 0, 0, 0], [0, 0, 2, 0, 0, 0, -1, 0, 0, 0, 0, 0.0, 0, 0, 0], [0, 1, 6, 0, 0, 0, -1, 0, 0, 0, 0, 0.0, 0, 1, 1], [0, 0, 1, 0, 0, 0, -1, 0, 0, 0, 0, 0.0, 0, 0, 0], [0, 0, 4, 0, 0, 0, -1, 0, 0, 0, 0, 0.0, 0, 0, 0], [0, 0, 6, 0, 0, 0, -1, 0, 0, 0, 0, 0.0, 0, 0, 0], [0, 0, 2, 0, 0, 0, -1, 0, 0, 0, 0, 0.0, 0, 0, 0], [0, 0, 5, 0, 0, 0, -1, 0, 0, 0, 0, 0.0, 0, 0, 0], [0, 0, 1, 0, 0, 0, -1, 0, 0, 0, 0, 0.0, 0, 0, 0], [0, 0, 2, 0, 0, 0, -1, 0, 0, 0, 0, 0.0, 0, 0, 0], [0, 0, 6, 0, 0, 0, -1, 0, 0, 0, 0, 0.0, 0, 0, 0], [0, 0, 6, 0, 0, 0, -1, 0, 0, 0, 0, 0.0, 0, 0, 0], [0, 1, 6, 0, 0, 0, -1, 0, 0, 0, 0, 0.0, 0, 0, 0], [0, 0, 6, 0, 0, 0, -1, 0, 0, 0, 0, 0.0, 0, 0, 0], [0, 0, 6, 0, 0, 0, -1, 0, 0, 0, 0, 0.0, 0, 0, 0], [0, 1, 6, 0, 0, 0, -1, 0, 0, 0, 0, 0.0, 0, 1, 0], [0, 0, 1, 0, 0, 0, -1, 0, 0, 0, 0, 0.0, 0, 0, 0], [0, 0, 6, 0, 0, 0, -1, 0, 0, 0, 0, 0.0, 0, 0, 0], [0, 0, 3, 0, 0, 0, -1, 0, 0, 0, 0, 0.0, 0, 0, 0], [0, 0, 6, 0, 0, 0, -1, 0, 0, 0, 0, 0.0, 0, 0, 0], [0, 0, 1, 0, 0, 0, -1, 0, 0, 0, 0, 0.0, 0, 0, 0], [0, 0, 6, 0, 0, 0, -1, 0, 0, 0, 0, 0.0, 0, 0, 0], [0, 0, 6, 0, 0, 0, -1, 0, 0, 0, 0, 0.0, 0, 0, 0], [0, 0, 6, 0, 0, 0, -1, 0, 0, 0, 0, 0.0, 0, 0, 0], [0, 0, 3, 0, 0, 0, -1, 0, 0, 0, 0, 0.0, 0, 0, 0], [0, 0, 1, 0, 0, 0, -1, 0, 0, 0, 0, 0.0, 0, 0, 0], [0, 0, 5, 0, 0, 0, -1, 0, 0, 0, 0, 0.0, 0, 0, 0], [0, 0, 6, 0, 0, 0, -1, 0, 0, 0, 0, 0.0, 0, 0, 0], [0, 0, 2, 0, 0, 0, -1, 0, 0, 0, 0, 0.0, 0, 0, 0], [0, 1, 6, 0, 0, 0, -1, 0, 0, 0, 0, 0.0, 0, 1, 1], [0, 1, 4, 0, 0, 0, -1, 0, 0, 0, 0, 0.0, 0, 1, 1], [0, 0, 2, 0, 0, 0, -1, 0, 0, 0, 0, 0.0, 0, 0, 0], [0, 1, 6, 0, 0, 0, -1, 0, 0, 0, 0, 0.0, 0, 0, 0], [0, 0, 2, 0, 0, 0, -1, 0, 0, 0, 0, 0.0, 0, 0, 0], [0, 0, 6, 0, 0, 0, -1, 0, 0, 0, 0, 0.0, 0, 0, 0], [0, 0, 6, 0, 0, 0, -1, 0, 0, 0, 0, 0.0, 0, 0, 0], [0, 0, 1, 0, 0, 0, -1, 0, 0, 0, 0, 0.0, 0, 0, 0], [0, 0, 1, 0, 0, 0, -1, 0, 0, 0, 0, 0.0, 0, 0, 0], [0, 0, 6, 0, 0, 0, -1, 0, 0, 0, 0, 0.0, 0, 0, 0], [0, 0, 1, 0, 0, 0, -1, 0, 0, 0, 0, 0.0, 0, 1, 0], [0, 0, 1, 0, 0, 0, -1, 0, 0, 0, 0, 0.0, 0, 0, 0], [0, 0, 5, 0, 0, 0, -1, 0, 0, 0, 0, 0.0, 0, 0, 0], [0, 0, 1, 0, 0, 0, -1, 0, 0, 0, 0, 0.0, 0, 0, 0], [0, 0, 6, 0, 0, 0, -1, 0, 0, 0, 0, 0.0, 0, 0, 0], [0, 0, 1, 0, 0, 0, -1, 0, 0, 0, 0, 0.0, 0, 0, 0], [0, 0, 6, 0, 0, 0, -1, 0, 0, 0, 0, 0.0, 0, 0, 0], [0, 0, 1, 0, 0, 0, -1, 0, 0, 0, 0, 0.0, 0, 0, 0], [0, 1, 2, 0, 0, 0, -1, 0, 0, 0, 0, 0.0, 0, 1, 1], [1, 0, 2, 0, 0, 0, -1, 1, 0, 1, 1, 0.0, 0, 1, 0], [0, 1, 6, 0, 0, 0, -1, 0, 0, 0, 0, 0.0, 0, 1, 0], [0, 1, 3, 0, 0, 0, -1, 0, 0, 0, 0, 0.0, 0, 1, 0], [0, 0, 6, 0, 0, 0, -1, 0, 0, 0, 0, 0.0, 0, 0, 0], [0, 0, 1, 0, 0, 0, -1, 0, 0, 0, 0, 0.0, 0, 0, 0], [0, 0, 2, 0, 0, 0, -1, 0, 0, 0, 0, 0.0, 0, 0, 0], [0, 0, 6, 0, 0, 0, -1, 0, 0, 0, 0, 0.0, 0, 0, 0], [0, 0, 6, 0, 0, 0, -1, 0, 0, 0, 0, 0.0, 0, 0, 0], [0, 0, 1, 0, 0, 0, -1, 0, 0, 0, 0, 0.0, 0, 0, 0], [0, 0, 1, 0, 0, 0, -1, 0, 0, 0, 0, 0.0, 0, 0, 0], [0, 0, 1, 0, 0, 0, -1, 0, 0, 0, 0, 0.0, 0, 0, 0], [0, 0, 6, 0, 0, 0, -1, 0, 0, 0, 0, 0.0, 0, 0, 0], [0, 0, 3, 0, 0, 0, -1, 0, 0, 0, 0, 0.0, 0, 0, 0], [0, 0, 1, 0, 0, 0, -1, 0, 0, 0, 0, 0.0, 0, 0, 0], [0, 0, 3, 0, 0, 0, -1, 0, 0, 0, 0, 0.0, 0, 0, 0], [0, 0, 1, 0, 0, 0, -1, 0, 0, 0, 0, 0.0, 0, 0, 0], [0, 0, 1, 0, 0, 0, -1, 0, 0, 0, 0, 0.0, 0, 0, 0], [0, 0, 3, 0, 0, 0, -1, 0, 0, 0, 0, 0.0, 0, 0, 0], [0, 1, 6, 0, 0, 0, -1, 0, 0, 0, 0, 0.0, 0, 1, 0], [0, 0, 4, 0, 0, 0, -1, 0, 0, 0, 0, 0.0, 0, 0, 0], [0, 0, 2, 0, 0, 0, -1, 0, 0, 0, 0, 0.0, 0, 0, 0], [0, 1, 6, 0, 0, 0, -1, 0, 0, 0, 0, 0.0, 0, 1, 0], [0, 0, 1, 0, 0, 0, -1, 0, 0, 0, 0, 0.0, 0, 0, 0], [0, 0, 1, 0, 0, 0, -1, 0, 0, 0, 0, 0.0, 0, 0, 0], [0, 0, 2, 0, 0, 0, -1, 0, 0, 0, 0, 0.0, 0, 1, 0], [0, 0, 1, 0, 0, 0, -1, 0, 0, 0, 0, 0.0, 0, 0, 0], [0, 0, 1, 0, 0, 0, -1, 0, 0, 0, 0, 0.0, 0, 0, 0], [0, 0, 6, 0, 0, 0, -1, 0, 0, 0, 0, 0.0, 0, 0, 0], [0, 0, 1, 0, 0, 0, -1, 0, 0, 0, 0, 0.0, 0, 0, 0], [0, 0, 6, 0, 0, 0, -1, 0, 0, 0, 0, 0.0, 0, 0, 0], [0, 0, 6, 0, 0, 0, -1, 0, 0, 0, 0, 0.0, 0, 0, 0], [0, 0, 1, 0, 0, 0, -1, 0, 0, 0, 0, 0.0, 0, 0, 0], [0, 0, 6, 0, 0, 0, -1, 0, 0, 0, 0, 0.0, 0, 0, 0], [0, 0, 6, 0, 0, 0, -1, 0, 0, 0, 0, 0.0, 0, 0, 0], [0, 0, 6, 0, 0, 0, -1, 0, 0, 0, 1, 0.0, 0, 0, 0], [0, 0, 6, 0, 0, 0, -1, 0, 0, 0, 0, 0.0, 0, 0, 0], [0, 0, 6, 0, 0, 0, -1, 0, 0, 0, 0, 0.0, 0, 0, 0], [0, 0, 3, 0, 0, 0, -1, 0, 0, 0, 0, 0.0, 0, 0, 0], [0, 0, 1, 0, 0, 0, -1, 0, 0, 0, 0, 0.0, 0, 0, 0], [0, 1, 2, 0, 0, 0, -1, 0, 0, 0, 0, 0.0, 0, 1, 0], [0, 0, 1, 0, 0, 0, -1, 0, 0, 0, 0, 0.0, 0, 0, 0], [0, 0, 4, 0, 0, 0, -1, 0, 0, 0, 0, 0.0, 0, 0, 0], [0, 0, 6, 0, 0, 0, -1, 0, 0, 0, 0, 0.0, 0, 0, 0], [0, 0, 1, 0, 0, 0, -1, 0, 0, 0, 0, 0.0, 0, 0, 0], [0, 0, 1, 0, 0, 0, -1, 0, 0, 0, 0, 0.0, 0, 0, 0], [0, 0, 6, 0, 0, 0, -1, 0, 0, 0, 0, 0.0, 0, 0, 0], [0, 0, 1, 0, 0, 0, -1, 0, 0, 0, 0, 0.0, 0, 0, 0], [0, 0, 1, 0, 0, 0, -1, 0, 0, 0, 0, 0.0, 0, 0, 0], [0, 0, 2, 0, 0, 0, -1, 0, 0, 0, 0, 0.0, 0, 0, 0], [0, 0, 4, 0, 0, 0, -1, 0, 0, 0, 0, 0.0, 0, 0, 0], [0, 0, 6, 0, 0, 0, -1, 0, 0, 0, 0, 0.0, 0, 0, 0], [0, 0, 6, 0, 0, 0, -1, 0, 0, 0, 0, 0.0, 0, 0, 0], [0, 1, 3, 0, 0, 0, -1, 0, 0, 0, 0, 0.0, 0, 0, 0], [0, 0, 6, 0, 0, 0, -1, 0, 0, 0, 0, 0.0, 0, 0, 0], [0, 1, 6, 0, 0, 0, -1, 0, 0, 0, 0, 0.0, 0, 1, 1], [0, 1, 2, 0, 1, 0, -1, 0, 0, 0, 0, 0.0, 0, 1, 1], [0, 0, 6, 0, 0, 0, -1, 0, 0, 0, 0, 0.0, 0, 0, 0], [0, 0, 1, 0, 0, 0, -1, 0, 0, 0, 0, 0.0, 0, 1, 1], [0, 0, 6, 0, 0, 0, -1, 0, 0, 0, 0, 0.0, 0, 0, 0], [0, 0, 1, 0, 0, 0, -1, 0, 0, 0, 0, 0.0, 0, 0, 0], [0, 0, 6, 0, 0, 0, -1, 0, 0, 0, 0, 0.0, 0, 0, 0], [0, 0, 3, 0, 0, 0, -1, 0, 0, 0, 0, 0.0, 0, 0, 0], [0, 0, 3, 0, 0, 0, -1, 0, 0, 0, 0, 0.0, 0, 0, 0], [0, 1, 4, 0, 0, 0, -1, 0, 0, 0, 1, 0.0, 0, 1, 1], [0, 0, 6, 0, 0, 0, -1, 0, 0, 0, 0, 0.0, 0, 0, 0], [0, 0, 4, 0, 0, 0, -1, 0, 0, 0, 0, 0.0, 0, 0, 0], [0, 1, 4, 0, 1, 0, -1, 0, 0, 0, 1, 0.0, 0, 1, 1], [0, 0, 6, 0, 0, 0, -1, 0, 0, 0, 0, 0.0, 0, 0, 0], [0, 0, 2, 0, 0, 0, -1, 0, 0, 0, 0, 0.0, 0, 0, 0], [0, 0, 1, 0, 0, 0, -1, 0, 0, 0, 0, 0.0, 0, 0, 0], [0, 0, 4, 0, 0, 0, -1, 0, 0, 0, 0, 0.0, 0, 0, 0], [0, 0, 3, 0, 0, 0, -1, 0, 0, 0, 0, 0.0, 0, 0, 0], [0, 0, 6, 0, 0, 0, -1, 0, 0, 0, 0, 0.0, 0, 0, 0], [0, 0, 2, 0, 0, 0, -1, 0, 0, 0, 0, 0.0, 0, 0, 0], [0, 0, 6, 0, 0, 0, -1, 0, 0, 0, 0, 0.0, 0, 0, 0], [0, 0, 6, 0, 0, 0, -1, 0, 0, 0, 0, 0.0, 0, 0, 0], [0, 0, 1, 0, 0, 0, -1, 0, 0, 0, 0, 0.0, 0, 0, 0], [0, 0, 1, 0, 0, 0, -1, 0, 0, 0, 0, 0.0, 0, 0, 0], [0, 0, 6, 0, 0, 0, -1, 0, 0, 0, 0, 0.0, 0, 0, 0], [0, 0, 6, 0, 0, 0, -1, 0, 0, 0, 0, 0.0, 0, 0, 0], [0, 0, 1, 0, 0, 0, -1, 0, 0, 0, 0, 0.0, 0, 0, 0], [0, 0, 2, 0, 0, 0, -1, 0, 0, 0, 0, 0.0, 0, 0, 0], [0, 0, 1, 0, 0, 0, -1, 0, 0, 0, 0, 0.0, 0, 1, 0], [0, 0, 1, 0, 0, 0, -1, 0, 0, 0, 0, 0.0, 0, 0, 0], [0, 0, 3, 0, 0, 0, -1, 0, 0, 0, 0, 0.0, 0, 0, 0], [0, 0, 1, 0, 0, 0, -1, 0, 0, 0, 0, 0.0, 0, 0, 0], [0, 0, 6, 0, 0, 0, -1, 0, 0, 0, 0, 0.0, 0, 0, 0], [0, 0, 3, 0, 0, 0, -1, 0, 0, 0, 0, 0.0, 0, 0, 0], [0, 0, 4, 0, 0, 0, -1, 0, 0, 0, 0, 0.0, 0, 0, 0], [0, 0, 4, 0, 0, 0, -1, 0, 0, 0, 0, 0.0, 0, 0, 0], [0, 0, 6, 0, 0, 0, -1, 0, 0, 0, 0, 0.0, 0, 0, 0], [0, 0, 6, 0, 0, 0, -1, 0, 0, 0, 0, 0.0, 0, 0, 0], [0, 0, 1, 0, 0, 0, -1, 0, 0, 0, 0, 0.0, 0, 0, 0], [0, 1, 4, 0, 0, 0, -1, 0, 0, 0, 0, 0.0, 0, 1, 1], [0, 0, 6, 0, 0, 0, -1, 0, 0, 0, 0, 0.0, 0, 0, 0], [0, 0, 6, 0, 0, 0, -1, 0, 0, 0, 0, 0.0, 0, 0, 0], [0, 0, 2, 0, 0, 0, -1, 0, 0, 0, 0, 0.0, 0, 0, 0], [0, 0, 5, 0, 0, 0, -1, 0, 0, 0, 0, 0.0, 0, 0, 0], [0, 1, 6, 0, 0, 0, -1, 0, 0, 0, 0, 0.0, 0, 0, 0], [0, 0, 2, 0, 0, 0, -1, 0, 0, 0, 0, 0.0, 0, 0, 0], [0, 0, 6, 0, 0, 0, -1, 0, 0, 0, 0, 0.0, 0, 0, 0], [0, 0, 1, 0, 0, 0, -1, 0, 0, 0, 0, 0.0, 0, 0, 0], [0, 1, 6, 0, 0, 0, -1, 0, 0, 0, 0, 0.0, 0, 1, 0], [0, 0, 6, 0, 0, 0, -1, 0, 0, 0, 0, 0.0, 0, 0, 0], [0, 0, 1, 0, 0, 0, -1, 0, 0, 0, 0, 0.0, 0, 0, 0], [0, 0, 6, 0, 0, 0, -1, 0, 0, 0, 0, 0.0, 0, 0, 0], [0, 0, 6, 0, 0, 0, -1, 0, 0, 0, 0, 0.0, 0, 0, 0], [0, 0, 1, 0, 0, 0, -1, 0, 0, 0, 0, 0.0, 0, 0, 0], [0, 0, 6, 0, 0, 0, -1, 0, 0, 0, 0, 0.0, 0, 0, 0], [0, 1, 6, 0, 1, 0, -1, 0, 0, 0, 0, 0.0, 0, 0, 0], [0, 0, 1, 0, 0, 0, -1, 0, 0, 0, 0, 0.0, 0, 0, 0], [0, 0, 3, 0, 0, 0, -1, 0, 0, 0, 0, 0.0, 0, 0, 0], [0, 0, 6, 0, 0, 0, -1, 0, 0, 0, 0, 0.0, 0, 0, 0], [0, 1, 6, 0, 0, 0, -1, 0, 0, 0, 0, 0.0, 0, 0, 0], [0, 0, 3, 0, 0, 0, -1, 0, 0, 0, 0, 0.0, 0, 0, 0], [0, 1, 2, 0, 1, 0, -1, 0, 0, 0, 0, 0.0, 0, 1, 0], [0, 0, 6, 0, 0, 0, -1, 0, 0, 0, 0, 0.0, 0, 0, 0], [0, 1, 2, 0, 0, 0, -1, 0, 0, 0, 0, 0.0, 0, 1, 0], [0, 0, 5, 0, 0, 0, -1, 0, 0, 0, 0, 0.0, 0, 0, 0], [0, 0, 3, 0, 0, 0, -1, 0, 0, 0, 0, 0.0, 0, 0, 0], [0, 0, 1, 0, 0, 0, -1, 0, 0, 0, 0, 0.0, 0, 0, 0], [0, 0, 5, 0, 0, 0, -1, 0, 0, 0, 0, 0.0, 0, 0, 0], [0, 0, 6, 0, 0, 0, -1, 0, 0, 0, 0, 0.0, 0, 0, 0], [0, 0, 1, 0, 0, 0, -1, 0, 0, 0, 0, 0.0, 0, 0, 0], [0, 0, 6, 0, 0, 0, -1, 0, 0, 0, 0, 0.0, 0, 0, 0], [0, 1, 2, 0, 0, 0, -1, 0, 0, 0, 0, 0.0, 0, 1, 1], [0, 1, 6, 0, 0, 0, -1, 0, 0, 0, 0, 0.0, 0, 1, 0], [0, 0, 1, 0, 0, 0, -1, 0, 0, 0, 0, 0.0, 0, 0, 0], [0, 0, 3, 0, 0, 0, -1, 0, 0, 0, 0, 0.0, 0, 0, 0], [0, 0, 3, 0, 0, 0, -1, 0, 0, 0, 0, 0.0, 0, 0, 0], [0, 0, 3, 0, 0, 0, -1, 0, 0, 0, 0, 0.0, 0, 0, 0], [0, 0, 6, 0, 0, 0, -1, 0, 0, 0, 0, 0.0, 0, 0, 0], [0, 0, 1, 0, 0, 0, -1, 0, 0, 0, 0, 0.0, 0, 0, 0], [0, 0, 1, 0, 0, 0, -1, 0, 0, 0, 0, 0.0, 0, 0, 0], [0, 0, 6, 0, 0, 0, -1, 0, 0, 0, 0, 0.0, 0, 0, 0], [0, 0, 4, 0, 0, 0, -1, 0, 0, 0, 0, 0.0, 0, 0, 0], [0, 0, 6, 0, 0, 0, -1, 0, 0, 0, 0, 0.0, 0, 0, 0], [0, 0, 1, 0, 0, 0, -1, 0, 0, 0, 0, 0.0, 0, 0, 0], [0, 0, 2, 0, 0, 0, -1, 0, 0, 0, 0, 0.0, 0, 0, 0], [0, 0, 5, 0, 0, 0, -1, 0, 0, 0, 0, 0.0, 0, 0, 0], [0, 0, 1, 0, 0, 0, -1, 0, 0, 0, 0, 0.0, 0, 0, 0], [0, 0, 6, 0, 0, 0, -1, 0, 0, 0, 0, 0.0, 0, 0, 0], [0, 0, 1, 0, 0, 0, -1, 0, 0, 0, 0, 0.0, 0, 0, 0], [0, 0, 1, 0, 0, 0, -1, 0, 0, 0, 0, 0.0, 0, 0, 0], [0, 0, 6, 0, 0, 0, -1, 0, 0, 0, 0, 0.0, 0, 0, 0], [0, 0, 4, 0, 0, 0, -1, 0, 0, 0, 0, 0.0, 0, 0, 0], [0, 0, 5, 0, 0, 0, -1, 0, 0, 0, 0, 0.0, 0, 0, 0], [0, 1, 6, 0, 0, 0, -1, 0, 0, 0, 0, 0.0, 0, 1, 0], [0, 1, 4, 0, 0, 0, -1, 0, 0, 0, 0, 0.0, 0, 1, 1], [0, 0, 1, 0, 0, 0, -1, 0, 0, 0, 1, 0.0, 0, 1, 0], [0, 1, 2, 0, 1, 0, -1, 0, 0, 0, 0, 0.0, 0, 1, 1], [0, 0, 6, 0, 0, 0, -1, 0, 0, 0, 0, 0.0, 0, 0, 0], [0, 0, 6, 0, 0, 0, -1, 0, 0, 0, 0, 0.0, 0, 0, 0], [0, 0, 1, 0, 0, 0, -1, 0, 0, 0, 0, 0.0, 0, 1, 0], [0, 0, 1, 0, 0, 0, -1, 0, 0, 0, 0, 0.0, 0, 0, 0], [0, 1, 3, 0, 1, 0, -1, 0, 0, 0, 0, 0.0, 0, 1, 0], [0, 0, 6, 0, 0, 0, -1, 0, 0, 0, 0, 0.0, 0, 0, 0], [0, 0, 1, 0, 0, 0, -1, 0, 0, 0, 0, 0.0, 0, 0, 0], [0, 0, 6, 0, 0, 0, -1, 0, 0, 0, 0, 0.0, 0, 0, 0], [0, 0, 4, 0, 0, 0, -1, 0, 0, 0, 0, 0.0, 0, 0, 0], [0, 0, 6, 0, 0, 0, -1, 0, 0, 0, 0, 0.0, 0, 0, 0], [0, 0, 5, 0, 0, 0, -1, 0, 0, 0, 0, 0.0, 0, 0, 0], [0, 1, 5, 0, 0, 0, -1, 0, 0, 0, 0, 0.0, 0, 1, 1], [0, 0, 6, 0, 0, 0, -1, 0, 0, 0, 0, 0.0, 0, 0, 0], [0, 0, 2, 0, 0, 0, -1, 0, 0, 0, 0, 0.0, 0, 0, 0], [0, 0, 6, 0, 0, 0, -1, 0, 0, 0, 0, 0.0, 0, 0, 0], [0, 0, 6, 0, 0, 0, -1, 0, 0, 0, 0, 0.0, 0, 0, 0], [0, 0, 6, 0, 0, 0, -1, 0, 0, 0, 0, 0.0, 0, 0, 0], [0, 0, 1, 0, 0, 0, -1, 0, 0, 0, 0, 0.0, 0, 0, 0], [0, 0, 2, 0, 0, 0, -1, 0, 0, 0, 0, 0.0, 0, 0, 0], [0, 1, 6, 0, 0, 0, -1, 0, 0, 0, 0, 0.0, 0, 0, 0], [0, 1, 3, 0, 0, 0, -1, 0, 0, 0, 0, 0.0, 0, 1, 0], [0, 0, 6, 0, 0, 0, -1, 0, 0, 0, 0, 0.0, 0, 0, 0], [0, 0, 6, 0, 0, 0, -1, 0, 0, 0, 0, 0.0, 0, 0, 0], [0, 0, 6, 0, 0, 0, -1, 0, 0, 0, 0, 0.0, 0, 0, 0], [0, 0, 6, 0, 0, 0, -1, 0, 0, 0, 0, 0.0, 0, 0, 0], [0, 0, 1, 0, 0, 0, -1, 0, 0, 0, 0, 0.0, 0, 0, 0], [0, 0, 6, 0, 0, 0, -1, 0, 0, 0, 0, 0.0, 0, 0, 0], [0, 0, 6, 0, 0, 0, -1, 0, 0, 0, 0, 0.0, 0, 0, 0], [0, 0, 6, 0, 0, 0, -1, 0, 0, 0, 0, 0.0, 0, 0, 0], [0, 0, 6, 0, 0, 0, -1, 0, 0, 0, 0, 0.0, 0, 0, 0], [0, 0, 3, 0, 0, 0, -1, 0, 0, 0, 0, 0.0, 0, 0, 0], [0, 0, 6, 0, 0, 0, -1, 0, 0, 0, 0, 0.0, 0, 1, 0], [0, 0, 6, 0, 0, 0, -1, 0, 0, 0, 0, 0.0, 0, 0, 0], [0, 0, 6, 0, 0, 0, -1, 0, 0, 0, 0, 0.0, 0, 0, 0], [0, 0, 2, 0, 0, 0, -1, 0, 0, 0, 0, 0.0, 0, 0, 0], [0, 1, 2, 0, 1, 0, -1, 0, 0, 0, 0, 0.0, 0, 1, 1], [0, 0, 1, 0, 0, 0, -1, 0, 0, 0, 0, 0.0, 0, 0, 0], [0, 0, 2, 0, 0, 0, -1, 0, 0, 0, 0, 0.0, 0, 0, 0], [0, 0, 6, 0, 0, 0, -1, 0, 0, 0, 0, 0.0, 0, 0, 0], [0, 0, 1, 0, 0, 0, -1, 0, 0, 0, 0, 0.0, 0, 0, 0], [0, 0, 6, 0, 0, 0, -1, 0, 0, 0, 0, 0.0, 0, 0, 0], [0, 0, 1, 0, 0, 0, -1, 0, 0, 0, 0, 0.0, 0, 0, 0], [0, 1, 6, 0, 0, 0, -1, 0, 0, 0, 0, 0.0, 0, 1, 1], [0, 0, 3, 0, 0, 0, -1, 0, 0, 0, 0, 0.0, 0, 0, 0], [0, 0, 1, 0, 0, 0, -1, 0, 0, 0, 0, 0.0, 0, 0, 0], [0, 0, 6, 0, 0, 0, -1, 0, 0, 0, 0, 0.0, 0, 0, 0], [0, 0, 2, 0, 0, 0, -1, 0, 0, 0, 0, 0.0, 0, 0, 0], [0, 0, 6, 0, 0, 0, -1, 0, 0, 0, 0, 0.0, 0, 0, 0], [0, 0, 6, 0, 0, 0, -1, 0, 0, 0, 0, 0.0, 0, 0, 0], [0, 0, 6, 0, 0, 0, -1, 0, 0, 0, 0, 0.0, 0, 0, 0], [0, 1, 6, 0, 0, 0, -1, 0, 0, 0, 0, 0.0, 0, 0, 0], [0, 0, 1, 0, 0, 0, -1, 0, 0, 0, 0, 0.0, 0, 0, 0], [0, 0, 6, 0, 0, 0, -1, 0, 0, 0, 0, 0.0, 0, 0, 0], [0, 0, 2, 0, 0, 0, -1, 0, 0, 0, 0, 0.0, 0, 0, 0], [0, 0, 6, 0, 0, 0, -1, 0, 0, 0, 0, 0.0, 0, 0, 0], [1, 1, 2, 0, 1, 0, -1, 1, 0, 0, 1, 0.0, 0, 1, 1], [0, 0, 1, 0, 0, 0, -1, 0, 0, 0, 0, 0.0, 0, 0, 0], [0, 0, 6, 0, 0, 0, -1, 0, 0, 0, 0, 0.0, 0, 0, 0], [0, 0, 2, 0, 0, 0, -1, 0, 0, 0, 0, 0.0, 0, 0, 0], [0, 0, 1, 0, 0, 0, -1, 0, 0, 0, 0, 0.0, 0, 0, 0], [0, 0, 6, 0, 0, 0, -1, 0, 0, 0, 0, 0.0, 0, 0, 0], [0, 0, 6, 0, 0, 0, -1, 0, 0, 0, 0, 0.0, 0, 0, 0], [0, 0, 4, 0, 0, 0, -1, 0, 0, 0, 0, 0.0, 0, 0, 0], [0, 0, 6, 0, 0, 0, -1, 0, 0, 0, 0, 0.0, 0, 1, 0], [0, 0, 6, 0, 0, 0, -1, 0, 0, 0, 0, 0.0, 0, 0, 0], [0, 0, 1, 0, 0, 0, -1, 0, 0, 0, 0, 0.0, 0, 0, 0], [0, 0, 5, 0, 0, 0, -1, 0, 0, 0, 0, 0.0, 0, 0, 0], [0, 0, 6, 0, 0, 0, -1, 0, 0, 0, 0, 0.0, 0, 0, 0], [0, 0, 4, 0, 0, 0, -1, 0, 0, 0, 0, 0.0, 0, 0, 0], [0, 0, 6, 0, 0, 0, -1, 0, 0, 0, 0, 0.0, 0, 0, 0], [0, 0, 1, 0, 0, 0, -1, 0, 0, 0, 0, 0.0, 0, 0, 0], [0, 0, 4, 0, 0, 0, -1, 0, 0, 0, 0, 0.0, 0, 0, 0], [0, 0, 6, 0, 0, 0, -1, 0, 0, 0, 0, 0.0, 0, 0, 0], [0, 0, 2, 0, 0, 0, -1, 0, 0, 0, 0, 0.0, 0, 0, 0], [0, 0, 1, 0, 0, 0, -1, 0, 0, 0, 0, 0.0, 0, 0, 0], [0, 1, 5, 0, 0, 0, -1, 0, 0, 0, 0, 0.0, 0, 0, 0], [0, 0, 6, 0, 0, 0, -1, 0, 0, 0, 0, 0.0, 0, 0, 0], [0, 1, 2, 0, 0, 0, -1, 0, 0, 0, 0, 0.0, 0, 1, 1], [0, 0, 6, 0, 0, 0, -1, 0, 0, 0, 0, 0.0, 0, 0, 0], [0, 0, 1, 0, 0, 0, -1, 0, 0, 0, 0, 0.0, 0, 0, 0], [0, 0, 6, 0, 0, 0, -1, 0, 0, 0, 0, 0.0, 0, 0, 0], [0, 1, 2, 0, 0, 0, -1, 0, 0, 0, 0, 0.0, 0, 1, 0], [0, 0, 1, 0, 0, 0, -1, 0, 0, 0, 0, 0.0, 0, 0, 0], [0, 0, 6, 0, 0, 0, -1, 0, 0, 0, 0, 0.0, 0, 1, 1], [0, 0, 1, 0, 0, 0, -1, 0, 0, 0, 0, 0.0, 0, 0, 0], [0, 0, 6, 0, 0, 0, -1, 0, 0, 0, 0, 0.0, 0, 0, 0], [0, 0, 1, 0, 0, 0, -1, 0, 0, 0, 0, 0.0, 0, 0, 0], [0, 1, 2, 0, 1, 0, -1, 0, 0, 0, 0, 0.0, 0, 1, 1], [0, 1, 5, 0, 0, 0, -1, 0, 0, 0, 0, 0.0, 0, 1, 0], [0, 0, 6, 0, 0, 0, -1, 0, 0, 0, 0, 0.0, 0, 0, 0], [0, 0, 6, 0, 0, 0, -1, 0, 0, 0, 0, 0.0, 0, 0, 0], [0, 0, 6, 0, 0, 0, -1, 0, 0, 0, 0, 0.0, 0, 0, 0], [0, 0, 1, 0, 0, 0, -1, 0, 0, 0, 0, 0.0, 0, 0, 0], [0, 0, 1, 0, 0, 0, -1, 0, 0, 0, 0, 0.0, 0, 0, 0], [0, 0, 6, 0, 0, 0, -1, 0, 0, 0, 0, 0.0, 0, 0, 0], [0, 0, 2, 0, 0, 0, -1, 0, 0, 0, 0, 0.0, 0, 0, 0], [0, 0, 1, 0, 0, 0, -1, 0, 0, 0, 0, 0.0, 0, 0, 0], [0, 0, 4, 0, 0, 0, -1, 0, 0, 0, 0, 0.0, 0, 0, 0], [0, 1, 6, 0, 0, 0, -1, 0, 0, 0, 0, 0.0, 0, 0, 0], [0, 0, 6, 0, 0, 0, -1, 0, 0, 0, 0, 0.0, 0, 0, 0], [0, 1, 4, 0, 0, 0, -1, 0, 0, 0, 0, 0.0, 0, 1, 0], [0, 0, 1, 0, 0, 0, -1, 0, 0, 0, 0, 0.0, 0, 0, 0], [0, 0, 2, 0, 0, 0, -1, 0, 0, 0, 0, 0.0, 0, 0, 0], [0, 0, 1, 0, 0, 0, -1, 0, 0, 0, 0, 0.0, 0, 0, 0], [0, 0, 1, 0, 0, 0, -1, 0, 0, 0, 0, 0.0, 0, 0, 0], [0, 1, 6, 0, 0, 0, -1, 0, 0, 0, 0, 0.0, 0, 1, 1], [0, 1, 6, 0, 0, 0, -1, 0, 0, 0, 0, 0.0, 0, 1, 1], [0, 0, 1, 0, 0, 0, -1, 0, 0, 0, 0, 0.0, 0, 0, 0], [0, 0, 6, 0, 0, 0, -1, 0, 0, 0, 0, 0.0, 0, 0, 0], [0, 0, 3, 0, 0, 0, -1, 0, 0, 0, 0, 0.0, 0, 0, 0], [0, 1, 6, 0, 0, 0, -1, 0, 0, 0, 0, 0.0, 0, 0, 0], [0, 0, 1, 0, 0, 0, -1, 0, 0, 0, 0, 0.0, 0, 0, 0], [0, 0, 6, 0, 0, 0, -1, 0, 0, 0, 0, 0.0, 0, 0, 0], [0, 0, 6, 0, 0, 0, -1, 0, 0, 0, 0, 0.0, 0, 0, 0], [0, 0, 1, 0, 0, 0, -1, 0, 0, 0, 0, 0.0, 0, 0, 0], [0, 0, 6, 0, 0, 0, -1, 0, 0, 0, 0, 0.0, 0, 0, 0], [0, 0, 4, 0, 0, 0, -1, 0, 0, 0, 0, 0.0, 0, 0, 0], [0, 0, 4, 0, 0, 0, -1, 0, 0, 0, 0, 0.0, 0, 0, 0], [0, 0, 6, 0, 0, 0, -1, 0, 0, 0, 0, 0.0, 0, 0, 0], [0, 0, 3, 0, 0, 0, -1, 0, 0, 0, 0, 0.0, 0, 1, 0], [0, 0, 1, 0, 0, 0, -1, 0, 0, 0, 0, 0.0, 0, 0, 0], [0, 1, 6, 0, 0, 0, -1, 0, 0, 0, 0, 0.0, 0, 0, 0], [0, 0, 1, 0, 0, 0, -1, 0, 0, 0, 0, 0.0, 0, 0, 0], [0, 0, 6, 0, 0, 0, -1, 0, 0, 0, 0, 0.0, 0, 0, 0], [0, 0, 2, 0, 0, 0, -1, 0, 0, 0, 0, 0.0, 0, 0, 0], [0, 0, 1, 0, 0, 0, -1, 0, 0, 0, 0, 0.0, 0, 0, 0], [0, 0, 1, 0, 0, 0, -1, 0, 0, 0, 0, 0.0, 0, 0, 0], [0, 0, 1, 0, 0, 0, -1, 0, 0, 0, 0, 0.0, 0, 0, 0], [0, 0, 2, 0, 0, 0, -1, 0, 0, 0, 0, 0.0, 0, 0, 0], [0, 0, 6, 0, 0, 0, -1, 0, 0, 0, 0, 0.0, 0, 0, 0], [0, 0, 1, 0, 0, 0, -1, 0, 0, 0, 0, 0.0, 0, 0, 0], [0, 1, 3, 0, 0, 0, -1, 0, 0, 0, 0, 0.0, 0, 0, 0], [0, 0, 4, 0, 0, 0, -1, 0, 0, 0, 0, 0.0, 0, 0, 0], [0, 0, 1, 0, 0, 0, -1, 0, 0, 0, 0, 0.0, 0, 0, 0], [0, 0, 1, 0, 0, 0, -1, 0, 0, 0, 0, 0.0, 0, 1, 0], [0, 0, 6, 0, 0, 0, -1, 0, 0, 0, 0, 0.0, 0, 0, 0], [0, 1, 6, 0, 0, 0, -1, 0, 0, 0, 1, 0.0, 0, 1, 0], [0, 0, 4, 0, 0, 0, -1, 0, 0, 0, 0, 0.0, 0, 0, 0], [0, 0, 6, 0, 0, 0, -1, 0, 0, 0, 0, 0.0, 0, 0, 0], [0, 1, 5, 0, 0, 0, -1, 0, 0, 0, 0, 0.0, 0, 1, 0], [0, 0, 1, 0, 0, 0, -1, 0, 0, 0, 0, 0.0, 0, 1, 1], [0, 0, 1, 0, 0, 0, -1, 0, 0, 0, 0, 0.0, 0, 0, 0], [0, 0, 5, 0, 0, 0, -1, 0, 0, 0, 0, 0.0, 0, 0, 0], [0, 1, 6, 0, 0, 0, -1, 0, 0, 0, 0, 0.0, 0, 1, 0], [0, 0, 2, 0, 0, 0, -1, 0, 0, 0, 0, 0.0, 0, 0, 0], [0, 0, 6, 0, 0, 0, -1, 0, 0, 0, 0, 0.0, 0, 0, 0], [0, 0, 6, 0, 0, 0, -1, 0, 0, 0, 0, 0.0, 0, 0, 1], [0, 0, 1, 0, 0, 0, -1, 0, 0, 0, 0, 0.0, 0, 0, 0], [0, 0, 6, 0, 0, 0, -1, 0, 0, 0, 0, 0.0, 0, 0, 0], [0, 0, 4, 0, 0, 0, -1, 0, 0, 0, 0, 0.0, 0, 0, 0], [0, 0, 1, 0, 0, 0, -1, 0, 0, 0, 0, 0.0, 0, 0, 0], [0, 0, 6, 0, 0, 0, -1, 0, 0, 0, 0, 0.0, 0, 0, 0], [0, 1, 3, 0, 1, 0, -1, 0, 0, 0, 0, 0.0, 0, 1, 0], [0, 0, 1, 0, 0, 0, -1, 0, 0, 0, 0, 0.0, 0, 0, 0], [0, 0, 6, 0, 0, 0, -1, 0, 0, 0, 0, 0.0, 0, 0, 0], [0, 0, 3, 0, 0, 0, -1, 0, 0, 0, 0, 0.0, 0, 0, 0], [0, 0, 6, 0, 0, 0, -1, 0, 0, 0, 0, 0.0, 0, 0, 0], [0, 1, 3, 0, 1, 0, -1, 0, 0, 0, 0, 0.0, 0, 0, 0], [0, 0, 6, 0, 0, 0, -1, 0, 0, 0, 0, 0.0, 0, 1, 0], [0, 0, 1, 0, 0, 0, -1, 0, 0, 0, 0, 0.0, 0, 0, 0], [0, 0, 6, 0, 0, 0, -1, 0, 0, 0, 0, 0.0, 0, 1, 0], [0, 0, 1, 0, 0, 0, -1, 0, 0, 0, 0, 0.0, 0, 0, 0], [0, 0, 3, 0, 0, 0, -1, 0, 0, 0, 0, 0.0, 0, 0, 0], [0, 0, 5, 0, 0, 0, -1, 0, 0, 0, 0, 0.0, 0, 0, 0], [0, 0, 1, 0, 0, 0, -1, 0, 0, 0, 0, 0.0, 0, 0, 0], [0, 0, 4, 0, 0, 0, -1, 0, 0, 0, 0, 0.0, 0, 0, 0], [0, 1, 6, 0, 0, 0, -1, 0, 0, 0, 1, 0.0, 0, 1, 0], [0, 1, 6, 0, 0, 0, -1, 0, 0, 0, 0, 0.0, 0, 0, 0], [0, 0, 1, 0, 0, 0, -1, 0, 0, 0, 0, 0.0, 0, 0, 0], [0, 0, 6, 0, 0, 0, -1, 0, 0, 0, 0, 0.0, 0, 0, 0], [0, 0, 2, 0, 0, 0, -1, 0, 0, 0, 0, 0.0, 0, 0, 0], [0, 0, 6, 0, 0, 0, -1, 0, 0, 0, 0, 0.0, 0, 0, 0], [0, 0, 3, 0, 0, 0, -1, 0, 0, 0, 0, 0.0, 0, 1, 0], [0, 0, 2, 0, 0, 0, -1, 0, 0, 0, 0, 0.0, 0, 0, 0], [0, 0, 6, 0, 0, 0, -1, 0, 0, 0, 0, 0.0, 0, 0, 0], [0, 0, 1, 0, 0, 0, -1, 0, 0, 0, 0, 0.0, 0, 0, 0], [0, 0, 1, 0, 0, 0, -1, 0, 0, 0, 0, 0.0, 0, 0, 0], [0, 0, 6, 0, 0, 0, -1, 0, 0, 0, 1, 0.0, 0, 0, 0], [0, 0, 1, 0, 0, 0, -1, 0, 0, 0, 0, 0.0, 0, 0, 0], [0, 0, 2, 0, 0, 0, -1, 0, 0, 0, 0, 0.0, 0, 0, 0], [0, 0, 1, 0, 0, 0, -1, 0, 0, 0, 0, 0.0, 0, 0, 0], [0, 1, 6, 0, 1, 0, -1, 0, 0, 0, 0, 0.0, 0, 1, 0], [0, 0, 6, 0, 0, 0, -1, 0, 0, 0, 0, 0.0, 0, 0, 0], [0, 0, 1, 0, 0, 0, -1, 0, 0, 0, 0, 0.0, 0, 0, 0], [0, 0, 1, 0, 0, 0, -1, 0, 0, 0, 0, 0.0, 0, 0, 0], [0, 0, 6, 0, 0, 0, -1, 0, 0, 0, 0, 0.0, 0, 0, 0], [0, 1, 2, 0, 0, 0, -1, 0, 0, 0, 0, 0.0, 0, 1, 1], [0, 0, 2, 0, 0, 0, -1, 0, 0, 0, 0, 0.0, 0, 0, 0], [0, 0, 2, 0, 0, 0, -1, 0, 0, 0, 0, 0.0, 0, 0, 0], [0, 0, 6, 0, 0, 0, -1, 0, 0, 0, 0, 0.0, 0, 0, 0], [0, 0, 4, 0, 0, 0, -1, 0, 0, 0, 0, 0.0, 0, 0, 0], [0, 0, 1, 0, 0, 0, -1, 0, 0, 0, 0, 0.0, 0, 0, 0], [0, 0, 2, 0, 0, 0, -1, 0, 0, 0, 0, 0.0, 0, 0, 0], [0, 1, 6, 0, 0, 0, -1, 0, 0, 0, 0, 0.0, 0, 0, 0], [0, 0, 1, 0, 0, 0, -1, 0, 0, 0, 0, 0.0, 0, 0, 0], [0, 0, 6, 0, 0, 0, -1, 0, 0, 0, 0, 0.0, 0, 0, 0], [0, 0, 6, 0, 0, 0, -1, 0, 0, 0, 0, 0.0, 0, 0, 0], [0, 0, 6, 0, 0, 0, -1, 0, 0, 0, 0, 0.0, 0, 0, 0], [0, 0, 3, 0, 0, 0, -1, 0, 0, 0, 0, 0.0, 0, 0, 0], [0, 1, 4, 0, 0, 0, -1, 0, 0, 0, 1, 0.0, 0, 1, 0], [0, 0, 1, 0, 0, 0, -1, 0, 0, 0, 0, 0.0, 0, 1, 0], [0, 0, 3, 0, 0, 0, -1, 0, 0, 0, 0, 0.0, 0, 0, 0], [0, 1, 6, 0, 0, 0, -1, 0, 0, 0, 0, 0.0, 0, 1, 1], [0, 1, 6, 0, 0, 0, -1, 0, 0, 0, 0, 0.0, 0, 0, 0], [0, 0, 6, 0, 0, 0, -1, 0, 0, 0, 0, 0.0, 0, 0, 0], [0, 0, 2, 0, 0, 0, -1, 0, 0, 0, 0, 0.0, 0, 0, 0], [0, 1, 2, 0, 0, 0, -1, 0, 0, 0, 0, 0.0, 0, 0, 0], [0, 0, 3, 0, 0, 0, -1, 0, 0, 0, 0, 0.0, 0, 0, 0], [0, 0, 2, 0, 0, 0, -1, 0, 0, 0, 0, 0.0, 0, 0, 0], [0, 0, 6, 0, 0, 0, -1, 0, 0, 0, 0, 0.0, 0, 0, 0], [0, 0, 2, 0, 0, 0, -1, 0, 0, 0, 0, 0.0, 0, 0, 0], [0, 0, 1, 0, 0, 0, -1, 0, 0, 0, 0, 0.0, 0, 0, 0], [0, 0, 6, 0, 0, 0, -1, 0, 0, 0, 0, 0.0, 0, 0, 0], [0, 1, 4, 0, 0, 0, -1, 0, 0, 0, 0, 0.0, 0, 0, 0], [0, 0, 5, 0, 0, 0, -1, 0, 0, 0, 0, 0.0, 0, 0, 0], [0, 1, 2, 0, 1, 0, -1, 0, 0, 0, 1, 0.0, 0, 1, 1], [0, 0, 1, 0, 0, 0, -1, 0, 0, 0, 0, 0.0, 0, 0, 0], [0, 0, 6, 0, 0, 0, -1, 0, 0, 0, 0, 0.0, 0, 0, 0], [0, 0, 4, 0, 0, 0, -1, 0, 0, 0, 0, 0.0, 0, 0, 0], [0, 0, 6, 0, 0, 0, -1, 0, 0, 0, 0, 0.0, 0, 0, 0], [0, 0, 6, 0, 0, 0, -1, 0, 0, 0, 0, 0.0, 0, 0, 0], [0, 0, 2, 0, 0, 0, -1, 0, 0, 0, 0, 0.0, 0, 0, 0], [0, 0, 1, 0, 0, 0, -1, 0, 0, 0, 0, 0.0, 0, 0, 0], [0, 0, 1, 0, 0, 0, -1, 0, 0, 0, 0, 0.0, 0, 0, 0], [0, 0, 6, 0, 0, 0, -1, 0, 0, 0, 0, 0.0, 0, 0, 0], [0, 0, 6, 0, 0, 0, -1, 0, 0, 0, 0, 0.0, 0, 0, 0], [0, 0, 3, 0, 0, 0, -1, 0, 0, 0, 0, 0.0, 0, 0, 0], [0, 0, 6, 0, 0, 0, -1, 0, 0, 0, 0, 0.0, 0, 0, 0], [0, 0, 6, 0, 0, 0, -1, 0, 0, 0, 0, 0.0, 0, 0, 0], [0, 0, 2, 0, 0, 0, -1, 0, 0, 0, 0, 0.0, 0, 0, 0], [0, 0, 6, 0, 0, 0, -1, 0, 0, 0, 0, 0.0, 0, 0, 0], [1, 0, 1, 0, 0, 0, -1, 1, 1, 1, 1, 0.0, 0, 1, 0], [0, 0, 6, 0, 0, 0, -1, 0, 0, 0, 0, 0.0, 0, 0, 0], [0, 0, 4, 0, 0, 0, -1, 0, 0, 0, 0, 0.0, 0, 0, 0], [0, 0, 6, 0, 0, 0, -1, 0, 0, 0, 0, 0.0, 0, 0, 0], [0, 0, 6, 0, 0, 0, -1, 0, 0, 0, 0, 0.0, 0, 0, 0], [0, 1, 6, 0, 0, 0, -1, 0, 0, 0, 0, 0.0, 0, 0, 0], [0, 0, 2, 0, 0, 0, -1, 0, 0, 0, 0, 0.0, 0, 0, 0], [0, 0, 1, 0, 0, 0, -1, 0, 0, 0, 0, 0.0, 0, 0, 0], [0, 0, 6, 0, 0, 0, -1, 0, 0, 0, 0, 0.0, 0, 0, 0], [0, 0, 1, 0, 0, 0, -1, 0, 0, 0, 0, 0.0, 0, 0, 0], [0, 0, 3, 0, 0, 0, -1, 0, 0, 0, 0, 0.0, 0, 0, 0], [0, 1, 6, 0, 0, 0, -1, 0, 0, 0, 0, 0.0, 0, 0, 0], [0, 0, 6, 0, 0, 0, -1, 0, 0, 0, 0, 0.0, 0, 0, 0], [0, 0, 1, 0, 0, 0, -1, 0, 0, 0, 0, 0.0, 0, 0, 0], [0, 0, 5, 0, 0, 0, -1, 0, 0, 0, 0, 0.0, 0, 0, 0], [0, 1, 6, 0, 0, 0, -1, 0, 0, 0, 0, 0.0, 0, 1, 0], [0, 0, 1, 0, 0, 0, -1, 0, 0, 0, 0, 0.0, 0, 0, 0], [0, 0, 1, 0, 0, 0, -1, 0, 0, 0, 0, 0.0, 0, 0, 0], [0, 0, 1, 0, 0, 0, -1, 0, 0, 0, 0, 0.0, 0, 0, 0], [0, 1, 6, 0, 0, 0, -1, 0, 0, 0, 0, 0.0, 0, 0, 0], [0, 0, 5, 0, 0, 0, -1, 0, 0, 0, 0, 0.0, 0, 0, 0], [0, 0, 6, 0, 0, 0, -1, 0, 0, 0, 0, 0.0, 0, 0, 0], [0, 1, 6, 0, 0, 0, -1, 0, 0, 0, 0, 0.0, 0, 1, 1], [0, 0, 1, 0, 0, 0, -1, 0, 0, 0, 0, 0.0, 0, 0, 0], [0, 0, 6, 0, 0, 0, -1, 0, 0, 0, 0, 0.0, 0, 0, 0], [0, 0, 6, 0, 0, 0, -1, 0, 0, 0, 0, 0.0, 0, 0, 0], [0, 0, 6, 0, 0, 0, -1, 0, 0, 0, 0, 0.0, 0, 0, 0], [0, 0, 6, 0, 0, 0, -1, 0, 0, 0, 0, 0.0, 0, 0, 0], [0, 0, 6, 0, 0, 0, -1, 0, 0, 0, 0, 0.0, 0, 0, 0], [0, 0, 6, 0, 0, 0, -1, 0, 0, 0, 0, 0.0, 0, 0, 0], [0, 1, 5, 0, 0, 0, -1, 0, 0, 0, 0, 0.0, 0, 1, 0], [0, 0, 1, 0, 0, 0, -1, 0, 0, 0, 0, 0.0, 0, 0, 0], [0, 0, 1, 0, 0, 0, -1, 0, 0, 0, 0, 0.0, 0, 0, 0], [0, 0, 2, 0, 0, 0, -1, 0, 0, 0, 0, 0.0, 0, 0, 0], [0, 0, 2, 0, 0, 0, -1, 0, 0, 0, 0, 0.0, 0, 0, 0], [0, 0, 6, 0, 0, 0, -1, 0, 0, 0, 0, 0.0, 0, 0, 0], [0, 0, 6, 0, 0, 0, -1, 0, 0, 0, 0, 0.0, 0, 0, 0], [0, 0, 6, 0, 0, 0, -1, 0, 0, 0, 0, 0.0, 0, 0, 0], [0, 0, 2, 0, 0, 0, -1, 0, 0, 0, 0, 0.0, 0, 0, 0], [0, 0, 6, 0, 0, 0, -1, 0, 0, 0, 0, 0.0, 0, 0, 0], [0, 0, 1, 0, 0, 0, -1, 0, 0, 0, 0, 0.0, 0, 0, 0], [0, 0, 1, 0, 0, 0, -1, 0, 0, 0, 0, 0.0, 0, 0, 0], [0, 0, 6, 0, 0, 0, -1, 0, 0, 0, 0, 0.0, 0, 0, 0], [0, 0, 6, 0, 0, 0, -1, 0, 0, 0, 0, 0.0, 0, 0, 0], [0, 0, 6, 0, 0, 0, -1, 0, 0, 0, 0, 0.0, 0, 0, 0], [0, 1, 6, 0, 0, 0, -1, 0, 0, 0, 0, 0.0, 0, 1, 0], [0, 0, 6, 0, 0, 0, -1, 0, 0, 0, 0, 0.0, 0, 0, 0], [0, 0, 6, 0, 0, 0, -1, 0, 0, 0, 0, 0.0, 0, 0, 0], [0, 0, 1, 0, 0, 0, -1, 0, 0, 0, 0, 0.0, 0, 0, 0], [0, 0, 1, 0, 0, 0, -1, 0, 0, 0, 0, 0.0, 0, 0, 0], [0, 0, 3, 0, 0, 0, -1, 0, 0, 0, 0, 0.0, 0, 0, 0], [0, 0, 5, 0, 0, 0, -1, 0, 0, 0, 0, 0.0, 0, 1, 0], [0, 0, 2, 0, 0, 0, -1, 0, 0, 0, 0, 0.0, 0, 0, 0], [0, 1, 4, 0, 0, 0, -1, 0, 0, 0, 0, 0.0, 0, 1, 0], [0, 0, 1, 0, 0, 0, -1, 0, 0, 0, 0, 0.0, 0, 0, 0], [0, 0, 1, 0, 0, 0, -1, 0, 0, 0, 1, 0.0, 0, 1, 0], [0, 1, 6, 0, 0, 0, -1, 0, 0, 0, 0, 0.0, 0, 1, 0], [0, 0, 6, 0, 0, 0, -1, 0, 0, 0, 0, 0.0, 0, 0, 0], [0, 1, 2, 0, 0, 0, -1, 0, 0, 0, 0, 0.0, 0, 1, 0], [0, 0, 6, 0, 0, 0, -1, 0, 0, 0, 0, 0.0, 0, 0, 0], [0, 0, 6, 0, 0, 0, -1, 0, 0, 0, 0, 0.0, 0, 0, 0], [0, 0, 6, 0, 0, 0, -1, 0, 0, 0, 0, 0.0, 0, 0, 0], [0, 0, 6, 0, 0, 0, -1, 0, 0, 0, 0, 0.0, 0, 0, 0], [0, 0, 6, 0, 0, 0, -1, 0, 0, 0, 0, 0.0, 0, 0, 0], [0, 1, 5, 0, 0, 0, -1, 0, 0, 0, 0, 0.0, 0, 1, 0], [0, 0, 1, 0, 0, 0, -1, 0, 0, 0, 0, 0.0, 0, 0, 0], [0, 0, 1, 0, 0, 0, -1, 0, 0, 0, 0, 0.0, 0, 1, 0], [0, 0, 2, 0, 0, 0, -1, 0, 0, 0, 0, 0.0, 0, 0, 0], [0, 0, 6, 0, 0, 0, -1, 0, 0, 0, 0, 0.0, 0, 0, 0], [0, 1, 2, 0, 1, 0, -1, 0, 0, 0, 0, 0.0, 0, 1, 1], [0, 0, 2, 0, 0, 0, -1, 0, 0, 0, 0, 0.0, 0, 0, 0], [0, 0, 6, 0, 0, 0, -1, 0, 0, 0, 1, 0.0, 0, 0, 0], [0, 0, 1, 0, 0, 0, -1, 0, 0, 0, 0, 0.0, 0, 0, 0], [0, 0, 1, 0, 0, 0, -1, 0, 0, 0, 0, 0.0, 0, 0, 0], [0, 0, 6, 0, 0, 0, -1, 0, 0, 0, 0, 0.0, 0, 0, 0], [0, 0, 1, 0, 0, 0, -1, 0, 0, 0, 0, 0.0, 0, 0, 0], [0, 0, 2, 0, 0, 0, -1, 0, 0, 0, 0, 0.0, 0, 0, 0], [0, 0, 1, 0, 0, 0, -1, 0, 0, 0, 0, 0.0, 0, 0, 0], [0, 0, 6, 0, 0, 0, -1, 0, 0, 0, 0, 0.0, 0, 0, 0], [0, 1, 6, 0, 0, 0, -1, 0, 0, 0, 0, 0.0, 0, 0, 0], [0, 0, 6, 0, 0, 0, -1, 0, 0, 0, 0, 0.0, 0, 0, 0], [0, 0, 1, 0, 0, 0, -1, 0, 0, 0, 0, 0.0, 0, 0, 0], [0, 0, 6, 0, 0, 0, -1, 0, 0, 0, 0, 0.0, 0, 0, 0], [0, 0, 6, 0, 0, 0, -1, 0, 0, 0, 0, 0.0, 0, 0, 0], [0, 0, 1, 0, 0, 0, -1, 0, 0, 0, 0, 0.0, 0, 0, 0], [0, 0, 1, 0, 0, 0, -1, 0, 0, 0, 0, 0.0, 0, 0, 0], [0, 0, 6, 0, 0, 0, -1, 0, 0, 0, 0, 0.0, 0, 0, 0], [0, 0, 6, 0, 0, 0, -1, 0, 0, 0, 0, 0.0, 0, 0, 0], [0, 0, 4, 0, 0, 0, -1, 0, 0, 0, 0, 0.0, 0, 0, 0], [0, 0, 6, 0, 0, 0, -1, 0, 0, 0, 0, 0.0, 0, 0, 0], [0, 0, 6, 0, 0, 0, -1, 0, 0, 0, 0, 0.0, 0, 0, 0], [0, 0, 6, 0, 0, 0, -1, 0, 0, 0, 0, 0.0, 0, 0, 0], [0, 0, 4, 0, 0, 0, -1, 0, 0, 0, 0, 0.0, 0, 0, 0], [0, 0, 2, 0, 0, 0, -1, 0, 0, 0, 0, 0.0, 0, 0, 0], [0, 0, 1, 0, 0, 0, -1, 0, 0, 0, 0, 0.0, 0, 0, 0], [0, 0, 3, 0, 0, 0, -1, 0, 0, 0, 0, 0.0, 0, 0, 0], [0, 0, 2, 0, 0, 0, -1, 0, 0, 0, 0, 0.0, 0, 0, 0], [0, 0, 1, 0, 0, 0, -1, 0, 0, 0, 0, 0.0, 0, 0, 0], [0, 0, 1, 0, 0, 0, -1, 0, 0, 0, 0, 0.0, 0, 0, 0], [0, 0, 6, 0, 0, 0, -1, 0, 0, 0, 0, 0.0, 0, 0, 0], [0, 1, 6, 0, 0, 0, -1, 0, 0, 0, 0, 0.0, 0, 0, 0], [0, 0, 1, 0, 0, 0, -1, 0, 0, 0, 0, 0.0, 0, 0, 0], [0, 0, 1, 0, 0, 0, -1, 0, 0, 0, 0, 0.0, 0, 0, 0], [0, 1, 6, 0, 0, 0, -1, 0, 0, 0, 0, 0.0, 0, 1, 0], [0, 0, 1, 0, 0, 0, -1, 0, 0, 0, 0, 0.0, 0, 0, 0], [0, 0, 6, 0, 0, 0, -1, 0, 0, 0, 0, 0.0, 0, 0, 0], [0, 0, 6, 0, 0, 0, -1, 0, 0, 0, 0, 0.0, 0, 0, 0], [0, 0, 6, 0, 0, 0, -1, 0, 0, 0, 0, 0.0, 0, 0, 0], [0, 1, 3, 0, 0, 0, -1, 0, 0, 0, 0, 0.0, 0, 1, 1], [0, 0, 1, 0, 0, 0, -1, 0, 0, 0, 0, 0.0, 0, 0, 0], [0, 0, 6, 0, 0, 0, -1, 0, 0, 0, 0, 0.0, 0, 0, 0], [0, 0, 1, 0, 0, 0, -1, 0, 0, 0, 0, 0.0, 0, 1, 0], [0, 0, 1, 0, 0, 0, -1, 0, 0, 0, 0, 0.0, 0, 0, 0], [0, 1, 6, 0, 0, 0, -1, 0, 0, 0, 0, 0.0, 0, 0, 0], [0, 0, 6, 0, 0, 0, -1, 0, 0, 0, 0, 0.0, 0, 0, 0], [0, 0, 1, 0, 0, 0, -1, 0, 0, 0, 0, 0.0, 0, 0, 0], [0, 0, 3, 0, 0, 0, -1, 0, 0, 0, 0, 0.0, 0, 0, 0], [0, 0, 1, 0, 0, 0, -1, 0, 0, 0, 0, 0.0, 0, 1, 1], [0, 0, 6, 0, 0, 0, -1, 0, 0, 0, 0, 0.0, 0, 0, 0], [0, 0, 4, 0, 0, 0, -1, 0, 0, 0, 0, 0.0, 0, 0, 0], [0, 0, 2, 0, 0, 0, -1, 0, 0, 0, 0, 0.0, 0, 0, 0], [0, 1, 2, 0, 0, 0, -1, 0, 0, 0, 0, 0.0, 0, 1, 1], [0, 1, 6, 0, 0, 0, -1, 0, 0, 0, 0, 0.0, 0, 1, 1], [0, 0, 1, 0, 0, 0, -1, 0, 0, 0, 0, 0.0, 0, 0, 0], [0, 0, 3, 0, 0, 0, -1, 0, 0, 0, 0, 0.0, 0, 0, 0], [0, 0, 6, 0, 0, 0, -1, 0, 0, 0, 0, 0.0, 0, 0, 0], [0, 0, 1, 0, 0, 0, -1, 0, 0, 0, 0, 0.0, 0, 0, 0], [0, 0, 3, 0, 0, 0, -1, 0, 0, 0, 0, 0.0, 0, 0, 0], [0, 0, 2, 0, 0, 0, -1, 0, 0, 0, 0, 0.0, 0, 0, 0], [0, 0, 6, 0, 0, 0, -1, 0, 0, 0, 0, 0.0, 0, 0, 0], [0, 0, 4, 0, 0, 0, -1, 0, 0, 0, 0, 0.0, 0, 0, 0], [0, 0, 6, 0, 0, 0, -1, 0, 0, 0, 0, 0.0, 0, 0, 0], [0, 0, 6, 0, 0, 0, -1, 0, 0, 0, 0, 0.0, 0, 0, 0], [0, 0, 4, 0, 0, 0, -1, 0, 0, 0, 0, 0.0, 0, 0, 0], [0, 1, 3, 0, 0, 0, -1, 0, 0, 0, 0, 0.0, 0, 1, 0], [0, 0, 1, 0, 0, 0, -1, 0, 0, 0, 0, 0.0, 0, 0, 0], [0, 0, 1, 0, 0, 0, -1, 0, 0, 0, 0, 0.0, 0, 0, 0], [0, 0, 1, 0, 0, 0, -1, 0, 0, 0, 0, 0.0, 0, 0, 0], [0, 0, 2, 0, 0, 0, -1, 0, 0, 0, 0, 0.0, 0, 0, 0], [0, 0, 3, 0, 0, 0, -1, 0, 0, 0, 0, 0.0, 0, 0, 0], [0, 0, 1, 0, 0, 0, -1, 0, 0, 0, 0, 0.0, 0, 0, 0], [0, 0, 6, 0, 0, 0, -1, 0, 0, 0, 0, 0.0, 0, 0, 0], [0, 0, 6, 0, 0, 0, -1, 0, 0, 0, 0, 0.0, 0, 0, 0], [0, 0, 2, 0, 0, 0, -1, 0, 0, 0, 0, 0.0, 0, 0, 0], [0, 0, 2, 0, 0, 0, -1, 0, 0, 0, 0, 0.0, 0, 0, 0], [0, 0, 1, 0, 0, 0, -1, 0, 0, 0, 0, 0.0, 0, 0, 0], [0, 0, 1, 0, 0, 0, -1, 0, 0, 0, 0, 0.0, 0, 0, 0], [0, 0, 1, 0, 0, 0, -1, 0, 0, 0, 0, 0.0, 0, 1, 0], [0, 0, 1, 0, 0, 0, -1, 0, 0, 0, 0, 0.0, 0, 0, 0], [0, 0, 6, 0, 0, 0, -1, 0, 0, 0, 0, 0.0, 0, 0, 0], [0, 0, 2, 0, 0, 0, -1, 0, 0, 0, 0, 0.0, 0, 0, 0], [0, 0, 6, 0, 0, 0, -1, 0, 0, 0, 0, 0.0, 0, 0, 0], [0, 0, 6, 0, 0, 0, -1, 0, 0, 0, 0, 0.0, 0, 0, 0], [0, 0, 2, 0, 0, 0, -1, 0, 0, 0, 0, 0.0, 0, 0, 0], [0, 1, 6, 0, 1, 0, -1, 0, 0, 0, 0, 0.0, 0, 1, 0], [0, 0, 6, 0, 0, 0, -1, 0, 0, 0, 0, 0.0, 0, 0, 0], [0, 0, 2, 0, 0, 0, -1, 0, 0, 0, 0, 0.0, 0, 0, 0], [0, 0, 1, 0, 0, 0, -1, 0, 0, 0, 0, 0.0, 0, 0, 0], [0, 1, 2, 0, 0, 0, -1, 0, 0, 0, 1, 0.0, 0, 1, 0], [0, 0, 6, 0, 0, 0, -1, 0, 0, 0, 0, 0.0, 0, 0, 0], [0, 1, 6, 0, 0, 0, -1, 0, 0, 0, 0, 0.0, 0, 0, 0], [1, 1, 2, 0, 1, 0, -1, 1, 0, 0, 1, 0.0, 0, 1, 0], [0, 0, 1, 0, 0, 0, -1, 0, 0, 0, 0, 0.0, 0, 0, 0], [0, 0, 2, 0, 0, 0, -1, 0, 0, 0, 0, 0.0, 0, 0, 0], [0, 0, 6, 0, 0, 0, -1, 0, 0, 0, 0, 0.0, 0, 0, 0], [0, 0, 1, 0, 0, 0, -1, 0, 0, 0, 0, 0.0, 0, 0, 0], [0, 0, 6, 0, 0, 0, -1, 0, 0, 0, 0, 0.0, 0, 0, 0], [0, 0, 1, 0, 0, 0, -1, 0, 0, 0, 0, 0.0, 0, 0, 0], [0, 0, 1, 0, 0, 0, -1, 0, 0, 0, 0, 0.0, 0, 0, 0], [0, 0, 5, 0, 0, 0, -1, 0, 0, 0, 0, 0.0, 0, 0, 0], [0, 0, 6, 0, 0, 0, -1, 0, 0, 0, 0, 0.0, 0, 0, 0], [0, 0, 6, 0, 0, 0, -1, 0, 0, 0, 0, 0.0, 0, 0, 0], [0, 0, 6, 0, 0, 0, -1, 0, 0, 0, 0, 0.0, 0, 0, 0], [0, 0, 4, 0, 0, 0, -1, 0, 0, 0, 0, 0.0, 0, 0, 0], [0, 0, 2, 0, 0, 0, -1, 0, 0, 0, 0, 0.0, 0, 0, 0], [0, 0, 3, 0, 0, 0, -1, 0, 0, 0, 0, 0.0, 0, 0, 0], [0, 0, 6, 0, 0, 0, -1, 0, 0, 0, 0, 0.0, 0, 0, 0], [0, 0, 2, 0, 0, 0, -1, 0, 0, 0, 0, 0.0, 0, 0, 0], [0, 1, 2, 0, 1, 0, -1, 0, 0, 0, 0, 0.0, 0, 0, 0], [0, 0, 6, 0, 0, 0, -1, 0, 0, 0, 0, 0.0, 0, 0, 0], [0, 1, 4, 0, 0, 0, -1, 0, 0, 0, 0, 0.0, 0, 1, 0], [0, 0, 6, 0, 0, 0, -1, 0, 0, 0, 0, 0.0, 0, 0, 0], [0, 1, 6, 0, 0, 0, -1, 0, 0, 0, 0, 0.0, 0, 0, 0], [0, 0, 1, 0, 0, 0, -1, 0, 0, 0, 0, 0.0, 0, 1, 0], [0, 0, 1, 0, 0, 0, -1, 0, 0, 0, 0, 0.0, 0, 0, 0], [0, 0, 1, 0, 0, 0, -1, 0, 0, 0, 0, 0.0, 0, 0, 0], [0, 1, 6, 0, 0, 0, -1, 0, 0, 0, 0, 0.0, 0, 1, 1], [0, 0, 3, 0, 0, 0, -1, 0, 0, 0, 0, 0.0, 0, 0, 0], [0, 0, 1, 0, 0, 0, -1, 0, 0, 0, 0, 0.0, 0, 0, 0], [0, 0, 6, 0, 0, 0, -1, 0, 0, 0, 0, 0.0, 0, 0, 0], [0, 0, 2, 0, 0, 0, -1, 0, 0, 0, 0, 0.0, 0, 0, 0], [0, 0, 6, 0, 0, 0, -1, 0, 0, 0, 0, 0.0, 0, 0, 0], [0, 1, 6, 0, 0, 0, -1, 0, 0, 0, 0, 0.0, 0, 1, 1], [0, 0, 2, 0, 0, 0, -1, 0, 0, 0, 0, 0.0, 0, 0, 0], [0, 0, 6, 0, 0, 0, -1, 0, 0, 0, 0, 0.0, 0, 0, 0], [0, 0, 6, 0, 0, 0, -1, 0, 0, 0, 0, 0.0, 0, 1, 0], [0, 0, 6, 0, 0, 0, -1, 0, 0, 0, 0, 0.0, 0, 0, 0], [0, 1, 6, 0, 0, 0, -1, 0, 0, 0, 0, 0.0, 0, 0, 0], [0, 0, 2, 0, 0, 0, -1, 0, 0, 0, 0, 0.0, 0, 0, 0], [0, 0, 6, 0, 0, 0, -1, 0, 0, 0, 0, 0.0, 0, 0, 0], [0, 0, 6, 0, 0, 0, -1, 0, 0, 0, 0, 0.0, 0, 0, 0], [0, 1, 2, 0, 0, 0, -1, 0, 0, 0, 0, 0.0, 0, 1, 1], [0, 0, 2, 0, 0, 0, -1, 0, 0, 0, 0, 0.0, 0, 0, 0], [0, 0, 6, 0, 0, 0, -1, 0, 0, 0, 0, 0.0, 0, 0, 0], [0, 0, 6, 0, 0, 0, -1, 0, 0, 0, 0, 0.0, 0, 0, 0], [0, 0, 1, 0, 0, 0, -1, 0, 0, 0, 0, 0.0, 0, 0, 0], [0, 1, 2, 0, 0, 0, -1, 0, 0, 0, 0, 0.0, 0, 1, 1], [0, 0, 1, 0, 0, 0, -1, 0, 0, 0, 0, 0.0, 0, 0, 0], [0, 0, 6, 0, 0, 0, -1, 0, 0, 0, 0, 0.0, 0, 0, 0], [0, 0, 6, 0, 0, 0, -1, 0, 0, 0, 0, 0.0, 0, 0, 0], [0, 0, 4, 0, 0, 0, -1, 0, 0, 0, 0, 0.0, 0, 0, 0], [0, 1, 6, 0, 0, 0, -1, 0, 0, 0, 1, 0.0, 0, 0, 0], [0, 0, 6, 0, 0, 0, -1, 0, 0, 0, 0, 0.0, 0, 0, 0], [0, 0, 2, 0, 0, 0, -1, 0, 0, 0, 0, 0.0, 0, 0, 0], [0, 0, 6, 0, 0, 0, -1, 0, 0, 0, 0, 0.0, 0, 0, 0], [0, 0, 1, 0, 0, 0, -1, 0, 0, 0, 0, 0.0, 0, 0, 0], [0, 0, 6, 0, 0, 0, -1, 0, 0, 0, 0, 0.0, 0, 0, 0], [0, 0, 1, 0, 0, 0, -1, 0, 0, 0, 0, 0.0, 0, 0, 0], [0, 0, 1, 0, 0, 0, -1, 0, 0, 0, 0, 0.0, 0, 0, 0], [0, 1, 2, 0, 1, 0, -1, 0, 0, 0, 0, 0.0, 0, 1, 0], [0, 0, 1, 0, 0, 0, -1, 0, 0, 0, 0, 0.0, 0, 0, 0], [0, 0, 1, 0, 0, 0, -1, 0, 0, 0, 0, 0.0, 0, 0, 0], [0, 0, 4, 0, 0, 0, -1, 0, 0, 0, 0, 0.0, 0, 0, 0], [0, 0, 2, 0, 0, 0, -1, 0, 0, 0, 0, 0.0, 0, 0, 0], [0, 0, 4, 0, 0, 0, -1, 0, 0, 0, 0, 0.0, 0, 0, 0], [0, 0, 6, 0, 0, 0, -1, 0, 0, 0, 0, 0.0, 0, 0, 0], [0, 0, 6, 0, 0, 0, -1, 0, 0, 0, 0, 0.0, 0, 0, 0], [0, 0, 6, 0, 0, 0, -1, 0, 0, 0, 0, 0.0, 0, 0, 0], [0, 1, 6, 0, 0, 0, -1, 0, 0, 0, 0, 0.0, 0, 0, 0], [0, 0, 1, 0, 0, 0, -1, 0, 0, 0, 0, 0.0, 0, 0, 0], [0, 0, 6, 0, 0, 0, -1, 0, 0, 0, 0, 0.0, 0, 0, 0], [0, 0, 1, 0, 0, 0, -1, 0, 0, 0, 0, 0.0, 0, 0, 0], [0, 0, 1, 0, 0, 0, -1, 0, 0, 0, 0, 0.0, 0, 0, 0], [0, 0, 2, 0, 0, 0, -1, 0, 0, 0, 0, 0.0, 0, 0, 0], [0, 0, 2, 0, 0, 0, -1, 0, 0, 0, 0, 0.0, 0, 0, 0], [0, 0, 1, 0, 0, 0, -1, 0, 0, 0, 0, 0.0, 0, 0, 0], [0, 0, 1, 0, 0, 0, -1, 0, 0, 0, 0, 0.0, 0, 0, 0], [0, 0, 6, 0, 0, 0, -1, 0, 0, 0, 0, 0.0, 0, 0, 0], [0, 0, 1, 0, 0, 0, -1, 0, 0, 0, 0, 0.0, 0, 0, 0], [0, 0, 6, 0, 0, 0, -1, 0, 0, 0, 0, 0.0, 0, 0, 0], [0, 0, 6, 0, 0, 0, -1, 0, 0, 0, 0, 0.0, 0, 0, 0], [0, 0, 1, 0, 0, 0, -1, 0, 0, 0, 0, 0.0, 0, 0, 0], [0, 0, 3, 0, 0, 0, -1, 0, 0, 0, 0, 0.0, 0, 0, 0], [0, 1, 6, 0, 0, 0, -1, 0, 0, 0, 0, 0.0, 0, 1, 0], [1, 0, 1, 0, 0, 0, -1, 1, 1, 1, 1, 0.0, 0, 1, 1], [0, 0, 5, 0, 0, 0, -1, 0, 0, 0, 0, 0.0, 0, 0, 0], [0, 1, 2, 0, 1, 0, -1, 0, 0, 0, 0, 0.0, 0, 0, 0], [0, 0, 6, 0, 0, 0, -1, 0, 0, 0, 0, 0.0, 0, 0, 0], [0, 0, 2, 0, 0, 0, -1, 0, 0, 0, 0, 0.0, 0, 0, 0], [0, 0, 3, 0, 0, 0, -1, 0, 0, 0, 0, 0.0, 0, 0, 0], [0, 0, 2, 0, 0, 0, -1, 0, 0, 0, 0, 0.0, 0, 0, 0], [0, 0, 1, 0, 0, 0, -1, 0, 0, 0, 0, 0.0, 0, 0, 0], [0, 0, 1, 0, 0, 0, -1, 0, 0, 0, 0, 0.0, 0, 0, 0], [0, 0, 6, 0, 0, 0, -1, 0, 0, 0, 0, 0.0, 0, 0, 0], [0, 1, 6, 0, 0, 0, -1, 0, 0, 0, 0, 0.0, 0, 0, 0], [0, 0, 3, 0, 0, 0, -1, 0, 0, 0, 0, 0.0, 0, 0, 0], [0, 0, 6, 0, 0, 0, -1, 0, 0, 0, 0, 0.0, 0, 0, 0], [0, 0, 6, 0, 0, 0, -1, 0, 0, 0, 0, 0.0, 0, 0, 0], [0, 0, 6, 0, 0, 0, -1, 0, 0, 0, 0, 0.0, 0, 0, 0], [0, 0, 3, 0, 0, 0, -1, 0, 0, 0, 0, 0.0, 0, 0, 0], [0, 0, 6, 0, 0, 0, -1, 0, 0, 0, 0, 0.0, 0, 0, 0], [0, 0, 6, 0, 0, 0, -1, 0, 0, 0, 0, 0.0, 0, 0, 0], [0, 0, 6, 0, 0, 0, -1, 0, 0, 0, 0, 0.0, 0, 0, 0], [0, 0, 6, 0, 0, 0, -1, 0, 0, 0, 0, 0.0, 0, 0, 0], [0, 0, 6, 0, 0, 0, -1, 0, 0, 0, 0, 0.0, 0, 0, 0], [0, 0, 6, 0, 0, 0, -1, 0, 0, 0, 0, 0.0, 0, 0, 0], [0, 0, 1, 0, 0, 0, -1, 0, 0, 0, 0, 0.0, 0, 0, 0], [0, 0, 1, 0, 0, 0, -1, 0, 0, 0, 0, 0.0, 0, 0, 0], [0, 1, 3, 0, 1, 0, -1, 0, 0, 0, 0, 0.0, 0, 1, 0], [0, 0, 6, 0, 0, 0, -1, 0, 0, 0, 0, 0.0, 0, 0, 0], [0, 0, 4, 0, 0, 0, -1, 0, 0, 0, 1, 0.0, 0, 1, 0], [0, 0, 6, 0, 0, 0, -1, 0, 0, 0, 0, 0.0, 0, 0, 0], [0, 0, 6, 0, 0, 0, -1, 0, 0, 0, 0, 0.0, 0, 0, 0], [0, 0, 1, 0, 0, 0, -1, 0, 0, 0, 0, 0.0, 0, 0, 0], [0, 0, 1, 0, 0, 0, -1, 0, 0, 0, 0, 0.0, 0, 0, 0], [0, 0, 6, 0, 0, 0, -1, 0, 0, 0, 0, 0.0, 0, 0, 0], [0, 1, 4, 0, 0, 0, -1, 0, 0, 0, 1, 0.0, 0, 1, 0], [0, 0, 5, 0, 0, 0, -1, 0, 0, 0, 0, 0.0, 0, 0, 0], [0, 0, 1, 0, 0, 0, -1, 0, 0, 0, 0, 0.0, 0, 0, 0], [0, 0, 6, 0, 0, 0, -1, 0, 0, 0, 0, 0.0, 0, 0, 0], [0, 0, 1, 0, 0, 0, -1, 0, 0, 0, 0, 0.0, 0, 0, 0], [0, 0, 1, 0, 0, 0, -1, 0, 0, 0, 0, 0.0, 0, 0, 0], [0, 0, 1, 0, 0, 0, -1, 0, 0, 0, 0, 0.0, 0, 0, 0], [0, 0, 3, 0, 0, 0, -1, 0, 0, 0, 0, 0.0, 0, 0, 0], [0, 0, 6, 0, 0, 0, -1, 0, 0, 0, 0, 0.0, 0, 0, 0], [0, 0, 6, 0, 0, 0, -1, 0, 0, 0, 0, 0.0, 0, 0, 0], [0, 0, 6, 0, 0, 0, -1, 0, 0, 0, 0, 0.0, 0, 0, 0], [0, 0, 6, 0, 0, 0, -1, 0, 0, 0, 0, 0.0, 0, 0, 0], [0, 0, 1, 0, 0, 0, -1, 0, 0, 0, 0, 0.0, 0, 0, 0], [0, 0, 2, 0, 0, 0, -1, 0, 0, 0, 0, 0.0, 0, 0, 0], [0, 1, 2, 0, 0, 0, -1, 0, 0, 0, 0, 0.0, 0, 0, 0], [0, 0, 3, 0, 0, 0, -1, 0, 0, 0, 0, 0.0, 0, 0, 0], [0, 0, 6, 0, 0, 0, -1, 0, 0, 0, 0, 0.0, 0, 0, 0], [0, 0, 6, 0, 0, 0, -1, 0, 0, 0, 0, 0.0, 0, 0, 0], [0, 0, 1, 0, 0, 0, -1, 0, 0, 0, 0, 0.0, 0, 0, 0], [0, 0, 6, 0, 0, 0, -1, 0, 0, 0, 0, 0.0, 0, 0, 0], [0, 1, 3, 0, 0, 0, -1, 0, 0, 0, 0, 0.0, 0, 1, 0], [0, 0, 1, 0, 0, 0, -1, 0, 0, 0, 0, 0.0, 0, 0, 0], [0, 0, 6, 0, 0, 0, -1, 0, 0, 0, 0, 0.0, 0, 0, 0], [0, 0, 6, 0, 0, 0, -1, 0, 0, 0, 0, 0.0, 0, 0, 0], [0, 0, 6, 0, 0, 0, -1, 0, 0, 0, 0, 0.0, 0, 0, 0], [0, 0, 1, 0, 0, 0, -1, 0, 0, 0, 0, 0.0, 0, 0, 0], [0, 0, 6, 0, 0, 0, -1, 0, 0, 0, 0, 0.0, 0, 0, 0], [0, 1, 3, 0, 0, 0, -1, 0, 0, 0, 0, 0.0, 0, 1, 1], [0, 0, 1, 0, 0, 0, -1, 0, 0, 0, 0, 0.0, 0, 0, 0], [0, 0, 1, 0, 0, 0, -1, 0, 0, 0, 0, 0.0, 0, 0, 0], [0, 0, 6, 0, 0, 0, -1, 0, 0, 0, 0, 0.0, 0, 0, 0], [0, 0, 1, 0, 0, 0, -1, 0, 0, 0, 0, 0.0, 0, 0, 0], [0, 0, 1, 0, 0, 0, -1, 0, 0, 0, 0, 0.0, 0, 0, 0], [0, 1, 2, 0, 0, 0, -1, 0, 0, 0, 0, 0.0, 0, 1, 0], [0, 1, 2, 0, 0, 0, -1, 0, 0, 0, 0, 0.0, 0, 1, 1], [0, 0, 6, 0, 0, 0, -1, 0, 0, 0, 0, 0.0, 0, 0, 0], [0, 0, 6, 0, 0, 0, -1, 0, 0, 0, 0, 0.0, 0, 0, 0], [0, 0, 1, 0, 0, 0, -1, 0, 0, 0, 0, 0.0, 0, 0, 0], [0, 0, 1, 0, 0, 0, -1, 0, 0, 0, 0, 0.0, 0, 0, 0], [0, 0, 1, 0, 0, 0, -1, 0, 0, 0, 0, 0.0, 0, 0, 0], [0, 0, 6, 0, 0, 0, -1, 0, 0, 0, 0, 0.0, 0, 0, 0], [0, 0, 6, 0, 0, 0, -1, 0, 0, 0, 0, 0.0, 0, 0, 0], [0, 0, 1, 0, 0, 0, -1, 0, 0, 0, 0, 0.0, 0, 0, 0], [0, 0, 6, 0, 0, 0, -1, 0, 0, 0, 0, 0.0, 0, 0, 0], [0, 0, 1, 0, 0, 0, -1, 0, 0, 0, 0, 0.0, 0, 0, 0], [0, 0, 6, 0, 0, 0, -1, 0, 0, 0, 0, 0.0, 0, 0, 0], [0, 0, 3, 0, 0, 0, -1, 0, 0, 0, 0, 0.0, 0, 0, 0], [0, 1, 4, 0, 0, 0, -1, 0, 0, 0, 0, 0.0, 0, 0, 0], [0, 0, 3, 0, 0, 0, -1, 0, 0, 0, 0, 0.0, 0, 1, 0], [0, 0, 6, 0, 0, 0, -1, 0, 0, 0, 0, 0.0, 0, 0, 0], [0, 0, 2, 0, 0, 0, -1, 0, 0, 0, 0, 0.0, 0, 0, 0], [0, 0, 1, 0, 0, 0, -1, 0, 0, 0, 0, 0.0, 0, 0, 0], [0, 0, 6, 0, 0, 0, -1, 0, 0, 0, 0, 0.0, 0, 0, 0], [0, 0, 1, 0, 0, 0, -1, 0, 0, 0, 0, 0.0, 0, 0, 0], [0, 1, 3, 0, 0, 0, -1, 0, 0, 0, 0, 0.0, 0, 1, 0], [0, 0, 6, 0, 0, 0, -1, 0, 0, 0, 0, 0.0, 0, 0, 0], [0, 0, 1, 0, 0, 0, -1, 0, 0, 0, 0, 0.0, 0, 0, 0], [0, 0, 1, 0, 0, 0, -1, 0, 0, 0, 0, 0.0, 0, 1, 0], [0, 1, 6, 0, 1, 0, -1, 0, 0, 0, 0, 0.0, 0, 0, 0], [0, 0, 3, 0, 0, 0, -1, 0, 0, 0, 0, 0.0, 0, 0, 0], [0, 0, 6, 0, 0, 0, -1, 0, 0, 0, 0, 0.0, 0, 0, 0], [0, 0, 1, 0, 0, 0, -1, 0, 0, 0, 0, 0.0, 0, 0, 0], [0, 0, 6, 0, 0, 0, -1, 0, 0, 0, 0, 0.0, 0, 0, 0], [0, 0, 6, 0, 0, 0, -1, 0, 0, 0, 0, 0.0, 0, 0, 0], [0, 0, 2, 0, 0, 0, -1, 0, 0, 0, 0, 0.0, 0, 0, 0], [0, 1, 3, 0, 1, 0, -1, 0, 0, 0, 0, 0.0, 0, 1, 0], [0, 0, 2, 0, 0, 0, -1, 0, 0, 0, 0, 0.0, 0, 0, 0], [0, 0, 6, 0, 0, 0, -1, 0, 0, 0, 0, 0.0, 0, 0, 0], [0, 0, 6, 0, 0, 0, -1, 0, 0, 0, 0, 0.0, 0, 0, 0], [0, 0, 6, 0, 0, 0, -1, 0, 0, 0, 0, 0.0, 0, 0, 0], [0, 0, 1, 0, 0, 0, -1, 0, 0, 0, 0, 0.0, 0, 0, 0], [0, 0, 2, 0, 0, 0, -1, 0, 0, 0, 0, 0.0, 0, 0, 0], [0, 1, 2, 0, 1, 0, -1, 0, 0, 0, 0, 0.0, 0, 1, 1], [0, 0, 6, 0, 0, 0, -1, 0, 0, 0, 0, 0.0, 0, 0, 0], [0, 0, 6, 0, 0, 0, -1, 0, 0, 0, 0, 0.0, 0, 1, 0], [0, 0, 6, 0, 0, 0, -1, 0, 0, 0, 0, 0.0, 0, 0, 0], [0, 0, 5, 0, 0, 0, -1, 0, 0, 0, 0, 0.0, 0, 0, 0], [0, 1, 4, 0, 0, 0, -1, 0, 0, 0, 0, 0.0, 0, 1, 1], [0, 0, 1, 0, 0, 0, -1, 0, 0, 0, 0, 0.0, 0, 0, 0], [0, 0, 1, 0, 0, 0, -1, 0, 0, 0, 0, 0.0, 0, 0, 0], [0, 0, 4, 0, 0, 0, -1, 0, 0, 0, 0, 0.0, 0, 0, 0], [0, 0, 6, 0, 0, 0, -1, 0, 0, 0, 0, 0.0, 0, 0, 0], [0, 0, 2, 0, 0, 0, -1, 0, 0, 0, 0, 0.0, 0, 0, 0], [0, 0, 1, 0, 0, 0, -1, 0, 0, 0, 0, 0.0, 0, 0, 0], [0, 0, 2, 0, 0, 0, -1, 0, 0, 0, 0, 0.0, 0, 0, 0], [0, 0, 6, 0, 0, 0, -1, 0, 0, 0, 0, 0.0, 0, 0, 0], [0, 1, 2, 0, 0, 0, -1, 0, 0, 0, 0, 0.0, 0, 1, 1], [0, 0, 6, 0, 0, 0, -1, 0, 0, 0, 0, 0.0, 0, 0, 0], [0, 1, 2, 0, 1, 0, -1, 0, 0, 0, 0, 0.0, 0, 1, 1], [0, 0, 1, 0, 0, 0, -1, 0, 0, 0, 0, 0.0, 0, 0, 0], [0, 0, 6, 0, 0, 0, -1, 0, 0, 0, 0, 0.0, 0, 0, 0], [0, 0, 6, 0, 0, 0, -1, 0, 0, 0, 0, 0.0, 0, 0, 0], [0, 0, 1, 0, 0, 0, -1, 0, 0, 0, 0, 0.0, 0, 0, 0], [0, 1, 2, 0, 1, 0, -1, 0, 0, 0, 0, 0.0, 0, 1, 1], [0, 0, 4, 0, 0, 0, -1, 0, 0, 0, 0, 0.0, 0, 0, 0], [0, 0, 1, 0, 0, 0, -1, 0, 0, 0, 1, 0.0, 0, 1, 0], [0, 1, 3, 0, 1, 0, -1, 0, 0, 0, 0, 0.0, 0, 1, 1], [0, 0, 6, 0, 0, 0, -1, 0, 0, 0, 0, 0.0, 0, 0, 0], [0, 0, 1, 0, 0, 0, -1, 0, 0, 0, 0, 0.0, 0, 0, 0], [0, 0, 2, 0, 0, 0, -1, 0, 0, 0, 0, 0.0, 0, 0, 0], [0, 0, 6, 0, 0, 0, -1, 0, 0, 0, 0, 0.0, 0, 0, 0], [0, 0, 6, 0, 0, 0, -1, 0, 0, 0, 0, 0.0, 0, 0, 0], [0, 0, 6, 0, 0, 0, -1, 0, 0, 0, 0, 0.0, 0, 0, 0], [0, 0, 1, 0, 0, 0, -1, 0, 0, 0, 0, 0.0, 0, 0, 0], [0, 0, 6, 0, 0, 0, -1, 0, 0, 0, 0, 0.0, 0, 0, 0], [0, 0, 1, 0, 0, 0, -1, 0, 0, 0, 0, 0.0, 0, 0, 0], [0, 0, 6, 0, 0, 0, -1, 0, 0, 0, 0, 0.0, 0, 0, 0], [0, 0, 4, 0, 0, 0, -1, 0, 0, 0, 0, 0.0, 0, 0, 0], [0, 0, 1, 0, 0, 0, -1, 0, 0, 0, 0, 0.0, 0, 0, 0], [0, 1, 6, 0, 0, 0, -1, 0, 0, 0, 0, 0.0, 0, 1, 1], [0, 0, 6, 0, 0, 0, -1, 0, 0, 0, 0, 0.0, 0, 0, 0], [0, 0, 1, 0, 0, 0, -1, 0, 0, 0, 0, 0.0, 0, 0, 0], [0, 0, 6, 0, 0, 0, -1, 0, 0, 0, 0, 0.0, 0, 0, 0], [0, 0, 1, 0, 0, 0, -1, 0, 0, 0, 0, 0.0, 0, 0, 0], [0, 0, 6, 0, 0, 0, -1, 0, 0, 0, 0, 0.0, 0, 0, 0], [0, 1, 6, 0, 0, 0, -1, 0, 0, 0, 1, 0.0, 0, 1, 0], [0, 1, 3, 0, 1, 0, -1, 0, 0, 0, 0, 0.0, 0, 1, 0], [0, 1, 3, 0, 0, 0, -1, 0, 0, 0, 0, 0.0, 0, 0, 0], [0, 0, 3, 0, 0, 0, -1, 0, 0, 0, 0, 0.0, 0, 0, 0], [0, 0, 6, 0, 0, 0, -1, 0, 0, 0, 0, 0.0, 0, 1, 0], [0, 0, 1, 0, 0, 0, -1, 0, 0, 0, 0, 0.0, 0, 0, 0], [0, 0, 4, 0, 0, 0, -1, 0, 0, 0, 0, 0.0, 0, 0, 0], [0, 0, 6, 0, 0, 0, -1, 0, 0, 0, 0, 0.0, 0, 0, 0], [0, 1, 6, 0, 0, 0, -1, 0, 0, 0, 0, 0.0, 0, 0, 0], [0, 0, 1, 0, 0, 0, -1, 0, 0, 0, 0, 0.0, 0, 0, 0], [0, 0, 5, 0, 0, 0, -1, 0, 0, 0, 0, 0.0, 0, 0, 0], [0, 1, 4, 0, 0, 0, -1, 0, 0, 0, 0, 0.0, 0, 1, 1], [0, 0, 2, 0, 0, 0, -1, 0, 0, 0, 0, 0.0, 0, 0, 0], [0, 0, 6, 0, 0, 0, -1, 0, 0, 0, 0, 0.0, 0, 0, 0], [0, 0, 3, 0, 0, 0, -1, 0, 0, 0, 0, 0.0, 0, 0, 0], [0, 1, 6, 0, 0, 0, -1, 0, 0, 0, 0, 0.0, 0, 1, 1], [0, 0, 1, 0, 0, 0, -1, 0, 0, 0, 0, 0.0, 0, 0, 0], [0, 0, 3, 0, 0, 0, -1, 0, 0, 0, 0, 0.0, 0, 0, 0], [0, 0, 3, 0, 0, 0, -1, 0, 0, 0, 0, 0.0, 0, 0, 0], [0, 0, 1, 0, 0, 0, -1, 0, 0, 0, 0, 0.0, 0, 0, 0], [0, 0, 6, 0, 0, 0, -1, 0, 0, 0, 0, 0.0, 0, 0, 0], [0, 0, 6, 0, 0, 0, -1, 0, 0, 0, 0, 0.0, 0, 0, 0], [0, 0, 2, 0, 0, 0, -1, 0, 0, 0, 1, 0.0, 0, 1, 0], [0, 0, 2, 0, 0, 0, -1, 0, 0, 0, 0, 0.0, 0, 0, 0], [0, 0, 2, 0, 0, 0, -1, 0, 0, 0, 0, 0.0, 0, 0, 0], [0, 0, 6, 0, 0, 0, -1, 0, 0, 0, 0, 0.0, 0, 0, 0], [0, 0, 6, 0, 0, 0, -1, 0, 0, 0, 0, 0.0, 0, 0, 0], [0, 0, 6, 0, 0, 0, -1, 0, 0, 0, 0, 0.0, 0, 0, 0], [0, 0, 6, 0, 0, 0, -1, 0, 0, 0, 0, 0.0, 0, 0, 0], [0, 0, 3, 0, 0, 0, -1, 0, 0, 0, 0, 0.0, 0, 0, 0], [0, 0, 6, 0, 0, 0, -1, 0, 0, 0, 0, 0.0, 0, 0, 0], [0, 0, 6, 0, 0, 0, -1, 0, 0, 0, 0, 0.0, 0, 0, 0], [0, 0, 2, 0, 0, 0, -1, 0, 0, 0, 0, 0.0, 0, 0, 0], [0, 0, 2, 0, 0, 0, -1, 0, 0, 0, 0, 0.0, 0, 0, 0], [0, 1, 6, 0, 0, 0, -1, 0, 0, 0, 0, 0.0, 0, 1, 0], [0, 1, 2, 0, 0, 0, -1, 0, 0, 0, 0, 0.0, 0, 1, 1], [0, 0, 6, 0, 0, 0, -1, 0, 0, 0, 0, 0.0, 0, 0, 0], [0, 0, 1, 0, 0, 0, -1, 0, 0, 0, 0, 0.0, 0, 0, 0], [0, 0, 5, 0, 0, 0, -1, 0, 0, 0, 0, 0.0, 0, 0, 0], [0, 0, 6, 0, 0, 0, -1, 0, 0, 0, 0, 0.0, 0, 0, 0], [0, 0, 6, 0, 0, 0, -1, 0, 0, 0, 0, 0.0, 0, 1, 0], [0, 1, 6, 0, 0, 0, -1, 0, 0, 0, 0, 0.0, 0, 0, 0], [0, 0, 1, 0, 0, 0, -1, 0, 0, 0, 0, 0.0, 0, 0, 0], [0, 0, 2, 0, 0, 0, -1, 0, 0, 0, 0, 0.0, 0, 1, 0], [0, 0, 6, 0, 0, 0, -1, 0, 0, 0, 0, 0.0, 0, 0, 0], [0, 0, 1, 0, 0, 0, -1, 0, 0, 0, 0, 0.0, 0, 0, 0], [0, 0, 6, 0, 0, 0, -1, 0, 0, 0, 0, 0.0, 0, 0, 0], [0, 0, 1, 0, 0, 0, -1, 0, 0, 0, 0, 0.0, 0, 0, 0], [0, 0, 6, 0, 0, 0, -1, 0, 0, 0, 0, 0.0, 0, 0, 0], [0, 0, 1, 0, 0, 0, -1, 0, 0, 0, 0, 0.0, 0, 0, 0], [0, 0, 1, 0, 0, 0, -1, 0, 0, 0, 0, 0.0, 0, 0, 0], [0, 0, 4, 0, 0, 0, -1, 0, 0, 0, 0, 0.0, 0, 0, 0], [0, 0, 3, 0, 0, 0, -1, 0, 0, 0, 0, 0.0, 0, 0, 0], [0, 0, 6, 0, 0, 0, -1, 0, 0, 0, 0, 0.0, 0, 0, 0], [0, 0, 2, 0, 0, 0, -1, 0, 0, 0, 0, 0.0, 0, 0, 0], [0, 1, 4, 0, 0, 0, -1, 0, 0, 0, 0, 0.0, 0, 1, 1], [0, 0, 6, 0, 0, 0, -1, 0, 0, 0, 0, 0.0, 0, 0, 0], [0, 0, 6, 0, 0, 0, -1, 0, 0, 0, 0, 0.0, 0, 0, 0], [0, 0, 6, 0, 0, 0, -1, 0, 0, 0, 0, 0.0, 0, 0, 0], [0, 0, 2, 0, 0, 0, -1, 0, 0, 0, 0, 0.0, 0, 0, 0], [0, 0, 6, 0, 0, 0, -1, 0, 0, 0, 0, 0.0, 0, 0, 0], [0, 1, 3, 0, 0, 0, -1, 0, 0, 0, 0, 0.0, 0, 1, 0], [0, 0, 1, 0, 0, 0, -1, 0, 0, 0, 0, 0.0, 0, 0, 0], [0, 0, 6, 0, 0, 0, -1, 0, 0, 0, 0, 0.0, 0, 0, 0], [0, 0, 1, 0, 0, 0, -1, 0, 0, 0, 0, 0.0, 0, 0, 0], [0, 1, 2, 0, 1, 0, -1, 0, 0, 0, 0, 0.0, 0, 0, 0], [1, 1, 3, 0, 1, 0, -1, 1, 0, 0, 1, 0.0, 0, 1, 1], [0, 0, 6, 0, 0, 0, -1, 0, 0, 0, 0, 0.0, 0, 0, 0], [0, 0, 1, 0, 0, 0, -1, 0, 0, 0, 0, 0.0, 0, 0, 0], [0, 0, 1, 0, 0, 0, -1, 0, 0, 0, 0, 0.0, 0, 0, 0], [0, 0, 6, 0, 0, 0, -1, 0, 0, 0, 0, 0.0, 0, 0, 0], [0, 0, 1, 0, 0, 0, -1, 0, 0, 0, 0, 0.0, 0, 0, 0], [0, 0, 6, 0, 0, 0, -1, 0, 0, 0, 0, 0.0, 0, 0, 0], [0, 0, 2, 0, 0, 0, -1, 0, 0, 0, 0, 0.0, 0, 0, 0], [0, 0, 6, 0, 0, 0, -1, 0, 0, 0, 0, 0.0, 0, 0, 0], [0, 0, 3, 0, 0, 0, -1, 0, 0, 0, 0, 0.0, 0, 0, 0], [0, 0, 6, 0, 0, 0, -1, 0, 0, 0, 0, 0.0, 0, 0, 0], [0, 0, 1, 0, 0, 0, -1, 0, 0, 0, 0, 0.0, 0, 0, 0], [0, 1, 6, 0, 0, 0, -1, 0, 0, 0, 0, 0.0, 0, 0, 0], [0, 0, 2, 0, 0, 0, -1, 0, 0, 0, 0, 0.0, 0, 0, 0], [0, 0, 6, 0, 0, 0, -1, 0, 0, 0, 0, 0.0, 0, 0, 0], [0, 0, 2, 0, 0, 0, -1, 0, 0, 0, 0, 0.0, 0, 0, 0], [0, 0, 6, 0, 0, 0, -1, 0, 0, 0, 0, 0.0, 0, 0, 0], [0, 1, 6, 0, 0, 0, -1, 0, 0, 0, 0, 0.0, 0, 1, 0], [1, 1, 2, 0, 1, 0, -1, 1, 0, 0, 1, 0.0, 0, 1, 1], [0, 0, 1, 0, 0, 0, -1, 0, 0, 0, 0, 0.0, 0, 1, 0], [0, 0, 2, 0, 0, 0, -1, 0, 0, 0, 0, 0.0, 0, 0, 0], [0, 1, 2, 0, 0, 0, -1, 0, 0, 0, 1, 0.0, 0, 1, 0], [0, 0, 4, 0, 0, 0, -1, 0, 0, 0, 0, 0.0, 0, 0, 0], [0, 0, 1, 0, 0, 0, -1, 0, 0, 0, 0, 0.0, 0, 1, 0], [0, 0, 1, 0, 0, 0, -1, 0, 0, 0, 0, 0.0, 0, 0, 0], [0, 0, 1, 0, 0, 0, -1, 0, 0, 0, 0, 0.0, 0, 0, 0], [0, 0, 1, 0, 0, 0, -1, 0, 0, 0, 0, 0.0, 0, 0, 0], [0, 0, 6, 0, 0, 0, -1, 0, 0, 0, 0, 0.0, 0, 0, 0], [0, 0, 6, 0, 0, 0, -1, 0, 0, 0, 0, 0.0, 0, 0, 0], [0, 0, 6, 0, 0, 0, -1, 0, 0, 0, 0, 0.0, 0, 0, 0], [0, 0, 3, 0, 0, 0, -1, 0, 0, 0, 0, 0.0, 0, 0, 0], [0, 0, 1, 0, 0, 0, -1, 0, 0, 0, 0, 0.0, 0, 0, 0], [0, 0, 6, 0, 0, 0, -1, 0, 0, 0, 0, 0.0, 0, 0, 0], [0, 0, 4, 0, 0, 0, -1, 0, 0, 0, 0, 0.0, 0, 0, 0], [0, 0, 6, 0, 0, 0, -1, 0, 0, 0, 0, 0.0, 0, 0, 0], [0, 0, 5, 0, 0, 0, -1, 0, 0, 0, 0, 0.0, 0, 0, 0], [0, 0, 2, 0, 0, 0, -1, 0, 0, 0, 0, 0.0, 0, 0, 0], [0, 0, 6, 0, 0, 0, -1, 0, 0, 0, 0, 0.0, 0, 0, 0], [0, 0, 1, 0, 0, 0, -1, 0, 0, 0, 0, 0.0, 0, 0, 0], [0, 0, 3, 0, 0, 0, -1, 0, 0, 0, 0, 0.0, 0, 0, 0], [0, 0, 1, 0, 0, 0, -1, 0, 0, 0, 0, 0.0, 0, 0, 0], [0, 0, 2, 0, 0, 0, -1, 0, 0, 0, 0, 0.0, 0, 0, 0], [0, 0, 6, 0, 0, 0, -1, 0, 0, 0, 0, 0.0, 0, 0, 0], [0, 1, 6, 0, 0, 0, -1, 0, 0, 0, 0, 0.0, 0, 0, 0], [0, 0, 3, 0, 0, 0, -1, 0, 0, 0, 0, 0.0, 0, 0, 0], [0, 0, 6, 0, 0, 0, -1, 0, 0, 0, 0, 0.0, 0, 0, 0], [0, 0, 6, 0, 0, 0, -1, 0, 0, 0, 0, 0.0, 0, 0, 0], [0, 0, 3, 0, 0, 0, -1, 0, 0, 0, 0, 0.0, 0, 0, 0], [0, 0, 4, 0, 0, 0, -1, 0, 0, 0, 0, 0.0, 0, 0, 0], [0, 0, 2, 0, 0, 0, -1, 0, 0, 0, 0, 0.0, 0, 0, 0], [0, 0, 1, 0, 0, 0, -1, 0, 0, 0, 0, 0.0, 0, 0, 0], [0, 0, 6, 0, 0, 0, -1, 0, 0, 0, 0, 0.0, 0, 0, 0], [0, 0, 6, 0, 0, 0, -1, 0, 0, 0, 0, 0.0, 0, 0, 0], [0, 0, 6, 0, 0, 0, -1, 0, 0, 0, 0, 0.0, 0, 0, 0], [0, 0, 6, 0, 0, 0, -1, 0, 0, 0, 0, 0.0, 0, 0, 0], [0, 0, 1, 0, 0, 0, -1, 0, 0, 0, 0, 0.0, 0, 0, 0], [0, 0, 1, 0, 0, 0, -1, 0, 0, 0, 0, 0.0, 0, 0, 0], [0, 0, 2, 0, 0, 0, -1, 0, 0, 0, 0, 0.0, 0, 0, 0], [0, 0, 6, 0, 0, 0, -1, 0, 0, 0, 0, 0.0, 0, 0, 0], [0, 1, 6, 0, 0, 0, -1, 0, 0, 0, 0, 0.0, 0, 1, 1], [0, 0, 2, 0, 0, 0, -1, 0, 0, 0, 0, 0.0, 0, 0, 0], [0, 0, 1, 0, 0, 0, -1, 0, 0, 0, 0, 0.0, 0, 0, 0], [0, 0, 1, 0, 0, 0, -1, 0, 0, 0, 0, 0.0, 0, 0, 0], [0, 1, 2, 0, 0, 0, -1, 0, 0, 0, 0, 0.0, 0, 1, 1], [0, 0, 1, 0, 0, 0, -1, 0, 0, 0, 0, 0.0, 0, 0, 0], [0, 1, 3, 0, 1, 0, -1, 0, 0, 0, 0, 0.0, 0, 1, 1], [0, 0, 1, 0, 0, 0, -1, 0, 0, 0, 0, 0.0, 0, 0, 0], [0, 0, 6, 0, 0, 0, -1, 0, 0, 0, 0, 0.0, 0, 0, 0], [0, 0, 1, 0, 0, 0, -1, 0, 0, 0, 0, 0.0, 0, 0, 0], [0, 0, 6, 0, 0, 0, -1, 0, 0, 0, 0, 0.0, 0, 0, 0], [0, 1, 6, 0, 0, 0, -1, 0, 0, 0, 0, 0.0, 0, 0, 0], [0, 0, 6, 0, 0, 0, -1, 0, 0, 0, 0, 0.0, 0, 0, 0], [0, 0, 6, 0, 0, 0, -1, 0, 0, 0, 0, 0.0, 0, 0, 0], [0, 0, 6, 0, 0, 0, -1, 0, 0, 0, 0, 0.0, 0, 0, 0], [0, 0, 6, 0, 0, 0, -1, 0, 0, 0, 0, 0.0, 0, 1, 0], [0, 0, 6, 0, 0, 0, -1, 0, 0, 0, 0, 0.0, 0, 0, 0], [0, 0, 1, 0, 0, 0, -1, 0, 0, 0, 0, 0.0, 0, 0, 0], [0, 0, 1, 0, 0, 0, -1, 0, 0, 0, 0, 0.0, 0, 0, 0], [0, 0, 2, 0, 0, 0, -1, 0, 0, 0, 0, 0.0, 0, 0, 0], [0, 0, 1, 0, 0, 0, -1, 0, 0, 0, 0, 0.0, 0, 0, 0], [0, 0, 3, 0, 0, 0, -1, 0, 0, 0, 0, 0.0, 0, 0, 0], [0, 0, 6, 0, 0, 0, -1, 0, 0, 0, 0, 0.0, 0, 1, 0], [0, 0, 6, 0, 0, 0, -1, 0, 0, 0, 0, 0.0, 0, 1, 0], [0, 0, 1, 0, 0, 0, -1, 0, 0, 0, 0, 0.0, 0, 0, 0], [0, 1, 3, 0, 0, 0, -1, 0, 0, 0, 0, 0.0, 0, 0, 0], [0, 0, 1, 0, 0, 0, -1, 0, 0, 0, 1, 0.0, 0, 1, 0], [0, 0, 3, 0, 0, 0, -1, 0, 0, 0, 0, 0.0, 0, 0, 0], [0, 0, 4, 0, 0, 0, -1, 0, 0, 0, 0, 0.0, 0, 0, 0], [0, 0, 1, 0, 0, 0, -1, 0, 0, 0, 0, 0.0, 0, 0, 0], [0, 0, 6, 0, 0, 0, -1, 0, 0, 0, 0, 0.0, 0, 0, 0], [0, 0, 6, 0, 0, 0, -1, 0, 0, 0, 0, 0.0, 0, 0, 0], [0, 1, 6, 0, 1, 0, -1, 0, 0, 0, 0, 0.0, 0, 1, 0], [0, 0, 2, 0, 0, 0, -1, 0, 0, 0, 0, 0.0, 0, 0, 0], [0, 0, 2, 0, 0, 0, -1, 0, 0, 0, 0, 0.0, 0, 0, 0], [0, 0, 6, 0, 0, 0, -1, 0, 0, 0, 0, 0.0, 0, 0, 0], [0, 0, 6, 0, 0, 0, -1, 0, 0, 0, 0, 0.0, 0, 0, 0], [0, 0, 3, 0, 0, 0, -1, 0, 0, 0, 0, 0.0, 0, 0, 0], [0, 0, 2, 0, 0, 0, -1, 0, 0, 0, 0, 0.0, 0, 0, 0], [0, 0, 1, 0, 0, 0, -1, 0, 0, 0, 0, 0.0, 0, 0, 0], [0, 1, 3, 0, 1, 0, -1, 0, 0, 0, 0, 0.0, 0, 1, 0], [0, 0, 6, 0, 0, 0, -1, 0, 0, 0, 0, 0.0, 0, 0, 0], [0, 0, 6, 0, 0, 0, -1, 0, 0, 0, 0, 0.0, 0, 0, 0], [0, 0, 1, 0, 0, 0, -1, 0, 0, 0, 0, 0.0, 0, 0, 0], [0, 0, 2, 0, 0, 0, -1, 0, 0, 0, 0, 0.0, 0, 0, 0], [0, 1, 3, 0, 0, 0, -1, 0, 0, 0, 0, 0.0, 0, 1, 0], [0, 0, 1, 0, 0, 0, -1, 0, 0, 0, 0, 0.0, 0, 0, 0], [0, 0, 1, 0, 0, 0, -1, 0, 0, 0, 0, 0.0, 0, 0, 0], [0, 0, 1, 0, 0, 0, -1, 0, 0, 0, 0, 0.0, 0, 0, 0], [0, 0, 6, 0, 0, 0, -1, 0, 0, 0, 0, 0.0, 0, 0, 0], [0, 0, 3, 0, 0, 0, -1, 0, 0, 0, 0, 0.0, 0, 0, 0], [0, 0, 6, 0, 0, 0, -1, 0, 0, 0, 0, 0.0, 0, 0, 0], [0, 0, 2, 0, 0, 0, -1, 0, 0, 0, 0, 0.0, 0, 0, 0], [0, 0, 6, 0, 0, 0, -1, 0, 0, 0, 0, 0.0, 0, 0, 0], [0, 0, 6, 0, 0, 0, -1, 0, 0, 0, 0, 0.0, 0, 0, 0], [0, 0, 6, 0, 0, 0, -1, 0, 0, 0, 0, 0.0, 0, 0, 0], [0, 0, 6, 0, 0, 0, -1, 0, 0, 0, 0, 0.0, 0, 0, 0], [0, 0, 1, 0, 0, 0, -1, 0, 0, 0, 0, 0.0, 0, 1, 0], [1, 0, 1, 0, 0, 0, -1, 1, 1, 1, 1, 0.0, 0, 1, 0], [0, 0, 1, 0, 0, 0, -1, 0, 0, 0, 0, 0.0, 0, 0, 0], [0, 0, 6, 0, 0, 0, -1, 0, 0, 0, 0, 0.0, 0, 0, 0], [0, 0, 6, 0, 0, 0, -1, 0, 0, 0, 0, 0.0, 0, 0, 0], [0, 0, 2, 0, 0, 0, -1, 0, 0, 0, 0, 0.0, 0, 0, 0], [0, 0, 6, 0, 0, 0, -1, 0, 0, 0, 0, 0.0, 0, 0, 0], [0, 0, 6, 0, 0, 0, -1, 0, 0, 0, 0, 0.0, 0, 1, 0], [0, 0, 6, 0, 0, 0, -1, 0, 0, 0, 0, 0.0, 0, 0, 0], [0, 0, 6, 0, 0, 0, -1, 0, 0, 0, 0, 0.0, 0, 0, 0], [0, 0, 6, 0, 0, 0, -1, 0, 0, 0, 0, 0.0, 0, 0, 0], [0, 0, 1, 0, 0, 0, -1, 0, 0, 0, 0, 0.0, 0, 0, 0], [0, 0, 1, 0, 0, 0, -1, 0, 0, 0, 0, 0.0, 0, 0, 0], [0, 0, 1, 0, 0, 0, -1, 0, 0, 0, 0, 0.0, 0, 0, 0], [0, 0, 1, 0, 0, 0, -1, 0, 0, 0, 0, 0.0, 0, 0, 0], [0, 0, 1, 0, 0, 0, -1, 0, 0, 0, 0, 0.0, 0, 0, 0], [0, 0, 6, 0, 0, 0, -1, 0, 0, 0, 0, 0.0, 0, 0, 0], [0, 0, 6, 0, 0, 0, -1, 0, 0, 0, 0, 0.0, 0, 0, 0], [0, 0, 1, 0, 0, 0, -1, 0, 0, 0, 0, 0.0, 0, 0, 0], [0, 0, 1, 0, 0, 0, -1, 0, 0, 0, 0, 0.0, 0, 0, 0], [0, 0, 6, 0, 0, 0, -1, 0, 0, 0, 0, 0.0, 0, 0, 0], [0, 0, 6, 0, 0, 0, -1, 0, 0, 0, 0, 0.0, 0, 0, 0], [0, 0, 1, 0, 0, 0, -1, 0, 0, 0, 0, 0.0, 0, 0, 0], [0, 0, 4, 0, 0, 0, -1, 0, 0, 0, 0, 0.0, 0, 0, 0], [0, 0, 4, 0, 0, 0, -1, 0, 0, 0, 0, 0.0, 0, 0, 0], [0, 0, 1, 0, 0, 0, -1, 0, 0, 0, 0, 0.0, 0, 0, 0], [0, 0, 1, 0, 0, 0, -1, 0, 0, 0, 0, 0.0, 0, 0, 0], [0, 0, 5, 0, 0, 0, -1, 0, 0, 0, 0, 0.0, 0, 0, 0], [0, 0, 6, 0, 0, 0, -1, 0, 0, 0, 0, 0.0, 0, 0, 0], [0, 0, 5, 0, 0, 0, -1, 0, 0, 0, 0, 0.0, 0, 0, 0], [0, 0, 2, 0, 0, 0, -1, 0, 0, 0, 0, 0.0, 0, 1, 0], [0, 0, 1, 0, 0, 0, -1, 0, 0, 0, 0, 0.0, 0, 0, 0], [0, 0, 6, 0, 0, 0, -1, 0, 0, 0, 0, 0.0, 0, 0, 1], [0, 0, 6, 0, 0, 0, -1, 0, 0, 0, 0, 0.0, 0, 0, 0], [0, 0, 3, 0, 0, 0, -1, 0, 0, 0, 0, 0.0, 0, 0, 0], [0, 0, 6, 0, 0, 0, -1, 0, 0, 0, 0, 0.0, 0, 1, 0], [0, 0, 6, 0, 0, 0, -1, 0, 0, 0, 0, 0.0, 0, 0, 0], [0, 1, 3, 0, 0, 0, -1, 0, 0, 0, 0, 0.0, 0, 1, 0], [0, 0, 1, 0, 0, 0, -1, 0, 0, 0, 0, 0.0, 0, 0, 0], [0, 0, 6, 0, 0, 0, -1, 0, 0, 0, 0, 0.0, 0, 0, 0], [0, 1, 2, 0, 0, 0, -1, 0, 0, 0, 1, 0.0, 0, 1, 0], [0, 0, 1, 0, 0, 0, -1, 0, 0, 0, 0, 0.0, 0, 0, 0], [0, 0, 6, 0, 0, 0, -1, 0, 0, 0, 0, 0.0, 0, 0, 0], [0, 0, 6, 0, 0, 0, -1, 0, 0, 0, 0, 0.0, 0, 0, 0], [0, 0, 1, 0, 0, 0, -1, 0, 0, 0, 0, 0.0, 0, 0, 0], [0, 0, 6, 0, 0, 0, -1, 0, 0, 0, 0, 0.0, 0, 0, 0], [0, 1, 6, 0, 0, 0, -1, 0, 0, 0, 0, 0.0, 0, 0, 0], [0, 0, 6, 0, 0, 0, -1, 0, 0, 0, 0, 0.0, 0, 0, 0], [0, 0, 1, 0, 0, 0, -1, 0, 0, 0, 0, 0.0, 0, 0, 0], [0, 0, 6, 0, 0, 0, -1, 0, 0, 0, 0, 0.0, 0, 0, 0], [0, 1, 6, 0, 0, 0, -1, 0, 0, 0, 0, 0.0, 0, 0, 0], [0, 0, 1, 0, 0, 0, -1, 0, 0, 0, 0, 0.0, 0, 0, 0], [0, 0, 6, 0, 0, 0, -1, 0, 0, 0, 0, 0.0, 0, 0, 0], [0, 1, 6, 0, 0, 0, -1, 0, 0, 0, 1, 0.0, 0, 0, 0]]}
{
  "overall": "NO_TASK",
  "gates": {
    "G_arc_enc_frozen": true,
    "G_ink_verified": true,
    "G_task_exists": false,
    "G_exact_algebra_matches_tape": true,
    "G_lookup_beats_floor": false,
    "G_lookup_beats_counts_paired": false,
    "G_lookup_beats_retrieval_paired": false,
    "G_phi_orders_negatives": false
  },
  "lookup": {},
  "paired": {
    "model_only_right": 0,
    "rival_only_right": 0,
    "discordant": 0,
    "mcnemar_z": NaN
  },
  "ladder": {
    "n_questions": 0,
    "pairs": 0,
    "concordant": 0,
    "ties_excluded": 0,
    "import_budget_zero_rate": 0.0,
    "import_budget_mean": 0.0,
    "concordance": NaN,
    "z_vs_half": NaN,
    "mean_phi": {
      "true": NaN,
      "near": NaN,
      "middle": NaN,
      "far": NaN
    }
  }
}
