Stage289 derivation start 2026-08-14T07:35:05.441544+00:00 device=cpu holdout=corpus
  corpus data\_wikitext103_train.txt
  lines: train 7324, eval 3139 (the probe reserves ANCHORS, not lines - see `reserved`)
  word rule matches stage194: True  (rule=ascii, fp=hash, ink=mean)
  hash ink deterministic and digest-faithful: True  {'anagram_cos': -0.0135, 'perm_fixed_points': 1}
  tape: 1500 addresses, 6339 slots | questions {"pair": 1090} | params 5633
  node vector 9 wide, matches the body
  ladder coverage: 0/0 lookup questions have all three rungs; the rest train on the task term alone
  probe pack: 2822 reserved addresses (18s to build)
  probe tape: 60 lookup questions, never trained on; 0 graphs cached (1 view(s)/question) in 0s
  probe eval: 1.14s x 4 = 0.1 min added to this run
  step 500/4000 train=-0.0311 probe=nan
  step 1000/4000 train=-0.0546 probe=-0.1283
  step 1500/4000 train=-0.0690 probe=-0.1283
  step 2000/4000 train=-0.0418 probe=-0.1308
  step 2500/4000 train=-0.0602 probe=-0.1308
  step 3000/4000 train=-0.0476 probe=-0.1317
  step 3500/4000 train=-0.0395 probe=-0.1317
  step 4000/4000 train=-0.0489 probe=-0.1283
  early stop: restored step 3000 (probe -0.1317) of 4000
  PAIR {"cands": 8, "max_rows": 6, "per_line": 2, "follow": 2, "independent": false, "frame_max": 3, "held_out": {"n": 1066, "both_offered": 0.02345215759849906, "mind_exact": 0.0009380863039399625, "mind_exact_of_offered": 0.04, "holes_right_mean": 0.051594746716697934, "marginal_exact": 0.0009380863039399625, "joint_exact": 0.0150093808630394, "joint_seen_rate": 0.017823639774859287, "in_own_both": 0.01594746716697936, "offered_a": 0.1350844277673546, "offered_b": 0.150093808630394, "mean_pair_worlds": 63.609756097560975, "world_rows": 9.23358348968105, "first_hole_rate": 0.4530956848030019, "vs_marginal": {"n": 1066, "mind_only": 1, "rival_only": 1, "both": 0, "mcnemar_z": 0.0, "max_achievable_z": 1.4142135623730951, "underpowered": true}, "vs_marginal_offered": {"n": 25, "mind_only": 1, "rival_only": 1, "both": 0, "mcnemar_z": 0.0, "max_achievable_z": 1.4142135623730951, "underpowered": true}, "COMP_ONLY": {"n": 23, "rate": 0.021575984990619138, "mind_right": 1, "hit_rate": 0.043478260869565216, "indep_right": 0, "indep_a": 0.21739130434782608, "indep_b": 0.30434782608695654, "indep_floor": 0.06616257088846882, "binomial_z": -0.4376708953179823, "random_floor": 0.016304347826086953, "one_hole_mean": 0.2608695652173913, "vs_independent": {"n": 23, "mind_only": 1, "rival_only": 0, "both": 0, "mcnemar_z": 1.0, "max_achievable_z": 1.0, "underpowered": true}}}, "train_control": {"n": 1084, "both_offered": 0.02029520295202952, "mind_exact": 0.0018450184501845018, "mind_exact_of_offered": 0.09090909090909091, "holes_right_mean": 0.052583025830258305, "marginal_exact": 0.004612546125461255, "joint_exact": 0.012915129151291513, "joint_seen_rate": 0.01937269372693727, "in_own_both": 0.016605166051660517, "offered_a": 0.13007380073800737, "offered_b": 0.14852398523985239, "mean_pair_worlds": 63.68265682656826, "world_rows": 9.578413284132841, "first_hole_rate": 0.4492619926199262, "vs_marginal": {"n": 1084, "mind_only": 0, "rival_only": 3, "both": 2, "mcnemar_z": -1.7320508075688774, "max_achievable_z": 1.7320508075688772, "underpowered": false}, "vs_marginal_offered": {"n": 22, "mind_only": 0, "rival_only": 2, "both": 2, "mcnemar_z": -1.414213562373095, "max_achievable_z": 1.4142135623730951, "underpowered": true}, "COMP_ONLY": {"n": 17, "rate": 0.015682656826568265, "mind_right": 0, "hit_rate": 0.0, "indep_right": 0, "indep_a": 0.35294117647058826, "indep_b": 0.17647058823529413, "indep_floor": 0.062283737024221464, "binomial_z": -1.0626153073962916, "random_floor": 0.01593137254901961, "one_hole_mean": 0.2647058823529412, "vs_independent": {"n": 17, "mind_only": 0, "rival_only": 0, "both": 0, "mcnemar_z": NaN, "max_achievable_z": 0.0, "underpowered": true}}}}
  HELD {"lookup_paired_vs_rival": {"model_only_right": 0, "rival_only_right": 0, "discordant": 0, "mcnemar_z": NaN}, "lookup_paired_vs_rival_cos": {"n": 0, "model_only_right": 0, "rival_only_right": 0, "discordant": 0, "mcnemar_z": NaN, "max_achievable_z": 0.0, "underpowered": true}, "lookup_paired_vs_rival_cos_by_margin": {"median_margin": NaN, "low_margin": {"n": 0, "model_only_right": 0, "rival_only_right": 0, "discordant": 0, "mcnemar_z": NaN, "max_achievable_z": 0.0, "underpowered": true}, "high_margin": {"n": 0, "model_only_right": 0, "rival_only_right": 0, "discordant": 0, "mcnemar_z": NaN, "max_achievable_z": 0.0, "underpowered": true}}, "ladder": {"n_questions": 0, "pairs": 0, "concordant": 0, "ties_excluded": 0, "import_budget_zero_rate": 0.0, "import_budget_mean": 0.0, "concordance": NaN, "z_vs_half": NaN, "mean_phi": {"true": NaN, "near": NaN, "middle": NaN, "far": NaN}}, "exact_mismatches": 0, "confusion": {}, "_mixed": [], "_reach": [], "_pair": [[0, 0, 0, 0, 0, 0, 0, 0, 0, 0, 64, 1, 9, 0, 0, 0], [0, 0, 0, 0, 0, 0, 1, 0, 1, 0, 64, 0, 5, 0, 0, 0], [0, 0, 0, 0, 0, 0, 0, 0, 0, 0, 64, 1, 13, 0, 0, 0], [0, 0, 0, 0, 0, 0, 0, 0, 0, 0, 64, 0, 13, 0, 0, 0], [0, 0, 0, 0, 0, 0, 1, 0, 1, 0, 64, 0, 8, 0, 0, 0], [0, 0, 0, 0, 0, 0, 0, 0, 0, 0, 64, 1, 4, 0, 0, 0], [0, 0, 0, 0, 0, 0, 0, 0, 0, 0, 64, 0, 4, 0, 0, 0], [0, 0, 0, 0, 0, 0, 1, 0, 1, 0, 64, 0, 7, 0, 0, 0], [0, 0, 0, 0, 1, 1, 0, 0, 0, 0, 64, 0, 13, 0, 0, 0], [0, 0, 0, 0, 0, 0, 0, 0, 0, 1, 64, 0, 10, 0, 0, 0], [1, 0, 0, 0, 0, 0, 0, 1, 1, 1, 48, 0, 10, 0, 0, 1], [0, 0, 0, 0, 0, 0, 0, 0, 1, 0, 48, 0, 10, 0, 0, 0], [0, 0, 0, 0, 0, 0, 0, 0, 0, 0, 64, 1, 10, 0, 0, 0], [0, 0, 0, 0, 0, 0, 0, 0, 0, 0, 64, 1, 14, 0, 0, 0], [0, 0, 0, 0, 0, 0, 0, 0, 0, 0, 64, 0, 14, 0, 0, 0], [0, 0, 0, 0, 0, 0, 0, 0, 0, 0, 64, 1, 9, 0, 0, 0], [0, 0, 0, 0, 0, 0, 0, 1, 0, 0, 64, 1, 14, 0, 0, 0], [0, 0, 0, 0, 0, 0, 0, 0, 0, 0, 64, 0, 9, 0, 0, 0], [0, 0, 0, 0, 0, 0, 0, 0, 0, 0, 64, 1, 11, 0, 0, 0], [0, 0, 0, 0, 0, 0, 0, 0, 0, 0, 64, 1, 9, 0, 0, 0], [0, 0, 0, 0, 0, 0, 0, 0, 0, 0, 64, 0, 5, 0, 0, 0], [0, 0, 0, 0, 0, 0, 0, 0, 0, 0, 64, 0, 9, 0, 0, 0], [0, 0, 0, 0, 0, 0, 0, 0, 0, 0, 64, 0, 11, 0, 0, 0], [0, 0, 0, 0, 0, 0, 0, 0, 0, 0, 64, 0, 14, 0, 0, 0], [0, 0, 0, 0, 0, 0, 0, 0, 0, 1, 64, 1, 9, 0, 0, 0], [0, 0, 1, 0, 0, 0, 0, 1, 0, 1, 64, 1, 12, 0, 0, 1], [0, 0, 0, 0, 0, 0, 0, 0, 1, 0, 64, 0, 10, 0, 0, 0], [0, 0, 0, 0, 0, 0, 0, 0, 0, 1, 64, 1, 9, 0, 0, 0], [0, 0, 0, 0, 0, 0, 0, 0, 0, 0, 64, 0, 5, 0, 0, 0], [0, 0, 0, 0, 0, 0, 0, 0, 0, 0, 64, 1, 9, 0, 0, 0], [0, 0, 0, 0, 0, 0, 0, 0, 0, 0, 64, 1, 4, 0, 0, 0], [0, 0, 0, 0, 0, 0, 0, 0, 0, 0, 64, 1, 9, 0, 0, 0], [0, 0, 0, 0, 0, 0, 0, 0, 0, 0, 64, 0, 9, 0, 0, 0], [0, 0, 0, 0, 0, 0, 0, 0, 1, 0, 64, 0, 5, 0, 0, 0], [0, 0, 1, 0, 0, 0, 0, 1, 0, 1, 64, 1, 9, 0, 0, 1], [0, 0, 0, 0, 0, 0, 0, 0, 0, 0, 64, 1, 10, 0, 0, 0], [1, 1, 2, 0, 0, 0, 1, 1, 1, 1, 64, 1, 9, 0, 0, 1], [0, 0, 0, 0, 0, 0, 0, 0, 0, 0, 64, 0, 14, 0, 0, 0], [0, 0, 0, 0, 0, 0, 0, 0, 0, 0, 64, 1, 5, 0, 0, 0], [0, 0, 0, 0, 0, 0, 0, 0, 0, 0, 64, 1, 9, 0, 0, 0], [0, 0, 0, 0, 0, 0, 0, 0, 1, 0, 64, 1, 8, 0, 0, 0], [0, 0, 0, 0, 0, 0, 0, 0, 1, 0, 64, 1, 8, 0, 0, 0], [0, 0, 0, 0, 0, 0, 0, 0, 0, 0, 64, 1, 6, 0, 0, 0], [0, 0, 0, 0, 0, 0, 0, 0, 0, 0, 64, 1, 5, 0, 0, 0], [0, 0, 0, 0, 0, 0, 0, 0, 0, 0, 64, 1, 10, 0, 0, 0], [0, 0, 0, 0, 0, 0, 0, 0, 0, 0, 64, 0, 4, 0, 0, 0], [0, 0, 0, 0, 0, 0, 0, 0, 0, 0, 64, 0, 4, 0, 0, 0], [0, 0, 0, 0, 0, 0, 0, 0, 0, 1, 64, 0, 4, 0, 0, 0], [0, 0, 0, 0, 0, 0, 1, 0, 0, 0, 64, 0, 14, 0, 0, 0], [0, 0, 0, 0, 0, 0, 0, 0, 0, 0, 64, 0, 9, 0, 0, 0], [0, 0, 0, 0, 0, 0, 0, 0, 0, 0, 64, 0, 5, 0, 0, 0], [0, 0, 0, 0, 0, 0, 0, 0, 1, 0, 64, 0, 11, 0, 0, 0], [0, 0, 0, 0, 0, 0, 0, 0, 0, 0, 64, 0, 14, 0, 0, 0], [0, 0, 0, 0, 0, 0, 0, 0, 0, 0, 64, 0, 11, 0, 0, 0], [0, 0, 0, 0, 0, 0, 0, 0, 0, 0, 64, 1, 13, 0, 0, 0], [0, 0, 0, 0, 0, 0, 0, 0, 0, 0, 64, 0, 9, 0, 0, 0], [0, 0, 1, 0, 0, 0, 1, 0, 1, 0, 64, 0, 14, 0, 1, 0], [0, 0, 0, 0, 0, 0, 0, 0, 0, 0, 56, 1, 9, 0, 0, 0], [0, 0, 0, 0, 0, 0, 0, 0, 0, 0, 64, 0, 7, 0, 0, 0], [0, 0, 0, 0, 0, 0, 0, 0, 0, 0, 64, 0, 5, 0, 0, 0], [0, 0, 0, 0, 0, 0, 0, 0, 0, 0, 64, 0, 6, 0, 0, 0], [0, 0, 0, 0, 0, 0, 0, 0, 0, 0, 64, 0, 9, 0, 0, 0], [0, 0, 0, 0, 0, 0, 0, 1, 0, 1, 64, 1, 14, 0, 0, 0], [0, 0, 0, 0, 0, 0, 0, 0, 0, 0, 64, 1, 14, 0, 0, 0], [0, 0, 0, 0, 0, 0, 0, 0, 0, 0, 64, 1, 12, 0, 0, 0], [0, 0, 0, 0, 1, 1, 0, 0, 0, 0, 64, 0, 14, 0, 0, 0], [0, 0, 0, 0, 0, 0, 0, 0, 1, 0, 64, 1, 9, 0, 0, 0], [0, 0, 0, 0, 0, 0, 0, 0, 0, 0, 64, 1, 10, 0, 0, 0], [0, 0, 0, 0, 0, 0, 0, 0, 0, 0, 64, 0, 6, 0, 0, 0], [0, 0, 0, 0, 0, 0, 0, 0, 0, 0, 64, 0, 11, 0, 0, 0], [0, 0, 0, 0, 0, 0, 0, 1, 0, 1, 64, 0, 14, 0, 0, 0], [0, 0, 0, 0, 0, 0, 0, 0, 0, 0, 64, 0, 9, 0, 0, 0], [0, 0, 0, 0, 0, 0, 0, 0, 0, 0, 64, 0, 9, 0, 0, 0], [0, 0, 0, 0, 0, 0, 0, 0, 0, 0, 56, 0, 5, 0, 0, 0], [0, 0, 0, 0, 0, 0, 0, 0, 0, 0, 64, 0, 9, 0, 0, 0], [0, 0, 0, 0, 0, 0, 0, 0, 0, 0, 64, 0, 13, 0, 0, 0], [0, 0, 0, 0, 0, 0, 0, 0, 0, 0, 64, 1, 9, 0, 0, 0], [0, 0, 0, 0, 0, 0, 0, 0, 0, 0, 64, 0, 11, 0, 0, 0], [0, 0, 1, 0, 0, 0, 1, 0, 1, 0, 64, 0, 9, 0, 1, 0], [0, 0, 0, 0, 0, 0, 0, 0, 1, 0, 64, 0, 6, 0, 0, 0], [0, 0, 0, 0, 0, 0, 1, 0, 1, 0, 64, 0, 7, 0, 0, 0], [0, 0, 0, 0, 0, 0, 0, 1, 0, 1, 64, 0, 10, 0, 0, 0], [0, 0, 0, 0, 0, 0, 0, 1, 0, 0, 64, 1, 9, 0, 0, 0], [0, 0, 0, 0, 1, 1, 1, 0, 0, 0, 64, 0, 14, 0, 0, 0], [0, 0, 0, 0, 0, 0, 0, 0, 0, 1, 64, 1, 14, 0, 0, 0], [0, 0, 0, 0, 0, 0, 0, 0, 0, 0, 64, 0, 14, 0, 0, 0], [0, 0, 0, 0, 0, 0, 0, 0, 0, 0, 64, 1, 4, 0, 0, 0], [0, 0, 0, 0, 0, 0, 0, 0, 0, 0, 64, 0, 4, 0, 0, 0], [0, 0, 0, 0, 0, 0, 0, 0, 0, 0, 64, 1, 12, 0, 0, 0], [0, 0, 0, 0, 0, 0, 0, 0, 0, 0, 64, 0, 4, 0, 0, 0], [0, 0, 0, 0, 0, 0, 0, 0, 0, 0, 64, 0, 7, 0, 0, 0], [0, 0, 0, 0, 0, 0, 0, 0, 0, 0, 64, 0, 10, 0, 0, 0], [0, 0, 0, 0, 0, 0, 0, 1, 0, 0, 64, 0, 9, 0, 0, 0], [0, 0, 0, 0, 0, 0, 0, 0, 0, 0, 64, 0, 11, 0, 0, 0], [0, 0, 0, 0, 0, 0, 0, 0, 0, 0, 64, 0, 6, 0, 0, 0], [0, 0, 0, 0, 0, 0, 1, 0, 0, 0, 64, 1, 13, 0, 0, 0], [0, 0, 0, 0, 0, 0, 0, 0, 0, 0, 64, 1, 9, 0, 0, 0], [0, 0, 0, 0, 0, 0, 1, 0, 1, 0, 64, 0, 13, 0, 0, 0], [1, 0, 0, 0, 0, 0, 1, 0, 1, 1, 64, 0, 7, 0, 0, 0], [0, 0, 0, 0, 0, 0, 0, 0, 0, 0, 64, 1, 13, 0, 0, 0], [0, 0, 0, 0, 0, 0, 0, 0, 0, 0, 64, 1, 8, 0, 0, 0], [0, 0, 0, 0, 0, 0, 0, 0, 0, 0, 64, 1, 10, 0, 0, 0], [0, 0, 0, 0, 0, 0, 0, 0, 0, 0, 64, 0, 9, 0, 0, 0], [0, 0, 0, 0, 0, 0, 0, 0, 0, 0, 64, 1, 6, 0, 0, 0], [0, 0, 0, 0, 0, 0, 0, 0, 0, 0, 64, 1, 4, 0, 0, 0], [0, 0, 0, 0, 0, 0, 0, 0, 0, 0, 64, 1, 11, 0, 0, 0], [0, 0, 0, 0, 0, 0, 0, 0, 0, 0, 64, 1, 9, 0, 0, 0], [0, 0, 1, 0, 0, 0, 0, 1, 0, 1, 64, 1, 9, 0, 0, 1], [0, 0, 0, 0, 0, 0, 0, 0, 0, 0, 64, 1, 11, 0, 0, 0], [0, 0, 0, 0, 0, 0, 0, 0, 0, 0, 64, 0, 10, 0, 0, 0], [0, 0, 0, 0, 0, 0, 0, 0, 0, 0, 64, 1, 5, 0, 0, 0], [0, 0, 0, 0, 0, 0, 1, 0, 1, 0, 64, 0, 10, 0, 0, 0], [0, 0, 0, 0, 0, 0, 0, 0, 0, 0, 64, 1, 4, 0, 0, 0], [0, 0, 1, 0, 1, 1, 0, 1, 0, 1, 64, 1, 10, 0, 0, 1], [0, 0, 1, 0, 1, 1, 0, 1, 0, 1, 40, 1, 13, 0, 0, 1], [0, 0, 0, 0, 0, 0, 0, 0, 0, 0, 64, 1, 10, 0, 0, 0], [0, 0, 0, 0, 0, 0, 0, 0, 0, 0, 64, 0, 6, 0, 0, 0], [0, 0, 0, 0, 0, 0, 0, 0, 0, 0, 64, 0, 4, 0, 0, 0], [0, 0, 0, 0, 0, 0, 1, 0, 0, 0, 64, 0, 9, 0, 0, 0], [0, 0, 0, 0, 0, 0, 0, 1, 0, 1, 64, 1, 8, 0, 0, 0], [1, 0, 0, 0, 0, 0, 0, 1, 1, 1, 64, 1, 5, 0, 0, 0], [0, 0, 0, 0, 0, 0, 0, 0, 0, 0, 64, 1, 9, 0, 0, 0], [0, 0, 0, 0, 0, 0, 0, 0, 0, 0, 64, 0, 9, 0, 0, 0], [0, 0, 0, 0, 0, 0, 0, 0, 0, 0, 64, 0, 5, 0, 0, 0], [0, 0, 0, 0, 0, 0, 0, 0, 0, 0, 64, 0, 9, 0, 0, 0], [1, 0, 1, 0, 0, 0, 1, 0, 1, 1, 64, 0, 14, 0, 1, 0], [0, 0, 1, 0, 0, 0, 0, 1, 0, 1, 64, 1, 14, 0, 0, 1], [0, 0, 0, 0, 0, 0, 0, 0, 0, 0, 64, 0, 9, 0, 0, 0], [0, 0, 0, 0, 0, 0, 1, 0, 0, 0, 64, 0, 14, 0, 0, 0], [0, 0, 0, 0, 0, 0, 0, 0, 0, 0, 64, 0, 10, 0, 0, 0], [0, 0, 0, 0, 0, 0, 0, 0, 0, 0, 64, 0, 9, 0, 0, 0], [0, 0, 0, 0, 0, 0, 0, 0, 0, 0, 64, 1, 14, 0, 0, 0], [0, 0, 0, 0, 0, 0, 0, 0, 0, 0, 64, 0, 11, 0, 0, 0], [0, 0, 0, 0, 0, 0, 0, 0, 0, 0, 64, 1, 5, 0, 0, 0], [0, 0, 0, 0, 0, 0, 0, 1, 0, 1, 64, 1, 6, 0, 0, 0], [0, 0, 0, 0, 0, 0, 0, 0, 0, 0, 64, 0, 8, 0, 0, 0], [0, 0, 0, 0, 0, 0, 0, 1, 0, 1, 64, 1, 9, 0, 0, 0], [0, 0, 1, 0, 1, 1, 0, 1, 0, 1, 64, 1, 11, 0, 0, 1], [0, 0, 1, 0, 1, 1, 0, 1, 0, 1, 64, 1, 14, 0, 0, 1], [0, 0, 0, 0, 0, 0, 0, 0, 0, 0, 64, 0, 9, 0, 0, 0], [0, 0, 0, 0, 0, 0, 0, 0, 0, 0, 64, 1, 14, 0, 0, 0], [0, 0, 0, 0, 0, 0, 0, 0, 0, 0, 64, 1, 9, 0, 0, 0], [0, 0, 0, 0, 0, 0, 0, 1, 0, 0, 64, 1, 14, 0, 0, 0], [0, 0, 0, 0, 0, 0, 0, 0, 1, 0, 64, 0, 14, 0, 0, 0], [0, 0, 0, 0, 0, 0, 0, 0, 0, 0, 64, 1, 9, 0, 0, 0], [0, 0, 0, 0, 0, 0, 0, 0, 0, 0, 64, 1, 10, 0, 0, 0], [0, 0, 1, 0, 0, 0, 0, 1, 0, 1, 64, 1, 5, 0, 0, 1], [0, 0, 0, 0, 0, 0, 1, 0, 0, 0, 64, 0, 14, 0, 0, 0], [0, 0, 0, 0, 0, 0, 0, 1, 0, 0, 64, 1, 9, 0, 0, 0], [0, 0, 0, 0, 0, 0, 0, 0, 0, 0, 64, 0, 14, 0, 0, 0], [0, 0, 0, 0, 0, 0, 0, 0, 0, 0, 64, 0, 14, 0, 0, 0], [0, 0, 0, 0, 0, 0, 1, 0, 1, 0, 64, 0, 9, 0, 0, 0], [0, 0, 0, 0, 0, 0, 0, 0, 0, 0, 64, 0, 6, 0, 0, 0], [0, 0, 1, 0, 0, 0, 1, 0, 1, 0, 64, 0, 11, 0, 1, 0], [0, 0, 0, 0, 0, 0, 0, 0, 0, 0, 64, 1, 12, 0, 0, 0], [0, 0, 0, 0, 0, 0, 0, 0, 0, 0, 64, 0, 4, 0, 0, 0], [0, 0, 0, 0, 0, 0, 0, 0, 0, 0, 64, 1, 5, 0, 0, 0], [0, 0, 0, 0, 0, 0, 0, 0, 0, 0, 64, 0, 9, 0, 0, 0], [0, 0, 0, 0, 0, 0, 0, 0, 0, 0, 64, 0, 10, 0, 0, 0], [0, 0, 0, 0, 0, 0, 0, 0, 0, 0, 64, 0, 9, 0, 0, 0], [0, 0, 0, 0, 0, 0, 0, 0, 0, 0, 64, 1, 9, 0, 0, 0], [0, 0, 0, 0, 0, 0, 0, 0, 0, 0, 64, 1, 12, 0, 0, 0], [0, 0, 0, 0, 0, 0, 0, 1, 0, 0, 64, 0, 14, 0, 0, 0], [0, 0, 1, 0, 0, 0, 1, 1, 1, 0, 64, 0, 14, 0, 1, 0], [0, 0, 0, 0, 0, 0, 0, 0, 0, 0, 64, 1, 14, 0, 0, 0], [0, 0, 0, 0, 0, 0, 1, 0, 1, 0, 64, 0, 6, 0, 0, 0], [0, 0, 0, 0, 0, 0, 0, 0, 0, 0, 64, 1, 7, 0, 0, 0], [0, 0, 0, 0, 0, 0, 0, 0, 0, 0, 64, 0, 9, 0, 0, 0], [0, 0, 0, 0, 0, 0, 0, 0, 0, 0, 64, 0, 14, 0, 0, 0], [0, 0, 0, 0, 0, 0, 0, 0, 1, 0, 64, 1, 6, 0, 0, 0], [0, 0, 0, 0, 0, 0, 0, 0, 1, 0, 64, 1, 5, 0, 0, 0], [0, 0, 0, 0, 0, 0, 0, 0, 0, 0, 64, 1, 10, 0, 0, 0], [0, 0, 0, 0, 0, 0, 0, 0, 0, 0, 64, 0, 11, 0, 0, 0], [0, 0, 0, 0, 0, 0, 0, 0, 0, 0, 64, 0, 14, 0, 0, 0], [0, 0, 0, 0, 0, 0, 0, 0, 0, 0, 64, 1, 9, 0, 0, 0], [0, 0, 0, 0, 0, 0, 0, 0, 0, 0, 64, 1, 5, 0, 0, 0], [0, 0, 0, 0, 0, 0, 0, 0, 0, 0, 64, 0, 10, 0, 0, 0], [0, 0, 0, 0, 0, 0, 0, 0, 0, 0, 64, 1, 14, 0, 0, 0], [0, 0, 1, 0, 0, 0, 0, 1, 0, 1, 64, 1, 11, 0, 0, 1], [1, 0, 0, 0, 0, 0, 0, 0, 1, 1, 64, 1, 6, 0, 0, 0], [0, 0, 0, 0, 0, 0, 0, 0, 0, 0, 64, 0, 14, 0, 0, 0], [0, 0, 1, 0, 0, 0, 1, 0, 1, 0, 64, 1, 14, 0, 1, 0], [0, 0, 0, 0, 0, 0, 1, 0, 1, 0, 64, 0, 9, 0, 0, 0], [0, 0, 0, 0, 0, 0, 0, 0, 0, 0, 64, 1, 6, 0, 0, 0], [0, 0, 0, 0, 0, 0, 0, 1, 0, 0, 64, 0, 11, 0, 0, 0], [0, 0, 0, 0, 0, 0, 0, 0, 0, 0, 64, 0, 11, 0, 0, 0], [0, 0, 0, 0, 0, 0, 0, 0, 0, 0, 64, 0, 11, 0, 0, 0], [0, 0, 0, 0, 0, 0, 0, 0, 0, 0, 64, 0, 8, 0, 0, 0], [0, 0, 1, 0, 0, 0, 0, 1, 0, 1, 64, 1, 14, 0, 0, 1], [0, 0, 0, 0, 0, 0, 0, 0, 0, 0, 64, 1, 10, 0, 0, 0], [0, 0, 0, 0, 0, 0, 0, 0, 0, 0, 64, 1, 4, 0, 0, 0], [0, 0, 0, 0, 0, 0, 1, 0, 1, 0, 64, 1, 8, 0, 0, 0], [0, 0, 0, 0, 0, 0, 0, 0, 0, 0, 64, 0, 14, 0, 0, 0], [0, 0, 1, 0, 0, 0, 1, 0, 1, 0, 64, 0, 6, 0, 1, 0], [0, 0, 1, 0, 0, 0, 1, 0, 1, 0, 64, 0, 10, 0, 1, 0], [0, 0, 0, 0, 0, 0, 0, 0, 0, 0, 64, 0, 10, 0, 0, 0], [1, 0, 0, 0, 0, 0, 0, 1, 1, 1, 64, 1, 5, 0, 0, 0], [0, 0, 0, 0, 0, 0, 0, 0, 0, 0, 64, 1, 14, 0, 0, 0], [0, 0, 0, 0, 0, 0, 0, 0, 0, 0, 64, 1, 4, 0, 0, 0], [0, 0, 0, 0, 0, 0, 1, 0, 0, 0, 64, 1, 12, 0, 0, 0], [0, 0, 0, 0, 0, 0, 0, 0, 0, 0, 64, 1, 7, 0, 0, 0], [0, 0, 0, 0, 0, 0, 1, 0, 1, 0, 64, 0, 8, 0, 0, 0], [0, 0, 0, 0, 0, 0, 0, 0, 0, 0, 64, 1, 7, 0, 0, 0], [0, 0, 0, 0, 0, 0, 0, 0, 1, 0, 64, 1, 12, 0, 0, 0], [0, 0, 1, 0, 0, 0, 1, 0, 1, 0, 64, 1, 14, 0, 1, 0], [0, 0, 0, 0, 0, 0, 0, 0, 0, 0, 64, 0, 10, 0, 0, 0], [0, 0, 0, 0, 0, 0, 0, 0, 0, 0, 64, 1, 10, 0, 0, 0], [0, 0, 0, 0, 0, 0, 0, 0, 0, 0, 64, 0, 9, 0, 0, 0], [0, 0, 0, 0, 0, 0, 0, 0, 0, 0, 64, 1, 4, 0, 0, 0], [0, 0, 0, 0, 0, 0, 1, 0, 1, 0, 64, 0, 9, 0, 0, 0], [0, 0, 0, 0, 0, 0, 1, 1, 1, 0, 64, 0, 14, 0, 0, 0], [0, 0, 0, 0, 0, 0, 0, 0, 0, 0, 64, 0, 9, 0, 0, 0], [0, 0, 0, 0, 0, 0, 0, 0, 0, 0, 64, 1, 10, 0, 0, 0], [0, 0, 0, 0, 0, 0, 0, 0, 0, 0, 64, 1, 9, 0, 0, 0], [0, 0, 0, 0, 0, 0, 0, 0, 0, 0, 64, 0, 10, 0, 0, 0], [0, 0, 0, 0, 0, 0, 0, 0, 0, 0, 64, 0, 10, 0, 0, 0], [0, 0, 0, 0, 0, 0, 0, 1, 0, 0, 64, 1, 9, 0, 0, 0], [0, 0, 0, 0, 0, 0, 0, 0, 0, 0, 64, 0, 9, 0, 0, 0], [0, 0, 0, 0, 0, 0, 0, 1, 0, 0, 64, 0, 10, 0, 0, 0], [0, 0, 0, 0, 0, 0, 0, 0, 0, 0, 64, 1, 13, 0, 0, 0], [0, 0, 0, 0, 0, 0, 0, 0, 0, 0, 64, 1, 8, 0, 0, 0], [0, 0, 0, 0, 0, 0, 1, 0, 1, 0, 64, 0, 12, 0, 0, 0], [0, 0, 0, 0, 0, 0, 0, 1, 0, 1, 64, 1, 9, 0, 0, 0], [0, 0, 0, 0, 0, 0, 0, 0, 0, 0, 64, 0, 14, 0, 0, 0], [0, 0, 0, 0, 0, 0, 0, 1, 0, 1, 64, 1, 12, 0, 0, 0], [0, 0, 0, 0, 0, 0, 0, 0, 0, 0, 64, 0, 9, 0, 0, 0], [0, 0, 0, 0, 0, 0, 0, 0, 0, 0, 64, 0, 12, 0, 0, 0], [0, 0, 0, 0, 0, 0, 0, 1, 0, 0, 64, 0, 14, 0, 0, 0], [0, 0, 0, 0, 0, 0, 0, 0, 0, 0, 64, 0, 8, 0, 0, 0], [0, 0, 0, 0, 0, 0, 0, 0, 0, 0, 64, 1, 12, 0, 0, 0], [0, 0, 0, 0, 0, 0, 0, 0, 0, 0, 64, 0, 9, 0, 0, 0], [0, 0, 0, 0, 0, 0, 0, 0, 1, 0, 64, 1, 14, 0, 0, 0], [0, 0, 0, 0, 0, 0, 0, 0, 0, 0, 64, 0, 12, 0, 0, 0], [0, 0, 0, 0, 0, 0, 0, 0, 0, 0, 64, 1, 7, 0, 0, 0], [0, 0, 0, 0, 0, 0, 0, 0, 0, 0, 64, 1, 14, 0, 0, 0], [0, 0, 0, 0, 0, 0, 0, 0, 0, 0, 64, 0, 14, 0, 0, 0], [0, 0, 0, 0, 0, 0, 0, 0, 0, 0, 64, 1, 9, 0, 0, 0], [0, 0, 0, 0, 0, 0, 0, 0, 0, 0, 64, 0, 8, 0, 0, 0], [0, 0, 0, 0, 0, 0, 0, 0, 0, 0, 64, 0, 9, 0, 0, 0], [0, 0, 0, 0, 0, 0, 0, 0, 0, 1, 64, 1, 10, 0, 0, 0], [0, 0, 0, 0, 0, 0, 0, 0, 0, 0, 64, 0, 14, 0, 0, 0], [0, 0, 0, 0, 0, 0, 0, 0, 0, 0, 64, 1, 6, 0, 0, 0], [0, 0, 0, 0, 0, 0, 0, 0, 0, 0, 64, 0, 9, 0, 0, 0], [0, 0, 0, 0, 0, 0, 0, 0, 0, 0, 64, 0, 5, 0, 0, 0], [0, 0, 0, 0, 0, 0, 0, 0, 0, 0, 64, 0, 5, 0, 0, 0], [0, 0, 0, 0, 0, 0, 0, 0, 0, 0, 64, 0, 5, 0, 0, 0], [0, 0, 0, 0, 0, 0, 0, 0, 0, 0, 64, 0, 5, 0, 0, 0], [0, 0, 1, 0, 0, 0, 1, 0, 1, 0, 64, 0, 7, 0, 1, 0], [0, 0, 1, 0, 0, 0, 1, 0, 1, 0, 64, 0, 11, 0, 1, 0], [0, 0, 0, 0, 0, 0, 0, 0, 0, 0, 64, 0, 4, 0, 0, 0], [0, 0, 0, 0, 0, 0, 0, 0, 0, 0, 64, 1, 9, 0, 0, 0], [0, 0, 0, 0, 0, 0, 0, 0, 0, 0, 64, 1, 9, 0, 0, 0], [0, 0, 0, 0, 0, 0, 0, 0, 0, 0, 64, 0, 9, 0, 0, 0], [0, 0, 0, 0, 0, 0, 0, 0, 0, 0, 64, 0, 7, 0, 0, 0], [0, 0, 0, 0, 0, 0, 0, 0, 0, 0, 64, 0, 5, 0, 0, 0], [0, 0, 0, 0, 0, 0, 0, 0, 0, 0, 64, 0, 5, 0, 0, 0], [0, 0, 0, 0, 0, 0, 0, 0, 0, 0, 64, 1, 9, 0, 0, 0], [0, 0, 0, 0, 0, 0, 0, 1, 0, 0, 64, 0, 10, 0, 0, 0], [0, 0, 0, 0, 0, 0, 0, 0, 0, 0, 64, 0, 6, 0, 0, 0], [0, 0, 0, 0, 0, 0, 0, 0, 0, 0, 56, 1, 4, 0, 0, 0], [0, 0, 1, 0, 0, 0, 0, 1, 0, 1, 64, 1, 12, 0, 0, 1], [0, 0, 0, 0, 0, 0, 0, 0, 0, 0, 64, 1, 10, 0, 0, 0], [0, 0, 0, 0, 0, 0, 0, 0, 0, 0, 64, 0, 5, 0, 0, 0], [0, 0, 0, 0, 0, 0, 0, 0, 0, 0, 64, 0, 12, 0, 0, 0], [0, 0, 0, 0, 0, 0, 0, 0, 0, 0, 64, 1, 9, 0, 0, 0], [0, 0, 0, 0, 0, 0, 0, 0, 0, 0, 64, 0, 8, 0, 0, 0], [0, 0, 0, 0, 0, 0, 0, 0, 0, 0, 64, 0, 9, 0, 0, 0], [0, 0, 0, 0, 0, 0, 0, 0, 0, 0, 64, 0, 14, 0, 0, 0], [0, 0, 1, 0, 0, 0, 0, 1, 0, 1, 64, 1, 10, 0, 0, 1], [0, 0, 0, 0, 0, 0, 0, 0, 0, 0, 64, 1, 13, 0, 0, 0], [0, 0, 0, 0, 0, 0, 0, 0, 0, 0, 64, 0, 9, 0, 0, 0], [0, 0, 0, 0, 0, 0, 0, 0, 0, 0, 64, 1, 14, 0, 0, 0], [0, 0, 0, 0, 0, 0, 1, 0, 1, 0, 64, 0, 5, 0, 0, 0], [1, 0, 1, 0, 0, 0, 1, 1, 1, 1, 64, 1, 7, 0, 0, 1], [0, 0, 1, 0, 0, 0, 0, 1, 0, 1, 64, 0, 7, 0, 0, 1], [0, 0, 0, 0, 0, 0, 0, 0, 0, 0, 64, 0, 11, 0, 0, 0], [0, 0, 0, 0, 0, 0, 0, 0, 0, 0, 64, 1, 9, 0, 0, 0], [0, 0, 0, 0, 0, 0, 0, 0, 0, 0, 64, 0, 9, 0, 0, 0], [0, 0, 0, 0, 0, 0, 0, 0, 0, 0, 64, 0, 14, 0, 0, 0], [0, 0, 0, 0, 0, 0, 0, 0, 0, 1, 64, 1, 9, 0, 0, 0], [0, 0, 0, 0, 0, 0, 0, 0, 0, 1, 64, 1, 4, 0, 0, 0], [0, 0, 0, 0, 0, 0, 0, 0, 0, 0, 64, 1, 11, 0, 0, 0], [0, 0, 0, 0, 0, 0, 0, 0, 1, 0, 64, 1, 14, 0, 0, 0], [1, 0, 0, 0, 0, 0, 0, 0, 1, 1, 64, 0, 11, 0, 0, 0], [1, 0, 0, 0, 0, 0, 0, 1, 1, 1, 64, 0, 14, 0, 0, 0], [0, 0, 0, 0, 0, 0, 1, 0, 1, 0, 64, 0, 10, 0, 0, 0], [0, 0, 1, 0, 0, 0, 0, 1, 0, 1, 64, 1, 10, 0, 0, 1], [0, 0, 0, 0, 0, 0, 0, 0, 0, 0, 64, 1, 13, 0, 0, 0], [0, 0, 0, 0, 0, 0, 0, 0, 0, 0, 64, 0, 9, 0, 0, 0], [0, 0, 0, 0, 0, 0, 0, 0, 0, 1, 64, 0, 4, 0, 0, 0], [0, 0, 0, 0, 0, 0, 0, 0, 0, 0, 64, 0, 11, 0, 0, 0], [0, 0, 0, 0, 0, 0, 0, 0, 0, 0, 64, 0, 14, 0, 0, 0], [0, 0, 0, 0, 0, 0, 0, 0, 0, 0, 64, 0, 11, 0, 0, 0], [0, 0, 0, 0, 0, 0, 0, 0, 0, 0, 64, 0, 6, 0, 0, 0], [0, 0, 0, 0, 0, 0, 0, 0, 0, 0, 64, 0, 10, 0, 0, 0], [0, 0, 0, 0, 0, 0, 0, 0, 0, 0, 64, 0, 14, 0, 0, 0], [0, 0, 0, 0, 0, 0, 0, 0, 0, 0, 64, 1, 9, 0, 0, 0], [0, 0, 0, 0, 0, 0, 0, 0, 0, 0, 64, 1, 9, 0, 0, 0], [0, 0, 0, 0, 0, 0, 0, 0, 0, 0, 64, 0, 12, 0, 0, 0], [0, 0, 0, 0, 0, 0, 0, 0, 0, 0, 64, 0, 14, 0, 0, 0], [0, 0, 0, 0, 0, 0, 0, 0, 0, 0, 64, 0, 9, 0, 0, 0], [0, 0, 0, 0, 0, 0, 0, 0, 0, 0, 64, 0, 11, 0, 0, 0], [1, 0, 1, 0, 0, 0, 1, 0, 1, 1, 64, 0, 11, 0, 1, 0], [0, 0, 0, 0, 0, 0, 0, 0, 0, 0, 64, 0, 4, 0, 0, 0], [0, 0, 0, 0, 0, 0, 0, 0, 0, 0, 64, 0, 9, 0, 0, 0], [0, 0, 0, 0, 0, 0, 0, 0, 0, 0, 64, 0, 11, 0, 0, 0], [0, 0, 1, 0, 0, 0, 0, 1, 0, 1, 64, 1, 12, 0, 0, 1], [0, 0, 1, 0, 0, 0, 0, 1, 0, 1, 64, 1, 12, 0, 0, 1], [0, 0, 0, 0, 0, 0, 0, 0, 0, 0, 64, 1, 14, 0, 0, 0], [0, 0, 0, 0, 0, 0, 0, 0, 0, 0, 64, 1, 14, 0, 0, 0], [0, 0, 0, 0, 0, 0, 0, 0, 0, 0, 64, 1, 9, 0, 0, 0], [0, 0, 0, 0, 0, 0, 0, 0, 0, 0, 64, 1, 10, 0, 0, 0], [0, 0, 0, 0, 0, 0, 0, 0, 0, 0, 64, 1, 9, 0, 0, 0], [0, 0, 0, 0, 0, 0, 0, 0, 0, 0, 64, 1, 13, 0, 0, 0], [0, 0, 0, 0, 0, 0, 0, 0, 0, 0, 64, 0, 4, 0, 0, 0], [0, 0, 0, 0, 0, 0, 0, 0, 0, 0, 64, 1, 9, 0, 0, 0], [0, 0, 0, 0, 0, 0, 0, 0, 0, 0, 64, 1, 9, 0, 0, 0], [0, 0, 0, 0, 0, 0, 0, 0, 0, 0, 64, 1, 9, 0, 0, 0], [0, 0, 0, 0, 0, 0, 0, 0, 0, 0, 64, 0, 9, 0, 0, 0], [0, 0, 0, 0, 0, 0, 0, 0, 0, 0, 64, 0, 9, 0, 0, 0], [0, 0, 0, 0, 0, 0, 0, 0, 0, 0, 64, 1, 9, 0, 0, 0], [0, 0, 0, 0, 0, 0, 0, 0, 0, 0, 64, 0, 9, 0, 0, 0], [0, 0, 0, 0, 0, 0, 0, 0, 0, 0, 64, 0, 14, 0, 0, 0], [0, 0, 0, 0, 0, 0, 0, 0, 0, 0, 64, 0, 14, 0, 0, 0], [0, 0, 0, 0, 0, 0, 0, 0, 0, 0, 64, 1, 14, 0, 0, 0], [0, 0, 0, 0, 0, 0, 0, 0, 0, 0, 64, 0, 14, 0, 0, 0], [0, 0, 0, 0, 0, 0, 0, 0, 1, 0, 64, 0, 9, 0, 0, 0], [0, 0, 0, 0, 0, 0, 0, 1, 0, 0, 64, 1, 14, 0, 0, 0], [1, 0, 1, 0, 0, 0, 1, 1, 1, 1, 64, 0, 10, 0, 0, 1], [0, 0, 0, 0, 0, 0, 0, 0, 0, 0, 64, 0, 14, 0, 0, 0], [0, 0, 0, 0, 0, 0, 0, 0, 0, 0, 64, 0, 9, 0, 0, 0], [0, 0, 0, 0, 0, 0, 0, 0, 0, 0, 64, 0, 7, 0, 0, 0], [0, 0, 0, 0, 0, 0, 0, 0, 0, 0, 64, 1, 10, 0, 0, 0], [0, 0, 0, 0, 0, 0, 0, 0, 0, 1, 64, 0, 9, 0, 0, 0], [0, 0, 0, 0, 0, 0, 1, 0, 0, 0, 64, 0, 9, 0, 0, 0], [0, 0, 0, 0, 0, 0, 0, 0, 0, 0, 64, 1, 10, 0, 0, 0], [0, 0, 0, 0, 0, 0, 0, 0, 0, 0, 64, 0, 10, 0, 0, 0], [0, 0, 0, 0, 0, 0, 0, 0, 0, 0, 64, 1, 14, 0, 0, 0], [0, 0, 0, 0, 0, 0, 0, 0, 0, 0, 64, 0, 14, 0, 0, 0], [0, 0, 0, 0, 0, 0, 0, 0, 0, 0, 64, 0, 10, 0, 0, 0], [0, 0, 0, 0, 0, 0, 0, 0, 0, 0, 64, 0, 14, 0, 0, 0], [0, 0, 0, 0, 0, 0, 0, 0, 0, 0, 64, 1, 9, 0, 0, 0], [0, 0, 0, 0, 0, 0, 0, 0, 0, 0, 64, 0, 14, 0, 0, 0], [0, 0, 0, 0, 0, 0, 0, 0, 0, 0, 64, 1, 12, 0, 0, 0], [0, 0, 0, 0, 0, 0, 0, 0, 0, 0, 64, 1, 14, 0, 0, 0], [0, 0, 0, 0, 0, 0, 0, 0, 0, 0, 64, 1, 9, 0, 0, 0], [0, 0, 0, 0, 0, 0, 0, 0, 0, 0, 64, 0, 10, 0, 0, 0], [0, 0, 0, 0, 0, 0, 0, 0, 0, 0, 64, 0, 14, 0, 0, 0], [0, 0, 0, 0, 0, 0, 0, 0, 0, 0, 64, 0, 14, 0, 0, 0], [0, 0, 0, 0, 0, 0, 0, 0, 0, 0, 64, 1, 14, 0, 0, 0], [0, 0, 0, 0, 0, 0, 0, 1, 0, 1, 64, 0, 11, 0, 0, 0], [0, 0, 0, 0, 0, 0, 0, 0, 0, 0, 64, 1, 12, 0, 0, 0], [0, 0, 1, 0, 0, 0, 0, 1, 0, 1, 64, 1, 6, 0, 0, 1], [0, 0, 0, 0, 0, 0, 0, 0, 0, 0, 64, 0, 14, 0, 0, 0], [0, 0, 0, 0, 0, 0, 0, 0, 0, 0, 64, 0, 14, 0, 0, 0], [0, 0, 0, 0, 0, 0, 0, 0, 0, 0, 64, 1, 9, 0, 0, 0], [0, 0, 0, 0, 0, 0, 1, 0, 0, 0, 64, 1, 14, 0, 0, 0], [0, 0, 0, 0, 0, 0, 0, 0, 1, 0, 64, 0, 11, 0, 0, 0], [0, 0, 0, 0, 0, 0, 0, 0, 0, 0, 64, 0, 14, 0, 0, 0], [0, 0, 0, 0, 0, 0, 0, 0, 0, 0, 64, 0, 14, 0, 0, 0], [0, 0, 0, 0, 0, 0, 0, 0, 0, 0, 64, 1, 9, 0, 0, 0], [0, 0, 0, 0, 0, 0, 0, 0, 0, 1, 64, 1, 5, 0, 0, 0], [0, 0, 0, 0, 0, 0, 0, 0, 0, 0, 64, 1, 6, 0, 0, 0], [0, 0, 0, 0, 0, 0, 0, 0, 0, 0, 64, 1, 5, 0, 0, 0], [0, 0, 0, 0, 0, 0, 0, 0, 0, 0, 64, 1, 5, 0, 0, 0], [0, 0, 1, 0, 0, 0, 0, 1, 0, 1, 64, 1, 5, 0, 0, 1], [0, 0, 0, 0, 0, 0, 0, 1, 0, 1, 64, 1, 10, 0, 0, 0], [0, 0, 0, 0, 0, 0, 0, 0, 0, 0, 64, 1, 9, 0, 0, 0], [0, 0, 0, 0, 0, 0, 0, 0, 0, 0, 64, 0, 9, 0, 0, 0], [0, 0, 0, 0, 0, 0, 0, 0, 0, 0, 64, 1, 10, 0, 0, 0], [0, 0, 0, 0, 0, 0, 0, 0, 0, 0, 64, 0, 9, 0, 0, 0], [0, 0, 0, 0, 0, 0, 0, 0, 0, 0, 64, 0, 8, 0, 0, 0], [0, 0, 0, 0, 0, 0, 0, 0, 0, 0, 64, 0, 9, 0, 0, 0], [0, 0, 0, 0, 0, 0, 0, 0, 0, 0, 64, 1, 13, 0, 0, 0], [0, 0, 0, 0, 0, 0, 1, 0, 0, 0, 64, 0, 10, 0, 0, 0], [0, 0, 0, 0, 0, 0, 0, 1, 0, 1, 64, 1, 6, 0, 0, 0], [0, 0, 0, 0, 0, 0, 0, 0, 0, 0, 64, 1, 9, 0, 0, 0], [0, 0, 0, 0, 0, 0, 0, 0, 0, 0, 64, 0, 8, 0, 0, 0], [0, 0, 0, 0, 0, 0, 0, 0, 0, 0, 64, 0, 10, 0, 0, 0], [0, 0, 0, 0, 0, 0, 0, 0, 0, 0, 64, 1, 9, 0, 0, 0], [0, 0, 0, 0, 0, 0, 1, 0, 0, 0, 64, 0, 14, 0, 0, 0], [0, 0, 0, 0, 0, 0, 0, 0, 0, 0, 64, 0, 14, 0, 0, 0], [0, 0, 0, 0, 0, 0, 0, 0, 0, 0, 64, 1, 10, 0, 0, 0], [0, 0, 0, 0, 0, 0, 0, 0, 0, 0, 64, 1, 14, 0, 0, 0], [0, 0, 0, 0, 0, 0, 0, 0, 0, 0, 64, 1, 9, 0, 0, 0], [0, 0, 1, 0, 0, 0, 0, 1, 0, 1, 64, 1, 14, 0, 0, 1], [0, 0, 0, 0, 0, 0, 1, 0, 1, 0, 64, 0, 9, 0, 0, 0], [0, 0, 0, 0, 1, 1, 1, 0, 1, 0, 64, 0, 9, 0, 0, 0], [0, 0, 0, 0, 0, 0, 1, 0, 1, 0, 64, 0, 9, 0, 0, 0], [0, 0, 0, 0, 0, 0, 0, 0, 0, 0, 64, 0, 6, 0, 0, 0], [0, 0, 0, 0, 0, 0, 0, 0, 0, 0, 64, 0, 11, 0, 0, 0], [0, 0, 0, 0, 0, 0, 0, 0, 0, 0, 64, 0, 14, 0, 0, 0], [0, 0, 0, 0, 0, 0, 0, 0, 0, 0, 64, 1, 9, 0, 0, 0], [0, 0, 0, 0, 0, 0, 0, 1, 0, 1, 64, 0, 9, 0, 0, 0], [0, 0, 1, 0, 0, 0, 1, 0, 1, 0, 64, 0, 14, 0, 1, 0], [0, 0, 0, 0, 0, 0, 0, 0, 0, 0, 64, 0, 4, 0, 0, 0], [0, 0, 0, 0, 0, 0, 1, 0, 1, 0, 64, 0, 12, 0, 0, 0], [0, 0, 0, 0, 0, 0, 0, 0, 0, 0, 64, 0, 4, 0, 0, 0], [0, 0, 0, 0, 0, 0, 0, 0, 0, 0, 64, 1, 12, 0, 0, 0], [0, 0, 0, 0, 0, 0, 0, 0, 0, 0, 64, 1, 14, 0, 0, 0], [1, 0, 0, 0, 0, 0, 0, 0, 1, 1, 64, 0, 9, 0, 0, 0], [0, 0, 0, 0, 0, 0, 0, 0, 0, 1, 64, 0, 9, 0, 0, 0], [0, 0, 1, 0, 0, 0, 0, 1, 0, 1, 64, 1, 14, 0, 0, 1], [0, 0, 0, 0, 0, 0, 1, 0, 1, 0, 64, 0, 14, 0, 0, 0], [0, 0, 0, 0, 0, 0, 0, 0, 0, 0, 64, 0, 9, 0, 0, 0], [0, 0, 0, 0, 0, 0, 0, 0, 0, 0, 64, 1, 9, 0, 0, 0], [0, 0, 1, 0, 0, 0, 0, 1, 0, 1, 64, 1, 13, 0, 0, 1], [0, 0, 0, 0, 0, 0, 0, 0, 0, 0, 64, 1, 12, 0, 0, 0], [0, 0, 0, 0, 0, 0, 1, 0, 1, 0, 64, 0, 12, 0, 0, 0], [0, 0, 0, 0, 0, 0, 0, 0, 0, 0, 64, 0, 9, 0, 0, 0], [0, 0, 0, 0, 0, 0, 0, 0, 0, 1, 64, 1, 4, 0, 0, 0], [0, 0, 0, 0, 0, 0, 0, 0, 0, 1, 64, 0, 5, 0, 0, 0], [0, 0, 0, 0, 0, 0, 0, 0, 0, 0, 64, 0, 14, 0, 0, 0], [0, 0, 0, 0, 0, 0, 0, 0, 0, 0, 64, 1, 5, 0, 0, 0], [0, 0, 0, 0, 0, 0, 0, 0, 0, 0, 64, 0, 14, 0, 0, 0], [0, 0, 0, 0, 0, 0, 0, 0, 0, 0, 64, 1, 10, 0, 0, 0], [0, 0, 0, 0, 0, 0, 0, 0, 0, 0, 64, 0, 10, 0, 0, 0], [0, 0, 0, 0, 0, 0, 0, 0, 1, 0, 64, 1, 7, 0, 0, 0], [0, 0, 0, 0, 0, 0, 0, 0, 0, 0, 64, 0, 14, 0, 0, 0], [0, 0, 0, 0, 0, 0, 0, 0, 0, 0, 64, 0, 12, 0, 0, 0], [0, 0, 0, 0, 0, 0, 0, 1, 0, 1, 64, 1, 5, 0, 0, 0], [0, 0, 0, 0, 0, 0, 0, 0, 0, 1, 64, 0, 5, 0, 0, 0], [0, 0, 0, 0, 0, 0, 0, 0, 0, 0, 64, 0, 4, 0, 0, 0], [0, 0, 0, 0, 0, 0, 0, 0, 0, 0, 64, 0, 4, 0, 0, 0], [0, 0, 0, 0, 0, 0, 0, 0, 0, 0, 64, 0, 13, 0, 0, 0], [0, 0, 0, 0, 0, 0, 0, 0, 0, 0, 64, 1, 9, 0, 0, 0], [0, 0, 0, 0, 0, 0, 0, 0, 0, 0, 64, 0, 12, 0, 0, 0], [0, 0, 0, 0, 0, 0, 0, 0, 0, 0, 64, 1, 9, 0, 0, 0], [0, 0, 0, 0, 0, 0, 0, 0, 0, 0, 64, 0, 14, 0, 0, 0], [0, 0, 0, 0, 0, 0, 0, 0, 0, 0, 64, 0, 9, 0, 0, 0], [0, 0, 0, 0, 0, 0, 0, 0, 0, 0, 64, 1, 6, 0, 0, 0], [1, 0, 0, 0, 0, 0, 1, 1, 1, 1, 64, 1, 10, 0, 0, 0], [0, 0, 0, 0, 0, 0, 0, 0, 0, 0, 64, 1, 12, 0, 0, 0], [0, 0, 0, 0, 0, 0, 0, 0, 0, 0, 64, 1, 12, 0, 0, 0], [0, 0, 0, 0, 1, 0, 0, 1, 0, 0, 64, 1, 12, 0, 0, 0], [0, 0, 0, 0, 0, 0, 0, 0, 1, 0, 64, 1, 5, 0, 0, 0], [0, 0, 0, 0, 0, 0, 0, 0, 0, 0, 64, 0, 6, 0, 0, 0], [0, 0, 0, 0, 0, 0, 0, 0, 0, 0, 64, 0, 11, 0, 0, 0], [0, 0, 1, 0, 0, 0, 0, 1, 0, 1, 64, 0, 8, 0, 0, 1], [0, 0, 1, 0, 0, 0, 0, 1, 0, 1, 64, 1, 12, 0, 0, 1], [0, 0, 0, 0, 0, 0, 0, 0, 0, 0, 64, 0, 10, 0, 0, 0], [0, 0, 0, 0, 0, 0, 0, 0, 0, 0, 64, 0, 9, 0, 0, 0], [0, 0, 0, 0, 0, 0, 0, 0, 0, 0, 64, 1, 9, 0, 0, 0], [0, 0, 0, 0, 0, 0, 0, 0, 0, 0, 64, 1, 14, 0, 0, 0], [0, 0, 1, 0, 1, 1, 0, 1, 0, 1, 64, 0, 9, 0, 0, 1], [0, 0, 0, 0, 0, 0, 0, 0, 0, 0, 64, 0, 9, 0, 0, 0], [0, 0, 0, 0, 0, 0, 0, 0, 0, 0, 64, 1, 9, 0, 0, 0], [0, 0, 0, 0, 0, 0, 0, 0, 0, 0, 64, 0, 4, 0, 0, 0], [0, 0, 0, 0, 0, 0, 0, 0, 0, 0, 64, 0, 6, 0, 0, 0], [0, 0, 0, 0, 0, 0, 0, 0, 0, 0, 64, 1, 12, 0, 0, 0], [0, 0, 0, 0, 0, 0, 0, 0, 0, 0, 64, 0, 9, 0, 0, 0], [0, 0, 0, 0, 0, 0, 0, 0, 0, 0, 64, 0, 9, 0, 0, 0], [0, 0, 0, 0, 0, 0, 0, 0, 0, 0, 64, 1, 14, 0, 0, 0], [0, 0, 0, 0, 0, 0, 0, 0, 0, 0, 64, 0, 7, 0, 0, 0], [0, 0, 0, 0, 0, 0, 0, 1, 0, 0, 64, 0, 12, 0, 0, 0], [0, 0, 0, 0, 0, 0, 0, 0, 0, 0, 64, 0, 7, 0, 0, 0], [0, 0, 0, 0, 0, 0, 0, 0, 0, 0, 64, 0, 12, 0, 0, 0], [0, 0, 0, 0, 1, 0, 0, 0, 1, 0, 64, 0, 14, 0, 0, 0], [0, 0, 1, 0, 0, 0, 0, 1, 0, 1, 64, 1, 9, 0, 0, 1], [0, 0, 0, 0, 0, 0, 0, 0, 0, 0, 64, 0, 9, 0, 0, 0], [0, 0, 0, 0, 0, 0, 0, 0, 0, 0, 64, 0, 14, 0, 0, 0], [0, 0, 0, 0, 0, 0, 0, 0, 0, 0, 64, 1, 14, 0, 0, 0], [0, 0, 0, 0, 0, 0, 0, 0, 0, 0, 64, 1, 9, 0, 0, 0], [0, 0, 0, 0, 0, 0, 0, 0, 0, 0, 64, 1, 9, 0, 0, 0], [0, 0, 0, 0, 0, 0, 0, 0, 0, 0, 64, 0, 4, 0, 0, 0], [0, 0, 0, 0, 0, 0, 0, 0, 0, 0, 64, 0, 9, 0, 0, 0], [0, 0, 0, 0, 0, 0, 0, 0, 0, 0, 64, 0, 6, 0, 0, 0], [0, 0, 0, 0, 0, 0, 0, 0, 0, 0, 64, 0, 9, 0, 0, 0], [0, 0, 0, 0, 0, 0, 0, 0, 0, 0, 64, 0, 14, 0, 0, 0], [0, 0, 0, 0, 0, 0, 0, 0, 0, 0, 64, 0, 5, 0, 0, 0], [0, 0, 0, 0, 0, 0, 0, 0, 0, 0, 64, 0, 10, 0, 0, 0], [0, 0, 0, 0, 0, 0, 0, 0, 0, 0, 64, 0, 8, 0, 0, 0], [0, 0, 1, 0, 0, 0, 1, 0, 1, 0, 64, 0, 11, 0, 1, 0], [0, 0, 0, 0, 0, 0, 0, 0, 0, 0, 64, 0, 10, 0, 0, 0], [0, 0, 0, 0, 0, 0, 0, 0, 0, 0, 64, 1, 4, 0, 0, 0], [0, 0, 1, 0, 0, 0, 0, 1, 0, 1, 64, 1, 9, 0, 0, 1], [0, 0, 0, 0, 0, 0, 0, 0, 0, 0, 64, 1, 9, 0, 0, 0], [0, 0, 1, 0, 0, 0, 1, 0, 1, 0, 64, 0, 9, 0, 1, 0], [0, 0, 1, 0, 0, 0, 0, 1, 0, 1, 64, 1, 10, 0, 0, 1], [0, 0, 0, 0, 0, 0, 1, 0, 0, 0, 64, 0, 9, 0, 0, 0], [0, 0, 0, 0, 0, 0, 0, 0, 0, 0, 64, 0, 5, 0, 0, 0], [0, 0, 0, 0, 0, 0, 0, 0, 0, 0, 64, 1, 9, 0, 0, 0], [0, 0, 0, 0, 0, 0, 0, 0, 0, 0, 64, 0, 9, 0, 0, 0], [0, 0, 0, 0, 0, 0, 0, 0, 0, 0, 64, 1, 6, 0, 0, 0], [0, 0, 0, 0, 0, 0, 0, 0, 0, 0, 64, 0, 11, 0, 0, 0], [0, 0, 0, 0, 0, 0, 0, 1, 0, 0, 64, 1, 9, 0, 0, 0], [0, 0, 0, 0, 0, 0, 0, 0, 0, 0, 64, 1, 11, 0, 0, 0], [0, 0, 0, 0, 0, 0, 1, 0, 0, 0, 64, 1, 13, 0, 0, 0], [0, 0, 0, 0, 0, 0, 1, 0, 1, 0, 64, 0, 5, 0, 0, 0], [0, 0, 0, 0, 0, 0, 0, 0, 0, 0, 64, 0, 14, 0, 0, 0], [0, 0, 0, 0, 0, 0, 1, 0, 0, 0, 64, 0, 14, 0, 0, 0], [0, 0, 0, 0, 0, 0, 0, 0, 0, 0, 64, 0, 9, 0, 0, 0], [0, 0, 0, 0, 0, 0, 0, 0, 0, 0, 64, 0, 14, 0, 0, 0], [0, 0, 0, 0, 0, 0, 0, 0, 0, 0, 64, 1, 9, 0, 0, 0], [0, 0, 0, 0, 0, 0, 0, 1, 0, 1, 64, 1, 6, 0, 0, 0], [0, 0, 0, 0, 0, 0, 0, 0, 1, 0, 64, 0, 8, 0, 0, 0], [0, 0, 0, 0, 0, 0, 0, 0, 0, 0, 64, 0, 8, 0, 0, 0], [0, 0, 1, 0, 0, 0, 1, 0, 1, 0, 40, 0, 10, 0, 1, 0], [0, 0, 1, 0, 0, 0, 1, 0, 1, 0, 40, 0, 10, 0, 1, 0], [0, 0, 0, 0, 0, 0, 0, 0, 0, 0, 64, 1, 5, 0, 0, 0], [0, 0, 0, 0, 0, 0, 0, 0, 0, 0, 64, 0, 5, 0, 0, 0], [0, 0, 0, 0, 0, 0, 0, 0, 0, 0, 64, 1, 7, 0, 0, 0], [1, 0, 1, 0, 0, 0, 1, 1, 1, 1, 64, 1, 8, 0, 0, 1], [0, 0, 0, 0, 0, 0, 0, 0, 0, 0, 64, 1, 7, 0, 0, 0], [0, 0, 0, 0, 0, 0, 0, 0, 0, 0, 64, 1, 9, 0, 0, 0], [0, 0, 0, 0, 0, 0, 1, 0, 1, 0, 64, 1, 12, 0, 0, 0], [0, 0, 0, 0, 0, 0, 1, 0, 1, 0, 64, 0, 9, 0, 0, 0], [0, 0, 0, 0, 0, 0, 0, 0, 0, 0, 64, 0, 10, 0, 0, 0], [0, 0, 0, 0, 0, 0, 0, 0, 0, 0, 64, 1, 9, 0, 0, 0], [0, 0, 0, 0, 0, 0, 0, 0, 0, 0, 64, 1, 9, 0, 0, 0], [0, 0, 0, 0, 0, 0, 0, 0, 0, 0, 64, 0, 4, 0, 0, 0], [0, 0, 0, 0, 0, 0, 0, 0, 0, 0, 64, 0, 14, 0, 0, 0], [0, 0, 0, 0, 0, 0, 0, 0, 0, 0, 64, 0, 11, 0, 0, 0], [0, 0, 0, 0, 0, 0, 0, 0, 0, 0, 64, 0, 14, 0, 0, 0], [0, 0, 0, 0, 0, 0, 0, 0, 0, 0, 64, 0, 9, 0, 0, 0], [0, 0, 0, 0, 0, 0, 0, 0, 0, 0, 64, 1, 6, 0, 0, 0], [0, 0, 1, 0, 0, 0, 1, 0, 1, 0, 64, 0, 7, 0, 1, 0], [0, 0, 0, 0, 0, 0, 0, 0, 0, 0, 64, 0, 14, 0, 0, 0], [0, 0, 0, 0, 0, 0, 0, 0, 0, 0, 64, 0, 6, 0, 0, 0], [0, 0, 0, 0, 0, 0, 0, 0, 0, 0, 64, 0, 12, 0, 0, 0], [0, 0, 0, 0, 0, 0, 0, 0, 0, 0, 64, 0, 12, 0, 0, 0], [0, 0, 0, 0, 0, 0, 0, 0, 0, 0, 64, 1, 9, 0, 0, 0], [0, 0, 0, 0, 0, 0, 0, 0, 0, 0, 64, 0, 9, 0, 0, 0], [0, 0, 0, 0, 0, 0, 0, 0, 0, 0, 64, 0, 14, 0, 0, 0], [0, 0, 0, 0, 0, 0, 0, 0, 0, 0, 64, 0, 9, 0, 0, 0], [0, 0, 0, 0, 0, 0, 0, 0, 0, 0, 64, 0, 14, 0, 0, 0], [0, 0, 0, 0, 0, 0, 0, 0, 0, 0, 64, 1, 11, 0, 0, 0], [0, 0, 0, 0, 0, 0, 0, 0, 0, 0, 64, 0, 9, 0, 0, 0], [0, 0, 0, 0, 0, 0, 0, 0, 0, 0, 64, 0, 9, 0, 0, 0], [0, 0, 0, 0, 0, 0, 0, 0, 0, 0, 40, 0, 6, 0, 0, 0], [0, 0, 0, 0, 0, 0, 0, 0, 0, 0, 40, 0, 8, 0, 0, 0], [0, 0, 0, 0, 0, 0, 0, 0, 0, 0, 56, 0, 4, 0, 0, 0], [0, 0, 0, 0, 0, 0, 0, 0, 0, 0, 56, 1, 9, 0, 0, 0], [0, 0, 1, 0, 0, 0, 0, 1, 0, 1, 64, 1, 14, 0, 0, 1], [0, 0, 0, 0, 0, 0, 0, 0, 0, 0, 64, 1, 9, 0, 0, 0], [0, 0, 0, 0, 0, 0, 0, 0, 0, 0, 64, 0, 5, 0, 0, 0], [0, 0, 0, 0, 0, 0, 0, 0, 0, 0, 64, 0, 14, 0, 0, 0], [0, 0, 1, 0, 0, 0, 1, 0, 1, 0, 64, 0, 9, 0, 1, 0], [0, 0, 1, 0, 0, 0, 0, 1, 0, 1, 64, 1, 9, 0, 0, 1], [0, 0, 0, 0, 0, 0, 0, 0, 0, 0, 64, 1, 10, 0, 0, 0], [0, 0, 0, 0, 0, 0, 0, 0, 0, 0, 64, 0, 13, 0, 0, 0], [0, 0, 1, 0, 0, 0, 1, 0, 1, 0, 64, 1, 12, 0, 1, 0], [0, 0, 0, 0, 0, 0, 0, 0, 0, 0, 64, 0, 11, 0, 0, 0], [0, 0, 0, 0, 0, 0, 0, 0, 0, 0, 64, 1, 8, 0, 0, 0], [0, 0, 0, 0, 0, 0, 0, 0, 0, 0, 64, 0, 4, 0, 0, 0], [0, 0, 0, 0, 0, 0, 1, 1, 0, 0, 64, 1, 14, 0, 0, 0], [0, 0, 0, 0, 0, 0, 1, 0, 0, 0, 64, 0, 10, 0, 0, 0], [0, 0, 0, 0, 0, 0, 0, 0, 0, 0, 64, 0, 12, 0, 0, 0], [0, 0, 0, 0, 0, 0, 0, 1, 0, 0, 64, 1, 14, 0, 0, 0], [0, 0, 0, 0, 0, 0, 1, 0, 0, 0, 64, 0, 13, 0, 0, 0], [0, 0, 0, 0, 0, 0, 0, 0, 0, 0, 64, 1, 8, 0, 0, 0], [0, 0, 0, 0, 0, 0, 1, 0, 0, 0, 64, 1, 10, 0, 0, 0], [0, 0, 0, 0, 0, 0, 1, 0, 0, 0, 64, 1, 10, 0, 0, 0], [0, 0, 0, 0, 0, 0, 0, 0, 0, 0, 64, 0, 12, 0, 0, 0], [0, 0, 0, 0, 0, 0, 0, 0, 1, 0, 64, 1, 9, 0, 0, 0], [0, 0, 0, 0, 0, 0, 1, 0, 1, 0, 56, 0, 10, 0, 0, 0], [0, 0, 1, 0, 0, 0, 1, 0, 1, 0, 64, 0, 12, 0, 1, 0], [0, 0, 0, 0, 0, 0, 0, 0, 0, 0, 64, 1, 9, 0, 0, 0], [0, 0, 0, 0, 0, 0, 0, 0, 0, 0, 64, 0, 4, 0, 0, 0], [0, 0, 0, 0, 0, 0, 0, 0, 0, 0, 64, 0, 5, 0, 0, 0], [0, 0, 0, 0, 0, 0, 0, 0, 0, 0, 64, 0, 6, 0, 0, 0], [0, 0, 0, 0, 0, 0, 0, 0, 1, 0, 64, 1, 8, 0, 0, 0], [0, 0, 0, 0, 0, 0, 0, 0, 0, 0, 64, 0, 12, 0, 0, 0], [0, 0, 0, 0, 0, 0, 0, 0, 0, 0, 64, 0, 9, 0, 0, 0], [0, 0, 0, 0, 0, 0, 0, 0, 0, 0, 64, 0, 9, 0, 0, 0], [0, 0, 0, 0, 0, 0, 0, 0, 0, 0, 64, 0, 10, 0, 0, 0], [0, 0, 0, 0, 0, 0, 0, 0, 0, 0, 64, 0, 10, 0, 0, 0], [0, 0, 0, 0, 0, 0, 0, 0, 0, 0, 64, 0, 5, 0, 0, 0], [0, 0, 0, 0, 0, 0, 0, 0, 0, 0, 64, 0, 9, 0, 0, 0], [0, 0, 1, 0, 0, 0, 0, 1, 0, 1, 64, 1, 8, 0, 0, 1], [0, 0, 1, 0, 0, 0, 0, 1, 0, 1, 64, 1, 7, 0, 0, 1], [0, 0, 0, 0, 0, 0, 0, 0, 0, 0, 64, 1, 9, 0, 0, 0], [0, 0, 0, 0, 0, 0, 0, 1, 0, 1, 64, 0, 14, 0, 0, 0], [0, 0, 0, 0, 0, 0, 0, 0, 0, 0, 64, 0, 10, 0, 0, 0], [0, 0, 0, 0, 0, 0, 0, 0, 0, 0, 64, 0, 5, 0, 0, 0], [0, 0, 0, 0, 0, 0, 0, 0, 0, 0, 64, 0, 10, 0, 0, 0], [0, 0, 1, 0, 0, 0, 0, 1, 0, 1, 64, 0, 6, 0, 0, 1], [0, 0, 0, 0, 0, 0, 0, 0, 0, 0, 64, 1, 10, 0, 0, 0], [0, 0, 0, 0, 0, 0, 0, 0, 0, 0, 64, 1, 11, 0, 0, 0], [0, 0, 0, 0, 0, 0, 0, 0, 0, 0, 64, 0, 10, 0, 0, 0], [0, 0, 0, 0, 0, 0, 0, 0, 0, 0, 64, 0, 10, 0, 0, 0], [0, 0, 0, 0, 0, 0, 0, 0, 0, 0, 64, 1, 11, 0, 0, 0], [0, 0, 0, 0, 0, 0, 0, 1, 0, 1, 64, 1, 11, 0, 0, 0], [0, 0, 0, 0, 0, 0, 0, 0, 0, 0, 64, 0, 4, 0, 0, 0], [0, 0, 0, 0, 0, 0, 1, 0, 1, 0, 64, 1, 11, 0, 0, 0], [0, 0, 0, 0, 0, 0, 0, 0, 0, 0, 64, 1, 9, 0, 0, 0], [0, 0, 0, 0, 0, 0, 1, 1, 1, 0, 56, 0, 10, 0, 0, 0], [0, 0, 0, 0, 0, 0, 0, 0, 0, 0, 64, 1, 9, 0, 0, 0], [0, 0, 0, 0, 0, 0, 0, 0, 0, 0, 64, 0, 4, 0, 0, 0], [0, 0, 0, 0, 0, 0, 0, 0, 0, 0, 64, 1, 9, 0, 0, 0], [0, 0, 0, 0, 0, 0, 0, 0, 0, 0, 64, 0, 11, 0, 0, 0], [0, 0, 0, 0, 0, 0, 0, 0, 0, 0, 64, 0, 10, 0, 0, 0], [0, 0, 0, 0, 0, 0, 0, 0, 0, 0, 64, 1, 14, 0, 0, 0], [0, 0, 0, 0, 0, 0, 0, 0, 0, 0, 64, 0, 5, 0, 0, 0], [0, 0, 0, 0, 0, 0, 0, 0, 0, 0, 64, 1, 14, 0, 0, 0], [0, 0, 0, 0, 0, 0, 1, 0, 0, 0, 64, 1, 11, 0, 0, 0], [0, 0, 0, 0, 0, 0, 1, 0, 1, 0, 64, 0, 8, 0, 0, 0], [0, 0, 0, 0, 0, 0, 0, 0, 0, 0, 64, 0, 7, 0, 0, 0], [0, 0, 0, 0, 0, 0, 0, 0, 0, 0, 64, 0, 11, 0, 0, 0], [0, 0, 0, 0, 0, 0, 0, 0, 0, 0, 64, 1, 8, 0, 0, 0], [0, 0, 0, 0, 0, 0, 0, 0, 0, 0, 64, 0, 9, 0, 0, 0], [0, 0, 0, 0, 0, 0, 0, 0, 1, 0, 56, 0, 10, 0, 0, 0], [0, 0, 0, 0, 0, 0, 1, 0, 0, 0, 64, 0, 9, 0, 0, 0], [0, 0, 0, 0, 0, 0, 0, 0, 0, 0, 64, 1, 9, 0, 0, 0], [0, 0, 0, 0, 0, 0, 0, 0, 0, 0, 64, 1, 9, 0, 0, 0], [0, 0, 0, 0, 0, 0, 0, 0, 0, 0, 64, 1, 10, 0, 0, 0], [0, 0, 0, 0, 0, 0, 0, 0, 0, 0, 64, 1, 9, 0, 0, 0], [0, 0, 0, 0, 0, 0, 0, 0, 0, 0, 64, 0, 10, 0, 0, 0], [0, 0, 0, 0, 0, 0, 0, 0, 0, 0, 64, 0, 9, 0, 0, 0], [0, 0, 0, 0, 0, 0, 0, 0, 0, 1, 64, 1, 6, 0, 0, 0], [0, 0, 0, 0, 0, 0, 0, 0, 0, 1, 64, 0, 10, 0, 0, 0], [0, 0, 0, 0, 0, 0, 0, 0, 0, 0, 64, 1, 8, 0, 0, 0], [0, 0, 1, 0, 0, 0, 1, 0, 1, 0, 64, 0, 13, 0, 1, 0], [0, 0, 0, 0, 0, 0, 0, 0, 0, 1, 64, 1, 4, 0, 0, 0], [0, 0, 0, 0, 0, 0, 0, 0, 0, 0, 64, 1, 5, 0, 0, 0], [0, 0, 0, 0, 0, 0, 0, 0, 0, 1, 64, 1, 10, 0, 0, 0], [0, 0, 0, 0, 0, 0, 0, 0, 0, 1, 64, 1, 14, 0, 0, 0], [0, 0, 0, 0, 0, 0, 0, 1, 0, 0, 64, 0, 13, 0, 0, 0], [0, 0, 0, 0, 0, 0, 0, 0, 1, 0, 64, 0, 5, 0, 0, 0], [0, 0, 0, 0, 0, 0, 0, 0, 0, 0, 64, 0, 9, 0, 0, 0], [0, 0, 0, 0, 0, 0, 0, 0, 0, 0, 64, 1, 9, 0, 0, 0], [0, 0, 0, 0, 0, 0, 0, 0, 0, 0, 64, 0, 9, 0, 0, 0], [0, 0, 0, 0, 0, 0, 0, 0, 1, 0, 64, 0, 9, 0, 0, 0], [0, 0, 0, 0, 0, 0, 0, 1, 0, 0, 64, 1, 10, 0, 0, 0], [0, 0, 0, 0, 0, 0, 1, 0, 0, 0, 64, 0, 14, 0, 0, 0], [0, 0, 0, 0, 0, 0, 0, 0, 0, 0, 64, 0, 9, 0, 0, 0], [1, 0, 0, 0, 0, 0, 1, 1, 1, 1, 48, 1, 13, 0, 0, 0], [0, 0, 0, 0, 0, 0, 0, 1, 0, 1, 64, 0, 14, 0, 0, 1], [0, 0, 0, 0, 0, 0, 0, 0, 0, 0, 64, 1, 9, 0, 0, 0], [0, 0, 0, 0, 0, 0, 0, 0, 0, 0, 64, 1, 9, 0, 0, 0], [0, 0, 0, 0, 0, 0, 0, 0, 0, 0, 64, 0, 9, 0, 0, 0], [0, 0, 0, 0, 0, 0, 0, 0, 0, 0, 64, 0, 9, 0, 0, 0], [0, 0, 0, 0, 0, 0, 0, 0, 0, 0, 64, 1, 10, 0, 0, 0], [0, 0, 1, 0, 1, 1, 1, 0, 1, 0, 64, 0, 9, 0, 1, 0], [0, 0, 1, 0, 1, 1, 0, 1, 0, 1, 64, 1, 10, 0, 0, 1], [0, 0, 0, 0, 0, 0, 0, 0, 0, 0, 64, 0, 11, 0, 0, 0], [0, 0, 0, 0, 0, 0, 0, 0, 0, 0, 64, 1, 10, 0, 0, 0], [0, 0, 1, 0, 0, 0, 1, 0, 1, 0, 64, 0, 14, 0, 1, 0], [0, 0, 1, 0, 0, 0, 1, 0, 1, 0, 64, 0, 11, 0, 1, 0], [0, 0, 0, 0, 0, 0, 0, 0, 0, 0, 64, 0, 9, 0, 0, 0], [0, 0, 0, 0, 0, 0, 0, 0, 0, 0, 64, 1, 9, 0, 0, 0], [0, 0, 0, 0, 0, 0, 0, 0, 1, 0, 64, 1, 9, 0, 0, 0], [0, 0, 0, 0, 0, 0, 0, 0, 0, 0, 64, 0, 9, 0, 0, 0], [0, 0, 0, 0, 0, 0, 0, 0, 0, 0, 64, 1, 8, 0, 0, 0], [0, 0, 0, 0, 0, 0, 0, 0, 0, 0, 64, 0, 5, 0, 0, 0], [0, 0, 1, 0, 0, 0, 1, 0, 1, 0, 64, 1, 14, 0, 1, 0], [0, 0, 0, 0, 0, 0, 0, 0, 0, 0, 64, 0, 14, 0, 0, 0], [0, 0, 0, 0, 0, 0, 0, 0, 0, 0, 64, 1, 11, 0, 0, 0], [0, 0, 0, 0, 0, 0, 0, 0, 0, 0, 64, 0, 4, 0, 0, 0], [0, 0, 0, 0, 0, 0, 0, 0, 0, 0, 64, 0, 5, 0, 0, 0], [0, 0, 0, 0, 0, 0, 0, 0, 0, 0, 64, 1, 11, 0, 0, 0], [0, 0, 0, 0, 0, 0, 0, 0, 0, 0, 64, 1, 6, 0, 0, 0], [0, 0, 0, 0, 0, 0, 0, 0, 0, 0, 64, 0, 10, 0, 0, 0], [0, 0, 0, 0, 0, 0, 0, 0, 0, 0, 64, 1, 6, 0, 0, 0], [1, 0, 1, 0, 1, 1, 1, 1, 1, 1, 64, 1, 12, 0, 0, 1], [0, 0, 1, 0, 0, 0, 1, 1, 0, 1, 64, 1, 14, 0, 0, 1], [0, 0, 1, 0, 0, 0, 1, 0, 1, 0, 64, 0, 13, 0, 1, 0], [0, 0, 0, 0, 0, 0, 1, 0, 0, 0, 64, 0, 12, 0, 0, 0], [0, 0, 0, 0, 0, 0, 0, 1, 0, 0, 64, 1, 14, 0, 0, 0], [0, 0, 0, 0, 0, 0, 0, 0, 0, 0, 64, 0, 12, 0, 0, 0], [0, 0, 0, 0, 0, 0, 0, 0, 0, 0, 64, 0, 8, 0, 0, 0], [0, 0, 0, 0, 0, 0, 0, 0, 0, 0, 64, 0, 4, 0, 0, 0], [0, 0, 0, 0, 0, 0, 0, 0, 0, 0, 64, 1, 5, 0, 0, 0], [0, 0, 0, 0, 0, 0, 0, 0, 0, 0, 64, 1, 6, 0, 0, 0], [0, 0, 0, 0, 0, 0, 0, 0, 0, 0, 64, 1, 9, 0, 0, 0], [0, 0, 0, 0, 0, 0, 0, 0, 0, 0, 64, 0, 14, 0, 0, 0], [0, 0, 0, 0, 0, 0, 1, 0, 1, 0, 64, 0, 5, 0, 0, 0], [0, 0, 0, 0, 0, 0, 0, 1, 0, 1, 64, 0, 14, 0, 0, 0], [0, 0, 0, 0, 0, 0, 0, 1, 0, 1, 64, 1, 14, 0, 0, 0], [0, 0, 0, 0, 0, 0, 0, 0, 0, 0, 64, 0, 8, 0, 0, 0], [0, 0, 0, 0, 0, 0, 0, 1, 0, 1, 64, 1, 10, 0, 0, 0], [0, 0, 0, 0, 0, 0, 1, 0, 1, 0, 64, 1, 10, 0, 1, 0], [0, 0, 0, 0, 0, 0, 0, 0, 0, 0, 64, 0, 4, 0, 0, 0], [0, 0, 0, 0, 0, 0, 0, 1, 0, 1, 64, 0, 8, 0, 0, 0], [0, 0, 0, 0, 0, 0, 0, 0, 0, 1, 64, 1, 9, 0, 0, 0], [0, 0, 0, 0, 0, 0, 0, 1, 0, 1, 64, 1, 5, 0, 0, 0], [0, 0, 0, 0, 0, 0, 0, 0, 0, 0, 64, 1, 9, 0, 0, 0], [0, 0, 1, 0, 0, 0, 0, 1, 0, 1, 64, 1, 9, 0, 0, 1], [0, 0, 0, 0, 0, 0, 0, 0, 0, 0, 64, 0, 9, 0, 0, 0], [0, 0, 0, 0, 0, 0, 0, 0, 0, 0, 64, 1, 4, 0, 0, 0], [0, 0, 0, 0, 0, 0, 1, 0, 0, 0, 64, 0, 9, 0, 0, 0], [0, 0, 0, 0, 0, 0, 0, 0, 0, 0, 64, 1, 4, 0, 0, 0], [0, 0, 0, 0, 0, 0, 0, 0, 0, 0, 64, 1, 4, 0, 0, 0], [0, 0, 0, 0, 0, 0, 0, 0, 0, 0, 64, 1, 7, 0, 0, 0], [0, 0, 0, 0, 0, 0, 0, 0, 0, 0, 64, 0, 9, 0, 0, 0], [0, 0, 0, 0, 0, 0, 0, 0, 0, 1, 64, 0, 9, 0, 0, 0], [0, 0, 0, 0, 0, 0, 1, 0, 1, 0, 64, 0, 7, 0, 0, 0], [0, 0, 0, 0, 0, 0, 0, 0, 0, 0, 64, 0, 14, 0, 0, 0], [0, 0, 0, 0, 0, 0, 0, 0, 0, 0, 64, 1, 5, 0, 0, 0], [0, 0, 0, 0, 0, 0, 0, 0, 0, 0, 64, 1, 4, 0, 0, 0], [0, 0, 0, 0, 0, 0, 0, 0, 0, 0, 64, 0, 5, 0, 0, 0], [0, 0, 0, 0, 0, 0, 0, 0, 0, 0, 64, 0, 5, 0, 0, 0], [0, 0, 0, 0, 0, 0, 0, 0, 0, 0, 64, 1, 9, 0, 0, 0], [0, 0, 0, 0, 0, 0, 0, 0, 0, 0, 64, 1, 9, 0, 0, 0], [0, 0, 1, 0, 0, 0, 0, 1, 0, 1, 64, 1, 13, 0, 0, 1], [0, 0, 0, 0, 0, 0, 0, 0, 0, 0, 64, 1, 4, 0, 0, 0], [0, 0, 0, 0, 0, 0, 0, 0, 0, 0, 64, 0, 5, 0, 0, 0], [0, 0, 1, 0, 0, 0, 0, 1, 0, 1, 64, 1, 5, 0, 0, 1], [0, 0, 1, 0, 0, 0, 0, 1, 0, 1, 64, 1, 12, 0, 0, 1], [1, 0, 1, 0, 0, 0, 1, 1, 1, 1, 64, 0, 12, 0, 1, 0], [0, 0, 0, 0, 0, 0, 0, 0, 0, 1, 64, 1, 11, 0, 0, 0], [0, 0, 0, 0, 0, 0, 0, 0, 0, 1, 64, 1, 6, 0, 0, 0], [0, 0, 0, 0, 0, 0, 0, 0, 0, 0, 64, 1, 10, 0, 0, 0], [0, 0, 0, 0, 0, 0, 0, 0, 0, 0, 64, 0, 7, 0, 0, 0], [0, 0, 0, 0, 0, 0, 0, 0, 0, 0, 64, 0, 10, 0, 0, 0], [0, 0, 1, 0, 0, 0, 0, 1, 0, 1, 64, 1, 11, 0, 0, 1], [0, 0, 0, 0, 0, 0, 0, 0, 0, 0, 64, 1, 5, 0, 0, 0], [0, 0, 0, 0, 0, 0, 0, 0, 0, 0, 64, 0, 4, 0, 0, 0], [0, 0, 0, 0, 0, 0, 0, 0, 0, 0, 64, 1, 9, 0, 0, 0], [0, 0, 0, 0, 0, 0, 0, 0, 0, 0, 64, 1, 5, 0, 0, 0], [0, 0, 0, 0, 0, 0, 0, 0, 0, 0, 64, 1, 5, 0, 0, 0], [0, 0, 0, 0, 0, 0, 0, 0, 0, 0, 64, 1, 10, 0, 0, 0], [0, 0, 0, 0, 0, 0, 0, 0, 0, 1, 64, 1, 5, 0, 0, 0], [0, 0, 0, 0, 0, 0, 0, 0, 0, 0, 64, 1, 5, 0, 0, 0], [0, 0, 0, 0, 0, 0, 0, 0, 0, 0, 64, 1, 9, 0, 0, 0], [0, 0, 0, 0, 0, 0, 0, 0, 0, 0, 64, 1, 8, 0, 0, 0], [0, 0, 0, 0, 0, 0, 0, 0, 0, 1, 64, 1, 4, 0, 0, 0], [0, 0, 0, 0, 0, 0, 0, 0, 0, 0, 64, 0, 4, 0, 0, 0], [0, 0, 0, 0, 0, 0, 0, 0, 0, 0, 64, 0, 12, 0, 0, 0], [0, 0, 0, 0, 0, 0, 0, 0, 0, 0, 64, 1, 10, 0, 0, 0], [0, 0, 0, 0, 0, 0, 0, 0, 0, 1, 40, 0, 4, 0, 0, 0], [0, 0, 0, 0, 0, 0, 0, 1, 0, 1, 40, 0, 6, 0, 0, 1], [0, 0, 0, 0, 0, 0, 0, 0, 0, 0, 64, 0, 9, 0, 0, 0], [0, 0, 0, 0, 0, 0, 0, 0, 0, 0, 64, 1, 12, 0, 0, 0], [0, 0, 0, 0, 0, 0, 0, 0, 0, 0, 64, 0, 7, 0, 0, 0], [0, 0, 0, 0, 0, 0, 0, 0, 0, 0, 64, 0, 9, 0, 0, 0], [0, 0, 0, 0, 0, 0, 0, 0, 0, 0, 64, 0, 14, 0, 0, 0], [0, 0, 0, 0, 0, 0, 0, 0, 0, 0, 64, 0, 14, 0, 0, 0], [0, 0, 0, 0, 0, 0, 0, 0, 0, 0, 64, 0, 14, 0, 0, 0], [0, 0, 0, 0, 0, 0, 0, 1, 0, 1, 64, 0, 14, 0, 0, 0], [0, 0, 0, 0, 0, 0, 0, 0, 0, 1, 64, 0, 14, 0, 0, 0], [0, 0, 0, 0, 0, 0, 0, 0, 0, 0, 64, 0, 9, 0, 0, 0], [0, 0, 1, 0, 0, 0, 1, 0, 1, 0, 64, 0, 10, 0, 1, 0], [0, 0, 0, 0, 0, 0, 0, 0, 0, 0, 64, 0, 9, 0, 0, 0], [0, 0, 0, 0, 0, 0, 0, 0, 0, 0, 64, 0, 9, 0, 0, 0], [0, 0, 0, 0, 0, 0, 0, 0, 1, 0, 64, 0, 10, 0, 0, 0], [0, 0, 0, 0, 1, 0, 0, 0, 0, 0, 64, 0, 9, 0, 0, 0], [0, 0, 0, 0, 0, 0, 0, 0, 0, 0, 64, 0, 9, 0, 0, 0], [0, 0, 0, 0, 0, 0, 0, 0, 0, 0, 64, 0, 9, 0, 0, 0], [0, 0, 0, 0, 0, 0, 0, 0, 0, 0, 64, 0, 5, 0, 0, 0], [0, 0, 0, 0, 0, 0, 0, 0, 0, 0, 64, 1, 9, 0, 0, 0], [0, 0, 0, 0, 0, 0, 0, 0, 0, 0, 64, 1, 9, 0, 0, 0], [0, 0, 0, 0, 0, 0, 0, 0, 0, 0, 64, 0, 9, 0, 0, 0], [0, 0, 1, 0, 0, 0, 0, 1, 0, 1, 64, 1, 12, 0, 0, 1], [0, 0, 0, 0, 0, 0, 0, 0, 1, 0, 48, 0, 9, 0, 0, 0], [0, 0, 0, 0, 0, 0, 0, 1, 0, 1, 64, 1, 14, 0, 0, 0], [0, 0, 0, 0, 0, 0, 0, 0, 0, 0, 64, 1, 11, 0, 0, 0], [0, 0, 0, 0, 0, 0, 0, 0, 0, 0, 64, 1, 9, 0, 0, 0], [0, 0, 0, 0, 0, 0, 0, 0, 1, 0, 64, 1, 10, 0, 0, 0], [0, 0, 0, 0, 0, 0, 0, 0, 0, 0, 64, 0, 9, 0, 0, 0], [0, 0, 1, 0, 0, 0, 0, 1, 0, 1, 64, 1, 9, 0, 0, 1], [0, 0, 0, 0, 0, 0, 0, 0, 0, 0, 64, 1, 9, 0, 0, 0], [0, 0, 0, 0, 0, 0, 0, 0, 0, 0, 64, 0, 9, 0, 0, 0], [0, 0, 0, 0, 0, 0, 0, 0, 0, 0, 64, 0, 14, 0, 0, 0], [0, 0, 0, 0, 0, 0, 1, 0, 0, 0, 64, 1, 14, 0, 0, 0], [0, 0, 0, 0, 0, 0, 0, 0, 0, 0, 64, 1, 9, 0, 0, 0], [0, 0, 0, 0, 0, 0, 1, 0, 1, 0, 64, 1, 8, 0, 0, 0], [0, 0, 0, 0, 0, 0, 0, 0, 0, 0, 64, 1, 9, 0, 0, 0], [0, 0, 0, 0, 0, 0, 0, 0, 0, 1, 64, 1, 5, 0, 0, 0], [0, 0, 0, 0, 0, 0, 0, 0, 0, 0, 64, 0, 9, 0, 0, 0], [0, 0, 0, 0, 0, 0, 0, 0, 0, 0, 64, 1, 12, 0, 0, 0], [0, 0, 0, 0, 0, 0, 0, 0, 0, 0, 64, 1, 9, 0, 0, 0], [0, 0, 0, 0, 0, 0, 0, 0, 0, 0, 64, 0, 9, 0, 0, 0], [0, 0, 0, 0, 0, 0, 0, 0, 0, 0, 64, 1, 9, 0, 0, 0], [0, 0, 0, 0, 0, 0, 0, 0, 0, 0, 64, 0, 13, 0, 0, 0], [0, 0, 0, 0, 0, 0, 0, 0, 0, 0, 64, 1, 7, 0, 0, 0], [0, 0, 0, 0, 0, 0, 0, 0, 0, 0, 64, 1, 14, 0, 0, 0], [0, 0, 0, 0, 0, 0, 0, 0, 0, 0, 64, 1, 10, 0, 0, 0], [0, 0, 0, 0, 0, 0, 0, 0, 0, 0, 64, 1, 4, 0, 0, 0], [0, 0, 0, 0, 0, 0, 0, 0, 0, 0, 64, 0, 4, 0, 0, 0], [0, 0, 0, 0, 0, 0, 0, 0, 0, 0, 64, 0, 11, 0, 0, 0], [0, 0, 0, 0, 0, 0, 0, 0, 0, 0, 64, 1, 7, 0, 0, 0], [0, 0, 0, 0, 0, 0, 0, 0, 1, 0, 64, 0, 7, 0, 0, 0], [0, 0, 0, 0, 0, 0, 0, 0, 1, 0, 64, 0, 4, 0, 0, 0], [0, 0, 1, 0, 0, 0, 0, 1, 0, 1, 64, 1, 6, 0, 0, 1], [0, 0, 0, 0, 0, 0, 0, 0, 0, 1, 64, 1, 6, 0, 0, 0], [0, 0, 0, 0, 0, 0, 0, 1, 0, 0, 64, 1, 9, 0, 0, 0], [0, 0, 0, 0, 0, 0, 0, 0, 0, 0, 64, 0, 12, 0, 0, 0], [0, 0, 0, 0, 0, 0, 0, 0, 0, 0, 64, 0, 6, 0, 0, 0], [0, 0, 0, 0, 0, 0, 0, 0, 0, 0, 64, 1, 11, 0, 0, 0], [0, 0, 0, 0, 0, 0, 0, 0, 1, 0, 64, 0, 7, 0, 0, 0], [0, 0, 0, 0, 0, 0, 0, 0, 1, 0, 64, 0, 10, 0, 0, 0], [0, 0, 0, 0, 0, 0, 0, 0, 0, 0, 64, 1, 12, 0, 0, 0], [0, 0, 0, 0, 0, 0, 0, 0, 0, 0, 64, 0, 12, 0, 0, 0], [0, 0, 0, 0, 0, 0, 0, 0, 0, 0, 64, 1, 4, 0, 0, 0], [0, 0, 0, 0, 0, 0, 0, 0, 0, 0, 64, 1, 4, 0, 0, 0], [0, 0, 1, 0, 0, 0, 0, 1, 0, 1, 64, 1, 5, 0, 0, 1], [0, 0, 0, 0, 0, 0, 0, 0, 0, 0, 64, 1, 4, 0, 0, 0], [0, 0, 0, 0, 0, 0, 0, 0, 0, 0, 64, 1, 4, 0, 0, 0], [0, 0, 0, 0, 0, 0, 0, 0, 0, 0, 64, 1, 5, 0, 0, 0], [0, 0, 0, 0, 0, 0, 1, 0, 0, 0, 64, 1, 10, 0, 0, 0], [0, 0, 0, 0, 0, 0, 0, 0, 0, 0, 64, 1, 9, 0, 0, 0], [0, 0, 1, 0, 0, 0, 0, 1, 0, 1, 64, 1, 9, 0, 0, 1], [0, 0, 0, 0, 0, 0, 0, 0, 0, 0, 64, 1, 14, 0, 0, 0], [0, 0, 0, 0, 0, 0, 0, 0, 0, 0, 64, 0, 14, 0, 0, 0], [0, 0, 0, 0, 0, 0, 0, 0, 0, 0, 64, 1, 9, 0, 0, 0], [0, 0, 0, 0, 0, 0, 0, 0, 0, 0, 64, 0, 14, 0, 0, 0], [0, 0, 0, 0, 1, 1, 0, 1, 0, 1, 64, 0, 6, 0, 0, 0], [0, 0, 0, 0, 0, 0, 0, 0, 0, 0, 64, 0, 10, 0, 0, 0], [0, 0, 1, 0, 0, 0, 0, 1, 0, 1, 64, 1, 7, 0, 0, 1], [0, 0, 1, 0, 0, 0, 0, 1, 0, 1, 64, 1, 7, 0, 0, 1], [0, 0, 0, 0, 0, 0, 0, 0, 0, 0, 64, 0, 9, 0, 0, 0], [0, 0, 0, 0, 0, 0, 0, 0, 0, 0, 64, 0, 9, 0, 0, 0], [0, 0, 0, 0, 0, 0, 0, 0, 0, 0, 64, 0, 9, 0, 0, 0], [0, 0, 0, 0, 0, 0, 0, 0, 0, 0, 64, 0, 5, 0, 0, 0], [0, 0, 0, 0, 0, 0, 1, 0, 1, 0, 64, 0, 10, 0, 0, 0], [0, 0, 0, 0, 0, 0, 0, 0, 0, 0, 64, 0, 14, 0, 0, 0], [0, 0, 0, 0, 0, 0, 1, 0, 1, 0, 64, 0, 5, 0, 0, 0], [0, 0, 0, 0, 0, 0, 0, 0, 0, 0, 64, 0, 14, 0, 0, 0], [0, 0, 0, 0, 0, 0, 0, 0, 0, 0, 64, 0, 6, 0, 0, 0], [0, 0, 0, 0, 0, 0, 0, 0, 0, 0, 64, 0, 6, 0, 0, 0], [0, 0, 0, 0, 0, 0, 0, 0, 0, 0, 64, 1, 9, 0, 0, 0], [0, 0, 0, 0, 0, 0, 0, 0, 0, 0, 64, 0, 14, 0, 0, 0], [0, 0, 0, 0, 0, 0, 0, 0, 0, 0, 64, 1, 14, 0, 0, 0], [0, 0, 0, 0, 0, 0, 0, 0, 0, 0, 64, 0, 14, 0, 0, 0], [0, 0, 0, 0, 0, 0, 0, 0, 0, 0, 64, 0, 10, 0, 0, 0], [1, 0, 0, 0, 0, 0, 1, 1, 1, 1, 48, 1, 13, 0, 0, 0], [0, 0, 0, 0, 0, 0, 0, 0, 0, 0, 64, 1, 6, 0, 0, 0], [0, 0, 0, 0, 0, 0, 0, 1, 0, 1, 48, 1, 14, 0, 0, 0], [0, 0, 0, 0, 0, 0, 0, 0, 0, 0, 64, 1, 10, 0, 0, 0], [0, 0, 0, 0, 0, 0, 0, 0, 0, 0, 64, 0, 14, 0, 0, 0], [0, 0, 0, 0, 0, 0, 0, 0, 0, 0, 64, 0, 9, 0, 0, 0], [0, 0, 0, 0, 0, 0, 1, 0, 0, 0, 64, 1, 11, 0, 0, 0], [0, 0, 0, 0, 0, 0, 0, 1, 0, 0, 64, 1, 14, 0, 0, 0], [0, 0, 0, 0, 0, 0, 0, 0, 0, 0, 64, 0, 7, 0, 0, 0], [0, 0, 0, 0, 0, 0, 0, 0, 0, 0, 64, 0, 7, 0, 0, 0], [0, 0, 0, 0, 0, 0, 0, 0, 0, 0, 64, 1, 14, 0, 0, 0], [0, 0, 0, 0, 0, 0, 0, 0, 0, 0, 64, 1, 9, 0, 0, 0], [0, 0, 0, 0, 0, 0, 0, 0, 0, 0, 64, 0, 12, 0, 0, 0], [0, 0, 1, 0, 0, 0, 0, 1, 0, 1, 64, 1, 12, 0, 0, 1], [0, 0, 0, 0, 0, 0, 0, 0, 0, 0, 64, 1, 8, 0, 0, 0], [0, 0, 0, 0, 0, 0, 0, 0, 0, 0, 64, 0, 6, 0, 0, 0], [0, 0, 0, 0, 0, 0, 0, 1, 0, 0, 64, 1, 9, 0, 0, 0], [0, 0, 0, 0, 0, 0, 0, 0, 0, 0, 64, 0, 7, 0, 0, 0], [0, 0, 0, 0, 0, 0, 0, 0, 0, 0, 64, 0, 5, 0, 0, 0], [0, 0, 0, 0, 0, 0, 0, 0, 0, 0, 64, 0, 10, 0, 0, 0], [0, 0, 0, 0, 0, 0, 0, 0, 0, 0, 64, 0, 4, 0, 0, 0], [0, 0, 0, 0, 0, 0, 0, 0, 0, 0, 64, 0, 14, 0, 0, 0], [0, 0, 0, 0, 0, 0, 0, 0, 0, 0, 64, 0, 12, 0, 0, 0], [0, 0, 0, 0, 0, 0, 0, 0, 0, 0, 64, 0, 8, 0, 0, 0], [1, 0, 1, 0, 0, 0, 1, 0, 1, 1, 64, 0, 9, 0, 1, 0], [0, 0, 0, 0, 0, 0, 0, 0, 0, 1, 64, 0, 5, 0, 0, 0], [1, 0, 1, 0, 0, 0, 1, 0, 1, 1, 64, 0, 5, 0, 1, 0], [0, 0, 0, 0, 0, 0, 0, 0, 0, 0, 64, 1, 9, 0, 0, 0], [0, 0, 0, 0, 0, 0, 0, 0, 0, 0, 64, 0, 9, 0, 0, 0], [0, 0, 0, 0, 0, 0, 0, 0, 0, 0, 64, 1, 5, 0, 0, 0], [0, 0, 1, 0, 0, 0, 0, 1, 0, 1, 64, 1, 6, 0, 0, 1], [0, 0, 0, 0, 0, 0, 0, 0, 0, 0, 64, 0, 7, 0, 0, 0], [0, 0, 0, 0, 0, 0, 0, 0, 0, 0, 64, 0, 9, 0, 0, 0], [0, 0, 0, 0, 0, 0, 0, 0, 0, 1, 64, 1, 4, 0, 0, 0], [0, 0, 0, 0, 0, 0, 0, 0, 0, 0, 64, 1, 9, 0, 0, 0], [0, 0, 0, 0, 0, 0, 0, 0, 1, 0, 64, 1, 4, 0, 0, 0], [0, 0, 0, 0, 0, 0, 0, 0, 0, 0, 64, 0, 9, 0, 0, 0], [0, 0, 0, 0, 0, 0, 0, 0, 0, 0, 64, 0, 13, 0, 0, 0], [0, 0, 0, 0, 0, 0, 0, 0, 0, 0, 64, 1, 5, 0, 0, 0], [0, 0, 0, 0, 0, 0, 0, 1, 0, 1, 64, 1, 9, 0, 0, 0], [0, 0, 0, 0, 0, 0, 0, 0, 0, 0, 64, 1, 10, 0, 0, 0], [0, 0, 0, 0, 0, 0, 0, 0, 0, 0, 64, 1, 12, 0, 0, 0], [0, 0, 0, 0, 0, 0, 0, 0, 1, 0, 64, 1, 11, 0, 0, 0], [0, 0, 0, 0, 0, 0, 0, 0, 0, 0, 64, 1, 11, 0, 0, 0], [0, 0, 0, 0, 0, 0, 0, 0, 0, 0, 64, 0, 6, 0, 0, 0], [0, 0, 0, 0, 0, 0, 0, 0, 0, 0, 64, 1, 9, 0, 0, 0], [0, 0, 0, 0, 0, 0, 0, 0, 0, 0, 64, 0, 9, 0, 0, 0], [0, 0, 0, 0, 0, 0, 0, 0, 0, 0, 64, 0, 14, 0, 0, 0], [0, 0, 0, 0, 0, 0, 0, 0, 0, 0, 64, 1, 9, 0, 0, 0], [0, 0, 0, 0, 0, 0, 0, 0, 0, 0, 64, 1, 5, 0, 0, 0], [0, 0, 0, 0, 0, 0, 0, 0, 0, 0, 64, 1, 9, 0, 0, 0], [0, 0, 0, 0, 0, 0, 0, 0, 0, 0, 64, 0, 4, 0, 0, 0], [0, 0, 0, 0, 0, 0, 0, 0, 0, 0, 64, 0, 6, 0, 0, 0], [0, 0, 0, 0, 0, 0, 0, 0, 0, 0, 64, 0, 7, 0, 0, 0], [0, 0, 0, 0, 0, 0, 0, 0, 0, 0, 64, 0, 7, 0, 0, 0], [0, 0, 0, 0, 0, 0, 0, 0, 0, 0, 64, 0, 6, 0, 0, 0], [0, 0, 0, 0, 1, 1, 0, 1, 0, 0, 64, 1, 9, 0, 0, 0], [0, 0, 0, 0, 1, 1, 0, 1, 0, 0, 64, 1, 9, 0, 0, 0], [0, 0, 0, 0, 0, 0, 0, 0, 0, 0, 64, 0, 14, 0, 0, 0], [0, 0, 0, 0, 0, 0, 0, 0, 0, 0, 64, 1, 9, 0, 0, 0], [0, 0, 0, 0, 0, 0, 0, 0, 0, 0, 64, 0, 9, 0, 0, 0], [0, 0, 0, 0, 0, 0, 0, 0, 0, 0, 64, 0, 14, 0, 0, 0], [0, 0, 1, 0, 0, 0, 0, 1, 0, 1, 64, 1, 11, 0, 0, 1], [0, 0, 0, 0, 0, 0, 0, 0, 0, 1, 64, 0, 5, 0, 0, 0], [0, 0, 0, 0, 0, 0, 0, 0, 0, 0, 64, 0, 4, 0, 0, 0], [0, 0, 0, 0, 0, 0, 0, 0, 0, 0, 64, 0, 4, 0, 0, 0], [0, 0, 0, 0, 0, 0, 0, 0, 0, 0, 64, 0, 9, 0, 0, 0], [0, 0, 0, 0, 0, 0, 0, 0, 0, 0, 64, 1, 5, 0, 0, 0], [0, 0, 1, 0, 1, 1, 0, 1, 0, 1, 64, 1, 9, 0, 0, 1], [0, 0, 1, 0, 0, 0, 0, 1, 0, 1, 64, 1, 10, 0, 0, 1], [0, 0, 1, 0, 0, 0, 0, 1, 0, 1, 64, 1, 10, 0, 0, 1], [0, 0, 1, 0, 0, 0, 0, 1, 0, 1, 64, 1, 9, 0, 0, 1], [0, 0, 0, 0, 0, 0, 0, 0, 0, 0, 64, 0, 9, 0, 0, 0], [0, 0, 0, 0, 0, 0, 0, 0, 0, 0, 64, 1, 9, 0, 0, 0], [0, 0, 1, 0, 0, 0, 0, 1, 0, 1, 64, 1, 10, 0, 0, 1], [0, 0, 0, 0, 0, 0, 0, 0, 0, 0, 64, 0, 10, 0, 0, 0], [0, 0, 0, 0, 0, 0, 0, 1, 0, 0, 64, 0, 14, 0, 0, 0], [0, 0, 0, 0, 0, 0, 0, 0, 0, 0, 64, 1, 11, 0, 0, 0], [0, 0, 0, 0, 0, 0, 0, 0, 1, 0, 64, 1, 10, 0, 0, 0], [0, 0, 0, 0, 0, 0, 1, 0, 1, 0, 64, 0, 10, 0, 0, 0], [0, 0, 0, 0, 0, 0, 0, 0, 0, 0, 64, 1, 9, 0, 0, 0], [0, 0, 0, 0, 0, 0, 0, 0, 0, 0, 64, 1, 4, 0, 0, 0], [0, 0, 0, 0, 0, 0, 0, 0, 0, 0, 64, 0, 4, 0, 0, 0], [0, 0, 0, 0, 0, 0, 0, 0, 0, 0, 64, 1, 9, 0, 0, 0], [0, 0, 0, 0, 0, 0, 0, 0, 0, 0, 64, 1, 10, 0, 0, 0], [0, 0, 0, 0, 0, 0, 0, 0, 0, 0, 64, 0, 9, 0, 0, 0], [0, 0, 0, 0, 0, 0, 0, 0, 0, 0, 64, 0, 12, 0, 0, 0], [0, 0, 1, 0, 0, 0, 0, 1, 0, 1, 40, 1, 8, 0, 0, 1], [0, 0, 0, 0, 0, 0, 0, 0, 0, 0, 64, 1, 9, 0, 0, 0], [0, 0, 1, 0, 0, 0, 1, 0, 1, 0, 64, 0, 5, 0, 1, 0], [0, 0, 0, 0, 0, 0, 0, 0, 0, 0, 64, 0, 8, 0, 0, 0], [0, 0, 0, 0, 0, 0, 0, 1, 0, 1, 64, 1, 9, 0, 0, 0], [0, 0, 0, 0, 0, 0, 0, 0, 0, 0, 64, 1, 14, 0, 0, 0], [0, 0, 0, 0, 0, 0, 0, 1, 0, 1, 64, 1, 10, 0, 0, 0], [0, 0, 1, 0, 0, 0, 1, 0, 1, 0, 64, 0, 10, 0, 1, 0], [0, 0, 1, 0, 0, 0, 1, 0, 1, 0, 64, 0, 10, 0, 1, 0], [0, 0, 1, 0, 0, 0, 1, 0, 1, 0, 64, 0, 10, 0, 1, 0], [0, 0, 0, 0, 0, 0, 1, 0, 1, 0, 64, 0, 14, 0, 0, 0], [0, 0, 0, 0, 0, 0, 0, 0, 0, 0, 64, 1, 10, 0, 0, 0], [0, 0, 0, 0, 0, 0, 0, 0, 0, 1, 64, 0, 7, 0, 0, 0], [0, 0, 0, 0, 0, 0, 0, 0, 0, 0, 64, 0, 9, 0, 0, 0], [0, 0, 0, 0, 0, 0, 0, 0, 0, 0, 64, 0, 11, 0, 0, 0], [0, 0, 0, 0, 0, 0, 0, 0, 0, 0, 64, 0, 5, 0, 0, 0], [0, 0, 0, 0, 0, 0, 0, 0, 0, 0, 64, 0, 5, 0, 0, 0], [0, 0, 0, 0, 0, 0, 0, 0, 0, 0, 64, 1, 8, 0, 0, 0], [0, 0, 0, 0, 0, 0, 0, 0, 0, 0, 64, 0, 6, 0, 0, 0], [0, 0, 0, 0, 0, 0, 0, 0, 0, 0, 64, 0, 9, 0, 0, 0], [0, 0, 0, 0, 0, 0, 0, 0, 0, 0, 64, 0, 9, 0, 0, 0], [0, 0, 0, 0, 0, 0, 0, 0, 0, 0, 64, 1, 9, 0, 0, 0], [0, 0, 0, 0, 0, 0, 0, 1, 0, 1, 64, 1, 5, 0, 0, 0], [0, 0, 0, 0, 0, 0, 0, 0, 0, 1, 64, 1, 9, 0, 0, 0], [0, 0, 0, 0, 0, 0, 0, 0, 0, 0, 64, 1, 4, 0, 0, 0], [0, 0, 0, 0, 0, 0, 0, 0, 0, 0, 64, 1, 5, 0, 0, 0], [0, 0, 0, 0, 0, 0, 0, 1, 0, 1, 64, 0, 8, 0, 0, 0], [0, 0, 0, 0, 0, 0, 0, 0, 0, 0, 64, 0, 6, 0, 0, 0], [0, 0, 0, 0, 0, 0, 0, 0, 0, 0, 64, 0, 4, 0, 0, 0], [0, 0, 0, 0, 0, 0, 0, 0, 0, 0, 64, 1, 6, 0, 0, 0], [0, 0, 0, 0, 0, 0, 0, 0, 0, 0, 64, 1, 5, 0, 0, 0], [0, 0, 0, 0, 0, 0, 0, 0, 0, 0, 64, 1, 5, 0, 0, 0], [0, 0, 0, 0, 0, 0, 0, 0, 1, 0, 64, 1, 7, 0, 0, 0], [0, 0, 0, 0, 0, 0, 0, 0, 0, 0, 64, 1, 7, 0, 0, 0], [0, 0, 0, 0, 0, 0, 0, 0, 0, 0, 64, 0, 9, 0, 0, 0], [0, 0, 0, 0, 0, 0, 0, 0, 0, 0, 64, 0, 4, 0, 0, 0], [0, 0, 0, 0, 0, 0, 0, 0, 0, 0, 64, 0, 14, 0, 0, 0], [0, 0, 0, 0, 0, 0, 0, 0, 0, 0, 64, 0, 12, 0, 0, 0], [0, 0, 0, 0, 0, 0, 0, 0, 0, 0, 64, 0, 14, 0, 0, 0], [1, 0, 0, 0, 0, 0, 1, 1, 1, 1, 64, 0, 10, 0, 0, 0], [0, 0, 0, 0, 0, 0, 1, 0, 1, 0, 64, 0, 6, 0, 0, 0], [0, 0, 0, 0, 0, 0, 1, 0, 1, 0, 64, 0, 7, 0, 0, 0], [0, 0, 0, 0, 0, 0, 0, 0, 0, 0, 64, 1, 9, 0, 0, 0], [0, 0, 0, 0, 0, 0, 0, 0, 0, 0, 64, 1, 9, 0, 0, 0], [0, 0, 0, 0, 0, 0, 0, 0, 0, 1, 64, 0, 5, 0, 0, 0], [1, 0, 1, 0, 0, 0, 0, 1, 1, 1, 64, 1, 9, 0, 0, 1], [0, 0, 0, 0, 0, 0, 0, 0, 0, 0, 64, 1, 4, 0, 0, 0], [0, 0, 0, 0, 0, 0, 0, 0, 0, 0, 64, 0, 4, 0, 0, 0], [0, 0, 0, 0, 0, 0, 0, 0, 0, 0, 64, 1, 5, 0, 0, 0], [0, 0, 0, 0, 0, 0, 0, 0, 0, 0, 64, 0, 6, 0, 0, 0], [0, 0, 0, 0, 0, 0, 0, 0, 0, 0, 64, 1, 12, 0, 0, 0], [0, 0, 0, 0, 0, 0, 0, 0, 0, 0, 64, 0, 11, 0, 0, 0], [0, 0, 0, 0, 0, 0, 0, 0, 0, 0, 64, 1, 7, 0, 0, 0], [0, 0, 0, 0, 0, 0, 0, 0, 0, 0, 64, 0, 9, 0, 0, 0], [0, 0, 1, 0, 0, 0, 1, 0, 1, 0, 64, 0, 5, 0, 1, 0], [0, 0, 1, 0, 0, 0, 1, 0, 1, 0, 64, 0, 5, 0, 1, 0], [0, 0, 0, 0, 0, 0, 0, 0, 0, 0, 64, 1, 9, 0, 0, 0], [0, 0, 0, 0, 0, 0, 0, 0, 0, 0, 64, 1, 5, 0, 0, 0], [0, 0, 0, 0, 0, 0, 0, 0, 0, 0, 64, 0, 4, 0, 0, 0], [0, 0, 1, 0, 0, 0, 1, 0, 1, 0, 64, 1, 12, 0, 1, 0], [0, 0, 0, 0, 0, 0, 0, 0, 0, 0, 64, 0, 9, 0, 0, 0], [0, 0, 0, 0, 0, 0, 0, 0, 0, 0, 64, 0, 12, 0, 0, 0], [0, 0, 0, 0, 0, 0, 0, 0, 0, 0, 64, 0, 9, 0, 0, 0], [0, 0, 0, 0, 0, 0, 0, 0, 0, 0, 64, 0, 4, 0, 0, 0], [0, 0, 0, 0, 0, 0, 0, 0, 0, 0, 64, 0, 11, 0, 0, 0], [0, 0, 0, 0, 0, 0, 0, 0, 0, 0, 64, 0, 11, 0, 0, 0], [0, 0, 0, 0, 0, 0, 0, 0, 0, 0, 64, 1, 12, 0, 0, 0], [0, 0, 0, 0, 0, 0, 0, 0, 0, 0, 64, 0, 14, 0, 0, 0], [0, 0, 0, 0, 0, 0, 0, 0, 0, 0, 64, 0, 9, 0, 0, 0], [0, 0, 0, 0, 0, 0, 0, 0, 0, 0, 64, 0, 14, 0, 0, 0], [0, 0, 0, 0, 0, 0, 0, 0, 0, 0, 64, 0, 10, 0, 0, 0], [0, 0, 0, 0, 0, 0, 0, 1, 0, 0, 64, 1, 9, 0, 0, 0], [0, 0, 0, 0, 0, 0, 0, 0, 0, 0, 64, 1, 9, 0, 0, 0], [0, 0, 0, 0, 0, 0, 1, 0, 1, 0, 64, 0, 7, 0, 0, 0], [0, 0, 0, 0, 0, 0, 0, 0, 0, 0, 64, 1, 9, 0, 0, 0], [0, 0, 0, 0, 0, 0, 0, 0, 0, 0, 64, 1, 7, 0, 0, 0], [0, 0, 0, 0, 0, 0, 0, 0, 0, 0, 64, 0, 10, 0, 0, 0], [0, 0, 0, 0, 0, 0, 0, 0, 0, 0, 64, 0, 6, 0, 0, 0], [0, 0, 0, 0, 0, 0, 0, 0, 0, 0, 64, 0, 6, 0, 0, 0], [0, 0, 0, 0, 0, 0, 0, 0, 0, 0, 64, 1, 10, 0, 0, 0], [0, 0, 0, 0, 0, 0, 0, 0, 0, 0, 64, 1, 9, 0, 0, 0], [0, 0, 0, 0, 0, 0, 0, 0, 0, 0, 64, 0, 9, 0, 0, 0], [0, 0, 0, 0, 0, 0, 0, 0, 0, 0, 64, 0, 14, 0, 0, 0], [0, 0, 0, 0, 0, 0, 0, 0, 0, 0, 64, 1, 4, 0, 0, 0], [0, 0, 0, 0, 0, 0, 0, 0, 0, 0, 64, 0, 5, 0, 0, 0], [0, 0, 0, 0, 0, 0, 0, 0, 0, 0, 64, 0, 9, 0, 0, 0], [0, 0, 0, 0, 0, 0, 0, 0, 0, 0, 64, 1, 14, 0, 0, 0], [0, 0, 0, 0, 0, 0, 0, 0, 0, 0, 64, 0, 5, 0, 0, 0], [0, 0, 0, 0, 0, 0, 0, 0, 0, 0, 64, 0, 10, 0, 0, 0], [0, 0, 0, 0, 0, 0, 0, 0, 0, 0, 64, 0, 9, 0, 0, 0], [0, 0, 0, 0, 0, 0, 0, 0, 0, 0, 64, 1, 14, 0, 0, 0], [0, 0, 0, 0, 0, 0, 0, 0, 0, 0, 64, 0, 14, 0, 0, 0], [0, 0, 0, 0, 0, 0, 0, 0, 0, 0, 64, 0, 14, 0, 0, 0], [0, 0, 0, 0, 0, 0, 0, 0, 0, 0, 64, 1, 14, 0, 0, 0], [0, 0, 0, 0, 0, 0, 0, 0, 0, 0, 64, 0, 10, 0, 0, 0], [0, 0, 0, 0, 0, 0, 0, 0, 0, 1, 64, 0, 5, 0, 0, 0], [0, 0, 0, 0, 0, 0, 0, 0, 0, 0, 64, 0, 4, 0, 0, 0], [0, 0, 0, 0, 0, 0, 0, 0, 0, 0, 64, 0, 6, 0, 0, 0], [0, 0, 0, 0, 0, 0, 0, 0, 0, 0, 64, 0, 9, 0, 0, 0], [0, 0, 0, 0, 0, 0, 1, 0, 0, 0, 64, 0, 14, 0, 0, 0], [0, 0, 0, 0, 0, 0, 0, 0, 0, 0, 64, 0, 4, 0, 0, 0], [0, 0, 0, 0, 0, 0, 0, 0, 0, 0, 64, 1, 9, 0, 0, 0], [0, 0, 0, 0, 0, 0, 0, 0, 1, 0, 64, 1, 4, 0, 0, 0], [0, 0, 0, 0, 0, 0, 0, 0, 1, 0, 64, 1, 4, 0, 0, 0], [0, 0, 0, 0, 0, 0, 0, 0, 0, 0, 64, 1, 4, 0, 0, 0], [0, 0, 1, 0, 0, 0, 1, 0, 1, 0, 64, 0, 7, 0, 1, 0], [0, 0, 0, 0, 0, 0, 0, 0, 0, 0, 64, 0, 9, 0, 0, 0], [0, 0, 0, 0, 0, 0, 0, 0, 0, 0, 64, 0, 9, 0, 0, 0], [0, 0, 1, 0, 0, 0, 0, 1, 0, 1, 64, 1, 10, 0, 0, 1], [0, 0, 1, 0, 0, 0, 1, 0, 1, 0, 64, 1, 7, 0, 1, 0], [0, 0, 0, 0, 0, 0, 0, 0, 0, 0, 64, 1, 10, 0, 0, 0], [0, 0, 0, 0, 0, 0, 0, 0, 0, 0, 64, 1, 9, 0, 0, 0], [0, 0, 0, 0, 0, 0, 0, 0, 0, 0, 64, 1, 10, 0, 0, 0], [0, 0, 0, 0, 0, 0, 0, 0, 0, 0, 64, 1, 10, 0, 0, 0], [0, 0, 0, 0, 0, 0, 0, 0, 0, 0, 64, 0, 9, 0, 0, 0], [0, 0, 0, 0, 0, 0, 0, 0, 0, 0, 64, 0, 9, 0, 0, 0], [0, 0, 0, 0, 0, 0, 0, 0, 0, 0, 64, 1, 7, 0, 0, 0], [0, 0, 0, 0, 0, 0, 0, 0, 0, 0, 64, 1, 5, 0, 0, 0], [0, 0, 1, 0, 0, 0, 1, 0, 1, 0, 64, 0, 11, 0, 1, 0], [1, 0, 1, 1, 0, 0, 1, 1, 1, 1, 64, 0, 7, 0, 1, 0], [1, 0, 1, 0, 0, 0, 1, 1, 1, 1, 64, 1, 7, 0, 0, 1], [0, 0, 0, 0, 0, 0, 1, 0, 1, 0, 64, 0, 11, 0, 0, 0], [0, 0, 0, 0, 0, 0, 0, 1, 0, 1, 64, 1, 5, 0, 0, 0], [0, 0, 0, 0, 0, 0, 0, 0, 0, 0, 64, 0, 9, 0, 0, 0], [0, 0, 0, 0, 0, 0, 0, 0, 0, 0, 64, 0, 9, 0, 0, 0], [0, 0, 0, 0, 0, 0, 0, 0, 0, 0, 64, 1, 5, 0, 0, 0], [0, 0, 0, 0, 0, 0, 0, 0, 0, 0, 64, 1, 10, 0, 0, 0], [0, 0, 0, 0, 0, 0, 0, 0, 0, 0, 64, 0, 8, 0, 0, 0], [0, 0, 0, 0, 0, 0, 0, 0, 0, 0, 64, 0, 13, 0, 0, 0], [0, 0, 0, 0, 0, 0, 0, 0, 0, 0, 64, 1, 4, 0, 0, 0], [0, 0, 0, 0, 0, 0, 0, 0, 0, 0, 64, 0, 12, 0, 0, 0], [0, 0, 0, 0, 0, 0, 0, 0, 0, 0, 64, 0, 4, 0, 0, 0], [0, 0, 0, 0, 0, 0, 0, 0, 0, 0, 64, 0, 7, 0, 0, 0], [0, 0, 0, 0, 0, 0, 0, 0, 0, 0, 64, 1, 9, 0, 0, 0], [0, 0, 0, 0, 0, 0, 0, 1, 0, 1, 64, 1, 8, 0, 0, 0], [0, 0, 1, 0, 0, 0, 0, 1, 0, 1, 56, 1, 5, 0, 0, 1], [0, 0, 1, 0, 0, 0, 0, 1, 0, 1, 56, 1, 10, 0, 0, 1], [0, 0, 0, 0, 0, 0, 0, 1, 0, 1, 64, 1, 13, 0, 0, 0], [0, 0, 0, 0, 0, 0, 0, 0, 0, 1, 64, 1, 7, 0, 0, 0], [0, 0, 0, 0, 0, 0, 0, 1, 0, 0, 64, 0, 11, 0, 0, 0], [0, 0, 0, 0, 0, 0, 0, 0, 0, 0, 64, 0, 9, 0, 0, 0], [0, 0, 0, 0, 0, 0, 0, 0, 0, 1, 64, 1, 4, 0, 0, 0], [0, 0, 0, 0, 0, 0, 0, 0, 0, 0, 64, 1, 11, 0, 0, 0], [0, 0, 0, 0, 0, 0, 0, 0, 0, 0, 64, 1, 11, 0, 0, 0], [0, 0, 0, 0, 0, 0, 0, 0, 0, 0, 64, 0, 8, 0, 0, 0], [0, 0, 0, 0, 0, 0, 0, 0, 0, 0, 64, 0, 14, 0, 0, 0], [0, 0, 0, 0, 0, 0, 1, 0, 1, 0, 64, 0, 6, 0, 0, 0], [0, 0, 0, 0, 0, 0, 0, 0, 0, 0, 64, 1, 9, 0, 0, 0], [0, 0, 0, 0, 0, 0, 0, 0, 0, 0, 64, 0, 9, 0, 0, 0], [0, 0, 0, 0, 0, 0, 0, 0, 0, 0, 64, 0, 4, 0, 0, 0], [0, 0, 0, 0, 0, 0, 0, 0, 0, 0, 64, 1, 4, 0, 0, 0], [0, 0, 0, 0, 0, 0, 0, 0, 0, 0, 64, 0, 9, 0, 0, 0], [0, 0, 1, 0, 0, 0, 0, 1, 0, 1, 40, 1, 11, 0, 0, 1], [0, 0, 0, 0, 0, 0, 0, 0, 0, 0, 64, 0, 14, 0, 0, 0], [0, 0, 0, 0, 0, 0, 0, 0, 0, 0, 40, 0, 9, 0, 0, 0], [0, 0, 0, 0, 0, 0, 0, 0, 0, 0, 64, 1, 10, 0, 0, 0], [0, 0, 0, 0, 0, 0, 0, 0, 1, 0, 64, 0, 5, 0, 0, 0], [0, 0, 0, 0, 0, 0, 0, 0, 1, 0, 64, 0, 10, 0, 0, 0], [0, 0, 0, 0, 0, 0, 0, 0, 0, 0, 64, 1, 10, 0, 0, 0], [0, 0, 0, 0, 0, 0, 0, 0, 0, 0, 64, 1, 5, 0, 0, 0], [0, 0, 0, 0, 0, 0, 0, 1, 0, 1, 64, 1, 9, 0, 0, 0], [0, 0, 0, 0, 0, 0, 0, 0, 0, 0, 64, 0, 9, 0, 0, 0], [0, 0, 0, 0, 0, 0, 0, 0, 0, 0, 64, 0, 9, 0, 0, 0]]}
  CONTROL {"lookup_paired_vs_rival": {"model_only_right": 0, "rival_only_right": 0, "discordant": 0, "mcnemar_z": NaN}, "lookup_paired_vs_rival_cos": {"n": 0, "model_only_right": 0, "rival_only_right": 0, "discordant": 0, "mcnemar_z": NaN, "max_achievable_z": 0.0, "underpowered": true}, "lookup_paired_vs_rival_cos_by_margin": {"median_margin": NaN, "low_margin": {"n": 0, "model_only_right": 0, "rival_only_right": 0, "discordant": 0, "mcnemar_z": NaN, "max_achievable_z": 0.0, "underpowered": true}, "high_margin": {"n": 0, "model_only_right": 0, "rival_only_right": 0, "discordant": 0, "mcnemar_z": NaN, "max_achievable_z": 0.0, "underpowered": true}}, "ladder": {"n_questions": 0, "pairs": 0, "concordant": 0, "ties_excluded": 0, "import_budget_zero_rate": 0.0, "import_budget_mean": 0.0, "concordance": NaN, "z_vs_half": NaN, "mean_phi": {"true": NaN, "near": NaN, "middle": NaN, "far": NaN}}, "exact_mismatches": 0, "confusion": {}, "_mixed": [], "_reach": [], "_pair": [[0, 0, 0, 0, 0, 0, 0, 0, 0, 0, 64, 1, 11, 0, 0, 0], [0, 0, 0, 0, 0, 0, 0, 0, 0, 0, 64, 0, 14, 0, 0, 0], [1, 1, 2, 1, 0, 0, 1, 1, 1, 1, 64, 1, 11, 1, 1, 1], [0, 0, 0, 0, 0, 0, 0, 0, 0, 0, 64, 0, 13, 0, 0, 0], [0, 0, 1, 0, 0, 0, 1, 0, 1, 0, 64, 0, 9, 0, 1, 0], [0, 0, 1, 0, 0, 0, 0, 1, 0, 1, 48, 1, 9, 0, 0, 1], [0, 0, 0, 0, 0, 0, 0, 0, 0, 0, 64, 1, 14, 0, 0, 0], [0, 0, 0, 0, 0, 0, 0, 1, 0, 0, 64, 0, 14, 0, 0, 0], [0, 0, 0, 0, 0, 0, 0, 0, 0, 1, 64, 1, 4, 0, 0, 0], [1, 0, 1, 0, 0, 0, 1, 0, 1, 1, 64, 0, 9, 0, 1, 0], [0, 0, 0, 0, 0, 0, 1, 0, 1, 0, 64, 0, 12, 0, 0, 0], [0, 0, 0, 0, 0, 0, 1, 0, 1, 0, 64, 0, 12, 0, 0, 0], [0, 0, 0, 0, 0, 0, 0, 0, 0, 0, 64, 0, 13, 0, 0, 0], [0, 0, 0, 0, 0, 0, 0, 0, 0, 0, 64, 1, 5, 0, 0, 0], [0, 0, 0, 0, 0, 0, 0, 0, 0, 0, 64, 0, 14, 0, 0, 0], [0, 0, 0, 0, 0, 0, 0, 0, 0, 1, 64, 0, 5, 0, 0, 0], [0, 0, 0, 0, 0, 0, 0, 0, 0, 0, 64, 1, 6, 0, 0, 0], [0, 0, 0, 0, 0, 0, 0, 0, 0, 0, 64, 1, 7, 0, 0, 0], [0, 0, 0, 0, 0, 0, 0, 0, 0, 0, 64, 0, 14, 0, 0, 0], [0, 0, 0, 0, 0, 0, 0, 0, 0, 0, 64, 1, 11, 0, 0, 0], [0, 0, 1, 0, 0, 0, 1, 1, 1, 0, 64, 0, 11, 0, 1, 0], [0, 0, 0, 0, 0, 0, 0, 1, 0, 0, 64, 1, 14, 0, 0, 0], [0, 0, 0, 0, 0, 0, 0, 0, 0, 0, 64, 0, 10, 0, 0, 0], [0, 0, 0, 0, 0, 0, 0, 1, 0, 0, 64, 0, 10, 0, 0, 0], [0, 0, 0, 0, 0, 0, 0, 1, 0, 0, 64, 0, 14, 0, 0, 0], [0, 0, 0, 0, 0, 0, 0, 1, 0, 0, 64, 1, 9, 0, 0, 0], [0, 0, 0, 0, 0, 0, 0, 1, 0, 0, 64, 0, 13, 0, 0, 0], [0, 0, 0, 0, 0, 0, 0, 0, 0, 0, 64, 1, 9, 0, 0, 0], [0, 0, 0, 0, 0, 0, 0, 0, 0, 0, 64, 0, 10, 0, 0, 0], [0, 0, 0, 0, 0, 0, 0, 0, 0, 0, 64, 1, 14, 0, 0, 0], [0, 0, 1, 0, 0, 0, 0, 1, 0, 1, 64, 1, 9, 0, 0, 1], [0, 0, 0, 0, 0, 0, 0, 0, 0, 0, 64, 0, 14, 0, 0, 0], [0, 0, 0, 0, 0, 0, 0, 0, 0, 0, 64, 0, 14, 0, 0, 0], [0, 0, 0, 0, 0, 0, 0, 0, 0, 0, 64, 0, 9, 0, 0, 0], [0, 0, 0, 0, 0, 0, 0, 0, 0, 0, 64, 0, 14, 0, 0, 0], [0, 0, 0, 0, 0, 0, 1, 0, 0, 0, 64, 0, 13, 0, 0, 0], [0, 0, 0, 0, 0, 0, 0, 0, 0, 0, 64, 1, 14, 0, 0, 0], [0, 0, 0, 0, 0, 0, 0, 0, 0, 0, 64, 1, 7, 0, 0, 0], [0, 0, 0, 0, 0, 0, 0, 0, 0, 0, 64, 1, 7, 0, 0, 0], [0, 0, 0, 0, 0, 0, 0, 0, 0, 0, 64, 0, 14, 0, 0, 0], [0, 0, 0, 0, 0, 0, 0, 0, 0, 0, 64, 0, 14, 0, 0, 0], [0, 0, 0, 0, 0, 0, 0, 0, 0, 0, 64, 0, 5, 0, 0, 0], [0, 0, 0, 0, 0, 0, 0, 0, 0, 0, 64, 1, 14, 0, 0, 0], [0, 0, 0, 0, 0, 0, 0, 0, 0, 0, 64, 0, 5, 0, 0, 0], [0, 0, 0, 0, 0, 0, 0, 0, 0, 0, 64, 1, 6, 0, 0, 0], [0, 0, 0, 0, 0, 0, 0, 0, 0, 0, 64, 0, 14, 0, 0, 0], [0, 0, 0, 0, 0, 0, 0, 0, 0, 0, 64, 0, 13, 0, 0, 0], [0, 0, 1, 0, 0, 0, 0, 1, 0, 1, 64, 1, 13, 0, 0, 1], [0, 0, 0, 0, 0, 0, 0, 0, 0, 0, 64, 0, 14, 0, 0, 0], [0, 0, 0, 0, 0, 0, 0, 0, 0, 0, 64, 0, 5, 0, 0, 0], [0, 0, 0, 0, 0, 0, 0, 0, 0, 0, 64, 1, 6, 0, 0, 0], [0, 0, 0, 0, 0, 0, 0, 0, 0, 0, 64, 0, 13, 0, 0, 0], [0, 0, 0, 0, 0, 0, 0, 0, 0, 0, 64, 0, 10, 0, 0, 0], [0, 0, 1, 0, 0, 0, 1, 0, 1, 0, 64, 0, 9, 0, 1, 0], [0, 0, 0, 0, 0, 0, 0, 0, 1, 0, 64, 0, 9, 0, 0, 0], [0, 0, 0, 0, 0, 0, 0, 0, 0, 0, 64, 0, 4, 0, 0, 0], [0, 0, 0, 0, 0, 0, 0, 0, 0, 0, 64, 1, 6, 0, 0, 0], [0, 0, 0, 0, 0, 0, 0, 0, 0, 0, 64, 0, 14, 0, 0, 0], [0, 0, 0, 0, 0, 0, 1, 0, 1, 0, 64, 0, 11, 0, 0, 0], [0, 0, 0, 0, 0, 0, 0, 0, 0, 0, 64, 1, 9, 0, 0, 0], [0, 0, 0, 0, 0, 0, 0, 0, 0, 0, 64, 1, 10, 0, 0, 0], [0, 0, 1, 0, 0, 0, 0, 1, 0, 1, 48, 1, 14, 0, 0, 1], [0, 0, 0, 0, 0, 0, 0, 1, 0, 0, 64, 1, 9, 0, 0, 0], [0, 0, 0, 0, 0, 0, 0, 0, 0, 1, 64, 1, 7, 0, 0, 0], [0, 0, 0, 0, 0, 0, 0, 0, 0, 0, 64, 1, 9, 0, 0, 0], [0, 0, 1, 0, 0, 0, 0, 1, 0, 1, 64, 1, 10, 0, 0, 1], [0, 0, 0, 0, 0, 0, 0, 0, 0, 0, 64, 0, 7, 0, 0, 0], [0, 0, 1, 0, 0, 0, 1, 0, 1, 0, 64, 0, 5, 0, 1, 0], [0, 0, 0, 0, 0, 0, 0, 0, 0, 0, 64, 0, 11, 0, 0, 0], [0, 0, 0, 0, 0, 0, 0, 0, 0, 0, 64, 1, 10, 0, 0, 0], [0, 0, 0, 0, 0, 0, 0, 0, 0, 0, 64, 1, 9, 0, 0, 0], [0, 0, 1, 0, 0, 0, 0, 1, 0, 1, 48, 0, 14, 0, 0, 1], [0, 0, 1, 0, 0, 0, 0, 1, 0, 1, 48, 1, 11, 0, 0, 1], [0, 0, 0, 0, 0, 0, 0, 0, 0, 0, 64, 0, 14, 0, 0, 0], [0, 0, 0, 0, 0, 0, 0, 0, 0, 0, 64, 0, 10, 0, 0, 0], [1, 0, 1, 0, 0, 0, 1, 0, 1, 1, 64, 0, 13, 0, 1, 0], [0, 0, 1, 0, 0, 0, 1, 0, 1, 0, 64, 0, 8, 0, 1, 0], [0, 0, 0, 0, 0, 0, 0, 1, 0, 1, 40, 1, 7, 0, 0, 0], [0, 0, 0, 0, 0, 0, 1, 0, 1, 0, 64, 0, 10, 0, 0, 0], [0, 0, 0, 0, 0, 0, 0, 0, 0, 0, 64, 1, 9, 0, 0, 0], [0, 0, 0, 0, 0, 0, 0, 0, 0, 0, 64, 1, 8, 0, 0, 0], [0, 0, 0, 0, 0, 0, 0, 0, 0, 0, 64, 1, 10, 0, 0, 0], [0, 0, 0, 0, 0, 0, 0, 0, 0, 0, 64, 1, 10, 0, 0, 0], [0, 0, 0, 0, 0, 0, 0, 0, 1, 0, 64, 0, 8, 0, 0, 0], [0, 0, 0, 0, 0, 0, 0, 0, 0, 1, 64, 0, 6, 0, 0, 0], [0, 0, 0, 0, 0, 0, 0, 0, 0, 0, 64, 0, 4, 0, 0, 0], [0, 0, 0, 0, 0, 0, 0, 0, 0, 0, 64, 1, 9, 0, 0, 0], [0, 0, 0, 0, 0, 0, 0, 0, 0, 1, 64, 0, 9, 0, 0, 0], [0, 0, 0, 0, 0, 0, 0, 0, 0, 0, 64, 0, 4, 0, 0, 0], [0, 0, 0, 0, 0, 0, 0, 0, 1, 0, 64, 1, 9, 0, 0, 0], [0, 0, 0, 0, 0, 0, 0, 0, 0, 0, 64, 1, 6, 0, 0, 0], [0, 0, 0, 0, 0, 0, 0, 0, 0, 0, 64, 1, 9, 0, 0, 0], [0, 0, 0, 0, 0, 0, 0, 0, 0, 0, 64, 1, 9, 0, 0, 0], [0, 0, 0, 0, 1, 1, 1, 0, 1, 0, 64, 0, 9, 0, 0, 0], [0, 0, 0, 0, 0, 0, 0, 0, 0, 0, 64, 0, 4, 0, 0, 0], [0, 0, 0, 0, 0, 0, 0, 0, 0, 0, 64, 0, 9, 0, 0, 0], [0, 0, 0, 0, 0, 0, 0, 0, 0, 0, 64, 0, 11, 0, 0, 0], [0, 0, 0, 0, 0, 0, 0, 1, 0, 0, 64, 1, 14, 0, 0, 0], [0, 0, 0, 0, 0, 0, 0, 1, 0, 0, 64, 0, 14, 0, 0, 0], [0, 0, 0, 0, 0, 0, 0, 0, 0, 0, 64, 0, 7, 0, 0, 0], [0, 0, 0, 0, 0, 0, 0, 0, 0, 0, 64, 0, 7, 0, 0, 0], [0, 0, 0, 0, 0, 0, 0, 0, 0, 0, 64, 0, 9, 0, 0, 0], [0, 0, 1, 0, 0, 0, 1, 0, 1, 0, 64, 0, 7, 0, 1, 0], [0, 0, 0, 0, 0, 0, 0, 1, 0, 0, 64, 1, 12, 0, 0, 0], [0, 0, 0, 0, 0, 0, 0, 0, 0, 0, 64, 1, 14, 0, 0, 0], [0, 0, 0, 0, 0, 0, 1, 0, 0, 0, 64, 1, 12, 0, 0, 0], [0, 0, 0, 1, 0, 0, 1, 1, 0, 1, 64, 0, 14, 0, 0, 0], [0, 0, 1, 0, 0, 0, 1, 0, 1, 0, 64, 0, 10, 0, 1, 0], [0, 0, 0, 0, 0, 0, 0, 0, 0, 0, 64, 0, 14, 0, 0, 0], [0, 0, 0, 0, 0, 0, 0, 0, 0, 0, 64, 1, 9, 0, 0, 0], [1, 0, 0, 0, 0, 0, 0, 0, 1, 1, 64, 1, 4, 0, 0, 0], [0, 0, 0, 0, 0, 0, 0, 0, 0, 0, 64, 1, 10, 0, 0, 0], [0, 0, 0, 0, 0, 0, 0, 0, 0, 0, 64, 1, 4, 0, 0, 0], [0, 0, 0, 0, 0, 0, 0, 0, 0, 0, 64, 0, 14, 0, 0, 0], [0, 0, 0, 0, 0, 0, 0, 0, 0, 0, 64, 1, 4, 0, 0, 0], [0, 0, 0, 0, 0, 0, 0, 0, 0, 0, 64, 0, 4, 0, 0, 0], [0, 0, 0, 0, 0, 0, 0, 0, 0, 0, 64, 1, 5, 0, 0, 0], [0, 0, 0, 0, 0, 0, 0, 0, 0, 0, 64, 1, 4, 0, 0, 0], [0, 0, 0, 0, 0, 0, 0, 0, 0, 0, 64, 1, 6, 0, 0, 0], [0, 0, 0, 0, 0, 0, 0, 0, 0, 0, 64, 0, 11, 0, 0, 0], [0, 0, 0, 0, 0, 0, 0, 0, 1, 0, 64, 1, 10, 0, 0, 0], [0, 0, 0, 0, 0, 0, 0, 0, 0, 0, 64, 1, 5, 0, 0, 0], [0, 0, 0, 0, 0, 0, 0, 0, 0, 0, 64, 1, 11, 0, 0, 0], [0, 0, 0, 0, 0, 0, 0, 0, 0, 0, 64, 0, 10, 0, 0, 0], [0, 0, 0, 0, 0, 0, 0, 0, 0, 0, 64, 1, 5, 0, 0, 0], [0, 0, 0, 0, 0, 0, 0, 0, 0, 0, 64, 1, 4, 0, 0, 0], [0, 0, 0, 0, 0, 0, 0, 0, 0, 0, 64, 0, 9, 0, 0, 0], [0, 0, 0, 0, 0, 0, 0, 0, 0, 0, 64, 0, 11, 0, 0, 0], [0, 0, 0, 0, 0, 0, 0, 0, 0, 0, 64, 0, 14, 0, 0, 0], [0, 0, 0, 0, 0, 0, 0, 0, 0, 0, 64, 1, 9, 0, 0, 0], [0, 0, 0, 0, 0, 0, 0, 0, 0, 0, 64, 0, 7, 0, 0, 0], [0, 0, 0, 0, 0, 0, 0, 0, 0, 0, 64, 1, 14, 0, 0, 0], [0, 0, 0, 0, 0, 0, 0, 0, 0, 0, 64, 0, 9, 0, 0, 0], [0, 0, 0, 0, 0, 0, 0, 0, 0, 0, 64, 0, 11, 0, 0, 0], [0, 0, 0, 0, 0, 0, 0, 0, 0, 0, 64, 1, 14, 0, 0, 0], [0, 0, 0, 0, 0, 0, 0, 1, 0, 1, 64, 0, 14, 0, 0, 0], [0, 0, 0, 0, 0, 0, 0, 0, 0, 0, 64, 0, 14, 0, 0, 0], [0, 0, 0, 0, 0, 0, 0, 0, 0, 0, 64, 0, 14, 0, 0, 0], [0, 0, 0, 0, 0, 0, 0, 0, 0, 0, 64, 1, 14, 0, 0, 0], [0, 0, 0, 0, 0, 0, 0, 0, 0, 0, 64, 0, 8, 0, 0, 0], [0, 0, 0, 0, 0, 0, 0, 0, 0, 0, 64, 0, 5, 0, 0, 0], [0, 0, 1, 0, 0, 0, 0, 1, 0, 1, 64, 1, 9, 0, 0, 1], [0, 0, 0, 0, 0, 0, 1, 0, 1, 0, 64, 0, 8, 0, 0, 0], [0, 0, 0, 0, 0, 0, 0, 1, 0, 0, 64, 0, 14, 0, 0, 0], [0, 0, 1, 0, 0, 0, 1, 1, 1, 0, 64, 0, 10, 0, 1, 0], [0, 0, 1, 0, 0, 0, 0, 1, 0, 1, 64, 1, 10, 0, 0, 1], [0, 0, 1, 0, 0, 0, 1, 0, 1, 0, 64, 0, 5, 0, 1, 0], [0, 0, 0, 0, 0, 0, 0, 0, 0, 0, 64, 1, 10, 0, 0, 0], [0, 0, 0, 0, 1, 1, 1, 0, 0, 0, 64, 1, 12, 0, 0, 0], [0, 0, 0, 0, 0, 0, 1, 0, 1, 0, 64, 0, 14, 0, 0, 0], [0, 0, 0, 0, 0, 0, 0, 1, 0, 0, 64, 0, 14, 0, 0, 0], [0, 0, 0, 0, 0, 0, 0, 0, 0, 0, 64, 0, 10, 0, 0, 0], [0, 0, 0, 0, 0, 0, 0, 0, 0, 0, 64, 0, 4, 0, 0, 0], [0, 0, 0, 0, 0, 0, 0, 1, 0, 0, 64, 1, 9, 0, 0, 0], [0, 0, 0, 0, 0, 0, 0, 1, 0, 0, 64, 0, 14, 0, 0, 0], [0, 0, 0, 0, 0, 0, 0, 0, 0, 0, 64, 0, 10, 0, 0, 0], [0, 0, 0, 0, 0, 0, 0, 0, 0, 0, 64, 1, 5, 0, 0, 0], [0, 0, 0, 0, 0, 0, 0, 0, 0, 0, 64, 1, 10, 0, 0, 0], [0, 0, 0, 0, 0, 0, 0, 0, 0, 0, 64, 0, 4, 0, 0, 0], [0, 0, 0, 0, 0, 0, 0, 0, 0, 0, 64, 0, 14, 0, 0, 0], [0, 0, 0, 0, 0, 0, 0, 0, 0, 0, 64, 0, 6, 0, 0, 0], [0, 0, 0, 0, 0, 0, 0, 0, 0, 0, 64, 0, 6, 0, 0, 0], [0, 0, 0, 0, 0, 0, 0, 0, 0, 0, 64, 1, 4, 0, 0, 0], [0, 0, 0, 0, 0, 0, 0, 0, 0, 0, 64, 0, 14, 0, 0, 0], [0, 0, 0, 0, 0, 0, 0, 0, 0, 0, 64, 0, 9, 0, 0, 0], [0, 0, 1, 0, 0, 0, 1, 0, 1, 0, 64, 0, 9, 0, 1, 0], [0, 0, 0, 0, 0, 0, 0, 0, 0, 0, 64, 0, 14, 0, 0, 0], [0, 0, 0, 0, 0, 0, 0, 0, 0, 0, 64, 0, 11, 0, 0, 0], [0, 0, 0, 0, 0, 0, 0, 0, 0, 0, 64, 1, 10, 0, 0, 0], [0, 0, 0, 0, 0, 0, 0, 0, 0, 0, 64, 0, 14, 0, 0, 0], [0, 0, 0, 0, 0, 0, 0, 0, 0, 0, 64, 0, 9, 0, 0, 0], [0, 0, 0, 0, 0, 0, 0, 0, 0, 0, 64, 0, 14, 0, 0, 0], [0, 0, 0, 0, 0, 0, 0, 0, 0, 0, 64, 0, 10, 0, 0, 0], [0, 0, 1, 0, 1, 1, 0, 1, 0, 1, 64, 1, 10, 0, 0, 1], [0, 0, 0, 0, 0, 0, 0, 0, 0, 0, 64, 1, 4, 0, 0, 0], [0, 0, 0, 0, 0, 0, 0, 0, 0, 0, 64, 0, 5, 0, 0, 0], [0, 0, 0, 0, 0, 0, 0, 0, 0, 0, 64, 1, 11, 0, 0, 0], [0, 0, 0, 0, 0, 0, 0, 0, 0, 0, 64, 1, 11, 0, 0, 0], [0, 0, 0, 0, 0, 0, 1, 0, 1, 0, 64, 0, 9, 0, 0, 0], [0, 0, 0, 0, 0, 0, 0, 0, 0, 0, 64, 0, 14, 0, 0, 0], [0, 0, 0, 0, 0, 0, 1, 0, 1, 0, 64, 0, 9, 0, 0, 0], [0, 0, 0, 0, 0, 0, 0, 0, 0, 0, 64, 1, 13, 0, 0, 0], [0, 0, 1, 0, 0, 0, 0, 1, 0, 1, 64, 1, 5, 0, 0, 1], [1, 0, 0, 0, 0, 0, 0, 1, 1, 1, 64, 1, 9, 0, 0, 0], [0, 0, 0, 0, 0, 0, 0, 0, 0, 0, 64, 1, 9, 0, 0, 0], [0, 0, 0, 0, 0, 0, 0, 0, 0, 0, 64, 0, 4, 0, 0, 0], [0, 0, 0, 0, 0, 0, 0, 0, 0, 0, 64, 0, 9, 0, 0, 0], [0, 0, 0, 0, 0, 0, 0, 0, 0, 0, 64, 1, 12, 0, 0, 0], [0, 0, 0, 0, 0, 0, 0, 0, 0, 0, 64, 0, 10, 0, 0, 0], [0, 0, 0, 0, 0, 0, 0, 0, 0, 0, 64, 0, 10, 0, 0, 0], [1, 0, 0, 0, 0, 0, 1, 0, 1, 1, 64, 0, 11, 0, 0, 0], [0, 0, 0, 0, 0, 0, 0, 0, 0, 1, 64, 1, 9, 0, 0, 0], [0, 0, 0, 0, 0, 0, 0, 0, 0, 0, 64, 0, 11, 0, 0, 0], [0, 0, 0, 0, 0, 0, 0, 0, 0, 0, 64, 1, 12, 0, 0, 0], [0, 0, 0, 0, 0, 0, 0, 0, 0, 0, 64, 1, 14, 0, 0, 0], [0, 0, 0, 0, 0, 0, 0, 0, 0, 0, 64, 0, 9, 0, 0, 0], [0, 0, 0, 0, 0, 0, 0, 0, 0, 0, 64, 0, 14, 0, 0, 0], [0, 0, 0, 0, 0, 0, 0, 0, 0, 0, 64, 0, 9, 0, 0, 0], [0, 0, 0, 0, 0, 0, 0, 0, 0, 0, 64, 0, 12, 0, 0, 0], [0, 0, 0, 0, 0, 0, 0, 0, 0, 0, 64, 0, 4, 0, 0, 0], [0, 0, 0, 0, 0, 0, 0, 0, 0, 0, 64, 1, 14, 0, 0, 0], [0, 0, 0, 0, 0, 0, 0, 0, 0, 0, 64, 1, 10, 0, 0, 0], [0, 0, 0, 0, 0, 0, 0, 0, 0, 0, 64, 0, 13, 0, 0, 0], [0, 0, 0, 0, 0, 0, 0, 0, 0, 0, 64, 1, 9, 0, 0, 0], [0, 0, 0, 0, 0, 0, 0, 0, 0, 0, 64, 1, 5, 0, 0, 0], [0, 0, 0, 0, 0, 0, 0, 0, 0, 0, 64, 0, 4, 0, 0, 0], [0, 0, 0, 0, 0, 0, 0, 0, 0, 0, 64, 0, 14, 0, 0, 0], [0, 0, 0, 0, 0, 0, 0, 0, 0, 0, 64, 0, 14, 0, 0, 0], [0, 0, 0, 0, 0, 0, 0, 0, 0, 0, 64, 0, 14, 0, 0, 0], [0, 0, 0, 0, 0, 0, 0, 0, 0, 0, 64, 0, 14, 0, 0, 0], [0, 0, 0, 0, 0, 0, 0, 0, 0, 0, 64, 0, 8, 0, 0, 0], [0, 0, 0, 0, 0, 0, 0, 0, 0, 0, 64, 0, 10, 0, 0, 0], [0, 0, 0, 0, 0, 0, 0, 0, 0, 0, 64, 0, 13, 0, 0, 0], [0, 0, 0, 0, 0, 0, 0, 0, 0, 0, 64, 0, 14, 0, 0, 0], [0, 0, 0, 0, 0, 0, 1, 0, 1, 0, 64, 0, 10, 0, 0, 0], [0, 0, 0, 0, 0, 0, 0, 0, 0, 0, 64, 1, 14, 0, 0, 0], [0, 0, 0, 0, 0, 0, 0, 0, 0, 0, 64, 0, 14, 0, 0, 0], [0, 0, 0, 0, 0, 0, 0, 0, 0, 0, 64, 0, 14, 0, 0, 0], [0, 0, 0, 0, 0, 0, 0, 0, 0, 0, 64, 1, 10, 0, 0, 0], [0, 0, 0, 0, 0, 0, 0, 0, 0, 0, 64, 1, 12, 0, 0, 0], [0, 0, 1, 0, 0, 0, 1, 0, 1, 0, 64, 1, 10, 0, 1, 0], [0, 0, 0, 0, 0, 0, 0, 0, 0, 0, 64, 0, 12, 0, 0, 0], [0, 0, 0, 0, 0, 0, 0, 1, 0, 1, 64, 0, 6, 0, 0, 0], [0, 0, 0, 0, 0, 0, 0, 1, 0, 1, 64, 0, 7, 0, 0, 0], [0, 0, 0, 0, 0, 0, 0, 0, 0, 0, 64, 0, 14, 0, 0, 0], [0, 0, 0, 0, 0, 0, 0, 0, 0, 0, 64, 1, 14, 0, 0, 0], [0, 0, 1, 0, 0, 0, 0, 1, 0, 1, 48, 1, 13, 0, 0, 1], [0, 0, 1, 0, 0, 0, 0, 1, 0, 1, 64, 1, 12, 0, 0, 1], [0, 0, 0, 0, 0, 0, 0, 0, 0, 0, 64, 0, 5, 0, 0, 0], [0, 0, 0, 0, 0, 0, 0, 0, 0, 0, 64, 1, 11, 0, 0, 0], [0, 0, 0, 0, 0, 0, 0, 0, 0, 1, 64, 1, 14, 0, 0, 0], [0, 0, 1, 0, 0, 0, 0, 1, 0, 1, 64, 1, 10, 0, 0, 1], [0, 0, 1, 0, 0, 0, 1, 0, 1, 0, 64, 0, 14, 0, 1, 0], [0, 0, 0, 0, 0, 0, 0, 1, 0, 1, 64, 1, 14, 0, 0, 0], [0, 0, 0, 0, 0, 0, 0, 0, 0, 0, 64, 0, 5, 0, 0, 0], [0, 0, 0, 0, 0, 0, 0, 0, 0, 0, 64, 0, 5, 0, 0, 0], [0, 0, 0, 0, 0, 0, 0, 0, 0, 0, 64, 0, 4, 0, 0, 0], [0, 0, 0, 0, 0, 0, 0, 0, 0, 0, 64, 1, 8, 0, 0, 0], [0, 0, 0, 0, 0, 0, 0, 0, 0, 0, 64, 1, 13, 0, 0, 0], [0, 0, 1, 0, 0, 0, 1, 0, 1, 0, 64, 0, 14, 0, 1, 0], [0, 0, 0, 0, 0, 0, 0, 0, 1, 0, 64, 1, 10, 0, 0, 0], [0, 0, 1, 0, 0, 0, 1, 0, 1, 0, 64, 0, 12, 0, 1, 0], [0, 0, 0, 0, 0, 0, 1, 0, 0, 0, 64, 0, 14, 0, 0, 0], [0, 0, 0, 0, 0, 0, 0, 0, 0, 0, 64, 0, 4, 0, 0, 0], [0, 0, 0, 0, 0, 0, 0, 0, 0, 0, 64, 0, 11, 0, 0, 0], [0, 0, 0, 0, 0, 0, 0, 0, 0, 0, 64, 1, 9, 0, 0, 0], [0, 0, 0, 0, 0, 0, 0, 0, 0, 0, 64, 1, 13, 0, 0, 0], [0, 0, 0, 0, 0, 0, 0, 0, 0, 0, 64, 0, 9, 0, 0, 0], [0, 0, 0, 0, 0, 0, 0, 0, 0, 0, 64, 0, 14, 0, 0, 0], [0, 0, 0, 0, 0, 0, 0, 0, 0, 0, 64, 0, 14, 0, 0, 0], [0, 0, 0, 0, 0, 0, 0, 0, 0, 0, 64, 0, 4, 0, 0, 0], [0, 0, 1, 0, 0, 0, 0, 1, 0, 1, 64, 1, 9, 0, 0, 1], [0, 0, 0, 0, 0, 0, 0, 0, 0, 0, 64, 1, 10, 0, 0, 0], [0, 0, 0, 0, 0, 0, 0, 0, 0, 0, 64, 0, 7, 0, 0, 0], [0, 0, 0, 0, 0, 0, 1, 0, 1, 0, 64, 0, 10, 0, 0, 0], [0, 0, 0, 0, 1, 1, 1, 0, 0, 0, 64, 0, 9, 0, 0, 0], [0, 0, 0, 0, 0, 0, 0, 0, 0, 0, 64, 1, 9, 0, 0, 0], [0, 0, 1, 0, 0, 0, 0, 1, 0, 1, 64, 1, 9, 0, 0, 1], [0, 0, 0, 0, 0, 0, 0, 0, 0, 0, 64, 0, 4, 0, 0, 0], [0, 0, 0, 0, 0, 0, 0, 0, 0, 0, 64, 0, 4, 0, 0, 0], [1, 0, 0, 0, 0, 0, 1, 1, 1, 1, 64, 0, 7, 0, 0, 0], [0, 0, 0, 0, 0, 0, 0, 0, 0, 0, 64, 0, 4, 0, 0, 0], [0, 0, 0, 0, 0, 0, 0, 0, 0, 0, 64, 1, 6, 0, 0, 0], [0, 0, 1, 0, 0, 0, 1, 0, 1, 0, 64, 0, 5, 0, 1, 0], [0, 0, 1, 0, 0, 0, 0, 1, 0, 1, 64, 1, 9, 0, 0, 1], [0, 0, 0, 0, 0, 0, 0, 1, 0, 1, 64, 0, 10, 0, 0, 0], [0, 0, 0, 0, 0, 0, 1, 1, 0, 0, 64, 0, 14, 0, 0, 0], [0, 0, 0, 0, 0, 0, 1, 0, 1, 0, 64, 0, 5, 0, 0, 0], [0, 0, 0, 0, 0, 0, 1, 0, 1, 0, 64, 0, 6, 0, 0, 0], [1, 0, 0, 0, 0, 0, 1, 0, 1, 1, 64, 0, 7, 0, 0, 0], [0, 0, 0, 0, 0, 0, 0, 0, 0, 0, 64, 1, 8, 0, 0, 0], [0, 0, 0, 0, 0, 0, 0, 1, 0, 0, 64, 0, 14, 0, 0, 0], [0, 0, 0, 0, 0, 0, 0, 0, 0, 0, 64, 0, 12, 0, 0, 0], [0, 0, 0, 0, 0, 0, 0, 0, 0, 0, 64, 1, 4, 0, 0, 0], [0, 0, 0, 0, 0, 0, 0, 0, 0, 0, 64, 0, 10, 0, 0, 0], [0, 0, 0, 0, 0, 0, 0, 0, 0, 0, 64, 1, 9, 0, 0, 0], [0, 0, 0, 0, 0, 0, 0, 0, 0, 0, 64, 0, 4, 0, 0, 0], [0, 0, 0, 0, 0, 0, 0, 0, 0, 0, 64, 1, 9, 0, 0, 0], [0, 0, 0, 0, 0, 0, 0, 0, 0, 0, 64, 1, 12, 0, 0, 0], [0, 0, 0, 0, 0, 0, 0, 0, 0, 0, 64, 1, 12, 0, 0, 0], [0, 0, 0, 0, 0, 0, 0, 0, 0, 0, 64, 0, 11, 0, 0, 0], [0, 0, 0, 0, 0, 0, 0, 0, 0, 0, 64, 0, 14, 0, 0, 0], [0, 0, 1, 0, 0, 0, 1, 0, 1, 0, 64, 0, 14, 0, 1, 0], [0, 0, 1, 0, 0, 0, 1, 0, 1, 0, 64, 0, 10, 0, 1, 0], [0, 0, 0, 0, 0, 0, 0, 1, 0, 1, 64, 0, 11, 0, 0, 0], [0, 0, 0, 0, 0, 0, 0, 0, 0, 0, 64, 1, 9, 0, 0, 0], [0, 0, 1, 0, 0, 0, 0, 1, 0, 1, 64, 1, 9, 0, 0, 1], [0, 0, 1, 0, 0, 0, 0, 1, 0, 1, 64, 1, 7, 0, 0, 1], [0, 0, 0, 0, 0, 0, 0, 0, 0, 0, 64, 1, 7, 0, 0, 0], [0, 0, 0, 0, 0, 0, 0, 0, 0, 0, 64, 1, 7, 0, 0, 0], [0, 0, 0, 0, 0, 0, 0, 0, 0, 0, 64, 0, 4, 0, 0, 0], [0, 0, 0, 0, 0, 0, 0, 1, 0, 0, 64, 1, 9, 0, 0, 0], [0, 0, 0, 0, 0, 0, 0, 0, 0, 0, 64, 0, 6, 0, 0, 0], [0, 0, 0, 0, 0, 0, 0, 0, 0, 0, 64, 0, 6, 0, 0, 0], [0, 0, 0, 0, 0, 0, 0, 0, 0, 0, 64, 1, 9, 0, 0, 0], [0, 0, 0, 0, 0, 0, 0, 0, 0, 0, 64, 0, 14, 0, 0, 0], [0, 0, 0, 0, 0, 0, 0, 0, 0, 0, 64, 0, 14, 0, 0, 0], [0, 0, 0, 0, 0, 0, 0, 0, 0, 0, 64, 0, 14, 0, 0, 0], [0, 0, 0, 0, 0, 0, 0, 0, 0, 0, 64, 0, 9, 0, 0, 0], [0, 0, 0, 0, 0, 0, 0, 0, 0, 0, 64, 0, 4, 0, 0, 0], [0, 0, 0, 0, 0, 0, 0, 0, 0, 0, 64, 1, 10, 0, 0, 0], [0, 0, 0, 0, 0, 0, 0, 0, 0, 0, 64, 1, 14, 0, 0, 0], [0, 0, 0, 0, 0, 0, 0, 0, 0, 0, 64, 1, 14, 0, 0, 0], [0, 0, 1, 0, 1, 0, 0, 1, 0, 1, 64, 1, 10, 0, 0, 1], [0, 0, 0, 0, 0, 0, 0, 0, 0, 0, 56, 1, 6, 0, 0, 0], [0, 0, 0, 0, 0, 0, 0, 0, 0, 0, 64, 1, 11, 0, 0, 0], [0, 0, 0, 0, 0, 0, 0, 0, 0, 0, 64, 1, 9, 0, 0, 0], [0, 0, 0, 0, 0, 0, 0, 0, 0, 0, 64, 0, 14, 0, 0, 0], [0, 0, 0, 0, 0, 0, 0, 0, 0, 0, 64, 0, 8, 0, 0, 0], [0, 0, 0, 0, 0, 0, 0, 0, 0, 0, 64, 0, 11, 0, 0, 0], [0, 0, 0, 0, 0, 0, 0, 0, 0, 0, 64, 0, 6, 0, 0, 0], [0, 0, 0, 0, 0, 0, 0, 1, 0, 1, 64, 1, 8, 0, 0, 0], [0, 0, 0, 0, 0, 0, 0, 0, 0, 0, 64, 0, 9, 0, 0, 0], [0, 0, 0, 0, 0, 0, 0, 0, 0, 0, 64, 0, 11, 0, 0, 0], [0, 0, 0, 0, 0, 0, 0, 0, 0, 0, 64, 0, 6, 0, 0, 0], [0, 0, 0, 0, 0, 0, 0, 0, 0, 0, 64, 1, 11, 0, 0, 0], [0, 0, 0, 0, 0, 0, 0, 0, 0, 0, 64, 0, 9, 0, 0, 0], [0, 0, 0, 0, 0, 0, 0, 0, 0, 0, 64, 0, 13, 0, 0, 0], [0, 0, 0, 0, 0, 0, 1, 0, 1, 0, 64, 0, 8, 0, 0, 0], [0, 0, 0, 0, 0, 0, 0, 0, 0, 0, 64, 0, 9, 0, 0, 0], [0, 0, 0, 0, 0, 0, 1, 0, 1, 0, 64, 0, 8, 0, 0, 0], [0, 0, 0, 0, 0, 0, 1, 0, 1, 0, 64, 0, 7, 0, 0, 0], [0, 0, 0, 0, 0, 0, 0, 0, 0, 0, 64, 1, 9, 0, 0, 0], [0, 0, 0, 0, 0, 0, 0, 0, 0, 0, 64, 1, 5, 0, 0, 0], [0, 0, 0, 0, 0, 0, 0, 0, 0, 0, 64, 0, 5, 0, 0, 0], [0, 0, 0, 0, 0, 0, 0, 1, 0, 1, 64, 1, 9, 0, 0, 0], [0, 0, 0, 0, 0, 0, 0, 0, 0, 0, 64, 0, 4, 0, 0, 0], [0, 0, 0, 0, 0, 0, 0, 0, 0, 0, 64, 0, 9, 0, 0, 0], [0, 0, 0, 0, 0, 0, 0, 0, 0, 0, 64, 0, 10, 0, 0, 0], [0, 0, 0, 0, 0, 0, 0, 0, 0, 0, 64, 0, 4, 0, 0, 0], [0, 0, 0, 0, 0, 0, 0, 0, 0, 0, 64, 0, 14, 0, 0, 0], [0, 0, 0, 0, 0, 0, 0, 0, 0, 0, 64, 1, 14, 0, 0, 0], [0, 0, 0, 0, 0, 0, 0, 1, 0, 1, 64, 1, 10, 0, 0, 0], [0, 0, 0, 0, 0, 0, 0, 0, 0, 0, 64, 0, 14, 0, 0, 0], [0, 0, 0, 0, 0, 0, 0, 0, 0, 0, 64, 0, 7, 0, 0, 0], [0, 0, 0, 0, 0, 0, 0, 1, 0, 1, 64, 1, 12, 0, 0, 0], [0, 0, 0, 0, 0, 0, 0, 0, 0, 1, 64, 1, 11, 0, 0, 0], [0, 0, 0, 0, 0, 0, 0, 0, 0, 1, 64, 1, 4, 0, 0, 0], [0, 0, 0, 0, 0, 0, 0, 0, 0, 0, 64, 0, 10, 0, 0, 0], [0, 0, 0, 0, 0, 0, 0, 0, 1, 0, 64, 1, 10, 0, 0, 0], [0, 0, 0, 0, 0, 0, 0, 0, 0, 0, 64, 1, 9, 0, 0, 0], [0, 0, 0, 0, 0, 0, 0, 0, 0, 0, 64, 1, 9, 0, 0, 0], [0, 0, 0, 0, 0, 0, 0, 0, 0, 0, 64, 1, 9, 0, 0, 0], [0, 0, 0, 0, 0, 0, 0, 0, 0, 0, 64, 0, 9, 0, 0, 0], [0, 0, 0, 0, 0, 0, 0, 0, 0, 0, 64, 0, 7, 0, 0, 0], [0, 0, 0, 0, 0, 0, 0, 0, 0, 0, 64, 0, 8, 0, 0, 0], [1, 0, 1, 0, 0, 0, 1, 1, 1, 1, 64, 0, 14, 0, 1, 0], [0, 0, 0, 0, 0, 0, 0, 1, 0, 0, 64, 1, 14, 0, 0, 0], [0, 0, 0, 0, 0, 0, 0, 0, 0, 0, 64, 1, 11, 0, 0, 0], [0, 0, 0, 0, 1, 0, 0, 0, 0, 0, 64, 0, 14, 0, 0, 0], [0, 0, 0, 0, 0, 0, 0, 0, 0, 0, 64, 1, 4, 0, 0, 0], [0, 0, 0, 0, 0, 0, 0, 0, 0, 0, 64, 1, 6, 0, 0, 0], [0, 0, 0, 0, 0, 0, 1, 0, 0, 0, 64, 0, 9, 0, 0, 0], [0, 0, 0, 0, 0, 0, 1, 0, 0, 0, 64, 1, 11, 0, 0, 0], [0, 0, 0, 0, 0, 0, 0, 1, 0, 0, 64, 1, 14, 0, 0, 0], [0, 0, 0, 0, 1, 1, 0, 1, 0, 0, 64, 1, 9, 0, 0, 0], [0, 0, 0, 0, 0, 0, 0, 0, 0, 0, 64, 0, 9, 0, 0, 0], [0, 0, 0, 0, 0, 0, 0, 1, 0, 0, 64, 0, 14, 0, 0, 0], [0, 0, 1, 0, 0, 0, 0, 1, 0, 1, 64, 1, 12, 0, 0, 1], [0, 0, 1, 0, 0, 0, 0, 1, 0, 1, 64, 1, 12, 0, 0, 1], [0, 0, 0, 0, 0, 0, 0, 0, 0, 0, 64, 0, 14, 0, 0, 0], [0, 0, 0, 0, 0, 0, 0, 0, 0, 0, 64, 0, 14, 0, 0, 0], [0, 0, 0, 0, 0, 0, 0, 0, 0, 0, 64, 1, 11, 0, 0, 0], [0, 0, 0, 0, 0, 0, 0, 0, 0, 0, 64, 1, 14, 0, 0, 0], [0, 0, 0, 0, 0, 0, 0, 1, 0, 1, 64, 1, 5, 0, 0, 0], [0, 0, 0, 0, 0, 0, 1, 0, 1, 0, 64, 0, 8, 0, 0, 0], [0, 0, 0, 0, 0, 0, 0, 0, 0, 0, 64, 0, 10, 0, 0, 0], [0, 0, 0, 0, 0, 0, 0, 0, 0, 1, 64, 0, 5, 0, 0, 0], [0, 0, 0, 0, 0, 0, 0, 0, 0, 1, 64, 0, 5, 0, 0, 0], [0, 0, 0, 0, 0, 0, 0, 0, 0, 0, 64, 1, 10, 0, 0, 0], [0, 0, 0, 0, 0, 0, 1, 0, 0, 0, 64, 1, 12, 0, 0, 0], [0, 0, 0, 0, 0, 0, 0, 0, 0, 0, 64, 1, 7, 0, 0, 0], [0, 0, 0, 0, 0, 0, 0, 0, 0, 0, 64, 0, 5, 0, 0, 0], [0, 0, 0, 0, 0, 0, 0, 0, 0, 0, 64, 0, 14, 0, 0, 0], [0, 0, 0, 0, 0, 0, 0, 0, 0, 0, 64, 0, 12, 0, 0, 0], [0, 0, 0, 0, 0, 0, 0, 0, 0, 0, 64, 0, 9, 0, 0, 0], [0, 0, 0, 0, 0, 0, 0, 0, 1, 0, 64, 0, 8, 0, 0, 0], [0, 0, 0, 0, 0, 0, 0, 0, 0, 0, 64, 0, 14, 0, 0, 0], [0, 0, 0, 0, 0, 0, 0, 0, 0, 0, 64, 1, 14, 0, 0, 0], [0, 0, 0, 0, 0, 0, 0, 0, 0, 0, 64, 1, 14, 0, 0, 0], [0, 0, 0, 0, 0, 0, 0, 0, 0, 0, 64, 1, 14, 0, 0, 0], [0, 0, 0, 0, 0, 0, 0, 0, 0, 0, 64, 0, 14, 0, 0, 0], [0, 0, 0, 0, 0, 0, 0, 0, 0, 0, 64, 1, 12, 0, 0, 0], [0, 0, 0, 0, 1, 0, 0, 0, 0, 0, 64, 0, 12, 0, 0, 0], [0, 0, 0, 0, 0, 0, 1, 0, 1, 0, 64, 0, 5, 0, 0, 0], [0, 0, 0, 0, 0, 0, 0, 0, 0, 0, 64, 0, 7, 0, 0, 0], [0, 0, 0, 0, 0, 0, 0, 0, 0, 0, 64, 1, 14, 0, 0, 0], [0, 0, 0, 0, 0, 0, 0, 0, 0, 0, 64, 1, 12, 0, 0, 0], [0, 0, 0, 0, 1, 1, 0, 1, 0, 1, 64, 1, 9, 0, 0, 0], [0, 0, 0, 0, 0, 0, 0, 0, 0, 0, 64, 1, 9, 0, 0, 0], [0, 0, 0, 0, 1, 0, 0, 0, 0, 0, 64, 0, 14, 0, 0, 0], [1, 0, 1, 0, 0, 0, 1, 1, 1, 1, 64, 1, 11, 0, 0, 1], [0, 0, 0, 0, 0, 0, 0, 0, 0, 0, 64, 1, 7, 0, 0, 0], [0, 0, 1, 0, 0, 0, 1, 0, 1, 0, 64, 0, 12, 0, 1, 0], [0, 0, 0, 0, 0, 0, 0, 0, 0, 0, 64, 1, 11, 0, 0, 0], [0, 0, 0, 0, 0, 0, 1, 0, 0, 1, 64, 0, 9, 0, 0, 0], [0, 0, 0, 0, 0, 0, 1, 0, 1, 0, 64, 1, 10, 0, 0, 0], [0, 0, 0, 0, 0, 0, 0, 0, 0, 0, 64, 0, 10, 0, 0, 0], [0, 0, 0, 0, 0, 0, 1, 0, 1, 0, 64, 1, 13, 0, 0, 0], [0, 0, 0, 0, 0, 0, 1, 0, 1, 0, 64, 0, 13, 0, 0, 0], [0, 0, 0, 0, 0, 0, 0, 0, 0, 0, 64, 1, 10, 0, 0, 0], [0, 0, 0, 0, 0, 0, 0, 0, 0, 0, 64, 1, 14, 0, 0, 0], [0, 0, 1, 0, 0, 0, 0, 1, 0, 1, 64, 1, 14, 0, 0, 1], [0, 0, 0, 0, 0, 0, 0, 0, 0, 0, 64, 0, 4, 0, 0, 0], [0, 0, 0, 0, 0, 0, 0, 0, 1, 0, 64, 0, 14, 0, 0, 0], [0, 0, 0, 0, 0, 0, 1, 0, 0, 0, 64, 0, 14, 0, 0, 0], [0, 0, 0, 0, 0, 0, 0, 0, 0, 0, 64, 0, 12, 0, 0, 0], [0, 0, 0, 0, 0, 0, 0, 0, 0, 0, 64, 0, 9, 0, 0, 0], [0, 0, 0, 0, 0, 0, 0, 0, 0, 0, 64, 0, 9, 0, 0, 0], [0, 0, 0, 0, 0, 0, 0, 0, 0, 0, 64, 0, 14, 0, 0, 0], [0, 0, 0, 0, 0, 0, 0, 0, 0, 0, 64, 0, 9, 0, 0, 0], [0, 0, 0, 0, 0, 0, 0, 0, 0, 0, 64, 0, 4, 0, 0, 0], [0, 0, 0, 0, 0, 0, 0, 0, 0, 0, 64, 0, 9, 0, 0, 0], [0, 0, 0, 0, 0, 0, 0, 0, 0, 0, 64, 1, 9, 0, 0, 0], [0, 0, 0, 0, 0, 0, 0, 0, 0, 1, 64, 1, 4, 0, 0, 0], [0, 0, 0, 0, 0, 0, 0, 0, 0, 1, 64, 0, 6, 0, 0, 0], [0, 0, 0, 0, 0, 0, 1, 0, 1, 0, 64, 1, 10, 0, 0, 0], [0, 0, 0, 0, 0, 0, 0, 0, 0, 0, 64, 1, 10, 0, 0, 0], [0, 0, 0, 0, 0, 0, 0, 1, 0, 0, 64, 1, 9, 0, 0, 0], [0, 0, 0, 0, 0, 0, 0, 0, 0, 0, 64, 0, 9, 0, 0, 0], [0, 0, 0, 0, 0, 0, 0, 0, 0, 0, 64, 0, 4, 0, 0, 0], [0, 0, 0, 0, 0, 0, 0, 0, 0, 0, 64, 0, 9, 0, 0, 0], [0, 0, 0, 0, 0, 0, 0, 0, 0, 0, 64, 1, 14, 0, 0, 0], [0, 0, 0, 0, 0, 0, 0, 0, 0, 0, 64, 1, 9, 0, 0, 0], [0, 0, 0, 0, 0, 0, 0, 0, 0, 0, 64, 0, 14, 0, 0, 0], [0, 0, 0, 0, 0, 0, 0, 0, 0, 0, 64, 1, 9, 0, 0, 0], [0, 0, 0, 0, 0, 0, 0, 0, 0, 0, 64, 0, 12, 0, 0, 0], [0, 0, 0, 0, 0, 0, 0, 0, 0, 0, 64, 1, 9, 0, 0, 0], [0, 0, 0, 0, 0, 0, 0, 0, 0, 0, 64, 1, 9, 0, 0, 0], [0, 0, 0, 0, 0, 0, 0, 0, 0, 0, 64, 1, 14, 0, 0, 0], [0, 0, 0, 0, 0, 0, 0, 0, 0, 0, 64, 0, 14, 0, 0, 0], [0, 0, 0, 0, 0, 0, 0, 0, 0, 0, 64, 0, 5, 0, 0, 0], [0, 0, 0, 0, 0, 0, 0, 0, 0, 0, 64, 0, 5, 0, 0, 0], [0, 0, 0, 0, 0, 0, 0, 0, 0, 0, 64, 1, 10, 0, 0, 0], [0, 0, 0, 0, 0, 0, 0, 0, 0, 0, 64, 0, 13, 0, 0, 0], [0, 0, 0, 0, 1, 1, 0, 1, 0, 0, 64, 1, 9, 0, 0, 0], [0, 0, 0, 0, 0, 0, 0, 0, 0, 0, 64, 1, 9, 0, 0, 0], [0, 0, 0, 0, 0, 0, 0, 0, 0, 0, 64, 0, 14, 0, 0, 0], [0, 0, 0, 0, 0, 0, 0, 0, 0, 0, 64, 0, 14, 0, 0, 0], [0, 0, 0, 0, 0, 0, 0, 1, 0, 0, 64, 1, 14, 0, 0, 0], [0, 0, 1, 0, 0, 0, 0, 1, 0, 1, 64, 0, 14, 0, 0, 1], [0, 0, 0, 0, 0, 0, 0, 0, 0, 0, 64, 1, 9, 0, 0, 0], [0, 0, 0, 0, 0, 0, 0, 0, 0, 0, 64, 0, 9, 0, 0, 0], [0, 0, 1, 0, 0, 0, 0, 1, 0, 1, 64, 1, 9, 0, 0, 1], [0, 0, 0, 0, 0, 0, 0, 0, 0, 0, 64, 0, 9, 0, 0, 0], [0, 0, 0, 0, 0, 0, 0, 1, 0, 1, 64, 0, 11, 0, 0, 0], [0, 0, 0, 0, 0, 0, 0, 0, 0, 0, 64, 0, 11, 0, 0, 0], [0, 0, 0, 0, 0, 0, 0, 0, 0, 0, 64, 0, 7, 0, 0, 0], [0, 0, 0, 0, 0, 0, 0, 0, 0, 0, 64, 1, 14, 0, 0, 0], [0, 0, 0, 0, 0, 0, 0, 0, 1, 0, 64, 0, 7, 0, 0, 0], [0, 0, 0, 0, 0, 0, 0, 0, 1, 0, 64, 0, 11, 0, 0, 0], [0, 0, 0, 0, 0, 0, 0, 0, 0, 0, 64, 0, 14, 0, 0, 0], [0, 0, 0, 0, 0, 0, 0, 0, 0, 0, 64, 1, 14, 0, 0, 0], [0, 0, 0, 0, 0, 0, 0, 0, 0, 0, 64, 1, 12, 0, 0, 0], [0, 0, 0, 0, 0, 0, 0, 0, 0, 0, 64, 0, 9, 0, 0, 0], [0, 0, 1, 0, 0, 0, 0, 1, 0, 1, 64, 1, 14, 0, 0, 1], [0, 0, 0, 0, 0, 0, 0, 0, 0, 0, 64, 1, 11, 0, 0, 0], [0, 0, 0, 0, 0, 0, 0, 0, 0, 0, 40, 0, 9, 0, 0, 0], [0, 0, 0, 0, 0, 0, 0, 0, 0, 0, 40, 0, 9, 0, 0, 0], [0, 0, 0, 0, 0, 0, 0, 0, 0, 0, 64, 0, 12, 0, 0, 0], [0, 0, 0, 0, 0, 0, 0, 0, 0, 0, 64, 0, 8, 0, 0, 0], [0, 0, 0, 0, 0, 0, 0, 0, 0, 0, 64, 0, 8, 0, 0, 0], [0, 0, 1, 0, 0, 0, 1, 0, 1, 0, 64, 0, 10, 0, 1, 0], [0, 0, 0, 0, 0, 0, 0, 1, 0, 0, 64, 0, 10, 0, 0, 0], [0, 0, 0, 0, 0, 0, 1, 1, 1, 0, 64, 0, 14, 0, 0, 0], [0, 0, 0, 0, 0, 0, 0, 0, 0, 0, 64, 0, 5, 0, 0, 0], [0, 0, 0, 0, 0, 0, 0, 0, 0, 0, 64, 1, 8, 0, 0, 0], [0, 0, 1, 0, 0, 0, 1, 0, 1, 0, 64, 0, 13, 0, 1, 0], [0, 0, 1, 0, 0, 0, 0, 1, 0, 1, 64, 1, 9, 0, 0, 1], [0, 0, 0, 0, 0, 0, 0, 1, 0, 1, 64, 1, 14, 0, 0, 0], [0, 0, 0, 0, 0, 0, 0, 0, 0, 0, 64, 0, 10, 0, 0, 0], [0, 0, 0, 0, 0, 0, 0, 0, 0, 0, 64, 0, 7, 0, 0, 0], [0, 0, 0, 0, 0, 0, 0, 0, 0, 0, 64, 0, 9, 0, 0, 0], [0, 0, 0, 0, 0, 0, 0, 0, 0, 0, 56, 0, 6, 0, 0, 0], [0, 0, 0, 0, 0, 0, 0, 0, 0, 1, 64, 0, 4, 0, 0, 0], [0, 0, 0, 0, 0, 0, 0, 0, 0, 0, 64, 0, 9, 0, 0, 0], [0, 0, 0, 0, 0, 0, 0, 0, 0, 0, 64, 1, 12, 0, 0, 0], [0, 0, 0, 0, 0, 0, 0, 0, 1, 0, 64, 0, 12, 0, 0, 0], [0, 0, 0, 0, 0, 0, 0, 0, 0, 0, 64, 1, 13, 0, 0, 0], [0, 0, 1, 0, 0, 0, 0, 1, 0, 1, 64, 1, 9, 0, 0, 1], [0, 0, 0, 0, 0, 0, 0, 0, 0, 0, 64, 1, 7, 0, 0, 0], [0, 0, 0, 0, 0, 0, 0, 1, 0, 1, 64, 1, 9, 0, 0, 0], [0, 0, 1, 0, 0, 0, 0, 1, 0, 1, 64, 1, 12, 0, 0, 1], [0, 0, 0, 0, 0, 0, 0, 0, 0, 0, 64, 0, 11, 0, 0, 0], [0, 0, 0, 0, 0, 0, 0, 0, 0, 0, 64, 1, 11, 0, 0, 0], [0, 0, 0, 0, 0, 0, 0, 0, 0, 0, 64, 1, 4, 0, 0, 0], [0, 0, 0, 0, 0, 0, 0, 0, 0, 0, 64, 0, 6, 0, 0, 0], [0, 0, 0, 0, 0, 0, 0, 0, 0, 0, 64, 0, 13, 0, 0, 0], [0, 0, 0, 0, 0, 0, 0, 0, 0, 0, 64, 1, 9, 0, 0, 0], [0, 0, 0, 0, 0, 0, 0, 0, 0, 0, 64, 1, 11, 0, 0, 0], [1, 0, 0, 0, 0, 0, 1, 0, 1, 1, 64, 0, 6, 0, 0, 0], [0, 0, 0, 0, 0, 0, 0, 0, 0, 0, 64, 1, 9, 0, 0, 0], [0, 0, 0, 0, 0, 0, 0, 1, 0, 1, 64, 0, 8, 0, 0, 0], [0, 0, 0, 0, 0, 0, 0, 0, 0, 0, 64, 0, 5, 0, 0, 0], [0, 0, 0, 0, 0, 0, 0, 0, 0, 0, 64, 1, 5, 0, 0, 0], [0, 0, 0, 0, 0, 0, 0, 0, 0, 0, 64, 0, 8, 0, 0, 0], [0, 0, 0, 0, 0, 0, 0, 0, 0, 0, 64, 1, 7, 0, 0, 0], [0, 0, 0, 0, 0, 0, 0, 0, 0, 1, 64, 0, 10, 0, 0, 0], [0, 0, 0, 0, 0, 0, 0, 0, 0, 0, 64, 0, 9, 0, 0, 0], [1, 0, 1, 0, 0, 0, 1, 0, 1, 1, 64, 0, 8, 0, 1, 0], [0, 0, 1, 0, 0, 0, 0, 1, 0, 1, 64, 1, 13, 0, 0, 1], [0, 0, 0, 0, 0, 0, 0, 0, 0, 0, 64, 0, 5, 0, 0, 0], [0, 0, 0, 0, 0, 0, 0, 0, 1, 0, 64, 0, 4, 0, 0, 0], [0, 0, 0, 0, 0, 0, 0, 0, 0, 0, 64, 1, 10, 0, 0, 0], [0, 0, 0, 0, 0, 0, 0, 0, 0, 0, 64, 1, 11, 0, 0, 0], [0, 0, 0, 0, 0, 0, 0, 0, 0, 0, 64, 0, 4, 0, 0, 0], [0, 0, 0, 0, 0, 0, 0, 0, 0, 0, 64, 1, 5, 0, 0, 0], [0, 0, 0, 0, 0, 0, 0, 0, 0, 1, 64, 0, 4, 0, 0, 0], [1, 0, 1, 1, 0, 0, 1, 1, 1, 1, 64, 1, 10, 1, 1, 1], [0, 0, 0, 0, 0, 0, 0, 1, 0, 1, 64, 1, 13, 0, 0, 0], [0, 0, 0, 0, 0, 0, 1, 0, 1, 0, 64, 1, 11, 0, 0, 0], [0, 0, 1, 0, 0, 0, 0, 1, 0, 1, 64, 0, 10, 0, 0, 1], [1, 0, 1, 0, 0, 0, 0, 1, 1, 1, 48, 1, 12, 0, 0, 1], [0, 0, 0, 0, 0, 0, 0, 0, 0, 0, 64, 1, 13, 0, 0, 0], [0, 0, 0, 0, 0, 0, 0, 0, 0, 0, 64, 0, 14, 0, 0, 0], [0, 0, 0, 0, 0, 0, 0, 0, 0, 0, 64, 0, 4, 0, 0, 0], [0, 0, 0, 0, 0, 0, 0, 0, 0, 0, 64, 1, 4, 0, 0, 0], [0, 0, 0, 0, 0, 0, 0, 0, 0, 0, 64, 1, 9, 0, 0, 0], [0, 0, 0, 0, 0, 0, 0, 0, 0, 0, 64, 1, 14, 0, 0, 0], [0, 0, 0, 0, 0, 0, 0, 0, 0, 0, 64, 0, 8, 0, 0, 0], [0, 0, 0, 0, 0, 0, 0, 0, 0, 0, 64, 0, 6, 0, 0, 0], [0, 0, 0, 0, 0, 0, 0, 0, 0, 0, 64, 1, 9, 0, 0, 0], [0, 0, 0, 0, 0, 0, 0, 0, 0, 0, 64, 1, 9, 0, 0, 0], [0, 0, 0, 0, 0, 0, 0, 1, 0, 1, 64, 1, 7, 0, 0, 0], [0, 0, 0, 0, 0, 0, 0, 0, 0, 0, 64, 0, 8, 0, 0, 0], [1, 0, 0, 1, 0, 0, 1, 1, 1, 1, 64, 1, 10, 0, 0, 0], [0, 0, 0, 0, 0, 0, 0, 0, 0, 0, 64, 0, 14, 0, 0, 0], [0, 0, 0, 0, 0, 0, 0, 0, 0, 0, 64, 0, 6, 0, 0, 0], [0, 0, 0, 0, 0, 0, 0, 1, 0, 1, 64, 1, 11, 0, 0, 0], [0, 0, 0, 0, 0, 0, 0, 0, 0, 0, 64, 1, 10, 0, 0, 0], [0, 0, 1, 0, 0, 0, 1, 0, 1, 0, 64, 0, 5, 0, 1, 0], [0, 0, 0, 0, 0, 0, 0, 0, 0, 0, 64, 0, 9, 0, 0, 0], [0, 0, 0, 0, 0, 0, 0, 0, 0, 0, 64, 0, 9, 0, 0, 0], [0, 0, 0, 0, 0, 0, 0, 0, 0, 0, 64, 0, 13, 0, 0, 0], [0, 0, 0, 0, 0, 0, 0, 0, 0, 0, 64, 0, 10, 0, 0, 0], [0, 0, 0, 0, 0, 0, 1, 0, 1, 0, 64, 0, 9, 0, 0, 0], [0, 0, 0, 0, 0, 0, 1, 0, 1, 0, 64, 0, 11, 0, 0, 0], [0, 0, 0, 0, 0, 0, 0, 1, 0, 1, 64, 0, 10, 0, 0, 0], [0, 0, 0, 0, 0, 0, 0, 0, 0, 0, 64, 0, 4, 0, 0, 0], [0, 0, 0, 0, 0, 0, 0, 0, 0, 0, 64, 1, 9, 0, 0, 0], [0, 0, 1, 0, 0, 0, 1, 0, 1, 0, 56, 0, 10, 0, 1, 0], [0, 0, 0, 0, 0, 0, 0, 0, 0, 0, 64, 1, 4, 0, 0, 0], [0, 0, 0, 0, 0, 0, 0, 0, 0, 0, 64, 1, 4, 0, 0, 0], [0, 0, 0, 0, 0, 0, 0, 0, 0, 0, 64, 0, 10, 0, 0, 0], [0, 0, 1, 0, 0, 0, 1, 0, 1, 0, 64, 0, 14, 0, 1, 0], [0, 0, 0, 0, 0, 0, 0, 0, 0, 0, 64, 0, 9, 0, 0, 0], [0, 0, 0, 0, 0, 0, 0, 0, 0, 0, 64, 0, 4, 0, 0, 0], [0, 0, 0, 0, 0, 0, 1, 0, 0, 1, 64, 1, 10, 0, 0, 0], [0, 0, 0, 0, 0, 0, 1, 0, 0, 0, 64, 0, 13, 0, 0, 0], [0, 0, 0, 0, 0, 0, 0, 0, 0, 0, 64, 0, 9, 0, 0, 0], [0, 0, 0, 0, 0, 0, 0, 0, 0, 0, 64, 1, 9, 0, 0, 0], [0, 0, 0, 0, 0, 0, 0, 0, 0, 1, 64, 1, 4, 0, 0, 0], [0, 0, 0, 0, 0, 0, 0, 0, 1, 0, 64, 1, 5, 0, 0, 0], [0, 0, 0, 0, 0, 0, 0, 1, 0, 1, 64, 1, 9, 0, 0, 0], [0, 0, 0, 0, 0, 0, 0, 0, 0, 0, 64, 0, 9, 0, 0, 0], [0, 0, 0, 0, 0, 0, 0, 0, 0, 0, 64, 0, 5, 0, 0, 0], [0, 0, 0, 0, 0, 0, 0, 0, 0, 0, 64, 0, 5, 0, 0, 0], [0, 0, 0, 0, 0, 0, 0, 0, 0, 1, 64, 1, 14, 0, 0, 0], [0, 0, 0, 0, 0, 0, 0, 0, 0, 1, 64, 0, 14, 0, 0, 0], [0, 0, 0, 0, 0, 0, 0, 0, 0, 0, 64, 0, 10, 0, 0, 0], [0, 0, 0, 0, 0, 0, 0, 1, 0, 0, 64, 0, 10, 0, 0, 0], [0, 0, 0, 0, 0, 0, 0, 0, 0, 0, 64, 0, 13, 0, 0, 0], [0, 0, 0, 0, 0, 0, 0, 0, 0, 0, 64, 0, 13, 0, 0, 0], [0, 0, 0, 0, 0, 0, 0, 0, 0, 0, 64, 1, 9, 0, 0, 0], [0, 0, 0, 0, 0, 0, 0, 0, 1, 0, 64, 1, 6, 0, 0, 0], [0, 0, 0, 0, 0, 0, 0, 0, 0, 0, 64, 1, 9, 0, 0, 0], [0, 0, 0, 0, 0, 0, 0, 0, 0, 0, 64, 0, 10, 0, 0, 0], [0, 0, 0, 0, 0, 0, 0, 0, 0, 0, 64, 0, 14, 0, 0, 0], [0, 0, 0, 0, 0, 0, 0, 0, 0, 0, 64, 0, 14, 0, 0, 0], [0, 0, 0, 0, 0, 0, 0, 0, 0, 0, 64, 0, 12, 0, 0, 0], [0, 0, 0, 0, 0, 0, 0, 0, 1, 0, 64, 1, 9, 0, 0, 0], [0, 0, 0, 0, 0, 0, 0, 0, 0, 0, 64, 1, 9, 0, 0, 0], [0, 0, 0, 0, 0, 0, 0, 0, 0, 0, 64, 1, 9, 0, 0, 0], [0, 0, 0, 0, 0, 0, 0, 0, 0, 0, 64, 0, 12, 0, 0, 0], [0, 0, 0, 0, 0, 0, 0, 0, 0, 0, 64, 0, 10, 0, 0, 0], [0, 0, 0, 0, 0, 0, 0, 0, 0, 0, 64, 0, 10, 0, 0, 0], [0, 0, 0, 0, 0, 0, 0, 0, 0, 0, 64, 0, 9, 0, 0, 0], [0, 0, 0, 0, 0, 0, 0, 1, 0, 1, 64, 1, 14, 0, 0, 0], [0, 0, 0, 0, 0, 0, 0, 0, 1, 0, 64, 0, 14, 0, 0, 0], [0, 0, 0, 0, 0, 0, 0, 0, 0, 0, 64, 1, 13, 0, 0, 0], [0, 0, 0, 0, 0, 0, 0, 0, 1, 0, 64, 1, 10, 0, 0, 0], [0, 0, 0, 0, 0, 0, 0, 0, 0, 0, 64, 1, 13, 0, 0, 0], [0, 0, 0, 0, 0, 0, 0, 0, 0, 0, 64, 0, 14, 0, 0, 0], [0, 0, 0, 0, 0, 0, 0, 0, 0, 0, 64, 1, 12, 0, 0, 0], [0, 0, 0, 0, 0, 0, 1, 0, 0, 0, 64, 1, 14, 0, 0, 0], [0, 0, 0, 0, 0, 0, 0, 0, 0, 0, 64, 1, 5, 0, 0, 0], [0, 0, 0, 0, 0, 0, 0, 0, 0, 0, 64, 0, 11, 0, 0, 0], [0, 0, 0, 0, 0, 0, 0, 1, 0, 1, 64, 1, 14, 0, 0, 0], [0, 0, 0, 0, 0, 0, 0, 0, 0, 0, 64, 0, 14, 0, 0, 0], [0, 0, 0, 0, 0, 0, 0, 0, 0, 0, 64, 0, 14, 0, 0, 0], [0, 0, 0, 0, 0, 0, 0, 0, 0, 0, 64, 0, 14, 0, 0, 0], [0, 0, 0, 0, 0, 0, 0, 0, 0, 0, 64, 1, 10, 0, 0, 0], [0, 0, 0, 0, 0, 0, 0, 0, 0, 0, 64, 1, 9, 0, 0, 0], [0, 0, 0, 0, 0, 0, 0, 0, 0, 0, 64, 0, 14, 0, 0, 0], [0, 0, 0, 0, 0, 0, 0, 0, 0, 0, 64, 1, 9, 0, 0, 0], [0, 0, 0, 0, 0, 0, 0, 0, 0, 0, 64, 0, 9, 0, 0, 0], [0, 0, 0, 0, 0, 0, 0, 0, 0, 0, 64, 0, 4, 0, 0, 0], [0, 0, 0, 0, 0, 0, 0, 0, 0, 0, 64, 0, 9, 0, 0, 0], [0, 0, 0, 0, 0, 0, 0, 0, 0, 0, 64, 1, 9, 0, 0, 0], [0, 0, 0, 0, 0, 0, 0, 0, 0, 0, 64, 1, 9, 0, 0, 0], [0, 0, 0, 0, 0, 0, 0, 0, 0, 0, 64, 0, 4, 0, 0, 0], [0, 0, 0, 0, 0, 0, 0, 0, 1, 0, 64, 0, 6, 0, 0, 0], [0, 0, 1, 0, 0, 0, 1, 0, 1, 0, 64, 1, 11, 0, 1, 0], [0, 0, 1, 0, 1, 1, 0, 1, 0, 1, 64, 0, 11, 0, 0, 1], [0, 0, 0, 0, 0, 0, 0, 0, 0, 0, 64, 1, 14, 0, 0, 0], [0, 0, 1, 0, 0, 0, 1, 0, 1, 0, 64, 0, 13, 0, 1, 0], [0, 0, 0, 0, 0, 0, 0, 1, 0, 1, 64, 0, 11, 0, 0, 0], [0, 0, 0, 0, 0, 0, 0, 0, 0, 1, 56, 1, 9, 0, 0, 0], [0, 0, 0, 0, 0, 0, 0, 0, 0, 0, 64, 1, 14, 0, 0, 0], [0, 0, 0, 0, 0, 0, 0, 0, 0, 0, 64, 1, 10, 0, 0, 0], [0, 0, 0, 0, 0, 0, 0, 0, 0, 0, 64, 1, 5, 0, 0, 0], [0, 0, 1, 0, 0, 0, 1, 0, 1, 0, 64, 0, 14, 0, 1, 0], [0, 0, 0, 0, 0, 0, 0, 0, 0, 0, 64, 1, 12, 0, 0, 0], [0, 0, 0, 0, 0, 0, 0, 0, 0, 0, 64, 1, 9, 0, 0, 0], [0, 0, 0, 0, 0, 0, 0, 0, 0, 0, 64, 0, 11, 0, 0, 0], [0, 0, 0, 0, 0, 0, 0, 0, 0, 0, 64, 0, 5, 0, 0, 0], [0, 0, 0, 0, 0, 0, 0, 0, 0, 0, 64, 0, 14, 0, 0, 0], [0, 0, 0, 0, 0, 0, 0, 0, 0, 0, 64, 0, 14, 0, 0, 0], [0, 0, 0, 0, 0, 0, 0, 0, 0, 1, 64, 1, 4, 0, 0, 0], [0, 0, 0, 0, 0, 0, 0, 0, 0, 0, 64, 1, 9, 0, 0, 0], [0, 0, 0, 0, 0, 0, 0, 0, 0, 0, 64, 0, 9, 0, 0, 0], [0, 0, 0, 0, 0, 0, 0, 0, 0, 0, 64, 0, 9, 0, 0, 0], [0, 0, 0, 0, 0, 0, 0, 0, 0, 0, 64, 1, 14, 0, 0, 0], [0, 0, 0, 0, 0, 0, 0, 0, 0, 0, 64, 1, 9, 0, 0, 0], [0, 0, 0, 0, 0, 0, 0, 0, 0, 0, 64, 0, 9, 0, 0, 0], [0, 0, 0, 0, 0, 0, 0, 0, 0, 0, 64, 1, 7, 0, 0, 0], [0, 0, 0, 0, 0, 0, 0, 0, 0, 0, 64, 0, 9, 0, 0, 0], [0, 0, 0, 0, 0, 0, 0, 0, 0, 0, 64, 0, 10, 0, 0, 0], [0, 0, 1, 0, 0, 0, 0, 1, 0, 1, 64, 0, 11, 0, 0, 1], [0, 0, 0, 0, 0, 0, 0, 0, 0, 0, 64, 0, 12, 0, 0, 0], [0, 0, 0, 0, 0, 0, 0, 0, 1, 0, 64, 0, 14, 0, 0, 0], [0, 0, 0, 0, 0, 0, 0, 0, 0, 0, 64, 0, 9, 0, 0, 0], [0, 0, 0, 0, 0, 0, 0, 0, 0, 0, 64, 1, 9, 0, 0, 0], [0, 0, 0, 0, 0, 0, 0, 0, 0, 0, 64, 0, 9, 0, 0, 0], [0, 0, 0, 0, 0, 0, 0, 0, 0, 0, 64, 0, 6, 0, 0, 0], [0, 0, 1, 0, 0, 0, 0, 1, 0, 1, 64, 1, 9, 0, 0, 1], [0, 0, 1, 0, 0, 0, 1, 0, 1, 0, 64, 0, 9, 0, 1, 0], [0, 0, 1, 0, 0, 0, 1, 0, 1, 0, 64, 0, 14, 0, 1, 0], [0, 0, 1, 0, 1, 0, 0, 1, 0, 1, 64, 1, 5, 0, 0, 1], [0, 0, 0, 0, 0, 0, 0, 0, 0, 0, 64, 0, 10, 0, 0, 0], [0, 0, 0, 0, 0, 0, 0, 0, 1, 0, 64, 1, 9, 0, 0, 0], [0, 0, 1, 0, 0, 0, 0, 1, 0, 1, 64, 1, 14, 0, 0, 1], [0, 0, 0, 0, 0, 0, 0, 0, 0, 0, 64, 1, 6, 0, 0, 0], [0, 0, 1, 0, 0, 0, 1, 0, 1, 0, 64, 0, 12, 0, 1, 0], [0, 0, 0, 0, 0, 0, 0, 0, 1, 0, 64, 1, 9, 0, 0, 0], [0, 0, 0, 0, 0, 0, 0, 0, 0, 0, 64, 0, 9, 0, 0, 0], [0, 0, 0, 0, 0, 0, 0, 0, 0, 0, 64, 1, 10, 0, 0, 0], [0, 0, 1, 0, 0, 0, 0, 1, 0, 1, 64, 1, 11, 0, 0, 1], [0, 0, 0, 0, 0, 0, 0, 1, 0, 0, 64, 0, 12, 0, 0, 0], [0, 0, 0, 0, 0, 0, 0, 0, 0, 0, 64, 0, 7, 0, 0, 0], [0, 0, 0, 0, 0, 0, 0, 0, 0, 0, 64, 1, 9, 0, 0, 0], [0, 0, 0, 0, 0, 0, 0, 1, 0, 0, 64, 0, 14, 0, 0, 0], [0, 0, 0, 0, 0, 0, 0, 0, 0, 0, 64, 0, 5, 0, 0, 0], [0, 0, 0, 0, 0, 0, 0, 1, 0, 1, 64, 1, 12, 0, 0, 0], [0, 0, 0, 0, 1, 0, 0, 0, 0, 0, 64, 0, 14, 0, 0, 0], [0, 0, 0, 0, 0, 0, 0, 0, 0, 0, 64, 0, 14, 0, 0, 0], [0, 0, 0, 0, 0, 0, 0, 0, 0, 0, 64, 0, 7, 0, 0, 0], [0, 0, 1, 0, 0, 0, 0, 1, 0, 1, 64, 1, 12, 0, 0, 1], [0, 0, 1, 0, 0, 0, 1, 0, 1, 0, 64, 0, 7, 0, 1, 0], [0, 0, 0, 0, 0, 0, 0, 0, 0, 0, 64, 1, 9, 0, 0, 0], [0, 0, 0, 0, 0, 0, 0, 0, 0, 0, 64, 1, 5, 0, 0, 0], [0, 0, 0, 0, 0, 0, 0, 0, 1, 0, 64, 0, 9, 0, 0, 0], [0, 0, 0, 0, 0, 0, 0, 0, 0, 0, 64, 1, 11, 0, 0, 0], [0, 0, 0, 0, 0, 0, 0, 0, 0, 0, 64, 0, 8, 0, 0, 0], [0, 0, 0, 0, 0, 0, 0, 0, 0, 0, 56, 1, 9, 0, 0, 0], [0, 0, 1, 0, 0, 0, 0, 1, 0, 1, 64, 1, 11, 0, 0, 1], [0, 0, 0, 0, 0, 0, 0, 0, 0, 0, 64, 0, 9, 0, 0, 0], [0, 0, 0, 0, 0, 0, 0, 0, 0, 0, 64, 1, 9, 0, 0, 0], [0, 0, 0, 0, 0, 0, 0, 0, 0, 0, 64, 0, 9, 0, 0, 0], [0, 0, 0, 0, 0, 0, 0, 0, 0, 0, 64, 1, 4, 0, 0, 0], [0, 0, 0, 0, 0, 0, 0, 0, 0, 0, 64, 1, 9, 0, 0, 0], [1, 0, 0, 0, 0, 0, 0, 1, 1, 1, 64, 1, 12, 0, 0, 0], [0, 0, 0, 0, 0, 0, 0, 0, 0, 0, 64, 0, 12, 0, 0, 0], [0, 0, 0, 0, 0, 0, 0, 0, 0, 0, 64, 0, 4, 0, 0, 0], [0, 0, 0, 0, 0, 0, 0, 0, 0, 0, 64, 0, 9, 0, 0, 0], [0, 0, 0, 0, 0, 0, 0, 0, 0, 0, 64, 0, 11, 0, 0, 0], [0, 0, 0, 0, 0, 0, 0, 0, 0, 0, 64, 0, 10, 0, 0, 0], [0, 0, 0, 0, 0, 0, 0, 0, 0, 0, 64, 1, 14, 0, 0, 0], [0, 0, 0, 0, 0, 0, 0, 1, 0, 1, 64, 1, 10, 0, 0, 0], [0, 0, 0, 0, 0, 0, 0, 1, 0, 1, 64, 1, 8, 0, 0, 0], [0, 0, 0, 0, 0, 0, 0, 0, 0, 0, 64, 0, 6, 0, 0, 0], [0, 0, 0, 0, 0, 0, 0, 0, 0, 0, 64, 0, 12, 0, 0, 0], [0, 0, 1, 0, 0, 0, 1, 1, 1, 0, 64, 0, 10, 0, 1, 0], [0, 0, 0, 0, 0, 0, 0, 0, 0, 0, 64, 0, 4, 0, 0, 0], [0, 0, 0, 0, 0, 0, 1, 1, 0, 1, 64, 1, 12, 0, 0, 0], [0, 0, 0, 0, 0, 0, 1, 0, 0, 1, 64, 1, 14, 0, 0, 0], [0, 0, 0, 0, 0, 0, 0, 0, 1, 0, 64, 0, 10, 0, 0, 0], [0, 0, 0, 0, 0, 0, 0, 0, 1, 0, 64, 0, 9, 0, 0, 0], [0, 0, 0, 0, 0, 0, 0, 0, 0, 0, 64, 0, 10, 0, 0, 0], [0, 0, 0, 0, 0, 0, 0, 0, 0, 0, 64, 1, 9, 0, 0, 0], [0, 0, 0, 0, 0, 0, 0, 0, 0, 0, 64, 1, 5, 0, 0, 0], [0, 0, 0, 0, 0, 0, 0, 0, 0, 0, 64, 0, 14, 0, 0, 0], [0, 0, 0, 0, 0, 0, 0, 0, 0, 0, 64, 1, 14, 0, 0, 0], [0, 0, 0, 0, 0, 0, 0, 0, 0, 0, 64, 1, 14, 0, 0, 0], [0, 0, 0, 0, 0, 0, 0, 0, 0, 0, 64, 1, 6, 0, 0, 0], [0, 0, 0, 0, 0, 0, 0, 0, 0, 0, 64, 0, 10, 0, 0, 0], [0, 0, 0, 0, 0, 0, 0, 0, 0, 0, 64, 0, 14, 0, 0, 0], [0, 0, 1, 0, 0, 0, 0, 1, 0, 1, 64, 1, 14, 0, 0, 1], [0, 0, 0, 0, 0, 0, 0, 0, 0, 0, 64, 1, 14, 0, 0, 0], [0, 0, 0, 0, 0, 0, 0, 0, 0, 0, 64, 1, 9, 0, 0, 0], [0, 0, 0, 0, 0, 0, 0, 0, 0, 0, 64, 1, 9, 0, 0, 0], [0, 0, 0, 0, 0, 0, 0, 0, 0, 0, 64, 1, 4, 0, 0, 0], [0, 0, 0, 0, 0, 0, 0, 0, 0, 0, 64, 1, 4, 0, 0, 0], [0, 0, 0, 0, 0, 0, 0, 0, 0, 0, 64, 0, 11, 0, 0, 0], [0, 0, 0, 0, 0, 0, 1, 1, 0, 1, 64, 1, 12, 0, 0, 0], [0, 0, 0, 0, 0, 0, 0, 0, 0, 0, 64, 1, 6, 0, 0, 0], [0, 0, 0, 0, 0, 0, 0, 0, 0, 0, 64, 0, 9, 0, 0, 0], [0, 0, 0, 0, 0, 0, 0, 0, 0, 0, 64, 1, 9, 0, 0, 0], [0, 0, 0, 0, 0, 0, 0, 0, 1, 0, 64, 1, 8, 0, 0, 0], [0, 0, 0, 0, 0, 0, 1, 0, 0, 0, 64, 0, 10, 0, 0, 0], [0, 0, 0, 0, 0, 0, 0, 1, 0, 0, 64, 1, 9, 0, 0, 0], [0, 0, 0, 0, 0, 0, 0, 0, 0, 0, 64, 1, 11, 0, 0, 0], [0, 0, 0, 0, 0, 0, 0, 0, 0, 0, 64, 0, 7, 0, 0, 0], [0, 0, 0, 0, 0, 0, 1, 0, 1, 0, 64, 1, 10, 0, 0, 0], [0, 0, 0, 0, 0, 0, 0, 0, 0, 0, 64, 1, 9, 0, 0, 0], [0, 0, 0, 0, 0, 0, 0, 0, 0, 0, 64, 1, 9, 0, 0, 0], [0, 0, 0, 0, 0, 0, 0, 0, 0, 0, 64, 1, 9, 0, 0, 0], [0, 0, 0, 0, 0, 0, 0, 0, 0, 0, 64, 0, 14, 0, 0, 0], [0, 0, 0, 0, 0, 0, 0, 0, 0, 0, 64, 1, 14, 0, 0, 0], [0, 0, 0, 0, 0, 0, 0, 0, 0, 0, 64, 0, 14, 0, 0, 0], [0, 0, 0, 0, 0, 0, 0, 0, 1, 0, 64, 0, 14, 0, 0, 0], [0, 0, 0, 0, 0, 0, 0, 0, 0, 0, 64, 1, 10, 0, 0, 0], [0, 0, 0, 0, 0, 0, 0, 0, 0, 0, 64, 1, 14, 0, 0, 0], [1, 0, 0, 0, 0, 0, 1, 1, 1, 1, 64, 0, 9, 0, 0, 0], [0, 0, 0, 0, 0, 0, 0, 1, 0, 1, 64, 1, 7, 0, 0, 0], [0, 0, 0, 0, 0, 0, 0, 0, 0, 0, 64, 1, 9, 0, 0, 0], [0, 0, 0, 0, 0, 0, 0, 0, 0, 1, 64, 1, 5, 0, 0, 0], [0, 0, 0, 0, 0, 0, 0, 0, 0, 0, 64, 1, 8, 0, 0, 0], [0, 0, 0, 0, 0, 0, 0, 0, 0, 0, 64, 1, 8, 0, 0, 0], [0, 0, 0, 0, 0, 0, 0, 0, 0, 0, 64, 0, 14, 0, 0, 0], [0, 0, 0, 0, 0, 0, 0, 0, 0, 0, 56, 0, 10, 0, 0, 0], [0, 0, 0, 0, 0, 0, 0, 0, 0, 0, 64, 1, 9, 0, 0, 0], [0, 0, 0, 0, 0, 0, 0, 0, 0, 0, 64, 0, 14, 0, 0, 0], [0, 0, 0, 0, 0, 0, 0, 0, 0, 0, 64, 1, 14, 0, 0, 0], [0, 0, 0, 0, 0, 0, 0, 0, 0, 0, 64, 0, 14, 0, 0, 0], [0, 0, 0, 0, 0, 0, 0, 0, 0, 0, 64, 0, 14, 0, 0, 0], [0, 0, 0, 0, 0, 0, 0, 0, 0, 0, 64, 1, 9, 0, 0, 0], [0, 0, 0, 0, 0, 0, 0, 0, 0, 0, 64, 1, 5, 0, 0, 0], [0, 0, 0, 0, 0, 0, 0, 0, 0, 0, 64, 1, 5, 0, 0, 0], [0, 0, 0, 0, 0, 0, 0, 0, 0, 0, 48, 0, 7, 0, 0, 0], [0, 0, 0, 0, 0, 0, 1, 0, 1, 0, 64, 0, 9, 0, 0, 0], [0, 0, 0, 0, 0, 0, 0, 1, 0, 1, 64, 1, 9, 0, 0, 0], [0, 0, 0, 0, 0, 0, 0, 1, 0, 1, 64, 0, 12, 0, 0, 0], [0, 0, 1, 0, 0, 0, 0, 1, 0, 1, 64, 1, 10, 0, 0, 1], [0, 0, 0, 0, 0, 0, 0, 0, 0, 0, 64, 1, 9, 0, 0, 0], [0, 0, 0, 0, 0, 0, 0, 0, 0, 0, 64, 0, 6, 0, 0, 0], [0, 0, 0, 0, 0, 0, 0, 0, 0, 0, 64, 1, 9, 0, 0, 0], [0, 0, 0, 0, 0, 0, 0, 0, 0, 0, 64, 0, 4, 0, 0, 0], [0, 0, 0, 0, 0, 0, 0, 0, 0, 0, 64, 1, 4, 0, 0, 0], [0, 0, 0, 0, 0, 0, 0, 0, 0, 0, 64, 0, 12, 0, 0, 0], [0, 0, 0, 0, 0, 0, 0, 0, 0, 0, 64, 0, 14, 0, 0, 0], [0, 0, 1, 0, 0, 0, 1, 0, 1, 0, 64, 0, 14, 0, 1, 0], [0, 0, 0, 0, 0, 0, 1, 0, 1, 0, 64, 0, 14, 0, 0, 0], [0, 0, 0, 0, 0, 0, 0, 0, 0, 0, 64, 1, 9, 0, 0, 0], [0, 0, 0, 0, 0, 0, 0, 0, 0, 0, 64, 0, 14, 0, 0, 0], [0, 0, 0, 0, 0, 0, 0, 0, 0, 1, 64, 1, 8, 0, 0, 0], [0, 0, 0, 0, 0, 0, 0, 0, 0, 0, 64, 1, 6, 0, 0, 0], [0, 0, 0, 0, 0, 0, 0, 0, 0, 0, 64, 0, 5, 0, 0, 0], [0, 0, 0, 0, 0, 0, 0, 0, 0, 0, 64, 0, 9, 0, 0, 0], [0, 0, 0, 0, 0, 0, 0, 0, 0, 0, 64, 0, 9, 0, 0, 0], [0, 0, 0, 0, 0, 0, 0, 0, 0, 0, 64, 1, 6, 0, 0, 0], [0, 0, 0, 0, 0, 0, 0, 0, 0, 0, 64, 0, 9, 0, 0, 0], [0, 0, 0, 0, 0, 0, 0, 0, 0, 0, 64, 0, 5, 0, 0, 0], [0, 0, 0, 0, 0, 0, 0, 0, 0, 0, 64, 0, 14, 0, 0, 0], [0, 0, 0, 0, 0, 0, 0, 0, 0, 0, 64, 0, 14, 0, 0, 0], [0, 0, 0, 0, 0, 0, 0, 1, 0, 0, 64, 0, 10, 0, 0, 0], [0, 0, 0, 0, 0, 0, 0, 0, 0, 0, 64, 0, 9, 0, 0, 0], [0, 0, 0, 0, 0, 0, 0, 0, 0, 0, 64, 1, 10, 0, 0, 0], [0, 0, 0, 0, 0, 0, 0, 0, 0, 0, 64, 1, 6, 0, 0, 0], [0, 0, 0, 0, 0, 0, 0, 0, 0, 0, 64, 0, 6, 0, 0, 0], [0, 0, 0, 0, 0, 0, 0, 0, 0, 0, 64, 1, 11, 0, 0, 0], [0, 0, 0, 0, 0, 0, 1, 0, 1, 0, 64, 0, 9, 0, 0, 0], [0, 0, 0, 0, 0, 0, 1, 0, 1, 0, 64, 0, 7, 0, 0, 0], [0, 0, 0, 0, 0, 0, 0, 0, 0, 0, 64, 1, 4, 0, 0, 0], [0, 0, 0, 0, 0, 0, 0, 0, 0, 0, 64, 1, 4, 0, 0, 0], [0, 0, 0, 0, 0, 0, 0, 0, 0, 0, 64, 0, 9, 0, 0, 0], [0, 0, 0, 0, 0, 0, 0, 0, 0, 0, 64, 1, 5, 0, 0, 0], [0, 0, 0, 0, 0, 0, 0, 0, 0, 0, 64, 1, 9, 0, 0, 0], [0, 0, 0, 0, 0, 0, 1, 0, 0, 0, 64, 1, 11, 0, 0, 0], [0, 0, 0, 0, 0, 0, 0, 0, 0, 0, 64, 0, 12, 0, 0, 0], [0, 0, 0, 0, 0, 0, 0, 0, 0, 0, 64, 1, 9, 0, 0, 0], [0, 0, 0, 0, 0, 0, 0, 0, 0, 0, 64, 1, 14, 0, 0, 0], [0, 0, 0, 0, 0, 0, 0, 0, 0, 0, 64, 0, 12, 0, 0, 0], [0, 0, 0, 0, 0, 0, 0, 0, 1, 0, 64, 0, 14, 0, 0, 0], [0, 0, 0, 0, 0, 0, 0, 0, 0, 0, 64, 0, 12, 0, 0, 0], [0, 0, 0, 0, 0, 0, 0, 0, 0, 1, 64, 0, 9, 0, 0, 0], [0, 0, 0, 0, 0, 0, 0, 0, 0, 0, 64, 0, 5, 0, 0, 0], [0, 0, 0, 0, 0, 0, 0, 0, 0, 0, 64, 1, 9, 0, 0, 0], [0, 0, 0, 0, 0, 0, 0, 0, 0, 0, 64, 1, 9, 0, 0, 0], [0, 0, 0, 0, 0, 0, 0, 0, 0, 0, 64, 0, 6, 0, 0, 0], [0, 0, 0, 0, 0, 0, 0, 0, 0, 0, 64, 1, 10, 0, 0, 0], [0, 0, 0, 0, 0, 0, 0, 0, 0, 0, 64, 1, 13, 0, 0, 0], [0, 0, 0, 0, 0, 0, 0, 0, 0, 0, 64, 1, 4, 0, 0, 0], [0, 0, 0, 0, 0, 0, 0, 0, 0, 0, 64, 1, 14, 0, 0, 0], [0, 0, 0, 0, 0, 0, 0, 0, 0, 0, 64, 0, 14, 0, 0, 0], [0, 0, 0, 0, 0, 0, 0, 0, 0, 0, 64, 1, 6, 0, 0, 0], [0, 0, 0, 0, 0, 0, 0, 0, 0, 0, 64, 1, 11, 0, 0, 0], [0, 0, 0, 0, 0, 0, 0, 0, 0, 0, 64, 1, 9, 0, 0, 0], [0, 0, 0, 0, 0, 0, 0, 0, 0, 0, 64, 0, 4, 0, 0, 0], [0, 0, 0, 0, 0, 0, 0, 1, 0, 1, 64, 1, 5, 0, 0, 0], [0, 0, 0, 0, 0, 0, 0, 0, 0, 0, 64, 1, 14, 0, 0, 0], [0, 0, 0, 0, 0, 0, 0, 0, 0, 0, 64, 1, 6, 0, 0, 0], [0, 0, 0, 0, 0, 0, 0, 0, 0, 0, 64, 1, 9, 0, 0, 0], [0, 0, 1, 0, 0, 0, 0, 1, 0, 1, 48, 1, 8, 0, 0, 1], [0, 0, 0, 0, 0, 0, 0, 0, 0, 0, 64, 0, 9, 0, 0, 0], [0, 0, 0, 0, 0, 0, 0, 0, 0, 0, 64, 0, 9, 0, 0, 0], [0, 0, 0, 0, 0, 0, 0, 0, 0, 0, 64, 0, 9, 0, 0, 0], [0, 0, 0, 0, 0, 0, 0, 0, 0, 0, 64, 0, 9, 0, 0, 0], [0, 0, 0, 0, 0, 0, 0, 0, 0, 0, 64, 1, 9, 0, 0, 0], [0, 0, 1, 0, 0, 0, 1, 0, 1, 0, 64, 1, 10, 0, 1, 0], [0, 0, 0, 0, 0, 0, 0, 0, 0, 0, 64, 1, 5, 0, 0, 0], [0, 0, 0, 0, 0, 0, 0, 0, 0, 0, 64, 1, 4, 0, 0, 0], [0, 0, 1, 0, 0, 0, 0, 1, 0, 1, 64, 0, 9, 0, 0, 1], [0, 0, 0, 0, 0, 0, 0, 0, 0, 0, 64, 1, 9, 0, 0, 0], [0, 0, 0, 0, 0, 0, 0, 0, 0, 0, 64, 0, 12, 0, 0, 0], [0, 0, 0, 0, 0, 0, 0, 0, 0, 0, 64, 0, 9, 0, 0, 0], [0, 0, 0, 0, 0, 0, 0, 0, 0, 0, 64, 0, 14, 0, 0, 0], [0, 0, 0, 0, 0, 0, 0, 0, 0, 0, 64, 1, 8, 0, 0, 0], [0, 0, 0, 0, 0, 0, 0, 1, 0, 1, 64, 1, 14, 0, 0, 0], [0, 0, 0, 0, 0, 0, 0, 0, 0, 0, 64, 0, 10, 0, 0, 0], [0, 0, 0, 0, 0, 0, 0, 0, 0, 0, 64, 0, 6, 0, 0, 0], [0, 0, 0, 0, 0, 0, 0, 0, 0, 0, 56, 1, 4, 0, 0, 0], [0, 0, 0, 0, 0, 0, 0, 0, 0, 1, 56, 1, 9, 0, 0, 0], [0, 0, 0, 0, 0, 0, 0, 0, 0, 0, 64, 1, 10, 0, 0, 0], [0, 0, 0, 0, 0, 0, 0, 1, 0, 1, 64, 0, 10, 0, 0, 0], [0, 0, 0, 0, 1, 0, 0, 0, 0, 0, 64, 1, 9, 0, 0, 0], [0, 0, 0, 0, 0, 0, 0, 0, 0, 0, 64, 1, 9, 0, 0, 0], [0, 0, 0, 0, 0, 0, 0, 1, 0, 1, 64, 1, 12, 0, 0, 0], [0, 0, 0, 0, 0, 0, 0, 0, 0, 0, 64, 1, 11, 0, 0, 0], [0, 0, 0, 0, 0, 0, 0, 0, 0, 0, 64, 1, 8, 0, 0, 0], [0, 0, 0, 0, 0, 0, 0, 0, 0, 0, 64, 1, 9, 0, 0, 0], [0, 0, 0, 0, 0, 0, 0, 0, 0, 0, 64, 0, 10, 0, 0, 0], [0, 0, 0, 0, 0, 0, 0, 0, 0, 0, 64, 0, 10, 0, 0, 0], [0, 0, 0, 0, 0, 0, 0, 0, 0, 0, 64, 0, 9, 0, 0, 0], [0, 0, 0, 0, 0, 0, 0, 0, 0, 0, 64, 1, 10, 0, 0, 0], [0, 0, 0, 0, 0, 0, 0, 0, 0, 1, 64, 0, 14, 0, 0, 0], [0, 0, 0, 0, 0, 0, 0, 0, 0, 0, 64, 0, 14, 0, 0, 0], [1, 0, 1, 0, 0, 0, 0, 1, 1, 1, 64, 1, 14, 0, 0, 1], [0, 0, 1, 0, 0, 0, 0, 1, 0, 1, 64, 1, 11, 0, 0, 1], [0, 0, 0, 0, 0, 0, 0, 0, 0, 0, 64, 0, 9, 0, 0, 0], [0, 0, 0, 0, 0, 0, 0, 0, 0, 0, 64, 0, 9, 0, 0, 0], [0, 0, 0, 0, 0, 0, 0, 0, 0, 0, 64, 0, 12, 0, 0, 0], [0, 0, 1, 0, 0, 0, 0, 1, 0, 1, 64, 1, 10, 0, 0, 1], [0, 0, 0, 0, 0, 0, 0, 0, 0, 0, 64, 0, 8, 0, 0, 0], [0, 0, 0, 0, 0, 0, 0, 0, 0, 0, 64, 0, 9, 0, 0, 0], [1, 0, 1, 0, 0, 0, 1, 0, 1, 1, 64, 0, 14, 0, 1, 0], [0, 0, 0, 0, 0, 0, 0, 0, 0, 0, 64, 0, 6, 0, 0, 0], [0, 0, 0, 0, 0, 0, 0, 0, 0, 0, 64, 0, 12, 0, 0, 0], [0, 0, 0, 0, 0, 0, 1, 0, 0, 0, 64, 0, 14, 0, 0, 0], [0, 0, 0, 0, 0, 0, 0, 0, 0, 0, 64, 0, 4, 0, 0, 0], [0, 0, 0, 0, 0, 0, 0, 1, 0, 0, 64, 1, 9, 0, 0, 0], [0, 0, 0, 0, 0, 0, 0, 0, 0, 1, 64, 0, 4, 0, 0, 0], [0, 0, 0, 0, 0, 0, 1, 0, 0, 0, 64, 0, 9, 0, 0, 0], [0, 0, 0, 0, 0, 0, 0, 0, 1, 0, 64, 1, 4, 0, 0, 0], [0, 0, 0, 0, 0, 0, 0, 0, 0, 0, 64, 0, 9, 0, 0, 0], [0, 0, 0, 0, 0, 0, 0, 0, 0, 0, 64, 0, 9, 0, 0, 0], [0, 0, 0, 0, 0, 0, 1, 0, 1, 0, 64, 0, 9, 0, 0, 0], [0, 0, 1, 0, 0, 0, 1, 0, 1, 0, 64, 0, 14, 0, 1, 0], [0, 0, 0, 0, 0, 0, 0, 0, 0, 0, 64, 0, 14, 0, 0, 0], [0, 0, 0, 0, 0, 0, 0, 1, 0, 1, 64, 1, 12, 0, 0, 0], [0, 0, 0, 0, 0, 0, 0, 0, 0, 0, 64, 0, 13, 0, 0, 0], [0, 0, 0, 0, 0, 0, 0, 0, 0, 0, 64, 1, 7, 0, 0, 0], [0, 0, 0, 0, 0, 0, 0, 0, 0, 0, 64, 0, 4, 0, 0, 0], [1, 0, 1, 0, 1, 1, 1, 1, 1, 1, 64, 0, 6, 0, 1, 0], [0, 0, 0, 0, 0, 0, 0, 0, 0, 0, 64, 1, 10, 0, 0, 0], [0, 0, 1, 0, 0, 0, 0, 1, 0, 1, 48, 1, 13, 0, 0, 1], [0, 0, 1, 0, 0, 0, 0, 1, 0, 1, 48, 1, 8, 0, 0, 1], [0, 0, 0, 0, 0, 0, 0, 0, 0, 0, 64, 0, 9, 0, 0, 0], [0, 0, 1, 0, 0, 0, 1, 0, 1, 0, 64, 0, 9, 0, 1, 0], [0, 0, 0, 0, 0, 0, 0, 0, 0, 0, 64, 1, 14, 0, 0, 0], [0, 0, 0, 0, 0, 0, 0, 0, 0, 0, 64, 1, 9, 0, 0, 0], [0, 0, 1, 0, 0, 0, 1, 0, 1, 0, 64, 0, 6, 0, 1, 0], [0, 0, 0, 0, 0, 0, 0, 0, 0, 0, 64, 1, 5, 0, 0, 0], [0, 0, 0, 0, 0, 0, 0, 0, 0, 0, 64, 0, 10, 0, 0, 0], [0, 0, 0, 0, 0, 0, 0, 0, 0, 0, 64, 0, 9, 0, 0, 0], [0, 0, 0, 0, 0, 0, 0, 0, 0, 0, 64, 0, 9, 0, 0, 0], [0, 0, 1, 0, 0, 0, 0, 1, 0, 1, 64, 1, 9, 0, 0, 1], [0, 0, 0, 0, 0, 0, 0, 0, 0, 0, 64, 1, 9, 0, 0, 0], [0, 0, 0, 0, 0, 0, 0, 0, 0, 0, 64, 1, 10, 0, 0, 0], [0, 0, 0, 0, 0, 0, 0, 0, 0, 0, 64, 0, 5, 0, 0, 0], [0, 0, 0, 0, 0, 0, 0, 0, 0, 0, 64, 1, 4, 0, 0, 0], [0, 0, 0, 0, 0, 0, 0, 0, 0, 0, 64, 1, 14, 0, 0, 0], [0, 0, 1, 0, 0, 0, 0, 1, 0, 1, 64, 1, 7, 0, 0, 1], [0, 0, 0, 0, 0, 0, 0, 0, 0, 0, 64, 1, 13, 0, 0, 0], [0, 0, 0, 0, 0, 0, 1, 0, 1, 0, 64, 0, 11, 0, 0, 0], [0, 0, 0, 0, 1, 1, 1, 0, 0, 0, 64, 0, 14, 0, 0, 0], [0, 0, 0, 0, 0, 0, 0, 0, 0, 0, 64, 0, 14, 0, 0, 0], [0, 0, 0, 0, 1, 1, 1, 0, 0, 0, 64, 1, 12, 0, 0, 0], [0, 0, 0, 0, 0, 0, 0, 0, 0, 0, 64, 1, 6, 0, 0, 0], [0, 0, 0, 0, 0, 0, 0, 0, 0, 0, 64, 0, 10, 0, 0, 0], [0, 0, 0, 0, 0, 0, 0, 1, 0, 0, 64, 0, 11, 0, 0, 0], [0, 0, 0, 0, 0, 0, 0, 0, 0, 0, 56, 0, 5, 0, 0, 0], [0, 0, 0, 0, 0, 0, 0, 0, 0, 0, 64, 1, 9, 0, 0, 0], [0, 0, 0, 0, 0, 0, 1, 0, 1, 0, 64, 0, 6, 0, 0, 0], [0, 0, 0, 0, 0, 0, 0, 0, 0, 0, 64, 1, 9, 0, 0, 0], [0, 0, 0, 0, 0, 0, 0, 0, 0, 0, 64, 0, 8, 0, 0, 0], [0, 0, 0, 0, 0, 0, 1, 0, 1, 0, 64, 0, 10, 0, 0, 0], [0, 0, 0, 0, 0, 0, 0, 0, 0, 0, 64, 0, 4, 0, 0, 0], [0, 0, 0, 0, 0, 0, 0, 0, 0, 1, 64, 0, 9, 0, 0, 0], [0, 0, 0, 0, 0, 0, 0, 0, 1, 0, 64, 0, 4, 0, 0, 0], [0, 0, 0, 0, 0, 0, 0, 0, 0, 0, 64, 0, 6, 0, 0, 0], [0, 0, 0, 0, 0, 0, 0, 0, 0, 0, 64, 1, 13, 0, 0, 0], [0, 0, 0, 0, 0, 0, 0, 0, 0, 0, 64, 1, 4, 0, 0, 0], [0, 0, 0, 0, 0, 0, 0, 0, 0, 0, 64, 0, 9, 0, 0, 0], [0, 0, 0, 0, 0, 0, 0, 0, 0, 0, 64, 1, 4, 0, 0, 0], [0, 0, 0, 0, 0, 0, 0, 0, 0, 0, 64, 0, 9, 0, 0, 0], [0, 0, 1, 0, 0, 0, 0, 1, 0, 1, 64, 1, 5, 0, 0, 1], [0, 0, 1, 0, 0, 0, 0, 1, 0, 1, 64, 1, 7, 0, 0, 1], [0, 0, 0, 0, 0, 0, 0, 0, 0, 0, 64, 0, 4, 0, 0, 0], [0, 0, 0, 0, 0, 0, 0, 1, 0, 1, 64, 1, 8, 0, 0, 0], [0, 0, 0, 0, 0, 0, 0, 0, 0, 0, 64, 0, 14, 0, 0, 0], [0, 0, 0, 0, 0, 0, 0, 0, 0, 0, 64, 1, 14, 0, 0, 0], [0, 0, 0, 0, 0, 0, 0, 0, 0, 0, 64, 1, 9, 0, 0, 0], [0, 0, 1, 0, 0, 0, 1, 0, 1, 0, 64, 0, 14, 0, 1, 0], [0, 0, 0, 0, 0, 0, 0, 0, 0, 0, 64, 1, 9, 0, 0, 0], [0, 0, 0, 0, 0, 0, 0, 0, 0, 0, 64, 0, 9, 0, 0, 0], [0, 0, 0, 0, 0, 0, 0, 1, 0, 1, 64, 1, 11, 0, 0, 0], [0, 0, 0, 0, 0, 0, 0, 1, 0, 1, 64, 1, 11, 0, 0, 0], [0, 0, 0, 0, 0, 0, 0, 1, 0, 1, 64, 0, 13, 0, 0, 0], [0, 0, 0, 0, 0, 0, 0, 0, 0, 0, 64, 0, 4, 0, 0, 0], [0, 0, 0, 0, 0, 0, 0, 0, 0, 0, 40, 1, 9, 0, 0, 0], [0, 0, 0, 0, 0, 0, 0, 1, 0, 1, 64, 0, 14, 0, 0, 0], [0, 0, 0, 0, 0, 0, 0, 0, 0, 0, 64, 1, 7, 0, 0, 0], [0, 0, 0, 0, 0, 0, 0, 0, 0, 0, 64, 0, 9, 0, 0, 0], [0, 0, 0, 0, 0, 0, 0, 0, 0, 0, 64, 0, 4, 0, 0, 0], [0, 0, 0, 0, 0, 0, 0, 0, 0, 0, 64, 1, 9, 0, 0, 0], [0, 0, 0, 0, 0, 0, 0, 0, 0, 0, 64, 0, 4, 0, 0, 0], [0, 0, 0, 0, 0, 0, 0, 0, 0, 0, 64, 1, 12, 0, 0, 0], [0, 0, 0, 0, 0, 0, 0, 0, 0, 0, 64, 0, 8, 0, 0, 0], [0, 0, 0, 0, 0, 0, 0, 0, 0, 0, 64, 1, 9, 0, 0, 0], [0, 0, 0, 0, 0, 0, 0, 0, 0, 0, 64, 1, 9, 0, 0, 0], [0, 0, 0, 0, 0, 0, 0, 0, 0, 0, 64, 0, 10, 0, 0, 0], [0, 0, 0, 0, 0, 0, 0, 0, 0, 0, 64, 1, 9, 0, 0, 0], [1, 1, 2, 1, 1, 1, 1, 1, 1, 1, 64, 0, 14, 1, 1, 1], [0, 0, 0, 0, 0, 0, 0, 0, 0, 0, 64, 0, 9, 0, 0, 0], [0, 0, 0, 0, 0, 0, 0, 0, 0, 0, 64, 1, 4, 0, 0, 0], [0, 0, 1, 0, 1, 1, 0, 1, 0, 1, 64, 1, 5, 0, 0, 1], [0, 0, 1, 0, 0, 0, 0, 1, 0, 1, 64, 1, 8, 0, 0, 1], [0, 0, 0, 0, 0, 0, 0, 1, 0, 1, 64, 1, 9, 0, 0, 0], [0, 0, 0, 0, 0, 0, 0, 0, 0, 0, 64, 0, 10, 0, 0, 0], [0, 0, 0, 0, 0, 0, 0, 0, 0, 0, 64, 1, 7, 0, 0, 0], [0, 0, 0, 0, 0, 0, 0, 0, 0, 0, 64, 0, 10, 0, 0, 0], [0, 0, 0, 0, 0, 0, 0, 0, 0, 0, 64, 0, 6, 0, 0, 0], [0, 0, 0, 0, 0, 0, 0, 0, 0, 0, 64, 0, 11, 0, 0, 0], [0, 0, 0, 0, 0, 0, 0, 0, 0, 0, 64, 0, 12, 0, 0, 0], [0, 0, 0, 0, 0, 0, 0, 0, 0, 0, 64, 1, 9, 0, 0, 0], [0, 0, 0, 0, 0, 0, 0, 0, 0, 0, 64, 0, 9, 0, 0, 0], [0, 0, 0, 0, 0, 0, 0, 0, 0, 0, 64, 1, 10, 0, 0, 0], [0, 0, 0, 0, 0, 0, 0, 0, 0, 0, 64, 0, 9, 0, 0, 0], [0, 0, 0, 0, 0, 0, 0, 0, 0, 0, 64, 1, 4, 0, 0, 0], [0, 0, 0, 0, 0, 0, 0, 0, 0, 0, 56, 0, 4, 0, 0, 0], [0, 0, 1, 0, 0, 0, 0, 1, 0, 1, 64, 1, 8, 0, 0, 1], [0, 0, 0, 0, 0, 0, 0, 1, 0, 1, 64, 1, 12, 0, 0, 0], [0, 0, 0, 0, 0, 0, 0, 0, 0, 0, 64, 1, 11, 0, 0, 0], [0, 0, 0, 0, 0, 0, 0, 0, 0, 0, 64, 1, 4, 0, 0, 0], [0, 0, 0, 0, 0, 0, 0, 0, 0, 0, 64, 0, 14, 0, 0, 0], [0, 0, 0, 0, 0, 0, 0, 0, 0, 0, 64, 1, 14, 0, 0, 0], [0, 0, 0, 0, 0, 0, 0, 0, 0, 0, 64, 1, 8, 0, 0, 0], [0, 0, 0, 0, 0, 0, 0, 0, 0, 0, 64, 1, 10, 0, 0, 0], [0, 0, 0, 0, 0, 0, 0, 0, 0, 0, 64, 1, 5, 0, 0, 0], [0, 0, 0, 0, 0, 0, 0, 0, 0, 0, 64, 1, 9, 0, 0, 0], [0, 0, 0, 0, 0, 0, 0, 0, 0, 1, 64, 0, 7, 0, 0, 0], [0, 0, 0, 0, 0, 0, 1, 0, 1, 0, 64, 0, 12, 0, 0, 0], [0, 0, 1, 0, 0, 0, 0, 1, 0, 1, 64, 1, 5, 0, 0, 1], [0, 0, 0, 0, 0, 0, 0, 0, 0, 0, 64, 0, 7, 0, 0, 0], [0, 0, 0, 0, 0, 0, 0, 0, 0, 0, 64, 0, 5, 0, 0, 0], [0, 0, 0, 0, 0, 0, 0, 0, 0, 0, 64, 0, 9, 0, 0, 0], [0, 0, 0, 0, 0, 0, 0, 0, 0, 0, 64, 1, 11, 0, 0, 0], [0, 0, 0, 0, 0, 0, 0, 1, 0, 1, 64, 1, 11, 0, 0, 0], [0, 0, 1, 0, 1, 1, 1, 0, 1, 0, 64, 0, 9, 0, 1, 0], [0, 0, 0, 0, 0, 0, 0, 0, 0, 0, 64, 0, 13, 0, 0, 0], [0, 0, 0, 0, 0, 0, 0, 0, 0, 0, 64, 0, 9, 0, 0, 0], [0, 0, 0, 0, 0, 0, 0, 0, 0, 0, 64, 0, 14, 0, 0, 0], [0, 0, 0, 0, 0, 0, 0, 0, 0, 0, 64, 1, 13, 0, 0, 0], [0, 0, 0, 0, 0, 0, 0, 0, 0, 0, 64, 0, 4, 0, 0, 0], [0, 0, 0, 0, 0, 0, 0, 0, 0, 0, 64, 0, 7, 0, 0, 0], [0, 0, 0, 0, 0, 0, 0, 0, 0, 0, 64, 1, 7, 0, 0, 0], [0, 0, 0, 0, 0, 0, 0, 0, 0, 0, 64, 0, 4, 0, 0, 0], [0, 0, 0, 0, 0, 0, 0, 0, 0, 0, 64, 0, 4, 0, 0, 0], [0, 0, 0, 0, 0, 0, 0, 0, 0, 0, 64, 0, 10, 0, 0, 0], [0, 0, 0, 0, 0, 0, 0, 0, 0, 0, 64, 1, 10, 0, 0, 0], [0, 0, 0, 0, 0, 0, 0, 0, 0, 0, 64, 1, 8, 0, 0, 0], [0, 0, 0, 0, 0, 0, 0, 0, 0, 0, 64, 0, 9, 0, 0, 0], [0, 0, 0, 0, 0, 0, 0, 0, 0, 0, 64, 1, 9, 0, 0, 0], [0, 0, 0, 0, 0, 0, 0, 0, 0, 0, 64, 0, 7, 0, 0, 0], [0, 0, 0, 0, 0, 0, 0, 0, 0, 0, 64, 1, 4, 0, 0, 0], [0, 0, 0, 0, 0, 0, 0, 0, 0, 0, 64, 0, 9, 0, 0, 0], [0, 0, 0, 0, 0, 0, 0, 0, 0, 0, 64, 0, 14, 0, 0, 0], [0, 0, 0, 0, 0, 0, 1, 0, 1, 0, 64, 0, 6, 0, 0, 0], [0, 0, 0, 0, 0, 0, 0, 0, 0, 0, 64, 0, 5, 0, 0, 0], [0, 0, 0, 0, 0, 0, 0, 0, 0, 0, 64, 1, 9, 0, 0, 0], [0, 0, 0, 0, 0, 0, 0, 0, 0, 0, 64, 0, 11, 0, 0, 0], [0, 0, 0, 0, 0, 0, 0, 0, 1, 0, 64, 0, 8, 0, 0, 0], [0, 0, 0, 0, 0, 0, 0, 0, 0, 0, 64, 0, 11, 0, 0, 0], [0, 0, 0, 0, 0, 0, 0, 0, 0, 0, 64, 0, 11, 0, 0, 0], [0, 0, 1, 0, 0, 0, 0, 1, 0, 1, 64, 1, 7, 0, 0, 1], [0, 0, 0, 0, 0, 0, 0, 0, 0, 0, 64, 1, 4, 0, 0, 0], [0, 0, 0, 0, 0, 0, 0, 0, 0, 0, 64, 0, 9, 0, 0, 0], [0, 0, 0, 0, 0, 0, 0, 0, 0, 0, 64, 1, 4, 0, 0, 0], [0, 0, 0, 0, 0, 0, 0, 0, 0, 1, 64, 0, 4, 0, 0, 0], [0, 0, 0, 0, 0, 0, 0, 0, 0, 0, 64, 1, 9, 0, 0, 0], [0, 0, 0, 0, 0, 0, 0, 0, 0, 0, 64, 1, 9, 0, 0, 0], [0, 0, 0, 0, 0, 0, 0, 0, 0, 0, 64, 1, 14, 0, 0, 0], [0, 0, 0, 0, 0, 0, 0, 0, 0, 0, 64, 0, 9, 0, 0, 0], [0, 0, 0, 0, 0, 0, 0, 0, 0, 0, 64, 0, 9, 0, 0, 0], [0, 0, 0, 0, 0, 0, 0, 0, 0, 0, 64, 1, 9, 0, 0, 0], [0, 0, 0, 0, 0, 0, 0, 0, 1, 0, 64, 1, 9, 0, 0, 0], [0, 0, 0, 0, 0, 0, 1, 0, 1, 0, 64, 0, 5, 0, 0, 0], [0, 0, 0, 0, 0, 0, 1, 0, 1, 0, 64, 0, 5, 0, 0, 0], [0, 0, 0, 0, 0, 0, 0, 0, 1, 0, 64, 0, 10, 0, 0, 0], [0, 0, 0, 0, 0, 0, 0, 0, 0, 1, 64, 1, 11, 0, 0, 0], [0, 0, 0, 0, 0, 0, 0, 0, 0, 0, 64, 0, 4, 0, 0, 0], [0, 0, 0, 0, 0, 0, 0, 0, 0, 0, 64, 0, 6, 0, 0, 0], [0, 0, 0, 0, 0, 0, 0, 0, 0, 0, 64, 0, 14, 0, 0, 0], [0, 0, 0, 0, 0, 0, 0, 0, 0, 0, 64, 1, 9, 0, 0, 0], [0, 0, 0, 0, 0, 0, 0, 0, 0, 0, 64, 1, 5, 0, 0, 0], [0, 0, 0, 0, 0, 0, 0, 1, 0, 1, 64, 1, 5, 0, 0, 0], [0, 0, 0, 0, 0, 0, 0, 0, 0, 0, 64, 1, 14, 0, 0, 0], [0, 0, 0, 0, 0, 0, 0, 0, 0, 0, 64, 1, 9, 0, 0, 0], [0, 0, 0, 0, 0, 0, 0, 0, 0, 0, 64, 0, 10, 0, 0, 0], [0, 0, 0, 0, 0, 0, 0, 0, 0, 0, 64, 0, 9, 0, 0, 0], [0, 0, 0, 0, 0, 0, 0, 0, 0, 0, 64, 0, 9, 0, 0, 0], [0, 0, 1, 0, 0, 0, 1, 0, 1, 0, 64, 0, 5, 0, 1, 0], [0, 0, 0, 0, 0, 0, 0, 0, 0, 0, 64, 0, 14, 0, 0, 0], [0, 0, 0, 0, 0, 0, 0, 0, 0, 0, 64, 0, 14, 0, 0, 0], [0, 0, 0, 0, 0, 0, 0, 0, 0, 0, 64, 1, 14, 0, 0, 0], [0, 0, 0, 0, 0, 0, 0, 0, 0, 0, 64, 1, 11, 0, 0, 0], [0, 0, 0, 0, 0, 0, 0, 0, 0, 0, 64, 0, 14, 0, 0, 0], [0, 0, 0, 0, 0, 0, 0, 0, 0, 0, 64, 0, 10, 0, 0, 0], [0, 0, 0, 0, 0, 0, 0, 0, 0, 0, 64, 1, 10, 0, 0, 0], [0, 0, 0, 0, 0, 0, 0, 0, 0, 0, 64, 1, 10, 0, 0, 0], [0, 0, 0, 0, 0, 0, 0, 0, 0, 0, 64, 0, 9, 0, 0, 0], [0, 0, 0, 0, 0, 0, 1, 0, 1, 0, 64, 0, 12, 0, 0, 0], [0, 0, 0, 0, 0, 0, 0, 0, 0, 0, 64, 0, 14, 0, 0, 0], [0, 0, 0, 0, 0, 0, 0, 0, 0, 0, 64, 0, 6, 0, 0, 0], [0, 0, 0, 0, 0, 0, 0, 0, 0, 0, 64, 0, 4, 0, 0, 0], [0, 0, 0, 0, 0, 0, 0, 0, 0, 0, 64, 1, 14, 0, 0, 0], [0, 0, 0, 0, 0, 0, 0, 0, 1, 0, 64, 1, 9, 0, 0, 0], [0, 0, 0, 0, 0, 0, 0, 0, 0, 0, 64, 1, 10, 0, 0, 0], [0, 0, 0, 0, 0, 0, 0, 0, 0, 0, 64, 0, 14, 0, 0, 0], [0, 0, 1, 0, 0, 0, 1, 0, 1, 0, 64, 0, 9, 0, 1, 0], [0, 0, 1, 0, 0, 0, 1, 0, 1, 0, 64, 0, 14, 0, 1, 0], [0, 0, 0, 0, 0, 0, 0, 0, 0, 0, 64, 1, 10, 0, 0, 0], [0, 0, 0, 0, 0, 0, 0, 0, 0, 0, 64, 1, 10, 0, 0, 0], [0, 0, 0, 0, 0, 0, 0, 0, 0, 0, 64, 0, 7, 0, 0, 0], [0, 0, 0, 0, 0, 0, 0, 0, 0, 0, 64, 0, 6, 0, 0, 0], [0, 0, 0, 0, 0, 0, 0, 0, 0, 0, 64, 0, 4, 0, 0, 0], [0, 0, 0, 0, 0, 0, 0, 0, 0, 0, 64, 0, 4, 0, 0, 0], [0, 0, 1, 0, 0, 0, 1, 0, 1, 0, 64, 0, 9, 0, 1, 0], [0, 0, 0, 0, 0, 0, 0, 0, 0, 0, 64, 1, 6, 0, 0, 0], [0, 0, 0, 0, 0, 0, 0, 0, 0, 0, 64, 1, 9, 0, 0, 0], [0, 0, 0, 0, 0, 0, 0, 0, 0, 0, 64, 1, 5, 0, 0, 0], [0, 0, 0, 0, 0, 0, 0, 0, 0, 1, 64, 1, 11, 0, 0, 0], [0, 0, 0, 0, 0, 0, 0, 0, 0, 0, 64, 0, 9, 0, 0, 0], [0, 0, 0, 0, 0, 0, 0, 0, 0, 0, 64, 0, 12, 0, 0, 0], [0, 0, 0, 0, 0, 0, 1, 0, 1, 0, 64, 0, 10, 0, 0, 0], [0, 0, 0, 0, 0, 0, 0, 0, 0, 0, 64, 1, 9, 0, 0, 0], [0, 0, 1, 0, 0, 0, 1, 0, 1, 0, 64, 0, 10, 0, 1, 0], [0, 0, 0, 0, 0, 0, 0, 0, 0, 0, 64, 1, 5, 0, 0, 0], [1, 0, 1, 0, 0, 0, 1, 1, 1, 1, 64, 0, 12, 0, 1, 0], [0, 0, 0, 0, 0, 0, 0, 0, 0, 0, 64, 0, 8, 0, 0, 0], [0, 0, 0, 0, 0, 0, 0, 0, 0, 0, 64, 0, 5, 0, 0, 0], [0, 0, 0, 0, 0, 0, 0, 0, 0, 0, 64, 0, 14, 0, 0, 0], [0, 0, 0, 0, 0, 0, 0, 0, 0, 0, 64, 0, 9, 0, 0, 0], [0, 0, 0, 0, 0, 0, 0, 0, 0, 0, 64, 1, 11, 0, 0, 0], [0, 0, 0, 0, 0, 0, 0, 0, 0, 0, 64, 0, 6, 0, 0, 0], [0, 0, 0, 0, 0, 0, 0, 0, 0, 0, 64, 0, 10, 0, 0, 0], [0, 0, 0, 0, 0, 0, 0, 0, 0, 0, 64, 0, 14, 0, 0, 0], [0, 0, 0, 0, 0, 0, 0, 0, 0, 0, 64, 0, 14, 0, 0, 0], [0, 0, 0, 0, 0, 0, 0, 0, 0, 0, 64, 0, 14, 0, 0, 0], [0, 0, 0, 0, 0, 0, 0, 0, 0, 0, 64, 0, 14, 0, 0, 0], [0, 0, 0, 0, 0, 0, 0, 0, 0, 0, 64, 0, 9, 0, 0, 0], [0, 0, 0, 0, 0, 0, 1, 0, 1, 0, 56, 0, 5, 0, 0, 0], [0, 0, 0, 0, 0, 0, 0, 0, 0, 0, 64, 0, 7, 0, 0, 0], [0, 0, 0, 0, 0, 0, 0, 0, 1, 0, 64, 1, 14, 0, 0, 0], [0, 0, 0, 0, 0, 0, 0, 0, 0, 0, 64, 0, 10, 0, 0, 0], [0, 0, 0, 0, 0, 0, 0, 0, 0, 0, 64, 1, 9, 0, 0, 0], [0, 0, 0, 0, 0, 0, 1, 0, 0, 0, 64, 0, 14, 0, 0, 0], [0, 0, 0, 0, 0, 0, 0, 0, 0, 0, 64, 0, 7, 0, 0, 0], [0, 0, 0, 0, 0, 0, 0, 0, 0, 0, 64, 0, 4, 0, 0, 0], [0, 0, 0, 0, 0, 0, 0, 0, 0, 0, 64, 1, 14, 0, 0, 0], [0, 0, 0, 0, 0, 0, 0, 0, 0, 0, 64, 1, 14, 0, 0, 0], [0, 0, 0, 0, 0, 0, 0, 0, 0, 0, 64, 1, 13, 0, 0, 0], [0, 0, 0, 0, 0, 0, 0, 0, 0, 0, 64, 1, 10, 0, 0, 0]]}
{
  "overall": "NO_TASK",
  "gates": {
    "G_arc_enc_frozen": true,
    "G_ink_verified": true,
    "G_task_exists": false,
    "G_exact_algebra_matches_tape": true,
    "G_lookup_beats_floor": false,
    "G_lookup_beats_counts_paired": false,
    "G_lookup_beats_retrieval_paired": false,
    "G_phi_orders_negatives": false
  },
  "lookup": {},
  "paired": {
    "model_only_right": 0,
    "rival_only_right": 0,
    "discordant": 0,
    "mcnemar_z": NaN
  },
  "ladder": {
    "n_questions": 0,
    "pairs": 0,
    "concordant": 0,
    "ties_excluded": 0,
    "import_budget_zero_rate": 0.0,
    "import_budget_mean": 0.0,
    "concordance": NaN,
    "z_vs_half": NaN,
    "mean_phi": {
      "true": NaN,
      "near": NaN,
      "middle": NaN,
      "far": NaN
    }
  }
}
