Stage289 derivation start 2026-08-14T19:16:00.536847+00:00 device=cpu holdout=corpus
  corpus data\_tinystories_raw_scale.txt
  lines: train 25000, eval 12000 (the probe reserves ANCHORS, not lines - see `reserved`)
  word rule matches stage194: True  (rule=ascii, fp=hash, ink=mean)
  hash ink deterministic and digest-faithful: True  {'anagram_cos': -0.0135, 'perm_fixed_points': 1}
  tape: 1500 addresses, 5598 slots | questions {"reach": 2000, "count": 1307} | params 5633
  node vector 9 wide, matches the body
  ladder coverage: 0/0 lookup questions have all three rungs; the rest train on the task term alone
  probe pack: 1723 reserved addresses (17s to build)
  probe tape: 60 lookup questions, never trained on; 0 graphs cached (1 view(s)/question) in 0s
  transplanted mind from minds/320_wiki_s2890.pt: trained on _wikitext103_train.txt, seed 2890, 4000 steps - NO training on this corpus, the exam below is this mind reading a tape it has never been fitted to
  probe eval: 1.68s x 0 = 0.0 min added to this run
  REACH {"rival_threshold": 2.0, "places": 8, "cands_cap": 8, "no_refuse": true, "lookahead": true, "frame_fp": "fillers", "import": "walk", "home_cos": false, "line_step": false, "confirm": false, "conf_window": 0, "home_cos_stage": "both", "gamma": 1.0, "equal_tails": false, "stage2_always": 0.0, "held_out": {"n": 2000, "reachable_rate": 0.331, "mean_candidates": 7.7675, "reachable_wide": 0.3355, "reachable_random": 0.02, "random_floor": 0.1318571428571427, "payoff_mind": -0.6652249999999986, "payoff_rival": 0.91725, "always_silent": 0.91725, "found_rate": 0.4350453172205438, "rival_found_rate": 0.4003021148036254, "correct_silence": 0.0, "false_silence": 0.0, "false_silence_after_step": 0.0, "step_rate": 0.0445, "own_hit_rate": 0.287, "own_rival_hit_rate": 0.1525, "own_paired": {"n": 574, "mind_only": 18, "rival_only": 17, "both": 288, "neither": 251, "mcnemar_z": 0.1690308509457033}, "own_rival_of_own": 0.5313588850174216, "hit_of_own": 0.5331010452961672, "ceiling": 0.4015, "walk_only_arrive": 0.1703056768558952, "walk_only_pick": {"n": 39, "mind": 31, "rival": 9, "count_rival": 12, "count_rival_rate": 0.3076923076923077, "vs_count_mind_only": 20, "vs_count_rival_only": 1, "vs_count_z": 4.1461399144838555, "hit_rate": 0.7948717948717948, "rival_rate": 0.23076923076923078, "mind_only": 23, "rival_only": 1, "mcnemar_z": 4.4907311951024935}, "walk_only_rate": 0.1145, "hit_of_walk_only": 0.13537117903930132, "count_rival_of_walk_only": 0.09170305676855896, "count_rival_hit_rate": 0.1415, "rival_of_walk_only": 0.06550218340611354, "walk_only_paired": {"n": 229, "mind_only": 23, "rival_only": 7, "both": 8, "neither": 191, "mcnemar_z": 2.9211869733608857, "stepped": 39}, "cand_places": 3.7855, "line_reach_rate": 0.0, "step_line_rate": 0.0, "line_only_rate": 0.0, "line_only_paired": {"n": 0, "mind_only": 0, "rival_only": 0, "mcnemar_z": NaN}, "steps_on_walk_only": 0.43820224719101125, "router": {"n_stepped": 89, "mind_enrichment": 3.827093861930229, "count_enrichment": 1.6682204013542024, "share_enrichment": 0.9813061184436485, "top_share_when_stepped": 0.6784899557371464, "top_share_when_not": 0.6194863095051178, "n_own_when_stepped": 2.4831460674157304, "n_own_when_not": 3.7242281527995815}, "hit_rate": 0.1685, "rival_hit_rate": 0.1325, "world_rows_own": 5.9825, "world_rows_candidate": 6.9825, "world_rows_expand": 13.75, "world_rows_expand_when_stepped": 13.460674157303371, "world_rows_expand_when_not": 13.763474620617478, "step_vs_size_r": -0.014939087790099706, "found_where_rival_missed": 83, "missed_where_rival_found": 60, "paired_payoff": {"mind_better": 288, "rival_better": 1663, "discordant": 1951, "mcnemar_z": -31.12963750370778, "max_achievable_z": 44.170125650715555, "underpowered": false}}, "train_control": {"n": 2000, "reachable_rate": 0.378, "mean_candidates": 7.6705, "reachable_wide": 0.3815, "reachable_random": 0.026, "random_floor": 0.13550714285714274, "payoff_mind": -0.6221999999999988, "payoff_rival": 0.9055, "always_silent": 0.9055, "found_rate": 0.4470899470899471, "rival_found_rate": 0.37962962962962965, "correct_silence": 0.0, "false_silence": 0.0, "false_silence_after_step": 0.0, "step_rate": 0.044, "own_hit_rate": 0.2945, "own_rival_hit_rate": 0.161, "own_paired": {"n": 589, "mind_only": 21, "rival_only": 13, "both": 309, "neither": 246, "mcnemar_z": 1.3719886811400706}, "own_rival_of_own": 0.5466893039049237, "hit_of_own": 0.5602716468590832, "ceiling": 0.431, "walk_only_arrive": 0.1978021978021978, "walk_only_pick": {"n": 54, "mind": 50, "rival": 9, "count_rival": 10, "count_rival_rate": 0.18518518518518517, "vs_count_mind_only": 40, "vs_count_rival_only": 0, "vs_count_z": 6.324555320336758, "hit_rate": 0.9259259259259259, "rival_rate": 0.16666666666666666, "mind_only": 41, "rival_only": 0, "mcnemar_z": 6.4031242374328485}, "walk_only_rate": 0.1365, "hit_of_walk_only": 0.18315018315018314, "count_rival_of_walk_only": 0.0989010989010989, "count_rival_hit_rate": 0.144, "rival_of_walk_only": 0.06227106227106227, "walk_only_paired": {"n": 273, "mind_only": 41, "rival_only": 8, "both": 9, "neither": 215, "mcnemar_z": 4.714285714285714, "stepped": 54}, "cand_places": 3.6735, "line_reach_rate": 0.0, "step_line_rate": 0.0, "line_only_rate": 0.0, "line_only_paired": {"n": 0, "mind_only": 0, "rival_only": 0, "mcnemar_z": NaN}, "steps_on_walk_only": 0.6136363636363636, "router": {"n_stepped": 88, "mind_enrichment": 4.495504495504496, "count_enrichment": 1.415251415251415, "share_enrichment": 1.0822510822510822, "top_share_when_stepped": 0.6502139905548993, "top_share_when_not": 0.618920662191442, "n_own_when_stepped": 1.8863636363636365, "n_own_when_not": 3.6835774058577404}, "hit_rate": 0.19, "rival_hit_rate": 0.1435, "world_rows_own": 5.7955, "world_rows_candidate": 6.7955, "world_rows_expand": 13.466, "world_rows_expand_when_stepped": 11.386363636363637, "world_rows_expand_when_not": 13.561715481171548, "step_vs_size_r": -0.10712407298232736, "found_where_rival_missed": 116, "missed_where_rival_found": 65, "paired_payoff": {"mind_better": 338, "rival_better": 1620, "discordant": 1958, "mcnemar_z": -28.972213802626953, "max_achievable_z": 44.24929377967517, "underpowered": false}}}
  HELD {"count": {"n": 1307, "model_accuracy": 1.0, "rival_accuracy": 1.0, "random_floor": 0.1999999999999952}, "lookup_paired_vs_rival": {"model_only_right": 0, "rival_only_right": 0, "discordant": 0, "mcnemar_z": NaN}, "lookup_paired_vs_rival_cos": {"n": 0, "model_only_right": 0, "rival_only_right": 0, "discordant": 0, "mcnemar_z": NaN, "max_achievable_z": 0.0, "underpowered": true}, "lookup_paired_vs_rival_cos_by_margin": {"median_margin": NaN, "low_margin": {"n": 0, "model_only_right": 0, "rival_only_right": 0, "discordant": 0, "mcnemar_z": NaN, "max_achievable_z": 0.0, "underpowered": true}, "high_margin": {"n": 0, "model_only_right": 0, "rival_only_right": 0, "discordant": 0, "mcnemar_z": NaN, "max_achievable_z": 0.0, "underpowered": true}}, "ladder": {"n_questions": 0, "pairs": 0, "concordant": 0, "ties_excluded": 0, "import_budget_zero_rate": 0.0, "import_budget_mean": 0.0, "concordance": NaN, "z_vs_half": NaN, "mean_phi": {"true": NaN, "near": NaN, "middle": NaN, "far": NaN}}, "exact_mismatches": 0, "confusion": {"count|2->2": 868, "count|3->3": 218, "count|4->4": 87, "count|5+->5+": 134}, "_mixed": [], "_reach": [[0, 0, 0, 0.04290008544921875, 0, 0, 8, 10, 17, 0, 0, 0, 0, 6, 2, 3, 0, 0, 0, 9, 0, 0.6666666666666666], [1, 0, 0, 0.12239772081375122, 0, 0, 8, 3, 10, 1, 0, 0, 0, 1, 1, 5, 0, 0, 0, 2, 0, 0.6666666666666666], [0, 0, 0, 0.264230877161026, 0, 0, 8, 3, 10, 0, 0, 0, 0, 1, 1, 4, 0, 0, 0, 2, 0, 0.7272727272727273], [0, 0, 0, 0.01918196678161621, 0, 0, 8, 10, 17, 0, 0, 0, 0, 8, 1, 1, 0, 0, 0, 9, 0, 0.5], [1, 0, 0, 0.07594797015190125, 0, 0, 8, 5, 12, 1, 0, 0, 0, 3, 1, 5, 0, 0, 0, 4, 0, 0.5], [0, 0, 0, 0.016338497400283813, 0, 0, 8, 13, 20, 0, 0, 0, 0, 8, 3, 2, 0, 0, 0, 12, 0, 0.5], [0, 0, 1, 0.03643655776977539, 0, 0, 8, 13, 20, 0, 0, 1, 1, 2, 9, 3, 0, 0, 0, 12, 0, 0.5], [1, 0, 0, 0.008320927619934082, 1, 0, 8, 9, 16, 1, 0, 1, 0, 7, 1, 4, 0, 0, 0, 8, 0, 0.6666666666666666], [1, 0, 1, 0.009909629821777344, 1, 0, 8, 13, 20, 1, 0, 1, 1, 3, 8, 5, 0, 0, 0, 12, 1, 0.8333333333333334], [1, 0, 1, 0.0010802745819091797, 1, 0, 8, 8, 15, 1, 0, 1, 1, 2, 5, 6, 0, 0, 0, 7, 1, 0.8666666666666667], [0, 0, 0, 0.010531961917877197, 0, 0, 8, 10, 17, 0, 0, 0, 0, 8, 1, 3, 0, 0, 0, 9, 0, 0.5], [1, 0, 0, 0.02893051505088806, 1, 0, 8, 13, 20, 1, 0, 1, 1, 9, 2, 6, 0, 0, 0, 12, 1, 0.8333333333333334], [0, 0, 0, 0.05612185597419739, 0, 0, 8, 5, 12, 0, 0, 0, 0, 3, 1, 1, 0, 0, 0, 4, 0, 0.04], [0, 0, 0, 0.0014100372791290283, 0, 0, 8, 10, 17, 0, 0, 0, 0, 7, 2, 3, 0, 0, 0, 9, 0, 0.5], [1, 0, 1, 0.0, 0, 0, 5, 4, 8, 1, 0, 1, 1, 2, 1, 3, 0, 0, 0, 3, 1, 0.9], [1, 0, 1, 0.009909629821777344, 1, 0, 8, 13, 20, 1, 0, 1, 1, 1, 11, 5, 0, 0, 0, 12, 1, 0.8333333333333334], [0, 0, 0, 0.2462109923362732, 0, 0, 8, 5, 12, 0, 0, 0, 0, 2, 2, 3, 0, 0, 0, 4, 0, 0.5], [1, 0, 0, 0.0, 0, 0, 5, 4, 8, 1, 0, 0, 0, 2, 1, 3, 0, 0, 0, 3, 0, 0.5], [1, 0, 0, 0.00902855396270752, 0, 0, 8, 3, 10, 1, 0, 0, 0, 1, 1, 3, 0, 0, 0, 2, 0, 0.8333333333333334], [1, 0, 0, 0.1827327013015747, 0, 0, 8, 3, 10, 1, 0, 0, 0, 1, 1, 5, 0, 0, 0, 2, 0, 0.6666666666666666], [0, 0, 0, 0.01689434051513672, 0, 0, 8, 5, 12, 0, 0, 0, 0, 2, 2, 4, 0, 0, 0, 4, 0, 0.6], [0, 0, 0, 0.0962846428155899, 0, 0, 8, 3, 10, 0, 0, 0, 0, 1, 1, 4, 0, 0, 0, 2, 0, 0.5], [0, 0, 0, 0.003827393054962158, 0, 0, 8, 3, 10, 0, 0, 0, 0, 1, 1, 6, 0, 0, 0, 2, 0, 0.9], [0, 0, 0, 0.12149918079376221, 0, 0, 8, 9, 16, 0, 0, 0, 0, 3, 4, 6, 0, 0, 0, 8, 0, 0.6666666666666666], [0, 0, 0, 0.002221211791038513, 0, 0, 8, 3, 10, 0, 0, 0, 0, 1, 1, 3, 0, 0, 0, 2, 0, 0.3333333333333333], [0, 0, 0, 0.0469660758972168, 0, 0, 8, 4, 11, 0, 0, 0, 0, 2, 1, 6, 0, 0, 0, 3, 0, 0.6666666666666666], [0, 0, 0, 0.1570313572883606, 0, 0, 8, 3, 10, 0, 0, 0, 0, 1, 1, 4, 0, 0, 0, 2, 0, 0.75], [0, 0, 0, 0.0034307241439819336, 0, 0, 8, 13, 20, 0, 0, 0, 0, 6, 4, 2, 0, 0, 0, 12, 0, 0.75], [0, 0, 0, 0.014737606048583984, 0, 0, 8, 9, 16, 0, 0, 1, 0, 3, 5, 3, 0, 0, 0, 8, 0, 0.8333333333333334], [0, 0, 0, 0.01262250542640686, 0, 0, 8, 9, 16, 0, 0, 0, 0, 6, 2, 3, 0, 0, 0, 8, 0, 0.5], [0, 0, 0, 0.02255117893218994, 0, 0, 8, 3, 10, 0, 0, 0, 0, 1, 1, 6, 0, 0, 0, 2, 0, 0.5], [0, 0, 0, 0.056987494230270386, 0, 0, 8, 13, 20, 0, 0, 0, 0, 8, 2, 4, 0, 0, 0, 12, 0, 0.7272727272727273], [0, 0, 0, 0.019732564687728882, 0, 0, 6, 3, 8, 0, 0, 0, 0, 1, 1, 5, 0, 0, 0, 2, 0, 0.9], [0, 0, 0, 0.12239772081375122, 0, 0, 8, 3, 10, 0, 0, 0, 0, 1, 1, 5, 0, 0, 0, 2, 0, 0.6666666666666666], [1, 0, 1, 0.0, 1, 0, 8, 7, 14, 1, 0, 1, 1, 5, 1, 4, 0, 0, 0, 6, 1, 0.8333333333333334], [0, 0, 0, 0.06257706880569458, 0, 0, 8, 3, 10, 0, 0, 0, 0, 1, 1, 5, 0, 0, 0, 2, 0, 0.75], [1, 0, 0, 0.13969844579696655, 0, 0, 6, 3, 8, 1, 1, 0, 0, 1, 1, 5, 0, 0, 0, 2, 0, 0.6666666666666666], [0, 0, 0, 0.010030984878540039, 0, 0, 8, 5, 12, 0, 0, 0, 0, 3, 1, 4, 0, 0, 0, 4, 0, 0.5], [0, 0, 0, 0.06464344263076782, 0, 0, 8, 4, 11, 0, 0, 1, 0, 2, 1, 4, 0, 0, 0, 3, 0, 0.5], [0, 0, 0, 0.0442771315574646, 0, 0, 8, 4, 11, 0, 0, 0, 0, 2, 1, 7, 0, 0, 0, 3, 0, 0.6666666666666666], [0, 0, 0, 0.21293461322784424, 0, 0, 8, 3, 10, 0, 0, 0, 0, 1, 1, 4, 0, 0, 0, 2, 0, 0.5], [0, 0, 0, 0.0357784628868103, 0, 0, 8, 3, 10, 0, 0, 0, 0, 1, 1, 5, 0, 0, 0, 2, 0, 0.6], [0, 0, 1, 0.03643655776977539, 0, 0, 8, 13, 20, 0, 0, 1, 1, 2, 10, 3, 0, 0, 0, 12, 0, 0.5], [0, 0, 0, 0.10685873031616211, 0, 0, 8, 4, 11, 0, 0, 0, 0, 2, 1, 5, 0, 0, 0, 3, 0, 0.8], [0, 0, 0, 0.004628270864486694, 0, 0, 8, 13, 20, 0, 0, 0, 0, 9, 2, 1, 0, 0, 0, 12, 0, 0.12698412698412698], [1, 0, 1, 0.017524123191833496, 1, 0, 8, 13, 20, 1, 0, 1, 1, 3, 9, 5, 0, 0, 0, 12, 1, 0.75], [0, 0, 0, 0.02096635103225708, 0, 0, 8, 13, 20, 0, 0, 0, 0, 6, 3, 1, 0, 0, 0, 12, 0, 0.75], [0, 0, 0, 0.05322474241256714, 0, 0, 8, 4, 11, 0, 0, 0, 0, 2, 1, 4, 0, 0, 0, 3, 0, 0.8], [1, 0, 0, 0.0812140703201294, 0, 0, 7, 4, 10, 1, 0, 1, 0, 2, 1, 5, 0, 0, 0, 3, 0, 0.75], [0, 0, 0, 0.02073502540588379, 0, 0, 8, 13, 20, 0, 0, 0, 0, 11, 1, 2, 0, 0, 0, 12, 0, 0.5], [1, 0, 0, 0.012330174446105957, 1, 0, 8, 12, 19, 1, 0, 1, 1, 7, 2, 2, 0, 0, 0, 11, 1, 0.25], [0, 0, 0, 0.13806098699569702, 0, 0, 8, 3, 10, 0, 0, 0, 0, 1, 1, 6, 0, 0, 0, 2, 0, 0.6666666666666666], [0, 0, 0, 0.24408549070358276, 0, 0, 8, 5, 12, 0, 0, 0, 0, 2, 2, 5, 0, 0, 0, 4, 0, 0.6666666666666666], [1, 0, 1, 0.07821667194366455, 1, 0, 8, 11, 18, 1, 0, 1, 1, 2, 8, 6, 0, 0, 0, 10, 1, 0.8], [1, 0, 0, 0.0010845661163330078, 1, 0, 8, 13, 20, 1, 0, 1, 0, 8, 3, 1, 0, 0, 0, 12, 1, 0.75], [1, 0, 0, 0.02431046962738037, 0, 0, 8, 13, 20, 1, 1, 1, 0, 9, 2, 1, 0, 0, 0, 12, 0, 0.6666666666666666], [1, 0, 1, 0.12249135971069336, 0, 1, 6, 3, 8, 1, 0, 0, 0, 1, 1, 5, 0, 0, 0, 2, 0, 0.6666666666666666], [1, 0, 1, 0.026041269302368164, 1, 0, 8, 7, 14, 1, 0, 1, 1, 4, 2, 4, 0, 0, 0, 6, 0, 0.6666666666666666], [0, 0, 0, 0.13391709327697754, 0, 0, 8, 4, 11, 0, 0, 0, 0, 2, 1, 4, 0, 0, 0, 3, 0, 0.6666666666666666], [0, 0, 0, 0.00011046230792999268, 0, 0, 8, 3, 10, 0, 0, 0, 0, 1, 1, 4, 0, 0, 0, 2, 0, 0.5], [1, 0, 0, 0.04849749803543091, 0, 1, 8, 12, 19, 1, 0, 1, 0, 4, 5, 6, 0, 0, 0, 11, 0, 0.6666666666666666], [0, 0, 0, 0.014954358339309692, 0, 0, 8, 3, 10, 0, 0, 0, 0, 1, 1, 5, 0, 0, 0, 2, 0, 0.5], [0, 0, 0, 0.04389315843582153, 0, 0, 8, 13, 20, 0, 0, 0, 0, 11, 1, 1, 0, 0, 0, 12, 0, 0.5], [0, 0, 0, 0.06722879409790039, 0, 0, 8, 7, 14, 0, 0, 0, 0, 5, 1, 1, 0, 0, 0, 6, 0, 0.5], [0, 0, 0, 0.05351117253303528, 0, 0, 8, 7, 14, 0, 0, 0, 0, 5, 1, 5, 0, 0, 0, 6, 0, 0.6666666666666666], [1, 0, 1, 0.0, 0, 0, 8, 6, 13, 1, 0, 1, 1, 3, 2, 4, 0, 0, 0, 5, 0, 0.5], [1, 0, 0, 0.01663792133331299, 0, 0, 8, 13, 20, 1, 0, 0, 0, 8, 3, 1, 0, 0, 0, 12, 0, 0.75], [1, 0, 0, 0.36602234840393066, 0, 1, 8, 6, 13, 1, 0, 1, 0, 2, 2, 5, 0, 0, 0, 5, 0, 0.6666666666666666], [0, 0, 0, 0.08438336849212646, 0, 0, 8, 3, 10, 0, 0, 0, 0, 1, 1, 3, 0, 0, 0, 2, 0, 0.5], [0, 0, 0, 0.010335147380828857, 0, 0, 8, 4, 11, 0, 0, 0, 0, 2, 1, 3, 0, 0, 0, 3, 0, 0.5], [0, 0, 0, 0.025664597749710083, 0, 0, 8, 3, 10, 0, 0, 0, 0, 1, 1, 2, 0, 0, 0, 2, 0, 0.16666666666666666], [1, 0, 1, 0.029221773147583008, 1, 0, 8, 7, 14, 1, 0, 1, 1, 2, 4, 3, 0, 0, 0, 6, 1, 0.7916666666666666], [0, 0, 0, 0.008802056312561035, 0, 0, 8, 13, 20, 0, 0, 0, 0, 1, 11, 5, 0, 0, 0, 12, 0, 0.8333333333333334], [0, 0, 0, 0.21039032936096191, 0, 0, 8, 4, 11, 0, 0, 0, 0, 2, 1, 5, 0, 0, 0, 3, 0, 0.5], [0, 0, 0, 0.05598652362823486, 0, 0, 8, 3, 10, 0, 0, 0, 0, 1, 1, 7, 0, 0, 0, 2, 0, 0.6666666666666666], [0, 0, 0, 0.044385671615600586, 0, 0, 8, 3, 10, 0, 0, 0, 0, 1, 1, 4, 0, 0, 0, 2, 0, 0.5], [0, 0, 0, 0.023213982582092285, 0, 0, 8, 13, 20, 0, 0, 0, 0, 9, 2, 2, 0, 0, 0, 12, 0, 0.16666666666666666], [1, 0, 1, 0.009909629821777344, 1, 0, 8, 13, 20, 1, 0, 1, 1, 1, 11, 5, 0, 0, 0, 12, 1, 0.8333333333333334], [0, 0, 0, 0.042418062686920166, 0, 0, 8, 13, 20, 0, 0, 0, 0, 11, 1, 5, 0, 0, 0, 12, 0, 0.75], [1, 0, 0, 0.06248122453689575, 1, 0, 8, 6, 13, 1, 0, 1, 1, 2, 2, 3, 0, 0, 0, 5, 1, 0.75], [0, 0, 0, 0.0027671754360198975, 0, 0, 8, 13, 20, 0, 0, 0, 0, 7, 3, 5, 0, 0, 0, 12, 0, 0.8333333333333334], [0, 0, 0, 0.0017715692520141602, 0, 0, 8, 5, 12, 0, 0, 1, 0, 2, 2, 4, 0, 0, 0, 4, 0, 0.875], [0, 0, 0, 0.3023328483104706, 0, 0, 8, 3, 10, 0, 0, 0, 0, 1, 1, 3, 0, 0, 0, 2, 0, 0.5], [1, 0, 0, 0.02409839630126953, 0, 0, 8, 4, 11, 1, 0, 0, 0, 2, 1, 4, 0, 0, 0, 3, 0, 0.6666666666666666], [0, 0, 0, 0.005515635013580322, 0, 0, 6, 13, 18, 0, 0, 0, 0, 2, 8, 5, 0, 0, 0, 12, 0, 0.9], [1, 0, 0, 0.016942918300628662, 0, 0, 6, 8, 13, 1, 0, 1, 0, 5, 2, 5, 0, 0, 0, 7, 0, 0.6666666666666666], [1, 0, 0, 0.011620044708251953, 0, 0, 4, 6, 9, 1, 0, 1, 0, 2, 3, 2, 0, 0, 0, 5, 0, 0.75], [0, 0, 0, 0.17443901300430298, 0, 0, 8, 4, 11, 0, 0, 0, 0, 1, 2, 5, 0, 0, 0, 3, 0, 0.5], [0, 0, 0, 0.17132747173309326, 0, 0, 8, 3, 10, 0, 0, 0, 0, 1, 1, 6, 0, 0, 0, 2, 0, 0.6666666666666666], [0, 0, 0, 0.005557656288146973, 0, 0, 8, 4, 11, 0, 0, 0, 0, 2, 1, 6, 0, 0, 0, 3, 0, 0.875], [1, 0, 1, 0.004404306411743164, 1, 0, 8, 6, 13, 1, 0, 1, 1, 2, 3, 5, 0, 0, 0, 5, 1, 0.8666666666666667], [0, 0, 0, 0.004796266555786133, 0, 0, 8, 3, 10, 0, 0, 0, 0, 1, 1, 5, 0, 0, 0, 2, 0, 0.5], [1, 0, 0, 0.00912332534790039, 0, 0, 5, 4, 8, 1, 0, 0, 0, 2, 1, 3, 0, 0, 0, 3, 0, 0.5], [0, 0, 0, 0.008510828018188477, 0, 0, 8, 3, 10, 0, 0, 0, 0, 1, 1, 5, 0, 0, 0, 2, 0, 0.875], [1, 0, 1, 0.03259086608886719, 1, 0, 8, 10, 17, 1, 0, 1, 1, 5, 4, 6, 0, 0, 0, 9, 1, 0.8666666666666667], [1, 0, 0, 0.003827333450317383, 0, 0, 8, 3, 10, 1, 0, 0, 0, 1, 1, 6, 0, 0, 0, 2, 0, 0.9], [0, 0, 0, 0.1304011344909668, 0, 0, 7, 4, 10, 0, 0, 0, 0, 2, 1, 5, 0, 0, 0, 3, 0, 0.6666666666666666], [0, 0, 0, 0.10622704029083252, 0, 0, 8, 3, 10, 0, 0, 0, 0, 1, 1, 4, 0, 0, 0, 2, 0, 0.5], [1, 0, 1, 0.02761155366897583, 0, 1, 8, 3, 10, 1, 0, 0, 0, 1, 1, 6, 0, 0, 0, 2, 1, 0.6666666666666666], [0, 0, 0, 0.09463506937026978, 0, 0, 8, 6, 13, 0, 0, 0, 0, 3, 2, 4, 0, 0, 0, 5, 0, 0.6], [1, 0, 0, 0.05180484056472778, 0, 0, 8, 5, 12, 1, 0, 1, 0, 2, 2, 3, 0, 0, 0, 4, 0, 0.6666666666666666], [0, 0, 0, 0.000102996826171875, 0, 0, 7, 11, 17, 0, 0, 0, 0, 1, 9, 5, 0, 0, 0, 10, 0, 0.875], [0, 0, 0, 0.028206169605255127, 0, 0, 8, 10, 17, 0, 0, 0, 0, 4, 5, 6, 0, 0, 0, 9, 0, 0.8666666666666667], [1, 0, 0, 0.0965462327003479, 0, 0, 8, 6, 13, 1, 0, 0, 0, 2, 3, 4, 0, 0, 0, 5, 0, 0.5], [0, 0, 0, 0.006953060626983643, 0, 0, 8, 3, 10, 0, 0, 0, 0, 1, 1, 5, 0, 0, 0, 2, 0, 0.5], [1, 0, 0, 0.061907052993774414, 1, 0, 8, 5, 12, 1, 0, 1, 0, 3, 1, 3, 0, 0, 0, 4, 1, 0.875], [1, 0, 0, 0.06887650489807129, 0, 0, 8, 4, 11, 1, 0, 0, 0, 2, 1, 5, 0, 0, 0, 3, 0, 0.6666666666666666], [1, 0, 1, 0.01757824420928955, 1, 0, 8, 9, 16, 1, 0, 1, 1, 4, 3, 4, 0, 0, 0, 8, 1, 0.8333333333333334], [0, 0, 0, 0.1359262466430664, 0, 0, 8, 6, 13, 0, 0, 0, 0, 4, 1, 2, 0, 0, 0, 5, 0, 0.5], [0, 0, 0, 0.02268308401107788, 0, 0, 8, 3, 10, 0, 0, 0, 0, 1, 1, 6, 0, 0, 0, 2, 0, 0.9], [0, 0, 0, 0.04971316456794739, 0, 0, 8, 3, 10, 0, 0, 0, 0, 1, 1, 4, 0, 0, 0, 2, 0, 0.75], [0, 0, 0, 0.10888421535491943, 0, 0, 8, 3, 10, 0, 0, 0, 0, 1, 1, 5, 0, 0, 0, 2, 0, 0.75], [1, 0, 0, 0.02525883913040161, 1, 0, 8, 13, 20, 1, 0, 1, 0, 7, 3, 5, 0, 0, 0, 12, 1, 0.6666666666666666], [1, 0, 1, 0.02718883752822876, 1, 0, 8, 13, 20, 1, 0, 1, 1, 7, 3, 1, 0, 0, 0, 12, 1, 0.75], [0, 0, 0, 0.06085100769996643, 0, 0, 8, 4, 11, 0, 0, 0, 0, 2, 1, 3, 0, 0, 0, 3, 0, 0.5], [1, 0, 1, 0.005637526512145996, 1, 0, 6, 13, 18, 1, 0, 1, 1, 2, 9, 5, 0, 0, 0, 12, 1, 0.9], [0, 0, 0, 0.29274386167526245, 0, 0, 8, 3, 10, 0, 0, 0, 0, 1, 1, 1, 0, 0, 0, 2, 0, 0.3], [1, 0, 1, 0.12383103370666504, 0, 0, 8, 9, 16, 1, 0, 1, 1, 4, 4, 5, 0, 0, 0, 8, 0, 0.6666666666666666], [0, 0, 0, 0.033811748027801514, 0, 0, 8, 9, 16, 0, 0, 0, 0, 6, 2, 5, 0, 0, 0, 8, 0, 0.6666666666666666], [0, 0, 0, 0.014217406511306763, 0, 0, 8, 13, 20, 0, 0, 0, 0, 8, 3, 5, 0, 0, 0, 12, 0, 0.8333333333333334], [0, 0, 0, 0.011476218700408936, 0, 0, 8, 9, 16, 0, 0, 1, 0, 4, 4, 6, 0, 0, 0, 8, 0, 0.6666666666666666], [0, 0, 0, 0.13357293605804443, 0, 0, 8, 3, 10, 0, 0, 0, 0, 1, 1, 5, 0, 0, 0, 2, 0, 0.5], [0, 0, 0, 0.04989069700241089, 0, 0, 8, 13, 20, 0, 0, 1, 0, 9, 3, 5, 0, 0, 0, 12, 0, 0.5], [0, 0, 0, 0.00978761911392212, 0, 0, 8, 3, 10, 0, 0, 0, 0, 1, 1, 5, 0, 0, 0, 2, 0, 0.6], [0, 0, 0, 0.04393932223320007, 0, 0, 8, 13, 20, 0, 0, 0, 0, 8, 3, 2, 0, 0, 0, 12, 0, 0.5], [1, 0, 0, 0.012450993061065674, 0, 0, 8, 13, 20, 1, 0, 0, 0, 9, 2, 1, 0, 0, 0, 12, 0, 0.5], [0, 0, 0, 0.024835705757141113, 0, 0, 8, 13, 20, 0, 0, 0, 0, 11, 1, 5, 0, 0, 0, 12, 0, 0.75], [0, 0, 0, 0.06069335341453552, 0, 0, 8, 4, 11, 0, 0, 0, 0, 2, 1, 1, 0, 0, 0, 3, 0, 0.5], [0, 0, 0, 0.23583996295928955, 0, 0, 8, 3, 10, 0, 0, 0, 0, 1, 1, 3, 0, 0, 0, 2, 0, 0.5], [0, 0, 0, 0.059149980545043945, 0, 0, 8, 3, 10, 0, 0, 0, 0, 1, 1, 4, 0, 0, 0, 2, 0, 0.5], [0, 0, 0, 0.007250010967254639, 0, 0, 3, 3, 5, 0, 0, 0, 0, 1, 1, 2, 0, 0, 0, 2, 0, 0.6666666666666666], [0, 0, 0, 0.0029516220092773438, 0, 0, 8, 3, 10, 0, 0, 0, 0, 1, 1, 7, 0, 0, 0, 2, 0, 0.5], [0, 0, 0, 0.016759037971496582, 0, 0, 8, 4, 11, 0, 0, 0, 0, 2, 1, 4, 0, 0, 0, 3, 0, 0.8333333333333334], [0, 0, 1, 0.03643655776977539, 0, 0, 8, 13, 20, 0, 0, 1, 1, 2, 10, 3, 0, 0, 0, 12, 0, 0.5], [0, 0, 0, 0.06881630420684814, 0, 0, 8, 3, 10, 0, 0, 0, 0, 1, 1, 3, 0, 0, 0, 2, 0, 0.5], [0, 0, 0, 0.2373048961162567, 0, 0, 8, 3, 10, 0, 0, 0, 0, 1, 1, 1, 0, 0, 0, 2, 0, 0.125], [1, 0, 0, 0.002243936061859131, 0, 0, 8, 4, 11, 1, 0, 0, 0, 2, 1, 5, 0, 0, 0, 3, 0, 0.5], [0, 0, 0, 0.20694148540496826, 0, 0, 8, 3, 10, 0, 0, 0, 0, 1, 1, 4, 0, 0, 0, 2, 0, 0.6666666666666666], [1, 0, 1, 0.07821667194366455, 1, 1, 8, 11, 18, 1, 0, 1, 1, 2, 8, 6, 0, 0, 0, 10, 1, 0.8], [1, 0, 0, 0.018840670585632324, 0, 0, 4, 3, 6, 1, 0, 0, 0, 1, 1, 3, 0, 0, 0, 2, 0, 0.75], [1, 0, 1, 0.07821667194366455, 1, 0, 8, 11, 18, 1, 0, 1, 1, 2, 8, 6, 0, 0, 0, 10, 1, 0.8], [1, 0, 0, 0.14773020148277283, 0, 0, 8, 6, 13, 1, 0, 0, 0, 4, 1, 3, 0, 0, 0, 5, 0, 0.5], [0, 0, 0, 0.0, 0, 0, 6, 3, 8, 1, 0, 0, 0, 1, 1, 5, 0, 0, 0, 2, 0, 0.6666666666666666], [0, 0, 0, 0.00422435998916626, 0, 0, 8, 4, 11, 0, 0, 0, 0, 2, 1, 2, 0, 0, 0, 3, 0, 0.6666666666666666], [0, 0, 0, 0.0018323659896850586, 0, 0, 8, 3, 10, 0, 0, 0, 0, 1, 1, 6, 0, 0, 0, 2, 0, 0.8666666666666667], [1, 0, 0, 0.02275824546813965, 0, 0, 8, 13, 20, 1, 0, 1, 0, 3, 7, 5, 0, 0, 0, 12, 0, 0.75], [1, 0, 0, 0.018840670585632324, 0, 0, 4, 3, 6, 1, 0, 0, 0, 1, 1, 3, 0, 0, 0, 2, 0, 0.75], [0, 0, 0, 0.022802338004112244, 0, 0, 8, 3, 10, 0, 0, 0, 0, 1, 1, 4, 0, 0, 0, 2, 0, 0.5], [1, 0, 0, 0.0038272738456726074, 0, 0, 8, 3, 10, 1, 0, 0, 0, 1, 1, 6, 0, 0, 0, 2, 0, 0.9], [1, 0, 0, 0.14151978492736816, 0, 0, 8, 6, 13, 1, 0, 1, 0, 4, 1, 2, 0, 0, 0, 5, 1, 0.5], [0, 0, 1, 0.007597029209136963, 0, 0, 8, 8, 15, 0, 0, 1, 1, 2, 5, 1, 0, 0, 0, 7, 0, 0.6666666666666666], [0, 0, 0, 0.13969838619232178, 0, 0, 5, 3, 7, 0, 0, 0, 0, 1, 1, 4, 0, 0, 0, 2, 0, 0.6666666666666666], [0, 0, 0, 0.13081729412078857, 0, 0, 8, 3, 10, 0, 0, 0, 0, 1, 1, 2, 0, 0, 0, 2, 0, 0.75], [1, 0, 1, 0.07369208335876465, 1, 0, 8, 5, 12, 1, 0, 1, 1, 2, 2, 4, 0, 0, 0, 4, 1, 0.8], [1, 0, 1, 0.005637526512145996, 1, 0, 6, 13, 18, 1, 0, 1, 1, 2, 10, 5, 0, 0, 0, 12, 1, 0.9], [0, 0, 0, 0.19579163193702698, 0, 0, 8, 4, 11, 0, 0, 0, 0, 2, 1, 4, 0, 0, 0, 3, 0, 0.6666666666666666], [0, 0, 0, 0.0659869909286499, 0, 0, 8, 13, 20, 0, 0, 0, 0, 11, 1, 1, 0, 0, 0, 12, 0, 0.14814814814814814], [1, 0, 1, 0.03211069107055664, 1, 0, 8, 5, 12, 1, 0, 1, 1, 3, 1, 7, 0, 0, 0, 4, 1, 0.6666666666666666], [0, 0, 0, 0.0117129385471344, 0, 0, 8, 3, 10, 0, 0, 0, 0, 1, 1, 2, 0, 0, 0, 2, 0, 0.5], [0, 0, 0, 0.10274273157119751, 0, 0, 8, 13, 20, 0, 0, 0, 0, 10, 2, 1, 0, 0, 0, 12, 0, 0.6666666666666666], [0, 0, 0, 0.08542275428771973, 0, 0, 8, 3, 10, 0, 0, 0, 0, 1, 1, 4, 0, 0, 0, 2, 0, 0.6666666666666666], [0, 0, 0, 0.056592077016830444, 0, 0, 8, 13, 20, 0, 0, 0, 0, 10, 2, 1, 0, 0, 0, 12, 0, 0.25], [1, 0, 0, 0.13674896955490112, 0, 0, 8, 13, 20, 1, 0, 1, 0, 10, 2, 6, 0, 0, 0, 12, 0, 0.6666666666666666], [1, 0, 0, 0.15652227401733398, 0, 0, 8, 4, 11, 1, 0, 1, 0, 2, 1, 4, 0, 0, 0, 3, 0, 0.5], [0, 0, 0, 0.0, 0, 0, 8, 13, 20, 0, 0, 0, 0, 10, 2, 3, 0, 0, 0, 12, 0, 0.8333333333333334], [0, 0, 0, 0.0113753080368042, 0, 0, 8, 8, 15, 0, 0, 0, 0, 6, 1, 4, 0, 0, 0, 7, 0, 0.6666666666666666], [0, 0, 0, 0.01427808403968811, 0, 0, 8, 3, 10, 0, 0, 0, 0, 1, 1, 3, 0, 0, 0, 2, 0, 0.5], [0, 0, 0, 0.07649928331375122, 0, 0, 8, 3, 10, 0, 0, 0, 0, 1, 1, 6, 0, 0, 0, 2, 0, 0.5], [1, 0, 1, 0.01951432228088379, 1, 0, 8, 8, 15, 1, 0, 1, 1, 5, 2, 3, 0, 0, 0, 7, 1, 0.875], [0, 0, 0, 0.15304887294769287, 0, 0, 8, 4, 11, 0, 0, 0, 0, 2, 1, 4, 0, 0, 0, 3, 0, 0.6666666666666666], [0, 0, 0, 0.2549746036529541, 0, 0, 8, 5, 12, 0, 0, 0, 0, 2, 2, 2, 0, 0, 0, 4, 0, 0.6666666666666666], [0, 0, 0, 0.1552647352218628, 0, 0, 8, 5, 12, 0, 0, 0, 0, 2, 2, 4, 0, 0, 0, 4, 0, 0.6], [0, 0, 0, 0.021272242069244385, 0, 0, 8, 5, 12, 0, 0, 0, 0, 3, 1, 5, 0, 0, 0, 4, 0, 0.948051948051948], [0, 0, 0, 0.11421874165534973, 0, 0, 8, 3, 10, 0, 0, 0, 0, 1, 1, 3, 0, 0, 0, 2, 0, 0.5], [0, 0, 0, 0.07013136148452759, 0, 0, 8, 6, 13, 0, 0, 0, 0, 3, 2, 6, 0, 0, 0, 5, 0, 0.8], [0, 0, 0, 0.07037776708602905, 0, 0, 8, 3, 10, 0, 0, 0, 0, 1, 1, 6, 0, 0, 0, 2, 0, 0.6666666666666666], [1, 0, 1, 0.07602101564407349, 1, 0, 8, 13, 20, 1, 0, 1, 1, 8, 4, 6, 0, 0, 0, 12, 1, 0.5], [0, 0, 0, 0.10982078313827515, 0, 0, 8, 3, 10, 0, 0, 0, 0, 1, 1, 3, 0, 0, 0, 2, 0, 0.6], [0, 0, 0, 0.07002812623977661, 0, 0, 8, 3, 10, 0, 0, 0, 0, 1, 1, 6, 0, 0, 0, 2, 0, 0.75], [0, 0, 0, 0.03972020745277405, 0, 0, 8, 13, 20, 0, 0, 0, 0, 11, 1, 1, 0, 0, 0, 12, 0, 0.09090909090909091], [0, 0, 0, 0.00968402624130249, 0, 0, 8, 8, 15, 0, 0, 0, 0, 5, 2, 2, 0, 0, 0, 7, 0, 0.5], [1, 0, 1, 0.0, 1, 0, 8, 13, 20, 1, 0, 1, 0, 5, 4, 3, 0, 0, 0, 12, 0, 0.6666666666666666], [0, 0, 0, 0.08307170867919922, 0, 0, 8, 3, 10, 0, 0, 0, 0, 1, 1, 5, 0, 0, 0, 2, 0, 0.5], [0, 0, 0, 0.005809128284454346, 0, 0, 8, 5, 12, 0, 0, 1, 0, 2, 2, 6, 0, 0, 0, 4, 0, 0.9], [0, 0, 0, 0.05986666679382324, 0, 0, 8, 3, 10, 0, 0, 0, 0, 1, 1, 1, 0, 0, 0, 2, 0, 0.25], [0, 0, 1, 0.051818251609802246, 0, 0, 8, 4, 11, 0, 0, 1, 1, 2, 1, 3, 0, 0, 0, 3, 0, 0.6666666666666666], [0, 0, 1, 0.051818251609802246, 0, 0, 8, 4, 11, 0, 0, 1, 1, 2, 1, 3, 0, 0, 0, 3, 0, 0.6666666666666666], [0, 0, 1, 0.03643655776977539, 0, 0, 8, 13, 20, 0, 0, 1, 1, 2, 10, 3, 0, 0, 0, 12, 0, 0.5], [1, 0, 0, 0.034057676792144775, 0, 0, 8, 3, 10, 1, 0, 0, 0, 1, 1, 2, 0, 0, 0, 2, 0, 0.5], [1, 0, 1, 0.0, 1, 0, 8, 13, 20, 1, 0, 1, 1, 9, 2, 3, 0, 0, 0, 12, 1, 0.8333333333333334], [0, 0, 0, 0.0, 0, 0, 5, 10, 14, 0, 0, 0, 0, 5, 3, 3, 0, 0, 0, 9, 0, 0.875], [0, 0, 0, 0.07649922370910645, 0, 0, 8, 3, 10, 0, 0, 0, 0, 1, 1, 6, 0, 0, 0, 2, 0, 0.5], [0, 0, 0, 0.023444831371307373, 0, 0, 8, 10, 17, 0, 0, 0, 0, 8, 1, 1, 0, 0, 0, 9, 0, 0.5], [0, 0, 0, 0.04118549823760986, 0, 0, 8, 5, 12, 0, 0, 0, 0, 3, 1, 4, 0, 0, 0, 4, 0, 0.6666666666666666], [1, 0, 0, 0.013229727745056152, 0, 0, 8, 3, 10, 1, 0, 0, 0, 1, 1, 4, 0, 0, 0, 2, 0, 0.75], [0, 0, 0, 0.02464878559112549, 0, 0, 8, 9, 16, 0, 0, 0, 0, 4, 2, 2, 0, 0, 0, 8, 0, 0.5], [0, 0, 0, 0.04154735803604126, 0, 0, 8, 13, 20, 0, 0, 0, 0, 10, 2, 1, 0, 0, 0, 12, 0, 0.25], [0, 0, 0, 0.053393006324768066, 0, 0, 8, 13, 20, 0, 0, 0, 0, 9, 2, 5, 0, 0, 0, 12, 0, 0.8], [0, 0, 0, 0.06231921911239624, 0, 0, 8, 3, 10, 0, 0, 0, 0, 1, 1, 5, 0, 0, 0, 2, 0, 0.75], [0, 0, 0, 0.13058054447174072, 0, 0, 8, 4, 11, 0, 0, 0, 0, 2, 1, 4, 0, 0, 0, 3, 0, 0.6666666666666666], [0, 0, 0, 0.2840172052383423, 0, 0, 8, 3, 10, 0, 0, 0, 0, 1, 1, 4, 0, 0, 0, 2, 0, 0.5], [0, 0, 0, 0.04415249824523926, 0, 0, 8, 13, 20, 0, 0, 0, 0, 9, 3, 5, 0, 0, 0, 12, 0, 0.6], [1, 0, 0, 0.034057676792144775, 0, 0, 8, 3, 10, 1, 0, 0, 0, 1, 1, 2, 0, 0, 0, 2, 0, 0.5], [1, 0, 0, 0.1314118504524231, 0, 1, 8, 6, 13, 1, 0, 1, 0, 2, 2, 5, 0, 0, 0, 5, 0, 0.6666666666666666], [0, 0, 0, 0.18638592958450317, 0, 0, 8, 3, 10, 0, 0, 0, 0, 1, 1, 6, 0, 0, 0, 2, 0, 0.6666666666666666], [0, 0, 0, 0.021983623504638672, 0, 0, 8, 13, 20, 0, 0, 0, 0, 11, 1, 3, 0, 0, 0, 12, 0, 0.6666666666666666], [1, 0, 0, 0.17601239681243896, 1, 0, 8, 4, 11, 1, 0, 1, 0, 2, 1, 2, 0, 0, 0, 3, 0, 0.6666666666666666], [0, 0, 0, 0.009039342403411865, 0, 0, 8, 7, 14, 0, 0, 0, 0, 5, 1, 5, 0, 0, 0, 6, 0, 0.6666666666666666], [0, 0, 0, 0.10990267992019653, 0, 0, 8, 7, 14, 0, 0, 0, 0, 4, 2, 5, 0, 0, 0, 6, 0, 0.5], [0, 0, 0, 0.04138636589050293, 0, 0, 8, 3, 10, 0, 0, 0, 0, 1, 1, 3, 0, 0, 0, 2, 0, 0.5], [1, 0, 1, 0.21257442235946655, 0, 1, 6, 3, 8, 1, 0, 0, 0, 1, 1, 5, 0, 0, 0, 2, 0, 0.75], [0, 0, 0, 0.021000593900680542, 0, 0, 8, 11, 18, 0, 0, 0, 0, 9, 1, 3, 0, 0, 0, 10, 0, 0.5], [1, 0, 1, 0.027016401290893555, 1, 0, 3, 6, 8, 1, 0, 1, 1, 4, 1, 2, 0, 0, 0, 5, 1, 0.5], [0, 0, 0, 0.011937052011489868, 0, 0, 8, 13, 20, 0, 0, 0, 0, 11, 1, 1, 0, 0, 0, 12, 0, 0.09090909090909091], [0, 0, 0, 0.09180337190628052, 0, 0, 8, 3, 10, 0, 0, 0, 0, 1, 1, 4, 0, 0, 0, 2, 0, 0.5], [1, 0, 1, 0.024578392505645752, 0, 0, 8, 4, 11, 1, 0, 1, 1, 2, 1, 4, 0, 0, 0, 3, 0, 0.7272727272727273], [0, 0, 0, 0.2796289920806885, 0, 0, 8, 4, 11, 0, 0, 0, 0, 2, 1, 2, 0, 0, 0, 3, 0, 0.6666666666666666], [0, 0, 0, 0.0952448844909668, 0, 0, 8, 5, 12, 0, 0, 0, 0, 3, 1, 4, 0, 0, 0, 4, 0, 0.8333333333333334], [0, 0, 0, 0.0, 0, 0, 8, 13, 20, 0, 0, 0, 0, 7, 4, 3, 0, 0, 0, 12, 0, 0.8333333333333334], [1, 0, 1, 0.017524123191833496, 1, 0, 8, 13, 20, 1, 0, 1, 1, 3, 6, 5, 0, 0, 0, 12, 1, 0.75], [1, 0, 1, 0.11809056997299194, 1, 0, 8, 5, 12, 1, 0, 1, 0, 3, 1, 6, 0, 0, 0, 4, 1, 0.75], [0, 0, 0, 0.09001010656356812, 0, 0, 8, 4, 11, 0, 0, 0, 0, 2, 1, 3, 0, 0, 0, 3, 0, 0.5], [0, 0, 0, 0.2354641854763031, 0, 0, 8, 3, 10, 0, 0, 0, 0, 1, 1, 4, 0, 0, 0, 2, 0, 0.5], [0, 0, 0, 0.01697385311126709, 0, 0, 8, 3, 10, 0, 0, 0, 0, 1, 1, 3, 0, 0, 0, 2, 0, 0.6666666666666666], [1, 0, 1, 0.017524123191833496, 1, 0, 8, 13, 20, 1, 0, 1, 1, 3, 8, 5, 0, 0, 0, 12, 1, 0.75], [0, 0, 0, 0.09804338216781616, 0, 0, 8, 4, 11, 0, 0, 0, 0, 2, 1, 6, 0, 0, 0, 3, 0, 0.6666666666666666], [0, 0, 0, 0.024094581604003906, 0, 0, 8, 13, 20, 0, 0, 0, 0, 11, 1, 1, 0, 0, 0, 12, 0, 0.25], [0, 0, 0, 0.062430113554000854, 0, 0, 8, 5, 12, 0, 0, 0, 0, 3, 1, 4, 0, 0, 0, 4, 0, 0.5], [0, 0, 0, 0.0, 0, 0, 8, 13, 20, 0, 0, 0, 0, 11, 1, 3, 0, 0, 0, 12, 0, 0.8333333333333334], [0, 0, 0, 0.0010969340801239014, 0, 0, 8, 11, 18, 0, 0, 0, 0, 9, 1, 3, 0, 0, 0, 10, 0, 0.7142857142857143], [0, 0, 0, 0.1429659128189087, 0, 0, 8, 7, 14, 0, 0, 0, 0, 4, 2, 3, 0, 0, 0, 6, 0, 0.875], [1, 0, 1, 0.0, 1, 0, 5, 4, 8, 1, 0, 1, 1, 2, 1, 3, 0, 0, 0, 3, 0, 0.875], [0, 0, 0, 0.019134938716888428, 0, 0, 8, 6, 13, 0, 0, 0, 0, 3, 2, 6, 0, 0, 0, 5, 0, 0.5], [0, 0, 0, 0.07598644495010376, 0, 0, 8, 4, 11, 0, 0, 0, 0, 2, 1, 4, 0, 0, 0, 3, 0, 0.6666666666666666], [0, 0, 0, 0.03905510902404785, 0, 0, 8, 13, 20, 0, 0, 0, 0, 9, 2, 5, 0, 0, 0, 12, 0, 0.6], [0, 0, 0, 0.2144896388053894, 0, 0, 8, 3, 10, 0, 0, 0, 0, 1, 1, 4, 0, 0, 0, 2, 0, 0.75], [1, 0, 0, 0.026069939136505127, 0, 0, 8, 10, 17, 1, 0, 0, 0, 3, 6, 2, 0, 0, 0, 9, 0, 0.75], [0, 0, 0, 0.12669873237609863, 0, 0, 8, 4, 11, 0, 0, 0, 0, 1, 2, 2, 0, 0, 0, 3, 0, 0.5], [1, 0, 0, 0.0018323659896850586, 0, 0, 8, 3, 10, 1, 0, 0, 0, 1, 1, 6, 0, 0, 0, 2, 0, 0.8666666666666667], [0, 0, 0, 0.02508920431137085, 0, 0, 8, 13, 20, 0, 0, 0, 0, 5, 4, 1, 0, 0, 0, 12, 0, 0.75], [0, 0, 0, 0.00043642520904541016, 0, 0, 8, 5, 12, 0, 0, 0, 0, 3, 1, 7, 0, 0, 0, 4, 0, 0.5], [1, 0, 1, 0.29279881715774536, 1, 0, 8, 4, 11, 1, 0, 1, 1, 2, 1, 7, 0, 0, 0, 3, 1, 0.9], [0, 0, 0, 0.022563636302947998, 0, 0, 8, 13, 20, 0, 0, 1, 0, 10, 2, 2, 0, 0, 0, 12, 0, 0.75], [0, 0, 0, 0.01001635193824768, 0, 0, 8, 3, 10, 0, 0, 0, 0, 1, 1, 2, 0, 0, 0, 2, 0, 0.3333333333333333], [0, 0, 0, 0.018527209758758545, 0, 0, 8, 13, 20, 0, 0, 0, 0, 7, 3, 3, 0, 0, 0, 12, 0, 0.5], [0, 0, 0, 0.007713496685028076, 0, 0, 8, 8, 15, 0, 0, 0, 0, 4, 2, 7, 0, 0, 0, 7, 0, 0.6666666666666666], [1, 0, 0, 0.0204353928565979, 0, 0, 8, 9, 16, 1, 0, 1, 0, 3, 3, 1, 0, 0, 0, 8, 1, 0.5], [0, 0, 0, 0.021461009979248047, 0, 0, 8, 10, 17, 0, 0, 0, 0, 8, 1, 2, 0, 0, 0, 9, 0, 0.5], [0, 0, 0, 0.06753349304199219, 0, 0, 8, 3, 10, 0, 0, 0, 0, 1, 1, 6, 0, 0, 0, 2, 0, 0.6666666666666666], [0, 0, 0, 0.0162619948387146, 0, 0, 8, 3, 10, 0, 0, 0, 0, 1, 1, 5, 0, 0, 0, 2, 0, 0.6666666666666666], [0, 0, 0, 0.040386199951171875, 0, 0, 8, 10, 17, 0, 0, 0, 0, 7, 2, 3, 0, 0, 0, 9, 0, 0.6666666666666666], [0, 0, 0, 0.26952534914016724, 0, 0, 8, 3, 10, 0, 0, 0, 0, 1, 1, 3, 0, 0, 0, 2, 0, 0.875], [1, 0, 1, 0.04855179786682129, 1, 0, 8, 9, 16, 1, 0, 1, 1, 2, 6, 4, 0, 0, 0, 8, 1, 0.7777777777777778], [0, 0, 0, 0.02835947275161743, 0, 0, 8, 5, 12, 0, 0, 0, 0, 3, 1, 4, 0, 0, 0, 4, 0, 0.6666666666666666], [1, 0, 0, 0.03317081928253174, 0, 0, 8, 13, 20, 1, 0, 1, 1, 7, 3, 4, 0, 0, 0, 12, 0, 0.75], [0, 0, 0, 0.11256250739097595, 0, 0, 8, 6, 13, 0, 0, 0, 0, 3, 2, 1, 0, 0, 0, 5, 0, 0.3333333333333333], [0, 0, 0, 0.09188711643218994, 0, 0, 8, 4, 11, 0, 0, 0, 0, 2, 1, 2, 0, 0, 0, 3, 0, 0.6666666666666666], [0, 0, 0, 0.43587031960487366, 0, 0, 8, 3, 10, 0, 0, 0, 0, 1, 1, 4, 0, 0, 0, 2, 0, 0.5], [0, 0, 0, 0.009580463171005249, 0, 0, 8, 3, 10, 0, 0, 0, 0, 1, 1, 3, 0, 0, 0, 2, 0, 0.8333333333333334], [0, 0, 0, 0.041895508766174316, 0, 0, 8, 3, 10, 0, 0, 0, 0, 1, 1, 4, 0, 0, 0, 2, 0, 0.5], [0, 0, 0, 0.0, 0, 0, 8, 13, 20, 0, 0, 0, 0, 8, 4, 3, 0, 0, 0, 12, 0, 0.8333333333333334], [1, 0, 0, 0.06425231695175171, 0, 0, 8, 4, 11, 1, 0, 0, 0, 1, 2, 4, 0, 0, 0, 3, 0, 0.75], [1, 0, 0, 0.13391625881195068, 1, 0, 8, 3, 10, 1, 0, 0, 0, 1, 1, 4, 0, 0, 0, 2, 1, 0.5], [0, 0, 0, 0.015616655349731445, 0, 0, 8, 13, 20, 0, 0, 0, 0, 9, 2, 6, 0, 0, 0, 12, 0, 0.6666666666666666], [0, 0, 0, 0.06190967559814453, 0, 0, 8, 13, 20, 0, 0, 0, 0, 11, 1, 1, 0, 0, 0, 12, 0, 0.25], [0, 0, 0, 0.021722733974456787, 0, 0, 8, 11, 18, 0, 0, 0, 0, 8, 2, 4, 0, 0, 0, 10, 0, 0.6666666666666666], [1, 0, 0, 0.02525883913040161, 1, 0, 8, 13, 20, 1, 0, 1, 0, 7, 3, 5, 0, 0, 0, 12, 1, 0.6666666666666666], [0, 0, 0, 0.0, 0, 0, 8, 13, 20, 0, 0, 0, 0, 11, 1, 3, 0, 0, 0, 12, 0, 0.8333333333333334], [0, 0, 0, 0.036579906940460205, 0, 0, 8, 4, 11, 0, 0, 0, 0, 2, 1, 2, 0, 0, 0, 3, 0, 0.75], [0, 0, 0, 0.10520151257514954, 0, 0, 8, 3, 10, 0, 0, 0, 0, 1, 1, 3, 0, 0, 0, 2, 0, 0.5], [1, 0, 1, 0.0491405725479126, 1, 0, 5, 8, 12, 1, 0, 1, 0, 2, 3, 4, 0, 0, 0, 7, 1, 0.6666666666666666], [1, 0, 0, 0.0, 1, 0, 8, 13, 20, 1, 0, 1, 0, 9, 2, 3, 0, 0, 0, 12, 1, 0.8333333333333334], [0, 0, 0, 0.059198737144470215, 0, 0, 8, 4, 11, 0, 0, 0, 0, 2, 1, 2, 0, 0, 0, 3, 0, 0.75], [1, 0, 0, 0.0, 1, 0, 7, 5, 11, 1, 0, 1, 0, 2, 2, 5, 0, 0, 0, 4, 0, 0.6666666666666666], [0, 0, 0, 0.052823781967163086, 0, 0, 8, 7, 14, 0, 0, 0, 0, 3, 3, 5, 0, 0, 0, 6, 0, 0.8], [0, 0, 0, 0.3466056287288666, 0, 0, 8, 6, 13, 0, 0, 0, 0, 1, 4, 3, 0, 0, 0, 5, 0, 0.6], [1, 0, 1, 0.23673847317695618, 1, 0, 8, 5, 12, 1, 0, 1, 1, 2, 2, 4, 0, 0, 0, 4, 1, 0.5], [1, 0, 1, 0.02718883752822876, 1, 0, 8, 13, 20, 1, 1, 1, 0, 7, 3, 1, 0, 0, 0, 12, 1, 0.75], [0, 0, 0, 0.04570525884628296, 0, 0, 8, 13, 20, 0, 0, 0, 0, 10, 2, 3, 0, 0, 0, 12, 0, 0.5], [1, 0, 1, 0.09850424528121948, 1, 0, 8, 13, 20, 1, 0, 1, 1, 7, 5, 4, 0, 0, 0, 12, 1, 0.5], [1, 0, 1, 0.009909629821777344, 1, 0, 8, 13, 20, 1, 0, 1, 1, 3, 9, 5, 0, 0, 0, 12, 1, 0.8333333333333334], [0, 0, 0, 0.0, 0, 0, 8, 13, 20, 0, 0, 0, 0, 11, 1, 3, 0, 0, 0, 12, 0, 0.8333333333333334], [0, 0, 0, 0.07037776708602905, 0, 0, 8, 3, 10, 0, 0, 0, 0, 1, 1, 6, 0, 0, 0, 2, 0, 0.6666666666666666], [1, 0, 0, 0.0018323659896850586, 0, 0, 8, 3, 10, 1, 0, 0, 0, 1, 1, 6, 0, 0, 0, 2, 0, 0.8666666666666667], [0, 0, 0, 0.12405824661254883, 0, 0, 8, 3, 10, 0, 0, 0, 0, 1, 1, 4, 0, 0, 0, 2, 0, 0.5], [0, 0, 0, 0.02548995614051819, 0, 0, 8, 3, 10, 0, 0, 0, 0, 1, 1, 5, 0, 0, 0, 2, 0, 0.6666666666666666], [0, 0, 0, 0.003101527690887451, 0, 0, 8, 5, 12, 0, 0, 0, 0, 3, 1, 4, 0, 0, 0, 4, 0, 0.5], [0, 0, 0, 0.09862858057022095, 0, 0, 8, 4, 11, 0, 0, 0, 0, 2, 1, 6, 0, 0, 0, 3, 0, 0.6666666666666666], [1, 0, 1, 0.006595134735107422, 1, 0, 7, 9, 15, 1, 0, 1, 1, 2, 6, 5, 0, 0, 0, 8, 1, 0.9], [1, 0, 1, 0.03004896640777588, 1, 0, 8, 13, 20, 1, 0, 1, 1, 2, 10, 6, 0, 0, 0, 12, 1, 0.8571428571428571], [0, 0, 0, 0.041663795709609985, 0, 0, 8, 3, 10, 0, 0, 0, 0, 1, 1, 1, 0, 0, 0, 2, 0, 0.125], [0, 0, 0, 0.05839100480079651, 0, 0, 8, 3, 10, 0, 0, 0, 0, 1, 1, 5, 0, 0, 0, 2, 0, 0.5], [1, 0, 1, 0.0008658766746520996, 0, 0, 8, 4, 11, 1, 0, 1, 1, 2, 1, 4, 0, 0, 0, 3, 0, 0.875], [0, 0, 1, 0.05313396453857422, 0, 0, 8, 9, 16, 0, 0, 1, 0, 7, 1, 2, 0, 0, 0, 8, 0, 0.6666666666666666], [0, 0, 0, 0.01861521601676941, 0, 0, 8, 4, 11, 0, 0, 0, 0, 2, 1, 1, 0, 0, 0, 3, 0, 0.3333333333333333], [0, 0, 0, 0.05732637643814087, 0, 0, 8, 13, 20, 0, 0, 0, 0, 11, 1, 5, 0, 0, 0, 12, 0, 0.8], [1, 0, 0, 0.01570311188697815, 0, 0, 8, 13, 20, 1, 0, 0, 0, 11, 1, 1, 0, 0, 0, 12, 0, 0.09090909090909091], [0, 0, 0, 0.015901923179626465, 0, 0, 8, 3, 10, 0, 0, 0, 0, 1, 1, 4, 0, 0, 0, 2, 0, 0.5], [0, 0, 0, 0.012157678604125977, 0, 0, 8, 13, 20, 0, 0, 0, 0, 9, 2, 5, 0, 0, 0, 12, 0, 0.5], [0, 0, 0, 0.0, 0, 0, 3, 4, 6, 0, 0, 0, 0, 2, 1, 2, 0, 0, 0, 3, 0, 0.6666666666666666], [0, 0, 0, 0.020121634006500244, 0, 0, 8, 9, 16, 0, 0, 0, 0, 7, 1, 2, 0, 0, 0, 8, 0, 0.25], [0, 0, 0, 0.02555793523788452, 0, 0, 8, 13, 20, 0, 0, 0, 0, 10, 2, 1, 0, 0, 0, 12, 0, 0.5], [1, 0, 1, 0.051210641860961914, 1, 0, 8, 7, 14, 1, 0, 1, 1, 3, 3, 4, 0, 0, 0, 6, 1, 0.6], [0, 0, 0, 0.0232505202293396, 0, 0, 8, 13, 20, 0, 0, 0, 0, 4, 6, 1, 0, 0, 0, 12, 0, 0.75], [0, 0, 0, 0.015338659286499023, 0, 0, 8, 4, 11, 0, 0, 0, 0, 2, 1, 4, 0, 0, 0, 3, 0, 0.6666666666666666], [0, 0, 0, 0.36818015575408936, 0, 0, 8, 4, 11, 0, 0, 0, 0, 2, 1, 4, 0, 0, 0, 3, 0, 0.5], [0, 0, 0, 0.07021522521972656, 0, 0, 8, 13, 20, 0, 0, 0, 0, 11, 1, 5, 0, 0, 0, 12, 0, 0.8], [0, 0, 0, 0.015131711959838867, 0, 0, 8, 4, 11, 0, 0, 0, 0, 2, 1, 4, 0, 0, 0, 3, 0, 0.5], [0, 0, 0, 0.0, 0, 0, 8, 13, 20, 0, 0, 0, 0, 9, 3, 3, 0, 0, 0, 12, 0, 0.8333333333333334], [0, 0, 0, 0.12249124050140381, 0, 0, 6, 3, 8, 0, 0, 0, 0, 1, 1, 5, 0, 0, 0, 2, 0, 0.6666666666666666], [0, 0, 0, 0.004212915897369385, 0, 0, 8, 3, 10, 0, 0, 0, 0, 1, 1, 5, 0, 0, 0, 2, 0, 0.75], [0, 0, 0, 0.024542570114135742, 0, 0, 8, 13, 20, 0, 0, 0, 0, 5, 4, 1, 0, 0, 0, 12, 0, 0.6666666666666666], [1, 0, 0, 0.113567054271698, 1, 0, 8, 13, 20, 1, 1, 1, 0, 10, 2, 1, 0, 0, 0, 12, 1, 0.6666666666666666], [1, 0, 0, 0.0, 0, 0, 8, 6, 13, 1, 0, 0, 0, 3, 2, 3, 0, 0, 0, 5, 0, 0.5], [1, 0, 1, 0.07301163673400879, 0, 0, 8, 4, 11, 1, 0, 1, 1, 2, 1, 5, 0, 0, 0, 3, 0, 0.6666666666666666], [0, 0, 0, 0.006561845541000366, 0, 0, 8, 3, 10, 0, 0, 0, 0, 1, 1, 6, 0, 0, 0, 2, 0, 0.5], [1, 0, 0, 0.0, 1, 0, 8, 7, 14, 1, 0, 1, 0, 5, 1, 4, 0, 0, 0, 6, 1, 0.8333333333333334], [0, 0, 0, 0.0, 0, 0, 8, 13, 20, 0, 0, 0, 0, 11, 1, 3, 0, 0, 0, 12, 0, 0.8333333333333334], [0, 0, 0, 0.07017099857330322, 0, 0, 8, 3, 10, 0, 0, 0, 0, 1, 1, 3, 0, 0, 0, 2, 0, 0.5], [0, 0, 0, 0.005666553974151611, 0, 0, 8, 3, 10, 0, 0, 0, 0, 1, 1, 2, 0, 0, 0, 2, 0, 0.3333333333333333], [0, 0, 0, 0.04836064577102661, 0, 0, 8, 13, 20, 0, 0, 0, 0, 10, 2, 1, 0, 0, 0, 12, 0, 0.5], [0, 0, 0, 0.017867088317871094, 0, 0, 8, 13, 20, 0, 0, 0, 0, 7, 3, 1, 0, 0, 0, 12, 0, 0.6666666666666666], [0, 0, 0, 0.011708974838256836, 0, 0, 8, 5, 12, 0, 0, 0, 0, 2, 2, 7, 0, 0, 0, 4, 0, 0.6666666666666666], [0, 0, 0, 0.02088642120361328, 0, 0, 8, 3, 10, 0, 0, 0, 0, 1, 1, 3, 0, 0, 0, 2, 0, 0.5], [0, 0, 0, 0.00021469593048095703, 0, 0, 8, 3, 10, 0, 0, 0, 0, 1, 1, 3, 0, 0, 0, 2, 0, 0.3333333333333333], [0, 0, 0, 0.04718700051307678, 0, 0, 8, 13, 20, 0, 0, 0, 0, 10, 2, 1, 0, 0, 0, 12, 0, 0.5], [0, 0, 0, 5.960464477539063e-08, 0, 0, 6, 3, 8, 0, 0, 0, 0, 1, 1, 4, 0, 0, 0, 2, 0, 0.6666666666666666], [0, 0, 0, 0.023102015256881714, 0, 0, 8, 4, 11, 0, 0, 0, 0, 2, 1, 5, 0, 0, 0, 3, 0, 0.8666666666666667], [1, 0, 1, 0.02718883752822876, 1, 0, 8, 13, 20, 1, 0, 1, 1, 4, 6, 1, 0, 0, 0, 12, 1, 0.75], [0, 0, 0, 0.03321188688278198, 0, 0, 8, 10, 17, 0, 0, 0, 0, 7, 2, 3, 0, 0, 0, 9, 0, 0.5], [0, 0, 0, 0.08705747127532959, 0, 0, 8, 3, 10, 0, 0, 0, 0, 1, 1, 2, 0, 0, 0, 2, 0, 0.6666666666666666], [0, 0, 0, 0.04283785820007324, 0, 0, 8, 13, 20, 0, 0, 0, 0, 8, 2, 6, 0, 0, 0, 12, 0, 0.5], [0, 0, 0, 0.023252248764038086, 0, 0, 8, 4, 11, 0, 0, 0, 0, 2, 1, 4, 0, 0, 0, 3, 0, 0.5], [1, 0, 0, 0.038735151290893555, 0, 0, 8, 13, 20, 1, 0, 1, 1, 9, 2, 1, 0, 0, 0, 12, 0, 0.5], [0, 0, 0, 0.02533435821533203, 0, 0, 8, 4, 11, 0, 0, 0, 0, 2, 1, 6, 0, 0, 0, 3, 0, 0.6666666666666666], [0, 0, 0, 0.22583788633346558, 0, 0, 8, 6, 13, 0, 0, 0, 0, 4, 1, 2, 0, 0, 0, 5, 0, 0.6666666666666666], [1, 0, 1, 0.051210641860961914, 1, 0, 8, 7, 14, 1, 0, 1, 1, 3, 3, 4, 0, 0, 0, 6, 1, 0.6], [0, 0, 0, 0.017207682132720947, 0, 0, 8, 11, 18, 0, 0, 0, 0, 9, 1, 4, 0, 0, 0, 10, 0, 0.5], [0, 0, 0, 0.008510768413543701, 0, 0, 8, 3, 10, 0, 0, 0, 0, 1, 1, 5, 0, 0, 0, 2, 0, 0.875], [0, 0, 0, 0.010937213897705078, 0, 0, 8, 13, 20, 0, 0, 0, 0, 11, 1, 4, 0, 0, 0, 12, 0, 0.6666666666666666], [0, 0, 0, 0.0065551698207855225, 0, 0, 8, 13, 20, 0, 0, 0, 0, 11, 1, 1, 0, 0, 0, 12, 0, 0.09090909090909091], [1, 0, 0, 0.018154919147491455, 1, 0, 8, 13, 20, 1, 0, 0, 0, 6, 4, 1, 0, 0, 0, 12, 1, 0.6666666666666666], [1, 0, 0, 0.16783630847930908, 0, 0, 8, 9, 16, 1, 0, 0, 0, 3, 5, 4, 0, 0, 0, 8, 1, 0.6666666666666666], [1, 0, 0, 0.01757824420928955, 1, 0, 8, 9, 16, 1, 0, 1, 1, 4, 3, 4, 0, 0, 0, 8, 1, 0.8333333333333334], [0, 0, 0, 0.014255166053771973, 0, 0, 8, 7, 14, 0, 0, 0, 0, 4, 2, 5, 0, 0, 0, 6, 0, 0.6], [1, 0, 1, 0.0, 1, 0, 4, 5, 8, 1, 0, 1, 1, 2, 2, 2, 0, 0, 0, 4, 1, 0.6666666666666666], [1, 0, 1, 0.03322446346282959, 1, 0, 8, 13, 20, 1, 0, 1, 1, 8, 3, 2, 0, 0, 0, 12, 1, 0.75], [0, 0, 0, 0.04925030469894409, 0, 0, 8, 13, 20, 0, 0, 0, 0, 10, 2, 1, 0, 0, 0, 12, 0, 0.5], [0, 0, 0, 0.13362228870391846, 0, 0, 8, 5, 12, 0, 0, 0, 0, 2, 2, 7, 0, 0, 0, 4, 0, 0.6666666666666666], [0, 0, 0, 0.019811153411865234, 0, 0, 8, 3, 10, 0, 0, 0, 0, 1, 1, 3, 0, 0, 0, 2, 0, 0.6666666666666666], [0, 0, 0, 0.42056363821029663, 0, 0, 8, 3, 10, 0, 0, 0, 0, 1, 1, 5, 0, 0, 0, 2, 0, 0.6666666666666666], [0, 0, 0, 0.02795848250389099, 0, 0, 8, 6, 13, 0, 0, 0, 0, 4, 1, 4, 0, 0, 0, 5, 0, 0.5], [0, 0, 0, 0.09802329540252686, 0, 0, 8, 4, 11, 0, 0, 0, 0, 2, 1, 6, 0, 0, 0, 3, 0, 0.6666666666666666], [0, 0, 0, 0.03154236078262329, 0, 0, 8, 9, 16, 0, 0, 0, 0, 7, 1, 2, 0, 0, 0, 8, 0, 0.25], [0, 0, 0, 0.26762282848358154, 0, 0, 8, 3, 10, 0, 0, 0, 0, 1, 1, 4, 0, 0, 0, 2, 0, 0.5], [0, 0, 0, 0.0048628151416778564, 0, 0, 8, 6, 13, 0, 0, 0, 0, 4, 1, 4, 0, 0, 0, 5, 0, 0.5], [0, 0, 0, 0.00660473108291626, 0, 0, 8, 4, 11, 0, 0, 0, 0, 2, 1, 2, 0, 0, 0, 3, 0, 0.6666666666666666], [0, 0, 0, 0.013229727745056152, 0, 0, 8, 3, 10, 0, 0, 0, 0, 1, 1, 4, 0, 0, 0, 2, 0, 0.75], [0, 0, 0, 0.08500242233276367, 0, 0, 8, 3, 10, 0, 0, 0, 0, 1, 1, 4, 0, 0, 0, 2, 0, 0.5], [0, 0, 0, 0.0, 0, 0, 8, 6, 13, 0, 0, 0, 0, 4, 1, 3, 0, 0, 0, 5, 0, 0.8], [0, 0, 0, 0.06718114018440247, 0, 0, 8, 5, 12, 0, 0, 0, 0, 3, 1, 5, 0, 0, 0, 4, 0, 0.75], [0, 0, 0, 0.029591023921966553, 0, 0, 8, 5, 12, 0, 0, 0, 0, 3, 1, 3, 0, 0, 0, 4, 0, 0.5], [0, 0, 1, 0.03643655776977539, 0, 0, 8, 13, 20, 0, 0, 1, 1, 2, 10, 3, 0, 0, 0, 12, 0, 0.5], [0, 0, 0, 0.005203306674957275, 0, 0, 8, 4, 11, 0, 0, 0, 0, 1, 2, 6, 0, 0, 0, 3, 0, 0.6666666666666666], [0, 0, 0, 0.048475444316864014, 0, 0, 8, 13, 20, 0, 0, 0, 0, 9, 3, 1, 0, 0, 0, 12, 0, 0.5], [1, 0, 1, 0.017524123191833496, 1, 0, 8, 13, 20, 1, 0, 1, 1, 3, 6, 5, 0, 0, 0, 12, 1, 0.75], [1, 0, 1, 0.013046324253082275, 0, 1, 8, 3, 10, 1, 0, 0, 0, 1, 1, 5, 0, 0, 0, 2, 1, 0.6666666666666666], [0, 0, 0, 0.02243661880493164, 0, 0, 8, 9, 16, 0, 0, 0, 0, 6, 2, 5, 0, 0, 0, 8, 0, 0.75], [0, 0, 0, 0.07493135333061218, 0, 0, 6, 6, 11, 0, 0, 0, 0, 4, 1, 4, 0, 0, 0, 5, 0, 0.6666666666666666], [0, 0, 0, 0.25990521907806396, 0, 0, 8, 3, 10, 0, 0, 0, 0, 1, 1, 5, 0, 0, 0, 2, 0, 0.9], [0, 0, 1, 0.03643655776977539, 0, 0, 8, 13, 20, 0, 0, 1, 1, 1, 11, 3, 0, 0, 0, 12, 0, 0.5], [0, 0, 0, 0.18438059091567993, 0, 0, 8, 4, 11, 0, 0, 0, 0, 2, 1, 3, 0, 0, 0, 3, 0, 0.9], [1, 0, 1, 0.03244137763977051, 0, 1, 5, 3, 7, 1, 0, 0, 0, 1, 1, 4, 0, 0, 0, 2, 0, 0.5], [0, 0, 0, 0.02706080675125122, 0, 0, 8, 3, 10, 0, 0, 0, 0, 1, 1, 4, 0, 0, 0, 2, 0, 0.7272727272727273], [0, 0, 0, 0.008101224899291992, 0, 0, 8, 3, 10, 0, 0, 0, 0, 1, 1, 4, 0, 0, 0, 2, 0, 0.5], [1, 0, 0, 0.03251528739929199, 0, 0, 8, 3, 10, 1, 0, 0, 0, 1, 1, 3, 0, 0, 0, 2, 0, 0.8333333333333334], [0, 0, 0, 0.0, 0, 0, 8, 13, 20, 0, 0, 0, 0, 10, 2, 3, 0, 0, 0, 12, 0, 0.8333333333333334], [1, 0, 1, 0.04855179786682129, 1, 0, 8, 9, 16, 1, 0, 1, 1, 2, 6, 4, 0, 0, 0, 8, 1, 0.7777777777777778], [1, 0, 0, 0.03244143724441528, 0, 0, 5, 3, 7, 1, 0, 0, 0, 1, 1, 4, 0, 0, 0, 2, 0, 0.5], [0, 0, 0, 0.03208577632904053, 0, 0, 8, 4, 11, 0, 0, 0, 0, 2, 1, 5, 0, 0, 0, 3, 0, 0.5], [1, 0, 1, 0.029603302478790283, 1, 0, 7, 5, 11, 1, 0, 1, 1, 2, 2, 5, 0, 0, 0, 4, 1, 0.7272727272727273], [1, 0, 0, 0.015498220920562744, 0, 0, 8, 13, 20, 1, 0, 0, 0, 9, 2, 1, 0, 0, 0, 12, 0, 0.75], [0, 0, 0, 0.031227290630340576, 0, 0, 8, 3, 10, 0, 0, 0, 0, 1, 1, 4, 0, 0, 0, 2, 0, 0.5], [1, 0, 0, 0.113567054271698, 1, 0, 8, 13, 20, 1, 0, 0, 0, 11, 1, 1, 0, 0, 0, 12, 1, 0.6666666666666666], [0, 0, 0, 0.22310113906860352, 0, 0, 8, 3, 10, 0, 0, 0, 0, 1, 1, 5, 0, 0, 0, 2, 0, 0.6666666666666666], [0, 0, 0, 0.05161803960800171, 0, 0, 8, 5, 12, 0, 0, 0, 0, 3, 1, 4, 0, 0, 0, 4, 0, 0.8333333333333334], [0, 0, 0, 0.10982078313827515, 0, 0, 8, 3, 10, 0, 0, 0, 0, 1, 1, 3, 0, 0, 0, 2, 0, 0.6], [0, 0, 0, 0.09484195709228516, 0, 0, 8, 7, 14, 0, 0, 0, 0, 4, 2, 6, 0, 0, 0, 6, 0, 0.6666666666666666], [0, 0, 0, 0.12249124050140381, 0, 0, 6, 3, 8, 0, 0, 0, 0, 1, 1, 5, 0, 0, 0, 2, 0, 0.6666666666666666], [0, 0, 0, 0.0, 0, 0, 6, 3, 8, 0, 0, 0, 0, 1, 1, 5, 0, 0, 0, 2, 0, 0.6666666666666666], [0, 0, 0, 0.19756919145584106, 0, 0, 8, 11, 18, 0, 0, 0, 0, 7, 3, 4, 0, 0, 0, 10, 0, 0.5], [0, 0, 0, 0.00033971667289733887, 0, 0, 8, 7, 14, 0, 1, 0, 0, 5, 1, 5, 0, 0, 0, 6, 0, 0.5], [1, 0, 0, 0.2587651312351227, 0, 0, 8, 3, 10, 1, 0, 0, 0, 1, 1, 4, 0, 0, 0, 2, 0, 0.5], [0, 0, 0, 0.023879915475845337, 0, 0, 8, 13, 20, 0, 0, 0, 0, 11, 1, 1, 0, 0, 0, 12, 0, 0.5], [0, 0, 0, 0.041341423988342285, 0, 0, 8, 13, 20, 0, 0, 0, 0, 6, 3, 3, 0, 0, 0, 12, 0, 0.75], [0, 0, 0, 0.1094045639038086, 0, 0, 8, 5, 12, 0, 0, 0, 0, 3, 1, 3, 0, 0, 0, 4, 0, 0.6666666666666666], [0, 0, 0, 0.01086878776550293, 0, 0, 8, 13, 20, 0, 0, 0, 0, 7, 3, 2, 0, 0, 0, 12, 0, 0.5], [1, 0, 0, 0.04190242290496826, 0, 1, 8, 8, 15, 1, 0, 1, 0, 2, 3, 4, 0, 0, 0, 7, 0, 0.6666666666666666], [0, 0, 0, 0.008510768413543701, 0, 0, 8, 3, 10, 0, 0, 0, 0, 1, 1, 5, 0, 0, 0, 2, 0, 0.875], [0, 0, 0, 0.41440027952194214, 0, 0, 8, 3, 10, 0, 0, 0, 0, 1, 1, 3, 0, 0, 0, 2, 0, 0.5], [0, 0, 0, 0.0022646188735961914, 0, 0, 8, 3, 10, 0, 0, 0, 0, 1, 1, 5, 0, 0, 0, 2, 0, 0.6666666666666666], [1, 0, 0, 0.0, 0, 0, 8, 13, 20, 1, 0, 0, 0, 9, 3, 3, 0, 0, 0, 12, 0, 0.8333333333333334], [0, 0, 0, 0.13081729412078857, 0, 0, 8, 3, 10, 0, 0, 0, 0, 1, 1, 2, 0, 0, 0, 2, 0, 0.75], [0, 0, 0, 0.2639749050140381, 0, 0, 8, 3, 10, 0, 0, 0, 0, 1, 1, 4, 0, 0, 0, 2, 0, 0.75], [0, 0, 0, 0.031146347522735596, 0, 0, 8, 3, 10, 0, 0, 0, 0, 1, 1, 6, 0, 0, 0, 2, 0, 0.6666666666666666], [0, 0, 0, 0.001177072525024414, 0, 0, 8, 3, 10, 0, 0, 0, 0, 1, 1, 6, 0, 0, 0, 2, 0, 0.5], [0, 0, 0, 0.06256258487701416, 0, 0, 8, 13, 20, 0, 0, 0, 0, 11, 1, 1, 0, 0, 0, 12, 0, 0.06451612903225806], [0, 0, 0, 0.009995639324188232, 0, 0, 8, 4, 11, 0, 0, 0, 0, 2, 1, 4, 0, 0, 0, 3, 0, 0.6666666666666666], [1, 0, 0, 0.09040743112564087, 0, 0, 8, 13, 20, 1, 0, 1, 0, 8, 2, 1, 0, 0, 0, 12, 0, 0.6666666666666666], [1, 0, 1, 0.022835850715637207, 1, 0, 8, 6, 13, 1, 0, 1, 1, 3, 2, 4, 0, 0, 0, 5, 1, 0.5], [0, 0, 0, 0.0483514666557312, 0, 0, 3, 13, 15, 1, 0, 1, 0, 2, 6, 2, 0, 0, 0, 12, 0, 0.75], [0, 0, 0, 0.03140053153038025, 0, 0, 8, 3, 10, 0, 0, 0, 0, 1, 1, 1, 0, 0, 0, 2, 0, 0.3333333333333333], [1, 0, 1, 0.049119532108306885, 1, 0, 6, 4, 9, 1, 0, 1, 1, 2, 1, 5, 0, 0, 0, 3, 0, 0.8666666666666667], [1, 0, 0, 0.05065101385116577, 0, 0, 8, 13, 20, 1, 0, 1, 0, 6, 3, 2, 0, 0, 0, 12, 1, 0.5], [0, 0, 0, 0.043138206005096436, 0, 0, 8, 13, 20, 0, 0, 1, 0, 11, 1, 5, 0, 0, 0, 12, 0, 0.6], [0, 0, 0, 0.045033931732177734, 0, 0, 8, 7, 14, 0, 0, 0, 0, 3, 3, 5, 0, 0, 0, 6, 0, 0.5], [0, 0, 0, 0.0642932653427124, 0, 0, 8, 13, 20, 0, 0, 1, 0, 10, 2, 2, 0, 0, 0, 12, 0, 0.6666666666666666], [1, 0, 1, 5.960464477539063e-08, 0, 0, 5, 5, 9, 1, 0, 1, 1, 2, 2, 4, 0, 0, 0, 4, 1, 0.6666666666666666], [1, 0, 1, 0.01767122745513916, 0, 0, 8, 10, 17, 1, 0, 1, 0, 6, 2, 1, 0, 0, 0, 9, 0, 0.15384615384615385], [1, 0, 1, 0.0, 1, 0, 5, 5, 9, 1, 0, 1, 1, 2, 2, 4, 0, 0, 0, 4, 1, 0.5], [0, 0, 0, 0.08010870218276978, 0, 0, 8, 10, 17, 0, 0, 0, 0, 4, 3, 5, 0, 0, 0, 9, 0, 0.5], [0, 0, 0, 0.2090538740158081, 0, 0, 8, 11, 18, 0, 0, 0, 0, 7, 3, 4, 0, 0, 0, 10, 0, 0.5], [0, 0, 0, 0.030050218105316162, 0, 0, 8, 13, 20, 0, 0, 0, 0, 11, 1, 1, 0, 0, 0, 12, 0, 0.09090909090909091], [0, 0, 1, 0.03643655776977539, 0, 0, 8, 13, 20, 0, 0, 1, 1, 1, 11, 3, 0, 0, 0, 12, 0, 0.5], [0, 0, 0, 0.15681517124176025, 0, 0, 8, 3, 10, 0, 0, 0, 0, 1, 1, 1, 0, 0, 0, 2, 0, 0.5], [0, 0, 0, 0.017557859420776367, 0, 0, 8, 3, 10, 0, 0, 0, 0, 1, 1, 4, 0, 0, 0, 2, 0, 0.5], [0, 0, 0, 0.01705777645111084, 0, 0, 8, 4, 11, 0, 0, 0, 0, 2, 1, 4, 0, 0, 0, 3, 0, 0.6666666666666666], [1, 0, 1, 0.0007971525192260742, 0, 0, 8, 13, 20, 1, 0, 1, 1, 6, 4, 2, 0, 0, 0, 12, 0, 0.5], [0, 0, 0, 0.006045639514923096, 0, 0, 8, 10, 17, 0, 0, 0, 0, 6, 2, 3, 0, 0, 0, 9, 0, 0.6666666666666666], [0, 0, 0, 0.10685873031616211, 0, 0, 8, 4, 11, 0, 0, 0, 0, 2, 1, 5, 0, 0, 0, 3, 0, 0.8], [0, 0, 0, 0.004226237535476685, 0, 0, 8, 4, 11, 0, 0, 0, 0, 2, 1, 3, 0, 0, 0, 3, 0, 0.6666666666666666], [0, 0, 0, 0.2508520781993866, 0, 0, 8, 5, 12, 0, 0, 0, 0, 2, 2, 3, 0, 0, 0, 4, 0, 0.5], [1, 0, 0, 0.006145775318145752, 0, 0, 6, 4, 9, 1, 0, 0, 0, 2, 1, 4, 0, 0, 0, 3, 0, 0.6666666666666666], [0, 0, 0, 0.21787366271018982, 0, 0, 8, 5, 12, 0, 0, 0, 0, 3, 1, 3, 0, 0, 0, 4, 0, 0.5], [1, 0, 0, 0.029550015926361084, 0, 0, 6, 13, 18, 1, 0, 1, 0, 3, 5, 4, 0, 0, 0, 12, 0, 0.6666666666666666], [0, 0, 0, 0.004169434309005737, 0, 0, 8, 13, 20, 0, 0, 0, 0, 10, 2, 1, 0, 0, 0, 12, 0, 0.09090909090909091], [0, 0, 0, 0.02471315860748291, 0, 0, 8, 4, 11, 0, 0, 0, 0, 2, 1, 5, 0, 0, 0, 3, 0, 0.8333333333333334], [1, 0, 0, 0.06231933832168579, 0, 0, 8, 3, 10, 1, 0, 0, 0, 1, 1, 5, 0, 0, 0, 2, 0, 0.75], [1, 0, 0, 0.0, 0, 0, 8, 13, 20, 1, 0, 0, 0, 4, 7, 3, 0, 0, 0, 12, 0, 0.5], [0, 0, 0, 0.21267962455749512, 0, 0, 8, 3, 10, 0, 0, 0, 0, 1, 1, 5, 0, 0, 0, 2, 0, 0.6666666666666666], [1, 0, 0, 0.12249124050140381, 0, 0, 6, 3, 8, 1, 0, 0, 0, 1, 1, 5, 0, 0, 0, 2, 0, 0.6666666666666666], [1, 0, 0, 0.05086219310760498, 0, 0, 8, 13, 20, 1, 0, 1, 0, 10, 2, 1, 0, 0, 0, 12, 1, 0.5], [1, 0, 0, 0.006454944610595703, 0, 0, 6, 13, 18, 1, 0, 1, 0, 3, 6, 4, 0, 0, 0, 12, 0, 0.75], [0, 0, 0, 0.007290780544281006, 0, 0, 8, 5, 12, 0, 0, 0, 0, 2, 2, 1, 0, 0, 0, 4, 0, 0.11764705882352941], [1, 0, 0, 0.01258760690689087, 0, 0, 8, 4, 11, 1, 0, 0, 0, 2, 1, 2, 0, 0, 0, 3, 0, 0.75], [1, 0, 0, 0.0, 0, 0, 5, 5, 9, 1, 0, 1, 0, 2, 2, 4, 0, 0, 0, 4, 1, 0.75], [0, 0, 0, 0.00983738899230957, 0, 1, 8, 12, 19, 0, 0, 0, 0, 4, 6, 4, 0, 0, 0, 11, 0, 0.875], [0, 0, 0, 0.14173448085784912, 0, 0, 8, 5, 12, 0, 0, 0, 0, 2, 2, 4, 0, 0, 0, 4, 0, 0.5], [1, 0, 1, 0.12382769584655762, 0, 0, 8, 4, 11, 1, 0, 1, 0, 2, 1, 3, 0, 0, 0, 3, 0, 0.75], [0, 0, 0, 0.013937890529632568, 0, 0, 3, 4, 6, 1, 0, 0, 0, 2, 1, 2, 0, 0, 0, 3, 0, 0.75], [0, 0, 0, 0.054272741079330444, 0, 0, 8, 4, 11, 0, 0, 0, 0, 2, 1, 5, 0, 0, 0, 3, 0, 0.5], [1, 0, 1, 0.04242563247680664, 1, 0, 8, 9, 16, 1, 0, 1, 1, 4, 3, 5, 0, 0, 0, 8, 1, 0.6666666666666666], [0, 0, 0, 0.05608123540878296, 0, 0, 8, 13, 20, 0, 0, 0, 0, 10, 2, 6, 0, 0, 0, 12, 0, 0.75], [1, 0, 0, 0.013883590698242188, 0, 0, 8, 13, 20, 1, 0, 1, 0, 7, 3, 2, 0, 0, 0, 12, 0, 0.75], [0, 0, 0, 0.011763155460357666, 0, 0, 8, 13, 20, 0, 0, 1, 0, 10, 2, 3, 0, 0, 0, 12, 0, 0.6666666666666666], [0, 0, 0, 0.06608909368515015, 0, 0, 8, 10, 17, 0, 0, 0, 0, 7, 2, 4, 0, 0, 0, 9, 0, 0.5], [1, 0, 0, 0.02936422824859619, 0, 0, 8, 4, 11, 1, 0, 1, 1, 2, 1, 5, 0, 0, 0, 3, 1, 0.75], [0, 0, 0, 0.08460140228271484, 0, 0, 8, 6, 13, 0, 0, 0, 0, 3, 2, 5, 0, 0, 0, 5, 0, 0.5], [1, 0, 1, 0.07602101564407349, 1, 0, 8, 13, 20, 1, 0, 1, 1, 8, 4, 6, 0, 0, 0, 12, 1, 0.5], [0, 0, 0, 0.008053809404373169, 0, 0, 8, 13, 20, 0, 0, 0, 0, 9, 2, 1, 0, 0, 0, 12, 0, 0.5], [0, 0, 0, 0.07883059978485107, 0, 0, 8, 4, 11, 0, 0, 0, 0, 2, 1, 5, 0, 0, 0, 3, 0, 0.6666666666666666], [0, 0, 0, 0.19526484608650208, 0, 0, 8, 3, 10, 0, 0, 0, 0, 1, 1, 3, 0, 0, 0, 2, 0, 0.6666666666666666], [1, 0, 0, 0.0072667598724365234, 0, 1, 7, 12, 18, 1, 0, 0, 0, 3, 8, 5, 0, 0, 0, 11, 0, 0.75], [1, 0, 0, 0.0007600188255310059, 0, 0, 8, 10, 17, 1, 0, 1, 0, 5, 3, 4, 0, 0, 0, 9, 0, 0.6666666666666666], [0, 0, 0, 0.005668938159942627, 0, 0, 8, 4, 11, 0, 0, 0, 0, 2, 1, 6, 0, 0, 0, 3, 0, 0.9], [1, 0, 1, 0.004789531230926514, 1, 0, 8, 11, 18, 1, 0, 1, 1, 3, 6, 4, 0, 0, 0, 10, 1, 0.75], [0, 0, 0, 0.05875134468078613, 0, 0, 8, 9, 16, 0, 0, 0, 0, 4, 3, 7, 0, 0, 0, 8, 0, 0.6666666666666666], [0, 0, 0, 0.043087124824523926, 0, 0, 8, 7, 14, 0, 0, 0, 0, 5, 1, 2, 0, 0, 0, 6, 0, 0.6666666666666666], [1, 0, 0, 0.015970349311828613, 0, 0, 8, 10, 17, 1, 0, 1, 0, 7, 2, 2, 0, 0, 0, 9, 0, 0.6666666666666666], [1, 0, 0, 0.015447497367858887, 0, 1, 8, 8, 15, 1, 0, 1, 0, 2, 3, 6, 0, 0, 0, 7, 0, 0.6666666666666666], [0, 0, 0, 0.02128732204437256, 0, 1, 8, 6, 13, 0, 0, 0, 0, 2, 2, 3, 0, 0, 0, 5, 0, 0.5], [0, 0, 0, 0.01511847972869873, 0, 0, 8, 3, 10, 0, 0, 0, 0, 1, 1, 4, 0, 0, 0, 2, 0, 0.5], [1, 0, 1, 0.0, 1, 0, 8, 9, 16, 1, 0, 1, 1, 2, 6, 6, 0, 0, 0, 8, 1, 0.9], [0, 0, 0, 0.008834481239318848, 0, 0, 8, 13, 20, 0, 0, 0, 0, 4, 8, 5, 0, 0, 0, 12, 0, 0.8333333333333334], [0, 0, 0, 0.0031283795833587646, 0, 0, 8, 13, 20, 0, 0, 0, 0, 10, 2, 5, 0, 0, 0, 12, 0, 0.75], [0, 0, 0, 0.03912830352783203, 0, 0, 8, 7, 14, 0, 0, 0, 0, 5, 1, 5, 0, 0, 0, 6, 0, 0.6666666666666666], [0, 0, 0, 0.017031550407409668, 0, 0, 8, 13, 20, 0, 0, 0, 0, 7, 5, 2, 0, 0, 0, 12, 0, 0.75], [1, 0, 0, 0.0072789788246154785, 0, 0, 8, 13, 20, 1, 0, 1, 0, 5, 4, 2, 0, 0, 0, 12, 1, 0.5], [0, 0, 0, 0.10581070184707642, 0, 0, 8, 3, 10, 0, 0, 0, 0, 1, 1, 3, 0, 0, 0, 2, 0, 0.5], [0, 0, 0, 0.010244667530059814, 0, 0, 8, 13, 20, 0, 0, 1, 1, 4, 3, 2, 0, 0, 0, 12, 0, 0.5], [1, 0, 1, 0.03667205572128296, 1, 0, 8, 10, 17, 1, 0, 1, 1, 4, 3, 2, 0, 0, 0, 9, 1, 0.6666666666666666], [0, 0, 0, 0.06512612104415894, 0, 0, 7, 6, 12, 0, 0, 1, 0, 3, 2, 5, 0, 0, 0, 5, 0, 0.5], [0, 0, 0, 0.03460794687271118, 0, 0, 8, 3, 10, 0, 0, 0, 0, 1, 1, 1, 0, 0, 0, 2, 0, 0.5], [1, 0, 0, 0.03916501998901367, 0, 0, 8, 4, 11, 1, 0, 0, 0, 2, 1, 6, 0, 0, 0, 3, 0, 0.6666666666666666], [0, 0, 0, 0.008637547492980957, 0, 0, 8, 3, 10, 0, 0, 0, 0, 1, 1, 4, 0, 0, 0, 2, 0, 0.5], [1, 0, 0, 0.030183911323547363, 0, 0, 7, 4, 10, 1, 0, 0, 0, 2, 1, 5, 0, 0, 0, 3, 0, 0.6666666666666666], [1, 0, 1, 0.012519121170043945, 1, 1, 8, 8, 15, 1, 0, 1, 1, 3, 4, 4, 0, 0, 0, 7, 1, 0.8333333333333334], [1, 0, 0, 0.07726860046386719, 0, 0, 8, 6, 13, 1, 1, 0, 0, 3, 2, 6, 0, 0, 0, 5, 0, 0.75], [1, 0, 1, 0.005637526512145996, 1, 0, 6, 13, 18, 1, 0, 1, 1, 2, 9, 5, 0, 0, 0, 12, 1, 0.9], [1, 0, 0, 0.0018323659896850586, 0, 0, 8, 3, 10, 1, 0, 0, 0, 1, 1, 6, 0, 0, 0, 2, 0, 0.8666666666666667], [1, 0, 0, 5.960464477539063e-08, 0, 0, 7, 7, 13, 1, 0, 1, 0, 2, 4, 5, 0, 0, 0, 6, 0, 0.9], [0, 0, 0, 0.01908773183822632, 0, 0, 8, 3, 10, 0, 0, 0, 0, 1, 1, 4, 0, 0, 0, 2, 0, 0.5], [1, 0, 0, 0.05682694911956787, 0, 0, 8, 9, 16, 1, 0, 1, 0, 3, 3, 2, 0, 0, 0, 8, 0, 0.6666666666666666], [1, 0, 1, 0.009909629821777344, 1, 0, 8, 13, 20, 1, 0, 1, 1, 4, 8, 5, 0, 0, 0, 12, 1, 0.8333333333333334], [0, 0, 0, 0.07261356711387634, 0, 0, 8, 13, 20, 0, 0, 0, 0, 10, 2, 1, 0, 0, 0, 12, 0, 0.25], [0, 0, 0, 0.06986367702484131, 0, 0, 8, 4, 11, 0, 0, 0, 0, 2, 1, 3, 0, 0, 0, 3, 0, 0.6666666666666666], [0, 0, 0, 0.049786537885665894, 0, 0, 8, 3, 10, 0, 0, 0, 0, 1, 1, 4, 0, 0, 0, 2, 0, 0.6666666666666666], [0, 0, 0, 0.09118503332138062, 0, 0, 8, 4, 11, 0, 0, 0, 0, 2, 1, 2, 0, 0, 0, 3, 0, 0.3333333333333333], [1, 0, 0, 0.04176437854766846, 0, 0, 8, 13, 20, 1, 0, 0, 0, 8, 2, 1, 0, 0, 0, 12, 0, 0.6666666666666666], [0, 0, 0, 0.15584444999694824, 0, 0, 8, 5, 12, 0, 0, 0, 0, 2, 2, 3, 0, 0, 0, 4, 0, 0.5], [0, 0, 0, 0.05377715826034546, 0, 0, 8, 3, 10, 0, 0, 0, 0, 1, 1, 5, 0, 0, 0, 2, 0, 0.5], [0, 0, 0, 0.04193824529647827, 0, 0, 8, 4, 11, 0, 0, 0, 0, 2, 1, 3, 0, 0, 0, 3, 0, 0.5], [0, 0, 0, 0.04056769609451294, 0, 0, 8, 6, 13, 0, 0, 0, 0, 4, 1, 4, 0, 0, 0, 5, 0, 0.5], [0, 0, 0, 0.021429777145385742, 0, 0, 8, 6, 13, 0, 0, 0, 0, 4, 1, 5, 0, 0, 0, 5, 0, 0.6], [1, 0, 0, 0.012330174446105957, 1, 0, 8, 12, 19, 1, 0, 1, 1, 7, 2, 2, 0, 0, 0, 11, 1, 0.25], [0, 0, 0, 0.016684293746948242, 0, 0, 8, 3, 10, 0, 0, 0, 0, 1, 1, 3, 0, 0, 0, 2, 0, 0.5], [0, 0, 0, 0.3121166527271271, 0, 0, 8, 4, 11, 0, 0, 0, 0, 2, 1, 5, 0, 0, 0, 3, 0, 0.5], [1, 0, 0, 0.0346449613571167, 0, 0, 8, 3, 10, 1, 0, 0, 0, 1, 1, 4, 0, 0, 0, 2, 0, 0.7272727272727273], [0, 0, 0, 0.003980278968811035, 0, 0, 8, 13, 20, 0, 0, 0, 0, 10, 2, 3, 0, 0, 0, 12, 0, 0.5], [0, 0, 0, 0.15964066982269287, 0, 0, 8, 8, 15, 0, 0, 0, 0, 4, 2, 3, 0, 0, 0, 7, 0, 0.6666666666666666], [0, 0, 0, 0.022451728582382202, 0, 0, 8, 13, 20, 0, 0, 0, 0, 11, 1, 2, 0, 0, 0, 12, 0, 0.5714285714285714], [1, 0, 1, 0.02718883752822876, 1, 0, 8, 13, 20, 1, 0, 1, 1, 7, 4, 1, 0, 0, 0, 12, 1, 0.75], [0, 0, 0, 0.001959562301635742, 0, 0, 8, 3, 10, 0, 0, 0, 0, 1, 1, 5, 0, 0, 0, 2, 0, 0.5], [0, 0, 0, 0.07951927185058594, 0, 0, 8, 9, 16, 0, 0, 0, 0, 6, 2, 6, 0, 0, 0, 8, 0, 0.8], [1, 0, 0, 0.08678758144378662, 0, 0, 8, 13, 20, 1, 0, 0, 0, 10, 2, 1, 0, 0, 0, 12, 0, 0.6666666666666666], [1, 0, 1, 0.0, 1, 0, 4, 5, 8, 1, 0, 1, 1, 2, 2, 3, 0, 0, 0, 4, 1, 0.9], [0, 0, 0, 0.08331286907196045, 0, 0, 8, 5, 12, 0, 0, 1, 0, 2, 2, 4, 0, 0, 0, 4, 0, 0.6], [1, 0, 0, 0.08166110515594482, 0, 0, 8, 5, 12, 1, 0, 1, 0, 3, 1, 5, 0, 0, 0, 4, 0, 0.5], [0, 0, 0, 0.018840670585632324, 0, 0, 4, 3, 6, 1, 0, 0, 0, 1, 1, 3, 0, 0, 0, 2, 0, 0.75], [1, 0, 0, 0.02268320322036743, 0, 0, 8, 3, 10, 1, 0, 0, 0, 1, 1, 6, 0, 0, 0, 2, 0, 0.9], [0, 0, 0, 0.19451415538787842, 0, 0, 8, 3, 10, 0, 0, 0, 0, 1, 1, 3, 0, 0, 0, 2, 0, 0.6], [0, 0, 0, 0.018840670585632324, 0, 0, 3, 4, 6, 0, 0, 0, 0, 1, 2, 2, 0, 0, 0, 3, 0, 0.75], [1, 0, 0, 0.010870277881622314, 0, 0, 8, 13, 20, 1, 0, 1, 0, 2, 10, 6, 0, 0, 0, 12, 0, 0.8571428571428571], [0, 0, 0, 0.05035388469696045, 0, 0, 8, 9, 16, 0, 0, 0, 0, 6, 2, 6, 0, 0, 0, 8, 0, 0.6666666666666666], [0, 0, 0, 0.20940226316452026, 0, 0, 8, 3, 10, 0, 0, 0, 0, 1, 1, 4, 0, 0, 0, 2, 0, 0.6666666666666666], [0, 0, 0, 0.3193305432796478, 0, 0, 8, 5, 12, 0, 0, 0, 0, 3, 1, 4, 0, 0, 0, 4, 0, 0.5], [0, 0, 0, 0.004061102867126465, 0, 0, 8, 3, 10, 0, 1, 0, 0, 1, 1, 3, 0, 0, 0, 2, 0, 0.6666666666666666], [1, 0, 1, 0.0210152268409729, 1, 1, 8, 8, 15, 1, 0, 1, 1, 3, 4, 3, 0, 0, 0, 7, 1, 0.8333333333333334], [1, 0, 1, 0.0007971525192260742, 0, 0, 8, 13, 20, 1, 0, 1, 1, 6, 5, 2, 0, 0, 0, 12, 0, 0.5], [0, 0, 0, 0.08022069931030273, 0, 0, 8, 6, 13, 0, 0, 0, 0, 2, 3, 4, 0, 0, 0, 5, 0, 0.5], [0, 0, 0, 0.051323503255844116, 0, 0, 8, 4, 11, 0, 0, 0, 0, 2, 1, 3, 0, 0, 0, 3, 0, 0.5], [1, 0, 0, 0.00664973258972168, 0, 0, 8, 13, 20, 1, 0, 0, 0, 9, 3, 5, 0, 0, 0, 12, 0, 0.5], [0, 0, 0, 0.1577920913696289, 0, 0, 8, 3, 10, 0, 0, 0, 0, 1, 1, 6, 0, 0, 0, 2, 0, 0.6666666666666666], [0, 0, 0, 0.07312920689582825, 0, 0, 8, 6, 13, 0, 1, 0, 0, 4, 1, 3, 0, 0, 0, 5, 0, 0.75], [0, 0, 0, 0.05451399087905884, 0, 0, 8, 5, 12, 0, 0, 0, 0, 3, 1, 5, 0, 0, 0, 4, 0, 0.6666666666666666], [1, 0, 1, 0.049119532108306885, 0, 0, 6, 4, 9, 1, 0, 1, 1, 2, 1, 5, 0, 0, 0, 3, 1, 0.8666666666666667], [0, 0, 0, 0.01995915174484253, 0, 0, 8, 10, 17, 0, 0, 0, 0, 7, 2, 3, 0, 0, 0, 9, 0, 0.6666666666666666], [0, 0, 0, 0.0483514666557312, 0, 0, 3, 13, 15, 1, 0, 1, 0, 3, 5, 2, 0, 0, 0, 12, 0, 0.75], [1, 0, 1, 0.03004896640777588, 1, 0, 8, 13, 20, 1, 0, 1, 1, 2, 9, 6, 0, 0, 0, 12, 1, 0.8571428571428571], [0, 0, 0, 0.0, 0, 0, 8, 13, 20, 0, 0, 0, 0, 11, 1, 3, 0, 0, 0, 12, 0, 0.8333333333333334], [0, 0, 0, 0.13748735189437866, 0, 0, 8, 12, 19, 0, 0, 0, 0, 9, 2, 4, 0, 0, 0, 11, 0, 0.5], [1, 0, 1, 0.0039560794830322266, 0, 0, 8, 5, 12, 1, 1, 1, 1, 2, 2, 5, 0, 0, 0, 4, 0, 0.75], [0, 0, 0, 0.2725937068462372, 0, 0, 8, 3, 10, 0, 0, 0, 0, 1, 1, 3, 0, 0, 0, 2, 0, 0.6666666666666666], [1, 0, 0, 0.018526017665863037, 1, 0, 7, 4, 10, 1, 0, 1, 0, 2, 1, 5, 0, 0, 0, 3, 1, 0.8666666666666667], [1, 0, 1, 0.0812140703201294, 0, 0, 7, 4, 10, 1, 0, 1, 1, 2, 1, 5, 0, 0, 0, 3, 0, 0.75], [1, 0, 0, 0.007250070571899414, 0, 0, 3, 3, 5, 1, 0, 0, 0, 1, 1, 2, 0, 0, 0, 2, 0, 0.6666666666666666], [1, 0, 1, 0.006967365741729736, 1, 0, 8, 10, 17, 1, 0, 1, 1, 4, 5, 2, 0, 0, 0, 9, 1, 0.75], [0, 0, 0, 0.07095372676849365, 0, 0, 8, 8, 15, 0, 0, 0, 0, 5, 2, 5, 0, 0, 0, 7, 0, 0.5], [0, 0, 0, 0.14473363757133484, 0, 0, 8, 3, 10, 0, 0, 0, 0, 1, 1, 5, 0, 0, 0, 2, 0, 0.5], [1, 0, 1, 0.016296803951263428, 1, 1, 4, 7, 10, 1, 0, 1, 1, 2, 3, 3, 0, 0, 0, 6, 1, 0.9], [0, 0, 0, 0.4399706721305847, 0, 0, 8, 3, 10, 0, 0, 0, 0, 1, 1, 5, 0, 0, 0, 2, 0, 0.75], [1, 0, 1, 0.0025328993797302246, 0, 0, 8, 5, 12, 1, 0, 1, 1, 3, 1, 5, 0, 0, 0, 4, 1, 0.6666666666666666], [0, 0, 0, 0.023204565048217773, 0, 0, 8, 9, 16, 0, 0, 0, 0, 7, 1, 3, 0, 0, 0, 8, 0, 0.75], [1, 0, 1, 0.0, 1, 1, 8, 3, 10, 1, 0, 0, 0, 1, 1, 5, 0, 0, 0, 2, 1, 0.5], [0, 0, 0, 0.08418130874633789, 0, 0, 8, 4, 11, 0, 0, 0, 0, 2, 1, 5, 0, 0, 0, 3, 0, 0.6666666666666666], [0, 0, 0, 0.06688058376312256, 0, 0, 8, 13, 20, 0, 0, 0, 0, 10, 2, 4, 0, 0, 0, 12, 0, 0.7272727272727273], [0, 0, 0, 0.08678966760635376, 0, 0, 8, 4, 11, 0, 0, 0, 0, 2, 1, 2, 0, 0, 0, 3, 0, 0.75], [0, 0, 0, 0.20212703943252563, 0, 0, 8, 12, 19, 0, 0, 0, 0, 9, 2, 5, 0, 0, 0, 11, 0, 0.5], [0, 0, 0, 0.0, 0, 0, 4, 5, 8, 1, 1, 0, 0, 2, 2, 3, 0, 0, 0, 4, 0, 0.5], [0, 0, 0, 0.0034143924713134766, 0, 0, 8, 7, 14, 0, 0, 0, 0, 5, 1, 1, 0, 0, 0, 6, 0, 0.5], [1, 0, 1, 0.035373032093048096, 1, 0, 8, 13, 20, 1, 0, 1, 1, 10, 2, 2, 0, 0, 0, 12, 1, 0.6666666666666666], [0, 0, 0, 0.006925433874130249, 0, 0, 8, 6, 13, 0, 0, 0, 0, 4, 1, 5, 0, 0, 0, 5, 0, 0.6666666666666666], [1, 0, 0, 0.0333409309387207, 0, 0, 8, 13, 20, 1, 0, 1, 0, 11, 1, 1, 0, 0, 0, 12, 0, 0.1875], [0, 0, 0, 0.08488652110099792, 0, 0, 8, 3, 10, 0, 0, 0, 0, 1, 1, 4, 0, 0, 0, 2, 0, 0.75], [0, 0, 0, 0.004822492599487305, 0, 0, 8, 6, 13, 0, 0, 0, 0, 4, 1, 4, 0, 0, 0, 5, 0, 0.6], [1, 0, 1, 0.12383103370666504, 0, 0, 8, 9, 16, 1, 0, 1, 1, 4, 4, 5, 0, 0, 0, 8, 0, 0.6666666666666666], [0, 0, 0, 0.05295109748840332, 0, 0, 8, 6, 13, 0, 0, 1, 0, 3, 2, 5, 0, 0, 0, 5, 0, 0.5], [0, 0, 0, 0.1380610466003418, 0, 0, 8, 3, 10, 0, 0, 0, 0, 1, 1, 6, 0, 0, 0, 2, 0, 0.6666666666666666], [0, 0, 0, 0.2504159212112427, 0, 0, 8, 5, 12, 0, 0, 0, 0, 1, 3, 4, 0, 0, 0, 4, 0, 0.5], [0, 0, 0, 0.0163230299949646, 0, 0, 8, 5, 12, 0, 0, 0, 0, 3, 1, 5, 0, 0, 0, 4, 0, 0.9], [0, 0, 0, 0.0216825008392334, 0, 0, 8, 3, 10, 0, 0, 0, 0, 1, 1, 5, 0, 0, 0, 2, 0, 0.75], [0, 0, 0, 0.016230762004852295, 0, 0, 8, 3, 10, 0, 0, 0, 0, 1, 1, 4, 0, 0, 0, 2, 0, 0.7], [1, 0, 0, 0.012052774429321289, 1, 0, 8, 13, 20, 1, 0, 0, 0, 11, 1, 1, 0, 0, 0, 12, 1, 0.5], [0, 0, 1, 0.009472072124481201, 0, 0, 8, 13, 20, 0, 0, 1, 1, 8, 2, 3, 0, 0, 0, 12, 0, 0.5], [1, 0, 0, 0.06221884489059448, 0, 0, 8, 3, 10, 1, 0, 0, 0, 1, 1, 3, 0, 0, 0, 2, 0, 0.5714285714285714], [1, 0, 1, 0.01075214147567749, 0, 0, 8, 11, 18, 1, 0, 1, 1, 2, 8, 5, 0, 0, 0, 10, 0, 0.5], [0, 0, 0, 0.016240417957305908, 0, 0, 8, 13, 20, 0, 0, 0, 0, 11, 1, 1, 0, 0, 0, 12, 0, 0.5], [1, 0, 1, 0.0, 1, 0, 8, 9, 16, 1, 0, 1, 1, 2, 6, 6, 0, 0, 0, 8, 1, 0.9], [1, 0, 1, 0.1321987509727478, 1, 1, 8, 12, 19, 1, 0, 1, 1, 4, 4, 5, 0, 0, 0, 11, 1, 0.6666666666666666], [0, 0, 0, 0.18723565340042114, 0, 0, 8, 3, 10, 0, 0, 0, 0, 1, 1, 2, 0, 0, 0, 2, 0, 0.3333333333333333], [0, 0, 0, 0.03470504283905029, 0, 0, 8, 9, 16, 0, 0, 0, 0, 1, 7, 4, 0, 0, 0, 8, 0, 0.7777777777777778], [0, 0, 0, 0.0775308609008789, 0, 0, 8, 12, 19, 0, 0, 1, 0, 9, 2, 3, 0, 0, 0, 11, 0, 0.5], [0, 0, 0, 0.13841116428375244, 0, 0, 8, 3, 10, 0, 0, 0, 0, 1, 1, 5, 0, 0, 0, 2, 0, 0.6666666666666666], [1, 0, 1, 0.6297508478164673, 0, 0, 8, 5, 12, 1, 0, 1, 1, 2, 2, 4, 0, 0, 0, 4, 0, 0.5], [0, 0, 0, 0.32723763585090637, 0, 0, 8, 3, 10, 0, 0, 0, 0, 1, 1, 4, 0, 0, 0, 2, 0, 0.5], [1, 0, 0, 0.05570632219314575, 0, 0, 8, 4, 11, 1, 0, 0, 0, 2, 1, 6, 0, 0, 0, 3, 0, 0.6666666666666666], [0, 0, 0, 0.08072313666343689, 0, 0, 8, 13, 20, 0, 0, 0, 0, 10, 2, 1, 0, 0, 0, 12, 0, 0.14814814814814814], [1, 0, 0, 0.3042038083076477, 0, 0, 8, 4, 11, 1, 0, 1, 0, 2, 1, 7, 0, 0, 0, 3, 1, 0.8666666666666667], [1, 0, 1, 0.28604304790496826, 0, 0, 8, 5, 12, 1, 0, 1, 1, 2, 2, 3, 0, 0, 0, 4, 0, 0.75], [0, 0, 0, 0.06702673435211182, 0, 0, 8, 3, 10, 0, 0, 0, 0, 1, 1, 4, 0, 0, 0, 2, 0, 0.5], [1, 0, 1, 0.25732457637786865, 0, 0, 8, 5, 12, 1, 0, 1, 1, 2, 2, 6, 0, 0, 0, 4, 0, 0.5], [1, 0, 0, 0.0, 0, 0, 2, 4, 5, 1, 0, 1, 0, 2, 1, 1, 0, 0, 0, 3, 0, 0.5], [0, 0, 0, 0.0018323659896850586, 0, 0, 8, 3, 10, 0, 0, 0, 0, 1, 1, 6, 0, 0, 0, 2, 0, 0.8666666666666667], [0, 0, 0, 0.08407604694366455, 0, 0, 8, 3, 10, 0, 0, 0, 0, 1, 1, 6, 0, 0, 0, 2, 0, 0.6666666666666666], [0, 0, 0, 0.12862902879714966, 0, 0, 8, 8, 15, 0, 0, 0, 0, 4, 2, 2, 0, 0, 0, 7, 0, 0.75], [1, 0, 1, 0.0025328993797302246, 0, 0, 8, 5, 12, 1, 0, 1, 1, 3, 1, 5, 0, 0, 0, 4, 1, 0.6666666666666666], [1, 0, 1, 0.01757824420928955, 1, 0, 8, 9, 16, 1, 0, 1, 1, 4, 3, 4, 0, 0, 0, 8, 1, 0.8333333333333334], [0, 0, 0, 0.043873608112335205, 0, 0, 8, 3, 10, 0, 0, 0, 0, 1, 1, 5, 0, 0, 0, 2, 0, 0.6666666666666666], [0, 0, 0, 0.1418600082397461, 0, 0, 8, 4, 11, 0, 0, 0, 0, 2, 1, 5, 0, 0, 0, 3, 0, 0.75], [1, 0, 1, 0.2529250979423523, 1, 1, 8, 3, 10, 1, 0, 0, 0, 1, 1, 6, 0, 0, 0, 2, 1, 0.5], [1, 0, 1, 0.1150774359703064, 0, 0, 8, 5, 12, 1, 0, 1, 1, 3, 1, 6, 0, 0, 0, 4, 0, 0.9], [0, 0, 0, 0.10073044896125793, 0, 0, 8, 3, 10, 0, 0, 0, 0, 1, 1, 4, 0, 0, 0, 2, 0, 0.5], [1, 0, 1, 0.017524123191833496, 1, 0, 8, 13, 20, 1, 0, 1, 1, 3, 7, 5, 0, 0, 0, 12, 1, 0.75], [1, 0, 0, 0.01663792133331299, 0, 0, 8, 13, 20, 1, 0, 0, 0, 5, 5, 1, 0, 0, 0, 12, 0, 0.75], [1, 0, 0, 0.025353550910949707, 0, 0, 8, 4, 11, 1, 0, 0, 0, 2, 1, 4, 0, 0, 0, 3, 0, 0.5], [0, 0, 0, 0.02762666344642639, 0, 0, 8, 6, 13, 0, 0, 0, 0, 2, 2, 5, 0, 0, 0, 5, 0, 0.5], [0, 0, 0, 0.021422266960144043, 0, 0, 8, 13, 20, 0, 0, 0, 0, 11, 1, 1, 0, 0, 0, 12, 0, 0.09090909090909091], [0, 0, 0, 0.07362222671508789, 0, 0, 8, 3, 10, 0, 0, 0, 0, 1, 1, 5, 0, 0, 0, 2, 0, 0.6666666666666666], [1, 0, 1, 0.02718883752822876, 1, 0, 8, 13, 20, 1, 0, 1, 1, 6, 6, 1, 0, 0, 0, 12, 1, 0.75], [0, 0, 0, 0.008510828018188477, 0, 0, 8, 4, 11, 0, 0, 0, 0, 1, 2, 4, 0, 0, 0, 3, 0, 0.875], [0, 0, 0, 0.08955550193786621, 0, 0, 8, 13, 20, 0, 0, 0, 0, 10, 2, 1, 0, 0, 0, 12, 0, 0.6666666666666666], [0, 0, 0, 0.17590343952178955, 0, 0, 8, 12, 19, 0, 0, 0, 0, 9, 2, 6, 0, 0, 0, 11, 0, 0.5], [0, 0, 1, 0.03643655776977539, 0, 0, 8, 13, 20, 0, 0, 1, 1, 1, 11, 3, 0, 0, 0, 12, 0, 0.5], [1, 0, 0, 0.07628041505813599, 0, 0, 8, 9, 16, 1, 0, 1, 0, 5, 3, 6, 0, 0, 0, 8, 1, 0.6666666666666666], [1, 0, 1, 0.0, 1, 1, 6, 3, 8, 1, 0, 0, 0, 1, 1, 4, 0, 0, 0, 2, 1, 0.5], [1, 0, 0, 0.04024970531463623, 0, 0, 8, 3, 10, 1, 0, 0, 0, 1, 1, 5, 0, 0, 0, 2, 0, 0.6666666666666666], [1, 0, 0, 0.04168343544006348, 0, 0, 5, 5, 9, 1, 0, 1, 0, 2, 2, 4, 0, 0, 0, 4, 0, 0.75], [0, 0, 0, 0.01219204068183899, 0, 0, 8, 3, 10, 0, 0, 0, 0, 1, 1, 4, 0, 0, 0, 2, 0, 0.5], [1, 0, 0, 0.004283428192138672, 0, 0, 8, 4, 11, 1, 0, 1, 0, 2, 1, 6, 0, 0, 0, 3, 0, 0.5], [1, 0, 0, 0.03253629803657532, 1, 0, 8, 9, 16, 1, 0, 1, 0, 7, 1, 4, 0, 0, 0, 8, 0, 0.75], [0, 0, 0, 0.049571216106414795, 0, 0, 8, 3, 10, 0, 0, 0, 0, 1, 1, 4, 0, 0, 0, 2, 0, 0.5], [1, 0, 1, 0.07617735862731934, 1, 0, 8, 6, 13, 1, 0, 1, 1, 3, 2, 4, 0, 0, 0, 5, 1, 0.7272727272727273], [1, 0, 0, 0.01763594150543213, 0, 0, 8, 13, 20, 1, 0, 1, 0, 5, 4, 2, 0, 0, 0, 12, 0, 0.5], [1, 0, 0, 0.07510757446289062, 0, 0, 7, 11, 17, 1, 0, 1, 1, 4, 3, 6, 0, 0, 0, 10, 0, 0.6666666666666666], [1, 0, 0, 0.02268320322036743, 0, 0, 8, 4, 11, 1, 0, 0, 0, 1, 2, 6, 0, 0, 0, 3, 0, 0.9], [0, 0, 0, 0.000293046236038208, 0, 0, 8, 4, 11, 0, 0, 0, 0, 2, 1, 5, 0, 0, 0, 3, 0, 0.875], [0, 0, 0, 0.08016437292098999, 0, 0, 5, 4, 8, 0, 0, 0, 0, 2, 1, 3, 0, 0, 0, 3, 0, 0.6666666666666666], [1, 0, 0, 0.12769073247909546, 0, 0, 8, 8, 15, 1, 0, 1, 0, 5, 2, 2, 0, 0, 0, 7, 0, 0.75], [1, 0, 0, 0.13796323537826538, 0, 0, 8, 5, 12, 1, 0, 1, 0, 2, 2, 6, 0, 0, 0, 4, 0, 0.6666666666666666], [1, 0, 0, 0.015498220920562744, 0, 0, 8, 13, 20, 1, 0, 1, 0, 7, 4, 1, 0, 0, 0, 12, 0, 0.75], [1, 0, 1, 0.051210641860961914, 1, 0, 8, 7, 14, 1, 0, 1, 1, 3, 3, 4, 0, 0, 0, 6, 1, 0.6], [0, 0, 0, 0.017607927322387695, 0, 0, 8, 13, 20, 0, 0, 0, 0, 10, 2, 1, 0, 0, 0, 12, 0, 0.5], [0, 0, 0, 0.11452299356460571, 0, 0, 8, 5, 12, 0, 0, 0, 0, 2, 2, 3, 0, 0, 0, 4, 0, 0.6666666666666666], [0, 0, 0, 0.0, 0, 0, 8, 4, 11, 0, 0, 0, 0, 2, 1, 3, 0, 0, 0, 3, 0, 0.6666666666666666], [1, 0, 0, 0.03706076741218567, 0, 0, 8, 6, 13, 1, 0, 1, 0, 4, 1, 4, 0, 0, 0, 5, 0, 0.6666666666666666], [0, 0, 0, 0.02389824390411377, 0, 0, 8, 13, 20, 0, 0, 0, 0, 9, 2, 1, 0, 0, 0, 12, 0, 0.06451612903225806], [0, 0, 0, 0.052021533250808716, 0, 0, 8, 5, 12, 0, 0, 0, 0, 3, 1, 5, 0, 0, 0, 4, 0, 0.6666666666666666], [1, 0, 0, 0.2047162652015686, 0, 0, 8, 4, 11, 1, 0, 0, 0, 2, 1, 4, 0, 0, 0, 3, 0, 0.6], [0, 0, 0, 0.00902855396270752, 0, 0, 8, 5, 12, 0, 0, 0, 0, 1, 3, 3, 0, 0, 0, 4, 0, 0.8333333333333334], [0, 0, 0, 0.01049041748046875, 0, 0, 8, 4, 11, 0, 0, 0, 0, 2, 1, 5, 0, 0, 0, 3, 0, 0.5], [0, 0, 0, 0.02738282084465027, 0, 0, 8, 6, 13, 0, 0, 0, 0, 4, 1, 2, 0, 0, 0, 5, 0, 0.3333333333333333], [0, 0, 0, 0.026941269636154175, 0, 0, 8, 3, 10, 0, 0, 0, 0, 1, 1, 3, 0, 0, 0, 2, 0, 0.5], [0, 0, 0, 0.04836130142211914, 0, 0, 8, 4, 11, 0, 0, 0, 0, 1, 2, 7, 0, 0, 0, 3, 0, 0.6666666666666666], [0, 0, 0, 0.04318612813949585, 0, 0, 8, 5, 12, 0, 0, 0, 0, 2, 2, 4, 0, 0, 0, 4, 0, 0.5], [0, 0, 0, 0.10089549422264099, 0, 0, 8, 10, 17, 0, 0, 1, 1, 5, 2, 5, 0, 0, 0, 9, 0, 0.5], [0, 0, 0, 0.040768593549728394, 0, 0, 8, 13, 20, 0, 0, 0, 0, 11, 1, 1, 0, 0, 0, 12, 0, 0.5], [0, 0, 0, 0.06363785266876221, 0, 0, 8, 13, 20, 0, 0, 0, 0, 11, 1, 1, 0, 0, 0, 12, 0, 0.14814814814814814], [0, 0, 0, 0.006953120231628418, 0, 0, 8, 3, 10, 0, 0, 0, 0, 1, 1, 5, 0, 0, 0, 2, 0, 0.5], [0, 0, 0, 0.0642932653427124, 0, 0, 8, 13, 20, 0, 0, 1, 0, 10, 2, 2, 0, 0, 0, 12, 0, 0.6666666666666666], [0, 0, 0, 0.2294388711452484, 0, 0, 8, 3, 10, 0, 0, 0, 0, 1, 1, 5, 0, 0, 0, 2, 0, 0.6666666666666666], [0, 0, 0, 0.05896502733230591, 0, 0, 8, 4, 11, 0, 0, 0, 0, 2, 1, 3, 0, 0, 0, 3, 0, 0.8333333333333334], [0, 0, 0, 0.010244667530059814, 0, 0, 8, 13, 20, 0, 0, 1, 1, 7, 3, 2, 0, 0, 0, 12, 0, 0.5], [1, 0, 0, 0.10710132122039795, 0, 0, 8, 4, 11, 1, 0, 0, 0, 2, 1, 5, 0, 0, 0, 3, 0, 0.75], [1, 0, 0, 0.1209338903427124, 0, 0, 8, 6, 13, 1, 0, 1, 0, 4, 1, 1, 0, 0, 0, 5, 0, 0.5], [0, 0, 0, 0.03308826684951782, 0, 0, 8, 13, 20, 0, 0, 0, 0, 9, 2, 6, 0, 0, 0, 12, 0, 0.6666666666666666], [0, 0, 0, 0.15102070569992065, 0, 0, 8, 3, 10, 0, 0, 0, 0, 1, 1, 6, 0, 0, 0, 2, 0, 0.6666666666666666], [0, 0, 0, 0.024268820881843567, 0, 0, 8, 4, 11, 0, 0, 0, 0, 2, 1, 3, 0, 0, 0, 3, 0, 0.5], [1, 0, 1, 0.019177734851837158, 1, 0, 8, 7, 14, 1, 0, 1, 1, 2, 4, 6, 0, 0, 0, 6, 1, 0.8666666666666667], [0, 0, 0, 0.06399816274642944, 0, 0, 8, 7, 14, 0, 0, 1, 0, 4, 2, 4, 0, 0, 0, 6, 0, 0.5], [0, 0, 0, 0.03296941518783569, 0, 0, 8, 13, 20, 0, 0, 0, 0, 7, 2, 1, 0, 0, 0, 12, 0, 0.6666666666666666], [0, 0, 0, 0.0314335823059082, 0, 0, 8, 5, 12, 0, 0, 0, 0, 3, 1, 5, 0, 0, 0, 4, 0, 0.6666666666666666], [0, 0, 0, 0.04928797483444214, 0, 0, 8, 13, 20, 0, 0, 1, 0, 11, 1, 1, 0, 0, 0, 12, 0, 0.06451612903225806], [0, 0, 0, 0.002916574478149414, 0, 0, 8, 3, 10, 0, 0, 0, 0, 1, 1, 6, 0, 0, 0, 2, 0, 0.6666666666666666], [0, 0, 0, 0.0, 0, 0, 8, 11, 18, 0, 0, 0, 0, 9, 1, 4, 0, 0, 0, 10, 0, 0.6], [0, 0, 0, 0.11535525321960449, 0, 1, 8, 12, 19, 0, 0, 0, 0, 7, 3, 4, 0, 0, 0, 11, 0, 0.5], [1, 0, 1, 0.0491405725479126, 1, 0, 5, 8, 12, 1, 0, 1, 1, 2, 3, 4, 0, 0, 0, 7, 1, 0.6666666666666666], [1, 0, 0, 0.13674896955490112, 0, 0, 8, 13, 20, 1, 0, 1, 0, 10, 2, 6, 0, 0, 0, 12, 0, 0.6666666666666666], [0, 0, 0, 0.049427181482315063, 0, 0, 8, 5, 12, 0, 0, 0, 0, 3, 1, 4, 0, 0, 0, 4, 0, 0.5], [0, 0, 0, 0.013524293899536133, 0, 0, 8, 13, 20, 0, 0, 0, 0, 10, 2, 3, 0, 0, 0, 12, 0, 0.75], [0, 0, 0, 0.011986732482910156, 0, 0, 8, 3, 10, 0, 0, 0, 0, 1, 1, 3, 0, 0, 0, 2, 0, 0.5], [0, 0, 0, 0.0042972564697265625, 0, 0, 8, 4, 11, 0, 0, 0, 0, 2, 1, 6, 0, 0, 0, 3, 0, 0.875], [1, 0, 0, 0.018840670585632324, 0, 0, 4, 3, 6, 1, 0, 0, 0, 1, 1, 3, 0, 0, 0, 2, 0, 0.75], [0, 0, 0, 0.010244667530059814, 0, 0, 8, 13, 20, 0, 0, 1, 0, 6, 3, 2, 0, 0, 0, 12, 0, 0.5], [0, 0, 0, 0.009783625602722168, 0, 0, 8, 7, 14, 0, 0, 0, 0, 5, 1, 2, 0, 0, 0, 6, 0, 0.8333333333333334], [0, 0, 0, 0.15780431032180786, 0, 0, 8, 3, 10, 0, 0, 0, 0, 1, 1, 3, 0, 0, 0, 2, 0, 0.6], [0, 0, 0, 0.0, 0, 0, 8, 13, 20, 0, 0, 0, 0, 10, 2, 3, 0, 0, 0, 12, 0, 0.8333333333333334], [1, 0, 0, 0.04176849126815796, 0, 0, 6, 4, 9, 1, 0, 0, 0, 1, 2, 5, 0, 0, 0, 3, 0, 0.5], [0, 0, 0, 0.3565826416015625, 0, 0, 8, 4, 11, 0, 0, 0, 0, 2, 1, 5, 0, 0, 0, 3, 0, 0.75], [0, 0, 0, 0.025588393211364746, 0, 0, 8, 13, 20, 0, 0, 0, 0, 9, 3, 1, 0, 0, 0, 12, 0, 0.07142857142857142], [0, 0, 0, 0.0017684996128082275, 0, 0, 8, 13, 20, 0, 0, 0, 0, 11, 1, 1, 0, 0, 0, 12, 0, 0.12698412698412698], [0, 0, 0, 0.06971311569213867, 0, 0, 8, 3, 10, 0, 0, 0, 0, 1, 1, 5, 0, 0, 0, 2, 0, 0.5714285714285714], [1, 0, 1, 0.03004896640777588, 1, 0, 8, 13, 20, 1, 0, 1, 1, 2, 10, 6, 0, 0, 0, 12, 1, 0.8571428571428571], [1, 0, 0, 0.017049193382263184, 0, 0, 8, 10, 17, 1, 0, 0, 0, 5, 3, 1, 0, 0, 0, 9, 0, 0.3333333333333333], [1, 0, 0, 0.060945093631744385, 0, 0, 7, 3, 9, 1, 0, 0, 0, 1, 1, 5, 0, 0, 0, 2, 0, 0.6666666666666666], [1, 0, 1, 0.0484776496887207, 1, 0, 8, 5, 12, 1, 0, 1, 1, 2, 2, 3, 0, 0, 0, 4, 1, 0.5], [1, 0, 0, 0.035373032093048096, 1, 0, 8, 13, 20, 1, 0, 1, 1, 8, 3, 2, 0, 0, 0, 12, 1, 0.6666666666666666], [0, 0, 0, 0.021119892597198486, 0, 0, 8, 13, 20, 0, 0, 0, 0, 10, 2, 1, 0, 0, 0, 12, 0, 0.6666666666666666], [0, 0, 0, 0.027359724044799805, 0, 0, 8, 3, 10, 0, 0, 0, 0, 1, 1, 4, 0, 0, 0, 2, 0, 0.6], [1, 0, 0, 0.015970349311828613, 0, 0, 8, 10, 17, 1, 0, 1, 0, 7, 2, 2, 0, 0, 0, 9, 0, 0.6666666666666666], [1, 0, 0, 0.019860148429870605, 0, 0, 8, 13, 20, 1, 0, 1, 0, 7, 3, 1, 0, 0, 0, 12, 0, 0.75], [0, 0, 0, 0.002805948257446289, 0, 0, 8, 3, 10, 0, 0, 0, 0, 1, 1, 1, 0, 0, 0, 2, 0, 0.75], [1, 0, 1, 0.0012521147727966309, 1, 0, 7, 11, 17, 1, 0, 1, 1, 2, 8, 5, 0, 0, 0, 10, 1, 0.875], [0, 0, 0, 0.1717737317085266, 0, 0, 5, 3, 7, 0, 0, 0, 0, 1, 1, 4, 0, 0, 0, 2, 0, 0.6666666666666666], [0, 0, 0, 0.07564184069633484, 0, 0, 8, 5, 12, 0, 0, 0, 0, 3, 1, 4, 0, 0, 0, 4, 0, 0.75], [1, 0, 0, 0.2206243872642517, 0, 0, 8, 4, 11, 1, 0, 1, 0, 2, 1, 4, 0, 0, 0, 3, 0, 0.6666666666666666], [1, 0, 0, 0.09040743112564087, 0, 0, 8, 13, 20, 1, 0, 0, 0, 11, 1, 1, 0, 0, 0, 12, 0, 0.6666666666666666], [0, 0, 0, 0.10256105661392212, 0, 0, 8, 4, 11, 0, 0, 0, 0, 2, 1, 5, 0, 0, 0, 3, 0, 0.5], [0, 0, 0, 0.07525366544723511, 0, 0, 8, 13, 20, 0, 0, 1, 0, 10, 2, 1, 0, 0, 0, 12, 0, 0.14814814814814814], [0, 0, 0, 0.014395415782928467, 0, 0, 8, 3, 10, 0, 0, 0, 0, 1, 1, 3, 0, 0, 0, 2, 0, 0.6666666666666666], [0, 0, 0, 0.0007067322731018066, 0, 0, 8, 3, 10, 0, 0, 0, 0, 1, 1, 1, 0, 0, 0, 2, 0, 0.2222222222222222], [0, 0, 0, 0.0439833402633667, 0, 0, 8, 4, 11, 0, 0, 0, 0, 1, 2, 5, 0, 0, 0, 3, 0, 0.875], [0, 0, 0, 0.2056228518486023, 0, 0, 4, 5, 8, 0, 0, 0, 0, 2, 2, 3, 0, 0, 0, 4, 0, 0.5], [0, 0, 0, 0.27845510840415955, 0, 0, 8, 3, 10, 0, 0, 0, 0, 1, 1, 2, 0, 0, 0, 2, 0, 0.5], [0, 0, 0, 0.07848256826400757, 0, 0, 8, 13, 20, 0, 0, 0, 0, 11, 1, 1, 0, 0, 0, 12, 0, 0.14814814814814814], [0, 0, 0, 0.164201021194458, 0, 0, 8, 3, 10, 0, 0, 0, 0, 1, 1, 4, 0, 0, 0, 2, 0, 0.625], [0, 0, 0, 0.38240158557891846, 0, 0, 8, 3, 10, 0, 0, 0, 0, 1, 1, 6, 0, 0, 0, 2, 0, 0.75], [1, 0, 1, 0.013094305992126465, 1, 0, 7, 12, 18, 1, 0, 1, 1, 4, 7, 4, 0, 0, 0, 11, 1, 0.75], [0, 0, 0, 0.022554099559783936, 0, 0, 8, 6, 13, 0, 0, 0, 0, 4, 1, 3, 0, 0, 0, 5, 0, 0.6666666666666666], [1, 0, 1, 0.21257442235946655, 0, 1, 6, 3, 8, 1, 0, 0, 0, 1, 1, 5, 0, 0, 0, 2, 0, 0.75], [0, 0, 1, 0.005014002323150635, 0, 0, 8, 13, 20, 0, 0, 1, 0, 9, 2, 2, 0, 0, 0, 12, 0, 0.5], [0, 0, 0, 0.0, 0, 0, 8, 13, 20, 0, 0, 0, 0, 5, 4, 3, 0, 0, 0, 12, 0, 0.6666666666666666], [0, 0, 0, 0.014351606369018555, 0, 0, 8, 3, 10, 0, 0, 0, 0, 1, 1, 6, 0, 0, 0, 2, 0, 0.6666666666666666], [0, 0, 0, 0.06323486566543579, 0, 0, 8, 3, 10, 0, 0, 0, 0, 1, 1, 7, 0, 0, 0, 2, 0, 0.75], [0, 0, 0, 0.037299394607543945, 0, 0, 8, 13, 20, 0, 0, 0, 0, 9, 2, 1, 0, 0, 0, 12, 0, 0.06451612903225806], [1, 0, 1, 0.07821667194366455, 1, 1, 8, 11, 18, 1, 0, 1, 1, 2, 8, 6, 0, 0, 0, 10, 1, 0.8], [1, 0, 0, 0.20566320419311523, 0, 0, 8, 3, 10, 1, 0, 0, 0, 1, 1, 7, 0, 0, 0, 2, 0, 0.75], [0, 0, 0, 0.11756306886672974, 0, 0, 8, 13, 20, 0, 0, 0, 0, 6, 6, 4, 0, 0, 0, 12, 0, 0.5], [1, 0, 0, 0.0491408109664917, 0, 0, 5, 8, 12, 1, 0, 1, 0, 2, 4, 4, 0, 0, 0, 7, 1, 0.6666666666666666], [0, 0, 1, 0.03643655776977539, 0, 0, 8, 13, 20, 0, 0, 1, 1, 2, 10, 3, 0, 0, 0, 12, 0, 0.5], [0, 0, 1, 0.07426542043685913, 0, 0, 8, 5, 12, 0, 0, 1, 1, 3, 1, 5, 0, 0, 0, 4, 0, 0.8], [0, 0, 0, 0.025922954082489014, 0, 0, 8, 11, 18, 0, 0, 1, 0, 8, 2, 5, 0, 0, 0, 10, 0, 0.75], [1, 0, 0, 0.022831857204437256, 0, 0, 8, 11, 18, 1, 0, 0, 0, 2, 7, 4, 0, 0, 0, 10, 0, 0.75], [1, 0, 0, 0.02718883752822876, 1, 0, 8, 13, 20, 1, 0, 1, 0, 5, 4, 1, 0, 0, 0, 12, 1, 0.75], [0, 0, 0, 0.09222710132598877, 0, 0, 8, 4, 11, 0, 0, 0, 0, 2, 1, 3, 0, 0, 0, 3, 0, 0.5], [0, 0, 0, 0.02026301622390747, 0, 0, 8, 3, 10, 0, 0, 0, 0, 1, 1, 5, 0, 0, 0, 2, 0, 0.5], [0, 0, 0, 0.011636972427368164, 0, 0, 8, 3, 10, 0, 0, 0, 0, 1, 1, 6, 0, 0, 0, 2, 0, 0.5], [0, 0, 0, 0.165205717086792, 0, 0, 8, 4, 11, 0, 0, 0, 0, 2, 1, 2, 0, 0, 0, 3, 0, 0.5], [1, 0, 1, 0.006595134735107422, 1, 0, 7, 9, 15, 1, 0, 1, 1, 2, 6, 5, 0, 0, 0, 8, 1, 0.9], [0, 0, 0, 0.011785745620727539, 0, 0, 8, 13, 20, 0, 0, 0, 0, 9, 2, 3, 0, 0, 0, 12, 0, 0.5], [0, 0, 0, 0.029289573431015015, 0, 0, 8, 8, 15, 0, 0, 0, 0, 5, 2, 3, 0, 0, 0, 7, 0, 0.5], [1, 0, 0, 0.062319278717041016, 0, 0, 8, 3, 10, 1, 0, 0, 0, 1, 1, 5, 0, 0, 0, 2, 0, 0.75], [0, 0, 0, 0.05069023370742798, 0, 0, 8, 12, 19, 0, 0, 1, 0, 7, 3, 5, 0, 0, 0, 11, 0, 0.6666666666666666], [0, 0, 0, 0.003270745277404785, 0, 0, 8, 5, 12, 0, 0, 0, 0, 3, 1, 4, 0, 0, 0, 4, 0, 0.5714285714285714], [1, 0, 0, 0.06535917520523071, 0, 0, 8, 13, 20, 1, 0, 0, 0, 6, 5, 3, 0, 0, 0, 12, 0, 0.5], [1, 0, 1, 0.016296803951263428, 1, 1, 4, 7, 10, 1, 0, 1, 1, 2, 3, 3, 0, 0, 0, 6, 1, 0.9], [0, 0, 0, 0.009976387023925781, 0, 0, 8, 13, 20, 0, 0, 0, 0, 7, 4, 2, 0, 0, 0, 12, 0, 0.5], [1, 0, 0, 0.0, 0, 0, 8, 3, 10, 1, 0, 0, 0, 1, 1, 5, 0, 0, 0, 2, 0, 0.6666666666666666], [0, 0, 0, 0.027684122323989868, 0, 0, 8, 13, 20, 0, 0, 0, 0, 11, 1, 1, 0, 0, 0, 12, 0, 0.5], [1, 0, 0, 0.03728508949279785, 0, 0, 8, 6, 13, 1, 0, 1, 0, 3, 2, 4, 0, 0, 0, 5, 0, 0.5], [0, 0, 0, 0.24161756038665771, 0, 0, 8, 3, 10, 0, 0, 0, 0, 1, 1, 4, 0, 0, 0, 2, 0, 0.6666666666666666], [1, 0, 1, 0.007910072803497314, 1, 0, 8, 5, 12, 1, 0, 1, 1, 2, 2, 4, 0, 0, 0, 4, 1, 0.8333333333333334], [1, 0, 1, 0.017524123191833496, 1, 0, 8, 13, 20, 1, 0, 1, 1, 3, 8, 5, 0, 0, 0, 12, 1, 0.75], [0, 0, 0, 0.17418155074119568, 0, 0, 8, 3, 10, 0, 0, 0, 0, 1, 1, 3, 0, 0, 0, 2, 0, 0.5], [0, 0, 0, 0.03336453437805176, 0, 0, 8, 7, 14, 0, 0, 0, 0, 5, 1, 3, 0, 0, 0, 6, 0, 0.5], [0, 0, 0, 0.029812514781951904, 0, 0, 8, 13, 20, 0, 0, 0, 0, 11, 1, 3, 0, 0, 0, 12, 0, 0.5], [0, 0, 0, 0.0019707679748535156, 0, 0, 8, 5, 12, 0, 0, 0, 0, 2, 2, 6, 0, 0, 0, 4, 0, 0.5], [0, 0, 0, 0.09634941816329956, 0, 0, 8, 3, 10, 0, 0, 0, 0, 1, 1, 4, 0, 0, 0, 2, 0, 0.5], [1, 0, 0, 0.026681989431381226, 0, 0, 8, 3, 10, 1, 0, 0, 0, 1, 1, 5, 0, 0, 0, 2, 0, 0.6666666666666666], [1, 0, 0, 0.12238001823425293, 0, 0, 8, 3, 10, 1, 0, 0, 0, 1, 1, 3, 0, 0, 0, 2, 0, 0.6666666666666666], [0, 0, 0, 0.35367098450660706, 0, 0, 8, 3, 10, 0, 0, 0, 0, 1, 1, 3, 0, 0, 0, 2, 0, 0.5], [0, 0, 0, 0.024012506008148193, 0, 0, 8, 3, 10, 0, 0, 0, 0, 1, 1, 4, 0, 0, 0, 2, 0, 0.6666666666666666], [0, 0, 0, 0.02371719479560852, 0, 0, 8, 4, 11, 0, 0, 0, 0, 2, 1, 4, 0, 0, 0, 3, 0, 0.9], [1, 0, 0, 0.1519622802734375, 0, 0, 8, 6, 13, 1, 0, 0, 0, 4, 1, 5, 0, 0, 0, 5, 0, 0.9], [1, 0, 1, 0.0210152268409729, 1, 1, 8, 8, 15, 1, 0, 1, 1, 3, 4, 3, 0, 0, 0, 7, 1, 0.8333333333333334], [0, 0, 0, 0.333732545375824, 0, 0, 8, 5, 12, 0, 0, 0, 0, 3, 1, 6, 0, 0, 0, 4, 0, 0.6666666666666666], [1, 0, 0, 0.17871427536010742, 0, 0, 8, 4, 11, 1, 0, 0, 0, 2, 1, 4, 0, 0, 0, 3, 0, 0.5], [1, 0, 1, 0.21257448196411133, 0, 1, 6, 3, 8, 1, 0, 0, 0, 1, 1, 5, 0, 0, 0, 2, 0, 0.75], [0, 0, 0, 0.0795782208442688, 0, 0, 8, 4, 11, 0, 0, 0, 0, 2, 1, 1, 0, 0, 0, 3, 0, 0.75], [0, 0, 0, 0.06645902991294861, 0, 0, 8, 4, 11, 0, 0, 0, 0, 2, 1, 4, 0, 0, 0, 3, 0, 0.8], [0, 0, 0, 0.0018323659896850586, 0, 0, 8, 4, 11, 0, 0, 0, 0, 1, 2, 6, 0, 0, 0, 3, 0, 0.8666666666666667], [0, 0, 0, 0.017118096351623535, 0, 0, 8, 5, 12, 0, 0, 0, 0, 2, 2, 7, 0, 0, 0, 4, 0, 0.6666666666666666], [0, 0, 0, 0.0036475658416748047, 0, 0, 8, 3, 10, 0, 0, 0, 0, 1, 1, 4, 0, 0, 0, 2, 0, 0.5], [1, 0, 0, 0.008320927619934082, 1, 0, 8, 9, 16, 1, 0, 1, 0, 7, 1, 4, 0, 0, 0, 8, 0, 0.6666666666666666], [1, 0, 0, 0.0016593337059020996, 0, 0, 8, 9, 16, 1, 0, 1, 0, 3, 3, 3, 0, 0, 0, 8, 0, 0.6666666666666666], [0, 0, 0, 0.04187732934951782, 0, 0, 8, 7, 14, 0, 0, 0, 0, 2, 4, 6, 0, 0, 0, 6, 0, 0.875], [0, 0, 0, 0.111788809299469, 0, 0, 8, 5, 12, 0, 0, 0, 0, 3, 1, 3, 0, 0, 0, 4, 0, 0.5], [1, 0, 1, 0.0064661502838134766, 1, 0, 8, 7, 14, 1, 0, 1, 1, 3, 3, 3, 0, 0, 0, 6, 1, 0.875], [0, 0, 0, 0.016205430030822754, 0, 0, 8, 12, 19, 0, 0, 1, 0, 7, 3, 5, 0, 0, 0, 11, 0, 0.6666666666666666], [1, 0, 0, 0.019675493240356445, 1, 0, 8, 8, 15, 1, 0, 1, 0, 5, 2, 3, 0, 0, 0, 7, 1, 0.75], [0, 0, 1, 0.03802734613418579, 0, 0, 8, 13, 20, 0, 0, 1, 0, 8, 3, 1, 0, 0, 0, 12, 0, 0.6666666666666666], [1, 0, 0, 0.01837092638015747, 0, 0, 5, 6, 10, 1, 0, 0, 0, 2, 3, 4, 0, 0, 0, 5, 0, 0.75], [0, 0, 0, 0.03525388240814209, 0, 0, 3, 5, 7, 0, 0, 0, 0, 1, 3, 2, 0, 0, 0, 4, 0, 0.6666666666666666], [0, 0, 0, 0.06512612104415894, 0, 0, 7, 6, 12, 0, 0, 1, 0, 3, 2, 5, 0, 0, 0, 5, 0, 0.5], [0, 0, 0, 0.14094990491867065, 0, 0, 8, 5, 12, 0, 0, 0, 0, 3, 1, 4, 0, 0, 0, 4, 0, 0.875], [0, 0, 0, 0.1311875879764557, 0, 0, 8, 6, 13, 0, 0, 0, 0, 4, 1, 3, 0, 0, 0, 5, 0, 0.6666666666666666], [0, 0, 0, 0.02941608428955078, 0, 0, 8, 3, 10, 0, 0, 0, 0, 1, 1, 4, 0, 0, 0, 2, 0, 0.8], [0, 0, 0, 0.046427011489868164, 0, 0, 8, 6, 13, 0, 0, 0, 0, 2, 3, 4, 0, 0, 0, 5, 0, 0.8], [1, 0, 1, 0.03565347194671631, 1, 0, 8, 7, 14, 1, 0, 1, 1, 3, 3, 6, 0, 0, 0, 6, 1, 0.875], [0, 0, 0, 0.0724368691444397, 0, 0, 8, 13, 20, 0, 0, 1, 0, 9, 3, 6, 0, 0, 0, 12, 0, 0.8333333333333334], [0, 0, 0, 0.019385337829589844, 0, 0, 8, 13, 20, 0, 0, 0, 0, 11, 1, 1, 0, 0, 0, 12, 0, 0.12698412698412698], [0, 0, 0, 0.004204392433166504, 0, 0, 8, 3, 10, 0, 0, 0, 0, 1, 1, 4, 0, 0, 0, 2, 0, 0.5], [0, 0, 0, 0.0, 0, 0, 8, 13, 20, 0, 0, 0, 0, 11, 1, 3, 0, 0, 0, 12, 0, 0.8333333333333334], [1, 0, 0, 0.004758238792419434, 0, 0, 4, 4, 7, 1, 0, 0, 0, 2, 1, 3, 0, 0, 0, 3, 0, 0.75], [1, 0, 0, 0.007542073726654053, 0, 0, 8, 13, 20, 1, 0, 0, 0, 6, 3, 3, 0, 0, 0, 12, 0, 0.6666666666666666], [1, 0, 0, 0.06672811508178711, 0, 0, 8, 10, 17, 1, 0, 0, 0, 6, 3, 5, 0, 0, 0, 9, 0, 0.8333333333333334], [0, 0, 0, 0.0023418664932250977, 0, 0, 8, 3, 10, 0, 0, 0, 0, 1, 1, 5, 0, 0, 0, 2, 0, 0.6666666666666666], [0, 0, 0, 0.04864072799682617, 0, 0, 8, 8, 15, 0, 0, 0, 0, 6, 1, 2, 0, 0, 0, 7, 0, 0.5], [0, 0, 0, 0.01796799898147583, 0, 0, 8, 3, 10, 0, 0, 0, 0, 1, 1, 6, 0, 0, 0, 2, 0, 0.5], [0, 0, 0, 0.046880900859832764, 0, 0, 8, 13, 20, 0, 0, 0, 0, 9, 2, 6, 0, 0, 0, 12, 0, 0.6666666666666666], [0, 0, 0, 0.037369489669799805, 0, 0, 8, 4, 11, 0, 0, 0, 0, 2, 1, 4, 0, 0, 0, 3, 0, 0.5], [0, 0, 0, 0.02505737543106079, 0, 0, 8, 13, 20, 0, 0, 0, 0, 11, 1, 1, 0, 0, 0, 12, 0, 0.5], [1, 0, 1, 0.0333409309387207, 0, 0, 8, 13, 20, 1, 0, 1, 1, 11, 1, 1, 0, 0, 0, 12, 0, 0.1875], [0, 0, 0, 0.038772642612457275, 0, 0, 8, 13, 20, 0, 0, 0, 0, 11, 1, 1, 0, 0, 0, 12, 0, 0.25], [1, 0, 1, 0.0009574294090270996, 1, 0, 8, 5, 12, 1, 0, 1, 1, 2, 2, 5, 0, 0, 0, 4, 0, 0.75], [1, 0, 1, 0.004108309745788574, 1, 1, 8, 7, 14, 1, 0, 1, 1, 2, 4, 6, 0, 0, 0, 6, 1, 0.9], [1, 0, 1, 0.03244143724441528, 0, 1, 5, 3, 7, 1, 0, 0, 0, 1, 1, 4, 0, 0, 0, 2, 0, 0.5], [0, 0, 0, 0.010932505130767822, 0, 0, 8, 4, 11, 0, 0, 0, 0, 2, 1, 5, 0, 0, 0, 3, 0, 0.5], [1, 0, 1, 0.06312346458435059, 1, 0, 8, 6, 13, 1, 0, 1, 1, 4, 1, 5, 0, 0, 0, 5, 1, 0.8], [0, 0, 0, 0.07385993003845215, 0, 0, 8, 5, 12, 0, 0, 0, 0, 3, 1, 5, 0, 0, 0, 4, 0, 0.9], [0, 0, 0, 0.035076916217803955, 0, 0, 8, 7, 14, 0, 0, 1, 0, 5, 1, 2, 0, 0, 0, 6, 0, 0.6666666666666666], [1, 0, 1, 0.18101799488067627, 0, 0, 8, 4, 11, 1, 0, 1, 1, 2, 1, 3, 0, 0, 0, 3, 0, 0.6666666666666666], [0, 0, 0, 0.03285840153694153, 0, 0, 8, 13, 20, 0, 0, 0, 0, 10, 2, 1, 0, 0, 0, 12, 0, 0.25], [0, 0, 0, 0.14129161834716797, 0, 0, 8, 3, 10, 0, 0, 0, 0, 1, 1, 3, 0, 0, 0, 2, 0, 0.5], [0, 0, 0, 0.0245741605758667, 0, 0, 8, 4, 11, 0, 0, 0, 0, 2, 1, 5, 0, 0, 0, 3, 0, 0.6666666666666666], [0, 0, 0, 0.11502549052238464, 0, 0, 8, 12, 19, 0, 0, 0, 0, 9, 2, 1, 0, 0, 0, 11, 0, 0.18181818181818182], [1, 0, 1, 0.04855179786682129, 1, 0, 8, 9, 16, 1, 0, 1, 1, 2, 6, 4, 0, 0, 0, 8, 1, 0.7777777777777778], [1, 0, 1, 0.018526017665863037, 1, 0, 7, 4, 10, 1, 0, 1, 1, 2, 1, 5, 0, 0, 0, 3, 1, 0.8666666666666667], [0, 0, 0, 0.10735517740249634, 0, 0, 8, 5, 12, 0, 0, 0, 0, 3, 1, 5, 0, 0, 0, 4, 0, 0.6666666666666666], [0, 0, 0, 0.05637913942337036, 0, 0, 8, 13, 20, 0, 0, 0, 0, 7, 3, 2, 0, 0, 0, 12, 0, 0.6666666666666666], [1, 0, 0, 0.08369511365890503, 0, 0, 8, 4, 11, 1, 0, 1, 0, 2, 1, 4, 0, 0, 0, 3, 0, 0.6], [0, 0, 0, 0.0009891986846923828, 0, 0, 8, 5, 12, 0, 0, 0, 0, 3, 1, 6, 0, 0, 0, 4, 0, 0.5], [1, 0, 1, 0.09792864322662354, 1, 0, 8, 10, 17, 1, 0, 1, 1, 4, 5, 3, 0, 0, 0, 9, 1, 0.5], [0, 0, 0, 0.10604363679885864, 0, 0, 8, 13, 20, 0, 0, 1, 0, 9, 2, 1, 0, 0, 0, 12, 0, 0.6666666666666666], [0, 0, 0, 0.006929159164428711, 0, 0, 8, 3, 10, 0, 0, 0, 0, 1, 1, 3, 0, 0, 0, 2, 0, 0.3333333333333333], [1, 0, 1, 0.004404306411743164, 1, 0, 8, 6, 13, 1, 0, 1, 1, 2, 3, 5, 0, 0, 0, 5, 1, 0.8666666666666667], [0, 0, 0, 0.07037776708602905, 0, 0, 8, 3, 10, 0, 0, 0, 0, 1, 1, 6, 0, 0, 0, 2, 0, 0.6666666666666666], [0, 0, 0, 0.09082895517349243, 0, 0, 8, 3, 10, 0, 0, 0, 0, 1, 1, 3, 0, 0, 0, 2, 0, 0.5], [0, 0, 0, 0.17132747173309326, 0, 0, 8, 3, 10, 0, 0, 0, 0, 1, 1, 6, 0, 0, 0, 2, 0, 0.6666666666666666], [0, 0, 0, 0.0016965866088867188, 0, 0, 8, 3, 10, 0, 0, 0, 0, 1, 1, 6, 0, 0, 0, 2, 0, 0.6666666666666666], [0, 0, 0, 0.0027450919151306152, 0, 0, 8, 7, 14, 0, 0, 0, 0, 4, 2, 4, 0, 0, 0, 6, 0, 0.625], [0, 0, 0, 0.02364790439605713, 0, 0, 8, 13, 20, 0, 0, 0, 0, 8, 3, 1, 0, 0, 0, 12, 0, 0.6666666666666666], [1, 0, 0, 0.07733690738677979, 1, 0, 8, 5, 12, 1, 0, 1, 0, 3, 1, 3, 0, 0, 0, 4, 1, 0.6666666666666666], [1, 0, 0, 0.029541492462158203, 0, 0, 8, 13, 20, 1, 0, 1, 0, 11, 1, 1, 0, 0, 0, 12, 0, 0.25], [1, 0, 1, 0.07617735862731934, 1, 0, 8, 6, 13, 1, 0, 1, 1, 3, 2, 4, 0, 0, 0, 5, 1, 0.7272727272727273], [1, 0, 0, 0.05591851472854614, 0, 0, 7, 3, 9, 1, 0, 0, 0, 1, 1, 6, 0, 0, 0, 2, 0, 0.6666666666666666], [0, 0, 0, 0.1380610466003418, 0, 0, 8, 3, 10, 0, 0, 0, 0, 1, 1, 6, 0, 0, 0, 2, 0, 0.6666666666666666], [1, 0, 1, 0.004789531230926514, 1, 0, 8, 11, 18, 1, 0, 1, 1, 3, 6, 4, 0, 0, 0, 10, 1, 0.75], [0, 0, 1, 0.03643655776977539, 0, 0, 8, 13, 20, 0, 0, 1, 1, 1, 11, 3, 0, 0, 0, 12, 0, 0.5], [0, 0, 0, 0.03526037931442261, 0, 0, 8, 3, 10, 0, 0, 0, 0, 1, 1, 5, 0, 0, 0, 2, 0, 0.75], [0, 0, 0, 0.017221122980117798, 0, 0, 8, 3, 10, 0, 0, 0, 0, 1, 1, 4, 0, 0, 0, 2, 0, 0.5], [0, 0, 0, 0.04172895848751068, 0, 0, 8, 11, 18, 0, 0, 0, 0, 8, 2, 5, 0, 0, 0, 10, 0, 0.6666666666666666], [1, 0, 0, 0.08959770202636719, 0, 1, 8, 6, 13, 1, 0, 1, 0, 3, 2, 5, 0, 0, 0, 5, 0, 0.6666666666666666], [1, 0, 1, 0.02718883752822876, 1, 0, 8, 13, 20, 1, 0, 1, 1, 6, 6, 1, 0, 0, 0, 12, 1, 0.75], [1, 0, 1, 0.035778582096099854, 0, 1, 8, 3, 10, 1, 0, 0, 0, 1, 1, 5, 0, 0, 0, 2, 0, 0.6], [1, 0, 0, 0.0003324747085571289, 0, 0, 7, 10, 16, 1, 0, 0, 0, 6, 2, 5, 0, 0, 0, 9, 0, 0.6666666666666666], [0, 0, 0, 0.06949454545974731, 0, 0, 8, 13, 20, 0, 1, 0, 0, 8, 3, 6, 0, 0, 0, 12, 0, 0.8333333333333334], [0, 0, 0, 0.13104689121246338, 0, 0, 8, 8, 15, 0, 0, 0, 0, 4, 2, 2, 0, 0, 0, 7, 0, 0.75], [1, 0, 0, 0.02718883752822876, 1, 0, 8, 13, 20, 1, 0, 1, 0, 7, 4, 1, 0, 0, 0, 12, 1, 0.75], [0, 0, 0, 0.1342557668685913, 0, 0, 8, 4, 11, 0, 0, 0, 0, 2, 1, 5, 0, 0, 0, 3, 0, 0.6666666666666666], [1, 0, 0, 0.18346136808395386, 0, 0, 8, 8, 15, 1, 1, 0, 0, 6, 1, 6, 0, 0, 0, 7, 0, 0.75], [0, 0, 0, 0.1161731481552124, 0, 0, 8, 3, 10, 0, 0, 0, 0, 1, 1, 3, 0, 0, 0, 2, 0, 0.5], [0, 0, 0, 0.013180136680603027, 0, 0, 8, 4, 11, 0, 0, 0, 0, 2, 1, 7, 0, 0, 0, 3, 0, 0.9], [0, 0, 0, 0.052944064140319824, 0, 0, 8, 10, 17, 0, 0, 1, 0, 4, 4, 3, 0, 0, 0, 9, 0, 0.6666666666666666], [1, 0, 1, 0.06721222400665283, 0, 0, 8, 6, 13, 1, 0, 1, 1, 3, 2, 5, 0, 0, 0, 5, 0, 0.5], [1, 0, 1, 0.005637526512145996, 1, 0, 6, 13, 18, 1, 0, 1, 1, 2, 10, 5, 0, 0, 0, 12, 1, 0.9], [1, 0, 0, 0.0, 1, 0, 8, 13, 20, 1, 0, 1, 0, 5, 5, 3, 0, 0, 0, 12, 0, 0.6666666666666666], [1, 0, 0, 0.007250070571899414, 0, 0, 3, 3, 5, 1, 1, 0, 0, 1, 1, 2, 0, 0, 0, 2, 0, 0.6666666666666666], [0, 0, 0, 0.006681501865386963, 0, 0, 8, 9, 16, 0, 0, 0, 0, 7, 1, 3, 0, 0, 0, 8, 0, 0.5], [0, 0, 0, 0.0380321741104126, 0, 0, 8, 4, 11, 0, 0, 0, 0, 2, 1, 4, 0, 0, 0, 3, 0, 0.5], [0, 0, 0, 0.08634305000305176, 0, 0, 8, 13, 20, 0, 0, 0, 0, 9, 2, 1, 0, 0, 0, 12, 0, 0.6666666666666666], [0, 0, 0, 0.01947653293609619, 0, 0, 8, 13, 20, 0, 0, 0, 0, 11, 1, 3, 0, 0, 0, 12, 0, 0.6666666666666666], [0, 0, 0, 0.01570373773574829, 0, 0, 8, 5, 12, 0, 0, 0, 0, 3, 1, 5, 0, 0, 0, 4, 0, 0.5], [0, 0, 0, 0.08513790369033813, 0, 0, 8, 13, 20, 0, 0, 0, 0, 11, 1, 1, 0, 0, 0, 12, 0, 0.16666666666666666], [0, 0, 0, 0.12249124050140381, 0, 0, 6, 3, 8, 0, 0, 0, 0, 1, 1, 5, 0, 0, 0, 2, 0, 0.6666666666666666], [0, 0, 0, 0.04024842381477356, 0, 0, 8, 3, 10, 0, 0, 0, 0, 1, 1, 4, 0, 0, 0, 2, 0, 0.5], [0, 0, 0, 0.0, 0, 0, 5, 7, 11, 0, 0, 0, 0, 4, 2, 3, 0, 0, 0, 6, 0, 0.9], [1, 0, 1, 0.09792864322662354, 1, 0, 8, 10, 17, 1, 0, 1, 1, 4, 5, 3, 0, 0, 0, 9, 1, 0.5], [0, 0, 0, 0.03577852249145508, 0, 0, 8, 3, 10, 0, 0, 0, 0, 1, 1, 5, 0, 0, 0, 2, 0, 0.6], [1, 0, 1, 0.0010802745819091797, 1, 0, 8, 8, 15, 1, 0, 1, 1, 2, 5, 6, 0, 0, 0, 7, 1, 0.8666666666666667], [0, 0, 0, 0.019114375114440918, 0, 0, 8, 13, 20, 0, 0, 1, 0, 6, 4, 2, 0, 0, 0, 12, 0, 0.5], [0, 0, 0, 0.05380845069885254, 0, 0, 8, 5, 12, 0, 0, 0, 0, 3, 1, 6, 0, 0, 0, 4, 0, 0.8333333333333334], [0, 0, 0, 0.018382132053375244, 0, 0, 8, 11, 18, 0, 0, 0, 0, 7, 2, 5, 0, 0, 0, 10, 0, 0.75], [1, 0, 0, 0.03736913204193115, 0, 0, 8, 5, 12, 1, 0, 0, 0, 2, 2, 3, 0, 0, 0, 4, 0, 0.75], [0, 0, 0, 0.03251528739929199, 0, 0, 8, 3, 10, 0, 0, 0, 0, 1, 1, 3, 0, 0, 0, 2, 0, 0.8333333333333334], [0, 0, 0, 0.02761790156364441, 0, 0, 8, 13, 20, 0, 0, 0, 0, 11, 1, 1, 0, 0, 0, 12, 0, 0.09090909090909091], [0, 0, 0, 0.0346449613571167, 0, 0, 8, 3, 10, 0, 0, 0, 0, 1, 1, 4, 0, 0, 0, 2, 0, 0.7272727272727273], [1, 0, 0, 0.06753331422805786, 0, 0, 8, 3, 10, 1, 0, 0, 0, 1, 1, 7, 0, 0, 0, 2, 0, 0.6666666666666666], [0, 0, 0, 0.040796518325805664, 0, 0, 8, 3, 10, 0, 0, 0, 0, 1, 1, 5, 0, 0, 0, 2, 0, 0.5], [1, 0, 1, 0.09792864322662354, 1, 0, 8, 10, 17, 1, 0, 1, 1, 4, 5, 3, 0, 0, 0, 9, 1, 0.5], [0, 0, 0, 0.04379606246948242, 0, 0, 8, 13, 20, 0, 0, 1, 0, 11, 1, 5, 0, 0, 0, 12, 0, 0.6], [0, 0, 0, 0.009003639221191406, 0, 0, 8, 13, 20, 0, 0, 0, 0, 10, 2, 1, 0, 0, 0, 12, 0, 0.25], [0, 0, 0, 0.027778983116149902, 0, 0, 8, 3, 10, 0, 0, 0, 0, 1, 1, 5, 0, 0, 0, 2, 0, 0.5], [0, 0, 0, 0.014745831489562988, 0, 0, 8, 3, 10, 0, 0, 0, 0, 1, 1, 6, 0, 0, 0, 2, 0, 0.75], [0, 0, 0, 0.08216482400894165, 0, 0, 8, 3, 10, 0, 0, 0, 0, 1, 1, 4, 0, 0, 0, 2, 0, 0.5], [0, 0, 0, 0.07824137806892395, 0, 0, 8, 9, 16, 0, 0, 0, 0, 7, 1, 2, 0, 0, 0, 8, 0, 0.5], [1, 0, 0, 0.0, 0, 0, 7, 4, 10, 1, 0, 0, 0, 1, 2, 5, 0, 0, 0, 3, 0, 0.6666666666666666], [0, 0, 1, 0.20226308703422546, 0, 0, 8, 4, 11, 0, 0, 1, 1, 2, 1, 6, 0, 0, 0, 3, 0, 0.6666666666666666], [0, 0, 0, 0.022984236478805542, 0, 0, 8, 13, 20, 0, 0, 0, 0, 11, 1, 1, 0, 0, 0, 12, 0, 0.09090909090909091], [1, 0, 0, 0.038735151290893555, 0, 0, 8, 13, 20, 1, 0, 0, 0, 10, 2, 1, 0, 0, 0, 12, 0, 0.5], [0, 0, 0, 0.27952420711517334, 0, 0, 8, 3, 10, 0, 0, 0, 0, 1, 1, 4, 0, 0, 0, 2, 0, 0.6666666666666666], [0, 0, 0, 0.10525166988372803, 0, 0, 8, 5, 12, 0, 0, 0, 0, 3, 1, 5, 0, 0, 0, 4, 0, 0.8333333333333334], [0, 0, 0, 0.05099278688430786, 0, 0, 8, 7, 14, 0, 0, 0, 0, 5, 1, 4, 0, 0, 0, 6, 0, 0.6666666666666666], [0, 0, 0, 0.0117359459400177, 0, 0, 8, 10, 17, 0, 0, 0, 0, 8, 1, 3, 0, 0, 0, 9, 0, 0.5], [0, 0, 0, 0.0893847644329071, 0, 0, 8, 5, 12, 0, 0, 0, 0, 3, 1, 2, 0, 0, 0, 4, 0, 0.2857142857142857], [1, 0, 1, 0.03244137763977051, 0, 1, 5, 3, 7, 1, 0, 0, 0, 1, 1, 4, 0, 0, 0, 2, 0, 0.5], [0, 0, 0, 0.07439488172531128, 0, 0, 8, 13, 20, 0, 0, 0, 0, 11, 1, 1, 0, 0, 0, 12, 0, 0.14814814814814814], [0, 0, 1, 0.03643655776977539, 0, 0, 8, 13, 20, 0, 0, 1, 1, 1, 11, 3, 0, 0, 0, 12, 0, 0.5], [0, 0, 0, 0.0673254132270813, 0, 0, 8, 5, 12, 0, 0, 0, 0, 3, 1, 5, 0, 0, 0, 4, 0, 0.6666666666666666], [1, 0, 1, 0.07582545280456543, 1, 0, 8, 6, 13, 1, 0, 1, 1, 4, 1, 3, 0, 0, 0, 5, 0, 0.8333333333333334], [0, 0, 0, 0.03931140899658203, 0, 0, 6, 3, 8, 0, 0, 0, 0, 1, 1, 5, 0, 0, 0, 2, 0, 0.6666666666666666], [0, 0, 0, 0.20752963423728943, 0, 0, 8, 3, 10, 0, 0, 0, 0, 1, 1, 4, 0, 0, 0, 2, 0, 0.6666666666666666], [1, 0, 0, 0.0002643465995788574, 0, 0, 8, 13, 20, 1, 0, 1, 0, 3, 8, 4, 0, 0, 0, 12, 0, 0.75], [0, 0, 0, 0.04798203706741333, 0, 0, 8, 13, 20, 0, 0, 0, 0, 10, 2, 1, 0, 0, 0, 12, 0, 0.5], [0, 0, 0, 0.0, 0, 0, 8, 13, 20, 0, 0, 0, 0, 9, 2, 3, 0, 0, 0, 12, 0, 0.8333333333333334], [0, 0, 0, 0.02397400140762329, 0, 0, 8, 6, 13, 0, 0, 0, 0, 2, 3, 4, 0, 0, 0, 5, 0, 0.75], [0, 0, 0, 0.104123055934906, 0, 0, 8, 13, 20, 0, 0, 0, 0, 6, 6, 4, 0, 0, 0, 12, 0, 0.5], [0, 0, 0, 0.08608818054199219, 0, 0, 8, 3, 10, 0, 0, 0, 0, 1, 1, 5, 0, 0, 0, 2, 0, 0.5], [0, 0, 0, 0.000698089599609375, 0, 0, 8, 13, 20, 0, 0, 0, 0, 11, 1, 1, 0, 0, 0, 12, 0, 0.12698412698412698], [1, 0, 1, 0.17701512575149536, 0, 0, 8, 4, 11, 1, 0, 1, 1, 2, 1, 3, 0, 0, 0, 3, 0, 0.5], [0, 0, 0, 0.010548591613769531, 0, 0, 8, 5, 12, 0, 0, 0, 0, 3, 1, 3, 0, 0, 0, 4, 0, 0.5], [0, 0, 0, 0.0, 0, 0, 6, 3, 8, 0, 0, 0, 0, 1, 1, 5, 0, 0, 0, 2, 0, 0.6666666666666666], [0, 0, 0, 0.07383483648300171, 0, 0, 8, 9, 16, 0, 0, 0, 0, 6, 2, 6, 0, 0, 0, 8, 0, 0.8], [1, 0, 0, 0.31001096963882446, 0, 0, 8, 4, 11, 1, 0, 0, 0, 1, 2, 4, 0, 0, 0, 3, 0, 0.5], [0, 0, 0, 0.012030065059661865, 0, 0, 8, 4, 11, 0, 0, 0, 0, 2, 1, 6, 0, 0, 0, 3, 0, 0.75], [0, 0, 0, 0.011620640754699707, 0, 0, 7, 10, 16, 0, 0, 0, 0, 6, 2, 6, 0, 0, 0, 9, 0, 0.6666666666666666], [0, 0, 0, 0.06447803974151611, 0, 0, 8, 5, 12, 0, 0, 0, 0, 3, 1, 4, 0, 0, 0, 4, 0, 0.5], [0, 0, 0, 0.007276028394699097, 0, 0, 8, 4, 11, 0, 0, 0, 0, 2, 1, 4, 0, 0, 0, 3, 0, 0.7272727272727273], [0, 0, 0, 0.011089891195297241, 0, 0, 8, 3, 10, 0, 0, 0, 0, 1, 1, 2, 0, 0, 0, 2, 0, 0.3333333333333333], [0, 0, 0, 0.0483514666557312, 0, 0, 3, 13, 15, 1, 1, 1, 0, 3, 6, 2, 0, 0, 0, 12, 0, 0.75], [0, 0, 0, 0.03564983606338501, 0, 0, 8, 6, 13, 0, 0, 0, 0, 4, 1, 4, 0, 0, 0, 5, 0, 0.5], [0, 0, 0, 0.04016926884651184, 0, 0, 8, 4, 11, 0, 0, 0, 0, 2, 1, 3, 0, 0, 0, 3, 0, 0.5], [0, 0, 0, 0.012336641550064087, 0, 0, 8, 5, 12, 0, 0, 0, 0, 3, 1, 3, 0, 0, 0, 4, 0, 0.5], [1, 0, 1, 0.10814040899276733, 1, 0, 8, 13, 20, 1, 0, 1, 0, 6, 3, 4, 0, 0, 0, 12, 1, 0.75], [1, 0, 1, 0.19360095262527466, 0, 1, 6, 3, 8, 1, 0, 0, 0, 1, 1, 5, 0, 0, 0, 2, 0, 0.6666666666666666], [0, 0, 0, 0.0023613572120666504, 0, 0, 8, 5, 12, 0, 0, 0, 0, 3, 1, 4, 0, 0, 0, 4, 0, 0.5], [0, 0, 0, 0.05182218551635742, 0, 0, 8, 10, 17, 0, 0, 1, 0, 7, 2, 2, 0, 0, 0, 9, 0, 0.5], [1, 0, 1, 0.10814040899276733, 1, 0, 8, 13, 20, 1, 0, 1, 0, 7, 3, 4, 0, 0, 0, 12, 1, 0.75], [0, 0, 0, 0.012139648199081421, 0, 0, 8, 3, 10, 0, 0, 0, 0, 1, 1, 4, 0, 0, 0, 2, 0, 0.948051948051948], [0, 0, 0, 0.03251528739929199, 0, 0, 8, 3, 10, 0, 0, 0, 0, 1, 1, 3, 0, 0, 0, 2, 0, 0.8333333333333334], [1, 0, 0, 0.015447497367858887, 0, 1, 8, 8, 15, 1, 0, 1, 0, 2, 3, 6, 0, 0, 0, 7, 0, 0.6666666666666666], [0, 0, 0, 0.13081729412078857, 0, 0, 8, 3, 10, 0, 0, 0, 0, 1, 1, 2, 0, 0, 0, 2, 0, 0.75], [0, 0, 0, 0.04713967442512512, 0, 0, 8, 5, 12, 0, 0, 0, 0, 3, 1, 4, 0, 0, 0, 4, 0, 0.5], [1, 0, 1, 0.014226675033569336, 0, 0, 8, 5, 12, 1, 0, 1, 1, 3, 1, 5, 0, 0, 0, 4, 0, 0.8], [0, 0, 0, 0.03228205442428589, 0, 0, 8, 5, 12, 0, 0, 0, 0, 3, 1, 3, 0, 0, 0, 4, 0, 0.5], [0, 0, 0, 0.03512677550315857, 0, 0, 8, 5, 12, 0, 0, 0, 0, 3, 1, 4, 0, 0, 0, 4, 0, 0.5], [0, 0, 0, 0.00817418098449707, 0, 0, 8, 3, 10, 0, 0, 0, 0, 1, 1, 2, 0, 0, 0, 2, 0, 0.6666666666666666], [1, 0, 0, 0.006454944610595703, 0, 0, 6, 13, 18, 1, 0, 0, 0, 2, 7, 4, 0, 0, 0, 12, 0, 0.75], [1, 0, 0, 0.015447497367858887, 0, 1, 8, 8, 15, 1, 0, 1, 0, 2, 3, 6, 0, 0, 0, 7, 0, 0.6666666666666666], [0, 0, 0, 0.12054300308227539, 0, 0, 8, 4, 11, 0, 0, 0, 0, 2, 1, 6, 0, 0, 0, 3, 0, 0.6666666666666666], [0, 0, 0, 0.0490870475769043, 0, 0, 8, 3, 10, 0, 0, 0, 0, 1, 1, 2, 0, 0, 0, 2, 0, 0.5], [0, 0, 0, 0.016722440719604492, 0, 0, 8, 7, 14, 0, 0, 0, 0, 5, 1, 4, 0, 0, 0, 6, 0, 0.7272727272727273], [0, 0, 0, 0.18200159072875977, 0, 1, 8, 12, 19, 0, 0, 1, 0, 8, 3, 4, 0, 0, 0, 11, 0, 0.5], [0, 0, 0, 0.011385947465896606, 0, 0, 8, 13, 20, 0, 0, 0, 0, 11, 1, 1, 0, 0, 0, 12, 0, 0.09090909090909091], [0, 0, 0, 0.05699297785758972, 0, 0, 8, 6, 13, 0, 0, 0, 0, 4, 1, 3, 0, 0, 0, 5, 0, 0.5], [0, 0, 0, 0.00015670061111450195, 0, 0, 8, 3, 10, 0, 0, 0, 0, 1, 1, 4, 0, 0, 0, 2, 0, 0.5], [1, 0, 0, 0.12249124050140381, 0, 0, 6, 3, 8, 1, 0, 0, 0, 1, 1, 5, 0, 0, 0, 2, 0, 0.6666666666666666], [0, 0, 0, 0.010244667530059814, 0, 0, 8, 13, 20, 0, 0, 1, 1, 6, 4, 2, 0, 0, 0, 12, 0, 0.5], [0, 0, 1, 0.03643655776977539, 0, 0, 8, 13, 20, 0, 0, 1, 1, 2, 10, 3, 0, 0, 0, 12, 0, 0.5], [0, 0, 0, 0.22843381762504578, 0, 0, 8, 3, 10, 0, 0, 0, 0, 1, 1, 5, 0, 0, 0, 2, 0, 0.5], [0, 0, 0, 0.015939176082611084, 0, 0, 8, 3, 10, 0, 0, 0, 0, 1, 1, 5, 0, 0, 0, 2, 0, 0.75], [0, 0, 0, 0.004993468523025513, 0, 0, 8, 11, 18, 0, 0, 0, 0, 8, 2, 3, 0, 0, 0, 10, 0, 0.6666666666666666], [0, 0, 0, 0.017290085554122925, 0, 0, 8, 7, 14, 0, 0, 0, 0, 5, 1, 3, 0, 0, 0, 6, 0, 0.6666666666666666], [0, 0, 0, 0.0036475658416748047, 0, 0, 8, 3, 10, 0, 0, 0, 0, 1, 1, 4, 0, 0, 0, 2, 0, 0.5], [0, 0, 0, 0.06882548332214355, 0, 0, 8, 3, 10, 0, 0, 0, 0, 1, 1, 6, 0, 0, 0, 2, 0, 0.5], [0, 0, 0, 0.07299238443374634, 0, 0, 8, 7, 14, 0, 0, 0, 0, 5, 1, 1, 0, 0, 0, 6, 0, 0.6666666666666666], [0, 0, 0, 0.014658093452453613, 0, 0, 8, 13, 20, 0, 0, 1, 0, 7, 5, 2, 0, 0, 0, 12, 0, 0.5], [0, 0, 0, 0.07174783945083618, 0, 0, 8, 3, 10, 0, 0, 0, 0, 1, 1, 6, 0, 0, 0, 2, 0, 0.6666666666666666], [1, 0, 0, 0.007970809936523438, 0, 0, 6, 7, 12, 1, 0, 0, 0, 3, 3, 4, 0, 0, 0, 6, 0, 0.75], [0, 0, 0, 0.17859920859336853, 0, 0, 8, 3, 10, 0, 0, 0, 0, 1, 1, 4, 0, 0, 0, 2, 0, 0.6666666666666666], [0, 0, 0, 0.013135090470314026, 0, 0, 8, 3, 10, 0, 0, 0, 0, 1, 1, 3, 0, 0, 0, 2, 0, 0.5], [0, 0, 0, 0.13153469562530518, 0, 0, 8, 8, 15, 0, 0, 0, 0, 4, 2, 2, 0, 0, 0, 7, 0, 0.75], [1, 0, 0, 0.10434579849243164, 1, 0, 8, 6, 13, 1, 0, 1, 0, 4, 1, 5, 0, 0, 0, 5, 1, 0.5], [1, 0, 0, 2.0563602447509766e-05, 0, 1, 7, 4, 10, 1, 0, 0, 0, 1, 2, 6, 0, 0, 0, 3, 0, 0.6666666666666666], [0, 0, 0, 0.07658004760742188, 0, 0, 8, 7, 14, 0, 0, 0, 0, 5, 1, 4, 0, 0, 0, 6, 0, 0.5], [0, 0, 0, 0.05475303530693054, 0, 0, 8, 3, 10, 0, 0, 0, 0, 1, 1, 4, 0, 0, 0, 2, 0, 0.5], [0, 0, 0, 0.26309317350387573, 0, 0, 8, 5, 12, 0, 0, 0, 0, 2, 2, 3, 0, 0, 0, 4, 0, 0.8], [0, 0, 0, 0.08326596021652222, 0, 0, 8, 5, 12, 0, 0, 0, 0, 3, 1, 5, 0, 0, 0, 4, 0, 0.5], [1, 0, 0, 0.0729060173034668, 0, 0, 8, 4, 11, 1, 0, 0, 0, 2, 1, 4, 0, 0, 0, 3, 0, 0.5], [0, 0, 0, 0.10486596822738647, 0, 0, 8, 13, 20, 0, 0, 1, 0, 6, 4, 4, 0, 0, 0, 12, 0, 0.75], [0, 0, 1, 0.09180867671966553, 0, 0, 8, 13, 20, 0, 0, 1, 1, 11, 1, 1, 0, 0, 0, 12, 0, 0.6666666666666666], [1, 0, 1, 0.01767122745513916, 0, 0, 8, 10, 17, 1, 0, 1, 1, 6, 2, 1, 0, 0, 0, 9, 0, 0.15384615384615385], [1, 0, 0, 0.034057676792144775, 0, 0, 8, 3, 10, 1, 1, 0, 0, 1, 1, 2, 0, 0, 0, 2, 0, 0.5], [0, 0, 0, 0.026882946491241455, 0, 0, 8, 13, 20, 0, 0, 0, 0, 10, 2, 1, 0, 0, 0, 12, 0, 0.06451612903225806], [1, 0, 1, 0.0032411813735961914, 1, 0, 5, 7, 11, 1, 0, 1, 1, 3, 3, 3, 0, 0, 0, 6, 1, 0.875], [1, 0, 1, 0.03004896640777588, 1, 0, 8, 13, 20, 1, 0, 1, 1, 2, 9, 6, 0, 0, 0, 12, 1, 0.8571428571428571], [0, 0, 0, 0.008502840995788574, 0, 0, 8, 3, 10, 0, 0, 0, 0, 1, 1, 5, 0, 0, 0, 2, 0, 0.5], [0, 0, 0, 0.17397981882095337, 0, 0, 8, 3, 10, 0, 0, 0, 0, 1, 1, 4, 0, 0, 0, 2, 0, 0.5], [0, 0, 0, 0.10246396064758301, 0, 0, 8, 4, 11, 0, 0, 0, 0, 2, 1, 5, 0, 0, 0, 3, 0, 0.6666666666666666], [1, 0, 1, 0.012519121170043945, 1, 1, 8, 8, 15, 1, 0, 1, 1, 3, 4, 4, 0, 0, 0, 7, 1, 0.8333333333333334], [1, 0, 0, 0.004402101039886475, 0, 0, 8, 12, 19, 1, 0, 0, 0, 9, 2, 3, 0, 0, 0, 11, 0, 0.75], [1, 0, 1, 0.023125886917114258, 1, 0, 8, 9, 16, 1, 0, 1, 1, 3, 4, 4, 0, 0, 0, 8, 1, 0.8333333333333334], [0, 0, 0, 0.00020253658294677734, 0, 0, 8, 10, 17, 0, 0, 0, 0, 6, 2, 4, 0, 0, 0, 9, 0, 0.875], [1, 0, 0, 0.03713718056678772, 1, 0, 8, 5, 12, 1, 0, 1, 0, 3, 1, 6, 0, 0, 0, 4, 1, 0.6666666666666666], [0, 0, 0, 0.04330757260322571, 0, 0, 8, 3, 10, 0, 0, 0, 0, 1, 1, 4, 0, 0, 0, 2, 0, 0.5], [1, 0, 1, 0.04855179786682129, 1, 0, 8, 9, 16, 1, 0, 1, 1, 2, 6, 4, 0, 0, 0, 8, 1, 0.7777777777777778], [0, 0, 0, 0.03577852249145508, 0, 0, 8, 3, 10, 0, 0, 0, 0, 1, 1, 5, 0, 0, 0, 2, 0, 0.6], [0, 0, 0, 0.02087301015853882, 0, 0, 8, 3, 10, 0, 0, 0, 0, 1, 1, 6, 0, 0, 0, 2, 0, 0.5], [0, 0, 0, 0.05530393123626709, 0, 0, 8, 13, 20, 0, 0, 0, 0, 9, 2, 6, 0, 0, 0, 12, 0, 0.6666666666666666], [0, 0, 0, 0.04502597451210022, 0, 0, 8, 4, 11, 0, 0, 0, 0, 2, 1, 3, 0, 0, 0, 3, 0, 0.5], [0, 0, 0, 0.030850887298583984, 0, 0, 8, 13, 20, 0, 0, 0, 0, 7, 3, 1, 0, 0, 0, 12, 0, 0.6666666666666666], [0, 0, 0, 0.0, 0, 0, 8, 7, 14, 0, 0, 0, 0, 3, 2, 3, 0, 0, 0, 6, 0, 0.5], [0, 0, 0, 0.28665900230407715, 0, 0, 8, 3, 10, 0, 0, 0, 0, 1, 1, 4, 0, 0, 0, 2, 0, 0.5], [1, 0, 1, 0.19360095262527466, 0, 1, 6, 3, 8, 1, 0, 0, 0, 1, 1, 5, 0, 0, 0, 2, 0, 0.6666666666666666], [0, 0, 0, 0.14469340443611145, 0, 0, 8, 3, 10, 0, 0, 0, 0, 1, 1, 4, 0, 0, 0, 2, 0, 0.6666666666666666], [1, 0, 1, 0.0010802745819091797, 1, 0, 8, 8, 15, 1, 0, 1, 1, 2, 5, 6, 0, 0, 0, 7, 1, 0.8666666666666667], [0, 0, 0, 0.03251528739929199, 0, 0, 8, 3, 10, 0, 0, 0, 0, 1, 1, 3, 0, 0, 0, 2, 0, 0.8333333333333334], [1, 0, 0, 0.0448872447013855, 1, 0, 8, 6, 13, 1, 0, 1, 0, 2, 3, 5, 0, 0, 0, 5, 0, 0.6666666666666666], [0, 0, 0, 0.1397441029548645, 0, 0, 8, 5, 12, 0, 0, 0, 0, 2, 2, 6, 0, 0, 0, 4, 0, 0.6666666666666666], [1, 0, 0, 0.0, 0, 0, 6, 4, 9, 1, 0, 0, 0, 2, 1, 5, 0, 0, 0, 3, 0, 0.6666666666666666], [0, 0, 0, 0.17763066291809082, 0, 0, 8, 3, 10, 0, 0, 0, 0, 1, 1, 5, 0, 0, 0, 2, 0, 0.75], [0, 0, 0, 0.20082253217697144, 0, 0, 8, 3, 10, 0, 0, 0, 0, 1, 1, 5, 0, 0, 0, 2, 0, 0.6666666666666666], [1, 0, 1, 0.06721222400665283, 0, 0, 8, 6, 13, 1, 0, 1, 1, 3, 2, 5, 0, 0, 0, 5, 0, 0.5], [1, 0, 1, 0.02718883752822876, 1, 0, 8, 13, 20, 1, 0, 1, 1, 6, 5, 1, 0, 0, 0, 12, 1, 0.75], [0, 0, 0, 0.098456472158432, 0, 0, 8, 5, 12, 0, 0, 0, 0, 3, 1, 3, 0, 0, 0, 4, 0, 0.5], [0, 0, 0, 0.03572803735733032, 0, 0, 8, 5, 12, 0, 0, 0, 0, 3, 1, 2, 0, 0, 0, 4, 0, 0.5], [1, 0, 1, 0.006595134735107422, 1, 0, 7, 9, 15, 1, 0, 1, 1, 2, 6, 5, 0, 0, 0, 8, 1, 0.9], [0, 0, 0, 0.05222782492637634, 0, 0, 8, 13, 20, 0, 0, 0, 0, 11, 1, 1, 0, 0, 0, 12, 0, 0.5], [0, 0, 0, 0.06305664777755737, 0, 0, 8, 13, 20, 0, 0, 0, 0, 7, 5, 6, 0, 0, 0, 12, 0, 0.6666666666666666], [1, 0, 1, 0.009909629821777344, 1, 0, 8, 13, 20, 1, 0, 1, 1, 4, 7, 5, 0, 0, 0, 12, 1, 0.8333333333333334], [0, 0, 0, 0.025240540504455566, 0, 0, 8, 4, 11, 0, 0, 0, 0, 2, 1, 4, 0, 0, 0, 3, 0, 0.6666666666666666], [0, 0, 0, 0.21019238233566284, 0, 0, 8, 3, 10, 0, 0, 0, 0, 1, 1, 5, 0, 0, 0, 2, 0, 0.6666666666666666], [0, 0, 0, 0.0018323659896850586, 0, 0, 8, 3, 10, 0, 0, 0, 0, 1, 1, 6, 0, 0, 0, 2, 0, 0.8666666666666667], [1, 0, 0, 0.05065101385116577, 0, 0, 8, 13, 20, 1, 0, 1, 0, 6, 3, 2, 0, 0, 0, 12, 1, 0.5], [1, 0, 0, 0.0920225977897644, 0, 0, 8, 13, 20, 1, 1, 0, 0, 11, 1, 4, 0, 0, 0, 12, 0, 0.75], [1, 0, 1, 0.010055243968963623, 1, 1, 8, 3, 10, 1, 0, 0, 0, 1, 1, 5, 0, 0, 0, 2, 1, 0.5], [0, 0, 0, 0.19086390733718872, 0, 0, 8, 5, 12, 0, 0, 0, 0, 3, 1, 2, 0, 0, 0, 4, 0, 0.5], [1, 0, 1, 0.10358935594558716, 1, 0, 3, 4, 6, 1, 0, 1, 1, 2, 1, 2, 0, 0, 0, 3, 1, 0.6666666666666666], [1, 0, 1, 0.07821667194366455, 1, 0, 8, 11, 18, 1, 1, 1, 1, 2, 8, 6, 0, 0, 0, 10, 1, 0.8], [0, 0, 0, 0.2109082043170929, 0, 0, 8, 4, 11, 0, 0, 0, 0, 1, 2, 3, 0, 0, 0, 3, 0, 0.5], [1, 0, 0, 0.05978435277938843, 1, 0, 8, 8, 15, 1, 0, 1, 0, 5, 2, 2, 0, 0, 0, 7, 1, 0.6666666666666666], [1, 0, 1, 0.035373032093048096, 1, 0, 8, 13, 20, 1, 0, 1, 1, 9, 3, 2, 0, 0, 0, 12, 1, 0.6666666666666666], [0, 0, 0, 0.19764596223831177, 0, 0, 8, 3, 10, 0, 0, 0, 0, 1, 1, 4, 0, 0, 0, 2, 0, 0.75], [0, 0, 0, 0.1434783935546875, 0, 0, 8, 4, 11, 0, 0, 0, 0, 2, 1, 5, 0, 0, 0, 3, 0, 0.5], [0, 0, 0, 0.0240955650806427, 0, 0, 8, 5, 12, 0, 0, 1, 1, 3, 1, 4, 0, 0, 0, 4, 0, 0.6666666666666666], [0, 0, 0, 0.041242778301239014, 0, 0, 8, 7, 14, 0, 0, 0, 0, 5, 1, 4, 0, 0, 0, 6, 0, 0.5], [1, 0, 0, 0.00023120641708374023, 0, 0, 8, 7, 14, 1, 0, 0, 0, 3, 3, 2, 0, 0, 0, 6, 0, 0.8333333333333334], [1, 0, 1, 0.05385899543762207, 1, 0, 8, 7, 14, 1, 0, 1, 1, 2, 4, 3, 0, 0, 0, 6, 1, 0.75], [1, 0, 0, 0.2846561074256897, 0, 0, 8, 3, 10, 1, 0, 0, 0, 1, 1, 6, 0, 0, 0, 2, 0, 0.6666666666666666], [0, 0, 0, 0.07032430171966553, 0, 0, 8, 13, 20, 0, 0, 0, 0, 11, 1, 1, 0, 0, 0, 12, 0, 0.16666666666666666], [0, 0, 0, 0.0, 0, 0, 8, 3, 10, 0, 0, 0, 0, 1, 1, 4, 0, 0, 0, 2, 0, 0.5], [0, 0, 0, 0.024222195148468018, 0, 0, 8, 13, 20, 0, 0, 0, 0, 11, 1, 5, 0, 0, 0, 12, 0, 0.75], [1, 0, 0, 0.02351224422454834, 0, 1, 8, 12, 19, 1, 0, 0, 0, 7, 3, 4, 0, 0, 0, 11, 0, 0.5], [0, 0, 0, 0.03108382225036621, 0, 0, 8, 6, 13, 0, 0, 0, 0, 4, 1, 5, 0, 0, 0, 5, 0, 0.5], [0, 0, 0, 0.3175068497657776, 0, 0, 8, 3, 10, 0, 0, 0, 0, 1, 1, 4, 0, 0, 0, 2, 0, 0.6666666666666666], [0, 0, 0, 0.01429012417793274, 0, 0, 8, 9, 16, 0, 0, 0, 0, 7, 1, 3, 0, 0, 0, 8, 0, 0.75], [0, 0, 0, 0.2681838274002075, 0, 0, 8, 3, 10, 0, 0, 0, 0, 1, 1, 3, 0, 0, 0, 2, 0, 0.6666666666666666], [1, 0, 1, 0.005637526512145996, 1, 0, 6, 13, 18, 1, 1, 1, 1, 2, 9, 5, 0, 0, 0, 12, 1, 0.9], [0, 0, 0, 0.1077614426612854, 0, 0, 8, 4, 11, 0, 0, 0, 0, 2, 1, 4, 0, 0, 0, 3, 0, 0.75], [1, 0, 0, 0.03190767765045166, 1, 0, 8, 4, 11, 1, 0, 1, 0, 2, 1, 6, 0, 0, 0, 3, 1, 0.8666666666666667], [1, 0, 0, 0.018154919147491455, 1, 0, 8, 13, 20, 1, 0, 0, 0, 9, 2, 1, 0, 0, 0, 12, 1, 0.6666666666666666], [0, 0, 0, 0.014402389526367188, 0, 0, 8, 10, 17, 0, 0, 0, 0, 6, 3, 5, 0, 0, 0, 9, 0, 0.8333333333333334], [1, 0, 0, 0.06677550077438354, 0, 0, 8, 12, 19, 1, 0, 0, 0, 9, 2, 2, 0, 0, 0, 11, 0, 0.5], [1, 0, 0, 2.0563602447509766e-05, 0, 1, 7, 4, 10, 1, 0, 0, 0, 1, 2, 6, 0, 0, 0, 3, 0, 0.6666666666666666], [1, 0, 0, 0.09136152267456055, 0, 0, 8, 6, 13, 1, 0, 1, 0, 3, 2, 4, 0, 0, 0, 5, 0, 0.5], [0, 0, 0, 0.010888099670410156, 0, 0, 8, 13, 20, 0, 0, 0, 0, 8, 2, 5, 0, 0, 0, 12, 0, 0.5], [1, 0, 1, 0.1321987509727478, 1, 1, 8, 12, 19, 1, 0, 1, 1, 4, 4, 5, 0, 0, 0, 11, 1, 0.6666666666666666], [0, 0, 0, 0.08082392811775208, 0, 0, 8, 7, 14, 0, 0, 0, 0, 5, 1, 4, 0, 0, 0, 6, 0, 0.5], [0, 0, 0, 0.005869150161743164, 0, 0, 8, 3, 10, 0, 0, 0, 0, 1, 1, 6, 0, 0, 0, 2, 0, 0.75], [0, 0, 0, 0.01925349235534668, 0, 0, 8, 4, 11, 0, 0, 0, 0, 2, 1, 7, 0, 0, 0, 3, 0, 0.9], [1, 0, 1, 0.001540064811706543, 1, 0, 7, 6, 12, 1, 0, 1, 1, 2, 3, 5, 0, 0, 0, 5, 1, 0.9], [0, 0, 0, 0.038237571716308594, 0, 0, 8, 5, 12, 0, 0, 0, 0, 2, 2, 3, 0, 0, 0, 4, 0, 0.875], [1, 0, 0, 0.06199324131011963, 0, 0, 8, 13, 20, 1, 0, 1, 0, 10, 2, 6, 0, 0, 0, 12, 0, 0.6666666666666666], [0, 0, 0, 0.023100942373275757, 0, 0, 8, 13, 20, 0, 0, 0, 0, 11, 1, 1, 0, 0, 0, 12, 0, 0.09090909090909091], [1, 0, 1, 0.25732457637786865, 0, 0, 8, 5, 12, 1, 0, 1, 1, 2, 2, 6, 0, 0, 0, 4, 0, 0.5], [0, 0, 0, 0.12705594301223755, 0, 1, 8, 6, 13, 0, 0, 0, 0, 1, 4, 6, 0, 0, 0, 5, 0, 0.7272727272727273], [0, 0, 0, 0.03446298837661743, 0, 0, 8, 4, 11, 0, 0, 0, 0, 2, 1, 5, 0, 0, 0, 3, 0, 0.6666666666666666], [1, 0, 1, 0.036253929138183594, 1, 0, 8, 7, 14, 1, 0, 1, 1, 3, 3, 6, 0, 0, 0, 6, 1, 0.8], [1, 0, 0, 0.049119532108306885, 1, 0, 6, 4, 9, 1, 1, 1, 0, 2, 1, 5, 0, 0, 0, 3, 0, 0.8666666666666667], [0, 0, 0, 0.030742883682250977, 0, 0, 8, 3, 10, 0, 0, 0, 0, 1, 1, 5, 0, 0, 0, 2, 0, 0.5], [1, 0, 1, 0.10671937465667725, 1, 1, 8, 3, 10, 1, 0, 0, 0, 1, 1, 4, 0, 0, 0, 2, 1, 0.5], [0, 0, 0, 0.02508336305618286, 0, 0, 8, 9, 16, 0, 0, 0, 0, 6, 2, 6, 0, 0, 0, 8, 0, 0.5], [1, 0, 0, 0.07383662462234497, 0, 0, 8, 13, 20, 1, 0, 0, 0, 10, 2, 1, 0, 0, 0, 12, 0, 0.6666666666666666], [1, 0, 0, 0.0002643465995788574, 0, 0, 8, 13, 20, 1, 0, 1, 0, 3, 7, 4, 0, 0, 0, 12, 0, 0.75], [0, 0, 0, 0.10055738687515259, 0, 0, 8, 4, 11, 0, 0, 0, 0, 2, 1, 5, 0, 0, 0, 3, 0, 0.6666666666666666], [1, 0, 1, 0.11863422393798828, 1, 0, 8, 6, 13, 1, 0, 1, 1, 2, 3, 4, 0, 0, 0, 5, 1, 0.6666666666666666], [0, 0, 0, 0.019205540418624878, 0, 0, 8, 13, 20, 0, 0, 0, 0, 11, 1, 1, 0, 0, 0, 12, 0, 0.09090909090909091], [0, 0, 1, 0.12369838356971741, 0, 0, 8, 5, 12, 0, 0, 1, 1, 3, 1, 3, 0, 0, 0, 4, 0, 0.7272727272727273], [1, 0, 0, 0.030025243759155273, 0, 0, 8, 4, 11, 1, 0, 0, 0, 1, 2, 5, 0, 0, 0, 3, 0, 0.5], [0, 0, 0, 0.2530839443206787, 0, 0, 8, 3, 10, 0, 0, 0, 0, 1, 1, 5, 0, 0, 0, 2, 0, 0.6666666666666666], [0, 0, 0, 0.06323486566543579, 0, 0, 8, 3, 10, 0, 0, 0, 0, 1, 1, 7, 0, 0, 0, 2, 0, 0.75], [1, 0, 1, 0.3418259918689728, 1, 0, 8, 6, 13, 1, 0, 1, 1, 2, 3, 4, 0, 0, 0, 5, 1, 0.5], [0, 0, 0, 0.03577852249145508, 0, 0, 8, 3, 10, 0, 0, 0, 0, 1, 1, 5, 0, 0, 0, 2, 0, 0.6], [1, 0, 0, 0.029416024684906006, 0, 0, 8, 3, 10, 1, 1, 0, 0, 1, 1, 4, 0, 0, 0, 2, 0, 0.8], [0, 0, 0, 0.017557859420776367, 0, 0, 8, 3, 10, 0, 0, 0, 0, 1, 1, 4, 0, 0, 0, 2, 0, 0.5], [0, 0, 0, 0.046015381813049316, 0, 0, 8, 11, 18, 0, 0, 0, 0, 4, 6, 4, 0, 0, 0, 10, 0, 0.6666666666666666], [0, 0, 0, 0.012378334999084473, 0, 0, 8, 9, 16, 0, 0, 0, 0, 6, 2, 1, 0, 0, 0, 8, 0, 0.5], [0, 0, 0, 0.009887248277664185, 0, 0, 8, 6, 13, 0, 0, 0, 0, 4, 1, 1, 0, 0, 0, 5, 0, 0.125], [0, 0, 0, 0.21755236387252808, 0, 0, 8, 4, 11, 0, 0, 0, 0, 1, 2, 7, 0, 0, 0, 3, 0, 0.75], [0, 0, 0, 0.03740936517715454, 0, 0, 8, 5, 12, 0, 0, 0, 0, 3, 1, 4, 0, 0, 0, 4, 0, 0.5], [1, 0, 1, 0.0, 0, 1, 8, 3, 10, 1, 0, 0, 0, 1, 1, 5, 0, 0, 0, 2, 0, 0.9], [1, 0, 0, 0.0, 0, 0, 8, 13, 20, 1, 0, 1, 0, 11, 1, 3, 0, 0, 0, 12, 0, 0.8333333333333334], [0, 0, 0, 0.03860747814178467, 0, 0, 4, 3, 6, 0, 0, 0, 0, 1, 1, 2, 0, 0, 0, 2, 0, 0.75], [0, 0, 0, 1.4066696166992188e-05, 0, 0, 8, 3, 10, 0, 0, 0, 0, 1, 1, 4, 0, 0, 0, 2, 0, 0.8], [0, 0, 0, 0.03834497928619385, 0, 0, 8, 4, 11, 0, 0, 0, 0, 2, 1, 5, 0, 0, 0, 3, 0, 0.75], [1, 0, 0, 0.0, 0, 0, 8, 13, 20, 1, 0, 0, 0, 9, 3, 3, 0, 0, 0, 12, 0, 0.8333333333333334], [1, 0, 0, 0.01663792133331299, 0, 0, 8, 13, 20, 1, 0, 1, 0, 5, 7, 1, 0, 0, 0, 12, 0, 0.75], [0, 0, 0, 0.42055898904800415, 0, 0, 8, 3, 10, 0, 0, 0, 0, 1, 1, 3, 0, 0, 0, 2, 0, 0.6666666666666666], [0, 0, 1, 0.007597029209136963, 0, 0, 8, 8, 15, 0, 0, 1, 1, 2, 5, 1, 0, 0, 0, 7, 0, 0.6666666666666666], [0, 0, 0, 0.006722629070281982, 0, 0, 8, 3, 10, 0, 0, 0, 0, 1, 1, 5, 0, 0, 0, 2, 0, 0.5], [0, 0, 0, 0.2918168902397156, 0, 0, 8, 3, 10, 0, 0, 0, 0, 1, 1, 2, 0, 0, 0, 2, 0, 0.5], [1, 0, 0, 0.0072789788246154785, 0, 0, 8, 13, 20, 1, 0, 1, 0, 5, 3, 2, 0, 0, 0, 12, 1, 0.5], [0, 0, 0, 0.05047708749771118, 0, 0, 8, 4, 11, 0, 0, 0, 0, 2, 1, 4, 0, 0, 0, 3, 0, 0.75], [0, 0, 0, 0.042399466037750244, 0, 0, 8, 3, 10, 0, 0, 0, 0, 1, 1, 4, 0, 0, 0, 2, 0, 0.6666666666666666], [0, 0, 0, 0.17584574222564697, 0, 0, 8, 3, 10, 0, 0, 0, 0, 1, 1, 5, 0, 0, 0, 2, 0, 0.6666666666666666], [0, 0, 0, 0.010091304779052734, 0, 0, 8, 3, 10, 0, 0, 0, 0, 1, 1, 4, 0, 0, 0, 2, 0, 0.5], [0, 0, 0, 0.1073407232761383, 0, 0, 8, 7, 14, 0, 0, 0, 0, 5, 1, 4, 0, 0, 0, 6, 0, 0.6666666666666666], [0, 0, 0, 0.1756383776664734, 0, 0, 8, 3, 10, 0, 0, 0, 0, 1, 1, 3, 0, 0, 0, 2, 0, 0.7142857142857143], [1, 0, 1, 0.05385899543762207, 1, 0, 8, 7, 14, 1, 0, 1, 1, 2, 4, 3, 0, 0, 0, 6, 1, 0.75], [0, 0, 0, 0.00168687105178833, 0, 0, 8, 5, 12, 0, 0, 0, 0, 3, 1, 4, 0, 0, 0, 4, 0, 0.5], [1, 0, 0, 0.0, 1, 0, 7, 5, 11, 1, 0, 1, 0, 2, 2, 5, 0, 0, 0, 4, 0, 0.6666666666666666], [0, 0, 0, 0.13422608375549316, 0, 0, 8, 6, 13, 0, 0, 0, 0, 4, 1, 1, 0, 0, 0, 5, 0, 0.75], [1, 0, 0, 0.0380721390247345, 0, 0, 8, 5, 12, 1, 0, 1, 0, 3, 1, 2, 0, 0, 0, 4, 0, 0.5], [0, 0, 0, 0.16594868898391724, 0, 0, 8, 3, 10, 0, 0, 0, 0, 1, 1, 2, 0, 0, 0, 2, 0, 0.5], [1, 0, 0, 0.0439833402633667, 0, 0, 8, 3, 10, 1, 0, 0, 0, 1, 1, 6, 0, 0, 0, 2, 0, 0.875], [0, 0, 0, 0.017320573329925537, 0, 0, 8, 4, 11, 0, 0, 0, 0, 1, 2, 5, 0, 0, 0, 3, 0, 0.5], [0, 0, 1, 0.03643655776977539, 0, 0, 8, 13, 20, 0, 0, 1, 1, 1, 11, 3, 0, 0, 0, 12, 0, 0.5], [0, 0, 0, 0.05373573303222656, 0, 0, 8, 5, 12, 0, 0, 0, 0, 3, 1, 4, 0, 0, 0, 4, 0, 0.5714285714285714], [1, 0, 0, 0.04961812496185303, 0, 0, 8, 10, 17, 1, 0, 1, 0, 6, 3, 6, 0, 0, 0, 9, 0, 0.75], [1, 0, 0, 0.0491408109664917, 0, 0, 5, 8, 12, 1, 0, 1, 0, 2, 4, 4, 0, 0, 0, 7, 1, 0.6666666666666666], [0, 0, 0, 0.06962129473686218, 0, 0, 8, 10, 17, 0, 0, 0, 0, 7, 2, 4, 0, 0, 0, 9, 0, 0.5], [1, 0, 0, 0.0029164552688598633, 0, 0, 8, 3, 10, 1, 0, 0, 0, 1, 1, 6, 0, 0, 0, 2, 0, 0.6666666666666666], [0, 0, 0, 0.1524987518787384, 0, 0, 8, 3, 10, 0, 0, 0, 0, 1, 1, 2, 0, 0, 0, 2, 0, 0.5], [0, 0, 0, 0.016625940799713135, 0, 0, 8, 13, 20, 0, 0, 0, 0, 5, 5, 2, 0, 0, 0, 12, 0, 0.75], [1, 0, 0, 0.09100425243377686, 0, 0, 8, 3, 10, 1, 0, 0, 0, 1, 1, 3, 0, 0, 0, 2, 0, 0.5], [1, 0, 0, 0.035266220569610596, 0, 0, 8, 13, 20, 1, 0, 0, 0, 11, 1, 5, 0, 0, 0, 12, 0, 0.75], [0, 0, 0, 0.01488843560218811, 0, 0, 8, 3, 10, 0, 0, 0, 0, 1, 1, 4, 0, 0, 0, 2, 0, 0.5], [0, 0, 0, 0.04727122187614441, 0, 0, 8, 13, 20, 0, 0, 0, 0, 11, 1, 1, 0, 0, 0, 12, 0, 0.5], [0, 0, 0, 0.04427725076675415, 0, 0, 8, 5, 12, 0, 0, 0, 0, 2, 2, 6, 0, 0, 0, 4, 0, 0.6666666666666666], [1, 0, 0, 0.014926552772521973, 0, 0, 8, 13, 20, 1, 0, 0, 0, 10, 2, 1, 0, 0, 0, 12, 0, 0.6666666666666666], [1, 0, 0, 0.002916395664215088, 0, 0, 8, 3, 10, 1, 0, 0, 0, 1, 1, 5, 0, 0, 0, 2, 0, 0.6666666666666666], [0, 0, 0, 0.12682056427001953, 0, 0, 8, 3, 10, 0, 0, 0, 0, 1, 1, 4, 0, 0, 0, 2, 0, 0.5], [0, 0, 0, 0.16777175664901733, 0, 0, 8, 3, 10, 0, 0, 0, 0, 1, 1, 4, 0, 0, 0, 2, 0, 0.5], [1, 0, 0, 0.016375064849853516, 0, 0, 8, 5, 12, 1, 0, 0, 0, 3, 1, 4, 0, 0, 0, 4, 0, 0.75], [0, 0, 0, 0.03893202543258667, 0, 0, 8, 3, 10, 0, 0, 0, 0, 1, 1, 5, 0, 0, 0, 2, 0, 0.75], [0, 0, 0, 0.016147851943969727, 0, 0, 8, 13, 20, 0, 0, 0, 0, 10, 2, 2, 0, 0, 0, 12, 0, 0.5], [0, 0, 0, 0.11581563949584961, 0, 0, 8, 4, 11, 0, 0, 0, 0, 2, 1, 1, 0, 0, 0, 3, 0, 0.5], [0, 0, 0, 0.043269455432891846, 0, 0, 8, 13, 20, 0, 0, 0, 0, 10, 2, 1, 0, 0, 0, 12, 0, 0.5], [1, 0, 1, 0.03259086608886719, 1, 0, 8, 10, 17, 1, 0, 1, 1, 5, 4, 6, 0, 0, 0, 9, 1, 0.8666666666666667], [0, 0, 0, 0.12325805425643921, 0, 0, 8, 6, 13, 0, 0, 0, 0, 3, 2, 6, 0, 0, 0, 5, 0, 0.75], [0, 0, 0, 0.016744688153266907, 0, 0, 8, 3, 10, 0, 0, 0, 0, 1, 1, 2, 0, 0, 0, 2, 0, 0.5], [0, 0, 0, 0.22007250785827637, 0, 0, 8, 5, 12, 0, 0, 0, 0, 3, 1, 4, 0, 0, 0, 4, 0, 0.8333333333333334], [1, 0, 1, 0.003922164440155029, 0, 0, 8, 4, 11, 1, 0, 1, 1, 2, 1, 5, 0, 0, 0, 3, 0, 0.6666666666666666], [1, 0, 0, 0.012052774429321289, 1, 0, 8, 13, 20, 1, 0, 1, 0, 10, 2, 1, 0, 0, 0, 12, 1, 0.5], [0, 0, 0, 0.022984236478805542, 0, 0, 8, 13, 20, 0, 0, 1, 0, 11, 1, 1, 0, 0, 0, 12, 0, 0.09090909090909091], [1, 0, 0, 0.02961277961730957, 0, 0, 8, 4, 11, 1, 0, 1, 0, 2, 1, 6, 0, 0, 0, 3, 0, 0.8], [0, 0, 0, 0.01931995153427124, 0, 0, 8, 13, 20, 0, 0, 0, 0, 11, 1, 1, 0, 0, 0, 12, 0, 0.09090909090909091], [0, 0, 0, 0.09421777725219727, 0, 0, 8, 13, 20, 0, 0, 0, 0, 10, 2, 1, 0, 0, 0, 12, 0, 0.6666666666666666], [0, 0, 0, 0.030820131301879883, 0, 0, 8, 8, 15, 0, 0, 0, 0, 5, 2, 4, 0, 0, 0, 7, 0, 0.7272727272727273], [1, 0, 1, 0.0277518630027771, 1, 0, 8, 13, 20, 1, 0, 1, 1, 7, 4, 4, 0, 0, 0, 12, 1, 0.5], [0, 0, 0, 0.1278260350227356, 0, 0, 8, 3, 10, 0, 0, 0, 0, 1, 1, 2, 0, 0, 0, 2, 0, 0.3333333333333333], [1, 0, 1, 0.019177734851837158, 1, 0, 8, 7, 14, 1, 0, 1, 1, 2, 4, 6, 0, 0, 0, 6, 1, 0.8666666666666667], [0, 0, 0, 0.17695921659469604, 0, 0, 8, 3, 10, 0, 0, 0, 0, 1, 1, 6, 0, 0, 0, 2, 0, 0.6666666666666666], [1, 0, 0, 0.015644431114196777, 0, 0, 8, 6, 13, 1, 0, 1, 0, 3, 2, 4, 0, 0, 0, 5, 0, 0.75], [0, 0, 0, 0.0071755051612854, 0, 0, 8, 13, 20, 0, 0, 0, 0, 5, 4, 2, 0, 0, 0, 12, 0, 0.5], [0, 0, 0, 0.037946879863739014, 0, 0, 8, 13, 20, 0, 0, 0, 0, 10, 2, 2, 0, 0, 0, 12, 0, 0.5714285714285714], [0, 0, 0, 0.004368722438812256, 0, 0, 8, 13, 20, 0, 0, 0, 0, 6, 4, 2, 0, 0, 0, 12, 0, 0.75], [1, 0, 0, 0.018840670585632324, 0, 0, 4, 3, 6, 1, 0, 0, 0, 1, 1, 3, 0, 0, 0, 2, 0, 0.75], [0, 0, 0, 0.04156649112701416, 0, 0, 8, 10, 17, 0, 0, 0, 0, 2, 7, 3, 0, 0, 0, 9, 0, 0.875], [0, 0, 0, 0.014575600624084473, 0, 0, 8, 13, 20, 0, 0, 0, 0, 6, 4, 2, 0, 0, 0, 12, 0, 0.5], [1, 0, 0, 0.007250070571899414, 0, 0, 3, 3, 5, 1, 0, 0, 0, 1, 1, 2, 0, 0, 0, 2, 0, 0.6666666666666666], [0, 0, 0, 0.04778432846069336, 0, 0, 8, 6, 13, 0, 0, 0, 0, 4, 1, 3, 0, 0, 0, 5, 0, 0.6666666666666666], [1, 0, 0, 0.035266220569610596, 0, 0, 8, 13, 20, 1, 0, 0, 0, 10, 2, 5, 0, 0, 0, 12, 0, 0.75], [0, 0, 0, 0.0346449613571167, 0, 0, 8, 3, 10, 0, 0, 0, 0, 1, 1, 4, 0, 0, 0, 2, 0, 0.7272727272727273], [1, 0, 0, 0.05591845512390137, 0, 0, 7, 3, 9, 1, 0, 0, 0, 1, 1, 6, 0, 0, 0, 2, 0, 0.6666666666666666], [0, 0, 0, 0.0015175938606262207, 0, 0, 8, 8, 15, 0, 0, 0, 0, 4, 3, 3, 0, 0, 0, 7, 0, 0.875], [0, 0, 0, 0.012608528137207031, 0, 0, 8, 13, 20, 0, 0, 1, 0, 6, 6, 1, 0, 0, 0, 12, 0, 0.75], [0, 0, 0, 0.09942960739135742, 0, 0, 8, 5, 12, 0, 0, 0, 0, 3, 1, 5, 0, 0, 0, 4, 0, 0.75], [0, 0, 0, 0.1380610466003418, 0, 0, 8, 3, 10, 0, 0, 0, 0, 1, 1, 6, 0, 0, 0, 2, 0, 0.6666666666666666], [1, 0, 0, 0.07733690738677979, 1, 0, 8, 5, 12, 1, 0, 1, 0, 3, 1, 3, 0, 0, 0, 4, 1, 0.6666666666666666], [1, 0, 1, 0.012983143329620361, 1, 1, 8, 12, 19, 1, 0, 1, 1, 5, 5, 4, 0, 0, 0, 11, 1, 0.875], [1, 0, 1, 0.41074419021606445, 1, 1, 8, 3, 10, 1, 0, 0, 0, 1, 1, 4, 0, 0, 0, 2, 1, 0.6], [0, 0, 0, 0.009028732776641846, 0, 0, 8, 3, 10, 0, 0, 0, 0, 1, 1, 3, 0, 0, 0, 2, 0, 0.8333333333333334], [1, 0, 1, 0.009909629821777344, 1, 0, 8, 13, 20, 1, 0, 1, 1, 2, 10, 5, 0, 0, 0, 12, 1, 0.8333333333333334], [0, 0, 0, 0.06607973575592041, 0, 0, 8, 3, 10, 0, 0, 0, 0, 1, 1, 6, 0, 0, 0, 2, 0, 0.5], [0, 0, 0, 0.015129685401916504, 0, 0, 8, 11, 18, 0, 0, 0, 0, 7, 2, 5, 0, 0, 0, 10, 0, 0.75], [0, 0, 0, 0.007318019866943359, 0, 0, 8, 13, 20, 0, 0, 0, 0, 10, 2, 1, 0, 0, 0, 12, 0, 0.5], [0, 0, 0, 0.25990521907806396, 0, 0, 8, 3, 10, 0, 0, 0, 0, 1, 1, 5, 0, 0, 0, 2, 0, 0.9], [0, 0, 0, 0.04245606064796448, 0, 0, 8, 3, 10, 0, 0, 0, 0, 1, 1, 3, 0, 0, 0, 2, 0, 0.5], [0, 0, 0, 0.031286001205444336, 0, 0, 8, 13, 20, 0, 0, 0, 0, 9, 2, 6, 0, 0, 0, 12, 0, 0.6666666666666666], [1, 0, 0, 0.03706076741218567, 0, 0, 8, 6, 13, 1, 0, 1, 0, 4, 1, 4, 0, 0, 0, 5, 0, 0.6666666666666666], [0, 0, 1, 0.0, 0, 0, 8, 5, 12, 0, 0, 1, 1, 3, 1, 5, 0, 0, 0, 4, 0, 0.8333333333333334], [0, 0, 1, 0.03643655776977539, 0, 0, 8, 13, 20, 0, 0, 1, 1, 1, 11, 3, 0, 0, 0, 12, 0, 0.5], [0, 0, 0, 0.0029516220092773438, 0, 0, 8, 3, 10, 0, 0, 0, 0, 1, 1, 7, 0, 0, 0, 2, 0, 0.5], [0, 0, 0, 0.02623438835144043, 0, 0, 8, 3, 10, 0, 0, 0, 0, 1, 1, 6, 0, 0, 0, 2, 0, 0.5], [0, 0, 0, 0.034424781799316406, 0, 0, 8, 4, 11, 0, 0, 0, 0, 2, 1, 6, 0, 0, 0, 3, 0, 0.6666666666666666], [1, 0, 0, 0.013229727745056152, 0, 0, 8, 3, 10, 1, 0, 0, 0, 1, 1, 4, 0, 0, 0, 2, 0, 0.75], [1, 0, 1, 0.02718883752822876, 1, 0, 8, 13, 20, 1, 0, 1, 1, 7, 4, 1, 0, 0, 0, 12, 1, 0.75], [0, 0, 0, 0.15942132472991943, 0, 0, 8, 12, 19, 0, 0, 0, 0, 9, 2, 4, 0, 0, 0, 11, 0, 0.5], [1, 0, 0, 0.0002643465995788574, 0, 0, 8, 13, 20, 1, 0, 1, 0, 3, 8, 4, 0, 0, 0, 12, 0, 0.75], [0, 0, 0, 0.1540270745754242, 0, 0, 8, 3, 10, 0, 0, 0, 0, 1, 1, 4, 0, 0, 0, 2, 0, 0.5], [0, 0, 0, 0.04592937231063843, 0, 0, 8, 13, 20, 0, 0, 1, 0, 7, 3, 3, 0, 0, 0, 12, 0, 0.75], [1, 0, 0, 0.14844077825546265, 0, 0, 8, 4, 11, 1, 0, 0, 0, 2, 1, 4, 0, 0, 0, 3, 0, 0.5], [1, 0, 0, 0.0012449026107788086, 0, 0, 8, 10, 17, 1, 0, 0, 0, 4, 5, 6, 0, 0, 0, 9, 0, 0.8666666666666667], [1, 0, 1, 0.05765587091445923, 1, 0, 8, 6, 13, 1, 0, 1, 1, 2, 3, 5, 0, 0, 0, 5, 1, 0.75], [1, 0, 0, 0.04190242290496826, 0, 1, 8, 8, 15, 1, 0, 1, 0, 2, 3, 4, 0, 0, 0, 7, 0, 0.6666666666666666], [0, 0, 0, 5.960464477539063e-08, 0, 0, 8, 5, 12, 0, 0, 1, 0, 3, 1, 6, 0, 0, 0, 4, 0, 0.6666666666666666], [0, 0, 0, 0.016517579555511475, 0, 0, 8, 3, 10, 0, 0, 0, 0, 1, 1, 5, 0, 0, 0, 2, 0, 0.875], [1, 0, 1, 0.018154919147491455, 1, 0, 8, 13, 20, 1, 0, 1, 1, 7, 4, 1, 0, 0, 0, 12, 1, 0.6666666666666666], [0, 0, 0, 0.10145115852355957, 0, 0, 8, 3, 10, 0, 0, 0, 0, 1, 1, 5, 0, 0, 0, 2, 0, 0.5], [0, 0, 0, 0.010258197784423828, 0, 0, 8, 13, 20, 0, 0, 0, 0, 6, 5, 4, 0, 0, 0, 12, 0, 0.5], [0, 0, 0, 0.07525366544723511, 0, 0, 8, 13, 20, 0, 0, 1, 0, 11, 1, 1, 0, 0, 0, 12, 0, 0.14814814814814814], [1, 0, 0, 0.10191494226455688, 0, 0, 8, 3, 10, 1, 0, 0, 0, 1, 1, 5, 0, 0, 0, 2, 0, 0.5], [0, 0, 0, 0.05206817388534546, 0, 0, 8, 13, 20, 0, 0, 0, 0, 10, 2, 1, 0, 0, 0, 12, 0, 0.06451612903225806], [0, 0, 0, 0.029270291328430176, 0, 0, 8, 7, 14, 0, 0, 0, 0, 5, 1, 4, 0, 0, 0, 6, 0, 0.5], [0, 0, 0, 0.0028373003005981445, 0, 0, 8, 5, 12, 0, 0, 0, 0, 3, 1, 5, 0, 0, 0, 4, 0, 0.5], [0, 0, 0, 0.053316712379455566, 0, 0, 8, 8, 15, 0, 0, 1, 0, 6, 1, 3, 0, 0, 0, 7, 0, 0.5], [1, 0, 1, 0.02718883752822876, 1, 0, 8, 13, 20, 1, 0, 1, 1, 7, 5, 1, 0, 0, 0, 12, 1, 0.75], [0, 0, 0, 0.2437458336353302, 0, 0, 8, 11, 18, 0, 0, 0, 0, 7, 3, 4, 0, 0, 0, 10, 0, 0.5], [0, 0, 0, 0.00978967547416687, 0, 0, 8, 4, 11, 0, 0, 0, 0, 2, 1, 3, 0, 0, 0, 3, 0, 0.8], [0, 0, 0, 0.1575009822845459, 0, 1, 8, 8, 15, 0, 0, 0, 0, 3, 3, 3, 0, 0, 0, 7, 0, 0.6666666666666666], [1, 0, 1, 0.17499113082885742, 0, 1, 8, 3, 10, 1, 0, 0, 0, 1, 1, 6, 0, 0, 0, 2, 0, 0.6666666666666666], [0, 0, 0, 0.10383045673370361, 0, 0, 8, 3, 10, 0, 0, 0, 0, 1, 1, 3, 0, 0, 0, 2, 0, 0.6666666666666666], [1, 0, 0, 0.3042038083076477, 0, 0, 8, 4, 11, 1, 0, 1, 0, 2, 1, 7, 0, 0, 0, 3, 1, 0.8666666666666667], [0, 0, 0, 0.02005821466445923, 0, 0, 8, 3, 10, 0, 0, 0, 0, 1, 1, 3, 0, 0, 0, 2, 0, 0.5], [1, 0, 1, 0.10358935594558716, 1, 0, 3, 4, 6, 1, 0, 1, 1, 2, 1, 2, 0, 0, 0, 3, 1, 0.6666666666666666], [0, 0, 0, 0.004789769649505615, 0, 0, 8, 3, 10, 0, 0, 0, 0, 1, 1, 5, 0, 0, 0, 2, 0, 0.5], [1, 0, 1, 0.022569894790649414, 1, 0, 8, 6, 13, 1, 0, 1, 1, 3, 2, 4, 0, 0, 0, 5, 0, 0.8], [1, 0, 0, 0.0, 1, 0, 4, 4, 7, 1, 0, 1, 0, 2, 1, 3, 0, 0, 0, 3, 1, 0.5], [1, 0, 0, 0.0016593337059020996, 0, 0, 8, 9, 16, 1, 0, 1, 0, 3, 3, 3, 0, 0, 0, 8, 0, 0.6666666666666666], [0, 0, 0, 0.014123976230621338, 0, 0, 8, 3, 10, 0, 0, 0, 0, 1, 1, 3, 0, 0, 0, 2, 0, 0.6666666666666666], [1, 0, 1, 0.14492622017860413, 0, 0, 8, 11, 18, 1, 0, 1, 1, 8, 2, 4, 0, 0, 0, 10, 0, 0.5], [0, 0, 0, 0.052697718143463135, 0, 0, 8, 5, 12, 0, 0, 0, 0, 2, 2, 2, 0, 0, 0, 4, 0, 0.75], [1, 0, 1, 0.10257786512374878, 1, 0, 8, 5, 12, 1, 0, 1, 1, 3, 1, 5, 0, 0, 0, 4, 1, 0.6666666666666666], [1, 0, 0, 0.004652857780456543, 1, 0, 8, 6, 13, 1, 0, 1, 0, 4, 1, 4, 0, 0, 0, 5, 1, 0.5], [0, 0, 0, 0.13065966963768005, 0, 0, 8, 10, 17, 0, 0, 1, 0, 8, 1, 2, 0, 0, 0, 9, 0, 0.7272727272727273], [1, 0, 1, 0.016296803951263428, 1, 1, 4, 7, 10, 1, 0, 1, 1, 2, 3, 3, 0, 0, 0, 6, 1, 0.9], [0, 0, 0, 0.10257118940353394, 0, 0, 8, 10, 17, 0, 0, 0, 0, 3, 6, 3, 0, 0, 0, 9, 0, 0.5], [0, 0, 0, 0.01665937900543213, 0, 0, 8, 5, 12, 0, 0, 0, 0, 3, 1, 5, 0, 0, 0, 4, 0, 0.6666666666666666], [1, 0, 0, 0.17347007989883423, 0, 0, 8, 5, 12, 1, 0, 0, 0, 3, 1, 6, 0, 0, 0, 4, 0, 0.8], [1, 0, 0, 0.031154870986938477, 0, 0, 8, 6, 13, 1, 0, 0, 0, 3, 2, 4, 0, 0, 0, 5, 0, 0.5], [0, 0, 0, 0.15868234634399414, 0, 0, 8, 9, 16, 0, 0, 0, 0, 3, 5, 5, 0, 0, 0, 8, 0, 0.6666666666666666], [1, 0, 1, 0.02183365821838379, 1, 1, 8, 12, 19, 1, 0, 1, 1, 4, 7, 6, 0, 0, 0, 11, 1, 0.6666666666666666], [1, 0, 1, 0.0, 0, 0, 8, 13, 20, 1, 1, 1, 1, 5, 5, 3, 0, 0, 0, 12, 0, 0.5], [0, 0, 0, 0.10037913918495178, 0, 0, 8, 3, 10, 0, 0, 0, 0, 1, 1, 4, 0, 0, 0, 2, 0, 0.5], [1, 0, 0, 0.003827393054962158, 0, 0, 8, 4, 11, 1, 0, 0, 0, 1, 2, 6, 0, 0, 0, 3, 0, 0.9], [0, 0, 0, 0.010493755340576172, 0, 0, 8, 3, 10, 0, 0, 0, 0, 1, 1, 6, 0, 0, 0, 2, 0, 0.875], [0, 0, 0, 0.04963850975036621, 0, 0, 8, 13, 20, 0, 0, 0, 0, 9, 2, 1, 0, 0, 0, 12, 0, 0.5], [1, 0, 0, 0.031808435916900635, 1, 0, 8, 11, 18, 1, 0, 1, 0, 8, 2, 5, 0, 0, 0, 10, 1, 0.75], [0, 0, 0, 0.011276274919509888, 0, 0, 8, 4, 11, 0, 0, 0, 0, 2, 1, 5, 0, 0, 0, 3, 0, 0.5], [0, 0, 0, 0.1508859395980835, 0, 0, 8, 4, 11, 0, 0, 0, 0, 2, 1, 2, 0, 0, 0, 3, 0, 0.5], [0, 0, 0, 0.056507885456085205, 0, 0, 8, 13, 20, 0, 0, 0, 0, 9, 3, 1, 0, 0, 0, 12, 0, 0.5], [0, 0, 0, 0.0, 0, 0, 6, 3, 8, 0, 0, 0, 0, 1, 1, 4, 0, 0, 0, 2, 0, 0.6666666666666666], [0, 0, 0, 0.044237613677978516, 0, 0, 8, 4, 11, 0, 0, 0, 0, 2, 1, 4, 0, 0, 0, 3, 0, 0.6], [1, 0, 0, 0.038735151290893555, 0, 0, 8, 13, 20, 1, 0, 1, 0, 8, 3, 1, 0, 0, 0, 12, 0, 0.5], [1, 0, 0, 0.0068985819816589355, 0, 1, 8, 8, 15, 1, 0, 0, 0, 2, 5, 3, 0, 0, 0, 7, 0, 0.8333333333333334], [1, 0, 1, 0.004789531230926514, 1, 0, 8, 11, 18, 1, 0, 1, 1, 3, 6, 4, 0, 0, 0, 10, 1, 0.75], [0, 0, 0, 0.08470410108566284, 0, 0, 8, 13, 20, 0, 0, 1, 0, 11, 1, 1, 0, 0, 0, 12, 0, 0.14814814814814814], [1, 0, 1, 0.16125613451004028, 1, 1, 8, 12, 19, 1, 0, 1, 1, 8, 2, 2, 0, 0, 0, 11, 1, 0.5], [0, 0, 0, 0.006683081388473511, 0, 0, 8, 3, 10, 0, 0, 0, 0, 1, 1, 3, 0, 0, 0, 2, 0, 0.5], [0, 0, 0, 0.06214344501495361, 0, 0, 8, 3, 10, 0, 0, 0, 0, 1, 1, 4, 0, 0, 0, 2, 0, 0.5], [0, 0, 0, 0.12144091725349426, 0, 0, 8, 7, 14, 0, 0, 0, 0, 5, 1, 5, 0, 0, 0, 6, 0, 0.6666666666666666], [1, 0, 0, 0.05434882640838623, 0, 0, 8, 4, 11, 1, 0, 1, 0, 2, 1, 6, 0, 0, 0, 3, 0, 0.9], [1, 0, 0, 0.0439833402633667, 0, 0, 8, 3, 10, 1, 0, 0, 0, 1, 1, 6, 0, 0, 0, 2, 0, 0.875], [1, 0, 1, 0.0039560794830322266, 0, 0, 8, 5, 12, 1, 0, 1, 1, 2, 2, 5, 0, 0, 0, 4, 0, 0.75], [1, 0, 0, 0.00959789752960205, 1, 0, 5, 4, 8, 1, 0, 1, 0, 2, 1, 4, 0, 0, 0, 3, 1, 0.6666666666666666], [0, 0, 0, 0.01047968864440918, 0, 0, 8, 3, 10, 0, 0, 0, 0, 1, 1, 3, 0, 0, 0, 2, 0, 0.5], [0, 0, 0, 0.06855463981628418, 0, 0, 8, 3, 10, 0, 0, 0, 0, 1, 1, 6, 0, 0, 0, 2, 0, 0.6666666666666666], [0, 0, 0, 0.07298111915588379, 0, 0, 8, 3, 10, 0, 0, 0, 0, 1, 1, 4, 0, 0, 0, 2, 0, 0.5], [0, 0, 0, 0.003727436065673828, 0, 0, 8, 13, 20, 0, 0, 0, 0, 10, 2, 1, 0, 0, 0, 12, 0, 0.06451612903225806], [0, 0, 0, 0.08407604694366455, 0, 0, 8, 3, 10, 0, 0, 0, 0, 1, 1, 6, 0, 0, 0, 2, 0, 0.6666666666666666], [0, 0, 0, 0.010244667530059814, 0, 0, 8, 13, 20, 0, 0, 1, 0, 7, 3, 2, 0, 0, 0, 12, 0, 0.5], [0, 0, 0, 0.1242138147354126, 0, 0, 8, 7, 14, 0, 0, 0, 0, 4, 2, 3, 0, 0, 0, 6, 0, 0.875], [0, 0, 0, 0.004051178693771362, 0, 0, 8, 6, 13, 0, 0, 0, 0, 4, 1, 2, 0, 0, 0, 5, 0, 0.5], [1, 0, 1, 0.0012521147727966309, 1, 0, 7, 11, 17, 1, 0, 1, 1, 2, 8, 5, 0, 0, 0, 10, 1, 0.875], [0, 0, 1, 0.03643655776977539, 0, 0, 8, 13, 20, 0, 0, 1, 1, 1, 11, 3, 0, 0, 0, 12, 0, 0.5], [0, 0, 0, 0.0016966462135314941, 0, 0, 8, 3, 10, 0, 0, 0, 0, 1, 1, 6, 0, 0, 0, 2, 0, 0.6666666666666666], [1, 0, 0, 0.18995249271392822, 0, 0, 8, 3, 10, 1, 0, 0, 0, 1, 1, 5, 0, 0, 0, 2, 0, 0.6666666666666666], [0, 0, 0, 0.012967288494110107, 0, 0, 8, 5, 12, 0, 0, 0, 0, 3, 1, 2, 0, 0, 0, 4, 0, 0.5], [0, 0, 1, 0.03643655776977539, 0, 0, 8, 13, 20, 0, 0, 1, 1, 1, 11, 3, 0, 0, 0, 12, 0, 0.5], [0, 0, 0, 0.2181207537651062, 0, 0, 8, 3, 10, 0, 1, 0, 0, 1, 1, 3, 0, 0, 0, 2, 0, 0.8], [0, 0, 0, 0.01521947979927063, 0, 0, 8, 3, 10, 0, 0, 0, 0, 1, 1, 4, 0, 0, 0, 2, 0, 0.5], [1, 0, 0, 0.0018323659896850586, 0, 0, 8, 3, 10, 1, 0, 0, 0, 1, 1, 6, 0, 0, 0, 2, 0, 0.8666666666666667], [0, 0, 0, 0.041756629943847656, 0, 0, 8, 3, 10, 0, 0, 0, 0, 1, 1, 6, 0, 0, 0, 2, 0, 0.5], [0, 0, 0, 0.01349407434463501, 0, 0, 8, 3, 10, 0, 0, 0, 0, 1, 1, 4, 0, 0, 0, 2, 0, 0.5], [0, 0, 0, 0.10575318336486816, 0, 0, 8, 3, 10, 0, 0, 0, 0, 1, 1, 4, 0, 0, 0, 2, 0, 0.5], [0, 0, 0, 0.0, 0, 0, 8, 13, 20, 0, 0, 0, 0, 9, 2, 3, 0, 0, 0, 12, 0, 0.8333333333333334], [0, 0, 0, 0.020846515893936157, 0, 0, 8, 3, 10, 0, 0, 0, 0, 1, 1, 4, 0, 0, 0, 2, 0, 0.6666666666666666], [1, 0, 1, 0.022835850715637207, 1, 0, 8, 6, 13, 1, 0, 1, 1, 3, 2, 4, 0, 0, 0, 5, 1, 0.5], [0, 0, 0, 0.3371824026107788, 0, 0, 8, 3, 10, 0, 0, 0, 0, 1, 1, 4, 0, 0, 0, 2, 0, 0.5], [0, 0, 0, 0.041285425424575806, 0, 0, 8, 3, 10, 0, 0, 0, 0, 1, 1, 2, 0, 0, 0, 2, 0, 0.2], [0, 0, 0, 0.019886791706085205, 0, 0, 8, 5, 12, 0, 0, 0, 0, 3, 1, 3, 0, 0, 0, 4, 0, 0.5], [0, 0, 0, 0.037668824195861816, 0, 0, 8, 5, 12, 0, 0, 0, 0, 3, 1, 6, 0, 0, 0, 4, 0, 0.5714285714285714], [1, 0, 0, 0.03405773639678955, 0, 0, 8, 3, 10, 1, 0, 0, 0, 1, 1, 2, 0, 0, 0, 2, 0, 0.5], [1, 0, 0, 0.12249124050140381, 0, 0, 6, 3, 8, 1, 0, 0, 0, 1, 1, 5, 0, 0, 0, 2, 0, 0.6666666666666666], [0, 0, 0, 0.21978169679641724, 0, 0, 8, 3, 10, 0, 0, 0, 0, 1, 1, 4, 0, 0, 0, 2, 0, 0.5], [1, 0, 1, 0.171719491481781, 1, 0, 8, 4, 11, 1, 0, 1, 1, 2, 1, 5, 0, 0, 0, 3, 1, 0.6666666666666666], [1, 0, 0, 0.15605074167251587, 1, 0, 8, 4, 11, 1, 0, 1, 0, 2, 1, 3, 0, 0, 0, 3, 1, 0.5], [0, 0, 0, 0.0068045854568481445, 0, 0, 8, 4, 11, 0, 0, 0, 0, 2, 1, 5, 0, 0, 0, 3, 0, 0.875], [1, 0, 1, 0.012983143329620361, 1, 1, 8, 12, 19, 1, 0, 1, 1, 5, 5, 4, 0, 0, 0, 11, 1, 0.875], [0, 0, 0, 0.1724085807800293, 0, 0, 8, 3, 10, 0, 0, 0, 0, 1, 1, 5, 0, 0, 0, 2, 0, 0.6666666666666666], [0, 0, 0, 0.05099707841873169, 0, 0, 8, 3, 10, 0, 0, 0, 0, 1, 1, 5, 0, 0, 0, 2, 0, 0.6666666666666666], [1, 0, 0, 0.015010178089141846, 0, 0, 5, 8, 12, 1, 0, 1, 0, 5, 2, 3, 0, 0, 0, 7, 0, 0.6666666666666666], [0, 0, 0, 0.027901887893676758, 0, 0, 8, 3, 10, 0, 0, 0, 0, 1, 1, 5, 0, 0, 0, 2, 0, 0.5], [0, 0, 0, 0.049686163663864136, 0, 0, 8, 3, 10, 0, 0, 0, 0, 1, 1, 3, 0, 0, 0, 2, 0, 0.6666666666666666], [1, 0, 1, 0.25141727924346924, 0, 0, 8, 4, 11, 1, 0, 1, 1, 2, 1, 6, 0, 0, 0, 3, 1, 0.6], [0, 0, 0, 0.0593334436416626, 0, 0, 8, 4, 11, 0, 0, 0, 0, 2, 1, 4, 0, 0, 0, 3, 0, 0.75], [1, 0, 1, 0.09792864322662354, 1, 0, 8, 10, 17, 1, 0, 1, 1, 4, 5, 3, 0, 0, 0, 9, 1, 0.5], [0, 0, 0, 0.09429550170898438, 0, 0, 8, 3, 10, 0, 0, 0, 0, 1, 1, 4, 0, 0, 0, 2, 0, 0.5], [0, 0, 0, 0.005479782819747925, 0, 0, 8, 6, 13, 0, 0, 0, 0, 4, 1, 3, 0, 0, 0, 5, 0, 0.5], [1, 0, 0, 0.020886480808258057, 1, 0, 5, 4, 8, 1, 0, 1, 0, 2, 1, 3, 0, 0, 0, 3, 1, 0.75], [1, 0, 0, 0.0439833402633667, 0, 0, 8, 3, 10, 1, 0, 0, 0, 1, 1, 6, 0, 0, 0, 2, 0, 0.875], [0, 0, 0, 0.0010374337434768677, 0, 0, 8, 3, 10, 0, 0, 0, 0, 1, 1, 2, 0, 0, 0, 2, 0, 0.5], [0, 0, 0, 0.12746509909629822, 0, 0, 8, 3, 10, 0, 0, 0, 0, 1, 1, 3, 0, 0, 0, 2, 0, 0.3333333333333333], [0, 0, 0, 0.02283233404159546, 0, 0, 8, 7, 14, 0, 0, 0, 0, 5, 1, 1, 0, 0, 0, 6, 0, 0.6666666666666666], [0, 0, 0, 0.07347726821899414, 0, 0, 8, 5, 12, 0, 0, 0, 0, 3, 1, 3, 0, 0, 0, 4, 0, 0.5], [0, 0, 0, 0.014734983444213867, 0, 1, 8, 8, 15, 0, 0, 0, 0, 2, 5, 4, 0, 0, 0, 7, 0, 0.8333333333333334], [0, 0, 0, 0.12128317356109619, 0, 0, 8, 4, 11, 0, 0, 0, 0, 2, 1, 5, 0, 0, 0, 3, 0, 0.6666666666666666], [0, 0, 0, 0.06947594881057739, 0, 0, 8, 6, 13, 0, 0, 0, 0, 3, 2, 4, 0, 0, 0, 5, 0, 0.5], [0, 0, 0, 0.03738588094711304, 0, 0, 8, 3, 10, 0, 0, 0, 0, 1, 1, 3, 0, 0, 0, 2, 0, 0.5], [1, 0, 0, 0.05086219310760498, 0, 0, 8, 13, 20, 1, 0, 1, 0, 10, 2, 1, 0, 0, 0, 12, 1, 0.5], [1, 0, 1, 0.11863422393798828, 1, 0, 8, 6, 13, 1, 0, 1, 1, 2, 3, 4, 0, 0, 0, 5, 1, 0.6666666666666666], [0, 0, 0, 0.05216103792190552, 0, 0, 8, 7, 14, 0, 0, 0, 0, 5, 1, 3, 0, 0, 0, 6, 0, 0.6666666666666666], [0, 0, 0, 0.22011905908584595, 0, 0, 8, 3, 10, 0, 0, 0, 0, 1, 1, 6, 0, 0, 0, 2, 0, 0.75], [0, 0, 1, 0.03643655776977539, 0, 0, 8, 13, 20, 0, 0, 1, 1, 1, 11, 3, 0, 0, 0, 12, 0, 0.5], [1, 0, 0, 0.02961277961730957, 0, 0, 8, 4, 11, 1, 0, 1, 0, 2, 1, 6, 0, 0, 0, 3, 0, 0.8], [0, 0, 0, 0.0404205322265625, 0, 0, 8, 4, 11, 0, 0, 0, 0, 2, 1, 4, 0, 0, 0, 3, 0, 0.75], [0, 0, 0, 0.024879872798919678, 0, 0, 8, 13, 20, 0, 0, 0, 0, 10, 2, 1, 0, 0, 0, 12, 0, 0.5], [1, 0, 0, 0.0, 0, 0, 5, 5, 9, 1, 0, 1, 0, 2, 2, 4, 0, 0, 0, 4, 1, 0.75], [1, 0, 1, 0.00959789752960205, 0, 0, 5, 4, 8, 1, 0, 1, 1, 2, 1, 4, 0, 0, 0, 3, 0, 0.6666666666666666], [0, 0, 0, 0.0291995108127594, 0, 0, 8, 12, 19, 0, 0, 0, 0, 9, 2, 1, 0, 0, 0, 11, 0, 0.18181818181818182], [1, 0, 0, 0.08234447240829468, 0, 0, 8, 3, 10, 1, 0, 0, 0, 1, 1, 6, 0, 0, 0, 2, 1, 0.6666666666666666], [0, 0, 0, 0.03881359100341797, 0, 0, 8, 4, 11, 0, 0, 0, 0, 2, 1, 5, 0, 0, 0, 3, 0, 0.75], [0, 0, 0, 0.035076916217803955, 0, 0, 8, 7, 14, 0, 0, 1, 0, 5, 1, 2, 0, 0, 0, 6, 0, 0.6666666666666666], [1, 0, 0, 0.05180484056472778, 0, 0, 8, 5, 12, 1, 0, 1, 0, 2, 2, 3, 0, 0, 0, 4, 0, 0.6666666666666666], [0, 0, 0, 0.19025570154190063, 0, 0, 8, 3, 10, 0, 0, 0, 0, 1, 1, 4, 0, 0, 0, 2, 0, 0.5], [0, 0, 0, 0.0, 0, 0, 8, 3, 10, 0, 0, 0, 0, 1, 1, 4, 0, 0, 0, 2, 0, 0.5555555555555556], [0, 0, 0, 0.36218106746673584, 0, 0, 8, 3, 10, 0, 0, 0, 0, 1, 1, 3, 0, 0, 0, 2, 0, 0.5], [1, 0, 0, 0.029814600944519043, 0, 0, 8, 13, 20, 1, 0, 1, 0, 8, 2, 3, 0, 0, 0, 12, 1, 0.5], [0, 0, 0, 0.08407604694366455, 0, 0, 8, 3, 10, 0, 0, 0, 0, 1, 1, 6, 0, 0, 0, 2, 0, 0.6666666666666666], [1, 0, 0, 0.02841353416442871, 0, 0, 8, 13, 20, 1, 0, 1, 0, 7, 3, 2, 0, 0, 0, 12, 0, 0.75], [0, 0, 0, 0.385054349899292, 0, 0, 8, 3, 10, 0, 0, 0, 0, 1, 1, 4, 0, 0, 0, 2, 0, 0.6666666666666666], [1, 0, 1, 0.0, 0, 0, 8, 13, 20, 1, 0, 1, 1, 4, 6, 3, 0, 0, 0, 12, 0, 0.5], [1, 0, 0, 0.14440113306045532, 0, 0, 8, 4, 11, 1, 0, 0, 0, 2, 1, 6, 0, 0, 0, 3, 0, 0.8], [1, 0, 0, 0.05947977304458618, 1, 0, 8, 4, 11, 1, 0, 1, 0, 2, 1, 4, 0, 0, 0, 3, 1, 0.7272727272727273], [1, 0, 0, 0.0033316612243652344, 0, 0, 8, 9, 16, 1, 0, 0, 0, 2, 6, 6, 0, 0, 0, 8, 0, 0.8666666666666667], [0, 0, 0, 0.04254218935966492, 0, 0, 8, 7, 14, 0, 0, 0, 0, 5, 1, 4, 0, 0, 0, 6, 0, 0.6666666666666666], [1, 0, 0, 0.009464085102081299, 0, 0, 8, 4, 11, 1, 0, 1, 0, 2, 1, 5, 0, 0, 0, 3, 0, 0.5], [0, 0, 0, 0.047984927892684937, 0, 0, 8, 10, 17, 0, 0, 0, 0, 8, 1, 3, 0, 0, 0, 9, 0, 0.5], [0, 0, 0, 0.03972882032394409, 0, 0, 8, 13, 20, 0, 0, 0, 0, 10, 2, 5, 0, 0, 0, 12, 0, 0.6], [0, 0, 0, 0.005011022090911865, 0, 0, 8, 3, 10, 0, 0, 0, 0, 1, 1, 1, 0, 0, 0, 2, 0, 0.15384615384615385], [0, 0, 0, 0.02637338638305664, 0, 0, 8, 4, 11, 0, 0, 0, 0, 1, 2, 5, 0, 0, 0, 3, 0, 0.5], [0, 0, 0, 0.045667290687561035, 0, 0, 8, 4, 11, 0, 0, 0, 0, 1, 2, 7, 0, 0, 0, 3, 0, 0.6666666666666666], [0, 0, 0, 0.019783854484558105, 0, 0, 8, 7, 14, 0, 0, 0, 0, 3, 3, 4, 0, 0, 0, 6, 0, 0.8333333333333334], [0, 0, 0, 0.07037776708602905, 0, 0, 8, 3, 10, 0, 0, 0, 0, 1, 1, 6, 0, 0, 0, 2, 0, 0.6666666666666666], [0, 0, 0, 0.0016966462135314941, 0, 0, 8, 3, 10, 0, 0, 0, 0, 1, 1, 6, 0, 0, 0, 2, 0, 0.6666666666666666], [0, 0, 0, 0.011317968368530273, 0, 0, 8, 3, 10, 0, 0, 0, 0, 1, 1, 3, 0, 0, 0, 2, 0, 0.8333333333333334], [0, 0, 0, 0.026343882083892822, 0, 0, 8, 10, 17, 0, 0, 0, 0, 6, 2, 2, 0, 0, 0, 9, 0, 0.5], [1, 0, 0, 0.3377934992313385, 1, 0, 8, 5, 12, 1, 0, 1, 0, 3, 1, 7, 0, 0, 0, 4, 1, 0.5], [1, 0, 0, 0.07986390590667725, 0, 0, 6, 7, 12, 1, 0, 0, 0, 2, 4, 4, 0, 0, 0, 6, 0, 0.875], [0, 0, 0, 0.008510828018188477, 0, 0, 8, 3, 10, 0, 0, 0, 0, 1, 1, 5, 0, 0, 0, 2, 0, 0.875], [0, 0, 0, 0.21843373775482178, 0, 0, 8, 3, 10, 0, 0, 0, 0, 1, 1, 4, 0, 0, 0, 2, 0, 0.5], [0, 0, 0, 0.08247116208076477, 0, 0, 8, 3, 10, 0, 0, 0, 0, 1, 1, 3, 0, 0, 0, 2, 0, 0.5], [0, 0, 0, 0.08916717767715454, 0, 0, 8, 3, 10, 0, 0, 0, 0, 1, 1, 4, 0, 0, 0, 2, 0, 0.6666666666666666], [1, 0, 0, 0.0439833402633667, 0, 0, 8, 4, 11, 1, 0, 0, 0, 1, 2, 6, 0, 0, 0, 3, 0, 0.875], [1, 0, 1, 0.026764512062072754, 0, 0, 8, 10, 17, 1, 0, 1, 1, 7, 2, 4, 0, 0, 0, 9, 1, 0.8333333333333334], [0, 0, 0, 0.024783924221992493, 0, 0, 8, 3, 10, 0, 0, 0, 0, 1, 1, 4, 0, 0, 0, 2, 0, 0.5], [1, 0, 1, 0.02183365821838379, 1, 1, 8, 12, 19, 1, 0, 1, 1, 4, 7, 6, 0, 0, 0, 11, 1, 0.6666666666666666], [0, 0, 0, 0.08331286907196045, 0, 0, 8, 5, 12, 0, 0, 1, 0, 2, 2, 4, 0, 0, 0, 4, 0, 0.6], [0, 0, 1, 0.10998249053955078, 0, 0, 8, 7, 14, 0, 0, 1, 0, 3, 2, 5, 0, 0, 0, 6, 0, 0.5], [0, 0, 0, 0.07933706045150757, 0, 0, 8, 13, 20, 0, 0, 0, 0, 11, 1, 1, 0, 0, 0, 12, 0, 0.16666666666666666], [1, 0, 1, 0.035778582096099854, 0, 1, 8, 3, 10, 1, 0, 0, 0, 1, 1, 5, 0, 0, 0, 2, 0, 0.6], [0, 0, 0, 0.3046848177909851, 0, 0, 8, 3, 10, 0, 0, 0, 0, 1, 1, 3, 0, 0, 0, 2, 0, 0.5], [0, 0, 0, 0.009234189987182617, 0, 0, 8, 3, 10, 0, 0, 0, 0, 1, 1, 6, 0, 0, 0, 2, 0, 0.6666666666666666], [1, 0, 0, 0.031808435916900635, 1, 0, 8, 11, 18, 1, 0, 1, 0, 8, 2, 5, 0, 0, 0, 10, 1, 0.75], [1, 0, 0, 0.0018323659896850586, 0, 0, 8, 3, 10, 1, 1, 0, 0, 1, 1, 6, 0, 0, 0, 2, 0, 0.8666666666666667], [1, 0, 1, 0.03004896640777588, 1, 0, 8, 13, 20, 1, 0, 1, 1, 2, 9, 6, 0, 0, 0, 12, 1, 0.8571428571428571], [0, 0, 0, 0.03531616926193237, 0, 0, 8, 13, 20, 0, 0, 1, 0, 9, 2, 6, 0, 0, 0, 12, 0, 0.5], [0, 0, 0, 0.21929386258125305, 0, 0, 8, 8, 15, 0, 0, 1, 0, 5, 2, 4, 0, 0, 0, 7, 0, 0.5], [0, 0, 0, 0.18144847452640533, 0, 0, 8, 5, 12, 0, 0, 0, 0, 3, 1, 4, 0, 0, 0, 4, 0, 0.5], [1, 0, 1, 0.010455965995788574, 1, 1, 7, 7, 13, 1, 0, 1, 1, 2, 3, 4, 0, 0, 0, 6, 1, 0.6666666666666666], [0, 0, 0, 0.0, 0, 0, 8, 3, 10, 0, 0, 0, 0, 1, 1, 5, 0, 0, 0, 2, 0, 0.5], [0, 0, 0, 0.011620283126831055, 0, 0, 8, 13, 20, 0, 1, 0, 0, 5, 5, 2, 0, 0, 0, 12, 0, 0.5], [0, 0, 0, 0.030700743198394775, 0, 0, 8, 4, 11, 0, 0, 0, 0, 2, 1, 3, 0, 0, 0, 3, 0, 0.6666666666666666], [1, 0, 0, 0.07628017663955688, 0, 0, 8, 13, 20, 1, 0, 0, 0, 10, 2, 1, 0, 0, 0, 12, 0, 0.6666666666666666], [0, 0, 0, 0.06855463981628418, 0, 0, 8, 3, 10, 0, 0, 0, 0, 1, 1, 6, 0, 0, 0, 2, 0, 0.6666666666666666], [0, 0, 0, 0.16064119338989258, 0, 0, 8, 3, 10, 0, 0, 0, 0, 1, 1, 3, 0, 0, 0, 2, 0, 0.6666666666666666], [1, 0, 1, 0.03322446346282959, 1, 0, 8, 13, 20, 1, 0, 1, 1, 8, 4, 2, 0, 0, 0, 12, 1, 0.75], [1, 0, 0, 0.009144961833953857, 0, 0, 8, 13, 20, 1, 0, 1, 0, 6, 4, 2, 0, 0, 0, 12, 0, 0.5], [0, 0, 0, 0.03290930390357971, 0, 0, 8, 9, 16, 0, 0, 0, 0, 6, 2, 4, 0, 0, 0, 8, 0, 0.6666666666666666], [0, 0, 0, 0.20081502199172974, 0, 0, 8, 3, 10, 0, 0, 0, 0, 1, 1, 5, 0, 0, 0, 2, 0, 0.6666666666666666], [0, 0, 0, 0.02715831995010376, 0, 0, 8, 3, 10, 0, 0, 0, 0, 1, 1, 4, 0, 0, 0, 2, 0, 0.5], [0, 0, 0, 0.15971124172210693, 0, 0, 8, 3, 10, 0, 0, 0, 0, 1, 1, 5, 0, 0, 0, 2, 0, 0.6666666666666666], [1, 0, 0, 0.009512066841125488, 0, 1, 8, 12, 19, 1, 0, 0, 0, 3, 8, 5, 0, 0, 0, 11, 0, 0.75], [0, 0, 0, 0.0, 0, 0, 8, 6, 13, 0, 0, 0, 0, 4, 1, 4, 0, 0, 0, 5, 0, 0.6666666666666666], [0, 0, 0, 0.02777165174484253, 0, 0, 8, 6, 13, 0, 0, 0, 0, 4, 1, 4, 0, 0, 0, 5, 0, 0.5], [0, 0, 0, 0.12704110145568848, 0, 0, 8, 7, 14, 0, 0, 0, 0, 2, 4, 4, 0, 0, 0, 6, 0, 0.6], [0, 0, 0, 0.10191494226455688, 0, 0, 8, 3, 10, 0, 0, 0, 0, 1, 1, 5, 0, 0, 0, 2, 0, 0.5], [1, 0, 0, 0.03896099328994751, 0, 0, 8, 7, 14, 1, 0, 1, 0, 3, 3, 4, 0, 0, 0, 6, 0, 0.6666666666666666], [1, 0, 0, 0.113567054271698, 1, 0, 8, 13, 20, 1, 0, 0, 0, 11, 1, 1, 0, 0, 0, 12, 1, 0.6666666666666666], [0, 0, 0, 0.036295294761657715, 0, 0, 8, 4, 11, 0, 0, 0, 0, 2, 1, 5, 0, 0, 0, 3, 0, 0.5], [0, 0, 0, 0.11240530014038086, 0, 0, 8, 3, 10, 0, 0, 0, 0, 1, 1, 4, 0, 0, 0, 2, 0, 0.5], [1, 0, 0, 0.008510828018188477, 0, 0, 8, 3, 10, 1, 0, 0, 0, 1, 1, 5, 0, 0, 0, 2, 0, 0.875], [0, 0, 0, 0.08217024803161621, 0, 0, 8, 5, 12, 0, 0, 0, 0, 3, 1, 3, 0, 0, 0, 4, 0, 0.5], [0, 0, 0, 0.0075528621673583984, 0, 0, 8, 4, 11, 0, 0, 0, 0, 2, 1, 7, 0, 0, 0, 3, 0, 0.6666666666666666], [0, 0, 0, 0.054077744483947754, 0, 0, 8, 3, 10, 0, 0, 0, 0, 1, 1, 4, 0, 0, 0, 2, 0, 0.5], [1, 0, 1, 0.3492557406425476, 1, 1, 8, 3, 10, 1, 0, 0, 0, 1, 1, 6, 0, 0, 0, 2, 1, 0.6], [0, 0, 0, 0.03113466501235962, 0, 0, 8, 10, 17, 0, 0, 0, 0, 7, 2, 3, 0, 0, 0, 9, 0, 0.6666666666666666], [0, 0, 0, 0.056359559297561646, 0, 0, 8, 3, 10, 0, 0, 0, 0, 1, 1, 3, 0, 0, 0, 2, 0, 0.5], [0, 0, 0, 0.13370734453201294, 0, 0, 8, 5, 12, 0, 0, 0, 0, 3, 1, 5, 0, 0, 0, 4, 0, 0.6666666666666666], [0, 0, 0, 0.17248296737670898, 0, 0, 8, 3, 10, 0, 0, 0, 0, 1, 1, 4, 0, 0, 0, 2, 0, 0.5], [1, 0, 1, 0.12249135971069336, 0, 1, 6, 3, 8, 1, 0, 0, 0, 1, 1, 5, 0, 0, 0, 2, 0, 0.6666666666666666], [0, 0, 0, 0.019300371408462524, 0, 0, 8, 4, 11, 0, 0, 0, 0, 2, 1, 4, 0, 0, 0, 3, 0, 0.5], [0, 0, 0, 0.016011446714401245, 0, 0, 8, 3, 10, 0, 0, 0, 0, 1, 1, 4, 0, 0, 0, 2, 0, 0.5], [1, 0, 0, 0.0072789788246154785, 0, 0, 8, 13, 20, 1, 0, 1, 0, 5, 5, 2, 0, 0, 0, 12, 1, 0.5], [0, 0, 0, 0.04379606246948242, 0, 0, 8, 13, 20, 0, 0, 1, 0, 10, 2, 5, 0, 0, 0, 12, 0, 0.6], [0, 0, 0, 0.009333372116088867, 0, 0, 8, 9, 16, 0, 0, 0, 0, 6, 2, 7, 0, 0, 0, 8, 0, 0.75], [0, 0, 0, 0.03505152463912964, 0, 0, 8, 3, 10, 0, 0, 0, 0, 1, 1, 3, 0, 0, 0, 2, 0, 0.6666666666666666], [1, 0, 0, 0.08545941114425659, 0, 0, 8, 4, 11, 1, 0, 0, 0, 2, 1, 3, 0, 0, 0, 3, 0, 0.75], [1, 0, 0, 0.05390232801437378, 0, 0, 8, 3, 10, 1, 0, 0, 0, 1, 1, 4, 0, 0, 0, 2, 0, 0.5], [1, 0, 1, 0.04157823324203491, 1, 0, 8, 5, 12, 1, 0, 1, 1, 2, 2, 2, 0, 0, 0, 4, 1, 0.6666666666666666], [0, 0, 0, 0.08185136318206787, 0, 0, 8, 13, 20, 0, 0, 0, 0, 10, 2, 1, 0, 0, 0, 12, 0, 0.6666666666666666], [1, 0, 1, 0.005637526512145996, 1, 0, 6, 13, 18, 1, 0, 1, 1, 3, 7, 5, 0, 0, 0, 12, 1, 0.9], [1, 0, 0, 0.13110309839248657, 0, 0, 8, 3, 10, 1, 0, 0, 0, 1, 1, 6, 0, 0, 0, 2, 0, 0.6666666666666666], [1, 0, 0, 0.0439833402633667, 0, 0, 8, 3, 10, 1, 0, 0, 0, 1, 1, 6, 0, 0, 0, 2, 0, 0.875], [0, 0, 0, 0.14879342913627625, 0, 0, 8, 6, 13, 0, 0, 0, 0, 4, 1, 5, 0, 0, 0, 5, 0, 0.6666666666666666], [0, 0, 0, 0.6123482584953308, 0, 0, 8, 3, 10, 0, 0, 0, 0, 1, 1, 3, 0, 0, 0, 2, 0, 0.8], [1, 0, 0, 0.0010845661163330078, 1, 0, 8, 13, 20, 1, 0, 1, 0, 9, 3, 1, 0, 0, 0, 12, 1, 0.75], [0, 0, 0, 0.017968058586120605, 0, 0, 8, 3, 10, 0, 0, 0, 0, 1, 1, 6, 0, 0, 0, 2, 0, 0.5], [0, 0, 0, 0.15996703505516052, 0, 0, 8, 8, 15, 0, 0, 0, 0, 4, 2, 5, 0, 0, 0, 7, 0, 0.5], [0, 0, 0, 0.02493146061897278, 0, 0, 8, 13, 20, 0, 0, 0, 0, 10, 2, 1, 0, 0, 0, 12, 0, 0.09090909090909091], [0, 0, 0, 0.031112074851989746, 0, 0, 8, 6, 13, 0, 0, 0, 0, 4, 1, 3, 0, 0, 0, 5, 0, 0.8333333333333334], [1, 0, 0, 0.14455342292785645, 0, 0, 8, 6, 13, 1, 0, 0, 0, 4, 1, 3, 0, 0, 0, 5, 0, 0.5714285714285714], [1, 0, 0, 0.02332627773284912, 0, 0, 8, 13, 20, 1, 0, 0, 0, 7, 3, 1, 0, 0, 0, 12, 0, 0.6666666666666666], [0, 0, 1, 0.03643655776977539, 0, 0, 8, 13, 20, 0, 0, 1, 1, 2, 10, 3, 0, 0, 0, 12, 0, 0.5], [0, 0, 0, 0.02558213472366333, 0, 0, 8, 13, 20, 0, 0, 0, 0, 11, 1, 1, 0, 0, 0, 12, 0, 0.09090909090909091], [0, 0, 0, 0.026615142822265625, 0, 0, 8, 13, 20, 0, 0, 0, 0, 9, 2, 4, 0, 0, 0, 12, 0, 0.6666666666666666], [0, 0, 0, 0.01949542760848999, 0, 0, 8, 5, 12, 0, 0, 0, 0, 3, 1, 5, 0, 0, 0, 4, 0, 0.6666666666666666], [0, 0, 0, 0.01686692237854004, 0, 0, 8, 13, 20, 0, 0, 0, 0, 11, 1, 1, 0, 0, 0, 12, 0, 0.06451612903225806], [0, 0, 0, 0.34384626150131226, 0, 0, 8, 7, 14, 0, 0, 1, 0, 3, 3, 4, 0, 0, 0, 6, 0, 0.75], [0, 0, 0, 0.029473036527633667, 0, 0, 8, 3, 10, 0, 0, 0, 0, 1, 1, 3, 0, 0, 0, 2, 0, 0.875], [0, 0, 0, 0.05634331703186035, 0, 0, 8, 13, 20, 0, 0, 0, 0, 11, 1, 5, 0, 0, 0, 12, 0, 0.8], [0, 0, 0, 0.044000208377838135, 0, 0, 8, 3, 10, 0, 0, 0, 0, 1, 1, 4, 0, 0, 0, 2, 0, 0.6666666666666666], [0, 0, 0, 0.014658093452453613, 0, 0, 8, 13, 20, 0, 0, 1, 0, 8, 3, 2, 0, 0, 0, 12, 0, 0.5], [0, 0, 0, 0.2016996145248413, 0, 0, 8, 4, 11, 0, 0, 0, 0, 2, 1, 4, 0, 0, 0, 3, 0, 0.75], [1, 0, 0, 0.03728508949279785, 0, 0, 8, 6, 13, 1, 0, 1, 0, 3, 2, 4, 0, 0, 0, 5, 0, 0.5], [0, 0, 0, 0.0029164552688598633, 0, 0, 8, 3, 10, 0, 0, 0, 0, 1, 1, 6, 0, 0, 0, 2, 0, 0.6666666666666666], [1, 0, 0, 0.08959770202636719, 0, 1, 8, 6, 13, 1, 0, 1, 0, 3, 2, 5, 0, 0, 0, 5, 0, 0.6666666666666666], [1, 0, 0, 0.011620044708251953, 0, 0, 4, 6, 9, 1, 0, 1, 0, 2, 3, 2, 0, 0, 0, 5, 0, 0.75], [0, 0, 0, 0.05913931131362915, 0, 0, 8, 3, 10, 0, 0, 0, 0, 1, 1, 5, 0, 0, 0, 2, 0, 0.6666666666666666], [0, 0, 0, 0.07580184936523438, 0, 0, 8, 10, 17, 0, 0, 0, 0, 4, 3, 5, 0, 0, 0, 9, 0, 0.5], [1, 0, 1, 0.3418259918689728, 1, 0, 8, 6, 13, 1, 0, 1, 1, 2, 3, 4, 0, 0, 0, 5, 1, 0.5], [1, 0, 1, 0.0, 0, 0, 8, 13, 20, 1, 0, 1, 1, 6, 5, 3, 0, 0, 0, 12, 0, 0.5], [1, 0, 1, 0.004108309745788574, 1, 1, 8, 7, 14, 1, 1, 1, 1, 2, 4, 6, 0, 0, 0, 6, 1, 0.9], [0, 0, 0, 0.027860283851623535, 0, 0, 8, 9, 16, 0, 0, 1, 0, 5, 2, 2, 0, 0, 0, 8, 0, 0.5], [0, 0, 0, 0.13951686024665833, 0, 0, 8, 3, 10, 0, 0, 0, 0, 1, 1, 4, 0, 0, 0, 2, 0, 0.6666666666666666], [0, 0, 1, 0.03643655776977539, 0, 0, 8, 13, 20, 0, 0, 1, 1, 1, 11, 3, 0, 0, 0, 12, 0, 0.5], [1, 0, 1, 0.19360095262527466, 0, 1, 6, 3, 8, 1, 0, 0, 0, 1, 1, 5, 0, 0, 0, 2, 0, 0.6666666666666666], [0, 0, 0, 0.012022286653518677, 0, 0, 8, 4, 11, 0, 0, 0, 0, 2, 1, 2, 0, 0, 0, 3, 0, 0.5], [0, 0, 0, 0.07228362560272217, 0, 0, 8, 6, 13, 0, 0, 0, 0, 4, 1, 2, 0, 0, 0, 5, 0, 0.8333333333333334], [0, 0, 0, 0.0, 0, 0, 8, 13, 20, 0, 0, 0, 0, 10, 2, 3, 0, 0, 0, 12, 0, 0.8333333333333334], [1, 0, 0, 0.012062430381774902, 0, 0, 8, 10, 17, 1, 0, 0, 0, 5, 3, 4, 0, 0, 0, 9, 0, 0.75], [0, 0, 0, 0.08350026607513428, 0, 1, 8, 12, 19, 0, 0, 1, 0, 4, 5, 6, 0, 0, 0, 11, 0, 0.6666666666666666], [0, 0, 0, 0.002052605152130127, 0, 0, 8, 6, 13, 0, 0, 0, 0, 4, 1, 3, 0, 0, 0, 5, 0, 0.5], [1, 0, 0, 0.004652857780456543, 1, 0, 8, 6, 13, 1, 0, 1, 0, 4, 1, 4, 0, 0, 0, 5, 1, 0.5], [0, 0, 0, 0.007622957229614258, 0, 0, 8, 4, 11, 0, 0, 0, 0, 2, 1, 5, 0, 0, 0, 3, 0, 0.5], [1, 0, 0, 0.3492557406425476, 1, 1, 8, 3, 10, 1, 0, 0, 0, 1, 1, 6, 0, 0, 0, 2, 1, 0.6], [1, 0, 1, 0.03807651996612549, 1, 0, 8, 9, 16, 1, 0, 1, 1, 2, 6, 4, 0, 0, 0, 8, 1, 0.6666666666666666], [0, 0, 0, 0.09066084027290344, 0, 0, 8, 8, 15, 0, 0, 0, 0, 6, 1, 4, 0, 0, 0, 7, 0, 0.6666666666666666], [0, 0, 0, 0.0863417387008667, 0, 0, 8, 3, 10, 0, 0, 0, 0, 1, 1, 3, 0, 0, 0, 2, 0, 0.6666666666666666], [0, 0, 0, 0.021940946578979492, 0, 0, 8, 5, 12, 0, 0, 0, 0, 2, 2, 3, 0, 0, 0, 4, 0, 0.75], [0, 0, 0, 0.0600319504737854, 0, 0, 8, 13, 20, 0, 0, 0, 0, 10, 2, 1, 0, 0, 0, 12, 0, 0.25], [0, 0, 0, 0.0980183482170105, 0, 0, 8, 3, 10, 0, 0, 0, 0, 1, 1, 1, 0, 0, 0, 2, 0, 0.23076923076923078], [0, 0, 0, 0.35712018609046936, 0, 0, 8, 3, 10, 0, 0, 0, 0, 1, 1, 2, 0, 0, 0, 2, 0, 0.3333333333333333], [0, 0, 0, 0.009572118520736694, 0, 0, 8, 3, 10, 0, 0, 0, 0, 1, 1, 2, 0, 0, 0, 2, 0, 0.5], [1, 0, 0, 0.015010178089141846, 0, 0, 5, 8, 12, 1, 0, 1, 0, 5, 2, 3, 0, 0, 0, 7, 0, 0.6666666666666666], [0, 0, 0, 0.019225388765335083, 0, 0, 8, 3, 10, 0, 0, 0, 0, 1, 1, 3, 0, 0, 0, 2, 0, 0.6666666666666666], [0, 0, 0, 0.008007526397705078, 0, 0, 8, 13, 20, 0, 0, 0, 0, 9, 2, 1, 0, 0, 0, 12, 0, 0.75], [0, 0, 0, 0.01355278491973877, 0, 0, 8, 9, 16, 0, 0, 1, 0, 4, 4, 3, 0, 0, 0, 8, 0, 0.8333333333333334], [1, 0, 0, 0.007250070571899414, 0, 0, 3, 3, 5, 1, 0, 0, 0, 1, 1, 2, 0, 0, 0, 2, 0, 0.6666666666666666], [0, 0, 0, 0.06364595890045166, 0, 0, 8, 3, 10, 0, 0, 0, 0, 1, 1, 5, 0, 0, 0, 2, 0, 0.5], [1, 0, 1, 0.15598255395889282, 1, 0, 8, 6, 13, 1, 1, 1, 1, 2, 3, 6, 0, 0, 0, 5, 1, 0.6666666666666666], [0, 0, 0, 0.07005566358566284, 0, 0, 8, 3, 10, 0, 0, 0, 0, 1, 1, 3, 0, 0, 0, 2, 0, 0.5], [0, 0, 0, 0.02943873405456543, 0, 0, 8, 13, 20, 0, 0, 0, 0, 9, 3, 1, 0, 0, 0, 12, 0, 0.14814814814814814], [1, 0, 1, 0.0210152268409729, 1, 1, 8, 8, 15, 1, 0, 1, 1, 3, 4, 3, 0, 0, 0, 7, 1, 0.8333333333333334], [1, 0, 1, 0.17701512575149536, 0, 0, 8, 4, 11, 1, 0, 1, 1, 2, 1, 3, 0, 0, 0, 3, 0, 0.5], [0, 0, 0, 0.01580280065536499, 0, 0, 8, 13, 20, 0, 0, 0, 0, 8, 2, 1, 0, 0, 0, 12, 0, 0.75], [0, 0, 0, 0.008146822452545166, 0, 0, 8, 13, 20, 0, 0, 0, 0, 6, 5, 2, 0, 0, 0, 12, 0, 0.5], [1, 0, 1, 0.061310410499572754, 1, 0, 8, 6, 13, 1, 0, 1, 1, 2, 3, 4, 0, 0, 0, 5, 1, 0.5], [0, 0, 0, 0.047791868448257446, 0, 0, 8, 5, 12, 0, 0, 0, 0, 3, 1, 2, 0, 0, 0, 4, 0, 0.5], [0, 0, 0, 0.0123748779296875, 0, 0, 8, 4, 11, 0, 0, 0, 0, 2, 1, 3, 0, 0, 0, 3, 0, 0.5], [0, 0, 0, 0.009143173694610596, 0, 0, 8, 6, 13, 0, 0, 0, 0, 2, 3, 5, 0, 0, 0, 5, 0, 0.5], [1, 0, 0, 0.07790648937225342, 1, 0, 8, 13, 20, 1, 0, 1, 0, 11, 1, 5, 0, 0, 0, 12, 1, 0.8], [1, 0, 1, 0.009909629821777344, 1, 0, 8, 13, 20, 1, 0, 1, 1, 2, 10, 5, 0, 0, 0, 12, 1, 0.8333333333333334], [1, 0, 0, 0.0015412569046020508, 0, 0, 8, 9, 16, 1, 0, 0, 0, 6, 2, 5, 0, 0, 0, 8, 0, 0.8], [0, 0, 0, 0.011242583394050598, 0, 0, 8, 3, 10, 0, 0, 0, 0, 1, 1, 3, 0, 0, 0, 2, 0, 0.875], [0, 0, 0, 0.14772140979766846, 0, 0, 8, 5, 12, 0, 0, 0, 0, 2, 2, 7, 0, 0, 0, 4, 0, 0.6666666666666666], [1, 0, 0, 0.022178471088409424, 0, 0, 8, 13, 20, 1, 0, 0, 0, 4, 4, 1, 0, 0, 0, 12, 0, 0.75], [0, 0, 0, 0.0562683641910553, 0, 0, 8, 4, 11, 0, 0, 0, 0, 2, 1, 5, 0, 0, 0, 3, 0, 0.6666666666666666], [0, 0, 0, 0.0, 0, 0, 8, 13, 20, 0, 0, 0, 0, 10, 2, 3, 0, 0, 0, 12, 0, 0.8333333333333334], [0, 0, 1, 0.03643655776977539, 0, 0, 8, 13, 20, 0, 0, 1, 1, 1, 11, 3, 0, 0, 0, 12, 0, 0.5], [1, 0, 0, 0.04502671957015991, 1, 0, 8, 4, 11, 1, 0, 1, 0, 2, 1, 5, 0, 0, 0, 3, 1, 0.5], [1, 0, 0, 0.0038270950317382812, 0, 1, 8, 7, 14, 1, 0, 0, 0, 1, 5, 6, 0, 0, 0, 6, 0, 0.9], [0, 0, 0, 0.0007839202880859375, 0, 0, 8, 7, 14, 0, 0, 0, 0, 5, 1, 1, 0, 0, 0, 6, 0, 0.5], [0, 0, 0, 0.06531131267547607, 0, 0, 8, 5, 12, 0, 0, 0, 0, 3, 1, 5, 0, 0, 0, 4, 0, 0.875], [0, 0, 0, 0.17505216598510742, 0, 1, 8, 12, 19, 0, 0, 0, 0, 7, 3, 3, 0, 0, 0, 11, 0, 0.5], [0, 0, 0, 0.04876357316970825, 0, 0, 8, 13, 20, 0, 0, 0, 0, 11, 1, 1, 0, 0, 0, 12, 0, 0.5], [0, 0, 0, 0.06260228157043457, 0, 0, 8, 13, 20, 0, 0, 0, 0, 9, 3, 1, 0, 0, 0, 12, 0, 0.5], [0, 0, 0, 0.0, 0, 0, 2, 4, 5, 0, 0, 0, 0, 2, 1, 1, 0, 0, 0, 3, 0, 0.5], [1, 0, 0, 0.0018323659896850586, 0, 0, 8, 3, 10, 1, 0, 0, 0, 1, 1, 6, 0, 0, 0, 2, 0, 0.8666666666666667], [0, 0, 0, 0.005261808633804321, 0, 0, 7, 3, 9, 0, 0, 0, 0, 1, 1, 5, 0, 0, 0, 2, 0, 0.75], [0, 0, 0, 0.015666544437408447, 0, 0, 8, 4, 11, 0, 0, 0, 0, 2, 1, 3, 0, 0, 0, 3, 0, 0.5], [0, 0, 0, 0.0, 0, 0, 8, 3, 10, 0, 0, 0, 0, 1, 1, 4, 0, 0, 0, 2, 0, 0.5], [1, 0, 0, 0.0038272738456726074, 0, 0, 8, 3, 10, 1, 1, 0, 0, 1, 1, 6, 0, 0, 0, 2, 0, 0.9], [1, 0, 1, 0.12382769584655762, 0, 0, 8, 4, 11, 1, 0, 1, 0, 2, 1, 3, 0, 0, 0, 3, 0, 0.75], [0, 0, 0, 0.052944064140319824, 0, 0, 8, 10, 17, 0, 0, 1, 0, 4, 4, 3, 0, 0, 0, 9, 0, 0.6666666666666666], [0, 0, 0, 0.05339449644088745, 0, 0, 8, 13, 20, 0, 0, 1, 0, 8, 3, 1, 0, 0, 0, 12, 0, 0.5], [1, 0, 1, 0.051210641860961914, 1, 0, 8, 7, 14, 1, 0, 1, 1, 3, 3, 4, 0, 0, 0, 6, 1, 0.6], [1, 0, 0, 0.03055250644683838, 0, 0, 8, 11, 18, 1, 0, 1, 0, 3, 7, 4, 0, 0, 0, 10, 0, 0.75], [1, 0, 0, 0.0066901445388793945, 0, 0, 8, 9, 16, 1, 0, 1, 0, 2, 6, 6, 0, 0, 0, 8, 0, 0.9], [1, 0, 1, 0.02183365821838379, 1, 1, 8, 12, 19, 1, 0, 1, 1, 4, 7, 6, 0, 0, 0, 11, 1, 0.6666666666666666], [0, 0, 0, 0.0649029016494751, 0, 0, 8, 13, 20, 0, 0, 0, 0, 8, 4, 5, 0, 0, 0, 12, 0, 0.5], [0, 0, 0, 0.21582138538360596, 0, 0, 8, 3, 10, 0, 0, 0, 0, 1, 1, 3, 0, 0, 0, 2, 0, 0.6666666666666666], [0, 0, 0, 0.07883945107460022, 0, 0, 8, 3, 10, 0, 0, 0, 0, 1, 1, 3, 0, 0, 0, 2, 0, 0.5], [0, 0, 0, 0.10683301091194153, 0, 0, 8, 3, 10, 0, 0, 0, 0, 1, 1, 2, 0, 0, 0, 2, 0, 0.5], [0, 0, 0, 0.034264981746673584, 0, 0, 4, 5, 8, 0, 0, 0, 0, 2, 2, 3, 0, 0, 0, 4, 0, 0.75], [0, 0, 0, 0.15881264209747314, 0, 0, 8, 3, 10, 0, 0, 0, 0, 1, 1, 6, 0, 0, 0, 2, 0, 0.6666666666666666], [0, 0, 0, 0.011045873165130615, 0, 0, 8, 3, 10, 0, 0, 0, 0, 1, 1, 4, 0, 0, 0, 2, 0, 0.5], [0, 0, 0, 0.0878605842590332, 0, 0, 8, 3, 10, 0, 0, 0, 0, 1, 1, 6, 0, 0, 0, 2, 0, 0.5], [1, 0, 0, 0.033556580543518066, 0, 0, 8, 7, 14, 1, 0, 0, 0, 3, 3, 5, 0, 0, 0, 6, 0, 0.75], [0, 0, 0, 0.011781513690948486, 0, 0, 8, 13, 20, 0, 0, 0, 0, 11, 1, 1, 0, 0, 0, 12, 0, 0.14814814814814814], [0, 0, 0, 0.0071344077587127686, 0, 0, 8, 3, 10, 0, 0, 0, 0, 1, 1, 3, 0, 0, 0, 2, 0, 0.5], [0, 0, 0, 0.0071833133697509766, 0, 0, 8, 13, 20, 0, 0, 1, 0, 8, 2, 1, 0, 0, 0, 12, 0, 0.75], [1, 0, 0, 0.07510757446289062, 0, 0, 7, 11, 17, 1, 0, 1, 0, 4, 3, 6, 0, 0, 0, 10, 0, 0.6666666666666666], [0, 0, 0, 0.20566320419311523, 0, 0, 8, 3, 10, 0, 0, 0, 0, 1, 1, 6, 0, 0, 0, 2, 0, 0.75], [1, 0, 0, 0.05377185344696045, 0, 0, 8, 4, 11, 1, 0, 0, 0, 2, 1, 5, 0, 0, 0, 3, 0, 0.8], [0, 0, 0, 0.03570657968521118, 0, 0, 8, 4, 11, 0, 0, 0, 0, 2, 1, 2, 0, 0, 0, 3, 0, 0.5], [0, 0, 0, 0.018248438835144043, 0, 0, 8, 13, 20, 0, 0, 0, 0, 10, 2, 1, 0, 0, 0, 12, 0, 0.25], [0, 0, 0, 0.051483213901519775, 0, 0, 8, 13, 20, 0, 0, 0, 0, 11, 1, 1, 0, 0, 0, 12, 0, 0.5], [0, 0, 0, 0.0, 0, 0, 8, 13, 20, 0, 0, 0, 0, 10, 2, 3, 0, 0, 0, 12, 0, 0.8333333333333334], [0, 0, 0, 0.042987823486328125, 0, 0, 8, 13, 20, 0, 0, 0, 0, 9, 2, 5, 0, 0, 0, 12, 0, 0.75], [1, 0, 0, 0.05279117822647095, 0, 0, 8, 4, 11, 1, 0, 0, 0, 2, 1, 4, 0, 0, 0, 3, 0, 0.5], [0, 0, 0, 0.01137697696685791, 0, 0, 8, 11, 18, 0, 0, 1, 0, 9, 1, 5, 0, 0, 0, 10, 0, 0.6666666666666666], [0, 0, 0, 0.13623929023742676, 0, 0, 8, 3, 10, 0, 0, 0, 0, 1, 1, 5, 0, 0, 0, 2, 0, 0.6666666666666666], [1, 0, 0, 0.049019813537597656, 0, 0, 8, 13, 20, 1, 0, 0, 0, 8, 3, 2, 0, 0, 0, 12, 0, 0.5], [0, 0, 0, 0.023078233003616333, 0, 0, 8, 3, 10, 0, 0, 0, 0, 1, 1, 5, 0, 0, 0, 2, 0, 0.5], [0, 0, 0, 0.00012183189392089844, 0, 0, 8, 13, 20, 0, 0, 0, 0, 9, 2, 1, 0, 0, 0, 12, 0, 0.5], [0, 0, 0, 0.018989205360412598, 0, 0, 8, 13, 20, 0, 1, 1, 0, 11, 1, 1, 0, 0, 0, 12, 0, 0.06451612903225806], [0, 0, 0, 0.03553503751754761, 0, 0, 8, 8, 15, 0, 0, 0, 0, 5, 2, 4, 0, 0, 0, 7, 0, 0.7272727272727273], [0, 0, 0, 0.07598796486854553, 0, 0, 8, 3, 10, 0, 0, 0, 0, 1, 1, 4, 0, 0, 0, 2, 0, 0.75], [0, 0, 0, 0.03762108087539673, 0, 0, 8, 13, 20, 0, 0, 0, 0, 11, 1, 1, 0, 0, 0, 12, 0, 0.25], [0, 0, 0, 0.012464761734008789, 0, 0, 8, 3, 10, 0, 0, 0, 0, 1, 1, 5, 0, 0, 0, 2, 0, 0.5], [0, 0, 0, 0.01397395133972168, 0, 0, 8, 13, 20, 0, 0, 0, 0, 11, 1, 3, 0, 0, 0, 12, 0, 0.6666666666666666], [1, 0, 1, 0.6297508478164673, 0, 0, 8, 5, 12, 1, 0, 1, 1, 2, 2, 4, 0, 0, 0, 4, 0, 0.5], [0, 0, 0, 0.0, 0, 0, 6, 3, 8, 1, 0, 0, 0, 1, 1, 5, 0, 0, 0, 2, 0, 0.6666666666666666], [1, 0, 1, 0.0010845661163330078, 1, 0, 8, 13, 20, 1, 0, 1, 0, 9, 2, 1, 0, 0, 0, 12, 1, 0.75], [0, 0, 0, 0.02232813835144043, 0, 0, 8, 13, 20, 0, 0, 0, 0, 10, 2, 3, 0, 0, 0, 12, 0, 0.6666666666666666], [1, 0, 0, 0.003915607929229736, 0, 0, 8, 10, 17, 1, 0, 0, 0, 7, 2, 3, 0, 0, 0, 9, 1, 0.6666666666666666], [0, 0, 0, 0.10604363679885864, 0, 0, 8, 13, 20, 0, 0, 0, 0, 10, 2, 1, 0, 0, 0, 12, 0, 0.6666666666666666], [0, 0, 0, 0.015154093503952026, 0, 0, 8, 8, 15, 0, 0, 0, 0, 1, 6, 1, 0, 0, 0, 7, 0, 0.6666666666666666], [0, 0, 0, 0.1127130389213562, 0, 0, 8, 6, 13, 0, 0, 0, 0, 1, 4, 4, 0, 0, 0, 5, 0, 0.6666666666666666], [1, 0, 1, 0.14492622017860413, 0, 0, 8, 11, 18, 1, 0, 1, 1, 8, 2, 4, 0, 0, 0, 10, 0, 0.5], [1, 0, 1, 0.005637526512145996, 1, 0, 6, 13, 18, 1, 0, 1, 1, 3, 9, 5, 0, 0, 0, 12, 1, 0.9], [0, 0, 0, 0.0029164552688598633, 0, 0, 8, 3, 10, 0, 0, 0, 0, 1, 1, 6, 0, 0, 0, 2, 0, 0.6666666666666666], [1, 0, 0, 0.12249124050140381, 0, 0, 6, 3, 8, 1, 0, 0, 0, 1, 1, 5, 0, 0, 0, 2, 0, 0.6666666666666666], [1, 0, 0, 0.08653545379638672, 0, 0, 8, 3, 10, 1, 0, 0, 0, 1, 1, 4, 0, 0, 0, 2, 0, 0.5], [0, 0, 0, 0.021700352430343628, 0, 0, 8, 4, 11, 0, 0, 0, 0, 2, 1, 5, 0, 0, 0, 3, 0, 0.6666666666666666], [0, 0, 0, 0.05071544647216797, 0, 0, 8, 13, 20, 0, 0, 0, 0, 10, 2, 1, 0, 0, 0, 12, 0, 0.5], [0, 0, 0, 0.00013059377670288086, 0, 0, 8, 3, 10, 0, 0, 0, 0, 1, 1, 4, 0, 0, 0, 2, 0, 0.5], [0, 0, 0, 0.08799237012863159, 0, 0, 8, 3, 10, 0, 0, 0, 0, 1, 1, 6, 0, 0, 0, 2, 0, 0.6666666666666666], [0, 0, 0, 0.08899998664855957, 0, 0, 8, 13, 20, 0, 0, 0, 0, 7, 5, 6, 0, 0, 0, 12, 0, 0.6666666666666666], [0, 0, 0, 0.06390988826751709, 0, 0, 8, 13, 20, 0, 0, 0, 0, 8, 3, 6, 0, 0, 0, 12, 0, 0.8333333333333334], [0, 0, 0, 0.048758625984191895, 0, 0, 8, 10, 17, 0, 0, 1, 0, 7, 2, 5, 0, 0, 0, 9, 0, 0.6666666666666666], [0, 0, 0, 0.025189101696014404, 0, 0, 8, 10, 17, 0, 0, 0, 0, 4, 5, 6, 0, 0, 0, 9, 0, 0.8666666666666667], [0, 0, 0, 0.04842585325241089, 0, 0, 8, 6, 13, 0, 0, 0, 0, 4, 1, 2, 0, 0, 0, 5, 0, 0.3333333333333333], [0, 0, 0, 0.19598418474197388, 0, 0, 8, 5, 12, 0, 0, 0, 0, 3, 1, 6, 0, 0, 0, 4, 0, 0.6666666666666666], [0, 0, 0, 0.07032084465026855, 0, 0, 8, 4, 11, 0, 0, 0, 0, 2, 1, 3, 0, 0, 0, 3, 0, 0.8333333333333334], [0, 0, 0, 0.19097661972045898, 0, 0, 8, 4, 11, 0, 0, 0, 0, 2, 1, 5, 0, 0, 0, 3, 0, 0.6666666666666666], [1, 0, 1, 0.03004896640777588, 1, 0, 8, 13, 20, 1, 0, 1, 1, 2, 9, 6, 0, 0, 0, 12, 1, 0.8571428571428571], [1, 0, 0, 0.06328070163726807, 0, 0, 8, 4, 11, 1, 0, 1, 0, 2, 1, 4, 0, 0, 0, 3, 0, 0.6666666666666666], [1, 0, 0, 0.02656102180480957, 0, 0, 8, 13, 20, 1, 0, 1, 0, 6, 4, 1, 0, 0, 0, 12, 0, 0.75], [0, 0, 0, 0.0, 0, 0, 8, 13, 20, 0, 0, 0, 0, 10, 2, 3, 0, 0, 0, 12, 0, 0.8333333333333334], [1, 0, 1, 0.0, 0, 0, 5, 4, 8, 1, 1, 1, 1, 2, 1, 3, 0, 0, 0, 3, 1, 0.9], [0, 0, 0, 0.056050777435302734, 0, 0, 8, 13, 20, 0, 0, 0, 0, 10, 2, 6, 0, 0, 0, 12, 0, 0.75], [0, 0, 0, 0.02098110318183899, 0, 0, 8, 8, 15, 0, 0, 0, 0, 6, 1, 2, 0, 0, 0, 7, 0, 0.6666666666666666], [1, 0, 1, 0.0064661502838134766, 1, 0, 8, 7, 14, 1, 0, 1, 1, 3, 3, 3, 0, 0, 0, 6, 1, 0.875], [0, 0, 0, 0.03529250621795654, 0, 0, 8, 4, 11, 0, 0, 0, 0, 2, 1, 6, 0, 0, 0, 3, 0, 0.6666666666666666], [1, 0, 0, 0.04425841569900513, 0, 0, 8, 4, 11, 1, 0, 1, 0, 2, 1, 3, 0, 0, 0, 3, 0, 0.6666666666666666], [0, 0, 0, 0.029910773038864136, 0, 0, 8, 9, 16, 0, 0, 0, 0, 7, 1, 2, 0, 0, 0, 8, 0, 0.5], [1, 0, 0, 0.13110309839248657, 0, 0, 8, 3, 10, 1, 0, 0, 0, 1, 1, 7, 0, 0, 0, 2, 0, 0.6666666666666666], [0, 0, 0, 0.08177158236503601, 0, 0, 8, 13, 20, 0, 0, 0, 0, 10, 2, 1, 0, 0, 0, 12, 0, 0.14814814814814814], [1, 0, 1, 0.01951432228088379, 1, 0, 8, 8, 15, 1, 1, 1, 1, 5, 2, 3, 0, 0, 0, 7, 1, 0.875], [0, 0, 0, 0.0077114105224609375, 0, 0, 8, 3, 10, 0, 0, 0, 0, 1, 1, 4, 0, 0, 0, 2, 0, 0.6666666666666666], [1, 0, 0, 0.01423335075378418, 0, 0, 8, 10, 17, 1, 0, 1, 0, 6, 3, 1, 0, 0, 0, 9, 0, 0.3333333333333333], [0, 0, 0, 0.08071252703666687, 0, 0, 8, 6, 13, 0, 0, 0, 0, 4, 1, 4, 0, 0, 0, 5, 0, 0.7272727272727273], [0, 0, 0, 0.027768194675445557, 0, 0, 8, 6, 13, 0, 0, 0, 0, 4, 1, 4, 0, 0, 0, 5, 0, 0.5], [0, 0, 0, 0.04094803333282471, 0, 0, 8, 5, 12, 0, 0, 0, 0, 3, 1, 5, 0, 0, 0, 4, 0, 0.6666666666666666], [0, 0, 0, 0.01881706714630127, 0, 0, 8, 10, 17, 0, 0, 0, 0, 8, 1, 3, 0, 0, 0, 9, 0, 0.5], [1, 0, 1, 0.019177734851837158, 1, 0, 8, 7, 14, 1, 0, 1, 1, 2, 4, 6, 0, 0, 0, 6, 1, 0.8666666666666667], [0, 0, 0, 0.15971124172210693, 0, 0, 8, 3, 10, 0, 0, 0, 0, 1, 1, 5, 0, 0, 0, 2, 0, 0.6666666666666666], [1, 0, 1, 0.029221773147583008, 1, 0, 8, 7, 14, 1, 0, 1, 1, 2, 4, 3, 0, 0, 0, 6, 1, 0.7916666666666666], [1, 0, 1, 0.16199374198913574, 0, 0, 8, 6, 13, 1, 0, 1, 1, 3, 2, 4, 0, 0, 0, 5, 1, 0.5], [0, 0, 0, 0.003930211067199707, 0, 0, 7, 9, 15, 0, 0, 0, 0, 1, 7, 5, 0, 0, 0, 8, 0, 0.9], [0, 0, 0, 0.05095088481903076, 0, 0, 8, 13, 20, 0, 0, 0, 0, 10, 2, 1, 0, 0, 0, 12, 0, 0.25], [0, 0, 0, 0.125228613615036, 0, 0, 8, 3, 10, 0, 0, 0, 0, 1, 1, 3, 0, 0, 0, 2, 0, 0.5], [0, 0, 0, 0.07656565308570862, 0, 0, 8, 6, 13, 0, 0, 0, 0, 3, 2, 3, 0, 0, 0, 5, 0, 0.75], [0, 0, 0, 0.10912948846817017, 0, 0, 8, 13, 20, 0, 0, 0, 0, 5, 4, 4, 0, 0, 0, 12, 0, 0.75], [1, 0, 0, 0.05427283048629761, 0, 0, 8, 4, 11, 1, 0, 0, 0, 2, 1, 5, 0, 0, 0, 3, 0, 0.6666666666666666], [0, 0, 0, 0.021474212408065796, 0, 0, 8, 5, 12, 0, 0, 0, 0, 3, 1, 5, 0, 0, 0, 4, 0, 0.6666666666666666], [1, 0, 1, 0.029541492462158203, 0, 0, 8, 13, 20, 1, 0, 1, 1, 10, 2, 1, 0, 0, 0, 12, 0, 0.25], [0, 0, 0, 0.04429906606674194, 0, 0, 8, 13, 20, 0, 0, 0, 0, 10, 2, 1, 0, 0, 0, 12, 0, 0.5], [0, 0, 0, 0.09762150049209595, 0, 0, 8, 3, 10, 0, 0, 0, 0, 1, 1, 4, 0, 0, 0, 2, 0, 0.5], [0, 0, 0, 0.060939252376556396, 0, 0, 8, 3, 10, 0, 0, 0, 0, 1, 1, 5, 0, 0, 0, 2, 0, 0.5], [1, 0, 1, 0.006595134735107422, 1, 0, 7, 9, 15, 1, 0, 1, 1, 2, 6, 5, 0, 0, 0, 8, 1, 0.9], [0, 0, 0, 0.25514674186706543, 0, 0, 8, 5, 12, 0, 0, 0, 0, 2, 2, 2, 0, 0, 0, 4, 0, 0.6666666666666666], [0, 0, 0, 0.024182140827178955, 0, 0, 8, 4, 11, 0, 0, 0, 0, 2, 1, 5, 0, 0, 0, 3, 0, 0.5], [0, 0, 0, 0.034332841634750366, 0, 0, 8, 7, 14, 0, 0, 0, 0, 5, 1, 1, 0, 0, 0, 6, 0, 0.5], [0, 0, 0, 0.003879457712173462, 0, 0, 8, 13, 20, 0, 0, 0, 0, 8, 3, 2, 0, 0, 0, 12, 0, 0.5], [1, 0, 0, 0.06882548332214355, 0, 0, 8, 3, 10, 1, 0, 0, 0, 1, 1, 6, 0, 0, 0, 2, 0, 0.5], [0, 0, 0, 0.007691740989685059, 0, 0, 8, 3, 10, 0, 0, 0, 0, 1, 1, 4, 0, 0, 0, 2, 0, 0.5], [0, 0, 0, 0.05212375521659851, 0, 0, 8, 13, 20, 0, 0, 0, 0, 11, 1, 1, 0, 0, 0, 12, 0, 0.5], [0, 0, 0, 0.013232588768005371, 0, 0, 8, 13, 20, 0, 0, 0, 0, 10, 2, 1, 0, 0, 0, 12, 0, 0.5], [0, 0, 0, 0.000882267951965332, 0, 0, 8, 4, 11, 0, 0, 0, 0, 2, 1, 6, 0, 0, 0, 3, 0, 0.875], [0, 0, 0, 0.016016244888305664, 0, 0, 8, 13, 20, 0, 0, 0, 0, 7, 4, 2, 0, 0, 0, 12, 0, 0.6666666666666666], [0, 0, 0, 0.18521815538406372, 0, 0, 8, 3, 10, 0, 0, 0, 0, 1, 1, 6, 0, 0, 0, 2, 0, 0.6666666666666666], [1, 0, 0, 0.0007971525192260742, 0, 0, 8, 13, 20, 1, 0, 1, 0, 9, 2, 2, 0, 0, 0, 12, 0, 0.5], [0, 0, 0, 0.06165558099746704, 0, 0, 8, 3, 10, 0, 0, 0, 0, 1, 1, 2, 0, 0, 0, 2, 0, 0.4], [1, 0, 0, 0.002824246883392334, 0, 0, 8, 10, 17, 1, 0, 0, 0, 7, 2, 4, 0, 0, 0, 9, 0, 0.6666666666666666], [0, 0, 0, 0.06283092498779297, 0, 0, 8, 3, 10, 0, 0, 0, 0, 1, 1, 2, 0, 0, 0, 2, 0, 0.5], [0, 0, 0, 0.021591782569885254, 0, 0, 8, 4, 11, 0, 0, 0, 0, 2, 1, 2, 0, 0, 0, 3, 0, 0.5], [0, 0, 0, 0.10982078313827515, 0, 0, 8, 3, 10, 0, 0, 0, 0, 1, 1, 3, 0, 0, 0, 2, 0, 0.6], [0, 0, 0, 0.0033110380172729492, 0, 0, 8, 13, 20, 0, 0, 0, 0, 11, 1, 2, 0, 0, 0, 12, 0, 0.5], [0, 0, 0, 0.03310859203338623, 0, 0, 8, 4, 11, 0, 0, 0, 0, 2, 1, 3, 0, 0, 0, 3, 0, 0.75], [0, 0, 0, 0.030708491802215576, 0, 0, 8, 3, 10, 0, 0, 0, 0, 1, 1, 3, 0, 0, 0, 2, 0, 0.5], [0, 0, 0, 0.06954008340835571, 0, 0, 8, 4, 11, 0, 0, 0, 0, 2, 1, 2, 0, 0, 0, 3, 0, 0.5], [1, 0, 0, 0.03860747814178467, 0, 0, 5, 3, 7, 1, 0, 0, 0, 1, 1, 3, 0, 0, 0, 2, 0, 0.75], [1, 0, 1, 0.0, 0, 0, 8, 6, 13, 1, 0, 1, 1, 3, 2, 4, 0, 0, 0, 5, 0, 0.5], [0, 0, 0, 0.06706485152244568, 0, 0, 8, 3, 10, 0, 0, 0, 0, 1, 1, 3, 0, 0, 0, 2, 0, 0.5], [1, 0, 1, 0.16199374198913574, 0, 0, 8, 6, 13, 1, 0, 1, 1, 3, 2, 4, 0, 0, 0, 5, 1, 0.5], [1, 0, 0, 0.07169705629348755, 0, 0, 8, 3, 10, 1, 0, 0, 0, 1, 1, 3, 0, 0, 0, 2, 0, 0.6666666666666666], [1, 0, 0, 0.0, 0, 0, 8, 13, 20, 1, 0, 1, 0, 4, 6, 3, 0, 0, 0, 12, 0, 0.5], [0, 0, 0, 8.106231689453125e-06, 0, 0, 8, 3, 10, 0, 0, 0, 0, 1, 1, 5, 0, 0, 0, 2, 0, 0.5], [1, 0, 0, 0.07628041505813599, 0, 0, 8, 9, 16, 1, 0, 1, 0, 5, 3, 6, 0, 0, 0, 8, 1, 0.6666666666666666], [0, 0, 0, 0.022023797035217285, 0, 0, 8, 13, 20, 0, 0, 0, 0, 10, 2, 1, 0, 0, 0, 12, 0, 0.09090909090909091], [1, 0, 0, 0.025329798460006714, 1, 0, 8, 5, 12, 1, 0, 1, 0, 3, 1, 6, 0, 0, 0, 4, 1, 0.6666666666666666], [0, 0, 0, 0.034461140632629395, 0, 0, 8, 13, 20, 0, 0, 0, 0, 11, 1, 5, 0, 0, 0, 12, 0, 0.75], [0, 0, 0, 0.041647911071777344, 0, 0, 8, 13, 20, 0, 0, 0, 0, 10, 2, 1, 0, 0, 0, 12, 0, 0.5], [1, 0, 1, 0.15598255395889282, 1, 0, 8, 6, 13, 1, 0, 1, 1, 2, 3, 6, 0, 0, 0, 5, 1, 0.6666666666666666], [0, 0, 1, 0.12369838356971741, 0, 0, 8, 5, 12, 0, 0, 1, 1, 3, 1, 3, 0, 0, 0, 4, 0, 0.7272727272727273], [0, 0, 0, 0.0019192695617675781, 0, 0, 8, 4, 11, 0, 1, 0, 0, 2, 1, 5, 0, 0, 0, 3, 0, 0.5714285714285714], [0, 0, 0, 0.346607506275177, 0, 0, 8, 3, 10, 0, 0, 0, 0, 1, 1, 4, 0, 0, 0, 2, 0, 0.5], [0, 0, 0, 0.0, 0, 0, 6, 5, 10, 0, 0, 0, 0, 3, 1, 3, 0, 0, 0, 4, 0, 0.6666666666666666], [0, 0, 0, 0.0396307110786438, 0, 0, 8, 3, 10, 0, 0, 0, 0, 1, 1, 3, 0, 0, 0, 2, 0, 0.6666666666666666], [0, 0, 0, 0.15135890245437622, 0, 0, 8, 4, 11, 0, 0, 0, 0, 2, 1, 3, 0, 0, 0, 3, 0, 0.5], [0, 0, 0, 0.007622838020324707, 0, 0, 8, 3, 10, 0, 0, 0, 0, 1, 1, 5, 0, 0, 0, 2, 0, 0.5], [1, 0, 1, 0.01757824420928955, 1, 0, 8, 9, 16, 1, 0, 1, 1, 4, 3, 4, 0, 0, 0, 8, 1, 0.8333333333333334], [0, 0, 0, 0.03082108497619629, 0, 0, 8, 13, 20, 0, 0, 0, 0, 10, 2, 1, 0, 0, 0, 12, 0, 0.5], [1, 0, 1, 0.012979388236999512, 1, 0, 6, 7, 12, 1, 0, 1, 1, 4, 2, 4, 0, 0, 0, 6, 1, 0.75], [0, 0, 0, 0.027860283851623535, 0, 0, 8, 9, 16, 0, 0, 1, 0, 5, 2, 2, 0, 0, 0, 8, 0, 0.5], [0, 0, 0, 0.0039258599281311035, 0, 0, 8, 10, 17, 0, 0, 0, 0, 3, 6, 2, 0, 0, 0, 9, 0, 0.75], [0, 0, 0, 0.0615810751914978, 0, 0, 8, 3, 10, 0, 0, 0, 0, 1, 1, 2, 0, 0, 0, 2, 0, 0.5], [0, 0, 0, 0.0262184739112854, 0, 0, 8, 13, 20, 0, 0, 0, 0, 6, 3, 3, 0, 0, 0, 12, 0, 0.5], [0, 0, 0, 0.0071833133697509766, 0, 0, 8, 13, 20, 0, 0, 1, 0, 8, 2, 1, 0, 0, 0, 12, 0, 0.75], [1, 0, 0, 0.11827820539474487, 0, 0, 8, 6, 13, 1, 0, 0, 0, 3, 2, 6, 0, 0, 0, 5, 0, 0.6666666666666666], [0, 0, 0, 0.031814247369766235, 0, 0, 8, 3, 10, 0, 0, 0, 0, 1, 1, 4, 0, 0, 0, 2, 0, 0.5], [0, 0, 0, 0.031061261892318726, 0, 0, 8, 6, 13, 0, 0, 0, 0, 4, 1, 3, 0, 0, 0, 5, 0, 0.5], [1, 0, 1, 0.004108309745788574, 1, 1, 8, 7, 14, 1, 0, 1, 1, 2, 4, 6, 0, 0, 0, 6, 1, 0.9], [0, 0, 0, 0.1505640745162964, 0, 0, 8, 9, 16, 0, 0, 0, 0, 7, 1, 1, 0, 0, 0, 8, 0, 0.5], [0, 0, 0, 0.06803810596466064, 0, 0, 8, 13, 20, 0, 0, 0, 0, 11, 1, 5, 0, 0, 0, 12, 0, 0.8], [1, 0, 0, 0.0, 1, 0, 7, 5, 11, 1, 0, 1, 0, 2, 2, 5, 0, 0, 0, 4, 1, 0.5], [0, 0, 0, 0.006191045045852661, 0, 0, 8, 13, 20, 0, 0, 0, 0, 11, 1, 1, 0, 0, 0, 12, 0, 0.25], [0, 0, 0, 0.2564819008111954, 0, 0, 8, 3, 10, 0, 0, 0, 0, 1, 1, 5, 0, 0, 0, 2, 0, 0.6666666666666666], [1, 0, 0, 0.0, 0, 0, 5, 6, 10, 1, 1, 1, 0, 4, 1, 3, 0, 0, 0, 5, 0, 0.6842105263157895], [1, 0, 1, 0.13578909635543823, 0, 0, 8, 8, 15, 1, 0, 1, 1, 4, 3, 4, 0, 0, 0, 7, 0, 0.5], [0, 0, 0, 0.13695091009140015, 0, 0, 7, 4, 10, 0, 0, 0, 0, 2, 1, 6, 0, 0, 0, 3, 0, 0.75], [0, 0, 0, 0.050052523612976074, 0, 0, 8, 3, 10, 0, 0, 0, 0, 1, 1, 5, 0, 0, 0, 2, 0, 0.6666666666666666], [0, 0, 0, 0.00021001696586608887, 0, 0, 8, 5, 12, 0, 0, 0, 0, 3, 1, 5, 0, 0, 0, 4, 0, 0.8333333333333334], [0, 0, 0, 0.06059920787811279, 0, 0, 8, 3, 10, 0, 0, 0, 0, 1, 1, 2, 0, 0, 0, 2, 0, 0.5], [0, 0, 0, 0.02790313959121704, 0, 0, 8, 4, 11, 0, 0, 0, 0, 2, 1, 3, 0, 0, 0, 3, 0, 0.8333333333333334], [0, 0, 0, 0.20210808515548706, 0, 0, 8, 3, 10, 0, 0, 0, 0, 1, 1, 4, 0, 0, 0, 2, 0, 0.9], [0, 0, 1, 0.03643655776977539, 0, 0, 8, 13, 20, 0, 0, 1, 1, 2, 10, 3, 0, 0, 0, 12, 0, 0.5], [1, 0, 0, 0.01619410514831543, 0, 0, 8, 13, 20, 1, 1, 1, 0, 6, 4, 2, 0, 0, 0, 12, 0, 0.5], [0, 0, 0, 0.017911136150360107, 0, 0, 8, 4, 11, 0, 0, 0, 0, 2, 1, 4, 0, 0, 0, 3, 0, 0.5], [0, 0, 0, 0.06848403811454773, 0, 0, 8, 5, 12, 0, 0, 0, 0, 3, 1, 4, 0, 0, 0, 4, 0, 0.6666666666666666], [0, 0, 0, 0.005109876394271851, 0, 0, 8, 13, 20, 0, 0, 0, 0, 10, 2, 2, 0, 0, 0, 12, 0, 0.5], [0, 0, 0, 0.06882548332214355, 0, 0, 8, 3, 10, 0, 0, 0, 0, 1, 1, 6, 0, 0, 0, 2, 0, 0.5], [0, 0, 0, 0.013735771179199219, 0, 0, 8, 3, 10, 0, 0, 0, 0, 1, 1, 4, 0, 0, 0, 2, 0, 0.5], [0, 0, 0, 0.03159874677658081, 0, 0, 8, 4, 11, 0, 0, 0, 0, 2, 1, 5, 0, 0, 0, 3, 0, 0.5], [0, 0, 0, 0.02705523371696472, 0, 0, 8, 3, 10, 0, 0, 0, 0, 1, 1, 3, 0, 0, 0, 2, 0, 0.6666666666666666], [0, 0, 0, 0.0055831074714660645, 0, 0, 8, 3, 10, 0, 0, 0, 0, 1, 1, 4, 0, 0, 0, 2, 0, 0.5], [0, 0, 0, 0.16092950105667114, 0, 0, 8, 3, 10, 0, 0, 0, 0, 1, 1, 5, 0, 0, 0, 2, 0, 0.6666666666666666], [0, 0, 0, 0.1704237461090088, 0, 0, 8, 4, 11, 0, 0, 0, 0, 2, 1, 3, 0, 0, 0, 3, 0, 0.5], [1, 0, 1, 0.1321987509727478, 1, 1, 8, 12, 19, 1, 0, 1, 1, 4, 4, 5, 0, 0, 0, 11, 1, 0.6666666666666666], [0, 0, 0, 0.05800163745880127, 0, 0, 8, 13, 20, 0, 0, 0, 0, 11, 1, 1, 0, 0, 0, 12, 0, 0.6666666666666666], [0, 0, 0, 0.055723607540130615, 0, 0, 8, 13, 20, 0, 0, 0, 0, 9, 2, 1, 0, 0, 0, 12, 0, 0.5], [0, 0, 0, 0.04925030469894409, 0, 0, 8, 13, 20, 0, 0, 1, 0, 11, 1, 1, 0, 0, 0, 12, 0, 0.5], [1, 0, 1, 0.017524123191833496, 1, 0, 8, 13, 20, 1, 0, 1, 1, 3, 6, 5, 0, 0, 0, 12, 1, 0.75], [0, 0, 0, 0.05542314052581787, 0, 0, 8, 10, 17, 0, 0, 0, 0, 2, 7, 4, 0, 0, 0, 9, 0, 0.875], [0, 0, 0, 0.06221786141395569, 0, 0, 8, 3, 10, 0, 0, 0, 0, 1, 1, 4, 0, 0, 0, 2, 0, 0.75], [1, 0, 0, 0.03860741853713989, 0, 0, 5, 4, 8, 1, 0, 0, 0, 1, 2, 3, 0, 0, 0, 3, 0, 0.75], [0, 0, 0, 0.012887358665466309, 0, 0, 8, 13, 20, 0, 0, 0, 0, 10, 2, 3, 0, 0, 0, 12, 0, 0.6666666666666666], [0, 0, 0, 0.0009431838989257812, 0, 0, 8, 3, 10, 0, 0, 0, 0, 1, 1, 5, 0, 0, 0, 2, 0, 0.5], [0, 0, 0, 0.011525452136993408, 0, 0, 8, 13, 20, 0, 0, 0, 0, 7, 3, 1, 0, 0, 0, 12, 0, 0.75], [1, 0, 1, 0.008502840995788574, 0, 1, 8, 3, 10, 1, 0, 0, 0, 1, 1, 6, 0, 0, 0, 2, 0, 0.5], [1, 0, 1, 0.028430461883544922, 0, 1, 8, 3, 10, 1, 0, 0, 0, 1, 1, 5, 0, 0, 0, 2, 0, 0.8], [0, 0, 0, 0.042079031467437744, 0, 0, 8, 13, 20, 0, 0, 0, 0, 10, 2, 1, 0, 0, 0, 12, 0, 0.5], [0, 0, 0, 0.05026140809059143, 0, 0, 8, 3, 10, 0, 0, 0, 0, 1, 1, 4, 0, 0, 0, 2, 0, 0.75], [0, 0, 1, 0.03643655776977539, 0, 0, 8, 13, 20, 0, 0, 1, 1, 1, 11, 3, 0, 0, 0, 12, 0, 0.5], [1, 0, 1, 0.009909629821777344, 1, 0, 8, 13, 20, 1, 0, 1, 1, 5, 7, 5, 0, 0, 0, 12, 1, 0.8333333333333334], [0, 0, 0, 0.06300365924835205, 0, 0, 8, 4, 11, 0, 0, 0, 0, 1, 2, 7, 0, 0, 0, 3, 0, 0.6666666666666666], [0, 0, 0, 0.17586854100227356, 0, 0, 8, 4, 11, 0, 0, 0, 0, 2, 1, 3, 0, 0, 0, 3, 0, 0.5], [1, 0, 0, 0.0, 0, 0, 8, 13, 20, 1, 0, 0, 0, 7, 5, 6, 0, 0, 0, 12, 0, 0.6666666666666666], [0, 0, 0, 0.023240506649017334, 0, 0, 8, 3, 10, 0, 0, 0, 0, 1, 1, 4, 0, 0, 0, 2, 0, 0.6666666666666666], [0, 0, 0, 0.00933307409286499, 0, 0, 8, 11, 18, 0, 0, 1, 0, 6, 3, 4, 0, 0, 0, 10, 0, 0.75], [1, 0, 0, 0.007250070571899414, 0, 0, 3, 3, 5, 1, 0, 0, 0, 1, 1, 2, 0, 0, 0, 2, 0, 0.6666666666666666], [0, 0, 0, 0.16533231735229492, 0, 0, 8, 3, 10, 0, 0, 0, 0, 1, 1, 3, 0, 0, 0, 2, 0, 0.5], [0, 0, 0, 0.0, 0, 0, 8, 13, 20, 0, 0, 1, 0, 8, 3, 3, 0, 0, 0, 12, 0, 0.8333333333333334], [0, 0, 0, 0.06705617904663086, 0, 0, 8, 5, 12, 0, 0, 0, 0, 3, 1, 4, 0, 0, 0, 4, 0, 0.5], [0, 0, 0, 0.009537875652313232, 0, 0, 8, 3, 10, 0, 0, 0, 0, 1, 1, 5, 0, 0, 0, 2, 0, 0.5], [0, 0, 0, 0.10279977321624756, 0, 0, 8, 5, 12, 0, 0, 0, 0, 2, 2, 5, 0, 0, 0, 4, 0, 0.5], [1, 0, 0, 0.16410380601882935, 0, 0, 8, 4, 11, 1, 0, 1, 0, 2, 1, 6, 0, 0, 0, 3, 0, 0.5], [0, 0, 0, 0.0439833402633667, 0, 0, 8, 3, 10, 0, 0, 0, 0, 1, 1, 6, 0, 0, 0, 2, 0, 0.875], [0, 0, 0, 0.12249118089675903, 0, 0, 6, 3, 8, 0, 0, 0, 0, 1, 1, 5, 0, 0, 0, 2, 0, 0.6666666666666666], [0, 0, 0, 0.0771104097366333, 0, 0, 8, 3, 10, 0, 0, 0, 0, 1, 1, 5, 0, 0, 0, 2, 0, 0.5], [0, 0, 0, 0.07289475202560425, 0, 0, 8, 13, 20, 0, 0, 0, 0, 7, 3, 5, 0, 0, 0, 12, 0, 0.6666666666666666], [0, 0, 0, 0.13600456714630127, 0, 0, 8, 4, 11, 0, 0, 0, 0, 1, 2, 3, 0, 0, 0, 3, 0, 0.5], [0, 0, 0, 0.12214577198028564, 0, 0, 8, 3, 10, 0, 0, 0, 0, 1, 1, 3, 0, 0, 0, 2, 0, 0.6666666666666666], [1, 0, 0, 0.0, 0, 0, 8, 4, 11, 1, 0, 1, 0, 2, 1, 3, 0, 0, 0, 3, 1, 0.6666666666666666], [0, 0, 0, 0.17406782507896423, 0, 0, 8, 4, 11, 0, 0, 0, 0, 2, 1, 4, 0, 0, 0, 3, 0, 0.5], [0, 0, 0, 0.00473332405090332, 0, 0, 8, 3, 10, 0, 0, 0, 0, 1, 1, 6, 0, 0, 0, 2, 0, 0.5], [0, 0, 0, 0.0, 0, 0, 8, 13, 20, 0, 0, 1, 0, 10, 2, 3, 0, 0, 0, 12, 0, 0.8333333333333334], [0, 0, 0, 0.2170596718788147, 0, 0, 8, 11, 18, 0, 0, 0, 0, 7, 3, 4, 0, 0, 0, 10, 0, 0.5], [0, 0, 0, 0.011722445487976074, 0, 0, 8, 13, 20, 0, 0, 0, 0, 8, 3, 1, 0, 0, 0, 12, 0, 0.75], [0, 0, 0, 0.017968058586120605, 0, 0, 8, 3, 10, 0, 0, 0, 0, 1, 1, 6, 0, 0, 0, 2, 0, 0.5], [1, 0, 0, 0.0346449613571167, 0, 0, 8, 4, 11, 1, 0, 0, 0, 1, 2, 4, 0, 0, 0, 3, 0, 0.7272727272727273], [0, 0, 0, 0.17939135432243347, 0, 0, 8, 4, 11, 0, 0, 0, 0, 2, 1, 5, 0, 0, 0, 3, 0, 0.75], [0, 0, 0, 0.102733314037323, 0, 0, 8, 7, 14, 0, 0, 0, 0, 5, 1, 6, 0, 0, 0, 6, 0, 0.6666666666666666], [1, 0, 0, 0.04168343544006348, 0, 0, 5, 5, 9, 1, 0, 1, 0, 2, 2, 4, 0, 0, 0, 4, 0, 0.75], [0, 0, 0, 0.0, 0, 0, 7, 5, 11, 0, 1, 0, 0, 3, 1, 5, 0, 0, 0, 4, 0, 0.6666666666666666], [0, 0, 0, 0.023811697959899902, 0, 0, 8, 3, 10, 0, 0, 0, 0, 1, 1, 4, 0, 0, 0, 2, 0, 0.5], [0, 0, 0, 0.09539943933486938, 0, 0, 8, 6, 13, 0, 0, 0, 0, 4, 1, 5, 0, 0, 0, 5, 0, 0.5], [0, 0, 0, 0.0860673189163208, 0, 0, 8, 5, 12, 0, 0, 0, 0, 3, 1, 3, 0, 0, 0, 4, 0, 0.8333333333333334], [0, 0, 0, 0.04724377393722534, 0, 0, 8, 3, 10, 0, 0, 0, 0, 1, 1, 4, 0, 0, 0, 2, 0, 0.5], [1, 0, 1, 0.10257786512374878, 1, 0, 8, 5, 12, 1, 0, 1, 1, 3, 1, 5, 0, 0, 0, 4, 1, 0.6666666666666666], [0, 0, 0, 0.06913039088249207, 0, 0, 8, 13, 20, 0, 0, 0, 0, 11, 1, 1, 0, 0, 0, 12, 0, 0.14814814814814814], [0, 0, 0, 0.05481219291687012, 0, 0, 8, 7, 14, 0, 0, 0, 0, 4, 2, 5, 0, 0, 0, 6, 0, 0.6], [0, 0, 0, 0.02063736319541931, 0, 0, 8, 4, 11, 0, 0, 0, 0, 2, 1, 2, 0, 0, 0, 3, 0, 0.3333333333333333], [0, 0, 0, 0.11491382122039795, 0, 0, 8, 3, 10, 0, 0, 0, 0, 1, 1, 2, 0, 0, 0, 2, 0, 0.3333333333333333], [0, 0, 0, 0.0853206217288971, 0, 0, 8, 3, 10, 0, 0, 0, 0, 1, 1, 2, 0, 0, 0, 2, 0, 0.3333333333333333], [1, 0, 1, 0.012983143329620361, 1, 1, 8, 12, 19, 1, 0, 1, 1, 5, 5, 4, 0, 0, 0, 11, 1, 0.875], [0, 0, 0, 0.06699597835540771, 0, 0, 8, 3, 10, 0, 0, 0, 0, 1, 1, 6, 0, 0, 0, 2, 0, 0.6666666666666666], [0, 0, 0, 0.0006346702575683594, 0, 0, 8, 11, 18, 0, 0, 0, 0, 9, 1, 4, 0, 0, 0, 10, 0, 0.6666666666666666], [1, 0, 0, 0.12827172875404358, 0, 0, 8, 5, 12, 1, 0, 1, 0, 3, 1, 5, 0, 0, 0, 4, 0, 0.5], [1, 0, 0, 0.0, 0, 0, 6, 3, 8, 1, 0, 0, 0, 1, 1, 5, 0, 0, 0, 2, 0, 0.6666666666666666], [0, 0, 0, 0.05156022310256958, 0, 0, 8, 13, 20, 0, 0, 0, 0, 8, 2, 6, 0, 0, 0, 12, 0, 0.5], [1, 0, 0, 0.17514365911483765, 0, 0, 8, 3, 10, 1, 0, 0, 0, 1, 1, 4, 0, 0, 0, 2, 0, 0.5], [1, 0, 0, 0.07335317134857178, 0, 0, 8, 13, 20, 1, 1, 1, 0, 6, 4, 2, 0, 0, 0, 12, 0, 0.5], [0, 0, 0, 0.011973977088928223, 0, 0, 8, 13, 20, 0, 0, 0, 0, 11, 1, 1, 0, 0, 0, 12, 0, 0.25], [1, 0, 0, 0.04961812496185303, 0, 0, 8, 10, 17, 1, 0, 1, 0, 6, 3, 6, 0, 0, 0, 9, 0, 0.75], [0, 0, 0, 0.011491179466247559, 0, 0, 8, 3, 10, 0, 0, 0, 0, 1, 1, 7, 0, 0, 0, 2, 0, 0.5], [0, 0, 0, 0.0008321404457092285, 0, 0, 8, 7, 14, 0, 0, 0, 0, 3, 2, 4, 0, 0, 0, 6, 0, 0.5], [0, 0, 0, 0.09134173393249512, 0, 0, 8, 4, 11, 0, 0, 0, 0, 2, 1, 3, 0, 0, 0, 3, 0, 0.6666666666666666], [0, 0, 0, 0.014087557792663574, 0, 0, 8, 11, 18, 0, 0, 0, 0, 1, 9, 5, 0, 0, 0, 10, 0, 0.5], [0, 0, 0, 0.07286852598190308, 0, 0, 8, 4, 11, 0, 0, 0, 0, 2, 1, 3, 0, 0, 0, 3, 0, 0.5], [1, 0, 0, 0.03317081928253174, 0, 0, 8, 13, 20, 1, 0, 1, 0, 7, 3, 4, 0, 0, 0, 12, 0, 0.75], [0, 0, 1, 0.03643655776977539, 0, 0, 8, 13, 20, 0, 0, 1, 1, 1, 11, 3, 0, 0, 0, 12, 0, 0.5], [0, 0, 0, 0.04056459665298462, 0, 0, 8, 4, 11, 0, 0, 0, 0, 1, 2, 6, 0, 0, 0, 3, 0, 0.5], [0, 0, 0, 0.015074849128723145, 0, 0, 8, 4, 11, 0, 0, 0, 0, 2, 1, 6, 0, 0, 0, 3, 0, 0.5], [0, 0, 0, 0.013815343379974365, 0, 0, 8, 8, 15, 0, 0, 0, 0, 6, 1, 2, 0, 0, 0, 7, 0, 0.6666666666666666], [0, 0, 0, 0.0563107430934906, 0, 0, 8, 13, 20, 0, 0, 0, 0, 10, 2, 5, 0, 0, 0, 12, 0, 0.75], [1, 0, 0, 0.0008819699287414551, 0, 0, 5, 6, 10, 1, 0, 0, 0, 2, 3, 4, 0, 0, 0, 5, 0, 0.75], [1, 0, 0, 0.0, 0, 0, 7, 5, 11, 1, 0, 0, 0, 2, 2, 4, 0, 0, 0, 4, 0, 0.6666666666666666], [1, 0, 1, 0.41074419021606445, 1, 1, 8, 3, 10, 1, 0, 0, 0, 1, 1, 4, 0, 0, 0, 2, 1, 0.6], [0, 0, 0, 0.05931401252746582, 0, 0, 8, 10, 17, 0, 0, 1, 0, 8, 1, 2, 0, 0, 0, 9, 0, 0.6666666666666666], [1, 0, 1, 0.006595134735107422, 1, 0, 7, 9, 15, 1, 0, 1, 1, 2, 6, 5, 0, 0, 0, 8, 1, 0.9], [1, 0, 0, 0.034057676792144775, 0, 0, 8, 3, 10, 1, 0, 0, 0, 1, 1, 2, 0, 0, 0, 2, 0, 0.5], [0, 0, 0, 0.02839064598083496, 0, 0, 8, 4, 11, 0, 0, 0, 0, 2, 1, 6, 0, 0, 0, 3, 0, 0.5], [1, 0, 1, 0.05386972427368164, 0, 0, 8, 13, 20, 1, 0, 1, 1, 9, 3, 5, 0, 0, 0, 12, 0, 0.6666666666666666], [0, 0, 0, 0.062167227268218994, 0, 0, 8, 3, 10, 0, 0, 0, 0, 1, 1, 4, 0, 0, 0, 2, 0, 0.6666666666666666], [0, 0, 0, 0.11625337600708008, 0, 0, 7, 3, 9, 0, 0, 0, 0, 1, 1, 6, 0, 0, 0, 2, 0, 0.6666666666666666], [0, 0, 0, 0.19192057847976685, 0, 0, 8, 4, 11, 0, 0, 0, 0, 2, 1, 5, 0, 0, 0, 3, 0, 0.6666666666666666], [0, 0, 0, 0.011651843786239624, 0, 0, 8, 5, 12, 0, 0, 0, 0, 3, 1, 4, 0, 0, 0, 4, 0, 0.5714285714285714], [1, 0, 1, 0.05526095628738403, 1, 0, 8, 10, 17, 1, 0, 1, 1, 3, 6, 3, 0, 0, 0, 9, 1, 0.875], [1, 0, 1, 0.0, 1, 0, 8, 9, 16, 1, 1, 1, 1, 2, 6, 6, 0, 0, 0, 8, 1, 0.9], [1, 0, 0, 0.0, 0, 0, 8, 3, 10, 1, 0, 0, 0, 1, 1, 5, 0, 0, 0, 2, 0, 0.6666666666666666], [1, 0, 0, 0.007250070571899414, 0, 0, 3, 3, 5, 1, 0, 0, 0, 1, 1, 2, 0, 0, 0, 2, 0, 0.6666666666666666], [0, 0, 0, 0.02547365427017212, 0, 0, 8, 13, 20, 0, 0, 1, 0, 8, 2, 1, 0, 0, 0, 12, 0, 0.75], [0, 0, 0, 0.09580284357070923, 0, 0, 8, 8, 15, 0, 0, 0, 0, 6, 1, 5, 0, 0, 0, 7, 0, 0.5], [0, 0, 0, 0.040968865156173706, 0, 0, 8, 10, 17, 0, 0, 0, 0, 7, 2, 4, 0, 0, 0, 9, 0, 0.5], [1, 0, 1, 0.009318292140960693, 1, 0, 3, 5, 7, 1, 0, 1, 1, 3, 1, 2, 0, 0, 0, 4, 1, 0.6666666666666666], [0, 0, 0, 0.13695091009140015, 0, 0, 7, 4, 10, 0, 0, 0, 0, 2, 1, 6, 0, 0, 0, 3, 0, 0.75], [1, 0, 0, 0.13890492916107178, 0, 0, 8, 4, 11, 1, 0, 1, 0, 2, 1, 4, 0, 0, 0, 3, 0, 0.5], [0, 0, 0, 0.11673283576965332, 0, 0, 8, 4, 11, 0, 0, 0, 0, 2, 1, 3, 0, 0, 0, 3, 0, 0.75], [0, 0, 0, 0.06859093904495239, 0, 0, 8, 13, 20, 0, 0, 0, 0, 11, 1, 1, 0, 0, 0, 12, 0, 0.0625], [0, 0, 0, 0.04428601264953613, 0, 0, 8, 13, 20, 0, 0, 0, 0, 9, 2, 5, 0, 0, 0, 12, 0, 0.6], [1, 0, 0, 0.018450021743774414, 0, 0, 7, 7, 13, 1, 0, 0, 0, 2, 4, 5, 0, 0, 0, 6, 0, 0.875], [1, 0, 0, 0.006353199481964111, 0, 0, 8, 4, 11, 1, 0, 1, 0, 2, 1, 4, 0, 0, 0, 3, 0, 0.5], [0, 0, 0, 0.005531638860702515, 0, 0, 8, 3, 10, 0, 0, 0, 0, 1, 1, 2, 0, 0, 0, 2, 0, 0.3333333333333333], [0, 0, 0, 0.01744559407234192, 0, 0, 8, 7, 14, 0, 0, 0, 0, 5, 1, 5, 0, 0, 0, 6, 0, 0.6666666666666666], [0, 0, 0, 0.01698315143585205, 0, 0, 8, 13, 20, 0, 0, 0, 0, 9, 2, 3, 0, 0, 0, 12, 0, 0.6666666666666666], [0, 0, 0, 0.054270386695861816, 0, 0, 8, 8, 15, 0, 0, 0, 0, 5, 2, 3, 0, 0, 0, 7, 0, 0.5], [1, 0, 1, 0.004872739315032959, 0, 0, 8, 4, 11, 1, 0, 1, 1, 2, 1, 5, 0, 0, 0, 3, 0, 0.8], [0, 0, 0, 0.003936648368835449, 0, 0, 8, 13, 20, 0, 0, 1, 0, 8, 3, 3, 0, 0, 0, 12, 0, 0.5], [0, 0, 0, 0.06863921880722046, 0, 0, 8, 10, 17, 0, 0, 0, 0, 5, 3, 1, 0, 0, 0, 9, 0, 0.3333333333333333], [0, 0, 0, 0.007969051599502563, 0, 0, 8, 3, 10, 0, 0, 0, 0, 1, 1, 6, 0, 0, 0, 2, 0, 0.5], [1, 0, 1, 0.04855179786682129, 1, 0, 8, 9, 16, 1, 0, 1, 1, 2, 6, 4, 0, 0, 0, 8, 1, 0.7777777777777778], [0, 0, 0, 0.03460806608200073, 0, 0, 8, 3, 10, 0, 0, 0, 0, 1, 1, 1, 0, 0, 0, 2, 0, 0.5], [0, 0, 0, 0.13661938905715942, 0, 0, 8, 5, 12, 0, 0, 0, 0, 3, 1, 4, 0, 0, 0, 4, 0, 0.5], [1, 0, 1, 0.0380721390247345, 0, 0, 8, 5, 12, 1, 0, 1, 1, 3, 1, 2, 0, 0, 0, 4, 0, 0.5], [1, 0, 1, 0.0, 1, 0, 4, 5, 8, 1, 0, 1, 1, 2, 2, 3, 0, 0, 0, 4, 1, 0.9], [0, 0, 0, 0.00749930739402771, 0, 0, 8, 3, 10, 0, 0, 0, 0, 1, 1, 4, 0, 0, 0, 2, 0, 0.6666666666666666], [0, 0, 0, 0.007069647312164307, 0, 0, 8, 5, 12, 0, 0, 0, 0, 3, 1, 6, 0, 0, 0, 4, 0, 0.9], [0, 0, 0, 0.010751903057098389, 0, 0, 8, 13, 20, 0, 0, 1, 0, 6, 5, 2, 0, 0, 0, 12, 0, 0.75], [1, 0, 1, 0.009909629821777344, 1, 0, 8, 13, 20, 1, 0, 1, 1, 3, 9, 5, 0, 0, 0, 12, 1, 0.8333333333333334], [0, 0, 0, 0.04253542423248291, 0, 0, 8, 13, 20, 0, 0, 0, 0, 8, 2, 1, 0, 0, 0, 12, 0, 0.06451612903225806], [0, 0, 1, 0.053393006324768066, 0, 0, 8, 13, 20, 0, 0, 1, 0, 10, 2, 5, 0, 0, 0, 12, 0, 0.8], [0, 0, 0, 0.0, 0, 0, 8, 3, 10, 0, 0, 0, 0, 1, 1, 4, 0, 0, 0, 2, 0, 0.5], [0, 0, 0, 0.0, 0, 0, 8, 13, 20, 0, 0, 0, 0, 4, 6, 3, 0, 0, 0, 12, 0, 0.5], [0, 0, 0, 0.043117523193359375, 0, 0, 8, 13, 20, 0, 0, 1, 0, 9, 2, 4, 0, 0, 0, 12, 0, 0.5], [0, 0, 0, 0.2092134952545166, 0, 0, 8, 3, 10, 0, 0, 0, 0, 1, 1, 4, 0, 0, 0, 2, 0, 0.5], [0, 0, 0, 0.002330571413040161, 0, 0, 8, 4, 11, 0, 0, 0, 0, 2, 1, 6, 0, 0, 0, 3, 0, 0.5], [0, 0, 0, 0.07669413089752197, 0, 0, 8, 4, 11, 0, 0, 1, 0, 2, 1, 3, 0, 0, 0, 3, 0, 0.6666666666666666], [1, 0, 1, 0.0, 0, 1, 8, 3, 10, 1, 0, 0, 0, 1, 1, 5, 0, 0, 0, 2, 0, 0.5], [1, 0, 1, 0.01075214147567749, 0, 0, 8, 11, 18, 1, 0, 1, 1, 2, 8, 5, 0, 0, 0, 10, 0, 0.5], [1, 0, 0, 0.34126952290534973, 0, 0, 8, 4, 11, 1, 0, 0, 0, 2, 1, 3, 0, 0, 0, 3, 0, 0.6666666666666666], [1, 0, 0, 0.0018323659896850586, 0, 0, 8, 4, 11, 1, 0, 0, 0, 1, 2, 6, 0, 0, 0, 3, 0, 0.8666666666666667], [0, 0, 0, 0.14629679918289185, 0, 0, 8, 4, 11, 0, 0, 0, 0, 2, 1, 7, 0, 0, 0, 3, 0, 0.75], [0, 0, 1, 0.04934501647949219, 0, 0, 8, 9, 16, 0, 0, 1, 0, 7, 1, 6, 0, 0, 0, 8, 0, 0.75], [0, 0, 0, 0.0724368691444397, 0, 0, 8, 13, 20, 0, 0, 1, 0, 9, 3, 6, 0, 0, 0, 12, 0, 0.8333333333333334], [1, 0, 0, 0.026764512062072754, 0, 0, 8, 10, 17, 1, 0, 1, 1, 7, 2, 4, 0, 0, 0, 9, 1, 0.8333333333333334], [0, 0, 0, 0.08419233560562134, 0, 0, 8, 7, 14, 0, 1, 0, 0, 5, 1, 2, 0, 0, 0, 6, 0, 0.5], [0, 0, 0, 0.03649666905403137, 0, 0, 8, 8, 15, 0, 0, 0, 0, 6, 1, 4, 0, 0, 0, 7, 0, 0.6666666666666666], [0, 0, 0, 0.007179439067840576, 0, 0, 7, 4, 10, 0, 0, 0, 0, 2, 1, 4, 0, 0, 0, 3, 0, 0.875], [1, 0, 0, 0.062319278717041016, 0, 0, 8, 3, 10, 1, 0, 0, 0, 1, 1, 5, 0, 0, 0, 2, 0, 0.75], [0, 0, 0, 0.10038089752197266, 0, 0, 8, 6, 13, 0, 0, 0, 0, 1, 4, 6, 0, 0, 0, 5, 0, 0.9], [0, 0, 0, 0.12231075763702393, 0, 0, 8, 6, 13, 0, 0, 0, 0, 4, 1, 6, 0, 0, 0, 5, 0, 0.9], [0, 0, 0, 0.04330816864967346, 0, 0, 8, 3, 10, 0, 0, 0, 0, 1, 1, 3, 0, 0, 0, 2, 0, 0.6], [0, 0, 0, 0.09288179874420166, 0, 0, 8, 13, 20, 0, 0, 0, 0, 11, 1, 1, 0, 0, 0, 12, 0, 0.6666666666666666], [1, 0, 0, 0.08056539297103882, 0, 0, 8, 6, 13, 1, 0, 1, 0, 2, 3, 5, 0, 0, 0, 5, 0, 0.6666666666666666], [0, 0, 0, 0.0018323659896850586, 0, 0, 8, 3, 10, 0, 0, 0, 0, 1, 1, 6, 0, 0, 0, 2, 0, 0.8666666666666667], [0, 0, 0, 0.029343068599700928, 0, 0, 8, 3, 10, 0, 0, 0, 0, 1, 1, 3, 0, 0, 0, 2, 0, 0.5], [1, 0, 0, 0.0021410584449768066, 0, 0, 8, 4, 11, 1, 0, 0, 0, 2, 1, 4, 0, 0, 0, 3, 0, 0.5], [0, 0, 0, 0.17132747173309326, 0, 0, 8, 3, 10, 0, 0, 0, 0, 1, 1, 6, 0, 0, 0, 2, 0, 0.6666666666666666], [0, 0, 0, 0.17503780126571655, 0, 0, 8, 3, 10, 0, 0, 0, 0, 1, 1, 4, 0, 0, 0, 2, 0, 0.875], [0, 0, 0, 0.06802123785018921, 0, 0, 8, 12, 19, 0, 0, 0, 0, 6, 3, 3, 0, 0, 0, 11, 0, 0.6666666666666666], [0, 0, 0, 0.1703948974609375, 0, 0, 2, 4, 5, 0, 0, 0, 0, 1, 2, 1, 0, 0, 0, 3, 0, 0.6666666666666666], [0, 0, 0, 0.05596846342086792, 0, 0, 8, 5, 12, 0, 0, 0, 0, 3, 1, 5, 0, 0, 0, 4, 0, 0.5], [0, 0, 0, 0.050242722034454346, 0, 0, 8, 8, 15, 0, 0, 1, 0, 6, 1, 3, 0, 0, 0, 7, 0, 0.7272727272727273], [0, 0, 0, 0.027954071760177612, 0, 0, 8, 13, 20, 0, 0, 0, 0, 9, 3, 1, 0, 0, 0, 12, 0, 0.25], [1, 0, 0, 0.003922164440155029, 0, 0, 8, 4, 11, 1, 0, 1, 0, 2, 1, 5, 0, 0, 0, 3, 0, 0.6666666666666666], [0, 0, 0, 0.013772368431091309, 0, 0, 8, 3, 10, 0, 0, 0, 0, 1, 1, 4, 0, 0, 0, 2, 0, 0.6666666666666666], [0, 0, 0, 0.0018323659896850586, 0, 0, 8, 4, 11, 0, 0, 0, 0, 1, 2, 6, 0, 0, 0, 3, 0, 0.8666666666666667], [1, 0, 0, 0.0044956207275390625, 0, 0, 8, 4, 11, 1, 0, 0, 0, 2, 1, 6, 0, 0, 0, 3, 0, 0.9], [0, 0, 0, 0.09893214702606201, 0, 0, 8, 5, 12, 0, 0, 0, 0, 3, 1, 4, 0, 0, 0, 4, 0, 0.5], [0, 0, 0, 0.06323480606079102, 0, 0, 8, 3, 10, 0, 0, 0, 0, 1, 1, 7, 0, 0, 0, 2, 0, 0.75], [0, 0, 0, 0.05637913942337036, 0, 0, 8, 13, 20, 0, 0, 1, 0, 8, 3, 2, 0, 0, 0, 12, 0, 0.6666666666666666], [0, 0, 0, 0.024495482444763184, 0, 0, 5, 4, 8, 0, 0, 0, 0, 1, 2, 4, 0, 0, 0, 3, 0, 0.5], [1, 0, 0, 0.0, 1, 0, 2, 4, 5, 1, 0, 1, 0, 2, 1, 1, 0, 0, 0, 3, 1, 0.5], [1, 0, 0, 0.20158445835113525, 0, 0, 8, 4, 11, 1, 0, 0, 0, 1, 2, 3, 0, 0, 0, 3, 0, 0.5], [1, 0, 0, 0.0029164552688598633, 0, 0, 8, 3, 10, 1, 0, 0, 0, 1, 1, 6, 0, 0, 0, 2, 0, 0.6666666666666666], [0, 0, 0, 0.005568265914916992, 0, 0, 8, 6, 13, 0, 0, 0, 0, 4, 1, 5, 0, 0, 0, 5, 0, 0.6], [0, 0, 0, 0.18733203411102295, 0, 0, 8, 6, 13, 0, 0, 0, 0, 3, 2, 5, 0, 0, 0, 5, 0, 0.8], [0, 0, 0, 0.04124915599822998, 0, 0, 8, 3, 10, 0, 0, 0, 0, 1, 1, 5, 0, 0, 0, 2, 0, 0.6666666666666666], [0, 0, 0, 0.20688903331756592, 0, 0, 8, 3, 10, 0, 0, 0, 0, 1, 1, 5, 0, 0, 0, 2, 0, 0.75], [0, 0, 0, 0.2241344451904297, 0, 0, 8, 3, 10, 0, 0, 0, 0, 1, 1, 4, 0, 0, 0, 2, 0, 0.5], [0, 0, 0, 0.3291374444961548, 0, 0, 8, 3, 10, 0, 0, 0, 0, 1, 1, 3, 0, 0, 0, 2, 0, 0.5], [1, 0, 1, 0.005637526512145996, 1, 0, 6, 13, 18, 1, 0, 1, 1, 2, 7, 5, 0, 0, 0, 12, 1, 0.9], [1, 0, 1, 0.36602234840393066, 0, 1, 8, 6, 13, 1, 0, 1, 0, 2, 2, 5, 0, 0, 0, 5, 0, 0.6666666666666666], [0, 0, 0, 0.02411600947380066, 0, 0, 8, 10, 17, 0, 0, 0, 0, 7, 2, 6, 0, 0, 0, 9, 0, 0.5], [1, 0, 0, 0.035891175270080566, 0, 0, 8, 13, 20, 1, 0, 1, 0, 7, 5, 2, 0, 0, 0, 12, 0, 0.5], [0, 0, 0, 0.04925030469894409, 0, 0, 8, 13, 20, 0, 0, 0, 0, 9, 2, 1, 0, 0, 0, 12, 0, 0.5], [0, 0, 0, 0.1870654821395874, 0, 0, 8, 3, 10, 0, 0, 0, 0, 1, 1, 3, 0, 0, 0, 2, 0, 0.6666666666666666], [0, 0, 0, 0.17703169584274292, 0, 0, 8, 3, 10, 0, 0, 0, 0, 1, 1, 5, 0, 0, 0, 2, 0, 0.6666666666666666], [0, 0, 0, 0.023826897144317627, 0, 0, 8, 13, 20, 0, 0, 1, 0, 11, 1, 2, 0, 0, 0, 12, 0, 0.6666666666666666], [0, 0, 1, 0.03643655776977539, 0, 0, 8, 13, 20, 0, 0, 1, 1, 2, 10, 3, 0, 0, 0, 12, 0, 0.5], [0, 0, 0, 0.007723093032836914, 0, 0, 8, 5, 12, 0, 0, 0, 0, 2, 2, 6, 0, 0, 0, 4, 0, 0.5], [0, 0, 0, 0.1298813670873642, 0, 0, 8, 3, 10, 0, 0, 0, 0, 1, 1, 4, 0, 0, 0, 2, 0, 0.5], [0, 0, 0, 0.030569136142730713, 0, 0, 8, 10, 17, 0, 0, 0, 0, 7, 2, 4, 0, 0, 0, 9, 0, 0.5], [0, 0, 0, 0.048758625984191895, 0, 0, 8, 10, 17, 0, 0, 1, 0, 7, 2, 5, 0, 0, 0, 9, 0, 0.6666666666666666], [1, 0, 1, 0.05765587091445923, 1, 0, 8, 6, 13, 1, 0, 1, 1, 2, 3, 5, 0, 0, 0, 5, 1, 0.75], [0, 0, 0, 0.07512849569320679, 0, 0, 8, 13, 20, 0, 0, 0, 0, 7, 5, 6, 0, 0, 0, 12, 0, 0.6666666666666666], [0, 0, 0, 0.20881062746047974, 0, 0, 8, 3, 10, 0, 0, 0, 0, 1, 1, 4, 0, 0, 0, 2, 0, 0.6666666666666666], [0, 0, 0, 0.06231933832168579, 0, 0, 8, 3, 10, 0, 0, 0, 0, 1, 1, 5, 0, 0, 0, 2, 0, 0.75], [0, 0, 0, 0.050506651401519775, 0, 0, 8, 13, 20, 0, 0, 0, 0, 9, 2, 5, 0, 0, 0, 12, 0, 0.8], [0, 0, 0, 0.10463035106658936, 0, 0, 8, 13, 20, 0, 0, 0, 0, 10, 2, 1, 0, 0, 0, 12, 0, 0.6666666666666666], [0, 0, 1, 0.03643655776977539, 0, 0, 8, 13, 20, 0, 0, 1, 1, 2, 10, 3, 0, 0, 0, 12, 0, 0.5], [1, 0, 0, 0.019860148429870605, 0, 0, 8, 13, 20, 1, 0, 1, 0, 10, 2, 1, 0, 0, 0, 12, 0, 0.75], [1, 0, 1, 0.11079162359237671, 0, 0, 7, 9, 15, 1, 0, 1, 1, 5, 2, 6, 0, 0, 0, 8, 0, 0.6666666666666666], [0, 0, 1, 0.03643655776977539, 0, 0, 8, 13, 20, 0, 0, 1, 1, 1, 11, 3, 0, 0, 0, 12, 0, 0.5], [0, 0, 0, 0.0014437735080718994, 0, 0, 8, 4, 11, 0, 0, 0, 0, 2, 1, 3, 0, 0, 0, 3, 0, 0.5], [0, 0, 0, 0.009234130382537842, 0, 0, 8, 3, 10, 0, 0, 0, 0, 1, 1, 6, 0, 0, 0, 2, 0, 0.6666666666666666], [0, 0, 0, 0.08595353364944458, 0, 0, 8, 6, 13, 0, 0, 0, 0, 4, 1, 4, 0, 0, 0, 5, 0, 0.7777777777777778], [0, 0, 0, 0.10559976100921631, 0, 0, 8, 4, 11, 0, 0, 0, 0, 1, 2, 6, 0, 0, 0, 3, 0, 0.5], [0, 0, 0, 0.2080976963043213, 0, 0, 8, 3, 10, 0, 0, 0, 0, 1, 1, 4, 0, 0, 0, 2, 0, 0.948051948051948], [0, 0, 0, 0.2736031413078308, 0, 0, 8, 4, 11, 0, 0, 0, 0, 2, 1, 4, 0, 0, 0, 3, 0, 0.5], [1, 0, 0, 0.04691636562347412, 0, 0, 8, 6, 13, 1, 0, 1, 0, 3, 2, 4, 0, 0, 0, 5, 0, 0.6666666666666666], [0, 0, 0, 0.24167510867118835, 0, 0, 8, 3, 10, 0, 0, 0, 0, 1, 1, 4, 0, 0, 0, 2, 0, 0.5], [0, 0, 0, 0.05124124884605408, 0, 0, 8, 13, 20, 0, 0, 0, 0, 10, 2, 1, 0, 0, 0, 12, 0, 0.14814814814814814], [0, 0, 0, 0.006403118371963501, 0, 0, 8, 7, 14, 0, 0, 0, 0, 5, 1, 4, 0, 0, 0, 6, 0, 0.6666666666666666], [0, 0, 0, 0.05360490083694458, 0, 0, 8, 5, 12, 0, 0, 0, 0, 1, 3, 1, 0, 0, 0, 4, 0, 0.5], [0, 0, 0, 0.1763913631439209, 0, 0, 8, 4, 11, 0, 0, 0, 0, 2, 1, 4, 0, 0, 0, 3, 0, 0.75], [1, 0, 0, 0.039510905742645264, 1, 0, 8, 5, 12, 1, 0, 1, 0, 3, 1, 4, 0, 0, 0, 4, 1, 0.6666666666666666], [0, 0, 0, 0.0042764246463775635, 0, 0, 8, 13, 20, 0, 0, 1, 0, 11, 1, 2, 0, 0, 0, 12, 0, 0.5], [0, 0, 0, 0.0, 0, 0, 5, 10, 14, 0, 0, 0, 0, 5, 3, 3, 0, 0, 0, 9, 0, 0.875], [0, 0, 0, 0.003827393054962158, 0, 0, 8, 3, 10, 0, 0, 0, 0, 1, 1, 6, 0, 0, 0, 2, 0, 0.9], [0, 0, 0, 0.04545462131500244, 0, 0, 8, 13, 20, 0, 0, 1, 0, 7, 4, 1, 0, 0, 0, 12, 0, 0.5], [0, 0, 0, 0.17331212759017944, 0, 0, 8, 4, 11, 0, 0, 0, 0, 2, 1, 3, 0, 0, 0, 3, 0, 0.6666666666666666], [0, 0, 0, 0.10089549422264099, 0, 0, 8, 10, 17, 0, 0, 1, 1, 5, 2, 5, 0, 0, 0, 9, 0, 0.5], [0, 0, 0, 0.12239772081375122, 0, 0, 8, 3, 10, 0, 0, 0, 0, 1, 1, 5, 0, 0, 0, 2, 0, 0.6666666666666666], [0, 0, 0, 0.04083967208862305, 0, 0, 8, 3, 10, 0, 0, 0, 0, 1, 1, 3, 0, 0, 0, 2, 0, 0.5], [0, 0, 0, 0.08507823944091797, 0, 0, 8, 10, 17, 0, 0, 0, 0, 3, 6, 3, 0, 0, 0, 9, 0, 0.5], [0, 0, 0, 0.027278363704681396, 0, 0, 8, 11, 18, 0, 0, 0, 0, 8, 2, 3, 0, 0, 0, 10, 0, 0.6666666666666666], [0, 0, 0, 0.038151904940605164, 0, 0, 8, 3, 10, 0, 0, 0, 0, 1, 1, 5, 0, 0, 0, 2, 0, 0.6666666666666666], [1, 0, 0, 0.12249124050140381, 0, 0, 6, 3, 8, 1, 0, 0, 0, 1, 1, 5, 0, 0, 0, 2, 0, 0.6666666666666666], [1, 0, 1, 0.10671937465667725, 0, 1, 8, 3, 10, 1, 0, 0, 0, 1, 1, 4, 0, 0, 0, 2, 0, 0.5], [1, 0, 0, 0.007663726806640625, 0, 0, 8, 13, 20, 1, 0, 0, 0, 7, 3, 1, 0, 0, 0, 12, 0, 0.75], [0, 0, 0, 0.03222912549972534, 0, 0, 8, 3, 10, 0, 0, 0, 0, 1, 1, 3, 0, 0, 0, 2, 0, 0.5], [0, 0, 0, 0.0018323659896850586, 0, 0, 8, 4, 11, 0, 0, 0, 0, 1, 2, 6, 0, 0, 0, 3, 0, 0.8666666666666667], [0, 0, 0, 0.0517544150352478, 0, 0, 8, 13, 20, 0, 0, 0, 0, 8, 2, 5, 0, 0, 0, 12, 0, 0.5], [0, 0, 0, 0.07377451658248901, 0, 0, 8, 3, 10, 0, 0, 0, 0, 1, 1, 3, 0, 0, 0, 2, 0, 0.5], [1, 0, 1, 0.22004684805870056, 1, 0, 8, 6, 13, 1, 0, 1, 1, 4, 1, 6, 0, 0, 0, 5, 1, 0.8], [0, 0, 0, 0.0071833133697509766, 0, 0, 8, 13, 20, 0, 0, 1, 0, 8, 3, 1, 0, 0, 0, 12, 0, 0.75], [0, 0, 0, 0.03543788194656372, 0, 1, 8, 8, 15, 0, 0, 1, 0, 2, 4, 5, 0, 0, 0, 7, 0, 0.5], [1, 0, 1, 0.049119412899017334, 1, 0, 7, 5, 11, 1, 0, 1, 1, 2, 2, 6, 0, 0, 0, 4, 1, 0.8666666666666667], [1, 0, 1, 0.33167076110839844, 0, 0, 8, 4, 11, 1, 0, 1, 1, 2, 1, 5, 0, 0, 0, 3, 0, 0.75], [1, 0, 0, 0.046447575092315674, 0, 0, 8, 7, 14, 1, 0, 0, 0, 4, 2, 5, 0, 0, 0, 6, 0, 0.5], [0, 0, 0, 0.02793186902999878, 0, 0, 8, 13, 20, 0, 1, 0, 0, 10, 2, 1, 0, 0, 0, 12, 0, 0.6666666666666666], [0, 0, 0, 0.005522727966308594, 0, 1, 8, 12, 19, 0, 0, 0, 0, 4, 6, 5, 0, 0, 0, 11, 0, 0.875], [1, 0, 0, 0.03896099328994751, 0, 0, 8, 7, 14, 1, 0, 1, 0, 3, 3, 4, 0, 0, 0, 6, 0, 0.6666666666666666], [0, 0, 0, 0.012914776802062988, 0, 0, 8, 4, 11, 0, 0, 0, 0, 2, 1, 3, 0, 0, 0, 3, 0, 0.6666666666666666], [0, 0, 0, 0.06856036186218262, 0, 0, 8, 3, 10, 0, 0, 0, 0, 1, 1, 2, 0, 0, 0, 2, 0, 0.25], [0, 0, 0, 0.18200159072875977, 0, 1, 8, 12, 19, 0, 0, 1, 0, 8, 3, 4, 0, 0, 0, 11, 0, 0.5], [0, 0, 0, 0.04788970947265625, 0, 0, 8, 13, 20, 0, 0, 0, 0, 11, 1, 1, 0, 0, 0, 12, 0, 0.5], [0, 0, 0, 0.24051344394683838, 0, 0, 8, 3, 10, 0, 0, 0, 0, 1, 1, 4, 0, 0, 0, 2, 0, 0.5], [0, 0, 0, 0.08765128254890442, 0, 0, 8, 4, 11, 0, 0, 0, 0, 2, 1, 3, 0, 0, 0, 3, 0, 0.3333333333333333], [1, 0, 1, 0.0030344128608703613, 1, 0, 8, 7, 14, 1, 0, 1, 1, 4, 2, 3, 0, 0, 0, 6, 1, 0.8333333333333334], [1, 0, 1, 0.03211939334869385, 0, 0, 8, 13, 20, 1, 0, 1, 1, 11, 1, 6, 0, 0, 0, 12, 0, 0.8], [1, 0, 1, 0.06312346458435059, 1, 0, 8, 6, 13, 1, 0, 1, 1, 4, 1, 5, 0, 0, 0, 5, 1, 0.8], [0, 0, 0, 0.019114375114440918, 0, 0, 8, 13, 20, 0, 0, 1, 0, 9, 2, 2, 0, 0, 0, 12, 0, 0.5], [1, 0, 0, 0.002381443977355957, 1, 0, 8, 6, 13, 1, 0, 1, 0, 3, 2, 4, 0, 0, 0, 5, 0, 0.75], [1, 0, 1, 0.017524123191833496, 1, 0, 8, 13, 20, 1, 0, 1, 1, 3, 8, 5, 0, 0, 0, 12, 1, 0.75], [0, 0, 1, 0.03643655776977539, 0, 0, 8, 13, 20, 0, 0, 1, 1, 1, 11, 3, 0, 0, 0, 12, 0, 0.5], [0, 0, 0, 0.05556023120880127, 0, 0, 8, 4, 11, 0, 0, 0, 0, 2, 1, 5, 0, 0, 0, 3, 0, 0.5], [0, 0, 0, 0.1404106616973877, 0, 0, 8, 3, 10, 0, 0, 0, 0, 1, 1, 3, 0, 0, 0, 2, 0, 0.6666666666666666], [0, 0, 0, 0.15429913997650146, 0, 1, 8, 12, 19, 0, 0, 0, 0, 7, 3, 3, 0, 0, 0, 11, 0, 0.5], [0, 0, 0, 0.0, 0, 0, 7, 4, 10, 0, 0, 0, 0, 2, 1, 4, 0, 0, 0, 3, 0, 0.75], [0, 0, 0, 0.021897733211517334, 0, 0, 8, 4, 11, 0, 0, 0, 0, 2, 1, 5, 0, 0, 0, 3, 0, 0.6666666666666666], [0, 0, 0, 0.09944629669189453, 0, 0, 8, 3, 10, 0, 0, 0, 0, 1, 1, 4, 0, 0, 0, 2, 0, 0.5], [1, 0, 0, 0.0653449296951294, 0, 0, 8, 13, 20, 1, 0, 0, 0, 9, 3, 1, 0, 0, 0, 12, 0, 0.6666666666666666], [0, 0, 0, 0.003827333450317383, 0, 0, 8, 3, 10, 0, 0, 0, 0, 1, 1, 6, 0, 0, 0, 2, 0, 0.9], [1, 0, 1, 0.004404306411743164, 1, 0, 8, 6, 13, 1, 0, 1, 1, 2, 3, 5, 0, 0, 0, 5, 1, 0.8666666666666667], [1, 0, 1, 0.008502840995788574, 0, 1, 8, 3, 10, 1, 1, 0, 0, 1, 1, 6, 0, 0, 0, 2, 0, 0.5], [1, 0, 0, 0.015652060508728027, 0, 0, 8, 13, 20, 1, 1, 0, 0, 3, 9, 5, 0, 0, 0, 12, 0, 0.8333333333333334], [0, 0, 0, 0.5002817511558533, 0, 0, 8, 3, 10, 0, 0, 0, 0, 1, 1, 4, 0, 0, 0, 2, 0, 0.6666666666666666], [0, 0, 0, 0.003534555435180664, 0, 0, 8, 4, 11, 0, 0, 0, 0, 2, 1, 4, 0, 0, 0, 3, 0, 0.6666666666666666], [1, 0, 1, 0.013046324253082275, 0, 1, 8, 3, 10, 1, 0, 0, 0, 1, 1, 5, 0, 0, 0, 2, 1, 0.6666666666666666], [0, 0, 1, 0.03643655776977539, 0, 0, 8, 13, 20, 0, 0, 1, 1, 2, 10, 3, 0, 0, 0, 12, 0, 0.5], [1, 0, 0, 0.1314118504524231, 0, 1, 8, 6, 13, 1, 0, 1, 0, 2, 2, 5, 0, 0, 0, 5, 0, 0.6666666666666666], [0, 0, 1, 0.0, 0, 0, 5, 4, 8, 0, 0, 1, 1, 2, 1, 3, 0, 0, 0, 3, 0, 0.75], [0, 0, 0, 0.0, 0, 0, 8, 3, 10, 0, 0, 0, 0, 1, 1, 4, 0, 0, 0, 2, 0, 0.5], [0, 0, 0, 0.2555258870124817, 0, 0, 8, 4, 11, 0, 0, 0, 0, 2, 1, 4, 0, 0, 0, 3, 0, 0.6666666666666666], [0, 0, 0, 0.008326441049575806, 0, 0, 8, 3, 10, 0, 0, 0, 0, 1, 1, 3, 0, 0, 0, 2, 0, 0.5], [0, 0, 0, 0.00576937198638916, 0, 0, 8, 3, 10, 0, 0, 0, 0, 1, 1, 1, 0, 0, 0, 2, 0, 0.125], [0, 0, 0, 0.02675759792327881, 0, 0, 8, 12, 19, 0, 0, 0, 0, 6, 3, 4, 0, 0, 0, 11, 0, 0.6666666666666666], [1, 0, 0, 0.08056539297103882, 0, 0, 8, 6, 13, 1, 0, 1, 0, 2, 3, 5, 0, 0, 0, 5, 0, 0.6666666666666666], [1, 0, 0, 0.0, 0, 0, 5, 5, 9, 1, 0, 1, 0, 2, 2, 4, 0, 0, 0, 4, 0, 0.6666666666666666], [1, 0, 1, 0.07301163673400879, 0, 0, 8, 4, 11, 1, 0, 1, 1, 2, 1, 5, 0, 0, 0, 3, 0, 0.6666666666666666], [0, 0, 0, 0.03242141008377075, 0, 0, 8, 9, 16, 0, 0, 0, 0, 7, 1, 2, 0, 0, 0, 8, 0, 0.5], [0, 0, 0, 0.0174424946308136, 0, 0, 8, 5, 12, 0, 0, 0, 0, 3, 1, 5, 0, 0, 0, 4, 0, 0.5], [1, 0, 0, 0.02145397663116455, 1, 0, 8, 13, 20, 1, 0, 1, 0, 11, 1, 1, 0, 0, 0, 12, 0, 0.15384615384615385], [0, 0, 0, 0.012232065200805664, 0, 0, 8, 3, 10, 0, 0, 0, 0, 1, 1, 5, 0, 0, 0, 2, 0, 0.5], [0, 0, 0, 0.0, 0, 0, 8, 13, 20, 0, 0, 0, 0, 10, 2, 3, 0, 0, 0, 12, 0, 0.8333333333333334], [0, 0, 0, 0.0013901591300964355, 0, 0, 8, 12, 19, 0, 0, 0, 0, 8, 2, 5, 0, 0, 0, 11, 0, 0.5], [0, 0, 0, 0.08188098669052124, 0, 0, 8, 7, 14, 0, 0, 0, 0, 4, 2, 5, 0, 0, 0, 6, 0, 0.5], [0, 0, 0, 0.32117974758148193, 0, 0, 8, 3, 10, 0, 0, 0, 0, 1, 1, 2, 0, 0, 0, 2, 0, 0.5], [1, 0, 1, 0.07449936866760254, 1, 0, 8, 6, 13, 1, 0, 1, 1, 2, 3, 6, 0, 0, 0, 5, 1, 0.9], [0, 0, 0, 0.1021837592124939, 0, 0, 8, 13, 20, 0, 0, 0, 0, 10, 2, 1, 0, 0, 0, 12, 0, 0.6666666666666666], [0, 0, 0, 0.0, 0, 0, 5, 3, 7, 1, 0, 0, 0, 1, 1, 3, 0, 0, 0, 2, 0, 0.5], [1, 0, 1, 0.01399528980255127, 1, 0, 8, 4, 11, 1, 0, 1, 1, 2, 1, 6, 0, 0, 0, 3, 0, 0.6666666666666666], [0, 0, 0, 0.07709860801696777, 0, 0, 8, 13, 20, 0, 0, 0, 0, 11, 1, 1, 0, 0, 0, 12, 0, 0.16666666666666666], [0, 0, 0, 0.06824618577957153, 0, 0, 8, 13, 20, 0, 0, 1, 0, 10, 2, 5, 0, 0, 0, 12, 0, 0.8], [0, 0, 0, 0.13523703813552856, 0, 0, 8, 3, 10, 0, 0, 0, 0, 1, 1, 4, 0, 0, 0, 2, 0, 0.6], [0, 0, 0, 0.0413585901260376, 0, 0, 8, 11, 18, 0, 0, 0, 0, 9, 1, 3, 0, 0, 0, 10, 0, 0.5], [0, 0, 0, 0.06049582362174988, 0, 0, 8, 4, 11, 0, 0, 0, 0, 2, 1, 4, 0, 0, 0, 3, 0, 0.5], [0, 0, 0, 0.015189766883850098, 0, 0, 8, 3, 10, 0, 0, 0, 0, 1, 1, 5, 0, 0, 0, 2, 0, 0.5], [0, 0, 0, 0.02183842658996582, 0, 0, 8, 4, 11, 0, 0, 0, 0, 2, 1, 5, 0, 0, 0, 3, 0, 0.6666666666666666], [1, 0, 1, 0.02183365821838379, 1, 1, 8, 12, 19, 1, 0, 1, 1, 4, 7, 6, 0, 0, 0, 11, 1, 0.6666666666666666], [0, 0, 0, 0.050420165061950684, 0, 0, 8, 3, 10, 0, 0, 0, 0, 1, 1, 4, 0, 0, 0, 2, 0, 0.5], [0, 0, 0, 0.02268683910369873, 0, 0, 8, 7, 14, 0, 0, 0, 0, 5, 1, 3, 0, 0, 0, 6, 0, 0.8333333333333334], [0, 0, 0, 0.09077036380767822, 0, 0, 8, 3, 10, 0, 0, 0, 0, 1, 1, 4, 0, 0, 0, 2, 0, 0.6666666666666666], [0, 0, 0, 0.18037939071655273, 0, 0, 8, 3, 10, 0, 0, 0, 0, 1, 1, 4, 0, 0, 0, 2, 0, 0.5], [0, 0, 0, 0.16177058219909668, 0, 0, 8, 3, 10, 0, 0, 0, 0, 1, 1, 3, 0, 0, 0, 2, 0, 0.5], [0, 0, 0, 0.0611054003238678, 0, 0, 8, 5, 12, 0, 0, 1, 0, 3, 1, 3, 0, 0, 0, 4, 0, 0.8], [1, 0, 1, 0.24913939833641052, 0, 0, 8, 6, 13, 1, 0, 1, 1, 4, 1, 4, 0, 0, 0, 5, 0, 0.5], [1, 0, 1, 0.018154919147491455, 1, 0, 8, 13, 20, 1, 0, 1, 1, 8, 3, 1, 0, 0, 0, 12, 1, 0.6666666666666666], [0, 0, 0, 0.010082140564918518, 0, 0, 8, 4, 11, 0, 0, 0, 0, 2, 1, 4, 0, 0, 0, 3, 0, 0.5], [1, 0, 0, 0.07815349102020264, 0, 0, 8, 13, 20, 1, 0, 0, 0, 10, 2, 1, 0, 0, 0, 12, 0, 0.6666666666666666], [0, 0, 0, 0.013922810554504395, 0, 0, 8, 9, 16, 0, 0, 0, 0, 2, 6, 6, 0, 0, 0, 8, 0, 0.8666666666666667], [0, 0, 0, 0.08407604694366455, 0, 0, 8, 3, 10, 0, 0, 0, 0, 1, 1, 6, 0, 0, 0, 2, 0, 0.6666666666666666], [1, 0, 0, 0.453978955745697, 1, 0, 8, 4, 11, 1, 0, 1, 0, 2, 1, 6, 0, 0, 0, 3, 1, 0.5], [0, 0, 0, 0.008521556854248047, 0, 0, 8, 3, 10, 0, 0, 0, 0, 1, 1, 6, 0, 0, 0, 2, 0, 0.6666666666666666], [0, 0, 0, 0.06343179941177368, 0, 0, 8, 4, 11, 0, 0, 0, 0, 2, 1, 6, 0, 0, 0, 3, 0, 0.8], [0, 0, 0, 0.0033052265644073486, 0, 0, 6, 3, 8, 0, 0, 0, 0, 1, 1, 4, 0, 0, 0, 2, 0, 0.6666666666666666], [0, 0, 0, 0.11326467990875244, 0, 0, 8, 4, 11, 0, 0, 0, 0, 2, 1, 5, 0, 0, 0, 3, 0, 0.6666666666666666], [1, 0, 0, 0.00838857889175415, 0, 0, 8, 11, 18, 1, 0, 0, 0, 5, 3, 3, 0, 0, 0, 10, 0, 0.75], [0, 0, 0, 0.06335633993148804, 0, 0, 8, 13, 20, 0, 0, 0, 0, 11, 1, 5, 0, 0, 0, 12, 0, 0.8], [0, 0, 1, 0.10998249053955078, 0, 0, 8, 7, 14, 0, 0, 1, 0, 3, 2, 5, 0, 0, 0, 6, 0, 0.5], [0, 0, 0, 0.004010677337646484, 0, 0, 8, 7, 14, 0, 0, 0, 0, 2, 4, 3, 0, 0, 0, 6, 0, 0.875], [0, 0, 0, 0.0963900089263916, 0, 0, 8, 13, 20, 0, 0, 0, 0, 11, 1, 1, 0, 0, 0, 12, 0, 0.6666666666666666], [0, 0, 0, 0.01164942979812622, 0, 0, 8, 3, 10, 0, 0, 0, 0, 1, 1, 2, 0, 0, 0, 2, 0, 0.25], [0, 0, 0, 0.4979018419981003, 0, 0, 8, 3, 10, 0, 0, 0, 0, 1, 1, 5, 0, 0, 0, 2, 0, 0.5], [0, 0, 0, 0.056780338287353516, 0, 0, 8, 6, 13, 0, 0, 0, 0, 2, 3, 4, 0, 0, 0, 5, 0, 0.5], [0, 0, 0, 0.014004439115524292, 0, 0, 8, 11, 18, 0, 0, 0, 0, 9, 1, 3, 0, 0, 0, 10, 0, 0.6], [0, 0, 1, 0.08261847496032715, 0, 0, 8, 4, 11, 0, 0, 1, 1, 2, 1, 5, 0, 0, 0, 3, 0, 0.6666666666666666], [0, 0, 0, 0.061749398708343506, 0, 0, 8, 4, 11, 0, 0, 0, 0, 2, 1, 3, 0, 0, 0, 3, 0, 0.5], [0, 0, 0, 0.12658292055130005, 0, 0, 8, 13, 20, 0, 0, 0, 0, 10, 2, 1, 0, 0, 0, 12, 0, 0.6666666666666666], [0, 0, 0, 0.24987483024597168, 0, 0, 8, 4, 11, 0, 0, 0, 0, 2, 1, 4, 0, 0, 0, 3, 0, 0.6666666666666666], [0, 0, 0, 0.028004229068756104, 0, 0, 8, 3, 10, 0, 0, 0, 0, 1, 1, 4, 0, 0, 0, 2, 0, 0.5], [1, 0, 0, 0.00985497236251831, 0, 0, 8, 4, 11, 1, 0, 0, 0, 2, 1, 5, 0, 0, 0, 3, 0, 0.875], [0, 0, 0, 0.0, 0, 0, 8, 3, 10, 0, 0, 0, 0, 1, 1, 4, 0, 0, 0, 2, 0, 0.5], [0, 0, 1, 0.0020611733198165894, 0, 0, 8, 4, 11, 0, 0, 1, 1, 2, 1, 4, 0, 0, 0, 3, 0, 0.6666666666666666], [1, 0, 0, 0.12418198585510254, 0, 0, 8, 5, 12, 1, 0, 0, 0, 2, 2, 7, 0, 0, 0, 4, 0, 0.5], [0, 0, 0, 0.08748334646224976, 0, 0, 8, 4, 11, 0, 0, 0, 0, 2, 1, 4, 0, 0, 0, 3, 0, 0.5], [1, 0, 1, 0.24513554573059082, 0, 0, 8, 4, 11, 1, 0, 1, 1, 2, 1, 4, 0, 0, 0, 3, 0, 0.8], [0, 0, 0, 0.03457766771316528, 0, 0, 8, 7, 14, 0, 0, 0, 0, 5, 1, 6, 0, 0, 0, 6, 0, 0.6666666666666666], [1, 0, 1, 0.005637526512145996, 1, 0, 6, 13, 18, 1, 0, 1, 1, 3, 7, 5, 0, 0, 0, 12, 1, 0.9], [1, 0, 1, 0.019177734851837158, 1, 0, 8, 7, 14, 1, 0, 1, 1, 2, 4, 6, 0, 0, 0, 6, 1, 0.8666666666666667], [0, 0, 0, 0.039294302463531494, 0, 0, 8, 13, 20, 0, 0, 0, 0, 7, 4, 2, 0, 0, 0, 12, 0, 0.6666666666666666], [0, 0, 0, 0.069254070520401, 0, 0, 8, 4, 11, 0, 0, 0, 0, 2, 1, 5, 0, 0, 0, 3, 0, 0.5], [0, 0, 0, 0.059318721294403076, 0, 0, 8, 13, 20, 0, 0, 0, 0, 10, 2, 1, 0, 0, 0, 12, 0, 0.5], [1, 0, 1, 0.045341551303863525, 1, 0, 8, 13, 20, 1, 0, 1, 1, 8, 3, 1, 0, 0, 0, 12, 1, 0.6666666666666666]], "_pair": []}
  CONTROL {"count": {"n": 1307, "model_accuracy": 1.0, "rival_accuracy": 1.0, "random_floor": 0.1999999999999952}, "lookup_paired_vs_rival": {"model_only_right": 0, "rival_only_right": 0, "discordant": 0, "mcnemar_z": NaN}, "lookup_paired_vs_rival_cos": {"n": 0, "model_only_right": 0, "rival_only_right": 0, "discordant": 0, "mcnemar_z": NaN, "max_achievable_z": 0.0, "underpowered": true}, "lookup_paired_vs_rival_cos_by_margin": {"median_margin": NaN, "low_margin": {"n": 0, "model_only_right": 0, "rival_only_right": 0, "discordant": 0, "mcnemar_z": NaN, "max_achievable_z": 0.0, "underpowered": true}, "high_margin": {"n": 0, "model_only_right": 0, "rival_only_right": 0, "discordant": 0, "mcnemar_z": NaN, "max_achievable_z": 0.0, "underpowered": true}}, "ladder": {"n_questions": 0, "pairs": 0, "concordant": 0, "ties_excluded": 0, "import_budget_zero_rate": 0.0, "import_budget_mean": 0.0, "concordance": NaN, "z_vs_half": NaN, "mean_phi": {"true": NaN, "near": NaN, "middle": NaN, "far": NaN}}, "exact_mismatches": 0, "confusion": {"count|2->2": 923, "count|3->3": 204, "count|4->4": 70, "count|5+->5+": 110}, "_mixed": [], "_reach": [[1, 0, 1, 0.03436410427093506, 1, 0, 8, 13, 20, 1, 0, 1, 1, 9, 3, 2, 0, 0, 0, 12, 1, 0.5], [1, 0, 1, 0.0, 1, 0, 8, 7, 14, 1, 0, 1, 1, 2, 4, 5, 0, 0, 0, 6, 1, 0.8181818181818182], [1, 0, 1, 0.03361940383911133, 1, 0, 8, 13, 20, 1, 1, 1, 1, 7, 3, 2, 0, 0, 0, 12, 1, 0.5714285714285714], [0, 0, 0, 0.14533859491348267, 0, 0, 8, 3, 10, 0, 0, 0, 0, 1, 1, 4, 0, 0, 0, 2, 0, 0.6666666666666666], [1, 0, 1, 0.0, 1, 0, 8, 7, 14, 1, 0, 1, 1, 3, 2, 4, 0, 0, 0, 6, 1, 0.5], [1, 0, 0, 0.04202759265899658, 0, 0, 8, 3, 10, 1, 0, 0, 0, 1, 1, 5, 0, 0, 0, 2, 0, 0.75], [0, 0, 0, 0.007951021194458008, 0, 0, 8, 8, 15, 0, 0, 0, 0, 3, 3, 2, 0, 0, 0, 7, 0, 0.6666666666666666], [1, 0, 0, 0.24566203355789185, 0, 0, 8, 4, 11, 1, 0, 0, 0, 1, 2, 5, 0, 0, 0, 3, 0, 0.6666666666666666], [1, 0, 0, 0.001262068748474121, 0, 0, 8, 4, 11, 1, 0, 1, 0, 2, 1, 1, 0, 0, 0, 3, 0, 0.42857142857142855], [0, 0, 0, 0.0, 0, 0, 8, 5, 12, 0, 0, 0, 0, 2, 2, 6, 0, 0, 0, 4, 0, 0.6666666666666666], [0, 0, 0, 0.04951465129852295, 0, 0, 8, 5, 12, 0, 0, 0, 0, 3, 1, 1, 0, 0, 0, 4, 0, 0.5714285714285714], [0, 0, 0, 0.01948326826095581, 0, 0, 8, 5, 12, 0, 0, 0, 0, 3, 1, 3, 0, 0, 0, 4, 0, 0.5714285714285714], [0, 0, 0, 0.13009583950042725, 0, 0, 8, 3, 10, 0, 0, 0, 0, 1, 1, 4, 0, 0, 0, 2, 0, 0.6666666666666666], [0, 0, 0, 0.14745169878005981, 0, 0, 8, 3, 10, 0, 0, 0, 0, 1, 1, 6, 0, 0, 0, 2, 0, 0.6666666666666666], [0, 0, 0, 0.1334228515625, 0, 0, 8, 4, 11, 0, 0, 0, 0, 2, 1, 4, 0, 0, 0, 3, 0, 0.6666666666666666], [0, 0, 0, 0.05205857753753662, 0, 0, 8, 13, 20, 0, 0, 0, 0, 10, 2, 2, 0, 0, 0, 12, 0, 0.5], [0, 0, 0, 0.015691161155700684, 0, 0, 8, 13, 20, 0, 0, 0, 0, 6, 5, 2, 0, 0, 0, 12, 0, 0.5], [0, 0, 0, 0.06585884094238281, 0, 0, 8, 13, 20, 0, 0, 1, 0, 11, 1, 3, 0, 0, 0, 12, 0, 0.6666666666666666], [0, 0, 0, 0.05934178829193115, 0, 0, 8, 3, 10, 0, 0, 0, 0, 1, 1, 4, 0, 0, 0, 2, 0, 0.5], [0, 0, 0, 0.07496732473373413, 0, 0, 8, 3, 10, 0, 0, 0, 0, 1, 1, 5, 0, 0, 0, 2, 0, 0.6666666666666666], [1, 0, 0, 0.0, 0, 0, 6, 3, 8, 1, 0, 0, 0, 1, 1, 4, 0, 0, 0, 2, 0, 0.6666666666666666], [0, 0, 0, 0.009620308876037598, 0, 0, 8, 7, 14, 0, 1, 0, 0, 5, 1, 1, 0, 0, 0, 6, 0, 0.6666666666666666], [1, 0, 0, 0.029911816120147705, 0, 0, 8, 13, 20, 1, 0, 1, 0, 11, 1, 1, 0, 0, 0, 12, 0, 0.5714285714285714], [0, 0, 0, 0.0, 0, 0, 8, 3, 10, 0, 0, 0, 0, 1, 1, 5, 0, 0, 0, 2, 0, 0.6666666666666666], [0, 0, 0, 0.03416043519973755, 0, 0, 8, 3, 10, 0, 0, 0, 0, 1, 1, 4, 0, 0, 0, 2, 0, 0.8], [0, 0, 0, 0.0012687146663665771, 0, 0, 8, 3, 10, 0, 0, 0, 0, 1, 1, 1, 0, 0, 0, 2, 0, 0.12], [0, 0, 0, 0.005564332008361816, 0, 0, 8, 3, 10, 0, 0, 0, 0, 1, 1, 7, 0, 0, 0, 2, 0, 0.6666666666666666], [1, 0, 1, 0.004354000091552734, 0, 0, 8, 4, 11, 1, 0, 1, 1, 2, 1, 4, 0, 0, 0, 3, 0, 0.5], [0, 0, 0, 0.015774250030517578, 0, 0, 8, 3, 10, 0, 0, 0, 0, 1, 1, 5, 0, 0, 0, 2, 0, 0.6666666666666666], [1, 0, 0, 0.06805884838104248, 0, 0, 8, 7, 14, 1, 0, 1, 0, 5, 1, 3, 0, 0, 0, 6, 0, 0.5], [1, 0, 0, 0.006602585315704346, 1, 0, 8, 13, 20, 1, 0, 1, 0, 8, 3, 4, 0, 0, 0, 12, 0, 0.5], [0, 0, 0, 0.10923385620117188, 0, 0, 8, 13, 20, 0, 0, 0, 0, 10, 2, 1, 0, 0, 0, 12, 0, 0.5], [0, 0, 0, 0.16274350881576538, 0, 0, 8, 5, 12, 0, 0, 0, 0, 1, 3, 5, 0, 0, 0, 4, 0, 0.6666666666666666], [0, 0, 0, 0.09901893138885498, 0, 0, 8, 3, 10, 0, 0, 0, 0, 1, 1, 6, 0, 0, 0, 2, 0, 0.6666666666666666], [0, 0, 0, 0.021718263626098633, 0, 0, 8, 4, 11, 0, 0, 0, 0, 2, 1, 6, 0, 0, 0, 3, 0, 0.8461538461538461], [1, 0, 1, 0.11590886116027832, 1, 0, 8, 13, 20, 1, 0, 1, 1, 2, 10, 5, 0, 0, 0, 12, 0, 0.6], [0, 0, 0, 0.0013170242309570312, 0, 0, 8, 4, 11, 0, 0, 0, 0, 1, 2, 5, 0, 0, 0, 3, 0, 0.8], [0, 0, 0, 0.024250000715255737, 0, 0, 8, 13, 20, 0, 0, 0, 0, 11, 1, 4, 0, 0, 0, 12, 0, 0.5], [0, 0, 0, 0.24922239780426025, 0, 0, 8, 3, 10, 0, 0, 0, 0, 1, 1, 6, 0, 0, 0, 2, 0, 0.8], [1, 0, 0, 0.02032291889190674, 1, 0, 4, 4, 7, 1, 0, 1, 0, 2, 1, 3, 0, 0, 0, 3, 1, 0.6666666666666666], [0, 0, 0, 0.10514688491821289, 0, 0, 8, 3, 10, 0, 0, 0, 0, 1, 1, 3, 0, 0, 0, 2, 0, 0.5], [1, 0, 1, 0.2131914496421814, 1, 1, 8, 3, 10, 1, 0, 0, 0, 1, 1, 4, 0, 0, 0, 2, 0, 0.6666666666666666], [1, 0, 0, 0.021584630012512207, 0, 0, 5, 5, 9, 1, 0, 0, 0, 2, 2, 3, 0, 0, 0, 4, 0, 0.6666666666666666], [0, 0, 0, 0.1659548282623291, 0, 0, 6, 3, 8, 0, 0, 0, 0, 1, 1, 5, 0, 0, 0, 2, 0, 0.6666666666666666], [1, 0, 0, 0.0, 0, 0, 3, 5, 7, 1, 0, 0, 0, 3, 1, 2, 0, 0, 0, 4, 0, 0.5], [1, 0, 1, 0.05037379264831543, 0, 0, 8, 4, 11, 1, 0, 1, 1, 2, 1, 4, 0, 0, 0, 3, 1, 0.6666666666666666], [0, 0, 0, 0.22025388479232788, 0, 0, 8, 4, 11, 0, 0, 0, 0, 2, 1, 5, 0, 0, 0, 3, 0, 0.6666666666666666], [1, 0, 1, 0.009365081787109375, 1, 0, 8, 5, 12, 1, 0, 1, 1, 2, 2, 4, 0, 0, 0, 4, 1, 0.8333333333333334], [0, 0, 0, 0.03881615400314331, 0, 0, 8, 5, 12, 0, 0, 0, 0, 3, 1, 4, 0, 0, 0, 4, 0, 0.5], [0, 0, 0, 0.10665935277938843, 0, 0, 8, 3, 10, 0, 0, 0, 0, 1, 1, 2, 0, 0, 0, 2, 0, 0.5], [0, 0, 0, 0.05093562602996826, 0, 0, 8, 3, 10, 0, 0, 0, 0, 1, 1, 3, 0, 0, 0, 2, 0, 0.6666666666666666], [1, 0, 1, 0.04661589860916138, 0, 0, 8, 8, 15, 1, 0, 1, 1, 3, 4, 5, 0, 0, 0, 7, 0, 0.6666666666666666], [1, 0, 0, 0.01742929220199585, 0, 0, 8, 7, 14, 1, 0, 1, 0, 3, 3, 5, 0, 0, 0, 6, 0, 0.75], [0, 0, 0, 0.014961183071136475, 0, 0, 8, 13, 20, 0, 1, 0, 0, 11, 1, 3, 0, 0, 0, 12, 0, 0.5], [0, 0, 0, 0.0867060124874115, 0, 0, 8, 13, 20, 0, 0, 0, 0, 10, 2, 3, 0, 0, 0, 12, 0, 0.5], [0, 0, 0, 0.00699809193611145, 0, 0, 8, 5, 12, 0, 0, 0, 0, 2, 2, 2, 0, 0, 0, 4, 0, 0.8], [0, 0, 0, 0.0, 0, 0, 8, 3, 10, 0, 0, 0, 0, 1, 1, 4, 0, 0, 0, 2, 0, 0.8666666666666667], [0, 0, 0, 0.02809464931488037, 0, 0, 8, 4, 11, 0, 0, 0, 0, 2, 1, 3, 0, 0, 0, 3, 0, 0.6111111111111112], [0, 0, 0, 0.0, 0, 0, 8, 8, 15, 0, 0, 0, 0, 5, 2, 4, 0, 0, 0, 7, 0, 0.6666666666666666], [0, 0, 0, 0.019760817289352417, 0, 0, 8, 3, 10, 0, 0, 0, 0, 1, 1, 3, 0, 0, 0, 2, 0, 0.5], [0, 0, 0, 0.02360612154006958, 0, 0, 8, 3, 10, 0, 0, 0, 0, 1, 1, 5, 0, 0, 0, 2, 0, 0.5], [1, 0, 0, 0.02573949098587036, 0, 0, 7, 13, 19, 1, 0, 0, 0, 2, 8, 6, 0, 0, 0, 12, 0, 0.8333333333333334], [1, 0, 1, 0.053752243518829346, 0, 1, 8, 3, 10, 1, 0, 0, 0, 1, 1, 5, 0, 0, 0, 2, 1, 0.6666666666666666], [0, 0, 0, 0.0010125041007995605, 0, 0, 8, 5, 12, 0, 0, 0, 0, 3, 1, 4, 0, 0, 0, 4, 0, 0.5], [1, 0, 0, 0.17203247547149658, 0, 0, 8, 3, 10, 1, 0, 0, 0, 1, 1, 6, 0, 0, 0, 2, 0, 0.6666666666666666], [1, 0, 1, 0.008415937423706055, 1, 0, 7, 13, 19, 1, 0, 1, 1, 4, 8, 6, 0, 0, 0, 12, 1, 0.8333333333333334], [1, 0, 0, 0.03913658857345581, 0, 0, 5, 4, 8, 1, 0, 0, 0, 1, 2, 3, 0, 0, 0, 3, 0, 0.8333333333333334], [1, 0, 0, 0.0016443729400634766, 1, 0, 8, 6, 13, 1, 0, 0, 0, 4, 1, 4, 0, 0, 0, 5, 1, 0.5], [0, 0, 0, 0.07177871465682983, 0, 0, 8, 3, 10, 0, 0, 0, 0, 1, 1, 4, 0, 0, 0, 2, 0, 0.5], [0, 0, 0, 0.03314846754074097, 0, 0, 8, 3, 10, 0, 0, 0, 0, 1, 1, 4, 0, 0, 0, 2, 0, 0.5], [1, 0, 0, 0.0, 0, 0, 2, 4, 5, 1, 0, 1, 0, 2, 1, 1, 0, 0, 0, 3, 0, 0.5], [1, 0, 0, 0.09940683841705322, 0, 0, 8, 7, 14, 1, 0, 1, 0, 5, 1, 5, 0, 0, 0, 6, 1, 0.6666666666666666], [0, 0, 0, 0.2236230969429016, 0, 0, 8, 3, 10, 0, 0, 0, 0, 1, 1, 5, 0, 0, 0, 2, 0, 0.6666666666666666], [0, 0, 0, 0.06545215845108032, 0, 0, 8, 13, 20, 0, 0, 0, 0, 11, 1, 3, 0, 0, 0, 12, 0, 0.6666666666666666], [0, 0, 0, 0.0057198405265808105, 0, 0, 8, 6, 13, 0, 0, 0, 0, 1, 4, 5, 0, 0, 0, 5, 0, 0.5714285714285714], [0, 0, 0, 0.03413534164428711, 0, 0, 8, 5, 12, 0, 0, 0, 0, 3, 1, 1, 0, 0, 0, 4, 0, 0.5], [1, 0, 1, 0.0, 1, 0, 8, 6, 13, 1, 0, 1, 1, 2, 3, 5, 0, 0, 0, 5, 1, 0.5], [1, 0, 1, 0.03361940383911133, 1, 0, 8, 13, 20, 1, 0, 1, 1, 4, 4, 2, 0, 0, 0, 12, 1, 0.5714285714285714], [1, 0, 0, 0.06571507453918457, 0, 0, 8, 13, 20, 1, 0, 1, 0, 9, 3, 1, 0, 0, 0, 12, 0, 0.5], [1, 0, 0, 0.22972166538238525, 0, 0, 8, 3, 10, 1, 0, 0, 0, 1, 1, 2, 0, 0, 0, 2, 0, 0.5], [1, 0, 0, 0.10589462518692017, 0, 1, 6, 4, 9, 1, 0, 0, 0, 1, 2, 4, 0, 0, 0, 3, 0, 0.6666666666666666], [1, 0, 0, 0.06619065999984741, 0, 0, 8, 13, 20, 1, 1, 1, 1, 3, 5, 4, 0, 0, 0, 12, 1, 0.8333333333333334], [1, 0, 1, 0.0318182110786438, 1, 0, 8, 4, 11, 1, 0, 1, 0, 2, 1, 3, 0, 0, 0, 3, 1, 0.8], [1, 0, 0, 0.043694257736206055, 0, 0, 8, 8, 15, 1, 1, 0, 0, 3, 3, 2, 0, 0, 0, 7, 0, 0.42857142857142855], [0, 0, 0, 0.00014919042587280273, 0, 0, 8, 6, 13, 0, 0, 0, 0, 4, 1, 4, 0, 0, 0, 5, 0, 0.75], [0, 0, 0, 0.021176457405090332, 0, 0, 8, 4, 11, 0, 0, 1, 0, 2, 1, 4, 0, 0, 0, 3, 0, 0.6666666666666666], [0, 0, 0, 0.21195834875106812, 0, 0, 8, 3, 10, 0, 0, 0, 0, 1, 1, 4, 0, 0, 0, 2, 0, 0.6666666666666666], [0, 0, 0, 0.00953739881515503, 0, 0, 8, 3, 10, 0, 0, 0, 0, 1, 1, 5, 0, 0, 0, 2, 0, 0.6666666666666666], [0, 0, 0, 0.05740708112716675, 0, 0, 8, 9, 16, 0, 0, 1, 0, 6, 2, 5, 0, 0, 0, 8, 0, 0.8], [1, 0, 0, 0.061017632484436035, 0, 0, 8, 9, 16, 1, 0, 0, 0, 5, 2, 5, 0, 0, 0, 8, 0, 0.8], [1, 0, 1, 0.008203983306884766, 1, 0, 8, 5, 12, 1, 0, 1, 1, 2, 2, 5, 0, 0, 0, 4, 0, 0.75], [1, 0, 0, 0.0, 1, 0, 6, 5, 10, 1, 0, 1, 0, 2, 2, 5, 0, 0, 0, 4, 1, 0.6666666666666666], [0, 0, 0, 0.033875972032547, 0, 0, 8, 13, 20, 0, 0, 0, 0, 11, 1, 2, 0, 0, 0, 12, 0, 0.5], [0, 0, 0, 0.22470074892044067, 0, 0, 8, 3, 10, 0, 0, 0, 0, 1, 1, 2, 0, 0, 0, 2, 0, 0.6666666666666666], [0, 0, 0, 0.03577190637588501, 0, 0, 8, 9, 16, 0, 0, 0, 0, 7, 1, 4, 0, 0, 0, 8, 0, 0.5], [0, 0, 0, 0.05684030055999756, 0, 0, 8, 9, 16, 0, 0, 0, 0, 3, 3, 1, 0, 0, 0, 8, 0, 0.5714285714285714], [1, 0, 0, 0.0015780925750732422, 0, 1, 8, 12, 19, 1, 0, 0, 0, 6, 4, 2, 0, 0, 0, 11, 0, 0.6666666666666666], [0, 0, 0, 0.026415348052978516, 0, 0, 8, 13, 20, 0, 0, 0, 0, 11, 1, 3, 0, 0, 0, 12, 0, 0.5], [0, 0, 0, 0.12697458267211914, 0, 0, 8, 7, 14, 0, 0, 0, 0, 5, 1, 1, 0, 0, 0, 6, 0, 0.5], [0, 0, 0, 0.020923256874084473, 0, 0, 8, 11, 18, 0, 0, 0, 0, 7, 2, 1, 0, 0, 0, 10, 0, 0.75], [0, 0, 0, 0.061906009912490845, 0, 0, 8, 5, 12, 0, 0, 0, 0, 3, 1, 5, 0, 0, 0, 4, 0, 0.5], [0, 0, 0, 0.025052666664123535, 0, 0, 8, 3, 10, 0, 0, 0, 0, 1, 1, 4, 0, 0, 0, 2, 0, 0.8], [0, 0, 0, 0.005202054977416992, 0, 0, 8, 4, 11, 0, 0, 0, 0, 2, 1, 5, 0, 0, 0, 3, 0, 0.8333333333333334], [1, 0, 1, 0.038527488708496094, 1, 0, 8, 8, 15, 1, 0, 1, 0, 4, 2, 2, 0, 0, 0, 7, 0, 0.5], [0, 0, 0, 0.14264768362045288, 0, 0, 8, 3, 10, 0, 0, 0, 0, 1, 1, 4, 0, 0, 0, 2, 0, 0.6666666666666666], [1, 0, 1, 0.03822046518325806, 1, 0, 8, 13, 20, 1, 0, 1, 1, 5, 7, 4, 0, 0, 0, 12, 1, 0.875], [0, 0, 0, 0.02556633949279785, 0, 0, 8, 4, 11, 0, 0, 0, 0, 2, 1, 5, 0, 0, 0, 3, 0, 0.6666666666666666], [0, 0, 0, 0.05154061317443848, 0, 0, 8, 5, 12, 0, 0, 0, 0, 3, 1, 4, 0, 0, 0, 4, 0, 0.5], [1, 0, 0, 0.33501482009887695, 1, 0, 8, 4, 11, 1, 0, 1, 0, 2, 1, 4, 0, 0, 0, 3, 0, 0.7272727272727273], [1, 0, 0, 0.03910869359970093, 0, 0, 8, 4, 11, 1, 0, 0, 0, 2, 1, 3, 0, 0, 0, 3, 0, 0.75], [0, 0, 0, 0.001727283000946045, 0, 0, 8, 13, 20, 0, 0, 0, 0, 6, 4, 1, 0, 0, 0, 12, 0, 0.6666666666666666], [0, 0, 0, 0.11268454790115356, 0, 0, 8, 3, 10, 0, 0, 0, 0, 1, 1, 6, 0, 0, 0, 2, 0, 0.5], [1, 0, 0, 0.053456664085388184, 0, 0, 4, 3, 6, 1, 0, 0, 0, 1, 1, 3, 0, 0, 0, 2, 0, 0.75], [0, 0, 0, 0.01103469729423523, 0, 0, 8, 13, 20, 0, 0, 0, 0, 11, 1, 1, 0, 0, 0, 12, 0, 0.15384615384615385], [0, 0, 0, 0.0074236392974853516, 0, 0, 8, 4, 11, 0, 0, 0, 0, 2, 1, 4, 0, 0, 0, 3, 0, 0.6666666666666666], [1, 0, 0, 0.0, 0, 0, 4, 4, 7, 1, 0, 1, 0, 2, 1, 3, 0, 0, 0, 3, 0, 0.6666666666666666], [1, 0, 0, 0.06536322832107544, 0, 0, 8, 7, 14, 1, 0, 0, 0, 3, 3, 2, 0, 0, 0, 6, 0, 0.5], [0, 0, 0, 0.0, 0, 0, 4, 3, 6, 1, 0, 0, 0, 1, 1, 3, 0, 0, 0, 2, 0, 0.5], [1, 0, 1, 0.017240822315216064, 1, 0, 7, 7, 13, 1, 0, 1, 1, 2, 4, 5, 0, 0, 0, 6, 1, 0.6666666666666666], [0, 0, 0, 0.18209022283554077, 0, 0, 8, 6, 13, 0, 0, 0, 0, 4, 1, 6, 0, 0, 0, 5, 0, 0.6666666666666666], [1, 0, 0, 0.0, 0, 0, 8, 6, 13, 1, 0, 0, 0, 4, 1, 6, 0, 0, 0, 5, 0, 0.5714285714285714], [0, 0, 0, 0.03250110149383545, 0, 0, 8, 9, 16, 0, 0, 0, 0, 7, 1, 2, 0, 0, 0, 8, 0, 0.5], [0, 0, 0, 0.24339991807937622, 0, 0, 8, 3, 10, 0, 0, 0, 0, 1, 1, 5, 0, 0, 0, 2, 0, 0.75], [1, 0, 0, 0.10151922702789307, 0, 0, 8, 13, 20, 1, 0, 0, 0, 10, 2, 1, 0, 0, 0, 12, 1, 0.5], [0, 0, 0, 0.08365422487258911, 0, 0, 8, 13, 20, 0, 0, 0, 0, 8, 2, 1, 0, 0, 0, 12, 0, 0.5], [0, 0, 0, 0.0013870596885681152, 0, 0, 8, 13, 20, 0, 0, 0, 0, 9, 2, 4, 0, 0, 0, 12, 0, 0.6666666666666666], [1, 0, 1, 0.04713308811187744, 1, 0, 8, 5, 12, 1, 0, 1, 1, 2, 2, 5, 0, 0, 0, 4, 1, 0.6666666666666666], [1, 0, 1, 0.0, 0, 1, 6, 3, 8, 1, 0, 0, 0, 1, 1, 5, 0, 0, 0, 2, 0, 0.6666666666666666], [0, 0, 1, 0.09767511487007141, 0, 0, 8, 13, 20, 0, 0, 1, 1, 7, 4, 3, 0, 0, 0, 12, 0, 0.5], [0, 0, 0, 0.1195945143699646, 0, 0, 8, 6, 13, 0, 0, 0, 0, 2, 3, 4, 0, 0, 0, 5, 0, 0.5], [0, 0, 0, 0.19237595796585083, 0, 0, 8, 3, 10, 0, 0, 0, 0, 1, 1, 5, 0, 0, 0, 2, 0, 0.5], [0, 0, 0, 0.029706835746765137, 0, 0, 8, 8, 15, 0, 0, 0, 0, 6, 1, 1, 0, 0, 0, 7, 0, 0.5], [0, 0, 0, 0.30073046684265137, 0, 0, 8, 5, 12, 0, 0, 0, 0, 1, 3, 5, 0, 0, 0, 4, 0, 0.5], [0, 0, 0, 0.02385568618774414, 0, 0, 8, 13, 20, 0, 0, 0, 0, 6, 3, 2, 0, 0, 0, 12, 0, 0.5], [0, 0, 0, 0.022397339344024658, 0, 0, 8, 7, 14, 0, 0, 0, 0, 4, 2, 2, 0, 0, 0, 6, 0, 0.6666666666666666], [0, 0, 0, 0.1841835379600525, 0, 0, 8, 3, 10, 0, 0, 0, 0, 1, 1, 4, 0, 0, 0, 2, 0, 0.5], [0, 0, 0, 0.11067056655883789, 0, 0, 8, 7, 14, 0, 0, 0, 0, 4, 2, 6, 0, 0, 0, 6, 0, 0.6666666666666666], [0, 0, 0, 0.06267046928405762, 0, 0, 8, 5, 12, 0, 0, 0, 0, 3, 1, 5, 0, 0, 0, 4, 0, 0.5], [0, 0, 0, 0.006147801876068115, 0, 0, 8, 3, 10, 0, 0, 0, 0, 1, 1, 6, 0, 0, 0, 2, 0, 0.75], [1, 0, 0, 0.0041342973709106445, 1, 0, 8, 4, 11, 1, 0, 1, 0, 2, 1, 4, 0, 0, 0, 3, 1, 0.8333333333333334], [1, 0, 0, 0.08081305027008057, 0, 0, 8, 13, 20, 1, 0, 0, 0, 2, 10, 5, 0, 0, 0, 12, 1, 0.6], [1, 0, 1, 0.009885549545288086, 1, 0, 8, 11, 18, 1, 0, 1, 1, 3, 7, 3, 0, 0, 0, 10, 1, 0.6666666666666666], [0, 0, 0, 0.10032051801681519, 0, 0, 8, 3, 10, 0, 0, 0, 0, 1, 1, 4, 0, 0, 0, 2, 0, 0.6666666666666666], [1, 0, 0, 0.0022319555282592773, 0, 0, 8, 13, 20, 1, 0, 0, 0, 6, 5, 2, 0, 0, 0, 12, 0, 0.5714285714285714], [0, 0, 0, 0.14194881916046143, 0, 0, 8, 13, 20, 0, 0, 1, 0, 10, 2, 1, 0, 0, 0, 12, 0, 0.3333333333333333], [1, 0, 1, 0.0011163949966430664, 0, 0, 8, 5, 12, 1, 0, 1, 1, 2, 2, 7, 0, 0, 0, 4, 0, 0.5], [1, 0, 1, 0.00197446346282959, 0, 1, 6, 3, 8, 1, 1, 0, 0, 1, 1, 5, 0, 0, 0, 2, 0, 0.6666666666666666], [0, 0, 0, 0.0075904130935668945, 0, 0, 8, 3, 10, 0, 0, 0, 0, 1, 1, 6, 0, 0, 0, 2, 0, 0.6666666666666666], [0, 0, 0, 0.0031551718711853027, 0, 0, 8, 10, 17, 0, 0, 0, 0, 8, 1, 3, 0, 0, 0, 9, 0, 0.5], [0, 0, 0, 0.09243506193161011, 0, 0, 8, 13, 20, 0, 0, 0, 0, 7, 5, 3, 0, 0, 0, 12, 0, 0.5], [0, 0, 0, 0.007495522499084473, 0, 0, 8, 13, 20, 0, 0, 0, 0, 10, 2, 4, 0, 0, 0, 12, 0, 0.6666666666666666], [0, 0, 1, 0.13110458850860596, 0, 0, 8, 5, 12, 0, 0, 1, 1, 3, 1, 3, 0, 0, 0, 4, 0, 0.875], [1, 0, 1, 0.0, 1, 0, 2, 8, 9, 1, 0, 1, 1, 4, 3, 1, 0, 0, 0, 7, 1, 0.6666666666666666], [1, 0, 0, 0.016188740730285645, 0, 0, 8, 13, 20, 1, 0, 1, 0, 7, 3, 1, 0, 0, 0, 12, 0, 0.5714285714285714], [1, 0, 0, 0.052013397216796875, 1, 0, 8, 4, 11, 1, 0, 1, 0, 2, 1, 4, 0, 0, 0, 3, 1, 0.6666666666666666], [1, 0, 0, 0.011575460433959961, 0, 0, 8, 5, 12, 1, 0, 0, 0, 2, 2, 5, 0, 0, 0, 4, 0, 0.5], [0, 0, 0, 0.03416043519973755, 0, 0, 8, 3, 10, 0, 0, 0, 0, 1, 1, 4, 0, 0, 0, 2, 0, 0.8], [1, 0, 1, 0.11590886116027832, 1, 0, 8, 13, 20, 1, 0, 1, 1, 2, 10, 5, 0, 0, 0, 12, 0, 0.6], [1, 0, 1, 0.015484452247619629, 0, 0, 8, 13, 20, 1, 0, 1, 1, 10, 2, 2, 0, 0, 0, 12, 0, 0.75], [0, 0, 0, 0.02833402156829834, 0, 0, 8, 13, 20, 0, 0, 0, 0, 8, 4, 2, 0, 0, 0, 12, 0, 0.5], [1, 0, 0, 0.0055991411209106445, 0, 0, 8, 3, 10, 1, 0, 0, 0, 1, 1, 5, 0, 0, 0, 2, 0, 0.7272727272727273], [0, 0, 0, 0.0071482062339782715, 0, 0, 8, 13, 20, 0, 0, 0, 0, 4, 5, 1, 0, 0, 0, 12, 0, 0.6666666666666666], [0, 0, 0, 0.08783060312271118, 0, 0, 8, 3, 10, 0, 0, 0, 0, 1, 1, 5, 0, 0, 0, 2, 0, 0.5], [1, 0, 0, 0.017320692539215088, 0, 0, 8, 6, 13, 1, 0, 0, 0, 3, 2, 5, 0, 0, 0, 5, 0, 0.5], [0, 0, 0, 0.010887831449508667, 0, 0, 8, 13, 20, 0, 0, 0, 0, 11, 1, 2, 0, 0, 0, 12, 0, 0.5], [1, 0, 1, 0.0006491541862487793, 1, 0, 8, 13, 20, 1, 0, 1, 1, 6, 4, 2, 0, 0, 0, 12, 0, 0.6666666666666666], [0, 0, 0, 0.04630225896835327, 0, 0, 6, 9, 14, 0, 0, 0, 0, 5, 2, 5, 0, 0, 0, 8, 0, 0.8333333333333334], [0, 0, 0, 0.009861528873443604, 0, 0, 8, 4, 11, 0, 0, 0, 0, 1, 2, 7, 0, 0, 0, 3, 0, 0.5], [0, 0, 0, 0.02032291889190674, 0, 0, 3, 4, 6, 1, 0, 0, 0, 2, 1, 2, 0, 0, 0, 3, 0, 0.6666666666666666], [1, 0, 0, 0.04598855972290039, 0, 0, 8, 4, 11, 1, 0, 0, 0, 2, 1, 4, 0, 0, 0, 3, 0, 0.6666666666666666], [1, 0, 0, 0.012106478214263916, 1, 0, 8, 10, 17, 1, 0, 1, 0, 6, 2, 4, 0, 0, 0, 9, 1, 0.8], [0, 0, 0, 0.01623055338859558, 0, 0, 8, 13, 20, 0, 0, 0, 0, 11, 1, 3, 0, 0, 0, 12, 0, 0.5], [0, 0, 0, 0.10009956359863281, 0, 0, 8, 3, 10, 0, 0, 0, 0, 1, 1, 6, 0, 0, 0, 2, 0, 0.6666666666666666], [0, 0, 0, 0.003507941961288452, 0, 0, 8, 3, 10, 0, 0, 0, 0, 1, 1, 5, 0, 0, 0, 2, 0, 0.5], [0, 0, 0, 0.0, 0, 0, 4, 13, 16, 0, 0, 0, 0, 2, 10, 3, 0, 0, 0, 12, 0, 0.75], [0, 0, 0, 0.008832037448883057, 0, 0, 8, 4, 11, 0, 0, 0, 0, 2, 1, 4, 0, 0, 0, 3, 0, 0.5], [0, 0, 0, 0.3380274772644043, 0, 0, 8, 3, 10, 0, 0, 0, 0, 1, 1, 4, 0, 0, 0, 2, 0, 0.6], [0, 0, 0, 0.16730105876922607, 0, 0, 8, 5, 12, 0, 0, 0, 0, 3, 1, 6, 0, 0, 0, 4, 0, 0.75], [0, 0, 0, 0.040243446826934814, 0, 0, 8, 13, 20, 0, 0, 0, 0, 8, 4, 2, 0, 0, 0, 12, 0, 0.5], [0, 0, 0, 0.20024850964546204, 0, 0, 8, 4, 11, 0, 0, 0, 0, 2, 1, 4, 0, 0, 0, 3, 0, 0.6], [0, 0, 0, 0.19470220804214478, 0, 0, 8, 3, 10, 0, 0, 0, 0, 1, 1, 6, 0, 0, 0, 2, 0, 0.75], [0, 0, 0, 0.0363917350769043, 0, 0, 8, 4, 11, 0, 0, 0, 0, 2, 1, 6, 0, 0, 0, 3, 0, 0.75], [0, 0, 0, 0.08055263757705688, 0, 0, 8, 3, 10, 0, 0, 0, 0, 1, 1, 3, 0, 0, 0, 2, 0, 0.6111111111111112], [0, 0, 0, 0.11276841163635254, 0, 0, 8, 9, 16, 0, 0, 0, 0, 4, 2, 3, 0, 0, 0, 8, 0, 0.5], [0, 0, 0, 0.025784611701965332, 0, 0, 8, 9, 16, 0, 0, 0, 0, 7, 1, 1, 0, 0, 0, 8, 0, 0.5], [1, 0, 1, 0.017240822315216064, 1, 0, 7, 7, 13, 1, 0, 1, 1, 2, 4, 5, 0, 0, 0, 6, 1, 0.6666666666666666], [1, 0, 1, 0.0392645001411438, 1, 0, 8, 9, 16, 1, 0, 1, 1, 2, 6, 1, 0, 0, 0, 8, 1, 0.6666666666666666], [1, 0, 0, 0.3140990734100342, 0, 0, 8, 4, 11, 1, 0, 0, 0, 2, 1, 6, 0, 0, 0, 3, 0, 0.6666666666666666], [1, 0, 1, 0.006088435649871826, 1, 0, 8, 12, 19, 1, 0, 1, 1, 3, 8, 5, 0, 0, 0, 11, 1, 0.8333333333333334], [0, 0, 0, 0.15320050716400146, 0, 0, 8, 3, 10, 0, 0, 0, 0, 1, 1, 4, 0, 0, 0, 2, 0, 0.5], [0, 0, 0, 0.004905998706817627, 0, 0, 8, 11, 18, 0, 0, 0, 0, 7, 3, 4, 0, 0, 0, 10, 0, 0.6666666666666666], [1, 0, 1, 0.006054997444152832, 1, 1, 3, 9, 11, 1, 0, 1, 1, 3, 3, 1, 0, 0, 0, 8, 1, 0.6666666666666666], [0, 0, 0, 0.00935313105583191, 0, 0, 8, 13, 20, 0, 0, 0, 0, 9, 2, 1, 0, 0, 0, 12, 0, 0.5], [0, 0, 0, 0.0037127137184143066, 0, 0, 8, 13, 20, 0, 0, 0, 0, 10, 2, 3, 0, 0, 0, 12, 0, 0.5], [0, 0, 0, 0.08466500043869019, 0, 0, 8, 4, 11, 0, 0, 0, 0, 2, 1, 5, 0, 0, 0, 3, 0, 0.8], [0, 0, 0, 0.05147367715835571, 0, 0, 8, 13, 20, 0, 0, 0, 0, 11, 1, 1, 0, 0, 0, 12, 0, 0.5], [0, 0, 0, 0.11817759275436401, 0, 0, 8, 3, 10, 0, 0, 0, 0, 1, 1, 5, 0, 0, 0, 2, 0, 0.6666666666666666], [0, 0, 0, 0.02233487367630005, 0, 0, 8, 4, 11, 0, 0, 0, 0, 1, 2, 7, 0, 0, 0, 3, 0, 0.6666666666666666], [1, 0, 1, 0.04146701097488403, 1, 0, 8, 13, 20, 1, 1, 1, 1, 5, 6, 6, 0, 0, 0, 12, 1, 0.5], [0, 0, 0, 0.0616379976272583, 0, 0, 8, 7, 14, 0, 0, 0, 0, 5, 1, 3, 0, 0, 0, 6, 0, 0.5], [0, 0, 0, 0.009830474853515625, 0, 0, 6, 3, 8, 0, 0, 0, 0, 1, 1, 5, 0, 0, 0, 2, 0, 0.5], [0, 0, 0, 0.013755321502685547, 0, 0, 8, 13, 20, 0, 0, 0, 0, 9, 3, 2, 0, 0, 0, 12, 0, 0.5], [0, 0, 0, 0.10002914071083069, 0, 0, 8, 12, 19, 0, 0, 0, 0, 9, 2, 1, 0, 0, 0, 11, 0, 0.5], [0, 0, 1, 0.006907135248184204, 0, 0, 8, 13, 20, 0, 0, 1, 1, 1, 11, 5, 0, 0, 0, 12, 0, 0.5], [0, 0, 0, 0.07643622159957886, 0, 0, 8, 3, 10, 0, 0, 0, 0, 1, 1, 3, 0, 0, 0, 2, 0, 0.5], [1, 0, 1, 0.0001353621482849121, 1, 0, 6, 13, 18, 1, 0, 1, 1, 3, 7, 5, 0, 0, 0, 12, 1, 0.8333333333333334], [1, 0, 1, 0.004947036504745483, 0, 0, 7, 8, 14, 1, 0, 1, 0, 3, 2, 5, 0, 0, 0, 7, 0, 0.6666666666666666], [0, 0, 0, 0.0, 0, 0, 4, 3, 6, 0, 0, 0, 0, 1, 1, 3, 0, 0, 0, 2, 0, 0.5], [1, 0, 0, 0.015804409980773926, 0, 0, 8, 4, 11, 1, 0, 1, 0, 2, 1, 5, 0, 0, 0, 3, 0, 0.8666666666666667], [1, 0, 0, 0.0007455348968505859, 0, 0, 8, 6, 13, 1, 0, 0, 0, 1, 4, 6, 0, 0, 0, 5, 0, 0.6666666666666666], [1, 0, 0, 0.11213791370391846, 0, 0, 8, 3, 10, 1, 0, 0, 0, 1, 1, 6, 0, 0, 0, 2, 0, 0.8], [1, 0, 0, 0.04202759265899658, 0, 0, 8, 3, 10, 1, 0, 0, 0, 1, 1, 5, 0, 0, 0, 2, 0, 0.75], [0, 0, 0, 0.47078192234039307, 0, 0, 8, 3, 10, 0, 0, 0, 0, 1, 1, 4, 0, 0, 0, 2, 0, 0.5], [0, 0, 0, 0.0, 0, 0, 8, 8, 15, 0, 0, 0, 0, 5, 2, 2, 0, 0, 0, 7, 0, 0.5], [0, 0, 0, 0.00910794734954834, 0, 1, 8, 8, 15, 0, 0, 0, 0, 3, 4, 5, 0, 0, 0, 7, 0, 0.75], [0, 0, 0, 0.40370333194732666, 0, 0, 8, 3, 10, 0, 0, 0, 0, 1, 1, 5, 0, 0, 0, 2, 0, 0.6666666666666666], [1, 0, 0, 0.012106478214263916, 1, 0, 8, 10, 17, 1, 0, 1, 0, 6, 2, 4, 0, 0, 0, 9, 1, 0.8], [1, 0, 0, 0.08031255006790161, 0, 0, 8, 4, 11, 1, 0, 0, 0, 2, 1, 5, 0, 0, 0, 3, 0, 0.8333333333333334], [0, 0, 0, 0.029033541679382324, 0, 0, 8, 7, 14, 0, 0, 0, 0, 5, 1, 4, 0, 0, 0, 6, 0, 0.6666666666666666], [0, 0, 0, 0.015418320894241333, 0, 0, 8, 9, 16, 0, 0, 0, 0, 6, 2, 3, 0, 0, 0, 8, 0, 0.5], [1, 0, 0, 0.03913658857345581, 0, 0, 5, 4, 8, 1, 0, 0, 0, 1, 2, 3, 0, 0, 0, 3, 0, 0.8333333333333334], [0, 0, 0, 0.05112844705581665, 0, 0, 8, 3, 10, 0, 0, 0, 0, 1, 1, 5, 0, 0, 0, 2, 0, 0.6666666666666666], [1, 0, 0, 0.014690399169921875, 0, 0, 8, 11, 18, 1, 0, 1, 0, 6, 3, 5, 0, 0, 0, 10, 0, 0.8181818181818182], [0, 0, 0, 0.21991875767707825, 0, 0, 8, 3, 10, 0, 0, 0, 0, 1, 1, 3, 0, 0, 0, 2, 0, 0.8], [1, 0, 1, 0.015524357557296753, 0, 0, 8, 13, 20, 1, 0, 1, 1, 10, 2, 1, 0, 0, 0, 12, 0, 0.5], [1, 0, 1, 0.008415937423706055, 1, 0, 7, 13, 19, 1, 0, 1, 1, 3, 7, 6, 0, 0, 0, 12, 1, 0.8333333333333334], [0, 0, 0, 0.003226339817047119, 0, 0, 8, 5, 12, 0, 0, 0, 0, 3, 1, 4, 0, 0, 0, 4, 0, 0.6666666666666666], [0, 0, 0, 0.0, 0, 0, 8, 3, 10, 0, 0, 0, 0, 1, 1, 5, 0, 0, 0, 2, 0, 0.5], [1, 0, 0, 0.08914899826049805, 0, 0, 8, 3, 10, 1, 0, 0, 0, 1, 1, 5, 0, 0, 0, 2, 0, 0.75], [1, 0, 0, 0.0, 0, 0, 8, 4, 11, 1, 0, 0, 0, 2, 1, 4, 0, 0, 0, 3, 0, 0.75], [0, 0, 0, 0.23545557260513306, 0, 0, 8, 3, 10, 0, 0, 0, 0, 1, 1, 5, 0, 0, 0, 2, 0, 0.75], [1, 0, 1, 0.0496029257774353, 1, 0, 8, 7, 14, 1, 1, 1, 1, 4, 2, 2, 0, 0, 0, 6, 0, 0.6666666666666666], [0, 0, 0, 0.012020707130432129, 0, 0, 8, 13, 20, 0, 0, 0, 0, 11, 1, 1, 0, 0, 0, 12, 0, 0.2], [0, 0, 0, 0.05480530858039856, 0, 0, 8, 5, 12, 0, 0, 0, 0, 3, 1, 5, 0, 0, 0, 4, 0, 0.5], [0, 0, 0, 0.0008310675621032715, 0, 0, 8, 13, 20, 0, 0, 0, 0, 11, 1, 1, 0, 0, 0, 12, 0, 0.5], [1, 0, 1, 0.08176583051681519, 1, 0, 8, 13, 20, 1, 0, 1, 1, 6, 4, 3, 0, 0, 0, 12, 1, 0.8], [1, 0, 0, 0.07971429824829102, 0, 0, 8, 6, 13, 1, 1, 0, 0, 4, 1, 3, 0, 0, 0, 5, 0, 0.75], [0, 0, 0, 0.0879564881324768, 0, 0, 8, 13, 20, 0, 0, 0, 0, 9, 3, 3, 0, 0, 0, 12, 0, 0.5], [0, 0, 0, 0.40206435322761536, 0, 0, 8, 3, 10, 0, 0, 0, 0, 1, 1, 4, 0, 0, 0, 2, 0, 0.5], [1, 0, 0, 0.2597615122795105, 0, 0, 8, 4, 11, 1, 0, 0, 0, 2, 1, 6, 0, 0, 0, 3, 0, 0.5], [1, 0, 1, 0.09556365013122559, 0, 0, 8, 7, 14, 1, 0, 1, 1, 3, 3, 6, 0, 0, 0, 6, 0, 0.6666666666666666], [1, 0, 0, 0.0, 1, 0, 8, 8, 15, 1, 0, 1, 1, 2, 3, 6, 0, 0, 0, 7, 0, 0.7272727272727273], [1, 0, 1, 0.008203983306884766, 1, 0, 8, 5, 12, 1, 0, 1, 1, 2, 2, 5, 0, 0, 0, 4, 0, 0.75], [0, 0, 0, 0.0, 0, 0, 8, 13, 20, 0, 0, 0, 0, 11, 1, 2, 0, 0, 0, 12, 0, 0.6666666666666666], [0, 0, 0, 0.022285282611846924, 0, 0, 8, 13, 20, 0, 0, 0, 0, 6, 5, 2, 0, 0, 0, 12, 0, 0.5], [1, 0, 1, 0.057444870471954346, 1, 0, 8, 4, 11, 1, 0, 1, 1, 2, 1, 7, 0, 0, 0, 3, 1, 0.6666666666666666], [1, 0, 0, 0.006254076957702637, 0, 1, 3, 9, 11, 1, 0, 1, 0, 3, 4, 1, 0, 0, 0, 8, 0, 0.6666666666666666], [1, 0, 0, 0.0, 0, 0, 7, 4, 10, 1, 0, 1, 0, 2, 1, 6, 0, 0, 0, 3, 1, 0.6666666666666666], [0, 0, 0, 0.040560007095336914, 0, 0, 8, 13, 20, 0, 0, 0, 0, 5, 7, 4, 0, 0, 0, 12, 0, 0.875], [1, 0, 1, 0.04033416509628296, 1, 0, 8, 8, 15, 1, 0, 1, 0, 4, 2, 2, 0, 0, 0, 7, 1, 0.5], [1, 0, 0, 0.020248591899871826, 0, 0, 8, 13, 20, 1, 0, 1, 0, 3, 7, 3, 0, 0, 0, 12, 0, 0.5714285714285714], [1, 0, 1, 0.13604629039764404, 0, 0, 8, 5, 12, 1, 0, 1, 1, 2, 2, 2, 0, 0, 0, 4, 0, 0.5], [0, 0, 0, 0.08095204830169678, 0, 0, 8, 5, 12, 0, 0, 0, 0, 2, 2, 1, 0, 0, 0, 4, 0, 0.5], [0, 0, 0, 0.01963728666305542, 0, 0, 8, 13, 20, 0, 0, 0, 0, 11, 1, 1, 0, 0, 0, 12, 0, 0.2], [1, 0, 0, 0.03130936622619629, 0, 0, 8, 9, 16, 1, 0, 1, 0, 6, 2, 3, 0, 0, 0, 8, 1, 0.8], [0, 0, 0, 0.009721219539642334, 0, 0, 8, 3, 10, 0, 0, 0, 0, 1, 1, 2, 0, 0, 0, 2, 0, 0.875], [0, 0, 0, 0.02784043550491333, 0, 0, 8, 13, 20, 0, 0, 0, 0, 11, 1, 1, 0, 0, 0, 12, 0, 0.2], [1, 0, 0, 0.013646900653839111, 0, 0, 8, 4, 11, 1, 0, 0, 0, 2, 1, 5, 0, 0, 0, 3, 0, 0.5], [0, 0, 0, 0.20950216054916382, 0, 0, 8, 3, 10, 0, 0, 0, 0, 1, 1, 6, 0, 0, 0, 2, 0, 0.5], [0, 0, 0, 0.05528092384338379, 0, 0, 8, 3, 10, 0, 0, 0, 0, 1, 1, 5, 0, 0, 0, 2, 0, 0.6666666666666666], [0, 0, 0, 0.010717689990997314, 0, 0, 8, 8, 15, 0, 0, 0, 0, 4, 3, 2, 0, 0, 0, 7, 0, 0.6666666666666666], [0, 0, 0, 0.23966661095619202, 0, 0, 8, 3, 10, 0, 0, 0, 0, 1, 1, 4, 0, 0, 0, 2, 0, 0.625], [1, 0, 1, 0.0, 1, 1, 7, 3, 9, 1, 0, 0, 0, 1, 1, 5, 0, 0, 0, 2, 0, 0.6666666666666666], [1, 0, 1, 0.04575836658477783, 1, 0, 8, 13, 20, 1, 0, 1, 1, 2, 9, 6, 0, 0, 0, 12, 1, 0.75], [0, 0, 0, 0.09083378314971924, 0, 0, 7, 3, 9, 0, 0, 0, 0, 1, 1, 5, 0, 0, 0, 2, 0, 0.6666666666666666], [0, 0, 0, 0.024537086486816406, 0, 0, 8, 13, 20, 0, 0, 1, 0, 10, 2, 1, 0, 0, 0, 12, 0, 0.5], [1, 0, 1, 0.08964663743972778, 1, 0, 7, 5, 11, 1, 0, 1, 1, 2, 2, 4, 0, 0, 0, 4, 1, 0.5], [0, 0, 0, 0.0864461362361908, 0, 0, 8, 3, 10, 0, 0, 0, 0, 1, 1, 5, 0, 0, 0, 2, 0, 0.875], [1, 0, 1, 0.0055991411209106445, 0, 1, 8, 3, 10, 1, 1, 0, 0, 1, 1, 5, 0, 0, 0, 2, 0, 0.7272727272727273], [0, 0, 0, 0.013010561466217041, 0, 0, 8, 9, 16, 0, 0, 0, 0, 7, 1, 4, 0, 0, 0, 8, 0, 0.5], [0, 0, 0, 0.02057740092277527, 0, 0, 8, 3, 10, 0, 0, 0, 0, 1, 1, 4, 0, 0, 0, 2, 0, 0.5], [0, 0, 0, 0.004585206508636475, 0, 0, 8, 3, 10, 0, 0, 0, 0, 1, 1, 3, 0, 0, 0, 2, 0, 0.75], [0, 0, 0, 0.1815096139907837, 0, 0, 8, 10, 17, 0, 0, 0, 0, 5, 3, 3, 0, 0, 0, 9, 0, 0.5], [1, 0, 0, 0.033170878887176514, 1, 0, 8, 5, 12, 1, 0, 1, 0, 3, 1, 4, 0, 0, 0, 4, 1, 0.75], [0, 0, 0, 0.06595474481582642, 0, 0, 8, 3, 10, 0, 0, 0, 0, 1, 1, 5, 0, 0, 0, 2, 0, 0.6666666666666666], [1, 0, 1, 0.053018808364868164, 0, 0, 8, 13, 20, 1, 0, 1, 1, 10, 2, 3, 0, 0, 0, 12, 0, 0.5], [0, 0, 0, 0.006168842315673828, 0, 0, 8, 3, 10, 0, 0, 0, 0, 1, 1, 5, 0, 0, 0, 2, 0, 0.6666666666666666], [1, 0, 0, 0.1543576717376709, 1, 0, 8, 4, 11, 1, 0, 1, 0, 2, 1, 2, 0, 0, 0, 3, 0, 0.75], [0, 0, 0, 0.39246219396591187, 0, 0, 8, 3, 10, 0, 0, 0, 0, 1, 1, 5, 0, 0, 0, 2, 0, 0.5], [0, 0, 0, 0.26700353622436523, 0, 0, 8, 3, 10, 0, 0, 0, 0, 1, 1, 5, 0, 0, 0, 2, 0, 0.8], [1, 0, 1, 0.016675233840942383, 1, 1, 8, 3, 10, 1, 0, 0, 0, 1, 1, 5, 0, 0, 0, 2, 0, 0.6666666666666666], [0, 0, 0, 0.040443360805511475, 0, 0, 8, 13, 20, 0, 0, 0, 0, 9, 3, 2, 0, 0, 0, 12, 0, 0.5], [0, 0, 0, 0.01943814754486084, 0, 0, 8, 13, 20, 0, 0, 0, 0, 9, 2, 3, 0, 0, 0, 12, 0, 0.5], [0, 0, 0, 0.13173985481262207, 0, 0, 8, 13, 20, 0, 0, 1, 0, 9, 2, 4, 0, 0, 0, 12, 0, 0.5], [1, 0, 0, 0.003263413906097412, 0, 0, 8, 5, 12, 1, 0, 0, 0, 3, 1, 4, 0, 0, 0, 4, 0, 0.75], [0, 0, 0, 0.01173102855682373, 0, 0, 8, 3, 10, 0, 0, 0, 0, 1, 1, 6, 0, 0, 0, 2, 0, 0.875], [1, 0, 0, 0.011538326740264893, 0, 0, 8, 4, 11, 1, 0, 0, 0, 2, 1, 6, 0, 0, 0, 3, 0, 0.6666666666666666], [0, 0, 1, 0.006907135248184204, 0, 0, 8, 13, 20, 0, 0, 1, 1, 2, 10, 5, 0, 0, 0, 12, 0, 0.5], [1, 0, 0, 0.0, 0, 0, 8, 4, 11, 1, 0, 0, 0, 2, 1, 4, 0, 0, 0, 3, 0, 0.875], [0, 0, 0, 0.00458526611328125, 0, 0, 8, 3, 10, 0, 0, 0, 0, 1, 1, 3, 0, 0, 0, 2, 0, 0.75], [1, 0, 0, 0.025856852531433105, 0, 0, 8, 10, 17, 1, 0, 0, 0, 8, 1, 1, 0, 0, 0, 9, 0, 0.5], [1, 0, 1, 0.0001353621482849121, 1, 0, 6, 13, 18, 1, 0, 1, 1, 3, 6, 5, 0, 0, 0, 12, 1, 0.8333333333333334], [0, 0, 0, 0.06185150146484375, 0, 0, 8, 4, 11, 0, 0, 0, 0, 2, 1, 3, 0, 0, 0, 3, 0, 0.5714285714285714], [0, 0, 0, 0.15795046091079712, 0, 0, 8, 3, 10, 0, 0, 0, 0, 1, 1, 7, 0, 0, 0, 2, 0, 0.6666666666666666], [1, 0, 1, 0.0, 1, 0, 5, 13, 17, 1, 0, 1, 1, 3, 9, 4, 0, 0, 0, 12, 1, 0.75], [0, 0, 0, 0.0823068618774414, 0, 0, 8, 13, 20, 0, 0, 0, 0, 8, 3, 1, 0, 0, 0, 12, 0, 0.5], [1, 0, 0, 0.009449243545532227, 0, 0, 8, 13, 20, 1, 0, 1, 0, 7, 4, 2, 0, 0, 0, 12, 0, 0.5], [0, 0, 0, 0.00487905740737915, 0, 0, 8, 13, 20, 0, 0, 0, 0, 5, 4, 1, 0, 0, 0, 12, 0, 0.8], [1, 0, 0, 0.08498167991638184, 0, 1, 8, 8, 15, 1, 0, 1, 0, 2, 4, 4, 0, 0, 0, 7, 0, 0.8], [0, 0, 0, 0.010229796171188354, 0, 0, 8, 3, 10, 0, 0, 0, 0, 1, 1, 4, 0, 0, 0, 2, 0, 0.6666666666666666], [0, 0, 0, 0.06402665376663208, 0, 0, 8, 4, 11, 0, 0, 0, 0, 2, 1, 5, 0, 0, 0, 3, 0, 0.5], [0, 0, 0, 0.17203247547149658, 0, 0, 8, 3, 10, 0, 0, 0, 0, 1, 1, 5, 0, 0, 0, 2, 0, 0.6666666666666666], [1, 0, 0, 0.026748746633529663, 0, 0, 8, 3, 10, 1, 0, 0, 0, 1, 1, 5, 0, 0, 0, 2, 0, 0.5], [1, 0, 0, 0.0038851499557495117, 0, 0, 8, 3, 10, 1, 0, 0, 0, 1, 1, 7, 0, 0, 0, 2, 0, 0.6666666666666666], [0, 0, 0, 0.03048759698867798, 0, 0, 8, 13, 20, 0, 0, 0, 0, 7, 5, 1, 0, 0, 0, 12, 0, 0.5], [0, 0, 0, 0.01743835210800171, 0, 0, 8, 5, 12, 0, 0, 0, 0, 3, 1, 3, 0, 0, 0, 4, 0, 0.5], [1, 0, 0, 0.3063393831253052, 0, 0, 8, 4, 11, 1, 0, 0, 0, 2, 1, 6, 0, 0, 0, 3, 0, 0.6666666666666666], [0, 0, 0, 0.09141907095909119, 0, 0, 8, 3, 10, 0, 0, 0, 0, 1, 1, 4, 0, 0, 0, 2, 0, 0.75], [1, 0, 0, 0.0, 0, 0, 3, 6, 8, 1, 0, 1, 0, 3, 2, 1, 0, 0, 0, 5, 0, 0.6666666666666666], [0, 0, 0, 0.0, 0, 0, 8, 6, 13, 0, 0, 0, 0, 4, 1, 3, 0, 0, 0, 5, 0, 0.5], [1, 0, 0, 0.04202753305435181, 0, 0, 8, 3, 10, 1, 0, 0, 0, 1, 1, 5, 0, 0, 0, 2, 0, 0.75], [1, 0, 0, 0.14102405309677124, 1, 0, 8, 4, 11, 1, 0, 1, 0, 2, 1, 7, 0, 0, 0, 3, 1, 0.5], [0, 0, 0, 0.23214173316955566, 0, 0, 8, 3, 10, 0, 0, 0, 0, 1, 1, 2, 0, 0, 0, 2, 0, 0.5], [0, 0, 0, 0.07373231649398804, 0, 0, 8, 5, 12, 0, 0, 0, 0, 3, 1, 4, 0, 0, 0, 4, 0, 0.5], [0, 0, 0, 0.015865862369537354, 0, 0, 8, 9, 16, 0, 0, 0, 0, 7, 1, 2, 0, 0, 0, 8, 0, 0.6666666666666666], [1, 0, 1, 0.017019689083099365, 1, 0, 8, 13, 20, 1, 0, 1, 1, 7, 3, 2, 0, 0, 0, 12, 1, 0.5], [0, 0, 0, 0.19524502754211426, 0, 0, 8, 3, 10, 0, 0, 0, 0, 1, 1, 4, 0, 0, 0, 2, 0, 0.6666666666666666], [0, 0, 0, 0.023007184267044067, 0, 0, 8, 4, 11, 0, 0, 0, 0, 2, 1, 4, 0, 0, 0, 3, 0, 0.6666666666666666], [0, 0, 0, 0.17612886428833008, 0, 0, 8, 3, 10, 0, 0, 0, 0, 1, 1, 7, 0, 0, 0, 2, 0, 0.6666666666666666], [1, 0, 0, 0.0, 0, 0, 8, 5, 12, 1, 0, 1, 0, 3, 1, 5, 0, 0, 0, 4, 0, 0.5], [1, 0, 1, 0.009885549545288086, 1, 0, 8, 11, 18, 1, 0, 1, 1, 3, 7, 3, 0, 0, 0, 10, 1, 0.6666666666666666], [0, 0, 0, 0.05917796492576599, 0, 0, 8, 13, 20, 0, 0, 0, 0, 10, 2, 4, 0, 0, 0, 12, 0, 0.5], [1, 0, 1, 0.009885549545288086, 1, 0, 8, 11, 18, 1, 0, 1, 1, 3, 7, 3, 0, 0, 0, 10, 1, 0.6666666666666666], [1, 0, 0, 0.0, 0, 0, 3, 9, 11, 1, 0, 1, 0, 3, 4, 1, 0, 0, 0, 8, 0, 0.6666666666666666], [0, 0, 0, 0.046638667583465576, 0, 0, 8, 3, 10, 0, 0, 0, 0, 1, 1, 5, 0, 0, 0, 2, 0, 0.6666666666666666], [0, 0, 0, 0.2361917495727539, 0, 0, 8, 8, 15, 0, 0, 0, 0, 6, 1, 3, 0, 0, 0, 7, 0, 0.5], [1, 0, 1, 0.0, 0, 0, 3, 5, 7, 1, 0, 1, 1, 3, 1, 2, 0, 0, 0, 4, 1, 0.75], [0, 0, 0, 0.2211226224899292, 0, 0, 8, 3, 10, 0, 0, 0, 0, 1, 1, 4, 0, 0, 0, 2, 0, 0.75], [0, 0, 0, 0.2099706530570984, 0, 0, 8, 3, 10, 0, 0, 0, 0, 1, 1, 5, 0, 0, 0, 2, 0, 0.6666666666666666], [0, 0, 0, 0.018468737602233887, 0, 0, 8, 3, 10, 0, 0, 0, 0, 1, 1, 1, 0, 0, 0, 2, 0, 0.5], [0, 0, 0, 0.06577003002166748, 0, 0, 7, 3, 9, 0, 0, 0, 0, 1, 1, 5, 0, 0, 0, 2, 0, 0.8333333333333334], [1, 0, 0, 0.0, 0, 0, 3, 9, 11, 1, 0, 1, 0, 3, 4, 1, 0, 0, 0, 8, 0, 0.6666666666666666], [1, 0, 0, 0.03913658857345581, 0, 0, 5, 3, 7, 1, 0, 0, 0, 1, 1, 3, 0, 0, 0, 2, 0, 0.8333333333333334], [1, 0, 0, 0.007385134696960449, 0, 0, 8, 9, 16, 1, 0, 0, 0, 5, 2, 5, 0, 0, 0, 8, 0, 0.8], [0, 0, 0, 0.04293930530548096, 0, 0, 8, 3, 10, 0, 0, 0, 0, 1, 1, 2, 0, 0, 0, 2, 0, 0.5], [1, 0, 0, 0.0, 0, 0, 8, 3, 10, 1, 0, 0, 0, 1, 1, 5, 0, 0, 0, 2, 0, 0.6666666666666666], [1, 0, 1, 0.015048623085021973, 1, 0, 5, 13, 17, 1, 0, 1, 1, 3, 7, 3, 0, 0, 0, 12, 1, 0.875], [1, 0, 0, 0.12281811237335205, 0, 0, 8, 5, 12, 1, 0, 0, 0, 2, 2, 3, 0, 0, 0, 4, 0, 0.8666666666666667], [1, 0, 0, 0.06577014923095703, 0, 0, 8, 3, 10, 1, 0, 0, 0, 1, 1, 6, 0, 0, 0, 2, 0, 0.8333333333333334], [0, 0, 0, 0.05334511399269104, 0, 0, 8, 6, 13, 0, 0, 0, 0, 4, 1, 4, 0, 0, 0, 5, 0, 0.5], [1, 0, 0, 0.051169514656066895, 0, 0, 8, 3, 10, 1, 0, 0, 0, 1, 1, 2, 0, 0, 0, 2, 0, 0.5], [1, 0, 0, 0.004542618989944458, 0, 0, 8, 3, 10, 1, 0, 0, 0, 1, 1, 1, 0, 0, 0, 2, 0, 0.1111111111111111], [1, 0, 1, 0.10138213634490967, 1, 1, 7, 12, 18, 1, 0, 1, 1, 3, 7, 5, 0, 0, 0, 11, 1, 0.7142857142857143], [0, 0, 0, 0.020108342170715332, 0, 0, 8, 13, 20, 0, 0, 0, 0, 6, 5, 2, 0, 0, 0, 12, 0, 0.5], [0, 0, 0, 0.0058977603912353516, 0, 0, 8, 3, 10, 0, 0, 0, 0, 1, 1, 4, 0, 0, 0, 2, 0, 0.8333333333333334], [0, 0, 0, 0.05396771430969238, 0, 0, 8, 4, 11, 0, 0, 0, 0, 2, 1, 6, 0, 0, 0, 3, 0, 0.6666666666666666], [0, 0, 0, 0.03376072645187378, 0, 0, 8, 13, 20, 0, 0, 1, 0, 11, 1, 1, 0, 0, 0, 12, 0, 0.5], [0, 0, 0, 0.05204588174819946, 0, 0, 8, 3, 10, 0, 0, 0, 0, 1, 1, 5, 0, 0, 0, 2, 0, 0.7272727272727273], [0, 0, 0, 0.035086095333099365, 0, 0, 8, 3, 10, 0, 0, 0, 0, 1, 1, 6, 0, 0, 0, 2, 0, 0.8461538461538461], [0, 0, 0, 0.0029497146606445312, 0, 0, 8, 13, 20, 0, 0, 1, 0, 5, 6, 2, 0, 0, 0, 12, 0, 0.6666666666666666], [0, 0, 0, 0.006093859672546387, 0, 0, 8, 10, 17, 0, 0, 0, 0, 5, 3, 4, 0, 0, 0, 9, 0, 0.8], [0, 0, 0, 0.03639030456542969, 0, 0, 8, 13, 20, 0, 0, 0, 0, 10, 2, 2, 0, 0, 0, 12, 0, 0.5], [0, 0, 0, 0.03489947319030762, 0, 0, 5, 3, 7, 0, 0, 0, 0, 1, 1, 3, 0, 0, 0, 2, 0, 0.875], [0, 0, 0, 0.05586034059524536, 0, 0, 8, 4, 11, 0, 0, 0, 0, 2, 1, 1, 0, 0, 0, 3, 0, 0.5], [0, 0, 0, 0.014523983001708984, 0, 0, 8, 8, 15, 0, 0, 0, 0, 6, 1, 3, 0, 0, 0, 7, 0, 0.3333333333333333], [1, 0, 1, 0.037767648696899414, 1, 0, 8, 4, 11, 1, 0, 1, 1, 2, 1, 4, 0, 0, 0, 3, 1, 0.8], [0, 0, 0, 0.06482282280921936, 0, 0, 8, 11, 18, 0, 0, 0, 0, 8, 2, 7, 0, 0, 0, 10, 0, 0.5], [1, 0, 0, 0.019874095916748047, 0, 0, 8, 8, 15, 1, 0, 0, 0, 3, 3, 2, 0, 0, 0, 7, 0, 0.5], [0, 0, 0, 0.09515821933746338, 0, 0, 8, 10, 17, 0, 0, 0, 0, 8, 1, 1, 0, 0, 0, 9, 0, 0.5], [0, 0, 0, 0.0660625696182251, 0, 0, 8, 13, 20, 0, 0, 0, 0, 4, 7, 5, 0, 0, 0, 12, 0, 0.75], [1, 0, 1, 0.3200836777687073, 1, 0, 8, 5, 12, 1, 0, 1, 1, 2, 2, 4, 0, 0, 0, 4, 1, 0.5], [0, 0, 0, 0.22397541999816895, 0, 0, 8, 3, 10, 0, 0, 0, 0, 1, 1, 5, 0, 0, 0, 2, 0, 0.5], [1, 0, 0, 0.014181137084960938, 0, 0, 8, 13, 20, 1, 0, 1, 0, 7, 3, 3, 0, 0, 0, 12, 0, 0.5], [0, 0, 0, 0.038648009300231934, 0, 0, 8, 3, 10, 0, 0, 0, 0, 1, 1, 4, 0, 0, 0, 2, 0, 0.6666666666666666], [0, 0, 0, 0.031372666358947754, 0, 0, 8, 13, 20, 0, 1, 0, 0, 6, 4, 2, 0, 0, 0, 12, 0, 0.5], [0, 0, 0, 0.13358712196350098, 0, 0, 8, 3, 10, 0, 0, 0, 0, 1, 1, 6, 0, 0, 0, 2, 0, 0.6666666666666666], [1, 0, 0, 0.2292344570159912, 0, 0, 8, 6, 13, 1, 0, 1, 0, 4, 1, 2, 0, 0, 0, 5, 0, 0.6666666666666666], [0, 0, 0, 0.10950636863708496, 0, 0, 8, 7, 14, 0, 0, 0, 0, 5, 1, 3, 0, 0, 0, 6, 0, 0.6666666666666666], [1, 0, 0, 0.004521042108535767, 1, 0, 8, 13, 20, 1, 0, 1, 0, 11, 1, 2, 0, 0, 0, 12, 1, 0.5], [1, 0, 0, 0.3186010718345642, 0, 0, 8, 3, 10, 1, 0, 0, 0, 1, 1, 5, 0, 0, 0, 2, 0, 0.5], [0, 0, 0, 0.015300512313842773, 0, 0, 8, 11, 18, 0, 0, 0, 0, 7, 3, 4, 0, 0, 0, 10, 0, 0.6666666666666666], [1, 0, 1, 0.0, 1, 0, 8, 7, 14, 1, 0, 1, 0, 3, 2, 3, 0, 0, 0, 6, 1, 0.5], [0, 0, 0, 0.06085926294326782, 0, 0, 8, 7, 14, 0, 0, 0, 0, 3, 3, 1, 0, 0, 0, 6, 0, 0.5], [1, 0, 1, 0.0033288002014160156, 0, 0, 8, 5, 12, 1, 0, 1, 1, 2, 2, 4, 0, 0, 0, 4, 0, 0.5], [1, 0, 0, 0.06569063663482666, 0, 0, 8, 6, 13, 1, 0, 0, 0, 3, 2, 5, 0, 0, 0, 5, 0, 0.6666666666666666], [0, 0, 0, 0.08031779527664185, 0, 0, 8, 13, 20, 0, 0, 0, 0, 8, 4, 1, 0, 0, 0, 12, 0, 0.5], [1, 0, 1, 0.0022319555282592773, 0, 0, 8, 13, 20, 1, 0, 1, 0, 7, 3, 2, 0, 0, 0, 12, 0, 0.5714285714285714], [0, 0, 0, 0.13358700275421143, 0, 0, 8, 3, 10, 0, 0, 0, 0, 1, 1, 6, 0, 0, 0, 2, 0, 0.6666666666666666], [1, 0, 1, 0.03670608997344971, 0, 0, 8, 4, 11, 1, 0, 1, 1, 2, 1, 2, 0, 0, 0, 3, 0, 0.5], [1, 0, 0, 0.05623328685760498, 0, 0, 8, 3, 10, 1, 0, 0, 0, 1, 1, 5, 0, 0, 0, 2, 1, 0.6666666666666666], [0, 0, 0, 0.34992194175720215, 0, 0, 8, 3, 10, 0, 0, 0, 0, 1, 1, 3, 0, 0, 0, 2, 0, 0.5], [0, 0, 0, 0.4018421173095703, 0, 0, 8, 3, 10, 0, 0, 0, 0, 1, 1, 3, 0, 0, 0, 2, 0, 0.5], [1, 0, 0, 0.06577014923095703, 0, 0, 8, 3, 10, 1, 0, 0, 0, 1, 1, 6, 0, 0, 0, 2, 0, 0.8333333333333334], [1, 0, 0, 0.053978562355041504, 0, 0, 4, 5, 8, 1, 0, 0, 0, 2, 2, 3, 0, 0, 0, 4, 0, 0.5], [0, 0, 0, 0.05174383521080017, 0, 0, 8, 4, 11, 0, 0, 0, 0, 1, 2, 2, 0, 0, 0, 3, 0, 0.6666666666666666], [0, 0, 0, 0.016102612018585205, 0, 0, 8, 3, 10, 0, 0, 0, 0, 1, 1, 5, 0, 0, 0, 2, 0, 0.75], [0, 0, 0, 0.03117525577545166, 0, 0, 8, 4, 11, 0, 0, 0, 0, 2, 1, 5, 0, 0, 0, 3, 0, 0.5], [0, 0, 0, 0.12221527099609375, 0, 0, 8, 3, 10, 0, 0, 0, 0, 1, 1, 4, 0, 0, 0, 2, 0, 0.5], [0, 0, 0, 0.22368144989013672, 0, 0, 8, 3, 10, 0, 0, 0, 0, 1, 1, 4, 0, 0, 0, 2, 0, 0.7142857142857143], [1, 0, 1, 0.31717294454574585, 1, 0, 6, 4, 9, 1, 0, 1, 1, 2, 1, 5, 0, 0, 0, 3, 1, 0.6666666666666666], [1, 0, 0, 0.06225627660751343, 1, 0, 8, 4, 11, 1, 0, 0, 0, 2, 1, 6, 0, 0, 0, 3, 0, 0.6666666666666666], [1, 0, 1, 0.017019689083099365, 1, 0, 8, 13, 20, 1, 1, 1, 1, 6, 5, 2, 0, 0, 0, 12, 1, 0.5], [0, 0, 0, 0.17467844486236572, 0, 0, 8, 3, 10, 0, 0, 0, 0, 1, 1, 5, 0, 0, 0, 2, 0, 0.6666666666666666], [0, 0, 0, 0.06819993257522583, 0, 0, 8, 9, 16, 0, 0, 0, 0, 5, 2, 5, 0, 0, 0, 8, 0, 0.8], [1, 0, 0, 0.1098136305809021, 0, 0, 8, 8, 15, 1, 0, 1, 0, 3, 4, 2, 0, 0, 0, 7, 0, 0.5714285714285714], [1, 0, 0, 0.11478066444396973, 1, 0, 8, 4, 11, 1, 0, 1, 0, 2, 1, 6, 0, 0, 0, 3, 0, 0.75], [0, 0, 0, 0.2706124782562256, 0, 0, 8, 3, 10, 0, 0, 0, 0, 1, 1, 4, 0, 0, 0, 2, 0, 0.5], [1, 0, 0, 0.053456664085388184, 0, 0, 4, 3, 6, 1, 0, 0, 0, 1, 1, 3, 0, 0, 0, 2, 0, 0.75], [0, 0, 0, 0.011565029621124268, 0, 0, 8, 7, 14, 0, 0, 0, 0, 3, 3, 5, 0, 0, 0, 6, 0, 0.8], [0, 0, 0, 0.11017853021621704, 0, 0, 8, 13, 20, 0, 0, 0, 0, 8, 2, 1, 0, 0, 0, 12, 0, 0.5], [1, 0, 0, 0.0, 1, 0, 8, 6, 13, 1, 0, 1, 0, 4, 1, 4, 0, 0, 0, 5, 1, 0.5], [1, 0, 1, 0.027885079383850098, 1, 1, 8, 12, 19, 1, 0, 1, 1, 7, 3, 2, 0, 0, 0, 11, 0, 0.6666666666666666], [0, 0, 0, 0.030549615621566772, 0, 0, 8, 4, 11, 0, 0, 0, 0, 2, 1, 2, 0, 0, 0, 3, 0, 0.5], [1, 0, 1, 0.3424815237522125, 1, 1, 8, 3, 10, 1, 0, 0, 0, 1, 1, 2, 0, 0, 0, 2, 1, 0.5], [1, 0, 0, 0.021804392337799072, 0, 0, 8, 3, 10, 1, 0, 0, 0, 1, 1, 4, 0, 0, 0, 2, 0, 0.7142857142857143], [1, 0, 1, 0.003386855125427246, 1, 0, 8, 5, 12, 1, 0, 1, 1, 3, 1, 2, 0, 0, 0, 4, 1, 0.8], [1, 0, 0, 0.01377880573272705, 0, 0, 8, 6, 13, 1, 0, 0, 0, 4, 1, 4, 0, 0, 0, 5, 0, 0.75], [0, 0, 0, 0.09859168529510498, 0, 0, 8, 4, 11, 0, 0, 0, 0, 1, 2, 5, 0, 0, 0, 3, 0, 0.6666666666666666], [1, 0, 1, 0.11217308044433594, 0, 0, 8, 9, 16, 1, 0, 1, 1, 4, 4, 5, 0, 0, 0, 8, 0, 0.5], [0, 0, 0, 0.010781526565551758, 0, 0, 8, 3, 10, 0, 0, 0, 0, 1, 1, 7, 0, 0, 0, 2, 0, 0.5], [1, 0, 0, 0.015191853046417236, 0, 0, 8, 7, 14, 1, 0, 1, 0, 4, 2, 2, 0, 0, 0, 6, 0, 0.75], [0, 0, 0, 0.03190505504608154, 0, 0, 8, 4, 11, 0, 0, 0, 0, 1, 2, 3, 0, 0, 0, 3, 0, 0.5], [0, 0, 0, 0.06513756513595581, 0, 0, 8, 13, 20, 0, 0, 0, 0, 10, 2, 3, 0, 0, 0, 12, 0, 0.6666666666666666], [0, 0, 0, 0.03686767816543579, 0, 0, 8, 5, 12, 0, 0, 0, 0, 3, 1, 4, 0, 0, 0, 4, 0, 0.5], [0, 0, 0, 0.007945477962493896, 0, 0, 8, 4, 11, 0, 0, 0, 0, 2, 1, 4, 0, 0, 0, 3, 0, 0.8333333333333334], [0, 0, 0, 0.029489755630493164, 0, 0, 8, 4, 11, 0, 0, 0, 0, 1, 2, 6, 0, 0, 0, 3, 0, 0.6666666666666666], [1, 0, 0, 0.01771003007888794, 0, 0, 8, 4, 11, 1, 0, 0, 0, 2, 1, 4, 0, 0, 0, 3, 0, 0.75], [0, 0, 0, 0.0, 0, 0, 8, 9, 16, 0, 0, 0, 0, 6, 2, 4, 0, 0, 0, 8, 0, 0.5], [0, 0, 1, 0.07690280675888062, 0, 0, 8, 4, 11, 0, 0, 1, 1, 2, 1, 4, 0, 0, 0, 3, 0, 0.6666666666666666], [1, 0, 1, 0.006054997444152832, 1, 1, 3, 9, 11, 1, 0, 1, 1, 3, 3, 1, 0, 0, 0, 8, 1, 0.6666666666666666], [0, 0, 0, 0.018200337886810303, 0, 0, 5, 3, 7, 0, 0, 0, 0, 1, 1, 4, 0, 0, 0, 2, 0, 0.5], [0, 0, 0, 0.18235450983047485, 0, 0, 8, 4, 11, 0, 0, 0, 0, 2, 1, 3, 0, 0, 0, 3, 0, 0.875], [1, 0, 0, 0.11620694398880005, 0, 0, 8, 7, 14, 1, 0, 1, 0, 4, 2, 5, 0, 0, 0, 6, 0, 0.6666666666666666], [1, 0, 1, 0.0010235309600830078, 0, 0, 8, 4, 11, 1, 0, 1, 1, 2, 1, 4, 0, 0, 0, 3, 0, 0.5], [0, 0, 0, 0.17263656854629517, 0, 0, 8, 3, 10, 0, 0, 0, 0, 1, 1, 5, 0, 0, 0, 2, 0, 0.6666666666666666], [0, 0, 0, 0.01818200945854187, 0, 0, 8, 6, 13, 0, 0, 0, 0, 4, 1, 5, 0, 0, 0, 5, 0, 0.5], [1, 0, 0, 0.1535588651895523, 0, 0, 8, 3, 10, 1, 0, 0, 0, 1, 1, 1, 0, 0, 0, 2, 0, 0.14285714285714285], [0, 0, 0, 0.004334390163421631, 0, 0, 8, 3, 10, 0, 0, 0, 0, 1, 1, 6, 0, 0, 0, 2, 0, 0.75], [0, 0, 0, 0.0029497146606445312, 0, 0, 8, 13, 20, 0, 0, 1, 0, 6, 3, 2, 0, 0, 0, 12, 0, 0.6666666666666666], [0, 0, 0, 0.007562696933746338, 0, 0, 8, 3, 10, 0, 0, 0, 0, 1, 1, 5, 0, 0, 0, 2, 0, 0.6666666666666666], [0, 0, 0, 0.019923925399780273, 0, 0, 8, 4, 11, 0, 0, 0, 0, 1, 2, 5, 0, 0, 0, 3, 0, 0.6666666666666666], [0, 0, 0, 0.09520894289016724, 0, 0, 8, 3, 10, 0, 0, 0, 0, 1, 1, 4, 0, 0, 0, 2, 0, 0.5], [1, 0, 0, 0.00010967254638671875, 1, 0, 8, 13, 20, 1, 0, 1, 0, 3, 7, 4, 0, 0, 0, 12, 0, 0.8333333333333334], [0, 0, 0, 0.0044918060302734375, 0, 0, 8, 8, 15, 0, 0, 0, 0, 6, 1, 1, 0, 0, 0, 7, 0, 0.3], [1, 0, 0, 0.015035569667816162, 0, 0, 8, 13, 20, 1, 0, 1, 0, 8, 3, 2, 0, 0, 0, 12, 0, 0.5], [0, 0, 0, 0.029741287231445312, 0, 0, 8, 3, 10, 0, 0, 0, 0, 1, 1, 2, 0, 0, 0, 2, 0, 0.5], [0, 0, 0, 0.23369362950325012, 0, 0, 8, 3, 10, 0, 0, 0, 0, 1, 1, 4, 0, 0, 0, 2, 0, 0.5], [0, 0, 0, 0.01799219846725464, 0, 0, 8, 5, 12, 0, 0, 0, 0, 3, 1, 4, 0, 0, 0, 4, 0, 0.5], [0, 0, 0, 0.019544929265975952, 0, 0, 8, 4, 11, 0, 0, 1, 0, 2, 1, 4, 0, 0, 0, 3, 0, 0.5], [0, 0, 0, 0.04126274585723877, 0, 0, 8, 3, 10, 0, 0, 0, 0, 1, 1, 3, 0, 0, 0, 2, 0, 0.5714285714285714], [1, 0, 0, 0.039136648178100586, 0, 0, 5, 5, 9, 1, 0, 0, 0, 1, 3, 3, 0, 0, 0, 4, 0, 0.8333333333333334], [0, 0, 0, 0.012084990739822388, 0, 0, 8, 13, 20, 0, 0, 0, 0, 11, 1, 2, 0, 0, 0, 12, 0, 0.5], [1, 0, 0, 0.08176583051681519, 1, 0, 8, 13, 20, 1, 0, 1, 0, 7, 2, 3, 0, 0, 0, 12, 1, 0.8], [0, 0, 0, 0.050064802169799805, 0, 0, 8, 3, 10, 0, 0, 0, 0, 1, 1, 4, 0, 0, 0, 2, 0, 0.5], [0, 0, 0, 0.13996505737304688, 0, 0, 8, 10, 17, 0, 0, 0, 0, 8, 1, 3, 0, 0, 0, 9, 0, 0.5], [1, 0, 0, 0.00350034236907959, 0, 0, 8, 13, 20, 1, 0, 1, 0, 7, 3, 3, 0, 0, 0, 12, 0, 0.8], [0, 0, 0, 0.22531753778457642, 0, 0, 8, 3, 10, 0, 0, 0, 0, 1, 1, 3, 0, 0, 0, 2, 0, 0.625], [0, 0, 0, 0.0, 0, 0, 8, 6, 13, 0, 0, 0, 0, 4, 1, 4, 0, 0, 0, 5, 0, 0.6666666666666666], [1, 0, 1, 0.03822046518325806, 1, 0, 8, 13, 20, 1, 0, 1, 1, 6, 5, 4, 0, 0, 0, 12, 1, 0.875], [0, 0, 0, 0.02161085605621338, 0, 0, 8, 4, 11, 0, 0, 0, 0, 2, 1, 5, 0, 0, 0, 3, 0, 0.75], [0, 0, 0, 0.06883305311203003, 0, 0, 8, 5, 12, 0, 0, 0, 0, 3, 1, 4, 0, 0, 0, 4, 0, 0.5], [0, 0, 0, 0.36267438530921936, 0, 0, 8, 3, 10, 0, 0, 0, 0, 1, 1, 4, 0, 0, 0, 2, 0, 0.6666666666666666], [1, 0, 0, 0.09083378314971924, 0, 0, 8, 3, 10, 1, 0, 0, 0, 1, 1, 6, 0, 0, 0, 2, 0, 0.6666666666666666], [0, 0, 0, 0.03636890649795532, 0, 0, 8, 5, 12, 0, 0, 0, 0, 2, 2, 4, 0, 0, 0, 4, 0, 0.8], [0, 0, 0, 0.16595494747161865, 0, 0, 6, 3, 8, 0, 0, 0, 0, 1, 1, 5, 0, 0, 0, 2, 0, 0.6666666666666666], [0, 0, 0, 0.013469994068145752, 0, 0, 8, 11, 18, 0, 0, 0, 0, 7, 3, 2, 0, 0, 0, 10, 0, 0.6666666666666666], [1, 0, 0, 0.06929683685302734, 0, 0, 8, 13, 20, 1, 0, 0, 0, 9, 3, 1, 0, 0, 0, 12, 0, 0.5], [0, 0, 0, 0.003391861915588379, 0, 0, 8, 4, 11, 0, 0, 0, 0, 2, 1, 4, 0, 0, 0, 3, 0, 0.8333333333333334], [0, 0, 0, 0.04202759265899658, 0, 0, 8, 3, 10, 0, 0, 0, 0, 1, 1, 5, 0, 0, 0, 2, 0, 0.75], [0, 0, 0, 0.009872585535049438, 0, 0, 8, 13, 20, 0, 0, 0, 0, 11, 1, 1, 0, 0, 0, 12, 0, 0.5], [0, 0, 0, 0.07403668761253357, 0, 0, 8, 5, 12, 0, 0, 0, 0, 3, 1, 4, 0, 0, 0, 4, 0, 0.6666666666666666], [0, 0, 0, 0.06665301322937012, 0, 0, 8, 5, 12, 0, 0, 1, 0, 2, 2, 6, 0, 0, 0, 4, 0, 0.8], [1, 0, 1, 0.0, 0, 1, 8, 3, 10, 1, 0, 0, 0, 1, 1, 6, 0, 0, 0, 2, 0, 0.5], [0, 0, 0, 0.01958325505256653, 0, 0, 8, 3, 10, 0, 0, 0, 0, 1, 1, 4, 0, 0, 0, 2, 0, 0.5], [0, 0, 0, 0.01632586121559143, 0, 0, 8, 13, 20, 0, 0, 0, 0, 7, 3, 1, 0, 0, 0, 12, 0, 0.5], [1, 0, 1, 0.038527488708496094, 1, 0, 8, 8, 15, 1, 1, 1, 0, 4, 2, 2, 0, 0, 0, 7, 0, 0.5], [1, 0, 1, 0.0, 0, 1, 6, 3, 8, 1, 0, 0, 0, 1, 1, 4, 0, 0, 0, 2, 0, 0.5], [1, 0, 1, 0.057444870471954346, 1, 0, 8, 4, 11, 1, 0, 1, 1, 2, 1, 7, 0, 0, 0, 3, 1, 0.6666666666666666], [0, 0, 0, 0.00226709246635437, 0, 0, 8, 13, 20, 0, 0, 0, 0, 10, 2, 1, 0, 0, 0, 12, 0, 0.5], [1, 0, 0, 0.005897700786590576, 0, 0, 8, 3, 10, 1, 0, 0, 0, 1, 1, 4, 0, 0, 0, 2, 0, 0.8333333333333334], [0, 0, 0, 0.036754727363586426, 0, 0, 8, 3, 10, 0, 0, 0, 0, 1, 1, 3, 0, 0, 0, 2, 0, 0.5], [0, 0, 0, 0.009735703468322754, 0, 0, 8, 13, 20, 0, 0, 0, 0, 11, 1, 1, 0, 0, 0, 12, 0, 0.2], [1, 0, 1, 0.04146701097488403, 1, 0, 8, 13, 20, 1, 0, 1, 1, 5, 7, 6, 0, 0, 0, 12, 1, 0.5], [0, 0, 0, 0.0985749363899231, 0, 0, 8, 7, 14, 0, 0, 1, 0, 4, 2, 7, 0, 0, 0, 6, 0, 0.6666666666666666], [0, 0, 0, 0.1612100601196289, 0, 0, 8, 6, 13, 0, 0, 0, 0, 3, 2, 6, 0, 0, 0, 5, 0, 0.5], [0, 0, 0, 0.43762266635894775, 0, 0, 8, 4, 11, 0, 0, 0, 0, 2, 1, 5, 0, 0, 0, 3, 0, 0.5], [1, 0, 0, 0.06647747755050659, 0, 0, 8, 13, 20, 1, 0, 0, 0, 9, 2, 3, 0, 0, 0, 12, 0, 0.6666666666666666], [0, 0, 0, 0.06210756301879883, 0, 0, 8, 13, 20, 0, 0, 1, 0, 11, 1, 3, 0, 0, 0, 12, 0, 0.6666666666666666], [1, 0, 0, 0.006439566612243652, 0, 0, 8, 13, 20, 1, 0, 1, 0, 6, 4, 2, 0, 0, 0, 12, 0, 0.5], [0, 0, 0, 0.19470220804214478, 0, 0, 8, 3, 10, 0, 0, 0, 0, 1, 1, 6, 0, 0, 0, 2, 0, 0.75], [1, 0, 0, 0.0, 1, 0, 8, 9, 16, 1, 0, 0, 0, 6, 2, 4, 0, 0, 0, 8, 1, 0.5], [0, 0, 0, 0.06164282560348511, 0, 0, 8, 3, 10, 0, 0, 0, 0, 1, 1, 4, 0, 0, 0, 2, 0, 0.6666666666666666], [0, 0, 0, 0.03825622797012329, 0, 0, 8, 8, 15, 0, 0, 0, 0, 6, 1, 1, 0, 0, 0, 7, 0, 0.25], [0, 0, 0, 0.00458526611328125, 0, 0, 8, 3, 10, 0, 0, 0, 0, 1, 1, 3, 0, 0, 0, 2, 0, 0.75], [0, 0, 0, 0.061142027378082275, 0, 0, 8, 4, 11, 0, 0, 0, 0, 2, 1, 5, 0, 0, 0, 3, 0, 0.5], [1, 0, 1, 0.009365081787109375, 1, 0, 8, 5, 12, 1, 0, 1, 1, 2, 2, 4, 0, 0, 0, 4, 1, 0.8333333333333334], [0, 0, 0, 0.06164276599884033, 0, 0, 8, 3, 10, 0, 0, 0, 0, 1, 1, 4, 0, 0, 0, 2, 0, 0.6666666666666666], [0, 0, 0, 0.11043423414230347, 0, 0, 8, 5, 12, 0, 0, 0, 0, 3, 1, 5, 0, 0, 0, 4, 0, 0.6], [1, 0, 0, 0.026554584503173828, 1, 0, 8, 9, 16, 1, 0, 1, 0, 4, 3, 1, 0, 0, 0, 8, 1, 0.5714285714285714], [1, 0, 0, 0.02167576551437378, 1, 0, 8, 4, 11, 1, 0, 1, 0, 2, 1, 7, 0, 0, 0, 3, 1, 0.6666666666666666], [0, 0, 0, 0.015189111232757568, 0, 0, 8, 4, 11, 0, 0, 0, 0, 2, 1, 6, 0, 0, 0, 3, 0, 0.6666666666666666], [0, 0, 0, 0.010901153087615967, 0, 0, 8, 13, 20, 0, 0, 0, 0, 9, 2, 1, 0, 0, 0, 12, 0, 0.5], [1, 0, 1, 0.07038527727127075, 1, 0, 8, 13, 20, 1, 0, 1, 0, 9, 2, 1, 0, 0, 0, 12, 1, 0.5], [1, 0, 1, 0.0, 0, 1, 6, 3, 8, 1, 0, 0, 0, 1, 1, 4, 0, 0, 0, 2, 0, 0.5], [1, 0, 0, 0.0, 0, 0, 5, 4, 8, 1, 0, 1, 0, 2, 1, 4, 0, 0, 0, 3, 1, 0.75], [1, 0, 1, 0.02032291889190674, 1, 0, 4, 4, 7, 1, 0, 1, 1, 2, 1, 3, 0, 0, 0, 3, 1, 0.6666666666666666], [0, 0, 0, 0.13490736484527588, 0, 0, 8, 6, 13, 0, 0, 0, 0, 4, 1, 6, 0, 0, 0, 5, 0, 0.6666666666666666], [0, 0, 0, 0.03416043519973755, 0, 0, 8, 4, 11, 0, 0, 0, 0, 1, 2, 4, 0, 0, 0, 3, 0, 0.8], [0, 0, 1, 0.006907135248184204, 0, 0, 8, 13, 20, 0, 0, 1, 1, 2, 10, 5, 0, 0, 0, 12, 0, 0.5], [0, 0, 0, 0.0369572639465332, 0, 0, 8, 6, 13, 0, 0, 0, 0, 4, 1, 4, 0, 0, 0, 5, 0, 0.6], [0, 0, 0, 0.13722163438796997, 0, 0, 7, 4, 10, 0, 0, 0, 0, 2, 1, 4, 0, 0, 0, 3, 0, 0.8333333333333334], [0, 0, 0, 0.005752742290496826, 0, 0, 8, 13, 20, 0, 0, 0, 0, 5, 3, 2, 0, 0, 0, 12, 0, 0.6666666666666666], [0, 0, 0, 0.021476060152053833, 0, 0, 8, 10, 17, 0, 0, 0, 0, 8, 1, 2, 0, 0, 0, 9, 0, 0.5], [0, 0, 0, 0.03713279962539673, 0, 0, 8, 13, 20, 0, 0, 0, 0, 4, 8, 4, 0, 0, 0, 12, 0, 0.875], [1, 0, 0, 0.16173779964447021, 0, 0, 8, 3, 10, 1, 0, 0, 0, 1, 1, 4, 0, 0, 0, 2, 0, 0.6666666666666666], [1, 0, 0, 0.23835325241088867, 1, 0, 8, 4, 11, 1, 0, 1, 0, 2, 1, 2, 0, 0, 0, 3, 1, 0.6666666666666666], [1, 0, 0, 0.0, 0, 0, 3, 5, 7, 1, 0, 1, 0, 3, 1, 2, 0, 0, 0, 4, 0, 0.6666666666666666], [0, 0, 0, 0.0313413143157959, 0, 0, 8, 7, 14, 0, 0, 1, 0, 4, 2, 5, 0, 0, 0, 6, 0, 0.5], [1, 0, 0, 0.0, 0, 0, 8, 7, 14, 1, 0, 0, 0, 2, 3, 5, 0, 0, 0, 6, 0, 0.5], [0, 0, 0, 0.14304876327514648, 0, 0, 8, 3, 10, 0, 0, 0, 0, 1, 1, 3, 0, 0, 0, 2, 0, 0.3333333333333333], [0, 0, 0, 0.07296621799468994, 0, 0, 8, 4, 11, 0, 0, 0, 0, 2, 1, 5, 0, 0, 0, 3, 0, 0.6666666666666666], [1, 0, 1, 0.04775583744049072, 0, 1, 8, 3, 10, 1, 0, 0, 0, 1, 1, 4, 0, 0, 0, 2, 0, 0.5], [1, 0, 0, 0.015035569667816162, 0, 0, 8, 13, 20, 1, 0, 1, 0, 9, 2, 2, 0, 0, 0, 12, 0, 0.5], [0, 0, 0, 0.0022100508213043213, 0, 0, 8, 13, 20, 0, 0, 0, 0, 11, 1, 2, 0, 0, 0, 12, 0, 0.5], [0, 0, 0, 0.09663951396942139, 0, 0, 8, 3, 10, 0, 0, 0, 0, 1, 1, 6, 0, 0, 0, 2, 0, 0.6666666666666666], [1, 0, 0, 0.0073433518409729, 0, 0, 8, 5, 12, 1, 0, 0, 0, 2, 2, 5, 0, 0, 0, 4, 0, 0.8333333333333334], [0, 0, 0, 0.001985907554626465, 0, 0, 8, 3, 10, 0, 0, 0, 0, 1, 1, 4, 0, 0, 0, 2, 0, 0.5], [1, 0, 0, 0.02157643437385559, 1, 0, 8, 9, 16, 1, 0, 1, 0, 7, 1, 2, 0, 0, 0, 8, 1, 0.5], [1, 0, 1, 0.17456138134002686, 0, 1, 7, 3, 9, 1, 0, 0, 0, 1, 1, 5, 0, 0, 0, 2, 0, 0.75], [1, 0, 1, 0.03822046518325806, 1, 0, 8, 13, 20, 1, 0, 1, 1, 4, 6, 4, 0, 0, 0, 12, 1, 0.875], [0, 0, 0, 0.021836280822753906, 0, 0, 8, 4, 11, 0, 0, 0, 0, 2, 1, 4, 0, 0, 0, 3, 0, 0.75], [0, 0, 0, 0.055816978216171265, 0, 0, 8, 12, 19, 0, 0, 0, 0, 9, 2, 3, 0, 0, 0, 11, 0, 0.75], [0, 0, 1, 0.0033125877380371094, 0, 0, 8, 8, 15, 0, 0, 1, 1, 6, 1, 4, 0, 0, 0, 7, 0, 0.6666666666666666], [0, 0, 0, 0.12551552057266235, 0, 0, 8, 5, 12, 0, 0, 0, 0, 3, 1, 6, 0, 0, 0, 4, 0, 0.6666666666666666], [1, 0, 0, 0.20885252952575684, 0, 0, 8, 3, 10, 1, 0, 0, 0, 1, 1, 4, 0, 0, 0, 2, 0, 0.5], [0, 0, 0, 0.1077147126197815, 0, 0, 8, 13, 20, 0, 0, 0, 0, 10, 2, 3, 0, 0, 0, 12, 0, 0.5], [1, 0, 1, 0.03464245796203613, 0, 0, 8, 11, 18, 1, 0, 1, 1, 8, 2, 4, 0, 0, 0, 10, 1, 0.6666666666666666], [1, 0, 1, 0.0006491541862487793, 1, 0, 8, 13, 20, 1, 0, 1, 1, 7, 4, 2, 0, 0, 0, 12, 0, 0.6666666666666666], [0, 0, 0, 0.08520752191543579, 0, 0, 8, 13, 20, 0, 0, 0, 0, 7, 5, 3, 0, 0, 0, 12, 0, 0.5], [1, 0, 1, 0.13604629039764404, 0, 0, 8, 5, 12, 1, 0, 1, 1, 2, 2, 2, 0, 0, 0, 4, 0, 0.5], [0, 0, 0, 0.03068709373474121, 0, 0, 8, 4, 11, 0, 0, 0, 0, 2, 1, 3, 0, 0, 0, 3, 0, 0.6666666666666666], [0, 0, 0, 0.0349753201007843, 0, 0, 8, 3, 10, 0, 0, 0, 0, 1, 1, 3, 0, 0, 0, 2, 0, 0.5], [1, 0, 0, 0.0058977603912353516, 0, 0, 8, 3, 10, 1, 0, 0, 0, 1, 1, 4, 0, 0, 0, 2, 0, 0.8333333333333334], [1, 0, 1, 0.08285707235336304, 0, 1, 5, 3, 7, 1, 1, 0, 0, 1, 1, 3, 0, 0, 0, 2, 0, 0.5], [1, 0, 1, 0.008309006690979004, 1, 0, 8, 11, 18, 1, 0, 1, 1, 3, 7, 5, 0, 0, 0, 10, 1, 0.8333333333333334], [1, 0, 0, 0.02680295705795288, 0, 0, 7, 7, 13, 1, 0, 0, 0, 2, 4, 5, 0, 0, 0, 6, 0, 0.875], [0, 0, 0, 0.015978097915649414, 0, 0, 8, 8, 15, 0, 0, 0, 0, 6, 1, 1, 0, 0, 0, 7, 0, 0.5], [0, 0, 0, 0.0, 0, 0, 8, 7, 14, 0, 0, 0, 0, 4, 2, 4, 0, 0, 0, 6, 0, 0.5], [0, 0, 0, 0.013269051909446716, 0, 0, 8, 3, 10, 0, 0, 0, 0, 1, 1, 4, 0, 0, 0, 2, 0, 0.6666666666666666], [0, 0, 0, 0.0011750459671020508, 0, 0, 7, 13, 19, 0, 0, 0, 0, 6, 4, 3, 0, 0, 0, 12, 0, 0.8181818181818182], [0, 0, 0, 0.07375219464302063, 0, 0, 8, 13, 20, 0, 0, 0, 0, 11, 1, 3, 0, 0, 0, 12, 0, 0.5], [1, 0, 1, 0.03822046518325806, 1, 0, 8, 13, 20, 1, 0, 1, 1, 4, 8, 4, 0, 0, 0, 12, 1, 0.875], [0, 0, 0, 0.020948588848114014, 0, 0, 8, 13, 20, 0, 0, 0, 0, 10, 2, 1, 0, 0, 0, 12, 0, 0.25], [1, 0, 1, 0.17271119356155396, 1, 0, 8, 5, 12, 1, 0, 1, 1, 2, 2, 6, 0, 0, 0, 4, 1, 0.5], [0, 0, 0, 0.026844650506973267, 0, 0, 8, 3, 10, 0, 0, 0, 0, 1, 1, 4, 0, 0, 0, 2, 0, 0.5], [1, 0, 0, 0.009449243545532227, 0, 0, 8, 13, 20, 1, 0, 0, 0, 4, 8, 2, 0, 0, 0, 12, 0, 0.5], [0, 0, 0, 0.022141575813293457, 0, 0, 8, 3, 10, 0, 0, 0, 0, 1, 1, 4, 0, 0, 0, 2, 0, 0.6666666666666666], [1, 0, 0, 0.18241623044013977, 0, 0, 8, 3, 10, 1, 0, 0, 0, 1, 1, 2, 0, 0, 0, 2, 1, 0.8], [0, 0, 0, 0.11805921792984009, 0, 0, 8, 13, 20, 0, 0, 1, 0, 7, 4, 4, 0, 0, 0, 12, 0, 0.8], [0, 0, 0, 0.02684926986694336, 0, 0, 8, 5, 12, 0, 0, 0, 0, 3, 1, 5, 0, 0, 0, 4, 0, 0.6666666666666666], [0, 0, 0, 0.09474503993988037, 0, 0, 8, 3, 10, 0, 0, 0, 0, 1, 1, 5, 0, 0, 0, 2, 0, 0.75], [0, 0, 0, 0.07641547918319702, 0, 0, 8, 6, 13, 0, 0, 0, 0, 4, 1, 4, 0, 0, 0, 5, 0, 0.5], [1, 0, 1, 0.014181137084960938, 0, 0, 8, 13, 20, 1, 0, 1, 0, 8, 2, 3, 0, 0, 0, 12, 0, 0.5], [0, 0, 0, 0.04702579975128174, 0, 0, 7, 4, 10, 0, 0, 0, 0, 2, 1, 6, 0, 0, 0, 3, 0, 0.5], [0, 0, 0, 0.03082054853439331, 0, 0, 8, 3, 10, 0, 0, 0, 0, 1, 1, 3, 0, 0, 0, 2, 0, 0.7142857142857143], [0, 0, 0, 0.17266160249710083, 0, 0, 8, 6, 13, 0, 0, 1, 0, 3, 2, 4, 0, 0, 0, 5, 0, 0.6666666666666666], [1, 0, 0, 0.017019689083099365, 1, 0, 8, 13, 20, 1, 0, 1, 0, 6, 3, 2, 0, 0, 0, 12, 1, 0.5], [0, 0, 0, 0.00197446346282959, 0, 0, 5, 3, 7, 0, 0, 0, 0, 1, 1, 4, 0, 0, 0, 2, 0, 0.6666666666666666], [0, 0, 0, 0.023353874683380127, 0, 0, 8, 13, 20, 0, 0, 0, 0, 11, 1, 4, 0, 0, 0, 12, 0, 0.6666666666666666], [1, 0, 0, 0.03561374545097351, 0, 0, 8, 13, 20, 1, 0, 1, 0, 11, 1, 3, 0, 0, 0, 12, 0, 0.5], [1, 0, 1, 0.0001353621482849121, 1, 0, 6, 13, 18, 1, 0, 1, 1, 3, 6, 5, 0, 0, 0, 12, 1, 0.8333333333333334], [0, 0, 0, 0.04126274585723877, 0, 0, 8, 3, 10, 0, 0, 0, 0, 1, 1, 3, 0, 0, 0, 2, 0, 0.5714285714285714], [0, 0, 0, 0.1930282711982727, 0, 0, 8, 6, 13, 0, 0, 0, 0, 3, 2, 3, 0, 0, 0, 5, 0, 0.5], [0, 0, 0, 0.044266700744628906, 0, 0, 8, 3, 10, 0, 0, 0, 0, 1, 1, 3, 0, 0, 0, 2, 0, 0.5], [1, 0, 0, 0.06571507453918457, 0, 0, 8, 13, 20, 1, 0, 1, 0, 7, 4, 1, 0, 0, 0, 12, 0, 0.5], [1, 0, 1, 0.008415937423706055, 1, 0, 7, 13, 19, 1, 1, 1, 1, 4, 8, 6, 0, 0, 0, 12, 1, 0.8333333333333334], [0, 0, 0, 0.010207593441009521, 0, 1, 8, 12, 19, 0, 0, 1, 0, 5, 6, 5, 0, 0, 0, 11, 0, 0.8], [0, 0, 0, 0.1831507682800293, 0, 0, 8, 4, 11, 0, 0, 0, 0, 2, 1, 4, 0, 0, 0, 3, 0, 0.6666666666666666], [1, 0, 0, 0.01909482479095459, 0, 0, 8, 5, 12, 1, 0, 0, 0, 3, 1, 2, 0, 0, 0, 4, 0, 0.6666666666666666], [0, 0, 0, 0.21434563398361206, 0, 0, 8, 4, 11, 0, 0, 0, 0, 2, 1, 3, 0, 0, 0, 3, 0, 0.5], [1, 0, 1, 0.017019689083099365, 1, 0, 8, 13, 20, 1, 0, 1, 1, 6, 3, 2, 0, 0, 0, 12, 1, 0.5], [0, 0, 0, 0.016749560832977295, 0, 0, 8, 13, 20, 0, 0, 0, 0, 11, 1, 1, 0, 0, 0, 12, 0, 0.5], [0, 0, 0, 0.02573704719543457, 0, 0, 8, 4, 11, 0, 0, 0, 0, 2, 1, 6, 0, 0, 0, 3, 0, 0.75], [0, 0, 0, 0.24751758575439453, 0, 0, 8, 3, 10, 0, 0, 0, 0, 1, 1, 5, 0, 0, 0, 2, 0, 0.7142857142857143], [0, 0, 0, 0.11247313022613525, 0, 0, 8, 11, 18, 0, 0, 0, 0, 7, 2, 1, 0, 0, 0, 10, 0, 0.75], [0, 0, 0, 0.0, 0, 0, 5, 3, 7, 0, 0, 0, 0, 1, 1, 4, 0, 0, 0, 2, 0, 0.6666666666666666], [1, 0, 0, 0.02032291889190674, 0, 0, 4, 6, 9, 1, 0, 0, 0, 2, 2, 3, 0, 0, 0, 5, 0, 0.6666666666666666], [1, 0, 1, 0.015048623085021973, 1, 0, 5, 13, 17, 1, 0, 1, 1, 3, 7, 3, 0, 0, 0, 12, 1, 0.875], [1, 0, 1, 0.016078174114227295, 1, 0, 7, 7, 13, 1, 0, 1, 1, 3, 3, 4, 0, 0, 0, 6, 1, 0.8333333333333334], [1, 0, 1, 0.016078174114227295, 1, 0, 7, 7, 13, 1, 0, 1, 1, 3, 3, 4, 0, 0, 0, 6, 1, 0.8333333333333334], [0, 0, 0, 0.008315414190292358, 0, 0, 8, 3, 10, 0, 0, 0, 0, 1, 1, 4, 0, 0, 0, 2, 0, 0.5], [1, 0, 1, 0.0, 0, 0, 6, 4, 9, 1, 0, 1, 1, 2, 1, 5, 0, 0, 0, 3, 1, 0.6666666666666666], [1, 0, 1, 0.00930243730545044, 1, 0, 5, 5, 9, 1, 0, 1, 1, 2, 2, 3, 0, 0, 0, 4, 1, 0.8333333333333334], [0, 0, 1, 0.00645214319229126, 0, 0, 8, 5, 12, 0, 0, 1, 1, 2, 2, 4, 0, 0, 0, 4, 0, 0.8], [1, 0, 0, 0.014690399169921875, 0, 0, 8, 11, 18, 1, 0, 1, 0, 6, 3, 5, 0, 0, 0, 10, 0, 0.8181818181818182], [1, 0, 0, 0.024584174156188965, 0, 0, 5, 3, 7, 1, 0, 0, 0, 1, 1, 4, 0, 0, 0, 2, 0, 0.6666666666666666], [1, 0, 1, 0.0, 0, 1, 4, 3, 6, 1, 0, 0, 0, 1, 1, 3, 0, 0, 0, 2, 0, 0.5], [0, 0, 0, 0.07291591167449951, 0, 0, 8, 3, 10, 0, 0, 0, 0, 1, 1, 6, 0, 0, 0, 2, 0, 0.6666666666666666], [0, 0, 0, 0.07655423879623413, 0, 0, 8, 13, 20, 0, 0, 0, 0, 8, 4, 3, 0, 0, 0, 12, 0, 0.5], [1, 0, 0, 0.0, 0, 0, 8, 6, 13, 1, 1, 0, 0, 3, 2, 6, 0, 0, 0, 5, 0, 0.6666666666666666], [1, 0, 0, 0.0003643035888671875, 0, 0, 8, 3, 10, 1, 0, 0, 0, 1, 1, 5, 0, 0, 0, 2, 0, 0.8], [0, 0, 0, 0.1579505205154419, 0, 0, 8, 3, 10, 0, 0, 0, 0, 1, 1, 7, 0, 0, 0, 2, 0, 0.6666666666666666], [0, 0, 0, 0.33674532175064087, 0, 0, 8, 3, 10, 0, 0, 0, 0, 1, 1, 4, 0, 0, 0, 2, 0, 0.6666666666666666], [0, 0, 0, 0.09322020411491394, 0, 0, 8, 5, 12, 0, 0, 0, 0, 3, 1, 2, 0, 0, 0, 4, 0, 0.3333333333333333], [0, 0, 0, 0.02738511562347412, 0, 0, 8, 4, 11, 0, 0, 0, 0, 2, 1, 5, 0, 0, 0, 3, 0, 0.6666666666666666], [0, 0, 0, 0.3572820723056793, 0, 0, 8, 3, 10, 0, 0, 0, 0, 1, 1, 5, 0, 0, 0, 2, 0, 0.75], [1, 0, 0, 0.0022319555282592773, 0, 0, 8, 13, 20, 1, 0, 1, 0, 5, 6, 2, 0, 0, 0, 12, 0, 0.5714285714285714], [0, 0, 0, 0.001232147216796875, 0, 0, 8, 13, 20, 0, 0, 0, 0, 6, 4, 2, 0, 0, 0, 12, 0, 0.8], [1, 0, 1, 0.45085155963897705, 1, 0, 8, 5, 12, 1, 0, 1, 1, 2, 2, 2, 0, 0, 0, 4, 1, 0.75], [0, 0, 0, 0.025486886501312256, 0, 0, 8, 4, 11, 0, 0, 0, 0, 2, 1, 5, 0, 0, 0, 3, 0, 0.5], [0, 0, 0, 0.07883691787719727, 0, 0, 8, 13, 20, 0, 0, 0, 0, 10, 2, 3, 0, 0, 0, 12, 0, 0.5], [0, 0, 0, 0.024368345737457275, 0, 0, 5, 8, 12, 0, 0, 1, 0, 3, 3, 4, 0, 0, 0, 7, 0, 0.5], [0, 0, 0, 0.19693702459335327, 0, 0, 8, 3, 10, 0, 0, 0, 0, 1, 1, 2, 0, 0, 0, 2, 0, 0.5], [0, 0, 0, 0.27211758494377136, 0, 0, 8, 3, 10, 0, 0, 0, 0, 1, 1, 4, 0, 0, 0, 2, 0, 0.6666666666666666], [0, 0, 0, 0.0753544270992279, 0, 0, 6, 3, 8, 0, 0, 0, 0, 1, 1, 4, 0, 0, 0, 2, 0, 0.5], [0, 0, 0, 0.006493300199508667, 0, 0, 8, 3, 10, 0, 0, 0, 0, 1, 1, 4, 0, 0, 0, 2, 0, 0.6666666666666666], [0, 0, 0, 0.13296759128570557, 0, 0, 8, 4, 11, 0, 0, 0, 0, 1, 2, 7, 0, 0, 0, 3, 0, 0.6666666666666666], [0, 0, 0, 0.003165602684020996, 0, 0, 8, 6, 13, 0, 0, 0, 0, 2, 3, 4, 0, 0, 0, 5, 0, 0.6666666666666666], [0, 0, 0, 0.0, 0, 0, 8, 4, 11, 0, 1, 0, 0, 1, 2, 6, 0, 0, 0, 3, 0, 0.5], [0, 0, 0, 0.2714506983757019, 0, 0, 8, 5, 12, 0, 0, 0, 0, 3, 1, 2, 0, 0, 0, 4, 0, 0.6666666666666666], [1, 0, 0, 0.5426260828971863, 0, 0, 8, 5, 12, 1, 0, 1, 0, 2, 2, 4, 0, 0, 0, 4, 1, 0.625], [0, 0, 0, 0.004622101783752441, 0, 0, 8, 8, 15, 0, 0, 0, 0, 4, 3, 2, 0, 0, 0, 7, 0, 0.5], [0, 0, 0, 0.05740708112716675, 0, 0, 8, 9, 16, 0, 0, 1, 0, 6, 2, 5, 0, 0, 0, 8, 0, 0.8], [0, 0, 0, 0.006191134452819824, 0, 0, 8, 13, 20, 0, 0, 0, 0, 9, 3, 2, 0, 0, 0, 12, 0, 0.5], [0, 0, 0, 0.5406990647315979, 0, 0, 8, 5, 12, 0, 0, 0, 0, 1, 3, 2, 0, 0, 0, 4, 0, 0.75], [0, 0, 0, 0.010467171669006348, 0, 0, 8, 3, 10, 0, 0, 0, 0, 1, 1, 7, 0, 0, 0, 2, 0, 0.5], [1, 0, 0, 0.07725828886032104, 0, 0, 8, 4, 11, 1, 0, 0, 0, 2, 1, 5, 0, 0, 0, 3, 0, 0.8], [0, 0, 0, 0.03030860424041748, 0, 0, 8, 13, 20, 0, 0, 0, 0, 10, 2, 3, 0, 0, 0, 12, 0, 0.5], [0, 0, 0, 0.06680205464363098, 0, 0, 8, 3, 10, 0, 0, 0, 0, 1, 1, 6, 0, 0, 0, 2, 0, 0.6666666666666666], [0, 0, 0, 0.07817074656486511, 0, 0, 8, 13, 20, 0, 0, 0, 0, 11, 1, 3, 0, 0, 0, 12, 0, 0.5], [1, 0, 0, 0.011843740940093994, 0, 0, 8, 4, 11, 1, 0, 1, 0, 2, 1, 6, 0, 0, 0, 3, 1, 0.75], [0, 0, 0, 0.2492222785949707, 0, 0, 8, 3, 10, 0, 0, 0, 0, 1, 1, 6, 0, 0, 0, 2, 0, 0.8], [0, 0, 0, 0.034779250621795654, 0, 0, 8, 12, 19, 0, 0, 0, 0, 9, 2, 3, 0, 0, 0, 11, 0, 0.75], [1, 0, 0, 0.009537339210510254, 0, 0, 8, 3, 10, 1, 0, 0, 0, 1, 1, 5, 0, 0, 0, 2, 0, 0.6666666666666666], [0, 0, 0, 0.010360360145568848, 0, 0, 8, 3, 10, 0, 0, 0, 0, 1, 1, 4, 0, 0, 0, 2, 0, 0.5], [1, 0, 1, 0.024395465850830078, 1, 0, 8, 13, 20, 1, 0, 1, 1, 4, 5, 2, 0, 0, 0, 12, 1, 0.5714285714285714], [0, 0, 0, 0.006646990776062012, 0, 0, 8, 3, 10, 0, 0, 0, 0, 1, 1, 6, 0, 0, 0, 2, 0, 0.8], [0, 0, 1, 0.051862359046936035, 0, 0, 8, 5, 12, 0, 0, 1, 1, 3, 1, 5, 0, 0, 0, 4, 0, 0.5], [0, 0, 0, 0.025349140167236328, 0, 0, 8, 3, 10, 0, 0, 0, 0, 1, 1, 5, 0, 0, 0, 2, 0, 0.6666666666666666], [0, 0, 0, 0.12468472123146057, 0, 0, 8, 7, 14, 0, 0, 0, 0, 5, 1, 4, 0, 0, 0, 6, 0, 0.5], [0, 0, 0, 0.02159258723258972, 0, 0, 8, 4, 11, 0, 0, 0, 0, 2, 1, 3, 0, 0, 0, 3, 0, 0.6666666666666666], [0, 0, 0, 0.06333810091018677, 0, 0, 8, 13, 20, 0, 0, 0, 0, 10, 2, 1, 0, 0, 0, 12, 0, 0.5], [0, 0, 0, 0.14810949563980103, 0, 0, 8, 5, 12, 0, 0, 0, 0, 3, 1, 3, 0, 0, 0, 4, 0, 0.5], [0, 0, 0, 0.061271727085113525, 0, 0, 8, 13, 20, 0, 0, 0, 0, 10, 2, 1, 0, 0, 0, 12, 0, 0.6666666666666666], [1, 0, 0, 0.0, 1, 0, 2, 4, 5, 1, 0, 1, 0, 2, 1, 1, 0, 0, 0, 3, 1, 0.5], [1, 0, 1, 0.6517983078956604, 1, 1, 8, 7, 14, 1, 0, 1, 1, 2, 3, 5, 0, 0, 0, 6, 0, 0.6666666666666666], [0, 0, 0, 0.02797377109527588, 0, 0, 8, 6, 13, 0, 0, 0, 0, 4, 1, 4, 0, 0, 0, 5, 0, 0.6666666666666666], [0, 0, 0, 0.1347438097000122, 0, 0, 8, 5, 12, 0, 0, 0, 0, 1, 3, 4, 0, 0, 0, 4, 0, 0.5], [0, 0, 0, 0.08165764808654785, 0, 0, 8, 6, 13, 0, 0, 0, 0, 3, 2, 4, 0, 0, 0, 5, 0, 0.6666666666666666], [0, 0, 0, 0.0, 0, 0, 8, 4, 11, 0, 0, 0, 0, 2, 1, 3, 0, 0, 0, 3, 0, 0.5], [0, 0, 0, 0.11383220553398132, 0, 0, 8, 3, 10, 0, 0, 0, 0, 1, 1, 5, 0, 0, 0, 2, 0, 0.6666666666666666], [0, 0, 0, 0.030827641487121582, 0, 0, 8, 5, 12, 0, 0, 0, 0, 3, 1, 4, 0, 0, 0, 4, 0, 0.5], [0, 0, 0, 0.1216740608215332, 0, 0, 8, 4, 11, 0, 0, 0, 0, 2, 1, 5, 0, 0, 0, 3, 0, 0.7142857142857143], [0, 0, 0, 0.024622231721878052, 0, 0, 8, 4, 11, 0, 0, 0, 0, 2, 1, 4, 0, 0, 0, 3, 0, 0.5], [0, 0, 0, 0.03879952430725098, 0, 0, 8, 3, 10, 0, 0, 0, 0, 1, 1, 5, 0, 0, 0, 2, 0, 0.5], [1, 0, 0, 0.10973882675170898, 0, 0, 8, 5, 12, 1, 0, 0, 0, 2, 2, 7, 0, 0, 0, 4, 0, 0.6666666666666666], [0, 0, 0, 0.05886790156364441, 0, 0, 8, 4, 11, 0, 0, 0, 0, 2, 1, 2, 0, 0, 0, 3, 0, 0.5], [0, 0, 0, 0.019045859575271606, 0, 0, 8, 9, 16, 0, 0, 0, 0, 7, 1, 2, 0, 0, 0, 8, 0, 0.5], [1, 0, 1, 0.1497020721435547, 0, 0, 7, 5, 11, 1, 0, 1, 1, 3, 1, 5, 0, 0, 0, 4, 0, 0.7142857142857143], [0, 0, 0, 0.07724905014038086, 0, 0, 8, 5, 12, 0, 0, 0, 0, 2, 2, 4, 0, 0, 0, 4, 0, 0.6666666666666666], [1, 0, 1, 0.11217308044433594, 0, 0, 8, 9, 16, 1, 0, 1, 1, 4, 4, 5, 0, 0, 0, 8, 0, 0.5], [1, 0, 0, 0.044455111026763916, 0, 0, 8, 4, 11, 1, 0, 1, 0, 2, 1, 5, 0, 0, 0, 3, 0, 0.5], [0, 0, 0, 0.020114123821258545, 0, 0, 8, 12, 19, 0, 0, 0, 0, 9, 2, 3, 0, 0, 0, 11, 0, 0.5], [1, 0, 0, 0.0082053542137146, 0, 0, 6, 7, 12, 1, 0, 1, 0, 3, 3, 4, 0, 0, 0, 6, 0, 0.75], [0, 0, 0, 0.09183907508850098, 0, 0, 8, 5, 12, 0, 0, 0, 0, 2, 2, 1, 0, 0, 0, 4, 0, 0.5], [0, 0, 0, 0.11213791370391846, 0, 0, 8, 3, 10, 0, 0, 0, 0, 1, 1, 6, 0, 0, 0, 2, 0, 0.8], [0, 0, 0, 0.06577003002166748, 0, 0, 7, 3, 9, 0, 0, 0, 0, 1, 1, 5, 0, 0, 0, 2, 0, 0.8333333333333334], [0, 0, 0, 0.08152034878730774, 0, 0, 8, 13, 20, 0, 0, 0, 0, 10, 2, 3, 0, 0, 0, 12, 0, 0.5], [1, 0, 1, 0.04124802350997925, 0, 1, 8, 12, 19, 1, 0, 1, 1, 5, 5, 4, 0, 0, 0, 11, 1, 0.8], [0, 0, 0, 0.11938762664794922, 0, 0, 6, 6, 11, 1, 0, 0, 0, 4, 1, 1, 0, 0, 0, 5, 0, 0.75], [1, 0, 0, 0.2492222785949707, 0, 0, 8, 3, 10, 1, 0, 0, 0, 1, 1, 6, 0, 0, 0, 2, 0, 0.8], [0, 0, 0, 0.022334814071655273, 0, 0, 8, 3, 10, 0, 0, 0, 0, 1, 1, 7, 0, 0, 0, 2, 0, 0.6666666666666666], [1, 0, 1, 0.0, 1, 0, 8, 5, 12, 1, 1, 1, 1, 2, 2, 4, 0, 0, 0, 4, 0, 0.6666666666666666], [0, 0, 0, 0.005612015724182129, 0, 0, 8, 13, 20, 0, 0, 0, 0, 11, 1, 2, 0, 0, 0, 12, 0, 0.5], [0, 0, 0, 0.054432690143585205, 0, 0, 8, 13, 20, 0, 0, 0, 0, 11, 1, 4, 0, 0, 0, 12, 0, 0.5], [0, 0, 0, 0.04149717092514038, 0, 0, 8, 6, 13, 0, 0, 0, 0, 4, 1, 5, 0, 0, 0, 5, 0, 0.5], [1, 0, 1, 0.027885079383850098, 1, 1, 8, 12, 19, 1, 1, 1, 1, 7, 3, 2, 0, 0, 0, 11, 0, 0.6666666666666666], [0, 0, 1, 0.02904266119003296, 0, 0, 8, 4, 11, 0, 0, 1, 1, 2, 1, 3, 0, 0, 0, 3, 0, 0.5], [0, 0, 0, 0.013513147830963135, 0, 0, 8, 3, 10, 0, 0, 0, 0, 1, 1, 3, 0, 0, 0, 2, 0, 0.6666666666666666], [0, 0, 0, 0.00017344951629638672, 0, 0, 8, 5, 12, 0, 0, 0, 0, 2, 2, 6, 0, 0, 0, 4, 0, 0.75], [0, 0, 0, 0.07216930389404297, 0, 0, 8, 3, 10, 0, 0, 0, 0, 1, 1, 4, 0, 0, 0, 2, 0, 0.6666666666666666], [0, 0, 0, 0.00972127914428711, 0, 0, 8, 3, 10, 0, 0, 0, 0, 1, 1, 2, 0, 0, 0, 2, 0, 0.875], [0, 0, 0, 0.021389633417129517, 0, 0, 8, 5, 12, 0, 0, 0, 0, 2, 2, 4, 0, 0, 0, 4, 0, 0.6666666666666666], [1, 0, 1, 0.0001353621482849121, 1, 0, 6, 13, 18, 1, 1, 1, 1, 3, 7, 5, 0, 0, 0, 12, 1, 0.8333333333333334], [0, 0, 0, 0.0672953724861145, 0, 0, 8, 3, 10, 0, 0, 0, 0, 1, 1, 4, 0, 0, 0, 2, 0, 0.5], [0, 0, 0, 0.06909668445587158, 0, 0, 8, 4, 11, 0, 0, 0, 0, 2, 1, 6, 0, 0, 0, 3, 0, 0.6666666666666666], [0, 0, 0, 0.039578258991241455, 0, 0, 8, 3, 10, 0, 0, 0, 0, 1, 1, 3, 0, 0, 0, 2, 0, 0.6666666666666666], [1, 0, 1, 0.005564332008361816, 0, 1, 8, 3, 10, 1, 0, 0, 0, 1, 1, 7, 0, 0, 0, 2, 0, 0.6666666666666666], [0, 0, 0, 0.1302812695503235, 0, 0, 8, 4, 11, 0, 0, 0, 0, 1, 2, 3, 0, 0, 0, 3, 0, 0.6666666666666666], [1, 0, 1, 0.0006491541862487793, 1, 0, 8, 13, 20, 1, 0, 1, 1, 4, 4, 2, 0, 0, 0, 12, 0, 0.6666666666666666], [0, 0, 0, 0.0, 0, 0, 8, 6, 13, 0, 0, 0, 0, 4, 1, 4, 0, 0, 0, 5, 0, 0.8333333333333334], [0, 0, 0, 0.09125590324401855, 0, 0, 8, 9, 16, 0, 0, 0, 0, 7, 1, 4, 0, 0, 0, 8, 0, 0.6666666666666666], [0, 0, 0, 0.1430392861366272, 0, 0, 8, 4, 11, 0, 0, 0, 0, 2, 1, 4, 0, 0, 0, 3, 0, 0.5], [0, 0, 0, 0.17739036679267883, 0, 0, 8, 4, 11, 0, 0, 0, 0, 2, 1, 4, 0, 0, 0, 3, 0, 0.6666666666666666], [0, 0, 0, 0.021860837936401367, 0, 0, 8, 3, 10, 0, 0, 0, 0, 1, 1, 3, 0, 0, 0, 2, 0, 0.5], [1, 0, 0, 0.0, 0, 0, 3, 9, 11, 1, 0, 1, 0, 3, 4, 1, 0, 0, 0, 8, 0, 0.6666666666666666], [0, 0, 0, 0.07719999551773071, 0, 0, 8, 10, 17, 0, 0, 0, 0, 8, 1, 1, 0, 0, 0, 9, 0, 0.5], [1, 0, 0, 0.006860613822937012, 0, 0, 7, 13, 19, 1, 0, 0, 0, 7, 3, 4, 0, 0, 0, 12, 0, 0.8181818181818182], [1, 0, 1, 0.11217308044433594, 0, 0, 8, 9, 16, 1, 0, 1, 1, 4, 4, 5, 0, 0, 0, 8, 0, 0.5], [1, 0, 1, 0.03496938943862915, 1, 0, 8, 4, 11, 1, 0, 1, 0, 2, 1, 5, 0, 0, 0, 3, 1, 0.5], [0, 0, 0, 0.0631026029586792, 0, 0, 8, 3, 10, 0, 0, 0, 0, 1, 1, 6, 0, 0, 0, 2, 0, 0.5], [1, 0, 1, 0.013401389122009277, 0, 0, 8, 11, 18, 1, 0, 1, 1, 8, 2, 1, 0, 0, 0, 10, 1, 0.5], [1, 0, 0, 0.025899946689605713, 0, 0, 8, 4, 11, 1, 0, 0, 0, 2, 1, 4, 0, 0, 0, 3, 0, 0.5], [0, 0, 0, 0.14132815599441528, 0, 0, 8, 6, 13, 0, 0, 0, 0, 4, 1, 5, 0, 0, 0, 5, 0, 0.5], [0, 0, 0, 0.11446946859359741, 0, 0, 8, 3, 10, 0, 0, 0, 0, 1, 1, 1, 0, 0, 0, 2, 0, 0.5], [0, 0, 0, 0.0003325939178466797, 0, 0, 8, 13, 20, 0, 0, 0, 0, 11, 1, 1, 0, 0, 0, 12, 0, 0.5], [0, 0, 0, 0.0, 0, 0, 8, 13, 20, 0, 0, 0, 0, 11, 1, 4, 0, 0, 0, 12, 0, 0.5], [0, 0, 0, 0.03571271896362305, 0, 0, 6, 4, 9, 1, 0, 0, 0, 1, 2, 4, 0, 0, 0, 3, 0, 0.6666666666666666], [1, 0, 1, 0.06619065999984741, 0, 0, 8, 13, 20, 1, 0, 1, 1, 2, 9, 4, 0, 0, 0, 12, 1, 0.8333333333333334], [0, 0, 0, 0.0927322506904602, 0, 0, 8, 3, 10, 0, 0, 0, 0, 1, 1, 4, 0, 0, 0, 2, 0, 0.6666666666666666], [0, 0, 0, 0.14446061849594116, 0, 0, 8, 4, 11, 0, 0, 0, 0, 2, 1, 4, 0, 0, 0, 3, 0, 0.6666666666666666], [0, 0, 0, 0.09513610601425171, 0, 0, 8, 6, 13, 0, 0, 0, 0, 4, 1, 4, 0, 0, 0, 5, 0, 0.5], [0, 0, 0, 0.018359720706939697, 0, 0, 8, 4, 11, 0, 0, 0, 0, 2, 1, 4, 0, 0, 0, 3, 0, 0.6666666666666666], [0, 0, 0, 0.01443570852279663, 0, 0, 8, 7, 14, 0, 0, 1, 0, 3, 3, 6, 0, 0, 0, 6, 0, 0.6666666666666666], [1, 0, 1, 0.04033416509628296, 1, 0, 8, 8, 15, 1, 0, 1, 0, 4, 2, 2, 0, 0, 0, 7, 1, 0.5], [0, 0, 0, 0.01533353328704834, 0, 0, 8, 8, 15, 0, 0, 0, 0, 6, 1, 3, 0, 0, 0, 7, 0, 0.6666666666666666], [1, 0, 0, 0.053456664085388184, 0, 0, 4, 3, 6, 1, 0, 0, 0, 1, 1, 3, 0, 0, 0, 2, 0, 0.75], [0, 0, 0, 0.01391938328742981, 0, 0, 8, 13, 20, 0, 0, 0, 0, 10, 2, 1, 0, 0, 0, 12, 0, 0.18181818181818182], [0, 0, 0, 0.0004953742027282715, 0, 0, 8, 3, 10, 0, 0, 0, 0, 1, 1, 5, 0, 0, 0, 2, 0, 0.5], [1, 0, 0, 0.006227999925613403, 0, 0, 8, 3, 10, 1, 0, 0, 0, 1, 1, 6, 0, 0, 0, 2, 0, 0.5], [0, 0, 0, 0.29394495487213135, 0, 0, 8, 3, 10, 0, 0, 0, 0, 1, 1, 4, 0, 0, 0, 2, 0, 0.8], [0, 0, 0, 0.017803072929382324, 0, 0, 8, 4, 11, 0, 0, 0, 0, 2, 1, 4, 0, 0, 0, 3, 0, 0.8], [1, 0, 0, 0.0, 0, 0, 7, 4, 10, 1, 0, 0, 0, 1, 2, 5, 0, 0, 0, 3, 0, 0.75], [1, 0, 1, 0.0, 0, 0, 8, 8, 15, 1, 0, 1, 1, 5, 2, 3, 0, 0, 0, 7, 0, 0.5], [0, 0, 0, 0.15705040097236633, 0, 0, 8, 4, 11, 0, 0, 0, 0, 2, 1, 4, 0, 0, 0, 3, 0, 0.5], [1, 0, 0, 0.016012191772460938, 1, 0, 8, 7, 14, 1, 0, 1, 0, 5, 1, 5, 0, 0, 0, 6, 0, 0.6666666666666666], [0, 0, 0, 0.004961162805557251, 0, 0, 8, 5, 12, 0, 0, 0, 0, 3, 1, 5, 0, 0, 0, 4, 0, 0.5], [1, 0, 0, 0.0056314170360565186, 1, 0, 8, 3, 10, 1, 0, 0, 0, 1, 1, 3, 0, 0, 0, 2, 0, 0.5], [1, 0, 1, 0.0, 0, 0, 7, 10, 16, 1, 0, 1, 1, 4, 3, 5, 0, 0, 0, 9, 1, 0.75], [1, 0, 1, 0.1688692569732666, 1, 0, 8, 6, 13, 1, 0, 1, 1, 3, 2, 4, 0, 0, 0, 5, 1, 0.7142857142857143], [0, 0, 0, 0.007502436637878418, 0, 0, 7, 13, 19, 0, 0, 0, 0, 10, 2, 4, 0, 0, 0, 12, 0, 0.6666666666666666], [0, 0, 0, 0.32930517196655273, 0, 0, 8, 5, 12, 0, 0, 0, 0, 2, 2, 4, 0, 0, 0, 4, 0, 0.6666666666666666], [0, 0, 0, 0.004125088453292847, 0, 0, 8, 5, 12, 0, 0, 0, 0, 2, 2, 4, 0, 0, 0, 4, 0, 0.75], [0, 0, 0, 0.06210756301879883, 0, 0, 8, 13, 20, 0, 0, 0, 0, 11, 1, 3, 0, 0, 0, 12, 0, 0.6666666666666666], [0, 0, 0, 0.14671188592910767, 0, 0, 8, 3, 10, 0, 0, 0, 0, 1, 1, 6, 0, 0, 0, 2, 0, 0.6666666666666666], [0, 0, 0, 0.29910412430763245, 0, 0, 8, 3, 10, 0, 0, 0, 0, 1, 1, 4, 0, 0, 0, 2, 0, 0.5], [1, 0, 0, 0.12668433785438538, 0, 0, 8, 4, 11, 1, 0, 0, 0, 2, 1, 5, 0, 0, 0, 3, 1, 0.6666666666666666], [1, 0, 1, 0.06148087978363037, 1, 0, 8, 4, 11, 1, 0, 1, 1, 2, 1, 5, 0, 0, 0, 3, 1, 0.6666666666666666], [0, 0, 0, 0.07206061482429504, 0, 0, 8, 4, 11, 0, 0, 0, 0, 2, 1, 5, 0, 0, 0, 3, 0, 0.75], [0, 0, 0, 0.018202930688858032, 0, 0, 8, 3, 10, 0, 0, 0, 0, 1, 1, 5, 0, 0, 0, 2, 0, 0.6], [0, 0, 0, 0.04339194297790527, 0, 0, 8, 4, 11, 0, 0, 0, 0, 2, 1, 3, 0, 0, 0, 3, 0, 0.5], [0, 0, 0, 0.010467052459716797, 0, 0, 8, 3, 10, 0, 0, 0, 0, 1, 1, 7, 0, 0, 0, 2, 0, 0.5], [0, 0, 0, 0.004764974117279053, 0, 0, 8, 3, 10, 0, 0, 0, 0, 1, 1, 4, 0, 0, 0, 2, 0, 0.5], [1, 0, 1, 0.06787484884262085, 1, 0, 8, 9, 16, 1, 0, 1, 1, 5, 3, 4, 0, 0, 0, 8, 0, 0.6666666666666666], [0, 0, 0, 0.15880870819091797, 0, 0, 8, 3, 10, 0, 0, 0, 0, 1, 1, 3, 0, 0, 0, 2, 0, 0.5], [0, 0, 0, 0.15712380409240723, 0, 0, 8, 3, 10, 0, 0, 0, 0, 1, 1, 2, 0, 0, 0, 2, 0, 0.5], [0, 0, 0, 0.06683206558227539, 0, 0, 8, 9, 16, 0, 0, 0, 0, 7, 1, 4, 0, 0, 0, 8, 0, 0.6666666666666666], [0, 0, 0, 0.0866803526878357, 0, 0, 8, 3, 10, 0, 0, 0, 0, 1, 1, 6, 0, 0, 0, 2, 0, 0.6666666666666666], [1, 0, 0, 0.04202759265899658, 0, 0, 8, 3, 10, 1, 0, 0, 0, 1, 1, 5, 0, 0, 0, 2, 0, 0.75], [1, 0, 1, 0.007736861705780029, 0, 1, 8, 4, 11, 1, 0, 0, 0, 2, 1, 5, 0, 0, 0, 3, 0, 0.8333333333333334], [1, 0, 1, 0.01939225196838379, 1, 0, 8, 4, 11, 1, 0, 1, 1, 2, 1, 4, 0, 0, 0, 3, 1, 0.75], [1, 0, 0, 0.03416037559509277, 0, 0, 8, 3, 10, 1, 0, 0, 0, 1, 1, 4, 0, 0, 0, 2, 0, 0.8], [0, 0, 0, 0.04789620637893677, 0, 0, 8, 3, 10, 0, 0, 0, 0, 1, 1, 3, 0, 0, 0, 2, 0, 0.5], [1, 0, 1, 0.053018808364868164, 0, 0, 8, 13, 20, 1, 0, 1, 1, 9, 3, 3, 0, 0, 0, 12, 0, 0.5], [0, 0, 0, 0.006882309913635254, 0, 0, 8, 3, 10, 0, 1, 0, 0, 1, 1, 4, 0, 0, 0, 2, 0, 0.75], [0, 0, 0, 0.0038851499557495117, 0, 0, 8, 3, 10, 0, 0, 0, 0, 1, 1, 7, 0, 0, 0, 2, 0, 0.6666666666666666], [0, 0, 0, 0.38606512546539307, 0, 0, 8, 3, 10, 0, 0, 0, 0, 1, 1, 4, 0, 0, 0, 2, 0, 0.6666666666666666], [0, 0, 0, 0.00972127914428711, 0, 0, 8, 3, 10, 0, 0, 0, 0, 1, 1, 2, 0, 0, 0, 2, 0, 0.875], [0, 0, 0, 0.10340714454650879, 0, 0, 8, 4, 11, 0, 0, 0, 0, 2, 1, 4, 0, 0, 0, 3, 0, 0.5], [0, 0, 0, 0.11874186992645264, 0, 0, 8, 4, 11, 0, 0, 0, 0, 1, 2, 2, 0, 0, 0, 3, 0, 0.36363636363636365], [0, 0, 0, 0.003359079360961914, 0, 0, 8, 3, 10, 0, 0, 0, 0, 1, 1, 5, 0, 0, 0, 2, 0, 0.8], [1, 0, 1, 0.006088435649871826, 1, 0, 8, 12, 19, 1, 0, 1, 1, 3, 8, 5, 0, 0, 0, 11, 1, 0.8333333333333334], [0, 0, 0, 0.015134871006011963, 0, 0, 8, 9, 16, 0, 0, 0, 0, 7, 1, 3, 0, 0, 0, 8, 0, 0.6666666666666666], [0, 0, 0, 0.019544929265975952, 0, 0, 8, 4, 11, 0, 0, 1, 0, 2, 1, 4, 0, 0, 0, 3, 0, 0.5], [0, 0, 0, 0.018614500761032104, 0, 0, 8, 8, 15, 0, 0, 0, 0, 6, 1, 3, 0, 0, 0, 7, 0, 0.6666666666666666], [0, 0, 0, 0.033997178077697754, 0, 0, 8, 4, 11, 0, 0, 0, 0, 2, 1, 4, 0, 0, 0, 3, 0, 0.6111111111111112], [0, 0, 0, 0.04094192385673523, 0, 0, 8, 3, 10, 0, 0, 0, 0, 1, 1, 2, 0, 0, 0, 2, 0, 0.25], [0, 0, 0, 0.1327286958694458, 0, 0, 8, 4, 11, 0, 0, 0, 0, 2, 1, 4, 0, 0, 0, 3, 0, 0.5], [0, 0, 0, 0.05032914876937866, 0, 0, 8, 13, 20, 0, 0, 0, 0, 10, 2, 1, 0, 0, 0, 12, 0, 0.6666666666666666], [0, 0, 0, 0.027810871601104736, 0, 0, 8, 10, 17, 0, 0, 0, 0, 5, 3, 1, 0, 0, 0, 9, 0, 0.875], [0, 0, 0, 0.04933089017868042, 0, 0, 8, 5, 12, 0, 0, 0, 0, 2, 2, 4, 0, 0, 0, 4, 0, 0.6666666666666666], [0, 0, 0, 0.07762515544891357, 0, 0, 8, 13, 20, 0, 0, 0, 0, 10, 2, 3, 0, 0, 0, 12, 0, 0.5], [0, 0, 0, 0.0002982020378112793, 0, 0, 8, 5, 12, 0, 0, 0, 0, 2, 2, 5, 0, 0, 0, 4, 0, 0.875], [1, 0, 1, 0.017019689083099365, 1, 0, 8, 13, 20, 1, 0, 1, 1, 7, 4, 2, 0, 0, 0, 12, 1, 0.5], [0, 0, 0, 0.04314905405044556, 0, 0, 8, 13, 20, 0, 0, 0, 0, 8, 2, 1, 0, 0, 0, 12, 0, 0.5], [0, 0, 0, 0.028819799423217773, 0, 0, 8, 13, 20, 0, 1, 0, 0, 6, 3, 3, 0, 0, 0, 12, 0, 0.6666666666666666], [1, 0, 0, 0.056731224060058594, 0, 1, 8, 8, 15, 1, 0, 1, 0, 2, 5, 5, 0, 0, 0, 7, 0, 0.7272727272727273], [0, 0, 0, 0.05516219139099121, 0, 0, 8, 13, 20, 0, 0, 0, 0, 10, 2, 1, 0, 0, 0, 12, 0, 0.5], [1, 0, 0, 0.06452393531799316, 0, 0, 8, 13, 20, 1, 0, 0, 0, 11, 1, 4, 0, 0, 0, 12, 0, 0.5], [0, 0, 0, 0.04825976490974426, 0, 0, 8, 3, 10, 0, 0, 0, 0, 1, 1, 3, 0, 0, 0, 2, 0, 0.5], [1, 0, 0, 0.06558078527450562, 0, 0, 8, 13, 20, 1, 0, 0, 0, 9, 2, 4, 0, 0, 0, 12, 0, 0.6666666666666666], [1, 0, 0, 0.0, 0, 0, 4, 3, 6, 1, 0, 0, 0, 1, 1, 3, 0, 0, 0, 2, 0, 0.5], [0, 0, 0, 0.16466331481933594, 0, 0, 8, 3, 10, 0, 0, 0, 0, 1, 1, 3, 0, 0, 0, 2, 0, 0.5], [1, 0, 1, 0.03822046518325806, 1, 0, 8, 13, 20, 1, 0, 1, 1, 6, 5, 4, 0, 0, 0, 12, 1, 0.875], [0, 0, 0, 0.09806668758392334, 0, 0, 8, 13, 20, 0, 0, 0, 0, 7, 3, 1, 0, 0, 0, 12, 0, 0.5], [0, 0, 0, 0.019657284021377563, 0, 0, 8, 13, 20, 0, 0, 0, 0, 10, 2, 1, 0, 0, 0, 12, 0, 0.3333333333333333], [0, 0, 0, 0.011344194412231445, 0, 0, 8, 12, 19, 0, 0, 1, 0, 10, 1, 4, 0, 0, 0, 11, 0, 0.75], [0, 0, 0, 0.09663957357406616, 0, 0, 8, 3, 10, 0, 0, 0, 0, 1, 1, 6, 0, 0, 0, 2, 0, 0.6666666666666666], [0, 0, 0, 0.04526782035827637, 0, 0, 8, 4, 11, 0, 0, 0, 0, 2, 1, 5, 0, 0, 0, 3, 0, 0.75], [0, 0, 0, 0.1745612621307373, 0, 0, 6, 3, 8, 0, 0, 0, 0, 1, 1, 4, 0, 0, 0, 2, 0, 0.75], [0, 0, 0, 0.04668688774108887, 0, 0, 8, 3, 10, 0, 0, 0, 0, 1, 1, 6, 0, 0, 0, 2, 0, 0.5], [0, 0, 0, 0.015653938055038452, 0, 0, 8, 3, 10, 0, 0, 0, 0, 1, 1, 3, 0, 0, 0, 2, 0, 0.6666666666666666], [1, 0, 0, 0.00797724723815918, 0, 0, 8, 13, 20, 1, 1, 1, 0, 8, 4, 2, 0, 0, 0, 12, 1, 0.8], [0, 0, 0, 0.05460602045059204, 0, 0, 4, 6, 9, 1, 0, 0, 0, 4, 1, 2, 0, 0, 0, 5, 0, 0.6], [1, 0, 0, 0.0, 0, 0, 5, 5, 9, 1, 0, 1, 0, 3, 1, 4, 0, 0, 0, 4, 0, 0.875], [0, 0, 0, 0.03294071555137634, 0, 0, 8, 3, 10, 0, 0, 0, 0, 1, 1, 6, 0, 0, 0, 2, 0, 0.5], [0, 0, 0, 0.04837149381637573, 0, 0, 8, 13, 20, 0, 0, 0, 0, 11, 1, 1, 0, 0, 0, 12, 0, 0.5], [1, 0, 0, 0.12084424495697021, 1, 0, 8, 6, 13, 1, 0, 1, 0, 4, 1, 4, 0, 0, 0, 5, 1, 0.6666666666666666], [0, 0, 0, 0.015691161155700684, 0, 0, 8, 13, 20, 0, 0, 1, 0, 5, 6, 2, 0, 0, 0, 12, 0, 0.5], [0, 0, 0, 0.0006822049617767334, 0, 0, 8, 10, 17, 0, 0, 0, 0, 8, 1, 1, 0, 0, 0, 9, 0, 0.5], [1, 0, 0, 0.07563769817352295, 0, 0, 8, 3, 10, 1, 0, 0, 0, 1, 1, 5, 0, 0, 0, 2, 0, 0.5], [0, 0, 0, 0.11124563217163086, 0, 0, 8, 10, 17, 0, 0, 0, 0, 6, 2, 5, 0, 0, 0, 9, 0, 0.8], [0, 0, 0, 0.02233487367630005, 0, 0, 8, 3, 10, 0, 0, 0, 0, 1, 1, 7, 0, 0, 0, 2, 0, 0.6666666666666666], [0, 0, 0, 0.00902622938156128, 0, 0, 8, 4, 11, 0, 0, 0, 0, 2, 1, 5, 0, 0, 0, 3, 0, 0.6666666666666666], [0, 0, 0, 0.0, 0, 0, 8, 4, 11, 0, 0, 0, 0, 2, 1, 5, 0, 0, 0, 3, 0, 0.6666666666666666], [0, 0, 0, 0.13883553445339203, 0, 0, 8, 3, 10, 0, 0, 0, 0, 1, 1, 4, 0, 0, 0, 2, 0, 0.5], [1, 0, 1, 0.01869189739227295, 1, 0, 8, 7, 14, 1, 0, 1, 1, 3, 3, 1, 0, 0, 0, 6, 1, 0.875], [0, 0, 0, 0.0038695335388183594, 0, 0, 8, 13, 20, 0, 0, 0, 0, 9, 3, 1, 0, 0, 0, 12, 0, 0.5], [0, 0, 0, 0.13116800785064697, 0, 0, 8, 13, 20, 0, 0, 0, 0, 7, 3, 4, 0, 0, 0, 12, 0, 0.5], [0, 0, 0, 0.01681169867515564, 0, 0, 8, 9, 16, 0, 0, 0, 0, 6, 2, 3, 0, 0, 0, 8, 0, 0.6666666666666666], [0, 0, 0, 0.023567378520965576, 0, 0, 8, 6, 13, 0, 0, 0, 0, 3, 2, 2, 0, 0, 0, 5, 0, 0.6666666666666666], [0, 0, 0, 0.024978160858154297, 0, 0, 8, 13, 20, 0, 0, 0, 0, 7, 5, 1, 0, 0, 0, 12, 0, 0.5], [0, 0, 0, 0.004972875118255615, 0, 0, 8, 3, 10, 0, 0, 0, 0, 1, 1, 4, 0, 0, 0, 2, 0, 0.6666666666666666], [1, 0, 0, 0.20297253131866455, 0, 0, 8, 4, 11, 1, 1, 0, 0, 2, 1, 6, 0, 0, 0, 3, 1, 0.75], [0, 0, 0, 0.03840428590774536, 0, 0, 8, 3, 10, 0, 0, 0, 0, 1, 1, 2, 0, 0, 0, 2, 0, 0.5], [0, 0, 0, 0.1365668773651123, 0, 0, 8, 3, 10, 0, 0, 0, 0, 1, 1, 4, 0, 0, 0, 2, 0, 0.6111111111111112], [0, 0, 1, 0.09348852932453156, 0, 0, 8, 6, 13, 0, 0, 1, 1, 3, 2, 3, 0, 0, 0, 5, 0, 0.6666666666666666], [0, 0, 0, 0.013873517513275146, 0, 0, 8, 13, 20, 0, 0, 0, 0, 10, 2, 3, 0, 0, 0, 12, 0, 0.5], [1, 0, 1, 0.02959263324737549, 1, 0, 8, 5, 12, 1, 0, 1, 1, 2, 2, 5, 0, 0, 0, 4, 1, 0.8333333333333334], [0, 0, 0, 0.019772052764892578, 0, 0, 8, 3, 10, 0, 0, 0, 0, 1, 1, 5, 0, 0, 0, 2, 0, 0.5], [1, 0, 0, 0.0, 0, 0, 4, 5, 8, 1, 1, 0, 0, 1, 3, 3, 0, 0, 0, 4, 0, 0.6666666666666666], [0, 0, 0, 0.012873053550720215, 0, 0, 8, 13, 20, 0, 0, 0, 0, 11, 1, 1, 0, 0, 0, 12, 0, 0.2], [1, 0, 0, 0.08014833927154541, 0, 0, 8, 12, 19, 1, 0, 1, 0, 10, 1, 1, 0, 0, 0, 11, 0, 0.5], [1, 0, 1, 0.0, 0, 1, 4, 3, 6, 1, 0, 0, 0, 1, 1, 3, 0, 0, 0, 2, 0, 0.5], [1, 0, 1, 0.17203247547149658, 0, 1, 8, 3, 10, 1, 0, 0, 0, 1, 1, 6, 0, 0, 0, 2, 0, 0.6666666666666666], [1, 0, 1, 0.017019689083099365, 1, 0, 8, 13, 20, 1, 0, 1, 1, 7, 3, 2, 0, 0, 0, 12, 1, 0.5], [1, 0, 1, 0.011996269226074219, 1, 0, 5, 9, 13, 1, 0, 1, 1, 2, 6, 3, 0, 0, 0, 8, 1, 0.6923076923076923], [1, 0, 0, 0.03387439250946045, 0, 0, 8, 7, 14, 1, 0, 1, 0, 3, 3, 4, 0, 0, 0, 6, 1, 0.5], [0, 0, 0, 0.055914729833602905, 0, 0, 8, 4, 11, 0, 0, 0, 0, 2, 1, 3, 0, 0, 0, 3, 0, 0.6666666666666666], [0, 0, 0, 0.34823986887931824, 0, 0, 8, 3, 10, 0, 0, 0, 0, 1, 1, 4, 0, 0, 0, 2, 0, 0.6666666666666666], [1, 0, 1, 0.01814669370651245, 0, 0, 8, 4, 11, 1, 0, 1, 1, 2, 1, 5, 0, 0, 0, 3, 0, 0.8], [0, 0, 0, 0.053987860679626465, 0, 0, 8, 3, 10, 0, 0, 0, 0, 1, 1, 2, 0, 0, 0, 2, 0, 0.8333333333333334], [1, 0, 1, 0.0, 1, 1, 2, 13, 14, 1, 0, 1, 1, 2, 7, 1, 0, 0, 0, 12, 1, 0.6666666666666666], [1, 0, 1, 0.0, 0, 0, 6, 7, 12, 1, 0, 1, 0, 3, 2, 4, 0, 0, 0, 6, 0, 0.75], [0, 0, 0, 0.06115967035293579, 0, 0, 8, 3, 10, 0, 0, 0, 0, 1, 1, 3, 0, 0, 0, 2, 0, 0.5], [0, 0, 0, 0.16419678926467896, 0, 0, 8, 3, 10, 0, 0, 0, 0, 1, 1, 2, 0, 0, 0, 2, 0, 0.3333333333333333], [0, 0, 0, 0.02937224507331848, 0, 0, 8, 3, 10, 0, 0, 0, 0, 1, 1, 3, 0, 0, 0, 2, 0, 0.6666666666666666], [0, 0, 0, 0.13214847445487976, 0, 0, 8, 3, 10, 0, 0, 0, 0, 1, 1, 5, 0, 0, 0, 2, 0, 0.6666666666666666], [0, 0, 0, 0.11681222915649414, 0, 0, 8, 6, 13, 0, 0, 0, 0, 4, 1, 4, 0, 0, 0, 5, 0, 0.75], [0, 0, 0, 0.03597140312194824, 0, 0, 8, 13, 20, 0, 0, 1, 0, 11, 1, 1, 0, 0, 0, 12, 0, 0.5], [0, 0, 0, 0.00528717041015625, 0, 0, 8, 3, 10, 0, 0, 0, 0, 1, 1, 2, 0, 0, 0, 2, 0, 0.5], [0, 0, 0, 0.00808650255203247, 0, 0, 8, 4, 11, 0, 0, 0, 0, 1, 2, 6, 0, 0, 0, 3, 0, 0.75], [0, 0, 0, 0.033296555280685425, 0, 0, 8, 4, 11, 0, 0, 0, 0, 2, 1, 4, 0, 0, 0, 3, 0, 0.5], [0, 0, 0, 0.006059110164642334, 0, 0, 8, 4, 11, 0, 0, 0, 0, 2, 1, 6, 0, 0, 0, 3, 0, 0.6666666666666666], [0, 0, 0, 0.05548563599586487, 0, 0, 8, 6, 13, 0, 0, 0, 0, 3, 2, 3, 0, 0, 0, 5, 0, 0.6666666666666666], [0, 0, 0, 0.0014751553535461426, 0, 1, 7, 8, 14, 0, 0, 0, 0, 3, 4, 3, 0, 0, 0, 7, 0, 0.75], [1, 0, 0, 0.007848620414733887, 0, 0, 4, 6, 9, 1, 0, 1, 0, 3, 2, 2, 0, 0, 0, 5, 0, 0.8333333333333334], [1, 0, 1, 0.038320958614349365, 0, 0, 8, 4, 11, 1, 0, 1, 1, 2, 1, 5, 0, 0, 0, 3, 0, 0.6666666666666666], [0, 0, 0, 0.013417661190032959, 0, 0, 7, 7, 13, 0, 0, 0, 0, 1, 5, 5, 0, 0, 0, 6, 0, 0.6666666666666666], [1, 0, 0, 0.23163503408432007, 0, 0, 8, 10, 17, 1, 0, 1, 0, 6, 2, 2, 0, 0, 0, 9, 0, 0.8333333333333334], [1, 0, 0, 0.09783351421356201, 0, 0, 8, 10, 17, 1, 0, 0, 0, 5, 3, 4, 0, 0, 0, 9, 0, 0.5], [0, 0, 0, 0.05345660448074341, 0, 0, 4, 3, 6, 0, 0, 0, 0, 1, 1, 3, 0, 0, 0, 2, 0, 0.75], [0, 0, 0, 0.08265736699104309, 0, 0, 8, 13, 20, 0, 0, 0, 0, 10, 2, 1, 0, 0, 0, 12, 0, 0.5], [1, 0, 0, 0.04202759265899658, 0, 0, 8, 3, 10, 1, 0, 0, 0, 1, 1, 5, 0, 0, 0, 2, 0, 0.75], [0, 0, 0, 0.0614054799079895, 0, 0, 8, 3, 10, 0, 0, 0, 0, 1, 1, 5, 0, 0, 0, 2, 0, 0.5], [1, 0, 1, 0.17608022689819336, 1, 0, 8, 6, 13, 1, 0, 1, 1, 2, 3, 5, 0, 0, 0, 5, 1, 0.6666666666666666], [0, 0, 0, 0.006759524345397949, 0, 0, 6, 13, 18, 1, 0, 1, 0, 4, 6, 5, 0, 0, 0, 12, 0, 0.8333333333333334], [1, 0, 1, 0.05063605308532715, 1, 0, 8, 6, 13, 1, 0, 1, 1, 2, 3, 5, 0, 0, 0, 5, 1, 0.75], [1, 0, 1, 0.0, 0, 0, 7, 10, 16, 1, 0, 1, 1, 4, 3, 5, 0, 0, 0, 9, 1, 0.75], [0, 0, 0, 0.03416037559509277, 0, 0, 8, 3, 10, 0, 1, 0, 0, 1, 1, 4, 0, 0, 0, 2, 0, 0.8], [0, 0, 0, 0.004305243492126465, 0, 0, 8, 7, 14, 0, 0, 0, 0, 5, 1, 2, 0, 0, 0, 6, 0, 0.8181818181818182], [1, 0, 1, 0.0, 0, 1, 6, 3, 8, 1, 0, 0, 0, 1, 1, 3, 0, 0, 0, 2, 1, 0.75], [1, 0, 1, 0.032752156257629395, 1, 0, 8, 10, 17, 1, 0, 1, 1, 6, 2, 1, 0, 0, 0, 9, 1, 0.875], [0, 0, 0, 0.000471651554107666, 0, 0, 8, 13, 20, 0, 0, 1, 0, 11, 1, 2, 0, 0, 0, 12, 0, 0.5], [0, 0, 1, 0.04122275114059448, 0, 0, 8, 5, 12, 0, 0, 1, 1, 2, 2, 3, 0, 0, 0, 4, 0, 0.5], [1, 0, 0, 0.053456664085388184, 0, 0, 4, 3, 6, 1, 0, 0, 0, 1, 1, 3, 0, 0, 0, 2, 0, 0.75], [0, 0, 0, 0.0005953013896942139, 0, 0, 8, 13, 20, 0, 0, 0, 0, 11, 1, 4, 0, 0, 0, 12, 0, 0.6666666666666666], [1, 0, 1, 0.015048623085021973, 1, 0, 5, 13, 17, 1, 0, 1, 1, 3, 7, 3, 0, 0, 0, 12, 1, 0.875], [1, 0, 0, 0.0023822784423828125, 0, 0, 8, 13, 20, 1, 0, 1, 0, 6, 4, 3, 0, 0, 0, 12, 0, 0.5714285714285714], [1, 0, 0, 0.011843740940093994, 0, 0, 8, 4, 11, 1, 0, 1, 0, 2, 1, 6, 0, 0, 0, 3, 1, 0.75], [0, 0, 0, 0.11241686344146729, 0, 0, 8, 7, 14, 0, 0, 0, 0, 5, 1, 1, 0, 0, 0, 6, 0, 0.5], [0, 0, 0, 0.09613019227981567, 0, 0, 8, 3, 10, 0, 0, 0, 0, 1, 1, 4, 0, 0, 0, 2, 0, 0.5], [1, 0, 1, 0.139928936958313, 1, 1, 8, 8, 15, 1, 0, 1, 1, 2, 4, 5, 0, 0, 0, 7, 0, 0.6666666666666666], [1, 0, 0, 0.005675077438354492, 0, 0, 8, 6, 13, 1, 0, 0, 0, 3, 2, 1, 0, 0, 0, 5, 0, 0.875], [1, 0, 1, 0.08243870735168457, 1, 0, 8, 4, 11, 1, 0, 1, 1, 2, 1, 3, 0, 0, 0, 3, 1, 0.8333333333333334], [0, 0, 0, 0.005816102027893066, 0, 0, 7, 13, 19, 0, 0, 0, 0, 7, 4, 3, 0, 0, 0, 12, 0, 0.8181818181818182], [0, 0, 0, 0.06418824195861816, 0, 0, 8, 13, 20, 0, 0, 0, 0, 10, 2, 3, 0, 0, 0, 12, 0, 0.6666666666666666], [0, 0, 0, 0.013551473617553711, 0, 0, 8, 13, 20, 0, 0, 0, 0, 11, 1, 1, 0, 0, 0, 12, 0, 0.2], [1, 0, 0, 0.002408921718597412, 0, 0, 8, 13, 20, 1, 0, 1, 1, 9, 2, 1, 0, 0, 0, 12, 0, 0.5], [1, 0, 0, 0.0566367506980896, 0, 0, 8, 3, 10, 1, 0, 0, 0, 1, 1, 6, 0, 0, 0, 2, 0, 0.75], [0, 0, 0, 0.08528828620910645, 0, 0, 8, 3, 10, 0, 0, 0, 0, 1, 1, 6, 0, 0, 0, 2, 0, 0.5], [0, 0, 0, 0.03416043519973755, 0, 0, 8, 3, 10, 0, 0, 0, 0, 1, 1, 4, 0, 0, 0, 2, 0, 0.8], [0, 0, 0, 0.13033905625343323, 0, 0, 8, 5, 12, 0, 0, 0, 0, 3, 1, 5, 0, 0, 0, 4, 0, 0.8], [1, 0, 1, 0.0, 0, 0, 2, 4, 5, 1, 0, 1, 1, 2, 1, 1, 0, 0, 0, 3, 0, 0.5], [1, 0, 0, 0.007347762584686279, 0, 0, 5, 6, 10, 1, 0, 1, 0, 4, 1, 3, 0, 0, 0, 5, 0, 0.6666666666666666], [0, 0, 0, 0.04707205295562744, 0, 0, 8, 4, 11, 0, 0, 0, 0, 2, 1, 5, 0, 0, 0, 3, 0, 0.75], [0, 0, 0, 0.02073824405670166, 0, 0, 8, 5, 12, 0, 0, 0, 0, 3, 1, 4, 0, 0, 0, 4, 0, 0.8461538461538461], [0, 0, 0, 0.04202759265899658, 0, 0, 8, 3, 10, 0, 0, 0, 0, 1, 1, 5, 0, 0, 0, 2, 0, 0.75], [1, 0, 1, 0.17897552251815796, 1, 0, 8, 7, 14, 1, 0, 1, 1, 3, 2, 5, 0, 0, 0, 6, 0, 0.875], [0, 0, 0, 0.04978752136230469, 0, 0, 8, 13, 20, 0, 0, 0, 0, 11, 1, 3, 0, 0, 0, 12, 0, 0.5], [0, 0, 0, 0.0, 0, 0, 8, 9, 16, 0, 0, 0, 0, 6, 2, 4, 0, 0, 0, 8, 0, 0.5], [0, 0, 0, 0.007784605026245117, 0, 0, 8, 3, 10, 0, 0, 0, 0, 1, 1, 4, 0, 0, 0, 2, 0, 0.5], [0, 0, 0, 0.15795046091079712, 0, 0, 8, 3, 10, 0, 0, 0, 0, 1, 1, 7, 0, 0, 0, 2, 0, 0.6666666666666666], [0, 0, 0, 0.011759579181671143, 0, 0, 8, 4, 11, 0, 0, 0, 0, 2, 1, 3, 0, 0, 0, 3, 0, 0.6666666666666666], [0, 0, 0, 0.011344194412231445, 0, 0, 8, 12, 19, 0, 0, 1, 0, 10, 1, 4, 0, 0, 0, 11, 0, 0.75], [1, 0, 0, 0.023571372032165527, 0, 0, 6, 10, 15, 1, 0, 1, 0, 4, 4, 4, 0, 0, 0, 9, 0, 0.75], [0, 0, 0, 0.011104375123977661, 0, 0, 8, 5, 12, 0, 0, 0, 0, 3, 1, 4, 0, 0, 0, 4, 0, 0.6666666666666666], [0, 0, 0, 0.19380098581314087, 0, 0, 7, 3, 9, 0, 0, 0, 0, 1, 1, 4, 0, 0, 0, 2, 0, 0.75], [0, 0, 0, 0.0357532799243927, 0, 0, 8, 5, 12, 0, 0, 0, 0, 3, 1, 3, 0, 0, 0, 4, 0, 0.5], [0, 0, 0, 0.05623769760131836, 0, 0, 8, 13, 20, 0, 0, 1, 0, 11, 1, 2, 0, 0, 0, 12, 0, 0.5], [1, 0, 1, 0.0021690726280212402, 0, 1, 8, 3, 10, 1, 0, 0, 0, 1, 1, 5, 0, 0, 0, 2, 0, 0.5], [1, 0, 1, 0.053018808364868164, 0, 0, 8, 13, 20, 1, 0, 1, 1, 8, 4, 3, 0, 0, 0, 12, 0, 0.5], [1, 0, 1, 0.1688692569732666, 1, 0, 8, 6, 13, 1, 0, 1, 1, 3, 2, 4, 0, 0, 0, 5, 1, 0.7142857142857143], [0, 0, 0, 0.03303033113479614, 0, 0, 8, 4, 11, 0, 0, 0, 0, 2, 1, 4, 0, 0, 0, 3, 0, 0.6666666666666666], [1, 0, 1, 0.04368019104003906, 0, 0, 8, 4, 11, 1, 0, 1, 1, 2, 1, 5, 0, 0, 0, 3, 0, 0.6666666666666666], [0, 0, 0, 0.2824619710445404, 0, 0, 8, 4, 11, 0, 0, 0, 0, 2, 1, 3, 0, 0, 0, 3, 0, 0.5], [1, 0, 0, 0.026402175426483154, 0, 0, 8, 13, 20, 1, 1, 0, 0, 9, 2, 1, 0, 0, 0, 12, 0, 0.6666666666666666], [1, 0, 1, 0.009060680866241455, 0, 0, 7, 4, 10, 1, 0, 1, 0, 2, 1, 4, 0, 0, 0, 3, 0, 0.8333333333333334], [1, 0, 0, 0.03712815046310425, 0, 0, 8, 13, 20, 1, 0, 1, 0, 4, 8, 4, 0, 0, 0, 12, 0, 0.875], [0, 0, 0, 0.013705432415008545, 0, 0, 8, 13, 20, 0, 0, 0, 0, 10, 2, 4, 0, 0, 0, 12, 0, 0.6666666666666666], [0, 0, 0, 0.11454194784164429, 0, 0, 8, 3, 10, 0, 0, 0, 0, 1, 1, 5, 0, 0, 0, 2, 0, 0.5], [0, 0, 0, 0.057302892208099365, 0, 0, 8, 3, 10, 0, 0, 0, 0, 1, 1, 4, 0, 0, 0, 2, 0, 0.6666666666666666], [0, 0, 0, 0.2259368896484375, 0, 0, 8, 3, 10, 0, 0, 0, 0, 1, 1, 3, 0, 0, 0, 2, 0, 0.8666666666666667], [1, 0, 0, 0.0, 0, 0, 2, 4, 5, 1, 0, 1, 0, 2, 1, 1, 0, 0, 0, 3, 0, 0.5], [0, 0, 0, 0.08995604515075684, 0, 0, 8, 13, 20, 0, 0, 0, 0, 8, 4, 4, 0, 0, 0, 12, 0, 0.5], [0, 0, 1, 0.006907135248184204, 0, 0, 8, 13, 20, 0, 0, 1, 1, 1, 11, 5, 0, 0, 0, 12, 0, 0.5], [1, 0, 1, 0.0, 0, 1, 4, 3, 6, 1, 0, 0, 0, 1, 1, 3, 0, 0, 0, 2, 0, 0.5], [1, 0, 1, 0.09048956632614136, 1, 0, 8, 7, 14, 1, 0, 1, 1, 3, 3, 4, 0, 0, 0, 6, 1, 0.75], [0, 0, 0, 0.06240129470825195, 0, 0, 8, 13, 20, 0, 0, 0, 0, 9, 3, 3, 0, 0, 0, 12, 0, 0.6666666666666666], [1, 0, 0, 0.0, 0, 0, 8, 5, 12, 1, 0, 1, 0, 3, 1, 5, 0, 0, 0, 4, 0, 0.5], [0, 0, 0, 0.06577008962631226, 0, 0, 7, 3, 9, 0, 0, 0, 0, 1, 1, 5, 0, 0, 0, 2, 0, 0.8333333333333334], [1, 0, 0, 0.08245575428009033, 0, 0, 8, 9, 16, 1, 0, 1, 0, 2, 4, 6, 0, 0, 0, 8, 0, 0.8], [1, 0, 1, 0.2983720898628235, 0, 1, 8, 3, 10, 1, 0, 0, 0, 1, 1, 3, 0, 0, 0, 2, 0, 0.5], [1, 0, 1, 0.01727283000946045, 0, 0, 8, 4, 11, 1, 0, 1, 1, 2, 1, 2, 0, 0, 0, 3, 0, 0.5], [1, 0, 0, 0.42429137229919434, 1, 1, 8, 4, 11, 1, 0, 1, 0, 2, 1, 5, 0, 0, 0, 3, 1, 0.6666666666666666], [1, 0, 0, 0.053456664085388184, 0, 0, 4, 3, 6, 1, 0, 0, 0, 1, 1, 3, 0, 0, 0, 2, 0, 0.75], [0, 0, 0, 0.013885974884033203, 0, 0, 8, 3, 10, 0, 0, 0, 0, 1, 1, 5, 0, 0, 0, 2, 0, 0.8], [0, 0, 0, 0.026363849639892578, 0, 0, 8, 13, 20, 0, 0, 0, 0, 10, 2, 4, 0, 0, 0, 12, 0, 0.6666666666666666], [1, 0, 1, 0.004947036504745483, 0, 0, 7, 8, 14, 1, 0, 1, 1, 3, 2, 5, 0, 0, 0, 7, 0, 0.6666666666666666], [1, 0, 1, 0.10372394323348999, 0, 0, 8, 7, 14, 1, 0, 1, 1, 4, 2, 5, 0, 0, 0, 6, 0, 0.5], [1, 0, 1, 0.08285707235336304, 0, 1, 5, 3, 7, 1, 0, 0, 0, 1, 1, 3, 0, 0, 0, 2, 0, 0.5], [1, 0, 0, 0.11485600471496582, 0, 0, 8, 4, 11, 1, 0, 1, 0, 2, 1, 4, 0, 0, 0, 3, 0, 0.5], [0, 0, 0, 0.005897700786590576, 0, 0, 8, 3, 10, 0, 0, 0, 0, 1, 1, 4, 0, 0, 0, 2, 0, 0.8333333333333334], [1, 0, 1, 0.05098092555999756, 1, 0, 8, 13, 20, 1, 0, 1, 1, 8, 4, 1, 0, 0, 0, 12, 1, 0.5], [1, 0, 1, 0.008309006690979004, 1, 0, 8, 11, 18, 1, 0, 1, 1, 3, 7, 5, 0, 0, 0, 10, 1, 0.8333333333333334], [1, 0, 0, 0.16083067655563354, 0, 0, 8, 4, 11, 1, 0, 1, 0, 2, 1, 4, 0, 0, 0, 3, 0, 0.6666666666666666], [1, 0, 0, 0.015795350074768066, 0, 0, 8, 10, 17, 1, 0, 0, 0, 5, 3, 1, 0, 0, 0, 9, 0, 0.875], [1, 0, 0, 0.00010967254638671875, 1, 0, 8, 13, 20, 1, 0, 1, 0, 2, 9, 4, 0, 0, 0, 12, 0, 0.8333333333333334], [0, 0, 0, 0.00629502534866333, 0, 0, 8, 13, 20, 0, 0, 0, 0, 11, 1, 2, 0, 0, 0, 12, 0, 0.25], [1, 0, 1, 0.2131914496421814, 1, 1, 8, 3, 10, 1, 0, 0, 0, 1, 1, 4, 0, 0, 0, 2, 0, 0.6666666666666666], [0, 0, 0, 0.008170127868652344, 0, 0, 8, 13, 20, 0, 0, 0, 0, 10, 2, 1, 0, 0, 0, 12, 0, 0.2], [1, 0, 0, 0.02300235629081726, 1, 0, 8, 3, 10, 1, 0, 0, 0, 1, 1, 3, 0, 0, 0, 2, 0, 0.6666666666666666], [0, 0, 0, 0.20284530520439148, 0, 0, 8, 3, 10, 0, 0, 0, 0, 1, 1, 4, 0, 0, 0, 2, 0, 0.5], [1, 0, 1, 0.015462517738342285, 0, 0, 3, 9, 11, 1, 0, 1, 1, 3, 3, 1, 0, 0, 0, 8, 0, 0.6666666666666666], [1, 0, 0, 0.0565643310546875, 0, 0, 8, 11, 18, 1, 0, 1, 0, 8, 2, 5, 0, 0, 0, 10, 0, 0.75], [1, 0, 1, 0.02959263324737549, 1, 0, 8, 5, 12, 1, 0, 1, 1, 2, 2, 5, 0, 0, 0, 4, 1, 0.8333333333333334], [1, 0, 1, 0.006054997444152832, 1, 1, 3, 9, 11, 1, 0, 1, 1, 3, 3, 1, 0, 0, 0, 8, 1, 0.6666666666666666], [0, 0, 0, 0.2154633104801178, 0, 0, 8, 3, 10, 0, 0, 0, 0, 1, 1, 3, 0, 0, 0, 2, 0, 0.75], [1, 0, 0, 0.0015717148780822754, 0, 0, 8, 9, 16, 1, 0, 1, 0, 2, 4, 4, 0, 0, 0, 8, 1, 0.8], [0, 0, 0, 0.008812516927719116, 0, 0, 8, 9, 16, 0, 0, 0, 0, 7, 1, 1, 0, 0, 0, 8, 0, 0.6666666666666666], [0, 0, 0, 0.011431783437728882, 0, 0, 8, 3, 10, 0, 0, 0, 0, 1, 1, 5, 0, 0, 0, 2, 0, 0.5], [0, 0, 0, 0.05123478174209595, 0, 0, 8, 4, 11, 0, 0, 0, 0, 2, 1, 5, 0, 0, 0, 3, 0, 0.6666666666666666], [0, 0, 0, 0.031760334968566895, 0, 0, 8, 6, 13, 0, 0, 0, 0, 2, 3, 5, 0, 0, 0, 5, 0, 0.8], [0, 0, 0, 0.0006219148635864258, 0, 0, 8, 13, 20, 0, 0, 0, 0, 9, 2, 1, 0, 0, 0, 12, 0, 0.5], [1, 0, 0, 0.019402682781219482, 0, 0, 8, 13, 20, 1, 0, 0, 0, 7, 3, 2, 0, 0, 0, 12, 0, 0.6666666666666666], [1, 0, 1, 0.0030462145805358887, 1, 1, 8, 3, 10, 1, 0, 0, 0, 1, 1, 6, 0, 0, 0, 2, 1, 0.5], [0, 0, 0, 0.21416473388671875, 0, 0, 8, 3, 10, 0, 0, 0, 0, 1, 1, 4, 0, 0, 0, 2, 0, 0.6666666666666666], [1, 0, 0, 0.023434609174728394, 0, 0, 8, 4, 11, 1, 0, 1, 0, 2, 1, 4, 0, 0, 0, 3, 0, 0.5], [1, 0, 1, 0.4757491648197174, 0, 0, 8, 4, 11, 1, 0, 1, 1, 2, 1, 3, 0, 0, 0, 3, 0, 0.6], [1, 0, 0, 0.001974165439605713, 0, 0, 6, 3, 8, 1, 0, 0, 0, 1, 1, 5, 0, 0, 0, 2, 0, 0.6666666666666666], [1, 0, 0, 0.10582822561264038, 1, 0, 4, 6, 9, 1, 0, 1, 0, 4, 1, 2, 0, 0, 0, 5, 1, 0.6666666666666666], [0, 0, 0, 0.016027361154556274, 0, 0, 8, 5, 12, 0, 0, 0, 0, 3, 1, 3, 0, 0, 0, 4, 0, 0.6666666666666666], [0, 0, 0, 0.14194881916046143, 0, 0, 8, 13, 20, 0, 0, 1, 1, 8, 2, 1, 0, 0, 0, 12, 0, 0.3333333333333333], [0, 0, 0, 0.06304049491882324, 0, 0, 8, 4, 11, 0, 0, 0, 0, 2, 1, 6, 0, 0, 0, 3, 0, 0.6666666666666666], [1, 0, 1, 0.06335020065307617, 1, 0, 8, 6, 13, 1, 1, 1, 1, 3, 2, 4, 0, 0, 0, 5, 1, 0.5], [1, 0, 0, 0.01742929220199585, 0, 0, 8, 7, 14, 1, 0, 1, 0, 3, 3, 5, 0, 0, 0, 6, 0, 0.75], [0, 0, 0, 0.0019223690032958984, 0, 0, 8, 13, 20, 0, 0, 0, 0, 11, 1, 2, 0, 0, 0, 12, 0, 0.5], [0, 0, 0, 0.12105190753936768, 0, 0, 8, 12, 19, 0, 0, 0, 0, 9, 2, 1, 0, 0, 0, 11, 0, 0.5], [1, 0, 1, 0.2013310194015503, 0, 1, 8, 3, 10, 1, 0, 0, 0, 1, 1, 4, 0, 0, 0, 2, 0, 0.625], [0, 0, 0, 0.008836060762405396, 0, 0, 8, 3, 10, 0, 0, 0, 0, 1, 1, 3, 0, 0, 0, 2, 0, 0.5], [0, 0, 0, 0.008297532796859741, 0, 0, 8, 13, 20, 0, 0, 0, 0, 9, 3, 1, 0, 0, 0, 12, 0, 0.5], [0, 0, 0, 0.017717719078063965, 0, 0, 8, 13, 20, 0, 0, 0, 0, 10, 2, 5, 0, 0, 0, 12, 0, 0.6666666666666666], [0, 0, 0, 0.008319199085235596, 0, 0, 8, 3, 10, 0, 0, 0, 0, 1, 1, 4, 0, 0, 0, 2, 0, 0.6666666666666666], [0, 0, 0, 0.09512996673583984, 0, 0, 8, 3, 10, 0, 0, 0, 0, 1, 1, 2, 0, 0, 0, 2, 0, 0.5], [1, 0, 1, 0.03822046518325806, 1, 0, 8, 13, 20, 1, 0, 1, 1, 3, 8, 4, 0, 0, 0, 12, 1, 0.875], [0, 0, 0, 0.0748438835144043, 0, 0, 8, 5, 12, 0, 0, 0, 0, 3, 1, 3, 0, 0, 0, 4, 0, 0.6666666666666666], [0, 0, 0, 0.07505542039871216, 0, 0, 8, 13, 20, 0, 0, 0, 0, 11, 1, 3, 0, 0, 0, 12, 0, 0.5], [0, 0, 0, 0.05687582492828369, 0, 0, 8, 6, 13, 0, 0, 0, 0, 3, 2, 3, 0, 0, 0, 5, 0, 0.6666666666666666], [1, 0, 0, 0.007638871669769287, 0, 0, 5, 13, 17, 1, 1, 0, 0, 2, 9, 3, 0, 0, 0, 12, 0, 0.875], [0, 0, 0, 0.047392696142196655, 0, 0, 8, 3, 10, 0, 0, 0, 0, 1, 1, 3, 0, 0, 0, 2, 0, 0.5], [0, 0, 0, 0.05623769760131836, 0, 0, 8, 13, 20, 0, 0, 0, 0, 9, 3, 2, 0, 0, 0, 12, 0, 0.5], [1, 0, 0, 0.031115293502807617, 0, 0, 8, 3, 10, 1, 0, 0, 0, 1, 1, 6, 0, 0, 0, 2, 1, 0.7272727272727273], [0, 0, 0, 0.14194881916046143, 0, 0, 8, 13, 20, 0, 0, 1, 0, 7, 2, 1, 0, 0, 0, 12, 0, 0.3333333333333333], [1, 0, 1, 0.0, 1, 1, 2, 13, 14, 1, 0, 1, 1, 2, 7, 1, 0, 0, 0, 12, 1, 0.6666666666666666], [0, 0, 0, 0.19470220804214478, 0, 0, 8, 3, 10, 0, 0, 0, 0, 1, 1, 6, 0, 0, 0, 2, 0, 0.75], [0, 0, 0, 0.04077833890914917, 0, 0, 8, 3, 10, 0, 0, 0, 0, 1, 1, 4, 0, 0, 0, 2, 0, 0.75], [0, 0, 0, 0.18199944496154785, 0, 0, 8, 6, 13, 0, 0, 0, 0, 2, 3, 4, 0, 0, 0, 5, 0, 0.7142857142857143], [1, 0, 0, 0.03520554304122925, 0, 0, 8, 13, 20, 1, 0, 0, 0, 5, 4, 2, 0, 0, 0, 12, 0, 0.8], [0, 0, 0, 0.007300913333892822, 0, 0, 8, 13, 20, 0, 0, 0, 0, 10, 2, 4, 0, 0, 0, 12, 0, 0.6666666666666666], [0, 0, 0, 0.017889738082885742, 0, 0, 8, 13, 20, 0, 0, 0, 0, 9, 3, 3, 0, 0, 0, 12, 0, 0.5], [1, 0, 0, 0.12596416473388672, 0, 0, 8, 7, 14, 1, 0, 0, 0, 5, 1, 5, 0, 0, 0, 6, 0, 0.7272727272727273], [1, 0, 0, 0.135288268327713, 1, 0, 8, 5, 12, 1, 0, 1, 0, 3, 1, 4, 0, 0, 0, 4, 0, 0.6666666666666666], [1, 0, 1, 0.20620250701904297, 0, 0, 8, 6, 13, 1, 0, 1, 1, 2, 3, 6, 0, 0, 0, 5, 0, 0.6666666666666666], [0, 0, 0, 0.022095799446105957, 0, 0, 8, 13, 20, 0, 0, 0, 0, 6, 6, 2, 0, 0, 0, 12, 0, 0.5], [0, 0, 0, 0.06319993734359741, 0, 0, 8, 13, 20, 0, 0, 0, 0, 11, 1, 1, 0, 0, 0, 12, 0, 0.5], [0, 0, 0, 0.03726118803024292, 0, 0, 8, 6, 13, 0, 0, 0, 0, 4, 1, 5, 0, 0, 0, 5, 0, 0.6666666666666666], [1, 0, 0, 0.015462517738342285, 0, 0, 3, 9, 11, 1, 0, 1, 1, 3, 3, 1, 0, 0, 0, 8, 0, 0.6666666666666666], [0, 0, 0, 0.13239562511444092, 0, 0, 8, 3, 10, 0, 0, 0, 0, 1, 1, 3, 0, 0, 0, 2, 0, 0.5], [1, 0, 0, 0.09754568338394165, 0, 0, 8, 13, 20, 1, 0, 0, 0, 7, 5, 4, 0, 0, 0, 12, 0, 0.5], [1, 0, 0, 0.16466248035430908, 0, 0, 8, 4, 11, 1, 0, 0, 0, 2, 1, 5, 0, 0, 0, 3, 0, 0.8666666666666667], [0, 0, 0, 0.009827673435211182, 0, 0, 8, 13, 20, 0, 0, 1, 0, 10, 2, 2, 0, 0, 0, 12, 0, 0.5714285714285714], [0, 0, 0, 0.10009968280792236, 0, 0, 8, 3, 10, 0, 0, 0, 0, 1, 1, 6, 0, 0, 0, 2, 0, 0.6666666666666666], [0, 0, 0, 0.062325894832611084, 0, 0, 8, 7, 14, 0, 0, 0, 0, 3, 2, 6, 0, 0, 0, 6, 0, 0.6666666666666666], [0, 0, 0, 0.05884706974029541, 0, 0, 8, 13, 20, 0, 0, 0, 0, 10, 2, 2, 0, 0, 0, 12, 0, 0.6666666666666666], [0, 0, 0, 0.11630094051361084, 0, 0, 8, 3, 10, 0, 0, 0, 0, 1, 1, 2, 0, 0, 0, 2, 0, 0.6666666666666666], [0, 0, 0, 0.10891544818878174, 0, 0, 8, 3, 10, 0, 0, 0, 0, 1, 1, 5, 0, 0, 0, 2, 0, 0.5], [1, 0, 0, 0.3048027753829956, 0, 0, 8, 3, 10, 1, 0, 0, 0, 1, 1, 4, 0, 0, 0, 2, 0, 0.6666666666666666], [0, 0, 0, 0.42001742124557495, 0, 0, 8, 3, 10, 0, 0, 0, 0, 1, 1, 5, 0, 0, 0, 2, 0, 0.5], [0, 0, 0, 0.01774376630783081, 0, 0, 8, 6, 13, 0, 0, 0, 0, 4, 1, 5, 0, 0, 0, 5, 0, 0.6666666666666666], [0, 0, 1, 0.006907135248184204, 0, 0, 8, 13, 20, 0, 0, 1, 1, 1, 11, 5, 0, 0, 0, 12, 0, 0.5], [1, 0, 0, 0.7331689596176147, 0, 0, 8, 5, 12, 1, 0, 1, 0, 2, 2, 5, 0, 0, 0, 4, 0, 0.6666666666666666], [1, 0, 1, 0.05063605308532715, 1, 0, 8, 6, 13, 1, 0, 1, 1, 2, 3, 5, 0, 0, 0, 5, 1, 0.75], [0, 0, 1, 0.09348852932453156, 0, 0, 8, 6, 13, 0, 0, 1, 1, 3, 2, 3, 0, 0, 0, 5, 0, 0.6666666666666666], [0, 0, 0, 0.00270158052444458, 0, 0, 8, 13, 20, 0, 0, 0, 0, 11, 1, 1, 0, 0, 0, 12, 0, 0.2], [0, 0, 0, 0.015595287084579468, 0, 0, 8, 4, 11, 0, 0, 0, 0, 1, 2, 5, 0, 0, 0, 3, 0, 0.75], [1, 0, 0, 0.09176552295684814, 0, 0, 8, 13, 20, 1, 0, 1, 1, 9, 2, 2, 0, 0, 0, 12, 0, 0.5], [0, 0, 0, 0.0009886622428894043, 0, 0, 8, 13, 20, 0, 0, 0, 0, 11, 1, 1, 0, 0, 0, 12, 0, 0.25], [0, 0, 0, 0.24093052744865417, 0, 0, 8, 3, 10, 0, 0, 0, 0, 1, 1, 3, 0, 0, 0, 2, 0, 0.5], [0, 0, 0, 0.035819023847579956, 0, 0, 8, 4, 11, 0, 0, 0, 0, 1, 2, 4, 0, 0, 0, 3, 0, 0.5], [0, 0, 0, 0.03498086333274841, 0, 0, 8, 4, 11, 0, 0, 0, 0, 2, 1, 5, 0, 0, 0, 3, 0, 0.5], [1, 0, 1, 0.0, 1, 0, 8, 6, 13, 1, 0, 1, 1, 2, 3, 5, 0, 0, 0, 5, 1, 0.5], [0, 0, 0, 0.03818047046661377, 0, 0, 8, 13, 20, 0, 0, 0, 0, 5, 6, 4, 0, 0, 0, 12, 0, 0.875], [0, 0, 0, 0.02386653423309326, 0, 0, 8, 6, 13, 0, 0, 0, 0, 4, 1, 5, 0, 0, 0, 5, 0, 0.5], [0, 0, 0, 0.0014462769031524658, 0, 0, 8, 13, 20, 0, 0, 0, 0, 10, 2, 1, 0, 0, 0, 12, 0, 0.5], [1, 0, 1, 0.0006491541862487793, 1, 0, 8, 13, 20, 1, 0, 1, 1, 5, 5, 2, 0, 0, 0, 12, 0, 0.6666666666666666], [1, 0, 0, 0.13365405797958374, 1, 0, 8, 4, 11, 1, 0, 0, 0, 2, 1, 6, 0, 0, 0, 3, 1, 0.5], [1, 0, 1, 0.04575836658477783, 1, 0, 8, 13, 20, 1, 0, 1, 1, 2, 9, 6, 0, 0, 0, 12, 1, 0.75], [0, 0, 0, 0.07876616716384888, 0, 0, 8, 3, 10, 0, 0, 0, 0, 1, 1, 4, 0, 0, 0, 2, 0, 0.6666666666666666], [0, 0, 0, 0.1815151572227478, 0, 0, 8, 3, 10, 0, 0, 0, 0, 1, 1, 5, 0, 0, 0, 2, 0, 0.5], [0, 0, 0, 0.06475919485092163, 0, 0, 8, 13, 20, 0, 0, 0, 0, 9, 3, 1, 0, 0, 0, 12, 0, 0.5], [1, 0, 1, 0.0, 0, 1, 4, 3, 6, 1, 0, 0, 0, 1, 1, 3, 0, 0, 0, 2, 0, 0.5], [1, 0, 1, 0.0, 0, 1, 6, 3, 8, 1, 0, 0, 0, 1, 1, 3, 0, 0, 0, 2, 1, 0.75], [1, 0, 1, 0.0670856237411499, 1, 0, 8, 4, 11, 1, 1, 1, 1, 2, 1, 6, 0, 0, 0, 3, 1, 0.6666666666666666], [1, 0, 0, 0.15903353691101074, 0, 0, 8, 5, 12, 1, 0, 0, 0, 1, 3, 4, 0, 0, 0, 4, 0, 0.6666666666666666], [0, 0, 0, 0.022968322038650513, 0, 0, 7, 3, 9, 0, 0, 0, 0, 1, 1, 5, 0, 0, 0, 2, 0, 0.75], [0, 0, 0, 0.07176452875137329, 0, 0, 8, 3, 10, 0, 0, 0, 0, 1, 1, 4, 0, 0, 0, 2, 0, 0.5], [1, 0, 0, 0.03361940383911133, 1, 0, 8, 13, 20, 1, 0, 1, 1, 5, 3, 2, 0, 0, 0, 12, 1, 0.5714285714285714], [0, 0, 0, 0.08040356636047363, 0, 0, 8, 4, 11, 0, 0, 0, 0, 2, 1, 3, 0, 0, 0, 3, 0, 0.75], [0, 0, 0, 0.3441641628742218, 0, 0, 8, 3, 10, 0, 0, 0, 0, 1, 1, 3, 0, 0, 0, 2, 0, 0.5], [0, 0, 0, 0.11470353603363037, 0, 0, 8, 4, 11, 0, 0, 0, 0, 2, 1, 4, 0, 0, 0, 3, 0, 0.6666666666666666], [0, 0, 0, 0.1746334433555603, 0, 0, 8, 3, 10, 0, 0, 0, 0, 1, 1, 5, 0, 0, 0, 2, 0, 0.6666666666666666], [0, 0, 0, 0.043863266706466675, 0, 0, 8, 4, 11, 0, 0, 1, 0, 2, 1, 3, 0, 0, 0, 3, 0, 0.5], [0, 0, 0, 0.16173815727233887, 0, 0, 8, 3, 10, 0, 0, 0, 0, 1, 1, 4, 0, 0, 0, 2, 0, 0.6666666666666666], [0, 0, 0, 0.009642958641052246, 0, 0, 8, 5, 12, 0, 0, 0, 0, 3, 1, 5, 0, 0, 0, 4, 0, 0.5], [0, 0, 0, 0.0, 0, 0, 4, 4, 7, 0, 0, 0, 0, 2, 1, 2, 0, 0, 0, 3, 0, 0.6666666666666666], [0, 0, 0, 0.23436954617500305, 0, 0, 8, 3, 10, 0, 0, 0, 0, 1, 1, 4, 0, 0, 0, 2, 0, 0.75], [0, 0, 0, 0.0, 0, 0, 4, 3, 6, 0, 0, 0, 0, 1, 1, 3, 0, 0, 0, 2, 0, 0.5], [0, 0, 0, 0.061374515295028687, 0, 0, 8, 5, 12, 0, 0, 0, 0, 3, 1, 4, 0, 0, 0, 4, 0, 0.6666666666666666], [0, 0, 0, 0.06418824195861816, 0, 0, 8, 13, 20, 0, 0, 0, 0, 11, 1, 3, 0, 0, 0, 12, 0, 0.6666666666666666], [1, 0, 0, 0.008428871631622314, 0, 0, 3, 9, 11, 1, 0, 1, 0, 3, 4, 1, 0, 0, 0, 8, 0, 0.6666666666666666], [0, 0, 0, 0.02076205611228943, 0, 0, 8, 3, 10, 0, 0, 0, 0, 1, 1, 6, 0, 0, 0, 2, 0, 0.5], [1, 0, 0, 0.0008795261383056641, 0, 0, 8, 12, 19, 1, 0, 0, 0, 2, 9, 3, 0, 0, 0, 11, 0, 0.8333333333333334], [0, 0, 0, 0.004007101058959961, 0, 1, 8, 8, 15, 0, 0, 0, 0, 3, 4, 5, 0, 0, 0, 7, 0, 0.75], [0, 0, 0, 0.00103074312210083, 0, 0, 8, 4, 11, 0, 0, 0, 0, 2, 1, 1, 0, 0, 0, 3, 0, 0.5], [1, 0, 0, 0.0, 1, 0, 7, 4, 10, 1, 0, 1, 0, 2, 1, 5, 0, 0, 0, 3, 1, 0.75], [0, 0, 0, 0.08151555061340332, 0, 0, 8, 13, 20, 0, 0, 0, 0, 11, 1, 3, 0, 0, 0, 12, 0, 0.5], [1, 0, 0, 0.04620128870010376, 0, 0, 8, 7, 14, 1, 0, 0, 0, 4, 2, 6, 0, 0, 0, 6, 0, 0.6666666666666666], [1, 0, 0, 0.013218402862548828, 0, 0, 8, 13, 20, 1, 0, 0, 0, 10, 2, 2, 0, 0, 0, 12, 0, 0.5], [0, 0, 0, 0.1988414227962494, 0, 0, 8, 5, 12, 0, 0, 0, 0, 2, 2, 3, 0, 0, 0, 4, 0, 0.5], [0, 0, 0, 0.01140594482421875, 0, 0, 8, 4, 11, 0, 0, 0, 0, 2, 1, 6, 0, 0, 0, 3, 0, 0.75], [1, 0, 0, 0.014844536781311035, 0, 0, 8, 3, 10, 1, 0, 0, 0, 1, 1, 5, 0, 0, 0, 2, 0, 0.5], [0, 0, 0, 0.009567230939865112, 0, 0, 8, 3, 10, 0, 0, 0, 0, 1, 1, 4, 0, 0, 0, 2, 0, 0.75], [1, 0, 0, 0.00998830795288086, 0, 0, 8, 9, 16, 1, 0, 0, 0, 6, 2, 4, 0, 0, 0, 8, 0, 0.5], [0, 0, 0, 0.22899368405342102, 0, 0, 8, 4, 11, 0, 0, 0, 0, 1, 2, 2, 0, 0, 0, 3, 0, 0.75], [1, 0, 1, 0.09048956632614136, 1, 0, 8, 7, 14, 1, 0, 1, 1, 3, 3, 4, 0, 0, 0, 6, 1, 0.75], [0, 0, 0, 0.006910830736160278, 0, 0, 8, 13, 20, 0, 0, 0, 0, 11, 1, 4, 0, 0, 0, 12, 0, 0.6666666666666666], [0, 0, 0, 0.03416043519973755, 0, 0, 8, 3, 10, 0, 0, 0, 0, 1, 1, 4, 0, 0, 0, 2, 0, 0.8], [1, 0, 1, 0.11590886116027832, 1, 0, 8, 13, 20, 1, 0, 1, 1, 3, 9, 5, 0, 0, 0, 12, 0, 0.6], [0, 0, 0, 0.2221391499042511, 0, 0, 8, 3, 10, 0, 0, 0, 0, 1, 1, 2, 0, 0, 0, 2, 0, 0.5], [0, 0, 0, 0.07733398675918579, 0, 0, 8, 7, 14, 0, 0, 0, 0, 5, 1, 5, 0, 0, 0, 6, 0, 0.7272727272727273], [0, 0, 0, 0.0027927160263061523, 0, 0, 8, 9, 16, 0, 0, 0, 0, 7, 1, 3, 0, 0, 0, 8, 0, 0.6666666666666666], [1, 0, 0, 0.0, 1, 0, 8, 7, 14, 1, 0, 1, 0, 3, 2, 3, 0, 0, 0, 6, 1, 0.5], [1, 0, 0, 0.004244983196258545, 0, 0, 8, 12, 19, 1, 0, 0, 0, 2, 9, 4, 0, 0, 0, 11, 0, 0.8333333333333334], [1, 0, 1, 0.04575836658477783, 1, 0, 8, 13, 20, 1, 0, 1, 1, 2, 9, 6, 0, 0, 0, 12, 1, 0.75], [1, 0, 0, 0.12933307886123657, 0, 0, 8, 4, 11, 1, 0, 0, 0, 2, 1, 6, 0, 0, 0, 3, 0, 0.75], [1, 0, 0, 0.024433374404907227, 0, 0, 7, 10, 16, 1, 0, 1, 0, 4, 4, 4, 0, 0, 0, 9, 0, 0.75], [0, 0, 0, 0.0, 0, 0, 8, 7, 14, 0, 0, 0, 0, 4, 2, 2, 0, 0, 0, 6, 0, 0.5], [0, 0, 0, 0.010959327220916748, 0, 0, 8, 13, 20, 0, 0, 0, 0, 9, 2, 3, 0, 0, 0, 12, 0, 0.5], [1, 0, 0, 0.005897700786590576, 0, 0, 8, 3, 10, 1, 0, 0, 0, 1, 1, 4, 0, 0, 0, 2, 0, 0.8333333333333334], [0, 0, 0, 0.17766296863555908, 0, 0, 8, 3, 10, 0, 0, 0, 0, 1, 1, 5, 0, 0, 0, 2, 0, 0.75], [0, 0, 0, 0.3071255087852478, 0, 0, 8, 3, 10, 0, 0, 0, 0, 1, 1, 3, 0, 0, 0, 2, 0, 0.5], [1, 0, 1, 0.007098674774169922, 1, 0, 8, 9, 16, 1, 0, 1, 1, 4, 4, 2, 0, 0, 0, 8, 1, 0.875], [0, 0, 0, 0.04088976979255676, 0, 0, 8, 3, 10, 0, 0, 0, 0, 1, 1, 4, 0, 0, 0, 2, 0, 0.5], [0, 0, 1, 0.006907135248184204, 0, 0, 8, 13, 20, 0, 0, 1, 1, 2, 10, 5, 0, 0, 0, 12, 0, 0.5], [1, 0, 0, 0.06577008962631226, 0, 0, 7, 3, 9, 1, 0, 0, 0, 1, 1, 5, 0, 0, 0, 2, 0, 0.8333333333333334], [0, 0, 0, 0.01329377293586731, 0, 0, 8, 3, 10, 0, 0, 0, 0, 1, 1, 4, 0, 0, 0, 2, 0, 0.75], [1, 0, 1, 0.0, 1, 0, 5, 13, 17, 1, 0, 1, 1, 3, 9, 4, 0, 0, 0, 12, 1, 0.75], [0, 0, 0, 0.09040302038192749, 0, 0, 8, 7, 14, 0, 0, 0, 0, 5, 1, 5, 0, 0, 0, 6, 0, 0.5], [1, 0, 1, 0.008415937423706055, 1, 0, 7, 13, 19, 1, 0, 1, 1, 4, 8, 6, 0, 0, 0, 12, 1, 0.8333333333333334], [0, 0, 0, 0.00807797908782959, 0, 0, 8, 4, 11, 0, 0, 0, 0, 2, 1, 5, 0, 0, 0, 3, 0, 0.5], [0, 0, 0, 0.09799110889434814, 0, 0, 8, 6, 13, 0, 0, 0, 0, 3, 2, 5, 0, 0, 0, 5, 0, 0.5], [0, 0, 0, 0.5342764854431152, 0, 0, 8, 5, 12, 0, 0, 0, 0, 1, 3, 2, 0, 0, 0, 4, 0, 0.75], [0, 0, 0, 0.06164276599884033, 0, 0, 8, 3, 10, 0, 0, 0, 0, 1, 1, 4, 0, 0, 0, 2, 0, 0.6666666666666666], [0, 0, 0, 0.0404890775680542, 0, 0, 8, 13, 20, 0, 0, 0, 0, 9, 2, 1, 0, 0, 0, 12, 0, 0.5], [1, 0, 0, 0.0566367506980896, 0, 0, 8, 3, 10, 1, 0, 0, 0, 1, 1, 6, 0, 0, 0, 2, 0, 0.75], [0, 0, 0, 0.08003470301628113, 0, 0, 8, 9, 16, 0, 0, 0, 0, 7, 1, 1, 0, 0, 0, 8, 0, 0.07407407407407407], [0, 0, 0, 0.01621386408805847, 0, 0, 8, 8, 15, 0, 0, 0, 0, 6, 1, 6, 0, 0, 0, 7, 0, 0.6666666666666666], [0, 0, 0, 0.11446952819824219, 0, 0, 8, 3, 10, 0, 0, 0, 0, 1, 1, 1, 0, 0, 0, 2, 0, 0.5], [1, 0, 0, 0.15993189811706543, 0, 0, 8, 6, 13, 1, 1, 1, 0, 4, 1, 3, 0, 0, 0, 5, 0, 0.8333333333333334], [1, 0, 0, 0.09025049209594727, 1, 0, 8, 5, 12, 1, 0, 1, 0, 2, 2, 4, 0, 0, 0, 4, 0, 0.625], [0, 0, 0, 0.026751399040222168, 0, 0, 8, 5, 12, 0, 0, 0, 0, 3, 1, 3, 0, 0, 0, 4, 0, 0.5], [1, 0, 1, 0.0814523696899414, 1, 0, 8, 13, 20, 1, 0, 1, 1, 5, 6, 5, 0, 0, 0, 12, 1, 0.75], [0, 0, 0, 0.012019455432891846, 0, 0, 8, 13, 20, 0, 0, 1, 0, 10, 2, 1, 0, 0, 0, 12, 0, 0.3333333333333333], [0, 0, 0, 0.021728992462158203, 0, 0, 8, 13, 20, 0, 0, 0, 0, 6, 4, 2, 0, 0, 0, 12, 0, 0.8], [0, 0, 0, 0.012087702751159668, 0, 0, 8, 3, 10, 0, 0, 0, 0, 1, 1, 3, 0, 0, 0, 2, 0, 0.6666666666666666], [1, 0, 1, 0.08592823147773743, 0, 0, 8, 5, 12, 1, 0, 1, 1, 3, 1, 2, 0, 0, 0, 4, 0, 0.5], [1, 0, 0, 0.0, 1, 0, 4, 4, 7, 1, 0, 1, 0, 2, 1, 3, 0, 0, 0, 3, 1, 0.5], [0, 0, 0, 0.10539305210113525, 0, 0, 8, 9, 16, 0, 0, 0, 0, 6, 2, 2, 0, 0, 0, 8, 0, 0.5], [1, 0, 1, 0.024395465850830078, 1, 0, 8, 13, 20, 1, 0, 1, 1, 4, 6, 2, 0, 0, 0, 12, 1, 0.5714285714285714], [0, 0, 0, 0.03117084503173828, 0, 0, 8, 4, 11, 0, 0, 0, 0, 2, 1, 2, 0, 0, 0, 3, 0, 0.5], [0, 0, 0, 0.02150055766105652, 0, 0, 8, 5, 12, 0, 0, 1, 0, 2, 2, 4, 0, 0, 0, 4, 0, 0.75], [1, 0, 0, 0.006439566612243652, 0, 0, 8, 13, 20, 1, 0, 1, 0, 5, 6, 2, 0, 0, 0, 12, 0, 0.5], [0, 0, 0, 0.012551188468933105, 0, 0, 8, 5, 12, 0, 0, 1, 0, 2, 2, 6, 0, 0, 0, 4, 0, 0.8461538461538461], [0, 0, 0, 0.03416043519973755, 0, 0, 8, 4, 11, 0, 0, 0, 0, 1, 2, 4, 0, 0, 0, 3, 0, 0.8], [0, 0, 0, 0.031135573983192444, 0, 0, 8, 3, 10, 0, 0, 0, 0, 1, 1, 5, 0, 0, 0, 2, 0, 0.8], [1, 0, 0, 0.004027843475341797, 0, 0, 7, 6, 12, 1, 0, 0, 0, 3, 2, 4, 0, 0, 0, 5, 0, 0.6666666666666666], [1, 0, 0, 0.04202759265899658, 0, 0, 8, 3, 10, 1, 0, 0, 0, 1, 1, 5, 0, 0, 0, 2, 0, 0.75], [0, 0, 0, 0.209300696849823, 0, 0, 8, 3, 10, 0, 0, 0, 0, 1, 1, 4, 0, 0, 0, 2, 0, 0.6666666666666666], [0, 0, 0, 0.000471651554107666, 0, 0, 8, 13, 20, 0, 0, 1, 0, 8, 3, 2, 0, 0, 0, 12, 0, 0.5], [0, 0, 0, 0.02957749366760254, 0, 0, 8, 3, 10, 0, 0, 0, 0, 1, 1, 3, 0, 0, 0, 2, 0, 0.5], [0, 0, 0, 0.0760793685913086, 0, 0, 8, 13, 20, 0, 0, 0, 0, 11, 1, 3, 0, 0, 0, 12, 0, 0.5], [0, 0, 0, 0.0, 0, 0, 8, 5, 12, 0, 0, 0, 0, 1, 3, 5, 0, 0, 0, 4, 0, 0.6666666666666666], [1, 0, 0, 0.007638871669769287, 0, 0, 5, 13, 17, 1, 0, 1, 0, 3, 8, 3, 0, 0, 0, 12, 0, 0.875], [0, 0, 0, 0.026690244674682617, 0, 0, 8, 13, 20, 0, 0, 0, 0, 11, 1, 3, 0, 0, 0, 12, 0, 0.5], [1, 0, 0, 0.029520094394683838, 0, 0, 4, 7, 10, 1, 0, 1, 0, 4, 2, 3, 0, 0, 0, 6, 0, 0.6666666666666666], [1, 0, 1, 0.007347762584686279, 0, 0, 5, 6, 10, 1, 0, 1, 1, 4, 1, 3, 0, 0, 0, 5, 0, 0.6666666666666666], [0, 0, 0, 0.044417113065719604, 0, 0, 8, 3, 10, 0, 0, 0, 0, 1, 1, 1, 0, 0, 0, 2, 0, 0.1], [1, 0, 1, 0.017019689083099365, 1, 0, 8, 13, 20, 1, 0, 1, 1, 3, 8, 2, 0, 0, 0, 12, 1, 0.5], [0, 0, 1, 0.09767511487007141, 0, 0, 8, 13, 20, 0, 0, 1, 1, 7, 4, 3, 0, 0, 0, 12, 0, 0.5], [0, 0, 0, 0.039136648178100586, 0, 0, 4, 4, 7, 0, 0, 0, 0, 1, 2, 2, 0, 0, 0, 3, 0, 0.8333333333333334], [0, 0, 0, 0.03838866949081421, 0, 0, 8, 3, 10, 0, 0, 0, 0, 1, 1, 4, 0, 0, 0, 2, 0, 0.6666666666666666], [0, 0, 0, 0.0, 0, 0, 8, 13, 20, 0, 0, 0, 0, 11, 1, 3, 0, 0, 0, 12, 0, 0.5], [0, 0, 1, 0.09767511487007141, 0, 0, 8, 13, 20, 0, 0, 1, 1, 7, 4, 3, 0, 0, 0, 12, 0, 0.5], [0, 0, 0, 0.09538823366165161, 0, 0, 8, 3, 10, 0, 0, 0, 0, 1, 1, 4, 0, 0, 0, 2, 0, 0.8333333333333334], [0, 0, 0, 0.030321449041366577, 0, 0, 8, 4, 11, 0, 0, 0, 0, 2, 1, 4, 0, 0, 0, 3, 0, 0.6666666666666666], [0, 0, 0, 0.08527106046676636, 0, 0, 8, 4, 11, 0, 0, 0, 0, 2, 1, 2, 0, 0, 0, 3, 0, 0.14285714285714285], [0, 0, 0, 0.0, 0, 0, 5, 8, 12, 0, 0, 1, 0, 3, 3, 4, 0, 0, 0, 7, 0, 0.5], [1, 0, 1, 0.052299320697784424, 1, 0, 8, 13, 20, 1, 0, 1, 0, 9, 2, 1, 0, 0, 0, 12, 0, 0.5], [0, 0, 1, 0.0362820029258728, 0, 0, 7, 4, 10, 0, 0, 1, 1, 2, 1, 4, 0, 0, 0, 3, 0, 0.7272727272727273], [0, 0, 0, 0.06393390893936157, 0, 0, 8, 4, 11, 0, 0, 0, 0, 2, 1, 4, 0, 0, 0, 3, 0, 0.6], [1, 0, 0, 0.09940683841705322, 0, 0, 8, 7, 14, 1, 0, 1, 0, 5, 1, 5, 0, 0, 0, 6, 1, 0.6666666666666666], [1, 0, 0, 0.10663312673568726, 0, 0, 8, 11, 18, 1, 1, 1, 1, 6, 2, 4, 0, 0, 0, 10, 1, 0.6], [0, 0, 0, 0.10968029499053955, 0, 0, 8, 11, 18, 0, 0, 1, 0, 6, 3, 5, 0, 0, 0, 10, 0, 0.8666666666666667], [0, 0, 0, 0.3325080871582031, 0, 0, 8, 3, 10, 0, 0, 0, 0, 1, 1, 2, 0, 0, 0, 2, 0, 0.75], [1, 0, 1, 0.04124802350997925, 0, 1, 8, 12, 19, 1, 0, 1, 1, 5, 5, 4, 0, 0, 0, 11, 1, 0.8], [0, 0, 0, 0.07948184013366699, 0, 0, 8, 5, 12, 0, 0, 0, 0, 3, 1, 5, 0, 0, 0, 4, 0, 0.5], [1, 0, 1, 0.06619065999984741, 0, 0, 8, 13, 20, 1, 0, 1, 1, 3, 6, 4, 0, 0, 0, 12, 1, 0.8333333333333334], [0, 0, 0, 0.006127119064331055, 0, 0, 8, 4, 11, 0, 0, 0, 0, 2, 1, 2, 0, 0, 0, 3, 0, 0.5], [0, 0, 0, 0.19470220804214478, 0, 0, 8, 3, 10, 0, 0, 0, 0, 1, 1, 6, 0, 0, 0, 2, 0, 0.75], [0, 0, 0, 0.055129945278167725, 0, 0, 8, 3, 10, 0, 0, 0, 0, 1, 1, 5, 0, 0, 0, 2, 0, 0.75], [0, 0, 0, 0.1531987190246582, 0, 0, 8, 3, 10, 0, 0, 0, 0, 1, 1, 5, 0, 0, 0, 2, 0, 0.5], [0, 0, 0, 0.3517683744430542, 0, 0, 8, 3, 10, 0, 0, 0, 0, 1, 1, 4, 0, 0, 0, 2, 0, 0.5], [1, 0, 1, 0.0, 1, 1, 6, 3, 8, 1, 0, 0, 0, 1, 1, 4, 0, 0, 0, 2, 1, 0.5], [0, 0, 0, 0.01776754856109619, 0, 0, 8, 13, 20, 0, 0, 0, 0, 9, 2, 3, 0, 0, 0, 12, 0, 0.5], [0, 0, 0, 0.11817759275436401, 0, 0, 8, 3, 10, 0, 0, 0, 0, 1, 1, 5, 0, 0, 0, 2, 0, 0.6666666666666666], [0, 0, 0, 0.009506762027740479, 0, 0, 8, 5, 12, 0, 0, 0, 0, 1, 3, 7, 0, 0, 0, 4, 0, 0.5], [0, 0, 0, 0.10906744003295898, 0, 0, 8, 13, 20, 0, 0, 0, 0, 10, 2, 2, 0, 0, 0, 12, 0, 0.5], [1, 0, 0, 0.004051089286804199, 1, 0, 8, 13, 20, 1, 0, 1, 1, 9, 3, 2, 0, 0, 0, 12, 1, 0.5], [1, 0, 0, 0.17481178045272827, 0, 1, 8, 4, 11, 1, 0, 0, 0, 1, 2, 4, 0, 0, 0, 3, 0, 0.6666666666666666], [1, 0, 0, 0.015855789184570312, 0, 0, 8, 5, 12, 1, 0, 1, 0, 3, 1, 1, 0, 0, 0, 4, 1, 0.5], [0, 0, 0, 0.0057239532470703125, 0, 0, 8, 13, 20, 0, 0, 1, 0, 9, 2, 1, 0, 0, 0, 12, 0, 0.18181818181818182], [0, 0, 0, 0.008794546127319336, 0, 0, 8, 4, 11, 0, 0, 0, 0, 2, 1, 1, 0, 0, 0, 3, 0, 0.07407407407407407], [0, 0, 0, 0.1960461139678955, 0, 0, 7, 5, 11, 0, 0, 0, 0, 3, 1, 6, 0, 0, 0, 4, 0, 0.6666666666666666], [0, 0, 0, 0.0057007670402526855, 0, 0, 8, 6, 13, 0, 1, 0, 0, 3, 2, 2, 0, 0, 0, 5, 0, 0.875], [0, 0, 0, 0.03173106908798218, 0, 0, 8, 3, 10, 0, 0, 0, 0, 1, 1, 3, 0, 0, 0, 2, 0, 0.5], [1, 0, 1, 0.011996269226074219, 1, 0, 5, 9, 13, 1, 0, 1, 1, 2, 6, 3, 0, 0, 0, 8, 1, 0.6923076923076923], [1, 0, 0, 0.11817759275436401, 0, 0, 8, 3, 10, 1, 0, 0, 0, 1, 1, 5, 0, 0, 0, 2, 0, 0.6666666666666666], [1, 0, 0, 0.00350034236907959, 0, 0, 8, 13, 20, 1, 0, 1, 1, 7, 3, 3, 0, 0, 0, 12, 0, 0.8], [1, 0, 0, 0.0, 0, 0, 6, 3, 8, 1, 0, 0, 0, 1, 1, 4, 0, 0, 0, 2, 0, 0.5], [0, 0, 0, 0.23628079891204834, 0, 0, 8, 3, 10, 0, 0, 0, 0, 1, 1, 3, 0, 0, 0, 2, 0, 0.5], [0, 0, 0, 0.08269014954566956, 0, 0, 8, 3, 10, 0, 0, 0, 0, 1, 1, 4, 0, 0, 0, 2, 0, 0.6666666666666666], [0, 0, 0, 0.034339338541030884, 0, 0, 8, 4, 11, 0, 0, 0, 0, 2, 1, 3, 0, 0, 0, 3, 0, 0.5], [1, 0, 1, 0.05338001251220703, 0, 0, 8, 4, 11, 1, 0, 1, 1, 2, 1, 2, 0, 0, 0, 3, 0, 0.6111111111111112], [0, 0, 0, 0.002074122428894043, 0, 0, 8, 3, 10, 0, 0, 0, 0, 1, 1, 2, 0, 0, 0, 2, 0, 0.5], [0, 0, 0, 0.03963080048561096, 0, 0, 8, 4, 11, 0, 0, 0, 0, 2, 1, 4, 0, 0, 0, 3, 0, 0.5], [1, 0, 1, 0.009830474853515625, 0, 1, 7, 3, 9, 1, 1, 0, 0, 1, 1, 6, 0, 0, 0, 2, 0, 0.5], [0, 0, 0, 0.03457927703857422, 0, 0, 8, 3, 10, 0, 0, 0, 0, 1, 1, 5, 0, 0, 0, 2, 0, 0.75], [0, 0, 0, 0.10377329587936401, 0, 0, 8, 10, 17, 0, 0, 0, 0, 8, 1, 1, 0, 0, 0, 9, 0, 0.5], [0, 0, 0, 0.19470220804214478, 0, 0, 8, 3, 10, 0, 0, 0, 0, 1, 1, 6, 0, 0, 0, 2, 0, 0.75], [1, 0, 0, 0.03489953279495239, 0, 0, 6, 3, 8, 1, 0, 0, 0, 1, 1, 4, 0, 0, 0, 2, 0, 0.875], [1, 0, 1, 0.23163503408432007, 0, 0, 8, 10, 17, 1, 0, 1, 0, 6, 2, 2, 0, 0, 0, 9, 0, 0.8333333333333334], [1, 0, 0, 0.008472710847854614, 0, 0, 8, 13, 20, 1, 0, 0, 0, 10, 2, 2, 0, 0, 0, 12, 0, 0.5], [0, 0, 1, 0.01232236623764038, 0, 0, 8, 13, 20, 0, 0, 1, 1, 11, 1, 4, 0, 0, 0, 12, 0, 0.6666666666666666], [0, 0, 0, 0.06585884094238281, 0, 0, 8, 13, 20, 0, 0, 0, 0, 9, 3, 3, 0, 0, 0, 12, 0, 0.6666666666666666], [1, 0, 0, 0.42031532526016235, 1, 0, 8, 9, 16, 1, 0, 1, 1, 5, 2, 4, 0, 0, 0, 8, 0, 0.6666666666666666], [0, 0, 0, 0.007139414548873901, 0, 0, 8, 6, 13, 0, 0, 0, 0, 4, 1, 4, 0, 0, 0, 5, 0, 0.75], [1, 0, 1, 0.04146701097488403, 1, 0, 8, 13, 20, 1, 0, 1, 1, 6, 4, 6, 0, 0, 0, 12, 1, 0.5], [1, 0, 0, 0.03055518865585327, 0, 1, 8, 6, 13, 1, 0, 1, 0, 2, 2, 3, 0, 0, 0, 5, 1, 0.875], [0, 0, 0, 0.11488977074623108, 0, 0, 8, 9, 16, 0, 0, 0, 0, 6, 2, 2, 0, 0, 0, 8, 0, 0.5], [0, 0, 0, 0.007725417613983154, 0, 0, 6, 3, 8, 0, 0, 0, 0, 1, 1, 5, 0, 0, 0, 2, 0, 0.5], [0, 0, 0, 0.1306382417678833, 0, 0, 8, 13, 20, 0, 0, 1, 0, 9, 2, 1, 0, 0, 0, 12, 0, 0.25], [1, 0, 0, 0.03361940383911133, 1, 0, 8, 13, 20, 1, 0, 1, 0, 7, 4, 2, 0, 0, 0, 12, 1, 0.5714285714285714], [0, 0, 0, 0.022339582443237305, 0, 0, 8, 13, 20, 0, 0, 0, 0, 10, 2, 1, 0, 0, 0, 12, 0, 0.18181818181818182], [1, 0, 0, 0.06577014923095703, 0, 0, 8, 3, 10, 1, 0, 0, 0, 1, 1, 6, 0, 0, 0, 2, 0, 0.8333333333333334], [1, 0, 0, 0.05668520927429199, 0, 0, 8, 4, 11, 1, 0, 0, 0, 2, 1, 6, 0, 0, 0, 3, 0, 0.5], [0, 0, 0, 0.11334419250488281, 0, 0, 8, 7, 14, 0, 0, 0, 0, 5, 1, 1, 0, 0, 0, 6, 0, 0.5], [0, 0, 0, 0.10623037815093994, 0, 0, 8, 7, 14, 0, 0, 0, 0, 3, 3, 5, 0, 0, 0, 6, 0, 0.5], [0, 0, 0, 0.021412760019302368, 0, 0, 8, 13, 20, 0, 0, 0, 0, 11, 1, 5, 0, 0, 0, 12, 0, 0.6666666666666666], [0, 0, 0, 0.1722041368484497, 0, 0, 8, 3, 10, 0, 0, 0, 0, 1, 1, 6, 0, 0, 0, 2, 0, 0.6666666666666666], [1, 0, 1, 0.008415937423706055, 1, 0, 7, 13, 19, 1, 0, 1, 1, 4, 6, 6, 0, 0, 0, 12, 1, 0.8333333333333334], [0, 0, 0, 0.1807948350906372, 0, 0, 8, 3, 10, 0, 0, 0, 0, 1, 1, 4, 0, 0, 0, 2, 0, 0.6666666666666666], [0, 0, 0, 0.0795329213142395, 0, 0, 8, 7, 14, 0, 0, 0, 0, 5, 1, 3, 0, 0, 0, 6, 0, 0.5], [1, 0, 1, 0.12659341096878052, 0, 0, 8, 4, 11, 1, 0, 1, 1, 2, 1, 4, 0, 0, 0, 3, 0, 0.6666666666666666], [1, 0, 1, 0.030914664268493652, 1, 0, 8, 4, 11, 1, 0, 1, 1, 2, 1, 1, 0, 0, 0, 3, 1, 0.875], [0, 0, 0, 0.024018436670303345, 0, 0, 8, 9, 16, 0, 0, 0, 0, 7, 1, 5, 0, 0, 0, 8, 0, 0.6666666666666666], [1, 0, 0, 0.09578955173492432, 0, 0, 8, 3, 10, 1, 0, 0, 0, 1, 1, 2, 0, 0, 0, 2, 0, 0.3333333333333333], [1, 0, 1, 0.007472038269042969, 0, 1, 8, 3, 10, 1, 0, 0, 0, 1, 1, 6, 0, 0, 0, 2, 0, 0.5], [0, 0, 0, 0.0663527250289917, 0, 0, 8, 13, 20, 0, 0, 0, 0, 10, 2, 3, 0, 0, 0, 12, 0, 0.6666666666666666], [1, 0, 0, 0.0, 0, 0, 8, 3, 10, 1, 0, 0, 0, 1, 1, 3, 0, 0, 0, 2, 0, 0.5], [0, 0, 0, 0.026262611150741577, 0, 0, 8, 13, 20, 0, 0, 0, 0, 9, 2, 4, 0, 0, 0, 12, 0, 0.6666666666666666], [1, 0, 1, 0.6517983078956604, 1, 1, 8, 7, 14, 1, 0, 1, 1, 2, 3, 5, 0, 0, 0, 6, 0, 0.6666666666666666], [0, 0, 0, 0.4139764904975891, 0, 0, 8, 3, 10, 0, 0, 0, 0, 1, 1, 4, 0, 0, 0, 2, 0, 0.6666666666666666], [1, 0, 0, 0.031728386878967285, 0, 0, 8, 13, 20, 1, 0, 0, 0, 9, 3, 4, 0, 0, 0, 12, 0, 0.5], [0, 0, 0, 0.004638791084289551, 0, 0, 8, 3, 10, 0, 0, 0, 0, 1, 1, 3, 0, 0, 0, 2, 0, 0.3333333333333333], [1, 0, 1, 0.03822046518325806, 1, 0, 8, 13, 20, 1, 0, 1, 1, 5, 7, 4, 0, 0, 0, 12, 1, 0.875], [0, 0, 0, 0.11438184976577759, 0, 0, 8, 3, 10, 0, 0, 0, 0, 1, 1, 4, 0, 0, 0, 2, 0, 0.75], [1, 0, 1, 0.0, 1, 1, 2, 13, 14, 1, 0, 1, 1, 2, 7, 1, 0, 0, 0, 12, 1, 0.6666666666666666], [0, 0, 0, 0.13859349489212036, 0, 0, 8, 4, 11, 0, 0, 0, 0, 2, 1, 2, 0, 0, 0, 3, 0, 0.875], [0, 0, 0, 0.026030540466308594, 0, 0, 8, 10, 17, 0, 0, 0, 0, 5, 3, 1, 0, 0, 0, 9, 0, 0.875], [0, 0, 0, 0.07210439443588257, 0, 0, 8, 4, 11, 0, 0, 0, 0, 1, 2, 6, 0, 0, 0, 3, 0, 0.5], [0, 0, 0, 0.02975594997406006, 0, 0, 8, 13, 20, 0, 0, 0, 0, 5, 4, 2, 0, 0, 0, 12, 0, 0.8], [1, 0, 0, 0.12379229068756104, 0, 0, 8, 3, 10, 1, 0, 0, 0, 1, 1, 5, 0, 0, 0, 2, 0, 0.8], [1, 0, 1, 0.0, 1, 0, 5, 13, 17, 1, 0, 1, 1, 3, 9, 4, 0, 0, 0, 12, 1, 0.75], [0, 0, 0, 0.0, 0, 0, 8, 3, 10, 0, 0, 0, 0, 1, 1, 5, 0, 0, 0, 2, 0, 0.6666666666666666], [0, 0, 0, 0.016994982957839966, 0, 0, 8, 13, 20, 0, 0, 0, 0, 10, 2, 1, 0, 0, 0, 12, 0, 0.5], [0, 0, 0, 0.04775583744049072, 0, 0, 8, 3, 10, 0, 0, 0, 0, 1, 1, 4, 0, 0, 0, 2, 0, 0.5], [0, 0, 0, 0.06196850538253784, 0, 0, 8, 3, 10, 0, 0, 0, 0, 1, 1, 4, 0, 0, 0, 2, 0, 0.5], [0, 0, 1, 0.02904266119003296, 0, 0, 8, 4, 11, 0, 0, 1, 1, 2, 1, 3, 0, 0, 0, 3, 0, 0.5], [1, 0, 0, 0.0007385015487670898, 0, 0, 8, 13, 20, 1, 0, 1, 0, 3, 7, 1, 0, 0, 0, 12, 0, 0.5714285714285714], [1, 0, 0, 0.06805884838104248, 0, 0, 8, 7, 14, 1, 0, 1, 0, 5, 1, 3, 0, 0, 0, 6, 0, 0.5], [0, 0, 0, 0.03770899772644043, 0, 0, 8, 3, 10, 0, 0, 0, 0, 1, 1, 5, 0, 0, 0, 2, 0, 0.6666666666666666], [0, 0, 0, 0.3064677119255066, 0, 0, 8, 5, 12, 0, 0, 0, 0, 3, 1, 4, 0, 0, 0, 4, 0, 0.5], [0, 0, 0, 0.0, 0, 0, 8, 13, 20, 0, 0, 0, 0, 11, 1, 2, 0, 0, 0, 12, 0, 0.5], [1, 0, 1, 0.0045549869537353516, 1, 0, 8, 11, 18, 1, 0, 1, 1, 7, 2, 2, 0, 0, 0, 10, 0, 0.5], [0, 0, 0, 0.10735052824020386, 0, 0, 8, 3, 10, 0, 0, 0, 0, 1, 1, 3, 0, 0, 0, 2, 0, 0.5], [0, 0, 0, 0.042159855365753174, 0, 0, 8, 7, 14, 0, 0, 0, 0, 4, 2, 7, 0, 0, 0, 6, 0, 0.5], [0, 0, 0, 0.01767045259475708, 0, 0, 8, 13, 20, 0, 0, 0, 0, 11, 1, 4, 0, 0, 0, 12, 0, 0.6666666666666666], [0, 0, 0, 0.005166053771972656, 0, 0, 8, 13, 20, 0, 0, 0, 0, 9, 2, 1, 0, 0, 0, 12, 0, 0.5], [1, 0, 0, 0.17456120252609253, 0, 0, 7, 3, 9, 1, 0, 0, 0, 1, 1, 5, 0, 0, 0, 2, 0, 0.75], [1, 0, 1, 0.002119690179824829, 1, 0, 8, 4, 11, 1, 0, 1, 1, 2, 1, 1, 0, 0, 0, 3, 1, 0.25], [1, 0, 0, 0.03561374545097351, 0, 0, 8, 13, 20, 1, 0, 1, 0, 11, 1, 3, 0, 0, 0, 12, 0, 0.5], [0, 0, 0, 0.12330061197280884, 0, 0, 8, 9, 16, 0, 0, 1, 0, 5, 2, 3, 0, 0, 0, 8, 0, 0.5], [0, 0, 0, 0.05940544605255127, 0, 0, 8, 13, 20, 0, 0, 0, 0, 9, 2, 2, 0, 0, 0, 12, 0, 0.6666666666666666], [0, 0, 0, 0.3248598575592041, 0, 0, 8, 3, 10, 0, 0, 0, 0, 1, 1, 4, 0, 0, 0, 2, 0, 0.6], [0, 0, 0, 0.1920202374458313, 0, 0, 8, 5, 12, 0, 0, 0, 0, 3, 1, 5, 0, 0, 0, 4, 0, 0.6666666666666666], [0, 0, 0, 0.006788790225982666, 0, 0, 8, 13, 20, 0, 0, 0, 0, 10, 2, 3, 0, 0, 0, 12, 0, 0.5], [0, 0, 0, 0.0005342066287994385, 0, 0, 8, 3, 10, 0, 0, 0, 0, 1, 1, 3, 0, 0, 0, 2, 0, 0.5], [0, 0, 0, 0.0, 0, 0, 8, 6, 13, 0, 0, 0, 0, 4, 1, 5, 0, 0, 0, 5, 0, 0.6666666666666666], [1, 0, 0, 0.10427272319793701, 0, 0, 6, 11, 16, 1, 0, 1, 0, 6, 2, 4, 0, 0, 0, 10, 0, 0.8333333333333334], [0, 0, 0, 0.04030567407608032, 0, 0, 8, 13, 20, 0, 0, 0, 0, 10, 2, 2, 0, 0, 0, 12, 0, 0.5], [0, 0, 0, 0.0019387602806091309, 0, 0, 8, 4, 11, 0, 0, 0, 0, 1, 2, 6, 0, 0, 0, 3, 0, 0.75], [0, 0, 0, 0.059540390968322754, 0, 0, 8, 4, 11, 0, 0, 0, 0, 2, 1, 5, 0, 0, 0, 3, 0, 0.5], [0, 0, 0, 0.006526246666908264, 0, 0, 8, 3, 10, 0, 0, 0, 0, 1, 1, 2, 0, 0, 0, 2, 0, 0.6], [0, 0, 0, 0.010862171649932861, 0, 0, 8, 13, 20, 0, 0, 0, 0, 10, 2, 1, 0, 0, 0, 12, 0, 0.5], [0, 0, 0, 0.03705152869224548, 0, 0, 8, 3, 10, 0, 0, 0, 0, 1, 1, 4, 0, 0, 0, 2, 0, 0.5], [0, 0, 0, 0.06342422962188721, 0, 0, 8, 3, 10, 0, 0, 0, 0, 1, 1, 3, 0, 0, 0, 2, 0, 0.6111111111111112], [0, 0, 0, 0.026036083698272705, 0, 0, 8, 13, 20, 0, 0, 0, 0, 11, 1, 4, 0, 0, 0, 12, 0, 0.5], [0, 0, 0, 0.0887087881565094, 0, 0, 8, 5, 12, 0, 0, 0, 0, 3, 1, 6, 0, 0, 0, 4, 0, 0.6666666666666666], [1, 0, 0, 0.011921107769012451, 0, 0, 8, 13, 20, 1, 0, 1, 0, 6, 3, 1, 0, 0, 0, 12, 1, 0.5], [1, 0, 0, 0.0019741058349609375, 0, 0, 6, 3, 8, 1, 0, 0, 0, 1, 1, 5, 0, 0, 0, 2, 0, 0.6666666666666666], [1, 0, 0, 0.04202759265899658, 0, 0, 8, 3, 10, 1, 0, 0, 0, 1, 1, 5, 0, 0, 0, 2, 0, 0.75], [0, 0, 0, 0.03292691707611084, 0, 0, 8, 7, 14, 0, 0, 0, 0, 4, 2, 5, 0, 0, 0, 6, 0, 0.75], [0, 0, 0, 0.13438308238983154, 0, 0, 8, 4, 11, 0, 0, 0, 0, 2, 1, 4, 0, 0, 0, 3, 0, 0.5], [0, 0, 0, 0.017632722854614258, 0, 0, 3, 6, 8, 0, 0, 0, 0, 3, 2, 2, 0, 0, 0, 5, 0, 0.6666666666666666], [1, 0, 0, 0.030553996562957764, 0, 0, 8, 4, 11, 1, 0, 0, 0, 2, 1, 3, 0, 0, 0, 3, 0, 0.5], [1, 0, 1, 0.31717294454574585, 1, 0, 6, 4, 9, 1, 0, 1, 1, 2, 1, 5, 0, 0, 0, 3, 1, 0.6666666666666666], [0, 0, 0, 0.021214008331298828, 0, 0, 8, 13, 20, 0, 0, 0, 0, 11, 1, 1, 0, 0, 0, 12, 0, 0.125], [1, 0, 1, 0.00197446346282959, 0, 1, 6, 3, 8, 1, 1, 0, 0, 1, 1, 5, 0, 0, 0, 2, 0, 0.6666666666666666], [0, 0, 0, 0.024368345737457275, 0, 0, 5, 8, 12, 0, 0, 1, 0, 3, 3, 4, 0, 0, 0, 7, 0, 0.5], [0, 0, 0, 0.17704594135284424, 0, 0, 8, 3, 10, 0, 0, 0, 0, 1, 1, 5, 0, 0, 0, 2, 0, 0.6666666666666666], [0, 0, 0, 0.12780654430389404, 0, 0, 8, 9, 16, 0, 0, 0, 0, 6, 2, 3, 0, 0, 0, 8, 0, 0.5], [1, 0, 1, 0.1417393982410431, 0, 0, 8, 4, 11, 1, 0, 1, 1, 2, 1, 3, 0, 0, 0, 3, 0, 0.6666666666666666], [0, 0, 0, 0.11810779571533203, 0, 0, 8, 13, 20, 0, 0, 0, 0, 6, 3, 4, 0, 0, 0, 12, 0, 0.8], [0, 0, 0, 0.30560147762298584, 0, 0, 8, 3, 10, 0, 0, 0, 0, 1, 1, 4, 0, 0, 0, 2, 0, 0.8], [0, 0, 0, 0.0, 0, 0, 8, 3, 10, 0, 0, 0, 0, 1, 1, 5, 0, 0, 0, 2, 0, 0.5], [0, 0, 0, 0.0067421793937683105, 0, 0, 8, 13, 20, 0, 0, 0, 0, 10, 2, 3, 0, 0, 0, 12, 0, 0.5714285714285714], [0, 0, 0, 0.005564332008361816, 0, 0, 8, 3, 10, 0, 0, 0, 0, 1, 1, 7, 0, 0, 0, 2, 0, 0.6666666666666666], [0, 0, 0, 0.03276169300079346, 0, 0, 8, 5, 12, 0, 0, 0, 0, 3, 1, 3, 0, 0, 0, 4, 0, 0.5], [1, 0, 0, 0.08014833927154541, 0, 0, 8, 12, 19, 1, 0, 1, 0, 10, 1, 1, 0, 0, 0, 11, 0, 0.5], [1, 0, 1, 0.042126476764678955, 0, 0, 8, 4, 11, 1, 0, 1, 0, 2, 1, 5, 0, 0, 0, 3, 0, 0.6666666666666666], [1, 0, 1, 0.0808592438697815, 1, 1, 8, 8, 15, 1, 0, 1, 1, 2, 4, 5, 0, 0, 0, 7, 1, 0.6666666666666666], [1, 0, 0, 0.02032291889190674, 0, 0, 3, 4, 6, 1, 0, 0, 0, 2, 1, 2, 0, 0, 0, 3, 0, 0.6666666666666666], [0, 0, 0, 0.06347644329071045, 0, 0, 8, 4, 11, 0, 0, 0, 0, 2, 1, 6, 0, 0, 0, 3, 0, 0.6666666666666666], [0, 0, 0, 0.19470226764678955, 0, 0, 8, 3, 10, 0, 0, 0, 0, 1, 1, 6, 0, 0, 0, 2, 0, 0.75], [0, 0, 0, 0.13080722093582153, 0, 0, 8, 13, 20, 0, 0, 0, 0, 10, 2, 2, 0, 0, 0, 12, 0, 0.5], [0, 0, 0, 0.12910312414169312, 0, 0, 8, 3, 10, 0, 0, 0, 0, 1, 1, 6, 0, 0, 0, 2, 0, 0.5], [0, 0, 0, 0.4559885859489441, 0, 0, 8, 3, 10, 0, 0, 0, 0, 1, 1, 3, 0, 0, 0, 2, 0, 0.5], [0, 0, 0, 0.024152398109436035, 0, 0, 8, 4, 11, 0, 0, 0, 0, 1, 2, 7, 0, 0, 0, 3, 0, 0.6666666666666666], [1, 0, 0, 0.03225672245025635, 0, 0, 8, 9, 16, 1, 0, 1, 0, 4, 3, 1, 0, 0, 0, 8, 0, 0.5714285714285714], [0, 0, 0, 0.0161135196685791, 0, 0, 8, 11, 18, 0, 0, 0, 0, 7, 3, 4, 0, 0, 0, 10, 0, 0.6666666666666666], [0, 0, 0, 0.0850180983543396, 0, 0, 8, 3, 10, 0, 1, 0, 0, 1, 1, 3, 0, 0, 0, 2, 0, 0.6], [0, 0, 0, 0.14186984300613403, 0, 0, 8, 3, 10, 0, 0, 0, 0, 1, 1, 4, 0, 0, 0, 2, 0, 0.5], [0, 0, 0, 0.17722362279891968, 0, 0, 8, 6, 13, 0, 0, 0, 0, 4, 1, 6, 0, 0, 0, 5, 0, 0.6666666666666666], [1, 0, 0, 0.08367258310317993, 1, 0, 8, 13, 20, 1, 0, 1, 0, 10, 2, 1, 0, 0, 0, 12, 1, 0.5], [0, 0, 0, 0.05560809373855591, 0, 0, 8, 3, 10, 0, 0, 0, 0, 1, 1, 5, 0, 0, 0, 2, 0, 0.5], [0, 0, 0, 0.0, 0, 0, 3, 5, 7, 0, 0, 0, 0, 3, 1, 2, 0, 0, 0, 4, 0, 0.5], [0, 0, 0, 0.03489947319030762, 0, 0, 6, 3, 8, 0, 0, 0, 0, 1, 1, 4, 0, 0, 0, 2, 0, 0.875], [1, 0, 1, 0.05028712749481201, 1, 0, 8, 7, 14, 1, 0, 1, 1, 3, 3, 4, 0, 0, 0, 6, 1, 0.8], [1, 0, 0, 0.07853490114212036, 0, 0, 7, 13, 19, 1, 0, 1, 0, 3, 7, 6, 0, 0, 0, 12, 0, 0.8333333333333334], [0, 0, 0, 0.017517507076263428, 0, 0, 8, 4, 11, 0, 0, 0, 0, 2, 1, 4, 0, 0, 0, 3, 0, 0.5], [1, 0, 1, 0.0947844386100769, 1, 0, 8, 5, 12, 1, 0, 1, 1, 2, 2, 6, 0, 0, 0, 4, 1, 0.8461538461538461], [0, 0, 0, 0.17986202239990234, 0, 0, 8, 3, 10, 0, 0, 0, 0, 1, 1, 3, 0, 0, 0, 2, 0, 0.5], [1, 0, 1, 0.050515055656433105, 1, 0, 8, 5, 12, 1, 0, 1, 1, 2, 2, 4, 0, 0, 0, 4, 1, 0.6666666666666666], [0, 0, 0, 0.17523670196533203, 0, 0, 8, 3, 10, 0, 0, 0, 0, 1, 1, 5, 0, 0, 0, 2, 0, 0.8666666666666667], [1, 0, 1, 0.05455094575881958, 1, 0, 8, 4, 11, 1, 0, 1, 1, 2, 1, 6, 0, 0, 0, 3, 0, 0.8333333333333334], [1, 0, 1, 0.0032454729080200195, 1, 1, 8, 8, 15, 1, 0, 1, 1, 4, 3, 5, 0, 0, 0, 7, 1, 0.75], [0, 0, 1, 0.00645214319229126, 0, 0, 8, 5, 12, 0, 0, 1, 1, 2, 2, 4, 0, 0, 0, 4, 0, 0.8], [0, 0, 0, 0.00027829408645629883, 0, 0, 8, 13, 20, 0, 0, 0, 0, 11, 1, 2, 0, 0, 0, 12, 0, 0.5], [0, 0, 0, 0.21261107921600342, 0, 0, 8, 3, 10, 0, 0, 0, 0, 1, 1, 3, 0, 0, 0, 2, 0, 0.5], [0, 0, 0, 0.06818258762359619, 0, 0, 8, 13, 20, 0, 0, 0, 0, 11, 1, 3, 0, 0, 0, 12, 0, 0.6666666666666666], [0, 0, 1, 0.006907135248184204, 0, 0, 8, 13, 20, 0, 0, 1, 1, 2, 10, 5, 0, 0, 0, 12, 0, 0.5], [0, 0, 0, 0.0, 0, 0, 6, 3, 8, 0, 0, 0, 0, 1, 1, 4, 0, 0, 0, 2, 0, 0.5], [0, 0, 0, 0.01106417179107666, 0, 0, 8, 11, 18, 0, 0, 0, 0, 7, 3, 2, 0, 0, 0, 10, 0, 0.6666666666666666], [0, 0, 0, 0.06129652261734009, 0, 0, 8, 13, 20, 0, 0, 0, 0, 9, 2, 2, 0, 0, 0, 12, 0, 0.6666666666666666], [0, 0, 0, 0.07365989685058594, 0, 0, 8, 13, 20, 0, 0, 0, 0, 7, 3, 1, 0, 0, 0, 12, 0, 0.5], [0, 0, 0, 0.053504884243011475, 0, 0, 7, 4, 10, 0, 0, 0, 0, 2, 1, 5, 0, 0, 0, 3, 0, 0.8333333333333334], [1, 0, 0, 0.19796937704086304, 0, 0, 8, 3, 10, 1, 0, 0, 0, 1, 1, 5, 0, 0, 0, 2, 0, 0.6666666666666666], [0, 0, 0, 0.06164282560348511, 0, 0, 8, 3, 10, 0, 0, 0, 0, 1, 1, 4, 0, 0, 0, 2, 0, 0.6666666666666666], [0, 0, 0, 0.10082119703292847, 0, 0, 8, 4, 11, 0, 0, 0, 0, 2, 1, 5, 0, 0, 0, 3, 0, 0.8], [0, 0, 0, 0.09954899549484253, 0, 0, 8, 4, 11, 0, 0, 0, 0, 1, 2, 5, 0, 0, 0, 3, 0, 0.75], [0, 0, 0, 0.007842600345611572, 0, 0, 8, 3, 10, 0, 0, 0, 0, 1, 1, 6, 0, 0, 0, 2, 0, 0.5], [1, 0, 0, 4.500150680541992e-05, 0, 0, 6, 9, 14, 1, 0, 0, 0, 5, 2, 4, 0, 0, 0, 8, 0, 0.8333333333333334], [0, 0, 0, 0.21869242191314697, 0, 0, 8, 5, 12, 0, 0, 0, 0, 2, 2, 5, 0, 0, 0, 4, 0, 0.6666666666666666], [1, 0, 0, 0.0028519034385681152, 0, 0, 6, 5, 10, 1, 0, 1, 0, 2, 2, 4, 0, 0, 0, 4, 0, 0.875], [1, 0, 0, 0.10582822561264038, 1, 0, 4, 6, 9, 1, 0, 1, 0, 4, 1, 2, 0, 0, 0, 5, 1, 0.6666666666666666], [0, 0, 0, 0.18763744831085205, 0, 0, 8, 4, 11, 0, 0, 0, 0, 2, 1, 5, 0, 0, 0, 3, 0, 0.8], [0, 0, 0, 0.037979722023010254, 0, 0, 8, 3, 10, 0, 0, 0, 0, 1, 1, 6, 0, 0, 0, 2, 0, 0.5], [0, 0, 0, 0.0032382309436798096, 0, 0, 8, 4, 11, 0, 0, 0, 0, 2, 1, 3, 0, 0, 0, 3, 0, 0.6666666666666666], [0, 0, 0, 0.010467052459716797, 0, 0, 8, 3, 10, 0, 0, 0, 0, 1, 1, 7, 0, 0, 0, 2, 0, 0.5], [0, 0, 0, 0.023635029792785645, 0, 0, 8, 13, 20, 0, 0, 0, 0, 10, 2, 3, 0, 0, 0, 12, 0, 0.5], [1, 0, 1, 0.0, 0, 1, 6, 3, 8, 1, 1, 0, 0, 1, 1, 3, 0, 0, 0, 2, 1, 0.75], [1, 0, 0, 0.10868638753890991, 0, 0, 8, 4, 11, 1, 0, 0, 0, 2, 1, 4, 0, 0, 0, 3, 0, 0.6666666666666666], [1, 0, 0, 0.026554584503173828, 1, 0, 8, 9, 16, 1, 0, 1, 0, 4, 3, 1, 0, 0, 0, 8, 1, 0.5714285714285714], [1, 0, 1, 0.4757491648197174, 0, 0, 8, 4, 11, 1, 0, 1, 1, 2, 1, 3, 0, 0, 0, 3, 0, 0.6], [0, 0, 0, 0.0579453706741333, 0, 0, 8, 13, 20, 0, 0, 1, 0, 4, 8, 6, 0, 0, 0, 12, 0, 0.5], [0, 0, 0, 0.19767096638679504, 0, 0, 8, 3, 10, 0, 0, 0, 0, 1, 1, 3, 0, 0, 0, 2, 0, 0.5], [0, 0, 0, 0.022322803735733032, 0, 0, 8, 3, 10, 0, 0, 0, 0, 1, 1, 5, 0, 0, 0, 2, 0, 0.6666666666666666], [0, 0, 0, 0.001297593116760254, 0, 0, 8, 13, 20, 0, 0, 0, 0, 10, 2, 2, 0, 0, 0, 12, 0, 0.5], [0, 0, 0, 0.008863449096679688, 0, 0, 8, 4, 11, 0, 0, 0, 0, 1, 2, 5, 0, 0, 0, 3, 0, 0.5], [0, 0, 0, 0.09241098165512085, 0, 0, 8, 13, 20, 0, 0, 0, 0, 8, 3, 1, 0, 0, 0, 12, 0, 0.5], [0, 0, 0, 0.10743898153305054, 0, 0, 8, 3, 10, 0, 0, 0, 0, 1, 1, 5, 0, 0, 0, 2, 0, 0.5], [0, 0, 0, 0.06319993734359741, 0, 0, 8, 13, 20, 0, 0, 1, 0, 11, 1, 1, 0, 0, 0, 12, 0, 0.5], [1, 0, 0, 0.1909327208995819, 0, 0, 8, 3, 10, 1, 0, 0, 0, 1, 1, 3, 0, 0, 0, 2, 0, 0.5], [0, 0, 0, 0.027135133743286133, 0, 0, 8, 6, 13, 0, 0, 0, 0, 2, 3, 5, 0, 0, 0, 5, 0, 0.8], [0, 0, 0, 0.15828824043273926, 0, 0, 8, 5, 12, 0, 0, 0, 0, 3, 1, 5, 0, 0, 0, 4, 0, 0.5], [1, 0, 1, 0.04575836658477783, 1, 0, 8, 13, 20, 1, 0, 1, 1, 2, 9, 6, 0, 0, 0, 12, 1, 0.75], [1, 0, 0, 0.024584174156188965, 0, 0, 7, 3, 9, 1, 0, 0, 0, 1, 1, 5, 0, 0, 0, 2, 0, 0.6666666666666666], [1, 0, 0, 0.11630082130432129, 0, 0, 8, 3, 10, 1, 0, 0, 0, 1, 1, 2, 0, 0, 0, 2, 0, 0.6666666666666666], [1, 0, 1, 0.07038527727127075, 1, 0, 8, 13, 20, 1, 0, 1, 1, 9, 3, 1, 0, 0, 0, 12, 1, 0.5], [0, 0, 0, 0.12918740510940552, 0, 0, 8, 10, 17, 0, 0, 0, 0, 6, 2, 4, 0, 0, 0, 9, 0, 0.8], [0, 0, 0, 0.005897641181945801, 0, 0, 8, 3, 10, 0, 0, 0, 0, 1, 1, 4, 0, 0, 0, 2, 0, 0.8333333333333334], [0, 0, 0, 0.025140374898910522, 0, 0, 8, 3, 10, 0, 0, 0, 0, 1, 1, 4, 0, 0, 0, 2, 0, 0.875], [0, 0, 0, 0.07758104801177979, 0, 0, 8, 13, 20, 0, 0, 0, 0, 10, 2, 1, 0, 0, 0, 12, 0, 0.5], [1, 0, 1, 0.0947844386100769, 1, 0, 8, 5, 12, 1, 0, 1, 1, 2, 2, 6, 0, 0, 0, 4, 1, 0.8461538461538461], [1, 0, 0, 0.0, 0, 0, 8, 3, 10, 1, 0, 0, 0, 1, 1, 5, 0, 0, 0, 2, 0, 0.5], [0, 0, 0, 0.03416043519973755, 0, 0, 8, 4, 11, 0, 0, 0, 0, 1, 2, 4, 0, 0, 0, 3, 0, 0.8], [0, 0, 0, 0.3590235114097595, 0, 0, 8, 3, 10, 0, 0, 0, 0, 1, 1, 4, 0, 0, 0, 2, 0, 0.6666666666666666], [0, 0, 0, 0.010250091552734375, 0, 0, 8, 10, 17, 0, 0, 0, 0, 5, 3, 4, 0, 0, 0, 9, 0, 0.8], [1, 0, 0, 0.10427272319793701, 0, 0, 6, 11, 16, 1, 0, 1, 0, 6, 2, 4, 0, 0, 0, 10, 0, 0.8333333333333334], [1, 0, 0, 0.02032238245010376, 0, 0, 5, 5, 9, 1, 0, 0, 0, 2, 2, 4, 0, 0, 0, 4, 0, 0.6666666666666666], [0, 0, 0, 0.0714523196220398, 0, 0, 8, 3, 10, 0, 0, 0, 0, 1, 1, 4, 0, 0, 0, 2, 0, 0.6666666666666666], [0, 0, 0, 0.06408140063285828, 0, 0, 8, 9, 16, 0, 0, 0, 0, 7, 1, 3, 0, 0, 0, 8, 0, 0.6666666666666666], [1, 0, 1, 0.12618684768676758, 1, 0, 8, 6, 13, 1, 0, 1, 1, 4, 1, 5, 0, 0, 0, 5, 0, 0.6666666666666666], [1, 0, 0, 0.03335011005401611, 1, 0, 8, 4, 11, 1, 0, 1, 0, 2, 1, 5, 0, 0, 0, 3, 1, 0.6666666666666666], [0, 0, 0, 0.07313090562820435, 0, 0, 8, 13, 20, 0, 0, 1, 0, 9, 2, 1, 0, 0, 0, 12, 0, 0.5], [1, 0, 1, 0.0, 1, 0, 8, 6, 13, 1, 0, 1, 1, 2, 3, 5, 0, 0, 0, 5, 1, 0.5], [1, 0, 1, 0.17461347579956055, 0, 1, 8, 3, 10, 1, 0, 0, 0, 1, 1, 5, 0, 0, 0, 2, 1, 0.6666666666666666], [0, 0, 0, 0.01574528217315674, 0, 0, 8, 4, 11, 0, 0, 0, 0, 2, 1, 2, 0, 0, 0, 3, 0, 0.6111111111111112], [1, 0, 0, 0.01221323013305664, 0, 0, 8, 13, 20, 1, 0, 0, 0, 7, 5, 2, 0, 0, 0, 12, 0, 0.5], [0, 0, 0, 0.015173673629760742, 0, 0, 8, 13, 20, 0, 0, 0, 0, 6, 3, 2, 0, 0, 0, 12, 0, 0.5714285714285714], [0, 0, 0, 0.039479970932006836, 0, 0, 8, 3, 10, 0, 0, 0, 0, 1, 1, 3, 0, 0, 0, 2, 0, 0.8], [0, 0, 0, 0.0013401210308074951, 0, 0, 8, 13, 20, 0, 0, 0, 0, 11, 1, 2, 0, 0, 0, 12, 0, 0.5], [0, 0, 0, 0.23000705242156982, 0, 0, 8, 3, 10, 0, 0, 0, 0, 1, 1, 3, 0, 0, 0, 2, 0, 0.5], [0, 0, 0, 0.02514779567718506, 0, 0, 8, 13, 20, 0, 0, 0, 0, 10, 2, 1, 0, 0, 0, 12, 0, 0.6666666666666666], [0, 0, 0, 0.034177958965301514, 0, 0, 8, 3, 10, 0, 0, 0, 0, 1, 1, 4, 0, 0, 0, 2, 0, 0.5], [0, 0, 0, 0.03784686326980591, 0, 0, 8, 4, 11, 0, 0, 0, 0, 2, 1, 2, 0, 0, 0, 3, 0, 0.16666666666666666], [1, 0, 0, 0.0218660831451416, 1, 0, 8, 5, 12, 1, 0, 1, 0, 3, 1, 1, 0, 0, 0, 4, 1, 0.5], [1, 0, 1, 0.18837076425552368, 1, 0, 8, 4, 11, 1, 0, 1, 1, 2, 1, 5, 0, 0, 0, 3, 1, 0.8], [0, 0, 0, 0.36189642548561096, 0, 0, 8, 3, 10, 0, 0, 0, 0, 1, 1, 4, 0, 0, 0, 2, 0, 0.5], [1, 0, 0, 0.08498167991638184, 0, 1, 8, 8, 15, 1, 0, 1, 0, 2, 4, 4, 0, 0, 0, 7, 0, 0.8], [0, 0, 0, 0.17929187417030334, 0, 0, 8, 3, 10, 0, 0, 0, 0, 1, 1, 2, 0, 0, 0, 2, 0, 0.25], [1, 0, 0, 0.0, 0, 0, 4, 6, 9, 1, 0, 0, 0, 3, 2, 3, 0, 0, 0, 5, 0, 0.6666666666666666], [1, 0, 1, 0.3632383942604065, 1, 1, 8, 3, 10, 1, 0, 0, 0, 1, 1, 6, 0, 0, 0, 2, 1, 0.5], [0, 0, 0, 0.10653141140937805, 0, 0, 8, 4, 11, 0, 0, 0, 0, 2, 1, 4, 0, 0, 0, 3, 0, 0.6666666666666666], [0, 0, 0, 0.03416043519973755, 0, 0, 8, 3, 10, 0, 0, 0, 0, 1, 1, 4, 0, 0, 0, 2, 0, 0.8], [0, 0, 0, 0.0, 0, 0, 8, 6, 13, 0, 0, 0, 0, 3, 2, 5, 0, 0, 0, 5, 0, 0.5], [1, 0, 1, 0.027670323848724365, 1, 0, 8, 4, 11, 1, 0, 1, 1, 2, 1, 7, 0, 0, 0, 3, 1, 0.6666666666666666], [0, 0, 0, 0.01856100559234619, 0, 0, 8, 3, 10, 0, 0, 0, 0, 1, 1, 5, 0, 0, 0, 2, 0, 0.5], [0, 0, 0, 0.044012218713760376, 0, 0, 8, 3, 10, 0, 0, 0, 0, 1, 1, 4, 0, 0, 0, 2, 0, 0.5], [1, 0, 1, 0.011996269226074219, 1, 0, 5, 9, 13, 1, 0, 1, 1, 2, 6, 3, 0, 0, 0, 8, 1, 0.6923076923076923], [1, 0, 1, 0.030914664268493652, 1, 0, 8, 4, 11, 1, 0, 1, 1, 2, 1, 1, 0, 0, 0, 3, 1, 0.875], [0, 0, 0, 0.038429319858551025, 0, 0, 8, 9, 16, 0, 0, 0, 0, 7, 1, 1, 0, 0, 0, 8, 0, 0.07407407407407407], [0, 0, 0, 0.032825767993927, 0, 0, 7, 9, 15, 0, 0, 0, 0, 5, 2, 6, 0, 0, 0, 8, 0, 0.8333333333333334], [1, 0, 1, 0.11217308044433594, 0, 0, 8, 9, 16, 1, 0, 1, 1, 4, 4, 5, 0, 0, 0, 8, 0, 0.5], [1, 0, 0, 0.1718577742576599, 0, 0, 8, 5, 12, 1, 0, 1, 0, 2, 2, 3, 0, 0, 0, 4, 1, 0.8461538461538461], [0, 0, 0, 0.06340089440345764, 0, 0, 8, 5, 12, 0, 0, 0, 0, 3, 1, 4, 0, 0, 0, 4, 0, 0.5], [1, 0, 0, 0.033170878887176514, 1, 0, 8, 5, 12, 1, 0, 1, 0, 3, 1, 4, 0, 0, 0, 4, 1, 0.75], [0, 0, 0, 0.19784700870513916, 0, 0, 8, 4, 11, 0, 0, 0, 0, 2, 1, 3, 0, 0, 0, 3, 0, 0.8], [0, 0, 0, 0.01797306537628174, 0, 0, 8, 11, 18, 0, 0, 0, 0, 7, 3, 4, 0, 0, 0, 10, 0, 0.6666666666666666], [0, 0, 0, 0.00972127914428711, 0, 0, 8, 3, 10, 0, 0, 0, 0, 1, 1, 2, 0, 0, 0, 2, 0, 0.875], [0, 0, 0, 0.05532419681549072, 0, 0, 8, 3, 10, 0, 0, 0, 0, 1, 1, 4, 0, 0, 0, 2, 0, 0.5], [0, 0, 0, 0.013124942779541016, 0, 0, 8, 3, 10, 0, 0, 0, 0, 1, 1, 6, 0, 0, 0, 2, 0, 0.6666666666666666], [1, 0, 1, 0.0941433310508728, 0, 0, 8, 5, 12, 1, 0, 1, 1, 3, 1, 4, 0, 0, 0, 4, 0, 0.6666666666666666], [0, 0, 0, 0.0077252984046936035, 0, 0, 6, 3, 8, 0, 0, 0, 0, 1, 1, 5, 0, 0, 0, 2, 0, 0.5], [1, 0, 1, 0.06619065999984741, 0, 0, 8, 13, 20, 1, 0, 1, 1, 3, 6, 4, 0, 0, 0, 12, 1, 0.8333333333333334], [0, 0, 0, 0.0637349784374237, 0, 0, 8, 8, 15, 0, 0, 1, 0, 6, 1, 3, 0, 0, 0, 7, 0, 0.5], [1, 0, 0, 0.0, 1, 0, 6, 5, 10, 1, 1, 1, 0, 2, 2, 5, 0, 0, 0, 4, 0, 0.6666666666666666], [0, 0, 0, 0.009022235870361328, 0, 0, 8, 13, 20, 0, 0, 0, 0, 9, 2, 1, 0, 0, 0, 12, 0, 0.5], [0, 0, 0, 0.15993523597717285, 0, 0, 8, 3, 10, 0, 0, 0, 0, 1, 1, 3, 0, 0, 0, 2, 0, 0.5], [1, 0, 1, 0.0, 1, 0, 8, 7, 14, 1, 0, 1, 1, 3, 2, 4, 0, 0, 0, 6, 1, 0.5], [1, 0, 1, 0.03436410427093506, 1, 0, 8, 13, 20, 1, 0, 1, 1, 7, 4, 2, 0, 0, 0, 12, 1, 0.5], [0, 0, 0, 0.005897819995880127, 0, 0, 8, 5, 12, 0, 0, 0, 0, 1, 3, 4, 0, 0, 0, 4, 0, 0.8333333333333334], [0, 0, 0, 0.1021222472190857, 0, 0, 8, 3, 10, 0, 0, 0, 0, 1, 1, 3, 0, 0, 0, 2, 0, 0.5], [0, 0, 0, 0.019466936588287354, 0, 0, 8, 4, 11, 0, 0, 0, 0, 2, 1, 4, 0, 0, 0, 3, 0, 0.5], [0, 0, 0, 0.053456664085388184, 0, 0, 4, 3, 6, 1, 0, 0, 0, 1, 1, 3, 0, 0, 0, 2, 0, 0.75], [0, 0, 0, 0.46098726987838745, 0, 0, 8, 4, 11, 0, 0, 0, 0, 1, 2, 4, 0, 0, 0, 3, 0, 0.6], [0, 0, 0, 0.03303474187850952, 0, 0, 8, 13, 20, 0, 0, 0, 0, 9, 3, 2, 0, 0, 0, 12, 0, 0.5], [0, 0, 0, 0.10049071907997131, 0, 0, 8, 4, 11, 0, 0, 0, 0, 2, 1, 6, 0, 0, 0, 3, 0, 0.6666666666666666], [1, 0, 0, 0.08624166250228882, 0, 0, 6, 5, 10, 1, 0, 0, 0, 2, 2, 4, 0, 0, 0, 4, 0, 0.8], [0, 0, 0, 0.015836238861083984, 0, 0, 8, 13, 20, 0, 0, 0, 0, 10, 2, 3, 0, 0, 0, 12, 0, 0.5], [1, 0, 1, 0.0035517215728759766, 1, 0, 8, 6, 13, 1, 0, 1, 1, 3, 2, 4, 0, 0, 0, 5, 1, 0.6666666666666666], [0, 0, 0, 0.02480137348175049, 0, 0, 8, 8, 15, 0, 0, 0, 0, 6, 1, 1, 0, 0, 0, 7, 0, 0.10526315789473684], [0, 0, 0, 0.0071319639682769775, 0, 0, 8, 5, 12, 0, 0, 0, 0, 1, 3, 4, 0, 0, 0, 4, 0, 0.8], [1, 0, 0, 0.036687612533569336, 0, 0, 8, 4, 11, 1, 0, 0, 0, 1, 2, 6, 0, 0, 0, 3, 0, 0.8], [1, 0, 1, 0.0, 1, 1, 4, 3, 6, 1, 0, 0, 0, 1, 1, 3, 0, 0, 0, 2, 1, 0.5], [0, 0, 0, 0.0013614892959594727, 0, 0, 8, 13, 20, 0, 0, 0, 0, 11, 1, 1, 0, 0, 0, 12, 0, 0.5], [0, 0, 1, 0.05936157703399658, 0, 0, 8, 13, 20, 0, 0, 1, 1, 11, 1, 2, 0, 0, 0, 12, 0, 0.6666666666666666], [0, 0, 0, 0.012881875038146973, 0, 0, 8, 8, 15, 0, 0, 0, 0, 5, 2, 1, 0, 0, 0, 7, 0, 0.030303030303030304], [0, 0, 0, 0.0060645341873168945, 0, 0, 8, 3, 10, 0, 0, 0, 0, 1, 1, 4, 0, 0, 0, 2, 0, 0.5], [0, 0, 0, 0.2718064785003662, 0, 0, 8, 4, 11, 0, 0, 0, 0, 2, 1, 3, 0, 0, 0, 3, 0, 0.5], [1, 0, 0, 0.007400333881378174, 0, 0, 8, 7, 14, 1, 0, 0, 0, 5, 1, 4, 0, 0, 0, 6, 0, 0.6666666666666666], [0, 0, 0, 0.07690280675888062, 0, 0, 8, 4, 11, 0, 0, 1, 0, 2, 1, 4, 0, 0, 0, 3, 0, 0.6666666666666666], [0, 0, 0, 0.01535680890083313, 0, 0, 8, 8, 15, 0, 0, 0, 0, 6, 1, 5, 0, 0, 0, 7, 0, 0.5], [0, 0, 0, 0.013497233390808105, 0, 0, 8, 11, 18, 0, 0, 0, 0, 7, 3, 2, 0, 0, 0, 10, 0, 0.6666666666666666], [1, 0, 0, 0.0006375312805175781, 1, 0, 5, 5, 9, 1, 0, 1, 0, 3, 1, 4, 0, 0, 0, 4, 0, 0.6666666666666666], [0, 0, 0, 0.05065798759460449, 0, 0, 8, 13, 20, 0, 0, 0, 0, 5, 6, 6, 0, 0, 0, 12, 0, 0.5], [0, 0, 0, 0.12050831317901611, 0, 0, 8, 13, 20, 0, 0, 0, 0, 11, 1, 2, 0, 0, 0, 12, 0, 0.5], [1, 0, 0, 0.00035315752029418945, 0, 0, 8, 8, 15, 1, 0, 1, 0, 4, 3, 2, 0, 0, 0, 7, 0, 0.5], [0, 0, 0, 0.0794365406036377, 0, 0, 8, 13, 20, 0, 0, 0, 0, 11, 1, 3, 0, 0, 0, 12, 0, 0.5], [0, 0, 0, 0.0, 0, 0, 8, 3, 10, 0, 0, 0, 0, 1, 1, 5, 0, 0, 0, 2, 0, 0.5], [1, 0, 1, 0.11478066444396973, 1, 0, 8, 4, 11, 1, 0, 1, 1, 2, 1, 6, 0, 0, 0, 3, 0, 0.75], [0, 0, 0, 0.002866595983505249, 0, 0, 8, 13, 20, 0, 0, 0, 0, 10, 2, 1, 0, 0, 0, 12, 0, 0.5], [1, 0, 1, 0.015484452247619629, 0, 0, 8, 13, 20, 1, 0, 1, 1, 9, 2, 2, 0, 0, 0, 12, 0, 0.75], [0, 0, 0, 0.2778015732765198, 0, 0, 8, 3, 10, 0, 0, 0, 0, 1, 1, 4, 0, 0, 0, 2, 0, 0.6666666666666666], [0, 0, 0, 0.04370114207267761, 0, 0, 8, 5, 12, 0, 0, 0, 0, 3, 1, 5, 0, 0, 0, 4, 0, 0.5], [0, 0, 0, 0.19897902011871338, 0, 0, 8, 6, 13, 0, 0, 0, 0, 2, 3, 5, 0, 0, 0, 5, 0, 0.6666666666666666], [0, 0, 0, 0.22849828004837036, 0, 0, 8, 3, 10, 0, 0, 0, 0, 1, 1, 5, 0, 0, 0, 2, 0, 0.75], [0, 0, 0, 0.0059659481048583984, 0, 0, 8, 5, 12, 0, 0, 0, 0, 3, 1, 4, 0, 0, 0, 4, 0, 0.6666666666666666], [1, 0, 0, 0.00972127914428711, 0, 0, 8, 3, 10, 1, 0, 0, 0, 1, 1, 2, 0, 0, 0, 2, 0, 0.875], [0, 0, 0, 0.21395611763000488, 0, 0, 8, 3, 10, 0, 0, 0, 0, 1, 1, 2, 0, 0, 0, 2, 0, 0.6111111111111112], [0, 0, 0, 0.013873517513275146, 0, 0, 8, 13, 20, 0, 0, 0, 0, 11, 1, 3, 0, 0, 0, 12, 0, 0.5], [1, 0, 0, 0.0082053542137146, 0, 0, 6, 7, 12, 1, 0, 1, 0, 3, 3, 4, 0, 0, 0, 6, 0, 0.75], [0, 0, 0, 0.1956043839454651, 0, 0, 8, 4, 11, 0, 0, 0, 0, 2, 1, 6, 0, 0, 0, 3, 0, 0.5], [1, 0, 1, 0.03822046518325806, 1, 0, 8, 13, 20, 1, 0, 1, 1, 5, 6, 4, 0, 0, 0, 12, 1, 0.875], [0, 0, 0, 0.022493839263916016, 0, 0, 8, 13, 20, 0, 0, 0, 0, 10, 2, 3, 0, 0, 0, 12, 0, 0.5], [1, 0, 0, 0.04627680778503418, 0, 0, 8, 5, 12, 1, 0, 1, 0, 3, 1, 3, 0, 0, 0, 4, 1, 0.8666666666666667], [1, 0, 1, 0.015462517738342285, 0, 0, 3, 9, 11, 1, 0, 1, 1, 3, 3, 1, 0, 0, 0, 8, 0, 0.6666666666666666], [0, 0, 0, 0.09587734937667847, 0, 0, 8, 13, 20, 0, 0, 0, 0, 11, 1, 1, 0, 0, 0, 12, 0, 0.25], [0, 0, 0, 0.08203521370887756, 0, 0, 8, 13, 20, 0, 0, 0, 0, 11, 1, 3, 0, 0, 0, 12, 0, 0.5], [0, 0, 0, 0.010045766830444336, 0, 0, 8, 5, 12, 0, 0, 0, 0, 2, 2, 4, 0, 0, 0, 4, 0, 0.6666666666666666], [0, 0, 0, 0.0573919415473938, 0, 0, 8, 13, 20, 0, 0, 0, 0, 10, 2, 2, 0, 0, 0, 12, 0, 0.5], [0, 0, 0, 0.09370887279510498, 0, 0, 8, 3, 10, 0, 0, 0, 0, 1, 1, 3, 0, 0, 0, 2, 0, 0.5], [1, 0, 0, 0.0014770030975341797, 0, 0, 8, 13, 20, 1, 0, 1, 0, 11, 1, 4, 0, 0, 0, 12, 0, 0.6666666666666666], [1, 0, 1, 0.0, 0, 0, 8, 8, 15, 1, 0, 1, 1, 5, 2, 3, 0, 0, 0, 7, 0, 0.5], [1, 0, 1, 0.0, 0, 0, 2, 4, 5, 1, 0, 1, 1, 2, 1, 1, 0, 0, 0, 3, 0, 0.5], [0, 0, 0, 0.029151082038879395, 0, 0, 8, 11, 18, 0, 0, 0, 0, 7, 3, 4, 0, 0, 0, 10, 0, 0.6666666666666666], [0, 0, 0, 0.06129652261734009, 0, 0, 8, 13, 20, 0, 0, 0, 0, 9, 2, 2, 0, 0, 0, 12, 0, 0.6666666666666666], [1, 0, 1, 0.0077252984046936035, 0, 1, 6, 3, 8, 1, 0, 0, 0, 1, 1, 5, 0, 0, 0, 2, 0, 0.5], [0, 0, 0, 0.12882494926452637, 0, 0, 8, 3, 10, 0, 0, 0, 0, 1, 1, 4, 0, 0, 0, 2, 0, 0.5], [0, 0, 0, 0.040647029876708984, 0, 0, 8, 13, 20, 0, 0, 1, 0, 7, 3, 1, 0, 0, 0, 12, 0, 0.6666666666666666], [0, 0, 0, 0.06019848585128784, 0, 0, 8, 5, 12, 0, 0, 0, 0, 3, 1, 2, 0, 0, 0, 4, 0, 0.6666666666666666], [0, 0, 0, 0.04038339853286743, 0, 0, 8, 7, 14, 0, 0, 0, 0, 5, 1, 4, 0, 0, 0, 6, 0, 0.6666666666666666], [0, 0, 0, 0.4149624705314636, 0, 0, 8, 3, 10, 0, 0, 0, 0, 1, 1, 3, 0, 0, 0, 2, 0, 0.5], [1, 0, 0, 0.053456664085388184, 0, 0, 4, 3, 6, 1, 0, 0, 0, 1, 1, 3, 0, 0, 0, 2, 0, 0.75], [0, 0, 0, 0.2974913716316223, 0, 0, 8, 3, 10, 0, 0, 0, 0, 1, 1, 3, 0, 0, 0, 2, 0, 0.75], [0, 0, 0, 0.14419817924499512, 0, 0, 7, 3, 9, 0, 0, 0, 0, 1, 1, 5, 0, 0, 0, 2, 0, 0.75], [1, 0, 0, 0.07609176635742188, 1, 0, 8, 4, 11, 1, 0, 1, 0, 2, 1, 5, 0, 0, 0, 3, 1, 0.6666666666666666], [0, 0, 1, 0.006907135248184204, 0, 0, 8, 13, 20, 0, 0, 1, 1, 1, 11, 5, 0, 0, 0, 12, 0, 0.5], [0, 0, 0, 0.10743607580661774, 0, 0, 8, 7, 14, 0, 0, 0, 0, 5, 1, 4, 0, 0, 0, 6, 0, 0.5], [0, 0, 0, 0.05623769760131836, 0, 0, 8, 13, 20, 0, 0, 0, 0, 10, 2, 2, 0, 0, 0, 12, 0, 0.5], [0, 0, 0, 0.09350186586380005, 0, 0, 8, 13, 20, 0, 0, 0, 0, 10, 2, 1, 0, 0, 0, 12, 0, 0.5], [1, 0, 0, 0.1718577742576599, 0, 0, 8, 5, 12, 1, 0, 1, 0, 2, 2, 3, 0, 0, 0, 4, 1, 0.8461538461538461], [0, 0, 0, 0.01978963613510132, 0, 0, 8, 9, 16, 0, 0, 0, 0, 7, 1, 4, 0, 0, 0, 8, 0, 0.5], [0, 0, 0, 0.05709162354469299, 0, 0, 8, 13, 20, 0, 0, 0, 0, 10, 2, 5, 0, 0, 0, 12, 0, 0.5], [1, 0, 0, 0.09083378314971924, 0, 0, 8, 3, 10, 1, 0, 0, 0, 1, 1, 6, 0, 0, 0, 2, 0, 0.6666666666666666], [0, 0, 0, 0.014156818389892578, 0, 0, 8, 13, 20, 0, 0, 0, 0, 10, 2, 4, 0, 0, 0, 12, 0, 0.6666666666666666], [0, 0, 0, 0.03706824779510498, 0, 0, 8, 6, 13, 0, 0, 0, 0, 3, 2, 5, 0, 0, 0, 5, 0, 0.5], [0, 0, 0, 0.012346625328063965, 0, 0, 8, 5, 12, 0, 0, 0, 0, 1, 3, 5, 0, 0, 0, 4, 0, 0.75], [0, 0, 0, 0.11139655113220215, 0, 0, 8, 3, 10, 0, 0, 0, 0, 1, 1, 6, 0, 0, 0, 2, 0, 0.6666666666666666], [1, 0, 0, 0.4475606083869934, 0, 0, 8, 3, 10, 1, 0, 0, 0, 1, 1, 4, 0, 0, 0, 2, 0, 0.5], [1, 0, 0, 0.05499666929244995, 1, 0, 8, 13, 20, 1, 0, 1, 0, 11, 1, 3, 0, 0, 0, 12, 0, 0.6666666666666666], [1, 0, 1, 0.0941433310508728, 0, 0, 8, 5, 12, 1, 0, 1, 1, 3, 1, 4, 0, 0, 0, 4, 0, 0.6666666666666666], [0, 0, 0, 0.023237109184265137, 0, 0, 8, 13, 20, 0, 0, 0, 0, 6, 3, 2, 0, 0, 0, 12, 0, 0.8], [1, 0, 1, 0.3200836777687073, 1, 0, 8, 5, 12, 1, 0, 1, 1, 2, 2, 4, 0, 0, 0, 4, 1, 0.5], [0, 0, 0, 0.02755594253540039, 0, 0, 8, 13, 20, 0, 0, 1, 0, 9, 2, 1, 0, 0, 0, 12, 0, 0.5], [0, 0, 0, 0.018468737602233887, 0, 0, 8, 3, 10, 0, 0, 0, 0, 1, 1, 1, 0, 0, 0, 2, 0, 0.5], [1, 0, 0, 0.08245575428009033, 0, 0, 8, 9, 16, 1, 0, 1, 0, 2, 4, 6, 0, 0, 0, 8, 0, 0.8], [0, 0, 0, 0.02725088596343994, 0, 0, 8, 11, 18, 0, 0, 0, 0, 7, 3, 3, 0, 0, 0, 10, 0, 0.6666666666666666], [0, 0, 0, 0.020311832427978516, 0, 0, 8, 12, 19, 0, 0, 0, 0, 9, 2, 3, 0, 0, 0, 11, 0, 0.5], [0, 0, 0, 0.0031508803367614746, 0, 0, 8, 3, 10, 0, 0, 0, 0, 1, 1, 2, 0, 0, 0, 2, 0, 0.5], [1, 0, 0, 0.0019443631172180176, 0, 0, 8, 13, 20, 1, 0, 1, 0, 7, 3, 1, 0, 0, 0, 12, 0, 0.5], [0, 0, 0, 0.10441315174102783, 0, 0, 8, 10, 17, 0, 0, 0, 0, 8, 1, 1, 0, 0, 0, 9, 0, 0.5], [0, 0, 0, 0.09542587399482727, 0, 0, 8, 13, 20, 0, 0, 0, 0, 11, 1, 3, 0, 0, 0, 12, 0, 0.5], [1, 0, 0, 0.011287778615951538, 0, 0, 8, 13, 20, 1, 0, 0, 0, 10, 2, 3, 0, 0, 0, 12, 0, 0.6666666666666666], [0, 0, 0, 0.2116079032421112, 0, 0, 8, 3, 10, 0, 0, 0, 0, 1, 1, 3, 0, 0, 0, 2, 0, 0.8], [0, 0, 0, 0.026697903871536255, 0, 0, 8, 4, 11, 0, 0, 0, 0, 2, 1, 4, 0, 0, 0, 3, 0, 0.5], [1, 0, 1, 0.0, 1, 1, 2, 13, 14, 1, 0, 1, 1, 2, 7, 1, 0, 0, 0, 12, 1, 0.6666666666666666], [0, 0, 0, 0.0689469575881958, 0, 0, 8, 3, 10, 0, 0, 0, 0, 1, 1, 6, 0, 0, 0, 2, 0, 0.6666666666666666], [0, 0, 0, 0.03574728965759277, 0, 0, 8, 11, 18, 0, 0, 0, 0, 7, 2, 1, 0, 0, 0, 10, 0, 0.75], [0, 0, 0, 0.03471487760543823, 0, 0, 8, 13, 20, 0, 0, 0, 0, 11, 1, 3, 0, 0, 0, 12, 0, 0.5], [0, 0, 0, 0.23148930072784424, 0, 0, 8, 3, 10, 0, 0, 0, 0, 1, 1, 4, 0, 0, 0, 2, 0, 0.6666666666666666], [1, 0, 0, 0.024751365184783936, 0, 0, 8, 3, 10, 1, 0, 0, 0, 1, 1, 3, 0, 0, 0, 2, 0, 0.6666666666666666], [1, 0, 1, 0.008415937423706055, 1, 0, 7, 13, 19, 1, 0, 1, 1, 4, 7, 6, 0, 0, 0, 12, 1, 0.8333333333333334], [0, 0, 0, 0.003913372755050659, 0, 0, 8, 3, 10, 0, 0, 0, 0, 1, 1, 4, 0, 0, 0, 2, 0, 0.8461538461538461], [1, 0, 0, 0.03850060701370239, 0, 0, 8, 3, 10, 1, 0, 0, 0, 1, 1, 5, 0, 0, 0, 2, 1, 0.5], [0, 0, 0, 0.0037604570388793945, 0, 0, 8, 13, 20, 0, 0, 0, 0, 10, 2, 1, 0, 0, 0, 12, 0, 0.2], [1, 0, 0, 0.051806747913360596, 0, 0, 4, 5, 8, 1, 0, 0, 0, 2, 2, 3, 0, 0, 0, 4, 0, 0.6666666666666666], [0, 0, 0, 0.03416043519973755, 0, 0, 8, 3, 10, 0, 0, 0, 0, 1, 1, 4, 0, 0, 0, 2, 0, 0.8], [0, 0, 0, 0.07425594329833984, 0, 0, 8, 13, 20, 0, 0, 0, 0, 8, 2, 1, 0, 0, 0, 12, 0, 0.5], [0, 0, 1, 0.0010579824447631836, 0, 0, 8, 5, 12, 0, 0, 1, 1, 2, 2, 5, 0, 0, 0, 4, 0, 0.5], [0, 0, 0, 0.03625285625457764, 0, 0, 8, 5, 12, 0, 0, 0, 0, 3, 1, 3, 0, 0, 0, 4, 0, 0.5], [0, 0, 0, 0.0, 0, 0, 8, 9, 16, 0, 0, 0, 0, 6, 2, 4, 0, 0, 0, 8, 0, 0.5], [1, 0, 1, 0.2057000994682312, 0, 1, 8, 3, 10, 1, 0, 0, 0, 1, 1, 5, 0, 0, 0, 2, 0, 0.6666666666666666], [0, 0, 0, 0.007848083972930908, 0, 0, 8, 3, 10, 0, 0, 0, 0, 1, 1, 5, 0, 0, 0, 2, 0, 0.75], [0, 0, 0, 0.013540923595428467, 0, 0, 8, 3, 10, 0, 0, 0, 0, 1, 1, 5, 0, 0, 0, 2, 0, 0.5], [1, 0, 1, 0.03822046518325806, 1, 0, 8, 13, 20, 1, 0, 1, 1, 6, 4, 4, 0, 0, 0, 12, 1, 0.875], [0, 0, 0, 0.002653837203979492, 0, 0, 8, 3, 10, 0, 0, 0, 0, 1, 1, 5, 0, 0, 0, 2, 0, 0.5], [1, 0, 1, 0.008415937423706055, 1, 0, 7, 13, 19, 1, 0, 1, 1, 4, 6, 6, 0, 0, 0, 12, 1, 0.8333333333333334], [1, 0, 0, 0.00350034236907959, 0, 0, 8, 13, 20, 1, 0, 1, 1, 7, 3, 3, 0, 0, 0, 12, 0, 0.8], [0, 0, 0, 0.011128604412078857, 0, 0, 8, 13, 20, 0, 0, 1, 0, 9, 3, 1, 0, 0, 0, 12, 0, 0.5], [0, 0, 0, 0.11832946538925171, 0, 0, 8, 5, 12, 0, 0, 0, 0, 3, 1, 4, 0, 0, 0, 4, 0, 0.8], [0, 0, 0, 0.021375328302383423, 0, 0, 8, 3, 10, 0, 0, 0, 0, 1, 1, 3, 0, 0, 0, 2, 0, 0.6666666666666666], [1, 0, 1, 0.6517983078956604, 1, 1, 8, 7, 14, 1, 0, 1, 1, 2, 3, 5, 0, 0, 0, 6, 0, 0.6666666666666666], [1, 0, 0, 0.05030202865600586, 0, 0, 8, 13, 20, 1, 0, 1, 0, 2, 10, 6, 0, 0, 0, 12, 0, 0.75], [1, 0, 0, 0.0028519034385681152, 0, 0, 6, 5, 10, 1, 0, 1, 0, 2, 2, 4, 0, 0, 0, 4, 0, 0.875], [1, 0, 0, 0.05712252855300903, 1, 0, 8, 13, 20, 1, 0, 1, 0, 11, 1, 2, 0, 0, 0, 12, 1, 0.5], [0, 0, 0, 0.016555607318878174, 0, 0, 8, 13, 20, 0, 0, 0, 0, 10, 2, 2, 0, 0, 0, 12, 0, 0.25], [0, 0, 0, 0.020108342170715332, 0, 0, 8, 13, 20, 0, 0, 0, 0, 5, 6, 2, 0, 0, 0, 12, 0, 0.5], [0, 0, 0, 0.07278156280517578, 0, 0, 8, 5, 12, 0, 0, 0, 0, 3, 1, 3, 0, 0, 0, 4, 0, 0.5], [0, 0, 0, 0.0, 0, 0, 8, 3, 10, 0, 0, 0, 0, 1, 1, 4, 0, 0, 0, 2, 0, 0.5], [0, 0, 0, 0.05071866512298584, 0, 0, 8, 3, 10, 0, 0, 0, 0, 1, 1, 4, 0, 0, 0, 2, 0, 0.8333333333333334], [0, 0, 0, 0.1521710753440857, 0, 0, 8, 3, 10, 0, 0, 0, 0, 1, 1, 1, 0, 0, 0, 2, 0, 0.11764705882352941], [1, 0, 1, 0.017019689083099365, 1, 0, 8, 13, 20, 1, 0, 1, 1, 7, 4, 2, 0, 0, 0, 12, 1, 0.5], [0, 0, 0, 0.029510140419006348, 0, 0, 8, 3, 10, 0, 0, 0, 0, 1, 1, 4, 0, 0, 0, 2, 0, 0.6666666666666666], [0, 0, 0, 0.0, 0, 0, 8, 6, 13, 0, 0, 0, 0, 4, 1, 4, 0, 0, 0, 5, 0, 0.5], [1, 0, 0, 0.06619065999984741, 0, 0, 8, 13, 20, 1, 1, 1, 0, 2, 6, 4, 0, 0, 0, 12, 1, 0.8333333333333334], [1, 0, 1, 0.0, 1, 0, 2, 5, 6, 1, 0, 1, 1, 2, 2, 1, 0, 0, 0, 4, 1, 0.6666666666666666], [0, 0, 0, 0.06531369686126709, 0, 0, 8, 9, 16, 0, 0, 0, 0, 7, 1, 3, 0, 0, 0, 8, 0, 0.6666666666666666], [0, 0, 0, 0.01149839162826538, 0, 0, 8, 3, 10, 0, 0, 0, 0, 1, 1, 5, 0, 0, 0, 2, 0, 0.7142857142857143], [0, 0, 0, 0.12794584035873413, 0, 0, 8, 9, 16, 0, 0, 0, 0, 6, 2, 2, 0, 0, 0, 8, 0, 0.5], [0, 0, 0, 0.012625277042388916, 0, 0, 8, 7, 14, 0, 0, 0, 0, 2, 4, 5, 0, 0, 0, 6, 0, 0.8333333333333334], [1, 0, 1, 0.03615468740463257, 1, 0, 5, 7, 11, 1, 0, 1, 1, 3, 3, 3, 0, 0, 0, 6, 1, 0.875], [0, 0, 0, 0.025009751319885254, 0, 0, 8, 10, 17, 0, 0, 0, 0, 5, 3, 5, 0, 0, 0, 9, 0, 0.8], [1, 0, 1, 0.052299320697784424, 1, 0, 8, 13, 20, 1, 0, 1, 1, 9, 3, 1, 0, 0, 0, 12, 0, 0.5], [0, 0, 0, 0.06694746017456055, 0, 0, 8, 13, 20, 0, 0, 0, 0, 9, 3, 3, 0, 0, 0, 12, 0, 0.6666666666666666], [1, 0, 0, 0.16595494747161865, 0, 0, 7, 3, 9, 1, 0, 0, 0, 1, 1, 6, 0, 0, 0, 2, 0, 0.6666666666666666], [1, 0, 1, 0.027885079383850098, 1, 1, 8, 12, 19, 1, 0, 1, 1, 7, 3, 2, 0, 0, 0, 11, 0, 0.6666666666666666], [0, 0, 0, 0.023149490356445312, 0, 0, 8, 13, 20, 0, 0, 0, 0, 11, 1, 3, 0, 0, 0, 12, 0, 0.6666666666666666], [0, 0, 0, 0.03850060701370239, 0, 0, 8, 3, 10, 0, 0, 0, 0, 1, 1, 5, 0, 0, 0, 2, 0, 0.6666666666666666], [0, 0, 0, 0.17915701866149902, 0, 0, 8, 3, 10, 0, 0, 0, 0, 1, 1, 5, 0, 0, 0, 2, 0, 0.5], [1, 0, 0, 0.0, 0, 0, 8, 5, 12, 1, 0, 0, 0, 2, 2, 5, 0, 0, 0, 4, 0, 0.8333333333333334], [1, 0, 0, 0.011415719985961914, 0, 0, 8, 5, 12, 1, 0, 0, 0, 2, 2, 2, 0, 0, 0, 4, 0, 0.5], [0, 0, 0, 0.06930813193321228, 0, 0, 8, 5, 12, 0, 0, 0, 0, 3, 1, 3, 0, 0, 0, 4, 0, 0.5], [1, 0, 0, 0.04202759265899658, 0, 0, 8, 3, 10, 1, 0, 0, 0, 1, 1, 5, 0, 0, 0, 2, 0, 0.75], [1, 0, 1, 0.3200836777687073, 1, 0, 8, 5, 12, 1, 0, 1, 1, 2, 2, 4, 0, 0, 0, 4, 1, 0.5], [0, 0, 0, 0.3484337031841278, 0, 0, 8, 3, 10, 0, 0, 0, 0, 1, 1, 4, 0, 0, 0, 2, 0, 0.5], [1, 0, 0, 0.05208927392959595, 0, 0, 8, 4, 11, 1, 0, 1, 0, 2, 1, 3, 0, 0, 0, 3, 1, 0.5], [0, 0, 0, 0.044706910848617554, 0, 0, 8, 3, 10, 0, 0, 0, 0, 1, 1, 4, 0, 0, 0, 2, 0, 0.6666666666666666], [0, 0, 0, 0.011211574077606201, 0, 0, 8, 4, 11, 0, 0, 0, 0, 2, 1, 3, 0, 0, 0, 3, 0, 0.8], [0, 0, 0, 0.2052140235900879, 0, 0, 8, 3, 10, 0, 0, 0, 0, 1, 1, 4, 0, 0, 0, 2, 0, 0.5], [0, 0, 0, 0.0, 0, 0, 8, 3, 10, 0, 0, 0, 0, 1, 1, 3, 0, 0, 0, 2, 0, 0.6666666666666666], [1, 0, 0, 0.11456727981567383, 1, 0, 8, 4, 11, 1, 0, 1, 0, 2, 1, 5, 0, 0, 0, 3, 1, 0.5], [0, 0, 0, 0.009827673435211182, 0, 0, 8, 13, 20, 0, 0, 0, 0, 9, 2, 2, 0, 0, 0, 12, 0, 0.5714285714285714], [0, 0, 0, 0.0699567198753357, 0, 0, 8, 3, 10, 0, 0, 0, 0, 1, 1, 1, 0, 0, 0, 2, 0, 0.5], [1, 0, 1, 0.024395465850830078, 1, 0, 8, 13, 20, 1, 1, 1, 1, 4, 5, 2, 0, 0, 0, 12, 1, 0.5714285714285714], [0, 0, 0, 0.2020668387413025, 0, 0, 8, 5, 12, 0, 0, 0, 0, 3, 1, 4, 0, 0, 0, 4, 0, 0.6666666666666666], [1, 0, 0, 0.03489947319030762, 0, 0, 6, 3, 8, 1, 1, 0, 0, 1, 1, 4, 0, 0, 0, 2, 0, 0.875], [0, 0, 0, 0.03850060701370239, 0, 0, 8, 3, 10, 0, 0, 0, 0, 1, 1, 5, 0, 0, 0, 2, 0, 0.6666666666666666], [0, 0, 0, 0.10386931896209717, 0, 1, 8, 6, 13, 0, 0, 0, 0, 2, 2, 6, 0, 0, 0, 5, 0, 0.75], [1, 0, 0, 0.014181137084960938, 0, 0, 8, 13, 20, 1, 0, 1, 0, 8, 3, 3, 0, 0, 0, 12, 0, 0.5], [0, 0, 0, 0.20724958181381226, 0, 0, 8, 6, 13, 0, 0, 0, 0, 3, 2, 3, 0, 0, 0, 5, 0, 0.6666666666666666], [0, 0, 0, 0.0, 0, 0, 8, 6, 13, 0, 0, 0, 0, 3, 2, 5, 0, 0, 0, 5, 0, 0.5], [0, 0, 0, 0.033745765686035156, 0, 0, 8, 13, 20, 0, 0, 1, 0, 9, 2, 3, 0, 0, 0, 12, 0, 0.5714285714285714], [0, 0, 0, 0.00499388575553894, 0, 0, 8, 13, 20, 0, 0, 0, 0, 10, 2, 4, 0, 0, 0, 12, 0, 0.6666666666666666], [1, 0, 1, 0.02959263324737549, 1, 0, 8, 5, 12, 1, 0, 1, 1, 2, 2, 5, 0, 0, 0, 4, 1, 0.8333333333333334], [1, 0, 1, 0.11590886116027832, 1, 0, 8, 13, 20, 1, 0, 1, 1, 3, 9, 5, 0, 0, 0, 12, 0, 0.6], [0, 0, 0, 0.021905899047851562, 0, 0, 8, 13, 20, 0, 0, 0, 0, 10, 2, 2, 0, 0, 0, 12, 0, 0.5714285714285714], [1, 0, 0, 0.024050772190093994, 1, 0, 8, 13, 20, 1, 0, 1, 0, 6, 3, 1, 0, 0, 0, 12, 0, 0.8], [1, 0, 1, 0.016078174114227295, 1, 0, 7, 7, 13, 1, 0, 1, 1, 3, 3, 4, 0, 0, 0, 6, 1, 0.8333333333333334], [0, 0, 0, 0.009473145008087158, 0, 0, 8, 13, 20, 0, 0, 0, 0, 11, 1, 2, 0, 0, 0, 12, 0, 0.25], [1, 0, 0, 0.02906009554862976, 0, 0, 8, 5, 12, 1, 0, 0, 0, 3, 1, 2, 0, 0, 0, 4, 0, 0.5], [0, 0, 0, 0.021571040153503418, 0, 0, 8, 3, 10, 0, 0, 0, 0, 1, 1, 3, 0, 0, 0, 2, 0, 0.6666666666666666], [1, 0, 1, 0.06797909736633301, 1, 0, 8, 5, 12, 1, 0, 1, 1, 3, 1, 4, 0, 0, 0, 4, 1, 0.8181818181818182], [0, 0, 0, 0.08890563249588013, 0, 0, 8, 5, 12, 0, 0, 0, 0, 1, 3, 6, 0, 0, 0, 4, 0, 0.8461538461538461], [0, 0, 0, 0.13705497980117798, 0, 0, 8, 5, 12, 0, 0, 0, 0, 3, 1, 4, 0, 0, 0, 4, 0, 0.5], [0, 0, 0, 0.006881088018417358, 0, 0, 8, 3, 10, 0, 0, 0, 0, 1, 1, 5, 0, 0, 0, 2, 0, 0.6666666666666666], [1, 0, 0, 0.1543576717376709, 1, 0, 8, 4, 11, 1, 0, 1, 0, 2, 1, 2, 0, 0, 0, 3, 0, 0.75], [0, 0, 0, 0.1659548282623291, 0, 0, 6, 3, 8, 0, 0, 0, 0, 1, 1, 5, 0, 0, 0, 2, 0, 0.6666666666666666], [0, 0, 0, 0.07090085744857788, 0, 0, 8, 3, 10, 0, 0, 0, 0, 1, 1, 4, 0, 0, 0, 2, 0, 0.6], [0, 0, 0, 0.12718117237091064, 0, 0, 8, 3, 10, 0, 0, 0, 0, 1, 1, 4, 0, 0, 0, 2, 0, 0.6666666666666666], [0, 0, 0, 0.03775995969772339, 0, 0, 8, 13, 20, 0, 0, 0, 0, 11, 1, 1, 0, 0, 0, 12, 0, 0.2], [0, 0, 0, 0.1837671995162964, 0, 0, 8, 5, 12, 0, 0, 0, 0, 3, 1, 2, 0, 0, 0, 4, 0, 0.5], [0, 0, 0, 0.15795040130615234, 0, 0, 8, 3, 10, 0, 0, 0, 0, 1, 1, 7, 0, 0, 0, 2, 0, 0.6666666666666666], [0, 0, 0, 0.13333863019943237, 0, 0, 8, 4, 11, 0, 0, 0, 0, 2, 1, 5, 0, 0, 0, 3, 0, 0.5], [0, 0, 0, 0.08481520414352417, 0, 0, 8, 5, 12, 0, 0, 0, 0, 3, 1, 5, 0, 0, 0, 4, 0, 0.5], [1, 0, 1, 0.05455094575881958, 1, 0, 8, 4, 11, 1, 0, 1, 1, 2, 1, 6, 0, 0, 0, 3, 0, 0.8333333333333334], [0, 0, 0, 0.10911321640014648, 0, 0, 8, 5, 12, 0, 0, 0, 0, 3, 1, 6, 0, 0, 0, 4, 0, 0.8], [1, 0, 0, 0.1538832187652588, 1, 0, 8, 4, 11, 1, 0, 1, 0, 2, 1, 6, 0, 0, 0, 3, 1, 0.5], [1, 0, 1, 0.02032291889190674, 0, 0, 4, 4, 7, 1, 0, 1, 1, 2, 1, 3, 0, 0, 0, 3, 0, 0.6666666666666666], [1, 0, 1, 0.013401389122009277, 0, 0, 8, 11, 18, 1, 1, 1, 1, 8, 2, 1, 0, 0, 0, 10, 1, 0.5], [1, 0, 1, 0.0496029257774353, 1, 0, 8, 7, 14, 1, 0, 1, 1, 4, 2, 2, 0, 0, 0, 6, 0, 0.6666666666666666], [0, 0, 0, 0.08661365509033203, 0, 0, 8, 3, 10, 0, 0, 0, 0, 1, 1, 4, 0, 0, 0, 2, 0, 0.5], [0, 0, 0, 2.855062484741211e-05, 0, 0, 8, 13, 20, 0, 0, 0, 0, 9, 2, 1, 0, 0, 0, 12, 0, 0.5], [0, 0, 0, 0.1837816834449768, 0, 0, 8, 3, 10, 0, 0, 0, 0, 1, 1, 3, 0, 0, 0, 2, 0, 0.5], [1, 0, 0, 0.04295307397842407, 0, 0, 8, 9, 16, 1, 0, 0, 0, 4, 2, 3, 0, 0, 0, 8, 0, 0.5], [1, 0, 0, 0.004589498043060303, 0, 0, 8, 13, 20, 1, 0, 1, 0, 10, 2, 1, 0, 0, 0, 12, 1, 0.5], [1, 0, 0, 0.13643211126327515, 0, 0, 8, 13, 20, 1, 0, 1, 0, 9, 2, 1, 0, 0, 0, 12, 1, 0.5], [0, 0, 0, 0.04688641428947449, 0, 0, 8, 4, 11, 0, 0, 0, 0, 2, 1, 4, 0, 0, 0, 3, 0, 0.5], [1, 0, 0, 0.029520094394683838, 0, 0, 4, 7, 10, 1, 0, 1, 0, 4, 2, 3, 0, 0, 0, 6, 0, 0.6666666666666666], [0, 0, 0, 0.034238606691360474, 0, 0, 8, 4, 11, 0, 0, 0, 0, 2, 1, 5, 0, 0, 0, 3, 0, 0.6666666666666666], [0, 0, 0, 0.06052917242050171, 0, 0, 8, 13, 20, 0, 0, 0, 0, 11, 1, 3, 0, 0, 0, 12, 0, 0.5], [0, 0, 0, 0.1451798975467682, 0, 0, 8, 3, 10, 0, 0, 0, 0, 1, 1, 3, 0, 0, 0, 2, 0, 0.6666666666666666], [0, 0, 0, 0.008381813764572144, 0, 0, 8, 9, 16, 0, 0, 0, 0, 7, 1, 1, 0, 0, 0, 8, 0, 0.6666666666666666], [0, 0, 0, 0.013339042663574219, 0, 0, 8, 3, 10, 0, 0, 0, 0, 1, 1, 5, 0, 0, 0, 2, 0, 0.6666666666666666], [0, 0, 0, 0.09046739339828491, 0, 0, 8, 13, 20, 0, 0, 0, 0, 10, 2, 3, 0, 0, 0, 12, 0, 0.5], [0, 0, 0, 0.00847160816192627, 0, 0, 8, 13, 20, 0, 0, 1, 0, 11, 1, 1, 0, 0, 0, 12, 0, 0.03125], [0, 0, 0, 0.08151555061340332, 0, 0, 8, 13, 20, 0, 0, 1, 0, 10, 2, 3, 0, 0, 0, 12, 0, 0.5], [0, 0, 0, 0.25296956300735474, 0, 0, 8, 3, 10, 0, 0, 0, 0, 1, 1, 5, 0, 0, 0, 2, 0, 0.6666666666666666], [0, 0, 0, 0.09255772829055786, 0, 0, 8, 13, 20, 0, 0, 0, 0, 11, 1, 1, 0, 0, 0, 12, 0, 0.5], [0, 0, 0, 0.10977903008460999, 0, 0, 8, 4, 11, 0, 0, 0, 0, 2, 1, 5, 0, 0, 0, 3, 0, 0.8], [0, 0, 0, 0.007878124713897705, 0, 0, 8, 10, 17, 0, 0, 0, 0, 8, 1, 2, 0, 0, 0, 9, 0, 0.5], [0, 0, 0, 0.19178658723831177, 0, 0, 8, 10, 17, 0, 0, 0, 0, 5, 3, 3, 0, 0, 0, 9, 0, 0.5], [0, 0, 0, 0.04732483625411987, 0, 0, 8, 13, 20, 0, 0, 0, 0, 5, 6, 6, 0, 0, 0, 12, 0, 0.5], [0, 0, 0, 0.009309113025665283, 0, 0, 8, 13, 20, 0, 0, 0, 0, 11, 1, 1, 0, 0, 0, 12, 0, 0.5], [0, 0, 0, 0.06894761323928833, 0, 0, 8, 3, 10, 0, 0, 0, 0, 1, 1, 6, 0, 0, 0, 2, 0, 0.6666666666666666], [1, 0, 0, 0.007301211357116699, 0, 0, 8, 11, 18, 1, 0, 1, 0, 8, 2, 2, 0, 0, 0, 10, 0, 0.5], [0, 0, 0, 0.007959723472595215, 0, 0, 8, 6, 13, 0, 0, 0, 0, 4, 1, 5, 0, 0, 0, 5, 0, 0.6666666666666666], [0, 0, 0, 0.23847901821136475, 0, 0, 8, 3, 10, 0, 1, 0, 0, 1, 1, 4, 0, 0, 0, 2, 0, 0.625], [0, 0, 0, 0.014420956373214722, 0, 0, 8, 13, 20, 0, 0, 0, 0, 11, 1, 3, 0, 0, 0, 12, 0, 0.5], [1, 0, 0, 0.039136648178100586, 0, 0, 5, 3, 7, 1, 0, 0, 0, 1, 1, 3, 0, 0, 0, 2, 0, 0.8333333333333334], [1, 0, 0, 0.0050411224365234375, 0, 0, 8, 4, 11, 1, 0, 1, 0, 2, 1, 5, 0, 0, 0, 3, 0, 0.5], [0, 0, 0, 0.059066444635391235, 0, 0, 8, 3, 10, 0, 0, 0, 0, 1, 1, 3, 0, 0, 0, 2, 0, 0.5], [1, 0, 0, 0.16595494747161865, 0, 0, 7, 3, 9, 1, 0, 0, 0, 1, 1, 6, 0, 0, 0, 2, 0, 0.6666666666666666], [1, 0, 0, 0.035267263650894165, 0, 0, 8, 3, 10, 1, 0, 0, 0, 1, 1, 4, 0, 0, 0, 2, 1, 0.6666666666666666], [1, 0, 1, 0.05037379264831543, 0, 0, 8, 4, 11, 1, 0, 1, 1, 2, 1, 4, 0, 0, 0, 3, 1, 0.6666666666666666], [0, 0, 0, 0.02185654640197754, 0, 0, 8, 8, 15, 0, 0, 0, 0, 6, 1, 2, 0, 0, 0, 7, 0, 0.5], [1, 0, 1, 0.04146701097488403, 1, 0, 8, 13, 20, 1, 0, 1, 1, 5, 7, 6, 0, 0, 0, 12, 1, 0.5], [0, 0, 0, 0.11953258514404297, 0, 0, 8, 4, 11, 0, 0, 0, 0, 2, 1, 6, 0, 0, 0, 3, 0, 0.75], [0, 0, 0, 0.05936157703399658, 0, 0, 8, 13, 20, 0, 0, 0, 0, 10, 2, 2, 0, 0, 0, 12, 0, 0.6666666666666666], [0, 0, 0, 0.036687612533569336, 0, 0, 8, 3, 10, 0, 0, 0, 0, 1, 1, 5, 0, 0, 0, 2, 0, 0.8], [0, 0, 0, 0.10024982690811157, 0, 0, 8, 6, 13, 0, 0, 0, 0, 4, 1, 4, 0, 0, 0, 5, 0, 0.6666666666666666], [0, 0, 0, 0.010102123022079468, 0, 0, 8, 3, 10, 0, 0, 0, 0, 1, 1, 4, 0, 0, 0, 2, 0, 0.5], [0, 0, 0, 0.2676588296890259, 0, 0, 8, 3, 10, 0, 0, 0, 0, 1, 1, 4, 0, 0, 0, 2, 0, 0.6666666666666666], [1, 0, 0, 0.005946755409240723, 0, 0, 8, 11, 18, 1, 0, 0, 0, 2, 8, 4, 0, 0, 0, 10, 0, 0.8333333333333334], [1, 0, 1, 0.005764603614807129, 0, 0, 8, 6, 13, 1, 0, 1, 1, 2, 3, 5, 0, 0, 0, 5, 1, 0.5714285714285714], [0, 0, 0, 0.05674988031387329, 0, 0, 8, 3, 10, 0, 0, 0, 0, 1, 1, 6, 0, 0, 0, 2, 0, 0.6666666666666666], [1, 0, 0, 0.03387439250946045, 0, 0, 8, 7, 14, 1, 0, 1, 0, 3, 3, 4, 0, 0, 0, 6, 1, 0.5], [0, 0, 0, 0.03299736976623535, 0, 0, 8, 3, 10, 0, 0, 0, 0, 1, 1, 5, 0, 0, 0, 2, 0, 0.75], [0, 0, 0, 0.0014855265617370605, 0, 0, 8, 4, 11, 0, 0, 0, 0, 2, 1, 2, 0, 0, 0, 3, 0, 0.3333333333333333], [0, 0, 0, 0.07970523834228516, 0, 0, 8, 13, 20, 0, 0, 0, 0, 11, 1, 3, 0, 0, 0, 12, 0, 0.5], [1, 0, 0, 0.06319999694824219, 0, 0, 8, 7, 14, 1, 0, 1, 0, 5, 1, 4, 0, 0, 0, 6, 1, 0.75], [0, 0, 0, 0.11048951745033264, 0, 0, 8, 3, 10, 0, 0, 0, 0, 1, 1, 4, 0, 0, 0, 2, 0, 0.6666666666666666], [0, 0, 0, 0.06930971145629883, 0, 0, 8, 4, 11, 0, 0, 0, 0, 1, 2, 1, 0, 0, 0, 3, 0, 0.25], [0, 0, 0, 0.0019095540046691895, 0, 0, 8, 5, 12, 0, 0, 0, 0, 3, 1, 7, 0, 0, 0, 4, 0, 0.6666666666666666], [1, 0, 1, 0.009743034839630127, 1, 0, 8, 4, 11, 1, 0, 1, 1, 2, 1, 4, 0, 0, 0, 3, 0, 0.8333333333333334], [0, 0, 0, 0.02313101291656494, 0, 0, 8, 4, 11, 0, 0, 0, 0, 2, 1, 6, 0, 0, 0, 3, 0, 0.5], [1, 0, 1, 0.0037848949432373047, 1, 0, 8, 5, 12, 1, 0, 1, 1, 2, 2, 4, 0, 0, 0, 4, 0, 0.8], [1, 0, 1, 0.03464245796203613, 0, 0, 8, 11, 18, 1, 0, 1, 1, 8, 2, 4, 0, 0, 0, 10, 1, 0.6666666666666666], [0, 0, 0, 0.008683562278747559, 0, 0, 8, 10, 17, 0, 0, 0, 0, 8, 1, 2, 0, 0, 0, 9, 0, 0.5], [0, 0, 0, 0.09479445219039917, 0, 0, 8, 4, 11, 0, 0, 0, 0, 2, 1, 4, 0, 0, 0, 3, 0, 0.6666666666666666], [0, 0, 0, 0.01720905303955078, 0, 0, 8, 3, 10, 0, 0, 0, 0, 1, 1, 4, 0, 0, 0, 2, 0, 0.75], [1, 0, 1, 0.06335020065307617, 1, 0, 8, 6, 13, 1, 0, 1, 1, 3, 2, 4, 0, 0, 0, 5, 1, 0.5], [1, 0, 0, 0.08800914883613586, 0, 0, 8, 4, 11, 1, 0, 0, 0, 2, 1, 6, 0, 0, 0, 3, 0, 0.6666666666666666], [1, 0, 1, 0.008415937423706055, 1, 0, 7, 13, 19, 1, 0, 1, 1, 4, 7, 6, 0, 0, 0, 12, 1, 0.8333333333333334], [1, 0, 0, 0.012160927057266235, 0, 0, 8, 3, 10, 1, 0, 0, 0, 1, 1, 6, 0, 0, 0, 2, 0, 0.6666666666666666], [0, 0, 0, 0.11401063203811646, 0, 0, 8, 10, 17, 0, 0, 0, 0, 6, 2, 5, 0, 0, 0, 9, 0, 0.8], [1, 0, 1, 0.0, 1, 0, 5, 13, 17, 1, 0, 1, 1, 3, 9, 4, 0, 0, 0, 12, 1, 0.75], [0, 0, 0, 0.023333191871643066, 0, 0, 8, 3, 10, 0, 0, 0, 0, 1, 1, 4, 0, 0, 0, 2, 0, 0.5], [0, 0, 0, 0.004144132137298584, 0, 0, 8, 4, 11, 0, 0, 0, 0, 2, 1, 2, 0, 0, 0, 3, 0, 0.8], [0, 0, 0, 0.041573941707611084, 0, 0, 8, 3, 10, 0, 0, 0, 0, 1, 1, 2, 0, 0, 0, 2, 0, 0.2857142857142857], [0, 0, 0, 0.08164006471633911, 0, 0, 8, 3, 10, 0, 0, 0, 0, 1, 1, 3, 0, 0, 0, 2, 0, 0.5], [1, 0, 1, 0.07614833116531372, 1, 0, 8, 4, 11, 1, 0, 1, 1, 2, 1, 6, 0, 0, 0, 3, 1, 0.6666666666666666], [0, 0, 0, 0.03920993208885193, 0, 0, 8, 5, 12, 0, 0, 0, 0, 3, 1, 4, 0, 0, 0, 4, 0, 0.6666666666666666], [0, 0, 0, 0.03597140312194824, 0, 0, 8, 13, 20, 0, 0, 1, 0, 11, 1, 1, 0, 0, 0, 12, 0, 0.5], [0, 0, 0, 0.0601426362991333, 0, 0, 8, 7, 14, 0, 0, 0, 0, 5, 1, 1, 0, 0, 0, 6, 0, 0.6666666666666666], [0, 0, 0, 0.0013595819473266602, 0, 0, 8, 7, 14, 0, 0, 0, 0, 5, 1, 3, 0, 0, 0, 6, 0, 0.5], [0, 0, 0, 0.06193965673446655, 0, 0, 8, 13, 20, 0, 0, 0, 0, 9, 2, 2, 0, 0, 0, 12, 0, 0.5], [0, 0, 0, 0.11817759275436401, 0, 0, 8, 3, 10, 0, 0, 0, 0, 1, 1, 5, 0, 0, 0, 2, 0, 0.6666666666666666], [0, 0, 0, 0.04329463839530945, 0, 0, 8, 4, 11, 0, 0, 0, 0, 2, 1, 4, 0, 0, 0, 3, 0, 0.6666666666666666], [0, 0, 0, 0.051806747913360596, 0, 0, 3, 5, 7, 0, 0, 0, 0, 2, 2, 2, 0, 0, 0, 4, 0, 0.6666666666666666], [0, 0, 0, 0.0071482062339782715, 0, 0, 8, 13, 20, 0, 0, 1, 0, 6, 3, 1, 0, 0, 0, 12, 0, 0.6666666666666666], [0, 0, 0, 0.10210603475570679, 0, 0, 8, 6, 13, 0, 0, 0, 0, 4, 1, 4, 0, 0, 0, 5, 0, 0.5], [0, 0, 0, 0.011364638805389404, 0, 0, 8, 13, 20, 0, 0, 0, 0, 5, 4, 2, 0, 0, 0, 12, 0, 0.5714285714285714], [0, 0, 0, 0.03476583957672119, 0, 0, 8, 13, 20, 0, 0, 0, 0, 10, 2, 1, 0, 0, 0, 12, 0, 0.5], [1, 0, 0, 0.011128425598144531, 0, 0, 7, 4, 10, 1, 0, 0, 0, 1, 2, 5, 0, 0, 0, 3, 0, 0.6666666666666666], [1, 0, 1, 0.038974642753601074, 1, 0, 8, 7, 14, 1, 0, 1, 1, 4, 2, 3, 0, 0, 0, 6, 1, 0.8], [0, 0, 0, 0.00866711139678955, 0, 0, 8, 13, 20, 0, 0, 0, 0, 9, 3, 1, 0, 0, 0, 12, 0, 0.5], [0, 0, 0, 0.02042067050933838, 0, 0, 8, 4, 11, 0, 0, 0, 0, 2, 1, 6, 0, 0, 0, 3, 0, 0.6666666666666666], [1, 0, 1, 0.0001353621482849121, 1, 0, 6, 13, 18, 1, 0, 1, 1, 3, 7, 5, 0, 0, 0, 12, 1, 0.8333333333333334], [0, 0, 0, 0.09335923194885254, 0, 0, 8, 4, 11, 0, 0, 0, 0, 2, 1, 3, 0, 0, 0, 3, 0, 0.5], [0, 0, 0, 0.05002039670944214, 0, 0, 8, 13, 20, 0, 0, 0, 0, 11, 1, 4, 0, 0, 0, 12, 0, 0.5], [1, 0, 0, 0.0, 0, 0, 3, 5, 7, 1, 0, 1, 0, 3, 1, 2, 0, 0, 0, 4, 1, 0.75], [0, 0, 0, 0.001632094383239746, 0, 0, 8, 13, 20, 0, 0, 0, 0, 11, 1, 2, 0, 0, 0, 12, 0, 0.5], [0, 0, 0, 0.17612886428833008, 0, 0, 8, 3, 10, 0, 0, 0, 0, 1, 1, 7, 0, 0, 0, 2, 0, 0.6666666666666666], [1, 0, 1, 0.11286312341690063, 1, 0, 8, 5, 12, 1, 0, 1, 1, 2, 2, 6, 0, 0, 0, 4, 1, 0.8], [0, 0, 0, 0.059233129024505615, 0, 0, 8, 5, 12, 0, 0, 0, 0, 3, 1, 6, 0, 0, 0, 4, 0, 0.5], [0, 0, 0, 0.01149645447731018, 0, 0, 8, 4, 11, 0, 0, 0, 0, 1, 2, 3, 0, 0, 0, 3, 0, 0.875], [0, 0, 0, 0.004854053258895874, 0, 0, 8, 13, 20, 0, 0, 0, 0, 11, 1, 2, 0, 0, 0, 12, 0, 0.5], [0, 0, 1, 0.08059340715408325, 0, 0, 8, 5, 12, 0, 0, 1, 1, 3, 1, 5, 0, 0, 0, 4, 0, 0.6666666666666666], [0, 0, 0, 0.004974186420440674, 0, 0, 8, 5, 12, 0, 0, 0, 0, 2, 2, 5, 0, 0, 0, 4, 0, 0.875], [1, 0, 0, 0.1417393982410431, 0, 0, 8, 4, 11, 1, 0, 1, 0, 2, 1, 3, 0, 0, 0, 3, 0, 0.6666666666666666], [0, 0, 0, 0.19470220804214478, 0, 0, 8, 3, 10, 0, 0, 0, 0, 1, 1, 6, 0, 0, 0, 2, 0, 0.75], [0, 0, 1, 0.004442989826202393, 0, 0, 8, 4, 11, 0, 0, 1, 1, 2, 1, 4, 0, 0, 0, 3, 0, 0.5], [0, 0, 0, 0.15367773175239563, 0, 0, 8, 3, 10, 0, 0, 0, 0, 1, 1, 4, 0, 0, 0, 2, 0, 0.75], [1, 0, 0, 0.0, 0, 0, 8, 5, 12, 1, 0, 0, 0, 3, 1, 3, 0, 0, 0, 4, 0, 0.6666666666666666], [0, 0, 0, 0.13554108142852783, 0, 0, 8, 3, 10, 0, 0, 0, 0, 1, 1, 4, 0, 0, 0, 2, 0, 0.5], [0, 0, 0, 0.014610052108764648, 0, 0, 8, 13, 20, 0, 0, 0, 0, 9, 2, 3, 0, 0, 0, 12, 0, 0.5714285714285714], [1, 0, 0, 0.0, 0, 0, 8, 9, 16, 1, 0, 1, 0, 7, 1, 4, 0, 0, 0, 8, 0, 0.5], [0, 0, 0, 0.0, 0, 0, 8, 13, 20, 0, 0, 0, 0, 11, 1, 4, 0, 0, 0, 12, 0, 0.5], [1, 0, 0, 0.007301211357116699, 0, 0, 8, 11, 18, 1, 0, 1, 0, 8, 2, 2, 0, 0, 0, 10, 0, 0.5], [1, 0, 1, 0.001262068748474121, 0, 0, 8, 4, 11, 1, 0, 1, 1, 2, 1, 1, 0, 0, 0, 3, 0, 0.42857142857142855], [0, 0, 0, 0.1831507682800293, 0, 0, 8, 4, 11, 0, 0, 0, 0, 2, 1, 4, 0, 0, 0, 3, 0, 0.6666666666666666], [0, 0, 0, 0.1063874363899231, 0, 0, 8, 4, 11, 0, 0, 0, 0, 2, 1, 4, 0, 0, 0, 3, 0, 0.6666666666666666], [0, 0, 0, 0.015122056007385254, 0, 0, 8, 13, 20, 0, 0, 0, 0, 9, 2, 3, 0, 0, 0, 12, 0, 0.5], [0, 0, 0, 0.016863614320755005, 0, 0, 8, 13, 20, 0, 0, 0, 0, 11, 1, 3, 0, 0, 0, 12, 0, 0.6666666666666666], [0, 0, 0, 0.36596375703811646, 0, 0, 8, 3, 10, 0, 0, 0, 0, 1, 1, 4, 0, 0, 0, 2, 0, 0.6666666666666666], [1, 0, 0, 0.00458526611328125, 0, 0, 8, 3, 10, 1, 0, 0, 0, 1, 1, 3, 0, 0, 0, 2, 0, 0.75], [0, 0, 0, 0.05989557504653931, 0, 0, 8, 5, 12, 0, 0, 0, 0, 3, 1, 5, 0, 0, 0, 4, 0, 0.6666666666666666], [0, 0, 0, 0.02464619278907776, 0, 0, 8, 13, 20, 0, 1, 0, 0, 11, 1, 3, 0, 0, 0, 12, 0, 0.5], [0, 0, 0, 0.018724441528320312, 0, 0, 8, 10, 17, 0, 0, 1, 0, 6, 3, 1, 0, 0, 0, 9, 0, 0.875], [0, 0, 1, 0.006907135248184204, 0, 0, 8, 13, 20, 0, 0, 1, 1, 2, 10, 5, 0, 0, 0, 12, 0, 0.5], [0, 0, 0, 0.008820652961730957, 0, 0, 8, 3, 10, 0, 0, 0, 0, 1, 1, 1, 0, 0, 0, 2, 0, 0.3], [0, 0, 1, 0.04122275114059448, 0, 0, 8, 5, 12, 0, 0, 1, 1, 2, 2, 3, 0, 0, 0, 4, 0, 0.5], [1, 0, 1, 0.015048623085021973, 1, 0, 5, 13, 17, 1, 0, 1, 1, 3, 7, 3, 0, 0, 0, 12, 1, 0.875], [0, 0, 0, 0.4991205036640167, 0, 0, 8, 3, 10, 0, 0, 0, 0, 1, 1, 4, 0, 0, 0, 2, 0, 0.5], [0, 0, 0, 0.0013614892959594727, 0, 0, 8, 13, 20, 0, 0, 1, 0, 11, 1, 1, 0, 0, 0, 12, 0, 0.5], [1, 0, 0, 0.053456664085388184, 0, 0, 4, 3, 6, 1, 0, 0, 0, 1, 1, 3, 0, 0, 0, 2, 0, 0.75], [0, 0, 0, 0.04594546556472778, 0, 0, 8, 4, 11, 0, 0, 1, 0, 2, 1, 5, 0, 0, 0, 3, 0, 0.5], [1, 0, 1, 0.139928936958313, 1, 1, 8, 8, 15, 1, 0, 1, 1, 2, 4, 5, 0, 0, 0, 7, 0, 0.6666666666666666], [0, 0, 0, 0.02788597345352173, 0, 0, 8, 4, 11, 0, 0, 0, 0, 2, 1, 3, 0, 0, 0, 3, 0, 0.5], [1, 0, 0, 0.06558078527450562, 0, 0, 8, 13, 20, 1, 0, 0, 0, 11, 1, 4, 0, 0, 0, 12, 0, 0.6666666666666666], [1, 0, 1, 0.0037848949432373047, 1, 0, 8, 5, 12, 1, 0, 1, 1, 2, 2, 4, 0, 0, 0, 4, 0, 0.8], [0, 0, 0, 0.026794493198394775, 0, 0, 8, 7, 14, 0, 0, 0, 0, 5, 1, 5, 0, 0, 0, 6, 0, 0.5], [1, 0, 0, 0.11776447296142578, 0, 0, 8, 3, 10, 1, 1, 0, 0, 1, 1, 3, 0, 0, 0, 2, 0, 0.5], [0, 0, 0, 0.10891550779342651, 0, 0, 8, 3, 10, 0, 0, 0, 0, 1, 1, 5, 0, 0, 0, 2, 0, 0.5], [0, 0, 0, 0.05437338352203369, 0, 0, 8, 13, 20, 0, 0, 0, 0, 6, 5, 3, 0, 0, 0, 12, 0, 0.5], [1, 0, 0, 0.0052089691162109375, 0, 0, 8, 4, 11, 1, 0, 0, 0, 2, 1, 4, 0, 0, 0, 3, 0, 0.5], [0, 0, 0, 0.006025791168212891, 0, 0, 8, 8, 15, 0, 0, 0, 0, 5, 2, 5, 0, 0, 0, 7, 0, 0.5], [1, 0, 0, 0.0, 1, 0, 8, 6, 13, 1, 0, 1, 0, 4, 1, 4, 0, 0, 0, 5, 1, 0.5], [1, 0, 0, 0.07422089576721191, 1, 0, 8, 9, 16, 1, 0, 1, 0, 6, 2, 5, 0, 0, 0, 8, 1, 0.8333333333333334], [1, 0, 1, 0.45085155963897705, 1, 0, 8, 5, 12, 1, 0, 1, 1, 2, 2, 2, 0, 0, 0, 4, 1, 0.75], [1, 0, 0, 0.09105277061462402, 0, 0, 8, 5, 12, 1, 0, 0, 0, 1, 3, 6, 0, 0, 0, 4, 0, 0.6666666666666666], [0, 0, 0, 0.024353384971618652, 0, 1, 8, 12, 19, 0, 0, 0, 0, 4, 6, 5, 0, 0, 0, 11, 0, 0.8], [0, 0, 0, 0.0032152533531188965, 0, 0, 8, 13, 20, 0, 0, 0, 0, 11, 1, 1, 0, 0, 0, 12, 0, 0.5], [1, 0, 1, 0.173566997051239, 0, 1, 8, 4, 11, 1, 0, 0, 0, 2, 1, 5, 0, 0, 0, 3, 0, 0.875], [0, 0, 0, 0.06338375806808472, 0, 0, 8, 4, 11, 0, 0, 0, 0, 2, 1, 5, 0, 0, 0, 3, 0, 0.5], [0, 0, 0, 0.0013614892959594727, 0, 0, 8, 13, 20, 0, 0, 0, 0, 10, 2, 1, 0, 0, 0, 12, 0, 0.5], [0, 0, 0, 0.005564332008361816, 0, 0, 8, 3, 10, 0, 0, 0, 0, 1, 1, 7, 0, 0, 0, 2, 0, 0.6666666666666666], [1, 0, 0, 0.08285713195800781, 0, 0, 5, 3, 7, 1, 0, 0, 0, 1, 1, 3, 0, 0, 0, 2, 1, 0.5], [0, 0, 0, 0.2395496964454651, 0, 0, 8, 4, 11, 0, 0, 0, 0, 2, 1, 4, 0, 0, 0, 3, 0, 0.8], [0, 0, 1, 0.13110458850860596, 0, 0, 8, 5, 12, 0, 0, 1, 1, 3, 1, 3, 0, 0, 0, 4, 0, 0.875], [0, 0, 0, 0.012457817792892456, 0, 0, 8, 3, 10, 0, 0, 0, 0, 1, 1, 5, 0, 0, 0, 2, 0, 0.6666666666666666], [1, 0, 1, 0.07880988717079163, 0, 0, 8, 4, 11, 1, 0, 1, 1, 2, 1, 5, 0, 0, 0, 3, 0, 0.5], [0, 0, 0, 0.11122989654541016, 0, 0, 8, 4, 11, 0, 0, 0, 0, 2, 1, 5, 0, 0, 0, 3, 0, 0.5], [1, 0, 1, 0.027670323848724365, 1, 0, 8, 4, 11, 1, 0, 1, 1, 2, 1, 7, 0, 0, 0, 3, 1, 0.6666666666666666], [1, 0, 0, 0.0022319555282592773, 0, 0, 8, 13, 20, 1, 0, 1, 0, 5, 4, 2, 0, 0, 0, 12, 0, 0.5714285714285714], [0, 0, 0, 0.3541949987411499, 0, 0, 8, 9, 16, 0, 0, 0, 0, 4, 3, 5, 0, 0, 0, 8, 0, 0.6666666666666666], [0, 0, 0, 0.0689321756362915, 0, 0, 8, 4, 11, 0, 0, 0, 0, 1, 2, 5, 0, 0, 0, 3, 0, 0.5], [0, 0, 0, 0.20186156034469604, 0, 0, 8, 3, 10, 0, 0, 0, 0, 1, 1, 6, 0, 0, 0, 2, 0, 0.75], [0, 0, 0, 0.0028297603130340576, 0, 0, 8, 3, 10, 0, 0, 0, 0, 1, 1, 4, 0, 0, 0, 2, 0, 0.6666666666666666], [0, 0, 0, 0.009394824504852295, 0, 0, 8, 4, 11, 0, 0, 0, 0, 1, 2, 5, 0, 0, 0, 3, 0, 0.6666666666666666], [1, 0, 0, 0.013218402862548828, 0, 0, 8, 13, 20, 1, 0, 0, 0, 11, 1, 2, 0, 0, 0, 12, 0, 0.5], [1, 0, 1, 0.007736861705780029, 0, 1, 8, 4, 11, 1, 0, 0, 0, 2, 1, 5, 0, 0, 0, 3, 0, 0.8333333333333334], [0, 0, 0, 0.03275942802429199, 0, 0, 8, 3, 10, 0, 0, 0, 0, 1, 1, 5, 0, 0, 0, 2, 0, 0.6666666666666666], [0, 0, 0, 0.13060766458511353, 0, 0, 8, 3, 10, 0, 0, 0, 0, 1, 1, 1, 0, 0, 0, 2, 0, 0.125], [0, 0, 0, 0.005529165267944336, 0, 0, 8, 13, 20, 0, 0, 0, 0, 8, 2, 1, 0, 0, 0, 12, 0, 0.3333333333333333], [1, 0, 0, 0.133722722530365, 0, 0, 8, 4, 11, 1, 0, 1, 0, 2, 1, 5, 0, 0, 0, 3, 1, 0.8461538461538461], [1, 0, 0, 0.022831320762634277, 0, 0, 8, 11, 18, 1, 0, 1, 0, 6, 3, 6, 0, 0, 0, 10, 0, 0.8666666666666667], [0, 0, 0, 0.0181846022605896, 0, 0, 8, 7, 14, 0, 0, 0, 0, 5, 1, 5, 0, 0, 0, 6, 0, 0.5], [1, 0, 0, 0.1846853494644165, 0, 1, 8, 4, 11, 1, 0, 0, 0, 1, 2, 5, 0, 0, 0, 3, 0, 0.6666666666666666], [0, 0, 0, 0.09871178865432739, 0, 0, 8, 3, 10, 0, 0, 0, 0, 1, 1, 1, 0, 0, 0, 2, 0, 0.5], [0, 0, 0, 0.005615413188934326, 0, 0, 8, 11, 18, 0, 0, 1, 0, 6, 3, 5, 0, 0, 0, 10, 0, 0.8181818181818182], [1, 0, 0, 0.007063388824462891, 0, 0, 8, 7, 14, 1, 0, 0, 0, 2, 4, 2, 0, 0, 0, 6, 0, 0.875], [0, 0, 0, 0.01443570852279663, 0, 0, 8, 7, 14, 0, 0, 1, 0, 3, 3, 6, 0, 0, 0, 6, 0, 0.6666666666666666], [0, 0, 0, 0.07831317186355591, 0, 0, 8, 13, 20, 0, 0, 0, 0, 10, 2, 1, 0, 0, 0, 12, 0, 0.5], [0, 0, 0, 0.06496813893318176, 0, 0, 8, 13, 20, 0, 0, 0, 0, 11, 1, 1, 0, 0, 0, 12, 0, 0.5], [0, 0, 0, 0.00010463595390319824, 0, 0, 8, 9, 16, 0, 0, 0, 0, 7, 1, 4, 0, 0, 0, 8, 0, 0.6666666666666666], [0, 0, 0, 0.3174765706062317, 0, 0, 8, 5, 12, 0, 0, 0, 0, 2, 2, 4, 0, 0, 0, 4, 0, 0.6666666666666666], [1, 0, 0, 0.0019443631172180176, 0, 0, 8, 13, 20, 1, 0, 1, 0, 5, 5, 1, 0, 0, 0, 12, 0, 0.5], [1, 0, 1, 0.14505571126937866, 0, 1, 8, 3, 10, 1, 0, 0, 0, 1, 1, 6, 0, 0, 0, 2, 0, 0.6666666666666666], [1, 0, 0, 0.011921107769012451, 0, 0, 8, 13, 20, 1, 0, 1, 0, 6, 4, 1, 0, 0, 0, 12, 1, 0.5], [1, 0, 1, 0.017019689083099365, 1, 0, 8, 13, 20, 1, 0, 1, 1, 7, 3, 2, 0, 0, 0, 12, 1, 0.5], [0, 0, 1, 0.051862359046936035, 0, 0, 8, 5, 12, 0, 0, 1, 1, 3, 1, 5, 0, 0, 0, 4, 0, 0.5], [0, 0, 0, 0.06919032335281372, 0, 0, 8, 4, 11, 0, 0, 0, 0, 2, 1, 5, 0, 0, 0, 3, 0, 0.5], [1, 0, 0, 0.010337769985198975, 0, 0, 8, 13, 20, 1, 0, 0, 0, 9, 2, 5, 0, 0, 0, 12, 0, 0.5], [0, 0, 0, 0.00972127914428711, 0, 0, 8, 3, 10, 0, 0, 0, 0, 1, 1, 2, 0, 0, 0, 2, 0, 0.875], [0, 0, 0, 0.0647442638874054, 0, 0, 8, 4, 11, 0, 0, 0, 0, 2, 1, 5, 0, 0, 0, 3, 0, 0.6666666666666666], [0, 0, 0, 0.020431727170944214, 0, 0, 8, 5, 12, 0, 0, 0, 0, 3, 1, 5, 0, 0, 0, 4, 0, 0.5], [0, 0, 0, 0.5022292733192444, 0, 0, 8, 3, 10, 0, 0, 0, 0, 1, 1, 4, 0, 0, 0, 2, 0, 0.5], [0, 0, 0, 0.005289673805236816, 0, 0, 8, 3, 10, 0, 0, 0, 0, 1, 1, 4, 0, 0, 0, 2, 0, 0.6666666666666666], [0, 0, 0, 0.020445823669433594, 0, 0, 8, 3, 10, 0, 0, 0, 0, 1, 1, 4, 0, 0, 0, 2, 0, 0.6666666666666666], [0, 0, 0, 0.06558370590209961, 0, 0, 8, 6, 13, 0, 0, 0, 0, 4, 1, 4, 0, 0, 0, 5, 0, 0.5], [1, 0, 0, 0.08239728212356567, 0, 0, 8, 4, 11, 1, 0, 1, 0, 2, 1, 4, 0, 0, 0, 3, 0, 0.8], [0, 0, 0, 0.08816701173782349, 0, 0, 8, 3, 10, 0, 0, 0, 0, 1, 1, 6, 0, 0, 0, 2, 0, 0.6666666666666666], [1, 0, 0, 0.039136648178100586, 0, 0, 5, 5, 9, 1, 0, 0, 0, 1, 3, 3, 0, 0, 0, 4, 0, 0.8333333333333334], [0, 0, 0, 0.23819220066070557, 0, 0, 8, 3, 10, 0, 0, 0, 0, 1, 1, 4, 0, 0, 0, 2, 0, 0.75], [0, 0, 0, 0.0732312798500061, 0, 0, 8, 4, 11, 0, 0, 0, 0, 2, 1, 4, 0, 0, 0, 3, 0, 0.5], [0, 0, 0, 0.0398101806640625, 0, 0, 8, 4, 11, 0, 0, 0, 0, 2, 1, 4, 0, 0, 0, 3, 0, 0.5], [1, 0, 0, 0.03913658857345581, 0, 0, 5, 3, 7, 1, 0, 0, 0, 1, 1, 3, 0, 0, 0, 2, 0, 0.8333333333333334], [0, 0, 0, 0.08055263757705688, 0, 0, 8, 3, 10, 0, 0, 0, 0, 1, 1, 3, 0, 0, 0, 2, 0, 0.6111111111111112], [0, 0, 0, 0.08062782883644104, 0, 0, 8, 13, 20, 0, 0, 0, 0, 10, 2, 3, 0, 0, 0, 12, 0, 0.5], [1, 0, 1, 0.00930243730545044, 1, 0, 5, 5, 9, 1, 0, 1, 1, 2, 2, 3, 0, 0, 0, 4, 1, 0.8333333333333334], [0, 0, 0, 0.03271356225013733, 0, 0, 8, 5, 12, 0, 0, 0, 0, 3, 1, 4, 0, 0, 0, 4, 0, 0.6], [0, 0, 0, 0.10070589184761047, 0, 0, 8, 12, 19, 0, 0, 0, 0, 9, 2, 1, 0, 0, 0, 11, 0, 0.5], [0, 0, 0, 0.043591856956481934, 0, 0, 8, 3, 10, 0, 0, 0, 0, 1, 1, 4, 0, 0, 0, 2, 0, 0.5], [1, 0, 1, 0.04661589860916138, 0, 0, 8, 8, 15, 1, 0, 1, 1, 3, 4, 5, 0, 0, 0, 7, 0, 0.6666666666666666], [0, 0, 0, 0.030848920345306396, 0, 0, 8, 4, 11, 0, 0, 0, 0, 2, 1, 4, 0, 0, 0, 3, 0, 0.6666666666666666], [1, 0, 1, 0.0, 0, 0, 8, 7, 14, 1, 0, 1, 0, 3, 2, 6, 0, 0, 0, 6, 1, 0.6666666666666666], [0, 0, 0, 0.0, 0, 0, 8, 4, 11, 0, 0, 0, 0, 2, 1, 6, 0, 0, 0, 3, 0, 0.6666666666666666], [0, 0, 0, 0.0008310675621032715, 0, 0, 8, 13, 20, 0, 0, 0, 0, 9, 3, 1, 0, 0, 0, 12, 0, 0.5], [1, 0, 0, 0.06895226240158081, 0, 0, 8, 5, 12, 1, 0, 0, 0, 3, 1, 2, 0, 0, 0, 4, 0, 0.6666666666666666], [1, 0, 0, 0.12344253063201904, 0, 0, 8, 3, 10, 1, 0, 0, 0, 1, 1, 2, 0, 0, 0, 2, 0, 0.2], [0, 0, 0, 0.0065149664878845215, 0, 0, 8, 5, 12, 0, 0, 0, 0, 3, 1, 5, 0, 0, 0, 4, 0, 0.5], [1, 0, 0, 0.003518819808959961, 0, 0, 8, 3, 10, 1, 0, 0, 0, 1, 1, 5, 0, 0, 0, 2, 0, 0.5], [1, 0, 0, 0.0007385015487670898, 0, 0, 8, 13, 20, 1, 1, 1, 0, 4, 7, 1, 0, 0, 0, 12, 0, 0.5714285714285714], [0, 0, 0, 0.005564332008361816, 0, 0, 8, 3, 10, 0, 0, 0, 0, 1, 1, 7, 0, 0, 0, 2, 0, 0.6666666666666666], [0, 0, 0, 0.027214795351028442, 0, 0, 8, 6, 13, 0, 0, 0, 0, 4, 1, 3, 0, 0, 0, 5, 0, 0.5], [0, 0, 0, 0.1677241325378418, 0, 0, 8, 10, 17, 0, 0, 0, 0, 5, 3, 3, 0, 0, 0, 9, 0, 0.5], [1, 0, 1, 0.009885549545288086, 1, 0, 8, 11, 18, 1, 0, 1, 1, 3, 7, 3, 0, 0, 0, 10, 1, 0.6666666666666666], [0, 0, 1, 0.11117956042289734, 0, 0, 8, 4, 11, 0, 0, 1, 0, 2, 1, 4, 0, 0, 0, 3, 0, 0.5], [1, 0, 1, 0.008415937423706055, 1, 0, 7, 13, 19, 1, 0, 1, 1, 4, 7, 6, 0, 0, 0, 12, 1, 0.8333333333333334], [0, 0, 0, 0.036687612533569336, 0, 0, 8, 3, 10, 0, 0, 0, 0, 1, 1, 6, 0, 0, 0, 2, 0, 0.8], [1, 0, 0, 0.016355812549591064, 0, 0, 8, 3, 10, 1, 0, 0, 0, 1, 1, 5, 0, 0, 0, 2, 0, 0.6666666666666666], [1, 0, 0, 0.038239240646362305, 0, 0, 8, 9, 16, 1, 0, 1, 0, 5, 2, 3, 0, 0, 0, 8, 0, 0.5], [1, 0, 1, 0.004436850547790527, 1, 0, 6, 13, 18, 1, 0, 1, 1, 8, 3, 2, 0, 0, 0, 12, 1, 0.75], [0, 0, 0, 0.023705124855041504, 0, 0, 8, 13, 20, 0, 0, 0, 0, 9, 3, 1, 0, 0, 0, 12, 0, 0.5], [1, 0, 1, 0.17203247547149658, 0, 1, 8, 3, 10, 1, 0, 0, 0, 1, 1, 6, 0, 0, 0, 2, 0, 0.6666666666666666], [1, 0, 0, 0.039136648178100586, 0, 0, 5, 3, 7, 1, 0, 0, 0, 1, 1, 3, 0, 0, 0, 2, 0, 0.8333333333333334], [0, 0, 0, 0.03491777181625366, 0, 0, 8, 3, 10, 0, 0, 0, 0, 1, 1, 2, 0, 0, 0, 2, 0, 0.5], [1, 0, 0, 0.10151922702789307, 0, 0, 8, 13, 20, 1, 0, 1, 0, 10, 2, 1, 0, 0, 0, 12, 1, 0.5], [0, 0, 0, 0.13983184099197388, 0, 0, 8, 9, 16, 0, 0, 1, 0, 5, 2, 3, 0, 0, 0, 8, 0, 0.5], [0, 0, 0, 0.211053729057312, 0, 0, 8, 3, 10, 0, 0, 0, 0, 1, 1, 5, 0, 0, 0, 2, 0, 0.6666666666666666], [0, 0, 0, 0.1835418939590454, 0, 0, 8, 3, 10, 0, 0, 0, 0, 1, 1, 5, 0, 0, 0, 2, 0, 0.6666666666666666], [1, 0, 1, 0.0, 1, 0, 2, 8, 9, 1, 0, 1, 1, 4, 3, 1, 0, 0, 0, 7, 1, 0.6666666666666666], [1, 0, 0, 0.16083067655563354, 0, 0, 8, 4, 11, 1, 0, 1, 0, 2, 1, 4, 0, 0, 0, 3, 0, 0.6666666666666666], [0, 0, 0, 0.0077988505363464355, 0, 0, 8, 13, 20, 0, 0, 0, 0, 4, 5, 2, 0, 0, 0, 12, 0, 0.5714285714285714], [1, 0, 1, 0.032752156257629395, 1, 0, 8, 10, 17, 1, 0, 1, 1, 6, 2, 1, 0, 0, 0, 9, 1, 0.875], [1, 0, 0, 0.013218402862548828, 0, 0, 8, 13, 20, 1, 0, 1, 0, 8, 3, 2, 0, 0, 0, 12, 0, 0.5], [0, 0, 0, 0.016847774386405945, 0, 0, 8, 3, 10, 0, 0, 0, 0, 1, 1, 3, 0, 0, 0, 2, 0, 0.6666666666666666], [0, 0, 0, 0.07141497731208801, 0, 0, 8, 6, 13, 0, 0, 0, 0, 4, 1, 4, 0, 0, 0, 5, 0, 0.5], [0, 0, 0, 0.005817830562591553, 0, 0, 8, 3, 10, 0, 0, 0, 0, 1, 1, 5, 0, 0, 0, 2, 0, 0.6666666666666666], [0, 0, 0, 0.05065798759460449, 0, 0, 8, 13, 20, 0, 0, 1, 0, 4, 8, 6, 0, 0, 0, 12, 0, 0.5], [1, 0, 0, 0.04176509380340576, 0, 0, 8, 8, 15, 1, 0, 0, 0, 3, 4, 6, 0, 0, 0, 7, 0, 0.75], [0, 0, 0, 0.005700945854187012, 0, 0, 7, 13, 19, 0, 0, 1, 0, 7, 4, 4, 0, 0, 0, 12, 0, 0.8181818181818182], [1, 0, 1, 0.20264363288879395, 0, 1, 8, 3, 10, 1, 0, 0, 0, 1, 1, 5, 0, 0, 0, 2, 0, 0.6666666666666666], [0, 0, 0, 0.07643824815750122, 0, 0, 8, 13, 20, 0, 0, 0, 0, 8, 3, 1, 0, 0, 0, 12, 0, 0.5], [0, 0, 0, 0.0513836145401001, 0, 0, 8, 6, 13, 0, 0, 0, 0, 3, 2, 2, 0, 0, 0, 5, 0, 0.5], [0, 0, 1, 0.06334075331687927, 0, 0, 8, 6, 13, 0, 0, 1, 1, 4, 1, 3, 0, 0, 0, 5, 0, 0.6666666666666666], [0, 0, 0, 0.0, 0, 0, 4, 4, 7, 0, 0, 0, 0, 2, 1, 3, 0, 0, 0, 3, 0, 0.75], [0, 0, 0, 0.07743656635284424, 0, 0, 8, 5, 12, 0, 0, 0, 0, 3, 1, 6, 0, 0, 0, 4, 0, 0.6666666666666666], [1, 0, 1, 0.3408493995666504, 1, 0, 8, 4, 11, 1, 0, 1, 1, 2, 1, 6, 0, 0, 0, 3, 0, 0.75], [0, 0, 0, 0.0551300048828125, 0, 0, 8, 3, 10, 0, 0, 0, 0, 1, 1, 5, 0, 0, 0, 2, 0, 0.75], [1, 0, 1, 0.042126476764678955, 0, 0, 8, 4, 11, 1, 0, 1, 0, 2, 1, 5, 0, 0, 0, 3, 0, 0.6666666666666666], [0, 0, 0, 0.0, 0, 0, 8, 3, 10, 0, 0, 0, 0, 1, 1, 5, 0, 0, 0, 2, 0, 0.6666666666666666], [0, 0, 0, 0.03916823863983154, 0, 0, 8, 3, 10, 0, 0, 0, 0, 1, 1, 4, 0, 0, 0, 2, 0, 0.6666666666666666], [0, 0, 1, 0.006907135248184204, 0, 0, 8, 13, 20, 0, 0, 1, 1, 1, 11, 5, 0, 0, 0, 12, 0, 0.5], [0, 0, 0, 0.006103485822677612, 0, 0, 8, 3, 10, 0, 0, 0, 0, 1, 1, 5, 0, 0, 0, 2, 0, 0.6666666666666666], [1, 0, 0, 0.053456664085388184, 0, 0, 4, 3, 6, 1, 0, 0, 0, 1, 1, 3, 0, 0, 0, 2, 0, 0.75], [1, 0, 0, 0.01934140920639038, 0, 0, 8, 13, 20, 1, 0, 1, 0, 8, 3, 2, 0, 0, 0, 12, 0, 0.5], [1, 0, 0, 0.0063526928424835205, 0, 0, 8, 13, 20, 1, 0, 0, 0, 10, 2, 2, 0, 0, 0, 12, 0, 0.5], [0, 0, 0, 0.003290534019470215, 0, 0, 8, 13, 20, 0, 0, 0, 0, 10, 2, 2, 0, 0, 0, 12, 0, 0.5], [1, 0, 0, 0.14059454202651978, 0, 0, 8, 7, 14, 1, 0, 0, 0, 2, 4, 4, 0, 0, 0, 6, 0, 0.75], [1, 0, 0, 0.0012466907501220703, 0, 0, 8, 4, 11, 1, 0, 1, 0, 2, 1, 4, 0, 0, 0, 3, 0, 0.6666666666666666], [0, 0, 0, 4.1604042053222656e-05, 0, 0, 8, 13, 20, 0, 0, 0, 0, 11, 1, 1, 0, 0, 0, 12, 0, 0.5], [0, 0, 1, 0.09193560481071472, 0, 0, 8, 5, 12, 0, 0, 1, 1, 3, 1, 5, 0, 0, 0, 4, 0, 0.6666666666666666], [1, 0, 1, 0.23163503408432007, 0, 0, 8, 10, 17, 1, 0, 1, 0, 6, 2, 2, 0, 0, 0, 9, 0, 0.8333333333333334], [0, 0, 1, 0.05350363254547119, 0, 0, 8, 4, 11, 0, 0, 1, 1, 2, 1, 5, 0, 0, 0, 3, 0, 0.6666666666666666], [0, 0, 0, 0.19690221548080444, 0, 0, 8, 3, 10, 0, 0, 0, 0, 1, 1, 5, 0, 0, 0, 2, 0, 0.6666666666666666], [0, 0, 0, 0.03955078125, 0, 0, 8, 4, 11, 0, 0, 0, 0, 2, 1, 4, 0, 0, 0, 3, 0, 0.5], [1, 0, 1, 0.0041342973709106445, 1, 0, 8, 4, 11, 1, 0, 1, 1, 2, 1, 4, 0, 0, 0, 3, 1, 0.8333333333333334], [0, 0, 0, 0.09173721075057983, 0, 0, 8, 3, 10, 0, 0, 0, 0, 1, 1, 2, 0, 0, 0, 2, 0, 0.3333333333333333], [1, 0, 1, 0.03436410427093506, 1, 0, 8, 13, 20, 1, 0, 1, 1, 8, 3, 2, 0, 0, 0, 12, 1, 0.5], [1, 0, 0, 0.005228221416473389, 0, 0, 8, 6, 13, 1, 1, 0, 0, 2, 3, 4, 0, 0, 0, 5, 0, 0.8333333333333334], [1, 0, 0, 0.19421881437301636, 0, 0, 8, 5, 12, 1, 0, 0, 0, 3, 1, 5, 0, 0, 0, 4, 0, 0.5], [1, 0, 1, 0.11590886116027832, 1, 0, 8, 13, 20, 1, 0, 1, 1, 2, 10, 5, 0, 0, 0, 12, 0, 0.6], [1, 0, 0, 0.0037595033645629883, 0, 0, 8, 3, 10, 1, 0, 0, 0, 1, 1, 4, 0, 0, 0, 2, 0, 0.5], [0, 0, 0, 0.04984557628631592, 0, 0, 8, 3, 10, 0, 0, 0, 0, 1, 1, 4, 0, 0, 0, 2, 0, 0.75], [0, 0, 0, 0.25518301129341125, 0, 0, 8, 3, 10, 0, 0, 0, 0, 1, 1, 4, 0, 0, 0, 2, 0, 0.75], [0, 0, 1, 0.15835785865783691, 0, 0, 8, 4, 11, 0, 0, 1, 1, 2, 1, 5, 0, 0, 0, 3, 0, 0.875], [0, 0, 0, 0.3527318835258484, 0, 0, 8, 3, 10, 0, 0, 0, 0, 1, 1, 3, 0, 0, 0, 2, 0, 0.6666666666666666], [0, 0, 0, 0.004183948040008545, 0, 0, 8, 3, 10, 0, 0, 0, 0, 1, 1, 3, 0, 0, 0, 2, 0, 0.6], [0, 0, 0, 0.06178542971611023, 0, 0, 8, 5, 12, 0, 0, 0, 0, 3, 1, 1, 0, 0, 0, 4, 0, 0.5], [1, 0, 0, 0.04198193550109863, 0, 0, 8, 4, 11, 1, 0, 1, 0, 2, 1, 3, 0, 0, 0, 3, 0, 0.5], [0, 0, 0, 0.007725358009338379, 0, 0, 6, 3, 8, 0, 0, 0, 0, 1, 1, 5, 0, 0, 0, 2, 0, 0.5], [1, 0, 1, 0.007725358009338379, 0, 1, 6, 3, 8, 1, 0, 0, 0, 1, 1, 5, 0, 0, 0, 2, 0, 0.5], [0, 0, 0, 0.1415831446647644, 0, 0, 8, 4, 11, 0, 0, 0, 0, 2, 1, 3, 0, 0, 0, 3, 0, 0.5], [1, 0, 0, 0.2395116090774536, 0, 0, 8, 5, 12, 1, 0, 0, 0, 3, 1, 4, 0, 0, 0, 4, 0, 0.8461538461538461], [0, 0, 0, 0.24110454320907593, 0, 0, 8, 3, 10, 0, 0, 0, 0, 1, 1, 5, 0, 0, 0, 2, 0, 0.7142857142857143], [0, 0, 0, 0.17873641848564148, 0, 0, 8, 3, 10, 0, 0, 0, 0, 1, 1, 5, 0, 0, 0, 2, 0, 0.5], [1, 0, 1, 0.0, 0, 1, 4, 3, 6, 1, 0, 0, 0, 1, 1, 3, 0, 0, 0, 2, 0, 0.5], [1, 0, 0, 0.039297401905059814, 0, 0, 8, 8, 15, 1, 0, 1, 0, 2, 5, 4, 0, 0, 0, 7, 0, 0.6], [0, 0, 1, 0.08032199740409851, 0, 0, 8, 4, 11, 0, 0, 1, 1, 2, 1, 5, 0, 0, 0, 3, 0, 0.6666666666666666], [1, 0, 0, 0.0, 0, 0, 8, 5, 12, 1, 0, 1, 0, 3, 1, 6, 0, 0, 0, 4, 1, 0.6666666666666666], [0, 0, 0, 0.015553086996078491, 0, 0, 8, 13, 20, 0, 0, 0, 0, 11, 1, 3, 0, 0, 0, 12, 0, 0.5], [0, 0, 0, 0.006390511989593506, 0, 0, 8, 13, 20, 0, 0, 0, 0, 9, 3, 1, 0, 0, 0, 12, 0, 0.5], [0, 0, 0, 0.10780090093612671, 0, 0, 8, 3, 10, 0, 0, 0, 0, 1, 1, 3, 0, 0, 0, 2, 0, 0.5], [1, 0, 0, 0.010337769985198975, 0, 0, 8, 13, 20, 1, 0, 1, 0, 10, 2, 5, 0, 0, 0, 12, 0, 0.5], [1, 0, 0, 0.017024517059326172, 0, 0, 8, 3, 10, 1, 0, 0, 0, 1, 1, 4, 0, 0, 0, 2, 0, 0.6666666666666666], [0, 0, 0, 0.025667250156402588, 0, 0, 8, 13, 20, 0, 0, 0, 0, 10, 2, 3, 0, 0, 0, 12, 0, 0.5], [1, 0, 1, 0.17456138134002686, 0, 1, 7, 3, 9, 1, 0, 0, 0, 1, 1, 5, 0, 0, 0, 2, 0, 0.75], [0, 0, 0, 0.0010594725608825684, 0, 0, 8, 3, 10, 0, 0, 0, 0, 1, 1, 5, 0, 0, 0, 2, 0, 0.8333333333333334], [1, 0, 1, 0.0, 1, 0, 8, 7, 14, 1, 0, 1, 1, 2, 4, 5, 0, 0, 0, 6, 1, 0.8181818181818182], [1, 0, 0, 0.04373884201049805, 1, 0, 8, 4, 11, 1, 0, 0, 0, 1, 2, 3, 0, 0, 0, 3, 1, 0.5], [0, 0, 0, 0.39488594233989716, 0, 0, 8, 4, 11, 0, 0, 0, 0, 2, 1, 4, 0, 0, 0, 3, 0, 0.6666666666666666], [0, 0, 0, 0.0203096866607666, 0, 0, 8, 3, 10, 0, 0, 0, 0, 1, 1, 5, 0, 0, 0, 2, 0, 0.7142857142857143], [1, 0, 0, 0.05961722135543823, 0, 0, 8, 3, 10, 1, 0, 0, 0, 1, 1, 4, 0, 0, 0, 2, 1, 0.6666666666666666], [1, 0, 1, 0.009885549545288086, 1, 0, 8, 11, 18, 1, 0, 1, 1, 3, 7, 3, 0, 0, 0, 10, 1, 0.6666666666666666], [0, 0, 1, 0.006907135248184204, 0, 0, 8, 13, 20, 0, 0, 1, 1, 2, 10, 5, 0, 0, 0, 12, 0, 0.5], [0, 0, 1, 0.004442989826202393, 0, 0, 8, 4, 11, 0, 0, 1, 1, 2, 1, 4, 0, 0, 0, 3, 0, 0.5], [0, 0, 0, 0.004414379596710205, 0, 0, 8, 4, 11, 0, 0, 0, 0, 2, 1, 5, 0, 0, 0, 3, 0, 0.5], [0, 0, 0, 0.0354062020778656, 0, 0, 8, 6, 13, 0, 0, 0, 0, 2, 3, 4, 0, 0, 0, 5, 0, 0.5], [0, 0, 1, 0.14943230152130127, 0, 0, 8, 4, 11, 0, 0, 1, 1, 2, 1, 4, 0, 0, 0, 3, 0, 0.6666666666666666], [1, 0, 0, 0.10427272319793701, 0, 0, 6, 11, 16, 1, 0, 1, 0, 6, 2, 4, 0, 0, 0, 10, 0, 0.8333333333333334], [1, 0, 1, 0.017240822315216064, 1, 0, 7, 7, 13, 1, 0, 1, 1, 2, 4, 5, 0, 0, 0, 6, 1, 0.6666666666666666], [0, 0, 0, 0.05517134070396423, 0, 0, 8, 3, 10, 0, 0, 0, 0, 1, 1, 4, 0, 0, 0, 2, 0, 0.6666666666666666], [0, 0, 0, 0.05397617816925049, 0, 0, 8, 5, 12, 0, 0, 1, 0, 2, 2, 6, 0, 0, 0, 4, 0, 0.75], [1, 0, 1, 0.038527488708496094, 1, 0, 8, 8, 15, 1, 0, 1, 0, 4, 2, 2, 0, 0, 0, 7, 0, 0.5], [0, 0, 0, 0.048356831073760986, 0, 0, 8, 3, 10, 0, 0, 0, 0, 1, 1, 4, 0, 0, 0, 2, 0, 0.5], [1, 0, 1, 0.011996269226074219, 1, 0, 5, 9, 13, 1, 0, 1, 1, 2, 6, 3, 0, 0, 0, 8, 1, 0.6923076923076923], [1, 0, 1, 0.003197789192199707, 0, 1, 8, 3, 10, 1, 0, 0, 0, 1, 1, 4, 0, 0, 0, 2, 0, 0.5], [0, 0, 0, 0.1838691532611847, 0, 0, 8, 3, 10, 0, 0, 0, 0, 1, 1, 3, 0, 0, 0, 2, 0, 0.75], [0, 0, 0, 0.07705524563789368, 0, 0, 8, 8, 15, 0, 0, 0, 0, 5, 2, 4, 0, 0, 0, 7, 0, 0.5], [0, 0, 0, 0.11560654640197754, 0, 0, 8, 8, 15, 0, 0, 0, 0, 5, 2, 2, 0, 0, 0, 7, 0, 0.5], [1, 0, 1, 0.02959263324737549, 1, 0, 8, 5, 12, 1, 0, 1, 1, 2, 2, 5, 0, 0, 0, 4, 1, 0.8333333333333334], [0, 0, 0, 0.06569293141365051, 0, 0, 8, 12, 19, 0, 0, 0, 0, 9, 2, 3, 0, 0, 0, 11, 0, 0.75], [1, 0, 0, 0.26700347661972046, 0, 0, 8, 3, 10, 1, 0, 0, 0, 1, 1, 5, 0, 0, 0, 2, 0, 0.8], [0, 0, 0, 0.025694191455841064, 0, 0, 8, 6, 13, 0, 0, 0, 0, 4, 1, 6, 0, 0, 0, 5, 0, 0.6666666666666666], [0, 0, 0, 0.016634643077850342, 0, 0, 8, 3, 10, 0, 0, 0, 0, 1, 1, 3, 0, 0, 0, 2, 0, 0.6666666666666666], [0, 0, 0, 0.0, 0, 0, 8, 4, 11, 0, 0, 0, 0, 2, 1, 4, 0, 0, 0, 3, 0, 0.6666666666666666], [0, 0, 0, 0.060159772634506226, 0, 0, 8, 3, 10, 0, 0, 0, 0, 1, 1, 4, 0, 0, 0, 2, 0, 0.6666666666666666], [1, 0, 0, 0.005767166614532471, 0, 0, 8, 13, 20, 1, 0, 0, 0, 6, 5, 2, 0, 0, 0, 12, 0, 0.5714285714285714], [0, 0, 0, 0.019143730401992798, 0, 0, 8, 3, 10, 0, 0, 0, 0, 1, 1, 3, 0, 0, 0, 2, 0, 0.6666666666666666], [0, 0, 0, 0.0019375085830688477, 0, 0, 8, 4, 11, 0, 0, 0, 0, 2, 1, 4, 0, 0, 0, 3, 0, 0.5], [0, 0, 0, 0.11107611656188965, 0, 0, 8, 4, 11, 0, 0, 0, 0, 1, 2, 6, 0, 0, 0, 3, 0, 0.75], [0, 0, 0, 0.054582059383392334, 0, 0, 8, 5, 12, 0, 0, 0, 0, 2, 2, 2, 0, 0, 0, 4, 0, 0.3333333333333333], [0, 0, 0, 0.16595494747161865, 0, 0, 6, 3, 8, 0, 0, 0, 0, 1, 1, 5, 0, 0, 0, 2, 0, 0.6666666666666666], [1, 0, 0, 0.11140066385269165, 0, 0, 8, 13, 20, 1, 0, 0, 0, 8, 2, 4, 0, 0, 0, 12, 0, 0.8], [1, 0, 0, 0.1440906524658203, 1, 0, 8, 6, 13, 1, 0, 1, 0, 3, 2, 6, 0, 0, 0, 5, 1, 0.75], [0, 0, 0, 0.06427490711212158, 0, 0, 8, 4, 11, 0, 0, 0, 0, 2, 1, 5, 0, 0, 0, 3, 0, 0.6666666666666666], [1, 0, 1, 0.14626747369766235, 1, 0, 8, 6, 13, 1, 1, 1, 1, 3, 2, 4, 0, 0, 0, 5, 1, 0.8333333333333334], [0, 0, 0, 0.0, 0, 0, 4, 3, 6, 0, 0, 0, 0, 1, 1, 3, 0, 0, 0, 2, 0, 0.5], [1, 0, 1, 0.04575836658477783, 1, 0, 8, 13, 20, 1, 0, 1, 1, 2, 9, 6, 0, 0, 0, 12, 1, 0.75], [1, 0, 1, 0.11590886116027832, 1, 0, 8, 13, 20, 1, 0, 1, 1, 2, 10, 5, 0, 0, 0, 12, 0, 0.6], [1, 0, 1, 0.10372394323348999, 0, 0, 8, 7, 14, 1, 0, 1, 1, 4, 2, 5, 0, 0, 0, 6, 0, 0.5], [1, 0, 0, 0.01036679744720459, 0, 0, 7, 13, 19, 1, 0, 1, 0, 4, 7, 5, 0, 0, 0, 12, 0, 0.8333333333333334], [0, 0, 0, 0.04775583744049072, 0, 0, 8, 3, 10, 0, 0, 0, 0, 1, 1, 4, 0, 0, 0, 2, 0, 0.5], [1, 0, 1, 0.0392645001411438, 1, 0, 8, 9, 16, 1, 0, 1, 1, 2, 6, 1, 0, 0, 0, 8, 1, 0.6666666666666666], [1, 0, 1, 0.03027021884918213, 0, 1, 8, 3, 10, 1, 0, 0, 0, 1, 1, 4, 0, 0, 0, 2, 0, 0.5], [0, 0, 0, 0.006270259618759155, 0, 0, 8, 8, 15, 0, 1, 0, 0, 5, 2, 4, 0, 0, 0, 7, 0, 0.6666666666666666], [0, 0, 0, 0.08031779527664185, 0, 0, 8, 13, 20, 0, 1, 0, 0, 7, 3, 1, 0, 0, 0, 12, 0, 0.5], [0, 0, 0, 0.006327986717224121, 0, 0, 8, 13, 20, 0, 0, 0, 0, 10, 2, 3, 0, 0, 0, 12, 0, 0.6666666666666666], [1, 0, 1, 0.009830474853515625, 0, 1, 7, 3, 9, 1, 0, 0, 0, 1, 1, 6, 0, 0, 0, 2, 0, 0.5], [0, 0, 0, 0.0, 0, 0, 8, 4, 11, 0, 0, 0, 0, 2, 1, 5, 0, 0, 0, 3, 0, 0.6666666666666666], [0, 0, 0, 0.08379113674163818, 0, 0, 8, 13, 20, 0, 0, 0, 0, 11, 1, 3, 0, 0, 0, 12, 0, 0.5], [1, 0, 1, 0.015112549066543579, 0, 0, 8, 6, 13, 1, 0, 1, 1, 4, 1, 4, 0, 0, 0, 5, 0, 0.8], [0, 0, 0, 0.05821770429611206, 0, 0, 8, 13, 20, 0, 0, 0, 0, 8, 3, 1, 0, 0, 0, 12, 0, 0.6666666666666666], [1, 0, 1, 0.05499666929244995, 1, 0, 8, 13, 20, 1, 0, 1, 1, 10, 2, 3, 0, 0, 0, 12, 0, 0.6666666666666666], [1, 0, 0, 0.0, 0, 0, 4, 4, 7, 1, 1, 0, 0, 2, 1, 3, 0, 0, 0, 3, 0, 0.6666666666666666], [0, 0, 0, 0.003308534622192383, 0, 0, 8, 5, 12, 0, 0, 0, 0, 3, 1, 6, 0, 0, 0, 4, 0, 0.6666666666666666], [0, 0, 0, 0.07190060615539551, 0, 0, 8, 3, 10, 0, 0, 0, 0, 1, 1, 3, 0, 0, 0, 2, 0, 0.6666666666666666], [1, 0, 1, 0.025387346744537354, 1, 0, 8, 8, 15, 1, 0, 1, 1, 3, 3, 2, 0, 0, 0, 7, 1, 0.5714285714285714], [1, 0, 0, 0.42031532526016235, 1, 0, 8, 9, 16, 1, 0, 1, 1, 5, 2, 4, 0, 0, 0, 8, 0, 0.6666666666666666], [1, 0, 1, 0.005764603614807129, 0, 0, 8, 6, 13, 1, 0, 1, 1, 2, 3, 5, 0, 0, 0, 5, 1, 0.5714285714285714], [0, 0, 0, 0.024594873189926147, 0, 0, 8, 13, 20, 0, 0, 0, 0, 9, 2, 4, 0, 0, 0, 12, 0, 0.6666666666666666], [0, 0, 0, 0.1768999695777893, 0, 0, 8, 12, 19, 0, 0, 0, 0, 9, 2, 1, 0, 0, 0, 11, 0, 0.11764705882352941], [1, 0, 0, 0.024584174156188965, 0, 0, 7, 4, 10, 1, 0, 0, 0, 1, 2, 5, 0, 0, 0, 3, 0, 0.6666666666666666], [1, 0, 0, 0.0015717148780822754, 0, 0, 8, 9, 16, 1, 0, 1, 0, 2, 4, 4, 0, 0, 0, 8, 1, 0.8], [0, 0, 0, 0.4053615927696228, 0, 0, 8, 3, 10, 0, 0, 0, 0, 1, 1, 4, 0, 0, 0, 2, 0, 0.6666666666666666], [0, 0, 0, 0.07295092940330505, 0, 0, 8, 3, 10, 0, 0, 0, 0, 1, 1, 4, 0, 0, 0, 2, 0, 0.8], [1, 0, 1, 0.6517983078956604, 1, 1, 8, 7, 14, 1, 0, 1, 1, 2, 3, 5, 0, 0, 0, 6, 0, 0.6666666666666666], [0, 0, 0, 0.011023372411727905, 0, 0, 8, 5, 12, 0, 0, 0, 0, 3, 1, 5, 0, 0, 0, 4, 0, 0.5], [1, 0, 1, 0.03822046518325806, 1, 0, 8, 13, 20, 1, 0, 1, 1, 6, 6, 4, 0, 0, 0, 12, 1, 0.875], [1, 0, 0, 0.07853490114212036, 0, 0, 7, 13, 19, 1, 0, 1, 0, 3, 7, 6, 0, 0, 0, 12, 0, 0.8333333333333334], [0, 0, 0, 0.07157909870147705, 0, 0, 8, 5, 12, 0, 0, 0, 0, 2, 2, 4, 0, 0, 0, 4, 0, 0.875], [1, 0, 1, 0.010055065155029297, 1, 0, 8, 6, 13, 1, 0, 1, 1, 2, 3, 2, 0, 0, 0, 5, 1, 0.5], [1, 0, 0, 0.09083390235900879, 0, 0, 8, 3, 10, 1, 0, 0, 0, 1, 1, 6, 0, 0, 0, 2, 0, 0.6666666666666666], [0, 0, 0, 0.03659701347351074, 0, 0, 8, 3, 10, 0, 0, 0, 0, 1, 1, 5, 0, 0, 0, 2, 0, 0.6666666666666666], [0, 0, 0, 0.16528630256652832, 0, 0, 8, 3, 10, 0, 0, 0, 0, 1, 1, 3, 0, 0, 0, 2, 0, 0.5], [0, 0, 0, 0.0793280303478241, 0, 0, 8, 13, 20, 0, 0, 0, 0, 11, 1, 3, 0, 0, 0, 12, 0, 0.5], [0, 0, 0, 0.06016892194747925, 0, 0, 8, 4, 11, 0, 0, 0, 0, 2, 1, 5, 0, 0, 0, 3, 0, 0.6666666666666666], [0, 0, 0, 0.021341681480407715, 0, 0, 8, 4, 11, 0, 0, 0, 0, 2, 1, 4, 0, 0, 0, 3, 0, 0.5], [0, 0, 0, 0.0034799575805664062, 0, 0, 7, 5, 11, 0, 0, 0, 0, 3, 1, 4, 0, 0, 0, 4, 0, 0.8333333333333334], [1, 0, 0, 0.049253642559051514, 0, 0, 8, 8, 15, 1, 0, 0, 0, 2, 4, 3, 0, 0, 0, 7, 0, 0.5714285714285714], [0, 0, 0, 0.07913845777511597, 0, 0, 8, 13, 20, 0, 0, 0, 0, 8, 4, 1, 0, 0, 0, 12, 0, 0.5], [0, 0, 0, 0.013667792081832886, 0, 0, 8, 10, 17, 0, 0, 0, 0, 8, 1, 4, 0, 0, 0, 9, 0, 0.5], [0, 0, 0, 0.031084895133972168, 0, 0, 8, 3, 10, 0, 0, 0, 0, 1, 1, 5, 0, 0, 0, 2, 0, 0.5], [0, 0, 0, 0.15862566232681274, 0, 0, 8, 3, 10, 0, 0, 0, 0, 1, 1, 4, 0, 0, 0, 2, 0, 0.6666666666666666], [1, 0, 0, 0.2292344570159912, 0, 0, 8, 6, 13, 1, 0, 1, 0, 4, 1, 2, 0, 0, 0, 5, 0, 0.6666666666666666], [1, 0, 0, 0.01359701156616211, 1, 0, 8, 4, 11, 1, 0, 1, 0, 2, 1, 6, 0, 0, 0, 3, 1, 0.6666666666666666], [1, 0, 0, 0.08285713195800781, 0, 0, 5, 3, 7, 1, 0, 0, 0, 1, 1, 3, 0, 0, 0, 2, 1, 0.5], [0, 0, 0, 0.08344542980194092, 0, 0, 8, 8, 15, 0, 0, 0, 0, 6, 1, 3, 0, 0, 0, 7, 0, 0.6666666666666666], [1, 0, 1, 0.17897552251815796, 1, 0, 8, 7, 14, 1, 0, 1, 1, 3, 2, 5, 0, 0, 0, 6, 0, 0.875], [1, 0, 1, 0.038974642753601074, 1, 0, 8, 7, 14, 1, 0, 1, 1, 4, 2, 3, 0, 0, 0, 6, 1, 0.8], [0, 0, 0, 0.06577014923095703, 0, 0, 7, 4, 10, 0, 0, 0, 0, 1, 2, 5, 0, 0, 0, 3, 0, 0.8333333333333334], [1, 0, 0, 0.03055518865585327, 0, 1, 8, 6, 13, 1, 0, 1, 0, 2, 2, 3, 0, 0, 0, 5, 1, 0.875], [0, 0, 0, 0.017471253871917725, 0, 0, 8, 3, 10, 0, 0, 0, 0, 1, 1, 3, 0, 0, 0, 2, 0, 0.8], [1, 0, 0, 0.0, 1, 0, 7, 4, 10, 1, 1, 0, 0, 1, 2, 6, 0, 0, 0, 3, 1, 0.5], [0, 0, 0, 0.010001003742218018, 0, 0, 8, 3, 10, 0, 0, 0, 0, 1, 1, 3, 0, 0, 0, 2, 0, 0.5], [1, 0, 0, 0.08768194913864136, 0, 0, 8, 4, 11, 1, 0, 1, 0, 2, 1, 3, 0, 0, 0, 3, 0, 0.5], [1, 0, 1, 0.0001353621482849121, 1, 0, 6, 13, 18, 1, 0, 1, 1, 3, 6, 5, 0, 0, 0, 12, 1, 0.8333333333333334]], "_pair": []}
{
  "overall": "DERIVATION_NO",
  "gates": {
    "G_arc_enc_frozen": true,
    "G_ink_verified": true,
    "G_task_exists": true,
    "G_exact_algebra_matches_tape": true,
    "G_lookup_beats_floor": false,
    "G_lookup_beats_counts_paired": false,
    "G_lookup_beats_retrieval_paired": false,
    "G_phi_orders_negatives": false
  },
  "lookup": {},
  "paired": {
    "model_only_right": 0,
    "rival_only_right": 0,
    "discordant": 0,
    "mcnemar_z": NaN
  },
  "ladder": {
    "n_questions": 0,
    "pairs": 0,
    "concordant": 0,
    "ties_excluded": 0,
    "import_budget_zero_rate": 0.0,
    "import_budget_mean": 0.0,
    "concordance": NaN,
    "z_vs_half": NaN,
    "mean_phi": {
      "true": NaN,
      "near": NaN,
      "middle": NaN,
      "far": NaN
    }
  }
}
