Stage289 derivation start 2026-08-14T20:40:44.808282+00:00 device=cpu holdout=corpus
  corpus data\_tinystories_raw_scale.txt
  lines: train 25000, eval 12000 (the probe reserves ANCHORS, not lines - see `reserved`)
  word rule matches stage194: True  (rule=ascii, fp=hash, ink=mean)
  hash ink deterministic and digest-faithful: True  {'anagram_cos': -0.0135, 'perm_fixed_points': 1}
  tape: 1500 addresses, 5560 slots | questions {"reach": 2000, "count": 1308} | params 5633
  node vector 9 wide, matches the body
  ladder coverage: 0/0 lookup questions have all three rungs; the rest train on the task term alone
  probe pack: 1692 reserved addresses (18s to build)
  probe tape: 60 lookup questions, never trained on; 0 graphs cached (1 view(s)/question) in 0s
  transplanted mind from minds/320_wiki_s8642.pt: trained on _wikitext103_train.txt, seed 8642, 4000 steps - FINE-TUNING on this corpus for 4000 steps. This arm is not evidence of separation; the frozen run is.
  probe eval: 1.43s x 4 = 0.1 min added to this run
  step 500/4000 train=0.7289 probe=nan
  step 1000/4000 train=0.7263 probe=0.3679
  step 1500/4000 train=0.5909 probe=0.3679
  step 2000/4000 train=0.7232 probe=0.3665
  step 2500/4000 train=0.6730 probe=0.3665
  step 3000/4000 train=0.6730 probe=0.3695
  step 3500/4000 train=0.6424 probe=0.3695
  step 4000/4000 train=0.6761 probe=0.3640
  early stop: restored step 4000 (probe 0.3640) of 4000
  REACH {"rival_threshold": 2.0, "places": 8, "cands_cap": 8, "no_refuse": true, "lookahead": true, "frame_fp": "fillers", "import": "walk", "home_cos": false, "line_step": false, "confirm": false, "conf_window": 0, "home_cos_stage": "both", "gamma": 1.0, "equal_tails": false, "stage2_always": 0.0, "held_out": {"n": 2000, "reachable_rate": 0.3305, "mean_candidates": 7.8755, "reachable_wide": 0.334, "reachable_random": 0.0185, "random_floor": 0.128582738095238, "payoff_mind": -0.6730499999999995, "payoff_rival": 0.917375, "always_silent": 0.917375, "found_rate": 0.4599092284417549, "rival_found_rate": 0.4462934947049924, "correct_silence": 0.0, "false_silence": 0.0, "false_silence_after_step": 0.0, "step_rate": 0.021, "own_hit_rate": 0.2835, "own_rival_hit_rate": 0.148, "own_paired": {"n": 567, "mind_only": 37, "rival_only": 32, "both": 264, "neither": 234, "mcnemar_z": 0.601929265428846}, "own_rival_of_own": 0.5220458553791887, "hit_of_own": 0.5308641975308642, "ceiling": 0.391, "walk_only_arrive": 0.13953488372093023, "walk_only_pick": {"n": 30, "mind": 27, "rival": 9, "count_rival": 5, "count_rival_rate": 0.16666666666666666, "vs_count_mind_only": 22, "vs_count_rival_only": 0, "vs_count_z": 4.69041575982343, "hit_rate": 0.9, "rival_rate": 0.3, "mind_only": 18, "rival_only": 0, "mcnemar_z": 4.242640687119286}, "walk_only_rate": 0.1075, "hit_of_walk_only": 0.12558139534883722, "count_rival_of_walk_only": 0.12558139534883722, "count_rival_hit_rate": 0.149, "bisect": null, "rival_of_walk_only": 0.08837209302325581, "walk_only_paired": {"n": 215, "mind_only": 18, "rival_only": 10, "both": 9, "neither": 178, "mcnemar_z": 1.5118578920369088, "stepped": 30}, "cand_places": 3.723, "line_reach_rate": 0.0, "step_line_rate": 0.0, "line_only_rate": 0.0, "line_only_paired": {"n": 0, "mind_only": 0, "rival_only": 0, "mcnemar_z": NaN}, "steps_on_walk_only": 0.7142857142857143, "router": {"n_stepped": 42, "mind_enrichment": 6.644518272425249, "count_enrichment": 1.1074197120708749, "share_enrichment": 1.5503875968992247, "top_share_when_stepped": 0.6351370851370854, "top_share_when_not": 0.6115007648522789, "n_own_when_stepped": 1.5952380952380953, "n_own_when_not": 3.9473953013278855}, "hit_rate": 0.164, "rival_hit_rate": 0.1475, "world_rows_own": 6.084, "world_rows_candidate": 7.084, "world_rows_expand": 13.9595, "world_rows_expand_when_stepped": 10.857142857142858, "world_rows_expand_when_not": 14.026046986721145, "step_vs_size_r": -0.10863437585534001, "found_where_rival_missed": 77, "missed_where_rival_found": 68, "paired_payoff": {"mind_better": 304, "rival_better": 1672, "discordant": 1976, "mcnemar_z": -30.77461491354397, "max_achievable_z": 44.45222154178574, "underpowered": false}}, "train_control": {"n": 2000, "reachable_rate": 0.3475, "mean_candidates": 7.7965, "reachable_wide": 0.35, "reachable_random": 0.0215, "random_floor": 0.13214345238095224, "payoff_mind": -0.6590999999999994, "payoff_rival": 0.913125, "always_silent": 0.913125, "found_rate": 0.4503597122302158, "rival_found_rate": 0.3726618705035971, "correct_silence": 0.0, "false_silence": 0.0, "false_silence_after_step": 0.0, "step_rate": 0.022, "own_hit_rate": 0.2705, "own_rival_hit_rate": 0.15, "own_paired": {"n": 541, "mind_only": 41, "rival_only": 25, "both": 275, "neither": 200, "mcnemar_z": 1.9694638556693236}, "own_rival_of_own": 0.5545286506469501, "hit_of_own": 0.5841035120147874, "ceiling": 0.396, "walk_only_arrive": 0.11155378486055777, "walk_only_pick": {"n": 28, "mind": 26, "rival": 5, "count_rival": 4, "count_rival_rate": 0.14285714285714285, "vs_count_mind_only": 22, "vs_count_rival_only": 0, "vs_count_z": 4.69041575982343, "hit_rate": 0.9285714285714286, "rival_rate": 0.17857142857142858, "mind_only": 21, "rival_only": 0, "mcnemar_z": 4.58257569495584}, "walk_only_rate": 0.1255, "hit_of_walk_only": 0.10358565737051793, "count_rival_of_walk_only": 0.08764940239043825, "count_rival_hit_rate": 0.1255, "bisect": null, "rival_of_walk_only": 0.06772908366533864, "walk_only_paired": {"n": 251, "mind_only": 21, "rival_only": 12, "both": 5, "neither": 213, "mcnemar_z": 1.5666989036012806, "stepped": 28}, "cand_places": 3.7025, "line_reach_rate": 0.0, "step_line_rate": 0.0, "line_only_rate": 0.0, "line_only_paired": {"n": 0, "mind_only": 0, "rival_only": 0, "mcnemar_z": NaN}, "steps_on_walk_only": 0.6363636363636364, "router": {"n_stepped": 44, "mind_enrichment": 5.070626584570808, "count_enrichment": 1.9920318725099602, "share_enrichment": 2.3542194856935894, "top_share_when_stepped": 0.6637310606060608, "top_share_when_not": 0.5911995557820817, "n_own_when_stepped": 1.6136363636363635, "n_own_when_not": 3.7556237218813906}, "hit_rate": 0.171, "rival_hit_rate": 0.1295, "world_rows_own": 5.9055, "world_rows_candidate": 6.9055, "world_rows_expand": 13.702, "world_rows_expand_when_stepped": 11.25, "world_rows_expand_when_not": 13.757157464212678, "step_vs_size_r": -0.08907091251886184, "found_where_rival_missed": 130, "missed_where_rival_found": 76, "paired_payoff": {"mind_better": 313, "rival_better": 1658, "discordant": 1971, "mcnemar_z": -30.295559131576955, "max_achievable_z": 44.395945760846224, "underpowered": false}}}
  HELD {"count": {"n": 1284, "model_accuracy": 1.0, "rival_accuracy": 1.0, "random_floor": 0.19999999999999532}, "lookup_paired_vs_rival": {"model_only_right": 0, "rival_only_right": 0, "discordant": 0, "mcnemar_z": NaN}, "lookup_paired_vs_rival_cos": {"n": 0, "model_only_right": 0, "rival_only_right": 0, "discordant": 0, "mcnemar_z": NaN, "max_achievable_z": 0.0, "underpowered": true}, "lookup_paired_vs_rival_cos_by_margin": {"median_margin": NaN, "low_margin": {"n": 0, "model_only_right": 0, "rival_only_right": 0, "discordant": 0, "mcnemar_z": NaN, "max_achievable_z": 0.0, "underpowered": true}, "high_margin": {"n": 0, "model_only_right": 0, "rival_only_right": 0, "discordant": 0, "mcnemar_z": NaN, "max_achievable_z": 0.0, "underpowered": true}}, "ladder": {"n_questions": 0, "pairs": 0, "concordant": 0, "ties_excluded": 0, "import_budget_zero_rate": 0.0, "import_budget_mean": 0.0, "concordance": NaN, "z_vs_half": NaN, "mean_phi": {"true": NaN, "near": NaN, "middle": NaN, "far": NaN}}, "exact_mismatches": 0, "confusion": {"count|2->2": 830, "count|3->3": 221, "count|4->4": 78, "count|5+->5+": 155}, "_mixed": [], "_reach": [[0, 0, 0, 0.004888087511062622, 0, 0, 8, 13, 20, 0, 0, 0, 0, 11, 1, 1, 0, 0, 0, 12, 0, 0.5, 0, 0], [0, 0, 0, 0.0014570355415344238, 0, 0, 8, 3, 10, 0, 0, 0, 0, 1, 1, 5, 0, 0, 0, 2, 0, 0.6666666666666666, 0, 0], [0, 0, 0, 0.011957228183746338, 0, 0, 8, 13, 20, 0, 0, 0, 0, 11, 1, 1, 0, 0, 0, 12, 0, 0.14285714285714285, 0, 0], [1, 0, 0, 0.04121804237365723, 1, 0, 8, 4, 11, 1, 0, 1, 0, 2, 1, 3, 0, 0, 0, 3, 1, 0.75, 0, 0], [1, 0, 0, 0.03596821427345276, 0, 0, 8, 7, 14, 1, 0, 1, 1, 5, 1, 4, 0, 0, 0, 6, 0, 0.5, 0, 0], [0, 0, 0, 0.018297970294952393, 0, 0, 8, 7, 14, 0, 0, 0, 0, 5, 1, 4, 0, 0, 0, 6, 0, 0.5, 0, 0], [0, 0, 0, 0.006425321102142334, 0, 0, 8, 3, 10, 0, 0, 0, 0, 1, 1, 5, 0, 0, 0, 2, 0, 0.5, 0, 0], [1, 0, 0, 0.026435673236846924, 0, 0, 8, 13, 20, 1, 0, 0, 0, 7, 4, 3, 0, 0, 0, 12, 0, 0.9, 0, 0], [0, 0, 0, 0.04981184005737305, 0, 0, 8, 5, 12, 0, 0, 0, 0, 2, 2, 3, 0, 0, 0, 4, 0, 0.5, 0, 0], [1, 0, 0, 0.0345730185508728, 0, 0, 8, 13, 20, 1, 1, 0, 0, 1, 11, 6, 0, 0, 0, 12, 0, 0.6666666666666666, 0, 0], [0, 0, 0, 0.07445394992828369, 0, 0, 8, 4, 11, 0, 0, 0, 0, 1, 2, 7, 0, 0, 0, 3, 0, 0.6666666666666666, 0, 0], [0, 0, 0, 0.027456045150756836, 0, 0, 8, 3, 10, 0, 0, 0, 0, 1, 1, 4, 0, 0, 0, 2, 0, 0.5, 0, 0], [0, 0, 0, 0.008341789245605469, 0, 0, 8, 13, 20, 0, 0, 0, 0, 10, 2, 6, 0, 0, 0, 12, 0, 0.8, 0, 0], [0, 0, 0, 0.02693086862564087, 0, 0, 8, 3, 10, 0, 0, 0, 0, 1, 1, 7, 0, 0, 0, 2, 0, 0.6666666666666666, 0, 0], [0, 0, 0, 0.07536649703979492, 0, 0, 8, 10, 17, 0, 0, 0, 0, 8, 1, 1, 0, 0, 0, 9, 0, 0.5, 0, 0], [1, 0, 0, 0.1563470959663391, 1, 0, 7, 4, 10, 1, 0, 1, 0, 2, 1, 4, 0, 0, 0, 3, 0, 0.6666666666666666, 0, 0], [0, 0, 0, 0.0, 0, 0, 5, 7, 11, 0, 0, 0, 0, 5, 1, 3, 0, 0, 0, 6, 0, 0.6666666666666666, 0, 0], [0, 0, 0, 0.004478275775909424, 0, 0, 8, 3, 10, 0, 0, 0, 0, 1, 1, 5, 0, 0, 0, 2, 0, 0.5, 0, 0], [0, 0, 0, 0.109977126121521, 0, 0, 8, 7, 14, 0, 0, 0, 0, 5, 1, 5, 0, 0, 0, 6, 0, 0.75, 0, 0], [1, 0, 1, 0.028645038604736328, 1, 0, 8, 13, 20, 1, 0, 1, 1, 8, 3, 4, 0, 0, 0, 12, 1, 0.75, 0, 0], [0, 0, 0, 0.11967337131500244, 0, 0, 8, 3, 10, 0, 0, 0, 0, 1, 1, 3, 0, 0, 0, 2, 0, 0.5, 0, 0], [1, 0, 0, 0.040429532527923584, 0, 0, 8, 9, 16, 1, 0, 0, 0, 2, 5, 3, 0, 0, 0, 8, 0, 0.6666666666666666, 0, 0], [0, 0, 0, 0.07172518968582153, 0, 0, 8, 9, 16, 0, 0, 0, 0, 7, 1, 1, 0, 0, 0, 8, 0, 0.15, 0, 0], [0, 0, 0, 0.006480515003204346, 0, 0, 8, 3, 10, 0, 0, 0, 0, 1, 1, 4, 0, 0, 0, 2, 0, 0.5, 0, 0], [0, 0, 0, 0.04990631341934204, 0, 0, 8, 13, 20, 0, 0, 0, 0, 11, 1, 1, 0, 0, 0, 12, 0, 0.25, 0, 0], [0, 0, 0, 0.01485532522201538, 0, 0, 8, 13, 20, 0, 0, 0, 0, 10, 2, 1, 0, 0, 0, 12, 0, 0.5, 0, 0], [1, 0, 1, 0.026888906955718994, 1, 0, 8, 13, 20, 1, 0, 1, 1, 7, 3, 1, 0, 0, 0, 12, 1, 0.6666666666666666, 0, 0], [0, 0, 0, 0.2998740077018738, 0, 0, 8, 13, 20, 0, 0, 0, 0, 10, 2, 4, 0, 0, 0, 12, 0, 0.6666666666666666, 0, 0], [0, 0, 0, 0.04060909152030945, 0, 0, 8, 4, 11, 0, 0, 0, 0, 2, 1, 5, 0, 0, 0, 3, 0, 0.8888888888888888, 0, 0], [1, 0, 0, 0.08098256587982178, 0, 0, 7, 4, 10, 1, 0, 0, 0, 1, 2, 5, 0, 0, 0, 3, 0, 0.6666666666666666, 0, 0], [0, 0, 0, 0.11882567405700684, 0, 0, 8, 3, 10, 0, 0, 0, 0, 1, 1, 4, 0, 0, 0, 2, 0, 0.5, 0, 0], [0, 0, 0, 0.001922309398651123, 0, 0, 8, 6, 13, 0, 0, 1, 0, 3, 2, 7, 0, 0, 0, 5, 0, 0.6666666666666666, 0, 0], [1, 0, 1, 0.02817314863204956, 0, 0, 8, 13, 20, 1, 0, 1, 1, 4, 6, 6, 0, 0, 0, 12, 1, 0.6666666666666666, 0, 0], [1, 0, 0, 0.03510117530822754, 1, 0, 8, 3, 10, 1, 0, 0, 0, 1, 1, 4, 0, 0, 0, 2, 0, 0.5, 0, 0], [0, 0, 0, 0.23485785722732544, 0, 0, 8, 3, 10, 0, 0, 0, 0, 1, 1, 4, 0, 0, 0, 2, 0, 0.5, 0, 0], [0, 0, 0, 0.357815682888031, 0, 0, 8, 3, 10, 0, 0, 0, 0, 1, 1, 5, 0, 0, 0, 2, 0, 0.75, 0, 0], [0, 0, 0, 0.011866927146911621, 0, 0, 8, 12, 19, 0, 0, 0, 0, 8, 3, 3, 0, 0, 0, 11, 0, 0.8888888888888888, 0, 0], [0, 0, 0, 0.11634305119514465, 0, 0, 8, 4, 11, 0, 0, 0, 0, 2, 1, 3, 0, 0, 0, 3, 0, 0.3333333333333333, 0, 0], [0, 0, 0, 0.0005182921886444092, 0, 0, 8, 13, 20, 0, 0, 0, 0, 10, 2, 1, 0, 0, 0, 12, 0, 0.08333333333333333, 0, 0], [0, 0, 0, 0.06100991368293762, 0, 0, 8, 13, 20, 0, 0, 1, 0, 8, 3, 6, 0, 0, 0, 12, 0, 0.6666666666666666, 0, 0], [0, 0, 0, 0.0878567099571228, 0, 0, 8, 4, 11, 0, 0, 0, 0, 2, 1, 4, 0, 0, 0, 3, 0, 0.6666666666666666, 0, 0], [0, 0, 0, 0.015241801738739014, 0, 0, 8, 3, 10, 0, 0, 0, 0, 1, 1, 5, 0, 0, 0, 2, 0, 0.6, 0, 0], [1, 0, 1, 0.05072987079620361, 1, 0, 8, 13, 20, 1, 0, 1, 1, 7, 5, 3, 0, 0, 0, 12, 1, 0.8888888888888888, 0, 0], [0, 0, 0, 0.05921328067779541, 0, 0, 8, 3, 10, 0, 0, 0, 0, 1, 1, 5, 0, 0, 0, 2, 0, 0.5, 0, 0], [0, 0, 0, 0.019909799098968506, 0, 0, 8, 3, 10, 0, 0, 0, 0, 1, 1, 2, 0, 0, 0, 2, 0, 0.5, 0, 0], [0, 0, 0, 0.11076664924621582, 0, 0, 8, 13, 20, 0, 0, 0, 0, 9, 2, 2, 0, 0, 0, 12, 0, 0.6666666666666666, 0, 0], [0, 0, 0, 0.13588565587997437, 0, 0, 8, 3, 10, 0, 0, 0, 0, 1, 1, 4, 0, 0, 0, 2, 0, 0.6666666666666666, 0, 0], [1, 0, 0, 0.0, 0, 0, 8, 4, 11, 1, 0, 0, 0, 2, 1, 5, 0, 0, 0, 3, 0, 0.75, 0, 0], [1, 0, 0, 0.012532472610473633, 0, 0, 8, 5, 12, 1, 0, 0, 0, 2, 2, 2, 0, 0, 0, 4, 0, 0.5, 0, 0], [0, 0, 0, 0.0008244514465332031, 0, 0, 8, 3, 10, 0, 0, 0, 0, 1, 1, 4, 0, 0, 0, 2, 0, 0.6666666666666666, 0, 0], [1, 0, 1, 0.0, 0, 0, 8, 11, 18, 1, 0, 1, 0, 7, 2, 3, 0, 0, 0, 10, 0, 0.5, 0, 0], [0, 0, 0, 0.0024060606956481934, 0, 0, 8, 8, 15, 0, 0, 0, 0, 6, 1, 1, 0, 0, 0, 7, 0, 0.08695652173913043, 0, 0], [0, 0, 0, 0.11525720357894897, 0, 0, 8, 3, 10, 0, 0, 0, 0, 1, 1, 4, 0, 0, 0, 2, 0, 0.5, 0, 0], [0, 0, 0, 0.05673164129257202, 0, 0, 8, 8, 15, 0, 0, 0, 0, 6, 1, 2, 0, 0, 0, 7, 0, 0.6666666666666666, 0, 0], [0, 0, 0, 0.11110794544219971, 0, 0, 8, 3, 10, 0, 0, 0, 0, 1, 1, 7, 0, 0, 0, 2, 0, 0.5, 0, 0], [0, 0, 0, 0.015452772378921509, 0, 0, 8, 13, 20, 0, 0, 0, 0, 11, 1, 1, 0, 0, 0, 12, 0, 0.5, 0, 0], [1, 0, 1, 0.05571502447128296, 0, 0, 8, 11, 18, 1, 0, 1, 0, 7, 2, 5, 0, 0, 0, 10, 0, 0.6, 0, 0], [0, 0, 0, 0.040266215801239014, 0, 0, 5, 7, 11, 0, 0, 0, 0, 4, 2, 3, 0, 0, 0, 6, 0, 0.6666666666666666, 0, 0], [0, 0, 0, 0.1419678032398224, 0, 0, 8, 8, 15, 0, 0, 0, 0, 5, 2, 2, 0, 0, 0, 7, 0, 0.5, 0, 0], [0, 0, 0, 0.2302340865135193, 0, 0, 7, 4, 10, 0, 0, 0, 0, 2, 1, 6, 0, 0, 0, 3, 0, 0.75, 0, 0], [0, 0, 0, 0.017096102237701416, 0, 0, 8, 13, 20, 0, 0, 0, 0, 11, 1, 2, 0, 0, 0, 12, 0, 0.5, 0, 0], [1, 0, 0, 1.1920928955078125e-07, 0, 0, 5, 5, 9, 1, 0, 0, 0, 2, 2, 4, 0, 0, 0, 4, 0, 0.6666666666666666, 0, 0], [0, 0, 0, 0.003908038139343262, 0, 0, 8, 5, 12, 0, 0, 0, 0, 3, 1, 5, 0, 0, 0, 4, 0, 0.5, 0, 0], [1, 0, 1, 0.006348669528961182, 0, 0, 8, 13, 20, 1, 0, 1, 1, 4, 7, 5, 0, 0, 0, 12, 0, 0.5, 0, 0], [0, 0, 0, 0.030957341194152832, 0, 0, 8, 13, 20, 0, 0, 0, 0, 10, 2, 1, 0, 0, 0, 12, 0, 0.5, 0, 0], [0, 0, 0, 0.0632709264755249, 0, 0, 8, 5, 12, 0, 0, 0, 0, 3, 1, 7, 0, 0, 0, 4, 0, 0.8, 0, 0], [0, 0, 0, 0.12842530012130737, 0, 0, 8, 4, 11, 0, 0, 0, 0, 2, 1, 4, 0, 0, 0, 3, 0, 0.5, 0, 0], [1, 0, 1, 0.03151524066925049, 1, 0, 8, 13, 20, 1, 0, 1, 1, 6, 6, 2, 0, 0, 0, 12, 0, 0.5, 0, 0], [0, 0, 0, 0.4211547374725342, 0, 0, 8, 3, 10, 0, 0, 0, 0, 1, 1, 6, 0, 0, 0, 2, 0, 0.75, 0, 0], [0, 0, 0, 0.04751726984977722, 0, 0, 8, 5, 12, 0, 0, 0, 0, 3, 1, 6, 0, 0, 0, 4, 0, 0.6666666666666666, 0, 0], [0, 0, 0, 0.07530808448791504, 0, 0, 8, 4, 11, 0, 0, 0, 0, 2, 1, 3, 0, 0, 0, 3, 0, 0.5, 0, 0], [0, 0, 0, 0.12575405836105347, 0, 0, 8, 11, 18, 0, 0, 0, 0, 8, 2, 4, 0, 0, 0, 10, 0, 0.5, 0, 0], [0, 0, 0, 0.13708150386810303, 0, 0, 8, 13, 20, 0, 0, 0, 0, 8, 2, 2, 0, 0, 0, 12, 0, 0.5, 0, 0], [0, 0, 0, 0.023518264293670654, 0, 0, 8, 3, 10, 0, 0, 0, 0, 1, 1, 5, 0, 0, 0, 2, 0, 0.5, 0, 0], [0, 0, 0, 0.011385947465896606, 0, 0, 8, 5, 12, 0, 0, 0, 0, 3, 1, 5, 0, 0, 0, 4, 0, 0.8, 0, 0], [0, 0, 0, 0.2235175371170044, 0, 0, 8, 3, 10, 0, 0, 0, 0, 1, 1, 4, 0, 0, 0, 2, 0, 0.5, 0, 0], [1, 0, 1, 0.04635423421859741, 1, 0, 8, 13, 20, 1, 0, 1, 1, 3, 7, 5, 0, 0, 0, 12, 1, 0.8888888888888888, 0, 0], [1, 0, 0, 0.032636046409606934, 0, 0, 8, 13, 20, 1, 0, 1, 0, 7, 3, 1, 0, 0, 0, 12, 0, 0.6666666666666666, 0, 0], [1, 0, 1, 0.0458260178565979, 1, 0, 8, 6, 13, 1, 0, 1, 1, 2, 3, 4, 0, 0, 0, 5, 1, 0.9, 0, 0], [1, 0, 0, 0.08510887622833252, 0, 0, 8, 11, 18, 1, 0, 1, 0, 7, 2, 3, 0, 0, 0, 10, 0, 0.5, 0, 0], [0, 0, 0, 0.0576481819152832, 0, 0, 8, 3, 10, 0, 0, 0, 0, 1, 1, 3, 0, 0, 0, 2, 0, 0.5, 0, 0], [0, 0, 0, 0.019997447729110718, 0, 0, 8, 3, 10, 0, 0, 0, 0, 1, 1, 3, 0, 0, 0, 2, 0, 0.5, 0, 0], [1, 0, 1, 0.04635423421859741, 1, 0, 8, 13, 20, 1, 0, 1, 1, 4, 5, 5, 0, 0, 0, 12, 1, 0.8888888888888888, 0, 0], [0, 0, 0, 0.013869285583496094, 0, 0, 8, 9, 16, 0, 0, 0, 0, 5, 2, 3, 0, 0, 0, 8, 0, 0.6153846153846154, 0, 0], [0, 0, 0, 0.02693086862564087, 0, 0, 8, 3, 10, 0, 0, 0, 0, 1, 1, 7, 0, 0, 0, 2, 0, 0.6666666666666666, 0, 0], [1, 0, 1, 0.11087501049041748, 1, 0, 8, 13, 20, 1, 0, 1, 1, 8, 4, 4, 0, 0, 0, 12, 1, 0.6, 0, 0], [1, 0, 0, 0.11478644609451294, 0, 0, 8, 4, 11, 1, 0, 0, 0, 2, 1, 6, 0, 0, 0, 3, 0, 0.6666666666666666, 0, 0], [1, 0, 0, 0.0793771743774414, 0, 0, 8, 9, 16, 1, 0, 1, 0, 7, 1, 3, 0, 0, 0, 8, 0, 0.5, 0, 0], [0, 0, 0, 0.03656560182571411, 0, 0, 8, 13, 20, 0, 0, 0, 0, 11, 1, 1, 0, 0, 0, 12, 0, 0.5, 0, 0], [0, 0, 0, 0.30516815185546875, 0, 0, 8, 13, 20, 0, 0, 0, 0, 10, 2, 4, 0, 0, 0, 12, 0, 0.6666666666666666, 0, 0], [1, 0, 0, 0.1281881332397461, 0, 0, 8, 11, 18, 1, 0, 1, 0, 5, 2, 3, 0, 0, 0, 10, 0, 0.75, 0, 0], [0, 0, 0, 0.42028307914733887, 0, 0, 8, 3, 10, 0, 0, 0, 0, 1, 1, 3, 0, 0, 0, 2, 0, 0.3333333333333333, 0, 0], [1, 0, 1, 0.076568603515625, 1, 0, 8, 5, 12, 1, 0, 1, 1, 2, 2, 5, 0, 0, 0, 4, 1, 0.6, 0, 0], [0, 0, 0, 0.028514206409454346, 0, 0, 8, 13, 20, 0, 0, 0, 0, 3, 6, 6, 0, 0, 0, 12, 0, 0.6666666666666666, 0, 0], [1, 0, 1, 0.07018685340881348, 0, 0, 8, 9, 16, 1, 0, 1, 1, 5, 3, 3, 0, 0, 0, 8, 0, 0.6666666666666666, 0, 0], [0, 0, 0, 0.14240187406539917, 0, 0, 8, 3, 10, 0, 0, 0, 0, 1, 1, 3, 0, 0, 0, 2, 0, 0.5, 0, 0], [0, 0, 0, 0.008298039436340332, 0, 0, 8, 6, 13, 0, 0, 0, 0, 4, 1, 7, 0, 0, 0, 5, 0, 0.6666666666666666, 0, 0], [0, 0, 0, 0.04383981227874756, 0, 1, 8, 6, 13, 0, 0, 1, 0, 3, 2, 4, 0, 0, 0, 5, 0, 0.5, 0, 0], [0, 0, 0, 0.07244116067886353, 0, 0, 8, 3, 10, 0, 0, 0, 0, 1, 1, 4, 0, 0, 0, 2, 0, 0.6666666666666666, 0, 0], [1, 0, 0, 0.0010054707527160645, 0, 0, 8, 7, 14, 1, 0, 0, 0, 5, 1, 1, 0, 0, 0, 6, 0, 0.5, 0, 0], [0, 0, 0, 0.0386330783367157, 0, 0, 8, 13, 20, 0, 0, 0, 0, 10, 2, 4, 0, 0, 0, 12, 0, 0.75, 0, 0], [1, 0, 0, 0.05971866846084595, 0, 0, 8, 13, 20, 1, 0, 1, 0, 7, 3, 1, 0, 0, 0, 12, 0, 0.6666666666666666, 0, 0], [1, 0, 0, 0.10589468479156494, 0, 0, 5, 4, 8, 1, 0, 0, 0, 1, 2, 3, 0, 0, 0, 3, 0, 0.6666666666666666, 0, 0], [1, 0, 0, 0.0016611814498901367, 0, 0, 8, 13, 20, 1, 0, 1, 0, 7, 3, 2, 0, 0, 0, 12, 0, 0.6666666666666666, 0, 0], [0, 0, 0, 0.043462276458740234, 0, 0, 8, 10, 17, 0, 0, 0, 0, 6, 3, 5, 0, 0, 0, 9, 0, 0.8, 0, 0], [0, 0, 0, 0.07588115334510803, 0, 0, 8, 6, 13, 0, 0, 0, 0, 4, 1, 3, 0, 0, 0, 5, 0, 0.5, 0, 0], [1, 0, 1, 0.003274679183959961, 1, 0, 8, 12, 19, 1, 1, 1, 1, 3, 8, 4, 0, 0, 0, 11, 1, 0.9, 0, 0], [0, 0, 0, 0.018102705478668213, 0, 0, 8, 7, 14, 0, 0, 0, 0, 2, 4, 5, 0, 0, 0, 6, 0, 0.9, 0, 0], [0, 0, 0, 0.004879802465438843, 0, 0, 8, 5, 12, 0, 0, 0, 0, 3, 1, 2, 0, 0, 0, 4, 0, 0.5, 0, 0], [0, 0, 0, 0.014943122863769531, 0, 0, 8, 9, 16, 0, 0, 0, 0, 4, 4, 6, 0, 0, 0, 8, 0, 0.6666666666666666, 0, 0], [1, 0, 0, 0.10499715805053711, 0, 0, 8, 3, 10, 1, 0, 0, 0, 1, 1, 4, 0, 0, 0, 2, 0, 0.75, 0, 0], [1, 0, 0, 0.013783097267150879, 0, 0, 8, 10, 17, 1, 0, 1, 0, 4, 5, 2, 0, 0, 0, 9, 0, 0.6666666666666666, 0, 0], [0, 0, 0, 0.10279905796051025, 0, 0, 8, 13, 20, 0, 0, 0, 0, 9, 2, 3, 0, 0, 0, 12, 0, 0.5, 0, 0], [1, 0, 0, 0.006927162408828735, 1, 0, 8, 7, 14, 1, 0, 1, 0, 5, 1, 4, 0, 0, 0, 6, 0, 0.9, 0, 0], [1, 0, 1, 0.043366312980651855, 1, 0, 8, 10, 17, 1, 0, 1, 1, 2, 7, 4, 0, 0, 0, 9, 1, 0.6666666666666666, 0, 0], [1, 0, 0, 0.07176092267036438, 0, 0, 8, 13, 20, 1, 0, 0, 0, 11, 1, 1, 0, 0, 0, 12, 0, 0.25, 0, 0], [1, 0, 0, 0.002644658088684082, 0, 0, 8, 3, 10, 1, 0, 0, 0, 1, 1, 6, 0, 0, 0, 2, 0, 0.9090909090909091, 0, 0], [1, 0, 1, 0.03328067064285278, 1, 0, 8, 13, 20, 1, 0, 1, 1, 2, 9, 6, 0, 0, 0, 12, 1, 0.6666666666666666, 0, 0], [1, 0, 1, 0.1473846435546875, 1, 0, 8, 5, 12, 1, 0, 1, 1, 2, 2, 4, 0, 0, 0, 4, 1, 0.75, 0, 0], [1, 0, 1, 0.0029141902923583984, 1, 0, 8, 11, 18, 1, 0, 1, 1, 2, 8, 4, 0, 0, 0, 10, 1, 0.8, 0, 0], [0, 0, 0, 0.0015314221382141113, 0, 0, 8, 4, 11, 0, 0, 0, 0, 2, 1, 4, 0, 0, 0, 3, 0, 0.625, 0, 0], [0, 0, 0, 0.09421700239181519, 0, 0, 8, 13, 20, 0, 0, 1, 0, 11, 1, 1, 0, 0, 0, 12, 0, 0.25, 0, 0], [0, 0, 0, 0.024462193250656128, 0, 0, 8, 10, 17, 0, 0, 0, 0, 7, 2, 3, 0, 0, 0, 9, 0, 0.75, 0, 0], [1, 0, 1, 0.007065713405609131, 1, 0, 8, 13, 20, 1, 0, 1, 1, 2, 9, 3, 0, 0, 0, 12, 1, 0.9, 0, 0], [0, 0, 0, 0.027833789587020874, 0, 0, 8, 4, 11, 0, 0, 0, 0, 2, 1, 3, 0, 0, 0, 3, 0, 0.5, 0, 0], [0, 0, 0, 0.031106531620025635, 0, 0, 8, 13, 20, 0, 0, 1, 0, 10, 2, 2, 0, 0, 0, 12, 0, 0.5, 0, 0], [0, 0, 0, 0.004761606454849243, 0, 0, 8, 13, 20, 0, 0, 0, 0, 11, 1, 1, 0, 0, 0, 12, 0, 0.05263157894736842, 0, 0], [1, 0, 0, 0.21647632122039795, 0, 0, 8, 5, 12, 1, 0, 0, 0, 3, 1, 4, 0, 0, 0, 4, 0, 0.6666666666666666, 0, 0], [0, 0, 0, 0.0, 0, 0, 8, 7, 14, 0, 0, 0, 0, 4, 2, 2, 0, 0, 0, 6, 0, 0.9, 0, 0], [0, 0, 0, 0.07548442482948303, 0, 0, 8, 8, 15, 0, 0, 0, 0, 6, 1, 3, 0, 0, 0, 7, 0, 0.6666666666666666, 0, 0], [0, 0, 1, 0.04368019104003906, 0, 0, 8, 4, 11, 0, 0, 1, 1, 2, 1, 5, 0, 0, 0, 3, 0, 0.6666666666666666, 0, 0], [0, 0, 0, 0.09192967414855957, 0, 0, 8, 13, 20, 0, 0, 0, 0, 9, 2, 5, 0, 0, 0, 12, 0, 0.75, 0, 0], [1, 0, 1, 0.0029141902923583984, 1, 0, 8, 11, 18, 1, 0, 1, 1, 2, 8, 4, 0, 0, 0, 10, 1, 0.8, 0, 0], [0, 0, 0, 0.07449999451637268, 0, 0, 8, 3, 10, 0, 0, 0, 0, 1, 1, 2, 0, 0, 0, 2, 0, 0.3333333333333333, 0, 0], [1, 0, 0, 0.002644658088684082, 0, 0, 8, 3, 10, 1, 0, 0, 0, 1, 1, 6, 0, 0, 0, 2, 0, 0.9090909090909091, 0, 0], [0, 0, 0, 0.00575101375579834, 0, 0, 3, 7, 9, 0, 0, 0, 0, 4, 2, 2, 0, 0, 0, 6, 0, 0.8, 0, 0], [1, 0, 1, 0.08544135093688965, 1, 0, 8, 13, 20, 1, 0, 1, 1, 9, 2, 5, 0, 0, 0, 12, 0, 0.75, 0, 0], [1, 0, 1, 0.03328067064285278, 1, 0, 8, 13, 20, 1, 0, 1, 1, 1, 11, 6, 0, 0, 0, 12, 1, 0.6666666666666666, 0, 0], [1, 0, 1, 0.0697219967842102, 0, 0, 8, 5, 12, 1, 0, 1, 1, 2, 2, 6, 0, 0, 0, 4, 1, 0.5, 0, 0], [1, 0, 0, 0.00658726692199707, 0, 0, 8, 4, 11, 1, 0, 1, 0, 2, 1, 6, 0, 0, 0, 3, 0, 0.8, 0, 0], [0, 0, 0, 0.0740087628364563, 0, 0, 8, 8, 15, 0, 0, 0, 0, 5, 2, 3, 0, 0, 0, 7, 0, 0.5, 0, 0], [0, 0, 0, 0.028671175241470337, 0, 0, 8, 13, 20, 0, 0, 1, 0, 10, 2, 2, 0, 0, 0, 12, 0, 0.8, 0, 0], [0, 0, 0, 0.12881797552108765, 0, 0, 8, 13, 20, 0, 0, 0, 0, 10, 2, 4, 0, 0, 0, 12, 0, 0.75, 0, 0], [0, 0, 0, 0.01206958293914795, 0, 0, 8, 13, 20, 0, 0, 0, 0, 11, 1, 1, 0, 0, 0, 12, 0, 0.5, 0, 0], [0, 0, 0, 0.040187716484069824, 0, 0, 8, 3, 10, 0, 0, 0, 0, 1, 1, 5, 0, 0, 0, 2, 0, 0.6666666666666666, 0, 0], [0, 0, 0, 0.09357050061225891, 0, 0, 8, 8, 15, 0, 0, 0, 0, 6, 1, 3, 0, 0, 0, 7, 0, 0.6666666666666666, 0, 0], [1, 0, 1, 0.13573169708251953, 1, 0, 8, 13, 20, 1, 0, 1, 1, 5, 4, 2, 0, 0, 0, 12, 1, 0.6666666666666666, 0, 0], [1, 0, 0, 0.009236037731170654, 0, 0, 8, 13, 20, 1, 0, 1, 0, 5, 5, 1, 0, 0, 0, 12, 0, 0.6666666666666666, 0, 0], [0, 0, 0, 0.0031200051307678223, 0, 0, 8, 7, 14, 0, 0, 0, 0, 5, 1, 5, 0, 0, 0, 6, 0, 0.5, 0, 0], [1, 0, 0, 0.06698930263519287, 0, 0, 5, 4, 8, 1, 0, 0, 0, 1, 2, 4, 0, 0, 0, 3, 0, 0.6666666666666666, 0, 0], [0, 0, 0, 0.006643056869506836, 0, 0, 8, 3, 10, 0, 0, 0, 0, 1, 1, 4, 0, 0, 0, 2, 0, 0.7142857142857143, 0, 0], [0, 0, 0, 0.4550602436065674, 0, 0, 8, 3, 10, 0, 0, 0, 0, 1, 1, 2, 0, 0, 0, 2, 0, 0.5, 0, 0], [0, 0, 0, 0.15659618377685547, 0, 0, 8, 4, 11, 0, 0, 0, 0, 2, 1, 4, 0, 0, 0, 3, 0, 0.6666666666666666, 0, 0], [0, 0, 0, 0.13544729351997375, 0, 0, 8, 5, 12, 0, 0, 0, 0, 3, 1, 1, 0, 0, 0, 4, 0, 0.6666666666666666, 0, 0], [1, 0, 1, 0.03328067064285278, 1, 0, 8, 13, 20, 1, 0, 1, 1, 2, 8, 6, 0, 0, 0, 12, 1, 0.6666666666666666, 0, 0], [0, 0, 0, 0.0521792471408844, 0, 0, 8, 5, 12, 0, 0, 0, 0, 3, 1, 5, 0, 0, 0, 4, 0, 0.5, 0, 0], [0, 0, 0, 0.1511673927307129, 0, 0, 8, 3, 10, 0, 0, 0, 0, 1, 1, 2, 0, 0, 0, 2, 0, 0.5, 0, 0], [0, 0, 0, 0.1362660527229309, 0, 0, 8, 13, 20, 0, 0, 0, 0, 4, 4, 2, 0, 0, 0, 12, 0, 0.6666666666666666, 0, 0], [0, 0, 0, 0.07035070657730103, 0, 0, 8, 4, 11, 0, 0, 0, 0, 2, 1, 3, 0, 0, 0, 3, 0, 0.6666666666666666, 0, 0], [1, 0, 1, 0.13569891452789307, 1, 0, 8, 5, 12, 1, 0, 1, 0, 3, 1, 2, 0, 0, 0, 4, 0, 0.6, 0, 0], [0, 0, 0, 0.12197095155715942, 0, 0, 8, 13, 20, 0, 0, 0, 0, 8, 3, 3, 0, 0, 0, 12, 0, 0.5, 0, 0], [1, 0, 1, 0.03328067064285278, 1, 0, 8, 13, 20, 1, 0, 1, 1, 2, 10, 6, 0, 0, 0, 12, 1, 0.6666666666666666, 0, 0], [0, 0, 0, 0.09349653124809265, 0, 0, 8, 3, 10, 0, 0, 0, 0, 1, 1, 3, 0, 0, 0, 2, 0, 0.5, 0, 0], [0, 0, 0, 0.08418619632720947, 0, 0, 8, 5, 12, 0, 0, 0, 0, 3, 1, 5, 0, 0, 0, 4, 0, 0.6, 0, 0], [1, 0, 1, 0.22292077541351318, 1, 0, 8, 6, 13, 1, 0, 1, 1, 2, 2, 5, 0, 0, 0, 5, 1, 0.75, 0, 0], [1, 0, 1, 0.005794227123260498, 1, 0, 8, 13, 20, 1, 0, 1, 1, 7, 4, 1, 0, 0, 0, 12, 1, 0.9, 0, 0], [0, 0, 0, 0.07308700680732727, 0, 0, 8, 3, 10, 0, 0, 0, 0, 1, 1, 4, 0, 0, 0, 2, 0, 0.6666666666666666, 0, 0], [0, 0, 0, 0.04047656059265137, 0, 0, 8, 3, 10, 0, 0, 0, 0, 1, 1, 4, 0, 0, 0, 2, 0, 0.5, 0, 0], [1, 0, 0, 0.17215079069137573, 1, 1, 7, 5, 11, 1, 0, 1, 0, 2, 2, 4, 0, 0, 0, 4, 1, 0.6666666666666666, 0, 0], [0, 0, 0, 0.2591885030269623, 0, 0, 8, 3, 10, 0, 0, 0, 0, 1, 1, 3, 0, 0, 0, 2, 0, 0.5, 0, 0], [0, 0, 0, 0.03880414366722107, 0, 0, 8, 13, 20, 0, 0, 0, 0, 10, 2, 5, 0, 0, 0, 12, 0, 0.5, 0, 0], [1, 0, 1, 0.03151524066925049, 1, 0, 8, 13, 20, 1, 0, 1, 1, 9, 2, 2, 0, 0, 0, 12, 0, 0.5, 0, 0], [0, 0, 0, 0.09559887647628784, 0, 0, 8, 7, 14, 0, 0, 0, 0, 4, 2, 4, 0, 0, 0, 6, 0, 0.5, 0, 0], [1, 0, 1, 0.019995570182800293, 1, 0, 4, 7, 10, 1, 0, 1, 0, 5, 1, 3, 0, 0, 0, 6, 1, 0.6666666666666666, 0, 0], [0, 0, 0, 0.07379379868507385, 0, 0, 8, 13, 20, 0, 0, 0, 0, 10, 2, 5, 0, 0, 0, 12, 0, 0.5, 0, 0], [1, 0, 1, 0.0, 0, 0, 8, 4, 11, 1, 1, 1, 1, 2, 1, 4, 0, 0, 0, 3, 0, 0.625, 0, 0], [0, 0, 0, 0.11787870526313782, 0, 0, 8, 7, 14, 0, 0, 0, 0, 4, 2, 4, 0, 0, 0, 6, 0, 0.6666666666666666, 0, 0], [0, 0, 0, 0.24810361862182617, 0, 0, 8, 4, 11, 0, 0, 0, 0, 1, 2, 5, 0, 0, 0, 3, 0, 0.6666666666666666, 0, 0], [1, 0, 1, 0.059933602809906006, 0, 0, 8, 10, 17, 1, 0, 1, 1, 5, 3, 5, 0, 0, 0, 9, 0, 0.5, 0, 0], [1, 0, 0, 0.06639134883880615, 0, 0, 5, 3, 7, 1, 1, 0, 0, 1, 1, 3, 0, 0, 0, 2, 0, 0.7142857142857143, 0, 0], [0, 0, 0, 0.14906629920005798, 0, 0, 8, 6, 13, 0, 0, 0, 0, 4, 1, 3, 0, 0, 0, 5, 0, 0.5, 0, 0], [1, 0, 0, 0.056680381298065186, 0, 0, 8, 5, 12, 1, 0, 0, 0, 1, 3, 5, 0, 0, 0, 4, 0, 0.6666666666666666, 0, 0], [0, 0, 0, 0.2129935622215271, 0, 0, 8, 3, 10, 0, 0, 0, 0, 1, 1, 2, 0, 0, 0, 2, 0, 0.5, 0, 0], [0, 0, 0, 0.34634947776794434, 0, 0, 8, 5, 12, 0, 0, 0, 0, 3, 1, 6, 0, 0, 0, 4, 0, 0.6666666666666666, 0, 0], [0, 0, 0, 0.05305945873260498, 0, 0, 8, 3, 10, 0, 0, 0, 0, 1, 1, 4, 0, 0, 0, 2, 0, 0.5, 0, 0], [0, 0, 0, 0.00665891170501709, 0, 0, 8, 5, 12, 0, 0, 0, 0, 3, 1, 4, 0, 0, 0, 4, 0, 0.5, 0, 0], [1, 0, 1, 0.22292077541351318, 1, 0, 8, 6, 13, 1, 0, 1, 1, 2, 2, 5, 0, 0, 0, 5, 1, 0.75, 0, 0], [1, 0, 0, 0.0586358904838562, 0, 0, 8, 10, 17, 1, 0, 0, 0, 3, 5, 3, 0, 0, 0, 9, 0, 0.6666666666666666, 0, 0], [1, 0, 1, 0.03328067064285278, 1, 0, 8, 13, 20, 1, 0, 1, 1, 1, 11, 6, 0, 0, 0, 12, 1, 0.6666666666666666, 0, 0], [1, 0, 1, 0.1849004030227661, 1, 0, 8, 6, 13, 1, 0, 1, 1, 2, 3, 5, 0, 0, 0, 5, 0, 0.6666666666666666, 0, 0], [0, 0, 0, 0.10538691282272339, 0, 0, 8, 5, 12, 0, 0, 0, 0, 3, 1, 4, 0, 0, 0, 4, 0, 0.6666666666666666, 0, 0], [0, 0, 0, 0.03004610538482666, 0, 0, 8, 8, 15, 0, 0, 0, 0, 6, 1, 5, 0, 0, 0, 7, 0, 0.8, 0, 0], [0, 0, 0, 0.09014570713043213, 0, 0, 8, 9, 16, 0, 0, 1, 0, 3, 5, 4, 0, 0, 0, 8, 0, 0.8888888888888888, 0, 0], [0, 0, 0, 0.057930588722229004, 0, 0, 8, 3, 10, 0, 0, 0, 0, 1, 1, 6, 0, 0, 0, 2, 0, 0.75, 0, 0], [0, 0, 0, 0.047895461320877075, 0, 1, 8, 6, 13, 0, 0, 0, 0, 4, 1, 3, 0, 0, 0, 5, 0, 0.6666666666666666, 0, 0], [0, 0, 0, 0.0703340470790863, 0, 0, 8, 10, 17, 0, 0, 0, 0, 8, 1, 1, 0, 0, 0, 9, 0, 0.6666666666666666, 0, 0], [0, 0, 0, 0.01287001371383667, 0, 0, 8, 3, 10, 0, 0, 0, 0, 1, 1, 4, 0, 0, 0, 2, 0, 0.6666666666666666, 0, 0], [1, 0, 0, 0.007686734199523926, 1, 0, 8, 12, 19, 1, 0, 1, 0, 10, 1, 2, 0, 0, 0, 11, 1, 0.25, 0, 0], [0, 0, 0, 0.01265108585357666, 0, 0, 8, 13, 20, 0, 0, 0, 0, 11, 1, 1, 0, 0, 0, 12, 0, 0.5, 0, 0], [0, 0, 1, 0.013685464859008789, 0, 0, 8, 13, 20, 0, 0, 1, 1, 9, 3, 1, 0, 0, 0, 12, 0, 0.5, 0, 0], [0, 0, 0, 0.25213339924812317, 0, 0, 8, 3, 10, 0, 0, 0, 0, 1, 1, 3, 0, 0, 0, 2, 0, 0.5, 0, 0], [0, 0, 0, 0.01974576711654663, 0, 0, 8, 3, 10, 0, 0, 0, 0, 1, 1, 4, 0, 0, 0, 2, 0, 0.5, 0, 0], [0, 0, 0, 0.0009642839431762695, 0, 0, 8, 11, 18, 0, 0, 0, 0, 6, 3, 4, 0, 0, 0, 10, 0, 0.6, 0, 0], [1, 0, 1, 0.24631601572036743, 0, 0, 8, 4, 11, 1, 0, 1, 1, 2, 1, 4, 0, 0, 0, 3, 0, 0.75, 0, 0], [0, 0, 0, 0.002996206283569336, 0, 0, 8, 13, 20, 0, 0, 0, 0, 10, 2, 5, 0, 0, 0, 12, 0, 0.6666666666666666, 0, 0], [1, 0, 1, 0.34066131711006165, 1, 1, 8, 3, 10, 1, 0, 0, 0, 1, 1, 3, 0, 0, 0, 2, 1, 0.5, 0, 0], [1, 0, 1, 0.0306093692779541, 1, 0, 8, 9, 16, 1, 0, 1, 1, 5, 3, 6, 0, 0, 0, 8, 1, 0.6666666666666666, 0, 0], [0, 0, 0, 0.06246572732925415, 0, 0, 8, 13, 20, 0, 0, 0, 0, 8, 3, 7, 0, 0, 0, 12, 0, 0.6666666666666666, 0, 0], [0, 0, 0, 0.1089041531085968, 0, 0, 8, 13, 20, 0, 0, 0, 0, 10, 2, 5, 0, 0, 0, 12, 0, 0.75, 0, 0], [0, 0, 0, 0.007295370101928711, 0, 0, 8, 13, 20, 0, 0, 0, 0, 8, 4, 1, 0, 0, 0, 12, 0, 0.9, 0, 0], [0, 0, 0, 0.02539888024330139, 0, 0, 8, 13, 20, 0, 0, 0, 0, 8, 3, 2, 0, 0, 0, 12, 0, 0.5, 0, 0], [0, 0, 0, 0.022395968437194824, 0, 0, 8, 3, 10, 0, 0, 0, 0, 1, 1, 5, 0, 0, 0, 2, 0, 0.5, 0, 0], [0, 0, 0, 0.002835690975189209, 0, 0, 8, 13, 20, 0, 0, 1, 1, 9, 2, 1, 0, 0, 0, 12, 0, 0.5, 0, 0], [0, 0, 0, 0.03777515888214111, 0, 0, 8, 3, 10, 0, 0, 0, 0, 1, 1, 4, 0, 0, 0, 2, 0, 0.5, 0, 0], [1, 0, 0, 0.012432217597961426, 1, 0, 8, 13, 20, 1, 0, 1, 0, 9, 2, 1, 0, 0, 0, 12, 1, 0.6666666666666666, 0, 0], [0, 0, 0, 0.005787909030914307, 0, 0, 8, 12, 19, 0, 0, 0, 0, 2, 9, 4, 0, 0, 0, 11, 0, 0.9, 0, 0], [0, 0, 0, 0.012340068817138672, 0, 0, 8, 3, 10, 0, 0, 0, 0, 1, 1, 5, 0, 0, 0, 2, 0, 0.5, 0, 0], [0, 0, 0, 0.08772522211074829, 0, 0, 8, 8, 15, 0, 0, 0, 0, 6, 1, 3, 0, 0, 0, 7, 0, 0.5, 0, 0], [0, 0, 0, 0.05490633845329285, 0, 0, 8, 4, 11, 0, 0, 0, 0, 2, 1, 3, 0, 0, 0, 3, 0, 0.6666666666666666, 0, 0], [0, 0, 0, 0.010123610496520996, 0, 0, 8, 13, 20, 0, 0, 0, 0, 11, 1, 1, 0, 0, 0, 12, 0, 0.08333333333333333, 0, 0], [0, 0, 0, 0.007766842842102051, 0, 0, 8, 3, 10, 0, 0, 0, 0, 1, 1, 6, 0, 0, 0, 2, 0, 0.8, 0, 0], [0, 0, 0, 0.017815828323364258, 0, 0, 8, 10, 17, 0, 0, 0, 0, 8, 1, 3, 0, 0, 0, 9, 0, 0.6666666666666666, 0, 0], [0, 0, 0, 0.06586241722106934, 0, 0, 8, 11, 18, 0, 0, 1, 0, 7, 3, 4, 0, 0, 0, 10, 0, 0.5, 0, 0], [1, 0, 0, 0.02812272310256958, 0, 0, 8, 13, 20, 1, 0, 1, 0, 8, 4, 3, 0, 0, 0, 12, 0, 0.9, 0, 0], [0, 0, 0, 0.09687036275863647, 0, 0, 8, 6, 13, 0, 0, 0, 0, 4, 1, 5, 0, 0, 0, 5, 0, 0.6666666666666666, 0, 0], [0, 0, 0, 0.008602827787399292, 0, 0, 8, 3, 10, 0, 0, 0, 0, 1, 1, 4, 0, 0, 0, 2, 0, 0.5, 0, 0], [0, 0, 0, 0.048287272453308105, 0, 0, 8, 3, 10, 0, 0, 0, 0, 1, 1, 6, 0, 0, 0, 2, 0, 0.6666666666666666, 0, 0], [0, 0, 0, 0.007876694202423096, 0, 0, 8, 13, 20, 0, 0, 0, 0, 9, 2, 1, 0, 0, 0, 12, 0, 0.5, 0, 0], [1, 0, 0, 0.0022957324981689453, 0, 0, 8, 7, 14, 1, 0, 1, 0, 3, 3, 6, 0, 0, 0, 6, 0, 0.6666666666666666, 0, 0], [0, 0, 0, 0.027887940406799316, 0, 0, 8, 9, 16, 0, 0, 0, 0, 7, 1, 6, 0, 0, 0, 8, 0, 0.75, 0, 0], [0, 0, 0, 0.008195430040359497, 0, 0, 8, 4, 11, 0, 0, 0, 0, 2, 1, 3, 0, 0, 0, 3, 0, 0.5, 0, 0], [0, 0, 0, 0.003908991813659668, 0, 0, 8, 4, 11, 0, 0, 0, 0, 2, 1, 3, 0, 0, 0, 3, 0, 0.5, 0, 0], [0, 0, 0, 0.027736425399780273, 0, 0, 8, 3, 10, 0, 1, 0, 0, 1, 1, 4, 0, 0, 0, 2, 0, 0.7857142857142857, 0, 0], [1, 0, 0, 0.0251007080078125, 0, 0, 8, 13, 20, 1, 0, 1, 0, 8, 2, 1, 0, 0, 0, 12, 0, 0.6666666666666666, 0, 0], [0, 0, 0, 0.16478949785232544, 0, 0, 8, 3, 10, 0, 0, 0, 0, 1, 1, 6, 0, 0, 0, 2, 0, 0.6, 0, 0], [0, 0, 0, 0.15168553590774536, 0, 0, 8, 13, 20, 0, 0, 0, 0, 7, 5, 4, 0, 0, 0, 12, 0, 0.6, 0, 0], [1, 0, 1, 0.026888906955718994, 1, 0, 8, 13, 20, 1, 0, 1, 1, 4, 6, 1, 0, 0, 0, 12, 1, 0.6666666666666666, 0, 0], [0, 0, 0, 0.006459474563598633, 0, 0, 8, 13, 20, 0, 0, 0, 0, 9, 2, 3, 0, 0, 0, 12, 0, 0.3333333333333333, 0, 0], [1, 0, 1, 0.01791614294052124, 0, 0, 8, 9, 16, 1, 0, 1, 1, 4, 4, 4, 0, 0, 0, 8, 0, 0.5, 0, 0], [0, 0, 0, 0.16335046291351318, 0, 0, 8, 5, 12, 0, 0, 0, 0, 2, 2, 4, 0, 0, 0, 4, 0, 0.5, 0, 0], [0, 0, 0, 0.18973413109779358, 0, 0, 8, 5, 12, 0, 0, 0, 0, 3, 1, 4, 0, 0, 0, 4, 0, 0.5, 0, 0], [0, 0, 0, 0.11110788583755493, 0, 0, 8, 3, 10, 0, 0, 0, 0, 1, 1, 7, 0, 0, 0, 2, 0, 0.5, 0, 0], [0, 0, 0, 0.10003483295440674, 0, 0, 8, 5, 12, 0, 0, 0, 0, 3, 1, 3, 0, 0, 0, 4, 0, 0.5, 0, 0], [1, 0, 1, 0.00344008207321167, 1, 0, 8, 6, 13, 1, 0, 1, 1, 2, 3, 7, 0, 0, 0, 5, 0, 0.75, 0, 0], [1, 0, 0, 6.270408630371094e-05, 0, 0, 7, 5, 11, 1, 0, 1, 1, 3, 1, 4, 0, 0, 0, 4, 1, 0.8888888888888888, 0, 0], [0, 0, 0, 0.03157758712768555, 0, 0, 8, 3, 10, 0, 0, 0, 0, 1, 1, 4, 0, 0, 0, 2, 0, 0.8333333333333334, 0, 0], [0, 0, 0, 0.02507549524307251, 0, 0, 4, 3, 6, 0, 0, 0, 0, 1, 1, 3, 0, 0, 0, 2, 0, 0.8, 0, 0], [0, 0, 0, 0.06121978163719177, 0, 0, 8, 3, 10, 0, 0, 0, 0, 1, 1, 5, 0, 0, 0, 2, 0, 0.5, 0, 0], [0, 0, 0, 0.03373274207115173, 0, 0, 8, 3, 10, 0, 0, 0, 0, 1, 1, 2, 0, 0, 0, 2, 0, 0.3333333333333333, 0, 0], [1, 0, 0, 0.08606916666030884, 1, 0, 8, 4, 11, 1, 0, 1, 0, 2, 1, 2, 0, 0, 0, 3, 1, 0.6666666666666666, 0, 0], [0, 0, 0, 0.011043787002563477, 0, 0, 8, 13, 20, 0, 0, 0, 0, 10, 2, 5, 0, 0, 0, 12, 0, 0.5, 0, 0], [0, 0, 0, 0.01875835657119751, 0, 0, 8, 3, 10, 0, 0, 0, 0, 1, 1, 6, 0, 0, 0, 2, 0, 0.6666666666666666, 0, 0], [0, 0, 0, 0.0767923891544342, 0, 0, 8, 3, 10, 0, 0, 0, 0, 1, 1, 3, 0, 0, 0, 2, 0, 0.5, 0, 0], [0, 0, 0, 0.0005265772342681885, 0, 0, 8, 3, 10, 0, 0, 0, 0, 1, 1, 4, 0, 0, 0, 2, 0, 0.5, 0, 0], [1, 0, 1, 0.02476632595062256, 0, 0, 8, 6, 13, 1, 0, 1, 0, 4, 1, 4, 0, 0, 0, 5, 0, 0.5, 0, 0], [0, 0, 1, 0.04946845769882202, 0, 0, 8, 4, 11, 0, 0, 1, 1, 2, 1, 4, 0, 0, 0, 3, 0, 0.5, 0, 0], [0, 0, 0, 0.0, 0, 0, 8, 5, 12, 0, 0, 0, 0, 3, 1, 3, 0, 0, 0, 4, 0, 0.5, 0, 0], [0, 0, 0, 0.010253846645355225, 0, 0, 8, 13, 20, 0, 0, 0, 0, 11, 1, 3, 0, 0, 0, 12, 0, 0.5, 0, 0], [0, 0, 0, 0.05827289819717407, 0, 0, 8, 8, 15, 0, 0, 0, 0, 5, 2, 2, 0, 0, 0, 7, 0, 0.6666666666666666, 0, 0], [1, 0, 1, 0.13097935914993286, 1, 0, 8, 9, 16, 1, 0, 1, 1, 3, 3, 7, 0, 0, 0, 8, 1, 0.9090909090909091, 0, 0], [0, 0, 0, 0.007937371730804443, 0, 0, 8, 3, 10, 0, 0, 0, 0, 1, 1, 4, 0, 0, 0, 2, 0, 0.5, 0, 0], [0, 0, 0, 0.002976655960083008, 0, 0, 6, 3, 8, 0, 0, 0, 0, 1, 1, 5, 0, 0, 0, 2, 0, 0.5, 0, 0], [0, 0, 0, 0.13668203353881836, 0, 0, 8, 3, 10, 0, 0, 0, 0, 1, 1, 3, 0, 0, 0, 2, 0, 0.5, 0, 0], [0, 0, 0, 0.10976022481918335, 0, 0, 8, 5, 12, 0, 0, 0, 0, 3, 1, 4, 0, 0, 0, 4, 0, 0.5, 0, 0], [0, 0, 0, 0.09647366404533386, 0, 0, 8, 13, 20, 0, 0, 0, 0, 9, 2, 5, 0, 0, 0, 12, 0, 0.75, 0, 0], [0, 0, 0, 0.05974996089935303, 0, 0, 8, 13, 20, 0, 0, 0, 0, 11, 1, 1, 0, 0, 0, 12, 0, 0.25, 0, 0], [0, 0, 0, 0.039113134145736694, 0, 0, 8, 5, 12, 0, 0, 0, 0, 3, 1, 5, 0, 0, 0, 4, 0, 0.5, 0, 0], [0, 0, 0, 0.16744571924209595, 0, 0, 8, 6, 13, 0, 0, 0, 0, 4, 1, 3, 0, 0, 0, 5, 0, 0.6666666666666666, 0, 0], [1, 0, 0, 0.009961560368537903, 0, 0, 8, 7, 14, 1, 0, 0, 0, 5, 1, 1, 0, 0, 0, 6, 0, 0.04, 0, 0], [1, 0, 0, 0.0026445984840393066, 0, 0, 8, 3, 10, 1, 0, 0, 0, 1, 1, 6, 0, 0, 0, 2, 0, 0.9090909090909091, 0, 0], [0, 0, 0, 0.0, 0, 0, 8, 3, 10, 0, 0, 0, 0, 1, 1, 6, 0, 0, 0, 2, 0, 0.5, 0, 0], [0, 0, 0, 0.005746960639953613, 0, 0, 8, 4, 11, 0, 0, 0, 0, 2, 1, 2, 0, 0, 0, 3, 0, 0.6666666666666666, 0, 0], [1, 0, 1, 0.06380623579025269, 1, 0, 8, 6, 13, 1, 0, 1, 1, 2, 3, 6, 0, 0, 0, 5, 1, 0.75, 0, 0], [1, 0, 0, 0.028323650360107422, 0, 0, 8, 13, 20, 1, 0, 0, 0, 3, 9, 4, 0, 0, 0, 12, 0, 0.5, 0, 0], [1, 0, 0, 0.2224738597869873, 0, 0, 8, 3, 10, 1, 0, 0, 0, 1, 1, 4, 0, 0, 0, 2, 1, 0.6666666666666666, 0, 0], [1, 0, 0, 0.12516748905181885, 1, 0, 8, 8, 15, 1, 0, 1, 0, 6, 1, 4, 0, 0, 0, 7, 0, 0.75, 0, 0], [0, 0, 0, 0.03613334894180298, 0, 0, 8, 13, 20, 0, 0, 0, 0, 7, 3, 2, 0, 0, 0, 12, 0, 0.5, 0, 0], [1, 0, 1, 0.0, 1, 0, 3, 8, 10, 1, 0, 1, 1, 2, 4, 2, 0, 0, 0, 7, 1, 0.8333333333333334, 0, 0], [0, 0, 0, 0.1197386085987091, 0, 0, 8, 3, 10, 0, 0, 0, 0, 1, 1, 4, 0, 0, 0, 2, 0, 0.6, 0, 0], [1, 0, 0, 0.002644658088684082, 0, 0, 8, 3, 10, 1, 0, 0, 0, 1, 1, 6, 0, 0, 0, 2, 0, 0.9090909090909091, 0, 0], [0, 0, 0, 0.037447959184646606, 0, 0, 8, 13, 20, 0, 0, 0, 0, 10, 2, 4, 0, 0, 0, 12, 0, 0.6666666666666666, 0, 0], [0, 0, 0, 0.04948163032531738, 0, 0, 8, 3, 10, 0, 0, 0, 0, 1, 1, 5, 0, 0, 0, 2, 0, 0.5, 0, 0], [1, 0, 0, 0.22460722923278809, 0, 0, 8, 7, 14, 1, 0, 1, 1, 5, 1, 4, 0, 0, 0, 6, 0, 0.6666666666666666, 0, 0], [0, 0, 0, 0.0, 0, 0, 8, 11, 18, 0, 0, 0, 0, 6, 3, 3, 0, 0, 0, 10, 0, 0.5, 0, 0], [0, 0, 0, 0.012920618057250977, 0, 0, 8, 4, 11, 0, 0, 0, 0, 2, 1, 6, 0, 0, 0, 3, 0, 0.9090909090909091, 0, 0], [0, 0, 0, 0.12111061811447144, 0, 0, 8, 13, 20, 0, 0, 1, 0, 10, 2, 4, 0, 0, 0, 12, 0, 0.6666666666666666, 0, 0], [0, 0, 0, 0.09143120050430298, 0, 0, 8, 3, 10, 0, 0, 0, 0, 1, 1, 3, 0, 0, 0, 2, 0, 0.5, 0, 0], [0, 0, 0, 0.015809953212738037, 0, 0, 8, 6, 13, 0, 0, 0, 0, 4, 1, 4, 0, 0, 0, 5, 0, 0.5, 0, 0], [0, 0, 0, 0.006459057331085205, 0, 0, 8, 3, 10, 0, 0, 0, 0, 1, 1, 4, 0, 0, 0, 2, 0, 0.5, 0, 0], [0, 0, 0, 0.08239150047302246, 0, 0, 8, 13, 20, 0, 0, 0, 0, 8, 3, 3, 0, 0, 0, 12, 0, 0.75, 0, 0], [0, 0, 0, 0.06725043058395386, 0, 0, 8, 3, 10, 0, 0, 0, 0, 1, 1, 7, 0, 0, 0, 2, 0, 0.8, 0, 0], [0, 0, 0, 0.0019015669822692871, 0, 0, 8, 13, 20, 0, 0, 0, 0, 10, 2, 3, 0, 0, 0, 12, 0, 0.5, 0, 0], [0, 0, 0, 0.010338246822357178, 0, 0, 8, 13, 20, 0, 0, 0, 0, 7, 3, 1, 0, 0, 0, 12, 0, 0.6666666666666666, 0, 0], [0, 0, 0, 0.05006745457649231, 0, 0, 8, 3, 10, 0, 0, 0, 0, 1, 1, 4, 0, 0, 0, 2, 0, 0.5, 0, 0], [0, 0, 0, 0.014493048191070557, 0, 0, 8, 13, 20, 0, 0, 1, 0, 10, 2, 2, 0, 0, 0, 12, 0, 0.5, 0, 0], [0, 0, 0, 0.03144192695617676, 0, 0, 6, 3, 8, 0, 0, 0, 0, 1, 1, 5, 0, 0, 0, 2, 0, 0.75, 0, 0], [0, 0, 0, 0.37088626623153687, 0, 0, 8, 3, 10, 0, 0, 0, 0, 1, 1, 3, 0, 0, 0, 2, 0, 0.5, 0, 0], [0, 0, 0, 0.001911461353302002, 0, 0, 8, 13, 20, 0, 0, 0, 0, 11, 1, 1, 0, 0, 0, 12, 0, 0.5, 0, 0], [0, 0, 0, 0.11244386434555054, 0, 0, 8, 4, 11, 0, 0, 0, 0, 2, 1, 4, 0, 0, 0, 3, 0, 0.6666666666666666, 0, 0], [1, 0, 0, 0.0032792091369628906, 0, 0, 8, 12, 19, 1, 0, 1, 0, 7, 3, 4, 0, 0, 0, 11, 0, 0.9, 0, 0], [0, 0, 0, 0.001977682113647461, 0, 0, 8, 3, 10, 0, 0, 0, 0, 1, 1, 6, 0, 0, 0, 2, 0, 0.5, 0, 0], [0, 0, 0, 0.023825764656066895, 0, 0, 8, 3, 10, 0, 0, 0, 0, 1, 1, 5, 0, 0, 0, 2, 0, 0.9, 0, 0], [0, 0, 0, 0.05456319451332092, 0, 0, 8, 13, 20, 0, 0, 0, 0, 10, 2, 3, 0, 0, 0, 12, 0, 0.5, 0, 0], [0, 0, 0, 0.01115638017654419, 0, 0, 8, 4, 11, 0, 0, 0, 0, 2, 1, 5, 0, 0, 0, 3, 0, 0.75, 0, 0], [1, 0, 1, 0.1849004030227661, 1, 0, 8, 6, 13, 1, 0, 1, 1, 2, 3, 5, 0, 0, 0, 5, 0, 0.6666666666666666, 0, 0], [0, 0, 0, 0.08714830875396729, 0, 0, 8, 4, 11, 0, 0, 0, 0, 2, 1, 2, 0, 0, 0, 3, 0, 0.6666666666666666, 0, 0], [0, 0, 0, 0.013435184955596924, 0, 0, 8, 13, 20, 0, 0, 0, 0, 7, 2, 1, 0, 0, 0, 12, 0, 0.6666666666666666, 0, 0], [1, 0, 1, 0.15509659051895142, 1, 0, 8, 6, 13, 1, 0, 1, 1, 2, 3, 5, 0, 0, 0, 5, 0, 0.75, 0, 0], [0, 0, 0, 0.06495910882949829, 0, 0, 8, 7, 14, 0, 0, 0, 0, 5, 1, 1, 0, 0, 0, 6, 0, 0.6666666666666666, 0, 0], [1, 0, 1, 0.0, 1, 1, 8, 3, 10, 1, 0, 0, 0, 1, 1, 5, 0, 0, 0, 2, 1, 0.5, 0, 0], [0, 0, 0, 0.3586251735687256, 0, 0, 8, 3, 10, 0, 0, 0, 0, 1, 1, 3, 0, 0, 0, 2, 0, 0.625, 0, 0], [0, 0, 0, 0.00591278076171875, 0, 0, 8, 3, 10, 0, 0, 0, 0, 1, 1, 5, 0, 0, 0, 2, 0, 0.6, 0, 0], [0, 0, 0, 0.028528600931167603, 0, 0, 8, 13, 20, 0, 0, 1, 0, 11, 1, 4, 0, 0, 0, 12, 0, 0.6666666666666666, 0, 0], [0, 0, 0, 0.04234543442726135, 0, 0, 8, 4, 11, 0, 0, 0, 0, 2, 1, 1, 0, 0, 0, 3, 0, 0.0967741935483871, 0, 0], [0, 0, 0, 0.14516282081604004, 0, 0, 8, 3, 10, 0, 0, 0, 0, 1, 1, 4, 0, 0, 0, 2, 0, 0.75, 0, 0], [0, 0, 0, 0.0005386471748352051, 0, 0, 8, 11, 18, 0, 0, 1, 0, 7, 3, 1, 0, 0, 0, 10, 0, 0.5, 0, 0], [1, 0, 1, 0.330915629863739, 1, 0, 8, 4, 11, 1, 0, 1, 1, 2, 1, 4, 0, 0, 0, 3, 0, 0.6666666666666666, 0, 0], [0, 0, 0, 0.0212288498878479, 0, 0, 8, 7, 14, 0, 0, 0, 0, 4, 2, 1, 0, 0, 0, 6, 0, 0.9, 0, 0], [0, 0, 0, 0.034962356090545654, 0, 0, 8, 4, 11, 0, 0, 0, 0, 2, 1, 4, 0, 0, 0, 3, 0, 0.75, 0, 0], [1, 0, 1, 0.0011086463928222656, 0, 0, 8, 5, 12, 1, 0, 1, 1, 2, 2, 5, 0, 0, 0, 4, 0, 0.5, 0, 0], [0, 0, 0, 0.07709109783172607, 0, 0, 8, 3, 10, 0, 0, 0, 0, 1, 1, 1, 0, 0, 0, 2, 0, 0.5, 0, 0], [0, 0, 0, 0.07243555784225464, 0, 0, 8, 6, 13, 0, 0, 0, 0, 4, 1, 4, 0, 0, 0, 5, 0, 0.75, 0, 0], [1, 0, 1, 0.03151524066925049, 1, 0, 8, 13, 20, 1, 0, 1, 1, 7, 3, 2, 0, 0, 0, 12, 0, 0.5, 0, 0], [0, 0, 0, 0.09599387645721436, 0, 0, 8, 5, 12, 0, 0, 0, 0, 1, 3, 5, 0, 0, 0, 4, 0, 0.6, 0, 0], [0, 0, 0, 0.4824709892272949, 0, 0, 8, 3, 10, 0, 0, 0, 0, 1, 1, 3, 0, 0, 0, 2, 0, 0.3333333333333333, 0, 0], [0, 0, 0, 0.05895495414733887, 0, 0, 8, 4, 11, 0, 0, 0, 0, 2, 1, 2, 0, 0, 0, 3, 0, 0.5, 0, 0], [0, 0, 0, 0.002164870500564575, 0, 0, 8, 13, 20, 0, 0, 0, 0, 10, 2, 1, 0, 0, 0, 12, 0, 0.5, 0, 0], [0, 0, 0, 0.0338892936706543, 0, 0, 8, 4, 11, 0, 0, 0, 0, 2, 1, 6, 0, 0, 0, 3, 0, 0.5, 0, 0], [0, 0, 0, 0.2613762617111206, 0, 0, 8, 3, 10, 0, 0, 0, 0, 1, 1, 6, 0, 0, 0, 2, 0, 0.8333333333333334, 0, 0], [1, 0, 1, 0.10616272687911987, 0, 0, 8, 5, 12, 1, 0, 1, 0, 3, 1, 3, 0, 0, 0, 4, 0, 0.5, 0, 0], [0, 0, 0, 0.0014690160751342773, 0, 0, 8, 8, 15, 0, 0, 0, 0, 6, 1, 1, 0, 0, 0, 7, 0, 0.5, 0, 0], [1, 0, 0, 0.0187913179397583, 0, 0, 8, 13, 20, 1, 0, 1, 0, 8, 2, 1, 0, 0, 0, 12, 0, 0.6666666666666666, 0, 0], [0, 0, 1, 0.03528079390525818, 0, 0, 8, 5, 12, 0, 0, 1, 0, 3, 1, 4, 0, 0, 0, 4, 0, 0.6666666666666666, 0, 0], [0, 0, 0, 0.14877387881278992, 0, 0, 8, 3, 10, 0, 0, 0, 0, 1, 1, 3, 0, 0, 0, 2, 0, 0.6666666666666666, 0, 0], [1, 0, 0, 0.07030850648880005, 0, 0, 8, 5, 12, 1, 0, 0, 0, 2, 2, 4, 0, 0, 0, 4, 0, 0.8888888888888888, 0, 0], [0, 0, 0, 0.0, 0, 0, 8, 5, 12, 0, 0, 0, 0, 2, 2, 4, 0, 0, 0, 4, 0, 0.6666666666666666, 0, 0], [0, 0, 0, 0.1281658113002777, 0, 0, 8, 3, 10, 0, 0, 0, 0, 1, 1, 3, 0, 0, 0, 2, 0, 0.5, 0, 0], [1, 0, 0, 0.017345905303955078, 0, 0, 8, 5, 12, 1, 1, 0, 0, 2, 2, 6, 0, 0, 0, 4, 0, 0.6666666666666666, 0, 0], [0, 0, 0, 0.04002869129180908, 0, 0, 8, 13, 20, 0, 0, 0, 0, 10, 2, 4, 0, 0, 0, 12, 0, 0.75, 0, 0], [0, 0, 0, 0.0076149702072143555, 0, 0, 8, 3, 10, 0, 0, 0, 0, 1, 1, 4, 0, 0, 0, 2, 0, 0.6666666666666666, 0, 0], [1, 0, 0, 0.18565770983695984, 0, 0, 8, 8, 15, 1, 0, 0, 0, 5, 2, 5, 0, 0, 0, 7, 0, 0.75, 0, 0], [0, 0, 0, 0.1149435043334961, 0, 0, 8, 3, 10, 0, 0, 0, 0, 1, 1, 2, 0, 0, 0, 2, 0, 0.5, 0, 0], [0, 0, 0, 0.01730060577392578, 0, 0, 8, 6, 13, 0, 0, 0, 0, 4, 1, 1, 0, 0, 0, 5, 0, 0.5, 0, 0], [0, 0, 0, 0.01641714572906494, 0, 0, 8, 3, 10, 0, 0, 0, 0, 1, 1, 5, 0, 0, 0, 2, 0, 0.5, 0, 0], [0, 0, 0, 0.0076149702072143555, 0, 0, 8, 3, 10, 0, 0, 0, 0, 1, 1, 4, 0, 0, 0, 2, 0, 0.6666666666666666, 0, 0], [0, 0, 0, 0.004203677177429199, 0, 0, 8, 12, 19, 0, 0, 0, 0, 5, 5, 3, 0, 0, 0, 11, 0, 0.6666666666666666, 0, 0], [0, 0, 0, 0.013323187828063965, 0, 0, 8, 6, 13, 0, 0, 0, 0, 4, 1, 1, 0, 0, 0, 5, 0, 0.5, 0, 0], [0, 0, 0, 0.03697100281715393, 0, 0, 8, 3, 10, 0, 0, 0, 0, 1, 1, 4, 0, 0, 0, 2, 0, 0.5, 0, 0], [0, 0, 0, 0.08023726940155029, 0, 0, 8, 5, 12, 0, 0, 0, 0, 2, 2, 2, 0, 0, 0, 4, 0, 0.5, 0, 0], [0, 0, 0, 0.15286040306091309, 0, 0, 8, 3, 10, 0, 0, 0, 0, 1, 1, 5, 0, 0, 0, 2, 0, 0.5, 0, 0], [0, 0, 0, 0.03233969211578369, 0, 0, 8, 3, 10, 0, 0, 0, 0, 1, 1, 4, 0, 0, 0, 2, 0, 0.8333333333333334, 0, 0], [1, 0, 1, 0.04941278696060181, 1, 0, 8, 4, 11, 1, 0, 1, 1, 2, 1, 6, 0, 0, 0, 3, 1, 0.8961038961038961, 0, 0], [0, 0, 0, 0.053240805864334106, 0, 0, 8, 13, 20, 0, 0, 0, 0, 10, 2, 1, 0, 0, 0, 12, 0, 0.25, 0, 0], [0, 0, 0, 0.0010268539190292358, 0, 0, 8, 3, 10, 0, 0, 0, 0, 1, 1, 2, 0, 0, 0, 2, 0, 0.3333333333333333, 0, 0], [1, 0, 0, 0.07941868901252747, 0, 0, 8, 13, 20, 1, 0, 0, 0, 8, 2, 1, 0, 0, 0, 12, 1, 0.25, 0, 0], [0, 0, 0, 0.1023099422454834, 0, 0, 8, 6, 13, 0, 0, 0, 0, 4, 1, 3, 0, 0, 0, 5, 0, 0.5, 0, 0], [0, 0, 0, 0.04099613428115845, 0, 0, 8, 3, 10, 0, 0, 0, 0, 1, 1, 3, 0, 0, 0, 2, 0, 0.5, 0, 0], [0, 0, 0, 0.024770259857177734, 0, 0, 8, 13, 20, 0, 0, 1, 0, 11, 1, 1, 0, 0, 0, 12, 0, 0.5, 0, 0], [0, 0, 0, 0.03687483072280884, 0, 0, 8, 4, 11, 0, 0, 0, 0, 2, 1, 4, 0, 0, 0, 3, 0, 0.5, 0, 0], [0, 0, 0, 0.00484621524810791, 0, 0, 8, 13, 20, 0, 0, 0, 0, 10, 2, 1, 0, 0, 0, 12, 0, 0.25, 0, 0], [0, 0, 0, 0.05488693714141846, 0, 0, 8, 4, 11, 0, 0, 0, 0, 2, 1, 3, 0, 0, 0, 3, 0, 0.6666666666666666, 0, 0], [0, 0, 0, 0.038891375064849854, 0, 0, 8, 5, 12, 0, 0, 0, 0, 3, 1, 4, 0, 0, 0, 4, 0, 0.5, 0, 0], [0, 0, 0, 0.025217711925506592, 0, 0, 8, 4, 11, 0, 0, 0, 0, 1, 2, 1, 0, 0, 0, 3, 0, 0.5, 0, 0], [1, 0, 1, 0.04184842109680176, 1, 0, 8, 6, 13, 1, 0, 1, 1, 3, 2, 5, 0, 0, 0, 5, 1, 0.5, 0, 0], [0, 0, 0, 0.2694628834724426, 0, 0, 8, 3, 10, 0, 0, 0, 0, 1, 1, 5, 0, 0, 0, 2, 0, 0.6666666666666666, 0, 0], [0, 0, 0, 0.014646351337432861, 0, 0, 8, 3, 10, 0, 0, 0, 0, 1, 1, 6, 0, 0, 0, 2, 0, 0.5, 0, 0], [0, 0, 0, 0.02365010976791382, 0, 0, 8, 4, 11, 0, 0, 0, 0, 2, 1, 3, 0, 0, 0, 3, 0, 0.9, 0, 0], [0, 0, 0, 0.02625146508216858, 0, 0, 8, 3, 10, 0, 0, 0, 0, 1, 1, 5, 0, 0, 0, 2, 0, 0.5, 0, 0], [0, 0, 0, 0.05032062530517578, 0, 0, 8, 13, 20, 0, 0, 0, 0, 10, 2, 2, 0, 0, 0, 12, 0, 0.5, 0, 0], [0, 0, 0, 0.028671175241470337, 0, 0, 8, 13, 20, 0, 0, 1, 0, 10, 2, 2, 0, 0, 0, 12, 0, 0.8, 0, 0], [1, 0, 1, 0.03328067064285278, 1, 0, 8, 13, 20, 1, 0, 1, 1, 2, 8, 6, 0, 0, 0, 12, 1, 0.6666666666666666, 0, 0], [0, 0, 0, 0.1114148497581482, 0, 0, 8, 6, 13, 0, 0, 0, 0, 2, 3, 3, 0, 0, 0, 5, 0, 0.5, 0, 0], [1, 0, 1, 0.03328067064285278, 1, 0, 8, 13, 20, 1, 0, 1, 1, 2, 10, 6, 0, 0, 0, 12, 1, 0.6666666666666666, 0, 0], [0, 0, 1, 0.16344553232192993, 0, 0, 8, 4, 11, 0, 0, 1, 0, 2, 1, 1, 0, 0, 0, 3, 0, 0.2222222222222222, 0, 0], [1, 0, 1, 0.003331899642944336, 1, 0, 8, 4, 11, 1, 0, 1, 1, 2, 1, 4, 0, 0, 0, 3, 1, 0.6666666666666666, 0, 0], [1, 0, 1, 0.0604475736618042, 1, 0, 8, 13, 20, 1, 0, 1, 1, 4, 8, 4, 0, 0, 0, 12, 1, 0.5, 0, 0], [0, 0, 0, 0.11867016553878784, 0, 0, 8, 13, 20, 0, 0, 0, 0, 10, 2, 3, 0, 0, 0, 12, 0, 0.6666666666666666, 0, 0], [0, 0, 0, 0.11110794544219971, 0, 0, 8, 3, 10, 0, 0, 0, 0, 1, 1, 7, 0, 0, 0, 2, 0, 0.5, 0, 0], [1, 0, 1, 0.08510887622833252, 0, 0, 8, 11, 18, 1, 0, 1, 1, 7, 2, 3, 0, 0, 0, 10, 0, 0.5, 0, 0], [0, 0, 0, 0.011354207992553711, 0, 0, 8, 3, 10, 0, 0, 0, 0, 1, 1, 4, 0, 0, 0, 2, 0, 0.5, 0, 0], [1, 0, 1, 0.0, 1, 1, 8, 3, 10, 1, 0, 0, 0, 1, 1, 5, 0, 0, 0, 2, 1, 0.5, 0, 0], [1, 0, 0, 0.00378572940826416, 0, 0, 8, 4, 11, 1, 0, 0, 0, 2, 1, 4, 0, 0, 0, 3, 0, 0.6666666666666666, 0, 0], [0, 0, 0, 0.28660547733306885, 0, 0, 8, 3, 10, 0, 0, 0, 0, 1, 1, 1, 0, 0, 0, 2, 0, 0.15384615384615385, 0, 0], [1, 0, 1, 0.026888906955718994, 1, 0, 8, 13, 20, 1, 0, 1, 1, 5, 4, 1, 0, 0, 0, 12, 1, 0.6666666666666666, 0, 0], [1, 0, 0, 0.012432217597961426, 1, 0, 8, 13, 20, 1, 0, 1, 0, 7, 3, 1, 0, 0, 0, 12, 1, 0.6666666666666666, 0, 0], [0, 0, 0, 0.06172597408294678, 0, 0, 8, 3, 10, 0, 0, 0, 0, 1, 1, 3, 0, 0, 0, 2, 0, 0.5, 0, 0], [0, 0, 0, 0.023922860622406006, 0, 0, 8, 3, 10, 0, 0, 0, 0, 1, 1, 5, 0, 0, 0, 2, 0, 0.6, 0, 0], [0, 0, 0, 0.0023773908615112305, 0, 0, 8, 13, 20, 0, 0, 0, 0, 11, 1, 1, 0, 0, 0, 12, 0, 0.5, 0, 0], [0, 0, 0, 0.18816372752189636, 0, 0, 8, 3, 10, 0, 0, 0, 0, 1, 1, 3, 0, 0, 0, 2, 0, 0.6666666666666666, 0, 0], [0, 0, 0, 0.0732494592666626, 0, 0, 8, 13, 20, 0, 0, 0, 0, 8, 4, 5, 0, 0, 0, 12, 0, 0.6666666666666666, 0, 0], [0, 0, 0, 0.0685490071773529, 0, 0, 8, 6, 13, 0, 0, 0, 0, 4, 1, 7, 0, 0, 0, 5, 0, 0.75, 0, 0], [1, 0, 0, 0.002644658088684082, 0, 0, 8, 3, 10, 1, 0, 0, 0, 1, 1, 6, 0, 0, 0, 2, 0, 0.9090909090909091, 0, 0], [1, 0, 1, 0.11087501049041748, 1, 0, 8, 13, 20, 1, 0, 1, 1, 8, 4, 4, 0, 0, 0, 12, 1, 0.6, 0, 0], [0, 0, 0, 0.08833986520767212, 0, 0, 8, 3, 10, 0, 0, 0, 0, 1, 1, 6, 0, 0, 0, 2, 0, 0.75, 0, 0], [1, 0, 1, 0.01791614294052124, 0, 0, 8, 9, 16, 1, 0, 1, 1, 4, 4, 4, 0, 0, 0, 8, 0, 0.5, 0, 0], [1, 0, 0, 0.0, 1, 0, 8, 5, 12, 1, 0, 1, 0, 2, 2, 3, 0, 0, 0, 4, 1, 0.5, 0, 0], [1, 0, 1, 0.01877385377883911, 1, 0, 8, 6, 13, 1, 0, 1, 1, 2, 3, 5, 0, 0, 0, 5, 1, 0.9, 0, 0], [1, 0, 1, 0.047636449337005615, 0, 0, 8, 6, 13, 1, 0, 1, 1, 3, 2, 6, 0, 0, 0, 5, 1, 0.75, 0, 0], [1, 0, 1, 0.13573169708251953, 1, 0, 8, 13, 20, 1, 0, 1, 1, 5, 6, 2, 0, 0, 0, 12, 1, 0.6666666666666666, 0, 0], [0, 0, 0, 0.25620296597480774, 0, 0, 8, 3, 10, 0, 0, 0, 0, 1, 1, 3, 0, 0, 0, 2, 0, 0.5, 0, 0], [1, 0, 1, 0.010402798652648926, 1, 0, 8, 13, 20, 1, 0, 1, 1, 4, 8, 5, 0, 0, 0, 12, 1, 0.9, 0, 0], [0, 0, 0, 0.08260506391525269, 0, 0, 8, 3, 10, 0, 0, 0, 0, 1, 1, 3, 0, 0, 0, 2, 0, 0.5, 0, 0], [1, 0, 0, 0.08275732398033142, 0, 0, 8, 5, 12, 1, 0, 0, 0, 2, 2, 4, 0, 0, 0, 4, 0, 0.6666666666666666, 0, 0], [1, 0, 1, 0.09953451156616211, 1, 0, 8, 6, 13, 1, 0, 1, 1, 3, 2, 6, 0, 0, 0, 5, 1, 0.75, 0, 0], [0, 0, 0, 0.03830742835998535, 0, 0, 8, 5, 12, 0, 0, 0, 0, 3, 1, 4, 0, 0, 0, 4, 0, 0.5, 0, 0], [1, 0, 0, 0.08157682418823242, 0, 0, 8, 11, 18, 1, 0, 1, 0, 5, 3, 2, 0, 0, 0, 10, 0, 0.6666666666666666, 0, 0], [0, 0, 0, 0.0038590431213378906, 0, 0, 8, 10, 17, 0, 0, 0, 0, 4, 4, 4, 0, 0, 0, 9, 0, 0.6666666666666666, 0, 0], [0, 0, 0, 0.15185198187828064, 0, 0, 8, 3, 10, 0, 0, 0, 0, 1, 1, 2, 0, 0, 0, 2, 0, 0.25, 0, 0], [1, 0, 1, 0.0604475736618042, 1, 0, 8, 13, 20, 1, 0, 1, 1, 4, 8, 4, 0, 0, 0, 12, 1, 0.5, 0, 0], [0, 0, 0, 0.13562142848968506, 0, 0, 8, 3, 10, 0, 0, 0, 0, 1, 1, 4, 0, 0, 0, 2, 0, 0.5, 0, 0], [0, 0, 0, 0.00820934772491455, 0, 0, 8, 8, 15, 0, 0, 0, 0, 4, 3, 4, 0, 0, 0, 7, 0, 0.5, 0, 0], [0, 0, 0, 0.0, 0, 0, 3, 4, 6, 1, 0, 0, 0, 2, 1, 2, 0, 0, 0, 3, 0, 0.6666666666666666, 0, 0], [0, 0, 0, 0.003583192825317383, 0, 0, 8, 4, 11, 0, 0, 0, 0, 2, 1, 3, 0, 0, 0, 3, 0, 0.9, 0, 0], [1, 0, 0, 0.02174288034439087, 0, 0, 8, 10, 17, 1, 0, 1, 0, 4, 4, 6, 0, 0, 0, 9, 0, 0.8888888888888888, 0, 0], [1, 0, 1, 0.05235874652862549, 0, 0, 8, 5, 12, 1, 0, 1, 0, 3, 1, 6, 0, 0, 0, 4, 0, 0.75, 0, 0], [1, 0, 0, 0.06639134883880615, 0, 0, 5, 3, 7, 1, 0, 0, 0, 1, 1, 3, 0, 0, 0, 2, 0, 0.7142857142857143, 0, 0], [0, 0, 0, 0.008387446403503418, 0, 0, 8, 6, 13, 0, 0, 0, 0, 4, 1, 3, 0, 0, 0, 5, 0, 0.5, 0, 0], [0, 0, 0, 0.1047067642211914, 0, 0, 8, 4, 11, 0, 0, 0, 0, 2, 1, 5, 0, 0, 0, 3, 0, 0.6666666666666666, 0, 0], [0, 0, 0, 0.007947146892547607, 0, 0, 8, 8, 15, 0, 0, 1, 0, 6, 1, 3, 0, 0, 0, 7, 0, 0.75, 0, 0], [0, 0, 0, 0.010880351066589355, 0, 0, 8, 13, 20, 0, 0, 0, 0, 11, 1, 3, 0, 0, 0, 12, 0, 0.5, 0, 0], [0, 0, 0, 0.12894657254219055, 0, 0, 8, 3, 10, 0, 0, 0, 0, 1, 1, 4, 0, 0, 0, 2, 0, 0.5, 0, 0], [0, 0, 0, 0.05852267146110535, 0, 0, 8, 13, 20, 0, 0, 0, 0, 10, 2, 1, 0, 0, 0, 12, 0, 0.25, 0, 0], [0, 0, 0, 0.13656866550445557, 0, 0, 6, 3, 8, 0, 0, 0, 0, 1, 1, 5, 0, 0, 0, 2, 0, 0.6666666666666666, 0, 0], [0, 0, 0, 0.008050501346588135, 0, 0, 8, 13, 20, 0, 0, 0, 0, 9, 2, 1, 0, 0, 0, 12, 0, 0.5, 0, 0], [0, 0, 0, 0.03710085153579712, 0, 0, 8, 13, 20, 0, 0, 0, 0, 7, 4, 3, 0, 0, 0, 12, 0, 0.9, 0, 0], [0, 0, 0, 0.0014080405235290527, 0, 0, 8, 4, 11, 0, 0, 0, 0, 2, 1, 4, 0, 0, 0, 3, 0, 0.9, 0, 0], [0, 0, 0, 0.05585390329360962, 0, 0, 8, 8, 15, 0, 0, 0, 0, 6, 1, 3, 0, 0, 0, 7, 0, 0.5, 0, 0], [0, 0, 0, 0.2961806654930115, 0, 0, 8, 4, 11, 0, 0, 0, 0, 2, 1, 7, 0, 0, 0, 3, 0, 0.75, 0, 0], [0, 0, 0, 0.02872788906097412, 0, 0, 8, 13, 20, 0, 0, 0, 0, 7, 3, 2, 0, 0, 0, 12, 0, 0.5, 0, 0], [0, 0, 0, 0.11707419157028198, 0, 0, 8, 13, 20, 0, 0, 0, 0, 10, 2, 1, 0, 0, 0, 12, 0, 0.25, 0, 0], [1, 0, 1, 0.03328067064285278, 1, 0, 8, 13, 20, 1, 0, 1, 1, 2, 10, 6, 0, 0, 0, 12, 1, 0.6666666666666666, 0, 0], [0, 0, 0, 0.006895542144775391, 0, 0, 8, 13, 20, 0, 0, 0, 0, 10, 2, 3, 0, 0, 0, 12, 0, 0.3333333333333333, 0, 0], [0, 0, 0, 0.0007901787757873535, 0, 0, 8, 11, 18, 0, 0, 0, 0, 1, 9, 4, 0, 0, 0, 10, 0, 0.8, 0, 0], [0, 0, 0, 0.003647446632385254, 0, 0, 8, 13, 20, 0, 0, 0, 0, 11, 1, 1, 0, 0, 0, 12, 0, 0.25, 0, 0], [1, 0, 0, 0.061721980571746826, 0, 0, 8, 6, 13, 1, 0, 0, 0, 4, 1, 4, 0, 0, 0, 5, 0, 0.5, 0, 0], [0, 0, 0, 0.24431535601615906, 0, 0, 8, 3, 10, 0, 0, 0, 0, 1, 1, 4, 0, 0, 0, 2, 0, 0.5, 0, 0], [0, 0, 0, 0.12656641006469727, 0, 0, 8, 13, 20, 0, 0, 0, 0, 9, 2, 3, 0, 0, 0, 12, 0, 0.5, 0, 0], [1, 0, 1, 0.08544135093688965, 1, 0, 8, 13, 20, 1, 0, 1, 1, 9, 2, 5, 0, 0, 0, 12, 0, 0.75, 0, 0], [0, 0, 0, 0.018410593271255493, 0, 0, 8, 13, 20, 0, 0, 1, 1, 11, 1, 4, 0, 0, 0, 12, 0, 0.5, 0, 0], [0, 0, 0, 0.024271786212921143, 0, 0, 8, 3, 10, 0, 0, 0, 0, 1, 1, 4, 0, 0, 0, 2, 0, 0.7857142857142857, 0, 0], [0, 0, 0, 0.06639134883880615, 0, 0, 5, 3, 7, 0, 0, 0, 0, 1, 1, 3, 0, 0, 0, 2, 0, 0.7142857142857143, 0, 0], [0, 0, 0, 0.09282851219177246, 0, 0, 8, 3, 10, 0, 0, 0, 0, 1, 1, 5, 0, 0, 0, 2, 0, 0.8888888888888888, 0, 0], [1, 0, 1, 0.007065713405609131, 1, 0, 8, 13, 20, 1, 0, 1, 1, 2, 8, 3, 0, 0, 0, 12, 1, 0.9, 0, 0], [1, 0, 1, 0.007772684097290039, 1, 0, 8, 8, 15, 1, 0, 1, 1, 4, 3, 4, 0, 0, 0, 7, 1, 0.75, 0, 0], [0, 0, 0, 0.03796654939651489, 0, 0, 8, 5, 12, 0, 0, 0, 0, 3, 1, 2, 0, 0, 0, 4, 0, 0.5, 0, 0], [0, 0, 0, 0.3505648970603943, 0, 0, 8, 3, 10, 0, 0, 0, 0, 1, 1, 5, 0, 0, 0, 2, 0, 0.6666666666666666, 0, 0], [0, 0, 0, 0.04917585849761963, 0, 0, 8, 3, 10, 0, 0, 0, 0, 1, 1, 5, 0, 0, 0, 2, 0, 0.5, 0, 0], [0, 0, 0, 0.037077248096466064, 0, 0, 8, 12, 19, 0, 0, 0, 0, 9, 2, 1, 0, 0, 0, 11, 0, 0.6666666666666666, 0, 0], [0, 0, 0, 0.012693405151367188, 0, 1, 8, 12, 19, 0, 0, 0, 0, 6, 3, 1, 0, 0, 0, 11, 0, 0.9, 0, 0], [0, 0, 0, 0.0014569759368896484, 0, 0, 8, 3, 10, 0, 0, 0, 0, 1, 1, 5, 0, 0, 0, 2, 0, 0.6666666666666666, 0, 0], [1, 0, 0, 0.02188277244567871, 0, 0, 8, 13, 20, 1, 0, 0, 0, 7, 2, 1, 0, 0, 0, 12, 0, 0.6666666666666666, 0, 0], [0, 0, 0, 0.10915607213973999, 0, 0, 8, 13, 20, 0, 0, 0, 0, 9, 2, 6, 0, 0, 0, 12, 0, 0.6666666666666666, 0, 0], [0, 0, 0, 0.02803283929824829, 0, 0, 8, 3, 10, 0, 0, 0, 0, 1, 1, 3, 0, 0, 0, 2, 0, 0.5, 0, 0], [0, 0, 0, 0.08703666925430298, 0, 0, 8, 11, 18, 0, 0, 0, 0, 6, 3, 4, 0, 0, 0, 10, 0, 0.5, 0, 0], [0, 0, 0, 0.11715966463088989, 0, 0, 8, 5, 12, 0, 0, 0, 0, 3, 1, 5, 0, 0, 0, 4, 0, 0.5, 0, 0], [0, 0, 0, 0.027678728103637695, 0, 0, 8, 3, 10, 0, 0, 0, 0, 1, 1, 7, 0, 0, 0, 2, 0, 0.5, 0, 0], [0, 0, 0, 0.2477731704711914, 0, 0, 8, 9, 16, 0, 0, 0, 0, 6, 2, 3, 0, 0, 0, 8, 0, 0.5, 0, 0], [1, 0, 1, 0.056876540184020996, 0, 0, 8, 12, 19, 1, 0, 1, 0, 10, 1, 2, 0, 0, 0, 11, 0, 0.6666666666666666, 0, 0], [0, 0, 0, 0.023825764656066895, 0, 0, 8, 3, 10, 0, 0, 0, 0, 1, 1, 5, 0, 0, 0, 2, 0, 0.9, 0, 0], [0, 0, 0, 0.018609613180160522, 0, 0, 8, 3, 10, 0, 0, 0, 0, 1, 1, 4, 0, 0, 0, 2, 0, 0.8888888888888888, 0, 0], [0, 0, 0, 0.2897236943244934, 0, 0, 8, 13, 20, 0, 0, 0, 0, 10, 2, 4, 0, 0, 0, 12, 0, 0.6666666666666666, 0, 0], [1, 0, 1, 0.05302530527114868, 1, 0, 8, 12, 19, 1, 0, 1, 1, 7, 3, 3, 0, 0, 0, 11, 0, 0.6666666666666666, 0, 0], [1, 0, 1, 0.019101440906524658, 1, 0, 8, 13, 20, 1, 1, 1, 1, 7, 5, 6, 0, 0, 0, 12, 1, 0.9, 0, 0], [1, 0, 0, 0.02623608708381653, 0, 0, 8, 5, 12, 1, 0, 1, 0, 3, 1, 4, 0, 0, 0, 4, 1, 0.5, 0, 0], [1, 0, 0, 0.02174288034439087, 0, 0, 8, 10, 17, 1, 0, 1, 0, 4, 4, 6, 0, 0, 0, 9, 0, 0.8888888888888888, 0, 0], [0, 0, 0, 0.0, 0, 0, 8, 4, 11, 0, 0, 0, 0, 1, 2, 6, 0, 0, 0, 3, 0, 0.8, 0, 0], [0, 0, 0, 0.13426423072814941, 0, 0, 8, 3, 10, 0, 0, 0, 0, 1, 1, 5, 0, 0, 0, 2, 0, 0.6666666666666666, 0, 0], [0, 0, 0, 0.0208590030670166, 0, 0, 8, 4, 11, 0, 0, 0, 0, 2, 1, 6, 0, 0, 0, 3, 0, 0.5, 0, 0], [0, 0, 0, 0.05263239145278931, 0, 0, 8, 3, 10, 0, 0, 0, 0, 1, 1, 5, 0, 0, 0, 2, 0, 0.5, 0, 0], [0, 0, 0, 0.07889693975448608, 0, 0, 8, 4, 11, 0, 0, 0, 0, 1, 2, 5, 0, 0, 0, 3, 0, 0.8, 0, 0], [1, 0, 0, 0.011881768703460693, 0, 0, 8, 3, 10, 1, 0, 0, 0, 1, 1, 6, 0, 0, 0, 2, 0, 0.6666666666666666, 0, 0], [0, 0, 0, 0.46462976932525635, 0, 0, 8, 3, 10, 0, 0, 0, 0, 1, 1, 6, 0, 0, 0, 2, 0, 0.5, 0, 0], [0, 0, 0, 0.012430548667907715, 0, 0, 8, 4, 11, 0, 0, 0, 0, 2, 1, 6, 0, 0, 0, 3, 0, 0.5, 0, 0], [0, 0, 0, 0.033228278160095215, 0, 0, 8, 3, 10, 0, 0, 0, 0, 1, 1, 4, 0, 0, 0, 2, 0, 0.5, 0, 0], [0, 0, 0, 0.05448496341705322, 0, 0, 8, 13, 20, 0, 0, 0, 0, 10, 2, 1, 0, 0, 0, 12, 0, 0.625, 0, 0], [0, 0, 1, 0.07765856385231018, 0, 0, 8, 10, 17, 0, 0, 1, 1, 5, 3, 4, 0, 0, 0, 9, 0, 0.5, 0, 0], [1, 0, 0, 0.41250091791152954, 0, 0, 8, 4, 11, 1, 0, 0, 0, 1, 2, 3, 0, 0, 0, 3, 0, 0.6666666666666666, 0, 0], [1, 0, 1, 0.008193731307983398, 1, 0, 8, 10, 17, 1, 0, 1, 1, 2, 7, 6, 0, 0, 0, 9, 1, 0.9090909090909091, 0, 0], [1, 0, 1, 0.010230958461761475, 0, 0, 8, 7, 14, 1, 0, 1, 0, 5, 1, 3, 0, 0, 0, 6, 0, 0.8888888888888888, 0, 0], [1, 0, 1, 0.34066131711006165, 1, 1, 8, 3, 10, 1, 0, 0, 0, 1, 1, 3, 0, 0, 0, 2, 1, 0.5, 0, 0], [1, 0, 1, 0.10097682476043701, 0, 0, 8, 10, 17, 1, 0, 1, 1, 6, 2, 1, 0, 0, 0, 9, 0, 0.5, 0, 0], [0, 0, 0, 0.05105483531951904, 0, 0, 8, 5, 12, 0, 0, 0, 0, 2, 2, 6, 0, 0, 0, 4, 0, 0.75, 0, 0], [0, 0, 0, 0.0005811452865600586, 0, 0, 8, 5, 12, 0, 0, 0, 0, 3, 1, 2, 0, 0, 0, 4, 0, 0.3333333333333333, 0, 0], [0, 0, 0, 0.061581552028656006, 0, 0, 8, 10, 17, 0, 0, 0, 0, 6, 3, 2, 0, 0, 0, 9, 0, 0.5, 0, 0], [0, 0, 0, 0.00840902328491211, 0, 0, 8, 13, 20, 0, 0, 0, 0, 11, 1, 1, 0, 0, 0, 12, 0, 0.3076923076923077, 0, 0], [0, 0, 0, 0.0006248950958251953, 0, 0, 8, 13, 20, 0, 0, 1, 0, 10, 2, 1, 0, 0, 0, 12, 0, 0.5, 0, 0], [0, 0, 0, 0.06947404146194458, 0, 0, 8, 6, 13, 0, 0, 0, 0, 4, 1, 4, 0, 0, 0, 5, 0, 0.5, 0, 0], [0, 0, 0, 9.34600830078125e-05, 0, 0, 8, 5, 12, 0, 0, 0, 0, 2, 2, 4, 0, 0, 0, 4, 0, 0.6666666666666666, 0, 0], [1, 0, 0, 0.03740602731704712, 0, 0, 8, 3, 10, 1, 1, 0, 0, 1, 1, 3, 0, 0, 0, 2, 0, 0.6666666666666666, 0, 0], [0, 0, 0, 0.11734151840209961, 0, 0, 8, 6, 13, 0, 0, 0, 0, 2, 3, 1, 0, 0, 0, 5, 0, 0.5, 0, 0], [1, 0, 0, 0.004662752151489258, 0, 0, 8, 7, 14, 1, 0, 1, 0, 4, 2, 3, 0, 0, 0, 6, 0, 0.5, 0, 0], [0, 0, 0, 0.0791252851486206, 0, 0, 8, 3, 10, 0, 0, 0, 0, 1, 1, 4, 0, 0, 0, 2, 0, 0.5, 0, 0], [0, 0, 0, 0.15169811248779297, 0, 0, 8, 4, 11, 0, 0, 0, 0, 2, 1, 2, 0, 0, 0, 3, 0, 0.3333333333333333, 0, 0], [0, 0, 0, 0.015946000814437866, 0, 0, 8, 6, 13, 0, 0, 0, 0, 4, 1, 5, 0, 0, 0, 5, 0, 0.6, 0, 0], [0, 0, 0, 0.003586113452911377, 0, 0, 8, 6, 13, 0, 0, 0, 0, 2, 3, 6, 0, 0, 0, 5, 0, 0.75, 0, 0], [1, 0, 1, 0.00030690431594848633, 1, 0, 8, 8, 15, 1, 0, 1, 1, 2, 5, 6, 0, 0, 0, 7, 1, 0.9090909090909091, 0, 0], [0, 0, 0, 0.12706738710403442, 0, 0, 8, 4, 11, 0, 0, 0, 0, 2, 1, 3, 0, 0, 0, 3, 0, 0.5, 0, 0], [1, 0, 0, 0.03814667463302612, 0, 0, 8, 6, 13, 1, 0, 0, 0, 3, 2, 2, 0, 0, 0, 5, 1, 0.5, 0, 0], [1, 0, 1, 0.007772684097290039, 1, 0, 8, 8, 15, 1, 0, 1, 1, 4, 3, 4, 0, 0, 0, 7, 1, 0.75, 0, 0], [0, 0, 0, 0.008611708879470825, 0, 0, 8, 13, 20, 0, 0, 0, 0, 11, 1, 2, 0, 0, 0, 12, 0, 0.5, 0, 0], [0, 0, 0, 0.13333433866500854, 0, 0, 8, 13, 20, 0, 0, 0, 0, 6, 4, 7, 0, 0, 0, 12, 0, 0.8888888888888888, 0, 0], [0, 0, 0, 0.23396790027618408, 0, 0, 8, 3, 10, 0, 0, 0, 0, 1, 1, 4, 0, 0, 0, 2, 0, 0.8888888888888888, 0, 0], [0, 0, 0, 0.005978524684906006, 0, 1, 8, 12, 19, 0, 0, 1, 0, 7, 3, 4, 0, 0, 0, 11, 0, 0.9, 0, 0], [0, 0, 0, 0.06378322839736938, 0, 0, 8, 3, 10, 0, 0, 0, 0, 1, 1, 6, 0, 0, 0, 2, 0, 0.75, 0, 0], [0, 0, 0, 0.015642762184143066, 0, 0, 8, 3, 10, 0, 0, 0, 0, 1, 1, 3, 0, 0, 0, 2, 0, 0.75, 0, 0], [1, 0, 1, 0.0, 1, 0, 3, 5, 7, 1, 0, 1, 1, 2, 2, 2, 0, 0, 0, 4, 1, 0.8571428571428571, 0, 0], [0, 0, 0, 0.18123793601989746, 0, 0, 8, 3, 10, 0, 0, 0, 0, 1, 1, 4, 0, 0, 0, 2, 0, 0.6666666666666666, 0, 0], [0, 0, 0, 0.10306686162948608, 0, 0, 8, 3, 10, 0, 0, 0, 0, 1, 1, 4, 0, 0, 0, 2, 0, 0.5, 0, 0], [0, 0, 0, 0.038905322551727295, 0, 0, 4, 3, 6, 0, 0, 0, 0, 1, 1, 3, 0, 0, 0, 2, 0, 0.6666666666666666, 0, 0], [0, 0, 0, 0.015836715698242188, 0, 0, 8, 13, 20, 0, 0, 0, 0, 11, 1, 1, 0, 0, 0, 12, 0, 0.25, 0, 0], [1, 0, 0, 0.031420350074768066, 1, 0, 8, 4, 11, 1, 0, 1, 0, 2, 1, 3, 0, 0, 0, 3, 1, 0.6666666666666666, 0, 0], [1, 0, 1, 0.005794227123260498, 1, 0, 8, 13, 20, 1, 0, 1, 0, 8, 2, 1, 0, 0, 0, 12, 1, 0.9, 0, 0], [0, 0, 0, 0.01873248815536499, 0, 0, 8, 13, 20, 0, 1, 0, 0, 10, 2, 7, 0, 0, 0, 12, 0, 0.8, 0, 0], [1, 0, 1, 0.002976655960083008, 0, 1, 7, 3, 9, 1, 0, 0, 0, 1, 1, 6, 0, 0, 0, 2, 0, 0.5, 0, 0], [1, 0, 0, 0.018858611583709717, 1, 0, 8, 5, 12, 1, 0, 1, 1, 3, 1, 5, 0, 0, 0, 4, 1, 0.75, 0, 0], [0, 0, 0, 0.031487226486206055, 0, 0, 7, 4, 10, 0, 0, 0, 0, 2, 1, 5, 0, 0, 0, 3, 0, 0.6666666666666666, 0, 0], [0, 0, 0, 0.010919272899627686, 0, 0, 8, 13, 20, 0, 0, 0, 0, 10, 2, 1, 0, 0, 0, 12, 0, 0.5, 0, 0], [0, 0, 0, 0.12107193470001221, 0, 0, 8, 13, 20, 0, 0, 0, 0, 8, 2, 6, 0, 0, 0, 12, 0, 0.6666666666666666, 0, 0], [1, 0, 1, 0.04635423421859741, 1, 0, 8, 13, 20, 1, 0, 1, 1, 5, 4, 5, 0, 0, 0, 12, 1, 0.8888888888888888, 0, 0], [1, 0, 0, 0.010989189147949219, 0, 0, 8, 13, 20, 1, 0, 0, 0, 5, 6, 1, 0, 0, 0, 12, 0, 0.6666666666666666, 0, 0], [0, 0, 0, 0.01194620132446289, 0, 0, 8, 13, 20, 0, 0, 0, 0, 11, 1, 1, 0, 0, 0, 12, 0, 0.5, 0, 0], [0, 0, 0, 0.21201282739639282, 0, 0, 8, 3, 10, 0, 0, 0, 0, 1, 1, 4, 0, 0, 0, 2, 0, 0.6153846153846154, 0, 0], [0, 0, 0, 0.0002766251564025879, 0, 0, 5, 4, 8, 0, 0, 0, 0, 2, 1, 4, 0, 0, 0, 3, 0, 0.6666666666666666, 0, 0], [1, 0, 0, 0.009586811065673828, 0, 0, 8, 5, 12, 1, 0, 0, 0, 2, 2, 5, 0, 0, 0, 4, 0, 0.6666666666666666, 0, 0], [0, 0, 0, 0.0032103657722473145, 0, 0, 8, 5, 12, 0, 0, 0, 0, 3, 1, 1, 0, 0, 0, 4, 0, 0.5, 0, 0], [1, 0, 1, 0.0046517252922058105, 1, 0, 8, 10, 17, 1, 1, 1, 1, 2, 7, 2, 0, 0, 0, 9, 1, 0.75, 0, 0], [1, 0, 0, 0.019176244735717773, 1, 0, 8, 5, 12, 1, 0, 1, 1, 3, 1, 4, 0, 0, 0, 4, 1, 0.75, 0, 0], [0, 0, 0, 0.3118540644645691, 0, 0, 8, 3, 10, 0, 0, 0, 0, 1, 1, 2, 0, 0, 0, 2, 0, 0.3333333333333333, 0, 0], [0, 0, 0, 0.038627445697784424, 0, 0, 8, 6, 13, 0, 0, 0, 0, 4, 1, 3, 0, 0, 0, 5, 0, 0.75, 0, 0], [1, 0, 0, 0.0014570355415344238, 0, 0, 8, 3, 10, 1, 0, 0, 0, 1, 1, 5, 0, 0, 0, 2, 0, 0.6666666666666666, 0, 0], [0, 0, 0, 0.01786288619041443, 0, 0, 8, 13, 20, 0, 0, 0, 0, 10, 2, 1, 0, 0, 0, 12, 0, 0.17391304347826086, 0, 0], [0, 0, 0, 0.061173319816589355, 0, 0, 8, 4, 11, 0, 0, 0, 0, 1, 2, 4, 0, 0, 0, 3, 0, 0.5714285714285714, 0, 0], [0, 0, 0, 0.010009229183197021, 0, 0, 8, 4, 11, 0, 0, 0, 0, 2, 1, 5, 0, 0, 0, 3, 0, 0.6666666666666666, 0, 0], [0, 0, 0, 0.033082544803619385, 0, 0, 8, 3, 10, 0, 0, 0, 0, 1, 1, 4, 0, 0, 0, 2, 0, 0.5, 0, 0], [0, 0, 0, 0.05092895030975342, 0, 0, 8, 13, 20, 0, 0, 0, 0, 11, 1, 1, 0, 0, 0, 12, 0, 0.5, 0, 0], [0, 0, 0, 0.04231745004653931, 0, 0, 8, 6, 13, 0, 0, 0, 0, 3, 2, 4, 0, 0, 0, 5, 0, 0.5, 0, 0], [0, 0, 0, 0.012127220630645752, 0, 0, 8, 13, 20, 0, 0, 1, 0, 11, 1, 3, 0, 0, 0, 12, 0, 0.5, 0, 0], [0, 0, 0, 0.023095011711120605, 0, 0, 8, 3, 10, 0, 0, 0, 0, 1, 1, 4, 0, 0, 0, 2, 0, 0.5, 0, 0], [0, 0, 0, 0.05901616811752319, 0, 0, 8, 13, 20, 0, 0, 0, 0, 8, 3, 7, 0, 0, 0, 12, 0, 0.6666666666666666, 0, 0], [1, 0, 0, 0.018705248832702637, 0, 0, 8, 3, 10, 1, 0, 0, 0, 1, 1, 4, 0, 0, 0, 2, 0, 0.6666666666666666, 0, 0], [0, 0, 0, 0.015801221132278442, 0, 0, 8, 13, 20, 0, 0, 0, 0, 10, 2, 4, 0, 0, 0, 12, 0, 0.75, 0, 0], [0, 0, 0, 0.032155394554138184, 0, 0, 8, 5, 12, 0, 0, 0, 0, 3, 1, 1, 0, 0, 0, 4, 0, 0.6666666666666666, 0, 0], [0, 0, 0, 0.020604074001312256, 0, 0, 8, 6, 13, 0, 0, 0, 0, 4, 1, 3, 0, 0, 0, 5, 0, 0.75, 0, 0], [0, 0, 0, 0.07032668590545654, 0, 0, 8, 4, 11, 0, 0, 0, 0, 2, 1, 3, 0, 0, 0, 3, 0, 0.5, 0, 0], [0, 0, 0, 0.012579560279846191, 0, 0, 8, 13, 20, 0, 0, 0, 0, 11, 1, 1, 0, 0, 0, 12, 0, 0.5, 0, 0], [0, 0, 0, 0.10869526863098145, 0, 0, 8, 4, 11, 0, 0, 0, 0, 2, 1, 4, 0, 0, 0, 3, 0, 0.6666666666666666, 0, 0], [0, 0, 0, 0.0011734962463378906, 0, 1, 8, 8, 15, 0, 0, 0, 0, 2, 4, 7, 0, 0, 0, 7, 0, 0.9090909090909091, 0, 0], [1, 0, 1, 0.0, 1, 0, 7, 7, 13, 1, 0, 1, 1, 3, 3, 3, 0, 0, 0, 6, 1, 0.6666666666666666, 0, 0], [0, 0, 0, 0.005496978759765625, 0, 0, 8, 4, 11, 0, 0, 0, 0, 1, 2, 2, 0, 0, 0, 3, 0, 0.6666666666666666, 0, 0], [0, 0, 0, 0.04788708686828613, 0, 0, 8, 13, 20, 0, 0, 0, 0, 10, 2, 2, 0, 0, 0, 12, 0, 0.5, 0, 0], [0, 0, 0, 0.01759931445121765, 0, 0, 8, 3, 10, 0, 0, 0, 0, 1, 1, 2, 0, 0, 0, 2, 0, 0.5, 0, 0], [0, 0, 0, 0.09282845258712769, 0, 0, 8, 3, 10, 0, 0, 0, 0, 1, 1, 5, 0, 0, 0, 2, 0, 0.8888888888888888, 0, 0], [0, 0, 0, 0.002644658088684082, 0, 0, 8, 5, 12, 0, 0, 0, 0, 1, 3, 6, 0, 0, 0, 4, 0, 0.9090909090909091, 0, 0], [1, 0, 0, 0.002616703510284424, 0, 0, 8, 3, 10, 1, 0, 0, 0, 1, 1, 3, 0, 0, 0, 2, 0, 0.9, 0, 0], [0, 0, 0, 0.3433842360973358, 0, 0, 8, 5, 12, 0, 0, 0, 0, 2, 2, 3, 0, 0, 0, 4, 0, 0.8888888888888888, 0, 0], [0, 0, 0, 0.018247663974761963, 0, 0, 8, 13, 20, 0, 0, 0, 0, 9, 2, 1, 0, 0, 0, 12, 0, 0.5, 0, 0], [0, 0, 0, 0.01287001371383667, 0, 0, 8, 4, 11, 0, 0, 0, 0, 1, 2, 3, 0, 0, 0, 3, 0, 0.6666666666666666, 0, 0], [1, 0, 1, 0.002713620662689209, 1, 0, 8, 5, 12, 1, 0, 1, 1, 2, 2, 6, 0, 0, 0, 4, 1, 0.9090909090909091, 0, 0], [1, 0, 1, 0.0032663941383361816, 0, 0, 8, 13, 20, 1, 0, 1, 1, 4, 6, 2, 0, 0, 0, 12, 1, 0.6666666666666666, 0, 0], [1, 0, 0, 0.09946340322494507, 0, 0, 8, 5, 12, 1, 0, 1, 1, 3, 1, 3, 0, 0, 0, 4, 0, 0.8888888888888888, 0, 0], [0, 0, 0, 0.2801750898361206, 0, 0, 8, 13, 20, 0, 0, 0, 0, 8, 4, 4, 0, 0, 0, 12, 0, 0.6666666666666666, 0, 0], [1, 0, 0, 0.10351532697677612, 1, 0, 8, 3, 10, 1, 0, 0, 0, 1, 1, 5, 0, 0, 0, 2, 1, 0.8961038961038961, 0, 0], [1, 0, 1, 0.043366312980651855, 1, 0, 8, 10, 17, 1, 0, 1, 1, 2, 7, 4, 0, 0, 0, 9, 1, 0.6666666666666666, 0, 0], [1, 0, 0, 0.19736647605895996, 0, 0, 8, 5, 12, 1, 0, 0, 0, 1, 3, 7, 0, 0, 0, 4, 1, 0.8, 0, 0], [0, 0, 0, 0.034143924713134766, 0, 0, 8, 3, 10, 0, 0, 0, 0, 1, 1, 4, 0, 0, 0, 2, 0, 0.5, 0, 0], [1, 0, 0, 0.0, 0, 0, 8, 4, 11, 1, 0, 1, 0, 2, 1, 4, 0, 0, 0, 3, 1, 0.6666666666666666, 0, 0], [0, 0, 0, 0.002644658088684082, 0, 0, 8, 5, 12, 0, 0, 0, 0, 1, 3, 6, 0, 0, 0, 4, 0, 0.9090909090909091, 0, 0], [0, 0, 0, 0.21492671966552734, 0, 0, 8, 3, 10, 0, 0, 0, 0, 1, 1, 4, 0, 0, 0, 2, 0, 0.8888888888888888, 0, 0], [0, 0, 0, 0.14429914951324463, 0, 0, 8, 13, 20, 0, 0, 0, 0, 7, 5, 4, 0, 0, 0, 12, 0, 0.6, 0, 0], [0, 0, 0, 0.05018728971481323, 0, 0, 8, 6, 13, 0, 0, 0, 0, 4, 1, 5, 0, 0, 0, 5, 0, 0.5, 0, 0], [0, 0, 0, 0.005948573350906372, 0, 0, 8, 6, 13, 0, 0, 0, 0, 4, 1, 3, 0, 0, 0, 5, 0, 0.5, 0, 0], [1, 0, 0, 0.03728586435317993, 1, 0, 8, 4, 11, 1, 0, 1, 0, 2, 1, 4, 0, 0, 0, 3, 1, 0.5, 0, 0], [0, 0, 0, 0.04573166370391846, 0, 0, 8, 6, 13, 0, 0, 0, 0, 4, 1, 5, 0, 0, 0, 5, 0, 0.6, 0, 0], [0, 0, 0, 0.009298920631408691, 0, 0, 8, 13, 20, 0, 0, 1, 0, 10, 2, 1, 0, 0, 0, 12, 0, 0.5, 0, 0], [0, 0, 0, 0.2196832299232483, 0, 0, 8, 5, 12, 0, 0, 0, 0, 2, 2, 4, 0, 0, 0, 4, 0, 0.75, 0, 0], [0, 0, 0, 0.27509626746177673, 0, 0, 8, 3, 10, 0, 0, 0, 0, 1, 1, 3, 0, 0, 0, 2, 0, 0.5, 0, 0], [0, 0, 0, 0.00039952993392944336, 0, 0, 8, 13, 20, 0, 0, 0, 0, 10, 2, 3, 0, 0, 0, 12, 0, 0.5, 0, 0], [1, 0, 1, 0.1866893768310547, 1, 0, 8, 4, 11, 1, 0, 1, 1, 2, 1, 6, 0, 0, 0, 3, 0, 0.6666666666666666, 0, 0], [1, 0, 0, 0.0818328857421875, 0, 0, 8, 5, 12, 1, 0, 0, 0, 3, 1, 5, 0, 0, 0, 4, 0, 0.8888888888888888, 0, 0], [0, 0, 0, 0.23456937074661255, 0, 0, 8, 3, 10, 0, 0, 0, 0, 1, 1, 3, 0, 0, 0, 2, 0, 0.6666666666666666, 0, 0], [0, 0, 0, 0.009601294994354248, 0, 0, 8, 5, 12, 0, 0, 0, 0, 3, 1, 6, 0, 0, 0, 4, 0, 0.5, 0, 0], [0, 0, 0, 0.04037165641784668, 0, 0, 8, 13, 20, 0, 0, 0, 0, 7, 4, 3, 0, 0, 0, 12, 0, 0.9, 0, 0], [1, 0, 0, 0.00010019540786743164, 0, 0, 8, 4, 11, 1, 0, 0, 0, 1, 2, 4, 0, 0, 0, 3, 0, 0.75, 0, 0], [0, 0, 0, 0.05130290985107422, 0, 0, 8, 9, 16, 0, 0, 1, 0, 6, 2, 4, 0, 0, 0, 8, 0, 0.6153846153846154, 0, 0], [1, 0, 1, 0.01877385377883911, 1, 0, 8, 6, 13, 1, 0, 1, 1, 2, 3, 5, 0, 0, 0, 5, 1, 0.9, 0, 0], [0, 0, 0, 0.016234755516052246, 0, 0, 8, 13, 20, 0, 0, 0, 0, 11, 1, 1, 0, 0, 0, 12, 0, 0.05263157894736842, 0, 0], [0, 0, 0, 0.276817262172699, 0, 0, 8, 3, 10, 0, 0, 0, 0, 1, 1, 2, 0, 0, 0, 2, 0, 0.5, 0, 0], [1, 0, 0, 0.20374029874801636, 0, 0, 8, 13, 20, 1, 0, 1, 0, 10, 2, 4, 0, 0, 0, 12, 0, 0.6666666666666666, 0, 0], [0, 0, 0, 0.028224825859069824, 0, 0, 8, 7, 14, 0, 0, 1, 0, 5, 1, 1, 0, 0, 0, 6, 0, 0.3333333333333333, 0, 0], [0, 0, 0, 0.029759913682937622, 0, 0, 8, 7, 14, 0, 0, 0, 0, 2, 4, 4, 0, 0, 0, 6, 0, 0.75, 0, 0], [1, 0, 0, 0.0347057580947876, 0, 0, 8, 3, 10, 1, 0, 0, 0, 1, 1, 5, 0, 0, 0, 2, 0, 0.75, 0, 0], [0, 0, 0, 0.04222482442855835, 0, 0, 8, 4, 11, 0, 0, 0, 0, 1, 2, 4, 0, 0, 0, 3, 0, 0.5, 0, 0], [0, 0, 0, 0.017736196517944336, 0, 0, 8, 13, 20, 0, 0, 0, 0, 7, 5, 6, 0, 0, 0, 12, 0, 0.9, 0, 0], [0, 0, 0, 0.01304936408996582, 0, 0, 8, 3, 10, 0, 0, 0, 0, 1, 1, 5, 0, 0, 0, 2, 0, 0.5, 0, 0], [0, 0, 0, 0.0021712779998779297, 0, 0, 8, 13, 20, 0, 0, 0, 0, 9, 3, 4, 0, 0, 0, 12, 0, 0.6666666666666666, 0, 0], [0, 0, 0, 0.22900280356407166, 0, 0, 8, 4, 11, 0, 0, 0, 0, 2, 1, 5, 0, 0, 0, 3, 0, 0.5, 0, 0], [0, 0, 0, 0.07971125841140747, 0, 0, 8, 3, 10, 0, 0, 0, 0, 1, 1, 5, 0, 0, 0, 2, 0, 0.5, 0, 0], [1, 0, 0, 0.08522778749465942, 0, 0, 8, 6, 13, 1, 0, 1, 0, 2, 3, 7, 0, 0, 0, 5, 0, 0.75, 0, 0], [0, 0, 0, 0.0011538267135620117, 0, 0, 8, 13, 20, 0, 0, 1, 0, 8, 3, 1, 0, 0, 0, 12, 0, 0.25, 0, 0], [0, 0, 0, 0.031106531620025635, 0, 0, 8, 13, 20, 0, 0, 0, 0, 8, 3, 2, 0, 0, 0, 12, 0, 0.5, 0, 0], [1, 0, 1, 0.010989189147949219, 0, 0, 8, 13, 20, 1, 0, 1, 0, 8, 2, 1, 0, 0, 0, 12, 0, 0.6666666666666666, 0, 0], [1, 0, 1, 0.04643750190734863, 1, 0, 8, 9, 16, 1, 0, 1, 1, 3, 4, 4, 0, 0, 0, 8, 1, 0.8888888888888888, 0, 0], [0, 0, 0, 0.023134499788284302, 0, 0, 8, 13, 20, 0, 0, 0, 0, 11, 1, 1, 0, 0, 0, 12, 0, 0.5, 0, 0], [1, 0, 0, 0.03499573469161987, 0, 0, 8, 6, 13, 1, 0, 0, 0, 4, 1, 3, 0, 0, 0, 5, 0, 0.6666666666666666, 0, 0], [0, 0, 0, 0.2992726266384125, 0, 0, 8, 3, 10, 0, 0, 0, 0, 1, 1, 5, 0, 0, 0, 2, 0, 0.6666666666666666, 0, 0], [1, 0, 0, 0.043627142906188965, 1, 0, 8, 13, 20, 1, 0, 1, 0, 9, 2, 5, 0, 0, 0, 12, 0, 0.6666666666666666, 0, 0], [1, 0, 0, 0.02206885814666748, 0, 0, 5, 4, 8, 1, 0, 0, 0, 2, 1, 4, 0, 0, 0, 3, 0, 0.6666666666666666, 0, 0], [1, 0, 0, 0.07620584964752197, 1, 0, 8, 13, 20, 1, 1, 1, 1, 8, 2, 2, 0, 0, 0, 12, 1, 0.5, 0, 0], [0, 0, 0, 0.026232004165649414, 0, 0, 8, 4, 11, 0, 0, 0, 0, 2, 1, 3, 0, 0, 0, 3, 0, 0.6666666666666666, 0, 0], [1, 0, 1, 0.16750794649124146, 1, 1, 8, 3, 10, 1, 0, 0, 0, 1, 1, 6, 0, 0, 0, 2, 0, 0.8, 0, 0], [0, 0, 0, 0.0007374286651611328, 0, 0, 8, 4, 11, 0, 0, 0, 0, 2, 1, 4, 0, 0, 0, 3, 0, 0.8888888888888888, 0, 0], [0, 0, 1, 0.06927275657653809, 0, 0, 8, 13, 20, 0, 0, 1, 0, 9, 2, 7, 0, 0, 0, 12, 0, 0.6666666666666666, 0, 0], [0, 0, 0, 0.05233711004257202, 0, 0, 8, 3, 10, 0, 0, 0, 0, 1, 1, 3, 0, 0, 0, 2, 0, 0.6666666666666666, 0, 0], [0, 0, 0, 0.0927727222442627, 0, 0, 8, 3, 10, 0, 0, 0, 0, 1, 1, 5, 0, 0, 0, 2, 0, 0.5, 0, 0], [0, 0, 0, 0.1328945755958557, 0, 0, 8, 8, 15, 0, 0, 0, 0, 5, 2, 4, 0, 0, 0, 7, 0, 0.5, 0, 0], [0, 0, 0, 0.013126134872436523, 0, 0, 8, 13, 20, 0, 0, 0, 0, 10, 2, 1, 0, 0, 0, 12, 0, 0.5, 0, 0], [0, 0, 0, 0.022328317165374756, 0, 0, 8, 4, 11, 0, 0, 0, 0, 2, 1, 2, 0, 0, 0, 3, 0, 0.4444444444444444, 0, 0], [1, 0, 1, 0.01877385377883911, 1, 0, 8, 6, 13, 1, 0, 1, 1, 2, 3, 5, 0, 0, 0, 5, 1, 0.9, 0, 0], [0, 0, 0, 0.09294044971466064, 0, 0, 8, 6, 13, 0, 0, 0, 0, 2, 3, 1, 0, 0, 0, 5, 0, 0.5, 0, 0], [0, 0, 0, 0.005432933568954468, 0, 0, 8, 13, 20, 0, 0, 0, 0, 11, 1, 4, 0, 0, 0, 12, 0, 0.5, 0, 0], [0, 0, 0, 0.027461916208267212, 0, 0, 8, 5, 12, 0, 0, 0, 0, 3, 1, 4, 0, 0, 0, 4, 0, 0.5, 0, 0], [1, 0, 1, 0.10024261474609375, 1, 0, 4, 8, 11, 1, 0, 1, 1, 3, 4, 3, 0, 0, 0, 7, 1, 0.6666666666666666, 0, 0], [0, 0, 0, 0.009613722562789917, 0, 0, 8, 4, 11, 0, 0, 0, 0, 2, 1, 3, 0, 0, 0, 3, 0, 0.5, 0, 0], [0, 0, 0, 0.10448592901229858, 0, 0, 8, 3, 10, 0, 0, 0, 0, 1, 1, 3, 0, 0, 0, 2, 0, 0.6666666666666666, 0, 0], [0, 0, 0, 0.031088054180145264, 0, 0, 8, 5, 12, 0, 0, 1, 0, 2, 2, 5, 0, 0, 0, 4, 0, 0.6666666666666666, 0, 0], [0, 0, 0, 0.08871495723724365, 0, 0, 8, 3, 10, 0, 0, 0, 0, 1, 1, 4, 0, 0, 0, 2, 0, 0.5, 0, 0], [1, 0, 0, 6.270408630371094e-05, 0, 0, 7, 5, 11, 1, 0, 1, 0, 3, 1, 4, 0, 0, 0, 4, 1, 0.8888888888888888, 0, 0], [1, 0, 0, 0.08098244667053223, 0, 1, 7, 4, 10, 1, 0, 0, 0, 1, 2, 5, 0, 0, 0, 3, 0, 0.6666666666666666, 0, 0], [1, 0, 1, 0.061533570289611816, 1, 0, 8, 13, 20, 1, 0, 1, 1, 8, 4, 1, 0, 0, 0, 12, 1, 0.6666666666666666, 0, 0], [0, 0, 0, 0.012423992156982422, 0, 0, 8, 3, 10, 0, 0, 0, 0, 1, 1, 3, 0, 0, 0, 2, 0, 0.5, 0, 0], [0, 0, 0, 0.016953855752944946, 0, 0, 8, 6, 13, 0, 0, 0, 0, 4, 1, 4, 0, 0, 0, 5, 0, 0.5, 0, 0], [0, 0, 0, 0.01317209005355835, 0, 0, 8, 4, 11, 0, 0, 0, 0, 2, 1, 4, 0, 0, 0, 3, 0, 0.6666666666666666, 0, 0], [0, 0, 0, 0.017517507076263428, 0, 0, 8, 13, 20, 0, 0, 0, 0, 10, 2, 4, 0, 0, 0, 12, 0, 0.5, 0, 0], [1, 0, 1, 0.03341144323348999, 1, 0, 8, 5, 12, 1, 0, 1, 1, 2, 2, 6, 0, 0, 0, 4, 1, 0.8, 0, 0], [0, 0, 0, 0.030080020427703857, 0, 0, 8, 5, 12, 0, 0, 0, 0, 3, 1, 5, 0, 0, 0, 4, 0, 0.6666666666666666, 0, 0], [1, 0, 0, 0.06639134883880615, 0, 0, 5, 3, 7, 1, 0, 0, 0, 1, 1, 3, 0, 0, 0, 2, 0, 0.7142857142857143, 0, 0], [0, 0, 0, 0.020591318607330322, 0, 0, 8, 7, 14, 0, 0, 0, 0, 4, 2, 4, 0, 0, 0, 6, 0, 0.6666666666666666, 0, 0], [0, 0, 0, 0.06107330322265625, 0, 0, 8, 13, 20, 0, 0, 0, 0, 10, 2, 2, 0, 0, 0, 12, 0, 0.5, 0, 0], [1, 0, 0, 0.08544135093688965, 1, 0, 8, 13, 20, 1, 0, 0, 0, 10, 2, 5, 0, 0, 0, 12, 0, 0.75, 0, 0], [0, 0, 0, 0.025095134973526, 0, 0, 8, 6, 13, 0, 0, 0, 0, 4, 1, 3, 0, 0, 0, 5, 0, 0.75, 0, 0], [1, 0, 0, 0.14765304327011108, 0, 1, 6, 4, 9, 1, 0, 0, 0, 1, 2, 5, 0, 0, 0, 3, 0, 0.6666666666666666, 0, 0], [0, 0, 0, 0.01664254069328308, 0, 0, 8, 3, 10, 0, 0, 0, 0, 1, 1, 4, 0, 0, 0, 2, 0, 0.6666666666666666, 0, 0], [0, 0, 0, 0.06985664367675781, 0, 0, 8, 13, 20, 0, 0, 0, 0, 10, 2, 1, 0, 0, 0, 12, 0, 0.5, 0, 0], [1, 0, 0, 0.0, 1, 0, 3, 4, 6, 1, 0, 1, 0, 2, 1, 2, 0, 0, 0, 3, 1, 0.8333333333333334, 0, 0], [0, 0, 0, 0.015314638614654541, 0, 0, 8, 5, 12, 0, 0, 0, 0, 3, 1, 5, 0, 0, 0, 4, 0, 0.6, 0, 0], [1, 0, 1, 0.07090985774993896, 1, 0, 8, 6, 13, 1, 0, 1, 1, 3, 2, 1, 0, 0, 0, 5, 1, 0.5, 0, 0], [1, 0, 0, 0.06698322296142578, 0, 0, 8, 5, 12, 1, 0, 0, 0, 3, 1, 3, 0, 0, 0, 4, 0, 0.5, 0, 0], [0, 0, 0, 0.04788166284561157, 0, 0, 8, 5, 12, 0, 0, 0, 0, 2, 2, 7, 0, 0, 0, 4, 0, 0.75, 0, 0], [1, 0, 0, 0.18030965328216553, 1, 0, 8, 11, 18, 1, 0, 1, 0, 9, 1, 2, 0, 0, 0, 10, 1, 0.5, 0, 0], [0, 0, 0, 0.0008820295333862305, 0, 0, 8, 3, 10, 0, 0, 0, 0, 1, 1, 4, 0, 0, 0, 2, 0, 0.5, 0, 0], [1, 0, 0, 0.01991891860961914, 0, 0, 8, 13, 20, 1, 0, 0, 0, 9, 2, 2, 0, 0, 0, 12, 0, 0.5, 0, 0], [0, 0, 0, 0.008053243160247803, 0, 0, 8, 3, 10, 0, 0, 0, 0, 1, 1, 4, 0, 0, 0, 2, 0, 0.5, 0, 0], [1, 0, 1, 0.2390243411064148, 1, 0, 8, 5, 12, 1, 0, 1, 1, 2, 2, 3, 0, 0, 0, 4, 0, 0.6666666666666666, 0, 0], [1, 0, 0, 0.0020075440406799316, 0, 0, 8, 3, 10, 1, 0, 0, 0, 1, 1, 5, 0, 0, 0, 2, 1, 0.75, 0, 0], [0, 0, 0, 0.012043416500091553, 0, 0, 8, 7, 14, 0, 0, 0, 0, 5, 1, 5, 0, 0, 0, 6, 0, 0.5, 0, 0], [0, 0, 0, 0.03999525308609009, 0, 0, 8, 8, 15, 0, 0, 0, 0, 6, 1, 2, 0, 0, 0, 7, 0, 0.3333333333333333, 0, 0], [0, 0, 0, 0.04220736026763916, 0, 0, 8, 5, 12, 0, 0, 0, 0, 3, 1, 3, 0, 0, 0, 4, 0, 0.5, 0, 0], [0, 0, 0, 0.3908877670764923, 0, 0, 8, 3, 10, 0, 0, 0, 0, 1, 1, 3, 0, 0, 0, 2, 0, 0.625, 0, 0], [1, 0, 1, 0.1945401430130005, 0, 0, 8, 4, 11, 1, 0, 1, 1, 2, 1, 3, 0, 0, 0, 3, 1, 0.5, 0, 0], [0, 0, 0, 0.006680160760879517, 0, 0, 8, 13, 20, 0, 0, 0, 0, 11, 1, 2, 0, 0, 0, 12, 0, 0.5, 0, 0], [0, 0, 0, 0.012352466583251953, 0, 0, 8, 13, 20, 0, 0, 0, 0, 11, 1, 1, 0, 0, 0, 12, 0, 0.5, 0, 0], [0, 0, 0, 0.020045101642608643, 0, 0, 8, 3, 10, 0, 0, 0, 0, 1, 1, 5, 0, 0, 0, 2, 0, 0.5, 0, 0], [0, 0, 0, 0.13464394211769104, 0, 0, 8, 13, 20, 0, 0, 0, 0, 9, 2, 3, 0, 0, 0, 12, 0, 0.6666666666666666, 0, 0], [0, 0, 1, 0.07765856385231018, 0, 0, 8, 10, 17, 0, 0, 1, 1, 5, 3, 4, 0, 0, 0, 9, 0, 0.5, 0, 0], [0, 0, 0, 0.011980175971984863, 0, 0, 8, 13, 20, 0, 0, 0, 0, 11, 1, 1, 0, 0, 0, 12, 0, 0.5, 0, 0], [0, 0, 0, 0.004983782768249512, 0, 0, 8, 6, 13, 0, 0, 0, 0, 4, 1, 3, 0, 0, 0, 5, 0, 0.5, 0, 0], [0, 0, 0, 0.05502194166183472, 0, 0, 8, 7, 14, 0, 0, 0, 0, 4, 2, 4, 0, 0, 0, 6, 0, 0.5, 0, 0], [1, 0, 0, 0.24883592128753662, 1, 0, 8, 13, 20, 1, 0, 0, 0, 10, 2, 2, 0, 0, 0, 12, 1, 0.5, 0, 0], [0, 0, 0, 0.06809976696968079, 0, 0, 8, 4, 11, 0, 0, 0, 0, 2, 1, 4, 0, 0, 0, 3, 0, 0.5, 0, 0], [1, 0, 0, 0.0, 1, 0, 8, 4, 11, 1, 0, 1, 0, 2, 1, 4, 0, 0, 0, 3, 1, 0.6666666666666666, 0, 0], [0, 0, 0, 0.040730178356170654, 0, 0, 8, 10, 17, 0, 0, 0, 0, 8, 1, 2, 0, 0, 0, 9, 0, 0.2, 0, 0], [0, 0, 0, 0.0011337995529174805, 0, 0, 8, 3, 10, 0, 0, 0, 0, 1, 1, 2, 0, 0, 0, 2, 0, 0.5, 0, 0], [0, 0, 0, 0.09948486089706421, 0, 0, 8, 4, 11, 0, 0, 0, 0, 2, 1, 5, 0, 0, 0, 3, 0, 0.5, 0, 0], [1, 0, 0, 0.12169362604618073, 0, 0, 8, 3, 10, 1, 0, 0, 0, 1, 1, 4, 0, 0, 0, 2, 0, 0.5, 0, 0], [0, 0, 0, 0.30961963534355164, 0, 0, 8, 3, 10, 0, 0, 0, 0, 1, 1, 3, 0, 0, 0, 2, 0, 0.5, 0, 0], [0, 0, 0, 0.020084381103515625, 0, 0, 6, 3, 8, 0, 0, 0, 0, 1, 1, 4, 0, 0, 0, 2, 0, 0.6666666666666666, 0, 0], [0, 0, 0, 0.008098006248474121, 0, 0, 8, 13, 20, 0, 0, 0, 0, 10, 2, 1, 0, 0, 0, 12, 0, 0.5, 0, 0], [0, 0, 0, 0.02382582426071167, 0, 0, 8, 3, 10, 0, 0, 0, 0, 1, 1, 5, 0, 0, 0, 2, 0, 0.9, 0, 0], [1, 0, 1, 0.05355477333068848, 0, 0, 6, 4, 9, 1, 0, 1, 1, 2, 1, 5, 0, 0, 0, 3, 1, 0.6666666666666666, 0, 0], [0, 0, 0, 0.10054266452789307, 0, 0, 8, 13, 20, 0, 0, 0, 0, 9, 3, 5, 0, 0, 0, 12, 0, 0.75, 0, 0], [0, 0, 0, 0.02382582426071167, 0, 0, 8, 3, 10, 0, 0, 0, 0, 1, 1, 5, 0, 0, 0, 2, 0, 0.9, 0, 0], [0, 0, 0, 0.012981325387954712, 0, 0, 8, 6, 13, 0, 0, 0, 0, 4, 1, 5, 0, 0, 0, 5, 0, 0.5, 0, 0], [0, 0, 0, 0.0054555535316467285, 0, 0, 8, 13, 20, 0, 0, 0, 0, 11, 1, 1, 0, 0, 0, 12, 0, 0.05263157894736842, 0, 0], [0, 0, 0, 0.24936175346374512, 0, 0, 8, 4, 11, 0, 0, 0, 0, 2, 1, 4, 0, 0, 0, 3, 0, 0.5, 0, 0], [0, 0, 0, 0.009842872619628906, 0, 0, 8, 13, 20, 0, 0, 0, 0, 11, 1, 1, 0, 0, 0, 12, 0, 0.14285714285714285, 0, 0], [0, 0, 0, 0.038905322551727295, 0, 0, 4, 3, 6, 1, 0, 0, 0, 1, 1, 3, 0, 0, 0, 2, 0, 0.6666666666666666, 0, 0], [0, 0, 0, 0.13018107414245605, 0, 0, 8, 6, 13, 0, 0, 0, 0, 4, 1, 5, 0, 0, 0, 5, 0, 0.5, 0, 0], [1, 0, 0, 0.033486127853393555, 0, 0, 8, 5, 12, 1, 0, 0, 0, 3, 1, 5, 0, 0, 0, 4, 0, 0.8961038961038961, 0, 0], [0, 0, 0, 0.0013771653175354004, 0, 0, 8, 4, 11, 0, 0, 0, 0, 2, 1, 4, 0, 0, 0, 3, 0, 0.75, 0, 0], [0, 0, 0, 0.00010025501251220703, 0, 0, 8, 3, 10, 0, 0, 0, 0, 1, 1, 4, 0, 0, 0, 2, 0, 0.75, 0, 0], [0, 0, 0, 0.03617048263549805, 0, 0, 8, 8, 15, 0, 0, 1, 1, 6, 1, 1, 0, 0, 0, 7, 0, 0.2, 0, 0], [0, 0, 0, 0.05571240186691284, 0, 0, 8, 3, 10, 0, 0, 0, 0, 1, 1, 5, 0, 0, 0, 2, 0, 0.6666666666666666, 0, 0], [0, 0, 0, 0.01364368200302124, 0, 0, 8, 13, 20, 0, 0, 0, 0, 11, 1, 1, 0, 0, 0, 12, 0, 0.08333333333333333, 0, 0], [1, 0, 1, 0.09541034698486328, 1, 0, 8, 9, 16, 1, 0, 1, 1, 4, 3, 5, 0, 0, 0, 8, 1, 0.6666666666666666, 0, 0], [0, 0, 0, 0.02834486961364746, 0, 0, 8, 4, 11, 0, 0, 0, 0, 2, 1, 4, 0, 0, 0, 3, 0, 0.5, 0, 0], [0, 0, 0, 0.0635080337524414, 0, 0, 8, 12, 19, 0, 0, 0, 0, 6, 4, 5, 0, 0, 0, 11, 0, 0.6, 0, 0], [1, 0, 1, 0.12716752290725708, 1, 0, 8, 5, 12, 1, 0, 1, 1, 2, 2, 4, 0, 0, 0, 4, 0, 0.8888888888888888, 0, 0], [1, 0, 0, 0.0022619962692260742, 0, 0, 7, 13, 19, 1, 0, 1, 0, 9, 2, 5, 0, 0, 0, 12, 0, 0.75, 0, 0], [0, 0, 0, 0.0039224326610565186, 0, 0, 8, 3, 10, 0, 0, 0, 0, 1, 1, 4, 0, 0, 0, 2, 0, 0.5, 0, 0], [1, 0, 0, 0.0, 0, 0, 8, 6, 13, 1, 0, 1, 0, 4, 1, 3, 0, 0, 0, 5, 0, 0.5, 0, 0], [0, 0, 0, 0.0454707145690918, 0, 0, 8, 3, 10, 0, 0, 0, 0, 1, 1, 4, 0, 0, 0, 2, 0, 0.8888888888888888, 0, 0], [0, 0, 0, 0.09282851219177246, 0, 0, 8, 3, 10, 0, 0, 0, 0, 1, 1, 5, 0, 0, 0, 2, 0, 0.8888888888888888, 0, 0], [0, 0, 0, 0.022408753633499146, 0, 0, 8, 7, 14, 0, 0, 0, 0, 4, 2, 4, 0, 0, 0, 6, 0, 0.75, 0, 0], [1, 0, 1, 0.005232870578765869, 1, 0, 8, 11, 18, 1, 0, 1, 1, 2, 8, 3, 0, 0, 0, 10, 1, 0.8333333333333334, 0, 0], [0, 0, 0, 0.054965317249298096, 0, 0, 8, 13, 20, 0, 0, 0, 0, 6, 6, 4, 0, 0, 0, 12, 0, 0.8888888888888888, 0, 0], [0, 0, 0, 0.02600225806236267, 0, 0, 7, 3, 9, 0, 0, 0, 0, 1, 1, 5, 0, 0, 0, 2, 0, 0.8888888888888888, 0, 0], [1, 0, 1, 0.003331899642944336, 1, 0, 8, 4, 11, 1, 0, 1, 1, 2, 1, 4, 0, 0, 0, 3, 1, 0.6666666666666666, 0, 0], [1, 0, 0, 0.0605853796005249, 1, 0, 8, 4, 11, 1, 0, 1, 0, 2, 1, 2, 0, 0, 0, 3, 0, 0.9, 0, 0], [0, 0, 0, 0.159848153591156, 0, 0, 8, 10, 17, 0, 0, 0, 0, 7, 2, 5, 0, 0, 0, 9, 0, 0.625, 0, 0], [0, 0, 0, 0.08196854591369629, 0, 0, 8, 5, 12, 0, 0, 0, 0, 3, 1, 2, 0, 0, 0, 4, 0, 0.5, 0, 0], [0, 0, 0, 0.05445057153701782, 0, 0, 8, 13, 20, 0, 0, 0, 0, 9, 3, 1, 0, 0, 0, 12, 0, 0.25, 0, 0], [0, 0, 0, 0.009935468435287476, 0, 0, 8, 3, 10, 0, 0, 0, 0, 1, 1, 3, 0, 0, 0, 2, 0, 0.6666666666666666, 0, 0], [1, 0, 1, 0.12679708003997803, 1, 0, 8, 5, 12, 1, 0, 1, 1, 2, 2, 6, 0, 0, 0, 4, 1, 0.6666666666666666, 0, 0], [0, 0, 0, 0.011515974998474121, 0, 0, 8, 13, 20, 0, 0, 0, 0, 10, 2, 4, 0, 0, 0, 12, 0, 0.6666666666666666, 0, 0], [0, 0, 0, 0.01897469162940979, 0, 0, 8, 3, 10, 0, 0, 0, 0, 1, 1, 2, 0, 0, 0, 2, 0, 0.6, 0, 0], [0, 0, 0, 0.013685464859008789, 0, 0, 8, 13, 20, 0, 0, 1, 1, 8, 2, 1, 0, 0, 0, 12, 0, 0.5, 0, 0], [0, 0, 1, 0.0, 0, 0, 8, 6, 13, 0, 0, 1, 1, 2, 3, 6, 0, 0, 0, 5, 0, 0.6666666666666666, 0, 0], [0, 0, 0, 0.4508567452430725, 0, 0, 8, 3, 10, 0, 0, 0, 0, 1, 1, 5, 0, 0, 0, 2, 0, 0.5, 0, 0], [1, 0, 0, 0.05840730667114258, 0, 0, 8, 8, 15, 1, 0, 1, 0, 6, 1, 2, 0, 0, 0, 7, 0, 0.5, 0, 0], [0, 0, 0, 0.08112192153930664, 0, 0, 8, 13, 20, 0, 0, 0, 0, 9, 2, 1, 0, 0, 0, 12, 0, 0.25, 0, 0], [0, 0, 0, 0.0675615668296814, 0, 0, 8, 10, 17, 0, 0, 0, 0, 6, 3, 2, 0, 0, 0, 9, 0, 0.5, 0, 0], [1, 0, 1, 0.11316561698913574, 1, 1, 8, 6, 13, 1, 0, 1, 1, 2, 2, 4, 0, 0, 0, 5, 1, 0.5, 0, 0], [0, 0, 0, 0.234638512134552, 0, 0, 8, 3, 10, 0, 0, 0, 0, 1, 1, 4, 0, 0, 0, 2, 0, 0.6666666666666666, 0, 0], [1, 0, 0, 0.040815651416778564, 1, 0, 8, 4, 11, 1, 0, 1, 0, 2, 1, 4, 0, 0, 0, 3, 1, 0.625, 0, 0], [0, 0, 0, 0.1066405177116394, 0, 0, 8, 10, 17, 0, 0, 0, 0, 3, 4, 6, 0, 0, 0, 9, 0, 0.8888888888888888, 0, 0], [0, 0, 0, 0.006720036268234253, 0, 0, 8, 4, 11, 0, 0, 0, 0, 2, 1, 4, 0, 0, 0, 3, 0, 0.5, 0, 0], [1, 0, 1, 0.21573024988174438, 1, 0, 8, 4, 11, 1, 0, 1, 1, 2, 1, 5, 0, 0, 0, 3, 0, 0.8, 0, 0], [0, 0, 0, 0.14430904388427734, 0, 0, 8, 13, 20, 0, 0, 0, 0, 8, 2, 2, 0, 0, 0, 12, 0, 0.5, 0, 0], [1, 0, 1, 0.0, 1, 1, 3, 8, 10, 1, 0, 1, 1, 2, 4, 2, 0, 0, 0, 7, 1, 0.8333333333333334, 0, 0], [1, 0, 0, 0.1590561866760254, 0, 0, 8, 3, 10, 1, 0, 0, 0, 1, 1, 4, 0, 0, 0, 2, 0, 0.5, 0, 0], [1, 0, 0, 0.0050209760665893555, 1, 0, 8, 13, 20, 1, 0, 0, 0, 10, 2, 2, 0, 0, 0, 12, 1, 0.6666666666666666, 0, 0], [0, 0, 0, 0.0004729330539703369, 0, 0, 8, 8, 15, 0, 0, 0, 0, 6, 1, 1, 0, 0, 0, 7, 0, 0.9, 0, 0], [0, 0, 0, 0.02273005247116089, 0, 0, 8, 4, 11, 0, 0, 0, 0, 2, 1, 3, 0, 0, 0, 3, 0, 0.5, 0, 0], [0, 0, 0, 0.0, 0, 0, 8, 7, 14, 0, 0, 1, 1, 5, 1, 2, 0, 0, 0, 6, 0, 0.5, 0, 0], [0, 0, 0, 0.0032528042793273926, 0, 0, 8, 10, 17, 0, 0, 0, 0, 8, 1, 3, 0, 0, 0, 9, 0, 0.6666666666666666, 0, 0], [0, 0, 0, 0.002743363380432129, 0, 0, 8, 5, 12, 0, 0, 1, 0, 3, 1, 5, 0, 0, 0, 4, 0, 0.75, 0, 0], [0, 0, 0, 0.03080761432647705, 0, 0, 8, 7, 14, 0, 0, 0, 0, 4, 2, 3, 0, 0, 0, 6, 0, 0.8888888888888888, 0, 0], [0, 0, 0, 0.004551827907562256, 0, 0, 8, 13, 20, 0, 0, 0, 0, 8, 2, 2, 0, 0, 0, 12, 0, 0.5, 0, 0], [0, 0, 0, 0.0018548965454101562, 0, 0, 8, 13, 20, 0, 0, 0, 0, 11, 1, 1, 0, 0, 0, 12, 0, 0.5, 0, 0], [0, 0, 0, 0.08668339252471924, 0, 0, 8, 4, 11, 0, 0, 0, 0, 2, 1, 7, 0, 0, 0, 3, 0, 0.5, 0, 0], [0, 0, 0, 0.11123555898666382, 0, 0, 8, 13, 20, 0, 0, 0, 0, 10, 2, 5, 0, 0, 0, 12, 0, 0.75, 0, 0], [0, 0, 0, 0.010507404804229736, 0, 0, 8, 12, 19, 0, 0, 0, 0, 6, 4, 3, 0, 0, 0, 11, 0, 0.6666666666666666, 0, 0], [1, 0, 0, 1.1920928955078125e-07, 0, 0, 7, 3, 9, 1, 0, 0, 0, 1, 1, 5, 0, 0, 0, 2, 0, 0.6666666666666666, 0, 0], [0, 0, 0, 0.020663022994995117, 0, 0, 8, 4, 11, 0, 0, 0, 0, 2, 1, 3, 0, 0, 0, 3, 0, 0.6666666666666666, 0, 0], [0, 0, 0, 0.19554823637008667, 0, 0, 8, 11, 18, 0, 0, 0, 0, 8, 2, 4, 0, 0, 0, 10, 0, 0.5, 0, 0], [0, 0, 0, 0.0932079553604126, 0, 0, 8, 13, 20, 0, 0, 0, 0, 9, 2, 1, 0, 0, 0, 12, 0, 0.6666666666666666, 0, 0], [1, 0, 1, 0.23718684911727905, 0, 0, 8, 4, 11, 1, 0, 1, 1, 2, 1, 7, 0, 0, 0, 3, 0, 0.75, 0, 0], [0, 0, 0, 0.099721759557724, 0, 0, 8, 3, 10, 0, 0, 0, 0, 1, 1, 2, 0, 0, 0, 2, 0, 0.2857142857142857, 0, 0], [0, 0, 0, 0.0, 0, 0, 8, 5, 12, 0, 0, 0, 0, 2, 2, 4, 0, 0, 0, 4, 0, 0.5, 0, 0], [1, 0, 1, 0.0, 1, 1, 3, 8, 10, 1, 0, 1, 1, 2, 4, 2, 0, 0, 0, 7, 1, 0.8333333333333334, 0, 0], [0, 0, 0, 0.0005553364753723145, 0, 0, 8, 10, 17, 0, 0, 0, 0, 4, 4, 4, 0, 0, 0, 9, 0, 0.5, 0, 0], [1, 0, 0, 0.0015962719917297363, 0, 0, 8, 7, 14, 1, 0, 0, 0, 2, 4, 3, 0, 0, 0, 6, 0, 0.9, 0, 0], [0, 0, 0, 0.09507384896278381, 0, 0, 8, 5, 12, 0, 0, 0, 0, 3, 1, 3, 0, 0, 0, 4, 0, 0.5, 0, 0], [0, 0, 0, 0.029879331588745117, 0, 0, 8, 6, 13, 0, 0, 0, 0, 4, 1, 4, 0, 0, 0, 5, 0, 0.8, 0, 0], [0, 0, 0, 0.0004227161407470703, 0, 0, 8, 8, 15, 0, 0, 0, 0, 3, 3, 6, 0, 0, 0, 7, 0, 0.5, 0, 0], [0, 0, 0, 0.034689247608184814, 0, 0, 8, 13, 20, 0, 0, 0, 0, 7, 4, 2, 0, 0, 0, 12, 0, 0.5, 0, 0], [1, 0, 0, 0.009236037731170654, 0, 0, 8, 13, 20, 1, 0, 1, 0, 5, 5, 1, 0, 0, 0, 12, 0, 0.6666666666666666, 0, 0], [1, 0, 0, 0.019995570182800293, 1, 0, 4, 7, 10, 1, 0, 1, 0, 5, 1, 3, 0, 0, 0, 6, 1, 0.6666666666666666, 0, 0], [0, 0, 0, 0.09957650303840637, 0, 0, 8, 6, 13, 0, 0, 0, 0, 4, 1, 6, 0, 0, 0, 5, 0, 0.75, 0, 0], [1, 0, 1, 0.2618883550167084, 1, 1, 8, 3, 10, 1, 0, 0, 0, 1, 1, 5, 0, 0, 0, 2, 0, 0.6666666666666666, 0, 0], [1, 0, 1, 0.20374029874801636, 0, 0, 8, 13, 20, 1, 0, 1, 1, 10, 2, 4, 0, 0, 0, 12, 0, 0.6666666666666666, 0, 0], [1, 0, 0, 0.0345730185508728, 0, 0, 8, 13, 20, 1, 0, 1, 0, 2, 10, 6, 0, 0, 0, 12, 0, 0.6666666666666666, 0, 0], [0, 0, 0, 0.01981252431869507, 0, 0, 8, 4, 11, 0, 0, 0, 0, 2, 1, 3, 0, 0, 0, 3, 0, 0.9, 0, 0], [0, 0, 0, 0.0057808756828308105, 0, 0, 8, 7, 14, 0, 0, 0, 0, 1, 5, 6, 0, 0, 0, 6, 0, 0.6666666666666666, 0, 0], [0, 0, 0, 0.09717243909835815, 0, 0, 8, 4, 11, 0, 0, 0, 0, 2, 1, 6, 0, 0, 0, 3, 0, 0.6666666666666666, 0, 0], [1, 0, 1, 0.07018685340881348, 0, 0, 8, 9, 16, 1, 0, 1, 1, 5, 3, 3, 0, 0, 0, 8, 0, 0.6666666666666666, 0, 0], [1, 0, 1, 0.010989189147949219, 0, 0, 8, 13, 20, 1, 1, 1, 0, 6, 3, 1, 0, 0, 0, 12, 0, 0.6666666666666666, 0, 0], [0, 0, 0, 0.05130290985107422, 0, 0, 8, 9, 16, 0, 0, 1, 0, 6, 2, 4, 0, 0, 0, 8, 0, 0.6153846153846154, 0, 0], [0, 0, 0, 0.0, 0, 0, 8, 4, 11, 0, 0, 0, 0, 2, 1, 4, 0, 0, 0, 3, 0, 0.75, 0, 0], [0, 0, 0, 0.11202850937843323, 0, 0, 8, 3, 10, 0, 0, 0, 0, 1, 1, 4, 0, 0, 0, 2, 0, 0.6666666666666666, 0, 0], [0, 0, 0, 0.013608217239379883, 0, 0, 8, 13, 20, 0, 0, 0, 0, 11, 1, 1, 0, 0, 0, 12, 0, 0.05263157894736842, 0, 0], [0, 0, 0, 0.109904944896698, 0, 0, 8, 13, 20, 0, 0, 0, 0, 10, 2, 6, 0, 0, 0, 12, 0, 0.6666666666666666, 0, 0], [1, 0, 0, 0.0033986568450927734, 0, 0, 8, 6, 13, 1, 0, 1, 1, 3, 2, 3, 0, 0, 0, 5, 0, 0.5555555555555556, 0, 0], [0, 0, 0, 0.028732120990753174, 0, 0, 8, 4, 11, 0, 0, 0, 0, 2, 1, 6, 0, 0, 0, 3, 0, 0.5, 0, 0], [1, 0, 0, 0.11644637584686279, 0, 0, 8, 13, 20, 1, 0, 1, 0, 10, 2, 4, 0, 0, 0, 12, 1, 0.6666666666666666, 0, 0], [0, 0, 0, 0.05088132619857788, 0, 0, 8, 6, 13, 0, 0, 0, 0, 4, 1, 4, 0, 0, 0, 5, 0, 0.5555555555555556, 0, 0], [0, 0, 0, 0.09008419513702393, 0, 0, 8, 3, 10, 0, 0, 0, 0, 1, 1, 5, 0, 0, 0, 2, 0, 0.8, 0, 0], [0, 0, 0, 0.018265902996063232, 0, 0, 8, 13, 20, 0, 0, 0, 0, 11, 1, 3, 0, 0, 0, 12, 0, 0.5, 0, 0], [0, 0, 0, 0.04082846641540527, 0, 0, 8, 3, 10, 0, 0, 0, 0, 1, 1, 4, 0, 0, 0, 2, 0, 0.5, 0, 0], [0, 0, 0, 0.018648743629455566, 0, 0, 8, 4, 11, 0, 0, 0, 0, 2, 1, 5, 0, 0, 0, 3, 0, 0.6666666666666666, 0, 0], [0, 0, 0, 0.013609975576400757, 0, 0, 8, 10, 17, 0, 0, 0, 0, 8, 1, 2, 0, 0, 0, 9, 0, 0.6666666666666666, 0, 0], [1, 0, 1, 0.061533570289611816, 1, 0, 8, 13, 20, 1, 0, 1, 1, 6, 3, 1, 0, 0, 0, 12, 1, 0.6666666666666666, 0, 0], [1, 0, 1, 0.00030690431594848633, 1, 0, 8, 8, 15, 1, 0, 1, 1, 2, 5, 6, 0, 0, 0, 7, 1, 0.9090909090909091, 0, 0], [1, 0, 1, 0.006348669528961182, 0, 0, 8, 13, 20, 1, 0, 1, 1, 5, 6, 5, 0, 0, 0, 12, 0, 0.5, 0, 0], [1, 0, 1, 0.015285015106201172, 1, 0, 8, 6, 13, 1, 1, 1, 1, 2, 3, 5, 0, 0, 0, 5, 1, 0.9, 0, 0], [0, 0, 0, 0.016957759857177734, 0, 0, 8, 3, 10, 0, 0, 0, 0, 1, 1, 5, 0, 0, 0, 2, 0, 0.6666666666666666, 0, 0], [1, 0, 1, 0.15081864595413208, 0, 1, 8, 3, 10, 1, 0, 0, 0, 1, 1, 7, 0, 0, 0, 2, 0, 0.75, 0, 0], [1, 0, 0, 0.19120937585830688, 1, 0, 6, 4, 9, 1, 0, 1, 0, 2, 1, 4, 0, 0, 0, 3, 0, 0.75, 0, 0], [0, 0, 0, 0.047240763902664185, 0, 0, 8, 3, 10, 0, 0, 0, 0, 1, 1, 2, 0, 0, 0, 2, 0, 0.5, 0, 0], [0, 0, 0, 0.31745997071266174, 0, 0, 8, 4, 11, 0, 0, 0, 0, 2, 1, 5, 0, 0, 0, 3, 0, 0.5, 0, 0], [0, 0, 0, 0.07200735807418823, 0, 0, 8, 3, 10, 0, 0, 0, 0, 1, 1, 2, 0, 0, 0, 2, 0, 0.5, 0, 0], [1, 0, 0, 0.005951106548309326, 0, 0, 8, 4, 11, 1, 1, 0, 0, 2, 1, 4, 0, 0, 0, 3, 0, 0.5, 0, 0], [1, 0, 1, 0.0604475736618042, 1, 0, 8, 13, 20, 1, 0, 1, 1, 4, 8, 4, 0, 0, 0, 12, 1, 0.5, 0, 0], [0, 0, 0, 0.05216711759567261, 0, 0, 8, 3, 10, 0, 0, 0, 0, 1, 1, 2, 0, 0, 0, 2, 0, 0.6, 0, 0], [0, 0, 0, 0.06545406579971313, 0, 0, 8, 3, 10, 0, 0, 0, 0, 1, 1, 6, 0, 0, 0, 2, 0, 0.75, 0, 0], [1, 0, 0, 0.0420607328414917, 0, 0, 8, 13, 20, 1, 0, 0, 0, 7, 3, 2, 0, 0, 0, 12, 0, 0.5, 0, 0], [0, 0, 0, 0.02800804376602173, 0, 0, 8, 3, 10, 0, 0, 0, 0, 1, 1, 5, 0, 0, 0, 2, 0, 0.5, 0, 0], [1, 0, 1, 0.015479236841201782, 1, 0, 8, 13, 20, 1, 0, 1, 1, 10, 2, 6, 0, 0, 0, 12, 1, 0.8, 0, 0], [0, 0, 0, 0.0024451613426208496, 0, 0, 8, 3, 10, 0, 0, 0, 0, 1, 1, 7, 0, 0, 0, 2, 0, 0.5, 0, 0], [1, 0, 1, 0.03328067064285278, 1, 0, 8, 13, 20, 1, 0, 1, 1, 1, 11, 6, 0, 0, 0, 12, 1, 0.6666666666666666, 0, 0], [1, 0, 0, 0.040815651416778564, 1, 0, 8, 4, 11, 1, 0, 1, 0, 2, 1, 4, 0, 0, 0, 3, 1, 0.625, 0, 0], [1, 0, 1, 0.07432359457015991, 0, 1, 8, 3, 10, 1, 0, 0, 0, 1, 1, 4, 0, 0, 0, 2, 0, 0.5, 0, 0], [1, 0, 0, 0.00010025501251220703, 0, 0, 8, 3, 10, 1, 0, 0, 0, 1, 1, 4, 0, 0, 0, 2, 0, 0.75, 0, 0], [0, 0, 0, 0.07893192768096924, 0, 0, 8, 10, 17, 0, 0, 0, 0, 8, 1, 1, 0, 0, 0, 9, 0, 0.5, 0, 0], [1, 0, 0, 0.05710190534591675, 0, 0, 8, 5, 12, 1, 0, 1, 0, 3, 1, 6, 0, 0, 0, 4, 0, 0.6666666666666666, 0, 0], [0, 0, 0, 0.03771054744720459, 0, 0, 8, 3, 10, 0, 0, 0, 0, 1, 1, 4, 0, 0, 0, 2, 0, 0.5, 0, 0], [0, 0, 0, 0.06639134883880615, 0, 0, 5, 3, 7, 0, 0, 0, 0, 1, 1, 3, 0, 0, 0, 2, 0, 0.7142857142857143, 0, 0], [0, 0, 0, 0.11727690696716309, 0, 0, 8, 3, 10, 0, 0, 0, 0, 1, 1, 7, 0, 0, 0, 2, 0, 0.5, 0, 0], [1, 0, 1, 0.0, 1, 0, 7, 7, 13, 1, 0, 1, 1, 3, 3, 3, 0, 0, 0, 6, 1, 0.6666666666666666, 0, 0], [0, 0, 0, 0.009915471076965332, 0, 0, 8, 5, 12, 0, 0, 0, 0, 3, 1, 2, 0, 0, 0, 4, 0, 0.6666666666666666, 0, 0], [1, 0, 0, 0.001719355583190918, 1, 0, 8, 4, 11, 1, 0, 1, 0, 2, 1, 3, 0, 0, 0, 3, 1, 0.6666666666666666, 0, 0], [1, 0, 1, 0.043366312980651855, 1, 0, 8, 10, 17, 1, 0, 1, 1, 2, 7, 4, 0, 0, 0, 9, 1, 0.6666666666666666, 0, 0], [1, 0, 1, 0.00773388147354126, 1, 0, 8, 12, 19, 1, 0, 1, 1, 2, 9, 6, 0, 0, 0, 11, 1, 0.8888888888888888, 0, 0], [1, 0, 0, 0.0, 0, 0, 8, 7, 14, 1, 0, 0, 0, 2, 4, 5, 0, 0, 0, 6, 0, 0.6666666666666666, 0, 0], [1, 0, 0, 0.00041663646697998047, 0, 0, 8, 13, 20, 1, 0, 1, 0, 8, 3, 2, 0, 0, 0, 12, 0, 0.5, 0, 0], [0, 0, 0, 0.15716275572776794, 0, 0, 8, 3, 10, 0, 0, 0, 0, 1, 1, 3, 0, 0, 0, 2, 0, 0.3333333333333333, 0, 0], [0, 0, 0, 0.033391356468200684, 0, 0, 8, 13, 20, 0, 0, 0, 0, 10, 2, 4, 0, 0, 0, 12, 0, 0.5, 0, 0], [0, 0, 0, 0.17691606283187866, 0, 0, 8, 3, 10, 0, 0, 0, 0, 1, 1, 4, 0, 0, 0, 2, 0, 0.6666666666666666, 0, 0], [0, 0, 0, 0.011881768703460693, 0, 0, 8, 3, 10, 0, 0, 0, 0, 1, 1, 7, 0, 0, 0, 2, 0, 0.6666666666666666, 0, 0], [1, 0, 0, 0.010794341564178467, 0, 0, 8, 13, 20, 1, 0, 0, 0, 8, 3, 1, 0, 0, 0, 12, 0, 0.6666666666666666, 0, 0], [0, 0, 0, 0.3085801303386688, 0, 0, 8, 3, 10, 0, 0, 0, 0, 1, 1, 3, 0, 0, 0, 2, 0, 0.5, 0, 0], [0, 0, 0, 0.016966938972473145, 0, 0, 8, 3, 10, 0, 0, 0, 0, 1, 1, 4, 0, 0, 0, 2, 0, 0.6666666666666666, 0, 0], [1, 0, 1, 0.011705458164215088, 1, 0, 8, 8, 15, 1, 0, 1, 1, 3, 3, 7, 0, 0, 0, 7, 1, 0.6666666666666666, 0, 0], [0, 0, 0, 0.0730162262916565, 0, 0, 8, 4, 11, 0, 0, 0, 0, 2, 1, 4, 0, 0, 0, 3, 0, 0.6, 0, 0], [1, 0, 1, 0.011354148387908936, 0, 1, 8, 3, 10, 1, 0, 0, 0, 1, 1, 4, 0, 0, 0, 2, 0, 0.5, 0, 0], [0, 0, 0, 0.04984131455421448, 0, 0, 8, 4, 11, 0, 0, 0, 0, 2, 1, 4, 0, 0, 0, 3, 0, 0.5, 0, 0], [0, 0, 0, 0.1483815312385559, 0, 0, 8, 13, 20, 0, 0, 0, 0, 8, 2, 2, 0, 0, 0, 12, 0, 0.5, 0, 0], [0, 0, 0, 0.0062718987464904785, 0, 0, 8, 13, 20, 0, 0, 0, 0, 10, 2, 1, 0, 0, 0, 12, 0, 0.5, 0, 0], [0, 0, 0, 0.13394099473953247, 0, 0, 8, 3, 10, 0, 0, 0, 0, 1, 1, 3, 0, 0, 0, 2, 0, 0.5, 0, 0], [1, 0, 0, 0.06205153465270996, 0, 0, 7, 6, 12, 1, 0, 0, 0, 1, 4, 4, 0, 0, 0, 5, 0, 0.75, 0, 0], [0, 0, 0, 0.05835527181625366, 0, 0, 8, 13, 20, 0, 0, 1, 0, 9, 3, 3, 0, 0, 0, 12, 0, 0.75, 0, 0], [0, 0, 0, 0.11579209566116333, 0, 0, 8, 13, 20, 0, 0, 1, 0, 8, 3, 4, 0, 0, 0, 12, 0, 0.6666666666666666, 0, 0], [1, 0, 0, 0.06627774238586426, 0, 0, 8, 13, 20, 1, 0, 0, 0, 7, 5, 1, 0, 0, 0, 12, 0, 0.6666666666666666, 0, 0], [0, 0, 0, 0.049089670181274414, 0, 0, 8, 8, 15, 0, 0, 0, 0, 6, 1, 4, 0, 0, 0, 7, 0, 0.5, 0, 0], [0, 0, 0, 0.043276190757751465, 0, 0, 8, 3, 10, 0, 0, 0, 0, 1, 1, 5, 0, 0, 0, 2, 0, 0.5, 0, 0], [1, 0, 1, 0.043366312980651855, 1, 0, 8, 10, 17, 1, 0, 1, 1, 2, 7, 4, 0, 0, 0, 9, 1, 0.6666666666666666, 0, 0], [0, 0, 0, 0.04776883125305176, 0, 0, 8, 4, 11, 0, 0, 0, 0, 2, 1, 7, 0, 0, 0, 3, 0, 0.9090909090909091, 0, 0], [1, 0, 0, 0.015479236841201782, 1, 0, 8, 13, 20, 1, 0, 1, 0, 9, 2, 6, 0, 0, 0, 12, 1, 0.8, 0, 0], [1, 0, 1, 0.00033289194107055664, 0, 1, 8, 3, 10, 1, 0, 0, 0, 1, 1, 5, 0, 0, 0, 2, 0, 0.6666666666666666, 0, 0], [0, 0, 0, 0.060867875814437866, 0, 0, 8, 5, 12, 0, 0, 0, 0, 3, 1, 3, 0, 0, 0, 4, 0, 0.5, 0, 0], [1, 0, 1, 0.026888906955718994, 1, 0, 8, 13, 20, 1, 0, 1, 1, 4, 7, 1, 0, 0, 0, 12, 1, 0.6666666666666666, 0, 0], [1, 0, 1, 0.011705458164215088, 1, 0, 8, 8, 15, 1, 0, 1, 1, 3, 3, 7, 0, 0, 0, 7, 1, 0.6666666666666666, 0, 0], [0, 0, 0, 0.03144192695617676, 0, 0, 6, 3, 8, 0, 0, 0, 0, 1, 1, 5, 0, 0, 0, 2, 0, 0.75, 0, 0], [0, 0, 0, 0.055605173110961914, 0, 0, 8, 12, 19, 0, 0, 0, 0, 8, 2, 5, 0, 0, 0, 11, 0, 0.6666666666666666, 0, 0], [0, 0, 0, 0.007876694202423096, 0, 0, 8, 13, 20, 0, 0, 1, 0, 9, 3, 1, 0, 0, 0, 12, 0, 0.5, 0, 0], [1, 0, 1, 0.047636449337005615, 0, 0, 8, 6, 13, 1, 0, 1, 1, 3, 2, 6, 0, 0, 0, 5, 1, 0.75, 0, 0], [0, 0, 0, 0.10645312070846558, 0, 0, 8, 7, 14, 0, 0, 0, 0, 2, 4, 5, 0, 0, 0, 6, 0, 0.6666666666666666, 0, 0], [1, 0, 0, 0.021939575672149658, 0, 0, 8, 13, 20, 1, 0, 1, 0, 3, 7, 5, 0, 0, 0, 12, 0, 0.8888888888888888, 0, 0], [0, 0, 0, 0.05035293102264404, 0, 0, 8, 3, 10, 0, 0, 0, 0, 1, 1, 5, 0, 0, 0, 2, 0, 0.75, 0, 0], [0, 0, 0, 0.1120147705078125, 0, 0, 8, 13, 20, 0, 0, 1, 0, 7, 4, 7, 0, 0, 0, 12, 0, 0.6666666666666666, 0, 0], [1, 0, 1, 0.03733170032501221, 1, 0, 8, 10, 17, 1, 0, 1, 1, 2, 7, 3, 0, 0, 0, 9, 1, 0.625, 0, 0], [0, 0, 0, 0.03418031334877014, 0, 0, 8, 3, 10, 0, 0, 0, 0, 1, 1, 4, 0, 0, 0, 2, 0, 0.6666666666666666, 0, 0], [0, 0, 0, 0.00036084651947021484, 0, 0, 8, 9, 16, 0, 0, 0, 0, 6, 2, 2, 0, 0, 0, 8, 0, 0.5, 0, 0], [0, 0, 0, 0.2789772152900696, 0, 0, 8, 4, 11, 0, 0, 0, 0, 2, 1, 3, 0, 0, 0, 3, 0, 0.6153846153846154, 0, 0], [0, 0, 0, 0.044085294008255005, 0, 0, 8, 4, 11, 0, 0, 0, 0, 2, 1, 4, 0, 0, 0, 3, 0, 0.5, 0, 0], [0, 0, 0, 0.06771564483642578, 0, 0, 8, 4, 11, 0, 0, 0, 0, 2, 1, 2, 0, 0, 0, 3, 0, 0.5, 0, 0], [0, 0, 0, 0.2274453341960907, 0, 0, 8, 3, 10, 0, 0, 0, 0, 1, 1, 3, 0, 0, 0, 2, 0, 0.5, 0, 0], [0, 0, 0, 0.019586503505706787, 0, 0, 8, 13, 20, 0, 0, 0, 0, 9, 2, 7, 0, 0, 0, 12, 0, 0.8, 0, 0], [0, 0, 0, 0.05137908458709717, 0, 0, 8, 13, 20, 0, 0, 0, 0, 10, 2, 1, 0, 0, 0, 12, 0, 0.25, 0, 0], [1, 0, 0, 0.053503841161727905, 0, 0, 8, 8, 15, 1, 0, 1, 0, 6, 1, 3, 0, 0, 0, 7, 1, 0.5, 0, 0], [0, 0, 0, 0.19359564781188965, 0, 0, 8, 3, 10, 0, 0, 0, 0, 1, 1, 3, 0, 0, 0, 2, 0, 0.5, 0, 0], [0, 0, 0, 0.0354977548122406, 0, 0, 8, 3, 10, 0, 0, 0, 0, 1, 1, 4, 0, 0, 0, 2, 0, 0.5, 0, 0], [0, 0, 0, 0.00597381591796875, 0, 0, 8, 12, 19, 0, 0, 0, 0, 1, 10, 6, 0, 0, 0, 11, 0, 0.8888888888888888, 0, 0], [0, 0, 0, 0.0012806057929992676, 0, 0, 8, 6, 13, 0, 0, 0, 0, 4, 1, 4, 0, 0, 0, 5, 0, 0.75, 0, 0], [1, 0, 1, 0.046891748905181885, 1, 0, 8, 5, 12, 1, 0, 1, 1, 2, 2, 5, 0, 0, 0, 4, 1, 0.75, 0, 0], [0, 0, 0, 0.0026447176933288574, 0, 0, 8, 3, 10, 0, 0, 0, 0, 1, 1, 6, 0, 0, 0, 2, 0, 0.9090909090909091, 0, 0], [0, 0, 0, 0.1850072145462036, 0, 0, 8, 3, 10, 0, 0, 0, 0, 1, 1, 3, 0, 0, 0, 2, 0, 0.6153846153846154, 0, 0], [1, 0, 1, 0.05432236194610596, 1, 0, 8, 12, 19, 1, 0, 1, 1, 7, 3, 6, 0, 0, 0, 11, 0, 0.6, 0, 0], [1, 0, 0, 0.021939575672149658, 0, 0, 8, 13, 20, 1, 0, 1, 0, 5, 6, 5, 0, 0, 0, 12, 0, 0.8888888888888888, 0, 0], [1, 0, 1, 0.015479236841201782, 1, 0, 8, 13, 20, 1, 0, 1, 1, 10, 2, 6, 0, 0, 0, 12, 1, 0.8, 0, 0], [0, 0, 0, 0.17106670141220093, 0, 0, 8, 8, 15, 0, 0, 0, 0, 5, 2, 4, 0, 0, 0, 7, 0, 0.5, 0, 0], [0, 0, 0, 0.04662546515464783, 0, 0, 8, 3, 10, 0, 0, 0, 0, 1, 1, 4, 0, 0, 0, 2, 0, 0.6666666666666666, 0, 0], [1, 0, 1, 0.03341144323348999, 1, 0, 8, 5, 12, 1, 0, 1, 1, 2, 2, 6, 0, 0, 0, 4, 1, 0.8, 0, 0], [0, 0, 0, 0.027249932289123535, 0, 0, 6, 13, 18, 0, 0, 1, 0, 7, 3, 3, 0, 0, 0, 12, 0, 0.75, 0, 0], [1, 0, 1, 0.0, 1, 0, 8, 4, 11, 1, 0, 1, 1, 2, 1, 4, 0, 0, 0, 3, 1, 0.6666666666666666, 0, 0], [0, 0, 0, 0.0008554160594940186, 0, 0, 8, 5, 12, 0, 0, 0, 0, 3, 1, 3, 0, 0, 0, 4, 0, 0.5, 0, 0], [0, 0, 0, 0.002616703510284424, 0, 0, 8, 3, 10, 0, 0, 0, 0, 1, 1, 3, 0, 0, 0, 2, 0, 0.9, 0, 0], [0, 0, 0, 0.14106354117393494, 0, 0, 8, 4, 11, 0, 0, 0, 0, 2, 1, 4, 0, 0, 0, 3, 0, 0.6666666666666666, 0, 0], [0, 0, 1, 0.015005111694335938, 0, 0, 8, 13, 20, 0, 0, 1, 0, 7, 3, 1, 0, 0, 0, 12, 0, 0.6666666666666666, 0, 0], [0, 0, 0, 0.026131153106689453, 0, 0, 8, 3, 10, 0, 0, 0, 0, 1, 1, 5, 0, 0, 0, 2, 0, 0.6666666666666666, 0, 0], [1, 0, 0, 0.1189458966255188, 0, 0, 8, 3, 10, 1, 0, 0, 0, 1, 1, 6, 0, 0, 0, 2, 0, 0.6666666666666666, 0, 0], [0, 0, 0, 0.020045101642608643, 0, 0, 8, 3, 10, 0, 0, 0, 0, 1, 1, 5, 0, 0, 0, 2, 0, 0.5, 0, 0], [1, 0, 1, 0.03328067064285278, 1, 0, 8, 13, 20, 1, 0, 1, 1, 2, 7, 6, 0, 0, 0, 12, 1, 0.6666666666666666, 0, 0], [0, 0, 0, 0.03315022587776184, 0, 0, 8, 4, 11, 0, 0, 0, 0, 2, 1, 4, 0, 0, 0, 3, 0, 0.6666666666666666, 0, 0], [1, 0, 1, 0.04643750190734863, 1, 0, 8, 9, 16, 1, 0, 1, 1, 3, 4, 4, 0, 0, 0, 8, 1, 0.8888888888888888, 0, 0], [0, 0, 0, 0.012763112783432007, 0, 0, 8, 11, 18, 0, 0, 0, 0, 9, 1, 4, 0, 0, 0, 10, 0, 0.5, 0, 0], [0, 0, 0, 0.03587377071380615, 0, 0, 8, 3, 10, 0, 0, 0, 0, 1, 1, 4, 0, 0, 0, 2, 0, 0.5, 0, 0], [1, 0, 0, 0.12911713123321533, 0, 0, 8, 10, 17, 1, 0, 0, 0, 1, 8, 4, 0, 0, 0, 9, 0, 0.6666666666666666, 0, 0], [1, 0, 1, 0.02206873893737793, 0, 1, 8, 3, 10, 1, 0, 0, 0, 1, 1, 6, 0, 0, 0, 2, 0, 0.5, 0, 0], [0, 0, 0, 0.035214781761169434, 0, 0, 8, 13, 20, 0, 0, 1, 0, 8, 4, 2, 0, 0, 0, 12, 0, 0.5, 0, 0], [0, 0, 0, 0.18776041269302368, 0, 0, 8, 3, 10, 0, 0, 0, 0, 1, 1, 5, 0, 0, 0, 2, 0, 0.8, 0, 0], [0, 0, 0, 0.0034587979316711426, 0, 0, 8, 3, 10, 0, 0, 0, 0, 1, 1, 6, 0, 0, 0, 2, 0, 0.8888888888888888, 0, 0], [0, 0, 0, 0.09313538670539856, 0, 0, 8, 4, 11, 0, 0, 0, 0, 2, 1, 5, 0, 0, 0, 3, 0, 0.9, 0, 0], [0, 0, 0, 0.023825764656066895, 0, 0, 8, 3, 10, 0, 0, 0, 0, 1, 1, 5, 0, 0, 0, 2, 0, 0.9, 0, 0], [0, 0, 0, 0.012352466583251953, 0, 0, 8, 13, 20, 0, 0, 1, 0, 11, 1, 1, 0, 0, 0, 12, 0, 0.5, 0, 0], [0, 0, 0, 0.06267201900482178, 0, 0, 8, 13, 20, 0, 0, 0, 0, 10, 2, 1, 0, 0, 0, 12, 0, 0.5, 0, 0], [1, 0, 0, 0.015335321426391602, 0, 0, 8, 11, 18, 1, 0, 1, 0, 7, 3, 4, 0, 0, 0, 10, 0, 0.6666666666666666, 0, 0], [0, 0, 0, 0.025418579578399658, 0, 0, 8, 13, 20, 0, 0, 0, 0, 6, 6, 6, 0, 0, 0, 12, 0, 0.9, 0, 0], [0, 0, 0, 0.02636408805847168, 0, 0, 8, 4, 11, 0, 0, 0, 0, 2, 1, 5, 0, 0, 0, 3, 0, 0.5, 0, 0], [0, 0, 0, 0.00521695613861084, 0, 0, 8, 8, 15, 0, 0, 1, 0, 3, 4, 6, 0, 0, 0, 7, 0, 0.9090909090909091, 0, 0], [0, 0, 0, 0.0026166439056396484, 0, 0, 8, 4, 11, 0, 0, 0, 0, 1, 2, 3, 0, 0, 0, 3, 0, 0.9, 0, 0], [0, 0, 0, 0.09472677111625671, 0, 0, 8, 5, 12, 0, 0, 0, 0, 3, 1, 5, 0, 0, 0, 4, 0, 0.5, 0, 0], [1, 0, 1, 0.07843130826950073, 1, 0, 8, 4, 11, 1, 0, 1, 1, 2, 1, 6, 0, 0, 0, 3, 0, 0.6666666666666666, 0, 0], [0, 0, 0, 0.010655999183654785, 0, 0, 8, 8, 15, 0, 0, 0, 0, 6, 1, 1, 0, 0, 0, 7, 0, 0.25, 0, 0], [0, 0, 0, 0.043857455253601074, 0, 0, 8, 3, 10, 0, 0, 0, 0, 1, 1, 5, 0, 0, 0, 2, 0, 0.5, 0, 0], [0, 0, 0, 0.006624341011047363, 0, 0, 8, 13, 20, 0, 0, 0, 0, 11, 1, 1, 0, 0, 0, 12, 0, 0.5, 0, 0], [1, 0, 0, 0.052138179540634155, 0, 0, 8, 7, 14, 1, 0, 1, 0, 4, 2, 3, 0, 0, 0, 6, 1, 0.6666666666666666, 0, 0], [0, 0, 0, 0.09282851219177246, 0, 0, 8, 3, 10, 0, 1, 0, 0, 1, 1, 5, 0, 0, 0, 2, 0, 0.8888888888888888, 0, 0], [0, 0, 0, 0.01837337017059326, 0, 0, 8, 3, 10, 0, 0, 0, 0, 1, 1, 3, 0, 0, 0, 2, 0, 0.5, 0, 0], [0, 0, 0, 0.082275390625, 0, 0, 8, 3, 10, 0, 0, 0, 0, 1, 1, 4, 0, 0, 0, 2, 0, 0.5, 0, 0], [0, 0, 0, 0.022050023078918457, 0, 0, 8, 3, 10, 0, 0, 0, 0, 1, 1, 2, 0, 0, 0, 2, 0, 0.5, 0, 0], [1, 0, 1, 0.0029141902923583984, 1, 0, 8, 11, 18, 1, 0, 1, 1, 2, 8, 4, 0, 0, 0, 10, 1, 0.8, 0, 0], [1, 0, 1, 0.00773388147354126, 1, 0, 8, 12, 19, 1, 0, 1, 1, 2, 9, 6, 0, 0, 0, 11, 1, 0.8888888888888888, 0, 0], [1, 0, 0, 0.007772684097290039, 1, 0, 8, 8, 15, 1, 0, 1, 1, 4, 3, 4, 0, 0, 0, 7, 1, 0.75, 0, 0], [1, 0, 1, 0.06293821334838867, 1, 0, 8, 6, 13, 1, 0, 1, 1, 3, 2, 5, 0, 0, 0, 5, 1, 0.5, 0, 0], [0, 0, 0, 0.008144915103912354, 0, 0, 8, 12, 19, 0, 0, 0, 0, 5, 4, 6, 0, 0, 0, 11, 0, 0.75, 0, 0], [0, 0, 0, 0.09282851219177246, 0, 0, 8, 3, 10, 0, 0, 0, 0, 1, 1, 5, 0, 0, 0, 2, 0, 0.8888888888888888, 0, 0], [0, 0, 0, 0.02015244960784912, 0, 0, 8, 3, 10, 0, 0, 0, 0, 1, 1, 5, 0, 0, 0, 2, 0, 0.5, 0, 0], [1, 0, 0, 0.05218607187271118, 0, 0, 8, 4, 11, 1, 0, 0, 0, 2, 1, 5, 0, 0, 0, 3, 0, 0.8888888888888888, 0, 0], [1, 0, 0, 0.0096701979637146, 0, 0, 8, 13, 20, 1, 0, 1, 0, 5, 6, 5, 0, 0, 0, 12, 0, 0.6666666666666666, 0, 0], [0, 0, 0, 0.0053408145904541016, 0, 0, 8, 13, 20, 0, 0, 0, 0, 10, 2, 1, 0, 0, 0, 12, 0, 0.25, 0, 0], [1, 0, 0, 0.13573169708251953, 1, 0, 8, 13, 20, 1, 0, 1, 1, 5, 3, 2, 0, 0, 0, 12, 1, 0.6666666666666666, 0, 0], [0, 0, 0, 0.044110774993896484, 0, 0, 8, 3, 10, 0, 0, 0, 0, 1, 1, 6, 0, 0, 0, 2, 0, 0.5, 0, 0], [1, 0, 0, 0.0, 0, 0, 6, 4, 9, 1, 0, 0, 0, 2, 1, 5, 0, 0, 0, 3, 0, 0.7142857142857143, 0, 0], [0, 0, 0, 0.14472508430480957, 0, 0, 8, 3, 10, 0, 0, 0, 0, 1, 1, 4, 0, 0, 0, 2, 0, 0.5, 0, 0], [0, 0, 0, 0.05665397644042969, 0, 0, 8, 3, 10, 0, 0, 0, 0, 1, 1, 5, 0, 0, 0, 2, 0, 0.5, 0, 0], [1, 0, 1, 0.09199768304824829, 1, 0, 8, 4, 11, 1, 0, 1, 1, 2, 1, 7, 0, 0, 0, 3, 0, 0.8, 0, 0], [0, 0, 0, 0.04045665264129639, 0, 0, 8, 3, 10, 0, 0, 0, 0, 1, 1, 3, 0, 0, 0, 2, 0, 0.5, 0, 0], [1, 0, 0, 0.10826200246810913, 0, 0, 8, 13, 20, 1, 0, 1, 0, 4, 7, 2, 0, 0, 0, 12, 0, 0.6666666666666666, 0, 0], [1, 0, 1, 0.026888906955718994, 1, 0, 8, 13, 20, 1, 0, 1, 1, 5, 3, 1, 0, 0, 0, 12, 1, 0.6666666666666666, 0, 0], [0, 0, 0, 0.16750794649124146, 0, 0, 8, 5, 12, 0, 0, 0, 0, 3, 1, 3, 0, 0, 0, 4, 0, 0.5, 0, 0], [0, 0, 0, 0.007145881652832031, 0, 0, 8, 13, 20, 0, 0, 1, 0, 11, 1, 1, 0, 0, 0, 12, 0, 0.5, 0, 0], [0, 0, 0, 0.0027773380279541016, 0, 0, 8, 3, 10, 0, 0, 0, 0, 1, 1, 4, 0, 0, 0, 2, 0, 0.6, 0, 0], [0, 0, 0, 0.002835690975189209, 0, 0, 8, 13, 20, 0, 0, 0, 0, 11, 1, 1, 0, 0, 0, 12, 0, 0.5, 0, 0], [0, 0, 0, 0.031138837337493896, 0, 0, 8, 4, 11, 0, 0, 0, 0, 2, 1, 6, 0, 0, 0, 3, 0, 0.75, 0, 0], [0, 0, 0, 0.05110517144203186, 0, 0, 8, 8, 15, 0, 0, 0, 0, 5, 2, 3, 0, 0, 0, 7, 0, 0.5, 0, 0], [0, 0, 0, 0.061414510011672974, 0, 0, 8, 5, 12, 0, 0, 0, 0, 3, 1, 3, 0, 0, 0, 4, 0, 0.5, 0, 0], [0, 0, 0, 0.04668921232223511, 0, 0, 8, 3, 10, 0, 0, 0, 0, 1, 1, 3, 0, 0, 0, 2, 0, 0.5, 0, 0], [1, 0, 1, 0.003274679183959961, 1, 0, 8, 12, 19, 1, 0, 1, 1, 3, 8, 4, 0, 0, 0, 11, 1, 0.9, 0, 0], [1, 0, 0, 0.0026642680168151855, 0, 0, 8, 13, 20, 1, 0, 0, 0, 10, 2, 1, 0, 0, 0, 12, 1, 0.05263157894736842, 0, 0], [0, 0, 0, 0.012165188789367676, 0, 0, 8, 13, 20, 0, 0, 1, 0, 10, 2, 2, 0, 0, 0, 12, 0, 0.5, 0, 0], [0, 0, 0, 0.05705198645591736, 0, 0, 8, 3, 10, 0, 0, 0, 0, 1, 1, 3, 0, 0, 0, 2, 0, 0.6666666666666666, 0, 0], [1, 0, 1, 0.020083904266357422, 1, 0, 8, 5, 12, 1, 0, 1, 1, 2, 2, 4, 0, 0, 0, 4, 1, 0.9, 0, 0], [0, 0, 0, 0.013397693634033203, 0, 0, 8, 3, 10, 0, 0, 0, 0, 1, 1, 5, 0, 0, 0, 2, 0, 0.5, 0, 0], [1, 0, 1, 0.03372925519943237, 1, 0, 8, 13, 20, 1, 0, 1, 1, 5, 5, 5, 0, 0, 0, 12, 1, 0.6666666666666666, 0, 0], [0, 0, 0, 0.00029391050338745117, 0, 0, 8, 8, 15, 0, 0, 0, 0, 6, 1, 4, 0, 0, 0, 7, 0, 0.9, 0, 0], [1, 0, 1, 0.10369029641151428, 1, 0, 8, 13, 20, 1, 0, 1, 1, 10, 2, 6, 0, 0, 0, 12, 1, 0.6666666666666666, 0, 0], [1, 0, 1, 0.04643750190734863, 1, 0, 8, 9, 16, 1, 0, 1, 1, 3, 4, 4, 0, 0, 0, 8, 1, 0.8888888888888888, 0, 0], [0, 0, 0, 0.05351525545120239, 0, 0, 8, 3, 10, 0, 0, 0, 0, 1, 1, 5, 0, 0, 0, 2, 0, 0.6666666666666666, 0, 0], [0, 0, 0, 0.04950520396232605, 0, 0, 8, 5, 12, 0, 0, 0, 0, 3, 1, 5, 0, 0, 0, 4, 0, 0.6666666666666666, 0, 0], [1, 0, 0, 0.08157682418823242, 0, 0, 8, 11, 18, 1, 0, 1, 0, 5, 3, 2, 0, 0, 0, 10, 0, 0.6666666666666666, 0, 0], [0, 0, 0, 0.052832186222076416, 0, 0, 8, 3, 10, 0, 0, 0, 0, 1, 1, 3, 0, 0, 0, 2, 0, 0.5, 0, 0], [1, 0, 0, 0.14626890420913696, 0, 0, 8, 13, 20, 1, 0, 1, 0, 6, 3, 3, 0, 0, 0, 12, 0, 0.6666666666666666, 0, 0], [0, 0, 0, 0.006315767765045166, 0, 0, 8, 13, 20, 0, 0, 0, 0, 11, 1, 1, 0, 0, 0, 12, 0, 0.5, 0, 0], [0, 0, 0, 0.1486567258834839, 0, 0, 8, 13, 20, 0, 0, 0, 0, 8, 2, 2, 0, 0, 0, 12, 0, 0.5, 0, 0], [0, 0, 0, 0.08934122323989868, 0, 0, 8, 8, 15, 0, 0, 0, 0, 6, 1, 2, 0, 0, 0, 7, 0, 0.5, 0, 0], [0, 0, 0, 0.018705248832702637, 0, 0, 8, 3, 10, 0, 0, 0, 0, 1, 1, 4, 0, 0, 0, 2, 0, 0.6666666666666666, 0, 0], [0, 0, 0, 0.042446017265319824, 0, 0, 8, 3, 10, 0, 0, 0, 0, 1, 1, 3, 0, 0, 0, 2, 0, 0.5, 0, 0], [0, 0, 0, 0.05514746904373169, 0, 0, 8, 5, 12, 0, 0, 0, 0, 3, 1, 3, 0, 0, 0, 4, 0, 0.5, 0, 0], [0, 0, 0, 0.0858549177646637, 0, 0, 8, 13, 20, 0, 0, 0, 0, 10, 2, 1, 0, 0, 0, 12, 0, 0.6666666666666666, 0, 0], [0, 0, 0, 0.04929935932159424, 0, 0, 8, 13, 20, 0, 0, 0, 0, 11, 1, 1, 0, 0, 0, 12, 0, 0.25, 0, 0], [0, 0, 0, 0.28977078199386597, 0, 0, 8, 13, 20, 0, 0, 0, 0, 10, 2, 4, 0, 0, 0, 12, 0, 0.6666666666666666, 0, 0], [0, 0, 0, 0.05013313889503479, 0, 0, 8, 3, 10, 0, 0, 0, 0, 1, 1, 3, 0, 0, 0, 2, 0, 0.6666666666666666, 0, 0], [0, 0, 0, 0.05001026391983032, 0, 0, 8, 3, 10, 0, 0, 0, 0, 1, 1, 5, 0, 0, 0, 2, 0, 0.5, 0, 0], [0, 0, 0, 0.007123887538909912, 0, 0, 8, 3, 10, 0, 0, 0, 0, 1, 1, 7, 0, 0, 0, 2, 0, 0.5, 0, 0], [1, 0, 0, 0.018560945987701416, 1, 0, 8, 7, 14, 1, 0, 1, 0, 4, 2, 6, 0, 0, 0, 6, 1, 0.8, 0, 0], [0, 0, 0, 0.023311585187911987, 0, 0, 8, 5, 12, 0, 0, 0, 0, 3, 1, 5, 0, 0, 0, 4, 0, 0.5, 0, 0], [0, 0, 0, 0.1846444010734558, 0, 0, 8, 3, 10, 0, 0, 0, 0, 1, 1, 4, 0, 0, 0, 2, 0, 0.6666666666666666, 0, 0], [1, 0, 0, 0.11014246940612793, 0, 0, 8, 13, 20, 1, 0, 1, 0, 5, 6, 5, 0, 0, 0, 12, 0, 0.6666666666666666, 0, 0], [1, 0, 1, 0.14884215593338013, 1, 0, 8, 7, 14, 1, 0, 1, 1, 2, 3, 5, 0, 0, 0, 6, 1, 0.75, 0, 0], [1, 0, 0, 0.06639134883880615, 0, 0, 5, 3, 7, 1, 0, 0, 0, 1, 1, 3, 0, 0, 0, 2, 0, 0.7142857142857143, 0, 0], [0, 0, 0, 0.07562980055809021, 0, 0, 8, 4, 11, 0, 0, 0, 0, 2, 1, 4, 0, 0, 0, 3, 0, 0.5, 0, 0], [0, 0, 0, 0.1856645941734314, 0, 0, 8, 11, 18, 0, 0, 0, 0, 8, 2, 4, 0, 0, 0, 10, 0, 0.5, 0, 0], [0, 0, 0, 0.00936579704284668, 0, 0, 8, 5, 12, 0, 0, 0, 0, 3, 1, 4, 0, 0, 0, 4, 0, 0.5, 0, 0], [0, 0, 0, 0.021079301834106445, 0, 0, 8, 13, 20, 0, 0, 1, 0, 9, 2, 6, 0, 0, 0, 12, 0, 0.8, 0, 0], [1, 0, 0, 0.02298152446746826, 0, 0, 8, 13, 20, 1, 0, 1, 0, 9, 2, 1, 0, 0, 0, 12, 0, 0.6666666666666666, 0, 0], [0, 0, 1, 0.16344553232192993, 0, 0, 8, 4, 11, 0, 0, 1, 0, 2, 1, 1, 0, 0, 0, 3, 0, 0.2222222222222222, 0, 0], [0, 0, 0, 0.09004485607147217, 0, 0, 8, 3, 10, 0, 0, 0, 0, 1, 1, 3, 0, 0, 0, 2, 0, 0.5, 0, 0], [0, 0, 0, 0.0010424256324768066, 0, 0, 8, 13, 20, 0, 0, 0, 0, 10, 2, 1, 0, 0, 0, 12, 0, 0.14285714285714285, 0, 0], [0, 0, 0, 0.0024451613426208496, 0, 0, 8, 3, 10, 0, 0, 0, 0, 1, 1, 7, 0, 0, 0, 2, 0, 0.5, 0, 0], [0, 0, 0, 0.041366249322891235, 0, 0, 4, 3, 6, 0, 0, 0, 0, 1, 1, 2, 0, 0, 0, 2, 0, 0.6666666666666666, 0, 0], [0, 0, 0, 0.02074575424194336, 0, 0, 8, 12, 19, 0, 0, 0, 0, 8, 3, 3, 0, 0, 0, 11, 0, 0.8888888888888888, 0, 0], [0, 0, 0, 0.025870561599731445, 0, 0, 8, 4, 11, 0, 0, 0, 0, 2, 1, 7, 0, 0, 0, 3, 0, 0.9090909090909091, 0, 0], [0, 0, 0, 0.06154412031173706, 0, 0, 8, 3, 10, 0, 0, 0, 0, 1, 1, 4, 0, 0, 0, 2, 0, 0.5, 0, 0], [0, 0, 0, 0.09492239356040955, 0, 0, 8, 3, 10, 0, 1, 0, 0, 1, 1, 3, 0, 0, 0, 2, 0, 0.6666666666666666, 0, 0], [0, 0, 0, 0.011973679065704346, 0, 0, 8, 11, 18, 0, 0, 0, 0, 9, 1, 4, 0, 0, 0, 10, 0, 0.6666666666666666, 0, 0], [0, 0, 0, 0.019374161958694458, 0, 0, 8, 4, 11, 0, 0, 0, 0, 2, 1, 2, 0, 0, 0, 3, 0, 0.25, 0, 0], [1, 0, 1, 0.04610276222229004, 1, 0, 8, 9, 16, 1, 0, 1, 1, 3, 4, 3, 0, 0, 0, 8, 1, 0.6666666666666666, 0, 0], [1, 0, 0, 0.019176244735717773, 1, 0, 8, 5, 12, 1, 0, 1, 1, 3, 1, 4, 0, 0, 0, 4, 1, 0.75, 0, 0], [0, 0, 0, 0.017494678497314453, 0, 0, 8, 3, 10, 0, 0, 0, 0, 1, 1, 6, 0, 0, 0, 2, 0, 0.6666666666666666, 0, 0], [0, 0, 0, 0.05497881770133972, 0, 0, 8, 4, 11, 0, 0, 0, 0, 2, 1, 3, 0, 0, 0, 3, 0, 0.625, 0, 0], [1, 0, 0, 0.0011026263236999512, 0, 0, 8, 13, 20, 1, 0, 0, 0, 4, 7, 1, 0, 0, 0, 12, 0, 0.6666666666666666, 0, 0], [0, 0, 0, 0.12593960762023926, 0, 0, 8, 5, 12, 0, 0, 0, 0, 3, 1, 3, 0, 0, 0, 4, 0, 0.5, 0, 0], [1, 0, 1, 0.03328067064285278, 1, 0, 8, 13, 20, 1, 0, 1, 1, 2, 10, 6, 0, 0, 0, 12, 1, 0.6666666666666666, 0, 0], [0, 0, 0, 0.018705248832702637, 0, 0, 8, 3, 10, 0, 0, 0, 0, 1, 1, 4, 0, 0, 0, 2, 0, 0.6666666666666666, 0, 0], [1, 0, 0, 0.10890793800354004, 0, 0, 8, 4, 11, 1, 0, 0, 0, 2, 1, 4, 0, 0, 0, 3, 0, 0.6666666666666666, 0, 0], [0, 0, 0, 0.19171583652496338, 0, 0, 8, 3, 10, 0, 0, 0, 0, 1, 1, 2, 0, 0, 0, 2, 0, 0.75, 0, 0], [1, 0, 0, 0.026256024837493896, 0, 0, 8, 10, 17, 1, 0, 1, 0, 7, 2, 6, 0, 0, 0, 9, 0, 0.6666666666666666, 0, 0], [0, 0, 0, 0.027919292449951172, 0, 0, 8, 3, 10, 0, 0, 0, 0, 1, 1, 6, 0, 0, 0, 2, 0, 0.6666666666666666, 0, 0], [0, 0, 0, 0.11486558616161346, 0, 0, 8, 3, 10, 0, 0, 0, 0, 1, 1, 4, 0, 0, 0, 2, 0, 0.5, 0, 0], [0, 0, 0, 0.01861262321472168, 0, 0, 8, 3, 10, 0, 0, 0, 0, 1, 1, 5, 0, 0, 0, 2, 0, 0.75, 0, 0], [0, 0, 0, 0.023825764656066895, 0, 0, 8, 3, 10, 0, 0, 0, 0, 1, 1, 5, 0, 0, 0, 2, 0, 0.9, 0, 0], [1, 0, 1, 0.03328067064285278, 1, 0, 8, 13, 20, 1, 0, 1, 1, 2, 10, 6, 0, 0, 0, 12, 1, 0.6666666666666666, 0, 0], [1, 0, 0, 0.005423307418823242, 0, 0, 8, 5, 12, 1, 0, 0, 0, 2, 2, 3, 0, 0, 0, 4, 0, 0.8888888888888888, 0, 0], [0, 0, 0, 0.029541105031967163, 0, 0, 8, 13, 20, 0, 0, 0, 0, 11, 1, 2, 0, 0, 0, 12, 0, 0.5, 0, 0], [1, 0, 0, 0.059764742851257324, 0, 0, 8, 5, 12, 1, 0, 1, 0, 2, 2, 5, 0, 0, 0, 4, 0, 0.6666666666666666, 0, 0], [0, 0, 0, 0.012235283851623535, 0, 0, 8, 13, 20, 0, 0, 0, 0, 7, 3, 1, 0, 0, 0, 12, 0, 0.6666666666666666, 0, 0], [1, 0, 1, 0.09066992998123169, 0, 0, 8, 12, 19, 1, 0, 1, 1, 4, 5, 3, 0, 0, 0, 11, 1, 0.8888888888888888, 0, 0], [0, 0, 0, 0.008571624755859375, 0, 0, 8, 3, 10, 0, 0, 0, 0, 1, 1, 5, 0, 0, 0, 2, 0, 0.5, 0, 0], [0, 0, 0, 0.0716392993927002, 0, 0, 8, 7, 14, 0, 0, 0, 0, 5, 1, 3, 0, 0, 0, 6, 0, 0.6666666666666666, 0, 0], [1, 0, 0, 0.0007109940052032471, 0, 0, 8, 3, 10, 1, 0, 0, 0, 1, 1, 6, 0, 0, 0, 2, 0, 0.6666666666666666, 0, 0], [0, 0, 0, 0.007590174674987793, 0, 0, 8, 3, 10, 0, 0, 0, 0, 1, 1, 5, 0, 0, 0, 2, 0, 0.5, 0, 0], [1, 0, 0, 0.06674206256866455, 1, 0, 8, 7, 14, 1, 0, 1, 1, 5, 1, 4, 0, 0, 0, 6, 1, 0.5, 0, 0], [0, 0, 0, 0.01673772931098938, 0, 0, 8, 3, 10, 0, 0, 0, 0, 1, 1, 6, 0, 0, 0, 2, 0, 0.8888888888888888, 0, 0], [1, 0, 0, 0.17748910188674927, 0, 0, 8, 4, 11, 1, 0, 0, 0, 1, 2, 6, 0, 0, 0, 3, 0, 0.5714285714285714, 0, 0], [0, 0, 0, 0.07794004678726196, 0, 0, 8, 6, 13, 0, 0, 0, 0, 3, 2, 5, 0, 0, 0, 5, 0, 0.5, 0, 0], [0, 0, 0, 0.0401684045791626, 0, 0, 8, 4, 11, 0, 0, 0, 0, 2, 1, 6, 0, 0, 0, 3, 0, 0.5, 0, 0], [1, 0, 0, 0.0939285159111023, 0, 0, 8, 7, 14, 1, 0, 0, 0, 5, 1, 2, 0, 0, 0, 6, 0, 0.5, 0, 0], [0, 0, 0, 0.17179208993911743, 0, 0, 8, 4, 11, 0, 0, 0, 0, 2, 1, 5, 0, 0, 0, 3, 0, 0.75, 0, 0], [0, 0, 0, 0.024741441011428833, 0, 0, 8, 3, 10, 0, 0, 0, 0, 1, 1, 2, 0, 0, 0, 2, 0, 0.5, 0, 0], [0, 0, 0, 0.005817592144012451, 0, 0, 8, 13, 20, 0, 0, 0, 0, 10, 2, 1, 0, 0, 0, 12, 0, 0.125, 0, 0], [0, 0, 0, 0.11263144016265869, 0, 0, 8, 13, 20, 0, 0, 0, 0, 11, 1, 1, 0, 0, 0, 12, 0, 0.25, 0, 0], [1, 0, 1, 0.01791614294052124, 0, 0, 8, 9, 16, 1, 0, 1, 1, 4, 4, 4, 0, 0, 0, 8, 0, 0.5, 0, 0], [1, 0, 1, 0.007065713405609131, 1, 0, 8, 13, 20, 1, 1, 1, 1, 2, 9, 3, 0, 0, 0, 12, 1, 0.9, 0, 0], [0, 0, 0, 0.059688061475753784, 0, 0, 8, 8, 15, 0, 0, 0, 0, 6, 1, 3, 0, 0, 0, 7, 0, 0.6666666666666666, 0, 0], [0, 0, 0, 0.04469954967498779, 0, 0, 8, 4, 11, 0, 0, 0, 0, 2, 1, 4, 0, 0, 0, 3, 0, 0.6666666666666666, 0, 0], [0, 0, 0, 0.07405287027359009, 0, 0, 8, 13, 20, 0, 0, 0, 0, 10, 2, 4, 0, 0, 0, 12, 0, 0.75, 0, 0], [0, 0, 0, 0.0020616352558135986, 0, 0, 8, 8, 15, 0, 0, 0, 0, 6, 1, 4, 0, 0, 0, 7, 0, 0.9, 0, 0], [0, 0, 0, 0.011240571737289429, 0, 0, 8, 10, 17, 0, 0, 0, 0, 7, 2, 1, 0, 0, 0, 9, 0, 0.6666666666666666, 0, 0], [1, 0, 1, 0.03372925519943237, 1, 0, 8, 13, 20, 1, 1, 1, 1, 5, 5, 5, 0, 0, 0, 12, 1, 0.6666666666666666, 0, 0], [0, 0, 0, 0.13614106178283691, 0, 0, 8, 4, 11, 0, 0, 0, 0, 2, 1, 3, 0, 0, 0, 3, 0, 0.5, 0, 0], [0, 0, 0, 0.10217392444610596, 0, 0, 8, 3, 10, 0, 0, 0, 0, 1, 1, 5, 0, 0, 0, 2, 0, 0.5, 0, 0], [0, 0, 0, 0.0705612301826477, 0, 0, 8, 3, 10, 0, 0, 0, 0, 1, 1, 5, 0, 0, 0, 2, 0, 0.5, 0, 0], [1, 0, 0, 0.0029069185256958008, 0, 0, 8, 9, 16, 1, 0, 1, 0, 6, 2, 7, 0, 0, 0, 8, 0, 0.75, 0, 0], [0, 0, 0, 0.2217455804347992, 0, 0, 8, 6, 13, 0, 0, 0, 0, 4, 1, 3, 0, 0, 0, 5, 0, 0.5, 0, 0], [0, 0, 0, 0.019961655139923096, 0, 0, 8, 13, 20, 0, 0, 0, 0, 10, 2, 2, 0, 0, 0, 12, 0, 0.5, 0, 0], [1, 0, 0, 0.03151524066925049, 1, 0, 8, 13, 20, 1, 0, 1, 0, 11, 1, 2, 0, 0, 0, 12, 0, 0.5, 0, 0], [0, 0, 0, 0.023771002888679504, 0, 0, 8, 3, 10, 0, 0, 0, 0, 1, 1, 4, 0, 0, 0, 2, 0, 0.5, 0, 0], [0, 0, 0, 0.08270815014839172, 0, 0, 8, 13, 20, 0, 0, 0, 0, 8, 3, 6, 0, 0, 0, 12, 0, 0.6666666666666666, 0, 0], [1, 0, 1, 0.03733170032501221, 1, 0, 8, 10, 17, 1, 0, 1, 1, 2, 7, 3, 0, 0, 0, 9, 1, 0.625, 0, 0], [0, 0, 0, 0.11263144016265869, 0, 0, 8, 13, 20, 0, 0, 0, 0, 10, 2, 1, 0, 0, 0, 12, 0, 0.25, 0, 0], [1, 0, 0, 0.04900208115577698, 0, 0, 8, 4, 11, 1, 0, 0, 0, 2, 1, 4, 0, 0, 0, 3, 0, 0.5, 0, 0], [0, 0, 0, 0.06834995746612549, 0, 0, 8, 13, 20, 0, 0, 1, 0, 10, 2, 1, 0, 0, 0, 12, 0, 0.25, 0, 0], [0, 0, 0, 0.0011910796165466309, 0, 0, 8, 13, 20, 0, 0, 1, 0, 9, 3, 2, 0, 0, 0, 12, 0, 0.75, 0, 0], [0, 0, 0, 0.040647149085998535, 0, 0, 8, 13, 20, 0, 0, 0, 0, 9, 2, 2, 0, 0, 0, 12, 0, 0.3333333333333333, 0, 0], [1, 0, 1, 0.4122774600982666, 0, 0, 7, 4, 10, 1, 0, 1, 1, 2, 1, 6, 0, 0, 0, 3, 0, 0.5, 0, 0], [0, 0, 0, 0.04985707998275757, 0, 0, 8, 6, 13, 0, 0, 0, 0, 4, 1, 3, 0, 0, 0, 5, 0, 0.5, 0, 0], [1, 0, 0, 0.09946340322494507, 0, 0, 8, 5, 12, 1, 0, 1, 1, 3, 1, 3, 0, 0, 0, 4, 0, 0.8888888888888888, 0, 0], [0, 0, 0, 0.023564577102661133, 0, 0, 8, 8, 15, 0, 1, 0, 0, 5, 2, 6, 0, 0, 0, 7, 0, 0.5, 0, 0], [0, 0, 0, 0.41425395011901855, 0, 0, 8, 3, 10, 0, 0, 0, 0, 1, 1, 4, 0, 0, 0, 2, 0, 0.5, 0, 0], [1, 0, 1, 0.03328067064285278, 1, 0, 8, 13, 20, 1, 0, 1, 1, 1, 11, 6, 0, 0, 0, 12, 1, 0.6666666666666666, 0, 0], [0, 0, 0, 0.09887099266052246, 0, 0, 8, 3, 10, 0, 0, 0, 0, 1, 1, 2, 0, 0, 0, 2, 0, 0.5, 0, 0], [0, 0, 0, 0.05665391683578491, 0, 0, 8, 3, 10, 0, 0, 0, 0, 1, 1, 5, 0, 0, 0, 2, 0, 0.5, 0, 0], [0, 0, 0, 0.03501462936401367, 0, 0, 8, 6, 13, 0, 0, 0, 0, 3, 2, 4, 0, 0, 0, 5, 0, 0.6153846153846154, 0, 0], [0, 0, 0, 0.004543423652648926, 0, 0, 8, 13, 20, 0, 0, 0, 0, 7, 4, 1, 0, 0, 0, 12, 0, 0.9, 0, 0], [0, 0, 0, 0.012212157249450684, 0, 0, 8, 13, 20, 0, 0, 0, 0, 11, 1, 1, 0, 0, 0, 12, 0, 0.5, 0, 0], [1, 0, 0, 0.14300388097763062, 0, 0, 8, 9, 16, 1, 0, 1, 0, 5, 2, 4, 0, 0, 0, 8, 0, 0.625, 0, 0], [0, 0, 0, 0.029023289680480957, 0, 0, 8, 13, 20, 0, 0, 1, 0, 8, 3, 1, 0, 0, 0, 12, 0, 0.6666666666666666, 0, 0], [0, 0, 0, 0.01046842336654663, 0, 0, 8, 6, 13, 0, 0, 0, 0, 4, 1, 3, 0, 0, 0, 5, 0, 0.5, 0, 0], [0, 0, 0, 0.03790551424026489, 0, 0, 8, 6, 13, 0, 0, 0, 0, 4, 1, 3, 0, 0, 0, 5, 0, 0.5, 0, 0], [0, 0, 0, 0.15081852674484253, 0, 0, 8, 3, 10, 0, 0, 0, 0, 1, 1, 7, 0, 0, 0, 2, 0, 0.75, 0, 0], [0, 0, 0, 0.001589357852935791, 0, 0, 8, 3, 10, 0, 0, 0, 0, 1, 1, 4, 0, 0, 0, 2, 0, 0.5, 0, 0], [0, 0, 0, 0.037341296672821045, 0, 0, 8, 4, 11, 0, 0, 0, 0, 2, 1, 5, 0, 0, 0, 3, 0, 0.5, 0, 0], [0, 0, 0, 0.18227487802505493, 0, 0, 8, 10, 17, 0, 0, 0, 0, 6, 2, 5, 0, 0, 0, 9, 0, 0.6666666666666666, 0, 0], [0, 0, 0, 0.0034500956535339355, 0, 0, 8, 13, 20, 0, 0, 1, 0, 2, 9, 3, 0, 0, 0, 12, 0, 0.9, 0, 0], [1, 0, 0, 0.042631685733795166, 0, 0, 8, 12, 19, 1, 0, 1, 0, 6, 5, 4, 0, 0, 0, 11, 0, 0.6666666666666666, 0, 0], [0, 0, 0, 0.049412548542022705, 0, 0, 8, 3, 10, 0, 0, 0, 0, 1, 1, 5, 0, 0, 0, 2, 0, 0.75, 0, 0], [0, 0, 0, 0.059208691120147705, 0, 0, 8, 13, 20, 0, 0, 0, 0, 7, 4, 1, 0, 0, 0, 12, 0, 0.6666666666666666, 0, 0], [1, 0, 1, 0.18847984075546265, 1, 0, 8, 5, 12, 1, 0, 1, 1, 2, 2, 7, 0, 0, 0, 4, 0, 0.8, 0, 0], [0, 0, 0, 0.031084507703781128, 0, 0, 8, 5, 12, 0, 0, 0, 0, 3, 1, 4, 0, 0, 0, 4, 0, 0.8961038961038961, 0, 0], [0, 0, 0, 0.08110913634300232, 0, 0, 8, 7, 14, 0, 0, 0, 0, 5, 1, 4, 0, 0, 0, 6, 0, 0.8888888888888888, 0, 0], [0, 0, 0, 0.016294032335281372, 0, 0, 8, 3, 10, 0, 0, 0, 0, 1, 1, 5, 0, 0, 0, 2, 0, 0.5, 0, 0], [1, 0, 0, 0.08336573839187622, 0, 0, 8, 5, 12, 1, 0, 0, 0, 3, 1, 2, 0, 0, 0, 4, 0, 0.6666666666666666, 0, 0], [0, 0, 0, 0.13018518686294556, 0, 0, 8, 3, 10, 0, 0, 0, 0, 1, 1, 4, 0, 0, 0, 2, 0, 0.5, 0, 0], [1, 0, 1, 0.22414863109588623, 1, 0, 8, 9, 16, 1, 0, 1, 1, 4, 4, 4, 0, 0, 0, 8, 0, 0.5833333333333334, 0, 0], [0, 0, 0, 0.016778767108917236, 0, 0, 8, 3, 10, 0, 0, 0, 0, 1, 1, 4, 0, 0, 0, 2, 0, 0.75, 0, 0], [1, 0, 1, 0.13191759586334229, 1, 0, 8, 4, 11, 1, 0, 1, 1, 2, 1, 5, 0, 0, 0, 3, 1, 0.9, 0, 0], [0, 0, 0, 0.20402923226356506, 0, 0, 8, 5, 12, 0, 0, 0, 0, 2, 2, 6, 0, 0, 0, 4, 0, 0.8, 0, 0], [0, 0, 0, 0.03918951749801636, 0, 0, 8, 3, 10, 0, 0, 0, 0, 1, 1, 4, 0, 0, 0, 2, 0, 0.6666666666666666, 0, 0], [0, 0, 0, 0.04401600360870361, 0, 0, 8, 13, 20, 0, 0, 0, 0, 10, 2, 1, 0, 0, 0, 12, 0, 0.625, 0, 0], [1, 0, 0, 0.09375017881393433, 1, 0, 8, 4, 11, 1, 0, 1, 0, 2, 1, 5, 0, 0, 0, 3, 1, 0.6666666666666666, 0, 0], [0, 0, 0, 0.08871006965637207, 0, 0, 8, 3, 10, 0, 0, 0, 0, 1, 1, 5, 0, 0, 0, 2, 0, 0.5, 0, 0], [0, 0, 0, 0.02095702290534973, 0, 0, 8, 3, 10, 0, 0, 0, 0, 1, 1, 5, 0, 0, 0, 2, 0, 0.6666666666666666, 0, 0], [0, 0, 0, 0.020986318588256836, 0, 0, 8, 13, 20, 0, 0, 1, 0, 10, 2, 1, 0, 0, 0, 12, 0, 0.5, 0, 0], [0, 0, 0, 0.0026737451553344727, 0, 0, 8, 13, 20, 0, 0, 0, 0, 10, 2, 1, 0, 0, 0, 12, 0, 0.5, 0, 0], [0, 0, 0, 0.13749831914901733, 0, 0, 8, 5, 12, 0, 0, 0, 0, 3, 1, 4, 0, 0, 0, 4, 0, 0.5, 0, 0], [0, 0, 0, 0.01602834463119507, 0, 0, 8, 4, 11, 0, 0, 0, 0, 2, 1, 3, 0, 0, 0, 3, 0, 0.75, 0, 0], [0, 0, 0, 0.08633577823638916, 0, 0, 8, 4, 11, 0, 0, 0, 0, 1, 2, 7, 0, 0, 0, 3, 0, 0.6666666666666666, 0, 0], [0, 0, 0, 0.06163489818572998, 0, 0, 8, 4, 11, 0, 0, 0, 0, 2, 1, 5, 0, 0, 0, 3, 0, 0.8, 0, 0], [0, 0, 0, 0.013087630271911621, 0, 0, 8, 4, 11, 0, 0, 0, 0, 2, 1, 2, 0, 0, 0, 3, 0, 0.6666666666666666, 0, 0], [1, 0, 0, 0.19436687231063843, 0, 0, 8, 4, 11, 1, 0, 0, 0, 2, 1, 3, 0, 0, 0, 3, 0, 0.5, 0, 0], [1, 0, 0, 0.016202151775360107, 0, 0, 8, 13, 20, 1, 0, 0, 0, 8, 3, 1, 0, 0, 0, 12, 0, 0.6666666666666666, 0, 0], [0, 0, 0, 0.036333680152893066, 0, 0, 8, 4, 11, 0, 0, 0, 0, 1, 2, 5, 0, 0, 0, 3, 0, 0.6666666666666666, 0, 0], [0, 0, 0, 0.00784599781036377, 0, 0, 8, 13, 20, 0, 0, 0, 0, 9, 2, 1, 0, 0, 0, 12, 0, 0.5, 0, 0], [1, 0, 1, 0.0604475736618042, 1, 0, 8, 13, 20, 1, 0, 1, 1, 3, 9, 4, 0, 0, 0, 12, 1, 0.5, 0, 0], [0, 0, 0, 0.11366856098175049, 0, 0, 8, 13, 20, 0, 0, 0, 0, 10, 2, 3, 0, 0, 0, 12, 0, 0.6666666666666666, 0, 0], [0, 0, 0, 0.2809695303440094, 0, 0, 8, 3, 10, 0, 0, 0, 0, 1, 1, 4, 0, 0, 0, 2, 0, 0.5, 0, 0], [1, 0, 1, 0.0046517252922058105, 1, 0, 8, 10, 17, 1, 0, 1, 1, 2, 7, 2, 0, 0, 0, 9, 1, 0.75, 0, 0], [1, 0, 0, 0.006034553050994873, 0, 0, 8, 3, 10, 1, 0, 0, 0, 1, 1, 6, 0, 0, 0, 2, 0, 0.5, 0, 0], [1, 0, 1, 0.011293351650238037, 0, 0, 8, 4, 11, 1, 0, 1, 1, 2, 1, 7, 0, 0, 0, 3, 0, 0.5, 0, 0], [0, 0, 0, 0.02642214298248291, 0, 0, 8, 9, 16, 0, 0, 0, 0, 5, 2, 4, 0, 0, 0, 8, 0, 0.6153846153846154, 0, 0], [0, 0, 0, 0.015496313571929932, 0, 0, 8, 13, 20, 0, 0, 0, 0, 11, 1, 2, 0, 0, 0, 12, 0, 0.5, 0, 0], [0, 0, 0, 0.07711869478225708, 0, 0, 8, 4, 11, 0, 0, 0, 0, 2, 1, 4, 0, 0, 0, 3, 0, 0.5, 0, 0], [0, 0, 0, 0.00745236873626709, 0, 0, 8, 5, 12, 0, 0, 1, 0, 2, 2, 2, 0, 0, 0, 4, 0, 0.5, 0, 0], [0, 0, 0, 0.01736825704574585, 0, 0, 8, 3, 10, 0, 0, 0, 0, 1, 1, 3, 0, 0, 0, 2, 0, 0.5, 0, 0], [1, 0, 0, 0.07849058508872986, 0, 0, 8, 7, 14, 1, 0, 0, 0, 4, 2, 3, 0, 0, 0, 6, 1, 0.6666666666666666, 0, 0], [0, 0, 0, 0.21661269664764404, 0, 0, 8, 5, 12, 0, 0, 0, 0, 2, 2, 3, 0, 0, 0, 4, 0, 0.8888888888888888, 0, 0], [0, 0, 0, 0.04212045669555664, 0, 0, 8, 3, 10, 0, 0, 0, 0, 1, 1, 3, 0, 0, 0, 2, 0, 0.5, 0, 0], [1, 0, 1, 0.04184842109680176, 1, 0, 8, 6, 13, 1, 0, 1, 1, 3, 2, 5, 0, 0, 0, 5, 1, 0.5, 0, 0], [0, 0, 0, 0.1840587854385376, 0, 0, 8, 4, 11, 0, 0, 0, 0, 2, 1, 3, 0, 0, 0, 3, 0, 0.75, 0, 0], [0, 0, 0, 0.0141754150390625, 0, 0, 8, 5, 12, 0, 0, 0, 0, 3, 1, 5, 0, 0, 0, 4, 0, 0.5, 0, 0], [0, 0, 0, 0.032952845096588135, 0, 0, 8, 13, 20, 0, 0, 0, 0, 7, 5, 2, 0, 0, 0, 12, 0, 0.5, 0, 0], [1, 0, 0, 0.07789742946624756, 0, 0, 8, 3, 10, 1, 0, 0, 0, 1, 1, 3, 0, 0, 0, 2, 0, 0.8888888888888888, 0, 0], [1, 0, 1, 0.07432359457015991, 0, 1, 8, 3, 10, 1, 0, 0, 0, 1, 1, 4, 0, 0, 0, 2, 0, 0.5, 0, 0], [0, 0, 0, 0.13248664140701294, 0, 0, 8, 3, 10, 0, 0, 0, 0, 1, 1, 3, 0, 0, 0, 2, 0, 0.5, 0, 0], [0, 0, 0, 0.21689695119857788, 0, 0, 8, 3, 10, 0, 0, 0, 0, 1, 1, 3, 0, 0, 0, 2, 0, 0.5, 0, 0], [0, 0, 0, 0.001922309398651123, 0, 0, 8, 6, 13, 0, 0, 1, 0, 3, 2, 7, 0, 0, 0, 5, 0, 0.6666666666666666, 0, 0], [1, 0, 1, 0.00030690431594848633, 1, 0, 8, 8, 15, 1, 0, 1, 1, 2, 5, 6, 0, 0, 0, 7, 1, 0.9090909090909091, 0, 0], [0, 0, 0, 0.04037678241729736, 0, 0, 8, 8, 15, 0, 0, 0, 0, 6, 1, 1, 0, 0, 0, 7, 0, 0.16666666666666666, 0, 0], [0, 0, 0, 0.05552017688751221, 0, 0, 8, 3, 10, 0, 1, 0, 0, 1, 1, 5, 0, 0, 0, 2, 0, 0.5, 0, 0], [0, 0, 0, 0.0454707145690918, 0, 0, 8, 3, 10, 0, 0, 0, 0, 1, 1, 4, 0, 0, 0, 2, 0, 0.8888888888888888, 0, 0], [1, 0, 1, 0.10616272687911987, 0, 0, 8, 5, 12, 1, 0, 1, 0, 3, 1, 3, 0, 0, 0, 4, 0, 0.5, 0, 0], [1, 0, 0, 0.05219066143035889, 0, 0, 8, 13, 20, 1, 0, 1, 0, 6, 4, 1, 0, 0, 0, 12, 0, 0.6666666666666666, 0, 0], [1, 0, 0, 0.06862813234329224, 0, 0, 8, 3, 10, 1, 0, 0, 0, 1, 1, 4, 0, 0, 0, 2, 0, 0.5, 0, 0], [1, 0, 0, 0.11644637584686279, 0, 0, 8, 13, 20, 1, 0, 1, 0, 9, 3, 4, 0, 0, 0, 12, 1, 0.6666666666666666, 0, 0], [1, 0, 1, 0.13581383228302002, 1, 0, 8, 5, 12, 1, 0, 1, 1, 2, 2, 3, 0, 0, 0, 4, 1, 0.6666666666666666, 0, 0], [1, 0, 0, 0.028256773948669434, 1, 0, 8, 4, 11, 1, 0, 1, 0, 2, 1, 6, 0, 0, 0, 3, 1, 0.8, 0, 0], [0, 0, 0, 0.05830705165863037, 0, 0, 8, 4, 11, 0, 0, 0, 0, 2, 1, 5, 0, 0, 0, 3, 0, 0.5, 0, 0], [0, 0, 0, 0.05029439926147461, 0, 0, 8, 13, 20, 0, 0, 0, 0, 10, 2, 1, 0, 0, 0, 12, 0, 0.25, 0, 0], [0, 0, 0, 0.1980884075164795, 0, 0, 8, 11, 18, 0, 0, 0, 0, 8, 2, 4, 0, 0, 0, 10, 0, 0.5, 0, 0], [0, 0, 0, 0.18864285945892334, 0, 0, 8, 3, 10, 0, 0, 0, 0, 1, 1, 5, 0, 0, 0, 2, 0, 0.6666666666666666, 0, 0], [0, 0, 0, 0.058329105377197266, 0, 0, 8, 9, 16, 0, 0, 0, 0, 5, 2, 5, 0, 0, 0, 8, 0, 0.5, 0, 0], [1, 0, 0, 0.15724092721939087, 0, 0, 4, 3, 6, 1, 0, 0, 0, 1, 1, 3, 0, 0, 0, 2, 0, 0.6666666666666666, 0, 0], [0, 0, 0, 0.007320225238800049, 0, 0, 8, 5, 12, 0, 0, 1, 0, 3, 1, 2, 0, 0, 0, 4, 0, 0.5, 0, 0], [0, 0, 0, 0.03402602672576904, 0, 0, 8, 4, 11, 0, 0, 0, 0, 2, 1, 4, 0, 0, 0, 3, 0, 0.5, 0, 0], [0, 0, 0, 0.020440399646759033, 0, 0, 8, 13, 20, 0, 0, 0, 0, 11, 1, 1, 0, 0, 0, 12, 0, 0.5, 0, 0], [1, 0, 1, 0.073874831199646, 0, 0, 8, 5, 12, 1, 0, 1, 0, 3, 1, 4, 0, 0, 0, 4, 0, 0.5, 0, 0], [0, 0, 0, 0.16250371932983398, 0, 0, 8, 10, 17, 0, 0, 0, 0, 7, 2, 5, 0, 0, 0, 9, 0, 0.625, 0, 0], [0, 0, 0, 0.03442084789276123, 0, 0, 8, 4, 11, 0, 0, 0, 0, 2, 1, 4, 0, 0, 0, 3, 0, 0.5, 0, 0], [0, 0, 0, 0.02106499671936035, 0, 0, 8, 7, 14, 0, 0, 0, 0, 3, 2, 1, 0, 0, 0, 6, 0, 0.6, 0, 0], [1, 0, 0, 0.17943048477172852, 0, 1, 8, 7, 14, 1, 0, 0, 0, 2, 3, 5, 0, 0, 0, 6, 0, 0.6666666666666666, 0, 0], [0, 0, 0, 0.02507549524307251, 0, 0, 4, 3, 6, 1, 0, 0, 0, 1, 1, 3, 0, 0, 0, 2, 0, 0.8, 0, 0], [1, 0, 1, 0.0032663941383361816, 0, 0, 8, 13, 20, 1, 0, 1, 1, 4, 6, 2, 0, 0, 0, 12, 1, 0.6666666666666666, 0, 0], [0, 0, 0, 0.04390609264373779, 0, 0, 8, 8, 15, 0, 0, 0, 0, 5, 2, 2, 0, 0, 0, 7, 0, 0.5, 0, 0], [1, 0, 0, 0.05571240186691284, 0, 0, 8, 3, 10, 1, 0, 0, 0, 1, 1, 5, 0, 0, 0, 2, 0, 0.6666666666666666, 0, 0], [1, 0, 1, 0.056876540184020996, 0, 0, 8, 12, 19, 1, 0, 1, 0, 10, 1, 2, 0, 0, 0, 11, 0, 0.6666666666666666, 0, 0], [1, 0, 1, 0.14236506819725037, 1, 0, 8, 5, 12, 1, 0, 1, 0, 3, 1, 3, 0, 0, 0, 4, 1, 0.6, 0, 0], [0, 0, 0, 0.4003447890281677, 0, 0, 8, 3, 10, 0, 0, 0, 0, 1, 1, 3, 0, 0, 0, 2, 0, 0.5, 0, 0], [1, 0, 1, 0.10024261474609375, 1, 0, 4, 8, 11, 1, 0, 1, 1, 3, 4, 3, 0, 0, 0, 7, 1, 0.6666666666666666, 0, 0], [0, 0, 0, 0.13732033967971802, 0, 0, 8, 3, 10, 0, 0, 0, 0, 1, 1, 5, 0, 0, 0, 2, 0, 0.75, 0, 0], [1, 0, 1, 0.43288469314575195, 1, 0, 8, 7, 14, 1, 0, 1, 1, 3, 3, 4, 0, 0, 0, 6, 1, 0.6666666666666666, 0, 0], [0, 0, 0, 0.0010532140731811523, 0, 0, 8, 7, 14, 0, 0, 0, 0, 4, 2, 4, 0, 0, 0, 6, 0, 0.6666666666666666, 0, 0], [1, 0, 0, 0.06639134883880615, 0, 0, 5, 3, 7, 1, 0, 0, 0, 1, 1, 3, 0, 0, 0, 2, 0, 0.7142857142857143, 0, 0], [1, 0, 0, 0.05219066143035889, 0, 0, 8, 13, 20, 1, 0, 1, 0, 8, 4, 1, 0, 0, 0, 12, 0, 0.6666666666666666, 0, 0], [0, 0, 0, 0.04494920372962952, 0, 0, 8, 7, 14, 0, 0, 0, 0, 4, 2, 3, 0, 0, 0, 6, 0, 0.5, 0, 0], [0, 0, 0, 0.02131330966949463, 0, 0, 8, 7, 14, 0, 0, 0, 0, 2, 4, 4, 0, 0, 0, 6, 0, 0.75, 0, 0], [0, 0, 0, 0.0019214153289794922, 0, 0, 8, 13, 20, 0, 0, 1, 0, 10, 2, 1, 0, 0, 0, 12, 0, 0.25, 0, 0], [0, 0, 0, 0.011196613311767578, 0, 0, 8, 12, 19, 0, 0, 0, 0, 8, 3, 3, 0, 0, 0, 11, 0, 0.8888888888888888, 0, 0], [0, 0, 0, 0.06545412540435791, 0, 0, 8, 3, 10, 0, 0, 0, 0, 1, 1, 6, 0, 0, 0, 2, 0, 0.75, 0, 0], [0, 0, 0, 0.017758846282958984, 0, 0, 6, 3, 8, 0, 0, 0, 0, 1, 1, 5, 0, 0, 0, 2, 0, 0.5, 0, 0], [0, 0, 0, 0.0, 0, 0, 8, 6, 13, 0, 0, 0, 0, 1, 4, 6, 0, 0, 0, 5, 0, 0.6666666666666666, 0, 0], [1, 0, 0, 0.04473787546157837, 1, 0, 7, 4, 10, 1, 0, 0, 0, 1, 2, 6, 0, 0, 0, 3, 1, 0.5, 0, 0], [1, 0, 0, 0.0402262806892395, 0, 0, 8, 9, 16, 1, 0, 1, 0, 6, 2, 5, 0, 0, 0, 8, 0, 0.7857142857142857, 0, 0], [0, 0, 0, 0.0006402134895324707, 0, 0, 8, 3, 10, 0, 0, 0, 0, 1, 1, 5, 0, 0, 0, 2, 0, 0.5, 0, 0], [0, 0, 0, 0.039073646068573, 0, 0, 8, 4, 11, 0, 0, 0, 0, 2, 1, 3, 0, 0, 0, 3, 0, 0.75, 0, 0], [0, 0, 0, 0.027797162532806396, 0, 0, 8, 7, 14, 0, 0, 0, 0, 5, 1, 4, 0, 0, 0, 6, 0, 0.5, 0, 0], [0, 0, 0, 0.008052289485931396, 0, 0, 8, 3, 10, 0, 0, 0, 0, 1, 1, 4, 0, 0, 0, 2, 0, 0.5, 0, 0], [0, 0, 0, 0.01721632480621338, 0, 0, 8, 12, 19, 0, 0, 0, 0, 9, 2, 2, 0, 0, 0, 11, 0, 0.6666666666666666, 0, 0], [0, 0, 0, 0.010092854499816895, 0, 0, 8, 4, 11, 0, 0, 0, 0, 2, 1, 6, 0, 0, 0, 3, 0, 0.75, 0, 0], [1, 0, 1, 0.3376036584377289, 1, 1, 8, 3, 10, 1, 0, 0, 0, 1, 1, 5, 0, 0, 0, 2, 0, 0.6666666666666666, 0, 0], [1, 0, 0, 0.0002932548522949219, 0, 0, 8, 7, 14, 1, 0, 0, 0, 5, 1, 2, 0, 0, 0, 6, 1, 0.5, 0, 0], [0, 0, 0, 0.06412237882614136, 0, 0, 8, 7, 14, 0, 0, 1, 0, 4, 2, 6, 0, 0, 0, 6, 0, 0.6666666666666666, 0, 0], [0, 0, 0, 0.02382582426071167, 0, 0, 8, 6, 13, 0, 0, 0, 0, 1, 4, 4, 0, 0, 0, 5, 0, 0.9, 0, 0], [0, 0, 0, 0.01454770565032959, 0, 0, 8, 13, 20, 0, 0, 0, 0, 9, 2, 1, 0, 0, 0, 12, 0, 0.25, 0, 0], [1, 0, 1, 0.061533570289611816, 1, 0, 8, 13, 20, 1, 0, 1, 1, 5, 4, 1, 0, 0, 0, 12, 1, 0.6666666666666666, 0, 0], [0, 0, 0, 0.0, 0, 0, 8, 3, 10, 0, 0, 0, 0, 1, 1, 6, 0, 0, 0, 2, 0, 0.8, 0, 0], [1, 0, 0, 0.03596821427345276, 0, 0, 8, 7, 14, 1, 0, 1, 1, 5, 1, 4, 0, 0, 0, 6, 0, 0.5, 0, 0], [1, 0, 1, 0.0046517252922058105, 1, 0, 8, 10, 17, 1, 0, 1, 1, 2, 7, 2, 0, 0, 0, 9, 1, 0.75, 0, 0], [1, 0, 0, 0.03196704387664795, 1, 0, 8, 13, 20, 1, 0, 1, 0, 7, 3, 6, 0, 0, 0, 12, 0, 0.8888888888888888, 0, 0], [0, 0, 0, 0.021026909351348877, 0, 0, 8, 13, 20, 0, 0, 0, 0, 6, 6, 6, 0, 0, 0, 12, 0, 0.9, 0, 0], [1, 0, 1, 0.04610276222229004, 1, 0, 8, 9, 16, 1, 0, 1, 1, 3, 4, 3, 0, 0, 0, 8, 1, 0.6666666666666666, 0, 0], [0, 0, 0, 0.0057141780853271484, 0, 0, 8, 3, 10, 0, 0, 0, 0, 1, 1, 4, 0, 0, 0, 2, 0, 0.5, 0, 0], [0, 0, 0, 0.009335875511169434, 0, 0, 8, 13, 20, 0, 0, 0, 0, 7, 4, 2, 0, 0, 0, 12, 0, 0.9, 0, 0], [1, 0, 1, 0.03328067064285278, 1, 0, 8, 13, 20, 1, 0, 1, 1, 1, 11, 6, 0, 0, 0, 12, 1, 0.6666666666666666, 0, 0], [1, 0, 0, 0.0, 0, 0, 3, 5, 7, 1, 0, 1, 0, 3, 1, 2, 0, 0, 0, 4, 0, 0.6666666666666666, 0, 0], [0, 0, 0, 0.04805213212966919, 0, 0, 8, 3, 10, 0, 0, 0, 0, 1, 1, 5, 0, 0, 0, 2, 0, 0.5, 0, 0], [0, 0, 0, 0.03671896457672119, 0, 0, 8, 4, 11, 0, 0, 0, 0, 2, 1, 3, 0, 0, 0, 3, 0, 0.5, 0, 0], [0, 0, 0, 0.02382570505142212, 0, 0, 8, 3, 10, 0, 0, 0, 0, 1, 1, 5, 0, 0, 0, 2, 0, 0.9, 0, 0], [0, 0, 1, 0.11741095781326294, 0, 0, 8, 4, 11, 0, 0, 1, 1, 2, 1, 5, 0, 0, 0, 3, 0, 0.5, 0, 0], [0, 0, 0, 0.1101410984992981, 0, 0, 8, 13, 20, 0, 0, 0, 0, 10, 2, 3, 0, 0, 0, 12, 0, 0.6666666666666666, 0, 0], [0, 0, 0, 0.007876694202423096, 0, 0, 8, 13, 20, 0, 0, 0, 0, 9, 3, 1, 0, 0, 0, 12, 0, 0.5, 0, 0], [1, 0, 1, 0.002713620662689209, 1, 0, 8, 5, 12, 1, 0, 1, 1, 2, 2, 6, 0, 0, 0, 4, 1, 0.9090909090909091, 0, 0], [0, 0, 0, 0.04547083377838135, 0, 0, 8, 3, 10, 0, 0, 0, 0, 1, 1, 4, 0, 0, 0, 2, 0, 0.8888888888888888, 0, 0], [0, 0, 0, 0.03435659408569336, 0, 0, 8, 13, 20, 0, 0, 0, 0, 6, 3, 2, 0, 0, 0, 12, 0, 0.5, 0, 0], [0, 0, 0, 0.015084415674209595, 0, 0, 8, 3, 10, 0, 0, 0, 0, 1, 1, 4, 0, 0, 0, 2, 0, 0.5, 0, 0], [1, 0, 0, 0.05235874652862549, 0, 0, 8, 5, 12, 1, 0, 1, 0, 3, 1, 6, 0, 0, 0, 4, 0, 0.75, 0, 0], [0, 0, 0, 0.09429758787155151, 0, 0, 8, 6, 13, 0, 0, 0, 0, 4, 1, 4, 0, 0, 0, 5, 0, 0.5, 0, 0], [0, 0, 0, 0.0321614146232605, 0, 0, 8, 13, 20, 0, 0, 1, 0, 10, 2, 2, 0, 0, 0, 12, 0, 0.5, 0, 0], [0, 0, 0, 0.02887803316116333, 0, 0, 8, 5, 12, 0, 0, 0, 0, 3, 1, 6, 0, 0, 0, 4, 0, 0.6666666666666666, 0, 0], [0, 0, 0, 0.07165765762329102, 0, 0, 8, 4, 11, 0, 0, 0, 0, 2, 1, 3, 0, 0, 0, 3, 0, 0.5, 0, 0], [0, 0, 0, 0.14009767770767212, 0, 0, 8, 3, 10, 0, 0, 0, 0, 1, 1, 5, 0, 0, 0, 2, 0, 0.75, 0, 0], [0, 0, 0, 0.048371821641922, 0, 0, 8, 12, 19, 0, 0, 0, 0, 9, 2, 1, 0, 0, 0, 11, 0, 0.6666666666666666, 0, 0], [0, 0, 0, 0.05352550745010376, 0, 0, 8, 5, 12, 0, 0, 0, 0, 3, 1, 3, 0, 0, 0, 4, 0, 0.5, 0, 0], [0, 0, 0, 0.01364809274673462, 0, 0, 8, 4, 11, 0, 0, 0, 0, 2, 1, 4, 0, 0, 0, 3, 0, 0.6666666666666666, 0, 0], [0, 0, 0, 0.02097901701927185, 0, 0, 8, 3, 10, 0, 0, 0, 0, 1, 1, 6, 0, 0, 0, 2, 0, 0.6, 0, 0], [0, 0, 0, 0.0009812712669372559, 0, 0, 8, 3, 10, 0, 0, 0, 0, 1, 1, 3, 0, 0, 0, 2, 0, 0.5, 0, 0], [0, 0, 0, 0.07914534211158752, 0, 0, 8, 5, 12, 0, 0, 0, 0, 3, 1, 2, 0, 0, 0, 4, 0, 0.5, 0, 0], [0, 0, 0, 0.09549587965011597, 0, 0, 8, 5, 12, 0, 0, 0, 0, 2, 2, 3, 0, 0, 0, 4, 0, 0.5, 0, 0], [1, 0, 1, 0.008193731307983398, 1, 0, 8, 10, 17, 1, 0, 1, 1, 2, 7, 6, 0, 0, 0, 9, 1, 0.9090909090909091, 0, 0], [0, 0, 0, 0.049654603004455566, 0, 0, 8, 13, 20, 0, 0, 0, 0, 11, 1, 3, 0, 0, 0, 12, 0, 0.5, 0, 0], [1, 0, 0, 0.0026421844959259033, 0, 0, 8, 13, 20, 1, 0, 0, 0, 10, 2, 1, 0, 0, 0, 12, 0, 0.5, 0, 0], [0, 0, 0, 0.006226539611816406, 0, 0, 8, 13, 20, 0, 0, 1, 0, 9, 2, 2, 0, 0, 0, 12, 0, 0.5, 0, 0], [0, 0, 0, 0.026504099369049072, 0, 0, 8, 13, 20, 0, 0, 0, 0, 9, 2, 6, 0, 0, 0, 12, 0, 0.8, 0, 0], [0, 0, 0, 0.09200155735015869, 0, 0, 8, 3, 10, 0, 0, 0, 0, 1, 1, 6, 0, 0, 0, 2, 0, 0.5, 0, 0], [1, 0, 1, 0.006348669528961182, 0, 0, 8, 13, 20, 1, 0, 1, 1, 5, 7, 5, 0, 0, 0, 12, 0, 0.5, 0, 0], [0, 0, 0, 0.011347830295562744, 0, 0, 8, 13, 20, 0, 0, 0, 0, 7, 5, 1, 0, 0, 0, 12, 0, 0.9, 0, 0], [0, 0, 0, 0.14725357294082642, 0, 0, 8, 3, 10, 0, 0, 0, 0, 1, 1, 4, 0, 0, 0, 2, 0, 0.5, 0, 0], [1, 0, 0, 0.0, 0, 0, 5, 7, 11, 1, 0, 0, 0, 4, 2, 4, 0, 0, 0, 6, 0, 0.8, 0, 0], [0, 0, 0, 0.06545406579971313, 0, 0, 8, 3, 10, 0, 0, 0, 0, 1, 1, 6, 0, 0, 0, 2, 0, 0.75, 0, 0], [0, 0, 0, 0.036085277795791626, 0, 0, 8, 3, 10, 0, 0, 0, 0, 1, 1, 2, 0, 0, 0, 2, 0, 0.6, 0, 0], [1, 0, 0, 0.36862584948539734, 0, 0, 8, 3, 10, 1, 0, 0, 0, 1, 1, 5, 0, 0, 0, 2, 0, 0.6666666666666666, 0, 0], [0, 0, 0, 0.009298920631408691, 0, 0, 8, 13, 20, 0, 0, 0, 0, 10, 2, 1, 0, 0, 0, 12, 0, 0.5, 0, 0], [0, 0, 0, 0.10650753974914551, 0, 0, 8, 3, 10, 0, 0, 0, 0, 1, 1, 3, 0, 0, 0, 2, 0, 0.6666666666666666, 0, 0], [0, 0, 0, 0.12919527292251587, 0, 0, 8, 3, 10, 0, 0, 0, 0, 1, 1, 4, 0, 0, 0, 2, 0, 0.8888888888888888, 0, 0], [1, 0, 1, 0.05912381410598755, 1, 0, 8, 9, 16, 1, 0, 1, 1, 5, 3, 3, 0, 0, 0, 8, 1, 0.6666666666666666, 0, 0], [0, 0, 0, 0.1382787823677063, 0, 0, 8, 4, 11, 0, 0, 0, 0, 1, 2, 3, 0, 0, 0, 3, 0, 0.5, 0, 0], [0, 0, 0, 0.009890884160995483, 0, 0, 8, 3, 10, 0, 0, 0, 0, 1, 1, 1, 0, 0, 0, 2, 0, 0.2222222222222222, 0, 0], [0, 0, 0, 0.004556894302368164, 0, 0, 8, 3, 10, 0, 0, 0, 0, 1, 1, 5, 0, 0, 0, 2, 0, 0.5, 0, 0], [0, 0, 0, 0.010498642921447754, 0, 0, 8, 3, 10, 0, 0, 0, 0, 1, 1, 3, 0, 0, 0, 2, 0, 0.5, 0, 0], [0, 0, 0, 0.14129036664962769, 0, 0, 8, 4, 11, 0, 0, 0, 0, 2, 1, 4, 0, 0, 0, 3, 0, 0.5, 0, 0], [0, 0, 0, 0.024593710899353027, 0, 0, 8, 13, 20, 0, 0, 0, 0, 10, 2, 2, 0, 0, 0, 12, 0, 0.5, 0, 0], [0, 0, 0, 0.09282851219177246, 0, 0, 8, 3, 10, 0, 0, 0, 0, 1, 1, 5, 0, 0, 0, 2, 0, 0.8888888888888888, 0, 0], [0, 0, 0, 0.005204260349273682, 0, 0, 8, 3, 10, 0, 0, 0, 0, 1, 1, 5, 0, 0, 0, 2, 0, 0.5, 0, 0], [0, 0, 0, 0.17463809251785278, 0, 0, 8, 3, 10, 0, 0, 0, 0, 1, 1, 6, 0, 0, 0, 2, 0, 0.6666666666666666, 0, 0], [0, 0, 0, 0.10882914066314697, 0, 0, 8, 3, 10, 0, 0, 0, 0, 1, 1, 3, 0, 0, 0, 2, 0, 0.5, 0, 0], [0, 0, 0, 0.07527494430541992, 0, 0, 8, 13, 20, 0, 0, 0, 0, 7, 3, 7, 0, 0, 0, 12, 0, 0.6666666666666666, 0, 0], [1, 0, 0, 0.055712342262268066, 0, 0, 8, 3, 10, 1, 0, 0, 0, 1, 1, 5, 0, 0, 0, 2, 0, 0.6666666666666666, 0, 0], [0, 0, 0, 0.17990851402282715, 0, 0, 8, 3, 10, 0, 0, 0, 0, 1, 1, 4, 0, 0, 0, 2, 0, 0.5, 0, 0], [0, 0, 0, 0.049654603004455566, 0, 0, 8, 13, 20, 0, 0, 1, 0, 11, 1, 3, 0, 0, 0, 12, 0, 0.5, 0, 0], [1, 0, 0, 0.13573169708251953, 1, 0, 8, 13, 20, 1, 0, 1, 0, 4, 4, 2, 0, 0, 0, 12, 1, 0.6666666666666666, 0, 0], [0, 0, 0, 0.16709363460540771, 0, 0, 8, 3, 10, 0, 0, 0, 0, 1, 1, 4, 0, 0, 0, 2, 0, 0.5, 0, 0], [1, 0, 0, 0.05348330736160278, 0, 0, 8, 5, 12, 1, 0, 0, 0, 2, 2, 4, 0, 0, 0, 4, 0, 0.8888888888888888, 0, 0], [0, 0, 0, 0.023825764656066895, 0, 0, 8, 3, 10, 0, 0, 0, 0, 1, 1, 5, 0, 0, 0, 2, 0, 0.9, 0, 0], [0, 0, 0, 0.0, 0, 0, 4, 7, 10, 0, 0, 0, 0, 4, 2, 3, 0, 0, 0, 6, 0, 0.6666666666666666, 0, 0], [0, 0, 0, 0.005557894706726074, 0, 0, 8, 4, 11, 0, 0, 0, 0, 2, 1, 4, 0, 0, 0, 3, 0, 0.5, 0, 0], [0, 0, 0, 0.0321614146232605, 0, 0, 8, 13, 20, 0, 0, 1, 0, 9, 2, 2, 0, 0, 0, 12, 0, 0.5, 0, 0], [0, 0, 0, 0.0664907693862915, 0, 0, 8, 5, 12, 0, 0, 0, 0, 2, 2, 7, 0, 0, 0, 4, 0, 0.75, 0, 0], [0, 0, 0, 0.002530336380004883, 0, 0, 8, 13, 20, 0, 0, 0, 0, 11, 1, 2, 0, 0, 0, 12, 0, 0.5, 0, 0], [0, 0, 0, 0.05790811777114868, 0, 0, 8, 3, 10, 0, 0, 0, 0, 1, 1, 6, 0, 0, 0, 2, 0, 0.8, 0, 0], [0, 0, 0, 0.016968369483947754, 0, 0, 8, 4, 11, 0, 0, 0, 0, 2, 1, 6, 0, 0, 0, 3, 0, 0.6666666666666666, 0, 0], [1, 0, 1, 0.03920900821685791, 1, 1, 8, 3, 10, 1, 0, 0, 0, 1, 1, 4, 0, 0, 0, 2, 1, 0.5, 0, 0], [1, 0, 0, 0.03433102369308472, 0, 0, 8, 4, 11, 1, 0, 1, 0, 2, 1, 6, 0, 0, 0, 3, 0, 0.6666666666666666, 0, 0], [0, 0, 0, 0.12824302911758423, 0, 0, 8, 13, 20, 0, 0, 0, 0, 11, 1, 3, 0, 0, 0, 12, 0, 0.6666666666666666, 0, 0], [0, 0, 0, 0.02990269660949707, 0, 0, 8, 13, 20, 0, 0, 0, 0, 9, 3, 2, 0, 0, 0, 12, 0, 0.5, 0, 0], [0, 0, 0, 0.0031657814979553223, 0, 0, 8, 13, 20, 0, 0, 0, 0, 11, 1, 1, 0, 0, 0, 12, 0, 0.2, 0, 0], [1, 0, 0, 0.025075554847717285, 0, 0, 7, 3, 9, 1, 0, 0, 0, 1, 1, 4, 0, 0, 0, 2, 0, 0.8, 0, 0], [0, 0, 0, 0.13819974660873413, 0, 0, 8, 3, 10, 0, 0, 0, 0, 1, 1, 3, 0, 0, 0, 2, 0, 0.5, 0, 0], [0, 0, 0, 0.0071146488189697266, 0, 0, 8, 11, 18, 0, 0, 0, 0, 1, 9, 3, 0, 0, 0, 10, 0, 0.8333333333333334, 0, 0], [0, 0, 0, 0.08511924743652344, 0, 0, 8, 8, 15, 0, 0, 0, 0, 5, 2, 3, 0, 0, 0, 7, 0, 0.6666666666666666, 0, 0], [0, 0, 0, 0.000933229923248291, 0, 0, 8, 13, 20, 0, 0, 0, 0, 10, 2, 1, 0, 0, 0, 12, 0, 0.25, 0, 0], [0, 0, 0, 0.10629129409790039, 0, 0, 8, 3, 10, 0, 0, 0, 0, 1, 1, 5, 0, 0, 0, 2, 0, 0.5, 0, 0], [1, 0, 0, 0.09282845258712769, 0, 0, 8, 3, 10, 1, 0, 0, 0, 1, 1, 5, 0, 0, 0, 2, 0, 0.8888888888888888, 0, 0], [1, 0, 1, 0.03733170032501221, 1, 0, 8, 10, 17, 1, 0, 1, 1, 2, 7, 3, 0, 0, 0, 9, 1, 0.625, 0, 0], [0, 0, 0, 0.07650613784790039, 0, 0, 8, 4, 11, 0, 0, 0, 0, 2, 1, 2, 0, 0, 0, 3, 0, 0.5, 0, 0], [0, 0, 0, 0.031511783599853516, 0, 0, 8, 7, 14, 0, 0, 0, 0, 4, 2, 3, 0, 0, 0, 6, 0, 0.5, 0, 0], [1, 0, 0, 0.2343209981918335, 0, 0, 8, 3, 10, 1, 0, 0, 0, 1, 1, 5, 0, 0, 0, 2, 0, 0.5, 0, 0], [0, 0, 0, 0.004104942083358765, 0, 0, 8, 3, 10, 0, 0, 0, 0, 1, 1, 3, 0, 0, 0, 2, 0, 0.5, 0, 0], [0, 0, 0, 0.01873248815536499, 0, 0, 8, 13, 20, 0, 0, 1, 0, 11, 1, 7, 0, 0, 0, 12, 0, 0.8, 0, 0], [0, 0, 0, 0.0038496553897857666, 0, 0, 8, 10, 17, 0, 0, 0, 0, 7, 2, 2, 0, 0, 0, 9, 0, 0.6666666666666666, 0, 0], [0, 0, 0, 0.023669421672821045, 0, 0, 8, 5, 12, 0, 0, 0, 0, 3, 1, 4, 0, 0, 0, 4, 0, 0.5, 0, 0], [0, 0, 0, 0.03966277837753296, 0, 0, 8, 8, 15, 0, 0, 0, 0, 5, 2, 4, 0, 0, 0, 7, 0, 0.75, 0, 0], [1, 0, 0, 0.16350668668746948, 0, 0, 6, 9, 14, 1, 0, 1, 0, 6, 2, 4, 0, 0, 0, 8, 0, 0.5, 0, 0], [0, 0, 0, 0.003977656364440918, 0, 0, 8, 13, 20, 0, 0, 0, 0, 11, 1, 1, 0, 0, 0, 12, 0, 0.5, 0, 0], [1, 0, 0, 0.05355477333068848, 0, 0, 6, 4, 9, 1, 0, 1, 0, 2, 1, 5, 0, 0, 0, 3, 1, 0.6666666666666666, 0, 0], [0, 0, 0, 0.1050233244895935, 0, 0, 8, 5, 12, 0, 0, 0, 0, 3, 1, 4, 0, 0, 0, 4, 0, 0.5, 0, 0], [0, 0, 0, 0.20759367942810059, 0, 0, 8, 3, 10, 0, 0, 0, 0, 1, 1, 3, 0, 0, 0, 2, 0, 0.7142857142857143, 0, 0], [0, 0, 0, 0.0015856027603149414, 0, 0, 8, 4, 11, 0, 0, 0, 0, 2, 1, 4, 0, 0, 0, 3, 0, 0.5, 0, 0], [1, 0, 0, 0.04048645496368408, 0, 0, 8, 3, 10, 1, 0, 0, 0, 1, 1, 2, 0, 0, 0, 2, 1, 0.5, 0, 0], [0, 0, 0, 0.24848482012748718, 0, 0, 8, 4, 11, 0, 0, 0, 0, 2, 1, 4, 0, 0, 0, 3, 0, 0.5, 0, 0], [0, 0, 0, 0.48317474126815796, 0, 0, 8, 3, 10, 0, 0, 0, 0, 1, 1, 4, 0, 0, 0, 2, 0, 0.6666666666666666, 0, 0], [1, 0, 1, 0.1611509919166565, 0, 0, 8, 10, 17, 1, 0, 1, 0, 4, 3, 4, 0, 0, 0, 9, 1, 0.8888888888888888, 0, 0], [0, 0, 0, 0.3039741516113281, 0, 0, 8, 3, 10, 0, 0, 0, 0, 1, 1, 3, 0, 0, 0, 2, 0, 0.5, 0, 0], [0, 0, 0, 0.002835690975189209, 0, 0, 8, 13, 20, 0, 0, 0, 0, 9, 2, 1, 0, 0, 0, 12, 0, 0.5, 0, 0], [1, 0, 0, 0.0345730185508728, 0, 0, 8, 13, 20, 1, 0, 1, 0, 2, 9, 6, 0, 0, 0, 12, 0, 0.6666666666666666, 0, 0], [1, 0, 0, 0.11014246940612793, 0, 0, 8, 13, 20, 1, 0, 1, 0, 5, 6, 5, 0, 0, 0, 12, 0, 0.6666666666666666, 0, 0], [1, 0, 0, 0.06199920177459717, 0, 0, 8, 4, 11, 1, 1, 1, 0, 2, 1, 3, 0, 0, 0, 3, 0, 0.6666666666666666, 0, 0], [1, 0, 1, 0.061533570289611816, 1, 0, 8, 13, 20, 1, 0, 1, 1, 7, 5, 1, 0, 0, 0, 12, 1, 0.6666666666666666, 0, 0], [0, 0, 0, 0.10000836849212646, 0, 0, 8, 4, 11, 0, 0, 0, 0, 2, 1, 3, 0, 0, 0, 3, 0, 0.5, 0, 0], [0, 0, 0, 0.0601123571395874, 0, 0, 8, 13, 20, 0, 0, 0, 0, 9, 2, 1, 0, 0, 0, 12, 0, 0.25, 0, 0], [0, 0, 0, 0.10759121179580688, 0, 0, 8, 10, 17, 0, 0, 1, 0, 8, 1, 1, 0, 0, 0, 9, 0, 0.6666666666666666, 0, 0], [1, 0, 0, 0.041211873292922974, 1, 0, 8, 5, 12, 1, 0, 1, 0, 3, 1, 4, 0, 0, 0, 4, 1, 0.5, 0, 0], [0, 0, 0, 0.021027803421020508, 0, 0, 8, 5, 12, 0, 0, 0, 0, 3, 1, 3, 0, 0, 0, 4, 0, 0.6666666666666666, 0, 0], [0, 0, 0, 0.00920608639717102, 0, 0, 8, 13, 20, 0, 0, 0, 0, 9, 2, 1, 0, 0, 0, 12, 0, 0.5, 0, 0], [0, 0, 0, 0.2280237078666687, 0, 0, 8, 4, 11, 0, 0, 0, 0, 2, 1, 4, 0, 0, 0, 3, 0, 0.5, 0, 0], [0, 0, 0, 0.047492265701293945, 0, 0, 8, 7, 14, 0, 0, 0, 0, 3, 2, 4, 0, 0, 0, 6, 0, 0.5, 0, 0], [1, 0, 0, 0.03899592161178589, 0, 0, 8, 4, 11, 1, 0, 0, 0, 2, 1, 5, 0, 0, 0, 3, 0, 0.6666666666666666, 0, 0], [0, 0, 0, 0.023208439350128174, 0, 0, 8, 13, 20, 0, 0, 0, 0, 10, 2, 6, 0, 0, 0, 12, 0, 0.8, 0, 0], [1, 0, 0, 0.08346754312515259, 0, 0, 6, 4, 9, 1, 0, 0, 0, 2, 1, 5, 0, 0, 0, 3, 0, 0.75, 0, 0], [0, 0, 0, 0.03047245740890503, 0, 0, 8, 12, 19, 0, 0, 1, 0, 9, 2, 3, 0, 0, 0, 11, 0, 0.6666666666666666, 0, 0], [1, 0, 1, 0.03328067064285278, 1, 0, 8, 13, 20, 1, 0, 1, 1, 2, 10, 6, 0, 0, 0, 12, 1, 0.6666666666666666, 0, 0], [1, 0, 0, 0.06461948156356812, 0, 0, 8, 3, 10, 1, 0, 0, 0, 1, 1, 1, 0, 0, 0, 2, 0, 0.16666666666666666, 0, 0], [0, 0, 0, 0.03790771961212158, 0, 0, 8, 4, 11, 0, 0, 0, 0, 2, 1, 4, 0, 0, 0, 3, 0, 0.5, 0, 0], [0, 0, 0, 0.0773109495639801, 0, 0, 8, 3, 10, 0, 0, 0, 0, 1, 1, 3, 0, 0, 0, 2, 0, 0.5, 0, 0], [1, 0, 1, 0.052385151386260986, 0, 1, 7, 3, 9, 1, 0, 0, 0, 1, 1, 5, 0, 0, 0, 2, 0, 0.5, 0, 0], [0, 0, 0, 0.035248756408691406, 0, 0, 8, 13, 20, 0, 0, 0, 0, 9, 3, 2, 0, 0, 0, 12, 0, 0.5, 0, 0], [0, 0, 0, 0.04395872354507446, 0, 0, 8, 4, 11, 0, 0, 0, 0, 2, 1, 2, 0, 0, 0, 3, 0, 0.5, 0, 0], [0, 0, 0, 0.0027094781398773193, 0, 0, 8, 5, 12, 0, 0, 0, 0, 3, 1, 2, 0, 0, 0, 4, 0, 0.5, 0, 0], [0, 0, 0, 0.035343706607818604, 0, 0, 8, 3, 10, 0, 0, 0, 0, 1, 1, 6, 0, 0, 0, 2, 0, 0.8, 0, 0], [0, 0, 0, 0.28446492552757263, 0, 0, 8, 5, 12, 0, 0, 0, 0, 3, 1, 4, 0, 0, 0, 4, 0, 0.5, 0, 0], [1, 0, 1, 0.050006747245788574, 1, 0, 8, 5, 12, 1, 0, 1, 1, 2, 2, 6, 0, 0, 0, 4, 1, 0.5, 0, 0], [0, 0, 0, 0.03877323865890503, 0, 0, 8, 3, 10, 0, 0, 0, 0, 1, 1, 5, 0, 0, 0, 2, 0, 0.5, 0, 0], [1, 0, 0, 0.0, 0, 0, 8, 5, 12, 1, 0, 1, 1, 3, 1, 3, 0, 0, 0, 4, 0, 0.6666666666666666, 0, 0], [1, 0, 0, 0.06748759746551514, 0, 0, 8, 13, 20, 1, 0, 0, 0, 8, 3, 2, 0, 0, 0, 12, 0, 0.5, 0, 0], [1, 0, 0, 0.1688305139541626, 0, 0, 8, 3, 10, 1, 0, 0, 0, 1, 1, 6, 0, 0, 0, 2, 0, 0.6666666666666666, 0, 0], [1, 0, 0, 0.015335321426391602, 0, 0, 8, 11, 18, 1, 0, 1, 0, 7, 3, 4, 0, 0, 0, 10, 0, 0.6666666666666666, 0, 0], [0, 0, 0, 0.026504099369049072, 0, 0, 8, 13, 20, 0, 0, 1, 0, 9, 3, 6, 0, 0, 0, 12, 0, 0.8, 0, 0], [1, 0, 0, 0.0251007080078125, 0, 0, 8, 13, 20, 1, 0, 1, 0, 8, 3, 1, 0, 0, 0, 12, 0, 0.6666666666666666, 0, 0], [0, 0, 0, 0.027839720249176025, 0, 0, 8, 5, 12, 0, 0, 0, 0, 3, 1, 5, 0, 0, 0, 4, 0, 0.5, 0, 0], [1, 0, 0, 0.21041589975357056, 0, 0, 8, 4, 11, 1, 0, 0, 0, 1, 2, 5, 0, 0, 0, 3, 0, 0.6666666666666666, 0, 0], [0, 0, 0, 0.0027881860733032227, 0, 0, 8, 7, 14, 0, 0, 0, 0, 4, 2, 4, 0, 0, 0, 6, 0, 0.75, 0, 0], [0, 0, 0, 0.0, 0, 0, 8, 4, 11, 0, 0, 0, 0, 2, 1, 5, 0, 0, 0, 3, 0, 0.5, 0, 0], [0, 0, 0, 0.024920165538787842, 0, 0, 6, 13, 18, 0, 0, 0, 0, 7, 3, 3, 0, 0, 0, 12, 0, 0.75, 0, 0], [0, 0, 0, 0.0033167600631713867, 0, 0, 8, 6, 13, 0, 0, 1, 0, 4, 1, 4, 0, 0, 0, 5, 0, 0.5, 0, 0], [1, 0, 0, 0.055637240409851074, 0, 0, 8, 13, 20, 1, 0, 0, 0, 5, 6, 1, 0, 0, 0, 12, 0, 0.6666666666666666, 0, 0], [0, 0, 0, 0.02794945240020752, 0, 0, 8, 9, 16, 0, 0, 0, 0, 7, 1, 2, 0, 0, 0, 8, 0, 0.5, 0, 0], [0, 0, 0, 0.11327698826789856, 0, 0, 8, 3, 10, 0, 0, 0, 0, 1, 1, 5, 0, 0, 0, 2, 0, 0.5, 0, 0], [1, 0, 0, 0.330915629863739, 1, 0, 8, 4, 11, 1, 0, 1, 0, 2, 1, 4, 0, 0, 0, 3, 0, 0.6666666666666666, 0, 0], [0, 0, 0, 0.11110794544219971, 0, 0, 8, 3, 10, 0, 0, 0, 0, 1, 1, 7, 0, 0, 0, 2, 0, 0.5, 0, 0], [1, 0, 0, 0.05144375562667847, 0, 0, 8, 5, 12, 1, 0, 1, 1, 3, 1, 3, 0, 0, 0, 4, 0, 0.8888888888888888, 0, 0], [0, 0, 0, 0.0028877854347229004, 0, 0, 8, 13, 20, 0, 0, 0, 0, 11, 1, 1, 0, 0, 0, 12, 0, 0.5, 0, 0], [1, 0, 0, 0.040325164794921875, 1, 0, 8, 4, 11, 1, 0, 1, 0, 2, 1, 4, 0, 0, 0, 3, 1, 0.6666666666666666, 0, 0], [0, 0, 0, 0.03384503722190857, 0, 0, 8, 4, 11, 0, 0, 0, 0, 2, 1, 4, 0, 0, 0, 3, 0, 0.5, 0, 0], [0, 0, 0, 0.0002391338348388672, 0, 0, 8, 11, 18, 0, 0, 0, 0, 9, 1, 5, 0, 0, 0, 10, 0, 0.6666666666666666, 0, 0], [0, 0, 0, 0.00020229816436767578, 0, 0, 8, 3, 10, 0, 0, 0, 0, 1, 1, 5, 0, 0, 0, 2, 0, 0.6666666666666666, 0, 0], [0, 0, 0, 0.07674884796142578, 0, 0, 8, 13, 20, 0, 0, 0, 0, 11, 1, 4, 0, 0, 0, 12, 0, 0.75, 0, 0], [1, 0, 0, 0.10155045986175537, 0, 0, 8, 5, 12, 1, 0, 0, 0, 3, 1, 5, 0, 0, 0, 4, 0, 0.8, 0, 0], [0, 0, 0, 0.03934741020202637, 0, 0, 8, 5, 12, 0, 0, 0, 0, 3, 1, 2, 0, 0, 0, 4, 0, 0.5, 0, 0], [0, 0, 0, 0.1189536452293396, 0, 0, 8, 12, 19, 0, 0, 0, 0, 7, 4, 5, 0, 0, 0, 11, 0, 0.6666666666666666, 0, 0], [0, 0, 0, 0.003235936164855957, 0, 0, 8, 3, 10, 0, 0, 0, 0, 1, 1, 3, 0, 0, 0, 2, 0, 0.8888888888888888, 0, 0], [0, 0, 0, 0.0043678879737854, 0, 0, 8, 4, 11, 0, 0, 0, 0, 2, 1, 4, 0, 0, 0, 3, 0, 0.6666666666666666, 0, 0], [1, 0, 0, 0.08106166124343872, 1, 0, 8, 7, 14, 1, 0, 1, 0, 3, 2, 4, 0, 0, 0, 6, 1, 0.6666666666666666, 0, 0], [0, 0, 0, 0.018092721700668335, 0, 0, 8, 3, 10, 0, 0, 0, 0, 1, 1, 5, 0, 0, 0, 2, 0, 0.5, 0, 0], [0, 0, 0, 0.0004176497459411621, 0, 0, 8, 13, 20, 0, 0, 0, 0, 11, 1, 1, 0, 0, 0, 12, 0, 0.2, 0, 0], [1, 0, 0, 0.16922646760940552, 0, 0, 8, 5, 12, 1, 0, 1, 1, 3, 1, 4, 0, 0, 0, 4, 1, 0.6666666666666666, 0, 0], [0, 0, 0, 0.042460501194000244, 0, 0, 8, 13, 20, 0, 0, 1, 0, 11, 1, 5, 0, 0, 0, 12, 0, 0.5, 0, 0], [0, 0, 0, 0.06770557165145874, 0, 0, 8, 3, 10, 0, 0, 0, 0, 1, 1, 5, 0, 0, 0, 2, 0, 0.8, 0, 0], [0, 0, 0, 0.012418508529663086, 0, 0, 8, 4, 11, 0, 0, 0, 0, 2, 1, 3, 0, 0, 0, 3, 0, 0.3333333333333333, 0, 0], [0, 0, 0, 0.005230247974395752, 0, 0, 8, 13, 20, 0, 0, 0, 0, 10, 2, 1, 0, 0, 0, 12, 0, 0.5, 0, 0], [0, 0, 0, 0.10725998878479004, 0, 0, 8, 3, 10, 0, 0, 0, 0, 1, 1, 3, 0, 0, 0, 2, 0, 0.5, 0, 0], [1, 0, 1, 0.03328067064285278, 1, 0, 8, 13, 20, 1, 0, 1, 1, 2, 9, 6, 0, 0, 0, 12, 1, 0.6666666666666666, 0, 0], [0, 0, 0, 0.012170851230621338, 0, 0, 8, 10, 17, 0, 0, 0, 0, 8, 1, 3, 0, 0, 0, 9, 0, 0.6666666666666666, 0, 0], [0, 0, 0, 0.03685075044631958, 0, 0, 8, 3, 10, 0, 0, 0, 0, 1, 1, 5, 0, 0, 0, 2, 0, 0.6666666666666666, 0, 0], [0, 0, 0, 0.3131011724472046, 0, 0, 8, 4, 11, 0, 0, 0, 0, 2, 1, 6, 0, 0, 0, 3, 0, 0.8888888888888888, 0, 0], [0, 0, 0, 0.06884098052978516, 0, 0, 8, 3, 10, 0, 1, 0, 0, 1, 1, 4, 0, 0, 0, 2, 0, 0.75, 0, 0], [0, 0, 0, 0.11230456829071045, 0, 0, 8, 10, 17, 0, 0, 0, 0, 8, 1, 2, 0, 0, 0, 9, 0, 0.5, 0, 0], [0, 0, 0, 0.027919232845306396, 0, 0, 8, 3, 10, 0, 0, 0, 0, 1, 1, 6, 0, 0, 0, 2, 0, 0.6666666666666666, 0, 0], [0, 0, 1, 0.09448692202568054, 0, 0, 8, 7, 14, 0, 0, 1, 1, 3, 3, 5, 0, 0, 0, 6, 0, 0.75, 0, 0], [0, 0, 0, 0.002768784761428833, 0, 0, 8, 3, 10, 0, 0, 0, 0, 1, 1, 4, 0, 0, 0, 2, 0, 0.75, 0, 0], [0, 0, 0, 0.1444256603717804, 0, 0, 8, 5, 12, 0, 0, 0, 0, 3, 1, 3, 0, 0, 0, 4, 0, 0.5, 0, 0], [0, 0, 0, 0.03389948606491089, 0, 0, 8, 5, 12, 0, 0, 0, 0, 3, 1, 6, 0, 0, 0, 4, 0, 0.5, 0, 0], [0, 0, 0, 0.02204996347427368, 0, 0, 8, 3, 10, 0, 0, 0, 0, 1, 1, 2, 0, 0, 0, 2, 0, 0.5, 0, 0], [0, 0, 0, 0.2007274627685547, 0, 0, 8, 3, 10, 0, 0, 0, 0, 1, 1, 4, 0, 0, 0, 2, 0, 0.625, 0, 0], [0, 0, 0, 0.008909672498703003, 0, 0, 8, 3, 10, 0, 0, 0, 0, 1, 1, 3, 0, 0, 0, 2, 0, 0.5, 0, 0], [1, 0, 1, 0.05125093460083008, 1, 0, 8, 12, 19, 1, 0, 1, 1, 6, 4, 4, 0, 0, 0, 11, 1, 0.6666666666666666, 0, 0], [0, 0, 0, 0.029777824878692627, 0, 0, 8, 8, 15, 0, 0, 1, 0, 6, 1, 4, 0, 0, 0, 7, 0, 0.5, 0, 0], [1, 0, 0, 0.20374029874801636, 0, 0, 8, 13, 20, 1, 0, 1, 0, 11, 1, 4, 0, 0, 0, 12, 0, 0.6666666666666666, 0, 0], [0, 0, 0, 0.002475351095199585, 0, 0, 8, 3, 10, 0, 0, 0, 0, 1, 1, 3, 0, 0, 0, 2, 0, 0.5, 0, 0], [1, 0, 0, 0.0026167631149291992, 0, 0, 8, 3, 10, 1, 0, 0, 0, 1, 1, 3, 0, 0, 0, 2, 0, 0.9, 0, 0], [1, 0, 0, 0.0, 0, 0, 8, 6, 13, 1, 0, 1, 0, 4, 1, 5, 0, 0, 0, 5, 1, 0.6666666666666666, 0, 0], [0, 0, 0, 0.004617422819137573, 0, 0, 8, 3, 10, 0, 0, 0, 0, 1, 1, 4, 0, 0, 0, 2, 0, 0.5, 0, 0], [1, 0, 1, 0.02817314863204956, 0, 0, 8, 13, 20, 1, 0, 1, 0, 5, 4, 6, 0, 0, 0, 12, 1, 0.6666666666666666, 0, 0], [1, 0, 1, 0.0604475736618042, 1, 0, 8, 13, 20, 1, 0, 1, 1, 4, 8, 4, 0, 0, 0, 12, 1, 0.5, 0, 0], [0, 0, 0, 0.031496524810791016, 0, 0, 8, 13, 20, 0, 0, 0, 0, 10, 2, 3, 0, 0, 0, 12, 0, 0.5, 0, 0], [1, 0, 0, 0.023521721363067627, 1, 0, 8, 8, 15, 1, 0, 1, 0, 6, 1, 2, 0, 0, 0, 7, 0, 0.5, 0, 0], [0, 0, 0, 0.01988387107849121, 0, 0, 8, 4, 11, 0, 0, 0, 0, 2, 1, 5, 0, 0, 0, 3, 0, 0.75, 0, 0], [1, 0, 0, 0.33632075786590576, 0, 0, 8, 7, 14, 1, 0, 0, 0, 2, 4, 4, 0, 0, 0, 6, 0, 0.6666666666666666, 0, 0], [0, 0, 0, 0.07034158706665039, 0, 0, 8, 4, 11, 0, 0, 0, 0, 2, 1, 4, 0, 0, 0, 3, 0, 0.5, 0, 0], [1, 0, 0, 0.0019234418869018555, 0, 0, 8, 6, 13, 1, 0, 0, 0, 3, 2, 5, 0, 0, 0, 5, 0, 0.8888888888888888, 0, 0], [0, 0, 0, 0.03571915626525879, 0, 0, 8, 13, 20, 0, 0, 0, 0, 8, 3, 2, 0, 0, 0, 12, 0, 0.5, 0, 0], [0, 0, 0, 0.012804508209228516, 0, 0, 8, 11, 18, 0, 0, 0, 0, 6, 3, 5, 0, 0, 0, 10, 0, 0.6, 0, 0], [0, 0, 0, 0.026650607585906982, 0, 0, 8, 4, 11, 0, 0, 0, 0, 2, 1, 2, 0, 0, 0, 3, 0, 0.3333333333333333, 0, 0], [0, 0, 0, 0.003977656364440918, 0, 0, 8, 13, 20, 0, 0, 1, 0, 11, 1, 1, 0, 0, 0, 12, 0, 0.5, 0, 0], [0, 0, 0, 0.030792415142059326, 0, 0, 8, 3, 10, 0, 0, 0, 0, 1, 1, 6, 0, 0, 0, 2, 0, 0.6666666666666666, 0, 0], [0, 0, 0, 0.01295483112335205, 0, 0, 8, 3, 10, 0, 0, 0, 0, 1, 1, 3, 0, 0, 0, 2, 0, 0.5, 0, 0], [0, 0, 0, 0.033936500549316406, 0, 0, 8, 3, 10, 0, 1, 0, 0, 1, 1, 4, 0, 0, 0, 2, 0, 0.5, 0, 0], [0, 0, 0, 0.02791064977645874, 0, 0, 8, 3, 10, 0, 0, 0, 0, 1, 1, 5, 0, 0, 0, 2, 0, 0.6666666666666666, 0, 0], [1, 0, 0, 0.15862566232681274, 0, 0, 8, 4, 11, 1, 0, 0, 0, 1, 2, 4, 0, 0, 0, 3, 0, 0.6666666666666666, 0, 0], [0, 0, 0, 0.0070002079010009766, 0, 1, 7, 7, 13, 0, 0, 1, 0, 2, 3, 5, 0, 0, 0, 6, 0, 0.75, 0, 0], [0, 0, 0, 0.018705248832702637, 0, 0, 8, 3, 10, 0, 0, 0, 0, 1, 1, 4, 0, 0, 0, 2, 0, 0.6666666666666666, 0, 0], [0, 0, 0, 0.0055239200592041016, 0, 0, 8, 3, 10, 0, 0, 0, 0, 1, 1, 4, 0, 0, 0, 2, 0, 0.5, 0, 0], [0, 0, 0, 0.03329440951347351, 0, 0, 8, 3, 10, 0, 0, 0, 0, 1, 1, 3, 0, 0, 0, 2, 0, 0.5, 0, 0], [1, 0, 0, 0.06911075115203857, 1, 0, 8, 6, 13, 1, 0, 1, 0, 3, 2, 6, 0, 0, 0, 5, 1, 0.9090909090909091, 0, 0], [0, 0, 0, 0.05180215835571289, 0, 0, 8, 4, 11, 0, 0, 0, 0, 2, 1, 5, 0, 0, 0, 3, 0, 0.5, 0, 0], [1, 0, 1, 0.103920578956604, 1, 1, 8, 3, 10, 1, 0, 0, 0, 1, 1, 5, 0, 0, 0, 2, 0, 0.75, 0, 0], [1, 0, 0, 0.3918280005455017, 1, 0, 8, 4, 11, 1, 0, 1, 0, 2, 1, 6, 0, 0, 0, 3, 1, 0.6666666666666666, 0, 0], [0, 0, 0, 0.08669149875640869, 0, 0, 8, 3, 10, 0, 0, 0, 0, 1, 1, 5, 0, 0, 0, 2, 0, 0.8, 0, 0], [1, 0, 0, 0.023884892463684082, 0, 0, 8, 5, 12, 1, 0, 0, 0, 3, 1, 3, 0, 0, 0, 4, 0, 0.75, 0, 0], [1, 0, 1, 0.13097935914993286, 1, 0, 8, 9, 16, 1, 0, 1, 1, 3, 3, 7, 0, 0, 0, 8, 1, 0.9090909090909091, 0, 0], [0, 0, 0, 0.0033272504806518555, 0, 0, 8, 8, 15, 0, 0, 0, 0, 4, 3, 6, 0, 0, 0, 7, 0, 0.5, 0, 0], [0, 0, 0, 0.026043951511383057, 0, 0, 8, 13, 20, 0, 0, 0, 0, 10, 2, 6, 0, 0, 0, 12, 0, 0.8, 0, 0], [0, 0, 0, 0.011830329895019531, 0, 0, 8, 13, 20, 0, 0, 0, 0, 8, 3, 1, 0, 0, 0, 12, 0, 0.6666666666666666, 0, 0], [0, 0, 0, 0.22702988982200623, 0, 0, 8, 3, 10, 0, 0, 0, 0, 1, 1, 4, 0, 0, 0, 2, 0, 0.5, 0, 0], [0, 0, 0, 0.008571624755859375, 0, 0, 8, 3, 10, 0, 0, 0, 0, 1, 1, 5, 0, 0, 0, 2, 0, 0.5, 0, 0], [0, 0, 0, 0.02682739496231079, 0, 0, 8, 13, 20, 0, 0, 0, 0, 10, 2, 3, 0, 0, 0, 12, 0, 0.5, 0, 0], [0, 0, 0, 0.03169727325439453, 0, 0, 8, 3, 10, 0, 0, 0, 0, 1, 1, 5, 0, 0, 0, 2, 0, 0.6666666666666666, 0, 0], [0, 0, 0, 0.0472225546836853, 0, 0, 8, 10, 17, 0, 0, 0, 0, 8, 1, 2, 0, 0, 0, 9, 0, 0.5, 0, 0], [1, 0, 1, 0.0013743042945861816, 1, 0, 8, 5, 12, 1, 0, 1, 0, 3, 1, 5, 0, 0, 0, 4, 1, 0.75, 0, 0], [0, 0, 0, 0.02507549524307251, 0, 0, 4, 3, 6, 1, 0, 0, 0, 1, 1, 3, 0, 0, 0, 2, 0, 0.8, 0, 0], [0, 0, 0, 0.12944436073303223, 0, 0, 8, 13, 20, 0, 0, 0, 0, 3, 6, 2, 0, 0, 0, 12, 0, 0.6666666666666666, 0, 0], [1, 0, 0, 0.0, 0, 0, 8, 4, 11, 1, 0, 0, 0, 2, 1, 3, 0, 0, 0, 3, 0, 0.6666666666666666, 0, 0], [0, 0, 0, 0.07856899499893188, 0, 0, 8, 3, 10, 0, 0, 0, 0, 1, 1, 2, 0, 0, 0, 2, 0, 0.5, 0, 0], [1, 0, 0, 0.07971125841140747, 0, 0, 8, 3, 10, 1, 0, 0, 0, 1, 1, 5, 0, 0, 0, 2, 0, 0.5, 0, 0], [1, 0, 1, 0.007065713405609131, 1, 0, 8, 13, 20, 1, 0, 1, 1, 2, 8, 3, 0, 0, 0, 12, 1, 0.9, 0, 0], [0, 0, 0, 0.034071385860443115, 0, 0, 8, 13, 20, 0, 0, 0, 0, 10, 2, 3, 0, 0, 0, 12, 0, 0.5, 0, 0], [0, 0, 0, 0.06768971681594849, 0, 0, 8, 13, 20, 0, 0, 0, 0, 10, 2, 1, 0, 0, 0, 12, 0, 0.25, 0, 0], [1, 0, 1, 0.2176031470298767, 0, 0, 8, 7, 14, 1, 0, 1, 1, 2, 3, 5, 0, 0, 0, 6, 0, 0.8, 0, 0], [1, 0, 0, 0.10826200246810913, 0, 0, 8, 13, 20, 1, 0, 1, 0, 5, 5, 2, 0, 0, 0, 12, 0, 0.6666666666666666, 0, 0], [0, 0, 0, 0.028430402278900146, 0, 0, 8, 5, 12, 0, 0, 0, 0, 3, 1, 4, 0, 0, 0, 4, 0, 0.6666666666666666, 0, 0], [1, 0, 0, 0.1912052035331726, 0, 0, 8, 4, 11, 1, 0, 0, 0, 2, 1, 3, 0, 0, 0, 3, 1, 0.5, 0, 0], [0, 0, 0, 0.01905655860900879, 0, 0, 8, 8, 15, 0, 0, 0, 0, 3, 4, 4, 0, 0, 0, 7, 0, 0.75, 0, 0], [0, 0, 0, 0.06545412540435791, 0, 0, 8, 3, 10, 0, 0, 0, 0, 1, 1, 6, 0, 0, 0, 2, 0, 0.75, 0, 0], [1, 0, 1, 0.03328067064285278, 1, 0, 8, 13, 20, 1, 0, 1, 1, 2, 10, 6, 0, 0, 0, 12, 1, 0.6666666666666666, 0, 0], [0, 0, 0, 0.054896652698516846, 0, 0, 8, 3, 10, 0, 0, 0, 0, 1, 1, 4, 0, 0, 0, 2, 0, 0.5, 0, 0], [1, 0, 0, 0.03570324182510376, 0, 0, 8, 12, 19, 1, 0, 0, 0, 3, 6, 3, 0, 0, 0, 11, 0, 0.8888888888888888, 0, 0], [1, 0, 1, 0.10424792766571045, 1, 0, 8, 10, 17, 1, 0, 1, 1, 4, 4, 2, 0, 0, 0, 9, 1, 0.6666666666666666, 0, 0], [0, 0, 0, 0.018696576356887817, 0, 0, 8, 4, 11, 0, 0, 0, 0, 2, 1, 3, 0, 0, 0, 3, 0, 0.5, 0, 0], [1, 0, 0, 0.013783097267150879, 0, 0, 8, 10, 17, 1, 0, 1, 0, 4, 5, 2, 0, 0, 0, 9, 0, 0.6666666666666666, 0, 0], [0, 0, 0, 0.026049435138702393, 0, 0, 8, 13, 20, 0, 0, 0, 0, 7, 5, 6, 0, 0, 0, 12, 0, 0.9, 0, 0], [0, 0, 0, 0.032700806856155396, 0, 0, 8, 4, 11, 0, 0, 0, 0, 2, 1, 4, 0, 0, 0, 3, 0, 0.5, 0, 0], [1, 0, 0, 0.10198992490768433, 0, 0, 6, 8, 13, 1, 0, 1, 0, 2, 4, 3, 0, 0, 0, 7, 0, 0.6666666666666666, 0, 0], [0, 0, 0, 0.11843264102935791, 0, 0, 8, 12, 19, 0, 0, 0, 0, 7, 4, 5, 0, 0, 0, 11, 0, 0.6666666666666666, 0, 0], [0, 0, 0, 0.020045101642608643, 0, 0, 8, 3, 10, 0, 0, 0, 0, 1, 1, 5, 0, 0, 0, 2, 0, 0.5, 0, 0], [0, 0, 0, 0.08947372436523438, 0, 0, 8, 4, 11, 0, 0, 0, 0, 2, 1, 6, 0, 0, 0, 3, 0, 0.6, 0, 0], [0, 0, 0, 0.14401033520698547, 0, 0, 8, 13, 20, 0, 0, 0, 0, 11, 1, 3, 0, 0, 0, 12, 0, 0.6666666666666666, 0, 0], [1, 0, 0, 0.013593554496765137, 0, 0, 8, 4, 11, 1, 0, 1, 0, 2, 1, 5, 0, 0, 0, 3, 0, 0.6666666666666666, 0, 0], [1, 0, 0, 0.12113559246063232, 0, 0, 8, 3, 10, 1, 0, 0, 0, 1, 1, 5, 0, 0, 0, 2, 0, 0.6666666666666666, 0, 0], [0, 0, 0, 0.06927275657653809, 0, 0, 8, 13, 20, 0, 0, 1, 0, 9, 2, 7, 0, 0, 0, 12, 0, 0.6666666666666666, 0, 0], [0, 0, 0, 0.036345481872558594, 0, 0, 8, 13, 20, 0, 0, 0, 0, 10, 2, 3, 0, 0, 0, 12, 0, 0.5, 0, 0], [0, 0, 0, 0.015496611595153809, 0, 0, 8, 3, 10, 0, 0, 0, 0, 1, 1, 4, 0, 0, 0, 2, 0, 0.5, 0, 0], [1, 0, 0, 0.0, 0, 0, 4, 5, 8, 1, 0, 1, 1, 3, 1, 3, 0, 0, 0, 4, 0, 0.6666666666666666, 0, 0], [0, 0, 0, 0.09382784366607666, 0, 0, 8, 13, 20, 0, 0, 0, 0, 10, 2, 2, 0, 0, 0, 12, 0, 0.5, 0, 0], [0, 0, 0, 0.0480082631111145, 0, 0, 8, 3, 10, 0, 0, 0, 0, 1, 1, 4, 0, 0, 0, 2, 0, 0.5, 0, 0], [1, 0, 0, 0.025075554847717285, 0, 0, 7, 3, 9, 1, 0, 0, 0, 1, 1, 4, 0, 0, 0, 2, 0, 0.8, 0, 0], [0, 0, 0, 0.07831376791000366, 0, 0, 8, 4, 11, 0, 0, 0, 0, 2, 1, 4, 0, 0, 0, 3, 0, 0.6666666666666666, 0, 0], [0, 0, 0, 0.007559239864349365, 0, 0, 8, 4, 11, 0, 0, 0, 0, 2, 1, 6, 0, 0, 0, 3, 0, 0.5, 0, 0], [0, 0, 0, 0.00761491060256958, 0, 0, 8, 3, 10, 0, 0, 0, 0, 1, 1, 4, 0, 0, 0, 2, 0, 0.6666666666666666, 0, 0], [0, 0, 0, 0.1007591187953949, 0, 0, 8, 3, 10, 0, 0, 0, 0, 1, 1, 3, 0, 0, 0, 2, 0, 0.3333333333333333, 0, 0], [0, 0, 0, 0.027919292449951172, 0, 0, 8, 3, 10, 0, 0, 0, 0, 1, 1, 6, 0, 0, 0, 2, 0, 0.6666666666666666, 0, 0], [1, 0, 0, 0.00041663646697998047, 0, 0, 8, 13, 20, 1, 0, 0, 0, 8, 3, 2, 0, 0, 0, 12, 0, 0.5, 0, 0], [0, 0, 0, 0.11670112609863281, 0, 0, 8, 3, 10, 0, 0, 0, 0, 1, 1, 5, 0, 0, 0, 2, 0, 0.5, 0, 0], [1, 0, 1, 0.014136433601379395, 1, 0, 8, 4, 11, 1, 0, 1, 1, 2, 1, 7, 0, 0, 0, 3, 1, 0.75, 0, 0], [0, 0, 0, 0.02335500717163086, 0, 0, 8, 6, 13, 0, 0, 0, 0, 4, 1, 2, 0, 0, 0, 5, 0, 0.8, 0, 0], [0, 0, 0, 0.004168301820755005, 0, 0, 8, 13, 20, 0, 0, 1, 0, 11, 1, 1, 0, 0, 0, 12, 0, 0.5, 0, 0], [1, 0, 0, 0.019618630409240723, 0, 0, 8, 7, 14, 1, 0, 0, 0, 5, 1, 2, 0, 0, 0, 6, 0, 0.6666666666666666, 0, 0], [0, 0, 0, 0.09484577178955078, 0, 0, 8, 3, 10, 0, 0, 0, 0, 1, 1, 5, 0, 0, 0, 2, 0, 0.6666666666666666, 0, 0], [0, 0, 0, 0.023646146059036255, 0, 0, 8, 3, 10, 0, 0, 0, 0, 1, 1, 3, 0, 0, 0, 2, 0, 0.5, 0, 0], [0, 0, 0, 0.026607394218444824, 0, 0, 8, 10, 17, 0, 0, 0, 0, 8, 1, 2, 0, 0, 0, 9, 0, 0.25, 0, 0], [0, 0, 0, 0.10925400257110596, 0, 0, 8, 10, 17, 0, 0, 0, 0, 8, 1, 2, 0, 0, 0, 9, 0, 0.25, 0, 0], [0, 0, 0, 0.049315035343170166, 0, 0, 8, 3, 10, 0, 0, 0, 0, 1, 1, 3, 0, 0, 0, 2, 0, 0.5, 0, 0], [0, 0, 0, 0.014493048191070557, 0, 0, 8, 13, 20, 0, 0, 1, 0, 9, 3, 2, 0, 0, 0, 12, 0, 0.5, 0, 0], [1, 0, 0, 0.02914440631866455, 0, 0, 8, 10, 17, 1, 0, 0, 0, 8, 1, 1, 0, 0, 0, 9, 0, 0.5, 0, 0], [1, 0, 0, 0.02346092462539673, 0, 0, 8, 13, 20, 1, 0, 1, 0, 11, 1, 1, 0, 0, 0, 12, 1, 0.5, 0, 0], [0, 0, 0, 0.03047245740890503, 0, 0, 8, 12, 19, 0, 0, 1, 0, 9, 2, 3, 0, 0, 0, 11, 0, 0.6666666666666666, 0, 0], [0, 0, 0, 0.11363941431045532, 0, 0, 8, 13, 20, 0, 0, 0, 0, 9, 2, 6, 0, 0, 0, 12, 0, 0.6666666666666666, 0, 0], [1, 0, 1, 0.04635423421859741, 1, 0, 8, 13, 20, 1, 0, 1, 1, 5, 6, 5, 0, 0, 0, 12, 1, 0.8888888888888888, 0, 0], [1, 0, 0, 0.0026445984840393066, 0, 0, 8, 3, 10, 1, 0, 0, 0, 1, 1, 6, 0, 0, 0, 2, 0, 0.9090909090909091, 0, 0], [1, 0, 0, 0.04549485445022583, 0, 0, 8, 5, 12, 1, 0, 1, 0, 2, 2, 6, 0, 0, 0, 4, 0, 0.8, 0, 0], [0, 0, 0, 0.18261021375656128, 0, 0, 8, 8, 15, 0, 0, 0, 0, 5, 2, 2, 0, 0, 0, 7, 0, 0.5, 0, 0], [0, 0, 0, 0.004974722862243652, 0, 0, 8, 3, 10, 0, 0, 0, 0, 1, 1, 3, 0, 0, 0, 2, 0, 0.3333333333333333, 0, 0], [0, 0, 0, 0.26024894416332245, 0, 0, 8, 3, 10, 0, 0, 0, 0, 1, 1, 5, 0, 0, 0, 2, 0, 0.5, 0, 0], [1, 0, 1, 0.05302530527114868, 1, 0, 8, 12, 19, 1, 0, 1, 1, 7, 3, 3, 0, 0, 0, 11, 0, 0.6666666666666666, 0, 0], [0, 0, 0, 0.07206815481185913, 0, 0, 8, 8, 15, 0, 0, 0, 0, 6, 1, 3, 0, 0, 0, 7, 0, 0.8, 0, 0], [0, 0, 0, 0.08115091919898987, 0, 0, 8, 4, 11, 0, 0, 0, 0, 2, 1, 3, 0, 0, 0, 3, 0, 0.5, 0, 0], [0, 0, 0, 0.004094183444976807, 0, 0, 8, 10, 17, 0, 0, 1, 1, 8, 1, 4, 0, 0, 0, 9, 0, 0.5, 0, 0], [0, 0, 0, 0.011881709098815918, 0, 0, 8, 3, 10, 0, 0, 0, 0, 1, 1, 7, 0, 0, 0, 2, 0, 0.6666666666666666, 0, 0], [1, 0, 0, 0.03703272342681885, 0, 0, 8, 4, 11, 1, 0, 0, 0, 2, 1, 1, 0, 0, 0, 3, 0, 0.5, 0, 0], [1, 0, 1, 0.0046517252922058105, 1, 0, 8, 10, 17, 1, 1, 1, 1, 2, 7, 2, 0, 0, 0, 9, 1, 0.75, 0, 0], [0, 0, 0, 0.06455779075622559, 0, 0, 8, 4, 11, 0, 0, 0, 0, 2, 1, 5, 0, 0, 0, 3, 0, 0.6666666666666666, 0, 0], [1, 0, 1, 0.03733170032501221, 1, 0, 8, 10, 17, 1, 0, 1, 1, 2, 7, 3, 0, 0, 0, 9, 1, 0.625, 0, 0], [1, 0, 1, 0.025287151336669922, 0, 0, 8, 7, 14, 1, 0, 1, 1, 2, 4, 6, 0, 0, 0, 6, 0, 0.6666666666666666, 0, 0], [0, 0, 0, 0.02757161855697632, 0, 0, 8, 3, 10, 0, 0, 0, 0, 1, 1, 2, 0, 0, 0, 2, 0, 0.5, 0, 0], [0, 0, 0, 0.04751285910606384, 0, 0, 8, 5, 12, 0, 0, 0, 0, 3, 1, 5, 0, 0, 0, 4, 0, 0.5, 0, 0], [1, 0, 1, 0.0, 1, 0, 4, 4, 7, 1, 0, 1, 1, 2, 1, 3, 0, 0, 0, 3, 0, 0.7142857142857143, 0, 0], [0, 0, 0, 0.06100991368293762, 0, 0, 8, 13, 20, 0, 0, 1, 0, 9, 2, 6, 0, 0, 0, 12, 0, 0.6666666666666666, 0, 0], [0, 0, 0, 0.03237903118133545, 0, 0, 8, 13, 20, 0, 0, 0, 0, 7, 4, 4, 0, 0, 0, 12, 0, 0.9, 0, 0], [0, 0, 0, 0.02507549524307251, 0, 0, 4, 3, 6, 1, 0, 0, 0, 1, 1, 3, 0, 0, 0, 2, 0, 0.8, 0, 0], [0, 0, 0, 0.039705127477645874, 0, 0, 8, 3, 10, 0, 0, 0, 0, 1, 1, 4, 0, 0, 0, 2, 0, 0.5, 0, 0], [0, 0, 0, 0.13347011804580688, 0, 0, 8, 10, 17, 0, 0, 0, 0, 7, 2, 5, 0, 0, 0, 9, 0, 0.625, 0, 0], [1, 0, 0, 0.0443786084651947, 0, 0, 8, 13, 20, 1, 0, 0, 0, 10, 2, 2, 0, 0, 0, 12, 0, 0.5, 0, 0], [0, 0, 0, 0.06929284334182739, 0, 0, 8, 13, 20, 0, 0, 0, 0, 11, 1, 1, 0, 0, 0, 12, 0, 0.25, 0, 0], [0, 0, 0, 0.07789742946624756, 0, 0, 8, 3, 10, 0, 0, 0, 0, 1, 1, 3, 0, 0, 0, 2, 0, 0.8888888888888888, 0, 0], [0, 0, 0, 0.12007910013198853, 0, 0, 8, 13, 20, 0, 0, 0, 0, 8, 2, 3, 0, 0, 0, 12, 0, 0.5, 0, 0], [1, 0, 0, 0.14277756214141846, 0, 0, 8, 4, 11, 1, 0, 0, 0, 2, 1, 4, 0, 0, 0, 3, 0, 0.75, 0, 0], [0, 0, 0, 0.040702223777770996, 0, 0, 8, 8, 15, 0, 0, 0, 0, 6, 1, 1, 0, 0, 0, 7, 0, 0.16666666666666666, 0, 0], [0, 0, 0, 0.01711753010749817, 0, 0, 8, 6, 13, 0, 0, 0, 0, 4, 1, 5, 0, 0, 0, 5, 0, 0.5, 0, 0], [0, 0, 0, 0.038093000650405884, 0, 0, 8, 3, 10, 0, 0, 0, 0, 1, 1, 3, 0, 0, 0, 2, 0, 0.5, 0, 0], [0, 0, 0, 0.0043159425258636475, 0, 0, 8, 3, 10, 0, 0, 0, 0, 1, 1, 4, 0, 0, 0, 2, 0, 0.5, 0, 0], [0, 0, 0, 0.02065831422805786, 0, 0, 8, 7, 14, 0, 0, 0, 0, 4, 2, 4, 0, 0, 0, 6, 0, 0.5, 0, 0], [0, 0, 1, 0.09028911590576172, 0, 0, 8, 4, 11, 0, 0, 1, 0, 2, 1, 3, 0, 0, 0, 3, 0, 0.6, 0, 0], [0, 0, 0, 0.22263824939727783, 0, 0, 8, 5, 12, 0, 0, 0, 0, 3, 1, 4, 0, 0, 0, 4, 0, 0.5, 0, 0], [0, 0, 0, 0.02184593677520752, 0, 0, 8, 13, 20, 0, 0, 0, 0, 11, 1, 1, 0, 0, 0, 12, 0, 0.5, 0, 0], [0, 0, 0, 0.3772270679473877, 0, 0, 8, 5, 12, 0, 0, 0, 0, 3, 1, 5, 0, 0, 0, 4, 0, 0.5, 0, 0], [0, 0, 0, 0.0533900260925293, 0, 0, 8, 13, 20, 0, 0, 0, 0, 11, 1, 1, 0, 0, 0, 12, 0, 0.25, 0, 0], [0, 0, 0, 0.12957119941711426, 0, 0, 8, 5, 12, 0, 0, 0, 0, 3, 1, 5, 0, 0, 0, 4, 0, 0.5, 0, 0], [0, 0, 0, 0.1252971887588501, 0, 0, 8, 3, 10, 0, 0, 0, 0, 1, 1, 3, 0, 0, 0, 2, 0, 0.5, 0, 0], [0, 0, 0, 0.047245562076568604, 0, 0, 7, 4, 10, 0, 0, 0, 0, 2, 1, 6, 0, 0, 0, 3, 0, 0.75, 0, 0], [0, 0, 0, 0.10279905796051025, 0, 0, 8, 13, 20, 0, 0, 1, 0, 10, 2, 3, 0, 0, 0, 12, 0, 0.5, 0, 0], [0, 0, 0, 0.021619200706481934, 0, 0, 8, 13, 20, 0, 0, 0, 0, 11, 1, 1, 0, 0, 0, 12, 0, 0.3333333333333333, 0, 0], [0, 0, 0, 0.004022479057312012, 0, 0, 8, 13, 20, 0, 0, 0, 0, 11, 1, 1, 0, 0, 0, 12, 0, 0.5, 0, 0], [1, 0, 0, 0.007747352123260498, 0, 0, 8, 13, 20, 1, 1, 0, 0, 8, 2, 2, 0, 0, 0, 12, 1, 0.5, 0, 0], [0, 0, 0, 0.0018911361694335938, 0, 0, 8, 5, 12, 0, 0, 0, 0, 3, 1, 4, 0, 0, 0, 4, 0, 0.6666666666666666, 0, 0], [0, 0, 0, 0.21955470740795135, 0, 0, 8, 3, 10, 0, 0, 0, 0, 1, 1, 3, 0, 0, 0, 2, 0, 0.5, 0, 0], [0, 0, 0, 0.19949573278427124, 0, 0, 8, 3, 10, 0, 0, 0, 0, 1, 1, 4, 0, 0, 0, 2, 0, 0.6666666666666666, 0, 0], [1, 0, 0, 0.23791027069091797, 0, 0, 8, 7, 14, 1, 0, 1, 0, 4, 2, 6, 0, 0, 0, 6, 0, 0.8, 0, 0], [0, 0, 0, 0.3788399398326874, 0, 0, 8, 3, 10, 0, 0, 0, 0, 1, 1, 4, 0, 0, 0, 2, 0, 0.75, 0, 0], [0, 0, 0, 0.0024451613426208496, 0, 0, 8, 3, 10, 0, 0, 0, 0, 1, 1, 7, 0, 0, 0, 2, 0, 0.5, 0, 0], [0, 0, 0, 0.03236013650894165, 0, 0, 8, 3, 10, 0, 0, 0, 0, 1, 1, 4, 0, 0, 0, 2, 0, 0.5, 0, 0], [0, 0, 0, 0.43166542053222656, 0, 0, 8, 4, 11, 0, 0, 0, 0, 2, 1, 4, 0, 0, 0, 3, 0, 0.5, 0, 0], [0, 0, 0, 0.02537292242050171, 0, 0, 8, 3, 10, 0, 0, 0, 0, 1, 1, 5, 0, 0, 0, 2, 0, 0.5, 0, 0], [1, 0, 0, 0.06725353002548218, 0, 0, 8, 4, 11, 1, 0, 0, 0, 2, 1, 6, 0, 0, 0, 3, 0, 0.8888888888888888, 0, 0], [1, 0, 0, 0.0006439685821533203, 0, 0, 8, 4, 11, 1, 0, 0, 0, 2, 1, 3, 0, 0, 0, 3, 0, 0.6666666666666666, 0, 0], [0, 0, 0, 0.03222876787185669, 0, 0, 8, 3, 10, 0, 0, 0, 0, 1, 1, 6, 0, 0, 0, 2, 0, 0.6666666666666666, 0, 0], [0, 0, 0, 0.0021817386150360107, 0, 0, 8, 13, 20, 0, 0, 0, 0, 11, 1, 3, 0, 0, 0, 12, 0, 0.5, 0, 0], [0, 0, 0, 0.004543423652648926, 0, 0, 8, 13, 20, 0, 0, 1, 0, 8, 4, 1, 0, 0, 0, 12, 0, 0.9, 0, 0], [0, 0, 0, 0.018667101860046387, 0, 0, 8, 4, 11, 0, 0, 0, 0, 2, 1, 4, 0, 0, 0, 3, 0, 0.8888888888888888, 0, 0], [1, 0, 1, 0.003274679183959961, 1, 0, 8, 12, 19, 1, 0, 1, 1, 3, 8, 4, 0, 0, 0, 11, 1, 0.9, 0, 0], [1, 0, 1, 0.03328067064285278, 1, 0, 8, 13, 20, 1, 0, 1, 1, 2, 9, 6, 0, 0, 0, 12, 1, 0.6666666666666666, 0, 0], [1, 0, 0, 0.08229213953018188, 0, 0, 8, 4, 11, 1, 0, 0, 0, 2, 1, 7, 0, 0, 0, 3, 0, 0.75, 0, 0], [0, 0, 0, 0.07971131801605225, 0, 0, 8, 3, 10, 0, 0, 0, 0, 1, 1, 5, 0, 0, 0, 2, 0, 0.5, 0, 0], [1, 0, 0, 0.19403982162475586, 0, 0, 8, 4, 11, 1, 0, 0, 0, 2, 1, 4, 0, 0, 0, 3, 0, 0.6666666666666666, 0, 0], [1, 0, 0, 0.016559213399887085, 1, 0, 8, 5, 12, 1, 0, 1, 1, 3, 1, 4, 0, 0, 0, 4, 1, 0.5, 0, 0], [0, 0, 0, 0.0, 0, 0, 5, 3, 7, 0, 0, 0, 0, 1, 1, 3, 0, 0, 0, 2, 0, 0.6666666666666666, 0, 0], [1, 0, 0, 0.1013452410697937, 0, 0, 8, 4, 11, 1, 0, 1, 0, 2, 1, 6, 0, 0, 0, 3, 0, 0.9090909090909091, 0, 0], [1, 0, 1, 0.14236506819725037, 1, 0, 8, 5, 12, 1, 0, 1, 0, 3, 1, 3, 0, 0, 0, 4, 1, 0.6, 0, 0], [0, 0, 0, 0.007766902446746826, 0, 0, 8, 4, 11, 0, 0, 0, 0, 1, 2, 6, 0, 0, 0, 3, 0, 0.8, 0, 0], [1, 0, 1, 0.06380623579025269, 1, 0, 8, 6, 13, 1, 0, 1, 1, 2, 3, 6, 0, 0, 0, 5, 1, 0.75, 0, 0], [0, 0, 1, 0.0, 0, 0, 8, 4, 11, 0, 0, 1, 1, 2, 1, 3, 0, 0, 0, 3, 0, 0.5, 0, 0], [0, 0, 1, 0.0, 0, 0, 8, 4, 11, 0, 0, 1, 1, 2, 1, 3, 0, 0, 0, 3, 0, 0.5, 0, 0], [0, 0, 0, 0.20049059391021729, 0, 0, 8, 7, 14, 0, 0, 1, 0, 2, 4, 5, 0, 0, 0, 6, 0, 0.75, 0, 0], [1, 0, 1, 0.000898897647857666, 0, 1, 6, 3, 8, 1, 0, 0, 0, 1, 1, 4, 0, 0, 0, 2, 0, 0.6666666666666666, 0, 0], [0, 0, 0, 0.010756343603134155, 0, 0, 8, 13, 20, 0, 0, 0, 0, 8, 2, 1, 0, 0, 0, 12, 0, 0.5, 0, 0], [1, 0, 0, 0.038905322551727295, 0, 0, 5, 3, 7, 1, 0, 0, 0, 1, 1, 4, 0, 0, 0, 2, 0, 0.6666666666666666, 0, 0], [0, 0, 0, 0.07335957884788513, 0, 0, 8, 12, 19, 0, 0, 0, 0, 8, 2, 6, 0, 0, 0, 11, 0, 0.5, 0, 0], [0, 0, 1, 0.06834995746612549, 0, 0, 8, 13, 20, 0, 0, 1, 1, 10, 2, 1, 0, 0, 0, 12, 0, 0.25, 0, 0], [1, 0, 1, 0.061533570289611816, 1, 0, 8, 13, 20, 1, 0, 1, 1, 6, 4, 1, 0, 0, 0, 12, 1, 0.6666666666666666, 0, 0], [1, 0, 1, 0.11947870254516602, 0, 0, 8, 4, 11, 1, 0, 1, 1, 2, 1, 4, 0, 0, 0, 3, 0, 0.5, 0, 0], [1, 0, 0, 0.03151524066925049, 1, 0, 8, 13, 20, 1, 0, 1, 0, 11, 1, 2, 0, 0, 0, 12, 0, 0.5, 0, 0], [1, 0, 0, 0.013010352849960327, 1, 0, 8, 6, 13, 1, 0, 1, 1, 4, 1, 4, 0, 0, 0, 5, 1, 0.5, 0, 0], [1, 0, 0, 0.005684018135070801, 0, 0, 8, 4, 11, 1, 0, 0, 0, 2, 1, 4, 0, 0, 0, 3, 0, 0.6666666666666666, 0, 0], [0, 0, 0, 0.017347872257232666, 0, 0, 8, 4, 11, 0, 0, 0, 0, 2, 1, 6, 0, 0, 0, 3, 0, 0.75, 0, 0], [0, 0, 0, 0.010551780462265015, 0, 0, 8, 13, 20, 0, 0, 0, 0, 11, 1, 2, 0, 0, 0, 12, 0, 0.5, 0, 0], [0, 0, 0, 0.022997617721557617, 0, 0, 8, 3, 10, 0, 0, 0, 0, 1, 1, 4, 0, 0, 0, 2, 0, 0.6666666666666666, 0, 0], [1, 0, 1, 0.0, 1, 0, 8, 6, 13, 1, 0, 1, 0, 4, 1, 5, 0, 0, 0, 5, 1, 0.625, 0, 0], [0, 0, 0, 0.06546640396118164, 0, 0, 8, 7, 14, 0, 0, 0, 0, 5, 1, 3, 0, 0, 0, 6, 0, 0.5, 0, 0], [0, 0, 0, 0.00818982720375061, 0, 0, 8, 4, 11, 0, 0, 0, 0, 2, 1, 3, 0, 0, 0, 3, 0, 0.9, 0, 0], [0, 0, 0, 0.06770557165145874, 0, 0, 8, 3, 10, 0, 0, 0, 0, 1, 1, 5, 0, 0, 0, 2, 0, 0.8, 0, 0], [1, 0, 0, 0.013783037662506104, 0, 0, 8, 5, 12, 1, 0, 0, 0, 3, 1, 3, 0, 0, 0, 4, 0, 0.5, 0, 0], [0, 0, 0, 0.18212640285491943, 0, 0, 8, 4, 11, 0, 0, 0, 0, 1, 2, 3, 0, 0, 0, 3, 0, 0.5, 0, 0], [1, 0, 1, 0.006772160530090332, 1, 0, 8, 6, 13, 1, 0, 1, 1, 2, 3, 4, 0, 0, 0, 5, 1, 0.9, 0, 0], [0, 0, 0, 0.15081852674484253, 0, 0, 8, 3, 10, 0, 0, 0, 0, 1, 1, 7, 0, 0, 0, 2, 0, 0.75, 0, 0], [0, 0, 0, 0.001799464225769043, 0, 0, 8, 13, 20, 0, 0, 0, 0, 9, 3, 1, 0, 0, 0, 12, 0, 0.25, 0, 0], [0, 0, 0, 0.2971341609954834, 0, 0, 8, 3, 10, 0, 0, 0, 0, 1, 1, 4, 0, 0, 0, 2, 0, 0.5, 0, 0], [0, 0, 0, 0.0037083029747009277, 0, 0, 8, 6, 13, 0, 0, 0, 0, 4, 1, 2, 0, 0, 0, 5, 0, 0.3333333333333333, 0, 0], [0, 0, 0, 0.2067030966281891, 0, 0, 8, 3, 10, 0, 0, 0, 0, 1, 1, 5, 0, 0, 0, 2, 0, 0.6666666666666666, 0, 0], [0, 0, 0, 0.011253535747528076, 0, 0, 8, 12, 19, 0, 0, 0, 0, 5, 5, 3, 0, 0, 0, 11, 0, 0.6666666666666666, 0, 0], [1, 0, 1, 0.04615890979766846, 1, 0, 8, 13, 20, 1, 0, 1, 1, 8, 3, 5, 0, 0, 0, 12, 1, 0.9, 0, 0], [1, 0, 0, 0.058695971965789795, 0, 0, 8, 4, 11, 1, 0, 0, 0, 2, 1, 4, 0, 0, 0, 3, 0, 0.5, 0, 0], [0, 0, 0, 0.02382582426071167, 0, 0, 8, 3, 10, 0, 0, 0, 0, 1, 1, 5, 0, 0, 0, 2, 0, 0.9, 0, 0], [0, 0, 0, 0.0012061595916748047, 0, 0, 8, 3, 10, 0, 0, 0, 0, 1, 1, 6, 0, 0, 0, 2, 0, 0.75, 0, 0], [1, 0, 0, 0.0345730185508728, 0, 0, 8, 13, 20, 1, 0, 1, 0, 2, 8, 6, 0, 0, 0, 12, 0, 0.6666666666666666, 0, 0], [0, 0, 0, 0.3815338909626007, 0, 0, 8, 3, 10, 0, 0, 0, 0, 1, 1, 3, 0, 0, 0, 2, 0, 0.5, 0, 0], [0, 0, 0, 0.016534477472305298, 0, 0, 8, 13, 20, 0, 0, 0, 0, 10, 2, 1, 0, 0, 0, 12, 0, 0.5, 0, 0], [1, 0, 0, 0.1311795711517334, 0, 0, 8, 3, 10, 1, 0, 0, 0, 1, 1, 5, 0, 0, 0, 2, 0, 0.6666666666666666, 0, 0], [1, 0, 0, 0.0, 0, 0, 6, 4, 9, 1, 0, 0, 0, 2, 1, 5, 0, 0, 0, 3, 0, 0.5, 0, 0], [0, 0, 0, 0.14091399312019348, 0, 0, 8, 4, 11, 0, 0, 0, 0, 2, 1, 3, 0, 0, 0, 3, 0, 0.5, 0, 0], [1, 0, 1, 0.03328067064285278, 1, 0, 8, 13, 20, 1, 0, 1, 1, 2, 8, 6, 0, 0, 0, 12, 1, 0.6666666666666666, 0, 0], [0, 0, 0, 0.016846954822540283, 0, 0, 8, 13, 20, 0, 0, 0, 0, 4, 7, 5, 0, 0, 0, 12, 0, 0.5, 0, 0], [1, 0, 0, 0.07696181535720825, 0, 0, 8, 5, 12, 1, 0, 1, 0, 3, 1, 4, 0, 0, 0, 4, 0, 0.8, 0, 0], [0, 0, 1, 0.0, 0, 0, 8, 6, 13, 0, 0, 1, 1, 2, 3, 6, 0, 0, 0, 5, 0, 0.6666666666666666, 0, 0], [0, 0, 0, 0.012127220630645752, 0, 0, 8, 13, 20, 0, 0, 0, 0, 9, 3, 3, 0, 0, 0, 12, 0, 0.5, 0, 0], [0, 0, 0, 0.03662195801734924, 0, 0, 8, 5, 12, 0, 0, 0, 0, 3, 1, 1, 0, 0, 0, 4, 0, 0.5, 0, 0], [1, 0, 0, 0.059917151927948, 1, 0, 8, 13, 20, 1, 0, 1, 0, 8, 2, 3, 0, 0, 0, 12, 1, 0.5, 0, 0], [0, 0, 1, 0.07582521438598633, 0, 0, 8, 6, 13, 0, 0, 1, 0, 4, 1, 5, 0, 0, 0, 5, 0, 0.75, 0, 0], [0, 0, 0, 0.0012570619583129883, 0, 0, 8, 4, 11, 0, 0, 0, 0, 2, 1, 6, 0, 0, 0, 3, 0, 0.8, 0, 0], [0, 0, 0, 0.055577367544174194, 0, 0, 8, 3, 10, 0, 0, 0, 0, 1, 1, 5, 0, 0, 0, 2, 0, 0.8, 0, 0], [0, 0, 0, 0.01858574151992798, 0, 0, 8, 4, 11, 0, 0, 0, 0, 2, 1, 3, 0, 0, 0, 3, 0, 0.5, 0, 0], [0, 0, 0, 0.48060616850852966, 0, 0, 8, 3, 10, 0, 0, 0, 0, 1, 1, 4, 0, 0, 0, 2, 0, 0.5, 0, 0], [0, 0, 0, 0.022593915462493896, 0, 0, 6, 13, 18, 0, 0, 0, 0, 8, 3, 3, 0, 0, 0, 12, 0, 0.75, 0, 0], [0, 0, 0, 0.08060967922210693, 0, 0, 8, 3, 10, 0, 0, 0, 0, 1, 1, 4, 0, 0, 0, 2, 0, 0.5, 0, 0], [0, 0, 0, 0.028748363256454468, 0, 0, 8, 8, 15, 0, 0, 0, 0, 5, 2, 4, 0, 0, 0, 7, 0, 0.5, 0, 0], [0, 0, 0, 0.09421700239181519, 0, 0, 8, 13, 20, 0, 0, 0, 0, 11, 1, 1, 0, 0, 0, 12, 0, 0.25, 0, 0], [0, 0, 0, 0.01719561219215393, 0, 0, 8, 3, 10, 0, 0, 0, 0, 1, 1, 6, 0, 0, 0, 2, 0, 0.6666666666666666, 0, 0], [0, 0, 0, 0.3454265892505646, 0, 0, 8, 3, 10, 0, 0, 0, 0, 1, 1, 4, 0, 0, 0, 2, 0, 0.5, 0, 0], [0, 0, 0, 0.08384332060813904, 0, 0, 8, 3, 10, 0, 0, 0, 0, 1, 1, 4, 0, 0, 0, 2, 0, 0.8333333333333334, 0, 0], [0, 0, 0, 0.11544585227966309, 0, 0, 8, 3, 10, 0, 0, 0, 0, 1, 1, 3, 0, 0, 0, 2, 0, 0.6666666666666666, 0, 0], [1, 0, 0, 0.10548549890518188, 0, 0, 8, 13, 20, 1, 0, 1, 0, 8, 2, 2, 0, 0, 0, 12, 0, 0.5, 0, 0], [1, 0, 1, 0.06380623579025269, 1, 0, 8, 6, 13, 1, 0, 1, 1, 2, 3, 6, 0, 0, 0, 5, 1, 0.75, 0, 0], [1, 0, 1, 0.09199768304824829, 1, 0, 8, 4, 11, 1, 0, 1, 1, 2, 1, 7, 0, 0, 0, 3, 0, 0.8, 0, 0], [0, 0, 0, 0.011139988899230957, 0, 0, 8, 13, 20, 0, 0, 0, 0, 1, 11, 5, 0, 0, 0, 12, 0, 0.9, 0, 0], [0, 0, 0, 0.04994291067123413, 0, 0, 8, 13, 20, 0, 0, 0, 0, 11, 1, 1, 0, 0, 0, 12, 0, 0.5, 0, 0], [1, 0, 0, 0.26583385467529297, 0, 0, 8, 5, 12, 1, 0, 1, 1, 3, 1, 5, 0, 0, 0, 4, 1, 0.8888888888888888, 0, 0], [0, 0, 1, 0.00039952993392944336, 0, 0, 8, 13, 20, 0, 0, 1, 0, 11, 1, 3, 0, 0, 0, 12, 0, 0.5, 0, 0], [0, 0, 0, 0.0059697628021240234, 0, 0, 8, 13, 20, 0, 0, 0, 0, 9, 2, 2, 0, 0, 0, 12, 0, 0.5, 0, 0], [1, 0, 0, 0.04121804237365723, 1, 0, 8, 4, 11, 1, 0, 1, 0, 2, 1, 3, 0, 0, 0, 3, 1, 0.75, 0, 0], [0, 0, 0, 0.06775432825088501, 0, 0, 8, 3, 10, 0, 0, 0, 0, 1, 1, 5, 0, 0, 0, 2, 0, 0.9, 0, 0], [1, 0, 1, 0.008193731307983398, 1, 0, 8, 10, 17, 1, 0, 1, 1, 2, 7, 6, 0, 0, 0, 9, 1, 0.9090909090909091, 0, 0], [1, 0, 0, 0.13217198848724365, 0, 0, 8, 10, 17, 1, 1, 0, 0, 5, 3, 1, 0, 0, 0, 9, 1, 0.5, 0, 0], [1, 0, 1, 0.18847984075546265, 1, 0, 8, 5, 12, 1, 1, 1, 1, 2, 2, 7, 0, 0, 0, 4, 0, 0.8, 0, 0], [0, 0, 0, 0.022444963455200195, 0, 0, 8, 3, 10, 0, 0, 0, 0, 1, 1, 3, 0, 0, 0, 2, 0, 0.5, 0, 0], [0, 0, 0, 0.22081148624420166, 0, 0, 8, 4, 11, 0, 0, 0, 0, 2, 1, 3, 0, 0, 0, 3, 0, 0.3333333333333333, 0, 0], [1, 0, 1, 0.041211873292922974, 1, 0, 8, 5, 12, 1, 1, 1, 0, 3, 1, 4, 0, 0, 0, 4, 1, 0.5, 0, 0], [1, 0, 0, 0.010230958461761475, 0, 0, 8, 7, 14, 1, 0, 1, 0, 5, 1, 3, 0, 0, 0, 6, 0, 0.8888888888888888, 0, 0], [1, 0, 1, 0.0697219967842102, 0, 0, 8, 5, 12, 1, 0, 1, 1, 2, 2, 6, 0, 0, 0, 4, 1, 0.5, 0, 0], [0, 0, 0, 0.0982750654220581, 0, 0, 8, 4, 11, 0, 0, 0, 0, 2, 1, 7, 0, 0, 0, 3, 0, 0.75, 0, 0], [0, 0, 0, 0.002895146608352661, 0, 0, 8, 13, 20, 0, 0, 0, 0, 11, 1, 2, 0, 0, 0, 12, 0, 0.5, 0, 0], [0, 0, 0, 0.010617494583129883, 0, 0, 8, 3, 10, 0, 0, 0, 0, 1, 1, 4, 0, 0, 0, 2, 0, 0.5, 0, 0], [0, 0, 0, 0.03754138946533203, 0, 0, 8, 4, 11, 0, 0, 1, 1, 2, 1, 4, 0, 0, 0, 3, 0, 0.5, 0, 0], [1, 0, 1, 0.13656854629516602, 0, 1, 7, 3, 9, 1, 0, 0, 0, 1, 1, 6, 0, 0, 0, 2, 0, 0.6666666666666666, 0, 0], [0, 0, 0, 0.12138336896896362, 0, 0, 8, 3, 10, 0, 0, 0, 0, 1, 1, 2, 0, 0, 0, 2, 0, 0.6666666666666666, 0, 0], [1, 0, 0, 0.026888906955718994, 1, 0, 8, 13, 20, 1, 0, 1, 0, 6, 3, 1, 0, 0, 0, 12, 1, 0.6666666666666666, 0, 0], [0, 0, 0, 0.0, 0, 0, 8, 6, 13, 0, 0, 0, 0, 3, 2, 3, 0, 0, 0, 5, 0, 0.5, 0, 0], [1, 0, 0, 0.013010352849960327, 1, 0, 8, 6, 13, 1, 0, 1, 1, 4, 1, 4, 0, 0, 0, 5, 1, 0.5, 0, 0], [0, 0, 0, 0.036354660987854004, 0, 0, 8, 13, 20, 0, 0, 0, 0, 7, 3, 2, 0, 0, 0, 12, 0, 0.5, 0, 0], [1, 0, 1, 0.0604475736618042, 1, 0, 8, 13, 20, 1, 0, 1, 1, 3, 9, 4, 0, 0, 0, 12, 1, 0.5, 0, 0], [0, 0, 0, 0.14443892240524292, 0, 0, 8, 3, 10, 0, 0, 0, 0, 1, 1, 5, 0, 0, 0, 2, 0, 0.5, 0, 0], [0, 0, 0, 0.009940117597579956, 0, 0, 8, 3, 10, 0, 0, 0, 0, 1, 1, 3, 0, 0, 0, 2, 0, 0.6666666666666666, 0, 0], [0, 0, 0, 0.012190461158752441, 0, 0, 8, 4, 11, 0, 0, 0, 0, 2, 1, 3, 0, 0, 0, 3, 0, 0.5, 0, 0], [0, 0, 0, 0.009377717971801758, 0, 0, 8, 13, 20, 0, 0, 0, 0, 11, 1, 1, 0, 0, 0, 12, 0, 0.5, 0, 0], [1, 0, 0, 0.1013452410697937, 0, 0, 8, 4, 11, 1, 0, 1, 0, 2, 1, 6, 0, 0, 0, 3, 0, 0.9090909090909091, 0, 0], [0, 0, 0, 0.012809216976165771, 0, 0, 8, 13, 20, 0, 0, 0, 0, 11, 1, 1, 0, 0, 0, 12, 0, 0.14285714285714285, 0, 0], [0, 0, 0, 0.00772896409034729, 0, 0, 8, 11, 18, 0, 0, 0, 0, 9, 1, 5, 0, 0, 0, 10, 0, 0.5, 0, 0], [1, 0, 1, 0.2390243411064148, 1, 0, 8, 5, 12, 1, 0, 1, 1, 2, 2, 3, 0, 0, 0, 4, 0, 0.6666666666666666, 0, 0], [0, 0, 0, 0.06553524732589722, 0, 0, 8, 4, 11, 0, 0, 0, 0, 2, 1, 3, 0, 0, 0, 3, 0, 0.5, 0, 0], [0, 0, 0, 0.09495055675506592, 0, 0, 8, 3, 10, 0, 0, 0, 0, 1, 1, 4, 0, 0, 0, 2, 0, 0.6666666666666666, 0, 0], [1, 0, 1, 0.11087501049041748, 1, 0, 8, 13, 20, 1, 0, 1, 1, 8, 4, 4, 0, 0, 0, 12, 1, 0.6, 0, 0], [0, 0, 0, 0.024240434169769287, 0, 0, 8, 8, 15, 0, 0, 1, 0, 3, 4, 7, 0, 0, 0, 7, 0, 0.6666666666666666, 0, 0], [1, 0, 1, 0.010402798652648926, 1, 0, 8, 13, 20, 1, 0, 1, 1, 3, 9, 5, 0, 0, 0, 12, 1, 0.9, 0, 0], [0, 0, 0, 0.0031349658966064453, 0, 0, 8, 3, 10, 0, 0, 0, 0, 1, 1, 5, 0, 0, 0, 2, 0, 0.5, 0, 0], [0, 0, 0, 0.043107032775878906, 0, 0, 8, 13, 20, 0, 0, 0, 0, 11, 1, 1, 0, 0, 0, 12, 0, 0.5, 0, 0], [0, 0, 0, 0.016892731189727783, 0, 0, 8, 3, 10, 0, 0, 0, 0, 1, 1, 2, 0, 0, 0, 2, 0, 0.5, 0, 0], [1, 0, 1, 0.07432359457015991, 0, 1, 8, 3, 10, 1, 0, 0, 0, 1, 1, 4, 0, 0, 0, 2, 0, 0.5, 0, 0], [0, 0, 0, 0.05107533931732178, 0, 0, 8, 4, 11, 0, 0, 0, 0, 2, 1, 2, 0, 0, 0, 3, 0, 0.6666666666666666, 0, 0], [0, 0, 0, 0.12420415878295898, 0, 0, 8, 4, 11, 0, 0, 0, 0, 2, 1, 5, 0, 0, 0, 3, 0, 0.6, 0, 0], [0, 0, 0, 0.061316490173339844, 0, 0, 8, 13, 20, 0, 0, 0, 0, 11, 1, 1, 0, 0, 0, 12, 0, 0.25, 0, 0], [1, 0, 1, 0.025287151336669922, 0, 0, 8, 7, 14, 1, 0, 1, 1, 2, 4, 6, 0, 0, 0, 6, 0, 0.6666666666666666, 0, 0], [0, 0, 0, 0.129338800907135, 0, 0, 8, 3, 10, 0, 0, 0, 0, 1, 1, 3, 0, 0, 0, 2, 0, 0.5, 0, 0], [1, 0, 0, 0.04769492149353027, 1, 0, 8, 4, 11, 1, 0, 0, 0, 1, 2, 6, 0, 0, 0, 3, 1, 0.5, 0, 0], [0, 0, 0, 0.13263624906539917, 0, 0, 8, 5, 12, 0, 0, 0, 0, 3, 1, 3, 0, 0, 0, 4, 0, 0.5, 0, 0], [0, 0, 0, 0.06838050484657288, 0, 0, 8, 13, 20, 0, 0, 0, 0, 11, 1, 1, 0, 0, 0, 12, 0, 0.25, 0, 0], [0, 0, 0, 0.009058177471160889, 0, 0, 8, 4, 11, 0, 0, 0, 0, 2, 1, 5, 0, 0, 0, 3, 0, 0.5, 0, 0], [1, 0, 1, 0.025287151336669922, 0, 0, 8, 7, 14, 1, 0, 1, 1, 2, 4, 6, 0, 0, 0, 6, 0, 0.6666666666666666, 0, 0], [0, 0, 0, 0.12111061811447144, 0, 0, 8, 13, 20, 0, 0, 1, 0, 6, 4, 4, 0, 0, 0, 12, 0, 0.6666666666666666, 0, 0], [0, 0, 0, 0.028396010398864746, 0, 0, 8, 7, 14, 0, 0, 1, 0, 2, 3, 6, 0, 0, 0, 6, 0, 0.6666666666666666, 0, 0], [1, 0, 1, 0.01464545726776123, 0, 0, 8, 8, 15, 1, 0, 1, 1, 3, 3, 7, 0, 0, 0, 7, 1, 0.9090909090909091, 0, 0], [0, 0, 1, 0.0006899237632751465, 0, 0, 8, 4, 11, 0, 0, 1, 1, 2, 1, 4, 0, 0, 0, 3, 0, 0.6666666666666666, 0, 0], [0, 0, 0, 0.14382117986679077, 0, 0, 8, 3, 10, 0, 0, 0, 0, 1, 1, 3, 0, 0, 0, 2, 0, 0.75, 0, 0], [0, 0, 0, 0.028343647718429565, 0, 0, 8, 5, 12, 0, 0, 0, 0, 3, 1, 3, 0, 0, 0, 4, 0, 0.5, 0, 0], [0, 0, 0, 0.048290103673934937, 0, 0, 8, 10, 17, 0, 0, 0, 0, 7, 2, 3, 0, 0, 0, 9, 0, 0.75, 0, 0], [1, 0, 0, 0.029364168643951416, 0, 0, 8, 3, 10, 1, 0, 0, 0, 1, 1, 5, 0, 0, 0, 2, 0, 0.8961038961038961, 0, 0], [0, 0, 0, 0.05707576870918274, 0, 0, 8, 3, 10, 0, 0, 0, 0, 1, 1, 5, 0, 0, 0, 2, 0, 0.6666666666666666, 0, 0], [0, 0, 0, 0.06076687574386597, 0, 0, 8, 13, 20, 0, 0, 0, 0, 6, 3, 3, 0, 0, 0, 12, 0, 0.75, 0, 0], [0, 0, 0, 0.040449678897857666, 0, 0, 8, 3, 10, 0, 0, 0, 0, 1, 1, 2, 0, 0, 0, 2, 0, 0.5, 0, 0], [1, 0, 1, 0.03328067064285278, 1, 0, 8, 13, 20, 1, 0, 1, 1, 2, 10, 6, 0, 0, 0, 12, 1, 0.6666666666666666, 0, 0], [1, 0, 0, 0.055712342262268066, 0, 0, 8, 4, 11, 1, 0, 0, 0, 1, 2, 5, 0, 0, 0, 3, 0, 0.6666666666666666, 0, 0], [1, 0, 0, 0.4394674301147461, 0, 0, 8, 4, 11, 1, 0, 0, 0, 1, 2, 3, 0, 0, 0, 3, 0, 0.5, 0, 0], [1, 0, 1, 5.960464477539063e-08, 0, 1, 7, 3, 9, 1, 0, 0, 0, 1, 1, 5, 0, 0, 0, 2, 0, 0.6666666666666666, 0, 0], [1, 0, 0, 0.007747352123260498, 0, 0, 8, 13, 20, 1, 0, 0, 0, 9, 3, 2, 0, 0, 0, 12, 1, 0.5, 0, 0], [1, 0, 1, 0.053503841161727905, 0, 0, 8, 8, 15, 1, 0, 1, 0, 6, 1, 3, 0, 0, 0, 7, 1, 0.5, 0, 0], [1, 0, 1, 0.010842978954315186, 1, 0, 8, 7, 14, 1, 1, 1, 1, 2, 4, 4, 0, 0, 0, 6, 1, 0.9, 0, 0], [1, 0, 0, 0.10869771242141724, 0, 0, 8, 12, 19, 1, 0, 1, 0, 6, 3, 4, 0, 0, 0, 11, 1, 0.6666666666666666, 0, 0], [0, 0, 0, 0.09938138723373413, 0, 0, 8, 4, 11, 0, 0, 0, 0, 2, 1, 3, 0, 0, 0, 3, 0, 0.5, 0, 0], [0, 0, 0, 0.013685464859008789, 0, 0, 8, 13, 20, 0, 0, 1, 0, 10, 2, 1, 0, 0, 0, 12, 0, 0.5, 0, 0], [0, 0, 0, 0.010175466537475586, 0, 0, 8, 3, 10, 0, 0, 0, 0, 1, 1, 3, 0, 0, 0, 2, 0, 0.625, 0, 0], [1, 0, 1, 0.00033289194107055664, 0, 1, 8, 3, 10, 1, 0, 0, 0, 1, 1, 5, 0, 0, 0, 2, 0, 0.6666666666666666, 0, 0], [0, 0, 0, 0.027318567037582397, 0, 0, 8, 8, 15, 0, 0, 0, 0, 6, 1, 7, 0, 0, 0, 7, 0, 0.8, 0, 0], [0, 0, 0, 0.0061289966106414795, 0, 0, 8, 3, 10, 0, 0, 0, 0, 1, 1, 5, 0, 0, 0, 2, 0, 0.8, 0, 0], [0, 0, 0, 0.09421700239181519, 0, 0, 8, 13, 20, 0, 0, 0, 0, 11, 1, 1, 0, 0, 0, 12, 0, 0.25, 0, 0], [0, 0, 0, 0.05745363235473633, 0, 0, 8, 6, 13, 0, 0, 0, 0, 4, 1, 5, 0, 0, 0, 5, 0, 0.75, 0, 0], [1, 0, 1, 0.026888906955718994, 1, 0, 8, 13, 20, 1, 0, 1, 1, 6, 4, 1, 0, 0, 0, 12, 1, 0.6666666666666666, 0, 0], [0, 0, 0, 0.0506247878074646, 0, 0, 8, 8, 15, 0, 0, 0, 0, 5, 2, 3, 0, 0, 0, 7, 0, 0.6666666666666666, 0, 0], [0, 0, 0, 0.1574413776397705, 0, 0, 8, 3, 10, 0, 0, 0, 0, 1, 1, 3, 0, 0, 0, 2, 0, 0.5, 0, 0], [0, 0, 0, 0.029661178588867188, 0, 0, 8, 13, 20, 0, 0, 0, 0, 8, 3, 1, 0, 0, 0, 12, 0, 0.3333333333333333, 0, 0], [1, 0, 1, 0.04615890979766846, 1, 0, 8, 13, 20, 1, 0, 1, 1, 8, 3, 5, 0, 0, 0, 12, 1, 0.9, 0, 0], [0, 0, 0, 0.30000364780426025, 0, 0, 8, 3, 10, 0, 0, 0, 0, 1, 1, 4, 0, 0, 0, 2, 0, 0.6666666666666666, 0, 0], [0, 0, 0, 0.036283671855926514, 0, 0, 8, 5, 12, 0, 0, 0, 0, 3, 1, 4, 0, 0, 0, 4, 0, 0.5, 0, 0], [0, 0, 0, 0.037363409996032715, 0, 0, 8, 3, 10, 0, 0, 0, 0, 1, 1, 4, 0, 0, 0, 2, 0, 0.5, 0, 0], [1, 0, 1, 0.15509659051895142, 1, 0, 8, 6, 13, 1, 0, 1, 1, 2, 3, 5, 0, 0, 0, 5, 0, 0.75, 0, 0], [1, 0, 0, 0.027441561222076416, 0, 0, 8, 13, 20, 1, 0, 1, 0, 7, 3, 3, 0, 0, 0, 12, 0, 0.5, 0, 0], [1, 0, 0, 0.05177438259124756, 0, 0, 8, 6, 13, 1, 0, 1, 0, 4, 1, 4, 0, 0, 0, 5, 0, 0.6153846153846154, 0, 0], [0, 0, 0, 0.10832327604293823, 0, 0, 8, 4, 11, 0, 0, 0, 0, 2, 1, 7, 0, 0, 0, 3, 0, 0.75, 0, 0], [0, 0, 0, 0.11194658279418945, 0, 0, 8, 3, 10, 0, 0, 0, 0, 1, 1, 5, 0, 0, 0, 2, 0, 0.6666666666666666, 0, 0], [1, 0, 0, 0.018705248832702637, 0, 0, 8, 3, 10, 1, 0, 0, 0, 1, 1, 4, 0, 0, 0, 2, 0, 0.6666666666666666, 0, 0], [0, 0, 0, 0.005587846040725708, 0, 0, 8, 6, 13, 0, 0, 0, 0, 4, 1, 2, 0, 0, 0, 5, 0, 0.3333333333333333, 0, 0], [0, 0, 0, 0.013068318367004395, 0, 0, 8, 3, 10, 0, 0, 0, 0, 1, 1, 5, 0, 0, 0, 2, 0, 0.5, 0, 0], [0, 0, 0, 0.13296973705291748, 0, 0, 8, 9, 16, 0, 0, 0, 0, 3, 4, 5, 0, 0, 0, 8, 0, 0.6666666666666666, 0, 0], [0, 0, 0, 0.03617048263549805, 0, 0, 8, 8, 15, 0, 0, 1, 0, 6, 1, 1, 0, 0, 0, 7, 0, 0.2, 0, 0], [0, 0, 0, 0.10692113637924194, 0, 0, 8, 13, 20, 0, 0, 0, 0, 10, 2, 6, 0, 0, 0, 12, 0, 0.6666666666666666, 0, 0], [1, 0, 1, 0.000898897647857666, 0, 1, 6, 3, 8, 1, 0, 0, 0, 1, 1, 4, 0, 0, 0, 2, 0, 0.6666666666666666, 0, 0], [0, 0, 0, 0.00018841028213500977, 0, 0, 8, 3, 10, 0, 0, 0, 0, 1, 1, 4, 0, 0, 0, 2, 0, 0.5, 0, 0], [0, 0, 0, 0.008705675601959229, 0, 0, 8, 5, 12, 0, 0, 0, 0, 2, 2, 2, 0, 0, 0, 4, 0, 0.6666666666666666, 0, 0], [1, 0, 1, 0.010402798652648926, 1, 0, 8, 13, 20, 1, 0, 1, 1, 4, 8, 5, 0, 0, 0, 12, 1, 0.9, 0, 0], [1, 0, 1, 0.01877385377883911, 1, 0, 8, 6, 13, 1, 0, 1, 1, 2, 3, 5, 0, 0, 0, 5, 1, 0.9, 0, 0], [1, 0, 1, 0.08106166124343872, 1, 0, 8, 7, 14, 1, 0, 1, 0, 3, 2, 4, 0, 0, 0, 6, 1, 0.6666666666666666, 0, 0], [0, 0, 0, 0.058293700218200684, 0, 0, 8, 7, 14, 0, 0, 0, 0, 5, 1, 1, 0, 0, 0, 6, 0, 0.5, 0, 0], [0, 0, 0, 0.025086551904678345, 0, 0, 8, 10, 17, 0, 0, 0, 0, 8, 1, 2, 0, 0, 0, 9, 0, 0.5, 0, 0], [0, 0, 0, 0.271731436252594, 0, 0, 8, 5, 12, 0, 0, 0, 0, 1, 3, 3, 0, 0, 0, 4, 0, 0.5, 0, 0], [0, 0, 0, 0.03493756055831909, 0, 0, 8, 13, 20, 0, 0, 0, 0, 10, 2, 3, 0, 0, 0, 12, 0, 0.5, 0, 0], [1, 0, 1, 0.13573169708251953, 1, 0, 8, 13, 20, 1, 0, 1, 1, 5, 6, 2, 0, 0, 0, 12, 1, 0.6666666666666666, 0, 0], [0, 0, 0, 0.06444081664085388, 0, 0, 8, 3, 10, 0, 0, 0, 0, 1, 1, 2, 0, 0, 0, 2, 0, 0.5, 0, 0], [1, 0, 0, 0.013022780418395996, 0, 0, 8, 4, 11, 1, 0, 1, 0, 2, 1, 6, 0, 0, 0, 3, 0, 0.8, 0, 0], [1, 0, 0, 0.0032792091369628906, 0, 0, 8, 12, 19, 1, 0, 1, 0, 7, 3, 4, 0, 0, 0, 11, 0, 0.9, 0, 0], [0, 0, 0, 0.047633469104766846, 0, 0, 8, 3, 10, 0, 0, 0, 0, 1, 1, 4, 0, 0, 0, 2, 0, 0.5, 0, 0], [0, 0, 0, 0.018919169902801514, 0, 0, 8, 13, 20, 0, 0, 0, 0, 10, 2, 1, 0, 0, 0, 12, 0, 0.5, 0, 0], [1, 0, 1, 0.010704576969146729, 0, 0, 8, 10, 17, 1, 0, 1, 1, 7, 2, 1, 0, 0, 0, 9, 1, 0.5, 0, 0], [0, 0, 0, 0.016136735677719116, 0, 0, 8, 4, 11, 0, 0, 0, 0, 2, 1, 2, 0, 0, 0, 3, 0, 0.5, 0, 0], [0, 0, 0, 0.25321704149246216, 0, 0, 8, 4, 11, 0, 0, 0, 0, 2, 1, 4, 0, 0, 0, 3, 0, 0.8888888888888888, 0, 0], [1, 0, 1, 0.05187571048736572, 1, 0, 8, 5, 12, 1, 0, 1, 1, 2, 2, 5, 0, 0, 0, 4, 1, 0.6, 0, 0], [1, 0, 1, 0.028966128826141357, 1, 0, 8, 8, 15, 1, 0, 1, 1, 5, 2, 5, 0, 0, 0, 7, 1, 0.5, 0, 0], [1, 0, 1, 0.11316561698913574, 1, 1, 8, 6, 13, 1, 0, 1, 1, 2, 2, 4, 0, 0, 0, 5, 1, 0.5, 0, 0], [0, 0, 0, 0.20983582735061646, 0, 0, 8, 3, 10, 0, 0, 0, 0, 1, 1, 3, 0, 0, 0, 2, 0, 0.6, 0, 0], [0, 0, 0, 0.06862813234329224, 0, 0, 8, 3, 10, 0, 0, 0, 0, 1, 1, 4, 0, 0, 0, 2, 0, 0.5, 0, 0], [0, 0, 0, 0.007192045450210571, 0, 0, 8, 4, 11, 0, 0, 0, 0, 2, 1, 4, 0, 0, 0, 3, 0, 0.5, 0, 0], [1, 0, 0, 0.04689079523086548, 0, 0, 8, 4, 11, 1, 0, 0, 0, 2, 1, 4, 0, 0, 0, 3, 0, 0.75, 0, 0], [0, 0, 0, 0.06357663869857788, 0, 0, 8, 13, 20, 0, 0, 0, 0, 11, 1, 1, 0, 0, 0, 12, 0, 0.25, 0, 0], [0, 0, 0, 0.0858549177646637, 0, 0, 8, 13, 20, 0, 0, 1, 0, 11, 1, 1, 0, 0, 0, 12, 0, 0.6666666666666666, 0, 0], [1, 0, 0, 0.03344762325286865, 0, 0, 8, 12, 19, 1, 0, 1, 0, 7, 4, 5, 0, 0, 0, 11, 1, 0.5, 0, 0], [1, 0, 0, 0.0, 0, 0, 8, 3, 10, 1, 1, 0, 0, 1, 1, 4, 0, 0, 0, 2, 0, 0.5, 0, 0], [0, 0, 0, 0.16587352752685547, 0, 0, 8, 4, 11, 0, 0, 0, 0, 2, 1, 4, 0, 0, 0, 3, 0, 0.6153846153846154, 0, 0], [0, 0, 0, 0.10574209690093994, 0, 0, 8, 5, 12, 0, 0, 0, 0, 3, 1, 2, 0, 0, 0, 4, 0, 0.5, 0, 0], [0, 0, 0, 0.45742321014404297, 0, 0, 8, 3, 10, 0, 0, 0, 0, 1, 1, 5, 0, 0, 0, 2, 0, 0.5, 0, 0], [0, 0, 0, 0.0031875669956207275, 0, 0, 8, 13, 20, 0, 0, 0, 0, 11, 1, 1, 0, 0, 0, 12, 0, 0.5, 0, 0], [0, 0, 0, 0.06406605243682861, 0, 0, 8, 7, 14, 0, 0, 1, 0, 4, 2, 3, 0, 0, 0, 6, 0, 0.6666666666666666, 0, 0], [0, 0, 0, 0.052665531635284424, 0, 0, 8, 3, 10, 0, 0, 0, 0, 1, 1, 5, 0, 0, 0, 2, 0, 0.75, 0, 0], [0, 0, 0, 0.021360725164413452, 0, 0, 8, 10, 17, 0, 0, 0, 0, 8, 1, 1, 0, 0, 0, 9, 0, 0.6666666666666666, 0, 0], [0, 0, 1, 0.13464394211769104, 0, 0, 8, 13, 20, 0, 0, 1, 0, 11, 1, 3, 0, 0, 0, 12, 0, 0.6666666666666666, 0, 0], [1, 0, 0, 0.174638032913208, 0, 0, 8, 3, 10, 1, 1, 0, 0, 1, 1, 6, 0, 0, 0, 2, 0, 0.6666666666666666, 0, 0], [0, 0, 0, 0.01769232749938965, 0, 0, 8, 3, 10, 0, 0, 0, 0, 1, 1, 7, 0, 0, 0, 2, 0, 0.8, 0, 0], [0, 0, 0, 0.006057024002075195, 0, 0, 8, 13, 20, 0, 0, 0, 0, 11, 1, 2, 0, 0, 0, 12, 0, 0.5, 0, 0], [1, 0, 0, 0.11458620429039001, 1, 0, 8, 4, 11, 1, 1, 0, 0, 2, 1, 5, 0, 0, 0, 3, 1, 0.5, 0, 0], [0, 0, 0, 0.006743788719177246, 0, 0, 8, 13, 20, 0, 0, 0, 0, 8, 2, 2, 0, 0, 0, 12, 0, 0.6666666666666666, 0, 0], [1, 0, 0, 0.02346092462539673, 0, 0, 8, 13, 20, 1, 0, 1, 0, 11, 1, 1, 0, 0, 0, 12, 1, 0.5, 0, 0], [1, 0, 0, 0.07247459888458252, 0, 0, 8, 7, 14, 1, 0, 0, 0, 5, 1, 3, 0, 0, 0, 6, 0, 0.5, 0, 0], [1, 0, 0, 0.074435293674469, 0, 0, 8, 4, 11, 1, 0, 0, 0, 2, 1, 7, 0, 0, 0, 3, 0, 0.75, 0, 0], [0, 0, 0, 0.029802918434143066, 0, 0, 8, 3, 10, 0, 0, 0, 0, 1, 1, 4, 0, 0, 0, 2, 0, 0.5, 0, 0], [0, 0, 0, 0.09153485298156738, 0, 0, 8, 12, 19, 0, 0, 0, 0, 9, 2, 3, 0, 0, 0, 11, 0, 0.5, 0, 0], [1, 0, 1, 0.010402798652648926, 1, 0, 8, 13, 20, 1, 0, 1, 1, 2, 10, 5, 0, 0, 0, 12, 1, 0.9, 0, 0], [1, 0, 0, 0.08554470539093018, 0, 0, 8, 3, 10, 1, 0, 0, 0, 1, 1, 5, 0, 0, 0, 2, 1, 0.6666666666666666, 0, 0], [0, 0, 0, 0.00010025501251220703, 0, 0, 8, 3, 10, 0, 0, 0, 0, 1, 1, 4, 0, 0, 0, 2, 0, 0.75, 0, 0], [1, 0, 1, 0.05302530527114868, 1, 0, 8, 12, 19, 1, 0, 1, 1, 7, 3, 3, 0, 0, 0, 11, 0, 0.6666666666666666, 0, 0], [0, 0, 0, 0.01482391357421875, 0, 0, 8, 4, 11, 0, 0, 0, 0, 2, 1, 5, 0, 0, 0, 3, 0, 0.5, 0, 0], [0, 0, 0, 0.14389359951019287, 0, 0, 8, 11, 18, 0, 0, 1, 0, 5, 3, 3, 0, 0, 0, 10, 0, 0.6666666666666666, 0, 0], [0, 0, 0, 0.022701919078826904, 0, 0, 8, 13, 20, 0, 0, 0, 0, 4, 6, 1, 0, 0, 0, 12, 0, 0.6666666666666666, 0, 0], [1, 0, 1, 0.0248529314994812, 0, 0, 8, 12, 19, 1, 0, 1, 1, 6, 3, 1, 0, 0, 0, 11, 1, 0.75, 0, 0], [0, 0, 0, 0.032199084758758545, 0, 0, 8, 4, 11, 0, 0, 0, 0, 2, 1, 5, 0, 0, 0, 3, 0, 0.6666666666666666, 0, 0], [1, 0, 0, 0.15045607089996338, 0, 0, 8, 3, 10, 1, 0, 0, 0, 1, 1, 4, 0, 0, 0, 2, 0, 0.75, 0, 0], [0, 0, 0, 0.1746300458908081, 0, 0, 8, 6, 13, 0, 0, 0, 0, 1, 4, 5, 0, 0, 0, 5, 0, 0.6666666666666666, 0, 0], [0, 0, 0, 6.395578384399414e-05, 0, 0, 8, 4, 11, 0, 0, 0, 0, 2, 1, 4, 0, 0, 0, 3, 0, 0.9, 0, 0], [0, 0, 0, 0.013837337493896484, 0, 0, 8, 13, 20, 0, 0, 0, 0, 11, 1, 1, 0, 0, 0, 12, 0, 0.2, 0, 0], [1, 0, 1, 0.028966128826141357, 1, 0, 8, 8, 15, 1, 0, 1, 1, 5, 2, 5, 0, 0, 0, 7, 1, 0.5, 0, 0], [1, 0, 0, 0.1021314263343811, 1, 0, 8, 4, 11, 1, 0, 1, 0, 2, 1, 5, 0, 0, 0, 3, 1, 0.6666666666666666, 0, 0], [1, 0, 0, 0.02291238307952881, 0, 0, 8, 13, 20, 1, 1, 1, 0, 5, 6, 1, 0, 0, 0, 12, 0, 0.6666666666666666, 0, 0], [0, 0, 0, 0.01124793291091919, 0, 0, 8, 13, 20, 0, 0, 0, 0, 11, 1, 2, 0, 0, 0, 12, 0, 0.5, 0, 0], [0, 0, 0, 0.016852200031280518, 0, 0, 7, 8, 14, 0, 0, 0, 0, 4, 3, 6, 0, 0, 0, 7, 0, 0.5, 0, 0], [1, 0, 0, 0.08699691295623779, 0, 0, 8, 10, 17, 1, 0, 1, 0, 6, 3, 1, 0, 0, 0, 9, 0, 0.5, 0, 0], [1, 0, 1, 0.03328067064285278, 1, 0, 8, 13, 20, 1, 0, 1, 1, 2, 9, 6, 0, 0, 0, 12, 1, 0.6666666666666666, 0, 0], [0, 0, 0, 0.0738341212272644, 0, 0, 8, 3, 10, 0, 0, 0, 0, 1, 1, 3, 0, 0, 0, 2, 0, 0.5, 0, 0], [0, 0, 0, 0.04151260852813721, 0, 0, 8, 3, 10, 0, 0, 0, 0, 1, 1, 3, 0, 0, 0, 2, 0, 0.5, 0, 0], [1, 0, 0, 0.028645038604736328, 1, 0, 8, 13, 20, 1, 0, 1, 0, 8, 2, 4, 0, 0, 0, 12, 1, 0.75, 0, 0], [1, 0, 1, 0.03353118896484375, 1, 0, 8, 13, 20, 1, 0, 1, 1, 5, 6, 3, 0, 0, 0, 12, 1, 0.8888888888888888, 0, 0], [0, 0, 0, 0.004585593938827515, 0, 0, 8, 3, 10, 0, 0, 0, 0, 1, 1, 5, 0, 0, 0, 2, 0, 0.6666666666666666, 0, 0], [0, 0, 0, 0.18443262577056885, 0, 0, 8, 10, 17, 0, 0, 0, 0, 6, 2, 5, 0, 0, 0, 9, 0, 0.6666666666666666, 0, 0], [0, 0, 0, 0.05453929305076599, 0, 0, 8, 3, 10, 0, 0, 0, 0, 1, 1, 3, 0, 0, 0, 2, 0, 0.5, 0, 0], [0, 0, 0, 0.0044686198234558105, 0, 0, 8, 3, 10, 0, 0, 0, 0, 1, 1, 4, 0, 0, 0, 2, 0, 0.75, 0, 0], [0, 0, 0, 0.11393868923187256, 0, 0, 8, 3, 10, 0, 0, 0, 0, 1, 1, 6, 0, 0, 0, 2, 0, 0.5, 0, 0], [1, 0, 0, 0.005220174789428711, 0, 0, 8, 5, 12, 1, 0, 1, 1, 3, 1, 4, 0, 0, 0, 4, 1, 0.6666666666666666, 0, 0], [0, 0, 0, 0.056284099817276, 0, 0, 8, 13, 20, 0, 0, 0, 0, 11, 1, 1, 0, 0, 0, 12, 0, 0.25, 0, 0], [1, 0, 0, 0.4410665035247803, 0, 0, 8, 4, 11, 1, 0, 0, 0, 2, 1, 7, 0, 0, 0, 3, 0, 0.5, 0, 0], [0, 0, 0, 0.06639134883880615, 0, 0, 4, 4, 7, 1, 0, 0, 0, 1, 2, 2, 0, 0, 0, 3, 0, 0.7142857142857143, 0, 0], [0, 0, 0, 0.009414851665496826, 0, 0, 8, 3, 10, 0, 0, 0, 0, 1, 1, 5, 0, 0, 0, 2, 0, 0.8888888888888888, 0, 0], [1, 0, 0, 0.03250783681869507, 0, 0, 8, 13, 20, 1, 0, 1, 0, 5, 6, 1, 0, 0, 0, 12, 0, 0.6666666666666666, 0, 0], [0, 0, 0, 0.011065304279327393, 0, 0, 8, 3, 10, 0, 0, 0, 0, 1, 1, 5, 0, 0, 0, 2, 0, 0.5, 0, 0], [1, 0, 0, 0.0012690424919128418, 0, 0, 8, 8, 15, 1, 0, 1, 0, 2, 5, 4, 0, 0, 0, 7, 0, 0.9, 0, 0], [1, 0, 1, 0.001719355583190918, 1, 0, 8, 4, 11, 1, 1, 1, 1, 2, 1, 3, 0, 0, 0, 3, 1, 0.6666666666666666, 0, 0], [0, 0, 0, 0.002743363380432129, 0, 0, 8, 5, 12, 0, 0, 1, 0, 3, 1, 5, 0, 0, 0, 4, 0, 0.75, 0, 0], [0, 0, 0, 0.0027898550033569336, 0, 0, 8, 3, 10, 0, 0, 0, 0, 1, 1, 4, 0, 0, 0, 2, 0, 0.6666666666666666, 0, 0], [0, 0, 0, 0.0008256137371063232, 0, 0, 8, 4, 11, 0, 0, 0, 0, 2, 1, 2, 0, 0, 0, 3, 0, 0.6666666666666666, 0, 0], [1, 0, 0, 0.018858611583709717, 1, 0, 8, 5, 12, 1, 0, 1, 1, 3, 1, 5, 0, 0, 0, 4, 1, 0.75, 0, 0], [0, 0, 0, 0.11727702617645264, 0, 0, 8, 3, 10, 0, 0, 0, 0, 1, 1, 7, 0, 0, 0, 2, 0, 0.5, 0, 0], [1, 0, 0, 0.10499715805053711, 0, 0, 8, 3, 10, 1, 0, 0, 0, 1, 1, 4, 0, 0, 0, 2, 0, 0.75, 0, 0], [0, 0, 0, 0.00020241737365722656, 0, 0, 8, 6, 13, 0, 0, 0, 0, 3, 2, 3, 0, 0, 0, 5, 0, 0.6666666666666666, 0, 0], [0, 0, 0, 0.5745019316673279, 0, 0, 8, 3, 10, 0, 0, 0, 0, 1, 1, 4, 0, 0, 0, 2, 0, 0.5, 0, 0], [1, 0, 0, 0.01835811138153076, 0, 0, 8, 3, 10, 1, 0, 0, 0, 1, 1, 5, 0, 0, 0, 2, 0, 0.5, 0, 0], [1, 0, 0, 0.037406086921691895, 0, 0, 8, 3, 10, 1, 0, 0, 0, 1, 1, 3, 0, 0, 0, 2, 0, 0.6666666666666666, 0, 0], [0, 0, 0, 0.014887034893035889, 0, 0, 8, 3, 10, 0, 0, 0, 0, 1, 1, 4, 0, 0, 0, 2, 0, 0.5, 0, 0], [0, 0, 0, 0.01535940170288086, 0, 0, 8, 8, 15, 0, 0, 0, 0, 5, 2, 2, 0, 0, 0, 7, 0, 0.5, 0, 0], [0, 0, 0, 0.019081532955169678, 0, 0, 8, 11, 18, 0, 0, 0, 0, 9, 1, 4, 0, 0, 0, 10, 0, 0.75, 0, 0], [1, 0, 1, 0.03328067064285278, 1, 0, 8, 13, 20, 1, 0, 1, 1, 1, 11, 6, 0, 0, 0, 12, 1, 0.6666666666666666, 0, 0], [1, 0, 0, 0.013752400875091553, 1, 0, 8, 9, 16, 1, 0, 1, 0, 6, 2, 5, 0, 0, 0, 8, 0, 0.5, 0, 0], [0, 0, 0, 0.062452107667922974, 0, 0, 8, 3, 10, 0, 0, 0, 0, 1, 1, 6, 0, 0, 0, 2, 0, 0.8, 0, 0], [0, 0, 0, 0.08978164196014404, 0, 0, 8, 3, 10, 0, 0, 0, 0, 1, 1, 4, 0, 0, 0, 2, 0, 0.5, 0, 0], [0, 0, 0, 0.023275136947631836, 0, 0, 8, 4, 11, 0, 0, 0, 0, 2, 1, 5, 0, 0, 0, 3, 0, 0.75, 0, 0], [0, 0, 0, 0.019903481006622314, 0, 0, 8, 13, 20, 0, 0, 0, 0, 9, 2, 6, 0, 0, 0, 12, 0, 0.8, 0, 0], [0, 0, 0, 0.032990455627441406, 0, 0, 8, 10, 17, 0, 0, 0, 0, 8, 1, 2, 0, 0, 0, 9, 0, 0.25, 0, 0], [0, 0, 0, 0.19356727600097656, 0, 0, 8, 3, 10, 0, 0, 0, 0, 1, 1, 3, 0, 0, 0, 2, 0, 0.6666666666666666, 0, 0], [0, 0, 0, 0.007615029811859131, 0, 0, 8, 3, 10, 0, 0, 0, 0, 1, 1, 4, 0, 0, 0, 2, 0, 0.6666666666666666, 0, 0], [1, 0, 1, 0.0, 1, 0, 3, 5, 7, 1, 0, 1, 1, 2, 2, 2, 0, 0, 0, 4, 1, 0.8571428571428571, 0, 0], [0, 0, 0, 0.060625433921813965, 0, 0, 8, 3, 10, 0, 0, 0, 0, 1, 1, 5, 0, 0, 0, 2, 0, 0.6, 0, 0], [0, 0, 0, 0.07411444187164307, 0, 0, 8, 3, 10, 0, 0, 0, 0, 1, 1, 4, 0, 0, 0, 2, 0, 0.6666666666666666, 0, 0], [1, 0, 1, 0.0, 1, 0, 3, 8, 10, 1, 0, 1, 1, 2, 4, 2, 0, 0, 0, 7, 1, 0.8333333333333334, 0, 0], [1, 0, 0, 0.04048633575439453, 0, 0, 8, 3, 10, 1, 0, 0, 0, 1, 1, 2, 0, 0, 0, 2, 0, 0.5, 0, 0], [0, 0, 0, 0.11665898561477661, 0, 0, 8, 13, 20, 0, 0, 1, 0, 10, 2, 2, 0, 0, 0, 12, 0, 0.6666666666666666, 0, 0], [0, 0, 0, 0.4497910141944885, 0, 0, 8, 7, 14, 0, 0, 0, 0, 2, 4, 4, 0, 0, 0, 6, 0, 0.6666666666666666, 0, 0], [1, 0, 1, 0.08606916666030884, 1, 0, 8, 4, 11, 1, 0, 1, 1, 2, 1, 2, 0, 0, 0, 3, 1, 0.6666666666666666, 0, 0], [0, 0, 0, 0.018836796283721924, 0, 0, 8, 5, 12, 0, 0, 0, 0, 3, 1, 4, 0, 0, 0, 4, 0, 0.6666666666666666, 0, 0], [0, 0, 0, 0.02646738290786743, 0, 0, 8, 4, 11, 0, 0, 0, 0, 2, 1, 3, 0, 0, 0, 3, 0, 0.5, 0, 0], [1, 0, 1, 0.09066992998123169, 0, 0, 8, 12, 19, 1, 0, 1, 1, 4, 5, 3, 0, 0, 0, 11, 1, 0.8888888888888888, 0, 0], [0, 0, 0, 0.14326322078704834, 0, 0, 8, 3, 10, 0, 0, 0, 0, 1, 1, 3, 0, 0, 0, 2, 0, 0.6666666666666666, 0, 0], [1, 0, 0, 0.17175495624542236, 0, 0, 8, 4, 11, 1, 0, 0, 0, 1, 2, 6, 0, 0, 0, 3, 0, 0.8, 0, 0], [0, 0, 0, 0.01793670654296875, 0, 0, 8, 13, 20, 0, 0, 0, 0, 9, 3, 1, 0, 0, 0, 12, 0, 0.3333333333333333, 0, 0], [0, 0, 0, 0.028224825859069824, 0, 0, 8, 7, 14, 0, 0, 1, 0, 5, 1, 1, 0, 0, 0, 6, 0, 0.3333333333333333, 0, 0], [0, 0, 0, 0.0572664737701416, 0, 0, 8, 13, 20, 0, 0, 0, 0, 11, 1, 1, 0, 0, 0, 12, 0, 0.25, 0, 0], [1, 0, 0, 0.004662752151489258, 0, 0, 8, 7, 14, 1, 0, 1, 0, 4, 2, 3, 0, 0, 0, 6, 0, 0.5, 0, 0], [0, 0, 0, 0.016502022743225098, 0, 0, 8, 13, 20, 0, 0, 0, 0, 9, 2, 1, 0, 0, 0, 12, 0, 0.5, 0, 0], [0, 0, 0, 0.0037505030632019043, 0, 0, 8, 3, 10, 0, 0, 0, 0, 1, 1, 4, 0, 0, 0, 2, 0, 0.5, 0, 0], [0, 0, 0, 0.025721848011016846, 0, 0, 8, 13, 20, 0, 0, 0, 0, 10, 2, 6, 0, 0, 0, 12, 0, 0.8, 0, 0], [0, 0, 0, 0.012946009635925293, 0, 0, 8, 4, 11, 0, 0, 1, 0, 2, 1, 6, 0, 0, 0, 3, 0, 0.6666666666666666, 0, 0], [1, 0, 0, 0.02856004238128662, 0, 0, 8, 11, 18, 1, 0, 0, 0, 8, 2, 6, 0, 0, 0, 10, 0, 0.5, 0, 0], [0, 0, 0, 0.033183753490448, 0, 0, 8, 4, 11, 0, 0, 0, 0, 2, 1, 4, 0, 0, 0, 3, 0, 0.5, 0, 0], [1, 0, 1, 0.06625771522521973, 0, 1, 8, 3, 10, 1, 0, 0, 0, 1, 1, 4, 0, 0, 0, 2, 0, 0.6666666666666666, 0, 0], [0, 0, 0, 0.0014570355415344238, 0, 0, 8, 3, 10, 0, 0, 0, 0, 1, 1, 5, 0, 0, 0, 2, 0, 0.6666666666666666, 0, 0], [0, 0, 0, 0.06770557165145874, 0, 0, 8, 3, 10, 0, 0, 0, 0, 1, 1, 5, 0, 0, 0, 2, 0, 0.8, 0, 0], [0, 0, 0, 0.09421700239181519, 0, 0, 8, 13, 20, 0, 0, 0, 0, 11, 1, 1, 0, 0, 0, 12, 0, 0.25, 0, 0], [0, 0, 0, 0.043544381856918335, 0, 0, 8, 7, 14, 0, 0, 0, 0, 4, 2, 2, 0, 0, 0, 6, 0, 0.25, 0, 0], [0, 0, 0, 0.03249901533126831, 0, 0, 8, 5, 12, 0, 0, 0, 0, 3, 1, 2, 0, 0, 0, 4, 0, 0.5, 0, 0], [1, 0, 1, 0.03328067064285278, 1, 0, 8, 13, 20, 1, 0, 1, 1, 2, 10, 6, 0, 0, 0, 12, 1, 0.6666666666666666, 0, 0], [0, 0, 0, 0.020831704139709473, 0, 0, 8, 12, 19, 0, 0, 0, 0, 6, 4, 3, 0, 0, 0, 11, 0, 0.6666666666666666, 0, 0], [0, 0, 0, 0.1142234206199646, 0, 0, 8, 13, 20, 0, 0, 0, 0, 9, 3, 4, 0, 0, 0, 12, 0, 0.6666666666666666, 0, 0], [0, 0, 0, 0.10646981000900269, 0, 0, 8, 3, 10, 0, 0, 0, 0, 1, 1, 4, 0, 0, 0, 2, 0, 0.5, 0, 0], [1, 0, 0, 0.032636046409606934, 0, 0, 8, 13, 20, 1, 0, 1, 0, 7, 4, 1, 0, 0, 0, 12, 0, 0.6666666666666666, 0, 0], [0, 0, 0, 0.12197095155715942, 0, 0, 8, 13, 20, 0, 0, 1, 0, 8, 3, 3, 0, 0, 0, 12, 0, 0.5, 0, 0], [1, 0, 0, 0.07620584964752197, 1, 0, 8, 13, 20, 1, 0, 1, 0, 8, 2, 2, 0, 0, 0, 12, 1, 0.5, 0, 0], [1, 0, 1, 0.04670369625091553, 1, 0, 8, 13, 20, 1, 0, 1, 1, 9, 3, 2, 0, 0, 0, 12, 1, 0.6666666666666666, 0, 0], [0, 0, 0, 0.038526833057403564, 0, 0, 8, 4, 11, 0, 0, 0, 0, 1, 2, 6, 0, 0, 0, 3, 0, 0.5, 0, 0], [0, 0, 0, 0.09424781799316406, 0, 0, 8, 8, 15, 0, 0, 0, 0, 6, 1, 1, 0, 0, 0, 7, 0, 0.3333333333333333, 0, 0], [0, 0, 0, 0.01992630958557129, 0, 0, 8, 3, 10, 0, 0, 0, 0, 1, 1, 4, 0, 0, 0, 2, 0, 0.5, 0, 0], [1, 0, 0, 0.01287001371383667, 0, 0, 8, 3, 10, 1, 0, 0, 0, 1, 1, 4, 0, 0, 0, 2, 0, 0.6666666666666666, 0, 0], [1, 0, 0, 0.06376296281814575, 0, 0, 8, 13, 20, 1, 0, 0, 0, 11, 1, 1, 0, 0, 0, 12, 0, 0.25, 0, 0], [0, 0, 0, 0.022040486335754395, 0, 0, 8, 4, 11, 0, 0, 0, 0, 2, 1, 5, 0, 0, 0, 3, 0, 0.5, 0, 0], [1, 0, 0, 0.04004180431365967, 1, 0, 8, 4, 11, 1, 0, 1, 0, 2, 1, 6, 0, 0, 0, 3, 1, 0.8, 0, 0], [0, 0, 0, 0.20049059391021729, 0, 0, 8, 7, 14, 0, 0, 1, 0, 2, 4, 5, 0, 0, 0, 6, 0, 0.75, 0, 0], [0, 0, 0, 0.019532620906829834, 0, 0, 8, 13, 20, 0, 0, 1, 0, 3, 7, 5, 0, 0, 0, 12, 0, 0.8888888888888888, 0, 0], [0, 0, 0, 0.1510688066482544, 0, 0, 8, 13, 20, 0, 0, 0, 0, 7, 5, 4, 0, 0, 0, 12, 0, 0.6, 0, 0], [0, 0, 0, 0.08517250418663025, 0, 0, 8, 5, 12, 0, 0, 0, 0, 3, 1, 5, 0, 0, 0, 4, 0, 0.5, 0, 0], [1, 0, 0, 0.10713052749633789, 0, 0, 8, 6, 13, 1, 0, 0, 0, 4, 1, 5, 0, 0, 0, 5, 0, 0.5, 0, 0], [0, 0, 0, 0.07942578196525574, 0, 0, 8, 3, 10, 0, 0, 0, 0, 1, 1, 5, 0, 0, 0, 2, 0, 0.6666666666666666, 0, 0], [0, 0, 0, 0.03185778856277466, 0, 0, 8, 13, 20, 0, 0, 0, 0, 7, 3, 2, 0, 0, 0, 12, 0, 0.5, 0, 0], [0, 0, 0, 0.14084577560424805, 0, 0, 8, 12, 19, 0, 0, 0, 0, 9, 2, 1, 0, 0, 0, 11, 0, 0.2222222222222222, 0, 0], [1, 0, 1, 0.005794227123260498, 1, 0, 8, 13, 20, 1, 0, 1, 1, 7, 4, 1, 0, 0, 0, 12, 1, 0.9, 0, 0], [0, 0, 0, 0.05949431657791138, 0, 0, 8, 6, 13, 0, 0, 0, 0, 4, 1, 3, 0, 0, 0, 5, 0, 0.5, 0, 0], [0, 0, 0, 0.05179107189178467, 0, 0, 8, 13, 20, 0, 0, 0, 0, 11, 1, 1, 0, 0, 0, 12, 0, 0.14285714285714285, 0, 0], [0, 0, 0, 0.130669504404068, 0, 0, 8, 3, 10, 0, 0, 0, 0, 1, 1, 4, 0, 0, 0, 2, 0, 0.6666666666666666, 0, 0], [0, 0, 0, 0.002244710922241211, 0, 0, 8, 9, 16, 0, 0, 0, 0, 7, 1, 2, 0, 0, 0, 8, 0, 0.5, 0, 0], [0, 0, 0, 0.06770557165145874, 0, 0, 8, 3, 10, 0, 0, 0, 0, 1, 1, 5, 0, 0, 0, 2, 0, 0.8, 0, 0], [0, 0, 0, 0.09464502334594727, 0, 0, 8, 3, 10, 0, 0, 0, 0, 1, 1, 4, 0, 0, 0, 2, 0, 0.5, 0, 0], [0, 0, 0, 0.007051646709442139, 0, 1, 8, 6, 13, 0, 0, 0, 0, 2, 2, 6, 0, 0, 0, 5, 0, 0.6666666666666666, 0, 0], [0, 0, 0, 0.11574152112007141, 0, 0, 8, 13, 20, 0, 0, 0, 0, 10, 2, 3, 0, 0, 0, 12, 0, 0.6666666666666666, 0, 0], [0, 0, 0, 0.042577147483825684, 0, 0, 8, 3, 10, 0, 1, 0, 0, 1, 1, 4, 0, 0, 0, 2, 0, 0.5, 0, 0], [0, 0, 0, 0.052841901779174805, 0, 0, 8, 4, 11, 0, 0, 0, 0, 2, 1, 2, 0, 0, 0, 3, 0, 0.6, 0, 0], [0, 0, 0, 0.025652766227722168, 0, 0, 8, 3, 10, 0, 0, 0, 0, 1, 1, 5, 0, 0, 0, 2, 0, 0.5, 0, 0], [0, 0, 0, 0.016253888607025146, 0, 0, 8, 4, 11, 0, 0, 0, 0, 2, 1, 4, 0, 0, 0, 3, 0, 0.5, 0, 0], [0, 0, 0, 0.009298920631408691, 0, 0, 8, 13, 20, 0, 0, 1, 0, 8, 2, 1, 0, 0, 0, 12, 0, 0.5, 0, 0], [1, 0, 0, 0.015919208526611328, 0, 0, 8, 6, 13, 1, 0, 1, 1, 4, 1, 4, 0, 0, 0, 5, 1, 0.6666666666666666, 0, 0], [1, 0, 1, 0.12885844707489014, 0, 0, 8, 4, 11, 1, 0, 1, 0, 2, 1, 4, 0, 0, 0, 3, 0, 0.6666666666666666, 0, 0], [0, 0, 0, 0.06308865547180176, 0, 0, 8, 4, 11, 0, 0, 0, 0, 2, 1, 3, 0, 0, 0, 3, 0, 0.6666666666666666, 0, 0], [1, 0, 1, 0.007065713405609131, 1, 0, 8, 13, 20, 1, 0, 1, 1, 2, 9, 3, 0, 0, 0, 12, 1, 0.9, 0, 0], [0, 0, 0, 0.1152186393737793, 0, 0, 8, 13, 20, 0, 0, 0, 0, 9, 3, 5, 0, 0, 0, 12, 0, 0.6666666666666666, 0, 0], [0, 0, 0, 0.45634280145168304, 0, 0, 8, 3, 10, 0, 0, 0, 0, 1, 1, 4, 0, 0, 0, 2, 0, 0.5, 0, 0], [1, 0, 1, 0.006772160530090332, 1, 0, 8, 6, 13, 1, 0, 1, 1, 2, 3, 4, 0, 0, 0, 5, 1, 0.9, 0, 0], [1, 0, 1, 0.061533570289611816, 1, 0, 8, 13, 20, 1, 0, 1, 1, 7, 4, 1, 0, 0, 0, 12, 1, 0.6666666666666666, 0, 0], [0, 0, 0, 0.06186264753341675, 0, 0, 8, 7, 14, 0, 0, 0, 0, 2, 4, 5, 0, 0, 0, 6, 0, 0.6666666666666666, 0, 0], [1, 0, 1, 0.0050209760665893555, 1, 0, 8, 13, 20, 1, 0, 1, 0, 10, 2, 2, 0, 0, 0, 12, 1, 0.6666666666666666, 0, 0], [0, 0, 1, 0.09448692202568054, 0, 0, 8, 7, 14, 0, 0, 1, 1, 3, 3, 5, 0, 0, 0, 6, 0, 0.75, 0, 0], [0, 0, 0, 0.1344127058982849, 0, 0, 8, 12, 19, 0, 0, 0, 0, 7, 4, 5, 0, 0, 0, 11, 0, 0.6666666666666666, 0, 0], [1, 0, 1, 0.0025281906127929688, 1, 0, 8, 7, 14, 1, 0, 1, 1, 3, 3, 2, 0, 0, 0, 6, 1, 0.9, 0, 0], [0, 0, 0, 0.01704239845275879, 0, 0, 8, 13, 20, 0, 0, 0, 0, 11, 1, 1, 0, 0, 0, 12, 0, 0.3333333333333333, 0, 0], [1, 0, 0, 0.0058141350746154785, 0, 0, 8, 13, 20, 1, 0, 0, 0, 9, 3, 1, 0, 0, 0, 12, 0, 0.6666666666666666, 0, 0], [0, 0, 0, 0.15233325958251953, 0, 0, 8, 4, 11, 0, 0, 0, 0, 1, 2, 6, 0, 0, 0, 3, 0, 0.5, 0, 0], [0, 0, 0, 0.04959368705749512, 0, 0, 8, 4, 11, 0, 0, 0, 0, 2, 1, 7, 0, 0, 0, 3, 0, 0.6666666666666666, 0, 0], [1, 0, 0, 0.0016914010047912598, 0, 0, 8, 4, 11, 1, 0, 0, 0, 2, 1, 1, 0, 0, 0, 3, 0, 0.6666666666666666, 0, 0], [0, 0, 0, 0.22255241870880127, 0, 0, 8, 3, 10, 0, 0, 0, 0, 1, 1, 6, 0, 0, 0, 2, 0, 0.75, 0, 0], [0, 0, 0, 0.012165188789367676, 0, 0, 8, 13, 20, 0, 0, 1, 0, 11, 1, 2, 0, 0, 0, 12, 0, 0.5, 0, 0], [0, 0, 0, 0.02519524097442627, 0, 0, 8, 4, 11, 0, 0, 0, 0, 2, 1, 4, 0, 0, 0, 3, 0, 0.75, 0, 0], [0, 0, 0, 0.011125266551971436, 0, 0, 8, 4, 11, 0, 0, 0, 0, 2, 1, 5, 0, 0, 0, 3, 0, 0.6666666666666666, 0, 0], [0, 0, 0, 0.02957361936569214, 0, 0, 8, 9, 16, 0, 0, 0, 0, 4, 4, 6, 0, 0, 0, 8, 0, 0.6666666666666666, 0, 0], [1, 0, 1, 0.103920578956604, 0, 1, 8, 3, 10, 1, 0, 0, 0, 1, 1, 5, 0, 0, 0, 2, 0, 0.75, 0, 0], [1, 0, 0, 0.0055155158042907715, 0, 0, 8, 4, 11, 1, 0, 0, 0, 2, 1, 2, 0, 0, 0, 3, 0, 0.6666666666666666, 0, 0], [1, 0, 0, 0.0058141350746154785, 0, 0, 8, 13, 20, 1, 0, 0, 0, 8, 4, 1, 0, 0, 0, 12, 0, 0.6666666666666666, 0, 0], [0, 0, 0, 0.021244734525680542, 0, 0, 8, 8, 15, 0, 0, 0, 0, 5, 2, 3, 0, 0, 0, 7, 0, 0.5, 0, 0], [1, 0, 0, 0.0015941858291625977, 0, 0, 8, 5, 12, 1, 0, 0, 0, 3, 1, 2, 0, 0, 0, 4, 0, 0.5, 0, 0], [0, 0, 0, 0.07399863004684448, 0, 0, 8, 3, 10, 0, 0, 0, 0, 1, 1, 4, 0, 0, 0, 2, 0, 0.5, 0, 0], [1, 0, 0, 0.047096967697143555, 0, 0, 8, 5, 12, 1, 1, 1, 0, 3, 1, 3, 0, 0, 0, 4, 0, 0.6666666666666666, 0, 0], [0, 0, 0, 0.055119335651397705, 0, 0, 8, 4, 11, 0, 0, 0, 0, 1, 2, 7, 0, 0, 0, 3, 0, 0.5, 0, 0], [0, 0, 0, 0.1152113676071167, 0, 0, 8, 4, 11, 0, 0, 0, 0, 2, 1, 4, 0, 0, 0, 3, 0, 0.5, 0, 0], [1, 0, 1, 0.00344008207321167, 1, 0, 8, 6, 13, 1, 0, 1, 1, 2, 3, 7, 0, 0, 0, 5, 0, 0.75, 0, 0], [0, 0, 0, 0.13957852125167847, 0, 0, 8, 13, 20, 0, 0, 0, 0, 6, 4, 4, 0, 0, 0, 12, 0, 0.6666666666666666, 0, 0], [0, 0, 0, 0.009903937578201294, 0, 0, 8, 11, 18, 0, 0, 0, 0, 9, 1, 5, 0, 0, 0, 10, 0, 0.6666666666666666, 0, 0], [0, 0, 0, 0.05774259567260742, 0, 0, 8, 13, 20, 0, 0, 0, 0, 9, 2, 1, 0, 0, 0, 12, 0, 0.25, 0, 0], [0, 0, 0, 0.01179516315460205, 0, 0, 8, 3, 10, 0, 0, 0, 0, 1, 1, 4, 0, 0, 0, 2, 0, 0.625, 0, 0], [0, 0, 0, 0.15675872564315796, 0, 0, 8, 3, 10, 0, 0, 0, 0, 1, 1, 4, 0, 0, 0, 2, 0, 0.5, 0, 0], [1, 0, 0, 0.037406086921691895, 0, 0, 8, 3, 10, 1, 0, 0, 0, 1, 1, 3, 0, 0, 0, 2, 0, 0.6666666666666666, 0, 0], [1, 0, 1, 0.059933602809906006, 0, 0, 8, 10, 17, 1, 0, 1, 1, 5, 3, 5, 0, 0, 0, 9, 0, 0.5, 0, 0], [1, 0, 0, 0.11361166834831238, 1, 0, 8, 3, 10, 1, 0, 0, 0, 1, 1, 4, 0, 0, 0, 2, 1, 0.6666666666666666, 0, 0], [1, 0, 1, 0.09953451156616211, 1, 0, 8, 6, 13, 1, 0, 1, 1, 3, 2, 6, 0, 0, 0, 5, 1, 0.75, 0, 0], [0, 0, 0, 0.008836030960083008, 0, 0, 8, 4, 11, 0, 0, 0, 0, 2, 1, 4, 0, 0, 0, 3, 0, 0.5, 0, 0], [0, 0, 0, 0.014871776103973389, 0, 0, 8, 13, 20, 0, 0, 0, 0, 9, 2, 6, 0, 0, 0, 12, 0, 0.8, 0, 0], [1, 0, 0, 0.00880420207977295, 0, 0, 8, 4, 11, 1, 0, 0, 0, 2, 1, 5, 0, 0, 0, 3, 0, 0.6666666666666666, 0, 0], [0, 0, 0, 0.05667310953140259, 0, 0, 8, 7, 14, 0, 0, 0, 0, 5, 1, 1, 0, 0, 0, 6, 0, 0.5, 0, 0], [1, 0, 1, 0.04670369625091553, 1, 0, 8, 13, 20, 1, 0, 1, 1, 9, 3, 2, 0, 0, 0, 12, 1, 0.6666666666666666, 0, 0], [1, 0, 0, 0.022477388381958008, 1, 0, 8, 13, 20, 1, 0, 0, 0, 9, 3, 1, 0, 0, 0, 12, 1, 0.17391304347826086, 0, 0], [0, 0, 0, 0.004916846752166748, 0, 0, 8, 11, 18, 0, 0, 0, 0, 9, 1, 4, 0, 0, 0, 10, 0, 0.75, 0, 0], [0, 0, 0, 0.04163491725921631, 0, 0, 8, 3, 10, 0, 0, 0, 0, 1, 1, 4, 0, 0, 0, 2, 0, 0.6, 0, 0], [0, 0, 0, 0.40789514780044556, 0, 0, 8, 3, 10, 0, 0, 0, 0, 1, 1, 3, 0, 0, 0, 2, 0, 0.5, 0, 0], [0, 0, 0, 0.0, 0, 0, 8, 4, 11, 0, 0, 0, 0, 2, 1, 4, 0, 0, 0, 3, 0, 0.6666666666666666, 0, 0], [0, 0, 0, 0.3402525782585144, 0, 0, 8, 3, 10, 0, 0, 0, 0, 1, 1, 4, 0, 0, 0, 2, 0, 0.5, 0, 0], [0, 0, 0, 0.0012399554252624512, 0, 0, 8, 7, 14, 0, 0, 0, 0, 5, 1, 1, 0, 0, 0, 6, 0, 0.5, 0, 0], [1, 0, 0, 0.016202151775360107, 0, 0, 8, 13, 20, 1, 0, 1, 0, 8, 3, 1, 0, 0, 0, 12, 0, 0.6666666666666666, 0, 0], [0, 0, 0, 0.011176839470863342, 0, 0, 8, 3, 10, 0, 0, 0, 0, 1, 1, 4, 0, 0, 0, 2, 0, 0.5, 0, 0], [1, 0, 0, 0.001973748207092285, 1, 0, 4, 4, 7, 1, 0, 1, 0, 2, 1, 3, 0, 0, 0, 3, 1, 0.8, 0, 0], [0, 0, 0, 0.20788119733333588, 0, 0, 8, 3, 10, 0, 0, 0, 0, 1, 1, 3, 0, 0, 0, 2, 0, 0.5, 0, 0], [0, 0, 0, 0.05301260948181152, 0, 0, 8, 3, 10, 0, 0, 0, 0, 1, 1, 2, 0, 0, 0, 2, 0, 0.6, 0, 0], [0, 0, 0, 0.03299814462661743, 0, 0, 8, 4, 11, 0, 0, 0, 0, 1, 2, 4, 0, 0, 0, 3, 0, 0.6666666666666666, 0, 0], [0, 0, 0, 0.10797011852264404, 0, 0, 8, 3, 10, 0, 0, 0, 0, 1, 1, 6, 0, 0, 0, 2, 0, 0.6666666666666666, 0, 0], [1, 0, 1, 0.008193731307983398, 1, 0, 8, 10, 17, 1, 0, 1, 1, 2, 7, 6, 0, 0, 0, 9, 1, 0.9090909090909091, 0, 0], [0, 0, 0, 0.15257173776626587, 0, 0, 8, 3, 10, 0, 0, 0, 0, 1, 1, 3, 0, 0, 0, 2, 0, 0.5, 0, 0], [0, 0, 0, 0.007905066013336182, 0, 0, 8, 3, 10, 0, 0, 0, 0, 1, 1, 6, 0, 0, 0, 2, 0, 0.5, 0, 0], [0, 0, 0, 0.012776166200637817, 0, 0, 8, 3, 10, 0, 0, 0, 0, 1, 1, 3, 0, 0, 0, 2, 0, 0.5, 0, 0], [0, 0, 0, 0.012628436088562012, 0, 0, 8, 3, 10, 0, 0, 0, 0, 1, 1, 4, 0, 0, 0, 2, 0, 0.5, 0, 0], [1, 0, 0, 0.23791027069091797, 0, 0, 8, 7, 14, 1, 0, 1, 0, 4, 2, 6, 0, 0, 0, 6, 0, 0.8, 0, 0], [0, 0, 0, 0.05720651149749756, 0, 0, 4, 4, 7, 1, 0, 0, 0, 2, 1, 3, 0, 0, 0, 3, 0, 0.6666666666666666, 0, 0], [0, 0, 0, 0.1304054856300354, 0, 0, 8, 12, 19, 0, 0, 0, 0, 7, 4, 5, 0, 0, 0, 11, 0, 0.6666666666666666, 0, 0], [1, 0, 0, 0.020292341709136963, 0, 0, 8, 13, 20, 1, 0, 1, 0, 11, 1, 1, 0, 0, 0, 12, 0, 0.5, 0, 0], [0, 0, 0, 0.11727702617645264, 0, 0, 8, 3, 10, 0, 0, 0, 0, 1, 1, 7, 0, 0, 0, 2, 0, 0.5, 0, 0], [0, 0, 0, 0.04084998369216919, 0, 0, 8, 7, 14, 0, 0, 0, 0, 5, 1, 1, 0, 0, 0, 6, 0, 0.5, 0, 0], [0, 0, 0, 0.09570840001106262, 0, 0, 8, 3, 10, 0, 0, 0, 0, 1, 1, 3, 0, 0, 0, 2, 0, 0.5, 0, 0], [0, 0, 0, 0.10308277606964111, 0, 0, 8, 13, 20, 0, 0, 0, 0, 10, 2, 6, 0, 0, 0, 12, 0, 0.6666666666666666, 0, 0], [0, 0, 0, 0.03993344306945801, 0, 0, 8, 5, 12, 0, 0, 0, 0, 3, 1, 5, 0, 0, 0, 4, 0, 0.5, 0, 0], [0, 0, 0, 0.031088054180145264, 0, 0, 8, 5, 12, 0, 0, 1, 0, 2, 2, 5, 0, 0, 0, 4, 0, 0.6666666666666666, 0, 0], [0, 0, 0, 0.12138336896896362, 0, 0, 8, 3, 10, 0, 0, 0, 0, 1, 1, 2, 0, 0, 0, 2, 0, 0.6666666666666666, 0, 0], [0, 0, 0, 0.0388561487197876, 0, 0, 8, 5, 12, 0, 0, 0, 0, 2, 2, 6, 0, 0, 0, 4, 0, 0.8, 0, 0], [1, 0, 1, 0.052385151386260986, 0, 1, 7, 3, 9, 1, 0, 0, 0, 1, 1, 5, 0, 0, 0, 2, 0, 0.5, 0, 0], [0, 0, 0, 0.17502450942993164, 0, 0, 8, 13, 20, 0, 0, 1, 0, 9, 2, 2, 0, 0, 0, 12, 0, 0.5, 0, 0], [0, 0, 0, 0.0844072699546814, 0, 0, 8, 3, 10, 0, 0, 0, 0, 1, 1, 4, 0, 0, 0, 2, 0, 0.5, 0, 0], [1, 0, 0, 0.027919232845306396, 0, 0, 8, 3, 10, 1, 0, 0, 0, 1, 1, 6, 0, 0, 0, 2, 0, 0.6666666666666666, 0, 0], [1, 0, 0, 0.06376296281814575, 0, 0, 8, 13, 20, 1, 0, 0, 0, 10, 2, 1, 0, 0, 0, 12, 0, 0.25, 0, 0], [1, 0, 0, 0.003659188747406006, 0, 0, 8, 12, 19, 1, 0, 1, 0, 6, 3, 4, 0, 0, 0, 11, 0, 0.75, 0, 0], [0, 0, 0, 0.15675872564315796, 0, 0, 8, 3, 10, 0, 0, 0, 0, 1, 1, 4, 0, 0, 0, 2, 0, 0.5, 0, 0], [0, 0, 0, 0.0067626237869262695, 0, 0, 8, 3, 10, 0, 0, 0, 0, 1, 1, 6, 0, 0, 0, 2, 0, 0.5, 0, 0], [0, 0, 0, 0.05785149335861206, 0, 0, 8, 13, 20, 0, 0, 0, 0, 11, 1, 1, 0, 0, 0, 12, 0, 0.25, 0, 0], [1, 0, 1, 0.05432236194610596, 1, 0, 8, 12, 19, 1, 0, 1, 1, 7, 3, 6, 0, 0, 0, 11, 0, 0.6, 0, 0], [0, 0, 0, 0.08421593904495239, 0, 0, 7, 4, 10, 0, 0, 0, 0, 2, 1, 5, 0, 0, 0, 3, 0, 0.75, 0, 0], [1, 0, 1, 0.1723073124885559, 0, 0, 8, 5, 12, 1, 0, 1, 0, 3, 1, 6, 0, 0, 0, 4, 0, 0.8, 0, 0], [0, 0, 0, 0.06707119941711426, 0, 0, 8, 8, 15, 0, 0, 0, 0, 6, 1, 3, 0, 0, 0, 7, 0, 0.5, 0, 0], [0, 0, 0, 0.06670072674751282, 0, 0, 8, 13, 20, 0, 0, 0, 0, 11, 1, 1, 0, 0, 0, 12, 0, 0.5, 0, 0], [1, 0, 0, 0.020213007926940918, 0, 0, 8, 5, 12, 1, 0, 0, 0, 3, 1, 6, 0, 0, 0, 4, 0, 0.5, 0, 0], [0, 0, 0, 0.03553500771522522, 0, 0, 8, 6, 13, 0, 0, 0, 0, 3, 2, 4, 0, 0, 0, 5, 0, 0.9, 0, 0], [1, 0, 0, 0.02188277244567871, 0, 0, 8, 13, 20, 1, 0, 1, 0, 5, 4, 1, 0, 0, 0, 12, 0, 0.6666666666666666, 0, 0], [1, 0, 0, 0.06639134883880615, 0, 0, 5, 3, 7, 1, 0, 0, 0, 1, 1, 3, 0, 0, 0, 2, 0, 0.7142857142857143, 0, 0], [1, 0, 0, 0.0026166439056396484, 0, 0, 8, 3, 10, 1, 0, 0, 0, 1, 1, 3, 0, 0, 0, 2, 0, 0.9, 0, 0], [1, 0, 0, 0.33036333322525024, 0, 0, 8, 4, 11, 1, 0, 0, 0, 1, 2, 4, 0, 0, 0, 3, 0, 0.5, 0, 0], [0, 0, 0, 0.03588026762008667, 0, 0, 8, 13, 20, 0, 0, 0, 0, 6, 3, 2, 0, 0, 0, 12, 0, 0.5, 0, 0], [1, 0, 1, 0.01304936408996582, 0, 1, 8, 3, 10, 1, 1, 0, 0, 1, 1, 6, 0, 0, 0, 2, 0, 0.5, 0, 0], [1, 0, 0, 0.047096967697143555, 0, 0, 8, 5, 12, 1, 0, 1, 0, 3, 1, 3, 0, 0, 0, 4, 0, 0.6666666666666666, 0, 0], [0, 0, 0, 0.00807836651802063, 0, 0, 8, 3, 10, 0, 0, 0, 0, 1, 1, 3, 0, 0, 0, 2, 0, 0.5, 0, 0], [1, 0, 1, 0.2406560778617859, 0, 0, 8, 4, 11, 1, 0, 1, 1, 2, 1, 6, 0, 0, 0, 3, 1, 0.75, 0, 0], [1, 0, 0, 0.01769232749938965, 0, 0, 8, 3, 10, 1, 0, 0, 0, 1, 1, 6, 0, 0, 0, 2, 0, 0.8, 0, 0], [1, 0, 1, 0.0032663941383361816, 0, 0, 8, 13, 20, 1, 0, 1, 1, 4, 5, 2, 0, 0, 0, 12, 1, 0.6666666666666666, 0, 0], [0, 0, 1, 0.009377717971801758, 0, 0, 8, 13, 20, 0, 0, 1, 0, 11, 1, 1, 0, 0, 0, 12, 0, 0.5, 0, 0], [1, 0, 0, 0.043627142906188965, 1, 0, 8, 13, 20, 1, 0, 1, 0, 9, 2, 5, 0, 0, 0, 12, 0, 0.6666666666666666, 0, 0], [1, 0, 1, 0.02173912525177002, 0, 0, 8, 8, 15, 1, 0, 1, 1, 4, 2, 6, 0, 0, 0, 7, 0, 0.5, 0, 0], [0, 0, 0, 0.004186868667602539, 0, 0, 8, 13, 20, 0, 0, 0, 0, 11, 1, 1, 0, 0, 0, 12, 0, 0.2, 0, 0], [1, 0, 1, 0.061533570289611816, 1, 0, 8, 13, 20, 1, 0, 1, 1, 6, 6, 1, 0, 0, 0, 12, 1, 0.6666666666666666, 0, 0], [0, 0, 0, 0.025385379791259766, 0, 0, 8, 5, 12, 0, 0, 0, 0, 3, 1, 5, 0, 0, 0, 4, 0, 0.75, 0, 0], [0, 0, 0, 0.06882202625274658, 0, 0, 8, 13, 20, 0, 0, 0, 0, 7, 3, 3, 0, 0, 0, 12, 0, 0.75, 0, 0], [0, 0, 0, 0.019154071807861328, 0, 0, 8, 4, 11, 0, 0, 0, 0, 2, 1, 4, 0, 0, 0, 3, 0, 0.6, 0, 0], [0, 0, 0, 0.08566734194755554, 0, 0, 8, 6, 13, 0, 0, 0, 0, 4, 1, 3, 0, 0, 0, 5, 0, 0.5, 0, 0], [0, 0, 0, 0.010057985782623291, 0, 0, 8, 13, 20, 0, 0, 1, 0, 9, 2, 2, 0, 0, 0, 12, 0, 0.5, 0, 0], [1, 0, 0, 0.20787370204925537, 0, 0, 8, 7, 14, 1, 0, 1, 0, 2, 4, 5, 0, 0, 0, 6, 0, 0.8, 0, 0], [0, 0, 0, 0.05774259567260742, 0, 0, 8, 13, 20, 0, 0, 1, 0, 10, 2, 1, 0, 0, 0, 12, 0, 0.25, 0, 0], [0, 0, 0, 0.29137134552001953, 0, 0, 8, 5, 12, 0, 0, 0, 0, 3, 1, 2, 0, 0, 0, 4, 0, 0.6666666666666666, 0, 0], [0, 0, 0, 0.029023289680480957, 0, 0, 8, 13, 20, 0, 0, 1, 0, 8, 3, 1, 0, 0, 0, 12, 0, 0.6666666666666666, 0, 0], [1, 0, 1, 0.0029141902923583984, 1, 0, 8, 11, 18, 1, 0, 1, 1, 2, 8, 4, 0, 0, 0, 10, 1, 0.8, 0, 0], [1, 0, 0, 0.0, 0, 0, 6, 4, 9, 1, 0, 0, 0, 2, 1, 5, 0, 0, 0, 3, 0, 0.6666666666666666, 0, 0], [1, 0, 0, 0.043708741664886475, 0, 0, 8, 4, 11, 1, 0, 0, 0, 2, 1, 6, 0, 0, 0, 3, 0, 0.5, 0, 0], [1, 0, 0, 0.15724092721939087, 0, 0, 4, 3, 6, 1, 0, 0, 0, 1, 1, 3, 0, 0, 0, 2, 0, 0.6666666666666666, 0, 0], [0, 0, 0, 0.05015742778778076, 0, 0, 8, 4, 11, 0, 0, 0, 0, 2, 1, 5, 0, 0, 0, 3, 0, 0.5, 0, 0], [0, 0, 0, 0.10717958211898804, 0, 0, 8, 13, 20, 0, 0, 1, 0, 8, 3, 3, 0, 0, 0, 12, 0, 0.5, 0, 0], [1, 0, 1, 0.02817314863204956, 0, 0, 8, 13, 20, 1, 0, 1, 1, 5, 6, 6, 0, 0, 0, 12, 1, 0.6666666666666666, 0, 0], [1, 0, 1, 0.0029141902923583984, 1, 0, 8, 11, 18, 1, 0, 1, 1, 2, 8, 4, 0, 0, 0, 10, 1, 0.8, 0, 0], [0, 0, 0, 0.0, 0, 0, 8, 5, 12, 0, 0, 0, 0, 3, 1, 4, 0, 0, 0, 4, 0, 0.5, 0, 0], [0, 0, 0, 0.09282851219177246, 0, 0, 8, 3, 10, 0, 0, 0, 0, 1, 1, 5, 0, 0, 0, 2, 0, 0.8888888888888888, 0, 0]], "_pair": []}
  CONTROL {"count": {"n": 1277, "model_accuracy": 1.0, "rival_accuracy": 1.0, "random_floor": 0.19999999999999532}, "lookup_paired_vs_rival": {"model_only_right": 0, "rival_only_right": 0, "discordant": 0, "mcnemar_z": NaN}, "lookup_paired_vs_rival_cos": {"n": 0, "model_only_right": 0, "rival_only_right": 0, "discordant": 0, "mcnemar_z": NaN, "max_achievable_z": 0.0, "underpowered": true}, "lookup_paired_vs_rival_cos_by_margin": {"median_margin": NaN, "low_margin": {"n": 0, "model_only_right": 0, "rival_only_right": 0, "discordant": 0, "mcnemar_z": NaN, "max_achievable_z": 0.0, "underpowered": true}, "high_margin": {"n": 0, "model_only_right": 0, "rival_only_right": 0, "discordant": 0, "mcnemar_z": NaN, "max_achievable_z": 0.0, "underpowered": true}}, "ladder": {"n_questions": 0, "pairs": 0, "concordant": 0, "ties_excluded": 0, "import_budget_zero_rate": 0.0, "import_budget_mean": 0.0, "concordance": NaN, "z_vs_half": NaN, "mean_phi": {"true": NaN, "near": NaN, "middle": NaN, "far": NaN}}, "exact_mismatches": 0, "confusion": {"count|2->2": 855, "count|3->3": 190, "count|4->4": 88, "count|5+->5+": 144}, "_mixed": [], "_reach": [[0, 0, 0, 0.0006824731826782227, 0, 0, 8, 13, 20, 0, 0, 0, 0, 8, 3, 5, 0, 0, 0, 12, 0, 0.6666666666666666, 0, 0], [0, 0, 0, 0.011561274528503418, 0, 0, 8, 3, 10, 0, 0, 0, 0, 1, 1, 5, 0, 0, 0, 2, 0, 0.5, 0, 0], [0, 0, 0, 0.006232708692550659, 0, 0, 7, 12, 18, 0, 0, 0, 0, 9, 2, 5, 0, 0, 0, 11, 0, 0.5, 0, 0], [1, 0, 0, 0.02295905351638794, 0, 0, 8, 4, 11, 1, 0, 0, 0, 2, 1, 5, 0, 0, 0, 3, 0, 0.75, 0, 0], [0, 0, 0, 0.0867084264755249, 0, 0, 8, 4, 11, 0, 0, 0, 0, 2, 1, 4, 0, 0, 0, 3, 0, 0.5, 0, 0], [1, 0, 0, 0.028226137161254883, 0, 0, 8, 4, 11, 1, 0, 1, 0, 2, 1, 5, 0, 0, 0, 3, 0, 0.5, 0, 0], [0, 0, 0, 0.0885920524597168, 0, 0, 8, 13, 20, 0, 0, 0, 0, 11, 1, 3, 0, 0, 0, 12, 0, 0.3333333333333333, 0, 0], [0, 0, 0, 0.046751201152801514, 0, 0, 8, 12, 19, 0, 0, 0, 0, 10, 1, 4, 0, 0, 0, 11, 0, 0.5, 0, 0], [1, 0, 1, 0.006010770797729492, 1, 0, 8, 13, 20, 1, 0, 1, 1, 3, 8, 5, 0, 0, 0, 12, 1, 0.8333333333333334, 0, 0], [1, 0, 1, 0.006010770797729492, 1, 0, 8, 13, 20, 1, 0, 1, 1, 3, 8, 5, 0, 0, 0, 12, 1, 0.8333333333333334, 0, 0], [0, 0, 0, 0.07447057962417603, 0, 0, 8, 4, 11, 0, 0, 0, 0, 2, 1, 4, 0, 0, 0, 3, 0, 0.5, 0, 0], [1, 0, 1, 0.051806747913360596, 1, 0, 6, 5, 10, 1, 0, 1, 1, 2, 2, 5, 0, 0, 0, 4, 1, 0.6666666666666666, 0, 0], [0, 0, 0, 0.14763641357421875, 0, 0, 8, 8, 15, 0, 0, 1, 0, 3, 4, 2, 0, 0, 0, 7, 0, 0.7777777777777778, 0, 0], [1, 0, 0, 0.11538088321685791, 0, 0, 8, 3, 10, 1, 0, 0, 0, 1, 1, 5, 0, 0, 0, 2, 0, 0.5, 0, 0], [0, 0, 0, 0.023235172033309937, 0, 0, 8, 4, 11, 0, 0, 0, 0, 2, 1, 4, 0, 0, 0, 3, 0, 0.5, 0, 0], [0, 0, 0, 0.13552874326705933, 0, 0, 8, 6, 13, 0, 0, 0, 0, 4, 1, 5, 0, 0, 0, 5, 0, 0.5, 0, 0], [1, 0, 0, 0.03342556953430176, 0, 0, 8, 3, 10, 1, 0, 0, 0, 1, 1, 4, 0, 0, 0, 2, 0, 0.5, 0, 0], [0, 0, 0, 0.027864277362823486, 0, 0, 8, 13, 20, 0, 0, 0, 0, 9, 3, 4, 0, 0, 0, 12, 0, 0.5, 0, 0], [1, 0, 1, 0.00026547908782958984, 0, 1, 8, 8, 15, 1, 0, 1, 1, 2, 4, 5, 0, 0, 0, 7, 0, 0.5, 0, 0], [1, 0, 1, 0.0009626150131225586, 1, 1, 7, 3, 9, 1, 0, 0, 0, 1, 1, 6, 0, 0, 0, 2, 1, 0.5, 0, 0], [0, 0, 0, 0.015522480010986328, 0, 0, 8, 12, 19, 0, 0, 0, 0, 7, 3, 4, 0, 0, 0, 11, 0, 0.6666666666666666, 0, 0], [1, 0, 0, 0.04764920473098755, 0, 0, 8, 3, 10, 1, 0, 0, 0, 1, 1, 1, 0, 0, 0, 2, 0, 0.5, 0, 0], [0, 0, 0, 0.0, 0, 0, 8, 3, 10, 0, 0, 0, 0, 1, 1, 4, 0, 0, 0, 2, 0, 0.5, 0, 0], [1, 0, 0, 0.006141483783721924, 0, 0, 8, 7, 14, 1, 0, 1, 1, 5, 1, 5, 0, 0, 0, 6, 0, 0.6666666666666666, 0, 0], [0, 0, 0, 0.04165583848953247, 0, 0, 8, 3, 10, 0, 0, 0, 0, 1, 1, 4, 0, 0, 0, 2, 0, 0.6666666666666666, 0, 0], [0, 0, 0, 0.027557432651519775, 0, 0, 8, 3, 10, 0, 0, 0, 0, 1, 1, 2, 0, 0, 0, 2, 0, 0.5, 0, 0], [0, 0, 0, 0.0180666446685791, 0, 0, 8, 3, 10, 0, 0, 0, 0, 1, 1, 5, 0, 0, 0, 2, 0, 0.5, 0, 0], [0, 0, 0, 0.12519246339797974, 0, 0, 8, 5, 12, 0, 0, 0, 0, 3, 1, 5, 0, 0, 0, 4, 0, 0.6666666666666666, 0, 0], [0, 0, 0, 0.25425004959106445, 0, 0, 8, 4, 11, 0, 0, 0, 0, 2, 1, 6, 0, 0, 0, 3, 0, 0.8, 0, 0], [1, 0, 0, 0.0947716236114502, 0, 0, 8, 3, 10, 1, 0, 0, 0, 1, 1, 4, 0, 0, 0, 2, 0, 0.5, 0, 0], [0, 0, 0, 0.08552855253219604, 0, 0, 8, 3, 10, 0, 0, 0, 0, 1, 1, 3, 0, 0, 0, 2, 0, 0.5, 0, 0], [0, 0, 0, 0.03005799651145935, 0, 0, 8, 11, 18, 0, 0, 0, 0, 9, 1, 5, 0, 0, 0, 10, 0, 0.6666666666666666, 0, 0], [0, 0, 0, 0.002276182174682617, 0, 0, 8, 4, 11, 0, 0, 0, 0, 1, 2, 5, 0, 0, 0, 3, 0, 0.5, 0, 0], [1, 0, 0, 0.03589522838592529, 0, 0, 8, 3, 10, 1, 0, 0, 0, 1, 1, 6, 0, 0, 0, 2, 0, 0.8888888888888888, 0, 0], [0, 0, 0, 0.16977202892303467, 0, 0, 8, 3, 10, 0, 0, 0, 0, 1, 1, 5, 0, 0, 0, 2, 0, 0.5, 0, 0], [1, 0, 0, 0.11555337905883789, 0, 0, 8, 4, 11, 1, 0, 0, 0, 1, 2, 4, 0, 0, 0, 3, 0, 0.625, 0, 0], [1, 0, 0, 0.0845000147819519, 0, 0, 8, 5, 12, 1, 0, 1, 0, 2, 2, 1, 0, 0, 0, 4, 0, 0.5, 0, 0], [0, 0, 0, 0.06291443109512329, 0, 0, 8, 4, 11, 0, 0, 0, 0, 2, 1, 1, 0, 0, 0, 3, 0, 0.5, 0, 0], [1, 0, 0, 0.14523053169250488, 0, 0, 8, 4, 11, 1, 0, 0, 0, 2, 1, 5, 0, 0, 0, 3, 0, 0.5, 0, 0], [0, 0, 0, 0.12774059176445007, 0, 0, 8, 4, 11, 0, 0, 0, 0, 2, 1, 3, 0, 0, 0, 3, 0, 0.5, 0, 0], [0, 0, 0, 0.09643566608428955, 0, 0, 8, 3, 10, 0, 0, 0, 0, 1, 1, 4, 0, 0, 0, 2, 0, 0.5, 0, 0], [0, 0, 0, 0.18317341804504395, 0, 0, 8, 3, 10, 0, 0, 0, 0, 1, 1, 5, 0, 0, 0, 2, 0, 0.6666666666666666, 0, 0], [1, 0, 1, 0.07966732978820801, 1, 0, 8, 9, 16, 1, 0, 1, 1, 5, 3, 6, 0, 0, 0, 8, 0, 0.75, 0, 0], [0, 0, 0, 0.03694841265678406, 0, 0, 8, 13, 20, 0, 0, 0, 0, 11, 1, 1, 0, 0, 0, 12, 0, 0.5, 0, 0], [0, 0, 0, 0.017627596855163574, 0, 0, 8, 4, 11, 0, 0, 0, 0, 2, 1, 3, 0, 0, 0, 3, 0, 0.6666666666666666, 0, 0], [0, 0, 0, 0.0008817911148071289, 0, 0, 8, 3, 10, 0, 0, 0, 0, 1, 1, 5, 0, 0, 0, 2, 0, 0.6666666666666666, 0, 0], [0, 0, 1, 0.018421649932861328, 0, 0, 8, 4, 11, 0, 0, 1, 1, 2, 1, 3, 0, 0, 0, 3, 0, 0.8333333333333334, 0, 0], [0, 0, 0, 0.02072465419769287, 0, 0, 8, 13, 20, 0, 0, 0, 0, 7, 3, 5, 0, 0, 0, 12, 0, 0.6666666666666666, 0, 0], [1, 0, 0, 0.00478363037109375, 0, 0, 8, 3, 10, 1, 0, 0, 0, 1, 1, 5, 0, 0, 0, 2, 0, 0.6666666666666666, 0, 0], [0, 0, 0, 0.08043330907821655, 0, 0, 8, 3, 10, 0, 0, 0, 0, 1, 1, 4, 0, 0, 0, 2, 0, 0.5, 0, 0], [0, 0, 0, 0.022118687629699707, 0, 0, 8, 13, 20, 0, 0, 0, 0, 9, 2, 1, 0, 0, 0, 12, 0, 0.5, 0, 0], [0, 0, 1, 0.03366965055465698, 0, 0, 8, 5, 12, 0, 0, 1, 1, 2, 2, 5, 0, 0, 0, 4, 0, 0.6666666666666666, 0, 0], [1, 0, 0, 0.0, 0, 0, 8, 7, 14, 1, 0, 1, 0, 3, 3, 5, 0, 0, 0, 6, 0, 0.6, 0, 0], [0, 0, 0, 0.0013552308082580566, 0, 0, 8, 3, 10, 0, 0, 0, 0, 1, 1, 5, 0, 0, 0, 2, 0, 0.5, 0, 0], [1, 0, 0, 0.040856897830963135, 0, 0, 7, 12, 18, 1, 0, 1, 0, 5, 4, 4, 0, 0, 0, 11, 1, 0.6666666666666666, 0, 0], [0, 0, 0, 0.23544511198997498, 0, 0, 8, 5, 12, 0, 0, 0, 0, 3, 1, 5, 0, 0, 0, 4, 0, 0.5, 0, 0], [0, 0, 0, 0.036780595779418945, 0, 0, 8, 3, 10, 0, 0, 0, 0, 1, 1, 4, 0, 0, 0, 2, 0, 0.6666666666666666, 0, 0], [0, 0, 0, 0.0036970973014831543, 0, 0, 8, 3, 10, 0, 0, 0, 0, 1, 1, 1, 0, 0, 0, 2, 0, 0.07692307692307693, 0, 0], [0, 0, 0, 0.07400050759315491, 0, 0, 8, 5, 12, 0, 0, 0, 0, 2, 2, 3, 0, 0, 0, 4, 0, 0.3333333333333333, 0, 0], [1, 0, 1, 0.006010770797729492, 1, 0, 8, 13, 20, 1, 0, 1, 1, 3, 8, 5, 0, 0, 0, 12, 1, 0.8333333333333334, 0, 0], [0, 0, 0, 0.020315825939178467, 0, 0, 8, 3, 10, 0, 0, 0, 0, 1, 1, 2, 0, 0, 0, 2, 0, 0.5, 0, 0], [0, 0, 0, 0.027880847454071045, 0, 0, 8, 13, 20, 0, 0, 0, 0, 11, 1, 4, 0, 0, 0, 12, 0, 0.6666666666666666, 0, 0], [1, 0, 0, 0.002621591091156006, 0, 0, 8, 11, 18, 1, 0, 1, 0, 7, 3, 4, 0, 0, 0, 10, 0, 0.5, 0, 0], [1, 0, 0, 0.08715552091598511, 0, 0, 8, 13, 20, 1, 0, 1, 0, 10, 2, 4, 0, 0, 0, 12, 0, 0.6666666666666666, 0, 0], [0, 0, 0, 0.0, 0, 0, 8, 3, 10, 0, 0, 0, 0, 1, 1, 6, 0, 0, 0, 2, 0, 0.5, 0, 0], [0, 0, 0, 0.050985097885131836, 0, 0, 8, 5, 12, 0, 0, 0, 0, 1, 3, 6, 0, 0, 0, 4, 0, 0.6666666666666666, 0, 0], [1, 0, 0, 0.007086277008056641, 0, 0, 8, 3, 10, 1, 0, 0, 0, 1, 1, 4, 0, 0, 0, 2, 1, 0.75, 0, 0], [1, 0, 1, 0.11847436428070068, 0, 0, 8, 8, 15, 1, 0, 1, 1, 5, 2, 3, 0, 0, 0, 7, 1, 0.6666666666666666, 0, 0], [0, 0, 0, 0.013700246810913086, 0, 0, 8, 6, 13, 0, 0, 0, 0, 3, 2, 4, 0, 0, 0, 5, 0, 0.5, 0, 0], [0, 0, 0, 0.3138062357902527, 0, 0, 8, 3, 10, 0, 0, 0, 0, 1, 1, 2, 0, 0, 0, 2, 0, 0.5, 0, 0], [0, 0, 0, 0.046975523233413696, 0, 0, 8, 6, 13, 0, 0, 0, 0, 4, 1, 3, 0, 0, 0, 5, 0, 0.875, 0, 0], [1, 0, 0, 0.00980067253112793, 0, 0, 7, 7, 13, 1, 0, 0, 0, 5, 1, 6, 0, 0, 0, 6, 0, 0.875, 0, 0], [0, 0, 0, 0.05281895399093628, 0, 0, 8, 13, 20, 0, 0, 0, 0, 11, 1, 1, 0, 0, 0, 12, 0, 0.11764705882352941, 0, 0], [0, 0, 0, 0.01168447732925415, 0, 0, 8, 13, 20, 0, 0, 0, 0, 11, 1, 2, 0, 0, 0, 12, 0, 0.3333333333333333, 0, 0], [1, 0, 0, 0.01807481050491333, 0, 0, 6, 8, 13, 1, 0, 1, 0, 5, 2, 2, 0, 0, 0, 7, 0, 0.6666666666666666, 0, 0], [0, 0, 0, 0.030794501304626465, 0, 0, 8, 3, 10, 0, 0, 0, 0, 1, 1, 3, 0, 0, 0, 2, 0, 0.8333333333333334, 0, 0], [0, 0, 0, 0.05759429931640625, 0, 0, 8, 3, 10, 0, 0, 0, 0, 1, 1, 4, 0, 0, 0, 2, 0, 0.8571428571428571, 0, 0], [1, 0, 0, 0.07296538352966309, 0, 0, 8, 8, 15, 1, 0, 0, 0, 4, 3, 5, 0, 0, 0, 7, 0, 0.6666666666666666, 0, 0], [0, 0, 0, 0.026859939098358154, 0, 0, 8, 3, 10, 0, 0, 0, 0, 1, 1, 5, 0, 0, 0, 2, 0, 0.5, 0, 0], [1, 0, 0, 0.19869214296340942, 0, 0, 5, 4, 8, 1, 0, 0, 0, 1, 2, 1, 0, 0, 0, 3, 0, 0.5454545454545454, 0, 0], [0, 0, 0, 0.06637191772460938, 0, 0, 8, 3, 10, 0, 0, 0, 0, 1, 1, 7, 0, 0, 0, 2, 0, 0.75, 0, 0], [0, 0, 0, 0.11521035432815552, 0, 0, 8, 4, 11, 0, 0, 0, 0, 2, 1, 5, 0, 0, 0, 3, 0, 0.6666666666666666, 0, 0], [0, 0, 0, 0.03925126791000366, 0, 0, 8, 13, 20, 0, 0, 0, 0, 7, 3, 1, 0, 0, 0, 12, 0, 0.5714285714285714, 0, 0], [0, 0, 1, 0.013189822435379028, 0, 0, 8, 13, 20, 0, 0, 1, 1, 10, 2, 2, 0, 0, 0, 12, 0, 0.375, 0, 0], [0, 0, 0, 0.010093122720718384, 0, 0, 8, 3, 10, 0, 0, 0, 0, 1, 1, 5, 0, 0, 0, 2, 0, 0.6666666666666666, 0, 0], [1, 0, 0, 0.021179616451263428, 0, 0, 8, 13, 20, 1, 0, 0, 0, 6, 4, 3, 0, 0, 0, 12, 0, 0.5714285714285714, 0, 0], [0, 0, 0, 0.030320048332214355, 0, 0, 8, 3, 10, 0, 0, 0, 0, 1, 1, 4, 0, 0, 0, 2, 0, 0.6666666666666666, 0, 0], [0, 0, 0, 0.0019208788871765137, 0, 0, 8, 4, 11, 0, 0, 0, 0, 2, 1, 5, 0, 0, 0, 3, 0, 0.6666666666666666, 0, 0], [1, 0, 0, 0.06590962409973145, 0, 0, 7, 3, 9, 1, 0, 0, 0, 1, 1, 5, 0, 0, 0, 2, 0, 0.8, 0, 0], [1, 0, 0, 0.0, 0, 0, 5, 5, 9, 1, 0, 0, 0, 2, 2, 3, 0, 0, 0, 4, 0, 0.6666666666666666, 0, 0], [0, 0, 0, 0.0910387635231018, 0, 0, 8, 12, 19, 0, 0, 1, 0, 7, 4, 3, 0, 0, 0, 11, 0, 0.5, 0, 0], [1, 0, 1, 0.008259415626525879, 1, 0, 8, 10, 17, 1, 0, 1, 1, 4, 4, 3, 0, 0, 0, 9, 1, 0.7727272727272727, 0, 0], [0, 0, 0, 0.012143075466156006, 0, 0, 8, 4, 11, 0, 0, 0, 0, 2, 1, 6, 0, 0, 0, 3, 0, 0.5, 0, 0], [0, 0, 0, 0.0360448956489563, 0, 0, 8, 13, 20, 0, 0, 0, 0, 8, 4, 3, 0, 0, 0, 12, 0, 0.7777777777777778, 0, 0], [0, 0, 0, 0.0057974159717559814, 0, 0, 8, 5, 12, 0, 0, 0, 0, 3, 1, 3, 0, 0, 0, 4, 0, 0.625, 0, 0], [0, 0, 0, 0.007377892732620239, 0, 0, 8, 13, 20, 0, 0, 0, 0, 10, 2, 2, 0, 0, 0, 12, 0, 0.6666666666666666, 0, 0], [0, 0, 0, 0.14484339952468872, 0, 0, 8, 5, 12, 0, 0, 0, 0, 3, 1, 5, 0, 0, 0, 4, 0, 0.8, 0, 0], [0, 0, 0, 0.12206661701202393, 0, 0, 8, 3, 10, 0, 0, 0, 0, 1, 1, 6, 0, 0, 0, 2, 0, 0.75, 0, 0], [0, 0, 0, 0.008319854736328125, 0, 0, 8, 11, 18, 0, 0, 0, 0, 7, 3, 3, 0, 0, 0, 10, 0, 0.5714285714285714, 0, 0], [0, 0, 0, 0.0025058984756469727, 0, 0, 8, 10, 17, 0, 0, 0, 0, 3, 5, 3, 0, 0, 0, 9, 0, 0.7727272727272727, 0, 0], [0, 0, 0, 0.05222564935684204, 0, 0, 7, 3, 9, 0, 0, 0, 0, 1, 1, 6, 0, 0, 0, 2, 0, 0.75, 0, 0], [1, 0, 1, 0.005657553672790527, 0, 1, 8, 3, 10, 1, 0, 0, 0, 1, 1, 4, 0, 0, 0, 2, 0, 0.6666666666666666, 0, 0], [0, 0, 0, 0.22331088781356812, 0, 0, 8, 13, 20, 0, 0, 0, 0, 7, 4, 5, 0, 0, 0, 12, 0, 0.6666666666666666, 0, 0], [0, 0, 0, 0.20639681816101074, 0, 0, 8, 4, 11, 0, 0, 0, 0, 2, 1, 4, 0, 0, 0, 3, 0, 0.6666666666666666, 0, 0], [0, 0, 0, 0.19893431663513184, 0, 0, 8, 3, 10, 0, 0, 0, 0, 1, 1, 3, 0, 0, 0, 2, 0, 0.5, 0, 0], [1, 0, 0, 0.04420369863510132, 1, 0, 8, 6, 13, 1, 0, 1, 0, 3, 2, 1, 0, 0, 0, 5, 1, 0.5, 0, 0], [0, 0, 1, 0.007101714611053467, 0, 0, 8, 4, 11, 0, 0, 1, 1, 2, 1, 4, 0, 0, 0, 3, 0, 0.5, 0, 0], [0, 0, 0, 0.03573405742645264, 0, 0, 8, 3, 10, 0, 0, 0, 0, 1, 1, 5, 0, 0, 0, 2, 0, 0.6666666666666666, 0, 0], [1, 0, 0, 0.3210160732269287, 0, 0, 8, 3, 10, 1, 0, 0, 0, 1, 1, 5, 0, 0, 0, 2, 1, 0.6666666666666666, 0, 0], [0, 0, 0, 0.03475120663642883, 0, 0, 8, 6, 13, 0, 0, 0, 0, 4, 1, 3, 0, 0, 0, 5, 0, 0.5, 0, 0], [0, 0, 0, 0.047118961811065674, 0, 0, 8, 13, 20, 0, 0, 0, 0, 11, 1, 2, 0, 0, 0, 12, 0, 0.3333333333333333, 0, 0], [1, 0, 0, 0.2739253640174866, 0, 0, 8, 5, 12, 1, 0, 1, 0, 3, 1, 4, 0, 0, 0, 4, 0, 0.8333333333333334, 0, 0], [0, 0, 0, 0.3031032681465149, 0, 0, 8, 3, 10, 0, 0, 0, 0, 1, 1, 5, 0, 0, 0, 2, 0, 0.6666666666666666, 0, 0], [0, 0, 0, 0.06540003418922424, 0, 0, 8, 8, 15, 0, 0, 0, 0, 5, 2, 4, 0, 0, 0, 7, 0, 0.5, 0, 0], [0, 0, 0, 0.006169766187667847, 0, 0, 8, 6, 13, 0, 0, 0, 0, 4, 1, 5, 0, 0, 0, 5, 0, 0.6666666666666666, 0, 0], [1, 0, 0, 0.0066964030265808105, 0, 0, 8, 13, 20, 1, 0, 1, 0, 7, 3, 1, 0, 0, 0, 12, 0, 0.5714285714285714, 0, 0], [0, 0, 0, 0.14736750721931458, 0, 0, 8, 3, 10, 0, 0, 0, 0, 1, 1, 5, 0, 0, 0, 2, 0, 0.5, 0, 0], [1, 0, 1, 0.065676748752594, 1, 0, 8, 9, 16, 1, 0, 1, 1, 5, 2, 5, 0, 0, 0, 8, 1, 0.6666666666666666, 0, 0], [0, 0, 0, 0.027245551347732544, 0, 0, 8, 3, 10, 0, 0, 0, 0, 1, 1, 4, 0, 0, 0, 2, 0, 0.6666666666666666, 0, 0], [0, 0, 0, 0.0, 0, 0, 8, 9, 16, 0, 0, 0, 0, 4, 3, 3, 0, 0, 0, 8, 0, 0.6666666666666666, 0, 0], [0, 0, 0, 0.04148435592651367, 0, 0, 8, 13, 20, 0, 1, 0, 0, 8, 3, 1, 0, 0, 0, 12, 0, 0.5, 0, 0], [1, 0, 0, 0.010749220848083496, 0, 0, 8, 13, 20, 1, 0, 1, 1, 6, 3, 3, 0, 0, 0, 12, 0, 0.5714285714285714, 0, 0], [1, 0, 1, 0.23041391372680664, 0, 0, 8, 13, 20, 1, 0, 1, 1, 2, 9, 6, 0, 0, 0, 12, 0, 0.6666666666666666, 0, 0], [1, 0, 1, 0.007709145545959473, 1, 0, 8, 12, 19, 1, 0, 1, 1, 4, 7, 5, 0, 0, 0, 11, 1, 0.7727272727272727, 0, 0], [0, 0, 0, 0.13570821285247803, 0, 0, 8, 10, 17, 0, 0, 0, 0, 5, 3, 5, 0, 0, 0, 9, 0, 0.6666666666666666, 0, 0], [0, 0, 1, 0.19698753952980042, 0, 0, 8, 4, 11, 0, 0, 1, 1, 2, 1, 2, 0, 0, 0, 3, 0, 0.6666666666666666, 0, 0], [1, 0, 1, 0.0, 1, 0, 7, 4, 10, 1, 0, 1, 1, 2, 1, 5, 0, 0, 0, 3, 0, 0.6666666666666666, 0, 0], [0, 0, 0, 0.005701303482055664, 0, 0, 8, 4, 11, 0, 0, 0, 0, 2, 1, 5, 0, 0, 0, 3, 0, 0.5, 0, 0], [1, 0, 0, 0.013309597969055176, 0, 0, 8, 10, 17, 1, 0, 1, 0, 3, 6, 6, 0, 0, 0, 9, 0, 0.6666666666666666, 0, 0], [0, 0, 0, 0.0, 0, 0, 8, 4, 11, 0, 0, 0, 0, 1, 2, 4, 0, 0, 0, 3, 0, 0.6666666666666666, 0, 0], [1, 0, 1, 0.13695073127746582, 1, 0, 8, 13, 20, 1, 0, 1, 1, 5, 7, 6, 0, 0, 0, 12, 1, 0.6666666666666666, 0, 0], [0, 0, 0, 0.2845558524131775, 0, 0, 8, 4, 11, 0, 0, 0, 0, 2, 1, 2, 0, 0, 0, 3, 0, 0.36363636363636365, 0, 0], [0, 0, 0, 0.06590962409973145, 0, 0, 7, 3, 9, 0, 0, 0, 0, 1, 1, 5, 0, 0, 0, 2, 0, 0.8, 0, 0], [1, 0, 0, 0.03176385164260864, 1, 0, 8, 6, 13, 1, 0, 1, 1, 4, 1, 5, 0, 0, 0, 5, 1, 0.5, 0, 0], [0, 0, 0, 0.053196847438812256, 0, 0, 8, 5, 12, 0, 0, 0, 0, 3, 1, 4, 0, 0, 0, 4, 0, 0.6666666666666666, 0, 0], [0, 0, 1, 0.2114187479019165, 0, 0, 8, 13, 20, 0, 0, 1, 0, 8, 3, 5, 0, 0, 0, 12, 0, 0.6666666666666666, 0, 0], [0, 0, 0, 0.020263582468032837, 0, 0, 8, 6, 13, 0, 0, 0, 0, 4, 1, 3, 0, 0, 0, 5, 0, 0.5, 0, 0], [0, 0, 0, 0.02878892421722412, 0, 0, 8, 12, 19, 0, 0, 0, 0, 9, 2, 6, 0, 0, 0, 11, 0, 0.5, 0, 0], [0, 0, 0, 0.10913676023483276, 0, 0, 8, 3, 10, 0, 0, 0, 0, 1, 1, 5, 0, 0, 0, 2, 0, 0.5, 0, 0], [0, 0, 0, 0.052234187722206116, 0, 0, 8, 3, 10, 0, 0, 0, 0, 1, 1, 3, 0, 0, 0, 2, 0, 0.5, 0, 0], [0, 0, 0, 0.0980636477470398, 0, 0, 8, 11, 18, 0, 0, 0, 0, 7, 3, 3, 0, 0, 0, 10, 0, 0.5, 0, 0], [0, 0, 0, 0.12629574537277222, 0, 0, 8, 13, 20, 0, 0, 1, 0, 10, 2, 3, 0, 0, 0, 12, 0, 0.5, 0, 0], [1, 0, 0, 0.0143965482711792, 0, 0, 8, 4, 11, 1, 0, 0, 0, 2, 1, 3, 0, 0, 0, 3, 0, 0.6666666666666666, 0, 0], [0, 0, 0, 0.10376834869384766, 0, 0, 8, 3, 10, 0, 0, 0, 0, 1, 1, 4, 0, 0, 0, 2, 0, 0.5, 0, 0], [0, 0, 0, 0.03588944673538208, 0, 0, 8, 12, 19, 0, 0, 0, 0, 10, 1, 4, 0, 0, 0, 11, 0, 0.5, 0, 0], [0, 0, 0, 0.15550124645233154, 0, 0, 8, 5, 12, 0, 0, 0, 0, 3, 1, 3, 0, 0, 0, 4, 0, 0.6666666666666666, 0, 0], [1, 0, 1, 0.01075124740600586, 1, 0, 8, 7, 14, 1, 0, 1, 1, 2, 4, 3, 0, 0, 0, 6, 1, 0.8, 0, 0], [0, 0, 0, 0.01722496747970581, 0, 0, 4, 4, 7, 0, 0, 0, 0, 1, 2, 3, 0, 0, 0, 3, 0, 0.75, 0, 0], [0, 0, 0, 0.02506345510482788, 0, 0, 8, 13, 20, 0, 0, 0, 0, 10, 2, 3, 0, 0, 0, 12, 0, 0.3333333333333333, 0, 0], [0, 0, 0, 0.00019782781600952148, 0, 0, 8, 3, 10, 0, 0, 0, 0, 1, 1, 6, 0, 0, 0, 2, 0, 0.5, 0, 0], [1, 0, 0, 0.01318657398223877, 0, 0, 8, 13, 20, 1, 0, 0, 0, 8, 3, 1, 0, 0, 0, 12, 0, 0.5, 0, 0], [0, 0, 0, 0.007299691438674927, 0, 0, 8, 5, 12, 0, 0, 0, 0, 3, 1, 4, 0, 0, 0, 4, 0, 0.5714285714285714, 0, 0], [0, 0, 0, 0.012393712997436523, 0, 0, 8, 3, 10, 0, 0, 0, 0, 1, 1, 5, 0, 0, 0, 2, 0, 0.5, 0, 0], [0, 0, 0, 0.007742434740066528, 0, 0, 8, 3, 10, 0, 0, 0, 0, 1, 1, 1, 0, 0, 0, 2, 0, 0.4, 0, 0], [1, 0, 1, 0.0, 1, 0, 8, 7, 14, 1, 0, 1, 1, 3, 2, 2, 0, 0, 0, 6, 1, 0.5625, 0, 0], [1, 0, 1, 0.03014463186264038, 1, 0, 8, 13, 20, 1, 0, 1, 1, 6, 6, 4, 0, 0, 0, 12, 1, 0.8333333333333334, 0, 0], [1, 0, 1, 0.056100666522979736, 1, 0, 8, 5, 12, 1, 0, 1, 1, 2, 2, 3, 0, 0, 0, 4, 1, 0.7727272727272727, 0, 0], [0, 0, 0, 0.040855348110198975, 0, 0, 8, 6, 13, 0, 0, 0, 0, 4, 1, 3, 0, 0, 0, 5, 0, 0.5, 0, 0], [0, 0, 0, 0.14543259143829346, 0, 0, 8, 4, 11, 0, 0, 0, 0, 2, 1, 3, 0, 0, 0, 3, 0, 0.5, 0, 0], [0, 0, 0, 0.18420350551605225, 0, 0, 8, 6, 13, 0, 0, 0, 0, 3, 2, 6, 0, 0, 0, 5, 0, 0.8333333333333334, 0, 0], [0, 0, 0, 0.07848852872848511, 0, 0, 8, 3, 10, 0, 0, 0, 0, 1, 1, 4, 0, 0, 0, 2, 0, 0.5, 0, 0], [0, 0, 0, 0.024311542510986328, 0, 0, 8, 9, 16, 0, 0, 0, 0, 7, 1, 2, 0, 0, 0, 8, 0, 0.14285714285714285, 0, 0], [1, 0, 1, 0.02673715353012085, 1, 0, 8, 6, 13, 1, 0, 1, 1, 2, 3, 3, 0, 0, 0, 5, 1, 0.8333333333333334, 0, 0], [0, 0, 0, 0.01086956262588501, 0, 0, 8, 4, 11, 0, 0, 0, 0, 2, 1, 4, 0, 0, 0, 3, 0, 0.6666666666666666, 0, 0], [1, 0, 0, 0.03855031728744507, 0, 0, 8, 7, 14, 1, 0, 0, 0, 3, 2, 3, 0, 0, 0, 6, 0, 0.6, 0, 0], [1, 0, 1, 0.021505773067474365, 1, 0, 8, 13, 20, 1, 0, 1, 1, 6, 5, 1, 0, 0, 0, 12, 0, 0.5, 0, 0], [0, 0, 0, 0.022162914276123047, 0, 0, 8, 3, 10, 0, 0, 0, 0, 1, 1, 4, 0, 0, 0, 2, 0, 0.6666666666666666, 0, 0], [0, 0, 0, 0.012553364038467407, 0, 0, 8, 3, 10, 0, 0, 0, 0, 1, 1, 4, 0, 0, 0, 2, 0, 0.5, 0, 0], [0, 0, 0, 0.009403973817825317, 0, 0, 8, 13, 20, 0, 0, 1, 0, 11, 1, 4, 0, 0, 0, 12, 0, 0.6666666666666666, 0, 0], [0, 0, 0, 0.005246192216873169, 0, 0, 8, 7, 14, 0, 0, 0, 0, 5, 1, 4, 0, 0, 0, 6, 0, 0.6666666666666666, 0, 0], [1, 0, 0, 0.012882471084594727, 0, 0, 8, 10, 17, 1, 0, 1, 0, 4, 5, 3, 0, 0, 0, 9, 0, 0.7727272727272727, 0, 0], [1, 0, 0, 0.03537827730178833, 0, 0, 8, 3, 10, 1, 0, 0, 0, 1, 1, 3, 0, 0, 0, 2, 0, 0.5, 0, 0], [0, 0, 0, 0.29200392961502075, 0, 0, 6, 5, 10, 0, 0, 0, 0, 3, 1, 4, 0, 0, 0, 4, 0, 0.5, 0, 0], [1, 0, 0, 0.08715552091598511, 0, 0, 8, 13, 20, 1, 0, 1, 0, 10, 2, 4, 0, 0, 0, 12, 0, 0.6666666666666666, 0, 0], [1, 0, 0, 0.010887086391448975, 0, 0, 8, 7, 14, 1, 0, 0, 0, 1, 5, 3, 0, 0, 0, 6, 0, 0.8, 0, 0], [1, 0, 0, 0.018840670585632324, 0, 0, 6, 3, 8, 1, 0, 0, 0, 1, 1, 5, 0, 0, 0, 2, 0, 0.75, 0, 0], [0, 0, 0, 0.33603113889694214, 0, 0, 8, 3, 10, 0, 0, 0, 0, 1, 1, 2, 0, 0, 0, 2, 0, 0.5, 0, 0], [0, 0, 0, 0.045407503843307495, 0, 0, 8, 3, 10, 0, 0, 0, 0, 1, 1, 4, 0, 0, 0, 2, 0, 0.5, 0, 0], [0, 0, 0, 0.1403755247592926, 0, 0, 8, 4, 11, 0, 0, 0, 0, 2, 1, 4, 0, 0, 0, 3, 0, 0.5, 0, 0], [1, 0, 0, 0.005134761333465576, 0, 0, 8, 6, 13, 1, 0, 0, 0, 3, 2, 3, 0, 0, 0, 5, 0, 0.7727272727272727, 0, 0], [0, 0, 0, 0.03179532289505005, 0, 0, 8, 13, 20, 0, 0, 0, 0, 7, 2, 1, 0, 0, 0, 12, 0, 0.6, 0, 0], [0, 0, 0, 0.02528989315032959, 0, 0, 8, 13, 20, 0, 0, 0, 0, 10, 2, 1, 0, 0, 0, 12, 0, 0.125, 0, 0], [1, 0, 1, 0.006010770797729492, 1, 0, 8, 13, 20, 1, 1, 1, 1, 3, 8, 5, 0, 0, 0, 12, 1, 0.8333333333333334, 0, 0], [0, 0, 0, 0.3708083927631378, 0, 0, 8, 3, 10, 0, 0, 0, 0, 1, 1, 4, 0, 0, 0, 2, 0, 0.5714285714285714, 0, 0], [0, 0, 0, 0.0032821297645568848, 0, 0, 8, 3, 10, 0, 0, 0, 0, 1, 1, 5, 0, 0, 0, 2, 0, 0.5, 0, 0], [1, 0, 0, 0.0015671253204345703, 1, 0, 8, 4, 11, 1, 1, 1, 0, 2, 1, 3, 0, 0, 0, 3, 1, 0.5, 0, 0], [0, 0, 0, 0.11538088321685791, 0, 0, 8, 3, 10, 0, 0, 0, 0, 1, 1, 5, 0, 0, 0, 2, 0, 0.5, 0, 0], [1, 0, 1, 0.010749220848083496, 0, 0, 8, 13, 20, 1, 0, 1, 0, 6, 3, 3, 0, 0, 0, 12, 0, 0.5714285714285714, 0, 0], [1, 0, 1, 0.0973101258277893, 0, 0, 8, 10, 17, 1, 0, 1, 1, 3, 5, 6, 0, 0, 0, 9, 1, 0.6666666666666666, 0, 0], [0, 0, 0, 0.00906294584274292, 0, 0, 8, 9, 16, 0, 0, 1, 0, 6, 2, 4, 0, 0, 0, 8, 0, 0.5, 0, 0], [0, 0, 0, 0.001523733139038086, 0, 0, 8, 7, 14, 0, 0, 0, 0, 5, 1, 3, 0, 0, 0, 6, 0, 0.5, 0, 0], [0, 0, 0, 0.0453682541847229, 0, 0, 8, 4, 11, 0, 0, 1, 0, 2, 1, 4, 0, 0, 0, 3, 0, 0.5, 0, 0], [1, 0, 1, 0.07966732978820801, 1, 0, 8, 9, 16, 1, 0, 1, 1, 5, 3, 6, 0, 0, 0, 8, 0, 0.75, 0, 0], [1, 0, 1, 0.0071160197257995605, 1, 0, 8, 13, 20, 1, 0, 1, 1, 5, 7, 5, 0, 0, 0, 12, 1, 0.8333333333333334, 0, 0], [0, 0, 0, 0.052626729011535645, 0, 0, 8, 3, 10, 0, 0, 0, 0, 1, 1, 4, 0, 0, 0, 2, 0, 0.5, 0, 0], [0, 0, 0, 0.3975468873977661, 0, 0, 8, 3, 10, 0, 0, 0, 0, 1, 1, 4, 0, 0, 0, 2, 0, 0.5, 0, 0], [1, 0, 0, 0.0999569296836853, 0, 0, 8, 4, 11, 1, 0, 0, 0, 1, 2, 3, 0, 0, 0, 3, 0, 0.6666666666666666, 0, 0], [0, 0, 0, 0.023758918046951294, 0, 0, 8, 3, 10, 0, 0, 0, 0, 1, 1, 5, 0, 0, 0, 2, 0, 0.5, 0, 0], [1, 0, 1, 0.1426229476928711, 1, 0, 8, 8, 15, 1, 0, 1, 1, 3, 3, 2, 0, 0, 0, 7, 1, 0.7777777777777778, 0, 0], [0, 0, 0, 0.00833892822265625, 0, 0, 8, 13, 20, 0, 0, 1, 0, 8, 3, 1, 0, 0, 0, 12, 0, 0.5714285714285714, 0, 0], [1, 0, 0, 0.16299641132354736, 0, 0, 8, 3, 10, 1, 0, 0, 0, 1, 1, 4, 0, 0, 0, 2, 0, 0.5, 0, 0], [1, 0, 0, 0.0, 0, 0, 3, 4, 6, 1, 0, 1, 0, 2, 1, 2, 0, 0, 0, 3, 0, 0.6666666666666666, 0, 0], [0, 0, 0, 0.04746869206428528, 0, 0, 8, 3, 10, 0, 0, 0, 0, 1, 1, 5, 0, 0, 0, 2, 0, 0.5, 0, 0], [0, 0, 0, 0.03603941202163696, 0, 0, 8, 3, 10, 0, 0, 0, 0, 1, 1, 6, 0, 0, 0, 2, 0, 0.6666666666666666, 0, 0], [1, 0, 1, 0.09389340877532959, 1, 0, 8, 5, 12, 1, 0, 1, 1, 2, 2, 3, 0, 0, 0, 4, 1, 0.8333333333333334, 0, 0], [0, 0, 0, 0.29651498794555664, 0, 0, 8, 3, 10, 0, 0, 0, 0, 1, 1, 4, 0, 0, 0, 2, 0, 0.5, 0, 0], [0, 0, 0, 0.00521242618560791, 0, 0, 8, 13, 20, 0, 0, 0, 0, 9, 3, 2, 0, 0, 0, 12, 0, 0.3333333333333333, 0, 0], [0, 0, 0, 0.022682368755340576, 0, 0, 8, 13, 20, 0, 0, 0, 0, 7, 5, 5, 0, 0, 0, 12, 0, 0.8333333333333334, 0, 0], [0, 0, 0, 0.008038461208343506, 0, 0, 8, 4, 11, 0, 0, 0, 0, 1, 2, 3, 0, 0, 0, 3, 0, 0.7727272727272727, 0, 0], [1, 0, 1, 0.04364371299743652, 1, 0, 8, 7, 14, 1, 0, 1, 1, 2, 4, 5, 0, 0, 0, 6, 1, 0.9375, 0, 0], [1, 0, 1, 0.1426229476928711, 1, 0, 8, 8, 15, 1, 0, 1, 1, 3, 3, 2, 0, 0, 0, 7, 1, 0.7777777777777778, 0, 0], [1, 0, 0, 0.019816994667053223, 0, 0, 8, 13, 20, 1, 0, 0, 0, 3, 6, 5, 0, 0, 0, 12, 0, 0.6, 0, 0], [1, 0, 1, 0.0250089168548584, 0, 0, 8, 4, 11, 1, 0, 1, 1, 2, 1, 5, 0, 0, 0, 3, 0, 0.5, 0, 0], [0, 0, 0, 0.014570474624633789, 0, 0, 8, 13, 20, 0, 0, 0, 0, 8, 3, 1, 0, 0, 0, 12, 0, 0.5, 0, 0], [0, 0, 0, 0.47632303833961487, 0, 0, 8, 3, 10, 0, 0, 0, 0, 1, 1, 4, 0, 0, 0, 2, 0, 0.6666666666666666, 0, 0], [1, 0, 0, 0.16890645027160645, 1, 1, 8, 6, 13, 1, 0, 1, 0, 2, 2, 4, 0, 0, 0, 5, 1, 0.6, 0, 0], [0, 0, 0, 0.07716724276542664, 0, 0, 8, 7, 14, 0, 0, 0, 0, 5, 1, 2, 0, 0, 0, 6, 0, 0.5, 0, 0], [0, 0, 0, 0.009234309196472168, 0, 0, 8, 13, 20, 0, 0, 0, 0, 10, 2, 1, 0, 0, 0, 12, 0, 0.6666666666666666, 0, 0], [0, 0, 0, 5.227327346801758e-05, 0, 0, 8, 13, 20, 0, 0, 0, 0, 1, 11, 3, 0, 0, 0, 12, 0, 0.75, 0, 0], [0, 0, 0, 0.09236547350883484, 0, 0, 8, 3, 10, 0, 0, 0, 0, 1, 1, 3, 0, 0, 0, 2, 0, 0.6666666666666666, 0, 0], [1, 0, 1, 0.04696613550186157, 0, 0, 8, 4, 11, 1, 0, 1, 1, 2, 1, 6, 0, 0, 0, 3, 0, 0.6666666666666666, 0, 0], [0, 0, 0, 0.016864508390426636, 0, 0, 8, 9, 16, 0, 0, 0, 0, 5, 2, 3, 0, 0, 0, 8, 0, 0.5, 0, 0], [0, 0, 0, 0.03520110249519348, 0, 0, 7, 6, 12, 0, 0, 0, 0, 4, 1, 5, 0, 0, 0, 5, 0, 0.75, 0, 0], [0, 0, 0, 0.028114765882492065, 0, 0, 8, 13, 20, 0, 0, 0, 0, 10, 2, 1, 0, 0, 0, 12, 0, 0.2857142857142857, 0, 0], [0, 0, 0, 0.18165220320224762, 0, 0, 8, 3, 10, 0, 0, 0, 0, 1, 1, 3, 0, 0, 0, 2, 0, 0.6666666666666666, 0, 0], [0, 0, 0, 0.05624014139175415, 0, 0, 8, 3, 10, 0, 0, 0, 0, 1, 1, 4, 0, 0, 0, 2, 0, 0.6666666666666666, 0, 0], [0, 0, 1, 0.007336825132369995, 0, 0, 8, 13, 20, 0, 0, 1, 1, 10, 2, 2, 0, 0, 0, 12, 0, 0.5, 0, 0], [1, 0, 0, 0.01681572198867798, 0, 0, 8, 3, 10, 1, 0, 0, 0, 1, 1, 5, 0, 0, 0, 2, 0, 0.9375, 0, 0], [0, 0, 0, 0.09530583024024963, 0, 0, 8, 6, 13, 0, 0, 1, 0, 4, 1, 5, 0, 0, 0, 5, 0, 0.5, 0, 0], [0, 0, 0, 0.012850195169448853, 0, 0, 8, 4, 11, 0, 0, 0, 0, 2, 1, 4, 0, 0, 0, 3, 0, 0.5, 0, 0], [1, 0, 1, 0.05636286735534668, 1, 0, 8, 13, 20, 1, 0, 1, 1, 4, 8, 5, 0, 0, 0, 12, 1, 0.6666666666666666, 0, 0], [0, 0, 0, 0.04992038011550903, 0, 0, 8, 4, 11, 0, 0, 0, 0, 2, 1, 2, 0, 0, 0, 3, 0, 0.3333333333333333, 0, 0], [1, 0, 1, 0.08087211847305298, 1, 1, 8, 3, 10, 1, 0, 0, 0, 1, 1, 6, 0, 0, 0, 2, 1, 0.6666666666666666, 0, 0], [0, 0, 0, 0.18140065670013428, 0, 0, 8, 3, 10, 0, 0, 0, 0, 1, 1, 4, 0, 0, 0, 2, 0, 0.6666666666666666, 0, 0], [1, 0, 1, 0.0, 1, 0, 7, 6, 12, 1, 0, 1, 1, 3, 2, 6, 0, 0, 0, 5, 1, 0.8, 0, 0], [1, 0, 0, 0.05067265033721924, 0, 0, 8, 4, 11, 1, 0, 0, 0, 2, 1, 6, 0, 0, 0, 3, 0, 0.5, 0, 0], [0, 0, 0, 0.3015124201774597, 0, 0, 8, 3, 10, 0, 0, 0, 0, 1, 1, 5, 0, 0, 0, 2, 0, 0.6666666666666666, 0, 0], [0, 0, 0, 0.07517069578170776, 0, 0, 8, 3, 10, 0, 0, 0, 0, 1, 1, 4, 0, 0, 0, 2, 0, 0.5, 0, 0], [0, 0, 0, 0.07084578275680542, 0, 0, 8, 12, 19, 0, 0, 0, 0, 10, 1, 4, 0, 0, 0, 11, 0, 0.5, 0, 0], [1, 0, 0, 0.07782655954360962, 0, 0, 8, 13, 20, 1, 0, 1, 0, 9, 3, 5, 0, 0, 0, 12, 0, 0.5, 0, 0], [0, 0, 0, 0.009796380996704102, 0, 0, 6, 3, 8, 0, 0, 0, 0, 1, 1, 5, 0, 0, 0, 2, 0, 0.5, 0, 0], [1, 0, 0, 0.1719954013824463, 0, 0, 8, 3, 10, 1, 0, 0, 0, 1, 1, 4, 0, 0, 0, 2, 0, 0.6666666666666666, 0, 0], [0, 0, 0, 0.0007134079933166504, 0, 0, 8, 13, 20, 0, 0, 0, 0, 6, 3, 1, 0, 0, 0, 12, 0, 0.5, 0, 0], [0, 0, 0, 0.04911598563194275, 0, 0, 8, 3, 10, 0, 0, 0, 0, 1, 1, 5, 0, 0, 0, 2, 0, 0.875, 0, 0], [0, 0, 0, 0.048105597496032715, 0, 0, 8, 3, 10, 0, 0, 0, 0, 1, 1, 4, 0, 0, 0, 2, 0, 0.6666666666666666, 0, 0], [1, 0, 0, 0.031061768531799316, 0, 0, 8, 5, 12, 1, 0, 0, 0, 3, 1, 2, 0, 0, 0, 4, 0, 0.5, 0, 0], [1, 0, 0, 0.06225305795669556, 0, 0, 8, 4, 11, 1, 0, 0, 0, 2, 1, 5, 0, 0, 0, 3, 0, 0.8, 0, 0], [0, 0, 0, 0.02899673581123352, 0, 0, 8, 3, 10, 0, 0, 0, 0, 1, 1, 3, 0, 0, 0, 2, 0, 0.6666666666666666, 0, 0], [0, 0, 0, 0.055709898471832275, 0, 0, 8, 3, 10, 0, 0, 0, 0, 1, 1, 7, 0, 0, 0, 2, 0, 0.5, 0, 0], [0, 0, 0, 0.04997032880783081, 0, 0, 8, 4, 11, 0, 0, 0, 0, 2, 1, 1, 0, 0, 0, 3, 0, 0.5, 0, 0], [1, 0, 0, 0.06590962409973145, 0, 0, 7, 3, 9, 1, 0, 0, 0, 1, 1, 5, 0, 0, 0, 2, 0, 0.8, 0, 0], [0, 0, 0, 0.02015143632888794, 0, 0, 8, 3, 10, 0, 0, 0, 0, 1, 1, 4, 0, 0, 0, 2, 0, 0.6666666666666666, 0, 0], [0, 0, 0, 0.07360070943832397, 0, 0, 8, 3, 10, 0, 0, 0, 0, 1, 1, 3, 0, 0, 0, 2, 0, 0.6666666666666666, 0, 0], [1, 0, 1, 0.06770157814025879, 1, 0, 8, 5, 12, 1, 1, 1, 1, 2, 2, 3, 0, 0, 0, 4, 1, 0.7727272727272727, 0, 0], [0, 0, 0, 0.012135565280914307, 0, 0, 8, 13, 20, 0, 0, 0, 0, 7, 3, 1, 0, 0, 0, 12, 0, 0.6, 0, 0], [0, 0, 0, 0.022674530744552612, 0, 0, 8, 3, 10, 0, 0, 0, 0, 1, 1, 4, 0, 0, 0, 2, 0, 0.6666666666666666, 0, 0], [0, 0, 0, 0.01605808734893799, 0, 0, 8, 11, 18, 0, 0, 0, 0, 9, 1, 4, 0, 0, 0, 10, 0, 0.6666666666666666, 0, 0], [1, 0, 0, 0.04371267557144165, 0, 0, 8, 4, 11, 1, 0, 0, 0, 2, 1, 4, 0, 0, 0, 3, 0, 0.6666666666666666, 0, 0], [0, 0, 0, 0.016025066375732422, 0, 0, 8, 11, 18, 0, 0, 0, 0, 9, 1, 4, 0, 0, 0, 10, 0, 0.5714285714285714, 0, 0], [0, 0, 0, 0.014440715312957764, 0, 0, 8, 4, 11, 0, 0, 0, 0, 2, 1, 6, 0, 0, 0, 3, 0, 0.5, 0, 0], [1, 0, 0, 0.0, 0, 0, 8, 7, 14, 1, 0, 1, 0, 3, 3, 5, 0, 0, 0, 6, 0, 0.6, 0, 0], [0, 0, 0, 0.05222564935684204, 0, 0, 7, 3, 9, 0, 0, 0, 0, 1, 1, 6, 0, 0, 0, 2, 0, 0.75, 0, 0], [1, 0, 0, 0.22761821746826172, 1, 0, 8, 13, 20, 1, 0, 1, 0, 2, 8, 6, 0, 0, 0, 12, 1, 0.6666666666666666, 0, 0], [1, 0, 0, 0.43594080209732056, 1, 0, 8, 6, 13, 1, 0, 1, 0, 2, 3, 6, 0, 0, 0, 5, 1, 0.8, 0, 0], [0, 0, 0, 0.03603947162628174, 0, 0, 8, 3, 10, 0, 0, 0, 0, 1, 1, 6, 0, 0, 0, 2, 0, 0.6666666666666666, 0, 0], [0, 0, 0, 0.030794501304626465, 0, 0, 8, 3, 10, 0, 0, 0, 0, 1, 1, 3, 0, 0, 0, 2, 0, 0.8333333333333334, 0, 0], [0, 0, 0, 0.11856234073638916, 0, 0, 8, 10, 17, 0, 0, 0, 0, 6, 3, 6, 0, 0, 0, 9, 0, 0.5, 0, 0], [0, 0, 0, 0.006706893444061279, 0, 0, 7, 12, 18, 0, 0, 0, 0, 9, 2, 4, 0, 0, 0, 11, 0, 0.75, 0, 0], [0, 0, 0, 0.0004972219467163086, 0, 0, 8, 13, 20, 0, 0, 0, 0, 9, 2, 3, 0, 0, 0, 12, 0, 0.6666666666666666, 0, 0], [0, 0, 0, 0.006269693374633789, 0, 0, 8, 3, 10, 0, 0, 0, 0, 1, 1, 4, 0, 0, 0, 2, 0, 0.8333333333333334, 0, 0], [0, 0, 0, 0.06637191772460938, 0, 0, 8, 3, 10, 0, 0, 0, 0, 1, 1, 7, 0, 0, 0, 2, 0, 0.75, 0, 0], [0, 0, 0, 0.11134403944015503, 0, 0, 8, 10, 17, 0, 0, 0, 0, 5, 3, 5, 0, 0, 0, 9, 0, 0.6666666666666666, 0, 0], [0, 0, 0, 0.009120404720306396, 0, 0, 8, 5, 12, 0, 0, 0, 0, 3, 1, 6, 0, 0, 0, 4, 0, 0.6666666666666666, 0, 0], [1, 0, 0, 0.026947021484375, 0, 0, 8, 4, 11, 1, 0, 1, 0, 2, 1, 4, 0, 0, 0, 3, 0, 0.5, 0, 0], [0, 0, 0, 0.018597781658172607, 0, 0, 8, 13, 20, 0, 0, 0, 0, 6, 4, 1, 0, 0, 0, 12, 0, 0.5, 0, 0], [1, 0, 0, 0.0, 1, 0, 7, 4, 10, 1, 0, 1, 0, 2, 1, 6, 0, 0, 0, 3, 1, 0.6666666666666666, 0, 0], [0, 0, 0, 0.1229594349861145, 0, 0, 8, 3, 10, 0, 0, 0, 0, 1, 1, 5, 0, 0, 0, 2, 0, 0.5, 0, 0], [0, 0, 0, 0.06458324193954468, 0, 0, 8, 13, 20, 0, 0, 0, 0, 11, 1, 3, 0, 0, 0, 12, 0, 0.3333333333333333, 0, 0], [1, 0, 0, 0.025234580039978027, 0, 0, 8, 13, 20, 1, 0, 0, 0, 10, 2, 1, 0, 0, 0, 12, 0, 0.3, 0, 0], [1, 0, 0, 0.054471731185913086, 0, 0, 8, 4, 11, 1, 0, 0, 0, 2, 1, 5, 0, 0, 0, 3, 0, 0.6666666666666666, 0, 0], [0, 0, 0, 0.0, 0, 0, 4, 3, 6, 0, 0, 0, 0, 1, 1, 3, 0, 0, 0, 2, 0, 0.6666666666666666, 0, 0], [1, 0, 1, 0.0, 1, 0, 8, 6, 13, 1, 0, 1, 1, 2, 3, 6, 0, 0, 0, 5, 1, 0.6, 0, 0], [0, 0, 0, 0.03603935241699219, 0, 0, 8, 3, 10, 0, 0, 0, 0, 1, 1, 6, 0, 0, 0, 2, 0, 0.6666666666666666, 0, 0], [0, 0, 0, 0.011368155479431152, 0, 0, 8, 4, 11, 0, 0, 0, 0, 2, 1, 5, 0, 0, 0, 3, 0, 0.5, 0, 0], [0, 0, 0, 0.03603947162628174, 0, 0, 8, 3, 10, 0, 0, 0, 0, 1, 1, 6, 0, 0, 0, 2, 0, 0.6666666666666666, 0, 0], [0, 0, 0, 0.007421523332595825, 0, 0, 8, 13, 20, 0, 0, 1, 1, 11, 1, 2, 0, 0, 0, 12, 0, 0.14285714285714285, 0, 0], [1, 0, 1, 0.0, 1, 0, 7, 4, 10, 1, 0, 1, 1, 2, 1, 5, 0, 0, 0, 3, 0, 0.6666666666666666, 0, 0], [0, 0, 0, 0.08919596672058105, 0, 0, 8, 8, 15, 0, 0, 1, 0, 4, 3, 5, 0, 0, 0, 7, 0, 0.7, 0, 0], [1, 0, 0, 0.05180656909942627, 0, 0, 7, 4, 10, 1, 0, 1, 0, 2, 1, 5, 0, 0, 0, 3, 0, 0.75, 0, 0], [1, 0, 0, 0.0, 0, 0, 8, 6, 13, 1, 0, 0, 0, 3, 2, 6, 0, 0, 0, 5, 0, 0.625, 0, 0], [0, 0, 0, 0.2834969758987427, 0, 0, 8, 3, 10, 0, 0, 0, 0, 1, 1, 3, 0, 0, 0, 2, 0, 0.8333333333333334, 0, 0], [0, 0, 0, 0.007117360830307007, 0, 0, 8, 13, 20, 0, 0, 0, 0, 10, 2, 1, 0, 0, 0, 12, 0, 0.09090909090909091, 0, 0], [1, 0, 1, 0.07181340456008911, 0, 0, 8, 11, 18, 1, 0, 1, 1, 4, 6, 6, 0, 0, 0, 10, 0, 0.5, 0, 0], [1, 0, 0, 0.01319420337677002, 0, 0, 8, 13, 20, 1, 0, 0, 0, 3, 9, 5, 0, 0, 0, 12, 0, 0.8333333333333334, 0, 0], [0, 0, 0, 0.06467720866203308, 0, 0, 8, 13, 20, 0, 0, 0, 0, 9, 3, 4, 0, 0, 0, 12, 0, 0.5, 0, 0], [0, 0, 0, 0.07726362347602844, 0, 0, 8, 6, 13, 0, 0, 0, 0, 4, 1, 3, 0, 0, 0, 5, 0, 0.5, 0, 0], [0, 0, 0, 0.18315142393112183, 0, 0, 8, 13, 20, 0, 0, 0, 0, 7, 3, 5, 0, 0, 0, 12, 0, 0.6666666666666666, 0, 0], [0, 0, 0, 0.09603551030158997, 0, 0, 8, 11, 18, 0, 0, 0, 0, 7, 3, 3, 0, 0, 0, 10, 0, 0.5, 0, 0], [0, 0, 0, 0.019108131527900696, 0, 0, 8, 3, 10, 0, 0, 0, 0, 1, 1, 4, 0, 0, 0, 2, 0, 0.6666666666666666, 0, 0], [1, 0, 0, 0.009748876094818115, 0, 0, 7, 3, 9, 1, 0, 0, 0, 1, 1, 6, 0, 0, 0, 2, 0, 0.5, 0, 0], [0, 0, 0, 0.313400536775589, 0, 0, 8, 4, 11, 0, 0, 0, 0, 2, 1, 3, 0, 0, 0, 3, 0, 0.5, 0, 0], [0, 0, 0, 0.023682713508605957, 0, 0, 8, 13, 20, 0, 0, 0, 0, 7, 5, 1, 0, 0, 0, 12, 0, 0.5, 0, 0], [0, 0, 0, 0.01238328218460083, 0, 0, 8, 9, 16, 0, 0, 0, 0, 7, 1, 3, 0, 0, 0, 8, 0, 0.5714285714285714, 0, 0], [0, 0, 0, 0.06201672554016113, 0, 0, 8, 3, 10, 0, 0, 0, 0, 1, 1, 6, 0, 0, 0, 2, 0, 0.5, 0, 0], [0, 0, 0, 0.08020079135894775, 0, 0, 8, 3, 10, 0, 0, 0, 0, 1, 1, 5, 0, 0, 0, 2, 0, 0.5, 0, 0], [1, 0, 1, 0.006010770797729492, 1, 0, 8, 13, 20, 1, 0, 1, 1, 2, 9, 5, 0, 0, 0, 12, 1, 0.8333333333333334, 0, 0], [1, 0, 0, 0.022264838218688965, 1, 0, 8, 13, 20, 1, 0, 0, 0, 8, 3, 1, 0, 0, 0, 12, 1, 0.5, 0, 0], [0, 0, 0, 0.12006950378417969, 0, 0, 8, 10, 17, 0, 0, 0, 0, 7, 2, 4, 0, 0, 0, 9, 0, 0.6666666666666666, 0, 0], [1, 0, 0, 0.016539394855499268, 0, 0, 8, 13, 20, 1, 0, 0, 0, 10, 2, 1, 0, 0, 0, 12, 0, 0.16666666666666666, 0, 0], [0, 0, 0, 0.014441579580307007, 0, 0, 8, 11, 18, 0, 0, 0, 0, 8, 2, 1, 0, 0, 0, 10, 0, 0.5, 0, 0], [0, 0, 0, 0.0032821297645568848, 0, 0, 8, 3, 10, 0, 0, 0, 0, 1, 1, 5, 0, 0, 0, 2, 0, 0.5, 0, 0], [0, 0, 0, 0.00021883845329284668, 0, 0, 8, 3, 10, 0, 0, 0, 0, 1, 1, 4, 0, 0, 0, 2, 0, 0.5, 0, 0], [0, 0, 0, 0.007900059223175049, 0, 0, 8, 4, 11, 0, 0, 0, 0, 2, 1, 4, 0, 0, 0, 3, 0, 0.6, 0, 0], [0, 0, 0, 0.25426697731018066, 0, 0, 8, 3, 10, 0, 0, 0, 0, 1, 1, 4, 0, 0, 0, 2, 0, 0.5, 0, 0], [1, 0, 0, 0.013167619705200195, 0, 0, 7, 3, 9, 1, 0, 0, 0, 1, 1, 5, 0, 0, 0, 2, 0, 0.6666666666666666, 0, 0], [0, 0, 0, 0.05935698747634888, 0, 0, 8, 4, 11, 0, 0, 0, 0, 2, 1, 5, 0, 0, 0, 3, 0, 0.6666666666666666, 0, 0], [0, 0, 0, 0.029896259307861328, 0, 0, 8, 3, 10, 0, 0, 0, 0, 1, 1, 2, 0, 0, 0, 2, 0, 0.5, 0, 0], [1, 0, 1, 0.05588367581367493, 0, 0, 8, 6, 13, 1, 0, 1, 0, 4, 1, 1, 0, 0, 0, 5, 1, 0.5, 0, 0], [1, 0, 1, 0.07782655954360962, 0, 0, 8, 13, 20, 1, 0, 1, 1, 7, 3, 5, 0, 0, 0, 12, 0, 0.5, 0, 0], [0, 0, 0, 0.011478453874588013, 0, 0, 8, 3, 10, 0, 0, 0, 0, 1, 1, 5, 0, 0, 0, 2, 0, 0.5, 0, 0], [0, 0, 0, 0.393185555934906, 0, 0, 8, 3, 10, 0, 0, 0, 0, 1, 1, 3, 0, 0, 0, 2, 0, 0.5, 0, 0], [0, 0, 0, 0.09769350290298462, 0, 0, 8, 3, 10, 0, 0, 0, 0, 1, 1, 3, 0, 0, 0, 2, 0, 0.75, 0, 0], [0, 0, 0, 0.19250500202178955, 0, 0, 8, 10, 17, 0, 0, 1, 0, 7, 2, 5, 0, 0, 0, 9, 0, 0.6666666666666666, 0, 0], [1, 0, 0, 0.2299182415008545, 0, 0, 8, 4, 11, 1, 0, 0, 0, 1, 2, 6, 0, 0, 0, 3, 0, 0.75, 0, 0], [0, 0, 0, 0.13688170909881592, 0, 0, 8, 12, 19, 0, 0, 0, 0, 8, 3, 1, 0, 0, 0, 11, 0, 0.125, 0, 0], [0, 0, 0, 0.03331834077835083, 0, 0, 6, 5, 10, 0, 0, 0, 0, 3, 1, 5, 0, 0, 0, 4, 0, 0.75, 0, 0], [1, 0, 1, 0.012091875076293945, 0, 0, 8, 13, 20, 1, 0, 1, 1, 6, 3, 5, 0, 0, 0, 12, 0, 0.6, 0, 0], [1, 0, 1, 0.04735827445983887, 0, 0, 3, 12, 14, 1, 0, 1, 1, 5, 3, 1, 0, 0, 0, 11, 0, 0.6666666666666666, 0, 0], [0, 0, 0, 0.06033805012702942, 0, 0, 8, 3, 10, 0, 0, 0, 0, 1, 1, 3, 0, 0, 0, 2, 0, 0.5, 0, 0], [0, 0, 0, 0.018840670585632324, 0, 0, 6, 3, 8, 0, 0, 0, 0, 1, 1, 5, 0, 0, 0, 2, 0, 0.75, 0, 0], [0, 0, 0, 3.319978713989258e-05, 0, 0, 8, 13, 20, 0, 0, 1, 0, 4, 7, 3, 0, 0, 0, 12, 0, 0.75, 0, 0], [0, 0, 0, 0.07868194580078125, 0, 0, 8, 4, 11, 0, 0, 0, 0, 2, 1, 5, 0, 0, 0, 3, 0, 0.6, 0, 0], [0, 0, 0, 0.006297767162322998, 0, 0, 8, 9, 16, 0, 0, 0, 0, 5, 3, 5, 0, 0, 0, 8, 0, 0.5, 0, 0], [0, 0, 0, 0.14324969053268433, 0, 0, 8, 4, 11, 0, 0, 0, 0, 2, 1, 4, 0, 0, 0, 3, 0, 0.5, 0, 0], [1, 0, 0, 0.018840670585632324, 0, 0, 6, 3, 8, 1, 0, 0, 0, 1, 1, 5, 0, 0, 0, 2, 0, 0.75, 0, 0], [0, 0, 0, 0.09913128614425659, 0, 0, 8, 3, 10, 0, 1, 0, 0, 1, 1, 3, 0, 0, 0, 2, 0, 0.5, 0, 0], [1, 0, 0, 0.0196075439453125, 0, 0, 8, 13, 20, 1, 0, 0, 0, 7, 3, 1, 0, 0, 0, 12, 0, 0.5, 0, 0], [0, 0, 0, 0.26302096247673035, 0, 0, 8, 4, 11, 0, 0, 1, 0, 2, 1, 2, 0, 0, 0, 3, 0, 0.5, 0, 0], [0, 0, 0, 0.0008255839347839355, 0, 0, 8, 8, 15, 0, 0, 1, 0, 3, 4, 3, 0, 0, 0, 7, 0, 0.5, 0, 0], [1, 0, 1, 0.04269826412200928, 1, 0, 8, 5, 12, 1, 0, 1, 1, 2, 2, 6, 0, 0, 0, 4, 1, 0.6666666666666666, 0, 0], [1, 0, 0, 0.055500686168670654, 0, 0, 8, 5, 12, 1, 0, 0, 0, 2, 2, 3, 0, 0, 0, 4, 0, 0.8333333333333334, 0, 0], [0, 0, 0, 0.020637571811676025, 0, 0, 8, 3, 10, 0, 0, 0, 0, 1, 1, 6, 0, 0, 0, 2, 0, 0.5, 0, 0], [1, 0, 0, 0.0, 0, 0, 2, 8, 9, 1, 0, 1, 0, 3, 3, 1, 0, 0, 0, 7, 1, 0.6666666666666666, 0, 0], [0, 0, 0, 0.0076295435428619385, 0, 0, 8, 7, 14, 0, 0, 0, 0, 5, 1, 3, 0, 0, 0, 6, 0, 0.5, 0, 0], [1, 0, 0, 0.0, 0, 0, 6, 4, 9, 1, 1, 0, 0, 2, 1, 5, 0, 0, 0, 3, 0, 0.6666666666666666, 0, 0], [1, 0, 1, 0.16230690479278564, 1, 0, 8, 4, 11, 1, 0, 1, 1, 2, 1, 7, 0, 0, 0, 3, 0, 0.75, 0, 0], [1, 0, 0, 0.0, 0, 0, 8, 4, 11, 1, 0, 1, 0, 2, 1, 2, 0, 0, 0, 3, 0, 0.5, 0, 0], [0, 0, 0, 0.04358634352684021, 0, 0, 8, 3, 10, 0, 0, 0, 0, 1, 1, 5, 0, 0, 0, 2, 0, 0.8333333333333334, 0, 0], [0, 0, 0, 0.046109557151794434, 0, 0, 8, 13, 20, 0, 0, 0, 0, 7, 3, 5, 0, 0, 0, 12, 0, 0.6666666666666666, 0, 0], [1, 0, 1, 0.0819588303565979, 1, 0, 8, 13, 20, 1, 0, 1, 1, 8, 3, 5, 0, 0, 0, 12, 1, 0.5, 0, 0], [1, 0, 0, 0.17629384994506836, 0, 0, 8, 7, 14, 1, 0, 0, 0, 3, 3, 4, 0, 0, 0, 6, 0, 0.5, 0, 0], [0, 0, 0, 0.0, 0, 0, 6, 3, 8, 1, 0, 0, 0, 1, 1, 5, 0, 0, 0, 2, 0, 0.5, 0, 0], [0, 0, 0, 0.03342556953430176, 0, 0, 8, 3, 10, 0, 0, 0, 0, 1, 1, 4, 0, 0, 0, 2, 0, 0.5, 0, 0], [0, 0, 0, 0.07135957479476929, 0, 0, 8, 3, 10, 0, 0, 0, 0, 1, 1, 3, 0, 0, 0, 2, 0, 0.6666666666666666, 0, 0], [0, 0, 0, 0.030794501304626465, 0, 0, 8, 3, 10, 0, 0, 0, 0, 1, 1, 3, 0, 0, 0, 2, 0, 0.8333333333333334, 0, 0], [0, 0, 0, 0.01738065481185913, 0, 0, 8, 13, 20, 0, 0, 0, 0, 9, 3, 2, 0, 0, 0, 12, 0, 0.5, 0, 0], [0, 0, 0, 0.012905597686767578, 0, 0, 8, 13, 20, 0, 0, 0, 0, 10, 2, 1, 0, 0, 0, 12, 0, 0.6, 0, 0], [1, 0, 1, 0.23041391372680664, 0, 0, 8, 13, 20, 1, 0, 1, 1, 1, 11, 6, 0, 0, 0, 12, 0, 0.6666666666666666, 0, 0], [0, 0, 0, 0.00448918342590332, 0, 0, 8, 5, 12, 0, 0, 0, 0, 3, 1, 1, 0, 0, 0, 4, 0, 0.5, 0, 0], [0, 0, 0, 0.30292555689811707, 0, 0, 8, 3, 10, 0, 0, 0, 0, 1, 1, 3, 0, 0, 0, 2, 0, 0.5, 0, 0], [0, 0, 0, 0.026062488555908203, 0, 0, 8, 9, 16, 0, 0, 1, 0, 4, 3, 5, 0, 0, 0, 8, 0, 0.6, 0, 0], [0, 0, 0, 0.3016931414604187, 0, 0, 8, 5, 12, 0, 0, 0, 0, 2, 2, 5, 0, 0, 0, 4, 0, 0.6666666666666666, 0, 0], [1, 0, 0, 0.001981079578399658, 0, 0, 8, 3, 10, 1, 0, 0, 0, 1, 1, 7, 0, 0, 0, 2, 0, 0.5, 0, 0], [0, 0, 0, 0.008747100830078125, 0, 0, 8, 4, 11, 0, 0, 0, 0, 2, 1, 4, 0, 0, 0, 3, 0, 0.5, 0, 0], [0, 0, 0, 0.005373120307922363, 0, 0, 8, 13, 20, 0, 0, 0, 0, 8, 3, 3, 0, 0, 0, 12, 0, 0.6666666666666666, 0, 0], [0, 0, 0, 0.022194325923919678, 0, 0, 8, 11, 18, 0, 0, 0, 0, 7, 3, 3, 0, 0, 0, 10, 0, 0.5714285714285714, 0, 0], [1, 0, 0, 0.08077114820480347, 0, 0, 8, 5, 12, 1, 0, 1, 0, 3, 1, 4, 0, 0, 0, 4, 1, 0.5, 0, 0], [0, 0, 0, 0.02302032709121704, 0, 0, 8, 3, 10, 0, 0, 0, 0, 1, 1, 4, 0, 0, 0, 2, 0, 0.5, 0, 0], [0, 0, 0, 0.019764244556427002, 0, 0, 8, 3, 10, 0, 0, 0, 0, 1, 1, 4, 0, 0, 0, 2, 0, 0.5, 0, 0], [0, 0, 0, 0.12268471717834473, 0, 0, 8, 4, 11, 0, 0, 0, 0, 2, 1, 5, 0, 0, 0, 3, 0, 0.6666666666666666, 0, 0], [0, 0, 0, 0.010701954364776611, 0, 0, 8, 3, 10, 0, 0, 0, 0, 1, 1, 3, 0, 0, 0, 2, 0, 0.6666666666666666, 0, 0], [0, 0, 0, 0.006396055221557617, 0, 0, 8, 6, 13, 0, 0, 0, 0, 4, 1, 2, 0, 0, 0, 5, 0, 0.5, 0, 0], [0, 0, 0, 0.008038520812988281, 0, 0, 8, 3, 10, 0, 0, 0, 0, 1, 1, 3, 0, 0, 0, 2, 0, 0.7727272727272727, 0, 0], [0, 0, 0, 0.12948963046073914, 0, 0, 8, 3, 10, 0, 0, 0, 0, 1, 1, 4, 0, 0, 0, 2, 0, 0.5, 0, 0], [1, 0, 1, 0.2266261875629425, 0, 0, 8, 10, 17, 1, 0, 1, 0, 7, 2, 6, 0, 0, 0, 9, 0, 0.6666666666666666, 0, 0], [1, 0, 0, 0.08336007595062256, 1, 0, 8, 10, 17, 1, 0, 1, 0, 7, 2, 4, 0, 0, 0, 9, 1, 0.6666666666666666, 0, 0], [0, 0, 0, 0.013047218322753906, 0, 0, 8, 13, 20, 0, 0, 0, 0, 8, 3, 1, 0, 0, 0, 12, 0, 0.5, 0, 0], [1, 0, 1, 0.001959860324859619, 1, 0, 8, 13, 20, 1, 0, 1, 1, 4, 5, 6, 0, 0, 0, 12, 1, 0.6, 0, 0], [0, 0, 0, 0.08843255043029785, 0, 0, 8, 13, 20, 0, 0, 0, 0, 8, 3, 5, 0, 0, 0, 12, 0, 0.5, 0, 0], [0, 0, 0, 0.023090779781341553, 0, 0, 8, 6, 13, 0, 0, 0, 0, 4, 1, 5, 0, 0, 0, 5, 0, 0.5, 0, 0], [1, 0, 1, 0.23041391372680664, 0, 0, 8, 13, 20, 1, 0, 1, 1, 2, 10, 6, 0, 0, 0, 12, 0, 0.6666666666666666, 0, 0], [0, 0, 0, 0.03979700803756714, 0, 0, 8, 13, 20, 0, 0, 0, 0, 11, 1, 4, 0, 0, 0, 12, 0, 0.6666666666666666, 0, 0], [0, 0, 0, 0.1168520450592041, 0, 0, 8, 7, 14, 0, 0, 0, 0, 3, 3, 3, 0, 0, 0, 6, 0, 0.875, 0, 0], [0, 0, 0, 0.12483811378479004, 0, 0, 8, 3, 10, 0, 0, 0, 0, 1, 1, 3, 0, 0, 0, 2, 0, 0.5, 0, 0], [0, 0, 0, 0.007895946502685547, 0, 0, 8, 13, 20, 0, 0, 0, 0, 4, 8, 5, 0, 0, 0, 12, 0, 0.8333333333333334, 0, 0], [1, 0, 1, 0.01659446954727173, 0, 0, 8, 7, 14, 1, 0, 1, 0, 5, 1, 2, 0, 0, 0, 6, 1, 0.8333333333333334, 0, 0], [1, 0, 1, 0.021505773067474365, 1, 0, 8, 13, 20, 1, 0, 1, 1, 6, 4, 1, 0, 0, 0, 12, 0, 0.5, 0, 0], [0, 0, 0, 0.048297107219696045, 0, 0, 8, 3, 10, 0, 0, 0, 0, 1, 1, 5, 0, 0, 0, 2, 0, 0.6666666666666666, 0, 0], [0, 0, 0, 0.016838550567626953, 0, 0, 8, 5, 12, 0, 0, 0, 0, 3, 1, 3, 0, 0, 0, 4, 0, 0.6666666666666666, 0, 0], [1, 0, 0, 0.01768893003463745, 1, 0, 8, 3, 10, 1, 0, 0, 0, 1, 1, 6, 0, 0, 0, 2, 1, 0.5, 0, 0], [0, 0, 0, 0.013503670692443848, 0, 0, 8, 4, 11, 0, 0, 0, 0, 2, 1, 3, 0, 0, 0, 3, 0, 0.8333333333333334, 0, 0], [1, 0, 1, 0.018739402294158936, 1, 1, 8, 3, 10, 1, 0, 0, 0, 1, 1, 6, 0, 0, 0, 2, 1, 0.5, 0, 0], [0, 0, 0, 0.026510119438171387, 0, 0, 8, 7, 14, 0, 0, 0, 0, 3, 3, 1, 0, 0, 0, 6, 0, 0.5, 0, 0], [0, 0, 0, 0.1295255422592163, 0, 0, 8, 13, 20, 0, 0, 0, 0, 11, 1, 3, 0, 0, 0, 12, 0, 0.5, 0, 0], [0, 0, 0, 0.04580342769622803, 0, 0, 8, 11, 18, 0, 0, 0, 0, 6, 3, 3, 0, 0, 0, 10, 0, 0.5, 0, 0], [0, 0, 0, 0.2228659987449646, 0, 0, 8, 10, 17, 0, 0, 0, 0, 7, 2, 1, 0, 0, 0, 9, 0, 0.5, 0, 0], [0, 0, 0, 0.018540173768997192, 0, 0, 8, 3, 10, 0, 0, 0, 0, 1, 1, 5, 0, 0, 0, 2, 0, 0.5, 0, 0], [1, 0, 0, 0.08244544267654419, 0, 0, 8, 8, 15, 1, 0, 0, 0, 4, 3, 4, 0, 0, 0, 7, 0, 0.6666666666666666, 0, 0], [1, 0, 0, 0.0196075439453125, 0, 0, 8, 13, 20, 1, 0, 1, 0, 7, 4, 1, 0, 0, 0, 12, 0, 0.5, 0, 0], [0, 0, 0, 0.0713391900062561, 0, 0, 8, 3, 10, 0, 0, 0, 0, 1, 1, 2, 0, 0, 0, 2, 0, 0.5, 0, 0], [0, 0, 0, 0.1349388062953949, 0, 0, 8, 13, 20, 0, 0, 0, 0, 7, 2, 3, 0, 0, 0, 12, 0, 0.5, 0, 0], [0, 0, 0, 0.04387187957763672, 0, 0, 8, 13, 20, 0, 0, 0, 0, 8, 4, 4, 0, 0, 0, 12, 0, 0.7777777777777778, 0, 0], [0, 0, 0, 0.09057790040969849, 0, 0, 8, 13, 20, 0, 0, 0, 0, 9, 2, 5, 0, 0, 0, 12, 0, 0.5, 0, 0], [0, 0, 0, 0.3302335739135742, 0, 0, 8, 3, 10, 0, 0, 0, 0, 1, 1, 3, 0, 0, 0, 2, 0, 0.5, 0, 0], [0, 0, 0, 0.0025836825370788574, 0, 0, 8, 5, 12, 0, 0, 0, 0, 3, 1, 2, 0, 0, 0, 4, 0, 0.5, 0, 0], [0, 0, 0, 0.01423501968383789, 0, 0, 8, 13, 20, 0, 0, 0, 0, 7, 4, 4, 0, 0, 0, 12, 0, 0.8333333333333334, 0, 0], [0, 0, 0, 0.16735407710075378, 0, 0, 8, 3, 10, 0, 0, 0, 0, 1, 1, 4, 0, 0, 0, 2, 0, 0.75, 0, 0], [1, 0, 1, 0.007568299770355225, 1, 0, 8, 13, 20, 1, 0, 1, 1, 8, 4, 3, 0, 0, 0, 12, 1, 0.8333333333333334, 0, 0], [1, 0, 0, 0.032651424407958984, 0, 0, 8, 12, 19, 1, 0, 0, 0, 3, 8, 5, 0, 0, 0, 11, 0, 0.7727272727272727, 0, 0], [0, 0, 0, 0.008784055709838867, 0, 0, 7, 12, 18, 1, 0, 0, 0, 9, 2, 5, 0, 0, 0, 11, 0, 0.75, 0, 0], [1, 0, 0, 0.022264838218688965, 1, 0, 8, 13, 20, 1, 0, 1, 1, 8, 2, 1, 0, 0, 0, 12, 1, 0.5, 0, 0], [1, 0, 0, 0.04199779033660889, 0, 0, 8, 5, 12, 1, 0, 0, 0, 3, 1, 3, 0, 0, 0, 4, 0, 0.7727272727272727, 0, 0], [0, 0, 0, 0.1859484314918518, 0, 0, 8, 4, 11, 0, 0, 0, 0, 2, 1, 4, 0, 0, 0, 3, 0, 0.5, 0, 0], [1, 0, 0, 0.04057610034942627, 0, 0, 8, 5, 12, 1, 0, 0, 0, 1, 3, 2, 0, 0, 0, 4, 0, 0.8333333333333334, 0, 0], [0, 0, 0, 0.03848749399185181, 0, 0, 8, 7, 14, 0, 0, 0, 0, 5, 1, 5, 0, 0, 0, 6, 0, 0.6666666666666666, 0, 0], [0, 0, 0, 0.11235815286636353, 0, 0, 8, 3, 10, 0, 0, 0, 0, 1, 1, 5, 0, 0, 0, 2, 0, 0.5, 0, 0], [1, 0, 1, 0.23041391372680664, 0, 0, 8, 13, 20, 1, 0, 1, 1, 2, 9, 6, 0, 0, 0, 12, 0, 0.6666666666666666, 0, 0], [0, 0, 0, 0.007336825132369995, 0, 0, 8, 13, 20, 0, 0, 1, 1, 10, 2, 2, 0, 0, 0, 12, 0, 0.5, 0, 0], [1, 0, 0, 0.0023131966590881348, 1, 0, 8, 13, 20, 1, 0, 0, 0, 11, 1, 1, 0, 0, 0, 12, 1, 0.2857142857142857, 0, 0], [0, 0, 0, 0.12629574537277222, 0, 0, 8, 13, 20, 0, 0, 1, 0, 11, 1, 3, 0, 0, 0, 12, 0, 0.5, 0, 0], [0, 0, 0, 0.011954635381698608, 0, 0, 8, 3, 10, 0, 0, 0, 0, 1, 1, 5, 0, 0, 0, 2, 0, 0.6666666666666666, 0, 0], [1, 0, 0, 0.07845425605773926, 0, 0, 8, 8, 15, 1, 0, 0, 0, 4, 3, 4, 0, 0, 0, 7, 0, 0.6666666666666666, 0, 0], [0, 0, 0, 0.008793294429779053, 0, 0, 8, 3, 10, 0, 0, 0, 0, 1, 1, 5, 0, 0, 0, 2, 0, 0.5, 0, 0], [1, 0, 0, 0.04236108064651489, 1, 0, 8, 9, 16, 1, 0, 1, 0, 7, 1, 2, 0, 0, 0, 8, 1, 0.5, 0, 0], [0, 0, 0, 0.17283225059509277, 0, 0, 8, 10, 17, 0, 0, 0, 0, 6, 2, 5, 0, 0, 0, 9, 0, 0.6666666666666666, 0, 0], [0, 0, 0, 0.08778923749923706, 0, 0, 8, 4, 11, 0, 0, 0, 0, 1, 2, 3, 0, 0, 0, 3, 0, 0.6666666666666666, 0, 0], [0, 0, 0, 0.024194061756134033, 0, 0, 8, 3, 10, 0, 0, 0, 0, 1, 1, 5, 0, 0, 0, 2, 0, 0.6666666666666666, 0, 0], [0, 0, 0, 0.08197218179702759, 0, 0, 8, 3, 10, 0, 0, 0, 0, 1, 1, 2, 0, 0, 0, 2, 0, 0.3333333333333333, 0, 0], [0, 0, 0, 0.014053761959075928, 0, 0, 8, 13, 20, 0, 0, 0, 0, 10, 2, 2, 0, 0, 0, 12, 0, 0.6666666666666666, 0, 0], [1, 0, 0, 0.0016435980796813965, 1, 0, 7, 4, 10, 1, 0, 1, 0, 2, 1, 6, 0, 0, 0, 3, 1, 0.6666666666666666, 0, 0], [0, 0, 0, 0.01901260018348694, 0, 0, 8, 13, 20, 0, 0, 0, 0, 10, 2, 2, 0, 0, 0, 12, 0, 0.3333333333333333, 0, 0], [1, 0, 0, 0.0, 1, 0, 8, 13, 20, 1, 0, 1, 0, 6, 4, 4, 0, 0, 0, 12, 1, 0.5, 0, 0], [0, 0, 0, 0.012015163898468018, 0, 0, 8, 4, 11, 0, 0, 0, 0, 2, 1, 3, 0, 0, 0, 3, 0, 0.6, 0, 0], [0, 0, 0, 0.36197400093078613, 0, 0, 8, 3, 10, 0, 0, 0, 0, 1, 1, 4, 0, 0, 0, 2, 0, 0.5, 0, 0], [1, 0, 0, 0.0, 0, 0, 6, 3, 8, 1, 0, 0, 0, 1, 1, 5, 0, 0, 0, 2, 0, 0.6666666666666666, 0, 0], [0, 0, 0, 0.042799949645996094, 0, 0, 8, 13, 20, 0, 0, 0, 0, 11, 1, 1, 0, 0, 0, 12, 0, 0.5, 0, 0], [0, 0, 0, 0.16374629735946655, 0, 0, 8, 4, 11, 0, 0, 0, 0, 2, 1, 3, 0, 0, 0, 3, 0, 0.5714285714285714, 0, 0], [0, 0, 0, 0.13816624879837036, 0, 0, 8, 3, 10, 0, 0, 0, 0, 1, 1, 5, 0, 0, 0, 2, 0, 0.5, 0, 0], [1, 0, 0, 0.0036332011222839355, 0, 0, 8, 4, 11, 1, 0, 0, 0, 1, 2, 5, 0, 0, 0, 3, 1, 0.6666666666666666, 0, 0], [1, 0, 0, 0.042516231536865234, 0, 0, 8, 11, 18, 1, 0, 1, 0, 7, 2, 3, 0, 0, 0, 10, 0, 0.5, 0, 0], [1, 0, 1, 0.007709145545959473, 1, 0, 8, 12, 19, 1, 0, 1, 1, 4, 7, 5, 0, 0, 0, 11, 1, 0.7727272727272727, 0, 0], [0, 0, 0, 0.04144418239593506, 0, 0, 8, 3, 10, 0, 0, 0, 0, 1, 1, 4, 0, 0, 0, 2, 0, 0.6666666666666666, 0, 0], [1, 0, 1, 0.13449478149414062, 0, 0, 8, 8, 15, 1, 0, 1, 1, 2, 4, 5, 0, 0, 0, 7, 0, 0.8, 0, 0], [0, 0, 0, 0.06768807768821716, 0, 0, 8, 3, 10, 0, 0, 0, 0, 1, 1, 5, 0, 0, 0, 2, 0, 0.5, 0, 0], [0, 0, 0, 0.19561845064163208, 0, 0, 8, 3, 10, 0, 0, 0, 0, 1, 1, 2, 0, 0, 0, 2, 0, 0.25, 0, 0], [0, 0, 0, 0.12484094500541687, 0, 0, 8, 9, 16, 0, 0, 0, 0, 7, 1, 1, 0, 0, 0, 8, 0, 0.3333333333333333, 0, 0], [0, 0, 0, 0.12845081090927124, 0, 0, 8, 4, 11, 0, 0, 0, 0, 2, 1, 4, 0, 0, 0, 3, 0, 0.5, 0, 0], [0, 0, 0, 0.10890966653823853, 0, 0, 8, 3, 10, 0, 0, 0, 0, 1, 1, 3, 0, 0, 0, 2, 0, 0.5, 0, 0], [0, 0, 0, 0.020309627056121826, 0, 0, 8, 4, 11, 0, 0, 0, 0, 2, 1, 3, 0, 0, 0, 3, 0, 0.5, 0, 0], [1, 0, 0, 0.06592679023742676, 0, 0, 8, 6, 13, 1, 0, 0, 0, 2, 3, 4, 0, 0, 0, 5, 0, 0.5625, 0, 0], [0, 0, 0, 0.0, 0, 0, 8, 3, 10, 0, 0, 0, 0, 1, 1, 4, 0, 0, 0, 2, 0, 0.875, 0, 0], [1, 0, 0, 0.010084450244903564, 0, 0, 8, 13, 20, 1, 0, 1, 0, 4, 8, 4, 0, 0, 0, 12, 0, 0.75, 0, 0], [1, 0, 0, 0.00828641653060913, 1, 0, 8, 6, 13, 1, 0, 1, 0, 4, 1, 4, 0, 0, 0, 5, 1, 0.8, 0, 0], [0, 0, 0, 0.0010553598403930664, 0, 0, 8, 4, 11, 0, 0, 0, 0, 2, 1, 4, 0, 0, 0, 3, 0, 0.6666666666666666, 0, 0], [0, 0, 0, 0.049931079149246216, 0, 0, 8, 13, 20, 0, 0, 0, 0, 11, 1, 1, 0, 0, 0, 12, 0, 0.5, 0, 0], [0, 0, 0, 0.0035727620124816895, 0, 0, 8, 5, 12, 0, 0, 0, 0, 3, 1, 2, 0, 0, 0, 4, 0, 0.8333333333333334, 0, 0], [1, 0, 0, 0.03334420919418335, 0, 0, 8, 3, 10, 1, 0, 0, 0, 1, 1, 4, 0, 0, 0, 2, 0, 0.6, 0, 0], [0, 0, 0, 0.030612707138061523, 0, 0, 8, 8, 15, 0, 0, 0, 0, 6, 1, 4, 0, 0, 0, 7, 0, 0.5, 0, 0], [1, 0, 1, 0.04357975721359253, 0, 0, 8, 12, 19, 1, 0, 1, 1, 7, 3, 4, 0, 0, 0, 11, 0, 0.6666666666666666, 0, 0], [1, 0, 0, 0.01690143346786499, 0, 0, 8, 7, 14, 1, 0, 1, 0, 4, 2, 2, 0, 0, 0, 6, 0, 0.6, 0, 0], [0, 0, 0, 0.2054559588432312, 0, 0, 8, 3, 10, 0, 0, 0, 0, 1, 1, 3, 0, 0, 0, 2, 0, 0.5, 0, 0], [0, 0, 0, 0.03191739320755005, 0, 0, 8, 13, 20, 0, 0, 0, 0, 11, 1, 1, 0, 0, 0, 12, 0, 0.2857142857142857, 0, 0], [0, 0, 0, 0.05085843801498413, 0, 0, 8, 13, 20, 0, 0, 0, 0, 11, 1, 1, 0, 0, 0, 12, 0, 0.5, 0, 0], [1, 0, 1, 0.01937580108642578, 1, 0, 8, 9, 16, 1, 0, 1, 1, 5, 3, 4, 0, 0, 0, 8, 1, 0.7727272727272727, 0, 0], [0, 0, 0, 0.050047874450683594, 0, 0, 8, 13, 20, 0, 0, 0, 0, 10, 2, 3, 0, 0, 0, 12, 0, 0.3333333333333333, 0, 0], [1, 0, 0, 0.013167619705200195, 0, 0, 7, 3, 9, 1, 0, 0, 0, 1, 1, 5, 0, 0, 0, 2, 0, 0.6666666666666666, 0, 0], [1, 0, 1, 0.17275506258010864, 0, 1, 4, 3, 6, 1, 1, 0, 0, 1, 1, 3, 0, 0, 0, 2, 0, 0.6666666666666666, 0, 0], [1, 0, 1, 0.0027840733528137207, 1, 0, 8, 13, 20, 1, 0, 1, 1, 3, 9, 3, 0, 0, 0, 12, 1, 0.75, 0, 0], [0, 0, 0, 0.00706857442855835, 0, 0, 8, 13, 20, 0, 0, 0, 0, 2, 9, 5, 0, 0, 0, 12, 0, 0.8333333333333334, 0, 0], [0, 0, 0, 0.08783730864524841, 0, 0, 8, 7, 14, 0, 0, 0, 0, 4, 2, 1, 0, 0, 0, 6, 0, 0.25, 0, 0], [0, 0, 0, 0.030794501304626465, 0, 0, 8, 3, 10, 0, 0, 0, 0, 1, 1, 3, 0, 0, 0, 2, 0, 0.8333333333333334, 0, 0], [1, 0, 0, 0.2748226523399353, 0, 0, 8, 3, 10, 1, 0, 0, 0, 1, 1, 5, 0, 0, 0, 2, 0, 0.8571428571428571, 0, 0], [0, 0, 0, 0.27425646781921387, 0, 0, 8, 5, 12, 0, 0, 0, 0, 2, 2, 4, 0, 0, 0, 4, 0, 0.6666666666666666, 0, 0], [0, 0, 1, 0.0, 0, 0, 8, 13, 20, 0, 0, 1, 0, 9, 2, 3, 0, 0, 0, 12, 0, 0.6666666666666666, 0, 0], [0, 0, 0, 0.23449453711509705, 0, 0, 8, 3, 10, 0, 0, 0, 0, 1, 1, 2, 0, 0, 0, 2, 0, 0.5, 0, 0], [1, 0, 1, 0.10801047086715698, 0, 0, 8, 8, 15, 1, 0, 1, 1, 3, 4, 4, 0, 0, 0, 7, 0, 0.6666666666666666, 0, 0], [0, 0, 0, 0.030794501304626465, 0, 0, 8, 4, 11, 0, 0, 0, 0, 1, 2, 3, 0, 0, 0, 3, 0, 0.8333333333333334, 0, 0], [0, 0, 0, 0.16620409488677979, 0, 0, 8, 12, 19, 0, 0, 0, 0, 7, 4, 3, 0, 0, 0, 11, 0, 0.6666666666666666, 0, 0], [0, 0, 0, 0.002670884132385254, 0, 0, 8, 3, 10, 0, 0, 0, 0, 1, 1, 6, 0, 0, 0, 2, 0, 0.75, 0, 0], [1, 0, 1, 0.023177266120910645, 0, 1, 7, 3, 9, 1, 0, 0, 0, 1, 1, 6, 0, 0, 0, 2, 0, 0.6666666666666666, 0, 0], [1, 0, 0, 0.018840670585632324, 0, 0, 6, 3, 8, 1, 0, 0, 0, 1, 1, 5, 0, 0, 0, 2, 0, 0.75, 0, 0], [1, 0, 0, 0.025754868984222412, 1, 0, 8, 4, 11, 1, 0, 0, 0, 2, 1, 6, 0, 0, 0, 3, 1, 0.5, 0, 0], [0, 0, 0, 0.09777495265007019, 0, 0, 8, 3, 10, 0, 0, 0, 0, 1, 1, 4, 0, 0, 0, 2, 0, 0.6666666666666666, 0, 0], [0, 0, 0, 0.01076120138168335, 0, 0, 8, 3, 10, 0, 0, 0, 0, 1, 1, 5, 0, 0, 0, 2, 0, 0.6666666666666666, 0, 0], [1, 0, 1, 0.042434632778167725, 1, 0, 6, 9, 14, 1, 0, 1, 1, 3, 4, 4, 0, 0, 0, 8, 1, 0.75, 0, 0], [0, 0, 0, 0.04923665523529053, 0, 0, 8, 7, 14, 0, 0, 0, 0, 3, 3, 1, 0, 0, 0, 6, 0, 0.5, 0, 0], [0, 0, 0, 0.1275160312652588, 0, 0, 8, 9, 16, 0, 0, 0, 0, 6, 2, 3, 0, 0, 0, 8, 0, 0.5, 0, 0], [0, 0, 0, 0.1549726128578186, 0, 0, 8, 13, 20, 0, 0, 0, 0, 9, 3, 3, 0, 0, 0, 12, 0, 0.5, 0, 0], [0, 0, 0, 0.034069061279296875, 0, 0, 8, 5, 12, 0, 0, 0, 0, 3, 1, 4, 0, 0, 0, 4, 0, 0.75, 0, 0], [1, 0, 0, 0.26170313358306885, 0, 0, 8, 3, 10, 1, 0, 0, 0, 1, 1, 3, 0, 0, 0, 2, 0, 0.5, 0, 0], [0, 0, 0, 0.10041815042495728, 0, 0, 8, 4, 11, 0, 0, 1, 0, 2, 1, 2, 0, 0, 0, 3, 0, 0.6666666666666666, 0, 0], [0, 0, 0, 0.0921100378036499, 0, 0, 8, 3, 10, 0, 0, 0, 0, 1, 1, 2, 0, 0, 0, 2, 0, 0.5, 0, 0], [0, 0, 0, 0.005741208791732788, 0, 0, 8, 3, 10, 0, 0, 0, 0, 1, 1, 2, 0, 0, 0, 2, 0, 0.5, 0, 0], [0, 0, 0, 0.012695282697677612, 0, 0, 8, 3, 10, 0, 0, 0, 0, 1, 1, 3, 0, 0, 0, 2, 0, 0.5714285714285714, 0, 0], [0, 0, 0, 0.0012403130531311035, 0, 0, 8, 11, 18, 0, 1, 0, 0, 4, 4, 5, 0, 0, 0, 10, 0, 0.6666666666666666, 0, 0], [1, 0, 1, 0.001959860324859619, 1, 0, 8, 13, 20, 1, 0, 1, 1, 5, 6, 6, 0, 0, 0, 12, 1, 0.6, 0, 0], [0, 0, 0, 0.006477624177932739, 0, 0, 8, 13, 20, 0, 0, 0, 0, 9, 3, 4, 0, 0, 0, 12, 0, 0.5, 0, 0], [1, 0, 1, 0.065676748752594, 1, 0, 8, 9, 16, 1, 0, 1, 1, 5, 2, 5, 0, 0, 0, 8, 1, 0.6666666666666666, 0, 0], [1, 0, 0, 0.04808545112609863, 0, 0, 8, 4, 11, 1, 0, 0, 0, 2, 1, 3, 0, 0, 0, 3, 0, 0.75, 0, 0], [0, 0, 0, 0.09311583638191223, 0, 0, 8, 5, 12, 0, 0, 0, 0, 3, 1, 3, 0, 0, 0, 4, 0, 0.6666666666666666, 0, 0], [0, 0, 0, 0.03895699977874756, 0, 0, 8, 3, 10, 0, 0, 0, 0, 1, 1, 2, 0, 0, 0, 2, 0, 0.5, 0, 0], [0, 0, 0, 0.04228648543357849, 0, 0, 8, 6, 13, 0, 0, 0, 0, 4, 1, 3, 0, 0, 0, 5, 0, 0.5, 0, 0], [1, 0, 1, 0.03375375270843506, 1, 0, 7, 13, 19, 1, 0, 1, 1, 2, 10, 4, 0, 0, 0, 12, 1, 0.8333333333333334, 0, 0], [0, 0, 0, 0.004803061485290527, 0, 0, 8, 13, 20, 0, 0, 0, 0, 2, 10, 5, 0, 0, 0, 12, 0, 0.8333333333333334, 0, 0], [0, 0, 0, 0.08439838886260986, 0, 0, 8, 3, 10, 0, 0, 0, 0, 1, 1, 3, 0, 0, 0, 2, 0, 0.5, 0, 0], [1, 0, 1, 0.0066127777099609375, 1, 0, 5, 5, 9, 1, 0, 1, 1, 2, 2, 4, 0, 0, 0, 4, 1, 0.6666666666666666, 0, 0], [0, 0, 0, 0.044483840465545654, 0, 0, 8, 4, 11, 0, 0, 0, 0, 2, 1, 5, 0, 0, 0, 3, 0, 0.6666666666666666, 0, 0], [1, 0, 0, 0.22761821746826172, 1, 0, 8, 13, 20, 1, 0, 1, 0, 2, 10, 6, 0, 0, 0, 12, 1, 0.6666666666666666, 0, 0], [0, 0, 0, 0.1413271427154541, 0, 0, 8, 13, 20, 0, 0, 0, 0, 9, 2, 3, 0, 0, 0, 12, 0, 0.5, 0, 0], [0, 0, 0, 0.006645709276199341, 0, 0, 8, 9, 16, 0, 0, 0, 0, 7, 1, 4, 0, 0, 0, 8, 0, 0.5, 0, 0], [1, 0, 0, 0.012091875076293945, 0, 0, 8, 13, 20, 1, 0, 1, 1, 6, 3, 5, 0, 0, 0, 12, 0, 0.6, 0, 0], [0, 0, 0, 0.028924643993377686, 0, 0, 8, 13, 20, 0, 0, 0, 0, 9, 2, 2, 0, 0, 0, 12, 0, 0.3333333333333333, 0, 0], [0, 0, 0, 0.013167738914489746, 0, 0, 6, 3, 8, 0, 0, 0, 0, 1, 1, 4, 0, 0, 0, 2, 0, 0.6666666666666666, 0, 0], [1, 0, 1, 0.1745816469192505, 0, 0, 8, 12, 19, 1, 0, 1, 1, 8, 3, 2, 0, 0, 0, 11, 0, 0.5, 0, 0], [1, 0, 0, 0.0607227087020874, 0, 0, 8, 13, 20, 1, 0, 1, 0, 9, 3, 5, 0, 0, 0, 12, 0, 0.6666666666666666, 0, 0], [1, 0, 0, 0.0416492223739624, 0, 0, 8, 3, 10, 1, 0, 0, 0, 1, 1, 4, 0, 0, 0, 2, 0, 0.5, 0, 0], [1, 0, 0, 0.3611404299736023, 0, 0, 8, 4, 11, 1, 0, 1, 0, 2, 1, 6, 0, 0, 0, 3, 1, 0.6666666666666666, 0, 0], [0, 0, 0, 0.01590743660926819, 0, 0, 8, 11, 18, 0, 0, 0, 0, 9, 1, 2, 0, 0, 0, 10, 0, 0.5, 0, 0], [1, 0, 0, 0.00626981258392334, 0, 0, 8, 6, 13, 1, 0, 0, 0, 1, 4, 4, 0, 0, 0, 5, 0, 0.8333333333333334, 0, 0], [0, 0, 0, 0.09070566296577454, 0, 0, 8, 3, 10, 0, 0, 0, 0, 1, 1, 3, 0, 0, 0, 2, 0, 0.5, 0, 0], [1, 0, 0, 0.015121519565582275, 0, 0, 8, 10, 17, 1, 0, 0, 0, 6, 3, 6, 0, 0, 0, 9, 0, 0.5, 0, 0], [0, 0, 0, 0.049375295639038086, 0, 0, 5, 3, 7, 0, 0, 0, 0, 1, 1, 3, 0, 0, 0, 2, 0, 0.6666666666666666, 0, 0], [1, 0, 0, 0.013167858123779297, 0, 0, 7, 4, 10, 1, 0, 0, 0, 1, 2, 5, 0, 0, 0, 3, 0, 0.6666666666666666, 0, 0], [1, 0, 0, 0.01321864128112793, 0, 0, 8, 4, 11, 1, 0, 0, 0, 2, 1, 7, 0, 0, 0, 3, 0, 0.8, 0, 0], [0, 0, 0, 0.011292815208435059, 0, 0, 8, 13, 20, 0, 0, 0, 0, 7, 3, 3, 0, 0, 0, 12, 0, 0.5714285714285714, 0, 0], [0, 0, 0, 0.014085352420806885, 0, 0, 8, 4, 11, 0, 0, 0, 0, 2, 1, 5, 0, 0, 0, 3, 0, 0.6666666666666666, 0, 0], [1, 0, 0, 0.042516231536865234, 0, 0, 8, 11, 18, 1, 0, 1, 0, 7, 2, 3, 0, 0, 0, 10, 0, 0.5, 0, 0], [1, 0, 0, 0.011240661144256592, 0, 0, 8, 3, 10, 1, 0, 0, 0, 1, 1, 5, 0, 0, 0, 2, 0, 0.6666666666666666, 0, 0], [0, 0, 0, 0.03233945369720459, 0, 0, 8, 3, 10, 0, 0, 0, 0, 1, 1, 4, 0, 0, 0, 2, 0, 0.5, 0, 0], [0, 0, 0, 0.04570615291595459, 0, 0, 8, 3, 10, 0, 0, 0, 0, 1, 1, 2, 0, 0, 0, 2, 0, 0.6666666666666666, 0, 0], [0, 0, 0, 0.015270113945007324, 0, 0, 8, 3, 10, 0, 0, 0, 0, 1, 1, 5, 0, 0, 0, 2, 0, 0.5, 0, 0], [1, 0, 1, 0.012499451637268066, 1, 0, 8, 13, 20, 1, 0, 1, 0, 8, 2, 2, 0, 0, 0, 12, 1, 0.5714285714285714, 0, 0], [0, 0, 0, 0.25759631395339966, 0, 0, 8, 3, 10, 0, 0, 0, 0, 1, 1, 4, 0, 0, 0, 2, 0, 0.5, 0, 0], [0, 0, 0, 0.013607233762741089, 0, 0, 8, 5, 12, 0, 0, 0, 0, 3, 1, 2, 0, 0, 0, 4, 0, 0.5, 0, 0], [0, 0, 0, 0.1224827766418457, 0, 0, 8, 3, 10, 0, 0, 0, 0, 1, 1, 5, 0, 0, 0, 2, 0, 0.5, 0, 0], [0, 0, 0, 0.11462455987930298, 0, 0, 8, 3, 10, 0, 0, 0, 0, 1, 1, 3, 0, 0, 0, 2, 0, 0.5, 0, 0], [0, 0, 0, 0.00391310453414917, 0, 0, 8, 6, 13, 0, 0, 0, 0, 3, 2, 2, 0, 0, 0, 5, 0, 0.8333333333333334, 0, 0], [0, 0, 0, 0.24168074131011963, 0, 0, 8, 3, 10, 0, 0, 0, 0, 1, 1, 3, 0, 0, 0, 2, 0, 0.5, 0, 0], [0, 0, 0, 0.002821981906890869, 0, 0, 8, 5, 12, 0, 0, 0, 0, 3, 1, 4, 0, 0, 0, 4, 0, 0.8333333333333334, 0, 0], [0, 0, 0, 0.01983991265296936, 0, 0, 8, 7, 14, 0, 0, 0, 0, 4, 2, 2, 0, 0, 0, 6, 0, 0.6666666666666666, 0, 0], [0, 0, 0, 0.04147753119468689, 0, 0, 8, 4, 11, 0, 0, 0, 0, 2, 1, 4, 0, 0, 0, 3, 0, 0.5, 0, 0], [0, 0, 0, 0.0010758638381958008, 0, 0, 8, 4, 11, 0, 0, 0, 0, 2, 1, 3, 0, 0, 0, 3, 0, 0.6666666666666666, 0, 0], [0, 0, 0, 0.17913877964019775, 0, 0, 8, 12, 19, 0, 0, 0, 0, 8, 3, 1, 0, 0, 0, 11, 0, 0.2, 0, 0], [0, 0, 0, 0.06876963376998901, 0, 0, 8, 3, 10, 0, 0, 0, 0, 1, 1, 2, 0, 0, 0, 2, 0, 0.5, 0, 0], [0, 0, 0, 0.010051310062408447, 0, 0, 8, 13, 20, 0, 0, 0, 0, 11, 1, 1, 0, 0, 0, 12, 0, 0.6666666666666666, 0, 0], [1, 0, 1, 0.006010770797729492, 1, 0, 8, 13, 20, 1, 0, 1, 1, 4, 8, 5, 0, 0, 0, 12, 1, 0.8333333333333334, 0, 0], [0, 0, 0, 0.0416221022605896, 0, 0, 8, 3, 10, 0, 0, 0, 0, 1, 1, 4, 0, 0, 0, 2, 0, 0.6666666666666666, 0, 0], [0, 0, 0, 0.0059656500816345215, 0, 0, 8, 9, 16, 0, 0, 0, 0, 5, 3, 4, 0, 0, 0, 8, 0, 0.5, 0, 0], [1, 0, 1, 0.03564637899398804, 1, 0, 8, 6, 13, 1, 0, 1, 1, 3, 2, 2, 0, 0, 0, 5, 1, 0.5625, 0, 0], [1, 0, 0, 0.11588430404663086, 0, 0, 8, 4, 11, 1, 0, 0, 0, 2, 1, 1, 0, 0, 0, 3, 0, 0.6666666666666666, 0, 0], [1, 0, 1, 0.23041391372680664, 0, 0, 8, 13, 20, 1, 0, 1, 1, 2, 9, 6, 0, 0, 0, 12, 0, 0.6666666666666666, 0, 0], [0, 0, 0, 0.00606691837310791, 0, 0, 8, 4, 11, 0, 0, 0, 0, 2, 1, 2, 0, 0, 0, 3, 0, 0.8333333333333334, 0, 0], [0, 0, 0, 0.03655719757080078, 0, 0, 8, 11, 18, 0, 0, 0, 0, 9, 1, 2, 0, 0, 0, 10, 0, 0.5, 0, 0], [0, 0, 0, 0.13699352741241455, 0, 0, 8, 13, 20, 0, 0, 1, 0, 4, 7, 6, 0, 0, 0, 12, 0, 0.6666666666666666, 0, 0], [0, 0, 0, 0.30746936798095703, 0, 0, 8, 10, 17, 0, 0, 0, 0, 6, 2, 6, 0, 0, 0, 9, 0, 0.6666666666666666, 0, 0], [0, 0, 0, 0.01748359203338623, 0, 0, 5, 3, 7, 0, 0, 0, 0, 1, 1, 1, 0, 0, 0, 2, 0, 0.6666666666666666, 0, 0], [0, 0, 0, 0.001953601837158203, 0, 0, 8, 3, 10, 0, 0, 0, 0, 1, 1, 5, 0, 0, 0, 2, 0, 0.75, 0, 0], [1, 0, 0, 0.015799760818481445, 0, 0, 8, 3, 10, 1, 0, 0, 0, 1, 1, 3, 0, 0, 0, 2, 0, 0.5714285714285714, 0, 0], [1, 0, 1, 0.029790520668029785, 0, 1, 8, 3, 10, 1, 0, 0, 0, 1, 1, 7, 0, 0, 0, 2, 0, 0.75, 0, 0], [0, 0, 0, 0.1396978497505188, 0, 0, 8, 3, 10, 0, 1, 0, 0, 1, 1, 5, 0, 0, 0, 2, 0, 0.5, 0, 0], [0, 0, 0, 0.004646271467208862, 0, 0, 8, 12, 19, 0, 0, 0, 0, 10, 1, 2, 0, 0, 0, 11, 0, 0.25, 0, 0], [0, 0, 0, 0.030644595623016357, 0, 0, 8, 13, 20, 0, 0, 0, 0, 11, 1, 2, 0, 0, 0, 12, 0, 0.5, 0, 0], [0, 0, 0, 0.016717642545700073, 0, 0, 8, 13, 20, 0, 0, 0, 0, 11, 1, 2, 0, 0, 0, 12, 0, 0.3333333333333333, 0, 0], [1, 0, 1, 0.03375375270843506, 1, 0, 7, 13, 19, 1, 0, 1, 1, 2, 10, 4, 0, 0, 0, 12, 1, 0.8333333333333334, 0, 0], [0, 0, 0, 0.01618295907974243, 0, 0, 8, 3, 10, 0, 0, 0, 0, 1, 1, 3, 0, 0, 0, 2, 0, 0.5, 0, 0], [1, 0, 1, 0.0, 1, 1, 8, 7, 14, 1, 1, 1, 1, 2, 3, 6, 0, 0, 0, 6, 1, 0.9375, 0, 0], [0, 0, 0, 0.06851780414581299, 0, 0, 8, 3, 10, 0, 0, 0, 0, 1, 1, 4, 0, 0, 0, 2, 0, 0.7142857142857143, 0, 0], [0, 0, 0, 0.25995147228240967, 0, 0, 7, 3, 9, 0, 0, 0, 0, 1, 1, 6, 0, 0, 0, 2, 0, 0.8333333333333334, 0, 0], [0, 0, 0, 0.0, 0, 0, 8, 3, 10, 0, 0, 0, 0, 1, 1, 6, 0, 0, 0, 2, 0, 0.5, 0, 0], [0, 0, 0, 0.19277095794677734, 0, 0, 8, 3, 10, 0, 0, 0, 0, 1, 1, 4, 0, 0, 0, 2, 0, 0.6666666666666666, 0, 0], [0, 0, 0, 0.057545363903045654, 0, 0, 8, 13, 20, 0, 0, 0, 0, 7, 4, 1, 0, 0, 0, 12, 0, 0.5, 0, 0], [0, 0, 0, 0.034526526927948, 0, 0, 8, 5, 12, 0, 0, 0, 0, 3, 1, 3, 0, 0, 0, 4, 0, 0.6666666666666666, 0, 0], [1, 0, 1, 0.04364371299743652, 1, 0, 8, 7, 14, 1, 0, 1, 1, 2, 4, 5, 0, 0, 0, 6, 1, 0.9375, 0, 0], [0, 0, 0, 0.034971773624420166, 0, 0, 8, 3, 10, 0, 0, 0, 0, 1, 1, 5, 0, 0, 0, 2, 0, 0.5, 0, 0], [0, 0, 0, 0.18182694911956787, 0, 0, 8, 10, 17, 0, 0, 0, 0, 6, 2, 5, 0, 0, 0, 9, 0, 0.6666666666666666, 0, 0], [0, 0, 0, 0.18604934215545654, 0, 0, 8, 3, 10, 0, 0, 0, 0, 1, 1, 3, 0, 0, 0, 2, 0, 0.6666666666666666, 0, 0], [1, 0, 1, 0.02881145477294922, 1, 0, 8, 13, 20, 1, 0, 1, 1, 10, 2, 1, 0, 0, 0, 12, 1, 0.2222222222222222, 0, 0], [0, 0, 0, 0.027340829372406006, 0, 0, 8, 4, 11, 0, 0, 0, 0, 2, 1, 3, 0, 0, 0, 3, 0, 0.5, 0, 0], [1, 0, 0, 0.04414033889770508, 0, 0, 8, 3, 10, 1, 0, 0, 0, 1, 1, 5, 0, 0, 0, 2, 0, 0.5, 0, 0], [0, 0, 0, 0.11538088321685791, 0, 0, 8, 3, 10, 0, 0, 0, 0, 1, 1, 5, 0, 0, 0, 2, 0, 0.5, 0, 0], [0, 0, 0, 0.03778272867202759, 0, 0, 8, 10, 17, 0, 0, 1, 0, 2, 7, 2, 0, 0, 0, 9, 0, 0.5714285714285714, 0, 0], [1, 0, 1, 0.04357975721359253, 0, 0, 8, 12, 19, 1, 0, 1, 1, 7, 3, 4, 0, 0, 0, 11, 0, 0.6666666666666666, 0, 0], [1, 0, 1, 0.08969831466674805, 1, 0, 8, 7, 14, 1, 0, 1, 1, 2, 4, 5, 0, 0, 0, 6, 0, 0.8571428571428571, 0, 0], [1, 0, 0, 0.03154674172401428, 0, 0, 8, 13, 20, 1, 0, 0, 0, 11, 1, 4, 0, 0, 0, 12, 0, 0.6666666666666666, 0, 0], [1, 0, 1, 0.006010770797729492, 1, 0, 8, 13, 20, 1, 0, 1, 1, 3, 8, 5, 0, 0, 0, 12, 1, 0.8333333333333334, 0, 0], [0, 0, 0, 0.011812448501586914, 0, 0, 8, 13, 20, 0, 0, 0, 0, 10, 2, 2, 0, 0, 0, 12, 0, 0.5, 0, 0], [1, 0, 0, 0.016055643558502197, 0, 0, 8, 4, 11, 1, 0, 1, 0, 2, 1, 6, 0, 0, 0, 3, 0, 0.75, 0, 0], [0, 0, 0, 0.03264749050140381, 0, 0, 8, 11, 18, 0, 0, 0, 0, 9, 1, 4, 0, 0, 0, 10, 0, 0.5, 0, 0], [0, 0, 0, 0.21367579698562622, 0, 0, 8, 13, 20, 0, 0, 0, 0, 7, 3, 5, 0, 0, 0, 12, 0, 0.6666666666666666, 0, 0], [0, 0, 0, 0.0022683143615722656, 0, 0, 8, 3, 10, 0, 0, 0, 0, 1, 1, 5, 0, 0, 0, 2, 0, 0.75, 0, 0], [0, 0, 0, 0.014262795448303223, 0, 0, 8, 7, 14, 0, 0, 0, 0, 5, 1, 2, 0, 0, 0, 6, 0, 0.5, 0, 0], [1, 0, 1, 0.012499451637268066, 1, 0, 8, 13, 20, 1, 0, 1, 1, 4, 7, 2, 0, 0, 0, 12, 1, 0.5714285714285714, 0, 0], [0, 0, 0, 0.024177461862564087, 0, 0, 8, 4, 11, 0, 0, 0, 0, 2, 1, 4, 0, 0, 0, 3, 0, 0.5, 0, 0], [1, 0, 0, 0.08759868144989014, 0, 0, 7, 7, 13, 1, 0, 1, 0, 4, 2, 5, 0, 0, 0, 6, 0, 0.6666666666666666, 0, 0], [1, 0, 0, 0.01316756010055542, 0, 0, 7, 3, 9, 1, 0, 0, 0, 1, 1, 5, 0, 0, 0, 2, 0, 0.6666666666666666, 0, 0], [0, 0, 0, 0.09647059440612793, 0, 0, 8, 5, 12, 0, 0, 0, 0, 3, 1, 2, 0, 0, 0, 4, 0, 0.5, 0, 0], [0, 0, 0, 0.15195295214653015, 0, 0, 8, 13, 20, 0, 0, 0, 0, 10, 2, 3, 0, 0, 0, 12, 0, 0.5, 0, 0], [0, 0, 0, 0.05628800392150879, 0, 0, 8, 4, 11, 0, 0, 0, 0, 2, 1, 2, 0, 0, 0, 3, 0, 0.5, 0, 0], [0, 0, 0, 0.1306305229663849, 0, 0, 8, 13, 20, 0, 0, 0, 0, 10, 2, 4, 0, 0, 0, 12, 0, 0.5, 0, 0], [1, 0, 0, 0.011240661144256592, 0, 0, 8, 3, 10, 1, 0, 0, 0, 1, 1, 5, 0, 0, 0, 2, 0, 0.6666666666666666, 0, 0], [1, 0, 1, 0.017790257930755615, 0, 1, 8, 3, 10, 1, 0, 0, 0, 1, 1, 5, 0, 0, 0, 2, 0, 0.5, 0, 0], [0, 0, 0, 0.06146520376205444, 0, 0, 8, 9, 16, 0, 0, 0, 0, 6, 2, 2, 0, 0, 0, 8, 0, 0.7777777777777778, 0, 0], [0, 0, 0, 0.09453651309013367, 0, 0, 8, 4, 11, 0, 0, 0, 0, 2, 1, 4, 0, 0, 0, 3, 0, 0.5, 0, 0], [0, 0, 0, 0.0642177164554596, 0, 0, 8, 3, 10, 0, 0, 0, 0, 1, 1, 2, 0, 0, 0, 2, 0, 0.5, 0, 0], [0, 0, 0, 0.02167677879333496, 0, 0, 8, 4, 11, 0, 1, 0, 0, 2, 1, 2, 0, 0, 0, 3, 0, 0.5, 0, 0], [0, 0, 0, 0.021970808506011963, 0, 0, 8, 13, 20, 0, 0, 0, 0, 8, 2, 1, 0, 0, 0, 12, 0, 0.5, 0, 0], [0, 0, 0, 0.2363072633743286, 0, 0, 8, 3, 10, 0, 0, 0, 0, 1, 1, 4, 0, 0, 0, 2, 0, 0.5, 0, 0], [0, 0, 0, 0.0, 0, 0, 8, 13, 20, 0, 0, 0, 0, 11, 1, 4, 0, 0, 0, 12, 0, 0.6666666666666666, 0, 0], [0, 0, 0, 0.09127771854400635, 0, 0, 8, 6, 13, 0, 0, 0, 0, 3, 2, 5, 0, 0, 0, 5, 0, 0.6666666666666666, 0, 0], [1, 0, 1, 0.017284154891967773, 1, 0, 8, 4, 11, 1, 0, 1, 1, 2, 1, 2, 0, 0, 0, 3, 1, 0.8333333333333334, 0, 0], [0, 0, 0, 0.2357986569404602, 0, 0, 8, 3, 10, 0, 0, 0, 0, 1, 1, 3, 0, 0, 0, 2, 0, 0.5, 0, 0], [1, 0, 0, 0.048050493001937866, 0, 0, 8, 3, 10, 1, 0, 0, 0, 1, 1, 1, 0, 0, 0, 2, 0, 0.23076923076923078, 0, 0], [0, 0, 0, 0.0, 0, 0, 8, 4, 11, 0, 0, 0, 0, 2, 1, 4, 0, 0, 0, 3, 0, 0.8, 0, 0], [1, 0, 0, 0.008383750915527344, 1, 0, 8, 4, 11, 1, 0, 0, 0, 2, 1, 5, 0, 0, 0, 3, 1, 0.5, 0, 0], [0, 0, 0, 0.3843030333518982, 0, 0, 8, 6, 13, 0, 0, 0, 0, 4, 1, 6, 0, 0, 0, 5, 0, 0.5, 0, 0], [1, 0, 1, 0.07782655954360962, 0, 0, 8, 13, 20, 1, 0, 1, 1, 10, 2, 5, 0, 0, 0, 12, 0, 0.5, 0, 0], [0, 0, 0, 0.09106230735778809, 0, 0, 8, 3, 10, 0, 0, 0, 0, 1, 1, 3, 0, 0, 0, 2, 0, 0.7777777777777778, 0, 0], [1, 0, 0, 0.009231090545654297, 0, 0, 8, 13, 20, 1, 0, 1, 0, 10, 2, 1, 0, 0, 0, 12, 1, 0.6, 0, 0], [1, 0, 0, 0.11717069149017334, 0, 0, 8, 10, 17, 1, 0, 0, 0, 7, 2, 1, 0, 0, 0, 9, 0, 0.4, 0, 0], [0, 0, 0, 0.03548505902290344, 0, 0, 8, 3, 10, 0, 0, 0, 0, 1, 1, 3, 0, 0, 0, 2, 0, 0.5, 0, 0], [0, 0, 0, 0.05961257219314575, 0, 0, 8, 3, 10, 0, 0, 0, 0, 1, 1, 6, 0, 0, 0, 2, 0, 0.8888888888888888, 0, 0], [1, 0, 1, 0.23041391372680664, 0, 0, 8, 13, 20, 1, 0, 1, 1, 2, 10, 6, 0, 0, 0, 12, 0, 0.6666666666666666, 0, 0], [0, 0, 0, 0.021588146686553955, 0, 0, 8, 9, 16, 0, 0, 0, 0, 5, 3, 3, 0, 0, 0, 8, 0, 0.5, 0, 0], [1, 0, 0, 0.0116959810256958, 0, 0, 7, 4, 10, 1, 0, 0, 0, 2, 1, 6, 0, 0, 0, 3, 0, 0.75, 0, 0], [0, 0, 0, 0.010788321495056152, 0, 0, 8, 3, 10, 0, 0, 0, 0, 1, 1, 5, 0, 0, 0, 2, 0, 0.5, 0, 0], [0, 0, 0, 0.02782297134399414, 0, 0, 8, 4, 11, 0, 0, 0, 0, 2, 1, 5, 0, 0, 0, 3, 0, 0.5, 0, 0], [0, 0, 0, 0.031517982482910156, 0, 0, 8, 3, 10, 0, 0, 0, 0, 1, 1, 4, 0, 0, 0, 2, 0, 0.7727272727272727, 0, 0], [1, 0, 0, 0.01770704984664917, 1, 0, 7, 12, 18, 1, 0, 1, 0, 5, 4, 4, 0, 0, 0, 11, 0, 0.6666666666666666, 0, 0], [0, 0, 0, 0.01843637228012085, 0, 0, 8, 11, 18, 0, 0, 0, 0, 6, 3, 4, 0, 0, 0, 10, 0, 0.5, 0, 0], [0, 0, 0, 0.4107859134674072, 0, 0, 8, 4, 11, 0, 0, 0, 0, 2, 1, 7, 0, 0, 0, 3, 0, 0.6666666666666666, 0, 0], [1, 0, 1, 0.02562505006790161, 1, 0, 8, 7, 14, 1, 0, 1, 1, 2, 4, 1, 0, 0, 0, 6, 1, 0.75, 0, 0], [1, 0, 1, 0.27226078510284424, 1, 0, 8, 5, 12, 1, 0, 1, 1, 2, 2, 4, 0, 0, 0, 4, 0, 0.6666666666666666, 0, 0], [0, 0, 0, 0.01521328091621399, 0, 0, 8, 4, 11, 0, 0, 0, 0, 2, 1, 5, 0, 0, 0, 3, 0, 0.7142857142857143, 0, 0], [0, 0, 0, 0.1030755341053009, 0, 0, 8, 7, 14, 0, 0, 0, 0, 4, 2, 4, 0, 0, 0, 6, 0, 0.7142857142857143, 0, 0], [0, 0, 0, 0.0, 0, 0, 6, 3, 8, 1, 0, 0, 0, 1, 1, 5, 0, 0, 0, 2, 0, 0.5, 0, 0], [0, 0, 0, 0.04789605736732483, 0, 0, 8, 6, 13, 0, 0, 0, 0, 4, 1, 2, 0, 0, 0, 5, 0, 0.5, 0, 0], [0, 0, 0, 0.08943086862564087, 0, 0, 8, 13, 20, 0, 0, 0, 0, 10, 2, 1, 0, 0, 0, 12, 0, 0.125, 0, 0], [1, 0, 0, 0.1305713653564453, 1, 0, 8, 3, 10, 1, 0, 0, 0, 1, 1, 3, 0, 0, 0, 2, 0, 0.75, 0, 0], [1, 0, 1, 0.058990299701690674, 0, 0, 8, 11, 18, 1, 0, 1, 1, 5, 3, 5, 0, 0, 0, 10, 1, 0.6666666666666666, 0, 0], [0, 0, 0, 0.0, 0, 0, 2, 4, 5, 1, 0, 0, 0, 2, 1, 1, 0, 0, 0, 3, 0, 0.6666666666666666, 0, 0], [0, 0, 0, 0.015867948532104492, 0, 0, 8, 13, 20, 0, 0, 0, 0, 10, 2, 2, 0, 0, 0, 12, 0, 0.3333333333333333, 0, 0], [0, 0, 0, 0.17914897203445435, 0, 0, 8, 3, 10, 0, 0, 0, 0, 1, 1, 3, 0, 0, 0, 2, 0, 0.6666666666666666, 0, 0], [1, 0, 1, 0.15369969606399536, 0, 0, 4, 4, 7, 1, 0, 1, 1, 2, 1, 3, 0, 0, 0, 3, 0, 0.75, 0, 0], [0, 0, 0, 0.0051108598709106445, 0, 0, 8, 3, 10, 0, 0, 0, 0, 1, 1, 2, 0, 0, 0, 2, 0, 0.5, 0, 0], [0, 0, 0, 0.004610270261764526, 0, 0, 8, 13, 20, 0, 0, 0, 0, 10, 2, 2, 0, 0, 0, 12, 0, 0.5, 0, 0], [0, 0, 0, 0.052928626537323, 0, 0, 8, 13, 20, 0, 0, 0, 0, 11, 1, 1, 0, 0, 0, 12, 0, 0.5, 0, 0], [1, 0, 0, 0.17275506258010864, 0, 0, 4, 3, 6, 1, 0, 0, 0, 1, 1, 3, 0, 0, 0, 2, 0, 0.6666666666666666, 0, 0], [0, 0, 0, 0.005649924278259277, 0, 0, 8, 5, 12, 0, 0, 0, 0, 3, 1, 6, 0, 0, 0, 4, 0, 0.6666666666666666, 0, 0], [0, 0, 0, 0.30818164348602295, 0, 0, 8, 3, 10, 0, 0, 0, 0, 1, 1, 5, 0, 0, 0, 2, 0, 0.5, 0, 0], [0, 0, 0, 0.0038434267044067383, 0, 0, 8, 3, 10, 0, 0, 0, 0, 1, 1, 6, 0, 0, 0, 2, 0, 0.5, 0, 0], [0, 0, 0, 0.03603935241699219, 0, 0, 8, 3, 10, 0, 0, 0, 0, 1, 1, 6, 0, 0, 0, 2, 0, 0.6666666666666666, 0, 0], [0, 0, 0, 0.29737281799316406, 0, 0, 8, 3, 10, 0, 0, 0, 0, 1, 1, 6, 0, 0, 0, 2, 0, 0.8571428571428571, 0, 0], [1, 0, 0, 0.007374465465545654, 0, 0, 8, 13, 20, 1, 0, 0, 0, 8, 4, 1, 0, 0, 0, 12, 0, 0.6, 0, 0], [0, 0, 0, 0.05459719896316528, 0, 0, 8, 13, 20, 0, 0, 0, 0, 11, 1, 1, 0, 0, 0, 12, 0, 0.5, 0, 0], [0, 0, 0, 0.012185215950012207, 0, 0, 8, 3, 10, 0, 0, 0, 0, 1, 1, 4, 0, 0, 0, 2, 0, 0.5, 0, 0], [0, 0, 0, 0.01316767930984497, 0, 0, 7, 3, 9, 0, 0, 0, 0, 1, 1, 5, 0, 0, 0, 2, 0, 0.6666666666666666, 0, 0], [0, 0, 0, 0.0, 0, 0, 7, 3, 9, 0, 0, 0, 0, 1, 1, 5, 0, 0, 0, 2, 0, 0.75, 0, 0], [1, 0, 0, 0.010749220848083496, 0, 0, 8, 13, 20, 1, 0, 1, 0, 4, 6, 3, 0, 0, 0, 12, 0, 0.5714285714285714, 0, 0], [0, 0, 0, 0.0318831205368042, 0, 0, 8, 13, 20, 0, 0, 0, 0, 11, 1, 1, 0, 0, 0, 12, 0, 0.16666666666666666, 0, 0], [0, 0, 0, 0.12426859140396118, 0, 0, 8, 3, 10, 0, 0, 0, 0, 1, 1, 4, 0, 0, 0, 2, 0, 0.5, 0, 0], [1, 0, 1, 0.006010770797729492, 1, 0, 8, 13, 20, 1, 0, 1, 1, 3, 8, 5, 0, 0, 0, 12, 1, 0.8333333333333334, 0, 0], [0, 0, 0, 0.14145547151565552, 0, 0, 8, 4, 11, 0, 0, 0, 0, 2, 1, 6, 0, 0, 0, 3, 0, 0.5, 0, 0], [0, 0, 0, 0.008846640586853027, 0, 0, 8, 13, 20, 0, 0, 0, 0, 8, 2, 1, 0, 0, 0, 12, 0, 0.5714285714285714, 0, 0], [0, 0, 0, 0.0004655122756958008, 0, 0, 8, 13, 20, 0, 0, 0, 0, 9, 2, 4, 0, 0, 0, 12, 0, 0.6666666666666666, 0, 0], [0, 0, 0, 0.10902100801467896, 0, 0, 8, 13, 20, 0, 0, 1, 0, 11, 1, 1, 0, 0, 0, 12, 0, 0.125, 0, 0], [1, 0, 1, 0.008259415626525879, 1, 0, 8, 10, 17, 1, 0, 1, 1, 4, 4, 3, 0, 0, 0, 9, 1, 0.7727272727272727, 0, 0], [1, 0, 0, 0.013329148292541504, 0, 0, 6, 4, 9, 1, 1, 0, 0, 2, 1, 4, 0, 0, 0, 3, 0, 0.75, 0, 0], [0, 0, 0, 0.027005434036254883, 0, 0, 8, 3, 10, 0, 0, 0, 0, 1, 1, 4, 0, 0, 0, 2, 0, 0.5, 0, 0], [0, 0, 0, 0.05622291564941406, 0, 0, 8, 4, 11, 0, 0, 0, 0, 2, 1, 3, 0, 0, 0, 3, 0, 0.5, 0, 0], [0, 0, 0, 0.05904322862625122, 0, 0, 8, 13, 20, 0, 0, 0, 0, 8, 4, 1, 0, 0, 0, 12, 0, 0.5, 0, 0], [0, 0, 0, 0.009431719779968262, 0, 0, 8, 13, 20, 0, 0, 0, 0, 11, 1, 1, 0, 0, 0, 12, 0, 0.5, 0, 0], [1, 0, 1, 0.014429986476898193, 0, 1, 8, 3, 10, 1, 0, 0, 0, 1, 1, 6, 0, 0, 0, 2, 0, 0.5, 0, 0], [0, 0, 0, 0.10766458511352539, 0, 0, 8, 5, 12, 0, 0, 0, 0, 3, 1, 4, 0, 0, 0, 4, 0, 0.8333333333333334, 0, 0], [0, 0, 0, 0.05500471591949463, 0, 0, 8, 4, 11, 0, 0, 0, 0, 1, 2, 5, 0, 0, 0, 3, 0, 0.5, 0, 0], [0, 0, 0, 0.00019788742065429688, 0, 0, 8, 3, 10, 0, 0, 0, 0, 1, 1, 6, 0, 0, 0, 2, 0, 0.5, 0, 0], [0, 0, 0, 0.014102518558502197, 0, 0, 8, 11, 18, 0, 0, 1, 0, 5, 4, 5, 0, 0, 0, 10, 0, 0.6666666666666666, 0, 0], [0, 0, 0, 0.0403323769569397, 0, 0, 8, 11, 18, 0, 0, 0, 0, 6, 3, 3, 0, 0, 0, 10, 0, 0.5, 0, 0], [0, 0, 0, 0.0, 0, 0, 8, 3, 10, 0, 0, 0, 0, 1, 1, 4, 0, 0, 0, 2, 0, 0.5, 0, 0], [0, 0, 0, 0.014334350824356079, 0, 0, 8, 3, 10, 0, 0, 0, 0, 1, 1, 3, 0, 0, 0, 2, 0, 0.6666666666666666, 0, 0], [0, 0, 1, 0.0, 0, 0, 2, 5, 6, 1, 0, 1, 0, 3, 1, 1, 0, 0, 0, 4, 0, 0.6666666666666666, 0, 0], [0, 0, 0, 0.059586286544799805, 0, 0, 8, 3, 10, 0, 0, 0, 0, 1, 1, 4, 0, 0, 0, 2, 0, 0.6666666666666666, 0, 0], [0, 0, 0, 0.04061925411224365, 0, 0, 8, 3, 10, 0, 0, 0, 0, 1, 1, 7, 0, 0, 0, 2, 0, 0.5, 0, 0], [0, 0, 0, 0.008424818515777588, 0, 0, 8, 6, 13, 0, 0, 0, 0, 4, 1, 2, 0, 0, 0, 5, 0, 0.5, 0, 0], [0, 0, 0, 0.031480759382247925, 0, 0, 8, 9, 16, 0, 0, 0, 0, 7, 1, 3, 0, 0, 0, 8, 0, 0.5, 0, 0], [0, 0, 0, 0.06712004542350769, 0, 0, 8, 3, 10, 0, 0, 0, 0, 1, 1, 4, 0, 0, 0, 2, 0, 0.6666666666666666, 0, 0], [0, 0, 0, 0.006223082542419434, 0, 0, 8, 6, 13, 0, 0, 0, 0, 3, 2, 3, 0, 0, 0, 5, 0, 0.8333333333333334, 0, 0], [0, 0, 0, 0.03391876816749573, 0, 0, 8, 13, 20, 0, 0, 0, 0, 11, 1, 3, 0, 0, 0, 12, 0, 0.3333333333333333, 0, 0], [0, 0, 0, 0.23443952202796936, 0, 0, 8, 3, 10, 0, 0, 0, 0, 1, 1, 5, 0, 0, 0, 2, 0, 0.6666666666666666, 0, 0], [1, 0, 1, 0.12000805139541626, 0, 0, 8, 12, 19, 1, 0, 1, 0, 10, 1, 5, 0, 0, 0, 11, 0, 0.5, 0, 0], [1, 0, 1, 0.00026547908782958984, 0, 1, 8, 8, 15, 1, 0, 1, 1, 2, 4, 5, 0, 0, 0, 7, 0, 0.5, 0, 0], [0, 0, 0, 0.006925225257873535, 0, 0, 8, 3, 10, 0, 0, 0, 0, 1, 1, 6, 0, 0, 0, 2, 0, 0.6666666666666666, 0, 0], [1, 0, 1, 0.061683326959609985, 0, 0, 8, 11, 18, 1, 0, 1, 1, 8, 2, 4, 0, 0, 0, 10, 0, 0.6666666666666666, 0, 0], [0, 0, 0, 0.029405921697616577, 0, 0, 8, 9, 16, 0, 0, 0, 0, 7, 1, 3, 0, 0, 0, 8, 0, 0.5, 0, 0], [0, 0, 0, 0.08517253398895264, 0, 0, 8, 6, 13, 0, 0, 0, 0, 2, 3, 4, 0, 0, 0, 5, 0, 0.5625, 0, 0], [0, 0, 0, 0.0399552583694458, 0, 0, 8, 6, 13, 0, 0, 0, 0, 4, 1, 4, 0, 0, 0, 5, 0, 0.5, 0, 0], [0, 0, 0, 0.13036149740219116, 0, 0, 8, 3, 10, 0, 0, 0, 0, 1, 1, 3, 0, 0, 0, 2, 0, 0.6666666666666666, 0, 0], [0, 0, 0, 0.09337806701660156, 0, 0, 7, 3, 9, 0, 0, 0, 0, 1, 1, 5, 0, 0, 0, 2, 0, 0.6666666666666666, 0, 0], [1, 0, 0, 0.0, 1, 0, 7, 4, 10, 1, 0, 1, 0, 2, 1, 6, 0, 0, 0, 3, 1, 0.6666666666666666, 0, 0], [1, 0, 0, 0.0, 0, 0, 2, 9, 10, 1, 0, 1, 0, 2, 4, 1, 0, 0, 0, 8, 0, 0.6666666666666666, 0, 0], [1, 0, 1, 0.0, 0, 0, 4, 7, 10, 1, 0, 1, 1, 2, 3, 3, 0, 0, 0, 6, 1, 0.75, 0, 0], [0, 0, 0, 0.018305182456970215, 0, 0, 8, 13, 20, 0, 0, 0, 0, 10, 2, 2, 0, 0, 0, 12, 0, 0.375, 0, 0], [0, 0, 0, 0.13175874948501587, 0, 0, 8, 3, 10, 0, 0, 0, 0, 1, 1, 5, 0, 0, 0, 2, 0, 0.6666666666666666, 0, 0], [0, 0, 0, 0.07464581727981567, 0, 0, 8, 3, 10, 0, 0, 0, 0, 1, 1, 1, 0, 0, 0, 2, 0, 0.5, 0, 0], [1, 0, 0, 0.0, 0, 0, 8, 7, 14, 1, 1, 1, 0, 3, 3, 4, 0, 0, 0, 6, 0, 0.8333333333333334, 0, 0], [0, 0, 0, 0.04654976725578308, 0, 0, 8, 13, 20, 0, 0, 0, 0, 10, 2, 1, 0, 0, 0, 12, 0, 0.2857142857142857, 0, 0], [0, 0, 0, 0.0003522634506225586, 0, 0, 8, 5, 12, 0, 0, 0, 0, 3, 1, 6, 0, 0, 0, 4, 0, 0.5, 0, 0], [0, 0, 0, 0.12899678945541382, 0, 0, 8, 3, 10, 0, 0, 0, 0, 1, 1, 3, 0, 0, 0, 2, 0, 0.5, 0, 0], [0, 0, 0, 0.06121015548706055, 0, 0, 8, 6, 13, 0, 0, 0, 0, 2, 3, 3, 0, 0, 0, 5, 0, 0.75, 0, 0], [0, 0, 0, 0.00706857442855835, 0, 0, 8, 13, 20, 0, 0, 1, 0, 2, 10, 5, 0, 0, 0, 12, 0, 0.8333333333333334, 0, 0], [0, 0, 0, 0.3265538811683655, 0, 0, 8, 3, 10, 0, 0, 0, 0, 1, 1, 4, 0, 0, 0, 2, 0, 0.6666666666666666, 0, 0], [0, 0, 0, 0.018102943897247314, 0, 0, 8, 9, 16, 0, 0, 0, 0, 7, 1, 3, 0, 0, 0, 8, 0, 0.5, 0, 0], [0, 0, 0, 0.028780817985534668, 0, 0, 8, 7, 14, 0, 0, 0, 0, 5, 1, 4, 0, 0, 0, 6, 0, 0.7777777777777778, 0, 0], [1, 0, 1, 0.021505773067474365, 1, 0, 8, 13, 20, 1, 1, 1, 1, 6, 6, 1, 0, 0, 0, 12, 0, 0.5, 0, 0], [0, 0, 0, 0.049233317375183105, 0, 0, 7, 4, 10, 0, 0, 0, 0, 2, 1, 6, 0, 0, 0, 3, 0, 0.5, 0, 0], [0, 0, 0, 0.0188865065574646, 0, 0, 8, 12, 19, 0, 0, 0, 0, 10, 1, 3, 0, 0, 0, 11, 0, 0.5, 0, 0], [0, 0, 0, 0.1021885871887207, 0, 0, 8, 4, 11, 0, 0, 0, 0, 2, 1, 2, 0, 0, 0, 3, 0, 0.5, 0, 0], [0, 0, 0, 0.04638618230819702, 0, 0, 8, 13, 20, 0, 0, 0, 0, 11, 1, 1, 0, 0, 0, 12, 0, 0.09090909090909091, 0, 0], [1, 0, 0, 0.0, 0, 0, 8, 4, 11, 1, 0, 1, 0, 2, 1, 6, 0, 0, 0, 3, 0, 0.6666666666666666, 0, 0], [1, 0, 1, 0.010316431522369385, 1, 0, 8, 8, 15, 1, 0, 1, 1, 3, 3, 1, 0, 0, 0, 7, 1, 0.5, 0, 0], [1, 0, 0, 0.0004898309707641602, 1, 0, 8, 4, 11, 1, 0, 1, 0, 2, 1, 3, 0, 0, 0, 3, 1, 0.8333333333333334, 0, 0], [0, 0, 0, 0.01921665668487549, 0, 0, 8, 3, 10, 0, 0, 0, 0, 1, 1, 3, 0, 0, 0, 2, 0, 0.7142857142857143, 0, 0], [1, 0, 0, 0.025278985500335693, 0, 0, 8, 13, 20, 1, 0, 0, 0, 8, 3, 2, 0, 0, 0, 12, 0, 0.6, 0, 0], [0, 0, 0, 0.022743165493011475, 0, 0, 8, 13, 20, 0, 0, 0, 0, 11, 1, 1, 0, 0, 0, 12, 0, 0.07692307692307693, 0, 0], [0, 0, 0, 0.027889400720596313, 0, 0, 8, 4, 11, 0, 0, 0, 0, 2, 1, 3, 0, 0, 0, 3, 0, 0.5, 0, 0], [0, 0, 0, 0.0031642913818359375, 0, 0, 8, 13, 20, 0, 0, 1, 0, 10, 2, 1, 0, 0, 0, 12, 0, 0.6666666666666666, 0, 0], [0, 0, 0, 0.1528727412223816, 0, 0, 8, 3, 10, 0, 0, 0, 0, 1, 1, 5, 0, 0, 0, 2, 0, 0.75, 0, 0], [0, 0, 0, 0.0026427805423736572, 0, 0, 8, 8, 15, 0, 0, 0, 0, 6, 1, 2, 0, 0, 0, 7, 0, 0.5, 0, 0], [1, 0, 1, 0.1624596118927002, 0, 0, 8, 7, 14, 1, 0, 1, 1, 3, 2, 4, 0, 0, 0, 6, 0, 0.5, 0, 0], [0, 0, 0, 0.013137400150299072, 0, 0, 8, 13, 20, 0, 0, 0, 0, 9, 2, 1, 0, 0, 0, 12, 0, 0.3, 0, 0], [1, 0, 0, 0.0020905733108520508, 1, 0, 8, 13, 20, 1, 1, 1, 0, 6, 3, 1, 0, 0, 0, 12, 1, 0.5, 0, 0], [0, 0, 0, 0.005373120307922363, 0, 0, 8, 13, 20, 0, 0, 0, 0, 9, 3, 3, 0, 0, 0, 12, 0, 0.6666666666666666, 0, 0], [1, 0, 0, 0.005657672882080078, 0, 0, 8, 3, 10, 1, 0, 0, 0, 1, 1, 4, 0, 0, 0, 2, 0, 0.6666666666666666, 0, 0], [1, 0, 0, 0.020472228527069092, 0, 0, 8, 4, 11, 1, 0, 0, 0, 2, 1, 3, 0, 0, 0, 3, 0, 0.5, 0, 0], [0, 0, 0, 0.006430923938751221, 0, 0, 8, 3, 10, 0, 0, 0, 0, 1, 1, 7, 0, 0, 0, 2, 0, 0.5, 0, 0], [1, 0, 1, 0.007619261741638184, 0, 0, 8, 13, 20, 1, 0, 1, 1, 9, 3, 3, 0, 0, 0, 12, 1, 0.7777777777777778, 0, 0], [0, 0, 0, 0.029318273067474365, 0, 0, 8, 3, 10, 0, 0, 0, 0, 1, 1, 1, 0, 0, 0, 2, 0, 0.07692307692307693, 0, 0], [0, 0, 0, 0.20012778043746948, 0, 0, 8, 5, 12, 0, 0, 0, 0, 1, 3, 7, 0, 0, 0, 4, 0, 0.6666666666666666, 0, 0], [0, 0, 0, 0.006002068519592285, 0, 0, 8, 7, 14, 0, 0, 0, 0, 5, 1, 4, 0, 0, 0, 6, 0, 0.5, 0, 0], [0, 0, 0, 0.34311792254447937, 0, 0, 8, 3, 10, 0, 0, 0, 0, 1, 1, 5, 0, 0, 0, 2, 0, 0.8333333333333334, 0, 0], [1, 0, 0, 0.08385699987411499, 1, 0, 8, 13, 20, 1, 0, 1, 0, 7, 4, 3, 0, 0, 0, 12, 1, 0.5, 0, 0], [1, 0, 1, 0.03014463186264038, 1, 0, 8, 13, 20, 1, 0, 1, 1, 7, 5, 4, 0, 0, 0, 12, 1, 0.8333333333333334, 0, 0], [0, 0, 0, 0.0663718581199646, 0, 0, 8, 3, 10, 0, 0, 0, 0, 1, 1, 7, 0, 0, 0, 2, 0, 0.75, 0, 0], [1, 0, 1, 0.027818351984024048, 0, 0, 8, 4, 11, 1, 0, 1, 1, 2, 1, 3, 0, 0, 0, 3, 0, 0.5, 0, 0], [1, 0, 0, 0.01722496747970581, 0, 0, 5, 3, 7, 1, 0, 0, 0, 1, 1, 4, 0, 0, 0, 2, 0, 0.75, 0, 0], [1, 0, 0, 0.07412177324295044, 0, 0, 8, 5, 12, 1, 0, 1, 0, 3, 1, 6, 0, 0, 0, 4, 0, 0.8, 0, 0], [0, 0, 0, 0.22570198774337769, 0, 0, 8, 4, 11, 0, 0, 0, 0, 1, 2, 3, 0, 0, 0, 3, 0, 0.6666666666666666, 0, 0], [0, 0, 0, 0.14275658130645752, 0, 0, 8, 12, 19, 0, 0, 0, 0, 7, 4, 3, 0, 0, 0, 11, 0, 0.6666666666666666, 0, 0], [0, 0, 0, 0.09442746639251709, 0, 0, 8, 5, 12, 0, 0, 0, 0, 3, 1, 6, 0, 0, 0, 4, 0, 0.6666666666666666, 0, 0], [0, 0, 0, 0.13641208410263062, 0, 0, 8, 6, 13, 0, 1, 0, 0, 4, 1, 3, 0, 0, 0, 5, 0, 0.5, 0, 0], [1, 0, 1, 0.03662824630737305, 1, 0, 8, 7, 14, 1, 0, 1, 1, 4, 2, 1, 0, 0, 0, 6, 1, 0.5714285714285714, 0, 0], [0, 0, 0, 0.17771276831626892, 0, 0, 8, 3, 10, 0, 0, 0, 0, 1, 1, 3, 0, 0, 0, 2, 0, 0.5, 0, 0], [0, 0, 0, 0.07464587688446045, 0, 0, 8, 3, 10, 0, 0, 0, 0, 1, 1, 1, 0, 0, 0, 2, 0, 0.5, 0, 0], [0, 0, 0, 0.04101547598838806, 0, 0, 8, 4, 11, 0, 0, 0, 0, 2, 1, 2, 0, 0, 0, 3, 0, 0.5, 0, 0], [0, 0, 0, 0.01885133981704712, 0, 0, 8, 4, 11, 0, 0, 0, 0, 2, 1, 4, 0, 0, 0, 3, 0, 0.6666666666666666, 0, 0], [1, 0, 1, 0.021911144256591797, 1, 0, 8, 13, 20, 1, 0, 1, 1, 8, 3, 1, 0, 0, 0, 12, 0, 0.5, 0, 0], [0, 0, 0, 0.055761098861694336, 0, 0, 8, 4, 11, 0, 0, 0, 0, 2, 1, 3, 0, 0, 0, 3, 0, 0.75, 0, 0], [1, 0, 1, 0.01918351650238037, 1, 0, 6, 4, 9, 1, 0, 1, 1, 2, 1, 4, 0, 0, 0, 3, 1, 0.75, 0, 0], [0, 0, 0, 0.0008255839347839355, 0, 0, 8, 8, 15, 0, 0, 1, 0, 3, 4, 3, 0, 0, 0, 7, 0, 0.5, 0, 0], [0, 0, 0, 0.017453312873840332, 0, 0, 8, 5, 12, 0, 0, 0, 0, 3, 1, 6, 0, 0, 0, 4, 0, 0.5, 0, 0], [0, 0, 0, 0.11347031593322754, 0, 0, 8, 3, 10, 0, 0, 0, 0, 1, 1, 4, 0, 0, 0, 2, 0, 0.5, 0, 0], [0, 0, 0, 0.012577652931213379, 0, 0, 8, 4, 11, 0, 0, 0, 0, 1, 2, 4, 0, 0, 0, 3, 0, 0.5, 0, 0], [1, 0, 1, 0.1638696789741516, 1, 0, 8, 10, 17, 1, 0, 1, 1, 7, 2, 6, 0, 0, 0, 9, 0, 0.5714285714285714, 0, 0], [0, 0, 0, 0.019960671663284302, 0, 0, 8, 13, 20, 0, 0, 0, 0, 10, 2, 2, 0, 0, 0, 12, 0, 0.5, 0, 0], [0, 0, 0, 0.019930779933929443, 0, 0, 8, 8, 15, 0, 0, 0, 0, 5, 2, 4, 0, 0, 0, 7, 0, 0.6666666666666666, 0, 0], [0, 0, 0, 0.11571818590164185, 0, 0, 8, 5, 12, 0, 0, 0, 0, 2, 2, 5, 0, 0, 0, 4, 0, 0.6666666666666666, 0, 0], [0, 0, 0, 0.0, 0, 0, 8, 3, 10, 0, 0, 0, 0, 1, 1, 4, 0, 0, 0, 2, 0, 0.5, 0, 0], [1, 0, 0, 0.10209465026855469, 0, 0, 8, 3, 10, 1, 0, 0, 0, 1, 1, 5, 0, 0, 0, 2, 0, 0.75, 0, 0], [0, 0, 0, 0.011419534683227539, 0, 0, 8, 13, 20, 0, 0, 0, 0, 10, 2, 2, 0, 0, 0, 12, 0, 0.375, 0, 0], [0, 0, 0, 0.016695022583007812, 0, 0, 8, 13, 20, 0, 0, 1, 0, 8, 3, 5, 0, 0, 0, 12, 0, 0.6666666666666666, 0, 0], [0, 0, 0, 0.15815365314483643, 0, 0, 8, 4, 11, 0, 0, 0, 0, 2, 1, 2, 0, 0, 0, 3, 0, 0.6666666666666666, 0, 0], [0, 0, 0, 0.3962225317955017, 0, 0, 8, 4, 11, 0, 0, 0, 0, 2, 1, 6, 0, 0, 0, 3, 0, 0.5, 0, 0], [0, 0, 0, 0.0035987794399261475, 0, 0, 8, 3, 10, 0, 0, 0, 0, 1, 1, 6, 0, 0, 0, 2, 0, 0.5, 0, 0], [1, 0, 0, 0.02379751205444336, 1, 0, 8, 5, 12, 1, 0, 1, 0, 3, 1, 4, 0, 0, 0, 4, 1, 0.6666666666666666, 0, 0], [0, 0, 0, 0.03960603475570679, 0, 0, 8, 3, 10, 0, 0, 0, 0, 1, 1, 6, 0, 0, 0, 2, 0, 0.5, 0, 0], [1, 0, 0, 0.04236108064651489, 1, 0, 8, 9, 16, 1, 0, 1, 0, 7, 1, 2, 0, 0, 0, 8, 1, 0.5, 0, 0], [0, 0, 0, 0.052225708961486816, 0, 0, 7, 3, 9, 0, 0, 0, 0, 1, 1, 6, 0, 0, 0, 2, 0, 0.75, 0, 0], [0, 0, 0, 0.053945183753967285, 0, 0, 8, 4, 11, 0, 0, 0, 0, 2, 1, 5, 0, 0, 0, 3, 0, 0.6666666666666666, 0, 0], [1, 0, 0, 0.017894744873046875, 0, 0, 8, 13, 20, 1, 0, 1, 0, 11, 1, 1, 0, 0, 0, 12, 0, 0.5, 0, 0], [0, 0, 0, 0.2928345799446106, 0, 0, 8, 10, 17, 0, 0, 0, 0, 6, 2, 6, 0, 0, 0, 9, 0, 0.6666666666666666, 0, 0], [0, 0, 0, 0.00878208875656128, 0, 0, 8, 3, 10, 0, 0, 0, 0, 1, 1, 4, 0, 0, 0, 2, 0, 0.6666666666666666, 0, 0], [1, 0, 0, 0.0, 0, 0, 8, 5, 12, 1, 0, 0, 0, 2, 2, 5, 0, 0, 0, 4, 0, 0.6666666666666666, 0, 0], [1, 0, 0, 0.017894744873046875, 0, 0, 8, 13, 20, 1, 0, 0, 0, 7, 3, 1, 0, 0, 0, 12, 0, 0.5, 0, 0], [0, 0, 0, 0.014429986476898193, 0, 0, 8, 3, 10, 0, 0, 0, 0, 1, 1, 5, 0, 0, 0, 2, 0, 0.5, 0, 0], [0, 0, 0, 0.16309046745300293, 0, 0, 8, 3, 10, 0, 0, 0, 0, 1, 1, 4, 0, 0, 0, 2, 0, 0.5, 0, 0], [1, 0, 1, 0.0, 1, 0, 3, 4, 6, 1, 0, 1, 1, 2, 1, 2, 0, 0, 0, 3, 1, 0.6666666666666666, 0, 0], [1, 0, 0, 0.0, 1, 0, 8, 5, 12, 1, 0, 1, 0, 2, 2, 6, 0, 0, 0, 4, 0, 0.625, 0, 0], [0, 0, 0, 0.0490720272064209, 0, 0, 8, 11, 18, 0, 0, 0, 0, 8, 2, 2, 0, 0, 0, 10, 0, 0.6666666666666666, 0, 0], [0, 0, 0, 0.022743165493011475, 0, 0, 8, 13, 20, 0, 0, 0, 0, 11, 1, 1, 0, 0, 0, 12, 0, 0.07692307692307693, 0, 0], [0, 0, 0, 0.037608057260513306, 0, 0, 8, 13, 20, 0, 0, 0, 0, 11, 1, 1, 0, 0, 0, 12, 0, 0.2857142857142857, 0, 0], [0, 0, 0, 0.1440475583076477, 0, 0, 8, 13, 20, 0, 0, 0, 0, 9, 2, 3, 0, 0, 0, 12, 0, 0.5, 0, 0], [1, 0, 1, 0.00026547908782958984, 0, 1, 8, 8, 15, 1, 0, 1, 1, 2, 4, 5, 0, 0, 0, 7, 0, 0.5, 0, 0], [0, 0, 0, 0.08097624778747559, 0, 0, 8, 8, 15, 0, 0, 0, 0, 4, 2, 3, 0, 0, 0, 7, 0, 0.5, 0, 0], [0, 0, 0, 0.011333942413330078, 0, 0, 8, 5, 12, 0, 0, 0, 0, 2, 2, 4, 0, 0, 0, 4, 0, 0.6666666666666666, 0, 0], [1, 0, 1, 0.0071160197257995605, 1, 0, 8, 13, 20, 1, 0, 1, 1, 5, 7, 5, 0, 0, 0, 12, 1, 0.8333333333333334, 0, 0], [0, 0, 0, 0.06704694032669067, 0, 0, 8, 4, 11, 0, 0, 0, 0, 2, 1, 4, 0, 0, 0, 3, 0, 0.5, 0, 0], [0, 0, 0, 0.16923671960830688, 0, 0, 8, 13, 20, 0, 0, 0, 0, 10, 2, 2, 0, 0, 0, 12, 0, 0.3333333333333333, 0, 0], [0, 0, 0, 0.0012325644493103027, 0, 0, 8, 13, 20, 0, 0, 0, 0, 9, 2, 2, 0, 0, 0, 12, 0, 0.6666666666666666, 0, 0], [0, 0, 0, 0.005091071128845215, 0, 0, 8, 13, 20, 0, 0, 0, 0, 10, 2, 2, 0, 0, 0, 12, 0, 0.5, 0, 0], [0, 0, 0, 0.06197008490562439, 0, 0, 8, 3, 10, 0, 0, 0, 0, 1, 1, 1, 0, 0, 0, 2, 0, 0.2727272727272727, 0, 0], [0, 0, 0, 0.07639122009277344, 0, 0, 8, 3, 10, 0, 0, 0, 0, 1, 1, 3, 0, 0, 0, 2, 0, 0.6666666666666666, 0, 0], [0, 0, 0, 0.034297168254852295, 0, 0, 8, 4, 11, 0, 0, 0, 0, 2, 1, 3, 0, 0, 0, 3, 0, 0.5, 0, 0], [1, 0, 0, 0.08932232856750488, 0, 0, 8, 10, 17, 1, 0, 0, 0, 6, 2, 4, 0, 0, 0, 9, 0, 0.6666666666666666, 0, 0], [0, 0, 0, 0.027605056762695312, 0, 0, 8, 13, 20, 0, 0, 0, 0, 9, 2, 2, 0, 0, 0, 12, 0, 0.3333333333333333, 0, 0], [1, 0, 0, 0.012185215950012207, 0, 0, 8, 3, 10, 1, 0, 0, 0, 1, 1, 4, 0, 0, 0, 2, 0, 0.5, 0, 0], [0, 0, 0, 0.06353583931922913, 0, 0, 8, 12, 19, 0, 0, 0, 0, 10, 1, 4, 0, 0, 0, 11, 0, 0.5, 0, 0], [0, 0, 0, 0.12206661701202393, 0, 0, 8, 3, 10, 0, 0, 0, 0, 1, 1, 6, 0, 0, 0, 2, 0, 0.75, 0, 0], [0, 0, 0, 0.36246341466903687, 0, 0, 8, 3, 10, 0, 0, 0, 0, 1, 1, 3, 0, 0, 0, 2, 0, 0.5, 0, 0], [1, 0, 1, 0.02881145477294922, 1, 0, 8, 13, 20, 1, 0, 1, 1, 10, 2, 1, 0, 0, 0, 12, 1, 0.2222222222222222, 0, 0], [0, 0, 0, 0.0, 0, 0, 8, 3, 10, 0, 0, 0, 0, 1, 1, 4, 0, 0, 0, 2, 0, 0.5, 0, 0], [0, 0, 0, 0.0026286840438842773, 0, 0, 8, 13, 20, 0, 0, 0, 0, 10, 2, 1, 0, 0, 0, 12, 0, 0.18518518518518517, 0, 0], [0, 0, 0, 0.09092557430267334, 0, 0, 8, 13, 20, 0, 0, 0, 0, 10, 2, 5, 0, 0, 0, 12, 0, 0.5, 0, 0], [0, 0, 0, 0.010481297969818115, 0, 0, 8, 13, 20, 0, 0, 0, 0, 11, 1, 1, 0, 0, 0, 12, 0, 0.05, 0, 0], [0, 0, 0, 0.0084572434425354, 0, 0, 8, 3, 10, 0, 0, 0, 0, 1, 1, 5, 0, 0, 0, 2, 0, 0.6666666666666666, 0, 0], [0, 0, 1, 0.011296570301055908, 0, 0, 8, 11, 18, 0, 0, 1, 0, 7, 2, 2, 0, 0, 0, 10, 0, 0.5, 0, 0], [1, 0, 0, 0.01252204179763794, 0, 0, 8, 4, 11, 1, 0, 1, 0, 2, 1, 6, 0, 0, 0, 3, 0, 0.75, 0, 0], [0, 0, 0, 0.16551023721694946, 0, 0, 8, 6, 13, 0, 0, 0, 0, 4, 1, 4, 0, 0, 0, 5, 0, 0.75, 0, 0], [0, 0, 0, 0.03603935241699219, 0, 0, 8, 3, 10, 0, 0, 0, 0, 1, 1, 6, 0, 0, 0, 2, 0, 0.6666666666666666, 0, 0], [0, 0, 0, 0.09817525744438171, 0, 0, 8, 5, 12, 0, 0, 0, 0, 3, 1, 3, 0, 0, 0, 4, 0, 0.5, 0, 0], [0, 0, 0, 0.12468087673187256, 0, 0, 8, 6, 13, 0, 0, 0, 0, 4, 1, 5, 0, 0, 0, 5, 0, 0.875, 0, 0], [0, 0, 0, 0.06518495082855225, 0, 0, 8, 11, 18, 0, 0, 0, 0, 3, 7, 6, 0, 0, 0, 10, 0, 0.5, 0, 0], [0, 0, 0, 0.02753978967666626, 0, 0, 8, 4, 11, 0, 0, 0, 0, 1, 2, 4, 0, 0, 0, 3, 0, 0.8888888888888888, 0, 0], [0, 0, 0, 0.04322725534439087, 0, 0, 8, 5, 12, 0, 0, 0, 0, 3, 1, 5, 0, 0, 0, 4, 0, 0.6666666666666666, 0, 0], [1, 0, 0, 0.06668367981910706, 0, 0, 8, 5, 12, 1, 0, 1, 0, 3, 1, 3, 0, 0, 0, 4, 0, 0.5, 0, 0], [0, 0, 0, 0.047661662101745605, 0, 0, 4, 5, 8, 0, 0, 0, 0, 1, 3, 3, 0, 0, 0, 4, 0, 0.6666666666666666, 0, 0], [0, 0, 0, 0.08254760503768921, 0, 0, 8, 8, 15, 0, 0, 0, 0, 6, 1, 2, 0, 0, 0, 7, 0, 0.5, 0, 0], [0, 0, 0, 0.17275506258010864, 0, 0, 4, 3, 6, 0, 0, 0, 0, 1, 1, 3, 0, 0, 0, 2, 0, 0.6666666666666666, 0, 0], [1, 0, 1, 0.002793729305267334, 1, 0, 8, 6, 13, 1, 0, 1, 1, 2, 3, 3, 0, 0, 0, 5, 1, 0.8333333333333334, 0, 0], [0, 0, 0, 0.00018203258514404297, 0, 0, 8, 4, 11, 0, 0, 0, 0, 2, 1, 2, 0, 0, 0, 3, 0, 0.625, 0, 0], [0, 0, 0, 0.001335442066192627, 0, 0, 8, 3, 10, 0, 0, 0, 0, 1, 1, 4, 0, 0, 0, 2, 0, 0.6, 0, 0], [0, 0, 0, 0.0035033226013183594, 0, 0, 8, 3, 10, 0, 0, 0, 0, 1, 1, 6, 0, 0, 0, 2, 0, 0.6666666666666666, 0, 0], [0, 0, 0, 0.15930187702178955, 0, 0, 8, 12, 19, 0, 0, 0, 0, 7, 4, 3, 0, 0, 0, 11, 0, 0.6666666666666666, 0, 0], [0, 0, 0, 0.13409066200256348, 0, 0, 8, 5, 12, 0, 0, 0, 0, 3, 1, 4, 0, 0, 0, 4, 0, 0.5, 0, 0], [0, 0, 0, 0.007165193557739258, 0, 0, 5, 5, 9, 0, 0, 0, 0, 2, 2, 3, 0, 0, 0, 4, 0, 0.6666666666666666, 0, 0], [1, 0, 1, 0.01251310110092163, 0, 0, 8, 4, 11, 1, 0, 1, 1, 2, 1, 3, 0, 0, 0, 3, 0, 0.5, 0, 0], [1, 0, 1, 0.23041391372680664, 0, 0, 8, 13, 20, 1, 0, 1, 1, 2, 9, 6, 0, 0, 0, 12, 0, 0.6666666666666666, 0, 0], [1, 0, 0, 0.01918351650238037, 1, 0, 6, 4, 9, 1, 0, 1, 0, 2, 1, 4, 0, 0, 0, 3, 1, 0.75, 0, 0], [0, 0, 0, 0.09388107061386108, 0, 0, 8, 10, 17, 0, 0, 0, 0, 6, 3, 6, 0, 0, 0, 9, 0, 0.5, 0, 0], [1, 0, 1, 0.04808562994003296, 1, 0, 8, 5, 12, 1, 0, 1, 1, 2, 2, 6, 0, 0, 0, 4, 1, 0.6666666666666666, 0, 0], [0, 0, 0, 0.13281750679016113, 0, 0, 8, 10, 17, 0, 0, 0, 0, 5, 3, 5, 0, 0, 0, 9, 0, 0.6666666666666666, 0, 0], [1, 0, 1, 0.07181340456008911, 0, 0, 8, 11, 18, 1, 0, 1, 1, 4, 6, 6, 0, 0, 0, 10, 0, 0.5, 0, 0], [1, 0, 1, 0.005510091781616211, 0, 0, 8, 8, 15, 1, 0, 1, 1, 4, 3, 4, 0, 0, 0, 7, 0, 0.5, 0, 0], [1, 0, 0, 0.009231090545654297, 0, 0, 8, 13, 20, 1, 0, 1, 1, 9, 2, 1, 0, 0, 0, 12, 1, 0.6, 0, 0], [0, 0, 0, 0.2074483036994934, 0, 0, 8, 5, 12, 0, 0, 0, 0, 2, 2, 4, 0, 0, 0, 4, 0, 0.5, 0, 0], [1, 0, 1, 0.0, 0, 0, 4, 7, 10, 1, 0, 1, 1, 2, 3, 3, 0, 0, 0, 6, 1, 0.75, 0, 0], [1, 0, 0, 0.0, 0, 0, 8, 4, 11, 1, 0, 0, 0, 1, 2, 5, 0, 0, 0, 3, 0, 0.5, 0, 0], [0, 0, 0, 0.004006922245025635, 0, 0, 8, 13, 20, 0, 0, 0, 0, 7, 3, 2, 0, 0, 0, 12, 0, 0.6666666666666666, 0, 0], [0, 0, 0, 0.03359079360961914, 0, 0, 8, 3, 10, 0, 0, 0, 0, 1, 1, 5, 0, 0, 0, 2, 0, 0.5, 0, 0], [0, 0, 0, 0.008301019668579102, 0, 0, 8, 6, 13, 0, 0, 0, 0, 3, 2, 4, 0, 0, 0, 5, 0, 0.5, 0, 0], [1, 0, 1, 0.23041391372680664, 0, 0, 8, 13, 20, 1, 0, 1, 1, 2, 10, 6, 0, 0, 0, 12, 0, 0.6666666666666666, 0, 0], [1, 0, 1, 0.0, 1, 0, 8, 4, 11, 1, 0, 1, 0, 2, 1, 5, 0, 0, 0, 3, 1, 0.5, 0, 0], [0, 0, 0, 0.13522008061408997, 0, 0, 8, 13, 20, 0, 0, 0, 0, 11, 1, 3, 0, 0, 0, 12, 0, 0.5, 0, 0], [0, 0, 0, 3.8743019104003906e-05, 0, 0, 6, 5, 10, 0, 0, 0, 0, 3, 1, 5, 0, 0, 0, 4, 0, 0.6666666666666666, 0, 0], [0, 0, 0, 0.03671449422836304, 0, 0, 8, 4, 11, 0, 0, 0, 0, 2, 1, 5, 0, 0, 0, 3, 0, 0.5, 0, 0], [0, 0, 0, 0.02805382013320923, 0, 0, 8, 7, 14, 0, 0, 1, 0, 5, 1, 2, 0, 0, 0, 6, 0, 0.75, 0, 0], [1, 0, 1, 0.056100666522979736, 1, 0, 8, 5, 12, 1, 0, 1, 1, 2, 2, 3, 0, 0, 0, 4, 1, 0.7727272727272727, 0, 0], [0, 0, 0, 0.09080162644386292, 0, 0, 8, 5, 12, 0, 0, 0, 0, 3, 1, 4, 0, 0, 0, 4, 0, 0.5, 0, 0], [1, 0, 0, 0.07464581727981567, 0, 0, 8, 3, 10, 1, 0, 0, 0, 1, 1, 1, 0, 0, 0, 2, 0, 0.5, 0, 0], [0, 0, 0, 0.0018184781074523926, 0, 0, 8, 4, 11, 0, 0, 0, 0, 2, 1, 5, 0, 0, 0, 3, 0, 0.5, 0, 0], [0, 0, 0, 0.036049872636795044, 0, 0, 8, 13, 20, 0, 0, 0, 0, 11, 1, 1, 0, 0, 0, 12, 0, 0.2857142857142857, 0, 0], [0, 0, 0, 0.04328972101211548, 0, 0, 8, 13, 20, 0, 0, 0, 0, 11, 1, 3, 0, 0, 0, 12, 0, 0.3333333333333333, 0, 0], [0, 0, 0, 0.008355170488357544, 0, 0, 8, 8, 15, 0, 0, 0, 0, 6, 1, 3, 0, 0, 0, 7, 0, 0.5, 0, 0], [0, 0, 0, 0.09862655401229858, 0, 0, 8, 3, 10, 0, 0, 0, 0, 1, 1, 4, 0, 0, 0, 2, 0, 0.6666666666666666, 0, 0], [0, 0, 0, 0.03510242700576782, 0, 0, 8, 13, 20, 0, 0, 0, 0, 9, 3, 1, 0, 0, 0, 12, 0, 0.2222222222222222, 0, 0], [0, 0, 0, 0.0062697529792785645, 0, 0, 8, 6, 13, 0, 0, 0, 0, 1, 4, 4, 0, 0, 0, 5, 0, 0.8333333333333334, 0, 0], [0, 0, 0, 0.28122177720069885, 0, 0, 8, 3, 10, 0, 0, 0, 0, 1, 1, 4, 0, 0, 0, 2, 0, 0.5, 0, 0], [0, 0, 1, 0.022166132926940918, 0, 0, 8, 13, 20, 0, 0, 1, 1, 10, 2, 2, 0, 0, 0, 12, 0, 0.5, 0, 0], [0, 0, 0, 0.1480787992477417, 0, 0, 8, 3, 10, 0, 0, 0, 0, 1, 1, 4, 0, 0, 0, 2, 0, 0.5, 0, 0], [0, 0, 0, 0.06590956449508667, 0, 0, 7, 3, 9, 0, 0, 0, 0, 1, 1, 5, 0, 0, 0, 2, 0, 0.8, 0, 0], [0, 0, 0, 0.018061935901641846, 0, 0, 8, 3, 10, 0, 0, 0, 0, 1, 1, 6, 0, 0, 0, 2, 0, 0.6666666666666666, 0, 0], [1, 0, 0, 0.07519018650054932, 0, 0, 8, 4, 11, 1, 0, 0, 0, 1, 2, 3, 0, 0, 0, 3, 0, 0.6666666666666666, 0, 0], [0, 0, 0, 0.031391918659210205, 0, 0, 8, 5, 12, 0, 0, 0, 0, 3, 1, 5, 0, 0, 0, 4, 0, 0.6666666666666666, 0, 0], [0, 0, 0, 0.03626382350921631, 0, 0, 8, 3, 10, 0, 0, 0, 0, 1, 1, 1, 0, 0, 0, 2, 0, 0.5, 0, 0], [1, 0, 1, 0.23041391372680664, 0, 0, 8, 13, 20, 1, 0, 1, 1, 2, 8, 6, 0, 0, 0, 12, 0, 0.6666666666666666, 0, 0], [1, 0, 0, 0.0, 0, 0, 8, 3, 10, 1, 0, 0, 0, 1, 1, 4, 0, 0, 0, 2, 0, 0.75, 0, 0], [0, 0, 0, 0.02269059419631958, 0, 0, 8, 3, 10, 0, 0, 0, 0, 1, 1, 6, 0, 0, 0, 2, 0, 0.5, 0, 0], [0, 0, 0, 0.0713391900062561, 0, 0, 8, 3, 10, 0, 0, 0, 0, 1, 1, 2, 0, 0, 0, 2, 0, 0.5, 0, 0], [1, 0, 1, 0.23041391372680664, 0, 0, 8, 13, 20, 1, 0, 1, 1, 2, 10, 6, 0, 0, 0, 12, 0, 0.6666666666666666, 0, 0], [0, 0, 0, 0.1927652359008789, 0, 0, 8, 3, 10, 0, 0, 0, 0, 1, 1, 4, 0, 0, 0, 2, 0, 0.5, 0, 0], [1, 0, 0, 0.1099194884300232, 0, 0, 8, 4, 11, 1, 0, 1, 0, 2, 1, 6, 0, 0, 0, 3, 0, 0.5, 0, 0], [0, 0, 0, 0.06699252128601074, 0, 0, 8, 9, 16, 0, 0, 0, 0, 7, 1, 3, 0, 0, 0, 8, 0, 0.5, 0, 0], [0, 0, 0, 0.17661362886428833, 0, 0, 8, 3, 10, 0, 0, 0, 0, 1, 1, 3, 0, 0, 0, 2, 0, 0.6666666666666666, 0, 0], [1, 0, 0, 0.11155533790588379, 0, 0, 8, 6, 13, 1, 0, 1, 0, 2, 3, 4, 0, 0, 0, 5, 0, 0.6, 0, 0], [1, 0, 0, 0.013951778411865234, 0, 0, 5, 4, 8, 1, 0, 0, 0, 2, 1, 4, 0, 0, 0, 3, 0, 0.6666666666666666, 0, 0], [1, 0, 0, 0.017894744873046875, 0, 0, 8, 13, 20, 1, 0, 0, 0, 7, 2, 1, 0, 0, 0, 12, 0, 0.5, 0, 0], [1, 0, 1, 0.09771507978439331, 1, 0, 8, 5, 12, 1, 0, 1, 0, 3, 1, 4, 0, 0, 0, 4, 1, 0.5, 0, 0], [0, 0, 0, 0.0065344274044036865, 0, 0, 8, 13, 20, 0, 0, 0, 0, 10, 2, 1, 0, 0, 0, 12, 0, 0.07692307692307693, 0, 0], [1, 0, 1, 0.014897167682647705, 1, 1, 8, 3, 10, 1, 0, 0, 0, 1, 1, 5, 0, 0, 0, 2, 1, 0.5, 0, 0], [0, 0, 0, 0.1378135085105896, 0, 0, 8, 3, 10, 0, 0, 0, 0, 1, 1, 3, 0, 0, 0, 2, 0, 0.5, 0, 0], [1, 0, 1, 0.012499451637268066, 1, 0, 8, 13, 20, 1, 0, 1, 1, 6, 3, 2, 0, 0, 0, 12, 1, 0.5714285714285714, 0, 0], [1, 0, 0, 0.006636172533035278, 0, 0, 8, 3, 10, 1, 0, 0, 0, 1, 1, 4, 0, 0, 0, 2, 1, 0.6666666666666666, 0, 0], [0, 0, 0, 0.012167692184448242, 0, 0, 8, 3, 10, 0, 0, 0, 0, 1, 1, 4, 0, 0, 0, 2, 0, 0.6666666666666666, 0, 0], [0, 0, 0, 0.024072110652923584, 0, 0, 8, 4, 11, 0, 0, 0, 0, 2, 1, 5, 0, 0, 0, 3, 0, 0.5, 0, 0], [0, 0, 0, 0.1294596791267395, 0, 0, 8, 10, 17, 0, 0, 0, 0, 7, 2, 4, 0, 0, 0, 9, 0, 0.6666666666666666, 0, 0], [0, 0, 0, 0.007590770721435547, 0, 0, 8, 3, 10, 0, 0, 0, 0, 1, 1, 3, 0, 0, 0, 2, 0, 0.5, 0, 0], [0, 0, 0, 0.17358863353729248, 0, 0, 8, 4, 11, 0, 0, 0, 0, 2, 1, 3, 0, 0, 0, 3, 0, 0.6666666666666666, 0, 0], [0, 0, 0, 0.016007661819458008, 0, 0, 8, 4, 11, 0, 0, 0, 0, 2, 1, 4, 0, 0, 0, 3, 0, 0.5, 0, 0], [0, 0, 0, 3.319978713989258e-05, 0, 0, 8, 13, 20, 0, 0, 0, 0, 3, 9, 3, 0, 0, 0, 12, 0, 0.75, 0, 0], [0, 0, 0, 0.035997092723846436, 0, 0, 8, 3, 10, 0, 0, 0, 0, 1, 1, 4, 0, 0, 0, 2, 0, 0.5, 0, 0], [0, 0, 0, 0.038364291191101074, 0, 0, 8, 11, 18, 0, 0, 0, 0, 9, 1, 4, 0, 0, 0, 10, 0, 0.5714285714285714, 0, 0], [0, 0, 0, 0.002821683883666992, 0, 0, 8, 9, 16, 0, 0, 0, 0, 6, 2, 1, 0, 0, 0, 8, 0, 0.7777777777777778, 0, 0], [1, 0, 0, 0.0, 0, 0, 7, 3, 9, 1, 0, 0, 0, 1, 1, 6, 0, 0, 0, 2, 0, 0.5, 0, 0], [1, 0, 1, 0.058990299701690674, 0, 0, 8, 11, 18, 1, 0, 1, 1, 5, 3, 5, 0, 0, 0, 10, 1, 0.6666666666666666, 0, 0], [0, 0, 0, 0.030232280492782593, 0, 0, 8, 13, 20, 0, 0, 0, 0, 11, 1, 1, 0, 0, 0, 12, 0, 0.5, 0, 0], [1, 0, 0, 0.24099445343017578, 0, 0, 8, 3, 10, 1, 0, 0, 0, 1, 1, 6, 0, 0, 0, 2, 0, 0.8333333333333334, 0, 0], [1, 0, 0, 0.01748347282409668, 0, 0, 5, 3, 7, 1, 0, 0, 0, 1, 1, 1, 0, 0, 0, 2, 0, 0.6666666666666666, 0, 0], [0, 0, 0, 0.0017451941967010498, 0, 0, 8, 11, 18, 0, 0, 0, 0, 9, 1, 5, 0, 0, 0, 10, 0, 0.6, 0, 0], [0, 0, 0, 0.1272699534893036, 0, 0, 8, 13, 20, 0, 0, 0, 0, 10, 2, 4, 0, 0, 0, 12, 0, 0.5, 0, 0], [1, 0, 0, 0.024904906749725342, 0, 0, 8, 7, 14, 1, 0, 1, 0, 3, 2, 5, 0, 0, 0, 6, 0, 0.75, 0, 0], [0, 0, 0, 0.13689148426055908, 0, 0, 8, 3, 10, 0, 0, 0, 0, 1, 1, 5, 0, 0, 0, 2, 0, 0.625, 0, 0], [1, 0, 0, 0.011240661144256592, 0, 0, 8, 3, 10, 1, 0, 0, 0, 1, 1, 5, 0, 0, 0, 2, 0, 0.6666666666666666, 0, 0], [0, 0, 0, 0.053151071071624756, 0, 0, 8, 13, 20, 0, 0, 0, 0, 11, 1, 1, 0, 0, 0, 12, 0, 0.5, 0, 0], [1, 0, 0, 0.01690143346786499, 0, 0, 8, 7, 14, 1, 0, 1, 0, 4, 2, 2, 0, 0, 0, 6, 0, 0.6, 0, 0], [0, 0, 0, 0.0014709830284118652, 0, 0, 8, 11, 18, 0, 0, 0, 0, 7, 3, 1, 0, 0, 0, 10, 0, 0.5714285714285714, 0, 0], [0, 0, 0, 0.1278519630432129, 0, 0, 8, 3, 10, 0, 0, 0, 0, 1, 1, 5, 0, 0, 0, 2, 0, 0.5, 0, 0], [1, 0, 0, 0.011240780353546143, 0, 0, 8, 3, 10, 1, 0, 0, 0, 1, 1, 5, 0, 0, 0, 2, 0, 0.6666666666666666, 0, 0], [0, 0, 0, 0.0038699209690093994, 0, 0, 8, 11, 18, 0, 0, 0, 0, 8, 2, 3, 0, 0, 0, 10, 0, 0.5, 0, 0], [0, 0, 0, 0.16355013847351074, 0, 0, 8, 3, 10, 0, 0, 0, 0, 1, 1, 5, 0, 0, 0, 2, 0, 0.5, 0, 0], [0, 0, 0, 0.06435030698776245, 0, 0, 8, 6, 13, 0, 0, 0, 0, 3, 2, 3, 0, 0, 0, 5, 0, 0.5, 0, 0], [1, 0, 1, 0.23041391372680664, 0, 0, 8, 13, 20, 1, 0, 1, 1, 1, 11, 6, 0, 0, 0, 12, 0, 0.6666666666666666, 0, 0], [0, 0, 0, 0.08619904518127441, 0, 0, 8, 13, 20, 0, 0, 1, 0, 10, 2, 5, 0, 0, 0, 12, 0, 0.5, 0, 0], [1, 0, 1, 0.006010770797729492, 1, 0, 8, 13, 20, 1, 0, 1, 1, 2, 9, 5, 0, 0, 0, 12, 1, 0.8333333333333334, 0, 0], [0, 0, 0, 0.018202662467956543, 0, 0, 8, 11, 18, 0, 0, 0, 0, 8, 2, 3, 0, 0, 0, 10, 0, 0.5, 0, 0], [0, 0, 0, 0.013672351837158203, 0, 0, 8, 13, 20, 0, 0, 0, 0, 11, 1, 4, 0, 0, 0, 12, 0, 0.5, 0, 0], [0, 0, 0, 0.008233040571212769, 0, 0, 8, 13, 20, 0, 0, 0, 0, 11, 1, 2, 0, 0, 0, 12, 0, 0.5, 0, 0], [1, 0, 0, 0.05003097653388977, 0, 0, 8, 13, 20, 1, 0, 0, 0, 10, 2, 4, 0, 0, 0, 12, 0, 0.6666666666666666, 0, 0], [0, 0, 0, 0.058150410652160645, 0, 0, 8, 3, 10, 0, 0, 0, 0, 1, 1, 5, 0, 0, 0, 2, 0, 0.6666666666666666, 0, 0], [1, 0, 0, 0.09283280372619629, 0, 0, 8, 7, 14, 1, 0, 0, 0, 5, 1, 5, 0, 0, 0, 6, 0, 0.875, 0, 0], [1, 0, 1, 0.00026547908782958984, 0, 1, 8, 8, 15, 1, 0, 1, 1, 2, 4, 5, 0, 0, 0, 7, 0, 0.5, 0, 0], [1, 0, 0, 0.009956717491149902, 0, 0, 8, 4, 11, 1, 0, 0, 0, 2, 1, 5, 0, 0, 0, 3, 0, 0.5, 0, 0], [0, 0, 0, 0.01538395881652832, 0, 0, 7, 12, 18, 0, 0, 0, 0, 9, 2, 4, 0, 0, 0, 11, 0, 0.75, 0, 0], [1, 0, 0, 0.023493409156799316, 0, 0, 8, 4, 11, 1, 0, 0, 0, 2, 1, 2, 0, 0, 0, 3, 1, 0.5, 0, 0], [0, 0, 0, 0.14603984355926514, 0, 0, 8, 13, 20, 0, 0, 0, 0, 9, 2, 2, 0, 0, 0, 12, 0, 0.3333333333333333, 0, 0], [0, 0, 0, 0.0842542052268982, 0, 0, 8, 4, 11, 0, 0, 0, 0, 2, 1, 5, 0, 0, 0, 3, 0, 0.625, 0, 0], [0, 0, 0, 0.1651153564453125, 0, 0, 8, 4, 11, 0, 0, 0, 0, 1, 2, 4, 0, 0, 0, 3, 0, 0.5, 0, 0], [0, 0, 0, 0.05151182413101196, 0, 0, 8, 4, 11, 0, 0, 0, 0, 2, 1, 2, 0, 0, 0, 3, 0, 0.6666666666666666, 0, 0], [0, 0, 0, 0.08547496795654297, 0, 0, 8, 5, 12, 0, 0, 0, 0, 3, 1, 4, 0, 0, 0, 4, 0, 0.5, 0, 0], [0, 0, 0, 0.09012103080749512, 0, 0, 8, 13, 20, 0, 0, 0, 0, 9, 2, 5, 0, 0, 0, 12, 0, 0.5, 0, 0], [0, 0, 0, 0.03483319282531738, 0, 0, 8, 3, 10, 0, 0, 0, 0, 1, 1, 4, 0, 0, 0, 2, 0, 0.5, 0, 0], [1, 0, 1, 0.23041391372680664, 0, 0, 8, 13, 20, 1, 0, 1, 1, 1, 11, 6, 0, 0, 0, 12, 0, 0.6666666666666666, 0, 0], [0, 0, 0, 0.009098708629608154, 0, 0, 8, 6, 13, 0, 0, 0, 0, 4, 1, 5, 0, 0, 0, 5, 0, 0.5, 0, 0], [0, 0, 0, 5.960464477539063e-08, 0, 0, 8, 4, 11, 0, 0, 0, 0, 1, 2, 5, 0, 0, 0, 3, 0, 0.8333333333333334, 0, 0], [0, 0, 0, 0.01749122142791748, 0, 0, 8, 13, 20, 0, 0, 0, 0, 10, 2, 2, 0, 0, 0, 12, 0, 0.5, 0, 0], [0, 0, 0, 0.2096397876739502, 0, 0, 8, 6, 13, 0, 0, 0, 0, 4, 1, 4, 0, 0, 0, 5, 0, 0.5, 0, 0], [1, 0, 0, 0.007568299770355225, 1, 0, 8, 13, 20, 1, 1, 1, 1, 9, 3, 3, 0, 0, 0, 12, 1, 0.8333333333333334, 0, 0], [0, 0, 0, 0.009162336587905884, 0, 0, 8, 7, 14, 0, 0, 0, 0, 5, 1, 5, 0, 0, 0, 6, 0, 0.875, 0, 0], [1, 0, 0, 0.03366267681121826, 0, 0, 8, 4, 11, 1, 0, 0, 0, 2, 1, 5, 0, 0, 0, 3, 0, 0.6666666666666666, 0, 0], [0, 0, 1, 0.011224478483200073, 0, 0, 8, 6, 13, 0, 0, 1, 1, 3, 2, 2, 0, 0, 0, 5, 0, 0.16666666666666666, 0, 0], [0, 0, 0, 0.0908963680267334, 0, 1, 2, 12, 13, 0, 0, 0, 0, 4, 6, 1, 0, 0, 0, 11, 0, 0.6666666666666666, 0, 0], [1, 0, 0, 0.07710981369018555, 0, 0, 8, 7, 14, 1, 0, 1, 0, 5, 1, 3, 0, 0, 0, 6, 0, 0.6666666666666666, 0, 0], [0, 0, 0, 0.10863655805587769, 0, 0, 8, 4, 11, 0, 0, 0, 0, 2, 1, 4, 0, 0, 0, 3, 0, 0.5, 0, 0], [1, 0, 1, 0.04735827445983887, 0, 0, 3, 12, 14, 1, 0, 1, 0, 5, 3, 1, 0, 0, 0, 11, 0, 0.6666666666666666, 0, 0], [1, 0, 1, 0.0016559362411499023, 0, 0, 4, 5, 8, 1, 0, 1, 0, 3, 1, 3, 0, 0, 0, 4, 0, 0.5, 0, 0], [0, 0, 0, 0.09378582239151001, 0, 0, 8, 7, 14, 0, 0, 0, 0, 5, 1, 4, 0, 0, 0, 6, 0, 0.7777777777777778, 0, 0], [1, 0, 1, 0.06878364086151123, 1, 0, 8, 8, 15, 1, 0, 1, 1, 4, 2, 5, 0, 0, 0, 7, 1, 0.5, 0, 0], [0, 0, 0, 0.014027893543243408, 0, 0, 8, 7, 14, 0, 0, 0, 0, 4, 2, 4, 0, 0, 0, 6, 0, 0.6666666666666666, 0, 0], [1, 0, 1, 0.27311646938323975, 0, 0, 8, 8, 15, 1, 0, 1, 0, 2, 3, 7, 0, 0, 0, 7, 0, 0.875, 0, 0], [0, 0, 0, 0.06169939041137695, 0, 0, 8, 9, 16, 0, 0, 0, 0, 5, 3, 5, 0, 0, 0, 8, 0, 0.5, 0, 0], [1, 0, 1, 0.013651013374328613, 1, 0, 8, 7, 14, 1, 0, 1, 1, 4, 2, 3, 0, 0, 0, 6, 1, 0.8333333333333334, 0, 0], [1, 0, 1, 0.026234209537506104, 0, 0, 8, 4, 11, 1, 0, 1, 0, 2, 1, 4, 0, 0, 0, 3, 0, 0.5, 0, 0], [0, 0, 0, 0.42307937145233154, 0, 0, 8, 3, 10, 0, 0, 0, 0, 1, 1, 4, 0, 0, 0, 2, 0, 0.5, 0, 0], [1, 0, 1, 0.0, 0, 0, 8, 4, 11, 1, 0, 1, 1, 2, 1, 6, 0, 0, 0, 3, 0, 0.6666666666666666, 0, 0], [1, 0, 1, 0.13695073127746582, 1, 0, 8, 13, 20, 1, 0, 1, 1, 4, 6, 6, 0, 0, 0, 12, 1, 0.6666666666666666, 0, 0], [1, 0, 1, 0.10837548971176147, 1, 0, 8, 10, 17, 1, 0, 1, 1, 6, 2, 5, 0, 0, 0, 9, 1, 0.6666666666666666, 0, 0], [1, 0, 0, 0.04340845346450806, 1, 0, 8, 6, 13, 1, 0, 1, 0, 4, 1, 4, 0, 0, 0, 5, 0, 0.8333333333333334, 0, 0], [1, 0, 0, 0.0, 0, 0, 2, 8, 9, 1, 0, 1, 0, 3, 3, 1, 0, 0, 0, 7, 0, 0.6666666666666666, 0, 0], [1, 0, 1, 0.27226078510284424, 1, 0, 8, 5, 12, 1, 0, 1, 1, 2, 2, 4, 0, 0, 0, 4, 0, 0.6666666666666666, 0, 0], [0, 0, 0, 0.009879469871520996, 0, 0, 8, 13, 20, 0, 0, 0, 0, 8, 4, 3, 0, 0, 0, 12, 0, 0.5714285714285714, 0, 0], [0, 0, 0, 0.03603935241699219, 0, 0, 8, 3, 10, 0, 0, 0, 0, 1, 1, 6, 0, 0, 0, 2, 0, 0.6666666666666666, 0, 0], [1, 0, 0, 0.04455643892288208, 0, 0, 8, 3, 10, 1, 0, 0, 0, 1, 1, 3, 0, 0, 0, 2, 0, 0.5, 0, 0], [1, 0, 0, 0.0412440299987793, 1, 0, 8, 7, 14, 1, 0, 1, 0, 3, 3, 6, 0, 0, 0, 6, 1, 0.6666666666666666, 0, 0], [0, 0, 0, 0.07332256436347961, 0, 0, 8, 3, 10, 0, 0, 0, 0, 1, 1, 2, 0, 0, 0, 2, 0, 0.3333333333333333, 0, 0], [0, 0, 0, 0.009767264127731323, 0, 0, 8, 5, 12, 0, 0, 0, 0, 3, 1, 4, 0, 0, 0, 4, 0, 0.5, 0, 0], [0, 0, 0, 0.03813523054122925, 0, 0, 8, 4, 11, 0, 0, 0, 0, 2, 1, 5, 0, 0, 0, 3, 0, 0.8, 0, 0], [0, 0, 0, 0.14721667766571045, 0, 0, 8, 13, 20, 0, 0, 0, 0, 9, 3, 3, 0, 0, 0, 12, 0, 0.5, 0, 0], [0, 0, 0, 0.008192777633666992, 0, 0, 8, 3, 10, 0, 0, 0, 0, 1, 1, 5, 0, 0, 0, 2, 0, 0.75, 0, 0], [0, 0, 0, 0.024633347988128662, 0, 0, 8, 4, 11, 0, 0, 0, 0, 2, 1, 1, 0, 0, 0, 3, 0, 0.8333333333333334, 0, 0], [1, 0, 1, 0.05555534362792969, 0, 0, 8, 6, 13, 1, 0, 1, 0, 4, 1, 4, 0, 0, 0, 5, 0, 0.5, 0, 0], [0, 0, 0, 0.035525619983673096, 0, 0, 8, 6, 13, 0, 0, 0, 0, 4, 1, 1, 0, 0, 0, 5, 0, 0.6666666666666666, 0, 0], [0, 0, 0, 0.01922246813774109, 0, 0, 8, 4, 11, 0, 0, 0, 0, 2, 1, 3, 0, 0, 0, 3, 0, 0.3333333333333333, 0, 0], [0, 0, 0, 0.013217300176620483, 0, 0, 8, 7, 14, 0, 0, 0, 0, 5, 1, 5, 0, 0, 0, 6, 0, 0.6666666666666666, 0, 0], [0, 0, 0, 0.13776877522468567, 0, 0, 8, 4, 11, 0, 0, 1, 1, 2, 1, 5, 0, 0, 0, 3, 0, 0.5, 0, 0], [1, 0, 0, 0.06789857149124146, 0, 0, 8, 5, 12, 1, 0, 0, 0, 3, 1, 2, 0, 0, 0, 4, 0, 0.5, 0, 0], [1, 0, 1, 0.003021240234375, 1, 1, 8, 6, 13, 1, 0, 1, 1, 2, 3, 3, 0, 0, 0, 5, 1, 0.8333333333333334, 0, 0], [1, 0, 0, 0.009231090545654297, 0, 0, 8, 13, 20, 1, 1, 1, 1, 9, 2, 1, 0, 0, 0, 12, 1, 0.6, 0, 0], [0, 0, 0, 0.09954869747161865, 0, 0, 8, 4, 11, 0, 0, 0, 0, 2, 1, 2, 0, 0, 0, 3, 0, 0.3333333333333333, 0, 0], [0, 0, 0, 0.034722745418548584, 0, 0, 8, 4, 11, 0, 0, 0, 0, 1, 2, 5, 0, 0, 0, 3, 0, 0.5, 0, 0], [1, 0, 1, 0.2194133996963501, 0, 0, 8, 5, 12, 1, 0, 1, 0, 3, 1, 3, 0, 0, 0, 4, 0, 0.6666666666666666, 0, 0], [0, 0, 0, 0.010808885097503662, 0, 0, 8, 13, 20, 0, 0, 0, 0, 10, 2, 5, 0, 0, 0, 12, 0, 0.6666666666666666, 0, 0], [1, 0, 0, 0.0, 1, 0, 7, 4, 10, 1, 0, 1, 1, 2, 1, 5, 0, 0, 0, 3, 1, 0.8, 0, 0], [1, 0, 1, 0.0, 1, 0, 8, 7, 14, 1, 0, 1, 1, 3, 2, 2, 0, 0, 0, 6, 1, 0.5625, 0, 0], [0, 0, 0, 0.2845990061759949, 0, 0, 8, 3, 10, 0, 0, 0, 0, 1, 1, 4, 0, 0, 0, 2, 0, 0.7, 0, 0], [0, 0, 0, 0.030794501304626465, 0, 0, 8, 3, 10, 0, 0, 0, 0, 1, 1, 3, 0, 0, 0, 2, 0, 0.8333333333333334, 0, 0], [0, 0, 0, 0.017282158136367798, 0, 0, 8, 13, 20, 0, 0, 1, 0, 10, 2, 2, 0, 0, 0, 12, 0, 0.3333333333333333, 0, 0], [0, 0, 0, 0.012091517448425293, 0, 0, 8, 7, 14, 0, 0, 0, 0, 5, 1, 4, 0, 0, 0, 6, 0, 0.6666666666666666, 0, 0], [1, 0, 0, 0.032751619815826416, 1, 0, 8, 4, 11, 1, 0, 1, 1, 2, 1, 3, 0, 0, 0, 3, 1, 0.6666666666666666, 0, 0], [1, 0, 1, 0.0, 0, 0, 2, 4, 5, 1, 0, 1, 1, 2, 1, 1, 0, 0, 0, 3, 0, 0.6666666666666666, 0, 0], [0, 0, 0, 0.06590956449508667, 0, 0, 7, 3, 9, 0, 0, 0, 0, 1, 1, 5, 0, 0, 0, 2, 0, 0.8, 0, 0], [0, 0, 0, 0.052963316440582275, 0, 0, 8, 7, 14, 0, 0, 0, 0, 5, 1, 5, 0, 0, 0, 6, 0, 0.6666666666666666, 0, 0], [0, 0, 1, 0.04995691776275635, 0, 0, 8, 4, 11, 0, 0, 1, 1, 2, 1, 4, 0, 0, 0, 3, 0, 0.5, 0, 0], [0, 0, 0, 0.09540557861328125, 0, 0, 8, 13, 20, 0, 0, 0, 0, 9, 2, 5, 0, 0, 0, 12, 0, 0.5, 0, 0], [0, 0, 0, 0.01525774598121643, 0, 0, 8, 3, 10, 0, 0, 0, 0, 1, 1, 2, 0, 0, 0, 2, 0, 0.5, 0, 0], [0, 0, 0, 0.1525195837020874, 0, 0, 8, 3, 10, 0, 0, 0, 0, 1, 1, 4, 0, 0, 0, 2, 0, 0.5, 0, 0], [0, 0, 0, 0.01600593328475952, 0, 0, 8, 3, 10, 0, 0, 0, 0, 1, 1, 5, 0, 0, 0, 2, 0, 0.5, 0, 0], [1, 0, 1, 0.03375375270843506, 1, 0, 7, 13, 19, 1, 0, 1, 1, 2, 10, 4, 0, 0, 0, 12, 1, 0.8333333333333334, 0, 0], [1, 0, 0, 0.22296768426895142, 0, 0, 8, 13, 20, 1, 0, 0, 0, 7, 3, 6, 0, 0, 0, 12, 0, 0.6666666666666666, 0, 0], [0, 0, 0, 0.12372833490371704, 0, 0, 8, 3, 10, 0, 0, 0, 0, 1, 1, 4, 0, 0, 0, 2, 0, 0.5, 0, 0], [0, 0, 0, 0.0759899914264679, 0, 0, 8, 3, 10, 0, 0, 0, 0, 1, 1, 2, 0, 0, 0, 2, 0, 0.5, 0, 0], [1, 0, 0, 0.16890645027160645, 1, 1, 8, 6, 13, 1, 0, 1, 0, 2, 2, 4, 0, 0, 0, 5, 1, 0.6, 0, 0], [1, 0, 0, 0.0, 0, 0, 4, 4, 7, 1, 0, 1, 0, 2, 1, 3, 0, 0, 0, 3, 0, 0.6666666666666666, 0, 0], [0, 0, 0, 0.04726296663284302, 0, 0, 8, 4, 11, 0, 0, 0, 0, 2, 1, 4, 0, 0, 0, 3, 0, 0.6666666666666666, 0, 0], [1, 0, 0, 0.11444032192230225, 0, 0, 8, 12, 19, 1, 0, 0, 0, 8, 3, 1, 0, 0, 0, 11, 0, 0.5, 0, 0], [0, 0, 0, 0.0155792236328125, 0, 0, 8, 13, 20, 0, 0, 0, 0, 10, 2, 1, 0, 0, 0, 12, 0, 0.5, 0, 0], [0, 0, 0, 0.05133700370788574, 0, 0, 8, 13, 20, 0, 0, 0, 0, 10, 2, 1, 0, 0, 0, 12, 0, 0.09090909090909091, 0, 0], [0, 0, 0, 0.012226760387420654, 0, 0, 8, 7, 14, 0, 0, 0, 0, 4, 2, 1, 0, 0, 0, 6, 0, 0.36363636363636365, 0, 0], [0, 0, 0, 0.08794757723808289, 0, 0, 8, 4, 11, 0, 0, 0, 0, 2, 1, 4, 0, 0, 0, 3, 0, 0.6666666666666666, 0, 0], [1, 0, 1, 0.017790257930755615, 0, 1, 8, 3, 10, 1, 0, 0, 0, 1, 1, 5, 0, 0, 0, 2, 0, 0.5, 0, 0], [1, 0, 1, 0.23041391372680664, 0, 0, 8, 13, 20, 1, 0, 1, 1, 2, 10, 6, 0, 0, 0, 12, 0, 0.6666666666666666, 0, 0], [1, 0, 0, 0.0, 1, 0, 5, 9, 13, 1, 0, 1, 0, 2, 4, 2, 0, 0, 0, 8, 0, 0.6666666666666666, 0, 0], [0, 0, 0, 0.06704273819923401, 0, 0, 8, 3, 10, 0, 0, 0, 0, 1, 1, 4, 0, 0, 0, 2, 0, 0.5, 0, 0], [1, 0, 1, 0.21695715188980103, 1, 0, 8, 4, 11, 1, 0, 1, 1, 2, 1, 4, 0, 0, 0, 3, 1, 0.625, 0, 0], [1, 0, 0, 0.1726440191268921, 0, 0, 8, 3, 10, 1, 0, 0, 0, 1, 1, 6, 0, 0, 0, 2, 0, 0.7142857142857143, 0, 0], [1, 0, 1, 0.021505773067474365, 1, 0, 8, 13, 20, 1, 1, 1, 1, 5, 5, 1, 0, 0, 0, 12, 0, 0.5, 0, 0], [0, 0, 0, 0.2317979335784912, 0, 0, 8, 3, 10, 0, 0, 0, 0, 1, 1, 4, 0, 0, 0, 2, 0, 0.5, 0, 0], [0, 0, 0, 0.04120296239852905, 0, 0, 8, 4, 11, 0, 0, 0, 0, 2, 1, 3, 0, 0, 0, 3, 0, 0.5, 0, 0], [0, 0, 0, 0.020958393812179565, 0, 0, 8, 4, 11, 0, 1, 0, 0, 2, 1, 3, 0, 0, 0, 3, 0, 0.6666666666666666, 0, 0], [1, 0, 0, 0.19018560647964478, 1, 0, 8, 5, 12, 1, 1, 1, 1, 3, 1, 5, 0, 0, 0, 4, 1, 0.9375, 0, 0], [0, 0, 0, 0.2444363832473755, 0, 0, 8, 3, 10, 0, 0, 0, 0, 1, 1, 4, 0, 0, 0, 2, 0, 0.75, 0, 0], [0, 0, 0, 0.12017086148262024, 0, 0, 8, 3, 10, 0, 0, 0, 0, 1, 1, 5, 0, 0, 0, 2, 0, 0.5, 0, 0], [1, 0, 0, 0.3338167071342468, 0, 0, 8, 6, 13, 1, 0, 0, 0, 4, 1, 5, 0, 0, 0, 5, 0, 0.5, 0, 0], [0, 0, 0, 0.007089436054229736, 0, 0, 8, 3, 10, 0, 0, 0, 0, 1, 1, 3, 0, 0, 0, 2, 0, 0.5, 0, 0], [0, 0, 0, 0.08223122358322144, 0, 0, 8, 3, 10, 0, 0, 0, 0, 1, 1, 4, 0, 0, 0, 2, 0, 0.5, 0, 0], [0, 0, 0, 0.09915342926979065, 0, 0, 8, 4, 11, 0, 0, 0, 0, 2, 1, 2, 0, 0, 0, 3, 0, 0.3333333333333333, 0, 0], [0, 0, 0, 0.000335693359375, 0, 0, 8, 3, 10, 0, 0, 0, 0, 1, 1, 5, 0, 0, 0, 2, 0, 0.5, 0, 0], [0, 0, 0, 0.33194637298583984, 0, 0, 8, 3, 10, 0, 0, 0, 0, 1, 1, 5, 0, 0, 0, 2, 0, 0.6666666666666666, 0, 0], [0, 0, 0, 0.09129077196121216, 0, 0, 8, 3, 10, 0, 0, 0, 0, 1, 1, 4, 0, 0, 0, 2, 0, 0.5, 0, 0], [0, 0, 0, 0.09889194369316101, 0, 0, 8, 4, 11, 0, 0, 0, 0, 2, 1, 2, 0, 0, 0, 3, 0, 0.36363636363636365, 0, 0], [0, 0, 0, 0.000699162483215332, 0, 0, 8, 13, 20, 0, 0, 0, 0, 10, 2, 1, 0, 0, 0, 12, 0, 0.6666666666666666, 0, 0], [0, 0, 0, 0.09080681204795837, 0, 0, 8, 3, 10, 0, 0, 0, 0, 1, 1, 2, 0, 0, 0, 2, 0, 0.5, 0, 0], [0, 0, 0, 0.38774269819259644, 0, 0, 8, 6, 13, 0, 0, 0, 0, 4, 1, 4, 0, 0, 0, 5, 0, 0.5, 0, 0], [0, 0, 0, 0.020261704921722412, 0, 0, 8, 9, 16, 0, 0, 0, 0, 7, 1, 4, 0, 0, 0, 8, 0, 0.5, 0, 0], [0, 0, 0, 0.08435392379760742, 0, 0, 8, 5, 12, 0, 0, 0, 0, 3, 1, 5, 0, 0, 0, 4, 0, 0.75, 0, 0], [1, 0, 0, 0.23642796277999878, 0, 0, 8, 3, 10, 1, 0, 0, 0, 1, 1, 5, 0, 0, 0, 2, 0, 0.6666666666666666, 0, 0], [1, 0, 0, 0.0, 0, 0, 7, 4, 10, 1, 0, 0, 0, 2, 1, 5, 0, 0, 0, 3, 0, 0.75, 0, 0], [0, 0, 0, 0.05412113666534424, 0, 0, 8, 4, 11, 0, 0, 0, 0, 2, 1, 3, 0, 0, 0, 3, 0, 0.5, 0, 0], [0, 0, 0, 0.0, 0, 0, 8, 3, 10, 0, 0, 0, 0, 1, 1, 4, 0, 0, 0, 2, 0, 0.5, 0, 0], [0, 0, 0, 0.1860232949256897, 0, 0, 8, 12, 19, 0, 0, 0, 0, 7, 4, 3, 0, 0, 0, 11, 0, 0.6666666666666666, 0, 0], [0, 0, 0, 0.24376755952835083, 0, 0, 8, 13, 20, 0, 0, 0, 0, 6, 4, 3, 0, 0, 0, 12, 0, 0.5, 0, 0], [1, 0, 0, 0.22761821746826172, 1, 0, 8, 13, 20, 1, 0, 1, 0, 2, 10, 6, 0, 0, 0, 12, 1, 0.6666666666666666, 0, 0], [1, 0, 0, 0.001335442066192627, 0, 0, 8, 3, 10, 1, 0, 0, 0, 1, 1, 4, 0, 0, 0, 2, 0, 0.6, 0, 0], [0, 0, 0, 0.1532258689403534, 0, 0, 8, 13, 20, 0, 0, 0, 0, 11, 1, 3, 0, 0, 0, 12, 0, 0.5, 0, 0], [0, 0, 0, 0.1790482997894287, 0, 0, 8, 3, 10, 0, 0, 0, 0, 1, 1, 4, 0, 0, 0, 2, 0, 0.6666666666666666, 0, 0], [0, 0, 0, 0.016524970531463623, 0, 0, 8, 13, 20, 0, 0, 0, 0, 11, 1, 3, 0, 0, 0, 12, 0, 0.5, 0, 0], [1, 0, 0, 0.012499451637268066, 1, 0, 8, 13, 20, 1, 0, 1, 0, 5, 4, 2, 0, 0, 0, 12, 1, 0.5714285714285714, 0, 0], [0, 0, 0, 0.013129830360412598, 0, 0, 8, 13, 20, 0, 0, 0, 0, 10, 2, 1, 0, 0, 0, 12, 0, 0.16666666666666666, 0, 0], [0, 0, 0, 0.052225708961486816, 0, 0, 7, 3, 9, 0, 0, 0, 0, 1, 1, 6, 0, 0, 0, 2, 0, 0.75, 0, 0], [1, 0, 0, 0.030176639556884766, 0, 0, 8, 5, 12, 1, 0, 0, 0, 1, 3, 3, 0, 0, 0, 4, 0, 0.5, 0, 0], [0, 0, 0, 0.10012874007225037, 0, 0, 8, 13, 20, 0, 0, 0, 0, 10, 2, 4, 0, 0, 0, 12, 0, 0.5, 0, 0], [0, 0, 0, 0.05542558431625366, 0, 0, 8, 3, 10, 0, 0, 0, 0, 1, 1, 5, 0, 0, 0, 2, 0, 0.5, 0, 0], [0, 0, 0, 0.205072283744812, 0, 0, 8, 4, 11, 0, 0, 0, 0, 2, 1, 3, 0, 0, 0, 3, 0, 0.6666666666666666, 0, 0], [0, 0, 0, 0.1228826642036438, 0, 0, 8, 4, 11, 0, 0, 0, 0, 1, 2, 4, 0, 0, 0, 3, 0, 0.6666666666666666, 0, 0], [0, 0, 0, 0.17377141118049622, 0, 0, 8, 4, 11, 0, 0, 0, 0, 2, 1, 1, 0, 0, 0, 3, 0, 0.3, 0, 0], [0, 0, 0, 0.033924996852874756, 0, 0, 8, 13, 20, 0, 0, 0, 0, 10, 2, 4, 0, 0, 0, 12, 0, 0.6666666666666666, 0, 0], [0, 0, 0, 0.06801104545593262, 0, 0, 8, 13, 20, 0, 0, 0, 0, 11, 1, 3, 0, 0, 0, 12, 0, 0.3333333333333333, 0, 0], [1, 0, 1, 0.03014463186264038, 1, 0, 8, 13, 20, 1, 0, 1, 1, 7, 5, 4, 0, 0, 0, 12, 1, 0.8333333333333334, 0, 0], [0, 0, 0, 0.10194790363311768, 0, 0, 8, 7, 14, 0, 0, 0, 0, 4, 2, 4, 0, 0, 0, 6, 0, 0.7142857142857143, 0, 0], [0, 0, 0, 0.04914557933807373, 0, 0, 8, 11, 18, 0, 0, 0, 0, 7, 3, 4, 0, 0, 0, 10, 0, 0.5, 0, 0], [0, 0, 0, 0.006925106048583984, 0, 0, 8, 3, 10, 0, 0, 0, 0, 1, 1, 6, 0, 0, 0, 2, 0, 0.6666666666666666, 0, 0], [1, 0, 0, 0.012486040592193604, 0, 0, 8, 9, 16, 1, 0, 0, 0, 4, 3, 5, 0, 0, 0, 8, 0, 0.5, 0, 0], [0, 0, 0, 0.06847280263900757, 0, 0, 8, 4, 11, 0, 0, 0, 0, 2, 1, 4, 0, 0, 0, 3, 0, 0.5, 0, 0], [0, 0, 0, 0.01785627007484436, 0, 0, 8, 13, 20, 0, 0, 0, 0, 10, 2, 2, 0, 0, 0, 12, 0, 0.3333333333333333, 0, 0], [0, 0, 0, 0.012361645698547363, 0, 0, 8, 3, 10, 0, 0, 0, 0, 1, 1, 4, 0, 0, 0, 2, 0, 0.5, 0, 0], [0, 0, 0, 0.008831590414047241, 0, 0, 8, 9, 16, 0, 0, 0, 0, 6, 2, 4, 0, 0, 0, 8, 0, 0.6666666666666666, 0, 0], [1, 0, 1, 0.006144344806671143, 1, 0, 8, 7, 14, 1, 0, 1, 1, 3, 3, 3, 0, 0, 0, 6, 1, 0.7727272727272727, 0, 0], [0, 0, 0, 0.10328146815299988, 0, 0, 8, 10, 17, 0, 0, 0, 0, 7, 2, 4, 0, 0, 0, 9, 0, 0.6666666666666666, 0, 0], [0, 0, 0, 0.031190037727355957, 0, 0, 8, 9, 16, 0, 0, 0, 0, 6, 2, 4, 0, 0, 0, 8, 0, 0.6666666666666666, 0, 0], [0, 0, 0, 0.026984453201293945, 0, 0, 8, 5, 12, 0, 0, 0, 0, 3, 1, 4, 0, 0, 0, 4, 0, 0.6666666666666666, 0, 0], [0, 0, 0, 0.12454068660736084, 0, 0, 8, 3, 10, 0, 0, 0, 0, 1, 1, 3, 0, 0, 0, 2, 0, 0.5, 0, 0], [1, 0, 0, 0.11155533790588379, 0, 0, 8, 6, 13, 1, 1, 1, 0, 2, 3, 4, 0, 0, 0, 5, 0, 0.6, 0, 0], [1, 0, 0, 0.06067323684692383, 0, 0, 8, 6, 13, 1, 0, 1, 0, 4, 1, 6, 0, 0, 0, 5, 1, 0.75, 0, 0], [0, 0, 0, 0.014248490333557129, 0, 0, 8, 3, 10, 0, 0, 0, 0, 1, 1, 5, 0, 0, 0, 2, 0, 0.6666666666666666, 0, 0], [0, 0, 0, 0.008013874292373657, 0, 0, 8, 3, 10, 0, 0, 0, 0, 1, 1, 5, 0, 0, 0, 2, 0, 0.5, 0, 0], [0, 0, 0, 0.009309887886047363, 0, 0, 8, 13, 20, 0, 0, 0, 0, 9, 3, 2, 0, 0, 0, 12, 0, 0.36363636363636365, 0, 0], [0, 0, 0, 0.16279977560043335, 0, 0, 8, 3, 10, 0, 0, 0, 0, 1, 1, 4, 0, 0, 0, 2, 0, 0.5, 0, 0], [0, 0, 0, 0.2005983591079712, 0, 0, 8, 12, 19, 0, 0, 0, 0, 8, 3, 1, 0, 0, 0, 11, 0, 0.5, 0, 0], [0, 0, 0, 0.016415834426879883, 0, 0, 8, 5, 12, 0, 0, 0, 0, 3, 1, 5, 0, 0, 0, 4, 0, 0.6, 0, 0], [0, 0, 0, 0.0024520158767700195, 0, 0, 8, 9, 16, 0, 0, 1, 0, 6, 2, 2, 0, 0, 0, 8, 0, 0.5714285714285714, 0, 0], [1, 0, 0, 0.011240661144256592, 0, 0, 8, 3, 10, 1, 0, 0, 0, 1, 1, 5, 0, 0, 0, 2, 0, 0.6666666666666666, 0, 0], [0, 0, 0, 0.09372872114181519, 0, 0, 8, 3, 10, 0, 0, 0, 0, 1, 1, 5, 0, 0, 0, 2, 0, 0.5, 0, 0], [0, 0, 0, 0.005296230316162109, 0, 0, 8, 13, 20, 0, 0, 0, 0, 9, 2, 1, 0, 0, 0, 12, 0, 0.3, 0, 0], [0, 0, 0, 0.0044136643409729, 0, 0, 8, 3, 10, 0, 0, 0, 0, 1, 1, 4, 0, 0, 0, 2, 0, 0.5, 0, 0], [1, 0, 0, 0.0062697529792785645, 0, 0, 8, 3, 10, 1, 0, 0, 0, 1, 1, 4, 0, 0, 0, 2, 0, 0.8333333333333334, 0, 0], [1, 0, 0, 0.10311698913574219, 0, 0, 8, 12, 19, 1, 0, 0, 0, 7, 4, 3, 0, 0, 0, 11, 0, 0.6666666666666666, 0, 0], [1, 0, 1, 0.23041391372680664, 0, 0, 8, 13, 20, 1, 0, 1, 1, 2, 10, 6, 0, 0, 0, 12, 0, 0.6666666666666666, 0, 0], [1, 0, 1, 0.051806747913360596, 1, 0, 6, 5, 10, 1, 0, 1, 1, 2, 2, 5, 0, 0, 0, 4, 1, 0.6666666666666666, 0, 0], [0, 0, 0, 0.01977476477622986, 0, 0, 8, 13, 20, 0, 0, 0, 0, 11, 1, 3, 0, 0, 0, 12, 0, 0.5, 0, 0], [1, 0, 0, 0.013167500495910645, 0, 0, 7, 3, 9, 1, 0, 0, 0, 1, 1, 5, 0, 0, 0, 2, 0, 0.6666666666666666, 0, 0], [1, 0, 0, 0.0046929121017456055, 0, 0, 8, 4, 11, 1, 0, 0, 0, 2, 1, 4, 0, 0, 0, 3, 0, 0.6, 0, 0], [0, 0, 0, 0.14250752329826355, 0, 0, 8, 4, 11, 0, 0, 0, 0, 2, 1, 4, 0, 0, 0, 3, 0, 0.5, 0, 0], [1, 0, 0, 0.0051108598709106445, 0, 0, 8, 3, 10, 1, 0, 0, 0, 1, 1, 2, 0, 0, 0, 2, 0, 0.5, 0, 0], [0, 0, 0, 0.03231549263000488, 0, 0, 8, 7, 14, 0, 0, 1, 0, 4, 2, 3, 0, 0, 0, 6, 0, 0.5, 0, 0], [1, 0, 0, 0.0217820405960083, 0, 0, 8, 3, 10, 1, 0, 0, 0, 1, 1, 5, 0, 0, 0, 2, 0, 0.5, 0, 0], [1, 0, 0, 0.18506962060928345, 0, 0, 8, 3, 10, 1, 0, 0, 0, 1, 1, 5, 0, 0, 0, 2, 0, 0.5, 0, 0], [0, 0, 0, 0.08643382787704468, 0, 0, 8, 5, 12, 0, 0, 0, 0, 3, 1, 2, 0, 0, 0, 4, 0, 0.5, 0, 0], [1, 0, 0, 0.08516854047775269, 1, 0, 8, 7, 14, 1, 0, 1, 0, 3, 2, 4, 0, 0, 0, 6, 1, 0.5, 0, 0], [0, 0, 0, 0.06971794366836548, 0, 0, 8, 3, 10, 0, 0, 0, 0, 1, 1, 4, 0, 0, 0, 2, 0, 0.6666666666666666, 0, 0], [0, 0, 0, 0.0904051661491394, 0, 0, 8, 13, 20, 0, 0, 0, 0, 8, 4, 5, 0, 0, 0, 12, 0, 0.5, 0, 0], [0, 0, 0, 0.09733226895332336, 0, 0, 8, 3, 10, 0, 0, 0, 0, 1, 1, 5, 0, 0, 0, 2, 0, 0.6666666666666666, 0, 0], [1, 0, 0, 0.011240661144256592, 0, 0, 8, 4, 11, 1, 0, 0, 0, 1, 2, 5, 0, 0, 0, 3, 0, 0.6666666666666666, 0, 0], [0, 0, 0, 0.0003145933151245117, 0, 0, 8, 3, 10, 0, 0, 0, 0, 1, 1, 5, 0, 0, 0, 2, 0, 0.75, 0, 0], [0, 0, 0, 0.12280106544494629, 0, 0, 8, 3, 10, 0, 0, 0, 0, 1, 1, 3, 0, 0, 0, 2, 0, 0.5, 0, 0], [0, 0, 0, 0.16879194974899292, 0, 0, 8, 3, 10, 0, 0, 0, 0, 1, 1, 3, 0, 0, 0, 2, 0, 0.5, 0, 0], [0, 0, 1, 0.012263119220733643, 0, 0, 8, 13, 20, 0, 0, 1, 0, 11, 1, 1, 0, 0, 0, 12, 0, 0.2857142857142857, 0, 0], [0, 0, 0, 0.07559961080551147, 0, 0, 8, 9, 16, 0, 0, 0, 0, 6, 2, 1, 0, 0, 0, 8, 0, 0.7777777777777778, 0, 0], [0, 0, 0, 0.04529750347137451, 0, 0, 8, 11, 18, 0, 0, 0, 0, 6, 3, 3, 0, 0, 0, 10, 0, 0.5, 0, 0], [0, 0, 0, 0.0013199150562286377, 0, 0, 8, 13, 20, 0, 0, 0, 0, 10, 2, 2, 0, 0, 0, 12, 0, 0.5, 0, 0], [1, 0, 0, 0.22761821746826172, 1, 0, 8, 13, 20, 1, 0, 1, 0, 2, 10, 6, 0, 0, 0, 12, 1, 0.6666666666666666, 0, 0], [0, 0, 0, 0.022006750106811523, 0, 0, 8, 3, 10, 0, 0, 0, 0, 1, 1, 3, 0, 0, 0, 2, 0, 0.5, 0, 0], [0, 0, 0, 0.0, 0, 0, 8, 13, 20, 0, 0, 1, 0, 8, 3, 3, 0, 0, 0, 12, 0, 0.6666666666666666, 0, 0], [1, 0, 1, 0.009316444396972656, 0, 1, 8, 3, 10, 1, 0, 0, 0, 1, 1, 5, 0, 0, 0, 2, 0, 0.6666666666666666, 0, 0], [0, 0, 0, 0.030794501304626465, 0, 0, 8, 4, 11, 0, 0, 0, 0, 1, 2, 3, 0, 0, 0, 3, 0, 0.8333333333333334, 0, 0], [1, 0, 1, 0.022727608680725098, 0, 1, 8, 3, 10, 1, 0, 0, 0, 1, 1, 5, 0, 0, 0, 2, 0, 0.6666666666666666, 0, 0], [0, 0, 0, 0.007400259375572205, 0, 0, 8, 3, 10, 0, 0, 0, 0, 1, 1, 4, 0, 0, 0, 2, 0, 0.5, 0, 0], [0, 0, 0, 0.0, 0, 0, 4, 5, 8, 0, 0, 0, 0, 2, 2, 3, 0, 0, 0, 4, 0, 0.6666666666666666, 0, 0], [0, 0, 1, 0.10789567232131958, 0, 0, 8, 4, 11, 0, 0, 1, 1, 2, 1, 4, 0, 0, 0, 3, 0, 0.6666666666666666, 0, 0], [0, 0, 0, 0.19834113121032715, 0, 0, 8, 3, 10, 0, 0, 0, 0, 1, 1, 4, 0, 0, 0, 2, 0, 0.5, 0, 0], [1, 0, 0, 0.10355836153030396, 0, 0, 8, 5, 12, 1, 0, 0, 0, 3, 1, 1, 0, 0, 0, 4, 0, 0.36363636363636365, 0, 0], [0, 0, 0, 0.10288625955581665, 0, 0, 8, 3, 10, 0, 0, 0, 0, 1, 1, 4, 0, 0, 0, 2, 0, 0.6666666666666666, 0, 0], [0, 0, 0, 0.000650256872177124, 0, 0, 8, 9, 16, 0, 0, 0, 0, 6, 2, 3, 0, 0, 0, 8, 0, 0.5, 0, 0], [0, 0, 0, 0.1764599084854126, 0, 0, 8, 3, 10, 0, 0, 0, 0, 1, 1, 5, 0, 0, 0, 2, 0, 0.6666666666666666, 0, 0], [1, 0, 1, 0.002927124500274658, 1, 0, 8, 7, 14, 1, 0, 1, 1, 4, 2, 1, 0, 0, 0, 6, 0, 0.5, 0, 0], [0, 0, 0, 0.050489187240600586, 0, 0, 8, 4, 11, 0, 0, 0, 0, 2, 1, 2, 0, 0, 0, 3, 0, 0.6666666666666666, 0, 0], [0, 0, 0, 0.05050995945930481, 0, 0, 8, 3, 10, 0, 0, 0, 0, 1, 1, 3, 0, 0, 0, 2, 0, 0.7142857142857143, 0, 0], [1, 0, 0, 0.014469355344772339, 1, 0, 8, 13, 20, 1, 0, 0, 0, 10, 2, 1, 0, 0, 0, 12, 1, 0.6666666666666666, 0, 0], [0, 0, 0, 0.06236553192138672, 0, 0, 8, 3, 10, 0, 0, 0, 0, 1, 1, 5, 0, 0, 0, 2, 0, 0.5, 0, 0], [0, 0, 0, 0.20559930801391602, 0, 0, 8, 3, 10, 0, 0, 0, 0, 1, 1, 4, 0, 0, 0, 2, 0, 0.5, 0, 0], [0, 0, 0, 0.04658770561218262, 0, 0, 8, 4, 11, 0, 0, 0, 0, 2, 1, 4, 0, 0, 0, 3, 0, 0.5, 0, 0], [0, 0, 0, 0.059396833181381226, 0, 0, 8, 13, 20, 0, 0, 0, 0, 11, 1, 1, 0, 0, 0, 12, 0, 0.5, 0, 0], [0, 0, 0, 0.26653850078582764, 0, 0, 8, 13, 20, 0, 0, 0, 0, 8, 2, 6, 0, 0, 0, 12, 0, 0.6666666666666666, 0, 0], [1, 0, 1, 0.017894744873046875, 0, 0, 8, 13, 20, 1, 0, 1, 1, 9, 2, 1, 0, 0, 0, 12, 0, 0.5, 0, 0], [0, 0, 0, 0.0038582682609558105, 0, 0, 8, 4, 11, 0, 0, 0, 0, 2, 1, 4, 0, 0, 0, 3, 0, 0.5, 0, 0], [0, 0, 0, 0.06637191772460938, 0, 0, 8, 3, 10, 0, 0, 0, 0, 1, 1, 7, 0, 0, 0, 2, 0, 0.75, 0, 0], [1, 0, 0, 0.012091875076293945, 0, 0, 8, 13, 20, 1, 0, 1, 0, 8, 3, 5, 0, 0, 0, 12, 0, 0.6, 0, 0], [0, 0, 0, 0.03518551588058472, 0, 0, 8, 13, 20, 0, 0, 0, 0, 9, 2, 1, 0, 0, 0, 12, 0, 0.3333333333333333, 0, 0], [1, 0, 1, 0.23041391372680664, 0, 0, 8, 13, 20, 1, 0, 1, 1, 2, 8, 6, 0, 0, 0, 12, 0, 0.6666666666666666, 0, 0], [1, 0, 0, 0.022284507751464844, 0, 0, 8, 5, 12, 1, 0, 0, 0, 3, 1, 3, 0, 0, 0, 4, 0, 0.5, 0, 0], [1, 0, 1, 0.03263294696807861, 1, 0, 8, 13, 20, 1, 0, 1, 1, 8, 3, 1, 0, 0, 0, 12, 1, 0.5714285714285714, 0, 0], [1, 0, 0, 0.11346101760864258, 0, 0, 8, 9, 16, 1, 0, 0, 0, 5, 3, 6, 0, 0, 0, 8, 0, 0.6666666666666666, 0, 0], [0, 0, 0, 0.026510417461395264, 0, 0, 8, 4, 11, 0, 0, 0, 0, 2, 1, 3, 0, 0, 0, 3, 0, 0.5, 0, 0], [1, 0, 1, 0.23041391372680664, 0, 0, 8, 13, 20, 1, 0, 1, 1, 2, 10, 6, 0, 0, 0, 12, 0, 0.6666666666666666, 0, 0], [1, 0, 0, 0.11991453170776367, 0, 0, 8, 6, 13, 1, 0, 1, 0, 3, 2, 5, 0, 0, 0, 5, 0, 0.6666666666666666, 0, 0], [0, 0, 0, 0.03895699977874756, 0, 0, 8, 3, 10, 0, 0, 0, 0, 1, 1, 2, 0, 0, 0, 2, 0, 0.5, 0, 0], [1, 0, 1, 0.0027840733528137207, 1, 0, 8, 13, 20, 1, 0, 1, 1, 3, 8, 3, 0, 0, 0, 12, 1, 0.75, 0, 0], [0, 0, 0, 0.018840670585632324, 0, 0, 5, 4, 8, 0, 0, 0, 0, 1, 2, 4, 0, 0, 0, 3, 0, 0.75, 0, 0], [1, 0, 0, 0.09106230735778809, 0, 0, 8, 3, 10, 1, 0, 0, 0, 1, 1, 3, 0, 0, 0, 2, 0, 0.7777777777777778, 0, 0], [0, 0, 0, 0.1803036332130432, 0, 0, 8, 6, 13, 0, 0, 0, 0, 3, 2, 6, 0, 0, 0, 5, 0, 0.8333333333333334, 0, 0], [0, 0, 0, 0.07526707649230957, 0, 0, 8, 3, 10, 0, 0, 0, 0, 1, 1, 2, 0, 0, 0, 2, 0, 0.5, 0, 0], [0, 0, 0, 0.00833892822265625, 0, 0, 8, 13, 20, 0, 0, 1, 0, 8, 2, 1, 0, 0, 0, 12, 0, 0.5714285714285714, 0, 0], [0, 0, 0, 0.004718601703643799, 0, 0, 8, 7, 14, 0, 0, 0, 0, 4, 2, 4, 0, 0, 0, 6, 0, 0.6666666666666666, 0, 0], [0, 0, 0, 0.0, 0, 0, 2, 6, 7, 0, 0, 0, 0, 2, 3, 1, 0, 0, 0, 5, 0, 0.6666666666666666, 0, 0], [0, 0, 0, 0.017192721366882324, 0, 0, 8, 3, 10, 0, 0, 0, 0, 1, 1, 4, 0, 0, 0, 2, 0, 0.75, 0, 0], [1, 0, 0, 0.0, 0, 0, 2, 9, 10, 1, 0, 1, 0, 2, 4, 1, 0, 0, 0, 8, 0, 0.6666666666666666, 0, 0], [1, 0, 0, 0.01770704984664917, 1, 0, 7, 12, 18, 1, 1, 1, 0, 5, 4, 4, 0, 0, 0, 11, 0, 0.6666666666666666, 0, 0], [0, 0, 0, 0.16028344631195068, 0, 0, 7, 5, 11, 0, 0, 0, 0, 3, 1, 5, 0, 0, 0, 4, 0, 0.6666666666666666, 0, 0], [1, 0, 0, 0.0, 0, 0, 2, 8, 9, 1, 0, 1, 0, 3, 3, 1, 0, 0, 0, 7, 1, 0.6666666666666666, 0, 0], [1, 0, 0, 0.04782503843307495, 0, 0, 8, 13, 20, 1, 0, 0, 0, 11, 1, 4, 0, 0, 0, 12, 0, 0.6666666666666666, 0, 0], [1, 0, 0, 0.06138426065444946, 0, 0, 8, 3, 10, 1, 0, 0, 0, 1, 1, 3, 0, 0, 0, 2, 0, 0.5, 0, 0], [0, 0, 0, 0.04238706827163696, 0, 0, 8, 3, 10, 0, 0, 0, 0, 1, 1, 3, 0, 0, 0, 2, 0, 0.5, 0, 0], [1, 0, 1, 0.042434632778167725, 1, 0, 6, 9, 14, 1, 0, 1, 1, 3, 4, 4, 0, 0, 0, 8, 1, 0.75, 0, 0], [0, 0, 0, 0.0010585784912109375, 0, 0, 8, 4, 11, 0, 0, 0, 0, 1, 2, 6, 0, 0, 0, 3, 0, 0.7142857142857143, 0, 0], [1, 0, 1, 0.001959860324859619, 1, 0, 8, 13, 20, 1, 0, 1, 1, 4, 7, 6, 0, 0, 0, 12, 1, 0.6, 0, 0], [0, 0, 0, 0.009748756885528564, 0, 0, 6, 3, 8, 0, 0, 0, 0, 1, 1, 5, 0, 0, 0, 2, 0, 0.5, 0, 0], [0, 0, 0, 0.029678523540496826, 0, 0, 8, 13, 20, 0, 0, 0, 0, 11, 1, 1, 0, 0, 0, 12, 0, 0.07692307692307693, 0, 0], [1, 0, 1, 0.3611404299736023, 0, 0, 8, 4, 11, 1, 0, 1, 1, 2, 1, 6, 0, 0, 0, 3, 1, 0.6666666666666666, 0, 0], [0, 0, 0, 0.05691614747047424, 0, 0, 8, 13, 20, 0, 0, 0, 0, 11, 1, 1, 0, 0, 0, 12, 0, 0.09090909090909091, 0, 0], [0, 0, 0, 0.0376662015914917, 0, 0, 8, 13, 20, 0, 0, 0, 0, 11, 1, 1, 0, 0, 0, 12, 0, 0.3, 0, 0], [0, 0, 0, 0.11587387323379517, 0, 0, 8, 5, 12, 0, 0, 0, 0, 3, 1, 3, 0, 0, 0, 4, 0, 0.6666666666666666, 0, 0], [1, 0, 0, 0.0, 0, 0, 8, 3, 10, 1, 0, 0, 0, 1, 1, 5, 0, 0, 0, 2, 0, 0.8, 0, 0], [1, 0, 0, 6.961822509765625e-05, 0, 0, 8, 6, 13, 1, 0, 0, 0, 4, 1, 2, 0, 0, 0, 5, 0, 0.5, 0, 0], [0, 0, 1, 0.009238660335540771, 0, 0, 8, 5, 12, 0, 0, 1, 0, 3, 1, 5, 0, 0, 0, 4, 0, 0.6666666666666666, 0, 0], [0, 0, 0, 0.035864949226379395, 0, 0, 8, 3, 10, 0, 0, 0, 0, 1, 1, 4, 0, 0, 0, 2, 0, 0.7142857142857143, 0, 0], [1, 0, 1, 0.2874153256416321, 0, 1, 8, 3, 10, 1, 0, 0, 0, 1, 1, 4, 0, 0, 0, 2, 0, 0.5, 0, 0], [1, 0, 0, 0.0469660758972168, 0, 0, 8, 4, 11, 1, 0, 1, 0, 2, 1, 6, 0, 0, 0, 3, 0, 0.6666666666666666, 0, 0], [0, 0, 0, 0.12960317730903625, 0, 0, 8, 4, 11, 0, 0, 0, 0, 2, 1, 3, 0, 0, 0, 3, 0, 0.5, 0, 0], [1, 0, 1, 0.009316444396972656, 0, 1, 8, 3, 10, 1, 0, 0, 0, 1, 1, 5, 0, 0, 0, 2, 0, 0.6666666666666666, 0, 0], [0, 0, 0, 0.04647022485733032, 0, 0, 8, 13, 20, 0, 0, 1, 0, 10, 2, 3, 0, 0, 0, 12, 0, 0.5, 0, 0], [1, 0, 0, 0.12361449003219604, 0, 0, 8, 3, 10, 1, 0, 0, 0, 1, 1, 4, 0, 0, 0, 2, 0, 0.5, 0, 0], [0, 0, 0, 0.15490305423736572, 0, 0, 8, 4, 11, 0, 0, 0, 0, 2, 1, 5, 0, 0, 0, 3, 0, 0.6666666666666666, 0, 0], [0, 0, 0, 0.4861816167831421, 0, 0, 8, 4, 11, 0, 0, 0, 0, 2, 1, 7, 0, 0, 0, 3, 0, 0.5, 0, 0], [0, 0, 0, 0.151858389377594, 0, 0, 8, 13, 20, 0, 0, 0, 0, 9, 2, 3, 0, 0, 0, 12, 0, 0.5, 0, 0], [0, 0, 0, 0.001970350742340088, 0, 0, 8, 13, 20, 0, 0, 0, 0, 1, 11, 6, 0, 0, 0, 12, 0, 0.8333333333333334, 0, 0], [1, 0, 0, 0.005126297473907471, 0, 0, 8, 5, 12, 1, 0, 0, 0, 3, 1, 7, 0, 0, 0, 4, 0, 0.8, 0, 0], [0, 0, 0, 0.0008740127086639404, 0, 0, 8, 13, 20, 0, 0, 0, 0, 11, 1, 1, 0, 0, 0, 12, 0, 0.09090909090909091, 0, 0], [1, 0, 0, 0.016815662384033203, 0, 0, 8, 3, 10, 1, 0, 0, 0, 1, 1, 5, 0, 0, 0, 2, 0, 0.9375, 0, 0], [1, 0, 1, 0.0676392912864685, 1, 1, 2, 12, 13, 1, 0, 1, 1, 5, 5, 1, 0, 0, 0, 11, 1, 0.6666666666666666, 0, 0], [0, 0, 0, 0.11210495233535767, 0, 0, 8, 6, 13, 0, 0, 0, 0, 3, 2, 6, 0, 0, 0, 5, 0, 0.5, 0, 0], [1, 0, 1, 0.032627761363983154, 1, 0, 8, 4, 11, 1, 0, 1, 1, 2, 1, 4, 0, 0, 0, 3, 1, 0.8333333333333334, 0, 0], [1, 0, 0, 0.0, 0, 0, 8, 5, 12, 1, 0, 1, 0, 2, 2, 6, 0, 0, 0, 4, 0, 0.6666666666666666, 0, 0], [1, 0, 0, 0.029523462057113647, 0, 0, 8, 5, 12, 1, 0, 1, 0, 2, 2, 4, 0, 0, 0, 4, 0, 0.5, 0, 0], [0, 0, 0, 0.043485820293426514, 0, 0, 8, 6, 13, 0, 0, 0, 0, 4, 1, 3, 0, 0, 0, 5, 0, 0.5, 0, 0], [1, 0, 0, 0.005038619041442871, 0, 0, 8, 5, 12, 1, 0, 0, 0, 3, 1, 3, 0, 0, 0, 4, 0, 0.6666666666666666, 0, 0], [1, 0, 1, 0.1697201132774353, 0, 0, 8, 4, 11, 1, 0, 1, 1, 2, 1, 2, 0, 0, 0, 3, 0, 0.6666666666666666, 0, 0], [0, 0, 0, 0.02280232310295105, 0, 0, 8, 6, 13, 0, 0, 0, 0, 4, 1, 4, 0, 0, 0, 5, 0, 0.5, 0, 0], [0, 0, 0, 0.05511331558227539, 0, 0, 8, 13, 20, 0, 0, 0, 0, 11, 1, 1, 0, 0, 0, 12, 0, 0.5, 0, 0], [1, 0, 1, 0.012499451637268066, 1, 0, 8, 13, 20, 1, 0, 1, 1, 6, 4, 2, 0, 0, 0, 12, 1, 0.5714285714285714, 0, 0], [1, 0, 0, 0.0, 0, 0, 8, 4, 11, 1, 0, 0, 0, 2, 1, 5, 0, 0, 0, 3, 0, 0.9375, 0, 0], [0, 0, 0, 0.015867948532104492, 0, 0, 8, 13, 20, 0, 0, 1, 0, 10, 2, 2, 0, 0, 0, 12, 0, 0.3333333333333333, 0, 0], [0, 0, 0, 0.03263139724731445, 0, 0, 8, 3, 10, 0, 0, 0, 0, 1, 1, 3, 0, 0, 0, 2, 0, 0.5, 0, 0], [0, 0, 0, 0.03180190920829773, 0, 0, 8, 13, 20, 0, 0, 0, 0, 11, 1, 1, 0, 0, 0, 12, 0, 0.061224489795918366, 0, 0], [0, 0, 0, 0.016811728477478027, 0, 0, 7, 12, 18, 0, 0, 0, 0, 9, 2, 5, 0, 0, 0, 11, 0, 0.5, 0, 0], [1, 0, 0, 0.04110756516456604, 1, 0, 8, 8, 15, 1, 0, 1, 0, 6, 1, 3, 0, 0, 0, 7, 1, 0.5, 0, 0], [1, 0, 0, 0.07782655954360962, 0, 0, 8, 13, 20, 1, 0, 1, 0, 9, 3, 5, 0, 0, 0, 12, 0, 0.5, 0, 0], [0, 0, 0, 0.005786240100860596, 0, 0, 8, 3, 10, 0, 0, 0, 0, 1, 1, 3, 0, 0, 0, 2, 0, 0.5, 0, 0], [1, 0, 0, 0.17275506258010864, 0, 0, 4, 3, 6, 1, 0, 0, 0, 1, 1, 3, 0, 0, 0, 2, 0, 0.6666666666666666, 0, 0], [0, 0, 0, 0.03223651647567749, 0, 0, 8, 4, 11, 0, 0, 0, 0, 2, 1, 4, 0, 0, 0, 3, 0, 0.6, 0, 0], [0, 0, 0, 0.01887565851211548, 0, 0, 8, 12, 19, 0, 0, 0, 0, 10, 1, 1, 0, 0, 0, 11, 0, 0.05555555555555555, 0, 0], [0, 0, 0, 0.0077245235443115234, 0, 0, 8, 13, 20, 0, 0, 0, 0, 10, 2, 2, 0, 0, 0, 12, 0, 0.5, 0, 0], [0, 0, 0, 0.1632256805896759, 0, 0, 8, 6, 13, 0, 0, 0, 0, 4, 1, 1, 0, 0, 0, 5, 0, 0.3333333333333333, 0, 0], [0, 0, 0, 0.01644766330718994, 0, 0, 8, 13, 20, 0, 0, 0, 0, 10, 2, 1, 0, 0, 0, 12, 0, 0.125, 0, 0], [0, 0, 0, 0.08736193180084229, 0, 0, 8, 13, 20, 0, 0, 0, 0, 5, 4, 5, 0, 0, 0, 12, 0, 0.5, 0, 0], [0, 0, 0, 0.0, 0, 0, 8, 6, 13, 0, 0, 0, 0, 4, 1, 4, 0, 0, 0, 5, 0, 0.5, 0, 0], [0, 0, 0, 0.1532258689403534, 0, 0, 8, 13, 20, 0, 0, 0, 0, 10, 2, 3, 0, 0, 0, 12, 0, 0.5, 0, 0], [1, 0, 0, 0.026003271341323853, 0, 0, 8, 13, 20, 1, 0, 1, 0, 11, 1, 1, 0, 0, 0, 12, 0, 0.3333333333333333, 0, 0], [0, 0, 0, 0.07135957479476929, 0, 0, 8, 3, 10, 0, 0, 0, 0, 1, 1, 3, 0, 0, 0, 2, 0, 0.6666666666666666, 0, 0], [1, 0, 0, 0.007374465465545654, 0, 0, 8, 13, 20, 1, 0, 0, 0, 9, 2, 1, 0, 0, 0, 12, 0, 0.6, 0, 0], [0, 0, 0, 0.08503398299217224, 0, 0, 8, 3, 10, 0, 0, 0, 0, 1, 1, 2, 0, 0, 0, 2, 0, 0.25, 0, 0], [1, 0, 0, 0.010749220848083496, 0, 0, 8, 13, 20, 1, 0, 1, 0, 8, 3, 3, 0, 0, 0, 12, 0, 0.5714285714285714, 0, 0], [0, 0, 0, 0.036466240882873535, 0, 0, 8, 13, 20, 0, 0, 0, 0, 11, 1, 1, 0, 0, 0, 12, 0, 0.16666666666666666, 0, 0], [0, 0, 0, 0.33347922563552856, 0, 0, 8, 3, 10, 0, 0, 0, 0, 1, 1, 5, 0, 0, 0, 2, 0, 0.6666666666666666, 0, 0], [1, 0, 1, 0.04140228033065796, 1, 0, 7, 5, 11, 1, 0, 1, 0, 3, 1, 5, 0, 0, 0, 4, 1, 0.75, 0, 0], [0, 0, 0, 0.1471647024154663, 0, 0, 8, 13, 20, 0, 0, 0, 0, 10, 2, 3, 0, 0, 0, 12, 0, 0.5, 0, 0], [1, 0, 1, 0.12000805139541626, 0, 0, 8, 12, 19, 1, 0, 1, 0, 10, 1, 5, 0, 0, 0, 11, 0, 0.5, 0, 0], [1, 0, 0, 0.01807481050491333, 0, 0, 6, 8, 13, 1, 0, 1, 0, 5, 2, 2, 0, 0, 0, 7, 0, 0.6666666666666666, 0, 0], [1, 0, 0, 0.023177266120910645, 0, 0, 7, 3, 9, 1, 0, 0, 0, 1, 1, 6, 0, 0, 0, 2, 0, 0.6666666666666666, 0, 0], [1, 0, 0, 0.049645066261291504, 0, 0, 8, 4, 11, 1, 0, 0, 0, 1, 2, 2, 0, 0, 0, 3, 0, 0.5, 0, 0], [0, 0, 0, 0.0853109359741211, 0, 0, 8, 13, 20, 0, 0, 0, 0, 10, 2, 5, 0, 0, 0, 12, 0, 0.5, 0, 0], [0, 0, 0, 0.047342777252197266, 0, 0, 8, 4, 11, 0, 0, 0, 0, 2, 1, 2, 0, 0, 0, 3, 0, 0.5, 0, 0], [1, 0, 1, 0.016815662384033203, 0, 1, 8, 3, 10, 1, 0, 0, 0, 1, 1, 5, 0, 0, 0, 2, 0, 0.9375, 0, 0], [0, 0, 0, 0.007537722587585449, 0, 0, 8, 11, 18, 0, 0, 0, 0, 9, 1, 2, 0, 0, 0, 10, 0, 0.5, 0, 0], [0, 0, 0, 0.03509169816970825, 0, 0, 8, 13, 20, 0, 0, 0, 0, 6, 5, 1, 0, 0, 0, 12, 0, 0.5, 0, 0], [0, 0, 0, 0.13657653331756592, 0, 0, 8, 3, 10, 0, 0, 0, 0, 1, 1, 3, 0, 0, 0, 2, 0, 0.6666666666666666, 0, 0], [1, 0, 1, 0.007568299770355225, 1, 0, 8, 13, 20, 1, 0, 1, 1, 8, 3, 3, 0, 0, 0, 12, 1, 0.8333333333333334, 0, 0], [0, 0, 0, 0.03690558671951294, 0, 0, 8, 3, 10, 0, 0, 0, 0, 1, 1, 5, 0, 0, 0, 2, 0, 0.5, 0, 0], [1, 0, 1, 0.27311646938323975, 0, 0, 8, 8, 15, 1, 0, 1, 0, 2, 3, 7, 0, 0, 0, 7, 0, 0.875, 0, 0], [0, 0, 0, 0.011374473571777344, 0, 0, 8, 4, 11, 0, 0, 0, 0, 2, 1, 1, 0, 0, 0, 3, 0, 0.5, 0, 0], [1, 0, 0, 0.09350496530532837, 0, 0, 8, 4, 11, 1, 0, 0, 0, 2, 1, 5, 0, 0, 0, 3, 0, 0.6666666666666666, 0, 0], [0, 0, 0, 0.010956287384033203, 0, 0, 8, 13, 20, 0, 0, 0, 0, 7, 3, 1, 0, 0, 0, 12, 0, 0.5, 0, 0], [0, 0, 0, 0.06963464617729187, 0, 0, 8, 3, 10, 0, 0, 0, 0, 1, 1, 4, 0, 0, 0, 2, 0, 0.5, 0, 0], [1, 0, 1, 0.06590956449508667, 0, 1, 8, 3, 10, 1, 0, 0, 0, 1, 1, 6, 0, 0, 0, 2, 0, 0.8, 0, 0], [1, 0, 0, 0.0, 0, 0, 2, 9, 10, 1, 0, 1, 0, 2, 4, 1, 0, 0, 0, 8, 0, 0.6666666666666666, 0, 0], [1, 0, 0, 0.01681572198867798, 0, 0, 8, 3, 10, 1, 0, 0, 0, 1, 1, 5, 0, 0, 0, 2, 0, 0.9375, 0, 0], [0, 0, 0, 0.017996281385421753, 0, 0, 8, 8, 15, 0, 0, 0, 0, 6, 1, 3, 0, 0, 0, 7, 0, 0.5, 0, 0], [0, 0, 0, 0.13851207494735718, 0, 0, 8, 6, 13, 0, 0, 0, 0, 3, 2, 6, 0, 0, 0, 5, 0, 0.5, 0, 0], [1, 0, 0, 0.16005036234855652, 0, 0, 8, 5, 12, 1, 0, 1, 0, 3, 1, 4, 0, 0, 0, 4, 0, 0.5, 0, 0], [1, 0, 0, 0.15245306491851807, 1, 0, 8, 4, 11, 1, 0, 1, 0, 2, 1, 6, 0, 0, 0, 3, 0, 0.6666666666666666, 0, 0], [1, 0, 1, 0.007709145545959473, 1, 0, 8, 12, 19, 1, 0, 1, 1, 4, 7, 5, 0, 0, 0, 11, 1, 0.7727272727272727, 0, 0], [0, 0, 1, 0.01919722557067871, 0, 0, 8, 7, 14, 0, 0, 1, 1, 2, 4, 5, 0, 0, 0, 6, 0, 0.8333333333333334, 0, 0], [1, 0, 1, 0.055075377225875854, 0, 0, 8, 4, 11, 1, 0, 1, 1, 2, 1, 4, 0, 0, 0, 3, 0, 0.5, 0, 0], [0, 0, 0, 0.028563648462295532, 0, 0, 8, 6, 13, 0, 0, 0, 0, 3, 2, 4, 0, 0, 0, 5, 0, 0.5, 0, 0], [0, 0, 0, 0.10145509243011475, 0, 0, 8, 3, 10, 0, 0, 0, 0, 1, 1, 4, 0, 0, 0, 2, 0, 0.5, 0, 0], [0, 0, 0, 0.12051498889923096, 0, 0, 8, 13, 20, 0, 0, 0, 0, 9, 2, 4, 0, 0, 0, 12, 0, 0.5, 0, 0], [0, 0, 0, 0.10395050048828125, 0, 0, 8, 9, 16, 0, 0, 0, 0, 4, 3, 6, 0, 0, 0, 8, 0, 0.6666666666666666, 0, 0], [1, 0, 0, 0.05180656909942627, 1, 0, 7, 4, 10, 1, 0, 1, 0, 2, 1, 5, 0, 0, 0, 3, 1, 0.75, 0, 0], [1, 0, 1, 0.2698603868484497, 1, 0, 8, 4, 11, 1, 0, 1, 1, 2, 1, 2, 0, 0, 0, 3, 1, 0.5, 0, 0], [1, 0, 0, 0.01035088300704956, 0, 0, 8, 7, 14, 1, 0, 0, 0, 2, 4, 3, 0, 0, 0, 6, 0, 0.7727272727272727, 0, 0], [0, 0, 0, 0.05108916759490967, 0, 0, 8, 3, 10, 0, 0, 0, 0, 1, 1, 4, 0, 0, 0, 2, 0, 0.8, 0, 0], [0, 0, 0, 0.32699209451675415, 0, 0, 8, 4, 11, 0, 0, 0, 0, 2, 1, 5, 0, 0, 0, 3, 0, 0.8333333333333334, 0, 0], [1, 0, 1, 0.23041391372680664, 0, 0, 8, 13, 20, 1, 0, 1, 1, 2, 10, 6, 0, 0, 0, 12, 0, 0.6666666666666666, 0, 0], [1, 0, 1, 0.0, 0, 0, 3, 4, 6, 1, 1, 1, 1, 2, 1, 2, 0, 0, 0, 3, 1, 0.6666666666666666, 0, 0], [1, 0, 0, 0.0, 1, 0, 7, 4, 10, 1, 0, 1, 1, 2, 1, 5, 0, 0, 0, 3, 1, 0.8, 0, 0], [0, 0, 0, 0.003086775541305542, 0, 0, 8, 7, 14, 0, 0, 0, 0, 5, 1, 4, 0, 0, 0, 6, 0, 0.5, 0, 0], [0, 0, 0, 0.03176093101501465, 0, 0, 8, 13, 20, 0, 0, 0, 0, 8, 4, 5, 0, 0, 0, 12, 0, 0.7777777777777778, 0, 0], [1, 0, 1, 0.06878364086151123, 1, 0, 8, 8, 15, 1, 0, 1, 1, 4, 2, 5, 0, 0, 0, 7, 1, 0.5, 0, 0], [0, 0, 0, 0.06778532266616821, 0, 0, 8, 3, 10, 0, 0, 0, 0, 1, 1, 2, 0, 0, 0, 2, 0, 0.5, 0, 0], [1, 0, 0, 0.13386791944503784, 0, 0, 8, 7, 14, 1, 0, 0, 0, 5, 1, 5, 0, 0, 0, 6, 0, 0.6666666666666666, 0, 0], [0, 0, 0, 0.11258751153945923, 0, 0, 8, 9, 16, 0, 0, 0, 0, 6, 2, 2, 0, 0, 0, 8, 0, 0.5, 0, 0], [0, 0, 0, 0.0153006911277771, 0, 0, 8, 5, 12, 0, 0, 0, 0, 3, 1, 4, 0, 0, 0, 4, 0, 0.6666666666666666, 0, 0], [0, 0, 0, 0.001335442066192627, 0, 0, 8, 3, 10, 0, 0, 0, 0, 1, 1, 4, 0, 0, 0, 2, 0, 0.6, 0, 0], [0, 0, 0, 0.11350804567337036, 0, 0, 8, 6, 13, 0, 0, 0, 0, 4, 1, 3, 0, 0, 0, 5, 0, 0.5, 0, 0], [0, 0, 0, 0.012926101684570312, 0, 0, 8, 3, 10, 0, 0, 0, 0, 1, 1, 4, 0, 0, 0, 2, 0, 0.5, 0, 0], [0, 0, 0, 0.00982511043548584, 0, 0, 8, 13, 20, 0, 0, 0, 0, 7, 3, 1, 0, 0, 0, 12, 0, 0.5, 0, 0], [0, 0, 0, 0.008038520812988281, 0, 0, 8, 5, 12, 0, 0, 0, 0, 1, 3, 3, 0, 0, 0, 4, 0, 0.7727272727272727, 0, 0], [0, 0, 0, 0.01253962516784668, 0, 0, 8, 13, 20, 0, 0, 0, 0, 6, 5, 1, 0, 0, 0, 12, 0, 0.5, 0, 0], [1, 0, 1, 0.021505773067474365, 1, 0, 8, 13, 20, 1, 0, 1, 1, 4, 6, 1, 0, 0, 0, 12, 0, 0.5, 0, 0], [1, 0, 0, 0.03079456090927124, 0, 0, 8, 3, 10, 1, 0, 0, 0, 1, 1, 3, 0, 0, 0, 2, 0, 0.8333333333333334, 0, 0], [1, 0, 1, 0.0027840733528137207, 1, 0, 8, 13, 20, 1, 0, 1, 1, 4, 7, 3, 0, 0, 0, 12, 1, 0.75, 0, 0], [0, 0, 0, 0.0, 0, 0, 8, 13, 20, 0, 0, 0, 0, 7, 3, 3, 0, 0, 0, 12, 0, 0.6666666666666666, 0, 0], [0, 0, 0, 0.07691371440887451, 0, 0, 8, 4, 11, 0, 0, 0, 0, 2, 1, 3, 0, 0, 0, 3, 0, 0.5, 0, 0], [0, 0, 0, 0.03776419162750244, 0, 0, 8, 13, 20, 0, 0, 0, 0, 11, 1, 1, 0, 0, 0, 12, 0, 0.5, 0, 0], [1, 0, 0, 0.0017873048782348633, 0, 0, 8, 9, 16, 1, 0, 0, 0, 4, 3, 4, 0, 0, 0, 8, 0, 0.7142857142857143, 0, 0], [0, 0, 0, 0.28679704666137695, 0, 0, 8, 3, 10, 0, 0, 0, 0, 1, 1, 4, 0, 0, 0, 2, 0, 0.6666666666666666, 0, 0], [0, 0, 0, 0.2872605323791504, 0, 0, 8, 10, 17, 0, 0, 0, 0, 6, 2, 6, 0, 0, 0, 9, 0, 0.6666666666666666, 0, 0], [1, 0, 1, 0.007372260093688965, 1, 0, 8, 13, 20, 1, 0, 1, 1, 3, 9, 5, 0, 0, 0, 12, 1, 0.8333333333333334, 0, 0], [0, 0, 0, 0.08880573511123657, 0, 0, 8, 13, 20, 0, 0, 0, 0, 9, 3, 5, 0, 0, 0, 12, 0, 0.5, 0, 0], [1, 0, 1, 0.14071506261825562, 0, 1, 8, 6, 13, 1, 0, 1, 0, 2, 2, 6, 0, 0, 0, 5, 0, 0.8, 0, 0], [0, 0, 0, 0.04487639665603638, 0, 0, 8, 13, 20, 0, 0, 0, 0, 4, 8, 5, 0, 0, 0, 12, 0, 0.6666666666666666, 0, 0], [1, 0, 0, 0.08106878399848938, 0, 0, 8, 3, 10, 1, 0, 0, 0, 1, 1, 5, 0, 0, 0, 2, 0, 0.6666666666666666, 0, 0], [0, 0, 0, 0.0032741427421569824, 0, 0, 8, 7, 14, 0, 0, 0, 0, 5, 1, 2, 0, 0, 0, 6, 0, 0.5, 0, 0], [0, 0, 0, 0.014590203762054443, 0, 0, 8, 11, 18, 0, 0, 0, 0, 7, 3, 4, 0, 0, 0, 10, 0, 0.5, 0, 0], [1, 0, 1, 0.03375375270843506, 1, 0, 7, 13, 19, 1, 0, 1, 1, 2, 10, 4, 0, 0, 0, 12, 1, 0.8333333333333334, 0, 0], [0, 0, 0, 0.010142207145690918, 0, 0, 8, 3, 10, 0, 0, 0, 0, 1, 1, 3, 0, 0, 0, 2, 0, 0.5, 0, 0], [0, 0, 0, 0.06449416279792786, 0, 0, 8, 6, 13, 0, 0, 1, 0, 4, 1, 4, 0, 0, 0, 5, 0, 0.5, 0, 0], [0, 0, 0, 0.26431769132614136, 0, 0, 8, 3, 10, 0, 0, 0, 0, 1, 1, 4, 0, 0, 0, 2, 0, 0.8, 0, 0], [1, 0, 0, 0.01748347282409668, 0, 0, 5, 3, 7, 1, 0, 0, 0, 1, 1, 1, 0, 0, 0, 2, 0, 0.6666666666666666, 0, 0], [1, 0, 1, 0.05636286735534668, 1, 0, 8, 13, 20, 1, 0, 1, 1, 4, 8, 5, 0, 0, 0, 12, 1, 0.6666666666666666, 0, 0], [1, 0, 1, 0.11847436428070068, 0, 0, 8, 8, 15, 1, 0, 1, 1, 5, 2, 3, 0, 0, 0, 7, 1, 0.6666666666666666, 0, 0], [1, 0, 1, 0.11152702569961548, 1, 0, 8, 9, 16, 1, 0, 1, 1, 3, 4, 5, 0, 0, 0, 8, 1, 0.5, 0, 0], [1, 0, 1, 0.03263294696807861, 1, 0, 8, 13, 20, 1, 0, 1, 1, 8, 3, 1, 0, 0, 0, 12, 1, 0.5714285714285714, 0, 0], [1, 0, 0, 0.02058243751525879, 0, 0, 8, 3, 10, 1, 0, 0, 0, 1, 1, 5, 0, 0, 0, 2, 1, 0.6666666666666666, 0, 0], [1, 0, 0, 0.1281449794769287, 1, 0, 8, 10, 17, 1, 0, 1, 0, 5, 3, 5, 0, 0, 0, 9, 0, 0.6666666666666666, 0, 0], [0, 0, 0, 0.007339596748352051, 0, 0, 8, 13, 20, 0, 0, 0, 0, 11, 1, 2, 0, 0, 0, 12, 0, 0.3333333333333333, 0, 0], [0, 0, 0, 0.017064332962036133, 0, 0, 8, 3, 10, 0, 0, 0, 0, 1, 1, 7, 0, 0, 0, 2, 0, 0.5, 0, 0], [0, 0, 0, 0.05657994747161865, 0, 0, 8, 3, 10, 0, 0, 0, 0, 1, 1, 2, 0, 0, 0, 2, 0, 0.6666666666666666, 0, 0], [0, 0, 0, 0.024915099143981934, 0, 0, 8, 13, 20, 0, 0, 0, 0, 8, 3, 1, 0, 0, 0, 12, 0, 0.5, 0, 0], [0, 0, 0, 0.04916048049926758, 0, 0, 8, 13, 20, 0, 0, 0, 0, 8, 3, 5, 0, 0, 0, 12, 0, 0.6666666666666666, 0, 0], [0, 0, 1, 0.03755667805671692, 0, 0, 8, 9, 16, 0, 0, 1, 0, 4, 2, 3, 0, 0, 0, 8, 0, 0.5, 0, 0], [0, 0, 0, 0.11671397089958191, 0, 0, 8, 7, 14, 0, 0, 0, 0, 4, 2, 4, 0, 0, 0, 6, 0, 0.6666666666666666, 0, 0], [0, 0, 0, 0.017112642526626587, 0, 0, 8, 5, 12, 0, 0, 0, 0, 1, 3, 4, 0, 0, 0, 4, 0, 0.5, 0, 0], [0, 0, 0, 0.06386008858680725, 0, 0, 8, 4, 11, 0, 0, 0, 0, 2, 1, 4, 0, 0, 0, 3, 0, 0.6666666666666666, 0, 0], [1, 0, 0, 0.020712077617645264, 0, 0, 8, 5, 12, 1, 0, 0, 0, 1, 3, 6, 0, 0, 0, 4, 0, 0.8, 0, 0], [0, 0, 0, 0.2935395836830139, 0, 0, 8, 3, 10, 0, 0, 0, 0, 1, 1, 5, 0, 0, 0, 2, 0, 0.6666666666666666, 0, 0], [0, 0, 0, 0.012028530240058899, 0, 0, 8, 3, 10, 0, 0, 0, 0, 1, 1, 4, 0, 0, 0, 2, 0, 0.8, 0, 0], [0, 0, 0, 0.1576043963432312, 0, 0, 8, 4, 11, 0, 0, 0, 0, 2, 1, 6, 0, 0, 0, 3, 0, 0.75, 0, 0], [0, 0, 0, 0.0013353824615478516, 0, 0, 8, 3, 10, 0, 0, 0, 0, 1, 1, 4, 0, 0, 0, 2, 0, 0.6, 0, 0], [1, 0, 1, 0.23041391372680664, 0, 0, 8, 13, 20, 1, 0, 1, 1, 2, 10, 6, 0, 0, 0, 12, 0, 0.6666666666666666, 0, 0], [1, 0, 0, 0.2121962308883667, 0, 0, 8, 6, 13, 1, 0, 0, 0, 3, 2, 5, 0, 0, 0, 5, 0, 0.75, 0, 0], [0, 0, 0, 0.018840670585632324, 0, 0, 6, 3, 8, 0, 0, 0, 0, 1, 1, 5, 0, 0, 0, 2, 0, 0.75, 0, 0], [0, 0, 0, 0.03343844413757324, 0, 0, 8, 5, 12, 0, 0, 0, 0, 3, 1, 1, 0, 0, 0, 4, 0, 0.5, 0, 0], [0, 0, 0, 0.029571115970611572, 0, 0, 8, 13, 20, 0, 0, 0, 0, 4, 7, 1, 0, 0, 0, 12, 0, 0.5, 0, 0], [0, 0, 0, 0.025484919548034668, 0, 0, 8, 4, 11, 0, 0, 0, 0, 1, 2, 4, 0, 0, 0, 3, 0, 0.5, 0, 0], [0, 0, 0, 0.0382656455039978, 0, 0, 8, 3, 10, 0, 0, 0, 0, 1, 1, 4, 0, 0, 0, 2, 0, 0.5, 0, 0], [0, 0, 0, 0.006275773048400879, 0, 0, 5, 12, 16, 0, 0, 0, 0, 9, 2, 3, 0, 0, 0, 11, 0, 0.75, 0, 0], [1, 0, 1, 0.0236474871635437, 0, 0, 8, 4, 11, 1, 0, 1, 1, 2, 1, 4, 0, 0, 0, 3, 0, 0.5, 0, 0], [1, 0, 0, 0.0, 0, 0, 8, 13, 20, 1, 0, 1, 0, 7, 3, 5, 0, 0, 0, 12, 0, 0.5, 0, 0], [0, 0, 0, 0.004862308502197266, 0, 0, 8, 3, 10, 0, 0, 0, 0, 1, 1, 5, 0, 0, 0, 2, 0, 0.5, 0, 0], [1, 0, 1, 0.10837548971176147, 1, 0, 8, 10, 17, 1, 0, 1, 1, 6, 2, 5, 0, 0, 0, 9, 1, 0.6666666666666666, 0, 0], [0, 0, 0, 0.05321735143661499, 0, 0, 8, 4, 11, 0, 0, 0, 0, 2, 1, 4, 0, 0, 0, 3, 0, 0.5, 0, 0], [0, 0, 0, 0.009385526180267334, 0, 0, 8, 9, 16, 0, 0, 0, 0, 5, 2, 2, 0, 0, 0, 8, 0, 0.6, 0, 0], [0, 0, 0, 0.055951595306396484, 0, 0, 8, 4, 11, 0, 0, 0, 0, 2, 1, 5, 0, 0, 0, 3, 0, 0.75, 0, 0], [0, 0, 0, 0.037613868713378906, 0, 0, 8, 13, 20, 0, 0, 0, 0, 7, 4, 1, 0, 0, 0, 12, 0, 0.5, 0, 0], [1, 0, 1, 0.09761214256286621, 1, 0, 8, 6, 13, 1, 0, 1, 1, 2, 3, 6, 0, 0, 0, 5, 1, 0.75, 0, 0], [0, 0, 0, 0.013967573642730713, 0, 0, 8, 9, 16, 0, 0, 0, 0, 7, 1, 4, 0, 0, 0, 8, 0, 0.5, 0, 0], [1, 0, 1, 0.152113676071167, 0, 0, 7, 7, 13, 1, 1, 1, 1, 2, 4, 6, 0, 0, 0, 6, 0, 0.75, 0, 0], [1, 0, 1, 0.02562505006790161, 1, 0, 8, 7, 14, 1, 0, 1, 1, 2, 4, 1, 0, 0, 0, 6, 1, 0.75, 0, 0], [0, 0, 0, 0.0806969702243805, 0, 0, 8, 13, 20, 0, 0, 0, 0, 9, 3, 1, 0, 0, 0, 12, 0, 0.2222222222222222, 0, 0], [1, 0, 1, 0.2698603868484497, 1, 0, 8, 4, 11, 1, 0, 1, 1, 2, 1, 2, 0, 0, 0, 3, 1, 0.5, 0, 0], [1, 0, 1, 0.08969831466674805, 1, 0, 8, 7, 14, 1, 0, 1, 1, 2, 4, 5, 0, 0, 0, 6, 0, 0.8571428571428571, 0, 0], [1, 0, 1, 0.006010770797729492, 1, 0, 8, 13, 20, 1, 0, 1, 1, 3, 7, 5, 0, 0, 0, 12, 1, 0.8333333333333334, 0, 0], [0, 0, 0, 0.16038206219673157, 0, 0, 8, 3, 10, 0, 0, 0, 0, 1, 1, 4, 0, 0, 0, 2, 0, 0.6666666666666666, 0, 0], [1, 0, 1, 0.002000272274017334, 1, 0, 8, 9, 16, 1, 0, 1, 1, 2, 6, 4, 0, 0, 0, 8, 0, 0.5714285714285714, 0, 0], [0, 0, 0, 0.04877862334251404, 0, 0, 8, 6, 13, 0, 0, 0, 0, 4, 1, 5, 0, 0, 0, 5, 0, 0.6666666666666666, 0, 0], [1, 0, 0, 0.021768271923065186, 0, 0, 8, 3, 10, 1, 0, 0, 0, 1, 1, 5, 0, 0, 0, 2, 0, 0.6, 0, 0], [1, 0, 1, 0.03978914022445679, 1, 0, 8, 5, 12, 1, 0, 1, 1, 2, 2, 5, 0, 0, 0, 4, 1, 0.8333333333333334, 0, 0], [0, 0, 0, 0.21310412883758545, 0, 0, 8, 3, 10, 0, 0, 0, 0, 1, 1, 2, 0, 0, 0, 2, 0, 0.3333333333333333, 0, 0], [0, 0, 0, 0.004188418388366699, 0, 0, 8, 5, 12, 0, 0, 0, 0, 3, 1, 3, 0, 0, 0, 4, 0, 0.7727272727272727, 0, 0], [1, 0, 0, 0.167901873588562, 0, 0, 8, 10, 17, 1, 0, 1, 0, 5, 3, 5, 0, 0, 0, 9, 0, 0.5, 0, 0], [0, 0, 0, 0.030733972787857056, 0, 0, 8, 12, 19, 0, 0, 0, 0, 10, 1, 2, 0, 0, 0, 11, 0, 0.5, 0, 0], [1, 0, 0, 0.04060930013656616, 0, 0, 8, 4, 11, 1, 0, 0, 0, 1, 2, 7, 0, 0, 0, 3, 1, 0.75, 0, 0], [1, 0, 0, 0.0, 1, 0, 8, 7, 14, 1, 0, 1, 1, 3, 2, 4, 0, 0, 0, 6, 1, 0.8, 0, 0], [0, 0, 0, 0.07007640600204468, 0, 0, 8, 13, 20, 0, 0, 0, 0, 9, 3, 1, 0, 0, 0, 12, 0, 0.2222222222222222, 0, 0], [0, 0, 0, 0.12171381711959839, 0, 0, 8, 9, 16, 0, 0, 1, 0, 5, 3, 6, 0, 0, 0, 8, 0, 0.6666666666666666, 0, 0], [0, 0, 0, 0.08619904518127441, 0, 0, 8, 13, 20, 0, 0, 0, 0, 7, 3, 5, 0, 0, 0, 12, 0, 0.5, 0, 0], [1, 0, 1, 0.012086689472198486, 1, 0, 8, 7, 14, 1, 0, 1, 1, 4, 2, 1, 0, 0, 0, 6, 1, 0.5, 0, 0], [0, 0, 0, 0.02031823992729187, 0, 0, 8, 9, 16, 0, 0, 0, 0, 7, 1, 4, 0, 0, 0, 8, 0, 0.5, 0, 0], [1, 0, 0, 0.0032426118850708008, 0, 0, 8, 13, 20, 1, 0, 1, 0, 7, 3, 3, 0, 0, 0, 12, 0, 0.5714285714285714, 0, 0], [0, 0, 0, 0.31670957803726196, 0, 0, 8, 3, 10, 0, 0, 0, 0, 1, 1, 5, 0, 0, 0, 2, 0, 0.5, 0, 0], [1, 0, 1, 0.12408101558685303, 0, 0, 8, 7, 14, 1, 0, 1, 1, 4, 2, 3, 0, 0, 0, 6, 0, 0.875, 0, 0], [1, 0, 1, 0.1567266583442688, 0, 0, 8, 5, 12, 1, 0, 1, 1, 2, 2, 4, 0, 0, 0, 4, 0, 0.5625, 0, 0], [1, 0, 1, 0.009336411952972412, 1, 0, 7, 5, 11, 1, 0, 1, 1, 2, 2, 4, 0, 0, 0, 4, 1, 0.8, 0, 0], [0, 0, 0, 0.05537688732147217, 0, 0, 8, 13, 20, 0, 0, 0, 0, 4, 8, 5, 0, 0, 0, 12, 0, 0.6666666666666666, 0, 0], [0, 0, 0, 0.04289707541465759, 0, 0, 8, 13, 20, 0, 0, 0, 0, 9, 2, 1, 0, 0, 0, 12, 0, 0.3333333333333333, 0, 0], [1, 0, 0, 0.0, 0, 0, 8, 9, 16, 1, 0, 1, 0, 5, 2, 5, 0, 0, 0, 8, 1, 0.6666666666666666, 0, 0], [0, 0, 0, 0.17820537090301514, 0, 0, 8, 3, 10, 0, 0, 0, 0, 1, 1, 3, 0, 0, 0, 2, 0, 0.6666666666666666, 0, 0], [1, 0, 0, 0.13689154386520386, 0, 0, 8, 3, 10, 1, 1, 0, 0, 1, 1, 5, 0, 0, 0, 2, 0, 0.625, 0, 0], [0, 0, 0, 0.06957364082336426, 0, 0, 8, 3, 10, 0, 0, 0, 0, 1, 1, 1, 0, 0, 0, 2, 0, 0.11764705882352941, 0, 0], [0, 0, 0, 0.023662090301513672, 0, 0, 8, 3, 10, 0, 0, 0, 0, 1, 1, 4, 0, 0, 0, 2, 0, 0.5, 0, 0], [0, 0, 0, 0.00833892822265625, 0, 0, 8, 13, 20, 0, 0, 1, 0, 7, 5, 1, 0, 0, 0, 12, 0, 0.5714285714285714, 0, 0], [1, 0, 1, 0.04071223735809326, 0, 0, 8, 5, 12, 1, 0, 1, 1, 2, 2, 6, 0, 0, 0, 4, 0, 0.6666666666666666, 0, 0], [1, 0, 0, 0.12037771940231323, 1, 0, 8, 4, 11, 1, 0, 1, 0, 2, 1, 3, 0, 0, 0, 3, 1, 0.6666666666666666, 0, 0], [0, 0, 0, 0.0031929314136505127, 0, 0, 8, 5, 12, 0, 0, 0, 0, 3, 1, 4, 0, 0, 0, 4, 0, 0.5, 0, 0], [0, 0, 0, 0.043462157249450684, 0, 0, 8, 3, 10, 0, 0, 0, 0, 1, 1, 5, 0, 0, 0, 2, 0, 0.5, 0, 0], [0, 0, 0, 0.030794501304626465, 0, 0, 8, 3, 10, 0, 0, 0, 0, 1, 1, 3, 0, 0, 0, 2, 0, 0.8333333333333334, 0, 0], [0, 0, 0, 0.27431008219718933, 0, 0, 8, 3, 10, 0, 0, 0, 0, 1, 1, 2, 0, 0, 0, 2, 0, 0.5, 0, 0], [0, 0, 0, 0.1761595606803894, 0, 0, 8, 3, 10, 0, 0, 0, 0, 1, 1, 4, 0, 0, 0, 2, 0, 0.5, 0, 0], [0, 0, 0, 0.17321467399597168, 0, 0, 8, 10, 17, 0, 0, 0, 0, 6, 2, 5, 0, 0, 0, 9, 0, 0.6666666666666666, 0, 0], [0, 0, 0, 0.0477692186832428, 0, 0, 8, 4, 11, 0, 0, 0, 0, 2, 1, 3, 0, 0, 0, 3, 0, 0.6666666666666666, 0, 0], [0, 0, 0, 0.12206661701202393, 0, 0, 8, 3, 10, 0, 0, 0, 0, 1, 1, 6, 0, 0, 0, 2, 0, 0.75, 0, 0], [1, 0, 0, 0.0416221022605896, 0, 0, 8, 3, 10, 1, 0, 0, 0, 1, 1, 5, 0, 0, 0, 2, 0, 0.5, 0, 0], [1, 0, 1, 0.0, 0, 0, 8, 4, 11, 1, 0, 1, 1, 2, 1, 3, 0, 0, 0, 3, 0, 0.8333333333333334, 0, 0], [1, 0, 1, 0.04808562994003296, 1, 0, 8, 5, 12, 1, 0, 1, 1, 2, 2, 6, 0, 0, 0, 4, 1, 0.6666666666666666, 0, 0], [1, 0, 1, 0.039124250411987305, 1, 0, 8, 6, 13, 1, 0, 1, 1, 2, 3, 5, 0, 0, 0, 5, 1, 0.8333333333333334, 0, 0], [0, 0, 0, 0.22683456540107727, 0, 0, 8, 3, 10, 0, 0, 0, 0, 1, 1, 4, 0, 0, 0, 2, 0, 0.6666666666666666, 0, 0], [1, 0, 1, 0.018685638904571533, 1, 0, 8, 5, 12, 1, 0, 1, 1, 2, 2, 7, 0, 0, 0, 4, 1, 0.8, 0, 0], [1, 0, 1, 0.23041391372680664, 0, 0, 8, 13, 20, 1, 0, 1, 1, 2, 9, 6, 0, 0, 0, 12, 0, 0.6666666666666666, 0, 0], [1, 0, 1, 0.002793729305267334, 1, 0, 8, 6, 13, 1, 0, 1, 1, 2, 3, 3, 0, 0, 0, 5, 1, 0.8333333333333334, 0, 0], [1, 0, 0, 0.12255418300628662, 0, 0, 8, 3, 10, 1, 0, 0, 0, 1, 1, 3, 0, 0, 0, 2, 0, 0.5, 0, 0], [0, 0, 0, 0.09580320119857788, 0, 0, 8, 4, 11, 0, 0, 0, 0, 2, 1, 4, 0, 0, 0, 3, 0, 0.6666666666666666, 0, 0], [0, 0, 0, 0.0928347110748291, 0, 0, 8, 5, 12, 0, 0, 0, 0, 3, 1, 2, 0, 0, 0, 4, 0, 0.5, 0, 0], [0, 0, 0, 0.045059800148010254, 0, 0, 8, 13, 20, 0, 0, 0, 0, 11, 1, 1, 0, 0, 0, 12, 0, 0.09090909090909091, 0, 0], [0, 0, 0, 0.21330410242080688, 0, 0, 8, 3, 10, 0, 0, 0, 0, 1, 1, 5, 0, 0, 0, 2, 0, 0.7142857142857143, 0, 0], [0, 0, 0, 0.040950894355773926, 0, 0, 8, 4, 11, 0, 0, 0, 0, 2, 1, 3, 0, 0, 0, 3, 0, 0.8333333333333334, 0, 0], [0, 0, 0, 0.006801337003707886, 0, 0, 8, 12, 19, 0, 0, 0, 0, 10, 1, 2, 0, 0, 0, 11, 0, 0.5, 0, 0], [1, 0, 0, 0.0, 1, 0, 8, 5, 12, 1, 0, 1, 0, 3, 1, 3, 0, 0, 0, 4, 1, 0.5625, 0, 0], [1, 0, 1, 0.012499451637268066, 1, 0, 8, 13, 20, 1, 1, 1, 0, 5, 4, 2, 0, 0, 0, 12, 1, 0.5714285714285714, 0, 0], [1, 0, 1, 0.019659757614135742, 1, 0, 8, 9, 16, 1, 0, 1, 1, 6, 2, 2, 0, 0, 0, 8, 1, 0.5, 0, 0], [0, 0, 0, 0.034221768379211426, 0, 0, 8, 7, 14, 0, 0, 0, 0, 5, 1, 3, 0, 0, 0, 6, 0, 0.5, 0, 0], [0, 0, 0, 0.030794501304626465, 0, 0, 8, 3, 10, 0, 0, 0, 0, 1, 1, 3, 0, 0, 0, 2, 0, 0.8333333333333334, 0, 0], [0, 0, 0, 0.026555895805358887, 0, 0, 8, 9, 16, 0, 0, 0, 0, 7, 1, 3, 0, 0, 0, 8, 0, 0.5, 0, 0], [0, 0, 0, 0.009407103061676025, 0, 0, 8, 13, 20, 0, 0, 1, 0, 9, 3, 1, 0, 0, 0, 12, 0, 0.6666666666666666, 0, 0], [0, 0, 0, 0.0011734962463378906, 0, 0, 8, 3, 10, 0, 0, 0, 0, 1, 1, 5, 0, 0, 0, 2, 0, 0.7777777777777778, 0, 0], [0, 0, 0, 0.020412743091583252, 0, 0, 8, 3, 10, 0, 0, 0, 0, 1, 1, 2, 0, 0, 0, 2, 0, 0.5, 0, 0], [0, 0, 0, 0.2061280608177185, 0, 0, 8, 10, 17, 0, 0, 0, 0, 7, 2, 1, 0, 0, 0, 9, 0, 0.5, 0, 0], [0, 0, 0, 0.09007257223129272, 0, 0, 8, 3, 10, 0, 0, 0, 0, 1, 1, 5, 0, 0, 0, 2, 0, 0.6666666666666666, 0, 0], [0, 0, 0, 0.0, 0, 0, 7, 12, 18, 0, 0, 0, 0, 9, 2, 5, 0, 0, 0, 11, 0, 0.5, 0, 0], [1, 0, 0, 0.0013567209243774414, 0, 0, 8, 13, 20, 1, 0, 0, 0, 10, 2, 4, 0, 0, 0, 12, 0, 0.6666666666666666, 0, 0], [0, 0, 0, 0.014690637588500977, 0, 0, 8, 5, 12, 0, 0, 0, 0, 2, 2, 4, 0, 0, 0, 4, 0, 0.6666666666666666, 0, 0], [1, 0, 0, 0.07464581727981567, 0, 0, 8, 3, 10, 1, 0, 0, 0, 1, 1, 1, 0, 0, 0, 2, 0, 0.5, 0, 0], [1, 0, 1, 0.057892560958862305, 0, 1, 8, 3, 10, 1, 0, 0, 0, 1, 1, 5, 0, 0, 0, 2, 0, 0.6666666666666666, 0, 0], [1, 0, 1, 0.14071506261825562, 0, 1, 8, 6, 13, 1, 0, 1, 0, 2, 2, 6, 0, 0, 0, 5, 0, 0.8, 0, 0], [0, 0, 0, 0.12701916694641113, 0, 0, 8, 9, 16, 0, 0, 0, 0, 6, 2, 5, 0, 0, 0, 8, 0, 0.5, 0, 0], [0, 0, 0, 0.24109488725662231, 0, 0, 8, 3, 10, 0, 0, 0, 0, 1, 1, 4, 0, 0, 0, 2, 0, 0.875, 0, 0], [1, 0, 1, 0.0071160197257995605, 1, 0, 8, 13, 20, 1, 0, 1, 1, 5, 7, 5, 0, 0, 0, 12, 1, 0.8333333333333334, 0, 0], [0, 0, 0, 0.08653408288955688, 0, 0, 8, 3, 10, 0, 0, 0, 0, 1, 1, 4, 0, 0, 0, 2, 0, 0.5, 0, 0], [1, 0, 1, 0.0, 1, 0, 3, 4, 6, 1, 0, 1, 1, 2, 1, 2, 0, 0, 0, 3, 1, 0.6666666666666666, 0, 0], [1, 0, 0, 0.0023131966590881348, 1, 0, 8, 13, 20, 1, 1, 1, 0, 11, 1, 1, 0, 0, 0, 12, 1, 0.2857142857142857, 0, 0], [0, 0, 0, 0.006110429763793945, 0, 0, 8, 5, 12, 0, 0, 0, 0, 3, 1, 2, 0, 0, 0, 4, 0, 0.8333333333333334, 0, 0], [1, 0, 0, 0.020803332328796387, 0, 0, 8, 6, 13, 1, 0, 0, 0, 4, 1, 3, 0, 0, 0, 5, 0, 0.75, 0, 0], [1, 0, 1, 0.03662824630737305, 1, 0, 8, 7, 14, 1, 0, 1, 1, 4, 2, 1, 0, 0, 0, 6, 1, 0.5714285714285714, 0, 0], [1, 0, 0, 0.11086821556091309, 0, 0, 8, 3, 10, 1, 0, 0, 0, 1, 1, 4, 0, 0, 0, 2, 1, 0.6666666666666666, 0, 0], [0, 0, 0, 0.0156552791595459, 0, 0, 8, 3, 10, 0, 0, 0, 0, 1, 1, 3, 0, 0, 0, 2, 0, 0.7727272727272727, 0, 0], [0, 0, 0, 0.022899657487869263, 0, 0, 8, 7, 14, 0, 0, 0, 0, 5, 1, 3, 0, 0, 0, 6, 0, 0.5, 0, 0], [1, 0, 1, 0.005657553672790527, 0, 1, 8, 3, 10, 1, 0, 0, 0, 1, 1, 4, 0, 0, 0, 2, 0, 0.6666666666666666, 0, 0], [0, 0, 0, 0.15246081352233887, 0, 0, 8, 4, 11, 0, 0, 0, 0, 2, 1, 2, 0, 0, 0, 3, 0, 0.5, 0, 0], [0, 0, 0, 0.0062697529792785645, 0, 0, 8, 4, 11, 0, 0, 0, 0, 1, 2, 4, 0, 0, 0, 3, 0, 0.8333333333333334, 0, 0], [1, 0, 1, 0.003021240234375, 1, 1, 8, 6, 13, 1, 0, 1, 1, 2, 3, 3, 0, 0, 0, 5, 1, 0.8333333333333334, 0, 0], [0, 0, 0, 0.01704537868499756, 0, 0, 8, 13, 20, 0, 0, 0, 0, 9, 2, 1, 0, 0, 0, 12, 0, 0.5, 0, 0], [0, 0, 0, 0.012714207172393799, 0, 0, 8, 13, 20, 0, 0, 0, 0, 10, 2, 1, 0, 0, 0, 12, 0, 0.3, 0, 0], [0, 0, 0, 0.009407103061676025, 0, 0, 8, 13, 20, 0, 0, 1, 0, 9, 2, 1, 0, 0, 0, 12, 0, 0.6666666666666666, 0, 0], [0, 0, 0, 0.027373671531677246, 0, 0, 8, 4, 11, 0, 0, 0, 0, 2, 1, 5, 0, 0, 0, 3, 0, 0.5, 0, 0], [1, 0, 0, 0.14953988790512085, 0, 0, 8, 9, 16, 1, 0, 1, 0, 5, 2, 5, 0, 0, 0, 8, 0, 0.5, 0, 0], [0, 0, 0, 0.26256078481674194, 0, 0, 8, 3, 10, 0, 0, 0, 0, 1, 1, 3, 0, 0, 0, 2, 0, 0.7, 0, 0], [0, 0, 0, 0.0, 0, 0, 8, 13, 20, 0, 0, 0, 0, 6, 5, 4, 0, 0, 0, 12, 0, 0.5, 0, 0], [0, 0, 0, 0.018635094165802002, 0, 0, 8, 4, 11, 0, 0, 0, 0, 2, 1, 4, 0, 0, 0, 3, 0, 0.5, 0, 0], [0, 0, 0, 0.17237639427185059, 0, 0, 8, 3, 10, 0, 0, 0, 0, 1, 1, 4, 0, 0, 0, 2, 0, 0.5, 0, 0], [0, 0, 0, 0.020401597023010254, 0, 0, 8, 11, 18, 0, 0, 0, 0, 7, 3, 4, 0, 0, 0, 10, 0, 0.5, 0, 0], [1, 0, 0, 0.17948132753372192, 0, 0, 8, 4, 11, 1, 0, 0, 0, 2, 1, 5, 0, 0, 0, 3, 0, 0.5, 0, 0], [0, 0, 0, 0.003952682018280029, 0, 0, 8, 3, 10, 0, 0, 0, 0, 1, 1, 5, 0, 0, 0, 2, 0, 0.6666666666666666, 0, 0], [1, 0, 0, 0.32939964532852173, 0, 0, 8, 3, 10, 1, 0, 0, 0, 1, 1, 3, 0, 0, 0, 2, 0, 0.6666666666666666, 0, 0], [0, 0, 0, 0.0404052734375, 0, 0, 8, 5, 12, 0, 0, 0, 0, 2, 2, 4, 0, 0, 0, 4, 0, 0.5, 0, 0], [1, 0, 0, 0.0, 0, 0, 4, 4, 7, 1, 0, 0, 0, 2, 1, 3, 0, 0, 0, 3, 0, 0.6666666666666666, 0, 0], [1, 0, 1, 0.027940869331359863, 0, 0, 8, 4, 11, 1, 0, 1, 1, 2, 1, 4, 0, 0, 0, 3, 0, 0.6666666666666666, 0, 0], [0, 0, 0, 0.008038461208343506, 0, 0, 8, 3, 10, 0, 0, 0, 0, 1, 1, 3, 0, 0, 0, 2, 0, 0.7727272727272727, 0, 0], [1, 0, 0, 0.023177266120910645, 0, 0, 7, 3, 9, 1, 0, 0, 0, 1, 1, 6, 0, 0, 0, 2, 0, 0.6666666666666666, 0, 0], [0, 0, 0, 0.041237711906433105, 0, 0, 8, 7, 14, 0, 0, 0, 0, 5, 1, 5, 0, 0, 0, 6, 0, 0.6666666666666666, 0, 0], [0, 0, 0, 0.02586120367050171, 0, 0, 8, 7, 14, 0, 0, 0, 0, 5, 1, 2, 0, 0, 0, 6, 0, 0.5, 0, 0], [0, 0, 0, 0.05111318826675415, 0, 0, 8, 5, 12, 0, 0, 0, 0, 2, 2, 4, 0, 0, 0, 4, 0, 0.5, 0, 0], [0, 0, 0, 0.044057607650756836, 0, 0, 8, 13, 20, 0, 0, 0, 0, 10, 2, 1, 0, 0, 0, 12, 0, 0.5, 0, 0], [1, 0, 1, 0.021505773067474365, 1, 0, 8, 13, 20, 1, 0, 1, 1, 5, 7, 1, 0, 0, 0, 12, 0, 0.5, 0, 0], [0, 0, 0, 0.022491931915283203, 0, 0, 8, 7, 14, 0, 0, 0, 0, 5, 1, 5, 0, 0, 0, 6, 0, 0.875, 0, 0], [1, 0, 1, 0.02881145477294922, 1, 0, 8, 13, 20, 1, 0, 1, 1, 10, 2, 1, 0, 0, 0, 12, 1, 0.2222222222222222, 0, 0], [1, 0, 1, 0.0027840733528137207, 1, 0, 8, 13, 20, 1, 0, 1, 1, 2, 10, 3, 0, 0, 0, 12, 1, 0.75, 0, 0], [1, 0, 0, 0.019094407558441162, 0, 0, 8, 7, 14, 1, 0, 1, 0, 3, 2, 6, 0, 0, 0, 6, 0, 0.6666666666666666, 0, 0], [0, 0, 0, 0.17006587982177734, 0, 0, 8, 5, 12, 0, 0, 0, 0, 3, 1, 4, 0, 0, 0, 4, 0, 0.5, 0, 0], [0, 0, 0, 0.04061925411224365, 0, 0, 8, 3, 10, 0, 0, 0, 0, 1, 1, 7, 0, 0, 0, 2, 0, 0.5, 0, 0], [0, 0, 0, 0.01869705319404602, 0, 0, 8, 4, 11, 0, 0, 0, 0, 2, 1, 4, 0, 0, 0, 3, 0, 0.6666666666666666, 0, 0], [0, 0, 0, 0.03524768352508545, 0, 0, 8, 5, 12, 0, 0, 0, 0, 3, 1, 2, 0, 0, 0, 4, 0, 0.5, 0, 0], [1, 0, 0, 0.3513382077217102, 0, 0, 8, 4, 11, 1, 0, 0, 0, 2, 1, 4, 0, 0, 0, 3, 0, 0.75, 0, 0], [0, 0, 0, 0.017743796110153198, 0, 0, 8, 4, 11, 0, 0, 0, 0, 2, 1, 4, 0, 0, 0, 3, 0, 0.6666666666666666, 0, 0], [0, 0, 0, 0.009893953800201416, 0, 0, 8, 7, 14, 0, 0, 0, 0, 4, 2, 3, 0, 0, 0, 6, 0, 0.8333333333333334, 0, 0], [0, 0, 0, 0.040587544441223145, 0, 0, 8, 3, 10, 0, 0, 0, 0, 1, 1, 4, 0, 0, 0, 2, 0, 0.6666666666666666, 0, 0], [1, 0, 0, 0.014469355344772339, 1, 0, 8, 13, 20, 1, 0, 0, 0, 8, 3, 1, 0, 0, 0, 12, 1, 0.6666666666666666, 0, 0], [0, 0, 0, 0.06705683469772339, 0, 0, 8, 3, 10, 0, 0, 0, 0, 1, 1, 5, 0, 0, 0, 2, 0, 0.5, 0, 0], [0, 0, 0, 0.06232297420501709, 0, 0, 8, 11, 18, 0, 0, 0, 0, 3, 7, 6, 0, 0, 0, 10, 0, 0.5, 0, 0], [0, 0, 0, 0.017185479402542114, 0, 0, 8, 8, 15, 0, 0, 0, 0, 6, 1, 3, 0, 0, 0, 7, 0, 0.5, 0, 0], [0, 0, 0, 0.06637191772460938, 0, 0, 8, 3, 10, 0, 0, 0, 0, 1, 1, 7, 0, 0, 0, 2, 0, 0.75, 0, 0], [1, 0, 0, 0.04808545112609863, 1, 0, 8, 4, 11, 1, 0, 1, 0, 2, 1, 4, 0, 0, 0, 3, 0, 0.75, 0, 0], [1, 0, 1, 0.0, 0, 0, 4, 7, 10, 1, 0, 1, 1, 2, 3, 3, 0, 0, 0, 6, 1, 0.75, 0, 0], [0, 0, 0, 0.017282158136367798, 0, 0, 8, 13, 20, 0, 0, 0, 0, 11, 1, 2, 0, 0, 0, 12, 0, 0.3333333333333333, 0, 0], [0, 0, 0, 0.034015953540802, 0, 0, 8, 4, 11, 0, 0, 0, 0, 2, 1, 4, 0, 0, 0, 3, 0, 0.6666666666666666, 0, 0], [1, 0, 1, 0.007619261741638184, 0, 0, 8, 13, 20, 1, 0, 1, 1, 9, 3, 3, 0, 0, 0, 12, 1, 0.7777777777777778, 0, 0], [0, 0, 0, 0.051398247480392456, 0, 0, 8, 3, 10, 0, 0, 0, 0, 1, 1, 3, 0, 0, 0, 2, 0, 0.6666666666666666, 0, 0], [0, 0, 0, 0.055362820625305176, 0, 0, 8, 3, 10, 0, 0, 0, 0, 1, 1, 3, 0, 0, 0, 2, 0, 0.5, 0, 0], [1, 0, 1, 0.0973101258277893, 0, 0, 8, 10, 17, 1, 0, 1, 1, 3, 5, 6, 0, 0, 0, 9, 1, 0.6666666666666666, 0, 0], [0, 0, 0, 0.06906187534332275, 0, 0, 8, 5, 12, 0, 0, 0, 0, 3, 1, 4, 0, 0, 0, 4, 0, 0.5, 0, 0], [1, 0, 0, 0.0005325675010681152, 0, 0, 8, 13, 20, 1, 0, 0, 0, 9, 3, 1, 0, 0, 0, 12, 0, 0.2222222222222222, 0, 0], [0, 0, 0, 0.011312663555145264, 0, 0, 8, 5, 12, 0, 0, 0, 0, 3, 1, 1, 0, 0, 0, 4, 0, 0.2, 0, 0], [1, 0, 0, 0.01681572198867798, 0, 0, 8, 3, 10, 1, 0, 0, 0, 1, 1, 5, 0, 0, 0, 2, 0, 0.9375, 0, 0], [1, 0, 1, 0.001959860324859619, 1, 0, 8, 13, 20, 1, 0, 1, 1, 3, 7, 6, 0, 0, 0, 12, 1, 0.6, 0, 0], [0, 0, 0, 0.0003565549850463867, 0, 0, 8, 4, 11, 0, 0, 0, 0, 2, 1, 6, 0, 0, 0, 3, 0, 0.5, 0, 0], [0, 0, 0, 0.09286022186279297, 0, 0, 8, 5, 12, 0, 0, 0, 0, 2, 2, 6, 0, 0, 0, 4, 0, 0.75, 0, 0], [0, 0, 0, 0.1475766897201538, 0, 0, 8, 8, 15, 0, 0, 0, 0, 2, 5, 4, 0, 0, 0, 7, 0, 0.6666666666666666, 0, 0], [0, 0, 0, 0.02880150079727173, 0, 0, 8, 3, 10, 0, 0, 0, 0, 1, 1, 3, 0, 0, 0, 2, 0, 0.5714285714285714, 0, 0], [0, 0, 0, 0.12034857273101807, 0, 0, 8, 4, 11, 0, 0, 0, 0, 2, 1, 2, 0, 0, 0, 3, 0, 0.6666666666666666, 0, 0], [1, 0, 0, 0.027566611766815186, 0, 0, 8, 3, 10, 1, 0, 0, 0, 1, 1, 2, 0, 0, 0, 2, 0, 0.5, 0, 0], [0, 0, 0, 0.03306964039802551, 0, 0, 8, 3, 10, 0, 0, 0, 0, 1, 1, 4, 0, 0, 0, 2, 0, 0.5, 0, 0], [0, 0, 0, 0.023321330547332764, 0, 0, 8, 13, 20, 0, 0, 1, 0, 10, 2, 3, 0, 0, 0, 12, 0, 0.3333333333333333, 0, 0], [0, 0, 0, 0.011900246143341064, 0, 0, 8, 13, 20, 0, 0, 0, 0, 7, 4, 1, 0, 0, 0, 12, 0, 0.5, 0, 0], [0, 0, 0, 0.0008096694946289062, 0, 0, 8, 13, 20, 0, 0, 0, 0, 7, 3, 2, 0, 0, 0, 12, 0, 0.6666666666666666, 0, 0], [1, 0, 0, 0.0, 0, 0, 2, 8, 9, 1, 0, 1, 0, 3, 3, 1, 0, 0, 0, 7, 0, 0.6666666666666666, 0, 0], [0, 0, 0, 0.0026708245277404785, 0, 0, 8, 4, 11, 0, 0, 0, 0, 1, 2, 6, 0, 0, 0, 3, 0, 0.75, 0, 0], [0, 0, 0, 0.022849708795547485, 0, 0, 8, 13, 20, 0, 0, 0, 0, 10, 2, 2, 0, 0, 0, 12, 0, 0.3333333333333333, 0, 0], [1, 0, 0, 0.011240661144256592, 0, 0, 8, 3, 10, 1, 0, 0, 0, 1, 1, 5, 0, 0, 0, 2, 0, 0.6666666666666666, 0, 0], [1, 0, 1, 0.007709145545959473, 1, 0, 8, 12, 19, 1, 0, 1, 1, 4, 7, 5, 0, 0, 0, 11, 1, 0.7727272727272727, 0, 0], [0, 0, 1, 0.03755667805671692, 0, 0, 8, 9, 16, 0, 0, 1, 0, 4, 2, 3, 0, 0, 0, 8, 0, 0.5, 0, 0], [1, 0, 0, 0.027940869331359863, 0, 0, 8, 4, 11, 1, 1, 1, 0, 2, 1, 4, 0, 0, 0, 3, 0, 0.6666666666666666, 0, 0], [0, 0, 0, 0.03001806139945984, 0, 0, 8, 6, 13, 0, 0, 0, 0, 4, 1, 2, 0, 0, 0, 5, 0, 0.5, 0, 0], [1, 0, 0, 0.43736302852630615, 0, 0, 7, 4, 10, 1, 0, 0, 0, 2, 1, 6, 0, 0, 0, 3, 0, 0.5, 0, 0], [0, 0, 0, 0.000920027494430542, 0, 0, 8, 7, 14, 0, 0, 0, 0, 5, 1, 3, 0, 0, 0, 6, 0, 0.5, 0, 0], [0, 0, 0, 0.03827857971191406, 0, 0, 8, 5, 12, 0, 0, 0, 0, 3, 1, 5, 0, 0, 0, 4, 0, 0.5, 0, 0], [1, 0, 0, 0.017798244953155518, 0, 0, 8, 9, 16, 1, 0, 0, 0, 4, 4, 6, 0, 0, 0, 8, 0, 0.75, 0, 0], [0, 0, 0, 0.02222287654876709, 0, 0, 8, 3, 10, 0, 0, 0, 0, 1, 1, 4, 0, 0, 0, 2, 0, 0.75, 0, 0], [0, 0, 0, 0.06364008784294128, 0, 0, 8, 4, 11, 0, 0, 0, 0, 2, 1, 5, 0, 0, 0, 3, 0, 0.5, 0, 0], [0, 0, 0, 0.03231549263000488, 0, 0, 8, 7, 14, 0, 0, 1, 0, 4, 2, 3, 0, 0, 0, 6, 0, 0.5, 0, 0], [0, 0, 0, 0.20264357328414917, 0, 0, 8, 3, 10, 0, 0, 0, 0, 1, 1, 4, 0, 0, 0, 2, 0, 0.6666666666666666, 0, 0], [1, 0, 1, 0.007568299770355225, 1, 0, 8, 13, 20, 1, 1, 1, 1, 10, 2, 3, 0, 0, 0, 12, 1, 0.8333333333333334, 0, 0], [0, 0, 0, 0.05479228496551514, 0, 0, 8, 5, 12, 0, 0, 0, 0, 2, 2, 3, 0, 0, 0, 4, 0, 0.6666666666666666, 0, 0], [0, 0, 0, 0.0026539266109466553, 0, 0, 8, 7, 14, 0, 0, 0, 0, 5, 1, 4, 0, 0, 0, 6, 0, 0.875, 0, 0], [1, 0, 0, 0.017483532428741455, 0, 0, 5, 3, 7, 1, 0, 0, 0, 1, 1, 1, 0, 0, 0, 2, 0, 0.6666666666666666, 0, 0], [0, 0, 0, 0.026556074619293213, 0, 0, 8, 13, 20, 0, 0, 0, 0, 11, 1, 3, 0, 0, 0, 12, 0, 0.5, 0, 0], [1, 0, 0, 0.0, 0, 0, 8, 4, 11, 1, 0, 0, 0, 2, 1, 7, 0, 0, 0, 3, 0, 0.5, 0, 0], [0, 0, 0, 0.0004655122756958008, 0, 0, 8, 13, 20, 0, 0, 0, 0, 9, 2, 4, 0, 0, 0, 12, 0, 0.6666666666666666, 0, 0], [1, 0, 1, 0.11152702569961548, 1, 0, 8, 9, 16, 1, 0, 1, 1, 3, 4, 5, 0, 0, 0, 8, 1, 0.5, 0, 0], [0, 0, 0, 0.09346204996109009, 0, 0, 8, 3, 10, 0, 0, 0, 0, 1, 1, 4, 0, 0, 0, 2, 0, 0.6666666666666666, 0, 0], [0, 0, 0, 0.0013199150562286377, 0, 0, 8, 13, 20, 0, 0, 1, 0, 11, 1, 2, 0, 0, 0, 12, 0, 0.5, 0, 0], [0, 0, 0, 0.03517833352088928, 0, 0, 8, 11, 18, 0, 0, 0, 0, 9, 1, 4, 0, 0, 0, 10, 0, 0.5, 0, 0], [1, 0, 0, 0.1281449794769287, 1, 0, 8, 10, 17, 1, 0, 1, 0, 5, 3, 5, 0, 0, 0, 9, 0, 0.6666666666666666, 0, 0], [0, 0, 0, 0.0178910493850708, 0, 0, 8, 5, 12, 0, 0, 0, 0, 3, 1, 3, 0, 0, 0, 4, 0, 0.6666666666666666, 0, 0], [0, 0, 0, 0.038750648498535156, 0, 0, 8, 4, 11, 0, 0, 0, 0, 2, 1, 3, 0, 0, 0, 3, 0, 0.8333333333333334, 0, 0], [0, 0, 0, 0.014130592346191406, 0, 0, 8, 13, 20, 0, 0, 0, 0, 11, 1, 2, 0, 0, 0, 12, 0, 0.5, 0, 0], [0, 0, 0, 0.021575987339019775, 0, 0, 8, 13, 20, 0, 0, 0, 0, 11, 1, 1, 0, 0, 0, 12, 0, 0.5, 0, 0], [1, 0, 1, 0.021505773067474365, 1, 0, 8, 13, 20, 1, 0, 1, 1, 5, 6, 1, 0, 0, 0, 12, 0, 0.5, 0, 0], [1, 0, 1, 0.0066127777099609375, 1, 0, 5, 5, 9, 1, 0, 1, 1, 2, 2, 4, 0, 0, 0, 4, 1, 0.6666666666666666, 0, 0], [1, 0, 0, 0.016795039176940918, 0, 0, 8, 7, 14, 1, 0, 0, 0, 2, 3, 6, 0, 0, 0, 6, 0, 0.6666666666666666, 0, 0], [0, 0, 0, 0.10980390012264252, 0, 0, 8, 3, 10, 0, 0, 0, 0, 1, 1, 2, 0, 0, 0, 2, 0, 0.8571428571428571, 0, 0], [0, 0, 0, 0.022512972354888916, 0, 0, 8, 13, 20, 0, 0, 0, 0, 8, 3, 1, 0, 0, 0, 12, 0, 0.5, 0, 0], [0, 0, 0, 0.0, 0, 0, 6, 4, 9, 0, 0, 0, 0, 2, 1, 5, 0, 0, 0, 3, 0, 0.9375, 0, 0], [0, 0, 0, 0.05853721499443054, 0, 0, 8, 8, 15, 0, 0, 0, 0, 5, 2, 2, 0, 0, 0, 7, 0, 0.5, 0, 0], [0, 0, 0, 0.13036149740219116, 0, 0, 8, 3, 10, 0, 0, 0, 0, 1, 1, 3, 0, 0, 0, 2, 0, 0.6666666666666666, 0, 0], [1, 0, 0, 0.0020905733108520508, 1, 0, 8, 13, 20, 1, 0, 1, 0, 7, 3, 1, 0, 0, 0, 12, 1, 0.5, 0, 0], [0, 0, 0, 0.003071337938308716, 0, 0, 8, 3, 10, 0, 0, 0, 0, 1, 1, 4, 0, 0, 0, 2, 0, 0.5, 0, 0], [0, 0, 0, 0.09532254934310913, 0, 0, 8, 3, 10, 0, 1, 0, 0, 1, 1, 4, 0, 0, 0, 2, 0, 0.7142857142857143, 0, 0], [1, 0, 0, 0.007880866527557373, 0, 0, 6, 4, 9, 1, 0, 0, 0, 2, 1, 5, 0, 0, 0, 3, 0, 0.75, 0, 0], [1, 0, 0, 0.015799760818481445, 0, 0, 8, 3, 10, 1, 0, 0, 0, 1, 1, 3, 0, 0, 0, 2, 0, 0.5714285714285714, 0, 0], [1, 0, 0, 0.022590160369873047, 0, 0, 7, 5, 11, 1, 0, 1, 0, 2, 2, 5, 0, 0, 0, 4, 0, 0.8, 0, 0], [0, 0, 0, 0.019037336111068726, 0, 0, 8, 5, 12, 0, 0, 0, 0, 3, 1, 4, 0, 0, 0, 4, 0, 0.6666666666666666, 0, 0], [1, 0, 1, 0.03947162628173828, 1, 0, 8, 4, 11, 1, 0, 1, 0, 2, 1, 1, 0, 0, 0, 3, 1, 0.8333333333333334, 0, 0], [1, 0, 1, 0.12220942974090576, 1, 0, 5, 4, 8, 1, 0, 1, 1, 2, 1, 3, 0, 0, 0, 3, 0, 0.8888888888888888, 0, 0], [0, 0, 0, 0.003919839859008789, 0, 0, 8, 13, 20, 0, 0, 1, 0, 10, 2, 1, 0, 0, 0, 12, 0, 0.6, 0, 0], [1, 0, 1, 0.042434632778167725, 1, 0, 6, 9, 14, 1, 0, 1, 1, 3, 4, 4, 0, 0, 0, 8, 1, 0.75, 0, 0], [0, 0, 0, 0.08480113744735718, 0, 0, 8, 3, 10, 0, 0, 0, 0, 1, 1, 3, 0, 0, 0, 2, 0, 0.5714285714285714, 0, 0], [0, 0, 0, 0.015867948532104492, 0, 0, 8, 13, 20, 0, 0, 1, 1, 8, 2, 2, 0, 0, 0, 12, 0, 0.3333333333333333, 0, 0], [0, 0, 0, 0.07240909337997437, 0, 0, 8, 13, 20, 0, 0, 0, 0, 11, 1, 1, 0, 0, 0, 12, 0, 0.16666666666666666, 0, 0], [0, 0, 0, 0.045593053102493286, 0, 0, 8, 4, 11, 0, 0, 0, 0, 2, 1, 4, 0, 0, 0, 3, 0, 0.8, 0, 0], [0, 0, 0, 0.002628326416015625, 0, 0, 8, 4, 11, 0, 0, 0, 0, 2, 1, 5, 0, 0, 0, 3, 0, 0.9375, 0, 0], [0, 0, 0, 0.191267192363739, 0, 0, 8, 3, 10, 0, 1, 0, 0, 1, 1, 4, 0, 0, 0, 2, 0, 0.5, 0, 0], [0, 0, 0, 0.09868532419204712, 0, 0, 8, 3, 10, 0, 0, 0, 0, 1, 1, 4, 0, 0, 0, 2, 0, 0.75, 0, 0], [0, 0, 0, 0.19674575328826904, 0, 0, 8, 3, 10, 0, 1, 0, 0, 1, 1, 4, 0, 0, 0, 2, 0, 0.5, 0, 0], [0, 0, 0, 0.11974316835403442, 0, 0, 8, 3, 10, 0, 0, 0, 0, 1, 1, 4, 0, 0, 0, 2, 0, 0.6666666666666666, 0, 0], [0, 0, 0, 0.04328477382659912, 0, 0, 8, 4, 11, 0, 0, 0, 0, 2, 1, 6, 0, 0, 0, 3, 0, 0.5, 0, 0], [0, 0, 0, 0.1218915581703186, 0, 0, 8, 9, 16, 0, 0, 0, 0, 4, 3, 5, 0, 0, 0, 8, 0, 0.5, 0, 0], [1, 0, 1, 0.0027840733528137207, 1, 0, 8, 13, 20, 1, 0, 1, 1, 2, 10, 3, 0, 0, 0, 12, 1, 0.75, 0, 0], [0, 0, 0, 0.1878175139427185, 0, 0, 8, 3, 10, 0, 0, 0, 0, 1, 1, 2, 0, 0, 0, 2, 0, 0.6666666666666666, 0, 0], [1, 0, 1, 0.005007743835449219, 0, 0, 8, 5, 12, 1, 0, 1, 0, 3, 1, 5, 0, 0, 0, 4, 0, 0.6666666666666666, 0, 0], [0, 0, 0, 0.01898401975631714, 0, 0, 8, 7, 14, 0, 0, 0, 0, 4, 2, 5, 0, 0, 0, 6, 0, 0.5, 0, 0], [0, 0, 0, 0.2652343809604645, 0, 0, 8, 3, 10, 0, 0, 0, 0, 1, 1, 4, 0, 0, 0, 2, 0, 0.6666666666666666, 0, 0], [0, 0, 0, 0.15653246641159058, 0, 0, 8, 3, 10, 0, 0, 0, 0, 1, 1, 4, 0, 0, 0, 2, 0, 0.5, 0, 0], [0, 0, 0, 0.016635417938232422, 0, 0, 8, 3, 10, 0, 0, 0, 0, 1, 1, 6, 0, 0, 0, 2, 0, 0.5, 0, 0], [0, 0, 0, 0.010956287384033203, 0, 0, 8, 13, 20, 0, 0, 0, 0, 7, 3, 1, 0, 0, 0, 12, 0, 0.5, 0, 0], [0, 0, 0, 0.17370259761810303, 0, 0, 8, 3, 10, 0, 0, 0, 0, 1, 1, 6, 0, 0, 0, 2, 0, 0.7142857142857143, 0, 0], [1, 0, 1, 0.0, 1, 0, 7, 6, 12, 1, 0, 1, 1, 3, 2, 6, 0, 0, 0, 5, 1, 0.8, 0, 0], [0, 0, 0, 0.22960859537124634, 0, 0, 8, 13, 20, 0, 0, 0, 0, 6, 4, 3, 0, 0, 0, 12, 0, 0.5, 0, 0], [1, 0, 0, 0.018935978412628174, 0, 0, 8, 5, 12, 1, 0, 1, 0, 2, 2, 2, 0, 0, 0, 4, 0, 0.5, 0, 0], [0, 0, 0, 0.01269620656967163, 0, 0, 8, 4, 11, 0, 0, 1, 0, 2, 1, 6, 0, 0, 0, 3, 0, 0.6666666666666666, 0, 0], [0, 0, 0, 0.006430864334106445, 0, 0, 8, 3, 10, 0, 0, 0, 0, 1, 1, 7, 0, 0, 0, 2, 0, 0.5, 0, 0], [0, 0, 0, 0.10331667959690094, 0, 0, 8, 3, 10, 0, 0, 0, 0, 1, 1, 5, 0, 0, 0, 2, 0, 0.75, 0, 0], [0, 0, 0, 0.022550106048583984, 0, 0, 8, 8, 15, 0, 0, 0, 0, 1, 6, 6, 0, 0, 0, 7, 0, 0.8333333333333334, 0, 0], [1, 0, 1, 0.003021240234375, 1, 1, 8, 6, 13, 1, 0, 1, 1, 2, 3, 3, 0, 0, 0, 5, 1, 0.8333333333333334, 0, 0], [1, 0, 1, 0.002000272274017334, 1, 0, 8, 9, 16, 1, 0, 1, 1, 2, 6, 4, 0, 0, 0, 8, 0, 0.5714285714285714, 0, 0], [0, 0, 0, 0.11095196008682251, 0, 0, 8, 6, 13, 0, 0, 0, 0, 3, 2, 4, 0, 0, 0, 5, 0, 0.5, 0, 0], [1, 0, 0, 0.22761821746826172, 1, 0, 8, 13, 20, 1, 0, 1, 0, 2, 10, 6, 0, 0, 0, 12, 1, 0.6666666666666666, 0, 0], [1, 0, 1, 0.0, 0, 0, 8, 4, 11, 1, 0, 1, 1, 2, 1, 3, 0, 0, 0, 3, 0, 0.8333333333333334, 0, 0], [0, 0, 0, 0.052225708961486816, 0, 0, 7, 3, 9, 0, 0, 0, 0, 1, 1, 6, 0, 0, 0, 2, 0, 0.75, 0, 0], [0, 0, 0, 0.03043586015701294, 0, 0, 8, 3, 10, 0, 0, 0, 0, 1, 1, 5, 0, 0, 0, 2, 0, 0.5, 0, 0], [0, 0, 0, 0.05897444486618042, 0, 0, 8, 4, 11, 0, 0, 0, 0, 2, 1, 1, 0, 0, 0, 3, 0, 0.5714285714285714, 0, 0], [1, 0, 1, 0.07121944427490234, 1, 0, 8, 5, 12, 1, 0, 1, 1, 2, 2, 6, 0, 0, 0, 4, 1, 0.5, 0, 0], [1, 0, 0, 0.0, 0, 0, 8, 6, 13, 1, 0, 1, 1, 4, 1, 3, 0, 0, 0, 5, 0, 0.5, 0, 0], [0, 0, 0, 0.29792699217796326, 0, 0, 8, 3, 10, 0, 0, 0, 0, 1, 1, 4, 0, 0, 0, 2, 0, 0.75, 0, 0], [1, 0, 1, 0.1697201132774353, 0, 0, 8, 4, 11, 1, 0, 1, 1, 2, 1, 2, 0, 0, 0, 3, 0, 0.6666666666666666, 0, 0], [0, 0, 0, 0.01432788372039795, 0, 0, 8, 5, 12, 0, 0, 0, 0, 3, 1, 4, 0, 0, 0, 4, 0, 0.5, 0, 0], [0, 0, 0, 0.18181979656219482, 0, 0, 8, 3, 10, 0, 0, 0, 0, 1, 1, 4, 0, 0, 0, 2, 0, 0.5, 0, 0], [0, 0, 0, 0.016788959503173828, 0, 0, 8, 3, 10, 0, 0, 0, 0, 1, 1, 4, 0, 0, 0, 2, 0, 0.5, 0, 0], [0, 0, 0, 0.1379169523715973, 0, 0, 8, 3, 10, 0, 0, 0, 0, 1, 1, 3, 0, 0, 0, 2, 0, 0.6666666666666666, 0, 0], [0, 0, 0, 0.0, 0, 0, 8, 3, 10, 0, 0, 0, 0, 1, 1, 4, 0, 0, 0, 2, 0, 0.5, 0, 0], [1, 0, 0, 0.07445213198661804, 0, 0, 8, 4, 11, 1, 0, 0, 0, 2, 1, 2, 0, 0, 0, 3, 0, 0.5, 0, 0], [1, 0, 0, 0.08026623725891113, 0, 0, 8, 3, 10, 1, 0, 0, 0, 1, 1, 3, 0, 0, 0, 2, 0, 0.5, 0, 0], [0, 0, 0, 0.03895699977874756, 0, 0, 8, 3, 10, 0, 0, 0, 0, 1, 1, 2, 0, 0, 0, 2, 0, 0.5, 0, 0], [1, 0, 1, 0.23041391372680664, 0, 0, 8, 13, 20, 1, 0, 1, 1, 1, 11, 6, 0, 0, 0, 12, 0, 0.6666666666666666, 0, 0], [1, 0, 0, 0.012700855731964111, 0, 0, 8, 4, 11, 1, 0, 0, 0, 2, 1, 5, 0, 0, 0, 3, 0, 0.5, 0, 0], [0, 0, 0, 0.18786519765853882, 0, 0, 8, 3, 10, 0, 0, 0, 0, 1, 1, 4, 0, 0, 0, 2, 0, 0.5, 0, 0], [0, 0, 0, 0.3506500720977783, 0, 0, 8, 3, 10, 0, 0, 0, 0, 1, 1, 3, 0, 0, 0, 2, 0, 0.5, 0, 0], [1, 0, 1, 0.24099445343017578, 0, 1, 8, 3, 10, 1, 0, 0, 0, 1, 1, 7, 0, 0, 0, 2, 0, 0.8333333333333334, 0, 0], [0, 0, 0, 0.009853959083557129, 0, 0, 8, 13, 20, 0, 0, 0, 0, 7, 5, 3, 0, 0, 0, 12, 0, 0.5714285714285714, 0, 0], [0, 0, 0, 0.021598637104034424, 0, 0, 8, 3, 10, 0, 0, 0, 0, 1, 1, 4, 0, 0, 0, 2, 0, 0.6666666666666666, 0, 0], [1, 0, 0, 0.07142263650894165, 1, 0, 8, 6, 13, 1, 0, 1, 0, 4, 1, 4, 0, 0, 0, 5, 1, 0.5, 0, 0], [0, 0, 0, 0.013097494840621948, 0, 0, 8, 3, 10, 0, 0, 0, 0, 1, 1, 4, 0, 0, 0, 2, 0, 0.5, 0, 0], [0, 0, 0, 0.016771793365478516, 0, 0, 8, 3, 10, 0, 0, 0, 0, 1, 1, 5, 0, 0, 0, 2, 0, 0.5, 0, 0], [1, 0, 1, 0.23041391372680664, 0, 0, 8, 13, 20, 1, 0, 1, 1, 2, 10, 6, 0, 0, 0, 12, 0, 0.6666666666666666, 0, 0], [0, 0, 0, 0.03212594985961914, 0, 0, 8, 3, 10, 0, 0, 0, 0, 1, 1, 4, 0, 0, 0, 2, 0, 0.5, 0, 0], [0, 0, 0, 0.009403973817825317, 0, 0, 8, 13, 20, 0, 0, 0, 0, 11, 1, 4, 0, 0, 0, 12, 0, 0.6666666666666666, 0, 0], [0, 0, 0, 0.028762459754943848, 0, 0, 8, 7, 14, 0, 0, 0, 0, 5, 1, 4, 0, 0, 0, 6, 0, 0.5625, 0, 0], [0, 0, 0, 0.018302470445632935, 0, 0, 8, 7, 14, 0, 0, 0, 0, 4, 2, 1, 0, 0, 0, 6, 0, 0.36363636363636365, 0, 0], [0, 0, 0, 0.010683000087738037, 0, 0, 8, 7, 14, 0, 0, 0, 0, 1, 5, 5, 0, 0, 0, 6, 0, 0.8333333333333334, 0, 0], [1, 0, 0, 0.0007288455963134766, 0, 0, 8, 11, 18, 1, 0, 1, 0, 7, 3, 3, 0, 0, 0, 10, 0, 0.5, 0, 0], [1, 0, 1, 0.114163339138031, 1, 0, 8, 7, 14, 1, 0, 1, 1, 3, 3, 5, 0, 0, 0, 6, 0, 0.6666666666666666, 0, 0], [0, 0, 1, 0.09032845497131348, 0, 0, 8, 6, 13, 0, 0, 1, 0, 3, 2, 6, 0, 0, 0, 5, 0, 0.6666666666666666, 0, 0], [1, 0, 0, 0.13689154386520386, 0, 0, 8, 3, 10, 1, 0, 0, 0, 1, 1, 5, 0, 0, 0, 2, 0, 0.625, 0, 0], [0, 0, 0, 0.010532677173614502, 0, 0, 8, 5, 12, 0, 0, 0, 0, 3, 1, 4, 0, 0, 0, 4, 0, 0.5, 0, 0], [1, 0, 1, 0.0637979507446289, 1, 1, 8, 3, 10, 1, 0, 0, 0, 1, 1, 5, 0, 0, 0, 2, 0, 0.875, 0, 0], [0, 0, 0, 0.030496597290039062, 0, 0, 8, 3, 10, 0, 0, 0, 0, 1, 1, 4, 0, 0, 0, 2, 0, 0.8, 0, 0], [0, 0, 0, 0.07897341251373291, 0, 0, 8, 4, 11, 0, 0, 0, 0, 2, 1, 5, 0, 0, 0, 3, 0, 0.5, 0, 0], [0, 0, 0, 0.076690673828125, 0, 0, 8, 3, 10, 0, 0, 0, 0, 1, 1, 4, 0, 0, 0, 2, 0, 0.75, 0, 0], [1, 0, 0, 0.016815662384033203, 0, 0, 8, 3, 10, 1, 0, 0, 0, 1, 1, 5, 0, 0, 0, 2, 0, 0.9375, 0, 0], [0, 0, 0, 0.24257910251617432, 0, 0, 8, 3, 10, 0, 0, 0, 0, 1, 1, 3, 0, 0, 0, 2, 0, 0.5, 0, 0], [0, 0, 0, 0.00038313865661621094, 0, 0, 8, 11, 18, 0, 0, 0, 0, 9, 1, 2, 0, 0, 0, 10, 0, 0.5, 0, 0], [0, 0, 0, 0.012171745300292969, 0, 0, 8, 13, 20, 0, 0, 0, 0, 7, 5, 2, 0, 0, 0, 12, 0, 0.8333333333333334, 0, 0], [1, 0, 1, 0.00838470458984375, 1, 0, 8, 4, 11, 1, 0, 1, 1, 2, 1, 3, 0, 0, 0, 3, 1, 0.8333333333333334, 0, 0], [0, 0, 0, 0.19250500202178955, 0, 0, 8, 10, 17, 0, 0, 1, 0, 7, 2, 5, 0, 0, 0, 9, 0, 0.6666666666666666, 0, 0], [0, 0, 0, 0.016695022583007812, 0, 0, 8, 13, 20, 0, 0, 1, 0, 9, 3, 5, 0, 0, 0, 12, 0, 0.6666666666666666, 0, 0], [0, 0, 0, 0.17372500896453857, 0, 0, 8, 4, 11, 0, 0, 0, 0, 2, 1, 4, 0, 0, 0, 3, 0, 0.875, 0, 0], [1, 0, 0, 0.015202820301055908, 0, 0, 8, 7, 14, 1, 0, 0, 0, 3, 2, 6, 0, 0, 0, 6, 0, 0.6666666666666666, 0, 0], [1, 0, 1, 0.005007743835449219, 0, 0, 8, 5, 12, 1, 0, 1, 0, 3, 1, 5, 0, 0, 0, 4, 0, 0.6666666666666666, 0, 0], [0, 0, 0, 0.023551225662231445, 0, 0, 8, 3, 10, 0, 0, 0, 0, 1, 1, 3, 0, 0, 0, 2, 0, 0.5, 0, 0], [0, 0, 0, 0.1619165539741516, 0, 0, 8, 4, 11, 0, 0, 0, 0, 2, 1, 4, 0, 0, 0, 3, 0, 0.5, 0, 0], [0, 0, 0, 0.061465322971343994, 0, 0, 8, 9, 16, 0, 0, 0, 0, 6, 2, 2, 0, 0, 0, 8, 0, 0.5, 0, 0], [1, 0, 0, 0.0192490816116333, 0, 0, 8, 9, 16, 1, 0, 0, 0, 5, 2, 5, 0, 0, 0, 8, 0, 0.5, 0, 0], [0, 0, 0, 0.030794501304626465, 0, 0, 8, 3, 10, 0, 0, 0, 0, 1, 1, 3, 0, 0, 0, 2, 0, 0.8333333333333334, 0, 0], [0, 0, 0, 0.18369412422180176, 0, 0, 8, 10, 17, 0, 0, 0, 0, 6, 2, 5, 0, 0, 0, 9, 0, 0.6666666666666666, 0, 0], [0, 0, 0, 0.011521026492118835, 0, 0, 8, 4, 11, 0, 0, 0, 0, 2, 1, 2, 0, 0, 0, 3, 0, 0.5, 0, 0], [1, 0, 1, 0.03947162628173828, 1, 0, 8, 4, 11, 1, 0, 1, 0, 2, 1, 1, 0, 0, 0, 3, 1, 0.8333333333333334, 0, 0], [0, 0, 0, 0.03603941202163696, 0, 0, 8, 3, 10, 0, 0, 0, 0, 1, 1, 6, 0, 0, 0, 2, 0, 0.6666666666666666, 0, 0], [0, 0, 0, 0.021119236946105957, 0, 0, 8, 9, 16, 0, 0, 0, 0, 5, 3, 5, 0, 0, 0, 8, 0, 0.5, 0, 0], [1, 0, 1, 0.1638696789741516, 1, 0, 8, 10, 17, 1, 0, 1, 1, 7, 2, 6, 0, 0, 0, 9, 0, 0.5714285714285714, 0, 0], [0, 0, 0, 0.0995790958404541, 0, 0, 8, 3, 10, 0, 0, 0, 0, 1, 1, 5, 0, 0, 0, 2, 0, 0.6666666666666666, 0, 0], [1, 0, 0, 0.018239140510559082, 0, 1, 8, 4, 11, 1, 0, 0, 0, 1, 2, 5, 0, 0, 0, 3, 0, 0.6666666666666666, 0, 0], [0, 0, 0, 0.2818344235420227, 0, 0, 8, 3, 10, 0, 0, 0, 0, 1, 1, 5, 0, 0, 0, 2, 0, 0.6666666666666666, 0, 0], [1, 0, 1, 0.23041391372680664, 0, 0, 8, 13, 20, 1, 0, 1, 1, 2, 10, 6, 0, 0, 0, 12, 0, 0.6666666666666666, 0, 0], [0, 0, 0, 0.1260913610458374, 0, 0, 8, 3, 10, 0, 0, 0, 0, 1, 1, 4, 0, 0, 0, 2, 0, 0.6666666666666666, 0, 0], [0, 0, 0, 0.03992763161659241, 0, 0, 8, 5, 12, 0, 0, 0, 0, 1, 3, 4, 0, 0, 0, 4, 0, 0.5, 0, 0], [1, 0, 1, 0.0, 1, 0, 2, 6, 7, 1, 0, 1, 1, 3, 2, 1, 0, 0, 0, 5, 1, 0.6666666666666666, 0, 0], [0, 0, 0, 0.028388142585754395, 0, 0, 8, 11, 18, 0, 0, 0, 0, 7, 3, 4, 0, 0, 0, 10, 0, 0.5, 0, 0], [1, 0, 0, 0.02823847532272339, 0, 0, 8, 13, 20, 1, 0, 0, 0, 8, 4, 5, 0, 0, 0, 12, 0, 0.7777777777777778, 0, 0], [0, 0, 0, 0.11743706464767456, 0, 0, 8, 3, 10, 0, 0, 0, 0, 1, 1, 5, 0, 0, 0, 2, 0, 0.5, 0, 0], [0, 0, 0, 0.01054409146308899, 0, 0, 8, 5, 12, 0, 0, 0, 0, 3, 1, 6, 0, 0, 0, 4, 0, 0.5, 0, 0], [0, 0, 0, 0.003621399402618408, 0, 0, 5, 12, 16, 0, 0, 0, 0, 9, 2, 4, 0, 0, 0, 11, 0, 0.75, 0, 0], [0, 0, 0, 0.011372655630111694, 0, 0, 8, 11, 18, 0, 0, 0, 0, 9, 1, 4, 0, 0, 0, 10, 0, 0.6666666666666666, 0, 0], [0, 0, 0, 0.07989835739135742, 0, 0, 8, 3, 10, 0, 0, 0, 0, 1, 1, 2, 0, 0, 0, 2, 0, 0.3333333333333333, 0, 0], [0, 0, 0, 0.14268332719802856, 0, 0, 8, 3, 10, 0, 0, 0, 0, 1, 1, 5, 0, 0, 0, 2, 0, 0.6666666666666666, 0, 0], [0, 0, 0, 0.05459719896316528, 0, 0, 8, 13, 20, 0, 0, 0, 0, 11, 1, 1, 0, 0, 0, 12, 0, 0.5, 0, 0], [1, 0, 0, 0.12804019451141357, 0, 0, 2, 12, 13, 1, 0, 1, 0, 5, 6, 1, 0, 0, 0, 11, 0, 0.6666666666666666, 0, 0], [1, 0, 0, 0.0368654727935791, 0, 0, 8, 4, 11, 1, 0, 0, 0, 2, 1, 5, 0, 0, 0, 3, 0, 0.8, 0, 0], [0, 0, 0, 0.0030329227447509766, 0, 0, 8, 13, 20, 0, 0, 1, 0, 9, 2, 3, 0, 0, 0, 12, 0, 0.5, 0, 0], [0, 0, 0, 0.0, 0, 0, 7, 4, 10, 0, 0, 0, 0, 2, 1, 5, 0, 0, 0, 3, 0, 0.75, 0, 0], [1, 0, 0, 0.14432066679000854, 0, 0, 8, 4, 11, 1, 0, 0, 0, 2, 1, 4, 0, 0, 0, 3, 0, 0.75, 0, 0], [1, 0, 1, 0.23041391372680664, 0, 0, 8, 13, 20, 1, 0, 1, 1, 2, 10, 6, 0, 0, 0, 12, 0, 0.6666666666666666, 0, 0], [0, 0, 0, 0.048871368169784546, 0, 0, 8, 13, 20, 0, 0, 0, 0, 9, 3, 1, 0, 0, 0, 12, 0, 0.5, 0, 0], [1, 0, 1, 0.056727707386016846, 1, 0, 8, 6, 13, 1, 0, 1, 1, 2, 2, 3, 0, 0, 0, 5, 1, 0.6, 0, 0], [0, 0, 0, 0.004435420036315918, 0, 0, 8, 13, 20, 0, 0, 0, 0, 10, 2, 1, 0, 0, 0, 12, 0, 0.05, 0, 0], [0, 0, 0, 0.005887508392333984, 0, 0, 8, 11, 18, 0, 0, 0, 0, 9, 1, 3, 0, 0, 0, 10, 0, 0.5, 0, 0], [0, 0, 0, 0.15848547220230103, 0, 0, 8, 4, 11, 0, 0, 0, 0, 2, 1, 4, 0, 0, 0, 3, 0, 0.75, 0, 0], [0, 0, 0, 0.15389811992645264, 0, 0, 8, 5, 12, 0, 0, 0, 0, 3, 1, 1, 0, 0, 0, 4, 0, 0.6666666666666666, 0, 0], [0, 0, 0, 0.07637256383895874, 0, 0, 8, 11, 18, 0, 0, 0, 0, 9, 1, 2, 0, 0, 0, 10, 0, 0.5, 0, 0], [0, 0, 0, 0.09482893347740173, 0, 0, 8, 13, 20, 0, 0, 0, 0, 9, 2, 4, 0, 0, 0, 12, 0, 0.5, 0, 0], [0, 0, 0, 0.026048898696899414, 0, 0, 8, 3, 10, 0, 1, 0, 0, 1, 1, 5, 0, 0, 0, 2, 0, 0.75, 0, 0], [1, 0, 0, 0.03902575373649597, 0, 0, 8, 13, 20, 1, 0, 0, 0, 11, 1, 3, 0, 0, 0, 12, 0, 0.3333333333333333, 0, 0], [1, 0, 0, 0.260593056678772, 0, 0, 7, 5, 11, 1, 0, 1, 0, 2, 2, 6, 0, 0, 0, 4, 0, 0.5, 0, 0], [1, 0, 1, 0.23041391372680664, 0, 0, 8, 13, 20, 1, 0, 1, 1, 1, 11, 6, 0, 0, 0, 12, 0, 0.6666666666666666, 0, 0], [1, 0, 1, 0.007196664810180664, 0, 1, 8, 3, 10, 1, 0, 0, 0, 1, 1, 5, 0, 0, 0, 2, 0, 0.6666666666666666, 0, 0], [1, 0, 0, 0.009231090545654297, 0, 0, 8, 13, 20, 1, 0, 1, 1, 9, 2, 1, 0, 0, 0, 12, 1, 0.6, 0, 0], [0, 0, 0, 0.13976150751113892, 0, 0, 8, 3, 10, 0, 0, 0, 0, 1, 1, 4, 0, 0, 0, 2, 0, 0.5, 0, 0], [0, 0, 0, 0.0003745853900909424, 0, 0, 8, 3, 10, 0, 0, 0, 0, 1, 1, 5, 0, 0, 0, 2, 0, 0.5, 0, 0], [0, 0, 0, 0.1185879111289978, 0, 0, 8, 5, 12, 0, 0, 0, 0, 3, 1, 2, 0, 0, 0, 4, 0, 0.6666666666666666, 0, 0], [0, 0, 0, 0.009607493877410889, 0, 0, 8, 3, 10, 0, 0, 0, 0, 1, 1, 3, 0, 0, 0, 2, 0, 0.5, 0, 0], [1, 0, 1, 0.021911144256591797, 1, 0, 8, 13, 20, 1, 0, 1, 1, 9, 3, 1, 0, 0, 0, 12, 0, 0.5, 0, 0], [0, 0, 0, 0.382442831993103, 0, 0, 8, 3, 10, 0, 0, 0, 0, 1, 1, 5, 0, 0, 0, 2, 0, 0.7142857142857143, 0, 0], [0, 0, 0, 0.08655941486358643, 0, 0, 8, 6, 13, 0, 0, 1, 0, 3, 2, 1, 0, 0, 0, 5, 0, 0.5, 0, 0], [1, 0, 1, 0.0015671253204345703, 1, 0, 8, 4, 11, 1, 0, 1, 1, 2, 1, 3, 0, 0, 0, 3, 1, 0.5, 0, 0], [0, 0, 0, 0.006126046180725098, 0, 0, 8, 4, 11, 0, 0, 0, 0, 2, 1, 5, 0, 0, 0, 3, 0, 0.5, 0, 0], [0, 0, 0, 0.04328399896621704, 0, 0, 8, 5, 12, 0, 0, 0, 0, 3, 1, 4, 0, 0, 0, 4, 0, 0.5, 0, 0], [0, 0, 0, 0.002973198890686035, 0, 0, 8, 13, 20, 0, 0, 0, 0, 10, 2, 2, 0, 0, 0, 12, 0, 0.6666666666666666, 0, 0], [1, 0, 0, 0.046833336353302, 0, 0, 8, 11, 18, 1, 0, 1, 0, 5, 4, 5, 0, 0, 0, 10, 0, 0.6666666666666666, 0, 0], [0, 0, 0, 0.3551592528820038, 0, 0, 8, 3, 10, 0, 0, 0, 0, 1, 1, 4, 0, 0, 0, 2, 0, 0.8, 0, 0], [1, 0, 0, 0.02737441658973694, 0, 1, 8, 6, 13, 1, 0, 0, 0, 4, 1, 4, 0, 0, 0, 5, 0, 0.6666666666666666, 0, 0], [0, 0, 0, 0.0663718581199646, 0, 0, 8, 3, 10, 0, 0, 0, 0, 1, 1, 7, 0, 0, 0, 2, 0, 0.75, 0, 0], [0, 0, 0, 0.00919276475906372, 0, 0, 8, 11, 18, 0, 0, 0, 0, 8, 2, 3, 0, 0, 0, 10, 0, 0.5, 0, 0], [0, 0, 0, 0.12740349769592285, 0, 0, 8, 5, 12, 0, 0, 0, 0, 3, 1, 3, 0, 0, 0, 4, 0, 0.8333333333333334, 0, 0], [0, 0, 0, 0.0075650811195373535, 0, 0, 8, 13, 20, 0, 0, 0, 0, 8, 2, 1, 0, 0, 0, 12, 0, 0.6666666666666666, 0, 0], [1, 0, 0, 0.02852320671081543, 1, 0, 8, 6, 13, 1, 0, 1, 0, 4, 1, 6, 0, 0, 0, 5, 0, 0.75, 0, 0], [0, 0, 0, 0.022631704807281494, 0, 0, 8, 3, 10, 0, 0, 0, 0, 1, 1, 4, 0, 0, 0, 2, 0, 0.5, 0, 0], [0, 0, 0, 0.012729167938232422, 0, 0, 8, 11, 18, 0, 0, 0, 0, 9, 1, 3, 0, 0, 0, 10, 0, 0.5, 0, 0], [0, 0, 0, 0.10398691892623901, 0, 0, 8, 3, 10, 0, 0, 0, 0, 1, 1, 5, 0, 0, 0, 2, 0, 0.6666666666666666, 0, 0], [0, 0, 0, 0.01554882526397705, 0, 0, 8, 11, 18, 0, 0, 0, 0, 9, 1, 2, 0, 0, 0, 10, 0, 0.5, 0, 0], [0, 0, 0, 0.06637191772460938, 0, 0, 8, 3, 10, 0, 0, 0, 0, 1, 1, 7, 0, 0, 0, 2, 0, 0.75, 0, 0], [0, 0, 0, 0.007829904556274414, 0, 0, 8, 13, 20, 0, 0, 0, 0, 4, 8, 5, 0, 0, 0, 12, 0, 0.8333333333333334, 0, 0], [0, 0, 0, 0.10763290524482727, 0, 0, 8, 3, 10, 0, 0, 0, 0, 1, 1, 4, 0, 0, 0, 2, 0, 0.5, 0, 0], [0, 0, 0, 0.009996175765991211, 0, 0, 8, 5, 12, 0, 0, 0, 0, 3, 1, 2, 0, 0, 0, 4, 0, 0.5, 0, 0], [0, 0, 0, 0.0, 0, 0, 8, 13, 20, 0, 0, 1, 0, 8, 3, 3, 0, 0, 0, 12, 0, 0.6666666666666666, 0, 0], [0, 0, 0, 0.15759295225143433, 0, 0, 8, 4, 11, 0, 0, 0, 0, 2, 1, 4, 0, 0, 0, 3, 0, 0.5, 0, 0], [0, 0, 0, 0.011419534683227539, 0, 0, 8, 13, 20, 0, 1, 0, 0, 10, 2, 2, 0, 0, 0, 12, 0, 0.375, 0, 0], [1, 0, 0, 0.011201292276382446, 0, 0, 8, 4, 11, 1, 0, 0, 0, 2, 1, 4, 0, 0, 0, 3, 0, 0.5, 0, 0], [1, 0, 1, 0.0973101258277893, 0, 0, 8, 10, 17, 1, 0, 1, 1, 3, 5, 6, 0, 0, 0, 9, 1, 0.6666666666666666, 0, 0], [0, 0, 0, 0.01720854640007019, 0, 0, 8, 13, 20, 0, 0, 0, 0, 11, 1, 2, 0, 0, 0, 12, 0, 0.3333333333333333, 0, 0], [0, 0, 0, 0.02703869342803955, 0, 0, 8, 3, 10, 0, 0, 0, 0, 1, 1, 4, 0, 0, 0, 2, 0, 0.5, 0, 0], [0, 0, 0, 0.003680706024169922, 0, 0, 8, 3, 10, 0, 0, 0, 0, 1, 1, 4, 0, 0, 0, 2, 0, 0.6666666666666666, 0, 0], [0, 0, 0, 0.009439349174499512, 0, 0, 8, 13, 20, 0, 0, 0, 0, 10, 2, 1, 0, 0, 0, 12, 0, 0.6666666666666666, 0, 0], [1, 0, 1, 0.021911144256591797, 1, 0, 8, 13, 20, 1, 0, 1, 1, 8, 3, 1, 0, 0, 0, 12, 0, 0.5, 0, 0], [0, 0, 0, 0.1776534914970398, 0, 0, 8, 4, 11, 0, 0, 0, 0, 2, 1, 1, 0, 0, 0, 3, 0, 0.125, 0, 0], [0, 0, 0, 0.06090885400772095, 0, 0, 8, 9, 16, 0, 0, 1, 0, 6, 2, 1, 0, 0, 0, 8, 0, 0.6, 0, 0], [0, 0, 0, 0.008988291025161743, 0, 0, 8, 3, 10, 0, 0, 0, 0, 1, 1, 5, 0, 0, 0, 2, 0, 0.6666666666666666, 0, 0], [0, 0, 0, 0.45699942111968994, 0, 0, 8, 3, 10, 0, 0, 0, 0, 1, 1, 5, 0, 0, 0, 2, 0, 0.6666666666666666, 0, 0], [1, 0, 1, 0.019404709339141846, 1, 0, 8, 4, 11, 1, 0, 1, 1, 2, 1, 6, 0, 0, 0, 3, 1, 0.6666666666666666, 0, 0], [1, 0, 1, 0.04808562994003296, 1, 0, 8, 5, 12, 1, 0, 1, 1, 2, 2, 6, 0, 0, 0, 4, 1, 0.6666666666666666, 0, 0], [0, 0, 0, 0.011240601539611816, 0, 0, 8, 3, 10, 0, 0, 0, 0, 1, 1, 5, 0, 0, 0, 2, 0, 0.6666666666666666, 0, 0], [0, 0, 0, 0.035839736461639404, 0, 0, 8, 9, 16, 0, 0, 0, 0, 5, 3, 5, 0, 0, 0, 8, 0, 0.6666666666666666, 0, 0], [1, 0, 1, 0.012499451637268066, 1, 0, 8, 13, 20, 1, 1, 1, 1, 5, 4, 2, 0, 0, 0, 12, 1, 0.5714285714285714, 0, 0], [0, 0, 0, 0.13114601373672485, 0, 0, 8, 3, 10, 0, 0, 0, 0, 1, 1, 2, 0, 0, 0, 2, 0, 0.6666666666666666, 0, 0], [0, 0, 1, 0.10296860337257385, 0, 0, 8, 7, 14, 0, 0, 1, 1, 5, 1, 2, 0, 0, 0, 6, 0, 0.6666666666666666, 0, 0], [0, 0, 0, 0.013495922088623047, 0, 0, 8, 9, 16, 0, 0, 1, 0, 6, 2, 4, 0, 0, 0, 8, 0, 0.5, 0, 0], [0, 0, 0, 0.05055704712867737, 0, 0, 8, 13, 20, 0, 0, 0, 0, 10, 2, 1, 0, 0, 0, 12, 0, 0.09090909090909091, 0, 0], [1, 0, 0, 0.0031897425651550293, 0, 0, 8, 5, 12, 1, 0, 0, 0, 3, 1, 4, 0, 0, 0, 4, 0, 0.8, 0, 0], [0, 0, 0, 0.04167371988296509, 0, 0, 8, 3, 10, 0, 0, 0, 0, 1, 1, 3, 0, 0, 0, 2, 0, 0.5714285714285714, 0, 0], [0, 0, 0, 0.07678592205047607, 0, 0, 8, 7, 14, 0, 0, 1, 0, 3, 2, 4, 0, 0, 0, 6, 0, 0.7727272727272727, 0, 0], [1, 0, 0, 0.1628096103668213, 1, 0, 6, 6, 11, 1, 0, 1, 0, 3, 2, 5, 0, 0, 0, 5, 1, 0.6666666666666666, 0, 0], [0, 0, 0, 0.004151523113250732, 0, 0, 8, 13, 20, 0, 0, 0, 0, 10, 2, 1, 0, 0, 0, 12, 0, 0.25, 0, 0], [1, 0, 0, 0.0519719123840332, 0, 0, 8, 8, 15, 1, 0, 0, 0, 6, 1, 5, 0, 0, 0, 7, 0, 0.5, 0, 0], [1, 0, 0, 0.023177266120910645, 0, 0, 7, 4, 10, 1, 0, 0, 0, 1, 2, 6, 0, 0, 0, 3, 0, 0.6666666666666666, 0, 0], [0, 0, 0, 0.04732707142829895, 0, 0, 8, 13, 20, 0, 0, 0, 0, 11, 1, 2, 0, 0, 0, 12, 0, 0.5, 0, 0], [0, 0, 0, 0.004653900861740112, 0, 0, 8, 13, 20, 0, 0, 0, 0, 9, 3, 1, 0, 0, 0, 12, 0, 0.2222222222222222, 0, 0], [0, 0, 0, 0.13689160346984863, 0, 0, 8, 3, 10, 0, 0, 0, 0, 1, 1, 5, 0, 0, 0, 2, 0, 0.625, 0, 0], [0, 0, 0, 0.02325388789176941, 0, 0, 8, 3, 10, 0, 0, 0, 0, 1, 1, 4, 0, 0, 0, 2, 0, 0.5, 0, 0], [0, 0, 0, 0.06052601337432861, 0, 0, 8, 3, 10, 0, 0, 0, 0, 1, 1, 6, 0, 0, 0, 2, 0, 0.6666666666666666, 0, 0], [0, 0, 0, 0.007706999778747559, 0, 0, 8, 3, 10, 0, 0, 0, 0, 1, 1, 4, 0, 0, 0, 2, 0, 0.6666666666666666, 0, 0], [0, 0, 0, 0.08624005317687988, 0, 0, 8, 4, 11, 0, 0, 0, 0, 2, 1, 4, 0, 0, 0, 3, 0, 0.5, 0, 0], [0, 0, 0, 0.12171381711959839, 0, 0, 8, 9, 16, 0, 0, 1, 0, 5, 3, 6, 0, 0, 0, 8, 0, 0.6666666666666666, 0, 0], [0, 0, 0, 0.027469158172607422, 0, 0, 8, 13, 20, 0, 0, 0, 0, 11, 1, 1, 0, 0, 0, 12, 0, 0.09090909090909091, 0, 0], [1, 0, 1, 0.11596125364303589, 0, 0, 8, 4, 11, 1, 0, 1, 1, 2, 1, 6, 0, 0, 0, 3, 0, 0.6666666666666666, 0, 0], [1, 0, 1, 0.014469355344772339, 1, 0, 8, 13, 20, 1, 0, 1, 1, 10, 2, 1, 0, 0, 0, 12, 1, 0.6666666666666666, 0, 0], [1, 0, 0, 0.06646335124969482, 0, 0, 8, 8, 15, 1, 0, 0, 0, 4, 3, 4, 0, 0, 0, 7, 0, 0.6666666666666666, 0, 0], [0, 0, 0, 0.028180956840515137, 0, 0, 7, 12, 18, 0, 0, 0, 0, 9, 2, 5, 0, 0, 0, 11, 0, 0.5, 0, 0], [1, 0, 1, 0.12460172176361084, 1, 0, 8, 5, 12, 1, 0, 1, 1, 2, 2, 6, 0, 0, 0, 4, 1, 0.8, 0, 0], [0, 0, 0, 0.08640718460083008, 0, 0, 8, 3, 10, 0, 0, 0, 0, 1, 1, 4, 0, 0, 0, 2, 0, 0.6666666666666666, 0, 0], [0, 0, 0, 0.0, 0, 0, 7, 12, 18, 0, 0, 0, 0, 9, 2, 5, 0, 0, 0, 11, 0, 0.5, 0, 0], [0, 0, 0, 0.07954788208007812, 0, 0, 8, 7, 14, 0, 0, 0, 0, 1, 5, 5, 0, 0, 0, 6, 0, 0.6666666666666666, 0, 0], [0, 0, 1, 0.007101714611053467, 0, 0, 8, 4, 11, 0, 0, 1, 1, 2, 1, 4, 0, 0, 0, 3, 0, 0.5, 0, 0], [0, 0, 0, 0.008038461208343506, 0, 0, 8, 3, 10, 0, 0, 0, 0, 1, 1, 3, 0, 0, 0, 2, 0, 0.7727272727272727, 0, 0], [0, 0, 0, 0.008277803659439087, 0, 0, 8, 13, 20, 0, 0, 0, 0, 11, 1, 1, 0, 0, 0, 12, 0, 0.5, 0, 0], [0, 0, 0, 0.019613027572631836, 0, 0, 8, 13, 20, 0, 0, 0, 0, 7, 3, 1, 0, 0, 0, 12, 0, 0.5, 0, 0], [0, 0, 0, 0.022230446338653564, 0, 0, 8, 11, 18, 0, 0, 0, 0, 9, 1, 3, 0, 0, 0, 10, 0, 0.5, 0, 0], [1, 0, 0, 0.22761821746826172, 1, 0, 8, 13, 20, 1, 0, 1, 0, 2, 10, 6, 0, 0, 0, 12, 1, 0.6666666666666666, 0, 0], [1, 0, 0, 0.06333938241004944, 1, 0, 8, 4, 11, 1, 0, 0, 0, 2, 1, 4, 0, 0, 0, 3, 0, 0.8333333333333334, 0, 0], [0, 0, 0, 0.0569838285446167, 0, 0, 8, 4, 11, 0, 0, 0, 0, 2, 1, 3, 0, 0, 0, 3, 0, 0.7, 0, 0], [0, 0, 0, 0.00019788742065429688, 0, 0, 8, 3, 10, 0, 0, 0, 0, 1, 1, 6, 0, 0, 0, 2, 0, 0.5, 0, 0], [0, 0, 0, 0.022374987602233887, 0, 0, 8, 13, 20, 0, 0, 0, 0, 9, 2, 1, 0, 0, 0, 12, 0, 0.05, 0, 0], [0, 0, 0, 0.00626981258392334, 0, 0, 8, 5, 12, 0, 0, 0, 0, 1, 3, 4, 0, 0, 0, 4, 0, 0.8333333333333334, 0, 0], [0, 0, 1, 0.0155792236328125, 0, 0, 8, 13, 20, 0, 0, 1, 0, 10, 2, 1, 0, 0, 0, 12, 0, 0.5, 0, 0], [0, 0, 0, 0.007421523332595825, 0, 0, 8, 13, 20, 0, 0, 1, 1, 11, 1, 2, 0, 0, 0, 12, 0, 0.14285714285714285, 0, 0], [1, 0, 0, 0.17661362886428833, 0, 0, 8, 3, 10, 1, 0, 0, 0, 1, 1, 3, 0, 0, 0, 2, 0, 0.6666666666666666, 0, 0], [0, 0, 0, 0.053288161754608154, 0, 0, 8, 13, 20, 0, 0, 0, 0, 10, 2, 1, 0, 0, 0, 12, 0, 0.5, 0, 0], [0, 0, 0, 0.011392474174499512, 0, 0, 8, 12, 19, 0, 0, 1, 0, 8, 3, 4, 0, 0, 0, 11, 0, 0.5, 0, 0], [1, 0, 0, 0.0062697529792785645, 0, 0, 8, 6, 13, 1, 0, 0, 0, 1, 4, 4, 0, 0, 0, 5, 0, 0.8333333333333334, 0, 0], [1, 0, 1, 0.23041391372680664, 0, 0, 8, 13, 20, 1, 0, 1, 1, 2, 10, 6, 0, 0, 0, 12, 0, 0.6666666666666666, 0, 0], [0, 0, 0, 0.04277771711349487, 0, 0, 8, 3, 10, 0, 0, 0, 0, 1, 1, 4, 0, 0, 0, 2, 0, 0.5, 0, 0], [0, 0, 0, 0.022166132926940918, 0, 0, 8, 13, 20, 0, 0, 1, 0, 11, 1, 2, 0, 0, 0, 12, 0, 0.5, 0, 0], [0, 0, 0, 0.08936154842376709, 0, 0, 8, 3, 10, 0, 0, 0, 0, 1, 1, 4, 0, 0, 0, 2, 0, 0.6666666666666666, 0, 0], [1, 0, 0, 0.006269872188568115, 0, 0, 8, 5, 12, 1, 0, 0, 0, 1, 3, 4, 0, 0, 0, 4, 0, 0.8333333333333334, 0, 0], [1, 0, 1, 0.0, 1, 1, 8, 7, 14, 1, 0, 1, 1, 2, 3, 6, 0, 0, 0, 6, 1, 0.9375, 0, 0], [1, 0, 0, 0.012091875076293945, 0, 0, 8, 13, 20, 1, 1, 1, 0, 7, 3, 5, 0, 0, 0, 12, 0, 0.6, 0, 0], [0, 0, 0, 0.058222293853759766, 0, 0, 8, 3, 10, 0, 0, 0, 0, 1, 1, 5, 0, 0, 0, 2, 0, 0.5, 0, 0], [1, 0, 0, 0.006269633769989014, 0, 0, 8, 3, 10, 1, 0, 0, 0, 1, 1, 4, 0, 0, 0, 2, 0, 0.8333333333333334, 0, 0], [0, 0, 0, 0.04920852184295654, 0, 0, 8, 13, 20, 0, 0, 0, 0, 9, 3, 4, 0, 0, 0, 12, 0, 0.5, 0, 0], [1, 0, 1, 0.03375375270843506, 1, 0, 7, 13, 19, 1, 0, 1, 1, 1, 11, 4, 0, 0, 0, 12, 1, 0.8333333333333334, 0, 0], [0, 0, 0, 0.04867643117904663, 0, 0, 8, 6, 13, 0, 0, 0, 0, 4, 1, 2, 0, 0, 0, 5, 0, 0.5, 0, 0], [0, 0, 0, 0.011348992586135864, 0, 0, 8, 3, 10, 0, 0, 0, 0, 1, 1, 4, 0, 0, 0, 2, 0, 0.5714285714285714, 0, 0], [0, 0, 0, 0.0073697566986083984, 0, 0, 8, 3, 10, 0, 0, 0, 0, 1, 1, 5, 0, 0, 0, 2, 0, 0.5, 0, 0], [1, 0, 0, 0.07734367251396179, 0, 0, 8, 6, 13, 1, 0, 0, 0, 4, 1, 3, 0, 0, 0, 5, 0, 0.5, 0, 0], [0, 0, 0, 0.026005923748016357, 0, 0, 8, 3, 10, 0, 0, 0, 0, 1, 1, 3, 0, 0, 0, 2, 0, 0.5, 0, 0], [0, 0, 0, 0.0040187835693359375, 0, 0, 6, 4, 9, 0, 0, 0, 0, 2, 1, 5, 0, 0, 0, 3, 0, 0.5, 0, 0], [0, 0, 0, 0.012583374977111816, 0, 0, 8, 11, 18, 0, 0, 0, 0, 6, 3, 5, 0, 0, 0, 10, 0, 0.5, 0, 0], [1, 0, 0, 0.01172727346420288, 0, 0, 8, 12, 19, 1, 0, 1, 0, 8, 2, 4, 0, 0, 0, 11, 0, 0.6666666666666666, 0, 0], [1, 0, 1, 0.04735827445983887, 0, 0, 3, 12, 14, 1, 0, 1, 1, 5, 3, 1, 0, 0, 0, 11, 0, 0.6666666666666666, 0, 0], [0, 0, 0, 0.13125690817832947, 0, 0, 8, 11, 18, 0, 0, 0, 0, 7, 3, 3, 0, 0, 0, 10, 0, 0.5, 0, 0], [0, 0, 0, 0.010788321495056152, 0, 0, 8, 3, 10, 0, 0, 0, 0, 1, 1, 5, 0, 0, 0, 2, 0, 0.5, 0, 0], [1, 0, 0, 0.10306000709533691, 0, 0, 8, 7, 14, 1, 0, 1, 0, 3, 3, 4, 0, 0, 0, 6, 0, 0.5, 0, 0], [0, 0, 0, 0.01704537868499756, 0, 0, 8, 13, 20, 0, 0, 1, 0, 10, 2, 1, 0, 0, 0, 12, 0, 0.5, 0, 0], [1, 0, 1, 0.0, 0, 1, 8, 3, 10, 1, 0, 0, 0, 1, 1, 5, 0, 0, 0, 2, 0, 0.5, 0, 0], [1, 0, 1, 0.11152702569961548, 1, 0, 8, 9, 16, 1, 1, 1, 1, 3, 4, 5, 0, 0, 0, 8, 1, 0.5, 0, 0], [0, 0, 0, 0.003703474998474121, 0, 0, 8, 13, 20, 0, 0, 1, 0, 9, 3, 3, 0, 0, 0, 12, 0, 0.6666666666666666, 0, 0], [1, 0, 0, 0.013651013374328613, 1, 0, 8, 7, 14, 1, 0, 1, 1, 4, 2, 3, 0, 0, 0, 6, 1, 0.8333333333333334, 0, 0], [0, 0, 0, 0.03603947162628174, 0, 0, 8, 4, 11, 0, 0, 0, 0, 1, 2, 6, 0, 0, 0, 3, 0, 0.6666666666666666, 0, 0], [0, 0, 0, 0.02437654137611389, 0, 0, 8, 3, 10, 0, 0, 0, 0, 1, 1, 4, 0, 0, 0, 2, 0, 0.5, 0, 0], [0, 0, 0, 0.0023807883262634277, 0, 0, 8, 8, 15, 0, 0, 0, 0, 2, 4, 3, 0, 0, 0, 7, 0, 0.5, 0, 0], [0, 0, 0, 0.08771288394927979, 0, 0, 8, 3, 10, 0, 0, 0, 0, 1, 1, 5, 0, 0, 0, 2, 0, 0.8333333333333334, 0, 0], [1, 0, 1, 0.018685638904571533, 1, 0, 8, 5, 12, 1, 0, 1, 1, 2, 2, 7, 0, 0, 0, 4, 1, 0.8, 0, 0], [0, 0, 0, 0.020637571811676025, 0, 0, 8, 3, 10, 0, 0, 0, 0, 1, 1, 6, 0, 0, 0, 2, 0, 0.5, 0, 0], [0, 0, 0, 0.0026773810386657715, 0, 0, 8, 4, 11, 0, 0, 0, 0, 1, 2, 2, 0, 0, 0, 3, 0, 0.36363636363636365, 0, 0], [0, 0, 1, 0.013189822435379028, 0, 0, 8, 13, 20, 0, 0, 1, 1, 10, 2, 2, 0, 0, 0, 12, 0, 0.375, 0, 0], [0, 0, 0, 0.0329052209854126, 0, 0, 8, 3, 10, 0, 0, 0, 0, 1, 1, 5, 0, 0, 0, 2, 0, 0.5, 0, 0], [0, 0, 0, 0.01816493272781372, 0, 0, 8, 3, 10, 0, 0, 0, 0, 1, 1, 5, 0, 0, 0, 2, 0, 0.5, 0, 0], [1, 0, 0, 0.0427478551864624, 1, 0, 8, 4, 11, 1, 0, 1, 0, 2, 1, 4, 0, 0, 0, 3, 1, 0.5, 0, 0], [0, 0, 0, 0.1710938811302185, 0, 0, 8, 3, 10, 0, 0, 0, 0, 1, 1, 4, 0, 0, 0, 2, 0, 0.5, 0, 0], [0, 0, 0, 0.054315924644470215, 0, 0, 8, 3, 10, 0, 0, 0, 0, 1, 1, 4, 0, 0, 0, 2, 0, 0.6, 0, 0], [0, 0, 0, 0.06832066178321838, 0, 0, 8, 13, 20, 0, 0, 0, 0, 11, 1, 3, 0, 0, 0, 12, 0, 0.5, 0, 0], [0, 0, 0, 0.0012863129377365112, 0, 0, 8, 3, 10, 0, 0, 0, 0, 1, 1, 4, 0, 0, 0, 2, 0, 0.5, 0, 0], [0, 0, 0, 0.0222550630569458, 0, 0, 8, 13, 20, 0, 0, 1, 0, 8, 3, 1, 0, 0, 0, 12, 0, 0.5, 0, 0], [1, 0, 0, 0.0819588303565979, 1, 0, 8, 13, 20, 1, 0, 1, 0, 11, 1, 5, 0, 0, 0, 12, 1, 0.5, 0, 0], [1, 0, 1, 0.05636286735534668, 1, 0, 8, 13, 20, 1, 0, 1, 1, 6, 6, 5, 0, 0, 0, 12, 1, 0.6666666666666666, 0, 0], [0, 0, 0, 0.023789823055267334, 0, 0, 8, 3, 10, 0, 0, 0, 0, 1, 1, 1, 0, 0, 0, 2, 0, 0.5, 0, 0], [1, 0, 0, 0.029521644115447998, 0, 0, 8, 13, 20, 1, 0, 0, 0, 8, 3, 3, 0, 0, 0, 12, 0, 0.6, 0, 0], [0, 0, 0, 0.03853300213813782, 0, 0, 8, 4, 11, 0, 0, 0, 0, 1, 2, 3, 0, 0, 0, 3, 0, 0.5, 0, 0], [0, 0, 0, 0.15164631605148315, 0, 0, 8, 3, 10, 0, 0, 0, 0, 1, 1, 4, 0, 0, 0, 2, 0, 0.5, 0, 0], [1, 0, 1, 0.2003496289253235, 1, 0, 8, 4, 11, 1, 0, 1, 1, 2, 1, 4, 0, 0, 0, 3, 1, 0.5, 0, 0], [0, 0, 0, 0.03464728593826294, 0, 0, 8, 13, 20, 0, 0, 0, 0, 10, 2, 4, 0, 0, 0, 12, 0, 0.5, 0, 0], [0, 0, 0, 0.11181223392486572, 0, 0, 8, 3, 10, 0, 0, 0, 0, 1, 1, 5, 0, 0, 0, 2, 0, 0.5, 0, 0], [0, 0, 0, 0.3051619529724121, 0, 0, 8, 3, 10, 0, 0, 0, 0, 1, 1, 2, 0, 0, 0, 2, 0, 0.3333333333333333, 0, 0], [0, 0, 0, 0.006421804428100586, 0, 0, 8, 4, 11, 0, 0, 0, 0, 2, 1, 4, 0, 0, 0, 3, 0, 0.5, 0, 0], [1, 0, 0, 0.0, 1, 0, 5, 9, 13, 1, 0, 1, 0, 2, 4, 2, 0, 0, 0, 8, 0, 0.6666666666666666, 0, 0], [1, 0, 1, 0.06503450870513916, 0, 1, 8, 3, 10, 1, 0, 0, 0, 1, 1, 5, 0, 0, 0, 2, 0, 0.6666666666666666, 0, 0], [1, 0, 1, 0.009336531162261963, 1, 0, 7, 5, 11, 1, 1, 1, 1, 2, 2, 4, 0, 0, 0, 4, 1, 0.8, 0, 0], [0, 0, 0, 0.12206661701202393, 0, 0, 8, 3, 10, 0, 0, 0, 0, 1, 1, 6, 0, 0, 0, 2, 0, 0.75, 0, 0], [1, 0, 1, 0.1857965588569641, 0, 0, 7, 4, 10, 1, 0, 1, 1, 2, 1, 6, 0, 0, 0, 3, 0, 0.75, 0, 0], [0, 0, 0, 0.14268332719802856, 0, 0, 8, 3, 10, 0, 0, 0, 0, 1, 1, 5, 0, 0, 0, 2, 0, 0.6666666666666666, 0, 0], [0, 0, 0, 0.06553500890731812, 0, 0, 8, 6, 13, 0, 0, 0, 0, 2, 2, 4, 0, 0, 0, 5, 0, 0.8333333333333334, 0, 0], [1, 0, 0, 0.22761821746826172, 1, 0, 8, 13, 20, 1, 0, 1, 0, 2, 9, 6, 0, 0, 0, 12, 1, 0.6666666666666666, 0, 0], [0, 0, 0, 0.07403701543807983, 0, 0, 8, 6, 13, 0, 0, 0, 0, 4, 1, 1, 0, 0, 0, 5, 0, 0.3333333333333333, 0, 0], [0, 0, 0, 0.07562282681465149, 0, 0, 8, 6, 13, 0, 0, 0, 0, 4, 1, 2, 0, 0, 0, 5, 0, 0.5, 0, 0], [1, 0, 1, 0.002000272274017334, 1, 0, 8, 9, 16, 1, 0, 1, 1, 2, 6, 4, 0, 0, 0, 8, 0, 0.5714285714285714, 0, 0], [0, 0, 0, 0.07868194580078125, 0, 0, 8, 4, 11, 0, 0, 0, 0, 2, 1, 5, 0, 0, 0, 3, 0, 0.6, 0, 0], [0, 0, 0, 0.24828886985778809, 0, 0, 8, 3, 10, 0, 0, 0, 0, 1, 1, 4, 0, 0, 0, 2, 0, 0.7, 0, 0], [0, 0, 0, 0.10144752264022827, 0, 0, 8, 3, 10, 0, 0, 0, 0, 1, 1, 4, 0, 0, 0, 2, 0, 0.6666666666666666, 0, 0], [0, 0, 0, 0.006760597229003906, 0, 0, 7, 3, 9, 0, 0, 0, 0, 1, 1, 5, 0, 0, 0, 2, 0, 0.6666666666666666, 0, 0], [0, 0, 0, 0.022088170051574707, 0, 0, 8, 4, 11, 0, 0, 0, 0, 2, 1, 5, 0, 0, 0, 3, 0, 0.6666666666666666, 0, 0], [0, 0, 0, 0.25013238191604614, 0, 0, 8, 4, 11, 0, 0, 0, 0, 2, 1, 5, 0, 0, 0, 3, 0, 0.75, 0, 0], [0, 0, 0, 0.026827991008758545, 0, 0, 8, 3, 10, 0, 0, 0, 0, 1, 1, 4, 0, 0, 0, 2, 0, 0.6666666666666666, 0, 0], [0, 0, 0, 0.04980391263961792, 0, 0, 8, 3, 10, 0, 0, 0, 0, 1, 1, 1, 0, 0, 0, 2, 0, 0.5, 0, 0], [0, 0, 1, 0.07399630546569824, 0, 0, 8, 4, 11, 0, 0, 1, 1, 2, 1, 5, 0, 0, 0, 3, 0, 0.8333333333333334, 0, 0], [0, 0, 0, 0.09805065393447876, 0, 0, 8, 3, 10, 0, 0, 0, 0, 1, 1, 4, 0, 0, 0, 2, 0, 0.6666666666666666, 0, 0], [0, 0, 0, 0.01753181219100952, 0, 0, 8, 7, 14, 0, 0, 0, 0, 4, 2, 1, 0, 0, 0, 6, 0, 0.36363636363636365, 0, 0], [1, 0, 0, 0.04340845346450806, 1, 0, 8, 6, 13, 1, 0, 1, 0, 4, 1, 4, 0, 0, 0, 5, 0, 0.8333333333333334, 0, 0], [0, 0, 0, 0.19486850500106812, 0, 0, 8, 3, 10, 0, 0, 0, 0, 1, 1, 4, 0, 0, 0, 2, 0, 0.5, 0, 0], [0, 0, 0, 0.0, 0, 0, 8, 3, 10, 0, 0, 0, 0, 1, 1, 4, 0, 0, 0, 2, 0, 0.5, 0, 0], [1, 0, 0, 0.08999443054199219, 0, 0, 8, 13, 20, 1, 0, 1, 0, 4, 8, 6, 0, 0, 0, 12, 0, 0.6666666666666666, 0, 0], [0, 0, 0, 0.18168991804122925, 0, 0, 8, 13, 20, 0, 0, 1, 0, 8, 3, 5, 0, 0, 0, 12, 0, 0.6666666666666666, 0, 0], [0, 0, 0, 0.03603947162628174, 0, 0, 8, 3, 10, 0, 0, 0, 0, 1, 1, 6, 0, 0, 0, 2, 0, 0.6666666666666666, 0, 0], [0, 0, 0, 0.11926686763763428, 0, 0, 8, 3, 10, 0, 0, 0, 0, 1, 1, 5, 0, 0, 0, 2, 0, 0.6666666666666666, 0, 0], [0, 0, 0, 0.05194520950317383, 0, 0, 8, 13, 20, 0, 0, 0, 0, 9, 3, 4, 0, 0, 0, 12, 0, 0.5, 0, 0], [0, 0, 0, 0.02331724762916565, 0, 0, 8, 7, 14, 0, 0, 0, 0, 5, 1, 4, 0, 0, 0, 6, 0, 0.5714285714285714, 0, 0], [1, 0, 1, 0.0, 1, 0, 3, 4, 6, 1, 0, 1, 1, 2, 1, 2, 0, 0, 0, 3, 1, 0.6666666666666666, 0, 0], [0, 0, 0, 0.05727577209472656, 0, 0, 8, 3, 10, 0, 0, 0, 0, 1, 1, 4, 0, 0, 0, 2, 0, 0.6666666666666666, 0, 0], [0, 0, 0, 0.10902100801467896, 0, 0, 8, 13, 20, 0, 0, 1, 0, 11, 1, 1, 0, 0, 0, 12, 0, 0.125, 0, 0], [1, 0, 0, 0.14248770475387573, 1, 0, 8, 13, 20, 1, 1, 1, 0, 7, 3, 5, 0, 0, 0, 12, 1, 0.5, 0, 0], [0, 0, 0, 0.008419930934906006, 0, 0, 8, 13, 20, 0, 0, 0, 0, 11, 1, 3, 0, 0, 0, 12, 0, 0.6666666666666666, 0, 0], [1, 0, 0, 0.14537179470062256, 0, 0, 8, 4, 11, 1, 0, 0, 0, 2, 1, 5, 0, 0, 0, 3, 0, 0.8571428571428571, 0, 0], [0, 0, 0, 0.23504188656806946, 0, 0, 8, 3, 10, 0, 0, 0, 0, 1, 1, 4, 0, 0, 0, 2, 0, 0.5, 0, 0], [0, 0, 0, 0.11127513647079468, 0, 0, 8, 4, 11, 0, 0, 0, 0, 2, 1, 4, 0, 0, 0, 3, 0, 0.8333333333333334, 0, 0], [0, 0, 0, 0.2400917410850525, 0, 0, 8, 3, 10, 0, 0, 0, 0, 1, 1, 3, 0, 0, 0, 2, 0, 0.6666666666666666, 0, 0], [1, 0, 1, 0.22412109375, 0, 0, 8, 13, 20, 1, 0, 1, 1, 7, 3, 5, 0, 0, 0, 12, 0, 0.75, 0, 0], [1, 0, 1, 0.0676392912864685, 1, 1, 2, 12, 13, 1, 0, 1, 1, 5, 5, 1, 0, 0, 0, 11, 1, 0.6666666666666666, 0, 0], [0, 0, 1, 0.13108551502227783, 0, 0, 8, 5, 12, 0, 0, 1, 0, 2, 2, 5, 0, 0, 0, 4, 0, 0.5, 0, 0], [0, 0, 0, 0.10951447486877441, 0, 0, 8, 13, 20, 0, 0, 0, 0, 8, 4, 2, 0, 0, 0, 12, 0, 0.7777777777777778, 0, 0], [1, 0, 0, 0.0, 0, 0, 8, 9, 16, 1, 0, 1, 1, 5, 2, 5, 0, 0, 0, 8, 1, 0.6666666666666666, 0, 0], [1, 0, 0, 0.01722496747970581, 0, 0, 5, 3, 7, 1, 0, 0, 0, 1, 1, 4, 0, 0, 0, 2, 0, 0.75, 0, 0], [0, 0, 0, 0.01890397071838379, 0, 0, 8, 3, 10, 0, 0, 0, 0, 1, 1, 4, 0, 0, 0, 2, 0, 0.5, 0, 0], [0, 0, 0, 0.04839658737182617, 0, 0, 8, 4, 11, 0, 0, 0, 0, 1, 2, 6, 0, 0, 0, 3, 0, 0.6666666666666666, 0, 0], [1, 0, 1, 0.0, 0, 0, 6, 5, 10, 1, 0, 1, 0, 3, 1, 4, 0, 0, 0, 4, 0, 0.75, 0, 0], [1, 0, 1, 0.0048323869705200195, 0, 1, 8, 3, 10, 1, 0, 0, 0, 1, 1, 4, 0, 0, 0, 2, 0, 0.5, 0, 0], [0, 0, 0, 0.006770789623260498, 0, 0, 8, 13, 20, 0, 0, 0, 0, 11, 1, 1, 0, 0, 0, 12, 0, 0.05, 0, 0], [1, 0, 0, 0.12503808736801147, 0, 0, 8, 3, 10, 1, 0, 0, 0, 1, 1, 7, 0, 0, 0, 2, 0, 0.75, 0, 0], [0, 0, 0, 0.08156177401542664, 0, 0, 8, 3, 10, 0, 0, 0, 0, 1, 1, 4, 0, 0, 0, 2, 0, 0.5, 0, 0], [0, 0, 0, 0.001462697982788086, 0, 0, 8, 10, 17, 0, 0, 0, 0, 3, 5, 3, 0, 0, 0, 9, 0, 0.7727272727272727, 0, 0], [0, 0, 1, 0.011224478483200073, 0, 0, 8, 6, 13, 0, 0, 1, 1, 3, 2, 2, 0, 0, 0, 5, 0, 0.16666666666666666, 0, 0], [0, 0, 0, 0.09167620539665222, 0, 0, 8, 13, 20, 0, 0, 0, 0, 9, 3, 1, 0, 0, 0, 12, 0, 0.2222222222222222, 0, 0], [0, 0, 0, 0.020637571811676025, 0, 0, 8, 3, 10, 0, 0, 0, 0, 1, 1, 6, 0, 0, 0, 2, 0, 0.5, 0, 0], [0, 0, 0, 0.12698569893836975, 0, 0, 8, 3, 10, 0, 0, 0, 0, 1, 1, 3, 0, 0, 0, 2, 0, 0.5, 0, 0], [1, 0, 0, 0.0008079111576080322, 0, 0, 8, 6, 13, 1, 0, 1, 1, 4, 1, 2, 0, 0, 0, 5, 1, 0.6666666666666666, 0, 0], [1, 0, 1, 0.0, 1, 0, 8, 4, 11, 1, 1, 1, 0, 2, 1, 5, 0, 0, 0, 3, 1, 0.5, 0, 0], [0, 0, 0, 0.21142032742500305, 0, 0, 8, 3, 10, 0, 0, 0, 0, 1, 1, 4, 0, 0, 0, 2, 0, 0.5, 0, 0], [1, 0, 0, 0.020829319953918457, 0, 0, 8, 9, 16, 1, 0, 0, 0, 4, 3, 5, 0, 0, 0, 8, 0, 0.7142857142857143, 0, 0], [1, 0, 0, 0.03221100568771362, 0, 0, 8, 8, 15, 1, 0, 0, 0, 6, 1, 5, 0, 0, 0, 7, 0, 0.6666666666666666, 0, 0], [1, 0, 1, 0.005343973636627197, 0, 0, 8, 10, 17, 1, 0, 1, 0, 8, 1, 1, 0, 0, 0, 9, 0, 0.5, 0, 0], [0, 0, 0, 0.0024990439414978027, 0, 0, 8, 7, 14, 0, 0, 0, 0, 5, 1, 2, 0, 0, 0, 6, 0, 0.5, 0, 0], [0, 0, 0, 0.0, 0, 0, 5, 4, 8, 0, 0, 0, 0, 2, 1, 4, 0, 0, 0, 3, 0, 0.5, 0, 0], [0, 0, 0, 0.01673787832260132, 0, 0, 8, 3, 10, 0, 0, 0, 0, 1, 1, 4, 0, 0, 0, 2, 0, 0.5, 0, 0], [0, 0, 0, 0.10429856181144714, 0, 0, 8, 9, 16, 0, 0, 0, 0, 7, 1, 1, 0, 0, 0, 8, 0, 0.3333333333333333, 0, 0], [0, 0, 0, 0.016015291213989258, 0, 0, 8, 3, 10, 0, 0, 0, 0, 1, 1, 3, 0, 0, 0, 2, 0, 0.5, 0, 0], [0, 0, 0, 0.14025360345840454, 0, 0, 8, 3, 10, 0, 0, 0, 0, 1, 1, 4, 0, 0, 0, 2, 0, 0.5, 0, 0], [0, 0, 0, 0.18168991804122925, 0, 0, 8, 13, 20, 0, 0, 1, 0, 8, 3, 5, 0, 0, 0, 12, 0, 0.6666666666666666, 0, 0], [1, 0, 0, 0.05944138765335083, 0, 0, 8, 13, 20, 1, 0, 1, 0, 4, 7, 5, 0, 0, 0, 12, 0, 0.6, 0, 0], [0, 0, 0, 0.05940598249435425, 0, 0, 8, 12, 19, 0, 0, 0, 0, 6, 4, 4, 0, 0, 0, 11, 0, 0.6666666666666666, 0, 0], [0, 0, 0, 0.012565523386001587, 0, 0, 8, 7, 14, 0, 0, 0, 0, 4, 2, 2, 0, 0, 0, 6, 0, 0.3333333333333333, 0, 0], [0, 0, 0, 0.08655941486358643, 0, 0, 8, 6, 13, 0, 0, 1, 0, 3, 2, 1, 0, 0, 0, 5, 0, 0.5, 0, 0], [0, 0, 0, 0.017746701836586, 0, 0, 8, 3, 10, 0, 0, 0, 0, 1, 1, 3, 0, 0, 0, 2, 0, 0.5, 0, 0], [0, 0, 0, 0.09127393364906311, 0, 0, 8, 6, 13, 0, 0, 0, 0, 4, 1, 2, 0, 0, 0, 5, 0, 0.36363636363636365, 0, 0], [0, 0, 0, 0.1361987292766571, 0, 0, 8, 9, 16, 0, 0, 0, 0, 7, 1, 1, 0, 0, 0, 8, 0, 0.3333333333333333, 0, 0], [0, 0, 0, 0.015225470066070557, 0, 0, 8, 4, 11, 0, 0, 0, 0, 2, 1, 5, 0, 0, 0, 3, 0, 0.75, 0, 0], [0, 0, 0, 0.019201815128326416, 0, 0, 6, 12, 17, 0, 0, 0, 0, 9, 2, 3, 0, 0, 0, 11, 0, 0.75, 0, 0], [1, 0, 1, 0.10083019733428955, 1, 0, 8, 8, 15, 1, 0, 1, 0, 2, 4, 7, 0, 0, 0, 7, 0, 0.75, 0, 0], [1, 0, 1, 0.23041391372680664, 0, 0, 8, 13, 20, 1, 0, 1, 1, 1, 11, 6, 0, 0, 0, 12, 0, 0.6666666666666666, 0, 0], [1, 0, 0, 0.014469355344772339, 1, 0, 8, 13, 20, 1, 0, 0, 0, 9, 2, 1, 0, 0, 0, 12, 1, 0.6666666666666666, 0, 0], [0, 0, 0, 0.018077611923217773, 0, 0, 8, 13, 20, 0, 0, 0, 0, 10, 2, 1, 0, 0, 0, 12, 0, 0.25, 0, 0], [0, 0, 0, 0.03514289855957031, 0, 0, 8, 4, 11, 0, 0, 0, 0, 1, 2, 2, 0, 0, 0, 3, 0, 0.6666666666666666, 0, 0], [0, 0, 0, 0.01465386152267456, 0, 0, 8, 10, 17, 0, 0, 0, 0, 8, 1, 2, 0, 0, 0, 9, 0, 0.36363636363636365, 0, 0], [0, 0, 0, 0.13361912965774536, 0, 0, 8, 7, 14, 0, 0, 0, 0, 3, 3, 3, 0, 0, 0, 6, 0, 0.875, 0, 0], [1, 0, 0, 0.04330563545227051, 0, 0, 8, 5, 12, 1, 0, 0, 0, 3, 1, 4, 0, 0, 0, 4, 0, 0.6666666666666666, 0, 0], [0, 0, 0, 0.20280969142913818, 0, 0, 8, 3, 10, 0, 0, 0, 0, 1, 1, 4, 0, 0, 0, 2, 0, 0.5, 0, 0], [0, 0, 0, 0.008792996406555176, 0, 0, 8, 3, 10, 0, 0, 0, 0, 1, 1, 3, 0, 0, 0, 2, 0, 0.6666666666666666, 0, 0], [0, 0, 0, 0.053450554609298706, 0, 0, 8, 13, 20, 0, 0, 0, 0, 11, 1, 1, 0, 0, 0, 12, 0, 0.5, 0, 0], [0, 0, 0, 0.0026428699493408203, 0, 0, 8, 4, 11, 0, 0, 0, 0, 2, 1, 4, 0, 0, 0, 3, 0, 0.6666666666666666, 0, 0], [0, 0, 0, 0.21553200483322144, 0, 0, 8, 3, 10, 0, 0, 0, 0, 1, 1, 4, 0, 0, 0, 2, 0, 0.5, 0, 0], [0, 0, 0, 0.006963133811950684, 0, 0, 8, 5, 12, 0, 0, 0, 0, 3, 1, 4, 0, 0, 0, 4, 0, 0.6666666666666666, 0, 0], [0, 0, 0, 0.05459719896316528, 0, 0, 8, 13, 20, 0, 0, 1, 1, 11, 1, 1, 0, 0, 0, 12, 0, 0.5, 0, 0], [0, 0, 0, 0.1273481845855713, 0, 0, 8, 10, 17, 0, 0, 0, 0, 5, 3, 5, 0, 0, 0, 9, 0, 0.6666666666666666, 0, 0], [1, 0, 0, 0.034567952156066895, 0, 0, 8, 5, 12, 1, 0, 0, 0, 2, 2, 4, 0, 0, 0, 4, 0, 0.5, 0, 0], [0, 0, 0, 0.001013636589050293, 0, 0, 8, 13, 20, 0, 0, 0, 0, 10, 2, 1, 0, 0, 0, 12, 0, 0.2, 0, 0], [0, 0, 0, 0.015270113945007324, 0, 0, 8, 3, 10, 0, 0, 0, 0, 1, 1, 5, 0, 0, 0, 2, 0, 0.5, 0, 0], [1, 0, 1, 0.152113676071167, 0, 0, 7, 7, 13, 1, 0, 1, 1, 2, 4, 6, 0, 0, 0, 6, 0, 0.75, 0, 0], [0, 0, 0, 0.11278235912322998, 0, 0, 8, 3, 10, 0, 0, 0, 0, 1, 1, 4, 0, 0, 0, 2, 0, 0.5, 0, 0], [0, 0, 0, 0.015683293342590332, 0, 0, 8, 3, 10, 0, 0, 0, 0, 1, 1, 7, 0, 0, 0, 2, 0, 0.5, 0, 0], [1, 0, 0, 0.0039042234420776367, 1, 0, 8, 9, 16, 1, 0, 1, 0, 7, 1, 1, 0, 0, 0, 8, 1, 0.7777777777777778, 0, 0], [1, 0, 1, 0.07181340456008911, 0, 0, 8, 11, 18, 1, 0, 1, 1, 4, 6, 6, 0, 0, 0, 10, 0, 0.5, 0, 0], [0, 0, 0, 0.07578811049461365, 0, 0, 8, 13, 20, 0, 0, 0, 0, 11, 1, 1, 0, 0, 0, 12, 0, 0.5, 0, 0], [0, 0, 1, 0.07255801558494568, 0, 0, 8, 5, 12, 0, 0, 1, 1, 2, 2, 4, 0, 0, 0, 4, 0, 0.5, 0, 0], [0, 0, 0, 0.035011738538742065, 0, 0, 8, 13, 20, 0, 0, 0, 0, 10, 2, 3, 0, 0, 0, 12, 0, 0.5, 0, 0], [0, 0, 0, 0.0, 0, 0, 8, 9, 16, 0, 0, 0, 0, 4, 3, 3, 0, 0, 0, 8, 0, 0.6666666666666666, 0, 0], [0, 0, 0, 0.1702612042427063, 0, 0, 8, 4, 11, 0, 0, 0, 0, 2, 1, 6, 0, 0, 0, 3, 0, 0.8, 0, 0], [1, 0, 1, 0.002000272274017334, 1, 0, 8, 9, 16, 1, 0, 1, 1, 2, 6, 4, 0, 0, 0, 8, 0, 0.5714285714285714, 0, 0], [1, 0, 0, 0.007869243621826172, 1, 0, 8, 6, 13, 1, 0, 0, 0, 4, 1, 2, 0, 0, 0, 5, 1, 0.5, 0, 0], [0, 0, 0, 0.019480526447296143, 0, 0, 8, 3, 10, 0, 0, 0, 0, 1, 1, 4, 0, 0, 0, 2, 0, 0.5, 0, 0], [0, 0, 0, 0.058076292276382446, 0, 0, 8, 4, 11, 0, 0, 0, 0, 2, 1, 4, 0, 0, 0, 3, 0, 0.6666666666666666, 0, 0], [0, 0, 0, 0.1059894859790802, 0, 0, 8, 3, 10, 0, 0, 0, 0, 1, 1, 3, 0, 0, 0, 2, 0, 0.5, 0, 0], [1, 0, 0, 0.017284154891967773, 1, 0, 8, 4, 11, 1, 0, 1, 0, 2, 1, 2, 0, 0, 0, 3, 1, 0.8333333333333334, 0, 0], [1, 0, 0, 0.0, 0, 0, 8, 13, 20, 1, 0, 1, 0, 8, 4, 5, 0, 0, 0, 12, 0, 0.5, 0, 0], [0, 0, 0, 0.01644033193588257, 0, 0, 8, 11, 18, 0, 0, 0, 0, 7, 3, 3, 0, 0, 0, 10, 0, 0.5714285714285714, 0, 0], [1, 0, 1, 0.0, 1, 0, 2, 6, 7, 1, 1, 1, 1, 3, 2, 1, 0, 0, 0, 5, 1, 0.6666666666666666, 0, 0], [0, 0, 1, 0.010035157203674316, 0, 0, 8, 13, 20, 0, 0, 1, 0, 9, 2, 4, 0, 0, 0, 12, 0, 0.6, 0, 0], [1, 0, 0, 0.0355762243270874, 1, 0, 8, 3, 10, 1, 0, 0, 0, 1, 1, 4, 0, 0, 0, 2, 1, 0.6666666666666666, 0, 0], [0, 0, 0, 0.0453682541847229, 0, 0, 8, 4, 11, 0, 0, 1, 0, 2, 1, 4, 0, 0, 0, 3, 0, 0.5, 0, 0], [0, 0, 0, 0.024051904678344727, 0, 0, 8, 7, 14, 0, 0, 0, 0, 5, 1, 2, 0, 0, 0, 6, 0, 0.5, 0, 0], [1, 0, 0, 0.013717412948608398, 0, 0, 8, 9, 16, 1, 0, 1, 0, 7, 1, 2, 0, 0, 0, 8, 0, 0.5, 0, 0], [0, 0, 0, 0.12769022583961487, 0, 0, 8, 7, 14, 0, 0, 0, 0, 5, 1, 3, 0, 0, 0, 6, 0, 0.6666666666666666, 0, 0], [0, 0, 0, 0.12044501304626465, 0, 0, 8, 10, 17, 0, 0, 0, 0, 7, 2, 4, 0, 0, 0, 9, 0, 0.6666666666666666, 0, 0], [0, 0, 0, 0.004106670618057251, 0, 0, 8, 13, 20, 0, 0, 0, 0, 11, 1, 2, 0, 0, 0, 12, 0, 0.5, 0, 0], [0, 0, 0, 0.0013215243816375732, 0, 0, 8, 5, 12, 0, 0, 0, 0, 3, 1, 3, 0, 0, 0, 4, 0, 0.5, 0, 0], [0, 0, 0, 0.03646233677864075, 0, 0, 8, 3, 10, 0, 0, 0, 0, 1, 1, 5, 0, 0, 0, 2, 0, 0.6666666666666666, 0, 0], [0, 0, 0, 0.04483726620674133, 0, 0, 8, 4, 11, 0, 0, 0, 0, 2, 1, 3, 0, 0, 0, 3, 0, 0.5, 0, 0], [0, 0, 0, 0.05976450443267822, 0, 0, 4, 6, 9, 0, 0, 0, 0, 2, 2, 3, 0, 0, 0, 5, 0, 0.6666666666666666, 0, 0], [0, 0, 0, 0.12717410922050476, 0, 0, 8, 13, 20, 0, 0, 0, 0, 10, 2, 4, 0, 0, 0, 12, 0, 0.5, 0, 0], [1, 0, 1, 0.007372260093688965, 1, 0, 8, 13, 20, 1, 0, 1, 1, 2, 10, 5, 0, 0, 0, 12, 1, 0.8333333333333334, 0, 0], [0, 0, 0, 0.06319546699523926, 0, 0, 8, 3, 10, 0, 0, 0, 0, 1, 1, 3, 0, 0, 0, 2, 0, 0.6666666666666666, 0, 0], [0, 0, 0, 0.03179866075515747, 0, 0, 8, 5, 12, 0, 0, 0, 0, 3, 1, 4, 0, 0, 0, 4, 0, 0.5, 0, 0], [0, 0, 0, 0.0016748011112213135, 0, 0, 8, 4, 11, 0, 0, 0, 0, 2, 1, 3, 0, 0, 0, 3, 0, 0.5, 0, 0], [0, 0, 0, 0.1064419150352478, 0, 0, 8, 5, 12, 0, 0, 0, 0, 3, 1, 3, 0, 0, 0, 4, 0, 0.5, 0, 0], [0, 0, 0, 0.17557495832443237, 0, 0, 8, 3, 10, 0, 0, 0, 0, 1, 1, 4, 0, 0, 0, 2, 0, 0.6666666666666666, 0, 0], [1, 0, 0, 0.35736083984375, 0, 0, 8, 4, 11, 1, 0, 0, 0, 2, 1, 3, 0, 0, 0, 3, 0, 0.6, 0, 0], [1, 0, 1, 0.023177266120910645, 0, 1, 7, 3, 9, 1, 0, 0, 0, 1, 1, 6, 0, 0, 0, 2, 0, 0.6666666666666666, 0, 0], [1, 0, 1, 0.01075124740600586, 1, 0, 8, 7, 14, 1, 0, 1, 1, 2, 4, 3, 0, 0, 0, 6, 1, 0.8, 0, 0], [1, 0, 0, 0.0607227087020874, 0, 0, 8, 13, 20, 1, 0, 1, 0, 9, 3, 5, 0, 0, 0, 12, 0, 0.6666666666666666, 0, 0], [1, 0, 1, 0.0, 0, 0, 8, 4, 11, 1, 0, 1, 1, 2, 1, 2, 0, 0, 0, 3, 0, 0.5, 0, 0], [1, 0, 1, 0.021911144256591797, 1, 0, 8, 13, 20, 1, 1, 1, 1, 8, 3, 1, 0, 0, 0, 12, 0, 0.5, 0, 0], [0, 0, 0, 0.015223085880279541, 0, 0, 8, 13, 20, 0, 0, 0, 0, 4, 6, 5, 0, 0, 0, 12, 0, 0.6, 0, 0], [0, 0, 0, 0.0, 0, 0, 8, 3, 10, 0, 0, 0, 0, 1, 1, 6, 0, 0, 0, 2, 0, 0.6666666666666666, 0, 0], [1, 0, 1, 0.10801047086715698, 0, 0, 8, 8, 15, 1, 0, 1, 1, 3, 4, 4, 0, 0, 0, 7, 0, 0.6666666666666666, 0, 0], [1, 0, 0, 0.03176385164260864, 1, 0, 8, 6, 13, 1, 0, 1, 1, 4, 1, 5, 0, 0, 0, 5, 1, 0.5, 0, 0], [0, 0, 0, 0.018612980842590332, 0, 0, 8, 6, 13, 0, 0, 0, 0, 4, 1, 3, 0, 0, 0, 5, 0, 0.5, 0, 0], [1, 0, 0, 0.46006518602371216, 0, 0, 7, 4, 10, 1, 0, 0, 0, 2, 1, 6, 0, 0, 0, 3, 0, 0.5, 0, 0], [0, 0, 0, 0.09147781133651733, 0, 0, 8, 3, 10, 0, 0, 0, 0, 1, 1, 5, 0, 0, 0, 2, 0, 0.6666666666666666, 0, 0], [0, 0, 0, 0.08082139492034912, 0, 0, 8, 3, 10, 0, 0, 0, 0, 1, 1, 5, 0, 0, 0, 2, 0, 0.6666666666666666, 0, 0], [0, 0, 0, 0.21323615312576294, 0, 0, 8, 5, 12, 0, 0, 0, 0, 2, 2, 5, 0, 0, 0, 4, 0, 0.6666666666666666, 0, 0], [1, 0, 0, 0.018966197967529297, 0, 0, 5, 7, 11, 1, 0, 1, 0, 2, 4, 3, 0, 0, 0, 6, 0, 0.75, 0, 0], [0, 0, 0, 0.260100781917572, 0, 0, 8, 6, 13, 0, 0, 0, 0, 4, 1, 4, 0, 0, 0, 5, 0, 0.5, 0, 0], [0, 0, 0, 0.04593968391418457, 0, 0, 8, 3, 10, 0, 0, 0, 0, 1, 1, 4, 0, 0, 0, 2, 0, 0.5, 0, 0], [0, 0, 0, 0.11648230254650116, 0, 0, 8, 3, 10, 0, 0, 0, 0, 1, 1, 3, 0, 0, 0, 2, 0, 0.6666666666666666, 0, 0], [0, 0, 0, 0.1499478816986084, 0, 0, 8, 4, 11, 0, 0, 0, 0, 2, 1, 3, 0, 0, 0, 3, 0, 0.5, 0, 0], [1, 0, 1, 0.23041391372680664, 0, 0, 8, 13, 20, 1, 0, 1, 1, 2, 10, 6, 0, 0, 0, 12, 0, 0.6666666666666666, 0, 0], [0, 0, 0, 0.026684045791625977, 0, 0, 8, 6, 13, 0, 0, 0, 0, 4, 1, 5, 0, 0, 0, 5, 0, 0.6666666666666666, 0, 0], [0, 0, 0, 0.07315582036972046, 0, 0, 8, 3, 10, 0, 0, 0, 0, 1, 1, 1, 0, 0, 0, 2, 0, 0.3333333333333333, 0, 0], [1, 0, 1, 0.2194133996963501, 0, 0, 8, 5, 12, 1, 0, 1, 0, 3, 1, 3, 0, 0, 0, 4, 0, 0.6666666666666666, 0, 0], [0, 0, 0, 0.07464587688446045, 0, 0, 8, 3, 10, 0, 0, 0, 0, 1, 1, 1, 0, 0, 0, 2, 0, 0.5, 0, 0], [0, 0, 0, 0.0336574912071228, 0, 0, 8, 4, 11, 0, 0, 0, 0, 2, 1, 5, 0, 0, 0, 3, 0, 0.5, 0, 0], [1, 0, 0, 0.22412109375, 0, 0, 8, 13, 20, 1, 0, 1, 0, 6, 3, 5, 0, 0, 0, 12, 0, 0.75, 0, 0], [1, 0, 0, 0.0, 1, 0, 5, 9, 13, 1, 0, 1, 0, 2, 4, 2, 0, 0, 0, 8, 0, 0.6666666666666666, 0, 0], [1, 0, 1, 0.11847436428070068, 0, 0, 8, 8, 15, 1, 0, 1, 1, 5, 2, 3, 0, 0, 0, 7, 1, 0.6666666666666666, 0, 0], [0, 0, 0, 0.04792982339859009, 0, 0, 8, 5, 12, 0, 0, 0, 0, 3, 1, 5, 0, 0, 0, 4, 0, 0.5, 0, 0], [0, 0, 0, 0.09105837345123291, 0, 0, 8, 3, 10, 0, 0, 0, 0, 1, 1, 3, 0, 0, 0, 2, 0, 0.5714285714285714, 0, 0], [0, 0, 0, 0.025870800018310547, 0, 0, 8, 7, 14, 0, 0, 0, 0, 3, 3, 1, 0, 0, 0, 6, 0, 0.5714285714285714, 0, 0], [1, 0, 0, 0.00887298583984375, 0, 0, 8, 4, 11, 1, 0, 0, 0, 2, 1, 4, 0, 0, 0, 3, 0, 0.5, 0, 0], [1, 0, 1, 0.09389340877532959, 1, 0, 8, 5, 12, 1, 0, 1, 1, 2, 2, 3, 0, 0, 0, 4, 1, 0.8333333333333334, 0, 0], [0, 0, 0, 0.01658579707145691, 0, 0, 8, 13, 20, 0, 0, 0, 0, 9, 2, 5, 0, 0, 0, 12, 0, 0.6666666666666666, 0, 0], [1, 0, 1, 0.03014463186264038, 1, 0, 8, 13, 20, 1, 0, 1, 1, 6, 6, 4, 0, 0, 0, 12, 1, 0.8333333333333334, 0, 0], [1, 0, 1, 0.23041391372680664, 0, 0, 8, 13, 20, 1, 0, 1, 1, 2, 8, 6, 0, 0, 0, 12, 0, 0.6666666666666666, 0, 0], [0, 0, 0, 0.022407889366149902, 0, 0, 8, 10, 17, 0, 0, 0, 0, 8, 1, 4, 0, 0, 0, 9, 0, 0.5, 0, 0], [1, 0, 1, 0.24841392040252686, 0, 0, 8, 13, 20, 1, 0, 1, 1, 7, 3, 3, 0, 0, 0, 12, 0, 0.5, 0, 0], [0, 0, 0, 0.07868880033493042, 0, 0, 8, 13, 20, 0, 0, 0, 0, 11, 1, 3, 0, 0, 0, 12, 0, 0.5, 0, 0]], "_pair": []}
{
  "overall": "DERIVATION_NO",
  "gates": {
    "G_arc_enc_frozen": true,
    "G_ink_verified": true,
    "G_task_exists": true,
    "G_exact_algebra_matches_tape": true,
    "G_lookup_beats_floor": false,
    "G_lookup_beats_counts_paired": false,
    "G_lookup_beats_retrieval_paired": false,
    "G_phi_orders_negatives": false
  },
  "lookup": {},
  "paired": {
    "model_only_right": 0,
    "rival_only_right": 0,
    "discordant": 0,
    "mcnemar_z": NaN
  },
  "ladder": {
    "n_questions": 0,
    "pairs": 0,
    "concordant": 0,
    "ties_excluded": 0,
    "import_budget_zero_rate": 0.0,
    "import_budget_mean": 0.0,
    "concordance": NaN,
    "z_vs_half": NaN,
    "mean_phi": {
      "true": NaN,
      "near": NaN,
      "middle": NaN,
      "far": NaN
    }
  }
}
