Stage289 derivation start 2026-08-16T08:48:18.874579+00:00 device=cpu holdout=corpus
  corpus data\_stage254_news.txt
  lines: train 2664, eval 1142 (the probe reserves ANCHORS, not lines - see `reserved`)
  word rule matches stage194: True  (rule=ascii, fp=hash, ink=mean)
  hash ink deterministic and digest-faithful: True  {'anagram_cos': -0.0135, 'perm_fixed_points': 1}
  tape: 1500 addresses, 6603 slots | questions {"reach": 2000, "count": 1155} | params 5633
  node vector 9 wide, matches the body
  ladder coverage: 0/0 lookup questions have all three rungs; the rest train on the task term alone
  probe pack: 1687 reserved addresses (11s to build)
  probe tape: 60 lookup questions, never trained on; 0 graphs cached (1 view(s)/question) in 0s
  transplanted mind from minds/320_wiki_s1337.pt: trained on _wikitext103_train.txt, seed 1337, 4000 steps - NO training on this corpus, the exam below is this mind reading a tape it has never been fitted to
  probe eval: 22.56s x 0 = 0.0 min added to this run
  REACH {"rival_threshold": 2.0, "places": 8, "cands_cap": 8, "no_refuse": true, "lookahead": true, "frame_fp": "fillers", "import": "walk", "home_cos": false, "line_step": false, "confirm": false, "conf_window": 0, "home_cos_stage": "both", "gamma": 1.0, "equal_tails": false, "deep_root": "mind", "two_way": false, "stage2_always": 0.0, "depth": 1, "compass": "cos", "held_out": {"n": 2000, "reachable_rate": 0.1295, "mean_candidates": 7.992, "question_rank": {"n": 2000, "answerable": {"base_rate": 0.1295, "k": [200, 500, 259], "mind_margin": {"auc": 0.7213479582807555, "prec": [0.41, 0.312, 0.3590733590733591]}, "mind_score": {"auc": 0.4317593625462666, "prec": [0.04, 0.06, 0.04633204633204633]}, "count_n_own": {"auc": 0.4503635908001215, "prec": [0.025, 0.048, 0.03474903474903475]}, "count_top_share": {"auc": 0.6706847571293292, "prec": [0.245, 0.22, 0.2277992277992278]}}, "ceiling": {"base_rate": 0.174, "k": [200, 500, 348], "mind_margin": {"auc": 0.7225428599259692, "prec": [0.485, 0.396, 0.35919540229885055]}, "mind_score": {"auc": 0.46964929308953274, "prec": [0.07, 0.104, 0.08620689655172414]}, "count_n_own": {"auc": 0.496860301689349, "prec": [0.075, 0.09, 0.08333333333333333]}, "count_top_share": {"auc": 0.6595471180874454, "prec": [0.315, 0.292, 0.3103448275862069]}}}, "other_mind": null, "reachable_wide": 0.1295, "reachable_random": 0.012, "random_floor": 0.12514583333333332, "payoff_mind": -0.8594499999999997, "payoff_rival": 0.967625, "always_silent": 0.967625, "found_rate": 0.42857142857142855, "rival_found_rate": 0.3204633204633205, "correct_silence": 0.0, "false_silence": 0.0, "false_silence_after_step": 0.0, "step_rate": 0.009, "own_hit_rate": 0.1215, "own_rival_hit_rate": 0.0585, "own_paired": {"n": 243, "mind_only": 15, "rival_only": 7, "both": 110, "neither": 111, "mcnemar_z": 1.7056057308448833}, "own_rival_of_own": 0.48148148148148145, "hit_of_own": 0.51440329218107, "ceiling": 0.174, "walk_only_arrive": 0.1619047619047619, "walk_only_pick": {"n": 17, "mind": 16, "rival": 0, "count_rival": 0, "count_rival_rate": 0.0, "vs_count_mind_only": 16, "vs_count_rival_only": 0, "vs_count_z": 4.0, "hit_rate": 0.9411764705882353, "rival_rate": 0.0, "mind_only": 16, "rival_only": 0, "mcnemar_z": 4.0}, "walk_only_rate": 0.0525, "hit_of_walk_only": 0.1523809523809524, "count_rival_of_walk_only": 0.13333333333333333, "count_rival_hit_rate": 0.05, "deep_rate": 0.0, "deep_only_rate": 0.0, "hit_of_deep_only": NaN, "hit_of_deep": NaN, "hit_of_depth1": 0.8888888888888888, "bisect": null, "rival_of_walk_only": 0.08571428571428572, "walk_only_paired": {"n": 105, "mind_only": 16, "rival_only": 9, "both": 0, "neither": 80, "mcnemar_z": 1.4, "stepped": 17}, "cand_places": 2.744, "line_reach_rate": 0.0, "step_line_rate": 0.0, "line_only_rate": 0.0, "line_only_paired": {"n": 0, "mind_only": 0, "rival_only": 0, "mcnemar_z": NaN}, "steps_on_walk_only": 0.9444444444444444, "router": {"n_stepped": 18, "mind_enrichment": 17.98941798941799, "count_enrichment": 2.1164021164021163, "share_enrichment": 3.1746031746031744, "top_share_when_stepped": 0.6216931216931215, "top_share_when_not": 0.47593425370195447, "n_own_when_stepped": 1.3333333333333333, "n_own_when_not": 5.463673057517659}, "hit_rate": 0.0705, "rival_hit_rate": 0.0415, "world_rows_own": 6.951, "world_rows_candidate": 7.951, "world_rows_expand": 14.943, "world_rows_expand_when_stepped": 10.555555555555555, "world_rows_expand_when_not": 14.98284561049445, "step_vs_size_r": -0.09769222075795259, "found_where_rival_missed": 55, "missed_where_rival_found": 27, "paired_payoff": {"mind_better": 111, "rival_better": 1859, "discordant": 1970, "mcnemar_z": -39.382956451785695, "max_achievable_z": 44.384682042344295, "underpowered": false}}, "train_control": {"n": 2000, "reachable_rate": 0.1245, "mean_candidates": 7.986, "question_rank": {"n": 2000, "answerable": {"base_rate": 0.1245, "k": [200, 500, 249], "mind_margin": {"auc": 0.7173284801111929, "prec": [0.37, 0.252, 0.3253012048192771]}, "mind_score": {"auc": 0.4456397835774853, "prec": [0.045, 0.054, 0.05220883534136546]}, "count_n_own": {"auc": 0.43495627283548816, "prec": [0.055, 0.05, 0.05220883534136546]}, "count_top_share": {"auc": 0.6587813274801089, "prec": [0.275, 0.208, 0.27309236947791166]}}, "ceiling": {"base_rate": 0.175, "k": [200, 500, 350], "mind_margin": {"auc": 0.732117748917749, "prec": [0.475, 0.35, 0.3485714285714286]}, "mind_score": {"auc": 0.4861878787878788, "prec": [0.13, 0.122, 0.1]}, "count_n_own": {"auc": 0.49447186147186145, "prec": [0.095, 0.112, 0.1]}, "count_top_share": {"auc": 0.6087939393939394, "prec": [0.32, 0.248, 0.2857142857142857]}}}, "other_mind": null, "reachable_wide": 0.1245, "reachable_random": 0.012, "random_floor": 0.12531845238095235, "payoff_mind": -0.8776749999999996, "payoff_rival": 0.968875, "always_silent": 0.968875, "found_rate": 0.41767068273092367, "rival_found_rate": 0.41365461847389556, "correct_silence": 0.0, "false_silence": 0.0, "false_silence_after_step": 0.0, "step_rate": 0.0135, "own_hit_rate": 0.1205, "own_rival_hit_rate": 0.048, "own_paired": {"n": 241, "mind_only": 8, "rival_only": 4, "both": 92, "neither": 137, "mcnemar_z": 1.1547005383792517}, "own_rival_of_own": 0.3983402489626556, "hit_of_own": 0.4149377593360996, "ceiling": 0.175, "walk_only_arrive": 0.21100917431192662, "walk_only_pick": {"n": 23, "mind": 23, "rival": 8, "count_rival": 5, "count_rival_rate": 0.21739130434782608, "vs_count_mind_only": 18, "vs_count_rival_only": 0, "vs_count_z": 4.242640687119286, "hit_rate": 1.0, "rival_rate": 0.34782608695652173, "mind_only": 15, "rival_only": 0, "mcnemar_z": 3.8729833462074166}, "walk_only_rate": 0.0545, "hit_of_walk_only": 0.21100917431192662, "count_rival_of_walk_only": 0.1834862385321101, "count_rival_hit_rate": 0.053, "deep_rate": 0.0, "deep_only_rate": 0.0, "hit_of_deep_only": NaN, "hit_of_deep": NaN, "hit_of_depth1": 0.8888888888888888, "bisect": null, "rival_of_walk_only": 0.13761467889908258, "walk_only_paired": {"n": 109, "mind_only": 15, "rival_only": 7, "both": 8, "neither": 79, "mcnemar_z": 1.7056057308448833, "stepped": 23}, "cand_places": 2.7555, "line_reach_rate": 0.0, "step_line_rate": 0.0, "line_only_rate": 0.0, "line_only_paired": {"n": 0, "mind_only": 0, "rival_only": 0, "mcnemar_z": NaN}, "steps_on_walk_only": 0.8518518518518519, "router": {"n_stepped": 27, "mind_enrichment": 15.63030920829086, "count_enrichment": 2.718314644920149, "share_enrichment": 3.397893306150187, "top_share_when_stepped": 0.6170033670033669, "top_share_when_not": 0.4552619293342271, "n_own_when_stepped": 1.1851851851851851, "n_own_when_not": 5.381652306132793}, "hit_rate": 0.0615, "rival_hit_rate": 0.0515, "world_rows_own": 6.817, "world_rows_candidate": 7.817, "world_rows_expand": 14.803, "world_rows_expand_when_stepped": 10.407407407407407, "world_rows_expand_when_not": 14.86315255955398, "step_vs_size_r": -0.11971459724779979, "found_where_rival_missed": 37, "missed_where_rival_found": 36, "paired_payoff": {"mind_better": 104, "rival_better": 1877, "discordant": 1981, "mcnemar_z": -39.83515375911859, "max_achievable_z": 44.50842616853577, "underpowered": false}}}
  HELD {"count": {"n": 1174, "model_accuracy": 1.0, "rival_accuracy": 1.0, "random_floor": 0.19999999999999593}, "lookup_paired_vs_rival": {"model_only_right": 0, "rival_only_right": 0, "discordant": 0, "mcnemar_z": NaN}, "lookup_paired_vs_rival_cos": {"n": 0, "model_only_right": 0, "rival_only_right": 0, "discordant": 0, "mcnemar_z": NaN, "max_achievable_z": 0.0, "underpowered": true}, "lookup_paired_vs_rival_cos_by_margin": {"median_margin": NaN, "low_margin": {"n": 0, "model_only_right": 0, "rival_only_right": 0, "discordant": 0, "mcnemar_z": NaN, "max_achievable_z": 0.0, "underpowered": true}, "high_margin": {"n": 0, "model_only_right": 0, "rival_only_right": 0, "discordant": 0, "mcnemar_z": NaN, "max_achievable_z": 0.0, "underpowered": true}}, "ladder": {"n_questions": 0, "pairs": 0, "concordant": 0, "ties_excluded": 0, "import_budget_zero_rate": 0.0, "import_budget_mean": 0.0, "concordance": NaN, "z_vs_half": NaN, "mean_phi": {"true": NaN, "near": NaN, "middle": NaN, "far": NaN}}, "exact_mismatches": 0, "confusion": {"count|2->2": 736, "count|3->3": 163, "count|4->4": 86, "count|5+->5+": 189}, "_mixed": [], "_reach": [[0, 0, 0, 0.000298231840133667, 0, 0, 8, 3, 10, 0, 0, 0, 0, 1, 1, 2, 0, 0, 0, 2, 0, 0.2, 0, 0, 0, 0, 0, 0, -23.8772029876709, 0.0], [0, 0, 0, 0.2660929262638092, 0, 0, 8, 12, 19, 0, 0, 0, 0, 5, 6, 3, 0, 0, 0, 11, 0, 0.5, 0, 0, 0, 0, 0, 0, -3.523423433303833, 12.579991340637207], [0, 0, 0, 0.24399948120117188, 0, 0, 8, 3, 10, 0, 0, 0, 0, 1, 1, 5, 0, 0, 0, 2, 0, 0.6666666666666666, 0, 0, 0, 0, 0, 0, -23.8772029876709, 0.0], [0, 0, 0, 0.027587473392486572, 0, 0, 8, 13, 20, 0, 0, 0, 0, 9, 2, 1, 0, 0, 0, 12, 0, 0.25, 0, 0, 0, 0, 0, 0, -0.2695370316505432, 0.008853912353515625], [0, 0, 0, 0.02654165029525757, 0, 0, 8, 3, 10, 0, 0, 0, 0, 1, 1, 6, 0, 0, 0, 2, 0, 0.5, 0, 0, 0, 0, 0, 0, -23.8772029876709, 0.0], [0, 0, 0, 0.007389336824417114, 0, 0, 8, 13, 20, 0, 0, 0, 0, 11, 1, 1, 0, 0, 0, 12, 0, 0.3333333333333333, 0, 0, 0, 0, 0, 0, 13.231354713439941, 0.0009670257568359375], [0, 0, 0, 0.07300230860710144, 0, 0, 8, 11, 18, 0, 0, 0, 0, 9, 1, 3, 0, 0, 0, 10, 0, 0.5, 0, 0, 0, 0, 0, 0, 11.693953514099121, 0.0014286041259765625], [1, 0, 0, 0.08932757377624512, 1, 0, 8, 4, 11, 1, 0, 1, 0, 2, 1, 3, 0, 0, 0, 3, 1, 0.5, 0, 0, 0, 0, 0, 0, -8.247661590576172, 0.18477249145507812], [0, 0, 0, 0.008789598941802979, 0, 0, 8, 4, 11, 0, 0, 0, 0, 2, 1, 5, 0, 0, 0, 3, 0, 0.6666666666666666, 0, 0, 0, 0, 0, 0, -8.27520751953125, 0.18427467346191406], [0, 0, 0, 0.0833459198474884, 0, 0, 8, 13, 20, 0, 0, 0, 0, 10, 2, 1, 0, 0, 0, 12, 0, 0.1111111111111111, 0, 0, 0, 0, 0, 0, 9.753998756408691, 6.577197551727295], [1, 0, 0, 0.031590819358825684, 0, 0, 8, 4, 11, 1, 0, 0, 0, 2, 1, 4, 0, 0, 0, 3, 0, 0.5, 0, 0, 0, 0, 0, 0, -8.27520751953125, 0.18427467346191406], [0, 0, 0, 0.12900540232658386, 0, 0, 8, 5, 12, 0, 0, 0, 0, 3, 1, 4, 0, 0, 0, 4, 0, 0.5, 0, 0, 0, 0, 0, 0, -6.194152355194092, 0.014149665832519531], [0, 0, 0, 0.08060607314109802, 0, 0, 8, 13, 20, 0, 0, 0, 0, 11, 1, 2, 0, 0, 0, 12, 0, 0.5, 0, 0, 0, 0, 0, 0, 13.215127944946289, 0.0009603500366210938], [0, 0, 0, 0.05493122339248657, 0, 0, 8, 13, 20, 0, 0, 0, 0, 10, 2, 1, 0, 0, 0, 12, 0, 0.1111111111111111, 0, 0, 0, 0, 0, 0, 9.750043869018555, 6.575369834899902], [1, 0, 1, 0.01223522424697876, 0, 0, 8, 13, 20, 1, 0, 1, 1, 6, 6, 5, 0, 0, 0, 12, 0, 0.5, 0, 0, 0, 0, 0, 0, -1.7904694080352783, 11.593695640563965], [0, 0, 0, 0.02831311523914337, 0, 0, 8, 3, 10, 0, 0, 0, 0, 1, 1, 4, 0, 0, 0, 2, 0, 0.5, 0, 0, 0, 0, 0, 0, -23.8772029876709, 0.0], [0, 0, 0, 0.10015514492988586, 0, 0, 8, 3, 10, 0, 0, 0, 0, 1, 1, 3, 0, 0, 0, 2, 0, 0.5, 0, 0, 0, 0, 0, 0, -23.8772029876709, 0.0], [1, 0, 0, 0.04447275400161743, 0, 0, 8, 13, 20, 1, 0, 1, 0, 8, 2, 3, 0, 0, 0, 12, 0, 0.5, 0, 0, 0, 0, 0, 0, -10.16096305847168, 0.007191658020019531], [0, 0, 0, 0.3733789324760437, 0, 0, 8, 3, 10, 0, 0, 0, 0, 1, 1, 3, 0, 0, 0, 2, 0, 0.6666666666666666, 0, 0, 0, 0, 0, 0, -23.8772029876709, 0.0], [0, 0, 0, 0.015469372272491455, 0, 0, 8, 13, 20, 0, 0, 0, 0, 11, 1, 4, 0, 0, 0, 12, 0, 0.75, 0, 0, 0, 0, 0, 0, 7.113300323486328, 0.03690528869628906], [1, 0, 0, 0.020372986793518066, 0, 0, 8, 13, 20, 1, 0, 1, 0, 7, 2, 5, 0, 0, 0, 12, 0, 0.6666666666666666, 0, 0, 0, 0, 0, 0, -20.269445419311523, 0.000396728515625], [0, 0, 0, 0.26754170656204224, 0, 0, 8, 3, 10, 0, 0, 0, 0, 1, 1, 2, 0, 0, 0, 2, 0, 0.5, 0, 0, 0, 0, 0, 0, -23.8772029876709, 0.0], [1, 0, 0, 0.005441188812255859, 0, 0, 8, 13, 20, 1, 0, 1, 0, 10, 2, 3, 0, 0, 0, 12, 0, 0.5, 0, 0, 0, 0, 0, 0, 9.771075248718262, 6.558877944946289], [0, 0, 0, 0.0376470685005188, 0, 0, 8, 8, 15, 0, 0, 0, 0, 6, 1, 1, 0, 0, 0, 7, 0, 0.3333333333333333, 0, 0, 0, 0, 0, 0, 7.787126064300537, 0.003208637237548828], [0, 0, 0, 0.06130984425544739, 0, 0, 8, 13, 20, 0, 0, 0, 0, 11, 1, 1, 0, 0, 0, 12, 0, 0.027777777777777776, 0, 0, 0, 0, 0, 0, 13.122389793395996, 0.0009250640869140625], [0, 0, 0, 0.015526235103607178, 0, 0, 8, 4, 11, 0, 0, 0, 0, 2, 1, 2, 0, 0, 0, 3, 0, 0.16666666666666666, 0, 0, 0, 0, 0, 0, -8.27520751953125, 0.18427467346191406], [0, 0, 0, 0.04365450143814087, 0, 0, 8, 13, 20, 0, 0, 0, 0, 10, 2, 2, 0, 0, 0, 12, 0, 0.75, 0, 0, 0, 0, 0, 0, 9.783517837524414, 6.564062118530273], [1, 0, 1, 0.05090487003326416, 1, 0, 8, 12, 19, 1, 0, 1, 1, 9, 2, 1, 0, 0, 0, 11, 1, 0.75, 0, 0, 0, 0, 0, 0, 2.9831109046936035, 6.377590179443359], [0, 0, 0, 0.025632470846176147, 0, 0, 8, 10, 17, 0, 0, 0, 0, 8, 1, 6, 0, 0, 0, 9, 0, 0.75, 0, 0, 0, 0, 0, 0, -13.435162544250488, 0.052326202392578125], [0, 0, 0, 0.02056831121444702, 0, 0, 8, 6, 13, 0, 0, 0, 0, 4, 1, 3, 0, 0, 0, 5, 0, 0.3333333333333333, 0, 0, 0, 0, 0, 0, -14.622296333312988, 0.14033985137939453], [0, 0, 0, 0.05620288848876953, 0, 0, 8, 13, 20, 0, 0, 0, 0, 10, 2, 1, 0, 0, 0, 12, 0, 0.06451612903225806, 0, 0, 0, 0, 0, 0, 9.657254219055176, 6.571154594421387], [0, 0, 0, 0.4272824823856354, 0, 0, 8, 3, 10, 0, 0, 0, 0, 1, 1, 2, 0, 0, 0, 2, 0, 0.3333333333333333, 0, 0, 0, 0, 0, 0, -23.8772029876709, 0.0], [0, 0, 0, 0.02581876516342163, 0, 0, 8, 13, 20, 0, 0, 0, 0, 10, 2, 2, 0, 0, 0, 12, 0, 0.75, 0, 0, 0, 0, 0, 0, 9.790732383728027, 6.573101997375488], [0, 0, 0, 0.021548092365264893, 0, 0, 8, 3, 10, 0, 1, 0, 0, 1, 1, 2, 0, 0, 0, 2, 0, 0.2857142857142857, 0, 0, 0, 0, 0, 0, -23.8772029876709, 0.0], [0, 0, 0, 0.060490965843200684, 0, 0, 8, 13, 20, 0, 0, 0, 0, 10, 2, 1, 0, 0, 0, 12, 0, 0.2, 0, 0, 0, 0, 0, 0, 9.584656715393066, 6.5651469230651855], [0, 0, 0, 0.018817424774169922, 0, 0, 8, 4, 11, 0, 0, 0, 0, 2, 1, 4, 0, 0, 0, 3, 0, 0.75, 0, 0, 0, 0, 0, 0, -8.27520751953125, 0.18427467346191406], [0, 0, 0, 0.035398930311203, 0, 0, 8, 13, 20, 0, 0, 0, 0, 10, 2, 2, 0, 0, 0, 12, 0, 0.25, 0, 0, 0, 0, 0, 0, 9.750484466552734, 6.57565450668335], [0, 0, 0, 0.006799161434173584, 0, 0, 8, 7, 14, 0, 0, 0, 0, 5, 1, 3, 0, 0, 0, 6, 0, 0.5, 0, 0, 0, 0, 0, 0, -12.8487548828125, 0.02072429656982422], [0, 0, 0, 0.021572083234786987, 0, 0, 8, 4, 11, 0, 0, 0, 0, 2, 1, 2, 0, 0, 0, 3, 0, 0.4, 0, 0, 0, 0, 0, 0, -8.27520751953125, 0.18427467346191406], [0, 0, 0, 0.18902921676635742, 0, 0, 8, 7, 14, 0, 0, 0, 0, 3, 3, 2, 0, 0, 0, 6, 0, 0.8, 0, 0, 0, 0, 0, 0, -6.090465545654297, 16.790224075317383], [0, 0, 0, 0.009559720754623413, 0, 0, 8, 13, 20, 0, 0, 0, 0, 11, 1, 3, 0, 0, 0, 12, 0, 0.5, 0, 0, 0, 0, 0, 0, 7.156156539916992, 0.043210506439208984], [0, 0, 0, 0.006489992141723633, 0, 0, 8, 13, 20, 0, 0, 0, 0, 8, 2, 2, 0, 0, 0, 12, 0, 0.5, 0, 0, 0, 0, 0, 0, -10.175183296203613, 0.0038280487060546875], [0, 0, 0, 0.030309319496154785, 0, 0, 8, 3, 10, 0, 0, 0, 0, 1, 1, 3, 0, 0, 0, 2, 0, 0.5, 0, 0, 0, 0, 0, 0, -28.604970932006836, 0.0], [0, 0, 0, 0.05253493785858154, 0, 0, 8, 10, 17, 0, 0, 0, 0, 6, 3, 1, 0, 0, 0, 9, 0, 0.5, 0, 0, 0, 0, 0, 0, 2.266427516937256, 10.775257110595703], [0, 0, 0, 0.047194987535476685, 0, 0, 8, 6, 13, 0, 0, 0, 0, 4, 1, 1, 0, 0, 0, 5, 0, 0.05555555555555555, 0, 0, 0, 0, 0, 0, -14.622296333312988, 0.14033985137939453], [0, 0, 0, 0.15873956680297852, 0, 0, 8, 3, 10, 0, 0, 0, 0, 1, 1, 3, 0, 0, 0, 2, 0, 0.5, 0, 0, 0, 0, 0, 0, -23.8772029876709, 0.0], [0, 0, 0, 0.04085075855255127, 0, 0, 8, 3, 10, 0, 0, 0, 0, 1, 1, 3, 0, 0, 0, 2, 0, 0.5, 0, 0, 0, 0, 0, 0, -23.8772029876709, 0.0], [0, 0, 0, 0.027595996856689453, 0, 0, 8, 13, 20, 0, 0, 1, 0, 11, 1, 1, 0, 0, 0, 12, 0, 0.4, 0, 0, 0, 0, 0, 0, 13.112896919250488, 0.000926971435546875], [0, 0, 0, 0.08490303158760071, 0, 0, 8, 5, 12, 0, 0, 0, 0, 3, 1, 2, 0, 0, 0, 4, 0, 0.5, 0, 0, 0, 0, 0, 0, -1.5111944675445557, 0.013864278793334961], [0, 0, 0, 0.279906690120697, 0, 0, 8, 12, 19, 0, 0, 0, 0, 7, 3, 4, 0, 0, 0, 11, 0, 0.8, 0, 0, 0, 0, 0, 0, -5.4074320793151855, 1.7043280601501465], [0, 0, 0, 0.11408662796020508, 0, 0, 8, 4, 11, 0, 0, 0, 0, 2, 1, 3, 0, 0, 0, 3, 0, 0.6666666666666666, 0, 0, 0, 0, 0, 0, -8.27520751953125, 0.18427467346191406], [0, 0, 0, 0.13011321425437927, 0, 0, 8, 6, 13, 0, 0, 0, 0, 4, 1, 3, 0, 0, 0, 5, 0, 0.5, 0, 0, 0, 0, 0, 0, 2.7437801361083984, 0.007445335388183594], [0, 0, 0, 0.0861138105392456, 0, 0, 8, 13, 20, 0, 0, 0, 0, 11, 1, 1, 0, 0, 0, 12, 0, 0.1, 0, 0, 0, 0, 0, 0, 13.121283531188965, 0.000926971435546875], [0, 0, 0, 0.1820366084575653, 0, 0, 8, 4, 11, 0, 0, 0, 0, 2, 1, 5, 0, 0, 0, 3, 0, 0.6666666666666666, 0, 0, 0, 0, 0, 0, -8.27520751953125, 0.18427467346191406], [0, 0, 0, 0.08802545070648193, 0, 0, 8, 13, 20, 0, 0, 0, 0, 11, 1, 1, 0, 0, 0, 12, 0, 0.1, 0, 0, 0, 0, 0, 0, 13.121283531188965, 0.000926971435546875], [0, 0, 0, 0.15721338987350464, 0, 0, 8, 13, 20, 0, 0, 0, 0, 10, 2, 2, 0, 0, 0, 12, 0, 0.16666666666666666, 0, 0, 0, 0, 0, 0, 6.1333699226379395, 4.259347915649414], [0, 0, 0, 0.010102719068527222, 0, 0, 8, 7, 14, 0, 0, 1, 0, 5, 1, 3, 0, 0, 0, 6, 0, 0.6666666666666666, 0, 0, 0, 0, 0, 0, 5.67399263381958, 0.004694461822509766], [0, 0, 0, 0.1371544599533081, 0, 0, 8, 3, 10, 0, 0, 0, 0, 1, 1, 4, 0, 0, 0, 2, 0, 0.5, 0, 0, 0, 0, 0, 0, -23.8772029876709, 0.0], [0, 0, 0, 0.02497124671936035, 0, 0, 8, 13, 20, 0, 0, 0, 0, 11, 1, 1, 0, 0, 0, 12, 0, 0.25, 0, 0, 0, 0, 0, 0, 13.18290901184082, 0.0009479522705078125], [0, 0, 0, 0.0408322811126709, 0, 0, 8, 13, 20, 0, 0, 0, 0, 9, 3, 4, 0, 0, 0, 12, 0, 0.5, 0, 0, 0, 0, 0, 0, 6.556578636169434, 8.004423141479492], [0, 0, 0, 0.049210697412490845, 0, 0, 8, 4, 11, 0, 0, 0, 0, 2, 1, 4, 0, 0, 0, 3, 0, 0.6666666666666666, 0, 0, 0, 0, 0, 0, -8.27520751953125, 0.18427467346191406], [0, 0, 0, 0.03302586078643799, 0, 0, 8, 13, 20, 0, 0, 0, 0, 11, 1, 1, 0, 0, 0, 12, 0, 0.4, 0, 0, 0, 0, 0, 0, 13.112896919250488, 0.000926971435546875], [0, 0, 0, 0.007632404565811157, 0, 0, 8, 6, 13, 0, 0, 0, 0, 4, 1, 1, 0, 0, 0, 5, 0, 0.125, 0, 0, 0, 0, 0, 0, 2.7437801361083984, 0.007445335388183594], [0, 0, 0, 0.07855290174484253, 0, 0, 8, 13, 20, 0, 0, 0, 0, 11, 1, 1, 0, 0, 0, 12, 0, 0.5, 0, 0, 0, 0, 0, 0, 7.187230110168457, 0.023723125457763672], [0, 0, 0, 0.03703996539115906, 0, 0, 8, 10, 17, 0, 0, 0, 0, 8, 1, 2, 0, 0, 0, 9, 0, 0.6, 0, 0, 0, 0, 0, 0, 10.671062469482422, 0.0018014907836914062], [0, 0, 0, 0.0038423240184783936, 0, 0, 8, 13, 20, 0, 0, 0, 0, 11, 1, 1, 0, 0, 0, 12, 0, 0.017241379310344827, 0, 0, 0, 0, 0, 0, 7.194853782653809, 0.02167510986328125], [0, 0, 0, 0.12838268280029297, 0, 0, 8, 5, 12, 0, 0, 0, 0, 3, 1, 4, 0, 0, 0, 4, 0, 0.6666666666666666, 0, 0, 0, 0, 0, 0, -1.5111944675445557, 0.013864278793334961], [0, 0, 0, 0.18760722875595093, 0, 0, 8, 3, 10, 0, 0, 0, 0, 1, 1, 3, 0, 0, 0, 2, 0, 0.4, 0, 0, 0, 0, 0, 0, -23.8772029876709, 0.0], [0, 0, 0, 0.019622325897216797, 0, 0, 8, 3, 10, 0, 1, 0, 0, 1, 1, 7, 0, 0, 0, 2, 0, 0.5, 0, 0, 0, 0, 0, 0, -23.8772029876709, 0.0], [1, 0, 1, 0.00350797176361084, 0, 0, 8, 13, 20, 1, 0, 1, 1, 8, 4, 4, 0, 0, 0, 12, 0, 0.5, 0, 0, 0, 0, 0, 0, 3.554790735244751, 9.2644681930542], [0, 0, 0, 0.05533719062805176, 0, 0, 8, 4, 11, 0, 0, 0, 0, 2, 1, 1, 0, 0, 0, 3, 0, 0.017241379310344827, 0, 0, 0, 0, 0, 0, -8.27520751953125, 0.18427467346191406], [1, 0, 0, 0.13812941312789917, 0, 0, 8, 3, 10, 1, 0, 0, 0, 1, 1, 4, 0, 0, 0, 2, 0, 0.6666666666666666, 0, 0, 0, 0, 0, 0, -23.8772029876709, 0.0], [0, 0, 0, 0.004933178424835205, 0, 0, 8, 13, 20, 0, 0, 0, 0, 9, 3, 6, 0, 0, 0, 12, 0, 0.5, 0, 0, 0, 0, 0, 0, 6.556558132171631, 8.008651733398438], [0, 0, 0, 0.005494236946105957, 0, 0, 8, 7, 14, 0, 0, 0, 0, 5, 1, 2, 0, 0, 0, 6, 0, 0.75, 0, 0, 0, 0, 0, 0, -5.240190505981445, 14.553121566772461], [1, 0, 0, 0.17342627048492432, 0, 0, 8, 3, 10, 1, 0, 0, 0, 1, 1, 4, 0, 0, 0, 2, 0, 0.6666666666666666, 0, 0, 0, 0, 0, 0, -23.8772029876709, 0.0], [0, 0, 0, 0.01198267936706543, 0, 0, 8, 10, 17, 0, 0, 0, 0, 8, 1, 1, 0, 0, 0, 9, 0, 0.12121212121212122, 0, 0, 0, 0, 0, 0, 10.671062469482422, 0.0018014907836914062], [0, 0, 0, 0.016780197620391846, 0, 0, 8, 12, 19, 0, 0, 0, 0, 7, 2, 2, 0, 0, 0, 11, 0, 0.75, 0, 0, 0, 0, 0, 0, -12.932378768920898, 0.000530242919921875], [1, 0, 0, 0.004367828369140625, 0, 0, 8, 5, 12, 1, 0, 0, 0, 3, 1, 6, 0, 0, 0, 4, 0, 0.6666666666666666, 0, 0, 0, 0, 0, 0, -1.5111944675445557, 0.013864278793334961], [0, 0, 0, 0.05946412682533264, 0, 0, 8, 13, 20, 0, 0, 0, 0, 11, 1, 1, 0, 0, 0, 12, 0, 0.2, 0, 0, 0, 0, 0, 0, 13.063285827636719, 0.0009059906005859375], [0, 0, 0, 0.16956719756126404, 0, 0, 8, 13, 20, 0, 0, 0, 0, 11, 1, 2, 0, 0, 0, 12, 0, 0.16666666666666666, 0, 0, 0, 0, 0, 0, 13.144071578979492, 0.0009336471557617188], [0, 0, 0, 0.014805614948272705, 0, 0, 8, 7, 14, 0, 0, 0, 0, 5, 1, 1, 0, 0, 0, 6, 0, 0.125, 0, 0, 0, 0, 0, 0, 5.662449359893799, 0.004663944244384766], [1, 0, 1, 0.05090487003326416, 1, 0, 8, 12, 19, 1, 0, 1, 1, 9, 2, 1, 0, 0, 0, 11, 1, 0.75, 0, 0, 0, 0, 0, 0, 3.017317295074463, 6.420943737030029], [0, 0, 0, 0.009030982851982117, 0, 0, 8, 13, 20, 0, 0, 0, 0, 10, 2, 3, 0, 0, 0, 12, 0, 0.5, 0, 0, 0, 0, 0, 0, 9.802407264709473, 6.569056510925293], [0, 0, 0, 0.03694510459899902, 0, 0, 8, 13, 20, 0, 0, 0, 0, 11, 1, 1, 0, 0, 0, 12, 0, 0.25, 0, 0, 0, 0, 0, 0, 7.092902183532715, 0.03719902038574219], [0, 0, 0, 0.05930733680725098, 0, 0, 8, 4, 11, 0, 0, 0, 0, 2, 1, 2, 0, 0, 0, 3, 0, 0.5, 0, 0, 0, 0, 0, 0, -8.27520751953125, 0.18427467346191406], [0, 0, 0, 0.06632733345031738, 0, 0, 8, 10, 17, 0, 0, 0, 0, 8, 1, 1, 0, 0, 0, 9, 0, 0.5, 0, 0, 0, 0, 0, 0, -13.454899787902832, 0.052440643310546875], [0, 0, 0, 0.045991867780685425, 0, 0, 8, 5, 12, 0, 0, 0, 0, 3, 1, 3, 0, 0, 0, 4, 0, 0.3333333333333333, 0, 0, 0, 0, 0, 0, -1.5111944675445557, 0.013864278793334961], [0, 0, 0, 0.1358553171157837, 0, 0, 8, 8, 15, 0, 0, 0, 0, 6, 1, 2, 0, 0, 0, 7, 0, 0.5, 0, 0, 0, 0, 0, 0, -10.663628578186035, 0.016198158264160156], [0, 0, 0, 0.01228177547454834, 0, 0, 8, 13, 20, 0, 0, 0, 0, 11, 1, 2, 0, 0, 0, 12, 0, 0.6666666666666666, 0, 0, 0, 0, 0, 0, 13.23603630065918, 0.0009698867797851562], [1, 0, 0, 0.061081647872924805, 0, 0, 8, 5, 12, 1, 0, 0, 0, 3, 1, 3, 0, 0, 0, 4, 0, 0.5, 0, 0, 0, 0, 0, 0, -1.5111944675445557, 0.013864278793334961], [0, 0, 0, 0.06045800447463989, 0, 0, 8, 13, 20, 0, 0, 0, 0, 11, 1, 2, 0, 0, 0, 12, 0, 0.5, 0, 0, 0, 0, 0, 0, 13.160223007202148, 0.00093841552734375], [0, 0, 0, 0.2872818112373352, 0, 0, 8, 3, 10, 0, 0, 0, 0, 1, 1, 3, 0, 0, 0, 2, 0, 0.5, 0, 0, 0, 0, 0, 0, -23.8772029876709, 0.0], [0, 0, 0, 0.03197076916694641, 0, 0, 8, 3, 10, 0, 0, 0, 0, 1, 1, 3, 0, 0, 0, 2, 0, 0.5, 0, 0, 0, 0, 0, 0, -23.8772029876709, 0.0], [0, 0, 0, 0.2157345414161682, 0, 0, 8, 3, 10, 0, 0, 0, 0, 1, 1, 3, 0, 0, 0, 2, 0, 0.3333333333333333, 0, 0, 0, 0, 0, 0, -23.8772029876709, 0.0], [0, 0, 0, 0.0267038494348526, 0, 0, 8, 3, 10, 0, 1, 0, 0, 1, 1, 3, 0, 0, 0, 2, 0, 0.6666666666666666, 0, 0, 0, 0, 0, 0, -23.8772029876709, 0.0], [1, 0, 0, 0.13199207186698914, 1, 0, 8, 13, 20, 1, 0, 0, 0, 11, 1, 2, 0, 0, 0, 12, 1, 0.16666666666666666, 0, 0, 0, 0, 0, 0, 13.144071578979492, 0.0009336471557617188], [0, 0, 0, 0.026134490966796875, 0, 0, 8, 13, 20, 0, 0, 0, 0, 9, 2, 4, 0, 0, 0, 12, 0, 0.5, 0, 0, 0, 0, 0, 0, -0.2173967957496643, 0.0003058910369873047], [0, 0, 0, 0.1327163577079773, 0, 0, 8, 6, 13, 0, 0, 0, 0, 4, 1, 2, 0, 0, 0, 5, 0, 0.3333333333333333, 0, 0, 0, 0, 0, 0, -14.622296333312988, 0.14033985137939453], [0, 0, 0, 0.021810799837112427, 0, 0, 8, 13, 20, 0, 0, 0, 0, 11, 1, 3, 0, 0, 0, 12, 0, 0.6666666666666666, 0, 0, 0, 0, 0, 0, 13.241032600402832, 0.0009737014770507812], [0, 0, 0, 0.03997066617012024, 0, 0, 8, 3, 10, 0, 0, 0, 0, 1, 1, 2, 0, 0, 0, 2, 0, 0.25, 0, 0, 0, 0, 0, 0, -23.8772029876709, 0.0], [0, 0, 0, 0.004531919956207275, 0, 0, 8, 3, 10, 0, 0, 0, 0, 1, 1, 2, 0, 0, 0, 2, 0, 0.8, 0, 0, 0, 0, 0, 0, -23.8772029876709, 0.0], [0, 0, 0, 0.012327313423156738, 0, 0, 8, 5, 12, 0, 0, 0, 0, 3, 1, 4, 0, 0, 0, 4, 0, 0.5, 0, 0, 0, 0, 0, 0, -1.5111944675445557, 0.013864278793334961], [1, 0, 1, 0.1793777346611023, 1, 0, 8, 10, 17, 1, 0, 1, 1, 4, 4, 4, 0, 0, 0, 9, 1, 0.8571428571428571, 0, 0, 0, 0, 0, 0, -28.992218017578125, 4.054939270019531], [0, 0, 0, 0.038150906562805176, 0, 0, 8, 13, 20, 0, 0, 0, 0, 10, 2, 2, 0, 0, 0, 12, 0, 0.4, 0, 0, 0, 0, 0, 0, 9.770641326904297, 6.577751636505127], [0, 0, 0, 0.04591265320777893, 0, 0, 8, 5, 12, 0, 0, 0, 0, 3, 1, 3, 0, 0, 0, 4, 0, 0.3333333333333333, 0, 0, 0, 0, 0, 0, -1.5111944675445557, 0.013864278793334961], [1, 0, 0, 0.16423141956329346, 0, 0, 8, 11, 18, 1, 0, 1, 0, 7, 3, 4, 0, 0, 0, 10, 0, 0.5, 0, 0, 0, 0, 0, 0, -12.648475646972656, 9.235021591186523], [0, 0, 0, 0.0853014588356018, 0, 0, 8, 3, 10, 0, 0, 0, 0, 1, 1, 4, 0, 0, 0, 2, 0, 0.5, 0, 0, 0, 0, 0, 0, -23.8772029876709, 0.0], [0, 0, 0, 0.044769078493118286, 0, 0, 8, 5, 12, 0, 0, 0, 0, 3, 1, 3, 0, 0, 0, 4, 0, 0.3333333333333333, 0, 0, 0, 0, 0, 0, -1.5111944675445557, 0.013864278793334961], [0, 0, 0, 0.055943578481674194, 0, 0, 8, 13, 20, 0, 0, 0, 0, 10, 2, 1, 0, 0, 0, 12, 0, 0.2, 0, 0, 0, 0, 0, 0, 9.614154815673828, 6.578184604644775], [0, 0, 0, 0.05828896164894104, 0, 0, 8, 7, 14, 0, 0, 0, 0, 5, 1, 2, 0, 0, 0, 6, 0, 0.2, 0, 0, 0, 0, 0, 0, -12.027193069458008, 0.08903694152832031], [0, 0, 0, 0.010154619812965393, 0, 0, 8, 3, 10, 0, 0, 0, 0, 1, 1, 3, 0, 0, 0, 2, 0, 0.6, 0, 0, 0, 0, 0, 0, -23.8772029876709, 0.0], [1, 0, 1, 0.008398115634918213, 1, 0, 8, 7, 14, 1, 1, 1, 1, 4, 2, 3, 0, 0, 0, 6, 1, 0.6666666666666666, 0, 0, 0, 0, 0, 0, -17.853639602661133, 13.18674087524414], [0, 0, 0, 0.026480674743652344, 0, 0, 8, 11, 18, 0, 0, 0, 0, 9, 1, 1, 0, 0, 0, 10, 0, 0.4, 0, 0, 0, 0, 0, 0, 11.693953514099121, 0.0014286041259765625], [1, 0, 1, 0.009670376777648926, 1, 0, 7, 13, 19, 1, 0, 1, 1, 2, 10, 6, 0, 0, 0, 12, 1, 0.8571428571428571, 0, 0, 0, 0, 0, 0, -10.279778480529785, 17.15853500366211], [0, 0, 0, 0.054027706384658813, 0, 0, 8, 13, 20, 0, 0, 0, 0, 11, 1, 1, 0, 0, 0, 12, 0, 0.2, 0, 0, 0, 0, 0, 0, 13.063285827636719, 0.0009059906005859375], [0, 0, 0, 0.06060761213302612, 0, 0, 8, 13, 20, 0, 0, 0, 0, 6, 6, 3, 0, 0, 0, 12, 0, 0.8, 0, 0, 0, 0, 0, 0, -1.9280714988708496, 11.574033737182617], [0, 0, 0, 0.016028642654418945, 0, 0, 8, 3, 10, 0, 0, 0, 0, 1, 1, 4, 0, 0, 0, 2, 0, 0.8333333333333334, 0, 0, 0, 0, 0, 0, -23.8772029876709, 0.0], [0, 0, 0, 0.061923444271087646, 0, 0, 8, 13, 20, 0, 0, 0, 0, 9, 2, 3, 0, 0, 0, 12, 0, 0.5, 0, 0, 0, 0, 0, 0, -0.26862627267837524, 0.005347490310668945], [0, 0, 0, 0.44686439633369446, 0, 0, 8, 3, 10, 0, 0, 0, 0, 1, 1, 4, 0, 0, 0, 2, 0, 0.6666666666666666, 0, 0, 0, 0, 0, 0, -23.8772029876709, 0.0], [0, 0, 0, 0.009583592414855957, 0, 0, 8, 7, 14, 0, 0, 0, 0, 5, 1, 1, 0, 0, 0, 6, 0, 0.25, 0, 0, 0, 0, 0, 0, -12.8487548828125, 0.02072429656982422], [0, 0, 0, 0.09387502074241638, 0, 0, 8, 6, 13, 0, 0, 0, 0, 3, 2, 4, 0, 0, 0, 5, 0, 0.6666666666666666, 0, 0, 0, 0, 0, 0, -19.70952796936035, 15.08934211730957], [0, 0, 0, 0.007350027561187744, 0, 0, 8, 7, 14, 0, 0, 0, 0, 5, 1, 3, 0, 0, 0, 6, 0, 0.5, 0, 0, 0, 0, 0, 0, 11.813295364379883, 15.590422630310059], [1, 0, 0, 0.005479991436004639, 0, 0, 8, 13, 20, 1, 0, 1, 0, 5, 5, 5, 0, 0, 0, 12, 0, 0.6666666666666666, 0, 0, 0, 0, 0, 0, -19.13020896911621, 4.248464584350586], [0, 0, 0, 0.11436879634857178, 0, 0, 8, 5, 12, 0, 0, 0, 0, 3, 1, 2, 0, 0, 0, 4, 0, 0.75, 0, 0, 0, 0, 0, 0, -1.5111944675445557, 0.013864278793334961], [0, 0, 0, 0.004152029752731323, 0, 0, 8, 4, 11, 0, 0, 0, 0, 2, 1, 3, 0, 0, 0, 3, 0, 0.5, 0, 0, 0, 0, 0, 0, -8.27520751953125, 0.18427467346191406], [0, 0, 0, 0.022062182426452637, 0, 0, 8, 11, 18, 0, 0, 0, 0, 9, 1, 1, 0, 0, 0, 10, 0, 0.3333333333333333, 0, 0, 0, 0, 0, 0, 11.693953514099121, 0.0014286041259765625], [0, 0, 0, 0.01726478338241577, 0, 0, 8, 9, 16, 0, 0, 0, 0, 7, 1, 2, 0, 0, 0, 8, 0, 0.5, 0, 0, 0, 0, 0, 0, 13.561484336853027, 14.006302833557129], [0, 0, 0, 0.14057108759880066, 0, 0, 8, 3, 10, 0, 0, 0, 0, 1, 1, 1, 0, 0, 0, 2, 0, 0.3333333333333333, 0, 0, 0, 0, 0, 0, -23.8772029876709, 0.0], [0, 0, 0, 0.019859492778778076, 0, 0, 8, 3, 10, 0, 0, 0, 0, 1, 1, 3, 0, 0, 0, 2, 0, 0.5, 0, 0, 0, 0, 0, 0, -23.8772029876709, 0.0], [0, 0, 0, 0.043993234634399414, 0, 0, 8, 3, 10, 0, 0, 0, 0, 1, 1, 1, 0, 0, 0, 2, 0, 0.5, 0, 0, 0, 0, 0, 0, -23.8772029876709, 0.0], [0, 0, 0, 0.1855698823928833, 0, 0, 8, 3, 10, 0, 0, 0, 0, 1, 1, 5, 0, 0, 0, 2, 0, 0.6666666666666666, 0, 0, 0, 0, 0, 0, -23.8772029876709, 0.0], [0, 0, 0, 0.3319029211997986, 0, 0, 8, 3, 10, 0, 0, 0, 0, 1, 1, 4, 0, 0, 0, 2, 0, 0.6, 0, 0, 0, 0, 0, 0, -23.8772029876709, 0.0], [0, 0, 0, 0.056849509477615356, 0, 0, 8, 13, 20, 0, 0, 0, 0, 10, 2, 2, 0, 0, 0, 12, 0, 0.6666666666666666, 0, 0, 0, 0, 0, 0, 9.740925788879395, 6.575693607330322], [0, 0, 0, 0.08819103240966797, 0, 0, 8, 4, 11, 0, 0, 0, 0, 2, 1, 2, 0, 0, 0, 3, 0, 0.5384615384615384, 0, 0, 0, 0, 0, 0, -8.27520751953125, 0.18427467346191406], [0, 0, 0, 0.028557181358337402, 0, 0, 8, 13, 20, 0, 0, 0, 0, 11, 1, 2, 0, 0, 0, 12, 0, 0.5, 0, 0, 0, 0, 0, 0, 13.195902824401855, 0.00095367431640625], [0, 0, 0, 0.05965337157249451, 0, 0, 8, 13, 20, 0, 0, 0, 0, 11, 1, 4, 0, 0, 0, 12, 0, 0.5, 0, 0, 0, 0, 0, 0, 13.160223007202148, 0.00093841552734375], [1, 0, 1, 0.009670376777648926, 1, 0, 7, 13, 19, 1, 0, 1, 1, 2, 10, 6, 0, 0, 0, 12, 1, 0.8571428571428571, 0, 0, 0, 0, 0, 0, -10.279778480529785, 17.15853500366211], [0, 0, 0, 0.023403868079185486, 0, 0, 8, 12, 19, 0, 0, 0, 0, 10, 1, 1, 0, 0, 0, 11, 0, 0.017241379310344827, 0, 0, 0, 0, 0, 0, -2.4519059658050537, 11.849772453308105], [0, 0, 0, 0.028013229370117188, 0, 0, 8, 13, 20, 0, 0, 0, 0, 9, 2, 2, 0, 0, 0, 12, 0, 0.75, 0, 0, 0, 0, 0, 0, -0.2298155426979065, 0.003302335739135742], [1, 0, 0, 0.005007028579711914, 0, 0, 8, 4, 11, 1, 0, 0, 0, 2, 1, 4, 0, 0, 0, 3, 0, 0.5, 0, 0, 0, 0, 0, 0, -10.12125015258789, 0.19951248168945312], [0, 0, 0, 0.021593809127807617, 0, 0, 8, 13, 20, 0, 0, 0, 0, 10, 2, 4, 0, 0, 0, 12, 0, 0.6666666666666666, 0, 0, 0, 0, 0, 0, 9.775493621826172, 6.564720153808594], [0, 0, 0, 0.0, 0, 0, 8, 4, 11, 0, 0, 0, 0, 2, 1, 4, 0, 0, 0, 3, 0, 0.5, 0, 0, 0, 0, 0, 0, -8.27520751953125, 0.18427467346191406], [0, 0, 0, 0.06296953558921814, 0, 0, 8, 13, 20, 0, 0, 0, 0, 11, 1, 1, 0, 0, 0, 12, 0, 0.06451612903225806, 0, 0, 0, 0, 0, 0, 13.122389793395996, 0.0009250640869140625], [0, 0, 0, 0.08376270532608032, 0, 0, 8, 13, 20, 0, 0, 0, 0, 10, 2, 1, 0, 0, 0, 12, 0, 0.5, 0, 0, 0, 0, 0, 0, 9.752660751342773, 6.5631561279296875], [1, 0, 1, 0.08288586139678955, 1, 0, 8, 6, 13, 1, 0, 1, 1, 2, 3, 2, 0, 0, 0, 5, 1, 0.5, 0, 0, 0, 0, 0, 0, -23.759033203125, 21.964599609375], [0, 0, 0, 0.02967563271522522, 0, 0, 8, 13, 20, 0, 0, 0, 0, 11, 1, 1, 0, 0, 0, 12, 0, 0.12280701754385964, 0, 0, 0, 0, 0, 0, 13.241032600402832, 0.0009737014770507812], [0, 0, 1, 0.022560179233551025, 0, 0, 8, 4, 11, 0, 0, 1, 1, 2, 1, 3, 0, 0, 0, 3, 0, 0.5, 0, 0, 0, 0, 0, 0, -8.247661590576172, 0.18477249145507812], [0, 0, 1, 0.0771324634552002, 0, 0, 8, 4, 11, 0, 0, 1, 1, 2, 1, 2, 0, 0, 0, 3, 0, 0.25, 0, 0, 0, 0, 0, 0, -8.247661590576172, 0.18477249145507812], [0, 0, 0, 0.04362228512763977, 0, 0, 8, 3, 10, 0, 0, 0, 0, 1, 1, 4, 0, 0, 0, 2, 0, 0.5, 0, 0, 0, 0, 0, 0, -23.8772029876709, 0.0], [0, 0, 0, 0.05491828918457031, 0, 0, 8, 13, 20, 0, 0, 0, 0, 11, 1, 1, 0, 0, 0, 12, 0, 0.2, 0, 0, 0, 0, 0, 0, 16.15884017944336, 12.625581741333008], [0, 0, 0, 0.07270559668540955, 0, 0, 8, 3, 10, 0, 0, 0, 0, 1, 1, 3, 0, 0, 0, 2, 0, 0.5, 0, 0, 0, 0, 0, 0, -23.8772029876709, 0.0], [0, 0, 0, 0.16846904158592224, 0, 0, 8, 4, 11, 0, 0, 0, 0, 2, 1, 3, 0, 0, 0, 3, 0, 0.5, 0, 0, 0, 0, 0, 0, -8.27520751953125, 0.18427467346191406], [0, 0, 0, 0.05777767300605774, 0, 0, 8, 13, 20, 0, 0, 0, 0, 11, 1, 1, 0, 0, 0, 12, 0, 0.2, 0, 0, 0, 0, 0, 0, 13.063285827636719, 0.0009059906005859375], [0, 0, 0, 0.0009827464818954468, 0, 0, 8, 3, 10, 0, 0, 0, 0, 1, 1, 3, 0, 0, 0, 2, 0, 0.5, 0, 0, 0, 0, 0, 0, -23.8772029876709, 0.0], [1, 0, 0, 0.09014880657196045, 0, 0, 8, 5, 12, 1, 0, 0, 0, 2, 2, 5, 0, 0, 0, 4, 0, 0.6666666666666666, 0, 0, 0, 0, 0, 0, -9.269610404968262, 24.349857330322266], [0, 0, 0, 0.07401561737060547, 0, 0, 8, 13, 20, 0, 0, 0, 0, 10, 2, 1, 0, 0, 0, 12, 0, 0.1, 0, 0, 0, 0, 0, 0, 9.649136543273926, 6.565361976623535], [0, 0, 0, 0.042299121618270874, 0, 0, 8, 13, 20, 0, 0, 0, 0, 11, 1, 2, 0, 0, 0, 12, 0, 0.5, 0, 0, 0, 0, 0, 0, 13.215127944946289, 0.0009603500366210938], [1, 0, 0, 0.04447275400161743, 0, 0, 8, 13, 20, 1, 0, 1, 0, 8, 2, 3, 0, 0, 0, 12, 0, 0.5, 0, 0, 0, 0, 0, 0, -10.16030502319336, 0.008382797241210938], [0, 0, 0, 0.005982935428619385, 0, 0, 8, 7, 14, 0, 0, 0, 0, 5, 1, 5, 0, 0, 0, 6, 0, 0.6666666666666666, 0, 0, 0, 0, 0, 0, 5.662449359893799, 0.004663944244384766], [0, 0, 0, 0.0, 0, 0, 8, 13, 20, 0, 0, 0, 0, 11, 1, 2, 0, 0, 0, 12, 0, 0.5, 0, 0, 0, 0, 0, 0, 13.215127944946289, 0.0009603500366210938], [0, 0, 0, 0.07745051383972168, 0, 0, 8, 13, 20, 0, 0, 0, 0, 11, 1, 4, 0, 0, 0, 12, 0, 0.6666666666666666, 0, 0, 0, 0, 0, 0, 13.185338020324707, 0.0009479522705078125], [0, 0, 0, 0.0025750696659088135, 0, 0, 8, 13, 20, 0, 0, 0, 0, 11, 1, 2, 0, 0, 0, 12, 0, 0.4, 0, 0, 0, 0, 0, 0, 13.241032600402832, 0.0009737014770507812], [0, 0, 0, 0.00932300090789795, 0, 0, 8, 7, 14, 0, 0, 0, 0, 5, 1, 1, 0, 0, 0, 6, 0, 0.5, 0, 0, 0, 0, 0, 0, -12.027193069458008, 0.08903694152832031], [1, 0, 1, 0.020372986793518066, 0, 0, 8, 13, 20, 1, 0, 1, 1, 10, 2, 5, 0, 0, 0, 12, 0, 0.6666666666666666, 0, 0, 0, 0, 0, 0, 9.773347854614258, 6.568193435668945], [0, 0, 0, 0.05365800857543945, 0, 0, 8, 13, 20, 0, 0, 0, 0, 9, 2, 2, 0, 0, 0, 12, 0, 0.2727272727272727, 0, 0, 0, 0, 0, 0, -0.1766616702079773, 0.0003311634063720703], [0, 0, 0, 0.2962033748626709, 0, 0, 8, 3, 10, 0, 0, 0, 0, 1, 1, 3, 0, 0, 0, 2, 0, 0.5, 0, 0, 0, 0, 0, 0, -23.8772029876709, 0.0], [0, 0, 0, 0.030298501253128052, 0, 0, 8, 12, 19, 0, 0, 0, 0, 10, 1, 2, 0, 0, 0, 11, 0, 0.3333333333333333, 0, 0, 0, 0, 0, 0, 12.535947799682617, 0.001163482666015625], [0, 0, 1, 0.22343024611473083, 0, 0, 8, 5, 12, 0, 0, 1, 1, 3, 1, 3, 0, 0, 0, 4, 0, 0.5, 0, 0, 0, 0, 0, 0, -1.4922235012054443, 0.013985872268676758], [0, 0, 0, 0.028440237045288086, 0, 0, 8, 13, 20, 0, 0, 0, 0, 11, 1, 1, 0, 0, 0, 12, 0, 0.4, 0, 0, 0, 0, 0, 0, 13.112896919250488, 0.000926971435546875], [0, 0, 0, 0.0643707811832428, 0, 0, 8, 13, 20, 0, 0, 0, 0, 10, 2, 1, 0, 0, 0, 12, 0, 0.1, 0, 0, 0, 0, 0, 0, 9.627462387084961, 6.559498310089111], [1, 0, 0, 0.04483389854431152, 1, 0, 8, 4, 11, 1, 0, 1, 0, 2, 1, 5, 0, 0, 0, 3, 1, 0.75, 0, 0, 0, 0, 0, 0, -8.247661590576172, 0.18477249145507812], [0, 0, 0, 0.003537580370903015, 0, 0, 8, 3, 10, 0, 0, 0, 0, 1, 1, 2, 0, 0, 0, 2, 0, 0.5, 0, 0, 0, 0, 0, 0, -23.8772029876709, 0.0], [0, 0, 0, 0.1597687304019928, 0, 0, 8, 3, 10, 0, 0, 0, 0, 1, 1, 1, 0, 0, 0, 2, 0, 0.1111111111111111, 0, 0, 0, 0, 0, 0, -23.8772029876709, 0.0], [0, 0, 0, 0.12548834085464478, 0, 0, 8, 3, 10, 0, 0, 0, 0, 1, 1, 3, 0, 0, 0, 2, 0, 0.5, 0, 0, 0, 0, 0, 0, -28.604970932006836, 0.0], [0, 0, 0, 0.0023378729820251465, 0, 0, 8, 6, 13, 0, 0, 0, 0, 4, 1, 3, 0, 0, 0, 5, 0, 0.5, 0, 0, 0, 0, 0, 0, -14.622296333312988, 0.14033985137939453], [0, 0, 0, 0.02204456925392151, 0, 0, 8, 13, 20, 0, 0, 0, 0, 11, 1, 1, 0, 0, 0, 12, 0, 0.021739130434782608, 0, 0, 0, 0, 0, 0, 13.185338020324707, 0.0009479522705078125], [0, 0, 0, 0.03457219898700714, 0, 0, 8, 7, 14, 0, 0, 0, 0, 5, 1, 2, 0, 0, 0, 6, 0, 0.4, 0, 0, 0, 0, 0, 0, -12.027193069458008, 0.08903694152832031], [0, 0, 0, 0.0077852606773376465, 0, 0, 8, 13, 20, 0, 0, 0, 0, 11, 1, 1, 0, 0, 0, 12, 0, 0.017241379310344827, 0, 0, 0, 0, 0, 0, 13.215127944946289, 0.0009603500366210938], [0, 0, 0, 0.0267220139503479, 0, 0, 8, 13, 20, 0, 0, 0, 0, 11, 1, 5, 0, 0, 0, 12, 0, 0.8571428571428571, 0, 0, 0, 0, 0, 0, 13.231354713439941, 0.0009670257568359375], [0, 0, 0, 0.03897750377655029, 0, 0, 8, 5, 12, 0, 0, 0, 0, 3, 1, 3, 0, 0, 0, 4, 0, 0.5, 0, 0, 0, 0, 0, 0, -1.5111944675445557, 0.013864278793334961], [0, 0, 0, 0.005555927753448486, 0, 0, 8, 3, 10, 0, 0, 0, 0, 1, 1, 4, 0, 0, 0, 2, 0, 0.75, 0, 0, 0, 0, 0, 0, -23.8772029876709, 0.0], [0, 0, 0, 0.011670231819152832, 0, 0, 8, 13, 20, 0, 0, 0, 0, 6, 4, 3, 0, 0, 0, 12, 0, 0.75, 0, 0, 0, 0, 0, 0, -11.030946731567383, 1.537837028503418], [0, 0, 0, 0.08878916501998901, 0, 0, 8, 3, 10, 0, 0, 0, 0, 1, 1, 2, 0, 0, 0, 2, 0, 0.4, 0, 0, 0, 0, 0, 0, -23.8772029876709, 0.0], [0, 0, 0, 0.01125749945640564, 0, 0, 8, 13, 20, 0, 0, 0, 0, 11, 1, 3, 0, 0, 0, 12, 0, 0.5, 0, 0, 0, 0, 0, 0, 13.23603630065918, 0.0009698867797851562], [1, 0, 1, 0.02208125591278076, 0, 1, 8, 3, 10, 1, 0, 0, 0, 1, 1, 5, 0, 0, 0, 2, 0, 0.6666666666666666, 0, 0, 1, 0, 0, 0, -8.432435035705566, 26.784923553466797], [0, 0, 0, 0.1315620243549347, 0, 0, 8, 5, 12, 0, 0, 0, 0, 3, 1, 2, 0, 0, 0, 4, 0, 0.3333333333333333, 0, 0, 0, 0, 0, 0, -7.254977226257324, 0.17612171173095703], [0, 0, 0, 0.004737824201583862, 0, 0, 8, 13, 20, 0, 0, 0, 0, 11, 1, 1, 0, 0, 0, 12, 0, 0.10526315789473684, 0, 0, 0, 0, 0, 0, 13.222800254821777, 0.0009613037109375], [0, 0, 0, 0.004281759262084961, 0, 0, 8, 13, 20, 0, 0, 0, 0, 8, 4, 6, 0, 0, 0, 12, 0, 0.5, 0, 0, 0, 0, 0, 0, 3.558267593383789, 9.28666877746582], [0, 0, 0, 0.005831122398376465, 0, 0, 8, 9, 16, 0, 0, 0, 0, 7, 1, 3, 0, 0, 0, 8, 0, 0.5, 0, 0, 0, 0, 0, 0, 3.681004285812378, 0.11432790756225586], [0, 0, 0, 0.003469705581665039, 0, 0, 8, 13, 20, 0, 0, 0, 0, 11, 1, 2, 0, 0, 0, 12, 0, 0.3333333333333333, 0, 0, 0, 0, 0, 0, 7.23004674911499, 0.023739337921142578], [0, 0, 0, 0.03964826464653015, 0, 0, 8, 9, 16, 0, 0, 0, 0, 7, 1, 1, 0, 0, 0, 8, 0, 0.1111111111111111, 0, 0, 0, 0, 0, 0, 9.402233123779297, 0.0023508071899414062], [0, 0, 0, 0.022512435913085938, 0, 0, 8, 13, 20, 0, 0, 0, 0, 11, 1, 1, 0, 0, 0, 12, 0, 0.3333333333333333, 0, 0, 0, 0, 0, 0, 13.231354713439941, 0.0009670257568359375], [0, 0, 0, 0.06354963779449463, 0, 0, 8, 13, 20, 0, 0, 0, 0, 9, 3, 3, 0, 0, 0, 12, 0, 0.5, 0, 0, 0, 0, 0, 0, 6.4916253089904785, 8.05210018157959], [0, 0, 0, 0.02208113670349121, 0, 0, 8, 3, 10, 0, 0, 0, 0, 1, 1, 5, 0, 0, 0, 2, 0, 0.6666666666666666, 0, 0, 0, 0, 0, 0, -23.8772029876709, 0.0], [0, 0, 0, 0.12783363461494446, 0, 0, 8, 7, 14, 0, 0, 0, 0, 3, 2, 2, 0, 0, 0, 6, 0, 0.25, 0, 0, 0, 0, 0, 0, -37.946510314941406, 0.08101654052734375], [0, 0, 0, 0.018062353134155273, 0, 0, 8, 3, 10, 0, 0, 0, 0, 1, 1, 3, 0, 0, 0, 2, 0, 0.6666666666666666, 0, 0, 0, 0, 0, 0, -23.8772029876709, 0.0], [0, 0, 0, 0.046720534563064575, 0, 0, 8, 13, 20, 0, 0, 0, 0, 11, 1, 5, 0, 0, 0, 12, 0, 0.8571428571428571, 0, 0, 0, 0, 0, 0, 13.231354713439941, 0.0009670257568359375], [0, 0, 0, 0.03440403938293457, 0, 0, 8, 9, 16, 0, 0, 0, 0, 7, 1, 3, 0, 0, 0, 8, 0, 0.5, 0, 0, 0, 0, 0, 0, 9.402233123779297, 0.0023508071899414062], [0, 0, 0, 0.034043729305267334, 0, 0, 8, 3, 10, 0, 0, 0, 0, 1, 1, 2, 0, 0, 0, 2, 0, 0.5, 0, 0, 0, 0, 0, 0, -23.8772029876709, 0.0], [0, 0, 0, 0.02351224422454834, 0, 0, 8, 3, 10, 0, 0, 0, 0, 1, 1, 2, 0, 0, 0, 2, 0, 0.4, 0, 0, 0, 0, 0, 0, -23.8772029876709, 0.0], [1, 0, 0, 0.007687211036682129, 0, 0, 8, 3, 10, 1, 0, 0, 0, 1, 1, 6, 0, 0, 0, 2, 0, 0.8666666666666667, 0, 0, 0, 0, 0, 0, -23.8772029876709, 0.0], [0, 0, 0, 0.027699202299118042, 0, 0, 8, 7, 14, 0, 0, 0, 0, 5, 1, 6, 0, 0, 0, 6, 0, 0.6666666666666666, 0, 0, 0, 0, 0, 0, 5.662449359893799, 0.004663944244384766], [0, 0, 0, 0.15397322177886963, 0, 0, 8, 3, 10, 0, 0, 0, 0, 1, 1, 2, 0, 0, 0, 2, 0, 0.5384615384615384, 0, 0, 0, 0, 0, 0, -23.8772029876709, 0.0], [0, 0, 0, 0.018685579299926758, 0, 0, 8, 13, 20, 0, 0, 0, 0, 11, 1, 1, 0, 0, 0, 12, 0, 0.017241379310344827, 0, 0, 0, 0, 0, 0, 13.176047325134277, 0.0009489059448242188], [0, 0, 0, 0.00416797399520874, 0, 0, 8, 4, 11, 0, 0, 0, 0, 2, 1, 4, 0, 0, 0, 3, 0, 0.6666666666666666, 0, 0, 0, 0, 0, 0, -8.27520751953125, 0.18427467346191406], [0, 0, 0, 0.009281158447265625, 0, 0, 8, 3, 10, 0, 0, 0, 0, 1, 1, 5, 0, 0, 0, 2, 0, 0.6666666666666666, 0, 0, 0, 0, 0, 0, -23.8772029876709, 0.0], [0, 0, 0, 0.06666198372840881, 0, 0, 8, 4, 11, 0, 0, 0, 0, 2, 1, 1, 0, 0, 0, 3, 0, 0.1111111111111111, 0, 0, 0, 0, 0, 0, -8.27520751953125, 0.18427467346191406], [0, 0, 0, 0.0031912028789520264, 0, 0, 8, 9, 16, 0, 0, 0, 0, 7, 1, 3, 0, 0, 0, 8, 0, 0.4, 0, 0, 0, 0, 0, 0, 9.181747436523438, 0.0023527145385742188], [0, 0, 0, 0.02476334571838379, 0, 0, 8, 6, 13, 0, 0, 1, 0, 4, 1, 3, 0, 0, 0, 5, 0, 0.6666666666666666, 0, 0, 0, 0, 0, 0, -14.603681564331055, 0.14032840728759766], [0, 0, 0, 0.10813844203948975, 0, 0, 8, 3, 10, 0, 0, 0, 0, 1, 1, 1, 0, 0, 0, 2, 0, 0.16666666666666666, 0, 0, 0, 0, 0, 0, -23.8772029876709, 0.0], [1, 0, 0, 0.003978431224822998, 0, 0, 8, 7, 14, 1, 0, 0, 0, 3, 3, 5, 0, 0, 0, 6, 0, 0.6666666666666666, 0, 0, 0, 0, 0, 0, -21.794384002685547, 16.236515045166016], [0, 0, 0, 0.061199307441711426, 0, 0, 8, 3, 10, 0, 0, 0, 0, 1, 1, 5, 0, 0, 0, 2, 0, 0.75, 0, 0, 0, 0, 0, 0, -23.8772029876709, 0.0], [0, 0, 0, 0.08675682544708252, 0, 0, 8, 13, 20, 0, 0, 0, 0, 11, 1, 3, 0, 0, 0, 12, 0, 0.6666666666666666, 0, 0, 0, 0, 0, 0, 13.185338020324707, 0.0009479522705078125], [0, 0, 0, 0.18092775344848633, 0, 0, 8, 3, 10, 0, 0, 0, 0, 1, 1, 3, 0, 0, 0, 2, 0, 0.5, 0, 0, 0, 0, 0, 0, -23.8772029876709, 0.0], [0, 0, 0, 0.05407640337944031, 0, 0, 8, 13, 20, 0, 0, 0, 0, 11, 1, 1, 0, 0, 0, 12, 0, 0.2, 0, 0, 0, 0, 0, 0, 13.063285827636719, 0.0009059906005859375], [0, 0, 0, 0.07363146543502808, 0, 0, 8, 4, 11, 0, 0, 0, 0, 2, 1, 4, 0, 0, 0, 3, 0, 0.5, 0, 0, 0, 0, 0, 0, -8.27520751953125, 0.18427467346191406], [0, 0, 0, 0.13396063446998596, 0, 0, 8, 9, 16, 0, 0, 0, 0, 6, 2, 3, 0, 0, 0, 8, 0, 0.5, 0, 0, 0, 0, 0, 0, 4.57874870300293, 10.008177757263184], [0, 0, 0, 0.009330123662948608, 0, 0, 8, 4, 11, 0, 0, 0, 0, 2, 1, 4, 0, 0, 0, 3, 0, 0.5, 0, 0, 0, 0, 0, 0, -8.27520751953125, 0.18427467346191406], [0, 0, 0, 0.07623299956321716, 0, 0, 8, 9, 16, 0, 0, 0, 0, 7, 1, 3, 0, 0, 0, 8, 0, 0.75, 0, 0, 0, 0, 0, 0, 9.402233123779297, 0.0023508071899414062], [0, 0, 0, 0.014580696821212769, 0, 0, 8, 13, 20, 0, 0, 0, 0, 11, 1, 2, 0, 0, 0, 12, 0, 0.5, 0, 0, 0, 0, 0, 0, 13.165794372558594, 0.0009441375732421875], [0, 0, 0, 0.05682733654975891, 0, 0, 8, 13, 20, 0, 0, 0, 0, 11, 1, 1, 0, 0, 0, 12, 0, 0.2, 0, 0, 0, 0, 0, 0, 13.063285827636719, 0.0009059906005859375], [0, 0, 0, 0.02738434076309204, 0, 0, 8, 13, 20, 0, 0, 0, 0, 11, 1, 1, 0, 0, 0, 12, 0, 0.2, 0, 0, 0, 0, 0, 0, 13.195902824401855, 0.00095367431640625], [0, 0, 0, 0.02509668469429016, 0, 0, 8, 8, 15, 0, 0, 0, 0, 6, 1, 1, 0, 0, 0, 7, 0, 0.6, 0, 0, 0, 0, 0, 0, -10.663628578186035, 0.016198158264160156], [0, 0, 0, 0.014836788177490234, 0, 0, 8, 13, 20, 0, 0, 0, 0, 11, 1, 1, 0, 0, 0, 12, 0, 0.14285714285714285, 0, 0, 0, 0, 0, 0, 13.195902824401855, 0.00095367431640625], [0, 0, 0, 0.028804242610931396, 0, 0, 8, 12, 19, 0, 0, 0, 0, 10, 1, 1, 0, 0, 0, 11, 0, 0.017241379310344827, 0, 0, 0, 0, 0, 0, -12.527894973754883, 0.02441883087158203], [1, 0, 0, 0.0076201558113098145, 1, 0, 8, 7, 14, 1, 0, 1, 0, 5, 1, 3, 0, 0, 0, 6, 1, 0.8333333333333334, 0, 0, 0, 0, 0, 0, 5.67399263381958, 0.004694461822509766], [0, 0, 0, 0.0018241554498672485, 0, 0, 8, 3, 10, 0, 0, 0, 0, 1, 1, 3, 0, 0, 0, 2, 0, 0.5, 0, 0, 0, 0, 0, 0, -23.8772029876709, 0.0], [1, 0, 1, 0.006387650966644287, 0, 1, 8, 3, 10, 1, 0, 0, 0, 1, 1, 7, 0, 0, 0, 2, 0, 0.5, 0, 0, 1, 0, 0, 0, -22.10451316833496, 7.091526031494141], [0, 0, 0, 0.01732775568962097, 0, 0, 8, 3, 10, 0, 0, 0, 0, 1, 1, 2, 0, 0, 0, 2, 0, 0.25, 0, 0, 0, 0, 0, 0, -23.8772029876709, 0.0], [0, 0, 0, 0.05629432201385498, 0, 0, 8, 10, 17, 0, 0, 1, 0, 5, 3, 1, 0, 0, 0, 9, 0, 0.5, 0, 0, 0, 0, 0, 0, -10.81007194519043, 2.1649951934814453], [0, 0, 0, 0.10829275846481323, 0, 0, 8, 5, 12, 0, 0, 0, 0, 3, 1, 5, 0, 0, 0, 4, 0, 0.5, 0, 0, 0, 0, 0, 0, -1.5111944675445557, 0.013864278793334961], [0, 0, 0, 0.007687211036682129, 0, 0, 8, 3, 10, 0, 0, 0, 0, 1, 1, 6, 0, 0, 0, 2, 0, 0.8666666666666667, 0, 0, 0, 0, 0, 0, -23.8772029876709, 0.0], [0, 0, 0, 0.09370151162147522, 0, 0, 8, 13, 20, 0, 0, 0, 0, 11, 1, 1, 0, 0, 0, 12, 0, 0.1, 0, 0, 0, 0, 0, 0, 13.121283531188965, 0.000926971435546875], [1, 0, 0, 0.01632535457611084, 0, 0, 8, 7, 14, 1, 0, 0, 0, 5, 1, 1, 0, 0, 0, 6, 0, 0.2727272727272727, 0, 0, 0, 0, 0, 0, 5.662449359893799, 0.004663944244384766], [0, 0, 0, 0.0003935098648071289, 0, 0, 8, 13, 20, 0, 0, 0, 0, 8, 2, 5, 0, 0, 0, 12, 0, 0.6666666666666666, 0, 0, 0, 0, 0, 0, -10.226262092590332, 0.0036611557006835938], [1, 0, 0, 0.19040924310684204, 0, 0, 8, 4, 11, 1, 0, 0, 0, 2, 1, 5, 0, 0, 0, 3, 0, 0.5, 0, 0, 0, 0, 0, 0, -8.27520751953125, 0.18427467346191406], [0, 0, 0, 0.018062353134155273, 0, 0, 8, 3, 10, 0, 0, 0, 0, 1, 1, 3, 0, 0, 0, 2, 0, 0.6666666666666666, 0, 0, 0, 0, 0, 0, -23.8772029876709, 0.0], [0, 0, 0, 0.025086164474487305, 0, 0, 8, 7, 14, 0, 0, 0, 0, 5, 1, 3, 0, 0, 0, 6, 0, 0.5, 0, 0, 0, 0, 0, 0, -12.8487548828125, 0.02072429656982422], [0, 0, 0, 0.11266946792602539, 0, 0, 8, 3, 10, 0, 0, 0, 0, 1, 1, 3, 0, 0, 0, 2, 0, 0.3333333333333333, 0, 0, 0, 0, 0, 0, -23.8772029876709, 0.0], [0, 0, 0, 0.10787607729434967, 0, 0, 8, 4, 11, 0, 0, 0, 0, 2, 1, 3, 0, 0, 0, 3, 0, 0.6666666666666666, 0, 0, 0, 0, 0, 0, -8.27520751953125, 0.18427467346191406], [0, 0, 0, 0.007687211036682129, 0, 0, 8, 3, 10, 0, 0, 0, 0, 1, 1, 6, 0, 0, 0, 2, 0, 0.8666666666666667, 0, 0, 0, 0, 0, 0, -23.8772029876709, 0.0], [0, 0, 0, 0.06563317775726318, 0, 0, 8, 3, 10, 0, 0, 0, 0, 1, 1, 3, 0, 0, 0, 2, 0, 0.5, 0, 0, 0, 0, 0, 0, -23.8772029876709, 0.0], [0, 0, 0, 0.15397334098815918, 0, 0, 8, 3, 10, 0, 0, 0, 0, 1, 1, 2, 0, 0, 0, 2, 0, 0.5384615384615384, 0, 0, 0, 0, 0, 0, -23.8772029876709, 0.0], [0, 0, 0, 0.021605491638183594, 0, 0, 8, 3, 10, 0, 0, 0, 0, 1, 1, 4, 0, 0, 0, 2, 0, 0.5, 0, 0, 0, 0, 0, 0, -28.604970932006836, 0.0], [0, 0, 0, 0.020534157752990723, 0, 0, 8, 3, 10, 0, 0, 0, 0, 1, 1, 6, 0, 0, 0, 2, 0, 0.8, 0, 0, 0, 0, 0, 0, -23.8772029876709, 0.0], [0, 0, 0, 0.19790709018707275, 0, 0, 8, 6, 13, 0, 0, 0, 0, 4, 1, 4, 0, 0, 0, 5, 0, 0.6666666666666666, 0, 0, 0, 0, 0, 0, 2.7437801361083984, 0.007445335388183594], [0, 0, 0, 0.010496824979782104, 0, 0, 8, 11, 18, 0, 0, 0, 0, 8, 2, 1, 0, 0, 0, 10, 0, 0.5, 0, 0, 0, 0, 0, 0, 1.971308708190918, 7.160373210906982], [0, 0, 0, 0.17446905374526978, 0, 0, 8, 3, 10, 0, 0, 0, 0, 1, 1, 3, 0, 0, 0, 2, 0, 0.5, 0, 0, 0, 0, 0, 0, -23.8772029876709, 0.0], [0, 0, 0, 0.0395948588848114, 0, 0, 8, 3, 10, 0, 0, 0, 0, 1, 1, 3, 0, 0, 0, 2, 0, 0.5714285714285714, 0, 0, 0, 0, 0, 0, -23.8772029876709, 0.0], [0, 0, 0, 0.05856603384017944, 0, 0, 8, 3, 10, 0, 0, 0, 0, 1, 1, 4, 0, 0, 0, 2, 0, 0.75, 0, 0, 0, 0, 0, 0, -23.8772029876709, 0.0], [1, 0, 1, 0.003732919692993164, 1, 0, 8, 7, 14, 1, 0, 1, 1, 2, 4, 5, 0, 0, 0, 6, 1, 0.8666666666666667, 0, 0, 0, 0, 0, 0, -24.69131088256836, 22.144424438476562], [0, 0, 0, 0.09008294343948364, 0, 0, 8, 13, 20, 0, 0, 0, 0, 11, 1, 1, 0, 0, 0, 12, 0, 0.5, 0, 0, 0, 0, 0, 0, 13.204909324645996, 0.0009565353393554688], [0, 0, 0, 0.004986077547073364, 0, 0, 8, 13, 20, 0, 0, 0, 0, 11, 1, 2, 0, 0, 0, 12, 0, 0.25, 0, 0, 0, 0, 0, 0, 13.241032600402832, 0.0009737014770507812], [0, 0, 0, 0.022589415311813354, 0, 0, 8, 13, 20, 0, 0, 0, 0, 11, 1, 3, 0, 0, 0, 12, 0, 0.3333333333333333, 0, 0, 0, 0, 0, 0, 16.38370704650879, 12.605368614196777], [1, 0, 0, 0.13199207186698914, 1, 0, 8, 13, 20, 1, 0, 0, 0, 11, 1, 2, 0, 0, 0, 12, 1, 0.16666666666666666, 0, 0, 0, 0, 0, 0, 13.144071578979492, 0.0009336471557617188], [0, 0, 0, 0.04742726683616638, 0, 0, 8, 5, 12, 0, 0, 0, 0, 3, 1, 3, 0, 0, 0, 4, 0, 0.5, 0, 0, 0, 0, 0, 0, -1.5111944675445557, 0.013864278793334961], [0, 0, 0, 0.059333741664886475, 0, 0, 8, 7, 14, 0, 0, 0, 0, 4, 2, 5, 0, 0, 0, 6, 0, 0.75, 0, 0, 0, 0, 0, 0, -0.3601227402687073, 13.533462524414062], [0, 0, 0, 0.08846330642700195, 0, 0, 8, 7, 14, 0, 0, 0, 0, 4, 2, 5, 0, 0, 0, 6, 0, 0.75, 0, 0, 0, 0, 0, 0, -0.3601227402687073, 13.533462524414062], [0, 0, 0, 0.06274932622909546, 0, 0, 8, 11, 18, 0, 1, 0, 0, 9, 1, 1, 0, 0, 0, 10, 0, 0.027777777777777776, 0, 0, 0, 0, 0, 0, 11.693953514099121, 0.0014286041259765625], [0, 0, 0, 0.02245253324508667, 0, 0, 8, 7, 14, 0, 0, 0, 0, 1, 5, 3, 0, 0, 0, 6, 0, 0.5, 0, 0, 0, 0, 0, 0, -24.212316513061523, 0.0], [1, 0, 0, 0.02439016103744507, 0, 0, 8, 7, 14, 1, 0, 0, 0, 4, 2, 2, 0, 0, 0, 6, 0, 0.5, 0, 0, 0, 0, 0, 0, -17.818532943725586, 13.16191291809082], [0, 0, 0, 0.16563266515731812, 0, 0, 8, 13, 20, 0, 0, 0, 0, 11, 1, 2, 0, 0, 0, 12, 0, 0.16666666666666666, 0, 0, 0, 0, 0, 0, 13.144071578979492, 0.0009336471557617188], [0, 0, 0, 0.14402571320533752, 0, 0, 8, 9, 16, 0, 0, 0, 0, 6, 2, 3, 0, 0, 0, 8, 0, 0.5, 0, 0, 0, 0, 0, 0, 4.57874870300293, 10.008177757263184], [0, 0, 0, 0.06388247013092041, 0, 0, 8, 13, 20, 0, 0, 0, 0, 11, 1, 1, 0, 0, 0, 12, 0, 0.2, 0, 0, 0, 0, 0, 0, 13.063285827636719, 0.0009059906005859375], [0, 0, 0, 0.05148667097091675, 0, 0, 8, 5, 12, 0, 0, 0, 0, 3, 1, 4, 0, 0, 0, 4, 0, 0.5, 0, 0, 0, 0, 0, 0, -1.5111944675445557, 0.013864278793334961], [0, 0, 0, 0.0021202564239501953, 0, 0, 8, 4, 11, 0, 0, 0, 0, 1, 2, 3, 0, 0, 0, 3, 0, 0.6666666666666666, 0, 0, 0, 0, 0, 0, -29.61951446533203, 0.0], [0, 0, 0, 0.1059466004371643, 0, 0, 8, 8, 15, 0, 0, 0, 0, 6, 1, 2, 0, 0, 0, 7, 0, 0.5, 0, 0, 0, 0, 0, 0, -10.663628578186035, 0.016198158264160156], [0, 0, 0, 0.022084951400756836, 0, 0, 8, 6, 13, 0, 0, 0, 0, 4, 1, 1, 0, 0, 0, 5, 0, 0.125, 0, 0, 0, 0, 0, 0, 2.7437801361083984, 0.007445335388183594], [0, 0, 0, 0.059085845947265625, 0, 0, 8, 13, 20, 0, 0, 0, 0, 10, 2, 1, 0, 0, 0, 12, 0, 0.2, 0, 0, 0, 0, 0, 0, 9.594982147216797, 6.573956489562988], [0, 0, 0, 0.02274760603904724, 0, 0, 8, 13, 20, 0, 0, 0, 0, 11, 1, 2, 0, 0, 0, 12, 0, 0.5, 0, 0, 0, 0, 0, 0, 13.208165168762207, 0.000957489013671875], [0, 0, 0, 0.06920772790908813, 0, 0, 8, 3, 10, 0, 0, 0, 0, 1, 1, 3, 0, 0, 0, 2, 0, 0.3333333333333333, 0, 0, 0, 0, 0, 0, -23.8772029876709, 0.0], [0, 0, 0, 0.2118505835533142, 0, 0, 8, 4, 11, 0, 0, 0, 0, 2, 1, 3, 0, 0, 0, 3, 0, 0.75, 0, 0, 0, 0, 0, 0, -8.27520751953125, 0.18427467346191406], [0, 0, 0, 0.05636470019817352, 0, 0, 8, 3, 10, 0, 0, 0, 0, 1, 1, 2, 0, 0, 0, 2, 0, 0.5454545454545454, 0, 0, 0, 0, 0, 0, -23.8772029876709, 0.0], [0, 0, 0, 0.26075926423072815, 0, 0, 8, 3, 10, 0, 0, 0, 0, 1, 1, 3, 0, 0, 0, 2, 0, 0.5, 0, 0, 0, 0, 0, 0, -23.8772029876709, 0.0], [0, 0, 0, 0.11621582508087158, 0, 0, 8, 4, 11, 0, 0, 0, 0, 2, 1, 3, 0, 0, 0, 3, 0, 0.6666666666666666, 0, 0, 0, 0, 0, 0, -8.27520751953125, 0.18427467346191406], [0, 0, 0, 0.02655649185180664, 0, 0, 8, 9, 16, 0, 0, 0, 0, 7, 1, 2, 0, 0, 0, 8, 0, 0.8, 0, 0, 0, 0, 0, 0, 9.402233123779297, 0.0023508071899414062], [0, 0, 0, 0.010833799839019775, 0, 0, 8, 11, 18, 0, 0, 1, 0, 9, 1, 1, 0, 0, 0, 10, 0, 0.5, 0, 0, 0, 0, 0, 0, 5.752532005310059, 0.046512603759765625], [1, 0, 0, 0.040443241596221924, 0, 0, 8, 7, 14, 1, 0, 0, 0, 4, 2, 5, 0, 0, 0, 6, 0, 0.6666666666666666, 0, 0, 0, 0, 0, 0, -22.995187759399414, 12.433218002319336], [0, 0, 0, 0.01662304997444153, 0, 0, 8, 3, 10, 0, 0, 0, 0, 1, 1, 3, 0, 0, 0, 2, 0, 0.5, 0, 0, 0, 0, 0, 0, -23.8772029876709, 0.0], [0, 0, 0, 0.023609429597854614, 0, 0, 7, 3, 9, 0, 0, 0, 0, 1, 1, 6, 0, 0, 0, 2, 0, 0.5, 0, 0, 0, 0, 0, 0, -23.8772029876709, 0.0], [0, 0, 1, 0.020619511604309082, 0, 0, 8, 4, 11, 0, 0, 1, 1, 2, 1, 1, 0, 0, 0, 3, 0, 0.5, 0, 0, 0, 0, 0, 0, -8.247661590576172, 0.18477249145507812], [0, 0, 0, 0.1579967737197876, 0, 0, 8, 3, 10, 0, 0, 0, 0, 1, 1, 2, 0, 0, 0, 2, 0, 0.3333333333333333, 0, 0, 0, 0, 0, 0, -23.8772029876709, 0.0], [0, 0, 0, 0.08793631196022034, 0, 0, 8, 5, 12, 0, 0, 0, 0, 2, 2, 3, 0, 0, 0, 4, 0, 0.5, 0, 0, 0, 0, 0, 0, -9.43857192993164, 24.180896759033203], [0, 0, 0, 0.48010779917240143, 0, 0, 8, 3, 10, 0, 0, 0, 0, 1, 1, 4, 0, 0, 0, 2, 0, 0.5, 0, 0, 0, 0, 0, 0, -23.8772029876709, 0.0], [0, 0, 0, 0.018683195114135742, 0, 0, 8, 13, 20, 0, 0, 0, 0, 5, 7, 5, 0, 0, 0, 12, 0, 0.5, 0, 0, 0, 0, 0, 0, -4.187953948974609, 12.33852767944336], [0, 0, 0, 0.036015868186950684, 0, 0, 8, 13, 20, 0, 0, 0, 0, 9, 3, 2, 0, 0, 0, 12, 0, 0.25, 0, 0, 0, 0, 0, 0, 6.528670787811279, 8.047285079956055], [0, 0, 0, 0.1816636025905609, 0, 0, 8, 13, 20, 0, 0, 0, 0, 11, 1, 2, 0, 0, 0, 12, 0, 0.16666666666666666, 0, 0, 0, 0, 0, 0, 13.144071578979492, 0.0009336471557617188], [1, 0, 0, 0.020372986793518066, 0, 0, 8, 13, 20, 1, 0, 1, 0, 8, 3, 5, 0, 0, 0, 12, 0, 0.6666666666666666, 0, 0, 0, 0, 0, 0, -3.3721132278442383, 1.5539846420288086], [0, 0, 0, 0.014814496040344238, 0, 0, 8, 8, 15, 0, 1, 0, 0, 4, 3, 5, 0, 0, 0, 7, 0, 0.6666666666666666, 0, 0, 0, 0, 0, 0, -2.3330719470977783, 14.074301719665527], [0, 0, 1, 0.014183670282363892, 0, 0, 8, 7, 14, 0, 0, 1, 1, 2, 4, 3, 0, 0, 0, 6, 0, 0.5, 0, 0, 0, 0, 0, 0, -15.614355087280273, 25.329614639282227], [0, 0, 0, 0.00403594970703125, 0, 0, 8, 3, 10, 0, 0, 0, 0, 1, 1, 3, 0, 0, 0, 2, 0, 0.75, 0, 0, 0, 0, 0, 0, -23.8772029876709, 0.0], [0, 0, 0, 0.05685216188430786, 0, 0, 8, 3, 10, 0, 0, 0, 0, 1, 1, 5, 0, 0, 0, 2, 0, 0.75, 0, 0, 0, 0, 0, 0, -23.8772029876709, 0.0], [1, 0, 0, 0.1258944869041443, 0, 0, 8, 3, 10, 1, 0, 0, 0, 1, 1, 6, 0, 0, 0, 2, 0, 0.5, 0, 0, 0, 0, 0, 0, -23.8772029876709, 0.0], [1, 0, 0, 0.016031384468078613, 1, 0, 8, 13, 20, 1, 0, 0, 0, 10, 2, 1, 0, 0, 0, 12, 0, 0.3333333333333333, 0, 0, 0, 0, 0, 0, 9.784302711486816, 6.563223838806152], [0, 0, 0, 0.002854585647583008, 0, 0, 8, 3, 10, 0, 0, 0, 0, 1, 1, 3, 0, 0, 0, 2, 0, 0.5, 0, 0, 0, 0, 0, 0, -23.8772029876709, 0.0], [0, 0, 0, 0.02619779109954834, 0, 0, 8, 4, 11, 0, 0, 0, 0, 2, 1, 2, 0, 0, 0, 3, 0, 0.6666666666666666, 0, 0, 0, 0, 0, 0, -8.27520751953125, 0.18427467346191406], [0, 0, 0, 0.016750246286392212, 0, 0, 8, 13, 20, 0, 0, 0, 0, 11, 1, 1, 0, 0, 0, 12, 0, 0.12280701754385964, 0, 0, 0, 0, 0, 0, 13.241032600402832, 0.0009737014770507812], [1, 0, 0, 0.011959075927734375, 0, 0, 8, 9, 16, 1, 0, 1, 1, 7, 1, 2, 0, 0, 0, 8, 0, 0.6666666666666666, 0, 0, 0, 0, 0, 0, 3.617318868637085, 0.05605053901672363], [0, 0, 0, 0.06171882152557373, 0, 0, 8, 13, 20, 0, 0, 0, 0, 10, 2, 3, 0, 0, 0, 12, 0, 0.5, 0, 0, 0, 0, 0, 0, 9.717580795288086, 6.577213287353516], [0, 0, 0, 0.1040811538696289, 0, 0, 8, 3, 10, 0, 0, 0, 0, 1, 1, 2, 0, 0, 0, 2, 0, 0.3333333333333333, 0, 0, 0, 0, 0, 0, -23.8772029876709, 0.0], [0, 0, 0, 0.03299647569656372, 0, 0, 8, 9, 16, 0, 0, 0, 0, 7, 1, 2, 0, 0, 0, 8, 0, 0.6666666666666666, 0, 0, 0, 0, 0, 0, 3.1721627712249756, 0.05615091323852539], [0, 0, 0, 0.002213507890701294, 0, 0, 8, 13, 20, 0, 0, 0, 0, 11, 1, 2, 0, 0, 0, 12, 0, 0.5, 0, 0, 0, 0, 0, 0, 13.176047325134277, 0.0009489059448242188], [0, 0, 0, 0.034615665674209595, 0, 0, 8, 13, 20, 0, 0, 0, 0, 8, 4, 2, 0, 0, 0, 12, 0, 0.25, 0, 0, 0, 0, 0, 0, 3.508955717086792, 9.307843208312988], [1, 0, 1, 0.2558014988899231, 1, 0, 8, 12, 19, 1, 0, 1, 1, 6, 5, 3, 0, 0, 0, 11, 1, 0.5, 0, 0, 0, 0, 0, 0, -0.7738983035087585, 11.466343879699707], [0, 0, 0, 0.02851957082748413, 0, 0, 8, 3, 10, 0, 0, 0, 0, 1, 1, 2, 0, 0, 0, 2, 0, 0.5, 0, 0, 0, 0, 0, 0, -23.8772029876709, 0.0], [1, 0, 0, 0.11375170946121216, 0, 0, 8, 4, 11, 1, 0, 0, 0, 2, 1, 1, 0, 0, 0, 3, 1, 0.5, 0, 0, 0, 0, 0, 0, -8.27520751953125, 0.18427467346191406], [0, 0, 0, 0.022587060928344727, 0, 0, 8, 4, 11, 0, 0, 0, 0, 2, 1, 6, 0, 0, 0, 3, 0, 0.8, 0, 0, 0, 0, 0, 0, 5.3374104499816895, 26.73729705810547], [1, 0, 0, 0.007439076900482178, 1, 0, 8, 11, 18, 1, 0, 0, 0, 9, 1, 1, 0, 0, 0, 10, 1, 0.2727272727272727, 0, 0, 0, 0, 0, 0, 11.693953514099121, 0.0014286041259765625], [0, 0, 0, 0.0, 0, 0, 8, 7, 14, 0, 0, 0, 0, 4, 2, 4, 0, 0, 0, 6, 0, 0.6666666666666666, 0, 0, 0, 0, 0, 0, -16.335670471191406, 13.40384292602539], [0, 0, 0, 0.04699504375457764, 0, 0, 8, 3, 10, 0, 0, 0, 0, 1, 1, 3, 0, 0, 0, 2, 0, 0.5, 0, 0, 0, 0, 0, 0, -23.8772029876709, 0.0], [0, 0, 0, 0.014783889055252075, 0, 0, 8, 13, 20, 0, 0, 0, 0, 10, 2, 2, 0, 0, 0, 12, 0, 0.6, 0, 0, 0, 0, 0, 0, 9.704887390136719, 6.582661151885986], [0, 0, 0, 0.026678085327148438, 0, 0, 8, 13, 20, 0, 0, 0, 0, 9, 2, 2, 0, 0, 0, 12, 0, 0.25, 0, 0, 0, 0, 0, 0, -0.21644717454910278, 0.016025662422180176], [0, 0, 0, 0.048288822174072266, 0, 0, 8, 5, 12, 0, 0, 0, 0, 2, 2, 3, 0, 0, 0, 4, 0, 0.5, 0, 0, 0, 0, 0, 0, -9.269610404968262, 24.349857330322266], [1, 0, 0, 0.00412064790725708, 0, 1, 8, 4, 11, 1, 0, 0, 0, 1, 2, 6, 0, 0, 0, 3, 0, 0.6666666666666666, 0, 0, 1, 0, 0, 0, -27.809024810791016, 5.77392578125], [1, 0, 1, 0.10236901044845581, 1, 0, 8, 8, 15, 1, 0, 1, 1, 2, 5, 5, 0, 0, 0, 7, 1, 0.5555555555555556, 0, 0, 0, 0, 0, 0, -10.115455627441406, 21.35795021057129], [0, 0, 0, 0.01805838942527771, 0, 0, 8, 3, 10, 0, 0, 0, 0, 1, 1, 3, 0, 0, 0, 2, 0, 0.6666666666666666, 0, 0, 0, 0, 0, 0, -23.8772029876709, 0.0], [1, 0, 1, 0.2877500653266907, 0, 0, 8, 8, 15, 1, 0, 1, 1, 4, 3, 3, 0, 0, 0, 7, 0, 0.5, 0, 0, 0, 0, 0, 0, -18.734161376953125, 13.5982666015625], [0, 0, 0, 0.018062353134155273, 0, 0, 8, 3, 10, 0, 0, 0, 0, 1, 1, 3, 0, 0, 0, 2, 0, 0.6666666666666666, 0, 0, 0, 0, 0, 0, -23.8772029876709, 0.0], [0, 0, 0, 0.026015877723693848, 0, 0, 8, 13, 20, 0, 0, 0, 0, 11, 1, 2, 0, 0, 0, 12, 0, 0.25, 0, 0, 0, 0, 0, 0, 13.241032600402832, 0.0009737014770507812], [0, 0, 0, 0.01199871301651001, 0, 0, 8, 13, 20, 0, 0, 0, 0, 9, 3, 2, 0, 0, 0, 12, 0, 0.75, 0, 0, 0, 0, 0, 0, 6.50002908706665, 7.985740661621094], [0, 0, 0, 0.030821144580841064, 0, 0, 8, 13, 20, 0, 0, 0, 0, 10, 2, 2, 0, 0, 0, 12, 0, 0.75, 0, 0, 0, 0, 0, 0, 9.799145698547363, 6.57651948928833], [0, 0, 0, 0.11490434408187866, 0, 0, 8, 4, 11, 0, 0, 0, 0, 2, 1, 1, 0, 0, 0, 3, 0, 0.25, 0, 0, 0, 0, 0, 0, -8.27520751953125, 0.18427467346191406], [0, 0, 0, 0.1555497646331787, 0, 0, 8, 13, 20, 0, 0, 0, 0, 11, 1, 2, 0, 0, 0, 12, 0, 0.16666666666666666, 0, 0, 0, 0, 0, 0, 13.144071578979492, 0.0009336471557617188], [0, 0, 0, 0.03281894326210022, 0, 0, 8, 13, 20, 0, 0, 0, 0, 11, 1, 2, 0, 0, 0, 12, 0, 0.5, 0, 0, 0, 0, 0, 0, 13.23603630065918, 0.0009698867797851562], [0, 0, 0, 0.05685228109359741, 0, 0, 8, 3, 10, 0, 0, 0, 0, 1, 1, 5, 0, 0, 0, 2, 0, 0.75, 0, 0, 0, 0, 0, 0, -23.8772029876709, 0.0], [1, 0, 1, 0.0021136999130249023, 0, 0, 8, 13, 20, 1, 0, 1, 1, 6, 4, 4, 0, 0, 0, 12, 1, 0.6666666666666666, 0, 0, 0, 0, 0, 0, -11.083534240722656, 1.5466899871826172], [0, 0, 0, 0.0010627657175064087, 0, 0, 8, 7, 14, 0, 0, 0, 0, 5, 1, 2, 0, 0, 0, 6, 0, 0.5, 0, 0, 0, 0, 0, 0, 11.813295364379883, 15.590422630310059], [1, 0, 1, 0.18921786546707153, 0, 0, 6, 4, 9, 1, 0, 1, 1, 2, 1, 5, 0, 0, 0, 3, 1, 0.6666666666666666, 0, 0, 0, 0, 0, 0, -8.247661590576172, 0.18477249145507812], [0, 0, 0, 0.17523273825645447, 0, 0, 8, 13, 20, 0, 0, 0, 0, 11, 1, 2, 0, 0, 0, 12, 0, 0.16666666666666666, 0, 0, 0, 0, 0, 0, 13.144071578979492, 0.0009336471557617188], [0, 0, 0, 0.05656313896179199, 0, 0, 8, 13, 20, 0, 0, 0, 0, 11, 1, 1, 0, 0, 0, 12, 0, 0.027777777777777776, 0, 0, 0, 0, 0, 0, 13.122389793395996, 0.0009250640869140625], [0, 0, 0, 0.040798455476760864, 0, 0, 8, 7, 14, 0, 0, 0, 0, 5, 1, 3, 0, 0, 0, 6, 0, 0.5, 0, 0, 0, 0, 0, 0, -12.8487548828125, 0.02072429656982422], [0, 0, 0, 0.01150435209274292, 0, 0, 8, 3, 10, 0, 0, 0, 0, 1, 1, 1, 0, 0, 0, 2, 0, 0.1, 0, 0, 0, 0, 0, 0, -23.8772029876709, 0.0], [0, 0, 0, 0.012721121311187744, 0, 0, 8, 13, 20, 0, 0, 0, 0, 11, 1, 2, 0, 0, 0, 12, 0, 0.5, 0, 0, 0, 0, 0, 0, 13.195902824401855, 0.00095367431640625], [0, 0, 0, 0.0855308473110199, 0, 0, 8, 4, 11, 0, 0, 0, 0, 2, 1, 3, 0, 0, 0, 3, 0, 0.5, 0, 0, 0, 0, 0, 0, -8.27520751953125, 0.18427467346191406], [0, 0, 0, 0.07631796598434448, 0, 0, 8, 13, 20, 0, 0, 0, 0, 11, 1, 1, 0, 0, 0, 12, 0, 0.1, 0, 0, 0, 0, 0, 0, 7.005833625793457, 0.03719186782836914], [0, 0, 0, 0.2105143666267395, 0, 0, 8, 3, 10, 0, 0, 0, 0, 1, 1, 2, 0, 0, 0, 2, 0, 0.3333333333333333, 0, 0, 0, 0, 0, 0, -23.8772029876709, 0.0], [0, 0, 0, 0.037596285343170166, 0, 0, 8, 13, 20, 0, 0, 0, 0, 11, 1, 1, 0, 0, 0, 12, 0, 0.027777777777777776, 0, 0, 0, 0, 0, 0, 13.122389793395996, 0.0009250640869140625], [0, 0, 0, 0.05500251054763794, 0, 0, 8, 13, 20, 0, 0, 0, 0, 11, 1, 3, 0, 0, 0, 12, 0, 0.5, 0, 0, 0, 0, 0, 0, 13.160223007202148, 0.00093841552734375], [1, 0, 0, 0.0912289023399353, 1, 0, 8, 4, 11, 1, 0, 1, 0, 2, 1, 3, 0, 0, 0, 3, 1, 0.6666666666666666, 0, 0, 0, 0, 0, 0, -8.247661590576172, 0.18477249145507812], [0, 0, 0, 0.025761127471923828, 0, 0, 8, 8, 15, 0, 0, 0, 0, 6, 1, 3, 0, 0, 0, 7, 0, 0.6666666666666666, 0, 0, 0, 0, 0, 0, -10.663628578186035, 0.016198158264160156], [0, 0, 0, 0.013046234846115112, 0, 0, 8, 3, 10, 0, 0, 0, 0, 1, 1, 3, 0, 0, 0, 2, 0, 0.5, 0, 0, 0, 0, 0, 0, -23.8772029876709, 0.0], [0, 0, 0, 0.30106282234191895, 0, 0, 8, 3, 10, 0, 0, 0, 0, 1, 1, 4, 0, 0, 0, 2, 0, 0.8333333333333334, 0, 0, 0, 0, 0, 0, -23.8772029876709, 0.0], [1, 0, 1, 0.0021136999130249023, 0, 0, 8, 13, 20, 1, 0, 1, 1, 7, 5, 4, 0, 0, 0, 12, 1, 0.6666666666666666, 0, 0, 0, 0, 0, 0, 0.7178946137428284, 10.467562675476074], [0, 0, 0, 0.0036417245864868164, 0, 0, 8, 7, 14, 0, 0, 1, 0, 5, 1, 3, 0, 0, 0, 6, 0, 0.75, 0, 0, 0, 0, 0, 0, -16.41305160522461, 0.09080696105957031], [0, 0, 0, 0.021683067083358765, 0, 0, 8, 9, 16, 0, 0, 0, 0, 7, 1, 2, 0, 0, 0, 8, 0, 0.5, 0, 0, 0, 0, 0, 0, 3.681004285812378, 0.11432790756225586], [0, 0, 0, 0.01646028459072113, 0, 0, 8, 13, 20, 0, 0, 0, 0, 11, 1, 2, 0, 0, 0, 12, 0, 0.4, 0, 0, 0, 0, 0, 0, 13.241032600402832, 0.0009737014770507812], [0, 0, 0, 0.025836974382400513, 0, 0, 8, 7, 14, 0, 0, 0, 0, 5, 1, 4, 0, 0, 0, 6, 0, 0.75, 0, 0, 0, 0, 0, 0, 5.662449359893799, 0.004663944244384766], [0, 0, 0, 0.0, 0, 0, 7, 3, 9, 0, 0, 0, 0, 1, 1, 5, 0, 0, 0, 2, 0, 0.6666666666666666, 0, 0, 0, 0, 0, 0, -23.8772029876709, 0.0], [1, 0, 1, 0.16635382175445557, 0, 1, 8, 3, 10, 1, 0, 0, 0, 1, 1, 7, 0, 0, 0, 2, 0, 0.6666666666666666, 0, 0, 1, 0, 0, 0, -9.103696823120117, 26.11366081237793], [0, 0, 0, 0.11324983835220337, 0, 0, 8, 3, 10, 0, 0, 0, 0, 1, 1, 4, 0, 0, 0, 2, 0, 0.5, 0, 0, 0, 0, 0, 0, -23.8772029876709, 0.0], [0, 0, 0, 0.02974379062652588, 0, 0, 8, 13, 20, 0, 0, 0, 0, 11, 1, 1, 0, 0, 0, 12, 0, 0.4, 0, 0, 0, 0, 0, 0, 13.112896919250488, 0.000926971435546875], [0, 0, 0, 0.0189971923828125, 0, 0, 8, 13, 20, 0, 0, 0, 0, 11, 1, 2, 0, 0, 0, 12, 0, 0.6, 0, 0, 0, 0, 0, 0, 13.141196250915527, 0.0009307861328125], [0, 0, 0, 0.051121026277542114, 0, 0, 8, 13, 20, 0, 0, 0, 0, 10, 2, 1, 0, 0, 0, 12, 0, 0.017241379310344827, 0, 0, 0, 0, 0, 0, 9.780498504638672, 6.569773197174072], [0, 0, 0, 0.040868520736694336, 0, 0, 8, 5, 12, 0, 0, 0, 0, 3, 1, 4, 0, 0, 0, 4, 0, 0.75, 0, 0, 0, 0, 0, 0, -1.0712554454803467, 0.07891511917114258], [1, 0, 0, 0.0582234263420105, 0, 0, 8, 11, 18, 1, 0, 0, 0, 9, 1, 2, 0, 0, 0, 10, 0, 0.5, 0, 0, 0, 0, 0, 0, 11.693953514099121, 0.0014286041259765625], [1, 0, 0, 0.10809326171875, 0, 0, 8, 13, 20, 1, 0, 0, 0, 9, 3, 3, 0, 0, 0, 12, 0, 0.75, 0, 0, 0, 0, 0, 0, 6.600043296813965, 8.001558303833008], [0, 0, 0, 0.0, 0, 0, 8, 3, 10, 0, 0, 0, 0, 1, 1, 4, 0, 0, 0, 2, 0, 0.6666666666666666, 0, 0, 0, 0, 0, 0, -28.604970932006836, 0.0], [0, 0, 0, 0.0015826225280761719, 0, 0, 8, 3, 10, 0, 0, 0, 0, 1, 1, 1, 0, 0, 0, 2, 0, 0.1111111111111111, 0, 0, 0, 0, 0, 0, -23.8772029876709, 0.0], [0, 0, 0, 0.0034106671810150146, 0, 0, 8, 4, 11, 0, 0, 0, 0, 2, 1, 3, 0, 0, 0, 3, 0, 0.5, 0, 0, 0, 0, 0, 0, -8.27520751953125, 0.18427467346191406], [0, 0, 0, 0.028818368911743164, 0, 0, 8, 13, 20, 0, 0, 0, 0, 11, 1, 1, 0, 0, 0, 12, 0, 0.4, 0, 0, 0, 0, 0, 0, 13.112896919250488, 0.000926971435546875], [0, 0, 0, 0.002591848373413086, 0, 0, 8, 13, 20, 0, 0, 0, 0, 7, 3, 5, 0, 0, 0, 12, 0, 0.75, 0, 0, 0, 0, 0, 0, -8.050589561462402, 0.015954971313476562], [0, 0, 0, 0.04402655363082886, 0, 0, 8, 3, 10, 0, 0, 0, 0, 1, 1, 3, 0, 0, 0, 2, 0, 0.3333333333333333, 0, 0, 0, 0, 0, 0, -23.8772029876709, 0.0], [0, 0, 0, 0.0, 0, 0, 8, 5, 12, 0, 0, 0, 0, 3, 1, 5, 0, 0, 0, 4, 0, 0.8666666666666667, 0, 0, 0, 0, 0, 0, -1.5111944675445557, 0.013864278793334961], [0, 0, 1, 0.04117906093597412, 0, 0, 8, 8, 15, 0, 0, 1, 1, 4, 3, 3, 0, 0, 0, 7, 0, 0.5, 0, 0, 0, 0, 0, 0, -18.681581497192383, 13.796613693237305], [0, 0, 0, 0.5254016667604446, 0, 0, 8, 3, 10, 0, 0, 0, 0, 1, 1, 3, 0, 0, 0, 2, 0, 0.5, 0, 0, 0, 0, 0, 0, -23.8772029876709, 0.0], [0, 0, 0, 0.018100112676620483, 0, 0, 8, 7, 14, 0, 0, 0, 0, 5, 1, 2, 0, 0, 0, 6, 0, 0.5, 0, 0, 0, 0, 0, 0, -12.027193069458008, 0.08903694152832031], [0, 0, 0, 0.2619244456291199, 0, 0, 8, 3, 10, 0, 0, 0, 0, 1, 1, 4, 0, 0, 0, 2, 0, 0.5, 0, 0, 0, 0, 0, 0, -23.8772029876709, 0.0], [0, 0, 0, 0.08418652415275574, 0, 0, 8, 10, 17, 0, 0, 0, 0, 8, 1, 2, 0, 0, 0, 9, 0, 0.25, 0, 0, 0, 0, 0, 0, -13.454899787902832, 0.052440643310546875], [0, 0, 0, 0.14902186393737793, 0, 0, 8, 4, 11, 0, 0, 0, 0, 2, 1, 4, 0, 0, 0, 3, 0, 0.6666666666666666, 0, 0, 0, 0, 0, 0, -8.27520751953125, 0.18427467346191406], [0, 0, 0, 0.056623876094818115, 0, 0, 8, 13, 20, 0, 0, 0, 0, 11, 1, 2, 0, 0, 0, 12, 0, 0.5, 0, 0, 0, 0, 0, 0, 13.160223007202148, 0.00093841552734375], [0, 0, 0, 0.1297309398651123, 0, 0, 8, 3, 10, 0, 0, 0, 0, 1, 1, 4, 0, 0, 0, 2, 0, 0.5, 0, 0, 0, 0, 0, 0, -23.8772029876709, 0.0], [0, 0, 0, 0.04693341255187988, 0, 0, 8, 13, 20, 0, 0, 1, 0, 8, 3, 4, 0, 0, 0, 12, 0, 0.75, 0, 0, 0, 0, 0, 0, -3.302504539489746, 1.5561246871948242], [0, 0, 0, 0.26754164695739746, 0, 0, 8, 3, 10, 0, 0, 0, 0, 1, 1, 2, 0, 0, 0, 2, 0, 0.5, 0, 0, 0, 0, 0, 0, -23.8772029876709, 0.0], [0, 0, 0, 0.05941608548164368, 0, 0, 8, 5, 12, 0, 0, 0, 0, 2, 2, 3, 0, 0, 0, 4, 0, 0.5, 0, 0, 0, 0, 0, 0, -9.269610404968262, 24.349857330322266], [0, 0, 0, 0.05441194772720337, 0, 0, 8, 12, 19, 0, 0, 0, 0, 10, 1, 1, 0, 0, 0, 11, 0, 0.3333333333333333, 0, 0, 0, 0, 0, 0, -12.498287200927734, 0.024422645568847656], [0, 0, 0, 0.09088465571403503, 0, 0, 8, 5, 12, 0, 0, 0, 0, 3, 1, 4, 0, 0, 0, 4, 0, 0.5, 0, 0, 0, 0, 0, 0, -1.5111944675445557, 0.013864278793334961], [0, 0, 0, 0.022746562957763672, 0, 0, 8, 12, 19, 0, 0, 0, 0, 7, 2, 1, 0, 0, 0, 11, 0, 0.75, 0, 0, 0, 0, 0, 0, -12.967894554138184, 6.008148193359375e-05], [0, 0, 0, 0.18811798095703125, 0, 0, 8, 3, 10, 0, 0, 0, 0, 1, 1, 4, 0, 0, 0, 2, 0, 0.5, 0, 0, 0, 0, 0, 0, -23.8772029876709, 0.0], [0, 0, 0, 0.047749996185302734, 0, 0, 8, 13, 20, 0, 0, 1, 0, 11, 1, 1, 0, 0, 0, 12, 0, 0.06451612903225806, 0, 0, 0, 0, 0, 0, 13.122389793395996, 0.0009250640869140625], [0, 0, 0, 0.08149433135986328, 0, 0, 8, 13, 20, 0, 0, 0, 0, 10, 2, 1, 0, 0, 0, 12, 0, 0.5, 0, 0, 0, 0, 0, 0, 9.758456230163574, 6.568983554840088], [0, 0, 0, 0.03904712200164795, 0, 0, 8, 13, 20, 0, 0, 0, 0, 11, 1, 2, 0, 0, 0, 12, 0, 0.5, 0, 0, 0, 0, 0, 0, 7.205761909484863, 0.021616458892822266], [0, 0, 0, 0.06267720460891724, 0, 0, 8, 13, 20, 0, 0, 0, 0, 8, 3, 3, 0, 0, 0, 12, 0, 0.8, 0, 0, 0, 0, 0, 0, -3.3620851039886475, 1.5511353015899658], [1, 0, 0, 0.1191854178905487, 1, 0, 8, 4, 11, 1, 0, 1, 0, 2, 1, 2, 0, 0, 0, 3, 1, 0.6666666666666666, 0, 0, 0, 0, 0, 0, -8.247661590576172, 0.18477249145507812], [0, 0, 0, 0.0024316608905792236, 0, 0, 8, 13, 20, 0, 0, 0, 0, 11, 1, 1, 0, 0, 0, 12, 0, 0.05194805194805195, 0, 0, 0, 0, 0, 0, 13.141196250915527, 0.0009307861328125], [0, 0, 0, 0.030577242374420166, 0, 0, 8, 13, 20, 0, 0, 0, 0, 11, 1, 3, 0, 0, 0, 12, 0, 0.5, 0, 0, 0, 0, 0, 0, 7.192454814910889, 0.02372598648071289], [1, 0, 0, 0.008370161056518555, 0, 0, 7, 8, 14, 1, 0, 0, 0, 6, 1, 3, 0, 0, 0, 7, 0, 0.8333333333333334, 0, 0, 0, 0, 0, 0, 7.787126064300537, 0.003208637237548828], [0, 0, 0, 0.27751171588897705, 0, 0, 8, 12, 19, 0, 0, 0, 0, 5, 6, 3, 0, 0, 0, 11, 0, 0.5, 0, 0, 0, 0, 0, 0, -3.484691858291626, 12.568965911865234], [0, 0, 0, 0.060983628034591675, 0, 0, 8, 13, 20, 0, 0, 1, 0, 11, 1, 1, 0, 0, 0, 12, 0, 0.2, 0, 0, 0, 0, 0, 0, 13.063285827636719, 0.0009059906005859375], [0, 0, 0, 0.08238804340362549, 0, 0, 8, 13, 20, 0, 0, 0, 0, 11, 1, 1, 0, 0, 0, 12, 0, 0.1, 0, 0, 0, 0, 0, 0, 13.121283531188965, 0.000926971435546875], [0, 0, 0, 0.08041054010391235, 0, 0, 8, 5, 12, 0, 0, 0, 0, 3, 1, 4, 0, 0, 0, 4, 0, 0.6666666666666666, 0, 0, 0, 0, 0, 0, -7.254977226257324, 0.17612171173095703], [0, 0, 0, 0.07446026802062988, 0, 0, 8, 13, 20, 0, 0, 0, 0, 8, 3, 2, 0, 0, 0, 12, 0, 0.5, 0, 0, 0, 0, 0, 0, -3.4105095863342285, 1.5302624702453613], [0, 0, 0, 0.004002422094345093, 0, 0, 8, 6, 13, 0, 0, 0, 0, 4, 1, 2, 0, 0, 0, 5, 0, 0.5, 0, 0, 0, 0, 0, 0, -14.485660552978516, 0.11641597747802734], [1, 0, 1, 0.003732919692993164, 1, 0, 8, 7, 14, 1, 0, 1, 1, 2, 4, 5, 0, 0, 0, 6, 1, 0.8666666666666667, 0, 0, 0, 0, 0, 0, -24.69131088256836, 22.144424438476562], [1, 0, 0, 0.0955580472946167, 0, 0, 8, 6, 13, 1, 0, 1, 0, 3, 2, 4, 0, 0, 0, 5, 0, 0.6666666666666666, 0, 0, 0, 0, 0, 0, -19.85683822631836, 14.812015533447266], [0, 0, 0, 0.02498793601989746, 0, 0, 8, 7, 14, 0, 0, 0, 0, 5, 1, 4, 0, 0, 0, 6, 0, 0.5, 0, 0, 0, 0, 0, 0, -12.8487548828125, 0.02072429656982422], [0, 0, 0, 0.09409338235855103, 0, 0, 8, 5, 12, 0, 0, 0, 0, 3, 1, 4, 0, 0, 0, 4, 0, 0.6666666666666666, 0, 0, 0, 0, 0, 0, -1.5111944675445557, 0.013864278793334961], [0, 0, 0, 0.037071794271469116, 0, 0, 8, 13, 20, 0, 0, 0, 0, 11, 1, 4, 0, 0, 0, 12, 0, 0.6666666666666666, 0, 0, 0, 0, 0, 0, 13.241032600402832, 0.0009737014770507812], [0, 0, 0, 0.00835806131362915, 0, 0, 8, 13, 20, 0, 0, 0, 0, 9, 3, 3, 0, 0, 0, 12, 0, 0.3333333333333333, 0, 0, 0, 0, 0, 0, 1.711397409439087, 7.728536605834961], [0, 0, 0, 0.006012976169586182, 0, 0, 8, 3, 10, 0, 0, 0, 0, 1, 1, 3, 0, 0, 0, 2, 0, 0.5, 0, 0, 0, 0, 0, 0, -23.8772029876709, 0.0], [0, 0, 0, 0.018062353134155273, 0, 0, 8, 3, 10, 0, 0, 0, 0, 1, 1, 3, 0, 0, 0, 2, 0, 0.6666666666666666, 0, 0, 0, 0, 0, 0, -23.8772029876709, 0.0], [1, 0, 0, 0.031670212745666504, 1, 0, 8, 13, 20, 1, 0, 1, 0, 10, 2, 2, 0, 0, 0, 12, 1, 0.5, 0, 0, 0, 0, 0, 0, 9.791143417358398, 6.577182292938232], [0, 0, 0, 0.05500251054763794, 0, 0, 8, 13, 20, 0, 0, 1, 0, 11, 1, 3, 0, 0, 0, 12, 0, 0.5, 0, 0, 0, 0, 0, 0, 13.160223007202148, 0.00093841552734375], [1, 0, 0, 0.05719149112701416, 0, 0, 8, 13, 20, 1, 0, 0, 0, 11, 1, 2, 0, 0, 0, 12, 1, 0.4, 0, 0, 0, 0, 0, 0, 13.215127944946289, 0.0009603500366210938], [0, 0, 0, 0.021543294191360474, 0, 0, 8, 7, 14, 0, 0, 0, 0, 5, 1, 1, 0, 0, 0, 6, 0, 0.125, 0, 0, 0, 0, 0, 0, 5.662449359893799, 0.004663944244384766], [1, 0, 0, 0.20701086521148682, 0, 0, 8, 3, 10, 1, 0, 0, 0, 1, 1, 3, 0, 0, 0, 2, 0, 0.5, 0, 0, 0, 0, 0, 0, -28.604970932006836, 0.0], [0, 0, 0, 0.03839164972305298, 0, 0, 8, 7, 14, 0, 0, 0, 0, 5, 1, 2, 0, 0, 0, 6, 0, 0.3333333333333333, 0, 0, 0, 0, 0, 0, -12.8487548828125, 0.02072429656982422], [0, 0, 0, 0.05720818042755127, 0, 0, 8, 7, 14, 0, 0, 0, 0, 5, 1, 1, 0, 0, 0, 6, 0, 0.09090909090909091, 0, 0, 0, 0, 0, 0, -12.027193069458008, 0.08903694152832031], [0, 0, 0, 0.07527858018875122, 0, 0, 8, 3, 10, 0, 0, 0, 0, 1, 1, 3, 0, 0, 0, 2, 0, 0.5, 0, 0, 0, 0, 0, 0, -23.8772029876709, 0.0], [0, 0, 0, 0.175584077835083, 0, 0, 8, 3, 10, 0, 0, 0, 0, 1, 1, 3, 0, 0, 0, 2, 0, 0.6666666666666666, 0, 0, 0, 0, 0, 0, -23.8772029876709, 0.0], [0, 0, 0, 0.07357773184776306, 0, 0, 8, 13, 20, 0, 0, 0, 0, 11, 1, 1, 0, 0, 0, 12, 0, 0.1, 0, 0, 0, 0, 0, 0, 13.121283531188965, 0.000926971435546875], [0, 0, 0, 0.0006838440895080566, 0, 0, 8, 4, 11, 0, 0, 0, 0, 2, 1, 1, 0, 0, 0, 3, 0, 0.017241379310344827, 0, 0, 0, 0, 0, 0, -8.27520751953125, 0.18427467346191406], [0, 0, 0, 0.08485880494117737, 0, 0, 8, 13, 20, 0, 0, 0, 0, 11, 1, 1, 0, 0, 0, 12, 0, 0.1, 0, 0, 0, 0, 0, 0, 13.121283531188965, 0.000926971435546875], [0, 0, 0, 0.05846145749092102, 0, 0, 8, 13, 20, 0, 0, 0, 0, 8, 3, 4, 0, 0, 0, 12, 0, 0.5, 0, 0, 0, 0, 0, 0, -3.448256492614746, 1.5495290756225586], [0, 0, 0, 0.0301835834980011, 0, 0, 8, 5, 12, 0, 0, 0, 0, 3, 1, 1, 0, 0, 0, 4, 0, 0.12121212121212122, 0, 0, 0, 0, 0, 0, -1.5111944675445557, 0.013864278793334961], [0, 0, 0, 0.11603420972824097, 0, 0, 8, 3, 10, 0, 0, 0, 0, 1, 1, 3, 0, 0, 0, 2, 0, 0.6666666666666666, 0, 0, 0, 0, 0, 0, -23.8772029876709, 0.0], [0, 0, 0, 0.06104502081871033, 0, 0, 8, 13, 20, 0, 0, 0, 0, 11, 1, 1, 0, 0, 0, 12, 0, 0.2, 0, 0, 0, 0, 0, 0, 13.063285827636719, 0.0009059906005859375], [0, 0, 0, 0.06964457035064697, 0, 0, 8, 5, 12, 0, 0, 0, 0, 3, 1, 4, 0, 0, 0, 4, 0, 0.6666666666666666, 0, 0, 0, 0, 0, 0, -1.5111944675445557, 0.013864278793334961], [0, 0, 0, 0.031990766525268555, 0, 0, 8, 4, 11, 0, 0, 0, 0, 2, 1, 4, 0, 0, 0, 3, 0, 0.5, 0, 0, 0, 0, 0, 0, -8.27520751953125, 0.18427467346191406], [0, 0, 0, 0.017041683197021484, 0, 0, 8, 7, 14, 0, 0, 0, 0, 5, 1, 2, 0, 0, 0, 6, 0, 0.25, 0, 0, 0, 0, 0, 0, -12.8487548828125, 0.02072429656982422], [0, 0, 0, 0.1585330367088318, 0, 0, 8, 5, 12, 0, 0, 0, 0, 3, 1, 2, 0, 0, 0, 4, 0, 0.5, 0, 0, 0, 0, 0, 0, -1.5111944675445557, 0.013864278793334961], [0, 0, 0, 0.06509813666343689, 0, 0, 8, 9, 16, 0, 0, 0, 0, 6, 2, 2, 0, 0, 0, 8, 0, 0.75, 0, 0, 0, 0, 0, 0, 4.5771803855896, 10.00958251953125], [0, 0, 0, 0.005813717842102051, 0, 0, 8, 3, 10, 0, 0, 0, 0, 1, 1, 3, 0, 0, 0, 2, 0, 0.75, 0, 0, 0, 0, 0, 0, -23.8772029876709, 0.0], [0, 0, 0, 0.136671245098114, 0, 0, 8, 3, 10, 0, 0, 0, 0, 1, 1, 3, 0, 0, 0, 2, 0, 0.6666666666666666, 0, 0, 0, 0, 0, 0, -23.8772029876709, 0.0], [0, 0, 0, 0.024541079998016357, 0, 0, 8, 13, 20, 0, 1, 1, 0, 10, 2, 3, 0, 0, 0, 12, 0, 0.6666666666666666, 0, 0, 0, 0, 0, 0, 9.742223739624023, 6.573246955871582], [0, 0, 0, 0.02377152442932129, 0, 0, 8, 13, 20, 0, 0, 0, 0, 9, 2, 2, 0, 0, 0, 12, 0, 0.75, 0, 0, 0, 0, 0, 0, -0.22352617979049683, 0.012520194053649902], [0, 0, 0, 0.0014884471893310547, 0, 0, 8, 13, 20, 0, 0, 0, 0, 10, 2, 1, 0, 0, 0, 12, 0, 0.05194805194805195, 0, 0, 0, 0, 0, 0, 9.687836647033691, 6.5788750648498535], [0, 0, 0, 0.007132440805435181, 0, 0, 8, 13, 20, 0, 0, 0, 0, 11, 1, 1, 0, 0, 0, 12, 0, 0.1, 0, 0, 0, 0, 0, 0, 13.215127944946289, 0.0009603500366210938], [0, 0, 0, 0.028943777084350586, 0, 0, 8, 4, 11, 0, 0, 0, 0, 2, 1, 2, 0, 0, 0, 3, 0, 0.3333333333333333, 0, 0, 0, 0, 0, 0, -8.27520751953125, 0.18427467346191406], [0, 0, 0, 0.05740177631378174, 0, 0, 8, 7, 14, 0, 0, 0, 0, 5, 1, 3, 0, 0, 0, 6, 0, 0.5, 0, 0, 0, 0, 0, 0, 5.662449359893799, 0.004663944244384766], [1, 0, 1, 0.11102551221847534, 1, 0, 8, 7, 14, 1, 0, 1, 1, 4, 2, 2, 0, 0, 0, 6, 1, 0.8, 0, 0, 0, 0, 0, 0, -1.00156569480896, 13.434076309204102], [0, 0, 0, 0.004831105470657349, 0, 0, 8, 5, 12, 0, 0, 0, 0, 3, 1, 4, 0, 0, 0, 4, 0, 0.8666666666666667, 0, 0, 0, 0, 0, 0, -1.5111944675445557, 0.013864278793334961], [0, 0, 0, 0.0154305100440979, 0, 0, 8, 12, 19, 0, 0, 0, 0, 7, 3, 2, 0, 0, 0, 11, 0, 0.4, 0, 0, 0, 0, 0, 0, -21.955453872680664, 2.236543655395508], [0, 0, 0, 0.024234890937805176, 0, 0, 8, 13, 20, 0, 0, 0, 0, 10, 2, 1, 0, 0, 0, 12, 0, 0.4, 0, 0, 0, 0, 0, 0, 9.655786514282227, 6.568750381469727], [0, 0, 0, 0.029145896434783936, 0, 0, 8, 3, 10, 0, 0, 0, 0, 1, 1, 2, 0, 0, 0, 2, 0, 0.5, 0, 0, 0, 0, 0, 0, -23.8772029876709, 0.0], [0, 0, 0, 0.1723780632019043, 0, 0, 8, 3, 10, 0, 0, 0, 0, 1, 1, 4, 0, 0, 0, 2, 0, 0.5, 0, 0, 0, 0, 0, 0, -24.886817932128906, 0.0], [0, 0, 0, 0.09621772170066833, 0, 0, 8, 13, 20, 0, 0, 0, 0, 11, 1, 3, 0, 0, 0, 12, 0, 0.5, 0, 0, 0, 0, 0, 0, 13.231354713439941, 0.0009670257568359375], [0, 0, 0, 0.1849178671836853, 0, 0, 8, 4, 11, 0, 0, 0, 0, 2, 1, 3, 0, 0, 0, 3, 0, 0.5, 0, 0, 0, 0, 0, 0, -8.27520751953125, 0.18427467346191406], [0, 0, 0, 0.044176578521728516, 0, 0, 8, 3, 10, 0, 0, 0, 0, 1, 1, 2, 0, 0, 0, 2, 0, 0.5, 0, 0, 0, 0, 0, 0, -23.8772029876709, 0.0], [0, 0, 0, 0.023711681365966797, 0, 0, 8, 13, 20, 0, 0, 0, 0, 11, 1, 1, 0, 0, 0, 12, 0, 0.4, 0, 0, 0, 0, 0, 0, 13.112896919250488, 0.000926971435546875], [0, 0, 0, 0.0003935098648071289, 0, 0, 8, 13, 20, 0, 0, 0, 0, 8, 3, 5, 0, 0, 0, 12, 0, 0.6666666666666666, 0, 0, 0, 0, 0, 0, -3.38309907913208, 1.5471396446228027], [0, 0, 0, 0.03648753464221954, 0, 0, 8, 6, 13, 0, 0, 0, 0, 4, 1, 3, 0, 0, 0, 5, 0, 0.6666666666666666, 0, 0, 0, 0, 0, 0, -14.622296333312988, 0.14033985137939453], [0, 0, 0, 0.06571778655052185, 0, 0, 8, 3, 10, 0, 0, 0, 0, 1, 1, 2, 0, 0, 0, 2, 0, 0.25, 0, 0, 0, 0, 0, 0, -23.8772029876709, 0.0], [0, 0, 0, 0.07324892282485962, 0, 0, 8, 4, 11, 0, 0, 0, 0, 2, 1, 2, 0, 0, 0, 3, 0, 0.5384615384615384, 0, 0, 0, 0, 0, 0, -8.27520751953125, 0.18427467346191406], [0, 0, 0, 0.0018126070499420166, 0, 0, 8, 4, 11, 0, 0, 0, 0, 2, 1, 3, 0, 0, 0, 3, 0, 0.5, 0, 0, 0, 0, 0, 0, -8.27520751953125, 0.18427467346191406], [0, 0, 0, 0.012157812714576721, 0, 0, 8, 4, 11, 0, 0, 0, 0, 2, 1, 1, 0, 0, 0, 3, 0, 0.125, 0, 0, 0, 0, 0, 0, -8.27520751953125, 0.18427467346191406], [1, 0, 0, 0.02202439308166504, 1, 0, 8, 6, 13, 1, 0, 1, 0, 4, 1, 2, 0, 0, 0, 5, 0, 0.75, 0, 0, 0, 0, 0, 0, 2.758147716522217, 0.007502079010009766], [1, 0, 0, 0.028793931007385254, 0, 0, 8, 8, 15, 1, 0, 1, 0, 6, 1, 3, 0, 0, 0, 7, 0, 0.5, 0, 0, 0, 0, 0, 0, -10.47665786743164, 0.07116889953613281], [0, 0, 0, 0.37202975153923035, 0, 0, 8, 3, 10, 0, 0, 0, 0, 1, 1, 3, 0, 0, 0, 2, 0, 0.3333333333333333, 0, 0, 0, 0, 0, 0, -23.8772029876709, 0.0], [0, 0, 1, 0.0009782910346984863, 0, 0, 8, 13, 20, 0, 0, 1, 1, 9, 3, 1, 0, 0, 0, 12, 0, 0.6666666666666666, 0, 0, 0, 0, 0, 0, 6.549308776855469, 7.982867240905762], [0, 0, 0, 0.015753239393234253, 0, 0, 8, 11, 18, 0, 0, 0, 0, 9, 1, 5, 0, 0, 0, 10, 0, 0.8, 0, 0, 0, 0, 0, 0, -11.028919219970703, 0.010438919067382812], [0, 0, 0, 0.07181453704833984, 0, 0, 8, 4, 11, 0, 0, 0, 0, 2, 1, 3, 0, 0, 0, 3, 0, 0.25, 0, 0, 0, 0, 0, 0, -8.27520751953125, 0.18427467346191406], [0, 0, 0, 0.04770594835281372, 0, 0, 8, 3, 10, 0, 0, 0, 0, 1, 1, 3, 0, 0, 0, 2, 0, 0.5, 0, 0, 0, 0, 0, 0, -23.8772029876709, 0.0], [0, 0, 0, 0.06068798899650574, 0, 0, 8, 13, 20, 0, 0, 0, 0, 10, 2, 1, 0, 0, 0, 12, 0, 0.2, 0, 0, 0, 0, 0, 0, 9.623867988586426, 6.589089870452881], [0, 0, 0, 0.0663520097732544, 0, 0, 8, 13, 20, 0, 0, 0, 0, 11, 1, 1, 0, 0, 0, 12, 0, 0.2, 0, 0, 0, 0, 0, 0, 13.063285827636719, 0.0009059906005859375], [0, 0, 0, 0.15853595733642578, 0, 0, 8, 13, 20, 0, 0, 0, 0, 11, 1, 2, 0, 0, 0, 12, 0, 0.16666666666666666, 0, 0, 0, 0, 0, 0, 13.144071578979492, 0.0009336471557617188], [0, 0, 0, 0.009999334812164307, 0, 0, 8, 7, 14, 0, 0, 0, 0, 5, 1, 1, 0, 0, 0, 6, 0, 0.1111111111111111, 0, 0, 0, 0, 0, 0, 5.662449359893799, 0.004663944244384766], [0, 0, 0, 0.004258841276168823, 0, 0, 8, 10, 17, 0, 0, 0, 0, 8, 1, 1, 0, 0, 0, 9, 0, 0.12121212121212122, 0, 0, 0, 0, 0, 0, 10.671062469482422, 0.0018014907836914062], [0, 0, 0, 0.13685408234596252, 0, 0, 8, 5, 12, 0, 0, 0, 0, 3, 1, 4, 0, 0, 0, 4, 0, 0.5, 0, 0, 0, 0, 0, 0, -6.194152355194092, 0.014149665832519531], [0, 0, 0, 0.2292996048927307, 0, 0, 8, 5, 12, 0, 0, 0, 0, 3, 1, 3, 0, 0, 0, 4, 0, 0.5, 0, 0, 0, 0, 0, 0, -1.5111944675445557, 0.013864278793334961], [0, 0, 0, 0.0829336941242218, 0, 0, 8, 13, 20, 0, 0, 0, 0, 10, 2, 2, 0, 0, 0, 12, 0, 0.5, 0, 0, 0, 0, 0, 0, 9.781554222106934, 6.577785015106201], [0, 0, 0, 0.03759610652923584, 0, 0, 8, 13, 20, 0, 0, 0, 0, 11, 1, 2, 0, 0, 0, 12, 0, 0.4, 0, 0, 0, 0, 0, 0, 13.215127944946289, 0.0009603500366210938], [0, 0, 1, 8.103251457214355e-05, 0, 0, 8, 5, 12, 0, 0, 1, 1, 2, 2, 2, 0, 0, 0, 4, 0, 0.3333333333333333, 0, 0, 0, 0, 0, 0, -13.492250442504883, 23.33387565612793], [0, 0, 0, 0.055473506450653076, 0, 0, 8, 4, 11, 0, 0, 0, 0, 2, 1, 3, 0, 0, 0, 3, 0, 0.5, 0, 0, 0, 0, 0, 0, -8.27520751953125, 0.18427467346191406], [0, 0, 0, 0.06045800447463989, 0, 0, 8, 13, 20, 0, 0, 1, 0, 11, 1, 2, 0, 0, 0, 12, 0, 0.5, 0, 0, 0, 0, 0, 0, 13.160223007202148, 0.00093841552734375], [0, 0, 0, 0.0003940463066101074, 0, 0, 8, 8, 15, 0, 0, 0, 0, 6, 1, 1, 0, 0, 0, 7, 0, 0.6666666666666666, 0, 0, 0, 0, 0, 0, 7.787126064300537, 0.003208637237548828], [1, 0, 1, 0.006227612495422363, 1, 0, 8, 8, 15, 1, 0, 1, 1, 5, 2, 4, 0, 0, 0, 7, 1, 0.6666666666666666, 0, 0, 0, 0, 0, 0, 2.4466428756713867, 11.514749526977539], [0, 0, 0, 0.02862757444381714, 0, 0, 8, 12, 19, 0, 0, 1, 0, 8, 2, 4, 0, 0, 0, 11, 0, 0.75, 0, 0, 0, 0, 0, 0, -2.0285892486572266, 0.003683805465698242], [1, 0, 1, 0.2558014988899231, 1, 0, 8, 12, 19, 1, 0, 1, 1, 6, 5, 3, 0, 0, 0, 11, 1, 0.5, 0, 0, 0, 0, 0, 0, -0.7566389441490173, 11.46632194519043], [0, 0, 0, 0.005329340696334839, 0, 0, 8, 3, 10, 0, 0, 0, 0, 1, 1, 4, 0, 0, 0, 2, 0, 0.5, 0, 0, 0, 0, 0, 0, -23.8772029876709, 0.0], [0, 0, 0, 0.08367002010345459, 0, 0, 8, 4, 11, 0, 0, 0, 0, 2, 1, 4, 0, 0, 0, 3, 0, 0.6666666666666666, 0, 0, 0, 0, 0, 0, -8.27520751953125, 0.18427467346191406], [0, 0, 0, 0.02491021156311035, 0, 0, 8, 3, 10, 0, 0, 0, 0, 1, 1, 4, 0, 0, 0, 2, 0, 0.5, 0, 0, 0, 0, 0, 0, -23.8772029876709, 0.0], [0, 0, 0, 0.01598513126373291, 0, 0, 8, 7, 14, 0, 0, 0, 0, 5, 1, 1, 0, 0, 0, 6, 0, 0.25, 0, 0, 0, 0, 0, 0, 5.662449359893799, 0.004663944244384766], [0, 0, 0, 0.02849745750427246, 0, 0, 8, 13, 20, 0, 0, 0, 0, 11, 1, 1, 0, 0, 0, 12, 0, 0.12280701754385964, 0, 0, 0, 0, 0, 0, 13.231354713439941, 0.0009670257568359375], [0, 0, 0, 0.06123223900794983, 0, 0, 8, 3, 10, 0, 1, 0, 0, 1, 1, 3, 0, 0, 0, 2, 0, 0.6666666666666666, 0, 0, 0, 0, 0, 0, -23.8772029876709, 0.0], [0, 0, 0, 0.16751861572265625, 0, 0, 8, 13, 20, 0, 0, 0, 0, 11, 1, 2, 0, 0, 0, 12, 0, 0.16666666666666666, 0, 0, 0, 0, 0, 0, 13.144071578979492, 0.0009336471557617188], [0, 0, 0, 0.004215806722640991, 0, 0, 8, 4, 11, 0, 0, 0, 0, 2, 1, 1, 0, 0, 0, 3, 0, 0.5, 0, 0, 0, 0, 0, 0, -8.27520751953125, 0.18427467346191406], [0, 0, 0, 0.05486556887626648, 0, 0, 8, 13, 20, 0, 0, 0, 0, 11, 1, 1, 0, 0, 0, 12, 0, 0.2, 0, 0, 0, 0, 0, 0, 13.063285827636719, 0.0009059906005859375], [0, 0, 0, 0.08560341596603394, 0, 0, 8, 3, 10, 0, 0, 0, 0, 1, 1, 3, 0, 0, 0, 2, 0, 0.5, 0, 0, 0, 0, 0, 0, -23.8772029876709, 0.0], [0, 0, 0, 0.09144440293312073, 0, 0, 8, 5, 12, 0, 0, 0, 0, 3, 1, 4, 0, 0, 0, 4, 0, 0.5, 0, 0, 0, 0, 0, 0, -1.5111944675445557, 0.013864278793334961], [0, 0, 0, 0.024332761764526367, 0, 0, 8, 13, 20, 0, 0, 0, 0, 8, 3, 2, 0, 0, 0, 12, 0, 0.2727272727272727, 0, 0, 0, 0, 0, 0, -3.3525381088256836, 1.545304298400879], [1, 0, 0, 0.5013447701931, 0, 0, 8, 3, 10, 1, 0, 0, 0, 1, 1, 3, 0, 0, 0, 2, 0, 0.6666666666666666, 0, 0, 0, 0, 0, 0, -23.8772029876709, 0.0], [0, 0, 0, 0.16635394096374512, 0, 0, 7, 3, 9, 0, 0, 0, 0, 1, 1, 6, 0, 0, 0, 2, 0, 0.6666666666666666, 0, 0, 0, 0, 0, 0, -23.8772029876709, 0.0], [0, 0, 0, 0.012222588062286377, 0, 0, 8, 5, 12, 0, 0, 0, 0, 3, 1, 3, 0, 0, 0, 4, 0, 0.5, 0, 0, 0, 0, 0, 0, -1.5111944675445557, 0.013864278793334961], [0, 0, 0, 0.002149522304534912, 0, 0, 8, 7, 14, 0, 0, 0, 0, 2, 4, 5, 0, 0, 0, 6, 0, 0.5, 0, 0, 0, 0, 0, 0, -24.7557315826416, 21.827192306518555], [0, 0, 0, 0.015419960021972656, 0, 0, 8, 4, 11, 0, 0, 0, 0, 2, 1, 2, 0, 0, 0, 3, 0, 0.5, 0, 0, 0, 0, 0, 0, -8.27520751953125, 0.18427467346191406], [0, 0, 0, 0.021080434322357178, 0, 0, 8, 13, 20, 0, 0, 0, 0, 8, 3, 3, 0, 0, 0, 12, 0, 0.75, 0, 0, 0, 0, 0, 0, -3.345548391342163, 1.5316193103790283], [0, 0, 0, 0.18167316913604736, 0, 0, 8, 3, 10, 0, 0, 0, 0, 1, 1, 4, 0, 0, 0, 2, 0, 0.6666666666666666, 0, 0, 0, 0, 0, 0, -23.8772029876709, 0.0], [1, 0, 1, 0.002141714096069336, 0, 0, 8, 13, 20, 1, 0, 1, 1, 10, 2, 2, 0, 0, 0, 12, 0, 0.25, 0, 0, 0, 0, 0, 0, 9.751687049865723, 6.575643062591553], [1, 0, 1, 0.046522438526153564, 0, 0, 8, 6, 13, 1, 0, 1, 1, 3, 2, 3, 0, 0, 0, 5, 0, 0.5, 0, 0, 0, 0, 0, 0, -19.979015350341797, 16.45886993408203], [0, 0, 0, 0.05469581484794617, 0, 0, 8, 13, 20, 0, 0, 0, 0, 11, 1, 1, 0, 0, 0, 12, 0, 0.2, 0, 0, 0, 0, 0, 0, 13.063285827636719, 0.0009059906005859375], [0, 0, 0, 0.049575090408325195, 0, 0, 8, 4, 11, 0, 0, 0, 0, 1, 2, 4, 0, 0, 0, 3, 0, 0.5, 0, 0, 0, 0, 0, 0, -29.61951446533203, 0.0], [0, 0, 0, 0.13111406564712524, 0, 0, 8, 3, 10, 0, 0, 0, 0, 1, 1, 3, 0, 0, 0, 2, 0, 0.5, 0, 0, 0, 0, 0, 0, -23.8772029876709, 0.0], [0, 0, 0, 0.02880650758743286, 0, 0, 8, 13, 20, 0, 0, 0, 0, 11, 1, 1, 0, 0, 0, 12, 0, 0.4, 0, 0, 0, 0, 0, 0, 13.112896919250488, 0.000926971435546875], [0, 0, 0, 0.06367215514183044, 0, 0, 8, 10, 17, 0, 0, 0, 0, 8, 1, 1, 0, 0, 0, 9, 0, 0.12121212121212122, 0, 0, 0, 0, 0, 0, 10.671062469482422, 0.0018014907836914062], [0, 0, 0, 0.0075622498989105225, 0, 0, 8, 13, 20, 0, 0, 1, 0, 11, 1, 3, 0, 0, 0, 12, 0, 0.5, 0, 0, 0, 0, 0, 0, 13.241032600402832, 0.0009737014770507812], [0, 0, 0, 0.02892303466796875, 0, 0, 8, 13, 20, 0, 0, 0, 0, 11, 1, 1, 0, 0, 0, 12, 0, 0.4, 0, 0, 0, 0, 0, 0, 13.112896919250488, 0.000926971435546875], [0, 0, 0, 0.19042092561721802, 0, 0, 8, 4, 11, 0, 0, 0, 0, 2, 1, 3, 0, 0, 0, 3, 0, 0.6666666666666666, 0, 0, 0, 0, 0, 0, -8.27520751953125, 0.18427467346191406], [0, 0, 0, 0.0466882586479187, 0, 0, 8, 13, 20, 0, 0, 0, 0, 11, 1, 1, 0, 0, 0, 12, 0, 0.06451612903225806, 0, 0, 0, 0, 0, 0, 13.122389793395996, 0.0009250640869140625], [0, 0, 0, 0.05234956741333008, 0, 0, 8, 13, 20, 0, 0, 0, 0, 11, 1, 1, 0, 0, 0, 12, 0, 0.2, 0, 0, 0, 0, 0, 0, 13.063285827636719, 0.0009059906005859375], [0, 0, 0, 0.08916398882865906, 0, 0, 8, 13, 20, 0, 0, 0, 0, 11, 1, 1, 0, 0, 0, 12, 0, 0.1, 0, 0, 0, 0, 0, 0, 13.121283531188965, 0.000926971435546875], [0, 0, 0, 0.05060398578643799, 0, 0, 8, 4, 11, 0, 0, 0, 0, 2, 1, 3, 0, 0, 0, 3, 0, 0.5, 0, 0, 0, 0, 0, 0, -8.936271667480469, 0.7118492126464844], [0, 0, 0, 0.02292114496231079, 0, 0, 8, 8, 15, 0, 0, 1, 0, 5, 2, 4, 0, 0, 0, 7, 0, 0.3333333333333333, 0, 0, 0, 0, 0, 0, 2.4142796993255615, 11.509576797485352], [0, 0, 0, 0.06387269496917725, 0, 0, 8, 6, 13, 0, 0, 0, 0, 3, 2, 4, 0, 0, 0, 5, 0, 0.6666666666666666, 0, 0, 0, 0, 0, 0, -20.0076904296875, 16.406883239746094], [0, 0, 0, 0.043326228857040405, 0, 0, 8, 4, 11, 0, 0, 0, 0, 2, 1, 3, 0, 0, 0, 3, 0, 0.6666666666666666, 0, 0, 0, 0, 0, 0, -8.27520751953125, 0.18427467346191406], [0, 0, 0, 0.13812953233718872, 0, 0, 8, 3, 10, 0, 0, 0, 0, 1, 1, 4, 0, 0, 0, 2, 0, 0.6666666666666666, 0, 0, 0, 0, 0, 0, -23.8772029876709, 0.0], [0, 0, 0, 0.11919373273849487, 0, 0, 8, 4, 11, 0, 0, 0, 0, 2, 1, 4, 0, 0, 0, 3, 0, 0.6666666666666666, 0, 0, 0, 0, 0, 0, -8.27520751953125, 0.18427467346191406], [0, 0, 0, 0.011686757206916809, 0, 0, 8, 13, 20, 0, 0, 0, 0, 11, 1, 2, 0, 0, 0, 12, 0, 0.4, 0, 0, 0, 0, 0, 0, 13.241032600402832, 0.0009737014770507812], [0, 0, 0, 0.063910573720932, 0, 0, 8, 13, 20, 0, 0, 0, 0, 10, 2, 1, 0, 0, 0, 12, 0, 0.2, 0, 0, 0, 0, 0, 0, 9.591513633728027, 6.571022033691406], [0, 0, 0, 0.06380057334899902, 0, 0, 8, 10, 17, 0, 0, 0, 0, 8, 1, 4, 0, 0, 0, 9, 0, 0.6666666666666666, 0, 0, 0, 0, 0, 0, -11.748555183410645, 0.05997467041015625], [0, 0, 0, 0.05984717607498169, 0, 0, 8, 13, 20, 0, 0, 0, 0, 10, 2, 1, 0, 0, 0, 12, 0, 0.2, 0, 0, 0, 0, 0, 0, 9.611312866210938, 6.579866886138916], [0, 0, 0, 0.013511061668395996, 0, 0, 8, 13, 20, 0, 0, 0, 0, 10, 2, 3, 0, 0, 0, 12, 0, 0.5, 0, 0, 0, 0, 0, 0, 9.770651817321777, 6.571149826049805], [0, 0, 0, 0.024157583713531494, 0, 0, 8, 13, 20, 0, 0, 0, 0, 10, 2, 4, 0, 0, 0, 12, 0, 0.8571428571428571, 0, 0, 0, 0, 0, 0, 9.776859283447266, 6.555301189422607], [0, 0, 0, 0.07037240266799927, 0, 0, 8, 6, 13, 0, 0, 0, 0, 2, 3, 3, 0, 0, 0, 5, 0, 0.6666666666666666, 0, 0, 0, 0, 0, 0, -20.921186447143555, 23.347185134887695], [0, 0, 0, 0.0232161283493042, 0, 0, 8, 13, 20, 0, 0, 0, 0, 11, 1, 2, 0, 0, 0, 12, 0, 0.5, 0, 0, 0, 0, 0, 0, 13.218866348266602, 0.0009584426879882812], [0, 0, 0, 0.018062353134155273, 0, 0, 8, 3, 10, 0, 0, 0, 0, 1, 1, 3, 0, 0, 0, 2, 0, 0.6666666666666666, 0, 0, 0, 0, 0, 0, -23.8772029876709, 0.0], [0, 0, 0, 0.26754164695739746, 0, 0, 8, 3, 10, 0, 0, 0, 0, 1, 1, 2, 0, 0, 0, 2, 0, 0.5, 0, 0, 0, 0, 0, 0, -23.8772029876709, 0.0], [0, 0, 0, 0.005449652671813965, 0, 0, 8, 13, 20, 0, 0, 0, 0, 10, 2, 1, 0, 0, 0, 12, 0, 0.25, 0, 0, 0, 0, 0, 0, 9.772523880004883, 6.565014839172363], [0, 0, 0, 0.04034492373466492, 0, 0, 8, 6, 13, 0, 0, 0, 0, 4, 1, 2, 0, 0, 0, 5, 0, 0.5, 0, 0, 0, 0, 0, 0, -14.622296333312988, 0.14033985137939453], [0, 0, 0, 0.10531017184257507, 0, 0, 8, 3, 10, 0, 0, 0, 0, 1, 1, 2, 0, 0, 0, 2, 0, 0.5, 0, 0, 0, 0, 0, 0, -23.8772029876709, 0.0], [0, 0, 0, 0.3917927145957947, 0, 0, 8, 3, 10, 0, 0, 0, 0, 1, 1, 3, 0, 0, 0, 2, 0, 0.5, 0, 0, 0, 0, 0, 0, -23.8772029876709, 0.0], [0, 0, 0, 0.02498677372932434, 0, 0, 8, 3, 10, 0, 0, 0, 0, 1, 1, 2, 0, 0, 0, 2, 0, 0.2, 0, 0, 0, 0, 0, 0, -23.8772029876709, 0.0], [0, 0, 0, 0.016300499439239502, 0, 0, 8, 3, 10, 0, 0, 0, 0, 1, 1, 3, 0, 0, 0, 2, 0, 0.5, 0, 0, 0, 0, 0, 0, -23.8772029876709, 0.0], [0, 0, 0, 0.05668962001800537, 0, 0, 8, 13, 20, 0, 0, 0, 0, 10, 2, 1, 0, 0, 0, 12, 0, 0.2, 0, 0, 0, 0, 0, 0, 9.617390632629395, 6.5818328857421875], [0, 0, 0, 0.0347941517829895, 0, 0, 8, 5, 12, 0, 0, 0, 0, 3, 1, 2, 0, 0, 0, 4, 0, 0.5, 0, 0, 0, 0, 0, 0, -1.5111944675445557, 0.013864278793334961], [0, 0, 0, 0.15130984783172607, 0, 0, 8, 4, 11, 0, 0, 0, 0, 1, 2, 4, 0, 0, 0, 3, 0, 0.6666666666666666, 0, 0, 0, 0, 0, 0, -29.61951446533203, 0.0], [0, 0, 0, 0.052905917167663574, 0, 0, 8, 5, 12, 0, 0, 0, 0, 3, 1, 4, 0, 0, 0, 4, 0, 0.5, 0, 0, 0, 0, 0, 0, -1.5111944675445557, 0.013864278793334961], [0, 0, 0, 0.06044870615005493, 0, 0, 8, 13, 20, 0, 0, 0, 0, 10, 2, 1, 0, 0, 0, 12, 0, 0.2, 0, 0, 0, 0, 0, 0, 9.613443374633789, 6.580007076263428], [0, 0, 0, 0.0843280553817749, 0, 0, 8, 7, 14, 0, 0, 0, 0, 5, 1, 3, 0, 0, 0, 6, 0, 0.75, 0, 0, 0, 0, 0, 0, 5.662449359893799, 0.004663944244384766], [0, 0, 0, 0.025792032480239868, 0, 0, 8, 13, 20, 0, 0, 1, 0, 11, 1, 2, 0, 0, 0, 12, 0, 0.5, 0, 0, 0, 0, 0, 0, 13.160223007202148, 0.00093841552734375], [0, 0, 0, 0.036531686782836914, 0, 0, 8, 13, 20, 0, 0, 0, 0, 10, 2, 2, 0, 0, 0, 12, 0, 0.5, 0, 0, 0, 0, 0, 0, 9.779645919799805, 6.5708208084106445], [0, 0, 0, 0.06715193390846252, 0, 0, 8, 12, 19, 0, 0, 0, 0, 10, 1, 1, 0, 0, 0, 11, 0, 0.3333333333333333, 0, 0, 0, 0, 0, 0, -12.51309871673584, 0.024419784545898438], [1, 0, 0, 0.2034594863653183, 0, 0, 8, 3, 10, 1, 0, 0, 0, 1, 1, 3, 0, 0, 0, 2, 0, 0.5, 0, 0, 0, 0, 0, 0, -23.8772029876709, 0.0], [0, 0, 0, 0.011871948838233948, 0, 0, 8, 4, 11, 0, 0, 0, 0, 2, 1, 1, 0, 0, 0, 3, 0, 0.027777777777777776, 0, 0, 0, 0, 0, 0, -8.27520751953125, 0.18427467346191406], [0, 0, 0, 0.008826777338981628, 0, 0, 8, 3, 10, 0, 0, 0, 0, 1, 1, 2, 0, 0, 0, 2, 0, 0.5, 0, 0, 0, 0, 0, 0, -23.8772029876709, 0.0], [0, 0, 0, 0.0454411506652832, 0, 0, 8, 4, 11, 0, 0, 0, 0, 2, 1, 5, 0, 0, 0, 3, 0, 0.75, 0, 0, 0, 0, 0, 0, -8.27520751953125, 0.18427467346191406], [0, 0, 0, 0.07470887899398804, 0, 0, 8, 13, 20, 0, 0, 0, 0, 11, 1, 2, 0, 0, 0, 12, 0, 0.6666666666666666, 0, 0, 0, 0, 0, 0, 13.185338020324707, 0.0009479522705078125], [0, 0, 0, 0.04678010940551758, 0, 0, 8, 3, 10, 0, 0, 0, 0, 1, 1, 3, 0, 0, 0, 2, 0, 0.6666666666666666, 0, 0, 0, 0, 0, 0, -23.8772029876709, 0.0], [1, 0, 1, 0.013907670974731445, 1, 0, 8, 8, 15, 1, 0, 1, 1, 2, 5, 6, 0, 0, 0, 7, 1, 0.8666666666666667, 0, 0, 0, 0, 0, 0, -22.370603561401367, 23.5954647064209], [1, 0, 0, 0.06959551572799683, 1, 0, 8, 6, 13, 1, 0, 1, 0, 4, 1, 2, 0, 0, 0, 5, 1, 0.3333333333333333, 0, 0, 0, 0, 0, 0, 2.758147716522217, 0.007502079010009766], [0, 0, 0, 0.11800163984298706, 0, 0, 8, 8, 15, 0, 0, 0, 0, 6, 1, 3, 0, 0, 0, 7, 0, 0.5, 0, 0, 0, 0, 0, 0, -10.663628578186035, 0.016198158264160156], [0, 0, 0, 0.021044492721557617, 0, 0, 8, 13, 20, 0, 0, 0, 0, 6, 6, 5, 0, 0, 0, 12, 0, 0.5, 0, 0, 0, 0, 0, 0, -1.789926290512085, 11.595918655395508], [0, 0, 1, 0.058620333671569824, 0, 0, 8, 13, 20, 0, 0, 1, 1, 10, 2, 3, 0, 0, 0, 12, 0, 0.8, 0, 0, 0, 0, 0, 0, 9.79332160949707, 6.573077201843262], [0, 0, 0, 0.02025371789932251, 0, 0, 8, 5, 12, 0, 0, 0, 0, 2, 2, 4, 0, 0, 0, 4, 0, 0.5, 0, 0, 0, 0, 0, 0, -9.269610404968262, 24.349857330322266], [0, 0, 0, 0.07699704170227051, 0, 0, 8, 13, 20, 0, 0, 0, 0, 10, 2, 2, 0, 0, 0, 12, 0, 0.6666666666666666, 0, 0, 0, 0, 0, 0, 9.78172779083252, 6.5798187255859375], [0, 0, 0, 0.24408116936683655, 0, 0, 8, 3, 10, 0, 0, 0, 0, 1, 1, 3, 0, 0, 0, 2, 0, 0.6666666666666666, 0, 0, 0, 0, 0, 0, -23.8772029876709, 0.0], [0, 0, 0, 0.03010958433151245, 0, 0, 8, 5, 12, 0, 0, 0, 0, 3, 1, 4, 0, 0, 0, 4, 0, 0.5, 0, 0, 0, 0, 0, 0, -1.5111944675445557, 0.013864278793334961], [0, 0, 0, 0.008868873119354248, 0, 0, 8, 8, 15, 0, 0, 0, 0, 6, 1, 1, 0, 0, 0, 7, 0, 0.2, 0, 0, 0, 0, 0, 0, -10.663628578186035, 0.016198158264160156], [0, 0, 0, 0.032379478216171265, 0, 0, 8, 13, 20, 0, 0, 0, 0, 11, 1, 3, 0, 0, 0, 12, 0, 0.3333333333333333, 0, 0, 0, 0, 0, 0, 13.231354713439941, 0.0009670257568359375], [1, 0, 1, 0.003732919692993164, 1, 0, 8, 7, 14, 1, 0, 1, 1, 2, 4, 5, 0, 0, 0, 6, 1, 0.8666666666666667, 0, 0, 0, 0, 0, 0, -24.69131088256836, 22.144424438476562], [0, 0, 0, 0.02993074059486389, 0, 0, 8, 3, 10, 0, 0, 0, 0, 1, 1, 2, 0, 0, 0, 2, 0, 0.5, 0, 0, 0, 0, 0, 0, -23.8772029876709, 0.0], [1, 0, 0, 0.0488467812538147, 0, 0, 8, 9, 16, 1, 0, 0, 0, 4, 4, 1, 0, 0, 0, 8, 0, 0.6666666666666666, 0, 0, 0, 0, 0, 0, -3.6518712043762207, 14.236724853515625], [0, 0, 0, 0.06675836443901062, 0, 0, 8, 10, 17, 0, 0, 0, 0, 8, 1, 1, 0, 0, 0, 9, 0, 0.12121212121212122, 0, 0, 0, 0, 0, 0, -13.454899787902832, 0.052440643310546875], [0, 0, 0, 0.009795963764190674, 0, 0, 8, 3, 10, 0, 0, 0, 0, 1, 1, 3, 0, 0, 0, 2, 0, 0.6666666666666666, 0, 0, 0, 0, 0, 0, -23.8772029876709, 0.0], [0, 0, 0, 0.06503790616989136, 0, 0, 8, 9, 16, 0, 0, 0, 0, 6, 2, 3, 0, 0, 0, 8, 0, 0.75, 0, 0, 0, 0, 0, 0, 4.5771803855896, 10.00958251953125], [0, 0, 0, 0.007687211036682129, 0, 0, 8, 3, 10, 0, 0, 0, 0, 1, 1, 6, 0, 0, 0, 2, 0, 0.8666666666666667, 0, 0, 0, 0, 0, 0, -23.8772029876709, 0.0], [0, 0, 0, 0.004899173974990845, 0, 0, 8, 4, 11, 0, 0, 0, 0, 2, 1, 5, 0, 0, 0, 3, 0, 0.8666666666666667, 0, 0, 0, 0, 0, 0, -8.27520751953125, 0.18427467346191406], [0, 0, 0, 0.44116100668907166, 0, 0, 8, 3, 10, 0, 0, 0, 0, 1, 1, 2, 0, 0, 0, 2, 0, 0.5, 0, 0, 0, 0, 0, 0, -23.8772029876709, 0.0], [0, 0, 0, 0.07150650024414062, 0, 0, 8, 3, 10, 0, 0, 0, 0, 1, 1, 2, 0, 0, 0, 2, 0, 0.3333333333333333, 0, 0, 0, 0, 0, 0, -23.8772029876709, 0.0], [0, 0, 0, 0.04558238387107849, 0, 0, 8, 13, 20, 0, 0, 0, 0, 11, 1, 2, 0, 0, 0, 12, 0, 0.3333333333333333, 0, 0, 0, 0, 0, 0, 13.231354713439941, 0.0009670257568359375], [0, 0, 0, 0.018018364906311035, 0, 0, 8, 13, 20, 0, 0, 0, 0, 9, 3, 2, 0, 0, 0, 12, 0, 0.75, 0, 0, 0, 0, 0, 0, 6.518738269805908, 8.021331787109375], [0, 0, 0, 0.06450164318084717, 0, 0, 8, 3, 10, 0, 0, 0, 0, 1, 1, 2, 0, 0, 0, 2, 0, 0.3333333333333333, 0, 0, 0, 0, 0, 0, -23.8772029876709, 0.0], [0, 0, 0, 0.002144336700439453, 0, 0, 8, 7, 14, 0, 0, 0, 0, 5, 1, 1, 0, 0, 0, 6, 0, 0.017241379310344827, 0, 0, 0, 0, 0, 0, 5.662449359893799, 0.004663944244384766], [0, 0, 0, 0.0296478271484375, 0, 0, 8, 3, 10, 0, 0, 0, 0, 1, 1, 5, 0, 0, 0, 2, 0, 0.75, 0, 0, 0, 0, 0, 0, -23.8772029876709, 0.0], [1, 0, 1, 0.12199538946151733, 0, 1, 8, 3, 10, 1, 0, 0, 0, 1, 1, 5, 0, 0, 0, 2, 0, 0.8571428571428571, 0, 0, 1, 0, 0, 0, -9.103696823120117, 26.823713302612305], [0, 0, 0, 0.01199871301651001, 0, 0, 8, 13, 20, 0, 0, 0, 0, 10, 2, 2, 0, 0, 0, 12, 0, 0.75, 0, 0, 0, 0, 0, 0, 9.736944198608398, 6.5643181800842285], [0, 0, 0, 0.09306228160858154, 0, 0, 8, 3, 10, 0, 0, 0, 0, 1, 1, 3, 0, 0, 0, 2, 0, 0.5, 0, 0, 0, 0, 0, 0, -23.8772029876709, 0.0], [0, 0, 0, 0.03452169895172119, 0, 0, 8, 13, 20, 0, 0, 0, 0, 10, 2, 2, 0, 0, 0, 12, 0, 0.75, 0, 0, 0, 0, 0, 0, 9.783517837524414, 6.564062118530273], [0, 0, 0, 0.029332906007766724, 0, 0, 8, 13, 20, 0, 0, 0, 0, 11, 1, 1, 0, 0, 0, 12, 0, 0.14285714285714285, 0, 0, 0, 0, 0, 0, 13.195902824401855, 0.00095367431640625], [0, 0, 0, 0.021000683307647705, 0, 0, 8, 9, 16, 0, 0, 0, 0, 7, 1, 7, 0, 0, 0, 8, 0, 0.8, 0, 0, 0, 0, 0, 0, 9.402233123779297, 0.0023508071899414062], [0, 0, 0, 0.01613295078277588, 0, 0, 8, 13, 20, 0, 0, 0, 0, 8, 2, 2, 0, 0, 0, 12, 0, 0.5, 0, 0, 0, 0, 0, 0, -10.161261558532715, 0.007191658020019531], [1, 0, 1, 0.03533199429512024, 0, 0, 8, 5, 12, 1, 0, 1, 1, 3, 1, 4, 0, 0, 0, 4, 0, 0.5, 0, 0, 0, 0, 0, 0, -1.4922235012054443, 0.013985872268676758], [0, 0, 0, 0.14910244941711426, 0, 0, 8, 3, 10, 0, 0, 0, 0, 1, 1, 4, 0, 0, 0, 2, 0, 0.6666666666666666, 0, 0, 0, 0, 0, 0, -23.8772029876709, 0.0], [0, 0, 0, 0.013266503810882568, 0, 0, 8, 3, 10, 0, 0, 0, 0, 1, 1, 6, 0, 0, 0, 2, 0, 0.6666666666666666, 0, 0, 0, 0, 0, 0, -23.8772029876709, 0.0], [0, 0, 0, 0.03357359766960144, 0, 0, 8, 12, 19, 0, 0, 0, 0, 10, 1, 1, 0, 0, 0, 11, 0, 0.3333333333333333, 0, 0, 0, 0, 0, 0, -2.401998281478882, 11.902451515197754], [0, 0, 0, 0.04312804341316223, 0, 0, 8, 6, 13, 0, 0, 0, 0, 4, 1, 1, 0, 0, 0, 5, 0, 0.3333333333333333, 0, 0, 0, 0, 0, 0, 2.7437801361083984, 0.007445335388183594], [0, 0, 0, 0.0, 0, 0, 7, 4, 10, 0, 0, 0, 0, 1, 2, 6, 0, 0, 0, 3, 0, 0.5, 0, 0, 0, 0, 0, 0, -24.679096221923828, 0.0], [1, 0, 1, 0.0, 0, 0, 8, 4, 11, 1, 0, 1, 1, 2, 1, 3, 0, 0, 0, 3, 0, 0.5, 0, 0, 0, 0, 0, 0, -8.247661590576172, 0.18477249145507812], [0, 0, 0, 0.02292346954345703, 0, 0, 8, 5, 12, 0, 0, 0, 0, 3, 1, 2, 0, 0, 0, 4, 0, 0.16666666666666666, 0, 0, 0, 0, 0, 0, -1.5111944675445557, 0.013864278793334961], [0, 0, 0, 0.08302497863769531, 0, 0, 8, 13, 20, 0, 0, 0, 0, 11, 1, 4, 0, 0, 0, 12, 0, 0.6666666666666666, 0, 0, 0, 0, 0, 0, 13.185338020324707, 0.0009479522705078125], [0, 0, 0, 0.010435998439788818, 0, 0, 8, 13, 20, 0, 0, 0, 0, 11, 1, 3, 0, 0, 0, 12, 0, 0.5, 0, 0, 0, 0, 0, 0, 13.165794372558594, 0.0009441375732421875], [0, 0, 0, 0.20961403846740723, 0, 0, 8, 4, 11, 0, 0, 0, 0, 2, 1, 4, 0, 0, 0, 3, 0, 0.6666666666666666, 0, 0, 0, 0, 0, 0, -8.27520751953125, 0.18427467346191406], [0, 0, 0, 0.022081196308135986, 0, 0, 8, 3, 10, 0, 0, 0, 0, 1, 1, 5, 0, 0, 0, 2, 0, 0.6666666666666666, 0, 0, 0, 0, 0, 0, -23.8772029876709, 0.0], [0, 0, 0, 0.14929068088531494, 0, 0, 8, 3, 10, 0, 0, 0, 0, 1, 1, 2, 0, 0, 0, 2, 0, 0.5, 0, 0, 0, 0, 0, 0, -23.8772029876709, 0.0], [1, 0, 1, 0.18916165828704834, 1, 0, 8, 5, 12, 1, 0, 1, 1, 2, 2, 6, 0, 0, 0, 4, 1, 0.8, 0, 0, 0, 0, 0, 0, -9.311864852905273, 24.271085739135742], [0, 0, 0, 0.1771569848060608, 0, 0, 8, 4, 11, 0, 0, 0, 0, 2, 1, 5, 0, 0, 0, 3, 0, 0.6666666666666666, 0, 0, 0, 0, 0, 0, -8.27520751953125, 0.18427467346191406], [0, 0, 0, 0.061199307441711426, 0, 0, 8, 3, 10, 0, 0, 0, 0, 1, 1, 5, 0, 0, 0, 2, 0, 0.75, 0, 0, 0, 0, 0, 0, -23.8772029876709, 0.0], [1, 0, 1, 0.21728160977363586, 0, 0, 8, 5, 12, 1, 0, 1, 1, 2, 2, 2, 0, 0, 0, 4, 0, 0.5, 0, 0, 0, 0, 0, 0, -9.409591674804688, 24.173358917236328], [0, 0, 0, 0.0002472102642059326, 0, 0, 8, 8, 15, 0, 0, 0, 0, 5, 2, 3, 0, 0, 0, 7, 0, 0.75, 0, 0, 0, 0, 0, 0, 2.4213438034057617, 11.50377082824707], [0, 0, 0, 0.04878154397010803, 0, 0, 8, 13, 20, 0, 0, 0, 0, 11, 1, 1, 0, 0, 0, 12, 0, 0.027777777777777776, 0, 0, 0, 0, 0, 0, 13.122389793395996, 0.0009250640869140625], [0, 0, 0, 0.0011326372623443604, 0, 0, 8, 13, 20, 0, 0, 0, 0, 11, 1, 3, 0, 0, 0, 12, 0, 0.5, 0, 0, 0, 0, 0, 0, 13.211566925048828, 0.0009593963623046875], [1, 0, 0, 0.018489837646484375, 0, 0, 8, 4, 11, 1, 0, 0, 0, 2, 1, 2, 0, 0, 0, 3, 0, 0.75, 0, 0, 0, 0, 0, 0, -8.27520751953125, 0.18427467346191406], [0, 0, 0, 0.047149598598480225, 0, 0, 8, 12, 19, 0, 0, 0, 0, 10, 1, 1, 0, 0, 0, 11, 0, 0.3333333333333333, 0, 0, 0, 0, 0, 0, -12.51309871673584, 0.024419784545898438], [0, 0, 0, 0.10487213730812073, 0, 0, 8, 4, 11, 0, 0, 0, 0, 2, 1, 3, 0, 0, 0, 3, 0, 0.3333333333333333, 0, 0, 0, 0, 0, 0, -8.27520751953125, 0.18427467346191406], [0, 0, 0, 0.03123074769973755, 0, 0, 8, 13, 20, 0, 0, 0, 0, 9, 2, 2, 0, 0, 0, 12, 0, 0.5, 0, 0, 0, 0, 0, 0, -0.18778914213180542, 0.006823420524597168], [0, 0, 0, 0.007794991135597229, 0, 0, 8, 5, 12, 0, 0, 0, 0, 3, 1, 2, 0, 0, 0, 4, 0, 0.5, 0, 0, 0, 0, 0, 0, -1.5111944675445557, 0.013864278793334961], [0, 0, 0, 0.03344738483428955, 0, 0, 8, 13, 20, 0, 0, 0, 0, 10, 2, 4, 0, 0, 0, 12, 0, 0.5, 0, 0, 0, 0, 0, 0, 9.776435852050781, 6.570042610168457], [0, 0, 0, 0.02114284038543701, 0, 0, 8, 3, 10, 0, 0, 0, 0, 1, 1, 4, 0, 0, 0, 2, 0, 0.5, 0, 0, 0, 0, 0, 0, -23.8772029876709, 0.0], [1, 0, 1, 0.05090487003326416, 1, 0, 8, 12, 19, 1, 0, 1, 1, 9, 2, 1, 0, 0, 0, 11, 1, 0.75, 0, 0, 0, 0, 0, 0, 3.017317295074463, 6.420943737030029], [0, 0, 1, 0.009275048971176147, 0, 0, 8, 4, 11, 0, 0, 1, 1, 2, 1, 1, 0, 0, 0, 3, 0, 0.1111111111111111, 0, 0, 0, 0, 0, 0, -8.247661590576172, 0.18477249145507812], [1, 0, 1, 0.17640697956085205, 0, 1, 8, 3, 10, 1, 0, 0, 0, 1, 1, 4, 0, 0, 0, 2, 0, 0.6666666666666666, 0, 0, 1, 0, 0, 0, -13.113187789916992, 21.24677085876465], [1, 0, 1, 0.07283675670623779, 1, 0, 8, 4, 11, 1, 1, 1, 1, 2, 1, 4, 0, 0, 0, 3, 1, 0.75, 0, 0, 0, 0, 0, 0, -8.247661590576172, 0.18477249145507812], [0, 0, 0, 0.03732365369796753, 0, 0, 8, 3, 10, 0, 0, 0, 0, 1, 1, 4, 0, 0, 0, 2, 0, 0.6666666666666666, 0, 0, 0, 0, 0, 0, -23.8772029876709, 0.0], [0, 0, 0, 0.00020156800746917725, 0, 0, 8, 3, 10, 0, 0, 0, 0, 1, 1, 2, 0, 0, 0, 2, 0, 0.5, 0, 0, 0, 0, 0, 0, -23.8772029876709, 0.0], [0, 0, 0, 0.031106650829315186, 0, 0, 8, 13, 20, 0, 0, 0, 0, 11, 1, 1, 0, 0, 0, 12, 0, 0.4, 0, 0, 0, 0, 0, 0, 13.112896919250488, 0.000926971435546875], [0, 0, 0, 0.0789417028427124, 0, 0, 8, 13, 20, 0, 0, 0, 0, 11, 1, 1, 0, 0, 0, 12, 0, 0.1, 0, 0, 0, 0, 0, 0, 7.070169925689697, 0.021568775177001953], [0, 0, 0, 0.03030681610107422, 0, 0, 8, 11, 18, 0, 0, 0, 0, 8, 2, 1, 0, 0, 0, 10, 0, 0.5, 0, 0, 0, 0, 0, 0, 1.971308708190918, 7.160373210906982], [0, 0, 0, 0.033945322036743164, 0, 0, 8, 5, 12, 0, 0, 0, 0, 3, 1, 1, 0, 0, 0, 4, 0, 0.125, 0, 0, 0, 0, 0, 0, -1.5111944675445557, 0.013864278793334961], [0, 0, 0, 0.1862754225730896, 0, 0, 8, 6, 13, 0, 0, 0, 0, 3, 2, 2, 0, 0, 0, 5, 0, 0.3333333333333333, 0, 0, 0, 0, 0, 0, -20.126083374023438, 15.374488830566406], [1, 0, 0, 0.0021136999130249023, 0, 0, 8, 13, 20, 1, 0, 1, 0, 9, 2, 4, 0, 0, 0, 12, 1, 0.6666666666666666, 0, 0, 0, 0, 0, 0, -0.2008863091468811, 0.01800215244293213], [0, 0, 0, 0.010866612195968628, 0, 0, 8, 13, 20, 0, 0, 0, 0, 10, 2, 2, 0, 0, 0, 12, 0, 0.5, 0, 0, 0, 0, 0, 0, 9.804783821105957, 6.571966171264648], [0, 0, 0, 0.05889332294464111, 0, 0, 8, 13, 20, 0, 0, 0, 0, 11, 1, 1, 0, 0, 0, 12, 0, 0.2, 0, 0, 0, 0, 0, 0, 13.063285827636719, 0.0009059906005859375], [0, 0, 0, 0.03141772747039795, 0, 0, 8, 13, 20, 0, 0, 0, 0, 11, 1, 1, 0, 0, 0, 12, 0, 0.4, 0, 0, 0, 0, 0, 0, 13.112896919250488, 0.000926971435546875], [0, 0, 0, 0.07769840955734253, 0, 0, 8, 4, 11, 0, 0, 0, 0, 2, 1, 2, 0, 0, 0, 3, 0, 0.3333333333333333, 0, 0, 0, 0, 0, 0, -8.27520751953125, 0.18427467346191406], [1, 0, 1, 0.00350797176361084, 0, 0, 8, 13, 20, 1, 0, 1, 1, 8, 4, 4, 0, 0, 0, 12, 0, 0.5, 0, 0, 0, 0, 0, 0, 3.5527849197387695, 9.281156539916992], [0, 0, 0, 0.010078608989715576, 0, 0, 8, 13, 20, 0, 0, 0, 0, 11, 1, 3, 0, 0, 0, 12, 0, 0.5, 0, 0, 0, 0, 0, 0, 13.23603630065918, 0.0009698867797851562], [0, 0, 0, 0.001988738775253296, 0, 0, 8, 7, 14, 0, 0, 0, 0, 5, 1, 1, 0, 0, 0, 6, 0, 0.1111111111111111, 0, 0, 0, 0, 0, 0, 5.662449359893799, 0.004663944244384766], [0, 0, 0, 0.008292794227600098, 0, 0, 8, 6, 13, 0, 0, 0, 0, 4, 1, 3, 0, 0, 0, 5, 0, 0.5, 0, 0, 0, 0, 0, 0, 2.7437801361083984, 0.007445335388183594], [0, 0, 0, 0.04970729351043701, 0, 0, 8, 3, 10, 0, 0, 0, 0, 1, 1, 1, 0, 0, 0, 2, 0, 0.08333333333333333, 0, 0, 0, 0, 0, 0, -23.8772029876709, 0.0], [0, 0, 0, 0.11401188373565674, 0, 0, 8, 4, 11, 0, 0, 0, 0, 2, 1, 2, 0, 0, 0, 3, 0, 0.6666666666666666, 0, 0, 0, 0, 0, 0, -8.27520751953125, 0.18427467346191406], [0, 0, 0, 0.004442185163497925, 0, 0, 8, 13, 20, 0, 0, 0, 0, 11, 1, 2, 0, 0, 0, 12, 0, 0.16666666666666666, 0, 0, 0, 0, 0, 0, 13.241032600402832, 0.0009737014770507812], [0, 0, 0, 0.04714995622634888, 0, 0, 8, 4, 11, 0, 0, 0, 0, 2, 1, 2, 0, 0, 0, 3, 0, 0.3333333333333333, 0, 0, 0, 0, 0, 0, -8.27520751953125, 0.18427467346191406], [0, 0, 0, 0.02349075675010681, 0, 0, 8, 6, 13, 0, 0, 0, 0, 4, 1, 1, 0, 0, 0, 5, 0, 0.017241379310344827, 0, 0, 0, 0, 0, 0, 2.7437801361083984, 0.007445335388183594], [0, 0, 0, 0.10967230796813965, 0, 0, 8, 13, 20, 0, 0, 0, 0, 10, 2, 5, 0, 0, 0, 12, 0, 0.5, 0, 0, 0, 0, 0, 0, 9.789590835571289, 6.566939830780029], [0, 0, 0, 0.02156233787536621, 0, 0, 8, 13, 20, 0, 0, 0, 0, 9, 2, 4, 0, 0, 0, 12, 0, 0.5, 0, 0, 0, 0, 0, 0, -0.220500648021698, 0.005320549011230469], [0, 0, 0, 0.027341723442077637, 0, 0, 8, 3, 10, 0, 0, 0, 0, 1, 1, 5, 0, 0, 0, 2, 0, 0.5, 0, 0, 0, 0, 0, 0, -23.8772029876709, 0.0], [0, 0, 0, 0.0014059841632843018, 0, 0, 8, 8, 15, 0, 0, 0, 0, 6, 1, 3, 0, 0, 0, 7, 0, 0.6, 0, 0, 0, 0, 0, 0, -5.389479160308838, 13.687332153320312], [0, 0, 0, 0.07620681822299957, 0, 0, 8, 3, 10, 0, 0, 0, 0, 1, 1, 4, 0, 0, 0, 2, 0, 0.6666666666666666, 0, 0, 0, 0, 0, 0, -23.8772029876709, 0.0], [0, 0, 0, 0.008136093616485596, 0, 0, 8, 3, 10, 0, 0, 0, 0, 1, 1, 2, 0, 0, 0, 2, 0, 0.5, 0, 0, 0, 0, 0, 0, -23.8772029876709, 0.0], [0, 0, 0, 0.0037607550621032715, 0, 0, 8, 13, 20, 0, 0, 0, 0, 5, 4, 5, 0, 0, 0, 12, 0, 0.6666666666666666, 0, 0, 0, 0, 0, 0, -21.131940841674805, 1.5047111511230469], [0, 0, 0, 0.0390641987323761, 0, 0, 8, 13, 20, 0, 0, 0, 0, 11, 1, 1, 0, 0, 0, 12, 0, 0.1, 0, 0, 0, 0, 0, 0, 13.215127944946289, 0.0009603500366210938], [0, 0, 0, 0.023633122444152832, 0, 0, 8, 13, 20, 0, 0, 0, 0, 10, 2, 2, 0, 0, 0, 12, 0, 0.5, 0, 0, 0, 0, 0, 0, 6.7148051261901855, 5.753396987915039], [0, 0, 0, 0.08403131365776062, 0, 0, 8, 13, 20, 0, 0, 0, 0, 11, 1, 4, 0, 0, 0, 12, 0, 0.6666666666666666, 0, 0, 0, 0, 0, 0, 13.185338020324707, 0.0009479522705078125], [0, 0, 0, 0.06663048267364502, 0, 0, 8, 4, 11, 0, 0, 0, 0, 2, 1, 3, 0, 0, 0, 3, 0, 0.5, 0, 0, 0, 0, 0, 0, -8.27520751953125, 0.18427467346191406], [0, 0, 0, 0.10241079330444336, 0, 0, 8, 3, 10, 0, 0, 0, 0, 1, 1, 3, 0, 0, 0, 2, 0, 0.5, 0, 0, 0, 0, 0, 0, -23.8772029876709, 0.0], [0, 0, 0, 0.0033343136310577393, 0, 0, 8, 4, 11, 0, 0, 0, 0, 2, 1, 3, 0, 0, 0, 3, 0, 0.5, 0, 0, 0, 0, 0, 0, -8.27520751953125, 0.18427467346191406], [1, 0, 1, 0.10236901044845581, 1, 0, 8, 8, 15, 1, 0, 1, 1, 2, 5, 5, 0, 0, 0, 7, 1, 0.5555555555555556, 0, 0, 0, 0, 0, 0, -10.115455627441406, 21.35795021057129], [0, 0, 0, 0.07938450574874878, 0, 0, 8, 7, 14, 0, 0, 0, 0, 5, 1, 4, 0, 0, 0, 6, 0, 0.5, 0, 0, 0, 0, 0, 0, -15.662032127380371, 0.02310657501220703], [0, 0, 0, 0.030045926570892334, 0, 0, 8, 13, 20, 0, 0, 0, 0, 11, 1, 2, 0, 0, 0, 12, 0, 0.6, 0, 0, 0, 0, 0, 0, 13.141196250915527, 0.0009307861328125], [0, 0, 0, 0.6552955508232117, 0, 0, 8, 4, 11, 0, 0, 0, 0, 2, 1, 4, 0, 0, 0, 3, 0, 0.5, 0, 0, 0, 0, 0, 0, -15.697545051574707, 0.3517122268676758], [0, 0, 0, 0.00138092041015625, 0, 0, 8, 4, 11, 0, 0, 0, 0, 2, 1, 4, 0, 0, 0, 3, 0, 0.5, 0, 0, 0, 0, 0, 0, -8.27520751953125, 0.18427467346191406], [0, 0, 0, 0.09427568316459656, 0, 0, 8, 13, 20, 0, 0, 0, 0, 11, 1, 3, 0, 0, 0, 12, 0, 0.5, 0, 0, 0, 0, 0, 0, 13.231354713439941, 0.0009670257568359375], [0, 0, 0, 0.01735377311706543, 0, 0, 8, 13, 20, 0, 0, 0, 0, 11, 1, 3, 0, 0, 0, 12, 0, 0.3333333333333333, 0, 0, 0, 0, 0, 0, 13.23603630065918, 0.0009698867797851562], [0, 0, 0, 0.028922855854034424, 0, 0, 8, 13, 20, 0, 0, 0, 0, 9, 2, 1, 0, 0, 0, 12, 0, 0.25, 0, 0, 0, 0, 0, 0, -0.2321200966835022, 0.0090104341506958], [0, 0, 0, 0.0584491491317749, 0, 0, 8, 4, 11, 0, 0, 0, 0, 2, 1, 4, 0, 0, 0, 3, 0, 0.5, 0, 0, 0, 0, 0, 0, -8.27520751953125, 0.18427467346191406], [0, 0, 0, 0.0034956932067871094, 0, 0, 8, 5, 12, 0, 0, 0, 0, 3, 1, 5, 0, 0, 0, 4, 0, 0.75, 0, 0, 0, 0, 0, 0, -1.5111944675445557, 0.013864278793334961], [0, 0, 0, 0.06262403726577759, 0, 0, 8, 13, 20, 0, 0, 0, 0, 4, 6, 3, 0, 0, 0, 12, 0, 0.8, 0, 0, 0, 0, 0, 0, -16.533370971679688, 4.244413375854492], [0, 0, 0, 0.020534038543701172, 0, 0, 8, 3, 10, 0, 0, 0, 0, 1, 1, 6, 0, 0, 0, 2, 0, 0.8, 0, 0, 0, 0, 0, 0, -23.8772029876709, 0.0], [0, 0, 0, 0.004445195198059082, 0, 0, 8, 13, 20, 0, 0, 0, 0, 11, 1, 1, 0, 0, 0, 12, 0, 0.3, 0, 0, 0, 0, 0, 0, 13.195902824401855, 0.00095367431640625], [0, 0, 0, 0.05772867798805237, 0, 0, 8, 13, 20, 0, 0, 0, 0, 11, 1, 1, 0, 0, 0, 12, 0, 0.027777777777777776, 0, 0, 0, 0, 0, 0, 13.122389793395996, 0.0009250640869140625], [1, 0, 0, 0.0652780532836914, 0, 0, 8, 4, 11, 1, 0, 1, 0, 2, 1, 4, 0, 0, 0, 3, 0, 0.8571428571428571, 0, 0, 0, 0, 0, 0, -8.247661590576172, 0.18477249145507812], [0, 0, 0, 0.017811894416809082, 0, 0, 8, 13, 20, 0, 0, 0, 0, 9, 3, 2, 0, 0, 0, 12, 0, 0.75, 0, 0, 0, 0, 0, 0, 6.507816314697266, 7.98527717590332], [0, 0, 0, 0.029793202877044678, 0, 0, 8, 7, 14, 0, 0, 0, 0, 5, 1, 4, 0, 0, 0, 6, 0, 0.6666666666666666, 0, 0, 0, 0, 0, 0, 5.662449359893799, 0.004663944244384766], [0, 0, 0, 0.019616365432739258, 0, 0, 8, 13, 20, 0, 0, 0, 0, 9, 3, 4, 0, 0, 0, 12, 0, 0.5, 0, 0, 0, 0, 0, 0, 6.5592360496521, 8.0118408203125], [1, 0, 1, 0.04271954298019409, 1, 0, 8, 7, 14, 1, 0, 1, 1, 4, 2, 6, 0, 0, 0, 6, 1, 0.75, 0, 0, 0, 0, 0, 0, -17.74696159362793, 13.212390899658203], [0, 0, 0, 0.06684336066246033, 0, 0, 8, 13, 20, 0, 0, 1, 0, 11, 1, 1, 0, 0, 0, 12, 0, 0.2, 0, 0, 0, 0, 0, 0, 13.063285827636719, 0.0009059906005859375], [1, 0, 1, 0.08288586139678955, 1, 0, 8, 6, 13, 1, 0, 1, 1, 2, 3, 2, 0, 0, 0, 5, 1, 0.5, 0, 0, 0, 0, 0, 0, -23.759033203125, 21.964599609375], [0, 0, 0, 0.022878646850585938, 0, 0, 8, 5, 12, 0, 0, 0, 0, 2, 2, 4, 0, 0, 0, 4, 0, 0.75, 0, 0, 0, 0, 0, 0, -9.43857192993164, 24.180896759033203], [1, 0, 0, 0.030294597148895264, 1, 0, 8, 4, 11, 1, 0, 0, 0, 1, 2, 4, 0, 0, 0, 3, 1, 0.5, 0, 0, 0, 0, 0, 0, -29.61951446533203, 0.0], [0, 0, 0, 0.10406744480133057, 0, 0, 8, 5, 12, 0, 0, 0, 0, 3, 1, 4, 0, 0, 0, 4, 0, 0.6666666666666666, 0, 0, 0, 0, 0, 0, -1.5111944675445557, 0.013864278793334961], [0, 0, 0, 0.04181772470474243, 0, 0, 8, 13, 20, 0, 0, 0, 0, 9, 2, 2, 0, 0, 0, 12, 0, 0.5, 0, 0, 0, 0, 0, 0, -0.1863916516304016, 0.005350589752197266], [0, 0, 0, 0.0025690793991088867, 0, 0, 8, 13, 20, 0, 0, 1, 0, 7, 3, 5, 0, 0, 0, 12, 0, 0.6666666666666666, 0, 0, 0, 0, 0, 0, -13.40662670135498, 1.5143556594848633], [1, 0, 1, 0.18916165828704834, 1, 0, 8, 5, 12, 1, 0, 1, 1, 2, 2, 6, 0, 0, 0, 4, 1, 0.8, 0, 0, 0, 0, 0, 0, -9.311864852905273, 24.271085739135742], [1, 0, 0, 0.06237417459487915, 0, 0, 8, 13, 20, 1, 0, 0, 0, 11, 1, 1, 0, 0, 0, 12, 0, 0.027777777777777776, 0, 0, 0, 0, 0, 0, 13.122389793395996, 0.0009250640869140625], [0, 0, 0, 0.005151882767677307, 0, 0, 8, 3, 10, 0, 0, 0, 0, 1, 1, 2, 0, 0, 0, 2, 0, 0.2, 0, 0, 0, 0, 0, 0, -23.8772029876709, 0.0], [0, 0, 0, 0.025664031505584717, 0, 0, 8, 13, 20, 0, 0, 0, 0, 11, 1, 1, 0, 0, 0, 12, 0, 0.1, 0, 0, 0, 0, 0, 0, 13.215127944946289, 0.0009603500366210938], [1, 0, 1, 0.08288586139678955, 1, 0, 8, 6, 13, 1, 0, 1, 1, 2, 3, 2, 0, 0, 0, 5, 1, 0.5, 0, 0, 0, 0, 0, 0, -23.759033203125, 21.964599609375], [0, 0, 0, 0.10445846617221832, 0, 0, 8, 4, 11, 0, 0, 0, 0, 2, 1, 3, 0, 0, 0, 3, 0, 0.5, 0, 0, 0, 0, 0, 0, -8.27520751953125, 0.18427467346191406], [0, 0, 0, 0.01640862226486206, 0, 0, 8, 13, 20, 0, 0, 0, 0, 11, 1, 2, 0, 0, 0, 12, 0, 0.6, 0, 0, 0, 0, 0, 0, 13.141196250915527, 0.0009307861328125], [0, 0, 0, 0.017986655235290527, 0, 0, 8, 13, 20, 0, 0, 0, 0, 10, 2, 4, 0, 0, 0, 12, 0, 0.75, 0, 0, 0, 0, 0, 0, 3.8114893436431885, 5.864545822143555], [0, 0, 0, 0.00874510407447815, 0, 0, 8, 13, 20, 0, 0, 0, 0, 11, 1, 2, 0, 0, 0, 12, 0, 0.6, 0, 0, 0, 0, 0, 0, 13.141196250915527, 0.0009307861328125], [0, 0, 0, 0.06119942665100098, 0, 0, 8, 3, 10, 0, 0, 0, 0, 1, 1, 5, 0, 0, 0, 2, 0, 0.75, 0, 0, 0, 0, 0, 0, -23.8772029876709, 0.0], [0, 0, 0, 0.0005103051662445068, 0, 0, 8, 13, 20, 0, 0, 0, 0, 11, 1, 1, 0, 0, 0, 12, 0, 0.034482758620689655, 0, 0, 0, 0, 0, 0, 13.241032600402832, 0.0009737014770507812], [0, 0, 0, 0.005290865898132324, 0, 0, 8, 8, 15, 0, 0, 1, 0, 6, 1, 3, 0, 0, 0, 7, 0, 0.75, 0, 0, 0, 0, 0, 0, 7.7967729568481445, 0.003223896026611328], [0, 0, 0, 0.02003014087677002, 0, 0, 8, 4, 11, 0, 0, 0, 0, 2, 1, 5, 0, 0, 0, 3, 0, 0.6666666666666666, 0, 0, 0, 0, 0, 0, -8.27520751953125, 0.18427467346191406], [0, 0, 0, 0.049835383892059326, 0, 0, 8, 13, 20, 0, 0, 0, 0, 11, 1, 1, 0, 0, 0, 12, 0, 0.027777777777777776, 0, 0, 0, 0, 0, 0, 13.122389793395996, 0.0009250640869140625], [0, 0, 0, 0.044359803199768066, 0, 0, 8, 13, 20, 0, 0, 0, 0, 11, 1, 1, 0, 0, 0, 12, 0, 0.06451612903225806, 0, 0, 0, 0, 0, 0, 13.122389793395996, 0.0009250640869140625], [0, 0, 0, 0.08260980248451233, 0, 0, 8, 4, 11, 0, 0, 0, 0, 2, 1, 3, 0, 0, 0, 3, 0, 0.5, 0, 0, 0, 0, 0, 0, -8.27520751953125, 0.18427467346191406], [0, 0, 0, 0.025083988904953003, 0, 0, 8, 3, 10, 0, 0, 0, 0, 1, 1, 2, 0, 0, 0, 2, 0, 0.3333333333333333, 0, 0, 0, 0, 0, 0, -23.8772029876709, 0.0], [0, 0, 0, 0.025581836700439453, 0, 0, 8, 3, 10, 0, 0, 0, 0, 1, 1, 4, 0, 0, 0, 2, 0, 0.5, 0, 0, 0, 0, 0, 0, -23.8772029876709, 0.0], [0, 0, 0, 0.050126880407333374, 0, 0, 8, 12, 19, 0, 0, 0, 0, 10, 1, 1, 0, 0, 0, 11, 0, 0.017241379310344827, 0, 0, 0, 0, 0, 0, -12.527894973754883, 0.02441883087158203], [0, 0, 0, 0.1820659041404724, 0, 0, 8, 3, 10, 0, 0, 0, 0, 1, 1, 3, 0, 0, 0, 2, 0, 0.5, 0, 0, 0, 0, 0, 0, -23.8772029876709, 0.0], [0, 0, 0, 0.03202325105667114, 0, 0, 8, 7, 14, 0, 0, 0, 0, 5, 1, 3, 0, 0, 0, 6, 0, 0.8, 0, 0, 0, 0, 0, 0, 5.662449359893799, 0.004663944244384766], [0, 0, 0, 0.1421855092048645, 0, 0, 8, 5, 12, 0, 0, 0, 0, 3, 1, 4, 0, 0, 0, 4, 0, 0.5, 0, 0, 0, 0, 0, 0, -1.5111944675445557, 0.013864278793334961], [0, 0, 0, 0.0859268307685852, 0, 0, 8, 13, 20, 0, 0, 0, 0, 10, 2, 1, 0, 0, 0, 12, 0, 0.1, 0, 0, 0, 0, 0, 0, 9.66257095336914, 6.565374851226807], [0, 0, 0, 0.2799258530139923, 0, 0, 8, 3, 10, 0, 0, 0, 0, 1, 1, 4, 0, 0, 0, 2, 0, 0.8333333333333334, 0, 0, 0, 0, 0, 0, -23.8772029876709, 0.0], [0, 0, 0, 0.1740911602973938, 0, 0, 8, 8, 15, 0, 0, 0, 0, 6, 1, 3, 0, 0, 0, 7, 0, 0.3333333333333333, 0, 0, 0, 0, 0, 0, 7.787126064300537, 0.003208637237548828], [0, 0, 0, 0.011973321437835693, 0, 0, 8, 13, 20, 0, 0, 0, 0, 11, 1, 2, 0, 0, 0, 12, 0, 0.4, 0, 0, 0, 0, 0, 0, 13.222800254821777, 0.0009613037109375], [0, 0, 0, 0.05685222148895264, 0, 0, 8, 3, 10, 0, 0, 0, 0, 1, 1, 5, 0, 0, 0, 2, 0, 0.75, 0, 0, 0, 0, 0, 0, -23.8772029876709, 0.0], [0, 0, 0, 0.29235702753067017, 0, 0, 8, 3, 10, 0, 0, 0, 0, 1, 1, 4, 0, 0, 0, 2, 0, 0.6666666666666666, 0, 0, 0, 0, 0, 0, -23.8772029876709, 0.0], [0, 0, 0, 0.01576519012451172, 0, 0, 8, 13, 20, 0, 0, 0, 0, 11, 1, 1, 0, 0, 0, 12, 0, 0.4, 0, 0, 0, 0, 0, 0, 16.234588623046875, 12.628523826599121], [0, 0, 0, 0.010693937540054321, 0, 0, 8, 8, 15, 0, 0, 0, 0, 6, 1, 3, 0, 0, 0, 7, 0, 0.6, 0, 0, 0, 0, 0, 0, -15.0384521484375, 0.043349266052246094], [0, 0, 0, 0.04864734411239624, 0, 0, 8, 5, 12, 0, 0, 0, 0, 3, 1, 4, 0, 0, 0, 4, 0, 0.5, 0, 0, 0, 0, 0, 0, -1.5111944675445557, 0.013864278793334961], [0, 0, 0, 0.021229803562164307, 0, 0, 8, 5, 12, 0, 0, 0, 0, 3, 1, 3, 0, 0, 0, 4, 0, 0.6666666666666666, 0, 0, 0, 0, 0, 0, -1.5111944675445557, 0.013864278793334961], [1, 0, 1, 0.3097619414329529, 0, 0, 8, 4, 11, 1, 0, 1, 1, 2, 1, 3, 0, 0, 0, 3, 0, 0.5, 0, 0, 0, 0, 0, 0, -8.247661590576172, 0.18477249145507812], [0, 0, 0, 0.0013886690139770508, 0, 0, 8, 13, 20, 0, 0, 0, 0, 11, 1, 1, 0, 0, 0, 12, 0, 0.2, 0, 0, 0, 0, 0, 0, 7.2262797355651855, 0.021683692932128906], [0, 0, 0, 0.16956719756126404, 0, 0, 8, 13, 20, 0, 0, 0, 0, 11, 1, 2, 0, 0, 0, 12, 0, 0.16666666666666666, 0, 0, 0, 0, 0, 0, 13.144071578979492, 0.0009336471557617188], [0, 0, 0, 0.08334898948669434, 0, 0, 8, 13, 20, 0, 0, 0, 0, 11, 1, 1, 0, 0, 0, 12, 0, 0.1, 0, 0, 0, 0, 0, 0, 6.997570037841797, 0.03715372085571289], [0, 0, 0, 0.10795995593070984, 0, 0, 8, 3, 10, 0, 0, 0, 0, 1, 1, 2, 0, 0, 0, 2, 0, 0.2, 0, 0, 0, 0, 0, 0, -23.8772029876709, 0.0], [0, 0, 0, 0.05018508434295654, 0, 0, 8, 13, 20, 0, 0, 0, 0, 8, 3, 2, 0, 0, 0, 12, 0, 0.5, 0, 0, 0, 0, 0, 0, -3.364591121673584, 1.5555815696716309], [0, 0, 0, 0.008765757083892822, 0, 0, 8, 3, 10, 0, 0, 0, 0, 1, 1, 2, 0, 0, 0, 2, 0, 0.5, 0, 0, 0, 0, 0, 0, -23.8772029876709, 0.0], [0, 0, 0, 0.008157491683959961, 0, 0, 8, 13, 20, 0, 0, 0, 0, 9, 2, 1, 0, 0, 0, 12, 0, 0.75, 0, 0, 0, 0, 0, 0, -0.22114962339401245, 0.00164794921875], [0, 0, 0, 0.06090623140335083, 0, 0, 8, 3, 10, 0, 0, 0, 0, 1, 1, 4, 0, 0, 0, 2, 0, 0.6666666666666666, 0, 0, 0, 0, 0, 0, -23.8772029876709, 0.0], [0, 0, 0, 0.0510098934173584, 0, 0, 8, 5, 12, 0, 0, 0, 0, 3, 1, 1, 0, 0, 0, 4, 0, 0.3333333333333333, 0, 0, 0, 0, 0, 0, -1.5111944675445557, 0.013864278793334961], [0, 0, 0, 0.06646406650543213, 0, 0, 8, 3, 10, 0, 0, 0, 0, 1, 1, 2, 0, 0, 0, 2, 0, 0.5, 0, 0, 0, 0, 0, 0, -23.8772029876709, 0.0], [0, 0, 1, 0.07927551865577698, 0, 0, 8, 13, 20, 0, 0, 1, 1, 11, 1, 1, 0, 0, 0, 12, 0, 0.1, 0, 0, 0, 0, 0, 0, 13.121283531188965, 0.000926971435546875], [1, 0, 1, 0.006387650966644287, 0, 1, 8, 3, 10, 1, 0, 0, 0, 1, 1, 7, 0, 0, 0, 2, 0, 0.5, 0, 0, 1, 0, 0, 0, -8.432435035705566, 26.784923553466797], [1, 0, 1, 0.0913965106010437, 1, 0, 8, 4, 11, 1, 0, 1, 1, 2, 1, 4, 0, 0, 0, 3, 0, 0.8571428571428571, 0, 0, 0, 0, 0, 0, -8.247661590576172, 0.18477249145507812], [0, 0, 0, 0.10199087858200073, 0, 0, 8, 13, 20, 0, 0, 0, 0, 10, 2, 6, 0, 0, 0, 12, 0, 0.5, 0, 0, 0, 0, 0, 0, 9.783825874328613, 6.561123847961426], [0, 0, 0, 0.05859360098838806, 0, 0, 8, 13, 20, 0, 0, 0, 0, 11, 1, 1, 0, 0, 0, 12, 0, 0.017241379310344827, 0, 0, 0, 0, 0, 0, 13.218866348266602, 0.0009584426879882812], [1, 0, 1, 0.009670376777648926, 1, 0, 7, 13, 19, 1, 0, 1, 1, 3, 9, 6, 0, 0, 0, 12, 1, 0.8571428571428571, 0, 0, 0, 0, 0, 0, -8.364870071411133, 13.508651733398438], [0, 0, 0, 0.022390693426132202, 0, 0, 8, 7, 14, 0, 0, 0, 0, 4, 2, 2, 0, 0, 0, 6, 0, 0.2, 0, 0, 0, 0, 0, 0, -16.30172348022461, 13.434215545654297], [0, 0, 0, 0.03764355182647705, 0, 0, 8, 3, 10, 0, 0, 0, 0, 1, 1, 3, 0, 0, 0, 2, 0, 0.5, 0, 0, 0, 0, 0, 0, -23.8772029876709, 0.0], [0, 0, 0, 0.4956972151994705, 0, 0, 8, 3, 10, 0, 0, 0, 0, 1, 1, 2, 0, 0, 0, 2, 0, 0.2857142857142857, 0, 0, 0, 0, 0, 0, -23.8772029876709, 0.0], [0, 0, 0, 0.029014945030212402, 0, 0, 8, 4, 11, 0, 0, 0, 0, 2, 1, 6, 0, 0, 0, 3, 0, 0.6666666666666666, 0, 0, 0, 0, 0, 0, -8.27520751953125, 0.18427467346191406], [0, 0, 0, 0.08133220672607422, 0, 0, 8, 9, 16, 0, 0, 0, 0, 7, 1, 1, 0, 0, 0, 8, 0, 0.25, 0, 0, 0, 0, 0, 0, 3.5902299880981445, 0.06164360046386719], [0, 0, 0, 0.0022287964820861816, 0, 0, 8, 13, 20, 0, 0, 1, 0, 9, 2, 2, 0, 0, 0, 12, 0, 0.5, 0, 0, 0, 0, 0, 0, -0.19518667459487915, 0.007310271263122559], [0, 0, 0, 0.07567518949508667, 0, 0, 8, 10, 17, 0, 0, 0, 0, 8, 1, 4, 0, 0, 0, 9, 0, 0.6666666666666666, 0, 0, 0, 0, 0, 0, -11.748555183410645, 0.05997467041015625], [0, 0, 0, 0.05907618999481201, 0, 0, 8, 13, 20, 0, 0, 0, 0, 11, 1, 1, 0, 0, 0, 12, 0, 0.2, 0, 0, 0, 0, 0, 0, 13.063285827636719, 0.0009059906005859375], [1, 0, 0, 0.005560934543609619, 0, 0, 8, 10, 17, 1, 0, 1, 0, 5, 3, 2, 0, 0, 0, 9, 0, 0.5, 0, 0, 0, 0, 0, 0, -10.858120918273926, 2.1467370986938477], [0, 0, 1, 0.003541290760040283, 0, 0, 8, 5, 12, 0, 0, 1, 1, 2, 2, 4, 0, 0, 0, 4, 0, 0.6666666666666666, 0, 0, 0, 0, 0, 0, -9.409591674804688, 24.173358917236328], [0, 0, 0, 0.0594213604927063, 0, 0, 8, 13, 20, 0, 0, 0, 0, 11, 1, 1, 0, 0, 0, 12, 0, 0.2, 0, 0, 0, 0, 0, 0, 13.063285827636719, 0.0009059906005859375], [0, 0, 0, 0.01806241273880005, 0, 0, 8, 3, 10, 0, 0, 0, 0, 1, 1, 3, 0, 0, 0, 2, 0, 0.6666666666666666, 0, 0, 0, 0, 0, 0, -23.8772029876709, 0.0], [0, 0, 0, 0.11055025458335876, 0, 0, 8, 5, 12, 0, 0, 0, 0, 3, 1, 1, 0, 0, 0, 4, 0, 0.16129032258064516, 0, 0, 0, 0, 0, 0, -1.5111944675445557, 0.013864278793334961], [0, 0, 0, 0.015712201595306396, 0, 0, 8, 3, 10, 0, 0, 0, 0, 1, 1, 3, 0, 0, 0, 2, 0, 0.5, 0, 0, 0, 0, 0, 0, -23.8772029876709, 0.0], [0, 0, 0, 0.06119924783706665, 0, 0, 8, 3, 10, 0, 0, 0, 0, 1, 1, 5, 0, 0, 0, 2, 0, 0.75, 0, 0, 0, 0, 0, 0, -23.8772029876709, 0.0], [0, 0, 0, 0.03865751624107361, 0, 0, 8, 13, 20, 0, 0, 1, 0, 11, 1, 1, 0, 0, 0, 12, 0, 0.1111111111111111, 0, 0, 0, 0, 0, 0, 13.190439224243164, 0.0009508132934570312], [0, 0, 0, 0.24299415946006775, 0, 0, 8, 3, 10, 0, 0, 0, 0, 1, 1, 3, 0, 0, 0, 2, 0, 0.5, 0, 0, 0, 0, 0, 0, -23.8772029876709, 0.0], [0, 0, 0, 0.008745074272155762, 0, 0, 8, 3, 10, 0, 0, 0, 0, 1, 1, 1, 0, 0, 0, 2, 0, 0.4, 0, 0, 0, 0, 0, 0, -23.8772029876709, 0.0], [0, 0, 1, 0.013129174709320068, 0, 0, 8, 13, 20, 0, 0, 1, 0, 10, 2, 4, 0, 0, 0, 12, 0, 0.6666666666666666, 0, 0, 0, 0, 0, 0, 6.875668525695801, 5.975250244140625], [0, 0, 0, 0.1163855791091919, 0, 0, 8, 3, 10, 0, 0, 0, 0, 1, 1, 2, 0, 0, 0, 2, 0, 0.5, 0, 0, 0, 0, 0, 0, -23.8772029876709, 0.0], [0, 0, 0, 0.06547600030899048, 0, 0, 8, 13, 20, 0, 0, 0, 0, 11, 1, 1, 0, 0, 0, 12, 0, 0.2, 0, 0, 0, 0, 0, 0, 13.063285827636719, 0.0009059906005859375], [0, 0, 0, 0.13812953233718872, 0, 0, 8, 3, 10, 0, 0, 0, 0, 1, 1, 4, 0, 0, 0, 2, 0, 0.6666666666666666, 0, 0, 0, 0, 0, 0, -23.8772029876709, 0.0], [0, 0, 0, 0.0, 0, 0, 8, 13, 20, 0, 0, 0, 0, 11, 1, 2, 0, 0, 0, 12, 0, 0.5, 0, 0, 0, 0, 0, 0, 13.215127944946289, 0.0009603500366210938], [1, 0, 1, 0.01223522424697876, 0, 0, 8, 13, 20, 1, 0, 1, 1, 7, 5, 5, 0, 0, 0, 12, 0, 0.5, 0, 0, 0, 0, 0, 0, 0.8087018132209778, 10.4797945022583], [0, 0, 0, 0.12803882360458374, 0, 0, 8, 3, 10, 0, 0, 0, 0, 1, 1, 1, 0, 0, 0, 2, 0, 0.1111111111111111, 0, 0, 0, 0, 0, 0, -23.8772029876709, 0.0], [0, 0, 0, 0.00348469614982605, 0, 0, 8, 13, 20, 0, 0, 0, 0, 10, 2, 4, 0, 0, 0, 12, 0, 0.75, 0, 0, 0, 0, 0, 0, 6.695352554321289, 5.801414966583252], [0, 0, 0, 0.02729278802871704, 0, 0, 8, 4, 11, 0, 0, 0, 0, 2, 1, 3, 0, 0, 0, 3, 0, 0.5, 0, 0, 0, 0, 0, 0, -8.27520751953125, 0.18427467346191406], [0, 0, 0, 0.09848514199256897, 0, 0, 8, 3, 10, 0, 0, 0, 0, 1, 1, 5, 0, 0, 0, 2, 0, 0.6666666666666666, 0, 0, 0, 0, 0, 0, -23.8772029876709, 0.0], [0, 0, 0, 0.008335351943969727, 0, 0, 8, 12, 19, 0, 0, 1, 0, 8, 2, 1, 0, 0, 0, 11, 0, 0.75, 0, 0, 0, 0, 0, 0, -2.007080316543579, 0.02013540267944336], [0, 0, 0, 0.1646709442138672, 0, 0, 8, 13, 20, 0, 0, 0, 0, 11, 1, 2, 0, 0, 0, 12, 0, 0.16666666666666666, 0, 0, 0, 0, 0, 0, 13.144071578979492, 0.0009336471557617188], [0, 0, 0, 0.02311253547668457, 0, 0, 8, 9, 16, 0, 0, 0, 0, 7, 1, 3, 0, 0, 0, 8, 0, 0.3333333333333333, 0, 0, 0, 0, 0, 0, 9.402233123779297, 0.0023508071899414062], [0, 0, 0, 0.00026428699493408203, 0, 0, 8, 4, 11, 0, 0, 0, 0, 2, 1, 2, 0, 0, 0, 3, 0, 0.5, 0, 0, 0, 0, 0, 0, -8.27520751953125, 0.18427467346191406], [1, 0, 1, 0.3319028317928314, 0, 1, 8, 3, 10, 1, 0, 0, 0, 1, 1, 4, 0, 0, 0, 2, 0, 0.6, 0, 0, 1, 0, 0, 0, -8.432435035705566, 21.187076568603516], [0, 0, 0, 0.0765993595123291, 0, 0, 8, 3, 10, 0, 0, 0, 0, 1, 1, 3, 0, 0, 0, 2, 0, 0.6666666666666666, 0, 0, 0, 0, 0, 0, -23.8772029876709, 0.0], [1, 0, 0, 0.20585381984710693, 0, 0, 8, 5, 12, 1, 0, 0, 0, 3, 1, 4, 0, 0, 0, 4, 1, 0.75, 0, 0, 0, 0, 0, 0, -9.01268196105957, 0.09730148315429688], [0, 0, 0, 0.029648244380950928, 0, 0, 8, 13, 20, 0, 0, 0, 0, 11, 1, 1, 0, 0, 0, 12, 0, 0.4, 0, 0, 0, 0, 0, 0, 13.112896919250488, 0.000926971435546875], [0, 0, 0, 0.054957032203674316, 0, 0, 8, 3, 10, 0, 0, 0, 0, 1, 1, 2, 0, 0, 0, 2, 0, 0.75, 0, 0, 0, 0, 0, 0, -23.8772029876709, 0.0], [0, 0, 0, 0.08030307292938232, 0, 0, 8, 13, 20, 0, 0, 0, 0, 11, 1, 1, 0, 0, 0, 12, 0, 0.2, 0, 0, 0, 0, 0, 0, 13.063285827636719, 0.0009059906005859375], [0, 0, 0, 0.024623513221740723, 0, 0, 8, 13, 20, 0, 0, 0, 0, 11, 1, 5, 0, 0, 0, 12, 0, 0.5, 0, 0, 0, 0, 0, 0, 13.231354713439941, 0.0009670257568359375], [0, 0, 0, 0.038489729166030884, 0, 0, 8, 4, 11, 0, 0, 0, 0, 2, 1, 4, 0, 0, 0, 3, 0, 0.5, 0, 0, 0, 0, 0, 0, -8.27520751953125, 0.18427467346191406], [0, 0, 0, 0.0013065189123153687, 0, 0, 8, 3, 10, 0, 0, 0, 0, 1, 1, 3, 0, 0, 0, 2, 0, 0.5, 0, 0, 0, 0, 0, 0, -23.8772029876709, 0.0], [0, 0, 0, 0.07128867506980896, 0, 0, 8, 3, 10, 0, 0, 0, 0, 1, 1, 4, 0, 0, 0, 2, 0, 0.5, 0, 0, 0, 0, 0, 0, -23.8772029876709, 0.0], [0, 0, 0, 0.01843857765197754, 0, 0, 8, 13, 20, 0, 0, 0, 0, 9, 3, 2, 0, 0, 0, 12, 0, 0.2727272727272727, 0, 0, 0, 0, 0, 0, 6.571056365966797, 7.994476318359375], [0, 0, 0, 0.02454519271850586, 0, 0, 8, 13, 20, 0, 0, 0, 0, 11, 1, 1, 0, 0, 0, 12, 0, 0.4, 0, 0, 0, 0, 0, 0, 16.233007431030273, 12.622821807861328], [0, 0, 0, 0.03134956955909729, 0, 0, 8, 13, 20, 0, 0, 0, 0, 11, 1, 2, 0, 0, 0, 12, 0, 0.5, 0, 0, 0, 0, 0, 0, 13.215127944946289, 0.0009603500366210938], [0, 0, 0, 0.0032909512519836426, 0, 0, 8, 13, 20, 0, 0, 0, 0, 11, 1, 1, 0, 0, 0, 12, 0, 0.017241379310344827, 0, 0, 0, 0, 0, 0, 13.176047325134277, 0.0009489059448242188], [0, 0, 0, 0.018628835678100586, 0, 0, 8, 3, 10, 0, 0, 0, 0, 1, 1, 3, 0, 0, 0, 2, 0, 0.5, 0, 0, 0, 0, 0, 0, -23.8772029876709, 0.0], [0, 0, 0, 0.0063877105712890625, 0, 0, 7, 3, 9, 0, 0, 0, 0, 1, 1, 6, 0, 0, 0, 2, 0, 0.5, 0, 0, 0, 0, 0, 0, -23.8772029876709, 0.0], [0, 0, 0, 0.06119954586029053, 0, 0, 8, 3, 10, 0, 0, 0, 0, 1, 1, 5, 0, 0, 0, 2, 0, 0.75, 0, 0, 0, 0, 0, 0, -23.8772029876709, 0.0], [0, 0, 0, 0.003041088581085205, 0, 0, 8, 3, 10, 0, 0, 0, 0, 1, 1, 1, 0, 0, 0, 2, 0, 0.017241379310344827, 0, 0, 0, 0, 0, 0, -23.8772029876709, 0.0], [1, 0, 0, 0.1633813977241516, 0, 0, 8, 7, 14, 1, 0, 1, 0, 5, 1, 3, 0, 0, 0, 6, 1, 0.6666666666666666, 0, 0, 0, 0, 0, 0, -18.33785629272461, 0.05376625061035156], [0, 0, 0, 0.06345272064208984, 0, 0, 8, 3, 10, 0, 0, 0, 0, 1, 1, 1, 0, 0, 0, 2, 0, 0.13333333333333333, 0, 0, 0, 0, 0, 0, -23.8772029876709, 0.0], [1, 0, 1, 0.03596991300582886, 1, 0, 8, 7, 14, 1, 0, 1, 1, 3, 3, 5, 0, 0, 0, 6, 1, 0.5, 0, 0, 0, 0, 0, 0, -19.91937828063965, 15.411951065063477], [0, 0, 0, 0.08304595947265625, 0, 0, 8, 13, 20, 0, 0, 0, 0, 11, 1, 1, 0, 0, 0, 12, 0, 0.1, 0, 0, 0, 0, 0, 0, 13.121283531188965, 0.000926971435546875], [0, 0, 0, 0.048015445470809937, 0, 0, 8, 13, 20, 0, 0, 0, 0, 11, 1, 1, 0, 0, 0, 12, 0, 0.027777777777777776, 0, 0, 0, 0, 0, 0, 13.122389793395996, 0.0009250640869140625], [0, 0, 0, 0.08040589094161987, 0, 0, 8, 3, 10, 0, 0, 0, 0, 1, 1, 2, 0, 0, 0, 2, 0, 0.5, 0, 0, 0, 0, 0, 0, -23.8772029876709, 0.0], [0, 0, 0, 0.012035593390464783, 0, 0, 8, 3, 10, 0, 0, 0, 0, 1, 1, 3, 0, 0, 0, 2, 0, 0.5, 0, 0, 0, 0, 0, 0, -23.8772029876709, 0.0], [0, 0, 0, 0.04470488429069519, 0, 0, 8, 9, 16, 0, 0, 0, 0, 7, 1, 4, 0, 0, 0, 8, 0, 0.75, 0, 0, 0, 0, 0, 0, 9.402233123779297, 0.0023508071899414062], [1, 0, 0, 0.05678117275238037, 0, 0, 8, 13, 20, 1, 0, 0, 0, 9, 2, 3, 0, 0, 0, 12, 0, 0.75, 0, 0, 0, 0, 0, 0, -0.14807289838790894, 0.007358670234680176], [0, 0, 0, 0.03408503532409668, 0, 0, 8, 13, 20, 0, 0, 0, 0, 11, 1, 2, 0, 0, 0, 12, 0, 0.25, 0, 0, 0, 0, 0, 0, 13.193124771118164, 0.000949859619140625], [0, 0, 1, 0.055072277784347534, 0, 0, 8, 4, 11, 0, 0, 1, 1, 2, 1, 2, 0, 0, 0, 3, 0, 0.6666666666666666, 0, 0, 0, 0, 0, 0, -8.247661590576172, 0.18477249145507812], [0, 0, 0, 0.018158435821533203, 0, 0, 8, 4, 11, 0, 0, 0, 0, 2, 1, 2, 0, 0, 0, 3, 0, 0.5, 0, 0, 0, 0, 0, 0, -8.27520751953125, 0.18427467346191406], [0, 0, 0, 0.006437540054321289, 0, 0, 8, 4, 11, 0, 0, 0, 0, 2, 1, 4, 0, 0, 0, 3, 0, 0.6666666666666666, 0, 0, 0, 0, 0, 0, -8.27520751953125, 0.18427467346191406], [0, 0, 0, 0.10806000232696533, 0, 0, 8, 3, 10, 0, 0, 0, 0, 1, 1, 3, 0, 0, 0, 2, 0, 0.5, 0, 0, 0, 0, 0, 0, -23.8772029876709, 0.0], [0, 0, 0, 0.04978877305984497, 0, 0, 8, 4, 11, 0, 0, 0, 0, 2, 1, 2, 0, 0, 0, 3, 0, 0.5, 0, 0, 0, 0, 0, 0, -8.27520751953125, 0.18427467346191406], [0, 0, 0, 0.017178460955619812, 0, 0, 8, 12, 19, 0, 0, 0, 0, 10, 1, 2, 0, 0, 0, 11, 0, 0.16666666666666666, 0, 0, 0, 0, 0, 0, -2.4519059658050537, 11.849772453308105], [0, 0, 0, 0.027470529079437256, 0, 0, 8, 13, 20, 0, 0, 0, 0, 11, 1, 1, 0, 0, 0, 12, 0, 0.4, 0, 0, 0, 0, 0, 0, 13.112896919250488, 0.000926971435546875], [0, 0, 0, 0.04457956552505493, 0, 0, 8, 10, 17, 0, 0, 0, 0, 6, 2, 2, 0, 0, 0, 9, 0, 0.75, 0, 0, 0, 0, 0, 0, -6.91518497467041, 0.0049381256103515625], [0, 0, 0, 0.037260085344314575, 0, 0, 8, 7, 14, 0, 0, 0, 0, 5, 1, 3, 0, 0, 0, 6, 0, 0.5, 0, 0, 0, 0, 0, 0, 0.023779571056365967, 0.08928179740905762], [0, 0, 0, 0.021659448742866516, 0, 0, 8, 13, 20, 0, 0, 0, 0, 11, 1, 3, 0, 0, 0, 12, 0, 0.8, 0, 0, 0, 0, 0, 0, 13.222800254821777, 0.0009613037109375], [0, 0, 0, 0.09068495035171509, 0, 0, 8, 13, 20, 0, 0, 0, 0, 11, 1, 3, 0, 0, 0, 12, 0, 0.5, 0, 0, 0, 0, 0, 0, 13.231354713439941, 0.0009670257568359375], [0, 0, 0, 0.03622704744338989, 0, 0, 8, 7, 14, 0, 0, 0, 0, 5, 1, 1, 0, 0, 0, 6, 0, 0.3333333333333333, 0, 0, 0, 0, 0, 0, 5.662449359893799, 0.004663944244384766], [0, 0, 0, 0.02969992160797119, 0, 0, 8, 13, 20, 0, 0, 0, 0, 10, 2, 1, 0, 0, 0, 12, 0, 0.4, 0, 0, 0, 0, 0, 0, 9.674840927124023, 6.584207534790039], [0, 0, 0, 0.1588069200515747, 0, 0, 8, 3, 10, 0, 0, 0, 0, 1, 1, 4, 0, 0, 0, 2, 0, 0.5, 0, 0, 0, 0, 0, 0, -23.8772029876709, 0.0], [0, 0, 0, 0.0035152584314346313, 0, 0, 8, 13, 20, 0, 0, 0, 0, 11, 1, 3, 0, 0, 0, 12, 0, 0.8, 0, 0, 0, 0, 0, 0, 13.222800254821777, 0.0009613037109375], [0, 0, 0, 0.11313259601593018, 0, 0, 8, 4, 11, 0, 0, 0, 0, 2, 1, 1, 0, 0, 0, 3, 0, 0.5, 0, 0, 0, 0, 0, 0, -8.27520751953125, 0.18427467346191406], [0, 0, 0, 0.04545530676841736, 0, 0, 8, 13, 20, 0, 0, 0, 0, 11, 1, 1, 0, 0, 0, 12, 0, 0.027777777777777776, 0, 0, 0, 0, 0, 0, 13.122389793395996, 0.0009250640869140625], [0, 0, 0, 0.12953349947929382, 0, 0, 8, 6, 13, 0, 0, 0, 0, 2, 3, 3, 0, 0, 0, 5, 0, 0.3333333333333333, 0, 0, 0, 0, 0, 0, -9.683223724365234, 23.773120880126953], [0, 0, 0, 0.006141781806945801, 0, 0, 8, 6, 13, 0, 0, 1, 0, 4, 1, 3, 0, 0, 0, 5, 0, 0.6666666666666666, 0, 0, 0, 0, 0, 0, -14.603681564331055, 0.14032840728759766], [1, 0, 0, 0.21910449862480164, 0, 0, 8, 3, 10, 1, 0, 0, 0, 1, 1, 3, 0, 0, 0, 2, 0, 0.5, 0, 0, 0, 0, 0, 0, -23.8772029876709, 0.0], [0, 0, 0, 0.03283292055130005, 0, 0, 8, 8, 15, 0, 0, 0, 0, 6, 1, 1, 0, 0, 0, 7, 0, 0.3333333333333333, 0, 0, 0, 0, 0, 0, 7.787126064300537, 0.003208637237548828], [0, 0, 0, 0.12199538946151733, 0, 0, 8, 3, 10, 0, 0, 0, 0, 1, 1, 5, 0, 0, 0, 2, 0, 0.8571428571428571, 0, 0, 0, 0, 0, 0, -23.8772029876709, 0.0], [0, 0, 0, 0.05596029758453369, 0, 0, 8, 13, 20, 0, 0, 0, 0, 10, 2, 4, 0, 0, 0, 12, 0, 0.5, 0, 0, 0, 0, 0, 0, 9.708248138427734, 6.569040775299072], [0, 0, 0, 0.03088200092315674, 0, 0, 8, 13, 20, 0, 0, 0, 0, 10, 2, 1, 0, 0, 0, 12, 0, 0.4, 0, 0, 0, 0, 0, 0, 3.650693893432617, 5.709576606750488], [0, 0, 0, 0.048015445470809937, 0, 0, 8, 13, 20, 0, 0, 0, 0, 11, 1, 1, 0, 0, 0, 12, 0, 0.027777777777777776, 0, 0, 0, 0, 0, 0, 13.122389793395996, 0.0009250640869140625], [0, 0, 0, 0.05685222148895264, 0, 0, 8, 3, 10, 0, 0, 0, 0, 1, 1, 5, 0, 0, 0, 2, 0, 0.75, 0, 0, 0, 0, 0, 0, -23.8772029876709, 0.0], [0, 0, 0, 0.0293809175491333, 0, 0, 8, 13, 20, 0, 0, 0, 0, 8, 3, 2, 0, 0, 0, 12, 0, 0.5, 0, 0, 0, 0, 0, 0, -3.3540196418762207, 1.5388693809509277], [0, 0, 0, 0.010510653257369995, 0, 0, 8, 13, 20, 0, 0, 0, 0, 11, 1, 2, 0, 0, 0, 12, 0, 0.6, 0, 0, 0, 0, 0, 0, 13.141196250915527, 0.0009307861328125], [0, 0, 0, 0.23533391952514648, 0, 0, 8, 3, 10, 0, 0, 0, 0, 1, 1, 3, 0, 0, 0, 2, 0, 0.6666666666666666, 0, 0, 0, 0, 0, 0, -23.8772029876709, 0.0], [0, 0, 0, 0.07294335961341858, 0, 0, 8, 5, 12, 0, 0, 0, 0, 3, 1, 3, 0, 0, 0, 4, 0, 0.5, 0, 0, 0, 0, 0, 0, -1.5111944675445557, 0.013864278793334961], [0, 0, 0, 0.060613155364990234, 0, 0, 8, 13, 20, 0, 0, 0, 0, 9, 2, 3, 0, 0, 0, 12, 0, 0.6666666666666666, 0, 0, 0, 0, 0, 0, -5.285315990447998, 0.0035309791564941406], [0, 0, 0, 0.25104594230651855, 0, 0, 8, 3, 10, 0, 0, 0, 0, 1, 1, 4, 0, 0, 0, 2, 0, 0.5, 0, 0, 0, 0, 0, 0, -23.8772029876709, 0.0], [1, 0, 1, 0.020286113023757935, 0, 0, 8, 5, 12, 1, 0, 1, 1, 3, 1, 3, 0, 0, 0, 4, 1, 0.5, 0, 0, 0, 0, 0, 0, -1.4922235012054443, 0.013985872268676758], [0, 0, 0, 0.052461862564086914, 0, 0, 8, 13, 20, 0, 0, 0, 0, 11, 1, 1, 0, 0, 0, 12, 0, 0.2, 0, 0, 0, 0, 0, 0, 13.063285827636719, 0.0009059906005859375], [0, 0, 0, 0.010132193565368652, 0, 0, 8, 13, 20, 0, 0, 0, 0, 11, 1, 1, 0, 0, 0, 12, 0, 0.034482758620689655, 0, 0, 0, 0, 0, 0, 13.176047325134277, 0.0009489059448242188], [0, 0, 0, 0.048444896936416626, 0, 0, 8, 13, 20, 0, 0, 0, 0, 11, 1, 1, 0, 0, 0, 12, 0, 0.2, 0, 0, 0, 0, 0, 0, 13.063285827636719, 0.0009059906005859375], [0, 0, 0, 0.19636687636375427, 0, 0, 8, 7, 14, 0, 0, 0, 0, 5, 1, 3, 0, 0, 0, 6, 0, 0.5, 0, 0, 0, 0, 0, 0, -12.027193069458008, 0.08903694152832031], [0, 0, 0, 0.2039913535118103, 0, 0, 8, 4, 11, 0, 0, 0, 0, 2, 1, 2, 0, 0, 0, 3, 0, 0.3333333333333333, 0, 0, 0, 0, 0, 0, -8.27520751953125, 0.18427467346191406], [0, 0, 0, 0.04114258289337158, 0, 0, 8, 13, 20, 0, 0, 0, 0, 4, 4, 5, 0, 0, 0, 12, 0, 0.6666666666666666, 0, 0, 0, 0, 0, 0, -25.76096534729004, 1.5301551818847656], [0, 0, 0, 0.07486993074417114, 0, 0, 8, 13, 20, 0, 0, 0, 0, 10, 2, 4, 0, 0, 0, 12, 0, 0.6666666666666666, 0, 0, 0, 0, 0, 0, 9.810510635375977, 6.567677974700928], [0, 0, 0, 0.013016194105148315, 0, 0, 8, 3, 10, 0, 0, 0, 0, 1, 1, 4, 0, 0, 0, 2, 0, 0.6666666666666666, 0, 0, 0, 0, 0, 0, -23.8772029876709, 0.0], [0, 0, 0, 0.0016736090183258057, 0, 0, 8, 3, 10, 0, 0, 0, 0, 1, 1, 3, 0, 0, 0, 2, 0, 0.5, 0, 0, 0, 0, 0, 0, -23.8772029876709, 0.0], [0, 0, 0, 0.004962444305419922, 0, 0, 8, 3, 10, 0, 0, 0, 0, 1, 1, 4, 0, 0, 0, 2, 0, 0.5, 0, 0, 0, 0, 0, 0, -23.8772029876709, 0.0], [0, 0, 0, 0.010935753583908081, 0, 0, 8, 8, 15, 0, 0, 0, 0, 6, 1, 4, 0, 0, 0, 7, 0, 0.6, 0, 0, 0, 0, 0, 0, -10.663628578186035, 0.016198158264160156], [0, 0, 1, 0.027699708938598633, 0, 0, 8, 11, 18, 0, 0, 1, 0, 8, 2, 2, 0, 0, 0, 10, 0, 0.75, 0, 0, 0, 0, 0, 0, 4.04586935043335, 5.076490879058838], [0, 0, 0, 0.06505033373832703, 0, 0, 8, 13, 20, 0, 0, 0, 0, 11, 1, 1, 0, 0, 0, 12, 0, 0.017241379310344827, 0, 0, 0, 0, 0, 0, 13.218866348266602, 0.0009584426879882812], [0, 0, 0, 0.036184161901474, 0, 0, 8, 3, 10, 0, 0, 0, 0, 1, 1, 4, 0, 0, 0, 2, 0, 0.6666666666666666, 0, 0, 0, 0, 0, 0, -23.8772029876709, 0.0], [0, 0, 0, 0.03586721420288086, 0, 0, 8, 13, 20, 0, 0, 0, 0, 10, 2, 2, 0, 0, 0, 12, 0, 0.2727272727272727, 0, 0, 0, 0, 0, 0, 9.799345970153809, 6.572379112243652], [0, 0, 0, 0.028749823570251465, 0, 0, 8, 5, 12, 0, 0, 0, 0, 3, 1, 4, 0, 0, 0, 4, 0, 0.5, 0, 0, 0, 0, 0, 0, -1.5111944675445557, 0.013864278793334961], [0, 0, 0, 0.05685222148895264, 0, 0, 8, 3, 10, 0, 0, 0, 0, 1, 1, 5, 0, 0, 0, 2, 0, 0.75, 0, 0, 0, 0, 0, 0, -23.8772029876709, 0.0], [0, 0, 0, 0.006898313760757446, 0, 0, 8, 13, 20, 0, 0, 0, 0, 11, 1, 2, 0, 0, 0, 12, 0, 0.4, 0, 0, 0, 0, 0, 0, 13.241032600402832, 0.0009737014770507812], [0, 0, 0, 0.022410795092582703, 0, 0, 8, 3, 10, 0, 0, 0, 0, 1, 1, 4, 0, 0, 0, 2, 0, 0.5, 0, 0, 0, 0, 0, 0, -23.8772029876709, 0.0], [0, 0, 0, 0.03390595316886902, 0, 0, 8, 6, 13, 0, 0, 0, 0, 4, 1, 3, 0, 0, 0, 5, 0, 0.5, 0, 0, 0, 0, 0, 0, -14.622296333312988, 0.14033985137939453], [0, 0, 0, 0.1708064079284668, 0, 0, 8, 3, 10, 0, 0, 0, 0, 1, 1, 4, 0, 0, 0, 2, 0, 0.6, 0, 0, 0, 0, 0, 0, -23.8772029876709, 0.0], [1, 0, 1, 0.2877500653266907, 0, 0, 8, 8, 15, 1, 0, 1, 1, 4, 3, 3, 0, 0, 0, 7, 0, 0.5, 0, 0, 0, 0, 0, 0, -18.734161376953125, 13.5982666015625], [0, 0, 0, 0.056381046772003174, 0, 0, 8, 13, 20, 0, 0, 0, 0, 11, 1, 1, 0, 0, 0, 12, 0, 0.2, 0, 0, 0, 0, 0, 0, 13.063285827636719, 0.0009059906005859375], [1, 0, 1, 0.13303494453430176, 0, 0, 8, 4, 11, 1, 0, 1, 1, 2, 1, 3, 0, 0, 0, 3, 0, 0.3333333333333333, 0, 0, 0, 0, 0, 0, -8.247661590576172, 0.18477249145507812], [0, 0, 0, 0.00881105661392212, 0, 0, 8, 13, 20, 0, 0, 0, 0, 11, 1, 2, 0, 0, 0, 12, 0, 0.6, 0, 0, 0, 0, 0, 0, 13.141196250915527, 0.0009307861328125], [0, 0, 0, 0.05818885564804077, 0, 0, 8, 13, 20, 0, 0, 0, 0, 10, 2, 1, 0, 0, 0, 12, 0, 0.027777777777777776, 0, 0, 0, 0, 0, 0, 9.679947853088379, 6.579940319061279], [0, 0, 0, 0.0027728676795959473, 0, 0, 8, 7, 14, 0, 0, 0, 0, 5, 1, 5, 0, 0, 0, 6, 0, 0.6666666666666666, 0, 0, 0, 0, 0, 0, 5.662449359893799, 0.004663944244384766], [0, 0, 0, 0.1779860258102417, 0, 0, 8, 3, 10, 0, 0, 0, 0, 1, 1, 2, 0, 0, 0, 2, 0, 0.5, 0, 0, 0, 0, 0, 0, -23.8772029876709, 0.0], [0, 0, 0, 0.11947935819625854, 0, 0, 8, 3, 10, 0, 0, 0, 0, 1, 1, 2, 0, 0, 0, 2, 0, 0.3333333333333333, 0, 0, 0, 0, 0, 0, -23.8772029876709, 0.0], [0, 0, 0, 0.3149440884590149, 0, 0, 8, 4, 11, 0, 0, 0, 0, 1, 2, 3, 0, 0, 0, 3, 0, 0.5, 0, 0, 0, 0, 0, 0, -29.61951446533203, 0.0], [0, 0, 0, 0.06571495532989502, 0, 0, 8, 13, 20, 0, 0, 0, 0, 9, 2, 4, 0, 0, 0, 12, 0, 0.5, 0, 0, 0, 0, 0, 0, -0.26128536462783813, 0.012297391891479492], [0, 0, 0, 0.1087154746055603, 0, 0, 8, 4, 11, 0, 0, 0, 0, 2, 1, 4, 0, 0, 0, 3, 0, 0.6, 0, 0, 0, 0, 0, 0, -8.27520751953125, 0.18427467346191406], [0, 0, 0, 0.5246809720993042, 0, 0, 8, 3, 10, 0, 0, 0, 0, 1, 1, 2, 0, 0, 0, 2, 0, 0.5454545454545454, 0, 0, 0, 0, 0, 0, -23.8772029876709, 0.0], [0, 0, 0, 0.10316672921180725, 0, 0, 8, 3, 10, 0, 0, 0, 0, 1, 1, 3, 0, 0, 0, 2, 0, 0.5, 0, 0, 0, 0, 0, 0, -23.8772029876709, 0.0], [0, 0, 0, 0.0611993670463562, 0, 0, 8, 3, 10, 0, 0, 0, 0, 1, 1, 5, 0, 0, 0, 2, 0, 0.75, 0, 0, 0, 0, 0, 0, -23.8772029876709, 0.0], [0, 0, 0, 0.0066184401512146, 0, 0, 8, 13, 20, 0, 0, 0, 0, 11, 1, 1, 0, 0, 0, 12, 0, 0.017241379310344827, 0, 0, 0, 0, 0, 0, 13.176047325134277, 0.0009489059448242188], [0, 0, 0, 0.0237424373626709, 0, 0, 8, 13, 20, 0, 0, 0, 0, 9, 3, 1, 0, 0, 0, 12, 0, 0.25, 0, 0, 0, 0, 0, 0, 6.510802268981934, 7.998203754425049], [0, 0, 0, 0.08145302534103394, 0, 0, 8, 3, 10, 0, 0, 0, 0, 1, 1, 5, 0, 0, 0, 2, 0, 0.5, 0, 0, 0, 0, 0, 0, -23.8772029876709, 0.0], [0, 0, 0, 0.04394257068634033, 0, 0, 8, 7, 14, 0, 0, 0, 0, 4, 2, 3, 0, 0, 0, 6, 0, 0.4, 0, 0, 0, 0, 0, 0, -0.3439505696296692, 13.547990798950195], [1, 0, 1, 0.21785515546798706, 0, 0, 8, 4, 11, 1, 0, 1, 1, 2, 1, 4, 0, 0, 0, 3, 1, 0.75, 0, 0, 0, 0, 0, 0, -8.247661590576172, 0.18477249145507812], [0, 0, 0, 0.03238821029663086, 0, 0, 8, 12, 19, 0, 0, 0, 0, 8, 3, 2, 0, 0, 0, 11, 0, 0.75, 0, 0, 0, 0, 0, 0, 0.20001739263534546, 8.042969703674316], [0, 0, 0, 0.02489304542541504, 0, 0, 8, 13, 20, 0, 0, 0, 0, 11, 1, 2, 0, 0, 0, 12, 0, 0.5, 0, 0, 0, 0, 0, 0, 13.195902824401855, 0.00095367431640625], [0, 0, 0, 0.04298323392868042, 0, 0, 8, 3, 10, 0, 0, 0, 0, 1, 1, 5, 0, 0, 0, 2, 0, 0.5, 0, 0, 0, 0, 0, 0, -23.8772029876709, 0.0], [0, 0, 0, 0.01048511266708374, 0, 0, 8, 3, 10, 0, 0, 0, 0, 1, 1, 1, 0, 0, 0, 2, 0, 0.1, 0, 0, 0, 0, 0, 0, -23.8772029876709, 0.0], [1, 0, 0, 0.11952406167984009, 0, 0, 8, 6, 13, 1, 0, 0, 0, 3, 2, 2, 0, 0, 0, 5, 0, 0.5384615384615384, 0, 0, 0, 0, 0, 0, -19.941091537475586, 14.686460494995117], [0, 0, 0, 0.19426196813583374, 0, 0, 8, 3, 10, 0, 0, 0, 0, 1, 1, 5, 0, 0, 0, 2, 0, 0.6666666666666666, 0, 0, 0, 0, 0, 0, -28.604970932006836, 0.0], [0, 0, 0, 0.0736437439918518, 0, 0, 8, 13, 20, 0, 0, 0, 0, 10, 2, 1, 0, 0, 0, 12, 0, 0.1, 0, 0, 0, 0, 0, 0, 9.663333892822266, 6.568329811096191], [0, 0, 0, 0.03973793983459473, 0, 0, 8, 13, 20, 0, 0, 0, 0, 11, 1, 2, 0, 0, 0, 12, 0, 0.4, 0, 0, 0, 0, 0, 0, 13.241032600402832, 0.0009737014770507812], [1, 0, 0, 0.0, 0, 0, 8, 4, 11, 1, 0, 0, 0, 1, 2, 6, 0, 0, 0, 3, 0, 0.6666666666666666, 0, 0, 0, 0, 0, 0, -29.61951446533203, 0.0], [0, 0, 0, 0.02418665587902069, 0, 0, 8, 10, 17, 0, 0, 0, 0, 8, 1, 2, 0, 0, 0, 9, 0, 0.5454545454545454, 0, 0, 0, 0, 0, 0, 10.671062469482422, 0.0018014907836914062], [0, 0, 0, 0.028606414794921875, 0, 0, 8, 13, 20, 0, 0, 0, 0, 10, 2, 1, 0, 0, 0, 12, 0, 0.3333333333333333, 0, 0, 0, 0, 0, 0, 9.72876262664795, 6.573373794555664], [1, 0, 1, 0.03596991300582886, 1, 0, 8, 7, 14, 1, 0, 1, 1, 3, 3, 5, 0, 0, 0, 6, 1, 0.5, 0, 0, 0, 0, 0, 0, -19.91937828063965, 15.411951065063477], [0, 0, 0, 0.0637960135936737, 0, 0, 8, 9, 16, 0, 0, 0, 0, 7, 1, 2, 0, 0, 0, 8, 0, 0.8, 0, 0, 0, 0, 0, 0, 9.402233123779297, 0.0023508071899414062], [0, 0, 0, 5.130469799041748e-05, 0, 0, 8, 13, 20, 0, 0, 0, 0, 11, 1, 1, 0, 0, 0, 12, 0, 0.09090909090909091, 0, 0, 0, 0, 0, 0, 13.241032600402832, 0.0009737014770507812], [0, 0, 0, 0.03564417362213135, 0, 0, 8, 13, 20, 0, 0, 0, 0, 11, 1, 1, 0, 0, 0, 12, 0, 0.1111111111111111, 0, 0, 0, 0, 0, 0, 13.190439224243164, 0.0009508132934570312], [0, 0, 0, 0.2694503664970398, 0, 0, 8, 12, 19, 0, 0, 0, 0, 5, 6, 3, 0, 0, 0, 11, 0, 0.5, 0, 0, 0, 0, 0, 0, -3.488752841949463, 12.579887390136719], [0, 0, 0, 0.11725670099258423, 0, 0, 8, 3, 10, 0, 0, 0, 0, 1, 1, 1, 0, 0, 0, 2, 0, 0.3, 0, 0, 0, 0, 0, 0, -23.8772029876709, 0.0], [0, 0, 0, 0.00720900297164917, 0, 0, 8, 10, 17, 0, 0, 0, 0, 8, 1, 5, 0, 0, 0, 9, 0, 0.75, 0, 0, 0, 0, 0, 0, -13.435162544250488, 0.052326202392578125], [0, 0, 0, 0.03125569224357605, 0, 0, 8, 13, 20, 0, 0, 0, 0, 10, 2, 1, 0, 0, 0, 12, 0, 0.017241379310344827, 0, 0, 0, 0, 0, 0, 9.780498504638672, 6.569773197174072], [1, 0, 0, 0.0073372721672058105, 0, 0, 8, 13, 20, 1, 0, 1, 0, 10, 2, 1, 0, 0, 0, 12, 0, 0.1111111111111111, 0, 0, 0, 0, 0, 0, 9.748905181884766, 6.573540687561035], [0, 0, 0, 0.1258268654346466, 0, 0, 8, 3, 10, 0, 0, 0, 0, 1, 1, 3, 0, 0, 0, 2, 0, 0.5, 0, 0, 0, 0, 0, 0, -23.8772029876709, 0.0], [1, 0, 1, 0.047424256801605225, 1, 0, 8, 10, 17, 1, 0, 1, 1, 7, 2, 1, 0, 0, 0, 9, 1, 0.5, 0, 0, 0, 0, 0, 0, 6.27010440826416, 8.843463897705078], [0, 0, 0, 0.11945652961730957, 0, 0, 8, 4, 11, 0, 0, 0, 0, 2, 1, 5, 0, 0, 0, 3, 0, 0.8571428571428571, 0, 0, 0, 0, 0, 0, -8.27520751953125, 0.18427467346191406], [0, 0, 0, 0.0025690793991088867, 0, 0, 8, 13, 20, 0, 0, 1, 0, 8, 2, 5, 0, 0, 0, 12, 0, 0.6666666666666666, 0, 0, 0, 0, 0, 0, -10.272605895996094, 0.0005407333374023438], [0, 0, 0, 0.03176462650299072, 0, 0, 8, 13, 20, 0, 0, 0, 0, 11, 1, 1, 0, 0, 0, 12, 0, 0.4, 0, 0, 0, 0, 0, 0, 7.07079553604126, 0.021589279174804688], [0, 0, 0, 0.0831599235534668, 0, 0, 8, 3, 10, 0, 0, 0, 0, 1, 1, 1, 0, 0, 0, 2, 0, 0.25, 0, 0, 0, 0, 0, 0, -23.8772029876709, 0.0], [0, 0, 0, 0.08983391523361206, 0, 0, 8, 3, 10, 0, 0, 0, 0, 1, 1, 4, 0, 0, 0, 2, 0, 0.5, 0, 0, 0, 0, 0, 0, -23.8772029876709, 0.0], [0, 0, 0, 0.12927299737930298, 0, 0, 8, 4, 11, 0, 0, 0, 0, 2, 1, 2, 0, 0, 0, 3, 0, 0.5, 0, 0, 0, 0, 0, 0, -8.27520751953125, 0.18427467346191406], [0, 0, 0, 0.10290563106536865, 0, 0, 8, 5, 12, 0, 0, 0, 0, 2, 2, 4, 0, 0, 0, 4, 0, 0.6666666666666666, 0, 0, 0, 0, 0, 0, -9.269610404968262, 24.349857330322266], [0, 0, 0, 0.05255335569381714, 0, 0, 8, 4, 11, 0, 0, 0, 0, 2, 1, 1, 0, 0, 0, 3, 0, 0.2727272727272727, 0, 0, 0, 0, 0, 0, -8.27520751953125, 0.18427467346191406], [0, 0, 0, 0.08027422428131104, 0, 0, 8, 3, 10, 0, 0, 0, 0, 1, 1, 3, 0, 0, 0, 2, 0, 0.4, 0, 0, 0, 0, 0, 0, -23.8772029876709, 0.0], [0, 0, 0, 0.03668636083602905, 0, 0, 8, 10, 17, 0, 0, 0, 0, 8, 1, 4, 0, 0, 0, 9, 0, 0.6666666666666666, 0, 0, 0, 0, 0, 0, -11.748555183410645, 0.05997467041015625], [0, 0, 0, 0.012050658464431763, 0, 0, 8, 10, 17, 0, 0, 0, 0, 8, 1, 2, 0, 0, 0, 9, 0, 0.5, 0, 0, 0, 0, 0, 0, -11.748555183410645, 0.05997467041015625], [0, 0, 0, 0.08785712718963623, 0, 0, 8, 8, 15, 0, 0, 0, 0, 5, 2, 4, 0, 0, 0, 7, 0, 0.6666666666666666, 0, 0, 0, 0, 0, 0, -15.20542049407959, 11.032881736755371], [0, 0, 0, 0.030770421028137207, 0, 0, 8, 10, 17, 0, 0, 0, 0, 8, 1, 4, 0, 0, 0, 9, 0, 0.6666666666666666, 0, 0, 0, 0, 0, 0, -11.748555183410645, 0.05997467041015625], [0, 0, 0, 0.10737371444702148, 0, 0, 8, 13, 20, 0, 0, 0, 0, 11, 1, 1, 0, 0, 0, 12, 0, 0.5, 0, 0, 0, 0, 0, 0, 13.204909324645996, 0.0009565353393554688], [0, 0, 0, 0.1053338348865509, 0, 0, 8, 10, 17, 0, 0, 0, 0, 7, 2, 4, 0, 0, 0, 9, 0, 0.5, 0, 0, 0, 0, 0, 0, -18.35373878479004, 7.678947448730469], [0, 0, 0, 0.23872637748718262, 0, 0, 8, 5, 12, 0, 0, 0, 0, 3, 1, 5, 0, 0, 0, 4, 0, 0.75, 0, 0, 0, 0, 0, 0, -1.5111944675445557, 0.013864278793334961], [0, 0, 0, 0.01711905002593994, 0, 0, 8, 3, 10, 0, 0, 0, 0, 1, 1, 5, 0, 0, 0, 2, 0, 0.6666666666666666, 0, 0, 0, 0, 0, 0, -23.8772029876709, 0.0], [0, 0, 0, 0.05685216188430786, 0, 0, 8, 3, 10, 0, 0, 0, 0, 1, 1, 5, 0, 0, 0, 2, 0, 0.75, 0, 0, 0, 0, 0, 0, -23.8772029876709, 0.0], [0, 0, 0, 0.04378354549407959, 0, 0, 8, 9, 16, 0, 0, 0, 0, 7, 1, 4, 0, 0, 0, 8, 0, 0.5, 0, 0, 0, 0, 0, 0, 3.675802707672119, 0.07086896896362305], [0, 0, 0, 0.06009155511856079, 0, 0, 8, 13, 20, 0, 0, 0, 0, 11, 1, 1, 0, 0, 0, 12, 0, 0.2, 0, 0, 0, 0, 0, 0, 13.063285827636719, 0.0009059906005859375], [0, 0, 0, 0.10023288428783417, 0, 0, 8, 7, 14, 0, 0, 0, 0, 5, 1, 2, 0, 0, 0, 6, 0, 0.5, 0, 0, 0, 0, 0, 0, -12.8487548828125, 0.02072429656982422], [0, 0, 0, 0.060264766216278076, 0, 0, 8, 13, 20, 0, 0, 1, 0, 7, 3, 3, 0, 0, 0, 12, 0, 0.8, 0, 0, 0, 0, 0, 0, -13.381697654724121, 1.5092897415161133], [0, 0, 0, 0.1938771903514862, 0, 0, 8, 3, 10, 0, 0, 0, 0, 1, 1, 3, 0, 0, 0, 2, 0, 0.5, 0, 0, 0, 0, 0, 0, -23.8772029876709, 0.0], [0, 0, 0, 0.03328382968902588, 0, 0, 8, 4, 11, 0, 0, 0, 0, 2, 1, 2, 0, 0, 0, 3, 0, 0.5, 0, 0, 0, 0, 0, 0, -8.27520751953125, 0.18427467346191406], [0, 0, 0, 0.04162973165512085, 0, 0, 8, 13, 20, 0, 0, 0, 0, 11, 1, 2, 0, 0, 0, 12, 0, 0.3333333333333333, 0, 0, 0, 0, 0, 0, 13.231354713439941, 0.0009670257568359375], [0, 0, 0, 0.01505422592163086, 0, 0, 8, 3, 10, 0, 0, 0, 0, 1, 1, 4, 0, 0, 0, 2, 0, 0.3333333333333333, 0, 0, 0, 0, 0, 0, -23.8772029876709, 0.0], [0, 0, 0, 0.06475856900215149, 0, 0, 8, 3, 10, 0, 0, 0, 0, 1, 1, 3, 0, 0, 0, 2, 0, 0.5, 0, 0, 0, 0, 0, 0, -23.8772029876709, 0.0], [0, 0, 0, 0.01353543996810913, 0, 0, 8, 13, 20, 0, 0, 0, 0, 9, 2, 5, 0, 0, 0, 12, 0, 0.6666666666666666, 0, 0, 0, 0, 0, 0, -0.20211166143417358, 0.0025529861450195312], [0, 0, 0, 0.0325930118560791, 0, 0, 8, 3, 10, 0, 0, 0, 0, 1, 1, 1, 0, 0, 0, 2, 0, 0.25, 0, 0, 0, 0, 0, 0, -23.8772029876709, 0.0], [0, 0, 0, 0.1505521833896637, 0, 0, 8, 3, 10, 0, 0, 0, 0, 1, 1, 3, 0, 0, 0, 2, 0, 0.3333333333333333, 0, 0, 0, 0, 0, 0, -28.604970932006836, 0.0], [0, 0, 0, 0.025376617908477783, 0, 0, 8, 13, 20, 0, 0, 0, 0, 11, 1, 2, 0, 0, 0, 12, 0, 0.4, 0, 0, 0, 0, 0, 0, 13.215127944946289, 0.0009603500366210938], [0, 0, 0, 0.18379837274551392, 0, 0, 8, 6, 13, 0, 0, 0, 0, 4, 1, 4, 0, 0, 0, 5, 0, 0.75, 0, 0, 0, 0, 0, 0, 2.7437801361083984, 0.007445335388183594], [0, 0, 0, 0.002664715051651001, 0, 0, 8, 4, 11, 0, 0, 0, 0, 2, 1, 1, 0, 0, 0, 3, 0, 0.25, 0, 0, 0, 0, 0, 0, -8.27520751953125, 0.18427467346191406], [0, 0, 0, 0.05986058712005615, 0, 0, 8, 4, 11, 0, 0, 0, 0, 2, 1, 2, 0, 0, 0, 3, 0, 0.5, 0, 0, 0, 0, 0, 0, -8.27520751953125, 0.18427467346191406], [0, 0, 0, 0.02482748031616211, 0, 0, 8, 4, 11, 0, 0, 0, 0, 2, 1, 3, 0, 0, 0, 3, 0, 0.5, 0, 0, 0, 0, 0, 0, -8.27520751953125, 0.18427467346191406], [0, 0, 0, 0.010500669479370117, 0, 0, 8, 13, 20, 0, 0, 0, 0, 11, 1, 1, 0, 0, 0, 12, 0, 0.14285714285714285, 0, 0, 0, 0, 0, 0, 13.195902824401855, 0.00095367431640625], [0, 0, 0, 0.029193013906478882, 0, 0, 8, 3, 10, 0, 0, 0, 0, 1, 1, 5, 0, 0, 0, 2, 0, 0.6666666666666666, 0, 0, 0, 0, 0, 0, -23.8772029876709, 0.0], [0, 0, 0, 0.047809064388275146, 0, 0, 8, 5, 12, 0, 0, 0, 0, 2, 2, 3, 0, 0, 0, 4, 0, 0.5, 0, 0, 0, 0, 0, 0, -9.269610404968262, 24.349857330322266], [0, 0, 0, 0.08564585447311401, 0, 0, 8, 4, 11, 0, 0, 0, 0, 2, 1, 4, 0, 0, 0, 3, 0, 0.6666666666666666, 0, 0, 0, 0, 0, 0, -8.27520751953125, 0.18427467346191406], [0, 0, 0, 0.018062353134155273, 0, 0, 8, 3, 10, 0, 0, 0, 0, 1, 1, 3, 0, 0, 0, 2, 0, 0.6666666666666666, 0, 0, 0, 0, 0, 0, -23.8772029876709, 0.0], [1, 0, 0, 0.02841472625732422, 0, 0, 8, 13, 20, 1, 0, 0, 0, 11, 1, 1, 0, 0, 0, 12, 0, 0.4, 0, 0, 0, 0, 0, 0, 13.112896919250488, 0.000926971435546875], [0, 0, 0, 0.017757147550582886, 0, 0, 8, 4, 11, 0, 0, 0, 0, 2, 1, 3, 0, 0, 0, 3, 0, 0.3333333333333333, 0, 0, 0, 0, 0, 0, -8.27520751953125, 0.18427467346191406], [0, 0, 0, 0.1007114052772522, 0, 0, 8, 13, 20, 0, 0, 0, 0, 7, 3, 3, 0, 0, 0, 12, 0, 0.75, 0, 0, 0, 0, 0, 0, -13.347944259643555, 1.51470947265625], [0, 0, 0, 0.0057639479637146, 0, 0, 8, 9, 16, 0, 0, 0, 0, 7, 1, 3, 0, 0, 0, 8, 0, 0.3333333333333333, 0, 0, 0, 0, 0, 0, 9.402233123779297, 0.0023508071899414062], [1, 0, 1, 0.06289607286453247, 1, 0, 8, 6, 13, 1, 0, 1, 1, 3, 2, 3, 0, 0, 0, 5, 0, 0.5, 0, 0, 0, 0, 0, 0, -4.050057888031006, 16.451047897338867], [0, 0, 0, 0.07017552852630615, 0, 0, 8, 7, 14, 0, 0, 0, 0, 5, 1, 1, 0, 0, 0, 6, 0, 0.125, 0, 0, 0, 0, 0, 0, 5.662449359893799, 0.004663944244384766], [0, 0, 0, 0.16039884090423584, 0, 0, 8, 13, 20, 0, 0, 0, 0, 11, 1, 2, 0, 0, 0, 12, 0, 0.16666666666666666, 0, 0, 0, 0, 0, 0, 7.131717205047607, 0.021632671356201172], [0, 0, 0, 0.018062353134155273, 0, 0, 8, 3, 10, 0, 0, 0, 0, 1, 1, 3, 0, 0, 0, 2, 0, 0.6666666666666666, 0, 0, 0, 0, 0, 0, -23.8772029876709, 0.0], [1, 0, 1, 0.16215908527374268, 1, 0, 8, 9, 16, 1, 0, 1, 1, 5, 3, 1, 0, 0, 0, 8, 0, 0.6666666666666666, 0, 0, 0, 0, 0, 0, 0.2452678084373474, 12.26416015625], [0, 0, 0, 0.05685222148895264, 0, 0, 8, 3, 10, 0, 0, 0, 0, 1, 1, 5, 0, 0, 0, 2, 0, 0.75, 0, 0, 0, 0, 0, 0, -23.8772029876709, 0.0], [0, 0, 0, 0.007106661796569824, 0, 0, 8, 3, 10, 0, 0, 0, 0, 1, 1, 2, 0, 0, 0, 2, 0, 0.16666666666666666, 0, 0, 0, 0, 0, 0, -23.8772029876709, 0.0], [0, 0, 0, 0.07993808388710022, 0, 0, 8, 4, 11, 0, 0, 0, 0, 2, 1, 5, 0, 0, 0, 3, 0, 0.6666666666666666, 0, 0, 0, 0, 0, 0, -8.27520751953125, 0.18427467346191406], [0, 0, 0, 0.0762261152267456, 0, 0, 8, 13, 20, 0, 1, 0, 0, 7, 5, 3, 0, 0, 0, 12, 0, 0.6666666666666666, 0, 0, 0, 0, 0, 0, 0.7160910964012146, 10.453739166259766], [0, 0, 0, 0.016099005937576294, 0, 0, 8, 13, 20, 0, 0, 0, 0, 11, 1, 2, 0, 0, 0, 12, 0, 0.5, 0, 0, 0, 0, 0, 0, 13.165794372558594, 0.0009441375732421875], [0, 0, 0, 0.011293590068817139, 0, 0, 8, 5, 12, 0, 0, 0, 0, 3, 1, 3, 0, 0, 0, 4, 0, 0.3333333333333333, 0, 0, 0, 0, 0, 0, -1.5111944675445557, 0.013864278793334961], [0, 0, 0, 0.03979212045669556, 0, 0, 8, 12, 19, 0, 0, 0, 0, 8, 3, 2, 0, 0, 0, 11, 0, 0.75, 0, 0, 0, 0, 0, 0, 1.1592485904693604, 3.912407159805298], [0, 0, 0, 0.0027865171432495117, 0, 0, 8, 5, 12, 0, 0, 0, 0, 3, 1, 3, 0, 0, 0, 4, 0, 0.5, 0, 0, 0, 0, 0, 0, -1.5111944675445557, 0.013864278793334961], [0, 0, 0, 0.2003110647201538, 0, 0, 8, 3, 10, 0, 0, 0, 0, 1, 1, 3, 0, 0, 0, 2, 0, 0.3333333333333333, 0, 0, 0, 0, 0, 0, -23.8772029876709, 0.0], [1, 0, 0, 0.0046152472496032715, 0, 0, 8, 13, 20, 1, 0, 0, 0, 10, 2, 2, 0, 0, 0, 12, 0, 0.75, 0, 0, 0, 0, 0, 0, 9.747549057006836, 6.573052406311035], [0, 0, 0, 0.030676335096359253, 0, 0, 8, 9, 16, 0, 0, 0, 0, 7, 1, 3, 0, 0, 0, 8, 0, 0.5, 0, 0, 0, 0, 0, 0, 9.402233123779297, 0.0023508071899414062], [0, 0, 0, 0.07293987274169922, 0, 0, 8, 11, 18, 0, 0, 0, 0, 9, 1, 1, 0, 0, 0, 10, 0, 0.5, 0, 0, 0, 0, 0, 0, 11.693953514099121, 0.0014286041259765625], [0, 0, 0, 0.003413081169128418, 0, 0, 8, 3, 10, 0, 0, 0, 0, 1, 1, 1, 0, 0, 0, 2, 0, 0.25, 0, 0, 0, 0, 0, 0, -23.8772029876709, 0.0], [1, 0, 0, 0.03315252065658569, 0, 0, 8, 13, 20, 1, 0, 0, 0, 8, 4, 2, 0, 0, 0, 12, 0, 0.75, 0, 0, 0, 0, 0, 0, 3.476278305053711, 9.218620300292969], [0, 0, 0, 0.05066731572151184, 0, 0, 8, 13, 20, 0, 0, 0, 0, 11, 1, 1, 0, 0, 0, 12, 0, 0.06451612903225806, 0, 0, 0, 0, 0, 0, 13.122389793395996, 0.0009250640869140625], [0, 0, 0, 0.09310626983642578, 0, 0, 8, 3, 10, 0, 0, 0, 0, 1, 1, 2, 0, 0, 0, 2, 0, 0.3333333333333333, 0, 0, 0, 0, 0, 0, -23.8772029876709, 0.0], [0, 0, 0, 0.030337214469909668, 0, 0, 8, 13, 20, 0, 0, 0, 0, 10, 2, 1, 0, 0, 0, 12, 0, 0.4, 0, 0, 0, 0, 0, 0, 9.66472339630127, 6.580489158630371], [0, 0, 0, 0.04280388355255127, 0, 0, 8, 9, 16, 0, 0, 0, 0, 7, 1, 3, 0, 0, 0, 8, 0, 0.5, 0, 0, 0, 0, 0, 0, 9.402233123779297, 0.0023508071899414062], [0, 0, 0, 0.034449994564056396, 0, 0, 8, 9, 16, 0, 0, 0, 0, 7, 1, 2, 0, 0, 0, 8, 0, 0.5, 0, 0, 0, 0, 0, 0, 9.402233123779297, 0.0023508071899414062], [0, 0, 0, 0.05965787172317505, 0, 0, 8, 10, 17, 0, 0, 0, 0, 8, 1, 4, 0, 0, 0, 9, 0, 0.6666666666666666, 0, 0, 0, 0, 0, 0, -11.748555183410645, 0.05997467041015625], [0, 0, 0, 0.015846461057662964, 0, 0, 8, 3, 10, 0, 0, 0, 0, 1, 1, 2, 0, 0, 0, 2, 0, 0.5, 0, 0, 0, 0, 0, 0, -23.8772029876709, 0.0], [0, 0, 0, 0.03219032287597656, 0, 0, 8, 4, 11, 0, 0, 0, 0, 2, 1, 1, 0, 0, 0, 3, 0, 0.16666666666666666, 0, 0, 0, 0, 0, 0, -8.27520751953125, 0.18427467346191406], [0, 0, 0, 0.06254339218139648, 0, 0, 8, 13, 20, 0, 0, 0, 0, 11, 1, 1, 0, 0, 0, 12, 0, 0.017241379310344827, 0, 0, 0, 0, 0, 0, 13.218866348266602, 0.0009584426879882812], [0, 0, 0, 0.051560550928115845, 0, 0, 8, 3, 10, 0, 0, 0, 0, 1, 1, 4, 0, 0, 0, 2, 0, 0.5, 0, 0, 0, 0, 0, 0, -23.8772029876709, 0.0], [0, 0, 0, 0.05815035104751587, 0, 0, 8, 13, 20, 0, 0, 0, 0, 11, 1, 1, 0, 0, 0, 12, 0, 0.027777777777777776, 0, 0, 0, 0, 0, 0, 13.122389793395996, 0.0009250640869140625], [1, 0, 0, 0.016237497329711914, 0, 0, 8, 6, 13, 1, 0, 1, 0, 3, 2, 5, 0, 0, 0, 5, 1, 0.6666666666666666, 0, 0, 0, 0, 0, 0, -19.859485626220703, 14.691822052001953], [0, 0, 0, 0.012141048908233643, 0, 0, 8, 13, 20, 0, 0, 0, 0, 9, 3, 3, 0, 0, 0, 12, 0, 0.3333333333333333, 0, 0, 0, 0, 0, 0, 1.7115743160247803, 7.728660583496094], [0, 0, 0, 0.011667057871818542, 0, 0, 8, 13, 20, 0, 0, 0, 0, 11, 1, 1, 0, 0, 0, 12, 0, 0.034482758620689655, 0, 0, 0, 0, 0, 0, 13.241032600402832, 0.0009737014770507812], [0, 0, 0, 0.02673250436782837, 0, 0, 8, 13, 20, 0, 0, 0, 0, 11, 1, 1, 0, 0, 0, 12, 0, 0.4, 0, 0, 0, 0, 0, 0, 13.112896919250488, 0.000926971435546875], [1, 0, 0, 0.206445574760437, 0, 0, 8, 12, 19, 1, 0, 0, 0, 7, 3, 4, 0, 0, 0, 11, 0, 0.8, 0, 0, 0, 0, 0, 0, -5.4123430252075195, 1.7003107070922852], [0, 0, 0, 0.06540104746818542, 0, 0, 8, 13, 20, 0, 0, 0, 0, 11, 1, 2, 0, 0, 0, 12, 0, 0.6666666666666666, 0, 0, 0, 0, 0, 0, 13.185338020324707, 0.0009479522705078125], [0, 0, 0, 0.06239160895347595, 0, 0, 8, 13, 20, 0, 0, 0, 0, 11, 1, 1, 0, 0, 0, 12, 0, 0.027777777777777776, 0, 0, 0, 0, 0, 0, 13.122389793395996, 0.0009250640869140625], [0, 0, 0, 0.06009155511856079, 0, 0, 8, 13, 20, 0, 0, 0, 0, 11, 1, 1, 0, 0, 0, 12, 0, 0.2, 0, 0, 0, 0, 0, 0, 13.063285827636719, 0.0009059906005859375], [0, 0, 0, 0.07756558060646057, 0, 0, 8, 13, 20, 0, 0, 0, 0, 10, 2, 3, 0, 0, 0, 12, 0, 0.6666666666666666, 0, 0, 0, 0, 0, 0, 9.783937454223633, 6.571315288543701], [0, 0, 0, 0.042472124099731445, 0, 0, 8, 13, 20, 0, 0, 0, 0, 9, 2, 3, 0, 0, 0, 12, 0, 0.5, 0, 0, 0, 0, 0, 0, -0.18537181615829468, 0.0034867525100708008], [0, 0, 0, 0.01889491081237793, 0, 0, 8, 3, 10, 0, 0, 0, 0, 1, 1, 3, 0, 0, 0, 2, 0, 0.75, 0, 0, 0, 0, 0, 0, -23.8772029876709, 0.0], [0, 0, 0, 0.030191630125045776, 0, 0, 8, 3, 10, 0, 0, 0, 0, 1, 1, 3, 0, 0, 0, 2, 0, 0.5, 0, 0, 0, 0, 0, 0, -23.8772029876709, 0.0], [0, 0, 0, 0.03913202881813049, 0, 0, 8, 6, 13, 0, 0, 0, 0, 3, 2, 3, 0, 0, 0, 5, 0, 0.5, 0, 0, 0, 0, 0, 0, -20.026775360107422, 16.723796844482422], [0, 0, 0, 0.20166945457458496, 0, 0, 8, 9, 16, 0, 1, 0, 0, 6, 2, 3, 0, 0, 0, 8, 0, 0.5, 0, 0, 0, 0, 0, 0, 4.57874870300293, 10.008177757263184], [0, 0, 0, 0.0013813376426696777, 0, 0, 8, 13, 20, 0, 0, 1, 0, 9, 2, 3, 0, 0, 0, 12, 0, 0.75, 0, 0, 0, 0, 0, 0, -0.14935046434402466, 0.005340576171875], [0, 0, 0, 0.2500058114528656, 0, 0, 8, 3, 10, 0, 0, 0, 0, 1, 1, 5, 0, 0, 0, 2, 0, 0.75, 0, 0, 0, 0, 0, 0, -23.8772029876709, 0.0], [0, 0, 0, 0.27048733830451965, 0, 0, 8, 8, 15, 0, 0, 0, 0, 3, 4, 3, 0, 0, 0, 7, 0, 0.3333333333333333, 0, 0, 0, 0, 0, 0, -21.3648738861084, 16.2259464263916], [0, 0, 0, 0.10199463367462158, 0, 0, 8, 13, 20, 0, 0, 0, 0, 10, 2, 2, 0, 0, 0, 12, 0, 0.6666666666666666, 0, 0, 0, 0, 0, 0, 9.733857154846191, 6.567440032958984], [0, 0, 0, 0.007947981357574463, 0, 0, 8, 13, 20, 0, 0, 0, 0, 11, 1, 1, 0, 0, 0, 12, 0, 0.034482758620689655, 0, 0, 0, 0, 0, 0, 7.194853782653809, 0.02167510986328125], [0, 0, 0, 0.01560121774673462, 0, 0, 8, 13, 20, 0, 0, 0, 0, 11, 1, 2, 0, 0, 0, 12, 0, 0.3333333333333333, 0, 0, 0, 0, 0, 0, 13.231354713439941, 0.0009670257568359375], [0, 0, 0, 0.03065437078475952, 0, 0, 8, 13, 20, 0, 0, 0, 0, 11, 1, 1, 0, 0, 0, 12, 0, 0.4, 0, 0, 0, 0, 0, 0, 13.112896919250488, 0.000926971435546875], [0, 0, 0, 0.030581951141357422, 0, 0, 8, 13, 20, 0, 0, 0, 0, 10, 2, 1, 0, 0, 0, 12, 0, 0.4, 0, 0, 0, 0, 0, 0, 9.677597999572754, 6.586777687072754], [0, 0, 0, 0.02597743272781372, 0, 0, 8, 3, 10, 0, 0, 0, 0, 1, 1, 1, 0, 0, 0, 2, 0, 0.017241379310344827, 0, 0, 0, 0, 0, 0, -23.8772029876709, 0.0], [0, 0, 0, 0.006600677967071533, 0, 0, 8, 7, 14, 0, 0, 0, 0, 5, 1, 3, 0, 0, 0, 6, 0, 0.5, 0, 0, 0, 0, 0, 0, 5.662449359893799, 0.004663944244384766], [0, 0, 0, 0.037242621183395386, 0, 0, 8, 3, 10, 0, 0, 0, 0, 1, 1, 3, 0, 0, 0, 2, 0, 0.75, 0, 0, 0, 0, 0, 0, -23.8772029876709, 0.0], [0, 0, 0, 0.0372387170791626, 0, 0, 8, 9, 16, 0, 0, 0, 0, 6, 2, 4, 0, 0, 0, 8, 0, 0.6666666666666666, 0, 0, 0, 0, 0, 0, 4.5800957679748535, 10.009523391723633], [0, 0, 0, 0.009215891361236572, 0, 0, 8, 13, 20, 0, 0, 0, 0, 11, 1, 2, 0, 0, 0, 12, 0, 0.4, 0, 0, 0, 0, 0, 0, 13.241032600402832, 0.0009737014770507812], [0, 0, 0, 0.035405099391937256, 0, 0, 8, 3, 10, 0, 0, 0, 0, 1, 1, 2, 0, 0, 0, 2, 0, 0.6666666666666666, 0, 0, 0, 0, 0, 0, -23.8772029876709, 0.0], [0, 0, 0, 0.06603559851646423, 0, 0, 8, 13, 20, 0, 0, 0, 0, 11, 1, 1, 0, 0, 0, 12, 0, 0.2, 0, 0, 0, 0, 0, 0, 13.063285827636719, 0.0009059906005859375], [0, 0, 0, 0.02425965666770935, 0, 0, 8, 3, 10, 0, 0, 0, 0, 1, 1, 3, 0, 0, 0, 2, 0, 0.75, 0, 0, 0, 0, 0, 0, -23.8772029876709, 0.0], [0, 0, 0, 0.07623529434204102, 0, 0, 8, 13, 20, 0, 0, 0, 0, 11, 1, 1, 0, 0, 0, 12, 0, 0.1, 0, 0, 0, 0, 0, 0, 5.885488510131836, 0.01717519760131836], [0, 0, 0, 0.020534157752990723, 0, 0, 8, 3, 10, 0, 0, 0, 0, 1, 1, 6, 0, 0, 0, 2, 0, 0.8, 0, 0, 0, 0, 0, 0, -23.8772029876709, 0.0], [0, 0, 0, 0.03786206245422363, 0, 0, 8, 13, 20, 0, 0, 0, 0, 10, 2, 1, 0, 0, 0, 12, 0, 0.3333333333333333, 0, 0, 0, 0, 0, 0, 9.797842979431152, 6.56323766708374], [0, 0, 0, 0.012890279293060303, 0, 0, 8, 4, 11, 0, 0, 0, 0, 2, 1, 3, 0, 0, 0, 3, 0, 0.5, 0, 0, 0, 0, 0, 0, -8.27520751953125, 0.18427467346191406], [0, 0, 0, 0.013262733817100525, 0, 0, 8, 7, 14, 0, 0, 1, 0, 5, 1, 1, 0, 0, 0, 6, 0, 0.14285714285714285, 0, 0, 0, 0, 0, 0, -12.83237075805664, 0.020723342895507812], [0, 0, 0, 0.13358938694000244, 0, 0, 8, 5, 12, 0, 0, 0, 0, 3, 1, 1, 0, 0, 0, 4, 0, 0.16129032258064516, 0, 0, 0, 0, 0, 0, -1.5111944675445557, 0.013864278793334961], [1, 0, 1, 0.1633813977241516, 0, 0, 8, 7, 14, 1, 0, 1, 1, 5, 1, 3, 0, 0, 0, 6, 1, 0.6666666666666666, 0, 0, 0, 0, 0, 0, -18.263578414916992, 0.16162490844726562], [0, 0, 0, 0.055651456117630005, 0, 0, 8, 13, 20, 0, 0, 0, 0, 11, 1, 1, 0, 0, 0, 12, 0, 0.06451612903225806, 0, 0, 0, 0, 0, 0, 13.122389793395996, 0.0009250640869140625], [0, 0, 0, 0.01648169755935669, 0, 0, 8, 4, 11, 0, 0, 0, 0, 2, 1, 3, 0, 0, 0, 3, 0, 0.5, 0, 0, 0, 0, 0, 0, 5.3374104499816895, 26.73729705810547], [0, 0, 0, 0.029854178428649902, 0, 0, 8, 13, 20, 0, 0, 0, 0, 11, 1, 1, 0, 0, 0, 12, 0, 0.4, 0, 0, 0, 0, 0, 0, 13.112896919250488, 0.000926971435546875], [0, 0, 0, 0.06016802787780762, 0, 0, 8, 13, 20, 0, 0, 0, 0, 11, 1, 1, 0, 0, 0, 12, 0, 0.06451612903225806, 0, 0, 0, 0, 0, 0, 13.122389793395996, 0.0009250640869140625], [0, 0, 0, 0.09347185492515564, 0, 0, 8, 13, 20, 0, 0, 0, 0, 11, 1, 5, 0, 0, 0, 12, 0, 0.6666666666666666, 0, 0, 0, 0, 0, 0, 13.185338020324707, 0.0009479522705078125], [0, 0, 0, 0.10591921210289001, 0, 0, 8, 13, 20, 0, 0, 0, 0, 10, 2, 3, 0, 0, 0, 12, 0, 0.5, 0, 0, 0, 0, 0, 0, 9.80321979522705, 6.57917594909668], [0, 0, 0, 0.015914559364318848, 0, 0, 8, 3, 10, 0, 0, 0, 0, 1, 1, 1, 0, 0, 0, 2, 0, 0.4, 0, 0, 0, 0, 0, 0, -23.8772029876709, 0.0], [1, 0, 0, 0.09412729740142822, 0, 0, 8, 3, 10, 1, 0, 0, 0, 1, 1, 4, 0, 0, 0, 2, 0, 0.5, 0, 0, 0, 0, 0, 0, -23.8772029876709, 0.0], [0, 0, 0, 0.14305496215820312, 0, 0, 8, 7, 14, 0, 0, 0, 0, 4, 2, 5, 0, 0, 0, 6, 0, 0.6666666666666666, 0, 0, 0, 0, 0, 0, -20.24371910095215, 2.9726486206054688], [0, 0, 0, 0.05957832932472229, 0, 0, 8, 4, 11, 0, 0, 0, 0, 2, 1, 1, 0, 0, 0, 3, 0, 0.125, 0, 0, 0, 0, 0, 0, -8.27520751953125, 0.18427467346191406], [0, 0, 0, 0.008133947849273682, 0, 0, 8, 6, 13, 0, 0, 0, 0, 4, 1, 5, 0, 0, 0, 5, 0, 0.6666666666666666, 0, 0, 0, 0, 0, 0, -14.622296333312988, 0.14033985137939453], [0, 0, 0, 0.030897796154022217, 0, 0, 8, 13, 20, 0, 0, 0, 0, 9, 3, 4, 0, 0, 0, 12, 0, 0.5, 0, 0, 0, 0, 0, 0, 6.549206733703613, 8.045028686523438], [0, 0, 0, 0.14362582564353943, 0, 0, 8, 3, 10, 0, 0, 0, 0, 1, 1, 4, 0, 0, 0, 2, 0, 0.8333333333333334, 0, 0, 0, 0, 0, 0, -23.8772029876709, 0.0], [0, 0, 0, 0.07789123058319092, 0, 0, 8, 10, 17, 0, 0, 0, 0, 7, 2, 4, 0, 0, 0, 9, 0, 0.5, 0, 0, 0, 0, 0, 0, -18.316314697265625, 7.71525764465332], [0, 0, 0, 0.018062353134155273, 0, 0, 8, 3, 10, 0, 0, 0, 0, 1, 1, 3, 0, 0, 0, 2, 0, 0.6666666666666666, 0, 0, 0, 0, 0, 0, -23.8772029876709, 0.0], [0, 0, 0, 0.10924434661865234, 0, 0, 8, 6, 13, 0, 0, 0, 0, 4, 1, 4, 0, 0, 0, 5, 0, 0.6666666666666666, 0, 0, 0, 0, 0, 0, -14.485660552978516, 0.11641597747802734], [0, 0, 0, 0.020956039428710938, 0, 0, 8, 13, 20, 0, 0, 0, 0, 10, 2, 2, 0, 0, 0, 12, 0, 0.75, 0, 0, 0, 0, 0, 0, 9.726962089538574, 6.56722354888916], [1, 0, 0, 0.08099088072776794, 0, 0, 8, 4, 11, 1, 0, 0, 0, 2, 1, 2, 0, 0, 0, 3, 0, 0.3333333333333333, 0, 0, 0, 0, 0, 0, -8.27520751953125, 0.18427467346191406], [0, 0, 0, 0.0745856761932373, 0, 0, 8, 13, 20, 0, 0, 0, 0, 8, 3, 2, 0, 0, 0, 12, 0, 0.6666666666666666, 0, 0, 0, 0, 0, 0, -3.4556455612182617, 1.5303983688354492], [0, 0, 0, 0.04762387275695801, 0, 0, 8, 4, 11, 0, 0, 0, 0, 2, 1, 4, 0, 0, 0, 3, 0, 0.6666666666666666, 0, 0, 0, 0, 0, 0, -8.27520751953125, 0.18427467346191406], [0, 0, 0, 0.038987934589385986, 0, 0, 8, 10, 17, 0, 0, 0, 0, 8, 1, 3, 0, 0, 0, 9, 0, 0.5, 0, 0, 0, 0, 0, 0, -11.748555183410645, 0.05997467041015625], [0, 0, 0, 0.018125712871551514, 0, 0, 8, 13, 20, 0, 0, 0, 0, 11, 1, 1, 0, 0, 0, 12, 0, 0.1, 0, 0, 0, 0, 0, 0, 13.195902824401855, 0.00095367431640625], [0, 0, 0, 0.01383674144744873, 0, 0, 8, 8, 15, 0, 0, 0, 0, 1, 6, 6, 0, 0, 0, 7, 0, 0.8666666666666667, 0, 0, 0, 0, 0, 0, -31.507305145263672, 0.0], [1, 0, 0, 0.260850727558136, 0, 0, 8, 3, 10, 1, 0, 0, 0, 1, 1, 5, 0, 0, 0, 2, 0, 0.5, 0, 0, 0, 0, 0, 0, -23.8772029876709, 0.0], [0, 0, 0, 0.013129174709320068, 0, 0, 8, 13, 20, 0, 0, 0, 0, 7, 3, 4, 0, 0, 0, 12, 0, 0.6666666666666666, 0, 0, 0, 0, 0, 0, -13.470556259155273, 1.510824203491211], [1, 0, 1, 0.0024077892303466797, 1, 0, 8, 13, 20, 1, 1, 1, 1, 8, 4, 2, 0, 0, 0, 12, 1, 0.75, 0, 0, 0, 0, 0, 0, 3.455040216445923, 9.229430198669434], [0, 0, 0, 0.09474241733551025, 0, 0, 8, 3, 10, 0, 0, 0, 0, 1, 1, 4, 0, 0, 0, 2, 0, 0.5, 0, 0, 0, 0, 0, 0, -23.8772029876709, 0.0], [0, 0, 0, 0.04534536600112915, 0, 0, 8, 4, 11, 0, 0, 0, 0, 2, 1, 3, 0, 0, 0, 3, 0, 0.5, 0, 0, 0, 0, 0, 0, -8.27520751953125, 0.18427467346191406], [0, 0, 0, 0.1245044469833374, 0, 0, 8, 4, 11, 0, 0, 0, 0, 2, 1, 4, 0, 0, 0, 3, 0, 0.5, 0, 0, 0, 0, 0, 0, -8.27520751953125, 0.18427467346191406], [0, 0, 0, 0.04552668333053589, 0, 0, 8, 13, 20, 0, 0, 0, 0, 11, 1, 1, 0, 0, 0, 12, 0, 0.06451612903225806, 0, 0, 0, 0, 0, 0, 13.122389793395996, 0.0009250640869140625], [0, 0, 0, 0.048464447259902954, 0, 0, 8, 4, 11, 0, 0, 0, 0, 2, 1, 3, 0, 0, 0, 3, 0, 0.5, 0, 0, 0, 0, 0, 0, -8.27520751953125, 0.18427467346191406], [0, 0, 0, 0.0019310563802719116, 0, 0, 8, 3, 10, 0, 0, 0, 0, 1, 1, 3, 0, 0, 0, 2, 0, 0.5, 0, 0, 0, 0, 0, 0, -23.8772029876709, 0.0], [0, 0, 0, 0.05291992425918579, 0, 0, 8, 3, 10, 0, 0, 0, 0, 1, 1, 3, 0, 0, 0, 2, 0, 0.5714285714285714, 0, 0, 0, 0, 0, 0, -23.8772029876709, 0.0], [0, 0, 0, 0.0254552960395813, 0, 0, 8, 11, 18, 0, 0, 0, 0, 7, 3, 1, 0, 0, 0, 10, 0, 0.4, 0, 0, 0, 0, 0, 0, 3.976529598236084, 9.667219161987305], [0, 0, 0, 0.02607065439224243, 0, 0, 8, 13, 20, 0, 0, 0, 0, 10, 2, 3, 0, 0, 0, 12, 0, 0.3333333333333333, 0, 0, 0, 0, 0, 0, 4.316543102264404, 6.299149990081787], [0, 0, 0, 0.04638540744781494, 0, 0, 8, 13, 20, 0, 0, 0, 0, 8, 4, 2, 0, 0, 0, 12, 0, 0.25, 0, 0, 0, 0, 0, 0, 3.4913113117218018, 9.251734733581543], [0, 0, 0, 0.025597810745239258, 0, 0, 8, 13, 20, 0, 0, 0, 0, 9, 2, 2, 0, 0, 0, 12, 0, 0.75, 0, 0, 0, 0, 0, 0, -0.2432880997657776, 0.019381403923034668], [0, 0, 0, 0.08386963605880737, 0, 0, 8, 13, 20, 0, 0, 0, 0, 11, 1, 3, 0, 0, 0, 12, 0, 0.5, 0, 0, 0, 0, 0, 0, 13.231354713439941, 0.0009670257568359375], [0, 0, 0, 0.07133018970489502, 0, 0, 8, 3, 10, 0, 0, 0, 0, 1, 1, 1, 0, 0, 0, 2, 0, 0.3333333333333333, 0, 0, 0, 0, 0, 0, -23.8772029876709, 0.0], [0, 0, 0, 0.22118765115737915, 0, 0, 8, 4, 11, 0, 0, 0, 0, 1, 2, 2, 0, 0, 0, 3, 0, 0.5, 0, 0, 0, 0, 0, 0, -29.61951446533203, 0.0], [0, 0, 0, 0.1331944763660431, 0, 0, 8, 3, 10, 0, 0, 0, 0, 1, 1, 2, 0, 0, 0, 2, 0, 0.5, 0, 0, 0, 0, 0, 0, -23.8772029876709, 0.0], [0, 0, 0, 0.06053650379180908, 0, 0, 8, 11, 18, 0, 0, 0, 0, 9, 1, 1, 0, 0, 0, 10, 0, 0.3333333333333333, 0, 0, 0, 0, 0, 0, 11.693953514099121, 0.0014286041259765625], [0, 0, 0, 0.014625370502471924, 0, 0, 8, 13, 20, 0, 0, 0, 0, 11, 1, 3, 0, 0, 0, 12, 0, 0.5, 0, 0, 0, 0, 0, 0, 7.146845817565918, 0.037255287170410156], [0, 0, 0, 0.034394681453704834, 0, 0, 8, 5, 12, 0, 0, 0, 0, 3, 1, 4, 0, 0, 0, 4, 0, 0.5, 0, 0, 0, 0, 0, 0, -1.5111944675445557, 0.013864278793334961], [0, 0, 0, 0.2606993317604065, 0, 0, 8, 3, 10, 0, 0, 0, 0, 1, 1, 3, 0, 0, 0, 2, 0, 0.5, 0, 0, 0, 0, 0, 0, -23.8772029876709, 0.0], [0, 0, 0, 0.01817953586578369, 0, 0, 8, 13, 20, 0, 0, 0, 0, 7, 5, 6, 0, 0, 0, 12, 0, 0.5, 0, 0, 0, 0, 0, 0, 0.749298632144928, 10.501276016235352], [1, 0, 0, 0.002141714096069336, 0, 0, 8, 13, 20, 1, 0, 1, 0, 10, 2, 2, 0, 0, 0, 12, 0, 0.25, 0, 0, 0, 0, 0, 0, 9.751798629760742, 6.573366165161133], [0, 0, 0, 0.05870136618614197, 0, 0, 8, 13, 20, 0, 0, 0, 0, 11, 1, 1, 0, 0, 0, 12, 0, 0.2, 0, 0, 0, 0, 0, 0, 13.063285827636719, 0.0009059906005859375], [0, 0, 0, 0.18429923057556152, 0, 0, 8, 3, 10, 0, 0, 0, 0, 1, 1, 4, 0, 0, 0, 2, 0, 0.5, 0, 0, 0, 0, 0, 0, -26.924095153808594, 0.0], [0, 0, 0, 0.006574392318725586, 0, 0, 8, 7, 14, 0, 0, 0, 0, 4, 2, 4, 0, 0, 0, 6, 0, 0.75, 0, 0, 0, 0, 0, 0, -20.01380729675293, 11.060394287109375], [0, 0, 0, 0.0315496027469635, 0, 0, 8, 10, 17, 0, 0, 0, 0, 8, 1, 1, 0, 0, 0, 9, 0, 0.027777777777777776, 0, 0, 0, 0, 0, 0, 10.671062469482422, 0.0018014907836914062], [0, 0, 0, 0.028835177421569824, 0, 0, 8, 7, 14, 0, 0, 0, 0, 5, 1, 3, 0, 0, 0, 6, 0, 0.6666666666666666, 0, 0, 0, 0, 0, 0, 5.662449359893799, 0.004663944244384766], [0, 0, 0, 0.03944581747055054, 0, 0, 8, 13, 20, 0, 0, 0, 0, 10, 2, 1, 0, 0, 0, 12, 0, 0.3333333333333333, 0, 0, 0, 0, 0, 0, 6.790302276611328, 5.900039196014404], [0, 0, 0, 0.08629679679870605, 0, 0, 8, 6, 13, 0, 0, 0, 0, 4, 1, 2, 0, 0, 0, 5, 0, 0.5, 0, 0, 0, 0, 0, 0, 2.7437801361083984, 0.007445335388183594], [0, 0, 0, 0.06721100211143494, 0, 0, 8, 13, 20, 0, 0, 0, 0, 11, 1, 5, 0, 0, 0, 12, 0, 0.8571428571428571, 0, 0, 0, 0, 0, 0, 13.231354713439941, 0.0009670257568359375], [0, 0, 0, 0.06330808997154236, 0, 0, 8, 13, 20, 0, 0, 0, 0, 11, 1, 1, 0, 0, 0, 12, 0, 0.1111111111111111, 0, 0, 0, 0, 0, 0, 13.190439224243164, 0.0009508132934570312], [0, 0, 0, 0.07659304141998291, 0, 0, 8, 13, 20, 0, 0, 0, 0, 11, 1, 1, 0, 0, 0, 12, 0, 0.1, 0, 0, 0, 0, 0, 0, 13.121283531188965, 0.000926971435546875], [1, 0, 0, 0.0182456374168396, 1, 0, 8, 13, 20, 1, 0, 1, 1, 5, 3, 6, 0, 0, 0, 12, 1, 0.6666666666666666, 0, 0, 0, 0, 0, 0, -28.180673599243164, 0.000457763671875], [1, 0, 1, 0.013577878475189209, 1, 0, 8, 9, 16, 1, 0, 1, 1, 3, 5, 5, 0, 0, 0, 8, 1, 0.6666666666666666, 0, 0, 0, 0, 0, 0, -7.050665855407715, 16.01935577392578], [0, 0, 0, 0.03428149223327637, 0, 0, 8, 13, 20, 0, 0, 0, 0, 11, 1, 1, 0, 0, 0, 12, 0, 0.2, 0, 0, 0, 0, 0, 0, 13.198792457580566, 0.0009546279907226562], [0, 0, 0, 0.10259893536567688, 0, 0, 8, 13, 20, 0, 0, 0, 0, 11, 1, 1, 0, 0, 0, 12, 0, 0.5, 0, 0, 0, 0, 0, 0, 7.153141021728516, 0.026990413665771484], [0, 0, 0, 0.04546618461608887, 0, 0, 8, 5, 12, 0, 0, 0, 0, 3, 1, 3, 0, 0, 0, 4, 0, 0.5384615384615384, 0, 0, 0, 0, 0, 0, -1.5111944675445557, 0.013864278793334961], [0, 0, 0, 0.006387650966644287, 0, 0, 8, 3, 10, 0, 0, 0, 0, 1, 1, 6, 0, 0, 0, 2, 0, 0.5, 0, 0, 0, 0, 0, 0, -23.8772029876709, 0.0], [0, 0, 0, 0.0022798776626586914, 0, 0, 8, 7, 14, 0, 0, 0, 0, 5, 1, 4, 0, 0, 0, 6, 0, 0.5, 0, 0, 0, 0, 0, 0, -15.662032127380371, 0.02310657501220703], [0, 0, 0, 0.0, 0, 0, 8, 4, 11, 0, 0, 0, 0, 2, 1, 4, 0, 0, 0, 3, 0, 0.5384615384615384, 0, 0, 0, 0, 0, 0, -8.27520751953125, 0.18427467346191406], [0, 0, 0, 0.00030428171157836914, 0, 0, 8, 13, 20, 0, 0, 0, 0, 11, 1, 1, 0, 0, 0, 12, 0, 0.1, 0, 0, 0, 0, 0, 0, 13.222800254821777, 0.0009613037109375], [0, 0, 0, 0.012682288885116577, 0, 0, 8, 13, 20, 0, 0, 0, 0, 11, 1, 1, 0, 0, 0, 12, 0, 0.034482758620689655, 0, 0, 0, 0, 0, 0, 13.176047325134277, 0.0009489059448242188], [0, 0, 0, 0.006126433610916138, 0, 0, 8, 13, 20, 0, 0, 0, 0, 11, 1, 2, 0, 0, 0, 12, 0, 0.5, 0, 0, 0, 0, 0, 0, 13.195902824401855, 0.00095367431640625], [1, 0, 1, 0.0024077892303466797, 1, 0, 8, 13, 20, 1, 0, 1, 1, 7, 4, 2, 0, 0, 0, 12, 1, 0.75, 0, 0, 0, 0, 0, 0, -6.39963436126709, 3.005709648132324], [0, 0, 1, 0.009275048971176147, 0, 0, 8, 4, 11, 0, 0, 1, 1, 2, 1, 1, 0, 0, 0, 3, 0, 0.1111111111111111, 0, 0, 0, 0, 0, 0, -8.247661590576172, 0.18477249145507812], [0, 0, 0, 0.009893476963043213, 0, 0, 8, 6, 13, 0, 0, 1, 0, 4, 1, 4, 0, 0, 0, 5, 0, 0.8666666666666667, 0, 0, 0, 0, 0, 0, -14.464203834533691, 0.11642932891845703], [0, 0, 0, 0.026294589042663574, 0, 0, 8, 13, 20, 0, 0, 0, 0, 10, 2, 1, 0, 0, 0, 12, 0, 0.25, 0, 0, 0, 0, 0, 0, 9.711237907409668, 6.558806419372559], [0, 0, 0, 0.08775034546852112, 0, 0, 8, 4, 11, 0, 0, 0, 0, 2, 1, 2, 0, 0, 0, 3, 0, 0.5, 0, 0, 0, 0, 0, 0, -8.27520751953125, 0.18427467346191406], [0, 0, 0, 0.03767871856689453, 0, 0, 8, 9, 16, 0, 0, 0, 0, 4, 3, 1, 0, 0, 0, 8, 0, 0.1, 0, 0, 0, 0, 0, 0, -14.568685531616211, 2.4528980255126953], [0, 0, 0, 0.03854265809059143, 0, 0, 8, 4, 11, 0, 0, 0, 0, 2, 1, 4, 0, 0, 0, 3, 0, 0.75, 0, 0, 0, 0, 0, 0, -8.27520751953125, 0.18427467346191406], [0, 0, 0, 0.03961130976676941, 0, 0, 8, 3, 10, 0, 0, 0, 0, 1, 1, 6, 0, 0, 0, 2, 0, 0.6666666666666666, 0, 0, 0, 0, 0, 0, -23.8772029876709, 0.0], [0, 0, 0, 0.05748802423477173, 0, 0, 8, 7, 14, 0, 0, 0, 0, 4, 2, 3, 0, 0, 0, 6, 0, 0.6666666666666666, 0, 0, 0, 0, 0, 0, -17.818532943725586, 13.16191291809082], [0, 0, 0, 0.09896555542945862, 0, 0, 8, 5, 12, 0, 0, 0, 0, 3, 1, 4, 0, 0, 0, 4, 0, 0.5, 0, 0, 0, 0, 0, 0, -1.5111944675445557, 0.013864278793334961], [0, 0, 0, 0.04985898733139038, 0, 0, 8, 5, 12, 0, 0, 0, 0, 3, 1, 1, 0, 0, 0, 4, 0, 0.5, 0, 0, 0, 0, 0, 0, -1.5111944675445557, 0.013864278793334961], [0, 0, 0, 0.08380401134490967, 0, 0, 8, 13, 20, 0, 0, 0, 0, 11, 1, 2, 0, 0, 0, 12, 0, 0.6666666666666666, 0, 0, 0, 0, 0, 0, 13.185338020324707, 0.0009479522705078125], [0, 0, 0, 0.11716675758361816, 0, 0, 8, 4, 11, 0, 0, 0, 0, 2, 1, 3, 0, 0, 0, 3, 0, 0.6666666666666666, 0, 0, 0, 0, 0, 0, -8.27520751953125, 0.18427467346191406], [0, 0, 0, 0.02886459231376648, 0, 0, 8, 7, 14, 0, 0, 0, 0, 5, 1, 1, 0, 0, 0, 6, 0, 0.016666666666666666, 0, 0, 0, 0, 0, 0, -12.8487548828125, 0.02072429656982422], [0, 0, 0, 0.024539217352867126, 0, 0, 8, 3, 10, 0, 0, 0, 0, 1, 1, 1, 0, 0, 0, 2, 0, 0.1111111111111111, 0, 0, 0, 0, 0, 0, -23.8772029876709, 0.0], [0, 0, 0, 0.062767893075943, 0, 0, 8, 3, 10, 0, 0, 0, 0, 1, 1, 4, 0, 0, 0, 2, 0, 0.5, 0, 0, 0, 0, 0, 0, -23.8772029876709, 0.0], [0, 0, 0, 0.01199871301651001, 0, 0, 8, 13, 20, 0, 0, 0, 0, 10, 2, 2, 0, 0, 0, 12, 0, 0.75, 0, 0, 0, 0, 0, 0, 9.743988037109375, 6.570146560668945], [0, 0, 0, 0.20447716116905212, 0, 0, 8, 4, 11, 0, 0, 0, 0, 2, 1, 3, 0, 0, 0, 3, 0, 0.5, 0, 0, 0, 0, 0, 0, -8.27520751953125, 0.18427467346191406], [0, 0, 0, 0.004094064235687256, 0, 0, 8, 13, 20, 0, 0, 1, 0, 10, 2, 2, 0, 0, 0, 12, 0, 0.75, 0, 0, 0, 0, 0, 0, 9.796687126159668, 6.576165199279785], [0, 0, 0, 0.007772088050842285, 0, 0, 8, 7, 14, 0, 0, 1, 0, 4, 2, 3, 0, 0, 0, 6, 0, 0.6666666666666666, 0, 0, 0, 0, 0, 0, -18.58608055114746, 12.957550048828125], [0, 0, 0, 0.00606653094291687, 0, 0, 8, 8, 15, 0, 0, 0, 0, 5, 2, 5, 0, 0, 0, 7, 0, 0.75, 0, 0, 0, 0, 0, 0, 2.4213438034057617, 11.50377082824707], [0, 0, 0, 0.04783836007118225, 0, 0, 8, 13, 20, 0, 0, 0, 0, 11, 1, 2, 0, 0, 0, 12, 0, 0.5, 0, 0, 0, 0, 0, 0, 13.195902824401855, 0.00095367431640625], [0, 0, 0, 0.06678241491317749, 0, 0, 8, 13, 20, 0, 0, 0, 0, 11, 1, 1, 0, 0, 0, 12, 0, 0.2, 0, 0, 0, 0, 0, 0, 13.063285827636719, 0.0009059906005859375], [0, 0, 0, 0.24801045656204224, 0, 0, 8, 3, 10, 0, 0, 0, 0, 1, 1, 4, 0, 0, 0, 2, 0, 0.5, 0, 0, 0, 0, 0, 0, -23.8772029876709, 0.0], [0, 0, 0, 0.052341997623443604, 0, 0, 8, 4, 11, 0, 0, 0, 0, 2, 1, 3, 0, 0, 0, 3, 0, 0.5, 0, 0, 0, 0, 0, 0, -8.27520751953125, 0.18427467346191406], [0, 0, 0, 0.05480843782424927, 0, 0, 8, 4, 11, 0, 0, 0, 0, 2, 1, 6, 0, 0, 0, 3, 0, 0.8, 0, 0, 0, 0, 0, 0, -15.697545051574707, 0.3517122268676758], [0, 0, 0, 0.003535658121109009, 0, 0, 8, 3, 10, 0, 0, 0, 0, 1, 1, 3, 0, 0, 0, 2, 0, 0.5, 0, 0, 0, 0, 0, 0, -23.8772029876709, 0.0], [0, 0, 0, 0.01995217800140381, 0, 0, 8, 3, 10, 0, 0, 0, 0, 1, 1, 3, 0, 0, 0, 2, 0, 0.5, 0, 0, 0, 0, 0, 0, -24.886817932128906, 0.0], [0, 0, 0, 0.03786912560462952, 0, 0, 8, 6, 13, 0, 0, 0, 0, 4, 1, 3, 0, 0, 0, 5, 0, 0.5714285714285714, 0, 0, 0, 0, 0, 0, -14.622296333312988, 0.14033985137939453], [0, 0, 0, 0.0022764503955841064, 0, 0, 8, 13, 20, 0, 0, 0, 0, 11, 1, 3, 0, 0, 0, 12, 0, 0.5, 0, 0, 0, 0, 0, 0, 13.23603630065918, 0.0009698867797851562], [1, 0, 1, 0.0182456374168396, 1, 0, 8, 13, 20, 1, 0, 1, 1, 4, 4, 6, 0, 0, 0, 12, 1, 0.6666666666666666, 0, 0, 0, 0, 0, 0, -25.77497673034668, 1.5279159545898438], [0, 0, 0, 0.27900174260139465, 0, 0, 8, 3, 10, 0, 0, 0, 0, 1, 1, 3, 0, 0, 0, 2, 0, 0.5, 0, 0, 0, 0, 0, 0, -23.8772029876709, 0.0], [0, 0, 0, 0.02689245343208313, 0, 0, 8, 3, 10, 0, 0, 0, 0, 1, 1, 2, 0, 0, 0, 2, 0, 0.5, 0, 0, 0, 0, 0, 0, -23.8772029876709, 0.0], [0, 0, 0, 0.0265657901763916, 0, 0, 8, 3, 10, 0, 0, 0, 0, 1, 1, 1, 0, 0, 0, 2, 0, 0.25, 0, 0, 0, 0, 0, 0, -23.8772029876709, 0.0], [0, 0, 0, 0.05685222148895264, 0, 0, 8, 3, 10, 0, 0, 0, 0, 1, 1, 5, 0, 0, 0, 2, 0, 0.75, 0, 0, 0, 0, 0, 0, -23.8772029876709, 0.0], [0, 0, 0, 0.058865517377853394, 0, 0, 8, 13, 20, 0, 0, 0, 0, 11, 1, 1, 0, 0, 0, 12, 0, 0.2, 0, 0, 0, 0, 0, 0, 13.063285827636719, 0.0009059906005859375], [0, 0, 0, 0.022034525871276855, 0, 0, 8, 13, 20, 0, 0, 0, 0, 9, 2, 2, 0, 0, 0, 12, 0, 0.5, 0, 0, 0, 0, 0, 0, -0.1768985390663147, 0.008864879608154297], [0, 0, 0, 0.04954040050506592, 0, 0, 8, 13, 20, 0, 0, 0, 0, 11, 1, 1, 0, 0, 0, 12, 0, 0.027777777777777776, 0, 0, 0, 0, 0, 0, 13.122389793395996, 0.0009250640869140625], [0, 0, 0, 0.05094137787818909, 0, 0, 8, 11, 18, 0, 0, 0, 0, 9, 1, 5, 0, 0, 0, 10, 0, 0.8, 0, 0, 0, 0, 0, 0, -11.028919219970703, 0.010438919067382812], [0, 0, 1, 0.04117906093597412, 0, 0, 8, 8, 15, 0, 0, 1, 1, 4, 3, 3, 0, 0, 0, 7, 0, 0.5, 0, 0, 0, 0, 0, 0, -18.653430938720703, 13.839641571044922], [0, 0, 0, 0.09671632945537567, 0, 0, 8, 3, 10, 0, 0, 0, 0, 1, 1, 3, 0, 0, 0, 2, 0, 0.6, 0, 0, 0, 0, 0, 0, -23.8772029876709, 0.0], [0, 0, 0, 0.0722804069519043, 0, 0, 8, 3, 10, 0, 0, 0, 0, 1, 1, 4, 0, 0, 0, 2, 0, 0.5, 0, 0, 0, 0, 0, 0, -23.8772029876709, 0.0], [0, 0, 0, 0.0644446462392807, 0, 0, 8, 13, 20, 0, 0, 0, 0, 11, 1, 4, 0, 0, 0, 12, 0, 0.6666666666666666, 0, 0, 0, 0, 0, 0, 16.411462783813477, 12.640216827392578], [0, 0, 0, 0.030564993619918823, 0, 0, 8, 3, 10, 0, 0, 0, 0, 1, 1, 2, 0, 0, 0, 2, 0, 0.5, 0, 0, 0, 0, 0, 0, -23.8772029876709, 0.0], [0, 0, 0, 0.03906118869781494, 0, 0, 8, 3, 10, 0, 0, 0, 0, 1, 1, 2, 0, 0, 0, 2, 0, 0.25, 0, 0, 0, 0, 0, 0, -23.8772029876709, 0.0], [0, 0, 0, 0.20867693424224854, 0, 0, 8, 4, 11, 0, 0, 0, 0, 2, 1, 3, 0, 0, 0, 3, 0, 0.5, 0, 0, 0, 0, 0, 0, -8.27520751953125, 0.18427467346191406], [0, 0, 0, 0.05803722143173218, 0, 0, 8, 13, 20, 0, 0, 0, 0, 10, 2, 1, 0, 0, 0, 12, 0, 0.027777777777777776, 0, 0, 0, 0, 0, 0, 9.683675765991211, 6.584716796875], [0, 0, 0, 0.09153193235397339, 0, 0, 8, 4, 11, 0, 0, 0, 0, 2, 1, 3, 0, 0, 0, 3, 0, 0.5, 0, 0, 0, 0, 0, 0, -8.27520751953125, 0.18427467346191406], [0, 0, 0, 0.021600008010864258, 0, 0, 8, 4, 11, 0, 0, 0, 0, 2, 1, 2, 0, 0, 0, 3, 0, 0.3333333333333333, 0, 0, 0, 0, 0, 0, -8.27520751953125, 0.18427467346191406], [0, 0, 0, 0.07706323266029358, 0, 0, 8, 3, 10, 0, 0, 0, 0, 1, 1, 6, 0, 0, 0, 2, 0, 0.5, 0, 0, 0, 0, 0, 0, -23.8772029876709, 0.0], [0, 0, 0, 0.03586721420288086, 0, 0, 8, 13, 20, 0, 0, 1, 0, 8, 3, 2, 0, 0, 0, 12, 0, 0.2727272727272727, 0, 0, 0, 0, 0, 0, -3.354677677154541, 1.5445671081542969], [0, 0, 0, 0.1423550248146057, 0, 0, 8, 3, 10, 0, 0, 0, 0, 1, 1, 1, 0, 0, 0, 2, 0, 0.5, 0, 0, 0, 0, 0, 0, -23.8772029876709, 0.0], [1, 0, 0, 0.007687270641326904, 0, 0, 8, 3, 10, 1, 0, 0, 0, 1, 1, 6, 0, 0, 0, 2, 0, 0.8666666666666667, 0, 0, 0, 0, 0, 0, -23.8772029876709, 0.0], [0, 0, 0, 0.1234503984451294, 0, 0, 8, 4, 11, 0, 0, 0, 0, 2, 1, 3, 0, 0, 0, 3, 0, 0.6666666666666666, 0, 0, 0, 0, 0, 0, -8.27520751953125, 0.18427467346191406], [0, 0, 0, 0.009190291166305542, 0, 0, 8, 13, 20, 0, 0, 0, 0, 11, 1, 3, 0, 0, 0, 12, 0, 0.5, 0, 0, 0, 0, 0, 0, 13.165794372558594, 0.0009441375732421875], [0, 0, 1, 0.02559638023376465, 0, 0, 8, 11, 18, 0, 0, 1, 0, 7, 2, 1, 0, 0, 0, 10, 0, 0.75, 0, 0, 0, 0, 0, 0, -20.216449737548828, 0.09706687927246094], [0, 0, 0, 0.05142298340797424, 0, 0, 8, 13, 20, 0, 0, 0, 0, 11, 1, 1, 0, 0, 0, 12, 0, 0.2, 0, 0, 0, 0, 0, 0, 13.063285827636719, 0.0009059906005859375], [0, 0, 0, 0.040107160806655884, 0, 0, 8, 9, 16, 0, 0, 0, 0, 7, 1, 4, 0, 0, 0, 8, 0, 0.5, 0, 0, 0, 0, 0, 0, 9.402233123779297, 0.0023508071899414062], [0, 0, 0, 0.3427516520023346, 0, 0, 8, 3, 10, 0, 0, 0, 0, 1, 1, 2, 0, 0, 0, 2, 0, 0.3333333333333333, 0, 0, 0, 0, 0, 0, -23.8772029876709, 0.0], [0, 0, 0, 0.0045013427734375, 0, 0, 8, 11, 18, 0, 0, 0, 0, 7, 2, 1, 0, 0, 0, 10, 0, 0.75, 0, 0, 0, 0, 0, 0, -4.943088054656982, 1.335869312286377], [0, 0, 0, 0.0715884268283844, 0, 0, 8, 3, 10, 0, 0, 0, 0, 1, 1, 3, 0, 0, 0, 2, 0, 0.5, 0, 0, 0, 0, 0, 0, -23.8772029876709, 0.0], [0, 0, 0, 0.04889988899230957, 0, 0, 8, 3, 10, 0, 0, 0, 0, 1, 1, 3, 0, 0, 0, 2, 0, 0.5, 0, 0, 0, 0, 0, 0, -23.8772029876709, 0.0], [0, 0, 0, 0.016848593950271606, 0, 0, 8, 3, 10, 0, 0, 0, 0, 1, 1, 1, 0, 0, 0, 2, 0, 0.1111111111111111, 0, 0, 0, 0, 0, 0, -23.8772029876709, 0.0], [0, 0, 0, 0.04528728127479553, 0, 0, 8, 3, 10, 0, 0, 0, 0, 1, 1, 2, 0, 0, 0, 2, 0, 0.25, 0, 0, 0, 0, 0, 0, -23.8772029876709, 0.0], [0, 0, 0, 0.03692626953125, 0, 0, 8, 13, 20, 0, 0, 0, 0, 10, 2, 1, 0, 0, 0, 12, 0, 0.3333333333333333, 0, 0, 0, 0, 0, 0, 9.737106323242188, 6.573436737060547], [0, 0, 0, 0.030441850423812866, 0, 0, 8, 4, 11, 0, 0, 0, 0, 2, 1, 1, 0, 0, 0, 3, 0, 0.2, 0, 0, 0, 0, 0, 0, -8.27520751953125, 0.18427467346191406], [0, 0, 0, 0.022165149450302124, 0, 0, 8, 13, 20, 0, 0, 0, 0, 11, 1, 1, 0, 0, 0, 12, 0, 0.16666666666666666, 0, 0, 0, 0, 0, 0, 13.241032600402832, 0.0009737014770507812], [0, 0, 0, 0.05710691213607788, 0, 0, 8, 5, 12, 0, 0, 0, 0, 3, 1, 2, 0, 0, 0, 4, 0, 0.5, 0, 0, 0, 0, 0, 0, -1.5111944675445557, 0.013864278793334961], [0, 0, 0, 0.018062353134155273, 0, 0, 8, 3, 10, 0, 0, 0, 0, 1, 1, 3, 0, 0, 0, 2, 0, 0.6666666666666666, 0, 0, 0, 0, 0, 0, -23.8772029876709, 0.0], [0, 0, 0, 0.013266444206237793, 0, 0, 8, 3, 10, 0, 0, 0, 0, 1, 1, 6, 0, 0, 0, 2, 0, 0.6666666666666666, 0, 0, 0, 0, 0, 0, -23.8772029876709, 0.0], [0, 0, 0, 0.01756894588470459, 0, 0, 8, 5, 12, 0, 0, 0, 0, 3, 1, 4, 0, 0, 0, 4, 0, 0.6666666666666666, 0, 0, 0, 0, 0, 0, -1.5111944675445557, 0.013864278793334961], [0, 0, 0, 0.03790712356567383, 0, 0, 8, 7, 14, 0, 0, 0, 0, 5, 1, 1, 0, 0, 0, 6, 0, 0.6666666666666666, 0, 0, 0, 0, 0, 0, 5.662449359893799, 0.004663944244384766], [1, 0, 0, 0.22165530920028687, 0, 0, 8, 3, 10, 1, 1, 0, 0, 1, 1, 4, 0, 0, 0, 2, 0, 0.6666666666666666, 0, 0, 0, 0, 0, 0, -23.8772029876709, 0.0], [0, 0, 0, 0.030501097440719604, 0, 0, 8, 5, 12, 0, 0, 0, 0, 3, 1, 3, 0, 0, 0, 4, 0, 0.3333333333333333, 0, 0, 0, 0, 0, 0, -1.5111944675445557, 0.013864278793334961], [0, 0, 0, 0.0759325623512268, 0, 0, 8, 13, 20, 0, 0, 0, 0, 10, 2, 3, 0, 0, 0, 12, 0, 0.6666666666666666, 0, 0, 0, 0, 0, 0, 9.810510635375977, 6.567677974700928], [0, 0, 0, 0.06793877482414246, 0, 0, 8, 13, 20, 0, 0, 0, 0, 11, 1, 1, 0, 0, 0, 12, 0, 0.027777777777777776, 0, 0, 0, 0, 0, 0, 13.122389793395996, 0.0009250640869140625], [0, 0, 0, 0.017519265413284302, 0, 0, 8, 11, 18, 0, 0, 0, 0, 9, 1, 2, 0, 0, 0, 10, 0, 0.5, 0, 0, 0, 0, 0, 0, 11.693953514099121, 0.0014286041259765625], [0, 0, 0, 0.02143031358718872, 0, 0, 8, 10, 17, 0, 0, 0, 0, 8, 1, 2, 0, 0, 0, 9, 0, 0.5, 0, 0, 0, 0, 0, 0, -13.435162544250488, 0.052326202392578125], [0, 0, 0, 0.18847820162773132, 0, 0, 8, 4, 11, 0, 0, 0, 0, 2, 1, 3, 0, 0, 0, 3, 0, 0.5, 0, 0, 0, 0, 0, 0, -8.27520751953125, 0.18427467346191406], [0, 0, 0, 0.014463424682617188, 0, 0, 8, 4, 11, 0, 0, 0, 0, 2, 1, 6, 0, 0, 0, 3, 0, 0.6666666666666666, 0, 0, 0, 0, 0, 0, -8.27520751953125, 0.18427467346191406], [0, 0, 0, 0.02656450867652893, 0, 0, 8, 7, 14, 0, 0, 0, 0, 5, 1, 3, 0, 0, 0, 6, 0, 0.75, 0, 0, 0, 0, 0, 0, 5.662449359893799, 0.004663944244384766], [0, 0, 0, 0.06646406650543213, 0, 0, 8, 3, 10, 0, 0, 0, 0, 1, 1, 2, 0, 0, 0, 2, 0, 0.5, 0, 0, 0, 0, 0, 0, -23.8772029876709, 0.0], [0, 0, 0, 0.06363144516944885, 0, 0, 8, 5, 12, 0, 0, 0, 0, 3, 1, 4, 0, 0, 0, 4, 0, 0.6666666666666666, 0, 0, 0, 0, 0, 0, -1.5111944675445557, 0.013864278793334961], [0, 0, 0, 0.052012622356414795, 0, 0, 8, 6, 13, 0, 0, 0, 0, 3, 2, 3, 0, 0, 0, 5, 0, 0.75, 0, 0, 0, 0, 0, 0, -19.979122161865234, 16.64447784423828], [1, 0, 0, 0.016215920448303223, 0, 0, 8, 13, 20, 1, 0, 0, 0, 11, 1, 1, 0, 0, 0, 12, 1, 0.4, 0, 0, 0, 0, 0, 0, 13.112896919250488, 0.000926971435546875], [0, 0, 0, 0.1391434669494629, 0, 0, 8, 3, 10, 0, 0, 0, 0, 1, 1, 4, 0, 0, 0, 2, 0, 0.5, 0, 0, 0, 0, 0, 0, -23.8772029876709, 0.0], [0, 0, 0, 0.02982787787914276, 0, 0, 8, 3, 10, 0, 0, 0, 0, 1, 1, 2, 0, 0, 0, 2, 0, 0.5, 0, 0, 0, 0, 0, 0, -23.8772029876709, 0.0], [1, 0, 0, 0.0182456374168396, 1, 0, 8, 13, 20, 1, 0, 1, 0, 4, 4, 6, 0, 0, 0, 12, 1, 0.6666666666666666, 0, 0, 0, 0, 0, 0, -25.763036727905273, 1.5248775482177734], [0, 0, 0, 0.037828922271728516, 0, 0, 8, 13, 20, 0, 0, 0, 0, 10, 2, 4, 0, 0, 0, 12, 0, 0.5, 0, 0, 0, 0, 0, 0, 9.770641326904297, 6.577751636505127], [0, 0, 0, 0.016777560114860535, 0, 0, 8, 4, 11, 0, 0, 0, 0, 2, 1, 3, 0, 0, 0, 3, 0, 0.5, 0, 0, 0, 0, 0, 0, -8.27520751953125, 0.18427467346191406], [0, 0, 0, 0.03493392467498779, 0, 0, 8, 13, 20, 0, 0, 0, 0, 10, 2, 4, 0, 0, 0, 12, 0, 0.5, 0, 0, 0, 0, 0, 0, 9.785629272460938, 6.5804290771484375], [0, 0, 0, 0.013592034578323364, 0, 0, 8, 3, 10, 0, 0, 0, 0, 1, 1, 3, 0, 0, 0, 2, 0, 0.5, 0, 0, 0, 0, 0, 0, -23.8772029876709, 0.0], [0, 0, 0, 0.0133608877658844, 0, 0, 8, 3, 10, 0, 0, 0, 0, 1, 1, 4, 0, 0, 0, 2, 0, 0.5, 0, 0, 0, 0, 0, 0, -23.8772029876709, 0.0], [0, 0, 0, 0.013650298118591309, 0, 0, 8, 3, 10, 0, 1, 0, 0, 1, 1, 3, 0, 0, 0, 2, 0, 0.5, 0, 0, 0, 0, 0, 0, -23.8772029876709, 0.0], [0, 0, 0, 0.021726220846176147, 0, 0, 8, 6, 13, 0, 0, 0, 0, 4, 1, 1, 0, 0, 0, 5, 0, 0.017241379310344827, 0, 0, 0, 0, 0, 0, 2.7437801361083984, 0.007445335388183594], [0, 0, 0, 0.013682961463928223, 0, 0, 8, 13, 20, 0, 0, 1, 0, 8, 3, 4, 0, 0, 0, 12, 0, 0.6666666666666666, 0, 0, 0, 0, 0, 0, -3.3909292221069336, 1.535050392150879], [0, 0, 0, 0.06171917915344238, 0, 0, 8, 13, 20, 0, 0, 0, 0, 10, 2, 1, 0, 0, 0, 12, 0, 0.2, 0, 0, 0, 0, 0, 0, 9.61186695098877, 6.5890631675720215], [0, 0, 0, 0.06765210628509521, 0, 0, 8, 5, 12, 0, 0, 0, 0, 3, 1, 5, 0, 0, 0, 4, 0, 0.6666666666666666, 0, 0, 0, 0, 0, 0, -1.5111944675445557, 0.013864278793334961], [0, 0, 0, 0.06141343712806702, 0, 0, 8, 9, 16, 0, 0, 0, 0, 7, 1, 3, 0, 0, 0, 8, 0, 0.75, 0, 0, 0, 0, 0, 0, 9.402233123779297, 0.0023508071899414062], [0, 0, 0, 0.051606178283691406, 0, 0, 8, 13, 20, 0, 0, 0, 0, 11, 1, 1, 0, 0, 0, 12, 0, 0.027777777777777776, 0, 0, 0, 0, 0, 0, 13.122389793395996, 0.0009250640869140625], [0, 0, 0, 0.00522613525390625, 0, 0, 8, 13, 20, 0, 0, 0, 0, 11, 1, 1, 0, 0, 0, 12, 0, 0.25, 0, 0, 0, 0, 0, 0, 13.241032600402832, 0.0009737014770507812], [1, 0, 0, 0.018519163131713867, 1, 0, 8, 5, 12, 1, 0, 1, 0, 3, 1, 1, 0, 0, 0, 4, 1, 0.5, 0, 0, 0, 0, 0, 0, -1.4922235012054443, 0.013985872268676758], [0, 0, 0, 0.02395784854888916, 0, 0, 8, 10, 17, 0, 0, 1, 0, 7, 2, 2, 0, 0, 0, 9, 0, 0.3333333333333333, 0, 0, 0, 0, 0, 0, 6.275612831115723, 8.847597122192383], [0, 0, 0, 0.052573591470718384, 0, 0, 8, 13, 20, 0, 0, 0, 0, 10, 2, 1, 0, 0, 0, 12, 0, 0.027777777777777776, 0, 0, 0, 0, 0, 0, 9.681309700012207, 6.579928398132324], [0, 0, 0, 0.002440512180328369, 0, 0, 8, 4, 11, 0, 0, 0, 0, 2, 1, 5, 0, 0, 0, 3, 0, 0.6666666666666666, 0, 0, 0, 0, 0, 0, -8.27520751953125, 0.18427467346191406], [0, 0, 0, 0.014312505722045898, 0, 0, 8, 4, 11, 0, 0, 0, 0, 2, 1, 4, 0, 0, 0, 3, 0, 0.75, 0, 0, 0, 0, 0, 0, -8.27520751953125, 0.18427467346191406], [0, 0, 0, 0.018062353134155273, 0, 0, 8, 3, 10, 0, 0, 0, 0, 1, 1, 3, 0, 0, 0, 2, 0, 0.6666666666666666, 0, 0, 0, 0, 0, 0, -23.8772029876709, 0.0], [0, 0, 0, 0.09116941690444946, 0, 0, 8, 13, 20, 0, 0, 0, 0, 10, 2, 3, 0, 0, 0, 12, 0, 0.5, 0, 0, 0, 0, 0, 0, 9.801942825317383, 6.579188346862793], [0, 0, 0, 0.12741482257843018, 0, 0, 8, 3, 10, 0, 0, 0, 0, 1, 1, 3, 0, 0, 0, 2, 0, 0.5, 0, 0, 0, 0, 0, 0, -23.8772029876709, 0.0], [1, 0, 0, 0.07759988307952881, 0, 0, 8, 3, 10, 1, 0, 0, 0, 1, 1, 1, 0, 0, 0, 2, 0, 0.3333333333333333, 0, 0, 0, 0, 0, 0, -28.604970932006836, 0.0], [0, 0, 0, 0.0013208389282226562, 0, 0, 8, 3, 10, 0, 0, 0, 0, 1, 1, 1, 0, 0, 0, 2, 0, 0.125, 0, 0, 0, 0, 0, 0, -23.8772029876709, 0.0], [0, 0, 0, 0.04308560490608215, 0, 0, 8, 6, 13, 0, 0, 0, 0, 4, 1, 4, 0, 0, 0, 5, 0, 0.75, 0, 0, 0, 0, 0, 0, -14.485660552978516, 0.11641597747802734], [0, 0, 0, 0.07158839702606201, 0, 0, 8, 3, 10, 0, 0, 0, 0, 1, 1, 3, 0, 0, 0, 2, 0, 0.5, 0, 0, 0, 0, 0, 0, -23.8772029876709, 0.0], [0, 0, 0, 0.05993032455444336, 0, 0, 8, 13, 20, 0, 0, 0, 0, 11, 1, 1, 0, 0, 0, 12, 0, 0.2, 0, 0, 0, 0, 0, 0, 13.063285827636719, 0.0009059906005859375], [0, 0, 0, 0.05127990245819092, 0, 0, 8, 9, 16, 0, 0, 0, 0, 7, 1, 2, 0, 0, 0, 8, 0, 0.5, 0, 0, 0, 0, 0, 0, 9.402233123779297, 0.0023508071899414062], [1, 0, 1, 0.0, 1, 0, 8, 5, 12, 1, 0, 1, 1, 3, 1, 3, 0, 0, 0, 4, 1, 0.6666666666666666, 0, 0, 0, 0, 0, 0, -1.4922235012054443, 0.013985872268676758], [0, 0, 0, 0.15054452419281006, 0, 0, 8, 3, 10, 0, 0, 0, 0, 1, 1, 4, 0, 0, 0, 2, 0, 0.8, 0, 0, 0, 0, 0, 0, -23.8772029876709, 0.0], [0, 0, 0, 0.007425963878631592, 0, 0, 8, 6, 13, 0, 0, 0, 0, 4, 1, 3, 0, 0, 0, 5, 0, 0.5, 0, 0, 0, 0, 0, 0, -14.622296333312988, 0.14033985137939453], [0, 0, 0, 0.010365128517150879, 0, 0, 8, 7, 14, 0, 0, 0, 0, 5, 1, 5, 0, 0, 0, 6, 0, 0.75, 0, 0, 0, 0, 0, 0, -18.31474494934082, 0.05397796630859375], [0, 0, 0, 0.059948891401290894, 0, 0, 8, 13, 20, 0, 0, 0, 0, 11, 1, 1, 0, 0, 0, 12, 0, 0.1, 0, 0, 0, 0, 0, 0, 13.121283531188965, 0.000926971435546875], [0, 0, 0, 0.08955173194408417, 0, 0, 8, 4, 11, 0, 0, 0, 0, 2, 1, 2, 0, 0, 0, 3, 0, 0.3333333333333333, 0, 0, 0, 0, 0, 0, -8.27520751953125, 0.18427467346191406], [0, 0, 0, 0.044531941413879395, 0, 0, 8, 13, 20, 0, 0, 0, 0, 11, 1, 2, 0, 0, 0, 12, 0, 0.4, 0, 0, 0, 0, 0, 0, 13.215127944946289, 0.0009603500366210938], [1, 0, 1, 0.14910238981246948, 0, 1, 8, 3, 10, 1, 0, 0, 0, 1, 1, 4, 0, 0, 0, 2, 0, 0.6666666666666666, 0, 0, 1, 0, 0, 0, -9.103696823120117, 26.823713302612305], [0, 0, 0, 0.030850768089294434, 0, 0, 8, 5, 12, 0, 0, 0, 0, 3, 1, 4, 0, 0, 0, 4, 0, 0.6666666666666666, 0, 0, 0, 0, 0, 0, -1.5111944675445557, 0.013864278793334961], [1, 0, 0, 0.08533167839050293, 1, 0, 8, 3, 10, 1, 0, 0, 0, 1, 1, 4, 0, 0, 0, 2, 1, 0.6666666666666666, 0, 0, 0, 0, 0, 0, -23.8772029876709, 0.0], [0, 0, 0, 0.0799504816532135, 0, 0, 8, 13, 20, 0, 0, 0, 0, 11, 1, 1, 0, 0, 0, 12, 0, 0.1, 0, 0, 0, 0, 0, 0, 13.121283531188965, 0.000926971435546875], [0, 0, 0, 0.010502636432647705, 0, 0, 8, 3, 10, 0, 0, 0, 0, 1, 1, 1, 0, 0, 0, 2, 0, 0.08695652173913043, 0, 0, 0, 0, 0, 0, -23.8772029876709, 0.0], [0, 0, 0, 0.024729013442993164, 0, 0, 8, 9, 16, 0, 0, 0, 0, 7, 1, 3, 0, 0, 0, 8, 0, 0.3333333333333333, 0, 0, 0, 0, 0, 0, 9.402233123779297, 0.0023508071899414062], [0, 0, 0, 0.047749996185302734, 0, 0, 8, 13, 20, 0, 0, 0, 0, 11, 1, 1, 0, 0, 0, 12, 0, 0.06451612903225806, 0, 0, 0, 0, 0, 0, 13.122389793395996, 0.0009250640869140625], [0, 0, 0, 0.0271872878074646, 0, 0, 8, 12, 19, 0, 0, 0, 0, 10, 1, 2, 0, 0, 0, 11, 0, 0.3333333333333333, 0, 0, 0, 0, 0, 0, 12.535947799682617, 0.001163482666015625], [0, 0, 0, 0.016363710165023804, 0, 0, 8, 13, 20, 0, 0, 0, 0, 10, 2, 2, 0, 0, 0, 12, 0, 0.5, 0, 0, 0, 0, 0, 0, 9.773098945617676, 6.573696136474609], [1, 0, 0, 0.020372986793518066, 0, 0, 8, 13, 20, 1, 0, 1, 0, 8, 3, 5, 0, 0, 0, 12, 0, 0.6666666666666666, 0, 0, 0, 0, 0, 0, -3.38739275932312, 1.5471599102020264], [0, 0, 0, 0.025777578353881836, 0, 0, 8, 3, 10, 0, 0, 0, 0, 1, 1, 3, 0, 0, 0, 2, 0, 0.5, 0, 0, 0, 0, 0, 0, -23.8772029876709, 0.0], [0, 0, 0, 0.03733421862125397, 0, 0, 8, 3, 10, 0, 0, 0, 0, 1, 1, 1, 0, 0, 0, 2, 0, 0.15384615384615385, 0, 0, 0, 0, 0, 0, -23.8772029876709, 0.0], [1, 0, 0, 0.2386336326599121, 0, 0, 8, 3, 10, 1, 0, 0, 0, 1, 1, 4, 0, 0, 0, 2, 0, 0.6666666666666666, 0, 0, 0, 0, 0, 0, -23.8772029876709, 0.0], [0, 0, 0, 0.041532278060913086, 0, 0, 8, 3, 10, 0, 1, 0, 0, 1, 1, 1, 0, 0, 0, 2, 0, 0.3333333333333333, 0, 0, 0, 0, 0, 0, -23.8772029876709, 0.0], [0, 0, 0, 0.04284849762916565, 0, 0, 8, 13, 20, 0, 0, 0, 0, 10, 2, 2, 0, 0, 0, 12, 0, 0.25, 0, 0, 0, 0, 0, 0, 9.748090744018555, 6.5727362632751465], [0, 0, 0, 0.026411116123199463, 0, 0, 8, 5, 12, 0, 0, 0, 0, 3, 1, 1, 0, 0, 0, 4, 0, 0.5, 0, 0, 0, 0, 0, 0, -1.5111944675445557, 0.013864278793334961], [0, 0, 0, 0.0016887784004211426, 0, 0, 8, 4, 11, 0, 0, 1, 0, 2, 1, 2, 0, 0, 0, 3, 0, 0.3333333333333333, 0, 0, 0, 0, 0, 0, -8.247661590576172, 0.18477249145507812], [0, 0, 0, 0.11839967966079712, 0, 0, 8, 4, 11, 0, 0, 0, 0, 2, 1, 3, 0, 0, 0, 3, 0, 0.5, 0, 0, 0, 0, 0, 0, -8.27520751953125, 0.18427467346191406], [0, 0, 0, 0.03139173984527588, 0, 0, 8, 3, 10, 0, 0, 0, 0, 1, 1, 2, 0, 0, 0, 2, 0, 0.3333333333333333, 0, 0, 0, 0, 0, 0, -23.8772029876709, 0.0], [0, 0, 0, 0.1758611500263214, 0, 0, 8, 5, 12, 0, 0, 0, 0, 3, 1, 1, 0, 0, 0, 4, 0, 0.16666666666666666, 0, 0, 0, 0, 0, 0, -1.5111944675445557, 0.013864278793334961], [0, 0, 0, 0.39366844296455383, 0, 0, 8, 4, 11, 0, 0, 0, 0, 2, 1, 2, 0, 0, 0, 3, 0, 0.6666666666666666, 0, 0, 0, 0, 0, 0, -8.27520751953125, 0.18427467346191406], [0, 0, 0, 0.05457237362861633, 0, 0, 8, 6, 13, 0, 0, 0, 0, 4, 1, 3, 0, 0, 0, 5, 0, 0.5, 0, 0, 0, 0, 0, 0, -14.622296333312988, 0.14033985137939453], [1, 0, 1, 0.2558014988899231, 1, 0, 8, 12, 19, 1, 0, 1, 1, 6, 5, 3, 0, 0, 0, 11, 1, 0.5, 0, 0, 0, 0, 0, 0, -0.7796912789344788, 11.461702346801758], [0, 0, 0, 0.015469372272491455, 0, 0, 8, 13, 20, 0, 0, 0, 0, 10, 2, 4, 0, 0, 0, 12, 0, 0.75, 0, 0, 0, 0, 0, 0, 3.6266207695007324, 6.215728282928467], [0, 0, 0, 0.12199544906616211, 0, 0, 8, 3, 10, 0, 0, 0, 0, 1, 1, 5, 0, 0, 0, 2, 0, 0.8571428571428571, 0, 0, 0, 0, 0, 0, -23.8772029876709, 0.0], [0, 0, 0, 0.15799680352210999, 0, 0, 8, 3, 10, 0, 0, 0, 0, 1, 1, 2, 0, 0, 0, 2, 0, 0.3333333333333333, 0, 0, 0, 0, 0, 0, -23.8772029876709, 0.0], [0, 0, 0, 0.09165546298027039, 0, 0, 8, 13, 20, 0, 0, 1, 0, 10, 2, 3, 0, 0, 0, 12, 0, 0.6666666666666666, 0, 0, 0, 0, 0, 0, 9.774243354797363, 6.564730644226074], [0, 0, 0, 0.006913214921951294, 0, 0, 8, 5, 12, 0, 0, 0, 0, 3, 1, 3, 0, 0, 0, 4, 0, 0.5, 0, 0, 0, 0, 0, 0, -1.5111944675445557, 0.013864278793334961], [0, 0, 0, 0.0016551613807678223, 0, 0, 8, 13, 20, 0, 0, 0, 0, 11, 1, 2, 0, 0, 0, 12, 0, 0.6666666666666666, 0, 0, 0, 0, 0, 0, 13.23603630065918, 0.0009698867797851562], [0, 0, 0, 0.06432655453681946, 0, 0, 8, 13, 20, 0, 0, 0, 0, 11, 1, 1, 0, 0, 0, 12, 0, 0.2, 0, 0, 0, 0, 0, 0, 13.063285827636719, 0.0009059906005859375], [0, 0, 0, 0.03137585520744324, 0, 0, 8, 13, 20, 0, 0, 0, 0, 10, 2, 4, 0, 0, 0, 12, 0, 0.75, 0, 0, 0, 0, 0, 0, 3.6553232669830322, 6.219602584838867], [0, 0, 0, 0.02511453628540039, 0, 0, 8, 13, 20, 0, 0, 1, 0, 11, 1, 1, 0, 0, 0, 12, 0, 0.25, 0, 0, 0, 0, 0, 0, 13.218866348266602, 0.0009584426879882812], [0, 0, 0, 0.02780178189277649, 0, 0, 8, 11, 18, 0, 0, 0, 0, 9, 1, 2, 0, 0, 0, 10, 0, 0.5, 0, 0, 0, 0, 0, 0, 11.693953514099121, 0.0014286041259765625], [0, 0, 0, 0.019834697246551514, 0, 0, 8, 6, 13, 0, 0, 0, 0, 4, 1, 3, 0, 0, 0, 5, 0, 0.5, 0, 0, 0, 0, 0, 0, -14.622296333312988, 0.14033985137939453], [0, 0, 0, 0.019383668899536133, 0, 1, 8, 12, 19, 0, 0, 0, 0, 7, 3, 3, 0, 0, 0, 11, 0, 0.4, 0, 0, 1, 0, 0, 0, -25.472841262817383, 2.1504459381103516], [0, 0, 0, 0.055736243724823, 0, 0, 8, 13, 20, 0, 0, 0, 0, 10, 2, 1, 0, 0, 0, 12, 0, 0.2, 0, 0, 0, 0, 0, 0, 9.62251091003418, 6.589104175567627], [0, 0, 0, 0.017961621284484863, 0, 0, 8, 3, 10, 0, 0, 0, 0, 1, 1, 3, 0, 0, 0, 2, 0, 0.5, 0, 0, 0, 0, 0, 0, -23.8772029876709, 0.0], [0, 0, 0, 0.027838200330734253, 0, 0, 8, 13, 20, 0, 0, 0, 0, 11, 1, 2, 0, 0, 0, 12, 0, 0.6666666666666666, 0, 0, 0, 0, 0, 0, 13.22695541381836, 0.0009632110595703125], [0, 0, 0, 0.01121559739112854, 0, 0, 8, 13, 20, 0, 0, 0, 0, 11, 1, 1, 0, 0, 0, 12, 0, 0.017241379310344827, 0, 0, 0, 0, 0, 0, 13.176047325134277, 0.0009489059448242188], [1, 0, 0, 0.08098897337913513, 0, 0, 8, 4, 11, 1, 0, 0, 0, 2, 1, 3, 0, 0, 0, 3, 0, 0.5, 0, 0, 0, 0, 0, 0, 5.3374104499816895, 26.73729705810547], [1, 0, 0, 0.018719851970672607, 0, 0, 8, 12, 19, 1, 0, 1, 1, 8, 2, 3, 0, 0, 0, 11, 0, 0.4, 0, 0, 0, 0, 0, 0, -22.202007293701172, 0.4179191589355469], [0, 0, 0, 0.35389357805252075, 0, 0, 8, 3, 10, 0, 0, 0, 0, 1, 1, 4, 0, 0, 0, 2, 0, 0.5, 0, 0, 0, 0, 0, 0, -23.8772029876709, 0.0], [0, 0, 0, 0.0029841363430023193, 0, 0, 8, 13, 20, 0, 0, 0, 0, 11, 1, 1, 0, 0, 0, 12, 0, 0.2, 0, 0, 0, 0, 0, 0, 13.198792457580566, 0.0009546279907226562], [0, 0, 0, 0.011650294065475464, 0, 0, 8, 3, 10, 0, 0, 0, 0, 1, 1, 4, 0, 0, 0, 2, 0, 0.5, 0, 0, 0, 0, 0, 0, -23.8772029876709, 0.0], [0, 0, 0, 0.033928632736206055, 0, 0, 8, 13, 20, 0, 0, 0, 0, 11, 1, 2, 0, 0, 0, 12, 0, 0.5, 0, 0, 0, 0, 0, 0, 13.215127944946289, 0.0009603500366210938], [0, 0, 0, 0.09461215138435364, 0, 0, 8, 7, 14, 0, 0, 0, 0, 5, 1, 4, 0, 0, 0, 6, 0, 0.75, 0, 0, 0, 0, 0, 0, 5.662449359893799, 0.004663944244384766], [1, 0, 0, 0.011630713939666748, 0, 0, 8, 13, 20, 1, 0, 0, 0, 11, 1, 1, 0, 0, 0, 12, 0, 0.017241379310344827, 0, 0, 0, 0, 0, 0, 13.218866348266602, 0.0009584426879882812], [1, 0, 1, 0.027825474739074707, 0, 0, 8, 4, 11, 1, 0, 1, 1, 2, 1, 4, 0, 0, 0, 3, 0, 0.75, 0, 0, 0, 0, 0, 0, -8.247661590576172, 0.18477249145507812], [0, 0, 0, 0.03740745782852173, 0, 0, 8, 13, 20, 0, 0, 0, 0, 10, 2, 4, 0, 0, 0, 12, 0, 0.75, 0, 0, 0, 0, 0, 0, 4.62570333480835, 5.045405864715576], [1, 0, 0, 0.006897926330566406, 0, 0, 8, 12, 19, 1, 0, 1, 0, 8, 3, 2, 0, 0, 0, 11, 0, 0.4, 0, 0, 0, 0, 0, 0, -12.60676383972168, 8.738338470458984], [0, 0, 0, 0.023930788040161133, 0, 0, 8, 13, 20, 0, 0, 0, 0, 11, 1, 2, 0, 0, 0, 12, 0, 0.4, 0, 0, 0, 0, 0, 0, 13.215127944946289, 0.0009603500366210938], [0, 0, 0, 0.1090041995048523, 0, 0, 8, 13, 20, 0, 0, 0, 0, 11, 1, 6, 0, 0, 0, 12, 0, 0.5, 0, 0, 0, 0, 0, 0, 16.41183853149414, 12.568986892700195], [1, 0, 0, 0.08231186866760254, 0, 0, 8, 11, 18, 1, 0, 0, 0, 8, 2, 1, 0, 0, 0, 10, 1, 0.25, 0, 0, 0, 0, 0, 0, 1.971308708190918, 7.160373210906982], [1, 0, 0, 0.016237497329711914, 0, 0, 8, 6, 13, 1, 0, 1, 0, 3, 2, 5, 0, 0, 0, 5, 1, 0.6666666666666666, 0, 0, 0, 0, 0, 0, -19.74378776550293, 14.88731575012207], [0, 0, 0, 0.07260864973068237, 0, 0, 8, 3, 10, 0, 0, 0, 0, 1, 1, 2, 0, 0, 0, 2, 0, 0.25, 0, 0, 0, 0, 0, 0, -23.8772029876709, 0.0], [0, 0, 0, 0.005508840084075928, 0, 0, 8, 13, 20, 0, 0, 0, 0, 9, 3, 5, 0, 0, 0, 12, 0, 0.6666666666666666, 0, 0, 0, 0, 0, 0, 6.525462627410889, 7.969611167907715], [0, 0, 0, 0.018062472343444824, 0, 0, 8, 3, 10, 0, 0, 0, 0, 1, 1, 3, 0, 0, 0, 2, 0, 0.6666666666666666, 0, 0, 0, 0, 0, 0, -23.8772029876709, 0.0], [0, 0, 0, 0.057452887296676636, 0, 0, 8, 13, 20, 0, 0, 1, 0, 11, 1, 1, 0, 0, 0, 12, 0, 0.017241379310344827, 0, 0, 0, 0, 0, 0, 13.218866348266602, 0.0009584426879882812], [1, 0, 1, 0.020372986793518066, 0, 0, 8, 13, 20, 1, 0, 1, 0, 9, 2, 5, 0, 0, 0, 12, 0, 0.6666666666666666, 0, 0, 0, 0, 0, 0, -1.8262696266174316, 1.1811938285827637], [0, 0, 0, 0.02862095832824707, 0, 0, 8, 13, 20, 0, 0, 0, 0, 10, 2, 2, 0, 0, 0, 12, 0, 0.75, 0, 0, 0, 0, 0, 0, 9.795507431030273, 6.572752952575684], [0, 0, 0, 0.07361453771591187, 0, 0, 8, 4, 11, 0, 0, 0, 0, 2, 1, 2, 0, 0, 0, 3, 0, 0.25, 0, 0, 0, 0, 0, 0, -8.27520751953125, 0.18427467346191406], [1, 0, 1, 0.07962754368782043, 0, 0, 8, 13, 20, 1, 0, 1, 1, 11, 1, 4, 0, 0, 0, 12, 0, 0.5, 0, 0, 0, 0, 0, 0, 13.246392250061035, 0.0009756088256835938], [0, 0, 0, 0.14338523149490356, 0, 0, 8, 4, 11, 0, 0, 0, 0, 2, 1, 1, 0, 0, 0, 3, 0, 0.3076923076923077, 0, 0, 0, 0, 0, 0, -8.27520751953125, 0.18427467346191406], [1, 0, 0, 0.15807196497917175, 0, 0, 8, 7, 14, 1, 0, 1, 0, 4, 2, 3, 0, 0, 0, 6, 1, 0.6, 0, 0, 0, 0, 0, 0, -16.21346092224121, 13.521738052368164], [0, 0, 0, 0.028698503971099854, 0, 0, 8, 13, 20, 0, 0, 0, 0, 11, 1, 4, 0, 0, 0, 12, 0, 0.6666666666666666, 0, 0, 0, 0, 0, 0, 13.23603630065918, 0.0009698867797851562], [0, 0, 0, 0.00646325945854187, 0, 0, 8, 7, 14, 0, 0, 0, 0, 5, 1, 1, 0, 0, 0, 6, 0, 0.1111111111111111, 0, 0, 0, 0, 0, 0, -12.027193069458008, 0.08903694152832031], [0, 0, 0, 0.03145319223403931, 0, 0, 8, 3, 10, 0, 0, 0, 0, 1, 1, 2, 0, 0, 0, 2, 0, 0.3333333333333333, 0, 0, 0, 0, 0, 0, -23.8772029876709, 0.0], [0, 0, 0, 0.01995590329170227, 0, 0, 8, 3, 10, 0, 0, 0, 0, 1, 1, 2, 0, 0, 0, 2, 0, 0.2, 0, 0, 0, 0, 0, 0, -23.8772029876709, 0.0], [0, 0, 0, 0.22511553764343262, 0, 0, 8, 10, 17, 0, 0, 1, 0, 4, 5, 7, 0, 0, 0, 9, 0, 0.8571428571428571, 0, 0, 0, 0, 0, 0, -19.56148910522461, 14.290325164794922], [0, 0, 0, 0.012777596712112427, 0, 0, 8, 13, 20, 0, 0, 0, 0, 11, 1, 3, 0, 0, 0, 12, 0, 0.5, 0, 0, 0, 0, 0, 0, 13.23603630065918, 0.0009698867797851562], [0, 0, 0, 0.009041965007781982, 0, 0, 8, 10, 17, 0, 0, 0, 0, 8, 1, 4, 0, 0, 0, 9, 0, 0.5, 0, 0, 0, 0, 0, 0, 10.671062469482422, 0.0018014907836914062], [0, 0, 0, 0.01600492000579834, 0, 0, 8, 4, 11, 0, 0, 0, 0, 2, 1, 3, 0, 0, 0, 3, 0, 0.5, 0, 0, 0, 0, 0, 0, -8.27520751953125, 0.18427467346191406], [0, 0, 1, 0.04117906093597412, 0, 0, 8, 8, 15, 0, 0, 1, 1, 4, 3, 3, 0, 0, 0, 7, 0, 0.5, 0, 0, 0, 0, 0, 0, -18.757097244262695, 13.628782272338867], [0, 0, 0, 0.063748300075531, 0, 0, 8, 3, 10, 0, 0, 0, 0, 1, 1, 2, 0, 0, 0, 2, 0, 0.5, 0, 0, 0, 0, 0, 0, -23.8772029876709, 0.0], [0, 0, 0, 0.017318516969680786, 0, 0, 8, 13, 20, 0, 0, 0, 0, 11, 1, 2, 0, 0, 0, 12, 0, 0.5, 0, 0, 0, 0, 0, 0, 7.027981758117676, 0.037169456481933594], [0, 0, 0, 0.2811259776353836, 0, 0, 8, 4, 11, 0, 0, 0, 0, 2, 1, 3, 0, 0, 0, 3, 0, 0.3333333333333333, 0, 0, 0, 0, 0, 0, -8.27520751953125, 0.18427467346191406], [0, 0, 0, 0.06918758153915405, 0, 0, 8, 11, 18, 0, 0, 0, 0, 7, 3, 1, 0, 0, 0, 10, 0, 0.4, 0, 0, 0, 0, 0, 0, 3.9776229858398438, 9.668309211730957], [0, 0, 0, 0.05756497383117676, 0, 0, 8, 13, 20, 0, 0, 0, 0, 11, 1, 2, 0, 0, 0, 12, 0, 0.5, 0, 0, 0, 0, 0, 0, 13.160223007202148, 0.00093841552734375], [0, 0, 0, 0.040305495262145996, 0, 0, 8, 13, 20, 0, 0, 0, 0, 10, 2, 1, 0, 0, 0, 12, 0, 0.06451612903225806, 0, 0, 0, 0, 0, 0, 9.667878150939941, 6.579916000366211], [0, 0, 0, 0.030601978302001953, 0, 0, 8, 13, 20, 0, 0, 0, 0, 11, 1, 1, 0, 0, 0, 12, 0, 0.4, 0, 0, 0, 0, 0, 0, 13.112896919250488, 0.000926971435546875], [0, 0, 0, 0.014978110790252686, 0, 0, 8, 5, 12, 0, 0, 0, 0, 3, 1, 6, 0, 0, 0, 4, 0, 0.8, 0, 0, 0, 0, 0, 0, -1.5111944675445557, 0.013864278793334961], [0, 0, 0, 0.07809126377105713, 0, 0, 8, 13, 20, 0, 0, 0, 0, 11, 1, 1, 0, 0, 0, 12, 0, 0.1, 0, 0, 0, 0, 0, 0, 13.121283531188965, 0.000926971435546875], [0, 0, 0, 0.04148685932159424, 0, 0, 8, 9, 16, 0, 0, 0, 0, 6, 2, 4, 0, 0, 0, 8, 0, 0.6666666666666666, 0, 0, 0, 0, 0, 0, 4.5800957679748535, 10.009523391723633], [0, 0, 0, 0.026888340711593628, 0, 0, 8, 5, 12, 0, 0, 0, 0, 3, 1, 3, 0, 0, 0, 4, 0, 0.5, 0, 0, 0, 0, 0, 0, -1.5111944675445557, 0.013864278793334961], [0, 0, 0, 0.3345963656902313, 0, 0, 8, 5, 12, 0, 0, 0, 0, 3, 1, 3, 0, 0, 0, 4, 0, 0.3333333333333333, 0, 0, 0, 0, 0, 0, -1.5111944675445557, 0.013864278793334961], [0, 0, 0, 0.061199307441711426, 0, 0, 8, 3, 10, 0, 0, 0, 0, 1, 1, 5, 0, 0, 0, 2, 0, 0.75, 0, 0, 0, 0, 0, 0, -23.8772029876709, 0.0], [0, 0, 0, 0.03867766261100769, 0, 0, 8, 3, 10, 0, 0, 0, 0, 1, 1, 4, 0, 0, 0, 2, 0, 0.5, 0, 0, 0, 0, 0, 0, -23.8772029876709, 0.0], [0, 0, 0, 0.16335910558700562, 0, 0, 8, 13, 20, 0, 0, 0, 0, 11, 1, 2, 0, 0, 0, 12, 0, 0.16666666666666666, 0, 0, 0, 0, 0, 0, 13.144071578979492, 0.0009336471557617188], [0, 0, 0, 0.006387650966644287, 0, 0, 7, 3, 9, 0, 0, 0, 0, 1, 1, 6, 0, 0, 0, 2, 0, 0.5, 0, 0, 0, 0, 0, 0, -23.8772029876709, 0.0], [0, 0, 0, 0.034174203872680664, 0, 0, 8, 7, 14, 0, 0, 0, 0, 5, 1, 1, 0, 0, 0, 6, 0, 0.07142857142857142, 0, 0, 0, 0, 0, 0, 5.662449359893799, 0.004663944244384766], [0, 0, 0, 0.1716468632221222, 0, 0, 8, 13, 20, 0, 0, 0, 0, 10, 2, 2, 0, 0, 0, 12, 0, 0.16666666666666666, 0, 0, 0, 0, 0, 0, 9.691998481750488, 6.572943687438965], [0, 0, 0, 0.05348280072212219, 0, 0, 8, 13, 20, 0, 0, 0, 0, 11, 1, 1, 0, 0, 0, 12, 0, 0.2, 0, 0, 0, 0, 0, 0, 13.063285827636719, 0.0009059906005859375], [1, 0, 0, 0.044819921255111694, 0, 0, 8, 4, 11, 1, 0, 0, 0, 2, 1, 3, 0, 0, 0, 3, 0, 0.5, 0, 0, 0, 0, 0, 0, -8.27520751953125, 0.18427467346191406], [0, 0, 0, 0.11017215251922607, 0, 0, 8, 6, 13, 0, 0, 0, 0, 4, 1, 3, 0, 0, 0, 5, 0, 0.5, 0, 0, 0, 0, 0, 0, 2.7437801361083984, 0.007445335388183594], [0, 0, 0, 0.010432153940200806, 0, 0, 8, 5, 12, 0, 1, 0, 0, 3, 1, 3, 0, 0, 0, 4, 0, 0.5, 0, 0, 0, 0, 0, 0, -1.5111944675445557, 0.013864278793334961], [0, 0, 0, 0.011123418807983398, 0, 0, 8, 7, 14, 0, 0, 0, 0, 5, 1, 2, 0, 0, 0, 6, 0, 0.3333333333333333, 0, 0, 0, 0, 0, 0, 5.662449359893799, 0.004663944244384766], [0, 0, 0, 0.00576704740524292, 0, 0, 8, 3, 10, 0, 0, 0, 0, 1, 1, 2, 0, 0, 0, 2, 0, 0.5, 0, 0, 0, 0, 0, 0, -23.8772029876709, 0.0], [0, 0, 0, 0.111866295337677, 0, 0, 8, 6, 13, 0, 0, 0, 0, 1, 4, 2, 0, 0, 0, 5, 0, 0.5, 0, 0, 0, 0, 0, 0, -33.014896392822266, 0.0], [0, 0, 0, 0.1920262575149536, 0, 0, 8, 3, 10, 0, 0, 0, 0, 1, 1, 3, 0, 0, 0, 2, 0, 0.5, 0, 0, 0, 0, 0, 0, -23.8772029876709, 0.0], [0, 0, 0, 0.0049839019775390625, 0, 0, 8, 11, 18, 0, 0, 0, 0, 9, 1, 2, 0, 0, 0, 10, 0, 0.5, 0, 0, 0, 0, 0, 0, 11.693953514099121, 0.0014286041259765625], [0, 0, 0, 0.03426377475261688, 0, 0, 8, 13, 20, 0, 0, 0, 0, 11, 1, 1, 0, 0, 0, 12, 0, 0.2, 0, 0, 0, 0, 0, 0, 13.198792457580566, 0.0009546279907226562], [0, 0, 1, 8.103251457214355e-05, 0, 0, 8, 5, 12, 0, 0, 1, 1, 2, 2, 2, 0, 0, 0, 4, 0, 0.3333333333333333, 0, 0, 0, 0, 0, 0, -13.492250442504883, 23.33387565612793], [0, 0, 0, 0.009986639022827148, 0, 0, 8, 3, 10, 0, 0, 0, 0, 1, 1, 3, 0, 0, 0, 2, 0, 0.5, 0, 0, 0, 0, 0, 0, -23.8772029876709, 0.0], [0, 0, 0, 0.05844247341156006, 0, 0, 8, 13, 20, 0, 0, 0, 0, 11, 1, 1, 0, 0, 0, 12, 0, 0.2, 0, 0, 0, 0, 0, 0, 13.063285827636719, 0.0009059906005859375], [0, 0, 0, 0.008643031120300293, 0, 0, 8, 13, 20, 0, 0, 0, 0, 10, 2, 6, 0, 0, 0, 12, 0, 0.5, 0, 0, 0, 0, 0, 0, 9.78123950958252, 6.561145782470703], [0, 0, 0, 0.10338225960731506, 0, 0, 8, 13, 20, 0, 0, 0, 0, 10, 2, 1, 0, 0, 0, 12, 0, 0.1, 0, 0, 0, 0, 0, 0, 9.659594535827637, 6.574139595031738], [0, 0, 0, 0.009919315576553345, 0, 0, 8, 7, 14, 0, 0, 0, 0, 5, 1, 4, 0, 0, 0, 6, 0, 0.5, 0, 0, 0, 0, 0, 0, -12.027193069458008, 0.08903694152832031], [0, 0, 0, 0.08065426349639893, 0, 0, 8, 3, 10, 0, 0, 0, 0, 1, 1, 4, 0, 0, 0, 2, 0, 0.5, 0, 0, 0, 0, 0, 0, -23.8772029876709, 0.0], [0, 0, 0, 0.014372184872627258, 0, 0, 8, 5, 12, 0, 0, 0, 0, 3, 1, 3, 0, 0, 0, 4, 0, 0.75, 0, 0, 0, 0, 0, 0, -1.5111944675445557, 0.013864278793334961], [0, 0, 0, 0.011766552925109863, 0, 0, 8, 13, 20, 0, 0, 0, 0, 6, 6, 5, 0, 0, 0, 12, 0, 0.5, 0, 0, 0, 0, 0, 0, -1.7904694080352783, 11.593695640563965], [1, 0, 0, 0.10388290882110596, 0, 0, 8, 3, 10, 1, 0, 0, 0, 1, 1, 3, 0, 0, 0, 2, 0, 0.5, 0, 0, 0, 0, 0, 0, -23.8772029876709, 0.0], [0, 0, 0, 0.27114033699035645, 0, 0, 8, 3, 10, 0, 0, 0, 0, 1, 1, 2, 0, 0, 0, 2, 0, 0.16666666666666666, 0, 0, 0, 0, 0, 0, -23.8772029876709, 0.0], [0, 0, 0, 0.03163479268550873, 0, 0, 8, 13, 20, 0, 0, 0, 0, 11, 1, 1, 0, 0, 0, 12, 0, 0.09090909090909091, 0, 0, 0, 0, 0, 0, 13.22695541381836, 0.0009632110595703125], [0, 0, 0, 0.022433161735534668, 0, 0, 8, 4, 11, 0, 0, 0, 0, 2, 1, 3, 0, 0, 0, 3, 0, 0.5, 0, 0, 0, 0, 0, 0, -8.27520751953125, 0.18427467346191406], [0, 0, 0, 0.29430046677589417, 0, 0, 8, 3, 10, 0, 0, 0, 0, 1, 1, 2, 0, 0, 0, 2, 0, 0.5, 0, 0, 0, 0, 0, 0, -23.8772029876709, 0.0], [0, 0, 0, 0.007772088050842285, 0, 0, 8, 7, 14, 0, 0, 1, 0, 4, 2, 3, 0, 0, 0, 6, 0, 0.6666666666666666, 0, 0, 0, 0, 0, 0, -18.592451095581055, 12.954980850219727], [0, 0, 0, 0.01021510362625122, 0, 0, 8, 3, 10, 0, 0, 0, 0, 1, 1, 1, 0, 0, 0, 2, 0, 0.25, 0, 0, 0, 0, 0, 0, -23.8772029876709, 0.0], [0, 0, 0, 0.0356484055519104, 0, 0, 8, 3, 10, 0, 0, 0, 0, 1, 1, 2, 0, 0, 0, 2, 0, 0.6666666666666666, 0, 0, 0, 0, 0, 0, -23.8772029876709, 0.0], [0, 0, 0, 0.011702477931976318, 0, 0, 8, 4, 11, 0, 0, 0, 0, 2, 1, 1, 0, 0, 0, 3, 0, 0.5, 0, 0, 0, 0, 0, 0, -8.27520751953125, 0.18427467346191406], [0, 0, 0, 0.06989723443984985, 0, 0, 8, 13, 20, 0, 0, 0, 0, 11, 1, 1, 0, 0, 0, 12, 0, 0.2, 0, 0, 0, 0, 0, 0, 13.063285827636719, 0.0009059906005859375], [0, 0, 0, 0.26221680641174316, 0, 0, 8, 3, 10, 0, 0, 0, 0, 1, 1, 3, 0, 0, 0, 2, 0, 0.6, 0, 0, 0, 0, 0, 0, -23.8772029876709, 0.0], [1, 0, 0, 0.0004717111587524414, 0, 0, 8, 5, 12, 1, 0, 0, 0, 3, 1, 5, 0, 0, 0, 4, 0, 0.6666666666666666, 0, 0, 0, 0, 0, 0, -1.5111944675445557, 0.013864278793334961], [1, 0, 1, 0.07962754368782043, 0, 0, 8, 13, 20, 1, 0, 1, 1, 11, 1, 4, 0, 0, 0, 12, 0, 0.5, 0, 0, 0, 0, 0, 0, 13.246392250061035, 0.0009756088256835938], [0, 0, 0, 0.028349637985229492, 0, 0, 8, 6, 13, 0, 0, 0, 0, 3, 2, 3, 0, 0, 0, 5, 0, 0.75, 0, 0, 0, 0, 0, 0, -20.026775360107422, 16.723796844482422], [0, 0, 0, 0.026267707347869873, 0, 0, 8, 5, 12, 0, 0, 0, 0, 3, 1, 2, 0, 0, 0, 4, 0, 0.5, 0, 0, 0, 0, 0, 0, -1.5111944675445557, 0.013864278793334961], [0, 0, 0, 0.09063714742660522, 0, 0, 8, 3, 10, 0, 0, 0, 0, 1, 1, 4, 0, 0, 0, 2, 0, 0.5, 0, 0, 0, 0, 0, 0, -23.8772029876709, 0.0], [0, 0, 0, 0.130977064371109, 0, 0, 8, 8, 15, 0, 0, 0, 0, 6, 1, 3, 0, 0, 0, 7, 0, 0.5, 0, 0, 0, 0, 0, 0, -10.663628578186035, 0.016198158264160156], [0, 0, 0, 0.06581169366836548, 0, 0, 8, 9, 16, 0, 0, 0, 0, 7, 1, 3, 0, 0, 0, 8, 0, 0.5, 0, 0, 0, 0, 0, 0, 13.561484336853027, 14.006302833557129], [0, 0, 0, 0.027217626571655273, 0, 0, 8, 3, 10, 0, 0, 0, 0, 1, 1, 1, 0, 0, 0, 2, 0, 0.6666666666666666, 0, 0, 0, 0, 0, 0, -23.8772029876709, 0.0], [0, 0, 0, 0.028905928134918213, 0, 0, 8, 13, 20, 0, 0, 0, 0, 10, 2, 1, 0, 0, 0, 12, 0, 0.4, 0, 0, 0, 0, 0, 0, 9.677597999572754, 6.586777687072754], [0, 0, 0, 0.059840500354766846, 0, 0, 8, 13, 20, 0, 0, 0, 0, 11, 1, 1, 0, 0, 0, 12, 0, 0.2, 0, 0, 0, 0, 0, 0, 13.063285827636719, 0.0009059906005859375], [0, 0, 0, 0.012540698051452637, 0, 0, 8, 7, 14, 0, 0, 0, 0, 5, 1, 4, 0, 0, 0, 6, 0, 0.5, 0, 0, 0, 0, 0, 0, -12.8487548828125, 0.02072429656982422], [0, 0, 0, 0.4319492280483246, 0, 0, 8, 3, 10, 0, 0, 0, 0, 1, 1, 4, 0, 0, 0, 2, 0, 0.5384615384615384, 0, 0, 0, 0, 0, 0, -23.8772029876709, 0.0], [0, 0, 0, 0.08145296573638916, 0, 0, 8, 3, 10, 0, 0, 0, 0, 1, 1, 5, 0, 0, 0, 2, 0, 0.5, 0, 0, 0, 0, 0, 0, -23.8772029876709, 0.0], [0, 0, 0, 0.055023133754730225, 0, 0, 8, 11, 18, 0, 0, 0, 0, 9, 1, 1, 0, 0, 0, 10, 0, 0.1111111111111111, 0, 0, 0, 0, 0, 0, 11.693953514099121, 0.0014286041259765625], [0, 0, 0, 0.14910244941711426, 0, 0, 8, 3, 10, 0, 0, 0, 0, 1, 1, 4, 0, 0, 0, 2, 0, 0.6666666666666666, 0, 0, 0, 0, 0, 0, -23.8772029876709, 0.0], [0, 0, 0, 0.0, 0, 0, 8, 13, 20, 0, 0, 0, 0, 11, 1, 2, 0, 0, 0, 12, 0, 0.5, 0, 0, 0, 0, 0, 0, 13.215127944946289, 0.0009603500366210938], [0, 0, 0, 0.03528541326522827, 0, 0, 8, 11, 18, 0, 0, 0, 0, 9, 1, 1, 0, 0, 0, 10, 0, 0.08333333333333333, 0, 0, 0, 0, 0, 0, -11.028919219970703, 0.010438919067382812], [1, 0, 1, 0.13303494453430176, 0, 0, 8, 4, 11, 1, 0, 1, 1, 2, 1, 3, 0, 0, 0, 3, 0, 0.3333333333333333, 0, 0, 0, 0, 0, 0, -8.247661590576172, 0.18477249145507812], [1, 0, 0, 0.0182456374168396, 1, 0, 8, 13, 20, 1, 1, 1, 0, 5, 4, 6, 0, 0, 0, 12, 1, 0.6666666666666666, 0, 0, 0, 0, 0, 0, -20.977041244506836, 1.5069103240966797], [0, 0, 0, 0.06472495198249817, 0, 0, 8, 13, 20, 0, 0, 0, 0, 11, 1, 1, 0, 0, 0, 12, 0, 0.2, 0, 0, 0, 0, 0, 0, 13.063285827636719, 0.0009059906005859375], [0, 0, 0, 0.08226960897445679, 0, 0, 8, 13, 20, 0, 0, 0, 0, 11, 1, 1, 0, 0, 0, 12, 0, 0.017241379310344827, 0, 0, 0, 0, 0, 0, 13.218866348266602, 0.0009584426879882812], [0, 0, 0, 0.06147949397563934, 0, 0, 8, 7, 14, 0, 0, 0, 0, 5, 1, 1, 0, 0, 0, 6, 0, 0.07142857142857142, 0, 0, 0, 0, 0, 0, 5.662449359893799, 0.004663944244384766], [0, 0, 0, 0.011125355958938599, 0, 0, 8, 3, 10, 0, 0, 0, 0, 1, 1, 4, 0, 0, 0, 2, 0, 0.5, 0, 0, 0, 0, 0, 0, -23.8772029876709, 0.0], [1, 0, 0, 0.0073372721672058105, 0, 0, 8, 13, 20, 1, 0, 0, 0, 10, 2, 1, 0, 0, 0, 12, 0, 0.1111111111111111, 0, 0, 0, 0, 0, 0, 9.750043869018555, 6.575369834899902], [0, 0, 0, 0.0853014588356018, 0, 0, 8, 3, 10, 0, 0, 0, 0, 1, 1, 4, 0, 0, 0, 2, 0, 0.5, 0, 0, 0, 0, 0, 0, -23.8772029876709, 0.0], [0, 0, 0, 0.044238507747650146, 0, 0, 8, 13, 20, 0, 0, 0, 0, 10, 2, 1, 0, 0, 0, 12, 0, 0.3333333333333333, 0, 0, 0, 0, 0, 0, 9.801399230957031, 6.566137790679932], [0, 0, 0, 0.023497849702835083, 0, 0, 8, 13, 20, 0, 0, 0, 0, 11, 1, 2, 0, 0, 0, 12, 0, 0.5, 0, 0, 0, 0, 0, 0, 13.215127944946289, 0.0009603500366210938], [0, 0, 0, 0.07549691200256348, 0, 0, 8, 10, 17, 0, 0, 0, 0, 8, 1, 4, 0, 0, 0, 9, 0, 0.75, 0, 0, 0, 0, 0, 0, -7.629647254943848, 0.05047416687011719], [0, 0, 0, 0.011432170867919922, 0, 0, 8, 4, 11, 0, 0, 0, 0, 2, 1, 3, 0, 0, 0, 3, 0, 0.5, 0, 0, 0, 0, 0, 0, -8.27520751953125, 0.18427467346191406], [0, 0, 0, 0.02454519271850586, 0, 0, 8, 13, 20, 0, 0, 0, 0, 11, 1, 1, 0, 0, 0, 12, 0, 0.4, 0, 0, 0, 0, 0, 0, 13.112896919250488, 0.000926971435546875], [0, 0, 0, 0.03076702356338501, 0, 0, 8, 13, 20, 0, 0, 0, 0, 9, 2, 1, 0, 0, 0, 12, 0, 0.3333333333333333, 0, 0, 0, 0, 0, 0, -0.23732489347457886, 0.005019068717956543], [0, 0, 0, 0.055309414863586426, 0, 0, 8, 4, 11, 0, 0, 0, 0, 2, 1, 5, 0, 0, 0, 3, 0, 0.75, 0, 0, 0, 0, 0, 0, -8.27520751953125, 0.18427467346191406], [0, 0, 0, 0.24299415946006775, 0, 0, 8, 3, 10, 0, 0, 0, 0, 1, 1, 3, 0, 0, 0, 2, 0, 0.5, 0, 0, 0, 0, 0, 0, -23.8772029876709, 0.0], [0, 0, 0, 0.06045800447463989, 0, 0, 8, 13, 20, 0, 0, 1, 0, 11, 1, 2, 0, 0, 0, 12, 0, 0.5, 0, 0, 0, 0, 0, 0, 13.160223007202148, 0.00093841552734375], [1, 0, 0, 0.05688732862472534, 0, 0, 8, 13, 20, 1, 0, 1, 0, 11, 1, 1, 0, 0, 0, 12, 0, 0.2, 0, 0, 0, 0, 0, 0, 13.063285827636719, 0.0009059906005859375], [0, 0, 0, 0.088498055934906, 0, 0, 8, 6, 13, 0, 0, 0, 0, 3, 2, 2, 0, 0, 0, 5, 0, 0.75, 0, 0, 0, 0, 0, 0, -20.0076904296875, 16.406883239746094], [1, 0, 0, 0.17939704656600952, 0, 0, 8, 3, 10, 1, 0, 0, 0, 1, 1, 4, 0, 0, 0, 2, 0, 0.6666666666666666, 0, 0, 0, 0, 0, 0, -23.8772029876709, 0.0], [1, 0, 1, 0.019061923027038574, 1, 0, 8, 6, 13, 1, 0, 1, 1, 3, 2, 4, 0, 0, 0, 5, 1, 0.6666666666666666, 0, 0, 0, 0, 0, 0, -14.945265769958496, 25.474384307861328], [0, 0, 0, 0.006436958909034729, 0, 0, 8, 3, 10, 0, 0, 0, 0, 1, 1, 3, 0, 0, 0, 2, 0, 0.5, 0, 0, 0, 0, 0, 0, -23.8772029876709, 0.0], [0, 0, 0, 0.02068626880645752, 0, 0, 8, 13, 20, 0, 0, 0, 0, 11, 1, 1, 0, 0, 0, 12, 0, 0.017241379310344827, 0, 0, 0, 0, 0, 0, 13.218866348266602, 0.0009584426879882812], [0, 0, 0, 0.011259093880653381, 0, 0, 8, 3, 10, 0, 0, 0, 0, 1, 1, 4, 0, 0, 0, 2, 0, 0.5, 0, 0, 0, 0, 0, 0, -23.8772029876709, 0.0], [0, 0, 0, 0.06084999442100525, 0, 0, 8, 13, 20, 0, 0, 0, 0, 11, 1, 1, 0, 0, 0, 12, 0, 0.2, 0, 0, 0, 0, 0, 0, 13.063285827636719, 0.0009059906005859375], [0, 0, 0, 0.1969297230243683, 0, 0, 8, 4, 11, 0, 0, 0, 0, 2, 1, 3, 0, 0, 0, 3, 0, 0.5, 0, 0, 0, 0, 0, 0, -8.27520751953125, 0.18427467346191406], [0, 0, 0, 0.025312483310699463, 0, 0, 8, 3, 10, 0, 0, 0, 0, 1, 1, 1, 0, 0, 0, 2, 0, 0.041666666666666664, 0, 0, 0, 0, 0, 0, -23.8772029876709, 0.0], [0, 0, 0, 0.0014458894729614258, 0, 0, 8, 3, 10, 0, 0, 0, 0, 1, 1, 2, 0, 0, 0, 2, 0, 0.2, 0, 0, 0, 0, 0, 0, -23.8772029876709, 0.0], [0, 0, 0, 0.06683754920959473, 0, 0, 8, 4, 11, 0, 0, 0, 0, 2, 1, 4, 0, 0, 0, 3, 0, 0.6666666666666666, 0, 0, 0, 0, 0, 0, 5.3374104499816895, 26.73729705810547], [0, 0, 0, 0.05174589157104492, 0, 0, 8, 10, 17, 0, 0, 0, 0, 8, 1, 1, 0, 0, 0, 9, 0, 0.5, 0, 0, 0, 0, 0, 0, -13.435162544250488, 0.052326202392578125], [1, 0, 0, 0.051294684410095215, 1, 0, 8, 5, 12, 1, 0, 1, 0, 3, 1, 3, 0, 0, 0, 4, 1, 0.5, 0, 0, 0, 0, 0, 0, -1.4922235012054443, 0.013985872268676758], [0, 0, 0, 0.023274153470993042, 0, 0, 8, 3, 10, 0, 0, 0, 0, 1, 1, 3, 0, 0, 0, 2, 0, 0.5, 0, 0, 0, 0, 0, 0, -23.8772029876709, 0.0], [0, 0, 0, 0.00541253387928009, 0, 0, 8, 3, 10, 0, 0, 0, 0, 1, 1, 2, 0, 0, 0, 2, 0, 0.3333333333333333, 0, 0, 0, 0, 0, 0, -23.8772029876709, 0.0], [0, 0, 0, 0.055774152278900146, 0, 0, 8, 13, 20, 0, 0, 0, 0, 11, 1, 1, 0, 0, 0, 12, 0, 0.2, 0, 0, 0, 0, 0, 0, 13.063285827636719, 0.0009059906005859375], [0, 0, 0, 0.023172318935394287, 0, 0, 8, 13, 20, 0, 0, 0, 0, 10, 2, 4, 0, 0, 0, 12, 0, 0.5, 0, 0, 0, 0, 0, 0, 9.776923179626465, 6.571096420288086], [0, 0, 0, 0.013036608695983887, 0, 0, 8, 3, 10, 0, 0, 0, 0, 1, 1, 2, 0, 0, 0, 2, 0, 0.2, 0, 0, 0, 0, 0, 0, -23.8772029876709, 0.0], [0, 0, 0, 0.06183674931526184, 0, 0, 8, 13, 20, 0, 0, 0, 0, 11, 1, 1, 0, 0, 0, 12, 0, 0.2, 0, 0, 0, 0, 0, 0, 13.063285827636719, 0.0009059906005859375], [0, 0, 0, 0.009281158447265625, 0, 0, 8, 3, 10, 0, 0, 0, 0, 1, 1, 6, 0, 0, 0, 2, 0, 0.6666666666666666, 0, 0, 0, 0, 0, 0, -23.8772029876709, 0.0], [0, 0, 0, 0.079338937997818, 0, 0, 8, 3, 10, 0, 0, 0, 0, 1, 1, 2, 0, 0, 0, 2, 0, 0.2, 0, 0, 0, 0, 0, 0, -23.8772029876709, 0.0], [1, 0, 0, 0.09586328268051147, 0, 0, 8, 5, 12, 1, 1, 1, 0, 3, 1, 4, 0, 0, 0, 4, 1, 0.75, 0, 0, 0, 0, 0, 0, -1.4922235012054443, 0.013985872268676758], [0, 0, 0, 0.08260291814804077, 0, 0, 8, 5, 12, 0, 0, 0, 0, 3, 1, 4, 0, 0, 0, 4, 0, 0.6, 0, 0, 0, 0, 0, 0, -1.5111944675445557, 0.013864278793334961], [0, 0, 0, 0.060563743114471436, 0, 0, 8, 13, 20, 0, 0, 0, 0, 11, 1, 1, 0, 0, 0, 12, 0, 0.2, 0, 0, 0, 0, 0, 0, 13.063285827636719, 0.0009059906005859375], [1, 0, 0, 0.032131314277648926, 0, 0, 8, 13, 20, 1, 0, 0, 0, 7, 3, 2, 0, 0, 0, 12, 0, 0.75, 0, 0, 0, 0, 0, 0, -11.667397499084473, 0.0814065933227539], [0, 0, 0, 0.019767001271247864, 0, 0, 8, 5, 12, 0, 0, 0, 0, 2, 2, 3, 0, 0, 0, 4, 0, 0.5, 0, 0, 0, 0, 0, 0, -9.269610404968262, 24.349857330322266], [0, 0, 1, 0.04693341255187988, 0, 0, 8, 13, 20, 0, 0, 1, 0, 7, 3, 4, 0, 0, 0, 12, 0, 0.75, 0, 0, 0, 0, 0, 0, -8.065157890319824, 0.005923271179199219], [0, 0, 0, 0.06350991129875183, 0, 0, 8, 13, 20, 0, 0, 0, 0, 11, 1, 1, 0, 0, 0, 12, 0, 0.027777777777777776, 0, 0, 0, 0, 0, 0, 13.122389793395996, 0.0009250640869140625], [0, 0, 0, 0.09212014079093933, 0, 0, 8, 3, 10, 0, 0, 0, 0, 1, 1, 2, 0, 0, 0, 2, 0, 0.3333333333333333, 0, 0, 0, 0, 0, 0, -23.8772029876709, 0.0], [0, 0, 0, 0.004054844379425049, 0, 0, 8, 9, 16, 0, 0, 0, 0, 7, 1, 3, 0, 0, 0, 8, 0, 0.5, 0, 0, 0, 0, 0, 0, 9.402233123779297, 0.0023508071899414062], [0, 0, 0, 0.040230512619018555, 0, 0, 8, 3, 10, 0, 0, 0, 0, 1, 1, 4, 0, 0, 0, 2, 0, 0.6666666666666666, 0, 0, 0, 0, 0, 0, -23.8772029876709, 0.0], [0, 0, 0, 0.06646406650543213, 0, 0, 8, 3, 10, 0, 0, 0, 0, 1, 1, 2, 0, 0, 0, 2, 0, 0.5, 0, 0, 0, 0, 0, 0, -23.8772029876709, 0.0], [0, 0, 0, 0.02470642328262329, 0, 0, 8, 7, 14, 0, 0, 0, 0, 5, 1, 1, 0, 0, 0, 6, 0, 0.6666666666666666, 0, 0, 0, 0, 0, 0, 5.662449359893799, 0.004663944244384766], [0, 0, 0, 0.07639521360397339, 0, 0, 8, 6, 13, 0, 0, 0, 0, 4, 1, 4, 0, 0, 0, 5, 0, 0.5, 0, 0, 0, 0, 0, 0, -14.622296333312988, 0.14033985137939453], [0, 0, 0, 0.009239137172698975, 0, 0, 8, 3, 10, 0, 0, 0, 0, 1, 1, 3, 0, 0, 0, 2, 0, 0.6666666666666666, 0, 0, 0, 0, 0, 0, -23.8772029876709, 0.0], [0, 0, 0, 0.08486783504486084, 0, 0, 8, 4, 11, 0, 0, 0, 0, 2, 1, 2, 0, 0, 0, 3, 0, 0.75, 0, 0, 0, 0, 0, 0, -8.27520751953125, 0.18427467346191406], [0, 0, 0, 0.22165530920028687, 0, 0, 8, 3, 10, 0, 1, 0, 0, 1, 1, 4, 0, 0, 0, 2, 0, 0.6666666666666666, 0, 0, 0, 0, 0, 0, -23.8772029876709, 0.0], [0, 0, 0, 0.07072103023529053, 0, 0, 8, 13, 20, 0, 0, 0, 0, 6, 4, 2, 0, 0, 0, 12, 0, 0.6666666666666666, 0, 0, 0, 0, 0, 0, -11.201390266418457, 1.540501594543457], [1, 0, 0, 0.10218000411987305, 0, 0, 8, 13, 20, 1, 0, 1, 0, 4, 4, 5, 0, 0, 0, 12, 0, 0.6666666666666666, 0, 0, 0, 0, 0, 0, -34.37382888793945, 1.5375823974609375], [0, 0, 0, 0.07542914152145386, 0, 0, 8, 13, 20, 0, 0, 0, 0, 11, 1, 1, 0, 0, 0, 12, 0, 0.1111111111111111, 0, 0, 0, 0, 0, 0, 13.190439224243164, 0.0009508132934570312], [0, 0, 0, 0.007687211036682129, 0, 0, 8, 3, 10, 0, 0, 0, 0, 1, 1, 6, 0, 0, 0, 2, 0, 0.8666666666666667, 0, 0, 0, 0, 0, 0, -23.8772029876709, 0.0], [0, 0, 0, 0.031535804271698, 0, 0, 8, 13, 20, 0, 0, 0, 0, 11, 1, 1, 0, 0, 0, 12, 0, 0.4, 0, 0, 0, 0, 0, 0, 13.112896919250488, 0.000926971435546875], [0, 0, 0, 0.03486260771751404, 0, 0, 8, 13, 20, 0, 0, 0, 0, 10, 2, 2, 0, 0, 0, 12, 0, 0.75, 0, 0, 0, 0, 0, 0, 9.796957015991211, 6.576841354370117], [0, 0, 0, 0.04600510001182556, 0, 0, 8, 6, 13, 0, 0, 0, 0, 4, 1, 4, 0, 0, 0, 5, 0, 0.5, 0, 0, 0, 0, 0, 0, 2.7437801361083984, 0.007445335388183594], [0, 0, 0, 0.04218250513076782, 0, 0, 8, 13, 20, 0, 0, 0, 0, 8, 2, 2, 0, 0, 0, 12, 0, 0.2727272727272727, 0, 0, 0, 0, 0, 0, -10.18485164642334, 0.005054473876953125], [0, 0, 0, 0.016439586877822876, 0, 0, 8, 13, 20, 0, 0, 0, 0, 11, 1, 1, 0, 0, 0, 12, 0, 0.2, 0, 0, 0, 0, 0, 0, 13.195902824401855, 0.00095367431640625], [0, 0, 0, 0.005680859088897705, 0, 0, 8, 7, 14, 0, 0, 0, 0, 5, 1, 2, 0, 0, 0, 6, 0, 0.5, 0, 0, 0, 0, 0, 0, 5.662449359893799, 0.004663944244384766], [0, 0, 0, 0.03267505764961243, 0, 0, 8, 3, 10, 0, 0, 0, 0, 1, 1, 2, 0, 0, 0, 2, 0, 0.4, 0, 0, 0, 0, 0, 0, -23.8772029876709, 0.0], [0, 0, 0, 0.007687211036682129, 0, 0, 8, 3, 10, 0, 0, 0, 0, 1, 1, 6, 0, 0, 0, 2, 0, 0.8666666666666667, 0, 0, 0, 0, 0, 0, -23.8772029876709, 0.0], [0, 0, 0, 0.0021179020404815674, 0, 0, 8, 13, 20, 0, 0, 0, 0, 11, 1, 1, 0, 0, 0, 12, 0, 0.2, 0, 0, 0, 0, 0, 0, 13.198792457580566, 0.0009546279907226562], [0, 0, 0, 0.06868955492973328, 0, 0, 8, 13, 20, 0, 0, 0, 0, 9, 2, 2, 0, 0, 0, 12, 0, 0.6666666666666666, 0, 0, 0, 0, 0, 0, -0.18668419122695923, 0.007004141807556152], [0, 0, 0, 0.06023675203323364, 0, 0, 8, 3, 10, 0, 0, 0, 0, 1, 1, 4, 0, 0, 0, 2, 0, 0.6666666666666666, 0, 0, 0, 0, 0, 0, -23.8772029876709, 0.0], [1, 0, 0, 0.060236722230911255, 0, 0, 8, 3, 10, 1, 0, 0, 0, 1, 1, 4, 0, 0, 0, 2, 1, 0.6666666666666666, 0, 0, 0, 0, 0, 0, -23.8772029876709, 0.0], [0, 0, 0, 0.029922515153884888, 0, 0, 8, 4, 11, 0, 0, 0, 0, 2, 1, 4, 0, 0, 0, 3, 0, 0.5, 0, 0, 0, 0, 0, 0, -8.27520751953125, 0.18427467346191406], [1, 0, 0, 0.03272584080696106, 0, 0, 8, 7, 14, 1, 0, 0, 0, 5, 1, 3, 0, 0, 0, 6, 0, 0.5, 0, 0, 0, 0, 0, 0, -12.027193069458008, 0.08903694152832031], [0, 0, 0, 0.010044962167739868, 0, 0, 8, 5, 12, 0, 0, 0, 0, 3, 1, 1, 0, 0, 0, 4, 0, 0.5, 0, 0, 0, 0, 0, 0, -1.5111944675445557, 0.013864278793334961], [0, 0, 0, 0.005973219871520996, 0, 0, 8, 5, 12, 0, 0, 0, 0, 3, 1, 2, 0, 0, 0, 4, 0, 0.5, 0, 0, 0, 0, 0, 0, -1.5111944675445557, 0.013864278793334961], [0, 0, 0, 0.0021359026432037354, 0, 0, 8, 13, 20, 0, 0, 0, 0, 10, 2, 4, 0, 0, 0, 12, 0, 0.75, 0, 0, 0, 0, 0, 0, 4.237907886505127, 6.261077880859375], [0, 0, 0, 0.025920748710632324, 0, 0, 8, 13, 20, 0, 0, 0, 0, 11, 1, 1, 0, 0, 0, 12, 0, 0.4, 0, 0, 0, 0, 0, 0, 13.112896919250488, 0.000926971435546875], [0, 0, 0, 0.08763939142227173, 0, 0, 8, 13, 20, 0, 0, 0, 0, 11, 1, 1, 0, 0, 0, 12, 0, 0.1, 0, 0, 0, 0, 0, 0, 13.121283531188965, 0.000926971435546875], [0, 0, 1, 0.008260339498519897, 0, 0, 8, 4, 11, 0, 0, 1, 1, 2, 1, 3, 0, 0, 0, 3, 0, 0.6666666666666666, 0, 0, 0, 0, 0, 0, -8.247661590576172, 0.18477249145507812], [0, 0, 0, 0.04359996318817139, 0, 0, 8, 13, 20, 0, 0, 0, 0, 11, 1, 2, 0, 0, 0, 12, 0, 0.6666666666666666, 0, 0, 0, 0, 0, 0, 13.23603630065918, 0.0009698867797851562], [0, 0, 0, 0.1661165952682495, 0, 0, 8, 13, 20, 0, 0, 0, 0, 11, 1, 2, 0, 0, 0, 12, 0, 0.16666666666666666, 0, 0, 0, 0, 0, 0, 13.144071578979492, 0.0009336471557617188], [0, 0, 0, 0.059716641902923584, 0, 0, 8, 13, 20, 0, 0, 0, 0, 10, 2, 1, 0, 0, 0, 12, 0, 0.1111111111111111, 0, 0, 0, 0, 0, 0, 9.750043869018555, 6.575369834899902], [0, 0, 0, 0.02325451374053955, 0, 0, 8, 13, 20, 0, 0, 0, 0, 11, 1, 1, 0, 0, 0, 12, 0, 0.4, 0, 0, 0, 0, 0, 0, 13.112896919250488, 0.000926971435546875], [0, 0, 0, 0.012766659259796143, 0, 0, 8, 13, 20, 0, 0, 0, 0, 10, 2, 2, 0, 0, 0, 12, 0, 0.75, 0, 0, 0, 0, 0, 0, 9.797901153564453, 6.576528549194336], [0, 0, 0, 0.04400986433029175, 0, 0, 8, 11, 18, 0, 0, 0, 0, 7, 2, 2, 0, 0, 0, 10, 0, 0.75, 0, 0, 0, 0, 0, 0, -5.001505374908447, 1.30604887008667], [0, 0, 0, 0.023742735385894775, 0, 0, 8, 13, 20, 0, 0, 0, 0, 11, 1, 2, 0, 0, 0, 12, 0, 0.6, 0, 0, 0, 0, 0, 0, 13.141196250915527, 0.0009307861328125], [0, 0, 0, 0.0051923394203186035, 0, 0, 8, 4, 11, 0, 0, 0, 0, 2, 1, 3, 0, 0, 0, 3, 0, 0.5, 0, 0, 0, 0, 0, 0, -8.27520751953125, 0.18427467346191406], [0, 0, 0, 0.277250736951828, 0, 0, 8, 12, 19, 0, 0, 0, 0, 5, 6, 3, 0, 0, 0, 11, 0, 0.5, 0, 0, 0, 0, 0, 0, -3.488752841949463, 12.579887390136719], [0, 0, 0, 0.03852918744087219, 0, 0, 8, 10, 17, 0, 0, 0, 0, 8, 1, 3, 0, 0, 0, 9, 0, 0.5, 0, 0, 0, 0, 0, 0, 10.671062469482422, 0.0018014907836914062], [0, 0, 0, 0.04640018939971924, 0, 0, 8, 4, 11, 0, 0, 0, 0, 2, 1, 4, 0, 0, 0, 3, 0, 0.5, 0, 0, 0, 0, 0, 0, -8.27520751953125, 0.18427467346191406], [0, 0, 0, 0.02183622121810913, 0, 0, 8, 11, 18, 0, 0, 0, 0, 9, 1, 2, 0, 0, 0, 10, 0, 0.5, 0, 0, 0, 0, 0, 0, 11.693953514099121, 0.0014286041259765625], [0, 0, 0, 0.39276695251464844, 0, 0, 8, 3, 10, 0, 0, 0, 0, 1, 1, 3, 0, 0, 0, 2, 0, 0.5, 0, 0, 0, 0, 0, 0, -23.8772029876709, 0.0], [0, 0, 0, 0.03292924165725708, 0, 0, 8, 13, 20, 0, 0, 0, 0, 10, 2, 2, 0, 0, 0, 12, 0, 0.25, 0, 0, 0, 0, 0, 0, 9.74222183227539, 6.566906929016113], [1, 0, 0, 0.08112263679504395, 0, 0, 8, 5, 12, 1, 0, 0, 0, 3, 1, 2, 0, 0, 0, 4, 0, 0.5, 0, 0, 0, 0, 0, 0, -1.5111944675445557, 0.013864278793334961], [0, 0, 0, 0.0075622498989105225, 0, 0, 8, 13, 20, 0, 0, 1, 0, 11, 1, 3, 0, 0, 0, 12, 0, 0.5, 0, 0, 0, 0, 0, 0, 13.241032600402832, 0.0009737014770507812], [0, 0, 0, 0.03563937544822693, 0, 0, 8, 3, 10, 0, 0, 0, 0, 1, 1, 3, 0, 0, 0, 2, 0, 0.5, 0, 0, 0, 0, 0, 0, -23.8772029876709, 0.0], [1, 0, 1, 0.038657426834106445, 0, 0, 8, 11, 18, 1, 0, 1, 1, 8, 2, 1, 0, 0, 0, 10, 0, 0.4, 0, 0, 0, 0, 0, 0, 7.693852424621582, 7.936520576477051], [0, 0, 0, 0.1129794716835022, 0, 0, 8, 3, 10, 0, 0, 0, 0, 1, 1, 4, 0, 0, 0, 2, 0, 0.5, 0, 0, 0, 0, 0, 0, -23.8772029876709, 0.0], [0, 0, 0, 0.02771836519241333, 0, 0, 8, 3, 10, 0, 0, 0, 0, 1, 1, 3, 0, 0, 0, 2, 0, 0.5, 0, 0, 0, 0, 0, 0, -23.8772029876709, 0.0], [0, 0, 0, 0.037074506282806396, 0, 0, 8, 8, 15, 0, 0, 0, 0, 6, 1, 1, 0, 0, 0, 7, 0, 0.3333333333333333, 0, 0, 0, 0, 0, 0, 7.787126064300537, 0.003208637237548828], [0, 0, 0, 0.05244952440261841, 0, 0, 8, 13, 20, 0, 0, 0, 0, 9, 3, 2, 0, 0, 0, 12, 0, 0.5, 0, 0, 0, 0, 0, 0, 6.572604656219482, 7.98147439956665], [0, 0, 0, 0.016837716102600098, 0, 0, 8, 3, 10, 0, 0, 0, 0, 1, 1, 2, 0, 0, 0, 2, 0, 0.3333333333333333, 0, 0, 0, 0, 0, 0, -23.8772029876709, 0.0], [0, 0, 0, 0.24636292457580566, 0, 0, 8, 3, 10, 0, 0, 0, 0, 1, 1, 2, 0, 0, 0, 2, 0, 0.5, 0, 0, 0, 0, 0, 0, -23.8772029876709, 0.0], [0, 0, 0, 0.06251949071884155, 0, 0, 8, 5, 12, 0, 0, 0, 0, 3, 1, 6, 0, 0, 0, 4, 0, 0.5, 0, 0, 0, 0, 0, 0, -1.5111944675445557, 0.013864278793334961], [0, 0, 0, 0.15844351053237915, 0, 0, 8, 5, 12, 0, 0, 0, 0, 3, 1, 4, 0, 0, 0, 4, 0, 0.5, 0, 0, 0, 0, 0, 0, -1.5111944675445557, 0.013864278793334961], [1, 0, 0, 0.02011692523956299, 1, 0, 8, 12, 19, 1, 0, 1, 0, 8, 2, 1, 0, 0, 0, 11, 1, 0.75, 0, 0, 0, 0, 0, 0, -2.025040626525879, 0.01968240737915039], [0, 0, 0, 0.04056030511856079, 0, 0, 8, 3, 10, 0, 0, 0, 0, 1, 1, 5, 0, 0, 0, 2, 0, 0.6, 0, 0, 0, 0, 0, 0, -23.8772029876709, 0.0], [0, 0, 0, 0.02657783031463623, 0, 0, 8, 13, 20, 0, 0, 0, 0, 9, 3, 2, 0, 0, 0, 12, 0, 0.2727272727272727, 0, 0, 0, 0, 0, 0, 6.573396682739258, 8.034700393676758], [0, 0, 0, 0.011795580387115479, 0, 0, 8, 7, 14, 0, 0, 0, 0, 5, 1, 3, 0, 0, 0, 6, 0, 0.5, 0, 0, 0, 0, 0, 0, -12.8487548828125, 0.02072429656982422], [0, 0, 0, 0.0006985664367675781, 0, 0, 8, 12, 19, 0, 0, 0, 0, 10, 1, 2, 0, 0, 0, 11, 0, 0.16666666666666666, 0, 0, 0, 0, 0, 0, -12.54267692565918, 0.02442169189453125], [0, 0, 0, 0.019247889518737793, 0, 0, 8, 8, 15, 0, 0, 0, 0, 6, 1, 4, 0, 0, 0, 7, 0, 0.6666666666666666, 0, 0, 0, 0, 0, 0, 7.787126064300537, 0.003208637237548828], [0, 0, 0, 0.0013813376426696777, 0, 0, 8, 13, 20, 0, 0, 1, 0, 9, 2, 3, 0, 0, 0, 12, 0, 0.75, 0, 0, 0, 0, 0, 0, -0.14524835348129272, 0.009074568748474121], [0, 0, 0, 0.01342928409576416, 0, 0, 8, 3, 10, 0, 0, 0, 0, 1, 1, 4, 0, 0, 0, 2, 0, 0.6666666666666666, 0, 0, 0, 0, 0, 0, -23.8772029876709, 0.0], [1, 0, 1, 0.11102551221847534, 1, 0, 8, 7, 14, 1, 0, 1, 1, 4, 2, 2, 0, 0, 0, 6, 1, 0.8, 0, 0, 0, 0, 0, 0, -2.86549711227417, 13.353042602539062], [0, 0, 0, 0.06232708692550659, 0, 0, 8, 13, 20, 0, 0, 0, 0, 11, 1, 5, 0, 0, 0, 12, 0, 0.8571428571428571, 0, 0, 0, 0, 0, 0, 13.231354713439941, 0.0009670257568359375], [0, 0, 0, 0.0836746096611023, 0, 0, 8, 8, 15, 0, 0, 0, 0, 5, 2, 4, 0, 0, 0, 7, 0, 0.6666666666666666, 0, 0, 0, 0, 0, 0, -15.20542049407959, 11.032881736755371], [0, 0, 0, 0.1778562068939209, 0, 0, 8, 5, 12, 0, 0, 0, 0, 3, 1, 2, 0, 0, 0, 4, 0, 0.6666666666666666, 0, 0, 0, 0, 0, 0, -1.5111944675445557, 0.013864278793334961], [0, 0, 0, 0.018062353134155273, 0, 0, 8, 3, 10, 0, 0, 0, 0, 1, 1, 3, 0, 0, 0, 2, 0, 0.6666666666666666, 0, 0, 0, 0, 0, 0, -23.8772029876709, 0.0], [0, 0, 0, 0.026880264282226562, 0, 0, 8, 3, 10, 0, 0, 0, 0, 1, 1, 2, 0, 0, 0, 2, 0, 0.25, 0, 0, 0, 0, 0, 0, -23.8772029876709, 0.0], [0, 0, 0, 0.0007964968681335449, 0, 0, 8, 13, 20, 0, 0, 1, 0, 8, 3, 5, 0, 0, 0, 12, 0, 0.6666666666666666, 0, 0, 0, 0, 0, 0, -3.382986545562744, 1.5558629035949707], [0, 0, 0, 0.0256996750831604, 0, 0, 8, 4, 11, 0, 0, 0, 0, 2, 1, 1, 0, 0, 0, 3, 0, 0.25, 0, 0, 0, 0, 0, 0, -8.27520751953125, 0.18427467346191406], [0, 0, 0, 0.0339428186416626, 0, 0, 8, 13, 20, 0, 0, 0, 0, 11, 1, 2, 0, 0, 0, 12, 0, 0.4, 0, 0, 0, 0, 0, 0, 13.215127944946289, 0.0009603500366210938], [1, 0, 1, 0.06833839416503906, 0, 0, 8, 7, 14, 1, 0, 1, 0, 3, 2, 1, 0, 0, 0, 6, 1, 0.8, 0, 0, 0, 0, 0, 0, -34.28925704956055, 2.1635398864746094], [0, 0, 0, 0.029394567012786865, 0, 0, 8, 9, 16, 0, 0, 0, 0, 7, 1, 2, 0, 0, 0, 8, 0, 0.5, 0, 0, 0, 0, 0, 0, 9.402233123779297, 0.0023508071899414062], [0, 0, 0, 0.09987631440162659, 0, 0, 8, 3, 10, 0, 0, 0, 0, 1, 1, 2, 0, 0, 0, 2, 0, 0.5, 0, 0, 0, 0, 0, 0, -23.8772029876709, 0.0], [1, 0, 1, 0.019622325897216797, 0, 1, 8, 3, 10, 1, 0, 0, 0, 1, 1, 7, 0, 0, 0, 2, 0, 0.5, 0, 0, 1, 0, 0, 0, -9.103696823120117, 26.823713302612305], [0, 0, 0, 0.011925458908081055, 0, 0, 8, 13, 20, 0, 0, 0, 0, 8, 3, 2, 0, 0, 0, 12, 0, 0.75, 0, 0, 0, 0, 0, 0, -3.38496732711792, 1.5436458587646484], [1, 0, 1, 0.02480912208557129, 1, 0, 8, 13, 20, 1, 0, 1, 0, 9, 2, 2, 0, 0, 0, 12, 1, 0.5, 0, 0, 0, 0, 0, 0, -0.16065162420272827, 0.0036569833755493164], [0, 0, 0, 0.02377071976661682, 0, 0, 8, 3, 10, 0, 0, 0, 0, 1, 1, 2, 0, 0, 0, 2, 0, 0.5, 0, 0, 0, 0, 0, 0, -23.8772029876709, 0.0], [0, 0, 0, 0.03993403911590576, 0, 0, 8, 3, 10, 0, 0, 0, 0, 1, 1, 1, 0, 0, 0, 2, 0, 0.5, 0, 0, 0, 0, 0, 0, -23.8772029876709, 0.0], [0, 0, 0, 0.033796072006225586, 0, 0, 8, 7, 14, 0, 0, 0, 0, 5, 1, 1, 0, 0, 0, 6, 0, 0.125, 0, 0, 0, 0, 0, 0, 5.662449359893799, 0.004663944244384766], [0, 0, 0, 0.01619422435760498, 0, 0, 8, 11, 18, 0, 0, 0, 0, 7, 3, 3, 0, 0, 0, 10, 0, 0.6666666666666666, 0, 0, 0, 0, 0, 0, -12.709203720092773, 9.213796615600586], [0, 0, 0, 0.01962226629257202, 0, 0, 8, 3, 10, 0, 0, 0, 0, 1, 1, 7, 0, 0, 0, 2, 0, 0.5, 0, 0, 0, 0, 0, 0, -23.8772029876709, 0.0], [1, 0, 0, 0.03924250602722168, 0, 0, 8, 13, 20, 1, 0, 0, 0, 9, 2, 2, 0, 0, 0, 12, 0, 0.2727272727272727, 0, 0, 0, 0, 0, 0, -0.175703227519989, 0.001680612564086914], [0, 0, 0, 0.035326749086380005, 0, 0, 8, 13, 20, 0, 0, 0, 0, 11, 1, 4, 0, 0, 0, 12, 0, 0.6666666666666666, 0, 0, 0, 0, 0, 0, 13.241032600402832, 0.0009737014770507812], [1, 0, 0, 0.051250189542770386, 0, 0, 8, 5, 12, 1, 0, 0, 0, 3, 1, 1, 0, 0, 0, 4, 1, 0.4, 0, 0, 0, 0, 0, 0, -1.5111944675445557, 0.013864278793334961], [0, 0, 0, 0.0764017105102539, 0, 0, 8, 3, 10, 0, 0, 0, 0, 1, 1, 5, 0, 0, 0, 2, 0, 0.5, 0, 0, 0, 0, 0, 0, -23.8772029876709, 0.0], [0, 0, 0, 0.019323527812957764, 0, 0, 8, 3, 10, 0, 0, 0, 0, 1, 1, 4, 0, 0, 0, 2, 0, 0.6666666666666666, 0, 0, 0, 0, 0, 0, -23.8772029876709, 0.0], [0, 0, 0, 0.16635382175445557, 0, 0, 7, 3, 9, 0, 0, 0, 0, 1, 1, 6, 0, 0, 0, 2, 0, 0.6666666666666666, 0, 0, 0, 0, 0, 0, -23.8772029876709, 0.0], [0, 0, 0, 0.07477313280105591, 0, 0, 8, 5, 12, 0, 0, 0, 0, 3, 1, 5, 0, 0, 0, 4, 0, 0.5, 0, 0, 0, 0, 0, 0, -1.5111944675445557, 0.013864278793334961], [0, 0, 0, 0.012422263622283936, 0, 0, 8, 13, 20, 0, 0, 0, 0, 11, 1, 3, 0, 0, 0, 12, 0, 0.5, 0, 0, 0, 0, 0, 0, 13.23603630065918, 0.0009698867797851562], [0, 0, 0, 0.05685222148895264, 0, 0, 8, 4, 11, 0, 0, 0, 0, 1, 2, 4, 0, 0, 0, 3, 0, 0.75, 0, 0, 0, 0, 0, 0, -29.61951446533203, 0.0], [1, 0, 1, 0.05956590175628662, 1, 0, 8, 5, 12, 1, 0, 1, 1, 2, 2, 3, 0, 0, 0, 4, 1, 0.6666666666666666, 0, 0, 0, 0, 0, 0, -9.240235328674316, 24.342716217041016], [0, 0, 0, 0.06233009696006775, 0, 0, 8, 13, 20, 0, 0, 0, 0, 11, 1, 1, 0, 0, 0, 12, 0, 0.2, 0, 0, 0, 0, 0, 0, 13.063285827636719, 0.0009059906005859375], [0, 0, 0, 0.02853858470916748, 0, 0, 8, 13, 20, 0, 0, 0, 0, 11, 1, 1, 0, 0, 0, 12, 0, 0.25, 0, 0, 0, 0, 0, 0, 13.18290901184082, 0.0009479522705078125], [0, 0, 0, 0.01382589340209961, 0, 0, 8, 3, 10, 0, 0, 0, 0, 1, 1, 4, 0, 0, 0, 2, 0, 0.8, 0, 0, 0, 0, 0, 0, -23.8772029876709, 0.0], [0, 0, 0, 0.05641341209411621, 0, 0, 8, 5, 12, 0, 0, 0, 0, 2, 2, 3, 0, 0, 0, 4, 0, 0.5, 0, 0, 0, 0, 0, 0, -9.43857192993164, 24.180896759033203], [0, 0, 0, 0.015395879745483398, 0, 0, 8, 13, 20, 0, 0, 0, 0, 10, 2, 4, 0, 0, 0, 12, 0, 0.5, 0, 0, 0, 0, 0, 0, 9.773347854614258, 6.568193435668945], [0, 0, 0, 0.05685216188430786, 0, 0, 8, 3, 10, 0, 0, 0, 0, 1, 1, 5, 0, 0, 0, 2, 0, 0.75, 0, 0, 0, 0, 0, 0, -23.8772029876709, 0.0], [0, 0, 0, 0.02390490472316742, 0, 0, 8, 3, 10, 0, 0, 0, 0, 1, 1, 4, 0, 0, 0, 2, 0, 0.6666666666666666, 0, 0, 0, 0, 0, 0, -23.8772029876709, 0.0], [0, 0, 0, 0.0036575347185134888, 0, 0, 8, 13, 20, 0, 0, 0, 0, 10, 2, 2, 0, 0, 0, 12, 0, 0.5, 0, 0, 0, 0, 0, 0, 6.152587890625, 4.393437385559082], [0, 0, 0, 0.05045303702354431, 0, 0, 8, 10, 17, 0, 0, 0, 0, 6, 2, 2, 0, 0, 0, 9, 0, 0.75, 0, 0, 0, 0, 0, 0, -6.91518497467041, 0.0049381256103515625], [0, 0, 0, 0.030408591032028198, 0, 0, 8, 13, 20, 0, 0, 0, 0, 11, 1, 1, 0, 0, 0, 12, 0, 0.017241379310344827, 0, 0, 0, 0, 0, 0, 13.23603630065918, 0.0009698867797851562], [0, 0, 0, 0.01917898654937744, 0, 0, 8, 13, 20, 0, 0, 0, 0, 8, 3, 2, 0, 0, 0, 12, 0, 0.2727272727272727, 0, 0, 0, 0, 0, 0, -3.353267192840576, 1.5442514419555664], [0, 0, 0, 0.033565521240234375, 0, 0, 8, 3, 10, 0, 0, 0, 0, 1, 1, 3, 0, 0, 0, 2, 0, 0.6666666666666666, 0, 0, 0, 0, 0, 0, -23.8772029876709, 0.0], [0, 0, 0, 0.13622510433197021, 0, 0, 8, 5, 12, 0, 0, 0, 0, 3, 1, 3, 0, 0, 0, 4, 0, 0.6666666666666666, 0, 0, 0, 0, 0, 0, -2.0237138271331787, 0.08857989311218262], [0, 0, 0, 0.039764612913131714, 0, 0, 8, 4, 11, 0, 0, 0, 0, 2, 1, 1, 0, 0, 0, 3, 0, 0.05555555555555555, 0, 0, 0, 0, 0, 0, -8.27520751953125, 0.18427467346191406], [0, 0, 0, 0.0532284677028656, 0, 0, 8, 13, 20, 0, 0, 0, 0, 11, 1, 1, 0, 0, 0, 12, 0, 0.06451612903225806, 0, 0, 0, 0, 0, 0, 6.9992570877075195, 0.037154197692871094], [0, 0, 0, 0.17317217588424683, 0, 0, 8, 4, 11, 0, 0, 0, 0, 2, 1, 3, 0, 0, 0, 3, 0, 0.5, 0, 0, 0, 0, 0, 0, -8.27520751953125, 0.18427467346191406], [1, 0, 1, 0.03533199429512024, 0, 0, 8, 5, 12, 1, 0, 1, 1, 3, 1, 4, 0, 0, 0, 4, 0, 0.5, 0, 0, 0, 0, 0, 0, -1.4922235012054443, 0.013985872268676758], [0, 0, 0, 0.24531647562980652, 0, 0, 8, 3, 10, 0, 0, 0, 0, 1, 1, 3, 0, 0, 0, 2, 0, 0.5, 0, 0, 0, 0, 0, 0, -23.8772029876709, 0.0], [0, 0, 0, 0.04342210292816162, 0, 0, 8, 13, 20, 0, 0, 0, 0, 11, 1, 2, 0, 0, 0, 12, 0, 0.3333333333333333, 0, 0, 0, 0, 0, 0, 13.231354713439941, 0.0009670257568359375], [0, 0, 0, 0.03801882266998291, 0, 0, 8, 4, 11, 0, 0, 0, 0, 2, 1, 5, 0, 0, 0, 3, 0, 0.75, 0, 0, 0, 0, 0, 0, -8.27520751953125, 0.18427467346191406], [0, 0, 0, 0.06401243805885315, 0, 0, 8, 5, 12, 0, 0, 0, 0, 3, 1, 1, 0, 0, 0, 4, 0, 0.16129032258064516, 0, 0, 0, 0, 0, 0, -1.5111944675445557, 0.013864278793334961], [0, 0, 0, 0.09250321984291077, 0, 0, 8, 4, 11, 0, 0, 0, 0, 2, 1, 4, 0, 0, 0, 3, 0, 0.5, 0, 0, 0, 0, 0, 0, -8.27520751953125, 0.18427467346191406], [0, 0, 0, 0.001030564308166504, 0, 0, 8, 3, 10, 0, 0, 0, 0, 1, 1, 5, 0, 0, 0, 2, 0, 0.8, 0, 0, 0, 0, 0, 0, -23.8772029876709, 0.0], [0, 0, 0, 0.08282440900802612, 0, 0, 8, 6, 13, 0, 0, 0, 0, 4, 1, 2, 0, 0, 0, 5, 0, 0.5, 0, 0, 0, 0, 0, 0, -14.485660552978516, 0.11641597747802734], [0, 0, 0, 0.0748797357082367, 0, 0, 8, 3, 10, 0, 0, 0, 0, 1, 1, 1, 0, 0, 0, 2, 0, 0.02631578947368421, 0, 0, 0, 0, 0, 0, -23.8772029876709, 0.0], [0, 0, 0, 0.005557060241699219, 0, 0, 8, 13, 20, 0, 0, 1, 0, 9, 2, 2, 0, 0, 0, 12, 0, 0.5, 0, 0, 0, 0, 0, 0, -0.1561635136604309, 0.0035823583602905273], [0, 0, 0, 0.015298008918762207, 0, 0, 8, 4, 11, 0, 0, 0, 0, 2, 1, 3, 0, 0, 0, 3, 0, 0.4, 0, 0, 0, 0, 0, 0, -8.936271667480469, 0.7118492126464844], [0, 0, 0, 0.33272746205329895, 0, 0, 8, 4, 11, 0, 0, 0, 0, 2, 1, 2, 0, 0, 0, 3, 0, 0.6666666666666666, 0, 0, 0, 0, 0, 0, -8.27520751953125, 0.18427467346191406], [0, 0, 0, 0.0020774006843566895, 0, 0, 8, 13, 20, 0, 0, 0, 0, 11, 1, 1, 0, 0, 0, 12, 0, 0.3, 0, 0, 0, 0, 0, 0, 13.195902824401855, 0.00095367431640625], [1, 0, 1, 0.2877500653266907, 0, 0, 8, 8, 15, 1, 0, 1, 1, 4, 3, 3, 0, 0, 0, 7, 0, 0.5, 0, 0, 0, 0, 0, 0, -18.734161376953125, 13.5982666015625], [0, 0, 1, 0.06045800447463989, 0, 0, 8, 13, 20, 0, 0, 1, 0, 9, 2, 2, 0, 0, 0, 12, 0, 0.5, 0, 0, 0, 0, 0, 0, -0.2589206099510193, 0.01255488395690918], [0, 0, 0, 0.056067854166030884, 0, 0, 8, 13, 20, 0, 0, 0, 0, 11, 1, 1, 0, 0, 0, 12, 0, 0.2, 0, 0, 0, 0, 0, 0, 13.063285827636719, 0.0009059906005859375], [0, 0, 0, 0.004561930894851685, 0, 0, 8, 3, 10, 0, 0, 0, 0, 1, 1, 3, 0, 0, 0, 2, 0, 0.6666666666666666, 0, 0, 0, 0, 0, 0, -23.8772029876709, 0.0], [0, 0, 0, 0.002287536859512329, 0, 0, 8, 5, 12, 0, 0, 0, 0, 3, 1, 1, 0, 0, 0, 4, 0, 0.034482758620689655, 0, 0, 0, 0, 0, 0, -1.5111944675445557, 0.013864278793334961], [0, 0, 0, 0.08266142010688782, 0, 0, 8, 13, 20, 0, 0, 0, 0, 11, 1, 1, 0, 0, 0, 12, 0, 0.1, 0, 0, 0, 0, 0, 0, 7.096871852874756, 0.021619319915771484], [0, 0, 0, 0.009861379861831665, 0, 0, 8, 13, 20, 0, 0, 0, 0, 11, 1, 2, 0, 0, 0, 12, 0, 0.6666666666666666, 0, 0, 0, 0, 0, 0, 13.22695541381836, 0.0009632110595703125], [0, 0, 0, 0.1916353702545166, 0, 0, 8, 3, 10, 0, 0, 0, 0, 1, 1, 3, 0, 0, 0, 2, 0, 0.6666666666666666, 0, 0, 0, 0, 0, 0, -23.8772029876709, 0.0], [0, 0, 0, 0.17114433646202087, 0, 0, 8, 13, 20, 0, 0, 0, 0, 11, 1, 2, 0, 0, 0, 12, 0, 0.16666666666666666, 0, 0, 0, 0, 0, 0, 13.144071578979492, 0.0009336471557617188], [0, 0, 0, 0.04870748519897461, 0, 0, 8, 13, 20, 0, 0, 0, 0, 10, 2, 2, 0, 0, 0, 12, 0, 0.5, 0, 0, 0, 0, 0, 0, 9.780323028564453, 6.567609786987305], [0, 0, 0, 0.004476428031921387, 0, 0, 8, 8, 15, 0, 0, 0, 0, 6, 1, 2, 0, 0, 0, 7, 0, 0.4, 0, 0, 0, 0, 0, 0, 7.787126064300537, 0.003208637237548828], [0, 0, 0, 0.011761754751205444, 0, 0, 8, 13, 20, 0, 0, 0, 0, 11, 1, 2, 0, 0, 0, 12, 0, 0.5, 0, 0, 0, 0, 0, 0, 13.195902824401855, 0.00095367431640625], [0, 0, 0, 0.09745407104492188, 0, 0, 8, 5, 12, 0, 0, 0, 0, 3, 1, 2, 0, 0, 0, 4, 0, 0.5384615384615384, 0, 0, 0, 0, 0, 0, -1.5111944675445557, 0.013864278793334961], [0, 0, 0, 0.05756741762161255, 0, 0, 8, 5, 12, 0, 0, 0, 0, 3, 1, 5, 0, 0, 0, 4, 0, 0.5, 0, 0, 0, 0, 0, 0, -1.5111944675445557, 0.013864278793334961], [0, 0, 0, 0.02125561237335205, 0, 0, 8, 13, 20, 0, 0, 0, 0, 11, 1, 3, 0, 0, 0, 12, 0, 0.6666666666666666, 0, 0, 0, 0, 0, 0, 13.241032600402832, 0.0009737014770507812], [0, 0, 0, 0.2277565896511078, 0, 0, 8, 4, 11, 0, 0, 0, 0, 2, 1, 3, 0, 0, 0, 3, 0, 0.5, 0, 0, 0, 0, 0, 0, -8.27520751953125, 0.18427467346191406], [0, 0, 0, 0.05685222148895264, 0, 0, 8, 3, 10, 0, 0, 0, 0, 1, 1, 5, 0, 0, 0, 2, 0, 0.75, 0, 0, 0, 0, 0, 0, -23.8772029876709, 0.0], [0, 0, 0, 0.18092775344848633, 0, 0, 8, 3, 10, 0, 0, 0, 0, 1, 1, 3, 0, 0, 0, 2, 0, 0.5, 0, 0, 0, 0, 0, 0, -23.8772029876709, 0.0], [0, 0, 0, 0.02558189630508423, 0, 0, 8, 3, 10, 0, 0, 0, 0, 1, 1, 4, 0, 0, 0, 2, 0, 0.5, 0, 0, 0, 0, 0, 0, -23.8772029876709, 0.0], [0, 0, 0, 0.05610936880111694, 0, 0, 8, 13, 20, 0, 0, 0, 0, 11, 1, 2, 0, 0, 0, 12, 0, 0.5, 0, 0, 0, 0, 0, 0, 13.160223007202148, 0.00093841552734375], [0, 0, 0, 0.04693341255187988, 0, 0, 8, 13, 20, 0, 0, 1, 0, 8, 3, 4, 0, 0, 0, 12, 0, 0.75, 0, 0, 0, 0, 0, 0, -3.302504539489746, 1.5561246871948242], [0, 0, 0, 0.1441969871520996, 0, 0, 8, 6, 13, 0, 0, 0, 0, 2, 2, 4, 0, 0, 0, 5, 0, 0.6666666666666666, 0, 0, 0, 0, 0, 0, -42.77955627441406, 0.0479888916015625], [1, 0, 0, 0.0073372721672058105, 0, 0, 8, 13, 20, 1, 0, 0, 0, 10, 2, 1, 0, 0, 0, 12, 0, 0.1111111111111111, 0, 0, 0, 0, 0, 0, 9.749713897705078, 6.571716785430908], [1, 0, 1, 0.1793777346611023, 1, 0, 8, 10, 17, 1, 0, 1, 1, 4, 4, 4, 0, 0, 0, 9, 1, 0.8571428571428571, 0, 0, 0, 0, 0, 0, -28.988889694213867, 4.054838180541992], [0, 0, 0, 0.04354014992713928, 0, 0, 8, 13, 20, 0, 0, 0, 0, 11, 1, 1, 0, 0, 0, 12, 0, 0.017241379310344827, 0, 0, 0, 0, 0, 0, 13.218866348266602, 0.0009584426879882812], [0, 0, 0, 0.009361088275909424, 0, 0, 8, 5, 12, 0, 0, 0, 0, 3, 1, 3, 0, 0, 0, 4, 0, 0.6, 0, 0, 0, 0, 0, 0, -1.5111944675445557, 0.013864278793334961], [0, 0, 0, 0.19986531138420105, 0, 0, 8, 3, 10, 0, 0, 0, 0, 1, 1, 2, 0, 0, 0, 2, 0, 0.25, 0, 0, 0, 0, 0, 0, -23.8772029876709, 0.0], [1, 0, 1, 0.06090623140335083, 0, 1, 8, 3, 10, 1, 0, 0, 0, 1, 1, 4, 0, 0, 0, 2, 0, 0.6666666666666666, 0, 0, 1, 0, 0, 0, -9.103696823120117, 26.823713302612305], [0, 0, 0, 0.0504491925239563, 0, 0, 8, 7, 14, 0, 0, 0, 0, 5, 1, 3, 0, 0, 0, 6, 0, 0.6666666666666666, 0, 0, 0, 0, 0, 0, 5.662449359893799, 0.004663944244384766], [0, 0, 0, 0.3236973285675049, 0, 0, 8, 3, 10, 0, 0, 0, 0, 1, 1, 2, 0, 0, 0, 2, 0, 0.5454545454545454, 0, 0, 0, 0, 0, 0, -23.8772029876709, 0.0], [1, 0, 0, 0.0, 0, 0, 8, 4, 11, 1, 0, 1, 0, 2, 1, 5, 0, 0, 0, 3, 0, 0.5, 0, 0, 0, 0, 0, 0, -8.247661590576172, 0.18477249145507812], [0, 0, 0, 0.017571687698364258, 0, 0, 8, 13, 20, 0, 0, 0, 0, 10, 2, 2, 0, 0, 0, 12, 0, 0.6, 0, 0, 0, 0, 0, 0, 9.697233200073242, 6.578263282775879], [0, 0, 0, 0.11437520384788513, 0, 0, 8, 5, 12, 0, 0, 0, 0, 3, 1, 2, 0, 0, 0, 4, 0, 0.5, 0, 0, 0, 0, 0, 0, -1.5111944675445557, 0.013864278793334961], [0, 0, 0, 0.0533081591129303, 0, 0, 8, 13, 20, 0, 0, 0, 0, 11, 1, 1, 0, 0, 0, 12, 0, 0.2, 0, 0, 0, 0, 0, 0, 13.063285827636719, 0.0009059906005859375], [0, 0, 0, 0.028469622135162354, 0, 0, 8, 13, 20, 0, 0, 0, 0, 10, 2, 1, 0, 0, 0, 12, 0, 0.1111111111111111, 0, 0, 0, 0, 0, 0, 9.750335693359375, 6.572877407073975], [0, 0, 0, 0.09456324577331543, 0, 0, 8, 13, 20, 0, 0, 0, 0, 11, 1, 3, 0, 0, 0, 12, 0, 0.5, 0, 0, 0, 0, 0, 0, 13.231354713439941, 0.0009670257568359375], [0, 0, 0, 0.04735425114631653, 0, 0, 8, 4, 11, 0, 0, 0, 0, 2, 1, 2, 0, 0, 0, 3, 0, 0.5, 0, 0, 0, 0, 0, 0, -8.27520751953125, 0.18427467346191406], [0, 0, 0, 0.04646730422973633, 0, 0, 8, 9, 16, 0, 0, 0, 0, 7, 1, 2, 0, 0, 0, 8, 0, 0.16666666666666666, 0, 0, 0, 0, 0, 0, 3.157881736755371, 0.06176328659057617], [0, 0, 0, 0.042901307344436646, 0, 0, 8, 11, 18, 0, 0, 0, 0, 9, 1, 5, 0, 0, 0, 10, 0, 0.8, 0, 0, 0, 0, 0, 0, -11.028919219970703, 0.010438919067382812], [0, 0, 0, 0.027469217777252197, 0, 0, 8, 3, 10, 0, 0, 0, 0, 1, 1, 4, 0, 0, 0, 2, 0, 0.5, 0, 0, 0, 0, 0, 0, -23.8772029876709, 0.0], [1, 0, 0, 0.1265818476676941, 1, 0, 8, 4, 11, 1, 0, 1, 0, 2, 1, 5, 0, 0, 0, 3, 1, 0.6666666666666666, 0, 0, 0, 0, 0, 0, -8.247661590576172, 0.18477249145507812], [1, 0, 1, 0.003732919692993164, 1, 0, 8, 7, 14, 1, 0, 1, 1, 2, 4, 5, 0, 0, 0, 6, 1, 0.8666666666666667, 0, 0, 0, 0, 0, 0, -24.69131088256836, 22.144424438476562], [1, 0, 0, 0.15106070041656494, 0, 0, 8, 13, 20, 1, 0, 1, 0, 7, 4, 4, 0, 0, 0, 12, 1, 0.75, 0, 0, 0, 0, 0, 0, -6.310397148132324, 2.986952781677246], [0, 0, 0, 0.05586382746696472, 0, 0, 8, 3, 10, 0, 0, 0, 0, 1, 1, 2, 0, 0, 0, 2, 0, 0.3333333333333333, 0, 0, 0, 0, 0, 0, -23.8772029876709, 0.0], [0, 0, 0, 0.06347417831420898, 0, 0, 8, 13, 20, 0, 0, 0, 0, 10, 2, 4, 0, 0, 0, 12, 0, 0.5, 0, 0, 0, 0, 0, 0, 9.71157455444336, 6.5749053955078125], [0, 0, 0, 0.0905991792678833, 0, 0, 8, 13, 20, 0, 0, 0, 0, 11, 1, 1, 0, 0, 0, 12, 0, 0.1, 0, 0, 0, 0, 0, 0, 7.051379680633545, 0.10098552703857422], [0, 0, 0, 0.0193139910697937, 0, 0, 8, 5, 12, 0, 0, 0, 0, 3, 1, 5, 0, 0, 0, 4, 0, 0.5, 0, 0, 0, 0, 0, 0, -1.5111944675445557, 0.013864278793334961], [1, 0, 1, 0.1525976061820984, 0, 0, 8, 6, 13, 1, 0, 1, 1, 2, 3, 3, 0, 0, 0, 5, 0, 0.5, 0, 0, 0, 0, 0, 0, -9.698832511901855, 23.634586334228516], [1, 0, 0, 0.009403109550476074, 0, 0, 8, 3, 10, 1, 0, 0, 0, 1, 1, 4, 0, 0, 0, 2, 0, 0.8, 0, 0, 0, 0, 0, 0, -23.8772029876709, 0.0], [0, 0, 0, 0.04448913037776947, 0, 0, 8, 4, 11, 0, 0, 0, 0, 2, 1, 2, 0, 0, 0, 3, 0, 0.25, 0, 0, 0, 0, 0, 0, -8.27520751953125, 0.18427467346191406], [0, 0, 0, 0.027788996696472168, 0, 0, 8, 7, 14, 0, 0, 1, 0, 3, 3, 7, 0, 0, 0, 6, 0, 0.8, 0, 0, 0, 0, 0, 0, -21.896549224853516, 16.17684555053711], [0, 0, 0, 0.20441699028015137, 0, 0, 8, 3, 10, 0, 0, 0, 0, 1, 1, 1, 0, 0, 0, 2, 0, 0.08333333333333333, 0, 0, 0, 0, 0, 0, -23.8772029876709, 0.0], [0, 0, 0, 0.009737178683280945, 0, 0, 8, 13, 20, 0, 0, 0, 0, 11, 1, 1, 0, 0, 0, 12, 0, 0.05555555555555555, 0, 0, 0, 0, 0, 0, 13.176047325134277, 0.0009489059448242188], [1, 0, 0, 0.0016033947467803955, 0, 0, 8, 13, 20, 1, 0, 1, 0, 10, 2, 4, 0, 0, 0, 12, 0, 0.6666666666666666, 0, 0, 0, 0, 0, 0, 9.773255348205566, 6.56180477142334], [0, 0, 0, 0.004908740520477295, 0, 0, 8, 13, 20, 0, 0, 0, 0, 5, 7, 5, 0, 0, 0, 12, 0, 0.5, 0, 0, 0, 0, 0, 0, -4.2021684646606445, 12.283907890319824], [0, 0, 0, 0.05874708294868469, 0, 0, 8, 13, 20, 0, 0, 0, 0, 11, 1, 1, 0, 0, 0, 12, 0, 0.2, 0, 0, 0, 0, 0, 0, 13.063285827636719, 0.0009059906005859375], [0, 0, 0, 0.05578526854515076, 0, 0, 8, 13, 20, 0, 0, 0, 0, 11, 1, 1, 0, 0, 0, 12, 0, 0.06451612903225806, 0, 0, 0, 0, 0, 0, 13.122389793395996, 0.0009250640869140625], [0, 0, 0, 0.012171924114227295, 0, 0, 8, 13, 20, 0, 0, 0, 0, 11, 1, 2, 0, 0, 0, 12, 0, 0.3333333333333333, 0, 0, 0, 0, 0, 0, 7.23004674911499, 0.023739337921142578], [1, 0, 1, 0.2386336326599121, 0, 1, 8, 3, 10, 1, 0, 0, 0, 1, 1, 4, 0, 0, 0, 2, 0, 0.6666666666666666, 0, 0, 1, 0, 0, 0, -8.432435035705566, 26.784923553466797], [0, 0, 0, 0.019125819206237793, 0, 0, 8, 8, 15, 0, 0, 0, 0, 3, 4, 3, 0, 0, 0, 7, 0, 0.5, 0, 0, 0, 0, 0, 0, -21.425073623657227, 16.30536460876465], [0, 0, 0, 0.08576232194900513, 0, 0, 8, 6, 13, 0, 0, 0, 0, 4, 1, 2, 0, 0, 0, 5, 0, 0.14285714285714285, 0, 0, 0, 0, 0, 0, -14.485660552978516, 0.11641597747802734], [0, 0, 0, 0.04826459288597107, 0, 0, 8, 3, 10, 0, 0, 0, 0, 1, 1, 2, 0, 0, 0, 2, 0, 0.3333333333333333, 0, 0, 0, 0, 0, 0, -23.8772029876709, 0.0], [0, 0, 0, 0.10701954364776611, 0, 0, 8, 13, 20, 0, 0, 0, 0, 10, 2, 5, 0, 0, 0, 12, 0, 0.5, 0, 0, 0, 0, 0, 0, 3.884000301361084, 5.863719940185547], [0, 0, 1, 0.02559638023376465, 0, 0, 8, 11, 18, 0, 0, 1, 0, 7, 2, 1, 0, 0, 0, 10, 0, 0.75, 0, 0, 0, 0, 0, 0, -20.192638397216797, 0.12488746643066406], [0, 0, 0, 0.07809126377105713, 0, 0, 8, 13, 20, 0, 0, 0, 0, 11, 1, 1, 0, 0, 0, 12, 0, 0.1, 0, 0, 0, 0, 0, 0, 13.121283531188965, 0.000926971435546875], [0, 0, 0, 0.06999114155769348, 0, 0, 8, 3, 10, 0, 0, 0, 0, 1, 1, 2, 0, 0, 0, 2, 0, 0.5, 0, 0, 0, 0, 0, 0, -23.8772029876709, 0.0], [0, 0, 0, 0.05849510431289673, 0, 0, 8, 3, 10, 0, 0, 0, 0, 1, 1, 3, 0, 0, 0, 2, 0, 0.3333333333333333, 0, 0, 0, 0, 0, 0, -23.8772029876709, 0.0], [0, 0, 0, 0.06724762916564941, 0, 0, 8, 5, 12, 0, 0, 0, 0, 3, 1, 2, 0, 0, 0, 4, 0, 0.5384615384615384, 0, 0, 0, 0, 0, 0, -1.5111944675445557, 0.013864278793334961], [0, 0, 0, 0.07773801684379578, 0, 0, 8, 5, 12, 0, 0, 0, 0, 3, 1, 2, 0, 0, 0, 4, 0, 0.5, 0, 0, 0, 0, 0, 0, -1.5111944675445557, 0.013864278793334961], [0, 0, 0, 0.08507645130157471, 0, 0, 8, 13, 20, 0, 0, 0, 0, 11, 1, 3, 0, 0, 0, 12, 0, 0.6666666666666666, 0, 0, 0, 0, 0, 0, 13.185338020324707, 0.0009479522705078125], [0, 0, 0, 0.0005469024181365967, 0, 0, 8, 13, 20, 0, 0, 0, 0, 11, 1, 2, 0, 0, 0, 12, 0, 0.6, 0, 0, 0, 0, 0, 0, 13.141196250915527, 0.0009307861328125], [0, 0, 0, 0.4956972301006317, 0, 0, 8, 3, 10, 0, 0, 0, 0, 1, 1, 2, 0, 0, 0, 2, 0, 0.2857142857142857, 0, 0, 0, 0, 0, 0, -23.8772029876709, 0.0], [0, 0, 0, 0.07821205258369446, 0, 0, 8, 4, 11, 0, 0, 0, 0, 2, 1, 4, 0, 0, 0, 3, 0, 0.5, 0, 0, 0, 0, 0, 0, -8.27520751953125, 0.18427467346191406], [0, 0, 0, 0.05791670083999634, 0, 0, 8, 9, 16, 0, 0, 0, 0, 6, 2, 2, 0, 0, 0, 8, 0, 0.5, 0, 0, 0, 0, 0, 0, -0.8974179625511169, 9.076966285705566], [0, 0, 0, 0.016181915998458862, 0, 0, 8, 9, 16, 0, 0, 0, 0, 7, 1, 2, 0, 0, 0, 8, 0, 0.5, 0, 0, 0, 0, 0, 0, 3.7038278579711914, 0.10546088218688965], [0, 0, 0, 0.007145881652832031, 0, 0, 8, 13, 20, 0, 0, 0, 0, 11, 1, 1, 0, 0, 0, 12, 0, 0.14285714285714285, 0, 0, 0, 0, 0, 0, 13.195902824401855, 0.00095367431640625], [0, 0, 0, 0.14016681909561157, 0, 0, 8, 6, 13, 0, 0, 0, 0, 3, 2, 2, 0, 0, 0, 5, 0, 0.5, 0, 0, 0, 0, 0, 0, -4.18474006652832, 16.439376831054688], [0, 0, 0, 0.35273563861846924, 0, 0, 8, 4, 11, 0, 0, 0, 0, 2, 1, 5, 0, 0, 0, 3, 0, 0.75, 0, 0, 0, 0, 0, 0, -8.27520751953125, 0.18427467346191406], [0, 0, 0, 0.001629948616027832, 0, 0, 8, 13, 20, 0, 0, 0, 0, 10, 2, 3, 0, 0, 0, 12, 0, 0.5, 0, 0, 0, 0, 0, 0, 9.802407264709473, 6.569056510925293], [1, 0, 0, 0.22920072078704834, 0, 0, 8, 12, 19, 1, 0, 1, 0, 8, 3, 4, 0, 0, 0, 11, 0, 0.6666666666666666, 0, 0, 0, 0, 0, 0, 5.403312683105469, 8.759716033935547], [1, 0, 0, 0.015953660011291504, 1, 0, 8, 13, 20, 1, 0, 0, 0, 11, 1, 1, 0, 0, 0, 12, 1, 0.5, 0, 0, 0, 0, 0, 0, 13.215127944946289, 0.0009603500366210938], [1, 0, 1, 0.1265818476676941, 1, 0, 8, 4, 11, 1, 0, 1, 1, 2, 1, 5, 0, 0, 0, 3, 1, 0.6666666666666666, 0, 0, 0, 0, 0, 0, -8.247661590576172, 0.18477249145507812], [0, 0, 0, 0.00448918342590332, 0, 0, 8, 4, 11, 0, 0, 0, 0, 2, 1, 1, 0, 0, 0, 3, 0, 0.15384615384615385, 0, 0, 0, 0, 0, 0, -8.27520751953125, 0.18427467346191406], [0, 0, 0, 0.007942438125610352, 0, 0, 8, 13, 20, 0, 0, 0, 0, 11, 1, 1, 0, 0, 0, 12, 0, 0.3, 0, 0, 0, 0, 0, 0, 13.195902824401855, 0.00095367431640625], [1, 0, 0, 0.07276630401611328, 1, 0, 8, 4, 11, 1, 0, 1, 0, 2, 1, 4, 0, 0, 0, 3, 0, 0.75, 0, 0, 0, 0, 0, 0, -8.247661590576172, 0.18477249145507812], [1, 0, 1, 0.008443653583526611, 1, 0, 8, 11, 18, 1, 0, 1, 1, 8, 2, 3, 0, 0, 0, 10, 1, 0.6666666666666666, 0, 0, 0, 0, 0, 0, -9.798652648925781, 7.375644683837891], [0, 0, 0, 0.02693602442741394, 0, 0, 8, 13, 20, 0, 0, 0, 0, 11, 1, 1, 0, 0, 0, 12, 0, 0.2, 0, 0, 0, 0, 0, 0, 13.198792457580566, 0.0009546279907226562], [1, 0, 1, 0.001179039478302002, 0, 0, 8, 13, 20, 1, 0, 1, 1, 11, 1, 4, 0, 0, 0, 12, 0, 0.5, 0, 0, 0, 0, 0, 0, 13.215127944946289, 0.0009603500366210938], [0, 0, 0, 0.058785468339920044, 0, 0, 8, 7, 14, 0, 0, 0, 0, 5, 1, 2, 0, 0, 0, 6, 0, 0.5, 0, 0, 0, 0, 0, 0, 5.662449359893799, 0.004663944244384766], [0, 0, 0, 0.0007132291793823242, 0, 0, 8, 11, 18, 0, 0, 0, 0, 7, 3, 3, 0, 0, 0, 10, 0, 0.6666666666666666, 0, 0, 0, 0, 0, 0, -12.709203720092773, 9.213796615600586], [0, 0, 0, 0.05718323588371277, 0, 0, 8, 6, 13, 0, 0, 0, 0, 4, 1, 3, 0, 0, 0, 5, 0, 0.3333333333333333, 0, 0, 0, 0, 0, 0, -14.622296333312988, 0.14033985137939453], [0, 0, 0, 0.008915364742279053, 0, 0, 8, 13, 20, 0, 0, 0, 0, 10, 2, 2, 0, 0, 0, 12, 0, 0.75, 0, 0, 0, 0, 0, 0, 9.789295196533203, 6.569180488586426], [0, 0, 0, 0.009062767028808594, 0, 0, 8, 9, 16, 0, 0, 1, 0, 7, 1, 2, 0, 0, 0, 8, 0, 0.75, 0, 0, 0, 0, 0, 0, 9.410530090332031, 0.0023603439331054688], [0, 0, 0, 0.07217919826507568, 0, 0, 8, 3, 10, 0, 0, 0, 0, 1, 1, 4, 0, 0, 0, 2, 0, 0.5, 0, 0, 0, 0, 0, 0, -23.8772029876709, 0.0], [0, 0, 0, 0.02542954683303833, 0, 0, 8, 13, 20, 0, 0, 0, 0, 11, 1, 1, 0, 0, 0, 12, 0, 0.25, 0, 0, 0, 0, 0, 0, 13.18290901184082, 0.0009479522705078125], [0, 0, 0, 0.04659104347229004, 0, 0, 8, 13, 20, 0, 0, 0, 0, 11, 1, 1, 0, 0, 0, 12, 0, 0.5, 0, 0, 0, 0, 0, 0, 13.204909324645996, 0.0009565353393554688], [0, 0, 0, 0.0012434422969818115, 0, 0, 8, 5, 12, 0, 0, 0, 0, 3, 1, 4, 0, 0, 0, 4, 0, 0.5, 0, 0, 0, 0, 0, 0, -1.5111944675445557, 0.013864278793334961], [0, 0, 0, 0.12159520387649536, 0, 0, 8, 3, 10, 0, 0, 0, 0, 1, 1, 2, 0, 0, 0, 2, 0, 0.25, 0, 0, 0, 0, 0, 0, -23.8772029876709, 0.0], [0, 0, 0, 0.07212185859680176, 0, 0, 8, 4, 11, 0, 0, 0, 0, 2, 1, 2, 0, 0, 0, 3, 0, 0.5, 0, 0, 0, 0, 0, 0, -8.27520751953125, 0.18427467346191406], [0, 0, 0, 0.004263341426849365, 0, 0, 8, 4, 11, 0, 0, 0, 0, 2, 1, 1, 0, 0, 0, 3, 0, 0.13333333333333333, 0, 0, 0, 0, 0, 0, -8.27520751953125, 0.18427467346191406], [1, 0, 1, 0.00350797176361084, 0, 0, 8, 13, 20, 1, 0, 1, 1, 9, 3, 4, 0, 0, 0, 12, 0, 0.5, 0, 0, 0, 0, 0, 0, 6.565469741821289, 8.040726661682129], [0, 0, 0, 0.04207661747932434, 0, 0, 8, 4, 11, 0, 0, 0, 0, 2, 1, 1, 0, 0, 0, 3, 0, 0.5, 0, 0, 0, 0, 0, 0, -8.27520751953125, 0.18427467346191406], [0, 0, 0, 0.05291098356246948, 0, 0, 8, 13, 20, 0, 0, 0, 0, 11, 1, 3, 0, 0, 0, 12, 0, 0.6666666666666666, 0, 0, 0, 0, 0, 0, 13.241032600402832, 0.0009737014770507812], [0, 0, 0, 0.014375686645507812, 0, 0, 8, 13, 20, 0, 0, 0, 0, 7, 4, 3, 0, 0, 0, 12, 0, 0.75, 0, 0, 0, 0, 0, 0, -6.307041168212891, 2.986358642578125], [0, 0, 0, 0.006961226463317871, 0, 0, 8, 13, 20, 0, 0, 0, 0, 11, 1, 3, 0, 0, 0, 12, 0, 0.5, 0, 0, 0, 0, 0, 0, 13.23603630065918, 0.0009698867797851562], [0, 0, 0, 0.015706002712249756, 0, 0, 8, 4, 11, 0, 0, 0, 0, 1, 2, 3, 0, 0, 0, 3, 0, 0.5, 0, 0, 0, 0, 0, 0, -29.61951446533203, 0.0], [0, 0, 0, 0.016250133514404297, 0, 0, 8, 13, 20, 0, 0, 0, 0, 11, 1, 2, 0, 0, 0, 12, 0, 0.3333333333333333, 0, 0, 0, 0, 0, 0, 13.231354713439941, 0.0009670257568359375], [0, 0, 0, 0.04331707954406738, 0, 0, 8, 13, 20, 0, 0, 0, 0, 10, 2, 1, 0, 0, 0, 12, 0, 0.3333333333333333, 0, 0, 0, 0, 0, 0, 9.784302711486816, 6.563223838806152], [0, 0, 0, 0.028456807136535645, 0, 0, 8, 13, 20, 0, 0, 0, 0, 11, 1, 1, 0, 0, 0, 12, 0, 0.4, 0, 0, 0, 0, 0, 0, 13.112896919250488, 0.000926971435546875], [0, 0, 0, 0.027803868055343628, 0, 0, 8, 4, 11, 0, 0, 0, 0, 2, 1, 3, 0, 0, 0, 3, 0, 0.6, 0, 0, 0, 0, 0, 0, -8.27520751953125, 0.18427467346191406], [0, 0, 0, 0.07236111164093018, 0, 0, 8, 3, 10, 0, 0, 0, 0, 1, 1, 3, 0, 0, 0, 2, 0, 0.5, 0, 0, 0, 0, 0, 0, -23.8772029876709, 0.0], [0, 0, 0, 0.053263723850250244, 0, 0, 8, 13, 20, 0, 0, 1, 1, 9, 2, 2, 0, 0, 0, 12, 0, 0.5, 0, 0, 0, 0, 0, 0, -0.2597119212150574, 0.014201879501342773], [0, 0, 0, 0.07236111164093018, 0, 0, 8, 3, 10, 0, 1, 0, 0, 1, 1, 3, 0, 0, 0, 2, 0, 0.5, 0, 0, 0, 0, 0, 0, -23.8772029876709, 0.0], [0, 0, 0, 0.06312328577041626, 0, 0, 8, 13, 20, 0, 0, 0, 0, 11, 1, 1, 0, 0, 0, 12, 0, 0.2, 0, 0, 0, 0, 0, 0, 13.063285827636719, 0.0009059906005859375], [0, 0, 0, 0.011147171258926392, 0, 0, 8, 9, 16, 0, 0, 0, 0, 7, 1, 6, 0, 0, 0, 8, 0, 0.6666666666666666, 0, 0, 0, 0, 0, 0, 3.6935291290283203, 0.035773277282714844], [1, 0, 1, 0.16635382175445557, 0, 1, 8, 3, 10, 1, 0, 0, 0, 1, 1, 7, 0, 0, 0, 2, 0, 0.6666666666666666, 0, 0, 1, 0, 0, 0, -8.432435035705566, 27.494976043701172], [0, 0, 0, 0.14623934030532837, 0, 0, 8, 9, 16, 0, 0, 0, 0, 4, 4, 1, 0, 0, 0, 8, 0, 0.6666666666666666, 0, 0, 0, 0, 0, 0, -3.6518712043762207, 14.236724853515625], [0, 0, 0, 0.15118789672851562, 0, 0, 8, 4, 11, 0, 0, 0, 0, 1, 2, 5, 0, 0, 0, 3, 0, 0.6666666666666666, 0, 0, 0, 0, 0, 0, -29.61951446533203, 0.0], [0, 0, 0, 0.033027470111846924, 0, 0, 8, 3, 10, 0, 0, 0, 0, 1, 1, 1, 0, 0, 0, 2, 0, 0.1111111111111111, 0, 0, 0, 0, 0, 0, -23.8772029876709, 0.0], [0, 0, 0, 0.03190073370933533, 0, 0, 8, 8, 15, 0, 0, 0, 0, 6, 1, 4, 0, 0, 0, 7, 0, 0.5, 0, 0, 0, 0, 0, 0, 7.787126064300537, 0.003208637237548828], [0, 0, 0, 0.07059967517852783, 0, 0, 8, 3, 10, 0, 0, 0, 0, 1, 1, 4, 0, 0, 0, 2, 0, 0.6666666666666666, 0, 0, 0, 0, 0, 0, -23.8772029876709, 0.0], [0, 0, 0, 0.022700637578964233, 0, 0, 8, 12, 19, 0, 0, 0, 0, 10, 1, 1, 0, 0, 0, 11, 0, 0.017241379310344827, 0, 0, 0, 0, 0, 0, -12.527894973754883, 0.02441883087158203], [0, 0, 0, 0.014976337552070618, 0, 0, 8, 4, 11, 0, 0, 0, 0, 1, 2, 1, 0, 0, 0, 3, 0, 0.1111111111111111, 0, 0, 0, 0, 0, 0, -29.61951446533203, 0.0], [0, 0, 0, 0.009986579418182373, 0, 0, 8, 3, 10, 0, 0, 0, 0, 1, 1, 3, 0, 0, 0, 2, 0, 0.5, 0, 0, 0, 0, 0, 0, -23.8772029876709, 0.0], [0, 0, 0, 0.04975762963294983, 0, 0, 8, 6, 13, 0, 0, 0, 0, 4, 1, 3, 0, 0, 0, 5, 0, 0.5, 0, 0, 0, 0, 0, 0, -14.485660552978516, 0.11641597747802734], [0, 0, 0, 0.026351839303970337, 0, 0, 8, 4, 11, 0, 0, 0, 0, 2, 1, 4, 0, 0, 0, 3, 0, 0.6666666666666666, 0, 0, 0, 0, 0, 0, -8.27520751953125, 0.18427467346191406], [0, 0, 0, 0.13198751211166382, 0, 0, 8, 4, 11, 0, 0, 0, 0, 2, 1, 2, 0, 0, 0, 3, 0, 0.5, 0, 0, 0, 0, 0, 0, -8.27520751953125, 0.18427467346191406], [0, 0, 0, 0.012166976928710938, 0, 0, 8, 13, 20, 0, 0, 0, 0, 11, 1, 1, 0, 0, 0, 12, 0, 0.25, 0, 0, 0, 0, 0, 0, 13.241032600402832, 0.0009737014770507812], [0, 0, 0, 0.0027418136596679688, 0, 0, 8, 5, 12, 0, 0, 0, 0, 3, 1, 3, 0, 0, 0, 4, 0, 0.6666666666666666, 0, 0, 0, 0, 0, 0, -1.5111944675445557, 0.013864278793334961], [0, 0, 0, 0.03897649049758911, 0, 0, 8, 13, 20, 0, 0, 0, 0, 10, 2, 2, 0, 0, 0, 12, 0, 0.4, 0, 0, 0, 0, 0, 0, 9.770641326904297, 6.577751636505127], [0, 0, 0, 0.01654660701751709, 0, 0, 8, 13, 20, 0, 0, 0, 0, 11, 1, 1, 0, 0, 0, 12, 0, 0.017241379310344827, 0, 0, 0, 0, 0, 0, 13.215127944946289, 0.0009603500366210938], [0, 0, 0, 0.024068593978881836, 0, 0, 8, 6, 13, 0, 0, 0, 0, 2, 3, 3, 0, 0, 0, 5, 0, 0.5, 0, 0, 0, 0, 0, 0, -23.591970443725586, 24.332265853881836], [0, 0, 0, 0.020752429962158203, 0, 0, 8, 7, 14, 0, 0, 0, 0, 2, 3, 7, 0, 0, 0, 6, 0, 0.8, 0, 0, 0, 0, 0, 0, -41.08992385864258, 4.562446594238281], [0, 0, 0, 0.09893488883972168, 0, 0, 8, 7, 14, 0, 0, 0, 0, 4, 2, 3, 0, 0, 0, 6, 0, 0.4, 0, 0, 0, 0, 0, 0, -0.34102481603622437, 13.552559852600098], [0, 0, 0, 0.2606992721557617, 0, 0, 8, 3, 10, 0, 0, 0, 0, 1, 1, 3, 0, 0, 0, 2, 0, 0.5, 0, 0, 0, 0, 0, 0, -23.8772029876709, 0.0], [0, 0, 0, 0.02864307165145874, 0, 0, 8, 13, 20, 0, 0, 0, 0, 10, 2, 2, 0, 0, 0, 12, 0, 0.5, 0, 0, 0, 0, 0, 0, 9.776069641113281, 6.567916393280029], [1, 0, 0, 0.007687211036682129, 0, 0, 8, 7, 14, 1, 0, 0, 0, 1, 5, 6, 0, 0, 0, 6, 0, 0.8666666666666667, 0, 0, 0, 0, 0, 0, -32.21415710449219, 0.0], [1, 0, 0, 0.04931977391242981, 0, 0, 8, 11, 18, 1, 0, 1, 0, 8, 2, 3, 0, 0, 0, 10, 0, 0.5, 0, 0, 0, 0, 0, 0, 4.667782306671143, 5.4365644454956055], [0, 0, 0, 0.04094734787940979, 0, 0, 8, 11, 18, 0, 0, 0, 0, 9, 1, 2, 0, 0, 0, 10, 0, 0.5, 0, 0, 0, 0, 0, 0, 11.693953514099121, 0.0014286041259765625], [0, 0, 0, 0.14204123616218567, 0, 0, 8, 6, 13, 0, 0, 0, 0, 4, 1, 2, 0, 0, 0, 5, 0, 0.14285714285714285, 0, 0, 0, 0, 0, 0, -14.485660552978516, 0.11641597747802734], [0, 0, 0, 0.018626123666763306, 0, 0, 8, 3, 10, 0, 0, 0, 0, 1, 1, 2, 0, 0, 0, 2, 0, 0.5, 0, 0, 0, 0, 0, 0, -23.8772029876709, 0.0], [0, 0, 0, 0.0008943080902099609, 0, 0, 8, 13, 20, 0, 0, 0, 0, 6, 4, 5, 0, 0, 0, 12, 0, 0.6666666666666666, 0, 0, 0, 0, 0, 0, -16.390100479125977, 2.972614288330078], [1, 0, 1, 0.0913965106010437, 1, 0, 8, 4, 11, 1, 0, 1, 1, 2, 1, 4, 0, 0, 0, 3, 0, 0.8571428571428571, 0, 0, 0, 0, 0, 0, -8.247661590576172, 0.18477249145507812], [0, 0, 0, 0.018062472343444824, 0, 0, 8, 3, 10, 0, 0, 0, 0, 1, 1, 3, 0, 0, 0, 2, 0, 0.6666666666666666, 0, 0, 0, 0, 0, 0, -23.8772029876709, 0.0], [0, 0, 0, 0.07143276929855347, 0, 0, 8, 6, 13, 0, 0, 0, 0, 4, 1, 1, 0, 0, 0, 5, 0, 0.5, 0, 0, 0, 0, 0, 0, -14.622296333312988, 0.14033985137939453], [0, 0, 0, 0.049247920513153076, 0, 0, 8, 13, 20, 0, 0, 0, 0, 11, 1, 1, 0, 0, 0, 12, 0, 0.12280701754385964, 0, 0, 0, 0, 0, 0, 13.231354713439941, 0.0009670257568359375], [0, 0, 0, 0.02595372498035431, 0, 0, 8, 13, 20, 0, 0, 0, 0, 11, 1, 1, 0, 0, 0, 12, 0, 0.2, 0, 0, 0, 0, 0, 0, 13.198792457580566, 0.0009546279907226562], [1, 0, 0, 0.13314539194107056, 0, 0, 8, 13, 20, 1, 0, 0, 0, 11, 1, 2, 0, 0, 0, 12, 0, 0.16666666666666666, 0, 0, 0, 0, 0, 0, 7.118346214294434, 0.021605491638183594], [0, 0, 0, 0.06022083759307861, 0, 0, 8, 13, 20, 0, 0, 0, 0, 8, 3, 2, 0, 0, 0, 12, 0, 0.5, 0, 0, 0, 0, 0, 0, -3.3582634925842285, 1.5367493629455566], [1, 0, 1, 0.06833839416503906, 0, 0, 8, 7, 14, 1, 0, 1, 0, 3, 2, 1, 0, 0, 0, 6, 1, 0.8, 0, 0, 0, 0, 0, 0, -34.38227462768555, 2.173816680908203], [1, 0, 1, 0.009670376777648926, 1, 0, 7, 13, 19, 1, 0, 1, 1, 3, 9, 6, 0, 0, 0, 12, 1, 0.8571428571428571, 0, 0, 0, 0, 0, 0, -8.380441665649414, 13.507896423339844], [0, 0, 0, 0.02318793535232544, 0, 0, 8, 11, 18, 0, 0, 0, 0, 7, 3, 3, 0, 0, 0, 10, 0, 0.6666666666666666, 0, 0, 0, 0, 0, 0, -12.707283973693848, 9.213826179504395], [0, 0, 0, 0.0017729997634887695, 0, 0, 8, 7, 14, 0, 0, 0, 0, 4, 2, 5, 0, 0, 0, 6, 0, 0.8666666666666667, 0, 0, 0, 0, 0, 0, -0.34102481603622437, 13.552559852600098], [0, 0, 0, 0.010722562670707703, 0, 0, 8, 13, 20, 0, 0, 0, 0, 11, 1, 1, 0, 0, 0, 12, 0, 0.2, 0, 0, 0, 0, 0, 0, 13.241032600402832, 0.0009737014770507812], [0, 0, 0, 0.007756143808364868, 0, 0, 8, 9, 16, 0, 0, 0, 0, 7, 1, 6, 0, 0, 0, 8, 0, 0.6666666666666666, 0, 0, 0, 0, 0, 0, 14.05772876739502, 14.070123672485352], [0, 0, 0, 0.08579325675964355, 0, 0, 8, 13, 20, 0, 0, 0, 0, 11, 1, 1, 0, 0, 0, 12, 0, 0.5, 0, 0, 0, 0, 0, 0, 13.204909324645996, 0.0009565353393554688], [0, 0, 0, 0.11180102825164795, 0, 0, 8, 3, 10, 0, 0, 0, 0, 1, 1, 2, 0, 0, 0, 2, 0, 0.3333333333333333, 0, 0, 0, 0, 0, 0, -23.8772029876709, 0.0], [0, 0, 0, 0.021516501903533936, 0, 0, 8, 13, 20, 0, 0, 0, 0, 11, 1, 1, 0, 0, 0, 12, 0, 0.25, 0, 0, 0, 0, 0, 0, 13.241032600402832, 0.0009737014770507812], [0, 0, 0, 0.21127545833587646, 0, 0, 8, 3, 10, 0, 0, 0, 0, 1, 1, 3, 0, 0, 0, 2, 0, 0.5, 0, 0, 0, 0, 0, 0, -23.8772029876709, 0.0], [0, 0, 0, 0.019062012434005737, 0, 0, 8, 3, 10, 0, 0, 0, 0, 1, 1, 2, 0, 0, 0, 2, 0, 0.3333333333333333, 0, 0, 0, 0, 0, 0, -23.8772029876709, 0.0], [0, 0, 0, 0.0071385204792022705, 0, 0, 8, 3, 10, 0, 0, 0, 0, 1, 1, 4, 0, 0, 0, 2, 0, 0.5, 0, 0, 0, 0, 0, 0, -23.8772029876709, 0.0], [0, 0, 0, 0.017620742321014404, 0, 0, 8, 3, 10, 0, 0, 0, 0, 1, 1, 4, 0, 0, 0, 2, 0, 0.6666666666666666, 0, 0, 0, 0, 0, 0, -23.8772029876709, 0.0], [0, 0, 0, 0.07590913772583008, 0, 0, 8, 6, 13, 0, 0, 0, 0, 4, 1, 2, 0, 0, 0, 5, 0, 0.5, 0, 0, 0, 0, 0, 0, -14.485660552978516, 0.11641597747802734], [0, 0, 1, 0.014183670282363892, 0, 0, 8, 7, 14, 0, 0, 1, 1, 2, 4, 3, 0, 0, 0, 6, 0, 0.5, 0, 0, 0, 0, 0, 0, -17.29656219482422, 18.135086059570312], [0, 0, 0, 0.03654256463050842, 0, 0, 8, 13, 20, 0, 0, 0, 0, 11, 1, 3, 0, 0, 0, 12, 0, 0.6666666666666666, 0, 0, 0, 0, 0, 0, 7.269555568695068, 0.021701335906982422], [0, 0, 0, 0.08908364176750183, 0, 0, 8, 3, 10, 0, 0, 0, 0, 1, 1, 3, 0, 0, 0, 2, 0, 0.6666666666666666, 0, 0, 0, 0, 0, 0, -23.8772029876709, 0.0], [0, 0, 0, 0.169215589761734, 0, 0, 8, 13, 20, 0, 0, 0, 0, 11, 1, 2, 0, 0, 0, 12, 0, 0.16666666666666666, 0, 0, 0, 0, 0, 0, 13.144071578979492, 0.0009336471557617188], [1, 0, 0, 0.1035923957824707, 0, 0, 8, 3, 10, 1, 0, 0, 0, 1, 1, 3, 0, 0, 0, 2, 0, 0.6666666666666666, 0, 0, 0, 0, 0, 0, -23.8772029876709, 0.0], [0, 0, 0, 0.10806000232696533, 0, 0, 8, 3, 10, 0, 0, 0, 0, 1, 1, 3, 0, 0, 0, 2, 0, 0.5, 0, 0, 0, 0, 0, 0, -23.8772029876709, 0.0], [0, 0, 0, 0.16232070326805115, 0, 0, 8, 3, 10, 0, 0, 0, 0, 1, 1, 4, 0, 0, 0, 2, 0, 0.5, 0, 0, 0, 0, 0, 0, -23.8772029876709, 0.0], [0, 0, 0, 0.021349668502807617, 0, 0, 8, 3, 10, 0, 0, 0, 0, 1, 1, 4, 0, 0, 0, 2, 0, 0.5, 0, 0, 0, 0, 0, 0, -23.8772029876709, 0.0], [0, 0, 0, 0.055875182151794434, 0, 0, 8, 13, 20, 0, 0, 0, 0, 10, 2, 1, 0, 0, 0, 12, 0, 0.2, 0, 0, 0, 0, 0, 0, 6.528796195983887, 5.832106113433838], [0, 0, 0, 0.030778825283050537, 0, 0, 8, 7, 14, 0, 0, 0, 0, 5, 1, 4, 0, 0, 0, 6, 0, 0.5, 0, 0, 0, 0, 0, 0, 5.662449359893799, 0.004663944244384766], [0, 0, 0, 0.15656042098999023, 0, 0, 8, 3, 10, 0, 0, 0, 0, 1, 1, 5, 0, 0, 0, 2, 0, 0.5, 0, 0, 0, 0, 0, 0, -23.8772029876709, 0.0], [0, 0, 0, 0.0795484185218811, 0, 0, 8, 13, 20, 0, 0, 0, 0, 9, 2, 3, 0, 0, 0, 12, 0, 0.6666666666666666, 0, 0, 0, 0, 0, 0, -0.20038121938705444, 0.000202178955078125], [1, 0, 0, 0.01832631230354309, 0, 0, 8, 5, 12, 1, 0, 1, 0, 3, 1, 3, 0, 0, 0, 4, 0, 0.5, 0, 0, 0, 0, 0, 0, -1.4922235012054443, 0.013985872268676758], [0, 0, 0, 0.03968343138694763, 0, 0, 8, 13, 20, 0, 0, 0, 0, 10, 2, 3, 0, 0, 0, 12, 0, 0.3333333333333333, 0, 0, 0, 0, 0, 0, 4.308541297912598, 6.3279032707214355], [0, 0, 0, 0.06383278965950012, 0, 0, 8, 4, 11, 0, 0, 0, 0, 2, 1, 4, 0, 0, 0, 3, 0, 0.5, 0, 0, 0, 0, 0, 0, -8.27520751953125, 0.18427467346191406], [0, 0, 0, 0.11558228731155396, 0, 0, 8, 7, 14, 0, 0, 0, 0, 5, 1, 3, 0, 0, 0, 6, 0, 0.5, 0, 0, 0, 0, 0, 0, -12.8487548828125, 0.02072429656982422], [0, 0, 0, 0.41784533858299255, 0, 0, 8, 3, 10, 0, 0, 0, 0, 1, 1, 2, 0, 0, 0, 2, 0, 0.5, 0, 0, 0, 0, 0, 0, -23.8772029876709, 0.0], [0, 0, 0, 0.0, 0, 0, 8, 13, 20, 0, 0, 0, 0, 11, 1, 2, 0, 0, 0, 12, 0, 0.5, 0, 0, 0, 0, 0, 0, 13.215127944946289, 0.0009603500366210938], [0, 0, 0, 0.005655020475387573, 0, 0, 8, 13, 20, 0, 0, 0, 0, 9, 2, 2, 0, 0, 0, 12, 0, 0.25, 0, 0, 0, 0, 0, 0, -0.22908622026443481, 0.004946708679199219], [0, 0, 0, 0.011127263307571411, 0, 0, 8, 9, 16, 0, 0, 0, 0, 7, 1, 6, 0, 0, 0, 8, 0, 0.6666666666666666, 0, 0, 0, 0, 0, 0, 3.670637607574463, 0.03568744659423828], [0, 0, 0, 0.0128420889377594, 0, 0, 8, 5, 12, 0, 0, 0, 0, 3, 1, 2, 0, 0, 0, 4, 0, 0.5, 0, 0, 0, 0, 0, 0, -1.5111944675445557, 0.013864278793334961], [0, 0, 0, 0.09025776386260986, 0, 0, 8, 4, 11, 0, 0, 0, 0, 2, 1, 5, 0, 0, 0, 3, 0, 0.6666666666666666, 0, 0, 0, 0, 0, 0, -8.27520751953125, 0.18427467346191406], [0, 0, 0, 0.02177494764328003, 0, 0, 8, 13, 20, 0, 0, 0, 0, 8, 2, 2, 0, 0, 0, 12, 0, 0.5, 0, 0, 0, 0, 0, 0, -10.205769538879395, 0.0035037994384765625], [1, 0, 1, 0.2516241669654846, 0, 0, 8, 4, 11, 1, 0, 1, 1, 2, 1, 6, 0, 0, 0, 3, 0, 0.75, 0, 0, 0, 0, 0, 0, -8.247661590576172, 0.18477249145507812], [0, 0, 0, 0.06566840410232544, 0, 0, 8, 10, 17, 0, 0, 0, 0, 8, 1, 4, 0, 0, 0, 9, 0, 0.5, 0, 0, 0, 0, 0, 0, -11.748555183410645, 0.05997467041015625], [0, 0, 0, 0.018858879804611206, 0, 0, 8, 3, 10, 0, 0, 0, 0, 1, 1, 3, 0, 0, 0, 2, 0, 0.6666666666666666, 0, 0, 0, 0, 0, 0, -23.8772029876709, 0.0], [0, 0, 0, 0.4711562693119049, 0, 0, 8, 3, 10, 0, 0, 0, 0, 1, 1, 3, 0, 0, 0, 2, 0, 0.75, 0, 0, 0, 0, 0, 0, -23.8772029876709, 0.0], [0, 0, 0, 0.026880264282226562, 0, 0, 8, 3, 10, 0, 0, 0, 0, 1, 1, 2, 0, 0, 0, 2, 0, 0.25, 0, 0, 0, 0, 0, 0, -23.8772029876709, 0.0], [0, 0, 0, 0.010895848274230957, 0, 0, 8, 13, 20, 0, 0, 0, 0, 10, 2, 1, 0, 0, 0, 12, 0, 0.3333333333333333, 0, 0, 0, 0, 0, 0, 6.152587890625, 4.393437385559082], [0, 0, 0, 0.05486556887626648, 0, 0, 8, 13, 20, 0, 0, 0, 0, 11, 1, 1, 0, 0, 0, 12, 0, 0.2, 0, 0, 0, 0, 0, 0, 13.063285827636719, 0.0009059906005859375], [1, 0, 0, 0.15807196497917175, 0, 0, 8, 7, 14, 1, 0, 1, 0, 4, 2, 3, 0, 0, 0, 6, 1, 0.6, 0, 0, 0, 0, 0, 0, -16.21346092224121, 13.521738052368164], [0, 0, 0, 0.08080124855041504, 0, 0, 8, 13, 20, 0, 0, 0, 0, 9, 2, 2, 0, 0, 0, 12, 0, 0.6666666666666666, 0, 0, 0, 0, 0, 0, -0.22465020418167114, 0.008867025375366211], [0, 0, 0, 0.16424918174743652, 0, 0, 8, 3, 10, 0, 0, 0, 0, 1, 1, 4, 0, 0, 0, 2, 0, 0.6666666666666666, 0, 0, 0, 0, 0, 0, -23.8772029876709, 0.0], [0, 0, 0, 0.0049529969692230225, 0, 0, 8, 13, 20, 0, 0, 0, 0, 8, 3, 3, 0, 0, 0, 12, 0, 0.75, 0, 0, 0, 0, 0, 0, -3.3882968425750732, 1.533386468887329], [0, 0, 0, 0.09820041060447693, 0, 0, 8, 13, 20, 0, 0, 1, 0, 11, 1, 2, 0, 0, 0, 12, 0, 0.5, 0, 0, 0, 0, 0, 0, 13.231354713439941, 0.0009670257568359375], [0, 0, 0, 0.019227951765060425, 0, 0, 8, 13, 20, 0, 0, 0, 0, 11, 1, 1, 0, 0, 0, 12, 0, 0.2, 0, 0, 0, 0, 0, 0, 13.198792457580566, 0.0009546279907226562], [1, 0, 0, 0.07033276557922363, 1, 0, 8, 3, 10, 1, 0, 0, 0, 1, 1, 4, 0, 0, 0, 2, 0, 0.6666666666666666, 0, 0, 0, 0, 0, 0, -23.8772029876709, 0.0], [0, 0, 0, 0.008169859647750854, 0, 0, 8, 13, 20, 0, 0, 0, 0, 11, 1, 3, 0, 0, 0, 12, 0, 0.5, 0, 0, 0, 0, 0, 0, 13.165794372558594, 0.0009441375732421875], [0, 0, 0, 0.10219231247901917, 0, 0, 8, 6, 13, 0, 0, 0, 0, 4, 1, 4, 0, 0, 0, 5, 0, 0.6666666666666666, 0, 0, 0, 0, 0, 0, 2.7437801361083984, 0.007445335388183594], [0, 0, 1, 0.02559638023376465, 0, 0, 8, 11, 18, 0, 0, 1, 0, 7, 2, 1, 0, 0, 0, 10, 0, 0.75, 0, 0, 0, 0, 0, 0, -20.216449737548828, 0.09706687927246094], [0, 0, 0, 0.012168288230895996, 0, 0, 8, 3, 10, 0, 0, 0, 0, 1, 1, 3, 0, 0, 0, 2, 0, 0.5, 0, 0, 0, 0, 0, 0, -28.604970932006836, 0.0], [0, 0, 0, 0.06314122676849365, 0, 0, 8, 3, 10, 0, 0, 0, 0, 1, 1, 1, 0, 0, 0, 2, 0, 0.5, 0, 0, 0, 0, 0, 0, -23.8772029876709, 0.0], [0, 0, 0, 0.060906171798706055, 0, 0, 8, 3, 10, 0, 0, 0, 0, 1, 1, 4, 0, 0, 0, 2, 0, 0.6666666666666666, 0, 0, 0, 0, 0, 0, -23.8772029876709, 0.0], [0, 0, 0, 0.03905966877937317, 0, 0, 8, 13, 20, 0, 0, 0, 0, 11, 1, 1, 0, 0, 0, 12, 0, 0.15, 0, 0, 0, 0, 0, 0, 13.23603630065918, 0.0009698867797851562], [0, 0, 0, 0.021962910890579224, 0, 0, 8, 4, 11, 0, 0, 1, 1, 2, 1, 4, 0, 0, 0, 3, 0, 0.5, 0, 0, 0, 0, 0, 0, 5.363536834716797, 26.731260299682617], [0, 0, 0, 0.008836150169372559, 0, 0, 8, 3, 10, 0, 0, 0, 0, 1, 1, 4, 0, 0, 0, 2, 0, 0.5, 0, 0, 0, 0, 0, 0, -23.8772029876709, 0.0], [0, 0, 0, 0.07293558120727539, 0, 0, 8, 11, 18, 0, 0, 0, 0, 7, 3, 1, 0, 0, 0, 10, 0, 0.4, 0, 0, 0, 0, 0, 0, 3.959406852722168, 9.642112731933594], [0, 0, 0, 0.003694295883178711, 0, 0, 8, 3, 10, 0, 0, 0, 0, 1, 1, 2, 0, 0, 0, 2, 0, 0.5, 0, 0, 0, 0, 0, 0, -23.8772029876709, 0.0], [0, 0, 0, 0.05185127258300781, 0, 0, 8, 4, 11, 0, 0, 0, 0, 2, 1, 5, 0, 0, 0, 3, 0, 0.8571428571428571, 0, 0, 0, 0, 0, 0, -8.27520751953125, 0.18427467346191406], [0, 0, 0, 0.028831839561462402, 0, 0, 8, 10, 17, 0, 0, 0, 0, 8, 1, 1, 0, 0, 0, 9, 0, 0.12121212121212122, 0, 0, 0, 0, 0, 0, 10.671062469482422, 0.0018014907836914062], [0, 0, 0, 0.041830599308013916, 0, 0, 8, 13, 20, 0, 0, 0, 0, 10, 2, 1, 0, 0, 0, 12, 0, 0.1111111111111111, 0, 0, 0, 0, 0, 0, 9.748797416687012, 6.575830936431885], [0, 0, 0, 0.03181597590446472, 0, 0, 8, 4, 11, 0, 0, 0, 0, 2, 1, 4, 0, 0, 0, 3, 0, 0.5, 0, 0, 0, 0, 0, 0, -8.27520751953125, 0.18427467346191406], [0, 0, 0, 0.005965232849121094, 0, 0, 8, 13, 20, 0, 0, 0, 0, 11, 1, 3, 0, 0, 0, 12, 0, 0.5, 0, 0, 0, 0, 0, 0, 13.23603630065918, 0.0009698867797851562], [0, 0, 0, 0.059717804193496704, 0, 0, 8, 13, 20, 0, 0, 0, 0, 10, 2, 4, 0, 0, 0, 12, 0, 0.5, 0, 0, 0, 0, 0, 0, 9.719987869262695, 6.580872058868408], [0, 0, 0, 0.0032437145709991455, 0, 0, 8, 13, 20, 0, 0, 0, 0, 11, 1, 2, 0, 0, 0, 12, 0, 0.5, 0, 0, 0, 0, 0, 0, 13.141196250915527, 0.0009307861328125], [0, 0, 0, 0.015327781438827515, 0, 0, 8, 13, 20, 0, 0, 0, 0, 11, 1, 2, 0, 0, 0, 12, 0, 0.5, 0, 0, 0, 0, 0, 0, 13.165794372558594, 0.0009441375732421875], [0, 0, 0, 0.0765184760093689, 0, 0, 8, 13, 20, 0, 0, 0, 0, 7, 5, 2, 0, 0, 0, 12, 0, 0.6666666666666666, 0, 0, 0, 0, 0, 0, 0.7160910964012146, 10.453739166259766], [0, 0, 0, 0.0011874884366989136, 0, 0, 8, 4, 11, 0, 0, 0, 0, 2, 1, 4, 0, 0, 0, 3, 0, 0.5, 0, 0, 0, 0, 0, 0, -8.27520751953125, 0.18427467346191406], [0, 0, 0, 0.006387650966644287, 0, 0, 7, 3, 9, 0, 0, 0, 0, 1, 1, 6, 0, 0, 0, 2, 0, 0.5, 0, 0, 0, 0, 0, 0, -23.8772029876709, 0.0], [0, 0, 0, 0.01917898654937744, 0, 0, 8, 13, 20, 0, 0, 1, 0, 9, 3, 2, 0, 0, 0, 12, 0, 0.2727272727272727, 0, 0, 0, 0, 0, 0, 6.5741190910339355, 8.045036315917969], [1, 0, 1, 0.046522438526153564, 0, 0, 8, 6, 13, 1, 0, 1, 1, 3, 2, 3, 0, 0, 0, 5, 0, 0.5, 0, 0, 0, 0, 0, 0, -19.979015350341797, 16.45886993408203], [0, 0, 0, 0.29042279720306396, 0, 0, 8, 3, 10, 0, 0, 0, 0, 1, 1, 3, 0, 0, 0, 2, 0, 0.6666666666666666, 0, 0, 0, 0, 0, 0, -23.8772029876709, 0.0], [0, 0, 0, 0.002795383334159851, 0, 0, 8, 5, 12, 0, 0, 0, 0, 3, 1, 2, 0, 0, 0, 4, 0, 0.5, 0, 0, 0, 0, 0, 0, -1.5111944675445557, 0.013864278793334961], [1, 0, 1, 0.2386336326599121, 0, 1, 8, 3, 10, 1, 0, 0, 0, 1, 1, 4, 0, 0, 0, 2, 0, 0.6666666666666666, 0, 0, 1, 0, 0, 0, -9.103696823120117, 26.11366081237793], [0, 0, 0, 0.03508421778678894, 0, 0, 8, 13, 20, 0, 0, 0, 0, 11, 1, 3, 0, 0, 0, 12, 0, 0.5, 0, 0, 0, 0, 0, 0, 5.970426559448242, 0.0217437744140625], [0, 0, 0, 0.19957086443901062, 0, 0, 8, 4, 11, 0, 0, 0, 0, 2, 1, 3, 0, 0, 0, 3, 0, 0.5, 0, 0, 0, 0, 0, 0, -8.27520751953125, 0.18427467346191406], [0, 0, 0, 0.014855146408081055, 0, 0, 8, 13, 20, 0, 0, 0, 0, 11, 1, 2, 0, 0, 0, 12, 0, 0.3333333333333333, 0, 0, 0, 0, 0, 0, 13.231354713439941, 0.0009670257568359375], [0, 0, 0, 0.017948418855667114, 0, 0, 8, 3, 10, 0, 0, 0, 0, 1, 1, 2, 0, 0, 0, 2, 0, 0.3333333333333333, 0, 0, 0, 0, 0, 0, -23.8772029876709, 0.0], [1, 0, 0, 0.005147337913513184, 0, 0, 8, 6, 13, 1, 0, 0, 0, 4, 1, 5, 0, 0, 0, 5, 0, 0.75, 0, 0, 0, 0, 0, 0, 2.7437801361083984, 0.007445335388183594], [0, 0, 0, 0.07619506120681763, 0, 0, 8, 5, 12, 0, 0, 0, 0, 1, 3, 5, 0, 0, 0, 4, 0, 0.6666666666666666, 0, 0, 0, 0, 0, 0, -27.809022903442383, 0.0], [0, 0, 0, 0.05546456575393677, 0, 0, 8, 13, 20, 0, 0, 0, 0, 11, 1, 1, 0, 0, 0, 12, 0, 0.06451612903225806, 0, 0, 0, 0, 0, 0, 13.122389793395996, 0.0009250640869140625], [0, 0, 0, 0.01786494255065918, 0, 0, 8, 3, 10, 0, 0, 0, 0, 1, 1, 3, 0, 0, 0, 2, 0, 0.5, 0, 0, 0, 0, 0, 0, -23.8772029876709, 0.0], [1, 0, 0, 0.0006143152713775635, 0, 0, 8, 9, 16, 1, 0, 0, 0, 7, 1, 3, 0, 0, 0, 8, 0, 0.4, 0, 0, 0, 0, 0, 0, 9.181747436523438, 0.0023527145385742188], [0, 0, 0, 0.07170411944389343, 0, 0, 8, 13, 20, 0, 0, 0, 0, 11, 1, 2, 0, 0, 0, 12, 0, 0.5, 0, 0, 0, 0, 0, 0, 13.215127944946289, 0.0009603500366210938], [0, 0, 0, 0.0696759819984436, 0, 0, 8, 13, 20, 0, 0, 0, 0, 11, 1, 1, 0, 0, 0, 12, 0, 0.1, 0, 0, 0, 0, 0, 0, 13.121283531188965, 0.000926971435546875], [0, 0, 0, 0.02187526226043701, 0, 0, 8, 5, 12, 0, 0, 0, 0, 3, 1, 2, 0, 0, 0, 4, 0, 0.4, 0, 0, 0, 0, 0, 0, -1.5111944675445557, 0.013864278793334961], [0, 0, 0, 0.034113526344299316, 0, 0, 8, 9, 16, 0, 0, 0, 0, 6, 2, 4, 0, 0, 0, 8, 0, 0.6666666666666666, 0, 0, 0, 0, 0, 0, 4.5800957679748535, 10.009523391723633], [0, 0, 0, 0.0850898027420044, 0, 0, 8, 3, 10, 0, 0, 0, 0, 1, 1, 3, 0, 0, 0, 2, 0, 0.5, 0, 0, 0, 0, 0, 0, -23.8772029876709, 0.0], [0, 0, 0, 0.030807286500930786, 0, 0, 8, 5, 12, 0, 0, 0, 0, 3, 1, 2, 0, 0, 0, 4, 0, 0.5, 0, 0, 0, 0, 0, 0, -1.5111944675445557, 0.013864278793334961], [0, 0, 0, 0.08364152908325195, 0, 0, 8, 13, 20, 0, 0, 0, 0, 11, 1, 2, 0, 0, 0, 12, 0, 0.5, 0, 0, 0, 0, 0, 0, 13.215127944946289, 0.0009603500366210938], [0, 0, 0, 0.06291133165359497, 0, 0, 8, 5, 12, 0, 0, 0, 0, 3, 1, 3, 0, 0, 0, 4, 0, 0.5, 0, 0, 0, 0, 0, 0, -1.5111944675445557, 0.013864278793334961], [1, 0, 0, 0.12493351101875305, 0, 0, 8, 13, 20, 1, 0, 0, 0, 11, 1, 2, 0, 0, 0, 12, 0, 0.16666666666666666, 0, 0, 0, 0, 0, 0, 13.144071578979492, 0.0009336471557617188], [0, 0, 0, 0.009281158447265625, 0, 0, 8, 3, 10, 0, 0, 0, 0, 1, 1, 6, 0, 0, 0, 2, 0, 0.6666666666666666, 0, 0, 0, 0, 0, 0, -23.8772029876709, 0.0], [0, 0, 0, 0.05685216188430786, 0, 0, 8, 3, 10, 0, 0, 0, 0, 1, 1, 5, 0, 0, 0, 2, 0, 0.75, 0, 0, 0, 0, 0, 0, -23.8772029876709, 0.0], [0, 0, 0, 0.001346498727798462, 0, 0, 8, 13, 20, 0, 0, 0, 0, 11, 1, 2, 0, 0, 0, 12, 0, 0.6, 0, 0, 0, 0, 0, 0, 13.141196250915527, 0.0009307861328125], [1, 0, 0, 0.0182456374168396, 1, 0, 8, 13, 20, 1, 0, 1, 1, 5, 3, 6, 0, 0, 0, 12, 1, 0.6666666666666666, 0, 0, 0, 0, 0, 0, -28.180927276611328, 0.0018939971923828125], [0, 0, 0, 0.07823970913887024, 0, 0, 8, 13, 20, 0, 0, 0, 0, 11, 1, 2, 0, 0, 0, 12, 0, 0.6666666666666666, 0, 0, 0, 0, 0, 0, 13.185338020324707, 0.0009479522705078125], [0, 0, 0, 0.1103658676147461, 0, 0, 8, 3, 10, 0, 0, 0, 0, 1, 1, 3, 0, 0, 0, 2, 0, 0.5, 0, 0, 0, 0, 0, 0, -23.8772029876709, 0.0], [0, 0, 0, 0.10653369128704071, 0, 0, 8, 5, 12, 0, 0, 0, 0, 3, 1, 3, 0, 0, 0, 4, 0, 0.5, 0, 0, 0, 0, 0, 0, -1.5111944675445557, 0.013864278793334961], [0, 0, 0, 0.06218865513801575, 0, 0, 8, 13, 20, 0, 0, 0, 0, 9, 2, 4, 0, 0, 0, 12, 0, 0.5, 0, 0, 0, 0, 0, 0, -0.274303138256073, 0.006028294563293457], [0, 0, 0, 0.014806777238845825, 0, 0, 8, 3, 10, 0, 0, 0, 0, 1, 1, 3, 0, 0, 0, 2, 0, 0.5714285714285714, 0, 0, 0, 0, 0, 0, -23.8772029876709, 0.0], [0, 0, 0, 0.053263723850250244, 0, 0, 8, 13, 20, 0, 0, 1, 0, 10, 2, 2, 0, 0, 0, 12, 0, 0.5, 0, 0, 0, 0, 0, 0, 9.711774826049805, 6.571958541870117], [0, 0, 0, 0.07773759961128235, 0, 0, 8, 4, 11, 0, 0, 0, 0, 2, 1, 3, 0, 0, 0, 3, 0, 0.5, 0, 0, 0, 0, 0, 0, -8.27520751953125, 0.18427467346191406], [0, 0, 0, 0.0, 0, 0, 8, 7, 14, 0, 0, 0, 0, 4, 2, 5, 0, 0, 0, 6, 0, 0.6666666666666666, 0, 0, 0, 0, 0, 0, -16.30172348022461, 13.434215545654297], [0, 0, 0, 0.05568408966064453, 0, 0, 8, 13, 20, 0, 0, 0, 0, 11, 1, 1, 0, 0, 0, 12, 0, 0.2, 0, 0, 0, 0, 0, 0, 13.063285827636719, 0.0009059906005859375], [0, 0, 0, 0.09844684600830078, 0, 0, 8, 4, 11, 0, 0, 0, 0, 2, 1, 4, 0, 0, 0, 3, 0, 0.5, 0, 0, 0, 0, 0, 0, -8.27520751953125, 0.18427467346191406], [0, 0, 0, 0.12199532985687256, 0, 0, 8, 3, 10, 0, 0, 0, 0, 1, 1, 5, 0, 0, 0, 2, 0, 0.8571428571428571, 0, 0, 0, 0, 0, 0, -23.8772029876709, 0.0], [0, 0, 0, 0.021059274673461914, 0, 0, 8, 13, 20, 0, 0, 0, 0, 9, 2, 2, 0, 0, 0, 12, 0, 0.75, 0, 0, 0, 0, 0, 0, -0.19603008031845093, 0.0084686279296875], [0, 0, 0, 0.02936333417892456, 0, 0, 8, 7, 14, 0, 0, 0, 0, 5, 1, 5, 0, 0, 0, 6, 0, 0.5, 0, 0, 0, 0, 0, 0, -5.013000965118408, 15.377382278442383], [0, 0, 0, 0.004087090492248535, 0, 0, 8, 12, 19, 0, 0, 0, 0, 10, 1, 2, 0, 0, 0, 11, 0, 0.25, 0, 0, 0, 0, 0, 0, 12.535947799682617, 0.001163482666015625], [0, 0, 0, 0.05090254545211792, 0, 0, 8, 13, 20, 0, 0, 0, 0, 11, 1, 1, 0, 0, 0, 12, 0, 0.2, 0, 0, 0, 0, 0, 0, 13.063285827636719, 0.0009059906005859375], [0, 0, 0, 0.06760555505752563, 0, 0, 8, 5, 12, 0, 0, 0, 0, 3, 1, 4, 0, 0, 0, 4, 0, 0.5, 0, 0, 0, 0, 0, 0, -1.5111944675445557, 0.013864278793334961], [0, 0, 0, 0.15971219539642334, 0, 0, 8, 3, 10, 0, 0, 0, 0, 1, 1, 3, 0, 0, 0, 2, 0, 0.5, 0, 0, 0, 0, 0, 0, -23.8772029876709, 0.0], [0, 0, 0, 0.1689814031124115, 0, 0, 8, 13, 20, 0, 1, 0, 0, 9, 3, 2, 0, 0, 0, 12, 0, 0.16666666666666666, 0, 0, 0, 0, 0, 0, 4.139001369476318, 5.037707328796387], [1, 0, 1, 0.1793777346611023, 1, 0, 8, 10, 17, 1, 0, 1, 1, 4, 4, 4, 0, 0, 0, 9, 1, 0.8571428571428571, 0, 0, 0, 0, 0, 0, -28.99734115600586, 4.054836273193359], [0, 0, 0, 0.04960641264915466, 0, 0, 8, 13, 20, 0, 0, 0, 0, 11, 1, 2, 0, 0, 0, 12, 0, 0.5, 0, 0, 0, 0, 0, 0, 13.195902824401855, 0.00095367431640625], [1, 0, 0, 0.006806135177612305, 0, 0, 8, 3, 10, 1, 0, 0, 0, 1, 1, 2, 0, 0, 0, 2, 0, 0.4, 0, 0, 0, 0, 0, 0, -23.8772029876709, 0.0], [0, 0, 0, 0.0304795503616333, 0, 0, 8, 13, 20, 0, 0, 0, 0, 7, 3, 2, 0, 0, 0, 12, 0, 0.5, 0, 0, 0, 0, 0, 0, -13.386168479919434, 1.5249691009521484], [0, 0, 0, 0.20031103491783142, 0, 0, 8, 3, 10, 0, 0, 0, 0, 1, 1, 3, 0, 0, 0, 2, 0, 0.3333333333333333, 0, 0, 0, 0, 0, 0, -23.8772029876709, 0.0], [0, 0, 0, 0.01059010624885559, 0, 0, 8, 10, 17, 0, 0, 0, 0, 7, 2, 1, 0, 0, 0, 9, 0, 0.5, 0, 0, 0, 0, 0, 0, -15.690089225769043, 8.175400733947754], [0, 0, 0, 0.028157442808151245, 0, 0, 8, 13, 20, 0, 0, 0, 0, 11, 1, 2, 0, 0, 0, 12, 0, 0.3333333333333333, 0, 0, 0, 0, 0, 0, 13.231354713439941, 0.0009670257568359375], [0, 0, 0, 0.023815184831619263, 0, 0, 8, 13, 20, 0, 0, 0, 0, 11, 1, 1, 0, 0, 0, 12, 0, 0.12280701754385964, 0, 0, 0, 0, 0, 0, 13.231354713439941, 0.0009670257568359375], [0, 0, 0, 0.06626522541046143, 0, 0, 8, 3, 10, 0, 0, 0, 0, 1, 1, 1, 0, 0, 0, 2, 0, 0.3333333333333333, 0, 0, 0, 0, 0, 0, -23.8772029876709, 0.0], [0, 0, 0, 0.025792032480239868, 0, 0, 8, 13, 20, 0, 0, 1, 0, 11, 1, 2, 0, 0, 0, 12, 0, 0.5, 0, 0, 0, 0, 0, 0, 13.160223007202148, 0.00093841552734375], [0, 0, 0, 0.00695464015007019, 0, 0, 8, 11, 18, 0, 0, 0, 0, 8, 2, 1, 0, 0, 0, 10, 0, 0.5, 0, 0, 0, 0, 0, 0, 1.9735124111175537, 7.162208557128906], [0, 0, 0, 0.29419171810150146, 0, 0, 8, 3, 10, 0, 0, 0, 0, 1, 1, 4, 0, 0, 0, 2, 0, 0.8333333333333334, 0, 0, 0, 0, 0, 0, -23.8772029876709, 0.0], [1, 0, 0, 0.2719099521636963, 0, 0, 8, 3, 10, 1, 0, 0, 0, 1, 1, 2, 0, 0, 0, 2, 0, 0.5, 0, 0, 0, 0, 0, 0, -28.604970932006836, 0.0], [0, 0, 0, 0.06696224212646484, 0, 0, 8, 13, 20, 0, 0, 1, 0, 11, 1, 1, 0, 0, 0, 12, 0, 0.2, 0, 0, 0, 0, 0, 0, 13.063285827636719, 0.0009059906005859375], [0, 0, 0, 0.016252070665359497, 0, 0, 8, 4, 11, 0, 0, 0, 0, 2, 1, 2, 0, 0, 0, 3, 0, 0.5, 0, 0, 0, 0, 0, 0, -8.27520751953125, 0.18427467346191406], [0, 0, 0, 0.09989607334136963, 0, 0, 8, 13, 20, 0, 0, 0, 0, 11, 1, 4, 0, 0, 0, 12, 0, 0.6666666666666666, 0, 0, 0, 0, 0, 0, 13.185338020324707, 0.0009479522705078125], [0, 0, 0, 0.05685216188430786, 0, 0, 8, 3, 10, 0, 0, 0, 0, 1, 1, 5, 0, 0, 0, 2, 0, 0.75, 0, 0, 0, 0, 0, 0, -23.8772029876709, 0.0], [0, 0, 0, 0.009554415941238403, 0, 0, 8, 4, 11, 0, 0, 1, 0, 2, 1, 2, 0, 0, 0, 3, 0, 0.3333333333333333, 0, 0, 0, 0, 0, 0, -8.247661590576172, 0.18477249145507812], [0, 0, 0, 0.03756570816040039, 0, 0, 8, 7, 14, 0, 0, 0, 0, 5, 1, 2, 0, 0, 0, 6, 0, 0.5, 0, 0, 0, 0, 0, 0, -12.027193069458008, 0.08903694152832031], [0, 0, 0, 0.024993538856506348, 0, 0, 8, 4, 11, 0, 0, 0, 0, 2, 1, 4, 0, 0, 0, 3, 0, 0.5, 0, 0, 0, 0, 0, 0, -8.27520751953125, 0.18427467346191406], [0, 0, 0, 0.024648189544677734, 0, 0, 8, 9, 16, 0, 0, 0, 0, 6, 2, 4, 0, 0, 0, 8, 0, 0.6666666666666666, 0, 0, 0, 0, 0, 0, 4.5800957679748535, 10.009523391723633], [0, 0, 0, 0.08981835842132568, 0, 0, 8, 3, 10, 0, 0, 0, 0, 1, 1, 3, 0, 0, 0, 2, 0, 0.5, 0, 0, 0, 0, 0, 0, -23.8772029876709, 0.0], [1, 0, 1, 0.019622325897216797, 0, 1, 8, 3, 10, 1, 0, 0, 0, 1, 1, 7, 0, 0, 0, 2, 0, 0.5, 0, 0, 1, 0, 0, 0, -9.103696823120117, 26.823713302612305], [0, 0, 0, 0.0817839503288269, 0, 0, 8, 13, 20, 0, 0, 0, 0, 11, 1, 4, 0, 0, 0, 12, 0, 0.6666666666666666, 0, 0, 0, 0, 0, 0, 13.185338020324707, 0.0009479522705078125], [0, 0, 0, 0.010812431573867798, 0, 0, 8, 5, 12, 0, 0, 0, 0, 3, 1, 3, 0, 0, 0, 4, 0, 0.75, 0, 0, 0, 0, 0, 0, -1.5111944675445557, 0.013864278793334961], [1, 0, 0, 0.041457533836364746, 0, 0, 8, 13, 20, 1, 0, 0, 0, 10, 2, 1, 0, 0, 0, 12, 0, 0.027777777777777776, 0, 0, 0, 0, 0, 0, 9.676779747009277, 6.575577735900879], [0, 0, 0, 0.0130787193775177, 0, 0, 8, 13, 20, 0, 0, 0, 0, 9, 2, 4, 0, 0, 0, 12, 0, 0.6666666666666666, 0, 0, 0, 0, 0, 0, -5.272822380065918, 0.008501529693603516], [0, 0, 0, 0.34058451652526855, 0, 0, 8, 5, 12, 0, 0, 0, 0, 3, 1, 4, 0, 0, 0, 4, 0, 0.5, 0, 0, 0, 0, 0, 0, -1.5111944675445557, 0.013864278793334961], [0, 0, 0, 0.0, 0, 0, 8, 8, 15, 0, 0, 0, 0, 6, 1, 4, 0, 0, 0, 7, 0, 0.6666666666666666, 0, 0, 0, 0, 0, 0, 7.787126064300537, 0.003208637237548828], [0, 0, 0, 0.023855865001678467, 0, 0, 8, 12, 19, 0, 0, 0, 0, 10, 1, 1, 0, 0, 0, 11, 0, 0.3333333333333333, 0, 0, 0, 0, 0, 0, -12.51309871673584, 0.024419784545898438], [0, 0, 0, 0.10491615533828735, 0, 0, 8, 13, 20, 0, 0, 0, 0, 11, 1, 1, 0, 0, 0, 12, 0, 0.1, 0, 0, 0, 0, 0, 0, 13.121283531188965, 0.000926971435546875], [0, 0, 0, 0.031480371952056885, 0, 0, 8, 3, 10, 0, 0, 0, 0, 1, 1, 3, 0, 0, 0, 2, 0, 0.3333333333333333, 0, 0, 0, 0, 0, 0, -23.8772029876709, 0.0], [0, 0, 0, 0.0439203679561615, 0, 0, 8, 13, 20, 0, 0, 0, 0, 10, 2, 1, 0, 0, 0, 12, 0, 0.1111111111111111, 0, 0, 0, 0, 0, 0, 9.74759578704834, 6.575842380523682], [0, 0, 0, 0.058678388595581055, 0, 0, 8, 13, 20, 0, 0, 0, 0, 10, 2, 1, 0, 0, 0, 12, 0, 0.2, 0, 0, 0, 0, 0, 0, 9.611069679260254, 6.581833839416504], [0, 0, 0, 0.005111038684844971, 0, 0, 8, 3, 10, 0, 0, 0, 0, 1, 1, 4, 0, 0, 0, 2, 0, 0.5, 0, 0, 0, 0, 0, 0, -23.8772029876709, 0.0], [0, 0, 0, 0.013867378234863281, 0, 0, 8, 8, 15, 0, 0, 0, 0, 6, 1, 4, 0, 0, 0, 7, 0, 0.6666666666666666, 0, 0, 0, 0, 0, 0, 7.787126064300537, 0.003208637237548828], [1, 0, 1, 0.02521193027496338, 1, 0, 8, 6, 13, 1, 0, 1, 0, 4, 1, 3, 0, 0, 0, 5, 1, 0.75, 0, 0, 0, 0, 0, 0, -14.603681564331055, 0.14032840728759766], [0, 0, 0, 0.016262710094451904, 0, 0, 8, 13, 20, 0, 0, 0, 0, 9, 3, 2, 0, 0, 0, 12, 0, 0.75, 0, 0, 0, 0, 0, 0, 6.508135795593262, 7.991564750671387], [0, 0, 0, 0.07669997215270996, 0, 0, 8, 13, 20, 0, 0, 0, 0, 9, 3, 2, 0, 0, 0, 12, 0, 0.6666666666666666, 0, 0, 0, 0, 0, 0, 6.51486349105835, 7.966137886047363], [0, 0, 0, 0.16281425952911377, 0, 0, 8, 13, 20, 0, 0, 0, 0, 11, 1, 2, 0, 0, 0, 12, 0, 0.16666666666666666, 0, 0, 0, 0, 0, 0, 13.144071578979492, 0.0009336471557617188], [0, 0, 0, 0.02742069959640503, 0, 0, 8, 3, 10, 0, 0, 0, 0, 1, 1, 3, 0, 0, 0, 2, 0, 0.5, 0, 0, 0, 0, 0, 0, -23.8772029876709, 0.0], [0, 0, 0, 0.04015791416168213, 0, 0, 8, 3, 10, 0, 0, 0, 0, 1, 1, 2, 0, 0, 0, 2, 0, 0.6666666666666666, 0, 0, 0, 0, 0, 0, -23.8772029876709, 0.0], [0, 0, 0, 0.002496480941772461, 0, 0, 8, 13, 20, 0, 0, 0, 0, 7, 5, 5, 0, 0, 0, 12, 0, 0.5, 0, 0, 0, 0, 0, 0, 0.7452114224433899, 10.534261703491211], [0, 0, 1, 0.0025690793991088867, 0, 0, 8, 13, 20, 0, 0, 1, 0, 9, 2, 5, 0, 0, 0, 12, 0, 0.6666666666666666, 0, 0, 0, 0, 0, 0, -0.1971566081047058, 0.005168914794921875], [0, 0, 0, 0.0038750171661376953, 0, 0, 8, 13, 20, 0, 0, 0, 0, 11, 1, 2, 0, 0, 0, 12, 0, 0.5, 0, 0, 0, 0, 0, 0, 13.176047325134277, 0.0009489059448242188], [0, 0, 0, 0.0024316608905792236, 0, 0, 8, 13, 20, 0, 0, 0, 0, 11, 1, 1, 0, 0, 0, 12, 0, 0.05194805194805195, 0, 0, 0, 0, 0, 0, 13.141196250915527, 0.0009307861328125], [0, 0, 0, 0.23337531089782715, 0, 0, 8, 12, 19, 0, 0, 0, 0, 7, 3, 4, 0, 0, 0, 11, 0, 0.8, 0, 0, 0, 0, 0, 0, -5.4123430252075195, 1.7003107070922852], [0, 0, 0, 0.0134754478931427, 0, 0, 8, 5, 12, 0, 0, 0, 0, 3, 1, 3, 0, 0, 0, 4, 0, 0.5, 0, 0, 0, 0, 0, 0, -1.5111944675445557, 0.013864278793334961], [1, 0, 0, 0.0021136999130249023, 0, 0, 8, 13, 20, 1, 0, 1, 0, 9, 2, 4, 0, 0, 0, 12, 1, 0.6666666666666666, 0, 0, 0, 0, 0, 0, -0.20195919275283813, 0.006796717643737793], [0, 0, 0, 0.019138187170028687, 0, 0, 8, 13, 20, 0, 0, 0, 0, 11, 1, 2, 0, 0, 0, 12, 0, 0.5, 0, 0, 0, 0, 0, 0, 13.176047325134277, 0.0009489059448242188], [0, 0, 0, 0.05771782994270325, 0, 0, 8, 13, 20, 0, 0, 0, 0, 11, 1, 1, 0, 0, 0, 12, 0, 0.2, 0, 0, 0, 0, 0, 0, 13.063285827636719, 0.0009059906005859375], [1, 0, 0, 0.02589172124862671, 0, 0, 8, 3, 10, 1, 0, 0, 0, 1, 1, 5, 0, 0, 0, 2, 0, 0.6666666666666666, 0, 0, 0, 0, 0, 0, -23.8772029876709, 0.0], [0, 0, 0, 0.039673805236816406, 0, 0, 8, 3, 10, 0, 0, 0, 0, 1, 1, 2, 0, 0, 0, 2, 0, 0.5, 0, 0, 0, 0, 0, 0, -23.8772029876709, 0.0], [0, 0, 0, 0.04504871368408203, 0, 0, 8, 13, 20, 0, 0, 0, 0, 10, 2, 2, 0, 0, 0, 12, 0, 0.5, 0, 0, 0, 0, 0, 0, 9.718907356262207, 6.577777862548828], [0, 0, 0, 0.007255822420120239, 0, 0, 8, 7, 14, 0, 0, 0, 0, 5, 1, 1, 0, 0, 0, 6, 0, 0.3333333333333333, 0, 0, 0, 0, 0, 0, 5.662449359893799, 0.004663944244384766], [0, 0, 0, 0.2067851722240448, 0, 0, 8, 3, 10, 0, 0, 0, 0, 1, 1, 3, 0, 0, 0, 2, 0, 0.3333333333333333, 0, 0, 0, 0, 0, 0, -23.8772029876709, 0.0], [0, 0, 0, 0.02322480082511902, 0, 0, 8, 9, 16, 0, 0, 0, 0, 7, 1, 6, 0, 0, 0, 8, 0, 0.6666666666666666, 0, 0, 0, 0, 0, 0, 3.670637607574463, 0.03568744659423828], [0, 0, 0, 0.024316370487213135, 0, 0, 8, 13, 20, 0, 0, 0, 0, 9, 3, 4, 0, 0, 0, 12, 0, 0.75, 0, 0, 0, 0, 0, 0, 6.515366554260254, 8.001354217529297], [0, 0, 0, 0.00337335467338562, 0, 0, 8, 8, 15, 0, 0, 0, 0, 4, 2, 1, 0, 0, 0, 7, 0, 0.5, 0, 0, 0, 0, 0, 0, -14.42308235168457, 0.00440216064453125], [0, 0, 0, 0.1045408844947815, 0, 0, 8, 3, 10, 0, 0, 0, 0, 1, 1, 2, 0, 0, 0, 2, 0, 0.2, 0, 0, 0, 0, 0, 0, -23.8772029876709, 0.0], [0, 0, 0, 0.028704971075057983, 0, 0, 8, 3, 10, 0, 0, 0, 0, 1, 1, 3, 0, 0, 0, 2, 0, 0.5, 0, 0, 0, 0, 0, 0, -23.8772029876709, 0.0], [1, 0, 0, 0.15106070041656494, 0, 0, 8, 13, 20, 1, 0, 1, 0, 8, 3, 4, 0, 0, 0, 12, 1, 0.75, 0, 0, 0, 0, 0, 0, -3.325484275817871, 1.5352044105529785], [0, 0, 0, 0.02840098738670349, 0, 0, 8, 3, 10, 0, 1, 0, 0, 1, 1, 2, 0, 0, 0, 2, 0, 0.5, 0, 0, 0, 0, 0, 0, -23.8772029876709, 0.0], [0, 0, 0, 0.08530139923095703, 0, 0, 8, 3, 10, 0, 0, 0, 0, 1, 1, 4, 0, 0, 0, 2, 0, 0.5, 0, 0, 0, 0, 0, 0, -23.8772029876709, 0.0], [0, 0, 0, 0.04162546992301941, 0, 0, 8, 9, 16, 0, 0, 0, 0, 7, 1, 6, 0, 0, 0, 8, 0, 0.8, 0, 0, 0, 0, 0, 0, 9.402233123779297, 0.0023508071899414062], [1, 0, 1, 0.16635388135910034, 0, 1, 8, 3, 10, 1, 0, 0, 0, 1, 1, 7, 0, 0, 0, 2, 0, 0.6666666666666666, 0, 0, 1, 0, 0, 0, -9.103696823120117, 26.823713302612305], [0, 0, 0, 0.043269842863082886, 0, 0, 8, 13, 20, 0, 0, 0, 0, 11, 1, 4, 0, 0, 0, 12, 0, 0.75, 0, 0, 0, 0, 0, 0, 13.185338020324707, 0.0009479522705078125], [0, 0, 1, 0.0811913013458252, 0, 0, 8, 6, 13, 0, 0, 1, 1, 4, 1, 5, 0, 0, 0, 5, 0, 0.6666666666666666, 0, 0, 0, 0, 0, 0, -14.464203834533691, 0.11642932891845703], [1, 0, 0, 0.07984524965286255, 0, 0, 8, 4, 11, 1, 0, 0, 0, 1, 2, 3, 0, 0, 0, 3, 0, 0.6, 0, 0, 0, 0, 0, 0, -29.61951446533203, 0.0], [0, 0, 0, 0.10481876134872437, 0, 0, 8, 4, 11, 0, 0, 0, 0, 2, 1, 1, 0, 0, 0, 3, 0, 0.125, 0, 0, 0, 0, 0, 0, -8.27520751953125, 0.18427467346191406], [0, 0, 0, 0.26321667432785034, 0, 0, 8, 12, 19, 0, 0, 0, 0, 7, 3, 4, 0, 0, 0, 11, 0, 0.8, 0, 0, 0, 0, 0, 0, -5.4074320793151855, 1.7043280601501465], [1, 0, 1, 0.002141714096069336, 0, 0, 8, 13, 20, 1, 0, 1, 1, 11, 1, 2, 0, 0, 0, 12, 0, 0.25, 0, 0, 0, 0, 0, 0, 13.193124771118164, 0.000949859619140625], [0, 0, 0, 0.08968761563301086, 0, 0, 8, 6, 13, 0, 0, 1, 1, 4, 1, 3, 0, 0, 0, 5, 0, 0.5, 0, 0, 0, 0, 0, 0, -14.603681564331055, 0.14032840728759766], [0, 0, 0, 0.22537249326705933, 0, 0, 8, 3, 10, 0, 0, 0, 0, 1, 1, 2, 0, 0, 0, 2, 0, 0.25, 0, 0, 0, 0, 0, 0, -23.8772029876709, 0.0], [0, 0, 0, 0.03353428840637207, 0, 0, 8, 9, 16, 0, 0, 1, 0, 7, 1, 5, 0, 0, 0, 8, 0, 0.6666666666666666, 0, 0, 0, 0, 0, 0, 9.410530090332031, 0.0023603439331054688], [1, 0, 0, 0.013745546340942383, 0, 0, 8, 11, 18, 1, 0, 0, 0, 9, 1, 1, 0, 0, 0, 10, 0, 0.3333333333333333, 0, 0, 0, 0, 0, 0, 11.693953514099121, 0.0014286041259765625], [0, 0, 0, 0.005290865898132324, 0, 0, 8, 8, 15, 0, 0, 1, 0, 6, 1, 3, 0, 0, 0, 7, 0, 0.75, 0, 0, 0, 0, 0, 0, 7.7967729568481445, 0.003223896026611328], [0, 0, 1, 0.058620333671569824, 0, 0, 8, 13, 20, 0, 0, 1, 1, 7, 5, 3, 0, 0, 0, 12, 0, 0.8, 0, 0, 0, 0, 0, 0, 0.7426335215568542, 10.477678298950195], [0, 0, 0, 0.051518917083740234, 0, 0, 8, 13, 20, 0, 0, 0, 0, 11, 1, 2, 0, 0, 0, 12, 0, 0.5, 0, 0, 0, 0, 0, 0, 13.215127944946289, 0.0009603500366210938], [0, 0, 0, 0.03165355324745178, 0, 0, 8, 3, 10, 0, 0, 0, 0, 1, 1, 2, 0, 0, 0, 2, 0, 0.3333333333333333, 0, 0, 0, 0, 0, 0, -23.8772029876709, 0.0], [0, 0, 0, 0.0344584584236145, 0, 0, 8, 5, 12, 0, 0, 0, 0, 3, 1, 2, 0, 0, 0, 4, 0, 0.5, 0, 0, 0, 0, 0, 0, -1.5111944675445557, 0.013864278793334961], [0, 0, 0, 0.09947612881660461, 0, 0, 8, 4, 11, 0, 0, 0, 0, 2, 1, 3, 0, 0, 0, 3, 0, 0.75, 0, 0, 0, 0, 0, 0, -8.27520751953125, 0.18427467346191406], [0, 0, 0, 0.0672537088394165, 0, 0, 8, 13, 20, 0, 0, 0, 0, 11, 1, 4, 0, 0, 0, 12, 0, 0.5, 0, 0, 0, 0, 0, 0, 13.160223007202148, 0.00093841552734375], [0, 0, 0, 0.03187739849090576, 0, 0, 8, 9, 16, 0, 0, 0, 0, 4, 3, 2, 0, 0, 0, 8, 0, 0.4, 0, 0, 0, 0, 0, 0, -14.509864807128906, 2.4585304260253906], [0, 0, 0, 0.06407144665718079, 0, 0, 8, 13, 20, 0, 0, 0, 0, 11, 1, 1, 0, 0, 0, 12, 0, 0.027777777777777776, 0, 0, 0, 0, 0, 0, 13.122389793395996, 0.0009250640869140625], [0, 0, 0, 0.02965545654296875, 0, 0, 8, 3, 10, 0, 0, 0, 0, 1, 1, 4, 0, 0, 0, 2, 0, 0.6666666666666666, 0, 0, 0, 0, 0, 0, -23.8772029876709, 0.0], [0, 0, 0, 0.0721203088760376, 0, 0, 8, 13, 20, 0, 0, 0, 0, 11, 1, 1, 0, 0, 0, 12, 0, 0.2, 0, 0, 0, 0, 0, 0, 13.063285827636719, 0.0009059906005859375], [0, 0, 0, 0.0358508825302124, 0, 0, 8, 3, 10, 0, 0, 0, 0, 1, 1, 3, 0, 0, 0, 2, 0, 0.5, 0, 0, 0, 0, 0, 0, -23.8772029876709, 0.0], [0, 0, 0, 0.003291517496109009, 0, 0, 8, 13, 20, 0, 0, 0, 0, 10, 2, 3, 0, 0, 0, 12, 0, 0.75, 0, 0, 0, 0, 0, 0, 3.784958600997925, 5.820925712585449], [1, 0, 0, 0.11497443914413452, 0, 0, 8, 3, 10, 1, 0, 0, 0, 1, 1, 3, 0, 0, 0, 2, 0, 0.5, 0, 0, 0, 0, 0, 0, -23.8772029876709, 0.0], [1, 0, 0, 0.02011692523956299, 1, 0, 8, 12, 19, 1, 0, 1, 0, 8, 2, 1, 0, 0, 0, 11, 1, 0.75, 0, 0, 0, 0, 0, 0, -2.025806188583374, 0.020850419998168945], [0, 0, 0, 0.03767240047454834, 0, 0, 8, 13, 20, 0, 0, 0, 0, 11, 1, 3, 0, 0, 0, 12, 0, 0.5, 0, 0, 0, 0, 0, 0, 13.215127944946289, 0.0009603500366210938], [0, 0, 0, 0.03278157114982605, 0, 0, 8, 9, 16, 0, 0, 0, 0, 7, 1, 3, 0, 0, 0, 8, 0, 0.75, 0, 0, 0, 0, 0, 0, 9.402233123779297, 0.0023508071899414062], [1, 0, 0, 0.05153310298919678, 0, 0, 8, 8, 15, 1, 0, 0, 0, 5, 2, 4, 0, 0, 0, 7, 0, 0.6666666666666666, 0, 0, 0, 0, 0, 0, -15.163454055786133, 11.074848175048828], [0, 0, 0, 0.00768733024597168, 0, 0, 8, 3, 10, 0, 0, 0, 0, 1, 1, 6, 0, 0, 0, 2, 0, 0.8666666666666667, 0, 0, 0, 0, 0, 0, -23.8772029876709, 0.0], [0, 0, 0, 0.11061835289001465, 0, 0, 8, 3, 10, 0, 0, 0, 0, 1, 1, 1, 0, 0, 0, 2, 0, 0.1, 0, 0, 0, 0, 0, 0, -23.8772029876709, 0.0], [1, 0, 0, 0.028437674045562744, 0, 0, 8, 3, 10, 1, 0, 0, 0, 1, 1, 2, 0, 0, 0, 2, 0, 0.4, 0, 0, 0, 0, 0, 0, -23.8772029876709, 0.0], [0, 0, 0, 0.1423550248146057, 0, 0, 8, 3, 10, 0, 0, 0, 0, 1, 1, 1, 0, 0, 0, 2, 0, 0.5, 0, 0, 0, 0, 0, 0, -23.8772029876709, 0.0], [0, 0, 0, 0.03766399621963501, 0, 0, 8, 6, 13, 0, 0, 0, 0, 4, 1, 4, 0, 0, 0, 5, 0, 0.6666666666666666, 0, 0, 0, 0, 0, 0, 2.7437801361083984, 0.007445335388183594], [0, 0, 0, 0.17136025428771973, 0, 0, 8, 3, 10, 0, 0, 0, 0, 1, 1, 5, 0, 0, 0, 2, 0, 0.5, 0, 0, 0, 0, 0, 0, -23.8772029876709, 0.0], [0, 0, 0, 0.0336054265499115, 0, 0, 8, 8, 15, 0, 0, 0, 0, 5, 2, 4, 0, 0, 0, 7, 0, 0.75, 0, 0, 0, 0, 0, 0, 2.419890880584717, 11.503816604614258], [0, 0, 0, 0.008961319923400879, 0, 0, 8, 11, 18, 0, 0, 0, 0, 9, 1, 1, 0, 0, 0, 10, 0, 0.025974025974025976, 0, 0, 0, 0, 0, 0, -11.028919219970703, 0.010438919067382812], [0, 0, 0, 0.11419564485549927, 0, 0, 8, 11, 18, 0, 0, 0, 0, 9, 1, 4, 0, 0, 0, 10, 0, 0.5, 0, 0, 0, 0, 0, 0, 11.693953514099121, 0.0014286041259765625], [0, 0, 0, 0.04956209659576416, 0, 0, 8, 13, 20, 0, 0, 0, 0, 11, 1, 1, 0, 0, 0, 12, 0, 0.06451612903225806, 0, 0, 0, 0, 0, 0, 6.9992570877075195, 0.037154197692871094], [0, 0, 0, 0.06104502081871033, 0, 0, 8, 13, 20, 0, 0, 0, 0, 11, 1, 1, 0, 0, 0, 12, 0, 0.2, 0, 0, 0, 0, 0, 0, 13.063285827636719, 0.0009059906005859375], [0, 0, 0, 0.024724990129470825, 0, 0, 8, 3, 10, 0, 0, 0, 0, 1, 1, 3, 0, 0, 0, 2, 0, 0.5, 0, 0, 0, 0, 0, 0, -23.8772029876709, 0.0], [0, 0, 0, 0.08132874965667725, 0, 0, 8, 13, 20, 0, 0, 0, 0, 10, 2, 2, 0, 0, 0, 12, 0, 0.5, 0, 0, 0, 0, 0, 0, 9.777920722961426, 6.57401704788208], [0, 0, 0, 0.07891103625297546, 0, 0, 8, 9, 16, 0, 0, 0, 0, 7, 1, 1, 0, 0, 0, 8, 0, 0.25, 0, 0, 0, 0, 0, 0, 3.5902299880981445, 0.06164360046386719], [1, 0, 0, 0.0, 0, 0, 8, 3, 10, 1, 0, 0, 0, 1, 1, 6, 0, 0, 0, 2, 0, 0.6666666666666666, 0, 0, 0, 0, 0, 0, -23.8772029876709, 0.0], [0, 0, 0, 0.011523723602294922, 0, 0, 8, 4, 11, 0, 0, 0, 0, 2, 1, 3, 0, 0, 0, 3, 0, 0.5, 0, 0, 0, 0, 0, 0, -8.27520751953125, 0.18427467346191406], [0, 0, 0, 0.11324983835220337, 0, 0, 8, 3, 10, 0, 0, 0, 0, 1, 1, 3, 0, 0, 0, 2, 0, 0.5, 0, 0, 0, 0, 0, 0, -23.8772029876709, 0.0], [0, 0, 0, 0.029844433069229126, 0, 0, 8, 7, 14, 0, 0, 0, 0, 5, 1, 1, 0, 0, 0, 6, 0, 0.5, 0, 0, 0, 0, 0, 0, -12.8487548828125, 0.02072429656982422], [0, 0, 0, 0.024763405323028564, 0, 0, 8, 6, 13, 0, 0, 0, 0, 3, 2, 4, 0, 0, 0, 5, 0, 0.5, 0, 0, 0, 0, 0, 0, -20.026775360107422, 16.723796844482422], [0, 0, 0, 0.0001570284366607666, 0, 0, 8, 4, 11, 0, 0, 0, 0, 2, 1, 3, 0, 0, 0, 3, 0, 0.5, 0, 0, 0, 0, 0, 0, -8.27520751953125, 0.18427467346191406], [0, 0, 0, 0.09637051820755005, 0, 0, 8, 10, 17, 0, 0, 1, 0, 8, 1, 2, 0, 0, 0, 9, 0, 0.5454545454545454, 0, 0, 0, 0, 0, 0, -15.029776573181152, 0.05928516387939453], [0, 0, 0, 0.014799833297729492, 0, 0, 8, 3, 10, 0, 0, 0, 0, 1, 1, 6, 0, 0, 0, 2, 0, 0.5, 0, 0, 0, 0, 0, 0, -23.8772029876709, 0.0], [0, 0, 0, 0.12199532985687256, 0, 0, 8, 3, 10, 0, 0, 0, 0, 1, 1, 5, 0, 0, 0, 2, 0, 0.8571428571428571, 0, 0, 0, 0, 0, 0, -23.8772029876709, 0.0], [0, 0, 0, 0.02263188362121582, 0, 0, 8, 9, 16, 0, 0, 0, 0, 2, 6, 5, 0, 0, 0, 8, 0, 0.6666666666666666, 0, 0, 0, 0, 0, 0, -10.052580833435059, 20.42656707763672], [0, 0, 0, 0.0030667781829833984, 0, 0, 8, 6, 13, 0, 0, 0, 0, 4, 1, 3, 0, 0, 0, 5, 0, 0.3333333333333333, 0, 0, 0, 0, 0, 0, -14.485660552978516, 0.11641597747802734], [0, 0, 0, 0.01310807466506958, 0, 0, 8, 13, 20, 0, 0, 0, 0, 10, 2, 2, 0, 0, 0, 12, 0, 0.75, 0, 0, 0, 0, 0, 0, 9.793048858642578, 6.5727739334106445], [0, 0, 0, 4.231929779052734e-06, 0, 0, 8, 13, 20, 0, 0, 0, 0, 11, 1, 2, 0, 0, 0, 12, 0, 0.6666666666666666, 0, 0, 0, 0, 0, 0, 13.23603630065918, 0.0009698867797851562], [0, 0, 0, 0.04282715916633606, 0, 0, 8, 10, 17, 0, 0, 0, 0, 8, 1, 6, 0, 0, 0, 9, 0, 0.75, 0, 0, 0, 0, 0, 0, -2.990462303161621, 12.285897254943848], [0, 0, 0, 0.0, 0, 0, 8, 4, 11, 0, 0, 0, 0, 2, 1, 6, 0, 0, 0, 3, 0, 0.5, 0, 0, 0, 0, 0, 0, -8.27520751953125, 0.18427467346191406], [0, 0, 0, 0.08720099925994873, 0, 0, 8, 13, 20, 0, 0, 0, 0, 11, 1, 1, 0, 0, 0, 12, 0, 0.017241379310344827, 0, 0, 0, 0, 0, 0, 13.218866348266602, 0.0009584426879882812], [0, 0, 0, 0.01467972993850708, 0, 0, 8, 13, 20, 0, 0, 0, 0, 11, 1, 2, 0, 0, 0, 12, 0, 0.5, 0, 0, 0, 0, 0, 0, 13.165794372558594, 0.0009441375732421875], [1, 0, 0, 0.124085932970047, 0, 0, 8, 9, 16, 1, 0, 0, 0, 6, 2, 1, 0, 0, 0, 8, 1, 0.5, 0, 0, 0, 0, 0, 0, 0.022120177745819092, 3.965489387512207], [1, 0, 0, 0.0652780532836914, 0, 0, 8, 4, 11, 1, 0, 1, 0, 2, 1, 4, 0, 0, 0, 3, 0, 0.8571428571428571, 0, 0, 0, 0, 0, 0, -8.247661590576172, 0.18477249145507812], [0, 0, 0, 0.034297674894332886, 0, 0, 8, 13, 20, 0, 0, 0, 0, 11, 1, 4, 0, 0, 0, 12, 0, 0.75, 0, 0, 0, 0, 0, 0, 7.113300323486328, 0.03690528869628906], [0, 0, 0, 0.006672680377960205, 0, 0, 8, 13, 20, 0, 0, 0, 0, 11, 1, 2, 0, 0, 0, 12, 0, 0.6666666666666666, 0, 0, 0, 0, 0, 0, 13.22695541381836, 0.0009632110595703125], [0, 0, 0, 0.013589024543762207, 0, 0, 8, 3, 10, 0, 0, 0, 0, 1, 1, 2, 0, 0, 0, 2, 0, 0.3333333333333333, 0, 0, 0, 0, 0, 0, -23.8772029876709, 0.0], [0, 0, 0, 0.21910446882247925, 0, 0, 8, 3, 10, 0, 0, 0, 0, 1, 1, 3, 0, 0, 0, 2, 0, 0.5, 0, 0, 0, 0, 0, 0, -23.8772029876709, 0.0], [1, 0, 0, 0.005479991436004639, 0, 0, 8, 13, 20, 1, 0, 1, 0, 4, 3, 5, 0, 0, 0, 12, 0, 0.6666666666666666, 0, 0, 0, 0, 0, 0, -36.14432144165039, 0.003814697265625], [0, 0, 0, 0.02601724863052368, 0, 0, 8, 13, 20, 0, 0, 0, 0, 11, 1, 1, 0, 0, 0, 12, 0, 0.4, 0, 0, 0, 0, 0, 0, 13.112896919250488, 0.000926971435546875], [0, 0, 0, 0.16122642159461975, 0, 0, 8, 13, 20, 0, 0, 0, 0, 10, 2, 2, 0, 0, 0, 12, 0, 0.16666666666666666, 0, 0, 0, 0, 0, 0, 9.700302124023438, 6.57811164855957], [0, 0, 0, 0.014052778482437134, 0, 0, 8, 12, 19, 0, 0, 0, 0, 10, 1, 2, 0, 0, 0, 11, 0, 0.25, 0, 0, 0, 0, 0, 0, -12.527894973754883, 0.02441883087158203], [0, 0, 0, 0.014308422803878784, 0, 0, 8, 3, 10, 0, 0, 0, 0, 1, 1, 3, 0, 0, 0, 2, 0, 0.5, 0, 0, 0, 0, 0, 0, -23.8772029876709, 0.0], [0, 0, 0, 0.024965673685073853, 0, 0, 8, 12, 19, 0, 0, 0, 0, 10, 1, 2, 0, 0, 0, 11, 0, 0.3333333333333333, 0, 0, 0, 0, 0, 0, 12.535947799682617, 0.001163482666015625], [0, 0, 0, 0.1100015640258789, 0, 0, 8, 6, 13, 0, 0, 0, 0, 4, 1, 4, 0, 0, 0, 5, 0, 0.6666666666666666, 0, 0, 0, 0, 0, 0, 2.7437801361083984, 0.007445335388183594], [1, 0, 1, 0.01223522424697876, 0, 0, 8, 13, 20, 1, 0, 1, 1, 6, 6, 5, 0, 0, 0, 12, 0, 0.5, 0, 0, 0, 0, 0, 0, -1.7905769348144531, 11.595047950744629], [0, 0, 0, 0.07079160213470459, 0, 0, 8, 12, 19, 0, 0, 0, 0, 7, 3, 2, 0, 0, 0, 11, 0, 0.4, 0, 0, 0, 0, 0, 0, -21.9596004486084, 2.2528629302978516], [0, 0, 0, 0.014980703592300415, 0, 0, 8, 3, 10, 0, 0, 0, 0, 1, 1, 4, 0, 0, 0, 2, 0, 0.5, 0, 0, 0, 0, 0, 0, -23.8772029876709, 0.0], [0, 0, 0, 0.0373859703540802, 0, 0, 8, 9, 16, 0, 0, 0, 0, 7, 1, 2, 0, 0, 0, 8, 0, 0.5, 0, 0, 0, 0, 0, 0, 9.402233123779297, 0.0023508071899414062], [0, 0, 0, 0.03742337226867676, 0, 0, 8, 13, 20, 0, 0, 0, 0, 9, 3, 2, 0, 0, 0, 12, 0, 0.6666666666666666, 0, 0, 0, 0, 0, 0, 6.530841827392578, 7.966150283813477], [0, 0, 0, 0.1187150776386261, 0, 0, 8, 6, 13, 0, 0, 0, 0, 4, 1, 1, 0, 0, 0, 5, 0, 0.125, 0, 0, 0, 0, 0, 0, 2.7437801361083984, 0.007445335388183594], [0, 0, 0, 0.028764992952346802, 0, 0, 8, 3, 10, 0, 0, 0, 0, 1, 1, 4, 0, 0, 0, 2, 0, 0.5, 0, 0, 0, 0, 0, 0, -23.8772029876709, 0.0], [0, 0, 0, 0.14372631907463074, 0, 0, 8, 4, 11, 0, 0, 0, 0, 2, 1, 2, 0, 0, 0, 3, 0, 0.6666666666666666, 0, 0, 0, 0, 0, 0, -8.27520751953125, 0.18427467346191406], [0, 0, 0, 0.059716641902923584, 0, 0, 8, 13, 20, 0, 0, 0, 0, 11, 1, 1, 0, 0, 0, 12, 0, 0.1111111111111111, 0, 0, 0, 0, 0, 0, 13.190439224243164, 0.0009508132934570312], [0, 0, 0, 0.028782963752746582, 0, 0, 8, 13, 20, 0, 0, 0, 0, 11, 1, 1, 0, 0, 0, 12, 0, 0.4, 0, 0, 0, 0, 0, 0, 13.112896919250488, 0.000926971435546875], [0, 0, 0, 0.03867068886756897, 0, 0, 8, 13, 20, 0, 0, 0, 0, 11, 1, 1, 0, 0, 0, 12, 0, 0.027777777777777776, 0, 0, 0, 0, 0, 0, 13.122389793395996, 0.0009250640869140625], [0, 0, 0, 0.020693570375442505, 0, 0, 8, 5, 12, 0, 0, 0, 0, 3, 1, 4, 0, 0, 0, 4, 0, 0.5, 0, 0, 0, 0, 0, 0, -1.5111944675445557, 0.013864278793334961], [1, 0, 1, 0.013577878475189209, 1, 0, 8, 9, 16, 1, 0, 1, 1, 3, 5, 5, 0, 0, 0, 8, 1, 0.6666666666666666, 0, 0, 0, 0, 0, 0, -7.050665855407715, 16.01935577392578], [0, 0, 0, 0.21199962496757507, 0, 0, 8, 3, 10, 0, 0, 0, 0, 1, 1, 3, 0, 0, 0, 2, 0, 0.5, 0, 0, 0, 0, 0, 0, -23.8772029876709, 0.0], [0, 0, 0, 0.019418463110923767, 0, 0, 8, 13, 20, 0, 0, 0, 0, 11, 1, 3, 0, 0, 0, 12, 0, 0.5, 0, 0, 0, 0, 0, 0, 13.176047325134277, 0.0009489059448242188], [0, 0, 0, 0.003561541438102722, 0, 0, 8, 3, 10, 0, 0, 0, 0, 1, 1, 3, 0, 0, 0, 2, 0, 0.6666666666666666, 0, 0, 0, 0, 0, 0, -23.8772029876709, 0.0], [1, 0, 1, 0.0024077892303466797, 1, 0, 8, 13, 20, 1, 0, 1, 1, 8, 4, 2, 0, 0, 0, 12, 1, 0.75, 0, 0, 0, 0, 0, 0, 3.457812786102295, 9.234251022338867], [0, 0, 0, 0.0671042799949646, 0, 0, 8, 13, 20, 0, 0, 0, 0, 11, 1, 1, 0, 0, 0, 12, 0, 0.1111111111111111, 0, 0, 0, 0, 0, 0, 13.190439224243164, 0.0009508132934570312], [0, 0, 0, 0.13461849093437195, 0, 0, 8, 6, 13, 0, 0, 0, 0, 4, 1, 1, 0, 0, 0, 5, 0, 0.125, 0, 0, 0, 0, 0, 0, 2.7437801361083984, 0.007445335388183594], [0, 0, 0, 0.12431761622428894, 0, 0, 8, 3, 10, 0, 0, 0, 0, 1, 1, 3, 0, 0, 0, 2, 0, 0.5, 0, 0, 0, 0, 0, 0, -23.8772029876709, 0.0], [0, 0, 0, 0.019223392009735107, 0, 0, 8, 13, 20, 0, 0, 0, 0, 11, 1, 3, 0, 0, 0, 12, 0, 0.5, 0, 0, 0, 0, 0, 0, 7.165385723114014, 0.02164316177368164], [0, 0, 0, 0.0072765052318573, 0, 0, 8, 5, 12, 0, 0, 0, 0, 3, 1, 3, 0, 0, 0, 4, 0, 0.5, 0, 0, 0, 0, 0, 0, -1.5111944675445557, 0.013864278793334961], [1, 0, 0, 0.22920072078704834, 0, 0, 8, 12, 19, 1, 0, 1, 0, 8, 3, 4, 0, 0, 0, 11, 0, 0.6666666666666666, 0, 0, 0, 0, 0, 0, 5.403312683105469, 8.759716033935547], [0, 0, 0, 0.4257892966270447, 0, 0, 8, 3, 10, 0, 0, 0, 0, 1, 1, 3, 0, 0, 0, 2, 0, 0.8, 0, 0, 0, 0, 0, 0, -23.8772029876709, 0.0], [0, 0, 0, 0.035641491413116455, 0, 0, 8, 13, 20, 0, 0, 0, 0, 11, 1, 2, 0, 0, 0, 12, 0, 0.6666666666666666, 0, 0, 0, 0, 0, 0, 13.241032600402832, 0.0009737014770507812], [0, 0, 0, 0.09661895036697388, 0, 0, 8, 3, 10, 0, 0, 0, 0, 1, 1, 4, 0, 0, 0, 2, 0, 0.75, 0, 0, 0, 0, 0, 0, -23.8772029876709, 0.0], [0, 0, 0, 0.06496226787567139, 0, 0, 8, 13, 20, 0, 0, 0, 0, 10, 2, 1, 0, 0, 0, 12, 0, 0.2, 0, 0, 0, 0, 0, 0, 9.621123313903809, 6.586554050445557], [0, 0, 0, 0.03384876251220703, 0, 0, 8, 3, 10, 0, 0, 0, 0, 1, 1, 3, 0, 0, 0, 2, 0, 0.8, 0, 0, 0, 0, 0, 0, -23.8772029876709, 0.0], [0, 0, 0, 0.03363463282585144, 0, 0, 8, 13, 20, 0, 0, 0, 0, 11, 1, 1, 0, 0, 0, 12, 0, 0.1111111111111111, 0, 0, 0, 0, 0, 0, 13.190439224243164, 0.0009508132934570312], [0, 0, 0, 0.017697632312774658, 0, 0, 8, 13, 20, 0, 1, 0, 0, 6, 6, 5, 0, 0, 0, 12, 0, 0.5, 0, 0, 0, 0, 0, 0, -1.7932229042053223, 11.636667251586914], [1, 0, 1, 0.008443653583526611, 1, 0, 8, 11, 18, 1, 0, 1, 1, 8, 2, 3, 0, 0, 0, 10, 1, 0.6666666666666666, 0, 0, 0, 0, 0, 0, -9.872020721435547, 7.295003890991211], [0, 0, 0, 0.040475308895111084, 0, 0, 8, 12, 19, 0, 0, 0, 0, 8, 3, 2, 0, 0, 0, 11, 0, 0.75, 0, 0, 0, 0, 0, 0, 0.20001739263534546, 8.042969703674316], [0, 0, 0, 0.06306019425392151, 0, 0, 8, 6, 13, 0, 0, 0, 0, 4, 1, 2, 0, 0, 0, 5, 0, 0.5, 0, 0, 0, 0, 0, 0, -14.485660552978516, 0.11641597747802734], [1, 0, 0, 0.0915784239768982, 1, 0, 8, 6, 13, 1, 0, 0, 0, 3, 2, 3, 0, 0, 0, 5, 0, 0.6, 0, 0, 0, 0, 0, 0, -22.28879737854004, 14.661527633666992], [0, 0, 0, 0.1556805670261383, 0, 0, 8, 13, 20, 0, 0, 0, 0, 10, 2, 2, 0, 0, 0, 12, 0, 0.16666666666666666, 0, 0, 0, 0, 0, 0, 9.68674087524414, 6.564127445220947], [0, 0, 0, 0.021142780780792236, 0, 0, 8, 3, 10, 0, 0, 0, 0, 1, 1, 4, 0, 0, 0, 2, 0, 0.5, 0, 0, 0, 0, 0, 0, -23.8772029876709, 0.0], [1, 0, 1, 0.014128804206848145, 0, 0, 8, 5, 12, 1, 0, 1, 1, 3, 1, 4, 0, 0, 0, 4, 0, 0.5, 0, 0, 0, 0, 0, 0, -1.4922235012054443, 0.013985872268676758], [0, 0, 0, 0.004967749118804932, 0, 0, 8, 8, 15, 0, 0, 0, 0, 4, 3, 6, 0, 0, 0, 7, 0, 0.6666666666666666, 0, 0, 0, 0, 0, 0, -2.3330719470977783, 14.074301719665527], [1, 0, 1, 0.062103271484375, 0, 0, 8, 4, 11, 1, 0, 1, 0, 2, 1, 4, 0, 0, 0, 3, 1, 0.5, 0, 0, 0, 0, 0, 0, 5.363536834716797, 26.731260299682617], [0, 0, 0, 0.06934946775436401, 0, 0, 8, 9, 16, 0, 0, 0, 0, 7, 1, 1, 0, 0, 0, 8, 0, 0.2, 0, 0, 0, 0, 0, 0, 3.5902299880981445, 0.06164360046386719], [1, 0, 0, 0.004642993211746216, 0, 0, 8, 13, 20, 1, 0, 0, 0, 11, 1, 3, 0, 0, 0, 12, 0, 0.4, 0, 0, 0, 0, 0, 0, 13.231354713439941, 0.0009670257568359375], [0, 0, 0, 0.01164408028125763, 0, 0, 8, 3, 10, 0, 0, 0, 0, 1, 1, 2, 0, 0, 0, 2, 0, 0.14285714285714285, 0, 0, 0, 0, 0, 0, -23.8772029876709, 0.0], [0, 0, 0, 0.002181917428970337, 0, 0, 8, 10, 17, 0, 0, 0, 0, 8, 1, 1, 0, 0, 0, 9, 0, 0.16129032258064516, 0, 0, 0, 0, 0, 0, 10.671062469482422, 0.0018014907836914062], [0, 0, 0, 0.021667182445526123, 0, 0, 8, 13, 20, 0, 0, 0, 0, 11, 1, 2, 0, 0, 0, 12, 0, 0.5, 0, 0, 0, 0, 0, 0, 13.23603630065918, 0.0009698867797851562], [0, 0, 0, 0.10596352815628052, 0, 0, 8, 3, 10, 0, 0, 0, 0, 1, 1, 2, 0, 0, 0, 2, 0, 0.3333333333333333, 0, 0, 0, 0, 0, 0, -23.8772029876709, 0.0], [0, 0, 0, 0.02208089828491211, 0, 0, 8, 13, 20, 0, 0, 0, 0, 10, 2, 2, 0, 0, 0, 12, 0, 0.5, 0, 0, 0, 0, 0, 0, 3.8486647605895996, 5.840247631072998], [0, 0, 0, 0.07695978879928589, 0, 0, 8, 5, 12, 0, 0, 0, 0, 3, 1, 2, 0, 0, 0, 4, 0, 0.5, 0, 0, 0, 0, 0, 0, -1.5111944675445557, 0.013864278793334961], [0, 0, 0, 0.011597156524658203, 0, 0, 8, 3, 10, 0, 0, 0, 0, 1, 1, 3, 0, 0, 0, 2, 0, 0.5, 0, 0, 0, 0, 0, 0, -23.8772029876709, 0.0], [0, 0, 0, 0.05984315276145935, 0, 0, 8, 13, 20, 0, 0, 0, 0, 11, 1, 1, 0, 0, 0, 12, 0, 0.2, 0, 0, 0, 0, 0, 0, 13.063285827636719, 0.0009059906005859375], [0, 0, 0, 0.012193739414215088, 0, 0, 8, 3, 10, 0, 0, 0, 0, 1, 1, 1, 0, 0, 0, 2, 0, 0.1111111111111111, 0, 0, 0, 0, 0, 0, -23.8772029876709, 0.0], [1, 0, 0, 0.08038103580474854, 0, 0, 8, 6, 13, 1, 0, 1, 0, 4, 1, 3, 0, 0, 0, 5, 0, 0.6, 0, 0, 0, 0, 0, 0, -14.880460739135742, 0.11643218994140625], [0, 0, 0, 0.03965926170349121, 0, 0, 8, 4, 11, 0, 0, 0, 0, 2, 1, 4, 0, 0, 0, 3, 0, 0.6666666666666666, 0, 0, 0, 0, 0, 0, -8.27520751953125, 0.18427467346191406], [0, 0, 0, 0.013529658317565918, 0, 0, 8, 13, 20, 0, 0, 0, 0, 11, 1, 3, 0, 0, 0, 12, 0, 0.5, 0, 0, 0, 0, 0, 0, 7.146845817565918, 0.037255287170410156], [0, 0, 0, 0.02852553129196167, 0, 0, 8, 13, 20, 0, 0, 0, 0, 10, 2, 1, 0, 0, 0, 12, 0, 0.4, 0, 0, 0, 0, 0, 0, 9.660138130187988, 6.5746259689331055], [0, 0, 0, 0.00657731294631958, 0, 0, 8, 3, 10, 0, 0, 0, 0, 1, 1, 3, 0, 0, 0, 2, 0, 0.3333333333333333, 0, 0, 0, 0, 0, 0, -26.924095153808594, 0.0], [0, 0, 0, 0.16281425952911377, 0, 0, 8, 13, 20, 0, 0, 0, 0, 11, 1, 2, 0, 0, 0, 12, 0, 0.16666666666666666, 0, 0, 0, 0, 0, 0, 7.118346214294434, 0.021605491638183594], [0, 0, 0, 0.020534157752990723, 0, 0, 8, 3, 10, 0, 0, 0, 0, 1, 1, 6, 0, 0, 0, 2, 0, 0.8, 0, 0, 0, 0, 0, 0, -23.8772029876709, 0.0], [0, 0, 0, 0.005258083343505859, 0, 0, 8, 3, 10, 0, 0, 0, 0, 1, 1, 3, 0, 0, 0, 2, 0, 0.5, 0, 0, 0, 0, 0, 0, -23.8772029876709, 0.0], [0, 0, 0, 0.010838091373443604, 0, 0, 8, 8, 15, 0, 0, 0, 0, 4, 3, 6, 0, 0, 0, 7, 0, 0.6666666666666666, 0, 0, 0, 0, 0, 0, -2.3321828842163086, 14.075091361999512], [1, 0, 1, 0.14910238981246948, 0, 1, 8, 3, 10, 1, 0, 0, 0, 1, 1, 4, 0, 0, 0, 2, 0, 0.6666666666666666, 0, 0, 1, 0, 0, 0, -9.103696823120117, 26.823713302612305], [0, 0, 0, 0.12064802646636963, 0, 0, 8, 3, 10, 0, 0, 0, 0, 1, 1, 2, 0, 0, 0, 2, 0, 0.5, 0, 0, 0, 0, 0, 0, -23.8772029876709, 0.0], [0, 0, 0, 0.1596762239933014, 0, 0, 8, 5, 12, 0, 0, 0, 0, 3, 1, 3, 0, 0, 0, 4, 0, 0.5, 0, 0, 0, 0, 0, 0, -1.5111944675445557, 0.013864278793334961], [1, 0, 1, 0.009670376777648926, 1, 0, 7, 13, 19, 1, 0, 1, 1, 3, 9, 6, 0, 0, 0, 12, 1, 0.8571428571428571, 0, 0, 0, 0, 0, 0, -8.364870071411133, 13.508651733398438], [0, 0, 0, 0.059736549854278564, 0, 0, 8, 13, 20, 0, 0, 0, 0, 11, 1, 1, 0, 0, 0, 12, 0, 0.2, 0, 0, 0, 0, 0, 0, 13.063285827636719, 0.0009059906005859375], [0, 0, 0, 0.09115594625473022, 0, 0, 8, 6, 13, 0, 0, 0, 0, 3, 2, 2, 0, 0, 0, 5, 0, 0.75, 0, 0, 0, 0, 0, 0, -20.084054946899414, 16.285017013549805], [0, 0, 0, 0.023761093616485596, 0, 0, 8, 8, 15, 0, 0, 0, 0, 6, 1, 5, 0, 0, 0, 7, 0, 0.6666666666666666, 0, 0, 0, 0, 0, 0, -10.663628578186035, 0.016198158264160156], [1, 0, 0, 0.10809326171875, 0, 0, 8, 13, 20, 1, 0, 1, 0, 8, 3, 3, 0, 0, 0, 12, 0, 0.75, 0, 0, 0, 0, 0, 0, -3.3457610607147217, 1.534942865371704], [0, 0, 0, 0.06134721636772156, 0, 0, 8, 13, 20, 0, 0, 0, 0, 11, 1, 1, 0, 0, 0, 12, 0, 0.027777777777777776, 0, 0, 0, 0, 0, 0, 13.122389793395996, 0.0009250640869140625], [0, 0, 0, 0.010585755109786987, 0, 0, 8, 3, 10, 0, 0, 0, 0, 1, 1, 1, 0, 0, 0, 2, 0, 0.08333333333333333, 0, 0, 0, 0, 0, 0, -23.8772029876709, 0.0], [0, 0, 0, 0.17264634370803833, 0, 0, 8, 13, 20, 0, 0, 0, 0, 11, 1, 2, 0, 0, 0, 12, 0, 0.16666666666666666, 0, 0, 0, 0, 0, 0, 13.144071578979492, 0.0009336471557617188], [0, 0, 0, 0.01767963171005249, 0, 0, 8, 7, 14, 0, 0, 0, 0, 5, 1, 4, 0, 0, 0, 6, 0, 0.5, 0, 0, 0, 0, 0, 0, 5.662449359893799, 0.004663944244384766], [0, 0, 0, 0.10413825511932373, 0, 0, 8, 4, 11, 0, 0, 0, 0, 2, 1, 2, 0, 0, 0, 3, 0, 0.5, 0, 0, 0, 0, 0, 0, -8.27520751953125, 0.18427467346191406], [0, 0, 0, 0.18237826228141785, 0, 0, 8, 4, 11, 0, 0, 0, 0, 2, 1, 3, 0, 0, 0, 3, 0, 0.6666666666666666, 0, 0, 0, 0, 0, 0, -8.27520751953125, 0.18427467346191406], [0, 0, 0, 0.014146566390991211, 0, 0, 8, 5, 12, 0, 0, 0, 0, 3, 1, 4, 0, 0, 0, 4, 0, 0.6666666666666666, 0, 0, 0, 0, 0, 0, -1.5111944675445557, 0.013864278793334961], [0, 0, 0, 0.04475092887878418, 0, 0, 8, 10, 17, 0, 0, 0, 0, 6, 3, 1, 0, 0, 0, 9, 0, 0.5, 0, 0, 0, 0, 0, 0, 2.2677290439605713, 10.775259017944336], [0, 0, 0, 0.013791888952255249, 0, 0, 8, 3, 10, 0, 0, 0, 0, 1, 1, 3, 0, 0, 0, 2, 0, 0.5, 0, 0, 0, 0, 0, 0, -23.8772029876709, 0.0], [0, 0, 0, 0.08904102444648743, 0, 0, 8, 7, 14, 0, 0, 0, 0, 5, 1, 3, 0, 0, 0, 6, 0, 0.5, 0, 0, 0, 0, 0, 0, 5.662449359893799, 0.004663944244384766], [0, 0, 0, 0.029550373554229736, 0, 0, 8, 13, 20, 0, 0, 0, 0, 11, 1, 1, 0, 0, 0, 12, 0, 0.4, 0, 0, 0, 0, 0, 0, 13.112896919250488, 0.000926971435546875], [1, 0, 0, 0.02451571822166443, 0, 0, 8, 6, 13, 1, 0, 0, 0, 4, 1, 3, 0, 0, 0, 5, 0, 0.5, 0, 0, 0, 0, 0, 0, -14.485660552978516, 0.11641597747802734], [1, 0, 0, 0.005560934543609619, 0, 0, 8, 10, 17, 1, 0, 1, 0, 5, 3, 2, 0, 0, 0, 9, 0, 0.5, 0, 0, 0, 0, 0, 0, -10.953189849853516, 2.146397590637207], [0, 0, 0, 0.02204456925392151, 0, 0, 8, 13, 20, 0, 0, 0, 0, 11, 1, 1, 0, 0, 0, 12, 0, 0.021739130434782608, 0, 0, 0, 0, 0, 0, 13.185338020324707, 0.0009479522705078125], [1, 0, 0, 0.0020416975021362305, 0, 0, 8, 11, 18, 1, 0, 0, 0, 9, 1, 1, 0, 0, 0, 10, 0, 0.4, 0, 0, 0, 0, 0, 0, 11.693953514099121, 0.0014286041259765625], [0, 0, 0, 0.20209211111068726, 0, 0, 8, 3, 10, 0, 0, 0, 0, 1, 1, 2, 0, 0, 0, 2, 0, 0.3333333333333333, 0, 0, 0, 0, 0, 0, -23.8772029876709, 0.0], [1, 0, 0, 0.005479991436004639, 0, 0, 8, 13, 20, 1, 0, 1, 0, 5, 4, 5, 0, 0, 0, 12, 0, 0.6666666666666666, 0, 0, 0, 0, 0, 0, -15.482417106628418, 0.005454063415527344], [0, 0, 0, 0.0037399232387542725, 0, 0, 8, 3, 10, 0, 0, 0, 0, 1, 1, 3, 0, 0, 0, 2, 0, 0.5, 0, 0, 0, 0, 0, 0, -23.8772029876709, 0.0], [0, 0, 0, 0.05505964159965515, 0, 0, 8, 5, 12, 0, 0, 0, 0, 3, 1, 3, 0, 0, 0, 4, 0, 0.5, 0, 0, 0, 0, 0, 0, -1.5111944675445557, 0.013864278793334961], [0, 0, 0, 0.0, 0, 0, 8, 5, 12, 0, 0, 0, 0, 3, 1, 4, 0, 0, 0, 4, 0, 0.8666666666666667, 0, 0, 0, 0, 0, 0, -1.5111944675445557, 0.013864278793334961], [0, 0, 0, 0.0075054168701171875, 0, 0, 8, 10, 17, 0, 0, 0, 0, 8, 1, 5, 0, 0, 0, 9, 0, 0.75, 0, 0, 0, 0, 0, 0, -13.435162544250488, 0.052326202392578125], [1, 0, 1, 0.11102551221847534, 1, 0, 8, 7, 14, 1, 0, 1, 1, 4, 2, 2, 0, 0, 0, 6, 1, 0.8, 0, 0, 0, 0, 0, 0, -2.8787872791290283, 13.38316822052002], [0, 0, 1, 0.005337953567504883, 0, 0, 8, 9, 16, 0, 0, 1, 1, 7, 1, 2, 0, 0, 0, 8, 0, 0.25, 0, 0, 0, 0, 0, 0, 9.410530090332031, 0.0023603439331054688], [0, 0, 0, 0.05098983645439148, 0, 0, 8, 13, 20, 0, 0, 0, 0, 10, 2, 3, 0, 0, 0, 12, 0, 0.3333333333333333, 0, 0, 0, 0, 0, 0, 9.766797065734863, 6.578020095825195], [0, 0, 0, 0.0015444457530975342, 0, 0, 8, 13, 20, 0, 0, 0, 0, 11, 1, 1, 0, 0, 0, 12, 0, 0.05555555555555555, 0, 0, 0, 0, 0, 0, 13.241032600402832, 0.0009737014770507812], [0, 0, 0, 0.053263723850250244, 0, 0, 8, 13, 20, 0, 0, 0, 0, 11, 1, 2, 0, 0, 0, 12, 0, 0.5, 0, 0, 0, 0, 0, 0, 13.160223007202148, 0.00093841552734375], [0, 0, 0, 0.07467728853225708, 0, 0, 8, 13, 20, 0, 0, 0, 0, 11, 1, 1, 0, 0, 0, 12, 0, 0.017241379310344827, 0, 0, 0, 0, 0, 0, 13.218866348266602, 0.0009584426879882812], [0, 0, 0, 0.05300658941268921, 0, 0, 8, 13, 20, 0, 0, 0, 0, 11, 1, 1, 0, 0, 0, 12, 0, 0.017241379310344827, 0, 0, 0, 0, 0, 0, 13.218866348266602, 0.0009584426879882812], [0, 0, 0, 0.059217214584350586, 0, 0, 8, 13, 20, 0, 0, 0, 0, 11, 1, 1, 0, 0, 0, 12, 0, 0.2, 0, 0, 0, 0, 0, 0, 13.063285827636719, 0.0009059906005859375], [0, 0, 0, 0.0293809175491333, 0, 0, 8, 13, 20, 0, 0, 0, 0, 8, 2, 2, 0, 0, 0, 12, 0, 0.5, 0, 0, 0, 0, 0, 0, -10.176644325256348, 0.0064373016357421875], [1, 0, 1, 0.2558014988899231, 1, 0, 8, 12, 19, 1, 1, 1, 1, 6, 5, 3, 0, 0, 0, 11, 1, 0.5, 0, 0, 0, 0, 0, 0, -0.7566389441490173, 11.46632194519043], [0, 0, 0, 0.05517926812171936, 0, 0, 8, 5, 12, 0, 0, 0, 0, 3, 1, 4, 0, 0, 0, 4, 0, 0.8, 0, 0, 0, 0, 0, 0, -1.5111944675445557, 0.013864278793334961], [1, 0, 0, 0.11790531873703003, 0, 0, 8, 5, 12, 1, 0, 0, 0, 3, 1, 3, 0, 0, 0, 4, 0, 0.5, 0, 0, 0, 0, 0, 0, -7.254977226257324, 0.17612171173095703], [0, 0, 0, 0.15870177745819092, 0, 0, 8, 11, 18, 0, 0, 0, 0, 6, 3, 2, 0, 0, 0, 10, 0, 0.75, 0, 0, 0, 0, 0, 0, -23.12191390991211, 1.9401187896728516], [0, 0, 0, 0.006312549114227295, 0, 0, 8, 13, 20, 0, 0, 0, 0, 10, 2, 5, 0, 0, 0, 12, 0, 0.5, 0, 0, 0, 0, 0, 0, 9.779020309448242, 6.558225154876709], [0, 0, 0, 0.041076838970184326, 0, 0, 8, 9, 16, 0, 0, 0, 0, 7, 1, 3, 0, 0, 0, 8, 0, 0.3333333333333333, 0, 0, 0, 0, 0, 0, 9.402233123779297, 0.0023508071899414062], [0, 0, 0, 0.1677398681640625, 0, 0, 8, 4, 11, 0, 0, 0, 0, 2, 1, 4, 0, 0, 0, 3, 0, 0.5, 0, 0, 0, 0, 0, 0, -8.27520751953125, 0.18427467346191406], [0, 0, 0, 0.0610806941986084, 0, 0, 8, 11, 18, 0, 0, 0, 0, 9, 1, 5, 0, 0, 0, 10, 0, 0.8, 0, 0, 0, 0, 0, 0, -11.028919219970703, 0.010438919067382812], [0, 0, 0, 0.020982325077056885, 0, 0, 8, 7, 14, 0, 0, 0, 0, 5, 1, 2, 0, 0, 0, 6, 0, 0.5, 0, 0, 0, 0, 0, 0, 5.662449359893799, 0.004663944244384766], [0, 0, 0, 0.06406648457050323, 0, 0, 8, 3, 10, 0, 0, 0, 0, 1, 1, 4, 0, 0, 0, 2, 0, 0.8, 0, 0, 0, 0, 0, 0, -23.8772029876709, 0.0], [0, 0, 0, 0.3137008845806122, 0, 0, 8, 3, 10, 0, 0, 0, 0, 1, 1, 2, 0, 0, 0, 2, 0, 0.5, 0, 0, 0, 0, 0, 0, -23.8772029876709, 0.0], [0, 0, 0, 0.036746591329574585, 0, 0, 8, 6, 13, 0, 0, 0, 0, 4, 1, 2, 0, 0, 0, 5, 0, 0.2, 0, 0, 0, 0, 0, 0, -14.485660552978516, 0.11641597747802734], [0, 0, 0, 0.0385318398475647, 0, 0, 8, 13, 20, 0, 0, 0, 0, 11, 1, 1, 0, 0, 0, 12, 0, 0.027777777777777776, 0, 0, 0, 0, 0, 0, 13.198792457580566, 0.0009546279907226562], [0, 0, 0, 0.01074838638305664, 0, 0, 8, 12, 19, 0, 0, 0, 0, 7, 3, 2, 0, 0, 0, 11, 0, 0.4, 0, 0, 0, 0, 0, 0, -21.937633514404297, 2.2548751831054688], [0, 0, 0, 0.041727542877197266, 0, 0, 8, 8, 15, 0, 0, 0, 0, 3, 4, 3, 0, 0, 0, 7, 0, 0.5, 0, 0, 0, 0, 0, 0, -22.76198387145996, 16.459184646606445], [0, 0, 0, 0.06019127368927002, 0, 0, 8, 13, 20, 0, 0, 0, 0, 6, 5, 3, 0, 0, 0, 12, 0, 0.8, 0, 0, 0, 0, 0, 0, -9.175073623657227, 4.2411956787109375], [0, 0, 0, 0.0035962462425231934, 0, 0, 8, 13, 20, 0, 0, 0, 0, 11, 1, 1, 0, 0, 0, 12, 0, 0.05555555555555555, 0, 0, 0, 0, 0, 0, 13.176047325134277, 0.0009489059448242188], [1, 0, 1, 0.17675217986106873, 1, 0, 8, 12, 19, 1, 0, 1, 0, 8, 2, 4, 0, 0, 0, 11, 0, 0.8, 0, 0, 0, 0, 0, 0, -2.004791736602783, 0.013109683990478516], [0, 0, 0, 0.06184142827987671, 0, 0, 8, 5, 12, 0, 0, 0, 0, 2, 2, 5, 0, 0, 0, 4, 0, 0.75, 0, 0, 0, 0, 0, 0, -9.43857192993164, 24.180896759033203], [0, 0, 0, 0.03837382793426514, 0, 0, 8, 3, 10, 0, 0, 0, 0, 1, 1, 4, 0, 0, 0, 2, 0, 0.5, 0, 0, 0, 0, 0, 0, -23.8772029876709, 0.0], [0, 0, 0, 0.038965463638305664, 0, 0, 8, 3, 10, 0, 0, 0, 0, 1, 1, 1, 0, 0, 0, 2, 0, 0.3333333333333333, 0, 0, 0, 0, 0, 0, -23.8772029876709, 0.0], [0, 0, 0, 0.12330895662307739, 0, 0, 8, 5, 12, 0, 0, 0, 0, 3, 1, 2, 0, 0, 0, 4, 0, 0.5384615384615384, 0, 0, 0, 0, 0, 0, -1.5111944675445557, 0.013864278793334961]], "_pair": []}
  CONTROL {"count": {"n": 1155, "model_accuracy": 1.0, "rival_accuracy": 1.0, "random_floor": 0.19999999999999604}, "lookup_paired_vs_rival": {"model_only_right": 0, "rival_only_right": 0, "discordant": 0, "mcnemar_z": NaN}, "lookup_paired_vs_rival_cos": {"n": 0, "model_only_right": 0, "rival_only_right": 0, "discordant": 0, "mcnemar_z": NaN, "max_achievable_z": 0.0, "underpowered": true}, "lookup_paired_vs_rival_cos_by_margin": {"median_margin": NaN, "low_margin": {"n": 0, "model_only_right": 0, "rival_only_right": 0, "discordant": 0, "mcnemar_z": NaN, "max_achievable_z": 0.0, "underpowered": true}, "high_margin": {"n": 0, "model_only_right": 0, "rival_only_right": 0, "discordant": 0, "mcnemar_z": NaN, "max_achievable_z": 0.0, "underpowered": true}}, "ladder": {"n_questions": 0, "pairs": 0, "concordant": 0, "ties_excluded": 0, "import_budget_zero_rate": 0.0, "import_budget_mean": 0.0, "concordance": NaN, "z_vs_half": NaN, "mean_phi": {"true": NaN, "near": NaN, "middle": NaN, "far": NaN}}, "exact_mismatches": 0, "confusion": {"count|2->2": 714, "count|3->3": 170, "count|4->4": 84, "count|5+->5+": 187}, "_mixed": [], "_reach": [[0, 0, 0, 0.053984761238098145, 0, 0, 8, 8, 15, 0, 0, 0, 0, 6, 1, 4, 0, 0, 0, 7, 0, 0.6666666666666666, 0, 0, 0, 0, 0, 0, -10.495408058166504, 0.07116317749023438], [0, 0, 0, 0.06053417921066284, 0, 0, 8, 4, 11, 0, 0, 0, 0, 2, 1, 5, 0, 0, 0, 3, 0, 0.6666666666666666, 0, 0, 0, 0, 0, 0, -8.277349472045898, 0.18423843383789062], [1, 0, 0, 0.046171486377716064, 0, 0, 8, 6, 13, 1, 0, 0, 0, 3, 2, 1, 0, 0, 0, 5, 0, 0.5, 0, 0, 0, 0, 0, 0, -4.187128067016602, 16.43975830078125], [0, 0, 0, 0.0011836886405944824, 0, 0, 8, 13, 20, 0, 0, 0, 0, 11, 1, 4, 0, 0, 0, 12, 0, 0.5, 0, 0, 0, 0, 0, 0, 13.201414108276367, 0.0009555816650390625], [0, 0, 0, 0.022551894187927246, 0, 0, 8, 3, 10, 0, 0, 0, 0, 1, 1, 5, 0, 0, 0, 2, 0, 0.5, 0, 0, 0, 0, 0, 0, -23.87928009033203, 0.0], [0, 0, 0, 0.037335366010665894, 0, 0, 8, 6, 13, 0, 0, 0, 0, 4, 1, 2, 0, 0, 0, 5, 0, 0.2, 0, 0, 0, 0, 0, 0, -14.625245094299316, 0.14033794403076172], [0, 0, 0, 0.03706866502761841, 0, 0, 8, 8, 15, 0, 0, 0, 0, 5, 2, 1, 0, 0, 0, 7, 0, 0.125, 0, 0, 0, 0, 0, 0, -2.212308168411255, 10.963082313537598], [0, 0, 0, 0.17287492752075195, 0, 0, 8, 3, 10, 0, 0, 0, 0, 1, 1, 2, 0, 0, 0, 2, 0, 0.5, 0, 0, 0, 0, 0, 0, -23.87928009033203, 0.0], [0, 0, 0, 0.06706824898719788, 0, 0, 8, 13, 20, 0, 0, 0, 0, 11, 1, 1, 0, 0, 0, 12, 0, 0.041666666666666664, 0, 0, 0, 0, 0, 0, 13.123127937316895, 0.0009279251098632812], [1, 0, 0, 0.031735777854919434, 0, 0, 8, 5, 12, 1, 0, 0, 0, 3, 1, 4, 0, 0, 0, 4, 0, 0.5, 0, 0, 0, 0, 0, 0, -1.5134034156799316, 0.013852119445800781], [0, 0, 0, 0.0004616975784301758, 0, 0, 8, 13, 20, 0, 0, 0, 0, 9, 3, 6, 0, 0, 0, 12, 0, 0.75, 0, 0, 0, 0, 0, 0, 6.577072620391846, 7.976583480834961], [0, 0, 0, 0.008834809064865112, 0, 0, 8, 13, 20, 0, 0, 0, 0, 10, 2, 2, 0, 0, 0, 12, 0, 0.3333333333333333, 0, 0, 0, 0, 0, 0, 9.6869535446167, 6.57321310043335], [1, 0, 0, 0.10581517219543457, 0, 0, 8, 3, 10, 1, 0, 0, 0, 1, 1, 5, 0, 0, 0, 2, 0, 0.6666666666666666, 0, 0, 0, 0, 0, 0, -23.87928009033203, 0.0], [0, 0, 0, 0.004417717456817627, 0, 0, 8, 3, 10, 0, 0, 0, 0, 1, 1, 6, 0, 0, 0, 2, 0, 0.5, 0, 0, 0, 0, 0, 0, -23.87928009033203, 0.0], [0, 0, 0, 0.0964876115322113, 0, 0, 8, 3, 10, 0, 0, 0, 0, 1, 1, 1, 0, 0, 0, 2, 0, 0.1, 0, 0, 0, 0, 0, 0, -23.87928009033203, 0.0], [0, 0, 0, 0.034789979457855225, 0, 0, 8, 5, 12, 0, 0, 0, 0, 2, 2, 6, 0, 0, 0, 4, 0, 0.6666666666666666, 0, 0, 0, 0, 0, 0, -9.343305587768555, 24.278982162475586], [0, 0, 0, 0.008490324020385742, 0, 0, 8, 5, 12, 0, 0, 0, 0, 3, 1, 3, 0, 0, 0, 4, 0, 0.5, 0, 0, 0, 0, 0, 0, -1.5134034156799316, 0.013852119445800781], [0, 0, 0, 0.0010728240013122559, 0, 0, 8, 5, 12, 0, 0, 0, 0, 3, 1, 5, 0, 0, 0, 4, 0, 0.6666666666666666, 0, 0, 0, 0, 0, 0, -1.5134034156799316, 0.013852119445800781], [1, 0, 0, 0.19923046231269836, 1, 0, 8, 7, 14, 1, 0, 1, 0, 5, 1, 6, 0, 0, 0, 6, 0, 0.6666666666666666, 0, 0, 0, 0, 0, 0, -12.83543586730957, 0.020723342895507812], [1, 0, 1, 0.05430525541305542, 0, 0, 8, 13, 20, 1, 0, 1, 1, 10, 2, 3, 0, 0, 0, 12, 0, 0.3333333333333333, 0, 0, 0, 0, 0, 0, 9.808947563171387, 6.5717315673828125], [0, 0, 0, 0.029935181140899658, 0, 0, 8, 13, 20, 0, 0, 0, 0, 11, 1, 1, 0, 0, 0, 12, 0, 0.024539877300613498, 0, 0, 0, 0, 0, 0, 13.223896980285645, 0.0009613037109375], [0, 0, 0, 0.08662402629852295, 0, 0, 8, 3, 10, 0, 0, 0, 0, 1, 1, 5, 0, 0, 0, 2, 0, 0.6666666666666666, 0, 0, 0, 0, 0, 0, -23.87928009033203, 0.0], [0, 0, 0, 0.0003019571304321289, 0, 0, 8, 13, 20, 0, 0, 1, 0, 9, 2, 1, 0, 0, 0, 12, 0, 0.07692307692307693, 0, 0, 0, 0, 0, 0, -0.19876009225845337, 0.009518742561340332], [0, 0, 0, 0.0214899480342865, 0, 0, 8, 6, 13, 0, 0, 1, 0, 4, 1, 2, 0, 0, 0, 5, 0, 0.5, 0, 0, 0, 0, 0, 0, -14.467253684997559, 0.11642742156982422], [1, 0, 1, 0.0115128755569458, 0, 1, 7, 3, 9, 1, 1, 0, 0, 1, 1, 5, 0, 0, 0, 2, 0, 0.5, 0, 0, 1, 0, 0, 0, -8.434097290039062, 26.784992218017578], [0, 0, 0, 0.0399860143661499, 0, 0, 8, 3, 10, 0, 0, 0, 0, 1, 1, 4, 0, 0, 0, 2, 0, 0.5, 0, 0, 0, 0, 0, 0, -23.87928009033203, 0.0], [0, 0, 0, 0.03967374563217163, 0, 0, 8, 5, 12, 0, 0, 0, 0, 2, 2, 4, 0, 0, 0, 4, 0, 0.5, 0, 0, 0, 0, 0, 0, -9.343305587768555, 24.278982162475586], [0, 0, 0, 0.01639142632484436, 0, 0, 8, 13, 20, 0, 0, 0, 0, 11, 1, 2, 0, 0, 0, 12, 0, 0.5, 0, 0, 0, 0, 0, 0, 13.23824691772461, 0.0009679794311523438], [1, 0, 1, 0.0115128755569458, 0, 1, 8, 3, 10, 1, 0, 0, 0, 1, 1, 6, 0, 0, 0, 2, 0, 0.5, 0, 0, 1, 0, 0, 0, -8.434097290039062, 26.784992218017578], [0, 0, 0, 0.002008199691772461, 0, 0, 8, 13, 20, 0, 0, 0, 0, 11, 1, 3, 0, 0, 0, 12, 0, 0.5, 0, 0, 0, 0, 0, 0, 6.0728254318237305, 0.017274856567382812], [0, 0, 0, 0.030545741319656372, 0, 0, 8, 8, 15, 0, 0, 0, 0, 6, 1, 2, 0, 0, 0, 7, 0, 0.14285714285714285, 0, 0, 0, 0, 0, 0, -10.66734790802002, 0.01620197296142578], [0, 0, 0, 0.05365622043609619, 0, 0, 8, 13, 20, 0, 0, 0, 0, 11, 1, 1, 0, 0, 0, 12, 0, 0.024539877300613498, 0, 0, 0, 0, 0, 0, 13.223896980285645, 0.0009613037109375], [0, 0, 0, 0.03722003102302551, 0, 0, 8, 13, 20, 0, 0, 0, 0, 11, 1, 1, 0, 0, 0, 12, 0, 0.024539877300613498, 0, 0, 0, 0, 0, 0, 13.223896980285645, 0.0009613037109375], [0, 0, 0, 0.03687220811843872, 0, 0, 8, 3, 10, 0, 0, 0, 0, 1, 1, 2, 0, 0, 0, 2, 0, 0.6129032258064516, 0, 0, 0, 0, 0, 0, -23.87928009033203, 0.0], [0, 0, 0, 0.005835294723510742, 0, 0, 8, 3, 10, 0, 0, 0, 0, 1, 1, 5, 0, 0, 0, 2, 0, 0.6666666666666666, 0, 0, 0, 0, 0, 0, -23.87928009033203, 0.0], [0, 0, 0, 0.025817453861236572, 0, 0, 8, 13, 20, 0, 0, 0, 0, 10, 2, 2, 0, 0, 0, 12, 0, 0.3333333333333333, 0, 0, 0, 0, 0, 0, 9.718173027038574, 6.558370590209961], [0, 0, 0, 0.004283785820007324, 0, 0, 8, 3, 10, 0, 0, 0, 0, 1, 1, 6, 0, 0, 0, 2, 0, 0.5, 0, 0, 0, 0, 0, 0, -23.87928009033203, 0.0], [0, 0, 0, 0.01891365647315979, 0, 0, 8, 13, 20, 0, 0, 0, 0, 11, 1, 1, 0, 0, 0, 12, 0, 0.024539877300613498, 0, 0, 0, 0, 0, 0, 13.128188133239746, 0.0009326934814453125], [0, 0, 0, 0.011898577213287354, 0, 0, 8, 13, 20, 0, 0, 0, 0, 11, 1, 1, 0, 0, 0, 12, 0, 0.09523809523809523, 0, 0, 0, 0, 0, 0, 13.063285827636719, 0.0009059906005859375], [0, 0, 0, 0.03986164927482605, 0, 0, 8, 13, 20, 0, 0, 0, 0, 11, 1, 1, 0, 0, 0, 12, 0, 0.16666666666666666, 0, 0, 0, 0, 0, 0, 13.201414108276367, 0.0009555816650390625], [0, 0, 0, 0.14443832635879517, 0, 0, 8, 4, 11, 0, 0, 0, 0, 2, 1, 3, 0, 0, 0, 3, 0, 0.5714285714285714, 0, 0, 0, 0, 0, 0, -8.277349472045898, 0.18423843383789062], [0, 0, 0, 0.07078701257705688, 0, 0, 8, 3, 10, 0, 0, 0, 0, 1, 1, 6, 0, 0, 0, 2, 0, 0.5, 0, 0, 0, 0, 0, 0, -23.87928009033203, 0.0], [0, 0, 0, 0.002501457929611206, 0, 0, 8, 6, 13, 0, 0, 0, 0, 4, 1, 2, 0, 0, 0, 5, 0, 0.3333333333333333, 0, 0, 0, 0, 0, 0, -14.625245094299316, 0.14033794403076172], [1, 0, 1, 0.048307716846466064, 1, 0, 8, 13, 20, 1, 0, 1, 1, 6, 4, 5, 0, 0, 0, 12, 1, 0.6666666666666666, 0, 0, 0, 0, 0, 0, -10.998109817504883, 1.5484695434570312], [0, 0, 0, 0.017092406749725342, 0, 0, 8, 13, 20, 0, 0, 0, 0, 11, 1, 1, 0, 0, 0, 12, 0, 0.09523809523809523, 0, 0, 0, 0, 0, 0, 13.063285827636719, 0.0009059906005859375], [0, 0, 0, 0.051203906536102295, 0, 0, 8, 4, 11, 0, 0, 0, 0, 2, 1, 3, 0, 0, 0, 3, 0, 0.5, 0, 0, 0, 0, 0, 0, -8.277349472045898, 0.18423843383789062], [0, 0, 0, 0.09816652536392212, 0, 0, 8, 10, 17, 0, 0, 1, 0, 7, 2, 1, 0, 0, 0, 9, 0, 0.16666666666666666, 0, 0, 0, 0, 0, 0, -15.684196472167969, 8.155252456665039], [0, 0, 0, 0.19975364208221436, 0, 0, 8, 3, 10, 0, 0, 0, 0, 1, 1, 2, 0, 0, 0, 2, 0, 0.5, 0, 0, 0, 0, 0, 0, -23.87928009033203, 0.0], [0, 0, 0, 0.027427315711975098, 0, 0, 8, 3, 10, 0, 0, 0, 0, 1, 1, 6, 0, 0, 0, 2, 0, 0.75, 0, 0, 0, 0, 0, 0, -23.87928009033203, 0.0], [0, 0, 0, 0.0102614164352417, 0, 0, 8, 5, 12, 0, 0, 0, 0, 3, 1, 4, 0, 0, 0, 4, 0, 0.6666666666666666, 0, 0, 0, 0, 0, 0, -1.5134034156799316, 0.013852119445800781], [0, 0, 0, 0.06897091865539551, 0, 0, 8, 3, 10, 0, 0, 0, 0, 1, 1, 3, 0, 0, 0, 2, 0, 0.5, 0, 0, 0, 0, 0, 0, -23.87928009033203, 0.0], [0, 0, 0, 0.039281249046325684, 0, 0, 8, 13, 20, 0, 0, 0, 0, 11, 1, 1, 0, 0, 0, 12, 0, 0.024539877300613498, 0, 0, 0, 0, 0, 0, 13.128188133239746, 0.0009326934814453125], [0, 0, 0, 0.09697061777114868, 0, 0, 8, 3, 10, 0, 0, 0, 0, 1, 1, 7, 0, 0, 0, 2, 0, 0.9090909090909091, 0, 0, 0, 0, 0, 0, -23.87928009033203, 0.0], [0, 0, 0, 0.002791285514831543, 0, 0, 8, 5, 12, 0, 0, 0, 0, 3, 1, 1, 0, 0, 0, 4, 0, 0.5, 0, 0, 0, 0, 0, 0, -1.5134034156799316, 0.013852119445800781], [0, 0, 0, 0.1675742268562317, 0, 0, 8, 3, 10, 0, 0, 0, 0, 1, 1, 2, 0, 0, 0, 2, 0, 0.3333333333333333, 0, 0, 0, 0, 0, 0, -23.87928009033203, 0.0], [0, 0, 0, 0.031222432851791382, 0, 0, 8, 13, 20, 0, 0, 0, 0, 11, 1, 1, 0, 0, 0, 12, 0, 0.024539877300613498, 0, 0, 0, 0, 0, 0, 13.192227363586426, 0.0009508132934570312], [0, 0, 0, 0.13724246621131897, 0, 0, 8, 3, 10, 0, 0, 0, 0, 1, 1, 3, 0, 0, 0, 2, 0, 0.3333333333333333, 0, 0, 0, 0, 0, 0, -23.87928009033203, 0.0], [1, 0, 1, 0.009532451629638672, 0, 1, 8, 3, 10, 1, 0, 0, 0, 1, 1, 6, 0, 0, 0, 2, 0, 0.6666666666666666, 0, 0, 1, 0, 0, 0, -9.105430603027344, 26.823898315429688], [0, 0, 0, 0.010031789541244507, 0, 0, 8, 13, 20, 0, 0, 0, 0, 11, 1, 2, 0, 0, 0, 12, 0, 0.5, 0, 0, 0, 0, 0, 0, 13.142376899719238, 0.0009298324584960938], [0, 0, 0, 0.013404518365859985, 0, 0, 8, 13, 20, 0, 0, 0, 0, 10, 2, 1, 0, 0, 0, 12, 0, 0.09523809523809523, 0, 0, 0, 0, 0, 0, 9.601997375488281, 6.5798139572143555], [1, 0, 1, 0.07430744171142578, 1, 0, 8, 8, 15, 1, 0, 1, 0, 4, 2, 1, 0, 0, 0, 7, 1, 0.4, 0, 0, 0, 0, 0, 0, -31.708663940429688, 1.7747993469238281], [0, 0, 0, 0.039281249046325684, 0, 0, 8, 13, 20, 0, 0, 1, 0, 10, 2, 1, 0, 0, 0, 12, 0, 0.024539877300613498, 0, 0, 0, 0, 0, 0, 9.6685209274292, 6.565021991729736], [0, 0, 0, 0.11213028430938721, 0, 0, 8, 13, 20, 0, 0, 0, 0, 10, 2, 3, 0, 0, 0, 12, 0, 0.6666666666666666, 0, 0, 0, 0, 0, 0, 9.787217140197754, 6.563000679016113], [1, 0, 0, 0.0044488608837127686, 1, 0, 8, 7, 14, 1, 0, 1, 0, 5, 1, 1, 0, 0, 0, 6, 1, 0.6666666666666666, 0, 0, 0, 0, 0, 0, 5.671837329864502, 0.004688739776611328], [0, 0, 0, 0.011777490377426147, 0, 0, 8, 13, 20, 0, 0, 0, 0, 11, 1, 2, 0, 0, 0, 12, 0, 0.5, 0, 0, 0, 0, 0, 0, 13.192227363586426, 0.0009508132934570312], [0, 0, 0, 0.017853587865829468, 0, 0, 8, 13, 20, 0, 0, 0, 0, 11, 1, 2, 0, 0, 0, 12, 0, 0.5, 0, 0, 0, 0, 0, 0, 13.142376899719238, 0.0009298324584960938], [1, 0, 0, 0.06678915023803711, 1, 0, 8, 13, 20, 1, 0, 1, 0, 11, 1, 1, 0, 0, 0, 12, 1, 0.5, 0, 0, 0, 0, 0, 0, 13.159566879272461, 0.0009403228759765625], [0, 0, 0, 0.006865382194519043, 0, 0, 8, 11, 18, 0, 0, 0, 0, 9, 1, 3, 0, 0, 0, 10, 0, 0.5, 0, 0, 0, 0, 0, 0, -11.03308391571045, 0.010437965393066406], [0, 0, 0, 0.03559347987174988, 0, 0, 8, 13, 20, 0, 0, 0, 0, 11, 1, 2, 0, 0, 0, 12, 0, 0.5, 0, 0, 0, 0, 0, 0, 13.142376899719238, 0.0009298324584960938], [0, 0, 0, 0.0160980224609375, 0, 0, 8, 3, 10, 0, 0, 0, 0, 1, 1, 3, 0, 0, 0, 2, 0, 0.4, 0, 0, 0, 0, 0, 0, -23.87928009033203, 0.0], [0, 0, 0, 0.002296537160873413, 0, 0, 8, 3, 10, 0, 0, 0, 0, 1, 1, 1, 0, 0, 0, 2, 0, 0.024539877300613498, 0, 0, 0, 0, 0, 0, -23.87928009033203, 0.0], [0, 0, 0, 0.005655571818351746, 0, 0, 8, 3, 10, 0, 0, 0, 0, 1, 1, 1, 0, 0, 0, 2, 0, 0.07894736842105263, 0, 0, 0, 0, 0, 0, -23.87928009033203, 0.0], [0, 0, 0, 0.19024787843227386, 0, 0, 8, 5, 12, 0, 0, 0, 0, 3, 1, 1, 0, 0, 0, 4, 0, 0.2857142857142857, 0, 0, 0, 0, 0, 0, -1.5134034156799316, 0.013852119445800781], [0, 0, 0, 0.09693554043769836, 0, 0, 8, 3, 10, 0, 0, 0, 0, 1, 1, 2, 0, 0, 0, 2, 0, 0.3333333333333333, 0, 0, 0, 0, 0, 0, -23.87928009033203, 0.0], [0, 0, 0, 0.048745572566986084, 0, 0, 8, 4, 11, 0, 0, 0, 0, 2, 1, 3, 0, 0, 0, 3, 0, 0.3333333333333333, 0, 0, 0, 0, 0, 0, -8.277349472045898, 0.18423843383789062], [0, 0, 0, 0.007102340459823608, 0, 0, 8, 13, 20, 0, 0, 0, 0, 11, 1, 1, 0, 0, 0, 12, 0, 0.5, 0, 0, 0, 0, 0, 0, 13.23824691772461, 0.0009679794311523438], [0, 0, 0, 0.004636287689208984, 0, 0, 8, 7, 14, 0, 0, 0, 0, 5, 1, 3, 0, 0, 0, 6, 0, 0.5, 0, 0, 0, 0, 0, 0, -12.852087020874023, 0.020730018615722656], [0, 0, 1, 0.015863031148910522, 0, 0, 8, 9, 16, 0, 0, 1, 1, 2, 6, 3, 0, 0, 0, 8, 0, 0.5, 0, 0, 0, 0, 0, 0, -10.023209571838379, 20.42099380493164], [0, 0, 0, 0.008911281824111938, 0, 0, 8, 13, 20, 0, 0, 0, 0, 11, 1, 1, 0, 0, 0, 12, 0, 0.14285714285714285, 0, 0, 0, 0, 0, 0, 13.208202362060547, 0.0009593963623046875], [0, 0, 0, 0.024616509675979614, 0, 0, 8, 6, 13, 0, 0, 0, 0, 4, 1, 2, 0, 0, 0, 5, 0, 0.4, 0, 0, 0, 0, 0, 0, 2.7414965629577637, 0.007439374923706055], [0, 0, 0, 0.06981262564659119, 0, 0, 8, 3, 10, 0, 0, 0, 0, 1, 1, 3, 0, 0, 0, 2, 0, 0.5, 0, 0, 0, 0, 0, 0, -23.87928009033203, 0.0], [0, 0, 0, 0.016210615634918213, 0, 0, 8, 3, 10, 0, 0, 0, 0, 1, 1, 7, 0, 0, 0, 2, 0, 0.5, 0, 0, 0, 0, 0, 0, -23.87928009033203, 0.0], [1, 0, 1, 0.10344380140304565, 0, 0, 8, 7, 14, 1, 0, 1, 0, 3, 2, 2, 0, 0, 0, 6, 0, 0.5, 0, 0, 0, 0, 0, 0, -17.677217483520508, 1.7945976257324219], [0, 0, 0, 0.059124886989593506, 0, 0, 8, 5, 12, 0, 0, 1, 0, 2, 2, 4, 0, 0, 0, 4, 0, 0.6, 0, 0, 0, 0, 0, 0, -9.411371231079102, 24.17384147644043], [0, 0, 0, 0.09697061777114868, 0, 0, 8, 3, 10, 0, 0, 0, 0, 1, 1, 7, 0, 0, 0, 2, 0, 0.9090909090909091, 0, 0, 0, 0, 0, 0, -23.87928009033203, 0.0], [1, 0, 1, 0.26684993505477905, 1, 0, 8, 13, 20, 1, 0, 1, 1, 4, 8, 2, 0, 0, 0, 12, 1, 0.3333333333333333, 0, 0, 0, 0, 0, 0, -6.860405445098877, 12.751409530639648], [0, 0, 0, 0.0035722851753234863, 0, 0, 8, 3, 10, 0, 0, 0, 0, 1, 1, 2, 0, 0, 0, 2, 0, 0.5, 0, 0, 0, 0, 0, 0, -23.87928009033203, 0.0], [0, 0, 0, 0.02288532257080078, 0, 0, 8, 5, 12, 0, 0, 0, 0, 3, 1, 3, 0, 0, 0, 4, 0, 0.5, 0, 0, 0, 0, 0, 0, -1.5134034156799316, 0.013852119445800781], [0, 0, 0, 0.07852053642272949, 0, 0, 8, 9, 16, 0, 0, 0, 0, 6, 2, 3, 0, 0, 0, 8, 0, 0.5, 0, 0, 0, 0, 0, 0, 4.562582492828369, 9.998767852783203], [0, 0, 1, 0.0009814053773880005, 0, 0, 8, 4, 11, 0, 0, 1, 1, 2, 1, 2, 0, 0, 0, 3, 0, 0.5, 0, 0, 0, 0, 0, 0, -8.249354362487793, 0.18474102020263672], [0, 0, 0, 0.08237987756729126, 0, 0, 8, 7, 14, 0, 0, 0, 0, 3, 3, 4, 0, 0, 0, 6, 0, 0.6666666666666666, 0, 0, 0, 0, 0, 0, -19.82915687561035, 18.102128982543945], [0, 0, 0, 0.01886311173439026, 0, 0, 8, 8, 15, 0, 0, 0, 0, 6, 1, 1, 0, 0, 0, 7, 0, 0.03389830508474576, 0, 0, 0, 0, 0, 0, -10.66734790802002, 0.01620197296142578], [0, 0, 0, 0.03600761294364929, 0, 0, 8, 3, 10, 0, 0, 0, 0, 1, 1, 4, 0, 0, 0, 2, 0, 0.75, 0, 0, 0, 0, 0, 0, -23.87928009033203, 0.0], [0, 0, 0, 0.15556445717811584, 0, 0, 8, 5, 12, 0, 0, 0, 0, 3, 1, 3, 0, 0, 0, 4, 0, 0.8, 0, 0, 0, 0, 0, 0, -1.5134034156799316, 0.013852119445800781], [0, 0, 0, 0.029232561588287354, 0, 0, 8, 5, 12, 0, 0, 0, 0, 3, 1, 3, 0, 0, 0, 4, 0, 0.3333333333333333, 0, 0, 0, 0, 0, 0, -1.5134034156799316, 0.013852119445800781], [0, 0, 0, 0.0017979145050048828, 0, 0, 8, 13, 20, 0, 0, 0, 0, 10, 2, 1, 0, 0, 0, 12, 0, 0.15384615384615385, 0, 0, 0, 0, 0, 0, 9.715242385864258, 6.558553218841553], [0, 0, 0, 0.005835235118865967, 0, 0, 8, 3, 10, 0, 0, 0, 0, 1, 1, 5, 0, 0, 0, 2, 0, 0.6666666666666666, 0, 0, 0, 0, 0, 0, -23.87928009033203, 0.0], [0, 0, 0, 0.03976231813430786, 0, 0, 8, 13, 20, 0, 0, 1, 0, 10, 2, 1, 0, 0, 0, 12, 0, 0.2222222222222222, 0, 0, 0, 0, 0, 0, 9.809216499328613, 6.575928688049316], [0, 0, 0, 0.3105902373790741, 0, 0, 8, 3, 10, 0, 0, 0, 0, 1, 1, 5, 0, 0, 0, 2, 0, 0.75, 0, 0, 0, 0, 0, 0, -23.87928009033203, 0.0], [0, 0, 0, 0.0763818621635437, 0, 0, 8, 10, 17, 0, 0, 1, 0, 8, 1, 3, 0, 0, 0, 9, 0, 0.5, 0, 0, 0, 0, 0, 0, -7.621442794799805, 0.05047798156738281], [0, 0, 0, 0.0478740930557251, 0, 0, 8, 6, 13, 0, 0, 0, 0, 4, 1, 2, 0, 0, 0, 5, 0, 0.5, 0, 0, 0, 0, 0, 0, -16.87211799621582, 0.14185523986816406], [1, 0, 1, 0.0046773552894592285, 0, 0, 8, 4, 11, 1, 0, 1, 1, 2, 1, 3, 0, 0, 0, 3, 0, 0.5, 0, 0, 0, 0, 0, 0, -8.249354362487793, 0.18474102020263672], [0, 0, 0, 0.004077434539794922, 0, 0, 8, 3, 10, 0, 0, 0, 0, 1, 1, 6, 0, 0, 0, 2, 0, 0.5, 0, 0, 0, 0, 0, 0, -23.87928009033203, 0.0], [0, 0, 0, 0.025156572461128235, 0, 0, 8, 3, 10, 0, 0, 0, 0, 1, 1, 3, 0, 0, 0, 2, 0, 0.3333333333333333, 0, 0, 0, 0, 0, 0, -23.87928009033203, 0.0], [0, 0, 0, 0.010360747575759888, 0, 0, 8, 13, 20, 0, 0, 1, 0, 9, 2, 3, 0, 0, 0, 12, 0, 0.5, 0, 0, 0, 0, 0, 0, -0.1779652237892151, 0.015902161598205566], [0, 0, 0, 0.03444860875606537, 0, 0, 8, 3, 10, 0, 0, 0, 0, 1, 1, 3, 0, 0, 0, 2, 0, 0.6666666666666666, 0, 0, 0, 0, 0, 0, -23.87928009033203, 0.0], [0, 0, 0, 0.0513421893119812, 0, 0, 8, 3, 10, 0, 0, 0, 0, 1, 1, 4, 0, 0, 0, 2, 0, 0.6666666666666666, 0, 0, 0, 0, 0, 0, -23.87928009033203, 0.0], [0, 0, 0, 0.048616111278533936, 0, 0, 8, 6, 13, 0, 0, 0, 0, 4, 1, 3, 0, 0, 0, 5, 0, 0.6666666666666666, 0, 0, 0, 0, 0, 0, 2.7414965629577637, 0.007439374923706055], [0, 0, 0, 0.029378831386566162, 0, 0, 8, 13, 20, 0, 0, 0, 0, 10, 2, 1, 0, 0, 0, 12, 0, 0.2222222222222222, 0, 0, 0, 0, 0, 0, 9.805578231811523, 6.572166919708252], [0, 0, 0, 0.047649919986724854, 0, 0, 8, 13, 20, 0, 0, 0, 0, 10, 2, 2, 0, 0, 0, 12, 0, 0.5, 0, 0, 0, 0, 0, 0, 9.776751518249512, 6.570794105529785], [0, 0, 0, 0.026848137378692627, 0, 0, 8, 3, 10, 0, 0, 0, 0, 1, 1, 1, 0, 0, 0, 2, 0, 0.07692307692307693, 0, 0, 0, 0, 0, 0, -23.87928009033203, 0.0], [1, 0, 0, 0.022570550441741943, 0, 0, 8, 6, 13, 1, 0, 0, 0, 3, 2, 3, 0, 0, 0, 5, 0, 0.6666666666666666, 0, 0, 0, 0, 0, 0, -19.987255096435547, 16.593578338623047], [0, 0, 0, 0.03986722230911255, 0, 0, 8, 8, 15, 0, 0, 0, 0, 6, 1, 1, 0, 0, 0, 7, 0, 0.16666666666666666, 0, 0, 0, 0, 0, 0, -10.66734790802002, 0.01620197296142578], [0, 0, 0, 0.10961687564849854, 0, 0, 8, 12, 19, 0, 0, 0, 0, 5, 5, 2, 0, 0, 0, 11, 0, 0.5, 0, 0, 0, 0, 0, 0, -26.54741668701172, 5.263700485229492], [0, 0, 0, 0.0022574663162231445, 0, 0, 8, 13, 20, 0, 0, 0, 0, 9, 3, 6, 0, 0, 0, 12, 0, 0.75, 0, 0, 0, 0, 0, 0, 6.581356048583984, 7.980774402618408], [0, 0, 0, 0.018186137080192566, 0, 0, 8, 4, 11, 0, 0, 0, 0, 2, 1, 3, 0, 0, 0, 3, 0, 0.5, 0, 0, 0, 0, 0, 0, -8.277349472045898, 0.18423843383789062], [0, 0, 0, 0.07806247472763062, 0, 0, 8, 13, 20, 0, 0, 0, 0, 10, 2, 5, 0, 0, 0, 12, 0, 0.5, 0, 0, 0, 0, 0, 0, 9.698348999023438, 6.562708377838135], [0, 0, 0, 0.0031164586544036865, 0, 0, 8, 13, 20, 0, 0, 0, 0, 11, 1, 1, 0, 0, 0, 12, 0, 0.024539877300613498, 0, 0, 0, 0, 0, 0, 13.169757843017578, 0.0009431838989257812], [0, 0, 0, 0.2639347165822983, 0, 0, 8, 4, 11, 0, 0, 0, 0, 2, 1, 3, 0, 0, 0, 3, 0, 0.5, 0, 0, 0, 0, 0, 0, -8.277349472045898, 0.18423843383789062], [0, 0, 0, 0.006784945726394653, 0, 0, 8, 3, 10, 0, 0, 0, 0, 1, 1, 2, 0, 0, 0, 2, 0, 0.5, 0, 0, 0, 0, 0, 0, -23.87928009033203, 0.0], [0, 0, 0, 0.12102216482162476, 0, 0, 8, 3, 10, 0, 0, 0, 0, 1, 1, 4, 0, 0, 0, 2, 0, 0.5, 0, 0, 0, 0, 0, 0, -23.87928009033203, 0.0], [0, 0, 0, 0.052257001399993896, 0, 0, 8, 13, 20, 0, 0, 0, 0, 11, 1, 2, 0, 0, 0, 12, 0, 0.5, 0, 0, 0, 0, 0, 0, 13.233154296875, 0.0009670257568359375], [0, 0, 0, 0.014583945274353027, 0, 0, 8, 12, 19, 0, 0, 0, 0, 9, 2, 1, 0, 0, 0, 11, 0, 0.3333333333333333, 0, 0, 0, 0, 0, 0, -12.968775749206543, 6.867749214172363], [0, 0, 0, 0.017499685287475586, 0, 0, 8, 3, 10, 0, 0, 0, 0, 1, 1, 5, 0, 0, 0, 2, 0, 0.5, 0, 0, 0, 0, 0, 0, -23.87928009033203, 0.0], [1, 0, 0, 0.0048812031745910645, 0, 0, 8, 13, 20, 1, 0, 1, 0, 10, 2, 1, 0, 0, 0, 12, 1, 0.75, 0, 0, 0, 0, 0, 0, 9.79580020904541, 6.5663909912109375], [0, 0, 0, 0.012179285287857056, 0, 0, 8, 13, 20, 0, 0, 0, 0, 11, 1, 1, 0, 0, 0, 12, 0, 0.030303030303030304, 0, 0, 0, 0, 0, 0, 13.176566123962402, 0.0009489059448242188], [1, 0, 0, 0.2028784155845642, 0, 0, 8, 4, 11, 1, 0, 0, 0, 2, 1, 2, 0, 0, 0, 3, 0, 0.3333333333333333, 0, 0, 0, 0, 0, 0, -8.277349472045898, 0.18423843383789062], [0, 0, 0, 0.05481979250907898, 0, 0, 8, 5, 12, 0, 0, 0, 0, 3, 1, 4, 0, 0, 0, 4, 0, 0.5, 0, 0, 0, 0, 0, 0, -1.5134034156799316, 0.013852119445800781], [0, 0, 0, 0.02577078342437744, 0, 0, 8, 13, 20, 0, 0, 0, 0, 9, 2, 1, 0, 0, 0, 12, 0, 0.2222222222222222, 0, 0, 0, 0, 0, 0, -0.16330629587173462, 0.005199551582336426], [0, 0, 0, 0.1585666537284851, 0, 0, 8, 3, 10, 0, 0, 0, 0, 1, 1, 3, 0, 0, 0, 2, 0, 0.6666666666666666, 0, 0, 0, 0, 0, 0, -23.87928009033203, 0.0], [0, 0, 0, 0.024778157472610474, 0, 0, 8, 5, 12, 0, 0, 0, 0, 3, 1, 1, 0, 0, 0, 4, 0, 0.2222222222222222, 0, 0, 0, 0, 0, 0, -1.5134034156799316, 0.013852119445800781], [0, 0, 0, 0.11204516887664795, 0, 0, 8, 13, 20, 0, 0, 0, 0, 7, 3, 1, 0, 0, 0, 12, 0, 0.5, 0, 0, 0, 0, 0, 0, -13.42038345336914, 1.5251655578613281], [1, 0, 0, 0.21437489986419678, 0, 0, 8, 4, 11, 1, 0, 1, 0, 2, 1, 6, 0, 0, 0, 3, 0, 0.75, 0, 0, 0, 0, 0, 0, -8.249354362487793, 0.18474102020263672], [0, 0, 0, 0.06522753834724426, 0, 0, 8, 3, 10, 0, 0, 0, 0, 1, 1, 3, 0, 0, 0, 2, 0, 0.5, 0, 0, 0, 0, 0, 0, -23.87928009033203, 0.0], [0, 0, 0, 0.004889488220214844, 0, 0, 8, 13, 20, 0, 0, 0, 0, 10, 2, 2, 0, 0, 0, 12, 0, 0.3333333333333333, 0, 0, 0, 0, 0, 0, 9.678735733032227, 6.573147296905518], [0, 0, 0, 0.017562389373779297, 0, 0, 8, 4, 11, 0, 0, 0, 0, 2, 1, 4, 0, 0, 0, 3, 0, 0.5, 0, 0, 0, 0, 0, 0, -8.277349472045898, 0.18423843383789062], [0, 0, 0, 0.02048996090888977, 0, 0, 8, 9, 16, 0, 0, 0, 0, 7, 1, 4, 0, 0, 0, 8, 0, 0.875, 0, 0, 0, 0, 0, 0, 9.399728775024414, 0.0023479461669921875], [0, 0, 0, 0.06779780983924866, 0, 0, 8, 7, 14, 0, 0, 0, 0, 4, 2, 5, 0, 0, 0, 6, 0, 0.6666666666666666, 0, 0, 0, 0, 0, 0, -0.36262232065200806, 13.53382396697998], [0, 0, 0, 0.0549200177192688, 0, 0, 8, 4, 11, 0, 0, 0, 0, 2, 1, 6, 0, 0, 0, 3, 0, 0.5, 0, 0, 0, 0, 0, 0, -8.277349472045898, 0.18423843383789062], [1, 0, 0, 0.09661227464675903, 0, 0, 8, 8, 15, 1, 0, 0, 0, 3, 3, 1, 0, 0, 0, 7, 0, 0.5, 0, 0, 0, 0, 0, 0, -34.27034378051758, 3.989177703857422], [0, 0, 0, 0.06460869312286377, 0, 0, 8, 13, 20, 0, 0, 0, 0, 11, 1, 1, 0, 0, 0, 12, 0, 0.5, 0, 0, 0, 0, 0, 0, 13.159566879272461, 0.0009403228759765625], [0, 0, 0, 0.024120628833770752, 0, 0, 8, 3, 10, 0, 0, 0, 0, 1, 1, 5, 0, 0, 0, 2, 0, 0.5, 0, 0, 0, 0, 0, 0, -23.87928009033203, 0.0], [0, 0, 0, 0.0916750431060791, 0, 0, 8, 3, 10, 0, 0, 0, 0, 1, 1, 1, 0, 0, 0, 2, 0, 0.125, 0, 0, 0, 0, 0, 0, -23.87928009033203, 0.0], [1, 0, 0, 0.015928566455841064, 0, 0, 8, 13, 20, 1, 0, 0, 0, 8, 3, 1, 0, 0, 0, 12, 1, 0.5, 0, 0, 0, 0, 0, 0, -3.460054874420166, 1.5402936935424805], [0, 0, 0, 0.018943846225738525, 0, 0, 8, 13, 20, 0, 0, 0, 0, 10, 2, 1, 0, 0, 0, 12, 0, 0.024539877300613498, 0, 0, 0, 0, 0, 0, 9.725366592407227, 6.577213764190674], [1, 0, 1, 0.26684993505477905, 1, 0, 8, 13, 20, 1, 0, 1, 1, 6, 6, 2, 0, 0, 0, 12, 1, 0.3333333333333333, 0, 0, 0, 0, 0, 0, -2.593946695327759, 15.409431457519531], [0, 0, 0, 0.013061821460723877, 0, 0, 8, 5, 12, 0, 0, 0, 0, 3, 1, 2, 0, 0, 0, 4, 0, 0.5, 0, 0, 0, 0, 0, 0, -1.5134034156799316, 0.013852119445800781], [0, 0, 0, 0.004463791847229004, 0, 0, 8, 4, 11, 0, 0, 0, 0, 2, 1, 4, 0, 0, 0, 3, 0, 0.5, 0, 0, 0, 0, 0, 0, -8.277349472045898, 0.18423843383789062], [0, 0, 0, 0.011676177382469177, 0, 0, 8, 3, 10, 0, 0, 0, 0, 1, 1, 2, 0, 0, 0, 2, 0, 0.5, 0, 0, 0, 0, 0, 0, -23.87928009033203, 0.0], [1, 0, 1, 0.12587803602218628, 1, 0, 8, 13, 20, 1, 0, 1, 1, 9, 3, 3, 0, 0, 0, 12, 1, 0.5, 0, 0, 0, 0, 0, 0, 6.590954780578613, 8.035444259643555], [0, 0, 0, 0.04043060541152954, 0, 0, 8, 13, 20, 0, 0, 0, 0, 11, 1, 3, 0, 0, 0, 12, 0, 0.5, 0, 0, 0, 0, 0, 0, 13.23824691772461, 0.0009679794311523438], [0, 0, 0, 0.21621522307395935, 0, 0, 8, 13, 20, 0, 0, 0, 0, 8, 3, 1, 0, 0, 0, 12, 0, 0.5, 0, 0, 0, 0, 0, 0, -3.3395614624023438, 1.544238567352295], [0, 0, 0, 0.016137167811393738, 0, 0, 8, 4, 11, 0, 0, 0, 0, 2, 1, 3, 0, 0, 0, 3, 0, 0.75, 0, 0, 0, 0, 0, 0, -8.277349472045898, 0.18423843383789062], [0, 0, 0, 0.0011185705661773682, 0, 0, 8, 10, 17, 0, 0, 0, 0, 7, 2, 4, 0, 0, 0, 9, 0, 0.5, 0, 0, 0, 0, 0, 0, -15.727104187011719, 8.102043151855469], [0, 0, 0, 0.045868635177612305, 0, 0, 8, 3, 10, 0, 0, 0, 0, 1, 1, 5, 0, 0, 0, 2, 0, 0.5, 0, 0, 0, 0, 0, 0, -23.87928009033203, 0.0], [1, 0, 0, 0.09914463758468628, 1, 0, 8, 13, 20, 1, 1, 1, 0, 11, 1, 2, 0, 0, 0, 12, 1, 0.6666666666666666, 0, 0, 0, 0, 0, 0, 13.181447982788086, 0.000949859619140625], [0, 0, 0, 0.026634633541107178, 0, 0, 8, 13, 20, 0, 0, 0, 0, 11, 1, 1, 0, 0, 0, 12, 0, 0.041666666666666664, 0, 0, 0, 0, 0, 0, 13.123127937316895, 0.0009279251098632812], [0, 0, 0, 0.0097883939743042, 0, 0, 8, 13, 20, 0, 0, 0, 0, 9, 3, 2, 0, 0, 0, 12, 0, 0.5, 0, 0, 0, 0, 0, 0, 6.399399757385254, 7.978497505187988], [1, 0, 0, 0.0077512264251708984, 0, 0, 8, 10, 17, 1, 0, 0, 0, 6, 2, 1, 0, 0, 0, 9, 0, 0.16666666666666666, 0, 0, 0, 0, 0, 0, -27.821313858032227, 0.15369033813476562], [0, 0, 0, 0.019768640398979187, 0, 0, 8, 4, 11, 0, 0, 1, 0, 2, 1, 4, 0, 0, 0, 3, 0, 0.5, 0, 0, 0, 0, 0, 0, -8.249354362487793, 0.18474102020263672], [0, 0, 0, 0.016796350479125977, 0, 0, 8, 3, 10, 0, 0, 0, 0, 1, 1, 5, 0, 0, 0, 2, 0, 0.6666666666666666, 0, 0, 0, 0, 0, 0, -23.87928009033203, 0.0], [0, 0, 0, 0.031828463077545166, 0, 0, 8, 13, 20, 0, 0, 0, 0, 11, 1, 1, 0, 0, 0, 12, 0, 0.024539877300613498, 0, 0, 0, 0, 0, 0, 7.156027793884277, 0.19720697402954102], [0, 0, 0, 0.28271907567977905, 0, 0, 8, 9, 16, 0, 0, 0, 0, 6, 2, 1, 0, 0, 0, 8, 0, 0.6129032258064516, 0, 0, 0, 0, 0, 0, 4.5409626960754395, 9.998706817626953], [0, 0, 0, 0.05604928731918335, 0, 0, 8, 13, 20, 0, 0, 0, 0, 11, 1, 2, 0, 0, 0, 12, 0, 0.25, 0, 0, 0, 0, 0, 0, 13.192227363586426, 0.0009508132934570312], [0, 0, 0, 0.06195068359375, 0, 0, 8, 13, 20, 0, 0, 0, 0, 9, 2, 1, 0, 0, 0, 12, 0, 0.5, 0, 0, 0, 0, 0, 0, -0.24238449335098267, 0.005792140960693359], [0, 0, 0, 0.0007700324058532715, 0, 0, 8, 13, 20, 0, 0, 0, 0, 9, 3, 6, 0, 0, 0, 12, 0, 0.75, 0, 0, 0, 0, 0, 0, 6.5777130126953125, 7.976589202880859], [0, 0, 0, 6.473064422607422e-05, 0, 0, 8, 3, 10, 0, 0, 0, 0, 1, 1, 3, 0, 0, 0, 2, 0, 0.5, 0, 0, 0, 0, 0, 0, -23.87928009033203, 0.0], [0, 0, 0, 0.0865132212638855, 0, 0, 8, 7, 14, 0, 0, 0, 0, 3, 3, 4, 0, 0, 0, 6, 0, 0.6666666666666666, 0, 0, 0, 0, 0, 0, -19.82915687561035, 18.102128982543945], [0, 0, 0, 0.02811381220817566, 0, 0, 8, 13, 20, 0, 0, 0, 0, 11, 1, 1, 0, 0, 0, 12, 0, 0.024539877300613498, 0, 0, 0, 0, 0, 0, 13.128188133239746, 0.0009326934814453125], [0, 0, 0, 0.05601435899734497, 0, 0, 8, 13, 20, 0, 0, 0, 0, 7, 4, 1, 0, 0, 0, 12, 0, 0.5, 0, 0, 0, 0, 0, 0, -6.373424530029297, 3.00632381439209], [0, 0, 0, 0.013885676860809326, 0, 0, 8, 13, 20, 0, 0, 0, 0, 11, 1, 3, 0, 0, 0, 12, 0, 0.6666666666666666, 0, 0, 0, 0, 0, 0, 16.42091941833496, 12.612149238586426], [0, 0, 0, 0.0505751371383667, 0, 0, 8, 13, 20, 0, 0, 0, 0, 10, 2, 2, 0, 0, 0, 12, 0, 0.6666666666666666, 0, 0, 0, 0, 0, 0, 6.634861469268799, 5.764669418334961], [0, 0, 0, 0.0026485025882720947, 0, 0, 8, 8, 15, 0, 0, 0, 0, 6, 1, 2, 0, 0, 0, 7, 0, 0.25, 0, 0, 0, 0, 0, 0, 7.784692287445068, 0.0032062530517578125], [0, 0, 0, 0.22275477647781372, 0, 0, 8, 3, 10, 0, 0, 0, 0, 1, 1, 4, 0, 0, 0, 2, 0, 0.6666666666666666, 0, 0, 0, 0, 0, 0, -23.87928009033203, 0.0], [0, 0, 0, 0.1585666537284851, 0, 0, 8, 3, 10, 0, 0, 0, 0, 1, 1, 4, 0, 0, 0, 2, 0, 0.6666666666666666, 0, 0, 0, 0, 0, 0, -23.87928009033203, 0.0], [0, 0, 0, 0.030335307121276855, 0, 0, 8, 3, 10, 0, 0, 0, 0, 1, 1, 3, 0, 0, 0, 2, 0, 0.3333333333333333, 0, 0, 0, 0, 0, 0, -23.87928009033203, 0.0], [0, 0, 0, 0.1087573766708374, 0, 0, 8, 3, 10, 0, 0, 0, 0, 1, 1, 4, 0, 0, 0, 2, 0, 0.75, 0, 0, 0, 0, 0, 0, -23.87928009033203, 0.0], [0, 0, 0, 0.030558615922927856, 0, 0, 8, 3, 10, 0, 0, 0, 0, 1, 1, 1, 0, 0, 0, 2, 0, 0.03333333333333333, 0, 0, 0, 0, 0, 0, -23.87928009033203, 0.0], [1, 0, 0, 0.026193857192993164, 0, 0, 8, 10, 17, 1, 0, 1, 0, 8, 1, 2, 0, 0, 0, 9, 0, 0.5, 0, 0, 0, 0, 0, 0, -11.741179466247559, 0.059975624084472656], [0, 0, 0, 0.02241423726081848, 0, 0, 8, 13, 20, 0, 0, 0, 0, 10, 2, 3, 0, 0, 0, 12, 0, 0.6666666666666666, 0, 0, 0, 0, 0, 0, 9.792675018310547, 6.5723676681518555], [0, 0, 0, 0.023752808570861816, 0, 0, 8, 8, 15, 0, 0, 0, 0, 6, 1, 1, 0, 0, 0, 7, 0, 0.5, 0, 0, 0, 0, 0, 0, -10.66734790802002, 0.01620197296142578], [0, 0, 0, 0.05465829372406006, 0, 0, 8, 4, 11, 0, 0, 0, 0, 2, 1, 1, 0, 0, 0, 3, 0, 0.1, 0, 0, 0, 0, 0, 0, -15.700078964233398, 0.3516979217529297], [0, 0, 0, 0.05673137307167053, 0, 0, 8, 13, 20, 0, 0, 0, 0, 10, 2, 1, 0, 0, 0, 12, 0, 0.3333333333333333, 0, 0, 0, 0, 0, 0, 9.762007713317871, 6.568741798400879], [1, 0, 0, 0.04312726855278015, 0, 0, 8, 13, 20, 1, 0, 1, 0, 10, 2, 2, 0, 0, 0, 12, 0, 0.5714285714285714, 0, 0, 0, 0, 0, 0, 9.804189682006836, 6.571547508239746], [1, 0, 1, 0.021039962768554688, 1, 0, 8, 4, 11, 1, 0, 1, 1, 2, 1, 6, 0, 0, 0, 3, 1, 0.6666666666666666, 0, 0, 0, 0, 0, 0, 5.5323567390441895, 26.863191604614258], [0, 0, 0, 0.0003019571304321289, 0, 0, 8, 13, 20, 0, 0, 1, 0, 10, 2, 1, 0, 0, 0, 12, 0, 0.07692307692307693, 0, 0, 0, 0, 0, 0, 3.854921579360962, 5.845022201538086], [0, 0, 0, 0.16236984729766846, 0, 0, 8, 10, 17, 0, 0, 0, 0, 7, 2, 1, 0, 0, 0, 9, 0, 0.2222222222222222, 0, 0, 0, 0, 0, 0, -15.727104187011719, 8.102043151855469], [0, 0, 0, 0.02043771743774414, 0, 0, 8, 13, 20, 0, 0, 0, 0, 11, 1, 1, 0, 0, 0, 12, 0, 0.14285714285714285, 0, 0, 0, 0, 0, 0, 13.208202362060547, 0.0009593963623046875], [0, 0, 0, 0.015090852975845337, 0, 0, 8, 13, 20, 0, 0, 0, 0, 10, 2, 1, 0, 0, 0, 12, 0, 0.024539877300613498, 0, 0, 0, 0, 0, 0, 6.169572830200195, 4.3025054931640625], [1, 0, 1, 0.0028594136238098145, 1, 0, 8, 6, 13, 1, 0, 1, 1, 3, 2, 3, 0, 0, 0, 5, 1, 0.5, 0, 0, 0, 0, 0, 0, -4.052122592926025, 16.451391220092773], [0, 0, 0, 0.09546950459480286, 0, 0, 8, 5, 12, 0, 0, 0, 0, 3, 1, 3, 0, 0, 0, 4, 0, 0.5, 0, 0, 0, 0, 0, 0, -1.5134034156799316, 0.013852119445800781], [0, 0, 0, 0.0, 0, 0, 8, 5, 12, 0, 0, 0, 0, 3, 1, 3, 0, 0, 0, 4, 0, 0.5, 0, 0, 0, 0, 0, 0, -1.5134034156799316, 0.013852119445800781], [0, 0, 0, 0.020295262336730957, 0, 0, 8, 6, 13, 0, 0, 1, 0, 4, 1, 4, 0, 0, 0, 5, 0, 0.6666666666666666, 0, 0, 0, 0, 0, 0, -14.467253684997559, 0.11642742156982422], [0, 0, 0, 0.012516677379608154, 0, 0, 8, 6, 13, 0, 0, 0, 0, 4, 1, 2, 0, 0, 0, 5, 0, 0.5, 0, 0, 0, 0, 0, 0, 2.7414965629577637, 0.007439374923706055], [0, 0, 0, 0.001843780279159546, 0, 0, 8, 13, 20, 0, 0, 1, 0, 11, 1, 2, 0, 0, 0, 12, 0, 0.5, 0, 0, 0, 0, 0, 0, 13.211835861206055, 0.0009555816650390625], [0, 0, 0, 0.0, 0, 0, 8, 4, 11, 0, 0, 0, 0, 2, 1, 4, 0, 0, 0, 3, 0, 0.5, 0, 0, 0, 0, 0, 0, -8.277349472045898, 0.18423843383789062], [0, 0, 0, 0.056963443756103516, 0, 0, 8, 7, 14, 0, 0, 0, 0, 5, 1, 4, 0, 0, 0, 6, 0, 0.6666666666666666, 0, 0, 0, 0, 0, 0, -14.752801895141602, 0.05225181579589844], [0, 0, 0, 0.3557339161634445, 0, 0, 8, 3, 10, 0, 0, 0, 0, 1, 1, 4, 0, 0, 0, 2, 0, 0.5, 0, 0, 0, 0, 0, 0, -23.87928009033203, 0.0], [0, 0, 0, 0.01642543077468872, 0, 0, 8, 13, 20, 0, 0, 0, 0, 11, 1, 3, 0, 0, 0, 12, 0, 0.6666666666666666, 0, 0, 0, 0, 0, 0, 13.233154296875, 0.0009670257568359375], [0, 0, 0, 0.0, 0, 0, 8, 3, 10, 0, 0, 0, 0, 1, 1, 4, 0, 0, 0, 2, 0, 0.6666666666666666, 0, 0, 0, 0, 0, 0, -23.87928009033203, 0.0], [0, 0, 0, 0.019059836864471436, 0, 0, 8, 4, 11, 0, 0, 0, 0, 2, 1, 3, 0, 0, 0, 3, 0, 0.3333333333333333, 0, 0, 0, 0, 0, 0, -15.700078964233398, 0.3516979217529297], [0, 0, 0, 0.028832852840423584, 0, 0, 8, 8, 15, 0, 0, 0, 0, 6, 1, 4, 0, 0, 0, 7, 0, 0.6666666666666666, 0, 0, 0, 0, 0, 0, 7.784692287445068, 0.0032062530517578125], [0, 0, 0, 0.04163813591003418, 0, 0, 8, 3, 10, 0, 0, 0, 0, 1, 1, 3, 0, 0, 0, 2, 0, 0.875, 0, 0, 0, 0, 0, 0, -23.87928009033203, 0.0], [0, 0, 0, 0.135239839553833, 0, 0, 8, 5, 12, 0, 0, 0, 0, 3, 1, 4, 0, 0, 0, 4, 0, 0.8, 0, 0, 0, 0, 0, 0, -1.5134034156799316, 0.013852119445800781], [0, 0, 0, 0.11579132080078125, 0, 0, 8, 3, 10, 0, 0, 0, 0, 1, 1, 3, 0, 0, 0, 2, 0, 0.5714285714285714, 0, 0, 0, 0, 0, 0, -23.87928009033203, 0.0], [1, 0, 0, 0.2313537895679474, 0, 0, 8, 4, 11, 1, 0, 1, 0, 2, 1, 4, 0, 0, 0, 3, 0, 0.5, 0, 0, 0, 0, 0, 0, -8.249354362487793, 0.18474102020263672], [0, 0, 0, 0.04317328333854675, 0, 0, 8, 13, 20, 0, 0, 0, 0, 10, 2, 3, 0, 0, 0, 12, 0, 0.75, 0, 0, 0, 0, 0, 0, 9.777963638305664, 6.564627647399902], [0, 0, 0, 0.01126331090927124, 0, 0, 8, 13, 20, 0, 0, 0, 0, 10, 2, 4, 0, 0, 0, 12, 0, 0.5, 0, 0, 0, 0, 0, 0, 9.797232627868652, 6.560110569000244], [0, 0, 0, 0.017259925603866577, 0, 0, 8, 13, 20, 0, 0, 0, 0, 11, 1, 4, 0, 0, 0, 12, 0, 0.5, 0, 0, 0, 0, 0, 0, 13.201414108276367, 0.0009555816650390625], [0, 0, 0, 0.0037831515073776245, 0, 0, 8, 5, 12, 0, 0, 0, 0, 3, 1, 3, 0, 0, 0, 4, 0, 0.5, 0, 0, 0, 0, 0, 0, -1.5134034156799316, 0.013852119445800781], [0, 0, 0, 0.03570467233657837, 0, 0, 8, 13, 20, 0, 0, 0, 0, 11, 1, 1, 0, 0, 0, 12, 0, 0.3333333333333333, 0, 0, 0, 0, 0, 0, 13.178967475891113, 0.000946044921875], [1, 0, 0, 0.21855485439300537, 0, 0, 8, 5, 12, 1, 0, 1, 0, 3, 1, 3, 0, 0, 0, 4, 0, 0.9090909090909091, 0, 0, 0, 0, 0, 0, -1.4941151142120361, 0.013974666595458984], [0, 0, 0, 0.017024129629135132, 0, 0, 8, 6, 13, 0, 0, 0, 0, 4, 1, 4, 0, 0, 0, 5, 0, 0.6666666666666666, 0, 0, 0, 0, 0, 0, 2.7414965629577637, 0.007439374923706055], [0, 0, 0, 0.0, 0, 0, 8, 9, 16, 0, 0, 0, 0, 4, 2, 6, 0, 0, 0, 8, 0, 0.9090909090909091, 0, 0, 0, 0, 0, 0, -23.258695602416992, 0.00684356689453125], [0, 0, 0, 0.06970477104187012, 0, 0, 8, 4, 11, 0, 0, 0, 0, 2, 1, 5, 0, 0, 0, 3, 0, 0.6666666666666666, 0, 0, 0, 0, 0, 0, -8.277349472045898, 0.18423843383789062], [0, 0, 0, 0.07110077142715454, 0, 0, 8, 3, 10, 0, 0, 0, 0, 1, 1, 2, 0, 0, 0, 2, 0, 0.3333333333333333, 0, 0, 0, 0, 0, 0, -23.87928009033203, 0.0], [0, 0, 0, 0.004250943660736084, 0, 0, 8, 4, 11, 0, 0, 0, 0, 2, 1, 1, 0, 0, 0, 3, 0, 0.6129032258064516, 0, 0, 0, 0, 0, 0, -8.277349472045898, 0.18423843383789062], [0, 0, 0, 0.014312073588371277, 0, 0, 8, 3, 10, 0, 0, 0, 0, 1, 1, 4, 0, 0, 0, 2, 0, 0.5, 0, 0, 0, 0, 0, 0, -23.87928009033203, 0.0], [0, 0, 0, 0.08502426743507385, 0, 0, 8, 7, 14, 0, 0, 0, 0, 5, 1, 2, 0, 0, 0, 6, 0, 0.5, 0, 0, 0, 0, 0, 0, -12.030769348144531, 0.08903694152832031], [0, 0, 0, 0.0, 0, 0, 8, 8, 15, 0, 0, 0, 0, 6, 1, 3, 0, 0, 0, 7, 0, 0.5, 0, 0, 0, 0, 0, 0, 7.784692287445068, 0.0032062530517578125], [0, 0, 0, 0.08330494165420532, 0, 0, 8, 4, 11, 0, 0, 0, 0, 2, 1, 2, 0, 0, 0, 3, 0, 0.25, 0, 0, 0, 0, 0, 0, -8.277349472045898, 0.18423843383789062], [0, 0, 0, 0.2167574167251587, 0, 0, 8, 3, 10, 0, 0, 0, 0, 1, 1, 3, 0, 0, 0, 2, 0, 0.3333333333333333, 0, 0, 0, 0, 0, 0, -23.87928009033203, 0.0], [0, 0, 0, 0.0066564083099365234, 0, 0, 8, 13, 20, 0, 0, 0, 0, 10, 2, 1, 0, 0, 0, 12, 0, 0.10714285714285714, 0, 0, 0, 0, 0, 0, 9.763157844543457, 6.571666717529297], [0, 0, 0, 0.06792682409286499, 0, 0, 8, 13, 20, 0, 0, 0, 0, 7, 4, 1, 0, 0, 0, 12, 0, 0.5, 0, 0, 0, 0, 0, 0, -6.443570137023926, 3.0070266723632812], [1, 0, 0, 0.09697061777114868, 0, 0, 8, 3, 10, 1, 0, 0, 0, 1, 1, 7, 0, 0, 0, 2, 0, 0.9090909090909091, 0, 0, 0, 0, 0, 0, -23.87928009033203, 0.0], [0, 0, 0, 0.014724254608154297, 0, 0, 8, 13, 20, 0, 0, 0, 0, 11, 1, 2, 0, 0, 0, 12, 0, 0.5, 0, 0, 0, 0, 0, 0, 13.114957809448242, 0.000926971435546875], [0, 0, 0, 0.07169169187545776, 0, 0, 8, 8, 15, 0, 0, 0, 0, 6, 1, 1, 0, 0, 0, 7, 0, 0.08333333333333333, 0, 0, 0, 0, 0, 0, 7.784692287445068, 0.0032062530517578125], [0, 0, 0, 0.0074183642864227295, 0, 0, 8, 3, 10, 0, 0, 0, 0, 1, 1, 1, 0, 0, 0, 2, 0, 0.07692307692307693, 0, 0, 0, 0, 0, 0, -23.87928009033203, 0.0], [0, 0, 0, 0.01822209358215332, 0, 0, 8, 3, 10, 0, 0, 0, 0, 1, 1, 4, 0, 0, 0, 2, 0, 0.5, 0, 0, 0, 0, 0, 0, -23.87928009033203, 0.0], [0, 0, 0, 0.027610868215560913, 0, 0, 8, 13, 20, 0, 0, 0, 0, 11, 1, 2, 0, 0, 0, 12, 0, 0.25, 0, 0, 0, 0, 0, 0, 13.201414108276367, 0.0009555816650390625], [0, 0, 0, 0.031506359577178955, 0, 0, 8, 13, 20, 0, 0, 0, 0, 11, 1, 2, 0, 0, 0, 12, 0, 0.25, 0, 0, 0, 0, 0, 0, 13.192227363586426, 0.0009508132934570312], [0, 0, 0, 0.13526228070259094, 0, 0, 8, 13, 20, 0, 0, 0, 0, 11, 1, 2, 0, 0, 0, 12, 0, 0.6666666666666666, 0, 0, 0, 0, 0, 0, 13.181447982788086, 0.000949859619140625], [0, 0, 0, 8.124113082885742e-05, 0, 0, 8, 3, 10, 0, 0, 0, 0, 1, 1, 3, 0, 0, 0, 2, 0, 0.5, 0, 0, 0, 0, 0, 0, -23.87928009033203, 0.0], [1, 0, 1, 0.018288016319274902, 1, 0, 8, 5, 12, 1, 0, 1, 1, 3, 1, 3, 0, 0, 0, 4, 1, 0.5, 0, 0, 0, 0, 0, 0, -1.4941151142120361, 0.013974666595458984], [0, 0, 0, 0.009233564138412476, 0, 0, 8, 13, 20, 0, 0, 0, 0, 11, 1, 2, 0, 0, 0, 12, 0, 0.3333333333333333, 0, 0, 0, 0, 0, 0, 13.139335632324219, 0.0009317398071289062], [0, 0, 0, 0.03513377904891968, 0, 0, 8, 3, 10, 0, 0, 0, 0, 1, 1, 2, 0, 0, 0, 2, 0, 0.25, 0, 0, 0, 0, 0, 0, -23.87928009033203, 0.0], [1, 0, 0, 0.027427256107330322, 0, 0, 8, 3, 10, 1, 0, 0, 0, 1, 1, 6, 0, 0, 0, 2, 0, 0.75, 0, 0, 0, 0, 0, 0, -23.87928009033203, 0.0], [0, 0, 0, 0.04757565259933472, 0, 0, 8, 13, 20, 0, 0, 0, 0, 11, 1, 1, 0, 0, 0, 12, 0, 0.041666666666666664, 0, 0, 0, 0, 0, 0, 13.123127937316895, 0.0009279251098632812], [0, 0, 0, 0.05356323719024658, 0, 0, 8, 9, 16, 0, 0, 0, 0, 7, 1, 1, 0, 0, 0, 8, 0, 0.024539877300613498, 0, 0, 0, 0, 0, 0, 3.6896510124206543, 0.035773277282714844], [0, 0, 0, 0.019489437341690063, 0, 0, 8, 3, 10, 0, 0, 0, 0, 1, 1, 1, 0, 0, 0, 2, 0, 0.1, 0, 0, 0, 0, 0, 0, -23.87928009033203, 0.0], [0, 0, 0, 0.011437654495239258, 0, 0, 8, 13, 20, 0, 0, 0, 0, 11, 1, 2, 0, 0, 0, 12, 0, 0.5, 0, 0, 0, 0, 0, 0, 13.114957809448242, 0.000926971435546875], [0, 0, 0, 0.030866026878356934, 0, 0, 8, 13, 20, 0, 0, 0, 0, 11, 1, 2, 0, 0, 0, 12, 0, 0.5, 0, 0, 0, 0, 0, 0, 13.23824691772461, 0.0009679794311523438], [0, 0, 1, 0.03205251693725586, 0, 0, 8, 6, 13, 0, 0, 1, 1, 2, 3, 3, 0, 0, 0, 5, 0, 0.25, 0, 0, 0, 0, 0, 0, -9.81692123413086, 23.513019561767578], [0, 0, 0, 0.14414265751838684, 0, 0, 8, 3, 10, 0, 0, 0, 0, 1, 1, 2, 0, 0, 0, 2, 0, 0.25, 0, 0, 0, 0, 0, 0, -23.87928009033203, 0.0], [0, 0, 0, 0.004620462656021118, 0, 0, 8, 13, 20, 0, 0, 0, 0, 11, 1, 3, 0, 0, 0, 12, 0, 0.6666666666666666, 0, 0, 0, 0, 0, 0, 6.639408588409424, 0.0229034423828125], [1, 0, 0, 0.18092411756515503, 0, 0, 8, 4, 11, 1, 0, 1, 0, 2, 1, 6, 0, 0, 0, 3, 1, 0.6666666666666666, 0, 0, 0, 0, 0, 0, -8.249354362487793, 0.18474102020263672], [0, 0, 0, 0.2256159782409668, 0, 0, 8, 4, 11, 0, 0, 0, 0, 2, 1, 5, 0, 0, 0, 3, 0, 0.5, 0, 0, 0, 0, 0, 0, -12.955565452575684, 0.1879739761352539], [0, 0, 0, 0.0024256110191345215, 0, 0, 8, 4, 11, 0, 0, 0, 0, 2, 1, 3, 0, 0, 0, 3, 0, 0.3333333333333333, 0, 0, 0, 0, 0, 0, -8.277349472045898, 0.18423843383789062], [0, 0, 0, 0.08088082075119019, 0, 0, 8, 13, 20, 0, 0, 0, 0, 11, 1, 4, 0, 0, 0, 12, 0, 0.6666666666666666, 0, 0, 0, 0, 0, 0, 13.233154296875, 0.0009670257568359375], [0, 0, 0, 0.032727375626564026, 0, 0, 8, 3, 10, 0, 0, 0, 0, 1, 1, 3, 0, 0, 0, 2, 0, 0.6666666666666666, 0, 0, 0, 0, 0, 0, -23.87928009033203, 0.0], [0, 0, 0, 0.08456003665924072, 0, 0, 8, 13, 20, 0, 0, 0, 0, 10, 2, 1, 0, 0, 0, 12, 0, 0.024539877300613498, 0, 0, 0, 0, 0, 0, 9.764388084411621, 6.571878910064697], [0, 0, 0, 0.07951092720031738, 0, 0, 8, 13, 20, 0, 0, 0, 0, 10, 2, 4, 0, 0, 0, 12, 0, 0.6666666666666666, 0, 0, 0, 0, 0, 0, 4.423130989074707, 6.248805046081543], [0, 0, 0, 0.024098575115203857, 0, 0, 8, 3, 10, 0, 0, 0, 0, 1, 1, 2, 0, 0, 0, 2, 0, 0.3333333333333333, 0, 0, 0, 0, 0, 0, -23.87928009033203, 0.0], [0, 0, 0, 0.008174359798431396, 0, 0, 8, 3, 10, 0, 0, 0, 0, 1, 1, 7, 0, 0, 0, 2, 0, 0.5, 0, 0, 0, 0, 0, 0, -23.87928009033203, 0.0], [0, 0, 0, 0.10116058588027954, 0, 0, 8, 5, 12, 0, 0, 0, 0, 3, 1, 3, 0, 0, 0, 4, 0, 0.5, 0, 0, 0, 0, 0, 0, -1.5134034156799316, 0.013852119445800781], [0, 0, 0, 0.012293964624404907, 0, 0, 8, 13, 20, 0, 0, 0, 0, 11, 1, 1, 0, 0, 0, 12, 0, 0.5, 0, 0, 0, 0, 0, 0, 12.401703834533691, 0.6513671875], [1, 0, 1, 0.06678915023803711, 1, 0, 8, 13, 20, 1, 0, 1, 1, 7, 4, 1, 0, 0, 0, 12, 1, 0.5, 0, 0, 0, 0, 0, 0, -6.441634178161621, 3.0054092407226562], [0, 0, 0, 0.01548236608505249, 0, 0, 8, 13, 20, 0, 0, 0, 0, 11, 1, 1, 0, 0, 0, 12, 0, 0.030303030303030304, 0, 0, 0, 0, 0, 0, 13.176566123962402, 0.0009489059448242188], [0, 0, 0, 0.09716522693634033, 0, 0, 6, 3, 8, 0, 0, 0, 0, 1, 1, 5, 0, 0, 0, 2, 0, 0.8888888888888888, 0, 0, 0, 0, 0, 0, -23.87928009033203, 0.0], [0, 0, 0, 0.07238495349884033, 0, 0, 8, 5, 12, 0, 0, 0, 0, 3, 1, 1, 0, 0, 0, 4, 0, 0.10526315789473684, 0, 0, 0, 0, 0, 0, -1.5134034156799316, 0.013852119445800781], [0, 0, 0, 0.0336168110370636, 0, 0, 8, 9, 16, 0, 0, 0, 0, 7, 1, 1, 0, 0, 0, 8, 0, 0.07894736842105263, 0, 0, 0, 0, 0, 0, 9.399728775024414, 0.0023479461669921875], [0, 0, 0, 0.011413991451263428, 0, 0, 8, 4, 11, 0, 0, 0, 0, 2, 1, 4, 0, 0, 0, 3, 0, 0.5, 0, 0, 0, 0, 0, 0, -8.277349472045898, 0.18423843383789062], [0, 0, 0, 0.010494828224182129, 0, 0, 8, 13, 20, 0, 0, 0, 0, 9, 2, 1, 0, 0, 0, 12, 0, 0.14285714285714285, 0, 0, 0, 0, 0, 0, -0.19957119226455688, 0.01588273048400879], [0, 0, 0, 0.0942750871181488, 0, 0, 8, 3, 10, 0, 0, 0, 0, 1, 1, 3, 0, 0, 0, 2, 0, 0.5, 0, 0, 0, 0, 0, 0, -23.87928009033203, 0.0], [0, 0, 0, 0.06595373153686523, 0, 0, 8, 13, 20, 0, 0, 0, 0, 10, 2, 1, 0, 0, 0, 12, 0, 0.5, 0, 0, 0, 0, 0, 0, 2.8376669883728027, 0.005655765533447266], [0, 0, 0, 0.05697740614414215, 0, 0, 8, 3, 10, 0, 0, 0, 0, 1, 1, 2, 0, 0, 0, 2, 0, 0.14285714285714285, 0, 0, 0, 0, 0, 0, -23.87928009033203, 0.0], [0, 0, 0, 0.11083953082561493, 0, 0, 8, 9, 16, 0, 0, 0, 0, 7, 1, 3, 0, 0, 0, 8, 0, 0.5, 0, 0, 0, 0, 0, 0, 9.399728775024414, 0.0023479461669921875], [0, 0, 0, 0.18203191459178925, 0, 0, 8, 3, 10, 0, 0, 0, 0, 1, 1, 2, 0, 0, 0, 2, 0, 0.25, 0, 0, 0, 0, 0, 0, -23.87928009033203, 0.0], [0, 0, 0, 0.041681528091430664, 0, 0, 8, 3, 10, 0, 0, 0, 0, 1, 1, 3, 0, 0, 0, 2, 0, 0.5, 0, 0, 0, 0, 0, 0, -23.87928009033203, 0.0], [0, 0, 0, 0.013153553009033203, 0, 0, 8, 13, 20, 0, 0, 0, 0, 11, 1, 4, 0, 0, 0, 12, 0, 0.5, 0, 0, 0, 0, 0, 0, 13.201414108276367, 0.0009555816650390625], [0, 0, 0, 0.0653771162033081, 0, 0, 8, 13, 20, 0, 0, 0, 0, 9, 2, 1, 0, 0, 0, 12, 0, 0.5, 0, 0, 0, 0, 0, 0, -0.26985281705856323, 0.005126833915710449], [0, 0, 0, 0.0028012096881866455, 0, 0, 8, 8, 15, 0, 0, 0, 0, 6, 1, 5, 0, 0, 0, 7, 0, 0.6666666666666666, 0, 0, 0, 0, 0, 0, 7.784692287445068, 0.0032062530517578125], [0, 0, 0, 0.029699712991714478, 0, 0, 8, 7, 14, 0, 0, 1, 0, 5, 1, 5, 0, 0, 0, 6, 0, 0.6666666666666666, 0, 0, 0, 0, 0, 0, 5.671837329864502, 0.004688739776611328], [0, 0, 0, 0.02019369602203369, 0, 0, 8, 5, 12, 0, 0, 0, 0, 2, 2, 3, 0, 0, 0, 4, 0, 0.5, 0, 0, 0, 0, 0, 0, -9.271890640258789, 24.35039710998535], [0, 0, 0, 0.1751919984817505, 0, 0, 8, 9, 16, 0, 0, 0, 0, 7, 1, 2, 0, 0, 0, 8, 0, 0.6666666666666666, 0, 0, 0, 0, 0, 0, 3.600588798522949, 0.05603218078613281], [1, 0, 0, 0.030301928520202637, 0, 0, 8, 4, 11, 1, 1, 0, 0, 2, 1, 5, 0, 0, 0, 3, 0, 0.5, 0, 0, 0, 0, 0, 0, -8.277349472045898, 0.18423843383789062], [0, 0, 0, 0.008768618106842041, 0, 0, 8, 8, 15, 0, 0, 0, 0, 5, 2, 3, 0, 0, 0, 7, 0, 0.6666666666666666, 0, 0, 0, 0, 0, 0, -15.61296558380127, 7.746890068054199], [0, 0, 0, 0.024378687143325806, 0, 0, 8, 13, 20, 0, 0, 0, 0, 11, 1, 2, 0, 0, 0, 12, 0, 0.5, 0, 0, 0, 0, 0, 0, 13.142376899719238, 0.0009298324584960938], [0, 0, 0, 0.1703774333000183, 0, 0, 8, 3, 10, 0, 0, 0, 0, 1, 1, 1, 0, 0, 0, 2, 0, 0.15384615384615385, 0, 0, 0, 0, 0, 0, -23.87928009033203, 0.0], [0, 0, 0, 0.06164586544036865, 0, 0, 8, 6, 13, 0, 0, 0, 0, 4, 1, 2, 0, 0, 0, 5, 0, 0.5, 0, 0, 0, 0, 0, 0, -5.4982075691223145, 15.124151229858398], [0, 0, 0, 0.004283785820007324, 0, 0, 8, 3, 10, 0, 0, 0, 0, 1, 1, 6, 0, 0, 0, 2, 0, 0.5, 0, 0, 0, 0, 0, 0, -23.87928009033203, 0.0], [0, 0, 0, 0.009642362594604492, 0, 0, 8, 7, 14, 0, 0, 0, 0, 5, 1, 3, 0, 0, 0, 6, 0, 0.5, 0, 0, 0, 0, 0, 0, 5.660093307495117, 0.004659175872802734], [0, 0, 0, 0.07168936729431152, 0, 0, 8, 10, 17, 0, 0, 1, 0, 4, 4, 5, 0, 0, 0, 9, 0, 0.5, 0, 0, 0, 0, 0, 0, -28.957731246948242, 4.035829544067383], [0, 0, 0, 0.008043944835662842, 0, 0, 8, 13, 20, 0, 0, 0, 0, 10, 2, 2, 0, 0, 0, 12, 0, 0.6666666666666666, 0, 0, 0, 0, 0, 0, 9.795205116271973, 6.5705437660217285], [1, 0, 0, 0.028547585010528564, 0, 0, 8, 4, 11, 1, 0, 0, 0, 2, 1, 4, 0, 0, 0, 3, 0, 0.6666666666666666, 0, 0, 0, 0, 0, 0, -8.277349472045898, 0.18423843383789062], [0, 0, 0, 0.039738237857818604, 0, 0, 8, 7, 14, 0, 0, 0, 0, 5, 1, 1, 0, 0, 0, 6, 0, 0.1, 0, 0, 0, 0, 0, 0, 5.660093307495117, 0.004659175872802734], [0, 0, 0, 0.017344534397125244, 0, 0, 8, 12, 19, 0, 0, 0, 0, 10, 1, 5, 0, 0, 0, 11, 0, 0.5, 0, 0, 0, 0, 0, 0, -15.312640190124512, 0.006335258483886719], [0, 0, 0, 0.05113410949707031, 0, 0, 8, 3, 10, 0, 0, 0, 0, 1, 1, 1, 0, 0, 0, 2, 0, 0.6129032258064516, 0, 0, 0, 0, 0, 0, -23.87928009033203, 0.0], [0, 0, 0, 0.05566242337226868, 0, 0, 8, 5, 12, 0, 0, 0, 0, 3, 1, 1, 0, 0, 0, 4, 0, 0.5, 0, 0, 0, 0, 0, 0, -1.5134034156799316, 0.013852119445800781], [0, 0, 0, 0.06841409206390381, 0, 0, 8, 6, 13, 0, 0, 0, 0, 3, 2, 1, 0, 0, 0, 5, 0, 0.5, 0, 0, 0, 0, 0, 0, -4.187128067016602, 16.43975830078125], [0, 0, 0, 0.04011300206184387, 0, 0, 8, 7, 14, 0, 0, 0, 0, 5, 1, 2, 0, 0, 0, 6, 0, 0.3333333333333333, 0, 0, 0, 0, 0, 0, -12.641542434692383, 0.08904170989990234], [0, 0, 0, 0.010900676250457764, 0, 0, 8, 4, 11, 0, 0, 0, 0, 2, 1, 6, 0, 0, 0, 3, 0, 0.5, 0, 0, 0, 0, 0, 0, -8.277349472045898, 0.18423843383789062], [0, 0, 0, 0.0751994252204895, 0, 0, 8, 3, 10, 0, 0, 0, 0, 1, 1, 3, 0, 0, 0, 2, 0, 0.5, 0, 0, 0, 0, 0, 0, -23.87928009033203, 0.0], [1, 0, 1, 0.048307716846466064, 1, 0, 8, 13, 20, 1, 0, 1, 1, 6, 4, 5, 0, 0, 0, 12, 1, 0.6666666666666666, 0, 0, 0, 0, 0, 0, -10.998109817504883, 1.5484695434570312], [0, 0, 0, 0.014615461230278015, 0, 0, 8, 3, 10, 0, 0, 0, 0, 1, 1, 3, 0, 0, 0, 2, 0, 0.6666666666666666, 0, 0, 0, 0, 0, 0, -23.87928009033203, 0.0], [0, 0, 1, 0.01953333616256714, 0, 0, 8, 4, 11, 0, 0, 1, 1, 2, 1, 2, 0, 0, 0, 3, 0, 0.2, 0, 0, 0, 0, 0, 0, -15.666857719421387, 0.3519124984741211], [0, 0, 0, 0.020915508270263672, 0, 0, 8, 13, 20, 0, 0, 0, 0, 8, 2, 2, 0, 0, 0, 12, 0, 0.6666666666666666, 0, 0, 0, 0, 0, 0, -10.306446075439453, 0.0004062652587890625], [0, 0, 0, 0.14035487174987793, 0, 0, 8, 5, 12, 0, 0, 0, 0, 3, 1, 6, 0, 0, 0, 4, 0, 0.6666666666666666, 0, 0, 0, 0, 0, 0, -1.5134034156799316, 0.013852119445800781], [0, 0, 0, 0.029437094926834106, 0, 0, 8, 5, 12, 0, 0, 0, 0, 3, 1, 3, 0, 0, 0, 4, 0, 0.5, 0, 0, 0, 0, 0, 0, -1.5134034156799316, 0.013852119445800781], [0, 0, 0, 0.09239596128463745, 0, 0, 8, 6, 13, 0, 0, 0, 0, 3, 2, 4, 0, 0, 0, 5, 0, 0.6666666666666666, 0, 0, 0, 0, 0, 0, -20.086759567260742, 16.284875869750977], [0, 0, 0, 0.22714382410049438, 0, 0, 8, 3, 10, 0, 0, 0, 0, 1, 1, 2, 0, 0, 0, 2, 0, 0.5, 0, 0, 0, 0, 0, 0, -23.87928009033203, 0.0], [0, 0, 0, 0.015583515167236328, 0, 0, 8, 13, 20, 0, 0, 1, 0, 10, 2, 1, 0, 0, 0, 12, 0, 0.07692307692307693, 0, 0, 0, 0, 0, 0, 9.782800674438477, 6.575198173522949], [0, 0, 0, 0.05486366152763367, 0, 0, 8, 10, 17, 0, 0, 0, 0, 8, 1, 2, 0, 0, 0, 9, 0, 0.3333333333333333, 0, 0, 0, 0, 0, 0, -11.752466201782227, 0.05997753143310547], [0, 0, 0, 0.04915854334831238, 0, 0, 8, 5, 12, 0, 0, 0, 0, 3, 1, 2, 0, 0, 0, 4, 0, 0.3333333333333333, 0, 0, 0, 0, 0, 0, 8.099533081054688, 19.918052673339844], [0, 0, 0, 0.024229496717453003, 0, 0, 8, 4, 11, 0, 0, 0, 0, 2, 1, 3, 0, 0, 0, 3, 0, 0.5, 0, 0, 0, 0, 0, 0, -8.277349472045898, 0.18423843383789062], [0, 0, 0, 0.024613559246063232, 0, 0, 8, 4, 11, 0, 0, 0, 0, 2, 1, 3, 0, 0, 0, 3, 0, 0.5, 0, 0, 0, 0, 0, 0, -8.277349472045898, 0.18423843383789062], [0, 0, 0, 0.08717405796051025, 0, 0, 8, 3, 10, 0, 0, 0, 0, 1, 1, 2, 0, 0, 0, 2, 0, 0.5, 0, 0, 0, 0, 0, 0, -23.87928009033203, 0.0], [0, 0, 0, 0.01941707730293274, 0, 0, 8, 13, 20, 0, 0, 0, 0, 11, 1, 1, 0, 0, 0, 12, 0, 0.024539877300613498, 0, 0, 0, 0, 0, 0, 13.128188133239746, 0.0009326934814453125], [1, 0, 1, 0.006765246391296387, 1, 0, 8, 12, 19, 1, 0, 1, 1, 2, 9, 7, 0, 0, 0, 11, 1, 0.6666666666666666, 0, 0, 0, 0, 0, 0, -24.125768661499023, 21.4036808013916], [0, 0, 0, 0.03130313754081726, 0, 0, 8, 5, 12, 0, 0, 0, 0, 3, 1, 3, 0, 0, 0, 4, 0, 0.5, 0, 0, 0, 0, 0, 0, -1.5134034156799316, 0.013852119445800781], [0, 0, 0, 0.014506131410598755, 0, 0, 8, 13, 20, 0, 0, 0, 0, 11, 1, 1, 0, 0, 0, 12, 0, 0.14285714285714285, 0, 0, 0, 0, 0, 0, 13.211835861206055, 0.0009555816650390625], [0, 0, 0, 0.07114210724830627, 0, 0, 8, 3, 10, 0, 0, 0, 0, 1, 1, 2, 0, 0, 0, 2, 0, 0.25, 0, 0, 0, 0, 0, 0, -23.87928009033203, 0.0], [0, 0, 0, 0.024665802717208862, 0, 0, 8, 8, 15, 0, 0, 0, 0, 6, 1, 4, 0, 0, 0, 7, 0, 0.6666666666666666, 0, 0, 0, 0, 0, 0, 7.784692287445068, 0.0032062530517578125], [0, 0, 0, 0.057312339544296265, 0, 0, 8, 6, 13, 0, 0, 0, 0, 4, 1, 4, 0, 0, 0, 5, 0, 0.5, 0, 0, 0, 0, 0, 0, -14.489059448242188, 0.11641311645507812], [0, 0, 0, 0.042559683322906494, 0, 0, 8, 13, 20, 0, 0, 0, 0, 10, 2, 4, 0, 0, 0, 12, 0, 0.6666666666666666, 0, 0, 0, 0, 0, 0, 9.783687591552734, 6.560096263885498], [0, 0, 0, 0.061388373374938965, 0, 0, 8, 7, 14, 0, 0, 0, 0, 3, 2, 4, 0, 0, 0, 6, 0, 0.3333333333333333, 0, 0, 0, 0, 0, 0, -19.979202270507812, 0.015073776245117188], [0, 0, 0, 0.03568264842033386, 0, 0, 8, 4, 11, 0, 0, 0, 0, 2, 1, 3, 0, 0, 0, 3, 0, 0.5, 0, 0, 0, 0, 0, 0, -8.277349472045898, 0.18423843383789062], [0, 0, 0, 0.010019153356552124, 0, 0, 8, 3, 10, 0, 0, 0, 0, 1, 1, 3, 0, 0, 0, 2, 0, 0.5, 0, 0, 0, 0, 0, 0, -23.87928009033203, 0.0], [0, 0, 0, 0.04608997702598572, 0, 0, 8, 13, 20, 0, 0, 0, 0, 11, 1, 1, 0, 0, 0, 12, 0, 0.041666666666666664, 0, 0, 0, 0, 0, 0, 13.123127937316895, 0.0009279251098632812], [0, 0, 0, 0.07385948300361633, 0, 0, 8, 4, 11, 0, 0, 0, 0, 2, 1, 2, 0, 0, 0, 3, 0, 0.3333333333333333, 0, 0, 0, 0, 0, 0, -8.277349472045898, 0.18423843383789062], [0, 0, 0, 6.476044654846191e-05, 0, 0, 8, 3, 10, 0, 0, 0, 0, 1, 1, 3, 0, 0, 0, 2, 0, 0.5, 0, 0, 0, 0, 0, 0, -23.87928009033203, 0.0], [0, 0, 0, 0.016479969024658203, 0, 0, 8, 13, 20, 0, 0, 0, 0, 11, 1, 1, 0, 0, 0, 12, 0, 0.15384615384615385, 0, 0, 0, 0, 0, 0, 13.186655044555664, 0.0009517669677734375], [1, 0, 1, 0.012417078018188477, 0, 1, 8, 3, 10, 1, 0, 0, 0, 1, 1, 5, 0, 0, 0, 2, 0, 0.6666666666666666, 0, 0, 1, 0, 0, 0, -9.105430603027344, 26.823898315429688], [0, 0, 0, 0.21355628967285156, 0, 0, 8, 4, 11, 0, 0, 0, 0, 1, 2, 3, 0, 0, 0, 3, 0, 0.6, 0, 0, 0, 0, 0, 0, -29.621549606323242, 0.0], [0, 0, 0, 0.052359819412231445, 0, 0, 8, 7, 14, 0, 0, 0, 0, 4, 2, 3, 0, 0, 0, 6, 0, 0.5, 0, 0, 0, 0, 0, 0, -0.36262232065200806, 13.53382396697998], [0, 0, 0, 0.01299196481704712, 0, 0, 8, 5, 12, 0, 0, 0, 0, 3, 1, 1, 0, 0, 0, 4, 0, 0.2222222222222222, 0, 0, 0, 0, 0, 0, -1.5134034156799316, 0.013852119445800781], [0, 0, 0, 0.06965529918670654, 0, 0, 8, 6, 13, 0, 0, 0, 0, 3, 2, 5, 0, 0, 0, 5, 0, 0.75, 0, 0, 0, 0, 0, 0, -19.94406509399414, 14.686347961425781], [0, 0, 0, 0.06458109617233276, 0, 0, 8, 13, 20, 0, 0, 0, 0, 11, 1, 5, 0, 0, 0, 12, 0, 0.6666666666666666, 0, 0, 0, 0, 0, 0, 13.167612075805664, 0.0009403228759765625], [0, 0, 0, 0.02272459864616394, 0, 0, 8, 13, 20, 0, 0, 0, 0, 11, 1, 4, 0, 0, 0, 12, 0, 0.5, 0, 0, 0, 0, 0, 0, 13.201414108276367, 0.0009555816650390625], [0, 0, 0, 0.008007675409317017, 0, 0, 8, 13, 20, 0, 0, 0, 0, 11, 1, 2, 0, 0, 0, 12, 0, 0.3333333333333333, 0, 0, 0, 0, 0, 0, 13.139335632324219, 0.0009317398071289062], [1, 0, 1, 0.015928566455841064, 0, 0, 8, 13, 20, 1, 0, 1, 0, 9, 2, 1, 0, 0, 0, 12, 1, 0.5, 0, 0, 0, 0, 0, 0, -0.21356898546218872, 0.005354166030883789], [0, 0, 0, 0.11687004566192627, 0, 0, 8, 13, 20, 0, 0, 0, 0, 11, 1, 2, 0, 0, 0, 12, 0, 0.3333333333333333, 0, 0, 0, 0, 0, 0, 13.23824691772461, 0.0009679794311523438], [0, 0, 0, 0.013014107942581177, 0, 0, 8, 13, 20, 0, 0, 0, 0, 10, 2, 1, 0, 0, 0, 12, 0, 0.09523809523809523, 0, 0, 0, 0, 0, 0, 9.601460456848145, 6.568097114562988], [0, 0, 0, 0.15126538276672363, 0, 0, 8, 3, 10, 0, 0, 0, 0, 1, 1, 5, 0, 0, 0, 2, 0, 0.75, 0, 0, 0, 0, 0, 0, -23.87928009033203, 0.0], [0, 0, 0, 0.02928471565246582, 0, 0, 8, 13, 20, 0, 0, 0, 0, 11, 1, 2, 0, 0, 0, 12, 0, 0.6666666666666666, 0, 0, 0, 0, 0, 0, 13.208202362060547, 0.0009593963623046875], [0, 0, 0, 0.1857944130897522, 0, 0, 8, 6, 13, 0, 0, 0, 0, 4, 1, 4, 0, 0, 0, 5, 0, 0.6, 0, 0, 0, 0, 0, 0, -14.489059448242188, 0.11641311645507812], [0, 0, 0, 0.00443035364151001, 0, 0, 8, 13, 20, 0, 0, 0, 0, 11, 1, 2, 0, 0, 0, 12, 0, 0.5, 0, 0, 0, 0, 0, 0, 13.114957809448242, 0.000926971435546875], [0, 0, 0, 0.010641813278198242, 0, 0, 8, 3, 10, 0, 0, 0, 0, 1, 1, 5, 0, 0, 0, 2, 0, 0.5, 0, 0, 0, 0, 0, 0, -23.87928009033203, 0.0], [0, 0, 0, 0.2751910984516144, 0, 0, 8, 6, 13, 0, 0, 0, 0, 4, 1, 2, 0, 0, 0, 5, 0, 0.5, 0, 0, 0, 0, 0, 0, -14.625245094299316, 0.14033794403076172], [0, 0, 0, 0.054798245429992676, 0, 0, 8, 9, 16, 0, 0, 0, 0, 7, 1, 1, 0, 0, 0, 8, 0, 0.5, 0, 0, 0, 0, 0, 0, 9.399728775024414, 0.0023479461669921875], [0, 0, 0, 0.11546969413757324, 0, 0, 8, 9, 16, 0, 0, 0, 0, 6, 2, 3, 0, 0, 0, 8, 0, 0.5, 0, 0, 0, 0, 0, 0, 4.557624816894531, 9.99389934539795], [0, 0, 0, 0.011470586061477661, 0, 0, 8, 4, 11, 0, 0, 0, 0, 2, 1, 5, 0, 0, 0, 3, 0, 0.5, 0, 0, 0, 0, 0, 0, -8.277349472045898, 0.18423843383789062], [0, 0, 0, 0.15373411774635315, 0, 0, 8, 3, 10, 0, 0, 0, 0, 1, 1, 1, 0, 0, 0, 2, 0, 0.25, 0, 0, 0, 0, 0, 0, -23.87928009033203, 0.0], [0, 0, 0, 0.004151046276092529, 0, 0, 8, 8, 15, 0, 0, 0, 0, 6, 1, 2, 0, 0, 0, 7, 0, 0.25, 0, 0, 0, 0, 0, 0, 7.784692287445068, 0.0032062530517578125], [0, 0, 0, 0.0027855634689331055, 0, 0, 8, 8, 15, 0, 0, 0, 0, 6, 1, 2, 0, 0, 0, 7, 0, 0.5, 0, 0, 0, 0, 0, 0, -10.66734790802002, 0.01620197296142578], [0, 0, 0, 0.0010807067155838013, 0, 0, 8, 3, 10, 0, 0, 0, 0, 1, 1, 3, 0, 0, 0, 2, 0, 0.5, 0, 0, 0, 0, 0, 0, -23.87928009033203, 0.0], [0, 0, 0, 0.06990951299667358, 0, 0, 8, 4, 11, 0, 0, 1, 0, 2, 1, 4, 0, 0, 0, 3, 0, 0.5, 0, 0, 0, 0, 0, 0, -8.249354362487793, 0.18474102020263672], [0, 0, 0, 0.14213469624519348, 0, 0, 8, 4, 11, 0, 0, 0, 0, 2, 1, 2, 0, 0, 0, 3, 0, 0.25, 0, 0, 0, 0, 0, 0, -8.277349472045898, 0.18423843383789062], [0, 0, 0, 0.012503981590270996, 0, 0, 8, 13, 20, 0, 0, 0, 0, 11, 1, 2, 0, 0, 0, 12, 0, 0.5, 0, 0, 0, 0, 0, 0, 7.087282180786133, 0.021616458892822266], [0, 0, 0, 0.0531328022480011, 0, 0, 8, 10, 17, 0, 0, 0, 0, 8, 1, 3, 0, 0, 0, 9, 0, 0.5, 0, 0, 0, 0, 0, 0, -11.752466201782227, 0.05997753143310547], [0, 0, 0, 0.01478952169418335, 0, 0, 8, 13, 20, 0, 0, 0, 0, 11, 1, 1, 0, 0, 0, 12, 0, 0.09523809523809523, 0, 0, 0, 0, 0, 0, 13.063285827636719, 0.0009059906005859375], [0, 0, 0, 0.25134044885635376, 0, 0, 8, 3, 10, 0, 0, 0, 0, 1, 1, 2, 0, 0, 0, 2, 0, 0.5, 0, 0, 0, 0, 0, 0, -23.87928009033203, 0.0], [0, 0, 0, 0.008811652660369873, 0, 0, 8, 5, 12, 0, 0, 0, 0, 3, 1, 2, 0, 0, 0, 4, 0, 0.375, 0, 0, 0, 0, 0, 0, -1.5134034156799316, 0.013852119445800781], [1, 0, 0, 0.1286327838897705, 0, 0, 8, 4, 11, 1, 0, 0, 0, 2, 1, 5, 0, 0, 0, 3, 0, 0.6666666666666666, 0, 0, 0, 0, 0, 0, -8.277349472045898, 0.18423843383789062], [1, 0, 0, 0.027427256107330322, 0, 0, 8, 3, 10, 1, 0, 0, 0, 1, 1, 6, 0, 0, 0, 2, 0, 0.75, 0, 0, 0, 0, 0, 0, -23.87928009033203, 0.0], [0, 0, 0, 0.0027067065238952637, 0, 0, 8, 13, 20, 0, 0, 0, 0, 11, 1, 2, 0, 0, 0, 12, 0, 0.25, 0, 0, 0, 0, 0, 0, 13.192227363586426, 0.0009508132934570312], [0, 0, 0, 0.019756019115447998, 0, 0, 8, 13, 20, 0, 1, 0, 0, 11, 1, 1, 0, 0, 0, 12, 0, 0.16666666666666666, 0, 0, 0, 0, 0, 0, 13.114957809448242, 0.000926971435546875], [0, 0, 0, 0.050807178020477295, 0, 0, 8, 13, 20, 0, 0, 0, 0, 11, 1, 2, 0, 0, 0, 12, 0, 0.5, 0, 0, 0, 0, 0, 0, 13.142376899719238, 0.0009298324584960938], [0, 0, 0, 0.015886664390563965, 0, 0, 8, 13, 20, 0, 0, 0, 0, 11, 1, 2, 0, 0, 0, 12, 0, 0.5, 0, 0, 0, 0, 0, 0, 13.114957809448242, 0.000926971435546875], [0, 0, 0, 0.04362580180168152, 0, 0, 8, 13, 20, 0, 0, 0, 0, 11, 1, 1, 0, 0, 0, 12, 0, 0.024539877300613498, 0, 0, 0, 0, 0, 0, 13.128188133239746, 0.0009326934814453125], [0, 0, 0, 0.002010345458984375, 0, 0, 8, 4, 11, 0, 0, 0, 0, 2, 1, 2, 0, 0, 0, 3, 0, 0.5, 0, 0, 0, 0, 0, 0, -8.277349472045898, 0.18423843383789062], [0, 0, 0, 0.06496196985244751, 0, 0, 8, 4, 11, 0, 0, 0, 0, 2, 1, 4, 0, 0, 0, 3, 0, 0.6666666666666666, 0, 0, 0, 0, 0, 0, -8.277349472045898, 0.18423843383789062], [0, 0, 0, 0.09344196319580078, 0, 0, 8, 6, 13, 0, 0, 0, 0, 4, 1, 3, 0, 0, 0, 5, 0, 0.5, 0, 0, 0, 0, 0, 0, -14.489059448242188, 0.11641311645507812], [0, 0, 0, 0.11048969626426697, 0, 0, 8, 8, 15, 0, 0, 0, 0, 6, 1, 3, 0, 0, 0, 7, 0, 0.5, 0, 0, 0, 0, 0, 0, -3.5783133506774902, 14.855695724487305], [0, 0, 0, 0.056179046630859375, 0, 0, 8, 13, 20, 0, 0, 0, 0, 11, 1, 1, 0, 0, 0, 12, 0, 0.041666666666666664, 0, 0, 0, 0, 0, 0, 13.123127937316895, 0.0009279251098632812], [1, 0, 0, 0.0033944249153137207, 1, 0, 8, 13, 20, 1, 0, 1, 0, 11, 1, 5, 0, 0, 0, 12, 0, 0.6666666666666666, 0, 0, 0, 0, 0, 0, 13.167612075805664, 0.0009403228759765625], [0, 0, 0, 0.0034740865230560303, 0, 0, 8, 11, 18, 0, 0, 0, 0, 9, 1, 3, 0, 0, 0, 10, 0, 0.6666666666666666, 0, 0, 0, 0, 0, 0, -6.881231307983398, 0.04505491256713867], [0, 0, 0, 0.022075623273849487, 0, 0, 8, 11, 18, 0, 0, 0, 0, 7, 2, 4, 0, 0, 0, 10, 0, 0.5, 0, 0, 0, 0, 0, 0, -25.885236740112305, 0.02655029296875], [0, 0, 0, 0.03364449739456177, 0, 0, 8, 3, 10, 0, 0, 0, 0, 1, 1, 1, 0, 0, 0, 2, 0, 0.3333333333333333, 0, 0, 0, 0, 0, 0, -23.87928009033203, 0.0], [0, 0, 0, 0.17312157154083252, 0, 0, 8, 4, 11, 0, 0, 0, 0, 2, 1, 3, 0, 0, 0, 3, 0, 0.5, 0, 0, 0, 0, 0, 0, -8.277349472045898, 0.18423843383789062], [0, 0, 0, 0.0, 0, 0, 7, 5, 11, 0, 0, 0, 0, 3, 1, 5, 0, 0, 0, 4, 0, 0.6, 0, 0, 0, 0, 0, 0, -1.5134034156799316, 0.013852119445800781], [1, 0, 0, 0.060066014528274536, 1, 0, 8, 6, 13, 1, 0, 1, 0, 4, 1, 2, 0, 0, 0, 5, 0, 0.375, 0, 0, 0, 0, 0, 0, 2.756108283996582, 0.007489204406738281], [1, 0, 0, 0.004803389310836792, 0, 0, 8, 13, 20, 1, 0, 1, 0, 11, 1, 2, 0, 0, 0, 12, 1, 0.3333333333333333, 0, 0, 0, 0, 0, 0, 13.139335632324219, 0.0009317398071289062], [0, 0, 0, 0.024440139532089233, 0, 0, 8, 11, 18, 0, 0, 0, 0, 9, 1, 4, 0, 0, 0, 10, 0, 0.5, 0, 0, 0, 0, 0, 0, -11.03308391571045, 0.010437965393066406], [0, 0, 0, 0.004185467958450317, 0, 0, 8, 9, 16, 0, 0, 0, 0, 6, 2, 4, 0, 0, 0, 8, 0, 0.6666666666666666, 0, 0, 0, 0, 0, 0, 4.562582492828369, 9.998767852783203], [0, 0, 0, 0.027226656675338745, 0, 0, 8, 13, 20, 0, 0, 0, 0, 10, 2, 1, 0, 0, 0, 12, 0, 0.10714285714285714, 0, 0, 0, 0, 0, 0, 9.763266563415527, 6.568731307983398], [0, 0, 0, 0.030815929174423218, 0, 0, 8, 5, 12, 0, 0, 0, 0, 3, 1, 4, 0, 0, 0, 4, 0, 0.5, 0, 0, 0, 0, 0, 0, -1.5134034156799316, 0.013852119445800781], [0, 0, 0, 0.04194730520248413, 0, 0, 8, 7, 14, 0, 0, 0, 0, 3, 2, 3, 0, 0, 0, 6, 0, 0.3333333333333333, 0, 0, 0, 0, 0, 0, -19.930221557617188, 0.025419235229492188], [0, 0, 0, 0.03441205620765686, 0, 0, 8, 13, 20, 0, 0, 0, 0, 11, 1, 1, 0, 0, 0, 12, 0, 0.030303030303030304, 0, 0, 0, 0, 0, 0, 13.176566123962402, 0.0009489059448242188], [0, 0, 0, 0.0007821917533874512, 0, 0, 8, 13, 20, 0, 0, 0, 0, 11, 1, 1, 0, 0, 0, 12, 0, 0.5, 0, 0, 0, 0, 0, 0, 13.223896980285645, 0.0009613037109375], [0, 0, 0, 0.0025899410247802734, 0, 0, 8, 13, 20, 0, 0, 0, 0, 10, 2, 1, 0, 0, 0, 12, 0, 0.5, 0, 0, 0, 0, 0, 0, 3.28515625, 5.7450761795043945], [0, 0, 0, 0.22563374042510986, 0, 0, 8, 13, 20, 0, 0, 0, 0, 8, 3, 1, 0, 0, 0, 12, 0, 0.5, 0, 0, 0, 0, 0, 0, -3.3395614624023438, 1.544238567352295], [0, 0, 0, 0.07902464270591736, 0, 0, 8, 3, 10, 0, 0, 0, 0, 1, 1, 2, 0, 0, 0, 2, 0, 0.5, 0, 0, 0, 0, 0, 0, -23.87928009033203, 0.0], [0, 0, 0, 0.06187957525253296, 0, 0, 8, 9, 16, 0, 0, 0, 0, 7, 1, 4, 0, 0, 0, 8, 0, 0.5, 0, 0, 0, 0, 0, 0, 9.399728775024414, 0.0023479461669921875], [0, 0, 0, 0.029614418745040894, 0, 0, 8, 13, 20, 0, 0, 0, 0, 11, 1, 2, 0, 0, 0, 12, 0, 0.5, 0, 0, 0, 0, 0, 0, 13.142376899719238, 0.0009298324584960938], [0, 0, 0, 0.06117847561836243, 0, 0, 8, 5, 12, 0, 0, 0, 0, 3, 1, 5, 0, 0, 0, 4, 0, 0.6666666666666666, 0, 0, 0, 0, 0, 0, -1.5134034156799316, 0.013852119445800781], [0, 0, 0, 0.38453102111816406, 0, 0, 8, 3, 10, 0, 0, 0, 0, 1, 1, 3, 0, 0, 0, 2, 0, 0.6666666666666666, 0, 0, 0, 0, 0, 0, -23.87928009033203, 0.0], [0, 0, 0, 0.00519639253616333, 0, 0, 8, 6, 13, 0, 0, 0, 0, 4, 1, 3, 0, 0, 0, 5, 0, 0.5, 0, 0, 0, 0, 0, 0, 2.7414965629577637, 0.007439374923706055], [0, 0, 0, 0.01965153217315674, 0, 0, 8, 4, 11, 0, 0, 0, 0, 2, 1, 6, 0, 0, 0, 3, 0, 0.75, 0, 0, 0, 0, 0, 0, -8.277349472045898, 0.18423843383789062], [1, 0, 0, 0.12190401554107666, 0, 0, 8, 5, 12, 1, 0, 0, 0, 3, 1, 6, 0, 0, 0, 4, 0, 0.6666666666666666, 0, 0, 0, 0, 0, 0, -1.5134034156799316, 0.013852119445800781], [1, 0, 0, 0.012176692485809326, 0, 0, 8, 8, 15, 1, 0, 0, 0, 6, 1, 2, 0, 0, 0, 7, 0, 0.4, 0, 0, 0, 0, 0, 0, -13.929616928100586, 0.001560211181640625], [0, 0, 0, 0.05923086404800415, 0, 0, 8, 3, 10, 0, 0, 0, 0, 1, 1, 3, 0, 0, 0, 2, 0, 0.6666666666666666, 0, 0, 0, 0, 0, 0, -23.87928009033203, 0.0], [1, 0, 0, 0.005835294723510742, 0, 0, 8, 3, 10, 1, 0, 0, 0, 1, 1, 5, 0, 0, 0, 2, 0, 0.6666666666666666, 0, 0, 0, 0, 0, 0, -23.87928009033203, 0.0], [0, 0, 0, 0.015109032392501831, 0, 0, 8, 13, 20, 0, 0, 0, 0, 10, 2, 1, 0, 0, 0, 12, 0, 0.09523809523809523, 0, 0, 0, 0, 0, 0, 9.609123229980469, 6.586526393890381], [0, 0, 0, 0.03298261761665344, 0, 0, 8, 10, 17, 0, 0, 0, 0, 7, 2, 3, 0, 0, 0, 9, 0, 0.5, 0, 0, 0, 0, 0, 0, 3.5851831436157227, 6.2265753746032715], [0, 0, 0, 0.1470116376876831, 0, 0, 8, 4, 11, 0, 0, 0, 0, 2, 1, 3, 0, 0, 0, 3, 0, 0.5, 0, 0, 0, 0, 0, 0, -8.277349472045898, 0.18423843383789062], [0, 0, 0, 0.035381853580474854, 0, 0, 8, 13, 20, 0, 0, 0, 0, 11, 1, 1, 0, 0, 0, 12, 0, 0.024539877300613498, 0, 0, 0, 0, 0, 0, 13.128188133239746, 0.0009326934814453125], [1, 0, 1, 0.2643439769744873, 1, 0, 8, 5, 12, 1, 0, 1, 1, 2, 2, 4, 0, 0, 0, 4, 1, 0.5, 0, 0, 0, 0, 0, 0, 1.4421846866607666, 39.04441833496094], [0, 0, 0, 0.06079891324043274, 0, 0, 8, 4, 11, 0, 0, 0, 0, 2, 1, 3, 0, 0, 0, 3, 0, 0.6666666666666666, 0, 0, 0, 0, 0, 0, -8.277349472045898, 0.18423843383789062], [0, 0, 0, 0.03304299712181091, 0, 0, 8, 9, 16, 0, 0, 0, 0, 7, 1, 1, 0, 0, 0, 8, 0, 0.15384615384615385, 0, 0, 0, 0, 0, 0, 9.399728775024414, 0.0023479461669921875], [0, 0, 0, 0.25429677963256836, 0, 0, 8, 3, 10, 0, 1, 0, 0, 1, 1, 3, 0, 0, 0, 2, 0, 0.5, 0, 0, 0, 0, 0, 0, -23.87928009033203, 0.0], [0, 0, 0, 0.07265961170196533, 0, 0, 8, 4, 11, 0, 0, 0, 0, 2, 1, 7, 0, 0, 0, 3, 0, 0.9090909090909091, 0, 0, 0, 0, 0, 0, -8.277349472045898, 0.18423843383789062], [0, 0, 0, 0.033968567848205566, 0, 0, 8, 3, 10, 0, 0, 0, 0, 1, 1, 3, 0, 0, 0, 2, 0, 0.5, 0, 0, 0, 0, 0, 0, -23.87928009033203, 0.0], [0, 0, 0, 0.03706344962120056, 0, 0, 8, 9, 16, 0, 0, 0, 0, 7, 1, 1, 0, 0, 0, 8, 0, 0.125, 0, 0, 0, 0, 0, 0, 9.399728775024414, 0.0023479461669921875], [0, 0, 0, 0.03083139657974243, 0, 0, 8, 13, 20, 0, 0, 0, 0, 10, 2, 1, 0, 0, 0, 12, 0, 0.2222222222222222, 0, 0, 0, 0, 0, 0, 9.805578231811523, 6.572166919708252], [0, 0, 0, 0.0988653302192688, 0, 0, 8, 3, 10, 0, 0, 0, 0, 1, 1, 2, 0, 0, 0, 2, 0, 0.2222222222222222, 0, 0, 0, 0, 0, 0, -23.87928009033203, 0.0], [1, 0, 0, 0.2293328046798706, 1, 0, 8, 9, 16, 1, 0, 1, 0, 7, 1, 1, 0, 0, 0, 8, 1, 0.6129032258064516, 0, 0, 0, 0, 0, 0, 9.408177375793457, 0.00235748291015625], [0, 0, 0, 0.11421903967857361, 0, 0, 8, 3, 10, 0, 0, 0, 0, 1, 1, 2, 0, 0, 0, 2, 0, 0.25, 0, 0, 0, 0, 0, 0, -23.87928009033203, 0.0], [0, 0, 0, 0.059083908796310425, 0, 0, 8, 5, 12, 0, 0, 0, 0, 3, 1, 4, 0, 0, 0, 4, 0, 0.5, 0, 0, 0, 0, 0, 0, -1.5134034156799316, 0.013852119445800781], [0, 0, 0, 0.03537660837173462, 0, 0, 8, 13, 20, 0, 0, 0, 0, 11, 1, 2, 0, 0, 0, 12, 0, 0.5, 0, 0, 0, 0, 0, 0, 13.142376899719238, 0.0009298324584960938], [1, 0, 0, 0.026415064930915833, 1, 0, 8, 6, 13, 1, 0, 0, 0, 3, 2, 3, 0, 0, 0, 5, 1, 0.6666666666666666, 0, 0, 0, 0, 0, 0, -19.885513305664062, 14.810958862304688], [0, 0, 0, 0.00543917715549469, 0, 0, 8, 4, 11, 0, 0, 0, 0, 2, 1, 4, 0, 0, 0, 3, 0, 0.5, 0, 0, 0, 0, 0, 0, -8.277349472045898, 0.18423843383789062], [1, 0, 0, 0.03991502523422241, 0, 0, 8, 7, 14, 1, 0, 0, 0, 5, 1, 2, 0, 0, 0, 6, 0, 0.5, 0, 0, 0, 0, 0, 0, -12.852087020874023, 0.020730018615722656], [0, 0, 0, 0.016840726137161255, 0, 0, 8, 13, 20, 0, 0, 0, 0, 11, 1, 1, 0, 0, 0, 12, 0, 0.09523809523809523, 0, 0, 0, 0, 0, 0, 13.063285827636719, 0.0009059906005859375], [0, 0, 0, 0.0042708516120910645, 0, 0, 8, 12, 19, 0, 0, 0, 0, 10, 1, 4, 0, 0, 0, 11, 0, 0.5, 0, 0, 0, 0, 0, 0, 12.533231735229492, 0.0011625289916992188], [0, 0, 0, 0.0055023133754730225, 0, 0, 8, 13, 20, 0, 0, 0, 0, 11, 1, 1, 0, 0, 0, 12, 0, 0.5, 0, 0, 0, 0, 0, 0, 13.223896980285645, 0.0009613037109375], [0, 0, 0, 0.029394954442977905, 0, 0, 8, 3, 10, 0, 0, 0, 0, 1, 1, 3, 0, 0, 0, 2, 0, 0.5, 0, 0, 0, 0, 0, 0, -23.87928009033203, 0.0], [0, 0, 0, 0.15138965845108032, 0, 0, 8, 13, 20, 0, 0, 0, 0, 7, 3, 4, 0, 0, 0, 12, 0, 0.5, 0, 0, 0, 0, 0, 0, -9.857376098632812, 0.1400012969970703], [0, 0, 0, 0.059972524642944336, 0, 0, 8, 3, 10, 0, 0, 0, 0, 1, 1, 4, 0, 0, 0, 2, 0, 0.5, 0, 0, 0, 0, 0, 0, -23.87928009033203, 0.0], [1, 0, 0, 0.10581517219543457, 0, 0, 8, 3, 10, 1, 0, 0, 0, 1, 1, 5, 0, 0, 0, 2, 1, 0.6666666666666666, 0, 0, 0, 0, 0, 0, -23.87928009033203, 0.0], [0, 0, 0, 0.01016196608543396, 0, 0, 8, 13, 20, 0, 0, 0, 0, 11, 1, 1, 0, 0, 0, 12, 0, 0.024539877300613498, 0, 0, 0, 0, 0, 0, 13.192227363586426, 0.0009508132934570312], [0, 0, 0, 0.03242957592010498, 0, 0, 8, 13, 20, 0, 0, 0, 0, 11, 1, 1, 0, 0, 0, 12, 0, 0.3333333333333333, 0, 0, 0, 0, 0, 0, 13.178967475891113, 0.000946044921875], [0, 0, 0, 0.010525554418563843, 0, 0, 8, 3, 10, 0, 0, 0, 0, 1, 1, 3, 0, 0, 0, 2, 0, 0.6666666666666666, 0, 0, 0, 0, 0, 0, -23.87928009033203, 0.0], [0, 0, 0, 0.1438814401626587, 0, 0, 8, 4, 11, 0, 1, 0, 0, 2, 1, 4, 0, 0, 0, 3, 0, 0.5, 0, 0, 0, 0, 0, 0, -8.277349472045898, 0.18423843383789062], [0, 0, 0, 0.02718368172645569, 0, 0, 8, 5, 12, 0, 0, 0, 0, 3, 1, 3, 0, 0, 0, 4, 0, 0.6, 0, 0, 0, 0, 0, 0, -1.5134034156799316, 0.013852119445800781], [0, 0, 1, 0.013450518250465393, 0, 0, 8, 6, 13, 0, 0, 1, 1, 3, 2, 1, 0, 0, 0, 5, 0, 0.15384615384615385, 0, 0, 0, 0, 0, 0, -19.686338424682617, 15.09025764465332], [0, 0, 0, 0.008500456809997559, 0, 0, 8, 13, 20, 0, 0, 0, 0, 11, 1, 2, 0, 0, 0, 12, 0, 0.3333333333333333, 0, 0, 0, 0, 0, 0, 13.139335632324219, 0.0009317398071289062], [0, 0, 0, 0.00215226411819458, 0, 0, 8, 6, 13, 0, 0, 0, 0, 4, 1, 1, 0, 0, 0, 5, 0, 0.5, 0, 0, 0, 0, 0, 0, -14.489059448242188, 0.11641311645507812], [0, 0, 0, 0.023836731910705566, 0, 0, 8, 13, 20, 0, 0, 0, 0, 11, 1, 3, 0, 0, 0, 12, 0, 0.5, 0, 0, 0, 0, 0, 0, 13.211835861206055, 0.0009555816650390625], [0, 0, 0, 2.841651439666748e-05, 0, 0, 8, 3, 10, 0, 0, 0, 0, 1, 1, 1, 0, 0, 0, 2, 0, 0.6, 0, 0, 0, 0, 0, 0, -23.87928009033203, 0.0], [0, 0, 0, 0.09402215480804443, 0, 0, 8, 3, 10, 0, 0, 0, 0, 1, 1, 3, 0, 0, 0, 2, 0, 0.5, 0, 0, 0, 0, 0, 0, -23.87928009033203, 0.0], [1, 0, 1, 0.057056963443756104, 1, 0, 7, 4, 10, 1, 0, 1, 1, 2, 1, 5, 0, 0, 0, 3, 1, 0.8888888888888888, 0, 0, 0, 0, 0, 0, 5.5323567390441895, 26.863191604614258], [0, 0, 0, 0.09951162338256836, 0, 0, 8, 3, 10, 0, 0, 0, 0, 1, 1, 1, 0, 0, 0, 2, 0, 0.15384615384615385, 0, 0, 0, 0, 0, 0, -23.87928009033203, 0.0], [0, 0, 0, 0.04750669002532959, 0, 0, 8, 3, 10, 0, 0, 0, 0, 1, 1, 3, 0, 0, 0, 2, 0, 0.5, 0, 0, 0, 0, 0, 0, -23.87928009033203, 0.0], [0, 0, 0, 0.049179404973983765, 0, 0, 8, 8, 15, 0, 0, 0, 0, 6, 1, 2, 0, 0, 0, 7, 0, 0.2, 0, 0, 0, 0, 0, 0, 7.784692287445068, 0.0032062530517578125], [0, 0, 0, 0.049919068813323975, 0, 0, 8, 13, 20, 0, 0, 0, 0, 11, 1, 1, 0, 0, 0, 12, 0, 0.14285714285714285, 0, 0, 0, 0, 0, 0, 13.208202362060547, 0.0009593963623046875], [0, 0, 0, 0.18723022937774658, 0, 0, 8, 3, 10, 0, 0, 0, 0, 1, 1, 2, 0, 0, 0, 2, 0, 0.25, 0, 0, 0, 0, 0, 0, -23.87928009033203, 0.0], [0, 0, 0, 0.019631564617156982, 0, 0, 8, 4, 11, 0, 0, 0, 0, 2, 1, 3, 0, 0, 0, 3, 0, 0.3333333333333333, 0, 0, 0, 0, 0, 0, -8.277349472045898, 0.18423843383789062], [1, 0, 1, 0.0052724480628967285, 0, 1, 8, 3, 10, 1, 0, 0, 0, 1, 1, 6, 0, 0, 0, 2, 1, 0.6666666666666666, 0, 0, 1, 0, 0, 0, -8.434097290039062, 26.784992218017578], [0, 0, 0, 0.12922120094299316, 0, 0, 8, 3, 10, 0, 0, 0, 0, 1, 1, 3, 0, 0, 0, 2, 0, 0.3333333333333333, 0, 0, 0, 0, 0, 0, -23.87928009033203, 0.0], [0, 0, 0, 0.09296238422393799, 0, 0, 8, 3, 10, 0, 1, 0, 0, 1, 1, 4, 0, 0, 0, 2, 0, 0.5, 0, 0, 0, 0, 0, 0, -23.87928009033203, 0.0], [0, 0, 0, 0.10370999574661255, 0, 0, 8, 4, 11, 0, 0, 0, 0, 2, 1, 4, 0, 0, 0, 3, 0, 0.6666666666666666, 0, 0, 0, 0, 0, 0, -8.277349472045898, 0.18423843383789062], [1, 0, 0, 0.06980502605438232, 0, 0, 8, 9, 16, 1, 0, 1, 0, 2, 4, 2, 0, 0, 0, 8, 0, 0.75, 0, 0, 0, 0, 0, 0, -28.264537811279297, 2.520936965942383], [0, 0, 0, 0.05251014232635498, 0, 0, 8, 5, 12, 0, 0, 1, 0, 2, 2, 5, 0, 0, 0, 4, 0, 0.5, 0, 0, 0, 0, 0, 0, -9.411371231079102, 24.17384147644043], [0, 0, 0, 0.003212571144104004, 0, 0, 8, 4, 11, 0, 0, 0, 0, 2, 1, 5, 0, 0, 0, 3, 0, 0.5, 0, 0, 0, 0, 0, 0, -8.277349472045898, 0.18423843383789062], [0, 0, 0, 0.0024500787258148193, 0, 0, 8, 3, 10, 0, 0, 0, 0, 1, 1, 3, 0, 0, 0, 2, 0, 0.5, 0, 0, 0, 0, 0, 0, -23.87928009033203, 0.0], [0, 0, 0, 0.04204845428466797, 0, 0, 8, 13, 20, 0, 0, 0, 0, 11, 1, 3, 0, 0, 0, 12, 0, 0.5, 0, 0, 0, 0, 0, 0, 13.223896980285645, 0.0009613037109375], [0, 0, 0, 0.08310449123382568, 0, 0, 8, 12, 19, 0, 0, 0, 0, 9, 2, 2, 0, 0, 0, 11, 0, 0.5, 0, 0, 0, 0, 0, 0, 8.830411911010742, 7.185275077819824], [0, 0, 0, 0.019178539514541626, 0, 0, 8, 3, 10, 0, 0, 0, 0, 1, 1, 3, 0, 0, 0, 2, 0, 0.5, 0, 0, 0, 0, 0, 0, -23.87928009033203, 0.0], [0, 0, 0, 0.004904896020889282, 0, 0, 8, 7, 14, 0, 0, 0, 0, 5, 1, 2, 0, 0, 0, 6, 0, 0.3333333333333333, 0, 0, 0, 0, 0, 0, -12.852087020874023, 0.020730018615722656], [0, 0, 0, 0.06383979320526123, 0, 0, 8, 3, 10, 0, 0, 0, 0, 1, 1, 1, 0, 0, 0, 2, 0, 0.14285714285714285, 0, 0, 0, 0, 0, 0, -23.87928009033203, 0.0], [1, 0, 0, 0.015928566455841064, 0, 0, 8, 13, 20, 1, 0, 0, 0, 11, 1, 1, 0, 0, 0, 12, 1, 0.5, 0, 0, 0, 0, 0, 0, 13.208202362060547, 0.0009593963623046875], [0, 0, 0, 0.002930879592895508, 0, 0, 8, 3, 10, 0, 0, 0, 0, 1, 1, 3, 0, 0, 0, 2, 0, 0.5, 0, 0, 0, 0, 0, 0, -23.87928009033203, 0.0], [0, 0, 0, 0.016795426607131958, 0, 0, 8, 13, 20, 0, 0, 0, 0, 11, 1, 1, 0, 0, 0, 12, 0, 0.09523809523809523, 0, 0, 0, 0, 0, 0, 13.063285827636719, 0.0009059906005859375], [1, 0, 1, 0.00963902473449707, 1, 0, 8, 13, 20, 1, 0, 1, 1, 10, 2, 6, 0, 0, 0, 12, 1, 0.75, 0, 0, 0, 0, 0, 0, 9.8141450881958, 6.571235656738281], [0, 0, 0, 0.006541252136230469, 0, 0, 8, 13, 20, 0, 0, 0, 0, 11, 1, 2, 0, 0, 0, 12, 0, 0.5, 0, 0, 0, 0, 0, 0, 13.114957809448242, 0.000926971435546875], [0, 0, 0, 0.004351317882537842, 0, 0, 8, 13, 20, 0, 1, 0, 0, 11, 1, 2, 0, 0, 0, 12, 0, 0.25, 0, 0, 0, 0, 0, 0, 13.192227363586426, 0.0009508132934570312], [1, 0, 1, 0.009532451629638672, 0, 1, 8, 3, 10, 1, 0, 0, 0, 1, 1, 6, 0, 0, 0, 2, 0, 0.6666666666666666, 0, 0, 1, 0, 0, 0, -9.105430603027344, 26.823898315429688], [1, 0, 1, 0.0013591647148132324, 0, 0, 8, 7, 14, 1, 0, 1, 0, 3, 2, 3, 0, 0, 0, 6, 0, 0.5, 0, 0, 0, 0, 0, 0, -37.924373626708984, 0.0810546875], [0, 0, 0, 0.1186513900756836, 0, 0, 8, 3, 10, 0, 0, 0, 0, 1, 1, 4, 0, 0, 0, 2, 0, 0.5, 0, 0, 0, 0, 0, 0, -23.87928009033203, 0.0], [0, 0, 0, 0.07520294189453125, 0, 0, 8, 13, 20, 0, 0, 0, 0, 9, 2, 1, 0, 0, 0, 12, 0, 0.5, 0, 0, 0, 0, 0, 0, -0.2885778546333313, 0.012291193008422852], [0, 0, 0, 0.009286940097808838, 0, 0, 8, 13, 20, 0, 0, 0, 0, 9, 2, 1, 0, 0, 0, 12, 0, 0.024539877300613498, 0, 0, 0, 0, 0, 0, -0.2795693278312683, 0.0030884742736816406], [0, 0, 0, 0.08768519759178162, 0, 0, 8, 13, 20, 0, 0, 0, 0, 10, 2, 1, 0, 0, 0, 12, 0, 0.024539877300613498, 0, 0, 0, 0, 0, 0, 9.771611213684082, 6.578546047210693], [0, 0, 0, 0.028395771980285645, 0, 0, 8, 6, 13, 0, 0, 0, 0, 4, 1, 2, 0, 0, 0, 5, 0, 0.5, 0, 0, 0, 0, 0, 0, -5.4982075691223145, 15.124151229858398], [0, 0, 0, 0.17064446210861206, 0, 0, 8, 10, 17, 0, 0, 0, 0, 7, 2, 1, 0, 0, 0, 9, 0, 0.2222222222222222, 0, 0, 0, 0, 0, 0, -15.759451866149902, 8.071677207946777], [0, 0, 0, 0.016365081071853638, 0, 0, 8, 13, 20, 0, 0, 0, 0, 11, 1, 3, 0, 0, 0, 12, 0, 0.5, 0, 0, 0, 0, 0, 0, 13.23824691772461, 0.0009679794311523438], [0, 0, 0, 0.0006889700889587402, 0, 0, 8, 3, 10, 0, 0, 0, 0, 1, 1, 4, 0, 0, 0, 2, 0, 0.5, 0, 0, 0, 0, 0, 0, -23.87928009033203, 0.0], [0, 0, 0, 0.03988659381866455, 0, 0, 8, 3, 10, 0, 0, 0, 0, 1, 1, 3, 0, 0, 0, 2, 0, 0.3333333333333333, 0, 0, 0, 0, 0, 0, -23.87928009033203, 0.0], [0, 0, 0, 0.04498422145843506, 0, 0, 8, 6, 13, 0, 0, 0, 0, 3, 2, 4, 0, 0, 0, 5, 0, 0.6666666666666666, 0, 0, 0, 0, 0, 0, -19.7125244140625, 15.089214324951172], [1, 0, 0, 0.2932322025299072, 0, 0, 8, 3, 10, 1, 0, 0, 0, 1, 1, 4, 0, 0, 0, 2, 0, 0.5, 0, 0, 0, 0, 0, 0, -23.87928009033203, 0.0], [0, 0, 0, 0.023983240127563477, 0, 0, 8, 3, 10, 0, 0, 0, 0, 1, 1, 1, 0, 0, 0, 2, 0, 0.047619047619047616, 0, 0, 0, 0, 0, 0, -23.87928009033203, 0.0], [0, 0, 0, 0.016419798135757446, 0, 0, 8, 13, 20, 0, 0, 0, 0, 11, 1, 3, 0, 0, 0, 12, 0, 0.5714285714285714, 0, 0, 0, 0, 0, 0, 13.201414108276367, 0.0009555816650390625], [0, 0, 0, 0.2581799328327179, 0, 0, 8, 3, 10, 0, 0, 0, 0, 1, 1, 1, 0, 0, 0, 2, 0, 0.5, 0, 0, 0, 0, 0, 0, -23.87928009033203, 0.0], [0, 0, 0, 0.031015217304229736, 0, 0, 8, 13, 20, 0, 0, 0, 0, 11, 1, 1, 0, 0, 0, 12, 0, 0.041666666666666664, 0, 0, 0, 0, 0, 0, 13.123127937316895, 0.0009279251098632812], [0, 0, 0, 0.00915980339050293, 0, 0, 8, 7, 14, 0, 0, 0, 0, 5, 1, 2, 0, 0, 0, 6, 0, 0.3333333333333333, 0, 0, 0, 0, 0, 0, 5.660093307495117, 0.004659175872802734], [0, 0, 0, 0.04311847686767578, 0, 0, 8, 13, 20, 0, 0, 0, 0, 11, 1, 2, 0, 0, 0, 12, 0, 0.3333333333333333, 0, 0, 0, 0, 0, 0, 7.20250940322876, 0.021654605865478516], [0, 0, 0, 0.05272012948989868, 0, 0, 8, 3, 10, 0, 0, 0, 0, 1, 1, 3, 0, 0, 0, 2, 0, 0.5, 0, 0, 0, 0, 0, 0, -23.87928009033203, 0.0], [0, 0, 0, 0.02490726113319397, 0, 0, 8, 6, 13, 0, 0, 0, 0, 3, 2, 2, 0, 0, 0, 5, 0, 0.5, 0, 0, 0, 0, 0, 0, -19.981821060180664, 16.644315719604492], [0, 0, 0, 0.040389180183410645, 0, 0, 8, 13, 20, 0, 0, 0, 0, 11, 1, 5, 0, 0, 0, 12, 0, 0.6666666666666666, 0, 0, 0, 0, 0, 0, 13.167612075805664, 0.0009403228759765625], [0, 0, 0, 0.01309463381767273, 0, 0, 8, 13, 20, 0, 0, 0, 0, 11, 1, 1, 0, 0, 0, 12, 0, 0.09523809523809523, 0, 0, 0, 0, 0, 0, 6.970211982727051, 0.023644447326660156], [0, 0, 0, 0.10039442777633667, 0, 0, 8, 12, 19, 0, 0, 0, 0, 8, 3, 3, 0, 0, 0, 11, 0, 0.6666666666666666, 0, 0, 0, 0, 0, 0, 5.387442588806152, 8.814859390258789], [0, 0, 0, 0.036414533853530884, 0, 0, 8, 7, 14, 0, 0, 0, 0, 4, 2, 2, 0, 0, 0, 6, 0, 0.2, 0, 0, 0, 0, 0, 0, -16.15729522705078, 13.581611633300781], [0, 0, 0, 0.04191678762435913, 0, 0, 8, 13, 20, 0, 0, 0, 0, 11, 1, 1, 0, 0, 0, 12, 0, 0.09523809523809523, 0, 0, 0, 0, 0, 0, 13.063285827636719, 0.0009059906005859375], [1, 0, 1, 0.06678915023803711, 1, 0, 8, 13, 20, 1, 0, 1, 1, 7, 4, 1, 0, 0, 0, 12, 1, 0.5, 0, 0, 0, 0, 0, 0, -6.443508148193359, 3.007155418395996], [0, 0, 0, 0.008553504943847656, 0, 0, 8, 13, 20, 0, 0, 0, 0, 11, 1, 2, 0, 0, 0, 12, 0, 0.5, 0, 0, 0, 0, 0, 0, 13.114957809448242, 0.000926971435546875], [0, 0, 0, 0.0021588802337646484, 0, 0, 8, 13, 20, 0, 0, 0, 0, 9, 3, 6, 0, 0, 0, 12, 0, 0.75, 0, 0, 0, 0, 0, 0, 6.5777130126953125, 7.976589202880859], [0, 0, 0, 0.07974913716316223, 0, 0, 8, 8, 15, 0, 0, 0, 0, 5, 2, 2, 0, 0, 0, 7, 0, 0.6666666666666666, 0, 0, 0, 0, 0, 0, -17.018823623657227, 6.961313247680664], [0, 0, 0, 0.018037140369415283, 0, 0, 8, 5, 12, 0, 0, 0, 0, 3, 1, 3, 0, 0, 0, 4, 0, 0.6666666666666666, 0, 0, 0, 0, 0, 0, -1.5134034156799316, 0.013852119445800781], [0, 0, 0, 0.02495536208152771, 0, 0, 8, 13, 20, 0, 0, 0, 0, 10, 2, 1, 0, 0, 0, 12, 0, 0.024539877300613498, 0, 0, 0, 0, 0, 0, 9.677656173706055, 6.573808670043945], [0, 0, 0, 0.03758256137371063, 0, 0, 8, 3, 10, 0, 0, 0, 0, 1, 1, 3, 0, 0, 0, 2, 0, 0.5, 0, 0, 0, 0, 0, 0, -23.87928009033203, 0.0], [0, 0, 0, 0.06819424033164978, 0, 0, 8, 5, 12, 0, 0, 0, 0, 3, 1, 2, 0, 0, 0, 4, 0, 0.3333333333333333, 0, 0, 0, 0, 0, 0, -1.5134034156799316, 0.013852119445800781], [0, 0, 0, 0.11852985620498657, 0, 0, 8, 13, 20, 0, 0, 0, 0, 11, 1, 2, 0, 0, 0, 12, 0, 0.6666666666666666, 0, 0, 0, 0, 0, 0, 13.181447982788086, 0.000949859619140625], [0, 0, 0, 0.040555357933044434, 0, 0, 8, 3, 10, 0, 0, 0, 0, 1, 1, 4, 0, 0, 0, 2, 0, 0.5, 0, 0, 0, 0, 0, 0, -23.87928009033203, 0.0], [0, 0, 0, 0.024410560727119446, 0, 0, 8, 13, 20, 0, 0, 0, 0, 10, 2, 3, 0, 0, 0, 12, 0, 0.6666666666666666, 0, 0, 0, 0, 0, 0, 9.792675018310547, 6.5723676681518555], [0, 0, 0, 0.012539803981781006, 0, 0, 8, 13, 20, 0, 0, 0, 0, 11, 1, 1, 0, 0, 0, 12, 0, 0.09523809523809523, 0, 0, 0, 0, 0, 0, 13.063285827636719, 0.0009059906005859375], [0, 0, 0, 0.01953333616256714, 0, 0, 8, 4, 11, 0, 0, 1, 0, 2, 1, 2, 0, 0, 0, 3, 0, 0.2, 0, 0, 0, 0, 0, 0, 5.5323567390441895, 26.863191604614258], [0, 0, 0, 0.01923641562461853, 0, 0, 8, 4, 11, 0, 0, 0, 0, 2, 1, 2, 0, 0, 0, 3, 0, 0.5, 0, 0, 0, 0, 0, 0, -8.277349472045898, 0.18423843383789062], [0, 0, 0, 0.05253267288208008, 0, 0, 8, 4, 11, 0, 0, 0, 0, 2, 1, 3, 0, 0, 0, 3, 0, 0.5, 0, 0, 0, 0, 0, 0, -8.277349472045898, 0.18423843383789062], [0, 0, 0, 0.021506935358047485, 0, 0, 8, 13, 20, 0, 0, 0, 0, 11, 1, 2, 0, 0, 0, 12, 0, 0.25, 0, 0, 0, 0, 0, 0, 13.192227363586426, 0.0009508132934570312], [0, 0, 0, 0.011697977781295776, 0, 0, 8, 13, 20, 0, 0, 0, 0, 11, 1, 1, 0, 0, 0, 12, 0, 0.09523809523809523, 0, 0, 0, 0, 0, 0, 13.063285827636719, 0.0009059906005859375], [0, 0, 0, 0.031054258346557617, 0, 0, 8, 13, 20, 0, 0, 0, 0, 10, 2, 2, 0, 0, 0, 12, 0, 0.6666666666666666, 0, 0, 0, 0, 0, 0, 3.811748504638672, 5.7878265380859375], [1, 0, 0, 0.06980502605438232, 0, 0, 8, 9, 16, 1, 0, 1, 0, 2, 4, 2, 0, 0, 0, 8, 0, 0.75, 0, 0, 0, 0, 0, 0, -28.264564514160156, 2.5209102630615234], [0, 0, 0, 0.05862027406692505, 0, 0, 8, 4, 11, 0, 0, 0, 0, 2, 1, 5, 0, 0, 0, 3, 0, 0.5, 0, 0, 0, 0, 0, 0, -8.277349472045898, 0.18423843383789062], [0, 0, 0, 0.013838529586791992, 0, 0, 8, 5, 12, 0, 0, 0, 0, 3, 1, 3, 0, 0, 0, 4, 0, 0.6666666666666666, 0, 0, 0, 0, 0, 0, -1.5134034156799316, 0.013852119445800781], [0, 0, 1, 0.04812005162239075, 0, 0, 8, 13, 20, 0, 0, 1, 1, 11, 1, 3, 0, 0, 0, 12, 0, 0.6666666666666666, 0, 0, 0, 0, 0, 0, 13.181447982788086, 0.000949859619140625], [0, 0, 0, 0.0738874077796936, 0, 0, 8, 3, 10, 0, 0, 0, 0, 1, 1, 4, 0, 0, 0, 2, 0, 0.5, 0, 0, 0, 0, 0, 0, -23.87928009033203, 0.0], [0, 0, 0, 0.017931759357452393, 0, 0, 8, 13, 20, 0, 0, 1, 0, 11, 1, 1, 0, 0, 0, 12, 0, 0.09523809523809523, 0, 0, 0, 0, 0, 0, 13.063285827636719, 0.0009059906005859375], [0, 0, 0, 0.005071282386779785, 0, 0, 8, 13, 20, 0, 0, 0, 0, 10, 2, 2, 0, 0, 0, 12, 0, 0.5, 0, 0, 0, 0, 0, 0, 9.673428535461426, 6.580319404602051], [0, 0, 0, 0.015558838844299316, 0, 0, 8, 13, 20, 0, 0, 0, 0, 10, 2, 1, 0, 0, 0, 12, 0, 0.024539877300613498, 0, 0, 0, 0, 0, 0, 3.6783607006073, 5.7833099365234375], [0, 0, 0, 0.13761049509048462, 0, 0, 8, 3, 10, 0, 0, 0, 0, 1, 1, 2, 0, 0, 0, 2, 0, 0.375, 0, 0, 0, 0, 0, 0, -23.87928009033203, 0.0], [0, 0, 0, 0.42332278192043304, 0, 0, 8, 3, 10, 0, 0, 0, 0, 1, 1, 4, 0, 0, 0, 2, 0, 0.5, 0, 0, 0, 0, 0, 0, -23.87928009033203, 0.0], [0, 0, 0, 0.09153509140014648, 0, 0, 8, 3, 10, 0, 0, 0, 0, 1, 1, 2, 0, 0, 0, 2, 0, 0.3333333333333333, 0, 0, 0, 0, 0, 0, -23.87928009033203, 0.0], [0, 0, 0, 0.017843186855316162, 0, 0, 8, 10, 17, 0, 0, 0, 0, 7, 2, 1, 0, 0, 0, 9, 0, 0.07692307692307693, 0, 0, 0, 0, 0, 0, -11.058381080627441, 8.262228965759277], [0, 0, 0, 0.051798343658447266, 0, 0, 8, 13, 20, 0, 0, 0, 0, 7, 2, 1, 0, 0, 0, 12, 0, 0.5, 0, 0, 0, 0, 0, 0, -20.316509246826172, 0.0004673004150390625], [0, 0, 0, 0.31735020875930786, 0, 0, 8, 4, 11, 0, 0, 0, 0, 2, 1, 2, 0, 0, 0, 3, 0, 0.3333333333333333, 0, 0, 0, 0, 0, 0, -8.277349472045898, 0.18423843383789062], [0, 0, 0, 0.1636720597743988, 0, 0, 8, 3, 10, 0, 0, 0, 0, 1, 1, 3, 0, 0, 0, 2, 0, 0.5, 0, 0, 0, 0, 0, 0, -23.87928009033203, 0.0], [0, 0, 0, 0.02242898941040039, 0, 0, 8, 4, 11, 0, 0, 0, 0, 2, 1, 5, 0, 0, 0, 3, 0, 0.6666666666666666, 0, 0, 0, 0, 0, 0, -8.277349472045898, 0.18423843383789062], [0, 0, 0, 0.0057479143142700195, 0, 0, 8, 13, 20, 0, 0, 0, 0, 9, 3, 6, 0, 0, 0, 12, 0, 0.75, 0, 0, 0, 0, 0, 0, 6.581356048583984, 7.980774402618408], [1, 0, 1, 0.017359495162963867, 1, 0, 8, 5, 12, 1, 0, 1, 0, 3, 1, 4, 0, 0, 0, 4, 1, 0.6666666666666666, 0, 0, 0, 0, 0, 0, 8.116557121276855, 19.890899658203125], [0, 0, 0, 0.015596270561218262, 0, 0, 8, 13, 20, 0, 0, 0, 0, 11, 1, 1, 0, 0, 0, 12, 0, 0.09523809523809523, 0, 0, 0, 0, 0, 0, 13.063285827636719, 0.0009059906005859375], [0, 0, 0, 0.013409316539764404, 0, 0, 8, 13, 20, 0, 0, 0, 0, 9, 2, 2, 0, 0, 0, 12, 0, 0.5, 0, 0, 0, 0, 0, 0, -0.16575628519058228, 0.005355119705200195], [0, 0, 0, 0.08591341972351074, 0, 0, 8, 4, 11, 0, 0, 0, 0, 2, 1, 3, 0, 0, 0, 3, 0, 0.5, 0, 0, 0, 0, 0, 0, -8.277349472045898, 0.18423843383789062], [0, 0, 0, 0.013726025819778442, 0, 0, 8, 13, 20, 0, 0, 0, 0, 11, 1, 1, 0, 0, 0, 12, 0, 0.09523809523809523, 0, 0, 0, 0, 0, 0, 13.063285827636719, 0.0009059906005859375], [0, 0, 0, 0.05900686979293823, 0, 0, 8, 8, 15, 0, 0, 0, 0, 5, 2, 3, 0, 0, 0, 7, 0, 0.5, 0, 0, 0, 0, 0, 0, -14.60940933227539, 10.78880500793457], [0, 0, 0, 0.0033493340015411377, 0, 0, 8, 3, 10, 0, 0, 0, 0, 1, 1, 3, 0, 0, 0, 2, 0, 0.5, 0, 0, 0, 0, 0, 0, -23.87928009033203, 0.0], [0, 0, 0, 0.004878520965576172, 0, 0, 8, 13, 20, 0, 0, 0, 0, 10, 2, 2, 0, 0, 0, 12, 0, 0.5, 0, 0, 0, 0, 0, 0, 9.792243957519531, 6.563490867614746], [0, 0, 0, 0.01065826416015625, 0, 0, 8, 13, 20, 0, 0, 0, 0, 10, 2, 2, 0, 0, 0, 12, 0, 0.3333333333333333, 0, 0, 0, 0, 0, 0, 9.693052291870117, 6.576104640960693], [0, 0, 0, 0.06716495752334595, 0, 0, 8, 11, 18, 0, 0, 0, 0, 9, 1, 1, 0, 0, 0, 10, 0, 0.5, 0, 0, 0, 0, 0, 0, -14.602638244628906, 0.010264396667480469], [0, 0, 0, 0.15404516458511353, 0, 0, 8, 3, 10, 0, 0, 0, 0, 1, 1, 4, 0, 0, 0, 2, 0, 0.6666666666666666, 0, 0, 0, 0, 0, 0, -23.87928009033203, 0.0], [0, 0, 0, 0.025490880012512207, 0, 0, 8, 13, 20, 0, 0, 0, 0, 11, 1, 3, 0, 0, 0, 12, 0, 0.5, 0, 0, 0, 0, 0, 0, 13.211835861206055, 0.0009555816650390625], [0, 0, 0, 0.014487504959106445, 0, 0, 8, 13, 20, 0, 0, 0, 0, 11, 1, 1, 0, 0, 0, 12, 0, 0.15384615384615385, 0, 0, 0, 0, 0, 0, 13.186655044555664, 0.0009517669677734375], [0, 0, 0, 0.044632673263549805, 0, 0, 8, 13, 20, 0, 0, 0, 0, 11, 1, 1, 0, 0, 0, 12, 0, 0.041666666666666664, 0, 0, 0, 0, 0, 0, 14.783466339111328, 12.003589630126953], [0, 0, 0, 0.012343376874923706, 0, 0, 8, 3, 10, 0, 0, 0, 0, 1, 1, 2, 0, 0, 0, 2, 0, 0.5, 0, 0, 0, 0, 0, 0, -23.87928009033203, 0.0], [1, 0, 0, 0.030054569244384766, 0, 0, 8, 9, 16, 1, 0, 1, 0, 4, 4, 4, 0, 0, 0, 8, 0, 0.6666666666666666, 0, 0, 0, 0, 0, 0, -3.672269582748413, 14.187713623046875], [0, 0, 0, 0.05284839868545532, 0, 0, 8, 13, 20, 0, 0, 0, 0, 7, 4, 1, 0, 0, 0, 12, 0, 0.5, 0, 0, 0, 0, 0, 0, -6.366921424865723, 3.0272817611694336], [0, 0, 0, 0.0034458190202713013, 0, 0, 8, 3, 10, 0, 0, 0, 0, 1, 1, 4, 0, 0, 0, 2, 0, 0.6666666666666666, 0, 0, 0, 0, 0, 0, -23.87928009033203, 0.0], [0, 0, 0, 0.005835086107254028, 0, 0, 8, 10, 17, 0, 0, 0, 0, 8, 1, 3, 0, 0, 0, 9, 0, 0.5, 0, 0, 0, 0, 0, 0, -11.752466201782227, 0.05997753143310547], [1, 0, 1, 0.26684993505477905, 1, 0, 8, 13, 20, 1, 0, 1, 1, 8, 4, 2, 0, 0, 0, 12, 1, 0.3333333333333333, 0, 0, 0, 0, 0, 0, 3.560370445251465, 9.248369216918945], [0, 0, 0, 0.056936562061309814, 0, 0, 8, 13, 20, 0, 0, 0, 0, 11, 1, 1, 0, 0, 0, 12, 0, 0.041666666666666664, 0, 0, 0, 0, 0, 0, 13.123127937316895, 0.0009279251098632812], [0, 0, 0, 0.0214899480342865, 0, 0, 8, 6, 13, 0, 0, 1, 0, 4, 1, 2, 0, 0, 0, 5, 0, 0.5, 0, 0, 0, 0, 0, 0, -14.467253684997559, 0.11642742156982422], [0, 0, 0, 0.018826991319656372, 0, 0, 8, 6, 13, 0, 0, 0, 0, 4, 1, 4, 0, 0, 0, 5, 0, 0.6666666666666666, 0, 0, 0, 0, 0, 0, 2.7414965629577637, 0.007439374923706055], [0, 0, 0, 0.0362778902053833, 0, 0, 8, 13, 20, 0, 0, 0, 0, 11, 1, 1, 0, 0, 0, 12, 0, 0.3333333333333333, 0, 0, 0, 0, 0, 0, 13.178967475891113, 0.000946044921875], [0, 0, 0, 0.16964256763458252, 0, 0, 8, 3, 10, 0, 0, 0, 0, 1, 1, 4, 0, 0, 0, 2, 0, 0.5, 0, 0, 0, 0, 0, 0, -23.87928009033203, 0.0], [0, 0, 0, 0.05694228410720825, 0, 0, 8, 11, 18, 0, 0, 0, 0, 9, 1, 2, 0, 0, 0, 10, 0, 0.5, 0, 0, 0, 0, 0, 0, -6.881231307983398, 0.04505491256713867], [0, 0, 0, 0.1730218529701233, 0, 0, 8, 13, 20, 0, 0, 0, 0, 9, 2, 3, 0, 0, 0, 12, 0, 0.5714285714285714, 0, 0, 0, 0, 0, 0, -0.16417616605758667, 0.008512735366821289], [0, 0, 0, 0.005674868822097778, 0, 0, 8, 3, 10, 0, 0, 0, 0, 1, 1, 3, 0, 0, 0, 2, 0, 0.6666666666666666, 0, 0, 0, 0, 0, 0, -23.87928009033203, 0.0], [0, 0, 0, 0.005212843418121338, 0, 0, 8, 11, 18, 0, 0, 0, 0, 8, 2, 4, 0, 0, 0, 10, 0, 0.5, 0, 0, 0, 0, 0, 0, 7.6473846435546875, 7.921937942504883], [0, 0, 0, 0.2038208544254303, 0, 0, 8, 13, 20, 0, 0, 0, 0, 8, 4, 3, 0, 0, 0, 12, 0, 0.5, 0, 0, 0, 0, 0, 0, 3.5767617225646973, 9.290987014770508], [0, 0, 0, 0.04878327250480652, 0, 0, 8, 13, 20, 0, 0, 0, 0, 11, 1, 2, 0, 0, 0, 12, 0, 0.3333333333333333, 0, 0, 0, 0, 0, 0, 13.233154296875, 0.0009670257568359375], [0, 0, 0, 0.1651642918586731, 0, 0, 8, 3, 10, 0, 0, 0, 0, 1, 1, 4, 0, 0, 0, 2, 0, 0.6666666666666666, 0, 0, 0, 0, 0, 0, -23.87928009033203, 0.0], [0, 0, 0, 0.16861069202423096, 0, 0, 8, 4, 11, 0, 0, 0, 0, 2, 1, 3, 0, 0, 0, 3, 0, 0.5, 0, 0, 0, 0, 0, 0, -8.277349472045898, 0.18423843383789062], [0, 0, 0, 0.019637182354927063, 0, 0, 8, 3, 10, 0, 0, 0, 0, 1, 1, 4, 0, 0, 0, 2, 0, 0.6666666666666666, 0, 0, 0, 0, 0, 0, -23.87928009033203, 0.0], [0, 0, 0, 0.040834248065948486, 0, 0, 8, 5, 12, 0, 0, 0, 0, 3, 1, 3, 0, 0, 0, 4, 0, 0.6666666666666666, 0, 0, 0, 0, 0, 0, -1.5134034156799316, 0.013852119445800781], [0, 0, 0, 0.00029718875885009766, 0, 0, 8, 5, 12, 0, 0, 0, 0, 3, 1, 7, 0, 0, 0, 4, 0, 0.9090909090909091, 0, 0, 0, 0, 0, 0, -1.1014506816864014, 0.0282440185546875], [0, 0, 0, 0.028973370790481567, 0, 0, 8, 3, 10, 0, 0, 0, 0, 1, 1, 4, 0, 0, 0, 2, 0, 0.5, 0, 0, 0, 0, 0, 0, -23.87928009033203, 0.0], [0, 0, 0, 0.3097574710845947, 0, 0, 8, 3, 10, 0, 0, 0, 0, 1, 1, 3, 0, 0, 0, 2, 0, 0.5, 0, 0, 0, 0, 0, 0, -23.87928009033203, 0.0], [0, 0, 0, 0.24044394493103027, 0, 0, 8, 3, 10, 0, 0, 0, 0, 1, 1, 4, 0, 0, 0, 2, 0, 0.6666666666666666, 0, 0, 0, 0, 0, 0, -23.87928009033203, 0.0], [0, 0, 0, 0.36970382928848267, 0, 0, 8, 3, 10, 0, 0, 0, 0, 1, 1, 4, 0, 0, 0, 2, 0, 0.5, 0, 0, 0, 0, 0, 0, -23.87928009033203, 0.0], [1, 0, 0, 0.0019728541374206543, 1, 0, 8, 4, 11, 1, 0, 1, 0, 2, 1, 6, 0, 0, 0, 3, 1, 0.75, 0, 0, 0, 0, 0, 0, -8.249354362487793, 0.18474102020263672], [0, 0, 0, 0.07350632548332214, 0, 0, 8, 3, 10, 0, 0, 0, 0, 1, 1, 1, 0, 0, 0, 2, 0, 0.14285714285714285, 0, 0, 0, 0, 0, 0, -23.87928009033203, 0.0], [0, 0, 0, 0.17878985404968262, 0, 0, 8, 3, 10, 0, 0, 0, 0, 1, 1, 5, 0, 0, 0, 2, 0, 0.6666666666666666, 0, 0, 0, 0, 0, 0, -23.87928009033203, 0.0], [0, 0, 0, 0.001035451889038086, 0, 0, 8, 4, 11, 0, 0, 0, 0, 1, 2, 3, 0, 0, 0, 3, 0, 0.5, 0, 0, 0, 0, 0, 0, -24.680944442749023, 0.0], [0, 0, 0, 0.009334221482276917, 0, 0, 8, 3, 10, 0, 0, 0, 0, 1, 1, 3, 0, 0, 0, 2, 0, 0.5, 0, 0, 0, 0, 0, 0, -23.87928009033203, 0.0], [1, 0, 1, 0.009532451629638672, 0, 1, 8, 3, 10, 1, 0, 0, 0, 1, 1, 6, 0, 0, 0, 2, 0, 0.6666666666666666, 0, 0, 1, 0, 0, 0, -9.105430603027344, 26.823898315429688], [0, 0, 0, 0.056200891733169556, 0, 0, 8, 13, 20, 0, 0, 0, 0, 10, 2, 2, 0, 0, 0, 12, 0, 0.5, 0, 0, 0, 0, 0, 0, 9.769791603088379, 6.568436145782471], [0, 0, 0, 0.026418328285217285, 0, 0, 8, 13, 20, 0, 0, 0, 0, 11, 1, 2, 0, 0, 0, 12, 0, 0.5, 0, 0, 0, 0, 0, 0, 13.114957809448242, 0.000926971435546875], [0, 0, 0, 0.02886250615119934, 0, 0, 8, 4, 11, 0, 0, 0, 0, 2, 1, 4, 0, 0, 0, 3, 0, 0.5, 0, 0, 0, 0, 0, 0, -8.277349472045898, 0.18423843383789062], [0, 0, 0, 0.0, 0, 0, 8, 3, 10, 0, 0, 0, 0, 1, 1, 4, 0, 0, 0, 2, 0, 0.6666666666666666, 0, 0, 0, 0, 0, 0, -23.87928009033203, 0.0], [0, 0, 0, 0.02853292226791382, 0, 0, 8, 9, 16, 0, 0, 0, 0, 7, 1, 1, 0, 0, 0, 8, 0, 0.5, 0, 0, 0, 0, 0, 0, 9.399728775024414, 0.0023479461669921875], [0, 0, 0, 0.019718468189239502, 0, 0, 8, 13, 20, 0, 0, 1, 0, 11, 1, 4, 0, 0, 0, 12, 0, 0.5, 0, 0, 0, 0, 0, 0, 13.243717193603516, 0.0009717941284179688], [1, 0, 0, 0.06678915023803711, 1, 0, 8, 13, 20, 1, 0, 1, 0, 11, 1, 1, 0, 0, 0, 12, 1, 0.5, 0, 0, 0, 0, 0, 0, 13.159566879272461, 0.0009403228759765625], [0, 0, 0, 0.008599460124969482, 0, 0, 8, 13, 20, 0, 0, 0, 0, 9, 3, 1, 0, 0, 0, 12, 0, 0.75, 0, 0, 0, 0, 0, 0, 6.5707807540893555, 7.98708438873291], [0, 0, 0, 0.07395261526107788, 0, 0, 8, 5, 12, 0, 0, 0, 0, 3, 1, 4, 0, 0, 0, 4, 0, 0.5, 0, 0, 0, 0, 0, 0, -1.5134034156799316, 0.013852119445800781], [0, 0, 0, 0.06845352053642273, 0, 0, 8, 3, 10, 0, 0, 0, 0, 1, 1, 2, 0, 0, 0, 2, 0, 0.875, 0, 0, 0, 0, 0, 0, -23.87928009033203, 0.0], [1, 0, 0, 0.14302918314933777, 0, 0, 8, 3, 10, 1, 0, 0, 0, 1, 1, 3, 0, 0, 0, 2, 0, 0.6666666666666666, 0, 0, 0, 0, 0, 0, -23.87928009033203, 0.0], [0, 0, 0, 0.22676938772201538, 0, 0, 8, 3, 10, 0, 0, 0, 0, 1, 1, 3, 0, 0, 0, 2, 0, 0.5, 0, 0, 0, 0, 0, 0, -23.87928009033203, 0.0], [0, 0, 0, 0.09679287672042847, 0, 0, 8, 3, 10, 0, 0, 0, 0, 1, 1, 4, 0, 0, 0, 2, 0, 0.5, 0, 0, 0, 0, 0, 0, -23.87928009033203, 0.0], [0, 0, 0, 0.2199612259864807, 0, 0, 8, 4, 11, 0, 0, 0, 0, 1, 2, 3, 0, 0, 0, 3, 0, 0.5, 0, 0, 0, 0, 0, 0, -29.621549606323242, 0.0], [0, 0, 0, 0.011720418930053711, 0, 0, 8, 13, 20, 0, 0, 0, 0, 11, 1, 2, 0, 0, 0, 12, 0, 0.5, 0, 0, 0, 0, 0, 0, 13.114957809448242, 0.000926971435546875], [0, 0, 0, 0.06738108396530151, 0, 0, 8, 8, 15, 0, 0, 0, 0, 6, 1, 5, 0, 0, 0, 7, 0, 0.5, 0, 0, 0, 0, 0, 0, 7.784692287445068, 0.0032062530517578125], [0, 0, 0, 0.04801362752914429, 0, 0, 8, 7, 14, 0, 0, 0, 0, 5, 1, 3, 0, 0, 0, 6, 0, 0.5, 0, 0, 0, 0, 0, 0, -12.852087020874023, 0.020730018615722656], [0, 0, 0, 0.03934037685394287, 0, 0, 8, 13, 20, 0, 0, 0, 0, 11, 1, 2, 0, 0, 0, 12, 0, 0.5, 0, 0, 0, 0, 0, 0, 13.142376899719238, 0.0009298324584960938], [0, 0, 0, 0.02611219882965088, 0, 0, 8, 6, 13, 0, 0, 0, 0, 3, 2, 6, 0, 0, 0, 5, 0, 0.75, 0, 0, 0, 0, 0, 0, -19.77251434326172, 14.886245727539062], [0, 0, 0, 0.19422945380210876, 0, 0, 8, 3, 10, 0, 0, 0, 0, 1, 1, 3, 0, 0, 0, 2, 0, 0.6666666666666666, 0, 0, 0, 0, 0, 0, -23.87928009033203, 0.0], [0, 0, 0, 0.01750814914703369, 0, 0, 8, 13, 20, 0, 0, 0, 0, 10, 2, 2, 0, 0, 0, 12, 0, 0.3333333333333333, 0, 0, 0, 0, 0, 0, 9.763456344604492, 6.574229717254639], [0, 0, 0, 0.16141840815544128, 0, 0, 8, 3, 10, 0, 0, 0, 0, 1, 1, 3, 0, 0, 0, 2, 0, 0.5, 0, 0, 0, 0, 0, 0, -23.87928009033203, 0.0], [0, 0, 0, 0.020571112632751465, 0, 0, 8, 13, 20, 0, 0, 0, 0, 11, 1, 2, 0, 0, 0, 12, 0, 0.5, 0, 0, 0, 0, 0, 0, 7.102406024932861, 0.021580219268798828], [0, 0, 0, 0.16279268264770508, 0, 0, 8, 3, 10, 0, 0, 0, 0, 1, 1, 4, 0, 0, 0, 2, 0, 0.6666666666666666, 0, 0, 0, 0, 0, 0, -23.87928009033203, 0.0], [0, 0, 0, 0.0810006856918335, 0, 0, 8, 9, 16, 0, 0, 0, 0, 7, 1, 6, 0, 0, 0, 8, 0, 0.6, 0, 0, 0, 0, 0, 0, 9.399728775024414, 0.0023479461669921875], [0, 0, 0, 0.06992757320404053, 0, 0, 8, 3, 10, 0, 0, 0, 0, 1, 1, 3, 0, 0, 0, 2, 0, 0.6666666666666666, 0, 0, 0, 0, 0, 0, -23.87928009033203, 0.0], [0, 0, 0, 0.11582675576210022, 0, 0, 8, 13, 20, 0, 0, 0, 0, 11, 1, 4, 0, 0, 0, 12, 0, 0.5, 0, 0, 0, 0, 0, 0, 6.087052345275879, 0.017271995544433594], [0, 0, 0, 0.08666941523551941, 0, 0, 8, 5, 12, 0, 0, 1, 0, 3, 1, 3, 0, 0, 0, 4, 0, 0.75, 0, 0, 0, 0, 0, 0, -1.4941151142120361, 0.013974666595458984], [0, 0, 0, 0.05419638752937317, 0, 0, 8, 3, 10, 0, 0, 0, 0, 1, 1, 2, 0, 0, 0, 2, 0, 0.5, 0, 0, 0, 0, 0, 0, -23.87928009033203, 0.0], [1, 0, 0, 0.0030255913734436035, 0, 0, 8, 3, 10, 1, 0, 0, 0, 1, 1, 5, 0, 0, 0, 2, 0, 0.6666666666666666, 0, 0, 0, 0, 0, 0, -23.87928009033203, 0.0], [0, 0, 0, 0.13126742839813232, 0, 0, 8, 7, 14, 0, 0, 0, 0, 4, 2, 2, 0, 0, 0, 6, 0, 0.3333333333333333, 0, 0, 0, 0, 0, 0, -18.474632263183594, 21.603572845458984], [0, 0, 0, 0.019267290830612183, 0, 0, 8, 4, 11, 0, 0, 0, 0, 2, 1, 4, 0, 0, 0, 3, 0, 0.5, 0, 0, 0, 0, 0, 0, -8.277349472045898, 0.18423843383789062], [0, 0, 0, 0.005275070667266846, 0, 0, 8, 5, 12, 0, 0, 0, 0, 1, 3, 6, 0, 0, 0, 4, 0, 0.6666666666666666, 0, 0, 0, 0, 0, 0, -20.92131996154785, 0.0], [0, 0, 0, 0.012393355369567871, 0, 0, 8, 5, 12, 0, 0, 0, 0, 3, 1, 3, 0, 0, 0, 4, 0, 0.5, 0, 0, 0, 0, 0, 0, -1.5134034156799316, 0.013852119445800781], [0, 0, 0, 0.10508644580841064, 0, 0, 8, 13, 20, 0, 0, 0, 0, 11, 1, 3, 0, 0, 0, 12, 0, 0.5, 0, 0, 0, 0, 0, 0, 14.947332382202148, 12.030956268310547], [0, 0, 0, 0.008614867925643921, 0, 0, 8, 10, 17, 0, 0, 0, 0, 7, 2, 4, 0, 0, 0, 9, 0, 0.5, 0, 0, 0, 0, 0, 0, -15.759451866149902, 8.071677207946777], [0, 0, 0, 0.010168790817260742, 0, 0, 8, 13, 20, 0, 0, 0, 0, 11, 1, 2, 0, 0, 0, 12, 0, 0.5, 0, 0, 0, 0, 0, 0, 13.114957809448242, 0.000926971435546875], [0, 0, 0, 0.04581442475318909, 0, 0, 8, 13, 20, 0, 0, 0, 0, 11, 1, 1, 0, 0, 0, 12, 0, 0.041666666666666664, 0, 0, 0, 0, 0, 0, 13.123127937316895, 0.0009279251098632812], [0, 0, 0, 0.01828870177268982, 0, 0, 8, 13, 20, 0, 0, 0, 0, 11, 1, 1, 0, 0, 0, 12, 0, 0.09523809523809523, 0, 0, 0, 0, 0, 0, 13.063285827636719, 0.0009059906005859375], [0, 0, 0, 0.02349354326725006, 0, 0, 8, 5, 12, 0, 0, 0, 0, 3, 1, 3, 0, 0, 0, 4, 0, 0.5, 0, 0, 0, 0, 0, 0, -1.5134034156799316, 0.013852119445800781], [1, 0, 0, 0.21926277875900269, 1, 0, 8, 4, 11, 1, 0, 1, 0, 2, 1, 2, 0, 0, 0, 3, 1, 0.5, 0, 0, 0, 0, 0, 0, -8.249354362487793, 0.18474102020263672], [0, 0, 0, 0.09811544418334961, 0, 0, 8, 4, 11, 0, 0, 0, 0, 2, 1, 3, 0, 0, 0, 3, 0, 0.4, 0, 0, 0, 0, 0, 0, -8.277349472045898, 0.18423843383789062], [0, 0, 0, 0.00513574481010437, 0, 0, 8, 8, 15, 0, 0, 0, 0, 6, 1, 2, 0, 0, 0, 7, 0, 0.5, 0, 0, 0, 0, 0, 0, -10.495408058166504, 0.07116317749023438], [0, 0, 0, 0.004968464374542236, 0, 0, 8, 13, 20, 0, 0, 0, 0, 10, 2, 2, 0, 0, 0, 12, 0, 0.5, 0, 0, 0, 0, 0, 0, 9.798225402832031, 6.5719780921936035], [0, 0, 0, 0.10091972351074219, 0, 0, 8, 12, 19, 0, 0, 0, 0, 10, 1, 3, 0, 0, 0, 11, 0, 0.5, 0, 0, 0, 0, 0, 0, -15.312640190124512, 0.006335258483886719], [1, 0, 1, 0.06272399425506592, 1, 0, 7, 10, 16, 1, 0, 1, 1, 2, 7, 6, 0, 0, 0, 9, 1, 0.6666666666666666, 0, 0, 0, 0, 0, 0, -23.604290008544922, 19.243587493896484], [0, 0, 0, 0.010252594947814941, 0, 0, 8, 5, 12, 0, 0, 0, 0, 3, 1, 1, 0, 0, 0, 4, 0, 0.07692307692307693, 0, 0, 0, 0, 0, 0, -1.5134034156799316, 0.013852119445800781], [0, 0, 0, 0.02113640308380127, 0, 0, 8, 7, 14, 0, 0, 0, 0, 5, 1, 2, 0, 0, 0, 6, 0, 0.3333333333333333, 0, 0, 0, 0, 0, 0, 5.660093307495117, 0.004659175872802734], [0, 0, 0, 0.10539418458938599, 0, 0, 8, 5, 12, 0, 0, 0, 0, 3, 1, 4, 0, 0, 0, 4, 0, 0.5, 0, 0, 0, 0, 0, 0, -1.5134034156799316, 0.013852119445800781], [0, 0, 0, 0.003405243158340454, 0, 0, 8, 13, 20, 0, 0, 0, 0, 11, 1, 1, 0, 0, 0, 12, 0, 0.030303030303030304, 0, 0, 0, 0, 0, 0, 13.192227363586426, 0.0009508132934570312], [0, 0, 0, 0.005055248737335205, 0, 0, 8, 11, 18, 0, 0, 0, 0, 7, 2, 1, 0, 0, 0, 10, 0, 0.15384615384615385, 0, 0, 0, 0, 0, 0, -25.88441276550293, 0.0253143310546875], [1, 0, 0, 0.2313537895679474, 0, 0, 8, 4, 11, 1, 0, 1, 0, 2, 1, 4, 0, 0, 0, 3, 0, 0.5, 0, 0, 0, 0, 0, 0, -8.249354362487793, 0.18474102020263672], [0, 0, 0, 0.016590088605880737, 0, 0, 8, 4, 11, 0, 0, 0, 0, 2, 1, 2, 0, 0, 0, 3, 0, 0.6666666666666666, 0, 0, 0, 0, 0, 0, -8.277349472045898, 0.18423843383789062], [0, 0, 0, 0.01902937889099121, 0, 0, 8, 13, 20, 0, 0, 0, 0, 10, 2, 1, 0, 0, 0, 12, 0, 0.07692307692307693, 0, 0, 0, 0, 0, 0, 9.781645774841309, 6.573369026184082], [0, 0, 0, 0.03209793567657471, 0, 0, 8, 3, 10, 0, 0, 0, 0, 1, 1, 4, 0, 0, 0, 2, 0, 0.75, 0, 0, 0, 0, 0, 0, -23.87928009033203, 0.0], [0, 0, 0, 0.030905425548553467, 0, 0, 8, 12, 19, 0, 0, 0, 0, 10, 1, 2, 0, 0, 0, 11, 0, 0.5, 0, 0, 0, 0, 0, 0, -9.503063201904297, 0.009121894836425781], [1, 0, 1, 0.05380368232727051, 1, 0, 8, 13, 20, 1, 0, 1, 0, 9, 2, 1, 0, 0, 0, 12, 0, 0.5, 0, 0, 0, 0, 0, 0, -0.20487791299819946, 0.0033072233200073242], [0, 0, 0, 0.014683157205581665, 0, 0, 8, 13, 20, 0, 0, 0, 0, 11, 1, 1, 0, 0, 0, 12, 0, 0.09523809523809523, 0, 0, 0, 0, 0, 0, 13.063285827636719, 0.0009059906005859375], [0, 0, 0, 0.04005539417266846, 0, 0, 8, 13, 20, 0, 0, 0, 0, 11, 1, 1, 0, 0, 0, 12, 0, 0.09090909090909091, 0, 0, 0, 0, 0, 0, 13.208202362060547, 0.0009593963623046875], [1, 0, 1, 0.028119444847106934, 0, 0, 8, 6, 13, 1, 0, 1, 1, 4, 1, 5, 0, 0, 0, 5, 0, 0.6666666666666666, 0, 0, 0, 0, 0, 0, -14.467253684997559, 0.11642742156982422], [1, 0, 0, 0.04863587021827698, 1, 0, 8, 4, 11, 1, 0, 0, 0, 2, 1, 4, 0, 0, 0, 3, 1, 0.6666666666666666, 0, 0, 0, 0, 0, 0, -8.277349472045898, 0.18423843383789062], [0, 0, 0, 0.011595547199249268, 0, 0, 8, 13, 20, 0, 0, 0, 0, 9, 3, 5, 0, 0, 0, 12, 0, 0.6666666666666666, 0, 0, 0, 0, 0, 0, 6.5925068855285645, 8.04063892364502], [1, 0, 0, 0.03355669975280762, 0, 0, 8, 9, 16, 1, 0, 0, 0, 5, 3, 2, 0, 0, 0, 8, 0, 0.4, 0, 0, 0, 0, 0, 0, 0.23275655508041382, 12.23792839050293], [0, 0, 0, 0.0473063588142395, 0, 0, 8, 13, 20, 0, 0, 0, 0, 10, 2, 3, 0, 0, 0, 12, 0, 0.6666666666666666, 0, 0, 0, 0, 0, 0, 9.740365982055664, 6.576429843902588], [1, 0, 0, 0.1743907928466797, 1, 0, 8, 5, 12, 1, 0, 1, 0, 3, 1, 3, 0, 0, 0, 4, 1, 0.6666666666666666, 0, 0, 0, 0, 0, 0, -1.4941151142120361, 0.013974666595458984], [0, 0, 0, 0.038036495447158813, 0, 0, 8, 13, 20, 0, 0, 0, 0, 10, 2, 1, 0, 0, 0, 12, 0, 0.024539877300613498, 0, 0, 0, 0, 0, 0, 6.189315319061279, 4.281272888183594], [0, 0, 0, 6.215274333953857e-05, 0, 0, 8, 3, 10, 0, 0, 0, 0, 1, 1, 5, 0, 0, 0, 2, 0, 0.6666666666666666, 0, 0, 0, 0, 0, 0, -23.87928009033203, 0.0], [0, 0, 0, 0.009530037641525269, 0, 0, 8, 13, 20, 0, 0, 0, 0, 11, 1, 2, 0, 0, 0, 12, 0, 0.25, 0, 0, 0, 0, 0, 0, 13.208202362060547, 0.0009593963623046875], [0, 0, 0, 0.005198344588279724, 0, 0, 8, 6, 13, 0, 0, 0, 0, 4, 1, 2, 0, 0, 0, 5, 0, 0.5, 0, 0, 0, 0, 0, 0, 2.7414965629577637, 0.007439374923706055], [0, 0, 0, 0.02082538604736328, 0, 0, 8, 13, 20, 0, 0, 0, 0, 11, 1, 1, 0, 0, 0, 12, 0, 0.09523809523809523, 0, 0, 0, 0, 0, 0, 13.063285827636719, 0.0009059906005859375], [0, 0, 0, 0.002331852912902832, 0, 0, 8, 8, 15, 0, 0, 0, 0, 6, 1, 1, 0, 0, 0, 7, 0, 0.09090909090909091, 0, 0, 0, 0, 0, 0, 7.784692287445068, 0.0032062530517578125], [0, 0, 0, 0.06742143630981445, 0, 0, 8, 13, 20, 0, 0, 1, 0, 9, 3, 1, 0, 0, 0, 12, 0, 0.5, 0, 0, 0, 0, 0, 0, 6.48391056060791, 8.039762496948242], [0, 0, 0, 0.024491548538208008, 0, 0, 8, 13, 20, 0, 0, 0, 0, 11, 1, 2, 0, 0, 0, 12, 0, 0.25, 0, 0, 0, 0, 0, 0, 13.192227363586426, 0.0009508132934570312], [0, 0, 0, 0.01841270923614502, 0, 0, 8, 13, 20, 0, 0, 0, 0, 11, 1, 2, 0, 0, 0, 12, 0, 0.5, 0, 0, 0, 0, 0, 0, 13.142376899719238, 0.0009298324584960938], [0, 0, 0, 0.015782952308654785, 0, 0, 8, 3, 10, 0, 0, 0, 0, 1, 1, 3, 0, 0, 0, 2, 0, 0.5, 0, 0, 0, 0, 0, 0, -23.87928009033203, 0.0], [0, 0, 0, 0.007100105285644531, 0, 0, 8, 3, 10, 0, 0, 0, 0, 1, 1, 3, 0, 0, 0, 2, 0, 0.6666666666666666, 0, 0, 0, 0, 0, 0, -23.87928009033203, 0.0], [0, 0, 0, 0.06759974360466003, 0, 0, 8, 7, 14, 0, 0, 1, 0, 4, 2, 4, 0, 0, 0, 6, 0, 0.5, 0, 0, 0, 0, 0, 0, -0.3713018298149109, 13.540789604187012], [0, 0, 0, 0.07270923256874084, 0, 0, 8, 9, 16, 0, 0, 0, 0, 7, 1, 1, 0, 0, 0, 8, 0, 0.024539877300613498, 0, 0, 0, 0, 0, 0, 3.6896510124206543, 0.035773277282714844], [0, 0, 0, 0.057835400104522705, 0, 0, 8, 3, 10, 0, 0, 0, 0, 1, 1, 1, 0, 0, 0, 2, 0, 0.5, 0, 0, 0, 0, 0, 0, -23.87928009033203, 0.0], [0, 0, 0, 0.17605316638946533, 0, 0, 8, 3, 10, 0, 0, 0, 0, 1, 1, 3, 0, 0, 0, 2, 0, 0.5, 0, 0, 0, 0, 0, 0, -23.87928009033203, 0.0], [0, 0, 0, 0.02865353226661682, 0, 0, 8, 6, 13, 0, 0, 0, 0, 4, 1, 3, 0, 0, 0, 5, 0, 0.5, 0, 0, 0, 0, 0, 0, 2.7414965629577637, 0.007439374923706055], [0, 0, 0, 0.09073230624198914, 0, 0, 8, 5, 12, 0, 0, 0, 0, 3, 1, 3, 0, 0, 0, 4, 0, 0.5, 0, 0, 0, 0, 0, 0, -1.5134034156799316, 0.013852119445800781], [0, 0, 0, 0.03674215078353882, 0, 0, 8, 12, 19, 0, 0, 1, 0, 9, 2, 2, 0, 0, 0, 11, 0, 0.75, 0, 0, 0, 0, 0, 0, -14.784309387207031, 5.313810348510742], [0, 0, 0, 0.008289992809295654, 0, 0, 8, 4, 11, 0, 0, 0, 0, 2, 1, 6, 0, 0, 0, 3, 0, 0.5, 0, 0, 0, 0, 0, 0, -8.277349472045898, 0.18423843383789062], [0, 0, 0, 0.23598933219909668, 0, 0, 8, 5, 12, 0, 0, 0, 0, 3, 1, 4, 0, 0, 0, 4, 0, 0.5, 0, 0, 0, 0, 0, 0, -1.5134034156799316, 0.013852119445800781], [0, 0, 0, 0.03039240837097168, 0, 0, 8, 13, 20, 0, 0, 0, 0, 11, 1, 1, 0, 0, 0, 12, 0, 0.024539877300613498, 0, 0, 0, 0, 0, 0, 7.072245121002197, 0.03718900680541992], [0, 0, 0, 0.018029391765594482, 0, 0, 8, 3, 10, 0, 0, 0, 0, 1, 1, 4, 0, 0, 0, 2, 0, 0.5, 0, 0, 0, 0, 0, 0, -23.87928009033203, 0.0], [0, 0, 0, 0.141121506690979, 0, 0, 8, 4, 11, 0, 0, 0, 0, 2, 1, 3, 0, 0, 0, 3, 0, 0.5, 0, 0, 0, 0, 0, 0, -8.277349472045898, 0.18423843383789062], [0, 0, 0, 0.08905154466629028, 0, 0, 8, 11, 18, 0, 0, 0, 0, 9, 1, 1, 0, 0, 0, 10, 0, 0.5, 0, 0, 0, 0, 0, 0, -14.602638244628906, 0.010264396667480469], [0, 0, 0, 0.09697061777114868, 0, 0, 8, 3, 10, 0, 0, 0, 0, 1, 1, 7, 0, 0, 0, 2, 0, 0.9090909090909091, 0, 0, 0, 0, 0, 0, -23.87928009033203, 0.0], [0, 0, 0, 0.010035425424575806, 0, 0, 8, 13, 20, 0, 0, 0, 0, 11, 1, 2, 0, 0, 0, 12, 0, 0.3333333333333333, 0, 0, 0, 0, 0, 0, 7.0416789054870605, 0.03686952590942383], [0, 0, 0, 0.04140818119049072, 0, 0, 8, 13, 20, 0, 0, 0, 0, 10, 2, 3, 0, 0, 0, 12, 0, 0.6666666666666666, 0, 0, 0, 0, 0, 0, 9.748035430908203, 6.582816123962402], [0, 0, 0, 0.0292205810546875, 0, 0, 8, 7, 14, 0, 0, 0, 0, 5, 1, 2, 0, 0, 0, 6, 0, 0.5, 0, 0, 0, 0, 0, 0, -12.852087020874023, 0.020730018615722656], [0, 0, 0, 0.05475038290023804, 0, 0, 8, 3, 10, 0, 0, 0, 0, 1, 1, 4, 0, 0, 0, 2, 0, 0.6666666666666666, 0, 0, 0, 0, 0, 0, -23.87928009033203, 0.0], [0, 0, 0, 0.17271006107330322, 0, 0, 8, 4, 11, 0, 0, 0, 0, 2, 1, 3, 0, 0, 0, 3, 0, 0.5, 0, 0, 0, 0, 0, 0, 5.5054450035095215, 26.868715286254883], [0, 0, 0, 0.0052155256271362305, 0, 0, 8, 13, 20, 0, 0, 0, 0, 11, 1, 2, 0, 0, 0, 12, 0, 0.25, 0, 0, 0, 0, 0, 0, 13.192227363586426, 0.0009508132934570312], [0, 0, 0, 0.032341569662094116, 0, 0, 8, 13, 20, 0, 0, 0, 0, 8, 3, 2, 0, 0, 0, 12, 0, 0.6666666666666666, 0, 0, 0, 0, 0, 0, -3.4198484420776367, 1.5493216514587402], [0, 0, 0, 0.4471656382083893, 0, 0, 8, 3, 10, 0, 0, 0, 0, 1, 1, 3, 0, 0, 0, 2, 0, 0.6666666666666666, 0, 0, 0, 0, 0, 0, -23.87928009033203, 0.0], [0, 0, 0, 0.016885101795196533, 0, 0, 8, 8, 15, 0, 0, 0, 0, 6, 1, 4, 0, 0, 0, 7, 0, 0.5, 0, 0, 0, 0, 0, 0, 7.784692287445068, 0.0032062530517578125], [0, 0, 0, 0.03366589546203613, 0, 0, 8, 9, 16, 0, 0, 0, 0, 7, 1, 1, 0, 0, 0, 8, 0, 0.125, 0, 0, 0, 0, 0, 0, 9.399728775024414, 0.0023479461669921875], [1, 0, 1, 0.26684993505477905, 1, 0, 8, 13, 20, 1, 0, 1, 1, 5, 7, 2, 0, 0, 0, 12, 1, 0.3333333333333333, 0, 0, 0, 0, 0, 0, -4.2632904052734375, 12.289392471313477], [0, 0, 0, 0.23783689737319946, 0, 0, 8, 13, 20, 0, 0, 0, 0, 8, 4, 3, 0, 0, 0, 12, 0, 0.5, 0, 0, 0, 0, 0, 0, 3.580565929412842, 9.313714981079102], [0, 0, 0, 0.017320409417152405, 0, 0, 8, 4, 11, 0, 0, 0, 0, 2, 1, 4, 0, 0, 0, 3, 0, 0.6666666666666666, 0, 0, 0, 0, 0, 0, -8.277349472045898, 0.18423843383789062], [0, 0, 0, 0.0032932162284851074, 0, 0, 8, 13, 20, 0, 0, 0, 0, 11, 1, 2, 0, 0, 0, 12, 0, 0.5, 0, 0, 0, 0, 0, 0, 13.114957809448242, 0.000926971435546875], [0, 0, 0, 0.004183590412139893, 0, 0, 8, 11, 18, 0, 0, 0, 0, 9, 1, 3, 0, 0, 0, 10, 0, 0.6666666666666666, 0, 0, 0, 0, 0, 0, 15.428483009338379, 13.091548919677734], [1, 0, 0, 0.3441289961338043, 0, 0, 8, 3, 10, 1, 0, 0, 0, 1, 1, 5, 0, 0, 0, 2, 0, 0.75, 0, 0, 0, 0, 0, 0, -23.87928009033203, 0.0], [0, 0, 0, 0.29645372927188873, 0, 0, 8, 4, 11, 0, 0, 0, 0, 2, 1, 4, 0, 0, 0, 3, 0, 0.5, 0, 0, 0, 0, 0, 0, -8.277349472045898, 0.18423843383789062], [0, 0, 0, 0.040826499462127686, 0, 0, 8, 3, 10, 0, 0, 0, 0, 1, 1, 1, 0, 0, 0, 2, 0, 0.07692307692307693, 0, 0, 0, 0, 0, 0, -23.87928009033203, 0.0], [0, 0, 0, 0.01186060905456543, 0, 0, 8, 13, 20, 0, 0, 1, 0, 11, 1, 1, 0, 0, 0, 12, 0, 0.09523809523809523, 0, 0, 0, 0, 0, 0, 13.063285827636719, 0.0009059906005859375], [1, 0, 0, 0.28609269857406616, 1, 0, 8, 4, 11, 1, 1, 1, 0, 2, 1, 6, 0, 0, 0, 3, 1, 0.75, 0, 0, 0, 0, 0, 0, -8.249354362487793, 0.18474102020263672], [0, 0, 0, 0.002864927053451538, 0, 0, 8, 3, 10, 0, 0, 0, 0, 1, 1, 2, 0, 0, 0, 2, 0, 0.25, 0, 0, 0, 0, 0, 0, -23.87928009033203, 0.0], [0, 0, 0, 0.2889140248298645, 0, 0, 8, 3, 10, 0, 0, 0, 0, 1, 1, 3, 0, 0, 0, 2, 0, 0.5, 0, 0, 0, 0, 0, 0, -23.87928009033203, 0.0], [1, 0, 1, 0.0046773552894592285, 0, 0, 8, 4, 11, 1, 0, 1, 1, 2, 1, 3, 0, 0, 0, 3, 0, 0.5, 0, 0, 0, 0, 0, 0, -8.249354362487793, 0.18474102020263672], [0, 0, 0, 0.018669724464416504, 0, 0, 8, 13, 20, 0, 0, 0, 0, 10, 2, 2, 0, 0, 0, 12, 0, 0.5, 0, 0, 0, 0, 0, 0, 6.671794414520264, 5.745826244354248], [1, 0, 1, 0.0052724480628967285, 0, 1, 8, 3, 10, 1, 0, 0, 0, 1, 1, 6, 0, 0, 0, 2, 1, 0.6666666666666666, 0, 0, 1, 0, 0, 0, -8.434097290039062, 26.784992218017578], [0, 0, 0, 0.0018177032470703125, 0, 0, 8, 8, 15, 0, 0, 0, 0, 6, 1, 2, 0, 0, 0, 7, 0, 0.5, 0, 0, 0, 0, 0, 0, -10.66734790802002, 0.01620197296142578], [0, 0, 0, 0.0011161565780639648, 0, 0, 8, 13, 20, 0, 0, 0, 0, 11, 1, 2, 0, 0, 0, 12, 0, 0.5, 0, 0, 0, 0, 0, 0, 13.169757843017578, 0.0009431838989257812], [0, 0, 0, 0.009532272815704346, 0, 0, 8, 3, 10, 0, 0, 0, 0, 1, 1, 6, 0, 0, 0, 2, 0, 0.6666666666666666, 0, 0, 0, 0, 0, 0, -23.87928009033203, 0.0], [0, 0, 0, 0.027660667896270752, 0, 0, 8, 13, 20, 0, 0, 0, 0, 10, 2, 1, 0, 0, 0, 12, 0, 0.024539877300613498, 0, 0, 0, 0, 0, 0, 9.731755256652832, 6.5784783363342285], [1, 0, 1, 0.0115128755569458, 0, 1, 7, 3, 9, 1, 0, 0, 0, 1, 1, 5, 0, 0, 0, 2, 0, 0.5, 0, 0, 1, 0, 0, 0, -8.434097290039062, 26.784992218017578], [0, 0, 0, 0.02007424831390381, 0, 0, 8, 9, 16, 0, 0, 0, 0, 7, 1, 1, 0, 0, 0, 8, 0, 0.07692307692307693, 0, 0, 0, 0, 0, 0, 9.399728775024414, 0.0023479461669921875], [0, 0, 0, 0.10446202754974365, 0, 0, 8, 13, 20, 0, 0, 0, 0, 10, 2, 1, 0, 0, 0, 12, 0, 0.14285714285714285, 0, 0, 0, 0, 0, 0, 6.692428112030029, 5.743158340454102], [0, 0, 0, 0.006107151508331299, 0, 0, 8, 9, 16, 0, 0, 0, 0, 7, 1, 1, 0, 0, 0, 8, 0, 0.15384615384615385, 0, 0, 0, 0, 0, 0, 9.399728775024414, 0.0023479461669921875], [1, 0, 0, 0.0358353853225708, 0, 0, 8, 13, 20, 1, 0, 0, 0, 10, 2, 3, 0, 0, 0, 12, 0, 0.5, 0, 0, 0, 0, 0, 0, 9.799369812011719, 6.572218894958496], [1, 0, 0, 0.01659262180328369, 0, 0, 8, 4, 11, 1, 0, 0, 0, 2, 1, 6, 0, 0, 0, 3, 0, 0.6666666666666666, 0, 0, 0, 0, 0, 0, -8.277349472045898, 0.18423843383789062], [0, 0, 0, 0.012899339199066162, 0, 0, 8, 3, 10, 0, 0, 0, 0, 1, 1, 4, 0, 0, 0, 2, 0, 0.6666666666666666, 0, 0, 0, 0, 0, 0, -23.87928009033203, 0.0], [0, 0, 0, 0.0021908581256866455, 0, 0, 8, 3, 10, 0, 0, 0, 0, 1, 1, 4, 0, 0, 0, 2, 0, 0.6666666666666666, 0, 0, 0, 0, 0, 0, -23.87928009033203, 0.0], [0, 0, 0, 0.01710858941078186, 0, 0, 8, 13, 20, 0, 0, 0, 0, 11, 1, 1, 0, 0, 0, 12, 0, 0.09523809523809523, 0, 0, 0, 0, 0, 0, 13.063285827636719, 0.0009059906005859375], [1, 0, 0, 0.07312503457069397, 0, 0, 8, 6, 13, 1, 0, 0, 0, 4, 1, 2, 0, 0, 0, 5, 0, 0.5, 0, 0, 0, 0, 0, 0, -14.625245094299316, 0.14033794403076172], [0, 0, 0, 0.04392343759536743, 0, 0, 8, 4, 11, 0, 0, 0, 0, 2, 1, 3, 0, 0, 0, 3, 0, 0.5, 0, 0, 0, 0, 0, 0, -8.277349472045898, 0.18423843383789062], [0, 0, 0, 0.027462154626846313, 0, 0, 8, 5, 12, 0, 0, 0, 0, 3, 1, 4, 0, 0, 0, 4, 0, 0.75, 0, 0, 0, 0, 0, 0, -1.5134034156799316, 0.013852119445800781], [1, 0, 1, 0.06816929578781128, 0, 0, 8, 10, 17, 1, 0, 1, 1, 4, 3, 4, 0, 0, 0, 9, 0, 0.5, 0, 0, 0, 0, 0, 0, -31.262117385864258, 0.029016494750976562], [0, 0, 0, 0.008062809705734253, 0, 0, 8, 8, 15, 0, 0, 0, 0, 4, 2, 5, 0, 0, 0, 7, 0, 0.6666666666666666, 0, 0, 0, 0, 0, 0, -26.79206085205078, 0.6199493408203125], [0, 0, 0, 0.011552631855010986, 0, 0, 8, 13, 20, 0, 0, 0, 0, 11, 1, 2, 0, 0, 0, 12, 0, 0.5, 0, 0, 0, 0, 0, 0, 13.114957809448242, 0.000926971435546875], [0, 0, 0, 0.15715092420578003, 0, 0, 8, 4, 11, 0, 0, 0, 0, 2, 1, 5, 0, 0, 0, 3, 0, 0.6666666666666666, 0, 0, 0, 0, 0, 0, -12.955565452575684, 0.1879739761352539], [0, 0, 0, 0.14156587421894073, 0, 0, 8, 3, 10, 0, 0, 0, 0, 1, 1, 2, 0, 0, 0, 2, 0, 0.8, 0, 0, 0, 0, 0, 0, -23.87928009033203, 0.0], [1, 0, 0, 0.05992847681045532, 0, 0, 8, 13, 20, 1, 1, 0, 0, 8, 3, 1, 0, 0, 0, 12, 0, 0.5, 0, 0, 0, 0, 0, 0, -7.762520790100098, 1.3793630599975586], [0, 0, 0, 0.030158817768096924, 0, 0, 8, 13, 20, 0, 0, 0, 0, 11, 1, 2, 0, 0, 0, 12, 0, 0.5, 0, 0, 0, 0, 0, 0, 13.142376899719238, 0.0009298324584960938], [0, 0, 0, 0.10576394200325012, 0, 0, 8, 5, 12, 0, 0, 0, 0, 3, 1, 3, 0, 0, 0, 4, 0, 0.3333333333333333, 0, 0, 0, 0, 0, 0, -1.5134034156799316, 0.013852119445800781], [1, 0, 1, 0.0115128755569458, 0, 1, 7, 3, 9, 1, 0, 0, 0, 1, 1, 5, 0, 0, 0, 2, 0, 0.5, 0, 0, 1, 0, 0, 0, -8.434097290039062, 26.784992218017578], [0, 0, 0, 0.03284776210784912, 0, 0, 8, 8, 15, 0, 0, 0, 0, 6, 1, 1, 0, 0, 0, 7, 0, 0.07692307692307693, 0, 0, 0, 0, 0, 0, 7.784692287445068, 0.0032062530517578125], [0, 0, 0, 0.1745140105485916, 0, 0, 8, 6, 13, 0, 0, 0, 0, 4, 1, 3, 0, 0, 0, 5, 0, 0.6666666666666666, 0, 0, 0, 0, 0, 0, 2.7414965629577637, 0.007439374923706055], [0, 0, 0, 0.25592172145843506, 0, 0, 8, 3, 10, 0, 0, 0, 0, 1, 1, 3, 0, 0, 0, 2, 0, 0.5, 0, 0, 0, 0, 0, 0, -23.87928009033203, 0.0], [0, 0, 0, 0.13060426712036133, 0, 0, 8, 13, 20, 0, 0, 0, 0, 10, 2, 2, 0, 0, 0, 12, 0, 0.6666666666666666, 0, 0, 0, 0, 0, 0, 9.736774444580078, 6.573523044586182], [1, 0, 1, 0.3006300926208496, 1, 1, 8, 3, 10, 1, 0, 0, 0, 1, 1, 4, 0, 0, 0, 2, 1, 0.6666666666666666, 0, 0, 1, 0, 0, 0, -9.105430603027344, 21.17765998840332], [0, 0, 0, 0.009961843490600586, 0, 0, 8, 7, 14, 0, 0, 0, 0, 5, 1, 2, 0, 0, 0, 6, 0, 0.25, 0, 0, 0, 0, 0, 0, -12.852087020874023, 0.020730018615722656], [0, 0, 0, 0.013129949569702148, 0, 0, 8, 13, 20, 0, 0, 1, 0, 11, 1, 1, 0, 0, 0, 12, 0, 0.09523809523809523, 0, 0, 0, 0, 0, 0, 6.919191837310791, 0.03715181350708008], [0, 0, 0, 0.006125777959823608, 0, 0, 8, 13, 20, 0, 0, 0, 0, 11, 1, 1, 0, 0, 0, 12, 0, 0.09523809523809523, 0, 0, 0, 0, 0, 0, 13.063285827636719, 0.0009059906005859375], [0, 0, 0, 0.016864418983459473, 0, 0, 8, 13, 20, 0, 0, 0, 0, 11, 1, 2, 0, 0, 0, 12, 0, 0.25, 0, 0, 0, 0, 0, 0, 13.192227363586426, 0.0009508132934570312], [0, 0, 0, 0.028714895248413086, 0, 0, 8, 13, 20, 0, 0, 0, 0, 11, 1, 1, 0, 0, 0, 12, 0, 0.16666666666666666, 0, 0, 0, 0, 0, 0, 13.201414108276367, 0.0009555816650390625], [0, 0, 0, 0.006869673728942871, 0, 0, 8, 9, 16, 0, 0, 0, 0, 7, 1, 4, 0, 0, 0, 8, 0, 0.5, 0, 0, 0, 0, 0, 0, 9.399728775024414, 0.0023479461669921875], [0, 0, 0, 0.07507702708244324, 0, 0, 8, 13, 20, 0, 0, 0, 0, 11, 1, 2, 0, 0, 0, 12, 0, 0.5, 0, 0, 0, 0, 0, 0, 7.281389236450195, 0.021684646606445312], [1, 0, 0, 0.09716522693634033, 0, 0, 7, 3, 9, 1, 0, 0, 0, 1, 1, 6, 0, 0, 0, 2, 0, 0.8888888888888888, 0, 0, 0, 0, 0, 0, -23.87928009033203, 0.0], [0, 0, 0, 0.06669473648071289, 0, 0, 8, 13, 20, 0, 0, 1, 0, 11, 1, 1, 0, 0, 0, 12, 0, 0.14285714285714285, 0, 0, 0, 0, 0, 0, 7.207245826721191, 0.027016639709472656], [0, 0, 0, 0.005834728479385376, 0, 0, 8, 8, 15, 0, 0, 0, 0, 6, 1, 4, 0, 0, 0, 7, 0, 0.5, 0, 0, 0, 0, 0, 0, 7.784692287445068, 0.0032062530517578125], [0, 0, 0, 0.10246020555496216, 0, 0, 8, 13, 20, 0, 0, 0, 0, 10, 2, 1, 0, 0, 0, 12, 0, 0.024539877300613498, 0, 0, 0, 0, 0, 0, 9.766695976257324, 6.574792385101318], [0, 0, 0, 0.02539774775505066, 0, 0, 8, 13, 20, 0, 0, 0, 0, 11, 1, 2, 0, 0, 0, 12, 0, 0.5, 0, 0, 0, 0, 0, 0, 7.115741729736328, 0.021605491638183594], [0, 0, 0, 0.0001331120729446411, 0, 0, 8, 4, 11, 0, 0, 0, 0, 2, 1, 4, 0, 0, 0, 3, 0, 0.5, 0, 0, 0, 0, 0, 0, -8.277349472045898, 0.18423843383789062], [0, 0, 0, 0.0006375908851623535, 0, 0, 8, 13, 20, 0, 0, 0, 0, 11, 1, 1, 0, 0, 0, 12, 0, 0.10714285714285714, 0, 0, 0, 0, 0, 0, 13.208202362060547, 0.0009593963623046875], [0, 0, 0, 0.05013677477836609, 0, 0, 8, 3, 10, 0, 0, 0, 0, 1, 1, 3, 0, 0, 0, 2, 0, 0.75, 0, 0, 0, 0, 0, 0, -23.87928009033203, 0.0], [0, 0, 0, 0.00838768482208252, 0, 0, 8, 7, 14, 0, 0, 0, 0, 5, 1, 2, 0, 0, 0, 6, 0, 0.25, 0, 0, 0, 0, 0, 0, -12.852087020874023, 0.020730018615722656], [1, 0, 0, 0.00027614831924438477, 1, 0, 8, 5, 12, 1, 0, 1, 0, 3, 1, 6, 0, 0, 0, 4, 0, 0.9090909090909091, 0, 0, 0, 0, 0, 0, -1.4941151142120361, 0.013974666595458984], [0, 0, 0, 0.29904110729694366, 0, 0, 8, 3, 10, 0, 0, 0, 0, 1, 1, 3, 0, 0, 0, 2, 0, 0.5, 0, 0, 0, 0, 0, 0, -23.87928009033203, 0.0], [0, 0, 0, 0.07806539535522461, 0, 0, 8, 13, 20, 0, 0, 0, 0, 9, 2, 3, 0, 0, 0, 12, 0, 0.5714285714285714, 0, 0, 0, 0, 0, 0, -0.16677135229110718, 0.0068318843841552734], [0, 0, 0, 0.055869728326797485, 0, 0, 8, 11, 18, 0, 0, 0, 0, 7, 2, 5, 0, 0, 0, 10, 0, 0.5, 0, 0, 0, 0, 0, 0, -25.885236740112305, 0.02655029296875], [0, 0, 0, 0.006707340478897095, 0, 0, 8, 8, 15, 0, 0, 0, 0, 6, 1, 1, 0, 0, 0, 7, 0, 0.03571428571428571, 0, 0, 0, 0, 0, 0, -10.66734790802002, 0.01620197296142578], [0, 0, 0, 0.0306318998336792, 0, 0, 8, 13, 20, 0, 0, 0, 0, 11, 1, 3, 0, 0, 0, 12, 0, 0.5, 0, 0, 0, 0, 0, 0, 7.281389236450195, 0.021684646606445312], [0, 0, 0, 0.1108095645904541, 0, 0, 8, 10, 17, 0, 0, 0, 0, 8, 1, 2, 0, 0, 0, 9, 0, 0.5, 0, 0, 0, 0, 0, 0, -11.752466201782227, 0.05997753143310547], [0, 0, 0, 0.04306033253669739, 0, 0, 8, 11, 18, 0, 0, 0, 0, 9, 1, 3, 0, 0, 0, 10, 0, 0.6666666666666666, 0, 0, 0, 0, 0, 0, -6.881231307983398, 0.04505491256713867], [0, 0, 0, 0.04608398675918579, 0, 0, 8, 13, 20, 0, 0, 0, 0, 11, 1, 1, 0, 0, 0, 12, 0, 0.041666666666666664, 0, 0, 0, 0, 0, 0, 13.123127937316895, 0.0009279251098632812], [0, 0, 0, 0.028350889682769775, 0, 0, 8, 5, 12, 0, 0, 0, 0, 3, 1, 2, 0, 0, 0, 4, 0, 0.4, 0, 0, 0, 0, 0, 0, -1.5134034156799316, 0.013852119445800781], [0, 0, 0, 0.10131591558456421, 0, 0, 8, 13, 20, 0, 0, 0, 0, 11, 1, 1, 0, 0, 0, 12, 0, 0.024539877300613498, 0, 0, 0, 0, 0, 0, 13.204731941223145, 0.0009508132934570312], [0, 0, 0, 0.3036762475967407, 0, 0, 8, 3, 10, 0, 0, 0, 0, 1, 1, 3, 0, 0, 0, 2, 0, 0.5, 0, 0, 0, 0, 0, 0, -23.87928009033203, 0.0], [0, 0, 0, 0.06417196989059448, 0, 0, 8, 13, 20, 0, 0, 0, 0, 7, 4, 1, 0, 0, 0, 12, 0, 0.5, 0, 0, 0, 0, 0, 0, -6.437603950500488, 3.0277833938598633], [0, 0, 0, 0.16474592685699463, 0, 0, 8, 3, 10, 0, 0, 0, 0, 1, 1, 4, 0, 0, 0, 2, 0, 0.6666666666666666, 0, 0, 0, 0, 0, 0, -23.87928009033203, 0.0], [1, 0, 0, 0.006876170635223389, 0, 0, 8, 3, 10, 1, 0, 0, 0, 1, 1, 1, 0, 0, 0, 2, 0, 0.14285714285714285, 0, 0, 0, 0, 0, 0, -23.87928009033203, 0.0], [0, 0, 0, 0.071462482213974, 0, 0, 8, 13, 20, 0, 0, 1, 0, 10, 2, 3, 0, 0, 0, 12, 0, 0.6, 0, 0, 0, 0, 0, 0, 9.777767181396484, 6.567569255828857], [0, 0, 0, 0.0016846060752868652, 0, 0, 8, 13, 20, 0, 0, 0, 0, 11, 1, 1, 0, 0, 0, 12, 0, 0.14285714285714285, 0, 0, 0, 0, 0, 0, 13.208202362060547, 0.0009593963623046875], [0, 0, 0, 0.10222849249839783, 0, 0, 8, 3, 10, 0, 0, 0, 0, 1, 1, 3, 0, 0, 0, 2, 0, 0.3333333333333333, 0, 0, 0, 0, 0, 0, -23.87928009033203, 0.0], [0, 0, 0, 0.04382750391960144, 0, 0, 8, 13, 20, 0, 0, 0, 0, 11, 1, 1, 0, 0, 0, 12, 0, 0.041666666666666664, 0, 0, 0, 0, 0, 0, 13.123127937316895, 0.0009279251098632812], [0, 0, 0, 0.002766728401184082, 0, 0, 8, 4, 11, 0, 0, 0, 0, 2, 1, 5, 0, 0, 0, 3, 0, 0.5, 0, 0, 0, 0, 0, 0, -8.277349472045898, 0.18423843383789062], [0, 0, 0, 5.46574592590332e-05, 0, 0, 8, 3, 10, 0, 0, 0, 0, 1, 1, 2, 0, 0, 0, 2, 0, 0.5, 0, 0, 0, 0, 0, 0, -23.87928009033203, 0.0], [0, 0, 0, 0.001266181468963623, 0, 0, 8, 4, 11, 0, 0, 0, 0, 2, 1, 4, 0, 0, 0, 3, 0, 0.6666666666666666, 0, 0, 0, 0, 0, 0, -8.277349472045898, 0.18423843383789062], [0, 0, 0, 0.12227487564086914, 0, 0, 8, 12, 19, 0, 0, 0, 0, 7, 4, 1, 0, 0, 0, 11, 0, 0.5, 0, 0, 0, 0, 0, 0, -18.777538299560547, 8.655939102172852], [0, 0, 0, 0.04530306160449982, 0, 0, 8, 10, 17, 0, 0, 0, 0, 8, 1, 3, 0, 0, 0, 9, 0, 0.5, 0, 0, 0, 0, 0, 0, -11.752466201782227, 0.05997753143310547], [0, 0, 0, 0.03480014204978943, 0, 0, 8, 6, 13, 0, 0, 0, 0, 4, 1, 2, 0, 0, 0, 5, 0, 0.5, 0, 0, 0, 0, 0, 0, -14.625245094299316, 0.14033794403076172], [0, 0, 0, 0.019764065742492676, 0, 0, 8, 3, 10, 0, 0, 0, 0, 1, 1, 1, 0, 0, 0, 2, 0, 0.5, 0, 0, 0, 0, 0, 0, -23.87928009033203, 0.0], [0, 0, 0, 0.06096753478050232, 0, 0, 8, 13, 20, 0, 0, 0, 0, 11, 1, 1, 0, 0, 0, 12, 0, 0.041666666666666664, 0, 0, 0, 0, 0, 0, 13.123127937316895, 0.0009279251098632812], [0, 0, 0, 0.01203453540802002, 0, 0, 8, 4, 11, 0, 0, 0, 0, 2, 1, 3, 0, 0, 0, 3, 0, 0.5, 0, 0, 0, 0, 0, 0, -8.277349472045898, 0.18423843383789062], [0, 0, 0, 0.046979159116744995, 0, 0, 8, 5, 12, 0, 0, 0, 0, 3, 1, 2, 0, 0, 0, 4, 0, 0.25, 0, 0, 0, 0, 0, 0, -7.200928688049316, 0.10584545135498047], [0, 0, 0, 0.005835294723510742, 0, 0, 8, 3, 10, 0, 0, 0, 0, 1, 1, 5, 0, 0, 0, 2, 0, 0.6666666666666666, 0, 0, 0, 0, 0, 0, -23.87928009033203, 0.0], [0, 0, 0, 0.02161392569541931, 0, 0, 8, 3, 10, 0, 0, 0, 0, 1, 1, 3, 0, 0, 0, 2, 0, 0.5, 0, 0, 0, 0, 0, 0, -23.87928009033203, 0.0], [0, 0, 0, 0.08664080500602722, 0, 0, 8, 10, 17, 0, 0, 0, 0, 8, 1, 3, 0, 0, 0, 9, 0, 0.5, 0, 0, 0, 0, 0, 0, -11.752466201782227, 0.05997753143310547], [1, 0, 1, 0.12257343530654907, 1, 0, 8, 8, 15, 1, 0, 1, 1, 4, 3, 3, 0, 0, 0, 7, 1, 0.5, 0, 0, 0, 0, 0, 0, -2.3532419204711914, 14.070996284484863], [1, 0, 1, 0.06272399425506592, 1, 0, 7, 10, 16, 1, 0, 1, 1, 2, 7, 6, 0, 0, 0, 9, 1, 0.6666666666666666, 0, 0, 0, 0, 0, 0, -23.604290008544922, 19.243587493896484], [1, 0, 1, 0.021265089511871338, 1, 0, 8, 4, 11, 1, 0, 1, 1, 2, 1, 4, 0, 0, 0, 3, 0, 0.6666666666666666, 0, 0, 0, 0, 0, 0, -8.249354362487793, 0.18474102020263672], [0, 0, 0, 0.1374991536140442, 0, 0, 8, 12, 19, 0, 0, 0, 0, 7, 4, 1, 0, 0, 0, 11, 0, 0.5, 0, 0, 0, 0, 0, 0, -18.090892791748047, 2.258209228515625], [0, 0, 0, 0.050578534603118896, 0, 0, 8, 3, 10, 0, 0, 0, 0, 1, 1, 2, 0, 0, 0, 2, 0, 0.3333333333333333, 0, 0, 0, 0, 0, 0, -23.87928009033203, 0.0], [0, 0, 0, 0.002046823501586914, 0, 0, 8, 13, 20, 0, 0, 0, 0, 10, 2, 3, 0, 0, 0, 12, 0, 0.6666666666666666, 0, 0, 0, 0, 0, 0, 9.774373054504395, 6.577840328216553], [0, 0, 0, 0.22942128777503967, 0, 0, 8, 3, 10, 0, 0, 0, 0, 1, 1, 3, 0, 0, 0, 2, 0, 0.5, 0, 0, 0, 0, 0, 0, -23.87928009033203, 0.0], [0, 0, 0, 0.02142202854156494, 0, 0, 8, 13, 20, 0, 0, 0, 0, 11, 1, 2, 0, 0, 0, 12, 0, 0.3333333333333333, 0, 0, 0, 0, 0, 0, 16.350704193115234, 12.615638732910156], [0, 0, 0, 0.002316981554031372, 0, 0, 8, 4, 11, 0, 0, 0, 0, 2, 1, 2, 0, 0, 0, 3, 0, 0.3333333333333333, 0, 0, 0, 0, 0, 0, -8.277349472045898, 0.18423843383789062], [0, 0, 0, 0.017447948455810547, 0, 0, 8, 13, 20, 0, 0, 0, 0, 11, 1, 2, 0, 0, 0, 12, 0, 0.6666666666666666, 0, 0, 0, 0, 0, 0, 13.208202362060547, 0.0009593963623046875], [1, 0, 0, 0.06532061100006104, 0, 0, 8, 13, 20, 1, 0, 1, 0, 9, 2, 4, 0, 0, 0, 12, 0, 0.75, 0, 0, 0, 0, 0, 0, -0.18323630094528198, 0.00696408748626709], [0, 0, 0, 0.014895975589752197, 0, 0, 8, 3, 10, 0, 1, 0, 0, 1, 1, 2, 0, 0, 0, 2, 0, 0.5, 0, 0, 0, 0, 0, 0, -23.87928009033203, 0.0], [0, 0, 0, 0.08032417297363281, 0, 0, 8, 4, 11, 0, 0, 0, 0, 2, 1, 3, 0, 0, 0, 3, 0, 0.6666666666666666, 0, 0, 0, 0, 0, 0, -8.277349472045898, 0.18423843383789062], [0, 0, 0, 0.0, 0, 0, 8, 8, 15, 0, 0, 0, 0, 6, 1, 5, 0, 0, 0, 7, 0, 0.5, 0, 0, 0, 0, 0, 0, 7.784692287445068, 0.0032062530517578125], [0, 0, 0, 0.046376049518585205, 0, 0, 8, 3, 10, 0, 0, 0, 0, 1, 1, 4, 0, 0, 0, 2, 0, 0.5, 0, 0, 0, 0, 0, 0, -23.87928009033203, 0.0], [0, 0, 0, 0.18638312816619873, 0, 0, 8, 6, 13, 0, 0, 1, 0, 4, 1, 5, 0, 0, 0, 5, 0, 0.6666666666666666, 0, 0, 0, 0, 0, 0, -14.606325149536133, 0.14033222198486328], [0, 0, 0, 0.1642972230911255, 0, 0, 8, 5, 12, 0, 0, 0, 0, 3, 1, 6, 0, 0, 0, 4, 0, 0.6666666666666666, 0, 0, 0, 0, 0, 0, -1.5134034156799316, 0.013852119445800781], [0, 0, 0, 0.002391993999481201, 0, 0, 8, 3, 10, 0, 0, 0, 0, 1, 1, 6, 0, 0, 0, 2, 0, 0.75, 0, 0, 0, 0, 0, 0, -23.87928009033203, 0.0], [0, 0, 0, 0.11818701028823853, 0, 0, 8, 13, 20, 0, 0, 1, 0, 10, 2, 3, 0, 0, 0, 12, 0, 0.5714285714285714, 0, 0, 0, 0, 0, 0, 9.796951293945312, 6.563046932220459], [1, 0, 0, 0.008738279342651367, 1, 0, 8, 6, 13, 1, 0, 1, 0, 4, 1, 1, 0, 0, 0, 5, 0, 0.75, 0, 0, 0, 0, 0, 0, 2.756108283996582, 0.007489204406738281], [0, 0, 0, 0.014033108949661255, 0, 0, 8, 13, 20, 0, 0, 0, 0, 10, 2, 1, 0, 0, 0, 12, 0, 0.09523809523809523, 0, 0, 0, 0, 0, 0, 9.616191864013672, 6.582784175872803], [0, 0, 0, 0.02139747142791748, 0, 0, 8, 13, 20, 0, 0, 0, 0, 11, 1, 1, 0, 0, 0, 12, 0, 0.041666666666666664, 0, 0, 0, 0, 0, 0, 13.123127937316895, 0.0009279251098632812], [0, 0, 0, 0.009532332420349121, 0, 0, 8, 3, 10, 0, 0, 0, 0, 1, 1, 6, 0, 0, 0, 2, 0, 0.6666666666666666, 0, 0, 0, 0, 0, 0, -23.87928009033203, 0.0], [0, 0, 0, 0.02317407727241516, 0, 0, 8, 13, 20, 0, 0, 0, 0, 11, 1, 3, 0, 0, 0, 12, 0, 0.5, 0, 0, 0, 0, 0, 0, 16.435792922973633, 12.635396957397461], [0, 0, 0, 0.05302786827087402, 0, 0, 8, 3, 10, 0, 0, 0, 0, 1, 1, 3, 0, 0, 0, 2, 0, 0.5, 0, 0, 0, 0, 0, 0, -23.87928009033203, 0.0], [0, 0, 0, 0.1282743513584137, 0, 0, 8, 6, 13, 0, 0, 0, 0, 4, 1, 2, 0, 0, 0, 5, 0, 0.4, 0, 0, 0, 0, 0, 0, 2.7414965629577637, 0.007439374923706055], [0, 0, 0, 0.24825215339660645, 0, 0, 8, 13, 20, 0, 0, 0, 0, 8, 4, 3, 0, 0, 0, 12, 0, 0.5, 0, 0, 0, 0, 0, 0, 3.580565929412842, 9.313714981079102], [0, 0, 0, 0.007562160491943359, 0, 0, 8, 3, 10, 0, 0, 0, 0, 1, 1, 1, 0, 0, 0, 2, 0, 0.15384615384615385, 0, 0, 0, 0, 0, 0, -23.87928009033203, 0.0], [0, 0, 0, 0.008444726467132568, 0, 0, 8, 9, 16, 0, 0, 0, 0, 6, 2, 3, 0, 0, 0, 8, 0, 0.6666666666666666, 0, 0, 0, 0, 0, 0, 4.562582492828369, 9.998767852783203], [0, 0, 0, 0.08687955141067505, 0, 0, 8, 8, 15, 0, 0, 0, 0, 6, 1, 2, 0, 0, 0, 7, 0, 0.75, 0, 0, 0, 0, 0, 0, -10.66734790802002, 0.01620197296142578], [0, 0, 0, 0.05958333611488342, 0, 0, 8, 11, 18, 0, 0, 0, 0, 9, 1, 2, 0, 0, 0, 10, 0, 0.6666666666666666, 0, 0, 0, 0, 0, 0, 15.428483009338379, 13.091548919677734], [0, 0, 0, 0.012057274580001831, 0, 0, 8, 13, 20, 0, 0, 0, 0, 11, 1, 1, 0, 0, 0, 12, 0, 0.09523809523809523, 0, 0, 0, 0, 0, 0, 13.063285827636719, 0.0009059906005859375], [0, 0, 0, 0.015436440706253052, 0, 0, 8, 13, 20, 0, 0, 0, 0, 11, 1, 1, 0, 0, 0, 12, 0, 0.09523809523809523, 0, 0, 0, 0, 0, 0, 13.063285827636719, 0.0009059906005859375], [0, 0, 0, 0.007197380065917969, 0, 0, 8, 7, 14, 0, 0, 0, 0, 5, 1, 3, 0, 0, 0, 6, 0, 0.5, 0, 0, 0, 0, 0, 0, -14.752801895141602, 0.05225181579589844], [0, 0, 0, 0.38522398471832275, 0, 0, 8, 3, 10, 0, 0, 0, 0, 1, 1, 3, 0, 0, 0, 2, 0, 0.5, 0, 0, 0, 0, 0, 0, -23.87928009033203, 0.0], [0, 0, 0, 0.01151496171951294, 0, 0, 8, 3, 10, 0, 0, 0, 0, 1, 1, 4, 0, 0, 0, 2, 0, 0.5, 0, 0, 0, 0, 0, 0, -23.87928009033203, 0.0], [0, 0, 0, 0.03011023998260498, 0, 0, 8, 13, 20, 0, 0, 0, 0, 11, 1, 1, 0, 0, 0, 12, 0, 0.024539877300613498, 0, 0, 0, 0, 0, 0, 13.128188133239746, 0.0009326934814453125], [0, 0, 0, 0.01553112268447876, 0, 0, 8, 5, 12, 0, 0, 0, 0, 2, 2, 3, 0, 0, 0, 4, 0, 0.5, 0, 0, 0, 0, 0, 0, -9.271890640258789, 24.35039710998535], [0, 0, 0, 0.09304404258728027, 0, 0, 8, 4, 11, 0, 0, 0, 0, 2, 1, 3, 0, 0, 0, 3, 0, 0.5, 0, 0, 0, 0, 0, 0, -8.277349472045898, 0.18423843383789062], [0, 0, 0, 0.06596720218658447, 0, 0, 8, 13, 20, 0, 0, 0, 0, 7, 5, 1, 0, 0, 0, 12, 0, 0.5, 0, 0, 0, 0, 0, 0, 0.6455938220024109, 10.468549728393555], [1, 0, 1, 0.057989418506622314, 0, 0, 8, 10, 17, 1, 0, 1, 1, 2, 5, 6, 0, 0, 0, 9, 1, 0.75, 0, 0, 0, 0, 0, 0, -39.47626876831055, 3.932384490966797], [0, 0, 0, 0.03452366590499878, 0, 0, 8, 13, 20, 0, 0, 0, 0, 11, 1, 2, 0, 0, 0, 12, 0, 0.5, 0, 0, 0, 0, 0, 0, 13.142376899719238, 0.0009298324584960938], [1, 0, 1, 0.01915431022644043, 0, 0, 8, 4, 11, 1, 0, 1, 1, 2, 1, 6, 0, 0, 0, 3, 0, 0.6666666666666666, 0, 0, 0, 0, 0, 0, -8.249354362487793, 0.18474102020263672], [0, 0, 0, 0.0, 0, 0, 8, 3, 10, 0, 0, 0, 0, 1, 1, 5, 0, 0, 0, 2, 0, 0.75, 0, 0, 0, 0, 0, 0, -23.87928009033203, 0.0], [0, 0, 0, 0.053941309452056885, 0, 0, 8, 7, 14, 0, 0, 0, 0, 4, 2, 2, 0, 0, 0, 6, 0, 0.6666666666666666, 0, 0, 0, 0, 0, 0, -0.446235716342926, 13.52661418914795], [0, 0, 0, 0.027427256107330322, 0, 0, 8, 3, 10, 0, 0, 0, 0, 1, 1, 6, 0, 0, 0, 2, 0, 0.75, 0, 0, 0, 0, 0, 0, -23.87928009033203, 0.0], [0, 0, 0, 0.185896098613739, 0, 0, 8, 3, 10, 0, 0, 0, 0, 1, 1, 5, 0, 0, 0, 2, 0, 0.6666666666666666, 0, 0, 0, 0, 0, 0, -23.87928009033203, 0.0], [0, 0, 0, 0.0076901912689208984, 0, 0, 8, 8, 15, 0, 0, 0, 0, 6, 1, 1, 0, 0, 0, 7, 0, 0.1111111111111111, 0, 0, 0, 0, 0, 0, -10.66734790802002, 0.01620197296142578], [0, 0, 0, 0.003033459186553955, 0, 0, 8, 9, 16, 0, 0, 0, 0, 6, 2, 5, 0, 0, 0, 8, 0, 0.6666666666666666, 0, 0, 0, 0, 0, 0, 4.557624816894531, 9.99389934539795], [0, 0, 0, 0.0463637113571167, 0, 0, 8, 6, 13, 0, 0, 0, 0, 4, 1, 1, 0, 0, 0, 5, 0, 0.15789473684210525, 0, 0, 0, 0, 0, 0, -14.625245094299316, 0.14033794403076172], [0, 0, 0, 0.01346677541732788, 0, 0, 8, 13, 20, 0, 0, 0, 0, 11, 1, 1, 0, 0, 0, 12, 0, 0.09523809523809523, 0, 0, 0, 0, 0, 0, 6.954827785491943, 0.026936054229736328], [1, 0, 1, 0.0026130080223083496, 1, 0, 8, 4, 11, 1, 1, 1, 1, 2, 1, 4, 0, 0, 0, 3, 1, 0.6666666666666666, 0, 0, 0, 0, 0, 0, -8.249354362487793, 0.18474102020263672], [1, 0, 0, 0.03468596935272217, 0, 0, 8, 5, 12, 1, 0, 0, 0, 3, 1, 4, 0, 0, 0, 4, 0, 0.5, 0, 0, 0, 0, 0, 0, -1.5134034156799316, 0.013852119445800781], [0, 0, 0, 0.16946560144424438, 0, 0, 8, 6, 13, 0, 0, 0, 0, 4, 1, 4, 0, 0, 0, 5, 0, 0.6, 0, 0, 0, 0, 0, 0, 2.7414965629577637, 0.007439374923706055], [0, 0, 0, 0.054032087326049805, 0, 0, 8, 3, 10, 0, 0, 0, 0, 1, 1, 2, 0, 0, 0, 2, 0, 0.4, 0, 0, 0, 0, 0, 0, -23.87928009033203, 0.0], [0, 0, 0, 0.0012017488479614258, 0, 0, 8, 4, 11, 0, 0, 0, 0, 2, 1, 3, 0, 0, 0, 3, 0, 0.5, 0, 0, 0, 0, 0, 0, -8.277349472045898, 0.18423843383789062], [0, 0, 0, 0.0197221040725708, 0, 0, 8, 4, 11, 0, 0, 0, 0, 2, 1, 1, 0, 0, 0, 3, 0, 0.5, 0, 0, 0, 0, 0, 0, -8.277349472045898, 0.18423843383789062], [1, 0, 0, 0.20247244834899902, 0, 0, 8, 4, 11, 1, 0, 0, 0, 2, 1, 5, 0, 0, 0, 3, 0, 0.5, 0, 0, 0, 0, 0, 0, -10.123412132263184, 0.19946670532226562], [0, 0, 0, 0.042643457651138306, 0, 0, 8, 6, 13, 0, 0, 0, 0, 4, 1, 3, 0, 0, 0, 5, 0, 0.5, 0, 0, 0, 0, 0, 0, -14.625245094299316, 0.14033794403076172], [0, 0, 0, 0.024774253368377686, 0, 0, 8, 12, 19, 0, 0, 0, 0, 9, 2, 1, 0, 0, 0, 11, 0, 0.3333333333333333, 0, 0, 0, 0, 0, 0, -12.968775749206543, 6.867749214172363], [0, 0, 0, 0.006004691123962402, 0, 0, 8, 9, 16, 0, 0, 0, 0, 7, 1, 1, 0, 0, 0, 8, 0, 0.07692307692307693, 0, 0, 0, 0, 0, 0, 9.399728775024414, 0.0023479461669921875], [0, 0, 0, 0.07880604267120361, 0, 0, 8, 3, 10, 0, 0, 0, 0, 1, 1, 1, 0, 0, 0, 2, 0, 0.16666666666666666, 0, 0, 0, 0, 0, 0, -23.87928009033203, 0.0], [0, 0, 0, 0.0434514582157135, 0, 0, 8, 13, 20, 0, 0, 0, 0, 11, 1, 1, 0, 0, 0, 12, 0, 0.024539877300613498, 0, 0, 0, 0, 0, 0, 13.128188133239746, 0.0009326934814453125], [0, 0, 0, 0.015517786145210266, 0, 0, 8, 10, 17, 0, 0, 0, 0, 8, 1, 3, 0, 0, 0, 9, 0, 0.5, 0, 0, 0, 0, 0, 0, -11.752466201782227, 0.05997753143310547], [0, 0, 0, 0.06550157070159912, 0, 0, 8, 7, 14, 0, 0, 0, 0, 4, 2, 2, 0, 0, 0, 6, 0, 0.6666666666666666, 0, 0, 0, 0, 0, 0, -0.39829903841018677, 13.533777236938477], [0, 0, 0, 0.03616863489151001, 0, 0, 8, 13, 20, 0, 0, 0, 0, 11, 1, 2, 0, 0, 0, 12, 0, 0.5, 0, 0, 0, 0, 0, 0, 13.142376899719238, 0.0009298324584960938], [0, 0, 0, 0.080914705991745, 0, 0, 8, 7, 14, 0, 0, 0, 0, 5, 1, 3, 0, 0, 0, 6, 0, 0.5, 0, 0, 0, 0, 0, 0, 5.660093307495117, 0.004659175872802734], [0, 0, 0, 0.0, 0, 0, 8, 3, 10, 0, 0, 0, 0, 1, 1, 4, 0, 0, 0, 2, 0, 0.5, 0, 0, 0, 0, 0, 0, -23.87928009033203, 0.0], [0, 0, 0, 0.01814103126525879, 0, 0, 8, 13, 20, 0, 0, 0, 0, 10, 2, 1, 0, 0, 0, 12, 0, 0.09523809523809523, 0, 0, 0, 0, 0, 0, 9.611069679260254, 6.581833839416504], [0, 0, 0, 0.00893595814704895, 0, 0, 8, 4, 11, 0, 0, 0, 0, 2, 1, 3, 0, 0, 0, 3, 0, 0.3333333333333333, 0, 0, 0, 0, 0, 0, -8.277349472045898, 0.18423843383789062], [0, 0, 0, 0.033178091049194336, 0, 0, 8, 13, 20, 0, 0, 1, 0, 11, 1, 2, 0, 0, 0, 12, 0, 0.5, 0, 0, 0, 0, 0, 0, 13.23824691772461, 0.0009679794311523438], [0, 0, 0, 0.017986595630645752, 0, 0, 8, 5, 12, 0, 0, 0, 0, 3, 1, 3, 0, 0, 0, 4, 0, 0.6, 0, 0, 0, 0, 0, 0, -1.5134034156799316, 0.013852119445800781], [0, 0, 0, 0.008599460124969482, 0, 0, 8, 13, 20, 0, 0, 1, 0, 8, 3, 1, 0, 0, 0, 12, 0, 0.75, 0, 0, 0, 0, 0, 0, -3.3507494926452637, 1.5422263145446777], [0, 0, 0, 0.024025440216064453, 0, 0, 8, 13, 20, 0, 0, 0, 0, 10, 2, 2, 0, 0, 0, 12, 0, 0.3333333333333333, 0, 0, 0, 0, 0, 0, 9.738208770751953, 6.567164421081543], [1, 0, 0, 0.05992847681045532, 0, 0, 8, 13, 20, 1, 0, 1, 0, 11, 1, 1, 0, 0, 0, 12, 0, 0.5, 0, 0, 0, 0, 0, 0, 13.159566879272461, 0.0009403228759765625], [0, 0, 0, 0.004077434539794922, 0, 0, 8, 3, 10, 0, 0, 0, 0, 1, 1, 6, 0, 0, 0, 2, 0, 0.5, 0, 0, 0, 0, 0, 0, -23.87928009033203, 0.0], [0, 0, 0, 0.013016343116760254, 0, 0, 8, 5, 12, 0, 0, 0, 0, 3, 1, 3, 0, 0, 0, 4, 0, 0.6666666666666666, 0, 0, 0, 0, 0, 0, -1.5134034156799316, 0.013852119445800781], [0, 0, 0, 0.01213875412940979, 0, 0, 8, 13, 20, 0, 0, 0, 0, 11, 1, 1, 0, 0, 0, 12, 0, 0.10714285714285714, 0, 0, 0, 0, 0, 0, 13.208202362060547, 0.0009593963623046875], [0, 0, 0, 0.015146613121032715, 0, 0, 8, 13, 20, 0, 0, 0, 0, 11, 1, 1, 0, 0, 0, 12, 0, 0.09523809523809523, 0, 0, 0, 0, 0, 0, 13.063285827636719, 0.0009059906005859375], [1, 0, 0, 0.028421998023986816, 0, 0, 8, 13, 20, 1, 0, 0, 0, 7, 2, 1, 0, 0, 0, 12, 0, 0.5, 0, 0, 0, 0, 0, 0, -20.26861000061035, 0.00084686279296875], [0, 0, 0, 0.011705875396728516, 0, 0, 8, 10, 17, 0, 0, 0, 0, 7, 2, 1, 0, 0, 0, 9, 0, 0.15384615384615385, 0, 0, 0, 0, 0, 0, -11.05989933013916, 8.211176872253418], [0, 0, 0, 0.023631572723388672, 0, 0, 8, 3, 10, 0, 0, 0, 0, 1, 1, 4, 0, 0, 0, 2, 0, 0.5, 0, 0, 0, 0, 0, 0, -23.87928009033203, 0.0], [0, 0, 0, 0.027427315711975098, 0, 0, 8, 3, 10, 0, 0, 0, 0, 1, 1, 6, 0, 0, 0, 2, 0, 0.75, 0, 0, 0, 0, 0, 0, -23.87928009033203, 0.0], [0, 0, 0, 0.0019927024841308594, 0, 0, 8, 7, 14, 0, 0, 0, 0, 4, 2, 4, 0, 0, 0, 6, 0, 0.6666666666666666, 0, 0, 0, 0, 0, 0, -18.609834671020508, 12.957290649414062], [0, 0, 0, 0.08917927742004395, 0, 0, 8, 12, 19, 0, 0, 0, 0, 5, 5, 2, 0, 0, 0, 11, 0, 0.5, 0, 0, 0, 0, 0, 0, -27.758249282836914, 5.27299690246582], [0, 0, 0, 0.03333812952041626, 0, 0, 8, 6, 13, 0, 0, 1, 0, 4, 1, 4, 0, 0, 0, 5, 0, 0.5, 0, 0, 0, 0, 0, 0, -14.606325149536133, 0.14033222198486328], [0, 0, 0, 0.006483405828475952, 0, 0, 8, 6, 13, 0, 0, 0, 0, 4, 1, 3, 0, 0, 0, 5, 0, 0.6666666666666666, 0, 0, 0, 0, 0, 0, -14.625245094299316, 0.14033794403076172], [0, 0, 0, 0.029482543468475342, 0, 0, 8, 4, 11, 0, 0, 0, 0, 2, 1, 3, 0, 0, 0, 3, 0, 0.6, 0, 0, 0, 0, 0, 0, -8.277349472045898, 0.18423843383789062], [0, 0, 0, 0.06388883292675018, 0, 0, 8, 4, 11, 0, 0, 0, 0, 2, 1, 2, 0, 0, 0, 3, 0, 0.5, 0, 0, 0, 0, 0, 0, -8.277349472045898, 0.18423843383789062], [0, 0, 0, 0.041045039892196655, 0, 0, 8, 8, 15, 0, 0, 0, 0, 6, 1, 4, 0, 0, 0, 7, 0, 0.6666666666666666, 0, 0, 0, 0, 0, 0, -10.495408058166504, 0.07116317749023438], [0, 0, 0, 0.008610963821411133, 0, 0, 8, 3, 10, 0, 0, 0, 0, 1, 1, 3, 0, 0, 0, 2, 0, 0.5, 0, 0, 0, 0, 0, 0, -23.87928009033203, 0.0], [0, 0, 0, 0.0834200382232666, 0, 0, 8, 4, 11, 0, 0, 0, 0, 2, 1, 5, 0, 0, 0, 3, 0, 0.5, 0, 0, 0, 0, 0, 0, -8.277349472045898, 0.18423843383789062], [0, 0, 0, 0.2246677279472351, 0, 0, 8, 3, 10, 0, 0, 0, 0, 1, 1, 3, 0, 0, 0, 2, 0, 0.6666666666666666, 0, 0, 0, 0, 0, 0, -23.87928009033203, 0.0], [0, 0, 0, 0.011892437934875488, 0, 0, 8, 13, 20, 0, 0, 0, 0, 11, 1, 1, 0, 0, 0, 12, 0, 0.03389830508474576, 0, 0, 0, 0, 0, 0, 13.169757843017578, 0.0009431838989257812], [1, 0, 1, 0.15205171704292297, 0, 0, 8, 9, 16, 1, 0, 1, 1, 6, 2, 2, 0, 0, 0, 8, 0, 0.4, 0, 0, 0, 0, 0, 0, 4.588178634643555, 10.008576393127441], [0, 0, 0, 0.06765273213386536, 0, 0, 8, 13, 20, 0, 0, 0, 0, 11, 1, 1, 0, 0, 0, 12, 0, 0.024539877300613498, 0, 0, 0, 0, 0, 0, 13.169757843017578, 0.0009431838989257812], [0, 0, 0, 0.003549516201019287, 0, 0, 8, 13, 20, 0, 0, 0, 0, 11, 1, 2, 0, 0, 0, 12, 0, 0.5, 0, 0, 0, 0, 0, 0, 13.176566123962402, 0.0009489059448242188], [0, 0, 0, 0.05097144842147827, 0, 0, 8, 3, 10, 0, 0, 0, 0, 1, 1, 2, 0, 0, 0, 2, 0, 0.5, 0, 0, 0, 0, 0, 0, -23.87928009033203, 0.0], [0, 0, 0, 0.05073380470275879, 0, 0, 8, 5, 12, 0, 0, 0, 0, 3, 1, 2, 0, 0, 0, 4, 0, 0.5, 0, 0, 0, 0, 0, 0, -1.5134034156799316, 0.013852119445800781], [0, 0, 0, 0.002789109945297241, 0, 0, 8, 13, 20, 0, 0, 0, 0, 11, 1, 2, 0, 0, 0, 12, 0, 0.3333333333333333, 0, 0, 0, 0, 0, 0, 13.139335632324219, 0.0009317398071289062], [0, 0, 0, 0.031286656856536865, 0, 0, 8, 5, 12, 0, 0, 0, 0, 3, 1, 2, 0, 0, 0, 4, 0, 0.5, 0, 0, 0, 0, 0, 0, -1.5134034156799316, 0.013852119445800781], [1, 0, 0, 0.008680284023284912, 1, 0, 8, 13, 20, 1, 0, 1, 0, 11, 1, 2, 0, 0, 0, 12, 1, 0.5, 0, 0, 0, 0, 0, 0, 6.746527194976807, 0.017234325408935547], [0, 0, 0, 0.04409438371658325, 0, 0, 8, 9, 16, 0, 0, 0, 0, 7, 1, 4, 0, 0, 0, 8, 0, 0.875, 0, 0, 0, 0, 0, 0, 9.399728775024414, 0.0023479461669921875], [0, 0, 0, 0.01910179853439331, 0, 0, 8, 5, 12, 0, 0, 0, 0, 3, 1, 1, 0, 0, 0, 4, 0, 0.07692307692307693, 0, 0, 0, 0, 0, 0, -1.5134034156799316, 0.013852119445800781], [0, 0, 0, 0.018679261207580566, 0, 0, 8, 13, 20, 0, 0, 0, 0, 10, 2, 1, 0, 0, 0, 12, 0, 0.07692307692307693, 0, 0, 0, 0, 0, 0, 9.780355453491211, 6.573695182800293], [0, 0, 0, 0.0028961598873138428, 0, 0, 8, 9, 16, 0, 0, 0, 0, 7, 1, 1, 0, 0, 0, 8, 0, 0.14285714285714285, 0, 0, 0, 0, 0, 0, 9.399728775024414, 0.0023479461669921875], [0, 0, 0, 0.02326256036758423, 0, 0, 8, 6, 13, 0, 0, 0, 0, 4, 1, 3, 0, 0, 0, 5, 0, 0.5, 0, 0, 0, 0, 0, 0, 2.7414965629577637, 0.007439374923706055], [1, 0, 0, 0.07234175503253937, 0, 0, 8, 5, 12, 1, 0, 1, 0, 3, 1, 3, 0, 0, 0, 4, 0, 0.3333333333333333, 0, 0, 0, 0, 0, 0, -1.4941151142120361, 0.013974666595458984], [0, 0, 0, 0.02747887372970581, 0, 0, 8, 8, 15, 0, 0, 0, 0, 6, 1, 2, 0, 0, 0, 7, 0, 0.2, 0, 0, 0, 0, 0, 0, 7.784692287445068, 0.0032062530517578125], [0, 0, 0, 0.060334205627441406, 0, 0, 8, 3, 10, 0, 0, 0, 0, 1, 1, 4, 0, 0, 0, 2, 0, 0.5, 0, 0, 0, 0, 0, 0, -23.87928009033203, 0.0], [0, 0, 0, 0.02594071626663208, 0, 0, 8, 13, 20, 0, 0, 0, 0, 11, 1, 1, 0, 0, 0, 12, 0, 0.024539877300613498, 0, 0, 0, 0, 0, 0, 7.080508708953857, 0.03722333908081055], [0, 0, 0, 0.1400946080684662, 0, 0, 8, 13, 20, 0, 0, 0, 0, 11, 1, 1, 0, 0, 0, 12, 0, 0.024539877300613498, 0, 0, 0, 0, 0, 0, 13.204731941223145, 0.0009508132934570312], [0, 0, 0, 0.038993075489997864, 0, 0, 8, 7, 14, 0, 0, 0, 0, 4, 2, 1, 0, 0, 0, 6, 0, 0.5, 0, 0, 0, 0, 0, 0, -0.36262232065200806, 13.53382396697998], [0, 0, 0, 0.0035695433616638184, 0, 0, 8, 3, 10, 0, 0, 0, 0, 1, 1, 4, 0, 0, 0, 2, 0, 0.6666666666666666, 0, 0, 0, 0, 0, 0, -23.87928009033203, 0.0], [0, 0, 0, 0.076346755027771, 0, 0, 8, 3, 10, 0, 0, 0, 0, 1, 1, 4, 0, 0, 0, 2, 0, 0.5, 0, 0, 0, 0, 0, 0, -23.87928009033203, 0.0], [1, 0, 1, 0.12484049797058105, 1, 0, 8, 12, 19, 1, 0, 1, 1, 8, 3, 1, 0, 0, 0, 11, 1, 0.5, 0, 0, 0, 0, 0, 0, -16.9302978515625, 7.1628570556640625], [0, 0, 0, 0.15397754311561584, 0, 0, 8, 3, 10, 0, 0, 0, 0, 1, 1, 1, 0, 0, 0, 2, 0, 0.05, 0, 0, 0, 0, 0, 0, -23.87928009033203, 0.0], [1, 0, 0, 0.019319623708724976, 0, 0, 8, 11, 18, 1, 0, 1, 0, 9, 1, 2, 0, 0, 0, 10, 1, 0.5, 0, 0, 0, 0, 0, 0, 11.697932243347168, 0.0014333724975585938], [1, 0, 1, 0.06678915023803711, 1, 0, 8, 13, 20, 1, 1, 1, 1, 6, 5, 1, 0, 0, 0, 12, 1, 0.5, 0, 0, 0, 0, 0, 0, -9.259176254272461, 4.321114540100098], [0, 0, 0, 0.017978668212890625, 0, 0, 8, 4, 11, 0, 0, 0, 0, 2, 1, 1, 0, 0, 0, 3, 0, 0.5, 0, 0, 0, 0, 0, 0, -8.277349472045898, 0.18423843383789062], [0, 0, 0, 0.06050848960876465, 0, 0, 8, 4, 11, 0, 0, 0, 0, 2, 1, 4, 0, 0, 0, 3, 0, 0.6666666666666666, 0, 0, 0, 0, 0, 0, -8.277349472045898, 0.18423843383789062], [0, 0, 0, 0.027427315711975098, 0, 0, 8, 4, 11, 0, 0, 0, 0, 1, 2, 6, 0, 0, 0, 3, 0, 0.75, 0, 0, 0, 0, 0, 0, -29.621549606323242, 0.0], [0, 0, 0, 0.0031608939170837402, 0, 0, 8, 13, 20, 0, 0, 1, 0, 8, 3, 1, 0, 0, 0, 12, 0, 0.75, 0, 0, 0, 0, 0, 0, -3.3714795112609863, 1.534853458404541], [0, 0, 0, 0.11080747842788696, 0, 0, 8, 5, 12, 0, 0, 0, 0, 3, 1, 2, 0, 0, 0, 4, 0, 0.5, 0, 0, 0, 0, 0, 0, -1.5134034156799316, 0.013852119445800781], [0, 0, 0, 0.050261855125427246, 0, 0, 8, 6, 13, 0, 0, 0, 0, 4, 1, 1, 0, 0, 0, 5, 0, 0.1, 0, 0, 0, 0, 0, 0, 2.7414965629577637, 0.007439374923706055], [0, 0, 0, 0.14717136323451996, 0, 0, 8, 3, 10, 0, 0, 0, 0, 1, 1, 3, 0, 0, 0, 2, 0, 0.5, 0, 0, 0, 0, 0, 0, -23.87928009033203, 0.0], [0, 0, 0, 0.024462223052978516, 0, 0, 8, 13, 20, 0, 0, 0, 0, 11, 1, 1, 0, 0, 0, 12, 0, 0.030303030303030304, 0, 0, 0, 0, 0, 0, 13.176566123962402, 0.0009489059448242188], [0, 0, 0, 0.022230833768844604, 0, 0, 8, 3, 10, 0, 0, 0, 0, 1, 1, 3, 0, 0, 0, 2, 0, 0.6666666666666666, 0, 0, 0, 0, 0, 0, -23.87928009033203, 0.0], [0, 0, 0, 0.20505160093307495, 0, 0, 8, 3, 10, 0, 0, 0, 0, 1, 1, 2, 0, 0, 0, 2, 0, 0.5, 0, 0, 0, 0, 0, 0, -28.607315063476562, 0.0], [0, 0, 0, 0.11129984259605408, 0, 0, 8, 3, 10, 0, 0, 0, 0, 1, 1, 2, 0, 0, 0, 2, 0, 0.6666666666666666, 0, 0, 0, 0, 0, 0, -23.87928009033203, 0.0], [0, 0, 0, 0.0030255913734436035, 0, 0, 8, 3, 10, 0, 0, 0, 0, 1, 1, 5, 0, 0, 0, 2, 0, 0.6666666666666666, 0, 0, 0, 0, 0, 0, -23.87928009033203, 0.0], [0, 0, 0, 0.25429674983024597, 0, 0, 8, 3, 10, 0, 0, 0, 0, 1, 1, 3, 0, 0, 0, 2, 0, 0.5, 0, 0, 0, 0, 0, 0, -23.87928009033203, 0.0], [1, 0, 0, 0.023459553718566895, 0, 0, 8, 13, 20, 1, 0, 0, 0, 11, 1, 1, 0, 0, 0, 12, 0, 0.024539877300613498, 0, 0, 0, 0, 0, 0, 13.128188133239746, 0.0009326934814453125], [0, 0, 0, 0.01459270715713501, 0, 0, 8, 13, 20, 0, 0, 0, 0, 10, 2, 1, 0, 0, 0, 12, 0, 0.5, 0, 0, 0, 0, 0, 0, 9.795205116271973, 6.5705437660217285], [1, 0, 0, 0.004803389310836792, 0, 0, 8, 13, 20, 1, 0, 0, 0, 11, 1, 2, 0, 0, 0, 12, 1, 0.3333333333333333, 0, 0, 0, 0, 0, 0, 13.139335632324219, 0.0009317398071289062], [1, 0, 1, 0.26684993505477905, 1, 0, 8, 13, 20, 1, 0, 1, 1, 4, 8, 2, 0, 0, 0, 12, 1, 0.3333333333333333, 0, 0, 0, 0, 0, 0, -6.883527755737305, 12.77092170715332], [1, 0, 0, 0.022276878356933594, 1, 0, 8, 6, 13, 1, 1, 1, 0, 4, 1, 7, 0, 0, 0, 5, 1, 0.75, 0, 0, 0, 0, 0, 0, -14.467253684997559, 0.11642742156982422], [0, 0, 0, 0.01883941888809204, 0, 0, 8, 13, 20, 0, 0, 0, 0, 11, 1, 2, 0, 0, 0, 12, 0, 0.3333333333333333, 0, 0, 0, 0, 0, 0, 13.139335632324219, 0.0009317398071289062], [0, 0, 0, 0.09664466977119446, 0, 0, 8, 10, 17, 0, 0, 0, 0, 7, 2, 3, 0, 0, 0, 9, 0, 0.5, 0, 0, 0, 0, 0, 0, -11.068109512329102, 8.207782745361328], [0, 0, 0, 0.10987943410873413, 0, 0, 8, 5, 12, 0, 0, 0, 0, 2, 2, 5, 0, 0, 0, 4, 0, 0.75, 0, 0, 0, 0, 0, 0, -9.271890640258789, 24.35039710998535], [0, 0, 0, 0.022173285484313965, 0, 0, 8, 4, 11, 0, 0, 0, 0, 2, 1, 6, 0, 0, 0, 3, 0, 0.6666666666666666, 0, 0, 0, 0, 0, 0, -8.277349472045898, 0.18423843383789062], [0, 0, 0, 0.10530006885528564, 0, 0, 8, 4, 11, 0, 0, 0, 0, 2, 1, 4, 0, 0, 0, 3, 0, 0.5, 0, 0, 0, 0, 0, 0, -8.277349472045898, 0.18423843383789062], [0, 0, 0, 0.0030255913734436035, 0, 0, 8, 3, 10, 0, 0, 0, 0, 1, 1, 5, 0, 0, 0, 2, 0, 0.6666666666666666, 0, 0, 0, 0, 0, 0, -23.87928009033203, 0.0], [0, 0, 0, 0.07310110330581665, 0, 0, 8, 12, 19, 0, 0, 0, 0, 8, 3, 3, 0, 0, 0, 11, 0, 0.6666666666666666, 0, 0, 0, 0, 0, 0, 5.387442588806152, 8.814859390258789], [0, 0, 0, 0.06126213073730469, 0, 0, 8, 13, 20, 0, 0, 0, 0, 11, 1, 1, 0, 0, 0, 12, 0, 0.024539877300613498, 0, 0, 0, 0, 0, 0, 13.223896980285645, 0.0009613037109375], [0, 0, 0, 0.09298129379749298, 0, 0, 8, 3, 10, 0, 0, 0, 0, 1, 1, 3, 0, 0, 0, 2, 0, 0.5, 0, 0, 0, 0, 0, 0, -23.87928009033203, 0.0], [0, 0, 0, 0.01895776391029358, 0, 0, 8, 8, 15, 0, 0, 0, 0, 6, 1, 3, 0, 0, 0, 7, 0, 0.3333333333333333, 0, 0, 0, 0, 0, 0, 7.784692287445068, 0.0032062530517578125], [0, 0, 0, 0.024434715509414673, 0, 0, 8, 13, 20, 0, 0, 0, 0, 10, 2, 1, 0, 0, 0, 12, 0, 0.10714285714285714, 0, 0, 0, 0, 0, 0, 9.773178100585938, 6.576009273529053], [0, 0, 0, 0.04788702726364136, 0, 0, 8, 13, 20, 0, 0, 0, 0, 10, 2, 1, 0, 0, 0, 12, 0, 0.14285714285714285, 0, 0, 0, 0, 0, 0, 9.788427352905273, 6.569259166717529], [0, 0, 0, 0.16279268264770508, 0, 0, 8, 3, 10, 0, 0, 0, 0, 1, 1, 5, 0, 0, 0, 2, 0, 0.6666666666666666, 0, 0, 0, 0, 0, 0, -23.87928009033203, 0.0], [0, 0, 0, 0.0728864073753357, 0, 0, 8, 13, 20, 0, 0, 0, 0, 10, 2, 2, 0, 0, 0, 12, 0, 0.5, 0, 0, 0, 0, 0, 0, 9.799369812011719, 6.572218894958496], [1, 0, 0, 0.026193857192993164, 0, 0, 8, 10, 17, 1, 0, 1, 0, 8, 1, 2, 0, 0, 0, 9, 0, 0.5, 0, 0, 0, 0, 0, 0, -11.741179466247559, 0.059975624084472656], [0, 0, 0, 0.03977444767951965, 0, 0, 8, 4, 11, 0, 0, 0, 0, 2, 1, 3, 0, 0, 0, 3, 0, 0.4444444444444444, 0, 0, 0, 0, 0, 0, -8.277349472045898, 0.18423843383789062], [0, 0, 0, 0.0039144158363342285, 0, 0, 8, 13, 20, 0, 0, 0, 0, 10, 2, 3, 0, 0, 0, 12, 0, 0.5, 0, 0, 0, 0, 0, 0, 3.8447530269622803, 5.800829887390137], [0, 0, 0, 0.00997704267501831, 0, 0, 8, 3, 10, 0, 0, 0, 0, 1, 1, 3, 0, 0, 0, 2, 0, 0.5, 0, 0, 0, 0, 0, 0, -23.87928009033203, 0.0], [0, 0, 0, 0.011821508407592773, 0, 0, 8, 3, 10, 0, 0, 0, 0, 1, 1, 3, 0, 0, 0, 2, 0, 0.5, 0, 0, 0, 0, 0, 0, -23.87928009033203, 0.0], [0, 0, 0, 0.05197262763977051, 0, 0, 8, 5, 12, 0, 0, 0, 0, 2, 2, 3, 0, 0, 0, 4, 0, 0.6, 0, 0, 0, 0, 0, 0, -9.271890640258789, 24.35039710998535], [1, 0, 1, 0.0, 0, 1, 8, 3, 10, 1, 0, 0, 0, 1, 1, 4, 0, 0, 0, 2, 0, 0.5, 0, 0, 1, 0, 0, 0, -9.105430603027344, 26.823898315429688], [0, 0, 0, 0.034778207540512085, 0, 0, 8, 13, 20, 0, 0, 0, 0, 11, 1, 1, 0, 0, 0, 12, 0, 0.3333333333333333, 0, 0, 0, 0, 0, 0, 13.178967475891113, 0.000946044921875], [0, 0, 0, 0.08811406791210175, 0, 0, 8, 8, 15, 0, 0, 0, 0, 6, 1, 3, 0, 0, 0, 7, 0, 0.5, 0, 0, 0, 0, 0, 0, -3.6362125873565674, 14.743172645568848], [1, 0, 0, 0.07554888725280762, 0, 0, 8, 3, 10, 1, 0, 0, 0, 1, 1, 3, 0, 0, 0, 2, 0, 0.6, 0, 0, 0, 0, 0, 0, -23.87928009033203, 0.0], [0, 0, 0, 0.19556072354316711, 0, 0, 8, 5, 12, 0, 0, 0, 0, 3, 1, 1, 0, 0, 0, 4, 0, 0.2222222222222222, 0, 0, 0, 0, 0, 0, -1.5134034156799316, 0.013852119445800781], [0, 0, 1, 0.11303621530532837, 0, 0, 8, 12, 19, 0, 0, 1, 1, 6, 4, 4, 0, 0, 0, 11, 0, 0.5, 0, 0, 0, 0, 0, 0, -24.373046875, 3.818593978881836], [1, 0, 0, 0.03108876943588257, 0, 0, 8, 13, 20, 1, 0, 0, 0, 10, 2, 2, 0, 0, 0, 12, 0, 0.5, 0, 0, 0, 0, 0, 0, 9.781359672546387, 6.569713115692139], [1, 0, 1, 0.06678915023803711, 1, 0, 8, 13, 20, 1, 0, 1, 1, 8, 4, 1, 0, 0, 0, 12, 1, 0.5, 0, 0, 0, 0, 0, 0, 3.4548583030700684, 9.23202133178711], [0, 0, 0, 0.049085527658462524, 0, 0, 8, 4, 11, 0, 0, 0, 0, 2, 1, 3, 0, 0, 0, 3, 0, 0.3333333333333333, 0, 0, 0, 0, 0, 0, -8.277349472045898, 0.18423843383789062], [0, 0, 0, 0.033842265605926514, 0, 0, 8, 4, 11, 0, 0, 0, 0, 2, 1, 2, 0, 0, 0, 3, 0, 0.3333333333333333, 0, 0, 0, 0, 0, 0, -8.277349472045898, 0.18423843383789062], [0, 0, 0, 0.021362125873565674, 0, 0, 8, 3, 10, 0, 0, 0, 0, 1, 1, 4, 0, 0, 0, 2, 0, 0.6666666666666666, 0, 0, 0, 0, 0, 0, -23.87928009033203, 0.0], [0, 0, 0, 0.018934309482574463, 0, 0, 8, 13, 20, 0, 0, 0, 0, 10, 2, 1, 0, 0, 0, 12, 0, 0.16666666666666666, 0, 0, 0, 0, 0, 0, 9.661050796508789, 6.5745344161987305], [0, 0, 0, 0.35327616333961487, 0, 0, 8, 9, 16, 0, 0, 0, 0, 6, 2, 1, 0, 0, 0, 8, 0, 0.6129032258064516, 0, 0, 0, 0, 0, 0, 4.5409626960754395, 9.998706817626953], [0, 0, 0, 0.07354676723480225, 0, 0, 8, 13, 20, 0, 0, 0, 0, 8, 4, 3, 0, 0, 0, 12, 0, 0.3333333333333333, 0, 0, 0, 0, 0, 0, 3.571047067642212, 9.26457405090332], [0, 0, 0, 0.04177159070968628, 0, 0, 8, 13, 20, 0, 0, 0, 0, 9, 3, 2, 0, 0, 0, 12, 0, 0.6666666666666666, 0, 0, 0, 0, 0, 0, 6.594845294952393, 8.048891067504883], [1, 0, 0, 0.039563000202178955, 0, 0, 8, 8, 15, 1, 0, 0, 0, 3, 3, 1, 0, 0, 0, 7, 0, 0.5, 0, 0, 0, 0, 0, 0, -30.99414825439453, 11.67061996459961], [0, 0, 0, 0.01752448081970215, 0, 0, 8, 8, 15, 0, 0, 0, 0, 5, 2, 3, 0, 0, 0, 7, 0, 0.5, 0, 0, 0, 0, 0, 0, -14.60940933227539, 10.78880500793457], [0, 0, 0, 0.006389498710632324, 0, 0, 8, 4, 11, 0, 0, 0, 0, 1, 2, 3, 0, 0, 0, 3, 0, 0.5, 0, 0, 0, 0, 0, 0, -29.621549606323242, 0.0], [0, 0, 0, 0.02418816089630127, 0, 0, 8, 13, 20, 0, 0, 0, 0, 11, 1, 1, 0, 0, 0, 12, 0, 0.10714285714285714, 0, 0, 0, 0, 0, 0, 13.208202362060547, 0.0009593963623046875], [0, 0, 0, 0.13120046257972717, 0, 0, 8, 13, 20, 0, 0, 0, 0, 6, 3, 3, 0, 0, 0, 12, 0, 0.5, 0, 0, 0, 0, 0, 0, -22.953237533569336, 1.0287342071533203], [0, 0, 0, 0.23761117458343506, 0, 0, 8, 3, 10, 0, 0, 0, 0, 1, 1, 2, 0, 0, 0, 2, 0, 0.5, 0, 0, 0, 0, 0, 0, -23.87928009033203, 0.0], [0, 0, 0, 0.03271716833114624, 0, 0, 8, 13, 20, 0, 0, 0, 0, 11, 1, 1, 0, 0, 0, 12, 0, 0.5, 0, 0, 0, 0, 0, 0, 13.192227363586426, 0.0009508132934570312], [0, 0, 0, 0.136694073677063, 0, 0, 8, 13, 20, 0, 0, 0, 0, 11, 1, 2, 0, 0, 0, 12, 0, 0.3333333333333333, 0, 0, 0, 0, 0, 0, 13.23824691772461, 0.0009679794311523438], [0, 0, 0, 0.01488444209098816, 0, 0, 8, 13, 20, 0, 0, 0, 0, 9, 3, 2, 0, 0, 0, 12, 0, 0.3333333333333333, 0, 0, 0, 0, 0, 0, 6.5441389083862305, 7.996280670166016], [1, 0, 1, 0.13868767023086548, 1, 0, 8, 6, 13, 1, 0, 1, 1, 2, 3, 2, 0, 0, 0, 5, 1, 0.5454545454545454, 0, 0, 0, 0, 0, 0, -23.62961769104004, 24.53278923034668], [0, 0, 0, 0.06723171472549438, 0, 0, 8, 13, 20, 0, 0, 0, 0, 6, 6, 1, 0, 0, 0, 12, 0, 0.5, 0, 0, 0, 0, 0, 0, -1.9497413635253906, 11.644914627075195], [0, 0, 0, 0.2798426151275635, 0, 0, 8, 5, 12, 0, 0, 0, 0, 2, 2, 3, 0, 0, 0, 4, 0, 0.6666666666666666, 0, 0, 0, 0, 0, 0, -9.271890640258789, 24.35039710998535], [0, 0, 0, 0.09330379962921143, 0, 0, 8, 8, 15, 0, 0, 1, 0, 4, 3, 1, 0, 0, 0, 7, 0, 0.5, 0, 0, 0, 0, 0, 0, -22.185396194458008, 12.815485000610352], [0, 0, 0, 0.01281467080116272, 0, 0, 8, 4, 11, 0, 0, 0, 0, 2, 1, 2, 0, 0, 0, 3, 0, 0.16666666666666666, 0, 0, 0, 0, 0, 0, -8.277349472045898, 0.18423843383789062], [0, 0, 0, 0.06909924745559692, 0, 0, 8, 5, 12, 0, 0, 0, 0, 3, 1, 4, 0, 0, 0, 4, 0, 0.875, 0, 0, 0, 0, 0, 0, -1.5134034156799316, 0.013852119445800781], [0, 0, 0, 0.011174976825714111, 0, 0, 8, 13, 20, 0, 0, 0, 0, 10, 2, 2, 0, 0, 0, 12, 0, 0.5, 0, 0, 0, 0, 0, 0, 9.778013229370117, 6.57336950302124], [0, 0, 0, 0.06729239225387573, 0, 0, 8, 4, 11, 0, 0, 0, 0, 2, 1, 4, 0, 0, 0, 3, 0, 0.75, 0, 0, 0, 0, 0, 0, -8.277349472045898, 0.18423843383789062], [0, 0, 0, 0.07364726066589355, 0, 0, 8, 13, 20, 0, 0, 0, 0, 11, 1, 4, 0, 0, 0, 12, 0, 0.75, 0, 0, 0, 0, 0, 0, 7.123956680297852, 0.0216827392578125], [0, 0, 0, 0.025185883045196533, 0, 0, 8, 7, 14, 0, 0, 0, 0, 5, 1, 3, 0, 0, 0, 6, 0, 0.5, 0, 0, 0, 0, 0, 0, 5.660093307495117, 0.004659175872802734], [0, 0, 0, 0.04015621542930603, 0, 0, 8, 13, 20, 0, 0, 0, 0, 11, 1, 2, 0, 0, 0, 12, 0, 0.5, 0, 0, 0, 0, 0, 0, 13.233154296875, 0.0009670257568359375], [0, 0, 0, 0.011907398700714111, 0, 0, 8, 13, 20, 0, 0, 0, 0, 11, 1, 3, 0, 0, 0, 12, 0, 0.5, 0, 0, 0, 0, 0, 0, 13.192227363586426, 0.0009508132934570312], [0, 0, 0, 0.008036255836486816, 0, 0, 8, 3, 10, 0, 0, 0, 0, 1, 1, 7, 0, 0, 0, 2, 0, 0.5, 0, 0, 0, 0, 0, 0, -23.87928009033203, 0.0], [0, 0, 0, 0.00044029951095581055, 0, 0, 8, 5, 12, 0, 0, 0, 0, 3, 1, 6, 0, 0, 0, 4, 0, 0.6666666666666666, 0, 0, 0, 0, 0, 0, -1.5134034156799316, 0.013852119445800781], [0, 0, 0, 0.019369512796401978, 0, 0, 8, 13, 20, 0, 0, 0, 0, 11, 1, 1, 0, 0, 0, 12, 0, 0.16666666666666666, 0, 0, 0, 0, 0, 0, 13.201414108276367, 0.0009555816650390625], [0, 0, 0, 0.01930713653564453, 0, 0, 8, 13, 20, 0, 0, 0, 0, 11, 1, 1, 0, 0, 0, 12, 0, 0.030303030303030304, 0, 0, 0, 0, 0, 0, 7.142246246337891, 0.02370738983154297], [0, 0, 0, 0.08156391978263855, 0, 0, 8, 13, 20, 0, 0, 0, 0, 10, 2, 4, 0, 0, 0, 12, 0, 0.6666666666666666, 0, 0, 0, 0, 0, 0, 9.783687591552734, 6.560096263885498], [0, 0, 0, 0.049799561500549316, 0, 0, 8, 3, 10, 0, 0, 0, 0, 1, 1, 4, 0, 0, 0, 2, 0, 0.6666666666666666, 0, 0, 0, 0, 0, 0, -23.87928009033203, 0.0], [0, 0, 0, 0.038835227489471436, 0, 0, 8, 4, 11, 0, 0, 0, 0, 2, 1, 3, 0, 0, 0, 3, 0, 0.6666666666666666, 0, 0, 0, 0, 0, 0, -8.277349472045898, 0.18423843383789062], [1, 0, 0, 0.0052481889724731445, 0, 0, 8, 9, 16, 1, 0, 0, 0, 7, 1, 1, 0, 0, 0, 8, 0, 0.2, 0, 0, 0, 0, 0, 0, 9.399728775024414, 0.0023479461669921875], [0, 0, 0, 0.05536121129989624, 0, 0, 8, 9, 16, 0, 0, 0, 0, 7, 1, 2, 0, 0, 0, 8, 0, 0.5, 0, 0, 0, 0, 0, 0, 14.05514144897461, 14.078319549560547], [0, 0, 0, 0.024703115224838257, 0, 0, 8, 13, 20, 0, 0, 0, 0, 11, 1, 2, 0, 0, 0, 12, 0, 0.5, 0, 0, 0, 0, 0, 0, 13.142376899719238, 0.0009298324584960938], [0, 0, 0, 0.037901878356933594, 0, 0, 8, 13, 20, 0, 0, 0, 0, 11, 1, 1, 0, 0, 0, 12, 0, 0.5, 0, 0, 0, 0, 0, 0, 13.192227363586426, 0.0009508132934570312], [0, 0, 0, 0.17817974090576172, 0, 0, 8, 13, 20, 0, 0, 0, 0, 9, 2, 3, 0, 0, 0, 12, 0, 0.5, 0, 0, 0, 0, 0, 0, -0.1668681502342224, 0.006841540336608887], [0, 0, 0, 0.013531029224395752, 0, 0, 8, 5, 12, 0, 0, 0, 0, 3, 1, 3, 0, 0, 0, 4, 0, 0.8, 0, 0, 0, 0, 0, 0, -1.5134034156799316, 0.013852119445800781], [0, 0, 0, 0.015373587608337402, 0, 0, 8, 8, 15, 0, 0, 0, 0, 6, 1, 2, 0, 0, 0, 7, 0, 0.3333333333333333, 0, 0, 0, 0, 0, 0, 7.784692287445068, 0.0032062530517578125], [0, 0, 0, 0.15018931031227112, 0, 0, 8, 10, 17, 0, 0, 0, 0, 7, 2, 1, 0, 0, 0, 9, 0, 0.2222222222222222, 0, 0, 0, 0, 0, 0, -15.759451866149902, 8.071677207946777], [0, 0, 0, 0.08952954411506653, 0, 0, 8, 9, 16, 0, 0, 0, 0, 7, 1, 6, 0, 0, 0, 8, 0, 0.6, 0, 0, 0, 0, 0, 0, 9.399728775024414, 0.0023479461669921875], [0, 0, 0, 0.0711076408624649, 0, 0, 8, 3, 10, 0, 0, 0, 0, 1, 1, 4, 0, 0, 0, 2, 0, 0.6666666666666666, 0, 0, 0, 0, 0, 0, -23.87928009033203, 0.0], [0, 0, 0, 0.10581517219543457, 0, 0, 8, 3, 10, 0, 0, 0, 0, 1, 1, 5, 0, 0, 0, 2, 0, 0.6666666666666666, 0, 0, 0, 0, 0, 0, -23.87928009033203, 0.0], [0, 0, 0, 0.010973215103149414, 0, 0, 8, 3, 10, 0, 0, 0, 0, 1, 1, 4, 0, 0, 0, 2, 0, 0.5, 0, 0, 0, 0, 0, 0, -23.87928009033203, 0.0], [0, 0, 0, 0.05282717943191528, 0, 0, 8, 3, 10, 0, 0, 0, 0, 1, 1, 3, 0, 0, 0, 2, 0, 0.5, 0, 0, 0, 0, 0, 0, -23.87928009033203, 0.0], [1, 0, 0, 0.07554888725280762, 0, 0, 8, 3, 10, 1, 0, 0, 0, 1, 1, 3, 0, 0, 0, 2, 0, 0.6, 0, 0, 0, 0, 0, 0, -23.87928009033203, 0.0], [0, 0, 0, 0.16293928027153015, 0, 0, 8, 3, 10, 0, 0, 0, 0, 1, 1, 2, 0, 0, 0, 2, 0, 0.3333333333333333, 0, 0, 0, 0, 0, 0, -23.87928009033203, 0.0], [1, 0, 1, 0.0052724480628967285, 0, 1, 8, 3, 10, 1, 0, 0, 0, 1, 1, 6, 0, 0, 0, 2, 1, 0.6666666666666666, 0, 0, 1, 0, 0, 0, -8.434097290039062, 16.515554428100586], [0, 0, 0, 0.009997695684432983, 0, 0, 8, 9, 16, 0, 0, 0, 0, 7, 1, 5, 0, 0, 0, 8, 0, 0.5, 0, 0, 0, 0, 0, 0, 9.399728775024414, 0.0023479461669921875], [0, 0, 0, 0.0032494962215423584, 0, 0, 8, 5, 12, 0, 0, 0, 0, 3, 1, 5, 0, 0, 0, 4, 0, 0.5, 0, 0, 0, 0, 0, 0, -1.5134034156799316, 0.013852119445800781], [0, 0, 0, 0.04411536455154419, 0, 0, 8, 3, 10, 0, 0, 0, 0, 1, 1, 5, 0, 0, 0, 2, 0, 0.6666666666666666, 0, 0, 0, 0, 0, 0, -23.87928009033203, 0.0], [0, 0, 0, 0.010716602206230164, 0, 0, 8, 3, 10, 0, 0, 0, 0, 1, 1, 3, 0, 0, 0, 2, 0, 0.6666666666666666, 0, 0, 0, 0, 0, 0, -23.87928009033203, 0.0], [1, 0, 1, 0.006765246391296387, 1, 0, 8, 12, 19, 1, 0, 1, 1, 2, 9, 7, 0, 0, 0, 11, 1, 0.6666666666666666, 0, 0, 0, 0, 0, 0, -24.125768661499023, 21.4036808013916], [0, 0, 0, 0.007908448576927185, 0, 0, 8, 4, 11, 0, 0, 0, 0, 2, 1, 3, 0, 0, 0, 3, 0, 0.5, 0, 0, 0, 0, 0, 0, -8.277349472045898, 0.18423843383789062], [0, 0, 0, 0.4884953200817108, 0, 1, 8, 4, 11, 0, 0, 0, 0, 1, 2, 4, 0, 0, 0, 3, 0, 0.5, 0, 0, 1, 0, 0, 0, -26.234174728393555, 34.38927459716797], [1, 0, 0, 0.014664560556411743, 0, 0, 8, 8, 15, 1, 1, 0, 0, 6, 1, 2, 0, 0, 0, 7, 0, 0.5, 0, 0, 0, 0, 0, 0, -10.66734790802002, 0.01620197296142578], [1, 0, 1, 0.26684993505477905, 1, 0, 8, 13, 20, 1, 0, 1, 1, 5, 7, 2, 0, 0, 0, 12, 1, 0.3333333333333333, 0, 0, 0, 0, 0, 0, -4.264793395996094, 12.286012649536133], [0, 0, 0, 0.0050087571144104, 0, 0, 8, 13, 20, 0, 0, 0, 0, 10, 2, 1, 0, 0, 0, 12, 0, 0.2, 0, 0, 0, 0, 0, 0, 9.792243957519531, 6.563490867614746], [0, 0, 0, 0.17955484986305237, 0, 0, 8, 3, 10, 0, 0, 0, 0, 1, 1, 3, 0, 0, 0, 2, 0, 0.6666666666666666, 0, 0, 0, 0, 0, 0, -23.87928009033203, 0.0], [0, 0, 0, 0.009394824504852295, 0, 0, 8, 6, 13, 0, 0, 0, 0, 4, 1, 3, 0, 0, 0, 5, 0, 0.5, 0, 0, 0, 0, 0, 0, -14.489059448242188, 0.11641311645507812], [0, 0, 0, 0.002698183059692383, 0, 0, 8, 12, 19, 0, 0, 0, 0, 8, 2, 1, 0, 0, 0, 11, 0, 0.75, 0, 0, 0, 0, 0, 0, -17.628604888916016, 7.191623687744141], [0, 0, 0, 0.05282968282699585, 0, 0, 8, 7, 14, 0, 0, 0, 0, 5, 1, 1, 0, 0, 0, 6, 0, 0.2222222222222222, 0, 0, 0, 0, 0, 0, 11.851240158081055, 15.667068481445312], [0, 0, 0, 0.0039055347442626953, 0, 0, 8, 13, 20, 0, 0, 0, 0, 10, 2, 2, 0, 0, 0, 12, 0, 0.5, 0, 0, 0, 0, 0, 0, 9.798225402832031, 6.5719780921936035], [0, 0, 0, 0.1614183783531189, 0, 0, 8, 3, 10, 0, 0, 0, 0, 1, 1, 3, 0, 0, 0, 2, 0, 0.5, 0, 0, 0, 0, 0, 0, -23.87928009033203, 0.0], [0, 0, 0, 0.3197713792324066, 0, 0, 8, 3, 10, 0, 0, 0, 0, 1, 1, 2, 0, 0, 0, 2, 0, 0.4, 0, 0, 0, 0, 0, 0, -23.87928009033203, 0.0], [0, 0, 0, 0.032727405428886414, 0, 0, 8, 3, 10, 0, 0, 0, 0, 1, 1, 3, 0, 0, 0, 2, 0, 0.6666666666666666, 0, 0, 0, 0, 0, 0, -23.87928009033203, 0.0], [0, 0, 0, 0.14544856548309326, 0, 0, 8, 3, 10, 0, 0, 0, 0, 1, 1, 2, 0, 0, 0, 2, 0, 0.5, 0, 0, 0, 0, 0, 0, -23.87928009033203, 0.0], [0, 0, 0, 0.10302013158798218, 0, 0, 8, 3, 10, 0, 0, 0, 0, 1, 1, 4, 0, 0, 0, 2, 0, 0.6666666666666666, 0, 0, 0, 0, 0, 0, -23.87928009033203, 0.0], [0, 0, 0, 0.4682721197605133, 0, 0, 8, 3, 10, 0, 0, 0, 0, 1, 1, 4, 0, 0, 0, 2, 0, 0.5, 0, 0, 0, 0, 0, 0, -23.87928009033203, 0.0], [0, 0, 0, 0.1804192066192627, 0, 0, 8, 8, 15, 0, 0, 0, 0, 6, 1, 5, 0, 0, 0, 7, 0, 0.5, 0, 0, 0, 0, 0, 0, -10.66734790802002, 0.01620197296142578], [0, 0, 0, 0.01393747329711914, 0, 0, 8, 13, 20, 0, 0, 0, 0, 11, 1, 2, 0, 0, 0, 12, 0, 0.3333333333333333, 0, 0, 0, 0, 0, 0, 13.139335632324219, 0.0009317398071289062], [0, 0, 0, 0.032371073961257935, 0, 0, 8, 13, 20, 0, 0, 0, 0, 11, 1, 3, 0, 0, 0, 12, 0, 0.6666666666666666, 0, 0, 0, 0, 0, 0, 6.658425807952881, 0.022896289825439453], [0, 0, 0, 0.0145416259765625, 0, 0, 8, 3, 10, 0, 0, 0, 0, 1, 1, 3, 0, 0, 0, 2, 0, 0.5, 0, 0, 0, 0, 0, 0, -23.87928009033203, 0.0], [1, 0, 0, 0.1807267665863037, 0, 0, 8, 9, 16, 1, 0, 1, 0, 5, 2, 7, 0, 0, 0, 8, 0, 0.9090909090909091, 0, 0, 0, 0, 0, 0, -9.66073989868164, 1.5627813339233398], [0, 0, 0, 0.007966756820678711, 0, 0, 8, 13, 20, 0, 0, 0, 0, 9, 3, 2, 0, 0, 0, 12, 0, 0.3333333333333333, 0, 0, 0, 0, 0, 0, 3.3182387351989746, 7.245273113250732], [0, 0, 0, 0.0031505227088928223, 0, 0, 8, 3, 10, 0, 0, 0, 0, 1, 1, 3, 0, 0, 0, 2, 0, 0.3333333333333333, 0, 0, 0, 0, 0, 0, -23.87928009033203, 0.0], [0, 0, 0, 0.10048633813858032, 0, 0, 8, 6, 13, 0, 0, 0, 0, 4, 1, 4, 0, 0, 0, 5, 0, 0.5, 0, 0, 0, 0, 0, 0, -14.489059448242188, 0.11641311645507812], [0, 0, 0, 0.13995355367660522, 0, 0, 8, 3, 10, 0, 0, 0, 0, 1, 1, 3, 0, 0, 0, 2, 0, 0.5, 0, 0, 0, 0, 0, 0, -23.87928009033203, 0.0], [0, 0, 0, 0.2881094813346863, 0, 0, 8, 3, 10, 0, 0, 0, 0, 1, 1, 3, 0, 0, 0, 2, 0, 0.5, 0, 0, 0, 0, 0, 0, -23.87928009033203, 0.0], [0, 0, 0, 0.10093748569488525, 0, 0, 8, 5, 12, 0, 1, 0, 0, 2, 2, 4, 0, 0, 0, 4, 0, 0.75, 0, 0, 0, 0, 0, 0, -9.271890640258789, 24.35039710998535], [0, 0, 0, 0.06370125710964203, 0, 0, 8, 3, 10, 0, 0, 0, 0, 1, 1, 4, 0, 0, 0, 2, 0, 0.6666666666666666, 0, 0, 0, 0, 0, 0, -23.87928009033203, 0.0], [0, 0, 0, 0.0396781861782074, 0, 0, 8, 9, 16, 0, 0, 0, 0, 7, 1, 1, 0, 0, 0, 8, 0, 0.07894736842105263, 0, 0, 0, 0, 0, 0, 9.399728775024414, 0.0023479461669921875], [0, 0, 0, 0.024573683738708496, 0, 0, 8, 13, 20, 0, 0, 0, 0, 3, 6, 4, 0, 0, 0, 12, 0, 0.6, 0, 0, 0, 0, 0, 0, -29.64742660522461, 4.260978698730469], [0, 0, 0, 0.0406339168548584, 0, 0, 8, 4, 11, 0, 0, 0, 0, 2, 1, 6, 0, 0, 0, 3, 0, 0.5, 0, 0, 0, 0, 0, 0, -8.277349472045898, 0.18423843383789062], [0, 0, 0, 0.03193455934524536, 0, 0, 8, 8, 15, 0, 0, 0, 0, 6, 1, 2, 0, 0, 0, 7, 0, 0.5, 0, 0, 0, 0, 0, 0, 7.784692287445068, 0.0032062530517578125], [0, 0, 0, 0.005835294723510742, 0, 0, 8, 3, 10, 0, 0, 0, 0, 1, 1, 5, 0, 0, 0, 2, 0, 0.6666666666666666, 0, 0, 0, 0, 0, 0, -23.87928009033203, 0.0], [0, 0, 0, 0.012777328491210938, 0, 0, 8, 13, 20, 0, 0, 0, 0, 11, 1, 1, 0, 0, 0, 12, 0, 0.09090909090909091, 0, 0, 0, 0, 0, 0, 7.168216228485107, 0.03693342208862305], [0, 0, 0, 0.04629075527191162, 0, 0, 8, 13, 20, 0, 0, 0, 0, 11, 1, 1, 0, 0, 0, 12, 0, 0.3333333333333333, 0, 0, 0, 0, 0, 0, 13.178967475891113, 0.000946044921875], [0, 0, 0, 0.14910078048706055, 0, 0, 8, 3, 10, 0, 0, 0, 0, 1, 1, 3, 0, 0, 0, 2, 0, 0.5, 0, 0, 0, 0, 0, 0, -23.87928009033203, 0.0], [0, 0, 0, 0.001957833766937256, 0, 0, 8, 13, 20, 0, 0, 0, 0, 11, 1, 1, 0, 0, 0, 12, 0, 0.15384615384615385, 0, 0, 0, 0, 0, 0, 13.186655044555664, 0.0009517669677734375], [1, 0, 0, 0.004803389310836792, 0, 0, 8, 13, 20, 1, 0, 0, 0, 11, 1, 2, 0, 0, 0, 12, 1, 0.3333333333333333, 0, 0, 0, 0, 0, 0, 13.139335632324219, 0.0009317398071289062], [0, 0, 0, 0.027427256107330322, 0, 0, 8, 3, 10, 0, 0, 0, 0, 1, 1, 6, 0, 0, 0, 2, 0, 0.75, 0, 0, 0, 0, 0, 0, -23.87928009033203, 0.0], [0, 0, 0, 0.003987491130828857, 0, 0, 8, 13, 20, 0, 0, 0, 0, 11, 1, 2, 0, 0, 0, 12, 0, 0.5714285714285714, 0, 0, 0, 0, 0, 0, 13.201414108276367, 0.0009555816650390625], [0, 0, 0, 0.002007126808166504, 0, 0, 8, 5, 12, 0, 0, 0, 0, 3, 1, 3, 0, 0, 0, 4, 0, 0.5, 0, 0, 0, 0, 0, 0, -1.5134034156799316, 0.013852119445800781], [0, 0, 0, 0.012568026781082153, 0, 0, 8, 13, 20, 0, 0, 0, 0, 10, 2, 1, 0, 0, 0, 12, 0, 0.09523809523809523, 0, 0, 0, 0, 0, 0, 9.610017776489258, 6.579882621765137], [0, 0, 0, 0.03420966863632202, 0, 0, 8, 13, 20, 0, 0, 0, 0, 11, 1, 1, 0, 0, 0, 12, 0, 0.09523809523809523, 0, 0, 0, 0, 0, 0, 13.063285827636719, 0.0009059906005859375], [1, 0, 0, 0.05275833606719971, 0, 0, 8, 3, 10, 1, 0, 0, 0, 1, 1, 1, 0, 0, 0, 2, 1, 0.5, 0, 0, 0, 0, 0, 0, -23.87928009033203, 0.0], [0, 0, 0, 0.02149885892868042, 0, 0, 8, 12, 19, 0, 0, 0, 0, 10, 1, 1, 0, 0, 0, 11, 0, 0.041666666666666664, 0, 0, 0, 0, 0, 0, -9.503063201904297, 0.009121894836425781], [1, 0, 0, 0.009532451629638672, 0, 0, 8, 3, 10, 1, 0, 0, 0, 1, 1, 6, 0, 0, 0, 2, 0, 0.6666666666666666, 0, 0, 0, 0, 0, 0, -23.87928009033203, 0.0], [0, 0, 0, 0.00577273964881897, 0, 0, 8, 3, 10, 0, 0, 0, 0, 1, 1, 1, 0, 0, 0, 2, 0, 0.2222222222222222, 0, 0, 0, 0, 0, 0, -23.87928009033203, 0.0], [0, 0, 0, 0.0434454083442688, 0, 0, 8, 3, 10, 0, 0, 0, 0, 1, 1, 4, 0, 0, 0, 2, 0, 0.6666666666666666, 0, 0, 0, 0, 0, 0, -23.87928009033203, 0.0], [1, 0, 0, 0.25733619928359985, 0, 0, 8, 13, 20, 1, 0, 0, 0, 6, 6, 2, 0, 0, 0, 12, 0, 0.3333333333333333, 0, 0, 0, 0, 0, 0, -1.851226568222046, 11.732429504394531], [0, 0, 0, 0.027427375316619873, 0, 0, 8, 3, 10, 0, 0, 0, 0, 1, 1, 6, 0, 0, 0, 2, 0, 0.75, 0, 0, 0, 0, 0, 0, -23.87928009033203, 0.0], [1, 0, 0, 0.027427256107330322, 0, 0, 8, 3, 10, 1, 0, 0, 0, 1, 1, 6, 0, 0, 0, 2, 0, 0.75, 0, 0, 0, 0, 0, 0, -23.87928009033203, 0.0], [0, 0, 0, 0.07168936729431152, 0, 0, 8, 10, 17, 0, 0, 1, 0, 4, 4, 5, 0, 0, 0, 9, 0, 0.5, 0, 0, 0, 0, 0, 0, -28.961002349853516, 4.035697937011719], [0, 0, 0, 0.09697061777114868, 0, 0, 8, 3, 10, 0, 0, 0, 0, 1, 1, 7, 0, 0, 0, 2, 0, 0.9090909090909091, 0, 0, 0, 0, 0, 0, -23.87928009033203, 0.0], [0, 0, 0, 0.2700868248939514, 0, 0, 8, 13, 20, 0, 0, 0, 0, 7, 5, 2, 0, 0, 0, 12, 0, 0.3333333333333333, 0, 0, 0, 0, 0, 0, 0.7400735020637512, 10.464886665344238], [0, 0, 0, 0.04168146848678589, 0, 0, 8, 3, 10, 0, 0, 0, 0, 1, 1, 3, 0, 0, 0, 2, 0, 0.5, 0, 0, 0, 0, 0, 0, -23.87928009033203, 0.0], [0, 0, 0, 0.020133942365646362, 0, 0, 8, 7, 14, 0, 0, 1, 0, 5, 1, 4, 0, 0, 0, 6, 0, 0.6666666666666666, 0, 0, 0, 0, 0, 0, -12.83543586730957, 0.020723342895507812], [0, 0, 0, 0.10507166385650635, 0, 0, 8, 5, 12, 0, 0, 0, 0, 3, 1, 3, 0, 0, 0, 4, 0, 0.5, 0, 0, 0, 0, 0, 0, -1.5134034156799316, 0.013852119445800781], [0, 0, 0, 0.24296140670776367, 0, 0, 8, 5, 12, 0, 0, 0, 0, 3, 1, 2, 0, 0, 0, 4, 0, 0.6666666666666666, 0, 0, 0, 0, 0, 0, -1.5134034156799316, 0.013852119445800781], [0, 0, 0, 0.0354992151260376, 0, 0, 8, 13, 20, 0, 0, 0, 0, 11, 1, 1, 0, 0, 0, 12, 0, 0.024539877300613498, 0, 0, 0, 0, 0, 0, 13.128188133239746, 0.0009326934814453125], [0, 0, 0, 0.07078701257705688, 0, 0, 8, 3, 10, 0, 0, 0, 0, 1, 1, 6, 0, 0, 0, 2, 0, 0.5, 0, 0, 0, 0, 0, 0, -23.87928009033203, 0.0], [0, 0, 0, 0.08836603164672852, 0, 0, 8, 4, 11, 0, 0, 0, 0, 2, 1, 5, 0, 0, 0, 3, 0, 0.5, 0, 0, 0, 0, 0, 0, -8.277349472045898, 0.18423843383789062], [0, 0, 1, 0.020295262336730957, 0, 0, 8, 6, 13, 0, 0, 1, 1, 4, 1, 4, 0, 0, 0, 5, 0, 0.6666666666666666, 0, 0, 0, 0, 0, 0, -14.467253684997559, 0.11642742156982422], [0, 0, 0, 0.06990951299667358, 0, 0, 8, 4, 11, 0, 0, 1, 0, 2, 1, 4, 0, 0, 0, 3, 0, 0.5, 0, 0, 0, 0, 0, 0, -8.249354362487793, 0.18474102020263672], [0, 0, 0, 0.034164637327194214, 0, 0, 8, 13, 20, 0, 0, 0, 0, 11, 1, 3, 0, 0, 0, 12, 0, 0.5, 0, 0, 0, 0, 0, 0, 13.192227363586426, 0.0009508132934570312], [0, 0, 0, 0.014184057712554932, 0, 0, 8, 13, 20, 0, 0, 0, 0, 11, 1, 1, 0, 0, 0, 12, 0, 0.09523809523809523, 0, 0, 0, 0, 0, 0, 13.063285827636719, 0.0009059906005859375], [0, 0, 0, 0.046746790409088135, 0, 0, 8, 13, 20, 0, 0, 0, 0, 11, 1, 1, 0, 0, 0, 12, 0, 0.5, 0, 0, 0, 0, 0, 0, 13.192227363586426, 0.0009508132934570312], [0, 0, 0, 0.08272188901901245, 0, 0, 8, 11, 18, 0, 0, 0, 0, 9, 1, 1, 0, 0, 0, 10, 0, 0.5, 0, 0, 0, 0, 0, 0, -14.602638244628906, 0.010264396667480469], [0, 0, 0, 0.08603549003601074, 0, 0, 8, 4, 11, 0, 0, 0, 0, 2, 1, 6, 0, 0, 0, 3, 0, 0.6666666666666666, 0, 0, 0, 0, 0, 0, -12.955565452575684, 0.1879739761352539], [0, 0, 0, 0.013108134269714355, 0, 0, 8, 4, 11, 0, 0, 0, 0, 2, 1, 2, 0, 0, 0, 3, 0, 0.5, 0, 0, 0, 0, 0, 0, -8.277349472045898, 0.18423843383789062], [0, 0, 0, 0.2109849900007248, 0, 0, 8, 4, 11, 0, 0, 0, 0, 2, 1, 3, 0, 0, 0, 3, 0, 0.3333333333333333, 0, 0, 0, 0, 0, 0, -8.277349472045898, 0.18423843383789062], [0, 0, 0, 0.014862358570098877, 0, 0, 8, 13, 20, 0, 0, 0, 0, 11, 1, 1, 0, 0, 0, 12, 0, 0.09523809523809523, 0, 0, 0, 0, 0, 0, 13.063285827636719, 0.0009059906005859375], [0, 0, 0, 0.009846329689025879, 0, 0, 8, 6, 13, 0, 0, 0, 0, 4, 1, 3, 0, 0, 0, 5, 0, 0.5, 0, 0, 0, 0, 0, 0, 2.7414965629577637, 0.007439374923706055], [0, 0, 0, 0.020979225635528564, 0, 0, 8, 13, 20, 0, 0, 0, 0, 11, 1, 1, 0, 0, 0, 12, 0, 0.07692307692307693, 0, 0, 0, 0, 0, 0, 7.17690896987915, 0.02700185775756836], [0, 0, 0, 0.0009737014770507812, 0, 0, 8, 13, 20, 0, 0, 0, 0, 11, 1, 2, 0, 0, 0, 12, 0, 0.25, 0, 0, 0, 0, 0, 0, 13.201414108276367, 0.0009555816650390625], [0, 0, 0, 0.0021007657051086426, 0, 0, 8, 13, 20, 0, 0, 0, 0, 10, 2, 2, 0, 0, 0, 12, 0, 0.5, 0, 0, 0, 0, 0, 0, 9.668865203857422, 6.575942039489746], [1, 0, 1, 0.05673778057098389, 1, 1, 8, 3, 10, 1, 1, 0, 0, 1, 1, 5, 0, 0, 0, 2, 0, 0.6666666666666666, 0, 0, 1, 0, 0, 0, -13.114919662475586, 21.247468948364258], [0, 0, 0, 0.05157738924026489, 0, 0, 8, 11, 18, 0, 0, 0, 0, 9, 1, 1, 0, 0, 0, 10, 0, 0.5, 0, 0, 0, 0, 0, 0, -14.602638244628906, 0.010264396667480469], [0, 0, 0, 0.031828463077545166, 0, 0, 8, 13, 20, 0, 0, 1, 0, 11, 1, 1, 0, 0, 0, 12, 0, 0.024539877300613498, 0, 0, 0, 0, 0, 0, 13.128188133239746, 0.0009326934814453125], [0, 0, 0, 0.0293920636177063, 0, 0, 8, 5, 12, 0, 0, 0, 0, 3, 1, 5, 0, 0, 0, 4, 0, 0.75, 0, 0, 0, 0, 0, 0, -1.5134034156799316, 0.013852119445800781], [0, 0, 0, 0.035029053688049316, 0, 0, 8, 13, 20, 0, 0, 0, 0, 11, 1, 1, 0, 0, 0, 12, 0, 0.024539877300613498, 0, 0, 0, 0, 0, 0, 7.149946212768555, 0.23863697052001953], [0, 0, 0, 0.13522006571292877, 0, 0, 8, 4, 11, 0, 0, 0, 0, 2, 1, 2, 0, 0, 0, 3, 0, 0.3333333333333333, 0, 0, 0, 0, 0, 0, -8.277349472045898, 0.18423843383789062], [0, 0, 0, 0.026340067386627197, 0, 0, 8, 10, 17, 0, 0, 1, 0, 2, 6, 6, 0, 0, 0, 9, 0, 0.75, 0, 0, 0, 0, 0, 0, -36.79738998413086, 7.2175750732421875], [0, 0, 0, 0.6604978144168854, 0, 0, 8, 3, 10, 0, 0, 0, 0, 1, 1, 4, 0, 0, 0, 2, 0, 0.6666666666666666, 0, 0, 0, 0, 0, 0, -23.87928009033203, 0.0], [0, 0, 0, 0.09431597590446472, 0, 0, 8, 4, 11, 0, 0, 0, 0, 2, 1, 3, 0, 0, 0, 3, 0, 0.5, 0, 0, 0, 0, 0, 0, -8.277349472045898, 0.18423843383789062], [0, 0, 0, 0.004283785820007324, 0, 0, 8, 3, 10, 0, 0, 0, 0, 1, 1, 5, 0, 0, 0, 2, 0, 0.5, 0, 0, 0, 0, 0, 0, -23.87928009033203, 0.0], [0, 0, 0, 0.0025072693824768066, 0, 0, 8, 8, 15, 0, 0, 0, 0, 6, 1, 4, 0, 0, 0, 7, 0, 0.6666666666666666, 0, 0, 0, 0, 0, 0, -10.495408058166504, 0.07116317749023438], [0, 0, 0, 0.04501289129257202, 0, 0, 8, 13, 20, 0, 0, 0, 0, 11, 1, 1, 0, 0, 0, 12, 0, 0.041666666666666664, 0, 0, 0, 0, 0, 0, 13.123127937316895, 0.0009279251098632812], [0, 0, 0, 0.034972697496414185, 0, 0, 8, 13, 20, 0, 0, 0, 0, 11, 1, 1, 0, 0, 0, 12, 0, 0.041666666666666664, 0, 0, 0, 0, 0, 0, 13.123127937316895, 0.0009279251098632812], [0, 0, 0, 0.02655002474784851, 0, 0, 8, 5, 12, 0, 0, 0, 0, 3, 1, 1, 0, 0, 0, 4, 0, 0.3333333333333333, 0, 0, 0, 0, 0, 0, -1.5134034156799316, 0.013852119445800781], [0, 0, 0, 0.05454820394515991, 0, 0, 8, 9, 16, 0, 0, 0, 0, 7, 1, 1, 0, 0, 0, 8, 0, 0.024539877300613498, 0, 0, 0, 0, 0, 0, 3.6896510124206543, 0.035773277282714844], [0, 0, 0, 0.0977555513381958, 0, 0, 8, 3, 10, 0, 0, 0, 0, 1, 1, 2, 0, 0, 0, 2, 0, 0.5, 0, 0, 0, 0, 0, 0, -23.87928009033203, 0.0], [0, 0, 0, 0.04341459274291992, 0, 0, 8, 8, 15, 0, 0, 0, 0, 6, 1, 4, 0, 0, 0, 7, 0, 0.6666666666666666, 0, 0, 0, 0, 0, 0, -10.495408058166504, 0.07116317749023438], [0, 0, 0, 0.017165273427963257, 0, 0, 8, 13, 20, 0, 0, 0, 0, 11, 1, 2, 0, 0, 0, 12, 0, 0.5, 0, 0, 0, 0, 0, 0, 13.142376899719238, 0.0009298324584960938], [0, 0, 0, 0.03976231813430786, 0, 0, 8, 13, 20, 0, 0, 1, 0, 11, 1, 1, 0, 0, 0, 12, 0, 0.2222222222222222, 0, 0, 0, 0, 0, 0, 13.23824691772461, 0.0009679794311523438], [1, 0, 1, 0.0, 1, 1, 8, 3, 10, 1, 0, 0, 0, 1, 1, 5, 0, 0, 0, 2, 0, 0.75, 0, 0, 1, 0, 0, 0, -8.434097290039062, 21.187454223632812], [0, 0, 0, 0.04279822111129761, 0, 0, 8, 3, 10, 0, 0, 0, 0, 1, 1, 3, 0, 0, 0, 2, 0, 0.6666666666666666, 0, 0, 0, 0, 0, 0, -23.87928009033203, 0.0], [0, 0, 0, 0.008689165115356445, 0, 0, 8, 13, 20, 0, 0, 0, 0, 9, 3, 6, 0, 0, 0, 12, 0, 0.75, 0, 0, 0, 0, 0, 0, 6.577072620391846, 7.976583480834961], [0, 0, 0, 0.03245165944099426, 0, 0, 8, 3, 10, 0, 0, 0, 0, 1, 1, 5, 0, 0, 0, 2, 0, 0.6666666666666666, 0, 0, 0, 0, 0, 0, -23.87928009033203, 0.0], [0, 0, 0, 0.02076822519302368, 0, 0, 8, 13, 20, 0, 0, 0, 0, 11, 1, 2, 0, 0, 0, 12, 0, 0.5, 0, 0, 0, 0, 0, 0, 13.142376899719238, 0.0009298324584960938], [0, 0, 0, 0.21012163162231445, 0, 0, 8, 3, 10, 0, 0, 0, 0, 1, 1, 3, 0, 0, 0, 2, 0, 0.5, 0, 0, 0, 0, 0, 0, -23.87928009033203, 0.0], [0, 0, 0, 0.015189379453659058, 0, 0, 8, 13, 20, 0, 0, 0, 0, 11, 1, 1, 0, 0, 0, 12, 0, 0.03389830508474576, 0, 0, 0, 0, 0, 0, 13.169757843017578, 0.0009431838989257812], [1, 0, 1, 0.26684993505477905, 1, 0, 8, 13, 20, 1, 0, 1, 1, 5, 7, 2, 0, 0, 0, 12, 1, 0.3333333333333333, 0, 0, 0, 0, 0, 0, -4.24945592880249, 12.3397216796875], [0, 0, 0, 0.013107329607009888, 0, 0, 8, 3, 10, 0, 0, 0, 0, 1, 1, 2, 0, 0, 0, 2, 0, 0.3333333333333333, 0, 0, 0, 0, 0, 0, -23.87928009033203, 0.0], [0, 0, 1, 0.11303621530532837, 0, 0, 8, 12, 19, 0, 0, 1, 1, 6, 4, 4, 0, 0, 0, 11, 0, 0.5, 0, 0, 0, 0, 0, 0, -24.373046875, 3.818593978881836], [0, 0, 0, 0.061388105154037476, 0, 0, 8, 13, 20, 0, 0, 1, 0, 11, 1, 3, 0, 0, 0, 12, 0, 0.6666666666666666, 0, 0, 0, 0, 0, 0, 13.243717193603516, 0.0009717941284179688], [0, 0, 0, 0.03283718228340149, 0, 0, 8, 5, 12, 0, 0, 0, 0, 3, 1, 2, 0, 0, 0, 4, 0, 0.5, 0, 0, 0, 0, 0, 0, -1.5134034156799316, 0.013852119445800781], [0, 0, 0, 0.0599212646484375, 0, 0, 8, 13, 20, 0, 0, 0, 0, 6, 4, 1, 0, 0, 0, 12, 0, 0.5, 0, 0, 0, 0, 0, 0, -16.499671936035156, 3.0023059844970703], [1, 0, 0, 0.02574634552001953, 0, 0, 8, 9, 16, 1, 0, 1, 0, 2, 4, 3, 0, 0, 0, 8, 1, 0.75, 0, 0, 0, 0, 0, 0, -28.26304054260254, 2.5224342346191406], [0, 0, 0, 0.018657386302947998, 0, 0, 8, 3, 10, 0, 0, 0, 0, 1, 1, 1, 0, 0, 0, 2, 0, 0.09090909090909091, 0, 0, 0, 0, 0, 0, -23.87928009033203, 0.0], [0, 0, 0, 0.018504798412322998, 0, 0, 8, 13, 20, 0, 0, 0, 0, 11, 1, 1, 0, 0, 0, 12, 0, 0.09523809523809523, 0, 0, 0, 0, 0, 0, 13.063285827636719, 0.0009059906005859375], [0, 0, 0, 0.006521373987197876, 0, 0, 8, 6, 13, 0, 0, 0, 0, 4, 1, 3, 0, 0, 0, 5, 0, 0.6666666666666666, 0, 0, 0, 0, 0, 0, 2.7414965629577637, 0.007439374923706055], [0, 0, 0, 0.027427315711975098, 0, 0, 8, 4, 11, 0, 0, 0, 0, 1, 2, 6, 0, 0, 0, 3, 0, 0.75, 0, 0, 0, 0, 0, 0, -29.621549606323242, 0.0], [0, 0, 0, 0.07098561525344849, 0, 0, 8, 13, 20, 0, 0, 0, 0, 11, 1, 2, 0, 0, 0, 12, 0, 0.5, 0, 0, 0, 0, 0, 0, 7.281389236450195, 0.021684646606445312], [0, 0, 0, 0.025259554386138916, 0, 0, 8, 3, 10, 0, 0, 0, 0, 1, 1, 2, 0, 0, 0, 2, 0, 0.5, 0, 0, 0, 0, 0, 0, -23.87928009033203, 0.0], [0, 0, 0, 0.10906457901000977, 0, 0, 8, 5, 12, 0, 0, 0, 0, 3, 1, 3, 0, 0, 0, 4, 0, 0.5, 0, 0, 0, 0, 0, 0, -1.5134034156799316, 0.013852119445800781], [0, 0, 0, 0.0, 0, 0, 7, 4, 10, 0, 0, 0, 0, 2, 1, 5, 0, 0, 0, 3, 0, 0.75, 0, 0, 0, 0, 0, 0, -8.277349472045898, 0.18423843383789062], [0, 0, 0, 0.07272225618362427, 0, 0, 8, 13, 20, 0, 0, 0, 0, 8, 4, 3, 0, 0, 0, 12, 0, 0.3333333333333333, 0, 0, 0, 0, 0, 0, 3.571047067642212, 9.26457405090332], [0, 0, 0, 0.029368340969085693, 0, 0, 8, 13, 20, 0, 0, 0, 0, 10, 2, 2, 0, 0, 0, 12, 0, 0.5, 0, 0, 0, 0, 0, 0, 9.801867485046387, 6.571974754333496], [0, 0, 0, 0.10327088832855225, 0, 0, 8, 12, 19, 0, 0, 0, 0, 9, 2, 4, 0, 0, 0, 11, 0, 0.5, 0, 0, 0, 0, 0, 0, 8.812620162963867, 7.1820220947265625], [0, 0, 1, 0.05869424343109131, 0, 0, 8, 10, 17, 0, 0, 1, 0, 8, 1, 2, 0, 0, 0, 9, 0, 0.28205128205128205, 0, 0, 0, 0, 0, 0, 14.834077835083008, 13.556958198547363], [0, 0, 0, 0.10678702592849731, 0, 0, 8, 4, 11, 0, 0, 0, 0, 2, 1, 3, 0, 0, 0, 3, 0, 0.5, 0, 0, 0, 0, 0, 0, -8.277349472045898, 0.18423843383789062], [0, 0, 0, 0.10096794366836548, 0, 0, 8, 3, 10, 0, 0, 0, 0, 1, 1, 3, 0, 0, 0, 2, 0, 0.6666666666666666, 0, 0, 0, 0, 0, 0, -23.87928009033203, 0.0], [0, 0, 0, 0.019082069396972656, 0, 0, 8, 6, 13, 0, 1, 0, 0, 2, 3, 7, 0, 0, 0, 5, 0, 0.75, 0, 0, 0, 0, 0, 0, -23.8355655670166, 21.792821884155273], [0, 0, 0, 0.023999541997909546, 0, 0, 8, 13, 20, 0, 0, 0, 0, 11, 1, 2, 0, 0, 0, 12, 0, 0.5, 0, 0, 0, 0, 0, 0, 7.1291117668151855, 0.02162790298461914], [1, 0, 1, 0.04277539253234863, 0, 0, 8, 5, 12, 1, 0, 1, 1, 2, 2, 3, 0, 0, 0, 4, 0, 0.5, 0, 0, 0, 0, 0, 0, -9.411371231079102, 24.17384147644043], [0, 0, 0, 0.03782004117965698, 0, 0, 8, 6, 13, 0, 0, 0, 0, 3, 2, 6, 0, 0, 0, 5, 0, 0.75, 0, 0, 0, 0, 0, 0, -19.775144577026367, 14.766092300415039], [0, 0, 0, 0.021660253405570984, 0, 0, 8, 3, 10, 0, 0, 0, 0, 1, 1, 4, 0, 0, 0, 2, 0, 0.5, 0, 0, 0, 0, 0, 0, -23.87928009033203, 0.0], [0, 0, 0, 0.02174779772758484, 0, 0, 8, 13, 20, 0, 0, 0, 0, 10, 2, 1, 0, 0, 0, 12, 0, 0.5, 0, 0, 0, 0, 0, 0, 9.790213584899902, 6.5697407722473145], [0, 0, 0, 0.16250771284103394, 0, 0, 8, 10, 17, 0, 0, 0, 0, 7, 2, 3, 0, 0, 0, 9, 0, 0.5, 0, 0, 0, 0, 0, 0, -11.068109512329102, 8.207782745361328], [0, 0, 0, 0.01990485191345215, 0, 0, 8, 13, 20, 0, 0, 0, 0, 10, 2, 1, 0, 0, 0, 12, 0, 0.10714285714285714, 0, 0, 0, 0, 0, 0, 9.771583557128906, 6.577841758728027], [0, 0, 0, 0.018626689910888672, 0, 0, 8, 13, 20, 0, 0, 0, 0, 10, 2, 1, 0, 0, 0, 12, 0, 0.015384615384615385, 0, 0, 0, 0, 0, 0, 6.596503257751465, 5.774603366851807], [0, 0, 0, 0.08704829216003418, 0, 0, 8, 3, 10, 0, 0, 0, 0, 1, 1, 2, 0, 0, 0, 2, 0, 0.5, 0, 0, 0, 0, 0, 0, -23.87928009033203, 0.0], [0, 0, 0, 0.0601007342338562, 0, 0, 8, 5, 12, 0, 0, 0, 0, 2, 2, 3, 0, 0, 0, 4, 0, 0.3333333333333333, 0, 0, 0, 0, 0, 0, -9.440823554992676, 24.18146514892578], [0, 0, 0, 0.12953147292137146, 0, 0, 8, 10, 17, 0, 0, 0, 0, 8, 1, 3, 0, 0, 0, 9, 0, 0.5, 0, 0, 0, 0, 0, 0, -11.752466201782227, 0.05997753143310547], [1, 0, 0, 0.010530650615692139, 0, 0, 8, 13, 20, 1, 1, 1, 0, 11, 1, 2, 0, 0, 0, 12, 0, 0.3333333333333333, 0, 0, 0, 0, 0, 0, 13.223896980285645, 0.0009613037109375], [1, 0, 0, 0.06678915023803711, 1, 0, 8, 13, 20, 1, 0, 0, 0, 9, 3, 1, 0, 0, 0, 12, 1, 0.5, 0, 0, 0, 0, 0, 0, 6.4901533126831055, 8.007088661193848], [0, 0, 1, 0.013450518250465393, 0, 0, 8, 6, 13, 0, 0, 1, 1, 3, 2, 1, 0, 0, 0, 5, 0, 0.15384615384615385, 0, 0, 0, 0, 0, 0, -19.686338424682617, 15.09025764465332], [0, 0, 0, 0.14328360557556152, 0, 0, 8, 13, 20, 0, 0, 0, 0, 11, 1, 2, 0, 0, 0, 12, 0, 0.6666666666666666, 0, 0, 0, 0, 0, 0, 13.181447982788086, 0.000949859619140625], [0, 0, 0, 0.1327880620956421, 0, 0, 8, 13, 20, 0, 0, 0, 0, 11, 1, 2, 0, 0, 0, 12, 0, 0.6666666666666666, 0, 0, 0, 0, 0, 0, 13.181447982788086, 0.000949859619140625], [1, 0, 1, 0.38267406821250916, 0, 0, 8, 5, 12, 1, 0, 1, 1, 3, 1, 4, 0, 0, 0, 4, 0, 0.5, 0, 0, 0, 0, 0, 0, -1.4941151142120361, 0.013974666595458984], [0, 0, 0, 0.04950380325317383, 0, 0, 8, 4, 11, 0, 0, 0, 0, 2, 1, 4, 0, 0, 0, 3, 0, 0.6666666666666666, 0, 0, 0, 0, 0, 0, -8.277349472045898, 0.18423843383789062], [1, 0, 0, 0.0012593269348144531, 0, 0, 8, 3, 10, 1, 0, 0, 0, 1, 1, 5, 0, 0, 0, 2, 0, 0.5, 0, 0, 0, 0, 0, 0, -23.87928009033203, 0.0], [1, 0, 0, 0.04405856132507324, 0, 0, 8, 9, 16, 1, 0, 0, 0, 3, 4, 3, 0, 0, 0, 8, 0, 0.6666666666666666, 0, 0, 0, 0, 0, 0, -18.36644744873047, 4.684637069702148], [0, 0, 0, 0.018067121505737305, 0, 0, 8, 13, 20, 0, 0, 0, 0, 10, 2, 1, 0, 0, 0, 12, 0, 0.024539877300613498, 0, 0, 0, 0, 0, 0, 6.209069728851318, 4.260063648223877], [0, 0, 0, 0.05656033754348755, 0, 0, 8, 11, 18, 0, 0, 0, 0, 9, 1, 1, 0, 0, 0, 10, 0, 0.3333333333333333, 0, 0, 0, 0, 0, 0, -11.03308391571045, 0.010437965393066406], [0, 0, 0, 0.02566218376159668, 0, 0, 8, 4, 11, 0, 0, 0, 0, 2, 1, 4, 0, 0, 0, 3, 0, 0.5, 0, 0, 0, 0, 0, 0, -12.955565452575684, 0.1879739761352539], [0, 0, 0, 0.1371387243270874, 0, 0, 8, 10, 17, 0, 0, 0, 0, 8, 1, 2, 0, 0, 0, 9, 0, 0.5, 0, 0, 0, 0, 0, 0, -11.752466201782227, 0.05997753143310547], [0, 0, 0, 0.04823523759841919, 0, 0, 8, 13, 20, 0, 0, 0, 0, 11, 1, 1, 0, 0, 0, 12, 0, 0.041666666666666664, 0, 0, 0, 0, 0, 0, 13.123127937316895, 0.0009279251098632812], [1, 0, 0, 0.022276878356933594, 1, 0, 8, 6, 13, 1, 0, 1, 0, 4, 1, 7, 0, 0, 0, 5, 1, 0.75, 0, 0, 0, 0, 0, 0, -14.467253684997559, 0.11642742156982422], [0, 0, 0, 0.00827673077583313, 0, 0, 8, 3, 10, 0, 0, 0, 0, 1, 1, 1, 0, 0, 0, 2, 0, 0.75, 0, 0, 0, 0, 0, 0, -23.87928009033203, 0.0], [0, 0, 1, 0.029548227787017822, 0, 0, 8, 13, 20, 0, 0, 1, 1, 10, 2, 6, 0, 0, 0, 12, 0, 0.6666666666666666, 0, 0, 0, 0, 0, 0, 9.812943458557129, 6.5712456703186035], [0, 0, 0, 0.07275497913360596, 0, 0, 8, 13, 20, 0, 0, 1, 0, 9, 3, 3, 0, 0, 0, 12, 0, 0.75, 0, 0, 0, 0, 0, 0, 6.559453964233398, 8.044397354125977], [1, 0, 1, 0.00963902473449707, 1, 0, 8, 13, 20, 1, 0, 1, 1, 10, 2, 6, 0, 0, 0, 12, 1, 0.75, 0, 0, 0, 0, 0, 0, 9.80439567565918, 6.571186065673828], [1, 0, 0, 0.025367558002471924, 0, 0, 8, 5, 12, 1, 1, 0, 0, 3, 1, 6, 0, 0, 0, 4, 0, 0.9090909090909091, 0, 0, 0, 0, 0, 0, -1.5134034156799316, 0.013852119445800781], [0, 0, 0, 0.026752591133117676, 0, 0, 8, 13, 20, 0, 0, 1, 0, 11, 1, 1, 0, 0, 0, 12, 0, 0.041666666666666664, 0, 0, 0, 0, 0, 0, 16.241186141967773, 12.595029830932617], [0, 0, 0, 0.022566884756088257, 0, 0, 8, 13, 20, 0, 0, 0, 0, 10, 2, 4, 0, 0, 0, 12, 0, 0.6666666666666666, 0, 0, 0, 0, 0, 0, 9.783687591552734, 6.560096263885498], [0, 0, 0, 0.029349446296691895, 0, 0, 8, 13, 20, 0, 0, 0, 0, 11, 1, 1, 0, 0, 0, 12, 0, 0.16666666666666666, 0, 0, 0, 0, 0, 0, 13.201414108276367, 0.0009555816650390625], [0, 0, 0, 0.20633506774902344, 0, 0, 8, 3, 10, 0, 0, 0, 0, 1, 1, 4, 0, 0, 0, 2, 0, 0.6666666666666666, 0, 0, 0, 0, 0, 0, -23.87928009033203, 0.0], [0, 0, 0, 0.02731969952583313, 0, 0, 8, 8, 15, 0, 0, 0, 0, 6, 1, 2, 0, 0, 0, 7, 0, 0.3333333333333333, 0, 0, 0, 0, 0, 0, 7.784692287445068, 0.0032062530517578125], [0, 0, 0, 0.21336954832077026, 0, 0, 8, 3, 10, 0, 0, 0, 0, 1, 1, 2, 0, 0, 0, 2, 0, 0.25, 0, 0, 0, 0, 0, 0, -23.87928009033203, 0.0], [0, 0, 0, 0.11462247371673584, 0, 0, 8, 4, 11, 0, 0, 0, 0, 2, 1, 5, 0, 0, 0, 3, 0, 0.75, 0, 0, 0, 0, 0, 0, -8.277349472045898, 0.18423843383789062], [0, 0, 0, 0.013549506664276123, 0, 0, 8, 3, 10, 0, 0, 0, 0, 1, 1, 5, 0, 0, 0, 2, 0, 0.5, 0, 0, 0, 0, 0, 0, -23.87928009033203, 0.0], [0, 0, 0, 0.0, 0, 0, 8, 3, 10, 0, 0, 0, 0, 1, 1, 3, 0, 0, 0, 2, 0, 0.5, 0, 0, 0, 0, 0, 0, -23.87928009033203, 0.0], [0, 0, 0, 0.037459343671798706, 0, 0, 8, 3, 10, 0, 0, 0, 0, 1, 1, 3, 0, 0, 0, 2, 0, 0.6666666666666666, 0, 0, 0, 0, 0, 0, -23.87928009033203, 0.0], [0, 0, 0, 0.0757678747177124, 0, 0, 8, 3, 10, 0, 0, 0, 0, 1, 1, 3, 0, 0, 0, 2, 0, 0.5, 0, 0, 0, 0, 0, 0, -23.87928009033203, 0.0], [0, 0, 0, 0.008928924798965454, 0, 0, 8, 13, 20, 0, 0, 0, 0, 10, 2, 3, 0, 0, 0, 12, 0, 0.6666666666666666, 0, 0, 0, 0, 0, 0, 3.8116798400878906, 5.737307548522949], [0, 0, 0, 0.02742743492126465, 0, 0, 8, 3, 10, 0, 0, 0, 0, 1, 1, 6, 0, 0, 0, 2, 0, 0.75, 0, 0, 0, 0, 0, 0, -23.87928009033203, 0.0], [0, 0, 0, 0.013825535774230957, 0, 0, 8, 3, 10, 0, 0, 0, 0, 1, 1, 2, 0, 0, 0, 2, 0, 0.3333333333333333, 0, 0, 0, 0, 0, 0, -23.87928009033203, 0.0], [0, 0, 0, 0.0388873815536499, 0, 0, 8, 4, 11, 0, 0, 0, 0, 2, 1, 1, 0, 0, 0, 3, 0, 0.1, 0, 0, 0, 0, 0, 0, -8.277349472045898, 0.18423843383789062], [0, 0, 0, 0.0017352700233459473, 0, 0, 8, 13, 20, 0, 0, 0, 0, 7, 3, 1, 0, 0, 0, 12, 0, 0.75, 0, 0, 0, 0, 0, 0, -8.075554847717285, 0.009090423583984375], [0, 0, 0, 0.11116790771484375, 0, 0, 8, 3, 10, 0, 0, 0, 0, 1, 1, 3, 0, 0, 0, 2, 0, 0.5, 0, 0, 0, 0, 0, 0, -23.87928009033203, 0.0], [0, 0, 0, 0.012947559356689453, 0, 0, 8, 13, 20, 0, 0, 0, 0, 11, 1, 1, 0, 0, 0, 12, 0, 0.09523809523809523, 0, 0, 0, 0, 0, 0, 13.063285827636719, 0.0009059906005859375], [0, 0, 0, 0.04155915975570679, 0, 0, 8, 13, 20, 0, 0, 1, 1, 9, 2, 1, 0, 0, 0, 12, 0, 0.3333333333333333, 0, 0, 0, 0, 0, 0, -0.2597077488899231, 0.003096461296081543], [0, 0, 0, 0.29535120725631714, 0, 0, 8, 3, 10, 0, 0, 0, 0, 1, 1, 3, 0, 0, 0, 2, 0, 0.5, 0, 0, 0, 0, 0, 0, -23.87928009033203, 0.0], [0, 0, 0, 0.00562286376953125, 0, 0, 8, 13, 20, 0, 0, 0, 0, 11, 1, 2, 0, 0, 0, 12, 0, 0.5, 0, 0, 0, 0, 0, 0, 13.114957809448242, 0.000926971435546875], [0, 0, 0, 0.0014418363571166992, 0, 0, 8, 3, 10, 0, 0, 0, 0, 1, 1, 2, 0, 0, 0, 2, 0, 0.5, 0, 0, 0, 0, 0, 0, -23.87928009033203, 0.0], [0, 0, 0, 0.03099486231803894, 0, 0, 8, 3, 10, 0, 0, 0, 0, 1, 1, 4, 0, 0, 0, 2, 0, 0.6666666666666666, 0, 0, 0, 0, 0, 0, -23.87928009033203, 0.0], [0, 0, 0, 0.034178972244262695, 0, 0, 8, 13, 20, 0, 0, 0, 0, 11, 1, 1, 0, 0, 0, 12, 0, 0.024539877300613498, 0, 0, 0, 0, 0, 0, 13.128188133239746, 0.0009326934814453125], [0, 0, 0, 0.05025920271873474, 0, 0, 8, 13, 20, 0, 0, 0, 0, 11, 1, 1, 0, 0, 0, 12, 0, 0.041666666666666664, 0, 0, 0, 0, 0, 0, 13.123127937316895, 0.0009279251098632812], [0, 0, 0, 0.004077434539794922, 0, 0, 8, 3, 10, 0, 0, 0, 0, 1, 1, 5, 0, 0, 0, 2, 0, 0.5, 0, 0, 0, 0, 0, 0, -23.87928009033203, 0.0], [0, 0, 0, 0.23054379224777222, 0, 0, 8, 13, 20, 0, 0, 0, 0, 8, 4, 3, 0, 0, 0, 12, 0, 0.5, 0, 0, 0, 0, 0, 0, 3.5767617225646973, 9.290987014770508], [0, 0, 0, 0.029905050992965698, 0, 0, 8, 10, 17, 0, 0, 0, 0, 8, 1, 2, 0, 0, 0, 9, 0, 0.5, 0, 0, 0, 0, 0, 0, 10.668485641479492, 0.001800537109375], [0, 0, 0, 0.02942335605621338, 0, 0, 8, 13, 20, 0, 0, 0, 0, 11, 1, 2, 0, 0, 0, 12, 0, 0.6666666666666666, 0, 0, 0, 0, 0, 0, 13.181447982788086, 0.000949859619140625], [0, 0, 0, 0.052800387144088745, 0, 0, 8, 13, 20, 0, 0, 0, 0, 11, 1, 1, 0, 0, 0, 12, 0, 0.041666666666666664, 0, 0, 0, 0, 0, 0, 13.123127937316895, 0.0009279251098632812], [0, 0, 0, 0.030124694108963013, 0, 0, 8, 5, 12, 0, 0, 0, 0, 3, 1, 1, 0, 0, 0, 4, 0, 0.5, 0, 0, 0, 0, 0, 0, -1.5134034156799316, 0.013852119445800781], [0, 0, 0, 0.011545389890670776, 0, 0, 8, 13, 20, 0, 0, 0, 0, 11, 1, 2, 0, 0, 0, 12, 0, 0.3333333333333333, 0, 0, 0, 0, 0, 0, 13.139335632324219, 0.0009317398071289062], [0, 0, 0, 0.013320565223693848, 0, 0, 8, 13, 20, 0, 0, 0, 0, 11, 1, 1, 0, 0, 0, 12, 0, 0.09523809523809523, 0, 0, 0, 0, 0, 0, 13.063285827636719, 0.0009059906005859375], [1, 0, 0, 0.06678915023803711, 1, 0, 8, 13, 20, 1, 0, 1, 1, 6, 3, 1, 0, 0, 0, 12, 1, 0.5, 0, 0, 0, 0, 0, 0, -18.258331298828125, 0.0049343109130859375], [0, 0, 0, 0.053932011127471924, 0, 0, 8, 13, 20, 0, 0, 0, 0, 9, 2, 1, 0, 0, 0, 12, 0, 0.5, 0, 0, 0, 0, 0, 0, -0.217909038066864, 0.012385368347167969], [0, 0, 0, 0.04453733563423157, 0, 0, 8, 3, 10, 0, 0, 0, 0, 1, 1, 3, 0, 0, 0, 2, 0, 0.5, 0, 0, 0, 0, 0, 0, -23.87928009033203, 0.0], [0, 0, 0, 0.04609006643295288, 0, 0, 8, 3, 10, 0, 0, 0, 0, 1, 1, 4, 0, 0, 0, 2, 0, 0.5, 0, 0, 0, 0, 0, 0, -23.87928009033203, 0.0], [0, 0, 0, 0.037652432918548584, 0, 0, 8, 13, 20, 0, 0, 0, 0, 11, 1, 2, 0, 0, 0, 12, 0, 0.5, 0, 0, 0, 0, 0, 0, 13.142376899719238, 0.0009298324584960938], [0, 0, 0, 0.04645335674285889, 0, 0, 8, 3, 10, 0, 0, 0, 0, 1, 1, 3, 0, 0, 0, 2, 0, 0.5, 0, 0, 0, 0, 0, 0, -23.87928009033203, 0.0], [0, 0, 0, 0.004822641611099243, 0, 0, 8, 3, 10, 0, 0, 0, 0, 1, 1, 2, 0, 0, 0, 2, 0, 0.3333333333333333, 0, 0, 0, 0, 0, 0, -23.87928009033203, 0.0], [0, 0, 0, 0.05783545970916748, 0, 0, 8, 3, 10, 0, 0, 0, 0, 1, 1, 1, 0, 0, 0, 2, 0, 0.5, 0, 0, 0, 0, 0, 0, -23.87928009033203, 0.0], [0, 0, 0, 0.05004376173019409, 0, 0, 8, 13, 20, 0, 0, 0, 0, 8, 3, 1, 0, 0, 0, 12, 0, 0.5, 0, 0, 0, 0, 0, 0, -3.420637607574463, 1.5474228858947754], [0, 0, 0, 0.032606810331344604, 0, 0, 8, 3, 10, 0, 0, 0, 0, 1, 1, 3, 0, 0, 0, 2, 0, 0.5, 0, 0, 0, 0, 0, 0, -23.87928009033203, 0.0], [1, 0, 1, 0.05430525541305542, 0, 0, 8, 13, 20, 1, 0, 1, 1, 9, 3, 3, 0, 0, 0, 12, 0, 0.3333333333333333, 0, 0, 0, 0, 0, 0, 6.5847673416137695, 8.038269996643066], [1, 0, 0, 0.09697061777114868, 0, 0, 8, 3, 10, 1, 0, 0, 0, 1, 1, 7, 0, 0, 0, 2, 0, 0.9090909090909091, 0, 0, 0, 0, 0, 0, -23.87928009033203, 0.0], [0, 0, 0, 0.005446016788482666, 0, 0, 8, 13, 20, 0, 0, 0, 0, 11, 1, 2, 0, 0, 0, 12, 0, 0.5, 0, 0, 0, 0, 0, 0, 13.114957809448242, 0.000926971435546875], [0, 0, 0, 0.0389900803565979, 0, 0, 8, 5, 12, 0, 0, 0, 0, 3, 1, 1, 0, 0, 0, 4, 0, 0.15384615384615385, 0, 0, 0, 0, 0, 0, -1.5134034156799316, 0.013852119445800781], [0, 0, 0, 0.03713993728160858, 0, 0, 8, 3, 10, 0, 0, 0, 0, 1, 1, 3, 0, 0, 0, 2, 0, 0.3333333333333333, 0, 0, 0, 0, 0, 0, -23.87928009033203, 0.0], [0, 0, 1, 0.08421927690505981, 0, 0, 8, 5, 12, 0, 0, 1, 1, 3, 1, 3, 0, 0, 0, 4, 0, 0.5, 0, 0, 0, 0, 0, 0, -1.4941151142120361, 0.013974666595458984], [0, 0, 0, 0.008183896541595459, 0, 0, 8, 12, 19, 0, 0, 0, 0, 10, 1, 1, 0, 0, 0, 11, 0, 0.024539877300613498, 0, 0, 0, 0, 0, 0, -9.503063201904297, 0.009121894836425781], [0, 0, 0, 0.011228322982788086, 0, 0, 8, 13, 20, 0, 0, 1, 0, 4, 7, 4, 0, 0, 0, 12, 0, 0.6, 0, 0, 0, 0, 0, 0, -14.202792167663574, 6.459870338439941], [0, 0, 0, 0.40851446986198425, 0, 0, 8, 3, 10, 0, 0, 0, 0, 1, 1, 4, 0, 0, 0, 2, 0, 0.5, 0, 0, 0, 0, 0, 0, -23.87928009033203, 0.0], [0, 0, 0, 0.13337689638137817, 0, 0, 8, 8, 15, 0, 0, 0, 0, 6, 1, 3, 0, 0, 0, 7, 0, 0.5, 0, 0, 0, 0, 0, 0, -10.495408058166504, 0.07116317749023438], [0, 0, 0, 0.17878985404968262, 0, 0, 8, 3, 10, 0, 0, 0, 0, 1, 1, 5, 0, 0, 0, 2, 0, 0.6666666666666666, 0, 0, 0, 0, 0, 0, -23.87928009033203, 0.0], [0, 0, 0, 0.009834468364715576, 0, 0, 8, 3, 10, 0, 0, 0, 0, 1, 1, 2, 0, 0, 0, 2, 0, 0.5, 0, 0, 0, 0, 0, 0, -23.87928009033203, 0.0], [0, 0, 0, 0.06552505493164062, 0, 0, 8, 3, 10, 0, 0, 0, 0, 1, 1, 1, 0, 0, 0, 2, 0, 0.2, 0, 0, 0, 0, 0, 0, -23.87928009033203, 0.0], [0, 0, 0, 0.03481552004814148, 0, 0, 8, 13, 20, 0, 0, 0, 0, 11, 1, 1, 0, 0, 0, 12, 0, 0.024539877300613498, 0, 0, 0, 0, 0, 0, 13.128188133239746, 0.0009326934814453125], [0, 0, 0, 0.004277706146240234, 0, 0, 8, 4, 11, 0, 0, 0, 0, 2, 1, 3, 0, 0, 0, 3, 0, 0.5, 0, 0, 0, 0, 0, 0, -8.277349472045898, 0.18423843383789062], [0, 0, 0, 0.01726803183555603, 0, 0, 8, 13, 20, 0, 0, 0, 0, 11, 1, 1, 0, 0, 0, 12, 0, 0.09523809523809523, 0, 0, 0, 0, 0, 0, 13.063285827636719, 0.0009059906005859375], [0, 0, 0, 0.00963890552520752, 0, 0, 8, 13, 20, 0, 0, 0, 0, 11, 1, 1, 0, 0, 0, 12, 0, 0.16666666666666666, 0, 0, 0, 0, 0, 0, 13.201414108276367, 0.0009555816650390625], [1, 0, 1, 0.26684993505477905, 1, 0, 8, 13, 20, 1, 0, 1, 1, 6, 6, 2, 0, 0, 0, 12, 1, 0.3333333333333333, 0, 0, 0, 0, 0, 0, -1.8628525733947754, 11.553129196166992], [0, 0, 0, 0.0803338885307312, 0, 0, 8, 7, 14, 0, 0, 0, 0, 3, 3, 4, 0, 0, 0, 6, 0, 0.6666666666666666, 0, 0, 0, 0, 0, 0, -19.86583137512207, 18.100500106811523], [0, 0, 0, 0.03235048055648804, 0, 0, 8, 13, 20, 0, 0, 0, 0, 10, 2, 1, 0, 0, 0, 12, 0, 0.5, 0, 0, 0, 0, 0, 0, 9.766838073730469, 6.5716352462768555], [0, 0, 0, 0.01522284746170044, 0, 0, 8, 3, 10, 0, 0, 0, 0, 1, 1, 2, 0, 0, 0, 2, 0, 0.5, 0, 0, 0, 0, 0, 0, -23.87928009033203, 0.0], [0, 0, 0, 0.03278833627700806, 0, 0, 8, 13, 20, 0, 0, 0, 0, 11, 1, 2, 0, 0, 0, 12, 0, 0.25, 0, 0, 0, 0, 0, 0, 13.192227363586426, 0.0009508132934570312], [0, 0, 0, 0.11882415413856506, 0, 0, 8, 5, 12, 0, 0, 0, 0, 3, 1, 4, 0, 0, 0, 4, 0, 0.5, 0, 0, 0, 0, 0, 0, -1.5134034156799316, 0.013852119445800781], [0, 0, 0, 0.014356672763824463, 0, 0, 8, 8, 15, 0, 0, 0, 0, 4, 2, 4, 0, 0, 0, 7, 0, 0.6666666666666666, 0, 0, 0, 0, 0, 0, -26.364757537841797, 0.8277511596679688], [0, 0, 0, 0.040183842182159424, 0, 0, 8, 3, 10, 0, 0, 0, 0, 1, 1, 4, 0, 0, 0, 2, 0, 0.6666666666666666, 0, 0, 0, 0, 0, 0, -23.87928009033203, 0.0], [0, 0, 0, 0.06109881401062012, 0, 0, 8, 13, 20, 0, 0, 0, 0, 11, 1, 1, 0, 0, 0, 12, 0, 0.041666666666666664, 0, 0, 0, 0, 0, 0, 13.123127937316895, 0.0009279251098632812], [0, 0, 0, 0.07520294189453125, 0, 0, 8, 13, 20, 0, 0, 0, 0, 8, 2, 1, 0, 0, 0, 12, 0, 0.5, 0, 0, 0, 0, 0, 0, -10.301961898803711, 0.003665924072265625], [0, 0, 0, 0.06372696161270142, 0, 0, 8, 13, 20, 0, 0, 0, 0, 11, 1, 5, 0, 0, 0, 12, 0, 0.6666666666666666, 0, 0, 0, 0, 0, 0, 13.167612075805664, 0.0009403228759765625], [0, 0, 0, 0.013862252235412598, 0, 0, 8, 13, 20, 0, 0, 0, 0, 11, 1, 2, 0, 0, 0, 12, 0, 0.3333333333333333, 0, 0, 0, 0, 0, 0, 6.658767223358154, 0.017224788665771484], [0, 0, 0, 0.005405724048614502, 0, 0, 8, 3, 10, 0, 0, 0, 0, 1, 1, 2, 0, 0, 0, 2, 0, 0.5, 0, 0, 0, 0, 0, 0, -23.87928009033203, 0.0], [0, 0, 0, 0.008559048175811768, 0, 0, 8, 13, 20, 0, 0, 0, 0, 11, 1, 1, 0, 0, 0, 12, 0, 0.15384615384615385, 0, 0, 0, 0, 0, 0, 13.186655044555664, 0.0009517669677734375], [0, 0, 0, 0.020133942365646362, 0, 0, 8, 7, 14, 0, 0, 1, 0, 5, 1, 4, 0, 0, 0, 6, 0, 0.6666666666666666, 0, 0, 0, 0, 0, 0, -12.83543586730957, 0.020723342895507812], [0, 0, 0, 0.035067856311798096, 0, 0, 8, 5, 12, 0, 0, 0, 0, 3, 1, 2, 0, 0, 0, 4, 0, 0.6666666666666666, 0, 0, 0, 0, 0, 0, -1.5134034156799316, 0.013852119445800781], [0, 0, 0, 0.17092114686965942, 0, 0, 8, 3, 10, 0, 0, 0, 0, 1, 1, 3, 0, 0, 0, 2, 0, 0.3333333333333333, 0, 0, 0, 0, 0, 0, -23.87928009033203, 0.0], [0, 0, 0, 0.21035325527191162, 0, 0, 8, 3, 10, 0, 0, 0, 0, 1, 1, 3, 0, 0, 0, 2, 0, 0.5, 0, 0, 0, 0, 0, 0, -23.87928009033203, 0.0], [0, 0, 0, 0.032727405428886414, 0, 0, 8, 3, 10, 0, 0, 0, 0, 1, 1, 3, 0, 0, 0, 2, 0, 0.6666666666666666, 0, 0, 0, 0, 0, 0, -23.87928009033203, 0.0], [0, 0, 0, 0.0010337531566619873, 0, 0, 8, 4, 11, 0, 0, 0, 0, 2, 1, 2, 0, 0, 0, 3, 0, 0.5, 0, 0, 0, 0, 0, 0, -8.277349472045898, 0.18423843383789062], [1, 0, 0, 0.05157974362373352, 1, 0, 8, 9, 16, 1, 0, 0, 0, 5, 3, 2, 0, 0, 0, 8, 0, 0.4, 0, 0, 0, 0, 0, 0, 0.20372003316879272, 12.194908142089844], [0, 0, 0, 0.014569103717803955, 0, 0, 8, 13, 20, 0, 0, 0, 0, 11, 1, 1, 0, 0, 0, 12, 0, 0.09523809523809523, 0, 0, 0, 0, 0, 0, 13.063285827636719, 0.0009059906005859375], [0, 0, 0, 0.17605316638946533, 0, 0, 8, 3, 10, 0, 0, 0, 0, 1, 1, 3, 0, 0, 0, 2, 0, 0.5, 0, 0, 0, 0, 0, 0, -23.87928009033203, 0.0], [0, 0, 0, 0.10770642757415771, 0, 0, 8, 3, 10, 0, 0, 0, 0, 1, 1, 3, 0, 0, 0, 2, 0, 0.5, 0, 0, 0, 0, 0, 0, -23.87928009033203, 0.0], [0, 0, 0, 0.1602669358253479, 0, 0, 8, 3, 10, 0, 1, 0, 0, 1, 1, 2, 0, 0, 0, 2, 0, 0.5, 0, 0, 0, 0, 0, 0, -23.87928009033203, 0.0], [0, 0, 0, 0.03787684440612793, 0, 0, 8, 13, 20, 0, 0, 0, 0, 11, 1, 1, 0, 0, 0, 12, 0, 0.5, 0, 0, 0, 0, 0, 0, 13.192227363586426, 0.0009508132934570312], [0, 0, 0, 0.05236515402793884, 0, 0, 8, 13, 20, 0, 0, 0, 0, 11, 1, 1, 0, 0, 0, 12, 0, 0.041666666666666664, 0, 0, 0, 0, 0, 0, 13.123127937316895, 0.0009279251098632812], [0, 0, 0, 0.035496026277542114, 0, 0, 8, 13, 20, 0, 0, 0, 0, 11, 1, 3, 0, 0, 0, 12, 0, 0.5, 0, 0, 0, 0, 0, 0, 13.192227363586426, 0.0009508132934570312], [0, 0, 0, 0.010375261306762695, 0, 0, 8, 3, 10, 0, 0, 0, 0, 1, 1, 4, 0, 0, 0, 2, 0, 0.5, 0, 0, 0, 0, 0, 0, -23.87928009033203, 0.0], [0, 0, 0, 0.10906830430030823, 0, 0, 8, 4, 11, 0, 0, 0, 0, 2, 1, 2, 0, 0, 0, 3, 0, 0.5, 0, 0, 0, 0, 0, 0, -8.277349472045898, 0.18423843383789062], [1, 0, 0, 0.04962563514709473, 0, 0, 8, 13, 20, 1, 0, 1, 0, 10, 2, 5, 0, 0, 0, 12, 0, 0.75, 0, 0, 0, 0, 0, 0, 9.645699501037598, 6.55601167678833], [1, 0, 0, 0.0128706693649292, 1, 0, 8, 13, 20, 1, 0, 0, 0, 11, 1, 1, 0, 0, 0, 12, 1, 0.6666666666666666, 0, 0, 0, 0, 0, 0, 5.994889259338379, 0.01720142364501953], [0, 0, 0, 0.6456744074821472, 0, 0, 8, 4, 11, 0, 0, 0, 0, 2, 1, 3, 0, 0, 0, 3, 0, 0.6666666666666666, 0, 0, 0, 0, 0, 0, -8.277349472045898, 0.18423843383789062], [1, 0, 0, 0.13467252254486084, 0, 0, 8, 3, 10, 1, 0, 0, 0, 1, 1, 4, 0, 0, 0, 2, 1, 0.6666666666666666, 0, 0, 0, 0, 0, 0, -23.87928009033203, 0.0], [0, 0, 0, 0.490532785654068, 0, 0, 8, 3, 10, 0, 0, 0, 0, 1, 1, 3, 0, 0, 0, 2, 0, 0.5, 0, 0, 0, 0, 0, 0, -23.87928009033203, 0.0], [0, 0, 0, 0.21035325527191162, 0, 0, 8, 3, 10, 0, 0, 0, 0, 1, 1, 3, 0, 0, 0, 2, 0, 0.5, 0, 0, 0, 0, 0, 0, -23.87928009033203, 0.0], [0, 0, 0, 0.006913304328918457, 0, 0, 8, 13, 20, 0, 0, 0, 0, 11, 1, 2, 0, 0, 0, 12, 0, 0.6666666666666666, 0, 0, 0, 0, 0, 0, 13.208202362060547, 0.0009593963623046875], [0, 0, 0, 0.0005336999893188477, 0, 0, 8, 12, 19, 0, 0, 0, 0, 10, 1, 1, 0, 0, 0, 11, 0, 0.14285714285714285, 0, 0, 0, 0, 0, 0, -9.503063201904297, 0.009121894836425781], [0, 0, 0, 0.02980959415435791, 0, 0, 8, 13, 20, 0, 0, 0, 0, 11, 1, 1, 0, 0, 0, 12, 0, 0.024539877300613498, 0, 0, 0, 0, 0, 0, 13.128188133239746, 0.0009326934814453125], [1, 0, 0, 0.13424664735794067, 0, 0, 8, 13, 20, 1, 0, 1, 0, 9, 3, 1, 0, 0, 0, 12, 0, 0.5, 0, 0, 0, 0, 0, 0, 6.586659908294678, 7.976051330566406], [0, 0, 0, 0.37769848108291626, 0, 0, 8, 3, 10, 0, 0, 0, 0, 1, 1, 2, 0, 0, 0, 2, 0, 0.5, 0, 0, 0, 0, 0, 0, -23.87928009033203, 0.0], [1, 0, 0, 0.04312726855278015, 0, 0, 8, 13, 20, 1, 0, 1, 0, 10, 2, 2, 0, 0, 0, 12, 0, 0.5714285714285714, 0, 0, 0, 0, 0, 0, 9.805330276489258, 6.571761131286621], [0, 0, 0, 0.04105561971664429, 0, 0, 8, 13, 20, 0, 0, 0, 0, 10, 2, 2, 0, 0, 0, 12, 0, 0.375, 0, 0, 0, 0, 0, 0, 9.799369812011719, 6.572218894958496], [0, 0, 0, 0.05225929617881775, 0, 0, 8, 3, 10, 0, 0, 0, 0, 1, 1, 3, 0, 0, 0, 2, 0, 0.5, 0, 0, 0, 0, 0, 0, -23.87928009033203, 0.0], [0, 0, 0, 0.011532217264175415, 0, 0, 8, 3, 10, 0, 0, 0, 0, 1, 1, 3, 0, 0, 0, 2, 0, 0.5, 0, 0, 0, 0, 0, 0, -23.87928009033203, 0.0], [0, 0, 0, 0.030475258827209473, 0, 0, 8, 13, 20, 0, 0, 0, 0, 11, 1, 2, 0, 0, 0, 12, 0, 0.3333333333333333, 0, 0, 0, 0, 0, 0, 13.189391136169434, 0.0009527206420898438], [1, 0, 0, 0.19115692377090454, 1, 0, 8, 4, 11, 1, 0, 1, 0, 2, 1, 4, 0, 0, 0, 3, 1, 0.5, 0, 0, 0, 0, 0, 0, -8.249354362487793, 0.18474102020263672], [0, 0, 0, 0.5470979809761047, 0, 0, 8, 3, 10, 0, 0, 0, 0, 1, 1, 4, 0, 0, 0, 2, 0, 0.5, 0, 0, 0, 0, 0, 0, -23.87928009033203, 0.0], [0, 0, 0, 0.001432180404663086, 0, 1, 8, 8, 15, 0, 0, 1, 0, 2, 4, 5, 0, 0, 0, 7, 0, 0.6666666666666666, 0, 0, 1, 0, 0, 0, -40.42713928222656, 12.36776351928711], [0, 0, 0, 0.09671872854232788, 0, 0, 8, 12, 19, 0, 0, 0, 0, 8, 3, 3, 0, 0, 0, 11, 0, 0.6666666666666666, 0, 0, 0, 0, 0, 0, 5.387442588806152, 8.814859390258789], [0, 0, 0, 0.0942750871181488, 0, 0, 8, 3, 10, 0, 0, 0, 0, 1, 1, 3, 0, 0, 0, 2, 0, 0.5, 0, 0, 0, 0, 0, 0, -23.87928009033203, 0.0], [0, 0, 0, 0.1010337769985199, 0, 0, 8, 8, 15, 0, 0, 0, 0, 6, 1, 3, 0, 0, 0, 7, 0, 0.3333333333333333, 0, 0, 0, 0, 0, 0, -10.495408058166504, 0.07116317749023438], [1, 0, 1, 0.05430525541305542, 0, 0, 8, 13, 20, 1, 0, 1, 1, 10, 2, 3, 0, 0, 0, 12, 0, 0.3333333333333333, 0, 0, 0, 0, 0, 0, 9.808947563171387, 6.5717315673828125], [0, 0, 0, 0.09619557857513428, 0, 0, 8, 3, 10, 0, 0, 0, 0, 1, 1, 2, 0, 0, 0, 2, 0, 0.5, 0, 0, 0, 0, 0, 0, -23.87928009033203, 0.0], [0, 0, 0, 0.08913993835449219, 0, 0, 8, 13, 20, 0, 0, 0, 0, 9, 3, 3, 0, 0, 0, 12, 0, 0.3333333333333333, 0, 0, 0, 0, 0, 0, 6.581129550933838, 8.034090042114258], [0, 0, 0, 0.04202324151992798, 0, 0, 8, 13, 20, 0, 0, 0, 0, 11, 1, 1, 0, 0, 0, 12, 0, 0.041666666666666664, 0, 0, 0, 0, 0, 0, 13.123127937316895, 0.0009279251098632812], [1, 0, 1, 0.05673778057098389, 1, 1, 8, 3, 10, 1, 0, 0, 0, 1, 1, 5, 0, 0, 0, 2, 0, 0.6666666666666666, 0, 0, 1, 0, 0, 0, -8.434097290039062, 21.187454223632812], [0, 0, 0, 0.01738905906677246, 0, 0, 8, 13, 20, 0, 0, 0, 0, 11, 1, 2, 0, 0, 0, 12, 0, 0.3333333333333333, 0, 0, 0, 0, 0, 0, 13.211835861206055, 0.0009555816650390625], [0, 0, 0, 0.020207732915878296, 0, 0, 8, 5, 12, 0, 0, 0, 0, 3, 1, 3, 0, 0, 0, 4, 0, 0.5, 0, 0, 0, 0, 0, 0, 8.099533081054688, 19.918052673339844], [0, 0, 0, 0.029388129711151123, 0, 0, 8, 9, 16, 0, 0, 0, 0, 7, 1, 1, 0, 0, 0, 8, 0, 0.5, 0, 0, 0, 0, 0, 0, 9.399728775024414, 0.0023479461669921875], [0, 0, 0, 0.023918509483337402, 0, 0, 8, 13, 20, 0, 0, 0, 0, 11, 1, 2, 0, 0, 0, 12, 0, 0.3333333333333333, 0, 0, 0, 0, 0, 0, 13.23824691772461, 0.0009679794311523438], [0, 0, 0, 0.03978249430656433, 0, 0, 8, 10, 17, 0, 0, 1, 0, 8, 1, 3, 0, 0, 0, 9, 0, 0.5, 0, 0, 0, 0, 0, 0, -11.741179466247559, 0.059975624084472656], [1, 0, 0, 0.05310437083244324, 0, 0, 8, 3, 10, 1, 0, 0, 0, 1, 1, 3, 0, 0, 0, 2, 1, 0.5, 0, 0, 0, 0, 0, 0, -23.87928009033203, 0.0], [0, 0, 0, 0.042710721492767334, 0, 0, 8, 13, 20, 0, 0, 0, 0, 11, 1, 1, 0, 0, 0, 12, 0, 0.3333333333333333, 0, 0, 0, 0, 0, 0, 13.178967475891113, 0.000946044921875], [0, 0, 0, 0.08747607469558716, 0, 0, 8, 13, 20, 0, 0, 0, 0, 9, 3, 3, 0, 0, 0, 12, 0, 0.3333333333333333, 0, 0, 0, 0, 0, 0, 6.5847673416137695, 8.038269996643066], [1, 0, 0, 0.07027328014373779, 0, 0, 8, 5, 12, 1, 0, 1, 0, 3, 1, 4, 0, 0, 0, 4, 0, 0.5, 0, 0, 0, 0, 0, 0, -1.4941151142120361, 0.013974666595458984], [0, 0, 0, 0.016803443431854248, 0, 0, 8, 13, 20, 0, 0, 0, 0, 10, 2, 1, 0, 0, 0, 12, 0, 0.024539877300613498, 0, 0, 0, 0, 0, 0, 4.273922443389893, 6.2341203689575195], [0, 0, 0, 0.027427375316619873, 0, 0, 8, 3, 10, 0, 0, 0, 0, 1, 1, 6, 0, 0, 0, 2, 0, 0.75, 0, 0, 0, 0, 0, 0, -23.87928009033203, 0.0], [0, 0, 0, 0.03451663255691528, 0, 0, 8, 3, 10, 0, 0, 0, 0, 1, 1, 3, 0, 0, 0, 2, 0, 0.5714285714285714, 0, 0, 0, 0, 0, 0, -23.87928009033203, 0.0], [0, 0, 0, 0.07554894685745239, 0, 0, 8, 3, 10, 0, 0, 0, 0, 1, 1, 3, 0, 0, 0, 2, 0, 0.6, 0, 0, 0, 0, 0, 0, -23.87928009033203, 0.0], [0, 0, 0, 0.022571712732315063, 0, 0, 8, 13, 20, 0, 0, 0, 0, 10, 2, 1, 0, 0, 0, 12, 0, 0.024539877300613498, 0, 0, 0, 0, 0, 0, 9.717159271240234, 6.568459987640381], [0, 0, 0, 0.018217802047729492, 0, 0, 8, 11, 18, 0, 0, 0, 0, 8, 2, 4, 0, 0, 0, 10, 0, 0.5, 0, 0, 0, 0, 0, 0, 7.6473846435546875, 7.921937942504883], [1, 0, 0, 0.09470215439796448, 0, 0, 8, 4, 11, 1, 0, 1, 0, 2, 1, 4, 0, 0, 0, 3, 0, 0.5, 0, 0, 0, 0, 0, 0, -8.249354362487793, 0.18474102020263672], [0, 0, 0, 0.017513155937194824, 0, 0, 8, 13, 20, 0, 0, 1, 0, 10, 2, 1, 0, 0, 0, 12, 0, 0.09523809523809523, 0, 0, 0, 0, 0, 0, 9.609118461608887, 6.5769267082214355], [0, 0, 0, 0.01693272590637207, 0, 0, 8, 13, 20, 0, 0, 0, 0, 11, 1, 2, 0, 0, 0, 12, 0, 0.5, 0, 0, 0, 0, 0, 0, 13.114957809448242, 0.000926971435546875], [0, 0, 0, 0.026752591133117676, 0, 0, 8, 13, 20, 0, 0, 0, 0, 11, 1, 1, 0, 0, 0, 12, 0, 0.041666666666666664, 0, 0, 0, 0, 0, 0, 13.123127937316895, 0.0009279251098632812], [0, 0, 0, 0.02481105923652649, 0, 0, 8, 5, 12, 0, 0, 0, 0, 3, 1, 1, 0, 0, 0, 4, 0, 0.015384615384615385, 0, 0, 0, 0, 0, 0, -1.5134034156799316, 0.013852119445800781], [0, 0, 0, 0.05774569511413574, 0, 0, 8, 4, 11, 0, 0, 1, 0, 2, 1, 4, 0, 0, 0, 3, 0, 0.5, 0, 0, 0, 0, 0, 0, -8.249354362487793, 0.18474102020263672], [0, 0, 0, 0.24530631303787231, 0, 0, 8, 3, 10, 0, 0, 0, 0, 1, 1, 3, 0, 0, 0, 2, 0, 0.5, 0, 0, 0, 0, 0, 0, -23.87928009033203, 0.0], [0, 0, 0, 0.03750672936439514, 0, 0, 8, 7, 14, 0, 0, 0, 0, 5, 1, 3, 0, 0, 0, 6, 0, 0.6666666666666666, 0, 0, 0, 0, 0, 0, -12.852087020874023, 0.020730018615722656], [0, 0, 0, 0.2867116928100586, 0, 0, 8, 3, 10, 0, 0, 0, 0, 1, 1, 2, 0, 0, 0, 2, 0, 0.25, 0, 0, 0, 0, 0, 0, -23.87928009033203, 0.0], [0, 0, 0, 0.017855435609817505, 0, 0, 8, 13, 20, 0, 0, 0, 0, 11, 1, 1, 0, 0, 0, 12, 0, 0.030303030303030304, 0, 0, 0, 0, 0, 0, 13.176566123962402, 0.0009489059448242188], [0, 0, 0, 0.006862759590148926, 0, 0, 8, 13, 20, 0, 0, 0, 0, 10, 2, 1, 0, 0, 0, 12, 0, 0.07692307692307693, 0, 0, 0, 0, 0, 0, 9.801867485046387, 6.571974754333496], [1, 0, 0, 0.021619975566864014, 1, 0, 8, 4, 11, 1, 0, 1, 0, 2, 1, 6, 0, 0, 0, 3, 1, 0.75, 0, 0, 0, 0, 0, 0, -8.249354362487793, 0.18474102020263672], [0, 0, 0, 0.08972403407096863, 0, 0, 8, 13, 20, 0, 0, 0, 0, 10, 2, 1, 0, 0, 0, 12, 0, 0.5, 0, 0, 0, 0, 0, 0, 3.292320489883423, 5.7659430503845215], [0, 0, 0, 0.1676522195339203, 0, 0, 8, 9, 16, 0, 0, 0, 0, 7, 1, 3, 0, 0, 0, 8, 0, 0.6666666666666666, 0, 0, 0, 0, 0, 0, 3.5863616466522217, 0.06164193153381348], [1, 0, 1, 0.06272399425506592, 1, 0, 7, 10, 16, 1, 0, 1, 1, 2, 7, 6, 0, 0, 0, 9, 1, 0.6666666666666666, 0, 0, 0, 0, 0, 0, -23.604290008544922, 19.243587493896484], [0, 0, 0, 0.1586284041404724, 0, 0, 8, 5, 12, 0, 0, 0, 0, 3, 1, 2, 0, 0, 0, 4, 0, 0.5, 0, 0, 0, 0, 0, 0, -3.9151158332824707, 0.01558685302734375], [0, 0, 0, 0.16501271724700928, 0, 0, 8, 4, 11, 0, 0, 0, 0, 2, 1, 3, 0, 0, 0, 3, 0, 0.6666666666666666, 0, 0, 0, 0, 0, 0, -8.277349472045898, 0.18423843383789062], [0, 0, 0, 0.11976993083953857, 0, 0, 8, 9, 16, 0, 0, 1, 0, 7, 1, 3, 0, 0, 0, 8, 0, 0.5, 0, 0, 0, 0, 0, 0, 9.408177375793457, 0.00235748291015625], [0, 0, 0, 0.051178693771362305, 0, 0, 8, 13, 20, 0, 0, 0, 0, 11, 1, 5, 0, 0, 0, 12, 0, 0.6666666666666666, 0, 0, 0, 0, 0, 0, 13.167612075805664, 0.0009403228759765625], [0, 0, 0, 0.04077395796775818, 0, 0, 8, 10, 17, 0, 0, 0, 0, 8, 1, 3, 0, 0, 0, 9, 0, 0.5, 0, 0, 0, 0, 0, 0, -11.752466201782227, 0.05997753143310547], [0, 0, 0, 0.010656535625457764, 0, 0, 8, 13, 20, 0, 0, 0, 0, 11, 1, 2, 0, 0, 0, 12, 0, 0.3333333333333333, 0, 0, 0, 0, 0, 0, 13.139335632324219, 0.0009317398071289062], [1, 0, 0, 0.0027637332677841187, 1, 0, 8, 12, 19, 1, 0, 1, 0, 6, 5, 3, 0, 0, 0, 11, 0, 0.5, 0, 0, 0, 0, 0, 0, -17.13327980041504, 11.71544075012207], [0, 0, 0, 0.1305251121520996, 0, 0, 8, 3, 10, 0, 0, 0, 0, 1, 1, 1, 0, 0, 0, 2, 0, 0.15384615384615385, 0, 0, 0, 0, 0, 0, -23.87928009033203, 0.0], [0, 0, 0, 0.010793298482894897, 0, 0, 8, 3, 10, 0, 0, 0, 0, 1, 1, 4, 0, 0, 0, 2, 0, 0.5, 0, 0, 0, 0, 0, 0, -23.87928009033203, 0.0], [0, 0, 0, 0.0909094512462616, 0, 0, 8, 9, 16, 0, 0, 0, 0, 7, 1, 5, 0, 0, 0, 8, 0, 0.6, 0, 0, 0, 0, 0, 0, 9.399728775024414, 0.0023479461669921875], [0, 0, 0, 0.011357098817825317, 0, 0, 8, 13, 20, 0, 0, 0, 0, 11, 1, 2, 0, 0, 0, 12, 0, 0.6666666666666666, 0, 0, 0, 0, 0, 0, 13.181447982788086, 0.000949859619140625], [0, 0, 0, 0.027427315711975098, 0, 0, 8, 4, 11, 0, 0, 0, 0, 1, 2, 6, 0, 0, 0, 3, 0, 0.75, 0, 0, 0, 0, 0, 0, -29.621549606323242, 0.0], [0, 0, 0, 0.11499784886837006, 0, 0, 8, 4, 11, 0, 0, 0, 0, 2, 1, 2, 0, 0, 0, 3, 0, 0.3333333333333333, 0, 0, 0, 0, 0, 0, -8.277349472045898, 0.18423843383789062], [0, 0, 0, 0.029050976037979126, 0, 0, 8, 10, 17, 0, 0, 0, 0, 8, 1, 3, 0, 0, 0, 9, 0, 0.5, 0, 0, 0, 0, 0, 0, -11.752466201782227, 0.05997753143310547], [0, 0, 0, 0.10875743627548218, 0, 0, 8, 3, 10, 0, 0, 0, 0, 1, 1, 4, 0, 0, 0, 2, 0, 0.75, 0, 0, 0, 0, 0, 0, -23.87928009033203, 0.0], [0, 0, 0, 0.02405482530593872, 0, 0, 8, 13, 20, 0, 0, 1, 0, 8, 3, 2, 0, 0, 0, 12, 0, 0.3333333333333333, 0, 0, 0, 0, 0, 0, -5.866031646728516, 1.263657569885254], [0, 0, 0, 0.0026712417602539062, 0, 0, 8, 3, 10, 0, 0, 0, 0, 1, 1, 3, 0, 0, 0, 2, 0, 0.5, 0, 0, 0, 0, 0, 0, -23.87928009033203, 0.0], [0, 0, 0, 0.03407120704650879, 0, 0, 8, 3, 10, 0, 0, 0, 0, 1, 1, 2, 0, 0, 0, 2, 0, 0.3333333333333333, 0, 0, 0, 0, 0, 0, -23.87928009033203, 0.0], [0, 0, 0, 0.024740397930145264, 0, 0, 8, 6, 13, 0, 0, 0, 0, 4, 1, 6, 0, 0, 0, 5, 0, 0.6666666666666666, 0, 0, 0, 0, 0, 0, -14.489059448242188, 0.11641311645507812], [0, 0, 0, 0.005835294723510742, 0, 0, 8, 3, 10, 0, 0, 0, 0, 1, 1, 5, 0, 0, 0, 2, 0, 0.6666666666666666, 0, 0, 0, 0, 0, 0, -23.87928009033203, 0.0], [0, 0, 0, 0.011194765567779541, 0, 0, 8, 13, 20, 0, 0, 1, 0, 11, 1, 2, 0, 0, 0, 12, 0, 0.5, 0, 0, 0, 0, 0, 0, 13.219661712646484, 0.0009613037109375], [0, 0, 0, 0.017969965934753418, 0, 0, 8, 13, 20, 0, 0, 0, 0, 10, 2, 2, 0, 0, 0, 12, 0, 0.3333333333333333, 0, 0, 0, 0, 0, 0, 9.64656925201416, 6.5585222244262695], [1, 0, 1, 0.11517047882080078, 0, 0, 8, 4, 11, 1, 0, 1, 1, 2, 1, 6, 0, 0, 0, 3, 1, 0.9090909090909091, 0, 0, 0, 0, 0, 0, -8.249354362487793, 0.18474102020263672], [0, 0, 0, 0.013726025819778442, 0, 0, 8, 13, 20, 0, 0, 0, 0, 11, 1, 1, 0, 0, 0, 12, 0, 0.09523809523809523, 0, 0, 0, 0, 0, 0, 13.063285827636719, 0.0009059906005859375], [0, 0, 0, 0.00836402177810669, 0, 0, 8, 13, 20, 0, 0, 0, 0, 11, 1, 1, 0, 0, 0, 12, 0, 0.030303030303030304, 0, 0, 0, 0, 0, 0, 13.176566123962402, 0.0009489059448242188], [0, 0, 0, 0.22670936584472656, 0, 0, 8, 3, 10, 0, 0, 0, 0, 1, 1, 3, 0, 0, 0, 2, 0, 0.5, 0, 0, 0, 0, 0, 0, -23.87928009033203, 0.0], [0, 0, 0, 0.05783545970916748, 0, 0, 8, 3, 10, 0, 0, 0, 0, 1, 1, 1, 0, 0, 0, 2, 0, 0.5, 0, 0, 0, 0, 0, 0, -23.87928009033203, 0.0], [0, 0, 0, 0.04483276605606079, 0, 0, 8, 13, 20, 0, 0, 0, 0, 11, 1, 1, 0, 0, 0, 12, 0, 0.041666666666666664, 0, 0, 0, 0, 0, 0, 13.123127937316895, 0.0009279251098632812], [0, 0, 0, 0.550594225525856, 0, 0, 8, 3, 10, 0, 0, 0, 0, 1, 1, 1, 0, 0, 0, 2, 0, 0.3333333333333333, 0, 0, 0, 0, 0, 0, -23.87928009033203, 0.0], [0, 0, 0, 0.05139714479446411, 0, 0, 8, 13, 20, 0, 0, 0, 0, 11, 1, 1, 0, 0, 0, 12, 0, 0.5, 0, 0, 0, 0, 0, 0, 13.192227363586426, 0.0009508132934570312], [0, 0, 0, 0.3254687190055847, 0, 0, 8, 3, 10, 0, 0, 0, 0, 1, 1, 2, 0, 0, 0, 2, 0, 0.3333333333333333, 0, 0, 0, 0, 0, 0, -23.87928009033203, 0.0], [0, 0, 0, 0.07554888725280762, 0, 0, 8, 3, 10, 0, 0, 0, 0, 1, 1, 3, 0, 0, 0, 2, 0, 0.6, 0, 0, 0, 0, 0, 0, -23.87928009033203, 0.0], [0, 0, 0, 0.14570128917694092, 0, 0, 8, 12, 19, 0, 0, 0, 0, 7, 4, 1, 0, 0, 0, 11, 0, 0.5, 0, 0, 0, 0, 0, 0, -19.6252498626709, 9.280830383300781], [0, 0, 0, 0.024474889039993286, 0, 0, 8, 4, 11, 0, 0, 0, 0, 2, 1, 4, 0, 0, 0, 3, 0, 0.75, 0, 0, 0, 0, 0, 0, -8.277349472045898, 0.18423843383789062], [0, 0, 0, 0.02115035057067871, 0, 0, 8, 8, 15, 0, 0, 0, 0, 6, 1, 2, 0, 0, 0, 7, 0, 0.75, 0, 0, 0, 0, 0, 0, -10.66734790802002, 0.01620197296142578], [0, 0, 0, 0.02546784281730652, 0, 0, 8, 13, 20, 0, 0, 0, 0, 11, 1, 2, 0, 0, 0, 12, 0, 0.5, 0, 0, 0, 0, 0, 0, 7.115741729736328, 0.021605491638183594], [0, 0, 0, 0.014391660690307617, 0, 0, 8, 5, 12, 0, 0, 0, 0, 3, 1, 3, 0, 0, 0, 4, 0, 0.5, 0, 0, 0, 0, 0, 0, -1.5134034156799316, 0.013852119445800781], [0, 0, 0, 0.015785083174705505, 0, 0, 8, 6, 13, 0, 0, 0, 0, 4, 1, 2, 0, 0, 0, 5, 0, 0.5, 0, 0, 0, 0, 0, 0, -14.489059448242188, 0.11641311645507812], [1, 0, 1, 0.30963271856307983, 1, 1, 8, 3, 10, 1, 0, 0, 0, 1, 1, 3, 0, 0, 0, 2, 0, 0.6666666666666666, 0, 0, 1, 0, 0, 0, -9.105430603027344, 21.17765998840332], [0, 0, 0, 0.06425243616104126, 0, 0, 8, 5, 12, 0, 0, 0, 0, 3, 1, 4, 0, 0, 0, 4, 0, 0.6666666666666666, 0, 0, 0, 0, 0, 0, -1.5134034156799316, 0.013852119445800781], [0, 0, 0, 0.009719491004943848, 0, 0, 8, 13, 20, 0, 0, 0, 0, 10, 2, 2, 0, 0, 0, 12, 0, 0.5, 0, 0, 0, 0, 0, 0, 9.799369812011719, 6.572218894958496], [0, 0, 0, 0.03995731472969055, 0, 0, 8, 13, 20, 0, 0, 0, 0, 11, 1, 1, 0, 0, 0, 12, 0, 0.024539877300613498, 0, 0, 0, 0, 0, 0, 13.128188133239746, 0.0009326934814453125], [0, 0, 0, 0.018137753009796143, 0, 0, 8, 13, 20, 0, 0, 0, 0, 11, 1, 1, 0, 0, 0, 12, 0, 0.09523809523809523, 0, 0, 0, 0, 0, 0, 13.063285827636719, 0.0009059906005859375], [1, 0, 1, 0.26684993505477905, 1, 0, 8, 13, 20, 1, 0, 1, 1, 7, 5, 2, 0, 0, 0, 12, 1, 0.3333333333333333, 0, 0, 0, 0, 0, 0, -0.4105227589607239, 14.914493560791016], [0, 0, 0, 0.17411479353904724, 0, 0, 8, 4, 11, 0, 0, 0, 0, 2, 1, 4, 0, 0, 0, 3, 0, 0.6666666666666666, 0, 0, 0, 0, 0, 0, -8.277349472045898, 0.18423843383789062], [0, 0, 0, 0.04574593901634216, 0, 0, 8, 11, 18, 0, 0, 0, 0, 9, 1, 2, 0, 0, 0, 10, 0, 0.6666666666666666, 0, 0, 0, 0, 0, 0, 11.691308975219727, 0.0014276504516601562], [0, 0, 0, 0.10581517219543457, 0, 0, 8, 3, 10, 0, 0, 0, 0, 1, 1, 5, 0, 0, 0, 2, 0, 0.6666666666666666, 0, 0, 0, 0, 0, 0, -23.87928009033203, 0.0], [0, 0, 0, 0.0, 0, 0, 8, 3, 10, 0, 0, 0, 0, 1, 1, 5, 0, 0, 0, 2, 0, 0.6666666666666666, 0, 0, 0, 0, 0, 0, -23.87928009033203, 0.0], [0, 0, 0, 0.07176941633224487, 0, 0, 8, 4, 11, 0, 0, 0, 0, 2, 1, 4, 0, 0, 0, 3, 0, 0.5, 0, 0, 0, 0, 0, 0, -8.277349472045898, 0.18423843383789062], [0, 0, 0, 0.027655303478240967, 0, 0, 8, 3, 10, 0, 0, 0, 0, 1, 1, 1, 0, 0, 0, 2, 0, 0.2, 0, 0, 0, 0, 0, 0, -23.87928009033203, 0.0], [0, 0, 0, 0.0524384081363678, 0, 0, 8, 13, 20, 0, 0, 0, 0, 11, 1, 1, 0, 0, 0, 12, 0, 0.3333333333333333, 0, 0, 0, 0, 0, 0, 13.178967475891113, 0.000946044921875], [1, 0, 0, 0.07406049966812134, 1, 0, 8, 4, 11, 1, 0, 1, 0, 2, 1, 6, 0, 0, 0, 3, 1, 0.9090909090909091, 0, 0, 0, 0, 0, 0, -8.249354362487793, 0.18474102020263672], [0, 0, 0, 0.0016372203826904297, 0, 0, 8, 13, 20, 0, 0, 0, 0, 8, 3, 1, 0, 0, 0, 12, 0, 0.75, 0, 0, 0, 0, 0, 0, -3.372084379196167, 1.534846544265747], [0, 0, 0, 0.12319695949554443, 0, 0, 8, 3, 10, 0, 0, 0, 0, 1, 1, 2, 0, 0, 0, 2, 0, 0.25, 0, 0, 0, 0, 0, 0, -23.87928009033203, 0.0], [0, 0, 0, 0.06963497400283813, 0, 0, 8, 13, 20, 0, 0, 0, 0, 11, 1, 1, 0, 0, 0, 12, 0, 0.041666666666666664, 0, 0, 0, 0, 0, 0, 13.123127937316895, 0.0009279251098632812], [0, 0, 0, 0.01396709680557251, 0, 0, 8, 3, 10, 0, 0, 0, 0, 1, 1, 5, 0, 0, 0, 2, 0, 0.5, 0, 0, 0, 0, 0, 0, -23.87928009033203, 0.0], [1, 0, 0, 0.24743348360061646, 0, 0, 8, 13, 20, 1, 1, 1, 0, 8, 2, 3, 0, 0, 0, 12, 0, 0.5, 0, 0, 0, 0, 0, 0, -10.688492774963379, 0.008297920227050781], [0, 0, 0, 0.005580544471740723, 0, 0, 8, 13, 20, 0, 0, 0, 0, 11, 1, 1, 0, 0, 0, 12, 0, 0.030303030303030304, 0, 0, 0, 0, 0, 0, 13.176566123962402, 0.0009489059448242188], [0, 0, 0, 0.08730271458625793, 0, 0, 8, 3, 10, 0, 0, 0, 0, 1, 1, 3, 0, 0, 0, 2, 0, 0.5, 0, 0, 0, 0, 0, 0, -23.87928009033203, 0.0], [0, 0, 0, 0.002248793840408325, 0, 0, 8, 13, 20, 0, 0, 0, 0, 11, 1, 4, 0, 0, 0, 12, 0, 0.5, 0, 0, 0, 0, 0, 0, 13.201414108276367, 0.0009555816650390625], [0, 0, 0, 0.0446743369102478, 0, 0, 8, 5, 12, 0, 0, 0, 0, 2, 2, 3, 0, 0, 0, 4, 0, 0.6, 0, 0, 0, 0, 0, 0, -9.343305587768555, 24.278982162475586], [1, 0, 1, 9.393692016601562e-05, 0, 0, 7, 4, 10, 1, 0, 1, 1, 2, 1, 5, 0, 0, 0, 3, 0, 0.6666666666666666, 0, 0, 0, 0, 0, 0, -12.926384925842285, 0.18853187561035156], [0, 0, 0, 0.028761446475982666, 0, 0, 8, 13, 20, 0, 0, 0, 0, 11, 1, 2, 0, 0, 0, 12, 0, 0.5, 0, 0, 0, 0, 0, 0, 13.142376899719238, 0.0009298324584960938], [0, 0, 0, 0.12712419033050537, 0, 0, 8, 7, 14, 0, 0, 0, 0, 4, 2, 3, 0, 0, 0, 6, 0, 0.3333333333333333, 0, 0, 0, 0, 0, 0, -23.555883407592773, 12.282297134399414], [0, 0, 0, 0.007337033748626709, 0, 0, 8, 5, 12, 0, 0, 0, 0, 3, 1, 1, 0, 0, 0, 4, 0, 0.14285714285714285, 0, 0, 0, 0, 0, 0, -1.5134034156799316, 0.013852119445800781], [1, 0, 0, 0.027427256107330322, 0, 0, 8, 3, 10, 1, 0, 0, 0, 1, 1, 6, 0, 0, 0, 2, 0, 0.75, 0, 0, 0, 0, 0, 0, -23.87928009033203, 0.0], [0, 0, 0, 0.003190279006958008, 0, 0, 8, 6, 13, 0, 0, 0, 0, 4, 1, 2, 0, 0, 0, 5, 0, 0.5, 0, 0, 0, 0, 0, 0, 2.7414965629577637, 0.007439374923706055], [0, 0, 0, 0.04941365122795105, 0, 0, 8, 13, 20, 0, 0, 0, 0, 11, 1, 4, 0, 0, 0, 12, 0, 0.6666666666666666, 0, 0, 0, 0, 0, 0, 7.232989311218262, 0.023740768432617188], [0, 0, 0, 0.12528151273727417, 0, 0, 8, 13, 20, 0, 0, 0, 0, 11, 1, 2, 0, 0, 0, 12, 0, 0.6666666666666666, 0, 0, 0, 0, 0, 0, 13.181447982788086, 0.000949859619140625], [0, 0, 0, 0.01514655351638794, 0, 0, 8, 9, 16, 0, 0, 1, 0, 6, 2, 1, 0, 0, 0, 8, 0, 0.024539877300613498, 0, 0, 0, 0, 0, 0, 4.581441879272461, 10.00230884552002], [0, 0, 0, 0.044866010546684265, 0, 0, 8, 13, 20, 0, 0, 1, 0, 11, 1, 2, 0, 0, 0, 12, 0, 0.5, 0, 0, 0, 0, 0, 0, 13.233154296875, 0.0009670257568359375], [0, 0, 0, 0.06825403869152069, 0, 0, 8, 5, 12, 0, 0, 0, 0, 2, 2, 3, 0, 0, 0, 4, 0, 0.5, 0, 0, 0, 0, 0, 0, -8.132547378540039, 19.193313598632812], [0, 0, 0, 0.004114523530006409, 0, 0, 8, 8, 15, 0, 0, 0, 0, 6, 1, 2, 0, 0, 0, 7, 0, 0.3333333333333333, 0, 0, 0, 0, 0, 0, -3.6362125873565674, 14.743172645568848], [0, 0, 0, 0.20172226428985596, 0, 0, 8, 12, 19, 0, 0, 0, 0, 5, 6, 3, 0, 0, 0, 11, 0, 0.8, 0, 0, 0, 0, 0, 0, -19.03041648864746, 13.004117965698242], [0, 0, 0, 0.013790875673294067, 0, 0, 8, 13, 20, 0, 0, 0, 0, 11, 1, 3, 0, 0, 0, 12, 0, 0.6666666666666666, 0, 0, 0, 0, 0, 0, 7.245959281921387, 0.021693706512451172], [0, 0, 0, 0.011549115180969238, 0, 0, 8, 4, 11, 0, 0, 0, 0, 2, 1, 6, 0, 0, 0, 3, 0, 0.5, 0, 0, 0, 0, 0, 0, -8.277349472045898, 0.18423843383789062], [0, 0, 0, 0.0, 0, 0, 7, 4, 10, 0, 0, 0, 0, 2, 1, 5, 0, 0, 0, 3, 0, 0.5, 0, 0, 0, 0, 0, 0, -12.955565452575684, 0.1879739761352539], [0, 0, 0, 0.03054174780845642, 0, 0, 8, 13, 20, 0, 0, 0, 0, 11, 1, 1, 0, 0, 0, 12, 0, 0.024539877300613498, 0, 0, 0, 0, 0, 0, 13.178967475891113, 0.000946044921875], [0, 0, 0, 0.18282097578048706, 0, 0, 8, 5, 12, 0, 0, 0, 0, 3, 1, 5, 0, 0, 0, 4, 0, 0.6666666666666666, 0, 0, 0, 0, 0, 0, -1.5134034156799316, 0.013852119445800781], [0, 0, 0, 0.39283086359500885, 0, 0, 8, 3, 10, 0, 0, 0, 0, 1, 1, 3, 0, 0, 0, 2, 0, 0.5, 0, 0, 0, 0, 0, 0, -23.87928009033203, 0.0], [0, 0, 0, 0.07545426487922668, 0, 0, 8, 3, 10, 0, 0, 0, 0, 1, 1, 4, 0, 0, 0, 2, 0, 0.5, 0, 0, 0, 0, 0, 0, -23.87928009033203, 0.0], [0, 0, 0, 0.1001751720905304, 0, 0, 8, 3, 10, 0, 0, 0, 0, 1, 1, 1, 0, 0, 0, 2, 0, 0.5, 0, 0, 0, 0, 0, 0, -23.87928009033203, 0.0], [0, 0, 0, 0.06067758798599243, 0, 0, 8, 3, 10, 0, 0, 0, 0, 1, 1, 2, 0, 0, 0, 2, 0, 0.3333333333333333, 0, 0, 0, 0, 0, 0, -23.87928009033203, 0.0], [0, 0, 0, 0.030281245708465576, 0, 0, 8, 10, 17, 0, 0, 0, 0, 8, 1, 4, 0, 0, 0, 9, 0, 0.5, 0, 0, 0, 0, 0, 0, -11.752466201782227, 0.05997753143310547], [0, 0, 0, 0.027853935956954956, 0, 0, 8, 13, 20, 0, 0, 0, 0, 10, 2, 1, 0, 0, 0, 12, 0, 0.2, 0, 0, 0, 0, 0, 0, 9.799385070800781, 6.5692901611328125], [0, 0, 0, 0.011474162340164185, 0, 0, 8, 13, 20, 0, 0, 0, 0, 11, 1, 4, 0, 0, 0, 12, 0, 0.5, 0, 0, 0, 0, 0, 0, 13.201414108276367, 0.0009555816650390625], [0, 0, 0, 0.0008173584938049316, 0, 0, 8, 3, 10, 0, 0, 0, 0, 1, 1, 4, 0, 0, 0, 2, 0, 0.5, 0, 0, 0, 0, 0, 0, -23.87928009033203, 0.0], [0, 0, 0, 0.0, 0, 0, 8, 8, 15, 0, 0, 0, 0, 6, 1, 4, 0, 0, 0, 7, 0, 0.5, 0, 0, 0, 0, 0, 0, 7.784692287445068, 0.0032062530517578125], [0, 0, 0, 0.002589195966720581, 0, 0, 8, 3, 10, 0, 0, 0, 0, 1, 1, 3, 0, 0, 0, 2, 0, 0.6666666666666666, 0, 0, 0, 0, 0, 0, -23.87928009033203, 0.0], [0, 0, 0, 0.013820648193359375, 0, 0, 8, 13, 20, 0, 0, 0, 0, 11, 1, 1, 0, 0, 0, 12, 0, 0.5, 0, 0, 0, 0, 0, 0, 13.23824691772461, 0.0009679794311523438], [0, 0, 0, 0.02454105019569397, 0, 0, 8, 3, 10, 0, 0, 0, 0, 1, 1, 1, 0, 0, 0, 2, 0, 0.125, 0, 0, 0, 0, 0, 0, -23.87928009033203, 0.0], [0, 0, 0, 0.057835400104522705, 0, 0, 8, 3, 10, 0, 0, 0, 0, 1, 1, 1, 0, 0, 0, 2, 0, 0.5, 0, 0, 0, 0, 0, 0, -23.87928009033203, 0.0], [0, 0, 0, 0.07194876670837402, 0, 0, 8, 5, 12, 0, 0, 0, 0, 2, 2, 4, 0, 0, 0, 4, 0, 0.5, 0, 0, 0, 0, 0, 0, -9.271890640258789, 24.35039710998535], [0, 0, 0, 0.06630194187164307, 0, 0, 8, 8, 15, 0, 0, 0, 0, 5, 2, 1, 0, 0, 0, 7, 0, 0.125, 0, 0, 0, 0, 0, 0, -2.236400604248047, 10.96811294555664], [0, 0, 0, 0.2962144613265991, 0, 0, 8, 7, 14, 0, 0, 0, 0, 4, 2, 4, 0, 0, 0, 6, 0, 0.6666666666666666, 0, 0, 0, 0, 0, 0, -18.60622215270996, 12.964101791381836], [0, 0, 0, 0.04025048017501831, 0, 0, 8, 3, 10, 0, 0, 0, 0, 1, 1, 3, 0, 0, 0, 2, 0, 0.5, 0, 0, 0, 0, 0, 0, -23.87928009033203, 0.0], [0, 0, 0, 0.013341635465621948, 0, 0, 8, 13, 20, 0, 0, 0, 0, 10, 2, 3, 0, 0, 0, 12, 0, 0.6666666666666666, 0, 0, 0, 0, 0, 0, 9.755331039428711, 6.559978485107422], [1, 0, 0, 0.10002833604812622, 0, 0, 8, 4, 11, 1, 0, 0, 0, 2, 1, 4, 0, 0, 0, 3, 0, 0.5, 0, 0, 0, 0, 0, 0, -8.277349472045898, 0.18423843383789062], [0, 0, 0, 0.010296940803527832, 0, 0, 8, 13, 20, 0, 0, 0, 0, 11, 1, 1, 0, 0, 0, 12, 0, 0.09523809523809523, 0, 0, 0, 0, 0, 0, 13.063285827636719, 0.0009059906005859375], [0, 0, 0, 0.012470662593841553, 0, 0, 8, 13, 20, 0, 0, 0, 0, 11, 1, 3, 0, 0, 0, 12, 0, 0.6666666666666666, 0, 0, 0, 0, 0, 0, 7.232989311218262, 0.023740768432617188], [1, 0, 0, 0.14750277996063232, 1, 0, 8, 5, 12, 1, 0, 1, 0, 3, 1, 5, 0, 0, 0, 4, 0, 0.6666666666666666, 0, 0, 0, 0, 0, 0, -1.4941151142120361, 0.013974666595458984], [0, 0, 0, 0.0022114217281341553, 0, 0, 8, 3, 10, 0, 0, 0, 0, 1, 1, 2, 0, 0, 0, 2, 0, 0.6666666666666666, 0, 0, 0, 0, 0, 0, -26.92625617980957, 0.0], [1, 0, 1, 0.06816929578781128, 0, 0, 8, 10, 17, 1, 0, 1, 1, 4, 3, 4, 0, 0, 0, 9, 0, 0.5, 0, 0, 0, 0, 0, 0, -31.262117385864258, 0.029016494750976562], [0, 0, 0, 0.008036255836486816, 0, 0, 8, 3, 10, 0, 0, 0, 0, 1, 1, 7, 0, 0, 0, 2, 0, 0.5, 0, 0, 0, 0, 0, 0, -23.87928009033203, 0.0], [0, 0, 0, 0.031111061573028564, 0, 0, 8, 7, 14, 0, 0, 0, 0, 5, 1, 2, 0, 0, 0, 6, 0, 0.5, 0, 0, 0, 0, 0, 0, -12.852087020874023, 0.020730018615722656], [0, 0, 0, 0.02389049530029297, 0, 0, 8, 10, 17, 0, 0, 0, 0, 3, 4, 5, 0, 0, 0, 9, 0, 0.5, 0, 0, 0, 0, 0, 0, -34.32398986816406, 2.011890411376953], [0, 0, 0, 0.04416292905807495, 0, 0, 8, 5, 12, 0, 0, 0, 0, 3, 1, 1, 0, 0, 0, 4, 0, 0.5, 0, 0, 0, 0, 0, 0, -1.5134034156799316, 0.013852119445800781], [0, 0, 0, 0.060664087533950806, 0, 0, 8, 4, 11, 0, 0, 0, 0, 2, 1, 2, 0, 0, 0, 3, 0, 0.25, 0, 0, 0, 0, 0, 0, -8.277349472045898, 0.18423843383789062], [0, 0, 0, 0.0012310445308685303, 0, 0, 8, 4, 11, 0, 0, 0, 0, 1, 2, 4, 0, 0, 0, 3, 0, 0.5, 0, 0, 0, 0, 0, 0, -29.621549606323242, 0.0], [0, 0, 0, 0.13405543565750122, 0, 0, 8, 4, 11, 0, 0, 0, 0, 2, 1, 2, 0, 0, 0, 3, 0, 0.3333333333333333, 0, 0, 0, 0, 0, 0, -8.277349472045898, 0.18423843383789062], [0, 0, 0, 0.05066126585006714, 0, 0, 8, 4, 11, 0, 0, 0, 0, 2, 1, 2, 0, 0, 0, 3, 0, 0.3333333333333333, 0, 0, 0, 0, 0, 0, -8.277349472045898, 0.18423843383789062], [0, 0, 0, 0.0601097047328949, 0, 0, 8, 11, 18, 0, 0, 0, 0, 9, 1, 2, 0, 0, 0, 10, 0, 0.6666666666666666, 0, 0, 0, 0, 0, 0, 11.691308975219727, 0.0014276504516601562], [0, 0, 0, 0.02616441249847412, 0, 0, 8, 10, 17, 0, 0, 1, 0, 7, 2, 1, 0, 0, 0, 9, 0, 0.16666666666666666, 0, 0, 0, 0, 0, 0, -15.84537124633789, 7.980312347412109], [0, 0, 0, 0.038556814193725586, 0, 0, 8, 10, 17, 0, 0, 0, 0, 7, 2, 1, 0, 0, 0, 9, 0, 0.07692307692307693, 0, 0, 0, 0, 0, 0, -11.05989933013916, 8.211176872253418], [0, 0, 0, 0.0, 0, 0, 8, 8, 15, 0, 0, 0, 0, 6, 1, 2, 0, 0, 0, 7, 0, 0.5, 0, 0, 0, 0, 0, 0, 7.784692287445068, 0.0032062530517578125], [0, 0, 0, 0.004417508840560913, 0, 0, 8, 13, 20, 0, 0, 0, 0, 9, 3, 2, 0, 0, 0, 12, 0, 0.3333333333333333, 0, 0, 0, 0, 0, 0, 3.3285727500915527, 7.197412490844727], [0, 0, 0, 0.0056650638580322266, 0, 0, 8, 8, 15, 0, 0, 0, 0, 6, 1, 1, 0, 0, 0, 7, 0, 0.07692307692307693, 0, 0, 0, 0, 0, 0, 7.784692287445068, 0.0032062530517578125], [0, 0, 0, 0.06303206086158752, 0, 0, 8, 3, 10, 0, 0, 0, 0, 1, 1, 4, 0, 0, 0, 2, 0, 0.5, 0, 0, 0, 0, 0, 0, -23.87928009033203, 0.0], [0, 0, 0, 0.38651007413864136, 0, 0, 8, 4, 11, 0, 0, 0, 0, 2, 1, 6, 0, 0, 0, 3, 0, 0.6666666666666666, 0, 0, 0, 0, 0, 0, -8.277349472045898, 0.18423843383789062], [0, 0, 0, 0.037224411964416504, 0, 0, 8, 8, 15, 0, 0, 0, 0, 6, 1, 3, 0, 0, 0, 7, 0, 0.75, 0, 0, 0, 0, 0, 0, -10.66734790802002, 0.01620197296142578], [0, 0, 0, 0.20238915085792542, 0, 0, 8, 7, 14, 0, 0, 1, 0, 3, 3, 2, 0, 0, 0, 6, 0, 0.5, 0, 0, 0, 0, 0, 0, -23.388935089111328, 15.729541778564453], [0, 0, 0, 0.039631783962249756, 0, 0, 8, 4, 11, 0, 0, 0, 0, 2, 1, 4, 0, 0, 0, 3, 0, 0.5, 0, 0, 0, 0, 0, 0, -8.277349472045898, 0.18423843383789062], [0, 0, 0, 0.05443775653839111, 0, 0, 8, 13, 20, 0, 0, 0, 0, 7, 3, 1, 0, 0, 0, 12, 0, 0.5, 0, 0, 0, 0, 0, 0, -13.42385482788086, 1.5179367065429688], [0, 0, 0, 0.17471498250961304, 0, 0, 8, 4, 11, 0, 0, 0, 0, 2, 1, 3, 0, 0, 0, 3, 0, 0.5, 0, 0, 0, 0, 0, 0, -8.277349472045898, 0.18423843383789062], [0, 0, 0, 0.13094818592071533, 0, 0, 8, 13, 20, 0, 0, 0, 0, 10, 2, 3, 0, 0, 0, 12, 0, 0.6666666666666666, 0, 0, 0, 0, 0, 0, 6.112961292266846, 4.344897270202637], [1, 0, 0, 0.18537664413452148, 0, 0, 8, 3, 10, 1, 0, 0, 0, 1, 1, 6, 0, 0, 0, 2, 0, 0.6666666666666666, 0, 0, 0, 0, 0, 0, -24.889007568359375, 0.0], [0, 0, 0, 0.03119519352912903, 0, 0, 8, 3, 10, 0, 0, 0, 0, 1, 1, 4, 0, 0, 0, 2, 0, 0.5, 0, 0, 0, 0, 0, 0, -23.87928009033203, 0.0], [0, 0, 0, 0.2665291130542755, 0, 0, 8, 3, 10, 0, 0, 0, 0, 1, 1, 3, 0, 0, 0, 2, 0, 0.6666666666666666, 0, 0, 0, 0, 0, 0, -23.87928009033203, 0.0], [0, 0, 0, 0.003613114356994629, 0, 0, 8, 13, 20, 0, 0, 0, 0, 11, 1, 4, 0, 0, 0, 12, 0, 0.6666666666666666, 0, 0, 0, 0, 0, 0, 13.208202362060547, 0.0009593963623046875], [0, 0, 0, 0.02850404381752014, 0, 0, 8, 13, 20, 0, 0, 0, 0, 11, 1, 1, 0, 0, 0, 12, 0, 0.03389830508474576, 0, 0, 0, 0, 0, 0, 13.23824691772461, 0.0009679794311523438], [0, 0, 0, 0.011041224002838135, 0, 0, 8, 13, 20, 0, 0, 0, 0, 11, 1, 2, 0, 0, 0, 12, 0, 0.3333333333333333, 0, 0, 0, 0, 0, 0, 13.189391136169434, 0.0009527206420898438], [0, 0, 0, 0.028192192316055298, 0, 0, 8, 8, 15, 0, 0, 0, 0, 6, 1, 3, 0, 0, 0, 7, 0, 0.5, 0, 0, 0, 0, 0, 0, -10.66734790802002, 0.01620197296142578], [0, 0, 0, 0.00926247239112854, 0, 0, 8, 6, 13, 0, 0, 0, 0, 4, 1, 4, 0, 0, 0, 5, 0, 0.5, 0, 0, 0, 0, 0, 0, 2.7414965629577637, 0.007439374923706055], [0, 0, 0, 0.05962127447128296, 0, 0, 8, 13, 20, 0, 0, 0, 0, 10, 2, 2, 0, 0, 0, 12, 0, 0.5, 0, 0, 0, 0, 0, 0, 9.799369812011719, 6.572218894958496], [0, 0, 0, 0.005440115928649902, 0, 0, 8, 13, 20, 0, 0, 0, 0, 10, 2, 2, 0, 0, 0, 12, 0, 0.3333333333333333, 0, 0, 0, 0, 0, 0, 3.13327693939209, 5.690091133117676], [1, 0, 0, 0.050660669803619385, 1, 0, 8, 4, 11, 1, 0, 0, 0, 2, 1, 4, 0, 0, 0, 3, 1, 0.6666666666666666, 0, 0, 0, 0, 0, 0, -8.277349472045898, 0.18423843383789062], [0, 0, 0, 0.006732583045959473, 0, 0, 8, 3, 10, 0, 0, 0, 0, 1, 1, 2, 0, 0, 0, 2, 0, 0.3333333333333333, 0, 0, 0, 0, 0, 0, -23.87928009033203, 0.0], [0, 0, 0, 0.01204642653465271, 0, 0, 8, 13, 20, 0, 0, 0, 0, 11, 1, 1, 0, 0, 0, 12, 0, 0.024539877300613498, 0, 0, 0, 0, 0, 0, 13.192227363586426, 0.0009508132934570312], [0, 0, 0, 0.04939518868923187, 0, 0, 8, 3, 10, 0, 0, 0, 0, 1, 1, 2, 0, 0, 0, 2, 0, 0.5, 0, 0, 0, 0, 0, 0, -23.87928009033203, 0.0], [0, 0, 0, 0.033582136034965515, 0, 0, 8, 3, 10, 0, 0, 0, 0, 1, 1, 4, 0, 0, 0, 2, 0, 0.5, 0, 0, 0, 0, 0, 0, -23.87928009033203, 0.0], [0, 0, 0, 0.017931759357452393, 0, 0, 8, 13, 20, 0, 0, 0, 0, 10, 2, 1, 0, 0, 0, 12, 0, 0.09523809523809523, 0, 0, 0, 0, 0, 0, 9.611863136291504, 6.576900959014893], [0, 0, 0, 0.045111238956451416, 0, 0, 8, 3, 10, 0, 0, 0, 0, 1, 1, 5, 0, 0, 0, 2, 0, 0.6666666666666666, 0, 0, 0, 0, 0, 0, -23.87928009033203, 0.0], [0, 0, 0, 0.10720397531986237, 0, 0, 8, 3, 10, 0, 0, 0, 0, 1, 1, 2, 0, 0, 0, 2, 0, 0.5, 0, 0, 0, 0, 0, 0, -23.87928009033203, 0.0], [0, 0, 0, 0.06585094332695007, 0, 0, 8, 13, 20, 0, 0, 0, 0, 10, 2, 3, 0, 0, 0, 12, 0, 0.5, 0, 0, 0, 0, 0, 0, 9.774360656738281, 6.574263572692871], [0, 0, 0, 0.004171133041381836, 0, 0, 8, 13, 20, 0, 0, 0, 0, 10, 2, 2, 0, 0, 0, 12, 0, 0.3333333333333333, 0, 0, 0, 0, 0, 0, 9.684696197509766, 6.570281505584717], [0, 0, 0, 0.396435409784317, 0, 0, 8, 3, 10, 0, 0, 0, 0, 1, 1, 3, 0, 0, 0, 2, 0, 0.5, 0, 0, 0, 0, 0, 0, -23.87928009033203, 0.0], [1, 0, 0, 0.10748392343521118, 0, 0, 8, 10, 17, 1, 0, 0, 0, 7, 2, 1, 0, 0, 0, 9, 0, 0.2222222222222222, 0, 0, 0, 0, 0, 0, -15.727104187011719, 8.102043151855469], [0, 0, 0, 0.008036255836486816, 0, 0, 8, 3, 10, 0, 0, 0, 0, 1, 1, 7, 0, 0, 0, 2, 0, 0.5, 0, 0, 0, 0, 0, 0, -23.87928009033203, 0.0], [0, 0, 0, 0.10875743627548218, 0, 0, 8, 3, 10, 0, 0, 0, 0, 1, 1, 4, 0, 0, 0, 2, 0, 0.75, 0, 0, 0, 0, 0, 0, -23.87928009033203, 0.0], [0, 0, 0, 0.07191741466522217, 0, 0, 8, 13, 20, 0, 0, 0, 0, 11, 1, 4, 0, 0, 0, 12, 0, 0.5, 0, 0, 0, 0, 0, 0, 7.271336555480957, 0.02170276641845703], [0, 0, 0, 0.07554888725280762, 0, 0, 8, 3, 10, 0, 0, 0, 0, 1, 1, 3, 0, 0, 0, 2, 0, 0.6, 0, 0, 0, 0, 0, 0, -23.87928009033203, 0.0], [1, 0, 1, 0.06272399425506592, 1, 0, 7, 10, 16, 1, 0, 1, 1, 2, 7, 6, 0, 0, 0, 9, 1, 0.6666666666666666, 0, 0, 0, 0, 0, 0, -23.604290008544922, 19.243587493896484], [0, 0, 0, 0.06559741497039795, 0, 0, 8, 13, 20, 0, 0, 0, 0, 11, 1, 3, 0, 0, 0, 12, 0, 0.5, 0, 0, 0, 0, 0, 0, 13.211835861206055, 0.0009555816650390625], [0, 0, 0, 0.004086971282958984, 0, 0, 8, 10, 17, 0, 0, 0, 0, 7, 2, 1, 0, 0, 0, 9, 0, 0.07692307692307693, 0, 0, 0, 0, 0, 0, -11.05989933013916, 8.211176872253418], [0, 0, 0, 0.0038944482803344727, 0, 0, 8, 13, 20, 0, 0, 0, 0, 10, 2, 1, 0, 0, 0, 12, 0, 0.14285714285714285, 0, 0, 0, 0, 0, 0, 9.779279708862305, 6.5780205726623535], [0, 0, 0, 0.015080809593200684, 0, 0, 8, 3, 10, 0, 0, 0, 0, 1, 1, 3, 0, 0, 0, 2, 0, 0.5, 0, 0, 0, 0, 0, 0, -23.87928009033203, 0.0], [0, 0, 0, 0.030944734811782837, 0, 0, 8, 3, 10, 0, 0, 0, 0, 1, 1, 3, 0, 0, 0, 2, 0, 0.5, 0, 0, 0, 0, 0, 0, -23.87928009033203, 0.0], [0, 0, 0, 0.017414897680282593, 0, 0, 8, 13, 20, 0, 0, 0, 0, 11, 1, 2, 0, 0, 0, 12, 0, 0.3333333333333333, 0, 0, 0, 0, 0, 0, 13.139335632324219, 0.0009317398071289062], [0, 0, 0, 0.013295114040374756, 0, 0, 8, 3, 10, 0, 0, 0, 0, 1, 1, 1, 0, 0, 0, 2, 0, 0.14285714285714285, 0, 0, 0, 0, 0, 0, -23.87928009033203, 0.0], [0, 0, 0, 0.003958165645599365, 0, 0, 8, 9, 16, 0, 0, 0, 0, 7, 1, 1, 0, 0, 0, 8, 0, 0.07692307692307693, 0, 0, 0, 0, 0, 0, 9.399728775024414, 0.0023479461669921875], [0, 0, 0, 0.01961579918861389, 0, 0, 8, 13, 20, 0, 0, 0, 0, 11, 1, 1, 0, 0, 0, 12, 0, 0.024539877300613498, 0, 0, 0, 0, 0, 0, 13.128188133239746, 0.0009326934814453125], [0, 0, 0, 0.08368638157844543, 0, 0, 8, 3, 10, 0, 0, 0, 0, 1, 1, 3, 0, 0, 0, 2, 0, 0.5, 0, 0, 0, 0, 0, 0, -23.87928009033203, 0.0], [0, 0, 0, 0.00023359060287475586, 0, 0, 8, 10, 17, 0, 0, 0, 0, 7, 2, 1, 0, 0, 0, 9, 0, 0.07692307692307693, 0, 0, 0, 0, 0, 0, -11.05989933013916, 8.211176872253418], [0, 0, 0, 0.02767696976661682, 0, 0, 8, 3, 10, 0, 0, 0, 0, 1, 1, 2, 0, 0, 0, 2, 0, 0.6666666666666666, 0, 0, 0, 0, 0, 0, -23.87928009033203, 0.0], [0, 0, 0, 0.01820358633995056, 0, 0, 8, 13, 20, 0, 0, 0, 0, 11, 1, 1, 0, 0, 0, 12, 0, 0.09523809523809523, 0, 0, 0, 0, 0, 0, 13.063285827636719, 0.0009059906005859375], [0, 0, 0, 0.33176957070827484, 0, 0, 8, 3, 10, 0, 0, 0, 0, 1, 1, 2, 0, 0, 0, 2, 0, 0.5, 0, 0, 0, 0, 0, 0, -23.87928009033203, 0.0], [0, 0, 0, 0.09716522693634033, 0, 0, 6, 4, 9, 0, 0, 0, 0, 1, 2, 5, 0, 0, 0, 3, 0, 0.8888888888888888, 0, 0, 0, 0, 0, 0, -24.680944442749023, 0.0], [1, 0, 0, 0.0, 1, 0, 3, 4, 6, 1, 0, 0, 0, 2, 1, 2, 0, 0, 0, 3, 1, 0.5, 0, 0, 0, 0, 0, 0, -8.277349472045898, 0.18423843383789062], [0, 0, 0, 0.06935802102088928, 0, 0, 8, 6, 13, 0, 0, 0, 0, 4, 1, 4, 0, 0, 0, 5, 0, 0.5, 0, 0, 0, 0, 0, 0, -14.625245094299316, 0.14033794403076172], [0, 0, 0, 0.05403207242488861, 0, 0, 8, 3, 10, 0, 0, 0, 0, 1, 1, 2, 0, 0, 0, 2, 0, 0.4, 0, 0, 0, 0, 0, 0, -23.87928009033203, 0.0], [0, 0, 0, 0.0006861686706542969, 0, 0, 8, 3, 10, 0, 0, 0, 0, 1, 1, 4, 0, 0, 0, 2, 0, 0.6666666666666666, 0, 0, 0, 0, 0, 0, -23.87928009033203, 0.0], [0, 0, 0, 0.07848122715950012, 0, 0, 8, 12, 19, 0, 0, 0, 0, 9, 2, 3, 0, 0, 0, 11, 0, 0.5, 0, 0, 0, 0, 0, 0, 8.827733993530273, 7.182039260864258], [0, 0, 0, 0.012900829315185547, 0, 0, 8, 13, 20, 0, 0, 0, 0, 11, 1, 2, 0, 0, 0, 12, 0, 0.5, 0, 0, 0, 0, 0, 0, 13.142376899719238, 0.0009298324584960938], [0, 0, 0, 0.325985848903656, 0, 0, 8, 3, 10, 0, 0, 0, 0, 1, 1, 4, 0, 0, 0, 2, 0, 0.6666666666666666, 0, 0, 0, 0, 0, 0, -23.87928009033203, 0.0], [1, 0, 1, 0.028688251972198486, 1, 0, 8, 4, 11, 1, 0, 1, 1, 2, 1, 1, 0, 0, 0, 3, 1, 0.5, 0, 0, 0, 0, 0, 0, 5.5323567390441895, 26.863191604614258], [0, 0, 0, 0.012261271476745605, 0, 0, 8, 5, 12, 0, 0, 0, 0, 3, 1, 6, 0, 0, 0, 4, 0, 0.75, 0, 0, 0, 0, 0, 0, -1.5134034156799316, 0.013852119445800781], [0, 0, 0, 0.05248427391052246, 0, 0, 8, 7, 14, 0, 0, 0, 0, 5, 1, 1, 0, 0, 0, 6, 0, 0.1, 0, 0, 0, 0, 0, 0, 5.660093307495117, 0.004659175872802734], [0, 0, 0, 0.07683324813842773, 0, 0, 8, 6, 13, 0, 0, 0, 0, 4, 1, 3, 0, 0, 0, 5, 0, 0.5, 0, 0, 0, 0, 0, 0, 2.7414965629577637, 0.007439374923706055], [0, 0, 0, 0.14507168531417847, 0, 0, 8, 13, 20, 0, 0, 0, 0, 11, 1, 2, 0, 0, 0, 12, 0, 0.6666666666666666, 0, 0, 0, 0, 0, 0, 13.181447982788086, 0.000949859619140625], [0, 0, 0, 0.17037639021873474, 0, 0, 8, 4, 11, 0, 0, 0, 0, 2, 1, 3, 0, 0, 0, 3, 0, 0.5, 0, 0, 0, 0, 0, 0, -8.277349472045898, 0.18423843383789062], [0, 0, 0, 0.011633574962615967, 0, 0, 8, 12, 19, 0, 0, 0, 0, 10, 1, 4, 0, 0, 0, 11, 0, 0.5, 0, 0, 0, 0, 0, 0, 12.533231735229492, 0.0011625289916992188], [0, 0, 0, 0.04323217272758484, 0, 0, 8, 13, 20, 0, 0, 0, 0, 11, 1, 1, 0, 0, 0, 12, 0, 0.024539877300613498, 0, 0, 0, 0, 0, 0, 13.178967475891113, 0.000946044921875], [0, 0, 0, 0.0355372428894043, 0, 0, 8, 13, 20, 0, 0, 0, 0, 11, 1, 3, 0, 0, 0, 12, 0, 0.5, 0, 0, 0, 0, 0, 0, 13.192227363586426, 0.0009508132934570312], [0, 0, 0, 0.10451316833496094, 0, 0, 8, 12, 19, 0, 0, 0, 0, 9, 2, 2, 0, 0, 0, 11, 0, 0.6666666666666666, 0, 0, 0, 0, 0, 0, -9.985637664794922, 6.998481750488281], [0, 0, 0, 0.1763347089290619, 0, 0, 8, 3, 10, 0, 0, 0, 0, 1, 1, 2, 0, 0, 0, 2, 0, 0.3333333333333333, 0, 0, 0, 0, 0, 0, -23.87928009033203, 0.0], [0, 0, 0, 0.00826975703239441, 0, 0, 8, 5, 12, 0, 0, 0, 0, 3, 1, 1, 0, 0, 0, 4, 0, 0.047619047619047616, 0, 0, 0, 0, 0, 0, -1.5134034156799316, 0.013852119445800781], [0, 0, 0, 0.019718468189239502, 0, 0, 8, 13, 20, 0, 0, 1, 0, 9, 2, 4, 0, 0, 0, 12, 0, 0.5, 0, 0, 0, 0, 0, 0, -0.19495254755020142, 0.015892386436462402], [0, 0, 0, 0.037565380334854126, 0, 0, 8, 11, 18, 0, 0, 0, 0, 9, 1, 3, 0, 0, 0, 10, 0, 0.6666666666666666, 0, 0, 0, 0, 0, 0, 5.737807273864746, 0.04650735855102539], [0, 0, 0, 0.008559048175811768, 0, 0, 8, 13, 20, 0, 0, 1, 0, 11, 1, 1, 0, 0, 0, 12, 0, 0.15384615384615385, 0, 0, 0, 0, 0, 0, 13.186655044555664, 0.0009517669677734375], [0, 0, 0, 0.07275497913360596, 0, 0, 8, 13, 20, 0, 0, 1, 0, 10, 2, 3, 0, 0, 0, 12, 0, 0.75, 0, 0, 0, 0, 0, 0, 9.780158996582031, 6.570477485656738], [0, 0, 0, 0.185896098613739, 0, 0, 8, 3, 10, 0, 0, 0, 0, 1, 1, 5, 0, 0, 0, 2, 0, 0.6666666666666666, 0, 0, 0, 0, 0, 0, -23.87928009033203, 0.0], [0, 0, 0, 0.04256078600883484, 0, 0, 8, 13, 20, 0, 0, 0, 0, 11, 1, 3, 0, 0, 0, 12, 0, 0.6666666666666666, 0, 0, 0, 0, 0, 0, 13.233154296875, 0.0009670257568359375], [0, 0, 0, 0.06792682409286499, 0, 0, 8, 13, 20, 0, 0, 0, 0, 9, 3, 1, 0, 0, 0, 12, 0, 0.5, 0, 0, 0, 0, 0, 0, 6.4935173988342285, 8.012449264526367], [0, 0, 0, 0.02044779062271118, 0, 0, 8, 9, 16, 0, 0, 0, 0, 7, 1, 1, 0, 0, 0, 8, 0, 0.5, 0, 0, 0, 0, 0, 0, 9.399728775024414, 0.0023479461669921875], [0, 0, 0, 0.007804244756698608, 0, 0, 8, 13, 20, 0, 0, 0, 0, 9, 3, 2, 0, 0, 0, 12, 0, 0.3333333333333333, 0, 0, 0, 0, 0, 0, 6.467757225036621, 8.02830696105957], [0, 0, 0, 0.021287381649017334, 0, 0, 8, 12, 19, 0, 0, 0, 0, 8, 2, 2, 0, 0, 0, 11, 0, 0.75, 0, 0, 0, 0, 0, 0, -22.747066497802734, 0.41515350341796875], [0, 0, 0, 0.029866144061088562, 0, 0, 8, 3, 10, 0, 0, 0, 0, 1, 1, 1, 0, 0, 0, 2, 0, 0.09523809523809523, 0, 0, 0, 0, 0, 0, -23.87928009033203, 0.0], [1, 0, 1, 0.06678915023803711, 1, 0, 8, 13, 20, 1, 0, 1, 1, 7, 5, 1, 0, 0, 0, 12, 1, 0.5, 0, 0, 0, 0, 0, 0, 0.6539531350135803, 10.505236625671387], [0, 0, 0, 0.04888710379600525, 0, 0, 8, 3, 10, 0, 0, 0, 0, 1, 1, 3, 0, 0, 0, 2, 0, 0.5, 0, 0, 0, 0, 0, 0, -23.87928009033203, 0.0], [0, 0, 0, 0.0003019571304321289, 0, 0, 8, 13, 20, 0, 0, 1, 0, 11, 1, 1, 0, 0, 0, 12, 0, 0.07692307692307693, 0, 0, 0, 0, 0, 0, 13.219661712646484, 0.0009613037109375], [0, 0, 0, 0.04222103953361511, 0, 0, 8, 9, 16, 0, 0, 1, 0, 6, 2, 1, 0, 0, 0, 8, 0, 0.024539877300613498, 0, 0, 0, 0, 0, 0, 4.558276176452637, 10.002281188964844], [0, 0, 0, 0.0003903508186340332, 0, 0, 8, 3, 10, 0, 0, 0, 0, 1, 1, 6, 0, 0, 0, 2, 0, 0.6666666666666666, 0, 0, 0, 0, 0, 0, -23.87928009033203, 0.0], [0, 0, 0, 0.0006244778633117676, 0, 0, 8, 13, 20, 0, 0, 0, 0, 9, 3, 5, 0, 0, 0, 12, 0, 0.6666666666666666, 0, 0, 0, 0, 0, 0, 6.5925068855285645, 8.04063892364502], [0, 0, 0, 0.024482816457748413, 0, 0, 8, 8, 15, 0, 0, 0, 0, 6, 1, 2, 0, 0, 0, 7, 0, 0.2, 0, 0, 0, 0, 0, 0, -10.66734790802002, 0.01620197296142578], [0, 0, 0, 0.10875743627548218, 0, 0, 8, 3, 10, 0, 0, 0, 0, 1, 1, 4, 0, 0, 0, 2, 0, 0.75, 0, 0, 0, 0, 0, 0, -23.87928009033203, 0.0], [0, 0, 0, 0.005671054124832153, 0, 0, 8, 6, 13, 0, 0, 0, 0, 4, 1, 2, 0, 0, 0, 5, 0, 0.3333333333333333, 0, 0, 0, 0, 0, 0, -20.69904136657715, 0.1063385009765625], [0, 0, 0, 0.017092406749725342, 0, 0, 8, 13, 20, 0, 0, 0, 0, 11, 1, 1, 0, 0, 0, 12, 0, 0.09523809523809523, 0, 0, 0, 0, 0, 0, 13.063285827636719, 0.0009059906005859375], [0, 0, 0, 0.0070209503173828125, 0, 0, 8, 3, 10, 0, 0, 0, 0, 1, 1, 4, 0, 0, 0, 2, 0, 0.5, 0, 0, 0, 0, 0, 0, -23.87928009033203, 0.0], [0, 0, 0, 0.04847964644432068, 0, 0, 8, 4, 11, 0, 0, 1, 0, 2, 1, 3, 0, 0, 0, 3, 0, 0.3333333333333333, 0, 0, 0, 0, 0, 0, -8.249354362487793, 0.18474102020263672], [0, 0, 0, 0.05415785312652588, 0, 0, 8, 13, 20, 0, 0, 0, 0, 10, 2, 1, 0, 0, 0, 12, 0, 0.5, 0, 0, 0, 0, 0, 0, 2.840285539627075, 0.0056416988372802734], [0, 0, 0, 2.181529998779297e-05, 0, 0, 8, 13, 20, 0, 0, 1, 0, 11, 1, 1, 0, 0, 0, 12, 0, 0.2222222222222222, 0, 0, 0, 0, 0, 0, 13.208202362060547, 0.0009593963623046875], [0, 0, 0, 0.046282172203063965, 0, 0, 8, 3, 10, 0, 0, 0, 0, 1, 1, 1, 0, 0, 0, 2, 0, 0.375, 0, 0, 0, 0, 0, 0, -23.87928009033203, 0.0], [0, 0, 0, 0.026833534240722656, 0, 0, 8, 4, 11, 0, 0, 0, 0, 2, 1, 5, 0, 0, 0, 3, 0, 0.6666666666666666, 0, 0, 0, 0, 0, 0, -8.277349472045898, 0.18423843383789062], [0, 0, 0, 0.23309066891670227, 0, 0, 8, 13, 20, 0, 0, 0, 0, 8, 3, 1, 0, 0, 0, 12, 0, 0.5, 0, 0, 0, 0, 0, 0, -3.3395614624023438, 1.544238567352295], [0, 0, 0, 0.053743571043014526, 0, 0, 8, 13, 20, 0, 0, 0, 0, 10, 2, 1, 0, 0, 0, 12, 0, 0.2, 0, 0, 0, 0, 0, 0, 9.79351806640625, 6.563477516174316], [0, 0, 0, 0.2068079710006714, 0, 0, 8, 6, 13, 0, 0, 0, 0, 2, 3, 3, 0, 0, 0, 5, 0, 0.6666666666666666, 0, 0, 0, 0, 0, 0, -12.381423950195312, 23.249000549316406], [0, 0, 0, 0.0033853650093078613, 0, 0, 8, 13, 20, 0, 0, 1, 0, 11, 1, 2, 0, 0, 0, 12, 0, 0.5, 0, 0, 0, 0, 0, 0, 13.23824691772461, 0.0009679794311523438], [0, 0, 0, 0.010554417967796326, 0, 0, 8, 3, 10, 0, 0, 0, 0, 1, 1, 3, 0, 0, 0, 2, 0, 0.5, 0, 0, 0, 0, 0, 0, -23.87928009033203, 0.0], [0, 0, 0, 0.011480212211608887, 0, 0, 8, 12, 19, 0, 0, 1, 0, 10, 1, 2, 0, 0, 0, 11, 0, 0.6666666666666666, 0, 0, 0, 0, 0, 0, 12.53921890258789, 0.001163482666015625], [0, 0, 0, 0.014865338802337646, 0, 0, 8, 13, 20, 0, 0, 0, 0, 11, 1, 2, 0, 0, 0, 12, 0, 0.8, 0, 0, 0, 0, 0, 0, 13.176566123962402, 0.0009489059448242188], [0, 0, 0, 0.050012558698654175, 0, 0, 8, 13, 20, 0, 0, 0, 0, 10, 2, 5, 0, 0, 0, 12, 0, 0.6666666666666666, 0, 0, 0, 0, 0, 0, 9.719603538513184, 6.581052780151367], [0, 0, 0, 0.004562199115753174, 0, 0, 8, 13, 20, 0, 0, 0, 0, 11, 1, 3, 0, 0, 0, 12, 0, 0.5, 0, 0, 0, 0, 0, 0, 13.223896980285645, 0.0009613037109375], [0, 0, 0, 0.06169092655181885, 0, 0, 8, 6, 13, 0, 0, 0, 0, 4, 1, 4, 0, 0, 0, 5, 0, 0.6666666666666666, 0, 0, 0, 0, 0, 0, 2.7414965629577637, 0.007439374923706055], [0, 0, 0, 0.0009302496910095215, 0, 0, 8, 3, 10, 0, 0, 0, 0, 1, 1, 4, 0, 0, 0, 2, 0, 0.5, 0, 0, 0, 0, 0, 0, -23.87928009033203, 0.0], [0, 0, 0, 0.01750814914703369, 0, 0, 8, 13, 20, 0, 0, 0, 0, 10, 2, 2, 0, 0, 0, 12, 0, 0.3333333333333333, 0, 0, 0, 0, 0, 0, 9.76708698272705, 6.57799768447876], [0, 0, 0, 0.025572001934051514, 0, 0, 8, 5, 12, 0, 0, 0, 0, 3, 1, 3, 0, 0, 0, 4, 0, 0.5, 0, 0, 0, 0, 0, 0, -1.5134034156799316, 0.013852119445800781], [0, 0, 0, 0.024347543716430664, 0, 0, 8, 13, 20, 0, 0, 0, 0, 9, 2, 2, 0, 0, 0, 12, 0, 0.3333333333333333, 0, 0, 0, 0, 0, 0, -5.336108207702637, 0.007453441619873047], [0, 0, 0, 0.01186060905456543, 0, 0, 8, 13, 20, 0, 0, 0, 0, 11, 1, 1, 0, 0, 0, 12, 0, 0.09523809523809523, 0, 0, 0, 0, 0, 0, 13.063285827636719, 0.0009059906005859375], [0, 0, 0, 0.11293888092041016, 0, 0, 8, 3, 10, 0, 0, 0, 0, 1, 1, 5, 0, 0, 0, 2, 0, 0.6666666666666666, 0, 0, 0, 0, 0, 0, -23.87928009033203, 0.0], [0, 0, 0, 0.009427279233932495, 0, 0, 8, 13, 20, 0, 0, 0, 0, 11, 1, 2, 0, 0, 0, 12, 0, 0.3333333333333333, 0, 0, 0, 0, 0, 0, 13.139335632324219, 0.0009317398071289062], [0, 0, 0, 0.16800451278686523, 0, 0, 8, 3, 10, 0, 0, 0, 0, 1, 1, 3, 0, 0, 0, 2, 0, 0.5, 0, 0, 0, 0, 0, 0, -23.87928009033203, 0.0], [0, 0, 0, 0.03321713209152222, 0, 0, 8, 7, 14, 0, 0, 0, 0, 5, 1, 1, 0, 0, 0, 6, 0, 0.5, 0, 0, 0, 0, 0, 0, -12.852087020874023, 0.020730018615722656], [0, 0, 0, 0.06688380241394043, 0, 0, 8, 3, 10, 0, 0, 0, 0, 1, 1, 2, 0, 0, 0, 2, 0, 0.5, 0, 0, 0, 0, 0, 0, -23.87928009033203, 0.0], [0, 0, 0, 0.01158478856086731, 0, 0, 8, 13, 20, 0, 0, 0, 0, 11, 1, 1, 0, 0, 0, 12, 0, 0.09523809523809523, 0, 0, 0, 0, 0, 0, 13.063285827636719, 0.0009059906005859375], [0, 0, 0, 0.0012593269348144531, 0, 0, 8, 3, 10, 0, 0, 0, 0, 1, 1, 5, 0, 0, 0, 2, 0, 0.5, 0, 0, 0, 0, 0, 0, -23.87928009033203, 0.0], [1, 0, 1, 0.0115128755569458, 0, 1, 8, 3, 10, 1, 0, 0, 0, 1, 1, 6, 0, 0, 0, 2, 0, 0.5, 0, 0, 1, 0, 0, 0, -8.434097290039062, 26.784992218017578], [0, 0, 0, 0.02848532795906067, 0, 0, 8, 8, 15, 0, 0, 0, 0, 5, 2, 4, 0, 0, 0, 7, 0, 0.5, 0, 0, 0, 0, 0, 0, -14.60940933227539, 10.78880500793457], [0, 0, 0, 0.23797458410263062, 0, 0, 8, 3, 10, 0, 0, 0, 0, 1, 1, 2, 0, 0, 0, 2, 0, 0.3333333333333333, 0, 0, 0, 0, 0, 0, -23.87928009033203, 0.0], [0, 0, 0, 0.11687281727790833, 0, 0, 8, 13, 20, 0, 0, 0, 0, 11, 1, 2, 0, 0, 0, 12, 0, 0.6666666666666666, 0, 0, 0, 0, 0, 0, 13.181447982788086, 0.000949859619140625], [0, 0, 0, 0.011569410562515259, 0, 0, 8, 13, 20, 0, 0, 0, 0, 11, 1, 2, 0, 0, 0, 12, 0, 0.3333333333333333, 0, 0, 0, 0, 0, 0, 13.139335632324219, 0.0009317398071289062], [0, 0, 0, 0.02742743492126465, 0, 0, 8, 3, 10, 0, 0, 0, 0, 1, 1, 6, 0, 0, 0, 2, 0, 0.75, 0, 0, 0, 0, 0, 0, -23.87928009033203, 0.0], [0, 0, 0, 0.08660018444061279, 0, 0, 8, 13, 20, 0, 0, 0, 0, 11, 1, 2, 0, 0, 0, 12, 0, 0.5, 0, 0, 0, 0, 0, 0, 13.192227363586426, 0.0009508132934570312], [0, 0, 0, 0.029819786548614502, 0, 0, 8, 13, 20, 0, 0, 0, 0, 11, 1, 2, 0, 0, 0, 12, 0, 0.25, 0, 0, 0, 0, 0, 0, 13.192227363586426, 0.0009508132934570312], [0, 0, 0, 0.0034537911415100098, 0, 0, 8, 13, 20, 0, 0, 0, 0, 11, 1, 1, 0, 0, 0, 12, 0, 0.15384615384615385, 0, 0, 0, 0, 0, 0, 13.186655044555664, 0.0009517669677734375], [0, 0, 0, 0.014950990676879883, 0, 0, 8, 13, 20, 0, 0, 0, 0, 11, 1, 1, 0, 0, 0, 12, 0, 0.09523809523809523, 0, 0, 0, 0, 0, 0, 13.063285827636719, 0.0009059906005859375], [0, 0, 0, 0.018892288208007812, 0, 0, 8, 13, 20, 0, 0, 0, 0, 11, 1, 1, 0, 0, 0, 12, 0, 0.015384615384615385, 0, 0, 0, 0, 0, 0, 13.192227363586426, 0.0009508132934570312], [0, 0, 0, 0.02904641628265381, 0, 0, 8, 4, 11, 0, 0, 0, 0, 2, 1, 4, 0, 0, 0, 3, 0, 0.5, 0, 0, 0, 0, 0, 0, -8.277349472045898, 0.18423843383789062], [0, 0, 0, 0.03779536485671997, 0, 0, 8, 13, 20, 0, 0, 0, 0, 11, 1, 1, 0, 0, 0, 12, 0, 0.024539877300613498, 0, 0, 0, 0, 0, 0, 13.128188133239746, 0.0009326934814453125], [0, 0, 0, 0.0332416296005249, 0, 0, 8, 13, 20, 0, 0, 0, 0, 11, 1, 2, 0, 0, 0, 12, 0, 0.6666666666666666, 0, 0, 0, 0, 0, 0, 13.181447982788086, 0.000949859619140625], [0, 0, 0, 0.0791475772857666, 0, 0, 8, 4, 11, 0, 0, 0, 0, 1, 2, 5, 0, 0, 0, 3, 0, 0.6666666666666666, 0, 0, 0, 0, 0, 0, -24.680944442749023, 0.0], [0, 0, 0, 0.00471082329750061, 0, 0, 8, 8, 15, 0, 0, 0, 0, 6, 1, 3, 0, 0, 0, 7, 0, 0.6666666666666666, 0, 0, 0, 0, 0, 0, -10.495408058166504, 0.07116317749023438], [0, 0, 0, 0.02665424346923828, 0, 0, 8, 3, 10, 0, 0, 0, 0, 1, 1, 3, 0, 0, 0, 2, 0, 0.5, 0, 0, 0, 0, 0, 0, -23.87928009033203, 0.0], [0, 0, 0, 0.03097003698348999, 0, 0, 8, 13, 20, 0, 0, 0, 0, 11, 1, 2, 0, 0, 0, 12, 0, 0.5, 0, 0, 0, 0, 0, 0, 13.142376899719238, 0.0009298324584960938], [0, 0, 0, 0.05038344860076904, 0, 0, 8, 3, 10, 0, 0, 0, 0, 1, 1, 2, 0, 0, 0, 2, 0, 0.5, 0, 0, 0, 0, 0, 0, -23.87928009033203, 0.0], [0, 0, 0, 0.039388298988342285, 0, 0, 8, 13, 20, 0, 0, 0, 0, 10, 2, 1, 0, 0, 0, 12, 0, 0.5, 0, 0, 0, 0, 0, 0, 9.746060371398926, 6.56986665725708], [0, 0, 0, 0.07425826787948608, 0, 0, 8, 3, 10, 0, 0, 0, 0, 1, 1, 4, 0, 0, 0, 2, 0, 0.6666666666666666, 0, 0, 0, 0, 0, 0, -23.87928009033203, 0.0], [1, 0, 0, 0.028421998023986816, 0, 0, 8, 13, 20, 1, 0, 1, 0, 8, 3, 1, 0, 0, 0, 12, 0, 0.5, 0, 0, 0, 0, 0, 0, -3.385009765625, 1.5502333641052246], [0, 0, 0, 0.016731858253479004, 0, 0, 8, 6, 13, 0, 0, 0, 0, 3, 2, 4, 0, 0, 0, 5, 0, 0.6666666666666666, 0, 0, 0, 0, 0, 0, -19.77251434326172, 14.886245727539062], [0, 0, 0, 0.19192439317703247, 0, 0, 8, 5, 12, 0, 0, 0, 0, 3, 1, 3, 0, 0, 0, 4, 0, 0.5, 0, 0, 0, 0, 0, 0, -1.5134034156799316, 0.013852119445800781], [0, 0, 0, 0.008398175239562988, 0, 0, 8, 13, 20, 0, 0, 0, 0, 11, 1, 2, 0, 0, 0, 12, 0, 0.3333333333333333, 0, 0, 0, 0, 0, 0, 13.139335632324219, 0.0009317398071289062], [0, 0, 0, 0.05325132608413696, 0, 0, 8, 13, 20, 0, 0, 0, 0, 11, 1, 1, 0, 0, 0, 12, 0, 0.030303030303030304, 0, 0, 0, 0, 0, 0, 13.176566123962402, 0.0009489059448242188], [0, 0, 0, 0.006147056818008423, 0, 0, 8, 11, 18, 0, 0, 0, 0, 8, 2, 5, 0, 0, 0, 10, 0, 0.5, 0, 0, 0, 0, 0, 0, 7.6473846435546875, 7.921937942504883], [1, 0, 0, 0.026747465133666992, 0, 0, 8, 5, 12, 1, 0, 0, 0, 3, 1, 4, 0, 0, 0, 4, 0, 0.6666666666666666, 0, 0, 0, 0, 0, 0, -1.5134034156799316, 0.013852119445800781], [0, 0, 0, 0.09026044607162476, 0, 0, 8, 13, 20, 0, 0, 0, 0, 10, 2, 2, 0, 0, 0, 12, 0, 0.25, 0, 0, 0, 0, 0, 0, 9.777990341186523, 6.578031539916992], [0, 0, 0, 0.030129194259643555, 0, 0, 8, 9, 16, 0, 0, 0, 0, 7, 1, 2, 0, 0, 0, 8, 0, 0.25, 0, 0, 0, 0, 0, 0, 9.399728775024414, 0.0023479461669921875], [0, 0, 0, 0.056304931640625, 0, 0, 8, 4, 11, 0, 0, 0, 0, 2, 1, 1, 0, 0, 0, 3, 0, 0.5, 0, 0, 0, 0, 0, 0, -8.277349472045898, 0.18423843383789062], [0, 0, 0, 0.08217787742614746, 0, 0, 8, 8, 15, 0, 0, 0, 0, 6, 1, 4, 0, 0, 0, 7, 0, 0.5, 0, 0, 0, 0, 0, 0, -10.66734790802002, 0.01620197296142578], [0, 0, 0, 0.051461875438690186, 0, 0, 8, 13, 20, 0, 0, 0, 0, 7, 3, 1, 0, 0, 0, 12, 0, 0.5, 0, 0, 0, 0, 0, 0, -13.413755416870117, 1.519479751586914], [1, 0, 1, 0.04629546403884888, 0, 1, 8, 3, 10, 1, 0, 0, 0, 1, 1, 4, 0, 0, 0, 2, 0, 0.5, 0, 0, 1, 0, 0, 0, -8.434097290039062, 21.187454223632812], [0, 0, 0, 0.024466663599014282, 0, 0, 8, 6, 13, 0, 0, 0, 0, 1, 4, 3, 0, 0, 0, 5, 0, 0.5, 0, 0, 0, 0, 0, 0, -26.73354148864746, 0.0], [0, 0, 0, 0.11326497793197632, 0, 0, 8, 5, 12, 0, 0, 0, 0, 3, 1, 6, 0, 0, 0, 4, 0, 0.6666666666666666, 0, 0, 0, 0, 0, 0, -1.5134034156799316, 0.013852119445800781], [0, 0, 0, 0.06619438529014587, 0, 0, 8, 13, 20, 0, 0, 1, 0, 11, 1, 5, 0, 0, 0, 12, 0, 0.6666666666666666, 0, 0, 0, 0, 0, 0, 13.167612075805664, 0.0009403228759765625], [0, 0, 0, 0.03901779651641846, 0, 0, 8, 13, 20, 0, 0, 0, 0, 10, 2, 1, 0, 0, 0, 12, 0, 0.14285714285714285, 0, 0, 0, 0, 0, 0, 6.692428112030029, 5.743158340454102], [0, 0, 0, 0.0037916898727416992, 0, 0, 8, 13, 20, 0, 0, 0, 0, 9, 3, 6, 0, 0, 0, 12, 0, 0.75, 0, 0, 0, 0, 0, 0, 6.577072620391846, 7.976583480834961], [0, 0, 0, 0.0680648684501648, 0, 0, 8, 3, 10, 0, 0, 0, 0, 1, 1, 3, 0, 0, 0, 2, 0, 0.3333333333333333, 0, 0, 0, 0, 0, 0, -23.87928009033203, 0.0], [0, 0, 0, 0.012278556823730469, 0, 0, 8, 13, 20, 0, 0, 0, 0, 11, 1, 2, 0, 0, 0, 12, 0, 0.5, 0, 0, 0, 0, 0, 0, 13.114957809448242, 0.000926971435546875], [0, 0, 0, 0.11126545071601868, 0, 0, 8, 4, 11, 0, 0, 0, 0, 2, 1, 2, 0, 0, 0, 3, 0, 0.2, 0, 0, 0, 0, 0, 0, -8.277349472045898, 0.18423843383789062], [0, 0, 0, 0.044542014598846436, 0, 0, 8, 13, 20, 0, 0, 0, 0, 11, 1, 1, 0, 0, 0, 12, 0, 0.041666666666666664, 0, 0, 0, 0, 0, 0, 13.123127937316895, 0.0009279251098632812], [0, 0, 0, 0.16133245825767517, 0, 0, 8, 5, 12, 0, 0, 0, 0, 3, 1, 2, 0, 0, 0, 4, 0, 0.2857142857142857, 0, 0, 0, 0, 0, 0, -1.5134034156799316, 0.013852119445800781], [1, 0, 1, 0.12587803602218628, 1, 0, 8, 13, 20, 1, 0, 1, 1, 9, 3, 3, 0, 0, 0, 12, 1, 0.5, 0, 0, 0, 0, 0, 0, 6.590954780578613, 8.035444259643555], [0, 0, 0, 0.025294333696365356, 0, 0, 8, 4, 11, 0, 0, 0, 0, 2, 1, 1, 0, 0, 0, 3, 0, 0.125, 0, 0, 0, 0, 0, 0, -8.277349472045898, 0.18423843383789062], [0, 0, 0, 0.04465550184249878, 0, 0, 8, 3, 10, 0, 0, 0, 0, 1, 1, 1, 0, 0, 0, 2, 0, 0.2222222222222222, 0, 0, 0, 0, 0, 0, -23.87928009033203, 0.0], [0, 0, 0, 0.1069493293762207, 0, 0, 8, 3, 10, 0, 0, 0, 0, 1, 1, 1, 0, 0, 0, 2, 0, 0.041666666666666664, 0, 0, 0, 0, 0, 0, -23.87928009033203, 0.0], [0, 0, 0, 0.010078251361846924, 0, 0, 8, 5, 12, 0, 0, 0, 0, 3, 1, 4, 0, 0, 0, 4, 0, 0.5, 0, 0, 0, 0, 0, 0, -1.5134034156799316, 0.013852119445800781], [0, 0, 0, 0.3322957456111908, 0, 0, 8, 3, 10, 0, 0, 0, 0, 1, 1, 3, 0, 0, 0, 2, 0, 0.3333333333333333, 0, 0, 0, 0, 0, 0, -23.87928009033203, 0.0], [0, 0, 0, 0.06792682409286499, 0, 0, 8, 13, 20, 0, 0, 0, 0, 9, 3, 1, 0, 0, 0, 12, 0, 0.5, 0, 0, 0, 0, 0, 0, 6.492146015167236, 8.049307823181152], [0, 0, 0, 0.12355339527130127, 0, 0, 8, 13, 20, 0, 0, 0, 0, 10, 2, 2, 0, 0, 0, 12, 0, 0.6666666666666666, 0, 0, 0, 0, 0, 0, 9.737916946411133, 6.576452255249023], [0, 0, 0, 0.0013650208711624146, 0, 0, 8, 9, 16, 0, 0, 0, 0, 7, 1, 4, 0, 0, 0, 8, 0, 0.5, 0, 0, 0, 0, 0, 0, 9.399728775024414, 0.0023479461669921875], [0, 0, 0, 0.05197975039482117, 0, 0, 8, 12, 19, 0, 0, 0, 0, 9, 2, 3, 0, 0, 0, 11, 0, 0.6666666666666666, 0, 0, 0, 0, 0, 0, 8.834500312805176, 7.18848991394043], [0, 0, 0, 0.08122649788856506, 0, 0, 8, 3, 10, 0, 0, 0, 0, 1, 1, 1, 0, 0, 0, 2, 0, 0.125, 0, 0, 0, 0, 0, 0, -23.87928009033203, 0.0], [0, 0, 0, 0.02712199091911316, 0, 0, 8, 3, 10, 0, 0, 0, 0, 1, 1, 3, 0, 0, 0, 2, 0, 0.6666666666666666, 0, 0, 0, 0, 0, 0, -23.87928009033203, 0.0], [0, 0, 0, 0.03588235378265381, 0, 0, 8, 13, 20, 0, 0, 0, 0, 11, 1, 1, 0, 0, 0, 12, 0, 0.10714285714285714, 0, 0, 0, 0, 0, 0, 13.208202362060547, 0.0009593963623046875], [0, 0, 0, 0.02460356056690216, 0, 0, 8, 3, 10, 0, 0, 0, 0, 1, 1, 1, 0, 0, 0, 2, 0, 0.5, 0, 0, 0, 0, 0, 0, -23.87928009033203, 0.0], [1, 0, 0, 0.09349602460861206, 1, 0, 8, 7, 14, 1, 0, 1, 0, 3, 3, 4, 0, 0, 0, 6, 0, 0.5, 0, 0, 0, 0, 0, 0, -12.717994689941406, 1.1343860626220703], [0, 0, 0, 0.03720441460609436, 0, 0, 8, 12, 19, 0, 0, 0, 0, 10, 1, 4, 0, 0, 0, 11, 0, 0.5, 0, 0, 0, 0, 0, 0, 12.533231735229492, 0.0011625289916992188], [0, 0, 0, 0.014764636754989624, 0, 0, 8, 13, 20, 0, 0, 0, 0, 11, 1, 1, 0, 0, 0, 12, 0, 0.09523809523809523, 0, 0, 0, 0, 0, 0, 13.063285827636719, 0.0009059906005859375], [1, 0, 1, 0.021039962768554688, 1, 0, 8, 4, 11, 1, 0, 1, 1, 2, 1, 6, 0, 0, 0, 3, 1, 0.6666666666666666, 0, 0, 0, 0, 0, 0, 5.5323567390441895, 26.863191604614258], [0, 0, 0, 0.02122420072555542, 0, 0, 8, 3, 10, 0, 0, 0, 0, 1, 1, 2, 0, 0, 0, 2, 0, 0.25, 0, 0, 0, 0, 0, 0, -23.87928009033203, 0.0], [0, 0, 0, 0.07638061046600342, 0, 0, 8, 5, 12, 0, 0, 0, 0, 2, 2, 3, 0, 0, 0, 4, 0, 0.6, 0, 0, 0, 0, 0, 0, -9.271890640258789, 24.35039710998535], [0, 0, 0, 0.02049139142036438, 0, 0, 8, 13, 20, 0, 0, 0, 0, 11, 1, 1, 0, 0, 0, 12, 0, 0.09523809523809523, 0, 0, 0, 0, 0, 0, 6.954827785491943, 0.026936054229736328], [0, 0, 0, 0.06378054618835449, 0, 0, 8, 13, 20, 0, 0, 0, 0, 7, 5, 1, 0, 0, 0, 12, 0, 0.5, 0, 0, 0, 0, 0, 0, 0.6579120755195618, 10.529654502868652], [0, 0, 0, 0.035031139850616455, 0, 0, 8, 13, 20, 0, 0, 0, 0, 11, 1, 3, 0, 0, 0, 12, 0, 0.3333333333333333, 0, 0, 0, 0, 0, 0, 7.20250940322876, 0.021654605865478516], [0, 0, 0, 0.059124886989593506, 0, 0, 8, 5, 12, 0, 0, 1, 0, 2, 2, 4, 0, 0, 0, 4, 0, 0.6, 0, 0, 0, 0, 0, 0, -9.411371231079102, 24.17384147644043], [1, 0, 0, 0.004510819911956787, 1, 0, 8, 5, 12, 1, 0, 1, 0, 3, 1, 4, 0, 0, 0, 4, 1, 0.6, 0, 0, 0, 0, 0, 0, -1.4941151142120361, 0.013974666595458984], [1, 0, 1, 0.17951363325119019, 1, 0, 8, 6, 13, 1, 0, 1, 1, 3, 2, 3, 0, 0, 0, 5, 1, 0.6666666666666666, 0, 0, 0, 0, 0, 0, -8.21043586730957, 16.00684928894043], [0, 0, 0, 0.09786733984947205, 0, 0, 8, 3, 10, 0, 0, 0, 0, 1, 1, 3, 0, 0, 0, 2, 0, 0.5, 0, 0, 0, 0, 0, 0, -23.87928009033203, 0.0], [0, 0, 0, 0.015549927949905396, 0, 0, 8, 13, 20, 0, 0, 0, 0, 11, 1, 2, 0, 0, 0, 12, 0, 0.8, 0, 0, 0, 0, 0, 0, 13.176566123962402, 0.0009489059448242188], [0, 0, 0, 0.011346638202667236, 0, 0, 8, 13, 20, 0, 0, 0, 0, 10, 2, 1, 0, 0, 0, 12, 0, 0.09523809523809523, 0, 0, 0, 0, 0, 0, 9.622509956359863, 6.586538791656494], [0, 0, 0, 0.037554025650024414, 0, 0, 8, 7, 14, 0, 0, 0, 0, 4, 2, 1, 0, 0, 0, 6, 0, 0.5, 0, 0, 0, 0, 0, 0, -16.15729522705078, 13.581611633300781], [0, 0, 0, 0.023139476776123047, 0, 0, 8, 3, 10, 0, 0, 0, 0, 1, 1, 4, 0, 0, 0, 2, 0, 0.5, 0, 0, 0, 0, 0, 0, -23.87928009033203, 0.0], [0, 0, 0, 0.0068084001541137695, 0, 0, 8, 13, 20, 0, 0, 0, 0, 11, 1, 2, 0, 0, 0, 12, 0, 0.5, 0, 0, 0, 0, 0, 0, 13.23824691772461, 0.0009679794311523438], [0, 0, 0, 0.006902784109115601, 0, 0, 8, 3, 10, 0, 0, 0, 0, 1, 1, 1, 0, 0, 0, 2, 0, 0.06666666666666667, 0, 0, 0, 0, 0, 0, -23.87928009033203, 0.0], [0, 0, 0, 0.00019097328186035156, 0, 0, 8, 4, 11, 0, 0, 0, 0, 2, 1, 3, 0, 0, 0, 3, 0, 0.5, 0, 0, 0, 0, 0, 0, -8.277349472045898, 0.18423843383789062], [0, 0, 0, 0.037664055824279785, 0, 0, 8, 13, 20, 0, 0, 0, 0, 9, 2, 1, 0, 0, 0, 12, 0, 0.07692307692307693, 0, 0, 0, 0, 0, 0, -2.4632961750030518, 5.775290489196777], [1, 0, 1, 0.06678915023803711, 1, 0, 8, 13, 20, 1, 0, 1, 1, 8, 4, 1, 0, 0, 0, 12, 1, 0.5, 0, 0, 0, 0, 0, 0, 3.433351993560791, 9.226964950561523], [0, 0, 0, 0.03323185443878174, 0, 0, 8, 13, 20, 0, 0, 0, 0, 10, 2, 1, 0, 0, 0, 12, 0, 0.03389830508474576, 0, 0, 0, 0, 0, 0, 9.722997665405273, 6.5742950439453125], [0, 0, 0, 0.0014504492282867432, 0, 0, 8, 4, 11, 0, 0, 0, 0, 2, 1, 2, 0, 0, 0, 3, 0, 0.3333333333333333, 0, 0, 0, 0, 0, 0, -8.277349472045898, 0.18423843383789062], [0, 0, 0, 0.031480103731155396, 0, 0, 8, 11, 18, 0, 0, 0, 0, 9, 1, 3, 0, 0, 0, 10, 0, 0.6666666666666666, 0, 0, 0, 0, 0, 0, 5.737807273864746, 0.04650735855102539], [1, 0, 0, 0.03472328186035156, 0, 0, 8, 13, 20, 1, 0, 0, 0, 11, 1, 1, 0, 0, 0, 12, 0, 0.5, 0, 0, 0, 0, 0, 0, 13.192227363586426, 0.0009508132934570312], [0, 0, 0, 0.04149472713470459, 0, 0, 8, 5, 12, 0, 1, 0, 0, 3, 1, 4, 0, 0, 0, 4, 0, 0.9090909090909091, 0, 0, 0, 0, 0, 0, -1.5134034156799316, 0.013852119445800781], [0, 0, 0, 0.07912850379943848, 0, 0, 8, 11, 18, 0, 0, 0, 0, 9, 1, 1, 0, 0, 0, 10, 0, 0.5, 0, 0, 0, 0, 0, 0, -5.911988735198975, 12.131954193115234], [0, 0, 0, 0.0002765357494354248, 0, 0, 8, 13, 20, 0, 0, 0, 0, 10, 2, 3, 0, 0, 0, 12, 0, 0.6666666666666666, 0, 0, 0, 0, 0, 0, 3.815411329269409, 5.740985870361328], [0, 0, 0, 0.049635112285614014, 0, 0, 8, 13, 20, 0, 0, 0, 0, 10, 2, 5, 0, 0, 0, 12, 0, 0.6666666666666666, 0, 0, 0, 0, 0, 0, 9.723223686218262, 6.574406623840332], [0, 0, 0, 0.011194765567779541, 0, 0, 8, 13, 20, 0, 0, 0, 0, 10, 2, 2, 0, 0, 0, 12, 0, 0.5, 0, 0, 0, 0, 0, 0, 9.781359672546387, 6.569713115692139], [0, 0, 0, 0.02542978525161743, 0, 0, 8, 13, 20, 0, 0, 0, 0, 11, 1, 2, 0, 0, 0, 12, 0, 0.6666666666666666, 0, 0, 0, 0, 0, 0, 16.378196716308594, 12.605199813842773], [0, 0, 0, 0.004130840301513672, 0, 0, 8, 13, 20, 0, 0, 0, 0, 11, 1, 1, 0, 0, 0, 12, 0, 0.15384615384615385, 0, 0, 0, 0, 0, 0, 13.186655044555664, 0.0009517669677734375], [0, 0, 0, 0.029706627130508423, 0, 0, 8, 13, 20, 0, 0, 0, 0, 11, 1, 1, 0, 0, 0, 12, 0, 0.024539877300613498, 0, 0, 0, 0, 0, 0, 13.128188133239746, 0.0009326934814453125], [0, 0, 0, 0.04532468318939209, 0, 0, 8, 3, 10, 0, 0, 0, 0, 1, 1, 5, 0, 0, 0, 2, 0, 0.5, 0, 0, 0, 0, 0, 0, -23.87928009033203, 0.0], [0, 0, 0, 0.002543628215789795, 0, 0, 8, 6, 13, 0, 0, 0, 0, 4, 1, 3, 0, 0, 0, 5, 0, 0.5, 0, 0, 0, 0, 0, 0, -14.489059448242188, 0.11641311645507812], [0, 0, 0, 0.00993257761001587, 0, 0, 8, 3, 10, 0, 0, 0, 0, 1, 1, 4, 0, 0, 0, 2, 0, 0.5, 0, 0, 0, 0, 0, 0, -23.87928009033203, 0.0], [0, 0, 0, 0.24402731657028198, 0, 0, 8, 13, 20, 0, 0, 0, 0, 8, 4, 3, 0, 0, 0, 12, 0, 0.5, 0, 0, 0, 0, 0, 0, 3.5767617225646973, 9.290987014770508], [0, 0, 0, 0.03768114745616913, 0, 0, 8, 3, 10, 0, 0, 0, 0, 1, 1, 3, 0, 0, 0, 2, 0, 0.6666666666666666, 0, 0, 0, 0, 0, 0, -23.87928009033203, 0.0], [0, 0, 0, 0.04168155789375305, 0, 0, 8, 3, 10, 0, 0, 0, 0, 1, 1, 3, 0, 0, 0, 2, 0, 0.5, 0, 0, 0, 0, 0, 0, -23.87928009033203, 0.0], [0, 0, 0, 0.24083679914474487, 0, 0, 8, 3, 10, 0, 0, 0, 0, 1, 1, 3, 0, 0, 0, 2, 0, 0.75, 0, 0, 0, 0, 0, 0, -23.87928009033203, 0.0], [0, 0, 0, 0.00943535566329956, 0, 0, 8, 8, 15, 0, 0, 0, 0, 5, 2, 2, 0, 0, 0, 7, 0, 0.6666666666666666, 0, 0, 0, 0, 0, 0, -15.61296558380127, 7.746890068054199], [0, 0, 0, 0.016048908233642578, 0, 0, 8, 13, 20, 0, 0, 0, 0, 11, 1, 2, 0, 0, 0, 12, 0, 0.6666666666666666, 0, 0, 0, 0, 0, 0, 13.208202362060547, 0.0009593963623046875], [1, 0, 0, 0.009532451629638672, 0, 0, 8, 3, 10, 1, 0, 0, 0, 1, 1, 6, 0, 0, 0, 2, 0, 0.6666666666666666, 0, 0, 0, 0, 0, 0, -23.87928009033203, 0.0], [0, 0, 0, 0.018504798412322998, 0, 0, 8, 13, 20, 0, 0, 0, 0, 11, 1, 1, 0, 0, 0, 12, 0, 0.09523809523809523, 0, 0, 0, 0, 0, 0, 6.954827785491943, 0.026936054229736328], [0, 0, 0, 0.009690165519714355, 0, 0, 8, 12, 19, 0, 0, 0, 0, 9, 2, 1, 0, 0, 0, 11, 0, 0.3333333333333333, 0, 0, 0, 0, 0, 0, -12.968775749206543, 6.867749214172363], [0, 0, 0, 0.015090465545654297, 0, 0, 8, 3, 10, 0, 0, 0, 0, 1, 1, 1, 0, 0, 0, 2, 0, 0.15384615384615385, 0, 0, 0, 0, 0, 0, -23.87928009033203, 0.0], [0, 0, 1, 0.11889150738716125, 0, 0, 8, 4, 11, 0, 0, 1, 1, 2, 1, 3, 0, 0, 0, 3, 0, 0.5, 0, 0, 0, 0, 0, 0, -8.249354362487793, 0.18474102020263672], [1, 0, 1, 0.08947664499282837, 0, 0, 8, 5, 12, 1, 0, 1, 1, 3, 1, 2, 0, 0, 0, 4, 0, 0.5, 0, 0, 0, 0, 0, 0, -1.4941151142120361, 0.013974666595458984], [0, 0, 0, 0.038759469985961914, 0, 0, 8, 13, 20, 0, 0, 0, 0, 11, 1, 1, 0, 0, 0, 12, 0, 0.024539877300613498, 0, 0, 0, 0, 0, 0, 13.128188133239746, 0.0009326934814453125], [0, 0, 0, 0.11520999670028687, 0, 0, 8, 5, 12, 0, 0, 0, 0, 2, 2, 4, 0, 0, 0, 4, 0, 0.5, 0, 0, 0, 0, 0, 0, -9.271890640258789, 24.35039710998535], [0, 0, 0, 0.02003335952758789, 0, 0, 8, 13, 20, 0, 0, 0, 0, 9, 2, 1, 0, 0, 0, 12, 0, 0.07692307692307693, 0, 0, 0, 0, 0, 0, -0.20598441362380981, 0.008527040481567383], [0, 0, 0, 0.013725817203521729, 0, 0, 8, 13, 20, 0, 0, 0, 0, 10, 2, 1, 0, 0, 0, 12, 0, 0.03389830508474576, 0, 0, 0, 0, 0, 0, 9.726649284362793, 6.574827194213867], [0, 0, 0, 0.024616599082946777, 0, 0, 8, 3, 10, 0, 0, 0, 0, 1, 1, 2, 0, 0, 0, 2, 0, 0.6666666666666666, 0, 0, 0, 0, 0, 0, -23.87928009033203, 0.0], [0, 0, 0, 0.15962845087051392, 0, 0, 8, 5, 12, 0, 0, 0, 0, 3, 1, 3, 0, 0, 0, 4, 0, 0.5, 0, 0, 0, 0, 0, 0, -1.5134034156799316, 0.013852119445800781], [0, 0, 0, 0.015146613121032715, 0, 0, 8, 13, 20, 0, 0, 1, 0, 11, 1, 1, 0, 0, 0, 12, 0, 0.09523809523809523, 0, 0, 0, 0, 0, 0, 13.063285827636719, 0.0009059906005859375], [0, 0, 0, 0.06694430112838745, 0, 0, 8, 11, 18, 0, 0, 0, 0, 9, 1, 1, 0, 0, 0, 10, 0, 0.125, 0, 0, 0, 0, 0, 0, -11.03308391571045, 0.010437965393066406], [0, 0, 0, 0.027427315711975098, 0, 0, 8, 3, 10, 0, 0, 0, 0, 1, 1, 6, 0, 0, 0, 2, 0, 0.75, 0, 0, 0, 0, 0, 0, -23.87928009033203, 0.0], [1, 0, 0, 0.07430744171142578, 1, 0, 8, 8, 15, 1, 0, 1, 0, 4, 2, 1, 0, 0, 0, 7, 1, 0.4, 0, 0, 0, 0, 0, 0, -33.72712326049805, 1.3541336059570312], [0, 0, 0, 0.006929248571395874, 0, 0, 8, 3, 10, 0, 0, 0, 0, 1, 1, 3, 0, 0, 0, 2, 0, 0.5, 0, 0, 0, 0, 0, 0, -23.87928009033203, 0.0], [0, 0, 0, 0.004581749439239502, 0, 0, 8, 4, 11, 0, 0, 0, 0, 2, 1, 3, 0, 0, 0, 3, 0, 0.5, 0, 0, 0, 0, 0, 0, -8.277349472045898, 0.18423843383789062], [0, 0, 0, 0.14615190029144287, 0, 0, 8, 8, 15, 0, 0, 0, 0, 6, 1, 5, 0, 0, 0, 7, 0, 0.5, 0, 0, 0, 0, 0, 0, -10.66734790802002, 0.01620197296142578], [0, 0, 0, 0.00868496298789978, 0, 0, 8, 13, 20, 0, 0, 0, 0, 10, 2, 3, 0, 0, 0, 12, 0, 0.5, 0, 0, 0, 0, 0, 0, 9.77204704284668, 6.571352481842041], [0, 0, 0, 0.04925265908241272, 0, 0, 8, 3, 10, 0, 0, 0, 0, 1, 1, 4, 0, 0, 0, 2, 0, 0.6666666666666666, 0, 0, 0, 0, 0, 0, -23.87928009033203, 0.0], [0, 0, 0, 0.1896229386329651, 0, 0, 8, 3, 10, 0, 0, 0, 0, 1, 1, 2, 0, 0, 0, 2, 0, 0.3333333333333333, 0, 0, 0, 0, 0, 0, -23.87928009033203, 0.0], [1, 0, 0, 0.04797554016113281, 0, 0, 8, 8, 15, 1, 0, 0, 0, 5, 2, 1, 0, 0, 0, 7, 0, 0.125, 0, 0, 0, 0, 0, 0, -2.236400604248047, 10.96811294555664], [0, 0, 0, 0.19195228815078735, 0, 0, 8, 6, 13, 0, 0, 0, 0, 4, 1, 3, 0, 0, 0, 5, 0, 0.5, 0, 0, 0, 0, 0, 0, -14.489059448242188, 0.11641311645507812], [0, 0, 0, 0.5265776664018631, 0, 0, 8, 3, 10, 0, 0, 0, 0, 1, 1, 5, 0, 0, 0, 2, 0, 0.6666666666666666, 0, 0, 0, 0, 0, 0, -23.87928009033203, 0.0], [0, 0, 0, 0.08884420990943909, 0, 0, 8, 13, 20, 0, 0, 0, 0, 9, 3, 3, 0, 0, 0, 12, 0, 0.3333333333333333, 0, 0, 0, 0, 0, 0, 6.584384918212891, 8.017330169677734], [0, 0, 0, 0.008047699928283691, 0, 0, 8, 3, 10, 0, 0, 0, 0, 1, 1, 4, 0, 0, 0, 2, 0, 0.5, 0, 0, 0, 0, 0, 0, -23.87928009033203, 0.0], [0, 0, 0, 0.16599157452583313, 0, 0, 8, 10, 17, 0, 0, 0, 0, 7, 2, 3, 0, 0, 0, 9, 0, 0.5, 0, 0, 0, 0, 0, 0, -11.068109512329102, 8.207782745361328], [0, 0, 0, 0.0013420283794403076, 0, 1, 8, 6, 13, 0, 0, 0, 0, 4, 1, 3, 0, 0, 0, 5, 0, 0.5, 0, 0, 1, 0, 0, 0, -14.482129096984863, 9.015999794006348], [0, 0, 0, 0.09327326714992523, 0, 0, 8, 6, 13, 0, 0, 0, 0, 4, 1, 1, 0, 0, 0, 5, 0, 0.5, 0, 0, 0, 0, 0, 0, -14.625245094299316, 0.14033794403076172], [0, 0, 0, 0.02220982313156128, 0, 0, 8, 3, 10, 0, 0, 0, 0, 1, 1, 3, 0, 0, 0, 2, 0, 0.6666666666666666, 0, 0, 0, 0, 0, 0, -23.87928009033203, 0.0], [1, 0, 1, 0.006285309791564941, 1, 0, 8, 4, 11, 1, 0, 1, 1, 2, 1, 6, 0, 0, 0, 3, 1, 0.75, 0, 0, 0, 0, 0, 0, -8.249354362487793, 0.18474102020263672], [0, 0, 0, 0.0500887930393219, 0, 0, 8, 3, 10, 0, 0, 0, 0, 1, 1, 3, 0, 0, 0, 2, 0, 0.5, 0, 0, 0, 0, 0, 0, -23.87928009033203, 0.0], [1, 0, 0, 0.17236405611038208, 0, 0, 8, 6, 13, 1, 0, 0, 0, 3, 2, 3, 0, 0, 0, 5, 0, 0.5, 0, 0, 0, 0, 0, 0, -4.059652805328369, 16.468259811401367], [0, 0, 0, 0.018439173698425293, 0, 0, 8, 13, 20, 0, 0, 0, 0, 11, 1, 3, 0, 0, 0, 12, 0, 0.5, 0, 0, 0, 0, 0, 0, 13.192227363586426, 0.0009508132934570312], [0, 0, 0, 0.018310636281967163, 0, 0, 8, 13, 20, 0, 0, 0, 0, 11, 1, 2, 0, 0, 0, 12, 0, 0.5, 0, 0, 0, 0, 0, 0, 13.142376899719238, 0.0009298324584960938], [0, 0, 0, 0.07749783992767334, 0, 0, 8, 3, 10, 0, 0, 0, 0, 1, 1, 3, 0, 0, 0, 2, 0, 0.5, 0, 0, 0, 0, 0, 0, -23.87928009033203, 0.0], [0, 0, 0, 0.13950777053833008, 0, 0, 8, 3, 10, 0, 0, 0, 0, 1, 1, 1, 0, 0, 0, 2, 0, 0.09090909090909091, 0, 0, 0, 0, 0, 0, -23.87928009033203, 0.0], [0, 0, 0, 0.002624601125717163, 0, 0, 8, 3, 10, 0, 0, 0, 0, 1, 1, 2, 0, 0, 0, 2, 0, 0.2, 0, 0, 0, 0, 0, 0, -23.87928009033203, 0.0], [0, 0, 0, 0.0069477856159210205, 0, 0, 8, 4, 11, 0, 0, 0, 0, 2, 1, 3, 0, 0, 0, 3, 0, 0.5, 0, 0, 0, 0, 0, 0, -8.277349472045898, 0.18423843383789062], [0, 0, 0, 0.027427315711975098, 0, 0, 8, 3, 10, 0, 0, 0, 0, 1, 1, 6, 0, 0, 0, 2, 0, 0.75, 0, 0, 0, 0, 0, 0, -23.87928009033203, 0.0], [0, 0, 0, 0.04417353868484497, 0, 0, 8, 13, 20, 0, 0, 0, 0, 11, 1, 5, 0, 0, 0, 12, 0, 0.6666666666666666, 0, 0, 0, 0, 0, 0, 13.167612075805664, 0.0009403228759765625], [1, 0, 0, 0.18160784244537354, 0, 0, 8, 13, 20, 1, 0, 0, 0, 8, 3, 1, 0, 0, 0, 12, 0, 0.5, 0, 0, 0, 0, 0, 0, -3.338779926300049, 1.5426335334777832], [0, 0, 0, 0.01685553789138794, 0, 0, 8, 4, 11, 0, 0, 0, 0, 2, 1, 2, 0, 0, 0, 3, 0, 0.25, 0, 0, 0, 0, 0, 0, 5.335376739501953, 26.73775863647461], [0, 0, 0, 0.05180595815181732, 0, 0, 8, 3, 10, 0, 0, 0, 0, 1, 1, 3, 0, 0, 0, 2, 0, 0.5, 0, 0, 0, 0, 0, 0, -23.87928009033203, 0.0], [0, 0, 0, 0.0016071200370788574, 0, 0, 8, 13, 20, 0, 0, 0, 0, 11, 1, 2, 0, 0, 0, 12, 0, 0.5, 0, 0, 0, 0, 0, 0, 13.114957809448242, 0.000926971435546875], [0, 0, 0, 0.029448986053466797, 0, 0, 8, 8, 15, 0, 0, 0, 0, 6, 1, 4, 0, 0, 0, 7, 0, 0.6666666666666666, 0, 0, 0, 0, 0, 0, -10.495408058166504, 0.07116317749023438], [0, 0, 0, 0.09695249795913696, 0, 0, 8, 4, 11, 0, 0, 0, 0, 2, 1, 4, 0, 0, 0, 3, 0, 0.5, 0, 0, 0, 0, 0, 0, -8.277349472045898, 0.18423843383789062], [1, 0, 0, 0.009564995765686035, 1, 0, 8, 12, 19, 1, 0, 1, 0, 9, 2, 1, 0, 0, 0, 11, 0, 0.5, 0, 0, 0, 0, 0, 0, -11.033897399902344, 5.561328887939453], [0, 0, 0, 0.008768200874328613, 0, 0, 8, 13, 20, 0, 0, 0, 0, 11, 1, 2, 0, 0, 0, 12, 0, 0.5, 0, 0, 0, 0, 0, 0, 13.114957809448242, 0.000926971435546875], [0, 0, 0, 0.05452421307563782, 0, 0, 8, 3, 10, 0, 0, 0, 0, 1, 1, 1, 0, 0, 0, 2, 0, 0.2857142857142857, 0, 0, 0, 0, 0, 0, -23.87928009033203, 0.0], [0, 0, 0, 0.3106998950242996, 0, 0, 8, 3, 10, 0, 0, 0, 0, 1, 1, 2, 0, 0, 0, 2, 0, 0.25, 0, 0, 0, 0, 0, 0, -23.87928009033203, 0.0], [0, 0, 0, 0.03686344623565674, 0, 0, 8, 13, 20, 0, 0, 0, 0, 10, 2, 2, 0, 0, 0, 12, 0, 0.3333333333333333, 0, 0, 0, 0, 0, 0, 9.752522468566895, 6.579659461975098], [0, 0, 0, 0.01624751091003418, 0, 0, 8, 13, 20, 0, 0, 0, 0, 11, 1, 1, 0, 0, 0, 12, 0, 0.09523809523809523, 0, 0, 0, 0, 0, 0, 13.063285827636719, 0.0009059906005859375], [0, 0, 0, 0.02781885862350464, 0, 0, 8, 13, 20, 0, 0, 0, 0, 5, 5, 5, 0, 0, 0, 12, 0, 0.6666666666666666, 0, 0, 0, 0, 0, 0, -13.757423400878906, 2.9917869567871094], [0, 0, 0, 0.20238915085792542, 0, 0, 8, 7, 14, 0, 0, 1, 0, 3, 3, 2, 0, 0, 0, 6, 0, 0.5, 0, 0, 0, 0, 0, 0, -23.337203979492188, 15.711021423339844], [0, 0, 0, 0.3261350393295288, 0, 0, 8, 5, 12, 0, 0, 0, 0, 2, 2, 5, 0, 0, 0, 4, 0, 0.5, 0, 0, 0, 0, 0, 0, -9.271890640258789, 24.35039710998535], [0, 0, 0, 0.06636852025985718, 0, 0, 8, 13, 20, 0, 0, 0, 0, 9, 2, 1, 0, 0, 0, 12, 0, 0.5, 0, 0, 0, 0, 0, 0, -0.27090901136398315, 0.01005566120147705], [1, 0, 0, 0.049443185329437256, 0, 0, 8, 13, 20, 1, 0, 0, 0, 10, 2, 2, 0, 0, 0, 12, 0, 0.5, 0, 0, 0, 0, 0, 0, 9.775564193725586, 6.570805072784424], [0, 0, 0, 0.008610785007476807, 0, 0, 8, 13, 20, 0, 0, 0, 0, 11, 1, 2, 0, 0, 0, 12, 0, 0.5, 0, 0, 0, 0, 0, 0, 7.073911666870117, 0.021590232849121094], [0, 0, 0, 0.011634588241577148, 0, 0, 8, 3, 10, 0, 0, 0, 0, 1, 1, 4, 0, 0, 0, 2, 0, 0.5, 0, 0, 0, 0, 0, 0, -23.87928009033203, 0.0], [0, 0, 0, 0.05166959762573242, 0, 0, 8, 3, 10, 0, 0, 0, 0, 1, 1, 2, 0, 0, 0, 2, 0, 0.5, 0, 0, 0, 0, 0, 0, -23.87928009033203, 0.0], [0, 0, 0, 0.004283785820007324, 0, 0, 8, 3, 10, 0, 0, 0, 0, 1, 1, 6, 0, 0, 0, 2, 0, 0.5, 0, 0, 0, 0, 0, 0, -23.87928009033203, 0.0], [1, 0, 0, 0.003684520721435547, 0, 0, 8, 4, 11, 1, 0, 0, 0, 2, 1, 6, 0, 0, 0, 3, 0, 0.75, 0, 0, 0, 0, 0, 0, -8.277349472045898, 0.18423843383789062], [1, 0, 0, 0.04465198516845703, 0, 0, 8, 3, 10, 1, 0, 0, 0, 1, 1, 3, 0, 0, 0, 2, 0, 0.5, 0, 0, 0, 0, 0, 0, -23.87928009033203, 0.0], [0, 0, 0, 0.005017608404159546, 0, 0, 8, 7, 14, 0, 0, 0, 0, 4, 2, 4, 0, 0, 0, 6, 0, 0.6666666666666666, 0, 0, 0, 0, 0, 0, -18.609834671020508, 12.957290649414062], [0, 0, 0, 0.023803889751434326, 0, 0, 8, 5, 12, 0, 0, 0, 0, 3, 1, 4, 0, 0, 0, 4, 0, 0.5, 0, 0, 0, 0, 0, 0, -1.5134034156799316, 0.013852119445800781], [0, 0, 0, 0.002608686685562134, 0, 0, 8, 5, 12, 0, 0, 0, 0, 3, 1, 4, 0, 0, 0, 4, 0, 0.5, 0, 0, 0, 0, 0, 0, -1.5134034156799316, 0.013852119445800781], [0, 0, 0, 0.031041845679283142, 0, 0, 8, 9, 16, 0, 0, 0, 0, 7, 1, 5, 0, 0, 0, 8, 0, 0.5, 0, 0, 0, 0, 0, 0, 3.600588798522949, 0.05603218078613281], [0, 0, 0, 0.04732710123062134, 0, 0, 8, 4, 11, 0, 0, 0, 0, 2, 1, 5, 0, 0, 0, 3, 0, 0.5, 0, 0, 0, 0, 0, 0, -8.277349472045898, 0.18423843383789062], [0, 0, 0, 0.05446428060531616, 0, 0, 8, 4, 11, 0, 0, 0, 0, 2, 1, 1, 0, 0, 0, 3, 0, 0.1, 0, 0, 0, 0, 0, 0, 5.335376739501953, 26.73775863647461], [0, 0, 0, 0.3683278262615204, 0, 0, 8, 3, 10, 0, 0, 0, 0, 1, 1, 2, 0, 0, 0, 2, 0, 0.5, 0, 0, 0, 0, 0, 0, -23.87928009033203, 0.0], [1, 0, 1, 0.1962786316871643, 1, 0, 8, 12, 19, 1, 0, 1, 1, 6, 5, 3, 0, 0, 0, 11, 1, 0.8, 0, 0, 0, 0, 0, 0, -16.260297775268555, 10.939952850341797], [0, 0, 0, 0.07337313890457153, 0, 0, 8, 5, 12, 0, 1, 0, 0, 3, 1, 6, 0, 0, 0, 4, 0, 0.6666666666666666, 0, 0, 0, 0, 0, 0, -1.5134034156799316, 0.013852119445800781], [0, 0, 0, 0.0001736283302307129, 0, 0, 8, 13, 20, 0, 0, 0, 0, 11, 1, 3, 0, 0, 0, 12, 0, 0.5, 0, 0, 0, 0, 0, 0, 7.202476501464844, 0.02703094482421875], [0, 0, 0, 0.015445485711097717, 0, 0, 8, 3, 10, 0, 0, 0, 0, 1, 1, 4, 0, 0, 0, 2, 0, 0.5, 0, 0, 0, 0, 0, 0, -23.87928009033203, 0.0], [0, 0, 0, 0.03340902924537659, 0, 0, 8, 13, 20, 0, 0, 0, 0, 9, 2, 3, 0, 0, 0, 12, 0, 0.5, 0, 0, 0, 0, 0, 0, -0.18234163522720337, 0.009073972702026367], [0, 0, 0, 0.057835400104522705, 0, 0, 8, 3, 10, 0, 0, 0, 0, 1, 1, 1, 0, 0, 0, 2, 0, 0.5, 0, 0, 0, 0, 0, 0, -23.87928009033203, 0.0], [1, 0, 1, 0.026279687881469727, 1, 0, 8, 13, 20, 1, 0, 1, 1, 3, 5, 4, 0, 0, 0, 12, 1, 0.6, 0, 0, 0, 0, 0, 0, -31.533676147460938, 1.5083122253417969], [0, 0, 0, 0.04141908884048462, 0, 0, 8, 4, 11, 0, 0, 0, 0, 2, 1, 4, 0, 0, 0, 3, 0, 0.5, 0, 0, 0, 0, 0, 0, -8.277349472045898, 0.18423843383789062], [0, 0, 0, 0.011676177382469177, 0, 0, 8, 3, 10, 0, 0, 0, 0, 1, 1, 2, 0, 0, 0, 2, 0, 0.5, 0, 0, 0, 0, 0, 0, -23.87928009033203, 0.0], [0, 0, 0, 0.004414916038513184, 0, 0, 8, 13, 20, 0, 0, 0, 0, 11, 1, 2, 0, 0, 0, 12, 0, 0.5, 0, 0, 0, 0, 0, 0, 13.142376899719238, 0.0009298324584960938], [0, 0, 0, 0.1092073917388916, 0, 0, 8, 4, 11, 0, 0, 0, 0, 2, 1, 4, 0, 0, 0, 3, 0, 0.5, 0, 0, 0, 0, 0, 0, -8.277349472045898, 0.18423843383789062], [0, 0, 0, 0.02843227982521057, 0, 0, 8, 13, 20, 0, 0, 0, 0, 11, 1, 1, 0, 0, 0, 12, 0, 0.024539877300613498, 0, 0, 0, 0, 0, 0, 13.128188133239746, 0.0009326934814453125], [1, 0, 0, 0.07577070593833923, 0, 0, 8, 13, 20, 1, 0, 0, 0, 11, 1, 2, 0, 0, 0, 12, 1, 0.3333333333333333, 0, 0, 0, 0, 0, 0, 13.23824691772461, 0.0009679794311523438], [0, 0, 0, 0.00845026969909668, 0, 0, 8, 10, 17, 0, 0, 0, 0, 7, 2, 1, 0, 0, 0, 9, 0, 0.07692307692307693, 0, 0, 0, 0, 0, 0, -11.05989933013916, 8.211176872253418], [0, 0, 0, 0.016678810119628906, 0, 0, 8, 12, 19, 0, 0, 0, 0, 9, 2, 2, 0, 0, 0, 11, 0, 0.3333333333333333, 0, 0, 0, 0, 0, 0, -12.31182861328125, 6.483400344848633], [0, 0, 0, 0.05110090970993042, 0, 0, 8, 13, 20, 0, 0, 0, 0, 11, 1, 1, 0, 0, 0, 12, 0, 0.3333333333333333, 0, 0, 0, 0, 0, 0, 13.178967475891113, 0.000946044921875], [0, 0, 0, 0.03298312425613403, 0, 0, 8, 13, 20, 0, 0, 0, 0, 10, 2, 3, 0, 0, 0, 12, 0, 0.5, 0, 0, 0, 0, 0, 0, 3.8481147289276123, 5.8041205406188965], [0, 0, 0, 0.03387451171875, 0, 0, 8, 13, 20, 0, 0, 0, 0, 11, 1, 1, 0, 0, 0, 12, 0, 0.024539877300613498, 0, 0, 0, 0, 0, 0, 13.128188133239746, 0.0009326934814453125], [0, 0, 0, 0.026825636625289917, 0, 0, 8, 13, 20, 0, 0, 0, 0, 11, 1, 1, 0, 0, 0, 12, 0, 0.10714285714285714, 0, 0, 0, 0, 0, 0, 13.208202362060547, 0.0009593963623046875], [0, 0, 0, 0.03806871175765991, 0, 0, 8, 8, 15, 0, 0, 0, 0, 6, 1, 2, 0, 0, 0, 7, 0, 0.14285714285714285, 0, 0, 0, 0, 0, 0, -10.66734790802002, 0.01620197296142578], [0, 0, 0, 0.04922923445701599, 0, 0, 8, 7, 14, 0, 0, 0, 0, 5, 1, 2, 0, 0, 0, 6, 0, 0.5, 0, 0, 0, 0, 0, 0, -12.030769348144531, 0.08903694152832031], [0, 0, 0, 0.020721018314361572, 0, 0, 8, 4, 11, 0, 0, 0, 0, 2, 1, 4, 0, 0, 0, 3, 0, 0.5, 0, 0, 0, 0, 0, 0, -8.277349472045898, 0.18423843383789062], [0, 0, 0, 0.2325323224067688, 0, 0, 8, 3, 10, 0, 0, 0, 0, 1, 1, 4, 0, 0, 0, 2, 0, 0.6666666666666666, 0, 0, 0, 0, 0, 0, -23.87928009033203, 0.0], [0, 0, 0, 0.01512184739112854, 0, 0, 8, 13, 20, 0, 0, 0, 0, 11, 1, 1, 0, 0, 0, 12, 0, 0.024539877300613498, 0, 0, 0, 0, 0, 0, 16.255176544189453, 12.618000030517578], [0, 0, 0, 0.09697061777114868, 0, 0, 8, 3, 10, 0, 0, 0, 0, 1, 1, 7, 0, 0, 0, 2, 0, 0.9090909090909091, 0, 0, 0, 0, 0, 0, -23.87928009033203, 0.0], [1, 0, 1, 0.006765246391296387, 1, 0, 8, 12, 19, 1, 0, 1, 1, 2, 9, 7, 0, 0, 0, 11, 1, 0.6666666666666666, 0, 0, 0, 0, 0, 0, -24.141372680664062, 21.393497467041016], [0, 0, 0, 0.06301015615463257, 0, 0, 8, 4, 11, 0, 0, 0, 0, 2, 1, 4, 0, 0, 0, 3, 0, 0.6666666666666666, 0, 0, 0, 0, 0, 0, -8.277349472045898, 0.18423843383789062], [1, 0, 0, 0.27241653203964233, 0, 0, 8, 13, 20, 1, 0, 0, 0, 6, 3, 4, 0, 0, 0, 12, 0, 0.5, 0, 0, 0, 0, 0, 0, -23.39377212524414, 1.522836685180664], [1, 0, 1, 0.06678915023803711, 1, 0, 8, 13, 20, 1, 0, 1, 1, 6, 5, 1, 0, 0, 0, 12, 1, 0.5, 0, 0, 0, 0, 0, 0, -12.460390090942383, 4.623151779174805], [1, 0, 1, 0.12484049797058105, 1, 0, 8, 12, 19, 1, 0, 1, 1, 8, 3, 1, 0, 0, 0, 11, 1, 0.5, 0, 0, 0, 0, 0, 0, -16.930971145629883, 7.16285514831543], [0, 0, 0, 0.0046915411949157715, 0, 0, 8, 6, 13, 0, 0, 0, 0, 4, 1, 3, 0, 0, 0, 5, 0, 0.5, 0, 0, 0, 0, 0, 0, -14.625245094299316, 0.14033794403076172], [0, 0, 0, 0.07554888725280762, 0, 0, 8, 3, 10, 0, 0, 0, 0, 1, 1, 3, 0, 0, 0, 2, 0, 0.6, 0, 0, 0, 0, 0, 0, -23.87928009033203, 0.0], [0, 0, 0, 0.03425601124763489, 0, 0, 8, 13, 20, 0, 0, 0, 0, 11, 1, 1, 0, 0, 0, 12, 0, 0.3333333333333333, 0, 0, 0, 0, 0, 0, 13.178967475891113, 0.000946044921875], [0, 0, 0, 0.09496301412582397, 0, 0, 8, 12, 19, 0, 0, 0, 0, 9, 2, 4, 0, 0, 0, 11, 0, 0.6666666666666666, 0, 0, 0, 0, 0, 0, -9.985637664794922, 6.998481750488281], [0, 0, 0, 0.08969467878341675, 0, 0, 8, 12, 19, 0, 0, 0, 0, 8, 3, 3, 0, 0, 0, 11, 0, 0.6666666666666666, 0, 0, 0, 0, 0, 0, 5.387442588806152, 8.814859390258789], [0, 0, 0, 0.0028597116470336914, 0, 0, 8, 3, 10, 0, 0, 0, 0, 1, 1, 4, 0, 0, 0, 2, 0, 0.5, 0, 0, 0, 0, 0, 0, -23.87928009033203, 0.0], [0, 0, 0, 0.0028390884399414062, 0, 0, 8, 4, 11, 0, 0, 0, 0, 2, 1, 2, 0, 0, 0, 3, 0, 0.6666666666666666, 0, 0, 0, 0, 0, 0, -8.277349472045898, 0.18423843383789062], [0, 0, 0, 0.00928795337677002, 0, 0, 8, 13, 20, 0, 0, 0, 0, 9, 2, 3, 0, 0, 0, 12, 0, 0.5714285714285714, 0, 0, 0, 0, 0, 0, -0.1702142357826233, 0.006811976432800293], [0, 0, 0, 0.009187459945678711, 0, 0, 8, 13, 20, 0, 0, 0, 0, 11, 1, 1, 0, 0, 0, 12, 0, 0.09523809523809523, 0, 0, 0, 0, 0, 0, 13.063285827636719, 0.0009059906005859375], [0, 0, 0, 0.15462127327919006, 0, 0, 8, 4, 11, 0, 0, 0, 0, 2, 1, 3, 0, 0, 0, 3, 0, 0.5, 0, 0, 0, 0, 0, 0, -8.277349472045898, 0.18423843383789062], [0, 0, 0, 0.03651264309883118, 0, 0, 8, 9, 16, 0, 0, 0, 0, 7, 1, 1, 0, 0, 0, 8, 0, 0.5, 0, 0, 0, 0, 0, 0, 3.6667640209198, 0.035685062408447266], [0, 0, 0, 0.015926837921142578, 0, 0, 8, 4, 11, 0, 0, 0, 0, 1, 2, 5, 0, 0, 0, 3, 0, 0.6666666666666666, 0, 0, 0, 0, 0, 0, -29.621549606323242, 0.0], [1, 0, 0, 0.025870859622955322, 0, 0, 8, 4, 11, 1, 0, 0, 0, 2, 1, 2, 0, 0, 0, 3, 0, 0.5, 0, 0, 0, 0, 0, 0, -8.277349472045898, 0.18423843383789062], [0, 0, 0, 0.049115538597106934, 0, 0, 8, 3, 10, 0, 0, 0, 0, 1, 1, 3, 0, 0, 0, 2, 0, 0.8888888888888888, 0, 0, 0, 0, 0, 0, -23.87928009033203, 0.0], [0, 0, 0, 0.005763649940490723, 0, 0, 8, 13, 20, 0, 0, 0, 0, 11, 1, 2, 0, 0, 0, 12, 0, 0.5, 0, 0, 0, 0, 0, 0, 7.073911666870117, 0.021590232849121094], [0, 0, 0, 0.19794300198554993, 0, 0, 8, 3, 10, 0, 0, 0, 0, 1, 1, 4, 0, 0, 0, 2, 0, 0.6666666666666666, 0, 0, 0, 0, 0, 0, -23.87928009033203, 0.0], [0, 0, 0, 0.02681124210357666, 0, 0, 8, 3, 10, 0, 0, 0, 0, 1, 1, 3, 0, 0, 0, 2, 0, 0.5714285714285714, 0, 0, 0, 0, 0, 0, -23.87928009033203, 0.0], [0, 0, 0, 0.030625492334365845, 0, 0, 8, 6, 13, 0, 0, 0, 0, 3, 2, 4, 0, 0, 0, 5, 0, 0.75, 0, 0, 0, 0, 0, 0, -19.88814353942871, 14.69080924987793], [0, 0, 0, 0.05988498032093048, 0, 0, 8, 13, 20, 0, 0, 0, 0, 11, 1, 1, 0, 0, 0, 12, 0, 0.030303030303030304, 0, 0, 0, 0, 0, 0, 13.176566123962402, 0.0009489059448242188], [0, 0, 0, 0.14544856548309326, 0, 0, 8, 3, 10, 0, 0, 0, 0, 1, 1, 2, 0, 0, 0, 2, 0, 0.5, 0, 0, 0, 0, 0, 0, -23.87928009033203, 0.0], [0, 0, 0, 0.011437654495239258, 0, 0, 8, 13, 20, 0, 0, 1, 0, 11, 1, 2, 0, 0, 0, 12, 0, 0.5, 0, 0, 0, 0, 0, 0, 13.114957809448242, 0.000926971435546875], [0, 0, 0, 0.024456322193145752, 0, 0, 8, 8, 15, 0, 0, 0, 0, 6, 1, 1, 0, 0, 0, 7, 0, 0.07692307692307693, 0, 0, 0, 0, 0, 0, 7.784692287445068, 0.0032062530517578125], [0, 0, 0, 0.08743271231651306, 0, 0, 8, 3, 10, 0, 0, 0, 0, 1, 1, 1, 0, 0, 0, 2, 0, 0.047619047619047616, 0, 0, 0, 0, 0, 0, -23.87928009033203, 0.0], [0, 0, 0, 0.0, 0, 0, 6, 5, 10, 0, 0, 0, 0, 3, 1, 5, 0, 0, 0, 4, 0, 0.75, 0, 0, 0, 0, 0, 0, -1.5134034156799316, 0.013852119445800781], [0, 0, 0, 0.05595189332962036, 0, 0, 8, 13, 20, 0, 0, 0, 0, 11, 1, 5, 0, 0, 0, 12, 0, 0.6666666666666666, 0, 0, 0, 0, 0, 0, 13.167612075805664, 0.0009403228759765625], [0, 0, 0, 0.06284582614898682, 0, 0, 8, 3, 10, 0, 0, 0, 0, 1, 1, 2, 0, 0, 0, 2, 0, 0.25, 0, 0, 0, 0, 0, 0, -23.87928009033203, 0.0], [0, 0, 0, 0.1917223334312439, 0, 0, 8, 3, 10, 0, 0, 0, 0, 1, 1, 3, 0, 0, 0, 2, 0, 0.5, 0, 0, 0, 0, 0, 0, -23.87928009033203, 0.0], [0, 0, 0, 0.09371301531791687, 0, 0, 8, 13, 20, 0, 0, 0, 0, 8, 4, 3, 0, 0, 0, 12, 0, 0.3333333333333333, 0, 0, 0, 0, 0, 0, 3.571047067642212, 9.26457405090332], [0, 0, 0, 0.15356558561325073, 0, 0, 8, 4, 11, 0, 0, 0, 0, 2, 1, 3, 0, 0, 0, 3, 0, 0.5, 0, 0, 0, 0, 0, 0, -8.277349472045898, 0.18423843383789062], [0, 0, 0, 0.01719421148300171, 0, 0, 8, 3, 10, 0, 0, 0, 0, 1, 1, 3, 0, 0, 0, 2, 0, 0.5, 0, 0, 0, 0, 0, 0, -23.87928009033203, 0.0], [0, 0, 0, 0.026005446910858154, 0, 0, 8, 13, 20, 0, 0, 0, 0, 11, 1, 2, 0, 0, 0, 12, 0, 0.25, 0, 0, 0, 0, 0, 0, 13.192227363586426, 0.0009508132934570312], [0, 0, 0, 0.01302403211593628, 0, 0, 8, 13, 20, 0, 0, 0, 0, 11, 1, 1, 0, 0, 0, 12, 0, 0.09523809523809523, 0, 0, 0, 0, 0, 0, 13.063285827636719, 0.0009059906005859375], [0, 0, 0, 0.0575602650642395, 0, 0, 8, 13, 20, 0, 0, 0, 0, 10, 2, 2, 0, 0, 0, 12, 0, 0.5, 0, 0, 0, 0, 0, 0, 9.801867485046387, 6.571974754333496], [0, 0, 0, 0.02005133032798767, 0, 0, 8, 5, 12, 0, 0, 0, 0, 3, 1, 3, 0, 0, 0, 4, 0, 0.5, 0, 0, 0, 0, 0, 0, -7.200928688049316, 0.10584545135498047], [0, 0, 0, 0.03333812952041626, 0, 0, 8, 6, 13, 0, 0, 1, 1, 4, 1, 4, 0, 0, 0, 5, 0, 0.5, 0, 0, 0, 0, 0, 0, -14.606325149536133, 0.14033222198486328], [0, 0, 0, 0.24030792713165283, 0, 0, 8, 3, 10, 0, 0, 0, 0, 1, 1, 2, 0, 0, 0, 2, 0, 0.6666666666666666, 0, 0, 0, 0, 0, 0, -23.87928009033203, 0.0], [0, 0, 0, 0.015950441360473633, 0, 0, 8, 13, 20, 0, 0, 0, 0, 11, 1, 1, 0, 0, 0, 12, 0, 0.09523809523809523, 0, 0, 0, 0, 0, 0, 13.063285827636719, 0.0009059906005859375], [0, 0, 0, 0.1478244662284851, 0, 0, 8, 9, 16, 0, 0, 0, 0, 5, 3, 2, 0, 0, 0, 8, 0, 0.4, 0, 0, 0, 0, 0, 0, 0.22690147161483765, 12.228306770324707], [0, 0, 0, 0.10872989892959595, 0, 0, 8, 10, 17, 0, 0, 0, 0, 7, 2, 3, 0, 0, 0, 9, 0, 0.5, 0, 0, 0, 0, 0, 0, 3.557281732559204, 6.2568440437316895], [0, 0, 0, 0.036168038845062256, 0, 0, 8, 13, 20, 0, 0, 0, 0, 11, 1, 2, 0, 0, 0, 12, 0, 0.5, 0, 0, 0, 0, 0, 0, 13.223896980285645, 0.0009613037109375], [0, 0, 0, 0.12727051973342896, 0, 0, 8, 8, 15, 0, 0, 0, 0, 3, 4, 3, 0, 0, 0, 7, 0, 0.5, 0, 0, 0, 0, 0, 0, -6.53776741027832, 16.44040870666504], [0, 0, 0, 0.002851545810699463, 0, 0, 8, 8, 15, 0, 0, 0, 0, 6, 1, 1, 0, 0, 0, 7, 0, 0.07692307692307693, 0, 0, 0, 0, 0, 0, 7.784692287445068, 0.0032062530517578125], [0, 0, 0, 0.08233445882797241, 0, 0, 8, 5, 12, 0, 0, 0, 0, 3, 1, 4, 0, 0, 0, 4, 0, 0.5, 0, 0, 0, 0, 0, 0, -1.5134034156799316, 0.013852119445800781], [1, 0, 0, 0.15435665845870972, 0, 0, 8, 4, 11, 1, 0, 0, 0, 1, 2, 3, 0, 0, 0, 3, 0, 0.75, 0, 0, 0, 0, 0, 0, -29.621549606323242, 0.0], [0, 0, 0, 0.014862358570098877, 0, 0, 8, 13, 20, 0, 0, 0, 0, 11, 1, 1, 0, 0, 0, 12, 0, 0.09523809523809523, 0, 0, 0, 0, 0, 0, 13.063285827636719, 0.0009059906005859375], [0, 0, 0, 0.09697061777114868, 0, 0, 8, 3, 10, 0, 0, 0, 0, 1, 1, 7, 0, 0, 0, 2, 0, 0.9090909090909091, 0, 0, 0, 0, 0, 0, -23.87928009033203, 0.0], [0, 0, 0, 0.2498367428779602, 0, 0, 8, 5, 12, 0, 0, 0, 0, 3, 1, 4, 0, 0, 0, 4, 0, 0.5, 0, 0, 0, 0, 0, 0, -1.5134034156799316, 0.013852119445800781], [1, 0, 1, 0.0, 1, 1, 8, 3, 10, 1, 0, 0, 0, 1, 1, 5, 0, 0, 0, 2, 0, 0.75, 0, 0, 1, 0, 0, 0, -22.106550216674805, 0.9513072967529297], [0, 0, 0, 0.005274593830108643, 0, 0, 8, 3, 10, 0, 0, 0, 0, 1, 1, 2, 0, 0, 0, 2, 0, 0.6666666666666666, 0, 0, 0, 0, 0, 0, -23.87928009033203, 0.0], [0, 0, 0, 0.03486752510070801, 0, 0, 8, 3, 10, 0, 0, 0, 0, 1, 1, 3, 0, 0, 0, 2, 0, 0.6666666666666666, 0, 0, 0, 0, 0, 0, -23.87928009033203, 0.0], [1, 0, 1, 0.19421201944351196, 1, 0, 8, 5, 12, 1, 0, 1, 1, 2, 2, 4, 0, 0, 0, 4, 1, 0.5, 0, 0, 0, 0, 0, 0, -9.313657760620117, 24.271554946899414], [0, 0, 0, 0.04085153341293335, 0, 0, 8, 3, 10, 0, 0, 0, 0, 1, 1, 2, 0, 0, 0, 2, 0, 0.8, 0, 0, 0, 0, 0, 0, -23.87928009033203, 0.0], [0, 0, 0, 0.08392941951751709, 0, 0, 8, 12, 19, 0, 0, 0, 0, 8, 3, 3, 0, 0, 0, 11, 0, 0.6666666666666666, 0, 0, 0, 0, 0, 0, 5.387442588806152, 8.814859390258789], [0, 0, 0, 0.01873314380645752, 0, 0, 8, 9, 16, 0, 0, 0, 0, 7, 1, 2, 0, 0, 0, 8, 0, 0.5, 0, 0, 0, 0, 0, 0, 9.399728775024414, 0.0023479461669921875], [0, 0, 0, 0.2666078805923462, 0, 0, 8, 13, 20, 0, 0, 0, 0, 4, 8, 2, 0, 0, 0, 12, 0, 0.3333333333333333, 0, 0, 0, 0, 0, 0, -6.463332653045654, 12.906299591064453], [0, 0, 0, 0.006856411695480347, 0, 0, 8, 13, 20, 0, 0, 0, 0, 9, 3, 2, 0, 0, 0, 12, 0, 0.3333333333333333, 0, 0, 0, 0, 0, 0, 6.529352188110352, 7.976165771484375], [0, 0, 0, 0.08539222180843353, 0, 0, 8, 3, 10, 0, 0, 0, 0, 1, 1, 3, 0, 0, 0, 2, 0, 0.5, 0, 0, 0, 0, 0, 0, -28.607315063476562, 0.0], [0, 0, 0, 0.017374187707901, 0, 0, 8, 3, 10, 0, 0, 0, 0, 1, 1, 5, 0, 0, 0, 2, 0, 0.6666666666666666, 0, 0, 0, 0, 0, 0, -23.87928009033203, 0.0], [0, 0, 0, 0.027791976928710938, 0, 0, 8, 8, 15, 0, 0, 0, 0, 6, 1, 4, 0, 0, 0, 7, 0, 0.6666666666666666, 0, 0, 0, 0, 0, 0, 7.784692287445068, 0.0032062530517578125], [0, 0, 0, 0.004280254244804382, 0, 0, 8, 3, 10, 0, 0, 0, 0, 1, 1, 2, 0, 0, 0, 2, 0, 0.5, 0, 0, 0, 0, 0, 0, -23.87928009033203, 0.0], [0, 0, 0, 0.11578810214996338, 0, 0, 8, 3, 10, 0, 0, 0, 0, 1, 1, 3, 0, 0, 0, 2, 0, 0.6666666666666666, 0, 0, 0, 0, 0, 0, -23.87928009033203, 0.0], [0, 0, 0, 0.014862358570098877, 0, 0, 8, 13, 20, 0, 0, 0, 0, 11, 1, 1, 0, 0, 0, 12, 0, 0.09523809523809523, 0, 0, 0, 0, 0, 0, 13.063285827636719, 0.0009059906005859375], [0, 0, 0, 0.005906641483306885, 0, 0, 8, 12, 19, 0, 0, 0, 0, 8, 2, 1, 0, 0, 0, 11, 0, 0.75, 0, 0, 0, 0, 0, 0, -22.78411293029785, 0.4149513244628906], [0, 0, 0, 0.06892967224121094, 0, 0, 8, 3, 10, 0, 0, 0, 0, 1, 1, 2, 0, 0, 0, 2, 0, 0.25, 0, 0, 0, 0, 0, 0, -23.87928009033203, 0.0], [0, 0, 0, 0.04264286160469055, 0, 0, 8, 3, 10, 0, 0, 0, 0, 1, 1, 2, 0, 0, 0, 2, 0, 0.8, 0, 0, 0, 0, 0, 0, -23.87928009033203, 0.0], [0, 0, 0, 0.0012835264205932617, 0, 0, 8, 13, 20, 0, 0, 0, 0, 11, 1, 1, 0, 0, 0, 12, 0, 0.15384615384615385, 0, 0, 0, 0, 0, 0, 13.186655044555664, 0.0009517669677734375], [0, 0, 0, 0.00472182035446167, 0, 0, 8, 8, 15, 0, 0, 0, 0, 6, 1, 6, 0, 0, 0, 7, 0, 0.6666666666666666, 0, 0, 0, 0, 0, 0, 7.784692287445068, 0.0032062530517578125], [0, 0, 0, 0.03802233934402466, 0, 0, 8, 13, 20, 0, 0, 0, 0, 10, 2, 2, 0, 0, 0, 12, 0, 0.6666666666666666, 0, 0, 0, 0, 0, 0, 3.8169913291931152, 5.816832065582275], [0, 0, 0, 0.11708086729049683, 0, 0, 8, 5, 12, 0, 0, 0, 0, 2, 2, 3, 0, 0, 0, 4, 0, 0.5, 0, 0, 0, 0, 0, 0, -9.440823554992676, 24.18146514892578], [1, 0, 0, 0.12977850437164307, 0, 0, 8, 3, 10, 1, 0, 0, 0, 1, 1, 3, 0, 0, 0, 2, 0, 0.3333333333333333, 0, 0, 0, 0, 0, 0, -23.87928009033203, 0.0], [0, 0, 0, 0.11756563186645508, 0, 0, 8, 5, 12, 0, 0, 1, 0, 2, 2, 2, 0, 0, 0, 4, 0, 0.3333333333333333, 0, 0, 0, 0, 0, 0, -9.242040634155273, 24.343172073364258], [0, 0, 0, 0.008047699928283691, 0, 0, 8, 3, 10, 0, 0, 0, 0, 1, 1, 5, 0, 0, 0, 2, 0, 0.5, 0, 0, 0, 0, 0, 0, -23.87928009033203, 0.0], [0, 0, 0, 0.013341546058654785, 0, 0, 8, 13, 20, 0, 0, 0, 0, 11, 1, 3, 0, 0, 0, 12, 0, 0.5, 0, 0, 0, 0, 0, 0, 13.192227363586426, 0.0009508132934570312], [0, 0, 0, 0.07438987493515015, 0, 0, 8, 6, 13, 0, 0, 0, 0, 4, 1, 3, 0, 0, 0, 5, 0, 0.5, 0, 0, 0, 0, 0, 0, 2.7414965629577637, 0.007439374923706055], [0, 0, 0, 0.010735124349594116, 0, 0, 8, 4, 11, 0, 0, 0, 0, 2, 1, 4, 0, 0, 0, 3, 0, 0.6666666666666666, 0, 0, 0, 0, 0, 0, -8.277349472045898, 0.18423843383789062], [0, 0, 0, 0.024813801050186157, 0, 0, 8, 10, 17, 0, 0, 0, 0, 8, 1, 2, 0, 0, 0, 9, 0, 0.5, 0, 0, 0, 0, 0, 0, 10.668485641479492, 0.001800537109375], [0, 0, 0, 0.036516785621643066, 0, 0, 8, 3, 10, 0, 0, 0, 0, 1, 1, 5, 0, 0, 0, 2, 0, 0.5, 0, 0, 0, 0, 0, 0, -23.87928009033203, 0.0], [1, 0, 1, 0.057056963443756104, 1, 0, 7, 4, 10, 1, 0, 1, 1, 2, 1, 5, 0, 0, 0, 3, 1, 0.8888888888888888, 0, 0, 0, 0, 0, 0, 5.5323567390441895, 26.863191604614258], [0, 0, 1, 0.02140060067176819, 0, 0, 8, 6, 13, 0, 0, 1, 1, 3, 2, 1, 0, 0, 0, 5, 0, 0.07692307692307693, 0, 0, 0, 0, 0, 0, -19.749006271362305, 14.767030715942383], [0, 0, 0, 0.051798343658447266, 0, 0, 8, 13, 20, 0, 0, 1, 0, 10, 2, 1, 0, 0, 0, 12, 0, 0.5, 0, 0, 0, 0, 0, 0, 9.75749683380127, 6.56290340423584], [0, 0, 0, 0.0014263391494750977, 0, 0, 8, 5, 12, 0, 0, 0, 0, 3, 1, 1, 0, 0, 0, 4, 0, 0.125, 0, 0, 0, 0, 0, 0, -1.5134034156799316, 0.013852119445800781], [0, 0, 1, 0.012617677450180054, 0, 0, 8, 5, 12, 0, 0, 1, 1, 2, 2, 2, 0, 0, 0, 4, 0, 0.3333333333333333, 0, 0, 0, 0, 0, 0, -9.242040634155273, 24.343172073364258], [0, 0, 0, 0.056183815002441406, 0, 0, 8, 3, 10, 0, 0, 0, 0, 1, 1, 3, 0, 0, 0, 2, 0, 0.5, 0, 0, 0, 0, 0, 0, -23.87928009033203, 0.0], [0, 0, 0, 0.028534650802612305, 0, 0, 8, 13, 20, 0, 0, 0, 0, 11, 1, 3, 0, 0, 0, 12, 0, 0.6666666666666666, 0, 0, 0, 0, 0, 0, 6.658425807952881, 0.022896289825439453], [0, 0, 0, 0.0033853650093078613, 0, 0, 8, 13, 20, 0, 0, 1, 0, 11, 1, 2, 0, 0, 0, 12, 0, 0.5, 0, 0, 0, 0, 0, 0, 13.23824691772461, 0.0009679794311523438], [0, 0, 0, 0.015301883220672607, 0, 0, 8, 13, 20, 0, 0, 0, 0, 11, 1, 1, 0, 0, 0, 12, 0, 0.09523809523809523, 0, 0, 0, 0, 0, 0, 13.063285827636719, 0.0009059906005859375], [0, 0, 0, 0.027709901332855225, 0, 0, 8, 13, 20, 0, 0, 0, 0, 11, 1, 1, 0, 0, 0, 12, 0, 0.024539877300613498, 0, 0, 0, 0, 0, 0, 13.128188133239746, 0.0009326934814453125], [1, 0, 0, 0.0560164749622345, 1, 0, 8, 6, 13, 1, 0, 1, 0, 4, 1, 3, 0, 0, 0, 5, 1, 0.8, 0, 0, 0, 0, 0, 0, -14.606325149536133, 0.14033222198486328], [0, 0, 0, 0.009571298956871033, 0, 0, 8, 3, 10, 0, 0, 0, 0, 1, 1, 4, 0, 0, 0, 2, 0, 0.5, 0, 0, 0, 0, 0, 0, -23.87928009033203, 0.0], [0, 0, 0, 0.010743886232376099, 0, 0, 8, 13, 20, 0, 0, 0, 0, 11, 1, 1, 0, 0, 0, 12, 0, 0.09523809523809523, 0, 0, 0, 0, 0, 0, 13.063285827636719, 0.0009059906005859375], [0, 0, 0, 0.05022430419921875, 0, 0, 8, 5, 12, 0, 0, 0, 0, 3, 1, 3, 0, 0, 0, 4, 0, 0.5, 0, 0, 0, 0, 0, 0, -2.025892972946167, 0.08856368064880371], [0, 0, 0, 0.06274735927581787, 0, 0, 8, 13, 20, 0, 0, 0, 0, 11, 1, 5, 0, 0, 0, 12, 0, 0.6666666666666666, 0, 0, 0, 0, 0, 0, 13.167612075805664, 0.0009403228759765625], [0, 0, 0, 0.016355246305465698, 0, 0, 8, 3, 10, 0, 0, 0, 0, 1, 1, 2, 0, 0, 0, 2, 0, 0.5, 0, 0, 0, 0, 0, 0, -23.87928009033203, 0.0], [0, 0, 0, 0.027294471859931946, 0, 0, 8, 3, 10, 0, 0, 0, 0, 1, 1, 2, 0, 0, 0, 2, 0, 0.2, 0, 0, 0, 0, 0, 0, -23.87928009033203, 0.0], [1, 0, 0, 0.09994268417358398, 0, 0, 7, 4, 10, 1, 0, 0, 0, 1, 2, 6, 0, 0, 0, 3, 0, 0.8888888888888888, 0, 0, 0, 0, 0, 0, -29.621549606323242, 0.0], [0, 0, 0, 0.26144659519195557, 0, 0, 8, 3, 10, 0, 0, 0, 0, 1, 1, 4, 0, 0, 0, 2, 0, 0.5, 0, 0, 0, 0, 0, 0, -23.87928009033203, 0.0], [0, 0, 0, 0.003493577241897583, 0, 0, 8, 12, 19, 0, 0, 0, 0, 10, 1, 2, 0, 0, 0, 11, 0, 0.25, 0, 0, 0, 0, 0, 0, -9.503063201904297, 0.009121894836425781], [0, 0, 0, 0.03330886363983154, 0, 0, 8, 13, 20, 0, 0, 0, 0, 7, 3, 1, 0, 0, 0, 12, 0, 0.5, 0, 0, 0, 0, 0, 0, -13.501291275024414, 1.5076580047607422], [0, 0, 0, 0.06869518756866455, 0, 0, 8, 13, 20, 0, 0, 0, 0, 8, 3, 1, 0, 0, 0, 12, 0, 0.5, 0, 0, 0, 0, 0, 0, -3.465494155883789, 1.5363054275512695], [0, 0, 0, 0.042253971099853516, 0, 0, 8, 12, 19, 0, 0, 0, 0, 10, 1, 1, 0, 0, 0, 11, 0, 0.024539877300613498, 0, 0, 0, 0, 0, 0, -9.503063201904297, 0.009121894836425781], [0, 0, 0, 0.04053810238838196, 0, 0, 8, 3, 10, 0, 0, 0, 0, 1, 1, 4, 0, 0, 0, 2, 0, 0.5, 0, 0, 0, 0, 0, 0, -23.87928009033203, 0.0], [0, 0, 0, 0.010437697172164917, 0, 0, 8, 13, 20, 0, 0, 0, 0, 11, 1, 1, 0, 0, 0, 12, 0, 0.09523809523809523, 0, 0, 0, 0, 0, 0, 6.927480697631836, 0.03681755065917969], [0, 0, 0, 0.07994145154953003, 0, 0, 8, 4, 11, 0, 0, 0, 0, 2, 1, 7, 0, 0, 0, 3, 0, 0.6666666666666666, 0, 0, 0, 0, 0, 0, -8.277349472045898, 0.18423843383789062], [0, 0, 0, 0.01162460446357727, 0, 0, 8, 3, 10, 0, 0, 0, 0, 1, 1, 1, 0, 0, 0, 2, 0, 0.5, 0, 0, 0, 0, 0, 0, -23.87928009033203, 0.0], [0, 0, 0, 0.03555169701576233, 0, 0, 8, 9, 16, 0, 0, 0, 0, 7, 1, 4, 0, 0, 0, 8, 0, 0.5, 0, 0, 0, 0, 0, 0, 9.399728775024414, 0.0023479461669921875], [0, 0, 0, 0.02302524447441101, 0, 0, 8, 8, 15, 0, 0, 0, 0, 6, 1, 3, 0, 0, 0, 7, 0, 0.5, 0, 0, 0, 0, 0, 0, 7.784692287445068, 0.0032062530517578125], [0, 0, 0, 0.012272089719772339, 0, 0, 8, 13, 20, 0, 0, 0, 0, 11, 1, 1, 0, 0, 0, 12, 0, 0.14285714285714285, 0, 0, 0, 0, 0, 0, 13.208202362060547, 0.0009593963623046875], [0, 0, 0, 0.031008705496788025, 0, 0, 8, 3, 10, 0, 0, 0, 0, 1, 1, 4, 0, 0, 0, 2, 0, 0.5, 0, 0, 0, 0, 0, 0, -23.87928009033203, 0.0], [0, 0, 0, 0.007654458284378052, 0, 0, 8, 3, 10, 0, 0, 0, 0, 1, 1, 4, 0, 0, 0, 2, 0, 0.6666666666666666, 0, 0, 0, 0, 0, 0, -23.87928009033203, 0.0], [0, 0, 0, 0.05000859498977661, 0, 0, 8, 11, 18, 0, 0, 0, 0, 9, 1, 1, 0, 0, 0, 10, 0, 0.5, 0, 0, 0, 0, 0, 0, -14.602638244628906, 0.010264396667480469], [0, 0, 0, 0.03527754545211792, 0, 0, 8, 6, 13, 0, 0, 0, 0, 4, 1, 5, 0, 0, 0, 5, 0, 0.6666666666666666, 0, 0, 0, 0, 0, 0, 2.7414965629577637, 0.007439374923706055], [0, 0, 0, 0.004746973514556885, 0, 0, 8, 5, 12, 0, 0, 0, 0, 3, 1, 3, 0, 0, 0, 4, 0, 0.6, 0, 0, 0, 0, 0, 0, -1.5134034156799316, 0.013852119445800781], [0, 0, 0, 0.0911649614572525, 0, 0, 8, 3, 10, 0, 0, 0, 0, 1, 1, 2, 0, 0, 0, 2, 0, 0.3333333333333333, 0, 0, 0, 0, 0, 0, -23.87928009033203, 0.0], [0, 0, 0, 0.03064587712287903, 0, 0, 8, 13, 20, 0, 0, 0, 0, 10, 2, 1, 0, 0, 0, 12, 0, 0.024539877300613498, 0, 0, 0, 0, 0, 0, 9.769061088562012, 6.578568458557129], [0, 0, 0, 0.19507163763046265, 0, 0, 8, 8, 15, 0, 0, 0, 0, 5, 2, 5, 0, 0, 0, 7, 0, 0.5, 0, 0, 0, 0, 0, 0, 2.4173078536987305, 11.504154205322266], [0, 0, 0, 0.11961433291435242, 0, 0, 8, 4, 11, 0, 0, 0, 0, 2, 1, 2, 0, 0, 0, 3, 0, 0.3333333333333333, 0, 0, 0, 0, 0, 0, -8.277349472045898, 0.18423843383789062], [0, 0, 0, 0.06122678518295288, 0, 0, 8, 13, 20, 0, 0, 0, 0, 11, 1, 5, 0, 0, 0, 12, 0, 0.6666666666666666, 0, 0, 0, 0, 0, 0, 13.167612075805664, 0.0009403228759765625], [0, 0, 0, 0.03978249430656433, 0, 0, 8, 10, 17, 0, 0, 1, 0, 8, 1, 3, 0, 0, 0, 9, 0, 0.5, 0, 0, 0, 0, 0, 0, -11.741179466247559, 0.059975624084472656], [0, 0, 0, 0.05419859290122986, 0, 0, 8, 9, 16, 0, 0, 0, 0, 7, 1, 1, 0, 0, 0, 8, 0, 0.07894736842105263, 0, 0, 0, 0, 0, 0, 9.399728775024414, 0.0023479461669921875], [0, 0, 0, 0.0, 0, 0, 7, 3, 9, 0, 0, 0, 0, 1, 1, 5, 0, 0, 0, 2, 0, 0.5, 0, 0, 0, 0, 0, 0, -23.87928009033203, 0.0], [1, 0, 0, 0.009650647640228271, 0, 0, 8, 4, 11, 1, 0, 0, 0, 2, 1, 4, 0, 0, 0, 3, 0, 0.5, 0, 0, 0, 0, 0, 0, -8.277349472045898, 0.18423843383789062], [1, 0, 0, 0.04993563890457153, 0, 0, 8, 9, 16, 1, 0, 0, 0, 7, 1, 3, 0, 0, 0, 8, 0, 0.6666666666666666, 0, 0, 0, 0, 0, 0, 3.600588798522949, 0.05603218078613281], [0, 0, 0, 0.009165585041046143, 0, 0, 8, 13, 20, 0, 0, 0, 0, 11, 1, 3, 0, 0, 0, 12, 0, 0.5, 0, 0, 0, 0, 0, 0, 7.202476501464844, 0.02703094482421875], [0, 0, 0, 0.0030579566955566406, 0, 0, 8, 4, 11, 0, 0, 0, 0, 2, 1, 2, 0, 0, 0, 3, 0, 0.3333333333333333, 0, 0, 0, 0, 0, 0, -8.277349472045898, 0.18423843383789062], [0, 0, 0, 0.06856626272201538, 0, 0, 8, 7, 14, 0, 0, 0, 0, 5, 1, 2, 0, 0, 0, 6, 0, 0.5, 0, 0, 0, 0, 0, 0, -12.852087020874023, 0.020730018615722656], [0, 0, 0, 0.032085269689559937, 0, 0, 8, 7, 14, 0, 0, 1, 0, 5, 1, 2, 0, 0, 0, 6, 0, 0.5, 0, 0, 0, 0, 0, 0, -12.83543586730957, 0.020723342895507812], [0, 0, 0, 0.0024321675300598145, 0, 0, 8, 4, 11, 0, 0, 0, 0, 2, 1, 1, 0, 0, 0, 3, 0, 0.18181818181818182, 0, 0, 0, 0, 0, 0, -8.277349472045898, 0.18423843383789062], [0, 0, 0, 0.004077434539794922, 0, 0, 8, 3, 10, 0, 0, 0, 0, 1, 1, 5, 0, 0, 0, 2, 0, 0.5, 0, 0, 0, 0, 0, 0, -23.87928009033203, 0.0], [0, 0, 0, 0.03830063343048096, 0, 0, 8, 9, 16, 0, 0, 0, 0, 7, 1, 2, 0, 0, 0, 8, 0, 0.5, 0, 0, 0, 0, 0, 0, 9.399728775024414, 0.0023479461669921875], [0, 0, 0, 0.13913029432296753, 0, 0, 8, 3, 10, 0, 0, 0, 0, 1, 1, 3, 0, 0, 0, 2, 0, 0.6666666666666666, 0, 0, 0, 0, 0, 0, -23.87928009033203, 0.0], [0, 0, 0, 0.0, 0, 0, 8, 9, 16, 0, 0, 0, 0, 4, 2, 5, 0, 0, 0, 8, 0, 0.9090909090909091, 0, 0, 0, 0, 0, 0, -23.31073760986328, 0.006839752197265625], [0, 0, 0, 0.3395129442214966, 0, 0, 8, 3, 10, 0, 0, 0, 0, 1, 1, 3, 0, 0, 0, 2, 0, 0.5, 0, 0, 0, 0, 0, 0, -23.87928009033203, 0.0], [0, 0, 0, 0.011785805225372314, 0, 0, 8, 3, 10, 0, 0, 0, 0, 1, 1, 4, 0, 0, 0, 2, 0, 0.5, 0, 0, 0, 0, 0, 0, -23.87928009033203, 0.0], [0, 0, 0, 0.04448413848876953, 0, 0, 8, 6, 13, 0, 0, 0, 0, 4, 1, 3, 0, 0, 0, 5, 0, 0.5, 0, 0, 0, 0, 0, 0, -14.489059448242188, 0.11641311645507812], [0, 0, 0, 0.0013202428817749023, 0, 0, 8, 3, 10, 0, 0, 0, 0, 1, 1, 3, 0, 0, 0, 2, 0, 0.3333333333333333, 0, 0, 0, 0, 0, 0, -23.87928009033203, 0.0], [0, 0, 0, 0.011512815952301025, 0, 0, 7, 3, 9, 0, 0, 0, 0, 1, 1, 5, 0, 0, 0, 2, 0, 0.5, 0, 0, 0, 0, 0, 0, -23.87928009033203, 0.0], [0, 0, 0, 0.004077434539794922, 0, 0, 8, 3, 10, 0, 0, 0, 0, 1, 1, 6, 0, 0, 0, 2, 0, 0.5, 0, 0, 0, 0, 0, 0, -23.87928009033203, 0.0], [0, 0, 0, 0.22482532262802124, 0, 0, 8, 3, 10, 0, 0, 0, 0, 1, 1, 3, 0, 0, 0, 2, 0, 0.5, 0, 0, 0, 0, 0, 0, -23.87928009033203, 0.0], [1, 0, 0, 0.06962430477142334, 0, 0, 8, 13, 20, 1, 0, 0, 0, 8, 4, 1, 0, 0, 0, 12, 0, 0.5, 0, 0, 0, 0, 0, 0, 3.469547986984253, 9.271208763122559], [0, 0, 0, 0.019791722297668457, 0, 0, 8, 11, 18, 0, 0, 0, 0, 9, 1, 3, 0, 0, 0, 10, 0, 0.6666666666666666, 0, 0, 0, 0, 0, 0, 5.737807273864746, 0.04650735855102539], [0, 0, 0, 0.09296238422393799, 0, 0, 8, 3, 10, 0, 0, 0, 0, 1, 1, 5, 0, 0, 0, 2, 0, 0.5, 0, 0, 0, 0, 0, 0, -23.87928009033203, 0.0], [0, 0, 0, 0.013035476207733154, 0, 0, 8, 13, 20, 0, 0, 0, 0, 10, 2, 1, 0, 0, 0, 12, 0, 0.09523809523809523, 0, 0, 0, 0, 0, 0, 9.605550765991211, 6.5827460289001465], [1, 0, 0, 0.09207803010940552, 1, 0, 8, 5, 12, 1, 0, 1, 0, 3, 1, 3, 0, 0, 0, 4, 1, 0.5, 0, 0, 0, 0, 0, 0, -1.4941151142120361, 0.013974666595458984], [0, 0, 0, 0.04439431428909302, 0, 0, 8, 13, 20, 0, 0, 0, 0, 11, 1, 1, 0, 0, 0, 12, 0, 0.024539877300613498, 0, 0, 0, 0, 0, 0, 13.128188133239746, 0.0009326934814453125], [0, 0, 0, 0.006583571434020996, 0, 0, 8, 3, 10, 0, 0, 0, 0, 1, 1, 4, 0, 0, 0, 2, 0, 0.5, 0, 0, 0, 0, 0, 0, -23.87928009033203, 0.0], [1, 0, 1, 0.006765246391296387, 1, 0, 8, 12, 19, 1, 0, 1, 1, 2, 9, 7, 0, 0, 0, 11, 1, 0.6666666666666666, 0, 0, 0, 0, 0, 0, -24.125768661499023, 21.4036808013916], [1, 0, 1, 0.0115128755569458, 0, 1, 8, 3, 10, 1, 0, 0, 0, 1, 1, 6, 0, 0, 0, 2, 0, 0.5, 0, 0, 1, 0, 0, 0, -9.105430603027344, 26.113658905029297], [0, 0, 0, 0.17076972126960754, 0, 0, 8, 6, 13, 0, 0, 0, 0, 4, 1, 3, 0, 0, 0, 5, 0, 0.3333333333333333, 0, 0, 0, 0, 0, 0, 2.7414965629577637, 0.007439374923706055], [0, 0, 0, 0.013477683067321777, 0, 0, 8, 13, 20, 0, 0, 0, 0, 10, 2, 1, 0, 0, 0, 12, 0, 0.10714285714285714, 0, 0, 0, 0, 0, 0, 9.763266563415527, 6.568731307983398], [0, 0, 0, 0.0017284154891967773, 0, 0, 8, 13, 20, 0, 0, 0, 0, 11, 1, 1, 0, 0, 0, 12, 0, 0.15384615384615385, 0, 0, 0, 0, 0, 0, 13.186655044555664, 0.0009517669677734375], [0, 0, 0, 0.22089305520057678, 0, 0, 8, 3, 10, 0, 0, 0, 0, 1, 1, 3, 0, 0, 0, 2, 0, 0.5, 0, 0, 0, 0, 0, 0, -23.87928009033203, 0.0], [0, 0, 0, 0.004077434539794922, 0, 0, 8, 3, 10, 0, 0, 0, 0, 1, 1, 6, 0, 0, 0, 2, 0, 0.5, 0, 0, 0, 0, 0, 0, -23.87928009033203, 0.0], [0, 0, 0, 0.014520108699798584, 0, 0, 8, 13, 20, 0, 0, 0, 0, 11, 1, 1, 0, 0, 0, 12, 0, 0.09523809523809523, 0, 0, 0, 0, 0, 0, 13.063285827636719, 0.0009059906005859375], [0, 0, 0, 0.14717137813568115, 0, 0, 8, 3, 10, 0, 0, 0, 0, 1, 1, 3, 0, 0, 0, 2, 0, 0.5, 0, 0, 0, 0, 0, 0, -23.87928009033203, 0.0], [0, 0, 0, 0.015558183193206787, 0, 0, 8, 3, 10, 0, 0, 0, 0, 1, 1, 3, 0, 0, 0, 2, 0, 0.5, 0, 0, 0, 0, 0, 0, -23.87928009033203, 0.0], [0, 0, 0, 0.016243964433670044, 0, 0, 8, 13, 20, 0, 0, 0, 0, 11, 1, 1, 0, 0, 0, 12, 0, 0.09523809523809523, 0, 0, 0, 0, 0, 0, 13.063285827636719, 0.0009059906005859375], [0, 0, 0, 0.007958948612213135, 0, 0, 8, 13, 20, 0, 0, 0, 0, 11, 1, 2, 0, 0, 0, 12, 0, 0.5, 0, 0, 0, 0, 0, 0, 7.073911666870117, 0.021590232849121094], [0, 0, 0, 0.01133805513381958, 0, 0, 8, 8, 15, 0, 0, 0, 0, 6, 1, 4, 0, 0, 0, 7, 0, 0.75, 0, 0, 0, 0, 0, 0, 7.784692287445068, 0.0032062530517578125], [0, 0, 0, 0.057835400104522705, 0, 0, 8, 3, 10, 0, 0, 0, 0, 1, 1, 1, 0, 0, 0, 2, 0, 0.5, 0, 0, 0, 0, 0, 0, -23.87928009033203, 0.0], [0, 0, 0, 0.12119168043136597, 0, 0, 8, 3, 10, 0, 0, 0, 0, 1, 1, 4, 0, 0, 0, 2, 0, 0.5, 0, 0, 0, 0, 0, 0, -23.87928009033203, 0.0], [0, 0, 0, 0.07484781742095947, 0, 0, 8, 3, 10, 0, 0, 0, 0, 1, 1, 4, 0, 0, 0, 2, 0, 0.5, 0, 0, 0, 0, 0, 0, -23.87928009033203, 0.0], [0, 0, 0, 0.026767492294311523, 0, 0, 8, 3, 10, 0, 0, 0, 0, 1, 1, 2, 0, 0, 0, 2, 0, 0.5, 0, 0, 0, 0, 0, 0, -23.87928009033203, 0.0], [0, 0, 0, 0.01729924976825714, 0, 0, 8, 13, 20, 0, 0, 0, 0, 11, 1, 3, 0, 0, 0, 12, 0, 0.5714285714285714, 0, 0, 0, 0, 0, 0, 13.201414108276367, 0.0009555816650390625], [0, 0, 0, 0.013941437005996704, 0, 0, 8, 13, 20, 0, 0, 0, 0, 9, 2, 4, 0, 0, 0, 12, 0, 0.5, 0, 0, 0, 0, 0, 0, -0.19427531957626343, 0.0002053976058959961], [0, 0, 0, 0.0016512870788574219, 0, 0, 8, 3, 10, 0, 0, 0, 0, 1, 1, 1, 0, 0, 0, 2, 0, 0.125, 0, 0, 0, 0, 0, 0, -28.607315063476562, 0.0], [0, 0, 0, 0.08692681789398193, 0, 0, 8, 4, 11, 0, 0, 0, 0, 2, 1, 5, 0, 0, 0, 3, 0, 0.6666666666666666, 0, 0, 0, 0, 0, 0, -8.277349472045898, 0.18423843383789062], [0, 0, 0, 0.012406110763549805, 0, 0, 8, 7, 14, 0, 0, 0, 0, 5, 1, 5, 0, 0, 0, 6, 0, 0.6666666666666666, 0, 0, 0, 0, 0, 0, -12.852087020874023, 0.020730018615722656], [0, 0, 0, 0.027427315711975098, 0, 0, 8, 3, 10, 0, 0, 0, 0, 1, 1, 6, 0, 0, 0, 2, 0, 0.75, 0, 0, 0, 0, 0, 0, -23.87928009033203, 0.0], [0, 0, 0, 0.35558030009269714, 0, 0, 8, 3, 10, 0, 0, 0, 0, 1, 1, 3, 0, 0, 0, 2, 0, 0.5, 0, 0, 0, 0, 0, 0, -23.87928009033203, 0.0], [1, 0, 1, 0.26684993505477905, 1, 0, 8, 13, 20, 1, 0, 1, 1, 5, 7, 2, 0, 0, 0, 12, 1, 0.3333333333333333, 0, 0, 0, 0, 0, 0, -4.2623291015625, 12.291471481323242], [1, 0, 1, 0.07879143953323364, 1, 0, 8, 4, 11, 1, 0, 1, 1, 2, 1, 6, 0, 0, 0, 3, 1, 0.6666666666666666, 0, 0, 0, 0, 0, 0, -8.249354362487793, 0.18474102020263672], [1, 0, 1, 0.12587803602218628, 1, 0, 8, 13, 20, 1, 0, 1, 1, 9, 3, 3, 0, 0, 0, 12, 1, 0.5, 0, 0, 0, 0, 0, 0, 6.590954780578613, 8.035444259643555], [1, 0, 0, 0.057835400104522705, 0, 0, 8, 3, 10, 1, 0, 0, 0, 1, 1, 1, 0, 0, 0, 2, 0, 0.5, 0, 0, 0, 0, 0, 0, -23.87928009033203, 0.0], [0, 0, 0, 0.1878470778465271, 0, 0, 8, 3, 10, 0, 0, 0, 0, 1, 1, 2, 0, 0, 0, 2, 0, 0.5, 0, 0, 0, 0, 0, 0, -24.889007568359375, 0.0], [0, 0, 0, 0.34970223903656006, 0, 0, 8, 3, 10, 0, 0, 0, 0, 1, 1, 2, 0, 0, 0, 2, 0, 0.5, 0, 0, 0, 0, 0, 0, -23.87928009033203, 0.0], [0, 0, 0, 0.012514382600784302, 0, 0, 8, 3, 10, 0, 0, 0, 0, 1, 1, 5, 0, 0, 0, 2, 0, 0.6666666666666666, 0, 0, 0, 0, 0, 0, -23.87928009033203, 0.0], [0, 0, 0, 0.04912492632865906, 0, 0, 8, 13, 20, 0, 0, 0, 0, 10, 2, 5, 0, 0, 0, 12, 0, 0.6666666666666666, 0, 0, 0, 0, 0, 0, 9.72668170928955, 6.578610420227051], [0, 0, 0, 0.07172891497612, 0, 0, 8, 3, 10, 0, 0, 0, 0, 1, 1, 4, 0, 0, 0, 2, 0, 0.5, 0, 0, 0, 0, 0, 0, -23.87928009033203, 0.0], [0, 0, 0, 0.021961495280265808, 0, 0, 8, 13, 20, 0, 0, 0, 0, 11, 1, 1, 0, 0, 0, 12, 0, 0.14285714285714285, 0, 0, 0, 0, 0, 0, 13.208202362060547, 0.0009593963623046875], [1, 0, 0, 0.11684238910675049, 0, 0, 8, 12, 19, 1, 0, 0, 0, 7, 4, 1, 0, 0, 0, 11, 0, 0.5, 0, 0, 0, 0, 0, 0, -18.77688217163086, 8.655937194824219], [0, 0, 0, 0.016825556755065918, 0, 0, 8, 4, 11, 0, 0, 0, 0, 2, 1, 1, 0, 0, 0, 3, 0, 0.2857142857142857, 0, 0, 0, 0, 0, 0, -8.277349472045898, 0.18423843383789062], [0, 0, 0, 0.07806247472763062, 0, 0, 8, 13, 20, 0, 0, 0, 0, 10, 2, 5, 0, 0, 0, 12, 0, 0.5, 0, 0, 0, 0, 0, 0, 9.724348068237305, 6.574955940246582], [1, 0, 1, 0.04562801122665405, 1, 1, 8, 3, 10, 1, 0, 0, 0, 1, 1, 4, 0, 0, 0, 2, 1, 0.5, 0, 0, 1, 0, 0, 0, -9.105430603027344, 21.17765998840332], [0, 0, 0, 0.3632583022117615, 0, 0, 8, 3, 10, 0, 0, 0, 0, 1, 1, 3, 0, 0, 0, 2, 0, 0.5, 0, 0, 0, 0, 0, 0, -23.87928009033203, 0.0], [1, 0, 0, 0.015928566455841064, 0, 0, 8, 13, 20, 1, 0, 1, 0, 7, 2, 1, 0, 0, 0, 12, 1, 0.5, 0, 0, 0, 0, 0, 0, -20.296022415161133, 0.000396728515625], [0, 0, 0, 0.015983760356903076, 0, 0, 8, 5, 12, 0, 0, 0, 0, 2, 2, 4, 0, 0, 0, 4, 0, 0.6666666666666666, 0, 0, 0, 0, 0, 0, -8.132547378540039, 19.193313598632812], [0, 0, 0, 0.015172332525253296, 0, 0, 8, 3, 10, 0, 0, 0, 0, 1, 1, 3, 0, 0, 0, 2, 0, 0.5, 0, 0, 0, 0, 0, 0, -23.87928009033203, 0.0], [0, 0, 0, 0.06809890270233154, 0, 0, 8, 6, 13, 0, 0, 0, 0, 4, 1, 4, 0, 0, 0, 5, 0, 0.5, 0, 0, 0, 0, 0, 0, -14.625245094299316, 0.14033794403076172], [0, 0, 0, 0.027427256107330322, 0, 0, 8, 3, 10, 0, 0, 0, 0, 1, 1, 6, 0, 0, 0, 2, 0, 0.75, 0, 0, 0, 0, 0, 0, -23.87928009033203, 0.0], [0, 0, 0, 0.009516537189483643, 0, 0, 8, 13, 20, 0, 0, 0, 0, 11, 1, 2, 0, 0, 0, 12, 0, 0.5, 0, 0, 0, 0, 0, 0, 13.114957809448242, 0.000926971435546875], [0, 0, 0, 0.030897855758666992, 0, 0, 8, 13, 20, 0, 0, 0, 0, 11, 1, 1, 0, 0, 0, 12, 0, 0.024539877300613498, 0, 0, 0, 0, 0, 0, 13.192227363586426, 0.0009508132934570312], [1, 0, 0, 0.03522425889968872, 0, 0, 8, 13, 20, 1, 0, 0, 0, 10, 2, 2, 0, 0, 0, 12, 0, 0.5, 0, 0, 0, 0, 0, 0, 9.801867485046387, 6.571974754333496], [0, 0, 0, 0.03509435057640076, 0, 0, 8, 3, 10, 0, 0, 0, 0, 1, 1, 2, 0, 0, 0, 2, 0, 0.3333333333333333, 0, 0, 0, 0, 0, 0, -23.87928009033203, 0.0], [0, 0, 0, 0.1752406358718872, 0, 0, 8, 3, 10, 0, 0, 0, 0, 1, 1, 4, 0, 0, 0, 2, 0, 0.6666666666666666, 0, 0, 0, 0, 0, 0, -23.87928009033203, 0.0], [0, 0, 0, 0.01459580659866333, 0, 0, 8, 13, 20, 0, 0, 0, 0, 10, 2, 2, 0, 0, 0, 12, 0, 0.5, 0, 0, 0, 0, 0, 0, 9.654510498046875, 6.565716743469238], [0, 0, 0, 0.025494128465652466, 0, 0, 8, 5, 12, 0, 0, 0, 0, 3, 1, 1, 0, 0, 0, 4, 0, 0.5, 0, 0, 0, 0, 0, 0, -1.5134034156799316, 0.013852119445800781], [0, 0, 0, 0.015963733196258545, 0, 0, 8, 10, 17, 0, 0, 0, 0, 8, 1, 3, 0, 0, 0, 9, 0, 0.5, 0, 0, 0, 0, 0, 0, -11.752466201782227, 0.05997753143310547], [0, 0, 1, 0.029548227787017822, 0, 0, 8, 13, 20, 0, 0, 1, 1, 10, 2, 6, 0, 0, 0, 12, 0, 0.6666666666666666, 0, 0, 0, 0, 0, 0, 9.81658935546875, 6.5747294425964355], [0, 0, 0, 0.0860271155834198, 0, 0, 8, 13, 20, 0, 0, 0, 0, 11, 1, 2, 0, 0, 0, 12, 0, 0.3333333333333333, 0, 0, 0, 0, 0, 0, 13.23824691772461, 0.0009679794311523438], [0, 0, 0, 0.12499555945396423, 0, 0, 8, 13, 20, 0, 0, 0, 0, 11, 1, 2, 0, 0, 0, 12, 0, 0.6666666666666666, 0, 0, 0, 0, 0, 0, 13.181447982788086, 0.000949859619140625], [0, 0, 0, 0.02142047882080078, 0, 0, 8, 13, 20, 0, 0, 0, 0, 11, 1, 1, 0, 0, 0, 12, 0, 0.16666666666666666, 0, 0, 0, 0, 0, 0, 13.201414108276367, 0.0009555816650390625], [0, 0, 0, 0.017524003982543945, 0, 0, 8, 13, 20, 0, 0, 0, 0, 10, 2, 2, 0, 0, 0, 12, 0, 0.5, 0, 0, 0, 0, 0, 0, 9.799385070800781, 6.5692901611328125], [0, 0, 0, 0.017535090446472168, 0, 0, 8, 3, 10, 0, 0, 0, 0, 1, 1, 2, 0, 0, 0, 2, 0, 0.5, 0, 0, 0, 0, 0, 0, -23.87928009033203, 0.0], [0, 0, 0, 0.07652944326400757, 0, 0, 8, 5, 12, 0, 0, 0, 0, 3, 1, 4, 0, 0, 0, 4, 0, 0.5, 0, 0, 0, 0, 0, 0, -1.5134034156799316, 0.013852119445800781], [0, 0, 0, 0.010797500610351562, 0, 0, 8, 13, 20, 0, 0, 0, 0, 9, 2, 2, 0, 0, 0, 12, 0, 0.3333333333333333, 0, 0, 0, 0, 0, 0, -0.25341445207595825, 0.004646897315979004], [0, 0, 0, 0.03635001182556152, 0, 0, 8, 13, 20, 0, 0, 1, 0, 11, 1, 1, 0, 0, 0, 12, 0, 0.14285714285714285, 0, 0, 0, 0, 0, 0, 13.23824691772461, 0.0009679794311523438], [0, 0, 0, 0.017938196659088135, 0, 0, 8, 13, 20, 0, 0, 0, 0, 11, 1, 1, 0, 0, 0, 12, 0, 0.09523809523809523, 0, 0, 0, 0, 0, 0, 13.063285827636719, 0.0009059906005859375], [0, 0, 1, 0.015863031148910522, 0, 0, 8, 9, 16, 0, 0, 1, 1, 2, 6, 3, 0, 0, 0, 8, 0, 0.5, 0, 0, 0, 0, 0, 0, -10.023209571838379, 20.42099380493164], [0, 0, 0, 0.0021976232528686523, 0, 0, 8, 5, 12, 0, 0, 0, 0, 3, 1, 4, 0, 0, 0, 4, 0, 0.6666666666666666, 0, 0, 0, 0, 0, 0, -1.5134034156799316, 0.013852119445800781], [0, 0, 0, 0.22997000813484192, 0, 0, 8, 3, 10, 0, 0, 0, 0, 1, 1, 2, 0, 0, 0, 2, 0, 0.4, 0, 0, 0, 0, 0, 0, -23.87928009033203, 0.0], [0, 0, 0, 0.03333500027656555, 0, 0, 8, 3, 10, 0, 0, 0, 0, 1, 1, 2, 0, 0, 0, 2, 0, 0.5, 0, 0, 0, 0, 0, 0, -23.87928009033203, 0.0], [1, 0, 1, 0.006765246391296387, 1, 0, 8, 12, 19, 1, 0, 1, 1, 2, 9, 7, 0, 0, 0, 11, 1, 0.6666666666666666, 0, 0, 0, 0, 0, 0, -24.125768661499023, 21.4036808013916], [0, 0, 0, 0.013129949569702148, 0, 0, 8, 13, 20, 0, 0, 0, 0, 11, 1, 1, 0, 0, 0, 12, 0, 0.09523809523809523, 0, 0, 0, 0, 0, 0, 13.063285827636719, 0.0009059906005859375], [1, 0, 1, 0.08947664499282837, 0, 0, 8, 5, 12, 1, 0, 1, 1, 3, 1, 2, 0, 0, 0, 4, 0, 0.5, 0, 0, 0, 0, 0, 0, -1.4941151142120361, 0.013974666595458984], [0, 0, 0, 0.03929108381271362, 0, 0, 8, 13, 20, 0, 0, 0, 0, 10, 2, 1, 0, 0, 0, 12, 0, 0.024539877300613498, 0, 0, 0, 0, 0, 0, 9.73297119140625, 6.580309867858887], [0, 0, 0, 0.024124085903167725, 0, 0, 8, 3, 10, 0, 0, 0, 0, 1, 1, 2, 0, 0, 0, 2, 0, 0.5, 0, 0, 0, 0, 0, 0, -23.87928009033203, 0.0], [1, 0, 0, 0.06980502605438232, 0, 0, 8, 9, 16, 1, 0, 1, 0, 2, 4, 2, 0, 0, 0, 8, 0, 0.75, 0, 0, 0, 0, 0, 0, -28.264537811279297, 2.520936965942383], [0, 0, 0, 0.07024949789047241, 0, 0, 8, 6, 13, 0, 0, 0, 0, 4, 1, 5, 0, 0, 0, 5, 0, 0.6666666666666666, 0, 0, 0, 0, 0, 0, 2.7414965629577637, 0.007439374923706055], [1, 0, 0, 0.503576010465622, 0, 0, 8, 4, 11, 1, 0, 1, 0, 2, 1, 3, 0, 0, 0, 3, 0, 0.5, 0, 0, 0, 0, 0, 0, -8.249354362487793, 0.18474102020263672], [0, 0, 0, 0.0494532585144043, 0, 0, 8, 6, 13, 0, 0, 0, 0, 4, 1, 2, 0, 0, 0, 5, 0, 0.25, 0, 0, 0, 0, 0, 0, 2.7414965629577637, 0.007439374923706055], [0, 0, 0, 0.002775251865386963, 0, 0, 8, 6, 13, 0, 0, 0, 0, 4, 1, 1, 0, 0, 0, 5, 0, 0.3333333333333333, 0, 0, 0, 0, 0, 0, -6.284523010253906, 15.813867568969727], [0, 0, 0, 0.13465085625648499, 0, 0, 8, 13, 20, 0, 0, 0, 0, 10, 2, 2, 0, 0, 0, 12, 0, 0.6666666666666666, 0, 0, 0, 0, 0, 0, 9.741637229919434, 6.576418399810791], [0, 0, 0, 0.04350757598876953, 0, 0, 8, 12, 19, 0, 0, 1, 1, 10, 1, 1, 0, 0, 0, 11, 0, 0.10714285714285714, 0, 0, 0, 0, 0, 0, -9.493138313293457, 0.009118080139160156], [0, 0, 0, 0.013032019138336182, 0, 0, 8, 9, 16, 0, 0, 0, 0, 7, 1, 1, 0, 0, 0, 8, 0, 0.125, 0, 0, 0, 0, 0, 0, 9.399728775024414, 0.0023479461669921875], [0, 0, 1, 0.11303621530532837, 0, 0, 8, 12, 19, 0, 0, 1, 1, 6, 4, 4, 0, 0, 0, 11, 0, 0.5, 0, 0, 0, 0, 0, 0, -24.368459701538086, 3.7956905364990234], [0, 0, 0, 0.11498203873634338, 0, 0, 8, 4, 11, 0, 0, 0, 0, 2, 1, 3, 0, 0, 0, 3, 0, 0.6666666666666666, 0, 0, 0, 0, 0, 0, -8.277349472045898, 0.18423843383789062], [0, 0, 0, 0.025385111570358276, 0, 0, 8, 9, 16, 0, 0, 0, 0, 7, 1, 3, 0, 0, 0, 8, 0, 0.5, 0, 0, 0, 0, 0, 0, 9.399728775024414, 0.0023479461669921875], [1, 0, 1, 0.0, 1, 1, 8, 3, 10, 1, 0, 0, 0, 1, 1, 5, 0, 0, 0, 2, 0, 0.75, 0, 0, 1, 0, 0, 0, -8.434097290039062, 21.187454223632812], [0, 0, 0, 0.013390004634857178, 0, 0, 8, 13, 20, 0, 0, 0, 0, 11, 1, 3, 0, 0, 0, 12, 0, 0.5, 0, 0, 0, 0, 0, 0, 13.192227363586426, 0.0009508132934570312], [0, 0, 0, 0.05916118621826172, 0, 0, 8, 6, 13, 0, 0, 0, 0, 4, 1, 1, 0, 0, 0, 5, 0, 0.375, 0, 0, 0, 0, 0, 0, -14.625245094299316, 0.14033794403076172], [0, 0, 0, 0.18784701824188232, 0, 0, 8, 3, 10, 0, 0, 0, 0, 1, 1, 2, 0, 0, 0, 2, 0, 0.5, 0, 0, 0, 0, 0, 0, -23.87928009033203, 0.0], [0, 0, 0, 0.007191956043243408, 0, 0, 8, 13, 20, 0, 0, 0, 0, 8, 3, 2, 0, 0, 0, 12, 0, 0.3333333333333333, 0, 0, 0, 0, 0, 0, -3.500890016555786, 1.5559165477752686], [0, 0, 0, 0.1747172474861145, 0, 0, 8, 3, 10, 0, 0, 0, 0, 1, 1, 3, 0, 0, 0, 2, 0, 0.5, 0, 0, 0, 0, 0, 0, -23.87928009033203, 0.0], [0, 0, 0, 0.08407264947891235, 0, 0, 8, 12, 19, 0, 0, 0, 0, 9, 2, 3, 0, 0, 0, 11, 0, 0.5, 0, 0, 0, 0, 0, 0, 8.83178424835205, 7.185259819030762], [0, 0, 0, 0.08162236213684082, 0, 0, 8, 4, 11, 0, 0, 0, 0, 2, 1, 5, 0, 0, 0, 3, 0, 0.6666666666666666, 0, 0, 0, 0, 0, 0, -8.277349472045898, 0.18423843383789062], [1, 0, 1, 0.02817845344543457, 0, 1, 8, 8, 15, 1, 0, 1, 0, 2, 3, 4, 0, 0, 0, 7, 0, 0.9090909090909091, 0, 0, 1, 0, 0, 0, -43.80780029296875, 0.4388771057128906], [0, 0, 0, 0.013014733791351318, 0, 0, 8, 3, 10, 0, 0, 0, 0, 1, 1, 3, 0, 0, 0, 2, 0, 0.3333333333333333, 0, 0, 0, 0, 0, 0, -23.87928009033203, 0.0], [0, 0, 0, 0.01728944480419159, 0, 0, 8, 13, 20, 0, 0, 0, 0, 11, 1, 3, 0, 0, 0, 12, 0, 0.5, 0, 0, 0, 0, 0, 0, 13.223896980285645, 0.0009613037109375], [0, 0, 0, 0.09472638368606567, 0, 0, 8, 12, 19, 0, 0, 0, 0, 8, 3, 3, 0, 0, 0, 11, 0, 0.6666666666666666, 0, 0, 0, 0, 0, 0, 5.387442588806152, 8.814859390258789], [0, 0, 0, 0.0011523962020874023, 0, 0, 8, 6, 13, 0, 0, 0, 0, 4, 1, 3, 0, 0, 0, 5, 0, 0.6666666666666666, 0, 0, 0, 0, 0, 0, 2.7414965629577637, 0.007439374923706055], [1, 0, 1, 0.26684993505477905, 1, 0, 8, 13, 20, 1, 0, 1, 1, 7, 5, 2, 0, 0, 0, 12, 1, 0.3333333333333333, 0, 0, 0, 0, 0, 0, 0.7380099892616272, 10.461808204650879], [0, 0, 0, 0.19044217467308044, 0, 0, 8, 4, 11, 0, 0, 0, 0, 2, 1, 4, 0, 0, 0, 3, 0, 0.5, 0, 0, 0, 0, 0, 0, -8.277349472045898, 0.18423843383789062], [0, 0, 0, 0.12402686476707458, 0, 0, 8, 4, 11, 0, 0, 0, 0, 2, 1, 4, 0, 0, 0, 3, 0, 0.5, 0, 0, 0, 0, 0, 0, -8.277349472045898, 0.18423843383789062], [0, 0, 0, 0.02037668228149414, 0, 0, 8, 13, 20, 0, 0, 0, 0, 10, 2, 2, 0, 0, 0, 12, 0, 0.6666666666666666, 0, 0, 0, 0, 0, 0, 9.763157844543457, 6.571666717529297], [0, 0, 0, 0.3068234324455261, 0, 0, 8, 3, 10, 0, 0, 0, 0, 1, 1, 4, 0, 0, 0, 2, 0, 0.5, 0, 0, 0, 0, 0, 0, -23.87928009033203, 0.0], [0, 0, 0, 0.06855016946792603, 0, 0, 8, 13, 20, 0, 0, 0, 0, 10, 2, 1, 0, 0, 0, 12, 0, 0.5, 0, 0, 0, 0, 0, 0, 9.696736335754395, 6.569043159484863], [0, 0, 0, 0.0006654262542724609, 0, 0, 8, 12, 19, 0, 0, 0, 0, 10, 1, 2, 0, 0, 0, 11, 0, 0.5, 0, 0, 0, 0, 0, 0, -15.312640190124512, 0.006335258483886719], [0, 0, 0, 0.02645552158355713, 0, 0, 8, 13, 20, 0, 0, 0, 0, 11, 1, 2, 0, 0, 0, 12, 0, 0.5, 0, 0, 0, 0, 0, 0, 13.114957809448242, 0.000926971435546875], [0, 0, 0, 0.04464316368103027, 0, 0, 8, 4, 11, 0, 0, 0, 0, 2, 1, 4, 0, 0, 0, 3, 0, 0.75, 0, 0, 0, 0, 0, 0, -8.277349472045898, 0.18423843383789062], [0, 0, 0, 0.11190065741539001, 0, 0, 8, 4, 11, 0, 0, 0, 0, 2, 1, 2, 0, 0, 0, 3, 0, 0.6666666666666666, 0, 0, 0, 0, 0, 0, -8.277349472045898, 0.18423843383789062], [0, 0, 0, 0.11607375741004944, 0, 0, 8, 13, 20, 0, 0, 0, 0, 11, 1, 2, 0, 0, 0, 12, 0, 0.3333333333333333, 0, 0, 0, 0, 0, 0, 13.23824691772461, 0.0009679794311523438], [0, 0, 0, 0.014436125755310059, 0, 0, 8, 13, 20, 0, 0, 0, 0, 11, 1, 1, 0, 0, 0, 12, 0, 0.09523809523809523, 0, 0, 0, 0, 0, 0, 13.063285827636719, 0.0009059906005859375], [0, 0, 0, 0.016701817512512207, 0, 0, 8, 5, 12, 0, 0, 0, 0, 3, 1, 4, 0, 0, 0, 4, 0, 0.5, 0, 0, 0, 0, 0, 0, -1.5134034156799316, 0.013852119445800781], [0, 0, 0, 0.00030881166458129883, 0, 0, 8, 13, 20, 0, 0, 0, 0, 10, 2, 4, 0, 0, 0, 12, 0, 0.6666666666666666, 0, 0, 0, 0, 0, 0, 9.792675018310547, 6.5723676681518555], [0, 0, 0, 0.004278957843780518, 0, 0, 8, 3, 10, 0, 0, 0, 0, 1, 1, 4, 0, 0, 0, 2, 0, 0.5, 0, 0, 0, 0, 0, 0, -23.87928009033203, 0.0], [1, 0, 0, 0.010412335395812988, 0, 0, 8, 4, 11, 1, 0, 0, 0, 2, 1, 5, 0, 0, 0, 3, 0, 0.5, 0, 0, 0, 0, 0, 0, -8.277349472045898, 0.18423843383789062], [0, 0, 0, 0.015427261590957642, 0, 0, 8, 3, 10, 0, 0, 0, 0, 1, 1, 2, 0, 0, 0, 2, 0, 0.5454545454545454, 0, 0, 0, 0, 0, 0, -23.87928009033203, 0.0], [1, 0, 1, 0.028688251972198486, 1, 0, 8, 4, 11, 1, 0, 1, 1, 2, 1, 1, 0, 0, 0, 3, 1, 0.5, 0, 0, 0, 0, 0, 0, 5.5323567390441895, 26.863191604614258], [1, 0, 1, 0.12257343530654907, 1, 0, 8, 8, 15, 1, 0, 1, 1, 4, 3, 3, 0, 0, 0, 7, 1, 0.5, 0, 0, 0, 0, 0, 0, -2.3532419204711914, 14.070996284484863], [0, 0, 0, 0.3374621272087097, 0, 0, 8, 9, 16, 0, 0, 0, 0, 6, 2, 1, 0, 0, 0, 8, 0, 0.6129032258064516, 0, 0, 0, 0, 0, 0, 4.5409626960754395, 9.998706817626953], [0, 0, 0, 0.043401628732681274, 0, 0, 8, 13, 20, 0, 0, 0, 0, 11, 1, 1, 0, 0, 0, 12, 0, 0.024539877300613498, 0, 0, 0, 0, 0, 0, 13.128188133239746, 0.0009326934814453125], [0, 0, 0, 0.0325702428817749, 0, 0, 8, 5, 12, 0, 0, 0, 0, 3, 1, 3, 0, 0, 0, 4, 0, 0.5, 0, 0, 0, 0, 0, 0, -1.5134034156799316, 0.013852119445800781], [0, 0, 0, 0.029699712991714478, 0, 0, 8, 7, 14, 0, 0, 1, 0, 5, 1, 5, 0, 0, 0, 6, 0, 0.6666666666666666, 0, 0, 0, 0, 0, 0, 5.671837329864502, 0.004688739776611328], [0, 0, 0, 0.17445039749145508, 0, 0, 8, 3, 10, 0, 0, 0, 0, 1, 1, 1, 0, 0, 0, 2, 0, 0.5, 0, 0, 0, 0, 0, 0, -23.87928009033203, 0.0], [0, 0, 0, 0.041052013635635376, 0, 0, 8, 4, 11, 0, 0, 0, 0, 2, 1, 1, 0, 0, 0, 3, 0, 0.2222222222222222, 0, 0, 0, 0, 0, 0, -10.123412132263184, 0.19946670532226562], [0, 0, 0, 0.048098206520080566, 0, 0, 8, 13, 20, 0, 0, 0, 0, 11, 1, 1, 0, 0, 0, 12, 0, 0.5, 0, 0, 0, 0, 0, 0, 13.192227363586426, 0.0009508132934570312], [0, 0, 0, 0.038072049617767334, 0, 0, 8, 5, 12, 0, 0, 0, 0, 2, 2, 3, 0, 0, 0, 4, 0, 0.3333333333333333, 0, 0, 0, 0, 0, 0, -9.440823554992676, 24.18146514892578], [0, 0, 0, 0.013584256172180176, 0, 0, 8, 5, 12, 0, 0, 0, 0, 3, 1, 3, 0, 0, 0, 4, 0, 0.5, 0, 0, 0, 0, 0, 0, -1.5134034156799316, 0.013852119445800781], [0, 0, 0, 0.011940181255340576, 0, 0, 8, 13, 20, 0, 0, 0, 0, 11, 1, 1, 0, 0, 0, 12, 0, 0.09523809523809523, 0, 0, 0, 0, 0, 0, 13.063285827636719, 0.0009059906005859375], [0, 0, 0, 0.011940181255340576, 0, 0, 8, 13, 20, 0, 0, 0, 0, 11, 1, 1, 0, 0, 0, 12, 0, 0.09523809523809523, 0, 0, 0, 0, 0, 0, 13.063285827636719, 0.0009059906005859375], [0, 0, 0, 0.027804136276245117, 0, 0, 8, 8, 15, 0, 0, 0, 0, 6, 1, 1, 0, 0, 0, 7, 0, 0.07692307692307693, 0, 0, 0, 0, 0, 0, -10.66734790802002, 0.01620197296142578], [0, 0, 0, 0.012348949909210205, 0, 0, 8, 7, 14, 0, 0, 0, 0, 5, 1, 3, 0, 0, 0, 6, 0, 0.5, 0, 0, 0, 0, 0, 0, 5.660093307495117, 0.004659175872802734], [0, 0, 0, 0.0647847056388855, 0, 0, 8, 3, 10, 0, 0, 0, 0, 1, 1, 4, 0, 0, 0, 2, 0, 0.5, 0, 0, 0, 0, 0, 0, -23.87928009033203, 0.0], [0, 0, 0, 0.06713396310806274, 0, 0, 8, 5, 12, 0, 0, 0, 0, 3, 1, 5, 0, 0, 0, 4, 0, 0.75, 0, 0, 0, 0, 0, 0, -1.5134034156799316, 0.013852119445800781], [0, 0, 0, 0.2840151786804199, 0, 0, 8, 13, 20, 0, 0, 0, 0, 8, 4, 3, 0, 0, 0, 12, 0, 0.5, 0, 0, 0, 0, 0, 0, 3.5767617225646973, 9.290987014770508], [0, 0, 0, 0.004108905792236328, 0, 0, 8, 13, 20, 0, 0, 0, 0, 11, 1, 2, 0, 0, 0, 12, 0, 0.25, 0, 0, 0, 0, 0, 0, 16.435792922973633, 12.635396957397461], [0, 0, 0, 0.1157880425453186, 0, 0, 8, 3, 10, 0, 0, 0, 0, 1, 1, 3, 0, 0, 0, 2, 0, 0.6666666666666666, 0, 0, 0, 0, 0, 0, -23.87928009033203, 0.0], [0, 0, 0, 0.015738099813461304, 0, 0, 8, 13, 20, 0, 0, 0, 0, 11, 1, 1, 0, 0, 0, 12, 0, 0.09523809523809523, 0, 0, 0, 0, 0, 0, 13.063285827636719, 0.0009059906005859375], [0, 0, 0, 0.14027398824691772, 0, 0, 8, 13, 20, 0, 0, 0, 0, 9, 3, 3, 0, 0, 0, 12, 0, 0.6666666666666666, 0, 0, 0, 0, 0, 0, 6.515101909637451, 8.005788803100586], [0, 0, 0, 0.0755038857460022, 0, 0, 8, 11, 18, 0, 0, 0, 0, 9, 1, 1, 0, 0, 0, 10, 0, 0.5, 0, 0, 0, 0, 0, 0, -5.911988735198975, 12.131954193115234], [1, 0, 1, 0.09470215439796448, 0, 0, 8, 4, 11, 1, 0, 1, 1, 2, 1, 4, 0, 0, 0, 3, 0, 0.5, 0, 0, 0, 0, 0, 0, -8.249354362487793, 0.18474102020263672], [0, 0, 0, 0.09261137247085571, 0, 0, 8, 12, 19, 0, 0, 0, 0, 9, 2, 2, 0, 0, 0, 11, 0, 0.5, 0, 0, 0, 0, 0, 0, 8.83178424835205, 7.185259819030762], [0, 0, 0, 0.03722098469734192, 0, 0, 8, 12, 19, 0, 0, 0, 0, 10, 1, 1, 0, 0, 0, 11, 0, 0.024539877300613498, 0, 0, 0, 0, 0, 0, -9.503063201904297, 0.009121894836425781]], "_pair": []}
{
  "overall": "DERIVATION_NO",
  "gates": {
    "G_arc_enc_frozen": true,
    "G_ink_verified": true,
    "G_task_exists": true,
    "G_exact_algebra_matches_tape": true,
    "G_lookup_beats_floor": false,
    "G_lookup_beats_counts_paired": false,
    "G_lookup_beats_retrieval_paired": false,
    "G_phi_orders_negatives": false
  },
  "lookup": {},
  "paired": {
    "model_only_right": 0,
    "rival_only_right": 0,
    "discordant": 0,
    "mcnemar_z": NaN
  },
  "ladder": {
    "n_questions": 0,
    "pairs": 0,
    "concordant": 0,
    "ties_excluded": 0,
    "import_budget_zero_rate": 0.0,
    "import_budget_mean": 0.0,
    "concordance": NaN,
    "z_vs_half": NaN,
    "mean_phi": {
      "true": NaN,
      "near": NaN,
      "middle": NaN,
      "far": NaN
    }
  }
}
