Stage289 derivation start 2026-08-15T00:04:56.303425+00:00 device=cpu holdout=corpus
  corpus data\_wikitext103_train.txt
  lines: train 7324, eval 3139 (the probe reserves ANCHORS, not lines - see `reserved`)
  word rule matches stage194: True  (rule=ascii, fp=hash, ink=mean)
  hash ink deterministic and digest-faithful: True  {'anagram_cos': -0.0135, 'perm_fixed_points': 1}
  tape: 1500 addresses, 6245 slots | questions {"reach": 2000, "count": 1156} | params 5633
  node vector 9 wide, matches the body
  ladder coverage: 0/0 lookup questions have all three rungs; the rest train on the task term alone
  probe pack: 2832 reserved addresses (18s to build)
  probe tape: 60 lookup questions, never trained on; 0 graphs cached (1 view(s)/question) in 0s
  probe eval: 2.24s x 4 = 0.1 min added to this run
  step 500/4000 train=0.9949 probe=nan
  step 1000/4000 train=0.9992 probe=0.9922
  step 1500/4000 train=0.9973 probe=0.9922
  step 2000/4000 train=0.9974 probe=0.9921
  step 2500/4000 train=1.0000 probe=0.9921
  step 3000/4000 train=0.9858 probe=0.9923
  step 3500/4000 train=0.9796 probe=0.9923
  step 4000/4000 train=0.9872 probe=0.9921
  early stop: restored step 4000 (probe 0.9921) of 4000
  REACH {"rival_threshold": 2.0, "places": 8, "cands_cap": 8, "no_refuse": true, "lookahead": true, "frame_fp": "fillers", "import": "walk", "home_cos": false, "line_step": false, "confirm": false, "conf_window": 0, "home_cos_stage": "both", "gamma": 1.0, "equal_tails": false, "stage2_always": 0.0, "depth": 1, "compass": "cos", "held_out": {"n": 2000, "reachable_rate": 0.022, "mean_candidates": 8.0, "reachable_wide": 0.022, "reachable_random": 0.0125, "random_floor": 0.125, "payoff_mind": -0.994075, "payoff_rival": 0.9945, "always_silent": 0.9945, "found_rate": 0.11363636363636363, "rival_found_rate": 0.18181818181818182, "correct_silence": 0.0, "false_silence": 0.0, "false_silence_after_step": 0.0, "step_rate": 0.0015, "own_hit_rate": 0.01, "own_rival_hit_rate": 0.0015, "own_paired": {"n": 20, "mind_only": 2, "rival_only": 2, "both": 1, "neither": 15, "mcnemar_z": 0.0}, "own_rival_of_own": 0.15, "hit_of_own": 0.15, "ceiling": 0.026, "walk_only_arrive": 0.09375, "walk_only_pick": {"n": 3, "mind": 3, "rival": 0, "count_rival": 0, "count_rival_rate": 0.0, "vs_count_mind_only": 3, "vs_count_rival_only": 0, "vs_count_z": 1.7320508075688774, "hit_rate": 1.0, "rival_rate": 0.0, "mind_only": 3, "rival_only": 0, "mcnemar_z": 1.7320508075688774}, "walk_only_rate": 0.016, "hit_of_walk_only": 0.09375, "count_rival_of_walk_only": 0.125, "count_rival_hit_rate": 0.007, "deep_rate": 0.0, "deep_only_rate": 0.0, "hit_of_deep_only": NaN, "hit_of_deep": NaN, "hit_of_depth1": 1.0, "bisect": null, "rival_of_walk_only": 0.03125, "walk_only_paired": {"n": 32, "mind_only": 3, "rival_only": 1, "both": 0, "neither": 28, "mcnemar_z": 1.0, "stepped": 3}, "cand_places": 3.6805, "line_reach_rate": 0.0, "step_line_rate": 0.0, "line_only_rate": 0.0, "line_only_paired": {"n": 0, "mind_only": 0, "rival_only": 0, "mcnemar_z": NaN}, "steps_on_walk_only": 1.0, "router": {"n_stepped": 3, "mind_enrichment": 62.5, "count_enrichment": 0.0, "share_enrichment": 0.0, "top_share_when_stepped": 0.5, "top_share_when_not": 0.4950611473032674, "n_own_when_stepped": 1.0, "n_own_when_not": 5.388582874311467}, "hit_rate": 0.003, "rival_hit_rate": 0.006, "world_rows_own": 6.432, "world_rows_candidate": 7.432, "world_rows_expand": 14.432, "world_rows_expand_when_stepped": 10.0, "world_rows_expand_when_not": 14.43865798698047, "step_vs_size_r": -0.040346315020331876, "found_where_rival_missed": 4, "missed_where_rival_found": 7, "paired_payoff": {"mind_better": 5, "rival_better": 1994, "discordant": 1999, "mcnemar_z": -44.48651509179502, "max_achievable_z": 44.710177812216315, "underpowered": false}}, "train_control": {"n": 2000, "reachable_rate": 0.016, "mean_candidates": 7.998, "reachable_wide": 0.016, "reachable_random": 0.0165, "random_floor": 0.12503571428571428, "payoff_mind": -0.999, "payoff_rival": 0.996, "always_silent": 0.996, "found_rate": 0.03125, "rival_found_rate": 0.0625, "correct_silence": 0.0, "false_silence": 0.0, "false_silence_after_step": 0.0, "step_rate": 0.0, "own_hit_rate": 0.013, "own_rival_hit_rate": 0.002, "own_paired": {"n": 26, "mind_only": 1, "rival_only": 4, "both": 0, "neither": 21, "mcnemar_z": -1.3416407864998738}, "own_rival_of_own": 0.15384615384615385, "hit_of_own": 0.038461538461538464, "ceiling": 0.023, "walk_only_arrive": 0.0, "walk_only_pick": {"n": 0, "mind": 0, "rival": 0, "count_rival": 0, "count_rival_rate": NaN, "vs_count_mind_only": 0, "vs_count_rival_only": 0, "vs_count_z": NaN, "hit_rate": NaN, "rival_rate": NaN, "mind_only": 0, "rival_only": 0, "mcnemar_z": NaN}, "walk_only_rate": 0.01, "hit_of_walk_only": 0.0, "count_rival_of_walk_only": 0.1, "count_rival_hit_rate": 0.002, "deep_rate": 0.0, "deep_only_rate": 0.0, "hit_of_deep_only": NaN, "hit_of_deep": NaN, "hit_of_depth1": NaN, "bisect": null, "rival_of_walk_only": 0.05, "walk_only_paired": {"n": 20, "mind_only": 0, "rival_only": 1, "both": 0, "neither": 19, "mcnemar_z": -1.0, "stepped": 0}, "cand_places": 3.564, "line_reach_rate": 0.0, "step_line_rate": 0.0, "line_only_rate": 0.0, "line_only_paired": {"n": 0, "mind_only": 0, "rival_only": 0, "mcnemar_z": NaN}, "steps_on_walk_only": 0.0, "router": {"n_stepped": 0, "mind_enrichment": NaN, "count_enrichment": NaN, "share_enrichment": NaN, "top_share_when_stepped": 0.0, "top_share_when_not": 0.4235814202245127, "n_own_when_stepped": 0.0, "n_own_when_not": 5.78}, "hit_rate": 0.0005, "rival_hit_rate": 0.002, "world_rows_own": 6.8175, "world_rows_candidate": 7.8175, "world_rows_expand": 14.8155, "world_rows_expand_when_stepped": 0.0, "world_rows_expand_when_not": 14.8155, "step_vs_size_r": NaN, "found_where_rival_missed": 1, "missed_where_rival_found": 2, "paired_payoff": {"mind_better": 1, "rival_better": 1999, "discordant": 2000, "mcnemar_z": -44.67663819044579, "max_achievable_z": 44.721359549995796, "underpowered": false}}}
  HELD {"count": {"n": 1190, "model_accuracy": 1.0, "rival_accuracy": 1.0, "random_floor": 0.19999999999999582}, "lookup_paired_vs_rival": {"model_only_right": 0, "rival_only_right": 0, "discordant": 0, "mcnemar_z": NaN}, "lookup_paired_vs_rival_cos": {"n": 0, "model_only_right": 0, "rival_only_right": 0, "discordant": 0, "mcnemar_z": NaN, "max_achievable_z": 0.0, "underpowered": true}, "lookup_paired_vs_rival_cos_by_margin": {"median_margin": NaN, "low_margin": {"n": 0, "model_only_right": 0, "rival_only_right": 0, "discordant": 0, "mcnemar_z": NaN, "max_achievable_z": 0.0, "underpowered": true}, "high_margin": {"n": 0, "model_only_right": 0, "rival_only_right": 0, "discordant": 0, "mcnemar_z": NaN, "max_achievable_z": 0.0, "underpowered": true}}, "ladder": {"n_questions": 0, "pairs": 0, "concordant": 0, "ties_excluded": 0, "import_budget_zero_rate": 0.0, "import_budget_mean": 0.0, "concordance": NaN, "z_vs_half": NaN, "mean_phi": {"true": NaN, "near": NaN, "middle": NaN, "far": NaN}}, "exact_mismatches": 0, "confusion": {"count|1->1": 2, "count|2->2": 681, "count|3->3": 204, "count|4->4": 99, "count|5+->5+": 204}, "_mixed": [], "_reach": [[0, 0, 0, 0.027933061122894287, 0, 0, 8, 13, 20, 0, 0, 0, 0, 11, 1, 6, 0, 0, 0, 12, 0, 0.6666666666666666, 0, 0, 0, 0], [0, 0, 0, 0.005330502986907959, 0, 0, 8, 8, 15, 0, 0, 0, 0, 6, 1, 5, 0, 0, 0, 7, 0, 0.5, 0, 0, 0, 0], [0, 0, 0, 0.005060791969299316, 0, 0, 8, 13, 20, 0, 0, 0, 0, 11, 1, 1, 0, 0, 0, 12, 0, 0.16666666666666666, 0, 0, 0, 0], [0, 0, 0, 0.0011765360832214355, 0, 0, 8, 13, 20, 0, 0, 0, 0, 9, 2, 2, 0, 0, 0, 12, 0, 0.5, 0, 0, 0, 0], [0, 0, 0, 0.07822364568710327, 0, 0, 8, 13, 20, 0, 0, 0, 0, 11, 1, 1, 0, 0, 0, 12, 0, 0.05, 0, 0, 0, 0], [0, 0, 0, 0.04298719763755798, 0, 0, 8, 13, 20, 0, 0, 0, 0, 10, 2, 1, 0, 0, 0, 12, 0, 0.018404907975460124, 0, 0, 0, 0], [0, 0, 0, 0.006637394428253174, 0, 0, 8, 3, 10, 0, 0, 0, 0, 1, 1, 6, 0, 0, 0, 2, 0, 0.5, 0, 0, 0, 0], [0, 0, 0, 0.02332514524459839, 0, 0, 8, 9, 16, 0, 0, 0, 0, 7, 1, 3, 0, 0, 0, 8, 0, 0.5, 0, 0, 0, 0], [0, 0, 0, 0.017245173454284668, 0, 0, 8, 13, 20, 0, 0, 0, 0, 11, 1, 4, 0, 0, 0, 12, 0, 0.5, 0, 0, 0, 0], [0, 0, 0, 0.18113455176353455, 0, 0, 8, 3, 10, 0, 0, 0, 0, 1, 1, 3, 0, 0, 0, 2, 0, 0.5, 0, 0, 0, 0], [0, 0, 0, 0.008022502064704895, 0, 0, 8, 6, 13, 0, 0, 0, 0, 4, 1, 3, 0, 0, 0, 5, 0, 0.5, 0, 0, 0, 0], [0, 0, 0, 0.020831763744354248, 0, 0, 8, 13, 20, 0, 0, 0, 0, 11, 1, 4, 0, 0, 0, 12, 0, 0.6666666666666666, 0, 0, 0, 0], [0, 0, 0, 0.038726806640625, 0, 0, 8, 12, 19, 0, 0, 0, 0, 10, 1, 4, 0, 0, 0, 11, 0, 1.0, 0, 0, 0, 0], [0, 0, 0, 0.07310247421264648, 0, 0, 8, 7, 14, 0, 0, 0, 0, 5, 1, 5, 0, 0, 0, 6, 0, 0.5, 0, 0, 0, 0], [0, 0, 0, 0.028064846992492676, 0, 0, 8, 13, 20, 0, 0, 0, 0, 11, 1, 1, 0, 0, 0, 12, 0, 0.018404907975460124, 0, 0, 0, 0], [0, 0, 0, 0.21416610479354858, 0, 0, 8, 3, 10, 0, 0, 0, 0, 1, 1, 2, 0, 0, 0, 2, 0, 0.3333333333333333, 0, 0, 0, 0], [0, 0, 0, 0.013449490070343018, 0, 0, 8, 13, 20, 0, 0, 0, 0, 11, 1, 4, 0, 0, 0, 12, 0, 0.5, 0, 0, 0, 0], [0, 0, 0, 0.015343278646469116, 0, 0, 8, 13, 20, 0, 0, 0, 0, 11, 1, 4, 0, 0, 0, 12, 0, 0.5, 0, 0, 0, 0], [0, 0, 0, 0.023971378803253174, 0, 0, 8, 13, 20, 0, 0, 0, 0, 11, 1, 3, 0, 0, 0, 12, 0, 0.5, 0, 0, 0, 0], [0, 0, 0, 0.035515427589416504, 0, 0, 8, 13, 20, 0, 0, 0, 0, 9, 3, 2, 0, 0, 0, 12, 0, 0.5, 0, 0, 0, 0], [0, 0, 0, 0.0720403790473938, 0, 0, 8, 6, 13, 0, 0, 0, 0, 4, 1, 4, 0, 0, 0, 5, 0, 0.5, 0, 0, 0, 0], [0, 0, 0, 0.00862187147140503, 0, 0, 8, 13, 20, 0, 0, 0, 0, 11, 1, 1, 0, 0, 0, 12, 0, 0.07692307692307693, 0, 0, 0, 0], [0, 0, 0, 0.0011959671974182129, 0, 0, 8, 4, 11, 0, 0, 0, 0, 2, 1, 4, 0, 0, 0, 3, 0, 0.5, 0, 0, 0, 0], [0, 0, 0, 0.029959499835968018, 0, 0, 8, 4, 11, 0, 0, 0, 0, 2, 1, 4, 0, 0, 0, 3, 0, 0.5, 0, 0, 0, 0], [0, 0, 0, 0.006021440029144287, 0, 0, 8, 3, 10, 0, 0, 0, 0, 1, 1, 7, 0, 0, 0, 2, 0, 0.5, 0, 0, 0, 0], [0, 0, 0, 0.07373970746994019, 0, 0, 8, 4, 11, 0, 0, 0, 0, 2, 1, 5, 0, 0, 0, 3, 0, 0.6666666666666666, 0, 0, 0, 0], [0, 0, 0, 0.005328655242919922, 0, 0, 8, 6, 13, 0, 0, 0, 0, 4, 1, 3, 0, 0, 0, 5, 0, 0.5, 0, 0, 0, 0], [0, 0, 0, 0.009628623723983765, 0, 0, 8, 6, 13, 0, 0, 0, 0, 4, 1, 6, 0, 0, 0, 5, 0, 0.5, 0, 0, 0, 0], [0, 0, 0, 0.00891450047492981, 0, 0, 8, 13, 20, 0, 0, 0, 0, 11, 1, 1, 0, 0, 0, 12, 0, 0.25, 0, 0, 0, 0], [0, 0, 0, 0.08711886405944824, 0, 0, 8, 11, 18, 0, 0, 0, 0, 9, 1, 4, 0, 0, 0, 10, 0, 0.5, 0, 0, 0, 0], [0, 0, 0, 0.093441903591156, 0, 0, 8, 13, 20, 0, 0, 0, 0, 11, 1, 1, 0, 0, 0, 12, 0, 0.05, 0, 0, 0, 0], [0, 0, 0, 0.006017088890075684, 0, 0, 8, 3, 10, 0, 0, 0, 0, 1, 1, 7, 0, 0, 0, 2, 0, 0.5, 0, 0, 0, 0], [0, 0, 0, 0.20148658752441406, 0, 0, 8, 3, 10, 0, 0, 0, 0, 1, 1, 3, 0, 0, 0, 2, 0, 0.5, 0, 0, 0, 0], [0, 0, 0, 0.01163482666015625, 0, 0, 8, 13, 20, 0, 0, 0, 0, 11, 1, 1, 0, 0, 0, 12, 0, 0.6666666666666666, 0, 0, 0, 0], [0, 0, 0, 0.05455172061920166, 0, 0, 8, 4, 11, 0, 0, 0, 0, 2, 1, 6, 0, 0, 0, 3, 0, 0.5, 0, 0, 0, 0], [0, 0, 0, 0.15571045875549316, 0, 0, 8, 3, 10, 0, 0, 0, 0, 1, 1, 7, 0, 0, 0, 2, 0, 0.6666666666666666, 0, 0, 0, 0], [0, 0, 0, 0.03903189301490784, 0, 0, 8, 3, 10, 0, 0, 0, 0, 1, 1, 3, 0, 0, 0, 2, 0, 0.5, 0, 0, 0, 0], [0, 0, 0, 0.060961827635765076, 0, 0, 8, 3, 10, 0, 0, 0, 0, 1, 1, 4, 0, 0, 0, 2, 0, 0.5, 0, 0, 0, 0], [0, 0, 0, 0.007088065147399902, 0, 0, 8, 13, 20, 0, 0, 0, 0, 11, 1, 6, 0, 0, 0, 12, 0, 0.5, 0, 0, 0, 0], [0, 0, 0, 0.05473768711090088, 0, 0, 8, 4, 11, 0, 0, 0, 0, 2, 1, 7, 0, 0, 0, 3, 0, 0.5, 0, 0, 0, 0], [0, 0, 0, 0.016517341136932373, 0, 0, 8, 3, 10, 0, 0, 0, 0, 1, 1, 6, 0, 0, 0, 2, 0, 0.5, 0, 0, 0, 0], [0, 0, 0, 0.010097503662109375, 0, 0, 8, 13, 20, 0, 0, 0, 0, 11, 1, 1, 0, 0, 0, 12, 0, 0.6666666666666666, 0, 0, 0, 0], [0, 0, 0, 0.0331876277923584, 0, 0, 8, 13, 20, 0, 0, 0, 0, 11, 1, 1, 0, 0, 0, 12, 0, 0.07142857142857142, 0, 0, 0, 0], [0, 0, 0, 0.02040266990661621, 0, 0, 8, 13, 20, 0, 0, 0, 0, 11, 1, 1, 0, 0, 0, 12, 0, 0.6666666666666666, 0, 0, 0, 0], [0, 0, 0, 0.006017088890075684, 0, 0, 8, 3, 10, 0, 0, 0, 0, 1, 1, 7, 0, 0, 0, 2, 0, 0.5, 0, 0, 0, 0], [0, 0, 0, 0.023196548223495483, 0, 0, 8, 3, 10, 0, 0, 0, 0, 1, 1, 4, 0, 0, 0, 2, 0, 0.5, 0, 0, 0, 0], [0, 0, 0, 0.02631068229675293, 0, 0, 8, 13, 20, 0, 0, 0, 0, 11, 1, 1, 0, 0, 0, 12, 0, 0.25, 0, 0, 0, 0], [0, 0, 0, 0.02723202109336853, 0, 0, 8, 13, 20, 0, 0, 0, 0, 11, 1, 3, 0, 0, 0, 12, 0, 1.0, 0, 0, 0, 0], [0, 0, 0, 0.4539725333452225, 0, 0, 8, 3, 10, 0, 0, 0, 0, 1, 1, 2, 0, 0, 0, 2, 0, 0.5, 0, 0, 0, 0], [0, 0, 0, 0.048517704010009766, 0, 0, 8, 13, 20, 0, 0, 0, 0, 11, 1, 1, 0, 0, 0, 12, 0, 0.03225806451612903, 0, 0, 0, 0], [0, 0, 0, 0.04458743333816528, 0, 0, 8, 13, 20, 0, 0, 0, 0, 11, 1, 5, 0, 0, 0, 12, 0, 0.5, 0, 0, 0, 0], [0, 0, 0, 0.018172025680541992, 0, 0, 8, 3, 10, 0, 0, 0, 0, 1, 1, 6, 0, 0, 0, 2, 0, 0.5, 0, 0, 0, 0], [0, 0, 0, 0.11319172382354736, 0, 0, 8, 13, 20, 0, 0, 0, 0, 10, 2, 6, 0, 0, 0, 12, 0, 0.6666666666666666, 0, 0, 0, 0], [0, 0, 0, 0.0222853422164917, 0, 0, 8, 11, 18, 0, 0, 0, 0, 9, 1, 6, 0, 0, 0, 10, 0, 0.5, 0, 0, 0, 0], [0, 0, 0, 0.007205605506896973, 0, 0, 8, 3, 10, 0, 0, 0, 0, 1, 1, 7, 0, 0, 0, 2, 0, 0.5, 0, 0, 0, 0], [0, 0, 0, 0.008547484874725342, 0, 0, 8, 13, 20, 0, 0, 0, 0, 11, 1, 1, 0, 0, 0, 12, 0, 0.018404907975460124, 0, 0, 0, 0], [0, 0, 0, 0.03381124138832092, 0, 0, 8, 5, 12, 0, 0, 0, 0, 3, 1, 5, 0, 0, 0, 4, 0, 0.5, 0, 0, 0, 0], [0, 0, 0, 0.02888423204421997, 0, 0, 8, 8, 15, 0, 0, 0, 0, 6, 1, 2, 0, 0, 0, 7, 0, 0.5, 0, 0, 0, 0], [0, 0, 0, 0.01890188455581665, 0, 0, 8, 4, 11, 0, 0, 0, 0, 2, 1, 4, 0, 0, 0, 3, 0, 0.5, 0, 0, 0, 0], [0, 0, 0, 0.17006558179855347, 0, 0, 8, 3, 10, 0, 0, 0, 0, 1, 1, 4, 0, 0, 0, 2, 0, 1.0, 0, 0, 0, 0], [0, 0, 0, 0.03175520896911621, 0, 0, 8, 3, 10, 0, 0, 0, 0, 1, 1, 3, 0, 0, 0, 2, 0, 0.3333333333333333, 0, 0, 0, 0], [0, 0, 0, 0.01672402024269104, 0, 0, 8, 13, 20, 0, 0, 0, 0, 11, 1, 1, 0, 0, 0, 12, 0, 0.6666666666666666, 0, 0, 0, 0], [0, 0, 0, 0.006138205528259277, 0, 0, 8, 3, 10, 0, 0, 0, 0, 1, 1, 4, 0, 0, 0, 2, 0, 0.5, 0, 0, 0, 0], [0, 0, 0, 0.056018978357315063, 0, 0, 8, 13, 20, 0, 0, 0, 0, 11, 1, 2, 0, 0, 0, 12, 0, 0.5, 0, 0, 0, 0], [0, 0, 0, 0.00328904390335083, 0, 0, 8, 4, 11, 0, 0, 0, 0, 2, 1, 6, 0, 0, 0, 3, 0, 0.5, 0, 0, 0, 0], [0, 0, 0, 0.1800326704978943, 0, 0, 8, 3, 10, 0, 0, 0, 0, 1, 1, 3, 0, 0, 0, 2, 0, 0.5, 0, 0, 0, 0], [0, 0, 0, 0.018333792686462402, 0, 0, 8, 13, 20, 0, 0, 0, 0, 11, 1, 1, 0, 0, 0, 12, 0, 0.06451612903225806, 0, 0, 0, 0], [0, 0, 0, 0.06604114174842834, 0, 0, 8, 13, 20, 0, 0, 0, 0, 11, 1, 2, 0, 0, 0, 12, 0, 0.5, 0, 0, 0, 0], [0, 0, 0, 0.010078996419906616, 0, 0, 8, 6, 13, 0, 0, 0, 0, 4, 1, 6, 0, 0, 0, 5, 0, 0.5, 0, 0, 0, 0], [0, 0, 0, 0.005876034498214722, 0, 0, 8, 3, 10, 0, 0, 0, 0, 1, 1, 5, 0, 0, 0, 2, 0, 0.5, 0, 0, 0, 0], [0, 0, 0, 0.016331464052200317, 0, 0, 8, 3, 10, 0, 0, 0, 0, 1, 1, 4, 0, 0, 0, 2, 0, 0.5, 0, 0, 0, 0], [0, 0, 0, 0.04343622922897339, 0, 0, 8, 3, 10, 0, 0, 0, 0, 1, 1, 4, 0, 0, 0, 2, 0, 0.5, 0, 0, 0, 0], [0, 0, 0, 0.003472745418548584, 0, 0, 8, 4, 11, 0, 0, 0, 0, 2, 1, 4, 0, 0, 0, 3, 0, 0.5, 0, 0, 0, 0], [0, 0, 0, 0.0006046146154403687, 0, 0, 8, 3, 10, 0, 0, 0, 0, 1, 1, 2, 0, 0, 0, 2, 0, 0.2, 0, 0, 0, 0], [0, 0, 0, 0.014522045850753784, 0, 0, 8, 7, 14, 0, 0, 0, 0, 5, 1, 4, 0, 0, 0, 6, 0, 0.5, 0, 0, 0, 0], [0, 0, 0, 0.020201683044433594, 0, 0, 8, 3, 10, 0, 0, 0, 0, 1, 1, 7, 0, 0, 0, 2, 0, 0.5, 0, 0, 0, 0], [0, 0, 0, 0.11130672693252563, 0, 0, 8, 7, 14, 0, 0, 0, 0, 5, 1, 5, 0, 0, 0, 6, 0, 0.6666666666666666, 0, 0, 0, 0], [0, 0, 0, 0.009842723608016968, 0, 0, 8, 13, 20, 0, 0, 0, 0, 11, 1, 1, 0, 0, 0, 12, 0, 0.6666666666666666, 0, 0, 0, 0], [0, 0, 0, 0.015178143978118896, 0, 0, 8, 5, 12, 0, 0, 0, 0, 3, 1, 2, 0, 0, 0, 4, 0, 0.5, 0, 0, 0, 0], [0, 0, 0, 0.01302182674407959, 0, 0, 8, 4, 11, 0, 0, 0, 0, 2, 1, 7, 0, 0, 0, 3, 0, 0.5, 0, 0, 0, 0], [0, 0, 0, 0.020776093006134033, 0, 0, 8, 13, 20, 0, 0, 0, 0, 11, 1, 1, 0, 0, 0, 12, 0, 0.6666666666666666, 0, 0, 0, 0], [0, 0, 0, 0.01006627082824707, 0, 0, 8, 13, 20, 0, 0, 0, 0, 11, 1, 7, 0, 0, 0, 12, 0, 0.5, 0, 0, 0, 0], [0, 0, 0, 0.2401711344718933, 0, 0, 8, 5, 12, 0, 0, 0, 0, 3, 1, 4, 0, 0, 0, 4, 0, 0.5, 0, 0, 0, 0], [0, 0, 0, 0.04866975545883179, 0, 0, 8, 13, 20, 0, 0, 0, 0, 11, 1, 5, 0, 0, 0, 12, 0, 0.5, 0, 0, 0, 0], [0, 0, 0, 0.021656617522239685, 0, 0, 8, 3, 10, 0, 0, 0, 0, 1, 1, 2, 0, 0, 0, 2, 0, 0.5, 0, 0, 0, 0], [0, 0, 0, 0.017336606979370117, 0, 0, 8, 3, 10, 0, 0, 0, 0, 1, 1, 5, 0, 0, 0, 2, 0, 0.5, 0, 0, 0, 0], [0, 0, 0, 0.1483725905418396, 0, 0, 8, 5, 12, 0, 0, 0, 0, 3, 1, 6, 0, 0, 0, 4, 0, 0.6666666666666666, 0, 0, 0, 0], [0, 0, 0, 0.06479251384735107, 0, 0, 8, 3, 10, 0, 0, 0, 0, 1, 1, 4, 0, 0, 0, 2, 0, 0.5, 0, 0, 0, 0], [0, 0, 0, 0.004766345024108887, 0, 0, 8, 3, 10, 0, 0, 0, 0, 1, 1, 4, 0, 0, 0, 2, 0, 0.5, 0, 0, 0, 0], [0, 0, 0, 0.3248218297958374, 0, 0, 8, 3, 10, 0, 0, 0, 0, 1, 1, 4, 0, 0, 0, 2, 0, 0.5, 0, 0, 0, 0], [0, 0, 0, 0.036936551332473755, 0, 0, 8, 13, 20, 0, 0, 0, 0, 11, 1, 5, 0, 0, 0, 12, 0, 0.5, 0, 0, 0, 0], [0, 0, 0, 0.027460724115371704, 0, 0, 8, 13, 20, 0, 0, 0, 0, 10, 2, 7, 0, 0, 0, 12, 0, 0.5, 0, 0, 0, 0], [0, 0, 0, 0.001550227403640747, 0, 0, 8, 6, 13, 0, 0, 0, 0, 4, 1, 3, 0, 0, 0, 5, 0, 0.5, 0, 0, 0, 0], [0, 0, 0, 0.010386168956756592, 0, 0, 8, 4, 11, 0, 0, 0, 0, 2, 1, 7, 0, 0, 0, 3, 0, 0.5, 0, 0, 0, 0], [0, 0, 0, 0.038382530212402344, 0, 0, 8, 3, 10, 0, 0, 0, 0, 1, 1, 4, 0, 0, 0, 2, 0, 0.5, 0, 0, 0, 0], [0, 0, 0, 0.02712234854698181, 0, 0, 8, 13, 20, 0, 0, 0, 0, 10, 2, 1, 0, 0, 0, 12, 0, 0.25, 0, 0, 0, 0], [0, 0, 0, 0.06237107515335083, 0, 0, 8, 4, 11, 0, 0, 0, 0, 2, 1, 4, 0, 0, 0, 3, 0, 0.5, 0, 0, 0, 0], [0, 0, 0, 0.03240680694580078, 0, 0, 8, 13, 20, 0, 0, 0, 0, 11, 1, 1, 0, 0, 0, 12, 0, 0.03225806451612903, 0, 0, 0, 0], [0, 0, 0, 0.11445751786231995, 0, 0, 8, 4, 11, 0, 0, 0, 0, 2, 1, 5, 0, 0, 0, 3, 0, 0.5, 0, 0, 0, 0], [0, 0, 0, 0.01950669288635254, 0, 0, 8, 13, 20, 0, 0, 0, 0, 11, 1, 1, 0, 0, 0, 12, 0, 0.25, 0, 0, 0, 0], [0, 0, 0, 0.007908552885055542, 0, 0, 8, 9, 16, 0, 0, 0, 0, 7, 1, 4, 0, 0, 0, 8, 0, 0.6666666666666666, 0, 0, 0, 0], [0, 0, 0, 0.0027059316635131836, 0, 0, 8, 5, 12, 0, 0, 0, 0, 3, 1, 6, 0, 0, 0, 4, 0, 0.5, 0, 0, 0, 0], [0, 0, 0, 0.032513976097106934, 0, 0, 8, 13, 20, 0, 0, 0, 0, 11, 1, 1, 0, 0, 0, 12, 0, 0.03225806451612903, 0, 0, 0, 0], [0, 0, 0, 0.015762358903884888, 0, 0, 8, 13, 20, 0, 0, 0, 0, 11, 1, 1, 0, 0, 0, 12, 0, 0.25, 0, 0, 0, 0], [0, 0, 0, 0.014447271823883057, 0, 0, 8, 3, 10, 0, 0, 0, 0, 1, 1, 3, 0, 0, 0, 2, 0, 0.5, 0, 0, 0, 0], [0, 0, 0, 0.024544894695281982, 0, 0, 8, 4, 11, 0, 0, 0, 0, 2, 1, 4, 0, 0, 0, 3, 0, 0.5, 0, 0, 0, 0], [0, 0, 0, 0.06941798329353333, 0, 0, 8, 13, 20, 0, 0, 0, 0, 10, 2, 5, 0, 0, 0, 12, 0, 0.5, 0, 0, 0, 0], [0, 0, 0, 0.3038150370121002, 0, 0, 8, 3, 10, 0, 0, 0, 0, 1, 1, 4, 0, 0, 0, 2, 0, 0.5, 0, 0, 0, 0], [0, 0, 0, 0.05711567401885986, 0, 0, 8, 3, 10, 0, 0, 0, 0, 1, 1, 7, 0, 0, 0, 2, 0, 0.5, 0, 0, 0, 0], [0, 0, 0, 0.1714816689491272, 0, 0, 8, 10, 17, 0, 0, 0, 0, 8, 1, 6, 0, 0, 0, 9, 0, 0.5, 0, 0, 0, 0], [0, 0, 0, 0.03967243432998657, 0, 0, 8, 6, 13, 0, 0, 0, 0, 4, 1, 3, 0, 0, 0, 5, 0, 0.5, 0, 0, 0, 0], [0, 0, 0, 0.06836557388305664, 0, 0, 8, 3, 10, 0, 0, 0, 0, 1, 1, 3, 0, 0, 0, 2, 0, 0.5, 0, 0, 0, 0], [0, 0, 0, 0.026403307914733887, 0, 0, 8, 3, 10, 0, 0, 0, 0, 1, 1, 6, 0, 0, 0, 2, 0, 0.5, 0, 0, 0, 0], [0, 0, 0, 0.07951435446739197, 0, 0, 8, 12, 19, 0, 0, 0, 0, 9, 2, 7, 0, 0, 0, 11, 0, 0.6666666666666666, 0, 0, 0, 0], [0, 0, 0, 0.0010837316513061523, 0, 0, 8, 5, 12, 0, 0, 0, 0, 3, 1, 4, 0, 0, 0, 4, 0, 0.5, 0, 0, 0, 0], [0, 0, 0, 0.25869065523147583, 0, 0, 8, 4, 11, 0, 0, 0, 0, 2, 1, 7, 0, 0, 0, 3, 0, 0.5, 0, 0, 0, 0], [0, 0, 0, 0.00813707709312439, 0, 0, 8, 13, 20, 0, 0, 0, 0, 11, 1, 1, 0, 0, 0, 12, 0, 0.01639344262295082, 0, 0, 0, 0], [1, 0, 0, 0.02159753441810608, 0, 0, 8, 13, 20, 1, 0, 1, 0, 10, 2, 3, 0, 0, 0, 12, 1, 1.0, 0, 0, 0, 0], [0, 0, 0, 0.0023217499256134033, 0, 0, 8, 5, 12, 0, 0, 0, 0, 3, 1, 6, 0, 0, 0, 4, 0, 0.5, 0, 0, 0, 0], [0, 0, 0, 0.03394535183906555, 0, 0, 8, 13, 20, 0, 0, 0, 0, 11, 1, 1, 0, 0, 0, 12, 0, 0.018404907975460124, 0, 0, 0, 0], [0, 0, 0, 0.0649767816066742, 0, 0, 8, 7, 14, 0, 0, 0, 0, 5, 1, 4, 0, 0, 0, 6, 0, 0.5, 0, 0, 0, 0], [0, 0, 0, 0.01854461431503296, 0, 0, 8, 5, 12, 0, 0, 0, 0, 3, 1, 4, 0, 0, 0, 4, 0, 0.5, 0, 0, 0, 0], [0, 0, 0, 0.02020174264907837, 0, 0, 8, 3, 10, 0, 0, 0, 0, 1, 1, 7, 0, 0, 0, 2, 0, 0.5, 0, 0, 0, 0], [0, 0, 0, 0.012977302074432373, 0, 0, 8, 3, 10, 0, 0, 0, 0, 1, 1, 7, 0, 0, 0, 2, 0, 0.5, 0, 0, 0, 0], [0, 0, 0, 0.008868545293807983, 0, 0, 8, 7, 14, 0, 0, 0, 0, 5, 1, 4, 0, 0, 0, 6, 0, 0.5, 0, 0, 0, 0], [0, 0, 0, 0.027428269386291504, 0, 0, 8, 4, 11, 0, 0, 0, 0, 2, 1, 3, 0, 0, 0, 3, 0, 0.5, 0, 0, 0, 0], [0, 0, 0, 0.07201004028320312, 0, 0, 8, 4, 11, 0, 0, 0, 0, 2, 1, 3, 0, 0, 0, 3, 0, 0.5, 0, 0, 0, 0], [0, 0, 0, 0.04332834482192993, 0, 0, 8, 4, 11, 0, 0, 0, 0, 2, 1, 4, 0, 0, 0, 3, 0, 0.5, 0, 0, 0, 0], [0, 0, 0, 0.01920139789581299, 0, 0, 8, 8, 15, 0, 0, 0, 0, 6, 1, 3, 0, 0, 0, 7, 0, 0.5, 0, 0, 0, 0], [0, 0, 0, 0.037375956773757935, 0, 0, 8, 5, 12, 0, 0, 0, 0, 3, 1, 3, 0, 0, 0, 4, 0, 0.5, 0, 0, 0, 0], [0, 0, 0, 0.12101829051971436, 0, 0, 8, 3, 10, 0, 0, 0, 0, 1, 1, 4, 0, 0, 0, 2, 0, 0.5, 0, 0, 0, 0], [0, 0, 0, 0.020628303289413452, 0, 0, 8, 13, 20, 0, 0, 0, 0, 11, 1, 2, 0, 0, 0, 12, 0, 0.5, 0, 0, 0, 0], [0, 0, 0, 0.008644819259643555, 0, 0, 8, 3, 10, 0, 0, 0, 0, 1, 1, 7, 0, 0, 0, 2, 0, 0.5, 0, 0, 0, 0], [0, 0, 0, 0.011641591787338257, 0, 0, 8, 13, 20, 0, 0, 0, 0, 11, 1, 1, 0, 0, 0, 12, 0, 0.6666666666666666, 0, 0, 0, 0], [0, 0, 0, 0.023442327976226807, 0, 0, 8, 3, 10, 0, 0, 0, 0, 1, 1, 5, 0, 0, 0, 2, 0, 0.5, 0, 0, 0, 0], [0, 0, 0, 0.2658463716506958, 0, 0, 8, 3, 10, 0, 0, 0, 0, 1, 1, 2, 0, 0, 0, 2, 0, 0.3333333333333333, 0, 0, 0, 0], [0, 0, 0, 0.06476402282714844, 0, 0, 8, 4, 11, 0, 0, 0, 0, 2, 1, 6, 0, 0, 0, 3, 0, 0.5, 0, 0, 0, 0], [0, 0, 0, 0.2736378014087677, 0, 0, 8, 3, 10, 0, 0, 0, 0, 1, 1, 3, 0, 0, 0, 2, 0, 0.5, 0, 0, 0, 0], [0, 0, 0, 0.06145036220550537, 0, 0, 8, 7, 14, 0, 0, 0, 0, 5, 1, 6, 0, 0, 0, 6, 0, 1.0, 0, 0, 0, 0], [0, 0, 0, 0.01799967885017395, 0, 0, 8, 6, 13, 0, 0, 0, 0, 4, 1, 4, 0, 0, 0, 5, 0, 0.6666666666666666, 0, 0, 0, 0], [0, 0, 0, 0.013537794351577759, 0, 0, 8, 13, 20, 0, 0, 0, 0, 10, 2, 7, 0, 0, 0, 12, 0, 0.5, 0, 0, 0, 0], [0, 0, 0, 0.01203426718711853, 0, 0, 8, 9, 16, 0, 0, 0, 0, 7, 1, 5, 0, 0, 0, 8, 0, 0.5, 0, 0, 0, 0], [0, 0, 0, 0.01573282480239868, 0, 0, 8, 5, 12, 0, 0, 0, 0, 3, 1, 4, 0, 0, 0, 4, 0, 0.5, 0, 0, 0, 0], [0, 0, 0, 0.008151739835739136, 0, 0, 8, 13, 20, 0, 0, 0, 0, 11, 1, 2, 0, 0, 0, 12, 0, 0.5, 0, 0, 0, 0], [0, 0, 0, 0.040285348892211914, 0, 0, 8, 8, 15, 0, 0, 0, 0, 6, 1, 6, 0, 0, 0, 7, 0, 0.5, 0, 0, 0, 0], [0, 0, 0, 0.014317750930786133, 0, 0, 8, 3, 10, 0, 0, 0, 0, 1, 1, 5, 0, 0, 0, 2, 0, 0.5, 0, 0, 0, 0], [0, 0, 0, 0.01593881845474243, 0, 0, 8, 3, 10, 0, 0, 0, 0, 1, 1, 7, 0, 0, 0, 2, 0, 0.5, 0, 0, 0, 0], [0, 0, 0, 0.10458461940288544, 0, 0, 8, 3, 10, 0, 0, 0, 0, 1, 1, 4, 0, 0, 0, 2, 0, 0.5, 0, 0, 0, 0], [0, 0, 0, 0.04449737071990967, 0, 0, 8, 13, 20, 0, 0, 0, 0, 11, 1, 1, 0, 0, 0, 12, 0, 0.018404907975460124, 0, 0, 0, 0], [0, 0, 0, 0.008409500122070312, 0, 0, 8, 3, 10, 0, 0, 0, 0, 1, 1, 5, 0, 0, 0, 2, 0, 0.5, 0, 0, 0, 0], [0, 0, 0, 0.0010889768600463867, 0, 0, 8, 3, 10, 0, 0, 0, 0, 1, 1, 3, 0, 0, 0, 2, 0, 0.5, 0, 0, 0, 0], [0, 0, 0, 0.08165547251701355, 0, 0, 8, 9, 16, 0, 0, 0, 0, 7, 1, 4, 0, 0, 0, 8, 0, 0.5, 0, 0, 0, 0], [0, 0, 0, 0.025720417499542236, 0, 0, 8, 4, 11, 0, 0, 0, 0, 2, 1, 5, 0, 0, 0, 3, 0, 0.5, 0, 0, 0, 0], [0, 0, 0, 0.0009514689445495605, 0, 0, 8, 13, 20, 0, 0, 0, 0, 11, 1, 6, 0, 0, 0, 12, 0, 0.5, 0, 0, 0, 0], [0, 0, 0, 0.008803904056549072, 0, 0, 8, 9, 16, 0, 0, 0, 0, 7, 1, 3, 0, 0, 0, 8, 0, 0.5, 0, 0, 0, 0], [0, 0, 0, 0.024583101272583008, 0, 0, 8, 6, 13, 0, 1, 0, 0, 4, 1, 2, 0, 0, 0, 5, 0, 1.0, 0, 0, 0, 0], [0, 0, 0, 0.1703537106513977, 0, 0, 8, 5, 12, 0, 0, 0, 0, 3, 1, 5, 0, 0, 0, 4, 0, 0.5, 0, 0, 0, 0], [0, 0, 0, 0.024807661771774292, 0, 0, 8, 13, 20, 0, 0, 0, 0, 10, 2, 2, 0, 0, 0, 12, 0, 0.5, 0, 0, 0, 0], [0, 0, 0, 0.01793491840362549, 0, 0, 8, 3, 10, 0, 0, 0, 0, 1, 1, 5, 0, 0, 0, 2, 0, 0.5, 0, 0, 0, 0], [0, 0, 0, 0.016814827919006348, 0, 0, 8, 3, 10, 0, 0, 0, 0, 1, 1, 4, 0, 0, 0, 2, 0, 0.5, 0, 0, 0, 0], [0, 0, 0, 0.018636703491210938, 0, 0, 8, 4, 11, 0, 0, 0, 0, 2, 1, 4, 0, 0, 0, 3, 0, 0.6666666666666666, 0, 0, 0, 0], [0, 0, 0, 0.011851608753204346, 0, 0, 8, 13, 20, 0, 0, 0, 0, 11, 1, 1, 0, 0, 0, 12, 0, 0.25, 0, 0, 0, 0], [0, 0, 0, 0.03056114912033081, 0, 0, 8, 9, 16, 0, 0, 0, 0, 7, 1, 5, 0, 0, 0, 8, 0, 0.5, 0, 0, 0, 0], [1, 0, 0, 0.005911320447921753, 0, 0, 8, 3, 10, 1, 0, 0, 0, 1, 1, 3, 0, 0, 0, 2, 0, 0.5, 0, 0, 0, 0], [0, 0, 0, 0.014878034591674805, 0, 0, 8, 13, 20, 0, 0, 0, 0, 10, 2, 1, 0, 0, 0, 12, 0, 0.25, 0, 0, 0, 0], [0, 0, 0, 0.00035122036933898926, 0, 0, 8, 3, 10, 0, 0, 0, 0, 1, 1, 5, 0, 0, 0, 2, 0, 0.5, 0, 0, 0, 0], [0, 0, 0, 0.052540749311447144, 0, 0, 8, 8, 15, 0, 0, 0, 0, 6, 1, 4, 0, 0, 0, 7, 0, 0.5, 0, 0, 0, 0], [0, 0, 0, 0.06099200248718262, 0, 0, 8, 4, 11, 0, 0, 0, 0, 2, 1, 5, 0, 0, 0, 3, 0, 1.0, 0, 0, 0, 0], [0, 0, 0, 0.0218697190284729, 0, 0, 8, 6, 13, 0, 0, 0, 0, 4, 1, 2, 0, 0, 0, 5, 0, 0.5, 0, 0, 0, 0], [0, 0, 0, 0.030887901782989502, 0, 0, 8, 6, 13, 0, 0, 0, 0, 4, 1, 5, 0, 0, 0, 5, 0, 0.5, 0, 0, 0, 0], [0, 0, 0, 0.05675238370895386, 0, 0, 8, 3, 10, 0, 0, 0, 0, 1, 1, 7, 0, 0, 0, 2, 0, 0.5, 0, 0, 0, 0], [0, 0, 0, 0.01688230037689209, 0, 0, 8, 3, 10, 0, 0, 0, 0, 1, 1, 3, 0, 0, 0, 2, 0, 0.5, 0, 0, 0, 0], [0, 0, 0, 0.04233473539352417, 0, 0, 8, 5, 12, 0, 0, 0, 0, 3, 1, 5, 0, 0, 0, 4, 0, 0.5, 0, 0, 0, 0], [0, 0, 0, 0.17847096920013428, 0, 0, 8, 4, 11, 0, 0, 0, 0, 2, 1, 4, 0, 0, 0, 3, 0, 0.5, 0, 0, 0, 0], [0, 0, 0, 0.01458922028541565, 0, 0, 8, 13, 20, 0, 0, 0, 0, 11, 1, 1, 0, 0, 0, 12, 0, 0.6666666666666666, 0, 0, 0, 0], [0, 0, 0, 0.022623956203460693, 0, 0, 8, 13, 20, 0, 0, 0, 0, 11, 1, 3, 0, 0, 0, 12, 0, 0.5, 0, 0, 0, 0], [0, 0, 0, 0.11294084787368774, 0, 0, 8, 4, 11, 0, 0, 0, 0, 2, 1, 4, 0, 0, 0, 3, 0, 0.5, 0, 0, 0, 0], [0, 0, 0, 0.006831616163253784, 0, 0, 8, 10, 17, 0, 0, 0, 0, 8, 1, 2, 0, 0, 0, 9, 0, 0.5, 0, 0, 0, 0], [0, 0, 0, 0.0010308921337127686, 0, 0, 8, 13, 20, 0, 0, 0, 0, 11, 1, 2, 0, 0, 0, 12, 0, 0.5, 0, 0, 0, 0], [0, 0, 0, 0.0370277464389801, 0, 0, 8, 3, 10, 0, 0, 0, 0, 1, 1, 3, 0, 0, 0, 2, 0, 0.5, 0, 0, 0, 0], [0, 0, 0, 0.04184657335281372, 0, 0, 8, 6, 13, 0, 0, 0, 0, 4, 1, 2, 0, 0, 0, 5, 0, 0.5, 0, 0, 0, 0], [0, 0, 0, 0.08971995115280151, 0, 0, 8, 3, 10, 0, 0, 0, 0, 1, 1, 3, 0, 0, 0, 2, 0, 0.5, 0, 0, 0, 0], [0, 0, 0, 0.054421961307525635, 0, 0, 8, 13, 20, 0, 0, 0, 0, 11, 1, 5, 0, 0, 0, 12, 0, 0.5, 0, 0, 0, 0], [0, 0, 0, 0.12285786867141724, 0, 0, 8, 3, 10, 0, 0, 0, 0, 1, 1, 7, 0, 0, 0, 2, 0, 0.6666666666666666, 0, 0, 0, 0], [0, 0, 0, 0.023070096969604492, 0, 0, 8, 6, 13, 0, 0, 0, 0, 4, 1, 3, 0, 0, 0, 5, 0, 0.5, 0, 0, 0, 0], [0, 0, 0, 0.03175923228263855, 0, 0, 8, 13, 20, 0, 0, 0, 0, 11, 1, 1, 0, 0, 0, 12, 0, 0.018404907975460124, 0, 0, 0, 0], [1, 0, 0, 0.017018228769302368, 0, 0, 8, 13, 20, 1, 0, 0, 0, 11, 1, 1, 0, 0, 0, 12, 1, 0.018404907975460124, 0, 0, 0, 0], [0, 0, 0, 0.00017002224922180176, 0, 0, 8, 7, 14, 0, 0, 0, 0, 5, 1, 6, 0, 0, 0, 6, 0, 0.5, 0, 0, 0, 0], [0, 0, 0, 0.0203668475151062, 0, 0, 8, 3, 10, 0, 0, 0, 0, 1, 1, 5, 0, 0, 0, 2, 0, 0.5, 0, 0, 0, 0], [0, 0, 0, 0.07172787189483643, 0, 0, 8, 4, 11, 0, 0, 0, 0, 2, 1, 3, 0, 0, 0, 3, 0, 0.3333333333333333, 0, 0, 0, 0], [0, 0, 0, 0.3834472894668579, 0, 0, 8, 3, 10, 0, 0, 0, 0, 1, 1, 4, 0, 0, 0, 2, 0, 0.5, 0, 0, 0, 0], [0, 0, 0, 0.05514448881149292, 0, 0, 8, 5, 12, 0, 0, 0, 0, 3, 1, 4, 0, 0, 0, 4, 0, 0.5, 0, 0, 0, 0], [0, 0, 0, 0.018543124198913574, 0, 0, 8, 3, 10, 0, 0, 0, 0, 1, 1, 3, 0, 0, 0, 2, 0, 0.5, 0, 0, 0, 0], [0, 0, 0, 0.042043209075927734, 0, 0, 8, 6, 13, 0, 0, 0, 0, 4, 1, 4, 0, 0, 0, 5, 0, 0.5, 0, 0, 0, 0], [0, 0, 0, 0.02484792470932007, 0, 0, 8, 8, 15, 0, 0, 0, 0, 6, 1, 5, 0, 0, 0, 7, 0, 0.5, 0, 0, 0, 0], [0, 0, 0, 0.02601376175880432, 0, 0, 8, 13, 20, 0, 0, 0, 0, 11, 1, 6, 0, 0, 0, 12, 0, 0.5, 0, 0, 0, 0], [0, 0, 0, 0.0064408183097839355, 0, 0, 8, 13, 20, 0, 0, 0, 0, 11, 1, 6, 0, 0, 0, 12, 0, 0.5, 0, 0, 0, 0], [0, 0, 0, 0.06668713688850403, 0, 0, 8, 13, 20, 0, 0, 0, 0, 11, 1, 5, 0, 0, 0, 12, 0, 0.5, 0, 0, 0, 0], [0, 0, 0, 0.05675232410430908, 0, 0, 8, 3, 10, 0, 0, 0, 0, 1, 1, 7, 0, 0, 0, 2, 0, 0.5, 0, 0, 0, 0], [0, 0, 0, 0.03958284854888916, 0, 0, 8, 3, 10, 0, 0, 0, 0, 1, 1, 3, 0, 0, 0, 2, 0, 0.5, 0, 0, 0, 0], [0, 0, 0, 0.009464740753173828, 0, 0, 8, 5, 12, 0, 0, 0, 0, 3, 1, 5, 0, 0, 0, 4, 0, 0.5, 0, 0, 0, 0], [1, 0, 1, 0.00883263349533081, 0, 1, 8, 3, 10, 1, 0, 0, 0, 1, 1, 7, 0, 0, 0, 2, 0, 0.5, 0, 0, 1, 0], [0, 0, 0, 0.024733901023864746, 0, 0, 8, 4, 11, 0, 0, 0, 0, 2, 1, 6, 0, 0, 0, 3, 0, 0.5, 0, 0, 0, 0], [0, 0, 0, 0.014309078454971313, 0, 0, 8, 13, 20, 0, 0, 0, 0, 11, 1, 1, 0, 0, 0, 12, 0, 0.6666666666666666, 0, 0, 0, 0], [0, 0, 0, 0.06162622570991516, 0, 0, 8, 13, 20, 0, 0, 0, 0, 11, 1, 3, 0, 0, 0, 12, 0, 0.5, 0, 0, 0, 0], [0, 0, 0, 0.020436257123947144, 0, 0, 8, 13, 20, 0, 0, 0, 0, 11, 1, 4, 0, 0, 0, 12, 0, 0.5, 0, 0, 0, 0], [0, 0, 0, 0.034374773502349854, 0, 0, 8, 13, 20, 0, 0, 0, 0, 11, 1, 1, 0, 0, 0, 12, 0, 0.06451612903225806, 0, 0, 0, 0], [0, 0, 0, 0.19743579626083374, 0, 0, 8, 3, 10, 0, 0, 0, 0, 1, 1, 2, 0, 0, 0, 2, 0, 0.25, 0, 0, 0, 0], [0, 0, 0, 0.027387142181396484, 0, 0, 8, 13, 20, 0, 0, 0, 0, 11, 1, 5, 0, 0, 0, 12, 0, 1.0, 0, 0, 0, 0], [0, 0, 0, 0.030811041593551636, 0, 0, 8, 3, 10, 0, 0, 0, 0, 1, 1, 3, 0, 0, 0, 2, 0, 0.5, 0, 0, 0, 0], [0, 0, 0, 0.03363919258117676, 0, 0, 8, 4, 11, 0, 0, 0, 0, 2, 1, 5, 0, 0, 0, 3, 0, 0.5, 0, 0, 0, 0], [0, 0, 0, 0.009070336818695068, 0, 0, 8, 4, 11, 0, 0, 0, 0, 2, 1, 7, 0, 0, 0, 3, 0, 0.5, 0, 0, 0, 0], [0, 0, 0, 0.09643515944480896, 0, 0, 8, 6, 13, 0, 0, 0, 0, 4, 1, 2, 0, 0, 0, 5, 0, 0.5, 0, 0, 0, 0], [0, 0, 0, 0.05284753441810608, 0, 0, 8, 9, 16, 0, 0, 0, 0, 7, 1, 4, 0, 0, 0, 8, 0, 0.5, 0, 0, 0, 0], [0, 0, 0, 0.09069603681564331, 0, 0, 8, 13, 20, 0, 0, 0, 0, 11, 1, 1, 0, 0, 0, 12, 0, 0.05, 0, 0, 0, 0], [0, 0, 0, 0.020485401153564453, 0, 0, 8, 13, 20, 0, 0, 0, 0, 11, 1, 4, 0, 0, 0, 12, 0, 0.5, 0, 0, 0, 0], [0, 0, 0, 0.05045710504055023, 0, 0, 8, 4, 11, 0, 0, 0, 0, 2, 1, 4, 0, 0, 0, 3, 0, 0.5, 0, 0, 0, 0], [0, 0, 0, 0.007021725177764893, 0, 0, 8, 13, 20, 0, 0, 0, 0, 11, 1, 2, 0, 0, 0, 12, 0, 0.5, 0, 0, 0, 0], [0, 0, 0, 0.018331289291381836, 0, 0, 8, 7, 14, 0, 0, 0, 0, 5, 1, 4, 0, 0, 0, 6, 0, 0.5, 0, 0, 0, 0], [0, 0, 0, 0.00038111209869384766, 0, 0, 8, 10, 17, 0, 0, 0, 0, 8, 1, 5, 0, 0, 0, 9, 0, 0.5, 0, 0, 0, 0], [0, 0, 0, 0.018084228038787842, 0, 0, 8, 13, 20, 0, 0, 0, 0, 10, 2, 2, 0, 0, 0, 12, 0, 0.5, 0, 0, 0, 0], [0, 0, 0, 0.0016653239727020264, 0, 0, 8, 13, 20, 0, 0, 1, 0, 11, 1, 1, 0, 0, 0, 12, 0, 0.0967741935483871, 0, 0, 0, 0], [0, 0, 0, 0.06677043437957764, 0, 0, 8, 4, 11, 0, 0, 0, 0, 2, 1, 3, 0, 0, 0, 3, 0, 0.5, 0, 0, 0, 0], [0, 0, 0, 0.04132083058357239, 0, 0, 8, 13, 20, 0, 0, 0, 0, 11, 1, 1, 0, 0, 0, 12, 0, 0.07142857142857142, 0, 0, 0, 0], [0, 0, 0, 0.024083048105239868, 0, 0, 8, 13, 20, 0, 0, 0, 0, 11, 1, 3, 0, 0, 0, 12, 0, 1.0, 0, 0, 0, 0], [0, 0, 0, 0.10146826505661011, 0, 0, 8, 4, 11, 0, 0, 0, 0, 2, 1, 4, 0, 0, 0, 3, 0, 0.5, 0, 0, 0, 0], [0, 0, 0, 0.012698084115982056, 0, 0, 8, 9, 16, 0, 0, 0, 0, 7, 1, 2, 0, 0, 0, 8, 0, 0.3333333333333333, 0, 0, 0, 0], [0, 0, 0, 0.01967594027519226, 0, 0, 8, 13, 20, 0, 0, 0, 0, 11, 1, 1, 0, 0, 0, 12, 0, 0.6666666666666666, 0, 0, 0, 0], [0, 0, 0, 0.02109590172767639, 0, 0, 8, 3, 10, 0, 1, 0, 0, 1, 1, 4, 0, 0, 0, 2, 0, 0.5, 0, 0, 0, 0], [0, 0, 0, 0.0779649019241333, 0, 0, 8, 4, 11, 0, 0, 0, 0, 2, 1, 7, 0, 0, 0, 3, 0, 0.6666666666666666, 0, 0, 0, 0], [0, 0, 0, 0.009284824132919312, 0, 0, 8, 13, 20, 0, 0, 0, 0, 11, 1, 1, 0, 0, 0, 12, 0, 0.018404907975460124, 0, 0, 0, 0], [0, 0, 0, 0.0034395456314086914, 0, 0, 8, 13, 20, 0, 0, 0, 0, 11, 1, 3, 0, 0, 0, 12, 0, 0.5, 0, 0, 0, 0], [0, 0, 0, 0.043677300214767456, 0, 0, 8, 13, 20, 0, 0, 0, 0, 11, 1, 2, 0, 0, 0, 12, 0, 0.5, 0, 0, 0, 0], [0, 0, 0, 0.012082159519195557, 0, 0, 8, 13, 20, 0, 0, 0, 0, 11, 1, 2, 0, 0, 0, 12, 0, 0.5, 0, 0, 0, 0], [0, 0, 0, 0.014384835958480835, 0, 0, 8, 3, 10, 0, 0, 0, 0, 1, 1, 1, 0, 0, 0, 2, 0, 0.6666666666666666, 0, 0, 0, 0], [0, 0, 0, 0.016167163848876953, 0, 0, 8, 13, 20, 0, 0, 0, 0, 11, 1, 1, 0, 0, 0, 12, 0, 0.25, 0, 0, 0, 0], [0, 0, 0, 0.010927528142929077, 0, 0, 8, 13, 20, 0, 0, 0, 0, 11, 1, 3, 0, 0, 0, 12, 0, 0.5, 0, 0, 0, 0], [0, 0, 0, 0.01646512746810913, 0, 0, 8, 9, 16, 0, 0, 1, 0, 7, 1, 4, 0, 0, 0, 8, 0, 0.5, 0, 0, 0, 0], [0, 0, 0, 0.040962666273117065, 0, 0, 8, 13, 20, 0, 0, 0, 0, 11, 1, 3, 0, 0, 0, 12, 0, 0.5, 0, 0, 0, 0], [0, 0, 0, 0.026880651712417603, 0, 0, 8, 13, 20, 0, 0, 0, 0, 11, 1, 2, 0, 0, 0, 12, 0, 0.5, 0, 0, 0, 0], [0, 0, 0, 0.032945334911346436, 0, 0, 8, 13, 20, 0, 0, 0, 0, 11, 1, 3, 0, 0, 0, 12, 0, 0.5, 0, 0, 0, 0], [0, 0, 0, 0.06442400813102722, 0, 0, 8, 5, 12, 0, 0, 0, 0, 3, 1, 2, 0, 0, 0, 4, 0, 0.25, 0, 0, 0, 0], [0, 0, 0, 0.006070196628570557, 0, 0, 8, 3, 10, 0, 0, 0, 0, 1, 1, 3, 0, 0, 0, 2, 0, 0.5, 0, 0, 0, 0], [0, 0, 0, 0.009758234024047852, 0, 0, 8, 3, 10, 0, 0, 0, 0, 1, 1, 6, 0, 0, 0, 2, 0, 0.5, 0, 0, 0, 0], [0, 0, 0, 0.00020366907119750977, 0, 0, 8, 13, 20, 0, 0, 0, 0, 11, 1, 1, 0, 0, 0, 12, 0, 0.07142857142857142, 0, 0, 0, 0], [0, 0, 0, 0.008185327053070068, 0, 0, 8, 13, 20, 0, 0, 0, 0, 11, 1, 1, 0, 0, 0, 12, 0, 0.5, 0, 0, 0, 0], [0, 0, 0, 0.012013494968414307, 0, 0, 8, 13, 20, 0, 0, 0, 0, 11, 1, 1, 0, 0, 0, 12, 0, 0.16666666666666666, 0, 0, 0, 0], [0, 0, 0, 0.006874203681945801, 0, 0, 8, 13, 20, 0, 0, 0, 0, 11, 1, 2, 0, 0, 0, 12, 0, 0.5, 0, 0, 0, 0], [0, 0, 0, 0.07947906851768494, 0, 0, 8, 5, 12, 0, 0, 0, 0, 3, 1, 3, 0, 0, 0, 4, 0, 0.5, 0, 0, 0, 0], [0, 0, 0, 0.0032630860805511475, 0, 0, 8, 5, 12, 0, 0, 0, 0, 3, 1, 5, 0, 0, 0, 4, 0, 0.5, 0, 0, 0, 0], [0, 0, 0, 0.012355625629425049, 0, 0, 8, 4, 11, 0, 0, 0, 0, 2, 1, 6, 0, 0, 0, 3, 0, 0.5, 0, 0, 0, 0], [0, 0, 0, 0.2255902886390686, 0, 0, 8, 4, 11, 0, 0, 0, 0, 2, 1, 2, 0, 0, 0, 3, 0, 0.5, 0, 0, 0, 0], [0, 0, 0, 0.03731691837310791, 0, 0, 8, 3, 10, 0, 0, 0, 0, 1, 1, 2, 0, 0, 0, 2, 0, 0.5, 0, 0, 0, 0], [0, 0, 0, 0.018598854541778564, 0, 0, 8, 13, 20, 0, 0, 0, 0, 11, 1, 3, 0, 0, 0, 12, 0, 0.3333333333333333, 0, 0, 0, 0], [0, 0, 0, 0.3202801048755646, 0, 0, 8, 3, 10, 0, 0, 0, 0, 1, 1, 3, 0, 0, 0, 2, 0, 0.5, 0, 0, 0, 0], [0, 0, 0, 0.018302083015441895, 0, 0, 8, 13, 20, 0, 0, 0, 0, 11, 1, 4, 0, 0, 0, 12, 0, 0.5, 0, 0, 0, 0], [0, 0, 0, 0.019889801740646362, 0, 0, 8, 13, 20, 0, 0, 0, 0, 10, 2, 1, 0, 0, 0, 12, 0, 0.25, 0, 0, 0, 0], [0, 0, 0, 0.00608709454536438, 0, 0, 8, 5, 12, 0, 0, 0, 0, 3, 1, 4, 0, 0, 0, 4, 0, 0.5, 0, 0, 0, 0], [0, 0, 0, 0.0012453794479370117, 0, 0, 8, 13, 20, 0, 0, 0, 0, 11, 1, 1, 0, 0, 0, 12, 0, 0.06451612903225806, 0, 0, 0, 0], [0, 0, 0, 0.008208513259887695, 0, 0, 8, 3, 10, 0, 0, 0, 0, 1, 1, 4, 0, 0, 0, 2, 0, 0.5, 0, 0, 0, 0], [0, 0, 0, 0.06678634881973267, 0, 0, 8, 13, 20, 0, 0, 0, 0, 10, 2, 2, 0, 0, 0, 12, 0, 0.6666666666666666, 0, 0, 0, 0], [0, 0, 0, 0.036391258239746094, 0, 0, 8, 13, 20, 0, 0, 0, 0, 11, 1, 1, 0, 0, 0, 12, 0, 0.5, 0, 0, 0, 0], [0, 0, 0, 0.09723997116088867, 0, 0, 8, 4, 11, 0, 0, 0, 0, 2, 1, 5, 0, 0, 0, 3, 0, 0.5, 0, 0, 0, 0], [0, 0, 0, 0.009205639362335205, 0, 0, 8, 6, 13, 0, 0, 0, 0, 4, 1, 5, 0, 0, 0, 5, 0, 0.5, 0, 0, 0, 0], [0, 0, 0, 0.02403128147125244, 0, 0, 8, 3, 10, 0, 0, 0, 0, 1, 1, 4, 0, 0, 0, 2, 0, 0.5, 0, 0, 0, 0], [0, 0, 0, 0.12956775724887848, 0, 0, 8, 3, 10, 0, 0, 0, 0, 1, 1, 2, 0, 0, 0, 2, 0, 0.5, 0, 0, 0, 0], [0, 0, 0, 0.01928001642227173, 0, 0, 8, 8, 15, 0, 0, 0, 0, 6, 1, 5, 0, 0, 0, 7, 0, 0.5, 0, 0, 0, 0], [0, 0, 0, 0.027141869068145752, 0, 0, 8, 9, 16, 0, 0, 0, 0, 7, 1, 4, 0, 0, 0, 8, 0, 0.5, 0, 0, 0, 0], [0, 0, 0, 0.008470356464385986, 0, 0, 8, 6, 13, 0, 0, 0, 0, 4, 1, 5, 0, 0, 0, 5, 0, 0.5, 0, 0, 0, 0], [0, 0, 0, 0.21110808849334717, 0, 0, 8, 4, 11, 0, 0, 0, 0, 2, 1, 3, 0, 0, 0, 3, 0, 0.5, 0, 0, 0, 0], [0, 0, 0, 0.005160629749298096, 0, 0, 8, 13, 20, 0, 0, 0, 0, 11, 1, 1, 0, 0, 0, 12, 0, 0.5, 0, 0, 0, 0], [0, 0, 0, 0.009712189435958862, 0, 0, 8, 13, 20, 0, 0, 0, 0, 11, 1, 3, 0, 0, 0, 12, 0, 0.5, 0, 0, 0, 0], [0, 0, 0, 0.03794574737548828, 0, 0, 8, 3, 10, 0, 0, 0, 0, 1, 1, 4, 0, 0, 0, 2, 0, 0.5, 0, 0, 0, 0], [0, 0, 0, 0.31699758768081665, 0, 0, 8, 3, 10, 0, 0, 0, 0, 1, 1, 4, 0, 0, 0, 2, 0, 0.5, 0, 0, 0, 0], [0, 0, 0, 0.006056874990463257, 0, 0, 8, 13, 20, 0, 0, 0, 0, 11, 1, 3, 0, 0, 0, 12, 0, 0.5, 0, 0, 0, 0], [0, 0, 0, 0.14918982982635498, 0, 0, 8, 5, 12, 0, 0, 0, 0, 3, 1, 4, 0, 0, 0, 4, 0, 1.0, 0, 0, 0, 0], [0, 0, 0, 6.580352783203125e-05, 0, 0, 8, 3, 10, 0, 0, 0, 0, 1, 1, 3, 0, 0, 0, 2, 0, 0.5, 0, 0, 0, 0], [0, 0, 0, 0.007777661085128784, 0, 0, 8, 6, 13, 0, 0, 0, 0, 4, 1, 5, 0, 0, 0, 5, 0, 0.5, 0, 0, 0, 0], [0, 0, 0, 0.02494102716445923, 0, 0, 8, 13, 20, 0, 0, 0, 0, 11, 1, 1, 0, 0, 0, 12, 0, 0.07692307692307693, 0, 0, 0, 0], [0, 0, 0, 0.03888219594955444, 0, 0, 8, 13, 20, 0, 0, 0, 0, 10, 2, 1, 0, 0, 0, 12, 0, 0.25, 0, 0, 0, 0], [0, 0, 0, 0.05080920457839966, 0, 0, 8, 13, 20, 0, 0, 0, 0, 11, 1, 5, 0, 0, 0, 12, 0, 0.5, 0, 0, 0, 0], [0, 0, 0, 0.023906201124191284, 0, 0, 8, 13, 20, 0, 0, 0, 0, 11, 1, 2, 0, 0, 0, 12, 0, 0.5, 0, 0, 0, 0], [0, 0, 0, 0.07854515314102173, 0, 0, 8, 4, 11, 0, 0, 0, 0, 2, 1, 5, 0, 0, 0, 3, 0, 0.6666666666666666, 0, 0, 0, 0], [0, 0, 0, 0.03215944766998291, 0, 0, 8, 3, 10, 0, 0, 0, 0, 1, 1, 3, 0, 0, 0, 2, 0, 0.3333333333333333, 0, 0, 0, 0], [0, 0, 0, 0.05404937267303467, 0, 0, 8, 6, 13, 0, 0, 0, 0, 4, 1, 4, 0, 0, 0, 5, 0, 0.6666666666666666, 0, 0, 0, 0], [0, 0, 0, 0.14453378319740295, 0, 0, 8, 3, 10, 0, 0, 0, 0, 1, 1, 2, 0, 0, 0, 2, 0, 0.2, 0, 0, 0, 0], [0, 0, 0, 0.005109578371047974, 0, 0, 8, 13, 20, 0, 0, 0, 0, 11, 1, 3, 0, 0, 0, 12, 0, 0.5, 0, 0, 0, 0], [0, 0, 0, 0.005095779895782471, 0, 0, 8, 13, 20, 0, 0, 0, 0, 11, 1, 3, 0, 0, 0, 12, 0, 1.0, 0, 0, 0, 0], [0, 0, 0, 0.009463250637054443, 0, 0, 8, 7, 14, 0, 0, 0, 0, 5, 1, 3, 0, 0, 0, 6, 0, 0.3333333333333333, 0, 0, 0, 0], [0, 0, 0, 0.008340120315551758, 0, 0, 8, 5, 12, 0, 0, 0, 0, 3, 1, 4, 0, 0, 0, 4, 0, 0.5, 0, 0, 0, 0], [0, 0, 0, 0.01866447925567627, 0, 0, 8, 13, 20, 0, 0, 0, 0, 11, 1, 5, 0, 0, 0, 12, 0, 0.5, 0, 0, 0, 0], [1, 0, 0, 0.07357710599899292, 0, 0, 8, 4, 11, 1, 0, 0, 0, 2, 1, 4, 0, 0, 0, 3, 0, 0.5, 0, 0, 0, 0], [0, 0, 0, 0.16934987902641296, 0, 0, 8, 5, 12, 0, 0, 0, 0, 3, 1, 3, 0, 0, 0, 4, 0, 0.5, 0, 0, 0, 0], [0, 0, 0, 0.02559947967529297, 0, 0, 8, 13, 20, 0, 0, 0, 0, 10, 2, 1, 0, 0, 0, 12, 0, 0.07692307692307693, 0, 0, 0, 0], [0, 0, 0, 0.00010210275650024414, 0, 0, 8, 3, 10, 0, 0, 0, 0, 1, 1, 4, 0, 0, 0, 2, 0, 0.5, 0, 0, 0, 0], [0, 0, 0, 0.043810129165649414, 0, 0, 8, 5, 12, 0, 0, 0, 0, 3, 1, 7, 0, 0, 0, 4, 0, 0.6666666666666666, 0, 0, 0, 0], [0, 0, 0, 0.02199426293373108, 0, 0, 8, 3, 10, 0, 0, 0, 0, 1, 1, 5, 0, 0, 0, 2, 0, 0.5, 0, 0, 0, 0], [0, 0, 0, 0.030103862285614014, 0, 0, 8, 5, 12, 0, 0, 0, 0, 3, 1, 6, 0, 0, 0, 4, 0, 0.5, 0, 0, 0, 0], [0, 0, 0, 0.006017088890075684, 0, 0, 8, 3, 10, 0, 0, 0, 0, 1, 1, 7, 0, 0, 0, 2, 0, 0.5, 0, 0, 0, 0], [0, 0, 0, 0.03866380453109741, 0, 0, 8, 3, 10, 0, 0, 0, 0, 1, 1, 4, 0, 0, 0, 2, 0, 0.5, 0, 0, 0, 0], [0, 0, 0, 0.06785917282104492, 0, 0, 8, 3, 10, 0, 0, 0, 0, 1, 1, 2, 0, 0, 0, 2, 0, 0.3333333333333333, 0, 0, 0, 0], [0, 0, 0, 0.02602943778038025, 0, 0, 8, 13, 20, 0, 0, 0, 0, 11, 1, 2, 0, 0, 0, 12, 0, 1.0, 0, 0, 0, 0], [0, 0, 0, 0.018405288457870483, 0, 0, 8, 5, 12, 0, 0, 0, 0, 3, 1, 7, 0, 0, 0, 4, 0, 0.5, 0, 0, 0, 0], [0, 0, 0, 0.017898857593536377, 0, 0, 8, 3, 10, 0, 0, 0, 0, 1, 1, 7, 0, 0, 0, 2, 0, 0.5, 0, 0, 0, 0], [0, 0, 0, 0.15571045875549316, 0, 0, 8, 3, 10, 0, 0, 0, 0, 1, 1, 6, 0, 0, 0, 2, 0, 0.6666666666666666, 0, 0, 0, 0], [0, 0, 0, 0.016818106174468994, 0, 0, 8, 3, 10, 0, 0, 0, 0, 1, 1, 4, 0, 0, 0, 2, 0, 0.5, 0, 0, 0, 0], [0, 0, 0, 0.13071823120117188, 0, 0, 8, 3, 10, 0, 0, 0, 0, 1, 1, 3, 0, 0, 0, 2, 0, 0.5, 0, 0, 0, 0], [0, 0, 0, 0.2803322970867157, 0, 0, 8, 3, 10, 0, 0, 0, 0, 1, 1, 4, 0, 0, 0, 2, 0, 0.5, 0, 0, 0, 0], [0, 0, 0, 0.021499186754226685, 0, 0, 8, 4, 11, 0, 0, 0, 0, 2, 1, 4, 0, 0, 0, 3, 0, 0.5, 0, 0, 0, 0], [0, 0, 0, 0.01148533821105957, 0, 0, 8, 6, 13, 0, 0, 0, 0, 4, 1, 2, 0, 0, 0, 5, 0, 0.3333333333333333, 0, 0, 0, 0], [0, 0, 0, 0.021595001220703125, 0, 0, 8, 13, 20, 0, 0, 0, 0, 11, 1, 1, 0, 0, 0, 12, 0, 0.6666666666666666, 0, 0, 0, 0], [0, 0, 0, 0.0013215243816375732, 0, 0, 8, 6, 13, 0, 0, 0, 0, 4, 1, 3, 0, 0, 0, 5, 0, 0.5, 0, 0, 0, 0], [0, 0, 0, 0.04578673839569092, 0, 0, 8, 10, 17, 0, 0, 0, 0, 7, 2, 7, 0, 0, 0, 9, 0, 0.6666666666666666, 0, 0, 0, 0], [0, 0, 0, 0.057567745447158813, 0, 0, 8, 6, 13, 0, 0, 0, 0, 4, 1, 3, 0, 0, 0, 5, 0, 0.5, 0, 0, 0, 0], [0, 0, 0, 0.03177821636199951, 0, 0, 8, 7, 14, 0, 0, 0, 0, 5, 1, 7, 0, 0, 0, 6, 0, 1.0, 0, 0, 0, 0], [0, 0, 0, 0.0017670989036560059, 0, 0, 8, 13, 20, 0, 0, 0, 0, 11, 1, 2, 0, 0, 0, 12, 0, 0.3333333333333333, 0, 0, 0, 0], [0, 0, 0, 0.0380859375, 0, 0, 8, 13, 20, 0, 0, 0, 0, 11, 1, 1, 0, 0, 0, 12, 0, 0.5, 0, 0, 0, 0], [0, 0, 0, 0.03661380708217621, 0, 0, 8, 3, 10, 0, 0, 0, 0, 1, 1, 3, 0, 0, 0, 2, 0, 0.5, 0, 0, 0, 0], [0, 0, 0, 0.053054630756378174, 0, 0, 8, 13, 20, 0, 0, 0, 0, 11, 1, 2, 0, 0, 0, 12, 0, 0.5, 0, 0, 0, 0], [0, 0, 0, 0.01650214195251465, 0, 0, 8, 10, 17, 0, 0, 0, 0, 8, 1, 4, 0, 0, 0, 9, 0, 0.5, 0, 0, 0, 0], [1, 0, 0, 0.04808443784713745, 0, 0, 8, 4, 11, 1, 0, 0, 0, 2, 1, 7, 0, 0, 0, 3, 0, 0.5, 0, 0, 0, 0], [0, 0, 0, 0.00011593103408813477, 0, 0, 8, 3, 10, 0, 0, 0, 0, 1, 1, 3, 0, 0, 0, 2, 0, 0.5, 0, 0, 0, 0], [0, 0, 0, 0.10836660861968994, 0, 0, 8, 3, 10, 0, 0, 0, 0, 1, 1, 4, 0, 0, 0, 2, 0, 0.5, 0, 0, 0, 0], [0, 0, 0, 0.05429583787918091, 0, 0, 8, 13, 20, 0, 0, 0, 0, 11, 1, 4, 0, 0, 0, 12, 0, 0.5, 0, 0, 0, 0], [0, 0, 0, 0.02087581157684326, 0, 0, 8, 3, 10, 0, 0, 0, 0, 1, 1, 6, 0, 0, 0, 2, 0, 0.5, 0, 0, 0, 0], [0, 0, 0, 0.02339598536491394, 0, 0, 8, 4, 11, 0, 0, 0, 0, 2, 1, 6, 0, 0, 0, 3, 0, 0.5, 0, 0, 0, 0], [0, 0, 0, 0.003119349479675293, 0, 0, 8, 13, 20, 0, 0, 0, 0, 11, 1, 2, 0, 0, 0, 12, 0, 0.5, 0, 0, 0, 0], [0, 0, 0, 0.2927933931350708, 0, 0, 8, 3, 10, 0, 0, 0, 0, 1, 1, 2, 0, 0, 0, 2, 0, 0.2, 0, 0, 0, 0], [0, 0, 0, 0.08087357878684998, 0, 0, 8, 8, 15, 0, 0, 0, 0, 6, 1, 6, 0, 0, 0, 7, 0, 0.5, 0, 0, 0, 0], [0, 0, 0, 0.014814883470535278, 0, 0, 8, 13, 20, 0, 0, 0, 0, 11, 1, 6, 0, 0, 0, 12, 0, 0.5, 0, 0, 0, 0], [0, 0, 0, 0.04411923885345459, 0, 0, 8, 3, 10, 0, 0, 0, 0, 1, 1, 1, 0, 0, 0, 2, 0, 0.05555555555555555, 0, 0, 0, 0], [0, 0, 0, 0.013573765754699707, 0, 0, 8, 10, 17, 0, 0, 0, 0, 8, 1, 6, 0, 0, 0, 9, 0, 0.5, 0, 0, 0, 0], [0, 0, 0, 0.03773275017738342, 0, 0, 8, 6, 13, 0, 0, 0, 0, 4, 1, 5, 0, 0, 0, 5, 0, 0.5, 0, 0, 0, 0], [0, 0, 0, 0.007471323013305664, 0, 0, 8, 9, 16, 0, 0, 0, 0, 7, 1, 5, 0, 0, 0, 8, 0, 0.5, 0, 0, 0, 0], [0, 0, 0, 0.008376210927963257, 0, 0, 8, 13, 20, 0, 0, 0, 0, 11, 1, 1, 0, 0, 0, 12, 0, 0.16666666666666666, 0, 0, 0, 0], [0, 0, 0, 0.054555028676986694, 0, 0, 8, 13, 20, 0, 0, 0, 0, 11, 1, 3, 0, 0, 0, 12, 0, 1.0, 0, 0, 0, 0], [0, 0, 0, 0.018346190452575684, 0, 0, 8, 3, 10, 0, 0, 0, 0, 1, 1, 1, 0, 0, 0, 2, 0, 0.1, 0, 0, 0, 0], [0, 0, 0, 0.04803481698036194, 0, 0, 8, 4, 11, 0, 0, 0, 0, 2, 1, 4, 0, 0, 0, 3, 0, 0.5, 0, 0, 0, 0], [0, 0, 0, 0.03561365604400635, 0, 0, 8, 13, 20, 0, 0, 0, 0, 11, 1, 2, 0, 0, 0, 12, 0, 0.5, 0, 0, 0, 0], [0, 0, 0, 0.07433083653450012, 0, 0, 8, 7, 14, 0, 0, 0, 0, 5, 1, 7, 0, 0, 0, 6, 0, 0.6666666666666666, 0, 0, 0, 0], [0, 0, 0, 0.12929052114486694, 0, 0, 8, 3, 10, 0, 0, 0, 0, 1, 1, 4, 0, 0, 0, 2, 0, 0.5, 0, 0, 0, 0], [0, 0, 0, 0.0068814754486083984, 0, 0, 8, 13, 20, 0, 0, 0, 0, 11, 1, 2, 0, 0, 0, 12, 0, 0.5, 0, 0, 0, 0], [0, 0, 0, 0.18987947702407837, 0, 0, 8, 7, 14, 0, 0, 0, 0, 5, 1, 6, 0, 0, 0, 6, 0, 0.6666666666666666, 0, 0, 0, 0], [0, 0, 0, 0.006924808025360107, 0, 0, 8, 4, 11, 0, 0, 0, 0, 2, 1, 7, 0, 0, 0, 3, 0, 0.5, 0, 0, 0, 0], [0, 0, 0, 0.013804793357849121, 0, 0, 8, 3, 10, 0, 0, 0, 0, 1, 1, 4, 0, 0, 0, 2, 0, 0.5, 0, 0, 0, 0], [0, 0, 0, 0.1541762501001358, 0, 0, 8, 6, 13, 0, 0, 0, 0, 4, 1, 2, 0, 0, 0, 5, 0, 0.5, 0, 0, 0, 0], [0, 0, 0, 0.0154341459274292, 0, 0, 8, 13, 20, 0, 0, 0, 0, 11, 1, 1, 0, 0, 0, 12, 0, 0.16666666666666666, 0, 0, 0, 0], [0, 0, 0, 0.079989492893219, 0, 0, 8, 13, 20, 0, 0, 0, 0, 11, 1, 1, 0, 0, 0, 12, 0, 0.05, 0, 0, 0, 0], [0, 0, 0, 0.05339387059211731, 0, 0, 8, 5, 12, 0, 0, 0, 0, 3, 1, 5, 0, 0, 0, 4, 0, 0.6666666666666666, 0, 0, 0, 0], [0, 0, 0, 0.12308704853057861, 0, 0, 8, 5, 12, 0, 0, 0, 0, 3, 1, 6, 0, 0, 0, 4, 0, 0.5, 0, 0, 0, 0], [0, 0, 0, 0.032714083790779114, 0, 0, 8, 3, 10, 0, 0, 0, 0, 1, 1, 1, 0, 0, 0, 2, 0, 0.125, 0, 0, 0, 0], [0, 0, 0, 0.2603440284729004, 0, 0, 8, 3, 10, 0, 0, 0, 0, 1, 1, 8, 0, 0, 0, 2, 0, 1.0, 0, 0, 0, 0], [0, 0, 0, 0.030324161052703857, 0, 0, 8, 4, 11, 0, 0, 0, 0, 2, 1, 5, 0, 0, 0, 3, 0, 0.5, 0, 0, 0, 0], [0, 0, 0, 0.006637394428253174, 0, 0, 8, 3, 10, 0, 0, 0, 0, 1, 1, 6, 0, 0, 0, 2, 0, 0.5, 0, 0, 0, 0], [0, 0, 0, 0.010736942291259766, 0, 0, 8, 13, 20, 0, 0, 0, 0, 11, 1, 4, 0, 0, 0, 12, 0, 0.5, 0, 0, 0, 0], [0, 0, 0, 0.010670244693756104, 0, 0, 8, 13, 20, 0, 0, 0, 0, 11, 1, 1, 0, 0, 0, 12, 0, 0.07692307692307693, 0, 0, 0, 0], [0, 0, 0, 0.09944048523902893, 0, 0, 8, 3, 10, 0, 0, 0, 0, 1, 1, 3, 0, 0, 0, 2, 0, 0.5, 0, 0, 0, 0], [0, 0, 0, 0.021943509578704834, 0, 0, 8, 3, 10, 0, 0, 0, 0, 1, 1, 4, 0, 0, 0, 2, 0, 0.5, 0, 0, 0, 0], [0, 0, 0, 0.0033353865146636963, 0, 0, 8, 13, 20, 0, 0, 0, 0, 11, 1, 6, 0, 0, 0, 12, 0, 0.5, 0, 0, 0, 0], [0, 0, 0, 0.040069371461868286, 0, 0, 8, 3, 10, 0, 0, 0, 0, 1, 1, 3, 0, 0, 0, 2, 0, 0.5, 0, 0, 0, 0], [0, 0, 0, 0.30920112133026123, 0, 0, 8, 3, 10, 0, 0, 0, 0, 1, 1, 4, 0, 0, 0, 2, 0, 0.5, 0, 0, 0, 0], [0, 0, 0, 0.06946837902069092, 0, 0, 8, 3, 10, 0, 0, 0, 0, 1, 1, 3, 0, 0, 0, 2, 0, 0.5, 0, 0, 0, 0], [1, 0, 1, 0.004598021507263184, 0, 1, 8, 3, 10, 1, 0, 0, 0, 1, 1, 7, 0, 0, 0, 2, 0, 0.5, 0, 0, 1, 0], [0, 0, 0, 0.0008144080638885498, 0, 0, 8, 4, 11, 0, 0, 0, 0, 2, 1, 3, 0, 0, 0, 3, 0, 0.5, 0, 0, 0, 0], [1, 0, 0, 0.0021335482597351074, 0, 0, 8, 13, 20, 1, 1, 1, 0, 11, 1, 1, 0, 0, 0, 12, 1, 0.25, 0, 0, 0, 0], [1, 0, 0, 0.13967940211296082, 0, 0, 8, 9, 16, 1, 0, 0, 0, 7, 1, 2, 0, 0, 0, 8, 0, 0.5, 0, 0, 0, 0], [0, 0, 0, 0.006966978311538696, 0, 0, 8, 13, 20, 0, 0, 0, 0, 11, 1, 3, 0, 0, 0, 12, 0, 0.3333333333333333, 0, 0, 0, 0], [0, 0, 0, 0.009912312030792236, 0, 0, 8, 3, 10, 0, 0, 0, 0, 1, 1, 5, 0, 0, 0, 2, 0, 0.5, 0, 0, 0, 0], [0, 0, 0, 0.0023148655891418457, 0, 0, 8, 3, 10, 0, 0, 0, 0, 1, 1, 6, 0, 0, 0, 2, 0, 0.5, 0, 0, 0, 0], [0, 0, 0, 0.03669613599777222, 0, 0, 8, 3, 10, 0, 0, 0, 0, 1, 1, 3, 0, 0, 0, 2, 0, 0.5, 0, 0, 0, 0], [0, 0, 0, 0.011589527130126953, 0, 0, 8, 9, 16, 0, 0, 0, 0, 7, 1, 3, 0, 0, 0, 8, 0, 0.5, 0, 0, 0, 0], [0, 0, 0, 0.1007971465587616, 0, 0, 8, 13, 20, 0, 0, 0, 0, 11, 1, 5, 0, 0, 0, 12, 0, 1.0, 0, 0, 0, 0], [0, 0, 0, 0.03819185495376587, 0, 0, 8, 13, 20, 0, 0, 0, 0, 10, 2, 6, 0, 0, 0, 12, 0, 0.5, 0, 0, 0, 0], [0, 0, 0, 0.03176677227020264, 0, 0, 8, 3, 10, 0, 0, 0, 0, 1, 1, 4, 0, 0, 0, 2, 0, 0.5, 0, 0, 0, 0], [0, 0, 0, 0.0031121671199798584, 0, 0, 8, 6, 13, 0, 0, 0, 0, 4, 1, 2, 0, 0, 0, 5, 0, 0.5, 0, 0, 0, 0], [0, 0, 0, 0.0588240921497345, 0, 0, 8, 13, 20, 0, 0, 0, 0, 11, 1, 6, 0, 0, 0, 12, 0, 1.0, 0, 0, 0, 0], [0, 0, 0, 0.0017271041870117188, 0, 0, 8, 13, 20, 0, 0, 0, 0, 11, 1, 7, 0, 0, 0, 12, 0, 0.5, 0, 0, 0, 0], [0, 0, 0, 0.004628241062164307, 0, 0, 8, 13, 20, 0, 0, 0, 0, 11, 1, 1, 0, 0, 0, 12, 0, 0.018404907975460124, 0, 0, 0, 0], [0, 0, 0, 0.008810579776763916, 0, 0, 8, 3, 10, 0, 0, 0, 0, 1, 1, 5, 0, 0, 0, 2, 0, 0.5, 0, 0, 0, 0], [0, 0, 0, 0.058768510818481445, 0, 0, 8, 4, 11, 0, 0, 0, 0, 2, 1, 5, 0, 0, 0, 3, 0, 0.5, 0, 0, 0, 0], [0, 0, 0, 0.08612668514251709, 0, 0, 8, 10, 17, 0, 0, 0, 0, 7, 2, 7, 0, 0, 0, 9, 0, 0.6666666666666666, 0, 0, 0, 0], [0, 0, 0, 0.11834561824798584, 0, 0, 8, 4, 11, 0, 0, 0, 0, 2, 1, 4, 0, 0, 0, 3, 0, 0.5, 0, 0, 0, 0], [0, 0, 0, 0.010670244693756104, 0, 0, 8, 13, 20, 0, 0, 0, 0, 11, 1, 1, 0, 0, 0, 12, 0, 0.07692307692307693, 0, 0, 0, 0], [0, 0, 0, 0.0466424822807312, 0, 0, 8, 6, 13, 0, 0, 0, 0, 4, 1, 6, 0, 0, 0, 5, 0, 0.5, 0, 0, 0, 0], [0, 0, 0, 0.06803414225578308, 0, 0, 8, 11, 18, 0, 0, 0, 0, 9, 1, 4, 0, 0, 0, 10, 0, 0.5, 0, 0, 0, 0], [0, 0, 0, 0.0313473641872406, 0, 0, 8, 12, 19, 0, 0, 0, 0, 10, 1, 3, 0, 0, 0, 11, 0, 1.0, 0, 0, 0, 0], [0, 0, 0, 0.03157278895378113, 0, 0, 8, 13, 20, 0, 0, 0, 0, 11, 1, 1, 0, 0, 0, 12, 0, 0.25, 0, 0, 0, 0], [0, 0, 0, 0.019116193056106567, 0, 0, 8, 13, 20, 0, 0, 0, 0, 11, 1, 2, 0, 0, 0, 12, 0, 0.5, 0, 0, 0, 0], [0, 0, 0, 0.04622286558151245, 0, 0, 8, 13, 20, 0, 0, 0, 0, 10, 2, 8, 0, 0, 0, 12, 0, 1.0, 0, 0, 0, 0], [0, 0, 0, 0.016793370246887207, 0, 0, 8, 5, 12, 0, 0, 0, 0, 3, 1, 6, 0, 0, 0, 4, 0, 0.5, 0, 0, 0, 0], [0, 0, 0, 0.05083376169204712, 0, 0, 8, 4, 11, 0, 0, 0, 0, 2, 1, 8, 0, 0, 0, 3, 0, 1.0, 0, 0, 0, 0], [0, 0, 0, 0.023650765419006348, 0, 0, 8, 13, 20, 0, 0, 0, 0, 11, 1, 1, 0, 0, 0, 12, 0, 0.25, 0, 0, 0, 0], [0, 0, 0, 0.00404733419418335, 0, 0, 8, 3, 10, 0, 0, 0, 0, 1, 1, 5, 0, 0, 0, 2, 0, 0.5, 0, 0, 0, 0], [0, 0, 0, 0.020666420459747314, 0, 0, 8, 4, 11, 0, 0, 0, 0, 2, 1, 4, 0, 0, 0, 3, 0, 0.5, 0, 0, 0, 0], [0, 0, 0, 0.024750828742980957, 0, 0, 8, 8, 15, 0, 0, 0, 0, 6, 1, 6, 0, 0, 0, 7, 0, 0.5, 0, 0, 0, 0], [0, 0, 0, 0.08861374855041504, 0, 0, 8, 3, 10, 0, 0, 0, 0, 1, 1, 4, 0, 0, 0, 2, 0, 0.5, 0, 0, 0, 0], [0, 0, 0, 0.027181506156921387, 0, 0, 8, 5, 12, 0, 0, 0, 0, 3, 1, 6, 0, 0, 0, 4, 0, 0.5, 0, 0, 0, 0], [1, 0, 0, 0.00943136215209961, 0, 0, 8, 13, 20, 1, 0, 0, 0, 11, 1, 2, 0, 0, 0, 12, 0, 0.5, 0, 0, 0, 0], [0, 0, 0, 0.12081894278526306, 0, 0, 8, 3, 10, 0, 0, 0, 0, 1, 1, 3, 0, 0, 0, 2, 0, 0.5, 0, 0, 0, 0], [0, 0, 0, 0.021842271089553833, 0, 0, 8, 5, 12, 0, 1, 0, 0, 3, 1, 3, 0, 0, 0, 4, 0, 0.5, 0, 0, 0, 0], [0, 0, 0, 0.021831870079040527, 0, 0, 8, 4, 11, 0, 0, 0, 0, 2, 1, 5, 0, 0, 0, 3, 0, 0.5, 0, 0, 0, 0], [0, 0, 0, 0.021580219268798828, 0, 0, 8, 3, 10, 0, 0, 0, 0, 1, 1, 7, 0, 0, 0, 2, 0, 0.5, 0, 0, 0, 0], [0, 0, 0, 0.041872650384902954, 0, 0, 8, 6, 13, 0, 0, 0, 0, 4, 1, 3, 0, 0, 0, 5, 0, 0.5, 0, 0, 0, 0], [0, 0, 0, 0.0008920133113861084, 0, 0, 8, 6, 13, 0, 0, 0, 0, 4, 1, 5, 0, 0, 0, 5, 0, 0.5, 0, 0, 0, 0], [0, 0, 0, 0.04764682054519653, 0, 0, 8, 3, 10, 0, 0, 0, 0, 1, 1, 5, 0, 0, 0, 2, 0, 0.5, 0, 0, 0, 0], [0, 0, 0, 0.17071551084518433, 0, 0, 8, 3, 10, 0, 0, 0, 0, 1, 1, 3, 0, 0, 0, 2, 0, 0.5, 0, 0, 0, 0], [0, 0, 0, 0.08593326807022095, 0, 0, 8, 13, 20, 0, 0, 0, 0, 11, 1, 1, 0, 0, 0, 12, 0, 0.05, 0, 0, 0, 0], [0, 0, 0, 0.012793302536010742, 0, 0, 8, 4, 11, 0, 0, 0, 0, 2, 1, 5, 0, 0, 0, 3, 0, 0.5, 0, 0, 0, 0], [0, 0, 0, 0.0002986788749694824, 0, 0, 8, 3, 10, 0, 0, 0, 0, 1, 1, 2, 0, 0, 0, 2, 0, 0.5, 0, 0, 0, 0], [0, 0, 0, 0.013609230518341064, 0, 0, 8, 6, 13, 0, 0, 0, 0, 4, 1, 5, 0, 0, 0, 5, 0, 0.5, 0, 0, 0, 0], [0, 0, 0, 0.02291002869606018, 0, 0, 8, 7, 14, 0, 0, 0, 0, 5, 1, 5, 0, 0, 0, 6, 0, 0.5, 0, 0, 0, 0], [0, 0, 0, 0.03488770127296448, 0, 0, 8, 5, 12, 0, 0, 0, 0, 3, 1, 5, 0, 0, 0, 4, 0, 0.5, 0, 0, 0, 0], [0, 0, 0, 0.026808738708496094, 0, 0, 8, 8, 15, 0, 0, 0, 0, 6, 1, 5, 0, 0, 0, 7, 0, 0.5, 0, 0, 0, 0], [0, 0, 0, 0.0081309974193573, 0, 0, 8, 13, 20, 0, 0, 0, 0, 11, 1, 2, 0, 0, 0, 12, 0, 0.5, 0, 0, 0, 0], [0, 0, 0, 0.05307546257972717, 0, 0, 8, 5, 12, 0, 0, 0, 0, 3, 1, 7, 0, 0, 0, 4, 0, 0.5, 0, 0, 0, 0], [0, 0, 0, 0.06998959183692932, 0, 0, 8, 13, 20, 0, 0, 0, 0, 11, 1, 1, 0, 0, 0, 12, 0, 0.05, 0, 0, 0, 0], [0, 0, 0, 0.011556237936019897, 0, 0, 8, 6, 13, 0, 0, 0, 0, 4, 1, 3, 0, 0, 0, 5, 0, 0.6666666666666666, 0, 0, 0, 0], [0, 0, 0, 0.011549144983291626, 0, 0, 8, 9, 16, 0, 0, 0, 0, 7, 1, 3, 0, 0, 0, 8, 0, 0.5, 0, 0, 0, 0], [0, 0, 0, 0.011862203478813171, 0, 0, 8, 3, 10, 0, 0, 0, 0, 1, 1, 4, 0, 0, 0, 2, 0, 0.5, 0, 0, 0, 0], [0, 0, 0, 0.03278127312660217, 0, 0, 8, 13, 20, 0, 0, 0, 0, 11, 1, 1, 0, 0, 0, 12, 0, 0.03225806451612903, 0, 0, 0, 0], [0, 0, 0, 0.03215289115905762, 0, 0, 8, 7, 14, 0, 0, 0, 0, 5, 1, 6, 0, 0, 0, 6, 0, 1.0, 0, 0, 0, 0], [0, 0, 0, 0.0030592381954193115, 0, 0, 8, 4, 11, 0, 0, 0, 0, 2, 1, 3, 0, 0, 0, 3, 0, 0.5, 0, 0, 0, 0], [0, 0, 0, 0.2913496196269989, 0, 0, 8, 3, 10, 0, 0, 0, 0, 1, 1, 4, 0, 0, 0, 2, 0, 0.5, 0, 0, 0, 0], [0, 0, 0, 0.018861889839172363, 0, 0, 8, 3, 10, 0, 0, 0, 0, 1, 1, 5, 0, 0, 0, 2, 0, 0.5, 0, 0, 0, 0], [0, 0, 0, 0.03171640634536743, 0, 0, 8, 13, 20, 0, 0, 0, 0, 11, 1, 1, 0, 0, 0, 12, 0, 1.0, 0, 0, 0, 0], [0, 0, 0, 0.005760133266448975, 0, 0, 8, 13, 20, 0, 0, 0, 0, 11, 1, 2, 0, 0, 0, 12, 0, 1.0, 0, 0, 0, 0], [0, 0, 0, 0.17200517654418945, 0, 0, 8, 3, 10, 0, 0, 0, 0, 1, 1, 5, 0, 0, 0, 2, 0, 0.5, 0, 0, 0, 0], [0, 0, 0, 0.0027383118867874146, 0, 0, 8, 3, 10, 0, 0, 0, 0, 1, 1, 4, 0, 0, 0, 2, 0, 0.5, 0, 0, 0, 0], [0, 0, 0, 0.002447277307510376, 0, 0, 8, 7, 14, 0, 0, 0, 0, 5, 1, 1, 0, 0, 0, 6, 0, 0.5, 0, 0, 0, 0], [0, 0, 0, 0.05082729458808899, 0, 0, 8, 13, 20, 0, 0, 0, 0, 11, 1, 3, 0, 0, 0, 12, 0, 0.5, 0, 0, 0, 0], [0, 0, 0, 0.012429147958755493, 0, 0, 8, 7, 14, 0, 0, 0, 0, 5, 1, 6, 0, 0, 0, 6, 0, 0.6666666666666666, 0, 0, 0, 0], [0, 0, 0, 0.009586691856384277, 0, 0, 8, 3, 10, 0, 0, 0, 0, 1, 1, 3, 0, 0, 0, 2, 0, 0.5, 0, 0, 0, 0], [0, 0, 0, 0.011106491088867188, 0, 0, 8, 12, 19, 0, 0, 0, 0, 10, 1, 4, 0, 0, 0, 11, 0, 1.0, 0, 0, 0, 0], [0, 0, 0, 0.23919916152954102, 0, 0, 8, 3, 10, 0, 0, 0, 0, 1, 1, 3, 0, 0, 0, 2, 0, 0.5, 0, 0, 0, 0], [0, 0, 0, 0.015938878059387207, 0, 0, 8, 3, 10, 0, 0, 0, 0, 1, 1, 7, 0, 0, 0, 2, 0, 0.5, 0, 0, 0, 0], [1, 0, 0, 0.025224074721336365, 0, 0, 8, 3, 10, 1, 0, 0, 0, 1, 1, 3, 0, 0, 0, 2, 0, 0.3333333333333333, 0, 0, 0, 0], [0, 0, 0, 0.021547555923461914, 0, 0, 8, 13, 20, 0, 0, 0, 0, 11, 1, 1, 0, 0, 0, 12, 0, 0.25, 0, 0, 0, 0], [0, 0, 0, 0.001934826374053955, 0, 0, 8, 8, 15, 0, 0, 0, 0, 6, 1, 6, 0, 0, 0, 7, 0, 0.5, 0, 0, 0, 0], [0, 0, 0, 0.02880769968032837, 0, 0, 8, 6, 13, 0, 0, 0, 0, 4, 1, 7, 0, 0, 0, 5, 0, 0.6666666666666666, 0, 0, 0, 0], [0, 0, 0, 0.005528151988983154, 0, 0, 8, 13, 20, 0, 0, 0, 0, 11, 1, 1, 0, 0, 0, 12, 0, 0.018404907975460124, 0, 0, 0, 0], [0, 0, 0, 0.06993958353996277, 0, 0, 8, 12, 19, 0, 0, 0, 0, 9, 2, 5, 0, 0, 0, 11, 0, 0.6666666666666666, 0, 0, 0, 0], [0, 0, 0, 0.003052055835723877, 0, 0, 8, 10, 17, 0, 0, 0, 0, 8, 1, 6, 0, 0, 0, 9, 0, 0.5, 0, 0, 0, 0], [0, 0, 0, 0.021471649408340454, 0, 0, 8, 3, 10, 0, 1, 0, 0, 1, 1, 4, 0, 0, 0, 2, 0, 0.5, 0, 0, 0, 0], [0, 0, 0, 0.007482379674911499, 0, 0, 8, 3, 10, 0, 0, 0, 0, 1, 1, 2, 0, 0, 0, 2, 0, 0.3333333333333333, 0, 0, 0, 0], [0, 0, 0, 0.028362274169921875, 0, 0, 8, 13, 20, 0, 0, 0, 0, 11, 1, 2, 0, 0, 0, 12, 0, 0.5, 0, 0, 0, 0], [0, 0, 0, 0.006056487560272217, 0, 0, 8, 13, 20, 0, 0, 0, 0, 11, 1, 1, 0, 0, 0, 12, 0, 0.07142857142857142, 0, 0, 0, 0], [0, 0, 0, 0.024494439363479614, 0, 0, 8, 7, 14, 0, 0, 0, 0, 5, 1, 4, 0, 0, 0, 6, 0, 0.5, 0, 0, 0, 0], [0, 0, 0, 0.025780916213989258, 0, 0, 8, 4, 11, 0, 0, 0, 0, 2, 1, 3, 0, 0, 0, 3, 0, 0.5, 0, 0, 0, 0], [0, 0, 0, 0.025795429944992065, 0, 0, 8, 13, 20, 0, 0, 0, 0, 11, 1, 1, 0, 0, 0, 12, 0, 0.6666666666666666, 0, 0, 0, 0], [0, 0, 0, 0.0035797059535980225, 0, 0, 8, 3, 10, 0, 0, 0, 0, 1, 1, 4, 0, 0, 0, 2, 0, 0.5, 0, 0, 0, 0], [0, 0, 0, 0.0177878737449646, 0, 0, 8, 4, 11, 0, 0, 0, 0, 2, 1, 7, 0, 0, 0, 3, 0, 0.5, 0, 0, 0, 0], [0, 0, 0, 0.02222496271133423, 0, 0, 8, 13, 20, 0, 0, 0, 0, 11, 1, 2, 0, 0, 0, 12, 0, 0.4, 0, 0, 0, 0], [0, 0, 0, 0.13255655765533447, 0, 0, 8, 8, 15, 0, 0, 0, 0, 6, 1, 2, 0, 0, 0, 7, 0, 0.5, 0, 0, 0, 0], [0, 0, 0, 0.02994367480278015, 0, 0, 8, 13, 20, 0, 0, 0, 0, 11, 1, 1, 0, 0, 0, 12, 0, 0.6666666666666666, 0, 0, 0, 0], [0, 0, 0, 0.006747066974639893, 0, 0, 8, 13, 20, 0, 0, 0, 0, 11, 1, 1, 0, 0, 0, 12, 0, 0.0625, 0, 0, 0, 0], [0, 0, 0, 0.11101439595222473, 0, 0, 8, 8, 15, 0, 0, 0, 0, 6, 1, 5, 0, 0, 0, 7, 0, 0.5, 0, 0, 0, 0], [0, 0, 0, 0.0004284381866455078, 0, 0, 8, 13, 20, 0, 0, 0, 0, 11, 1, 3, 0, 0, 0, 12, 0, 0.5, 0, 0, 0, 0], [0, 0, 0, 0.01030781865119934, 0, 0, 8, 3, 10, 0, 0, 0, 0, 1, 1, 4, 0, 0, 0, 2, 0, 0.5, 0, 0, 0, 0], [0, 0, 0, 0.010263234376907349, 0, 0, 8, 13, 20, 0, 0, 0, 0, 11, 1, 1, 0, 0, 0, 12, 0, 0.08333333333333333, 0, 0, 0, 0], [0, 0, 0, 0.12046545743942261, 0, 0, 8, 3, 10, 0, 0, 0, 0, 1, 1, 4, 0, 0, 0, 2, 0, 0.5, 0, 0, 0, 0], [0, 0, 0, 0.007702738046646118, 0, 0, 8, 9, 16, 0, 0, 0, 0, 7, 1, 5, 0, 0, 0, 8, 0, 0.5, 0, 0, 0, 0], [0, 0, 0, 0.151952862739563, 0, 0, 8, 3, 10, 0, 0, 0, 0, 1, 1, 4, 0, 0, 0, 2, 0, 0.5, 0, 0, 0, 0], [0, 0, 0, 0.13121327757835388, 0, 0, 8, 3, 10, 0, 0, 0, 0, 1, 1, 4, 0, 0, 0, 2, 0, 0.5, 0, 0, 0, 0], [0, 0, 0, 0.06472665071487427, 0, 0, 8, 3, 10, 0, 0, 0, 0, 1, 1, 4, 0, 0, 0, 2, 0, 0.5, 0, 0, 0, 0], [0, 0, 0, 0.01573312282562256, 0, 0, 8, 3, 10, 0, 0, 0, 0, 1, 1, 4, 0, 0, 0, 2, 0, 0.5, 0, 0, 0, 0], [0, 0, 0, 0.010897338390350342, 0, 0, 8, 5, 12, 0, 0, 0, 0, 3, 1, 4, 0, 0, 0, 4, 0, 0.5, 0, 0, 0, 0], [1, 0, 0, 0.022530674934387207, 0, 0, 8, 13, 20, 1, 0, 0, 0, 11, 1, 1, 0, 0, 0, 12, 0, 0.05555555555555555, 0, 0, 0, 0], [0, 0, 0, 0.09259623289108276, 0, 0, 8, 3, 10, 0, 1, 0, 0, 1, 1, 4, 0, 0, 0, 2, 0, 0.5, 0, 0, 0, 0], [0, 0, 0, 0.009527981281280518, 0, 0, 8, 3, 10, 0, 0, 0, 0, 1, 1, 6, 0, 0, 0, 2, 0, 0.5, 0, 0, 0, 0], [0, 0, 0, 0.014967381954193115, 0, 0, 8, 3, 10, 0, 0, 0, 0, 1, 1, 5, 0, 0, 0, 2, 0, 0.5, 0, 0, 0, 0], [0, 0, 0, 0.10029244422912598, 0, 0, 8, 4, 11, 0, 0, 0, 0, 2, 1, 5, 0, 0, 0, 3, 0, 0.5, 0, 0, 0, 0], [0, 0, 0, 0.0645563006401062, 0, 0, 8, 3, 10, 0, 0, 0, 0, 1, 1, 5, 0, 0, 0, 2, 0, 0.6666666666666666, 0, 0, 0, 0], [0, 0, 0, 0.005704045295715332, 0, 0, 8, 3, 10, 0, 0, 0, 0, 1, 1, 4, 0, 0, 0, 2, 0, 0.5, 0, 0, 0, 0], [0, 0, 0, 0.05630338191986084, 0, 0, 8, 8, 15, 0, 0, 0, 0, 6, 1, 4, 0, 0, 0, 7, 0, 0.5, 0, 0, 0, 0], [0, 0, 0, 0.03331422805786133, 0, 0, 8, 3, 10, 0, 0, 0, 0, 1, 1, 5, 0, 0, 0, 2, 0, 0.5, 0, 0, 0, 0], [0, 0, 0, 0.005859971046447754, 0, 0, 8, 5, 12, 0, 0, 0, 0, 3, 1, 4, 0, 0, 0, 4, 0, 0.5, 0, 0, 0, 0], [0, 0, 0, 0.035501688718795776, 0, 0, 8, 5, 12, 0, 0, 0, 0, 3, 1, 6, 0, 0, 0, 4, 0, 0.5, 0, 0, 0, 0], [0, 0, 0, 0.027410537004470825, 0, 0, 8, 5, 12, 0, 0, 0, 0, 3, 1, 5, 0, 0, 0, 4, 0, 0.6666666666666666, 0, 0, 0, 0], [0, 0, 0, 0.020976364612579346, 0, 0, 8, 13, 20, 0, 0, 0, 0, 11, 1, 1, 0, 0, 0, 12, 0, 0.6666666666666666, 0, 0, 0, 0], [0, 0, 0, 0.012749642133712769, 0, 0, 8, 4, 11, 0, 0, 0, 0, 2, 1, 2, 0, 0, 0, 3, 0, 0.3333333333333333, 0, 0, 0, 0], [0, 0, 0, 0.048020750284194946, 0, 0, 8, 3, 10, 0, 0, 0, 0, 1, 1, 4, 0, 0, 0, 2, 0, 0.5, 0, 0, 0, 0], [0, 0, 0, 0.07835376262664795, 0, 0, 8, 3, 10, 0, 0, 0, 0, 1, 1, 4, 0, 0, 0, 2, 0, 0.5, 0, 0, 0, 0], [0, 0, 0, 0.020839035511016846, 0, 0, 8, 13, 20, 0, 0, 0, 0, 11, 1, 2, 0, 0, 0, 12, 0, 1.0, 0, 0, 0, 0], [0, 0, 0, 0.14201879501342773, 0, 0, 8, 3, 10, 0, 0, 0, 0, 1, 1, 4, 0, 0, 0, 2, 0, 0.5, 0, 0, 0, 0], [0, 0, 0, 0.03465104103088379, 0, 0, 8, 4, 11, 0, 0, 0, 0, 2, 1, 4, 0, 0, 0, 3, 0, 0.5, 0, 0, 0, 0], [0, 0, 0, 0.062178611755371094, 0, 0, 8, 5, 12, 0, 0, 0, 0, 3, 1, 2, 0, 0, 0, 4, 0, 0.3333333333333333, 0, 0, 0, 0], [0, 0, 0, 0.06802603602409363, 0, 0, 8, 6, 13, 0, 0, 0, 0, 4, 1, 6, 0, 0, 0, 5, 0, 0.5, 0, 0, 0, 0], [0, 0, 0, 0.050678640604019165, 0, 0, 8, 5, 12, 0, 0, 0, 0, 3, 1, 3, 0, 0, 0, 4, 0, 0.5, 0, 0, 0, 0], [0, 0, 0, 0.0002289414405822754, 0, 0, 8, 5, 12, 0, 0, 0, 0, 3, 1, 7, 0, 0, 0, 4, 0, 0.5, 0, 0, 0, 0], [0, 0, 0, 0.05732095241546631, 0, 0, 8, 13, 20, 0, 0, 0, 0, 11, 1, 7, 0, 0, 0, 12, 0, 1.0, 0, 0, 0, 0], [0, 0, 0, 0.028630763292312622, 0, 0, 8, 5, 12, 0, 0, 0, 0, 3, 1, 3, 0, 0, 0, 4, 0, 0.5, 0, 0, 0, 0], [0, 0, 0, 0.07357659935951233, 0, 0, 8, 6, 13, 0, 0, 0, 0, 4, 1, 4, 0, 0, 0, 5, 0, 0.5, 0, 0, 0, 0], [0, 0, 0, 0.012769818305969238, 0, 0, 8, 3, 10, 0, 0, 0, 0, 1, 1, 5, 0, 0, 0, 2, 0, 0.5, 0, 0, 0, 0], [0, 0, 0, 0.016323626041412354, 0, 0, 8, 3, 10, 0, 0, 0, 0, 1, 1, 6, 0, 0, 0, 2, 0, 0.5, 0, 0, 0, 0], [0, 0, 0, 0.019690364599227905, 0, 0, 8, 3, 10, 0, 0, 0, 0, 1, 1, 3, 0, 0, 0, 2, 0, 0.5, 0, 0, 0, 0], [0, 0, 0, 0.031214416027069092, 0, 0, 8, 13, 20, 0, 0, 0, 0, 11, 1, 1, 0, 0, 0, 12, 0, 0.03225806451612903, 0, 0, 0, 0], [0, 0, 0, 0.019102007150650024, 0, 0, 8, 13, 20, 0, 0, 0, 0, 11, 1, 1, 0, 0, 0, 12, 0, 0.6666666666666666, 0, 0, 0, 0], [0, 0, 0, 0.02896350622177124, 0, 0, 8, 6, 13, 0, 0, 0, 0, 4, 1, 6, 0, 0, 0, 5, 0, 1.0, 0, 0, 0, 0], [0, 0, 0, 0.06147879362106323, 0, 0, 8, 5, 12, 0, 0, 0, 0, 3, 1, 4, 0, 0, 0, 4, 0, 1.0, 0, 0, 0, 0], [0, 0, 0, 0.02327817678451538, 0, 0, 8, 13, 20, 0, 0, 0, 0, 11, 1, 1, 0, 0, 0, 12, 0, 0.25, 0, 0, 0, 0], [0, 0, 0, 0.04164409637451172, 0, 0, 8, 3, 10, 0, 0, 0, 0, 1, 1, 4, 0, 0, 0, 2, 0, 0.5, 0, 0, 0, 0], [0, 0, 0, 0.000652313232421875, 0, 0, 8, 13, 20, 0, 0, 0, 0, 11, 1, 1, 0, 0, 0, 12, 0, 0.018404907975460124, 0, 0, 0, 0], [0, 0, 0, 0.06450992822647095, 0, 0, 8, 8, 15, 0, 0, 0, 0, 6, 1, 6, 0, 0, 0, 7, 0, 0.5, 0, 0, 0, 0], [0, 0, 0, 0.024835050106048584, 0, 0, 8, 13, 20, 0, 0, 0, 0, 11, 1, 3, 0, 0, 0, 12, 0, 1.0, 0, 0, 0, 0], [0, 0, 0, 0.0465770959854126, 0, 0, 8, 13, 20, 0, 0, 0, 0, 11, 1, 6, 0, 0, 0, 12, 0, 0.5, 0, 0, 0, 0], [0, 0, 0, 0.07363712787628174, 0, 0, 8, 13, 20, 0, 0, 0, 0, 11, 1, 2, 0, 0, 0, 12, 0, 0.6666666666666666, 0, 0, 0, 0], [0, 0, 0, 0.04682686924934387, 0, 0, 8, 3, 10, 0, 0, 0, 0, 1, 1, 3, 0, 0, 0, 2, 0, 0.5, 0, 0, 0, 0], [0, 0, 0, 0.05999821424484253, 0, 0, 8, 5, 12, 0, 0, 0, 0, 3, 1, 5, 0, 0, 0, 4, 0, 0.5, 0, 0, 0, 0], [0, 0, 0, 0.11795169115066528, 0, 0, 8, 3, 10, 0, 0, 0, 0, 1, 1, 3, 0, 0, 0, 2, 0, 0.5, 0, 0, 0, 0], [0, 0, 0, 0.12120091915130615, 0, 0, 8, 3, 10, 0, 0, 0, 0, 1, 1, 6, 0, 0, 0, 2, 0, 0.5, 0, 0, 0, 0], [0, 0, 0, 0.0818597674369812, 1, 0, 8, 13, 20, 0, 0, 0, 0, 11, 1, 1, 0, 0, 0, 12, 0, 0.03225806451612903, 0, 0, 0, 0], [1, 0, 0, 0.08173274993896484, 0, 0, 8, 11, 18, 1, 0, 0, 0, 9, 1, 1, 0, 0, 0, 10, 0, 0.07142857142857142, 0, 0, 0, 0], [0, 0, 0, 0.023154914379119873, 0, 0, 8, 3, 10, 0, 0, 0, 0, 1, 1, 3, 0, 0, 0, 2, 0, 0.5, 0, 0, 0, 0], [0, 0, 0, 0.009945511817932129, 0, 0, 8, 7, 14, 0, 0, 0, 0, 5, 1, 5, 0, 0, 0, 6, 0, 0.5, 0, 0, 0, 0], [0, 0, 0, 0.01679280400276184, 0, 0, 8, 4, 11, 0, 0, 0, 0, 2, 1, 4, 0, 0, 0, 3, 0, 0.5, 0, 0, 0, 0], [0, 0, 0, 0.09106695652008057, 0, 0, 8, 5, 12, 0, 0, 0, 0, 3, 1, 4, 0, 0, 0, 4, 0, 0.5, 0, 0, 0, 0], [0, 0, 0, 0.03532513976097107, 0, 0, 8, 3, 10, 0, 0, 0, 0, 1, 1, 1, 0, 0, 0, 2, 0, 0.09090909090909091, 0, 0, 0, 0], [0, 0, 0, 0.0005543828010559082, 0, 0, 8, 3, 10, 0, 0, 0, 0, 1, 1, 7, 0, 0, 0, 2, 0, 0.5, 0, 0, 0, 0], [0, 0, 0, 0.004770934581756592, 0, 0, 8, 10, 17, 0, 0, 0, 0, 8, 1, 2, 0, 0, 0, 9, 0, 0.5, 0, 0, 0, 0], [0, 0, 0, 0.03829941153526306, 0, 0, 8, 4, 11, 0, 0, 0, 0, 2, 1, 3, 0, 0, 0, 3, 0, 0.5, 0, 0, 0, 0], [0, 0, 0, 0.21142295002937317, 0, 0, 8, 3, 10, 0, 0, 0, 0, 1, 1, 3, 0, 0, 0, 2, 0, 0.5, 0, 0, 0, 0], [0, 0, 0, 0.007144421339035034, 0, 0, 8, 4, 11, 0, 0, 0, 0, 2, 1, 5, 0, 0, 0, 3, 0, 0.5, 0, 0, 0, 0], [0, 0, 0, 0.03474479913711548, 0, 0, 8, 11, 18, 0, 0, 0, 0, 9, 1, 3, 0, 0, 0, 10, 0, 0.5, 0, 0, 0, 0], [0, 0, 0, 0.03527843952178955, 0, 0, 8, 4, 11, 0, 0, 0, 0, 2, 1, 6, 0, 0, 0, 3, 0, 1.0, 0, 0, 0, 0], [0, 0, 0, 0.023519456386566162, 0, 0, 8, 5, 12, 0, 0, 0, 0, 3, 1, 6, 0, 0, 0, 4, 0, 0.5, 0, 0, 0, 0], [0, 0, 0, 0.01239427924156189, 0, 0, 8, 13, 20, 0, 0, 0, 0, 11, 1, 3, 0, 0, 0, 12, 0, 0.5, 0, 0, 0, 0], [0, 0, 0, 0.010495543479919434, 0, 0, 8, 13, 20, 0, 0, 0, 0, 11, 1, 4, 0, 0, 0, 12, 0, 0.5, 0, 0, 0, 0], [0, 0, 0, 0.07820159196853638, 0, 0, 8, 5, 12, 0, 0, 0, 0, 3, 1, 3, 0, 0, 0, 4, 0, 0.5, 0, 0, 0, 0], [0, 0, 0, 0.1458725929260254, 0, 0, 8, 3, 10, 0, 0, 0, 0, 1, 1, 4, 0, 0, 0, 2, 0, 0.5, 0, 0, 0, 0], [0, 0, 0, 0.04927155375480652, 0, 0, 8, 3, 10, 0, 0, 0, 0, 1, 1, 4, 0, 0, 0, 2, 0, 0.5, 0, 0, 0, 0], [0, 0, 0, 0.013732075691223145, 0, 0, 8, 5, 12, 0, 0, 0, 0, 3, 1, 3, 0, 0, 0, 4, 0, 0.5, 0, 0, 0, 0], [0, 0, 0, 0.06371483206748962, 0, 0, 8, 3, 10, 0, 0, 0, 0, 1, 1, 5, 0, 0, 0, 2, 0, 0.5, 0, 0, 0, 0], [0, 0, 0, 0.05315724015235901, 0, 0, 8, 5, 12, 0, 0, 0, 0, 3, 1, 4, 0, 0, 0, 4, 0, 0.5, 0, 0, 0, 0], [0, 0, 0, 0.02863025665283203, 0, 0, 8, 3, 10, 0, 0, 0, 0, 1, 1, 5, 0, 0, 0, 2, 0, 0.5, 0, 0, 0, 0], [0, 0, 0, 0.06789812445640564, 0, 0, 8, 13, 20, 0, 0, 0, 0, 11, 1, 2, 0, 0, 0, 12, 0, 0.6666666666666666, 0, 0, 0, 0], [0, 0, 0, 0.045520275831222534, 0, 0, 8, 5, 12, 0, 0, 0, 0, 3, 1, 6, 0, 0, 0, 4, 0, 0.5, 0, 0, 0, 0], [0, 0, 0, 0.015908271074295044, 0, 0, 8, 13, 20, 0, 0, 0, 0, 11, 1, 1, 0, 0, 0, 12, 0, 0.6666666666666666, 0, 0, 0, 0], [0, 0, 0, 0.03650563955307007, 0, 0, 8, 3, 10, 0, 0, 0, 0, 1, 1, 5, 0, 0, 0, 2, 0, 0.5, 0, 0, 0, 0], [0, 0, 0, 0.04474082589149475, 0, 0, 8, 6, 13, 0, 0, 0, 0, 4, 1, 5, 0, 0, 0, 5, 0, 0.6666666666666666, 0, 0, 0, 0], [0, 0, 0, 0.16679033637046814, 0, 0, 8, 3, 10, 0, 0, 0, 0, 1, 1, 3, 0, 0, 0, 2, 0, 0.5, 0, 0, 0, 0], [0, 0, 0, 0.2002207636833191, 0, 0, 8, 4, 11, 0, 0, 0, 0, 2, 1, 4, 0, 0, 0, 3, 0, 0.5, 0, 0, 0, 0], [0, 0, 0, 0.019261449575424194, 0, 0, 8, 13, 20, 0, 0, 0, 0, 10, 2, 7, 0, 0, 0, 12, 0, 0.5, 0, 0, 0, 0], [0, 0, 0, 0.0023700594902038574, 0, 0, 8, 4, 11, 0, 0, 0, 0, 2, 1, 6, 0, 0, 0, 3, 0, 0.5, 0, 0, 0, 0], [0, 0, 0, 0.008887887001037598, 0, 0, 8, 3, 10, 0, 0, 0, 0, 1, 1, 4, 0, 0, 0, 2, 0, 0.6666666666666666, 0, 0, 0, 0], [0, 0, 0, 0.07587918639183044, 0, 0, 8, 4, 11, 0, 0, 0, 0, 2, 1, 4, 0, 0, 0, 3, 0, 0.5, 0, 0, 0, 0], [0, 0, 0, 0.013640284538269043, 0, 0, 8, 6, 13, 0, 0, 0, 0, 4, 1, 4, 0, 0, 0, 5, 0, 0.5, 0, 0, 0, 0], [0, 0, 0, 0.01657918095588684, 0, 0, 8, 5, 12, 0, 0, 0, 0, 3, 1, 4, 0, 0, 0, 4, 0, 0.5, 0, 0, 0, 0], [0, 0, 0, 0.017517685890197754, 0, 0, 8, 3, 10, 0, 0, 0, 0, 1, 1, 2, 0, 0, 0, 2, 0, 0.5, 0, 0, 0, 0], [0, 0, 0, 0.015584126114845276, 0, 0, 8, 3, 10, 0, 0, 0, 0, 1, 1, 1, 0, 0, 0, 2, 0, 0.125, 0, 0, 0, 0], [0, 0, 0, 0.052351146936416626, 0, 0, 8, 3, 10, 0, 0, 0, 0, 1, 1, 3, 0, 0, 0, 2, 0, 0.5, 0, 0, 0, 0], [0, 0, 0, 0.010943681001663208, 0, 0, 8, 6, 13, 0, 0, 0, 0, 4, 1, 3, 0, 0, 0, 5, 0, 0.5, 0, 0, 0, 0], [0, 0, 0, 0.015862077474594116, 0, 0, 8, 13, 20, 0, 0, 0, 0, 11, 1, 3, 0, 0, 0, 12, 0, 0.5, 0, 0, 0, 0], [0, 0, 0, 0.03181040287017822, 0, 0, 8, 13, 20, 0, 0, 0, 0, 11, 1, 7, 0, 0, 0, 12, 0, 1.0, 0, 0, 0, 0], [0, 0, 0, 0.005469292402267456, 0, 0, 8, 3, 10, 0, 0, 0, 0, 1, 1, 4, 0, 0, 0, 2, 0, 0.5, 0, 0, 0, 0], [0, 0, 0, 0.001564711332321167, 0, 0, 8, 9, 16, 0, 0, 0, 0, 7, 1, 5, 0, 0, 0, 8, 0, 0.5, 0, 0, 0, 0], [0, 0, 0, 0.055196553468704224, 0, 0, 8, 3, 10, 0, 0, 0, 0, 1, 1, 4, 0, 0, 0, 2, 0, 0.5, 0, 0, 0, 0], [0, 0, 0, 0.055800288915634155, 0, 0, 8, 8, 15, 0, 0, 0, 0, 6, 1, 2, 0, 0, 0, 7, 0, 0.6666666666666666, 0, 0, 0, 0], [0, 0, 0, 0.010711193084716797, 0, 0, 8, 3, 10, 0, 0, 0, 0, 1, 1, 3, 0, 0, 0, 2, 0, 0.5, 0, 0, 0, 0], [0, 0, 0, 0.01593881845474243, 0, 0, 8, 3, 10, 0, 0, 0, 0, 1, 1, 7, 0, 0, 0, 2, 0, 0.5, 0, 0, 0, 0], [0, 0, 0, 0.014293253421783447, 0, 0, 8, 13, 20, 0, 0, 0, 0, 11, 1, 1, 0, 0, 0, 12, 0, 0.25, 0, 0, 0, 0], [0, 0, 0, 0.017570197582244873, 0, 0, 8, 3, 10, 0, 0, 0, 0, 1, 1, 4, 0, 0, 0, 2, 0, 0.5, 0, 0, 0, 0], [0, 0, 0, 0.02887338399887085, 0, 0, 8, 3, 10, 0, 0, 0, 0, 1, 1, 5, 0, 0, 0, 2, 0, 0.5, 0, 0, 0, 0], [0, 0, 0, 0.0353662371635437, 0, 0, 8, 4, 11, 0, 0, 0, 0, 2, 1, 4, 0, 0, 0, 3, 0, 0.5, 0, 0, 0, 0], [0, 0, 0, 0.04783251881599426, 0, 0, 8, 4, 11, 0, 0, 0, 0, 2, 1, 4, 0, 0, 0, 3, 0, 0.5, 0, 0, 0, 0], [0, 0, 0, 0.0066263675689697266, 0, 0, 8, 5, 12, 0, 0, 0, 0, 3, 1, 4, 0, 0, 0, 4, 0, 0.5, 0, 0, 0, 0], [0, 0, 0, 0.046042561531066895, 0, 0, 8, 3, 10, 0, 0, 0, 0, 1, 1, 4, 0, 0, 0, 2, 0, 0.5, 0, 0, 0, 0], [0, 0, 0, 0.010571956634521484, 0, 0, 8, 3, 10, 0, 0, 0, 0, 1, 1, 7, 0, 0, 0, 2, 0, 0.5, 0, 0, 0, 0], [0, 0, 0, 0.07984501123428345, 0, 0, 8, 4, 11, 0, 0, 0, 0, 2, 1, 4, 0, 0, 0, 3, 0, 0.5, 0, 0, 0, 0], [0, 0, 0, 0.01685228943824768, 0, 0, 8, 13, 20, 0, 0, 0, 0, 11, 1, 1, 0, 0, 0, 12, 0, 0.07692307692307693, 0, 0, 0, 0], [0, 0, 0, 0.009257853031158447, 0, 0, 8, 13, 20, 0, 0, 0, 0, 11, 1, 2, 0, 0, 0, 12, 0, 1.0, 0, 0, 0, 0], [0, 0, 0, 0.016055643558502197, 0, 0, 8, 13, 20, 0, 0, 0, 0, 11, 1, 1, 0, 0, 0, 12, 0, 0.25, 0, 0, 0, 0], [0, 0, 0, 0.038870155811309814, 0, 0, 8, 3, 10, 0, 0, 0, 0, 1, 1, 4, 0, 0, 0, 2, 0, 0.5, 0, 0, 0, 0], [0, 0, 0, 0.0025215744972229004, 0, 0, 8, 3, 10, 0, 0, 0, 0, 1, 1, 4, 0, 0, 0, 2, 0, 0.5, 0, 0, 0, 0], [0, 0, 0, 0.08584028482437134, 0, 0, 8, 6, 13, 0, 0, 0, 0, 4, 1, 5, 0, 0, 0, 5, 0, 1.0, 0, 0, 0, 0], [0, 0, 0, 0.033633142709732056, 0, 0, 8, 8, 15, 0, 0, 0, 0, 6, 1, 6, 0, 0, 0, 7, 0, 0.5, 0, 0, 0, 0], [0, 0, 0, 0.00949472188949585, 0, 0, 8, 3, 10, 0, 0, 0, 0, 1, 1, 5, 0, 0, 0, 2, 0, 0.5, 0, 0, 0, 0], [0, 0, 0, 0.18029624223709106, 0, 0, 8, 10, 17, 0, 0, 0, 0, 8, 1, 6, 0, 0, 0, 9, 0, 0.5, 0, 0, 0, 0], [0, 0, 0, 0.020550400018692017, 0, 0, 8, 13, 20, 0, 0, 0, 0, 11, 1, 3, 0, 0, 0, 12, 0, 1.0, 0, 0, 0, 0], [0, 0, 0, 0.060481876134872437, 0, 0, 8, 13, 20, 0, 0, 0, 0, 11, 1, 5, 0, 0, 0, 12, 0, 1.0, 0, 0, 0, 0], [0, 0, 0, 0.01752212643623352, 0, 0, 8, 13, 20, 0, 0, 0, 0, 11, 1, 2, 0, 0, 0, 12, 0, 0.5, 0, 0, 0, 0], [0, 0, 0, 0.01827254891395569, 0, 0, 8, 3, 10, 0, 0, 0, 0, 1, 1, 4, 0, 0, 0, 2, 0, 0.5, 0, 0, 0, 0], [0, 0, 0, 0.01651740074157715, 0, 0, 8, 3, 10, 0, 0, 0, 0, 1, 1, 6, 0, 0, 0, 2, 0, 0.5, 0, 0, 0, 0], [0, 0, 0, 0.03602680563926697, 0, 0, 8, 13, 20, 0, 0, 0, 0, 11, 1, 3, 0, 0, 0, 12, 0, 1.0, 0, 0, 0, 0], [0, 0, 0, 0.023529410362243652, 0, 0, 8, 7, 14, 0, 0, 0, 0, 5, 1, 1, 0, 0, 0, 6, 0, 0.037037037037037035, 0, 0, 0, 0], [0, 0, 0, 0.06708630919456482, 0, 0, 8, 3, 10, 0, 0, 0, 0, 1, 1, 3, 0, 0, 0, 2, 0, 0.5, 0, 0, 0, 0], [0, 0, 0, 0.013627856969833374, 0, 0, 8, 13, 20, 0, 0, 0, 0, 11, 1, 1, 0, 0, 0, 12, 0, 0.5, 0, 0, 0, 0], [0, 0, 0, 0.005029112100601196, 0, 0, 8, 7, 14, 0, 0, 0, 0, 5, 1, 6, 0, 0, 0, 6, 0, 0.6666666666666666, 0, 0, 0, 0], [0, 0, 0, 0.006952345371246338, 0, 0, 8, 9, 16, 0, 0, 0, 0, 7, 1, 4, 0, 0, 0, 8, 0, 0.5, 0, 0, 0, 0], [0, 0, 0, 0.00585608184337616, 0, 0, 8, 4, 11, 0, 0, 0, 0, 2, 1, 4, 0, 0, 0, 3, 0, 0.5, 0, 0, 0, 0], [0, 0, 0, 0.04493054747581482, 0, 0, 8, 13, 20, 0, 0, 0, 0, 11, 1, 4, 0, 0, 0, 12, 0, 0.5, 0, 0, 0, 0], [0, 0, 0, 0.09654998779296875, 0, 0, 8, 5, 12, 0, 0, 0, 0, 3, 1, 3, 0, 0, 0, 4, 0, 0.5, 0, 0, 0, 0], [0, 0, 0, 0.015565633773803711, 0, 0, 8, 13, 20, 0, 0, 0, 0, 10, 2, 1, 0, 0, 0, 12, 0, 0.25, 0, 0, 0, 0], [1, 0, 0, 0.01104271411895752, 0, 0, 8, 13, 20, 1, 0, 0, 0, 11, 1, 1, 0, 0, 0, 12, 1, 0.25, 0, 0, 0, 0], [0, 0, 0, 0.04582890868186951, 0, 0, 8, 3, 10, 0, 0, 0, 0, 1, 1, 4, 0, 0, 0, 2, 0, 0.5, 0, 0, 0, 0], [0, 0, 0, 0.0907101035118103, 0, 0, 8, 4, 11, 0, 0, 0, 0, 2, 1, 5, 0, 0, 0, 3, 0, 0.5, 0, 0, 0, 0], [0, 0, 0, 0.10627570748329163, 0, 0, 8, 4, 11, 0, 0, 0, 0, 2, 1, 2, 0, 0, 0, 3, 0, 0.5, 0, 0, 0, 0], [0, 0, 0, 0.021476030349731445, 0, 0, 8, 13, 20, 0, 0, 0, 0, 11, 1, 7, 0, 0, 0, 12, 0, 0.5, 0, 0, 0, 0], [0, 0, 0, 0.029250144958496094, 0, 0, 8, 9, 16, 0, 0, 0, 0, 7, 1, 5, 0, 0, 0, 8, 0, 0.5, 0, 0, 0, 0], [0, 0, 0, 0.0016553997993469238, 0, 0, 8, 13, 20, 0, 0, 0, 0, 11, 1, 2, 0, 0, 0, 12, 0, 1.0, 0, 0, 0, 0], [0, 0, 0, 0.022419512271881104, 0, 0, 8, 13, 20, 0, 0, 0, 0, 10, 2, 3, 0, 0, 0, 12, 0, 1.0, 0, 0, 0, 0], [0, 0, 0, 0.04209566116333008, 0, 0, 8, 7, 14, 0, 0, 0, 0, 5, 1, 4, 0, 0, 0, 6, 0, 0.5, 0, 0, 0, 0], [0, 0, 0, 0.06463664770126343, 0, 0, 8, 3, 10, 0, 0, 0, 0, 1, 1, 7, 0, 0, 0, 2, 0, 0.5, 0, 0, 0, 0], [0, 0, 0, 0.09064978361129761, 0, 0, 8, 4, 11, 0, 0, 0, 0, 2, 1, 4, 0, 0, 0, 3, 0, 0.5, 0, 0, 0, 0], [0, 0, 0, 0.003148496150970459, 0, 0, 8, 13, 20, 0, 0, 0, 0, 11, 1, 2, 0, 0, 0, 12, 0, 0.5, 0, 0, 0, 0], [0, 0, 0, 0.033015042543411255, 0, 0, 8, 6, 13, 0, 0, 0, 0, 4, 1, 4, 0, 0, 0, 5, 0, 0.5, 0, 0, 0, 0], [0, 0, 0, 0.021580278873443604, 0, 0, 8, 3, 10, 0, 0, 0, 0, 1, 1, 7, 0, 0, 0, 2, 0, 0.5, 0, 0, 0, 0], [0, 0, 0, 0.060809820890426636, 0, 0, 8, 6, 13, 0, 0, 0, 0, 4, 1, 4, 0, 0, 0, 5, 0, 0.5, 0, 0, 0, 0], [0, 0, 0, 0.044156789779663086, 0, 0, 8, 13, 20, 0, 0, 0, 0, 11, 1, 1, 0, 0, 0, 12, 0, 0.2, 0, 0, 0, 0], [0, 0, 0, 0.036862313747406006, 0, 0, 8, 13, 20, 0, 0, 0, 0, 11, 1, 1, 0, 0, 0, 12, 0, 0.06451612903225806, 0, 0, 0, 0], [0, 0, 0, 0.0006701946258544922, 0, 0, 8, 5, 12, 0, 0, 0, 0, 3, 1, 3, 0, 0, 0, 4, 0, 0.5, 0, 0, 0, 0], [0, 0, 0, 0.01756417751312256, 0, 0, 8, 6, 13, 0, 0, 0, 0, 4, 1, 4, 0, 0, 0, 5, 0, 0.5, 0, 0, 0, 0], [0, 0, 0, 0.04031330347061157, 0, 0, 8, 13, 20, 0, 0, 0, 0, 11, 1, 1, 0, 0, 0, 12, 0, 0.06451612903225806, 0, 0, 0, 0], [0, 0, 0, 0.03557595610618591, 0, 0, 8, 13, 20, 0, 0, 0, 0, 11, 1, 1, 0, 0, 0, 12, 0, 0.25, 0, 0, 0, 0], [0, 0, 0, 0.0011530816555023193, 0, 0, 8, 8, 15, 0, 0, 0, 0, 6, 1, 2, 0, 0, 0, 7, 0, 0.5, 0, 0, 0, 0], [0, 0, 0, 0.033581316471099854, 0, 0, 8, 4, 11, 0, 0, 0, 0, 2, 1, 6, 0, 0, 0, 3, 0, 0.6666666666666666, 0, 0, 0, 0], [0, 0, 0, 0.0046690404415130615, 0, 0, 8, 8, 15, 0, 0, 0, 0, 6, 1, 6, 0, 0, 0, 7, 0, 0.5, 0, 0, 0, 0], [0, 0, 0, 0.1565825343132019, 0, 0, 8, 7, 14, 0, 0, 0, 0, 5, 1, 6, 0, 0, 0, 6, 0, 0.6666666666666666, 0, 0, 0, 0], [0, 0, 0, 0.0037476718425750732, 0, 0, 8, 6, 13, 0, 0, 0, 0, 4, 1, 5, 0, 0, 0, 5, 0, 0.6666666666666666, 0, 0, 0, 0], [0, 0, 0, 0.031987130641937256, 0, 0, 8, 8, 15, 0, 0, 0, 0, 6, 1, 6, 0, 0, 0, 7, 0, 0.5, 0, 0, 0, 0], [0, 0, 0, 0.018801629543304443, 0, 0, 8, 13, 20, 0, 0, 0, 0, 11, 1, 2, 0, 0, 0, 12, 0, 0.6666666666666666, 0, 0, 0, 0], [0, 0, 0, 0.0014785528182983398, 0, 0, 8, 7, 14, 0, 1, 0, 0, 5, 1, 6, 0, 0, 0, 6, 0, 0.5, 0, 0, 0, 0], [0, 0, 0, 0.00841379165649414, 0, 0, 8, 3, 10, 0, 0, 0, 0, 1, 1, 6, 0, 0, 0, 2, 0, 0.5, 0, 0, 0, 0], [0, 0, 0, 0.07185584306716919, 0, 0, 8, 6, 13, 0, 0, 0, 0, 4, 1, 6, 0, 0, 0, 5, 0, 0.5, 0, 0, 0, 0], [0, 0, 0, 0.04907584190368652, 0, 0, 8, 10, 17, 0, 0, 0, 0, 7, 2, 7, 0, 0, 0, 9, 0, 0.6666666666666666, 0, 0, 0, 0], [1, 0, 0, 0.00656697154045105, 1, 0, 8, 7, 14, 1, 0, 1, 0, 5, 1, 5, 0, 0, 0, 6, 1, 1.0, 0, 0, 0, 0], [0, 0, 0, 0.06035025417804718, 0, 0, 8, 10, 17, 0, 0, 0, 0, 8, 1, 3, 0, 0, 0, 9, 0, 0.5, 0, 0, 0, 0], [0, 0, 0, 0.05002757906913757, 0, 0, 8, 6, 13, 0, 0, 0, 0, 4, 1, 5, 0, 0, 0, 5, 0, 0.5, 0, 0, 0, 0], [0, 0, 0, 0.03534144163131714, 0, 0, 8, 4, 11, 0, 0, 0, 0, 2, 1, 4, 0, 0, 0, 3, 0, 0.5, 0, 0, 0, 0], [0, 0, 0, 0.06264761090278625, 0, 0, 8, 9, 16, 0, 0, 0, 0, 7, 1, 3, 0, 0, 0, 8, 0, 0.5, 0, 0, 0, 0], [0, 0, 0, 0.006552189588546753, 0, 0, 8, 8, 15, 0, 0, 0, 0, 6, 1, 6, 0, 0, 0, 7, 0, 0.5, 0, 0, 0, 0], [0, 0, 0, 0.12472546100616455, 0, 0, 8, 9, 16, 0, 0, 0, 0, 7, 1, 2, 0, 0, 0, 8, 0, 0.3333333333333333, 0, 0, 0, 0], [0, 0, 0, 0.1212007999420166, 0, 0, 8, 3, 10, 0, 0, 0, 0, 1, 1, 6, 0, 0, 0, 2, 0, 0.5, 0, 0, 0, 0], [0, 0, 0, 0.06589633226394653, 0, 0, 8, 7, 14, 0, 0, 0, 0, 5, 1, 5, 0, 0, 0, 6, 0, 0.5, 0, 0, 0, 0], [0, 0, 0, 0.028418511152267456, 0, 0, 8, 13, 20, 0, 0, 0, 0, 11, 1, 1, 0, 0, 0, 12, 0, 0.06451612903225806, 0, 0, 0, 0], [0, 0, 0, 0.017754465341567993, 0, 0, 8, 3, 10, 0, 0, 0, 0, 1, 1, 2, 0, 0, 0, 2, 0, 0.3333333333333333, 0, 0, 0, 0], [0, 0, 0, 0.0, 0, 0, 8, 4, 11, 0, 0, 0, 0, 2, 1, 6, 0, 0, 0, 3, 0, 0.5, 0, 0, 0, 0], [0, 0, 0, 0.010780125856399536, 0, 0, 8, 13, 20, 0, 0, 0, 0, 11, 1, 1, 0, 0, 0, 12, 0, 0.6666666666666666, 0, 0, 0, 0], [0, 0, 0, 0.005196928977966309, 0, 0, 8, 13, 20, 0, 0, 0, 0, 11, 1, 1, 0, 0, 0, 12, 0, 0.018404907975460124, 0, 0, 0, 0], [0, 0, 0, 0.015072047710418701, 0, 0, 8, 13, 20, 0, 0, 0, 0, 11, 1, 2, 0, 0, 0, 12, 0, 0.5, 0, 0, 0, 0], [0, 0, 0, 0.008644819259643555, 0, 0, 8, 3, 10, 0, 0, 0, 0, 1, 1, 7, 0, 0, 0, 2, 0, 0.5, 0, 0, 0, 0], [0, 0, 0, 0.0032693147659301758, 0, 0, 8, 13, 20, 0, 0, 0, 0, 11, 1, 5, 0, 0, 0, 12, 0, 0.6666666666666666, 0, 0, 0, 0], [0, 0, 0, 0.02969413995742798, 0, 0, 8, 4, 11, 0, 0, 0, 0, 2, 1, 4, 0, 0, 0, 3, 0, 0.5, 0, 0, 0, 0], [0, 0, 0, 0.012255817651748657, 0, 0, 8, 13, 20, 0, 0, 0, 0, 11, 1, 1, 0, 0, 0, 12, 0, 0.018404907975460124, 0, 0, 0, 0], [0, 0, 0, 0.07800397276878357, 0, 0, 8, 3, 10, 0, 0, 0, 0, 1, 1, 3, 0, 0, 0, 2, 0, 0.5, 0, 0, 0, 0], [0, 0, 0, 0.08241668343544006, 0, 0, 8, 13, 20, 0, 0, 0, 0, 11, 1, 1, 0, 0, 0, 12, 0, 0.5, 0, 0, 0, 0], [0, 0, 0, 0.23332595825195312, 0, 0, 8, 4, 11, 0, 0, 0, 0, 2, 1, 6, 0, 0, 0, 3, 0, 0.5, 0, 0, 0, 0], [0, 0, 0, 0.10166850686073303, 0, 0, 8, 13, 20, 0, 0, 0, 0, 11, 1, 3, 0, 0, 0, 12, 0, 0.5, 0, 0, 0, 0], [0, 0, 0, 0.006637394428253174, 0, 0, 8, 3, 10, 0, 0, 0, 0, 1, 1, 6, 0, 0, 0, 2, 0, 0.5, 0, 0, 0, 0], [0, 0, 0, 0.04099723696708679, 0, 0, 8, 5, 12, 0, 0, 0, 0, 3, 1, 6, 0, 0, 0, 4, 0, 0.5, 0, 0, 0, 0], [0, 0, 0, 0.0005544424057006836, 0, 0, 8, 3, 10, 0, 0, 0, 0, 1, 1, 7, 0, 0, 0, 2, 0, 0.5, 0, 0, 0, 0], [0, 0, 0, 0.14304578304290771, 0, 0, 8, 8, 15, 0, 0, 0, 0, 6, 1, 4, 0, 0, 0, 7, 0, 0.5, 0, 0, 0, 0], [0, 0, 0, 0.00020998716354370117, 0, 0, 8, 13, 20, 0, 0, 0, 0, 11, 1, 3, 0, 0, 0, 12, 0, 0.5, 0, 0, 0, 0], [0, 0, 0, 0.025833487510681152, 0, 0, 8, 9, 16, 0, 0, 0, 0, 7, 1, 6, 0, 0, 0, 8, 0, 0.5, 0, 0, 0, 0], [0, 0, 0, 0.01621115207672119, 0, 0, 8, 13, 20, 0, 0, 0, 0, 11, 1, 1, 0, 0, 0, 12, 0, 0.6666666666666666, 0, 0, 0, 0], [0, 0, 0, 0.002363651990890503, 0, 0, 8, 13, 20, 0, 0, 0, 0, 11, 1, 2, 0, 0, 0, 12, 0, 1.0, 0, 0, 0, 0], [0, 0, 0, 0.014948278665542603, 0, 0, 8, 13, 20, 0, 0, 0, 0, 11, 1, 4, 0, 0, 0, 12, 0, 0.5, 0, 0, 0, 0], [0, 0, 0, 0.01084202527999878, 0, 0, 8, 13, 20, 0, 0, 0, 0, 10, 2, 1, 0, 0, 0, 12, 0, 0.06451612903225806, 0, 0, 0, 0], [0, 0, 0, 0.05436614155769348, 0, 0, 8, 5, 12, 0, 0, 0, 0, 3, 1, 4, 0, 0, 0, 4, 0, 0.5, 0, 0, 0, 0], [0, 0, 0, 0.02382335066795349, 0, 0, 8, 6, 13, 0, 0, 0, 0, 4, 1, 7, 0, 0, 0, 5, 0, 0.6666666666666666, 0, 0, 0, 0], [0, 0, 0, 0.02197405695915222, 0, 0, 8, 13, 20, 0, 0, 0, 0, 11, 1, 1, 0, 0, 0, 12, 0, 0.018404907975460124, 0, 0, 0, 0], [0, 0, 0, 0.04917347431182861, 0, 0, 8, 11, 18, 0, 0, 0, 0, 9, 1, 1, 0, 0, 0, 10, 0, 0.5, 0, 0, 0, 0], [0, 0, 0, 0.07188183069229126, 0, 0, 8, 5, 12, 0, 0, 0, 0, 3, 1, 3, 0, 0, 0, 4, 0, 0.5, 0, 0, 0, 0], [0, 0, 0, 0.11692702770233154, 0, 0, 8, 6, 13, 0, 0, 0, 0, 4, 1, 5, 0, 0, 0, 5, 0, 0.6666666666666666, 0, 0, 0, 0], [0, 0, 0, 0.08797046542167664, 0, 0, 8, 3, 10, 0, 0, 0, 0, 1, 1, 4, 0, 0, 0, 2, 0, 0.5, 0, 0, 0, 0], [0, 0, 0, 0.03208470344543457, 0, 0, 8, 13, 20, 0, 0, 0, 0, 11, 1, 1, 0, 0, 0, 12, 0, 0.07142857142857142, 0, 0, 0, 0], [0, 0, 0, 0.008747905492782593, 0, 0, 8, 5, 12, 0, 0, 0, 0, 3, 1, 7, 0, 0, 0, 4, 0, 0.5, 0, 0, 0, 0], [0, 0, 0, 0.03660207986831665, 0, 0, 8, 13, 20, 0, 0, 0, 0, 11, 1, 1, 0, 0, 0, 12, 0, 0.03225806451612903, 0, 0, 0, 0], [0, 0, 0, 0.025248050689697266, 0, 0, 8, 13, 20, 0, 0, 0, 0, 11, 1, 1, 0, 0, 0, 12, 0, 0.018404907975460124, 0, 0, 0, 0], [0, 0, 0, 0.19137558341026306, 0, 0, 8, 4, 11, 0, 0, 0, 0, 2, 1, 3, 0, 0, 0, 3, 0, 0.5, 0, 0, 0, 0], [0, 0, 0, 0.2945336401462555, 0, 0, 8, 3, 10, 0, 0, 0, 0, 1, 1, 3, 0, 0, 0, 2, 0, 0.5, 0, 0, 0, 0], [0, 0, 0, 0.00918048620223999, 0, 0, 8, 4, 11, 0, 0, 0, 0, 2, 1, 4, 0, 0, 0, 3, 0, 0.5, 0, 0, 0, 0], [0, 0, 0, 0.03103405237197876, 0, 0, 8, 6, 13, 0, 0, 0, 0, 4, 1, 6, 0, 0, 0, 5, 0, 0.5, 0, 0, 0, 0], [0, 0, 0, 0.012943834066390991, 0, 0, 8, 7, 14, 0, 0, 0, 0, 5, 1, 2, 0, 0, 0, 6, 0, 1.0, 0, 0, 0, 0], [0, 0, 0, 0.03630152344703674, 0, 0, 8, 9, 16, 0, 0, 0, 0, 7, 1, 6, 0, 0, 0, 8, 0, 0.5, 0, 0, 0, 0], [0, 0, 0, 0.03316965699195862, 0, 0, 8, 13, 20, 0, 0, 0, 0, 11, 1, 1, 0, 0, 0, 12, 0, 0.03225806451612903, 0, 0, 0, 0], [0, 0, 0, 0.05027991533279419, 0, 0, 8, 3, 10, 0, 0, 0, 0, 1, 1, 3, 0, 0, 0, 2, 0, 0.5, 0, 0, 0, 0], [0, 0, 0, 0.05204349756240845, 0, 0, 8, 10, 17, 0, 0, 0, 0, 7, 2, 7, 0, 0, 0, 9, 0, 0.6666666666666666, 0, 0, 0, 0], [0, 0, 0, 0.05723702907562256, 0, 0, 8, 4, 11, 0, 0, 0, 0, 2, 1, 4, 0, 0, 0, 3, 0, 0.5, 0, 0, 0, 0], [0, 0, 0, 0.09405586123466492, 0, 0, 8, 13, 20, 0, 0, 0, 0, 11, 1, 1, 0, 0, 0, 12, 0, 0.05, 0, 0, 0, 0], [0, 0, 0, 0.024486184120178223, 0, 0, 8, 13, 20, 0, 0, 0, 0, 11, 1, 2, 0, 0, 0, 12, 0, 0.5, 0, 0, 0, 0], [0, 0, 0, 0.035822927951812744, 0, 0, 8, 13, 20, 0, 0, 0, 0, 10, 2, 1, 0, 0, 0, 12, 0, 0.07142857142857142, 0, 0, 0, 0], [0, 0, 0, 0.03327915072441101, 0, 0, 8, 13, 20, 0, 0, 0, 0, 11, 1, 1, 0, 0, 0, 12, 0, 0.03225806451612903, 0, 0, 0, 0], [0, 0, 0, 0.034892916679382324, 0, 0, 8, 4, 11, 0, 0, 0, 0, 2, 1, 4, 0, 0, 0, 3, 0, 0.5, 0, 0, 0, 0], [0, 0, 0, 0.05566263198852539, 0, 0, 8, 13, 20, 0, 0, 0, 0, 11, 1, 3, 0, 0, 0, 12, 0, 0.5, 0, 0, 0, 0], [0, 0, 0, 0.013071656227111816, 0, 0, 8, 13, 20, 0, 0, 0, 0, 11, 1, 1, 0, 0, 0, 12, 0, 0.25, 0, 0, 0, 0], [0, 0, 0, 0.1970537304878235, 0, 0, 8, 3, 10, 0, 0, 0, 0, 1, 1, 5, 0, 0, 0, 2, 0, 0.5, 0, 0, 0, 0], [0, 0, 0, 0.03721541166305542, 0, 0, 8, 4, 11, 0, 0, 0, 0, 2, 1, 7, 0, 0, 0, 3, 0, 0.5, 0, 0, 0, 0], [0, 0, 0, 0.03702661395072937, 0, 0, 8, 13, 20, 0, 0, 0, 0, 11, 1, 2, 0, 0, 0, 12, 0, 1.0, 0, 0, 0, 0], [0, 0, 0, 0.015257120132446289, 0, 0, 8, 3, 10, 0, 0, 0, 0, 1, 1, 4, 0, 0, 0, 2, 0, 0.5, 0, 0, 0, 0], [0, 0, 0, 0.012062311172485352, 0, 0, 8, 3, 10, 0, 0, 0, 0, 1, 1, 4, 0, 0, 0, 2, 0, 0.5, 0, 0, 0, 0], [0, 0, 0, 0.11340373754501343, 0, 0, 8, 3, 10, 0, 0, 0, 0, 1, 1, 4, 0, 0, 0, 2, 0, 0.5, 0, 0, 0, 0], [0, 0, 0, 0.012515813112258911, 0, 0, 8, 13, 20, 0, 0, 0, 0, 11, 1, 6, 0, 0, 0, 12, 0, 0.5, 0, 0, 0, 0], [0, 0, 0, 0.033385276794433594, 0, 0, 8, 8, 15, 0, 0, 0, 0, 6, 1, 4, 0, 0, 0, 7, 0, 0.5, 0, 0, 0, 0], [0, 0, 0, 0.01927947998046875, 0, 0, 8, 5, 12, 0, 0, 0, 0, 3, 1, 5, 0, 0, 0, 4, 0, 0.5, 0, 0, 0, 0], [0, 0, 0, 0.006463766098022461, 0, 0, 8, 6, 13, 0, 0, 0, 0, 4, 1, 5, 0, 0, 0, 5, 0, 0.5, 0, 0, 0, 0], [0, 0, 0, 0.027238011360168457, 0, 0, 8, 13, 20, 0, 0, 0, 0, 11, 1, 1, 0, 0, 0, 12, 0, 0.3333333333333333, 0, 0, 0, 0], [0, 0, 0, 0.013657957315444946, 0, 0, 8, 13, 20, 0, 0, 0, 0, 11, 1, 1, 0, 0, 0, 12, 0, 0.01639344262295082, 0, 0, 0, 0], [0, 0, 0, 0.0009330809116363525, 0, 0, 8, 13, 20, 0, 0, 0, 0, 11, 1, 7, 0, 0, 0, 12, 0, 0.5, 0, 0, 0, 0], [0, 0, 0, 0.05219593644142151, 0, 0, 8, 7, 14, 0, 0, 0, 0, 5, 1, 4, 0, 0, 0, 6, 0, 0.5, 0, 0, 0, 0], [0, 0, 0, 0.040463805198669434, 0, 0, 8, 4, 11, 0, 0, 0, 0, 2, 1, 4, 0, 0, 0, 3, 0, 0.5, 0, 0, 0, 0], [0, 0, 0, 0.052335113286972046, 0, 0, 8, 6, 13, 0, 0, 0, 0, 4, 1, 7, 0, 0, 0, 5, 0, 0.5, 0, 0, 0, 0], [0, 0, 0, 0.14025455713272095, 0, 0, 8, 3, 10, 0, 0, 0, 0, 1, 1, 4, 0, 0, 0, 2, 0, 0.5, 0, 0, 0, 0], [0, 0, 0, 0.009229153394699097, 0, 0, 8, 13, 20, 0, 0, 0, 0, 11, 1, 1, 0, 0, 0, 12, 0, 0.6666666666666666, 0, 0, 0, 0], [0, 0, 0, 0.013466686010360718, 0, 0, 8, 4, 11, 0, 0, 0, 0, 2, 1, 5, 0, 0, 0, 3, 0, 0.5, 0, 0, 0, 0], [0, 0, 0, 0.134648859500885, 0, 0, 8, 7, 14, 0, 0, 0, 0, 4, 2, 8, 0, 0, 0, 6, 0, 1.0, 0, 0, 0, 0], [0, 0, 0, 0.00015103816986083984, 0, 0, 8, 13, 20, 0, 0, 0, 0, 11, 1, 2, 0, 0, 0, 12, 0, 0.5, 0, 0, 0, 0], [0, 0, 0, 0.015255153179168701, 0, 0, 8, 13, 20, 0, 0, 0, 0, 11, 1, 1, 0, 0, 0, 12, 0, 0.25, 0, 0, 0, 0], [0, 0, 0, 0.0367659330368042, 0, 0, 8, 6, 13, 0, 0, 0, 0, 4, 1, 7, 0, 0, 0, 5, 0, 0.5, 0, 0, 0, 0], [0, 0, 0, 0.05082881450653076, 0, 0, 8, 6, 13, 0, 1, 0, 0, 4, 1, 7, 0, 0, 0, 5, 0, 0.5, 0, 0, 0, 0], [0, 0, 0, 0.01589229702949524, 0, 0, 8, 13, 20, 0, 0, 0, 0, 11, 1, 1, 0, 0, 0, 12, 0, 0.5, 0, 0, 0, 0], [0, 0, 0, 0.05451110005378723, 0, 0, 8, 13, 20, 0, 0, 0, 0, 11, 1, 6, 0, 0, 0, 12, 0, 0.5, 0, 0, 0, 0], [0, 0, 0, 0.036136627197265625, 0, 0, 8, 13, 20, 0, 0, 0, 0, 11, 1, 2, 0, 0, 0, 12, 0, 0.5, 0, 0, 0, 0], [0, 0, 0, 0.03790867328643799, 0, 0, 8, 3, 10, 0, 0, 0, 0, 1, 1, 4, 0, 0, 0, 2, 0, 0.5, 0, 0, 0, 0], [0, 0, 0, 0.026774942874908447, 0, 0, 8, 3, 10, 0, 0, 0, 0, 1, 1, 4, 0, 0, 0, 2, 0, 0.5, 0, 0, 0, 0], [0, 0, 0, 0.039122164249420166, 0, 0, 8, 3, 10, 0, 0, 0, 0, 1, 1, 5, 0, 0, 0, 2, 0, 0.5, 0, 0, 0, 0], [0, 0, 0, 0.09440886974334717, 0, 0, 8, 6, 13, 0, 0, 0, 0, 4, 1, 5, 0, 0, 0, 5, 0, 0.6666666666666666, 0, 0, 0, 0], [0, 0, 0, 0.013189136981964111, 0, 0, 8, 4, 11, 0, 0, 0, 0, 2, 1, 7, 0, 0, 0, 3, 0, 0.5, 0, 0, 0, 0], [0, 0, 0, 0.03593137860298157, 0, 0, 8, 4, 11, 0, 0, 0, 0, 2, 1, 4, 0, 0, 0, 3, 0, 0.5, 0, 0, 0, 0], [0, 0, 0, 0.02135804295539856, 0, 0, 8, 3, 10, 0, 0, 0, 0, 1, 1, 4, 0, 0, 0, 2, 0, 0.5, 0, 0, 0, 0], [0, 0, 0, 0.050276219844818115, 0, 0, 8, 13, 20, 0, 0, 0, 0, 11, 1, 2, 0, 0, 0, 12, 0, 0.6666666666666666, 0, 0, 0, 0], [0, 0, 0, 0.04970833659172058, 0, 0, 8, 13, 20, 0, 0, 0, 0, 11, 1, 1, 0, 0, 0, 12, 0, 0.5, 0, 0, 0, 0], [0, 0, 0, 0.027424216270446777, 0, 0, 8, 5, 12, 0, 0, 0, 0, 3, 1, 3, 0, 0, 0, 4, 0, 0.5, 0, 0, 0, 0], [0, 0, 0, 0.016720294952392578, 0, 0, 8, 13, 20, 0, 0, 0, 0, 11, 1, 1, 0, 0, 0, 12, 0, 0.25, 0, 0, 0, 0], [0, 0, 0, 0.02971974015235901, 0, 0, 8, 13, 20, 0, 0, 0, 0, 11, 1, 3, 0, 0, 0, 12, 0, 0.5, 0, 0, 0, 0], [0, 0, 0, 0.030498981475830078, 0, 0, 8, 4, 11, 0, 0, 0, 0, 2, 1, 6, 0, 0, 0, 3, 0, 0.5, 0, 0, 0, 0], [0, 0, 0, 0.02328553795814514, 0, 0, 8, 4, 11, 0, 0, 0, 0, 2, 1, 3, 0, 0, 0, 3, 0, 0.5, 0, 0, 0, 0], [0, 0, 0, 0.014005899429321289, 0, 0, 8, 3, 10, 0, 1, 0, 0, 1, 1, 4, 0, 0, 0, 2, 0, 0.5, 0, 0, 0, 0], [0, 0, 0, 0.09179913997650146, 0, 0, 8, 3, 10, 0, 0, 0, 0, 1, 1, 3, 0, 0, 0, 2, 0, 0.5, 0, 0, 0, 0], [0, 0, 0, 0.0018964707851409912, 0, 0, 8, 13, 20, 0, 1, 0, 0, 11, 1, 1, 0, 0, 0, 12, 0, 0.5, 0, 0, 0, 0], [0, 0, 0, 0.014088839292526245, 0, 0, 8, 13, 20, 0, 0, 0, 0, 11, 1, 1, 0, 0, 0, 12, 0, 0.6666666666666666, 0, 0, 0, 0], [0, 0, 0, 0.1209191083908081, 0, 0, 8, 8, 15, 0, 0, 0, 0, 6, 1, 5, 0, 0, 0, 7, 0, 0.5, 0, 0, 0, 0], [0, 0, 0, 0.0189782977104187, 0, 0, 8, 13, 20, 0, 0, 0, 0, 11, 1, 1, 0, 0, 0, 12, 0, 0.6666666666666666, 0, 0, 0, 0], [0, 0, 0, 0.03577929735183716, 0, 0, 8, 3, 10, 0, 0, 0, 0, 1, 1, 7, 0, 0, 0, 2, 0, 0.5, 0, 0, 0, 0], [0, 0, 0, 0.017427265644073486, 0, 0, 8, 4, 11, 0, 0, 0, 0, 2, 1, 6, 0, 0, 0, 3, 0, 0.5, 0, 0, 0, 0], [0, 0, 0, 0.008202016353607178, 0, 0, 8, 4, 11, 0, 0, 0, 0, 2, 1, 6, 0, 0, 0, 3, 0, 0.5, 0, 0, 0, 0], [0, 0, 0, 0.014186888933181763, 0, 0, 8, 13, 20, 0, 0, 0, 0, 11, 1, 1, 0, 0, 0, 12, 0, 0.6666666666666666, 0, 0, 0, 0], [0, 0, 0, 0.03651723265647888, 0, 0, 8, 13, 20, 0, 0, 0, 0, 11, 1, 1, 0, 0, 0, 12, 0, 0.5, 0, 0, 0, 0], [0, 0, 0, 0.0384068489074707, 0, 0, 8, 13, 20, 0, 0, 0, 0, 11, 1, 5, 0, 0, 0, 12, 0, 1.0, 0, 0, 0, 0], [0, 0, 0, 0.04824504256248474, 0, 0, 8, 10, 17, 0, 0, 0, 0, 8, 1, 4, 0, 0, 0, 9, 0, 0.5, 0, 0, 0, 0], [0, 0, 0, 0.027103543281555176, 0, 0, 8, 4, 11, 0, 0, 0, 0, 2, 1, 7, 0, 0, 0, 3, 0, 0.5, 0, 0, 0, 0], [0, 0, 0, 0.23585188388824463, 0, 0, 8, 3, 10, 0, 0, 0, 0, 1, 1, 3, 0, 0, 0, 2, 0, 0.5, 0, 0, 0, 0], [0, 0, 0, 0.03245696425437927, 0, 0, 8, 7, 14, 0, 0, 0, 0, 5, 1, 4, 0, 0, 0, 6, 0, 0.5, 0, 0, 0, 0], [0, 0, 0, 0.004598021507263184, 0, 0, 8, 3, 10, 0, 0, 0, 0, 1, 1, 7, 0, 0, 0, 2, 0, 0.5, 0, 0, 0, 0], [0, 0, 0, 0.032071083784103394, 0, 0, 8, 3, 10, 0, 0, 0, 0, 1, 1, 3, 0, 0, 0, 2, 0, 0.5, 0, 0, 0, 0], [0, 0, 0, 0.09780460596084595, 0, 0, 8, 4, 11, 0, 0, 0, 0, 2, 1, 4, 0, 0, 0, 3, 0, 0.5, 0, 0, 0, 0], [0, 0, 0, 0.1718730330467224, 0, 0, 8, 4, 11, 0, 0, 0, 0, 2, 1, 4, 0, 0, 0, 3, 0, 0.5, 0, 0, 0, 0], [0, 0, 0, 0.09530729055404663, 0, 0, 8, 3, 10, 0, 0, 0, 0, 1, 1, 4, 0, 0, 0, 2, 0, 0.5, 0, 0, 0, 0], [0, 0, 0, 0.05071920156478882, 0, 0, 8, 13, 20, 0, 0, 0, 0, 11, 1, 2, 0, 0, 0, 12, 0, 0.6666666666666666, 0, 0, 0, 0], [0, 0, 0, 0.38087427616119385, 0, 0, 8, 3, 10, 0, 0, 0, 0, 1, 1, 4, 0, 0, 0, 2, 0, 0.5, 0, 0, 0, 0], [0, 0, 0, 0.07397222518920898, 0, 0, 8, 8, 15, 0, 0, 0, 0, 6, 1, 5, 0, 0, 0, 7, 0, 0.5, 0, 0, 0, 0], [0, 0, 0, 0.03257223963737488, 0, 0, 8, 5, 12, 0, 0, 0, 0, 3, 1, 6, 0, 0, 0, 4, 0, 0.5, 0, 0, 0, 0], [0, 0, 0, 0.0184459388256073, 0, 0, 8, 6, 13, 0, 0, 0, 0, 4, 1, 5, 0, 0, 0, 5, 0, 0.5, 0, 0, 0, 0], [0, 0, 0, 0.1814783215522766, 0, 0, 8, 4, 11, 0, 0, 0, 0, 2, 1, 4, 0, 0, 0, 3, 0, 0.5, 0, 0, 0, 0], [0, 0, 0, 0.011438906192779541, 0, 0, 8, 8, 15, 0, 0, 0, 0, 6, 1, 2, 0, 0, 0, 7, 0, 0.5, 0, 0, 0, 0], [0, 0, 0, 0.013388514518737793, 0, 0, 8, 3, 10, 0, 0, 0, 0, 1, 1, 2, 0, 0, 0, 2, 0, 0.3333333333333333, 0, 0, 0, 0], [0, 0, 0, 0.009527981281280518, 0, 0, 8, 3, 10, 0, 0, 0, 0, 1, 1, 6, 0, 0, 0, 2, 0, 0.5, 0, 0, 0, 0], [0, 0, 0, 0.03938966989517212, 0, 0, 8, 3, 10, 0, 0, 0, 0, 1, 1, 6, 0, 0, 0, 2, 0, 0.5, 0, 0, 0, 0], [0, 0, 0, 0.0034780353307724, 0, 0, 8, 3, 10, 0, 0, 0, 0, 1, 1, 3, 0, 0, 0, 2, 0, 0.5, 0, 0, 0, 0], [1, 0, 0, 0.0029230117797851562, 0, 0, 8, 13, 20, 1, 0, 0, 0, 10, 2, 1, 0, 0, 0, 12, 0, 0.06451612903225806, 0, 0, 0, 0], [0, 0, 0, 9.180605411529541e-05, 0, 0, 8, 3, 10, 0, 0, 0, 0, 1, 1, 1, 0, 0, 0, 2, 0, 0.125, 0, 0, 0, 0], [0, 0, 0, 0.29326120018959045, 0, 0, 8, 3, 10, 0, 0, 0, 0, 1, 1, 3, 0, 0, 0, 2, 0, 0.5, 0, 0, 0, 0], [0, 0, 0, 0.02465108036994934, 0, 0, 8, 13, 20, 0, 0, 0, 0, 11, 1, 1, 0, 0, 0, 12, 0, 0.25, 0, 0, 0, 0], [0, 0, 0, 0.03331133723258972, 0, 0, 8, 5, 12, 0, 0, 0, 0, 3, 1, 6, 0, 0, 0, 4, 0, 0.5, 0, 0, 0, 0], [0, 0, 0, 0.08144256472587585, 0, 0, 8, 13, 20, 0, 0, 0, 0, 11, 1, 1, 0, 0, 0, 12, 0, 0.05, 0, 0, 0, 0], [0, 0, 0, 0.005221247673034668, 0, 0, 8, 13, 20, 0, 0, 0, 0, 11, 1, 1, 0, 0, 0, 12, 0, 0.25, 0, 0, 0, 0], [0, 0, 0, 0.0023807883262634277, 0, 0, 8, 3, 10, 0, 0, 0, 0, 1, 1, 3, 0, 0, 0, 2, 0, 0.5, 0, 0, 0, 0], [1, 0, 0, 0.025169819593429565, 0, 0, 8, 13, 20, 1, 0, 0, 0, 11, 1, 2, 0, 0, 0, 12, 0, 1.0, 0, 0, 0, 0], [1, 0, 0, 0.006435215473175049, 0, 0, 8, 13, 20, 1, 0, 0, 0, 11, 1, 1, 0, 0, 0, 12, 1, 0.018404907975460124, 0, 0, 0, 0], [0, 0, 0, 0.04285389184951782, 0, 0, 8, 4, 11, 0, 0, 0, 0, 2, 1, 5, 0, 0, 0, 3, 0, 0.5, 0, 0, 0, 0], [0, 0, 0, 0.00863829255104065, 0, 0, 8, 11, 18, 0, 0, 0, 0, 9, 1, 3, 0, 0, 0, 10, 0, 0.5, 0, 0, 0, 0], [0, 0, 0, 0.025786161422729492, 0, 0, 8, 13, 20, 0, 0, 0, 0, 11, 1, 5, 0, 0, 0, 12, 0, 0.6666666666666666, 0, 0, 0, 0], [0, 0, 0, 0.1820988655090332, 0, 0, 8, 3, 10, 0, 0, 0, 0, 1, 1, 3, 0, 0, 0, 2, 0, 0.5, 0, 0, 0, 0], [0, 0, 0, 0.02659076452255249, 0, 0, 8, 3, 10, 0, 0, 0, 0, 1, 1, 5, 0, 0, 0, 2, 0, 0.5, 0, 0, 0, 0], [0, 0, 0, 0.04016128182411194, 0, 0, 8, 10, 17, 0, 0, 0, 0, 8, 1, 4, 0, 0, 0, 9, 0, 0.5, 0, 0, 0, 0], [0, 0, 0, 0.004941672086715698, 0, 0, 8, 13, 20, 0, 0, 0, 0, 11, 1, 2, 0, 0, 0, 12, 0, 0.5, 0, 0, 0, 0], [0, 0, 0, 0.2603440284729004, 0, 0, 8, 3, 10, 0, 0, 0, 0, 1, 1, 8, 0, 0, 0, 2, 0, 1.0, 0, 0, 0, 0], [0, 0, 0, 0.12562638521194458, 0, 0, 8, 4, 11, 0, 0, 0, 0, 2, 1, 3, 0, 0, 0, 3, 0, 0.5, 0, 0, 0, 0], [0, 0, 0, 0.03266754746437073, 0, 0, 8, 13, 20, 0, 0, 0, 0, 11, 1, 2, 0, 0, 0, 12, 0, 0.5, 0, 0, 0, 0], [0, 0, 0, 0.053417354822158813, 0, 0, 8, 13, 20, 0, 0, 0, 0, 11, 1, 2, 0, 0, 0, 12, 0, 0.5, 0, 0, 0, 0], [0, 0, 0, 0.009394288063049316, 0, 0, 8, 13, 20, 0, 0, 0, 0, 11, 1, 1, 0, 0, 0, 12, 0, 0.5, 0, 0, 0, 0], [0, 0, 0, 0.12285792827606201, 0, 0, 8, 3, 10, 0, 0, 0, 0, 1, 1, 7, 0, 0, 0, 2, 0, 0.6666666666666666, 0, 0, 0, 0], [0, 0, 0, 0.06367400288581848, 0, 0, 8, 13, 20, 0, 0, 0, 0, 11, 1, 2, 0, 0, 0, 12, 0, 0.6666666666666666, 0, 0, 0, 0], [0, 0, 0, 0.015162140130996704, 0, 0, 8, 9, 16, 0, 0, 0, 0, 7, 1, 4, 0, 0, 0, 8, 0, 1.0, 0, 0, 0, 0], [0, 0, 0, 0.11026427149772644, 0, 0, 8, 5, 12, 0, 0, 0, 0, 3, 1, 5, 0, 0, 0, 4, 0, 0.5, 0, 0, 0, 0], [0, 0, 0, 0.031148523092269897, 0, 0, 8, 13, 20, 0, 0, 0, 0, 11, 1, 7, 0, 0, 0, 12, 0, 1.0, 0, 0, 0, 0], [0, 0, 0, 0.009529948234558105, 0, 0, 8, 13, 20, 0, 0, 0, 0, 11, 1, 4, 0, 0, 0, 12, 0, 0.5, 0, 0, 0, 0], [1, 0, 0, 0.00943136215209961, 0, 0, 8, 13, 20, 1, 0, 0, 0, 11, 1, 2, 0, 0, 0, 12, 0, 0.5, 0, 0, 0, 0], [0, 0, 0, 0.03218567371368408, 0, 0, 8, 5, 12, 0, 0, 0, 0, 3, 1, 4, 0, 0, 0, 4, 0, 0.5, 0, 0, 0, 0], [0, 0, 0, 0.006147116422653198, 0, 0, 8, 5, 12, 0, 0, 0, 0, 3, 1, 4, 0, 0, 0, 4, 0, 0.5, 0, 0, 0, 0], [0, 0, 0, 0.17291226983070374, 0, 0, 8, 4, 11, 0, 0, 0, 0, 2, 1, 3, 0, 0, 0, 3, 0, 0.5, 0, 0, 0, 0], [0, 0, 0, 0.0854882001876831, 0, 0, 8, 13, 20, 0, 0, 0, 0, 11, 1, 1, 0, 0, 0, 12, 0, 0.05, 0, 0, 0, 0], [0, 0, 0, 0.07494908571243286, 0, 0, 8, 3, 10, 0, 0, 0, 0, 1, 1, 3, 0, 0, 0, 2, 0, 0.5, 0, 0, 0, 0], [0, 0, 0, 0.05695605278015137, 0, 0, 8, 5, 12, 0, 0, 0, 0, 3, 1, 3, 0, 0, 0, 4, 0, 0.5, 0, 0, 0, 0], [0, 0, 0, 0.003939926624298096, 0, 0, 8, 13, 20, 0, 0, 0, 0, 11, 1, 7, 0, 0, 0, 12, 0, 0.5, 0, 0, 0, 0], [0, 0, 0, 0.009448707103729248, 0, 0, 8, 3, 10, 0, 0, 0, 0, 1, 1, 4, 0, 0, 0, 2, 0, 0.5, 0, 0, 0, 0], [0, 0, 0, 0.018343478441238403, 0, 0, 8, 13, 20, 0, 0, 0, 0, 11, 1, 1, 0, 0, 0, 12, 0, 0.25, 0, 0, 0, 0], [0, 0, 0, 0.04281646013259888, 0, 0, 8, 9, 16, 0, 0, 0, 0, 7, 1, 6, 0, 0, 0, 8, 0, 0.5, 0, 0, 0, 0], [0, 0, 0, 0.037175267934799194, 0, 0, 8, 13, 20, 0, 0, 0, 0, 11, 1, 5, 0, 0, 0, 12, 0, 0.5, 0, 0, 0, 0], [0, 0, 0, 0.05826658010482788, 0, 0, 8, 3, 10, 0, 0, 0, 0, 1, 1, 4, 0, 0, 0, 2, 0, 0.5, 0, 0, 0, 0], [0, 0, 0, 0.01543205976486206, 0, 0, 8, 3, 10, 0, 0, 0, 0, 1, 1, 4, 0, 0, 0, 2, 0, 0.5, 0, 0, 0, 0], [0, 0, 0, 0.09628051519393921, 0, 0, 8, 4, 11, 0, 0, 0, 0, 2, 1, 8, 0, 0, 0, 3, 0, 1.0, 0, 0, 0, 0], [0, 0, 0, 0.01508253812789917, 0, 0, 8, 13, 20, 0, 0, 0, 0, 11, 1, 1, 0, 0, 0, 12, 0, 0.6666666666666666, 0, 0, 0, 0], [0, 0, 0, 0.049175143241882324, 0, 0, 8, 10, 17, 0, 0, 0, 0, 8, 1, 4, 0, 0, 0, 9, 0, 0.5, 0, 0, 0, 0], [0, 0, 0, 0.009157359600067139, 0, 0, 8, 3, 10, 0, 0, 0, 0, 1, 1, 7, 0, 0, 0, 2, 0, 0.5, 0, 0, 0, 0], [0, 0, 0, 0.09692415595054626, 0, 0, 8, 4, 11, 0, 0, 0, 0, 2, 1, 3, 0, 0, 0, 3, 0, 0.5, 0, 0, 0, 0], [1, 0, 0, 0.014569520950317383, 0, 0, 8, 4, 11, 1, 0, 0, 0, 2, 1, 7, 0, 0, 0, 3, 0, 0.5, 0, 0, 0, 0], [0, 0, 0, 0.030177026987075806, 0, 0, 8, 13, 20, 0, 0, 0, 0, 11, 1, 1, 0, 0, 0, 12, 0, 0.07692307692307693, 0, 0, 0, 0], [0, 0, 0, 0.10315048694610596, 0, 0, 8, 6, 13, 0, 0, 0, 0, 4, 1, 7, 0, 0, 0, 5, 0, 1.0, 0, 0, 0, 0], [0, 0, 0, 0.06162601709365845, 0, 0, 8, 4, 11, 0, 0, 0, 0, 2, 1, 7, 0, 0, 0, 3, 0, 0.5, 0, 0, 0, 0], [0, 0, 0, 0.01719018816947937, 0, 0, 8, 13, 20, 0, 0, 0, 0, 11, 1, 3, 0, 0, 0, 12, 0, 0.5, 0, 0, 0, 0], [0, 0, 0, 0.01947396993637085, 0, 0, 8, 5, 12, 0, 0, 0, 0, 3, 1, 4, 0, 0, 0, 4, 0, 0.5, 0, 0, 0, 0], [0, 0, 0, 0.010251045227050781, 0, 0, 8, 3, 10, 0, 0, 0, 0, 1, 1, 4, 0, 0, 0, 2, 0, 0.5, 0, 0, 0, 0], [0, 0, 0, 0.0023171305656433105, 0, 0, 8, 3, 10, 0, 0, 0, 0, 1, 1, 4, 0, 0, 0, 2, 0, 0.5, 0, 0, 0, 0], [0, 0, 0, 0.006506741046905518, 0, 0, 8, 3, 10, 0, 0, 0, 0, 1, 1, 1, 0, 0, 0, 2, 0, 0.25, 0, 0, 0, 0], [0, 0, 0, 0.007186770439147949, 0, 0, 8, 13, 20, 0, 0, 0, 0, 11, 1, 7, 0, 0, 0, 12, 0, 0.5, 0, 0, 0, 0], [0, 0, 0, 0.012422949075698853, 0, 0, 8, 6, 13, 0, 0, 0, 0, 4, 1, 2, 0, 0, 0, 5, 0, 0.5, 0, 0, 0, 0], [0, 0, 0, 0.19425612688064575, 0, 0, 8, 3, 10, 0, 0, 0, 0, 1, 1, 3, 0, 0, 0, 2, 0, 0.5, 0, 0, 0, 0], [0, 0, 0, 0.007825970649719238, 0, 0, 8, 13, 20, 0, 0, 0, 0, 11, 1, 3, 0, 0, 0, 12, 0, 0.5, 0, 0, 0, 0], [0, 0, 0, 0.0016161203384399414, 0, 0, 8, 4, 11, 0, 0, 0, 0, 2, 1, 6, 0, 0, 0, 3, 0, 0.5, 0, 0, 0, 0], [0, 0, 0, 0.0052595436573028564, 0, 0, 8, 13, 20, 0, 0, 0, 0, 11, 1, 7, 0, 0, 0, 12, 0, 0.5, 0, 0, 0, 0], [0, 0, 0, 0.12120091915130615, 0, 0, 8, 3, 10, 0, 0, 0, 0, 1, 1, 6, 0, 0, 0, 2, 0, 0.5, 0, 0, 0, 0], [0, 0, 0, 0.011881262063980103, 0, 0, 8, 13, 20, 0, 0, 0, 0, 10, 2, 1, 0, 0, 0, 12, 0, 0.6666666666666666, 0, 0, 0, 0], [0, 0, 0, 0.01055455207824707, 0, 0, 8, 3, 10, 0, 0, 0, 0, 1, 1, 3, 0, 0, 0, 2, 0, 0.5, 0, 0, 0, 0], [0, 0, 0, 0.04414021968841553, 0, 0, 8, 3, 10, 0, 0, 0, 0, 1, 1, 4, 0, 0, 0, 2, 0, 0.5, 0, 0, 0, 0], [0, 0, 0, 0.0626196563243866, 0, 0, 8, 13, 20, 0, 0, 0, 0, 10, 2, 5, 0, 0, 0, 12, 0, 1.0, 0, 0, 0, 0], [0, 0, 0, 0.016487568616867065, 0, 0, 8, 13, 20, 0, 0, 0, 0, 11, 1, 1, 0, 0, 0, 12, 0, 0.6666666666666666, 0, 0, 0, 0], [0, 0, 0, 0.0005544424057006836, 0, 0, 8, 3, 10, 0, 0, 0, 0, 1, 1, 7, 0, 0, 0, 2, 0, 0.5, 0, 0, 0, 0], [0, 0, 0, 0.0005544424057006836, 0, 0, 8, 3, 10, 0, 0, 0, 0, 1, 1, 7, 0, 0, 0, 2, 0, 0.5, 0, 0, 0, 0], [0, 0, 0, 0.03329858183860779, 0, 0, 8, 4, 11, 0, 0, 0, 0, 2, 1, 3, 0, 0, 0, 3, 0, 0.5, 0, 0, 0, 0], [0, 0, 0, 0.006022363901138306, 0, 0, 8, 7, 14, 0, 0, 0, 0, 5, 1, 6, 0, 0, 0, 6, 0, 0.5, 0, 0, 0, 0], [0, 0, 0, 0.007694661617279053, 0, 0, 8, 3, 10, 0, 0, 0, 0, 1, 1, 3, 0, 0, 0, 2, 0, 0.5, 0, 0, 0, 0], [0, 0, 0, 0.0034675002098083496, 0, 0, 8, 5, 12, 0, 0, 0, 0, 3, 1, 2, 0, 0, 0, 4, 0, 0.5, 0, 0, 0, 0], [0, 0, 0, 0.018060356378555298, 0, 0, 8, 9, 16, 0, 0, 0, 0, 7, 1, 4, 0, 0, 0, 8, 0, 0.5, 0, 0, 0, 0], [0, 0, 0, 0.035517752170562744, 0, 0, 8, 3, 10, 0, 0, 0, 0, 1, 1, 6, 0, 0, 0, 2, 0, 0.5, 0, 0, 0, 0], [0, 0, 0, 0.010046601295471191, 0, 0, 8, 3, 10, 0, 0, 0, 0, 1, 1, 3, 0, 0, 0, 2, 0, 0.5, 0, 0, 0, 0], [0, 0, 0, 0.12888890504837036, 0, 0, 8, 9, 16, 0, 0, 0, 0, 7, 1, 3, 0, 0, 0, 8, 0, 0.5, 0, 0, 0, 0], [0, 0, 0, 0.021878093481063843, 0, 0, 8, 6, 13, 0, 0, 0, 0, 4, 1, 5, 0, 0, 0, 5, 0, 0.5, 0, 0, 0, 0], [0, 0, 0, 0.053195953369140625, 0, 0, 8, 6, 13, 0, 0, 0, 0, 4, 1, 3, 0, 0, 0, 5, 0, 0.5, 0, 0, 0, 0], [0, 0, 0, 0.011377424001693726, 0, 0, 8, 13, 20, 0, 0, 0, 0, 11, 1, 1, 0, 0, 0, 12, 0, 0.6666666666666666, 0, 0, 0, 0], [0, 0, 0, 0.10238766670227051, 0, 0, 8, 3, 10, 0, 0, 0, 0, 1, 1, 6, 0, 0, 0, 2, 0, 1.0, 0, 0, 0, 0], [0, 0, 0, 0.012875288724899292, 0, 0, 8, 4, 11, 0, 0, 0, 0, 2, 1, 2, 0, 0, 0, 3, 0, 0.25, 0, 0, 0, 0], [0, 0, 0, 0.22700858116149902, 0, 0, 8, 3, 10, 0, 0, 0, 0, 1, 1, 2, 0, 0, 0, 2, 0, 0.3333333333333333, 0, 0, 0, 0], [0, 0, 0, 0.05509403347969055, 0, 0, 8, 6, 13, 0, 0, 0, 0, 4, 1, 6, 0, 0, 0, 5, 0, 0.5, 0, 0, 0, 0], [0, 0, 0, 0.04030108451843262, 0, 0, 8, 3, 10, 0, 0, 0, 0, 1, 1, 3, 0, 0, 0, 2, 0, 0.5, 0, 0, 0, 0], [0, 0, 0, 0.12319228053092957, 0, 0, 8, 11, 18, 0, 0, 0, 0, 9, 1, 1, 0, 0, 0, 10, 0, 0.5, 0, 0, 0, 0], [0, 0, 0, 0.008832693099975586, 0, 0, 8, 3, 10, 0, 0, 0, 0, 1, 1, 7, 0, 0, 0, 2, 0, 0.5, 0, 0, 0, 0], [0, 0, 0, 0.0036525726318359375, 0, 0, 8, 9, 16, 0, 0, 0, 0, 7, 1, 4, 0, 0, 0, 8, 0, 0.5, 0, 0, 0, 0], [0, 0, 0, 0.002767622470855713, 0, 0, 8, 13, 20, 0, 0, 0, 0, 11, 1, 1, 0, 0, 0, 12, 0, 0.08333333333333333, 0, 0, 0, 0], [0, 0, 0, 0.318573534488678, 0, 0, 8, 3, 10, 0, 0, 0, 0, 1, 1, 2, 0, 0, 0, 2, 0, 0.5, 0, 0, 0, 0], [0, 0, 0, 0.06518828868865967, 0, 0, 8, 10, 17, 0, 0, 0, 0, 8, 1, 6, 0, 0, 0, 9, 0, 0.5, 0, 0, 0, 0], [0, 0, 0, 0.17688947916030884, 0, 0, 8, 7, 14, 0, 0, 0, 0, 4, 2, 8, 0, 0, 0, 6, 0, 1.0, 0, 0, 0, 0], [0, 0, 0, 0.012206494808197021, 0, 0, 8, 11, 18, 0, 0, 0, 0, 9, 1, 2, 0, 0, 0, 10, 0, 0.5, 0, 0, 0, 0], [0, 0, 0, 0.11995276808738708, 0, 0, 8, 6, 13, 0, 0, 0, 0, 4, 1, 2, 0, 0, 0, 5, 0, 0.5, 0, 0, 0, 0], [0, 0, 0, 0.04863011837005615, 0, 0, 8, 3, 10, 0, 0, 0, 0, 1, 1, 4, 0, 0, 0, 2, 0, 0.5, 0, 0, 0, 0], [0, 0, 0, 0.023473292589187622, 0, 0, 8, 13, 20, 0, 0, 0, 0, 11, 1, 4, 0, 0, 0, 12, 0, 0.5, 0, 0, 0, 0], [0, 0, 0, 0.01883518695831299, 0, 0, 8, 13, 20, 0, 0, 0, 0, 11, 1, 2, 0, 0, 0, 12, 0, 0.5, 0, 0, 0, 0], [0, 0, 0, 0.0028848648071289062, 0, 0, 8, 5, 12, 0, 0, 0, 0, 3, 1, 5, 0, 0, 0, 4, 0, 0.5, 0, 0, 0, 0], [0, 0, 0, 0.02059948444366455, 0, 0, 8, 13, 20, 0, 0, 0, 0, 11, 1, 1, 0, 0, 0, 12, 0, 0.3333333333333333, 0, 0, 0, 0], [0, 0, 0, 0.038957178592681885, 0, 0, 8, 4, 11, 0, 0, 0, 0, 2, 1, 7, 0, 0, 0, 3, 0, 0.6666666666666666, 0, 0, 0, 0], [0, 0, 0, 0.022132068872451782, 0, 0, 8, 6, 13, 0, 0, 0, 0, 4, 1, 3, 0, 0, 0, 5, 0, 0.5, 0, 0, 0, 0], [0, 0, 0, 0.021556437015533447, 0, 0, 8, 13, 20, 0, 0, 0, 0, 11, 1, 1, 0, 0, 0, 12, 0, 0.25, 0, 0, 0, 0], [1, 0, 0, 0.040141090750694275, 0, 0, 8, 3, 10, 1, 0, 0, 0, 1, 1, 3, 0, 0, 0, 2, 0, 0.5, 0, 0, 0, 0], [0, 0, 0, 0.008879601955413818, 0, 0, 8, 13, 20, 0, 1, 0, 0, 11, 1, 4, 0, 0, 0, 12, 0, 1.0, 0, 0, 0, 0], [0, 0, 0, 0.10569621622562408, 0, 0, 8, 3, 10, 0, 0, 0, 0, 1, 1, 3, 0, 0, 0, 2, 0, 0.5, 0, 0, 0, 0], [0, 0, 0, 0.1557103991508484, 0, 0, 8, 3, 10, 0, 0, 0, 0, 1, 1, 6, 0, 0, 0, 2, 0, 0.6666666666666666, 0, 0, 0, 0], [0, 0, 0, 0.009132325649261475, 0, 0, 8, 10, 17, 0, 0, 0, 0, 8, 1, 7, 0, 0, 0, 9, 0, 0.5, 0, 0, 0, 0], [0, 0, 0, 0.016286253929138184, 0, 0, 8, 13, 20, 0, 0, 0, 0, 11, 1, 2, 0, 0, 0, 12, 0, 0.5, 0, 0, 0, 0], [0, 0, 0, 0.06551849842071533, 0, 0, 8, 4, 11, 0, 0, 0, 0, 2, 1, 4, 0, 0, 0, 3, 0, 0.5, 0, 0, 0, 0], [0, 0, 0, 0.0011789649724960327, 0, 0, 8, 3, 10, 0, 0, 0, 0, 1, 1, 1, 0, 0, 0, 2, 0, 0.07142857142857142, 0, 0, 0, 0], [0, 0, 0, 0.12298865616321564, 0, 0, 8, 9, 16, 0, 0, 0, 0, 7, 1, 4, 0, 0, 0, 8, 0, 0.5, 0, 0, 0, 0], [0, 0, 0, 0.009097635746002197, 0, 0, 8, 13, 20, 0, 0, 0, 0, 11, 1, 3, 0, 0, 0, 12, 0, 1.0, 0, 0, 0, 0], [0, 0, 0, 0.035054147243499756, 0, 0, 8, 8, 15, 0, 0, 0, 0, 6, 1, 6, 0, 0, 0, 7, 0, 0.5, 0, 0, 0, 0], [1, 0, 1, 0.00883263349533081, 0, 1, 8, 3, 10, 1, 0, 0, 0, 1, 1, 7, 0, 0, 0, 2, 0, 0.5, 0, 0, 1, 0], [0, 0, 0, 0.04309794306755066, 0, 0, 8, 6, 13, 0, 0, 0, 0, 4, 1, 6, 0, 0, 0, 5, 0, 0.5, 0, 0, 0, 0], [0, 0, 0, 0.012481540441513062, 0, 0, 8, 13, 20, 0, 0, 0, 0, 11, 1, 1, 0, 0, 0, 12, 0, 0.6666666666666666, 0, 0, 0, 0], [0, 0, 0, 0.003040224313735962, 0, 0, 8, 8, 15, 0, 0, 0, 0, 6, 1, 6, 0, 0, 0, 7, 0, 0.5, 0, 0, 0, 0], [0, 0, 0, 0.007397681474685669, 0, 0, 8, 3, 10, 0, 0, 0, 0, 1, 1, 1, 0, 0, 0, 2, 0, 0.125, 0, 0, 0, 0], [0, 0, 0, 0.028118014335632324, 0, 0, 8, 3, 10, 0, 0, 0, 0, 1, 1, 4, 0, 0, 0, 2, 0, 0.5, 0, 0, 0, 0], [0, 0, 0, 0.24823719263076782, 0, 0, 8, 4, 11, 0, 0, 0, 0, 2, 1, 4, 0, 0, 0, 3, 0, 0.5, 0, 0, 0, 0], [0, 0, 0, 0.01221078634262085, 0, 0, 8, 5, 12, 0, 0, 0, 0, 3, 1, 7, 0, 0, 0, 4, 0, 0.5, 0, 0, 0, 0], [0, 0, 0, 0.11347830295562744, 0, 0, 8, 3, 10, 0, 0, 0, 0, 1, 1, 4, 0, 0, 0, 2, 0, 0.5, 0, 0, 0, 0], [0, 0, 0, 0.2012445330619812, 0, 0, 8, 4, 11, 0, 0, 0, 0, 2, 1, 4, 0, 0, 0, 3, 0, 0.5, 0, 0, 0, 0], [0, 0, 0, 0.0003922879695892334, 0, 0, 8, 3, 10, 0, 1, 0, 0, 1, 1, 2, 0, 0, 0, 2, 0, 0.5, 0, 0, 0, 0], [0, 0, 0, 0.12285780906677246, 0, 0, 8, 3, 10, 0, 0, 0, 0, 1, 1, 7, 0, 0, 0, 2, 0, 0.6666666666666666, 0, 0, 0, 0], [0, 0, 0, 0.09347730875015259, 0, 0, 8, 3, 10, 0, 0, 0, 0, 1, 1, 4, 0, 0, 0, 2, 0, 0.5, 0, 0, 0, 0], [0, 0, 0, 0.014755010604858398, 0, 0, 8, 13, 20, 0, 0, 0, 0, 11, 1, 1, 0, 0, 0, 12, 0, 0.6666666666666666, 0, 0, 0, 0], [0, 0, 0, 0.11305180191993713, 0, 0, 8, 13, 20, 0, 0, 0, 0, 11, 1, 4, 0, 0, 0, 12, 0, 0.5, 0, 0, 0, 0], [0, 0, 0, 0.2195703387260437, 0, 0, 8, 3, 10, 0, 0, 0, 0, 1, 1, 5, 0, 0, 0, 2, 0, 0.5, 0, 0, 0, 0], [0, 0, 0, 0.02466544508934021, 0, 0, 8, 13, 20, 0, 0, 0, 0, 11, 1, 1, 0, 0, 0, 12, 0, 0.25, 0, 0, 0, 0], [0, 0, 0, 0.060183972120285034, 0, 0, 8, 5, 12, 0, 0, 0, 0, 3, 1, 6, 0, 0, 0, 4, 0, 0.6666666666666666, 0, 0, 0, 0], [0, 0, 0, 0.06761425733566284, 0, 0, 8, 7, 14, 0, 1, 0, 0, 5, 1, 4, 0, 0, 0, 6, 0, 0.5, 0, 0, 0, 0], [0, 0, 0, 0.15571045875549316, 0, 0, 8, 3, 10, 0, 0, 0, 0, 1, 1, 7, 0, 0, 0, 2, 0, 0.6666666666666666, 0, 0, 0, 0], [0, 0, 0, 0.01095476746559143, 0, 0, 8, 6, 13, 0, 0, 0, 0, 4, 1, 5, 0, 0, 0, 5, 0, 0.5, 0, 0, 0, 0], [0, 0, 0, 0.010999500751495361, 0, 0, 8, 13, 20, 0, 0, 0, 0, 11, 1, 1, 0, 0, 0, 12, 0, 0.07142857142857142, 0, 0, 0, 0], [0, 0, 0, 0.11671289801597595, 0, 0, 8, 4, 11, 0, 0, 0, 0, 2, 1, 3, 0, 0, 0, 3, 0, 0.5, 0, 0, 0, 0], [0, 0, 0, 0.040235817432403564, 0, 0, 8, 3, 10, 0, 0, 0, 0, 1, 1, 3, 0, 0, 0, 2, 0, 0.5, 0, 0, 0, 0], [0, 0, 0, 0.06262463331222534, 0, 0, 8, 3, 10, 0, 0, 0, 0, 1, 1, 3, 0, 0, 0, 2, 0, 0.5, 0, 0, 0, 0], [0, 0, 0, 0.023348957300186157, 0, 0, 8, 13, 20, 0, 0, 0, 0, 11, 1, 2, 0, 0, 0, 12, 0, 0.5, 0, 0, 0, 0], [0, 0, 0, 0.020101577043533325, 0, 0, 8, 3, 10, 0, 0, 0, 0, 1, 1, 5, 0, 0, 0, 2, 0, 0.5, 0, 0, 0, 0], [0, 0, 0, 0.007981479167938232, 0, 0, 8, 13, 20, 0, 0, 0, 0, 11, 1, 2, 0, 0, 0, 12, 0, 0.5, 0, 0, 0, 0], [0, 0, 0, 0.007278233766555786, 0, 0, 8, 3, 10, 0, 0, 0, 0, 1, 1, 4, 0, 0, 0, 2, 0, 0.5, 0, 0, 0, 0], [0, 0, 0, 0.1414940357208252, 0, 0, 8, 3, 10, 0, 0, 0, 0, 1, 1, 4, 0, 0, 0, 2, 0, 0.5, 0, 0, 0, 0], [0, 0, 0, 0.1327667236328125, 0, 0, 8, 11, 18, 0, 0, 0, 0, 9, 1, 1, 0, 0, 0, 10, 0, 0.5, 0, 0, 0, 0], [0, 0, 0, 0.47538241744041443, 0, 0, 8, 3, 10, 0, 0, 0, 0, 1, 1, 2, 0, 0, 0, 2, 0, 0.5, 0, 0, 0, 0], [0, 0, 0, 0.05079209804534912, 0, 0, 8, 13, 20, 0, 0, 0, 0, 11, 1, 4, 0, 0, 0, 12, 0, 0.5, 0, 0, 0, 0], [0, 0, 0, 0.0005544424057006836, 0, 0, 8, 3, 10, 0, 0, 0, 0, 1, 1, 7, 0, 0, 0, 2, 0, 0.5, 0, 0, 0, 0], [0, 0, 0, 0.011748582124710083, 0, 0, 8, 13, 20, 0, 0, 0, 0, 11, 1, 1, 0, 0, 0, 12, 0, 0.25, 0, 0, 0, 0], [0, 0, 0, 0.0025651156902313232, 0, 0, 8, 13, 20, 0, 0, 0, 0, 11, 1, 2, 0, 0, 0, 12, 0, 0.25, 0, 0, 0, 0], [0, 0, 0, 0.048160284757614136, 0, 0, 8, 5, 12, 0, 0, 0, 0, 3, 1, 4, 0, 0, 0, 4, 0, 0.5, 0, 0, 0, 0], [0, 0, 0, 0.005620777606964111, 0, 0, 8, 12, 19, 0, 0, 0, 0, 10, 1, 4, 0, 0, 0, 11, 0, 0.5, 0, 0, 0, 0], [0, 0, 0, 0.10898908972740173, 0, 0, 8, 3, 10, 0, 0, 0, 0, 1, 1, 4, 0, 0, 0, 2, 0, 0.5, 0, 0, 0, 0], [0, 0, 0, 0.10803943872451782, 0, 0, 8, 13, 20, 0, 0, 0, 0, 11, 1, 7, 0, 0, 0, 12, 0, 0.6666666666666666, 0, 0, 0, 0], [0, 0, 0, 0.0767626166343689, 0, 0, 8, 7, 14, 0, 0, 0, 0, 5, 1, 4, 0, 0, 0, 6, 0, 1.0, 0, 0, 0, 0], [0, 0, 0, 0.013584017753601074, 0, 0, 8, 4, 11, 0, 0, 0, 0, 2, 1, 7, 0, 0, 0, 3, 0, 0.5, 0, 0, 0, 0], [0, 0, 0, 0.01232638955116272, 0, 0, 8, 13, 20, 0, 0, 0, 0, 11, 1, 1, 0, 0, 0, 12, 0, 0.07142857142857142, 0, 0, 0, 0], [0, 0, 0, 0.0330318808555603, 0, 0, 8, 3, 10, 0, 0, 0, 0, 1, 1, 3, 0, 0, 0, 2, 0, 0.5, 0, 0, 0, 0], [0, 0, 0, 0.06640630960464478, 0, 0, 8, 3, 10, 0, 0, 0, 0, 1, 1, 4, 0, 0, 0, 2, 0, 0.5, 0, 0, 0, 0], [0, 0, 0, 0.023071765899658203, 0, 0, 8, 13, 20, 0, 0, 0, 0, 10, 2, 1, 0, 0, 0, 12, 0, 0.25, 0, 0, 0, 0], [0, 0, 0, 0.008644819259643555, 0, 0, 8, 3, 10, 0, 0, 0, 0, 1, 1, 7, 0, 0, 0, 2, 0, 0.5, 0, 0, 0, 0], [0, 0, 0, 0.2931804656982422, 0, 0, 8, 3, 10, 0, 0, 0, 0, 1, 1, 3, 0, 0, 0, 2, 0, 0.3333333333333333, 0, 0, 0, 0], [0, 0, 0, 0.0047234296798706055, 0, 0, 8, 3, 10, 0, 0, 0, 0, 1, 1, 3, 0, 0, 0, 2, 0, 0.5, 0, 0, 0, 0], [0, 0, 0, 0.005256950855255127, 0, 0, 8, 13, 20, 0, 0, 0, 0, 11, 1, 2, 0, 0, 0, 12, 0, 0.5, 0, 0, 0, 0], [0, 0, 0, 0.05658602714538574, 0, 0, 8, 6, 13, 0, 0, 0, 0, 4, 1, 4, 0, 0, 0, 5, 0, 0.5, 0, 0, 0, 0], [0, 0, 0, 0.025057226419448853, 0, 0, 8, 13, 20, 0, 0, 0, 0, 11, 1, 5, 0, 0, 0, 12, 0, 0.5, 0, 0, 0, 0], [0, 0, 0, 0.22049546241760254, 0, 0, 8, 4, 11, 0, 0, 0, 0, 2, 1, 3, 0, 0, 0, 3, 0, 0.5, 0, 0, 0, 0], [0, 0, 0, 0.015830010175704956, 0, 0, 8, 6, 13, 0, 0, 0, 0, 4, 1, 6, 0, 0, 0, 5, 0, 0.5, 0, 0, 0, 0], [0, 0, 0, 0.03984531760215759, 0, 0, 8, 3, 10, 0, 0, 0, 0, 1, 1, 4, 0, 0, 0, 2, 0, 0.5, 0, 0, 0, 0], [0, 0, 0, 0.011286735534667969, 0, 0, 8, 4, 11, 0, 0, 0, 0, 2, 1, 1, 0, 0, 0, 3, 0, 0.06666666666666667, 0, 0, 0, 0], [0, 0, 0, 0.007356584072113037, 0, 0, 8, 13, 20, 0, 0, 0, 0, 11, 1, 2, 0, 0, 0, 12, 0, 0.5, 0, 0, 0, 0], [0, 0, 0, 0.21028625965118408, 0, 0, 8, 3, 10, 0, 0, 0, 0, 1, 1, 3, 0, 0, 0, 2, 0, 0.5, 0, 0, 0, 0], [0, 0, 0, 0.007049620151519775, 0, 0, 8, 13, 20, 0, 0, 0, 0, 11, 1, 1, 0, 0, 0, 12, 0, 0.06666666666666667, 0, 0, 0, 0], [0, 0, 0, 0.33251872658729553, 0, 0, 8, 3, 10, 0, 0, 0, 0, 1, 1, 3, 0, 0, 0, 2, 0, 0.5, 0, 0, 0, 0], [0, 0, 0, 0.0818597674369812, 1, 0, 8, 13, 20, 0, 0, 0, 0, 11, 1, 1, 0, 0, 0, 12, 0, 0.03225806451612903, 0, 0, 0, 0], [0, 0, 0, 0.004319548606872559, 0, 0, 8, 13, 20, 0, 0, 1, 0, 11, 1, 3, 0, 0, 0, 12, 0, 0.5, 0, 0, 0, 0], [0, 0, 0, 0.01760566234588623, 0, 0, 8, 5, 12, 0, 0, 0, 0, 3, 1, 5, 0, 0, 0, 4, 0, 0.5, 0, 0, 0, 0], [0, 0, 0, 0.009047508239746094, 0, 0, 8, 3, 10, 0, 0, 0, 0, 1, 1, 4, 0, 0, 0, 2, 0, 0.5, 0, 0, 0, 0], [0, 0, 0, 0.08729225397109985, 0, 0, 8, 6, 13, 0, 0, 0, 0, 4, 1, 4, 0, 0, 0, 5, 0, 0.5, 0, 0, 0, 0], [0, 0, 0, 0.016100168228149414, 0, 0, 8, 13, 20, 0, 0, 0, 0, 11, 1, 1, 0, 0, 0, 12, 0, 0.25, 0, 0, 0, 0], [0, 0, 0, 0.01623445749282837, 0, 0, 8, 4, 11, 0, 0, 0, 0, 2, 1, 3, 0, 0, 0, 3, 0, 0.3333333333333333, 0, 0, 0, 0], [0, 0, 0, 0.01422572135925293, 0, 0, 8, 3, 10, 0, 0, 0, 0, 1, 1, 3, 0, 0, 0, 2, 0, 0.3333333333333333, 0, 0, 0, 0], [0, 0, 0, 0.010933011770248413, 0, 0, 8, 13, 20, 0, 0, 0, 0, 10, 2, 6, 0, 0, 0, 12, 0, 0.5, 0, 0, 0, 0], [0, 0, 0, 0.014599204063415527, 0, 0, 8, 13, 20, 0, 0, 0, 0, 11, 1, 1, 0, 0, 0, 12, 0, 1.0, 0, 0, 0, 0], [0, 0, 0, 0.20978927612304688, 0, 0, 8, 3, 10, 0, 1, 0, 0, 1, 1, 4, 0, 0, 0, 2, 0, 0.5, 0, 0, 0, 0], [0, 0, 0, 0.03966657817363739, 0, 0, 8, 6, 13, 0, 0, 0, 0, 4, 1, 2, 0, 0, 0, 5, 0, 0.5, 0, 0, 0, 0], [0, 0, 0, 0.012820005416870117, 0, 0, 8, 3, 10, 0, 0, 0, 0, 1, 1, 4, 0, 0, 0, 2, 0, 0.5, 0, 0, 0, 0], [0, 0, 0, 0.051043957471847534, 0, 0, 8, 13, 20, 0, 0, 0, 0, 11, 1, 5, 0, 0, 0, 12, 0, 0.5, 0, 0, 0, 0], [1, 0, 0, 0.04991430044174194, 0, 0, 8, 4, 11, 1, 0, 0, 0, 2, 1, 6, 0, 0, 0, 3, 0, 1.0, 0, 0, 0, 0], [0, 0, 0, 0.01506546139717102, 0, 0, 8, 13, 20, 0, 0, 0, 0, 10, 2, 1, 0, 0, 0, 12, 0, 0.25, 0, 0, 0, 0], [0, 0, 0, 0.01448717713356018, 0, 0, 8, 6, 13, 0, 0, 0, 0, 4, 1, 6, 0, 0, 0, 5, 0, 1.0, 0, 0, 0, 0], [0, 0, 0, 0.015033036470413208, 0, 0, 8, 13, 20, 0, 0, 0, 0, 11, 1, 2, 0, 0, 0, 12, 0, 0.5, 0, 0, 0, 0], [0, 0, 0, 0.05633452534675598, 0, 0, 8, 4, 11, 0, 0, 0, 0, 2, 1, 2, 0, 0, 0, 3, 0, 0.2, 0, 0, 0, 0], [0, 0, 0, 0.3311460614204407, 0, 0, 8, 3, 10, 0, 0, 0, 0, 1, 1, 2, 0, 0, 0, 2, 0, 0.5, 0, 0, 0, 0], [0, 0, 0, 0.10870873928070068, 0, 0, 8, 4, 11, 0, 0, 0, 0, 2, 1, 5, 0, 0, 0, 3, 0, 0.5, 0, 0, 0, 0], [0, 0, 0, 0.015138298273086548, 0, 0, 8, 7, 14, 0, 0, 0, 0, 5, 1, 4, 0, 0, 0, 6, 0, 0.5, 0, 0, 0, 0], [0, 0, 0, 0.0038073062896728516, 0, 0, 8, 13, 20, 0, 0, 0, 0, 11, 1, 1, 0, 0, 0, 12, 0, 0.125, 0, 0, 0, 0], [0, 0, 0, 0.014852046966552734, 0, 0, 8, 13, 20, 0, 0, 0, 0, 11, 1, 1, 0, 0, 0, 12, 0, 0.6666666666666666, 0, 0, 0, 0], [0, 0, 0, 0.01888197660446167, 0, 0, 8, 6, 13, 0, 0, 0, 0, 4, 1, 4, 0, 0, 0, 5, 0, 0.5, 0, 0, 0, 0], [0, 0, 0, 0.0363582968711853, 0, 0, 8, 3, 10, 0, 0, 0, 0, 1, 1, 3, 0, 0, 0, 2, 0, 0.5, 0, 0, 0, 0], [0, 0, 0, 0.007238447666168213, 0, 0, 8, 9, 16, 0, 0, 0, 0, 6, 2, 7, 0, 0, 0, 8, 0, 0.5, 0, 0, 0, 0], [0, 0, 0, 0.042319655418395996, 0, 0, 8, 3, 10, 0, 0, 0, 0, 1, 1, 4, 0, 0, 0, 2, 0, 0.5, 0, 0, 0, 0], [0, 0, 0, 0.0015697181224822998, 0, 0, 8, 6, 13, 0, 0, 0, 0, 4, 1, 7, 0, 0, 0, 5, 0, 0.6666666666666666, 0, 0, 0, 0], [0, 0, 0, 0.04289114475250244, 0, 0, 8, 4, 11, 0, 0, 0, 0, 2, 1, 2, 0, 0, 0, 3, 0, 0.2, 0, 0, 0, 0], [0, 0, 0, 0.01737302541732788, 0, 0, 8, 13, 20, 0, 0, 0, 0, 11, 1, 2, 0, 0, 0, 12, 0, 0.5, 0, 0, 0, 0], [0, 0, 0, 0.000326007604598999, 0, 0, 8, 13, 20, 0, 0, 0, 0, 10, 2, 4, 0, 0, 0, 12, 0, 0.5, 0, 0, 0, 0], [0, 0, 0, 0.003246873617172241, 0, 0, 8, 13, 20, 0, 0, 0, 0, 11, 1, 1, 0, 0, 0, 12, 0, 0.6666666666666666, 0, 0, 0, 0], [0, 0, 0, 0.03915607929229736, 0, 0, 8, 4, 11, 0, 0, 0, 0, 2, 1, 4, 0, 0, 0, 3, 0, 0.5, 0, 0, 0, 0], [0, 0, 0, 0.0005559325218200684, 0, 0, 8, 13, 20, 0, 0, 0, 0, 10, 2, 7, 0, 0, 0, 12, 0, 0.5, 0, 0, 0, 0], [0, 0, 0, 0.052364349365234375, 0, 0, 8, 4, 11, 0, 0, 0, 0, 2, 1, 7, 0, 0, 0, 3, 0, 0.6666666666666666, 0, 0, 0, 0], [0, 0, 0, 0.10238766670227051, 0, 0, 8, 3, 10, 0, 0, 0, 0, 1, 1, 6, 0, 0, 0, 2, 0, 1.0, 0, 0, 0, 0], [0, 0, 0, 0.004033982753753662, 0, 0, 8, 10, 17, 0, 0, 0, 0, 8, 1, 1, 0, 0, 0, 9, 0, 0.08333333333333333, 0, 0, 0, 0], [0, 0, 0, 0.021262794733047485, 0, 0, 8, 13, 20, 0, 0, 0, 0, 11, 1, 1, 0, 0, 0, 12, 0, 0.5, 0, 0, 0, 0], [0, 0, 0, 0.09817895293235779, 0, 0, 8, 13, 20, 0, 0, 0, 0, 11, 1, 1, 0, 0, 0, 12, 0, 0.05, 0, 0, 0, 0], [0, 0, 0, 0.14367961883544922, 0, 0, 8, 3, 10, 0, 0, 0, 0, 1, 1, 4, 0, 0, 0, 2, 0, 0.5, 0, 0, 0, 0], [0, 0, 0, 0.030016958713531494, 0, 0, 8, 13, 20, 0, 0, 0, 0, 11, 1, 5, 0, 0, 0, 12, 0, 0.5, 0, 0, 0, 0], [0, 0, 0, 0.02354586124420166, 0, 0, 8, 13, 20, 0, 0, 0, 0, 11, 1, 1, 0, 0, 0, 12, 0, 0.25, 0, 0, 0, 0], [0, 0, 0, 0.008561253547668457, 0, 0, 8, 3, 10, 0, 0, 0, 0, 1, 1, 2, 0, 0, 0, 2, 0, 0.5, 0, 0, 0, 0], [0, 0, 0, 0.005371600389480591, 0, 0, 8, 5, 12, 0, 0, 0, 0, 3, 1, 5, 0, 0, 0, 4, 0, 0.5, 0, 0, 0, 0], [0, 0, 0, 0.006722778081893921, 0, 0, 8, 13, 20, 0, 0, 0, 0, 10, 2, 1, 0, 0, 0, 12, 0, 0.07142857142857142, 0, 0, 0, 0], [0, 0, 0, 0.015773802995681763, 0, 0, 8, 13, 20, 0, 0, 0, 0, 11, 1, 1, 0, 0, 0, 12, 0, 0.25, 0, 0, 0, 0], [0, 0, 0, 0.13791191577911377, 0, 0, 8, 4, 11, 0, 0, 0, 0, 2, 1, 2, 0, 0, 0, 3, 0, 0.5, 0, 0, 0, 0], [0, 0, 0, 0.010988503694534302, 0, 0, 8, 7, 14, 0, 0, 0, 0, 5, 1, 4, 0, 0, 0, 6, 0, 0.5, 0, 0, 0, 0], [0, 0, 0, 0.02880626916885376, 0, 0, 8, 13, 20, 0, 0, 0, 0, 9, 2, 4, 0, 0, 0, 12, 0, 1.0, 0, 0, 0, 0], [0, 0, 0, 0.2031252086162567, 0, 0, 8, 3, 10, 0, 0, 0, 0, 1, 1, 2, 0, 0, 0, 2, 0, 0.25, 0, 0, 0, 0], [0, 0, 0, 0.019913077354431152, 0, 0, 8, 13, 20, 0, 0, 0, 0, 11, 1, 1, 0, 0, 0, 12, 0, 0.25, 0, 0, 0, 0], [0, 0, 0, 0.010359853506088257, 0, 0, 8, 13, 20, 0, 0, 0, 0, 11, 1, 1, 0, 0, 0, 12, 0, 0.018404907975460124, 0, 0, 0, 0], [0, 0, 0, 0.015474557876586914, 0, 0, 8, 13, 20, 0, 0, 0, 0, 11, 1, 2, 0, 0, 0, 12, 0, 0.5, 0, 0, 0, 0], [0, 0, 0, 0.033081650733947754, 0, 0, 8, 3, 10, 0, 0, 0, 0, 1, 1, 4, 0, 0, 0, 2, 0, 0.5, 0, 0, 0, 0], [0, 0, 0, 0.0100669264793396, 0, 0, 8, 13, 20, 0, 0, 0, 0, 10, 2, 1, 0, 0, 0, 12, 0, 0.06451612903225806, 0, 0, 0, 0], [0, 0, 0, 0.00031048059463500977, 0, 0, 8, 13, 20, 0, 0, 0, 0, 11, 1, 7, 0, 0, 0, 12, 0, 0.5, 0, 0, 0, 0], [0, 0, 0, 0.039722323417663574, 0, 0, 8, 13, 20, 0, 0, 0, 0, 11, 1, 1, 0, 0, 0, 12, 0, 0.03225806451612903, 0, 0, 0, 0], [0, 0, 0, 0.003478139638900757, 0, 0, 8, 10, 17, 0, 0, 0, 0, 8, 1, 6, 0, 0, 0, 9, 0, 0.5, 0, 0, 0, 0], [0, 0, 0, 0.055705249309539795, 0, 0, 8, 9, 16, 0, 0, 0, 0, 7, 1, 3, 0, 0, 0, 8, 0, 0.5, 0, 0, 0, 0], [0, 0, 0, 0.016751587390899658, 0, 0, 8, 3, 10, 0, 0, 0, 0, 1, 1, 5, 0, 0, 0, 2, 0, 0.5, 0, 0, 0, 0], [0, 0, 0, 0.02152007818222046, 0, 0, 8, 3, 10, 0, 0, 0, 0, 1, 1, 7, 0, 0, 0, 2, 0, 0.5, 0, 0, 0, 0], [0, 0, 0, 0.08046180009841919, 0, 0, 8, 3, 10, 0, 0, 0, 0, 1, 1, 3, 0, 0, 0, 2, 0, 0.5, 0, 0, 0, 0], [0, 0, 0, 0.02706971764564514, 0, 0, 8, 4, 11, 0, 0, 0, 0, 2, 1, 4, 0, 0, 0, 3, 0, 0.5, 0, 0, 0, 0], [0, 0, 0, 0.031063318252563477, 0, 0, 8, 5, 12, 0, 0, 0, 0, 3, 1, 7, 0, 0, 0, 4, 0, 0.5, 0, 0, 0, 0], [0, 0, 0, 0.0058934688568115234, 0, 0, 8, 4, 11, 0, 0, 0, 0, 2, 1, 7, 0, 0, 0, 3, 0, 0.5, 0, 0, 0, 0], [0, 0, 0, 0.0293351411819458, 0, 0, 8, 13, 20, 0, 0, 0, 0, 11, 1, 1, 0, 0, 0, 12, 0, 0.5, 0, 0, 0, 0], [0, 0, 0, 0.02143743634223938, 0, 0, 8, 13, 20, 0, 0, 0, 0, 11, 1, 1, 0, 0, 0, 12, 0, 0.06451612903225806, 0, 0, 0, 0], [0, 0, 0, 0.005169123411178589, 0, 0, 8, 13, 20, 0, 0, 0, 0, 11, 1, 1, 0, 0, 0, 12, 0, 0.6666666666666666, 0, 0, 0, 0], [0, 0, 0, 0.009544819593429565, 0, 0, 8, 3, 10, 0, 0, 0, 0, 1, 1, 4, 0, 0, 0, 2, 0, 0.5, 0, 0, 0, 0], [0, 0, 0, 0.04808822274208069, 0, 0, 8, 3, 10, 0, 0, 0, 0, 1, 1, 5, 0, 0, 0, 2, 0, 0.5, 0, 0, 0, 0], [0, 0, 0, 0.09232941269874573, 0, 0, 8, 13, 20, 0, 0, 1, 0, 11, 1, 1, 0, 0, 0, 12, 0, 0.05, 0, 0, 0, 0], [0, 0, 0, 0.012920618057250977, 0, 0, 8, 4, 11, 0, 0, 0, 0, 2, 1, 4, 0, 0, 0, 3, 0, 0.5, 0, 0, 0, 0], [0, 0, 0, 0.031970083713531494, 0, 0, 8, 13, 20, 0, 0, 0, 0, 10, 2, 3, 0, 0, 0, 12, 0, 1.0, 0, 0, 0, 0], [0, 0, 0, 0.002991706132888794, 0, 0, 8, 5, 12, 0, 0, 0, 0, 3, 1, 5, 0, 0, 0, 4, 0, 0.5, 0, 0, 0, 0], [0, 0, 0, 0.01010066270828247, 0, 0, 8, 13, 20, 0, 0, 0, 0, 10, 2, 1, 0, 0, 0, 12, 0, 0.6666666666666666, 0, 0, 0, 0], [0, 0, 0, 0.05703002214431763, 0, 0, 8, 7, 14, 0, 0, 0, 0, 5, 1, 5, 0, 0, 0, 6, 0, 0.5, 0, 0, 0, 0], [0, 0, 0, 0.08904299139976501, 0, 0, 8, 13, 20, 0, 0, 0, 0, 11, 1, 1, 0, 0, 0, 12, 0, 0.05, 0, 0, 0, 0], [0, 0, 0, 0.17571836709976196, 0, 0, 8, 10, 17, 0, 0, 0, 0, 8, 1, 6, 0, 0, 0, 9, 0, 0.5, 0, 0, 0, 0], [0, 0, 0, 0.13901448249816895, 0, 0, 8, 4, 11, 0, 0, 0, 0, 2, 1, 3, 0, 0, 0, 3, 0, 0.5, 0, 0, 0, 0], [0, 0, 0, 0.03950470685958862, 0, 0, 8, 13, 20, 0, 0, 0, 0, 10, 2, 1, 0, 0, 0, 12, 0, 0.018404907975460124, 0, 0, 0, 0], [0, 0, 0, 0.04638218879699707, 0, 0, 8, 5, 12, 0, 0, 0, 0, 3, 1, 4, 0, 0, 0, 4, 0, 0.5, 0, 0, 0, 0], [0, 0, 0, 0.02087545394897461, 0, 0, 8, 3, 10, 0, 0, 0, 0, 1, 1, 6, 0, 0, 0, 2, 0, 0.5, 0, 0, 0, 0], [0, 0, 0, 0.02327829599380493, 0, 0, 8, 13, 20, 0, 0, 0, 0, 11, 1, 5, 0, 0, 0, 12, 0, 0.5, 0, 0, 0, 0], [0, 0, 0, 0.08675757050514221, 0, 0, 8, 3, 10, 0, 0, 0, 0, 1, 1, 3, 0, 0, 0, 2, 0, 0.5, 0, 0, 0, 0], [0, 0, 0, 0.035474956035614014, 0, 0, 8, 13, 20, 0, 0, 0, 0, 11, 1, 1, 0, 0, 0, 12, 0, 0.018404907975460124, 0, 0, 0, 0], [0, 0, 0, 0.0014747679233551025, 0, 0, 8, 5, 12, 0, 0, 0, 0, 3, 1, 4, 0, 0, 0, 4, 0, 0.5, 0, 0, 0, 0], [0, 0, 0, 0.017489641904830933, 0, 0, 8, 3, 10, 0, 0, 0, 0, 1, 1, 4, 0, 0, 0, 2, 0, 0.5, 0, 0, 0, 0], [0, 0, 0, 0.017074614763259888, 0, 0, 8, 7, 14, 0, 0, 0, 0, 5, 1, 6, 0, 0, 0, 6, 0, 0.5, 0, 0, 0, 0], [0, 0, 0, 0.06306707859039307, 0, 0, 8, 13, 20, 0, 0, 0, 0, 11, 1, 6, 0, 0, 0, 12, 0, 0.5, 0, 0, 0, 0], [0, 0, 0, 0.10492220520973206, 0, 0, 8, 5, 12, 0, 0, 0, 0, 3, 1, 4, 0, 0, 0, 4, 0, 0.5, 0, 0, 0, 0], [0, 0, 0, 0.01842719316482544, 0, 0, 8, 6, 13, 0, 0, 0, 0, 4, 1, 6, 0, 0, 0, 5, 0, 0.5, 0, 0, 0, 0], [0, 0, 0, 0.13710007071495056, 0, 0, 8, 4, 11, 0, 0, 0, 0, 2, 1, 4, 0, 0, 0, 3, 0, 0.5, 0, 0, 0, 0], [0, 0, 0, 0.013931751251220703, 0, 0, 8, 5, 12, 0, 0, 0, 0, 3, 1, 6, 0, 0, 0, 4, 0, 0.5, 0, 0, 0, 0], [0, 0, 0, 0.18735933303833008, 0, 0, 8, 3, 10, 0, 0, 0, 0, 1, 1, 2, 0, 0, 0, 2, 0, 0.5, 0, 0, 0, 0], [0, 0, 0, 0.08367568254470825, 0, 0, 8, 3, 10, 0, 0, 0, 0, 1, 1, 4, 0, 0, 0, 2, 0, 0.5, 0, 0, 0, 0], [0, 0, 0, 0.011126607656478882, 0, 0, 8, 13, 20, 0, 0, 0, 0, 10, 2, 1, 0, 0, 0, 12, 0, 0.6666666666666666, 0, 0, 0, 0], [0, 0, 0, 0.04536604881286621, 0, 0, 8, 7, 14, 0, 0, 0, 0, 5, 1, 4, 0, 0, 0, 6, 0, 0.5, 0, 0, 0, 0], [0, 0, 0, 0.011268585920333862, 0, 0, 8, 13, 20, 0, 0, 0, 0, 11, 1, 4, 0, 0, 0, 12, 0, 0.5, 0, 0, 0, 0], [0, 0, 0, 0.035287708044052124, 0, 0, 8, 3, 10, 0, 0, 0, 0, 1, 1, 5, 0, 0, 0, 2, 0, 1.0, 0, 0, 0, 0], [0, 0, 0, 0.08909028768539429, 0, 0, 8, 5, 12, 0, 0, 0, 0, 3, 1, 3, 0, 0, 0, 4, 0, 0.5, 0, 0, 0, 0], [0, 0, 0, 0.005605176091194153, 0, 0, 8, 3, 10, 0, 0, 0, 0, 1, 1, 2, 0, 0, 0, 2, 0, 0.5, 0, 0, 0, 0], [0, 0, 0, 0.001095890998840332, 0, 0, 8, 13, 20, 0, 0, 0, 0, 11, 1, 3, 0, 0, 0, 12, 0, 0.5, 0, 0, 0, 0], [0, 0, 0, 0.021401584148406982, 0, 0, 8, 4, 11, 0, 0, 0, 0, 2, 1, 7, 0, 0, 0, 3, 0, 0.5, 0, 0, 0, 0], [0, 0, 0, 0.02110910415649414, 0, 0, 8, 13, 20, 0, 0, 0, 0, 10, 2, 1, 0, 0, 0, 12, 0, 0.07142857142857142, 0, 0, 0, 0], [0, 0, 0, 0.0032469630241394043, 0, 0, 8, 5, 12, 0, 0, 0, 0, 3, 1, 6, 0, 0, 0, 4, 0, 0.5, 0, 0, 0, 0], [0, 0, 0, 0.13287734985351562, 0, 0, 8, 3, 10, 0, 0, 0, 0, 1, 1, 4, 0, 0, 0, 2, 0, 0.5, 0, 0, 0, 0], [0, 0, 0, 0.06251567602157593, 0, 0, 8, 6, 13, 0, 0, 0, 0, 4, 1, 4, 0, 0, 0, 5, 0, 0.6666666666666666, 0, 0, 0, 0], [0, 0, 0, 0.025752484798431396, 0, 0, 8, 12, 19, 0, 0, 0, 0, 10, 1, 4, 0, 0, 0, 11, 0, 0.5, 0, 0, 0, 0], [0, 0, 0, 0.0007506012916564941, 0, 0, 8, 3, 10, 0, 0, 0, 0, 1, 1, 4, 0, 0, 0, 2, 0, 0.5, 0, 0, 0, 0], [0, 0, 0, 0.0025860369205474854, 0, 0, 8, 6, 13, 0, 0, 0, 0, 4, 1, 7, 0, 0, 0, 5, 0, 0.6666666666666666, 0, 0, 0, 0], [0, 0, 0, 0.008492499589920044, 0, 0, 8, 13, 20, 0, 0, 0, 0, 11, 1, 1, 0, 0, 0, 12, 0, 0.08333333333333333, 0, 0, 0, 0], [0, 0, 0, 0.002887517213821411, 0, 0, 8, 13, 20, 0, 0, 0, 0, 11, 1, 2, 0, 0, 0, 12, 0, 0.5, 0, 0, 0, 0], [0, 0, 0, 0.0167330801486969, 0, 0, 8, 13, 20, 0, 0, 0, 0, 11, 1, 5, 0, 0, 0, 12, 0, 0.5, 0, 0, 0, 0], [0, 0, 0, 0.09405630826950073, 0, 0, 8, 4, 11, 0, 0, 0, 0, 2, 1, 4, 0, 0, 0, 3, 0, 0.5, 0, 0, 0, 0], [0, 0, 0, 0.016828924417495728, 0, 0, 8, 13, 20, 0, 0, 0, 0, 11, 1, 1, 0, 0, 0, 12, 0, 0.25, 0, 0, 0, 0], [0, 0, 0, 0.006244063377380371, 0, 0, 8, 13, 20, 0, 0, 0, 0, 11, 1, 1, 0, 0, 0, 12, 0, 0.5, 0, 0, 0, 0], [0, 0, 0, 0.016450881958007812, 0, 0, 8, 3, 10, 0, 0, 0, 0, 1, 1, 2, 0, 0, 0, 2, 0, 0.5, 0, 0, 0, 0], [0, 0, 0, 0.010641127824783325, 0, 0, 8, 13, 20, 0, 0, 0, 0, 11, 1, 4, 0, 0, 0, 12, 0, 0.5, 0, 0, 0, 0], [0, 0, 0, 0.07548335194587708, 0, 0, 8, 13, 20, 0, 0, 0, 0, 10, 2, 7, 0, 0, 0, 12, 0, 1.0, 0, 0, 0, 0], [0, 0, 0, 0.0262298583984375, 0, 0, 8, 3, 10, 0, 0, 0, 0, 1, 1, 4, 0, 0, 0, 2, 0, 0.5, 0, 0, 0, 0], [0, 0, 0, 0.02317988872528076, 0, 0, 8, 4, 11, 0, 1, 0, 0, 2, 1, 6, 0, 0, 0, 3, 0, 0.5, 0, 0, 0, 0], [0, 0, 0, 0.04094374179840088, 0, 0, 8, 13, 20, 0, 0, 0, 0, 10, 2, 7, 0, 0, 0, 12, 0, 1.0, 0, 0, 0, 0], [0, 0, 0, 0.08041012287139893, 0, 0, 8, 6, 13, 0, 0, 0, 0, 3, 2, 7, 0, 0, 0, 5, 0, 1.0, 0, 0, 0, 0], [0, 0, 0, 0.04466155171394348, 0, 0, 8, 13, 20, 0, 0, 0, 0, 11, 1, 1, 0, 0, 0, 12, 0, 1.0, 0, 0, 0, 0], [0, 0, 0, 0.11386531591415405, 0, 0, 8, 3, 10, 0, 0, 0, 0, 1, 1, 3, 0, 0, 0, 2, 0, 0.5, 0, 0, 0, 0], [0, 0, 0, 0.030276477336883545, 0, 0, 8, 5, 12, 0, 0, 0, 0, 3, 1, 4, 0, 0, 0, 4, 0, 0.5, 0, 0, 0, 0], [0, 0, 0, 0.015606611967086792, 0, 0, 8, 3, 10, 0, 0, 0, 0, 1, 1, 2, 0, 0, 0, 2, 0, 0.5, 0, 0, 0, 0], [0, 0, 0, 0.020816445350646973, 0, 0, 8, 13, 20, 0, 0, 0, 0, 11, 1, 1, 0, 0, 0, 12, 0, 0.25, 0, 0, 0, 0], [0, 0, 0, 0.07129156589508057, 0, 0, 8, 3, 10, 0, 0, 0, 0, 1, 1, 4, 0, 0, 0, 2, 0, 0.5, 0, 0, 0, 0], [0, 0, 0, 0.059265732765197754, 0, 0, 8, 4, 11, 0, 0, 0, 0, 2, 1, 4, 0, 0, 0, 3, 0, 0.5, 0, 0, 0, 0], [0, 0, 0, 0.29605966806411743, 0, 0, 8, 3, 10, 0, 0, 0, 0, 1, 1, 4, 0, 0, 0, 2, 0, 0.5, 0, 0, 0, 0], [0, 0, 0, 0.035548239946365356, 0, 0, 8, 13, 20, 0, 0, 0, 0, 11, 1, 2, 0, 0, 0, 12, 0, 0.5, 0, 0, 0, 0], [1, 0, 0, 0.08488869667053223, 1, 0, 8, 13, 20, 1, 0, 1, 0, 11, 1, 5, 0, 0, 0, 12, 1, 0.6666666666666666, 0, 0, 0, 0], [0, 0, 0, 0.055249541997909546, 0, 0, 8, 3, 10, 0, 0, 0, 0, 1, 1, 4, 0, 0, 0, 2, 0, 0.5, 0, 0, 0, 0], [0, 0, 0, 0.0029446184635162354, 0, 0, 8, 8, 15, 0, 0, 0, 0, 6, 1, 4, 0, 0, 0, 7, 0, 0.5, 0, 0, 0, 0], [0, 0, 0, 0.1775333285331726, 0, 0, 8, 3, 10, 0, 0, 0, 0, 1, 1, 3, 0, 0, 0, 2, 0, 0.5, 0, 0, 0, 0], [0, 0, 0, 0.008121788501739502, 0, 0, 8, 3, 10, 0, 0, 0, 0, 1, 1, 5, 0, 0, 0, 2, 0, 0.5, 0, 0, 0, 0], [0, 0, 0, 0.03425908088684082, 0, 0, 8, 13, 20, 0, 0, 0, 0, 10, 2, 1, 0, 0, 0, 12, 0, 0.03225806451612903, 0, 0, 0, 0], [0, 0, 0, 0.055901914834976196, 0, 0, 8, 7, 14, 0, 0, 0, 0, 5, 1, 5, 0, 0, 0, 6, 0, 0.5, 0, 0, 0, 0], [0, 0, 0, 0.004529774188995361, 0, 0, 8, 13, 20, 0, 0, 0, 0, 11, 1, 4, 0, 0, 0, 12, 0, 1.0, 0, 0, 0, 0], [0, 0, 0, 0.011325657367706299, 0, 0, 8, 11, 18, 0, 0, 0, 0, 9, 1, 4, 0, 0, 0, 10, 0, 0.6666666666666666, 0, 0, 0, 0], [0, 0, 0, 0.09363675117492676, 0, 0, 8, 4, 11, 0, 0, 0, 0, 2, 1, 6, 0, 0, 0, 3, 0, 0.6666666666666666, 0, 0, 0, 0], [0, 0, 0, 0.036988645792007446, 0, 0, 8, 13, 20, 0, 0, 0, 0, 11, 1, 1, 0, 0, 0, 12, 0, 0.5, 0, 0, 0, 0], [0, 0, 0, 0.05861032009124756, 0, 0, 8, 4, 11, 0, 0, 0, 0, 2, 1, 5, 0, 0, 0, 3, 0, 0.6666666666666666, 0, 0, 0, 0], [0, 0, 0, 0.07010722160339355, 0, 0, 8, 13, 20, 0, 0, 0, 0, 10, 2, 3, 0, 0, 0, 12, 0, 0.5, 0, 0, 0, 0], [0, 0, 0, 0.1013495922088623, 0, 0, 8, 3, 10, 0, 0, 0, 0, 1, 1, 2, 0, 0, 0, 2, 0, 0.5, 0, 0, 0, 0], [0, 0, 0, 0.010132193565368652, 0, 0, 8, 13, 20, 0, 0, 0, 0, 11, 1, 1, 0, 0, 0, 12, 0, 0.0625, 0, 0, 0, 0], [0, 0, 0, 0.02784961462020874, 0, 0, 8, 3, 10, 0, 0, 0, 0, 1, 1, 3, 0, 0, 0, 2, 0, 0.5, 0, 0, 0, 0], [0, 0, 0, 0.004919320344924927, 0, 0, 8, 6, 13, 0, 0, 0, 0, 4, 1, 4, 0, 0, 0, 5, 0, 0.5, 0, 0, 0, 0], [0, 0, 0, 0.004638075828552246, 0, 0, 8, 3, 10, 0, 0, 0, 0, 1, 1, 4, 0, 0, 0, 2, 0, 0.5, 0, 0, 0, 0], [0, 0, 0, 0.04044729471206665, 0, 0, 8, 8, 15, 0, 0, 0, 0, 6, 1, 6, 0, 0, 0, 7, 0, 0.5, 0, 0, 0, 0], [0, 0, 0, 0.005513817071914673, 0, 0, 8, 3, 10, 0, 0, 0, 0, 1, 1, 1, 0, 0, 0, 2, 0, 0.125, 0, 0, 0, 0], [0, 0, 0, 0.050901055335998535, 0, 0, 8, 5, 12, 0, 0, 0, 0, 3, 1, 5, 0, 0, 0, 4, 0, 0.5, 0, 0, 0, 0], [0, 0, 0, 0.009706497192382812, 0, 0, 8, 13, 20, 0, 0, 0, 0, 11, 1, 1, 0, 0, 0, 12, 0, 0.018404907975460124, 0, 0, 0, 0], [0, 0, 0, 0.0316508412361145, 0, 0, 8, 7, 14, 0, 0, 0, 0, 5, 1, 6, 0, 0, 0, 6, 0, 0.5, 0, 0, 0, 0], [0, 0, 0, 0.05404433608055115, 0, 0, 8, 3, 10, 0, 0, 0, 0, 1, 1, 3, 0, 0, 0, 2, 0, 0.6666666666666666, 0, 0, 0, 0], [0, 0, 0, 0.019516974687576294, 0, 0, 8, 13, 20, 0, 0, 0, 0, 11, 1, 5, 0, 0, 0, 12, 0, 0.5, 0, 0, 0, 0], [1, 0, 0, 0.007042676210403442, 1, 0, 8, 10, 17, 1, 0, 1, 0, 8, 1, 3, 0, 0, 0, 9, 1, 0.6666666666666666, 0, 0, 0, 0], [0, 0, 0, 0.08434724807739258, 0, 0, 8, 13, 20, 0, 0, 0, 0, 11, 1, 6, 0, 0, 0, 12, 0, 1.0, 0, 0, 0, 0], [0, 0, 0, 0.027938157320022583, 0, 0, 8, 13, 20, 0, 0, 0, 0, 11, 1, 1, 0, 0, 0, 12, 0, 0.06451612903225806, 0, 0, 0, 0], [0, 0, 0, 0.019621938467025757, 0, 0, 8, 13, 20, 0, 0, 0, 0, 11, 1, 1, 0, 0, 0, 12, 0, 0.6666666666666666, 0, 0, 0, 0], [0, 0, 0, 0.025962114334106445, 0, 0, 8, 8, 15, 0, 0, 0, 0, 6, 1, 4, 0, 0, 0, 7, 0, 0.5, 0, 0, 0, 0], [0, 0, 0, 0.020887643098831177, 0, 0, 8, 13, 20, 0, 0, 0, 0, 11, 1, 7, 0, 0, 0, 12, 0, 0.5, 0, 0, 0, 0], [0, 0, 0, 0.10782164335250854, 0, 0, 8, 4, 11, 0, 0, 0, 0, 2, 1, 3, 0, 0, 0, 3, 0, 0.5, 0, 0, 0, 0], [0, 0, 0, 0.017412841320037842, 0, 0, 8, 4, 11, 0, 0, 0, 0, 2, 1, 6, 0, 0, 0, 3, 0, 0.5, 0, 0, 0, 0], [0, 0, 0, 0.03144794702529907, 0, 0, 8, 3, 10, 0, 0, 0, 0, 1, 1, 3, 0, 0, 0, 2, 0, 0.5, 0, 0, 0, 0], [0, 0, 0, 0.0413077175617218, 0, 0, 8, 3, 10, 0, 0, 0, 0, 1, 1, 5, 0, 0, 0, 2, 0, 0.5, 0, 0, 0, 0], [0, 0, 0, 0.010602414608001709, 0, 0, 8, 7, 14, 0, 0, 0, 0, 5, 1, 3, 0, 0, 0, 6, 0, 0.6666666666666666, 0, 0, 0, 0], [0, 0, 0, 0.09268546104431152, 0, 0, 8, 13, 20, 0, 0, 0, 0, 11, 1, 4, 0, 0, 0, 12, 0, 0.5, 0, 0, 0, 0], [0, 0, 0, 0.019487440586090088, 0, 0, 8, 8, 15, 0, 0, 0, 0, 6, 1, 2, 0, 0, 0, 7, 0, 0.5, 0, 0, 0, 0], [0, 0, 0, 0.04167771339416504, 0, 0, 8, 6, 13, 0, 0, 0, 0, 4, 1, 4, 0, 0, 0, 5, 0, 0.5, 0, 0, 0, 0], [0, 0, 0, 0.17909717559814453, 0, 0, 8, 10, 17, 0, 0, 0, 0, 8, 1, 6, 0, 0, 0, 9, 0, 0.5, 0, 0, 0, 0], [0, 0, 0, 0.053800225257873535, 0, 0, 8, 13, 20, 0, 0, 0, 0, 10, 2, 5, 0, 0, 0, 12, 0, 1.0, 0, 0, 0, 0], [0, 0, 0, 0.0014432668685913086, 0, 0, 8, 6, 13, 0, 0, 0, 0, 4, 1, 7, 0, 0, 0, 5, 0, 0.5, 0, 0, 0, 0], [0, 0, 0, 0.017546921968460083, 0, 0, 8, 13, 20, 0, 0, 0, 0, 10, 2, 1, 0, 0, 0, 12, 0, 0.6666666666666666, 0, 0, 0, 0], [0, 0, 0, 0.024716585874557495, 0, 0, 8, 13, 20, 0, 0, 0, 0, 11, 1, 4, 0, 0, 0, 12, 0, 0.5, 0, 0, 0, 0], [0, 0, 0, 0.08127221465110779, 0, 0, 8, 13, 20, 0, 0, 0, 0, 11, 1, 4, 0, 0, 0, 12, 0, 0.5, 0, 0, 0, 0], [0, 0, 0, 0.08457592129707336, 0, 0, 8, 13, 20, 0, 0, 0, 0, 11, 1, 3, 0, 0, 0, 12, 0, 0.5, 0, 0, 0, 0], [0, 0, 0, 0.007637232542037964, 0, 0, 8, 4, 11, 0, 0, 0, 0, 2, 1, 3, 0, 0, 0, 3, 0, 0.5, 0, 0, 0, 0], [0, 0, 0, 0.0017331242561340332, 0, 0, 8, 12, 19, 0, 0, 0, 0, 10, 1, 3, 0, 0, 0, 11, 0, 0.5, 0, 0, 0, 0], [0, 0, 0, 0.016085714101791382, 0, 0, 8, 4, 11, 0, 0, 0, 0, 2, 1, 4, 0, 0, 0, 3, 0, 0.5, 0, 0, 0, 0], [0, 0, 0, 0.07608425617218018, 0, 0, 8, 4, 11, 0, 0, 0, 0, 2, 1, 3, 0, 0, 0, 3, 0, 0.5, 0, 0, 0, 0], [0, 0, 0, 0.00920867919921875, 0, 0, 8, 3, 10, 0, 0, 0, 0, 1, 1, 4, 0, 0, 0, 2, 0, 0.5, 0, 0, 0, 0], [0, 0, 0, 0.07464829087257385, 0, 0, 8, 3, 10, 0, 0, 0, 0, 1, 1, 2, 0, 0, 0, 2, 0, 0.5, 0, 0, 0, 0], [0, 0, 0, 0.11157837510108948, 0, 0, 8, 3, 10, 0, 0, 0, 0, 1, 1, 3, 0, 0, 0, 2, 0, 0.5, 0, 0, 0, 0], [0, 0, 0, 0.03167262673377991, 0, 0, 8, 6, 13, 0, 0, 0, 0, 4, 1, 5, 0, 0, 0, 5, 0, 0.5, 0, 0, 0, 0], [0, 0, 0, 0.3010120093822479, 0, 0, 8, 3, 10, 0, 0, 0, 0, 1, 1, 3, 0, 0, 0, 2, 0, 0.5, 0, 0, 0, 0], [0, 0, 0, 0.0935528576374054, 0, 0, 8, 13, 20, 0, 0, 0, 0, 11, 1, 1, 0, 0, 0, 12, 0, 0.05, 0, 0, 0, 0], [0, 0, 0, 0.04900220036506653, 0, 0, 8, 13, 20, 0, 0, 0, 0, 11, 1, 2, 0, 0, 0, 12, 0, 0.5, 0, 0, 0, 0], [1, 0, 0, 0.00656697154045105, 1, 0, 8, 7, 14, 1, 0, 1, 0, 5, 1, 5, 0, 0, 0, 6, 1, 1.0, 0, 0, 0, 0], [0, 0, 0, 0.029889285564422607, 0, 0, 8, 13, 20, 0, 0, 0, 0, 11, 1, 5, 0, 0, 0, 12, 0, 0.6666666666666666, 0, 0, 0, 0], [0, 0, 0, 0.011121243238449097, 0, 0, 8, 13, 20, 0, 0, 0, 0, 11, 1, 1, 0, 0, 0, 12, 0, 0.25, 0, 0, 0, 0], [0, 0, 0, 0.05544781684875488, 0, 0, 8, 5, 12, 0, 0, 0, 0, 3, 1, 4, 0, 0, 0, 4, 0, 0.5, 0, 0, 0, 0], [0, 0, 0, 0.018916040658950806, 0, 0, 8, 5, 12, 0, 0, 0, 0, 3, 1, 4, 0, 0, 0, 4, 0, 0.5, 0, 0, 0, 0], [0, 0, 0, 0.22570449113845825, 0, 0, 8, 4, 11, 0, 0, 0, 0, 2, 1, 3, 0, 0, 0, 3, 0, 0.5, 0, 0, 0, 0], [0, 0, 0, 0.0408954918384552, 0, 0, 8, 13, 20, 0, 0, 0, 0, 11, 1, 1, 0, 0, 0, 12, 0, 0.018404907975460124, 0, 0, 0, 0], [0, 0, 0, 0.018439263105392456, 0, 0, 8, 3, 10, 0, 0, 0, 0, 1, 1, 4, 0, 0, 0, 2, 0, 0.5, 0, 0, 0, 0], [0, 0, 0, 0.0013963282108306885, 0, 0, 8, 6, 13, 0, 0, 0, 0, 4, 1, 4, 0, 0, 0, 5, 0, 0.5, 0, 0, 0, 0], [0, 0, 0, 0.008534669876098633, 0, 0, 8, 4, 11, 0, 0, 0, 0, 2, 1, 2, 0, 0, 0, 3, 0, 0.5, 0, 0, 0, 0], [0, 0, 0, 0.04380851984024048, 0, 0, 8, 13, 20, 0, 0, 0, 0, 11, 1, 1, 0, 0, 0, 12, 0, 0.5, 0, 0, 0, 0], [0, 0, 0, 0.021243363618850708, 0, 0, 8, 13, 20, 0, 0, 0, 0, 11, 1, 1, 0, 0, 0, 12, 0, 0.6666666666666666, 0, 0, 0, 0], [0, 0, 0, 0.05060046911239624, 0, 0, 8, 3, 10, 0, 0, 0, 0, 1, 1, 3, 0, 0, 0, 2, 0, 0.5, 0, 0, 0, 0], [0, 0, 0, 0.013757795095443726, 0, 0, 8, 13, 20, 0, 0, 0, 0, 11, 1, 1, 0, 0, 0, 12, 0, 0.06451612903225806, 0, 0, 0, 0], [0, 0, 0, 0.012001067399978638, 0, 0, 8, 13, 20, 0, 0, 0, 0, 11, 1, 1, 0, 0, 0, 12, 0, 0.5, 0, 0, 0, 0], [0, 0, 0, 0.016055643558502197, 0, 0, 8, 13, 20, 0, 0, 0, 0, 10, 2, 1, 0, 0, 0, 12, 0, 0.25, 0, 0, 0, 0], [0, 0, 0, 0.12441468238830566, 0, 0, 8, 3, 10, 0, 0, 0, 0, 1, 1, 2, 0, 0, 0, 2, 0, 0.5, 0, 0, 0, 0], [0, 0, 0, 0.1871124505996704, 0, 0, 8, 9, 16, 0, 0, 0, 0, 7, 1, 2, 0, 0, 0, 8, 0, 0.3333333333333333, 0, 0, 0, 0], [0, 0, 0, 0.1000598669052124, 0, 0, 8, 3, 10, 0, 0, 0, 0, 1, 1, 4, 0, 0, 0, 2, 0, 0.5, 0, 0, 0, 0], [0, 0, 0, 0.03268960118293762, 0, 0, 8, 13, 20, 0, 0, 0, 0, 11, 1, 3, 0, 0, 0, 12, 0, 0.3333333333333333, 0, 0, 0, 0], [0, 0, 0, 0.008537322282791138, 0, 0, 8, 13, 20, 0, 0, 0, 0, 11, 1, 1, 0, 0, 0, 12, 0, 0.08333333333333333, 0, 0, 0, 0], [0, 0, 0, 0.04591962695121765, 0, 0, 8, 4, 11, 0, 0, 0, 0, 2, 1, 3, 0, 0, 0, 3, 0, 0.5, 0, 0, 0, 0], [0, 0, 0, 0.0419730544090271, 0, 0, 8, 13, 20, 0, 0, 0, 0, 11, 1, 2, 0, 0, 0, 12, 0, 0.5, 0, 0, 0, 0], [0, 0, 0, 0.010194599628448486, 0, 0, 8, 3, 10, 0, 0, 0, 0, 1, 1, 5, 0, 0, 0, 2, 0, 0.5, 0, 0, 0, 0], [0, 0, 0, 0.08132734894752502, 0, 0, 8, 3, 10, 0, 0, 0, 0, 1, 1, 3, 0, 0, 0, 2, 0, 0.5, 0, 0, 0, 0], [0, 0, 0, 0.047483354806900024, 0, 0, 8, 9, 16, 0, 0, 0, 0, 7, 1, 4, 0, 0, 0, 8, 0, 0.5, 0, 0, 0, 0], [0, 0, 0, 0.009336233139038086, 0, 0, 8, 6, 13, 0, 0, 0, 0, 4, 1, 5, 0, 0, 0, 5, 0, 0.6666666666666666, 0, 0, 0, 0], [0, 0, 0, 0.04030308127403259, 0, 0, 8, 13, 20, 0, 0, 0, 0, 11, 1, 5, 0, 0, 0, 12, 0, 0.5, 0, 0, 0, 0], [0, 0, 0, 0.05639165639877319, 0, 0, 8, 3, 10, 0, 0, 0, 0, 1, 1, 4, 0, 0, 0, 2, 0, 0.5, 0, 0, 0, 0], [0, 0, 0, 0.03491783142089844, 0, 0, 8, 3, 10, 0, 0, 0, 0, 1, 1, 2, 0, 0, 0, 2, 0, 0.5, 0, 0, 0, 0], [0, 0, 0, 0.013446927070617676, 0, 0, 8, 3, 10, 0, 0, 0, 0, 1, 1, 5, 0, 0, 0, 2, 0, 0.5, 0, 0, 0, 0], [0, 0, 0, 0.007935702800750732, 0, 0, 8, 13, 20, 0, 0, 0, 0, 11, 1, 1, 0, 0, 0, 12, 0, 0.2, 0, 0, 0, 0], [0, 0, 0, 0.039587169885635376, 0, 0, 8, 13, 20, 0, 0, 0, 0, 11, 1, 1, 0, 0, 0, 12, 0, 0.5, 0, 0, 0, 0], [0, 0, 0, 0.1480678915977478, 0, 0, 8, 6, 13, 0, 0, 0, 0, 4, 1, 6, 0, 0, 0, 5, 0, 0.5, 0, 0, 0, 0], [0, 0, 0, 0.0054995715618133545, 0, 0, 8, 5, 12, 0, 0, 0, 0, 3, 1, 7, 0, 0, 0, 4, 0, 0.5, 0, 0, 0, 0], [0, 0, 0, 0.17851543426513672, 0, 0, 8, 3, 10, 0, 0, 0, 0, 1, 1, 3, 0, 0, 0, 2, 0, 0.5, 0, 0, 0, 0], [0, 0, 0, 0.006553143262863159, 0, 0, 8, 4, 11, 0, 0, 0, 0, 2, 1, 3, 0, 0, 0, 3, 0, 0.5, 0, 0, 0, 0], [0, 0, 0, 0.023085087537765503, 0, 0, 8, 13, 20, 0, 0, 0, 0, 11, 1, 1, 0, 0, 0, 12, 0, 0.25, 0, 0, 0, 0], [0, 0, 0, 0.2155631184577942, 0, 0, 8, 4, 11, 0, 0, 0, 0, 2, 1, 2, 0, 0, 0, 3, 0, 0.5, 0, 0, 0, 0], [0, 0, 0, 0.262967973947525, 0, 0, 8, 3, 10, 0, 0, 0, 0, 1, 1, 3, 0, 0, 0, 2, 0, 0.5, 0, 0, 0, 0], [0, 0, 0, 0.03825005888938904, 0, 0, 8, 3, 10, 0, 0, 0, 0, 1, 1, 4, 0, 0, 0, 2, 0, 0.5, 0, 0, 0, 0], [0, 0, 0, 0.2013910710811615, 0, 0, 8, 3, 10, 0, 0, 0, 0, 1, 1, 3, 0, 0, 0, 2, 0, 0.5, 0, 0, 0, 0], [0, 0, 0, 0.05675238370895386, 0, 0, 8, 3, 10, 0, 0, 0, 0, 1, 1, 7, 0, 0, 0, 2, 0, 0.5, 0, 0, 0, 0], [0, 0, 0, 0.0016999244689941406, 0, 0, 8, 4, 11, 0, 0, 0, 0, 2, 1, 5, 0, 0, 0, 3, 0, 0.5, 0, 0, 0, 0], [0, 0, 0, 0.011833101511001587, 0, 0, 8, 8, 15, 0, 0, 0, 0, 6, 1, 1, 0, 0, 0, 7, 0, 0.1, 0, 0, 0, 0], [0, 0, 0, 0.018499672412872314, 0, 0, 8, 3, 10, 0, 0, 0, 0, 1, 1, 3, 0, 0, 0, 2, 0, 0.5, 0, 0, 0, 0], [0, 0, 0, 0.0599832683801651, 0, 0, 8, 4, 11, 0, 0, 0, 0, 2, 1, 4, 0, 0, 0, 3, 0, 0.5, 0, 0, 0, 0], [0, 0, 0, 0.02676248550415039, 0, 0, 8, 4, 11, 0, 0, 0, 0, 2, 1, 6, 0, 0, 0, 3, 0, 1.0, 0, 0, 0, 0], [0, 0, 0, 0.07077622413635254, 0, 0, 8, 13, 20, 0, 0, 0, 0, 11, 1, 5, 0, 0, 0, 12, 0, 1.0, 0, 0, 0, 0], [0, 0, 0, 0.01015549898147583, 0, 0, 8, 9, 16, 0, 0, 0, 0, 7, 1, 4, 0, 0, 0, 8, 0, 0.5, 0, 0, 0, 0], [0, 0, 0, 0.04322630167007446, 0, 0, 8, 13, 20, 0, 0, 0, 0, 11, 1, 1, 0, 0, 0, 12, 0, 0.03225806451612903, 0, 0, 0, 0], [0, 0, 0, 0.06282097101211548, 0, 0, 8, 3, 10, 0, 0, 0, 0, 1, 1, 5, 0, 0, 0, 2, 0, 0.5, 0, 0, 0, 0], [0, 0, 0, 0.006354600191116333, 0, 0, 8, 9, 16, 0, 0, 0, 0, 7, 1, 4, 0, 0, 0, 8, 0, 0.5, 0, 0, 0, 0], [0, 0, 0, 0.0020950138568878174, 0, 0, 8, 7, 14, 0, 0, 0, 0, 5, 1, 5, 0, 0, 0, 6, 0, 0.5, 0, 0, 0, 0], [0, 0, 0, 0.020446091890335083, 0, 0, 8, 13, 20, 0, 0, 0, 0, 11, 1, 1, 0, 0, 0, 12, 0, 0.058823529411764705, 0, 0, 0, 0], [0, 0, 0, 0.0013303756713867188, 0, 0, 8, 13, 20, 0, 0, 0, 0, 11, 1, 1, 0, 0, 0, 12, 0, 0.0625, 0, 0, 0, 0], [0, 0, 0, 0.044014155864715576, 0, 0, 8, 10, 17, 0, 0, 0, 0, 7, 2, 4, 0, 0, 0, 9, 0, 0.6666666666666666, 0, 0, 0, 0], [0, 0, 0, 0.016671687364578247, 0, 0, 8, 5, 12, 0, 0, 0, 0, 3, 1, 7, 0, 0, 0, 4, 0, 0.5, 0, 0, 0, 0], [0, 0, 0, 0.02897411584854126, 0, 0, 8, 3, 10, 0, 0, 0, 0, 1, 1, 4, 0, 0, 0, 2, 0, 0.5, 0, 0, 0, 0], [0, 0, 0, 0.03734809160232544, 0, 0, 8, 3, 10, 0, 0, 0, 0, 1, 1, 5, 0, 0, 0, 2, 0, 0.5, 0, 0, 0, 0], [0, 0, 0, 0.002630949020385742, 0, 0, 8, 13, 20, 0, 0, 0, 0, 11, 1, 3, 0, 0, 0, 12, 0, 0.5, 0, 0, 0, 0], [0, 0, 0, 0.0033135712146759033, 0, 0, 8, 13, 20, 0, 0, 0, 0, 11, 1, 1, 0, 0, 0, 12, 0, 0.16666666666666666, 0, 0, 0, 0], [0, 0, 0, 0.05885350704193115, 0, 0, 8, 4, 11, 0, 0, 0, 0, 2, 1, 4, 0, 0, 0, 3, 0, 0.5, 0, 0, 0, 0], [0, 0, 0, 0.12996867299079895, 0, 0, 8, 4, 11, 0, 0, 0, 0, 2, 1, 4, 0, 0, 0, 3, 0, 0.5, 0, 0, 0, 0], [0, 0, 0, 0.14291763305664062, 0, 0, 8, 4, 11, 0, 0, 0, 0, 2, 1, 4, 0, 0, 0, 3, 0, 0.5, 0, 0, 0, 0], [0, 0, 0, 0.008191227912902832, 0, 0, 8, 4, 11, 0, 0, 0, 0, 2, 1, 4, 0, 0, 0, 3, 0, 0.5, 0, 0, 0, 0], [0, 0, 0, 0.011226341128349304, 0, 0, 8, 3, 10, 0, 0, 0, 0, 1, 1, 4, 0, 0, 0, 2, 0, 0.5, 0, 0, 0, 0], [0, 0, 0, 0.08127221465110779, 0, 0, 8, 13, 20, 0, 1, 1, 1, 11, 1, 4, 0, 0, 0, 12, 0, 0.5, 0, 0, 0, 0], [0, 0, 0, 0.00827568769454956, 0, 0, 8, 4, 11, 0, 0, 0, 0, 2, 1, 4, 0, 0, 0, 3, 0, 0.5, 0, 0, 0, 0], [0, 0, 0, 0.05485498905181885, 0, 0, 8, 6, 13, 0, 0, 0, 0, 4, 1, 4, 0, 0, 0, 5, 0, 0.5, 0, 0, 0, 0], [0, 0, 0, 0.024886399507522583, 0, 0, 8, 6, 13, 0, 0, 0, 0, 4, 1, 5, 0, 0, 0, 5, 0, 0.5, 0, 0, 0, 0], [0, 0, 0, 0.030226588249206543, 0, 0, 8, 13, 20, 0, 0, 0, 0, 11, 1, 1, 0, 0, 0, 12, 0, 0.03225806451612903, 0, 0, 0, 0], [0, 0, 0, 0.01625579595565796, 0, 0, 8, 13, 20, 0, 0, 0, 0, 11, 1, 5, 0, 0, 0, 12, 0, 0.5, 0, 0, 0, 0], [0, 0, 0, 0.036332905292510986, 0, 0, 8, 13, 20, 0, 0, 0, 0, 11, 1, 1, 0, 0, 0, 12, 0, 0.03225806451612903, 0, 0, 0, 0], [0, 0, 0, 0.01777881383895874, 0, 0, 8, 13, 20, 0, 0, 0, 0, 11, 1, 1, 0, 0, 0, 12, 0, 0.01639344262295082, 0, 0, 0, 0], [1, 0, 1, 0.008343517780303955, 0, 0, 8, 4, 11, 1, 0, 1, 0, 2, 1, 2, 0, 0, 0, 3, 0, 0.5, 0, 0, 0, 0], [0, 0, 0, 0.06629478931427002, 0, 0, 8, 10, 17, 0, 0, 0, 0, 8, 1, 2, 0, 0, 0, 9, 0, 0.5, 0, 0, 0, 0], [0, 0, 0, 0.02039271593093872, 0, 0, 8, 3, 10, 0, 0, 0, 0, 1, 1, 5, 0, 0, 0, 2, 0, 0.5, 0, 0, 0, 0], [0, 0, 0, 0.017977625131607056, 0, 0, 8, 13, 20, 0, 0, 0, 0, 11, 1, 1, 0, 0, 0, 12, 0, 0.6666666666666666, 0, 0, 0, 0], [0, 0, 0, 0.013989955186843872, 0, 0, 8, 4, 11, 0, 0, 0, 0, 2, 1, 7, 0, 0, 0, 3, 0, 0.5, 0, 0, 0, 0], [0, 0, 0, 0.016244500875473022, 0, 0, 8, 13, 20, 0, 0, 0, 0, 10, 2, 7, 0, 0, 0, 12, 0, 0.5, 0, 0, 0, 0], [0, 0, 0, 0.003803640604019165, 0, 0, 8, 5, 12, 0, 0, 0, 0, 3, 1, 5, 0, 0, 0, 4, 0, 0.5, 0, 0, 0, 0], [0, 0, 0, 0.03354150056838989, 0, 0, 8, 5, 12, 0, 0, 0, 0, 3, 1, 7, 0, 0, 0, 4, 0, 0.6666666666666666, 0, 0, 0, 0], [0, 0, 0, 0.0717853307723999, 0, 0, 8, 7, 14, 0, 0, 0, 0, 5, 1, 5, 0, 0, 0, 6, 0, 0.5, 0, 0, 0, 0], [0, 0, 0, 0.04354327917098999, 0, 0, 8, 7, 14, 0, 0, 0, 0, 5, 1, 5, 0, 0, 0, 6, 0, 0.5, 0, 0, 0, 0], [0, 0, 0, 0.01173064112663269, 0, 0, 8, 13, 20, 0, 0, 0, 0, 11, 1, 1, 0, 0, 0, 12, 0, 0.07692307692307693, 0, 0, 0, 0], [0, 0, 0, 0.023515969514846802, 0, 0, 8, 3, 10, 0, 0, 0, 0, 1, 1, 4, 0, 0, 0, 2, 0, 0.5, 0, 0, 0, 0], [0, 0, 0, 0.033531904220581055, 0, 0, 8, 13, 20, 0, 0, 0, 0, 10, 2, 5, 0, 0, 0, 12, 0, 1.0, 0, 0, 0, 0], [0, 0, 0, 0.07146933674812317, 0, 0, 8, 13, 20, 0, 0, 0, 0, 11, 1, 4, 0, 0, 0, 12, 0, 0.5, 0, 0, 0, 0], [0, 0, 0, 0.010793745517730713, 0, 0, 8, 4, 11, 0, 0, 0, 0, 2, 1, 4, 0, 0, 0, 3, 0, 0.5, 0, 0, 0, 0], [0, 0, 0, 0.0036602020263671875, 0, 0, 8, 7, 14, 0, 0, 0, 0, 5, 1, 5, 0, 0, 0, 6, 0, 1.0, 0, 0, 0, 0], [0, 0, 0, 0.016966402530670166, 0, 0, 8, 10, 17, 0, 0, 0, 0, 8, 1, 1, 0, 0, 0, 9, 0, 0.07142857142857142, 0, 0, 0, 0], [0, 0, 0, 0.012120157480239868, 0, 0, 8, 13, 20, 0, 0, 0, 0, 11, 1, 4, 0, 0, 0, 12, 0, 0.5, 0, 0, 0, 0], [0, 0, 0, 0.07920953631401062, 0, 0, 8, 3, 10, 0, 0, 0, 0, 1, 1, 3, 0, 0, 0, 2, 0, 0.5, 0, 0, 0, 0], [0, 0, 0, 0.0015853643417358398, 0, 0, 8, 3, 10, 0, 0, 0, 0, 1, 1, 5, 0, 0, 0, 2, 0, 0.5, 0, 0, 0, 0], [0, 0, 0, 0.013244688510894775, 0, 0, 8, 13, 20, 0, 0, 0, 0, 11, 1, 3, 0, 0, 0, 12, 0, 1.0, 0, 0, 0, 0], [0, 0, 0, 0.050279319286346436, 0, 0, 8, 5, 12, 0, 0, 0, 0, 3, 1, 3, 0, 0, 0, 4, 0, 0.5, 0, 0, 0, 0], [0, 0, 0, 0.029166221618652344, 0, 0, 8, 5, 12, 0, 0, 0, 0, 3, 1, 7, 0, 0, 0, 4, 0, 1.0, 0, 0, 0, 0], [0, 0, 0, 0.3033011853694916, 0, 0, 8, 3, 10, 0, 0, 0, 0, 1, 1, 3, 0, 0, 0, 2, 0, 0.5, 0, 0, 0, 0], [0, 0, 0, 0.0009894967079162598, 0, 0, 8, 3, 10, 0, 0, 0, 0, 1, 1, 3, 0, 0, 0, 2, 0, 0.5, 0, 0, 0, 0], [0, 0, 0, 0.0034395456314086914, 0, 0, 8, 3, 10, 0, 0, 0, 0, 1, 1, 4, 0, 0, 0, 2, 0, 0.5, 0, 0, 0, 0], [0, 0, 0, 0.014078706502914429, 0, 0, 8, 7, 14, 0, 0, 0, 0, 5, 1, 3, 0, 0, 0, 6, 0, 0.3333333333333333, 0, 0, 0, 0], [0, 0, 0, 0.011835843324661255, 0, 0, 8, 13, 20, 0, 0, 0, 0, 11, 1, 1, 0, 0, 0, 12, 0, 0.16666666666666666, 0, 0, 0, 0], [0, 0, 0, 0.19205144047737122, 0, 0, 8, 9, 16, 0, 0, 0, 0, 7, 1, 6, 0, 0, 0, 8, 0, 0.5, 0, 0, 0, 0], [0, 0, 0, 0.009113043546676636, 0, 0, 8, 13, 20, 0, 0, 0, 0, 11, 1, 2, 0, 0, 0, 12, 0, 0.5, 0, 0, 0, 0], [0, 0, 0, 0.016062408685684204, 0, 0, 8, 13, 20, 0, 0, 0, 0, 11, 1, 2, 0, 0, 0, 12, 0, 1.0, 0, 0, 0, 0], [0, 0, 0, 0.04186934232711792, 0, 0, 8, 6, 13, 0, 0, 0, 0, 4, 1, 4, 0, 0, 0, 5, 0, 0.5, 0, 0, 0, 0], [0, 0, 0, 0.11245936155319214, 0, 0, 8, 3, 10, 0, 0, 0, 0, 1, 1, 4, 0, 0, 0, 2, 0, 0.5, 0, 0, 0, 0], [0, 0, 0, 0.004233360290527344, 0, 0, 8, 13, 20, 0, 0, 0, 0, 11, 1, 1, 0, 0, 0, 12, 0, 0.08333333333333333, 0, 0, 0, 0], [0, 0, 0, 0.007456302642822266, 0, 0, 8, 8, 15, 0, 0, 0, 0, 6, 1, 4, 0, 0, 0, 7, 0, 0.5, 0, 0, 0, 0], [0, 0, 0, 0.009880870580673218, 0, 0, 8, 13, 20, 0, 0, 0, 0, 11, 1, 5, 0, 0, 0, 12, 0, 0.5, 0, 0, 0, 0], [0, 0, 0, 0.05786038935184479, 0, 0, 8, 3, 10, 0, 0, 0, 0, 1, 1, 3, 0, 0, 0, 2, 0, 0.3333333333333333, 0, 0, 0, 0], [0, 0, 0, 0.012717247009277344, 0, 0, 8, 12, 19, 0, 0, 0, 0, 10, 1, 4, 0, 0, 0, 11, 0, 0.5, 0, 0, 0, 0], [0, 0, 0, 0.06276991963386536, 0, 0, 8, 13, 20, 0, 0, 0, 0, 10, 2, 8, 0, 0, 0, 12, 0, 1.0, 0, 0, 0, 0], [0, 0, 0, 0.04604446887969971, 0, 0, 8, 6, 13, 0, 0, 0, 0, 4, 1, 4, 0, 0, 0, 5, 0, 0.6666666666666666, 0, 0, 0, 0], [0, 0, 0, 0.01611912250518799, 0, 0, 8, 4, 11, 0, 0, 0, 0, 2, 1, 7, 0, 0, 0, 3, 0, 0.5, 0, 0, 0, 0], [0, 0, 0, 0.00925678014755249, 0, 0, 8, 7, 14, 0, 0, 0, 0, 5, 1, 5, 0, 0, 0, 6, 0, 0.5, 0, 0, 0, 0], [0, 0, 0, 0.004543960094451904, 0, 0, 8, 13, 20, 0, 0, 0, 0, 11, 1, 1, 0, 0, 0, 12, 0, 0.037037037037037035, 0, 0, 0, 0], [0, 0, 0, 0.005675792694091797, 0, 0, 8, 13, 20, 0, 0, 0, 0, 11, 1, 4, 0, 0, 0, 12, 0, 0.5, 0, 0, 0, 0], [0, 0, 0, 0.042008280754089355, 0, 0, 8, 4, 11, 0, 0, 0, 0, 2, 1, 5, 0, 0, 0, 3, 0, 0.5, 0, 0, 0, 0], [0, 0, 0, 0.026625394821166992, 0, 0, 8, 5, 12, 0, 0, 0, 0, 3, 1, 3, 0, 0, 0, 4, 0, 0.5, 0, 0, 0, 0], [0, 0, 0, 0.04067900776863098, 0, 0, 8, 4, 11, 0, 0, 0, 0, 2, 1, 4, 0, 0, 0, 3, 0, 0.5, 0, 0, 0, 0], [0, 0, 0, 0.0063107311725616455, 0, 0, 8, 13, 20, 0, 0, 0, 0, 11, 1, 2, 0, 0, 0, 12, 0, 0.5, 0, 0, 0, 0], [0, 0, 0, 0.005191504955291748, 0, 0, 8, 3, 10, 0, 0, 0, 0, 1, 1, 3, 0, 0, 0, 2, 0, 0.5, 0, 0, 0, 0], [0, 0, 0, 0.016840219497680664, 0, 0, 8, 13, 20, 0, 0, 0, 0, 11, 1, 1, 0, 0, 0, 12, 0, 0.25, 0, 0, 0, 0], [0, 0, 0, 0.298034131526947, 0, 0, 8, 3, 10, 0, 0, 0, 0, 1, 1, 4, 0, 0, 0, 2, 0, 0.5, 0, 0, 0, 0], [0, 0, 0, 0.008684933185577393, 0, 0, 8, 13, 20, 0, 0, 0, 0, 11, 1, 3, 0, 0, 0, 12, 0, 0.5, 0, 0, 0, 0], [0, 0, 0, 0.015069186687469482, 0, 0, 8, 13, 20, 0, 0, 0, 0, 11, 1, 1, 0, 0, 0, 12, 0, 0.6666666666666666, 0, 0, 0, 0], [0, 0, 0, 0.17356982827186584, 0, 0, 8, 9, 16, 0, 0, 0, 0, 7, 1, 4, 0, 0, 0, 8, 0, 0.5, 0, 0, 0, 0], [0, 0, 0, 0.007621318101882935, 0, 0, 8, 5, 12, 0, 0, 0, 0, 3, 1, 5, 0, 0, 0, 4, 0, 0.5, 0, 0, 0, 0], [0, 0, 0, 0.11461201310157776, 0, 0, 8, 9, 16, 0, 0, 0, 0, 7, 1, 4, 0, 0, 0, 8, 0, 0.5, 0, 0, 0, 0], [0, 0, 0, 0.047158896923065186, 0, 0, 8, 13, 20, 0, 0, 0, 0, 10, 2, 1, 0, 0, 0, 12, 0, 0.06451612903225806, 0, 0, 0, 0], [0, 0, 0, 0.2631017565727234, 0, 0, 8, 3, 10, 0, 0, 0, 0, 1, 1, 4, 0, 0, 0, 2, 0, 0.5, 0, 0, 0, 0], [0, 0, 0, 0.017391681671142578, 0, 0, 8, 5, 12, 0, 0, 0, 0, 3, 1, 4, 0, 0, 0, 4, 0, 0.5, 0, 0, 0, 0], [0, 0, 0, 0.06810319423675537, 0, 0, 8, 4, 11, 0, 0, 0, 0, 2, 1, 2, 0, 0, 0, 3, 0, 0.3333333333333333, 0, 0, 0, 0], [0, 0, 0, 0.0106162428855896, 0, 0, 8, 13, 20, 0, 0, 0, 0, 11, 1, 1, 0, 0, 0, 12, 0, 0.25, 0, 0, 0, 0], [0, 0, 0, 0.0012485384941101074, 0, 0, 8, 3, 10, 0, 0, 0, 0, 1, 1, 2, 0, 0, 0, 2, 0, 0.2, 0, 0, 0, 0], [0, 0, 0, 0.37086111307144165, 0, 0, 8, 3, 10, 0, 0, 0, 0, 1, 1, 5, 0, 0, 0, 2, 0, 0.5, 0, 0, 0, 0], [0, 0, 0, 0.03930005431175232, 0, 0, 8, 8, 15, 0, 0, 0, 0, 6, 1, 6, 0, 0, 0, 7, 0, 0.5, 0, 0, 0, 0], [0, 0, 0, 0.00787353515625, 0, 0, 8, 7, 14, 0, 0, 0, 0, 5, 1, 5, 0, 0, 0, 6, 0, 1.0, 0, 0, 0, 0], [0, 0, 0, 0.06805652379989624, 0, 0, 8, 11, 18, 0, 0, 0, 0, 9, 1, 6, 0, 0, 0, 10, 0, 0.6666666666666666, 0, 0, 0, 0], [0, 0, 0, 0.01824665069580078, 0, 0, 8, 3, 10, 0, 0, 0, 0, 1, 1, 3, 0, 0, 0, 2, 0, 0.5, 0, 0, 0, 0], [0, 0, 0, 0.008872359991073608, 0, 0, 8, 13, 20, 0, 0, 0, 0, 11, 1, 1, 0, 0, 0, 12, 0, 0.6666666666666666, 0, 0, 0, 0], [0, 0, 0, 0.16111373901367188, 0, 0, 8, 4, 11, 0, 0, 0, 0, 2, 1, 3, 0, 0, 0, 3, 0, 0.5, 0, 0, 0, 0], [0, 0, 0, 0.38217097520828247, 0, 0, 8, 3, 10, 0, 0, 0, 0, 1, 1, 5, 0, 0, 0, 2, 0, 0.5, 0, 0, 0, 0], [0, 0, 0, 0.0005347132682800293, 0, 0, 8, 13, 20, 0, 0, 0, 0, 11, 1, 2, 0, 0, 0, 12, 0, 0.5, 0, 0, 0, 0], [0, 0, 0, 0.0327073335647583, 0, 0, 8, 13, 20, 0, 0, 0, 0, 11, 1, 1, 0, 0, 0, 12, 0, 0.018404907975460124, 0, 0, 0, 0], [0, 0, 0, 0.019527554512023926, 0, 0, 8, 13, 20, 0, 0, 0, 0, 11, 1, 2, 0, 0, 0, 12, 0, 0.5, 0, 0, 0, 0], [0, 0, 0, 0.006382882595062256, 0, 0, 8, 13, 20, 0, 0, 0, 0, 11, 1, 4, 0, 0, 0, 12, 0, 0.5, 0, 0, 0, 0], [0, 0, 0, 0.012111872434616089, 0, 0, 8, 6, 13, 0, 0, 0, 0, 4, 1, 6, 0, 0, 0, 5, 0, 0.5, 0, 0, 0, 0], [0, 0, 0, 0.01679229736328125, 0, 0, 8, 4, 11, 0, 0, 0, 0, 2, 1, 5, 0, 0, 0, 3, 0, 0.5, 0, 0, 0, 0], [0, 0, 0, 0.005859315395355225, 0, 0, 8, 8, 15, 0, 0, 0, 0, 6, 1, 5, 0, 0, 0, 7, 0, 0.5, 0, 0, 0, 0], [0, 0, 0, 0.06984412670135498, 0, 0, 8, 5, 12, 0, 0, 0, 0, 3, 1, 1, 0, 0, 0, 4, 0, 0.6666666666666666, 0, 0, 0, 0], [0, 0, 0, 0.02607429027557373, 0, 0, 8, 8, 15, 0, 0, 0, 0, 6, 1, 4, 0, 0, 0, 7, 0, 0.5, 0, 0, 0, 0], [0, 0, 0, 0.017785489559173584, 0, 0, 8, 13, 20, 0, 0, 0, 0, 11, 1, 3, 0, 0, 0, 12, 0, 0.5, 0, 0, 0, 0], [0, 0, 0, 0.15571045875549316, 0, 0, 8, 3, 10, 0, 0, 0, 0, 1, 1, 7, 0, 0, 0, 2, 0, 0.6666666666666666, 0, 0, 0, 0], [0, 0, 0, 0.04992818832397461, 0, 0, 8, 7, 14, 0, 0, 0, 0, 5, 1, 6, 0, 0, 0, 6, 0, 0.5, 0, 0, 0, 0], [0, 0, 0, 0.11670970916748047, 0, 0, 8, 3, 10, 0, 0, 0, 0, 1, 1, 2, 0, 0, 0, 2, 0, 0.25, 0, 0, 0, 0], [0, 0, 0, 0.02273520827293396, 0, 0, 8, 3, 10, 0, 0, 0, 0, 1, 1, 3, 0, 0, 0, 2, 0, 0.5, 0, 0, 0, 0], [0, 0, 0, 0.022762298583984375, 0, 0, 8, 4, 11, 0, 0, 0, 0, 2, 1, 4, 0, 0, 0, 3, 0, 0.5, 0, 0, 0, 0], [0, 0, 0, 0.05005684494972229, 0, 0, 8, 13, 20, 0, 0, 0, 0, 11, 1, 4, 0, 0, 0, 12, 0, 0.5, 0, 0, 0, 0], [0, 0, 0, 0.025912046432495117, 0, 0, 8, 3, 10, 0, 0, 0, 0, 1, 1, 4, 0, 0, 0, 2, 0, 0.5, 0, 0, 0, 0], [0, 0, 0, 0.002084970474243164, 0, 0, 8, 4, 11, 0, 0, 0, 0, 2, 1, 7, 0, 0, 0, 3, 0, 0.6666666666666666, 0, 0, 0, 0], [0, 0, 0, 0.017003387212753296, 0, 0, 8, 3, 10, 0, 0, 0, 0, 1, 1, 5, 0, 0, 0, 2, 0, 0.5, 0, 0, 0, 0], [0, 0, 0, 0.06475898623466492, 0, 0, 8, 3, 10, 0, 0, 0, 0, 1, 1, 4, 0, 0, 0, 2, 0, 0.5, 0, 0, 0, 0], [0, 0, 0, 0.00817367434501648, 0, 0, 8, 3, 10, 0, 0, 0, 0, 1, 1, 1, 0, 0, 0, 2, 0, 0.07142857142857142, 0, 0, 0, 0], [0, 0, 0, 0.12132513523101807, 0, 0, 8, 3, 10, 0, 0, 0, 0, 1, 1, 3, 0, 0, 0, 2, 0, 0.5, 0, 0, 0, 0], [0, 0, 0, 0.010932475328445435, 0, 0, 8, 13, 20, 0, 0, 0, 0, 11, 1, 1, 0, 0, 0, 12, 0, 0.6666666666666666, 0, 0, 0, 0], [0, 0, 0, 0.06640681624412537, 0, 0, 8, 6, 13, 0, 0, 0, 0, 4, 1, 7, 0, 0, 0, 5, 0, 0.6666666666666666, 0, 0, 0, 0], [0, 0, 0, 0.00036978721618652344, 0, 0, 8, 4, 11, 0, 0, 0, 0, 2, 1, 7, 0, 0, 0, 3, 0, 0.5, 0, 0, 0, 0], [0, 0, 0, 0.00843280553817749, 0, 0, 8, 3, 10, 0, 0, 0, 0, 1, 1, 3, 0, 0, 0, 2, 0, 0.5, 0, 0, 0, 0], [0, 0, 0, 0.0007541775703430176, 0, 0, 8, 4, 11, 0, 0, 0, 0, 2, 1, 3, 0, 0, 0, 3, 0, 1.0, 0, 0, 0, 0], [0, 0, 0, 0.10825878381729126, 0, 0, 8, 6, 13, 0, 0, 0, 0, 4, 1, 5, 0, 0, 0, 5, 0, 0.5, 0, 0, 0, 0], [0, 0, 0, 0.015035748481750488, 0, 0, 8, 3, 10, 0, 0, 0, 0, 1, 1, 4, 0, 0, 0, 2, 0, 0.5, 0, 0, 0, 0], [0, 0, 0, 0.001257777214050293, 0, 0, 8, 3, 10, 0, 1, 0, 0, 1, 1, 6, 0, 0, 0, 2, 0, 0.5, 0, 0, 0, 0], [0, 0, 0, 0.017578959465026855, 0, 0, 8, 13, 20, 0, 0, 0, 0, 11, 1, 1, 0, 0, 0, 12, 0, 0.25, 0, 0, 0, 0], [0, 0, 0, 0.09998303651809692, 0, 0, 8, 4, 11, 0, 0, 0, 0, 2, 1, 4, 0, 0, 0, 3, 0, 0.5, 0, 0, 0, 0], [0, 0, 0, 0.008371233940124512, 0, 0, 8, 8, 15, 0, 0, 0, 0, 6, 1, 5, 0, 0, 0, 7, 0, 0.5, 0, 0, 0, 0], [0, 0, 0, 0.043095722794532776, 0, 0, 8, 3, 10, 0, 0, 0, 0, 1, 1, 4, 0, 0, 0, 2, 0, 0.5, 0, 0, 0, 0], [0, 0, 0, 0.008659571409225464, 0, 0, 8, 5, 12, 0, 0, 0, 0, 3, 1, 4, 0, 0, 0, 4, 0, 0.5, 0, 0, 0, 0], [0, 0, 0, 0.04322844743728638, 0, 0, 8, 13, 20, 0, 0, 0, 0, 11, 1, 2, 0, 0, 0, 12, 0, 0.6666666666666666, 0, 0, 0, 0], [0, 0, 0, 0.0006909966468811035, 0, 0, 8, 13, 20, 0, 0, 0, 0, 11, 1, 4, 0, 0, 0, 12, 0, 0.5, 0, 0, 0, 0], [0, 0, 0, 0.10893651843070984, 0, 0, 8, 8, 15, 0, 0, 0, 0, 6, 1, 3, 0, 0, 0, 7, 0, 0.5, 0, 0, 0, 0], [0, 0, 0, 0.07057413458824158, 0, 0, 8, 13, 20, 0, 0, 0, 0, 11, 1, 5, 0, 0, 0, 12, 0, 1.0, 0, 0, 0, 0], [0, 0, 0, 0.0076923668384552, 0, 0, 8, 3, 10, 0, 0, 0, 0, 1, 1, 4, 0, 0, 0, 2, 0, 0.5, 0, 0, 0, 0], [0, 0, 0, 0.012005597352981567, 0, 0, 8, 13, 20, 0, 0, 0, 0, 11, 1, 1, 0, 0, 0, 12, 0, 0.25, 0, 0, 0, 0], [0, 0, 0, 0.09777653217315674, 0, 0, 8, 4, 11, 0, 0, 0, 0, 2, 1, 6, 0, 0, 0, 3, 0, 1.0, 0, 0, 0, 0], [0, 0, 0, 0.028152763843536377, 0, 0, 8, 13, 20, 0, 0, 0, 0, 11, 1, 2, 0, 0, 0, 12, 0, 1.0, 0, 0, 0, 0], [0, 0, 0, 0.0203610360622406, 0, 0, 8, 3, 10, 0, 0, 0, 0, 1, 1, 3, 0, 0, 0, 2, 0, 0.5, 0, 0, 0, 0], [0, 0, 0, 0.017658919095993042, 0, 0, 8, 13, 20, 0, 0, 0, 0, 11, 1, 1, 0, 0, 0, 12, 0, 0.25, 0, 0, 0, 0], [0, 0, 0, 0.04042269289493561, 0, 0, 8, 6, 13, 0, 0, 0, 0, 4, 1, 2, 0, 0, 0, 5, 0, 0.3333333333333333, 0, 0, 0, 0], [0, 0, 0, 0.004424095153808594, 0, 0, 8, 11, 18, 0, 0, 0, 0, 9, 1, 2, 0, 0, 0, 10, 0, 0.5, 0, 0, 0, 0], [0, 0, 0, 0.014719247817993164, 0, 0, 8, 3, 10, 0, 0, 0, 0, 1, 1, 6, 0, 0, 0, 2, 0, 1.0, 0, 0, 0, 0], [0, 0, 0, 0.13239383697509766, 0, 0, 8, 3, 10, 0, 0, 0, 0, 1, 1, 3, 0, 0, 0, 2, 0, 0.5, 0, 0, 0, 0], [0, 0, 0, 0.06285515427589417, 0, 0, 8, 8, 15, 0, 0, 0, 0, 6, 1, 4, 0, 0, 0, 7, 0, 0.5, 0, 0, 0, 0], [0, 0, 0, 0.022683173418045044, 0, 0, 8, 9, 16, 0, 0, 0, 0, 7, 1, 4, 0, 0, 0, 8, 0, 1.0, 0, 0, 0, 0], [0, 0, 0, 0.011061370372772217, 0, 0, 8, 7, 14, 0, 0, 0, 0, 5, 1, 4, 0, 0, 0, 6, 0, 0.5, 0, 0, 0, 0], [0, 0, 0, 0.029781579971313477, 0, 0, 8, 13, 20, 0, 0, 0, 0, 11, 1, 1, 0, 0, 0, 12, 0, 0.018404907975460124, 0, 0, 0, 0], [0, 0, 0, 0.020244747400283813, 0, 0, 8, 10, 17, 0, 0, 0, 0, 8, 1, 5, 0, 0, 0, 9, 0, 0.5, 0, 0, 0, 0], [0, 0, 0, 0.008145898580551147, 0, 0, 8, 8, 15, 0, 0, 0, 0, 6, 1, 4, 0, 0, 0, 7, 0, 0.5, 0, 0, 0, 0], [0, 0, 0, 0.026922792196273804, 0, 0, 8, 13, 20, 0, 0, 0, 0, 11, 1, 2, 0, 0, 0, 12, 0, 0.5, 0, 0, 0, 0], [0, 0, 0, 0.006158113479614258, 0, 0, 8, 4, 11, 0, 0, 0, 0, 2, 1, 4, 0, 0, 0, 3, 0, 0.5, 0, 0, 0, 0], [0, 0, 0, 0.09898841381072998, 0, 0, 8, 5, 12, 0, 0, 0, 0, 3, 1, 8, 0, 0, 0, 4, 0, 1.0, 0, 0, 0, 0], [1, 0, 1, 0.09802156686782837, 1, 0, 8, 3, 10, 1, 0, 1, 1, 1, 1, 5, 0, 0, 0, 2, 1, 0.6666666666666666, 0, 0, 0, 0], [0, 0, 0, 0.12285792827606201, 0, 0, 8, 3, 10, 0, 0, 0, 0, 1, 1, 7, 0, 0, 0, 2, 0, 0.6666666666666666, 0, 0, 0, 0], [0, 0, 0, 0.551254615187645, 0, 0, 8, 3, 10, 0, 0, 0, 0, 1, 1, 4, 0, 0, 0, 2, 0, 0.5, 0, 0, 0, 0], [0, 0, 0, 0.010877102613449097, 0, 0, 8, 9, 16, 0, 0, 0, 0, 7, 1, 1, 0, 0, 0, 8, 0, 0.5, 0, 0, 0, 0], [0, 0, 0, 0.03319546580314636, 0, 0, 8, 5, 12, 0, 0, 0, 0, 3, 1, 6, 0, 0, 0, 4, 0, 0.5, 0, 0, 0, 0], [0, 0, 0, 0.09343397617340088, 0, 0, 8, 13, 20, 0, 0, 0, 0, 11, 1, 1, 0, 0, 0, 12, 0, 0.05, 0, 0, 0, 0], [0, 0, 0, 0.03346166014671326, 0, 0, 8, 13, 20, 0, 0, 0, 0, 11, 1, 3, 0, 0, 0, 12, 0, 1.0, 0, 0, 0, 0], [0, 0, 0, 0.04368731379508972, 0, 0, 8, 13, 20, 0, 0, 0, 0, 11, 1, 2, 0, 0, 0, 12, 0, 0.5, 0, 0, 0, 0], [0, 0, 0, 0.010758668184280396, 0, 0, 8, 13, 20, 0, 0, 0, 0, 11, 1, 1, 0, 0, 0, 12, 0, 0.007633587786259542, 0, 0, 0, 0], [0, 0, 0, 0.053614675998687744, 0, 0, 8, 3, 10, 0, 0, 0, 0, 1, 1, 2, 0, 0, 0, 2, 0, 0.25, 0, 0, 0, 0], [0, 0, 0, 0.12425914406776428, 0, 0, 8, 4, 11, 0, 1, 0, 0, 2, 1, 3, 0, 0, 0, 3, 0, 0.5, 0, 0, 0, 0], [0, 0, 0, 0.015511661767959595, 0, 0, 8, 13, 20, 0, 0, 0, 0, 10, 2, 1, 0, 0, 0, 12, 0, 0.018404907975460124, 0, 0, 0, 0], [0, 0, 0, 0.019311964511871338, 0, 0, 8, 13, 20, 0, 0, 0, 0, 10, 2, 1, 0, 0, 0, 12, 0, 0.25, 0, 0, 0, 0], [0, 0, 0, 0.1486387550830841, 0, 0, 8, 3, 10, 0, 0, 0, 0, 1, 1, 3, 0, 0, 0, 2, 0, 0.5, 0, 0, 0, 0], [0, 0, 0, 0.0012299418449401855, 0, 0, 8, 13, 20, 0, 0, 0, 0, 11, 1, 6, 0, 0, 0, 12, 0, 0.5, 0, 0, 0, 0], [0, 0, 0, 0.01751694083213806, 0, 0, 8, 13, 20, 0, 0, 0, 0, 11, 1, 2, 0, 0, 0, 12, 0, 1.0, 0, 0, 0, 0], [0, 0, 0, 0.04754188656806946, 0, 0, 8, 3, 10, 0, 0, 0, 0, 1, 1, 4, 0, 0, 0, 2, 0, 0.5, 0, 0, 0, 0], [0, 0, 0, 0.1677243709564209, 0, 0, 8, 4, 11, 0, 0, 0, 0, 2, 1, 3, 0, 0, 0, 3, 0, 0.5, 0, 0, 0, 0], [0, 0, 0, 0.025056540966033936, 0, 0, 8, 6, 13, 0, 0, 0, 0, 4, 1, 5, 0, 0, 0, 5, 0, 0.6666666666666666, 0, 0, 0, 0], [0, 0, 0, 0.2284957766532898, 0, 0, 8, 3, 10, 0, 0, 0, 0, 1, 1, 4, 0, 0, 0, 2, 0, 0.5, 0, 0, 0, 0], [0, 0, 0, 0.01944512128829956, 0, 0, 8, 13, 20, 0, 0, 0, 0, 11, 1, 1, 0, 0, 0, 12, 0, 0.25, 0, 0, 0, 0], [0, 0, 1, 0.016525954008102417, 0, 0, 8, 13, 20, 0, 0, 1, 0, 11, 1, 2, 0, 0, 0, 12, 0, 1.0, 0, 0, 0, 0], [0, 0, 0, 0.02153894305229187, 0, 0, 8, 3, 10, 0, 0, 0, 0, 1, 1, 3, 0, 0, 0, 2, 0, 0.5, 0, 0, 0, 0], [0, 0, 0, 0.026824116706848145, 0, 0, 8, 13, 20, 0, 0, 0, 0, 11, 1, 6, 0, 0, 0, 12, 0, 0.5, 0, 0, 0, 0], [0, 0, 0, 0.12285792827606201, 0, 0, 8, 3, 10, 0, 0, 0, 0, 1, 1, 7, 0, 0, 0, 2, 0, 0.6666666666666666, 0, 0, 0, 0], [0, 0, 0, 0.00896906852722168, 0, 0, 8, 13, 20, 0, 0, 0, 0, 11, 1, 5, 0, 0, 0, 12, 0, 0.6666666666666666, 0, 0, 0, 0], [0, 0, 0, 0.022057771682739258, 0, 0, 8, 3, 10, 0, 0, 0, 0, 1, 1, 3, 0, 0, 0, 2, 0, 0.3333333333333333, 0, 0, 0, 0], [0, 0, 0, 0.0524338036775589, 0, 0, 8, 4, 11, 0, 0, 0, 0, 2, 1, 3, 0, 0, 0, 3, 0, 0.5, 0, 0, 0, 0], [0, 0, 0, 0.09294652938842773, 0, 0, 8, 3, 10, 0, 0, 0, 0, 1, 1, 4, 0, 0, 0, 2, 0, 0.5, 0, 0, 0, 0], [0, 0, 0, 0.04980848729610443, 0, 0, 8, 3, 10, 0, 0, 0, 0, 1, 1, 3, 0, 0, 0, 2, 0, 0.3333333333333333, 0, 0, 0, 0], [0, 0, 0, 0.01687389612197876, 0, 0, 8, 13, 20, 0, 0, 0, 0, 11, 1, 2, 0, 0, 0, 12, 0, 1.0, 0, 0, 0, 0], [0, 0, 0, 0.019642949104309082, 0, 0, 8, 7, 14, 0, 0, 0, 0, 5, 1, 6, 0, 0, 0, 6, 0, 0.5, 0, 0, 0, 0], [0, 0, 0, 0.05363321304321289, 0, 0, 8, 13, 20, 0, 0, 0, 0, 11, 1, 2, 0, 0, 0, 12, 0, 0.6666666666666666, 0, 0, 0, 0], [0, 0, 0, 0.009382069110870361, 0, 0, 8, 8, 15, 0, 0, 0, 0, 6, 1, 2, 0, 0, 0, 7, 0, 0.25, 0, 0, 0, 0], [0, 0, 0, 0.03727567195892334, 0, 0, 8, 4, 11, 0, 0, 0, 0, 2, 1, 7, 0, 0, 0, 3, 0, 0.6666666666666666, 0, 0, 0, 0], [0, 0, 0, 0.043076395988464355, 0, 0, 8, 6, 13, 0, 0, 0, 0, 4, 1, 4, 0, 0, 0, 5, 0, 0.5, 0, 0, 0, 0], [0, 0, 0, 0.042474061250686646, 0, 0, 8, 13, 20, 0, 1, 0, 0, 11, 1, 1, 0, 0, 0, 12, 0, 1.0, 0, 0, 0, 0], [0, 0, 0, 0.0001647472381591797, 0, 0, 8, 12, 19, 0, 0, 0, 0, 10, 1, 3, 0, 0, 0, 11, 0, 0.5, 0, 0, 0, 0], [0, 0, 0, 0.022515058517456055, 0, 0, 8, 13, 20, 0, 0, 0, 0, 11, 1, 3, 0, 0, 0, 12, 0, 0.5, 0, 0, 0, 0], [0, 0, 0, 0.00671011209487915, 0, 0, 8, 8, 15, 0, 0, 0, 0, 6, 1, 5, 0, 0, 0, 7, 0, 0.5, 0, 0, 0, 0], [0, 0, 0, 0.001648932695388794, 0, 0, 8, 3, 10, 0, 0, 0, 0, 1, 1, 4, 0, 0, 0, 2, 0, 0.5, 0, 0, 0, 0], [0, 0, 0, 0.0008077621459960938, 0, 0, 8, 9, 16, 0, 0, 0, 0, 7, 1, 1, 0, 0, 0, 8, 0, 0.07142857142857142, 0, 0, 0, 0], [0, 0, 0, 0.06920573115348816, 0, 0, 8, 5, 12, 0, 0, 0, 0, 3, 1, 5, 0, 0, 0, 4, 0, 0.5, 0, 0, 0, 0], [0, 0, 0, 0.0018527805805206299, 0, 0, 8, 5, 12, 0, 0, 0, 0, 3, 1, 4, 0, 0, 0, 4, 0, 0.5, 0, 0, 0, 0], [0, 0, 0, 0.024296492338180542, 0, 0, 8, 6, 13, 0, 0, 0, 0, 4, 1, 6, 0, 0, 0, 5, 0, 0.5, 0, 0, 0, 0], [0, 0, 0, 0.1197042465209961, 0, 0, 8, 3, 10, 0, 0, 0, 0, 1, 1, 4, 0, 0, 0, 2, 0, 0.5, 0, 0, 0, 0], [0, 0, 0, 0.16383486986160278, 0, 0, 8, 3, 10, 0, 0, 0, 0, 1, 1, 4, 0, 0, 0, 2, 0, 0.5, 0, 0, 0, 0], [0, 0, 0, 0.022523552179336548, 0, 0, 8, 13, 20, 0, 0, 0, 0, 11, 1, 1, 0, 0, 0, 12, 0, 0.6666666666666666, 0, 0, 0, 0], [0, 0, 0, 0.002194315195083618, 0, 0, 8, 13, 20, 0, 0, 0, 0, 11, 1, 1, 0, 0, 0, 12, 0, 0.01639344262295082, 0, 0, 0, 0], [0, 0, 0, 0.006687372922897339, 0, 0, 8, 6, 13, 0, 0, 0, 0, 4, 1, 5, 0, 0, 0, 5, 0, 0.5, 0, 0, 0, 0], [0, 0, 0, 0.018484294414520264, 0, 0, 8, 13, 20, 0, 0, 0, 0, 11, 1, 1, 0, 0, 0, 12, 0, 0.25, 0, 0, 0, 0], [0, 0, 0, 0.010688543319702148, 0, 0, 8, 13, 20, 0, 0, 0, 0, 11, 1, 6, 0, 0, 0, 12, 0, 0.5, 0, 0, 0, 0], [0, 0, 0, 0.017941683530807495, 0, 0, 8, 13, 20, 0, 0, 0, 0, 11, 1, 6, 0, 0, 0, 12, 0, 0.5, 0, 0, 0, 0], [0, 0, 0, 0.03954610228538513, 0, 0, 8, 13, 20, 0, 0, 0, 0, 11, 1, 2, 0, 0, 0, 12, 0, 0.5, 0, 0, 0, 0], [0, 0, 0, 0.009925514459609985, 0, 0, 8, 9, 16, 0, 0, 0, 0, 7, 1, 5, 0, 0, 0, 8, 0, 0.5, 0, 0, 0, 0], [0, 0, 0, 0.02369922399520874, 0, 0, 8, 6, 13, 0, 0, 0, 0, 4, 1, 4, 0, 0, 0, 5, 0, 0.6666666666666666, 0, 0, 0, 0], [0, 0, 0, 0.06286928057670593, 0, 0, 8, 13, 20, 0, 0, 0, 0, 11, 1, 5, 0, 0, 0, 12, 0, 1.0, 0, 0, 0, 0], [1, 0, 0, 0.00891539454460144, 0, 0, 8, 13, 20, 1, 0, 0, 0, 11, 1, 2, 0, 0, 0, 12, 0, 0.5, 0, 0, 0, 0], [0, 0, 0, 0.021860569715499878, 0, 0, 8, 3, 10, 0, 0, 0, 0, 1, 1, 2, 0, 0, 0, 2, 0, 0.5, 0, 0, 0, 0], [0, 0, 0, 0.018893957138061523, 0, 0, 8, 13, 20, 0, 0, 0, 0, 11, 1, 1, 0, 0, 0, 12, 0, 0.25, 0, 0, 0, 0], [0, 0, 0, 0.0029956698417663574, 0, 0, 8, 3, 10, 0, 0, 0, 0, 1, 1, 5, 0, 0, 0, 2, 0, 0.5, 0, 0, 0, 0], [0, 0, 0, 0.050596803426742554, 0, 0, 8, 13, 20, 0, 0, 0, 0, 11, 1, 1, 0, 0, 0, 12, 0, 0.5, 0, 0, 0, 0], [0, 0, 0, 0.12451472878456116, 0, 0, 8, 13, 20, 0, 0, 0, 0, 11, 1, 7, 0, 0, 0, 12, 0, 0.6666666666666666, 0, 0, 0, 0], [0, 0, 0, 0.015545070171356201, 0, 0, 8, 13, 20, 0, 0, 0, 0, 11, 1, 1, 0, 0, 0, 12, 0, 0.25, 0, 0, 0, 0], [0, 0, 0, 0.012553393840789795, 0, 0, 8, 13, 20, 0, 0, 0, 0, 11, 1, 1, 0, 0, 0, 12, 0, 0.047619047619047616, 0, 0, 0, 0], [0, 0, 0, 0.0585099458694458, 0, 0, 8, 6, 13, 0, 0, 0, 0, 4, 1, 5, 0, 0, 0, 5, 0, 1.0, 0, 0, 0, 0], [0, 0, 0, 0.08317404985427856, 0, 0, 8, 13, 20, 0, 0, 0, 0, 11, 1, 2, 0, 0, 0, 12, 0, 0.6666666666666666, 0, 0, 0, 0], [0, 0, 0, 0.05799508094787598, 0, 0, 8, 4, 11, 0, 0, 0, 0, 2, 1, 4, 0, 0, 0, 3, 0, 0.5, 0, 0, 0, 0], [0, 0, 0, 0.02011162042617798, 0, 0, 8, 13, 20, 0, 0, 0, 0, 11, 1, 3, 0, 0, 0, 12, 0, 0.5, 0, 0, 0, 0], [0, 0, 0, 0.0009350180625915527, 0, 0, 8, 3, 10, 0, 0, 0, 0, 1, 1, 2, 0, 0, 0, 2, 0, 0.6666666666666666, 0, 0, 0, 0], [0, 0, 0, 0.03836396336555481, 0, 0, 8, 13, 20, 0, 0, 0, 0, 11, 1, 1, 0, 0, 0, 12, 0, 0.03225806451612903, 0, 0, 0, 0], [0, 0, 0, 0.01852479577064514, 0, 0, 8, 10, 17, 0, 0, 0, 0, 8, 1, 4, 0, 0, 0, 9, 0, 0.5, 0, 0, 0, 0], [0, 0, 0, 0.008465290069580078, 0, 0, 8, 3, 10, 0, 0, 0, 0, 1, 1, 4, 0, 0, 0, 2, 0, 0.5, 0, 0, 0, 0], [0, 0, 0, 0.18953576683998108, 0, 0, 8, 4, 11, 0, 0, 0, 0, 2, 1, 3, 0, 0, 0, 3, 0, 0.5, 0, 0, 0, 0], [0, 0, 0, 0.008367478847503662, 0, 0, 8, 3, 10, 0, 0, 0, 0, 1, 1, 4, 0, 0, 0, 2, 0, 0.5, 0, 0, 0, 0], [0, 0, 0, 0.01970130205154419, 0, 0, 8, 13, 20, 0, 0, 0, 0, 10, 2, 3, 0, 0, 0, 12, 0, 1.0, 0, 0, 0, 0], [0, 0, 0, 0.08461451530456543, 0, 0, 8, 13, 20, 0, 0, 0, 0, 11, 1, 1, 0, 0, 0, 12, 0, 0.05, 0, 0, 0, 0], [0, 0, 0, 0.028157919645309448, 0, 0, 8, 13, 20, 0, 0, 0, 0, 11, 1, 2, 0, 0, 0, 12, 0, 0.25, 0, 0, 0, 0], [0, 0, 0, 0.059484273195266724, 0, 0, 8, 10, 17, 0, 0, 0, 0, 8, 1, 4, 0, 0, 0, 9, 0, 0.5, 0, 0, 0, 0], [0, 0, 0, 0.0033247172832489014, 0, 0, 8, 13, 20, 0, 0, 0, 0, 11, 1, 2, 0, 0, 0, 12, 0, 0.5, 0, 0, 0, 0], [0, 0, 0, 0.053639501333236694, 0, 0, 8, 13, 20, 0, 0, 0, 0, 11, 1, 2, 0, 0, 0, 12, 0, 0.5, 0, 0, 0, 0], [0, 0, 0, 0.0826539695262909, 0, 0, 8, 3, 10, 0, 0, 0, 0, 1, 1, 4, 0, 0, 0, 2, 0, 1.0, 0, 0, 0, 0], [0, 0, 0, 0.008159935474395752, 0, 0, 8, 4, 11, 0, 0, 0, 0, 2, 1, 4, 0, 0, 0, 3, 0, 0.5, 0, 0, 0, 0], [0, 0, 0, 0.0385318398475647, 0, 0, 8, 5, 12, 0, 0, 0, 0, 3, 1, 3, 0, 0, 0, 4, 0, 0.5, 0, 0, 0, 0], [0, 0, 0, 0.03839939832687378, 0, 0, 8, 8, 15, 0, 0, 0, 0, 6, 1, 4, 0, 0, 0, 7, 0, 0.5, 0, 0, 0, 0], [0, 0, 0, 0.014693021774291992, 0, 0, 8, 3, 10, 0, 0, 0, 0, 1, 1, 3, 0, 0, 0, 2, 0, 0.5, 0, 0, 0, 0], [0, 0, 0, 0.017174720764160156, 0, 0, 8, 3, 10, 0, 0, 0, 0, 1, 1, 4, 0, 0, 0, 2, 0, 0.5, 0, 0, 0, 0], [0, 0, 0, 0.03437763452529907, 0, 0, 8, 6, 13, 0, 0, 0, 0, 4, 1, 3, 0, 0, 0, 5, 0, 0.3333333333333333, 0, 0, 0, 0], [0, 0, 0, 0.026323318481445312, 0, 0, 8, 7, 14, 0, 0, 0, 0, 5, 1, 5, 0, 0, 0, 6, 0, 0.5, 0, 0, 0, 0], [0, 0, 0, 0.05094820261001587, 0, 0, 8, 11, 18, 0, 0, 0, 0, 9, 1, 4, 0, 0, 0, 10, 0, 0.5, 0, 0, 0, 0], [0, 0, 0, 0.058809757232666016, 0, 0, 8, 13, 20, 0, 0, 0, 0, 11, 1, 1, 0, 0, 0, 12, 0, 0.6666666666666666, 0, 0, 0, 0], [0, 0, 0, 0.0818597674369812, 1, 0, 8, 13, 20, 0, 0, 0, 0, 11, 1, 1, 0, 0, 0, 12, 0, 0.03225806451612903, 0, 0, 0, 0], [0, 0, 0, 0.11651146411895752, 0, 0, 8, 13, 20, 0, 0, 0, 0, 10, 2, 7, 0, 0, 0, 12, 0, 0.6666666666666666, 0, 0, 0, 0], [0, 0, 0, 0.2079310417175293, 0, 0, 8, 3, 10, 0, 0, 0, 0, 1, 1, 2, 0, 0, 0, 2, 0, 0.5, 0, 0, 0, 0], [0, 0, 0, 0.00195235013961792, 0, 0, 8, 4, 11, 0, 0, 0, 0, 2, 1, 4, 0, 0, 0, 3, 0, 0.5, 0, 0, 0, 0], [0, 0, 0, 0.2864304780960083, 0, 0, 8, 3, 10, 0, 0, 0, 0, 1, 1, 2, 0, 0, 0, 2, 0, 0.5, 0, 0, 0, 0], [0, 0, 0, 0.2568912208080292, 0, 0, 8, 3, 10, 0, 0, 0, 0, 1, 1, 2, 0, 0, 0, 2, 0, 0.5, 0, 0, 0, 0], [0, 0, 0, 0.1354677677154541, 0, 0, 8, 3, 10, 0, 0, 0, 0, 1, 1, 3, 0, 0, 0, 2, 0, 0.5, 0, 0, 0, 0], [0, 0, 0, 0.002131134271621704, 0, 0, 8, 13, 20, 0, 0, 0, 0, 11, 1, 2, 0, 0, 0, 12, 0, 0.25, 0, 0, 0, 0], [0, 0, 0, 0.06409746408462524, 0, 0, 8, 7, 14, 0, 0, 0, 0, 5, 1, 3, 0, 0, 0, 6, 0, 0.5, 0, 0, 0, 0], [0, 0, 0, 0.11285722255706787, 0, 0, 8, 4, 11, 0, 0, 0, 0, 2, 1, 8, 0, 0, 0, 3, 0, 1.0, 0, 0, 0, 0], [0, 0, 0, 0.03536376357078552, 0, 0, 8, 3, 10, 0, 0, 0, 0, 1, 1, 2, 0, 0, 0, 2, 0, 0.5, 0, 0, 0, 0], [0, 0, 0, 0.030027031898498535, 0, 0, 8, 3, 10, 0, 0, 0, 0, 1, 1, 3, 0, 0, 0, 2, 0, 0.3333333333333333, 0, 0, 0, 0], [0, 0, 0, 0.019626110792160034, 0, 0, 8, 8, 15, 0, 0, 0, 0, 6, 1, 4, 0, 0, 0, 7, 0, 0.5, 0, 0, 0, 0], [0, 0, 0, 0.007700085639953613, 0, 0, 8, 8, 15, 0, 0, 0, 0, 6, 1, 4, 0, 0, 0, 7, 0, 0.5, 0, 0, 0, 0], [0, 0, 0, 0.013498395681381226, 0, 0, 8, 6, 13, 0, 0, 0, 0, 4, 1, 5, 0, 0, 0, 5, 0, 0.6666666666666666, 0, 0, 0, 0], [0, 0, 0, 0.023707032203674316, 0, 0, 8, 13, 20, 0, 0, 0, 0, 11, 1, 1, 0, 0, 0, 12, 0, 0.25, 0, 0, 0, 0], [0, 0, 0, 0.01950669288635254, 0, 0, 8, 13, 20, 0, 0, 0, 0, 11, 1, 1, 0, 0, 0, 12, 0, 0.25, 0, 0, 0, 0], [0, 0, 0, 0.03599599003791809, 0, 0, 8, 13, 20, 0, 0, 0, 0, 11, 1, 2, 0, 0, 0, 12, 0, 0.3333333333333333, 0, 0, 0, 0], [0, 0, 0, 0.03457537293434143, 0, 0, 8, 6, 13, 0, 0, 0, 0, 4, 1, 3, 0, 0, 0, 5, 0, 0.5, 0, 0, 0, 0], [0, 0, 0, 0.05505719780921936, 0, 0, 8, 13, 20, 0, 0, 0, 0, 11, 1, 4, 0, 0, 0, 12, 0, 0.5, 0, 0, 0, 0], [0, 0, 0, 0.006427407264709473, 0, 0, 8, 3, 10, 0, 0, 0, 0, 1, 1, 4, 0, 0, 0, 2, 0, 0.5, 0, 0, 0, 0], [0, 0, 0, 0.27963751554489136, 0, 0, 8, 3, 10, 0, 0, 0, 0, 1, 1, 2, 0, 0, 0, 2, 0, 0.25, 0, 0, 0, 0], [0, 0, 0, 0.12852579355239868, 0, 0, 8, 3, 10, 0, 0, 0, 0, 1, 1, 2, 0, 0, 0, 2, 0, 0.5, 0, 0, 0, 0], [0, 0, 0, 0.12226301431655884, 0, 0, 8, 4, 11, 0, 0, 0, 0, 2, 1, 4, 0, 0, 0, 3, 0, 0.6666666666666666, 0, 0, 0, 0], [0, 0, 0, 0.08136850595474243, 0, 0, 8, 3, 10, 0, 0, 0, 0, 1, 1, 5, 0, 0, 0, 2, 0, 0.5, 0, 0, 0, 0], [0, 0, 0, 0.005897879600524902, 0, 0, 8, 13, 20, 0, 0, 0, 0, 11, 1, 1, 0, 0, 0, 12, 0, 0.6666666666666666, 0, 0, 0, 0], [0, 0, 0, 0.0646367073059082, 0, 0, 8, 3, 10, 0, 0, 0, 0, 1, 1, 7, 0, 0, 0, 2, 0, 0.5, 0, 0, 0, 0], [0, 0, 0, 0.01050180196762085, 0, 0, 8, 13, 20, 0, 0, 0, 0, 11, 1, 2, 0, 0, 0, 12, 0, 1.0, 0, 0, 0, 0], [0, 0, 0, 0.010384827852249146, 0, 0, 8, 8, 15, 0, 0, 0, 0, 6, 1, 6, 0, 0, 0, 7, 0, 0.5, 0, 0, 0, 0], [0, 0, 0, 0.0005543828010559082, 0, 0, 8, 3, 10, 0, 0, 0, 0, 1, 1, 7, 0, 0, 0, 2, 0, 0.5, 0, 0, 0, 0], [0, 0, 0, 0.026747196912765503, 0, 0, 8, 13, 20, 0, 0, 0, 0, 10, 2, 7, 0, 0, 0, 12, 0, 0.5, 0, 0, 0, 0], [0, 0, 0, 0.010081559419631958, 0, 0, 8, 13, 20, 0, 0, 0, 0, 11, 1, 1, 0, 0, 0, 12, 0, 0.6666666666666666, 0, 0, 0, 0], [0, 0, 0, 0.04237872362136841, 0, 0, 8, 8, 15, 0, 0, 0, 0, 6, 1, 3, 0, 0, 0, 7, 0, 0.5, 0, 0, 0, 0], [0, 0, 0, 0.024798274040222168, 0, 0, 8, 10, 17, 0, 0, 0, 0, 8, 1, 1, 0, 0, 0, 9, 0, 0.1, 0, 0, 0, 0], [1, 0, 0, 0.045891791582107544, 0, 0, 8, 12, 19, 1, 0, 1, 0, 10, 1, 2, 0, 0, 0, 11, 1, 0.6666666666666666, 0, 0, 0, 0], [0, 0, 0, 0.36184853315353394, 0, 0, 8, 3, 10, 0, 0, 0, 0, 1, 1, 4, 0, 0, 0, 2, 0, 0.5, 0, 0, 0, 0], [0, 0, 0, 0.0036832988262176514, 0, 0, 8, 13, 20, 0, 0, 0, 0, 11, 1, 1, 0, 0, 0, 12, 0, 0.5, 0, 0, 0, 0], [0, 0, 0, 0.008476883172988892, 0, 0, 8, 9, 16, 0, 0, 0, 0, 7, 1, 5, 0, 0, 0, 8, 0, 0.5, 0, 0, 0, 0], [0, 0, 0, 0.05281244218349457, 0, 0, 8, 4, 11, 0, 0, 0, 0, 2, 1, 2, 0, 0, 0, 3, 0, 0.5, 0, 0, 0, 0], [0, 0, 0, 0.14086398482322693, 0, 0, 8, 3, 10, 0, 0, 0, 0, 1, 1, 3, 0, 0, 0, 2, 0, 0.6666666666666666, 0, 0, 0, 0], [0, 0, 0, 0.020426154136657715, 0, 0, 8, 5, 12, 0, 0, 0, 0, 3, 1, 4, 0, 0, 0, 4, 0, 0.5, 0, 0, 0, 0], [0, 0, 0, 0.015901952981948853, 0, 0, 8, 13, 20, 0, 0, 0, 0, 11, 1, 1, 0, 0, 0, 12, 0, 0.6666666666666666, 0, 0, 0, 0], [0, 0, 0, 0.08661499619483948, 0, 0, 8, 13, 20, 0, 0, 0, 0, 11, 1, 1, 0, 0, 0, 12, 0, 0.05, 0, 0, 0, 0], [0, 0, 0, 0.05678340792655945, 0, 0, 8, 3, 10, 0, 0, 0, 0, 1, 1, 3, 0, 0, 0, 2, 0, 0.5, 0, 0, 0, 0], [0, 0, 0, 0.023611485958099365, 0, 0, 8, 8, 15, 0, 0, 0, 0, 6, 1, 6, 0, 0, 0, 7, 0, 0.5, 0, 0, 0, 0], [0, 0, 0, 0.018560469150543213, 0, 0, 8, 13, 20, 0, 0, 0, 0, 11, 1, 2, 0, 0, 0, 12, 0, 1.0, 0, 0, 0, 0], [0, 0, 0, 0.029894113540649414, 0, 0, 8, 13, 20, 0, 0, 0, 0, 11, 1, 5, 0, 0, 0, 12, 0, 1.0, 0, 0, 0, 0], [0, 0, 0, 0.041232407093048096, 0, 0, 8, 13, 20, 0, 0, 0, 0, 11, 1, 2, 0, 0, 0, 12, 0, 0.5, 0, 0, 0, 0], [0, 0, 0, 0.031035572290420532, 0, 0, 8, 3, 10, 0, 0, 0, 0, 1, 1, 2, 0, 0, 0, 2, 0, 0.5, 0, 0, 0, 0], [0, 0, 0, 0.04106616973876953, 0, 0, 8, 4, 11, 0, 0, 0, 0, 2, 1, 4, 0, 0, 0, 3, 0, 0.5, 0, 0, 0, 0], [0, 0, 0, 0.0705517828464508, 0, 0, 8, 3, 10, 0, 0, 0, 0, 1, 1, 4, 0, 0, 0, 2, 0, 0.5, 0, 0, 0, 0], [0, 0, 0, 0.010672569274902344, 0, 0, 8, 3, 10, 0, 0, 0, 0, 1, 1, 5, 0, 0, 0, 2, 0, 0.5, 0, 0, 0, 0], [0, 0, 0, 0.009050548076629639, 0, 0, 8, 3, 10, 0, 0, 0, 0, 1, 1, 5, 0, 0, 0, 2, 0, 0.5, 0, 0, 0, 0], [0, 0, 0, 0.035002321004867554, 0, 0, 8, 13, 20, 0, 0, 0, 0, 11, 1, 1, 0, 0, 0, 12, 0, 1.0, 0, 0, 0, 0], [0, 0, 0, 0.026747196912765503, 0, 0, 8, 13, 20, 0, 0, 1, 0, 10, 2, 7, 0, 0, 0, 12, 0, 0.5, 0, 0, 0, 0], [0, 0, 0, 0.0787162184715271, 0, 0, 8, 4, 11, 0, 0, 0, 0, 2, 1, 6, 0, 0, 0, 3, 0, 1.0, 0, 0, 0, 0], [0, 0, 0, 0.09484395384788513, 0, 0, 8, 5, 12, 0, 0, 0, 0, 3, 1, 4, 0, 0, 0, 4, 0, 0.5, 0, 0, 0, 0], [0, 0, 0, 0.04962599277496338, 0, 0, 8, 4, 11, 0, 0, 0, 0, 2, 1, 7, 0, 0, 0, 3, 0, 0.5, 0, 0, 0, 0], [0, 0, 0, 0.12633353471755981, 0, 0, 8, 4, 11, 0, 0, 0, 0, 2, 1, 7, 0, 0, 0, 3, 0, 1.0, 0, 0, 0, 0], [0, 0, 0, 0.026178061962127686, 0, 0, 8, 4, 11, 0, 0, 0, 0, 2, 1, 6, 0, 0, 0, 3, 0, 0.6666666666666666, 0, 0, 0, 0], [1, 0, 0, 0.006635099649429321, 0, 0, 8, 5, 12, 1, 1, 0, 0, 3, 1, 5, 0, 0, 0, 4, 0, 0.5, 0, 0, 0, 0], [0, 0, 0, 0.06016466021537781, 0, 0, 8, 3, 10, 0, 0, 0, 0, 1, 1, 5, 0, 0, 0, 2, 0, 0.5, 0, 0, 0, 0], [0, 0, 0, 0.029417812824249268, 0, 0, 8, 13, 20, 0, 0, 0, 0, 10, 2, 1, 0, 0, 0, 12, 0, 0.6666666666666666, 0, 0, 0, 0], [0, 0, 0, 0.08209121227264404, 0, 0, 8, 3, 10, 0, 0, 0, 0, 1, 1, 3, 0, 0, 0, 2, 0, 0.5, 0, 0, 0, 0], [0, 0, 0, 0.14048057794570923, 0, 0, 8, 3, 10, 0, 0, 0, 0, 1, 1, 3, 0, 0, 0, 2, 0, 0.5, 0, 0, 0, 0], [0, 0, 0, 0.01950901746749878, 0, 0, 8, 3, 10, 0, 0, 0, 0, 1, 1, 3, 0, 0, 0, 2, 0, 0.5, 0, 0, 0, 0], [0, 0, 0, 0.018894314765930176, 0, 0, 8, 5, 12, 0, 0, 0, 0, 3, 1, 4, 0, 0, 0, 4, 0, 0.5, 0, 0, 0, 0], [0, 0, 0, 0.018861889839172363, 0, 0, 8, 3, 10, 0, 0, 0, 0, 1, 1, 5, 0, 0, 0, 2, 0, 0.5, 0, 0, 0, 0], [0, 0, 0, 0.021796733140945435, 0, 0, 8, 8, 15, 0, 0, 0, 0, 6, 1, 3, 0, 0, 0, 7, 0, 0.5, 0, 0, 0, 0], [0, 0, 0, 0.015305817127227783, 0, 0, 8, 4, 11, 0, 0, 0, 0, 2, 1, 7, 0, 0, 0, 3, 0, 0.5, 0, 0, 0, 0], [0, 0, 0, 0.049835026264190674, 0, 0, 8, 5, 12, 0, 0, 0, 0, 3, 1, 3, 0, 0, 0, 4, 0, 0.5, 0, 0, 0, 0], [0, 0, 0, 0.05135917663574219, 0, 0, 8, 4, 11, 0, 0, 0, 0, 2, 1, 6, 0, 0, 0, 3, 0, 0.5, 0, 0, 0, 0], [0, 0, 0, 0.019864261150360107, 0, 0, 8, 6, 13, 0, 0, 0, 0, 4, 1, 6, 0, 0, 0, 5, 0, 0.5, 0, 0, 0, 0], [0, 0, 0, 0.011759161949157715, 0, 0, 8, 13, 20, 0, 0, 0, 0, 11, 1, 1, 0, 0, 0, 12, 0, 0.6666666666666666, 0, 0, 0, 0], [0, 0, 0, 0.1875987946987152, 0, 0, 8, 8, 15, 0, 0, 0, 0, 6, 1, 6, 0, 0, 0, 7, 0, 0.5, 0, 0, 0, 0], [0, 0, 0, 0.01914861798286438, 0, 0, 8, 8, 15, 0, 0, 0, 0, 6, 1, 4, 0, 0, 0, 7, 0, 0.5, 0, 0, 0, 0], [0, 0, 0, 0.009338021278381348, 0, 0, 8, 3, 10, 0, 0, 0, 0, 1, 1, 5, 0, 0, 0, 2, 0, 0.5, 0, 0, 0, 0], [0, 0, 0, 0.025312155485153198, 0, 0, 8, 13, 20, 0, 0, 0, 0, 11, 1, 2, 0, 0, 0, 12, 0, 0.5, 0, 0, 0, 0], [0, 0, 0, 0.0004559755325317383, 0, 0, 8, 13, 20, 0, 0, 0, 0, 11, 1, 2, 0, 0, 0, 12, 0, 0.5, 0, 0, 0, 0], [0, 0, 0, 0.023793935775756836, 0, 0, 8, 5, 12, 0, 0, 0, 0, 3, 1, 6, 0, 0, 0, 4, 0, 0.5, 0, 0, 0, 0], [0, 0, 0, 0.001724541187286377, 0, 0, 8, 5, 12, 0, 0, 0, 0, 3, 1, 4, 0, 0, 0, 4, 0, 0.5, 0, 0, 0, 0], [0, 0, 0, 0.03251761198043823, 0, 0, 8, 8, 15, 0, 0, 0, 0, 6, 1, 6, 0, 0, 0, 7, 0, 0.5, 0, 0, 0, 0], [0, 0, 0, 0.009183168411254883, 0, 0, 8, 3, 10, 0, 0, 0, 0, 1, 1, 7, 0, 0, 0, 2, 0, 0.5, 0, 0, 0, 0], [0, 0, 0, 0.0809880793094635, 0, 0, 8, 8, 15, 0, 0, 0, 0, 6, 1, 5, 0, 0, 0, 7, 0, 0.5, 0, 0, 0, 0], [0, 0, 0, 0.10466483235359192, 0, 0, 8, 5, 12, 0, 0, 0, 0, 3, 1, 3, 0, 0, 0, 4, 0, 0.5, 0, 0, 0, 0], [0, 0, 0, 0.05338007211685181, 0, 0, 8, 4, 11, 0, 0, 0, 0, 2, 1, 4, 0, 0, 0, 3, 0, 0.5, 0, 0, 0, 0], [0, 0, 0, 0.021580278873443604, 0, 0, 8, 3, 10, 0, 0, 0, 0, 1, 1, 7, 0, 0, 0, 2, 0, 0.5, 0, 0, 0, 0], [0, 0, 0, 0.11837834119796753, 0, 0, 8, 4, 11, 0, 0, 0, 0, 2, 1, 4, 0, 0, 0, 3, 0, 0.5, 0, 0, 0, 0], [0, 0, 0, 0.017979085445404053, 0, 0, 8, 3, 10, 0, 0, 0, 0, 1, 1, 6, 0, 0, 0, 2, 0, 1.0, 0, 0, 0, 0], [0, 0, 0, 0.005922079086303711, 0, 0, 8, 13, 20, 0, 0, 0, 0, 11, 1, 1, 0, 0, 0, 12, 0, 0.2, 0, 0, 0, 0], [0, 0, 0, 0.000679314136505127, 0, 0, 8, 13, 20, 0, 0, 0, 0, 11, 1, 1, 0, 0, 0, 12, 0, 0.2, 0, 0, 0, 0], [0, 0, 0, 0.06318455934524536, 0, 0, 8, 4, 11, 0, 0, 0, 0, 2, 1, 3, 0, 0, 0, 3, 0, 0.5, 0, 0, 0, 0], [0, 0, 0, 0.024955451488494873, 0, 0, 8, 13, 20, 0, 0, 0, 0, 11, 1, 4, 0, 0, 0, 12, 0, 0.5, 0, 0, 0, 0], [0, 0, 0, 0.009989559650421143, 0, 0, 8, 5, 12, 0, 0, 0, 0, 3, 1, 5, 0, 0, 0, 4, 0, 0.5, 0, 0, 0, 0], [0, 0, 0, 0.09795045852661133, 0, 0, 8, 4, 11, 0, 0, 0, 0, 2, 1, 3, 0, 0, 0, 3, 0, 1.0, 0, 0, 0, 0], [0, 0, 0, 0.004180401563644409, 0, 0, 8, 7, 14, 0, 0, 0, 0, 5, 1, 4, 0, 0, 0, 6, 0, 0.5, 0, 0, 0, 0], [0, 0, 0, 0.008376210927963257, 0, 0, 8, 13, 20, 0, 1, 0, 0, 10, 2, 1, 0, 0, 0, 12, 0, 0.16666666666666666, 0, 0, 0, 0], [0, 0, 0, 0.002930581569671631, 0, 0, 8, 11, 18, 0, 0, 0, 0, 9, 1, 3, 0, 0, 0, 10, 0, 0.5, 0, 0, 0, 0], [0, 0, 0, 0.04317095875740051, 0, 0, 8, 13, 20, 0, 0, 0, 0, 11, 1, 1, 0, 0, 0, 12, 0, 0.03225806451612903, 0, 0, 0, 0], [0, 0, 0, 0.04161727428436279, 0, 0, 8, 3, 10, 0, 0, 0, 0, 1, 1, 2, 0, 0, 0, 2, 0, 0.5, 0, 0, 0, 0], [0, 0, 0, 0.00031244754791259766, 0, 0, 8, 13, 20, 0, 0, 0, 0, 11, 1, 2, 0, 0, 0, 12, 0, 0.5, 0, 0, 0, 0], [0, 0, 0, 0.007963776588439941, 0, 0, 8, 13, 20, 0, 0, 0, 0, 11, 1, 2, 0, 0, 0, 12, 0, 0.5, 0, 0, 0, 0], [0, 0, 0, 0.02979135513305664, 0, 0, 8, 4, 11, 0, 0, 0, 0, 2, 1, 5, 0, 0, 0, 3, 0, 0.5, 0, 0, 0, 0], [0, 0, 0, 0.15571045875549316, 0, 0, 8, 3, 10, 0, 0, 0, 0, 1, 1, 7, 0, 0, 0, 2, 0, 0.6666666666666666, 0, 0, 0, 0], [0, 0, 0, 0.01921677589416504, 0, 0, 8, 3, 10, 0, 0, 0, 0, 1, 1, 7, 0, 0, 0, 2, 0, 0.5, 0, 0, 0, 0], [0, 0, 0, 0.015938878059387207, 0, 0, 8, 3, 10, 0, 0, 0, 0, 1, 1, 7, 0, 0, 0, 2, 0, 0.5, 0, 0, 0, 0], [0, 0, 0, 0.0069296956062316895, 0, 0, 8, 11, 18, 0, 0, 0, 0, 9, 1, 6, 0, 0, 0, 10, 0, 0.5, 0, 0, 0, 0], [0, 0, 0, 0.006896644830703735, 0, 0, 8, 13, 20, 0, 0, 0, 0, 11, 1, 1, 0, 0, 0, 12, 0, 0.018404907975460124, 0, 0, 0, 0], [1, 0, 0, 0.002789139747619629, 0, 0, 8, 5, 12, 1, 0, 0, 0, 3, 1, 2, 0, 0, 0, 4, 0, 0.5, 0, 0, 0, 0], [0, 0, 0, 0.05133429169654846, 0, 0, 8, 13, 20, 0, 0, 0, 0, 10, 2, 3, 0, 0, 0, 12, 0, 0.5, 0, 0, 0, 0], [0, 0, 0, 0.013188213109970093, 0, 0, 8, 13, 20, 0, 0, 0, 0, 10, 2, 1, 0, 0, 0, 12, 0, 0.6666666666666666, 0, 0, 0, 0], [0, 0, 0, 0.020201683044433594, 0, 0, 8, 3, 10, 0, 0, 0, 0, 1, 1, 7, 0, 0, 0, 2, 0, 0.5, 0, 0, 0, 0], [0, 0, 0, 0.07221019268035889, 0, 0, 8, 3, 10, 0, 0, 0, 0, 1, 1, 2, 0, 0, 0, 2, 0, 0.3333333333333333, 0, 0, 0, 0], [0, 0, 0, 0.18388286232948303, 0, 0, 8, 3, 10, 0, 0, 0, 0, 1, 1, 2, 0, 0, 0, 2, 0, 0.3333333333333333, 0, 0, 0, 0], [0, 0, 0, 0.010770648717880249, 0, 0, 8, 13, 20, 0, 0, 0, 0, 11, 1, 1, 0, 0, 0, 12, 0, 0.25, 0, 0, 0, 0], [0, 0, 0, 0.013969749212265015, 0, 0, 8, 13, 20, 0, 0, 0, 0, 11, 1, 1, 0, 0, 0, 12, 0, 0.6666666666666666, 0, 0, 0, 0], [0, 0, 0, 0.08013033866882324, 0, 0, 8, 4, 11, 0, 0, 0, 0, 2, 1, 3, 0, 0, 0, 3, 0, 0.5, 0, 0, 0, 0], [0, 0, 0, 0.018539458513259888, 0, 0, 8, 13, 20, 0, 0, 0, 0, 11, 1, 1, 0, 0, 0, 12, 0, 0.0625, 0, 0, 0, 0], [0, 0, 0, 0.031132608652114868, 0, 0, 8, 13, 20, 0, 0, 0, 0, 11, 1, 3, 0, 0, 0, 12, 0, 0.4, 0, 0, 0, 0], [0, 0, 0, 0.030034661293029785, 0, 0, 8, 6, 13, 0, 0, 0, 0, 4, 1, 8, 0, 0, 0, 5, 0, 1.0, 0, 0, 0, 0], [0, 0, 0, 0.05906718969345093, 0, 0, 8, 5, 12, 0, 0, 0, 0, 3, 1, 6, 0, 0, 0, 4, 0, 1.0, 0, 0, 0, 0], [0, 0, 0, 0.016768574714660645, 0, 0, 8, 10, 17, 0, 0, 0, 0, 8, 1, 4, 0, 0, 0, 9, 0, 0.5, 0, 0, 0, 0], [0, 0, 0, 0.029515579342842102, 0, 0, 8, 3, 10, 0, 0, 0, 0, 1, 1, 4, 0, 0, 0, 2, 0, 0.5, 0, 0, 0, 0], [0, 0, 0, 0.010914921760559082, 0, 0, 8, 10, 17, 0, 0, 0, 0, 8, 1, 7, 0, 0, 0, 9, 0, 0.5, 0, 0, 0, 0], [0, 0, 0, 0.18930113315582275, 0, 0, 8, 9, 16, 0, 0, 0, 0, 7, 1, 6, 0, 0, 0, 8, 0, 0.5, 0, 0, 0, 0], [0, 0, 0, 0.049960941076278687, 0, 0, 8, 13, 20, 0, 0, 0, 0, 10, 2, 3, 0, 0, 0, 12, 0, 0.5, 0, 0, 0, 0], [0, 0, 0, 0.027859866619110107, 0, 0, 8, 13, 20, 0, 0, 0, 0, 11, 1, 1, 0, 0, 0, 12, 0, 0.5, 0, 0, 0, 0], [0, 0, 0, 0.050931721925735474, 0, 0, 8, 9, 16, 0, 0, 0, 0, 7, 1, 3, 0, 0, 0, 8, 0, 0.5, 0, 0, 0, 0], [0, 0, 0, 0.03196018934249878, 0, 0, 8, 5, 12, 0, 0, 0, 0, 3, 1, 4, 0, 0, 0, 4, 0, 0.5, 0, 0, 0, 0], [0, 0, 0, 0.08430665731430054, 0, 0, 8, 13, 20, 0, 0, 0, 0, 11, 1, 1, 0, 0, 0, 12, 0, 0.05, 0, 0, 0, 0], [0, 0, 0, 0.04118865728378296, 0, 0, 8, 13, 20, 0, 0, 0, 0, 11, 1, 5, 0, 0, 0, 12, 0, 1.0, 0, 0, 0, 0], [0, 0, 0, 0.08432453870773315, 0, 0, 8, 6, 13, 0, 0, 0, 0, 4, 1, 3, 0, 0, 0, 5, 0, 0.5, 0, 0, 0, 0], [0, 0, 0, 0.02011817693710327, 0, 0, 8, 8, 15, 0, 0, 0, 0, 6, 1, 4, 0, 0, 0, 7, 0, 0.5, 0, 0, 0, 0], [0, 0, 0, 0.02472919225692749, 0, 0, 8, 13, 20, 0, 0, 0, 0, 11, 1, 2, 0, 0, 0, 12, 0, 0.5, 0, 0, 0, 0], [0, 0, 0, 0.018861889839172363, 0, 0, 8, 3, 10, 0, 0, 0, 0, 1, 1, 5, 0, 0, 0, 2, 0, 0.5, 0, 0, 0, 0], [0, 0, 0, 0.17315101623535156, 0, 0, 8, 3, 10, 0, 0, 0, 0, 1, 1, 3, 0, 0, 0, 2, 0, 0.3333333333333333, 0, 0, 0, 0], [0, 0, 0, 0.044233500957489014, 0, 0, 8, 3, 10, 0, 0, 0, 0, 1, 1, 4, 0, 0, 0, 2, 0, 0.5, 0, 0, 0, 0], [0, 0, 0, 0.06516915559768677, 0, 0, 8, 4, 11, 0, 0, 0, 0, 2, 1, 6, 0, 0, 0, 3, 0, 0.5, 0, 0, 0, 0], [0, 0, 0, 0.012732774019241333, 0, 0, 8, 13, 20, 0, 0, 0, 0, 11, 1, 1, 0, 0, 0, 12, 0, 0.25, 0, 0, 0, 0], [0, 0, 0, 0.1678181290626526, 0, 0, 8, 3, 10, 0, 0, 0, 0, 1, 1, 3, 0, 0, 0, 2, 0, 0.5, 0, 0, 0, 0], [0, 0, 0, 0.20097962021827698, 0, 0, 8, 3, 10, 0, 0, 0, 0, 1, 1, 4, 0, 0, 0, 2, 0, 0.5, 0, 0, 0, 0], [0, 0, 0, 0.03677526116371155, 0, 0, 8, 6, 13, 0, 0, 0, 0, 4, 1, 5, 0, 0, 0, 5, 0, 0.5, 0, 0, 0, 0], [0, 0, 0, 0.019304126501083374, 0, 0, 8, 13, 20, 0, 0, 0, 0, 11, 1, 2, 0, 0, 0, 12, 0, 0.5, 0, 0, 0, 0], [0, 0, 0, 0.045661866664886475, 0, 0, 8, 4, 11, 0, 0, 0, 0, 2, 1, 4, 0, 0, 0, 3, 0, 0.5, 0, 0, 0, 0], [0, 0, 0, 0.008741557598114014, 0, 0, 8, 3, 10, 0, 0, 0, 0, 1, 1, 7, 0, 0, 0, 2, 0, 0.5, 0, 0, 0, 0], [0, 0, 0, 0.11780250072479248, 0, 0, 8, 3, 10, 0, 0, 0, 0, 1, 1, 5, 0, 0, 0, 2, 0, 1.0, 0, 0, 0, 0], [0, 0, 0, 0.0025706887245178223, 0, 0, 8, 7, 14, 0, 0, 0, 0, 5, 1, 4, 0, 0, 0, 6, 0, 0.5, 0, 0, 0, 0], [0, 0, 0, 0.07069328427314758, 0, 0, 8, 3, 10, 0, 0, 0, 0, 1, 1, 4, 0, 0, 0, 2, 0, 0.5, 0, 0, 0, 0], [0, 0, 0, 0.03501778841018677, 0, 0, 8, 3, 10, 0, 0, 0, 0, 1, 1, 4, 0, 0, 0, 2, 0, 0.5, 0, 0, 0, 0], [0, 0, 0, 0.012557774782180786, 0, 0, 8, 13, 20, 0, 0, 0, 0, 11, 1, 1, 0, 0, 0, 12, 0, 0.018404907975460124, 0, 0, 0, 0], [0, 0, 0, 0.002124190330505371, 0, 0, 8, 4, 11, 0, 0, 0, 0, 2, 1, 4, 0, 0, 0, 3, 0, 0.5, 0, 0, 0, 0], [0, 0, 0, 0.0426366925239563, 0, 0, 8, 7, 14, 0, 0, 0, 0, 5, 1, 6, 0, 0, 0, 6, 0, 0.5, 0, 0, 0, 0], [0, 0, 0, 0.05371803045272827, 0, 0, 8, 3, 10, 0, 0, 0, 0, 1, 1, 4, 0, 0, 0, 2, 0, 0.5, 0, 0, 0, 0], [0, 0, 0, 0.008894622325897217, 0, 0, 8, 3, 10, 0, 0, 0, 0, 1, 1, 4, 0, 0, 0, 2, 0, 0.5, 0, 0, 0, 0], [0, 0, 0, 0.013770252466201782, 0, 0, 8, 13, 20, 0, 0, 0, 0, 10, 2, 2, 0, 0, 0, 12, 0, 0.5, 0, 0, 0, 0], [0, 0, 0, 0.002303183078765869, 0, 0, 8, 12, 19, 0, 0, 0, 0, 10, 1, 3, 0, 0, 0, 11, 0, 0.5, 0, 0, 0, 0], [0, 0, 0, 0.0035884082317352295, 0, 0, 8, 13, 20, 0, 0, 0, 0, 11, 1, 1, 0, 0, 0, 12, 0, 0.058823529411764705, 0, 0, 0, 0], [0, 0, 0, 0.08121484518051147, 0, 0, 8, 6, 13, 0, 0, 0, 0, 4, 1, 4, 0, 0, 0, 5, 0, 0.5, 0, 0, 0, 0], [0, 0, 0, 0.05815497040748596, 0, 0, 8, 9, 16, 0, 0, 0, 0, 7, 1, 3, 0, 0, 0, 8, 0, 0.5, 0, 0, 0, 0], [0, 0, 0, 0.006753355264663696, 0, 0, 8, 13, 20, 0, 0, 0, 0, 11, 1, 1, 0, 0, 0, 12, 0, 0.018404907975460124, 0, 0, 0, 0], [0, 0, 0, 0.0754275918006897, 0, 0, 8, 5, 12, 0, 0, 0, 0, 3, 1, 4, 0, 0, 0, 4, 0, 0.5, 0, 0, 0, 0], [0, 0, 0, 0.11489060521125793, 0, 0, 8, 6, 13, 0, 0, 0, 0, 4, 1, 6, 0, 0, 0, 5, 0, 0.5, 0, 0, 0, 0], [0, 0, 0, 0.01589864492416382, 0, 0, 8, 11, 18, 0, 0, 0, 0, 9, 1, 5, 0, 0, 0, 10, 0, 0.6666666666666666, 0, 0, 0, 0], [0, 0, 0, 0.025236964225769043, 0, 0, 8, 6, 13, 0, 0, 0, 0, 4, 1, 7, 0, 0, 0, 5, 0, 0.6666666666666666, 0, 0, 0, 0], [0, 0, 0, 0.11608833074569702, 0, 0, 8, 3, 10, 0, 0, 0, 0, 1, 1, 2, 0, 0, 0, 2, 0, 0.3333333333333333, 0, 0, 0, 0], [0, 0, 0, 0.04314643144607544, 0, 0, 8, 6, 13, 0, 0, 0, 0, 4, 1, 4, 0, 0, 0, 5, 0, 0.5, 0, 0, 0, 0], [0, 0, 0, 0.03583472967147827, 0, 0, 8, 3, 10, 0, 0, 0, 0, 1, 1, 3, 0, 0, 0, 2, 0, 0.3333333333333333, 0, 0, 0, 0], [0, 0, 0, 0.04787564277648926, 0, 0, 8, 13, 20, 0, 0, 0, 0, 10, 2, 1, 0, 0, 0, 12, 0, 0.03225806451612903, 0, 0, 0, 0], [0, 0, 0, 0.013312578201293945, 0, 0, 8, 13, 20, 0, 0, 0, 0, 11, 1, 5, 0, 0, 0, 12, 0, 0.6666666666666666, 0, 0, 0, 0], [0, 0, 0, 0.07264891266822815, 0, 0, 8, 3, 10, 0, 0, 0, 0, 1, 1, 4, 0, 0, 0, 2, 0, 0.5, 0, 0, 0, 0], [0, 0, 0, 0.006668299436569214, 0, 0, 8, 3, 10, 0, 0, 0, 0, 1, 1, 5, 0, 0, 0, 2, 0, 0.5, 0, 0, 0, 0], [0, 0, 0, 0.03159242868423462, 0, 0, 8, 3, 10, 0, 0, 0, 0, 1, 1, 4, 0, 0, 0, 2, 0, 0.5, 0, 0, 0, 0], [0, 0, 0, 0.012822449207305908, 0, 0, 8, 13, 20, 0, 0, 0, 0, 11, 1, 1, 0, 0, 0, 12, 0, 0.5, 0, 0, 0, 0], [0, 0, 0, 0.12556403875350952, 0, 0, 8, 3, 10, 0, 0, 0, 0, 1, 1, 2, 0, 0, 0, 2, 0, 0.5, 0, 0, 0, 0], [0, 0, 0, 0.0875023901462555, 0, 0, 8, 7, 14, 0, 0, 0, 0, 5, 1, 3, 0, 0, 0, 6, 0, 0.5, 0, 0, 0, 0], [0, 0, 0, 0.0005544424057006836, 0, 0, 8, 3, 10, 0, 0, 0, 0, 1, 1, 7, 0, 0, 0, 2, 0, 0.5, 0, 0, 0, 0], [0, 0, 0, 0.005210548639297485, 0, 0, 8, 13, 20, 0, 0, 0, 0, 11, 1, 1, 0, 0, 0, 12, 0, 0.047619047619047616, 0, 0, 0, 0], [0, 0, 0, 0.061469852924346924, 0, 0, 8, 13, 20, 0, 0, 0, 0, 11, 1, 2, 0, 0, 0, 12, 0, 0.25, 0, 0, 0, 0], [0, 0, 0, 0.009281456470489502, 0, 0, 8, 13, 20, 0, 0, 0, 0, 11, 1, 1, 0, 0, 0, 12, 0, 0.07142857142857142, 0, 0, 0, 0], [0, 0, 0, 0.015363633632659912, 0, 0, 8, 7, 14, 0, 0, 0, 0, 5, 1, 4, 0, 0, 0, 6, 0, 0.6666666666666666, 0, 0, 0, 0], [0, 0, 0, 0.10008159279823303, 0, 0, 8, 3, 10, 0, 0, 0, 0, 1, 1, 3, 0, 0, 0, 2, 0, 0.5, 0, 0, 0, 0], [0, 0, 0, 8.490681648254395e-05, 0, 0, 8, 3, 10, 0, 0, 0, 0, 1, 1, 4, 0, 0, 0, 2, 0, 0.5, 0, 0, 0, 0], [0, 0, 0, 0.04177612066268921, 0, 0, 8, 13, 20, 0, 0, 0, 0, 10, 2, 5, 0, 0, 0, 12, 0, 0.5, 0, 0, 0, 0], [0, 0, 0, 0.016595035791397095, 0, 0, 8, 3, 10, 0, 0, 0, 0, 1, 1, 2, 0, 0, 0, 2, 0, 0.3333333333333333, 0, 0, 0, 0], [0, 0, 0, 0.03353092074394226, 0, 0, 8, 12, 19, 0, 0, 0, 0, 10, 1, 5, 0, 0, 0, 11, 0, 0.5, 0, 0, 0, 0], [0, 0, 0, 0.007480502128601074, 0, 0, 8, 11, 18, 0, 0, 0, 0, 9, 1, 2, 0, 0, 0, 10, 0, 0.5, 0, 0, 0, 0], [0, 0, 0, 0.06048780679702759, 0, 0, 8, 3, 10, 0, 0, 0, 0, 1, 1, 2, 0, 0, 0, 2, 0, 0.25, 0, 0, 0, 0], [0, 0, 0, 0.16584151983261108, 0, 0, 8, 4, 11, 0, 0, 0, 0, 2, 1, 3, 0, 0, 0, 3, 0, 0.5, 0, 0, 0, 0], [0, 0, 0, 0.0012881755828857422, 0, 0, 8, 6, 13, 0, 0, 0, 0, 4, 1, 4, 0, 0, 0, 5, 0, 0.6666666666666666, 0, 0, 0, 0], [0, 0, 0, 0.027129530906677246, 0, 0, 8, 5, 12, 0, 0, 0, 0, 3, 1, 7, 0, 0, 0, 4, 0, 0.6666666666666666, 0, 0, 0, 0], [0, 0, 0, 0.05599772930145264, 0, 0, 8, 3, 10, 0, 0, 0, 0, 1, 1, 4, 0, 0, 0, 2, 0, 0.5, 0, 0, 0, 0], [0, 0, 0, 0.07147794961929321, 0, 0, 8, 5, 12, 0, 0, 0, 0, 3, 1, 3, 0, 0, 0, 4, 0, 0.5, 0, 0, 0, 0], [0, 0, 0, 0.07116836309432983, 0, 0, 8, 13, 20, 0, 0, 0, 0, 11, 1, 3, 0, 0, 0, 12, 0, 0.5, 0, 0, 0, 0], [0, 0, 0, 0.23524069786071777, 0, 0, 8, 3, 10, 0, 0, 0, 0, 1, 1, 3, 0, 0, 0, 2, 0, 0.5, 0, 0, 0, 0], [0, 0, 0, 0.05711573362350464, 0, 0, 8, 3, 10, 0, 0, 0, 0, 1, 1, 7, 0, 0, 0, 2, 0, 0.5, 0, 0, 0, 0], [0, 0, 0, 0.039182037115097046, 0, 0, 8, 6, 13, 0, 0, 0, 0, 4, 1, 4, 0, 0, 0, 5, 0, 0.5, 0, 0, 0, 0], [0, 0, 0, 0.011043012142181396, 0, 0, 8, 13, 20, 0, 0, 0, 0, 10, 2, 4, 0, 0, 0, 12, 0, 1.0, 0, 0, 0, 0], [0, 0, 0, 0.07317233085632324, 0, 0, 8, 13, 20, 0, 0, 0, 0, 11, 1, 1, 0, 0, 0, 12, 0, 0.05, 0, 0, 0, 0], [0, 0, 0, 0.17456161975860596, 0, 0, 8, 3, 10, 0, 0, 0, 0, 1, 1, 5, 0, 0, 0, 2, 0, 0.5, 0, 0, 0, 0], [0, 0, 0, 0.05213725566864014, 0, 0, 8, 13, 20, 0, 0, 0, 0, 11, 1, 5, 0, 0, 0, 12, 0, 1.0, 0, 0, 0, 0], [0, 0, 0, 0.0503268837928772, 0, 0, 8, 4, 11, 0, 0, 0, 0, 2, 1, 4, 0, 0, 0, 3, 0, 0.5, 0, 0, 0, 0], [0, 0, 0, 0.0015286654233932495, 0, 0, 8, 4, 11, 0, 0, 0, 0, 2, 1, 4, 0, 0, 0, 3, 0, 0.5, 0, 0, 0, 0], [0, 0, 0, 0.06689459085464478, 0, 0, 8, 5, 12, 0, 0, 0, 0, 3, 1, 5, 0, 0, 0, 4, 0, 0.5, 0, 0, 0, 0], [0, 0, 0, 0.014479249715805054, 0, 0, 8, 3, 10, 0, 0, 0, 0, 1, 1, 4, 0, 0, 0, 2, 0, 0.5, 0, 0, 0, 0], [0, 0, 0, 0.04921865463256836, 0, 0, 8, 13, 20, 0, 0, 0, 0, 11, 1, 5, 0, 0, 0, 12, 0, 0.5, 0, 0, 0, 0], [0, 0, 0, 0.0024527907371520996, 0, 0, 8, 5, 12, 0, 0, 0, 0, 3, 1, 3, 0, 0, 0, 4, 0, 0.5, 0, 0, 0, 0], [0, 0, 0, 0.05376923084259033, 0, 0, 8, 3, 10, 0, 0, 0, 0, 1, 1, 3, 0, 0, 0, 2, 0, 0.5, 0, 0, 0, 0], [0, 0, 0, 0.01156705617904663, 0, 0, 8, 9, 16, 0, 0, 0, 0, 7, 1, 4, 0, 0, 0, 8, 0, 0.5, 0, 0, 0, 0], [0, 0, 0, 0.012101292610168457, 0, 0, 8, 4, 11, 0, 0, 0, 0, 2, 1, 6, 0, 0, 0, 3, 0, 0.5, 0, 0, 0, 0], [0, 0, 0, 0.002371460199356079, 0, 0, 8, 13, 20, 0, 0, 0, 0, 11, 1, 2, 0, 0, 0, 12, 0, 0.5, 0, 0, 0, 0], [0, 0, 0, 0.026942402124404907, 0, 0, 8, 7, 14, 0, 0, 0, 0, 5, 1, 5, 0, 0, 0, 6, 0, 0.6666666666666666, 0, 0, 0, 0], [0, 0, 0, 0.12718558311462402, 0, 0, 8, 7, 14, 0, 0, 0, 0, 4, 2, 8, 0, 0, 0, 6, 0, 1.0, 0, 0, 0, 0], [0, 0, 0, 0.0004399120807647705, 0, 0, 8, 3, 10, 0, 0, 0, 0, 1, 1, 4, 0, 0, 0, 2, 0, 0.5, 0, 0, 0, 0], [0, 0, 0, 0.0018813908100128174, 0, 0, 8, 6, 13, 0, 0, 0, 0, 4, 1, 4, 0, 0, 0, 5, 0, 0.6666666666666666, 0, 0, 0, 0], [0, 0, 0, 0.021571040153503418, 0, 0, 8, 13, 20, 0, 0, 1, 0, 11, 1, 1, 0, 0, 0, 12, 0, 0.06451612903225806, 0, 0, 0, 0], [0, 0, 0, 0.022853046655654907, 0, 0, 8, 13, 20, 0, 0, 0, 0, 10, 2, 1, 0, 0, 0, 12, 0, 0.6666666666666666, 0, 0, 0, 0], [0, 0, 0, 0.020472228527069092, 0, 0, 8, 13, 20, 0, 0, 0, 0, 11, 1, 3, 0, 0, 0, 12, 0, 0.5, 0, 0, 0, 0], [0, 0, 0, 0.02507638931274414, 0, 0, 8, 8, 15, 0, 0, 0, 0, 6, 1, 4, 0, 0, 0, 7, 0, 0.5, 0, 0, 0, 0], [0, 0, 0, 0.014468282461166382, 0, 0, 8, 13, 20, 0, 0, 0, 0, 11, 1, 3, 0, 0, 0, 12, 0, 0.5, 0, 0, 0, 0], [0, 0, 0, 0.046378910541534424, 0, 0, 8, 6, 13, 0, 0, 0, 0, 4, 1, 4, 0, 0, 0, 5, 0, 0.5, 0, 0, 0, 0], [0, 0, 0, 0.011633157730102539, 0, 0, 8, 13, 20, 0, 0, 0, 0, 11, 1, 2, 0, 0, 0, 12, 0, 0.5, 0, 0, 0, 0], [0, 0, 0, 0.01851743459701538, 0, 0, 8, 4, 11, 0, 0, 0, 0, 2, 1, 4, 0, 0, 0, 3, 0, 0.5, 0, 0, 0, 0], [0, 0, 0, 0.1422191858291626, 0, 0, 8, 3, 10, 0, 0, 0, 0, 1, 1, 5, 0, 0, 0, 2, 0, 0.5, 0, 0, 0, 0], [0, 0, 0, 0.04498317837715149, 0, 0, 8, 5, 12, 0, 0, 0, 0, 3, 1, 5, 0, 0, 0, 4, 0, 0.5, 0, 0, 0, 0], [0, 0, 0, 0.005774706602096558, 0, 0, 8, 5, 12, 0, 0, 0, 0, 3, 1, 6, 0, 0, 0, 4, 0, 0.6666666666666666, 0, 0, 0, 0], [0, 0, 0, 0.0009473860263824463, 0, 0, 8, 6, 13, 0, 0, 0, 0, 4, 1, 7, 0, 0, 0, 5, 0, 0.5, 0, 0, 0, 0], [0, 0, 0, 0.014681577682495117, 0, 0, 8, 13, 20, 0, 0, 0, 0, 11, 1, 2, 0, 0, 0, 12, 0, 0.6666666666666666, 0, 0, 0, 0], [0, 0, 0, 0.08671237528324127, 0, 0, 8, 9, 16, 0, 0, 0, 0, 7, 1, 3, 0, 0, 0, 8, 0, 0.5, 0, 0, 0, 0], [0, 0, 0, 0.00954863429069519, 0, 0, 8, 13, 20, 0, 0, 0, 0, 11, 1, 1, 0, 0, 0, 12, 0, 0.018404907975460124, 0, 0, 0, 0], [0, 0, 0, 0.023176759481430054, 0, 0, 8, 12, 19, 0, 0, 0, 0, 10, 1, 6, 0, 0, 0, 11, 0, 1.0, 0, 0, 0, 0], [0, 0, 0, 0.09113258123397827, 0, 0, 8, 5, 12, 0, 0, 0, 0, 3, 1, 5, 0, 0, 0, 4, 0, 0.5, 0, 0, 0, 0], [0, 0, 0, 0.1604263186454773, 0, 0, 8, 4, 11, 0, 0, 0, 0, 2, 1, 4, 0, 0, 0, 3, 0, 0.5, 0, 0, 0, 0], [0, 0, 0, 0.14996027946472168, 0, 0, 8, 13, 20, 0, 0, 0, 0, 10, 2, 7, 0, 0, 0, 12, 0, 0.6666666666666666, 0, 0, 0, 0], [0, 0, 0, 0.03965073823928833, 0, 0, 8, 7, 14, 0, 0, 0, 0, 5, 1, 5, 0, 0, 0, 6, 0, 0.5, 0, 0, 0, 0], [0, 0, 0, 0.00426146388053894, 0, 0, 8, 4, 11, 0, 0, 0, 0, 2, 1, 4, 0, 0, 0, 3, 0, 0.5, 0, 0, 0, 0], [0, 0, 0, 0.0007376223802566528, 0, 0, 8, 3, 10, 0, 0, 0, 0, 1, 1, 4, 0, 0, 0, 2, 0, 0.5, 0, 0, 0, 0], [0, 0, 0, 0.0353522002696991, 0, 0, 8, 13, 20, 0, 0, 0, 0, 11, 1, 1, 0, 0, 0, 12, 0, 0.5, 0, 0, 0, 0], [0, 0, 0, 0.007907897233963013, 0, 0, 8, 13, 20, 0, 0, 0, 0, 11, 1, 5, 0, 0, 0, 12, 0, 0.5, 0, 0, 0, 0], [0, 0, 0, 0.006691694259643555, 0, 0, 8, 5, 12, 0, 0, 0, 0, 3, 1, 6, 0, 0, 0, 4, 0, 0.5, 0, 0, 0, 0], [0, 0, 0, 0.0496516227722168, 0, 0, 8, 7, 14, 0, 0, 0, 0, 5, 1, 3, 0, 0, 0, 6, 0, 0.3333333333333333, 0, 0, 0, 0], [0, 0, 0, 0.11855828762054443, 0, 0, 8, 4, 11, 0, 0, 0, 0, 2, 1, 6, 0, 0, 0, 3, 0, 1.0, 0, 0, 0, 0], [0, 0, 0, 0.02124309539794922, 0, 0, 8, 13, 20, 0, 0, 0, 0, 11, 1, 3, 0, 0, 0, 12, 0, 1.0, 0, 0, 0, 0], [0, 0, 0, 0.016376137733459473, 0, 0, 8, 3, 10, 0, 0, 0, 0, 1, 1, 3, 0, 0, 0, 2, 0, 0.5, 0, 0, 0, 0], [0, 0, 0, 0.0432283878326416, 0, 0, 8, 8, 15, 0, 0, 0, 0, 6, 1, 1, 0, 0, 0, 7, 0, 0.1, 0, 0, 0, 0], [0, 0, 0, 7.671117782592773e-05, 0, 0, 8, 5, 12, 0, 0, 0, 0, 3, 1, 5, 0, 0, 0, 4, 0, 0.5, 0, 0, 0, 0], [0, 0, 0, 0.04566478729248047, 0, 0, 8, 13, 20, 0, 0, 0, 0, 11, 1, 1, 0, 0, 0, 12, 0, 0.07142857142857142, 0, 0, 0, 0], [0, 0, 0, 0.0596594512462616, 0, 0, 8, 8, 15, 0, 0, 0, 0, 6, 1, 3, 0, 0, 0, 7, 0, 0.5, 0, 0, 0, 0], [0, 0, 0, 0.008148193359375, 0, 0, 8, 13, 20, 0, 0, 0, 0, 11, 1, 2, 0, 0, 0, 12, 0, 0.4, 0, 0, 0, 0], [0, 0, 0, 0.12227270007133484, 0, 0, 8, 4, 11, 0, 0, 0, 0, 2, 1, 3, 0, 0, 0, 3, 0, 0.3333333333333333, 0, 0, 0, 0], [0, 0, 0, 0.05776870250701904, 0, 0, 8, 4, 11, 0, 0, 0, 0, 2, 1, 8, 0, 0, 0, 3, 0, 1.0, 0, 0, 0, 0], [0, 0, 0, 0.0005544424057006836, 0, 0, 8, 3, 10, 0, 0, 0, 0, 1, 1, 7, 0, 0, 0, 2, 0, 0.5, 0, 0, 0, 0], [0, 0, 0, 0.1557103991508484, 0, 0, 8, 3, 10, 0, 0, 0, 0, 1, 1, 7, 0, 0, 0, 2, 0, 0.6666666666666666, 0, 0, 0, 0], [0, 0, 0, 0.018572628498077393, 0, 0, 8, 13, 20, 0, 0, 0, 0, 11, 1, 1, 0, 0, 0, 12, 0, 0.25, 0, 0, 0, 0], [0, 0, 0, 0.07359439134597778, 0, 0, 8, 4, 11, 0, 0, 0, 0, 2, 1, 6, 0, 0, 0, 3, 0, 0.5, 0, 0, 0, 0], [0, 0, 0, 0.018308520317077637, 0, 0, 8, 13, 20, 0, 0, 0, 0, 11, 1, 1, 0, 0, 0, 12, 0, 0.6666666666666666, 0, 0, 0, 0], [0, 0, 0, 0.06091511249542236, 0, 0, 8, 3, 10, 0, 0, 0, 0, 1, 1, 4, 0, 0, 0, 2, 0, 0.5, 0, 0, 0, 0], [0, 0, 0, 0.1132168173789978, 0, 0, 8, 3, 10, 0, 0, 0, 0, 1, 1, 2, 0, 0, 0, 2, 0, 0.14285714285714285, 0, 0, 0, 0], [0, 0, 0, 0.035896122455596924, 0, 0, 8, 3, 10, 0, 0, 0, 0, 1, 1, 4, 0, 0, 0, 2, 0, 0.5, 0, 0, 0, 0], [0, 0, 0, 0.07604485750198364, 0, 0, 8, 13, 20, 0, 0, 0, 0, 10, 2, 1, 0, 0, 0, 12, 0, 0.05, 0, 0, 0, 0], [0, 0, 0, 0.10933887958526611, 0, 0, 8, 3, 10, 0, 0, 0, 0, 1, 1, 4, 0, 0, 0, 2, 0, 0.5, 0, 0, 0, 0], [0, 0, 0, 0.04282885789871216, 0, 0, 8, 13, 20, 0, 0, 0, 0, 9, 3, 5, 0, 0, 0, 12, 0, 1.0, 0, 0, 0, 0], [0, 0, 0, 0.022425875067710876, 0, 0, 8, 3, 10, 0, 0, 0, 0, 1, 1, 3, 0, 0, 0, 2, 0, 0.5, 0, 0, 0, 0], [0, 0, 0, 6.988644599914551e-06, 0, 0, 8, 3, 10, 0, 0, 0, 0, 1, 1, 3, 0, 0, 0, 2, 0, 0.5, 0, 0, 0, 0], [0, 0, 0, 0.057462453842163086, 0, 0, 8, 4, 11, 0, 0, 0, 0, 2, 1, 1, 0, 0, 0, 3, 0, 0.5, 0, 0, 0, 0], [0, 0, 0, 0.2971096485853195, 0, 0, 8, 3, 10, 0, 0, 0, 0, 1, 1, 3, 0, 0, 0, 2, 0, 0.5, 0, 0, 0, 0], [0, 0, 0, 0.008376210927963257, 0, 0, 8, 13, 20, 0, 0, 0, 0, 11, 1, 1, 0, 0, 0, 12, 0, 0.16666666666666666, 0, 0, 0, 0], [0, 0, 0, 0.04520237445831299, 0, 0, 8, 13, 20, 0, 0, 0, 0, 11, 1, 2, 0, 0, 0, 12, 0, 0.5, 0, 0, 0, 0], [0, 0, 0, 0.027792751789093018, 0, 0, 8, 8, 15, 0, 0, 0, 0, 6, 1, 5, 0, 0, 0, 7, 0, 0.5, 0, 0, 0, 0], [0, 0, 0, 0.004403024911880493, 0, 0, 8, 6, 13, 0, 0, 0, 0, 4, 1, 5, 0, 0, 0, 5, 0, 0.5, 0, 0, 0, 0], [0, 0, 0, 0.0034210681915283203, 0, 0, 8, 13, 20, 0, 0, 0, 0, 10, 2, 1, 0, 0, 0, 12, 0, 0.2, 0, 0, 0, 0], [0, 0, 0, 0.017478883266448975, 0, 0, 8, 13, 20, 0, 0, 0, 0, 11, 1, 1, 0, 0, 0, 12, 0, 0.25, 0, 0, 0, 0], [0, 0, 0, 0.004143029451370239, 0, 0, 8, 3, 10, 0, 0, 0, 0, 1, 1, 4, 0, 0, 0, 2, 0, 0.5, 0, 0, 0, 0], [0, 0, 0, 0.15126469731330872, 0, 0, 8, 8, 15, 0, 0, 0, 0, 6, 1, 5, 0, 0, 0, 7, 0, 0.5, 0, 0, 0, 0], [0, 0, 0, 0.001811206340789795, 0, 0, 8, 5, 12, 0, 0, 0, 0, 3, 1, 6, 0, 0, 0, 4, 0, 0.5, 0, 0, 0, 0], [0, 0, 0, 0.1374620795249939, 0, 0, 8, 3, 10, 0, 0, 0, 0, 1, 1, 2, 0, 0, 0, 2, 0, 0.5, 0, 0, 0, 0], [0, 0, 0, 0.024239152669906616, 0, 0, 8, 13, 20, 0, 0, 0, 0, 11, 1, 1, 0, 0, 0, 12, 0, 0.25, 0, 0, 0, 0], [0, 0, 0, 0.014225006103515625, 0, 0, 8, 13, 20, 0, 0, 0, 0, 11, 1, 1, 0, 0, 0, 12, 0, 0.6666666666666666, 0, 0, 0, 0], [0, 0, 0, 0.03629124164581299, 0, 0, 8, 13, 20, 0, 0, 0, 0, 9, 2, 5, 0, 0, 0, 12, 0, 1.0, 0, 0, 0, 0], [0, 0, 0, 0.34945353865623474, 0, 0, 8, 3, 10, 0, 0, 0, 0, 1, 1, 2, 0, 0, 0, 2, 0, 0.5, 0, 0, 0, 0], [0, 0, 0, 0.0058179497718811035, 0, 0, 8, 3, 10, 0, 0, 0, 0, 1, 1, 6, 0, 0, 0, 2, 0, 0.5, 0, 0, 0, 0], [0, 0, 0, 0.0005290806293487549, 0, 0, 8, 13, 20, 0, 0, 0, 0, 11, 1, 1, 0, 0, 0, 12, 0, 0.6666666666666666, 0, 0, 0, 0], [0, 0, 0, 0.1044313907623291, 0, 0, 8, 5, 12, 0, 0, 0, 0, 3, 1, 5, 0, 0, 0, 4, 0, 0.5, 0, 0, 0, 0], [0, 0, 0, 0.01951909065246582, 0, 0, 8, 6, 13, 0, 0, 0, 0, 4, 1, 6, 0, 0, 0, 5, 0, 1.0, 0, 0, 0, 0], [0, 0, 0, 0.08226743340492249, 0, 0, 8, 5, 12, 0, 0, 0, 0, 3, 1, 3, 0, 0, 0, 4, 0, 0.5, 0, 0, 0, 0], [0, 0, 0, 0.035091787576675415, 0, 0, 8, 7, 14, 0, 0, 0, 0, 5, 1, 1, 0, 0, 0, 6, 0, 0.25, 0, 0, 0, 0], [0, 0, 0, 0.01050981879234314, 0, 0, 8, 13, 20, 0, 0, 0, 0, 11, 1, 1, 0, 0, 0, 12, 0, 0.01639344262295082, 0, 0, 0, 0], [0, 0, 0, 0.033975183963775635, 0, 0, 8, 3, 10, 0, 0, 0, 0, 1, 1, 4, 0, 0, 0, 2, 0, 0.5, 0, 0, 0, 0], [0, 0, 0, 0.17754393815994263, 0, 0, 8, 4, 11, 0, 0, 0, 0, 2, 1, 4, 0, 0, 0, 3, 0, 0.5, 0, 0, 0, 0], [0, 0, 0, 0.09215682744979858, 0, 0, 8, 6, 13, 0, 0, 0, 0, 3, 2, 8, 0, 0, 0, 5, 0, 1.0, 0, 0, 0, 0], [0, 0, 0, 0.0006789267063140869, 0, 0, 8, 9, 16, 0, 0, 0, 0, 7, 1, 4, 0, 0, 0, 8, 0, 0.5, 0, 0, 0, 0], [0, 0, 0, 0.008691132068634033, 0, 0, 8, 13, 20, 0, 0, 0, 0, 10, 2, 1, 0, 0, 0, 12, 0, 0.6666666666666666, 0, 0, 0, 0], [0, 0, 0, 0.11555159091949463, 0, 0, 8, 11, 18, 0, 0, 0, 0, 9, 1, 5, 0, 0, 0, 10, 0, 0.6666666666666666, 0, 0, 0, 0], [0, 0, 0, 0.0025398731231689453, 0, 0, 8, 3, 10, 0, 0, 0, 0, 1, 1, 3, 0, 0, 0, 2, 0, 0.5, 0, 0, 0, 0], [0, 0, 0, 0.10225790739059448, 0, 0, 8, 6, 13, 0, 0, 0, 0, 4, 1, 4, 0, 0, 0, 5, 0, 0.5, 0, 0, 0, 0], [0, 0, 0, 0.019384145736694336, 0, 0, 8, 3, 10, 0, 0, 0, 0, 1, 1, 5, 0, 0, 0, 2, 0, 0.5, 0, 0, 0, 0], [0, 0, 0, 0.024000436067581177, 0, 0, 8, 5, 12, 0, 1, 0, 0, 3, 1, 5, 0, 0, 0, 4, 0, 0.5, 0, 0, 0, 0], [0, 0, 0, 0.007690832018852234, 0, 0, 8, 3, 10, 0, 0, 0, 0, 1, 1, 3, 0, 0, 0, 2, 0, 0.5, 0, 0, 0, 0], [0, 0, 0, 0.0556831955909729, 0, 0, 8, 13, 20, 0, 1, 0, 0, 10, 2, 5, 0, 0, 0, 12, 0, 0.5, 0, 0, 0, 0], [0, 0, 0, 0.0044567883014678955, 0, 0, 8, 13, 20, 0, 0, 0, 0, 11, 1, 1, 0, 0, 0, 12, 0, 0.0625, 0, 0, 0, 0], [0, 0, 0, 0.025222301483154297, 0, 0, 8, 6, 13, 0, 0, 0, 0, 4, 1, 3, 0, 0, 0, 5, 0, 0.5, 0, 0, 0, 0], [0, 0, 0, 0.044106483459472656, 0, 0, 8, 7, 14, 0, 0, 0, 0, 5, 1, 6, 0, 0, 0, 6, 0, 0.5, 0, 0, 0, 0], [0, 0, 0, 0.14071688055992126, 0, 0, 8, 9, 16, 0, 1, 0, 0, 7, 1, 3, 0, 0, 0, 8, 0, 1.0, 0, 0, 0, 0], [0, 0, 0, 0.0349636971950531, 0, 0, 8, 3, 10, 0, 0, 0, 0, 1, 1, 4, 0, 0, 0, 2, 0, 0.5, 0, 0, 0, 0], [0, 0, 0, 0.048745959997177124, 0, 0, 8, 13, 20, 0, 0, 0, 0, 11, 1, 3, 0, 0, 0, 12, 0, 0.5, 0, 0, 0, 0], [0, 0, 0, 0.010788977146148682, 0, 0, 8, 13, 20, 0, 0, 0, 0, 11, 1, 6, 0, 0, 0, 12, 0, 0.5, 0, 0, 0, 0], [1, 0, 0, 0.06951385736465454, 1, 0, 8, 7, 14, 1, 0, 0, 0, 5, 1, 5, 0, 0, 0, 6, 1, 0.5, 0, 0, 0, 0], [0, 0, 0, 0.04745003581047058, 0, 0, 8, 9, 16, 0, 0, 0, 0, 7, 1, 7, 0, 0, 0, 8, 0, 0.5, 0, 0, 0, 0], [0, 0, 0, 0.012956678867340088, 0, 0, 8, 3, 10, 0, 0, 0, 0, 1, 1, 7, 0, 0, 0, 2, 0, 0.5, 0, 0, 0, 0], [0, 0, 0, 0.09378546476364136, 0, 0, 8, 3, 10, 0, 0, 0, 0, 1, 1, 5, 0, 0, 0, 2, 0, 0.5, 0, 0, 0, 0], [0, 0, 0, 0.05119064450263977, 0, 0, 8, 13, 20, 0, 0, 0, 0, 11, 1, 3, 0, 0, 0, 12, 0, 0.5, 0, 0, 0, 0], [0, 0, 0, 0.06407886743545532, 0, 0, 8, 13, 20, 0, 0, 0, 0, 11, 1, 2, 0, 0, 0, 12, 0, 0.5, 0, 0, 0, 0], [1, 0, 0, 0.12043410539627075, 1, 0, 8, 4, 11, 1, 0, 1, 1, 2, 1, 6, 0, 0, 0, 3, 1, 1.0, 0, 0, 0, 0], [0, 0, 0, 0.12285786867141724, 0, 0, 8, 3, 10, 0, 0, 0, 0, 1, 1, 7, 0, 0, 0, 2, 0, 0.6666666666666666, 0, 0, 0, 0], [0, 0, 0, 0.030268728733062744, 0, 0, 8, 5, 12, 0, 0, 0, 0, 3, 1, 4, 0, 0, 0, 4, 0, 0.5, 0, 0, 0, 0], [0, 0, 0, 0.049124062061309814, 0, 0, 8, 3, 10, 0, 0, 0, 0, 1, 1, 4, 0, 0, 0, 2, 0, 0.5, 0, 0, 0, 0], [0, 0, 0, 0.10764986276626587, 0, 0, 8, 3, 10, 0, 0, 0, 0, 1, 1, 4, 0, 0, 0, 2, 0, 0.5, 0, 0, 0, 0], [0, 0, 0, 0.09515261650085449, 0, 0, 8, 3, 10, 0, 0, 0, 0, 1, 1, 4, 0, 0, 0, 2, 0, 0.5, 0, 0, 0, 0], [0, 0, 0, 0.017057567834854126, 0, 0, 8, 8, 15, 0, 0, 0, 0, 6, 1, 2, 0, 0, 0, 7, 0, 0.6666666666666666, 0, 0, 0, 0], [0, 0, 0, 0.004052639007568359, 0, 0, 8, 13, 20, 0, 0, 0, 0, 11, 1, 3, 0, 0, 0, 12, 0, 0.3333333333333333, 0, 0, 0, 0], [0, 0, 0, 0.041306912899017334, 0, 0, 8, 4, 11, 0, 0, 0, 0, 2, 1, 4, 0, 0, 0, 3, 0, 0.5, 0, 0, 0, 0], [0, 0, 0, 0.012578308582305908, 0, 0, 8, 13, 20, 0, 0, 0, 0, 11, 1, 1, 0, 0, 0, 12, 0, 0.5, 0, 0, 0, 0], [0, 0, 0, 0.009990185499191284, 0, 0, 8, 5, 12, 0, 0, 0, 0, 3, 1, 4, 0, 0, 0, 4, 0, 0.5, 0, 0, 0, 0], [0, 0, 0, 0.013019710779190063, 0, 0, 8, 6, 13, 0, 0, 0, 0, 4, 1, 5, 0, 0, 0, 5, 0, 0.5, 0, 0, 0, 0], [0, 0, 0, 0.007248550653457642, 0, 0, 8, 3, 10, 0, 0, 0, 0, 1, 1, 2, 0, 0, 0, 2, 0, 0.5, 0, 0, 0, 0], [0, 0, 0, 0.03510773181915283, 0, 0, 8, 13, 20, 0, 0, 0, 0, 10, 2, 1, 0, 0, 0, 12, 0, 0.018404907975460124, 0, 0, 0, 0], [0, 0, 0, 0.02644205093383789, 0, 0, 8, 3, 10, 0, 0, 0, 0, 1, 1, 4, 0, 0, 0, 2, 0, 0.5, 0, 0, 0, 0], [0, 0, 0, 0.0032598376274108887, 0, 0, 8, 3, 10, 0, 0, 0, 0, 1, 1, 6, 0, 0, 0, 2, 0, 1.0, 0, 0, 0, 0], [0, 0, 0, 0.025047719478607178, 0, 0, 8, 13, 20, 0, 0, 0, 0, 10, 2, 1, 0, 0, 0, 12, 0, 0.25, 0, 0, 0, 0], [0, 0, 0, 0.03839680552482605, 0, 0, 8, 13, 20, 0, 0, 0, 0, 11, 1, 2, 0, 0, 0, 12, 0, 0.25, 0, 0, 0, 0], [0, 0, 0, 0.017395228147506714, 0, 0, 8, 13, 20, 0, 0, 0, 0, 11, 1, 1, 0, 0, 0, 12, 0, 0.25, 0, 0, 0, 0], [0, 0, 0, 0.03298521041870117, 0, 0, 8, 4, 11, 0, 0, 0, 0, 2, 1, 2, 0, 0, 0, 3, 0, 0.25, 0, 0, 0, 0], [0, 0, 0, 0.0033840537071228027, 0, 0, 8, 3, 10, 0, 0, 0, 0, 1, 1, 2, 0, 0, 0, 2, 0, 0.5, 0, 0, 0, 0], [0, 0, 0, 0.08867931365966797, 0, 0, 8, 5, 12, 0, 0, 0, 0, 3, 1, 6, 0, 0, 0, 4, 0, 1.0, 0, 0, 0, 0], [0, 0, 0, 0.1267489194869995, 0, 0, 8, 3, 10, 0, 0, 0, 0, 1, 1, 2, 0, 0, 0, 2, 0, 0.5, 0, 0, 0, 0], [0, 0, 0, 0.0005884170532226562, 0, 0, 8, 7, 14, 0, 0, 0, 0, 5, 1, 3, 0, 0, 0, 6, 0, 0.5, 0, 0, 0, 0], [0, 0, 0, 0.018343478441238403, 0, 0, 8, 13, 20, 0, 0, 0, 0, 11, 1, 1, 0, 0, 0, 12, 0, 0.25, 0, 0, 0, 0], [0, 0, 0, 0.07475048303604126, 0, 0, 8, 13, 20, 0, 0, 0, 0, 11, 1, 1, 0, 0, 0, 12, 0, 0.05, 0, 0, 0, 0], [0, 0, 0, 0.06215587258338928, 0, 0, 8, 3, 10, 0, 0, 0, 0, 1, 1, 4, 0, 0, 0, 2, 0, 0.5, 0, 0, 0, 0], [0, 0, 0, 0.009952902793884277, 0, 0, 8, 3, 10, 0, 0, 0, 0, 1, 1, 4, 0, 0, 0, 2, 0, 0.5, 0, 0, 0, 0], [1, 0, 0, 0.011035770177841187, 0, 0, 8, 5, 12, 1, 0, 0, 0, 3, 1, 4, 0, 0, 0, 4, 0, 0.5, 0, 0, 0, 0], [0, 0, 0, 0.0827142596244812, 0, 0, 8, 3, 10, 0, 0, 0, 0, 1, 1, 3, 0, 0, 0, 2, 0, 0.5, 0, 0, 0, 0], [0, 0, 0, 0.1545965075492859, 0, 0, 8, 4, 11, 0, 0, 0, 0, 2, 1, 3, 0, 0, 0, 3, 0, 0.5, 0, 0, 0, 0], [0, 0, 0, 0.018501758575439453, 0, 0, 8, 10, 17, 0, 0, 0, 0, 8, 1, 6, 0, 0, 0, 9, 0, 0.5, 0, 0, 0, 0], [0, 0, 0, 0.0215684175491333, 0, 0, 8, 13, 20, 0, 0, 0, 0, 11, 1, 1, 0, 0, 0, 12, 0, 0.25, 0, 0, 0, 0], [0, 0, 0, 0.011297732591629028, 0, 0, 8, 13, 20, 0, 0, 0, 0, 11, 1, 1, 0, 0, 0, 12, 0, 0.018404907975460124, 0, 0, 0, 0], [0, 0, 0, 0.09927606582641602, 0, 0, 8, 8, 15, 0, 0, 0, 0, 6, 1, 3, 0, 0, 0, 7, 0, 0.5, 0, 0, 0, 0], [0, 0, 0, 0.020201683044433594, 0, 0, 8, 3, 10, 0, 0, 0, 0, 1, 1, 7, 0, 0, 0, 2, 0, 0.5, 0, 0, 0, 0], [0, 0, 0, 0.35797882080078125, 0, 0, 8, 3, 10, 0, 0, 0, 0, 1, 1, 4, 0, 0, 0, 2, 0, 0.5, 0, 0, 0, 0], [0, 0, 0, 0.05725836753845215, 0, 0, 8, 3, 10, 0, 0, 0, 0, 1, 1, 5, 0, 0, 0, 2, 0, 0.5, 0, 0, 0, 0], [0, 0, 0, 0.03348416090011597, 0, 0, 8, 3, 10, 0, 0, 0, 0, 1, 1, 4, 0, 0, 0, 2, 0, 0.5, 0, 0, 0, 0], [0, 0, 0, 0.008985817432403564, 0, 0, 8, 13, 20, 0, 0, 0, 0, 11, 1, 3, 0, 0, 0, 12, 0, 0.3333333333333333, 0, 0, 0, 0], [0, 0, 0, 0.015695929527282715, 0, 0, 8, 13, 20, 0, 0, 0, 0, 11, 1, 1, 0, 0, 0, 12, 0, 0.25, 0, 0, 0, 0], [0, 0, 0, 0.007219374179840088, 0, 0, 8, 4, 11, 0, 0, 0, 0, 2, 1, 5, 0, 0, 0, 3, 0, 0.5, 0, 0, 0, 0], [0, 0, 0, 0.026808738708496094, 0, 0, 8, 13, 20, 0, 0, 0, 0, 11, 1, 3, 0, 0, 0, 12, 0, 0.5, 0, 0, 0, 0], [0, 0, 0, 0.020201683044433594, 0, 0, 8, 3, 10, 0, 0, 0, 0, 1, 1, 7, 0, 0, 0, 2, 0, 0.5, 0, 0, 0, 0], [0, 0, 0, 0.050009727478027344, 0, 0, 8, 4, 11, 0, 0, 0, 0, 2, 1, 5, 0, 0, 0, 3, 0, 0.5, 0, 0, 0, 0], [0, 0, 0, 0.4108847975730896, 0, 0, 8, 3, 10, 0, 0, 0, 0, 1, 1, 3, 0, 0, 0, 2, 0, 0.5, 0, 0, 0, 0], [0, 0, 0, 0.02320036292076111, 0, 0, 8, 13, 20, 0, 0, 0, 0, 11, 1, 4, 0, 0, 0, 12, 0, 0.5, 0, 0, 0, 0], [0, 0, 0, 0.011230289936065674, 0, 0, 8, 3, 10, 0, 0, 0, 0, 1, 1, 4, 0, 0, 0, 2, 0, 0.5, 0, 0, 0, 0], [0, 0, 0, 0.024778902530670166, 0, 0, 8, 13, 20, 0, 0, 0, 0, 11, 1, 3, 0, 0, 0, 12, 0, 1.0, 0, 0, 0, 0], [0, 0, 0, 0.07722219824790955, 0, 0, 8, 4, 11, 0, 0, 0, 0, 2, 1, 3, 0, 0, 0, 3, 0, 0.5, 0, 0, 0, 0], [0, 0, 0, 0.044155240058898926, 0, 0, 8, 3, 10, 0, 0, 0, 0, 1, 1, 4, 0, 0, 0, 2, 0, 0.5, 0, 0, 0, 0], [0, 0, 0, 0.03135061264038086, 0, 0, 8, 3, 10, 0, 0, 0, 0, 1, 1, 3, 0, 0, 0, 2, 0, 0.5, 0, 0, 0, 0], [0, 0, 0, 0.046525269746780396, 0, 0, 8, 13, 20, 0, 0, 0, 0, 11, 1, 2, 0, 0, 0, 12, 0, 0.5, 0, 0, 0, 0], [0, 0, 0, 0.010117590427398682, 0, 0, 8, 6, 13, 0, 0, 0, 0, 4, 1, 7, 0, 0, 0, 5, 0, 1.0, 0, 0, 0, 0], [0, 0, 0, 0.08270859718322754, 0, 0, 8, 8, 15, 0, 0, 0, 0, 6, 1, 4, 0, 0, 0, 7, 0, 0.5, 0, 0, 0, 0], [0, 0, 0, 0.022745490074157715, 0, 0, 8, 4, 11, 0, 0, 0, 0, 2, 1, 4, 0, 0, 0, 3, 0, 0.5, 0, 0, 0, 0], [0, 0, 0, 0.020201683044433594, 0, 0, 8, 3, 10, 0, 0, 0, 0, 1, 1, 7, 0, 0, 0, 2, 0, 0.5, 0, 0, 0, 0], [0, 0, 0, 0.02171805500984192, 0, 0, 8, 3, 10, 0, 0, 0, 0, 1, 1, 4, 0, 0, 0, 2, 0, 0.5, 0, 0, 0, 0], [0, 0, 0, 0.08361801505088806, 0, 0, 8, 13, 20, 0, 0, 0, 0, 11, 1, 1, 0, 0, 0, 12, 0, 0.05, 0, 0, 0, 0], [0, 0, 0, 0.025559663772583008, 0, 0, 8, 13, 20, 0, 0, 0, 0, 11, 1, 4, 0, 0, 0, 12, 0, 0.5, 0, 0, 0, 0], [0, 0, 0, 0.05442264676094055, 0, 0, 8, 3, 10, 0, 0, 0, 0, 1, 1, 4, 0, 0, 0, 2, 0, 0.5, 0, 0, 0, 0], [0, 0, 0, 0.014561563730239868, 0, 0, 8, 13, 20, 0, 0, 0, 0, 11, 1, 1, 0, 0, 0, 12, 0, 0.6666666666666666, 0, 0, 0, 0], [0, 0, 0, 0.06807607412338257, 0, 0, 8, 6, 13, 0, 0, 0, 0, 4, 1, 7, 0, 0, 0, 5, 0, 1.0, 0, 0, 0, 0], [0, 0, 0, 0.12285786867141724, 0, 0, 8, 3, 10, 0, 0, 0, 0, 1, 1, 7, 0, 0, 0, 2, 0, 0.6666666666666666, 0, 0, 0, 0], [0, 0, 0, 0.05190092325210571, 0, 0, 8, 5, 12, 0, 0, 0, 0, 3, 1, 5, 0, 0, 0, 4, 0, 0.5, 0, 0, 0, 0], [0, 0, 0, 0.007045328617095947, 0, 0, 8, 3, 10, 0, 0, 0, 0, 1, 1, 6, 0, 0, 0, 2, 0, 0.5, 0, 0, 0, 0], [0, 0, 0, 0.019283980131149292, 0, 0, 8, 7, 14, 0, 0, 0, 0, 5, 1, 5, 0, 0, 0, 6, 0, 0.5, 0, 0, 0, 0], [0, 0, 0, 0.013998925685882568, 0, 0, 8, 13, 20, 0, 0, 0, 0, 11, 1, 1, 0, 0, 0, 12, 0, 0.01639344262295082, 0, 0, 0, 0], [0, 0, 0, 0.04931488633155823, 0, 0, 8, 3, 10, 0, 0, 0, 0, 1, 1, 3, 0, 0, 0, 2, 0, 0.5, 0, 0, 0, 0], [0, 0, 0, 0.10756993293762207, 0, 0, 8, 5, 12, 0, 0, 0, 0, 3, 1, 4, 0, 0, 0, 4, 0, 0.5, 0, 0, 0, 0], [0, 0, 0, 0.02433234453201294, 0, 0, 8, 10, 17, 0, 0, 0, 0, 8, 1, 5, 0, 0, 0, 9, 0, 0.5, 0, 0, 0, 0], [0, 0, 0, 0.004584521055221558, 0, 0, 8, 13, 20, 0, 0, 0, 0, 11, 1, 3, 0, 0, 0, 12, 0, 0.5, 0, 0, 0, 0], [0, 0, 0, 0.015386760234832764, 0, 0, 8, 3, 10, 0, 0, 0, 0, 1, 1, 3, 0, 0, 0, 2, 0, 0.5, 0, 0, 0, 0], [0, 0, 0, 0.031889498233795166, 0, 0, 8, 12, 19, 0, 0, 0, 0, 10, 1, 4, 0, 0, 0, 11, 0, 0.5, 0, 0, 0, 0], [0, 0, 0, 0.005972325801849365, 0, 0, 8, 6, 13, 0, 0, 0, 0, 4, 1, 6, 0, 0, 0, 5, 0, 0.6666666666666666, 0, 0, 0, 0], [0, 0, 0, 0.024416863918304443, 0, 0, 8, 13, 20, 0, 0, 0, 0, 11, 1, 1, 0, 0, 0, 12, 0, 0.25, 0, 0, 0, 0], [0, 0, 0, 0.009157359600067139, 0, 0, 8, 3, 10, 0, 0, 0, 0, 1, 1, 7, 0, 0, 0, 2, 0, 0.5, 0, 0, 0, 0], [0, 0, 0, 0.048967838287353516, 0, 0, 8, 10, 17, 0, 0, 0, 0, 8, 1, 3, 0, 0, 0, 9, 0, 0.5, 0, 0, 0, 0], [0, 0, 0, 0.01948779821395874, 0, 0, 8, 5, 12, 0, 0, 0, 0, 3, 1, 3, 0, 0, 0, 4, 0, 0.5, 0, 0, 0, 0], [0, 0, 0, 0.11812752485275269, 0, 0, 8, 3, 10, 0, 0, 0, 0, 1, 1, 4, 0, 0, 0, 2, 0, 0.5, 0, 0, 0, 0], [0, 0, 0, 0.08380046486854553, 0, 0, 8, 3, 10, 0, 0, 0, 0, 1, 1, 3, 0, 0, 0, 2, 0, 0.5, 0, 0, 0, 0], [1, 0, 0, 0.034636616706848145, 0, 0, 8, 4, 11, 1, 0, 0, 0, 2, 1, 7, 0, 0, 0, 3, 0, 0.5, 0, 0, 0, 0], [0, 0, 0, 0.11975252628326416, 0, 0, 8, 5, 12, 0, 0, 0, 0, 3, 1, 4, 0, 0, 0, 4, 0, 0.5, 0, 0, 0, 0], [0, 0, 0, 0.025716066360473633, 0, 0, 8, 4, 11, 0, 0, 0, 0, 2, 1, 5, 0, 0, 0, 3, 0, 0.5, 0, 0, 0, 0], [1, 0, 0, 0.07108986377716064, 0, 0, 8, 6, 13, 1, 0, 0, 0, 4, 1, 4, 0, 0, 0, 5, 0, 0.5, 0, 0, 0, 0], [0, 0, 0, 0.13579139113426208, 0, 0, 8, 4, 11, 0, 0, 0, 0, 2, 1, 2, 0, 0, 0, 3, 0, 0.3333333333333333, 0, 0, 0, 0], [0, 0, 0, 0.017938435077667236, 0, 0, 8, 13, 20, 0, 0, 0, 0, 11, 1, 1, 0, 0, 0, 12, 0, 0.25, 0, 0, 0, 0], [0, 0, 0, 0.03167003393173218, 0, 0, 8, 13, 20, 0, 0, 0, 0, 11, 1, 3, 0, 0, 0, 12, 0, 0.5, 0, 0, 0, 0], [0, 0, 0, 0.2275228202342987, 0, 0, 8, 3, 10, 0, 0, 0, 0, 1, 1, 4, 0, 0, 0, 2, 0, 0.5, 0, 0, 0, 0], [0, 0, 0, 0.038475215435028076, 0, 0, 8, 13, 20, 0, 0, 0, 0, 11, 1, 3, 0, 0, 0, 12, 0, 0.5, 0, 0, 0, 0], [0, 0, 0, 0.0285070538520813, 0, 0, 8, 13, 20, 0, 0, 0, 0, 11, 1, 4, 0, 0, 0, 12, 0, 0.5, 0, 0, 0, 0], [0, 0, 0, 0.0013846755027770996, 0, 0, 8, 4, 11, 0, 0, 0, 0, 2, 1, 5, 0, 0, 0, 3, 0, 0.5, 0, 0, 0, 0], [0, 0, 0, 0.015954673290252686, 0, 0, 8, 3, 10, 0, 0, 0, 0, 1, 1, 6, 0, 0, 0, 2, 0, 0.5, 0, 0, 0, 0], [0, 0, 0, 0.07991620898246765, 0, 0, 8, 13, 20, 0, 0, 0, 0, 11, 1, 3, 0, 0, 0, 12, 0, 0.5, 0, 0, 0, 0], [0, 0, 0, 0.012845337390899658, 0, 0, 8, 3, 10, 0, 0, 0, 0, 1, 1, 5, 0, 0, 0, 2, 0, 0.5, 0, 0, 0, 0], [1, 0, 0, 0.102139413356781, 0, 0, 8, 13, 20, 1, 0, 0, 0, 11, 1, 2, 0, 0, 0, 12, 0, 0.5, 0, 0, 0, 0], [0, 0, 0, 0.00483781099319458, 0, 0, 8, 13, 20, 0, 0, 0, 0, 9, 2, 4, 0, 0, 0, 12, 0, 1.0, 0, 0, 0, 0], [0, 0, 0, 0.05401584506034851, 0, 0, 8, 4, 11, 0, 0, 0, 0, 2, 1, 2, 0, 0, 0, 3, 0, 0.5, 0, 0, 0, 0], [0, 0, 0, 0.013599127531051636, 0, 0, 8, 13, 20, 0, 0, 0, 0, 11, 1, 2, 0, 0, 0, 12, 0, 0.5, 0, 0, 0, 0], [0, 0, 0, 0.007030785083770752, 0, 0, 8, 3, 10, 0, 0, 0, 0, 1, 1, 6, 0, 0, 0, 2, 0, 0.5, 0, 0, 0, 0], [0, 0, 0, 0.007719278335571289, 0, 0, 8, 10, 17, 0, 0, 0, 0, 8, 1, 6, 0, 0, 0, 9, 0, 0.5, 0, 0, 0, 0], [1, 0, 0, 0.043928712606430054, 0, 0, 8, 3, 10, 1, 0, 0, 0, 1, 1, 4, 0, 0, 0, 2, 0, 0.5, 0, 0, 0, 0], [0, 0, 0, 0.02748405933380127, 0, 0, 8, 6, 13, 0, 0, 0, 0, 4, 1, 3, 0, 0, 0, 5, 0, 1.0, 0, 0, 0, 0], [0, 0, 0, 0.02302372455596924, 0, 0, 8, 3, 10, 0, 0, 0, 0, 1, 1, 3, 0, 0, 0, 2, 0, 0.5, 0, 0, 0, 0], [0, 0, 0, 0.08088347315788269, 0, 0, 8, 6, 13, 0, 0, 0, 0, 4, 1, 3, 0, 0, 0, 5, 0, 0.5, 0, 0, 0, 0], [0, 0, 0, 0.007717400789260864, 0, 0, 8, 13, 20, 0, 0, 0, 0, 11, 1, 1, 0, 0, 0, 12, 0, 0.25, 0, 0, 0, 0], [0, 0, 0, 0.08798235654830933, 0, 0, 8, 5, 12, 0, 0, 0, 0, 3, 1, 3, 0, 0, 0, 4, 0, 0.5, 0, 0, 0, 0], [0, 0, 0, 0.027538061141967773, 0, 0, 8, 13, 20, 0, 0, 0, 0, 11, 1, 6, 0, 0, 0, 12, 0, 0.5, 0, 0, 0, 0], [0, 0, 0, 0.022456735372543335, 0, 0, 8, 3, 10, 0, 0, 0, 0, 1, 1, 2, 0, 0, 0, 2, 0, 0.5, 0, 0, 0, 0], [0, 0, 0, 0.009696811437606812, 0, 0, 8, 13, 20, 0, 0, 0, 0, 11, 1, 2, 0, 0, 0, 12, 0, 0.5, 0, 0, 0, 0], [0, 0, 0, 0.007226139307022095, 0, 0, 8, 5, 12, 0, 0, 0, 0, 3, 1, 4, 0, 0, 0, 4, 0, 0.5, 0, 0, 0, 0], [0, 0, 0, 0.01928645372390747, 0, 0, 8, 3, 10, 0, 0, 0, 0, 1, 1, 5, 0, 0, 0, 2, 0, 0.5, 0, 0, 0, 0], [0, 0, 0, 0.043900102376937866, 0, 0, 8, 13, 20, 0, 0, 0, 0, 11, 1, 3, 0, 0, 0, 12, 0, 0.5, 0, 0, 0, 0], [0, 0, 0, 0.34280192852020264, 0, 0, 8, 4, 11, 0, 0, 0, 0, 2, 1, 2, 0, 0, 0, 3, 0, 0.5, 0, 0, 0, 0], [0, 0, 0, 0.018313288688659668, 0, 0, 8, 13, 20, 0, 0, 0, 0, 11, 1, 1, 0, 0, 0, 12, 0, 0.25, 0, 0, 0, 0], [0, 0, 0, 0.009360074996948242, 0, 0, 8, 3, 10, 0, 0, 0, 0, 1, 1, 6, 0, 0, 0, 2, 0, 0.5, 0, 0, 0, 0], [0, 0, 0, 0.006956517696380615, 0, 0, 8, 13, 20, 0, 0, 0, 0, 11, 1, 4, 0, 0, 0, 12, 0, 0.5, 0, 0, 0, 0], [0, 0, 0, 0.06059962511062622, 0, 0, 8, 3, 10, 0, 0, 0, 0, 1, 1, 2, 0, 0, 0, 2, 0, 0.3333333333333333, 0, 0, 0, 0], [0, 0, 0, 0.010393917560577393, 0, 0, 8, 13, 20, 0, 0, 0, 0, 11, 1, 1, 0, 0, 0, 12, 0, 0.07692307692307693, 0, 0, 0, 0], [0, 0, 0, 0.04720693826675415, 0, 0, 8, 6, 13, 0, 0, 0, 0, 4, 1, 3, 0, 0, 0, 5, 0, 1.0, 0, 0, 0, 0], [0, 0, 0, 0.056134939193725586, 0, 0, 8, 5, 12, 0, 0, 0, 0, 3, 1, 5, 0, 0, 0, 4, 0, 0.6666666666666666, 0, 0, 0, 0], [0, 0, 0, 0.11504730582237244, 0, 0, 8, 3, 10, 0, 0, 0, 0, 1, 1, 3, 0, 0, 0, 2, 0, 0.5, 0, 0, 0, 0], [0, 0, 0, 0.3182629346847534, 0, 0, 8, 4, 11, 0, 0, 0, 0, 2, 1, 4, 0, 0, 0, 3, 0, 0.5, 0, 0, 0, 0], [0, 0, 0, 0.0583767294883728, 0, 0, 8, 5, 12, 0, 0, 0, 0, 3, 1, 3, 0, 0, 0, 4, 0, 0.5, 0, 0, 0, 0], [0, 0, 0, 0.0727299153804779, 0, 0, 8, 5, 12, 0, 0, 0, 0, 3, 1, 3, 0, 0, 0, 4, 0, 0.5, 0, 0, 0, 0], [0, 0, 0, 0.21934181451797485, 0, 0, 8, 3, 10, 0, 0, 0, 0, 1, 1, 3, 0, 0, 0, 2, 0, 0.3333333333333333, 0, 0, 0, 0], [0, 0, 0, 0.047457873821258545, 0, 0, 8, 3, 10, 0, 0, 0, 0, 1, 1, 4, 0, 0, 0, 2, 0, 0.5, 0, 0, 0, 0], [0, 0, 0, 0.15123319625854492, 0, 0, 8, 3, 10, 0, 0, 0, 0, 1, 1, 3, 0, 0, 0, 2, 0, 0.5, 0, 0, 0, 0], [0, 0, 0, 0.06391215324401855, 0, 0, 8, 3, 10, 0, 0, 0, 0, 1, 1, 4, 0, 0, 0, 2, 0, 0.5, 0, 0, 0, 0], [0, 0, 0, 0.041698992252349854, 0, 0, 8, 3, 10, 0, 0, 0, 0, 1, 1, 4, 0, 0, 0, 2, 0, 0.5, 0, 0, 0, 0], [0, 0, 0, 0.0009453892707824707, 0, 0, 8, 13, 20, 0, 0, 0, 0, 11, 1, 2, 0, 0, 0, 12, 0, 0.6666666666666666, 0, 0, 0, 0], [0, 0, 0, 0.026952415704727173, 0, 0, 8, 13, 20, 0, 0, 0, 0, 11, 1, 2, 0, 0, 0, 12, 0, 1.0, 0, 0, 0, 0], [0, 0, 0, 0.3807982802391052, 0, 0, 8, 3, 10, 0, 0, 0, 0, 1, 1, 4, 0, 0, 0, 2, 0, 0.5, 0, 0, 0, 0], [0, 0, 0, 0.020505040884017944, 0, 0, 8, 5, 12, 0, 0, 0, 0, 3, 1, 4, 0, 0, 0, 4, 0, 0.5, 0, 0, 0, 0], [0, 0, 0, 0.00358542799949646, 0, 0, 8, 3, 10, 0, 0, 0, 0, 1, 1, 5, 0, 0, 0, 2, 0, 0.5, 0, 0, 0, 0], [0, 0, 0, 0.038639605045318604, 0, 0, 8, 13, 20, 0, 0, 0, 0, 11, 1, 3, 0, 0, 0, 12, 0, 0.5, 0, 0, 0, 0], [0, 0, 0, 0.02731919288635254, 0, 0, 8, 13, 20, 0, 0, 0, 0, 10, 2, 2, 0, 0, 0, 12, 0, 0.5, 0, 0, 0, 0], [0, 0, 0, 0.005674600601196289, 0, 0, 8, 13, 20, 0, 0, 0, 0, 11, 1, 1, 0, 0, 0, 12, 0, 0.07692307692307693, 0, 0, 0, 0], [0, 0, 0, 0.10673677921295166, 0, 0, 8, 3, 10, 0, 0, 0, 0, 1, 1, 3, 0, 0, 0, 2, 0, 0.5, 0, 0, 0, 0], [0, 0, 0, 0.04029539227485657, 0, 0, 8, 3, 10, 0, 0, 0, 0, 1, 1, 4, 0, 0, 0, 2, 0, 0.5, 0, 0, 0, 0], [0, 0, 0, 0.0743207335472107, 0, 0, 8, 5, 12, 0, 0, 0, 0, 3, 1, 3, 0, 0, 0, 4, 0, 0.5, 0, 0, 0, 0], [0, 0, 0, 0.014875292778015137, 0, 0, 8, 13, 20, 0, 0, 0, 0, 11, 1, 1, 0, 0, 0, 12, 0, 0.6666666666666666, 0, 0, 0, 0], [0, 0, 0, 0.0029312074184417725, 0, 0, 8, 13, 20, 0, 0, 0, 0, 10, 2, 6, 0, 0, 0, 12, 0, 0.5, 0, 0, 0, 0], [0, 0, 0, 0.009829968214035034, 0, 0, 8, 5, 12, 0, 0, 0, 0, 3, 1, 4, 0, 0, 0, 4, 0, 0.5, 0, 0, 0, 0], [0, 0, 0, 0.13772517442703247, 0, 0, 8, 4, 11, 0, 0, 0, 0, 2, 1, 4, 0, 0, 0, 3, 0, 0.5, 0, 0, 0, 0], [0, 0, 0, 0.006590485572814941, 0, 0, 8, 13, 20, 0, 0, 0, 0, 11, 1, 6, 0, 0, 0, 12, 0, 0.5, 0, 0, 0, 0], [0, 0, 0, 0.04161679744720459, 0, 0, 8, 13, 20, 0, 0, 0, 0, 11, 1, 2, 0, 0, 0, 12, 0, 0.5, 0, 0, 0, 0], [0, 0, 0, 0.035682082176208496, 0, 0, 8, 4, 11, 0, 0, 0, 0, 2, 1, 5, 0, 0, 0, 3, 0, 0.5, 0, 0, 0, 0], [0, 0, 0, 0.015221983194351196, 0, 0, 8, 4, 11, 0, 0, 0, 0, 2, 1, 2, 0, 0, 0, 3, 0, 0.5, 0, 0, 0, 0], [0, 0, 0, 0.03695195913314819, 0, 0, 8, 13, 20, 0, 0, 0, 0, 11, 1, 1, 0, 0, 0, 12, 0, 0.03225806451612903, 0, 0, 0, 0], [0, 0, 0, 0.05248880386352539, 0, 0, 8, 3, 10, 0, 0, 0, 0, 1, 1, 4, 0, 0, 0, 2, 0, 1.0, 0, 0, 0, 0], [0, 0, 0, 0.03971600532531738, 0, 0, 8, 5, 12, 0, 0, 0, 0, 3, 1, 5, 0, 0, 0, 4, 0, 0.5, 0, 0, 0, 0], [0, 0, 0, 0.004597961902618408, 0, 0, 8, 3, 10, 0, 0, 0, 0, 1, 1, 7, 0, 0, 0, 2, 0, 0.5, 0, 0, 0, 0], [0, 0, 0, 0.1043696403503418, 0, 0, 8, 7, 14, 0, 0, 0, 0, 5, 1, 5, 0, 0, 0, 6, 0, 0.6666666666666666, 0, 0, 0, 0], [0, 0, 0, 0.027128517627716064, 0, 0, 8, 3, 10, 0, 0, 0, 0, 1, 1, 4, 0, 0, 0, 2, 0, 0.5, 0, 0, 0, 0], [0, 0, 0, 0.06125885248184204, 0, 0, 8, 3, 10, 0, 0, 0, 0, 1, 1, 3, 0, 0, 0, 2, 0, 0.5, 0, 0, 0, 0], [0, 0, 0, 0.060885488986968994, 0, 0, 8, 4, 11, 0, 0, 0, 0, 2, 1, 6, 0, 0, 0, 3, 0, 0.5, 0, 0, 0, 0], [0, 0, 0, 0.01730671525001526, 0, 0, 8, 3, 10, 0, 0, 0, 0, 1, 1, 3, 0, 0, 0, 2, 0, 0.5, 0, 0, 0, 0], [0, 0, 0, 0.001273125410079956, 0, 0, 8, 13, 20, 0, 0, 0, 0, 11, 1, 1, 0, 0, 0, 12, 0, 0.6666666666666666, 0, 0, 0, 0], [0, 0, 0, 0.016414880752563477, 0, 0, 8, 4, 11, 0, 0, 0, 0, 2, 1, 4, 0, 0, 0, 3, 0, 0.5, 0, 0, 0, 0], [0, 0, 0, 0.01851293444633484, 0, 0, 8, 13, 20, 0, 0, 0, 0, 11, 1, 1, 0, 0, 0, 12, 0, 0.25, 0, 0, 0, 0], [0, 0, 0, 0.01236492395401001, 0, 0, 8, 3, 10, 0, 0, 0, 0, 1, 1, 4, 0, 0, 0, 2, 0, 0.5, 0, 0, 0, 0], [0, 0, 0, 0.05032360553741455, 0, 0, 8, 4, 11, 0, 0, 0, 0, 2, 1, 4, 0, 0, 0, 3, 0, 0.5, 0, 0, 0, 0], [0, 0, 0, 0.01356571912765503, 0, 0, 8, 13, 20, 0, 0, 0, 0, 11, 1, 1, 0, 0, 0, 12, 0, 0.25, 0, 0, 0, 0], [0, 0, 0, 0.0718686580657959, 0, 0, 8, 11, 18, 0, 0, 0, 0, 9, 1, 4, 0, 0, 0, 10, 0, 0.5, 0, 0, 0, 0], [0, 0, 0, 0.029148638248443604, 0, 0, 8, 3, 10, 0, 0, 0, 0, 1, 1, 4, 0, 0, 0, 2, 0, 0.5, 0, 0, 0, 0], [0, 0, 0, 0.005459904670715332, 0, 0, 8, 3, 10, 0, 0, 0, 0, 1, 1, 5, 0, 0, 0, 2, 0, 0.5, 0, 0, 0, 0], [0, 0, 0, 0.011806905269622803, 0, 0, 8, 4, 11, 0, 0, 0, 0, 2, 1, 6, 0, 0, 0, 3, 0, 0.5, 0, 0, 0, 0], [0, 0, 0, 0.02118992805480957, 0, 0, 8, 3, 10, 0, 0, 0, 0, 1, 1, 4, 0, 0, 0, 2, 0, 0.5, 0, 0, 0, 0], [0, 0, 0, 0.047667622566223145, 0, 0, 8, 3, 10, 0, 0, 0, 0, 1, 1, 4, 0, 0, 0, 2, 0, 0.5, 0, 0, 0, 0], [0, 0, 0, 0.02774721384048462, 0, 0, 8, 5, 12, 0, 0, 0, 0, 3, 1, 7, 0, 0, 0, 4, 0, 0.5, 0, 0, 0, 0], [0, 0, 0, 0.0903463363647461, 0, 0, 8, 3, 10, 0, 0, 0, 0, 1, 1, 5, 0, 0, 0, 2, 0, 0.5, 0, 0, 0, 0], [0, 0, 0, 0.0515274703502655, 0, 0, 8, 3, 10, 0, 0, 0, 0, 1, 1, 3, 0, 0, 0, 2, 0, 0.5, 0, 0, 0, 0], [0, 0, 0, 0.08369103074073792, 0, 0, 8, 5, 12, 0, 0, 0, 0, 3, 1, 4, 0, 0, 0, 4, 0, 0.5, 0, 0, 0, 0], [0, 0, 0, 0.08164206147193909, 0, 0, 8, 3, 10, 0, 0, 0, 0, 1, 1, 3, 0, 0, 0, 2, 0, 0.5, 0, 0, 0, 0], [0, 0, 0, 0.00815322995185852, 0, 0, 8, 4, 11, 0, 0, 0, 0, 2, 1, 3, 0, 0, 0, 3, 0, 0.5, 0, 0, 0, 0], [0, 0, 0, 0.05327415466308594, 0, 0, 8, 5, 12, 0, 0, 0, 0, 3, 1, 8, 0, 0, 0, 4, 0, 1.0, 0, 0, 0, 0], [0, 0, 0, 0.07983466982841492, 0, 0, 8, 3, 10, 0, 0, 0, 0, 1, 1, 4, 0, 0, 0, 2, 0, 0.5, 0, 0, 0, 0], [0, 0, 0, 0.01809060573577881, 0, 0, 8, 9, 16, 0, 0, 0, 0, 7, 1, 4, 0, 0, 0, 8, 0, 0.5, 0, 0, 0, 0], [0, 0, 0, 0.05583503842353821, 0, 0, 8, 12, 19, 0, 0, 0, 0, 9, 2, 5, 0, 0, 0, 11, 0, 0.6666666666666666, 0, 0, 0, 0], [0, 0, 0, 0.07672244310379028, 0, 0, 8, 3, 10, 0, 0, 0, 0, 1, 1, 3, 0, 0, 0, 2, 0, 0.5, 0, 0, 0, 0], [0, 0, 0, 0.022994577884674072, 0, 0, 8, 3, 10, 0, 0, 0, 0, 1, 1, 3, 0, 0, 0, 2, 0, 0.5, 0, 0, 0, 0], [0, 0, 0, 0.021257013082504272, 0, 0, 8, 13, 20, 0, 0, 0, 0, 11, 1, 2, 0, 0, 0, 12, 0, 0.5, 0, 0, 0, 0], [0, 0, 0, 0.03200909495353699, 0, 0, 8, 4, 11, 0, 0, 0, 0, 2, 1, 3, 0, 0, 0, 3, 0, 0.5, 0, 0, 0, 0], [0, 0, 0, 0.028360575437545776, 0, 0, 8, 5, 12, 0, 0, 0, 0, 3, 1, 4, 0, 0, 0, 4, 0, 0.5, 0, 0, 0, 0], [0, 0, 0, 0.06868630647659302, 0, 0, 8, 3, 10, 0, 0, 0, 0, 1, 1, 4, 0, 0, 0, 2, 0, 0.5, 0, 0, 0, 0], [0, 0, 0, 0.1249464750289917, 0, 0, 8, 3, 10, 0, 0, 0, 0, 1, 1, 3, 0, 0, 0, 2, 0, 0.5, 0, 0, 0, 0], [0, 0, 0, 0.026635289192199707, 0, 0, 8, 10, 17, 0, 0, 0, 0, 8, 1, 6, 0, 0, 0, 9, 0, 0.5, 0, 0, 0, 0], [1, 0, 0, 0.07421371340751648, 0, 0, 8, 13, 20, 1, 0, 0, 0, 11, 1, 1, 0, 0, 0, 12, 0, 0.05, 0, 0, 0, 0], [0, 0, 0, 0.007205665111541748, 0, 0, 8, 3, 10, 0, 0, 0, 0, 1, 1, 7, 0, 0, 0, 2, 0, 0.5, 0, 0, 0, 0], [0, 0, 0, 0.01045447587966919, 0, 0, 8, 3, 10, 0, 0, 0, 0, 1, 1, 5, 0, 0, 0, 2, 0, 0.5, 0, 0, 0, 0], [0, 0, 0, 0.03301858901977539, 0, 0, 8, 5, 12, 0, 0, 0, 0, 3, 1, 7, 0, 0, 0, 4, 0, 0.5, 0, 0, 0, 0], [0, 0, 0, 0.03327915072441101, 0, 0, 8, 13, 20, 0, 0, 0, 0, 11, 1, 1, 0, 0, 0, 12, 0, 0.03225806451612903, 0, 0, 0, 0], [0, 0, 0, 0.1681590974330902, 0, 0, 8, 5, 12, 0, 0, 0, 0, 3, 1, 4, 0, 0, 0, 4, 0, 0.5, 0, 0, 0, 0], [0, 0, 0, 0.06093698740005493, 0, 0, 8, 8, 15, 0, 0, 0, 0, 6, 1, 4, 0, 0, 0, 7, 0, 0.5, 0, 0, 0, 0], [0, 0, 0, 0.03711140155792236, 0, 0, 8, 3, 10, 0, 0, 0, 0, 1, 1, 2, 0, 0, 0, 2, 0, 0.5, 0, 0, 0, 0], [0, 0, 0, 0.0034504830837249756, 0, 0, 8, 4, 11, 0, 0, 0, 0, 2, 1, 4, 0, 0, 0, 3, 0, 0.5, 0, 0, 0, 0], [1, 0, 0, 0.0005272626876831055, 0, 0, 8, 3, 10, 1, 0, 0, 0, 1, 1, 5, 0, 0, 0, 2, 0, 0.5, 0, 0, 0, 0], [0, 0, 0, 0.02079617977142334, 0, 0, 8, 13, 20, 0, 0, 0, 0, 11, 1, 1, 0, 0, 0, 12, 0, 0.25, 0, 0, 0, 0], [0, 0, 0, 0.042286813259124756, 0, 0, 8, 5, 12, 0, 0, 0, 0, 3, 1, 3, 0, 0, 0, 4, 0, 0.5, 0, 0, 0, 0], [0, 0, 0, 0.17213726043701172, 0, 0, 8, 10, 17, 0, 0, 0, 0, 8, 1, 6, 0, 0, 0, 9, 0, 0.5, 0, 0, 0, 0], [0, 0, 0, 0.0015980899333953857, 0, 0, 8, 6, 13, 0, 0, 0, 0, 4, 1, 4, 0, 0, 0, 5, 0, 0.5, 0, 0, 0, 0], [0, 0, 0, 0.004043519496917725, 0, 0, 8, 3, 10, 0, 0, 0, 0, 1, 1, 3, 0, 0, 0, 2, 0, 0.5, 0, 0, 0, 0], [0, 0, 0, 0.011214971542358398, 0, 0, 8, 7, 14, 0, 0, 0, 0, 5, 1, 6, 0, 0, 0, 6, 0, 0.5, 0, 0, 0, 0], [0, 0, 0, 0.2138688564300537, 0, 0, 8, 3, 10, 0, 0, 0, 0, 1, 1, 4, 0, 0, 0, 2, 0, 0.5, 0, 0, 0, 0], [0, 0, 0, 0.16522091627120972, 0, 0, 8, 8, 15, 0, 0, 0, 0, 6, 1, 6, 0, 0, 0, 7, 0, 0.5, 0, 0, 0, 0], [0, 0, 0, 0.00891450047492981, 0, 0, 8, 13, 20, 0, 0, 0, 0, 11, 1, 1, 0, 0, 0, 12, 0, 0.25, 0, 0, 0, 0], [0, 0, 0, 0.032623738050460815, 0, 0, 8, 13, 20, 0, 0, 0, 0, 11, 1, 5, 0, 0, 0, 12, 0, 0.5, 0, 0, 0, 0], [0, 0, 0, 0.020223498344421387, 0, 0, 8, 13, 20, 0, 0, 0, 0, 11, 1, 1, 0, 0, 0, 12, 0, 0.25, 0, 0, 0, 0], [0, 0, 0, 0.000940859317779541, 0, 0, 8, 7, 14, 0, 0, 0, 0, 5, 1, 3, 0, 0, 0, 6, 0, 0.6666666666666666, 0, 0, 0, 0], [0, 0, 0, 0.05606341361999512, 0, 0, 8, 13, 20, 0, 0, 0, 0, 10, 2, 7, 0, 0, 0, 12, 0, 0.5, 0, 0, 0, 0], [0, 0, 0, 0.0008600950241088867, 0, 0, 8, 13, 20, 0, 0, 0, 0, 11, 1, 1, 0, 0, 0, 12, 0, 0.5, 0, 0, 0, 0], [0, 0, 0, 0.02781200408935547, 0, 0, 8, 13, 20, 0, 0, 0, 0, 11, 1, 1, 0, 0, 0, 12, 0, 0.5, 0, 0, 0, 0], [0, 0, 0, 0.00938957929611206, 0, 0, 8, 6, 13, 0, 0, 0, 0, 4, 1, 5, 0, 0, 0, 5, 0, 0.5, 0, 0, 0, 0], [0, 0, 0, 0.012619972229003906, 0, 0, 8, 11, 18, 0, 0, 0, 0, 9, 1, 3, 0, 0, 0, 10, 0, 0.5, 0, 0, 0, 0], [0, 0, 0, 0.0256594717502594, 0, 0, 8, 5, 12, 0, 0, 0, 0, 3, 1, 5, 0, 0, 0, 4, 0, 0.5, 0, 0, 0, 0], [0, 0, 0, 0.01855027675628662, 0, 0, 8, 9, 16, 0, 0, 0, 0, 7, 1, 4, 0, 0, 0, 8, 0, 0.5, 0, 0, 0, 0], [1, 0, 0, 0.025365889072418213, 1, 0, 8, 13, 20, 1, 0, 1, 0, 11, 1, 2, 0, 0, 0, 12, 1, 0.5, 0, 0, 0, 0], [0, 0, 0, 0.006905555725097656, 0, 0, 8, 9, 16, 0, 0, 0, 0, 7, 1, 4, 0, 0, 0, 8, 0, 0.5, 0, 0, 0, 0], [0, 0, 0, 0.0818597674369812, 1, 0, 8, 13, 20, 0, 0, 0, 0, 11, 1, 1, 0, 0, 0, 12, 0, 0.03225806451612903, 0, 0, 0, 0], [0, 0, 0, 0.018100619316101074, 0, 0, 8, 6, 13, 0, 0, 0, 0, 4, 1, 7, 0, 0, 0, 5, 0, 0.6666666666666666, 0, 0, 0, 0], [0, 0, 0, 0.01490047574043274, 0, 0, 8, 13, 20, 0, 0, 0, 0, 11, 1, 1, 0, 0, 0, 12, 0, 0.25, 0, 0, 0, 0], [0, 0, 0, 0.0020474493503570557, 0, 0, 8, 11, 18, 0, 0, 0, 0, 9, 1, 4, 0, 0, 0, 10, 0, 0.5, 0, 0, 0, 0], [0, 0, 0, 0.0577966570854187, 0, 0, 8, 3, 10, 0, 0, 0, 0, 1, 1, 4, 0, 0, 0, 2, 0, 0.5, 0, 0, 0, 0], [0, 0, 0, 0.02549499273300171, 0, 0, 8, 13, 20, 0, 0, 0, 0, 11, 1, 3, 0, 0, 0, 12, 0, 1.0, 0, 0, 0, 0], [0, 0, 0, 0.023982062935829163, 0, 0, 8, 10, 17, 0, 0, 0, 0, 8, 1, 4, 0, 0, 0, 9, 0, 0.5, 0, 0, 0, 0], [0, 0, 0, 0.008037209510803223, 0, 0, 8, 13, 20, 0, 0, 0, 0, 11, 1, 1, 0, 0, 0, 12, 0, 0.07692307692307693, 0, 0, 0, 0], [0, 0, 0, 0.03041893243789673, 0, 0, 8, 13, 20, 0, 0, 0, 0, 11, 1, 3, 0, 0, 0, 12, 0, 1.0, 0, 0, 0, 0], [0, 0, 0, 0.020982801914215088, 0, 0, 8, 3, 10, 0, 0, 0, 0, 1, 1, 4, 0, 0, 0, 2, 0, 0.5, 0, 0, 0, 0], [0, 0, 0, 0.039678871631622314, 0, 0, 8, 13, 20, 0, 0, 0, 0, 11, 1, 1, 0, 0, 0, 12, 0, 0.03225806451612903, 0, 0, 0, 0], [0, 0, 0, 0.008368581533432007, 0, 0, 8, 13, 20, 0, 0, 0, 0, 11, 1, 1, 0, 0, 0, 12, 0, 0.6666666666666666, 0, 0, 0, 0], [0, 0, 0, 0.11523318290710449, 0, 0, 8, 3, 10, 0, 0, 0, 0, 1, 1, 4, 0, 0, 0, 2, 0, 0.5, 0, 0, 0, 0], [0, 0, 0, 0.020053893327713013, 0, 0, 8, 13, 20, 0, 0, 0, 0, 11, 1, 4, 0, 0, 0, 12, 0, 0.5, 0, 0, 0, 0], [0, 0, 0, 0.007426083087921143, 0, 0, 8, 3, 10, 0, 0, 0, 0, 1, 1, 3, 0, 0, 0, 2, 0, 0.5, 0, 0, 0, 0], [0, 0, 0, 0.1402108073234558, 0, 0, 8, 3, 10, 0, 0, 0, 0, 1, 1, 4, 0, 0, 0, 2, 0, 0.5, 0, 0, 0, 0], [0, 0, 0, 0.020438015460968018, 0, 0, 8, 4, 11, 0, 0, 0, 0, 2, 1, 3, 0, 0, 0, 3, 0, 0.5, 0, 0, 0, 0], [0, 0, 0, 0.0044731199741363525, 0, 0, 8, 10, 17, 0, 0, 0, 0, 8, 1, 6, 0, 0, 0, 9, 0, 0.5, 0, 0, 0, 0], [0, 0, 0, 0.013220638036727905, 0, 0, 8, 13, 20, 0, 0, 0, 0, 11, 1, 1, 0, 0, 0, 12, 0, 0.25, 0, 0, 0, 0], [0, 0, 0, 0.014669597148895264, 0, 0, 8, 3, 10, 0, 0, 0, 0, 1, 1, 7, 0, 0, 0, 2, 0, 0.5, 0, 0, 0, 0], [0, 0, 0, 0.013589233160018921, 0, 0, 8, 3, 10, 0, 0, 0, 0, 1, 1, 4, 0, 0, 0, 2, 0, 0.5, 0, 0, 0, 0], [0, 0, 0, 0.05413341522216797, 0, 0, 8, 5, 12, 0, 0, 0, 0, 3, 1, 6, 0, 0, 0, 4, 0, 1.0, 0, 0, 0, 0], [0, 0, 0, 0.0005811750888824463, 0, 0, 8, 13, 20, 0, 0, 0, 0, 11, 1, 1, 0, 0, 0, 12, 0, 0.5, 0, 0, 0, 0], [1, 0, 0, 0.00891539454460144, 0, 0, 8, 13, 20, 1, 0, 1, 0, 11, 1, 2, 0, 0, 0, 12, 0, 0.5, 0, 0, 0, 0], [0, 0, 0, 0.007205605506896973, 0, 0, 8, 3, 10, 0, 0, 0, 0, 1, 1, 7, 0, 0, 0, 2, 0, 0.5, 0, 0, 0, 0], [0, 0, 0, 0.048597633838653564, 0, 0, 8, 13, 20, 0, 0, 0, 0, 11, 1, 6, 0, 0, 0, 12, 0, 0.5, 0, 0, 0, 0], [0, 0, 0, 0.01849907636642456, 0, 0, 8, 13, 20, 0, 0, 0, 0, 11, 1, 3, 0, 0, 0, 12, 0, 0.3333333333333333, 0, 0, 0, 0], [0, 0, 0, 0.06463664770126343, 0, 0, 8, 3, 10, 0, 0, 0, 0, 1, 1, 7, 0, 0, 0, 2, 0, 0.5, 0, 0, 0, 0], [0, 0, 0, 0.03088286519050598, 0, 0, 8, 3, 10, 0, 0, 0, 0, 1, 1, 4, 0, 0, 0, 2, 0, 0.5, 0, 0, 0, 0], [0, 0, 0, 0.020360738039016724, 0, 0, 8, 5, 12, 0, 0, 0, 0, 3, 1, 6, 0, 0, 0, 4, 0, 0.5, 0, 0, 0, 0], [0, 0, 0, 0.01984807848930359, 0, 0, 8, 3, 10, 0, 0, 0, 0, 1, 1, 4, 0, 0, 0, 2, 0, 0.5, 0, 0, 0, 0], [0, 0, 0, 0.28117334842681885, 0, 0, 8, 3, 10, 0, 0, 0, 0, 1, 1, 3, 0, 0, 0, 2, 0, 0.3333333333333333, 0, 0, 0, 0], [0, 0, 0, 0.0518261194229126, 0, 0, 8, 9, 16, 0, 0, 0, 0, 7, 1, 6, 0, 0, 0, 8, 0, 0.5, 0, 0, 0, 0], [0, 0, 0, 0.021580278873443604, 0, 0, 8, 3, 10, 0, 0, 0, 0, 1, 1, 7, 0, 0, 0, 2, 0, 0.5, 0, 0, 0, 0], [0, 0, 0, 0.03937198221683502, 0, 0, 8, 3, 10, 0, 0, 0, 0, 1, 1, 3, 0, 0, 0, 2, 0, 0.5, 0, 0, 0, 0], [0, 0, 0, 0.002430826425552368, 0, 0, 8, 3, 10, 0, 0, 0, 0, 1, 1, 3, 0, 0, 0, 2, 0, 0.5, 0, 0, 0, 0], [0, 0, 0, 0.006017088890075684, 0, 0, 8, 3, 10, 0, 0, 0, 0, 1, 1, 7, 0, 0, 0, 2, 0, 0.5, 0, 0, 0, 0], [0, 0, 0, 0.0629180371761322, 0, 0, 8, 3, 10, 0, 0, 0, 0, 1, 1, 4, 0, 0, 0, 2, 0, 0.5, 0, 0, 0, 0], [0, 0, 0, 0.019289880990982056, 0, 0, 8, 13, 20, 0, 0, 0, 0, 11, 1, 1, 0, 0, 0, 12, 0, 0.6666666666666666, 0, 0, 0, 0], [0, 0, 0, 0.016381263732910156, 0, 0, 8, 3, 10, 0, 0, 0, 0, 1, 1, 7, 0, 0, 0, 2, 0, 0.5, 0, 0, 0, 0], [0, 0, 0, 0.176782488822937, 0, 0, 8, 3, 10, 0, 0, 0, 0, 1, 1, 4, 0, 0, 0, 2, 0, 0.5, 0, 0, 0, 0], [0, 0, 0, 0.08958250284194946, 0, 0, 8, 13, 20, 0, 1, 0, 0, 11, 1, 7, 0, 0, 0, 12, 0, 1.0, 0, 0, 0, 0], [0, 0, 0, 0.00940316915512085, 0, 0, 8, 3, 10, 0, 0, 0, 0, 1, 1, 4, 0, 0, 0, 2, 0, 0.5, 0, 0, 0, 0], [0, 0, 0, 0.018262088298797607, 0, 0, 8, 13, 20, 0, 0, 0, 0, 11, 1, 1, 0, 0, 0, 12, 0, 0.5, 0, 0, 0, 0], [0, 0, 0, 0.13904941082000732, 0, 0, 8, 3, 10, 0, 0, 0, 0, 1, 1, 3, 0, 0, 0, 2, 0, 0.5, 0, 0, 0, 0], [0, 0, 0, 0.12285786867141724, 0, 0, 8, 3, 10, 0, 0, 0, 0, 1, 1, 7, 0, 0, 0, 2, 0, 0.6666666666666666, 0, 0, 0, 0], [0, 0, 0, 0.15571022033691406, 0, 0, 8, 3, 10, 0, 0, 0, 0, 1, 1, 7, 0, 0, 0, 2, 0, 0.6666666666666666, 0, 0, 0, 0], [0, 0, 0, 0.02143162488937378, 0, 0, 8, 13, 20, 0, 0, 0, 0, 11, 1, 1, 0, 0, 0, 12, 0, 0.03225806451612903, 0, 0, 0, 0], [1, 0, 0, 0.1573699712753296, 0, 0, 8, 3, 10, 1, 0, 0, 0, 1, 1, 3, 0, 0, 0, 2, 0, 0.5, 0, 0, 0, 0], [0, 0, 0, 0.019492745399475098, 0, 0, 8, 13, 20, 0, 0, 0, 0, 11, 1, 2, 0, 0, 0, 12, 0, 0.25, 0, 0, 0, 0], [0, 0, 0, 0.30575716495513916, 0, 0, 8, 3, 10, 0, 0, 0, 0, 1, 1, 3, 0, 0, 0, 2, 0, 0.3333333333333333, 0, 0, 0, 0], [0, 0, 0, 0.020956337451934814, 0, 0, 8, 13, 20, 0, 0, 0, 0, 10, 2, 1, 0, 0, 0, 12, 0, 0.6666666666666666, 0, 0, 0, 0], [0, 0, 0, 0.15571045875549316, 0, 0, 8, 3, 10, 0, 0, 0, 0, 1, 1, 7, 0, 0, 0, 2, 0, 0.6666666666666666, 0, 0, 0, 0], [0, 0, 0, 0.04328697919845581, 0, 0, 8, 3, 10, 0, 0, 0, 0, 1, 1, 2, 0, 0, 0, 2, 0, 0.5, 0, 0, 0, 0]], "_pair": []}
  CONTROL {"count": {"n": 1174, "model_accuracy": 1.0, "rival_accuracy": 1.0, "random_floor": 0.19999999999999593}, "lookup_paired_vs_rival": {"model_only_right": 0, "rival_only_right": 0, "discordant": 0, "mcnemar_z": NaN}, "lookup_paired_vs_rival_cos": {"n": 0, "model_only_right": 0, "rival_only_right": 0, "discordant": 0, "mcnemar_z": NaN, "max_achievable_z": 0.0, "underpowered": true}, "lookup_paired_vs_rival_cos_by_margin": {"median_margin": NaN, "low_margin": {"n": 0, "model_only_right": 0, "rival_only_right": 0, "discordant": 0, "mcnemar_z": NaN, "max_achievable_z": 0.0, "underpowered": true}, "high_margin": {"n": 0, "model_only_right": 0, "rival_only_right": 0, "discordant": 0, "mcnemar_z": NaN, "max_achievable_z": 0.0, "underpowered": true}}, "ladder": {"n_questions": 0, "pairs": 0, "concordant": 0, "ties_excluded": 0, "import_budget_zero_rate": 0.0, "import_budget_mean": 0.0, "concordance": NaN, "z_vs_half": NaN, "mean_phi": {"true": NaN, "near": NaN, "middle": NaN, "far": NaN}}, "exact_mismatches": 0, "confusion": {"count|2->2": 639, "count|3->3": 218, "count|4->4": 108, "count|5+->5+": 209}, "_mixed": [], "_reach": [[0, 0, 0, 0.007718175649642944, 0, 0, 8, 3, 10, 0, 0, 0, 0, 1, 1, 3, 0, 0, 0, 2, 0, 0.5, 0, 0, 0, 0], [0, 0, 0, 0.11832958459854126, 0, 0, 8, 5, 12, 0, 0, 0, 0, 3, 1, 3, 0, 0, 0, 4, 0, 0.5, 0, 0, 0, 0], [0, 0, 0, 0.16390460729599, 0, 0, 8, 5, 12, 0, 0, 0, 0, 3, 1, 2, 0, 0, 0, 4, 0, 0.5, 0, 0, 0, 0], [0, 0, 0, 0.17979413270950317, 0, 0, 8, 5, 12, 0, 0, 0, 0, 3, 1, 4, 0, 0, 0, 4, 0, 0.5, 0, 0, 0, 0], [0, 0, 0, 0.02576419711112976, 0, 0, 8, 11, 18, 0, 0, 0, 0, 9, 1, 5, 0, 0, 0, 10, 0, 0.5, 0, 0, 0, 0], [0, 0, 0, 0.004694446921348572, 0, 0, 8, 5, 12, 0, 0, 0, 0, 3, 1, 4, 0, 0, 0, 4, 0, 0.5, 0, 0, 0, 0], [0, 0, 0, 0.020844101905822754, 0, 0, 8, 4, 11, 0, 0, 0, 0, 2, 1, 4, 0, 0, 0, 3, 0, 0.5, 0, 0, 0, 0], [0, 0, 0, 0.11783155798912048, 0, 0, 8, 13, 20, 0, 0, 0, 0, 11, 1, 5, 0, 0, 0, 12, 0, 0.5, 0, 0, 0, 0], [0, 0, 0, 0.027144625782966614, 0, 0, 8, 4, 11, 0, 0, 0, 0, 2, 1, 3, 0, 0, 0, 3, 0, 0.5, 0, 0, 0, 0], [0, 0, 0, 0.006792008876800537, 0, 0, 8, 3, 10, 0, 0, 0, 0, 1, 1, 7, 0, 0, 0, 2, 0, 0.5, 0, 0, 0, 0], [0, 0, 0, 0.09325698018074036, 0, 0, 8, 5, 12, 0, 0, 0, 0, 3, 1, 4, 0, 0, 0, 4, 0, 0.3333333333333333, 0, 0, 0, 0], [0, 0, 0, 0.006912603974342346, 0, 0, 8, 6, 13, 0, 0, 0, 0, 4, 1, 2, 0, 0, 0, 5, 0, 0.5, 0, 0, 0, 0], [0, 0, 0, 0.008623301982879639, 0, 0, 8, 4, 11, 0, 0, 0, 0, 2, 1, 5, 0, 0, 0, 3, 0, 0.5, 0, 0, 0, 0], [0, 0, 0, 0.013212859630584717, 0, 0, 8, 5, 12, 0, 0, 0, 0, 3, 1, 4, 0, 0, 0, 4, 0, 0.5, 0, 0, 0, 0], [0, 0, 0, 0.014740288257598877, 0, 0, 8, 4, 11, 0, 0, 0, 0, 2, 1, 4, 0, 0, 0, 3, 0, 0.5, 0, 0, 0, 0], [0, 0, 0, 0.05257725715637207, 0, 0, 8, 9, 16, 0, 0, 0, 0, 7, 1, 3, 0, 0, 0, 8, 0, 0.3333333333333333, 0, 0, 0, 0], [0, 0, 0, 0.018625408411026, 0, 0, 8, 3, 10, 0, 0, 0, 0, 1, 1, 3, 0, 0, 0, 2, 0, 0.5, 0, 0, 0, 0], [0, 0, 0, 0.018493980169296265, 0, 0, 8, 13, 20, 0, 0, 0, 0, 11, 1, 1, 0, 0, 0, 12, 0, 0.08, 0, 0, 0, 0], [0, 0, 0, 0.019983559846878052, 0, 0, 8, 4, 11, 0, 0, 0, 0, 2, 1, 4, 0, 0, 0, 3, 0, 0.5, 0, 0, 0, 0], [0, 0, 0, 0.04434919357299805, 0, 0, 8, 13, 20, 0, 0, 0, 0, 11, 1, 1, 0, 0, 0, 12, 0, 0.041666666666666664, 0, 0, 0, 0], [0, 0, 0, 0.0005976557731628418, 0, 0, 8, 13, 20, 0, 0, 0, 0, 11, 1, 6, 0, 0, 0, 12, 0, 0.5, 0, 0, 0, 0], [0, 0, 0, 0.0228615403175354, 0, 0, 8, 13, 20, 0, 0, 0, 0, 11, 1, 2, 0, 0, 0, 12, 0, 0.16666666666666666, 0, 0, 0, 0], [0, 0, 0, 0.08431312441825867, 0, 0, 8, 3, 10, 0, 0, 0, 0, 1, 1, 4, 0, 0, 0, 2, 0, 0.5, 0, 0, 0, 0], [0, 0, 0, 0.014450490474700928, 0, 0, 8, 6, 13, 0, 0, 0, 0, 4, 1, 5, 0, 0, 0, 5, 0, 0.5, 0, 0, 0, 0], [0, 0, 0, 0.1331363320350647, 0, 0, 8, 7, 14, 0, 0, 0, 0, 5, 1, 6, 0, 0, 0, 6, 0, 0.5, 0, 0, 0, 0], [0, 0, 0, 0.024344325065612793, 0, 0, 8, 7, 14, 0, 0, 0, 0, 5, 1, 4, 0, 0, 0, 6, 0, 0.5, 0, 0, 0, 0], [0, 0, 0, 0.021886706352233887, 0, 0, 8, 7, 14, 0, 0, 0, 0, 5, 1, 3, 0, 0, 0, 6, 0, 0.5, 0, 0, 0, 0], [0, 0, 0, 0.008364617824554443, 0, 0, 8, 13, 20, 0, 0, 0, 0, 11, 1, 1, 0, 0, 0, 12, 0, 0.027777777777777776, 0, 0, 0, 0], [0, 0, 0, 0.06794106960296631, 0, 0, 8, 7, 14, 0, 0, 0, 0, 5, 1, 5, 0, 0, 0, 6, 0, 0.5, 0, 0, 0, 0], [0, 0, 0, 0.032438844442367554, 0, 0, 8, 3, 10, 0, 0, 0, 0, 1, 1, 3, 0, 0, 0, 2, 0, 0.5, 0, 0, 0, 0], [0, 0, 0, 0.0010692179203033447, 0, 0, 8, 13, 20, 0, 0, 0, 0, 11, 1, 3, 0, 0, 0, 12, 0, 0.5, 0, 0, 0, 0], [0, 0, 0, 0.03604471683502197, 0, 0, 8, 4, 11, 0, 0, 0, 0, 2, 1, 4, 0, 0, 0, 3, 0, 0.5, 0, 0, 0, 0], [0, 0, 0, 0.02014341950416565, 0, 0, 8, 13, 20, 0, 0, 0, 0, 11, 1, 1, 0, 0, 0, 12, 0, 0.027777777777777776, 0, 0, 0, 0], [0, 0, 0, 0.0016495585441589355, 0, 0, 8, 13, 20, 0, 0, 0, 0, 11, 1, 4, 0, 0, 0, 12, 0, 0.5, 0, 0, 0, 0], [0, 0, 0, 0.03869423270225525, 0, 0, 8, 9, 16, 0, 0, 0, 0, 7, 1, 5, 0, 0, 0, 8, 0, 0.5, 0, 0, 0, 0], [0, 0, 0, 0.0019130110740661621, 0, 0, 8, 13, 20, 0, 0, 0, 0, 11, 1, 2, 0, 0, 0, 12, 0, 0.5, 0, 0, 0, 0], [0, 0, 0, 0.03487050533294678, 0, 0, 8, 3, 10, 0, 0, 0, 0, 1, 1, 4, 0, 0, 0, 2, 0, 0.5, 0, 0, 0, 0], [0, 0, 0, 0.060536742210388184, 0, 0, 8, 5, 12, 0, 0, 0, 0, 3, 1, 3, 0, 0, 0, 4, 0, 0.5, 0, 0, 0, 0], [0, 0, 0, 0.049189627170562744, 0, 0, 8, 13, 20, 0, 0, 0, 0, 11, 1, 1, 0, 0, 0, 12, 0, 0.25, 0, 0, 0, 0], [0, 0, 0, 0.12018558382987976, 0, 0, 8, 3, 10, 0, 0, 0, 0, 1, 1, 3, 0, 0, 0, 2, 0, 0.5, 0, 0, 0, 0], [0, 0, 0, 0.05416843295097351, 0, 0, 8, 13, 20, 0, 0, 0, 0, 11, 1, 2, 0, 0, 0, 12, 0, 0.5, 0, 0, 0, 0], [0, 0, 0, 0.010482251644134521, 0, 0, 8, 7, 14, 0, 0, 0, 0, 5, 1, 2, 0, 0, 0, 6, 0, 0.5, 0, 0, 0, 0], [0, 0, 0, 0.040089040994644165, 0, 0, 8, 4, 11, 0, 0, 0, 0, 2, 1, 4, 0, 0, 0, 3, 0, 0.5, 0, 0, 0, 0], [0, 0, 0, 0.006367295980453491, 0, 0, 8, 7, 14, 0, 0, 0, 0, 5, 1, 5, 0, 0, 0, 6, 0, 0.5, 0, 0, 0, 0], [0, 0, 0, 0.05182799696922302, 0, 0, 8, 13, 20, 0, 0, 0, 0, 11, 1, 2, 0, 0, 0, 12, 0, 0.5, 0, 0, 0, 0], [0, 0, 0, 0.0059442222118377686, 0, 0, 8, 13, 20, 0, 0, 0, 0, 11, 1, 4, 0, 0, 0, 12, 0, 0.5, 0, 0, 0, 0], [0, 0, 0, 0.030383378267288208, 0, 0, 8, 4, 11, 0, 0, 0, 0, 2, 1, 4, 0, 0, 0, 3, 0, 0.5, 0, 0, 0, 0], [0, 0, 0, 0.032492637634277344, 0, 0, 8, 13, 20, 0, 0, 0, 0, 11, 1, 2, 0, 0, 0, 12, 0, 0.16666666666666666, 0, 0, 0, 0], [0, 0, 0, 0.0188332200050354, 0, 0, 8, 11, 18, 0, 0, 0, 0, 9, 1, 6, 0, 0, 0, 10, 0, 0.5, 0, 0, 0, 0], [0, 0, 0, 0.06472659111022949, 0, 0, 8, 3, 10, 0, 0, 0, 0, 1, 1, 4, 0, 0, 0, 2, 0, 0.5, 0, 0, 0, 0], [0, 0, 0, 0.03683367371559143, 0, 0, 8, 13, 20, 0, 0, 0, 0, 11, 1, 1, 0, 0, 0, 12, 0, 0.2, 0, 0, 0, 0], [0, 0, 0, 0.05237141251564026, 0, 0, 8, 13, 20, 0, 0, 0, 0, 11, 1, 1, 0, 0, 0, 12, 0, 0.03125, 0, 0, 0, 0], [0, 0, 0, 0.004878878593444824, 0, 0, 8, 13, 20, 0, 0, 0, 0, 11, 1, 3, 0, 0, 0, 12, 0, 0.5, 0, 0, 0, 0], [1, 0, 0, 0.02947176992893219, 0, 0, 8, 3, 10, 1, 1, 0, 0, 1, 1, 4, 0, 0, 0, 2, 0, 0.5, 0, 0, 0, 0], [0, 0, 0, 0.005929619073867798, 0, 0, 8, 9, 16, 0, 0, 0, 0, 7, 1, 4, 0, 0, 0, 8, 0, 0.5, 0, 0, 0, 0], [0, 0, 0, 0.020773261785507202, 0, 0, 8, 7, 14, 0, 0, 0, 0, 5, 1, 5, 0, 0, 0, 6, 0, 0.5, 0, 0, 0, 0], [0, 0, 0, 0.1038999855518341, 0, 0, 8, 4, 11, 0, 0, 0, 0, 2, 1, 2, 0, 0, 0, 3, 0, 0.5, 0, 0, 0, 0], [0, 0, 0, 0.06763327121734619, 0, 0, 8, 4, 11, 0, 0, 0, 0, 2, 1, 5, 0, 0, 0, 3, 0, 0.5, 0, 0, 0, 0], [0, 0, 0, 0.1791985034942627, 0, 0, 8, 4, 11, 0, 0, 0, 0, 2, 1, 3, 0, 0, 0, 3, 0, 0.5, 0, 0, 0, 0], [0, 0, 0, 0.010527491569519043, 0, 0, 8, 6, 13, 0, 0, 0, 0, 4, 1, 3, 0, 0, 0, 5, 0, 0.5, 0, 0, 0, 0], [0, 0, 0, 0.09681552648544312, 0, 0, 8, 3, 10, 0, 0, 0, 0, 1, 1, 3, 0, 0, 0, 2, 0, 0.5, 0, 0, 0, 0], [0, 0, 0, 0.017757058143615723, 0, 0, 8, 13, 20, 0, 0, 0, 0, 11, 1, 1, 0, 0, 0, 12, 0, 0.05555555555555555, 0, 0, 0, 0], [0, 0, 0, 0.0011858344078063965, 0, 0, 8, 13, 20, 0, 0, 0, 0, 11, 1, 1, 0, 0, 0, 12, 0, 0.041666666666666664, 0, 0, 0, 0], [0, 0, 0, 0.008473128080368042, 0, 0, 8, 7, 14, 0, 0, 0, 0, 5, 1, 4, 0, 0, 0, 6, 0, 0.5, 0, 0, 0, 0], [0, 0, 0, 0.3286530673503876, 0, 0, 8, 3, 10, 0, 0, 0, 0, 1, 1, 4, 0, 0, 0, 2, 0, 0.5, 0, 0, 0, 0], [0, 0, 0, 0.012069493532180786, 0, 0, 8, 13, 20, 0, 0, 0, 0, 11, 1, 2, 0, 0, 0, 12, 0, 0.2, 0, 0, 0, 0], [0, 0, 0, 0.004013687372207642, 0, 0, 8, 13, 20, 0, 0, 0, 0, 11, 1, 2, 0, 0, 0, 12, 0, 0.16666666666666666, 0, 0, 0, 0], [0, 0, 0, 0.03039538860321045, 0, 0, 8, 7, 14, 0, 0, 0, 0, 5, 1, 5, 0, 0, 0, 6, 0, 0.5, 0, 0, 0, 0], [0, 0, 0, 0.010492771863937378, 0, 0, 8, 13, 20, 0, 0, 0, 0, 11, 1, 1, 0, 0, 0, 12, 0, 0.027777777777777776, 0, 0, 0, 0], [0, 0, 0, 0.3027634620666504, 0, 0, 8, 3, 10, 0, 0, 0, 0, 1, 1, 2, 0, 0, 0, 2, 0, 0.5, 0, 0, 0, 0], [0, 0, 0, 0.04910627007484436, 0, 0, 8, 3, 10, 0, 0, 0, 0, 1, 1, 4, 0, 0, 0, 2, 0, 0.5, 0, 0, 0, 0], [0, 0, 0, 0.13682222366333008, 0, 0, 8, 3, 10, 0, 0, 0, 0, 1, 1, 4, 0, 0, 0, 2, 0, 0.5, 0, 0, 0, 0], [0, 0, 0, 0.024361640214920044, 0, 0, 8, 13, 20, 0, 0, 0, 0, 11, 1, 4, 0, 0, 0, 12, 0, 0.5, 0, 0, 0, 0], [0, 0, 0, 0.006831824779510498, 0, 0, 8, 3, 10, 0, 0, 0, 0, 1, 1, 4, 0, 0, 0, 2, 0, 0.5, 0, 0, 0, 0], [0, 0, 0, 0.07037955522537231, 0, 0, 8, 13, 20, 0, 0, 0, 0, 11, 1, 2, 0, 0, 0, 12, 0, 0.5, 0, 0, 0, 0], [0, 0, 0, 0.017701774835586548, 0, 0, 8, 12, 19, 0, 0, 0, 0, 10, 1, 2, 0, 0, 0, 11, 0, 0.25, 0, 0, 0, 0], [0, 0, 0, 0.05950969457626343, 0, 0, 8, 13, 20, 0, 0, 0, 0, 11, 1, 2, 0, 0, 0, 12, 0, 0.5, 0, 0, 0, 0], [0, 0, 0, 0.003917425870895386, 0, 0, 8, 9, 16, 0, 0, 0, 0, 7, 1, 4, 0, 0, 0, 8, 0, 0.5, 0, 0, 0, 0], [0, 0, 0, 0.01089489459991455, 0, 0, 8, 3, 10, 0, 0, 0, 0, 1, 1, 4, 0, 0, 0, 2, 0, 0.5, 0, 0, 0, 0], [0, 0, 0, 0.06573337316513062, 0, 0, 8, 5, 12, 0, 0, 0, 0, 3, 1, 3, 0, 0, 0, 4, 0, 0.5, 0, 0, 0, 0], [0, 0, 0, 0.03220340609550476, 0, 0, 8, 13, 20, 0, 0, 0, 0, 11, 1, 1, 0, 0, 0, 12, 0, 0.5, 0, 0, 0, 0], [0, 0, 0, 0.01967906951904297, 0, 0, 8, 3, 10, 0, 0, 0, 0, 1, 1, 5, 0, 0, 0, 2, 0, 0.5, 0, 0, 0, 0], [0, 0, 0, 0.3140754699707031, 0, 0, 8, 3, 10, 0, 0, 0, 0, 1, 1, 2, 0, 0, 0, 2, 0, 0.5, 0, 0, 0, 0], [0, 0, 0, 0.002249002456665039, 0, 0, 8, 13, 20, 0, 0, 0, 0, 10, 2, 7, 0, 0, 0, 12, 0, 0.5, 0, 0, 0, 0], [0, 0, 0, 0.03857487440109253, 0, 0, 8, 13, 20, 0, 0, 0, 0, 11, 1, 1, 0, 0, 0, 12, 0, 0.25, 0, 0, 0, 0], [0, 0, 0, 0.030491292476654053, 0, 0, 8, 13, 20, 0, 0, 0, 0, 11, 1, 4, 0, 0, 0, 12, 0, 0.5, 0, 0, 0, 0], [0, 0, 0, 0.08222085237503052, 0, 0, 8, 4, 11, 0, 0, 0, 0, 2, 1, 5, 0, 0, 0, 3, 0, 0.5, 0, 0, 0, 0], [0, 0, 0, 0.11242979764938354, 0, 0, 8, 4, 11, 0, 0, 0, 0, 2, 1, 3, 0, 0, 0, 3, 0, 0.5, 0, 0, 0, 0], [0, 0, 0, 0.1482485830783844, 0, 0, 8, 5, 12, 0, 0, 0, 0, 3, 1, 3, 0, 0, 0, 4, 0, 0.5, 0, 0, 0, 0], [0, 0, 0, 0.0028603672981262207, 0, 0, 8, 4, 11, 0, 0, 0, 0, 2, 1, 5, 0, 0, 0, 3, 0, 0.5, 0, 0, 0, 0], [0, 0, 0, 0.005693912506103516, 0, 0, 8, 13, 20, 0, 0, 0, 0, 11, 1, 5, 0, 0, 0, 12, 0, 0.5, 0, 0, 0, 0], [0, 0, 0, 0.14274251461029053, 0, 0, 8, 3, 10, 0, 0, 0, 0, 1, 1, 3, 0, 0, 0, 2, 0, 0.5, 0, 0, 0, 0], [0, 0, 0, 0.03152042627334595, 0, 0, 8, 9, 16, 0, 0, 0, 0, 7, 1, 5, 0, 0, 0, 8, 0, 0.5, 0, 0, 0, 0], [0, 0, 0, 0.03970462083816528, 0, 0, 8, 13, 20, 0, 0, 0, 0, 11, 1, 1, 0, 0, 0, 12, 0, 0.030303030303030304, 0, 0, 0, 0], [0, 0, 0, 0.003420025110244751, 0, 0, 8, 7, 14, 0, 0, 0, 0, 5, 1, 4, 0, 0, 0, 6, 0, 0.5, 0, 0, 0, 0], [0, 0, 0, 0.01716482639312744, 0, 0, 8, 3, 10, 0, 0, 0, 0, 1, 1, 3, 0, 0, 0, 2, 0, 0.5, 0, 0, 0, 0], [1, 0, 0, 0.019820034503936768, 0, 0, 8, 13, 20, 1, 0, 1, 0, 11, 1, 5, 0, 0, 0, 12, 0, 0.5, 0, 0, 0, 0], [0, 0, 0, 0.0005378425121307373, 0, 0, 8, 9, 16, 0, 0, 0, 0, 7, 1, 4, 0, 0, 0, 8, 0, 0.5, 0, 0, 0, 0], [0, 0, 0, 0.04872983694076538, 0, 0, 8, 5, 12, 0, 0, 0, 0, 3, 1, 3, 0, 0, 0, 4, 0, 0.5, 0, 0, 0, 0], [0, 0, 0, 0.004615068435668945, 0, 0, 8, 5, 12, 0, 0, 0, 0, 3, 1, 3, 0, 0, 0, 4, 0, 0.5, 0, 0, 0, 0], [0, 0, 0, 0.02193281054496765, 0, 0, 8, 7, 14, 0, 0, 0, 0, 5, 1, 6, 0, 0, 0, 6, 0, 0.5, 0, 0, 0, 0], [0, 0, 0, 0.05523413419723511, 0, 0, 8, 13, 20, 0, 0, 0, 0, 11, 1, 1, 0, 0, 0, 12, 0, 0.041666666666666664, 0, 0, 0, 0], [0, 0, 0, 0.00353047251701355, 0, 0, 8, 13, 20, 0, 0, 0, 0, 11, 1, 1, 0, 0, 0, 12, 0, 0.5, 0, 0, 0, 0], [0, 0, 0, 0.02855619788169861, 0, 0, 8, 11, 18, 0, 0, 0, 0, 9, 1, 5, 0, 0, 0, 10, 0, 0.5, 0, 0, 0, 0], [0, 0, 0, 0.033923178911209106, 0, 0, 8, 4, 11, 0, 0, 0, 0, 2, 1, 2, 0, 0, 0, 3, 0, 0.5, 0, 0, 0, 0], [0, 0, 0, 0.02280658483505249, 0, 0, 8, 5, 12, 0, 0, 0, 0, 3, 1, 5, 0, 0, 0, 4, 0, 0.5, 0, 0, 0, 0], [0, 0, 0, 0.0586700439453125, 0, 0, 8, 3, 10, 0, 0, 0, 0, 1, 1, 3, 0, 0, 0, 2, 0, 0.3333333333333333, 0, 0, 0, 0], [0, 0, 0, 0.04215368628501892, 0, 0, 8, 13, 20, 0, 0, 0, 0, 11, 1, 4, 0, 0, 0, 12, 0, 0.5, 0, 0, 0, 0], [0, 0, 0, 0.12226122617721558, 0, 0, 8, 3, 10, 0, 0, 0, 0, 1, 1, 3, 0, 0, 0, 2, 0, 0.5, 0, 0, 0, 0], [0, 0, 0, 0.023761063814163208, 0, 0, 8, 13, 20, 0, 0, 0, 0, 11, 1, 1, 0, 0, 0, 12, 0, 0.041666666666666664, 0, 0, 0, 0], [0, 0, 0, 0.004949092864990234, 0, 0, 8, 4, 11, 0, 0, 0, 0, 2, 1, 4, 0, 0, 0, 3, 0, 0.5, 0, 0, 0, 0], [0, 0, 0, 0.19178953766822815, 0, 0, 8, 3, 10, 0, 0, 0, 0, 1, 1, 3, 0, 0, 0, 2, 0, 0.3333333333333333, 0, 0, 0, 0], [0, 0, 0, 0.06892868876457214, 0, 0, 8, 4, 11, 0, 0, 0, 0, 2, 1, 4, 0, 0, 0, 3, 0, 0.5, 0, 0, 0, 0], [0, 0, 0, 0.00018310546875, 0, 0, 8, 3, 10, 0, 0, 0, 0, 1, 1, 7, 0, 0, 0, 2, 0, 0.5, 0, 0, 0, 0], [0, 0, 0, 0.02757418155670166, 0, 0, 8, 13, 20, 0, 0, 0, 0, 11, 1, 1, 0, 0, 0, 12, 0, 0.05555555555555555, 0, 0, 0, 0], [0, 0, 0, 0.03612709045410156, 0, 0, 8, 3, 10, 0, 0, 0, 0, 1, 1, 4, 0, 0, 0, 2, 0, 0.5, 0, 0, 0, 0], [0, 0, 0, 0.008545607328414917, 0, 0, 8, 13, 20, 0, 0, 0, 0, 11, 1, 3, 0, 0, 0, 12, 0, 0.5, 0, 0, 0, 0], [0, 0, 0, 0.045323967933654785, 0, 0, 8, 3, 10, 0, 0, 0, 0, 1, 1, 3, 0, 0, 0, 2, 0, 0.5, 0, 0, 0, 0], [0, 0, 0, 0.12874531745910645, 0, 0, 8, 3, 10, 0, 1, 0, 0, 1, 1, 4, 0, 0, 0, 2, 0, 0.5, 0, 0, 0, 0], [0, 0, 0, 0.04982203245162964, 0, 0, 8, 10, 17, 0, 0, 0, 0, 8, 1, 5, 0, 0, 0, 9, 0, 0.5, 0, 0, 0, 0], [0, 0, 0, 0.013715431094169617, 0, 0, 8, 8, 15, 0, 0, 0, 0, 6, 1, 4, 0, 0, 0, 7, 0, 0.5, 0, 0, 0, 0], [0, 0, 0, 0.056797564029693604, 0, 0, 8, 3, 10, 0, 0, 0, 0, 1, 1, 3, 0, 0, 0, 2, 0, 0.5, 0, 0, 0, 0], [0, 0, 0, 0.04851922392845154, 0, 0, 8, 3, 10, 0, 0, 0, 0, 1, 1, 4, 0, 0, 0, 2, 0, 0.5, 0, 0, 0, 0], [0, 0, 0, 0.029178917407989502, 0, 0, 8, 13, 20, 0, 0, 0, 0, 11, 1, 3, 0, 0, 0, 12, 0, 0.5, 0, 0, 0, 0], [0, 0, 0, 0.030162155628204346, 0, 0, 8, 3, 10, 0, 0, 0, 0, 1, 1, 4, 0, 0, 0, 2, 0, 0.5, 0, 0, 0, 0], [0, 0, 0, 0.0013484358787536621, 0, 0, 8, 10, 17, 0, 0, 0, 0, 8, 1, 5, 0, 0, 0, 9, 0, 0.5, 0, 0, 0, 0], [0, 0, 0, 0.043429017066955566, 0, 0, 8, 13, 20, 0, 0, 0, 0, 11, 1, 3, 0, 0, 0, 12, 0, 0.5, 0, 0, 0, 0], [0, 0, 0, 0.02030402421951294, 0, 0, 8, 8, 15, 0, 0, 0, 0, 6, 1, 3, 0, 0, 0, 7, 0, 0.5, 0, 0, 0, 0], [0, 0, 0, 0.03180474042892456, 0, 0, 8, 13, 20, 0, 0, 0, 0, 10, 2, 6, 0, 0, 0, 12, 0, 0.5, 0, 0, 0, 0], [0, 0, 0, 0.05006405711174011, 0, 0, 8, 6, 13, 0, 0, 0, 0, 4, 1, 4, 0, 0, 0, 5, 0, 0.5, 0, 0, 0, 0], [0, 0, 0, 0.036214590072631836, 0, 0, 8, 3, 10, 0, 0, 0, 0, 1, 1, 5, 0, 0, 0, 2, 0, 0.5, 0, 0, 0, 0], [0, 0, 0, 0.03594204783439636, 0, 0, 8, 13, 20, 0, 0, 0, 0, 11, 1, 6, 0, 0, 0, 12, 0, 0.5, 0, 0, 0, 0], [0, 0, 0, 0.20281115174293518, 0, 0, 8, 4, 11, 0, 0, 0, 0, 2, 1, 4, 0, 0, 0, 3, 0, 0.5, 0, 0, 0, 0], [0, 0, 0, 0.013358920812606812, 0, 0, 8, 13, 20, 0, 0, 0, 0, 11, 1, 1, 0, 0, 0, 12, 0, 0.041666666666666664, 0, 0, 0, 0], [0, 0, 0, 0.12045437097549438, 0, 0, 8, 13, 20, 0, 0, 0, 0, 11, 1, 4, 0, 0, 0, 12, 0, 0.5, 0, 0, 0, 0], [0, 0, 0, 0.030972063541412354, 0, 0, 8, 4, 11, 0, 0, 0, 0, 2, 1, 1, 0, 0, 0, 3, 0, 0.1111111111111111, 0, 0, 0, 0], [0, 0, 0, 0.003982231020927429, 0, 0, 8, 3, 10, 0, 0, 0, 0, 1, 1, 1, 0, 0, 0, 2, 0, 0.08333333333333333, 0, 0, 0, 0], [0, 0, 0, 0.006717085838317871, 0, 0, 8, 4, 11, 0, 0, 0, 0, 2, 1, 6, 0, 0, 0, 3, 0, 0.5, 0, 0, 0, 0], [0, 0, 0, 0.027704358100891113, 0, 0, 8, 3, 10, 0, 0, 0, 0, 1, 1, 4, 0, 0, 0, 2, 0, 0.3333333333333333, 0, 0, 0, 0], [0, 0, 0, 0.033054739236831665, 0, 0, 8, 3, 10, 0, 0, 0, 0, 1, 1, 3, 0, 0, 0, 2, 0, 0.5, 0, 0, 0, 0], [1, 0, 0, 0.014296174049377441, 0, 0, 8, 13, 20, 1, 0, 0, 0, 11, 1, 1, 0, 0, 0, 12, 0, 0.041666666666666664, 0, 0, 0, 0], [0, 0, 0, 0.04257857799530029, 0, 0, 8, 13, 20, 0, 0, 0, 0, 11, 1, 1, 0, 0, 0, 12, 0, 0.5, 0, 0, 0, 0], [0, 0, 0, 0.0001308917999267578, 0, 0, 8, 4, 11, 0, 0, 0, 0, 2, 1, 6, 0, 0, 0, 3, 0, 0.5, 0, 0, 0, 0], [0, 0, 0, 0.0034600794315338135, 0, 0, 8, 8, 15, 0, 0, 0, 0, 6, 1, 6, 0, 0, 0, 7, 0, 0.5, 0, 0, 0, 0], [0, 0, 0, 0.0011957287788391113, 0, 0, 8, 3, 10, 0, 0, 0, 0, 1, 1, 4, 0, 0, 0, 2, 0, 0.5, 0, 0, 0, 0], [0, 0, 0, 0.0030715465545654297, 0, 0, 8, 4, 11, 0, 0, 0, 0, 2, 1, 3, 0, 0, 0, 3, 0, 0.5, 0, 0, 0, 0], [0, 0, 0, 0.011846482753753662, 0, 0, 8, 13, 20, 0, 0, 0, 0, 10, 2, 1, 0, 0, 0, 12, 0, 0.027777777777777776, 0, 0, 0, 0], [0, 0, 0, 0.06225821375846863, 0, 0, 8, 13, 20, 0, 0, 0, 0, 11, 1, 3, 0, 0, 0, 12, 0, 0.5, 0, 0, 0, 0], [0, 0, 0, 0.18585079908370972, 0, 0, 8, 13, 20, 0, 0, 0, 0, 11, 1, 4, 0, 0, 0, 12, 0, 0.5, 0, 0, 0, 0], [0, 0, 0, 0.07327306270599365, 0, 0, 8, 5, 12, 0, 0, 0, 0, 3, 1, 5, 0, 0, 0, 4, 0, 0.5, 0, 0, 0, 0], [0, 0, 0, 0.043787360191345215, 0, 0, 8, 3, 10, 0, 0, 0, 0, 1, 1, 4, 0, 0, 0, 2, 0, 0.5, 0, 0, 0, 0], [0, 0, 0, 0.035440266132354736, 0, 0, 8, 13, 20, 0, 0, 0, 0, 11, 1, 2, 0, 0, 0, 12, 0, 0.5, 0, 0, 0, 0], [0, 0, 0, 0.0019336938858032227, 0, 0, 8, 3, 10, 0, 0, 0, 0, 1, 1, 7, 0, 0, 0, 2, 0, 0.5, 0, 0, 0, 0], [0, 0, 0, 0.01928025484085083, 0, 0, 8, 3, 10, 0, 0, 0, 0, 1, 1, 2, 0, 0, 0, 2, 0, 0.3333333333333333, 0, 0, 0, 0], [0, 0, 0, 0.015093684196472168, 0, 0, 8, 3, 10, 0, 0, 0, 0, 1, 1, 7, 0, 0, 0, 2, 0, 0.5, 0, 0, 0, 0], [0, 0, 0, 0.017045676708221436, 0, 0, 8, 13, 20, 0, 0, 0, 0, 11, 1, 4, 0, 0, 0, 12, 0, 0.5, 0, 0, 0, 0], [0, 0, 0, 0.04461154341697693, 0, 0, 8, 13, 20, 0, 0, 0, 0, 10, 2, 1, 0, 0, 0, 12, 0, 0.03125, 0, 0, 0, 0], [0, 0, 0, 0.028788089752197266, 0, 0, 8, 7, 14, 0, 0, 0, 0, 5, 1, 3, 0, 0, 0, 6, 0, 0.5, 0, 0, 0, 0], [0, 0, 0, 0.08209913969039917, 0, 0, 8, 4, 11, 0, 0, 0, 0, 2, 1, 6, 0, 0, 0, 3, 0, 0.5, 0, 0, 0, 0], [0, 0, 0, 0.005127936601638794, 0, 0, 8, 13, 20, 0, 0, 0, 0, 11, 1, 6, 0, 0, 0, 12, 0, 0.5, 0, 0, 0, 0], [0, 0, 0, 0.02861809730529785, 0, 0, 8, 10, 17, 0, 0, 0, 0, 8, 1, 6, 0, 0, 0, 9, 0, 0.5, 0, 0, 0, 0], [0, 0, 0, 0.09070974588394165, 0, 0, 8, 5, 12, 0, 0, 0, 0, 3, 1, 5, 0, 0, 0, 4, 0, 0.5, 0, 0, 0, 0], [0, 0, 0, 0.08163183927536011, 0, 0, 8, 4, 11, 0, 0, 0, 0, 2, 1, 3, 0, 0, 0, 3, 0, 0.5, 0, 0, 0, 0], [0, 0, 0, 0.0556471049785614, 0, 0, 8, 7, 14, 0, 0, 0, 0, 5, 1, 3, 0, 0, 0, 6, 0, 0.5, 0, 0, 0, 0], [0, 0, 0, 0.026625335216522217, 0, 0, 8, 9, 16, 0, 0, 0, 0, 7, 1, 4, 0, 0, 0, 8, 0, 0.5, 0, 0, 0, 0], [0, 0, 0, 0.021170735359191895, 0, 0, 8, 13, 20, 0, 0, 0, 0, 11, 1, 4, 0, 0, 0, 12, 0, 0.5, 0, 0, 0, 0], [0, 0, 0, 0.002736806869506836, 0, 0, 8, 13, 20, 0, 0, 0, 0, 11, 1, 1, 0, 0, 0, 12, 0, 0.041666666666666664, 0, 0, 0, 0], [0, 0, 0, 0.042214542627334595, 0, 0, 8, 13, 20, 0, 0, 0, 0, 11, 1, 1, 0, 0, 0, 12, 0, 0.01282051282051282, 0, 0, 0, 0], [0, 0, 0, 0.06959202885627747, 0, 0, 8, 13, 20, 0, 0, 0, 0, 11, 1, 1, 0, 0, 0, 12, 0, 0.5, 0, 0, 0, 0], [0, 0, 0, 0.04271984100341797, 0, 0, 8, 9, 16, 0, 1, 0, 0, 7, 1, 2, 0, 0, 0, 8, 0, 0.5, 0, 0, 0, 0], [0, 0, 0, 0.015919506549835205, 0, 0, 8, 3, 10, 0, 0, 0, 0, 1, 1, 3, 0, 0, 0, 2, 0, 0.5, 0, 0, 0, 0], [0, 0, 0, 0.024365097284317017, 0, 0, 8, 8, 15, 0, 0, 0, 0, 6, 1, 2, 0, 0, 0, 7, 0, 0.5, 0, 0, 0, 0], [0, 0, 0, 0.010806232690811157, 0, 0, 8, 13, 20, 0, 0, 0, 0, 11, 1, 5, 0, 0, 0, 12, 0, 0.5, 0, 0, 0, 0], [0, 0, 0, 0.00498160719871521, 0, 0, 8, 13, 20, 0, 0, 0, 0, 11, 1, 7, 0, 0, 0, 12, 0, 0.5, 0, 0, 0, 0], [0, 0, 0, 0.0006402730941772461, 0, 0, 8, 3, 10, 0, 0, 0, 0, 1, 1, 7, 0, 0, 0, 2, 0, 0.5, 0, 0, 0, 0], [0, 0, 0, 0.0039021968841552734, 0, 0, 8, 5, 12, 0, 0, 0, 0, 3, 1, 6, 0, 0, 0, 4, 0, 0.5, 0, 0, 0, 0], [0, 0, 0, 0.00018787384033203125, 0, 0, 8, 13, 20, 0, 0, 0, 0, 11, 1, 3, 0, 0, 0, 12, 0, 0.5, 0, 0, 0, 0], [0, 0, 0, 0.01356208324432373, 0, 0, 8, 3, 10, 0, 0, 0, 0, 1, 1, 7, 0, 0, 0, 2, 0, 0.5, 0, 0, 0, 0], [0, 0, 0, 0.016740798950195312, 0, 0, 8, 13, 20, 0, 0, 0, 0, 11, 1, 1, 0, 0, 0, 12, 0, 0.027777777777777776, 0, 0, 0, 0], [0, 0, 0, 0.003789573907852173, 0, 0, 8, 4, 11, 0, 0, 0, 0, 2, 1, 2, 0, 0, 0, 3, 0, 0.5, 0, 0, 0, 0], [0, 0, 0, 0.011297851800918579, 0, 0, 8, 13, 20, 0, 0, 0, 0, 11, 1, 1, 0, 0, 0, 12, 0, 0.027777777777777776, 0, 0, 0, 0], [0, 0, 0, 0.001286923885345459, 0, 0, 8, 13, 20, 0, 0, 0, 0, 11, 1, 6, 0, 0, 0, 12, 0, 0.5, 0, 0, 0, 0], [0, 0, 0, 0.08655355870723724, 0, 0, 8, 3, 10, 0, 0, 0, 0, 1, 1, 4, 0, 0, 0, 2, 0, 0.5, 0, 0, 0, 0], [0, 0, 0, 0.020291775465011597, 0, 0, 8, 13, 20, 0, 0, 0, 0, 11, 1, 1, 0, 0, 0, 12, 0, 0.027777777777777776, 0, 0, 0, 0], [0, 0, 0, 0.01202404499053955, 0, 0, 8, 3, 10, 0, 0, 0, 0, 1, 1, 7, 0, 0, 0, 2, 0, 0.5, 0, 0, 0, 0], [0, 0, 0, 0.002720057964324951, 0, 0, 8, 11, 18, 0, 0, 0, 0, 9, 1, 5, 0, 0, 0, 10, 0, 0.5, 0, 0, 0, 0], [0, 0, 0, 0.03552412986755371, 0, 0, 8, 4, 11, 0, 0, 0, 0, 2, 1, 5, 0, 0, 0, 3, 0, 0.5, 0, 0, 0, 0], [0, 0, 0, 0.032252490520477295, 0, 0, 8, 5, 12, 0, 0, 0, 0, 3, 1, 4, 0, 0, 0, 4, 0, 0.5, 0, 0, 0, 0], [0, 0, 0, 0.03314751386642456, 0, 0, 8, 13, 20, 0, 0, 0, 0, 11, 1, 4, 0, 0, 0, 12, 0, 0.5, 0, 0, 0, 0], [0, 0, 0, 0.0019384324550628662, 0, 0, 8, 13, 20, 0, 0, 0, 0, 11, 1, 1, 0, 0, 0, 12, 0, 0.08, 0, 0, 0, 0], [0, 0, 0, 0.0594199001789093, 0, 0, 8, 13, 20, 0, 0, 0, 0, 11, 1, 3, 0, 0, 0, 12, 0, 0.5, 0, 0, 0, 0], [0, 0, 0, 0.018795669078826904, 0, 0, 8, 4, 11, 0, 0, 0, 0, 2, 1, 3, 0, 0, 0, 3, 0, 0.3333333333333333, 0, 0, 0, 0], [0, 0, 0, 0.006827056407928467, 0, 0, 8, 13, 20, 0, 0, 0, 0, 11, 1, 4, 0, 0, 0, 12, 0, 0.5, 0, 0, 0, 0], [0, 0, 0, 0.02328026294708252, 0, 0, 8, 13, 20, 0, 0, 0, 0, 11, 1, 3, 0, 0, 0, 12, 0, 0.5, 0, 0, 0, 0], [0, 0, 0, 0.011011719703674316, 0, 0, 8, 13, 20, 0, 0, 0, 0, 11, 1, 1, 0, 0, 0, 12, 0, 0.027777777777777776, 0, 0, 0, 0], [0, 0, 0, 0.014492511749267578, 0, 0, 8, 3, 10, 0, 0, 0, 0, 1, 1, 3, 0, 0, 0, 2, 0, 0.5, 0, 0, 0, 0], [0, 0, 0, 0.4001811742782593, 0, 0, 8, 3, 10, 0, 0, 0, 0, 1, 1, 4, 0, 0, 0, 2, 0, 0.5, 0, 0, 0, 0], [0, 0, 0, 0.19109433889389038, 0, 0, 8, 3, 10, 0, 0, 0, 0, 1, 1, 3, 0, 0, 0, 2, 0, 0.5, 0, 0, 0, 0], [0, 0, 0, 0.06862324476242065, 0, 0, 8, 4, 11, 0, 0, 0, 0, 2, 1, 4, 0, 0, 0, 3, 0, 0.5, 0, 0, 0, 0], [0, 0, 0, 0.03565281629562378, 0, 0, 8, 6, 13, 0, 0, 0, 0, 4, 1, 3, 0, 0, 0, 5, 0, 0.3333333333333333, 0, 0, 0, 0], [0, 0, 0, 0.014849424362182617, 0, 0, 8, 12, 19, 0, 0, 0, 0, 10, 1, 5, 0, 0, 0, 11, 0, 0.5, 0, 0, 0, 0], [0, 0, 0, 0.022648870944976807, 0, 0, 8, 9, 16, 0, 0, 0, 0, 7, 1, 4, 0, 0, 0, 8, 0, 0.5, 0, 0, 0, 0], [0, 0, 0, 0.00033739209175109863, 0, 0, 8, 13, 20, 0, 0, 0, 0, 11, 1, 3, 0, 0, 0, 12, 0, 0.5, 0, 0, 0, 0], [0, 0, 0, 0.006469130516052246, 0, 0, 8, 13, 20, 0, 0, 0, 0, 11, 1, 1, 0, 0, 0, 12, 0, 0.041666666666666664, 0, 0, 0, 0], [0, 0, 0, 0.011426523327827454, 0, 0, 8, 3, 10, 0, 0, 0, 0, 1, 1, 3, 0, 0, 0, 2, 0, 0.5, 0, 0, 0, 0], [0, 0, 0, 0.04289466142654419, 0, 0, 8, 6, 13, 0, 0, 0, 0, 4, 1, 7, 0, 0, 0, 5, 0, 0.5, 0, 0, 0, 0], [0, 0, 0, 0.011873036623001099, 0, 0, 8, 12, 19, 0, 0, 0, 0, 10, 1, 3, 0, 0, 0, 11, 0, 0.5, 0, 0, 0, 0], [0, 0, 0, 0.07021486759185791, 0, 0, 8, 4, 11, 0, 1, 0, 0, 2, 1, 3, 0, 0, 0, 3, 0, 0.3333333333333333, 0, 0, 0, 0], [0, 0, 0, 0.000981837511062622, 0, 0, 8, 4, 11, 0, 1, 0, 0, 2, 1, 1, 0, 0, 0, 3, 0, 0.08333333333333333, 0, 0, 0, 0], [0, 0, 0, 0.1745455265045166, 0, 0, 8, 4, 11, 0, 0, 0, 0, 2, 1, 5, 0, 0, 0, 3, 0, 0.5, 0, 0, 0, 0], [0, 0, 0, 0.0059989988803863525, 0, 0, 8, 6, 13, 0, 0, 0, 0, 4, 1, 6, 0, 0, 0, 5, 0, 0.5, 0, 0, 0, 0], [0, 0, 0, 0.0007580816745758057, 0, 0, 8, 13, 20, 0, 0, 0, 0, 11, 1, 2, 0, 0, 0, 12, 0, 0.5, 0, 0, 0, 0], [0, 0, 0, 0.11537456512451172, 0, 0, 8, 13, 20, 0, 0, 0, 0, 11, 1, 3, 0, 0, 0, 12, 0, 0.5, 0, 0, 0, 0], [0, 0, 0, 0.09978166222572327, 0, 0, 8, 5, 12, 0, 0, 0, 0, 3, 1, 5, 0, 0, 0, 4, 0, 0.5, 0, 0, 0, 0], [0, 0, 0, 0.050150126218795776, 0, 0, 8, 3, 10, 0, 0, 0, 0, 1, 1, 1, 0, 0, 0, 2, 0, 0.05555555555555555, 0, 0, 0, 0], [0, 0, 0, 0.015059113502502441, 0, 0, 8, 4, 11, 0, 0, 0, 0, 2, 1, 5, 0, 0, 0, 3, 0, 0.5, 0, 0, 0, 0], [0, 0, 0, 0.018394410610198975, 0, 0, 8, 13, 20, 0, 1, 0, 0, 11, 1, 1, 0, 0, 0, 12, 0, 0.025, 0, 0, 0, 0], [0, 0, 0, 0.011966526508331299, 0, 0, 8, 13, 20, 0, 0, 0, 0, 11, 1, 2, 0, 0, 0, 12, 0, 0.5, 0, 0, 0, 0], [0, 0, 0, 0.00413784384727478, 0, 0, 8, 13, 20, 0, 0, 0, 0, 11, 1, 1, 0, 0, 0, 12, 0, 0.02631578947368421, 0, 0, 0, 0], [0, 0, 0, 0.03325468301773071, 0, 0, 8, 5, 12, 0, 0, 0, 0, 3, 1, 5, 0, 0, 0, 4, 0, 0.5, 0, 0, 0, 0], [0, 0, 0, 0.009340882301330566, 0, 0, 8, 13, 20, 0, 0, 0, 0, 11, 1, 4, 0, 0, 0, 12, 0, 0.5, 0, 0, 0, 0], [0, 0, 0, 0.01361703872680664, 0, 0, 8, 13, 20, 0, 0, 0, 0, 11, 1, 1, 0, 0, 0, 12, 0, 0.027777777777777776, 0, 0, 0, 0], [0, 0, 0, 0.004539862275123596, 0, 0, 8, 3, 10, 0, 0, 0, 0, 1, 1, 2, 0, 0, 0, 2, 0, 0.25, 0, 0, 0, 0], [0, 0, 0, 0.0062444210052490234, 0, 0, 8, 13, 20, 0, 0, 0, 0, 10, 2, 4, 0, 0, 0, 12, 0, 0.5, 0, 0, 0, 0], [0, 0, 0, 0.3598925471305847, 0, 0, 8, 3, 10, 0, 0, 0, 0, 1, 1, 3, 0, 0, 0, 2, 0, 0.5, 0, 0, 0, 0], [0, 0, 0, 0.059381306171417236, 0, 0, 8, 13, 20, 0, 0, 0, 0, 10, 2, 1, 0, 0, 0, 12, 0, 0.03125, 0, 0, 0, 0], [0, 0, 0, 0.04369443655014038, 0, 0, 8, 13, 20, 0, 0, 0, 0, 11, 1, 1, 0, 0, 0, 12, 0, 0.05555555555555555, 0, 0, 0, 0], [0, 0, 0, 0.18016237020492554, 0, 0, 8, 5, 12, 0, 0, 0, 0, 3, 1, 3, 0, 0, 0, 4, 0, 0.5, 0, 0, 0, 0], [0, 0, 0, 0.027119576930999756, 0, 0, 8, 13, 20, 0, 0, 0, 0, 10, 2, 1, 0, 0, 0, 12, 0, 0.041666666666666664, 0, 0, 0, 0], [0, 0, 0, 0.16114073991775513, 0, 0, 8, 3, 10, 0, 0, 0, 0, 1, 1, 3, 0, 0, 0, 2, 0, 0.5, 0, 0, 0, 0], [0, 0, 0, 0.022345781326293945, 0, 0, 8, 3, 10, 0, 0, 0, 0, 1, 1, 4, 0, 0, 0, 2, 0, 0.5, 0, 0, 0, 0], [0, 0, 0, 0.0029672980308532715, 0, 0, 8, 13, 20, 0, 0, 0, 0, 10, 2, 5, 0, 0, 0, 12, 0, 0.5, 0, 0, 0, 0], [0, 0, 0, 0.021088063716888428, 0, 0, 8, 13, 20, 0, 0, 0, 0, 11, 1, 4, 0, 0, 0, 12, 0, 0.5, 0, 0, 0, 0], [0, 0, 0, 0.024903565645217896, 0, 0, 8, 3, 10, 0, 0, 0, 0, 1, 1, 5, 0, 0, 0, 2, 0, 0.5, 0, 0, 0, 0], [0, 0, 0, 0.02123081684112549, 0, 0, 8, 8, 15, 0, 0, 0, 0, 6, 1, 4, 0, 0, 0, 7, 0, 0.5, 0, 0, 0, 0], [0, 0, 0, 0.011238396167755127, 0, 0, 8, 13, 20, 0, 0, 0, 0, 10, 2, 7, 0, 0, 0, 12, 0, 0.5, 0, 0, 0, 0], [0, 0, 0, 0.0028299689292907715, 0, 0, 8, 3, 10, 0, 0, 0, 0, 1, 1, 5, 0, 0, 0, 2, 0, 0.5, 0, 0, 0, 0], [0, 0, 0, 0.042748138308525085, 0, 0, 8, 5, 12, 0, 0, 0, 0, 3, 1, 3, 0, 0, 0, 4, 0, 0.5, 0, 0, 0, 0], [0, 0, 0, 0.013154804706573486, 0, 0, 8, 4, 11, 0, 0, 0, 0, 2, 1, 7, 0, 0, 0, 3, 0, 0.5, 0, 0, 0, 0], [0, 0, 0, 0.06452584266662598, 0, 0, 8, 4, 11, 0, 0, 0, 0, 2, 1, 3, 0, 0, 0, 3, 0, 0.5, 0, 0, 0, 0], [0, 0, 0, 0.0049405694007873535, 0, 0, 8, 13, 20, 0, 0, 0, 0, 11, 1, 7, 0, 0, 0, 12, 0, 0.5, 0, 0, 0, 0], [0, 0, 0, 0.0031773746013641357, 0, 0, 8, 13, 20, 0, 0, 0, 0, 11, 1, 2, 0, 0, 0, 12, 0, 0.5, 0, 0, 0, 0], [0, 0, 0, 0.22111861407756805, 0, 0, 8, 3, 10, 0, 0, 0, 0, 1, 1, 2, 0, 0, 0, 2, 0, 0.5, 0, 0, 0, 0], [0, 0, 0, 0.08451157808303833, 0, 0, 8, 3, 10, 0, 0, 0, 0, 1, 1, 5, 0, 0, 0, 2, 0, 0.5, 0, 0, 0, 0], [0, 0, 0, 0.0033489465713500977, 0, 0, 8, 7, 14, 0, 0, 0, 0, 5, 1, 5, 0, 0, 0, 6, 0, 0.5, 0, 0, 0, 0], [0, 0, 0, 0.026899993419647217, 0, 0, 8, 5, 12, 0, 0, 0, 0, 3, 1, 4, 0, 0, 0, 4, 0, 0.5, 0, 0, 0, 0], [0, 0, 0, 0.020221322774887085, 0, 0, 8, 9, 16, 0, 0, 0, 0, 7, 1, 6, 0, 0, 0, 8, 0, 0.5, 0, 0, 0, 0], [0, 0, 0, 0.04781576991081238, 0, 0, 8, 4, 11, 0, 0, 0, 0, 2, 1, 4, 0, 0, 0, 3, 0, 0.5, 0, 0, 0, 0], [0, 0, 0, 0.022561103105545044, 0, 0, 8, 3, 10, 0, 0, 0, 0, 1, 1, 3, 0, 0, 0, 2, 0, 0.5, 0, 0, 0, 0], [0, 0, 0, 0.04698151350021362, 0, 0, 8, 13, 20, 0, 0, 0, 0, 11, 1, 4, 0, 0, 0, 12, 0, 0.5, 0, 0, 0, 0], [0, 0, 0, 0.01896306872367859, 0, 0, 8, 13, 20, 0, 0, 0, 0, 11, 1, 1, 0, 0, 0, 12, 0, 0.027777777777777776, 0, 0, 0, 0], [0, 0, 0, 0.025930017232894897, 0, 0, 8, 13, 20, 0, 0, 0, 0, 11, 1, 1, 0, 0, 0, 12, 0, 0.041666666666666664, 0, 0, 0, 0], [0, 0, 0, 0.008026570081710815, 0, 0, 8, 6, 13, 0, 0, 0, 0, 4, 1, 3, 0, 0, 0, 5, 0, 0.5, 0, 0, 0, 0], [0, 0, 0, 0.009428858757019043, 0, 0, 8, 3, 10, 0, 0, 0, 0, 1, 1, 5, 0, 0, 0, 2, 0, 0.5, 0, 0, 0, 0], [0, 0, 0, 0.012657850980758667, 0, 0, 8, 13, 20, 0, 0, 0, 0, 11, 1, 2, 0, 0, 0, 12, 0, 0.16666666666666666, 0, 0, 0, 0], [0, 0, 0, 0.0012387335300445557, 0, 0, 8, 13, 20, 0, 0, 0, 0, 11, 1, 5, 0, 0, 0, 12, 0, 0.5, 0, 0, 0, 0], [0, 0, 0, 0.00013452768325805664, 0, 0, 8, 7, 14, 0, 0, 0, 0, 5, 1, 4, 0, 0, 0, 6, 0, 0.5, 0, 0, 0, 0], [0, 0, 0, 0.008257359266281128, 0, 0, 8, 13, 20, 0, 0, 0, 0, 11, 1, 1, 0, 0, 0, 12, 0, 0.030303030303030304, 0, 0, 0, 0], [0, 0, 0, 0.022708594799041748, 0, 0, 8, 13, 20, 0, 0, 0, 0, 11, 1, 4, 0, 0, 0, 12, 0, 0.5, 0, 0, 0, 0], [0, 0, 0, 0.37755459547042847, 0, 0, 8, 3, 10, 0, 0, 0, 0, 1, 1, 2, 0, 0, 0, 2, 0, 0.5, 0, 0, 0, 0], [0, 0, 0, 0.06318771839141846, 0, 0, 8, 3, 10, 0, 0, 0, 0, 1, 1, 3, 0, 0, 0, 2, 0, 0.5, 0, 0, 0, 0], [0, 0, 0, 0.0020183920860290527, 0, 0, 8, 3, 10, 0, 0, 0, 0, 1, 1, 6, 0, 0, 0, 2, 0, 0.5, 0, 0, 0, 0], [0, 0, 0, 0.00459858775138855, 0, 0, 8, 13, 20, 0, 0, 0, 0, 11, 1, 2, 0, 0, 0, 12, 0, 0.5, 0, 0, 0, 0], [0, 0, 0, 0.0, 0, 0, 8, 10, 17, 0, 0, 0, 0, 8, 1, 4, 0, 0, 0, 9, 0, 0.5, 0, 0, 0, 0], [0, 0, 0, 0.007077813148498535, 0, 0, 8, 11, 18, 0, 0, 0, 0, 9, 1, 5, 0, 0, 0, 10, 0, 0.5, 0, 0, 0, 0], [0, 0, 0, 0.1308136284351349, 0, 0, 8, 6, 13, 0, 0, 0, 0, 4, 1, 6, 0, 0, 0, 5, 0, 0.5, 0, 0, 0, 0], [0, 0, 0, 0.026049792766571045, 0, 0, 8, 5, 12, 0, 0, 0, 0, 3, 1, 6, 0, 0, 0, 4, 0, 0.5, 0, 0, 0, 0], [0, 0, 0, 0.011858046054840088, 0, 0, 8, 5, 12, 0, 0, 0, 0, 3, 1, 4, 0, 0, 0, 4, 0, 0.5, 0, 0, 0, 0], [0, 0, 0, 0.011414319276809692, 0, 0, 8, 13, 20, 0, 0, 0, 0, 10, 2, 6, 0, 0, 0, 12, 0, 0.5, 0, 0, 0, 0], [1, 0, 0, 0.010651230812072754, 0, 0, 8, 13, 20, 1, 1, 0, 0, 11, 1, 1, 0, 0, 0, 12, 0, 0.041666666666666664, 0, 0, 0, 0], [0, 0, 0, 0.03233349323272705, 0, 0, 8, 4, 11, 0, 0, 0, 0, 2, 1, 6, 0, 0, 0, 3, 0, 0.5, 0, 0, 0, 0], [0, 0, 0, 0.010965973138809204, 0, 0, 8, 13, 20, 0, 0, 0, 0, 11, 1, 1, 0, 0, 0, 12, 0, 0.5, 0, 0, 0, 0], [0, 0, 0, 0.012784868478775024, 0, 0, 8, 13, 20, 0, 0, 0, 0, 11, 1, 1, 0, 0, 0, 12, 0, 0.041666666666666664, 0, 0, 0, 0], [0, 0, 0, 0.05302262306213379, 0, 0, 8, 9, 16, 0, 0, 0, 0, 7, 1, 5, 0, 0, 0, 8, 0, 0.5, 0, 0, 0, 0], [0, 0, 0, 0.0030480176210403442, 0, 0, 8, 3, 10, 0, 0, 0, 0, 1, 1, 4, 0, 0, 0, 2, 0, 0.5, 0, 0, 0, 0], [0, 0, 0, 0.01041838526725769, 0, 0, 8, 13, 20, 0, 0, 0, 0, 11, 1, 1, 0, 0, 0, 12, 0, 0.041666666666666664, 0, 0, 0, 0], [0, 0, 0, 0.17857778072357178, 0, 0, 8, 3, 10, 0, 0, 0, 0, 1, 1, 4, 0, 0, 0, 2, 0, 0.5, 0, 0, 0, 0], [0, 0, 0, 0.0541263222694397, 0, 0, 8, 3, 10, 0, 0, 0, 0, 1, 1, 3, 0, 0, 0, 2, 0, 0.5, 0, 0, 0, 0], [0, 0, 0, 0.0322498083114624, 0, 0, 8, 4, 11, 0, 0, 0, 0, 2, 1, 6, 0, 0, 0, 3, 0, 0.5, 0, 0, 0, 0], [0, 0, 0, 0.01204901933670044, 0, 0, 8, 9, 16, 0, 0, 0, 0, 7, 1, 4, 0, 0, 0, 8, 0, 0.5, 0, 0, 0, 0], [0, 0, 0, 0.005151331424713135, 0, 0, 8, 13, 20, 0, 0, 0, 0, 11, 1, 1, 0, 0, 0, 12, 0, 0.027777777777777776, 0, 0, 0, 0], [0, 0, 0, 0.03822147846221924, 0, 0, 8, 3, 10, 0, 0, 0, 0, 1, 1, 4, 0, 0, 0, 2, 0, 0.5, 0, 0, 0, 0], [0, 0, 0, 0.007102549076080322, 0, 0, 8, 13, 20, 0, 0, 0, 0, 11, 1, 1, 0, 0, 0, 12, 0, 0.038461538461538464, 0, 0, 0, 0], [0, 0, 0, 0.0010107159614562988, 0, 0, 8, 11, 18, 0, 0, 0, 0, 9, 1, 4, 0, 0, 0, 10, 0, 0.5, 0, 0, 0, 0], [0, 0, 0, 0.0015699565410614014, 0, 0, 8, 3, 10, 0, 0, 0, 0, 1, 1, 4, 0, 0, 0, 2, 0, 0.5, 0, 0, 0, 0], [0, 0, 0, 0.033899784088134766, 0, 0, 8, 13, 20, 0, 0, 0, 0, 11, 1, 3, 0, 0, 0, 12, 0, 0.5, 0, 0, 0, 0], [0, 0, 0, 0.04584595561027527, 0, 0, 8, 13, 20, 0, 0, 0, 0, 11, 1, 1, 0, 0, 0, 12, 0, 0.03125, 0, 0, 0, 0], [0, 0, 0, 0.05365639925003052, 0, 0, 8, 13, 20, 0, 0, 0, 0, 11, 1, 1, 0, 0, 0, 12, 0, 0.25, 0, 0, 0, 0], [0, 0, 0, 0.056629300117492676, 0, 0, 8, 4, 11, 0, 0, 0, 0, 2, 1, 6, 0, 0, 0, 3, 0, 0.5, 0, 0, 0, 0], [0, 0, 0, 0.01084834337234497, 0, 0, 8, 3, 10, 0, 0, 0, 0, 1, 1, 6, 0, 0, 0, 2, 0, 0.5, 0, 0, 0, 0], [0, 0, 0, 0.014456897974014282, 0, 0, 8, 13, 20, 0, 0, 0, 0, 11, 1, 1, 0, 0, 0, 12, 0, 0.027777777777777776, 0, 0, 0, 0], [0, 0, 0, 0.058514952659606934, 0, 0, 8, 3, 10, 0, 0, 0, 0, 1, 1, 4, 0, 0, 0, 2, 0, 0.3333333333333333, 0, 0, 0, 0], [0, 0, 0, 0.0375533401966095, 0, 0, 8, 7, 14, 0, 0, 0, 0, 5, 1, 6, 0, 0, 0, 6, 0, 0.5, 0, 0, 0, 0], [0, 0, 0, 0.10855609178543091, 0, 0, 8, 13, 20, 0, 0, 0, 0, 11, 1, 5, 0, 0, 0, 12, 0, 0.5, 0, 0, 0, 0], [0, 0, 0, 0.006662964820861816, 0, 0, 8, 13, 20, 0, 0, 0, 0, 11, 1, 1, 0, 0, 0, 12, 0, 0.041666666666666664, 0, 0, 0, 0], [0, 0, 0, 0.0004076063632965088, 0, 0, 8, 3, 10, 0, 0, 0, 0, 1, 1, 2, 0, 0, 0, 2, 0, 0.25, 0, 0, 0, 0], [0, 0, 0, 0.04494425654411316, 0, 0, 8, 6, 13, 0, 0, 0, 0, 4, 1, 6, 0, 0, 0, 5, 0, 0.5, 0, 0, 0, 0], [0, 0, 0, 0.004603683948516846, 0, 0, 8, 3, 10, 0, 0, 0, 0, 1, 1, 4, 0, 0, 0, 2, 0, 0.5, 0, 0, 0, 0], [0, 0, 0, 0.005527853965759277, 0, 0, 8, 4, 11, 0, 0, 0, 0, 2, 1, 3, 0, 0, 0, 3, 0, 0.5, 0, 0, 0, 0], [0, 0, 0, 0.05334794521331787, 0, 0, 8, 5, 12, 0, 0, 0, 0, 3, 1, 3, 0, 0, 0, 4, 0, 0.5, 0, 0, 0, 0], [0, 0, 0, 0.1664295792579651, 0, 0, 8, 3, 10, 0, 0, 0, 0, 1, 1, 4, 0, 0, 0, 2, 0, 0.5, 0, 0, 0, 0], [0, 0, 0, 0.012202054262161255, 0, 0, 8, 4, 11, 0, 0, 0, 0, 2, 1, 2, 0, 0, 0, 3, 0, 0.5, 0, 0, 0, 0], [0, 0, 0, 0.01034894585609436, 0, 0, 8, 3, 10, 0, 0, 0, 0, 1, 1, 4, 0, 0, 0, 2, 0, 0.5, 0, 0, 0, 0], [0, 0, 0, 0.018653184175491333, 0, 0, 8, 13, 20, 0, 0, 0, 0, 11, 1, 2, 0, 0, 0, 12, 0, 0.5, 0, 0, 0, 0], [0, 0, 0, 0.018004894256591797, 0, 0, 8, 13, 20, 0, 0, 0, 0, 10, 2, 5, 0, 0, 0, 12, 0, 0.5, 0, 0, 0, 0], [0, 0, 0, 0.050649672746658325, 0, 0, 8, 3, 10, 0, 0, 0, 0, 1, 1, 3, 0, 0, 0, 2, 0, 0.5, 0, 0, 0, 0], [0, 0, 0, 0.05196082592010498, 0, 0, 8, 13, 20, 0, 0, 0, 0, 10, 2, 7, 0, 0, 0, 12, 0, 0.5, 0, 0, 0, 0], [0, 0, 0, 0.05513185262680054, 0, 0, 8, 13, 20, 0, 0, 0, 0, 11, 1, 1, 0, 0, 0, 12, 0, 0.03125, 0, 0, 0, 0], [0, 0, 0, 0.030211955308914185, 0, 0, 8, 13, 20, 0, 0, 0, 0, 11, 1, 3, 0, 0, 0, 12, 0, 0.5, 0, 0, 0, 0], [0, 0, 0, 0.027680277824401855, 0, 0, 8, 13, 20, 0, 0, 0, 0, 10, 2, 1, 0, 0, 0, 12, 0, 0.25, 0, 0, 0, 0], [0, 0, 0, 0.00567355751991272, 0, 0, 8, 5, 12, 0, 0, 0, 0, 3, 1, 6, 0, 0, 0, 4, 0, 0.5, 0, 0, 0, 0], [0, 0, 0, 0.006732374429702759, 0, 0, 8, 13, 20, 0, 0, 0, 0, 11, 1, 1, 0, 0, 0, 12, 0, 0.041666666666666664, 0, 0, 0, 0], [0, 0, 0, 0.022014647722244263, 0, 0, 8, 13, 20, 0, 0, 0, 0, 11, 1, 2, 0, 0, 0, 12, 0, 0.16666666666666666, 0, 0, 0, 0], [0, 0, 0, 0.19050291180610657, 0, 0, 8, 5, 12, 0, 0, 0, 0, 3, 1, 3, 0, 0, 0, 4, 0, 0.5, 0, 0, 0, 0], [0, 0, 0, 0.10888829827308655, 0, 0, 8, 4, 11, 0, 0, 0, 0, 2, 1, 3, 0, 0, 0, 3, 0, 0.5, 0, 0, 0, 0], [0, 0, 0, 0.007084071636199951, 0, 0, 8, 3, 10, 0, 0, 0, 0, 1, 1, 3, 0, 0, 0, 2, 0, 0.5, 0, 0, 0, 0], [0, 0, 0, 0.00711628794670105, 0, 0, 8, 13, 20, 0, 0, 0, 0, 11, 1, 7, 0, 0, 0, 12, 0, 0.5, 0, 0, 0, 0], [0, 0, 0, 0.009822577238082886, 0, 0, 8, 13, 20, 0, 0, 0, 0, 11, 1, 5, 0, 0, 0, 12, 0, 0.5, 0, 0, 0, 0], [0, 0, 0, 0.00552937388420105, 0, 0, 8, 13, 20, 0, 0, 0, 0, 11, 1, 7, 0, 0, 0, 12, 0, 0.5, 0, 0, 0, 0], [0, 0, 0, 0.02293604612350464, 0, 0, 8, 3, 10, 0, 0, 0, 0, 1, 1, 4, 0, 0, 0, 2, 0, 0.5, 0, 0, 0, 0], [0, 0, 0, 0.09983032941818237, 0, 0, 8, 11, 18, 0, 0, 0, 0, 9, 1, 4, 0, 0, 0, 10, 0, 0.5, 0, 0, 0, 0], [0, 0, 0, 0.016407489776611328, 0, 0, 8, 5, 12, 0, 0, 0, 0, 3, 1, 3, 0, 0, 0, 4, 0, 0.3333333333333333, 0, 0, 0, 0], [0, 0, 0, 0.023551136255264282, 0, 0, 8, 13, 20, 0, 0, 0, 0, 11, 1, 1, 0, 0, 0, 12, 0, 0.030303030303030304, 0, 0, 0, 0], [0, 0, 0, 0.10089796781539917, 0, 0, 8, 3, 10, 0, 0, 0, 0, 1, 1, 4, 0, 0, 0, 2, 0, 0.5, 0, 0, 0, 0], [0, 0, 0, 0.01877272129058838, 0, 0, 8, 13, 20, 0, 0, 0, 0, 11, 1, 1, 0, 0, 0, 12, 0, 0.027777777777777776, 0, 0, 0, 0], [0, 0, 0, 0.015052974224090576, 0, 0, 8, 13, 20, 0, 0, 0, 0, 11, 1, 1, 0, 0, 0, 12, 0, 0.041666666666666664, 0, 0, 0, 0], [0, 0, 0, 0.14242887496948242, 0, 0, 8, 4, 11, 0, 0, 0, 0, 2, 1, 4, 0, 0, 0, 3, 0, 0.5, 0, 0, 0, 0], [0, 0, 0, 0.01248842477798462, 0, 0, 8, 13, 20, 0, 0, 0, 0, 11, 1, 2, 0, 0, 0, 12, 0, 0.16666666666666666, 0, 0, 0, 0], [0, 0, 0, 0.012024104595184326, 0, 0, 8, 3, 10, 0, 0, 0, 0, 1, 1, 7, 0, 0, 0, 2, 0, 0.5, 0, 0, 0, 0], [0, 0, 0, 0.052617549896240234, 0, 0, 8, 13, 20, 0, 0, 0, 0, 11, 1, 3, 0, 0, 0, 12, 0, 0.5, 0, 0, 0, 0], [0, 0, 0, 0.004919767379760742, 0, 0, 8, 13, 20, 0, 0, 0, 0, 11, 1, 6, 0, 0, 0, 12, 0, 0.5, 0, 0, 0, 0], [0, 0, 0, 0.023225516080856323, 0, 0, 8, 13, 20, 0, 0, 0, 0, 11, 1, 3, 0, 0, 0, 12, 0, 0.5, 0, 0, 0, 0], [0, 0, 0, 0.1322174072265625, 0, 0, 8, 5, 12, 0, 0, 0, 0, 3, 1, 5, 0, 0, 0, 4, 0, 0.5, 0, 0, 0, 0], [0, 0, 0, 0.012502849102020264, 0, 0, 8, 11, 18, 0, 0, 0, 0, 9, 1, 4, 0, 0, 0, 10, 0, 0.5, 0, 0, 0, 0], [0, 0, 0, 0.009495854377746582, 0, 0, 8, 5, 12, 0, 0, 0, 0, 3, 1, 4, 0, 0, 0, 4, 0, 0.5, 0, 0, 0, 0], [1, 0, 0, 0.012005597352981567, 0, 0, 8, 5, 12, 1, 0, 0, 0, 3, 1, 5, 0, 0, 0, 4, 0, 0.5, 0, 0, 0, 0], [0, 0, 0, 0.07051225006580353, 0, 0, 8, 3, 10, 0, 0, 0, 0, 1, 1, 4, 0, 0, 0, 2, 0, 0.5, 0, 0, 0, 0], [0, 0, 0, 0.2869172990322113, 0, 0, 8, 4, 11, 0, 0, 0, 0, 2, 1, 4, 0, 0, 0, 3, 0, 0.5, 0, 0, 0, 0], [0, 0, 0, 0.023025721311569214, 0, 0, 8, 12, 19, 0, 0, 0, 0, 10, 1, 1, 0, 0, 0, 11, 0, 0.07692307692307693, 0, 0, 0, 0], [0, 0, 0, 0.011157512664794922, 0, 0, 8, 4, 11, 0, 0, 0, 0, 2, 1, 6, 0, 0, 0, 3, 0, 0.5, 0, 0, 0, 0], [0, 0, 0, 0.00042489171028137207, 0, 0, 8, 7, 14, 0, 0, 0, 0, 5, 1, 5, 0, 0, 0, 6, 0, 0.5, 0, 0, 0, 0], [0, 0, 0, 0.03305351734161377, 0, 0, 8, 3, 10, 0, 0, 0, 0, 1, 1, 7, 0, 0, 0, 2, 0, 0.5, 0, 0, 0, 0], [0, 0, 0, 0.04004904627799988, 0, 0, 8, 5, 12, 0, 0, 0, 0, 3, 1, 6, 0, 0, 0, 4, 0, 0.5, 0, 0, 0, 0], [0, 0, 0, 0.00149497389793396, 0, 0, 8, 8, 15, 0, 0, 0, 0, 6, 1, 4, 0, 0, 0, 7, 0, 0.5, 0, 0, 0, 0], [0, 0, 0, 0.014593362808227539, 0, 0, 8, 13, 20, 0, 0, 0, 0, 11, 1, 1, 0, 0, 0, 12, 0, 0.05555555555555555, 0, 0, 0, 0], [0, 0, 0, 0.004042506217956543, 0, 0, 8, 5, 12, 0, 0, 0, 0, 3, 1, 6, 0, 0, 0, 4, 0, 0.5, 0, 0, 0, 0], [0, 0, 0, 0.01668524742126465, 0, 0, 8, 3, 10, 0, 0, 0, 0, 1, 1, 5, 0, 0, 0, 2, 0, 0.5, 0, 0, 0, 0], [0, 0, 0, 0.0005584508180618286, 0, 0, 8, 3, 10, 0, 0, 0, 0, 1, 1, 2, 0, 0, 0, 2, 0, 0.3333333333333333, 0, 0, 0, 0], [0, 0, 0, 0.4968469738960266, 0, 0, 8, 3, 10, 0, 0, 0, 0, 1, 1, 2, 0, 0, 0, 2, 0, 0.5, 0, 0, 0, 0], [0, 0, 0, 0.4475133419036865, 0, 0, 8, 3, 10, 0, 0, 0, 0, 1, 1, 4, 0, 0, 0, 2, 0, 0.5, 0, 0, 0, 0], [0, 0, 0, 0.05877572298049927, 0, 0, 8, 13, 20, 0, 0, 0, 0, 11, 1, 4, 0, 0, 0, 12, 0, 0.5, 0, 0, 0, 0], [0, 0, 0, 0.05433082580566406, 0, 0, 8, 9, 16, 0, 0, 0, 0, 7, 1, 4, 0, 0, 0, 8, 0, 0.5, 0, 0, 0, 0], [0, 0, 0, 0.04655367136001587, 0, 0, 8, 13, 20, 0, 0, 0, 0, 11, 1, 2, 0, 0, 0, 12, 0, 0.5, 0, 0, 0, 0], [0, 0, 0, 0.07490786910057068, 0, 0, 8, 6, 13, 0, 0, 0, 0, 4, 1, 4, 0, 0, 0, 5, 0, 0.5, 0, 0, 0, 0], [0, 0, 0, 0.1420269012451172, 0, 0, 8, 3, 10, 0, 0, 0, 0, 1, 1, 4, 0, 0, 0, 2, 0, 0.5, 0, 0, 0, 0], [0, 0, 0, 0.0031026601791381836, 0, 0, 8, 4, 11, 0, 0, 0, 0, 2, 1, 7, 0, 0, 0, 3, 0, 0.5, 0, 0, 0, 0], [0, 0, 0, 0.005773782730102539, 0, 0, 8, 13, 20, 0, 1, 0, 0, 11, 1, 4, 0, 0, 0, 12, 0, 0.5, 0, 0, 0, 0], [0, 0, 0, 0.01362764835357666, 0, 0, 8, 13, 20, 0, 0, 1, 0, 11, 1, 3, 0, 0, 0, 12, 0, 0.5, 0, 0, 0, 0], [0, 0, 0, 0.00135725736618042, 0, 0, 8, 9, 16, 0, 0, 0, 0, 7, 1, 6, 0, 0, 0, 8, 0, 0.5, 0, 0, 0, 0], [0, 0, 0, 0.12449222803115845, 0, 0, 8, 4, 11, 0, 0, 0, 0, 2, 1, 5, 0, 0, 0, 3, 0, 0.5, 0, 0, 0, 0], [0, 0, 0, 0.029297471046447754, 0, 0, 8, 3, 10, 0, 0, 0, 0, 1, 1, 7, 0, 0, 0, 2, 0, 0.5, 0, 0, 0, 0], [0, 0, 0, 0.002316117286682129, 0, 0, 8, 13, 20, 0, 0, 0, 0, 11, 1, 1, 0, 0, 0, 12, 0, 0.041666666666666664, 0, 0, 0, 0], [0, 0, 0, 0.005093574523925781, 0, 0, 8, 13, 20, 0, 0, 0, 0, 11, 1, 2, 0, 0, 0, 12, 0, 0.5, 0, 0, 0, 0], [0, 0, 0, 0.006112545728683472, 0, 0, 8, 6, 13, 0, 0, 0, 0, 4, 1, 5, 0, 0, 0, 5, 0, 0.5, 0, 0, 0, 0], [0, 0, 0, 0.008527830243110657, 0, 0, 8, 3, 10, 0, 0, 0, 0, 1, 1, 1, 0, 0, 0, 2, 0, 0.1, 0, 0, 0, 0], [0, 0, 0, 0.03236877918243408, 0, 0, 8, 3, 10, 0, 0, 0, 0, 1, 1, 6, 0, 0, 0, 2, 0, 0.5, 0, 0, 0, 0], [0, 0, 0, 0.0023632049560546875, 0, 0, 8, 8, 15, 0, 0, 0, 0, 6, 1, 7, 0, 0, 0, 7, 0, 0.5, 0, 0, 0, 0], [0, 0, 0, 0.004717350006103516, 0, 0, 8, 6, 13, 0, 0, 0, 0, 4, 1, 6, 0, 0, 0, 5, 0, 0.5, 0, 0, 0, 0], [0, 0, 0, 0.09442809224128723, 0, 0, 8, 5, 12, 0, 0, 0, 0, 3, 1, 4, 0, 0, 0, 4, 0, 0.5, 0, 0, 0, 0], [0, 0, 0, 0.001195460557937622, 0, 0, 8, 4, 11, 0, 0, 0, 0, 2, 1, 5, 0, 0, 0, 3, 0, 0.5, 0, 0, 0, 0], [0, 0, 0, 0.01232406497001648, 0, 0, 8, 3, 10, 0, 0, 0, 0, 1, 1, 3, 0, 0, 0, 2, 0, 0.5, 0, 0, 0, 0], [0, 0, 0, 0.0031655430793762207, 0, 0, 8, 13, 20, 0, 0, 0, 0, 11, 1, 4, 0, 0, 0, 12, 0, 0.5, 0, 0, 0, 0], [0, 0, 0, 0.16131728887557983, 0, 0, 8, 4, 11, 0, 0, 0, 0, 2, 1, 5, 0, 0, 0, 3, 0, 0.5, 0, 0, 0, 0], [0, 0, 0, 0.06991308927536011, 0, 0, 8, 8, 15, 0, 0, 0, 0, 6, 1, 3, 0, 0, 0, 7, 0, 0.5, 0, 0, 0, 0], [0, 0, 0, 0.020854413509368896, 0, 0, 8, 3, 10, 0, 0, 0, 0, 1, 1, 6, 0, 0, 0, 2, 0, 0.5, 0, 0, 0, 0], [1, 0, 0, 0.003166288137435913, 0, 0, 8, 7, 14, 1, 0, 1, 1, 5, 1, 4, 0, 0, 0, 6, 0, 0.5, 0, 0, 0, 0], [0, 0, 0, 0.03581732511520386, 0, 0, 8, 3, 10, 0, 0, 0, 0, 1, 1, 4, 0, 0, 0, 2, 0, 0.5, 0, 0, 0, 0], [0, 0, 0, 0.02858150005340576, 0, 0, 8, 13, 20, 0, 0, 0, 0, 10, 2, 3, 0, 0, 0, 12, 0, 0.5, 0, 0, 0, 0], [0, 0, 0, 0.03374025225639343, 0, 0, 8, 5, 12, 0, 0, 0, 0, 3, 1, 5, 0, 0, 0, 4, 0, 0.5, 0, 0, 0, 0], [0, 0, 0, 0.020751237869262695, 0, 0, 8, 7, 14, 0, 0, 0, 0, 5, 1, 6, 0, 0, 0, 6, 0, 0.5, 0, 0, 0, 0], [0, 0, 0, 0.007189124822616577, 0, 0, 8, 13, 20, 0, 0, 1, 0, 11, 1, 1, 0, 0, 0, 12, 0, 0.16666666666666666, 0, 0, 0, 0], [0, 0, 0, 0.0131930410861969, 0, 0, 8, 5, 12, 0, 0, 0, 0, 3, 1, 5, 0, 0, 0, 4, 0, 0.5, 0, 0, 0, 0], [0, 0, 0, 0.0027539730072021484, 0, 0, 8, 13, 20, 0, 0, 0, 0, 11, 1, 2, 0, 0, 0, 12, 0, 0.5, 0, 0, 0, 0], [0, 0, 0, 0.06925547122955322, 0, 0, 8, 4, 11, 0, 0, 0, 0, 2, 1, 7, 0, 0, 0, 3, 0, 0.5, 0, 0, 0, 0], [0, 0, 0, 0.003962606191635132, 0, 0, 8, 6, 13, 0, 0, 0, 0, 4, 1, 5, 0, 0, 0, 5, 0, 0.5, 0, 0, 0, 0], [0, 0, 0, 0.04417532682418823, 0, 0, 8, 4, 11, 0, 0, 0, 0, 2, 1, 2, 0, 0, 0, 3, 0, 0.5, 0, 0, 0, 0], [0, 0, 0, 0.04074069857597351, 0, 0, 8, 13, 20, 0, 0, 0, 0, 11, 1, 1, 0, 0, 0, 12, 0, 0.5, 0, 0, 0, 0], [0, 0, 0, 0.1100766658782959, 0, 0, 8, 3, 10, 0, 0, 0, 0, 1, 1, 4, 0, 0, 0, 2, 0, 0.5, 0, 0, 0, 0], [0, 0, 0, 0.16595101356506348, 0, 0, 8, 3, 10, 0, 0, 0, 0, 1, 1, 4, 0, 0, 0, 2, 0, 0.5, 0, 0, 0, 0], [0, 0, 0, 0.030277758836746216, 0, 0, 8, 11, 18, 0, 0, 0, 0, 9, 1, 4, 0, 0, 0, 10, 0, 0.5, 0, 0, 0, 0], [0, 0, 0, 0.007865428924560547, 0, 0, 8, 13, 20, 0, 0, 0, 0, 11, 1, 4, 0, 0, 0, 12, 0, 0.5, 0, 0, 0, 0], [0, 0, 0, 0.04117947816848755, 0, 0, 8, 13, 20, 0, 0, 0, 0, 11, 1, 4, 0, 0, 0, 12, 0, 0.5, 0, 0, 0, 0], [0, 0, 0, 0.0404515266418457, 0, 0, 8, 7, 14, 0, 1, 0, 0, 5, 1, 5, 0, 0, 0, 6, 0, 0.5, 0, 0, 0, 0], [0, 0, 0, 0.008247911930084229, 0, 0, 8, 4, 11, 0, 0, 0, 0, 2, 1, 7, 0, 0, 0, 3, 0, 0.5, 0, 0, 0, 0], [0, 0, 0, 0.026043832302093506, 0, 0, 8, 7, 14, 0, 0, 0, 0, 5, 1, 5, 0, 0, 0, 6, 0, 0.5, 0, 0, 0, 0], [0, 0, 0, 0.04824399948120117, 0, 0, 8, 4, 11, 0, 0, 0, 0, 2, 1, 5, 0, 0, 0, 3, 0, 0.5, 0, 0, 0, 0], [0, 0, 0, 0.05167385935783386, 0, 0, 8, 6, 13, 0, 0, 0, 0, 4, 1, 6, 0, 0, 0, 5, 0, 0.5, 0, 0, 0, 0], [0, 0, 0, 0.037450700998306274, 0, 0, 8, 13, 20, 0, 0, 0, 0, 11, 1, 3, 0, 0, 0, 12, 0, 0.5, 0, 0, 0, 0], [0, 0, 0, 0.1266346573829651, 0, 0, 8, 3, 10, 0, 0, 0, 0, 1, 1, 4, 0, 0, 0, 2, 0, 0.5, 0, 0, 0, 0], [0, 0, 0, 0.051462799310684204, 0, 0, 8, 4, 11, 0, 0, 0, 0, 2, 1, 3, 0, 0, 0, 3, 0, 0.5, 0, 0, 0, 0], [0, 0, 0, 0.004954725503921509, 0, 0, 8, 13, 20, 0, 0, 0, 0, 11, 1, 1, 0, 0, 0, 12, 0, 0.027777777777777776, 0, 0, 0, 0], [0, 0, 0, 0.03535449504852295, 0, 0, 8, 4, 11, 0, 0, 0, 0, 2, 1, 2, 0, 0, 0, 3, 0, 0.3333333333333333, 0, 0, 0, 0], [0, 0, 0, 0.004597306251525879, 0, 0, 8, 6, 13, 0, 0, 0, 0, 4, 1, 4, 0, 0, 0, 5, 0, 0.5, 0, 0, 0, 0], [0, 0, 0, 0.017266273498535156, 0, 0, 8, 13, 20, 0, 0, 0, 0, 11, 1, 2, 0, 0, 0, 12, 0, 0.16666666666666666, 0, 0, 0, 0], [0, 0, 0, 0.186018168926239, 0, 0, 8, 4, 11, 0, 0, 0, 0, 2, 1, 3, 0, 0, 0, 3, 0, 0.5, 0, 0, 0, 0], [0, 0, 0, 0.009272515773773193, 0, 0, 8, 10, 17, 0, 0, 0, 0, 8, 1, 5, 0, 0, 0, 9, 0, 0.5, 0, 0, 0, 0], [0, 0, 0, 0.17914485931396484, 0, 0, 8, 3, 10, 0, 0, 0, 0, 1, 1, 4, 0, 0, 0, 2, 0, 0.5, 0, 0, 0, 0], [0, 0, 0, 0.03590315580368042, 0, 0, 8, 7, 14, 0, 0, 0, 0, 5, 1, 3, 0, 0, 0, 6, 0, 0.5, 0, 0, 0, 0], [0, 0, 0, 0.02589946985244751, 0, 0, 8, 6, 13, 0, 0, 0, 0, 4, 1, 6, 0, 0, 0, 5, 0, 0.5, 0, 0, 0, 0], [0, 0, 0, 0.015375107526779175, 0, 0, 8, 13, 20, 0, 0, 1, 1, 11, 1, 1, 0, 0, 0, 12, 0, 0.027777777777777776, 0, 0, 0, 0], [0, 0, 0, 0.0267755389213562, 0, 0, 8, 10, 17, 0, 0, 0, 0, 8, 1, 6, 0, 0, 0, 9, 0, 0.5, 0, 0, 0, 0], [0, 0, 0, 0.04669499397277832, 0, 0, 8, 3, 10, 0, 0, 0, 0, 1, 1, 3, 0, 0, 0, 2, 0, 0.5, 0, 0, 0, 0], [0, 0, 0, 0.05469051003456116, 0, 0, 8, 11, 18, 0, 0, 0, 0, 9, 1, 3, 0, 0, 0, 10, 0, 0.5, 0, 0, 0, 0], [0, 0, 0, 0.012699425220489502, 0, 0, 8, 5, 12, 0, 0, 0, 0, 3, 1, 4, 0, 0, 0, 4, 0, 0.5, 0, 0, 0, 0], [0, 0, 0, 0.004130661487579346, 0, 0, 8, 3, 10, 0, 0, 0, 0, 1, 1, 5, 0, 0, 0, 2, 0, 0.5, 0, 0, 0, 0], [0, 0, 0, 0.02097359299659729, 0, 0, 8, 6, 13, 0, 0, 0, 0, 4, 1, 2, 0, 0, 0, 5, 0, 0.3333333333333333, 0, 0, 0, 0], [0, 0, 0, 0.02515736222267151, 0, 0, 8, 13, 20, 0, 1, 0, 0, 11, 1, 1, 0, 0, 0, 12, 0, 0.041666666666666664, 0, 0, 0, 0], [0, 0, 0, 0.010927796363830566, 0, 0, 8, 13, 20, 0, 0, 0, 0, 10, 2, 1, 0, 0, 0, 12, 0, 0.3333333333333333, 0, 0, 0, 0], [0, 0, 0, 0.02741783857345581, 0, 0, 8, 3, 10, 0, 0, 0, 0, 1, 1, 5, 0, 0, 0, 2, 0, 0.5, 0, 0, 0, 0], [0, 0, 0, 0.00045940279960632324, 0, 0, 8, 4, 11, 0, 0, 0, 0, 2, 1, 5, 0, 0, 0, 3, 0, 0.5, 0, 0, 0, 0], [0, 0, 0, 0.027833208441734314, 0, 0, 8, 3, 10, 0, 0, 0, 0, 1, 1, 2, 0, 0, 0, 2, 0, 0.5, 0, 0, 0, 0], [0, 0, 0, 0.007133454084396362, 0, 0, 8, 10, 17, 0, 0, 0, 0, 8, 1, 6, 0, 0, 0, 9, 0, 0.5, 0, 0, 0, 0], [0, 0, 0, 0.013469547033309937, 0, 0, 8, 13, 20, 0, 0, 0, 0, 11, 1, 1, 0, 0, 0, 12, 0, 0.027777777777777776, 0, 0, 0, 0], [0, 0, 0, 0.004493415355682373, 0, 0, 8, 3, 10, 0, 0, 0, 0, 1, 1, 7, 0, 0, 0, 2, 0, 0.5, 0, 0, 0, 0], [0, 0, 0, 0.006879448890686035, 0, 0, 8, 3, 10, 0, 0, 0, 0, 1, 1, 7, 0, 0, 0, 2, 0, 0.5, 0, 0, 0, 0], [0, 0, 0, 0.04161185026168823, 0, 0, 8, 6, 13, 0, 0, 0, 0, 4, 1, 3, 0, 0, 0, 5, 0, 0.5, 0, 0, 0, 0], [0, 0, 0, 0.006293594837188721, 0, 0, 8, 7, 14, 0, 0, 0, 0, 5, 1, 5, 0, 0, 0, 6, 0, 0.5, 0, 0, 0, 0], [0, 0, 0, 0.018138527870178223, 0, 0, 8, 13, 20, 0, 0, 0, 0, 11, 1, 1, 0, 0, 0, 12, 0, 0.041666666666666664, 0, 0, 0, 0], [0, 0, 0, 0.0034521520137786865, 0, 0, 8, 9, 16, 0, 0, 0, 0, 7, 1, 2, 0, 0, 0, 8, 0, 0.5, 0, 0, 0, 0], [0, 0, 0, 0.010792404413223267, 0, 0, 8, 9, 16, 0, 0, 0, 0, 7, 1, 4, 0, 0, 0, 8, 0, 0.5, 0, 0, 0, 0], [0, 0, 0, 0.16001859307289124, 0, 0, 8, 4, 11, 0, 0, 0, 0, 2, 1, 3, 0, 0, 0, 3, 0, 0.5, 0, 0, 0, 0], [0, 0, 0, 0.0, 0, 0, 8, 13, 20, 0, 0, 0, 0, 11, 1, 5, 0, 0, 0, 12, 0, 0.5, 0, 0, 0, 0], [0, 0, 0, 0.09519612789154053, 0, 0, 8, 3, 10, 0, 0, 0, 0, 1, 1, 2, 0, 0, 0, 2, 0, 0.5, 0, 0, 0, 0], [0, 0, 0, 0.30339229106903076, 0, 0, 8, 3, 10, 0, 0, 0, 0, 1, 1, 2, 0, 0, 0, 2, 0, 0.3333333333333333, 0, 0, 0, 0], [1, 0, 0, 0.025109201669692993, 0, 0, 8, 13, 20, 1, 0, 0, 0, 11, 1, 6, 0, 0, 0, 12, 0, 0.5, 0, 0, 0, 0], [0, 0, 0, 0.0012707710266113281, 0, 0, 8, 4, 11, 0, 0, 0, 0, 2, 1, 6, 0, 0, 0, 3, 0, 0.5, 0, 0, 0, 0], [0, 0, 0, 0.0007699728012084961, 0, 0, 8, 5, 12, 0, 0, 0, 0, 3, 1, 5, 0, 0, 0, 4, 0, 0.5, 0, 0, 0, 0], [0, 0, 0, 0.007062256336212158, 0, 0, 8, 13, 20, 0, 0, 0, 0, 11, 1, 3, 0, 0, 0, 12, 0, 0.5, 0, 0, 0, 0], [0, 0, 0, 0.03376650810241699, 0, 0, 8, 10, 17, 0, 0, 0, 0, 8, 1, 5, 0, 0, 0, 9, 0, 0.5, 0, 0, 0, 0], [0, 0, 0, 0.0010437965393066406, 0, 0, 8, 13, 20, 0, 0, 0, 0, 11, 1, 1, 0, 0, 0, 12, 0, 0.019230769230769232, 0, 0, 0, 0], [0, 0, 0, 0.057681530714035034, 0, 0, 8, 13, 20, 0, 0, 0, 0, 11, 1, 1, 0, 0, 0, 12, 0, 0.25, 0, 0, 0, 0], [0, 0, 0, 0.010990262031555176, 0, 0, 8, 4, 11, 0, 0, 0, 0, 2, 1, 4, 0, 0, 0, 3, 0, 0.5, 0, 0, 0, 0], [0, 0, 0, 0.020431190729141235, 0, 0, 8, 8, 15, 0, 0, 0, 0, 6, 1, 2, 0, 0, 0, 7, 0, 0.3333333333333333, 0, 0, 0, 0], [0, 0, 0, 0.09116482734680176, 0, 0, 8, 4, 11, 0, 0, 0, 0, 2, 1, 6, 0, 0, 0, 3, 0, 0.5, 0, 0, 0, 0], [0, 0, 0, 0.05255711078643799, 0, 0, 8, 12, 19, 0, 0, 0, 0, 10, 1, 3, 0, 0, 0, 11, 0, 0.5, 0, 0, 0, 0], [0, 0, 0, 0.02071768045425415, 0, 0, 8, 13, 20, 0, 0, 0, 0, 11, 1, 2, 0, 0, 0, 12, 0, 0.5, 0, 0, 0, 0], [0, 0, 0, 0.26311086118221283, 0, 0, 8, 3, 10, 0, 0, 0, 0, 1, 1, 5, 0, 0, 0, 2, 0, 0.5, 0, 0, 0, 0], [0, 0, 0, 0.004285752773284912, 0, 0, 8, 13, 20, 0, 0, 0, 0, 11, 1, 5, 0, 0, 0, 12, 0, 0.5, 0, 0, 0, 0], [0, 0, 0, 0.04380650818347931, 0, 0, 8, 5, 12, 0, 0, 0, 0, 3, 1, 2, 0, 0, 0, 4, 0, 0.5, 0, 0, 0, 0], [0, 0, 0, 0.07834219932556152, 0, 0, 8, 3, 10, 0, 0, 0, 0, 1, 1, 3, 0, 0, 0, 2, 0, 0.5, 0, 0, 0, 0], [0, 0, 0, 0.0017206370830535889, 0, 0, 8, 13, 20, 0, 1, 0, 0, 11, 1, 1, 0, 0, 0, 12, 0, 0.03125, 0, 0, 0, 0], [0, 0, 0, 0.05782628059387207, 0, 0, 8, 13, 20, 0, 0, 0, 0, 11, 1, 1, 0, 0, 0, 12, 0, 0.25, 0, 0, 0, 0], [0, 0, 0, 0.03039678931236267, 0, 0, 8, 13, 20, 0, 0, 0, 0, 11, 1, 1, 0, 0, 0, 12, 0, 0.038461538461538464, 0, 0, 0, 0], [0, 0, 0, 0.002929866313934326, 0, 0, 8, 3, 10, 0, 0, 0, 0, 1, 1, 4, 0, 0, 0, 2, 0, 0.5, 0, 0, 0, 0], [0, 0, 0, 0.031392961740493774, 0, 0, 8, 4, 11, 0, 0, 0, 0, 2, 1, 5, 0, 0, 0, 3, 0, 0.5, 0, 0, 0, 0], [0, 0, 0, 0.019910067319869995, 0, 0, 8, 10, 17, 0, 0, 0, 0, 8, 1, 2, 0, 0, 0, 9, 0, 0.25, 0, 0, 0, 0], [0, 0, 0, 0.023700624704360962, 0, 0, 8, 13, 20, 0, 0, 0, 0, 11, 1, 1, 0, 0, 0, 12, 0, 0.041666666666666664, 0, 0, 0, 0], [0, 0, 0, 0.0, 0, 0, 8, 10, 17, 0, 0, 0, 0, 8, 1, 3, 0, 0, 0, 9, 0, 0.5, 0, 0, 0, 0], [0, 0, 0, 0.004416376352310181, 0, 0, 8, 13, 20, 0, 0, 0, 0, 11, 1, 1, 0, 0, 0, 12, 0, 0.03125, 0, 0, 0, 0], [0, 0, 0, 0.012845218181610107, 0, 0, 8, 7, 14, 0, 0, 0, 0, 5, 1, 2, 0, 0, 0, 6, 0, 0.5, 0, 0, 0, 0], [0, 0, 0, 0.022272631525993347, 0, 0, 8, 3, 10, 0, 0, 0, 0, 1, 1, 4, 0, 0, 0, 2, 0, 0.5, 0, 0, 0, 0], [0, 0, 0, 0.05435502529144287, 0, 0, 8, 4, 11, 0, 0, 0, 0, 2, 1, 5, 0, 0, 0, 3, 0, 0.5, 0, 0, 0, 0], [0, 0, 0, 0.08785009384155273, 0, 0, 8, 3, 10, 0, 0, 0, 0, 1, 1, 4, 0, 0, 0, 2, 0, 0.5, 0, 0, 0, 0], [0, 0, 0, 0.04890245199203491, 0, 0, 8, 13, 20, 0, 0, 0, 0, 11, 1, 1, 0, 0, 0, 12, 0, 0.15384615384615385, 0, 0, 0, 0], [0, 0, 0, 0.013283848762512207, 0, 0, 8, 3, 10, 0, 0, 0, 0, 1, 1, 4, 0, 0, 0, 2, 0, 0.5, 0, 0, 0, 0], [0, 0, 0, 0.02652023732662201, 0, 0, 8, 3, 10, 0, 0, 0, 0, 1, 1, 4, 0, 0, 0, 2, 0, 0.5, 0, 0, 0, 0], [0, 0, 0, 0.09896266460418701, 0, 0, 8, 3, 10, 0, 0, 0, 0, 1, 1, 3, 0, 0, 0, 2, 0, 0.5, 0, 0, 0, 0], [0, 0, 0, 0.05595064163208008, 0, 0, 8, 12, 19, 0, 0, 0, 0, 10, 1, 3, 0, 0, 0, 11, 0, 0.5, 0, 0, 0, 0], [0, 0, 0, 0.004029333591461182, 0, 0, 8, 4, 11, 0, 0, 0, 0, 2, 1, 4, 0, 0, 0, 3, 0, 0.5, 0, 0, 0, 0], [0, 0, 0, 0.004034966230392456, 0, 0, 8, 3, 10, 0, 0, 0, 0, 1, 1, 5, 0, 0, 0, 2, 0, 0.5, 0, 0, 0, 0], [0, 0, 0, 0.020930588245391846, 0, 0, 8, 13, 20, 0, 0, 0, 0, 11, 1, 1, 0, 0, 0, 12, 0, 0.02631578947368421, 0, 0, 0, 0], [0, 0, 0, 0.00954669713973999, 0, 0, 8, 8, 15, 0, 0, 0, 0, 6, 1, 5, 0, 0, 0, 7, 0, 0.5, 0, 0, 0, 0], [0, 0, 0, 0.0036089420318603516, 0, 0, 8, 6, 13, 0, 0, 0, 0, 4, 1, 4, 0, 0, 0, 5, 0, 0.5, 0, 0, 0, 0], [0, 0, 0, 0.032577842473983765, 0, 0, 8, 6, 13, 0, 0, 0, 0, 4, 1, 5, 0, 0, 0, 5, 0, 0.5, 0, 0, 0, 0], [0, 0, 0, 0.0055196285247802734, 0, 0, 8, 4, 11, 0, 0, 0, 0, 2, 1, 6, 0, 0, 0, 3, 0, 0.5, 0, 0, 0, 0], [0, 0, 0, 0.006714552640914917, 0, 0, 8, 7, 14, 0, 0, 0, 0, 5, 1, 4, 0, 0, 0, 6, 0, 0.5, 0, 0, 0, 0], [0, 0, 0, 0.015667438507080078, 0, 0, 8, 3, 10, 0, 0, 0, 0, 1, 1, 4, 0, 0, 0, 2, 0, 0.5, 0, 0, 0, 0], [0, 0, 0, 0.19468438625335693, 0, 0, 8, 5, 12, 0, 0, 0, 0, 3, 1, 3, 0, 0, 0, 4, 0, 0.5, 0, 0, 0, 0], [0, 0, 0, 0.02593320608139038, 0, 0, 8, 10, 17, 0, 0, 0, 0, 8, 1, 5, 0, 0, 0, 9, 0, 0.5, 0, 0, 0, 0], [1, 0, 0, 0.015794873237609863, 0, 0, 8, 9, 16, 1, 0, 0, 0, 7, 1, 3, 0, 0, 0, 8, 0, 0.5, 0, 0, 0, 0], [0, 0, 0, 0.011480271816253662, 0, 0, 8, 4, 11, 0, 0, 0, 0, 2, 1, 7, 0, 0, 0, 3, 0, 0.5, 0, 0, 0, 0], [0, 0, 0, 0.005664646625518799, 0, 0, 8, 8, 15, 0, 0, 0, 0, 6, 1, 3, 0, 0, 0, 7, 0, 0.5, 0, 0, 0, 0], [0, 0, 0, 0.020808011293411255, 0, 0, 8, 3, 10, 0, 0, 0, 0, 1, 1, 3, 0, 0, 0, 2, 0, 0.5, 0, 0, 0, 0], [0, 0, 0, 0.023681998252868652, 0, 0, 8, 13, 20, 0, 0, 0, 0, 11, 1, 1, 0, 0, 0, 12, 0, 0.05263157894736842, 0, 0, 0, 0], [0, 0, 0, 0.01757851243019104, 0, 0, 8, 3, 10, 0, 0, 0, 0, 1, 1, 2, 0, 0, 0, 2, 0, 0.5, 0, 0, 0, 0], [0, 0, 0, 0.03887706995010376, 0, 0, 8, 13, 20, 0, 0, 0, 0, 11, 1, 2, 0, 0, 0, 12, 0, 0.5, 0, 0, 0, 0], [0, 0, 0, 0.04544717073440552, 0, 0, 8, 13, 20, 0, 0, 0, 0, 11, 1, 1, 0, 0, 0, 12, 0, 0.03125, 0, 0, 0, 0], [0, 0, 0, 0.033993929624557495, 0, 0, 8, 13, 20, 0, 0, 0, 0, 11, 1, 1, 0, 0, 0, 12, 0, 0.038461538461538464, 0, 0, 0, 0], [0, 0, 0, 0.03461584448814392, 0, 0, 8, 13, 20, 0, 0, 0, 0, 11, 1, 3, 0, 0, 0, 12, 0, 0.5, 0, 0, 0, 0], [0, 0, 0, 0.1886465847492218, 0, 0, 8, 3, 10, 0, 0, 0, 0, 1, 1, 4, 0, 0, 0, 2, 0, 0.5, 0, 0, 0, 0], [0, 0, 0, 0.029982447624206543, 0, 0, 8, 3, 10, 0, 0, 0, 0, 1, 1, 4, 0, 0, 0, 2, 0, 0.5, 0, 0, 0, 0], [0, 0, 0, 0.013546019792556763, 0, 0, 8, 3, 10, 0, 0, 0, 0, 1, 1, 7, 0, 0, 0, 2, 0, 0.5, 0, 0, 0, 0], [0, 0, 0, 0.007743477821350098, 0, 0, 8, 5, 12, 0, 0, 0, 0, 3, 1, 2, 0, 0, 0, 4, 0, 0.2, 0, 0, 0, 0], [0, 0, 0, 0.0, 0, 0, 8, 13, 20, 0, 0, 0, 0, 11, 1, 6, 0, 0, 0, 12, 0, 0.5, 0, 0, 0, 0], [0, 0, 0, 0.2893458306789398, 0, 0, 8, 4, 11, 0, 0, 0, 0, 2, 1, 4, 0, 0, 0, 3, 0, 0.5, 0, 0, 0, 0], [0, 0, 0, 0.01356208324432373, 0, 0, 8, 3, 10, 0, 0, 0, 0, 1, 1, 7, 0, 0, 0, 2, 0, 0.5, 0, 0, 0, 0], [0, 0, 0, 0.0, 0, 0, 7, 13, 19, 0, 0, 0, 0, 10, 2, 6, 0, 0, 0, 12, 0, 0.5, 0, 0, 0, 0], [0, 0, 0, 0.0009452104568481445, 0, 0, 8, 3, 10, 0, 0, 0, 0, 1, 1, 3, 0, 0, 0, 2, 0, 0.3333333333333333, 0, 0, 0, 0], [0, 0, 0, 2.1576881408691406e-05, 0, 0, 8, 13, 20, 0, 0, 0, 0, 11, 1, 1, 0, 0, 0, 12, 0, 0.02631578947368421, 0, 0, 0, 0], [0, 0, 0, 0.010411858558654785, 0, 0, 8, 13, 20, 0, 0, 0, 0, 11, 1, 1, 0, 0, 0, 12, 0, 0.041666666666666664, 0, 0, 0, 0], [0, 0, 0, 0.028717041015625, 0, 0, 8, 13, 20, 0, 0, 0, 0, 11, 1, 2, 0, 0, 0, 12, 0, 0.16666666666666666, 0, 0, 0, 0], [0, 0, 0, 0.035047173500061035, 0, 0, 8, 5, 12, 0, 0, 0, 0, 3, 1, 6, 0, 0, 0, 4, 0, 0.5, 0, 0, 0, 0], [0, 0, 0, 0.01690727472305298, 0, 0, 8, 3, 10, 0, 0, 0, 0, 1, 1, 7, 0, 0, 0, 2, 0, 0.5, 0, 0, 0, 0], [0, 0, 0, 0.01647987961769104, 0, 0, 8, 13, 20, 0, 0, 0, 0, 11, 1, 4, 0, 0, 0, 12, 0, 0.5, 0, 0, 0, 0], [0, 0, 0, 0.026987344026565552, 0, 0, 8, 6, 13, 0, 0, 0, 0, 4, 1, 2, 0, 0, 0, 5, 0, 0.2, 0, 0, 0, 0], [0, 0, 0, 0.1034800112247467, 0, 0, 8, 4, 11, 0, 0, 0, 0, 2, 1, 5, 0, 0, 0, 3, 0, 0.5, 0, 0, 0, 0], [0, 0, 0, 0.006507396697998047, 0, 0, 8, 5, 12, 0, 0, 0, 0, 3, 1, 3, 0, 0, 0, 4, 0, 0.5, 0, 0, 0, 0], [0, 0, 0, 0.049423933029174805, 0, 0, 8, 3, 10, 0, 0, 0, 0, 1, 1, 4, 0, 0, 0, 2, 0, 0.5, 0, 0, 0, 0], [0, 0, 0, 1.749396324157715e-05, 0, 0, 8, 13, 20, 0, 0, 0, 0, 11, 1, 4, 0, 0, 0, 12, 0, 0.5, 0, 0, 0, 0], [0, 0, 0, 0.015776336193084717, 0, 0, 8, 3, 10, 0, 0, 0, 0, 1, 1, 2, 0, 0, 0, 2, 0, 0.2, 0, 0, 0, 0], [0, 0, 0, 0.02536526322364807, 0, 0, 8, 11, 18, 0, 0, 0, 0, 9, 1, 3, 0, 0, 0, 10, 0, 0.5, 0, 0, 0, 0], [0, 0, 0, 0.030516624450683594, 0, 0, 8, 4, 11, 0, 0, 0, 0, 2, 1, 6, 0, 0, 0, 3, 0, 0.5, 0, 0, 0, 0], [0, 0, 0, 0.05077570676803589, 0, 0, 8, 13, 20, 0, 0, 0, 0, 11, 1, 1, 0, 0, 0, 12, 0, 0.05555555555555555, 0, 0, 0, 0], [0, 0, 0, 0.00831538438796997, 0, 0, 8, 5, 12, 0, 0, 0, 0, 3, 1, 3, 0, 0, 0, 4, 0, 0.5, 0, 0, 0, 0], [0, 0, 0, 0.002554655075073242, 0, 0, 8, 13, 20, 0, 0, 0, 0, 11, 1, 1, 0, 0, 0, 12, 0, 0.027777777777777776, 0, 0, 0, 0], [0, 0, 0, 0.17228972911834717, 0, 0, 8, 3, 10, 0, 0, 0, 0, 1, 1, 4, 0, 0, 0, 2, 0, 0.5, 0, 0, 0, 0], [0, 0, 0, 0.16520065069198608, 0, 0, 8, 13, 20, 0, 0, 0, 0, 11, 1, 4, 0, 0, 0, 12, 0, 0.5, 0, 0, 0, 0], [0, 0, 0, 0.055519551038742065, 0, 0, 8, 8, 15, 0, 0, 0, 0, 6, 1, 4, 0, 0, 0, 7, 0, 0.5, 0, 0, 0, 0], [0, 0, 0, 0.03685900568962097, 0, 0, 8, 13, 20, 0, 0, 0, 0, 11, 1, 1, 0, 0, 0, 12, 0, 0.2, 0, 0, 0, 0], [0, 0, 0, 0.004972338676452637, 0, 0, 8, 4, 11, 0, 0, 0, 0, 2, 1, 3, 0, 0, 0, 3, 0, 0.5, 0, 0, 0, 0], [0, 0, 0, 0.06304529309272766, 0, 0, 8, 13, 20, 0, 0, 0, 0, 11, 1, 3, 0, 0, 0, 12, 0, 0.5, 0, 0, 0, 0], [0, 0, 0, 0.09084168076515198, 0, 0, 8, 4, 11, 0, 0, 0, 0, 2, 1, 4, 0, 0, 0, 3, 0, 0.5, 0, 0, 0, 0], [0, 0, 0, 0.027850598096847534, 0, 0, 8, 3, 10, 0, 0, 0, 0, 1, 1, 3, 0, 0, 0, 2, 0, 0.3333333333333333, 0, 0, 0, 0], [0, 0, 0, 0.0046994686126708984, 0, 0, 8, 3, 10, 0, 0, 0, 0, 1, 1, 7, 0, 0, 0, 2, 0, 0.5, 0, 0, 0, 0], [0, 0, 0, 0.0025766491889953613, 0, 0, 8, 10, 17, 0, 0, 0, 0, 8, 1, 1, 0, 0, 0, 9, 0, 0.1, 0, 0, 0, 0], [0, 0, 0, 0.044272780418395996, 0, 0, 8, 13, 20, 0, 0, 0, 0, 10, 2, 7, 0, 0, 0, 12, 0, 0.5, 0, 0, 0, 0], [0, 0, 0, 0.0010022222995758057, 0, 0, 8, 13, 20, 0, 0, 0, 0, 11, 1, 3, 0, 0, 0, 12, 0, 0.5, 0, 0, 0, 0], [0, 0, 0, 0.0735785961151123, 0, 0, 8, 5, 12, 0, 0, 0, 0, 3, 1, 7, 0, 0, 0, 4, 0, 0.5, 0, 0, 0, 0], [0, 0, 0, 0.024339258670806885, 0, 0, 8, 4, 11, 0, 0, 0, 0, 2, 1, 5, 0, 0, 0, 3, 0, 0.5, 0, 0, 0, 0], [0, 0, 0, 0.04891219735145569, 0, 0, 8, 5, 12, 0, 0, 0, 0, 3, 1, 4, 0, 0, 0, 4, 0, 0.5, 0, 0, 0, 0], [0, 0, 0, 0.007000356912612915, 0, 0, 8, 13, 20, 0, 0, 0, 0, 11, 1, 1, 0, 0, 0, 12, 0, 0.027777777777777776, 0, 0, 0, 0], [0, 0, 0, 0.03942278027534485, 0, 0, 8, 10, 17, 0, 0, 0, 0, 8, 1, 2, 0, 0, 0, 9, 0, 0.25, 0, 0, 0, 0], [0, 0, 0, 0.0016225576400756836, 0, 0, 8, 4, 11, 0, 0, 0, 0, 2, 1, 7, 0, 0, 0, 3, 0, 0.5, 0, 0, 0, 0], [0, 0, 0, 0.02644863724708557, 0, 0, 8, 13, 20, 0, 0, 0, 0, 11, 1, 1, 0, 0, 0, 12, 0, 0.2, 0, 0, 0, 0], [0, 0, 0, 0.01928648352622986, 0, 0, 8, 13, 20, 0, 0, 0, 0, 11, 1, 1, 0, 0, 0, 12, 0, 0.1111111111111111, 0, 0, 0, 0], [0, 0, 0, 0.05989789962768555, 0, 0, 8, 13, 20, 0, 0, 0, 0, 11, 1, 1, 0, 0, 0, 12, 0, 0.030303030303030304, 0, 0, 0, 0], [0, 0, 0, 0.01727813482284546, 0, 0, 8, 3, 10, 0, 0, 0, 0, 1, 1, 4, 0, 0, 0, 2, 0, 0.5, 0, 0, 0, 0], [0, 0, 0, 0.008551299571990967, 0, 0, 8, 4, 11, 0, 0, 0, 0, 2, 1, 5, 0, 0, 0, 3, 0, 0.5, 0, 0, 0, 0], [0, 0, 0, 0.12478059530258179, 0, 0, 8, 3, 10, 0, 0, 0, 0, 1, 1, 3, 0, 0, 0, 2, 0, 0.5, 0, 0, 0, 0], [0, 0, 0, 0.0005637407302856445, 0, 0, 8, 13, 20, 0, 0, 0, 0, 11, 1, 1, 0, 0, 0, 12, 0, 0.027777777777777776, 0, 0, 0, 0], [0, 0, 0, 0.01245976984500885, 0, 0, 8, 4, 11, 0, 0, 0, 0, 2, 1, 3, 0, 0, 0, 3, 0, 0.5, 0, 0, 0, 0], [0, 0, 0, 0.0046994686126708984, 0, 0, 8, 3, 10, 0, 0, 0, 0, 1, 1, 7, 0, 0, 0, 2, 0, 0.5, 0, 0, 0, 0], [0, 0, 0, 0.0019394755363464355, 0, 0, 8, 13, 20, 0, 0, 0, 0, 11, 1, 1, 0, 0, 0, 12, 0, 0.01282051282051282, 0, 0, 0, 0], [0, 0, 0, 0.0024562478065490723, 0, 0, 8, 7, 14, 0, 0, 0, 0, 5, 1, 4, 0, 0, 0, 6, 0, 0.5, 0, 0, 0, 0], [0, 0, 0, 0.261199951171875, 0, 0, 8, 3, 10, 0, 0, 0, 0, 1, 1, 4, 0, 0, 0, 2, 0, 0.5, 0, 0, 0, 0], [0, 0, 0, 0.005323201417922974, 0, 0, 8, 10, 17, 0, 0, 0, 0, 8, 1, 2, 0, 0, 0, 9, 0, 0.5, 0, 0, 0, 0], [0, 0, 0, 0.17910659313201904, 0, 0, 8, 3, 10, 0, 0, 0, 0, 1, 1, 2, 0, 0, 0, 2, 0, 0.5, 0, 0, 0, 0], [0, 0, 0, 0.03223234415054321, 0, 0, 8, 13, 20, 0, 1, 0, 0, 11, 1, 4, 0, 0, 0, 12, 0, 0.5, 0, 0, 0, 0], [0, 0, 0, 0.05592089891433716, 0, 0, 8, 3, 10, 0, 0, 0, 0, 1, 1, 3, 0, 0, 0, 2, 0, 0.5, 0, 0, 0, 0], [0, 0, 0, 0.038706421852111816, 0, 0, 8, 4, 11, 0, 0, 0, 0, 2, 1, 6, 0, 0, 0, 3, 0, 0.5, 0, 0, 0, 0], [0, 0, 0, 0.009178459644317627, 0, 0, 8, 13, 20, 0, 0, 0, 0, 11, 1, 2, 0, 0, 0, 12, 0, 0.5, 0, 0, 0, 0], [0, 0, 0, 0.0004918575286865234, 0, 0, 8, 8, 15, 0, 0, 0, 0, 6, 1, 5, 0, 0, 0, 7, 0, 0.5, 0, 0, 0, 0], [0, 0, 0, 0.02386873960494995, 0, 0, 8, 13, 20, 0, 0, 0, 0, 11, 1, 4, 0, 0, 0, 12, 0, 0.5, 0, 0, 0, 0], [0, 0, 0, 0.0, 0, 0, 8, 13, 20, 0, 0, 0, 0, 10, 2, 6, 0, 0, 0, 12, 0, 0.5, 0, 0, 0, 0], [0, 0, 0, 0.008237212896347046, 0, 0, 8, 4, 11, 0, 0, 0, 0, 2, 1, 4, 0, 0, 0, 3, 0, 0.5, 0, 0, 0, 0], [0, 0, 0, 0.008294910192489624, 0, 0, 8, 8, 15, 0, 0, 0, 0, 6, 1, 7, 0, 0, 0, 7, 0, 0.5, 0, 0, 0, 0], [0, 0, 0, 0.0066030025482177734, 0, 0, 8, 13, 20, 0, 0, 0, 0, 11, 1, 3, 0, 0, 0, 12, 0, 0.5, 0, 0, 0, 0], [0, 0, 0, 0.02999064326286316, 0, 0, 8, 13, 20, 0, 0, 0, 0, 11, 1, 1, 0, 0, 0, 12, 0, 0.03125, 0, 0, 0, 0], [0, 0, 0, 0.06089213490486145, 0, 0, 8, 13, 20, 0, 0, 0, 0, 11, 1, 2, 0, 0, 0, 12, 0, 0.5, 0, 0, 0, 0], [0, 0, 0, 0.016278743743896484, 0, 0, 8, 5, 12, 0, 0, 0, 0, 2, 2, 6, 0, 0, 0, 4, 0, 0.5, 0, 0, 0, 0], [0, 0, 0, 0.05410882830619812, 0, 0, 8, 3, 10, 0, 0, 0, 0, 1, 1, 4, 0, 0, 0, 2, 0, 0.5, 0, 0, 0, 0], [0, 0, 0, 0.026953846216201782, 0, 0, 8, 13, 20, 0, 0, 0, 0, 11, 1, 4, 0, 0, 0, 12, 0, 0.5, 0, 0, 0, 0], [0, 0, 0, 0.0068756043910980225, 0, 0, 8, 13, 20, 0, 0, 0, 0, 11, 1, 1, 0, 0, 0, 12, 0, 0.027777777777777776, 0, 0, 0, 0], [0, 0, 0, 0.003529459238052368, 0, 0, 8, 13, 20, 0, 0, 0, 0, 11, 1, 1, 0, 0, 0, 12, 0, 0.05263157894736842, 0, 0, 0, 0], [0, 0, 0, 0.03208094835281372, 0, 0, 8, 10, 17, 0, 0, 0, 0, 8, 1, 1, 0, 0, 0, 9, 0, 0.5, 0, 0, 0, 0], [0, 0, 0, 0.04297947883605957, 0, 0, 8, 4, 11, 0, 0, 0, 0, 2, 1, 5, 0, 0, 0, 3, 0, 0.5, 0, 0, 0, 0], [0, 0, 0, 0.012674391269683838, 0, 0, 8, 10, 17, 0, 0, 0, 0, 8, 1, 2, 0, 0, 0, 9, 0, 0.5, 0, 0, 0, 0], [1, 0, 0, 0.07889217138290405, 0, 0, 8, 3, 10, 1, 0, 0, 0, 1, 1, 4, 0, 0, 0, 2, 0, 0.5, 0, 0, 0, 0], [0, 0, 0, 0.0031425058841705322, 0, 0, 8, 7, 14, 0, 0, 0, 0, 5, 1, 5, 0, 0, 0, 6, 0, 0.5, 0, 0, 0, 0], [0, 0, 0, 0.0437641441822052, 0, 0, 8, 13, 20, 0, 0, 0, 0, 11, 1, 4, 0, 0, 0, 12, 0, 0.5, 0, 0, 0, 0], [0, 0, 0, 0.0, 0, 0, 8, 5, 12, 0, 0, 0, 0, 3, 1, 7, 0, 0, 0, 4, 0, 0.5, 0, 0, 0, 0], [0, 0, 0, 0.3871487081050873, 0, 0, 8, 3, 10, 0, 0, 0, 0, 1, 1, 4, 0, 0, 0, 2, 0, 0.5, 0, 0, 0, 0], [0, 0, 0, 0.23089420795440674, 0, 0, 8, 4, 11, 0, 0, 0, 0, 2, 1, 4, 0, 0, 0, 3, 0, 0.5, 0, 0, 0, 0], [0, 0, 0, 0.010557413101196289, 0, 0, 8, 13, 20, 0, 0, 0, 0, 11, 1, 1, 0, 0, 0, 12, 0, 0.027777777777777776, 0, 0, 0, 0], [0, 0, 0, 0.04078876972198486, 0, 0, 8, 13, 20, 0, 0, 0, 0, 11, 1, 3, 0, 0, 0, 12, 0, 0.5, 0, 0, 0, 0], [0, 0, 0, 0.02816954255104065, 0, 0, 8, 7, 14, 0, 0, 0, 0, 5, 1, 3, 0, 0, 0, 6, 0, 0.5, 0, 0, 0, 0], [1, 0, 0, 0.0012462437152862549, 0, 0, 8, 12, 19, 1, 0, 1, 0, 10, 1, 5, 0, 0, 0, 11, 0, 0.5, 0, 0, 0, 0], [0, 0, 0, 0.07856261730194092, 0, 0, 8, 3, 10, 0, 0, 0, 0, 1, 1, 4, 0, 0, 0, 2, 0, 0.5, 0, 0, 0, 0], [0, 0, 0, 0.034555912017822266, 0, 0, 8, 5, 12, 0, 0, 0, 0, 3, 1, 7, 0, 0, 0, 4, 0, 0.5, 0, 0, 0, 0], [0, 0, 0, 0.037672460079193115, 0, 0, 8, 4, 11, 0, 0, 0, 0, 2, 1, 5, 0, 0, 0, 3, 0, 0.5, 0, 0, 0, 0], [0, 0, 0, 0.03305351734161377, 0, 0, 8, 3, 10, 0, 0, 0, 0, 1, 1, 7, 0, 0, 0, 2, 0, 0.5, 0, 0, 0, 0], [0, 0, 0, 0.014063417911529541, 0, 0, 8, 3, 10, 0, 0, 0, 0, 1, 1, 3, 0, 0, 0, 2, 0, 0.5, 0, 0, 0, 0], [0, 0, 0, 0.07343080639839172, 0, 0, 8, 3, 10, 0, 0, 0, 0, 1, 1, 4, 0, 0, 0, 2, 0, 0.5, 0, 0, 0, 0], [0, 0, 0, 0.008208781480789185, 0, 0, 8, 13, 20, 0, 0, 0, 0, 11, 1, 2, 0, 0, 0, 12, 0, 0.16666666666666666, 0, 0, 0, 0], [0, 0, 0, 0.021307945251464844, 0, 0, 8, 13, 20, 0, 0, 0, 0, 11, 1, 1, 0, 0, 0, 12, 0, 0.05263157894736842, 0, 0, 0, 0], [0, 0, 0, 0.024396955966949463, 0, 0, 8, 4, 11, 0, 0, 0, 0, 2, 1, 6, 0, 0, 0, 3, 0, 0.5, 0, 0, 0, 0], [0, 0, 0, 0.16129519045352936, 0, 0, 8, 4, 11, 0, 0, 0, 0, 2, 1, 4, 0, 0, 0, 3, 0, 0.5, 0, 0, 0, 0], [0, 0, 0, 0.026163607835769653, 0, 0, 8, 13, 20, 0, 0, 0, 0, 11, 1, 1, 0, 0, 0, 12, 0, 0.01282051282051282, 0, 0, 0, 0], [0, 0, 0, 0.012062698602676392, 0, 0, 8, 13, 20, 0, 0, 0, 0, 10, 2, 6, 0, 0, 0, 12, 0, 0.5, 0, 0, 0, 0], [0, 0, 0, 0.0050022900104522705, 0, 0, 8, 13, 20, 0, 0, 0, 0, 11, 1, 1, 0, 0, 0, 12, 0, 0.25, 0, 0, 0, 0], [0, 0, 0, 0.010531902313232422, 0, 0, 8, 13, 20, 0, 0, 0, 0, 11, 1, 1, 0, 0, 0, 12, 0, 0.041666666666666664, 0, 0, 0, 0], [0, 0, 0, 0.046498239040374756, 0, 0, 8, 13, 20, 0, 0, 0, 0, 10, 2, 2, 0, 0, 0, 12, 0, 0.5, 0, 0, 0, 0], [0, 0, 0, 0.05423331260681152, 0, 0, 8, 7, 14, 0, 0, 0, 0, 5, 1, 7, 0, 0, 0, 6, 0, 0.5, 0, 0, 0, 0], [0, 0, 0, 0.19090217351913452, 0, 0, 8, 4, 11, 0, 0, 0, 0, 2, 1, 4, 0, 0, 0, 3, 0, 0.5, 0, 0, 0, 0], [0, 0, 0, 0.0046994686126708984, 0, 0, 8, 3, 10, 0, 0, 0, 0, 1, 1, 7, 0, 0, 0, 2, 0, 0.5, 0, 0, 0, 0], [0, 0, 0, 0.001872718334197998, 0, 0, 8, 13, 20, 0, 0, 0, 0, 11, 1, 6, 0, 0, 0, 12, 0, 0.5, 0, 0, 0, 0], [0, 0, 0, 0.13119220733642578, 0, 0, 8, 3, 10, 0, 0, 0, 0, 1, 1, 3, 0, 0, 0, 2, 0, 0.5, 0, 0, 0, 0], [0, 0, 0, 0.003706634044647217, 0, 0, 8, 13, 20, 0, 0, 0, 0, 11, 1, 1, 0, 0, 0, 12, 0, 0.02631578947368421, 0, 0, 0, 0], [0, 0, 0, 0.021172642707824707, 0, 0, 8, 13, 20, 0, 0, 0, 0, 11, 1, 3, 0, 0, 0, 12, 0, 0.5, 0, 0, 0, 0], [0, 0, 0, 0.03736904263496399, 0, 0, 8, 3, 10, 0, 0, 0, 0, 1, 1, 4, 0, 0, 0, 2, 0, 0.5, 0, 0, 0, 0], [0, 0, 0, 0.17740607261657715, 0, 0, 8, 4, 11, 0, 0, 0, 0, 2, 1, 3, 0, 0, 0, 3, 0, 0.5, 0, 0, 0, 0], [0, 0, 0, 0.3005564212799072, 0, 0, 8, 3, 10, 0, 0, 0, 0, 1, 1, 4, 0, 0, 0, 2, 0, 0.5, 0, 0, 0, 0], [0, 0, 0, 0.016339778900146484, 0, 0, 8, 5, 12, 0, 0, 0, 0, 3, 1, 2, 0, 0, 0, 4, 0, 0.25, 0, 0, 0, 0], [0, 0, 0, 0.03962656855583191, 0, 0, 8, 13, 20, 0, 0, 0, 0, 11, 1, 2, 0, 0, 0, 12, 0, 0.5, 0, 0, 0, 0], [0, 0, 0, 0.033549368381500244, 0, 0, 8, 13, 20, 0, 0, 0, 0, 11, 1, 1, 0, 0, 0, 12, 0, 0.05555555555555555, 0, 0, 0, 0], [0, 0, 0, 0.11091570556163788, 0, 0, 8, 6, 13, 0, 0, 0, 0, 4, 1, 4, 0, 0, 0, 5, 0, 0.5, 0, 0, 0, 0], [0, 0, 0, 0.01342707872390747, 0, 0, 8, 13, 20, 0, 0, 0, 0, 11, 1, 7, 0, 0, 0, 12, 0, 0.5, 0, 0, 0, 0], [0, 0, 0, 0.013281047344207764, 0, 0, 8, 3, 10, 0, 0, 0, 0, 1, 1, 4, 0, 0, 0, 2, 0, 0.5, 0, 0, 0, 0], [0, 0, 0, 0.01202404499053955, 0, 0, 8, 3, 10, 0, 0, 0, 0, 1, 1, 7, 0, 0, 0, 2, 0, 0.5, 0, 0, 0, 0], [0, 0, 0, 0.022924214601516724, 0, 0, 8, 13, 20, 0, 0, 0, 0, 11, 1, 4, 0, 0, 0, 12, 0, 0.5, 0, 0, 0, 0], [0, 0, 0, 0.012245386838912964, 0, 0, 8, 13, 20, 0, 0, 0, 0, 11, 1, 1, 0, 0, 0, 12, 0, 0.027777777777777776, 0, 0, 0, 0], [0, 0, 0, 0.010960102081298828, 0, 0, 8, 3, 10, 0, 0, 0, 0, 1, 1, 2, 0, 0, 0, 2, 0, 0.3333333333333333, 0, 0, 0, 0], [0, 0, 0, 0.01592862606048584, 0, 0, 8, 12, 19, 0, 0, 0, 0, 10, 1, 5, 0, 0, 0, 11, 0, 0.5, 0, 0, 0, 0], [0, 0, 0, 0.050668179988861084, 0, 0, 8, 13, 20, 0, 0, 0, 0, 11, 1, 1, 0, 0, 0, 12, 0, 0.03125, 0, 0, 0, 0], [0, 0, 0, 0.02903461456298828, 0, 0, 8, 4, 11, 0, 0, 0, 0, 2, 1, 6, 0, 0, 0, 3, 0, 0.5, 0, 0, 0, 0], [0, 0, 0, 0.05269128084182739, 0, 0, 8, 10, 17, 0, 0, 0, 0, 8, 1, 1, 0, 0, 0, 9, 0, 0.5, 0, 0, 0, 0], [0, 0, 0, 0.005001425743103027, 0, 0, 8, 13, 20, 0, 1, 0, 0, 11, 1, 1, 0, 0, 0, 12, 0, 0.041666666666666664, 0, 0, 0, 0], [0, 0, 0, 0.003907591104507446, 0, 0, 8, 3, 10, 0, 0, 0, 0, 1, 1, 2, 0, 0, 0, 2, 0, 0.3333333333333333, 0, 0, 0, 0], [0, 0, 0, 0.09820166230201721, 0, 0, 8, 5, 12, 0, 0, 0, 0, 3, 1, 3, 0, 0, 0, 4, 0, 0.5, 0, 0, 0, 0], [0, 0, 0, 0.01568041741847992, 0, 0, 8, 3, 10, 0, 0, 0, 0, 1, 1, 6, 0, 0, 0, 2, 0, 0.5, 0, 0, 0, 0], [0, 0, 0, 0.02329850196838379, 0, 0, 8, 11, 18, 0, 0, 0, 0, 9, 1, 1, 0, 0, 0, 10, 0, 0.5, 0, 0, 0, 0], [0, 0, 0, 0.015541374683380127, 0, 0, 8, 8, 15, 0, 0, 0, 0, 6, 1, 2, 0, 0, 0, 7, 0, 0.5, 0, 0, 0, 0], [0, 0, 0, 0.0010323524475097656, 0, 0, 8, 8, 15, 0, 0, 0, 0, 6, 1, 5, 0, 0, 0, 7, 0, 0.5, 0, 0, 0, 0], [0, 0, 0, 0.057055532932281494, 0, 0, 8, 8, 15, 0, 0, 0, 0, 6, 1, 5, 0, 0, 0, 7, 0, 0.5, 0, 0, 0, 0], [0, 0, 0, 0.010848283767700195, 0, 0, 8, 3, 10, 0, 0, 0, 0, 1, 1, 6, 0, 0, 0, 2, 0, 0.5, 0, 0, 0, 0], [0, 0, 0, 0.0036627650260925293, 0, 0, 8, 13, 20, 0, 0, 0, 0, 11, 1, 4, 0, 0, 0, 12, 0, 0.5, 0, 0, 0, 0], [0, 0, 0, 0.02530360221862793, 0, 0, 8, 4, 11, 0, 0, 0, 0, 2, 1, 6, 0, 0, 0, 3, 0, 0.5, 0, 0, 0, 0], [0, 0, 0, 0.0006759464740753174, 0, 0, 8, 4, 11, 0, 0, 0, 0, 2, 1, 5, 0, 0, 0, 3, 0, 0.5, 0, 0, 0, 0], [1, 0, 0, 0.06712523102760315, 0, 0, 8, 5, 12, 1, 0, 0, 0, 3, 1, 3, 0, 0, 0, 4, 0, 0.5, 0, 0, 0, 0], [0, 0, 0, 0.01084834337234497, 0, 0, 8, 3, 10, 0, 0, 0, 0, 1, 1, 6, 0, 0, 0, 2, 0, 0.5, 0, 0, 0, 0], [0, 0, 0, 0.021285831928253174, 0, 0, 8, 6, 13, 0, 0, 0, 0, 4, 1, 5, 0, 0, 0, 5, 0, 0.5, 0, 0, 0, 0], [0, 0, 0, 0.04280608892440796, 0, 0, 8, 4, 11, 0, 0, 0, 0, 2, 1, 6, 0, 0, 0, 3, 0, 0.5, 0, 0, 0, 0], [0, 0, 0, 0.05330377817153931, 0, 0, 8, 7, 14, 0, 0, 0, 0, 5, 1, 4, 0, 0, 0, 6, 0, 0.5, 0, 0, 0, 0], [0, 0, 0, 0.006583869457244873, 0, 0, 8, 13, 20, 0, 0, 0, 0, 11, 1, 1, 0, 0, 0, 12, 0, 0.041666666666666664, 0, 0, 0, 0], [0, 0, 0, 0.028318345546722412, 0, 0, 8, 3, 10, 0, 0, 0, 0, 1, 1, 4, 0, 0, 0, 2, 0, 0.5, 0, 0, 0, 0], [0, 0, 0, 0.04119578003883362, 0, 0, 8, 3, 10, 0, 0, 0, 0, 1, 1, 5, 0, 0, 0, 2, 0, 0.5, 0, 0, 0, 0], [0, 0, 0, 0.013825744390487671, 0, 0, 8, 9, 16, 0, 0, 0, 0, 7, 1, 4, 0, 0, 0, 8, 0, 0.5, 0, 0, 0, 0], [0, 0, 0, 0.007481634616851807, 0, 0, 8, 3, 10, 0, 0, 0, 0, 1, 1, 5, 0, 0, 0, 2, 0, 0.5, 0, 0, 0, 0], [0, 0, 0, 0.01117253303527832, 0, 0, 8, 7, 14, 0, 0, 0, 0, 5, 1, 5, 0, 0, 0, 6, 0, 0.5, 0, 0, 0, 0], [0, 0, 0, 0.18323010206222534, 0, 0, 8, 3, 10, 0, 0, 0, 0, 1, 1, 4, 0, 0, 0, 2, 0, 0.5, 0, 0, 0, 0], [0, 0, 0, 0.025872349739074707, 0, 0, 8, 13, 20, 0, 0, 0, 0, 11, 1, 1, 0, 0, 0, 12, 0, 0.03125, 0, 0, 0, 0], [0, 0, 0, 0.039923399686813354, 0, 0, 8, 13, 20, 0, 0, 0, 0, 11, 1, 3, 0, 0, 0, 12, 0, 0.5, 0, 0, 0, 0], [0, 0, 0, 0.35725918412208557, 0, 0, 8, 3, 10, 0, 0, 0, 0, 1, 1, 3, 0, 0, 0, 2, 0, 0.5, 0, 0, 0, 0], [0, 0, 0, 0.09194260835647583, 0, 0, 8, 5, 12, 0, 0, 0, 0, 3, 1, 2, 0, 0, 0, 4, 0, 0.5, 0, 0, 0, 0], [0, 0, 0, 0.013554096221923828, 0, 0, 8, 13, 20, 0, 0, 1, 0, 11, 1, 6, 0, 0, 0, 12, 0, 0.5, 0, 0, 0, 0], [0, 0, 0, 0.00618407130241394, 0, 0, 8, 6, 13, 0, 0, 0, 0, 4, 1, 4, 0, 0, 0, 5, 0, 0.5, 0, 0, 0, 0], [0, 0, 0, 0.008655190467834473, 0, 0, 8, 13, 20, 0, 0, 0, 0, 11, 1, 1, 0, 0, 0, 12, 0, 0.027777777777777776, 0, 0, 0, 0], [0, 0, 0, 0.04480099678039551, 0, 0, 8, 13, 20, 0, 0, 0, 0, 11, 1, 1, 0, 0, 0, 12, 0, 0.05555555555555555, 0, 0, 0, 0], [1, 0, 0, 0.04693186283111572, 0, 0, 8, 13, 20, 1, 0, 1, 0, 11, 1, 4, 0, 0, 0, 12, 0, 0.5, 0, 0, 0, 0], [0, 0, 0, 0.0, 0, 0, 8, 13, 20, 0, 0, 0, 0, 10, 2, 6, 0, 0, 0, 12, 0, 0.5, 0, 0, 0, 0], [0, 0, 0, 0.06291300058364868, 0, 0, 8, 9, 16, 0, 0, 0, 0, 7, 1, 4, 0, 0, 0, 8, 0, 0.5, 0, 0, 0, 0], [0, 0, 0, 0.011757969856262207, 0, 0, 8, 6, 13, 0, 0, 0, 0, 4, 1, 5, 0, 0, 0, 5, 0, 0.5, 0, 0, 0, 0], [0, 0, 0, 0.2604745924472809, 0, 0, 8, 3, 10, 0, 0, 0, 0, 1, 1, 4, 0, 0, 0, 2, 0, 0.5, 0, 0, 0, 0], [0, 0, 0, 0.0785142183303833, 0, 0, 8, 13, 20, 0, 0, 0, 0, 11, 1, 4, 0, 0, 0, 12, 0, 0.5, 0, 0, 0, 0], [0, 0, 0, 0.022255897521972656, 0, 0, 8, 13, 20, 0, 0, 0, 0, 11, 1, 1, 0, 0, 0, 12, 0, 0.041666666666666664, 0, 0, 0, 0], [0, 0, 0, 0.01934152841567993, 0, 0, 8, 5, 12, 0, 0, 0, 0, 3, 1, 4, 0, 0, 0, 4, 0, 0.5, 0, 0, 0, 0], [0, 0, 0, 0.023932278156280518, 0, 0, 8, 3, 10, 0, 0, 0, 0, 1, 1, 3, 0, 0, 0, 2, 0, 0.5, 0, 0, 0, 0], [0, 0, 0, 0.08418154716491699, 0, 0, 8, 5, 12, 0, 0, 0, 0, 3, 1, 5, 0, 0, 0, 4, 0, 0.5, 0, 0, 0, 0], [0, 0, 0, 0.00759047269821167, 0, 0, 8, 13, 20, 0, 0, 0, 0, 11, 1, 3, 0, 0, 0, 12, 0, 0.5, 0, 0, 0, 0], [0, 0, 0, 0.07425719499588013, 0, 0, 8, 5, 12, 0, 0, 0, 0, 3, 1, 4, 0, 0, 0, 4, 0, 0.5, 0, 0, 0, 0], [0, 0, 0, 0.000577092170715332, 0, 0, 8, 3, 10, 0, 0, 0, 0, 1, 1, 5, 0, 0, 0, 2, 0, 0.5, 0, 0, 0, 0], [0, 0, 0, 0.09447780251502991, 0, 0, 8, 3, 10, 0, 0, 0, 0, 1, 1, 3, 0, 0, 0, 2, 0, 0.5, 0, 0, 0, 0], [0, 0, 0, 0.02698338031768799, 0, 0, 8, 6, 13, 0, 0, 0, 0, 4, 1, 2, 0, 0, 0, 5, 0, 0.25, 0, 0, 0, 0], [0, 0, 0, 0.020510315895080566, 0, 0, 8, 4, 11, 0, 0, 0, 0, 2, 1, 4, 0, 0, 0, 3, 0, 0.5, 0, 0, 0, 0], [0, 0, 0, 0.022270619869232178, 0, 0, 8, 10, 17, 0, 0, 0, 0, 8, 1, 5, 0, 0, 0, 9, 0, 0.5, 0, 0, 0, 0], [0, 0, 0, 0.03189045190811157, 0, 0, 8, 13, 20, 0, 0, 0, 0, 11, 1, 4, 0, 0, 0, 12, 0, 0.5, 0, 0, 0, 0], [0, 0, 0, 0.054665714502334595, 0, 0, 8, 7, 14, 0, 0, 0, 0, 5, 1, 5, 0, 0, 0, 6, 0, 0.5, 0, 0, 0, 0], [0, 0, 0, 0.0056085288524627686, 0, 0, 8, 7, 14, 0, 0, 0, 0, 5, 1, 4, 0, 0, 0, 6, 0, 0.5, 0, 0, 0, 0], [0, 0, 0, 0.05750831961631775, 0, 0, 8, 13, 20, 0, 0, 1, 0, 11, 1, 2, 0, 0, 0, 12, 0, 0.5, 0, 0, 0, 0], [0, 0, 0, 0.008044630289077759, 0, 0, 8, 13, 20, 0, 0, 0, 0, 11, 1, 4, 0, 0, 0, 12, 0, 0.5, 0, 0, 0, 0], [0, 0, 0, 0.007339268922805786, 0, 0, 8, 6, 13, 0, 0, 0, 0, 4, 1, 3, 0, 0, 0, 5, 0, 0.5, 0, 0, 0, 0], [0, 0, 0, 0.011043846607208252, 0, 0, 8, 13, 20, 0, 0, 0, 0, 11, 1, 4, 0, 0, 0, 12, 0, 0.5, 0, 0, 0, 0], [0, 0, 0, 0.009505242109298706, 0, 0, 8, 13, 20, 0, 0, 0, 0, 11, 1, 1, 0, 0, 0, 12, 0, 0.041666666666666664, 0, 0, 0, 0], [0, 0, 0, 0.1292330026626587, 0, 0, 8, 3, 10, 0, 0, 0, 0, 1, 1, 2, 0, 0, 0, 2, 0, 0.5, 0, 0, 0, 0], [0, 0, 0, 0.038037121295928955, 0, 0, 8, 5, 12, 0, 0, 0, 0, 3, 1, 6, 0, 0, 0, 4, 0, 0.5, 0, 0, 0, 0], [0, 0, 0, 0.004276067018508911, 0, 0, 8, 5, 12, 0, 0, 0, 0, 3, 1, 5, 0, 0, 0, 4, 0, 0.5, 0, 0, 0, 0], [0, 0, 0, 0.14660531282424927, 0, 0, 8, 3, 10, 0, 0, 0, 0, 1, 1, 3, 0, 0, 0, 2, 0, 0.5, 0, 0, 0, 0], [0, 0, 0, 0.11772739887237549, 0, 0, 8, 4, 11, 0, 0, 0, 0, 2, 1, 2, 0, 0, 0, 3, 0, 0.3333333333333333, 0, 0, 0, 0], [0, 0, 0, 0.004699349403381348, 0, 0, 8, 3, 10, 0, 0, 0, 0, 1, 1, 7, 0, 0, 0, 2, 0, 0.5, 0, 0, 0, 0], [0, 0, 0, 0.013086557388305664, 0, 0, 8, 13, 20, 0, 0, 0, 0, 11, 1, 3, 0, 0, 0, 12, 0, 0.5, 0, 0, 0, 0], [0, 0, 0, 0.007305935025215149, 0, 0, 8, 3, 10, 0, 0, 0, 0, 1, 1, 1, 0, 0, 0, 2, 0, 0.06666666666666667, 0, 0, 0, 0], [0, 0, 0, 0.012187987565994263, 0, 0, 8, 7, 14, 0, 0, 0, 0, 5, 1, 4, 0, 0, 0, 6, 0, 0.5, 0, 0, 0, 0], [0, 0, 0, 0.032784268260002136, 0, 0, 8, 5, 12, 0, 0, 0, 0, 3, 1, 3, 0, 0, 0, 4, 0, 0.5, 0, 0, 0, 0], [0, 0, 0, 0.048105478286743164, 0, 0, 8, 3, 10, 0, 0, 0, 0, 1, 1, 4, 0, 0, 0, 2, 0, 0.5, 0, 0, 0, 0], [0, 0, 0, 0.0008021891117095947, 0, 0, 8, 6, 13, 0, 0, 0, 0, 4, 1, 7, 0, 0, 0, 5, 0, 0.5, 0, 0, 0, 0], [0, 0, 0, 0.0013785362243652344, 0, 0, 8, 9, 16, 0, 0, 0, 0, 7, 1, 5, 0, 0, 0, 8, 0, 0.5, 0, 0, 0, 0], [0, 0, 0, 0.012091726064682007, 0, 0, 8, 13, 20, 0, 0, 0, 0, 11, 1, 1, 0, 0, 0, 12, 0, 0.03125, 0, 0, 0, 0], [0, 0, 0, 0.11045974493026733, 0, 0, 8, 4, 11, 0, 0, 0, 0, 2, 1, 5, 0, 0, 0, 3, 0, 0.5, 0, 0, 0, 0], [0, 0, 0, 0.013692587614059448, 0, 0, 8, 8, 15, 0, 0, 0, 0, 6, 1, 3, 0, 0, 0, 7, 0, 0.5, 0, 0, 0, 0], [0, 0, 0, 0.12793749570846558, 0, 0, 8, 3, 10, 0, 0, 0, 0, 1, 1, 3, 0, 0, 0, 2, 0, 0.5, 0, 0, 0, 0], [0, 0, 0, 0.023870408535003662, 0, 0, 8, 12, 19, 0, 0, 0, 0, 9, 2, 4, 0, 0, 0, 11, 0, 0.5, 0, 0, 0, 0], [0, 0, 0, 0.008855879306793213, 0, 0, 8, 5, 12, 0, 0, 0, 0, 3, 1, 5, 0, 0, 0, 4, 0, 0.5, 0, 0, 0, 0], [0, 0, 0, 0.006963223218917847, 0, 0, 8, 13, 20, 0, 0, 0, 0, 11, 1, 3, 0, 0, 0, 12, 0, 0.5, 0, 0, 0, 0], [0, 0, 0, 0.02765190601348877, 0, 0, 8, 7, 14, 0, 0, 0, 0, 5, 1, 3, 0, 0, 0, 6, 0, 0.5, 0, 0, 0, 0], [0, 0, 0, 0.013243317604064941, 0, 0, 8, 3, 10, 0, 0, 0, 0, 1, 1, 5, 0, 0, 0, 2, 0, 0.5, 0, 0, 0, 0], [0, 0, 0, 0.06338214874267578, 0, 0, 8, 13, 20, 0, 0, 0, 0, 11, 1, 2, 0, 0, 0, 12, 0, 0.5, 0, 0, 0, 0], [0, 0, 0, 0.040899455547332764, 0, 0, 8, 13, 20, 0, 0, 0, 0, 11, 1, 3, 0, 0, 0, 12, 0, 0.5, 0, 0, 0, 0], [0, 0, 0, 0.030808359384536743, 0, 0, 8, 5, 12, 0, 0, 0, 0, 3, 1, 2, 0, 0, 0, 4, 0, 0.5, 0, 0, 0, 0], [0, 0, 0, 0.017240822315216064, 0, 0, 8, 13, 20, 0, 0, 0, 0, 10, 2, 1, 0, 0, 0, 12, 0, 0.027777777777777776, 0, 0, 0, 0], [0, 0, 0, 0.01856827735900879, 0, 0, 8, 3, 10, 0, 0, 0, 0, 1, 1, 2, 0, 0, 0, 2, 0, 0.5, 0, 0, 0, 0], [0, 0, 0, 0.06732815504074097, 0, 0, 8, 13, 20, 0, 0, 1, 1, 11, 1, 3, 0, 0, 0, 12, 0, 0.5, 0, 0, 0, 0], [0, 0, 0, 0.19439080357551575, 0, 0, 8, 3, 10, 0, 0, 0, 0, 1, 1, 4, 0, 0, 0, 2, 0, 0.5, 0, 0, 0, 0], [0, 0, 0, 0.0039528608322143555, 0, 0, 8, 3, 10, 0, 0, 0, 0, 1, 1, 3, 0, 0, 0, 2, 0, 0.5, 0, 0, 0, 0], [0, 0, 0, 0.009140312671661377, 0, 0, 8, 5, 12, 0, 0, 0, 0, 3, 1, 6, 0, 0, 0, 4, 0, 0.5, 0, 0, 0, 0], [0, 0, 0, 0.0009620636701583862, 0, 0, 8, 5, 12, 0, 0, 0, 0, 3, 1, 4, 0, 0, 0, 4, 0, 0.5, 0, 0, 0, 0], [0, 0, 0, 0.13444840908050537, 0, 0, 8, 3, 10, 0, 0, 0, 0, 1, 1, 4, 0, 0, 0, 2, 0, 0.5, 0, 0, 0, 0], [0, 0, 0, 0.004792541265487671, 0, 0, 8, 5, 12, 0, 0, 0, 0, 3, 1, 5, 0, 0, 0, 4, 0, 0.5, 0, 0, 0, 0], [0, 0, 0, 0.0, 0, 0, 8, 12, 19, 0, 0, 0, 0, 10, 1, 4, 0, 0, 0, 11, 0, 0.5, 0, 0, 0, 0], [0, 0, 0, 0.001813262701034546, 0, 0, 8, 3, 10, 0, 0, 0, 0, 1, 1, 3, 0, 0, 0, 2, 0, 0.5, 0, 0, 0, 0], [0, 0, 0, 0.02125924825668335, 0, 0, 8, 13, 20, 0, 0, 0, 0, 11, 1, 4, 0, 0, 0, 12, 0, 0.5, 0, 0, 0, 0], [0, 0, 0, 0.007668048143386841, 0, 0, 8, 10, 17, 0, 0, 0, 0, 8, 1, 5, 0, 0, 0, 9, 0, 0.5, 0, 0, 0, 0], [0, 0, 0, 0.08323311805725098, 0, 0, 8, 3, 10, 0, 0, 0, 0, 1, 1, 2, 0, 0, 0, 2, 0, 0.25, 0, 0, 0, 0], [0, 0, 0, 0.13168108463287354, 0, 0, 8, 4, 11, 0, 0, 0, 0, 2, 1, 3, 0, 0, 0, 3, 0, 0.5, 0, 0, 0, 0], [0, 0, 0, 0.22948849201202393, 0, 0, 8, 3, 10, 0, 0, 0, 0, 1, 1, 5, 0, 0, 0, 2, 0, 0.5, 0, 0, 0, 0], [0, 0, 0, 0.04400619864463806, 0, 0, 8, 4, 11, 0, 0, 0, 0, 2, 1, 5, 0, 0, 0, 3, 0, 0.5, 0, 0, 0, 0], [0, 0, 0, 0.00904381275177002, 0, 0, 8, 13, 20, 0, 0, 0, 0, 11, 1, 4, 0, 0, 0, 12, 0, 0.5, 0, 0, 0, 0], [0, 0, 0, 0.024717748165130615, 0, 0, 8, 13, 20, 0, 0, 0, 0, 11, 1, 1, 0, 0, 0, 12, 0, 0.5, 0, 0, 0, 0], [0, 0, 0, 0.014599263668060303, 0, 0, 8, 13, 20, 0, 0, 0, 0, 11, 1, 1, 0, 0, 0, 12, 0, 0.027777777777777776, 0, 0, 0, 0], [0, 0, 0, 0.18912741541862488, 0, 0, 8, 3, 10, 0, 0, 0, 0, 1, 1, 4, 0, 0, 0, 2, 0, 0.5, 0, 0, 0, 0], [0, 0, 0, 0.00037658214569091797, 0, 0, 8, 10, 17, 0, 0, 0, 0, 8, 1, 5, 0, 0, 0, 9, 0, 0.5, 0, 0, 0, 0], [0, 0, 0, 0.007956832647323608, 0, 0, 8, 13, 20, 0, 0, 0, 0, 11, 1, 1, 0, 0, 0, 12, 0, 0.041666666666666664, 0, 0, 0, 0], [0, 0, 0, 0.01555776596069336, 0, 0, 8, 4, 11, 0, 0, 0, 0, 2, 1, 4, 0, 0, 0, 3, 0, 0.5, 0, 0, 0, 0], [0, 0, 0, 0.003231227397918701, 0, 0, 8, 3, 10, 0, 0, 0, 0, 1, 1, 6, 0, 0, 0, 2, 0, 0.5, 0, 0, 0, 0], [0, 0, 0, 0.010538458824157715, 0, 0, 8, 3, 10, 0, 0, 0, 0, 1, 1, 4, 0, 0, 0, 2, 0, 0.5, 0, 0, 0, 0], [0, 0, 0, 0.008053511381149292, 0, 0, 8, 13, 20, 0, 0, 0, 0, 11, 1, 2, 0, 0, 0, 12, 0, 0.16666666666666666, 0, 0, 0, 0], [0, 0, 0, 0.03380012512207031, 0, 0, 8, 3, 10, 0, 0, 0, 0, 1, 1, 5, 0, 0, 0, 2, 0, 0.5, 0, 0, 0, 0], [0, 0, 0, 0.03197753429412842, 0, 0, 8, 7, 14, 0, 0, 0, 0, 5, 1, 5, 0, 0, 0, 6, 0, 0.5, 0, 0, 0, 0], [0, 0, 0, 0.03128385543823242, 0, 0, 8, 6, 13, 0, 0, 0, 0, 4, 1, 2, 0, 0, 0, 5, 0, 0.3333333333333333, 0, 0, 0, 0], [0, 0, 0, 0.2275509238243103, 0, 0, 8, 4, 11, 0, 0, 0, 0, 2, 1, 6, 0, 0, 0, 3, 0, 0.5, 0, 0, 0, 0], [0, 0, 0, 0.034484684467315674, 0, 0, 8, 4, 11, 0, 0, 0, 0, 2, 1, 7, 0, 0, 0, 3, 0, 0.5, 0, 0, 0, 0], [0, 0, 0, 0.12451362609863281, 0, 0, 8, 3, 10, 0, 0, 0, 0, 1, 1, 2, 0, 0, 0, 2, 0, 0.5, 0, 0, 0, 0], [0, 0, 0, 0.013677775859832764, 0, 0, 8, 6, 13, 0, 0, 0, 0, 4, 1, 5, 0, 0, 0, 5, 0, 0.5, 0, 0, 0, 0], [0, 0, 0, 0.01783314347267151, 0, 0, 8, 10, 17, 0, 0, 0, 0, 8, 1, 2, 0, 0, 0, 9, 0, 0.5, 0, 0, 0, 0], [0, 0, 0, 0.0029661357402801514, 0, 0, 8, 13, 20, 0, 0, 0, 0, 11, 1, 5, 0, 0, 0, 12, 0, 0.5, 0, 0, 0, 0], [0, 0, 0, 0.14219880104064941, 0, 0, 8, 3, 10, 0, 0, 0, 0, 1, 1, 3, 0, 0, 0, 2, 0, 0.5, 0, 0, 0, 0], [0, 0, 0, 0.004413381218910217, 0, 0, 8, 3, 10, 0, 0, 0, 0, 1, 1, 2, 0, 0, 0, 2, 0, 0.5, 0, 0, 0, 0], [0, 0, 0, 0.03073716163635254, 0, 0, 8, 10, 17, 0, 0, 0, 0, 8, 1, 5, 0, 0, 0, 9, 0, 0.5, 0, 0, 0, 0], [0, 0, 0, 0.1281280219554901, 0, 0, 8, 6, 13, 0, 0, 0, 0, 4, 1, 4, 0, 0, 0, 5, 0, 0.5, 0, 0, 0, 0], [0, 0, 0, 0.14766567945480347, 0, 0, 8, 12, 19, 0, 0, 0, 0, 10, 1, 4, 0, 0, 0, 11, 0, 0.5, 0, 0, 0, 0], [0, 0, 0, 0.0012925565242767334, 0, 0, 8, 3, 10, 0, 0, 0, 0, 1, 1, 2, 0, 0, 0, 2, 0, 0.5, 0, 0, 0, 0], [0, 0, 0, 0.26093143224716187, 0, 0, 8, 3, 10, 0, 0, 0, 0, 1, 1, 2, 0, 0, 0, 2, 0, 0.3333333333333333, 0, 0, 0, 0], [0, 0, 0, 0.062006354331970215, 0, 0, 8, 13, 20, 0, 0, 0, 0, 11, 1, 2, 0, 0, 0, 12, 0, 0.5, 0, 0, 0, 0], [0, 0, 0, 0.041862666606903076, 0, 0, 8, 13, 20, 0, 0, 0, 0, 11, 1, 3, 0, 0, 0, 12, 0, 0.5, 0, 0, 0, 0], [0, 0, 0, 0.09473800659179688, 0, 0, 8, 3, 10, 0, 0, 0, 0, 1, 1, 3, 0, 0, 0, 2, 0, 0.3333333333333333, 0, 0, 0, 0], [0, 0, 0, 0.02700328826904297, 0, 0, 8, 13, 20, 0, 0, 0, 0, 11, 1, 1, 0, 0, 0, 12, 0, 0.041666666666666664, 0, 0, 0, 0], [0, 0, 0, 0.014521241188049316, 0, 0, 8, 13, 20, 0, 0, 0, 0, 11, 1, 4, 0, 0, 0, 12, 0, 0.5, 0, 0, 0, 0], [0, 0, 0, 0.06718814373016357, 0, 0, 8, 7, 14, 0, 0, 0, 0, 5, 1, 6, 0, 0, 0, 6, 0, 0.5, 0, 0, 0, 0], [0, 0, 0, 0.06977736949920654, 0, 0, 8, 3, 10, 0, 0, 0, 0, 1, 1, 3, 0, 0, 0, 2, 0, 0.5, 0, 0, 0, 0], [0, 0, 0, 0.009485006332397461, 0, 0, 8, 3, 10, 0, 0, 0, 0, 1, 1, 3, 0, 0, 0, 2, 0, 0.3333333333333333, 0, 0, 0, 0], [0, 0, 0, 0.0005735456943511963, 0, 0, 8, 5, 12, 0, 0, 0, 0, 3, 1, 3, 0, 0, 0, 4, 0, 0.3333333333333333, 0, 0, 0, 0], [0, 0, 0, 0.038247495889663696, 0, 0, 8, 3, 10, 0, 0, 0, 0, 1, 1, 4, 0, 0, 0, 2, 0, 0.5, 0, 0, 0, 0], [0, 0, 0, 0.016501277685165405, 0, 0, 8, 13, 20, 0, 0, 0, 0, 11, 1, 1, 0, 0, 0, 12, 0, 0.027777777777777776, 0, 0, 0, 0], [0, 0, 0, 0.041758179664611816, 0, 0, 8, 13, 20, 0, 0, 0, 0, 11, 1, 3, 0, 0, 0, 12, 0, 0.5, 0, 0, 0, 0], [0, 0, 0, 0.014954984188079834, 0, 0, 8, 13, 20, 0, 0, 0, 0, 11, 1, 1, 0, 0, 0, 12, 0, 0.027777777777777776, 0, 0, 0, 0], [0, 0, 0, 0.017587780952453613, 0, 0, 8, 13, 20, 0, 0, 0, 0, 11, 1, 3, 0, 0, 0, 12, 0, 0.5, 0, 0, 0, 0], [0, 0, 0, 0.03942430019378662, 0, 0, 8, 4, 11, 0, 0, 0, 0, 2, 1, 3, 0, 0, 0, 3, 0, 0.5, 0, 0, 0, 0], [0, 0, 0, 0.01640033721923828, 0, 0, 8, 3, 10, 0, 0, 0, 0, 1, 1, 6, 0, 0, 0, 2, 0, 0.5, 0, 0, 0, 0], [0, 0, 0, 0.039263129234313965, 0, 0, 8, 3, 10, 0, 0, 0, 0, 1, 1, 5, 0, 0, 0, 2, 0, 0.5, 0, 0, 0, 0], [0, 0, 0, 0.06305709481239319, 0, 0, 8, 8, 15, 0, 0, 0, 0, 6, 1, 3, 0, 0, 0, 7, 0, 0.5, 0, 0, 0, 0], [0, 0, 0, 0.03124403953552246, 0, 0, 8, 6, 13, 0, 0, 0, 0, 4, 1, 2, 0, 0, 0, 5, 0, 0.5, 0, 0, 0, 0], [0, 0, 0, 0.015375107526779175, 0, 0, 8, 13, 20, 0, 0, 0, 0, 10, 2, 1, 0, 0, 0, 12, 0, 0.027777777777777776, 0, 0, 0, 0], [0, 0, 0, 0.0046994686126708984, 0, 0, 8, 3, 10, 0, 0, 0, 0, 1, 1, 7, 0, 0, 0, 2, 0, 0.5, 0, 0, 0, 0], [0, 0, 0, 0.028183341026306152, 0, 0, 8, 13, 20, 0, 0, 0, 0, 11, 1, 3, 0, 0, 0, 12, 0, 0.5, 0, 0, 0, 0], [0, 0, 0, 0.0715215802192688, 0, 0, 8, 13, 20, 0, 0, 0, 0, 11, 1, 3, 0, 0, 0, 12, 0, 0.5, 0, 0, 0, 0], [0, 0, 0, 0.0034712404012680054, 0, 0, 8, 3, 10, 0, 0, 0, 0, 1, 1, 4, 0, 0, 0, 2, 0, 0.5, 0, 0, 0, 0], [0, 0, 0, 0.10591757297515869, 0, 0, 8, 3, 10, 0, 0, 0, 0, 1, 1, 4, 0, 0, 0, 2, 0, 0.5, 0, 0, 0, 0], [0, 0, 0, 0.0726393461227417, 0, 0, 8, 5, 12, 0, 0, 0, 0, 3, 1, 3, 0, 0, 0, 4, 0, 0.5, 0, 0, 0, 0], [0, 0, 0, 0.046335577964782715, 0, 0, 8, 5, 12, 0, 0, 0, 0, 3, 1, 5, 0, 0, 0, 4, 0, 0.5, 0, 0, 0, 0], [0, 0, 0, 0.08469381928443909, 0, 0, 8, 3, 10, 0, 0, 0, 0, 1, 1, 4, 0, 0, 0, 2, 0, 0.5, 0, 0, 0, 0], [0, 0, 0, 0.03853371739387512, 0, 0, 8, 13, 20, 0, 0, 0, 0, 11, 1, 1, 0, 0, 0, 12, 0, 0.041666666666666664, 0, 0, 0, 0], [0, 0, 0, 0.011664003133773804, 0, 0, 8, 13, 20, 0, 0, 0, 0, 10, 2, 1, 0, 0, 0, 12, 0, 0.027777777777777776, 0, 0, 0, 0], [0, 0, 0, 0.03698781132698059, 0, 0, 8, 3, 10, 0, 0, 0, 0, 1, 1, 2, 0, 0, 0, 2, 0, 0.5, 0, 0, 0, 0], [0, 0, 0, 0.06756427884101868, 0, 0, 8, 3, 10, 0, 0, 0, 0, 1, 1, 3, 0, 0, 0, 2, 0, 0.5, 0, 0, 0, 0], [0, 0, 0, 0.009014368057250977, 0, 0, 8, 13, 20, 0, 0, 0, 0, 11, 1, 1, 0, 0, 0, 12, 0, 0.027777777777777776, 0, 0, 0, 0], [0, 0, 0, 0.01625719666481018, 0, 0, 8, 5, 12, 0, 0, 0, 0, 3, 1, 4, 0, 0, 0, 4, 0, 0.5, 0, 0, 0, 0], [0, 0, 0, 0.0, 0, 0, 8, 5, 12, 0, 0, 0, 0, 3, 1, 6, 0, 0, 0, 4, 0, 0.5, 0, 0, 0, 0], [0, 0, 0, 0.011570245027542114, 0, 0, 8, 5, 12, 0, 0, 0, 0, 3, 1, 6, 0, 0, 0, 4, 0, 0.5, 0, 0, 0, 0], [0, 0, 0, 0.01739901304244995, 1, 0, 8, 13, 20, 0, 0, 1, 0, 11, 1, 1, 0, 0, 0, 12, 0, 0.03125, 0, 0, 0, 0], [0, 0, 0, 0.047051191329956055, 0, 0, 8, 4, 11, 0, 0, 0, 0, 2, 1, 6, 0, 0, 0, 3, 0, 0.5, 0, 0, 0, 0], [0, 0, 0, 0.003231227397918701, 0, 0, 8, 3, 10, 0, 0, 0, 0, 1, 1, 6, 0, 0, 0, 2, 0, 0.5, 0, 0, 0, 0], [0, 0, 0, 0.008377611637115479, 0, 0, 8, 10, 17, 0, 0, 0, 0, 8, 1, 3, 0, 0, 0, 9, 0, 0.5, 0, 0, 0, 0], [0, 0, 0, 0.011167675256729126, 0, 0, 8, 13, 20, 0, 0, 0, 0, 11, 1, 1, 0, 0, 0, 12, 0, 0.038461538461538464, 0, 0, 0, 0], [0, 0, 0, 0.016895532608032227, 0, 0, 8, 3, 10, 0, 0, 0, 0, 1, 1, 4, 0, 0, 0, 2, 0, 0.5, 0, 0, 0, 0], [0, 0, 0, 0.04892924427986145, 0, 0, 8, 13, 20, 0, 0, 0, 0, 11, 1, 1, 0, 0, 0, 12, 0, 0.03125, 0, 0, 0, 0], [0, 0, 0, 0.012719452381134033, 0, 0, 8, 13, 20, 0, 0, 0, 0, 11, 1, 4, 0, 0, 0, 12, 0, 0.5, 0, 0, 0, 0], [0, 0, 0, 0.17698919773101807, 0, 0, 8, 3, 10, 0, 0, 0, 0, 1, 1, 3, 0, 0, 0, 2, 0, 0.5, 0, 0, 0, 0], [0, 0, 0, 0.30824580788612366, 0, 0, 8, 3, 10, 0, 0, 0, 0, 1, 1, 4, 0, 0, 0, 2, 0, 0.5, 0, 0, 0, 0], [0, 0, 0, 0.003179788589477539, 0, 0, 8, 3, 10, 0, 0, 0, 0, 1, 1, 4, 0, 0, 0, 2, 0, 0.5, 0, 0, 0, 0], [0, 0, 0, 0.19091245532035828, 0, 0, 8, 3, 10, 0, 0, 0, 0, 1, 1, 3, 0, 0, 0, 2, 0, 0.5, 0, 0, 0, 0], [0, 0, 0, 0.10779780149459839, 0, 0, 8, 6, 13, 0, 0, 0, 0, 4, 1, 4, 0, 0, 0, 5, 0, 0.5, 0, 0, 0, 0], [0, 0, 0, 0.030782222747802734, 0, 0, 8, 6, 13, 0, 0, 0, 0, 4, 1, 5, 0, 0, 0, 5, 0, 0.5, 0, 0, 0, 0], [0, 0, 0, 0.04759424924850464, 0, 0, 8, 8, 15, 0, 0, 0, 0, 6, 1, 7, 0, 0, 0, 7, 0, 0.5, 0, 0, 0, 0], [0, 0, 0, 0.00018310546875, 0, 0, 8, 3, 10, 0, 0, 0, 0, 1, 1, 7, 0, 0, 0, 2, 0, 0.5, 0, 0, 0, 0], [0, 0, 0, 0.02495218813419342, 0, 0, 8, 3, 10, 0, 0, 0, 0, 1, 1, 3, 0, 0, 0, 2, 0, 0.5, 0, 0, 0, 0], [0, 0, 0, 0.005484730005264282, 0, 0, 8, 13, 20, 0, 0, 0, 0, 11, 1, 3, 0, 0, 0, 12, 0, 0.5, 0, 0, 0, 0], [0, 0, 0, 0.04190140962600708, 0, 0, 8, 13, 20, 0, 0, 0, 0, 10, 2, 4, 0, 0, 0, 12, 0, 0.5, 0, 0, 0, 0], [0, 0, 0, 0.0036042630672454834, 0, 0, 8, 13, 20, 0, 0, 0, 0, 11, 1, 1, 0, 0, 0, 12, 0, 0.25, 0, 0, 0, 0], [0, 0, 0, 0.0049405694007873535, 0, 0, 8, 13, 20, 0, 0, 0, 0, 11, 1, 7, 0, 0, 0, 12, 0, 0.5, 0, 0, 0, 0], [0, 0, 0, 0.01923304796218872, 0, 0, 8, 13, 20, 0, 0, 0, 0, 11, 1, 4, 0, 0, 0, 12, 0, 0.5, 0, 0, 0, 0], [0, 0, 0, 0.0685071051120758, 0, 0, 8, 4, 11, 0, 0, 0, 0, 2, 1, 3, 0, 0, 0, 3, 0, 0.5, 0, 0, 0, 0], [0, 0, 0, 0.000183790922164917, 0, 0, 8, 13, 20, 0, 0, 0, 0, 11, 1, 1, 0, 0, 0, 12, 0, 0.5, 0, 0, 0, 0], [0, 0, 0, 0.022431492805480957, 0, 0, 8, 10, 17, 0, 0, 0, 0, 8, 1, 3, 0, 0, 0, 9, 0, 0.5, 0, 0, 0, 0], [0, 0, 0, 0.01656433939933777, 0, 0, 8, 13, 20, 0, 0, 0, 0, 11, 1, 4, 0, 0, 0, 12, 0, 0.5, 0, 0, 0, 0], [0, 0, 0, 0.0018956363201141357, 0, 0, 8, 13, 20, 0, 0, 0, 0, 11, 1, 3, 0, 0, 0, 12, 0, 0.5, 0, 0, 0, 0], [0, 0, 0, 0.00936204195022583, 0, 0, 8, 13, 20, 0, 0, 0, 0, 11, 1, 1, 0, 0, 0, 12, 0, 0.027777777777777776, 0, 0, 0, 0], [0, 0, 0, 0.03954756259918213, 0, 0, 8, 13, 20, 0, 1, 0, 0, 11, 1, 1, 0, 0, 0, 12, 0, 0.03125, 0, 0, 0, 0], [0, 0, 0, 0.3775325119495392, 0, 0, 8, 3, 10, 0, 0, 0, 0, 1, 1, 4, 0, 0, 0, 2, 0, 0.5, 0, 0, 0, 0], [1, 0, 0, 0.20560789108276367, 0, 0, 8, 4, 11, 1, 0, 0, 0, 2, 1, 2, 0, 0, 0, 3, 0, 0.5, 0, 0, 0, 0], [0, 0, 0, 0.033053576946258545, 0, 0, 8, 3, 10, 0, 0, 0, 0, 1, 1, 7, 0, 0, 0, 2, 0, 0.5, 0, 0, 0, 0], [0, 0, 0, 0.05397683382034302, 0, 0, 8, 3, 10, 0, 0, 0, 0, 1, 1, 2, 0, 0, 0, 2, 0, 0.5, 0, 0, 0, 0], [0, 0, 0, 0.0020693838596343994, 0, 0, 8, 11, 18, 0, 0, 0, 0, 9, 1, 4, 0, 0, 0, 10, 0, 0.5, 0, 0, 0, 0], [0, 0, 0, 0.012533247470855713, 0, 0, 8, 13, 20, 0, 0, 0, 0, 11, 1, 3, 0, 0, 0, 12, 0, 0.5, 0, 0, 0, 0], [0, 0, 0, 0.07220172882080078, 0, 0, 8, 7, 14, 0, 0, 0, 0, 5, 1, 4, 0, 0, 0, 6, 0, 0.5, 0, 0, 0, 0], [0, 0, 0, 0.026462048292160034, 0, 0, 8, 4, 11, 0, 0, 0, 0, 2, 1, 4, 0, 0, 0, 3, 0, 0.5, 0, 0, 0, 0], [0, 0, 0, 0.001743406057357788, 0, 0, 8, 6, 13, 0, 0, 0, 0, 4, 1, 5, 0, 0, 0, 5, 0, 0.5, 0, 0, 0, 0], [0, 0, 0, 0.1918385624885559, 0, 0, 8, 3, 10, 0, 0, 0, 0, 1, 1, 4, 0, 0, 0, 2, 0, 0.5, 0, 0, 0, 0], [0, 0, 0, 0.011282235383987427, 0, 0, 8, 13, 20, 0, 0, 1, 0, 11, 1, 2, 0, 0, 0, 12, 0, 0.5, 0, 0, 0, 0], [0, 0, 0, 0.005025118589401245, 0, 0, 8, 4, 11, 0, 0, 0, 0, 2, 1, 4, 0, 0, 0, 3, 0, 0.5, 0, 0, 0, 0], [0, 0, 0, 0.00921216607093811, 0, 0, 8, 13, 20, 0, 0, 0, 0, 11, 1, 7, 0, 0, 0, 12, 0, 0.5, 0, 0, 0, 0], [0, 0, 0, 0.1292484700679779, 0, 0, 8, 13, 20, 0, 0, 0, 0, 11, 1, 3, 0, 0, 0, 12, 0, 0.5, 0, 0, 0, 0], [0, 0, 0, 0.07280334830284119, 0, 0, 8, 4, 11, 0, 0, 0, 0, 2, 1, 4, 0, 0, 0, 3, 0, 0.5, 0, 0, 0, 0], [0, 0, 0, 0.007189124822616577, 0, 0, 8, 13, 20, 0, 0, 0, 0, 11, 1, 1, 0, 0, 0, 12, 0, 0.16666666666666666, 0, 0, 0, 0], [0, 0, 0, 0.028910189867019653, 0, 0, 8, 13, 20, 0, 0, 0, 0, 11, 1, 1, 0, 0, 0, 12, 0, 0.041666666666666664, 0, 0, 0, 0], [0, 0, 0, 0.036797165870666504, 0, 0, 8, 3, 10, 0, 0, 0, 0, 1, 1, 3, 0, 0, 0, 2, 0, 0.3333333333333333, 0, 0, 0, 0], [0, 0, 0, 0.025852978229522705, 0, 0, 8, 13, 20, 0, 0, 0, 0, 11, 1, 1, 0, 0, 0, 12, 0, 0.01282051282051282, 0, 0, 0, 0], [0, 0, 0, 0.017926067113876343, 0, 0, 8, 4, 11, 0, 0, 0, 0, 2, 1, 2, 0, 0, 0, 3, 0, 0.5, 0, 0, 0, 0], [0, 0, 0, 0.012292563915252686, 0, 0, 8, 3, 10, 0, 0, 0, 0, 1, 1, 6, 0, 0, 0, 2, 0, 0.5, 0, 0, 0, 0], [0, 0, 0, 0.006865322589874268, 0, 0, 8, 3, 10, 0, 0, 0, 0, 1, 1, 5, 0, 0, 0, 2, 0, 0.5, 0, 0, 0, 0], [0, 0, 0, 0.01634073257446289, 0, 0, 8, 13, 20, 0, 0, 0, 0, 11, 1, 1, 0, 0, 0, 12, 0, 0.027777777777777776, 0, 0, 0, 0], [0, 0, 0, 0.0008544623851776123, 0, 0, 8, 3, 10, 0, 0, 0, 0, 1, 1, 4, 0, 0, 0, 2, 0, 0.5, 0, 0, 0, 0], [0, 0, 0, 0.11378678679466248, 0, 0, 8, 9, 16, 0, 0, 0, 0, 7, 1, 3, 0, 0, 0, 8, 0, 0.5, 0, 0, 0, 0], [0, 0, 0, 0.03832662105560303, 0, 0, 8, 5, 12, 0, 0, 0, 0, 3, 1, 3, 0, 0, 0, 4, 0, 0.5, 0, 0, 0, 0], [0, 0, 0, 0.00969386100769043, 0, 0, 8, 5, 12, 0, 0, 0, 0, 3, 1, 6, 0, 0, 0, 4, 0, 0.5, 0, 0, 0, 0], [0, 0, 0, 0.37502390146255493, 0, 0, 8, 3, 10, 0, 0, 0, 0, 1, 1, 4, 0, 0, 0, 2, 0, 0.5, 0, 0, 0, 0], [0, 0, 0, 0.003955528140068054, 0, 0, 8, 3, 10, 0, 0, 0, 0, 1, 1, 1, 0, 0, 0, 2, 0, 0.1, 0, 0, 0, 0], [0, 0, 0, 0.19336602091789246, 0, 0, 8, 4, 11, 0, 0, 0, 0, 2, 1, 5, 0, 0, 0, 3, 0, 0.5, 0, 0, 0, 0], [0, 0, 0, 0.017354607582092285, 0, 0, 8, 4, 11, 0, 0, 0, 0, 2, 1, 7, 0, 0, 0, 3, 0, 0.5, 0, 0, 0, 0], [0, 0, 0, 0.03307506442070007, 0, 0, 8, 3, 10, 0, 0, 0, 0, 1, 1, 5, 0, 0, 0, 2, 0, 0.5, 0, 0, 0, 0], [0, 0, 0, 0.031444936990737915, 0, 0, 8, 8, 15, 0, 0, 0, 0, 6, 1, 3, 0, 0, 0, 7, 0, 0.5, 0, 0, 0, 0], [0, 0, 0, 0.002108752727508545, 0, 0, 8, 13, 20, 0, 0, 0, 0, 11, 1, 4, 0, 0, 0, 12, 0, 0.5, 0, 0, 0, 0], [0, 0, 0, 0.0015082955360412598, 0, 0, 8, 3, 10, 0, 0, 0, 0, 1, 1, 4, 0, 0, 0, 2, 0, 0.5, 0, 0, 0, 0], [0, 0, 0, 0.005895942449569702, 0, 0, 8, 13, 20, 0, 0, 0, 0, 11, 1, 2, 0, 0, 0, 12, 0, 0.5, 0, 0, 0, 0], [0, 0, 0, 0.0043662190437316895, 0, 0, 8, 7, 14, 0, 0, 0, 0, 5, 1, 5, 0, 0, 0, 6, 0, 0.5, 0, 0, 0, 0], [0, 0, 0, 0.006177186965942383, 0, 0, 8, 13, 20, 0, 0, 0, 0, 11, 1, 4, 0, 0, 0, 12, 0, 0.5, 0, 0, 0, 0], [0, 0, 0, 0.027237683534622192, 0, 0, 8, 13, 20, 0, 1, 0, 0, 10, 2, 2, 0, 0, 0, 12, 0, 0.5, 0, 0, 0, 0], [0, 0, 0, 0.05600613355636597, 0, 0, 8, 5, 12, 0, 0, 0, 0, 3, 1, 2, 0, 0, 0, 4, 0, 0.25, 0, 0, 0, 0], [0, 0, 0, 0.03432881832122803, 0, 0, 8, 13, 20, 0, 0, 0, 0, 11, 1, 1, 0, 0, 0, 12, 0, 0.03125, 0, 0, 0, 0], [0, 0, 0, 0.05836537480354309, 0, 0, 8, 11, 18, 0, 0, 0, 0, 9, 1, 5, 0, 0, 0, 10, 0, 0.5, 0, 0, 0, 0], [0, 0, 0, 0.009356498718261719, 0, 0, 8, 13, 20, 0, 0, 0, 0, 11, 1, 3, 0, 0, 0, 12, 0, 0.5, 0, 0, 0, 0], [0, 0, 0, 0.00021329522132873535, 0, 0, 8, 12, 19, 0, 0, 0, 0, 10, 1, 2, 0, 0, 0, 11, 0, 0.5, 0, 0, 0, 0], [0, 0, 0, 0.010445132851600647, 0, 0, 8, 4, 11, 0, 0, 0, 0, 2, 1, 4, 0, 0, 0, 3, 0, 0.5, 0, 0, 0, 0], [0, 0, 0, 0.04536524415016174, 0, 0, 8, 13, 20, 0, 0, 0, 0, 11, 1, 6, 0, 0, 0, 12, 0, 0.5, 0, 0, 0, 0], [0, 0, 0, 0.010573387145996094, 0, 0, 8, 4, 11, 0, 0, 0, 0, 2, 1, 3, 0, 0, 0, 3, 0, 0.5, 0, 0, 0, 0], [0, 0, 0, 0.015602827072143555, 0, 0, 8, 5, 12, 0, 1, 0, 0, 3, 1, 5, 0, 0, 0, 4, 0, 0.5, 0, 0, 0, 0], [0, 0, 0, 0.007286548614501953, 0, 0, 8, 3, 10, 0, 0, 0, 0, 1, 1, 4, 0, 0, 0, 2, 0, 0.5, 0, 0, 0, 0], [0, 0, 0, 0.18610140681266785, 0, 0, 8, 5, 12, 0, 0, 0, 0, 3, 1, 2, 0, 0, 0, 4, 0, 0.5, 0, 0, 0, 0], [0, 0, 0, 0.03477504849433899, 0, 0, 8, 4, 11, 0, 0, 0, 0, 2, 1, 4, 0, 0, 0, 3, 0, 0.5, 0, 0, 0, 0], [0, 0, 0, 0.059146881103515625, 0, 0, 8, 5, 12, 0, 0, 0, 0, 3, 1, 3, 0, 0, 0, 4, 0, 0.3333333333333333, 0, 0, 0, 0], [0, 0, 0, 0.013741910457611084, 0, 0, 8, 13, 20, 0, 0, 0, 0, 11, 1, 1, 0, 0, 0, 12, 0, 0.02631578947368421, 0, 0, 0, 0], [0, 0, 0, 0.025874078273773193, 0, 0, 8, 8, 15, 0, 0, 0, 0, 6, 1, 3, 0, 0, 0, 7, 0, 0.5, 0, 0, 0, 0], [0, 0, 0, 0.0, 0, 0, 7, 13, 19, 0, 0, 0, 0, 10, 2, 6, 0, 0, 0, 12, 0, 0.5, 0, 0, 0, 0], [0, 0, 0, 0.0037664175033569336, 0, 0, 8, 3, 10, 0, 0, 0, 0, 1, 1, 5, 0, 0, 0, 2, 0, 0.5, 0, 0, 0, 0], [0, 0, 0, 0.07181204855442047, 0, 0, 8, 3, 10, 0, 0, 0, 0, 1, 1, 4, 0, 0, 0, 2, 0, 0.5, 0, 0, 0, 0], [0, 0, 0, 0.013552457094192505, 0, 0, 8, 13, 20, 0, 0, 0, 0, 11, 1, 1, 0, 0, 0, 12, 0, 0.027777777777777776, 0, 0, 0, 0], [0, 0, 0, 0.1611352562904358, 0, 0, 8, 4, 11, 0, 0, 0, 0, 2, 1, 5, 0, 0, 0, 3, 0, 0.5, 0, 0, 0, 0], [0, 0, 0, 0.08211159706115723, 0, 0, 8, 4, 11, 0, 0, 0, 0, 2, 1, 2, 0, 0, 0, 3, 0, 0.25, 0, 0, 0, 0], [0, 0, 0, 0.24445658922195435, 0, 0, 8, 4, 11, 0, 0, 0, 0, 2, 1, 3, 0, 0, 0, 3, 0, 0.5, 0, 0, 0, 0], [0, 0, 0, 0.047043800354003906, 0, 0, 8, 5, 12, 0, 0, 0, 0, 3, 1, 6, 0, 0, 0, 4, 0, 0.5, 0, 0, 0, 0], [0, 0, 0, 0.005055665969848633, 0, 0, 8, 13, 20, 0, 0, 0, 0, 11, 1, 4, 0, 0, 0, 12, 0, 0.5, 0, 0, 0, 0], [0, 0, 0, 0.04229772090911865, 0, 0, 8, 3, 10, 0, 0, 0, 0, 1, 1, 3, 0, 0, 0, 2, 0, 0.3333333333333333, 0, 0, 0, 0], [0, 0, 0, 0.05499374866485596, 0, 0, 8, 3, 10, 0, 0, 0, 0, 1, 1, 3, 0, 0, 0, 2, 0, 0.5, 0, 0, 0, 0], [0, 0, 0, 0.06779223680496216, 0, 0, 8, 13, 20, 0, 0, 0, 0, 11, 1, 1, 0, 0, 0, 12, 0, 0.5, 0, 0, 0, 0], [0, 0, 0, 0.01274043321609497, 0, 0, 8, 13, 20, 0, 1, 0, 0, 11, 1, 4, 0, 0, 0, 12, 0, 0.5, 0, 0, 0, 0], [0, 0, 0, 0.017586112022399902, 0, 0, 8, 13, 20, 0, 0, 1, 0, 11, 1, 3, 0, 0, 0, 12, 0, 0.5, 0, 0, 0, 0], [0, 0, 0, 0.009590238332748413, 0, 0, 8, 6, 13, 0, 0, 0, 0, 4, 1, 5, 0, 0, 0, 5, 0, 0.5, 0, 0, 0, 0], [0, 0, 0, 0.051198363304138184, 0, 0, 8, 13, 20, 0, 0, 0, 0, 11, 1, 1, 0, 0, 0, 12, 0, 0.5, 0, 0, 0, 0], [0, 0, 0, 0.01592811942100525, 0, 0, 8, 5, 12, 0, 0, 0, 0, 3, 1, 6, 0, 0, 0, 4, 0, 0.5, 0, 0, 0, 0], [0, 0, 0, 0.015979677438735962, 0, 0, 8, 13, 20, 0, 0, 0, 0, 11, 1, 5, 0, 0, 0, 12, 0, 0.5, 0, 0, 0, 0], [0, 0, 0, 0.02496582269668579, 0, 0, 8, 13, 20, 0, 0, 0, 0, 11, 1, 2, 0, 0, 0, 12, 0, 0.5, 0, 0, 0, 0], [0, 0, 0, 0.0008837580680847168, 0, 0, 8, 13, 20, 0, 0, 0, 0, 11, 1, 4, 0, 0, 0, 12, 0, 0.5, 0, 0, 0, 0], [0, 0, 0, 0.03255957365036011, 0, 0, 8, 4, 11, 0, 0, 0, 0, 2, 1, 2, 0, 0, 0, 3, 0, 0.3333333333333333, 0, 0, 0, 0], [0, 0, 0, 0.08606389164924622, 0, 0, 8, 3, 10, 0, 0, 0, 0, 1, 1, 2, 0, 0, 0, 2, 0, 0.2, 0, 0, 0, 0], [0, 0, 0, 0.027495384216308594, 0, 0, 8, 4, 11, 0, 0, 0, 0, 2, 1, 3, 0, 0, 0, 3, 0, 0.5, 0, 0, 0, 0], [0, 0, 0, 0.015614122152328491, 0, 0, 8, 6, 13, 0, 0, 0, 0, 4, 1, 5, 0, 0, 0, 5, 0, 0.5, 0, 0, 0, 0], [0, 0, 0, 0.017712712287902832, 0, 0, 8, 13, 20, 0, 0, 0, 0, 11, 1, 1, 0, 0, 0, 12, 0, 0.027777777777777776, 0, 0, 0, 0], [0, 0, 0, 0.005836367607116699, 0, 0, 8, 13, 20, 0, 0, 0, 0, 11, 1, 2, 0, 0, 0, 12, 0, 0.5, 0, 0, 0, 0], [0, 0, 0, 0.1455073058605194, 0, 0, 8, 4, 11, 0, 0, 0, 0, 2, 1, 4, 0, 0, 0, 3, 0, 0.5, 0, 0, 0, 0], [0, 0, 0, 0.004667520523071289, 0, 0, 8, 13, 20, 0, 0, 0, 0, 11, 1, 1, 0, 0, 0, 12, 0, 0.041666666666666664, 0, 0, 0, 0], [0, 0, 0, 0.011547774076461792, 0, 0, 8, 10, 17, 0, 0, 0, 0, 8, 1, 3, 0, 0, 0, 9, 0, 0.5, 0, 0, 0, 0], [0, 0, 0, 0.0513816773891449, 0, 0, 8, 5, 12, 0, 0, 0, 0, 3, 1, 5, 0, 0, 0, 4, 0, 0.5, 0, 0, 0, 0], [0, 0, 0, 0.007193207740783691, 0, 0, 8, 3, 10, 0, 0, 0, 0, 1, 1, 6, 0, 0, 0, 2, 0, 0.5, 0, 0, 0, 0], [0, 0, 0, 0.087868332862854, 0, 0, 8, 7, 14, 0, 0, 0, 0, 5, 1, 5, 0, 0, 0, 6, 0, 0.5, 0, 0, 0, 0], [0, 0, 0, 0.01084834337234497, 0, 0, 8, 3, 10, 0, 0, 0, 0, 1, 1, 6, 0, 0, 0, 2, 0, 0.5, 0, 0, 0, 0], [0, 0, 0, 0.057480305433273315, 0, 0, 8, 3, 10, 0, 0, 0, 0, 1, 1, 4, 0, 0, 0, 2, 0, 0.5, 0, 0, 0, 0], [0, 0, 0, 0.04161450266838074, 0, 0, 8, 10, 17, 0, 0, 0, 0, 8, 1, 4, 0, 0, 0, 9, 0, 0.5, 0, 0, 0, 0], [0, 0, 0, 0.048006415367126465, 0, 0, 8, 9, 16, 0, 0, 0, 0, 7, 1, 5, 0, 0, 0, 8, 0, 0.5, 0, 0, 0, 0], [0, 0, 0, 0.03299857676029205, 0, 0, 8, 13, 20, 0, 0, 0, 0, 11, 1, 3, 0, 0, 0, 12, 0, 0.5, 0, 0, 0, 0], [0, 0, 0, 0.0019586682319641113, 0, 0, 8, 13, 20, 0, 0, 0, 0, 11, 1, 1, 0, 0, 0, 12, 0, 0.1, 0, 0, 0, 0], [0, 0, 0, 0.011569499969482422, 0, 0, 8, 4, 11, 0, 0, 0, 0, 2, 1, 5, 0, 0, 0, 3, 0, 0.5, 0, 0, 0, 0], [0, 0, 0, 0.006950318813323975, 0, 0, 8, 4, 11, 0, 0, 0, 0, 2, 1, 4, 0, 0, 0, 3, 0, 0.5, 0, 0, 0, 0], [0, 0, 0, 0.1271054744720459, 0, 0, 8, 3, 10, 0, 0, 0, 0, 1, 1, 4, 0, 0, 0, 2, 0, 0.5, 0, 0, 0, 0], [0, 0, 0, 0.07423675060272217, 0, 0, 8, 7, 14, 0, 0, 0, 0, 5, 1, 4, 0, 0, 0, 6, 0, 0.5, 0, 0, 0, 0], [0, 0, 0, 0.007991313934326172, 0, 0, 8, 13, 20, 0, 0, 0, 0, 11, 1, 1, 0, 0, 0, 12, 0, 0.027777777777777776, 0, 0, 0, 0], [0, 0, 0, 0.06156274676322937, 0, 0, 8, 7, 14, 0, 0, 0, 0, 5, 1, 3, 0, 0, 0, 6, 0, 0.5, 0, 0, 0, 0], [0, 0, 0, 0.07080161571502686, 0, 0, 8, 3, 10, 0, 0, 0, 0, 1, 1, 4, 0, 0, 0, 2, 0, 0.5, 0, 0, 0, 0], [0, 0, 0, 0.009461641311645508, 0, 0, 8, 13, 20, 0, 0, 0, 0, 11, 1, 1, 0, 0, 0, 12, 0, 0.027777777777777776, 0, 0, 0, 0], [0, 0, 0, 0.011268079280853271, 0, 0, 8, 13, 20, 0, 0, 0, 0, 10, 2, 1, 0, 0, 0, 12, 0, 0.041666666666666664, 0, 0, 0, 0], [0, 0, 0, 0.0053934454917907715, 0, 0, 8, 3, 10, 0, 0, 0, 0, 1, 1, 6, 0, 0, 0, 2, 0, 0.5, 0, 0, 0, 0], [0, 0, 0, 0.0066800713539123535, 0, 0, 8, 9, 16, 0, 0, 0, 0, 7, 1, 1, 0, 0, 0, 8, 0, 0.5, 0, 0, 0, 0], [0, 0, 0, 0.01039421558380127, 0, 0, 8, 3, 10, 0, 0, 0, 0, 1, 1, 7, 0, 0, 0, 2, 0, 0.5, 0, 0, 0, 0], [0, 0, 0, 0.007235169410705566, 0, 0, 8, 3, 10, 0, 0, 0, 0, 1, 1, 2, 0, 0, 0, 2, 0, 0.5, 0, 0, 0, 0], [0, 0, 0, 0.08260953426361084, 0, 0, 8, 4, 11, 0, 0, 0, 0, 2, 1, 4, 0, 0, 0, 3, 0, 0.5, 0, 0, 0, 0], [0, 0, 0, 0.13355016708374023, 0, 0, 8, 3, 10, 0, 0, 0, 0, 1, 1, 3, 0, 0, 0, 2, 0, 0.5, 0, 0, 0, 0], [0, 0, 0, 0.006763100624084473, 0, 0, 8, 13, 20, 0, 0, 0, 0, 11, 1, 6, 0, 0, 0, 12, 0, 0.5, 0, 0, 0, 0], [0, 0, 0, 0.0006124824285507202, 0, 0, 8, 6, 13, 0, 0, 0, 0, 4, 1, 2, 0, 0, 0, 5, 0, 0.25, 0, 0, 0, 0], [0, 0, 0, 0.014272183179855347, 0, 0, 8, 13, 20, 0, 0, 0, 0, 11, 1, 3, 0, 0, 0, 12, 0, 0.5, 0, 0, 0, 0], [0, 0, 0, 0.023614943027496338, 0, 0, 8, 13, 20, 0, 0, 0, 0, 11, 1, 6, 0, 0, 0, 12, 0, 0.5, 0, 0, 0, 0], [0, 0, 0, 0.0024614334106445312, 0, 0, 8, 5, 12, 0, 0, 0, 0, 3, 1, 6, 0, 0, 0, 4, 0, 0.5, 0, 0, 0, 0], [0, 0, 0, 0.0525360107421875, 0, 0, 8, 5, 12, 0, 0, 0, 0, 3, 1, 4, 0, 0, 0, 4, 0, 0.5, 0, 0, 0, 0], [0, 0, 0, 0.016539663076400757, 0, 0, 8, 13, 20, 0, 0, 0, 0, 11, 1, 2, 0, 0, 0, 12, 0, 0.5, 0, 0, 0, 0], [0, 0, 0, 0.02535557746887207, 0, 0, 8, 12, 19, 0, 0, 0, 0, 10, 1, 4, 0, 0, 0, 11, 0, 0.5, 0, 0, 0, 0], [0, 0, 0, 0.07671231031417847, 0, 0, 8, 3, 10, 0, 0, 0, 0, 1, 1, 4, 0, 0, 0, 2, 0, 0.5, 0, 0, 0, 0], [0, 0, 0, 0.010569751262664795, 0, 0, 8, 13, 20, 0, 0, 0, 0, 11, 1, 2, 0, 0, 0, 12, 0, 0.16666666666666666, 0, 0, 0, 0], [0, 0, 0, 0.016318246722221375, 0, 0, 8, 4, 11, 0, 0, 0, 0, 2, 1, 5, 0, 0, 0, 3, 0, 0.5, 0, 0, 0, 0], [0, 0, 0, 0.09777629375457764, 0, 0, 8, 4, 11, 0, 0, 0, 0, 2, 1, 3, 0, 0, 0, 3, 0, 0.5, 0, 0, 0, 0], [0, 0, 0, 0.0630311667919159, 0, 0, 8, 3, 10, 0, 0, 0, 0, 1, 1, 5, 0, 0, 0, 2, 0, 0.5, 0, 0, 0, 0], [0, 0, 0, 0.014637947082519531, 0, 0, 8, 13, 20, 0, 0, 0, 0, 11, 1, 7, 0, 0, 0, 12, 0, 0.5, 0, 0, 0, 0], [0, 0, 0, 0.01739901304244995, 1, 0, 8, 13, 20, 0, 1, 0, 0, 11, 1, 1, 0, 0, 0, 12, 0, 0.03125, 0, 0, 0, 0], [0, 0, 0, 0.04302826523780823, 0, 0, 8, 3, 10, 0, 0, 0, 0, 1, 1, 4, 0, 0, 0, 2, 0, 0.5, 0, 0, 0, 0], [0, 0, 0, 0.1642405390739441, 0, 0, 8, 5, 12, 0, 0, 0, 0, 3, 1, 3, 0, 0, 0, 4, 0, 0.5, 0, 0, 0, 0], [0, 0, 0, 0.03635764122009277, 0, 0, 8, 3, 10, 0, 0, 0, 0, 1, 1, 2, 0, 0, 0, 2, 0, 0.5, 0, 0, 0, 0], [0, 0, 0, 0.04592689871788025, 0, 0, 8, 4, 11, 0, 0, 0, 0, 2, 1, 4, 0, 0, 0, 3, 0, 0.5, 0, 0, 0, 0], [0, 0, 0, 0.24046751856803894, 0, 0, 8, 3, 10, 0, 0, 0, 0, 1, 1, 4, 0, 0, 0, 2, 0, 0.5, 0, 0, 0, 0], [0, 0, 0, 0.011342406272888184, 0, 0, 8, 4, 11, 0, 0, 0, 0, 2, 1, 5, 0, 0, 0, 3, 0, 0.5, 0, 0, 0, 0], [0, 0, 0, 0.0010052621364593506, 0, 0, 8, 3, 10, 0, 0, 0, 0, 1, 1, 4, 0, 0, 0, 2, 0, 0.5, 0, 0, 0, 0], [0, 0, 0, 0.07263627648353577, 0, 0, 8, 13, 20, 0, 0, 0, 0, 11, 1, 2, 0, 0, 0, 12, 0, 0.5, 0, 0, 0, 0], [0, 0, 0, 0.014269769191741943, 0, 0, 8, 3, 10, 0, 0, 0, 0, 1, 1, 4, 0, 0, 0, 2, 0, 0.5, 0, 0, 0, 0], [0, 0, 0, 0.04392796754837036, 0, 0, 8, 4, 11, 0, 0, 0, 0, 2, 1, 2, 0, 0, 0, 3, 0, 0.3333333333333333, 0, 0, 0, 0], [0, 0, 0, 0.036625951528549194, 0, 0, 8, 5, 12, 0, 0, 0, 0, 3, 1, 6, 0, 0, 0, 4, 0, 0.5, 0, 0, 0, 0], [0, 0, 0, 0.020257115364074707, 0, 0, 8, 13, 20, 0, 0, 0, 0, 11, 1, 1, 0, 0, 0, 12, 0, 0.05555555555555555, 0, 0, 0, 0], [0, 0, 0, 0.0827803909778595, 0, 0, 8, 4, 11, 0, 0, 0, 0, 2, 1, 2, 0, 0, 0, 3, 0, 0.25, 0, 0, 0, 0], [0, 0, 0, 0.005987733602523804, 0, 0, 8, 13, 20, 0, 0, 0, 0, 10, 2, 4, 0, 0, 0, 12, 0, 0.5, 0, 0, 0, 0], [0, 0, 0, 0.05174696445465088, 0, 0, 8, 5, 12, 0, 0, 0, 0, 3, 1, 3, 0, 0, 0, 4, 0, 0.5, 0, 0, 0, 0], [1, 0, 0, 0.005619347095489502, 0, 0, 8, 13, 20, 1, 0, 0, 0, 11, 1, 1, 0, 0, 0, 12, 0, 0.041666666666666664, 0, 0, 0, 0], [0, 0, 0, 0.027214378118515015, 0, 0, 8, 13, 20, 0, 0, 0, 0, 11, 1, 4, 0, 0, 0, 12, 0, 0.5, 0, 0, 0, 0], [0, 0, 0, 0.008921623229980469, 0, 0, 8, 13, 20, 0, 0, 0, 0, 11, 1, 1, 0, 0, 0, 12, 0, 0.041666666666666664, 0, 0, 0, 0], [1, 0, 0, 0.0007807910442352295, 0, 0, 8, 3, 10, 1, 0, 0, 0, 1, 1, 3, 0, 0, 0, 2, 0, 0.5, 0, 0, 0, 0], [0, 0, 0, 0.01597040891647339, 0, 0, 8, 11, 18, 0, 0, 0, 0, 9, 1, 3, 0, 0, 0, 10, 0, 0.5, 0, 0, 0, 0], [0, 0, 0, 0.03673309087753296, 0, 0, 8, 3, 10, 0, 0, 0, 0, 1, 1, 5, 0, 0, 0, 2, 0, 0.5, 0, 0, 0, 0], [0, 0, 0, 0.14165154099464417, 0, 0, 8, 5, 12, 0, 0, 0, 0, 3, 1, 6, 0, 0, 0, 4, 0, 0.5, 0, 0, 0, 0], [0, 0, 0, 0.003527700901031494, 0, 0, 8, 5, 12, 0, 0, 0, 0, 3, 1, 5, 0, 0, 0, 4, 0, 0.5, 0, 0, 0, 0], [0, 0, 0, 0.045812368392944336, 0, 0, 8, 12, 19, 0, 0, 0, 0, 10, 1, 3, 0, 0, 0, 11, 0, 0.5, 0, 0, 0, 0], [0, 0, 0, 0.17456188797950745, 0, 0, 8, 3, 10, 0, 0, 0, 0, 1, 1, 2, 0, 0, 0, 2, 0, 0.5, 0, 0, 0, 0], [0, 0, 0, 0.1650988757610321, 0, 0, 8, 13, 20, 0, 0, 0, 0, 11, 1, 3, 0, 0, 0, 12, 0, 0.5, 0, 0, 0, 0], [0, 0, 0, 0.010577470064163208, 0, 0, 8, 13, 20, 0, 0, 0, 0, 11, 1, 2, 0, 0, 0, 12, 0, 0.5, 0, 0, 0, 0], [0, 0, 0, 0.017299115657806396, 0, 0, 8, 13, 20, 0, 0, 0, 0, 11, 1, 2, 0, 0, 0, 12, 0, 0.5, 0, 0, 0, 0], [0, 0, 0, 0.15961405634880066, 0, 0, 8, 3, 10, 0, 0, 0, 0, 1, 1, 4, 0, 0, 0, 2, 0, 0.5, 0, 0, 0, 0], [0, 0, 0, 0.01202404499053955, 0, 0, 8, 3, 10, 0, 0, 0, 0, 1, 1, 7, 0, 0, 0, 2, 0, 0.5, 0, 0, 0, 0], [0, 0, 0, 0.011552274227142334, 0, 0, 8, 11, 18, 0, 1, 0, 0, 9, 1, 1, 0, 0, 0, 10, 0, 0.01282051282051282, 0, 0, 0, 0], [0, 0, 0, 0.015420526266098022, 0, 0, 8, 13, 20, 0, 0, 0, 0, 11, 1, 4, 0, 0, 0, 12, 0, 0.5, 0, 0, 0, 0], [0, 0, 0, 0.08031326532363892, 0, 0, 8, 4, 11, 0, 0, 0, 0, 2, 1, 3, 0, 0, 0, 3, 0, 0.3333333333333333, 0, 0, 0, 0], [0, 0, 0, 0.04864943027496338, 0, 0, 8, 3, 10, 0, 0, 0, 0, 1, 1, 4, 0, 0, 0, 2, 0, 0.5, 0, 0, 0, 0], [0, 0, 0, 0.009861350059509277, 0, 0, 8, 5, 12, 0, 0, 0, 0, 3, 1, 3, 0, 0, 0, 4, 0, 0.5, 0, 0, 0, 0], [0, 0, 0, 0.008150279521942139, 0, 0, 8, 13, 20, 0, 0, 0, 0, 11, 1, 1, 0, 0, 0, 12, 0, 0.027777777777777776, 0, 0, 0, 0], [0, 0, 0, 0.01288837194442749, 0, 0, 8, 13, 20, 0, 0, 0, 0, 11, 1, 4, 0, 0, 0, 12, 0, 0.5, 0, 0, 0, 0], [0, 0, 0, 0.05916017293930054, 0, 0, 8, 3, 10, 0, 0, 0, 0, 1, 1, 3, 0, 0, 0, 2, 0, 0.5, 0, 0, 0, 0], [1, 0, 0, 0.006863445043563843, 0, 0, 8, 13, 20, 1, 0, 1, 0, 11, 1, 5, 0, 0, 0, 12, 0, 0.5, 0, 0, 0, 0], [0, 0, 0, 0.0034322589635849, 0, 0, 8, 3, 10, 0, 0, 0, 0, 1, 1, 3, 0, 0, 0, 2, 0, 0.5, 0, 0, 0, 0], [0, 0, 0, 0.001167386770248413, 0, 0, 8, 13, 20, 0, 0, 0, 0, 11, 1, 2, 0, 0, 0, 12, 0, 0.5, 0, 0, 0, 0], [0, 0, 0, 0.005980968475341797, 0, 0, 8, 13, 20, 0, 0, 0, 0, 11, 1, 6, 0, 0, 0, 12, 0, 0.5, 0, 0, 0, 0], [0, 0, 0, 0.1436920166015625, 0, 0, 8, 3, 10, 0, 1, 0, 0, 1, 1, 4, 0, 0, 0, 2, 0, 0.5, 0, 0, 0, 0], [0, 0, 0, 0.049023523926734924, 0, 0, 8, 5, 12, 0, 0, 0, 0, 3, 1, 2, 0, 0, 0, 4, 0, 0.3333333333333333, 0, 0, 0, 0], [0, 0, 0, 0.05223274230957031, 0, 0, 8, 13, 20, 0, 0, 0, 0, 11, 1, 2, 0, 0, 0, 12, 0, 0.5, 0, 0, 0, 0], [0, 0, 0, 0.005493223667144775, 0, 0, 8, 3, 10, 0, 0, 0, 0, 1, 1, 4, 0, 0, 0, 2, 0, 0.5, 0, 0, 0, 0], [0, 0, 0, 0.006807893514633179, 0, 0, 8, 13, 20, 0, 0, 0, 0, 11, 1, 5, 0, 0, 0, 12, 0, 0.5, 0, 0, 0, 0], [0, 0, 0, 0.00022554397583007812, 0, 0, 8, 13, 20, 0, 0, 0, 0, 11, 1, 1, 0, 0, 0, 12, 0, 0.25, 0, 0, 0, 0], [0, 0, 0, 0.059332311153411865, 0, 0, 8, 13, 20, 0, 0, 0, 0, 11, 1, 1, 0, 0, 0, 12, 0, 0.25, 0, 0, 0, 0], [0, 0, 0, 0.04005727171897888, 0, 0, 8, 13, 20, 0, 0, 0, 0, 11, 1, 4, 0, 0, 0, 12, 0, 0.5, 0, 0, 0, 0], [0, 0, 0, 0.00777047872543335, 0, 0, 8, 13, 20, 0, 0, 0, 0, 11, 1, 1, 0, 0, 0, 12, 0, 0.05, 0, 0, 0, 0], [0, 0, 0, 0.020840823650360107, 0, 0, 8, 13, 20, 0, 0, 0, 0, 11, 1, 2, 0, 0, 0, 12, 0, 0.5, 0, 0, 0, 0], [0, 0, 0, 0.048317551612854004, 0, 0, 8, 9, 16, 0, 0, 0, 0, 7, 1, 1, 0, 0, 0, 8, 0, 0.5, 0, 0, 0, 0], [0, 0, 0, 0.012236148118972778, 0, 0, 8, 4, 11, 0, 0, 0, 0, 2, 1, 5, 0, 0, 0, 3, 0, 0.5, 0, 0, 0, 0], [0, 0, 0, 0.19309687614440918, 0, 0, 8, 3, 10, 0, 0, 0, 0, 1, 1, 3, 0, 0, 0, 2, 0, 0.5, 0, 0, 0, 0], [0, 0, 0, 0.2076452374458313, 0, 0, 8, 3, 10, 0, 0, 0, 0, 1, 1, 2, 0, 0, 0, 2, 0, 0.5, 0, 0, 0, 0], [0, 0, 0, 0.028972506523132324, 0, 0, 8, 3, 10, 0, 0, 0, 0, 1, 1, 3, 0, 0, 0, 2, 0, 0.5, 0, 0, 0, 0], [0, 0, 0, 0.02644971013069153, 0, 0, 8, 8, 15, 0, 0, 0, 0, 6, 1, 4, 0, 0, 0, 7, 0, 0.5, 0, 0, 0, 0], [0, 0, 0, 0.08547276258468628, 0, 0, 8, 8, 15, 0, 0, 0, 0, 6, 1, 7, 0, 0, 0, 7, 0, 0.5, 0, 0, 0, 0], [0, 0, 0, 0.14216658473014832, 0, 0, 8, 5, 12, 0, 0, 0, 0, 3, 1, 3, 0, 0, 0, 4, 0, 0.5, 0, 0, 0, 0], [0, 0, 0, 0.04197043180465698, 0, 0, 8, 13, 20, 0, 0, 0, 0, 11, 1, 3, 0, 0, 0, 12, 0, 0.5, 0, 0, 0, 0], [0, 0, 0, 0.0008870810270309448, 0, 0, 8, 3, 10, 0, 0, 0, 0, 1, 1, 4, 0, 0, 0, 2, 0, 0.5, 0, 0, 0, 0], [0, 0, 0, 0.016090303659439087, 0, 0, 8, 5, 12, 0, 0, 0, 0, 3, 1, 5, 0, 0, 0, 4, 0, 0.5, 0, 0, 0, 0], [0, 0, 0, 0.012944072484970093, 0, 0, 8, 13, 20, 0, 0, 0, 0, 11, 1, 1, 0, 0, 0, 12, 0, 0.027777777777777776, 0, 0, 0, 0], [0, 0, 0, 0.0014704465866088867, 0, 0, 8, 10, 17, 0, 0, 0, 0, 8, 1, 4, 0, 0, 0, 9, 0, 0.5, 0, 0, 0, 0], [1, 0, 0, 0.03468102216720581, 1, 0, 8, 13, 20, 1, 0, 0, 0, 11, 1, 1, 0, 0, 0, 12, 1, 0.05714285714285714, 0, 0, 0, 0], [0, 0, 0, 0.02380254864692688, 0, 0, 8, 8, 15, 0, 0, 0, 0, 6, 1, 5, 0, 0, 0, 7, 0, 0.5, 0, 0, 0, 0], [0, 0, 0, 0.019265741109848022, 0, 0, 8, 9, 16, 0, 0, 0, 0, 7, 1, 2, 0, 0, 0, 8, 0, 0.5, 0, 0, 0, 0], [0, 0, 0, 0.0032303333282470703, 0, 0, 8, 10, 17, 0, 0, 0, 0, 8, 1, 2, 0, 0, 0, 9, 0, 0.5, 0, 0, 0, 0], [0, 0, 0, 0.004932761192321777, 0, 0, 8, 9, 16, 0, 0, 0, 0, 7, 1, 3, 0, 0, 0, 8, 0, 0.5, 0, 0, 0, 0], [0, 0, 0, 0.00453639030456543, 0, 0, 8, 13, 20, 0, 0, 0, 0, 11, 1, 2, 0, 0, 0, 12, 0, 0.16666666666666666, 0, 0, 0, 0], [0, 0, 0, 0.0065090954303741455, 0, 0, 8, 13, 20, 0, 0, 0, 0, 10, 2, 4, 0, 0, 0, 12, 0, 0.5, 0, 0, 0, 0], [0, 0, 0, 0.03452596068382263, 0, 0, 8, 13, 20, 0, 0, 0, 0, 11, 1, 4, 0, 0, 0, 12, 0, 0.5, 0, 0, 0, 0], [0, 0, 0, 0.06044468283653259, 0, 0, 8, 7, 14, 0, 0, 0, 0, 5, 1, 6, 0, 0, 0, 6, 0, 0.5, 0, 0, 0, 0], [0, 0, 0, 0.013349950313568115, 0, 0, 8, 7, 14, 0, 0, 0, 0, 5, 1, 4, 0, 0, 0, 6, 0, 0.5, 0, 0, 0, 0], [0, 0, 0, 0.20577436685562134, 0, 0, 8, 3, 10, 0, 0, 0, 0, 1, 1, 2, 0, 0, 0, 2, 0, 0.25, 0, 0, 0, 0], [0, 0, 0, 0.02063596248626709, 0, 0, 8, 3, 10, 0, 0, 0, 0, 1, 1, 5, 0, 0, 0, 2, 0, 0.5, 0, 0, 0, 0], [0, 0, 0, 0.004200577735900879, 0, 0, 8, 13, 20, 0, 0, 0, 0, 11, 1, 1, 0, 0, 0, 12, 0, 0.041666666666666664, 0, 0, 0, 0], [0, 0, 0, 0.11907389760017395, 0, 0, 8, 3, 10, 0, 0, 0, 0, 1, 1, 4, 0, 0, 0, 2, 0, 0.5, 0, 0, 0, 0], [0, 0, 0, 0.019610464572906494, 0, 0, 8, 3, 10, 0, 0, 0, 0, 1, 1, 3, 0, 0, 0, 2, 0, 0.5, 0, 0, 0, 0], [0, 0, 0, 0.051324933767318726, 0, 0, 8, 9, 16, 0, 0, 0, 0, 7, 1, 4, 0, 0, 0, 8, 0, 0.5, 0, 0, 0, 0], [0, 0, 0, 0.011662781238555908, 0, 0, 8, 3, 10, 0, 0, 0, 0, 1, 1, 3, 0, 0, 0, 2, 0, 0.5, 0, 0, 0, 0], [0, 0, 0, 0.006147921085357666, 0, 0, 8, 13, 20, 0, 0, 0, 0, 11, 1, 6, 0, 0, 0, 12, 0, 0.5, 0, 0, 0, 0], [0, 0, 0, 0.06744840741157532, 0, 0, 8, 12, 19, 0, 0, 0, 0, 10, 1, 4, 0, 0, 0, 11, 0, 0.5, 0, 0, 0, 0], [0, 0, 0, 0.0046994686126708984, 0, 0, 8, 3, 10, 0, 0, 0, 0, 1, 1, 7, 0, 0, 0, 2, 0, 0.5, 0, 0, 0, 0], [0, 0, 0, 0.0069206953048706055, 0, 0, 8, 3, 10, 0, 0, 0, 0, 1, 1, 5, 0, 0, 0, 2, 0, 0.5, 0, 0, 0, 0], [0, 0, 0, 0.0026136785745620728, 0, 0, 8, 8, 15, 0, 0, 0, 0, 6, 1, 4, 0, 0, 0, 7, 0, 0.5, 0, 0, 0, 0], [0, 0, 0, 0.04951009154319763, 0, 0, 8, 13, 20, 0, 0, 0, 0, 11, 1, 1, 0, 0, 0, 12, 0, 0.03125, 0, 0, 0, 0], [0, 0, 0, 0.015982747077941895, 0, 0, 8, 13, 20, 0, 0, 0, 0, 10, 2, 5, 0, 0, 0, 12, 0, 0.5, 0, 0, 0, 0], [0, 0, 0, 0.06138232350349426, 0, 0, 8, 3, 10, 0, 0, 0, 0, 1, 1, 3, 0, 0, 0, 2, 0, 0.5, 0, 0, 0, 0], [0, 0, 0, 0.22429156303405762, 0, 0, 8, 3, 10, 0, 0, 0, 0, 1, 1, 3, 0, 0, 0, 2, 0, 0.5, 0, 0, 0, 0], [0, 0, 0, 0.011693298816680908, 0, 0, 8, 13, 20, 0, 0, 0, 0, 11, 1, 1, 0, 0, 0, 12, 0, 0.027777777777777776, 0, 0, 0, 0], [0, 0, 0, 0.011018633842468262, 0, 0, 8, 8, 15, 0, 0, 0, 0, 6, 1, 4, 0, 0, 0, 7, 0, 0.5, 0, 0, 0, 0], [0, 0, 0, 0.028057992458343506, 0, 0, 8, 6, 13, 0, 0, 0, 0, 4, 1, 4, 0, 0, 0, 5, 0, 0.5, 0, 0, 0, 0], [0, 0, 0, 0.03037405014038086, 0, 0, 8, 9, 16, 0, 0, 0, 0, 7, 1, 3, 0, 0, 0, 8, 0, 0.5, 0, 0, 0, 0], [0, 0, 0, 0.11762648820877075, 0, 0, 8, 4, 11, 0, 0, 0, 0, 2, 1, 4, 0, 0, 0, 3, 0, 0.5, 0, 0, 0, 0], [0, 0, 0, 0.18310487270355225, 0, 0, 8, 4, 11, 0, 0, 0, 0, 2, 1, 4, 0, 0, 0, 3, 0, 0.5, 0, 0, 0, 0], [0, 0, 0, 0.0018514692783355713, 0, 0, 8, 13, 20, 0, 0, 0, 0, 11, 1, 4, 0, 0, 0, 12, 0, 0.5, 0, 0, 0, 0], [0, 0, 0, 0.08908906579017639, 0, 0, 8, 3, 10, 0, 0, 0, 0, 1, 1, 1, 0, 0, 0, 2, 0, 0.08333333333333333, 0, 0, 0, 0], [0, 0, 0, 0.031219661235809326, 0, 0, 8, 13, 20, 0, 0, 0, 0, 11, 1, 1, 0, 0, 0, 12, 0, 0.2, 0, 0, 0, 0], [0, 0, 0, 0.21428850293159485, 0, 0, 8, 4, 11, 0, 0, 0, 0, 2, 1, 5, 0, 0, 0, 3, 0, 0.5, 0, 0, 0, 0], [0, 0, 0, 0.008753061294555664, 0, 0, 8, 13, 20, 0, 0, 0, 0, 9, 2, 5, 0, 0, 0, 12, 0, 0.5, 0, 0, 0, 0], [0, 0, 0, 0.006735354661941528, 0, 0, 8, 8, 15, 0, 0, 0, 0, 6, 1, 4, 0, 0, 0, 7, 0, 0.5, 0, 0, 0, 0], [0, 0, 0, 0.03384760022163391, 0, 0, 8, 3, 10, 0, 0, 0, 0, 1, 1, 3, 0, 0, 0, 2, 0, 0.5, 0, 0, 0, 0], [0, 0, 0, 0.0, 0, 0, 8, 13, 20, 0, 0, 0, 0, 11, 1, 4, 0, 0, 0, 12, 0, 0.5, 0, 0, 0, 0], [0, 0, 0, 0.20614001154899597, 0, 0, 8, 4, 11, 0, 0, 0, 0, 2, 1, 2, 0, 0, 0, 3, 0, 0.3333333333333333, 0, 0, 0, 0], [0, 0, 0, 0.08296835422515869, 0, 0, 8, 4, 11, 0, 0, 0, 0, 2, 1, 6, 0, 0, 0, 3, 0, 0.5, 0, 0, 0, 0], [0, 0, 0, 0.07569277286529541, 0, 0, 8, 8, 15, 0, 0, 0, 0, 6, 1, 2, 0, 0, 0, 7, 0, 0.5, 0, 0, 0, 0], [0, 0, 0, 0.07942026853561401, 0, 0, 8, 4, 11, 0, 0, 0, 0, 2, 1, 5, 0, 0, 0, 3, 0, 0.5, 0, 0, 0, 0], [0, 0, 0, 0.015406697988510132, 0, 0, 8, 11, 18, 0, 0, 0, 0, 9, 1, 1, 0, 0, 0, 10, 0, 0.5, 0, 0, 0, 0], [0, 0, 0, 0.010717928409576416, 0, 0, 8, 3, 10, 0, 0, 0, 0, 1, 1, 4, 0, 0, 0, 2, 0, 0.5, 0, 0, 0, 0], [0, 0, 0, 0.03599125146865845, 0, 0, 8, 3, 10, 0, 0, 0, 0, 1, 1, 3, 0, 0, 0, 2, 0, 0.5, 0, 0, 0, 0], [0, 0, 0, 0.01084834337234497, 0, 0, 8, 3, 10, 0, 0, 0, 0, 1, 1, 6, 0, 0, 0, 2, 0, 0.5, 0, 0, 0, 0], [0, 0, 0, 0.028032660484313965, 0, 0, 8, 4, 11, 0, 0, 0, 0, 2, 1, 2, 0, 0, 0, 3, 0, 0.5, 0, 0, 0, 0], [0, 0, 0, 0.006071567535400391, 0, 0, 8, 4, 11, 0, 0, 0, 0, 2, 1, 5, 0, 0, 0, 3, 0, 0.5, 0, 0, 0, 0], [0, 0, 0, 0.18506589531898499, 0, 0, 8, 3, 10, 0, 0, 0, 0, 1, 1, 3, 0, 0, 0, 2, 0, 0.5, 0, 0, 0, 0], [0, 0, 0, 0.0010143816471099854, 0, 0, 8, 3, 10, 0, 0, 0, 0, 1, 1, 2, 0, 0, 0, 2, 0, 0.5, 0, 0, 0, 0], [0, 0, 0, 0.08184897899627686, 0, 0, 8, 6, 13, 0, 0, 0, 0, 4, 1, 6, 0, 0, 0, 5, 0, 0.5, 0, 0, 0, 0], [0, 0, 0, 0.017785191535949707, 0, 0, 8, 8, 15, 0, 0, 0, 0, 6, 1, 5, 0, 0, 0, 7, 0, 0.5, 0, 0, 0, 0], [0, 0, 0, 0.06424802541732788, 0, 0, 8, 13, 20, 0, 0, 0, 0, 11, 1, 1, 0, 0, 0, 12, 0, 0.3333333333333333, 0, 0, 0, 0], [0, 0, 0, 0.035833120346069336, 0, 0, 8, 3, 10, 0, 0, 0, 0, 1, 1, 7, 0, 0, 0, 2, 0, 0.5, 0, 0, 0, 0], [0, 0, 0, 0.07221841812133789, 0, 0, 8, 7, 14, 0, 0, 0, 0, 5, 1, 4, 0, 0, 0, 6, 0, 0.5, 0, 0, 0, 0], [0, 0, 0, 0.015469670295715332, 0, 0, 8, 4, 11, 0, 0, 0, 0, 2, 1, 4, 0, 0, 0, 3, 0, 0.5, 0, 0, 0, 0], [0, 0, 0, 0.008510768413543701, 0, 0, 8, 13, 20, 0, 0, 0, 0, 10, 2, 2, 0, 0, 0, 12, 0, 0.16666666666666666, 0, 0, 0, 0], [0, 0, 0, 0.02740839123725891, 0, 0, 8, 13, 20, 0, 0, 0, 0, 10, 2, 2, 0, 0, 0, 12, 0, 0.5, 0, 0, 0, 0], [0, 0, 0, 0.43295371532440186, 0, 0, 8, 4, 11, 0, 0, 0, 0, 2, 1, 7, 0, 0, 0, 3, 0, 0.5, 0, 0, 0, 0], [0, 0, 0, 0.04141908884048462, 0, 0, 8, 3, 10, 0, 0, 0, 0, 1, 1, 3, 0, 0, 0, 2, 0, 0.5, 0, 0, 0, 0], [0, 0, 0, 0.06591993570327759, 0, 0, 8, 3, 10, 0, 0, 0, 0, 1, 1, 3, 0, 0, 0, 2, 0, 0.3333333333333333, 0, 0, 0, 0], [0, 0, 0, 0.012972712516784668, 0, 0, 8, 12, 19, 0, 0, 0, 0, 10, 1, 4, 0, 0, 0, 11, 0, 0.5, 0, 0, 0, 0], [0, 0, 0, 0.030196309089660645, 0, 0, 8, 13, 20, 0, 0, 0, 0, 11, 1, 1, 0, 0, 0, 12, 0, 0.05555555555555555, 0, 0, 0, 0], [0, 0, 0, 0.001010596752166748, 0, 0, 8, 13, 20, 0, 0, 0, 0, 11, 1, 4, 0, 0, 0, 12, 0, 0.5, 0, 0, 0, 0], [0, 0, 0, 0.01413959264755249, 0, 0, 8, 13, 20, 0, 0, 0, 0, 11, 1, 1, 0, 0, 0, 12, 0, 0.027777777777777776, 0, 0, 0, 0], [0, 0, 0, 0.021455228328704834, 0, 0, 8, 13, 20, 0, 0, 0, 0, 11, 1, 2, 0, 0, 0, 12, 0, 0.16666666666666666, 0, 0, 0, 0], [0, 0, 0, 0.06320610642433167, 0, 0, 8, 13, 20, 0, 0, 0, 0, 11, 1, 1, 0, 0, 0, 12, 0, 0.5, 0, 0, 0, 0], [0, 0, 0, 0.0023343265056610107, 0, 0, 8, 13, 20, 0, 0, 0, 0, 11, 1, 4, 0, 0, 0, 12, 0, 0.5, 0, 0, 0, 0], [0, 0, 0, 0.0011286735534667969, 0, 0, 8, 11, 18, 0, 0, 0, 0, 9, 1, 3, 0, 0, 0, 10, 0, 0.5, 0, 0, 0, 0], [0, 0, 0, 0.05872899293899536, 0, 0, 8, 9, 16, 0, 0, 0, 0, 7, 1, 6, 0, 0, 0, 8, 0, 0.5, 0, 0, 0, 0], [0, 0, 0, 0.03564441204071045, 0, 0, 8, 5, 12, 0, 0, 0, 0, 3, 1, 4, 0, 0, 0, 4, 0, 0.5, 0, 0, 0, 0], [0, 0, 0, 0.0479026734828949, 0, 0, 8, 5, 12, 0, 0, 0, 0, 3, 1, 3, 0, 0, 0, 4, 0, 0.5, 0, 0, 0, 0], [0, 0, 0, 0.006270706653594971, 0, 0, 8, 13, 20, 0, 0, 0, 0, 10, 2, 3, 0, 0, 0, 12, 0, 0.5, 0, 0, 0, 0], [0, 0, 0, 0.028578758239746094, 0, 0, 8, 8, 15, 0, 0, 0, 0, 6, 1, 3, 0, 0, 0, 7, 0, 0.5, 0, 0, 0, 0], [0, 0, 0, 0.012800902128219604, 0, 0, 8, 13, 20, 0, 0, 0, 0, 11, 1, 1, 0, 0, 0, 12, 0, 0.027777777777777776, 0, 0, 0, 0], [0, 0, 0, 0.008321642875671387, 0, 0, 8, 13, 20, 0, 0, 0, 0, 11, 1, 5, 0, 0, 0, 12, 0, 0.5, 0, 0, 0, 0], [0, 0, 0, 0.026060044765472412, 0, 0, 8, 4, 11, 0, 0, 0, 0, 2, 1, 2, 0, 0, 0, 3, 0, 0.25, 0, 0, 0, 0], [0, 0, 0, 0.029708266258239746, 0, 0, 8, 3, 10, 0, 0, 0, 0, 1, 1, 2, 0, 0, 0, 2, 0, 0.5, 0, 0, 0, 0], [0, 0, 0, 0.019124537706375122, 0, 0, 8, 7, 14, 0, 0, 0, 0, 5, 1, 5, 0, 0, 0, 6, 0, 0.5, 0, 0, 0, 0], [0, 0, 0, 0.014964759349822998, 0, 0, 8, 10, 17, 0, 0, 0, 0, 8, 1, 2, 0, 0, 0, 9, 0, 0.5, 0, 0, 0, 0], [0, 0, 0, 0.011473536491394043, 0, 0, 8, 13, 20, 0, 0, 0, 0, 11, 1, 2, 0, 0, 0, 12, 0, 0.5, 0, 0, 0, 0], [0, 0, 0, 0.020437121391296387, 0, 0, 8, 13, 20, 0, 0, 0, 0, 11, 1, 6, 0, 0, 0, 12, 0, 0.5, 0, 0, 0, 0], [0, 0, 0, 0.0054204463958740234, 0, 0, 8, 13, 20, 0, 0, 0, 0, 11, 1, 1, 0, 0, 0, 12, 0, 0.027777777777777776, 0, 0, 0, 0], [0, 0, 0, 0.1077558696269989, 0, 0, 8, 5, 12, 0, 0, 0, 0, 3, 1, 6, 0, 0, 0, 4, 0, 0.5, 0, 0, 0, 0], [0, 0, 0, 0.008410990238189697, 0, 0, 8, 13, 20, 0, 0, 0, 0, 11, 1, 5, 0, 0, 0, 12, 0, 0.5, 0, 0, 0, 0], [0, 0, 0, 0.061642229557037354, 0, 0, 8, 13, 20, 0, 0, 0, 0, 11, 1, 2, 0, 0, 0, 12, 0, 0.5, 0, 0, 0, 0], [0, 0, 0, 0.029214829206466675, 0, 0, 8, 13, 20, 0, 0, 0, 0, 11, 1, 1, 0, 0, 0, 12, 0, 0.125, 0, 0, 0, 0], [0, 0, 0, 0.016154468059539795, 0, 0, 8, 5, 12, 0, 0, 0, 0, 3, 1, 3, 0, 0, 0, 4, 0, 0.5, 0, 0, 0, 0], [0, 0, 0, 0.029765069484710693, 0, 0, 8, 3, 10, 0, 0, 0, 0, 1, 1, 3, 0, 0, 0, 2, 0, 0.5, 0, 0, 0, 0], [0, 0, 0, 0.005234271287918091, 0, 0, 8, 13, 20, 0, 0, 0, 0, 11, 1, 2, 0, 0, 0, 12, 0, 0.5, 0, 0, 0, 0], [0, 0, 0, 0.0046994686126708984, 0, 0, 8, 3, 10, 0, 0, 0, 0, 1, 1, 7, 0, 0, 0, 2, 0, 0.5, 0, 0, 0, 0], [0, 0, 0, 0.02241814136505127, 0, 0, 8, 3, 10, 0, 0, 0, 0, 1, 1, 7, 0, 0, 0, 2, 0, 0.5, 0, 0, 0, 0], [0, 0, 0, 0.014622420072555542, 0, 0, 8, 4, 11, 0, 0, 0, 0, 2, 1, 6, 0, 0, 0, 3, 0, 0.5, 0, 0, 0, 0], [0, 0, 0, 0.13321951031684875, 0, 0, 8, 4, 11, 0, 0, 0, 0, 2, 1, 3, 0, 0, 0, 3, 0, 0.3333333333333333, 0, 0, 0, 0], [0, 0, 0, 0.14796411991119385, 0, 0, 8, 3, 10, 0, 0, 0, 0, 1, 1, 3, 0, 0, 0, 2, 0, 0.5, 0, 0, 0, 0], [0, 0, 0, 0.09022960066795349, 0, 0, 8, 3, 10, 0, 0, 0, 0, 1, 1, 1, 0, 0, 0, 2, 0, 0.125, 0, 0, 0, 0], [0, 0, 0, 0.011549234390258789, 0, 0, 8, 4, 11, 0, 0, 0, 0, 2, 1, 6, 0, 0, 0, 3, 0, 0.5, 0, 0, 0, 0], [0, 0, 0, 0.039663851261138916, 0, 0, 8, 13, 20, 0, 0, 0, 0, 11, 1, 2, 0, 0, 0, 12, 0, 0.5, 0, 0, 0, 0], [0, 0, 0, 0.03125643730163574, 0, 0, 8, 13, 20, 0, 0, 0, 0, 10, 2, 3, 0, 0, 0, 12, 0, 0.5, 0, 0, 0, 0], [0, 0, 0, 0.08640727400779724, 0, 0, 8, 13, 20, 0, 0, 0, 0, 11, 1, 3, 0, 0, 0, 12, 0, 0.5, 0, 0, 0, 0], [0, 0, 0, 0.053466856479644775, 0, 0, 8, 12, 19, 0, 0, 0, 0, 10, 1, 5, 0, 0, 0, 11, 0, 0.5, 0, 0, 0, 0], [0, 0, 0, 0.08299785852432251, 0, 0, 8, 3, 10, 0, 0, 0, 0, 1, 1, 3, 0, 0, 0, 2, 0, 0.3333333333333333, 0, 0, 0, 0], [0, 0, 0, 0.036998480558395386, 0, 0, 8, 13, 20, 0, 0, 0, 0, 11, 1, 1, 0, 0, 0, 12, 0, 0.03125, 0, 0, 0, 0], [0, 0, 0, 0.03623035550117493, 0, 0, 8, 5, 12, 0, 0, 0, 0, 3, 1, 7, 0, 0, 0, 4, 0, 0.5, 0, 0, 0, 0], [0, 0, 0, 0.01849496364593506, 0, 0, 8, 8, 15, 0, 0, 0, 0, 6, 1, 4, 0, 0, 0, 7, 0, 0.5, 0, 0, 0, 0], [0, 0, 0, 0.010531902313232422, 0, 0, 8, 13, 20, 0, 0, 1, 0, 11, 1, 1, 0, 0, 0, 12, 0, 0.041666666666666664, 0, 0, 0, 0], [0, 0, 0, 0.030184268951416016, 0, 0, 8, 13, 20, 0, 0, 0, 0, 11, 1, 1, 0, 0, 0, 12, 0, 0.03125, 0, 0, 0, 0], [0, 0, 0, 0.02914881706237793, 0, 0, 8, 13, 20, 0, 0, 0, 0, 11, 1, 3, 0, 0, 0, 12, 0, 0.5, 0, 0, 0, 0], [0, 0, 0, 0.012490630149841309, 0, 0, 8, 5, 12, 0, 0, 0, 0, 3, 1, 5, 0, 0, 0, 4, 0, 0.5, 0, 0, 0, 0], [0, 0, 0, 0.002647712826728821, 0, 0, 8, 5, 12, 0, 0, 0, 0, 3, 1, 1, 0, 0, 0, 4, 0, 0.25, 0, 0, 0, 0], [0, 0, 0, 0.009982496500015259, 0, 0, 8, 5, 12, 0, 0, 0, 0, 3, 1, 4, 0, 0, 0, 4, 0, 0.5, 0, 0, 0, 0], [0, 0, 0, 0.17351022362709045, 0, 0, 8, 7, 14, 0, 0, 0, 0, 5, 1, 4, 0, 0, 0, 6, 0, 0.5, 0, 0, 0, 0], [0, 0, 0, 0.030687138438224792, 0, 0, 8, 5, 12, 0, 0, 0, 0, 3, 1, 3, 0, 0, 0, 4, 0, 0.5, 0, 0, 0, 0], [0, 0, 0, 0.00975722074508667, 0, 0, 8, 3, 10, 0, 0, 0, 0, 1, 1, 5, 0, 0, 0, 2, 0, 0.5, 0, 0, 0, 0], [0, 0, 0, 0.008566021919250488, 0, 0, 8, 13, 20, 0, 0, 0, 0, 11, 1, 2, 0, 0, 0, 12, 0, 0.5, 0, 0, 0, 0], [0, 0, 0, 0.0063359737396240234, 0, 0, 8, 9, 16, 0, 0, 0, 0, 7, 1, 4, 0, 0, 0, 8, 0, 0.5, 0, 0, 0, 0], [0, 0, 0, 0.004944711923599243, 0, 0, 8, 6, 13, 0, 0, 0, 0, 4, 1, 2, 0, 0, 0, 5, 0, 0.5, 0, 0, 0, 0], [0, 0, 0, 0.07074588537216187, 0, 0, 8, 13, 20, 0, 0, 0, 0, 11, 1, 1, 0, 0, 0, 12, 0, 0.03125, 0, 0, 0, 0], [0, 0, 0, 0.04574957489967346, 0, 0, 8, 7, 14, 0, 0, 0, 0, 5, 1, 5, 0, 0, 0, 6, 0, 0.5, 0, 0, 0, 0], [0, 0, 0, 0.012949824333190918, 0, 0, 8, 8, 15, 0, 0, 0, 0, 6, 1, 2, 0, 0, 0, 7, 0, 0.5, 0, 0, 0, 0], [0, 0, 0, 0.001840353012084961, 0, 0, 8, 13, 20, 0, 0, 0, 0, 11, 1, 5, 0, 0, 0, 12, 0, 0.5, 0, 0, 0, 0], [0, 0, 0, 0.01972562074661255, 0, 0, 8, 3, 10, 0, 0, 0, 0, 1, 1, 7, 0, 0, 0, 2, 0, 0.5, 0, 0, 0, 0], [0, 0, 0, 0.12179121375083923, 0, 0, 8, 4, 11, 0, 0, 0, 0, 2, 1, 3, 0, 0, 0, 3, 0, 0.5, 0, 0, 0, 0], [0, 0, 0, 0.333065003156662, 0, 0, 8, 3, 10, 0, 0, 0, 0, 1, 1, 3, 0, 0, 0, 2, 0, 0.5, 0, 0, 0, 0], [0, 0, 0, 0.08172720670700073, 0, 0, 8, 11, 18, 0, 0, 0, 0, 9, 1, 2, 0, 0, 0, 10, 0, 0.5, 0, 0, 0, 0], [0, 0, 0, 0.016646087169647217, 0, 0, 8, 13, 20, 0, 0, 1, 0, 11, 1, 1, 0, 0, 0, 12, 0, 0.01282051282051282, 0, 0, 0, 0], [0, 0, 0, 0.009918838739395142, 0, 0, 8, 5, 12, 0, 0, 0, 0, 3, 1, 5, 0, 0, 0, 4, 0, 0.5, 0, 0, 0, 0], [0, 0, 0, 0.13801899552345276, 0, 0, 8, 4, 11, 0, 0, 0, 0, 2, 1, 4, 0, 0, 0, 3, 0, 0.5, 0, 0, 0, 0], [0, 0, 0, 0.009763479232788086, 0, 0, 8, 11, 18, 0, 0, 0, 0, 9, 1, 2, 0, 0, 0, 10, 0, 0.5, 0, 0, 0, 0], [0, 0, 0, 0.2937230169773102, 0, 0, 8, 3, 10, 0, 0, 0, 0, 1, 1, 5, 0, 0, 0, 2, 0, 0.5, 0, 0, 0, 0], [0, 0, 0, 0.047503262758255005, 0, 0, 8, 13, 20, 0, 0, 0, 0, 10, 2, 7, 0, 0, 0, 12, 0, 0.5, 0, 0, 0, 0], [0, 0, 0, 0.3504706472158432, 0, 0, 8, 3, 10, 0, 0, 0, 0, 1, 1, 3, 0, 0, 0, 2, 0, 0.5, 0, 0, 0, 0], [0, 0, 0, 0.03472277522087097, 0, 0, 8, 3, 10, 0, 0, 0, 0, 1, 1, 3, 0, 0, 0, 2, 0, 0.5, 0, 0, 0, 0], [0, 0, 0, 0.01978805661201477, 0, 0, 8, 7, 14, 0, 0, 0, 0, 5, 1, 4, 0, 0, 0, 6, 0, 0.5, 0, 0, 0, 0], [0, 0, 0, 0.0055989474058151245, 0, 0, 8, 13, 20, 0, 0, 0, 0, 11, 1, 4, 0, 0, 0, 12, 0, 0.5, 0, 0, 0, 0], [0, 0, 0, 0.001959890127182007, 0, 0, 8, 7, 14, 0, 0, 0, 0, 5, 1, 5, 0, 0, 0, 6, 0, 0.5, 0, 0, 0, 0], [0, 0, 0, 0.01851746439933777, 0, 0, 8, 13, 20, 0, 1, 0, 0, 11, 1, 4, 0, 0, 0, 12, 0, 0.5, 0, 0, 0, 0], [0, 0, 0, 0.03313326835632324, 0, 0, 8, 7, 14, 0, 0, 0, 0, 5, 1, 6, 0, 0, 0, 6, 0, 0.5, 0, 0, 0, 0], [0, 0, 0, 0.0764971375465393, 0, 0, 8, 3, 10, 0, 0, 0, 0, 1, 1, 4, 0, 0, 0, 2, 0, 0.5, 0, 0, 0, 0], [0, 0, 0, 0.025632083415985107, 0, 0, 8, 3, 10, 0, 0, 0, 0, 1, 1, 4, 0, 0, 0, 2, 0, 0.5, 0, 0, 0, 0], [0, 0, 0, 0.07468116283416748, 0, 0, 8, 6, 13, 0, 0, 0, 0, 4, 1, 2, 0, 0, 0, 5, 0, 0.3333333333333333, 0, 0, 0, 0], [0, 0, 0, 0.014067500829696655, 0, 0, 8, 4, 11, 0, 0, 0, 0, 2, 1, 4, 0, 0, 0, 3, 0, 0.5, 0, 0, 0, 0], [0, 0, 0, 0.004699409008026123, 0, 0, 8, 3, 10, 0, 1, 0, 0, 1, 1, 7, 0, 0, 0, 2, 0, 0.5, 0, 0, 0, 0], [0, 0, 0, 0.00440603494644165, 0, 0, 8, 13, 20, 0, 0, 0, 0, 11, 1, 3, 0, 0, 0, 12, 0, 0.5, 0, 0, 0, 0], [0, 0, 0, 0.04876634478569031, 0, 0, 8, 8, 15, 0, 0, 0, 0, 6, 1, 2, 0, 0, 0, 7, 0, 0.5, 0, 0, 0, 0], [0, 0, 0, 0.0009612739086151123, 0, 0, 8, 13, 20, 0, 0, 0, 0, 11, 1, 4, 0, 0, 0, 12, 0, 0.5, 0, 0, 0, 0], [0, 0, 0, 0.06710934638977051, 0, 0, 8, 6, 13, 0, 0, 0, 0, 4, 1, 5, 0, 0, 0, 5, 0, 0.5, 0, 0, 0, 0], [0, 0, 0, 0.18440374732017517, 0, 0, 8, 3, 10, 0, 0, 0, 0, 1, 1, 4, 0, 0, 0, 2, 0, 0.5, 0, 0, 0, 0], [0, 0, 0, 0.048397839069366455, 0, 0, 8, 4, 11, 0, 0, 0, 0, 2, 1, 4, 0, 0, 0, 3, 0, 0.5, 0, 0, 0, 0], [0, 0, 0, 0.006254076957702637, 0, 0, 8, 3, 10, 0, 0, 0, 0, 1, 1, 4, 0, 0, 0, 2, 0, 0.5, 0, 0, 0, 0], [0, 0, 0, 0.015169501304626465, 0, 0, 8, 13, 20, 0, 0, 0, 0, 11, 1, 1, 0, 0, 0, 12, 0, 0.041666666666666664, 0, 0, 0, 0], [0, 0, 0, 0.0642160177230835, 0, 0, 8, 4, 11, 0, 0, 0, 0, 2, 1, 4, 0, 0, 0, 3, 0, 0.5, 0, 0, 0, 0], [0, 0, 0, 0.0012100934982299805, 0, 0, 8, 13, 20, 0, 0, 0, 0, 11, 1, 5, 0, 0, 0, 12, 0, 0.5, 0, 0, 0, 0], [0, 0, 0, 0.012624680995941162, 0, 0, 8, 7, 14, 0, 0, 0, 0, 5, 1, 3, 0, 0, 0, 6, 0, 0.5, 0, 0, 0, 0], [0, 0, 0, 0.023494064807891846, 0, 0, 8, 3, 10, 0, 0, 0, 0, 1, 1, 4, 0, 0, 0, 2, 0, 0.5, 0, 0, 0, 0], [0, 0, 0, 0.024316787719726562, 0, 0, 8, 13, 20, 0, 0, 0, 0, 11, 1, 1, 0, 0, 0, 12, 0, 0.038461538461538464, 0, 0, 0, 0], [0, 0, 0, 0.26710134744644165, 0, 0, 8, 3, 10, 0, 0, 0, 0, 1, 1, 3, 0, 0, 0, 2, 0, 0.5, 0, 0, 0, 0], [0, 0, 0, 0.028946518898010254, 0, 0, 8, 9, 16, 0, 0, 0, 0, 7, 1, 2, 0, 0, 0, 8, 0, 0.5, 0, 0, 0, 0], [0, 0, 0, 0.00048473477363586426, 0, 0, 8, 13, 20, 0, 0, 0, 0, 11, 1, 4, 0, 0, 0, 12, 0, 0.5, 0, 0, 0, 0], [0, 0, 0, 0.02694949507713318, 0, 0, 8, 13, 20, 0, 0, 0, 0, 11, 1, 3, 0, 0, 0, 12, 0, 0.5, 0, 0, 0, 0], [0, 0, 0, 0.0027533769607543945, 0, 0, 8, 13, 20, 0, 0, 0, 0, 11, 1, 5, 0, 0, 0, 12, 0, 0.5, 0, 0, 0, 0], [0, 0, 0, 0.013003826141357422, 0, 0, 8, 12, 19, 0, 0, 0, 0, 10, 1, 1, 0, 0, 0, 11, 0, 0.5, 0, 0, 0, 0], [0, 0, 0, 0.05194592475891113, 0, 0, 8, 3, 10, 0, 0, 0, 0, 1, 1, 6, 0, 0, 0, 2, 0, 0.5, 0, 0, 0, 0], [0, 0, 0, 0.02461281418800354, 0, 0, 8, 13, 20, 0, 0, 0, 0, 11, 1, 1, 0, 0, 0, 12, 0, 0.02631578947368421, 0, 0, 0, 0], [0, 0, 0, 0.00823754072189331, 0, 0, 8, 13, 20, 0, 0, 0, 0, 11, 1, 4, 0, 0, 0, 12, 0, 0.5, 0, 0, 0, 0], [0, 0, 0, 0.018254518508911133, 0, 0, 8, 5, 12, 0, 0, 0, 0, 3, 1, 7, 0, 0, 0, 4, 0, 0.5, 0, 0, 0, 0], [0, 0, 0, 0.04827988147735596, 0, 0, 8, 3, 10, 0, 0, 0, 0, 1, 1, 4, 0, 0, 0, 2, 0, 0.5, 0, 0, 0, 0], [0, 0, 0, 0.0057995617389678955, 0, 0, 8, 4, 11, 0, 0, 0, 0, 2, 1, 4, 0, 0, 0, 3, 0, 0.5, 0, 0, 0, 0], [0, 0, 0, 0.015951961278915405, 0, 0, 8, 13, 20, 0, 0, 0, 0, 11, 1, 2, 0, 0, 0, 12, 0, 0.5, 0, 0, 0, 0], [0, 0, 0, 0.0225258469581604, 0, 0, 8, 13, 20, 0, 0, 0, 0, 11, 1, 2, 0, 0, 0, 12, 0, 0.5, 0, 0, 0, 0], [0, 0, 0, 0.015065163373947144, 0, 0, 8, 13, 20, 0, 0, 0, 0, 11, 1, 1, 0, 0, 0, 12, 0, 0.041666666666666664, 0, 0, 0, 0], [0, 0, 0, 0.0163571834564209, 0, 0, 8, 13, 20, 0, 0, 0, 0, 11, 1, 2, 0, 0, 0, 12, 0, 0.5, 0, 0, 0, 0], [0, 0, 0, 0.005247384309768677, 0, 0, 8, 3, 10, 0, 0, 0, 0, 1, 1, 4, 0, 0, 0, 2, 0, 0.5, 0, 0, 0, 0], [0, 0, 0, 0.03887706995010376, 0, 0, 8, 13, 20, 0, 0, 0, 0, 11, 1, 2, 0, 0, 0, 12, 0, 0.5, 0, 0, 0, 0], [0, 0, 0, 0.042927682399749756, 0, 0, 8, 4, 11, 0, 1, 0, 0, 2, 1, 4, 0, 0, 0, 3, 0, 0.5, 0, 0, 0, 0], [0, 0, 0, 0.008916229009628296, 0, 0, 8, 3, 10, 0, 0, 0, 0, 1, 1, 2, 0, 0, 0, 2, 0, 0.5, 0, 0, 0, 0], [0, 0, 0, 0.020914047956466675, 0, 0, 8, 13, 20, 0, 0, 0, 0, 11, 1, 4, 0, 0, 0, 12, 0, 0.5, 0, 0, 0, 0], [0, 0, 0, 0.019415825605392456, 0, 0, 8, 13, 20, 0, 0, 0, 0, 11, 1, 1, 0, 0, 0, 12, 0, 0.038461538461538464, 0, 0, 0, 0], [0, 0, 0, 0.056757062673568726, 0, 0, 8, 13, 20, 0, 0, 0, 0, 11, 1, 3, 0, 0, 0, 12, 0, 0.5, 0, 0, 0, 0], [0, 0, 0, 0.0011150836944580078, 0, 0, 8, 3, 10, 0, 0, 0, 0, 1, 1, 3, 0, 0, 0, 2, 0, 0.5, 0, 0, 0, 0], [0, 0, 0, 0.20094633102416992, 0, 0, 8, 4, 11, 0, 0, 0, 0, 2, 1, 3, 0, 0, 0, 3, 0, 0.5, 0, 0, 0, 0], [0, 0, 0, 0.006792008876800537, 0, 0, 8, 3, 10, 0, 0, 0, 0, 1, 1, 7, 0, 0, 0, 2, 0, 0.5, 0, 0, 0, 0], [0, 0, 0, 0.008525967597961426, 0, 0, 8, 3, 10, 0, 0, 0, 0, 1, 1, 3, 0, 0, 0, 2, 0, 0.3333333333333333, 0, 0, 0, 0], [0, 0, 0, 0.13458311557769775, 0, 0, 8, 3, 10, 0, 0, 0, 0, 1, 1, 4, 0, 0, 0, 2, 0, 0.5, 0, 0, 0, 0], [0, 0, 0, 0.026755452156066895, 0, 0, 8, 3, 10, 0, 0, 0, 0, 1, 1, 4, 0, 0, 0, 2, 0, 0.5, 0, 0, 0, 0], [0, 0, 0, 0.007035046815872192, 0, 0, 8, 13, 20, 0, 0, 0, 0, 11, 1, 1, 0, 0, 0, 12, 0, 0.027777777777777776, 0, 0, 0, 0], [0, 0, 0, 0.0046994686126708984, 0, 0, 8, 3, 10, 0, 0, 0, 0, 1, 1, 7, 0, 0, 0, 2, 0, 0.5, 0, 0, 0, 0], [0, 0, 0, 0.004316598176956177, 0, 0, 8, 7, 14, 0, 0, 0, 0, 5, 1, 5, 0, 0, 0, 6, 0, 0.5, 0, 0, 0, 0], [0, 0, 0, 0.018730223178863525, 0, 0, 8, 3, 10, 0, 0, 0, 0, 1, 1, 7, 0, 0, 0, 2, 0, 0.5, 0, 0, 0, 0], [0, 0, 0, 0.012039124965667725, 0, 0, 8, 4, 11, 0, 0, 0, 0, 2, 1, 7, 0, 0, 0, 3, 0, 0.5, 0, 0, 0, 0], [0, 0, 0, 0.07822167873382568, 0, 0, 8, 4, 11, 0, 0, 0, 0, 2, 1, 3, 0, 0, 0, 3, 0, 0.5, 0, 0, 0, 0], [0, 0, 0, 0.15222114324569702, 0, 0, 8, 5, 12, 0, 0, 0, 0, 3, 1, 5, 0, 0, 0, 4, 0, 0.5, 0, 0, 0, 0], [0, 0, 0, 0.05843964219093323, 0, 0, 8, 4, 11, 0, 0, 0, 0, 2, 1, 4, 0, 0, 0, 3, 0, 0.5, 0, 0, 0, 0], [0, 0, 0, 0.038182735443115234, 0, 0, 8, 6, 13, 0, 0, 0, 0, 4, 1, 4, 0, 0, 0, 5, 0, 0.5, 0, 0, 0, 0], [0, 0, 0, 0.058724284172058105, 0, 0, 8, 10, 17, 0, 0, 0, 0, 8, 1, 4, 0, 0, 0, 9, 0, 0.5, 0, 0, 0, 0], [0, 0, 0, 0.012345701456069946, 0, 0, 8, 10, 17, 0, 0, 0, 0, 8, 1, 3, 0, 0, 0, 9, 0, 0.5, 0, 0, 0, 0], [0, 0, 0, 0.006481379270553589, 0, 0, 8, 13, 20, 0, 0, 0, 0, 11, 1, 2, 0, 0, 0, 12, 0, 0.16666666666666666, 0, 0, 0, 0], [0, 0, 0, 0.021884530782699585, 0, 0, 8, 13, 20, 0, 0, 0, 0, 11, 1, 1, 0, 0, 0, 12, 0, 0.041666666666666664, 0, 0, 0, 0], [0, 0, 0, 0.013437211513519287, 0, 0, 8, 13, 20, 0, 0, 0, 0, 11, 1, 1, 0, 0, 0, 12, 0, 0.027777777777777776, 0, 0, 0, 0], [0, 0, 0, 0.06739288568496704, 0, 0, 8, 13, 20, 0, 0, 0, 0, 9, 2, 2, 0, 0, 0, 12, 0, 0.5, 0, 0, 0, 0], [0, 0, 0, 0.17598176002502441, 0, 0, 8, 4, 11, 0, 0, 0, 0, 2, 1, 3, 0, 0, 0, 3, 0, 0.5, 0, 0, 0, 0], [0, 0, 0, 0.04683038592338562, 0, 0, 8, 8, 15, 0, 0, 0, 0, 6, 1, 6, 0, 0, 0, 7, 0, 0.5, 0, 0, 0, 0], [0, 0, 0, 0.006822317838668823, 0, 0, 8, 13, 20, 0, 0, 0, 0, 11, 1, 1, 0, 0, 0, 12, 0, 0.041666666666666664, 0, 0, 0, 0], [0, 0, 0, 0.020139843225479126, 0, 0, 8, 13, 20, 0, 0, 0, 0, 11, 1, 1, 0, 0, 0, 12, 0, 0.038461538461538464, 0, 0, 0, 0], [0, 0, 0, 0.0037664175033569336, 0, 0, 8, 3, 10, 0, 0, 0, 0, 1, 1, 5, 0, 0, 0, 2, 0, 0.5, 0, 0, 0, 0], [0, 0, 0, 0.0663798451423645, 0, 0, 8, 12, 19, 0, 0, 0, 0, 10, 1, 4, 0, 0, 0, 11, 0, 0.5, 0, 0, 0, 0], [0, 0, 0, 0.030827969312667847, 0, 0, 8, 3, 10, 0, 0, 0, 0, 1, 1, 4, 0, 0, 0, 2, 0, 0.5, 0, 0, 0, 0], [0, 0, 0, 0.0027559399604797363, 0, 0, 8, 13, 20, 0, 0, 0, 0, 11, 1, 4, 0, 0, 0, 12, 0, 0.5, 0, 0, 0, 0], [0, 0, 0, 0.010145813226699829, 0, 0, 8, 13, 20, 0, 0, 0, 0, 11, 1, 5, 0, 0, 0, 12, 0, 0.5, 0, 0, 0, 0], [0, 0, 0, 0.06675782799720764, 0, 0, 8, 5, 12, 0, 0, 0, 0, 3, 1, 3, 0, 0, 0, 4, 0, 0.5, 0, 0, 0, 0], [0, 0, 0, 0.07856613397598267, 0, 0, 8, 11, 18, 0, 0, 0, 0, 9, 1, 3, 0, 0, 0, 10, 0, 0.5, 0, 0, 0, 0], [0, 0, 0, 0.09451478719711304, 0, 0, 8, 7, 14, 0, 0, 0, 0, 5, 1, 5, 0, 0, 0, 6, 0, 0.5, 0, 0, 0, 0], [0, 0, 0, 0.11086398363113403, 0, 0, 8, 3, 10, 0, 0, 0, 0, 1, 1, 4, 0, 0, 0, 2, 0, 0.5, 0, 0, 0, 0], [0, 0, 0, 0.005285739898681641, 0, 0, 8, 9, 16, 0, 0, 0, 0, 7, 1, 5, 0, 0, 0, 8, 0, 0.5, 0, 0, 0, 0], [0, 0, 0, 0.2729278802871704, 0, 0, 8, 3, 10, 0, 0, 0, 0, 1, 1, 4, 0, 0, 0, 2, 0, 0.5, 0, 0, 0, 0], [0, 0, 0, 0.057105422019958496, 0, 0, 8, 4, 11, 0, 0, 0, 0, 2, 1, 3, 0, 0, 0, 3, 0, 0.5, 0, 0, 0, 0], [0, 0, 0, 0.007429361343383789, 0, 0, 8, 7, 14, 0, 0, 0, 0, 5, 1, 4, 0, 0, 0, 6, 0, 0.5, 0, 0, 0, 0], [0, 0, 0, 0.024173229932785034, 0, 0, 8, 5, 12, 0, 0, 0, 0, 3, 1, 4, 0, 0, 0, 4, 0, 0.5, 0, 0, 0, 0], [0, 0, 0, 0.04751768708229065, 0, 0, 8, 13, 20, 0, 0, 0, 0, 11, 1, 1, 0, 0, 0, 12, 0, 0.3333333333333333, 0, 0, 0, 0], [0, 0, 0, 0.013529211282730103, 0, 0, 8, 13, 20, 0, 0, 0, 0, 11, 1, 4, 0, 0, 0, 12, 0, 0.5, 0, 0, 0, 0], [0, 0, 0, 0.03662574291229248, 0, 0, 8, 13, 20, 0, 0, 0, 0, 11, 1, 3, 0, 0, 0, 12, 0, 0.5, 0, 0, 0, 0], [0, 0, 0, 0.02128806710243225, 0, 0, 8, 13, 20, 0, 0, 0, 0, 11, 1, 1, 0, 0, 0, 12, 0, 0.041666666666666664, 0, 0, 0, 0], [0, 0, 0, 0.03776577115058899, 0, 0, 8, 8, 15, 0, 0, 0, 0, 6, 1, 5, 0, 0, 0, 7, 0, 0.5, 0, 0, 0, 0], [0, 0, 0, 0.05878669023513794, 0, 0, 8, 3, 10, 0, 0, 0, 0, 1, 1, 4, 0, 0, 0, 2, 0, 0.5, 0, 0, 0, 0], [0, 0, 0, 0.024899810552597046, 0, 0, 8, 13, 20, 0, 0, 0, 0, 11, 1, 1, 0, 0, 0, 12, 0, 0.03125, 0, 0, 0, 0], [0, 0, 0, 0.02047264575958252, 0, 0, 8, 6, 13, 0, 0, 0, 0, 4, 1, 3, 0, 0, 0, 5, 0, 0.5, 0, 0, 0, 0], [0, 0, 0, 0.06293275952339172, 0, 0, 8, 3, 10, 0, 0, 0, 0, 1, 1, 3, 0, 0, 0, 2, 0, 0.5, 0, 0, 0, 0], [0, 0, 0, 0.005847752094268799, 0, 0, 8, 3, 10, 0, 0, 0, 0, 1, 1, 4, 0, 0, 0, 2, 0, 0.5, 0, 0, 0, 0], [0, 0, 0, 0.13242924213409424, 0, 0, 8, 3, 10, 0, 0, 0, 0, 1, 1, 3, 0, 0, 0, 2, 0, 0.5, 0, 0, 0, 0], [0, 0, 0, 0.055652469396591187, 0, 0, 8, 9, 16, 0, 0, 0, 0, 7, 1, 4, 0, 0, 0, 8, 0, 0.5, 0, 0, 0, 0], [0, 0, 0, 0.002010554075241089, 0, 0, 8, 13, 20, 0, 0, 0, 0, 11, 1, 1, 0, 0, 0, 12, 0, 0.05, 0, 0, 0, 0], [0, 0, 0, 0.007126867771148682, 0, 0, 8, 13, 20, 0, 0, 0, 0, 11, 1, 1, 0, 0, 0, 12, 0, 0.041666666666666664, 0, 0, 0, 0], [0, 0, 0, 0.014842778444290161, 0, 0, 8, 13, 20, 0, 0, 0, 0, 11, 1, 5, 0, 0, 0, 12, 0, 0.5, 0, 0, 0, 0], [0, 0, 0, 0.013115227222442627, 0, 0, 8, 13, 20, 0, 0, 0, 0, 11, 1, 1, 0, 0, 0, 12, 0, 0.3333333333333333, 0, 0, 0, 0], [0, 0, 0, 0.19099575281143188, 0, 0, 8, 4, 11, 0, 0, 0, 0, 2, 1, 4, 0, 0, 0, 3, 0, 0.5, 0, 0, 0, 0], [0, 0, 0, 0.022312641143798828, 0, 0, 8, 13, 20, 0, 0, 0, 0, 11, 1, 4, 0, 0, 0, 12, 0, 0.5, 0, 0, 0, 0], [0, 0, 0, 0.04533141851425171, 0, 0, 8, 13, 20, 0, 0, 0, 0, 11, 1, 1, 0, 0, 0, 12, 0, 0.05555555555555555, 0, 0, 0, 0], [0, 0, 0, 0.16347229480743408, 0, 0, 8, 3, 10, 0, 0, 0, 0, 1, 1, 4, 0, 0, 0, 2, 0, 0.5, 0, 0, 0, 0], [0, 0, 0, 0.00966307520866394, 0, 0, 8, 13, 20, 0, 0, 0, 0, 11, 1, 4, 0, 0, 0, 12, 0, 0.5, 0, 0, 0, 0], [0, 0, 0, 0.015402227640151978, 0, 0, 8, 13, 20, 0, 0, 0, 0, 11, 1, 1, 0, 0, 0, 12, 0, 0.05555555555555555, 0, 0, 0, 0], [0, 0, 0, 0.006605476140975952, 0, 0, 8, 3, 10, 0, 0, 0, 0, 1, 1, 4, 0, 0, 0, 2, 0, 0.5, 0, 0, 0, 0], [0, 0, 0, 0.01422610878944397, 0, 0, 8, 13, 20, 0, 0, 0, 0, 11, 1, 2, 0, 0, 0, 12, 0, 0.16666666666666666, 0, 0, 0, 0], [0, 0, 0, 0.07885921001434326, 0, 0, 8, 13, 20, 0, 0, 0, 0, 11, 1, 4, 0, 0, 0, 12, 0, 0.5, 0, 0, 0, 0], [0, 0, 0, 0.004817306995391846, 0, 0, 8, 13, 20, 0, 0, 0, 0, 11, 1, 2, 0, 0, 0, 12, 0, 0.5, 0, 0, 0, 0], [0, 0, 0, 0.0233384370803833, 0, 0, 8, 13, 20, 0, 0, 0, 0, 11, 1, 1, 0, 0, 0, 12, 0, 0.03125, 0, 0, 0, 0], [0, 0, 0, 0.01356208324432373, 0, 0, 8, 3, 10, 0, 0, 0, 0, 1, 1, 7, 0, 0, 0, 2, 0, 0.5, 0, 0, 0, 0], [0, 0, 0, 0.02002432942390442, 0, 0, 8, 13, 20, 0, 0, 0, 0, 11, 1, 2, 0, 0, 0, 12, 0, 0.16666666666666666, 0, 0, 0, 0], [0, 0, 0, 0.044026583433151245, 0, 0, 8, 8, 15, 0, 0, 0, 0, 6, 1, 2, 0, 0, 0, 7, 0, 0.5, 0, 0, 0, 0], [0, 0, 0, 0.007692575454711914, 0, 0, 8, 3, 10, 0, 0, 0, 0, 1, 1, 4, 0, 0, 0, 2, 0, 0.5, 0, 0, 0, 0], [0, 0, 0, 0.007667243480682373, 0, 0, 8, 5, 12, 0, 0, 0, 0, 3, 1, 6, 0, 0, 0, 4, 0, 0.5, 0, 0, 0, 0], [0, 0, 0, 0.05179673433303833, 0, 0, 8, 13, 20, 0, 0, 0, 0, 11, 1, 3, 0, 0, 0, 12, 0, 0.5, 0, 0, 0, 0], [0, 0, 0, 0.04532402753829956, 0, 0, 8, 8, 15, 0, 0, 0, 0, 6, 1, 4, 0, 0, 0, 7, 0, 0.5, 0, 0, 0, 0], [1, 0, 0, 0.03393465280532837, 0, 0, 8, 13, 20, 1, 0, 0, 0, 11, 1, 1, 0, 0, 0, 12, 0, 0.030303030303030304, 0, 0, 0, 0], [0, 0, 0, 0.008274108171463013, 0, 0, 8, 4, 11, 0, 0, 0, 0, 2, 1, 3, 0, 0, 0, 3, 0, 0.5, 0, 0, 0, 0], [0, 0, 0, 0.05059605836868286, 0, 0, 8, 11, 18, 0, 0, 0, 0, 9, 1, 3, 0, 0, 0, 10, 0, 0.5, 0, 0, 0, 0], [0, 0, 0, 0.043477416038513184, 0, 0, 8, 4, 11, 0, 0, 0, 0, 2, 1, 2, 0, 0, 0, 3, 0, 0.3333333333333333, 0, 0, 0, 0], [0, 0, 0, 0.05850580334663391, 0, 0, 8, 5, 12, 0, 0, 0, 0, 3, 1, 4, 0, 0, 0, 4, 0, 0.5, 0, 0, 0, 0], [0, 0, 0, 0.0171205997467041, 0, 0, 8, 13, 20, 0, 0, 0, 0, 11, 1, 1, 0, 0, 0, 12, 0, 0.038461538461538464, 0, 0, 0, 0], [0, 0, 0, 0.007732987403869629, 0, 0, 8, 4, 11, 0, 0, 0, 0, 2, 1, 6, 0, 0, 0, 3, 0, 0.5, 0, 0, 0, 0], [0, 0, 0, 0.0, 0, 0, 8, 13, 20, 0, 0, 0, 0, 11, 1, 6, 0, 0, 0, 12, 0, 0.5, 0, 0, 0, 0], [0, 0, 0, 0.03651908040046692, 0, 0, 8, 7, 14, 0, 0, 0, 0, 5, 1, 6, 0, 0, 0, 6, 0, 0.5, 0, 0, 0, 0], [0, 0, 0, 0.009127885103225708, 0, 0, 8, 13, 20, 0, 0, 0, 0, 11, 1, 1, 0, 0, 0, 12, 0, 0.041666666666666664, 0, 0, 0, 0], [0, 0, 0, 0.009113818407058716, 0, 0, 8, 13, 20, 0, 0, 0, 0, 10, 2, 2, 0, 0, 0, 12, 0, 0.16666666666666666, 0, 0, 0, 0], [0, 0, 0, 0.011011719703674316, 0, 0, 8, 13, 20, 0, 0, 0, 0, 11, 1, 1, 0, 0, 0, 12, 0, 0.027777777777777776, 0, 0, 0, 0], [1, 0, 0, 0.01513141393661499, 0, 0, 8, 13, 20, 1, 0, 0, 0, 11, 1, 2, 0, 0, 0, 12, 0, 0.5, 0, 0, 0, 0], [0, 0, 0, 0.01986449956893921, 0, 0, 8, 9, 16, 0, 0, 0, 0, 7, 1, 1, 0, 0, 0, 8, 0, 0.5, 0, 0, 0, 0], [0, 0, 0, 0.05378401279449463, 0, 0, 8, 13, 20, 0, 0, 0, 0, 11, 1, 1, 0, 0, 0, 12, 0, 0.5, 0, 0, 0, 0], [0, 0, 0, 0.005736202001571655, 0, 0, 8, 9, 16, 0, 0, 0, 0, 7, 1, 4, 0, 0, 0, 8, 0, 0.5, 0, 0, 0, 0], [0, 0, 0, 0.00141066312789917, 0, 0, 8, 4, 11, 0, 0, 0, 0, 2, 1, 3, 0, 0, 0, 3, 0, 0.5, 0, 0, 0, 0], [0, 0, 0, 0.04427763819694519, 0, 0, 8, 4, 11, 0, 0, 0, 0, 2, 1, 6, 0, 0, 0, 3, 0, 0.5, 0, 0, 0, 0], [0, 0, 0, 0.011453092098236084, 0, 0, 8, 13, 20, 0, 0, 0, 0, 11, 1, 7, 0, 0, 0, 12, 0, 0.5, 0, 0, 0, 0], [0, 0, 0, 0.01463136076927185, 0, 0, 8, 13, 20, 0, 0, 0, 0, 11, 1, 1, 0, 0, 0, 12, 0, 0.041666666666666664, 0, 0, 0, 0], [0, 0, 0, 0.09084558486938477, 0, 0, 8, 5, 12, 0, 0, 0, 0, 3, 1, 5, 0, 0, 0, 4, 0, 0.5, 0, 0, 0, 0], [0, 0, 0, 0.016974568367004395, 0, 0, 8, 13, 20, 0, 0, 0, 0, 11, 1, 2, 0, 0, 0, 12, 0, 0.3333333333333333, 0, 0, 0, 0], [0, 0, 0, 0.02560734748840332, 0, 0, 8, 13, 20, 0, 0, 0, 0, 10, 2, 5, 0, 0, 0, 12, 0, 0.5, 0, 0, 0, 0], [0, 0, 0, 0.05396336317062378, 0, 0, 8, 13, 20, 0, 0, 0, 0, 11, 1, 4, 0, 0, 0, 12, 0, 0.5, 0, 0, 0, 0], [0, 0, 0, 0.048717498779296875, 0, 0, 8, 5, 12, 0, 0, 0, 0, 3, 1, 6, 0, 0, 0, 4, 0, 0.5, 0, 0, 0, 0], [0, 0, 0, 0.00405547022819519, 0, 0, 8, 5, 12, 0, 0, 0, 0, 3, 1, 3, 0, 0, 0, 4, 0, 0.5, 0, 0, 0, 0], [0, 0, 0, 0.05004328489303589, 0, 0, 8, 7, 14, 0, 0, 0, 0, 5, 1, 4, 0, 0, 0, 6, 0, 0.5, 0, 0, 0, 0], [0, 0, 0, 0.03959822654724121, 0, 0, 8, 13, 20, 0, 0, 0, 0, 11, 1, 3, 0, 0, 0, 12, 0, 0.5, 0, 0, 0, 0], [0, 0, 0, 0.31677553057670593, 0, 0, 8, 3, 10, 0, 0, 0, 0, 1, 1, 3, 0, 0, 0, 2, 0, 0.5, 0, 0, 0, 0], [0, 0, 0, 0.026369810104370117, 0, 0, 8, 4, 11, 0, 0, 0, 0, 2, 1, 2, 0, 0, 0, 3, 0, 0.5, 0, 0, 0, 0], [0, 0, 0, 0.06351429224014282, 0, 0, 8, 13, 20, 0, 0, 0, 0, 11, 1, 2, 0, 0, 0, 12, 0, 0.5, 0, 0, 0, 0], [0, 0, 0, 0.0005578994750976562, 0, 0, 8, 4, 11, 0, 0, 0, 0, 2, 1, 7, 0, 0, 0, 3, 0, 0.5, 0, 0, 0, 0], [0, 0, 0, 0.027986109256744385, 0, 0, 8, 4, 11, 0, 0, 0, 0, 2, 1, 5, 0, 0, 0, 3, 0, 0.5, 0, 0, 0, 0], [0, 0, 0, 0.056965172290802, 0, 0, 8, 3, 10, 0, 0, 0, 0, 1, 1, 5, 0, 0, 0, 2, 0, 0.5, 0, 0, 0, 0], [0, 0, 0, 0.026776134967803955, 0, 0, 8, 13, 20, 0, 0, 0, 0, 11, 1, 1, 0, 0, 0, 12, 0, 0.3333333333333333, 0, 0, 0, 0], [0, 0, 0, 0.005169034004211426, 0, 0, 8, 3, 10, 0, 0, 0, 0, 1, 1, 4, 0, 0, 0, 2, 0, 0.5, 0, 0, 0, 0], [0, 0, 0, 0.019037842750549316, 0, 0, 8, 4, 11, 0, 0, 0, 0, 2, 1, 5, 0, 0, 0, 3, 0, 0.5, 0, 0, 0, 0], [0, 0, 0, 0.00745081901550293, 0, 0, 8, 13, 20, 0, 0, 0, 0, 11, 1, 4, 0, 0, 0, 12, 0, 0.5, 0, 0, 0, 0], [0, 0, 0, 0.004627615213394165, 0, 0, 8, 13, 20, 0, 0, 0, 0, 11, 1, 1, 0, 0, 0, 12, 0, 0.027777777777777776, 0, 0, 0, 0], [0, 0, 0, 0.0640304684638977, 0, 0, 8, 5, 12, 0, 0, 0, 0, 3, 1, 5, 0, 0, 0, 4, 0, 0.5, 0, 0, 0, 0], [0, 0, 0, 0.07822853326797485, 0, 0, 8, 4, 11, 0, 0, 0, 0, 2, 1, 6, 0, 0, 0, 3, 0, 0.5, 0, 0, 0, 0], [0, 0, 0, 0.016907334327697754, 0, 0, 8, 3, 10, 0, 0, 0, 0, 1, 1, 7, 0, 0, 0, 2, 0, 0.5, 0, 0, 0, 0], [0, 0, 0, 0.3505156338214874, 0, 0, 8, 3, 10, 0, 0, 0, 0, 1, 1, 3, 0, 0, 0, 2, 0, 0.5, 0, 0, 0, 0], [0, 0, 0, 0.10375425219535828, 0, 0, 8, 4, 11, 0, 0, 0, 0, 2, 1, 3, 0, 0, 0, 3, 0, 0.5, 0, 0, 0, 0], [0, 0, 0, 0.02454128861427307, 0, 0, 8, 13, 20, 0, 0, 0, 0, 11, 1, 5, 0, 0, 0, 12, 0, 0.5, 0, 0, 0, 0], [0, 0, 0, 0.004089772701263428, 0, 0, 8, 5, 12, 0, 0, 0, 0, 3, 1, 7, 0, 0, 0, 4, 0, 0.5, 0, 0, 0, 0], [0, 0, 0, 0.020765304565429688, 0, 0, 8, 3, 10, 0, 0, 0, 0, 1, 1, 3, 0, 0, 0, 2, 0, 0.5, 0, 0, 0, 0], [0, 0, 0, 0.006529092788696289, 0, 0, 8, 4, 11, 0, 0, 0, 0, 2, 1, 3, 0, 0, 0, 3, 0, 0.5, 0, 0, 0, 0], [0, 0, 0, 0.0026956796646118164, 0, 0, 8, 9, 16, 0, 0, 0, 0, 7, 1, 4, 0, 0, 0, 8, 0, 0.5, 0, 0, 0, 0], [0, 0, 0, 0.08597373962402344, 0, 0, 8, 3, 10, 0, 0, 0, 0, 1, 1, 1, 0, 0, 0, 2, 0, 0.5, 0, 0, 0, 0], [0, 0, 0, 0.013453960418701172, 0, 0, 8, 13, 20, 0, 0, 0, 0, 11, 1, 6, 0, 0, 0, 12, 0, 0.5, 0, 0, 0, 0], [0, 0, 0, 0.01991713047027588, 0, 0, 8, 13, 20, 0, 0, 0, 0, 11, 1, 4, 0, 0, 0, 12, 0, 0.5, 0, 0, 0, 0], [0, 0, 0, 0.05608910322189331, 0, 0, 8, 7, 14, 0, 0, 0, 0, 5, 1, 4, 0, 0, 0, 6, 0, 0.5, 0, 0, 0, 0], [0, 0, 0, 0.0013106465339660645, 0, 0, 8, 5, 12, 0, 0, 0, 0, 3, 1, 6, 0, 0, 0, 4, 0, 0.5, 0, 0, 0, 0], [0, 0, 0, 0.06022083759307861, 0, 0, 8, 4, 11, 0, 0, 0, 0, 2, 1, 4, 0, 0, 0, 3, 0, 0.5, 0, 0, 0, 0], [0, 0, 0, 0.015465781092643738, 0, 0, 8, 3, 10, 0, 0, 0, 0, 1, 1, 4, 0, 0, 0, 2, 0, 0.5, 0, 0, 0, 0], [0, 0, 0, 0.16699999570846558, 0, 0, 8, 3, 10, 0, 0, 0, 0, 1, 1, 2, 0, 0, 0, 2, 0, 0.5, 0, 0, 0, 0], [0, 0, 0, 9.873509407043457e-05, 0, 0, 8, 13, 20, 0, 0, 0, 0, 11, 1, 6, 0, 0, 0, 12, 0, 0.5, 0, 0, 0, 0], [0, 0, 0, 0.10139095783233643, 0, 0, 8, 5, 12, 0, 0, 0, 0, 3, 1, 3, 0, 0, 0, 4, 0, 0.5, 0, 0, 0, 0], [0, 0, 0, 0.004378616809844971, 0, 0, 8, 4, 11, 0, 0, 0, 0, 2, 1, 6, 0, 0, 0, 3, 0, 0.5, 0, 0, 0, 0], [0, 0, 0, 0.22637000679969788, 0, 0, 8, 3, 10, 0, 0, 0, 0, 1, 1, 5, 0, 0, 0, 2, 0, 0.5, 0, 0, 0, 0], [0, 0, 0, 0.027218639850616455, 0, 0, 8, 3, 10, 0, 0, 0, 0, 1, 1, 4, 0, 0, 0, 2, 0, 0.5, 0, 0, 0, 0], [0, 0, 0, 0.01989191770553589, 0, 0, 8, 9, 16, 0, 0, 0, 0, 7, 1, 6, 0, 0, 0, 8, 0, 0.5, 0, 0, 0, 0], [0, 0, 0, 0.07968491315841675, 0, 0, 8, 13, 20, 0, 1, 0, 0, 11, 1, 3, 0, 0, 0, 12, 0, 0.5, 0, 0, 0, 0], [0, 0, 0, 0.04893529415130615, 0, 0, 8, 3, 10, 0, 0, 0, 0, 1, 1, 4, 0, 0, 0, 2, 0, 0.5, 0, 0, 0, 0], [0, 0, 0, 0.010858118534088135, 0, 0, 8, 3, 10, 0, 0, 0, 0, 1, 1, 3, 0, 0, 0, 2, 0, 0.25, 0, 0, 0, 0], [0, 0, 0, 0.031121671199798584, 0, 0, 8, 3, 10, 0, 0, 0, 0, 1, 1, 5, 0, 0, 0, 2, 0, 0.5, 0, 0, 0, 0], [0, 0, 0, 0.01202404499053955, 0, 0, 8, 3, 10, 0, 0, 0, 0, 1, 1, 7, 0, 0, 0, 2, 0, 0.5, 0, 0, 0, 0], [0, 0, 0, 0.06464818120002747, 0, 0, 8, 13, 20, 0, 0, 0, 0, 11, 1, 3, 0, 0, 0, 12, 0, 0.5, 0, 0, 0, 0], [0, 0, 0, 0.04924726486206055, 0, 0, 8, 13, 20, 0, 0, 0, 0, 11, 1, 1, 0, 0, 0, 12, 0, 0.08, 0, 0, 0, 0], [0, 0, 0, 0.0004495382308959961, 0, 0, 8, 13, 20, 0, 0, 0, 0, 11, 1, 1, 0, 0, 0, 12, 0, 0.01282051282051282, 0, 0, 0, 0], [0, 0, 0, 0.011557534337043762, 0, 0, 8, 3, 10, 0, 0, 0, 0, 1, 1, 1, 0, 0, 0, 2, 0, 0.3333333333333333, 0, 0, 0, 0], [0, 0, 0, 0.04225480556488037, 0, 0, 8, 13, 20, 0, 0, 0, 0, 11, 1, 3, 0, 0, 0, 12, 0, 0.5, 0, 0, 0, 0], [0, 0, 0, 0.01202404499053955, 0, 0, 8, 3, 10, 0, 0, 0, 0, 1, 1, 7, 0, 0, 0, 2, 0, 0.5, 0, 0, 0, 0], [0, 0, 0, 0.030275732278823853, 0, 0, 8, 8, 15, 0, 0, 0, 0, 6, 1, 5, 0, 0, 0, 7, 0, 0.5, 0, 0, 0, 0], [0, 0, 0, 0.0017206370830535889, 0, 0, 8, 13, 20, 0, 0, 1, 0, 11, 1, 1, 0, 0, 0, 12, 0, 0.03125, 0, 0, 0, 0], [0, 0, 0, 0.08801746368408203, 0, 0, 8, 3, 10, 0, 0, 0, 0, 1, 1, 3, 0, 0, 0, 2, 0, 0.5, 0, 0, 0, 0], [0, 0, 0, 0.04141420125961304, 0, 0, 8, 13, 20, 0, 0, 0, 0, 11, 1, 1, 0, 0, 0, 12, 0, 0.03125, 0, 0, 0, 0], [0, 0, 0, 0.032516419887542725, 0, 0, 8, 13, 20, 0, 0, 0, 0, 11, 1, 1, 0, 0, 0, 12, 0, 0.03125, 0, 0, 0, 0], [0, 0, 0, 0.0514712929725647, 0, 0, 8, 13, 20, 0, 0, 0, 0, 11, 1, 1, 0, 0, 0, 12, 0, 0.030303030303030304, 0, 0, 0, 0], [0, 0, 0, 0.029347091913223267, 0, 0, 8, 13, 20, 0, 0, 0, 0, 11, 1, 1, 0, 0, 0, 12, 0, 0.05555555555555555, 0, 0, 0, 0], [0, 0, 0, 0.052900105714797974, 0, 0, 8, 5, 12, 0, 0, 0, 0, 3, 1, 4, 0, 0, 0, 4, 0, 0.5, 0, 0, 0, 0], [0, 0, 0, 0.009780049324035645, 0, 0, 8, 10, 17, 0, 0, 0, 0, 8, 1, 5, 0, 0, 0, 9, 0, 0.5, 0, 0, 0, 0], [0, 0, 0, 0.010256022214889526, 0, 0, 8, 13, 20, 0, 0, 0, 0, 11, 1, 1, 0, 0, 0, 12, 0, 0.041666666666666664, 0, 0, 0, 0], [0, 0, 0, 0.0006660521030426025, 0, 0, 8, 13, 20, 0, 0, 0, 0, 11, 1, 5, 0, 0, 0, 12, 0, 0.5, 0, 0, 0, 0], [0, 0, 0, 0.003925025463104248, 0, 0, 8, 13, 20, 0, 0, 0, 0, 11, 1, 1, 0, 0, 0, 12, 0, 0.041666666666666664, 0, 0, 0, 0], [0, 0, 0, 0.05810379981994629, 0, 0, 8, 3, 10, 0, 0, 0, 0, 1, 1, 4, 0, 0, 0, 2, 0, 0.5, 0, 0, 0, 0], [0, 0, 0, 0.0029675960540771484, 0, 0, 8, 13, 20, 0, 0, 0, 0, 11, 1, 3, 0, 0, 0, 12, 0, 0.5, 0, 0, 0, 0], [0, 0, 0, 0.08678871393203735, 0, 0, 8, 5, 12, 0, 0, 0, 0, 3, 1, 2, 0, 0, 0, 4, 0, 0.3333333333333333, 0, 0, 0, 0], [0, 0, 0, 0.2893947958946228, 0, 0, 8, 3, 10, 0, 0, 0, 0, 1, 1, 3, 0, 0, 0, 2, 0, 0.5, 0, 0, 0, 0], [0, 0, 0, 0.011905431747436523, 0, 0, 8, 3, 10, 0, 0, 0, 0, 1, 1, 2, 0, 0, 0, 2, 0, 0.5, 0, 0, 0, 0], [0, 0, 0, 0.012911379337310791, 0, 0, 8, 11, 18, 0, 0, 0, 0, 9, 1, 6, 0, 0, 0, 10, 0, 0.5, 0, 0, 0, 0], [0, 0, 0, 0.027539074420928955, 0, 0, 8, 13, 20, 0, 0, 0, 0, 11, 1, 4, 0, 0, 0, 12, 0, 0.5, 0, 0, 0, 0], [0, 0, 0, 0.018701791763305664, 0, 0, 8, 10, 17, 0, 0, 0, 0, 8, 1, 6, 0, 0, 0, 9, 0, 0.5, 0, 0, 0, 0], [0, 0, 0, 0.23228591680526733, 0, 0, 8, 3, 10, 0, 0, 0, 0, 1, 1, 2, 0, 0, 0, 2, 0, 0.3333333333333333, 0, 0, 0, 0], [0, 0, 0, 0.034117817878723145, 0, 0, 8, 12, 19, 0, 0, 0, 0, 10, 1, 2, 0, 0, 0, 11, 0, 0.25, 0, 0, 0, 0], [0, 0, 0, 0.032871365547180176, 0, 0, 8, 3, 10, 0, 0, 0, 0, 1, 1, 5, 0, 0, 0, 2, 0, 0.5, 0, 0, 0, 0], [0, 0, 0, 0.028762638568878174, 0, 0, 8, 9, 16, 0, 0, 0, 0, 7, 1, 5, 0, 0, 0, 8, 0, 0.5, 0, 0, 0, 0], [0, 0, 0, 0.060012370347976685, 0, 0, 8, 3, 10, 0, 0, 0, 0, 1, 1, 5, 0, 0, 0, 2, 0, 0.5, 0, 0, 0, 0], [0, 0, 0, 0.08891063928604126, 0, 0, 8, 13, 20, 0, 1, 0, 0, 11, 1, 4, 0, 0, 0, 12, 0, 0.5, 0, 0, 0, 0], [0, 0, 0, 0.06038281321525574, 0, 0, 8, 5, 12, 0, 0, 0, 0, 3, 1, 4, 0, 0, 0, 4, 0, 0.5, 0, 0, 0, 0], [0, 0, 0, 0.134027898311615, 0, 0, 8, 3, 10, 0, 0, 0, 0, 1, 1, 4, 0, 0, 0, 2, 0, 0.5, 0, 0, 0, 0], [0, 0, 0, 0.006250739097595215, 0, 0, 8, 3, 10, 0, 0, 0, 0, 1, 1, 3, 0, 0, 0, 2, 0, 0.5, 0, 0, 0, 0], [0, 0, 0, 0.0020845532417297363, 0, 0, 8, 13, 20, 0, 0, 0, 0, 11, 1, 2, 0, 0, 0, 12, 0, 0.5, 0, 0, 0, 0], [0, 0, 0, 0.057057321071624756, 0, 0, 8, 3, 10, 0, 0, 0, 0, 1, 1, 4, 0, 0, 0, 2, 0, 0.5, 0, 0, 0, 0], [0, 0, 0, 0.04024916887283325, 0, 0, 8, 12, 19, 0, 0, 0, 0, 10, 1, 2, 0, 0, 0, 11, 0, 0.5, 0, 0, 0, 0], [0, 0, 0, 0.089164137840271, 0, 0, 8, 13, 20, 0, 0, 0, 0, 10, 2, 2, 0, 0, 0, 12, 0, 0.5, 0, 0, 0, 0], [0, 0, 0, 0.1576680839061737, 0, 0, 8, 3, 10, 0, 0, 0, 0, 1, 1, 3, 0, 0, 0, 2, 0, 0.5, 0, 0, 0, 0], [0, 0, 0, 0.10302957892417908, 0, 0, 8, 4, 11, 0, 0, 0, 0, 2, 1, 3, 0, 0, 0, 3, 0, 0.5, 0, 0, 0, 0], [0, 0, 0, 0.03817012906074524, 0, 0, 8, 13, 20, 0, 0, 0, 0, 11, 1, 5, 0, 0, 0, 12, 0, 0.5, 0, 0, 0, 0], [0, 0, 0, 0.0055065155029296875, 0, 0, 8, 6, 13, 0, 0, 0, 0, 4, 1, 6, 0, 0, 0, 5, 0, 0.5, 0, 0, 0, 0], [1, 0, 0, 0.025109201669692993, 0, 0, 8, 13, 20, 1, 0, 1, 0, 11, 1, 6, 0, 0, 0, 12, 0, 0.5, 0, 0, 0, 0], [0, 0, 0, 0.26521244645118713, 0, 0, 8, 3, 10, 0, 0, 0, 0, 1, 1, 2, 0, 0, 0, 2, 0, 0.5, 0, 0, 0, 0], [0, 0, 0, 0.01182258129119873, 0, 0, 8, 3, 10, 0, 0, 0, 0, 1, 1, 4, 0, 0, 0, 2, 0, 0.5, 0, 0, 0, 0], [0, 0, 0, 0.02123558521270752, 0, 0, 8, 13, 20, 0, 0, 0, 0, 11, 1, 2, 0, 0, 0, 12, 0, 0.5, 0, 0, 0, 0], [0, 0, 0, 0.13616418838500977, 0, 0, 8, 4, 11, 0, 0, 0, 0, 2, 1, 4, 0, 0, 0, 3, 0, 0.5, 0, 0, 0, 0], [0, 0, 0, 0.06489372253417969, 0, 0, 8, 4, 11, 0, 0, 0, 0, 2, 1, 7, 0, 0, 0, 3, 0, 0.5, 0, 0, 0, 0], [0, 0, 0, 0.019433408975601196, 0, 0, 8, 13, 20, 0, 0, 0, 0, 11, 1, 1, 0, 0, 0, 12, 0, 0.3333333333333333, 0, 0, 0, 0], [0, 0, 0, 0.039933621883392334, 0, 0, 8, 5, 12, 0, 0, 0, 0, 3, 1, 7, 0, 0, 0, 4, 0, 0.5, 0, 0, 0, 0], [0, 0, 0, 0.016141891479492188, 0, 0, 8, 13, 20, 0, 0, 0, 0, 11, 1, 1, 0, 0, 0, 12, 0, 0.038461538461538464, 0, 0, 0, 0], [0, 0, 0, 0.024088889360427856, 0, 0, 8, 13, 20, 0, 0, 0, 0, 10, 2, 5, 0, 0, 0, 12, 0, 0.5, 0, 0, 0, 0], [0, 0, 0, 0.0006238818168640137, 0, 0, 8, 13, 20, 0, 0, 0, 0, 11, 1, 2, 0, 0, 0, 12, 0, 0.5, 0, 0, 0, 0], [0, 0, 0, 0.05959194898605347, 0, 0, 8, 3, 10, 0, 0, 0, 0, 1, 1, 4, 0, 0, 0, 2, 0, 0.5, 0, 0, 0, 0], [0, 0, 0, 0.0051489174365997314, 0, 0, 8, 5, 12, 0, 0, 0, 0, 3, 1, 3, 0, 0, 0, 4, 0, 0.5, 0, 0, 0, 0], [0, 0, 0, 0.03131970763206482, 0, 0, 8, 3, 10, 0, 0, 0, 0, 1, 1, 5, 0, 0, 0, 2, 0, 0.5, 0, 0, 0, 0], [0, 0, 0, 0.1131543517112732, 0, 0, 8, 5, 12, 0, 0, 0, 0, 3, 1, 4, 0, 0, 0, 4, 0, 0.5, 0, 0, 0, 0], [0, 0, 0, 0.05156487226486206, 0, 0, 8, 4, 11, 0, 0, 0, 0, 2, 1, 5, 0, 0, 0, 3, 0, 0.5, 0, 0, 0, 0], [0, 0, 0, 0.11862429976463318, 0, 0, 8, 7, 14, 0, 0, 0, 0, 5, 1, 6, 0, 0, 0, 6, 0, 0.5, 0, 0, 0, 0], [0, 0, 0, 0.03121495246887207, 0, 0, 8, 3, 10, 0, 0, 0, 0, 1, 1, 4, 0, 0, 0, 2, 0, 0.5, 0, 0, 0, 0], [0, 0, 0, 0.013127177953720093, 0, 0, 8, 5, 12, 0, 0, 0, 0, 3, 1, 6, 0, 0, 0, 4, 0, 0.5, 0, 0, 0, 0], [0, 0, 0, 0.028889179229736328, 0, 0, 8, 5, 12, 0, 0, 0, 0, 3, 1, 5, 0, 0, 0, 4, 0, 0.5, 0, 0, 0, 0], [0, 0, 0, 0.17886191606521606, 0, 0, 8, 3, 10, 0, 0, 0, 0, 1, 1, 3, 0, 0, 0, 2, 0, 0.3333333333333333, 0, 0, 0, 0], [0, 0, 0, 0.03140294551849365, 0, 0, 8, 13, 20, 0, 0, 0, 0, 11, 1, 3, 0, 0, 0, 12, 0, 0.5, 0, 0, 0, 0], [0, 0, 0, 0.0046994686126708984, 0, 0, 8, 3, 10, 0, 0, 0, 0, 1, 1, 7, 0, 0, 0, 2, 0, 0.5, 0, 0, 0, 0], [0, 0, 0, 0.009557217359542847, 0, 0, 8, 4, 11, 0, 0, 0, 0, 2, 1, 3, 0, 0, 0, 3, 0, 0.5, 0, 0, 0, 0], [0, 0, 0, 0.0021075010299682617, 0, 0, 8, 5, 12, 0, 0, 0, 0, 3, 1, 7, 0, 0, 0, 4, 0, 0.5, 0, 0, 0, 0], [0, 0, 0, 0.01297914981842041, 0, 0, 8, 4, 11, 0, 0, 0, 0, 2, 1, 2, 0, 0, 0, 3, 0, 0.25, 0, 0, 0, 0], [0, 0, 0, 0.02342897653579712, 0, 0, 8, 4, 11, 0, 0, 0, 0, 2, 1, 4, 0, 0, 0, 3, 0, 0.5, 0, 0, 0, 0], [0, 0, 0, 0.002191513776779175, 0, 0, 8, 6, 13, 0, 0, 0, 0, 4, 1, 7, 0, 0, 0, 5, 0, 0.5, 0, 0, 0, 0], [0, 0, 0, 0.013527363538742065, 0, 0, 8, 4, 11, 0, 0, 0, 0, 2, 1, 5, 0, 0, 0, 3, 0, 0.5, 0, 0, 0, 0], [0, 0, 0, 0.0046994686126708984, 0, 0, 8, 3, 10, 0, 0, 0, 0, 1, 1, 7, 0, 0, 0, 2, 0, 0.5, 0, 0, 0, 0], [1, 0, 0, 0.04040822386741638, 0, 0, 8, 13, 20, 1, 0, 1, 0, 11, 1, 3, 0, 0, 0, 12, 1, 0.5, 0, 0, 0, 0], [0, 0, 0, 0.003727823495864868, 0, 0, 8, 5, 12, 0, 0, 0, 0, 3, 1, 5, 0, 0, 0, 4, 0, 0.5, 0, 0, 0, 0], [0, 0, 0, 0.05880817770957947, 0, 0, 8, 4, 11, 0, 0, 0, 0, 2, 1, 3, 0, 0, 0, 3, 0, 0.5, 0, 0, 0, 0], [0, 0, 0, 0.017396926879882812, 0, 0, 8, 5, 12, 0, 0, 0, 0, 3, 1, 6, 0, 0, 0, 4, 0, 0.5, 0, 0, 0, 0], [0, 0, 0, 0.016907334327697754, 0, 0, 8, 3, 10, 0, 0, 0, 0, 1, 1, 7, 0, 0, 0, 2, 0, 0.5, 0, 0, 0, 0], [0, 0, 0, 0.013957023620605469, 0, 0, 8, 5, 12, 0, 0, 0, 0, 3, 1, 4, 0, 0, 0, 4, 0, 0.5, 0, 0, 0, 0], [0, 0, 0, 0.2060379981994629, 0, 0, 8, 3, 10, 0, 0, 0, 0, 1, 1, 3, 0, 0, 0, 2, 0, 0.3333333333333333, 0, 0, 0, 0], [0, 0, 0, 0.012452483177185059, 0, 0, 8, 13, 20, 0, 0, 0, 0, 11, 1, 2, 0, 0, 0, 12, 0, 0.5, 0, 0, 0, 0], [0, 0, 0, 0.08083295822143555, 0, 0, 8, 8, 15, 0, 0, 0, 0, 6, 1, 4, 0, 0, 0, 7, 0, 0.5, 0, 0, 0, 0], [0, 0, 0, 0.10300791263580322, 0, 0, 8, 7, 14, 0, 0, 0, 0, 5, 1, 4, 0, 0, 0, 6, 0, 0.5, 0, 0, 0, 0], [0, 0, 0, 0.020353347063064575, 0, 0, 8, 3, 10, 0, 0, 0, 0, 1, 1, 5, 0, 0, 0, 2, 0, 0.5, 0, 0, 0, 0], [0, 0, 0, 0.08288872241973877, 0, 0, 8, 7, 14, 0, 0, 0, 0, 5, 1, 6, 0, 0, 0, 6, 0, 0.5, 0, 0, 0, 0], [0, 0, 0, 0.03096798062324524, 0, 0, 8, 7, 14, 0, 0, 0, 0, 5, 1, 4, 0, 0, 0, 6, 0, 0.5, 0, 0, 0, 0], [0, 0, 0, 0.00227925181388855, 0, 0, 8, 13, 20, 0, 0, 0, 0, 10, 2, 6, 0, 0, 0, 12, 0, 0.5, 0, 0, 0, 0], [0, 0, 0, 0.007930099964141846, 0, 0, 8, 13, 20, 0, 0, 0, 0, 11, 1, 1, 0, 0, 0, 12, 0, 0.5, 0, 0, 0, 0], [0, 0, 0, 0.007737159729003906, 0, 0, 8, 13, 20, 0, 0, 0, 0, 11, 1, 2, 0, 0, 0, 12, 0, 0.5, 0, 0, 0, 0], [0, 0, 0, 0.3825468420982361, 0, 0, 8, 3, 10, 0, 0, 0, 0, 1, 1, 2, 0, 0, 0, 2, 0, 0.5, 0, 0, 0, 0], [0, 0, 0, 0.03433820605278015, 0, 0, 8, 3, 10, 0, 0, 0, 0, 1, 1, 5, 0, 0, 0, 2, 0, 0.5, 0, 0, 0, 0], [0, 0, 0, 0.18351083993911743, 0, 0, 8, 3, 10, 0, 0, 0, 0, 1, 1, 4, 0, 0, 0, 2, 0, 0.5, 0, 0, 0, 0], [0, 0, 0, 0.02294921875, 0, 0, 8, 13, 20, 0, 0, 0, 0, 11, 1, 4, 0, 0, 0, 12, 0, 0.5, 0, 0, 0, 0], [0, 0, 0, 0.08358582854270935, 0, 0, 8, 4, 11, 0, 0, 0, 0, 2, 1, 3, 0, 0, 0, 3, 0, 0.5, 0, 0, 0, 0], [0, 0, 0, 0.02407267689704895, 0, 0, 8, 4, 11, 0, 0, 0, 0, 2, 1, 4, 0, 0, 0, 3, 0, 0.5, 0, 0, 0, 0], [0, 0, 0, 0.009923607110977173, 0, 0, 8, 13, 20, 0, 0, 0, 0, 11, 1, 1, 0, 0, 0, 12, 0, 0.027777777777777776, 0, 0, 0, 0], [0, 0, 0, 0.27523553371429443, 0, 0, 8, 4, 11, 0, 0, 0, 0, 2, 1, 2, 0, 0, 0, 3, 0, 0.5, 0, 0, 0, 0], [0, 0, 0, 0.03163790702819824, 0, 0, 8, 5, 12, 0, 0, 0, 0, 3, 1, 4, 0, 0, 0, 4, 0, 0.5, 0, 0, 0, 0], [0, 0, 0, 0.029508233070373535, 0, 0, 8, 4, 11, 0, 0, 0, 0, 2, 1, 3, 0, 0, 0, 3, 0, 0.5, 0, 0, 0, 0], [0, 0, 0, 0.015042275190353394, 0, 0, 8, 4, 11, 0, 0, 0, 0, 2, 1, 4, 0, 0, 0, 3, 0, 0.5, 0, 0, 0, 0], [0, 0, 0, 0.05276086926460266, 0, 0, 8, 6, 13, 0, 0, 0, 0, 4, 1, 5, 0, 0, 0, 5, 0, 0.5, 0, 0, 0, 0], [0, 0, 0, 0.07147908210754395, 0, 0, 8, 13, 20, 0, 0, 0, 0, 11, 1, 2, 0, 0, 0, 12, 0, 0.5, 0, 0, 0, 0], [0, 0, 0, 0.00976976752281189, 0, 0, 8, 13, 20, 0, 0, 0, 0, 10, 2, 1, 0, 0, 0, 12, 0, 0.027777777777777776, 0, 0, 0, 0], [0, 0, 0, 0.011314541101455688, 0, 0, 8, 13, 20, 0, 0, 0, 0, 11, 1, 2, 0, 0, 0, 12, 0, 0.16666666666666666, 0, 0, 0, 0], [0, 0, 0, 0.1249508261680603, 0, 0, 8, 3, 10, 0, 0, 0, 0, 1, 1, 4, 0, 0, 0, 2, 0, 0.5, 0, 0, 0, 0], [0, 0, 0, 0.02158680558204651, 0, 0, 8, 13, 20, 0, 0, 0, 0, 11, 1, 2, 0, 0, 0, 12, 0, 0.16666666666666666, 0, 0, 0, 0], [0, 0, 0, 0.02450007200241089, 0, 0, 8, 3, 10, 0, 0, 0, 0, 1, 1, 3, 0, 0, 0, 2, 0, 0.5, 0, 0, 0, 0], [0, 0, 0, 0.005492031574249268, 0, 0, 8, 7, 14, 0, 0, 0, 0, 5, 1, 2, 0, 0, 0, 6, 0, 0.3333333333333333, 0, 0, 0, 0], [0, 0, 0, 0.22994959354400635, 0, 0, 8, 3, 10, 0, 0, 0, 0, 1, 1, 3, 0, 0, 0, 2, 0, 0.5, 0, 0, 0, 0], [0, 0, 0, 0.0032920539379119873, 0, 0, 8, 4, 11, 0, 0, 0, 0, 2, 1, 7, 0, 0, 0, 3, 0, 0.5, 0, 0, 0, 0], [0, 0, 0, 0.024408400058746338, 0, 0, 8, 9, 16, 0, 0, 0, 0, 7, 1, 3, 0, 0, 0, 8, 0, 0.5, 0, 0, 0, 0], [0, 0, 0, 0.08764851093292236, 0, 0, 8, 3, 10, 0, 0, 0, 0, 1, 1, 3, 0, 0, 0, 2, 0, 0.5, 0, 0, 0, 0], [0, 0, 0, 0.020067721605300903, 0, 0, 8, 13, 20, 0, 0, 0, 0, 11, 1, 5, 0, 0, 0, 12, 0, 0.5, 0, 0, 0, 0], [0, 0, 0, 0.023692399263381958, 0, 0, 8, 13, 20, 0, 0, 0, 0, 10, 2, 5, 0, 0, 0, 12, 0, 0.5, 0, 0, 0, 0], [0, 0, 0, 0.028992772102355957, 0, 0, 8, 13, 20, 0, 0, 0, 0, 10, 2, 2, 0, 0, 0, 12, 0, 0.5, 0, 0, 0, 0], [0, 0, 0, 0.01779961585998535, 0, 0, 8, 13, 20, 0, 0, 0, 0, 11, 1, 2, 0, 0, 0, 12, 0, 0.16666666666666666, 0, 0, 0, 0], [0, 0, 0, 0.0009001791477203369, 0, 0, 8, 3, 10, 0, 0, 0, 0, 1, 1, 3, 0, 0, 0, 2, 0, 0.5, 0, 0, 0, 0], [0, 0, 0, 0.04672679305076599, 0, 0, 8, 13, 20, 0, 0, 0, 0, 11, 1, 1, 0, 0, 0, 12, 0, 0.5, 0, 0, 0, 0], [0, 0, 0, 0.04997032880783081, 0, 0, 8, 8, 15, 0, 0, 0, 0, 6, 1, 3, 0, 0, 0, 7, 0, 0.5, 0, 0, 0, 0], [0, 0, 0, 0.0758255124092102, 0, 0, 8, 3, 10, 0, 0, 0, 0, 1, 1, 5, 0, 0, 0, 2, 0, 0.5, 0, 0, 0, 0], [0, 0, 0, 0.01948624849319458, 0, 0, 8, 6, 13, 0, 0, 0, 0, 4, 1, 5, 0, 0, 0, 5, 0, 0.5, 0, 0, 0, 0], [0, 0, 0, 0.005001425743103027, 0, 0, 8, 13, 20, 0, 0, 0, 0, 11, 1, 1, 0, 0, 0, 12, 0, 0.041666666666666664, 0, 0, 0, 0], [0, 0, 0, 0.03026944398880005, 0, 0, 8, 13, 20, 0, 0, 0, 0, 11, 1, 1, 0, 0, 0, 12, 0, 0.041666666666666664, 0, 0, 0, 0], [0, 0, 0, 0.01348346471786499, 0, 0, 8, 13, 20, 0, 0, 0, 0, 11, 1, 1, 0, 0, 0, 12, 0, 0.027777777777777776, 0, 0, 0, 0], [0, 0, 0, 0.011021226644515991, 0, 0, 8, 11, 18, 0, 0, 0, 0, 9, 1, 3, 0, 0, 0, 10, 0, 0.5, 0, 0, 0, 0], [0, 0, 0, 0.014229536056518555, 0, 0, 8, 11, 18, 0, 0, 0, 0, 9, 1, 5, 0, 0, 0, 10, 0, 0.5, 0, 0, 0, 0], [0, 0, 0, 0.3580818176269531, 0, 0, 8, 3, 10, 0, 0, 0, 0, 1, 1, 3, 0, 0, 0, 2, 0, 0.5, 0, 0, 0, 0], [0, 0, 0, 0.009771466255187988, 0, 0, 8, 4, 11, 0, 0, 0, 0, 2, 1, 3, 0, 0, 0, 3, 0, 0.5, 0, 0, 0, 0], [0, 0, 0, 0.021086812019348145, 0, 0, 8, 9, 16, 0, 0, 0, 0, 7, 1, 4, 0, 0, 0, 8, 0, 0.5, 0, 0, 0, 0], [0, 0, 0, 0.004751026630401611, 0, 0, 8, 4, 11, 0, 0, 0, 0, 2, 1, 5, 0, 0, 0, 3, 0, 0.5, 0, 0, 0, 0], [0, 0, 0, 0.06456685066223145, 0, 0, 8, 3, 10, 0, 0, 0, 0, 1, 1, 5, 0, 0, 0, 2, 0, 0.5, 0, 0, 0, 0], [0, 0, 0, 0.014151006937026978, 0, 0, 8, 13, 20, 0, 0, 0, 0, 11, 1, 1, 0, 0, 0, 12, 0, 0.038461538461538464, 0, 0, 0, 0], [0, 0, 0, 0.022753804922103882, 0, 0, 8, 13, 20, 0, 0, 0, 0, 11, 1, 3, 0, 0, 0, 12, 0, 0.5, 0, 0, 0, 0], [0, 0, 0, 0.00023725628852844238, 0, 0, 8, 13, 20, 0, 0, 0, 0, 11, 1, 1, 0, 0, 0, 12, 0, 0.08, 0, 0, 0, 0], [0, 0, 0, 0.03477120399475098, 0, 0, 8, 13, 20, 0, 0, 0, 0, 11, 1, 4, 0, 0, 0, 12, 0, 0.5, 0, 0, 0, 0], [0, 0, 0, 0.027300715446472168, 0, 0, 8, 6, 13, 0, 0, 0, 0, 4, 1, 3, 0, 0, 0, 5, 0, 0.5, 0, 0, 0, 0], [0, 0, 0, 0.0221443772315979, 0, 0, 8, 13, 20, 0, 0, 0, 0, 11, 1, 1, 0, 0, 0, 12, 0, 0.041666666666666664, 0, 0, 0, 0], [0, 0, 0, 0.24240300059318542, 0, 0, 8, 4, 11, 0, 0, 0, 0, 2, 1, 4, 0, 0, 0, 3, 0, 0.5, 0, 0, 0, 0], [0, 0, 0, 0.09657904505729675, 0, 0, 8, 3, 10, 0, 0, 0, 0, 1, 1, 2, 0, 0, 0, 2, 0, 0.25, 0, 0, 0, 0], [0, 0, 0, 0.07462629675865173, 0, 0, 8, 6, 13, 0, 0, 0, 0, 4, 1, 3, 0, 0, 0, 5, 0, 0.5, 0, 0, 0, 0], [0, 0, 0, 0.022805511951446533, 0, 0, 8, 13, 20, 0, 0, 0, 0, 11, 1, 1, 0, 0, 0, 12, 0, 0.05555555555555555, 0, 0, 0, 0], [0, 0, 0, 0.04589390754699707, 0, 0, 8, 13, 20, 0, 0, 0, 0, 11, 1, 3, 0, 0, 0, 12, 0, 0.5, 0, 0, 0, 0], [0, 0, 0, 0.007478892803192139, 0, 0, 8, 9, 16, 0, 0, 0, 0, 7, 1, 6, 0, 0, 0, 8, 0, 0.5, 0, 0, 0, 0], [0, 0, 0, 0.04334375262260437, 0, 0, 8, 13, 20, 0, 0, 0, 0, 11, 1, 3, 0, 0, 0, 12, 0, 0.5, 0, 0, 0, 0], [0, 0, 0, 0.10897165536880493, 0, 0, 8, 9, 16, 0, 0, 0, 0, 7, 1, 4, 0, 0, 0, 8, 0, 0.5, 0, 0, 0, 0], [0, 0, 0, 0.013763785362243652, 0, 0, 8, 9, 16, 0, 0, 0, 0, 7, 1, 1, 0, 0, 0, 8, 0, 0.3333333333333333, 0, 0, 0, 0], [0, 0, 0, 0.03459596633911133, 0, 0, 8, 4, 11, 0, 0, 0, 0, 2, 1, 6, 0, 0, 0, 3, 0, 0.5, 0, 0, 0, 0], [0, 0, 0, 0.34213417768478394, 0, 0, 8, 3, 10, 0, 0, 0, 0, 1, 1, 4, 0, 0, 0, 2, 0, 0.5, 0, 0, 0, 0], [0, 0, 0, 0.09837180376052856, 0, 0, 8, 13, 20, 0, 0, 0, 0, 11, 1, 3, 0, 0, 0, 12, 0, 0.5, 0, 0, 0, 0], [0, 0, 0, 0.03675657510757446, 0, 0, 8, 13, 20, 0, 0, 0, 0, 11, 1, 3, 0, 0, 0, 12, 0, 0.5, 0, 0, 0, 0], [0, 0, 0, 0.014218449592590332, 0, 0, 8, 10, 17, 0, 0, 0, 0, 8, 1, 7, 0, 0, 0, 9, 0, 0.5, 0, 0, 0, 0], [0, 0, 0, 0.012580543756484985, 0, 0, 8, 13, 20, 0, 0, 0, 0, 11, 1, 5, 0, 0, 0, 12, 0, 0.5, 0, 0, 0, 0], [0, 0, 0, 0.01713418960571289, 0, 0, 8, 12, 19, 0, 0, 0, 0, 10, 1, 4, 0, 0, 0, 11, 0, 0.5, 0, 0, 0, 0], [0, 0, 0, 0.013278484344482422, 0, 0, 8, 13, 20, 0, 0, 0, 0, 10, 2, 1, 0, 0, 0, 12, 0, 0.041666666666666664, 0, 0, 0, 0], [0, 0, 0, 0.0, 0, 0, 8, 12, 19, 0, 0, 0, 0, 10, 1, 4, 0, 0, 0, 11, 0, 0.5, 0, 0, 0, 0], [0, 0, 0, 0.027613192796707153, 0, 0, 8, 13, 20, 0, 0, 0, 0, 11, 1, 1, 0, 0, 0, 12, 0, 0.03125, 0, 0, 0, 0], [0, 0, 0, 0.1442905068397522, 0, 0, 8, 3, 10, 0, 0, 0, 0, 1, 1, 4, 0, 0, 0, 2, 0, 0.5, 0, 0, 0, 0], [0, 0, 0, 0.233138769865036, 0, 0, 8, 3, 10, 0, 0, 0, 0, 1, 1, 3, 0, 0, 0, 2, 0, 0.5, 0, 0, 0, 0], [0, 0, 0, 0.009302973747253418, 0, 0, 8, 3, 10, 0, 0, 0, 0, 1, 1, 5, 0, 0, 0, 2, 0, 0.5, 0, 0, 0, 0], [0, 0, 0, 0.02841109037399292, 0, 0, 8, 9, 16, 0, 0, 0, 0, 7, 1, 5, 0, 0, 0, 8, 0, 0.5, 0, 0, 0, 0], [0, 0, 0, 0.00047853589057922363, 0, 0, 8, 13, 20, 0, 0, 0, 0, 11, 1, 2, 0, 0, 0, 12, 0, 0.5, 0, 0, 0, 0], [0, 0, 0, 0.01780521869659424, 0, 0, 8, 5, 12, 0, 0, 0, 0, 3, 1, 6, 0, 0, 0, 4, 0, 0.5, 0, 0, 0, 0], [0, 0, 0, 0.013360828161239624, 0, 0, 8, 9, 16, 0, 0, 0, 0, 7, 1, 5, 0, 0, 0, 8, 0, 0.5, 0, 0, 0, 0], [0, 0, 0, 0.02031123638153076, 0, 0, 8, 5, 12, 0, 0, 0, 0, 3, 1, 6, 0, 0, 0, 4, 0, 0.5, 0, 0, 0, 0], [0, 0, 0, 0.02345794439315796, 0, 0, 8, 4, 11, 0, 0, 0, 0, 2, 1, 4, 0, 0, 0, 3, 0, 0.5, 0, 0, 0, 0], [0, 0, 0, 0.010778546333312988, 0, 0, 8, 3, 10, 0, 0, 0, 0, 1, 1, 5, 0, 0, 0, 2, 0, 0.5, 0, 0, 0, 0], [0, 0, 0, 0.04014602303504944, 0, 0, 8, 13, 20, 0, 0, 0, 0, 11, 1, 1, 0, 0, 0, 12, 0, 0.03125, 0, 0, 0, 0], [0, 0, 0, 0.013647794723510742, 0, 0, 8, 10, 17, 0, 0, 0, 0, 8, 1, 3, 0, 0, 0, 9, 0, 0.5, 0, 0, 0, 0], [0, 0, 0, 0.02088850736618042, 0, 0, 8, 13, 20, 0, 1, 0, 0, 11, 1, 2, 0, 0, 0, 12, 0, 0.3333333333333333, 0, 0, 0, 0], [0, 0, 0, 0.026572346687316895, 0, 0, 8, 6, 13, 0, 0, 0, 0, 4, 1, 5, 0, 0, 0, 5, 0, 0.5, 0, 0, 0, 0], [0, 0, 0, 0.050420284271240234, 0, 0, 8, 6, 13, 0, 0, 0, 0, 4, 1, 5, 0, 0, 0, 5, 0, 0.5, 0, 0, 0, 0], [0, 0, 0, 0.035632967948913574, 0, 0, 8, 13, 20, 0, 0, 0, 0, 11, 1, 1, 0, 0, 0, 12, 0, 0.05555555555555555, 0, 0, 0, 0], [0, 0, 0, 0.019451946020126343, 0, 0, 8, 13, 20, 0, 0, 0, 0, 10, 2, 4, 0, 0, 0, 12, 0, 0.5, 0, 0, 0, 0], [0, 0, 0, 0.04514575004577637, 0, 0, 8, 13, 20, 0, 0, 0, 0, 11, 1, 1, 0, 0, 0, 12, 0, 0.1111111111111111, 0, 0, 0, 0], [0, 0, 0, 0.09541383385658264, 0, 0, 8, 13, 20, 0, 0, 0, 0, 11, 1, 2, 0, 0, 0, 12, 0, 0.5, 0, 0, 0, 0], [0, 0, 0, 0.10949349403381348, 0, 0, 8, 5, 12, 0, 0, 0, 0, 3, 1, 3, 0, 0, 0, 4, 0, 0.5, 0, 0, 0, 0], [0, 0, 0, 0.017536282539367676, 0, 0, 8, 13, 20, 0, 0, 0, 0, 11, 1, 3, 0, 0, 0, 12, 0, 0.5, 0, 0, 0, 0], [0, 0, 0, 0.013340801000595093, 0, 0, 8, 13, 20, 0, 0, 0, 0, 11, 1, 1, 0, 0, 0, 12, 0, 0.041666666666666664, 0, 0, 0, 0], [0, 0, 0, 0.07854792475700378, 0, 0, 8, 13, 20, 0, 0, 0, 0, 10, 2, 2, 0, 0, 0, 12, 0, 0.5, 0, 0, 0, 0], [0, 0, 0, 0.05990681052207947, 0, 0, 8, 4, 11, 0, 0, 0, 0, 2, 1, 4, 0, 0, 0, 3, 0, 0.5, 0, 0, 0, 0], [0, 0, 0, 0.08877155184745789, 0, 0, 8, 3, 10, 0, 0, 0, 0, 1, 1, 4, 0, 0, 0, 2, 0, 0.5, 0, 0, 0, 0], [0, 0, 0, 0.05959680676460266, 0, 0, 8, 9, 16, 0, 0, 0, 0, 7, 1, 4, 0, 0, 0, 8, 0, 0.5, 0, 0, 0, 0], [0, 0, 0, 0.052525848150253296, 0, 0, 8, 13, 20, 0, 0, 0, 0, 10, 2, 7, 0, 0, 0, 12, 0, 0.5, 0, 0, 0, 0], [0, 0, 0, 0.02335989475250244, 0, 0, 8, 3, 10, 0, 0, 0, 0, 1, 1, 4, 0, 0, 0, 2, 0, 0.5, 0, 0, 0, 0], [0, 0, 0, 0.1149817705154419, 0, 0, 8, 3, 10, 0, 0, 0, 0, 1, 1, 2, 0, 0, 0, 2, 0, 0.5, 0, 0, 0, 0], [0, 0, 0, 0.005519211292266846, 0, 0, 8, 4, 11, 0, 0, 0, 0, 2, 1, 3, 0, 0, 0, 3, 0, 0.3333333333333333, 0, 0, 0, 0], [0, 0, 0, 0.06235426664352417, 0, 0, 8, 3, 10, 0, 0, 0, 0, 1, 1, 5, 0, 0, 0, 2, 0, 0.5, 0, 0, 0, 0], [0, 0, 0, 0.005735039710998535, 0, 0, 8, 3, 10, 0, 0, 0, 0, 1, 1, 3, 0, 0, 0, 2, 0, 0.5, 0, 0, 0, 0], [0, 0, 0, 0.02914595603942871, 0, 0, 8, 3, 10, 0, 0, 0, 0, 1, 1, 7, 0, 0, 0, 2, 0, 0.5, 0, 0, 0, 0], [0, 0, 0, 0.09542718529701233, 0, 0, 8, 6, 13, 0, 0, 0, 0, 4, 1, 3, 0, 0, 0, 5, 0, 0.5, 0, 0, 0, 0], [0, 0, 0, 0.01944035291671753, 0, 0, 8, 4, 11, 0, 0, 0, 0, 2, 1, 7, 0, 0, 0, 3, 0, 0.5, 0, 0, 0, 0], [0, 0, 0, 0.1554064154624939, 0, 0, 8, 3, 10, 0, 0, 0, 0, 1, 1, 4, 0, 0, 0, 2, 0, 0.5, 0, 0, 0, 0], [0, 0, 0, 0.0309755802154541, 0, 0, 8, 13, 20, 0, 0, 0, 0, 11, 1, 1, 0, 0, 0, 12, 0, 0.05555555555555555, 0, 0, 0, 0], [0, 0, 0, 0.0013210773468017578, 0, 0, 8, 7, 14, 0, 0, 0, 0, 4, 2, 7, 0, 0, 0, 6, 0, 0.5, 0, 0, 0, 0], [0, 0, 0, 0.011772632598876953, 0, 0, 8, 4, 11, 0, 0, 0, 0, 2, 1, 5, 0, 0, 0, 3, 0, 0.5, 0, 0, 0, 0], [0, 0, 0, 0.013107776641845703, 0, 0, 8, 5, 12, 0, 0, 0, 0, 3, 1, 7, 0, 0, 0, 4, 0, 0.5, 0, 0, 0, 0], [0, 0, 0, 0.011938154697418213, 0, 0, 8, 3, 10, 0, 0, 0, 0, 1, 1, 7, 0, 0, 0, 2, 0, 0.5, 0, 0, 0, 0], [0, 0, 0, 0.006518721580505371, 0, 0, 8, 13, 20, 0, 0, 0, 0, 11, 1, 1, 0, 0, 0, 12, 0, 0.038461538461538464, 0, 0, 0, 0], [0, 0, 0, 0.03914141654968262, 0, 0, 8, 13, 20, 0, 0, 0, 0, 11, 1, 1, 0, 0, 0, 12, 0, 0.1, 0, 0, 0, 0], [1, 0, 0, 0.022128641605377197, 0, 0, 8, 4, 11, 1, 1, 0, 0, 2, 1, 5, 0, 0, 0, 3, 0, 0.5, 0, 0, 0, 0], [0, 0, 0, 0.023514151573181152, 0, 0, 8, 5, 12, 0, 0, 0, 0, 3, 1, 5, 0, 0, 0, 4, 0, 0.5, 0, 0, 0, 0], [0, 0, 0, 0.0010082721710205078, 0, 0, 8, 3, 10, 0, 0, 0, 0, 1, 1, 3, 0, 0, 0, 2, 0, 0.5, 0, 0, 0, 0], [0, 0, 0, 0.016204476356506348, 0, 0, 8, 4, 11, 0, 0, 0, 0, 2, 1, 5, 0, 0, 0, 3, 0, 0.5, 0, 0, 0, 0], [0, 0, 0, 0.005421698093414307, 0, 0, 8, 13, 20, 0, 0, 0, 0, 11, 1, 4, 0, 0, 0, 12, 0, 0.5, 0, 0, 0, 0], [0, 0, 0, 0.05145251750946045, 0, 0, 8, 5, 12, 0, 0, 0, 0, 3, 1, 3, 0, 0, 0, 4, 0, 0.5, 0, 0, 0, 0], [0, 0, 0, 0.01084834337234497, 0, 0, 8, 3, 10, 0, 0, 0, 0, 1, 1, 6, 0, 0, 0, 2, 0, 0.5, 0, 0, 0, 0], [0, 0, 0, 0.021932482719421387, 0, 0, 8, 3, 10, 0, 0, 0, 0, 1, 1, 4, 0, 0, 0, 2, 0, 0.5, 0, 0, 0, 0], [0, 0, 0, 0.0, 0, 0, 8, 13, 20, 0, 0, 0, 0, 11, 1, 4, 0, 0, 0, 12, 0, 0.5, 0, 0, 0, 0], [0, 0, 0, 0.013268977403640747, 0, 0, 8, 6, 13, 0, 0, 0, 0, 4, 1, 5, 0, 0, 0, 5, 0, 0.5, 0, 0, 0, 0], [0, 0, 0, 0.01504942774772644, 0, 0, 8, 13, 20, 0, 0, 0, 0, 11, 1, 5, 0, 0, 0, 12, 0, 0.5, 0, 0, 0, 0], [0, 0, 0, 0.11672353744506836, 0, 0, 8, 13, 20, 0, 0, 0, 0, 11, 1, 3, 0, 0, 0, 12, 0, 0.5, 0, 0, 0, 0], [0, 0, 0, 0.038454145193099976, 0, 0, 8, 6, 13, 0, 0, 0, 0, 4, 1, 7, 0, 0, 0, 5, 0, 0.5, 0, 0, 0, 0], [0, 0, 0, 0.0006488263607025146, 0, 0, 8, 7, 14, 0, 0, 0, 0, 5, 1, 5, 0, 0, 0, 6, 0, 0.5, 0, 0, 0, 0], [0, 0, 0, 0.011190563440322876, 0, 0, 8, 13, 20, 0, 0, 0, 0, 11, 1, 1, 0, 0, 0, 12, 0, 0.25, 0, 0, 0, 0], [0, 0, 0, 0.024083733558654785, 0, 0, 8, 3, 10, 0, 0, 0, 0, 1, 1, 4, 0, 0, 0, 2, 0, 0.5, 0, 0, 0, 0], [0, 0, 0, 0.1393783688545227, 0, 0, 8, 3, 10, 0, 0, 0, 0, 1, 1, 2, 0, 0, 0, 2, 0, 0.5, 0, 0, 0, 0], [0, 0, 0, 0.006710529327392578, 0, 0, 8, 5, 12, 0, 0, 0, 0, 3, 1, 7, 0, 0, 0, 4, 0, 0.5, 0, 0, 0, 0], [0, 0, 0, 0.0007137060165405273, 0, 0, 8, 13, 20, 0, 0, 0, 0, 11, 1, 1, 0, 0, 0, 12, 0, 0.02631578947368421, 0, 0, 0, 0], [0, 0, 0, 0.06263896822929382, 0, 0, 8, 3, 10, 0, 0, 0, 0, 1, 1, 4, 0, 0, 0, 2, 0, 0.5, 0, 0, 0, 0], [0, 0, 0, 0.020513832569122314, 0, 0, 8, 4, 11, 0, 0, 0, 0, 2, 1, 5, 0, 0, 0, 3, 0, 0.5, 0, 0, 0, 0], [0, 0, 0, 0.012998819351196289, 0, 0, 8, 13, 20, 0, 0, 0, 0, 11, 1, 2, 0, 0, 0, 12, 0, 0.5, 0, 0, 0, 0], [0, 0, 0, 0.00673907995223999, 0, 0, 8, 13, 20, 0, 0, 0, 0, 11, 1, 2, 0, 0, 0, 12, 0, 0.5, 0, 0, 0, 0], [0, 0, 0, 0.07018941640853882, 0, 0, 8, 13, 20, 0, 0, 0, 0, 11, 1, 1, 0, 0, 0, 12, 0, 0.2, 0, 0, 0, 0], [0, 0, 0, 0.04338403046131134, 0, 0, 8, 3, 10, 0, 0, 0, 0, 1, 1, 2, 0, 0, 0, 2, 0, 0.3333333333333333, 0, 0, 0, 0], [0, 0, 0, 0.02869635820388794, 0, 0, 8, 13, 20, 0, 0, 0, 0, 11, 1, 5, 0, 0, 0, 12, 0, 0.5, 0, 0, 0, 0], [0, 0, 0, 0.008037641644477844, 0, 0, 8, 6, 13, 0, 0, 0, 0, 4, 1, 4, 0, 0, 0, 5, 0, 0.5, 0, 0, 0, 0], [0, 0, 0, 0.004350095987319946, 0, 0, 8, 13, 20, 0, 0, 0, 0, 11, 1, 1, 0, 0, 0, 12, 0, 0.5, 0, 0, 0, 0], [0, 0, 0, 0.03412017226219177, 0, 0, 8, 3, 10, 0, 0, 0, 0, 1, 1, 3, 0, 0, 0, 2, 0, 0.5, 0, 0, 0, 0], [0, 0, 0, 0.007180735468864441, 0, 0, 8, 6, 13, 0, 0, 0, 0, 4, 1, 2, 0, 0, 0, 5, 0, 0.25, 0, 0, 0, 0], [0, 0, 0, 0.011264562606811523, 0, 0, 8, 7, 14, 0, 0, 0, 0, 5, 1, 5, 0, 0, 0, 6, 0, 0.5, 0, 0, 0, 0], [0, 0, 0, 0.006765186786651611, 0, 0, 8, 13, 20, 0, 0, 0, 0, 11, 1, 4, 0, 0, 0, 12, 0, 0.5, 0, 0, 0, 0], [0, 0, 0, 0.06402790546417236, 0, 0, 8, 13, 20, 0, 0, 0, 0, 9, 2, 2, 0, 0, 0, 12, 0, 0.5, 0, 0, 0, 0], [0, 0, 0, 0.029079139232635498, 0, 0, 8, 5, 12, 0, 0, 0, 0, 3, 1, 4, 0, 0, 0, 4, 0, 0.5, 0, 0, 0, 0], [0, 0, 0, 0.01882341504096985, 0, 0, 8, 13, 20, 0, 0, 0, 0, 11, 1, 2, 0, 0, 0, 12, 0, 0.16666666666666666, 0, 0, 0, 0], [0, 0, 0, 0.03529918193817139, 0, 0, 8, 9, 16, 0, 0, 0, 0, 7, 1, 4, 0, 0, 0, 8, 0, 0.5, 0, 0, 0, 0], [0, 0, 0, 0.017915070056915283, 0, 0, 8, 4, 11, 0, 0, 0, 0, 2, 1, 5, 0, 0, 0, 3, 0, 0.5, 0, 0, 0, 0], [0, 0, 0, 0.005988329648971558, 0, 0, 8, 13, 20, 0, 0, 0, 0, 10, 2, 5, 0, 0, 0, 12, 0, 0.5, 0, 0, 0, 0], [0, 0, 0, 0.027898579835891724, 0, 0, 8, 3, 10, 0, 0, 0, 0, 1, 1, 4, 0, 0, 0, 2, 0, 0.5, 0, 0, 0, 0], [0, 0, 0, 0.008662998676300049, 0, 0, 8, 9, 16, 0, 0, 0, 0, 7, 1, 4, 0, 0, 0, 8, 0, 0.5, 0, 0, 0, 0], [0, 0, 0, 0.01982825994491577, 0, 0, 8, 13, 20, 0, 0, 0, 0, 11, 1, 1, 0, 0, 0, 12, 0, 0.041666666666666664, 0, 0, 0, 0], [1, 0, 0, 0.003166288137435913, 0, 0, 8, 7, 14, 1, 0, 1, 0, 5, 1, 4, 0, 0, 0, 6, 0, 0.5, 0, 0, 0, 0], [0, 0, 0, 0.0006144046783447266, 0, 0, 8, 8, 15, 0, 0, 0, 0, 6, 1, 4, 0, 0, 0, 7, 0, 0.5, 0, 0, 0, 0], [0, 0, 0, 0.03386580944061279, 0, 0, 8, 13, 20, 0, 0, 0, 0, 11, 1, 1, 0, 0, 0, 12, 0, 0.041666666666666664, 0, 0, 0, 0], [0, 0, 0, 0.04972875118255615, 0, 0, 8, 11, 18, 0, 0, 0, 0, 9, 1, 3, 0, 0, 0, 10, 0, 0.5, 0, 0, 0, 0], [0, 0, 0, 0.016094982624053955, 0, 0, 8, 13, 20, 0, 0, 0, 0, 11, 1, 1, 0, 0, 0, 12, 0, 0.027777777777777776, 0, 0, 0, 0], [0, 0, 0, 0.2293100655078888, 0, 0, 8, 4, 11, 0, 0, 0, 0, 2, 1, 4, 0, 0, 0, 3, 0, 0.5, 0, 0, 0, 0], [0, 0, 0, 0.003245443105697632, 0, 0, 8, 13, 20, 0, 0, 0, 0, 11, 1, 5, 0, 0, 0, 12, 0, 0.5, 0, 0, 0, 0], [0, 0, 0, 0.023143082857131958, 0, 0, 8, 4, 11, 0, 0, 0, 0, 2, 1, 5, 0, 0, 0, 3, 0, 0.5, 0, 0, 0, 0], [0, 0, 0, 0.019704222679138184, 0, 0, 8, 13, 20, 0, 0, 0, 0, 11, 1, 4, 0, 0, 0, 12, 0, 0.5, 0, 0, 0, 0], [0, 0, 0, 0.08326205611228943, 0, 0, 8, 3, 10, 0, 0, 0, 0, 1, 1, 4, 0, 0, 0, 2, 0, 0.5, 0, 0, 0, 0], [0, 0, 0, 0.11990302801132202, 0, 0, 8, 4, 11, 0, 0, 0, 0, 2, 1, 1, 0, 0, 0, 3, 0, 0.5, 0, 0, 0, 0], [0, 0, 0, 0.09179463982582092, 0, 0, 8, 13, 20, 0, 0, 0, 0, 11, 1, 3, 0, 0, 0, 12, 0, 0.5, 0, 0, 0, 0], [0, 0, 0, 0.2965717315673828, 0, 0, 8, 3, 10, 0, 0, 0, 0, 1, 1, 4, 0, 0, 0, 2, 0, 0.5, 0, 0, 0, 0], [0, 0, 0, 0.014576524496078491, 0, 0, 8, 10, 17, 0, 0, 0, 0, 8, 1, 1, 0, 0, 0, 9, 0, 0.5, 0, 0, 0, 0], [0, 0, 0, 0.008830457925796509, 0, 0, 8, 3, 10, 0, 0, 0, 0, 1, 1, 4, 0, 0, 0, 2, 0, 0.5, 0, 0, 0, 0], [0, 0, 0, 0.011890262365341187, 0, 0, 8, 13, 20, 0, 0, 0, 0, 11, 1, 1, 0, 0, 0, 12, 0, 0.05263157894736842, 0, 0, 0, 0], [0, 0, 0, 0.02833312749862671, 0, 0, 8, 5, 12, 0, 0, 0, 0, 3, 1, 4, 0, 0, 0, 4, 0, 0.5, 0, 0, 0, 0], [0, 0, 0, 0.023672044277191162, 0, 0, 8, 9, 16, 0, 0, 0, 0, 7, 1, 4, 0, 0, 0, 8, 0, 0.5, 0, 0, 0, 0], [0, 0, 0, 0.008997112512588501, 0, 0, 8, 13, 20, 0, 0, 0, 0, 11, 1, 2, 0, 0, 0, 12, 0, 0.5, 0, 0, 0, 0], [0, 0, 0, 0.00300636887550354, 0, 0, 8, 10, 17, 0, 0, 0, 0, 8, 1, 3, 0, 0, 0, 9, 0, 0.5, 0, 0, 0, 0], [0, 0, 0, 0.1515764594078064, 0, 0, 8, 4, 11, 0, 0, 0, 0, 2, 1, 4, 0, 0, 0, 3, 0, 0.5, 0, 0, 0, 0], [0, 0, 0, 0.004611968994140625, 0, 0, 8, 3, 10, 0, 0, 0, 0, 1, 1, 3, 0, 0, 0, 2, 0, 0.5, 0, 0, 0, 0], [0, 0, 0, 0.0, 0, 0, 8, 13, 20, 0, 0, 0, 0, 11, 1, 6, 0, 0, 0, 12, 0, 0.5, 0, 0, 0, 0], [0, 0, 0, 0.0067920684814453125, 0, 0, 8, 3, 10, 0, 0, 0, 0, 1, 1, 7, 0, 0, 0, 2, 0, 0.5, 0, 0, 0, 0], [0, 0, 0, 0.04161334037780762, 0, 0, 8, 3, 10, 0, 0, 0, 0, 1, 1, 7, 0, 0, 0, 2, 0, 0.5, 0, 0, 0, 0], [0, 0, 0, 0.0174562931060791, 0, 0, 8, 5, 12, 0, 0, 0, 0, 3, 1, 6, 0, 0, 0, 4, 0, 0.5, 0, 0, 0, 0], [0, 0, 0, 0.00784572958946228, 0, 0, 8, 3, 10, 0, 0, 0, 0, 1, 1, 2, 0, 0, 0, 2, 0, 0.2, 0, 0, 0, 0], [0, 0, 0, 0.007146954536437988, 0, 0, 8, 13, 20, 0, 0, 0, 0, 11, 1, 4, 0, 0, 0, 12, 0, 0.5, 0, 0, 0, 0], [0, 0, 0, 0.021462440490722656, 0, 0, 8, 3, 10, 0, 0, 0, 0, 1, 1, 4, 0, 0, 0, 2, 0, 0.5, 0, 0, 0, 0], [0, 0, 0, 0.10791981220245361, 0, 0, 8, 3, 10, 0, 0, 0, 0, 1, 1, 5, 0, 0, 0, 2, 0, 0.5, 0, 0, 0, 0], [0, 0, 0, 0.003521054983139038, 0, 0, 8, 13, 20, 0, 0, 0, 0, 11, 1, 1, 0, 0, 0, 12, 0, 0.027777777777777776, 0, 0, 0, 0], [0, 0, 0, 0.018436282873153687, 0, 0, 8, 3, 10, 0, 0, 0, 0, 1, 1, 5, 0, 0, 0, 2, 0, 0.5, 0, 0, 0, 0], [0, 0, 0, 0.0067920684814453125, 0, 0, 8, 3, 10, 0, 0, 0, 0, 1, 1, 7, 0, 0, 0, 2, 0, 0.5, 0, 0, 0, 0], [0, 0, 0, 0.02788478136062622, 0, 0, 8, 13, 20, 0, 0, 0, 0, 11, 1, 4, 0, 0, 0, 12, 0, 0.5, 0, 0, 0, 0], [0, 0, 0, 0.1457808017730713, 0, 0, 8, 3, 10, 0, 0, 0, 0, 1, 1, 4, 0, 0, 0, 2, 0, 0.5, 0, 0, 0, 0], [1, 0, 0, 0.019820034503936768, 0, 0, 8, 13, 20, 1, 0, 1, 0, 11, 1, 5, 0, 0, 0, 12, 0, 0.5, 0, 0, 0, 0], [0, 0, 0, 0.0039408206939697266, 0, 0, 8, 4, 11, 0, 0, 0, 0, 2, 1, 7, 0, 0, 0, 3, 0, 0.5, 0, 0, 0, 0], [0, 0, 0, 0.024535536766052246, 0, 0, 8, 5, 12, 0, 0, 0, 0, 3, 1, 4, 0, 0, 0, 4, 0, 0.5, 0, 0, 0, 0], [0, 0, 0, 0.051641374826431274, 0, 0, 8, 5, 12, 0, 0, 0, 0, 3, 1, 4, 0, 0, 0, 4, 0, 0.5, 0, 0, 0, 0], [0, 0, 0, 0.048431456089019775, 0, 0, 8, 13, 20, 0, 0, 0, 0, 11, 1, 3, 0, 0, 0, 12, 0, 0.5, 0, 0, 0, 0], [0, 0, 0, 0.03497317433357239, 0, 0, 8, 13, 20, 0, 0, 1, 0, 11, 1, 1, 0, 0, 0, 12, 0, 0.03125, 0, 0, 0, 0], [0, 0, 0, 0.008977442979812622, 0, 0, 8, 13, 20, 0, 0, 0, 0, 10, 2, 2, 0, 0, 0, 12, 0, 0.16666666666666666, 0, 0, 0, 0], [0, 0, 0, 0.055073827505111694, 0, 0, 8, 3, 10, 0, 0, 0, 0, 1, 1, 3, 0, 0, 0, 2, 0, 0.5, 0, 0, 0, 0], [0, 0, 0, 0.03443409502506256, 0, 0, 8, 5, 12, 0, 0, 0, 0, 3, 1, 4, 0, 0, 0, 4, 0, 0.5, 0, 0, 0, 0], [0, 0, 0, 0.04747670888900757, 0, 0, 8, 13, 20, 0, 0, 0, 0, 11, 1, 3, 0, 0, 0, 12, 0, 0.5, 0, 0, 0, 0], [0, 0, 0, 0.011346578598022461, 0, 0, 8, 13, 20, 0, 0, 0, 0, 11, 1, 1, 0, 0, 0, 12, 0, 0.038461538461538464, 0, 0, 0, 0], [0, 0, 0, 0.00808379054069519, 0, 0, 8, 4, 11, 0, 0, 0, 0, 2, 1, 5, 0, 0, 0, 3, 0, 0.5, 0, 0, 0, 0], [0, 0, 0, 0.00657045841217041, 0, 0, 8, 13, 20, 0, 0, 0, 0, 11, 1, 6, 0, 0, 0, 12, 0, 0.5, 0, 0, 0, 0], [0, 0, 0, 0.06314700841903687, 0, 0, 8, 4, 11, 0, 0, 0, 0, 2, 1, 6, 0, 0, 0, 3, 0, 0.5, 0, 0, 0, 0], [0, 0, 0, 0.047844499349594116, 0, 0, 8, 13, 20, 0, 0, 0, 0, 11, 1, 5, 0, 0, 0, 12, 0, 0.5, 0, 0, 0, 0], [0, 0, 0, 0.26573166251182556, 0, 0, 8, 4, 11, 0, 0, 0, 0, 2, 1, 3, 0, 0, 0, 3, 0, 0.5, 0, 0, 0, 0], [0, 0, 0, 0.020908445119857788, 0, 0, 8, 3, 10, 0, 0, 0, 0, 1, 1, 4, 0, 0, 0, 2, 0, 0.5, 0, 0, 0, 0], [0, 0, 0, 0.0046994686126708984, 0, 0, 8, 3, 10, 0, 0, 0, 0, 1, 1, 7, 0, 0, 0, 2, 0, 0.5, 0, 0, 0, 0], [0, 0, 0, 0.03767368197441101, 0, 0, 8, 5, 12, 0, 0, 0, 0, 3, 1, 7, 0, 0, 0, 4, 0, 0.5, 0, 0, 0, 0], [0, 0, 0, 0.1607932448387146, 0, 0, 8, 5, 12, 0, 0, 0, 0, 3, 1, 4, 0, 0, 0, 4, 0, 0.5, 0, 0, 0, 0], [0, 0, 0, 0.018067270517349243, 0, 0, 8, 13, 20, 0, 0, 0, 0, 11, 1, 1, 0, 0, 0, 12, 0, 0.05263157894736842, 0, 0, 0, 0], [0, 0, 0, 0.038390934467315674, 0, 0, 8, 13, 20, 0, 0, 0, 0, 11, 1, 1, 0, 0, 0, 12, 0, 0.05555555555555555, 0, 0, 0, 0], [0, 0, 0, 0.00456392765045166, 0, 0, 8, 11, 18, 0, 0, 0, 0, 9, 1, 5, 0, 0, 0, 10, 0, 0.5, 0, 0, 0, 0], [0, 0, 0, 0.017806649208068848, 0, 0, 8, 3, 10, 0, 0, 0, 0, 1, 1, 4, 0, 0, 0, 2, 0, 0.5, 0, 0, 0, 0], [0, 0, 0, 0.07280680537223816, 0, 0, 8, 13, 20, 0, 0, 0, 0, 11, 1, 2, 0, 0, 0, 12, 0, 0.5, 0, 0, 0, 0], [0, 0, 0, 0.00926297903060913, 0, 0, 8, 3, 10, 0, 0, 0, 0, 1, 1, 2, 0, 0, 0, 2, 0, 0.5, 0, 0, 0, 0], [0, 0, 0, 0.019140005111694336, 0, 0, 8, 13, 20, 0, 0, 0, 0, 11, 1, 3, 0, 0, 0, 12, 0, 0.5, 0, 0, 0, 0], [0, 0, 0, 0.0027250945568084717, 0, 0, 8, 9, 16, 0, 0, 0, 0, 7, 1, 4, 0, 0, 0, 8, 0, 0.5, 0, 0, 0, 0], [0, 0, 0, 0.0023715347051620483, 0, 0, 8, 3, 10, 0, 0, 0, 0, 1, 1, 4, 0, 0, 0, 2, 0, 0.5, 0, 0, 0, 0], [0, 0, 0, 0.010069340467453003, 0, 0, 8, 11, 18, 0, 0, 0, 0, 9, 1, 5, 0, 0, 0, 10, 0, 0.5, 0, 0, 0, 0], [0, 0, 0, 0.0312650203704834, 0, 0, 8, 3, 10, 0, 0, 0, 0, 1, 1, 4, 0, 0, 0, 2, 0, 0.5, 0, 0, 0, 0], [1, 0, 0, 0.010651230812072754, 0, 0, 8, 13, 20, 1, 0, 0, 0, 11, 1, 1, 0, 0, 0, 12, 0, 0.041666666666666664, 0, 0, 0, 0], [0, 0, 0, 0.08475148677825928, 0, 0, 8, 3, 10, 0, 0, 0, 0, 1, 1, 4, 0, 0, 0, 2, 0, 0.5, 0, 0, 0, 0], [0, 0, 0, 0.13637185096740723, 0, 0, 8, 3, 10, 0, 0, 0, 0, 1, 1, 4, 0, 0, 0, 2, 0, 0.5, 0, 0, 0, 0], [0, 0, 0, 0.2639143466949463, 0, 0, 8, 3, 10, 0, 0, 0, 0, 1, 1, 3, 0, 0, 0, 2, 0, 0.5, 0, 0, 0, 0], [0, 0, 0, 0.023519456386566162, 0, 0, 8, 13, 20, 0, 0, 0, 0, 11, 1, 1, 0, 0, 0, 12, 0, 0.027777777777777776, 0, 0, 0, 0], [0, 0, 0, 0.023196905851364136, 0, 0, 8, 4, 11, 0, 0, 0, 0, 2, 1, 4, 0, 0, 0, 3, 0, 0.5, 0, 0, 0, 0], [0, 0, 0, 0.01931902766227722, 0, 0, 8, 3, 10, 0, 0, 0, 0, 1, 1, 2, 0, 0, 0, 2, 0, 0.5, 0, 0, 0, 0], [0, 0, 0, 0.12001001834869385, 0, 0, 8, 8, 15, 0, 0, 0, 0, 6, 1, 5, 0, 0, 0, 7, 0, 0.5, 0, 0, 0, 0], [0, 0, 0, 0.10292243957519531, 0, 0, 8, 5, 12, 0, 0, 0, 0, 3, 1, 2, 0, 0, 0, 4, 0, 0.5, 0, 0, 0, 0], [0, 0, 0, 0.04619479179382324, 0, 0, 8, 5, 12, 0, 0, 0, 0, 3, 1, 4, 0, 0, 0, 4, 0, 0.5, 0, 0, 0, 0], [1, 0, 0, 0.0012462437152862549, 0, 0, 8, 12, 19, 1, 0, 1, 0, 10, 1, 5, 0, 0, 0, 11, 0, 0.5, 0, 0, 0, 0], [0, 0, 0, 0.08934485912322998, 0, 0, 8, 11, 18, 0, 0, 0, 0, 9, 1, 4, 0, 0, 0, 10, 0, 0.5, 0, 0, 0, 0], [0, 0, 0, 0.010440915822982788, 0, 0, 8, 4, 11, 0, 0, 0, 0, 2, 1, 5, 0, 0, 0, 3, 0, 0.5, 0, 0, 0, 0], [0, 0, 0, 0.021242231130599976, 0, 0, 8, 7, 14, 0, 1, 0, 0, 5, 1, 6, 0, 0, 0, 6, 0, 0.5, 0, 0, 0, 0], [0, 0, 0, 0.02112463116645813, 0, 0, 8, 6, 13, 0, 0, 0, 0, 4, 1, 7, 0, 0, 0, 5, 0, 0.5, 0, 0, 0, 0], [0, 0, 0, 0.008690133690834045, 0, 0, 8, 3, 10, 0, 0, 0, 0, 1, 1, 3, 0, 0, 0, 2, 0, 0.5, 0, 0, 0, 0], [0, 0, 0, 0.044400304555892944, 0, 0, 8, 6, 13, 0, 0, 0, 0, 4, 1, 5, 0, 0, 0, 5, 0, 0.5, 0, 0, 0, 0], [0, 0, 0, 0.02796420454978943, 0, 0, 8, 5, 12, 0, 0, 0, 0, 3, 1, 5, 0, 0, 0, 4, 0, 0.5, 0, 0, 0, 0], [0, 0, 0, 0.0, 0, 0, 7, 13, 19, 0, 0, 0, 0, 11, 1, 6, 0, 0, 0, 12, 0, 0.5, 0, 0, 0, 0], [0, 0, 0, 0.07749292254447937, 0, 0, 8, 3, 10, 0, 0, 0, 0, 1, 1, 3, 0, 0, 0, 2, 0, 0.5, 0, 0, 0, 0], [0, 0, 0, 0.004090934991836548, 0, 0, 8, 13, 20, 0, 0, 0, 0, 11, 1, 7, 0, 0, 0, 12, 0, 0.5, 0, 0, 0, 0], [0, 0, 0, 0.11166471242904663, 0, 0, 8, 3, 10, 0, 0, 0, 0, 1, 1, 2, 0, 0, 0, 2, 0, 0.2, 0, 0, 0, 0], [0, 0, 0, 0.01084834337234497, 0, 0, 8, 3, 10, 0, 0, 0, 0, 1, 1, 6, 0, 0, 0, 2, 0, 0.5, 0, 0, 0, 0], [0, 0, 0, 0.03808391094207764, 0, 0, 8, 9, 16, 0, 0, 0, 0, 7, 1, 5, 0, 0, 0, 8, 0, 0.5, 0, 0, 0, 0], [0, 0, 0, 0.006647557020187378, 0, 0, 8, 13, 20, 0, 0, 0, 0, 11, 1, 4, 0, 0, 0, 12, 0, 0.5, 0, 0, 0, 0], [0, 0, 0, 0.018408924341201782, 0, 0, 8, 8, 15, 0, 0, 0, 0, 6, 1, 5, 0, 0, 0, 7, 0, 0.5, 0, 0, 0, 0], [0, 0, 0, 0.08794981241226196, 0, 0, 8, 4, 11, 0, 0, 0, 0, 2, 1, 4, 0, 0, 0, 3, 0, 0.5, 0, 0, 0, 0], [0, 0, 0, 0.0022353529930114746, 0, 0, 8, 5, 12, 0, 0, 0, 0, 3, 1, 7, 0, 0, 0, 4, 0, 0.5, 0, 0, 0, 0], [0, 0, 0, 0.0007636547088623047, 0, 0, 8, 3, 10, 0, 0, 0, 0, 1, 1, 4, 0, 0, 0, 2, 0, 0.5, 0, 0, 0, 0], [0, 0, 0, 0.10979554057121277, 0, 0, 8, 3, 10, 0, 0, 0, 0, 1, 1, 4, 0, 0, 0, 2, 0, 0.5, 0, 0, 0, 0], [0, 0, 0, 0.05818420648574829, 0, 0, 8, 13, 20, 0, 0, 0, 0, 11, 1, 2, 0, 0, 0, 12, 0, 0.5, 0, 0, 0, 0], [0, 0, 0, 0.02308475971221924, 0, 0, 8, 4, 11, 0, 0, 0, 0, 2, 1, 6, 0, 0, 0, 3, 0, 0.5, 0, 0, 0, 0], [0, 0, 0, 0.07300138473510742, 0, 0, 8, 13, 20, 0, 0, 0, 0, 11, 1, 2, 0, 0, 0, 12, 0, 0.5, 0, 0, 0, 0], [0, 0, 0, 0.06009766459465027, 0, 0, 8, 7, 14, 0, 0, 0, 0, 5, 1, 4, 0, 0, 0, 6, 0, 0.5, 0, 0, 0, 0], [0, 0, 0, 0.039128661155700684, 0, 0, 8, 13, 20, 0, 0, 0, 0, 11, 1, 3, 0, 0, 0, 12, 0, 0.5, 0, 0, 0, 0], [0, 0, 0, 0.02260151505470276, 0, 0, 8, 6, 13, 0, 0, 0, 0, 4, 1, 2, 0, 0, 0, 5, 0, 0.5, 0, 0, 0, 0], [0, 0, 0, 0.00906442105770111, 0, 0, 8, 3, 10, 0, 0, 0, 0, 1, 1, 2, 0, 0, 0, 2, 0, 0.3333333333333333, 0, 0, 0, 0], [0, 0, 0, 0.012308180332183838, 0, 0, 8, 13, 20, 0, 0, 0, 0, 11, 1, 6, 0, 0, 0, 12, 0, 0.5, 0, 0, 0, 0], [0, 0, 0, 0.035166770219802856, 0, 0, 8, 3, 10, 0, 0, 0, 0, 1, 1, 3, 0, 0, 0, 2, 0, 0.5, 0, 0, 0, 0], [0, 0, 0, 0.00022755563259124756, 0, 0, 8, 5, 12, 0, 0, 0, 0, 3, 1, 2, 0, 0, 0, 4, 0, 0.5, 0, 0, 0, 0], [0, 0, 0, 0.008177012205123901, 0, 0, 8, 13, 20, 0, 0, 0, 0, 11, 1, 1, 0, 0, 0, 12, 0, 0.027777777777777776, 0, 0, 0, 0], [0, 0, 0, 0.07939577102661133, 0, 0, 8, 10, 17, 0, 0, 0, 0, 8, 1, 4, 0, 0, 0, 9, 0, 0.5, 0, 0, 0, 0], [0, 0, 0, 0.03466412425041199, 0, 0, 8, 4, 11, 0, 0, 0, 0, 2, 1, 4, 0, 0, 0, 3, 0, 0.5, 0, 0, 0, 0], [0, 0, 0, 0.0023164749145507812, 0, 0, 8, 13, 20, 0, 0, 0, 0, 11, 1, 6, 0, 0, 0, 12, 0, 0.5, 0, 0, 0, 0], [0, 0, 0, 0.04200586676597595, 0, 0, 8, 9, 16, 0, 0, 0, 0, 7, 1, 4, 0, 0, 0, 8, 0, 0.5, 0, 0, 0, 0], [0, 0, 0, 0.003627598285675049, 0, 0, 8, 5, 12, 0, 0, 0, 0, 3, 1, 3, 0, 0, 0, 4, 0, 0.5, 0, 0, 0, 0], [0, 0, 0, 0.007507532835006714, 0, 0, 8, 13, 20, 0, 0, 0, 0, 11, 1, 6, 0, 0, 0, 12, 0, 0.5, 0, 0, 0, 0], [0, 0, 0, 0.004864096641540527, 0, 0, 8, 4, 11, 0, 0, 0, 0, 2, 1, 7, 0, 0, 0, 3, 0, 0.5, 0, 0, 0, 0], [0, 0, 0, 0.04020330309867859, 0, 0, 8, 5, 12, 0, 0, 0, 0, 3, 1, 3, 0, 0, 0, 4, 0, 0.5, 0, 0, 0, 0], [0, 0, 0, 0.19744405150413513, 0, 0, 8, 4, 11, 0, 0, 0, 0, 2, 1, 4, 0, 0, 0, 3, 0, 0.5, 0, 0, 0, 0], [0, 0, 0, 0.040633559226989746, 0, 0, 8, 5, 12, 0, 0, 0, 0, 3, 1, 6, 0, 0, 0, 4, 0, 0.5, 0, 0, 0, 0], [0, 0, 0, 0.029735058546066284, 0, 0, 8, 13, 20, 0, 0, 0, 0, 11, 1, 1, 0, 0, 0, 12, 0, 0.05555555555555555, 0, 0, 0, 0], [0, 0, 0, 0.06769347190856934, 0, 0, 8, 5, 12, 0, 0, 0, 0, 3, 1, 4, 0, 0, 0, 4, 0, 0.5, 0, 0, 0, 0], [0, 0, 0, 0.21616226434707642, 0, 0, 8, 5, 12, 0, 0, 0, 0, 3, 1, 3, 0, 0, 0, 4, 0, 0.5, 0, 0, 0, 0], [0, 0, 0, 0.02999483048915863, 0, 0, 8, 3, 10, 0, 0, 0, 0, 1, 1, 4, 0, 0, 0, 2, 0, 0.5, 0, 0, 0, 0], [0, 0, 0, 0.0, 0, 0, 8, 13, 20, 0, 0, 0, 0, 10, 2, 6, 0, 0, 0, 12, 0, 0.5, 0, 0, 0, 0], [0, 0, 0, 0.3254241347312927, 0, 0, 8, 3, 10, 0, 0, 0, 0, 1, 1, 4, 0, 0, 0, 2, 0, 0.5, 0, 0, 0, 0], [0, 0, 0, 0.026662230491638184, 0, 0, 8, 4, 11, 0, 0, 0, 0, 2, 1, 1, 0, 0, 0, 3, 0, 0.08333333333333333, 0, 0, 0, 0], [0, 0, 0, 0.02944260835647583, 0, 0, 8, 5, 12, 0, 0, 0, 0, 3, 1, 6, 0, 0, 0, 4, 0, 0.5, 0, 0, 0, 0], [0, 0, 0, 0.016330242156982422, 0, 0, 8, 3, 10, 0, 0, 0, 0, 1, 1, 7, 0, 0, 0, 2, 0, 0.5, 0, 0, 0, 0], [0, 0, 0, 0.026488453149795532, 0, 0, 8, 9, 16, 0, 0, 0, 0, 7, 1, 6, 0, 0, 0, 8, 0, 0.5, 0, 0, 0, 0], [0, 0, 0, 0.139058917760849, 0, 0, 8, 13, 20, 0, 0, 0, 0, 11, 1, 3, 0, 0, 0, 12, 0, 0.5, 0, 0, 0, 0], [0, 0, 0, 0.01202404499053955, 0, 0, 8, 3, 10, 0, 0, 0, 0, 1, 1, 7, 0, 0, 0, 2, 0, 0.5, 0, 0, 0, 0], [0, 0, 0, 0.015543043613433838, 0, 0, 8, 7, 14, 0, 0, 0, 0, 5, 1, 5, 0, 0, 0, 6, 0, 0.5, 0, 0, 0, 0], [0, 0, 0, 0.05270177125930786, 0, 0, 8, 13, 20, 0, 0, 0, 0, 11, 1, 1, 0, 0, 0, 12, 0, 0.01282051282051282, 0, 0, 0, 0], [0, 0, 0, 0.02241802215576172, 0, 0, 8, 3, 10, 0, 0, 0, 0, 1, 1, 7, 0, 0, 0, 2, 0, 0.5, 0, 0, 0, 0], [0, 0, 0, 0.00018310546875, 0, 0, 8, 3, 10, 0, 0, 0, 0, 1, 1, 7, 0, 0, 0, 2, 0, 0.5, 0, 0, 0, 0], [0, 0, 0, 0.03581911325454712, 0, 0, 8, 13, 20, 0, 0, 0, 0, 11, 1, 1, 0, 0, 0, 12, 0, 0.05555555555555555, 0, 0, 0, 0], [0, 0, 0, 0.07313752174377441, 0, 0, 8, 6, 13, 0, 0, 0, 0, 4, 1, 5, 0, 0, 0, 5, 0, 0.5, 0, 0, 0, 0], [0, 0, 0, 0.017031490802764893, 0, 0, 8, 13, 20, 0, 0, 0, 0, 11, 1, 2, 0, 0, 0, 12, 0, 0.5, 0, 0, 0, 0], [0, 0, 0, 0.28549885749816895, 0, 0, 8, 3, 10, 0, 0, 0, 0, 1, 1, 4, 0, 0, 0, 2, 0, 0.5, 0, 0, 0, 0], [0, 0, 0, 0.008657529950141907, 0, 0, 8, 3, 10, 0, 0, 0, 0, 1, 1, 4, 0, 0, 0, 2, 0, 0.5, 0, 0, 0, 0], [0, 0, 0, 0.07230126857757568, 0, 0, 8, 13, 20, 0, 0, 0, 0, 11, 1, 3, 0, 0, 0, 12, 0, 0.5, 0, 0, 0, 0], [0, 0, 0, 0.01084834337234497, 0, 0, 8, 3, 10, 0, 0, 0, 0, 1, 1, 6, 0, 0, 0, 2, 0, 0.5, 0, 0, 0, 0], [0, 0, 0, 0.0539407879114151, 0, 0, 8, 4, 11, 0, 0, 0, 0, 2, 1, 3, 0, 0, 0, 3, 0, 0.5, 0, 0, 0, 0], [0, 0, 0, 0.030505210161209106, 0, 0, 8, 7, 14, 0, 0, 0, 0, 5, 1, 3, 0, 0, 0, 6, 0, 0.3333333333333333, 0, 0, 0, 0], [0, 0, 0, 0.009697765111923218, 0, 0, 8, 13, 20, 0, 0, 0, 0, 11, 1, 2, 0, 0, 0, 12, 0, 0.16666666666666666, 0, 0, 0, 0], [0, 0, 0, 0.011635571718215942, 0, 0, 8, 13, 20, 0, 0, 0, 0, 11, 1, 1, 0, 0, 0, 12, 0, 0.027777777777777776, 0, 0, 0, 0], [0, 0, 0, 0.009444653987884521, 0, 0, 8, 3, 10, 0, 0, 0, 0, 1, 1, 2, 0, 0, 0, 2, 0, 0.5, 0, 0, 0, 0], [0, 0, 0, 0.025929808616638184, 0, 0, 8, 3, 10, 0, 0, 0, 0, 1, 1, 4, 0, 0, 0, 2, 0, 0.5, 0, 0, 0, 0], [0, 0, 0, 0.04468396306037903, 0, 0, 8, 9, 16, 0, 0, 0, 0, 7, 1, 1, 0, 0, 0, 8, 0, 0.5, 0, 0, 0, 0], [0, 0, 0, 0.05432349443435669, 0, 0, 8, 4, 11, 0, 0, 0, 0, 2, 1, 4, 0, 0, 0, 3, 0, 0.5, 0, 0, 0, 0], [0, 0, 0, 0.012023985385894775, 0, 0, 8, 3, 10, 0, 0, 0, 0, 1, 1, 7, 0, 0, 0, 2, 0, 0.5, 0, 0, 0, 0], [0, 0, 0, 0.16174441576004028, 0, 0, 8, 4, 11, 0, 0, 0, 0, 2, 1, 7, 0, 0, 0, 3, 0, 0.5, 0, 0, 0, 0], [0, 0, 0, 0.05014073848724365, 0, 0, 8, 3, 10, 0, 0, 0, 0, 1, 1, 3, 0, 0, 0, 2, 0, 0.5, 0, 0, 0, 0], [0, 0, 0, 0.004924893379211426, 0, 0, 8, 13, 20, 0, 0, 0, 0, 10, 2, 2, 0, 0, 0, 12, 0, 0.16666666666666666, 0, 0, 0, 0], [0, 0, 0, 0.018233120441436768, 0, 0, 8, 6, 13, 0, 0, 0, 0, 4, 1, 5, 0, 0, 0, 5, 0, 0.5, 0, 0, 0, 0], [0, 0, 0, 0.016752630472183228, 0, 0, 8, 12, 19, 0, 0, 0, 0, 10, 1, 3, 0, 0, 0, 11, 0, 0.5, 0, 0, 0, 0], [0, 0, 0, 0.016536474227905273, 0, 0, 8, 3, 10, 0, 0, 0, 0, 1, 1, 6, 0, 0, 0, 2, 0, 0.5, 0, 0, 0, 0], [0, 0, 0, 0.0001831650733947754, 0, 0, 8, 3, 10, 0, 0, 0, 0, 1, 1, 7, 0, 0, 0, 2, 0, 0.5, 0, 0, 0, 0], [0, 0, 0, 0.01906764507293701, 0, 0, 8, 10, 17, 0, 0, 0, 0, 8, 1, 4, 0, 0, 0, 9, 0, 0.5, 0, 0, 0, 0], [0, 0, 0, 0.11546593904495239, 0, 0, 8, 3, 10, 0, 0, 0, 0, 1, 1, 4, 0, 0, 0, 2, 0, 0.5, 0, 0, 0, 0], [0, 0, 0, 0.031454116106033325, 0, 0, 8, 12, 19, 0, 0, 0, 0, 10, 1, 2, 0, 0, 0, 11, 0, 0.25, 0, 0, 0, 0], [0, 0, 0, 0.016421496868133545, 0, 0, 8, 13, 20, 0, 0, 0, 0, 11, 1, 2, 0, 0, 0, 12, 0, 0.5, 0, 0, 0, 0], [0, 0, 0, 0.0009518563747406006, 0, 0, 8, 8, 15, 0, 0, 0, 0, 6, 1, 5, 0, 0, 0, 7, 0, 0.5, 0, 0, 0, 0], [0, 0, 0, 0.02524387836456299, 0, 0, 8, 13, 20, 0, 0, 0, 0, 11, 1, 1, 0, 0, 0, 12, 0, 0.038461538461538464, 0, 0, 0, 0], [0, 0, 0, 0.009097009897232056, 0, 0, 8, 8, 15, 0, 0, 0, 0, 6, 1, 2, 0, 0, 0, 7, 0, 0.5, 0, 0, 0, 0], [0, 0, 0, 0.01356208324432373, 0, 0, 8, 3, 10, 0, 1, 0, 0, 1, 1, 7, 0, 0, 0, 2, 0, 0.5, 0, 0, 0, 0], [0, 0, 0, 0.03178107738494873, 0, 0, 8, 13, 20, 0, 0, 0, 0, 11, 1, 1, 0, 0, 0, 12, 0, 0.03125, 0, 0, 0, 0], [0, 0, 0, 0.11127585172653198, 0, 0, 8, 6, 13, 0, 0, 0, 0, 4, 1, 6, 0, 0, 0, 5, 0, 0.5, 0, 0, 0, 0], [0, 0, 0, 0.018776357173919678, 0, 0, 8, 3, 10, 0, 0, 0, 0, 1, 1, 4, 0, 0, 0, 2, 0, 0.5, 0, 0, 0, 0], [0, 0, 0, 0.037661850452423096, 0, 0, 8, 4, 11, 0, 0, 0, 0, 2, 1, 4, 0, 0, 0, 3, 0, 0.5, 0, 0, 0, 0], [0, 0, 0, 0.00453147292137146, 0, 0, 8, 3, 10, 0, 0, 0, 0, 1, 1, 1, 0, 0, 0, 2, 0, 0.5, 0, 0, 0, 0], [0, 0, 0, 0.004042327404022217, 0, 0, 8, 13, 20, 0, 0, 0, 0, 11, 1, 4, 0, 0, 0, 12, 0, 0.5, 0, 0, 0, 0], [1, 0, 0, 0.027487635612487793, 0, 0, 8, 13, 20, 1, 0, 0, 0, 11, 1, 2, 0, 0, 0, 12, 1, 0.5, 0, 0, 0, 0], [0, 0, 0, 0.01356208324432373, 0, 0, 8, 3, 10, 0, 0, 0, 0, 1, 1, 7, 0, 0, 0, 2, 0, 0.5, 0, 0, 0, 0], [0, 0, 0, 0.14904090762138367, 0, 0, 8, 3, 10, 0, 0, 0, 0, 1, 1, 6, 0, 0, 0, 2, 0, 0.5, 0, 0, 0, 0], [0, 0, 0, 0.03735950589179993, 0, 0, 8, 8, 15, 0, 0, 0, 0, 6, 1, 4, 0, 0, 0, 7, 0, 0.5, 0, 0, 0, 0], [0, 0, 0, 0.01632586121559143, 0, 0, 8, 13, 20, 0, 0, 0, 0, 11, 1, 6, 0, 0, 0, 12, 0, 0.5, 0, 0, 0, 0], [0, 0, 0, 0.04921045899391174, 0, 0, 8, 13, 20, 0, 0, 0, 0, 11, 1, 1, 0, 0, 0, 12, 0, 0.25, 0, 0, 0, 0], [1, 0, 1, 0.0070788562297821045, 0, 0, 8, 7, 14, 1, 0, 1, 0, 5, 1, 6, 0, 0, 0, 6, 0, 0.5, 0, 0, 0, 0], [0, 0, 0, 0.018575996160507202, 0, 0, 8, 13, 20, 0, 0, 0, 0, 10, 2, 3, 0, 0, 0, 12, 0, 0.5, 0, 0, 0, 0], [0, 0, 0, 0.4520091712474823, 0, 0, 8, 3, 10, 0, 0, 0, 0, 1, 1, 2, 0, 0, 0, 2, 0, 0.5, 0, 0, 0, 0], [0, 0, 0, 0.02371925115585327, 0, 0, 8, 13, 20, 0, 0, 0, 0, 11, 1, 2, 0, 0, 0, 12, 0, 0.16666666666666666, 0, 0, 0, 0], [0, 0, 0, 0.07850712537765503, 0, 0, 8, 9, 16, 0, 0, 0, 0, 7, 1, 4, 0, 0, 0, 8, 0, 0.5, 0, 0, 0, 0], [0, 0, 0, 0.03386580944061279, 0, 0, 8, 13, 20, 0, 0, 0, 0, 11, 1, 1, 0, 0, 0, 12, 0, 0.041666666666666664, 0, 0, 0, 0], [0, 0, 0, 0.0046994686126708984, 0, 0, 8, 3, 10, 0, 0, 0, 0, 1, 1, 7, 0, 0, 0, 2, 0, 0.5, 0, 0, 0, 0], [0, 0, 0, 0.11616748571395874, 0, 0, 8, 6, 13, 0, 0, 0, 0, 4, 1, 3, 0, 0, 0, 5, 0, 0.5, 0, 0, 0, 0], [0, 0, 0, 0.014612138271331787, 0, 0, 8, 12, 19, 0, 0, 0, 0, 10, 1, 1, 0, 0, 0, 11, 0, 0.02857142857142857, 0, 0, 0, 0], [0, 0, 0, 0.056274473667144775, 0, 0, 8, 6, 13, 0, 0, 0, 0, 4, 1, 3, 0, 0, 0, 5, 0, 0.5, 0, 0, 0, 0], [0, 0, 0, 0.15475916862487793, 0, 0, 8, 7, 14, 0, 1, 0, 0, 5, 1, 3, 0, 0, 0, 6, 0, 0.5, 0, 0, 0, 0], [0, 0, 0, 0.035625457763671875, 0, 0, 8, 6, 13, 0, 0, 0, 0, 4, 1, 2, 0, 0, 0, 5, 0, 0.5, 0, 0, 0, 0], [0, 0, 0, 0.005965441465377808, 0, 0, 8, 13, 20, 0, 0, 0, 0, 11, 1, 2, 0, 0, 0, 12, 0, 0.5, 0, 0, 0, 0], [0, 0, 0, 0.008726418018341064, 0, 0, 8, 13, 20, 0, 0, 0, 0, 11, 1, 1, 0, 0, 0, 12, 0, 0.027777777777777776, 0, 0, 0, 0], [0, 0, 0, 0.01252758502960205, 0, 0, 8, 3, 10, 0, 0, 0, 0, 1, 1, 6, 0, 0, 0, 2, 0, 0.5, 0, 0, 0, 0], [0, 0, 0, 0.06406646966934204, 0, 0, 8, 3, 10, 0, 0, 0, 0, 1, 1, 2, 0, 0, 0, 2, 0, 0.25, 0, 0, 0, 0], [0, 0, 0, 0.02114969491958618, 0, 0, 8, 4, 11, 0, 0, 0, 0, 2, 1, 7, 0, 0, 0, 3, 0, 0.5, 0, 0, 0, 0], [0, 0, 0, 0.07167801260948181, 0, 0, 8, 10, 17, 0, 0, 0, 0, 8, 1, 5, 0, 0, 0, 9, 0, 0.5, 0, 0, 0, 0], [0, 0, 0, 0.009161889553070068, 0, 0, 8, 13, 20, 0, 0, 0, 0, 11, 1, 1, 0, 0, 0, 12, 0, 0.027777777777777776, 0, 0, 0, 0], [0, 0, 0, 0.03139945864677429, 0, 0, 8, 5, 12, 0, 0, 0, 0, 3, 1, 5, 0, 0, 0, 4, 0, 0.5, 0, 0, 0, 0], [0, 0, 0, 0.05888873338699341, 0, 0, 8, 4, 11, 0, 0, 0, 0, 2, 1, 5, 0, 0, 0, 3, 0, 0.5, 0, 0, 0, 0], [0, 0, 0, 6.407499313354492e-05, 0, 0, 8, 13, 20, 0, 0, 0, 0, 11, 1, 4, 0, 0, 0, 12, 0, 0.5, 0, 0, 0, 0], [0, 0, 0, 0.04690471291542053, 0, 0, 8, 13, 20, 0, 0, 0, 0, 11, 1, 3, 0, 0, 0, 12, 0, 0.5, 0, 0, 0, 0], [0, 0, 0, 0.014302283525466919, 0, 0, 8, 6, 13, 0, 0, 0, 0, 4, 1, 3, 0, 0, 0, 5, 0, 0.5, 0, 0, 0, 0], [0, 0, 0, 0.141302227973938, 0, 0, 8, 12, 19, 0, 0, 0, 0, 10, 1, 4, 0, 0, 0, 11, 0, 0.5, 0, 0, 0, 0], [0, 0, 0, 0.0007331967353820801, 0, 0, 8, 13, 20, 0, 0, 0, 0, 11, 1, 5, 0, 0, 0, 12, 0, 0.5, 0, 0, 0, 0], [0, 0, 0, 0.015919804573059082, 0, 0, 8, 10, 17, 0, 0, 0, 0, 8, 1, 1, 0, 0, 0, 9, 0, 0.5, 0, 0, 0, 0], [0, 0, 0, 0.004336535930633545, 0, 0, 8, 13, 20, 0, 0, 0, 0, 11, 1, 1, 0, 0, 0, 12, 0, 0.027777777777777776, 0, 0, 0, 0], [0, 0, 0, 0.23717597126960754, 0, 0, 8, 6, 13, 0, 0, 0, 0, 4, 1, 6, 0, 0, 0, 5, 0, 0.5, 0, 0, 0, 0], [0, 0, 0, 0.01979389786720276, 0, 0, 8, 13, 20, 0, 0, 0, 0, 11, 1, 2, 0, 0, 0, 12, 0, 0.16666666666666666, 0, 0, 0, 0], [0, 0, 0, 0.05399221181869507, 0, 0, 8, 7, 14, 0, 0, 0, 0, 5, 1, 4, 0, 0, 0, 6, 0, 0.5, 0, 0, 0, 0], [0, 0, 0, 0.015100687742233276, 0, 0, 8, 4, 11, 0, 0, 0, 0, 2, 1, 3, 0, 0, 0, 3, 0, 0.5, 0, 0, 0, 0], [0, 0, 0, 0.08900359272956848, 0, 0, 8, 11, 18, 0, 0, 0, 0, 9, 1, 4, 0, 0, 0, 10, 0, 0.5, 0, 0, 0, 0], [0, 0, 0, 0.05245119333267212, 0, 0, 8, 13, 20, 0, 0, 0, 0, 11, 1, 3, 0, 0, 0, 12, 0, 0.5, 0, 0, 0, 0], [1, 0, 0, 0.031610190868377686, 0, 0, 8, 3, 10, 1, 0, 0, 0, 1, 1, 1, 0, 0, 0, 2, 0, 0.1111111111111111, 0, 0, 0, 0], [0, 0, 0, 0.00941196084022522, 0, 0, 8, 13, 20, 0, 0, 0, 0, 11, 1, 1, 0, 0, 0, 12, 0, 0.027777777777777776, 0, 0, 0, 0], [0, 0, 0, 0.04887586832046509, 0, 0, 8, 11, 18, 0, 0, 0, 0, 9, 1, 5, 0, 0, 0, 10, 0, 0.5, 0, 0, 0, 0], [0, 0, 0, 0.03240823745727539, 0, 0, 8, 7, 14, 0, 0, 0, 0, 5, 1, 7, 0, 0, 0, 6, 0, 0.5, 0, 0, 0, 0], [0, 0, 0, 0.0054978132247924805, 0, 0, 8, 7, 14, 0, 0, 0, 0, 5, 1, 3, 0, 0, 0, 6, 0, 0.5, 0, 0, 0, 0], [0, 0, 0, 0.026063919067382812, 0, 0, 8, 13, 20, 0, 0, 0, 0, 11, 1, 4, 0, 0, 0, 12, 0, 0.5, 0, 0, 0, 0], [0, 0, 0, 0.006470739841461182, 0, 0, 8, 4, 11, 0, 0, 0, 0, 2, 1, 3, 0, 0, 0, 3, 0, 0.3333333333333333, 0, 0, 0, 0], [0, 0, 0, 0.04196837544441223, 0, 0, 8, 13, 20, 0, 0, 0, 0, 11, 1, 1, 0, 0, 0, 12, 0, 0.25, 0, 0, 0, 0], [0, 0, 0, 0.018155038356781006, 0, 0, 8, 13, 20, 0, 0, 0, 0, 11, 1, 1, 0, 0, 0, 12, 0, 0.019736842105263157, 0, 0, 0, 0], [0, 0, 0, 0.04467189311981201, 0, 0, 8, 13, 20, 0, 0, 0, 0, 11, 1, 1, 0, 0, 0, 12, 0, 0.01282051282051282, 0, 0, 0, 0], [0, 0, 0, 0.054351806640625, 0, 0, 8, 11, 18, 0, 0, 0, 0, 9, 1, 4, 0, 0, 0, 10, 0, 0.5, 0, 0, 0, 0], [0, 0, 0, 0.013160496950149536, 0, 0, 8, 13, 20, 0, 0, 0, 0, 10, 2, 3, 0, 0, 0, 12, 0, 0.5, 0, 0, 0, 0], [0, 0, 0, 0.03198128938674927, 0, 0, 8, 4, 11, 0, 0, 0, 0, 2, 1, 3, 0, 0, 0, 3, 0, 0.5, 0, 0, 0, 0], [0, 0, 0, 0.006884396076202393, 0, 0, 8, 12, 19, 0, 0, 0, 0, 10, 1, 4, 0, 0, 0, 11, 0, 0.5, 0, 0, 0, 0], [0, 0, 0, 0.015922486782073975, 0, 0, 8, 7, 14, 0, 0, 0, 0, 5, 1, 2, 0, 0, 0, 6, 0, 0.5, 0, 0, 0, 0], [0, 0, 0, 0.047330692410469055, 0, 0, 8, 3, 10, 0, 0, 0, 0, 1, 1, 1, 0, 0, 0, 2, 0, 0.047619047619047616, 0, 0, 0, 0], [0, 0, 0, 0.04807785153388977, 0, 0, 8, 13, 20, 0, 0, 0, 0, 11, 1, 4, 0, 0, 0, 12, 0, 0.5, 0, 0, 0, 0], [0, 0, 0, 0.14359861612319946, 0, 0, 8, 13, 20, 0, 0, 0, 0, 11, 1, 3, 0, 0, 0, 12, 0, 0.5, 0, 0, 0, 0], [0, 0, 0, 0.014091163873672485, 0, 0, 8, 13, 20, 0, 0, 0, 0, 10, 2, 1, 0, 0, 0, 12, 0, 0.027777777777777776, 0, 0, 0, 0], [1, 0, 0, 0.06104275584220886, 0, 0, 8, 13, 20, 1, 0, 0, 0, 11, 1, 2, 0, 0, 0, 12, 0, 0.5, 0, 0, 0, 0], [0, 0, 0, 0.008823484182357788, 0, 0, 8, 6, 13, 0, 0, 0, 0, 4, 1, 7, 0, 0, 0, 5, 0, 0.5, 0, 0, 0, 0], [0, 0, 0, 0.041831135749816895, 0, 0, 8, 5, 12, 0, 0, 0, 0, 3, 1, 5, 0, 0, 0, 4, 0, 0.5, 0, 0, 0, 0], [0, 0, 0, 0.0268804132938385, 0, 0, 8, 13, 20, 0, 0, 0, 0, 11, 1, 3, 0, 0, 0, 12, 0, 0.5, 0, 0, 0, 0], [0, 0, 0, 0.022397935390472412, 0, 0, 8, 4, 11, 0, 0, 0, 0, 2, 1, 7, 0, 0, 0, 3, 0, 0.5, 0, 0, 0, 0], [0, 0, 0, 0.06828552484512329, 0, 0, 8, 4, 11, 0, 0, 0, 0, 2, 1, 3, 0, 0, 0, 3, 0, 0.5, 0, 0, 0, 0], [0, 0, 0, 0.06732815504074097, 0, 0, 8, 13, 20, 0, 0, 1, 1, 11, 1, 3, 0, 0, 0, 12, 0, 0.5, 0, 0, 0, 0], [0, 0, 0, 0.001729518175125122, 0, 0, 8, 13, 20, 0, 0, 0, 0, 11, 1, 3, 0, 0, 0, 12, 0, 0.5, 0, 0, 0, 0], [0, 0, 0, 0.020734578371047974, 0, 0, 8, 6, 13, 0, 0, 0, 0, 4, 1, 4, 0, 0, 0, 5, 0, 0.5, 0, 0, 0, 0], [0, 0, 0, 0.01830911636352539, 0, 0, 8, 3, 10, 0, 0, 0, 0, 1, 1, 4, 0, 0, 0, 2, 0, 0.5, 0, 0, 0, 0], [0, 0, 0, 0.020932316780090332, 0, 0, 8, 4, 11, 0, 0, 0, 0, 2, 1, 7, 0, 0, 0, 3, 0, 0.5, 0, 0, 0, 0], [0, 0, 0, 0.003183126449584961, 0, 0, 8, 13, 20, 0, 0, 0, 0, 11, 1, 1, 0, 0, 0, 12, 0, 0.041666666666666664, 0, 0, 0, 0], [0, 0, 0, 0.03128659725189209, 0, 0, 8, 11, 18, 0, 0, 0, 0, 9, 1, 2, 0, 0, 0, 10, 0, 0.5, 0, 0, 0, 0], [0, 0, 0, 0.4755767583847046, 0, 0, 8, 3, 10, 0, 0, 0, 0, 1, 1, 4, 0, 0, 0, 2, 0, 0.5, 0, 0, 0, 0], [0, 0, 0, 0.08457079529762268, 0, 0, 8, 6, 13, 0, 0, 0, 0, 4, 1, 4, 0, 0, 0, 5, 0, 0.5, 0, 0, 0, 0], [0, 0, 0, 0.017213165760040283, 0, 0, 8, 13, 20, 0, 0, 0, 0, 11, 1, 1, 0, 0, 0, 12, 0, 0.08, 0, 0, 0, 0], [0, 0, 0, 0.04417455196380615, 0, 0, 8, 13, 20, 0, 0, 0, 0, 11, 1, 1, 0, 0, 0, 12, 0, 0.03125, 0, 0, 0, 0], [0, 0, 0, 0.026036173105239868, 0, 0, 8, 10, 17, 0, 0, 0, 0, 8, 1, 4, 0, 0, 0, 9, 0, 0.5, 0, 0, 0, 0], [0, 0, 0, 0.011168241500854492, 0, 0, 8, 13, 20, 0, 0, 0, 0, 11, 1, 1, 0, 0, 0, 12, 0, 0.3333333333333333, 0, 0, 0, 0], [0, 0, 0, 0.015056967735290527, 0, 0, 8, 13, 20, 0, 0, 0, 0, 11, 1, 5, 0, 0, 0, 12, 0, 0.5, 0, 0, 0, 0], [0, 0, 0, 0.003351539373397827, 0, 0, 8, 11, 18, 0, 0, 0, 0, 9, 1, 5, 0, 0, 0, 10, 0, 0.5, 0, 0, 0, 0], [0, 0, 0, 0.008909985423088074, 0, 0, 8, 3, 10, 0, 0, 0, 0, 1, 1, 2, 0, 0, 0, 2, 0, 0.3333333333333333, 0, 0, 0, 0], [0, 0, 0, 0.04349792003631592, 0, 0, 8, 4, 11, 0, 0, 0, 0, 2, 1, 5, 0, 0, 0, 3, 0, 0.5, 0, 0, 0, 0], [0, 0, 0, 0.047376275062561035, 0, 0, 8, 13, 20, 0, 0, 0, 0, 11, 1, 3, 0, 0, 0, 12, 0, 0.5, 0, 0, 0, 0], [0, 0, 0, 0.20983296632766724, 0, 0, 8, 3, 10, 0, 0, 0, 0, 1, 1, 4, 0, 0, 0, 2, 0, 0.5, 0, 0, 0, 0], [0, 0, 0, 0.17639032006263733, 0, 0, 8, 3, 10, 0, 0, 0, 0, 1, 1, 2, 0, 0, 0, 2, 0, 0.5, 0, 0, 0, 0], [0, 0, 0, 0.005714088678359985, 0, 0, 8, 3, 10, 0, 0, 0, 0, 1, 1, 3, 0, 0, 0, 2, 0, 0.5, 0, 0, 0, 0], [0, 0, 0, 0.002105236053466797, 0, 0, 8, 8, 15, 0, 0, 0, 0, 6, 1, 6, 0, 0, 0, 7, 0, 0.5, 0, 0, 0, 0], [0, 0, 0, 0.032882124185562134, 0, 0, 8, 13, 20, 0, 0, 0, 0, 11, 1, 3, 0, 0, 0, 12, 0, 0.5, 0, 0, 0, 0], [0, 0, 0, 0.03582608699798584, 0, 0, 8, 10, 17, 0, 0, 0, 0, 8, 1, 5, 0, 0, 0, 9, 0, 0.5, 0, 0, 0, 0], [0, 0, 0, 0.036118507385253906, 0, 0, 8, 13, 20, 0, 0, 0, 0, 11, 1, 1, 0, 0, 0, 12, 0, 0.3333333333333333, 0, 0, 0, 0], [0, 0, 0, 0.05613192915916443, 0, 0, 8, 5, 12, 0, 0, 0, 0, 3, 1, 3, 0, 0, 0, 4, 0, 0.5, 0, 0, 0, 0], [0, 0, 0, 0.015950679779052734, 0, 0, 8, 5, 12, 0, 0, 0, 0, 3, 1, 6, 0, 0, 0, 4, 0, 0.5, 0, 0, 0, 0], [0, 0, 0, 0.09638378024101257, 0, 0, 8, 10, 17, 0, 0, 0, 0, 8, 1, 4, 0, 0, 0, 9, 0, 0.5, 0, 0, 0, 0], [0, 0, 0, 0.007634162902832031, 0, 0, 8, 4, 11, 0, 0, 0, 0, 2, 1, 7, 0, 0, 0, 3, 0, 0.5, 0, 0, 0, 0], [0, 0, 0, 0.052337080240249634, 0, 0, 8, 5, 12, 0, 0, 0, 0, 3, 1, 3, 0, 0, 0, 4, 0, 0.5, 0, 0, 0, 0], [0, 0, 0, 0.09756049513816833, 0, 0, 8, 5, 12, 0, 0, 0, 0, 3, 1, 3, 0, 0, 0, 4, 0, 0.5, 0, 0, 0, 0], [0, 0, 0, 0.0062326788902282715, 0, 0, 8, 3, 10, 0, 0, 0, 0, 1, 1, 4, 0, 0, 0, 2, 0, 0.5, 0, 0, 0, 0], [0, 0, 0, 0.1816689372062683, 0, 0, 8, 3, 10, 0, 0, 0, 0, 1, 1, 3, 0, 0, 0, 2, 0, 0.5, 0, 0, 0, 0], [0, 0, 0, 0.012151151895523071, 0, 0, 8, 11, 18, 0, 0, 0, 0, 9, 1, 5, 0, 0, 0, 10, 0, 0.5, 0, 0, 0, 0], [0, 0, 0, 0.0017983615398406982, 0, 0, 8, 13, 20, 0, 0, 0, 0, 11, 1, 4, 0, 0, 0, 12, 0, 0.5, 0, 0, 0, 0], [0, 0, 0, 0.02239947021007538, 0, 0, 8, 4, 11, 0, 0, 0, 0, 2, 1, 3, 0, 0, 0, 3, 0, 0.5, 0, 0, 0, 0], [0, 0, 0, 0.06167958676815033, 0, 0, 8, 3, 10, 0, 0, 0, 0, 1, 1, 4, 0, 0, 0, 2, 0, 0.5, 0, 0, 0, 0], [0, 0, 0, 0.016922831535339355, 0, 0, 8, 10, 17, 0, 0, 0, 0, 8, 1, 6, 0, 0, 0, 9, 0, 0.5, 0, 0, 0, 0], [0, 0, 0, 0.37902218103408813, 0, 0, 8, 3, 10, 0, 0, 0, 0, 1, 1, 3, 0, 0, 0, 2, 0, 0.3333333333333333, 0, 0, 0, 0], [0, 0, 0, 0.03209167718887329, 0, 0, 8, 3, 10, 0, 0, 0, 0, 1, 1, 3, 0, 0, 0, 2, 0, 0.5, 0, 0, 0, 0], [0, 0, 0, 0.009083077311515808, 0, 0, 8, 3, 10, 0, 0, 0, 0, 1, 1, 1, 0, 0, 0, 2, 0, 0.05263157894736842, 0, 0, 0, 0], [0, 0, 0, 0.020581692457199097, 0, 0, 8, 7, 14, 0, 0, 0, 0, 5, 1, 1, 0, 0, 0, 6, 0, 0.01282051282051282, 0, 0, 0, 0], [0, 0, 0, 0.006089359521865845, 0, 0, 8, 13, 20, 0, 0, 0, 0, 10, 2, 3, 0, 0, 0, 12, 0, 0.5, 0, 0, 0, 0], [0, 0, 0, 0.014187395572662354, 0, 0, 8, 3, 10, 0, 0, 0, 0, 1, 1, 3, 0, 0, 0, 2, 0, 0.5, 0, 0, 0, 0], [0, 0, 0, 0.04857030510902405, 0, 0, 8, 13, 20, 0, 0, 0, 0, 11, 1, 1, 0, 0, 0, 12, 0, 0.03125, 0, 0, 0, 0], [0, 0, 0, 0.00441133975982666, 0, 0, 8, 13, 20, 0, 0, 0, 0, 10, 2, 1, 0, 0, 0, 12, 0, 0.041666666666666664, 0, 0, 0, 0], [0, 0, 0, 0.014056205749511719, 0, 0, 8, 13, 20, 0, 0, 0, 0, 11, 1, 4, 0, 0, 0, 12, 0, 0.5, 0, 0, 0, 0], [0, 0, 0, 0.001167386770248413, 0, 0, 8, 13, 20, 0, 0, 0, 0, 11, 1, 2, 0, 0, 0, 12, 0, 0.5, 0, 0, 0, 0], [0, 0, 0, 0.024219870567321777, 0, 0, 8, 7, 14, 0, 0, 0, 0, 5, 1, 5, 0, 0, 0, 6, 0, 0.5, 0, 0, 0, 0], [0, 0, 0, 0.0376664400100708, 0, 0, 8, 4, 11, 0, 0, 0, 0, 2, 1, 5, 0, 0, 0, 3, 0, 0.5, 0, 0, 0, 0], [0, 0, 0, 0.008195668458938599, 0, 0, 8, 13, 20, 0, 0, 0, 0, 11, 1, 4, 0, 0, 0, 12, 0, 0.5, 0, 0, 0, 0], [0, 0, 0, 0.049052149057388306, 0, 0, 8, 9, 16, 0, 0, 0, 0, 7, 1, 3, 0, 0, 0, 8, 0, 0.5, 0, 0, 0, 0], [0, 0, 0, 0.09122365713119507, 0, 0, 8, 4, 11, 0, 0, 0, 0, 2, 1, 3, 0, 0, 0, 3, 0, 0.5, 0, 0, 0, 0], [0, 0, 0, 0.030284643173217773, 0, 0, 8, 11, 18, 0, 0, 0, 0, 9, 1, 2, 0, 0, 0, 10, 0, 0.5, 0, 0, 0, 0], [0, 0, 0, 0.002462029457092285, 0, 0, 8, 5, 12, 0, 0, 0, 0, 3, 1, 5, 0, 0, 0, 4, 0, 0.5, 0, 0, 0, 0], [0, 0, 0, 0.018556922674179077, 0, 0, 8, 8, 15, 0, 0, 0, 0, 6, 1, 2, 0, 0, 0, 7, 0, 0.5, 0, 0, 0, 0], [0, 0, 0, 0.041898250579833984, 0, 0, 8, 5, 12, 0, 0, 0, 0, 3, 1, 4, 0, 0, 0, 4, 0, 0.5, 0, 0, 0, 0], [0, 0, 0, 0.000636368989944458, 0, 0, 8, 13, 20, 0, 0, 0, 0, 11, 1, 1, 0, 0, 0, 12, 0, 0.05263157894736842, 0, 0, 0, 0], [0, 0, 0, 0.04993700981140137, 0, 0, 8, 7, 14, 0, 0, 0, 0, 5, 1, 5, 0, 0, 0, 6, 0, 0.5, 0, 0, 0, 0], [0, 0, 0, 0.0, 0, 0, 8, 13, 20, 0, 0, 0, 0, 10, 2, 5, 0, 0, 0, 12, 0, 0.5, 0, 0, 0, 0], [0, 0, 0, 0.007718592882156372, 0, 0, 8, 13, 20, 0, 0, 0, 0, 11, 1, 4, 0, 0, 0, 12, 0, 0.5, 0, 0, 0, 0], [0, 0, 0, 0.07912981510162354, 0, 0, 8, 3, 10, 0, 0, 0, 0, 1, 1, 4, 0, 0, 0, 2, 0, 0.5, 0, 0, 0, 0], [0, 0, 0, 0.005726873874664307, 0, 0, 8, 13, 20, 0, 0, 0, 0, 11, 1, 5, 0, 0, 0, 12, 0, 0.5, 0, 0, 0, 0], [0, 0, 0, 0.06074264645576477, 0, 0, 8, 11, 18, 0, 0, 0, 0, 9, 1, 4, 0, 0, 0, 10, 0, 0.5, 0, 0, 0, 0], [0, 0, 0, 0.21415287256240845, 0, 0, 8, 4, 11, 0, 0, 0, 0, 2, 1, 4, 0, 0, 0, 3, 0, 0.5, 0, 0, 0, 0], [0, 0, 0, 0.019068479537963867, 0, 0, 8, 3, 10, 0, 0, 0, 0, 1, 1, 4, 0, 0, 0, 2, 0, 0.5, 0, 0, 0, 0], [0, 0, 0, 0.0505254864692688, 0, 0, 8, 3, 10, 0, 0, 0, 0, 1, 1, 4, 0, 0, 0, 2, 0, 0.5, 0, 0, 0, 0], [0, 0, 0, 0.011532992124557495, 0, 0, 8, 13, 20, 0, 0, 0, 0, 11, 1, 2, 0, 0, 0, 12, 0, 0.5, 0, 0, 0, 0], [0, 0, 0, 0.05196493864059448, 0, 0, 8, 13, 20, 0, 0, 0, 0, 11, 1, 3, 0, 0, 0, 12, 0, 0.5, 0, 0, 0, 0], [0, 0, 0, 0.22867408394813538, 0, 0, 8, 3, 10, 0, 0, 0, 0, 1, 1, 4, 0, 0, 0, 2, 0, 0.5, 0, 0, 0, 0], [0, 0, 0, 0.0009287595748901367, 0, 0, 8, 3, 10, 0, 0, 0, 0, 1, 1, 5, 0, 0, 0, 2, 0, 0.5, 0, 0, 0, 0], [0, 0, 0, 0.0011428296566009521, 0, 0, 8, 13, 20, 0, 0, 0, 0, 11, 1, 4, 0, 0, 0, 12, 0, 0.5, 0, 0, 0, 0], [0, 0, 0, 0.0031768977642059326, 0, 0, 8, 13, 20, 0, 0, 0, 0, 11, 1, 1, 0, 0, 0, 12, 0, 0.027777777777777776, 0, 0, 0, 0], [0, 0, 0, 0.004802137613296509, 0, 0, 8, 7, 14, 0, 0, 0, 0, 5, 1, 3, 0, 0, 0, 6, 0, 0.5, 0, 0, 0, 0], [0, 0, 0, 0.040993690490722656, 0, 0, 8, 3, 10, 0, 0, 0, 0, 1, 1, 3, 0, 0, 0, 2, 0, 0.5, 0, 0, 0, 0], [0, 0, 0, 0.07316604256629944, 0, 0, 8, 5, 12, 0, 0, 0, 0, 3, 1, 4, 0, 0, 0, 4, 0, 0.5, 0, 0, 0, 0], [0, 0, 0, 0.006426751613616943, 0, 0, 8, 3, 10, 0, 0, 0, 0, 1, 1, 5, 0, 0, 0, 2, 0, 0.5, 0, 0, 0, 0], [0, 0, 0, 0.01684814691543579, 0, 0, 8, 3, 10, 0, 0, 0, 0, 1, 1, 3, 0, 0, 0, 2, 0, 0.5, 0, 0, 0, 0], [0, 0, 0, 0.04835203289985657, 0, 0, 8, 13, 20, 0, 0, 0, 0, 11, 1, 1, 0, 0, 0, 12, 0, 0.5, 0, 0, 0, 0], [0, 0, 0, 0.0063590407371521, 0, 0, 8, 3, 10, 0, 0, 0, 0, 1, 1, 4, 0, 0, 0, 2, 0, 0.5, 0, 0, 0, 0], [0, 0, 0, 0.011804252862930298, 0, 0, 8, 3, 10, 0, 0, 0, 0, 1, 1, 4, 0, 0, 0, 2, 0, 0.5, 0, 0, 0, 0], [0, 0, 0, 0.01932588219642639, 0, 0, 8, 7, 14, 0, 0, 0, 0, 5, 1, 6, 0, 0, 0, 6, 0, 0.5, 0, 0, 0, 0], [0, 0, 0, 0.21650630235671997, 0, 0, 8, 3, 10, 0, 0, 0, 0, 1, 1, 3, 0, 0, 0, 2, 0, 0.5, 0, 0, 0, 0], [0, 0, 0, 0.002554655075073242, 0, 0, 8, 13, 20, 0, 0, 0, 0, 11, 1, 1, 0, 0, 0, 12, 0, 0.027777777777777776, 0, 0, 0, 0], [0, 0, 0, 0.008151412010192871, 0, 0, 8, 13, 20, 0, 0, 0, 0, 11, 1, 5, 0, 0, 0, 12, 0, 0.5, 0, 0, 0, 0], [0, 0, 0, 0.07813876867294312, 0, 0, 8, 11, 18, 0, 0, 0, 0, 9, 1, 3, 0, 0, 0, 10, 0, 0.5, 0, 0, 0, 0], [0, 0, 0, 0.009030282497406006, 0, 0, 8, 7, 14, 0, 0, 0, 0, 4, 2, 6, 0, 0, 0, 6, 0, 0.5, 0, 0, 0, 0], [0, 0, 0, 0.0026159286499023438, 0, 0, 8, 9, 16, 0, 0, 0, 0, 7, 1, 4, 0, 0, 0, 8, 0, 0.5, 0, 0, 0, 0], [0, 0, 0, 0.14899390935897827, 0, 0, 8, 3, 10, 0, 0, 0, 0, 1, 1, 3, 0, 0, 0, 2, 0, 0.5, 0, 0, 0, 0], [0, 0, 0, 0.055241525173187256, 0, 0, 8, 3, 10, 0, 0, 0, 0, 1, 1, 4, 0, 0, 0, 2, 0, 0.5, 0, 0, 0, 0], [0, 0, 0, 0.01635727286338806, 0, 0, 8, 3, 10, 0, 0, 0, 0, 1, 1, 3, 0, 0, 0, 2, 0, 0.5, 0, 0, 0, 0], [0, 0, 0, 0.06545960903167725, 0, 0, 8, 12, 19, 0, 0, 0, 0, 10, 1, 4, 0, 0, 0, 11, 0, 0.5, 0, 0, 0, 0], [0, 0, 0, 0.01998192071914673, 0, 0, 8, 13, 20, 0, 0, 0, 0, 11, 1, 4, 0, 0, 0, 12, 0, 0.5, 0, 0, 0, 0], [0, 0, 0, 0.03091329336166382, 0, 0, 8, 9, 16, 0, 0, 0, 0, 7, 1, 4, 0, 0, 0, 8, 0, 0.5, 0, 0, 0, 0], [0, 0, 0, 0.019390404224395752, 0, 0, 8, 8, 15, 0, 0, 0, 0, 6, 1, 3, 0, 0, 0, 7, 0, 0.5, 0, 0, 0, 0], [0, 0, 0, 0.03074932098388672, 0, 0, 8, 6, 13, 0, 0, 0, 0, 4, 1, 5, 0, 0, 0, 5, 0, 0.5, 0, 0, 0, 0], [0, 0, 0, 0.027351677417755127, 0, 0, 8, 3, 10, 0, 0, 0, 0, 1, 1, 2, 0, 0, 0, 2, 0, 0.5, 0, 0, 0, 0], [0, 0, 0, 0.06380477547645569, 0, 0, 8, 3, 10, 0, 0, 0, 0, 1, 1, 4, 0, 0, 0, 2, 0, 0.5, 0, 0, 0, 0], [0, 0, 0, 0.024501174688339233, 0, 0, 8, 10, 17, 0, 0, 0, 0, 8, 1, 5, 0, 0, 0, 9, 0, 0.5, 0, 0, 0, 0], [0, 0, 0, 0.027304112911224365, 0, 0, 8, 3, 10, 0, 0, 0, 0, 1, 1, 5, 0, 0, 0, 2, 0, 0.5, 0, 0, 0, 0], [0, 0, 0, 0.006527245044708252, 0, 0, 8, 13, 20, 0, 0, 0, 0, 11, 1, 2, 0, 0, 0, 12, 0, 0.16666666666666666, 0, 0, 0, 0], [0, 0, 0, 0.0067920684814453125, 0, 0, 8, 3, 10, 0, 0, 0, 0, 1, 1, 7, 0, 0, 0, 2, 0, 0.5, 0, 0, 0, 0], [0, 0, 0, 0.03159824013710022, 0, 0, 8, 13, 20, 0, 0, 0, 0, 11, 1, 2, 0, 0, 0, 12, 0, 0.5, 0, 0, 0, 0], [0, 0, 0, 0.04640844464302063, 0, 0, 8, 3, 10, 0, 0, 0, 0, 1, 1, 4, 0, 0, 0, 2, 0, 0.5, 0, 0, 0, 0], [0, 0, 0, 0.04541194438934326, 0, 0, 8, 3, 10, 0, 0, 0, 0, 1, 1, 5, 0, 0, 0, 2, 0, 0.5, 0, 0, 0, 0], [0, 0, 0, 0.013421118259429932, 0, 0, 8, 3, 10, 0, 0, 0, 0, 1, 1, 1, 0, 0, 0, 2, 0, 0.1111111111111111, 0, 0, 0, 0], [0, 0, 0, 0.03585028648376465, 0, 0, 8, 4, 11, 0, 0, 0, 0, 2, 1, 4, 0, 0, 0, 3, 0, 0.5, 0, 0, 0, 0], [0, 0, 0, 0.016873061656951904, 0, 0, 8, 4, 11, 0, 0, 0, 0, 2, 1, 5, 0, 0, 0, 3, 0, 0.5, 0, 0, 0, 0], [0, 0, 0, 0.05744677782058716, 0, 0, 8, 3, 10, 0, 0, 0, 0, 1, 1, 5, 0, 0, 0, 2, 0, 0.5, 0, 0, 0, 0], [0, 0, 0, 0.0032842159271240234, 0, 0, 8, 11, 18, 0, 0, 0, 0, 9, 1, 5, 0, 0, 0, 10, 0, 0.5, 0, 0, 0, 0], [0, 0, 0, 0.03771123290061951, 0, 0, 8, 3, 10, 0, 0, 0, 0, 1, 1, 3, 0, 0, 0, 2, 0, 0.5, 0, 0, 0, 0], [0, 0, 0, 0.02368786931037903, 0, 0, 8, 10, 17, 0, 0, 0, 0, 8, 1, 3, 0, 0, 0, 9, 0, 0.5, 0, 0, 0, 0], [0, 0, 0, 0.00939708948135376, 0, 0, 8, 13, 20, 0, 1, 0, 0, 11, 1, 1, 0, 0, 0, 12, 0, 0.027777777777777776, 0, 0, 0, 0], [0, 0, 0, 0.008948296308517456, 0, 0, 8, 13, 20, 0, 0, 0, 0, 11, 1, 1, 0, 0, 0, 12, 0, 0.027777777777777776, 0, 0, 0, 0], [0, 0, 0, 0.17112118005752563, 0, 0, 8, 4, 11, 0, 0, 0, 0, 2, 1, 3, 0, 0, 0, 3, 0, 0.5, 0, 0, 0, 0], [0, 0, 0, 0.027332723140716553, 0, 0, 8, 3, 10, 0, 0, 0, 0, 1, 1, 1, 0, 0, 0, 2, 0, 0.125, 0, 0, 0, 0], [0, 0, 0, 0.0032569468021392822, 0, 0, 8, 7, 14, 0, 0, 0, 0, 5, 1, 5, 0, 0, 0, 6, 0, 0.5, 0, 0, 0, 0], [0, 0, 0, 0.33228564262390137, 0, 0, 8, 3, 10, 0, 0, 0, 0, 1, 1, 3, 0, 0, 0, 2, 0, 0.5, 0, 0, 0, 0], [0, 0, 0, 0.0175054669380188, 0, 0, 8, 13, 20, 0, 0, 0, 0, 11, 1, 1, 0, 0, 0, 12, 0, 0.041666666666666664, 0, 0, 0, 0], [0, 0, 0, 0.048879921436309814, 0, 0, 8, 13, 20, 0, 0, 0, 0, 10, 2, 7, 0, 0, 0, 12, 0, 0.5, 0, 0, 0, 0], [0, 0, 0, 0.11914172768592834, 0, 0, 8, 13, 20, 0, 0, 0, 0, 11, 1, 4, 0, 0, 0, 12, 0, 0.5, 0, 0, 0, 0], [0, 0, 0, 0.06639376282691956, 0, 0, 8, 13, 20, 0, 0, 0, 0, 11, 1, 2, 0, 0, 0, 12, 0, 0.5, 0, 0, 0, 0], [0, 0, 0, 0.04848867654800415, 0, 0, 8, 13, 20, 0, 0, 0, 0, 11, 1, 1, 0, 0, 0, 12, 0, 0.03125, 0, 0, 0, 0], [0, 0, 0, 0.14001864194869995, 0, 0, 8, 3, 10, 0, 0, 0, 0, 1, 1, 3, 0, 0, 0, 2, 0, 0.5, 0, 0, 0, 0], [0, 0, 0, 0.012336522340774536, 0, 0, 8, 9, 16, 0, 0, 0, 0, 7, 1, 1, 0, 0, 0, 8, 0, 0.5, 0, 0, 0, 0], [0, 0, 0, 0.018367230892181396, 0, 0, 8, 13, 20, 0, 0, 0, 0, 11, 1, 2, 0, 0, 0, 12, 0, 0.16666666666666666, 0, 0, 0, 0], [0, 0, 0, 0.11479638516902924, 0, 0, 8, 3, 10, 0, 0, 0, 0, 1, 1, 1, 0, 0, 0, 2, 0, 0.1111111111111111, 0, 0, 0, 0], [0, 0, 0, 0.014499038457870483, 0, 0, 8, 3, 10, 0, 0, 0, 0, 1, 1, 4, 0, 0, 0, 2, 0, 0.5, 0, 0, 0, 0], [0, 0, 0, 0.05330339074134827, 0, 0, 8, 5, 12, 0, 0, 0, 0, 3, 1, 5, 0, 0, 0, 4, 0, 0.5, 0, 0, 0, 0], [0, 0, 0, 0.007871389389038086, 0, 0, 8, 13, 20, 0, 0, 0, 0, 11, 1, 5, 0, 0, 0, 12, 0, 0.5, 0, 0, 0, 0], [0, 0, 0, 0.13100126385688782, 0, 0, 8, 5, 12, 0, 0, 0, 0, 3, 1, 3, 0, 0, 0, 4, 0, 0.5, 0, 0, 0, 0], [0, 0, 0, 0.08278778195381165, 0, 0, 8, 5, 12, 0, 0, 0, 0, 3, 1, 5, 0, 0, 0, 4, 0, 0.5, 0, 0, 0, 0], [0, 0, 0, 0.12558835744857788, 0, 0, 8, 3, 10, 0, 0, 0, 0, 1, 1, 4, 0, 0, 0, 2, 0, 0.5, 0, 0, 0, 0], [0, 0, 0, 0.00926274061203003, 0, 0, 8, 5, 12, 0, 0, 0, 0, 3, 1, 3, 0, 0, 0, 4, 0, 0.5, 0, 0, 0, 0], [0, 0, 0, 0.036539435386657715, 0, 0, 8, 11, 18, 0, 0, 0, 0, 9, 1, 4, 0, 0, 0, 10, 0, 0.5, 0, 0, 0, 0], [0, 0, 0, 0.01508265733718872, 0, 0, 8, 10, 17, 0, 0, 0, 0, 8, 1, 4, 0, 0, 0, 9, 0, 0.5, 0, 0, 0, 0], [0, 0, 0, 0.005567371845245361, 0, 0, 8, 10, 17, 0, 0, 0, 0, 8, 1, 5, 0, 0, 0, 9, 0, 0.5, 0, 0, 0, 0], [0, 0, 0, 0.00243571400642395, 0, 0, 8, 3, 10, 0, 0, 0, 0, 1, 1, 6, 0, 0, 0, 2, 0, 0.5, 0, 0, 0, 0], [0, 0, 0, 0.01842021942138672, 0, 0, 8, 4, 11, 0, 0, 0, 0, 2, 1, 3, 0, 0, 0, 3, 0, 0.5, 0, 0, 0, 0], [0, 0, 0, 0.47376665472984314, 0, 0, 8, 3, 10, 0, 0, 0, 0, 1, 1, 2, 0, 0, 0, 2, 0, 0.5, 0, 0, 0, 0], [0, 0, 0, 0.025205016136169434, 0, 0, 8, 7, 14, 0, 0, 0, 0, 5, 1, 4, 0, 0, 0, 6, 0, 0.5, 0, 0, 0, 0], [0, 0, 0, 0.016599923372268677, 0, 0, 8, 3, 10, 0, 0, 0, 0, 1, 1, 4, 0, 0, 0, 2, 0, 0.5, 0, 0, 0, 0], [0, 0, 0, 0.02914595603942871, 0, 0, 8, 3, 10, 0, 0, 0, 0, 1, 1, 7, 0, 0, 0, 2, 0, 0.5, 0, 0, 0, 0], [0, 0, 0, 0.04124033451080322, 0, 0, 8, 13, 20, 0, 0, 0, 0, 11, 1, 3, 0, 0, 0, 12, 0, 0.5, 0, 0, 0, 0], [0, 0, 0, 0.11364445090293884, 0, 0, 8, 5, 12, 0, 0, 0, 0, 3, 1, 4, 0, 0, 0, 4, 0, 0.5, 0, 0, 0, 0], [0, 0, 0, 0.052389055490493774, 0, 0, 8, 13, 20, 0, 0, 0, 0, 11, 1, 2, 0, 0, 0, 12, 0, 0.5, 0, 0, 0, 0], [0, 0, 0, 0.008073955774307251, 0, 0, 8, 13, 20, 0, 0, 0, 0, 11, 1, 5, 0, 0, 0, 12, 0, 0.5, 0, 0, 0, 0], [0, 0, 0, 0.003124624490737915, 0, 0, 8, 11, 18, 0, 0, 0, 0, 9, 1, 5, 0, 0, 0, 10, 0, 0.5, 0, 0, 0, 0], [0, 0, 0, 0.04357767105102539, 0, 0, 8, 13, 20, 0, 0, 0, 0, 10, 2, 3, 0, 0, 0, 12, 0, 0.5, 0, 0, 0, 0], [0, 0, 0, 0.34686654806137085, 0, 0, 8, 3, 10, 0, 0, 0, 0, 1, 1, 2, 0, 0, 0, 2, 0, 0.5, 0, 0, 0, 0], [0, 0, 0, 0.033901870250701904, 0, 0, 8, 7, 14, 0, 0, 0, 0, 5, 1, 6, 0, 0, 0, 6, 0, 0.5, 0, 0, 0, 0], [0, 0, 0, 0.03989472985267639, 0, 0, 8, 3, 10, 0, 0, 0, 0, 1, 1, 4, 0, 0, 0, 2, 0, 0.5, 0, 0, 0, 0], [0, 0, 0, 0.014197975397109985, 0, 0, 8, 13, 20, 0, 0, 0, 0, 11, 1, 4, 0, 0, 0, 12, 0, 0.5, 0, 0, 0, 0], [0, 0, 0, 0.004857957363128662, 0, 0, 8, 4, 11, 0, 0, 0, 0, 2, 1, 3, 0, 0, 0, 3, 0, 0.5, 0, 0, 0, 0], [0, 0, 0, 0.0046994686126708984, 0, 0, 8, 3, 10, 0, 0, 0, 0, 1, 1, 7, 0, 0, 0, 2, 0, 0.5, 0, 0, 0, 0], [0, 0, 0, 0.17410635948181152, 0, 0, 8, 5, 12, 0, 0, 0, 0, 3, 1, 3, 0, 0, 0, 4, 0, 0.5, 0, 0, 0, 0], [0, 0, 0, 0.0037068724632263184, 0, 0, 8, 10, 17, 0, 0, 0, 0, 8, 1, 5, 0, 0, 0, 9, 0, 0.5, 0, 0, 0, 0], [0, 0, 0, 0.020033329725265503, 0, 0, 8, 13, 20, 0, 0, 0, 0, 11, 1, 3, 0, 0, 0, 12, 0, 0.5, 0, 0, 0, 0], [0, 0, 0, 0.004242062568664551, 0, 0, 8, 13, 20, 0, 0, 0, 0, 11, 1, 1, 0, 0, 0, 12, 0, 0.041666666666666664, 0, 0, 0, 0], [0, 0, 0, 0.030375421047210693, 0, 0, 8, 6, 13, 0, 0, 0, 0, 4, 1, 5, 0, 0, 0, 5, 0, 0.5, 0, 0, 0, 0], [0, 0, 0, 0.054654985666275024, 0, 0, 8, 5, 12, 0, 0, 0, 0, 3, 1, 3, 0, 0, 0, 4, 0, 0.5, 0, 0, 0, 0], [0, 0, 0, 0.02138015627861023, 0, 0, 8, 13, 20, 0, 0, 0, 0, 11, 1, 4, 0, 0, 0, 12, 0, 0.5, 0, 0, 0, 0], [1, 0, 0, 0.07545828819274902, 1, 0, 8, 13, 20, 1, 0, 1, 0, 11, 1, 1, 0, 0, 0, 12, 1, 0.5, 0, 0, 0, 0], [0, 0, 0, 0.04879331588745117, 0, 0, 8, 13, 20, 0, 0, 0, 0, 10, 2, 7, 0, 0, 0, 12, 0, 0.5, 0, 0, 0, 0], [0, 0, 0, 0.09865885972976685, 0, 0, 8, 3, 10, 0, 0, 0, 0, 1, 1, 4, 0, 0, 0, 2, 0, 0.5, 0, 0, 0, 0], [0, 0, 0, 0.0009598433971405029, 0, 0, 8, 11, 18, 0, 0, 0, 0, 9, 1, 4, 0, 0, 0, 10, 0, 0.5, 0, 0, 0, 0], [0, 0, 0, 0.041889339685440063, 0, 0, 8, 13, 20, 0, 0, 0, 0, 11, 1, 2, 0, 0, 0, 12, 0, 0.5, 0, 0, 0, 0], [0, 0, 0, 0.00924384593963623, 0, 0, 8, 13, 20, 0, 0, 0, 0, 11, 1, 1, 0, 0, 0, 12, 0, 0.041666666666666664, 0, 0, 0, 0], [0, 0, 0, 0.1526329517364502, 0, 0, 8, 13, 20, 0, 0, 0, 0, 11, 1, 3, 0, 0, 0, 12, 0, 0.5, 0, 0, 0, 0], [0, 0, 0, 0.04705211520195007, 0, 0, 8, 13, 20, 0, 0, 0, 0, 11, 1, 1, 0, 0, 0, 12, 0, 0.03125, 0, 0, 0, 0], [0, 0, 0, 0.0013824701309204102, 0, 0, 8, 4, 11, 0, 0, 0, 0, 2, 1, 5, 0, 0, 0, 3, 0, 0.5, 0, 0, 0, 0], [0, 0, 0, 0.01815173029899597, 0, 0, 8, 13, 20, 0, 0, 0, 0, 11, 1, 1, 0, 0, 0, 12, 0, 0.05555555555555555, 0, 0, 0, 0], [0, 0, 0, 0.003510981798171997, 0, 0, 8, 10, 17, 0, 0, 0, 0, 8, 1, 5, 0, 0, 0, 9, 0, 0.5, 0, 0, 0, 0], [0, 0, 0, 0.37091878056526184, 0, 0, 8, 3, 10, 0, 0, 0, 0, 1, 1, 2, 0, 0, 0, 2, 0, 0.5, 0, 0, 0, 0], [1, 0, 0, 0.019968271255493164, 0, 0, 8, 3, 10, 1, 0, 0, 0, 1, 1, 4, 0, 0, 0, 2, 0, 0.5, 0, 0, 0, 0], [0, 0, 0, 0.03374907374382019, 0, 0, 8, 13, 20, 0, 0, 0, 0, 11, 1, 4, 0, 0, 0, 12, 0, 0.5, 0, 0, 0, 0], [0, 0, 0, 0.007030308246612549, 0, 0, 8, 13, 20, 0, 0, 0, 0, 11, 1, 4, 0, 0, 0, 12, 0, 0.5, 0, 0, 0, 0], [0, 0, 0, 0.013911992311477661, 0, 0, 8, 13, 20, 0, 0, 0, 0, 11, 1, 1, 0, 0, 0, 12, 0, 0.5, 0, 0, 0, 0], [0, 0, 0, 0.013234108686447144, 0, 0, 8, 13, 20, 0, 0, 0, 0, 10, 2, 6, 0, 0, 0, 12, 0, 0.5, 0, 0, 0, 0], [0, 0, 0, 0.0028406083583831787, 0, 0, 8, 4, 11, 0, 0, 0, 0, 2, 1, 4, 0, 0, 0, 3, 0, 0.5, 0, 0, 0, 0], [0, 0, 0, 0.018766045570373535, 0, 0, 8, 4, 11, 0, 0, 0, 0, 2, 1, 5, 0, 0, 0, 3, 0, 0.5, 0, 0, 0, 0], [0, 0, 0, 0.004741668701171875, 0, 0, 8, 6, 13, 0, 0, 0, 0, 4, 1, 3, 0, 0, 0, 5, 0, 0.3333333333333333, 0, 0, 0, 0], [0, 0, 0, 0.02375653386116028, 0, 0, 8, 3, 10, 0, 1, 0, 0, 1, 1, 3, 0, 0, 0, 2, 0, 0.5, 0, 0, 0, 0], [0, 0, 0, 0.006109833717346191, 0, 0, 8, 4, 11, 0, 0, 0, 0, 2, 1, 7, 0, 0, 0, 3, 0, 0.5, 0, 0, 0, 0], [0, 0, 0, 0.009103149175643921, 0, 0, 8, 13, 20, 0, 0, 0, 0, 10, 2, 1, 0, 0, 0, 12, 0, 0.041666666666666664, 0, 0, 0, 0], [0, 0, 0, 0.16556042432785034, 0, 0, 8, 3, 10, 0, 1, 0, 0, 1, 1, 4, 0, 0, 0, 2, 0, 0.5, 0, 0, 0, 0], [0, 0, 0, 0.03639543056488037, 0, 0, 8, 7, 14, 0, 0, 0, 0, 5, 1, 2, 0, 0, 0, 6, 0, 0.5, 0, 0, 0, 0], [0, 0, 0, 0.04039609432220459, 0, 0, 8, 8, 15, 0, 0, 0, 0, 6, 1, 3, 0, 0, 0, 7, 0, 0.5, 0, 0, 0, 0], [0, 0, 0, 0.03274986147880554, 0, 0, 8, 4, 11, 0, 0, 0, 0, 2, 1, 4, 0, 0, 0, 3, 0, 0.5, 0, 0, 0, 0], [0, 0, 0, 0.03423810005187988, 0, 0, 8, 3, 10, 0, 0, 0, 0, 1, 1, 4, 0, 0, 0, 2, 0, 0.5, 0, 0, 0, 0], [0, 0, 0, 0.050474971532821655, 0, 0, 8, 13, 20, 0, 0, 0, 0, 11, 1, 1, 0, 0, 0, 12, 0, 0.3333333333333333, 0, 0, 0, 0], [0, 0, 0, 0.015596479177474976, 0, 0, 8, 3, 10, 0, 0, 0, 0, 1, 1, 3, 0, 0, 0, 2, 0, 0.5, 0, 0, 0, 0], [0, 0, 0, 0.013472944498062134, 0, 0, 8, 13, 20, 0, 0, 0, 0, 11, 1, 1, 0, 0, 0, 12, 0, 0.038461538461538464, 0, 0, 0, 0], [0, 0, 0, 0.05042904615402222, 0, 0, 7, 5, 11, 0, 0, 0, 0, 3, 1, 6, 0, 0, 0, 4, 0, 0.5, 0, 0, 0, 0], [0, 0, 0, 0.008123397827148438, 0, 0, 8, 13, 20, 0, 0, 0, 0, 11, 1, 1, 0, 0, 0, 12, 0, 0.041666666666666664, 0, 0, 0, 0], [0, 0, 0, 0.014536798000335693, 0, 0, 8, 13, 20, 0, 0, 0, 0, 11, 1, 1, 0, 0, 0, 12, 0, 0.027777777777777776, 0, 0, 0, 0], [0, 0, 0, 0.14271476864814758, 0, 0, 8, 12, 19, 0, 0, 0, 0, 10, 1, 4, 0, 0, 0, 11, 0, 0.5, 0, 0, 0, 0], [0, 0, 0, 0.018346309661865234, 0, 0, 8, 12, 19, 0, 0, 0, 0, 9, 2, 4, 0, 0, 0, 11, 0, 0.5, 0, 0, 0, 0], [0, 0, 0, 0.006588339805603027, 0, 0, 8, 7, 14, 0, 0, 0, 0, 5, 1, 4, 0, 0, 0, 6, 0, 0.5, 0, 0, 0, 0], [0, 0, 0, 0.027616262435913086, 0, 0, 8, 13, 20, 0, 0, 0, 0, 11, 1, 1, 0, 0, 0, 12, 0, 0.5, 0, 0, 0, 0], [0, 0, 0, 0.009795963764190674, 0, 0, 8, 5, 12, 0, 0, 0, 0, 3, 1, 2, 0, 0, 0, 4, 0, 0.5, 0, 0, 0, 0], [0, 0, 0, 0.054682761430740356, 0, 0, 8, 9, 16, 0, 0, 0, 0, 7, 1, 4, 0, 0, 0, 8, 0, 0.5, 0, 0, 0, 0], [0, 0, 0, 0.1804143488407135, 0, 0, 8, 3, 10, 0, 0, 0, 0, 1, 1, 3, 0, 0, 0, 2, 0, 0.5, 0, 0, 0, 0], [0, 0, 0, 0.036215245723724365, 0, 0, 8, 4, 11, 0, 0, 0, 0, 2, 1, 4, 0, 0, 0, 3, 0, 0.5, 0, 0, 0, 0], [0, 0, 0, 0.003303229808807373, 0, 0, 8, 4, 11, 0, 0, 0, 0, 2, 1, 4, 0, 0, 0, 3, 0, 0.5, 0, 0, 0, 0], [0, 0, 0, 0.0067920684814453125, 0, 0, 8, 3, 10, 0, 0, 0, 0, 1, 1, 7, 0, 0, 0, 2, 0, 0.5, 0, 0, 0, 0], [0, 0, 0, 0.001936197280883789, 0, 0, 8, 13, 20, 0, 0, 0, 0, 11, 1, 1, 0, 0, 0, 12, 0, 0.01282051282051282, 0, 0, 0, 0], [0, 0, 0, 0.01677766442298889, 0, 0, 8, 3, 10, 0, 0, 0, 0, 1, 1, 2, 0, 0, 0, 2, 0, 0.5, 0, 0, 0, 0], [0, 0, 0, 0.011050283908843994, 0, 0, 8, 13, 20, 0, 0, 0, 0, 10, 2, 4, 0, 0, 0, 12, 0, 0.5, 0, 0, 0, 0], [0, 0, 0, 0.005799323320388794, 0, 0, 8, 13, 20, 0, 0, 0, 0, 11, 1, 1, 0, 0, 0, 12, 0, 0.027777777777777776, 0, 0, 0, 0]], "_pair": []}
{
  "overall": "DERIVATION_NO",
  "gates": {
    "G_arc_enc_frozen": true,
    "G_ink_verified": true,
    "G_task_exists": true,
    "G_exact_algebra_matches_tape": true,
    "G_lookup_beats_floor": false,
    "G_lookup_beats_counts_paired": false,
    "G_lookup_beats_retrieval_paired": false,
    "G_phi_orders_negatives": false
  },
  "lookup": {},
  "paired": {
    "model_only_right": 0,
    "rival_only_right": 0,
    "discordant": 0,
    "mcnemar_z": NaN
  },
  "ladder": {
    "n_questions": 0,
    "pairs": 0,
    "concordant": 0,
    "ties_excluded": 0,
    "import_budget_zero_rate": 0.0,
    "import_budget_mean": 0.0,
    "concordance": NaN,
    "z_vs_half": NaN,
    "mean_phi": {
      "true": NaN,
      "near": NaN,
      "middle": NaN,
      "far": NaN
    }
  }
}
