Stage289 derivation start 2026-08-19T07:26:53.672557+00:00 device=cpu holdout=corpus
  corpus data\_wikitext103_train.txt
  lines: train 7324, eval 3139 (the probe reserves ANCHORS, not lines - see `reserved`)
  word rule matches stage194: True  (rule=ascii, fp=hash, ink=mean)
  hash ink deterministic and digest-faithful: True  {'anagram_cos': -0.0135, 'perm_fixed_points': 1}
  tape: 1500 addresses, 1979 slots | questions {"reach": 560, "count": 216} | params 5633
  node vector 9 wide, matches the body
  ladder coverage: 0/0 lookup questions have all three rungs; the rest train on the task term alone
  probe pack: 2752 reserved addresses (9s to build)
  probe tape: 60 lookup questions, never trained on; 0 graphs cached (1 view(s)/question) in 0s
  probe eval: 1.15s x 4 = 0.1 min added to this run
  step 500/4000 train=0.3480 probe=nan
  step 1000/4000 train=0.1787 probe=-0.6052
  step 1500/4000 train=0.4790 probe=-0.6052
  step 2000/4000 train=0.3792 probe=-0.6463
  step 2500/4000 train=0.2117 probe=-0.6463
  step 3000/4000 train=0.2026 probe=-0.6874
  step 3500/4000 train=0.3490 probe=-0.6874
  step 4000/4000 train=0.1963 probe=-0.6962
  early stop: restored step 4000 (probe -0.6962) of 4000
  REACH {"rival_threshold": 2.0, "places": 8, "cands_cap": 8, "no_refuse": true, "lookahead": true, "frame_fp": "fillers", "import": "walk", "home_cos": false, "line_step": false, "confirm": false, "conf_window": 0, "home_cos_stage": "both", "speak_batch": 0, "speak_weight": 1.0, "move_teach": 0.0, "route_on": "walk_only", "calib_batch": 0, "calib_weight": 1.0, "two_way_by": "max", "gamma": 1.0, "equal_tails": false, "deep_root": "mind", "two_way": true, "stage2_always": 0.0, "depth": 2, "compass": "cos", "held_out": {"n": 837, "reachable_rate": 0.43966547192353644, "count_rival_ties": 5.885304659498208, "move_share": {}, "move_hit": {}, "move_teach_live": 0.0, "move_teach_ballot": 0.0, "move_teach_seen": 0, "route_on": "walk_only", "route_on_live": 0.03, "route_on_seen": 4300, "mean_candidates": 7.189964157706093, "question_rank": {"n": 837, "answerable": {"base_rate": 0.43966547192353644, "k": [83, 209, 368], "mind_margin": {"auc": 0.6849796050801891, "prec": [0.9879518072289156, 0.7703349282296651, 0.6114130434782609]}, "mind_score": {"auc": 0.4902139148975619, "prec": [0.3493975903614458, 0.28708133971291866, 0.34782608695652173]}, "count_n_own": {"auc": 0.4052012839529063, "prec": [0.14457831325301204, 0.3062200956937799, 0.391304347826087]}, "count_top_share": {"auc": 0.4980734912394549, "prec": [0.4939759036144578, 0.5645933014354066, 0.5788043478260869]}}, "ceiling": {"base_rate": 0.5424133811230586, "k": [83, 209, 454], "mind_margin": {"auc": 0.6112334801762115, "prec": [0.9879518072289156, 0.8086124401913876, 0.5682819383259912]}, "mind_score": {"auc": 0.3858449983322023, "prec": [0.40963855421686746, 0.32057416267942584, 0.473568281938326]}, "count_n_own": {"auc": 0.35623583809710035, "prec": [0.1927710843373494, 0.3684210526315789, 0.43832599118942733]}, "count_top_share": {"auc": 0.49932425437940675, "prec": [0.5903614457831325, 0.8373205741626795, 0.7026431718061674]}}, "right": {"base_rate": 0.2616487455197133, "k": [83, 209, 219], "mind_margin": {"auc": 0.6852344431144803, "prec": [0.8554216867469879, 0.6172248803827751, 0.6073059360730594]}, "mind_score": {"auc": 0.366102170796944, "prec": [0.27710843373493976, 0.11483253588516747, 0.1095890410958904]}, "count_n_own": {"auc": 0.2875567081911011, "prec": [0.012048192771084338, 0.08133971291866028, 0.0776255707762557]}, "count_top_share": {"auc": 0.5040453074433657, "prec": [0.39759036144578314, 0.7607655502392344, 0.771689497716895]}}}, "margin_by_stage": {"stayed": 2.2106009285538284, "stepped": 18.49966769748264, "line": NaN, "depth2": 33.457794629610504, "n_stayed": 675, "n_stepped": 162, "by_right": {"right": 14.695851981367694, "wrong": 2.0561653881011273}, "stayed_right": 2.2431586109674893, "stayed_wrong": 2.204670982895298, "stepped_right": 25.957418159816577, "stepped_wrong": 0.25198039602726063}, "gate": {"n": 837, "ungated_hit_rate": 0.2616487455197133, "ungated_payoff": -0.4767025089605735, "always_silent": 0.8900836320191159, "fractions": [0.05, 0.1, 0.25, 0.5], "0.05": {"k": 42, "mind": {"precision": 0.9047619047619048, "yield": 38, "payoff": 0.8930704898446834, "gain": 0.0029868578255675127}, "count_n_own": {"precision": 0.0, "yield": 0, "payoff": 0.7918160095579451, "gain": -0.09826762246117082}, "count_top_share": {"precision": 0.21428571428571427, "yield": 9, "payoff": 0.8166069295101553, "gain": -0.07347670250896055}, "random": {"precision": 0.23809523809523808, "yield": 10, "payoff": 0.818100358422939, "gain": -0.07198327359617684}, "composition": {"confirm": 22, "walk_only": 20, "neither": 0, "right_confirm": 22, "right_walk_only": 16}, "vs_count_n_own": {"mind_only": 38, "rival_only": 0, "mcnemar_z": 6.164414002968977}, "vs_count_top_share": {"mind_only": 38, "rival_only": 9, "mcnemar_z": 4.230084753438942}}, "0.10": {"k": 84, "mind": {"precision": 0.8571428571428571, "yield": 72, "payoff": 0.8862007168458781, "gain": -0.0038829151732377998}, "count_n_own": {"precision": 0.011904761904761904, "yield": 1, "payoff": 0.6953405017921147, "gain": -0.19474313022700118}, "count_top_share": {"precision": 0.40476190476190477, "yield": 34, "payoff": 0.7828554360812425, "gain": -0.10722819593787336}, "random": {"precision": 0.25, "yield": 21, "payoff": 0.7505973715651135, "gain": -0.13948626045400236}, "composition": {"confirm": 52, "walk_only": 31, "neither": 1, "right_confirm": 51, "right_walk_only": 21}, "vs_count_n_own": {"mind_only": 72, "rival_only": 1, "mcnemar_z": 8.309921450925271}, "vs_count_top_share": {"mind_only": 58, "rival_only": 20, "mcnemar_z": 4.302652729749464}}, "0.25": {"k": 209, "mind": {"precision": 0.6172248803827751, "yield": 129, "payoff": 0.7470131421744325, "gain": -0.1430704898446834}, "count_n_own": {"precision": 0.08133971291866028, "yield": 17, "payoff": 0.45041816009557945, "gain": -0.43966547192353644}, "count_top_share": {"precision": 0.7607655502392344, "yield": 159, "payoff": 0.8058542413381123, "gain": -0.08422939068100355}, "random": {"precision": 0.24880382775119617, "yield": 52, "payoff": 0.5445041816009558, "gain": -0.3455794504181601}, "composition": {"confirm": 114, "walk_only": 55, "neither": 40, "right_confirm": 108, "right_walk_only": 21}, "vs_count_n_own": {"mind_only": 116, "rival_only": 4, "mcnemar_z": 10.2241544067631}, "vs_count_top_share": {"mind_only": 36, "rival_only": 66, "mcnemar_z": -2.970442628930023}}, "0.50": {"k": 418, "mind": {"precision": 0.3229665071770335, "yield": 135, "payoff": 0.2819593787335723, "gain": -0.6081242532855435}, "count_n_own": {"precision": 0.12200956937799043, "yield": 51, "payoff": 0.06063321385902031, "gain": -0.8294504181600956}, "count_top_share": {"precision": 0.48086124401913877, "yield": 201, "payoff": 0.44145758661887696, "gain": -0.4486260454002389}, "random": {"precision": 0.24401913875598086, "yield": 102, "payoff": 0.1905615292712067, "gain": -0.6995221027479092}, "composition": {"confirm": 137, "walk_only": 108, "neither": 173, "right_confirm": 114, "right_walk_only": 21}, "vs_count_n_own": {"mind_only": 91, "rival_only": 7, "mcnemar_z": 8.48528137423857}, "vs_count_top_share": {"mind_only": 14, "rival_only": 80, "mcnemar_z": -6.807380225308036}}}, "gate_walk_only": {"n": 219, "ungated_hit_rate": 0.1095890410958904, "ungated_payoff": -0.7808219178082192, "always_silent": 0.75, "fractions": [0.05, 0.1, 0.25, 0.5], "0.05": {"k": 11, "mind": {"precision": 1.0, "yield": 11, "payoff": 0.7625570776255708, "gain": 0.01255707762557079}, "count_n_own": {"precision": 0.0, "yield": 0, "payoff": 0.6621004566210046, "gain": -0.08789954337899542}, "count_top_share": {"precision": 0.0, "yield": 0, "payoff": 0.6621004566210046, "gain": -0.08789954337899542}, "random": {"precision": 0.18181818181818182, "yield": 2, "payoff": 0.680365296803653, "gain": -0.06963470319634701}, "composition": {"confirm": 0, "walk_only": 11, "neither": 0, "right_confirm": 0, "right_walk_only": 11}, "vs_count_n_own": {"mind_only": 11, "rival_only": 0, "mcnemar_z": 3.3166247903554}, "vs_count_top_share": {"mind_only": 11, "rival_only": 0, "mcnemar_z": 3.3166247903554}}, "0.10": {"k": 22, "mind": {"precision": 0.8181818181818182, "yield": 18, "payoff": 0.7385844748858448, "gain": -0.011415525114155223}, "count_n_own": {"precision": 0.045454545454545456, "yield": 1, "payoff": 0.5833333333333334, "gain": -0.16666666666666663}, "count_top_share": {"precision": 0.0, "yield": 0, "payoff": 0.5742009132420092, "gain": -0.17579908675799083}, "random": {"precision": 0.13636363636363635, "yield": 3, "payoff": 0.6015981735159818, "gain": -0.14840182648401823}, "composition": {"confirm": 0, "walk_only": 22, "neither": 0, "right_confirm": 0, "right_walk_only": 18}, "vs_count_n_own": {"mind_only": 17, "rival_only": 0, "mcnemar_z": 4.123105625617661}, "vs_count_top_share": {"mind_only": 18, "rival_only": 0, "mcnemar_z": 4.242640687119286}}, "0.25": {"k": 55, "mind": {"precision": 0.38181818181818183, "yield": 21, "payoff": 0.502283105022831, "gain": -0.24771689497716898}, "count_n_own": {"precision": 0.16363636363636364, "yield": 9, "payoff": 0.3926940639269406, "gain": -0.3573059360730594}, "count_top_share": {"precision": 0.0, "yield": 0, "payoff": 0.3105022831050228, "gain": -0.4394977168949772}, "random": {"precision": 0.09090909090909091, "yield": 5, "payoff": 0.3561643835616438, "gain": -0.3938356164383562}, "composition": {"confirm": 0, "walk_only": 55, "neither": 0, "right_confirm": 0, "right_walk_only": 21}, "vs_count_n_own": {"mind_only": 12, "rival_only": 0, "mcnemar_z": 3.464101615137755}, "vs_count_top_share": {"mind_only": 21, "rival_only": 0, "mcnemar_z": 4.58257569495584}}, "0.50": {"k": 110, "mind": {"precision": 0.19090909090909092, "yield": 21, "payoff": 0.06278538812785388, "gain": -0.6872146118721462}, "count_n_own": {"precision": 0.21818181818181817, "yield": 24, "payoff": 0.09018264840182648, "gain": -0.6598173515981736}, "count_top_share": {"precision": 0.15454545454545454, "yield": 17, "payoff": 0.026255707762557076, "gain": -0.723744292237443}, "random": {"precision": 0.10909090909090909, "yield": 12, "payoff": -0.019406392694063926, "gain": -0.769406392694064}, "composition": {"confirm": 0, "walk_only": 110, "neither": 0, "right_confirm": 0, "right_walk_only": 21}, "vs_count_n_own": {"mind_only": 0, "rival_only": 3, "mcnemar_z": -1.7320508075688774}, "vs_count_top_share": {"mind_only": 4, "rival_only": 0, "mcnemar_z": 2.0}}}, "other_mind": null, "reachable_wide": 0.2054958183990442, "reachable_random": 0.02986857825567503, "random_floor": 0.16509074358536716, "payoff_mind": -0.4863799283154122, "payoff_rival": 0.8900836320191159, "always_silent": 0.8900836320191159, "found_rate": 0.39945652173913043, "rival_found_rate": 0.358695652173913, "correct_silence": 0.0, "false_silence": 0.0, "step_rate": 0.1935483870967742, "own_hit_rate": 0.2807646356033453, "own_rival_hit_rate": 0.23536439665471923, "own_paired": {"n": 235, "mind_only": 3, "rival_only": 5, "both": 192, "neither": 35, "mcnemar_z": -0.7071067811865475}, "own_rival_of_own": 0.8382978723404255, "hit_of_own": 0.8297872340425532, "ceiling": 0.5424133811230586, "walk_only_arrive": 0.1187214611872146, "walk_only_pick": {"n": 26, "mind": 24, "rival": 0, "count_rival": 0, "count_rival_rate": 0.0, "vs_count_mind_only": 24, "vs_count_rival_only": 0, "vs_count_z": 4.898979485566357, "hit_rate": 0.9230769230769231, "rival_rate": 0.0, "mind_only": 24, "rival_only": 0, "mcnemar_z": 4.898979485566357}, "walk_only_rate": 0.2616487455197133, "hit_of_walk_only": 0.1095890410958904, "count_rival_of_walk_only": 0.0045662100456621, "count_rival_hit_rate": 0.15412186379928317, "deep_rate": 0.03106332138590203, "deep_only_rate": 0.23894862604540024, "hit_of_deep_only": 0.12, "hit_of_deep": 0.9230769230769231, "hit_of_depth1": 0.6691176470588235, "bisect": null, "rival_of_walk_only": 0.0045662100456621, "walk_only_paired": {"n": 219, "mind_only": 24, "rival_only": 1, "both": 0, "neither": 194, "mcnemar_z": 4.6, "stepped": 26}, "cand_places": 4.6117084826762245, "line_reach_rate": 0.0, "step_line_rate": 0.0, "line_only_rate": 0.0, "line_only_paired": {"n": 0, "mind_only": 0, "rival_only": 0, "mcnemar_z": NaN}, "steps_on_walk_only": 0.16049382716049382, "router": {"n_stepped": 162, "mind_enrichment": 0.6133942161339421, "count_enrichment": 0.23592085235920848, "share_enrichment": 0.30669710806697104, "top_share_when_stepped": 0.9876543209876545, "top_share_when_not": 0.9976543209876543, "n_own_when_stepped": 3.074074074074074, "n_own_when_not": 3.8607407407407406}, "hit_rate": 0.2616487455197133, "rival_hit_rate": 0.15770609318996415, "world_rows_own": 5.022700119474313, "world_rows_candidate": 6.022700119474313, "world_rows_expand": 12.212664277180407, "world_rows_expand_when_stepped": 11.290123456790123, "world_rows_expand_when_not": 12.434074074074074, "step_vs_size_r": -0.09632448384682037, "found_where_rival_missed": 28, "missed_where_rival_found": 13, "paired_payoff": {"mind_better": 147, "rival_better": 618, "discordant": 765, "mcnemar_z": -17.02904093876451, "max_achievable_z": 27.65863337187866, "underpowered": false}}, "train_control": {"n": 1388, "reachable_rate": 0.6786743515850144, "count_rival_ties": 3.4819884726224783, "move_share": {}, "move_hit": {}, "move_teach_live": 0.0, "move_teach_ballot": 0.0, "move_teach_seen": 0, "route_on": "walk_only", "route_on_live": 0.03, "route_on_seen": 4300, "mean_candidates": 7.306916426512968, "question_rank": {"n": 1388, "answerable": {"base_rate": 0.6786743515850144, "k": [138, 347, 942], "mind_margin": {"auc": 0.7712230917901993, "prec": [0.9782608695652174, 0.9596541786743515, 0.7940552016985138]}, "mind_score": {"auc": 0.5646439690383023, "prec": [0.5652173913043478, 0.6138328530259366, 0.7717622080679406]}, "count_n_own": {"auc": 0.4957001609018118, "prec": [0.6956521739130435, 0.6801152737752162, 0.7770700636942676]}, "count_top_share": {"auc": 0.5044843049327354, "prec": [0.8333333333333334, 0.8847262247838616, 0.8471337579617835]}}, "ceiling": {"base_rate": 0.7471181556195965, "k": [138, 347, 1037], "mind_margin": {"auc": 0.784372793533835, "prec": [0.9782608695652174, 0.9913544668587896, 0.8813886210221794]}, "mind_score": {"auc": 0.5896474324632474, "prec": [0.7391304347826086, 0.7319884726224783, 0.7907425265188043]}, "count_n_own": {"auc": 0.5643072417421501, "prec": [0.9492753623188406, 0.8443804034582133, 0.8794599807135969]}, "count_top_share": {"auc": 0.4999793948684981, "prec": [0.8913043478260869, 0.9567723342939481, 0.8813886210221794]}}, "right": {"base_rate": 0.4106628242074928, "k": [138, 347, 570], "mind_margin": {"auc": 0.7635696821515893, "prec": [0.8333333333333334, 0.729106628242075, 0.7105263157894737]}, "mind_score": {"auc": 0.47416891862909105, "prec": [0.15217391304347827, 0.1873198847262248, 0.3456140350877193]}, "count_n_own": {"auc": 0.33601853043366364, "prec": [0.18840579710144928, 0.18155619596541786, 0.24561403508771928]}, "count_top_share": {"auc": 0.5009597649380174, "prec": [0.7246376811594203, 0.8904899135446686, 0.8350877192982457]}}}, "margin_by_stage": {"stayed": 4.4884254024936245, "stepped": 24.15261440622098, "line": NaN, "depth2": 22.294626871744793, "n_stayed": 1001, "n_stepped": 387, "by_right": {"right": 18.478849048781814, "wrong": 4.042825972246948}, "stayed_right": 5.498797401445642, "stayed_wrong": 4.205469561354889, "stepped_right": 26.57751375182062, "stepped_wrong": 0.5098457866244845}, "gate": {"n": 1388, "ungated_hit_rate": 0.4106628242074928, "ungated_payoff": -0.1786743515850144, "always_silent": 0.8303314121037464, "fractions": [0.05, 0.1, 0.25, 0.5], "0.05": {"k": 69, "mind": {"precision": 1.0, "yield": 69, "payoff": 0.8427593659942363, "gain": 0.012427953890489896}, "count_n_own": {"precision": 0.15942028985507245, "yield": 11, "payoff": 0.7557636887608069, "gain": -0.07456772334293948}, "count_top_share": {"precision": 0.4492753623188406, "yield": 31, "payoff": 0.7845821325648416, "gain": -0.04574927953890484}, "random": {"precision": 0.3333333333333333, "yield": 23, "payoff": 0.7717939481268011, "gain": -0.05853746397694526}, "composition": {"confirm": 69, "walk_only": 0, "neither": 0, "right_confirm": 69, "right_walk_only": 0}, "vs_count_n_own": {"mind_only": 69, "rival_only": 11, "mcnemar_z": 6.484597134749389}, "vs_count_top_share": {"mind_only": 64, "rival_only": 26, "mcnemar_z": 4.005551702879947}}, "0.10": {"k": 139, "mind": {"precision": 0.8345323741007195, "yield": 116, "payoff": 0.821685878962536, "gain": -0.008645533141210415}, "count_n_own": {"precision": 0.19424460431654678, "yield": 27, "payoff": 0.6864193083573487, "gain": -0.14391210374639773}, "count_top_share": {"precision": 0.7266187050359713, "yield": 101, "payoff": 0.7964697406340058, "gain": -0.03386167146974062}, "random": {"precision": 0.4244604316546763, "yield": 59, "payoff": 0.7314481268011528, "gain": -0.0988832853025936}, "composition": {"confirm": 111, "walk_only": 25, "neither": 3, "right_confirm": 111, "right_walk_only": 5}, "vs_count_n_own": {"mind_only": 116, "rival_only": 27, "mcnemar_z": 7.442553889063108}, "vs_count_top_share": {"mind_only": 97, "rival_only": 82, "mcnemar_z": 1.1211526391279039}}, "0.25": {"k": 347, "mind": {"precision": 0.729106628242075, "yield": 253, "payoff": 0.7548631123919308, "gain": -0.07546829971181557}, "count_n_own": {"precision": 0.18155619596541786, "yield": 63, "payoff": 0.46361671469740634, "gain": -0.36671469740634005}, "count_top_share": {"precision": 0.8904899135446686, "yield": 309, "payoff": 0.8308717579250721, "gain": 0.0005403458213256718}, "random": {"precision": 0.42363112391930835, "yield": 147, "payoff": 0.5844740634005764, "gain": -0.24585734870317}, "composition": {"confirm": 265, "walk_only": 79, "neither": 3, "right_confirm": 246, "right_walk_only": 7}, "vs_count_n_own": {"mind_only": 240, "rival_only": 50, "mcnemar_z": 11.157184170779365}, "vs_count_top_share": {"mind_only": 106, "rival_only": 162, "mcnemar_z": -3.420744441976546}}, "0.50": {"k": 694, "mind": {"precision": 0.6109510086455331, "yield": 424, "payoff": 0.5498919308357348, "gain": -0.28043948126801155}, "count_n_own": {"precision": 0.3804034582132565, "yield": 264, "payoff": 0.3015129682997118, "gain": -0.5288184438040346}, "count_top_share": {"precision": 0.7348703170028819, "yield": 510, "payoff": 0.6765129682997119, "gain": -0.15381844380403453}, "random": {"precision": 0.4106628242074928, "yield": 285, "payoff": 0.3245677233429395, "gain": -0.5057636887608069}, "composition": {"confirm": 479, "walk_only": 154, "neither": 61, "right_confirm": 414, "right_walk_only": 10}, "vs_count_n_own": {"mind_only": 228, "rival_only": 68, "mcnemar_z": 9.299811099505543}, "vs_count_top_share": {"mind_only": 47, "rival_only": 133, "mcnemar_z": -6.410061535499397}}}, "gate_walk_only": {"n": 355, "ungated_hit_rate": 0.028169014084507043, "ungated_payoff": -0.9436619718309859, "always_silent": 0.75, "fractions": [0.05, 0.1, 0.25, 0.5], "0.05": {"k": 18, "mind": {"precision": 0.2777777777777778, "yield": 5, "payoff": 0.6894366197183098, "gain": -0.06056338028169017}, "count_n_own": {"precision": 0.0, "yield": 0, "payoff": 0.6612676056338028, "gain": -0.08873239436619718}, "count_top_share": {"precision": 0.0, "yield": 0, "payoff": 0.6612676056338028, "gain": -0.08873239436619718}, "random": {"precision": 0.0, "yield": 0, "payoff": 0.6612676056338028, "gain": -0.08873239436619718}, "composition": {"confirm": 0, "walk_only": 18, "neither": 0, "right_confirm": 0, "right_walk_only": 5}, "vs_count_n_own": {"mind_only": 5, "rival_only": 0, "mcnemar_z": 2.23606797749979}, "vs_count_top_share": {"mind_only": 5, "rival_only": 0, "mcnemar_z": 2.23606797749979}}, "0.10": {"k": 36, "mind": {"precision": 0.1388888888888889, "yield": 5, "payoff": 0.6007042253521127, "gain": -0.14929577464788735}, "count_n_own": {"precision": 0.0, "yield": 0, "payoff": 0.5725352112676056, "gain": -0.17746478873239435}, "count_top_share": {"precision": 0.0, "yield": 0, "payoff": 0.5725352112676056, "gain": -0.17746478873239435}, "random": {"precision": 0.0, "yield": 0, "payoff": 0.5725352112676056, "gain": -0.17746478873239435}, "composition": {"confirm": 0, "walk_only": 36, "neither": 0, "right_confirm": 0, "right_walk_only": 5}, "vs_count_n_own": {"mind_only": 5, "rival_only": 0, "mcnemar_z": 2.23606797749979}, "vs_count_top_share": {"mind_only": 5, "rival_only": 0, "mcnemar_z": 2.23606797749979}}, "0.25": {"k": 89, "mind": {"precision": 0.07865168539325842, "yield": 7, "payoff": 0.35070422535211265, "gain": -0.39929577464788735}, "count_n_own": {"precision": 0.02247191011235955, "yield": 2, "payoff": 0.32253521126760565, "gain": -0.42746478873239435}, "count_top_share": {"precision": 0.0, "yield": 0, "payoff": 0.3112676056338028, "gain": -0.4387323943661972}, "random": {"precision": 0.033707865168539325, "yield": 3, "payoff": 0.32816901408450705, "gain": -0.42183098591549295}, "composition": {"confirm": 0, "walk_only": 89, "neither": 0, "right_confirm": 0, "right_walk_only": 7}, "vs_count_n_own": {"mind_only": 5, "rival_only": 0, "mcnemar_z": 2.23606797749979}, "vs_count_top_share": {"mind_only": 7, "rival_only": 0, "mcnemar_z": 2.6457513110645903}}, "0.50": {"k": 178, "mind": {"precision": 0.056179775280898875, "yield": 10, "payoff": -0.07112676056338028, "gain": -0.8211267605633803}, "count_n_own": {"precision": 0.03932584269662921, "yield": 7, "payoff": -0.0880281690140845, "gain": -0.8380281690140845}, "count_top_share": {"precision": 0.011235955056179775, "yield": 2, "payoff": -0.11619718309859155, "gain": -0.8661971830985915}, "random": {"precision": 0.05056179775280899, "yield": 9, "payoff": -0.07676056338028169, "gain": -0.8267605633802817}, "composition": {"confirm": 0, "walk_only": 178, "neither": 0, "right_confirm": 0, "right_walk_only": 10}, "vs_count_n_own": {"mind_only": 3, "rival_only": 0, "mcnemar_z": 1.7320508075688774}, "vs_count_top_share": {"mind_only": 8, "rival_only": 0, "mcnemar_z": 2.82842712474619}}}, "other_mind": null, "reachable_wide": 0.5223342939481268, "reachable_random": 0.06772334293948126, "random_floor": 0.1493284273363522, "payoff_mind": -0.1926152737752181, "payoff_rival": 0.8303314121037464, "always_silent": 0.8303314121037464, "found_rate": 0.559447983014862, "rival_found_rate": 0.5477707006369427, "correct_silence": 0.0, "false_silence": 0.0, "step_rate": 0.2788184438040346, "own_hit_rate": 0.49135446685878964, "own_rival_hit_rate": 0.4027377521613833, "own_paired": {"n": 682, "mind_only": 5, "rival_only": 4, "both": 555, "neither": 118, "mcnemar_z": 0.3333333333333333}, "own_rival_of_own": 0.8196480938416423, "hit_of_own": 0.8211143695014663, "ceiling": 0.7471181556195965, "walk_only_arrive": 0.028169014084507043, "walk_only_pick": {"n": 10, "mind": 10, "rival": 3, "count_rival": 0, "count_rival_rate": 0.0, "vs_count_mind_only": 10, "vs_count_rival_only": 0, "vs_count_z": 3.162277660168379, "hit_rate": 1.0, "rival_rate": 0.3, "mind_only": 7, "rival_only": 0, "mcnemar_z": 2.6457513110645903}, "walk_only_rate": 0.2557636887608069, "hit_of_walk_only": 0.028169014084507043, "count_rival_of_walk_only": 0.014084507042253521, "count_rival_hit_rate": 0.34365994236311237, "deep_rate": 0.008645533141210375, "deep_only_rate": 0.16066282420749278, "hit_of_deep_only": 0.03139013452914798, "hit_of_deep": 0.5833333333333334, "hit_of_depth1": 0.9173333333333333, "bisect": null, "rival_of_walk_only": 0.014084507042253521, "walk_only_paired": {"n": 355, "mind_only": 7, "rival_only": 2, "both": 3, "neither": 343, "mcnemar_z": 1.6666666666666667, "stepped": 10}, "cand_places": 5.008645533141211, "line_reach_rate": 0.0, "step_line_rate": 0.0, "line_only_rate": 0.0, "line_only_paired": {"n": 0, "mind_only": 0, "rival_only": 0, "mcnemar_z": NaN}, "steps_on_walk_only": 0.025839793281653745, "router": {"n_stepped": 387, "mind_enrichment": 0.10102995232376169, "count_enrichment": 0.3637078283655421, "share_enrichment": 0.16164792371801873, "top_share_when_stepped": 1.0, "top_share_when_not": 0.9982517482517482, "n_own_when_stepped": 1.483204134366925, "n_own_when_not": 2.4055944055944054}, "hit_rate": 0.4106628242074928, "rival_hit_rate": 0.37175792507204614, "world_rows_own": 3.7903458213256482, "world_rows_candidate": 4.790345821325649, "world_rows_expand": 11.097262247838616, "world_rows_expand_when_stepped": 10.237726098191214, "world_rows_expand_when_not": 11.429570429570429, "step_vs_size_r": -0.16150180942087297, "found_where_rival_missed": 49, "missed_where_rival_found": 38, "paired_payoff": {"mind_better": 527, "rival_better": 818, "discordant": 1345, "mcnemar_z": -7.934724399821032, "max_achievable_z": 36.6742416417845, "underpowered": false}}}
  HELD {"count": {"n": 264, "model_accuracy": 1.0, "rival_accuracy": 1.0, "random_floor": 0.2000000000000008}, "lookup_paired_vs_rival": {"model_only_right": 0, "rival_only_right": 0, "discordant": 0, "mcnemar_z": NaN}, "lookup_paired_vs_rival_cos": {"n": 0, "model_only_right": 0, "rival_only_right": 0, "discordant": 0, "mcnemar_z": NaN, "max_achievable_z": 0.0, "underpowered": true}, "lookup_paired_vs_rival_cos_by_margin": {"median_margin": NaN, "low_margin": {"n": 0, "model_only_right": 0, "rival_only_right": 0, "discordant": 0, "mcnemar_z": NaN, "max_achievable_z": 0.0, "underpowered": true}, "high_margin": {"n": 0, "model_only_right": 0, "rival_only_right": 0, "discordant": 0, "mcnemar_z": NaN, "max_achievable_z": 0.0, "underpowered": true}}, "ladder": {"n_questions": 0, "pairs": 0, "concordant": 0, "ties_excluded": 0, "import_budget_zero_rate": 0.0, "import_budget_mean": 0.0, "concordance": NaN, "z_vs_half": NaN, "mean_phi": {"true": NaN, "near": NaN, "middle": NaN, "far": NaN}}, "exact_mismatches": 0, "confusion": {"count|1->1": 79, "count|2->2": 120, "count|3->3": 26, "count|4->4": 13, "count|5+->5+": 26}, "_mixed": [], "_reach": [[1, 0, 1, 0.0, 1, 1, 7, 3, 9, 1, 0, 1, 1, 1, 1, 7, 0, 0, 0, 2, 1, 1.0, 0, 0, 1, 0, 0, 0, -35.784080505371094, 14.36920166015625, 12, -1], [1, 0, 1, 0.0, 1, 1, 7, 3, 9, 1, 0, 1, 1, 1, 1, 7, 0, 0, 0, 2, 1, 1.0, 0, 0, 1, 0, 0, 0, -35.784080505371094, 14.36920166015625, 12, -1], [0, 0, 1, 0.0016817152500152588, 0, 0, 8, 4, 11, 0, 0, 1, 1, 2, 1, 3, 0, 0, 0, 3, 0, 1.0, 0, 0, 0, 0, 0, 0, -20.111042022705078, 3.7086639404296875, 2, -1], [0, 0, 1, 0.0016817152500152588, 0, 0, 8, 4, 11, 0, 0, 1, 1, 2, 1, 3, 0, 0, 0, 3, 0, 1.0, 0, 0, 0, 0, 0, 0, -20.111042022705078, 3.7086639404296875, 2, -1], [0, 0, 0, 0.10786718130111694, 0, 0, 6, 4, 9, 0, 0, 0, 0, 1, 2, 4, 0, 0, 0, 3, 0, 1.0, 0, 0, 0, 0, 0, 0, -34.76819610595703, 0.0, 2, -1], [1, 0, 1, 0.0, 1, 0, 8, 4, 11, 1, 0, 1, 1, 2, 1, 3, 0, 0, 0, 3, 1, 1.0, 0, 0, 0, 0, 0, 0, -20.111042022705078, 3.7086639404296875, 4, -1], [1, 0, 1, 0.0, 1, 0, 8, 4, 11, 1, 0, 1, 1, 2, 1, 3, 0, 0, 0, 3, 1, 1.0, 0, 0, 0, 0, 0, 0, -20.111042022705078, 3.7086639404296875, 4, -1], [0, 0, 0, 0.0, 0, 0, 8, 4, 11, 0, 0, 0, 0, 1, 2, 3, 0, 0, 0, 3, 0, 1.0, 0, 0, 0, 0, 0, 0, -34.76819610595703, 0.0, 2, -1], [1, 0, 0, 2.384185791015625e-07, 0, 0, 8, 5, 12, 0, 0, 0, 0, 2, 2, 4, 0, 0, 0, 4, 0, 1.0, 0, 0, 0, 1, 0, 0, -20.23465347290039, 38.65459060668945, 4, -1], [1, 0, 0, 1.1920928955078125e-07, 1, 0, 8, 5, 12, 1, 0, 1, 0, 3, 1, 4, 0, 0, 0, 4, 1, 1.0, 0, 0, 0, 0, 0, 0, -11.91712474822998, 0.8048229217529297, 6, -1], [1, 0, 0, 1.1920928955078125e-07, 1, 0, 8, 5, 12, 1, 0, 1, 0, 3, 1, 4, 0, 0, 0, 4, 1, 1.0, 0, 0, 0, 0, 0, 0, -11.91712474822998, 0.8048229217529297, 6, -1], [1, 0, 0, 1.1920928955078125e-07, 0, 0, 8, 5, 12, 0, 0, 0, 0, 2, 2, 4, 0, 0, 0, 4, 0, 1.0, 0, 0, 0, 1, 0, 0, -23.16963005065918, 35.7196044921875, 4, -1], [1, 0, 1, 0.0, 1, 0, 8, 4, 11, 1, 0, 1, 1, 2, 1, 6, 0, 0, 0, 3, 1, 1.0, 0, 0, 0, 0, 0, 0, -20.111042022705078, 3.7086639404296875, 4, -1], [1, 0, 1, 0.0, 1, 0, 8, 4, 11, 1, 0, 1, 1, 2, 1, 6, 0, 0, 0, 3, 1, 1.0, 0, 0, 0, 0, 0, 0, -20.111042022705078, 3.7086639404296875, 4, -1], [1, 0, 0, 0.2653021812438965, 0, 0, 7, 4, 10, 0, 0, 0, 0, 1, 2, 5, 0, 0, 0, 3, 0, 1.0, 0, 0, 0, 1, 0, 0, -34.76819610595703, 0.0, 5, -1], [0, 0, 0, 0.002164900302886963, 0, 0, 7, 4, 10, 0, 0, 1, 0, 2, 1, 7, 0, 0, 0, 3, 0, 1.0, 0, 0, 0, 0, 0, 0, -20.111042022705078, 3.7086639404296875, 7, -1], [1, 0, 0, 0.039380550384521484, 0, 0, 8, 4, 11, 0, 0, 0, 0, 1, 2, 7, 0, 0, 0, 3, 0, 1.0, 0, 0, 0, 1, 0, 0, -34.76819610595703, 0.0, 10, -1], [0, 0, 1, 0.002164900302886963, 0, 0, 7, 4, 10, 0, 0, 1, 1, 2, 1, 7, 0, 0, 0, 3, 0, 1.0, 0, 0, 0, 0, 0, 0, -20.111042022705078, 3.7086639404296875, 7, -1], [1, 0, 0, 0.06637850403785706, 0, 0, 6, 3, 8, 0, 0, 0, 0, 1, 1, 6, 0, 0, 0, 2, 0, 1.0, 0, 0, 0, 1, 0, 0, -44.802703857421875, 0.0, 12, -1], [1, 0, 0, 0.0, 0, 0, 4, 3, 6, 0, 0, 0, 0, 1, 1, 4, 0, 0, 0, 2, 0, 1.0, 0, 0, 0, 1, 0, 0, -44.802703857421875, 0.0, 6, -1], [1, 0, 0, 0.04643765091896057, 0, 0, 8, 13, 20, 0, 0, 0, 0, 11, 1, 2, 0, 0, 0, 12, 0, 1.0, 0, 0, 0, 1, 0, 0, -6.03877592086792, 0.1347217559814453, 6, -1], [1, 0, 0, 0.0295848548412323, 0, 0, 8, 13, 20, 0, 0, 0, 0, 11, 1, 2, 0, 0, 0, 12, 0, 1.0, 0, 0, 0, 1, 0, 0, -5.589323997497559, 0.13480186462402344, 5, -1], [0, 0, 0, 0.022167891263961792, 0, 0, 8, 13, 20, 0, 0, 0, 0, 11, 1, 2, 0, 0, 0, 12, 0, 1.0, 0, 0, 0, 0, 0, 0, -7.302015781402588, 0.1347212791442871, 5, -1], [0, 0, 0, 0.013831615447998047, 0, 0, 8, 13, 20, 0, 0, 0, 0, 11, 1, 2, 0, 0, 0, 12, 0, 1.0, 0, 0, 0, 0, 0, 0, -4.436939239501953, 0.13472270965576172, 2, -1], [1, 0, 0, 0.0062274932861328125, 0, 0, 8, 13, 20, 0, 0, 0, 0, 11, 1, 2, 0, 0, 0, 12, 0, 1.0, 0, 0, 0, 1, 0, 0, -5.568254470825195, 0.13469552993774414, 4, -1], [0, 0, 0, 0.04585316777229309, 0, 0, 8, 13, 20, 0, 0, 0, 0, 11, 1, 2, 0, 0, 0, 12, 0, 1.0, 0, 0, 0, 0, 0, 0, -6.040811061859131, 0.1347217559814453, 5, -1], [1, 0, 0, 0.03378382325172424, 0, 0, 8, 13, 20, 0, 0, 0, 0, 11, 1, 3, 0, 0, 0, 12, 0, 1.0, 0, 0, 0, 1, 0, 0, -5.113210201263428, 0.4257988929748535, 4, -1], [0, 0, 0, 0.01892915368080139, 0, 0, 8, 13, 20, 0, 0, 0, 0, 11, 1, 2, 0, 0, 0, 12, 0, 1.0, 0, 0, 0, 0, 0, 0, -6.478951454162598, 0.1348285675048828, 5, -1], [0, 0, 0, 0.020191669464111328, 0, 0, 8, 13, 20, 0, 0, 0, 0, 11, 1, 2, 0, 0, 0, 12, 0, 1.0, 0, 0, 0, 0, 0, 0, -5.591806888580322, 0.13480186462402344, 2, -1], [0, 0, 0, 0.008129745721817017, 0, 0, 8, 13, 20, 0, 0, 0, 0, 11, 1, 2, 0, 0, 0, 12, 0, 1.0, 0, 0, 0, 0, 0, 0, -5.424086093902588, 0.1347484588623047, 2, -1], [0, 0, 0, 0.027394592761993408, 0, 0, 8, 13, 20, 0, 0, 0, 0, 11, 1, 2, 0, 0, 0, 12, 0, 1.0, 0, 0, 0, 0, 0, 0, -8.12425422668457, 0.13483047485351562, 5, -1], [0, 0, 0, 0.006259053945541382, 0, 0, 8, 13, 20, 0, 0, 0, 0, 11, 1, 3, 0, 0, 0, 12, 0, 1.0, 0, 0, 0, 0, 0, 0, -5.4430928230285645, 0.13091087341308594, 2, -1], [0, 0, 0, 0.06100425124168396, 0, 0, 8, 13, 20, 0, 0, 0, 0, 11, 1, 3, 0, 0, 0, 12, 0, 1.0, 0, 0, 0, 0, 0, 0, -5.120617866516113, 6.4355058670043945, 6, -1], [0, 0, 0, 0.05002397298812866, 0, 0, 8, 13, 20, 0, 0, 0, 0, 11, 1, 3, 0, 0, 0, 12, 0, 1.0, 0, 0, 0, 0, 0, 0, -6.127253532409668, 0.14466619491577148, 2, -1], [0, 0, 0, 0.03463578224182129, 0, 0, 8, 13, 20, 0, 0, 0, 0, 11, 1, 2, 0, 0, 0, 12, 0, 1.0, 0, 0, 0, 0, 0, 0, -6.425414562225342, 0.13870811462402344, 2, -1], [0, 0, 0, 0.001157909631729126, 0, 0, 8, 13, 20, 0, 0, 0, 0, 11, 1, 3, 0, 0, 0, 12, 0, 1.0, 0, 0, 0, 0, 0, 0, -7.028395175933838, 0.14467334747314453, 5, -1], [0, 0, 0, 0.07074645161628723, 0, 0, 8, 13, 20, 0, 0, 0, 0, 11, 1, 3, 0, 0, 0, 12, 0, 1.0, 0, 0, 0, 0, 0, 0, -5.209417819976807, 5.890777111053467, 4, -1], [0, 0, 0, 0.05123567581176758, 0, 0, 8, 13, 20, 0, 0, 0, 0, 11, 1, 3, 0, 0, 0, 12, 0, 1.0, 0, 0, 0, 0, 0, 0, -4.188830852508545, 0.13466501235961914, 2, -1], [0, 0, 0, 0.020434677600860596, 0, 0, 8, 13, 20, 0, 0, 0, 0, 11, 1, 2, 0, 0, 0, 12, 0, 1.0, 0, 0, 0, 0, 0, 0, -7.481624603271484, 0.5940971374511719, 5, -1], [0, 0, 0, 0.029561221599578857, 0, 0, 8, 13, 20, 0, 0, 0, 0, 11, 1, 2, 0, 0, 0, 12, 0, 1.0, 0, 0, 0, 0, 0, 0, -5.324059009552002, 5.739129543304443, 5, -1], [0, 0, 0, 0.002863854169845581, 0, 0, 8, 13, 20, 0, 0, 0, 0, 11, 1, 2, 0, 0, 0, 12, 0, 1.0, 0, 0, 0, 0, 0, 0, -9.31589126586914, 0.13826465606689453, 2, -1], [0, 0, 0, 0.021435648202896118, 0, 0, 8, 13, 20, 0, 0, 0, 0, 11, 1, 2, 0, 0, 0, 12, 0, 1.0, 0, 0, 0, 0, 0, 0, -2.593672275543213, 6.201304912567139, 5, -1], [0, 0, 0, 0.01985037326812744, 0, 0, 8, 13, 20, 0, 0, 0, 0, 11, 1, 3, 0, 0, 0, 12, 0, 1.0, 0, 0, 0, 0, 0, 0, -7.851922512054443, 0.13823843002319336, 4, -1], [0, 0, 0, 0.028366267681121826, 0, 0, 8, 13, 20, 0, 0, 0, 0, 11, 1, 2, 0, 0, 0, 12, 0, 1.0, 0, 0, 0, 0, 0, 0, -5.854062080383301, 0.14330768585205078, 2, -1], [0, 0, 0, 0.03718799352645874, 0, 0, 8, 13, 20, 0, 0, 0, 0, 11, 1, 3, 0, 0, 0, 12, 0, 1.0, 0, 0, 0, 0, 0, 0, -5.804879665374756, 0.13870000839233398, 4, -1], [0, 0, 0, 0.018899232149124146, 0, 0, 8, 13, 20, 0, 0, 0, 0, 11, 1, 2, 0, 0, 0, 12, 0, 1.0, 0, 0, 0, 0, 0, 0, -8.15134334564209, 0.137237548828125, 5, -1], [0, 0, 0, 0.01955154538154602, 0, 0, 8, 13, 20, 0, 0, 0, 0, 11, 1, 2, 0, 0, 0, 12, 0, 1.0, 0, 0, 0, 0, 0, 0, -7.358668804168701, 0.13472366333007812, 4, -1], [0, 0, 0, 0.011906653642654419, 0, 0, 8, 13, 20, 0, 0, 0, 0, 11, 1, 3, 0, 0, 0, 12, 0, 0.25, 0, 0, 0, 0, 0, 0, -3.9825937747955322, 4.6908674240112305, 3, -1], [0, 0, 0, 0.02964174747467041, 0, 0, 8, 13, 20, 0, 0, 0, 0, 11, 1, 3, 0, 0, 0, 12, 0, 1.0, 0, 0, 0, 0, 0, 0, -6.00356912612915, 0.1347484588623047, 2, -1], [0, 0, 0, 0.021873772144317627, 0, 0, 8, 13, 20, 0, 0, 0, 0, 11, 1, 4, 0, 0, 0, 12, 0, 1.0, 0, 0, 0, 0, 0, 0, -5.971846103668213, 5.172592639923096, 2, -1], [0, 0, 0, 0.010375037789344788, 0, 0, 6, 3, 8, 0, 0, 0, 0, 1, 1, 4, 0, 0, 0, 2, 0, 1.0, 0, 0, 0, 0, 0, 0, -44.802703857421875, 0.0, 11, -1], [1, 0, 0, 0.25765442848205566, 0, 0, 6, 3, 8, 0, 0, 0, 0, 1, 1, 5, 0, 0, 0, 2, 0, 1.0, 0, 0, 0, 1, 0, 0, -44.802703857421875, 0.0, 8, -1], [1, 0, 0, 0.006995081901550293, 0, 0, 8, 3, 10, 0, 0, 0, 0, 1, 1, 5, 0, 0, 0, 2, 0, 1.0, 0, 0, 0, 1, 0, 0, -45.80038070678711, 0.0, 6, -1], [0, 0, 0, 0.0, 0, 0, 8, 3, 10, 0, 0, 0, 0, 1, 1, 5, 0, 0, 0, 2, 0, 1.0, 0, 0, 0, 0, 0, 0, -45.80038070678711, 0.0, 9, -1], [0, 0, 0, 0.24346578121185303, 0, 0, 8, 3, 10, 0, 0, 0, 0, 1, 1, 5, 0, 0, 0, 2, 0, 1.0, 0, 0, 0, 0, 0, 0, -44.802703857421875, 0.0, 8, -1], [0, 0, 0, 0.01072874665260315, 0, 0, 8, 3, 10, 0, 0, 0, 0, 1, 1, 8, 0, 0, 0, 2, 0, 1.0, 0, 0, 0, 0, 0, 0, -44.802703857421875, 0.0, 12, -1], [0, 0, 0, 0.0041557252407073975, 0, 0, 8, 3, 10, 0, 0, 0, 0, 1, 1, 7, 0, 0, 0, 2, 0, 1.0, 0, 0, 0, 0, 0, 0, -44.802703857421875, 0.0, 11, -1], [0, 0, 0, 0.1868862509727478, 0, 0, 8, 3, 10, 0, 0, 0, 0, 1, 1, 2, 0, 0, 0, 2, 0, 1.0, 0, 0, 0, 0, 0, 0, -44.802703857421875, 0.0, 2, -1], [1, 0, 0, 0.0, 0, 0, 5, 3, 7, 0, 0, 0, 0, 1, 1, 5, 0, 0, 0, 2, 0, 1.0, 0, 0, 0, 1, 0, 0, -44.802703857421875, 0.0, 8, -1], [0, 0, 0, 0.6072201132774353, 0, 0, 8, 3, 10, 0, 0, 0, 0, 1, 1, 7, 0, 0, 0, 2, 0, 1.0, 0, 0, 0, 0, 0, 0, -44.802703857421875, 0.0, 10, -1], [1, 0, 1, 0.48112285137176514, 1, 1, 8, 4, 11, 1, 0, 1, 1, 1, 2, 6, 0, 0, 0, 3, 1, 1.0, 0, 0, 1, 0, 0, 0, -30.103971481323242, 59.86676025390625, 10, -1], [1, 0, 1, 0.48112285137176514, 1, 1, 8, 4, 11, 1, 1, 1, 1, 1, 2, 6, 0, 0, 0, 3, 1, 1.0, 0, 0, 1, 0, 0, 0, -30.103971481323242, 59.86676025390625, 10, -1], [1, 0, 1, 0.48112285137176514, 1, 1, 8, 4, 11, 1, 0, 1, 1, 1, 2, 6, 0, 0, 0, 3, 1, 1.0, 0, 0, 1, 0, 0, 0, -30.559444427490234, 59.41128921508789, 10, -1], [1, 0, 1, 0.0, 1, 1, 8, 3, 10, 1, 0, 1, 1, 1, 1, 4, 0, 0, 0, 2, 1, 1.0, 0, 0, 1, 0, 0, 0, -35.784080505371094, 12.080924987792969, 4, -1], [1, 0, 1, 0.0, 1, 1, 8, 3, 10, 1, 0, 1, 1, 1, 1, 4, 0, 0, 0, 2, 1, 1.0, 0, 0, 1, 0, 0, 0, -35.784080505371094, 13.945793151855469, 4, -1], [1, 0, 1, 0.0, 1, 1, 1, 3, 3, 1, 0, 1, 1, 1, 1, 1, 0, 0, 0, 2, 1, 1.0, 0, 0, 1, 0, 0, 0, -35.881900787353516, 35.879825592041016, 4, -1], [1, 0, 1, 0.0, 1, 1, 1, 3, 3, 1, 0, 1, 1, 1, 1, 1, 0, 0, 0, 2, 1, 1.0, 0, 0, 1, 0, 0, 0, -35.881900787353516, 35.879825592041016, 4, -1], [0, 0, 1, 0.10316622257232666, 0, 0, 8, 3, 10, 0, 0, 1, 1, 1, 1, 8, 0, 0, 0, 2, 0, 1.0, 0, 0, 0, 0, 0, 0, -45.309043884277344, 0.0, 9, -1], [0, 0, 1, 0.10316622257232666, 0, 0, 8, 3, 10, 0, 0, 1, 1, 1, 1, 8, 0, 0, 0, 2, 0, 1.0, 0, 0, 0, 0, 0, 0, -45.309043884277344, 0.0, 9, -1], [1, 0, 1, 0.0, 1, 1, 8, 3, 10, 1, 1, 1, 1, 1, 1, 3, 0, 0, 0, 2, 1, 1.0, 0, 0, 1, 0, 0, 0, -35.784080505371094, 12.256919860839844, 2, -1], [1, 0, 1, 0.0, 1, 1, 8, 3, 10, 1, 0, 1, 1, 1, 1, 3, 0, 0, 0, 2, 1, 1.0, 0, 0, 1, 0, 0, 0, -35.784080505371094, 14.20440673828125, 2, -1], [1, 0, 1, 0.0, 1, 1, 8, 3, 10, 1, 0, 1, 1, 1, 1, 4, 0, 0, 0, 2, 1, 1.0, 0, 0, 1, 0, 0, 0, -35.04096603393555, 15.731678009033203, 10, -1], [1, 0, 1, 0.0, 1, 1, 8, 3, 10, 1, 0, 1, 1, 1, 1, 4, 0, 0, 0, 2, 1, 1.0, 0, 0, 1, 0, 0, 0, -35.04096603393555, 15.731678009033203, 10, -1], [1, 0, 1, 0.0, 1, 1, 8, 3, 10, 1, 0, 1, 1, 1, 1, 6, 0, 0, 0, 2, 1, 1.0, 0, 0, 1, 0, 0, 0, -35.27942657470703, 14.753364562988281, 2, -1], [1, 0, 1, 0.0, 1, 1, 8, 3, 10, 1, 0, 1, 1, 1, 1, 6, 0, 0, 0, 2, 1, 1.0, 0, 0, 1, 0, 0, 0, -35.27942657470703, 14.753364562988281, 2, -1], [1, 0, 1, 0.0, 1, 1, 8, 3, 10, 1, 0, 1, 1, 1, 1, 4, 0, 0, 0, 2, 1, 1.0, 0, 0, 1, 0, 0, 0, -35.784080505371094, 14.18416976928711, 8, -1], [1, 0, 1, 0.0, 1, 1, 8, 3, 10, 1, 0, 1, 1, 1, 1, 4, 0, 0, 0, 2, 1, 1.0, 0, 0, 1, 0, 0, 0, -35.784080505371094, 14.18416976928711, 8, -1], [1, 0, 1, 0.0, 1, 1, 8, 3, 10, 1, 0, 1, 1, 1, 1, 4, 0, 0, 0, 2, 1, 1.0, 0, 0, 1, 0, 0, 0, -35.27942657470703, 14.624542236328125, 4, -1], [1, 0, 1, 0.0, 1, 1, 8, 3, 10, 1, 0, 1, 1, 1, 1, 4, 0, 0, 0, 2, 1, 1.0, 0, 0, 1, 0, 0, 0, -35.27942657470703, 14.624542236328125, 4, -1], [0, 0, 1, 0.019647911190986633, 0, 0, 8, 3, 10, 0, 0, 1, 1, 1, 1, 7, 0, 0, 0, 2, 0, 1.0, 0, 0, 0, 0, 0, 0, -45.309043884277344, 0.0, 8, -1], [0, 0, 1, 0.019647911190986633, 0, 0, 8, 3, 10, 0, 0, 1, 1, 1, 1, 7, 0, 0, 0, 2, 0, 1.0, 0, 0, 0, 0, 0, 0, -45.309043884277344, 0.0, 8, -1], [1, 0, 1, 0.0, 1, 1, 7, 4, 10, 1, 0, 1, 1, 1, 2, 3, 0, 0, 0, 3, 1, 1.0, 0, 0, 1, 0, 0, 0, -30.83742332458496, 58.9578857421875, 4, -1], [1, 0, 1, 0.0, 1, 1, 7, 4, 10, 1, 0, 1, 1, 1, 2, 3, 0, 0, 0, 3, 1, 1.0, 0, 0, 1, 0, 0, 0, -30.83742332458496, 58.9578857421875, 4, -1], [1, 0, 1, 0.0, 1, 1, 7, 4, 10, 1, 0, 1, 1, 1, 2, 3, 0, 0, 0, 3, 1, 1.0, 0, 0, 1, 0, 0, 0, -30.83742332458496, 58.9578857421875, 4, -1], [0, 0, 1, 0.0047294944524765015, 0, 0, 8, 3, 10, 0, 0, 1, 1, 1, 1, 6, 0, 0, 0, 2, 0, 1.0, 0, 0, 0, 0, 0, 0, -45.309043884277344, 0.0, 9, -1], [0, 0, 1, 0.0047294944524765015, 0, 0, 8, 3, 10, 0, 0, 1, 1, 1, 1, 6, 0, 0, 0, 2, 0, 1.0, 0, 0, 0, 0, 0, 0, -45.309043884277344, 0.0, 9, -1], [0, 0, 1, 0.00457453727722168, 0, 0, 6, 3, 8, 0, 0, 1, 1, 1, 1, 5, 0, 0, 0, 2, 0, 1.0, 0, 0, 0, 0, 0, 0, -45.309043884277344, 0.0, 6, -1], [0, 0, 1, 0.00457453727722168, 0, 0, 6, 3, 8, 0, 0, 1, 1, 1, 1, 5, 0, 0, 0, 2, 0, 1.0, 0, 0, 0, 0, 0, 0, -45.309043884277344, 0.0, 6, -1], [1, 0, 1, 0.0, 1, 1, 2, 3, 4, 1, 0, 1, 1, 1, 1, 2, 0, 0, 0, 2, 1, 1.0, 0, 0, 1, 0, 0, 0, -35.784080505371094, 14.36920166015625, 2, -1], [1, 0, 1, 0.0, 1, 1, 2, 3, 4, 1, 0, 1, 1, 1, 1, 2, 0, 0, 0, 2, 1, 1.0, 0, 0, 1, 0, 0, 0, -35.784080505371094, 14.36920166015625, 2, -1], [1, 0, 1, 0.0, 1, 1, 8, 3, 10, 1, 1, 1, 1, 1, 1, 6, 0, 0, 0, 2, 1, 1.0, 0, 0, 1, 0, 0, 0, -35.784080505371094, 14.28420639038086, 2, -1], [1, 0, 1, 0.0, 1, 1, 8, 3, 10, 1, 0, 1, 1, 1, 1, 6, 0, 0, 0, 2, 1, 1.0, 0, 0, 1, 0, 0, 0, -35.784080505371094, 14.28420639038086, 2, -1], [1, 0, 1, 0.0, 1, 1, 8, 3, 10, 1, 0, 1, 1, 1, 1, 3, 0, 0, 0, 2, 1, 1.0, 0, 0, 1, 0, 0, 0, -35.881900787353516, 35.52739334106445, 2, -1], [1, 0, 1, 0.0, 1, 1, 8, 3, 10, 1, 0, 1, 1, 1, 1, 3, 0, 0, 0, 2, 1, 1.0, 0, 0, 1, 0, 0, 0, -35.881900787353516, 35.52739334106445, 2, -1], [1, 0, 1, 0.0, 1, 1, 2, 3, 4, 1, 0, 1, 1, 1, 1, 2, 0, 0, 0, 2, 1, 1.0, 0, 0, 1, 0, 0, 0, -35.784080505371094, 14.36920166015625, 2, -1], [1, 0, 1, 0.0, 1, 1, 2, 3, 4, 1, 1, 1, 1, 1, 1, 2, 0, 0, 0, 2, 1, 1.0, 0, 0, 1, 0, 0, 0, -35.784080505371094, 14.36920166015625, 2, -1], [0, 0, 1, 0.0, 0, 0, 7, 3, 9, 0, 0, 1, 1, 1, 1, 2, 0, 0, 0, 2, 0, 1.0, 0, 0, 0, 0, 0, 0, -45.309043884277344, 0.0, 4, -1], [0, 0, 1, 0.0, 0, 0, 7, 3, 9, 0, 0, 1, 1, 1, 1, 2, 0, 0, 0, 2, 0, 1.0, 0, 0, 0, 0, 0, 0, -45.309043884277344, 0.0, 4, -1], [0, 0, 1, 0.0, 0, 0, 1, 3, 3, 0, 0, 1, 1, 1, 1, 1, 0, 0, 0, 2, 0, 1.0, 0, 0, 0, 0, 0, 0, -45.309043884277344, 0.0, 2, -1], [0, 0, 1, 0.0, 0, 0, 1, 3, 3, 0, 0, 1, 1, 1, 1, 1, 0, 0, 0, 2, 0, 1.0, 0, 0, 0, 0, 0, 0, -45.309043884277344, 0.0, 2, -1], [1, 0, 1, 0.0, 1, 0, 3, 4, 6, 1, 0, 1, 1, 1, 2, 3, 0, 0, 0, 3, 1, 1.0, 0, 0, 0, 0, 0, 0, -35.279422760009766, 0.0, 2, -1], [1, 0, 1, 0.0, 1, 0, 3, 4, 6, 1, 0, 1, 1, 1, 2, 3, 0, 0, 0, 3, 1, 1.0, 0, 0, 0, 0, 0, 0, -35.279422760009766, 0.0, 2, -1], [1, 0, 1, 0.0, 1, 0, 3, 4, 6, 1, 0, 1, 1, 1, 2, 3, 0, 0, 0, 3, 1, 1.0, 0, 0, 0, 0, 0, 0, -35.279422760009766, 0.0, 2, -1], [0, 0, 1, 0.04307889938354492, 0, 0, 8, 3, 10, 0, 0, 1, 1, 1, 1, 5, 0, 0, 0, 2, 0, 1.0, 0, 0, 0, 0, 0, 0, -45.309043884277344, 0.0, 6, -1], [0, 0, 1, 0.04307889938354492, 0, 0, 8, 3, 10, 0, 0, 1, 1, 1, 1, 5, 0, 0, 0, 2, 0, 1.0, 0, 0, 0, 0, 0, 0, -45.309043884277344, 0.0, 6, -1], [0, 0, 1, 0.12919259071350098, 0, 0, 8, 3, 10, 0, 0, 1, 1, 1, 1, 6, 0, 0, 0, 2, 0, 1.0, 0, 0, 0, 0, 0, 0, -45.309043884277344, 0.0, 5, -1], [0, 0, 1, 0.12919259071350098, 0, 0, 8, 3, 10, 0, 0, 1, 1, 1, 1, 6, 0, 0, 0, 2, 0, 1.0, 0, 0, 0, 0, 0, 0, -45.309043884277344, 0.0, 5, -1], [1, 0, 1, 0.20486068725585938, 0, 0, 8, 3, 10, 1, 0, 1, 1, 1, 1, 6, 0, 0, 0, 2, 1, 1.0, 0, 0, 0, 0, 0, 0, -45.309043884277344, 0.0, 9, -1], [1, 0, 1, 0.20486068725585938, 0, 0, 8, 3, 10, 1, 0, 1, 1, 1, 1, 6, 0, 0, 0, 2, 1, 1.0, 0, 0, 0, 0, 0, 0, -45.309043884277344, 0.0, 9, -1], [1, 0, 1, 0.0, 1, 1, 8, 3, 10, 1, 1, 1, 1, 1, 1, 4, 0, 0, 0, 2, 1, 1.0, 0, 0, 1, 0, 0, 0, -35.784080505371094, 14.18416976928711, 2, -1], [1, 0, 1, 0.0, 1, 1, 8, 3, 10, 1, 0, 1, 1, 1, 1, 4, 0, 0, 0, 2, 1, 1.0, 0, 0, 1, 0, 0, 0, -35.784080505371094, 14.18416976928711, 2, -1], [0, 0, 1, 0.020953238010406494, 0, 0, 8, 3, 10, 0, 0, 1, 1, 1, 1, 7, 0, 0, 0, 2, 0, 1.0, 0, 0, 0, 0, 0, 0, -45.309043884277344, 0.0, 12, -1], [0, 0, 1, 0.020953238010406494, 0, 0, 8, 3, 10, 0, 0, 1, 1, 1, 1, 7, 0, 0, 0, 2, 0, 1.0, 0, 0, 0, 0, 0, 0, -45.309043884277344, 0.0, 12, -1], [1, 0, 1, 0.0, 1, 0, 8, 4, 11, 1, 0, 1, 1, 1, 2, 6, 0, 0, 0, 3, 1, 1.0, 0, 0, 0, 0, 0, 0, -35.279422760009766, 0.0, 2, -1], [1, 0, 1, 0.0, 1, 0, 8, 4, 11, 1, 0, 1, 1, 1, 2, 6, 0, 0, 0, 3, 1, 1.0, 0, 0, 0, 0, 0, 0, -35.279422760009766, 0.0, 2, -1], [1, 0, 1, 0.0, 1, 0, 8, 4, 11, 1, 1, 1, 1, 1, 2, 6, 0, 0, 0, 3, 1, 1.0, 0, 0, 0, 0, 0, 0, -35.279422760009766, 0.0, 2, -1], [0, 0, 1, 0.0, 0, 0, 8, 3, 10, 0, 0, 1, 1, 1, 1, 5, 0, 0, 0, 2, 0, 1.0, 0, 0, 0, 0, 0, 0, -45.309043884277344, 0.0, 6, -1], [0, 0, 1, 0.0, 0, 0, 8, 3, 10, 0, 0, 1, 1, 1, 1, 5, 0, 0, 0, 2, 0, 1.0, 0, 0, 0, 0, 0, 0, -45.309043884277344, 0.0, 6, -1], [0, 0, 1, 0.21883752942085266, 0, 0, 8, 3, 10, 0, 0, 1, 1, 1, 1, 5, 0, 0, 0, 2, 0, 1.0, 0, 0, 0, 0, 0, 0, -45.309043884277344, 0.0, 3, -1], [0, 0, 1, 0.21883752942085266, 0, 0, 8, 3, 10, 0, 0, 1, 1, 1, 1, 5, 0, 0, 0, 2, 0, 1.0, 0, 0, 0, 0, 0, 0, -45.309043884277344, 0.0, 3, -1], [0, 0, 1, 0.018202215433120728, 0, 0, 8, 3, 10, 0, 0, 1, 1, 1, 1, 8, 0, 0, 0, 2, 0, 1.0, 0, 0, 0, 0, 0, 0, -45.309043884277344, 0.0, 10, -1], [0, 0, 1, 0.018202215433120728, 0, 0, 8, 3, 10, 0, 0, 1, 1, 1, 1, 8, 0, 0, 0, 2, 0, 1.0, 0, 0, 0, 0, 0, 0, -45.309043884277344, 0.0, 10, -1], [1, 0, 1, 0.0, 1, 1, 8, 3, 10, 1, 0, 1, 1, 1, 1, 4, 0, 0, 0, 2, 1, 1.0, 0, 0, 1, 0, 0, 0, -35.784080505371094, 14.134353637695312, 2, -1], [1, 0, 1, 0.0, 1, 1, 8, 3, 10, 1, 0, 1, 1, 1, 1, 4, 0, 0, 0, 2, 1, 1.0, 0, 0, 1, 0, 0, 0, -35.784080505371094, 14.134353637695312, 2, -1], [0, 0, 1, 0.03696754574775696, 0, 0, 7, 3, 9, 0, 0, 1, 1, 1, 1, 6, 0, 0, 0, 2, 0, 1.0, 0, 0, 0, 0, 0, 0, -45.309043884277344, 0.0, 11, -1], [0, 0, 1, 0.03696754574775696, 0, 0, 7, 3, 9, 0, 0, 1, 1, 1, 1, 6, 0, 0, 0, 2, 0, 1.0, 0, 0, 0, 0, 0, 0, -45.309043884277344, 0.0, 11, -1], [1, 0, 1, 0.793475866317749, 1, 1, 8, 3, 10, 1, 0, 1, 1, 1, 1, 8, 0, 0, 0, 2, 1, 1.0, 0, 0, 1, 0, 0, 0, -35.784080505371094, 14.36920166015625, 11, -1], [1, 0, 1, 0.793475866317749, 1, 1, 8, 3, 10, 1, 0, 1, 1, 1, 1, 8, 0, 0, 0, 2, 1, 1.0, 0, 0, 1, 0, 0, 0, -35.784080505371094, 14.36920166015625, 11, -1], [1, 0, 1, 0.0, 1, 1, 8, 3, 10, 1, 0, 1, 1, 1, 1, 4, 0, 0, 0, 2, 1, 1.0, 0, 0, 1, 0, 0, 0, -35.27942657470703, 14.703536987304688, 7, -1], [1, 0, 1, 0.0, 1, 1, 8, 3, 10, 1, 0, 1, 1, 1, 1, 4, 0, 0, 0, 2, 1, 1.0, 0, 0, 1, 0, 0, 0, -35.27942657470703, 14.703536987304688, 7, -1], [0, 0, 1, 0.0745910108089447, 0, 0, 7, 3, 9, 0, 0, 1, 1, 1, 1, 5, 0, 0, 0, 2, 0, 1.0, 0, 0, 0, 0, 0, 0, -45.309043884277344, 0.0, 4, -1], [0, 0, 1, 0.0745910108089447, 0, 0, 7, 3, 9, 0, 0, 1, 1, 1, 1, 5, 0, 0, 0, 2, 0, 1.0, 0, 0, 0, 0, 0, 0, -45.309043884277344, 0.0, 4, -1], [1, 0, 1, 0.0, 1, 1, 4, 3, 6, 1, 0, 1, 1, 1, 1, 4, 0, 0, 0, 2, 1, 1.0, 0, 0, 1, 0, 0, 0, -35.784080505371094, 14.435321807861328, 11, -1], [1, 0, 1, 0.0, 1, 1, 4, 3, 6, 1, 0, 1, 1, 1, 1, 4, 0, 0, 0, 2, 1, 1.0, 0, 0, 1, 0, 0, 0, -35.784080505371094, 14.435321807861328, 11, -1], [0, 0, 1, 0.029833346605300903, 0, 0, 8, 4, 11, 0, 0, 1, 1, 1, 2, 4, 0, 0, 0, 3, 0, 1.0, 0, 0, 0, 0, 0, 0, -35.279422760009766, 0.0, 6, -1], [0, 0, 1, 0.029833346605300903, 0, 0, 8, 4, 11, 0, 0, 1, 1, 1, 2, 4, 0, 0, 0, 3, 0, 1.0, 0, 0, 0, 0, 0, 0, -35.279422760009766, 0.0, 6, -1], [0, 0, 1, 0.029833346605300903, 0, 0, 8, 4, 11, 0, 0, 1, 1, 1, 2, 4, 0, 0, 0, 3, 0, 1.0, 0, 0, 0, 0, 0, 0, -35.279422760009766, 0.0, 6, -1], [1, 0, 1, 0.0, 1, 1, 8, 3, 10, 1, 0, 1, 1, 1, 1, 6, 0, 0, 0, 2, 1, 1.0, 0, 0, 1, 0, 0, 0, -35.784080505371094, 14.248710632324219, 2, -1], [1, 0, 1, 0.0, 1, 1, 8, 3, 10, 1, 0, 1, 1, 1, 1, 6, 0, 0, 0, 2, 1, 1.0, 0, 0, 1, 0, 0, 0, -35.784080505371094, 14.248710632324219, 2, -1], [0, 0, 1, 0.003022998571395874, 0, 0, 4, 3, 6, 0, 0, 1, 1, 1, 1, 4, 0, 0, 0, 2, 0, 1.0, 0, 0, 0, 0, 0, 0, -45.309043884277344, 0.0, 4, -1], [0, 0, 1, 0.003022998571395874, 0, 0, 4, 3, 6, 0, 0, 1, 1, 1, 1, 4, 0, 0, 0, 2, 0, 1.0, 0, 0, 0, 0, 0, 0, -45.309043884277344, 0.0, 4, -1], [1, 0, 1, 0.0, 1, 1, 4, 3, 6, 1, 0, 1, 1, 1, 1, 2, 0, 0, 0, 2, 1, 1.0, 0, 0, 1, 0, 0, 0, -35.784080505371094, 12.63827896118164, 6, -1], [1, 0, 1, 0.0, 1, 1, 4, 3, 6, 1, 0, 1, 1, 1, 1, 2, 0, 0, 0, 2, 1, 1.0, 0, 0, 1, 0, 0, 0, -35.784080505371094, 14.28420639038086, 6, -1], [0, 0, 1, 0.17190870642662048, 0, 0, 8, 3, 10, 0, 0, 1, 1, 1, 1, 8, 0, 0, 0, 2, 0, 1.0, 0, 0, 0, 0, 0, 0, -45.309043884277344, 0.0, 9, -1], [0, 0, 1, 0.17190870642662048, 0, 0, 8, 3, 10, 0, 0, 1, 1, 1, 1, 8, 0, 0, 0, 2, 0, 1.0, 0, 0, 0, 0, 0, 0, -45.309043884277344, 0.0, 9, -1], [0, 0, 1, 0.0002351701259613037, 0, 0, 8, 3, 10, 0, 0, 1, 1, 1, 1, 8, 0, 0, 0, 2, 0, 1.0, 0, 0, 0, 0, 0, 0, -45.309043884277344, 0.0, 9, -1], [0, 0, 1, 0.0002351701259613037, 0, 0, 8, 3, 10, 0, 0, 1, 1, 1, 1, 8, 0, 0, 0, 2, 0, 1.0, 0, 0, 0, 0, 0, 0, -45.309043884277344, 0.0, 9, -1], [1, 0, 1, 0.0, 1, 1, 8, 3, 10, 1, 1, 1, 1, 1, 1, 6, 0, 0, 0, 2, 1, 1.0, 0, 0, 1, 0, 0, 0, -35.784080505371094, 12.38729476928711, 2, -1], [1, 0, 1, 0.0, 1, 1, 8, 3, 10, 1, 1, 1, 1, 1, 1, 6, 0, 0, 0, 2, 1, 1.0, 0, 0, 1, 0, 0, 0, -35.784080505371094, 14.248710632324219, 2, -1], [0, 0, 1, 0.0, 0, 0, 8, 4, 11, 0, 0, 1, 1, 1, 2, 5, 0, 0, 0, 3, 0, 1.0, 0, 0, 0, 0, 0, 0, -35.279422760009766, 0.0, 7, -1], [0, 0, 1, 0.0, 0, 0, 8, 4, 11, 0, 0, 1, 1, 1, 2, 5, 0, 0, 0, 3, 0, 1.0, 0, 0, 0, 0, 0, 0, -35.279422760009766, 0.0, 7, -1], [0, 0, 1, 0.0, 0, 0, 8, 4, 11, 0, 0, 1, 1, 1, 2, 5, 0, 0, 0, 3, 0, 1.0, 0, 0, 0, 0, 0, 0, -35.279422760009766, 0.0, 7, -1], [1, 0, 1, 0.4095062017440796, 1, 1, 7, 3, 9, 1, 0, 1, 1, 1, 1, 7, 0, 0, 0, 2, 1, 1.0, 0, 0, 1, 0, 0, 0, -35.27942657470703, 14.24700927734375, 7, -1], [1, 0, 1, 0.4095062017440796, 1, 1, 7, 3, 9, 1, 0, 1, 1, 1, 1, 7, 0, 0, 0, 2, 1, 1.0, 0, 0, 1, 0, 0, 0, -35.27942657470703, 14.24700927734375, 7, -1], [1, 0, 1, 0.34227681159973145, 1, 1, 8, 3, 10, 1, 0, 1, 1, 1, 1, 6, 0, 0, 0, 2, 1, 1.0, 0, 0, 1, 0, 0, 0, -35.784080505371094, 12.63827896118164, 12, -1], [1, 0, 1, 0.34227681159973145, 1, 1, 8, 3, 10, 1, 0, 1, 1, 1, 1, 6, 0, 0, 0, 2, 1, 1.0, 0, 0, 1, 0, 0, 0, -35.784080505371094, 12.63827896118164, 12, -1], [1, 0, 1, 0.0, 1, 1, 8, 3, 10, 1, 0, 1, 1, 1, 1, 6, 0, 0, 0, 2, 1, 1.0, 0, 0, 1, 0, 0, 0, -35.27942657470703, 14.753364562988281, 2, -1], [1, 0, 1, 0.0, 1, 1, 8, 3, 10, 1, 0, 1, 1, 1, 1, 6, 0, 0, 0, 2, 1, 1.0, 0, 0, 1, 0, 0, 0, -35.27942657470703, 14.753364562988281, 2, -1], [1, 0, 1, 3.5762786865234375e-07, 1, 0, 7, 3, 9, 1, 0, 1, 1, 1, 1, 3, 0, 0, 0, 2, 1, 1.0, 0, 0, 0, 0, 0, 0, -45.309043884277344, 0.0, 2, -1], [1, 0, 1, 3.5762786865234375e-07, 1, 0, 7, 3, 9, 1, 0, 1, 1, 1, 1, 3, 0, 0, 0, 2, 1, 1.0, 0, 0, 0, 0, 0, 0, -45.309043884277344, 0.0, 2, -1], [1, 0, 1, 0.7832043766975403, 1, 1, 8, 4, 11, 1, 0, 1, 1, 1, 2, 4, 0, 0, 0, 3, 1, 1.0, 0, 0, 1, 0, 0, 0, -31.177059173583984, 58.98512649536133, 8, -1], [1, 0, 1, 0.7832043766975403, 1, 1, 8, 4, 11, 1, 0, 1, 1, 1, 2, 4, 0, 0, 0, 3, 1, 1.0, 0, 0, 1, 0, 0, 0, -31.177059173583984, 58.98512649536133, 8, -1], [1, 0, 1, 0.7832043766975403, 1, 1, 8, 4, 11, 1, 0, 1, 1, 1, 2, 4, 0, 0, 0, 3, 1, 1.0, 0, 0, 1, 0, 0, 0, -31.177059173583984, 58.98512649536133, 8, -1], [1, 0, 1, 0.0, 1, 1, 5, 3, 7, 1, 0, 1, 1, 1, 1, 4, 0, 0, 0, 2, 1, 1.0, 0, 0, 1, 0, 0, 0, -35.27942657470703, 14.814117431640625, 8, -1], [1, 0, 1, 0.0, 1, 1, 5, 3, 7, 1, 0, 1, 1, 1, 1, 4, 0, 0, 0, 2, 1, 1.0, 0, 0, 1, 0, 0, 0, -35.27942657470703, 14.814117431640625, 8, -1], [1, 0, 1, 0.0, 1, 1, 8, 3, 10, 1, 0, 1, 1, 1, 1, 4, 0, 0, 0, 2, 1, 1.0, 0, 0, 1, 0, 0, 0, -35.27942657470703, 13.03240966796875, 4, -1], [1, 0, 1, 0.0, 1, 1, 8, 3, 10, 1, 0, 1, 1, 1, 1, 4, 0, 0, 0, 2, 1, 1.0, 0, 0, 1, 0, 0, 0, -35.27942657470703, 14.450447082519531, 4, -1], [1, 0, 1, 0.0, 1, 1, 5, 3, 7, 1, 1, 1, 1, 1, 1, 2, 0, 0, 0, 2, 1, 1.0, 0, 0, 1, 0, 0, 0, -35.27942657470703, 14.703536987304688, 5, -1], [1, 0, 1, 0.0, 1, 1, 5, 3, 7, 1, 0, 1, 1, 1, 1, 2, 0, 0, 0, 2, 1, 1.0, 0, 0, 1, 0, 0, 0, -35.27942657470703, 14.703536987304688, 5, -1], [1, 0, 1, 0.0, 1, 1, 8, 3, 10, 1, 0, 1, 1, 1, 1, 4, 0, 0, 0, 2, 1, 1.0, 0, 0, 1, 0, 0, 0, -35.784080505371094, 14.134353637695312, 2, -1], [1, 0, 1, 0.0, 1, 1, 8, 3, 10, 1, 0, 1, 1, 1, 1, 4, 0, 0, 0, 2, 1, 1.0, 0, 0, 1, 0, 0, 0, -35.784080505371094, 14.134353637695312, 2, -1], [1, 0, 1, 0.0, 1, 1, 2, 3, 4, 1, 0, 1, 1, 1, 1, 2, 0, 0, 0, 2, 1, 1.0, 0, 0, 1, 0, 0, 0, -35.27942657470703, 13.03240966796875, 2, -1], [1, 0, 1, 0.0, 1, 1, 2, 3, 4, 1, 0, 1, 1, 1, 1, 2, 0, 0, 0, 2, 1, 1.0, 0, 0, 1, 0, 0, 0, -35.27942657470703, 28.071609497070312, 2, -1], [1, 0, 1, 0.0, 1, 1, 8, 3, 10, 1, 1, 1, 1, 1, 1, 6, 0, 0, 0, 2, 1, 1.0, 0, 0, 1, 0, 0, 0, -35.27942657470703, 14.753364562988281, 2, -1], [1, 0, 1, 0.0, 1, 1, 8, 3, 10, 1, 1, 1, 1, 1, 1, 6, 0, 0, 0, 2, 1, 1.0, 0, 0, 1, 0, 0, 0, -35.27942657470703, 14.753364562988281, 2, -1], [0, 0, 1, 0.0, 0, 0, 6, 3, 8, 0, 0, 1, 1, 1, 1, 5, 0, 0, 0, 2, 0, 1.0, 0, 0, 0, 0, 0, 0, -45.309043884277344, 0.0, 10, -1], [0, 0, 1, 0.0, 0, 0, 6, 3, 8, 0, 0, 1, 1, 1, 1, 5, 0, 0, 0, 2, 0, 1.0, 0, 0, 0, 0, 0, 0, -45.309043884277344, 0.0, 10, -1], [0, 0, 1, 0.058175116777420044, 0, 0, 5, 3, 7, 0, 0, 1, 1, 1, 1, 5, 0, 0, 0, 2, 0, 1.0, 0, 0, 0, 0, 0, 0, -45.309043884277344, 0.0, 3, -1], [0, 0, 1, 0.058175116777420044, 0, 0, 5, 3, 7, 0, 0, 1, 1, 1, 1, 5, 0, 0, 0, 2, 0, 1.0, 0, 0, 0, 0, 0, 0, -45.309043884277344, 0.0, 3, -1], [1, 0, 1, 0.0, 1, 1, 1, 3, 3, 1, 0, 1, 1, 1, 1, 1, 0, 0, 0, 2, 1, 1.0, 0, 0, 1, 0, 0, 0, -35.784080505371094, 14.435321807861328, 4, -1], [1, 0, 1, 0.0, 1, 1, 1, 3, 3, 1, 0, 1, 1, 1, 1, 1, 0, 0, 0, 2, 1, 1.0, 0, 0, 1, 0, 0, 0, -35.784080505371094, 14.435321807861328, 4, -1], [1, 0, 1, 0.0, 1, 1, 8, 3, 10, 1, 0, 1, 1, 1, 1, 4, 0, 0, 0, 2, 1, 1.0, 0, 0, 1, 0, 0, 0, -35.784080505371094, 14.18416976928711, 2, -1], [1, 0, 1, 0.0, 1, 1, 8, 3, 10, 1, 0, 1, 1, 1, 1, 4, 0, 0, 0, 2, 1, 1.0, 0, 0, 1, 0, 0, 0, -35.784080505371094, 14.18416976928711, 2, -1], [0, 0, 1, 0.13754862546920776, 0, 0, 8, 3, 10, 0, 0, 1, 1, 1, 1, 4, 0, 0, 0, 2, 0, 1.0, 0, 0, 0, 0, 0, 0, -45.309043884277344, 0.0, 8, -1], [0, 0, 1, 0.13754862546920776, 0, 0, 8, 3, 10, 0, 0, 1, 1, 1, 1, 4, 0, 0, 0, 2, 0, 1.0, 0, 0, 0, 0, 0, 0, -45.309043884277344, 0.0, 8, -1], [1, 0, 1, 0.0, 1, 1, 1, 4, 4, 1, 0, 1, 1, 1, 2, 1, 0, 0, 0, 3, 1, 1.0, 0, 0, 1, 0, 0, 0, -31.177059173583984, 59.4858512878418, 4, -1], [1, 0, 1, 0.0, 1, 1, 1, 4, 4, 1, 0, 1, 1, 1, 2, 1, 0, 0, 0, 3, 1, 1.0, 0, 0, 1, 0, 0, 0, -31.177059173583984, 59.4858512878418, 4, -1], [1, 0, 1, 0.0, 1, 1, 1, 4, 4, 1, 0, 1, 1, 1, 2, 1, 0, 0, 0, 3, 1, 1.0, 0, 0, 1, 0, 0, 0, -31.177059173583984, 59.4858512878418, 4, -1], [0, 0, 1, 0.012250423431396484, 0, 0, 8, 3, 10, 0, 0, 1, 1, 1, 1, 8, 0, 0, 0, 2, 0, 1.0, 0, 0, 0, 0, 0, 0, -45.309043884277344, 0.0, 9, -1], [0, 0, 1, 0.012250423431396484, 0, 0, 8, 3, 10, 0, 0, 1, 1, 1, 1, 8, 0, 0, 0, 2, 0, 1.0, 0, 0, 0, 0, 0, 0, -45.309043884277344, 0.0, 9, -1], [1, 0, 1, 0.0, 1, 1, 3, 3, 5, 1, 0, 1, 1, 1, 1, 3, 0, 0, 0, 2, 1, 1.0, 0, 0, 1, 0, 0, 0, -35.784080505371094, 14.36920166015625, 2, -1], [1, 0, 1, 0.0, 1, 1, 3, 3, 5, 1, 0, 1, 1, 1, 1, 3, 0, 0, 0, 2, 1, 1.0, 0, 0, 1, 0, 0, 0, -35.784080505371094, 14.36920166015625, 2, -1], [1, 0, 1, 0.6491272151470184, 1, 1, 8, 3, 10, 1, 0, 1, 1, 1, 1, 5, 0, 0, 0, 2, 1, 1.0, 0, 0, 1, 0, 0, 0, -35.27942657470703, 14.661262512207031, 8, -1], [1, 0, 1, 0.6491272151470184, 1, 1, 8, 3, 10, 1, 0, 1, 1, 1, 1, 5, 0, 0, 0, 2, 1, 1.0, 0, 0, 1, 0, 0, 0, -35.27942657470703, 14.661262512207031, 8, -1], [1, 0, 1, 0.0, 1, 0, 3, 4, 6, 1, 1, 1, 1, 1, 2, 3, 0, 0, 0, 3, 1, 1.0, 0, 0, 0, 0, 0, 0, -35.279422760009766, 0.0, 2, -1], [1, 0, 1, 0.0, 1, 0, 3, 4, 6, 1, 0, 1, 1, 1, 2, 3, 0, 0, 0, 3, 1, 1.0, 0, 0, 0, 0, 0, 0, -35.279422760009766, 0.0, 2, -1], [1, 0, 1, 0.0, 1, 0, 3, 4, 6, 1, 0, 1, 1, 1, 2, 3, 0, 0, 0, 3, 1, 1.0, 0, 0, 0, 0, 0, 0, -35.279422760009766, 0.0, 2, -1], [0, 0, 1, 0.043802738189697266, 0, 0, 8, 3, 10, 0, 0, 1, 1, 1, 1, 6, 0, 0, 0, 2, 0, 1.0, 0, 0, 0, 0, 0, 0, -45.309043884277344, 0.0, 11, -1], [0, 0, 1, 0.043802738189697266, 0, 0, 8, 3, 10, 0, 0, 1, 1, 1, 1, 6, 0, 0, 0, 2, 0, 1.0, 0, 0, 0, 0, 0, 0, -45.309043884277344, 0.0, 11, -1], [1, 0, 1, 0.0, 1, 1, 5, 3, 7, 1, 0, 1, 1, 1, 1, 3, 0, 0, 0, 2, 1, 1.0, 0, 0, 1, 0, 0, 0, -35.881900787353516, 35.770076751708984, 5, -1], [1, 0, 1, 0.0, 1, 1, 5, 3, 7, 1, 0, 1, 1, 1, 1, 3, 0, 0, 0, 2, 1, 1.0, 0, 0, 1, 0, 0, 0, -35.881900787353516, 35.770076751708984, 5, -1], [1, 0, 1, 0.0, 1, 1, 4, 3, 6, 1, 0, 1, 1, 1, 1, 4, 0, 0, 0, 2, 1, 1.0, 0, 0, 1, 0, 0, 0, -35.784080505371094, 14.435321807861328, 11, -1], [1, 0, 1, 0.0, 1, 1, 4, 3, 6, 1, 0, 1, 1, 1, 1, 4, 0, 0, 0, 2, 1, 1.0, 0, 0, 1, 0, 0, 0, -35.784080505371094, 14.435321807861328, 11, -1], [0, 0, 1, 0.07103174924850464, 0, 0, 8, 3, 10, 0, 0, 1, 1, 1, 1, 6, 0, 0, 0, 2, 0, 1.0, 0, 0, 0, 0, 0, 0, -45.309043884277344, 0.0, 8, -1], [0, 0, 1, 0.07103174924850464, 0, 0, 8, 3, 10, 0, 0, 1, 1, 1, 1, 6, 0, 0, 0, 2, 0, 1.0, 0, 0, 0, 0, 0, 0, -45.309043884277344, 0.0, 8, -1], [1, 0, 1, 0.0, 1, 1, 4, 3, 6, 1, 0, 1, 1, 1, 1, 2, 0, 0, 0, 2, 1, 1.0, 0, 0, 1, 0, 0, 0, -35.784080505371094, 14.28420639038086, 6, -1], [1, 0, 1, 0.0, 1, 1, 4, 3, 6, 1, 0, 1, 1, 1, 1, 2, 0, 0, 0, 2, 1, 1.0, 0, 0, 1, 0, 0, 0, -35.784080505371094, 14.28420639038086, 6, -1], [1, 0, 1, 0.0, 1, 1, 8, 3, 10, 1, 0, 1, 1, 1, 1, 6, 0, 0, 0, 2, 1, 1.0, 0, 0, 1, 0, 0, 0, -35.784080505371094, 14.248710632324219, 2, -1], [1, 0, 1, 0.0, 1, 1, 8, 3, 10, 1, 0, 1, 1, 1, 1, 6, 0, 0, 0, 2, 1, 1.0, 0, 0, 1, 0, 0, 0, -35.784080505371094, 14.248710632324219, 2, -1], [0, 0, 1, 0.019371524453163147, 0, 0, 8, 3, 10, 0, 0, 1, 1, 1, 1, 3, 0, 0, 0, 2, 0, 1.0, 0, 0, 0, 0, 0, 0, -45.309043884277344, 0.0, 4, -1], [0, 0, 1, 0.019371524453163147, 0, 0, 8, 3, 10, 0, 0, 1, 1, 1, 1, 3, 0, 0, 0, 2, 0, 1.0, 0, 0, 0, 0, 0, 0, -45.309043884277344, 0.0, 4, -1], [1, 0, 1, 0.0, 1, 1, 1, 4, 4, 1, 0, 1, 1, 1, 2, 1, 0, 0, 0, 3, 1, 1.0, 0, 0, 1, 0, 0, 0, -31.177059173583984, 59.4858512878418, 4, -1], [1, 0, 1, 0.0, 1, 1, 1, 4, 4, 1, 0, 1, 1, 1, 2, 1, 0, 0, 0, 3, 1, 1.0, 0, 0, 1, 0, 0, 0, -31.177059173583984, 59.4858512878418, 4, -1], [1, 0, 1, 0.0, 1, 1, 1, 4, 4, 1, 0, 1, 1, 1, 2, 1, 0, 0, 0, 3, 1, 1.0, 0, 0, 1, 0, 0, 0, -31.177059173583984, 59.4858512878418, 4, -1], [0, 0, 1, 0.06249207258224487, 0, 0, 8, 3, 10, 0, 0, 1, 1, 1, 1, 5, 0, 0, 0, 2, 0, 1.0, 0, 0, 0, 0, 0, 0, -45.309043884277344, 0.0, 5, -1], [0, 0, 1, 0.06249207258224487, 0, 0, 8, 3, 10, 0, 0, 1, 1, 1, 1, 5, 0, 0, 0, 2, 0, 1.0, 0, 0, 0, 0, 0, 0, -45.309043884277344, 0.0, 5, -1], [1, 0, 1, 0.0, 1, 1, 8, 3, 10, 1, 1, 1, 1, 1, 1, 6, 0, 0, 0, 2, 1, 1.0, 0, 0, 1, 0, 0, 0, -35.27942657470703, 14.753364562988281, 2, -1], [1, 0, 1, 0.0, 1, 1, 8, 3, 10, 1, 0, 1, 1, 1, 1, 6, 0, 0, 0, 2, 1, 1.0, 0, 0, 1, 0, 0, 0, -35.27942657470703, 14.753364562988281, 2, -1], [1, 0, 1, 3.5762786865234375e-07, 1, 0, 7, 3, 9, 1, 0, 1, 1, 1, 1, 3, 0, 0, 0, 2, 1, 1.0, 0, 0, 0, 0, 0, 0, -45.309043884277344, 0.0, 2, -1], [1, 0, 1, 3.5762786865234375e-07, 1, 0, 7, 3, 9, 1, 1, 1, 1, 1, 1, 3, 0, 0, 0, 2, 1, 1.0, 0, 0, 0, 0, 0, 0, -45.309043884277344, 0.0, 2, -1], [0, 0, 1, 0.04317975044250488, 0, 0, 8, 3, 10, 0, 0, 1, 1, 1, 1, 7, 0, 0, 0, 2, 0, 1.0, 0, 0, 0, 0, 0, 0, -45.309043884277344, 0.0, 10, -1], [0, 0, 1, 0.04317975044250488, 0, 0, 8, 3, 10, 0, 0, 1, 1, 1, 1, 7, 0, 0, 0, 2, 0, 1.0, 0, 0, 0, 0, 0, 0, -45.309043884277344, 0.0, 10, -1], [0, 0, 1, 0.09881441295146942, 0, 0, 5, 3, 7, 0, 0, 1, 1, 1, 1, 5, 0, 0, 0, 2, 0, 1.0, 0, 0, 0, 0, 0, 0, -45.309043884277344, 0.0, 7, -1], [0, 0, 1, 0.09881441295146942, 0, 0, 5, 3, 7, 0, 0, 1, 1, 1, 1, 5, 0, 0, 0, 2, 0, 1.0, 0, 0, 0, 0, 0, 0, -45.309043884277344, 0.0, 7, -1], [0, 0, 1, 0.00820973515510559, 0, 0, 4, 3, 6, 0, 0, 1, 1, 1, 1, 4, 0, 0, 0, 2, 0, 1.0, 0, 0, 0, 0, 0, 0, -45.309043884277344, 0.0, 7, -1], [0, 0, 1, 0.00820973515510559, 0, 0, 4, 3, 6, 0, 0, 1, 1, 1, 1, 4, 0, 0, 0, 2, 0, 1.0, 0, 0, 0, 0, 0, 0, -45.309043884277344, 0.0, 6, -1], [0, 0, 0, 0.0, 0, 0, 8, 4, 11, 0, 0, 0, 0, 1, 2, 5, 0, 0, 0, 3, 0, 1.0, 0, 0, 0, 0, 0, 0, -34.76819610595703, 0.0, 2, -1], [1, 0, 0, 0.0, 0, 0, 8, 4, 11, 1, 0, 1, 0, 2, 1, 6, 0, 0, 0, 3, 1, 1.0, 0, 0, 0, 0, 0, 0, -20.111042022705078, 3.7086639404296875, 3, -1], [1, 0, 0, 0.0, 0, 0, 8, 4, 11, 1, 0, 1, 0, 2, 1, 6, 0, 0, 0, 3, 1, 1.0, 0, 0, 0, 0, 0, 0, -20.111042022705078, 3.7086639404296875, 3, -1], [0, 0, 0, 0.04719126224517822, 0, 0, 8, 4, 11, 0, 0, 1, 0, 2, 1, 4, 0, 0, 0, 3, 0, 1.0, 0, 0, 0, 0, 0, 0, -20.111042022705078, 3.7086639404296875, 10, -1], [1, 0, 0, 0.0, 0, 0, 8, 4, 11, 0, 0, 0, 0, 1, 2, 4, 0, 0, 0, 3, 0, 1.0, 0, 0, 0, 1, 0, 0, -34.76819610595703, 0.0, 10, -1], [0, 0, 1, 0.04719126224517822, 0, 0, 8, 4, 11, 0, 0, 1, 1, 2, 1, 4, 0, 0, 0, 3, 0, 1.0, 0, 0, 0, 0, 0, 0, -20.111042022705078, 3.7086639404296875, 10, -1], [1, 0, 0, 0.08486944437026978, 0, 0, 8, 4, 11, 1, 0, 1, 0, 2, 1, 4, 0, 0, 0, 3, 0, 1.0, 0, 0, 0, 0, 0, 0, -20.111042022705078, 3.7086639404296875, 4, -1], [1, 0, 0, 0.013696670532226562, 0, 0, 8, 4, 11, 0, 0, 0, 0, 1, 2, 3, 0, 0, 0, 3, 0, 1.0, 0, 0, 0, 1, 0, 0, -34.76819610595703, 0.0, 2, -1], [1, 0, 1, 0.08486944437026978, 0, 0, 8, 4, 11, 1, 0, 1, 1, 2, 1, 4, 0, 0, 0, 3, 0, 1.0, 0, 0, 0, 0, 0, 0, -20.111042022705078, 3.7086639404296875, 4, -1], [0, 0, 1, 0.0, 0, 0, 8, 4, 11, 0, 0, 1, 1, 2, 1, 5, 0, 0, 0, 3, 0, 1.0, 0, 0, 0, 0, 0, 0, -20.111042022705078, 3.7086639404296875, 10, -1], [0, 0, 1, 0.0, 0, 0, 8, 4, 11, 0, 0, 1, 1, 2, 1, 5, 0, 0, 0, 3, 0, 1.0, 0, 0, 0, 0, 0, 0, -20.111042022705078, 3.7086639404296875, 10, -1], [1, 0, 0, 0.0, 0, 0, 4, 4, 7, 0, 0, 0, 0, 1, 2, 4, 0, 0, 0, 3, 0, 1.0, 0, 0, 0, 1, 0, 0, -34.76819610595703, 0.0, 7, -1], [0, 0, 0, 0.017576158046722412, 0, 1, 8, 10, 17, 0, 0, 1, 0, 8, 1, 5, 0, 0, 0, 9, 0, 1.0, 0, 0, 1, 0, 0, 0, -15.64172077178955, 0.0, 4, -1], [1, 0, 0, 0.009677380323410034, 0, 0, 8, 10, 17, 0, 0, 0, 0, 7, 2, 4, 0, 0, 0, 9, 0, 1.0, 0, 0, 0, 1, 0, 0, -26.015472412109375, 11.726699829101562, 7, -1], [0, 0, 0, 0.017576158046722412, 0, 1, 8, 10, 17, 0, 0, 1, 1, 8, 1, 5, 0, 0, 0, 9, 0, 1.0, 0, 0, 1, 0, 0, 0, -15.64172077178955, 0.0, 4, -1], [1, 0, 0, 0.012989431619644165, 0, 0, 8, 10, 17, 0, 0, 0, 0, 7, 2, 6, 0, 0, 0, 9, 0, 1.0, 0, 0, 0, 1, 0, 0, -26.22064781188965, 11.703004837036133, 4, -1], [1, 0, 0, 0.005625128746032715, 0, 0, 8, 10, 17, 0, 0, 0, 0, 7, 2, 5, 0, 0, 0, 9, 0, 1.0, 0, 0, 0, 1, 0, 0, -26.22064781188965, 11.703004837036133, 3, -1], [1, 0, 0, 0.0, 0, 0, 8, 10, 17, 0, 0, 0, 0, 7, 2, 5, 0, 0, 0, 9, 0, 1.0, 0, 0, 0, 1, 0, 0, -26.22064781188965, 11.703004837036133, 4, -1], [1, 0, 0, 0.0, 0, 0, 8, 10, 17, 0, 0, 0, 0, 7, 2, 4, 0, 0, 0, 9, 0, 1.0, 0, 0, 0, 1, 0, 0, -26.22064781188965, 11.703004837036133, 4, -1], [1, 0, 0, 0.0, 0, 0, 8, 10, 17, 0, 0, 0, 0, 7, 2, 5, 0, 0, 0, 9, 0, 1.0, 0, 0, 0, 1, 0, 0, -26.22064781188965, 11.703004837036133, 8, -1], [1, 0, 0, 0.006006717681884766, 0, 0, 8, 10, 17, 0, 0, 0, 0, 7, 2, 6, 0, 0, 0, 9, 0, 1.0, 0, 0, 0, 1, 0, 0, -26.22064781188965, 11.703004837036133, 5, -1], [1, 0, 0, 0.0, 1, 0, 8, 4, 11, 1, 0, 1, 1, 2, 1, 2, 0, 0, 0, 3, 1, 1.0, 0, 0, 0, 0, 0, 0, -30.575326919555664, 8.249185562133789, 2, -1], [1, 0, 0, 0.0, 1, 0, 8, 4, 11, 1, 0, 1, 1, 2, 1, 2, 0, 0, 0, 3, 1, 1.0, 0, 0, 0, 0, 0, 0, -30.575326919555664, 8.249185562133789, 2, -1], [1, 0, 0, 0.0, 0, 0, 8, 4, 11, 0, 0, 0, 0, 1, 2, 2, 0, 0, 0, 3, 0, 1.0, 0, 0, 0, 1, 0, 0, -34.02445602416992, 0.0, 2, -1], [0, 0, 0, 0.015957504510879517, 0, 0, 8, 10, 17, 0, 0, 0, 0, 7, 2, 7, 0, 0, 0, 9, 0, 1.0, 0, 0, 0, 0, 0, 0, -36.649932861328125, 10.640052795410156, 5, -1], [0, 0, 0, 0.0018013417720794678, 0, 0, 8, 10, 17, 0, 0, 0, 0, 7, 2, 7, 0, 0, 0, 9, 0, 1.0, 0, 0, 0, 0, 0, 0, -36.649932861328125, 10.640052795410156, 4, -1], [0, 0, 0, 0.024188250303268433, 0, 0, 8, 10, 17, 0, 0, 0, 0, 7, 2, 7, 0, 0, 0, 9, 0, 1.0, 0, 0, 0, 0, 0, 0, -36.649932861328125, 10.640052795410156, 5, -1], [0, 0, 0, 0.00858306884765625, 0, 0, 8, 10, 17, 0, 0, 0, 0, 7, 2, 8, 0, 0, 0, 9, 0, 1.0, 0, 0, 0, 0, 0, 0, -36.649932861328125, 10.640052795410156, 14, -1], [0, 0, 0, 0.002956002950668335, 0, 0, 8, 10, 17, 0, 0, 0, 0, 7, 2, 7, 0, 0, 0, 9, 0, 1.0, 0, 0, 0, 0, 0, 0, -36.649932861328125, 10.640052795410156, 5, -1], [0, 0, 0, 0.0, 0, 0, 8, 10, 17, 0, 0, 0, 0, 7, 2, 7, 0, 0, 0, 9, 0, 1.0, 0, 0, 0, 0, 0, 0, -36.649932861328125, 10.640052795410156, 3, -1], [0, 0, 1, 0.0, 0, 0, 8, 10, 17, 0, 0, 1, 0, 8, 1, 7, 0, 0, 0, 9, 0, 1.0, 0, 0, 0, 0, 0, 0, -27.079721450805664, 4.613407135009766, 3, -1], [0, 0, 1, 0.0, 0, 0, 8, 10, 17, 0, 0, 1, 0, 8, 1, 7, 0, 0, 0, 9, 0, 1.0, 0, 0, 0, 0, 0, 0, -27.079721450805664, 4.613407135009766, 3, -1], [0, 0, 0, 0.0173855721950531, 0, 0, 8, 10, 17, 0, 0, 0, 0, 7, 2, 7, 0, 0, 0, 9, 0, 1.0, 0, 0, 0, 0, 0, 0, -37.439571380615234, 10.624500274658203, 5, -1], [1, 0, 1, 0.0, 1, 0, 8, 4, 11, 1, 0, 1, 1, 2, 1, 3, 0, 0, 0, 3, 1, 1.0, 0, 0, 0, 0, 0, 0, -37.93503189086914, 3.323944091796875, 3, -1], [1, 0, 0, 0.0, 1, 0, 8, 4, 11, 1, 0, 1, 1, 2, 1, 3, 0, 0, 0, 3, 1, 1.0, 0, 0, 0, 0, 0, 0, -22.719560623168945, 17.135011672973633, 3, -1], [1, 0, 0, 0.0, 0, 0, 7, 4, 10, 0, 0, 0, 0, 1, 2, 6, 0, 0, 0, 3, 0, 1.0, 0, 0, 0, 1, 0, 0, -35.320247650146484, 0.0, 6, -1], [1, 0, 0, 0.0, 1, 0, 3, 5, 7, 1, 0, 1, 0, 3, 1, 2, 0, 0, 0, 4, 1, 1.0, 0, 0, 0, 0, 0, 0, -11.91712474822998, 0.8048229217529297, 2, -1], [1, 0, 0, 0.0, 0, 0, 3, 5, 7, 0, 0, 0, 0, 2, 2, 2, 0, 0, 0, 4, 0, 1.0, 0, 0, 0, 1, 0, 0, -20.23465347290039, 38.65459060668945, 5, -1], [1, 0, 1, 0.0, 1, 0, 3, 5, 7, 1, 0, 1, 1, 3, 1, 2, 0, 0, 0, 4, 1, 1.0, 0, 0, 0, 0, 0, 0, -11.91712474822998, 0.8048229217529297, 2, -1], [1, 0, 0, 0.0, 0, 0, 3, 5, 7, 0, 0, 0, 0, 2, 2, 2, 0, 0, 0, 4, 0, 1.0, 0, 0, 0, 1, 0, 0, -22.02037811279297, 36.868865966796875, 5, -1], [1, 0, 0, 0.0, 0, 0, 8, 13, 20, 0, 0, 0, 0, 8, 4, 4, 0, 0, 0, 12, 0, 1.0, 0, 0, 0, 1, 0, 0, -4.809381484985352, 9.680444717407227, 6, -1], [1, 0, 0, 0.0, 0, 0, 8, 13, 20, 0, 0, 0, 0, 9, 3, 3, 0, 0, 0, 12, 0, 1.0, 0, 0, 0, 1, 0, 0, -1.3588584661483765, 8.457618713378906, 6, -1], [1, 0, 0, 0.0, 0, 0, 8, 13, 20, 0, 0, 0, 0, 9, 2, 3, 0, 0, 0, 12, 0, 1.0, 0, 0, 0, 1, 0, 0, -9.522669792175293, 0.021454811096191406, 5, -1], [1, 0, 0, 0.0, 0, 0, 8, 13, 20, 1, 0, 0, 0, 9, 3, 3, 0, 0, 0, 12, 0, 1.0, 0, 0, 0, 0, 0, 0, -1.2164053916931152, 8.459556579589844, 6, -1], [1, 0, 0, 0.0, 0, 0, 8, 13, 20, 0, 0, 0, 0, 8, 3, 3, 0, 0, 0, 12, 0, 1.0, 0, 0, 0, 1, 0, 0, -13.926324844360352, 1.1759452819824219, 4, -1], [1, 0, 0, 0.0, 0, 0, 8, 13, 20, 0, 1, 0, 0, 8, 3, 3, 0, 0, 0, 12, 0, 1.0, 0, 0, 0, 1, 0, 0, -13.406718254089355, 1.1709585189819336, 5, -1], [1, 0, 0, 0.0, 0, 0, 8, 13, 20, 0, 0, 0, 0, 11, 1, 3, 0, 0, 0, 12, 0, 1.0, 0, 0, 0, 1, 0, 0, 8.203242301940918, 0.13749217987060547, 7, -1], [0, 0, 0, 0.0, 0, 0, 8, 13, 20, 1, 0, 1, 0, 11, 1, 3, 0, 0, 0, 12, 0, 1.0, 0, 0, 0, 0, 0, 0, 8.203242301940918, 0.13749217987060547, 7, -1], [0, 0, 0, 0.0, 0, 0, 8, 13, 20, 1, 0, 1, 0, 10, 2, 3, 0, 0, 0, 12, 0, 1.0, 0, 0, 0, 0, 0, 0, 2.3305552005767822, 7.26262092590332, 5, -1], [1, 0, 0, 0.0, 0, 0, 8, 13, 20, 1, 0, 0, 0, 10, 2, 3, 0, 0, 0, 12, 0, 1.0, 0, 0, 0, 1, 0, 0, 2.4752557277679443, 7.261627197265625, 5, -1], [1, 0, 0, 0.0, 0, 0, 8, 13, 20, 0, 0, 0, 0, 9, 3, 3, 0, 0, 0, 12, 0, 1.0, 0, 0, 0, 1, 0, 0, -1.370151400566101, 8.458663940429688, 6, -1], [1, 0, 0, 0.0, 0, 0, 8, 13, 20, 0, 0, 0, 0, 10, 2, 3, 0, 0, 0, 12, 0, 1.0, 0, 0, 0, 1, 0, 0, 2.480853319168091, 7.261051177978516, 5, -1], [0, 0, 0, 0.0, 0, 0, 8, 13, 20, 1, 0, 1, 0, 11, 1, 3, 0, 0, 0, 12, 0, 1.0, 0, 0, 0, 0, 0, 0, 8.203242301940918, 0.13749217987060547, 7, -1], [0, 0, 0, 0.057201385498046875, 0, 0, 8, 13, 20, 0, 0, 1, 0, 11, 1, 2, 0, 0, 0, 12, 0, 1.0, 0, 0, 0, 0, 0, 0, 8.203242301940918, 0.13749217987060547, 4, -1], [1, 0, 0, 0.0, 0, 0, 8, 13, 20, 0, 0, 0, 0, 8, 4, 3, 0, 0, 0, 12, 0, 1.0, 0, 0, 0, 1, 0, 0, -5.135990619659424, 9.66677474975586, 5, -1], [1, 0, 0, 0.057201385498046875, 0, 0, 8, 13, 20, 0, 0, 0, 0, 9, 3, 2, 0, 0, 0, 12, 0, 1.0, 0, 0, 0, 1, 0, 0, -1.2164053916931152, 8.459556579589844, 7, -1], [1, 0, 0, 0.0, 0, 0, 8, 13, 20, 0, 0, 0, 0, 9, 3, 3, 0, 0, 0, 12, 0, 1.0, 0, 0, 0, 1, 0, 0, -1.0587718486785889, 8.460198402404785, 6, -1], [1, 0, 0, 0.0, 0, 0, 8, 13, 20, 0, 0, 0, 0, 9, 3, 3, 0, 0, 0, 12, 0, 1.0, 0, 0, 0, 1, 0, 0, -1.5203239917755127, 8.460165023803711, 7, -1], [1, 0, 0, 0.0, 0, 0, 3, 6, 8, 0, 0, 0, 0, 2, 3, 2, 0, 0, 0, 5, 0, 1.0, 0, 0, 0, 1, 0, 0, -22.483314514160156, 32.94941711425781, 5, -1], [1, 0, 0, 0.0, 0, 0, 7, 6, 12, 0, 0, 0, 0, 2, 3, 5, 0, 0, 0, 5, 0, 1.0, 0, 0, 0, 1, 0, 0, -22.483314514160156, 32.94941711425781, 5, -1], [1, 0, 1, 0.0, 1, 0, 7, 6, 12, 1, 0, 1, 1, 3, 2, 5, 0, 0, 0, 5, 1, 1.0, 0, 0, 0, 0, 0, 0, -17.207067489624023, 19.271203994750977, 5, -1], [1, 0, 1, 0.0, 1, 0, 7, 6, 12, 1, 0, 1, 1, 3, 2, 5, 0, 0, 0, 5, 1, 1.0, 0, 0, 0, 0, 0, 0, -17.207067489624023, 19.271203994750977, 5, -1], [1, 0, 1, 0.0, 1, 0, 7, 6, 12, 1, 0, 1, 1, 3, 2, 5, 0, 0, 0, 5, 1, 1.0, 0, 0, 0, 0, 0, 0, -17.207067489624023, 19.271203994750977, 5, -1], [1, 0, 0, 0.0, 0, 0, 8, 8, 15, 0, 0, 0, 0, 5, 2, 3, 0, 0, 0, 7, 0, 1.0, 0, 0, 0, 1, 0, 0, -33.287906646728516, 13.770679473876953, 5, -1], [1, 0, 0, 0.0, 0, 0, 8, 8, 15, 0, 0, 0, 0, 5, 2, 3, 0, 0, 0, 7, 0, 1.0, 0, 0, 0, 1, 0, 0, -33.287906646728516, 13.770679473876953, 5, -1], [1, 0, 0, 0.0, 0, 0, 8, 8, 15, 1, 0, 0, 0, 5, 2, 5, 0, 0, 0, 7, 0, 1.0, 0, 0, 0, 0, 0, 0, -33.287906646728516, 13.770679473876953, 7, -1], [1, 0, 0, 0.0, 0, 0, 8, 8, 15, 0, 0, 0, 0, 5, 2, 4, 0, 0, 0, 7, 0, 1.0, 0, 0, 0, 1, 0, 0, -33.287906646728516, 13.770679473876953, 4, -1], [1, 0, 0, 0.0, 0, 1, 8, 8, 15, 1, 0, 1, 0, 6, 1, 4, 0, 0, 0, 7, 0, 1.0, 0, 0, 1, 0, 0, 0, -20.9008731842041, 0.0, 4, -1], [1, 0, 0, 0.0, 0, 1, 8, 8, 15, 1, 0, 1, 0, 6, 1, 4, 0, 0, 0, 7, 0, 1.0, 0, 0, 1, 0, 0, 0, -20.9008731842041, 0.0, 4, -1], [1, 0, 0, 0.0, 0, 0, 8, 8, 15, 0, 0, 0, 0, 5, 2, 3, 0, 0, 0, 7, 0, 1.0, 0, 0, 0, 1, 0, 0, -35.87424087524414, 14.689064025878906, 5, -1], [0, 0, 0, 0.0, 0, 0, 8, 13, 20, 0, 0, 0, 0, 10, 2, 7, 0, 0, 0, 12, 0, 1.0, 0, 0, 0, 0, 0, 0, -10.847225189208984, 7.421720504760742, 2, -1], [0, 0, 0, 0.0, 0, 0, 8, 13, 20, 0, 0, 0, 0, 10, 2, 7, 0, 0, 0, 12, 0, 1.0, 0, 0, 0, 0, 0, 0, -10.847225189208984, 7.421720504760742, 2, -1], [0, 0, 0, 0.0, 0, 0, 8, 13, 20, 0, 0, 0, 0, 10, 2, 7, 0, 0, 0, 12, 0, 1.0, 0, 0, 0, 0, 0, 0, -10.847225189208984, 7.421720504760742, 2, -1], [0, 0, 0, 0.0, 0, 0, 8, 13, 20, 0, 0, 0, 0, 10, 2, 7, 0, 0, 0, 12, 0, 1.0, 0, 0, 0, 0, 0, 0, -10.847225189208984, 7.421720504760742, 2, -1], [1, 0, 0, 0.0, 1, 0, 8, 13, 20, 1, 0, 1, 0, 11, 1, 5, 0, 0, 0, 12, 1, 1.0, 0, 0, 0, 0, 0, 0, -5.366661071777344, 0.13513994216918945, 9, -1], [0, 0, 0, 0.0, 0, 0, 8, 13, 20, 0, 0, 0, 0, 10, 2, 6, 0, 0, 0, 12, 0, 1.0, 0, 0, 0, 0, 0, 0, -10.853084564208984, 7.422529220581055, 2, -1], [0, 0, 0, 0.0, 0, 0, 8, 13, 20, 0, 0, 0, 0, 10, 2, 7, 0, 0, 0, 12, 0, 1.0, 0, 0, 0, 0, 0, 0, -12.813434600830078, 2.3042373657226562, 2, -1], [0, 0, 0, 0.0, 0, 0, 8, 13, 20, 0, 0, 0, 0, 10, 2, 7, 0, 0, 0, 12, 0, 1.0, 0, 0, 0, 0, 0, 0, -12.813434600830078, 2.3042373657226562, 2, -1], [0, 0, 0, 0.0, 0, 0, 8, 13, 20, 0, 1, 0, 0, 10, 2, 5, 0, 0, 0, 12, 0, 1.0, 0, 0, 0, 0, 0, 0, -10.861968994140625, 7.422529220581055, 2, -1], [0, 0, 0, 0.0, 0, 0, 8, 13, 20, 0, 0, 0, 0, 10, 2, 7, 0, 0, 0, 12, 0, 1.0, 0, 0, 0, 0, 0, 0, -10.861968994140625, 7.422529220581055, 2, -1], [1, 0, 0, 0.0, 1, 0, 8, 13, 20, 1, 0, 1, 0, 11, 1, 7, 0, 0, 0, 12, 1, 1.0, 0, 0, 0, 0, 0, 0, -5.375543594360352, 0.13514137268066406, 9, -1], [0, 0, 0, 0.0, 0, 0, 8, 13, 20, 0, 0, 0, 0, 10, 2, 7, 0, 0, 0, 12, 0, 1.0, 0, 0, 0, 0, 0, 0, -11.217726707458496, 7.423155784606934, 2, -1], [1, 0, 0, 0.0, 0, 0, 7, 5, 11, 0, 0, 0, 0, 1, 3, 6, 0, 0, 0, 4, 0, 1.0, 0, 0, 0, 1, 0, 0, -30.327022552490234, 0.0, 6, -1], [1, 0, 1, 0.0, 1, 0, 4, 5, 8, 1, 0, 1, 1, 2, 2, 4, 0, 0, 0, 4, 0, 1.0, 0, 0, 0, 0, 0, 0, -23.531709671020508, 35.68943786621094, 6, -1], [1, 0, 1, 0.0, 1, 0, 4, 5, 8, 1, 0, 1, 1, 2, 2, 4, 0, 0, 0, 4, 0, 1.0, 0, 0, 0, 0, 0, 0, -23.531709671020508, 35.68943786621094, 6, -1], [1, 0, 1, 0.0, 1, 0, 4, 5, 8, 1, 0, 1, 1, 2, 2, 4, 0, 0, 0, 4, 0, 1.0, 0, 0, 0, 0, 0, 0, -23.531709671020508, 35.68943786621094, 6, -1], [1, 0, 1, 0.11906224489212036, 1, 0, 8, 13, 20, 1, 0, 1, 1, 7, 3, 2, 0, 0, 0, 12, 0, 1.0, 0, 0, 0, 0, 0, 0, -19.508384704589844, 0.01622772216796875, 3, -1], [1, 0, 1, 0.11906224489212036, 1, 0, 8, 13, 20, 1, 0, 1, 1, 7, 3, 2, 0, 0, 0, 12, 0, 1.0, 0, 0, 0, 0, 0, 0, -19.508384704589844, 0.01622772216796875, 3, -1], [1, 0, 0, 0.04984492063522339, 0, 0, 8, 13, 20, 0, 0, 0, 0, 6, 4, 3, 0, 0, 0, 12, 0, 1.0, 0, 0, 0, 1, 0, 0, -23.0331974029541, 1.173563003540039, 4, -1], [1, 0, 0, 0.0, 0, 0, 8, 13, 20, 1, 0, 1, 0, 7, 4, 4, 0, 0, 0, 12, 0, 1.0, 0, 0, 0, 0, 0, 0, -18.0704345703125, 2.1603450775146484, 4, -1], [1, 0, 0, 0.02978116273880005, 0, 0, 8, 13, 20, 0, 0, 0, 0, 6, 4, 3, 0, 0, 0, 12, 0, 1.0, 0, 0, 0, 1, 0, 0, -23.038848876953125, 1.1753787994384766, 4, -1], [1, 0, 1, 0.11906224489212036, 1, 0, 8, 13, 20, 1, 0, 1, 1, 7, 3, 2, 0, 0, 0, 12, 0, 1.0, 0, 0, 0, 0, 0, 0, -19.494762420654297, 0.013807296752929688, 3, -1], [1, 0, 0, 0.06471234560012817, 0, 0, 8, 13, 20, 0, 0, 0, 0, 6, 4, 3, 0, 0, 0, 12, 0, 1.0, 0, 0, 0, 1, 0, 0, -23.04436683654785, 1.1758613586425781, 4, -1], [1, 0, 0, 0.031530678272247314, 0, 0, 8, 13, 20, 0, 0, 0, 0, 6, 4, 3, 0, 0, 0, 12, 0, 1.0, 0, 0, 0, 1, 0, 0, -23.04436683654785, 1.1758613586425781, 4, -1], [1, 0, 0, 0.11906224489212036, 1, 0, 8, 13, 20, 1, 0, 1, 1, 7, 3, 2, 0, 0, 0, 12, 0, 1.0, 0, 0, 0, 0, 0, 0, -19.4581241607666, 0.02574920654296875, 3, -1], [1, 0, 0, 0.0, 0, 0, 8, 13, 20, 1, 0, 1, 0, 7, 4, 4, 0, 0, 0, 12, 0, 1.0, 0, 0, 0, 0, 0, 0, -18.17942237854004, 2.0448074340820312, 4, -1], [1, 0, 0, 0.0, 0, 0, 8, 13, 20, 1, 0, 1, 0, 7, 4, 4, 0, 0, 0, 12, 0, 1.0, 0, 0, 0, 0, 0, 0, -18.17942237854004, 2.0448074340820312, 4, -1], [1, 0, 0, 0.0, 0, 0, 8, 13, 20, 1, 0, 0, 0, 6, 4, 4, 0, 0, 0, 12, 0, 1.0, 0, 0, 0, 0, 0, 0, -23.82610511779785, 1.1756095886230469, 4, -1], [0, 0, 0, 0.0, 0, 0, 8, 7, 14, 0, 0, 0, 0, 4, 2, 3, 0, 0, 0, 6, 0, 1.0, 0, 0, 0, 0, 0, 0, -43.157958984375, 15.29117202758789, 2, -1], [1, 0, 0, 0.06763696670532227, 0, 0, 8, 7, 14, 0, 0, 0, 0, 4, 2, 4, 0, 0, 0, 6, 0, 1.0, 0, 0, 0, 1, 0, 0, -43.157958984375, 15.29117202758789, 3, -1], [1, 0, 0, 0.17276924848556519, 0, 1, 8, 7, 14, 1, 0, 1, 0, 5, 1, 4, 0, 0, 0, 6, 0, 1.0, 0, 0, 1, 0, 0, 0, -27.854808807373047, 0.0, 3, -1], [1, 0, 0, 0.17276924848556519, 0, 1, 8, 7, 14, 1, 0, 1, 0, 5, 1, 4, 0, 0, 0, 6, 0, 1.0, 0, 0, 1, 0, 0, 0, -27.854808807373047, 0.0, 3, -1], [1, 0, 0, 0.046132683753967285, 0, 0, 8, 7, 14, 0, 0, 0, 0, 4, 2, 4, 0, 0, 0, 6, 0, 1.0, 0, 0, 0, 1, 0, 0, -43.85622024536133, 15.169811248779297, 3, -1], [1, 0, 0, 0.04890257120132446, 0, 0, 8, 7, 14, 0, 0, 0, 0, 4, 2, 4, 0, 0, 0, 6, 0, 1.0, 0, 0, 0, 1, 0, 0, -43.85622024536133, 15.169811248779297, 3, -1], [1, 0, 0, 0.001390695571899414, 0, 0, 8, 3, 10, 0, 0, 0, 0, 1, 1, 5, 0, 0, 0, 2, 0, 1.0, 0, 0, 0, 1, 0, 0, -44.802703857421875, 0.0, 7, -1], [0, 0, 0, 0.0, 0, 0, 8, 3, 10, 0, 0, 0, 0, 1, 1, 4, 0, 0, 0, 2, 0, 1.0, 0, 0, 0, 0, 0, 0, -44.802703857421875, 0.0, 4, -1], [0, 0, 0, 0.045687973499298096, 0, 0, 8, 4, 11, 0, 0, 0, 0, 2, 1, 5, 0, 0, 0, 3, 0, 1.0, 0, 0, 0, 0, 0, 0, -19.753969192504883, 3.703256607055664, 5, -1], [1, 0, 0, 0.0, 0, 0, 8, 4, 11, 0, 0, 0, 0, 2, 1, 3, 0, 0, 0, 3, 0, 1.0, 0, 0, 0, 1, 0, 0, -19.753969192504883, 3.703256607055664, 2, -1], [1, 0, 0, 0.0, 0, 0, 8, 4, 11, 0, 0, 0, 0, 2, 1, 3, 0, 0, 0, 3, 0, 1.0, 0, 0, 0, 1, 0, 0, -19.753969192504883, 3.703256607055664, 2, -1], [1, 0, 0, 0.015757545828819275, 0, 1, 8, 8, 15, 1, 0, 0, 0, 6, 1, 1, 0, 0, 0, 7, 0, 1.0, 0, 0, 1, 0, 0, 0, -20.738372802734375, 0.0, 3, -1], [0, 0, 0, 0.2243596315383911, 0, 1, 8, 8, 15, 0, 0, 0, 0, 6, 1, 2, 0, 0, 0, 7, 0, 1.0, 0, 0, 1, 0, 0, 0, -20.738372802734375, 0.0, 2, -1], [0, 0, 0, 0.20372331142425537, 0, 1, 8, 8, 15, 0, 0, 0, 0, 6, 1, 2, 0, 0, 0, 7, 0, 1.0, 0, 0, 1, 0, 0, 0, -20.738372802734375, 0.0, 2, -1], [0, 0, 0, 0.22572165727615356, 0, 1, 8, 8, 15, 0, 0, 0, 0, 6, 1, 4, 0, 0, 0, 7, 0, 1.0, 0, 0, 1, 0, 0, 0, -20.738372802734375, 0.0, 4, -1], [0, 0, 0, 0.20131820440292358, 0, 1, 8, 8, 15, 0, 0, 0, 0, 6, 1, 2, 0, 0, 0, 7, 0, 1.0, 0, 0, 1, 0, 0, 0, -20.738372802734375, 0.0, 2, -1], [0, 0, 0, 0.27812114357948303, 0, 1, 8, 8, 15, 0, 0, 0, 0, 6, 1, 2, 0, 0, 0, 7, 0, 1.0, 0, 0, 1, 0, 0, 0, -20.738372802734375, 0.0, 2, -1], [0, 0, 0, 0.19088584184646606, 0, 1, 8, 8, 15, 0, 0, 0, 0, 6, 1, 2, 0, 0, 0, 7, 0, 1.0, 0, 0, 1, 0, 0, 0, -20.738372802734375, 0.0, 2, -1], [0, 0, 0, 8.940696716308594e-08, 0, 0, 1, 3, 3, 0, 0, 0, 0, 1, 1, 1, 0, 0, 0, 2, 0, 1.0, 0, 0, 0, 0, 0, 0, -44.802703857421875, 0.0, 2, -1], [0, 0, 0, 0.2743214964866638, 0, 0, 8, 3, 10, 0, 0, 0, 0, 1, 1, 7, 0, 0, 0, 2, 0, 1.0, 0, 0, 0, 0, 0, 0, -44.802703857421875, 0.0, 12, -1], [0, 0, 0, 0.2812148332595825, 0, 0, 8, 4, 11, 0, 0, 0, 0, 2, 1, 7, 0, 0, 0, 3, 0, 1.0, 0, 0, 0, 0, 0, 0, -19.753969192504883, 3.703256607055664, 6, -1], [0, 0, 0, 0.2599441409111023, 0, 0, 8, 4, 11, 0, 0, 0, 0, 2, 1, 7, 0, 0, 0, 3, 0, 1.0, 0, 0, 0, 0, 0, 0, -19.753969192504883, 3.703256607055664, 12, -1], [0, 0, 0, 0.0021366477012634277, 0, 0, 4, 4, 7, 0, 0, 0, 0, 2, 1, 4, 0, 0, 0, 3, 0, 1.0, 0, 0, 0, 0, 0, 0, -19.753969192504883, 3.703256607055664, 9, -1], [0, 0, 0, 0.06446656584739685, 0, 0, 8, 3, 10, 0, 0, 0, 0, 1, 1, 5, 0, 0, 0, 2, 0, 1.0, 0, 0, 0, 0, 0, 0, -44.802703857421875, 0.0, 3, -1], [1, 0, 0, 0.23390692472457886, 0, 0, 5, 3, 7, 0, 0, 0, 0, 1, 1, 5, 0, 0, 0, 2, 0, 1.0, 0, 0, 0, 1, 0, 0, -44.802703857421875, 0.0, 6, -1], [1, 0, 0, 0.0, 0, 0, 8, 5, 12, 0, 0, 0, 0, 3, 1, 5, 0, 0, 0, 4, 0, 1.0, 0, 0, 0, 0, 0, 0, -11.637104988098145, 0.8038110733032227, 2, -1], [0, 0, 0, 0.21461188793182373, 0, 0, 8, 5, 12, 0, 0, 0, 0, 3, 1, 2, 0, 0, 0, 4, 0, 1.0, 0, 0, 0, 0, 0, 0, -11.637104988098145, 0.8038110733032227, 4, -1], [0, 0, 0, 0.21531438827514648, 0, 0, 8, 5, 12, 0, 0, 0, 0, 3, 1, 2, 0, 0, 0, 4, 0, 1.0, 0, 0, 0, 0, 0, 0, -11.637104988098145, 0.8038110733032227, 5, -1], [1, 0, 0, 0.0, 0, 0, 8, 5, 12, 0, 0, 0, 0, 3, 1, 3, 0, 0, 0, 4, 0, 1.0, 0, 0, 0, 0, 0, 0, -11.637104988098145, 0.8038110733032227, 3, -1], [1, 0, 0, 0.2956560552120209, 0, 0, 8, 3, 10, 0, 0, 0, 0, 1, 1, 4, 0, 0, 0, 2, 0, 1.0, 0, 0, 0, 1, 0, 0, -44.802703857421875, 0.0, 5, -1], [0, 0, 0, 0.0, 0, 0, 1, 3, 3, 0, 0, 0, 0, 1, 1, 1, 0, 0, 0, 2, 0, 1.0, 0, 0, 0, 0, 0, 0, -44.802703857421875, 0.0, 2, -1], [1, 0, 0, 0.0, 0, 0, 4, 3, 6, 0, 0, 0, 0, 1, 1, 4, 0, 0, 0, 2, 0, 1.0, 0, 0, 0, 1, 0, 0, -44.802703857421875, 0.0, 9, -1], [0, 0, 0, 0.0, 0, 0, 8, 3, 10, 0, 0, 0, 0, 1, 1, 4, 0, 0, 0, 2, 0, 1.0, 0, 0, 0, 0, 0, 0, -44.802703857421875, 0.0, 6, -1], [0, 0, 0, 0.0, 0, 0, 8, 3, 10, 0, 0, 0, 0, 1, 1, 4, 0, 0, 0, 2, 0, 1.0, 0, 0, 0, 0, 0, 0, -44.802703857421875, 0.0, 6, -1], [1, 0, 0, 0.0, 0, 0, 4, 3, 6, 0, 0, 0, 0, 1, 1, 4, 0, 0, 0, 2, 0, 1.0, 0, 0, 0, 1, 0, 0, -44.802703857421875, 0.0, 10, -1], [1, 0, 0, 0.01858806610107422, 0, 0, 3, 3, 5, 0, 0, 0, 0, 1, 1, 3, 0, 0, 0, 2, 0, 1.0, 0, 0, 0, 1, 0, 0, -44.802703857421875, 0.0, 8, -1], [1, 0, 0, 0.40037304162979126, 0, 0, 8, 3, 10, 0, 0, 0, 0, 1, 1, 6, 0, 0, 0, 2, 0, 1.0, 0, 0, 0, 1, 0, 0, -44.802703857421875, 0.0, 10, -1], [0, 0, 0, 0.29974985122680664, 0, 0, 8, 4, 11, 0, 0, 0, 0, 2, 1, 6, 0, 0, 0, 3, 0, 1.0, 0, 0, 0, 0, 0, 0, -19.753969192504883, 3.703256607055664, 9, -1], [0, 0, 0, 0.10323426127433777, 0, 0, 6, 4, 9, 0, 0, 0, 0, 2, 1, 5, 0, 0, 0, 3, 0, 1.0, 0, 0, 0, 0, 0, 0, -19.753969192504883, 3.703256607055664, 6, -1], [0, 0, 0, 0.4988144040107727, 0, 0, 8, 4, 11, 0, 0, 0, 0, 2, 1, 4, 0, 0, 0, 3, 0, 1.0, 0, 0, 0, 0, 0, 0, -19.753969192504883, 3.703256607055664, 7, -1], [1, 0, 0, 0.0, 0, 0, 8, 5, 12, 0, 0, 0, 0, 3, 1, 3, 0, 0, 0, 4, 0, 1.0, 0, 0, 0, 1, 0, 0, -11.637104988098145, 0.8038110733032227, 2, -1], [1, 0, 0, 0.0, 0, 0, 8, 5, 12, 0, 0, 0, 0, 3, 1, 3, 0, 0, 0, 4, 0, 1.0, 0, 0, 0, 1, 0, 0, -11.637104988098145, 0.8038110733032227, 2, -1], [1, 0, 0, 0.0, 0, 0, 8, 5, 12, 0, 0, 0, 0, 3, 1, 3, 0, 0, 0, 4, 0, 1.0, 0, 0, 0, 1, 0, 0, -11.637104988098145, 0.8038110733032227, 2, -1], [0, 0, 0, 0.0, 0, 0, 8, 5, 12, 0, 0, 0, 0, 3, 1, 4, 0, 0, 0, 4, 0, 1.0, 0, 0, 0, 0, 0, 0, -11.637104988098145, 0.8038110733032227, 3, -1], [0, 0, 0, 0.0, 0, 0, 8, 3, 10, 0, 0, 0, 0, 1, 1, 5, 0, 0, 0, 2, 0, 1.0, 0, 0, 0, 0, 0, 0, -44.802703857421875, 0.0, 6, -1], [1, 0, 0, 0.0, 0, 0, 7, 3, 9, 0, 0, 0, 0, 1, 1, 7, 0, 0, 0, 2, 0, 1.0, 0, 0, 0, 1, 0, 0, -44.802703857421875, 0.0, 12, -1], [1, 0, 0, 0.019377410411834717, 0, 0, 4, 3, 6, 0, 0, 0, 0, 1, 1, 4, 0, 0, 0, 2, 0, 1.0, 0, 0, 0, 1, 0, 0, -44.802703857421875, 0.0, 6, -1], [1, 0, 0, 0.25149795413017273, 0, 0, 4, 3, 6, 0, 0, 0, 0, 1, 1, 4, 0, 0, 0, 2, 0, 1.0, 0, 0, 0, 1, 0, 0, -44.802703857421875, 0.0, 7, -1], [1, 0, 0, 0.07757765054702759, 0, 0, 7, 3, 9, 0, 0, 0, 0, 1, 1, 6, 0, 0, 0, 2, 0, 1.0, 0, 0, 0, 1, 0, 0, -44.802703857421875, 0.0, 9, -1], [0, 0, 0, 0.007130622863769531, 0, 0, 8, 3, 10, 0, 0, 0, 0, 1, 1, 4, 0, 0, 0, 2, 0, 1.0, 0, 0, 0, 0, 0, 0, -44.802703857421875, 0.0, 7, -1], [0, 0, 0, 0.002079397439956665, 0, 0, 7, 3, 9, 0, 0, 0, 0, 1, 1, 7, 0, 0, 0, 2, 0, 1.0, 0, 0, 0, 0, 0, 0, -44.802703857421875, 0.0, 13, -1], [1, 0, 0, 0.00220566987991333, 0, 0, 8, 3, 10, 0, 0, 0, 0, 1, 1, 7, 0, 0, 0, 2, 0, 1.0, 0, 0, 0, 1, 0, 0, -44.802703857421875, 0.0, 9, -1], [0, 0, 0, 0.09420004487037659, 0, 0, 8, 5, 12, 0, 0, 0, 0, 3, 1, 7, 0, 0, 0, 4, 0, 1.0, 0, 0, 0, 0, 0, 0, -15.063055038452148, 13.012065887451172, 13, -1], [1, 0, 0, 0.0, 0, 0, 8, 5, 12, 0, 0, 0, 0, 3, 1, 7, 0, 0, 0, 4, 0, 1.0, 0, 0, 0, 1, 0, 0, -15.063055038452148, 13.012065887451172, 9, -1], [0, 0, 0, 0.0, 0, 0, 6, 5, 10, 0, 0, 0, 0, 3, 1, 5, 0, 0, 0, 4, 0, 1.0, 0, 0, 0, 0, 0, 0, -26.35325050354004, 0.6324462890625, 6, -1], [0, 0, 0, 0.0, 0, 0, 8, 5, 12, 0, 0, 0, 0, 3, 1, 6, 0, 0, 0, 4, 0, 1.0, 0, 0, 0, 0, 0, 0, -26.35325050354004, 0.6324462890625, 12, -1], [1, 0, 1, 0.039961814880371094, 0, 1, 8, 11, 18, 0, 0, 0, 0, 9, 1, 4, 0, 0, 0, 10, 0, 1.0, 0, 0, 2, 1, 0, 0, 12.289383888244629, 35.64438247680664, 6, -1], [1, 0, 1, 0.030433297157287598, 0, 1, 8, 11, 18, 0, 0, 0, 0, 9, 1, 5, 0, 0, 0, 10, 0, 1.0, 0, 0, 2, 1, 0, 0, 12.289383888244629, 35.64438247680664, 6, -1], [1, 0, 1, 0.028272688388824463, 0, 1, 8, 11, 18, 0, 0, 0, 0, 9, 1, 5, 0, 0, 0, 10, 0, 1.0, 0, 0, 2, 1, 0, 0, 12.289383888244629, 35.64438247680664, 6, -1], [1, 0, 1, 0.023383140563964844, 0, 1, 8, 11, 18, 0, 0, 0, 0, 9, 1, 4, 0, 0, 0, 10, 0, 1.0, 0, 0, 2, 1, 0, 0, 12.289383888244629, 35.64438247680664, 6, -1], [1, 0, 0, 0.03480267524719238, 0, 1, 8, 11, 18, 1, 0, 0, 0, 9, 1, 3, 0, 0, 0, 10, 0, 1.0, 0, 0, 1, 0, 0, 0, -23.321449279785156, 0.0, 5, -1], [1, 0, 1, 0.0378059446811676, 0, 1, 8, 11, 18, 0, 0, 0, 0, 9, 1, 4, 0, 0, 0, 10, 0, 1.0, 0, 0, 2, 1, 0, 0, 12.289383888244629, 35.64438247680664, 6, -1], [1, 0, 1, 0.03238940238952637, 0, 1, 8, 11, 18, 0, 0, 0, 0, 9, 1, 5, 0, 0, 0, 10, 0, 1.0, 0, 0, 2, 1, 0, 0, 12.289383888244629, 35.64438247680664, 7, -1], [1, 0, 1, 0.032401084899902344, 0, 1, 8, 11, 18, 0, 0, 0, 0, 9, 1, 4, 0, 0, 0, 10, 0, 1.0, 0, 0, 2, 1, 0, 0, 12.289383888244629, 35.64438247680664, 6, -1], [1, 0, 1, 0.05604737997055054, 0, 1, 8, 11, 18, 0, 0, 0, 0, 9, 1, 4, 0, 0, 0, 10, 0, 1.0, 0, 0, 2, 1, 0, 0, 12.289383888244629, 35.64438247680664, 6, -1], [1, 0, 1, 0.027565330266952515, 0, 1, 8, 11, 18, 0, 0, 0, 0, 9, 1, 1, 0, 0, 0, 10, 0, 1.0, 0, 0, 2, 1, 0, 0, 12.289383888244629, 35.64438247680664, 4, -1], [0, 0, 0, 0.1741342544555664, 0, 0, 8, 3, 10, 0, 0, 0, 0, 1, 1, 6, 0, 0, 0, 2, 0, 1.0, 0, 0, 0, 0, 0, 0, -44.802703857421875, 0.0, 11, -1], [1, 0, 0, 0.0, 0, 0, 1, 3, 3, 0, 0, 0, 0, 1, 1, 1, 0, 0, 0, 2, 0, 1.0, 0, 0, 0, 1, 0, 0, -44.802703857421875, 0.0, 2, -1], [0, 0, 0, 0.7490081787109375, 0, 0, 7, 3, 9, 0, 0, 0, 0, 1, 1, 5, 0, 0, 0, 2, 0, 1.0, 0, 0, 0, 0, 0, 0, -44.802703857421875, 0.0, 7, -1], [0, 0, 0, 0.7621092945337296, 0, 0, 6, 3, 8, 0, 0, 0, 0, 1, 1, 6, 0, 0, 0, 2, 0, 1.0, 0, 0, 0, 0, 0, 0, -44.802703857421875, 0.0, 11, -1], [1, 0, 0, 0.009019523859024048, 0, 0, 3, 3, 5, 0, 0, 0, 0, 1, 1, 3, 0, 0, 0, 2, 0, 1.0, 0, 0, 0, 1, 0, 0, -44.802703857421875, 0.0, 6, -1], [1, 0, 0, 0.4647979140281677, 0, 0, 8, 3, 10, 0, 0, 0, 0, 1, 1, 7, 0, 0, 0, 2, 0, 1.0, 0, 0, 0, 1, 0, 0, -44.802703857421875, 0.0, 8, -1], [0, 0, 0, 0.1900635063648224, 0, 1, 8, 7, 14, 0, 0, 0, 0, 5, 1, 5, 0, 0, 0, 6, 0, 1.0, 0, 0, 1, 0, 0, 0, -22.699939727783203, 0.0, 5, -1], [0, 0, 0, 0.05429184436798096, 0, 1, 8, 7, 14, 0, 0, 0, 0, 5, 1, 6, 0, 0, 0, 6, 0, 1.0, 0, 0, 1, 0, 0, 0, -22.789274215698242, 0.0, 9, -1], [0, 0, 0, 0.14356771111488342, 0, 1, 8, 7, 14, 0, 0, 0, 0, 5, 1, 5, 0, 0, 0, 6, 0, 1.0, 0, 0, 1, 0, 0, 0, -22.699939727783203, 0.0, 5, -1], [0, 0, 0, 0.02117958664894104, 0, 1, 8, 7, 14, 0, 0, 0, 0, 5, 1, 5, 0, 0, 0, 6, 0, 1.0, 0, 0, 1, 0, 0, 0, -22.699939727783203, 0.0, 4, -1], [0, 0, 0, 0.10845078527927399, 0, 1, 8, 7, 14, 0, 0, 0, 0, 5, 1, 5, 0, 0, 0, 6, 0, 1.0, 0, 0, 1, 0, 0, 0, -22.699939727783203, 0.0, 4, -1], [0, 0, 0, 0.009404420852661133, 0, 1, 8, 7, 14, 0, 0, 0, 0, 5, 1, 5, 0, 0, 0, 6, 0, 1.0, 0, 0, 1, 0, 0, 0, -22.699939727783203, 0.0, 4, -1], [0, 0, 0, 0.06322425603866577, 0, 0, 8, 3, 10, 0, 0, 0, 0, 1, 1, 7, 0, 0, 0, 2, 0, 1.0, 0, 0, 0, 0, 0, 0, -44.802703857421875, 0.0, 6, -1], [1, 0, 0, 0.491452157497406, 0, 0, 8, 3, 10, 0, 0, 0, 0, 1, 1, 7, 0, 0, 0, 2, 0, 1.0, 0, 0, 0, 1, 0, 0, -44.802703857421875, 0.0, 8, -1], [0, 0, 0, 0.6262636780738831, 0, 0, 7, 3, 9, 0, 0, 0, 0, 1, 1, 7, 0, 0, 0, 2, 0, 1.0, 0, 0, 0, 0, 0, 0, -44.802703857421875, 0.0, 8, -1], [0, 0, 0, 0.18059125542640686, 0, 0, 5, 3, 7, 0, 0, 0, 0, 1, 1, 4, 0, 0, 0, 2, 0, 1.0, 0, 0, 0, 0, 0, 0, -44.802703857421875, 0.0, 9, -1], [0, 0, 0, 0.05498969554901123, 0, 0, 8, 3, 10, 0, 0, 0, 0, 1, 1, 5, 0, 0, 0, 2, 0, 1.0, 0, 0, 0, 0, 0, 0, -44.802703857421875, 0.0, 4, -1], [1, 0, 0, 0.4150230288505554, 0, 0, 5, 3, 7, 0, 0, 0, 0, 1, 1, 4, 0, 0, 0, 2, 0, 1.0, 0, 0, 0, 1, 0, 0, -44.802703857421875, 0.0, 6, -1], [0, 0, 0, 0.0, 0, 0, 8, 13, 20, 0, 0, 0, 0, 11, 1, 4, 0, 0, 0, 12, 0, 1.0, 0, 0, 0, 0, 0, 0, 8.114459037780762, 0.13752222061157227, 11, -1], [0, 0, 0, 0.012162268161773682, 0, 0, 8, 13, 20, 0, 0, 0, 0, 11, 1, 5, 0, 0, 0, 12, 0, 1.0, 0, 0, 0, 0, 0, 0, 8.114459037780762, 0.13752222061157227, 7, -1], [0, 0, 0, 0.01096278429031372, 0, 0, 8, 13, 20, 0, 0, 0, 0, 11, 1, 5, 0, 0, 0, 12, 0, 1.0, 0, 0, 0, 0, 0, 0, 8.114459037780762, 0.13752222061157227, 6, -1], [0, 0, 0, 0.0, 0, 0, 8, 13, 20, 0, 0, 0, 0, 11, 1, 5, 0, 0, 0, 12, 0, 1.0, 0, 0, 0, 0, 0, 0, 8.114459037780762, 0.13752222061157227, 7, -1], [0, 0, 0, 0.0007509589195251465, 0, 0, 8, 13, 20, 0, 0, 0, 0, 11, 1, 4, 0, 0, 0, 12, 0, 1.0, 0, 0, 0, 0, 0, 0, 8.114459037780762, 0.13752222061157227, 5, -1], [0, 0, 0, 0.0011410713195800781, 0, 0, 8, 13, 20, 0, 0, 0, 0, 11, 1, 5, 0, 0, 0, 12, 0, 1.0, 0, 0, 0, 0, 0, 0, 8.114459037780762, 0.13752222061157227, 6, -1], [0, 0, 0, 0.0011787563562393188, 0, 0, 8, 13, 20, 0, 0, 0, 0, 11, 1, 4, 0, 0, 0, 12, 0, 1.0, 0, 0, 0, 0, 0, 0, 8.114459037780762, 0.13752222061157227, 4, -1], [0, 0, 0, 0.0, 0, 0, 8, 13, 20, 0, 0, 0, 0, 11, 1, 5, 0, 0, 0, 12, 0, 1.0, 0, 0, 0, 0, 0, 0, 8.114459037780762, 0.13752222061157227, 12, -1], [0, 0, 0, 0.0, 0, 0, 8, 13, 20, 0, 0, 0, 0, 11, 1, 5, 0, 0, 0, 12, 0, 1.0, 0, 0, 0, 0, 0, 0, 8.114459037780762, 0.13752222061157227, 7, -1], [0, 0, 0, 0.0, 0, 0, 8, 13, 20, 0, 0, 0, 0, 11, 1, 5, 0, 0, 0, 12, 0, 1.0, 0, 0, 0, 0, 0, 0, 8.114459037780762, 0.13752222061157227, 7, -1], [0, 0, 0, 0.0, 0, 0, 8, 13, 20, 0, 0, 0, 0, 11, 1, 5, 0, 0, 0, 12, 0, 1.0, 0, 0, 0, 0, 0, 0, 8.114459037780762, 0.13752222061157227, 8, -1], [0, 0, 0, 0.0, 0, 0, 8, 13, 20, 0, 0, 0, 0, 11, 1, 5, 0, 0, 0, 12, 0, 1.0, 0, 0, 0, 0, 0, 0, 8.114459037780762, 0.13752222061157227, 8, -1], [0, 0, 0, 0.01068425178527832, 0, 0, 8, 13, 20, 0, 0, 0, 0, 11, 1, 5, 0, 0, 0, 12, 0, 1.0, 0, 0, 0, 0, 0, 0, 8.114459037780762, 0.13752222061157227, 10, -1], [0, 0, 0, 0.004362836480140686, 0, 0, 8, 3, 10, 0, 1, 0, 0, 1, 1, 5, 0, 0, 0, 2, 0, 1.0, 0, 0, 0, 0, 0, 0, -44.802703857421875, 0.0, 7, -1], [0, 0, 0, 0.0, 0, 0, 6, 3, 8, 0, 0, 0, 0, 1, 1, 4, 0, 0, 0, 2, 0, 1.0, 0, 0, 0, 0, 0, 0, -44.802703857421875, 0.0, 2, -1], [0, 0, 0, 0.34544283151626587, 0, 0, 5, 3, 7, 0, 0, 0, 0, 1, 1, 5, 0, 0, 0, 2, 0, 1.0, 0, 0, 0, 0, 0, 0, -44.802703857421875, 0.0, 10, -1], [0, 0, 0, 0.7201278209686279, 0, 0, 8, 3, 10, 0, 0, 0, 0, 1, 1, 7, 0, 0, 0, 2, 0, 1.0, 0, 0, 0, 0, 0, 0, -44.802703857421875, 0.0, 8, -1], [0, 0, 0, 0.0, 0, 0, 8, 3, 10, 1, 0, 0, 0, 1, 1, 3, 0, 0, 0, 2, 0, 1.0, 0, 0, 0, 0, 0, 0, -44.802703857421875, 0.0, 6, -1], [1, 0, 0, 0.0, 0, 0, 5, 3, 7, 1, 0, 0, 0, 1, 1, 4, 0, 0, 0, 2, 0, 1.0, 0, 0, 0, 0, 0, 0, -44.802703857421875, 0.0, 3, -1], [0, 0, 0, 0.0, 0, 0, 8, 3, 10, 0, 0, 0, 0, 1, 1, 3, 0, 0, 0, 2, 0, 1.0, 0, 0, 0, 0, 0, 0, -44.802703857421875, 0.0, 4, -1], [0, 0, 0, 0.00604073703289032, 0, 0, 7, 3, 9, 0, 0, 0, 0, 1, 1, 7, 0, 0, 0, 2, 0, 1.0, 0, 0, 0, 0, 0, 0, -44.802703857421875, 0.0, 13, -1], [0, 0, 0, 0.6999799609184265, 0, 0, 8, 3, 10, 0, 1, 0, 0, 1, 1, 3, 0, 0, 0, 2, 0, 1.0, 0, 0, 0, 0, 0, 0, -44.802703857421875, 0.0, 8, -1], [0, 0, 0, 0.0, 0, 0, 8, 3, 10, 0, 0, 0, 0, 1, 1, 4, 0, 0, 0, 2, 0, 1.0, 0, 0, 0, 0, 0, 0, -44.802703857421875, 0.0, 2, -1], [1, 0, 0, 0.26899951696395874, 0, 0, 2, 3, 4, 0, 0, 0, 0, 1, 1, 2, 0, 0, 0, 2, 0, 1.0, 0, 0, 0, 1, 0, 0, -44.802703857421875, 0.0, 4, -1], [0, 0, 0, 0.05722606182098389, 0, 0, 8, 3, 10, 0, 0, 0, 0, 1, 1, 5, 0, 0, 0, 2, 0, 1.0, 0, 0, 0, 0, 0, 0, -44.802703857421875, 0.0, 3, -1], [1, 0, 1, 0.0, 0, 1, 4, 6, 9, 0, 0, 0, 0, 4, 1, 4, 0, 0, 0, 5, 0, 1.0, 0, 0, 2, 1, 0, 0, 14.516308784484863, 46.9638786315918, 10, -1], [0, 0, 0, 0.0, 0, 1, 8, 6, 13, 0, 0, 0, 0, 4, 1, 5, 0, 0, 0, 5, 0, 1.0, 0, 0, 1, 0, 0, 0, -32.34123611450195, 0.0, 8, -1], [0, 0, 0, 0.0, 0, 1, 8, 6, 13, 0, 0, 0, 0, 4, 1, 4, 0, 0, 0, 5, 0, 1.0, 0, 0, 1, 0, 0, 0, -32.34123611450195, 0.0, 7, -1], [0, 0, 0, 0.0, 0, 1, 8, 6, 13, 0, 0, 0, 0, 4, 1, 4, 0, 0, 0, 5, 0, 1.0, 0, 0, 1, 0, 0, 0, -32.34123611450195, 0.0, 7, -1], [0, 0, 0, 0.0, 0, 1, 8, 6, 13, 0, 0, 0, 0, 4, 1, 4, 0, 0, 0, 5, 0, 1.0, 0, 0, 1, 0, 0, 0, -32.34123611450195, 0.0, 7, -1], [0, 0, 0, 0.0, 0, 0, 1, 3, 3, 0, 0, 0, 0, 1, 1, 1, 0, 0, 0, 2, 0, 1.0, 0, 0, 0, 0, 0, 0, -44.802703857421875, 0.0, 6, -1], [1, 0, 0, 0.00044023990631103516, 0, 0, 8, 3, 10, 0, 0, 0, 0, 1, 1, 8, 0, 0, 0, 2, 0, 1.0, 0, 0, 0, 1, 0, 0, -44.802703857421875, 0.0, 15, -1], [1, 0, 0, 0.45604485273361206, 0, 0, 8, 3, 10, 0, 0, 0, 0, 1, 1, 7, 0, 0, 0, 2, 0, 1.0, 0, 0, 0, 1, 0, 0, -44.802703857421875, 0.0, 9, -1], [0, 0, 0, 0.006199836730957031, 0, 0, 8, 3, 10, 0, 0, 0, 0, 1, 1, 7, 0, 0, 0, 2, 0, 1.0, 0, 0, 0, 0, 0, 0, -44.802703857421875, 0.0, 10, -1], [0, 0, 0, 0.0831872820854187, 0, 0, 8, 9, 16, 0, 0, 0, 0, 7, 1, 6, 0, 0, 0, 8, 0, 1.0, 0, 0, 0, 0, 0, 0, 2.5993967056274414, 0.25447916984558105, 9, -1], [0, 0, 0, 0.10729929804801941, 0, 0, 8, 9, 16, 0, 0, 0, 0, 7, 1, 8, 0, 0, 0, 8, 0, 1.0, 0, 0, 0, 0, 0, 0, 2.5993967056274414, 0.25447916984558105, 12, -1], [0, 0, 0, 0.013691961765289307, 0, 0, 8, 9, 16, 0, 0, 0, 0, 7, 1, 6, 0, 0, 0, 8, 0, 1.0, 0, 0, 0, 0, 0, 0, 2.5993967056274414, 0.25447916984558105, 9, -1], [0, 0, 0, 0.0681304931640625, 0, 0, 8, 9, 16, 0, 0, 0, 0, 7, 1, 6, 0, 0, 0, 8, 0, 1.0, 0, 0, 0, 0, 0, 0, 2.5993967056274414, 0.25447916984558105, 9, -1], [0, 0, 0, 0.08131107687950134, 0, 0, 8, 9, 16, 0, 0, 0, 0, 7, 1, 8, 0, 0, 0, 8, 0, 1.0, 0, 0, 0, 0, 0, 0, 2.5993967056274414, 0.25447916984558105, 14, -1], [0, 0, 0, 0.07379975914955139, 0, 0, 8, 9, 16, 0, 0, 0, 0, 7, 1, 8, 0, 0, 0, 8, 0, 1.0, 0, 0, 0, 0, 0, 0, 2.5993967056274414, 0.25447916984558105, 12, -1], [0, 0, 0, 0.09468117356300354, 0, 0, 8, 9, 16, 0, 0, 0, 0, 7, 1, 8, 0, 0, 0, 8, 0, 1.0, 0, 0, 0, 0, 0, 0, 2.5993967056274414, 0.25447916984558105, 12, -1], [0, 0, 0, 0.08051618933677673, 0, 0, 7, 9, 15, 0, 0, 0, 0, 7, 1, 7, 0, 0, 0, 8, 0, 1.0, 0, 0, 0, 0, 0, 0, 2.5993967056274414, 0.25447916984558105, 9, -1], [1, 0, 0, 0.06450659036636353, 0, 0, 8, 3, 10, 0, 0, 0, 0, 1, 1, 4, 0, 0, 0, 2, 0, 1.0, 0, 0, 0, 1, 0, 0, -44.802703857421875, 0.0, 4, -1], [0, 0, 0, 0.0, 0, 0, 8, 3, 10, 0, 0, 0, 0, 1, 1, 3, 0, 0, 0, 2, 0, 1.0, 0, 0, 0, 0, 0, 0, -44.802703857421875, 0.0, 3, -1], [0, 0, 0, 0.0, 0, 0, 8, 3, 10, 0, 0, 0, 0, 1, 1, 3, 0, 0, 0, 2, 0, 1.0, 0, 0, 0, 0, 0, 0, -44.802703857421875, 0.0, 2, -1], [1, 0, 0, 3.5762786865234375e-07, 0, 0, 7, 3, 9, 1, 0, 0, 0, 1, 1, 3, 0, 0, 0, 2, 0, 1.0, 0, 0, 0, 0, 0, 0, -44.802703857421875, 0.0, 2, -1], [0, 0, 0, 0.0, 0, 0, 8, 3, 10, 0, 0, 0, 0, 1, 1, 3, 0, 0, 0, 2, 0, 1.0, 0, 0, 0, 0, 0, 0, -44.802703857421875, 0.0, 2, -1], [0, 0, 0, 0.15305095911026, 0, 0, 8, 3, 10, 0, 1, 0, 0, 1, 1, 7, 0, 0, 0, 2, 0, 1.0, 0, 0, 0, 0, 0, 0, -44.802703857421875, 0.0, 11, -1], [1, 0, 1, 0.09617581963539124, 0, 1, 8, 6, 13, 0, 0, 0, 0, 4, 1, 4, 0, 0, 0, 5, 0, 1.0, 0, 0, 2, 1, 0, 0, 14.516308784484863, 46.936614990234375, 2, -1], [1, 0, 1, 0.06989502906799316, 0, 1, 8, 6, 13, 0, 0, 0, 0, 4, 1, 2, 0, 0, 0, 5, 0, 1.0, 0, 0, 2, 1, 0, 0, 14.516308784484863, 46.936614990234375, 2, -1], [1, 0, 1, 0.09289920330047607, 0, 1, 8, 6, 13, 0, 0, 0, 0, 4, 1, 6, 0, 0, 0, 5, 0, 1.0, 0, 0, 2, 1, 0, 0, 14.516308784484863, 46.89463806152344, 3, -1], [1, 0, 1, 0.008771777153015137, 0, 1, 8, 6, 13, 0, 0, 0, 0, 4, 1, 4, 0, 0, 0, 5, 0, 1.0, 0, 0, 2, 1, 0, 0, 14.516308784484863, 46.936614990234375, 2, -1], [1, 0, 1, 0.02653411030769348, 0, 1, 8, 6, 13, 0, 0, 0, 0, 4, 1, 1, 0, 0, 0, 5, 0, 1.0, 0, 0, 2, 1, 0, 0, 14.516308784484863, 46.936614990234375, 4, -1], [0, 0, 0, 0.1819908320903778, 0, 0, 8, 3, 10, 0, 0, 0, 0, 1, 1, 7, 0, 0, 0, 2, 0, 1.0, 0, 0, 0, 0, 0, 0, -44.802703857421875, 0.0, 9, -1], [1, 0, 0, 0.23108768463134766, 0, 0, 6, 3, 8, 0, 0, 0, 0, 1, 1, 6, 0, 0, 0, 2, 0, 1.0, 0, 0, 0, 1, 0, 0, -44.802703857421875, 0.0, 10, -1], [0, 0, 0, 0.0, 0, 0, 8, 3, 10, 0, 0, 0, 0, 1, 1, 5, 0, 0, 0, 2, 0, 1.0, 0, 0, 0, 0, 0, 0, -44.802703857421875, 0.0, 6, -1], [0, 0, 0, 0.0, 0, 0, 2, 3, 4, 0, 0, 0, 0, 1, 1, 2, 0, 0, 0, 2, 0, 1.0, 0, 0, 0, 0, 0, 0, -44.802703857421875, 0.0, 3, -1], [1, 0, 0, 0.042441338300704956, 0, 0, 8, 4, 11, 0, 0, 0, 0, 2, 1, 4, 0, 0, 0, 3, 0, 1.0, 0, 0, 0, 1, 0, 0, -19.753969192504883, 3.703256607055664, 5, -1], [0, 0, 0, 0.0, 0, 0, 8, 4, 11, 0, 0, 0, 0, 2, 1, 4, 0, 0, 0, 3, 0, 1.0, 0, 0, 0, 0, 0, 0, -19.753969192504883, 3.703256607055664, 3, -1], [0, 0, 0, 0.0, 0, 0, 8, 4, 11, 0, 0, 0, 0, 2, 1, 2, 0, 0, 0, 3, 0, 1.0, 0, 0, 0, 0, 0, 0, -19.753969192504883, 3.703256607055664, 3, -1], [0, 0, 0, 0.5888949334621429, 0, 0, 8, 3, 10, 0, 0, 0, 0, 1, 1, 6, 0, 0, 0, 2, 0, 1.0, 0, 0, 0, 0, 0, 0, -44.802703857421875, 0.0, 5, -1], [1, 0, 0, 0.0, 0, 0, 6, 3, 8, 0, 0, 0, 0, 1, 1, 5, 0, 0, 0, 2, 0, 1.0, 0, 0, 0, 1, 0, 0, -44.802703857421875, 0.0, 6, -1], [0, 0, 0, 0.0, 0, 0, 5, 3, 7, 0, 0, 0, 0, 1, 1, 5, 0, 0, 0, 2, 0, 1.0, 0, 0, 0, 0, 0, 0, -44.802703857421875, 0.0, 9, -1], [0, 0, 0, 0.0, 0, 0, 4, 3, 6, 0, 0, 0, 0, 1, 1, 4, 0, 0, 0, 2, 0, 1.0, 0, 0, 0, 0, 0, 0, -44.802703857421875, 0.0, 7, -1], [0, 0, 0, 0.08948765695095062, 0, 0, 6, 3, 8, 0, 0, 0, 0, 1, 1, 6, 0, 0, 0, 2, 0, 1.0, 0, 0, 0, 0, 0, 0, -44.802703857421875, 0.0, 11, -1], [0, 0, 0, 0.02354249358177185, 0, 0, 8, 3, 10, 0, 0, 0, 0, 1, 1, 8, 0, 0, 0, 2, 0, 1.0, 0, 0, 0, 0, 0, 0, -44.802703857421875, 0.0, 12, -1], [0, 0, 0, 0.20027238130569458, 0, 0, 8, 4, 11, 0, 0, 0, 0, 2, 1, 3, 0, 0, 0, 3, 0, 1.0, 0, 0, 0, 0, 0, 0, -19.753969192504883, 3.703256607055664, 9, -1], [0, 0, 0, 0.45239877700805664, 0, 0, 8, 4, 11, 0, 0, 0, 0, 2, 1, 4, 0, 0, 0, 3, 0, 1.0, 0, 0, 0, 0, 0, 0, -19.753969192504883, 3.703256607055664, 8, -1], [0, 0, 0, 0.17613980174064636, 0, 0, 7, 4, 10, 0, 0, 0, 0, 2, 1, 7, 0, 0, 0, 3, 0, 1.0, 0, 0, 0, 0, 0, 0, -19.753969192504883, 3.703256607055664, 11, -1], [0, 0, 0, 0.011123478412628174, 0, 0, 8, 6, 13, 0, 0, 0, 0, 4, 1, 2, 0, 0, 0, 5, 0, 1.0, 0, 0, 0, 0, 0, 0, -6.279522895812988, 0.5285577774047852, 2, -1], [0, 0, 0, 0.004992097616195679, 0, 0, 8, 6, 13, 0, 0, 0, 0, 4, 1, 3, 0, 0, 0, 5, 0, 1.0, 0, 0, 0, 0, 0, 0, -6.279522895812988, 0.5285577774047852, 1, -1], [0, 0, 0, 0.004486143589019775, 0, 0, 8, 6, 13, 0, 0, 0, 0, 4, 1, 3, 0, 0, 0, 5, 0, 1.0, 0, 0, 0, 0, 0, 0, -6.279522895812988, 0.5285577774047852, 2, -1], [0, 0, 0, 0.02757054567337036, 0, 0, 8, 6, 13, 0, 0, 0, 0, 4, 1, 3, 0, 0, 0, 5, 0, 1.0, 0, 0, 0, 0, 0, 0, -6.279522895812988, 0.5285577774047852, 2, -1], [0, 0, 0, 0.014694929122924805, 0, 0, 8, 6, 13, 0, 0, 0, 0, 4, 1, 3, 0, 0, 0, 5, 0, 1.0, 0, 0, 0, 0, 0, 0, -6.279522895812988, 0.5285577774047852, 2, -1], [1, 0, 1, 0.058467596769332886, 0, 1, 8, 7, 14, 0, 0, 0, 0, 5, 1, 5, 0, 0, 0, 6, 0, 1.0, 0, 0, 2, 1, 0, 0, 16.91026496887207, 44.567256927490234, 4, -1], [1, 0, 1, 0.0733654797077179, 0, 1, 7, 7, 13, 0, 0, 0, 0, 5, 1, 6, 0, 0, 0, 6, 0, 1.0, 0, 0, 2, 1, 0, 0, 16.91026496887207, 44.632537841796875, 11, -1], [1, 0, 1, 0.1170949637889862, 0, 1, 8, 7, 14, 0, 0, 0, 0, 5, 1, 3, 0, 0, 0, 6, 0, 1.0, 0, 0, 2, 1, 0, 0, 16.91026496887207, 44.567256927490234, 2, -1], [1, 0, 1, 0.08203151822090149, 0, 1, 8, 7, 14, 0, 0, 0, 0, 5, 1, 5, 0, 0, 0, 6, 0, 1.0, 0, 0, 2, 1, 0, 0, 16.91026496887207, 44.567256927490234, 4, -1], [1, 0, 1, 0.1533488631248474, 0, 1, 8, 7, 14, 0, 0, 0, 0, 5, 1, 2, 0, 0, 0, 6, 0, 1.0, 0, 0, 2, 1, 0, 0, 16.91026496887207, 44.567256927490234, 1, -1], [1, 0, 1, 0.011952131986618042, 0, 1, 8, 7, 14, 0, 0, 0, 0, 5, 1, 4, 0, 0, 0, 6, 0, 1.0, 0, 0, 2, 1, 0, 0, 16.91026496887207, 44.567256927490234, 3, -1], [1, 0, 0, 0.0, 0, 0, 8, 3, 10, 0, 0, 0, 0, 1, 1, 3, 0, 0, 0, 2, 0, 1.0, 0, 0, 0, 1, 0, 0, -44.802703857421875, 0.0, 2, -1], [1, 0, 0, 0.021846666932106018, 0, 0, 6, 3, 8, 1, 0, 0, 0, 1, 1, 4, 0, 0, 0, 2, 0, 1.0, 0, 0, 0, 0, 0, 0, -44.802703857421875, 0.0, 3, -1], [1, 0, 0, 0.18844497203826904, 0, 0, 7, 4, 10, 0, 0, 0, 0, 2, 1, 7, 0, 0, 0, 3, 0, 1.0, 0, 0, 0, 1, 0, 0, -19.753969192504883, 3.703256607055664, 12, -1], [0, 0, 0, 0.00250244140625, 0, 0, 8, 4, 11, 0, 0, 0, 0, 2, 1, 4, 0, 0, 0, 3, 0, 1.0, 0, 0, 0, 0, 0, 0, -19.753969192504883, 3.703256607055664, 4, -1], [0, 0, 0, 0.20493736863136292, 0, 0, 8, 4, 11, 0, 0, 0, 0, 2, 1, 4, 0, 0, 0, 3, 0, 1.0, 0, 0, 0, 0, 0, 0, -19.753969192504883, 3.703256607055664, 3, -1], [1, 0, 0, 0.6716337203979492, 0, 0, 8, 3, 10, 0, 0, 0, 0, 1, 1, 5, 0, 0, 0, 2, 0, 1.0, 0, 0, 0, 1, 0, 0, -44.802703857421875, 0.0, 6, -1], [0, 0, 0, 0.0, 0, 0, 8, 3, 10, 0, 0, 0, 0, 1, 1, 4, 0, 0, 0, 2, 0, 1.0, 0, 0, 0, 0, 0, 0, -44.802703857421875, 0.0, 5, -1], [0, 0, 0, 0.044155389070510864, 0, 0, 7, 3, 9, 0, 0, 0, 0, 1, 1, 7, 0, 0, 0, 2, 0, 1.0, 0, 0, 0, 0, 0, 0, -44.802703857421875, 0.0, 11, -1], [1, 0, 0, 0.31872957944869995, 0, 0, 6, 3, 8, 0, 0, 0, 0, 1, 1, 5, 0, 0, 0, 2, 0, 1.0, 0, 0, 0, 1, 0, 0, -44.802703857421875, 0.0, 3, -1], [0, 0, 0, 0.015933051705360413, 0, 0, 8, 3, 10, 0, 0, 0, 0, 1, 1, 7, 0, 0, 0, 2, 0, 1.0, 0, 0, 0, 0, 0, 0, -44.802703857421875, 0.0, 7, -1], [1, 0, 0, 0.0, 0, 0, 8, 3, 10, 0, 0, 0, 0, 1, 1, 7, 0, 0, 0, 2, 0, 1.0, 0, 0, 0, 1, 0, 0, -44.802703857421875, 0.0, 12, -1], [1, 0, 0, 0.0, 0, 0, 4, 3, 6, 0, 0, 0, 0, 1, 1, 4, 0, 0, 0, 2, 0, 1.0, 0, 0, 0, 1, 0, 0, -44.802703857421875, 0.0, 10, -1], [0, 0, 0, 0.007863223552703857, 0, 0, 8, 3, 10, 0, 0, 0, 0, 1, 1, 7, 0, 0, 0, 2, 0, 1.0, 0, 0, 0, 0, 0, 0, -44.802703857421875, 0.0, 6, -1], [0, 0, 0, 0.0, 0, 0, 6, 3, 8, 0, 0, 0, 0, 1, 1, 6, 0, 0, 0, 2, 0, 1.0, 0, 0, 0, 0, 0, 0, -44.802703857421875, 0.0, 11, -1], [1, 0, 0, 0.6037364602088928, 0, 0, 4, 3, 6, 0, 0, 0, 0, 1, 1, 4, 0, 0, 0, 2, 0, 1.0, 0, 0, 0, 1, 0, 0, -44.802703857421875, 0.0, 9, -1], [0, 0, 0, 0.0, 0, 0, 7, 4, 10, 0, 0, 0, 0, 2, 1, 6, 0, 0, 0, 3, 0, 1.0, 0, 0, 0, 0, 0, 0, -19.753969192504883, 3.703256607055664, 13, -1], [0, 0, 0, 0.0, 0, 0, 8, 4, 11, 0, 0, 0, 0, 2, 1, 5, 0, 0, 0, 3, 0, 1.0, 0, 0, 0, 0, 0, 0, -19.753969192504883, 3.703256607055664, 4, -1], [0, 0, 0, 0.0, 0, 0, 8, 4, 11, 0, 0, 0, 0, 2, 1, 5, 0, 0, 0, 3, 0, 1.0, 0, 0, 0, 0, 0, 0, -19.753969192504883, 3.703256607055664, 5, -1], [0, 0, 0, 0.0, 0, 1, 7, 6, 12, 0, 0, 0, 0, 4, 1, 4, 0, 0, 0, 5, 0, 1.0, 0, 0, 1, 0, 0, 0, -45.85953903198242, 0.0, 2, -1], [0, 0, 0, 0.0, 0, 1, 3, 6, 8, 0, 0, 0, 0, 4, 1, 3, 0, 0, 0, 5, 0, 1.0, 0, 0, 2, 0, 0, 0, -45.80583953857422, 0.0294189453125, 4, -1], [0, 0, 0, 0.0, 0, 0, 7, 6, 12, 0, 0, 0, 0, 4, 1, 5, 0, 0, 0, 5, 0, 1.0, 0, 0, 0, 0, 0, 0, -47.28779983520508, 12.015758514404297, 3, -1], [0, 0, 0, 0.0, 0, 0, 7, 6, 12, 0, 0, 0, 0, 4, 1, 5, 0, 0, 0, 5, 0, 1.0, 0, 0, 0, 0, 0, 0, -47.28779983520508, 12.015758514404297, 3, -1], [0, 0, 0, 0.0, 0, 1, 8, 6, 13, 0, 0, 0, 0, 4, 1, 5, 0, 0, 0, 5, 0, 1.0, 0, 0, 1, 0, 0, 0, -46.97637176513672, 0.0, 4, -1], [0, 0, 0, 0.07754510641098022, 0, 0, 8, 3, 10, 0, 0, 0, 0, 1, 1, 6, 0, 0, 0, 2, 0, 1.0, 0, 0, 0, 0, 0, 0, -44.802703857421875, 0.0, 5, -1], [0, 0, 0, 0.00038313865661621094, 0, 0, 8, 3, 10, 0, 0, 0, 0, 1, 1, 7, 0, 0, 0, 2, 0, 1.0, 0, 0, 0, 0, 0, 0, -44.802703857421875, 0.0, 9, -1], [1, 0, 0, 0.035684734582901, 0, 0, 4, 3, 6, 0, 0, 0, 0, 1, 1, 4, 0, 0, 0, 2, 0, 1.0, 0, 0, 0, 1, 0, 0, -44.802703857421875, 0.0, 8, -1], [1, 0, 0, 0.08207786083221436, 0, 0, 8, 3, 10, 0, 0, 0, 0, 1, 1, 8, 0, 0, 0, 2, 0, 1.0, 0, 0, 0, 1, 0, 0, -44.802703857421875, 0.0, 8, -1], [0, 0, 0, 0.005779445171356201, 0, 0, 8, 9, 16, 0, 0, 0, 0, 7, 1, 4, 0, 0, 0, 8, 0, 1.0, 0, 0, 0, 0, 0, 0, 2.5993967056274414, 0.25447916984558105, 7, -1], [0, 0, 0, 0.06294748187065125, 0, 0, 8, 9, 16, 0, 0, 0, 0, 7, 1, 5, 0, 0, 0, 8, 0, 1.0, 0, 0, 0, 0, 0, 0, 2.5993967056274414, 0.25447916984558105, 7, -1], [1, 0, 0, 0.015343397855758667, 0, 0, 8, 9, 16, 0, 0, 0, 0, 7, 1, 5, 0, 0, 0, 8, 0, 1.0, 0, 0, 0, 1, 0, 0, 2.5993967056274414, 0.25447916984558105, 4, -1], [0, 0, 0, 0.016773849725723267, 0, 0, 8, 9, 16, 0, 0, 0, 0, 7, 1, 3, 0, 0, 0, 8, 0, 1.0, 0, 0, 0, 0, 0, 0, 2.5993967056274414, 0.25447916984558105, 6, -1], [0, 0, 0, 0.004688471555709839, 0, 0, 8, 9, 16, 0, 0, 0, 0, 7, 1, 5, 0, 0, 0, 8, 0, 1.0, 0, 0, 0, 0, 0, 0, 2.5993967056274414, 0.25447916984558105, 8, -1], [0, 0, 0, 0.02765163779258728, 0, 0, 8, 9, 16, 0, 0, 0, 0, 7, 1, 4, 0, 0, 0, 8, 0, 1.0, 0, 0, 0, 0, 0, 0, 2.5993967056274414, 0.25447916984558105, 6, -1], [0, 0, 0, 0.024655044078826904, 0, 0, 8, 9, 16, 0, 0, 0, 0, 7, 1, 5, 0, 0, 0, 8, 0, 1.0, 0, 0, 0, 0, 0, 0, 2.5993967056274414, 0.25447916984558105, 8, -1], [0, 0, 0, 0.01486194133758545, 0, 0, 8, 9, 16, 0, 0, 0, 0, 7, 1, 3, 0, 0, 0, 8, 0, 1.0, 0, 0, 0, 0, 0, 0, 2.5993967056274414, 0.25447916984558105, 5, -1], [0, 0, 0, 0.14572259783744812, 0, 0, 8, 4, 11, 0, 0, 0, 0, 2, 1, 7, 0, 0, 0, 3, 0, 1.0, 0, 0, 0, 0, 0, 0, -19.753969192504883, 3.703256607055664, 12, -1], [1, 0, 0, 0.01833212375640869, 0, 0, 4, 4, 7, 0, 0, 0, 0, 2, 1, 4, 0, 0, 0, 3, 0, 1.0, 0, 0, 0, 1, 0, 0, -19.753969192504883, 3.703256607055664, 8, -1], [0, 0, 0, 0.0, 0, 0, 6, 4, 9, 0, 0, 0, 0, 2, 1, 4, 0, 0, 0, 3, 0, 1.0, 0, 0, 0, 0, 0, 0, -19.753969192504883, 3.703256607055664, 8, -1], [1, 0, 0, 0.014802247285842896, 0, 0, 7, 3, 9, 0, 0, 0, 0, 1, 1, 6, 0, 0, 0, 2, 0, 1.0, 0, 0, 0, 1, 0, 0, -44.802703857421875, 0.0, 8, -1], [0, 0, 0, 0.02916163206100464, 0, 0, 8, 3, 10, 0, 0, 0, 0, 1, 1, 5, 0, 0, 0, 2, 0, 1.0, 0, 0, 0, 0, 0, 0, -44.802703857421875, 0.0, 6, -1], [1, 0, 0, 0.5101454257965088, 0, 0, 8, 3, 10, 0, 0, 0, 0, 1, 1, 3, 0, 0, 0, 2, 0, 1.0, 0, 0, 0, 1, 0, 0, -44.802703857421875, 0.0, 2, -1], [0, 0, 0, 0.1230090856552124, 0, 0, 4, 3, 6, 1, 0, 0, 0, 1, 1, 3, 0, 0, 0, 2, 0, 1.0, 0, 0, 0, 0, 0, 0, -44.802703857421875, 0.0, 4, -1], [0, 0, 0, 0.0, 0, 0, 5, 3, 7, 0, 0, 0, 0, 1, 1, 5, 0, 0, 0, 2, 0, 1.0, 0, 0, 0, 0, 0, 0, -44.802703857421875, 0.0, 9, -1], [0, 0, 0, 0.010737985372543335, 0, 0, 8, 3, 10, 0, 0, 0, 0, 1, 1, 7, 0, 0, 0, 2, 0, 1.0, 0, 0, 0, 0, 0, 0, -44.802703857421875, 0.0, 8, -1], [0, 0, 0, 0.013718843460083008, 0, 0, 8, 3, 10, 0, 0, 0, 0, 1, 1, 7, 0, 0, 0, 2, 0, 1.0, 0, 0, 0, 0, 0, 0, -44.802703857421875, 0.0, 12, -1], [1, 0, 0, 0.5301031470298767, 0, 0, 8, 3, 10, 0, 0, 0, 0, 1, 1, 6, 0, 0, 0, 2, 0, 1.0, 0, 0, 0, 1, 0, 0, -44.802703857421875, 0.0, 8, -1], [0, 0, 0, 0.053023695945739746, 0, 0, 6, 4, 9, 0, 0, 0, 0, 2, 1, 5, 0, 0, 0, 3, 0, 1.0, 0, 0, 0, 0, 0, 0, -19.753969192504883, 3.703256607055664, 11, -1], [0, 0, 0, 0.019921988248825073, 0, 0, 8, 4, 11, 0, 0, 0, 0, 2, 1, 5, 0, 0, 0, 3, 0, 1.0, 0, 0, 0, 0, 0, 0, -19.753969192504883, 3.703256607055664, 7, -1], [0, 0, 0, 0.0, 0, 0, 8, 4, 11, 0, 0, 0, 0, 2, 1, 7, 0, 0, 0, 3, 0, 1.0, 0, 0, 0, 0, 0, 0, -19.753969192504883, 3.703256607055664, 13, -1], [1, 0, 0, 0.014199554920196533, 0, 0, 8, 3, 10, 0, 0, 0, 0, 1, 1, 7, 0, 0, 0, 2, 0, 1.0, 0, 0, 0, 1, 0, 0, -44.802703857421875, 0.0, 5, -1], [0, 0, 0, 0.6099295616149902, 0, 0, 8, 3, 10, 0, 0, 0, 0, 1, 1, 4, 0, 0, 0, 2, 0, 1.0, 0, 0, 0, 0, 0, 0, -44.802703857421875, 0.0, 3, -1], [1, 0, 0, 0.0, 0, 0, 6, 4, 9, 0, 0, 0, 0, 2, 1, 4, 0, 0, 0, 3, 0, 1.0, 0, 0, 0, 1, 0, 0, -19.753969192504883, 3.703256607055664, 8, -1], [1, 0, 0, 0.0, 0, 0, 6, 4, 9, 0, 0, 0, 0, 2, 1, 4, 0, 0, 0, 3, 0, 1.0, 0, 0, 0, 1, 0, 0, -19.753969192504883, 3.703256607055664, 8, -1], [0, 0, 0, 5.960464477539063e-08, 0, 0, 8, 4, 11, 0, 0, 0, 0, 2, 1, 6, 0, 0, 0, 3, 0, 1.0, 0, 0, 0, 0, 0, 0, -19.753969192504883, 3.703256607055664, 4, -1], [0, 0, 0, 0.0, 0, 0, 8, 3, 10, 0, 0, 0, 0, 1, 1, 3, 0, 0, 0, 2, 0, 1.0, 0, 0, 0, 0, 0, 0, -44.802703857421875, 0.0, 4, -1], [1, 0, 0, 0.1776553988456726, 0, 0, 8, 3, 10, 0, 0, 0, 0, 1, 1, 6, 0, 0, 0, 2, 0, 1.0, 0, 0, 0, 1, 0, 0, -44.802703857421875, 0.0, 6, -1], [0, 0, 0, 0.0, 0, 0, 2, 3, 4, 0, 0, 0, 0, 1, 1, 2, 0, 0, 0, 2, 0, 1.0, 0, 0, 0, 0, 0, 0, -44.802703857421875, 0.0, 3, -1], [1, 0, 0, 0.20609354972839355, 0, 0, 5, 3, 7, 0, 0, 0, 0, 1, 1, 5, 0, 0, 0, 2, 0, 1.0, 0, 0, 0, 1, 0, 0, -44.802703857421875, 0.0, 9, -1], [1, 0, 0, 0.0, 0, 0, 6, 3, 8, 0, 0, 0, 0, 1, 1, 5, 0, 0, 0, 2, 0, 1.0, 0, 0, 0, 1, 0, 0, -44.802703857421875, 0.0, 8, -1], [1, 0, 0, 0.49643969535827637, 0, 0, 8, 3, 10, 0, 0, 0, 0, 1, 1, 6, 0, 0, 0, 2, 0, 1.0, 0, 0, 0, 1, 0, 0, -44.802703857421875, 0.0, 8, -1], [0, 0, 0, 0.009687751531600952, 0, 0, 8, 4, 11, 0, 0, 0, 0, 2, 1, 5, 0, 0, 0, 3, 0, 1.0, 0, 0, 0, 0, 0, 0, -19.753969192504883, 3.703256607055664, 7, -1], [1, 0, 0, 0.13117289543151855, 0, 0, 8, 4, 11, 0, 0, 0, 0, 2, 1, 6, 0, 0, 0, 3, 0, 1.0, 0, 0, 0, 1, 0, 0, -19.753969192504883, 3.703256607055664, 6, -1], [1, 0, 0, 0.11219784617424011, 0, 0, 7, 4, 10, 0, 0, 0, 0, 2, 1, 6, 0, 0, 0, 3, 0, 1.0, 0, 0, 0, 1, 0, 0, -19.753969192504883, 3.703256607055664, 7, -1], [1, 0, 0, 0.0, 1, 0, 7, 3, 9, 1, 0, 0, 0, 1, 1, 7, 0, 0, 0, 2, 1, 1.0, 0, 0, 0, 0, 0, 0, -44.802703857421875, 0.0, 12, -1], [1, 0, 0, 0.0, 0, 0, 7, 3, 9, 0, 0, 0, 0, 1, 1, 5, 0, 0, 0, 2, 0, 1.0, 0, 0, 0, 1, 0, 0, -44.802703857421875, 0.0, 12, -1], [0, 0, 0, 0.2619197964668274, 0, 0, 8, 3, 10, 0, 0, 0, 0, 1, 1, 5, 0, 0, 0, 2, 0, 1.0, 0, 0, 0, 0, 0, 0, -44.802703857421875, 0.0, 8, -1], [0, 0, 0, 0.021888017654418945, 0, 0, 8, 3, 10, 0, 0, 0, 0, 1, 1, 7, 0, 0, 0, 2, 0, 1.0, 0, 0, 0, 0, 0, 0, -44.802703857421875, 0.0, 10, -1], [0, 0, 0, 0.12310343980789185, 0, 0, 8, 4, 11, 0, 0, 0, 0, 2, 1, 5, 0, 0, 0, 3, 0, 1.0, 0, 0, 0, 0, 0, 0, -19.753969192504883, 3.703256607055664, 5, -1], [0, 0, 0, 0.0, 0, 0, 4, 4, 7, 0, 0, 0, 0, 2, 1, 4, 0, 0, 0, 3, 0, 1.0, 0, 0, 0, 0, 0, 0, -19.753969192504883, 3.703256607055664, 4, -1], [0, 0, 0, 0.07000672817230225, 0, 0, 7, 4, 10, 0, 0, 0, 0, 2, 1, 6, 0, 0, 0, 3, 0, 1.0, 0, 0, 0, 0, 0, 0, -19.753969192504883, 3.703256607055664, 7, -1], [0, 0, 0, 0.060032814741134644, 0, 0, 8, 4, 11, 0, 0, 0, 0, 2, 1, 7, 0, 0, 0, 3, 0, 1.0, 0, 0, 0, 0, 0, 0, -19.753969192504883, 3.703256607055664, 6, -1], [0, 0, 0, 0.08098945021629333, 0, 0, 8, 4, 11, 0, 0, 0, 0, 2, 1, 6, 0, 0, 0, 3, 0, 1.0, 0, 0, 0, 0, 0, 0, -19.753969192504883, 3.703256607055664, 9, -1], [1, 0, 0, 0.15502306818962097, 0, 0, 7, 4, 10, 0, 0, 0, 0, 2, 1, 7, 0, 0, 0, 3, 0, 1.0, 0, 0, 0, 1, 0, 0, -19.753969192504883, 3.703256607055664, 10, -1], [0, 0, 0, 0.8233020454645157, 0, 0, 6, 3, 8, 0, 0, 0, 0, 1, 1, 5, 0, 0, 0, 2, 0, 1.0, 0, 0, 0, 0, 0, 0, -44.802703857421875, 0.0, 8, -1], [0, 0, 0, 0.01830299198627472, 0, 0, 8, 3, 10, 0, 0, 0, 0, 1, 1, 8, 0, 0, 0, 2, 0, 1.0, 0, 0, 0, 0, 0, 0, -44.802703857421875, 0.0, 10, -1], [1, 0, 0, 0.05643188953399658, 0, 0, 8, 3, 10, 0, 0, 0, 0, 1, 1, 7, 0, 0, 0, 2, 0, 1.0, 0, 0, 0, 1, 0, 0, -44.802703857421875, 0.0, 9, -1], [1, 0, 0, 0.0, 0, 0, 8, 3, 10, 0, 0, 0, 0, 1, 1, 5, 0, 0, 0, 2, 0, 1.0, 0, 0, 0, 1, 0, 0, -44.802703857421875, 0.0, 8, -1], [0, 0, 0, 0.030264049768447876, 0, 0, 8, 13, 20, 0, 0, 0, 0, 11, 1, 6, 0, 0, 0, 12, 0, 1.0, 0, 0, 0, 0, 0, 0, 8.114459037780762, 0.13752222061157227, 5, -1], [0, 0, 0, 0.018296271562576294, 0, 0, 8, 13, 20, 0, 0, 0, 0, 11, 1, 6, 0, 0, 0, 12, 0, 1.0, 0, 0, 0, 0, 0, 0, 8.114459037780762, 0.13752222061157227, 7, -1], [0, 0, 0, 0.010401338338851929, 0, 0, 8, 13, 20, 0, 0, 0, 0, 11, 1, 5, 0, 0, 0, 12, 0, 1.0, 0, 0, 0, 0, 0, 0, 8.114459037780762, 0.13752222061157227, 8, -1], [0, 0, 0, 0.036877214908599854, 0, 0, 8, 13, 20, 0, 0, 0, 0, 11, 1, 6, 0, 0, 0, 12, 0, 1.0, 0, 0, 0, 0, 0, 0, 8.114459037780762, 0.13752222061157227, 8, -1], [0, 0, 0, 0.050388336181640625, 0, 0, 8, 13, 20, 0, 0, 0, 0, 11, 1, 6, 0, 0, 0, 12, 0, 1.0, 0, 0, 0, 0, 0, 0, 8.114459037780762, 0.13752222061157227, 8, -1], [0, 0, 0, 0.028090685606002808, 0, 0, 8, 13, 20, 0, 0, 0, 0, 11, 1, 6, 0, 0, 0, 12, 0, 1.0, 0, 0, 0, 0, 0, 0, 8.114459037780762, 0.13752222061157227, 4, -1], [0, 0, 0, 0.00767788290977478, 0, 0, 8, 13, 20, 0, 0, 0, 0, 11, 1, 6, 0, 0, 0, 12, 0, 1.0, 0, 0, 0, 0, 0, 0, 8.114459037780762, 0.13752222061157227, 8, -1], [0, 0, 0, 0.02124848961830139, 0, 0, 8, 13, 20, 0, 0, 0, 0, 11, 1, 6, 0, 0, 0, 12, 0, 1.0, 0, 0, 0, 0, 0, 0, 8.114459037780762, 0.13752222061157227, 8, -1], [0, 0, 0, 0.02443525195121765, 0, 0, 8, 13, 20, 0, 0, 0, 0, 11, 1, 6, 0, 0, 0, 12, 0, 1.0, 0, 0, 0, 0, 0, 0, 8.114459037780762, 0.13752222061157227, 8, -1], [0, 0, 0, 0.004292607307434082, 0, 0, 8, 13, 20, 0, 0, 0, 0, 11, 1, 6, 0, 0, 0, 12, 0, 1.0, 0, 0, 0, 0, 0, 0, 8.114459037780762, 0.13752222061157227, 8, -1], [0, 0, 0, 0.03445884585380554, 0, 0, 8, 13, 20, 0, 0, 0, 0, 11, 1, 6, 0, 0, 0, 12, 0, 1.0, 0, 0, 0, 0, 0, 0, 8.114459037780762, 0.13752222061157227, 5, -1], [0, 0, 0, 0.010701030492782593, 0, 0, 8, 13, 20, 0, 0, 0, 0, 11, 1, 6, 0, 0, 0, 12, 0, 1.0, 0, 0, 0, 0, 0, 0, 8.114459037780762, 0.13752222061157227, 5, -1], [0, 0, 0, 0.005917608737945557, 0, 0, 8, 13, 20, 0, 0, 0, 0, 11, 1, 6, 0, 0, 0, 12, 0, 1.0, 0, 0, 0, 0, 0, 0, 8.114459037780762, 0.13752222061157227, 8, -1], [0, 0, 0, 0.10660094022750854, 0, 0, 8, 3, 10, 0, 0, 0, 0, 1, 1, 1, 0, 0, 0, 2, 0, 1.0, 0, 0, 0, 0, 0, 0, -44.802703857421875, 0.0, 3, -1], [0, 0, 0, 0.005128353834152222, 0, 0, 8, 3, 10, 0, 0, 0, 0, 1, 1, 7, 0, 0, 0, 2, 0, 1.0, 0, 0, 0, 0, 0, 0, -44.802703857421875, 0.0, 12, -1], [0, 0, 0, 0.0, 0, 0, 8, 6, 13, 0, 0, 0, 0, 4, 1, 4, 0, 0, 0, 5, 0, 1.0, 0, 0, 0, 0, 0, 0, -6.279522895812988, 0.5285577774047852, 4, -1], [0, 0, 0, 0.0, 0, 0, 8, 6, 13, 0, 0, 0, 0, 4, 1, 7, 0, 0, 0, 5, 0, 1.0, 0, 0, 0, 0, 0, 0, -6.279522895812988, 0.5285577774047852, 7, -1], [0, 0, 0, 0.007638812065124512, 0, 0, 7, 6, 12, 0, 0, 0, 0, 4, 1, 7, 0, 0, 0, 5, 0, 1.0, 0, 0, 0, 0, 0, 0, -6.279522895812988, 0.5285577774047852, 11, -1], [1, 0, 0, 0.0, 0, 0, 7, 6, 12, 0, 0, 0, 0, 4, 1, 7, 0, 0, 0, 5, 0, 1.0, 0, 0, 0, 1, 0, 0, -6.279522895812988, 0.5285577774047852, 10, -1], [0, 0, 0, 0.003943026065826416, 0, 0, 8, 6, 13, 0, 0, 0, 0, 4, 1, 5, 0, 0, 0, 5, 0, 1.0, 0, 0, 0, 0, 0, 0, -6.279522895812988, 0.5285577774047852, 4, -1], [1, 0, 0, 0.0, 0, 0, 8, 3, 10, 0, 0, 0, 0, 1, 1, 3, 0, 0, 0, 2, 0, 1.0, 0, 0, 0, 1, 0, 0, -44.802703857421875, 0.0, 4, -1], [1, 0, 0, 0.0, 0, 0, 8, 3, 10, 0, 0, 0, 0, 1, 1, 6, 0, 0, 0, 2, 0, 1.0, 0, 0, 0, 0, 0, 0, -44.802703857421875, 0.0, 2, -1], [0, 0, 0, 0.01516956090927124, 0, 0, 8, 3, 10, 0, 0, 0, 0, 1, 1, 7, 0, 0, 0, 2, 0, 1.0, 0, 0, 0, 0, 0, 0, -44.802703857421875, 0.0, 7, -1], [1, 0, 0, 0.0, 0, 0, 5, 3, 7, 0, 0, 0, 0, 1, 1, 5, 0, 0, 0, 2, 0, 1.0, 0, 0, 0, 1, 0, 0, -44.802703857421875, 0.0, 8, -1], [0, 0, 0, 0.0027469098567962646, 0, 0, 8, 3, 10, 0, 0, 0, 0, 1, 1, 5, 0, 0, 0, 2, 0, 1.0, 0, 0, 0, 0, 0, 0, -44.802703857421875, 0.0, 7, -1], [0, 0, 0, 0.2671952247619629, 0, 0, 8, 3, 10, 0, 0, 0, 0, 1, 1, 5, 0, 0, 0, 2, 0, 1.0, 0, 0, 0, 0, 0, 0, -44.802703857421875, 0.0, 6, -1], [1, 0, 0, 0.07568544149398804, 0, 0, 8, 3, 10, 0, 0, 0, 0, 1, 1, 5, 0, 0, 0, 2, 0, 1.0, 0, 0, 0, 1, 0, 0, -44.802703857421875, 0.0, 6, -1], [0, 0, 0, 0.0, 0, 0, 8, 3, 10, 0, 0, 0, 0, 1, 1, 3, 0, 0, 0, 2, 0, 1.0, 0, 0, 0, 0, 0, 0, -44.802703857421875, 0.0, 5, -1], [1, 0, 0, 0.0, 0, 0, 8, 13, 20, 0, 0, 0, 0, 10, 2, 5, 0, 0, 0, 12, 0, 1.0, 0, 0, 0, 1, 0, 0, -9.19421672821045, 7.880831718444824, 4, -1], [1, 0, 0, 0.0, 0, 0, 8, 13, 20, 0, 0, 0, 0, 11, 1, 5, 0, 0, 0, 12, 0, 1.0, 0, 0, 0, 1, 0, 0, 9.395548820495605, 0.1370992660522461, 10, -1], [1, 0, 0, 0.0, 0, 0, 8, 13, 20, 0, 0, 0, 0, 11, 1, 6, 0, 0, 0, 12, 0, 1.0, 0, 0, 0, 0, 0, 0, 9.395548820495605, 0.1370992660522461, 9, -1], [1, 0, 0, 0.0, 0, 0, 8, 13, 20, 0, 0, 0, 0, 11, 1, 4, 0, 0, 0, 12, 0, 1.0, 0, 0, 0, 1, 0, 0, 9.395548820495605, 0.1370992660522461, 8, -1], [1, 0, 0, 0.0, 0, 0, 8, 13, 20, 0, 0, 0, 0, 11, 1, 5, 0, 0, 0, 12, 0, 1.0, 0, 0, 0, 1, 0, 0, 9.395548820495605, 0.1370992660522461, 8, -1], [1, 0, 0, 0.0, 0, 0, 7, 13, 19, 0, 0, 0, 0, 11, 1, 5, 0, 0, 0, 12, 0, 1.0, 0, 0, 0, 1, 0, 0, -3.9049339294433594, 0.1345682144165039, 5, -1], [0, 0, 0, 0.0, 0, 0, 8, 13, 20, 0, 0, 0, 0, 10, 2, 5, 0, 0, 0, 12, 0, 1.0, 0, 0, 0, 0, 0, 0, -8.562244415283203, 7.439182281494141, 8, -1], [0, 0, 0, 0.0, 0, 0, 8, 13, 20, 0, 0, 0, 0, 11, 1, 5, 0, 0, 0, 12, 0, 1.0, 0, 0, 0, 0, 0, 0, 9.395548820495605, 0.1370992660522461, 7, -1], [0, 0, 0, 0.0, 0, 0, 8, 13, 20, 0, 0, 0, 0, 11, 1, 4, 0, 0, 0, 12, 0, 1.0, 0, 0, 0, 0, 0, 0, -3.8959338665008545, 0.1345670223236084, 7, -1], [0, 0, 0, 0.0, 0, 0, 8, 13, 20, 0, 0, 0, 0, 11, 1, 5, 0, 0, 0, 12, 0, 1.0, 0, 0, 0, 0, 0, 0, -3.886826753616333, 0.13456463813781738, 8, -1], [0, 0, 1, 0.005793184041976929, 0, 0, 8, 13, 20, 0, 0, 1, 0, 11, 1, 3, 0, 0, 0, 12, 0, 1.0, 0, 0, 0, 0, 0, 0, 0.040989555418491364, 6.812724590301514, 6, -1], [0, 0, 0, 0.005793184041976929, 0, 0, 8, 13, 20, 0, 0, 1, 0, 10, 2, 5, 0, 0, 0, 12, 0, 1.0, 0, 0, 0, 0, 0, 0, -12.043188095092773, 1.5246429443359375, 1, -1], [0, 0, 0, 0.0, 0, 0, 8, 13, 20, 0, 0, 0, 0, 10, 2, 6, 0, 0, 0, 12, 0, 1.0, 0, 0, 0, 0, 0, 0, 3.663611650466919, 7.27659273147583, 8, -1], [0, 0, 0, 0.0, 0, 0, 8, 13, 20, 0, 0, 0, 0, 10, 2, 5, 0, 0, 0, 12, 0, 1.0, 0, 0, 0, 0, 0, 0, 4.259673118591309, 7.274355888366699, 10, -1], [0, 0, 0, 0.0, 0, 0, 8, 13, 20, 0, 0, 0, 0, 11, 1, 6, 0, 0, 0, 12, 0, 1.0, 0, 0, 0, 0, 0, 0, 9.395548820495605, 0.1370992660522461, 8, -1], [0, 0, 0, 0.0, 0, 0, 8, 13, 20, 0, 0, 0, 0, 11, 1, 5, 0, 0, 0, 12, 0, 1.0, 0, 0, 0, 0, 0, 0, -4.140924453735352, 0.1451873779296875, 9, -1], [0, 0, 0, 0.0, 0, 0, 8, 13, 20, 0, 0, 0, 0, 11, 1, 5, 0, 0, 0, 12, 0, 1.0, 0, 0, 0, 0, 0, 0, -3.8692030906677246, 0.42542028427124023, 8, -1], [0, 0, 0, 0.0, 0, 0, 8, 13, 20, 0, 0, 0, 0, 10, 2, 5, 0, 0, 0, 12, 0, 1.0, 0, 0, 0, 0, 0, 0, 3.5194218158721924, 7.277490139007568, 9, -1], [0, 0, 0, 0.0, 0, 0, 8, 13, 20, 0, 0, 0, 0, 11, 1, 4, 0, 0, 0, 12, 0, 1.0, 0, 0, 0, 0, 0, 0, 9.395548820495605, 0.1370992660522461, 8, -1], [0, 0, 0, 0.0, 0, 0, 8, 13, 20, 0, 0, 0, 0, 10, 2, 6, 0, 0, 0, 12, 0, 1.0, 0, 0, 0, 0, 0, 0, 2.957857847213745, 7.278353691101074, 5, -1], [1, 0, 0, 0.0, 0, 0, 8, 13, 20, 0, 0, 0, 0, 10, 2, 4, 0, 0, 0, 12, 0, 1.0, 0, 0, 0, 0, 0, 0, 4.723152160644531, 7.427390098571777, 3, -1], [0, 0, 0, 0.0, 0, 0, 8, 13, 20, 0, 0, 0, 0, 11, 1, 5, 0, 0, 0, 12, 0, 1.0, 0, 0, 0, 0, 0, 0, 9.395548820495605, 0.1370992660522461, 7, -1], [0, 0, 0, 0.0, 0, 0, 8, 13, 20, 0, 0, 0, 0, 11, 1, 3, 0, 0, 0, 12, 0, 1.0, 0, 0, 0, 0, 0, 0, -0.3946722447872162, 6.400819778442383, 7, -1], [0, 0, 0, 0.0, 0, 0, 8, 13, 20, 0, 0, 0, 0, 11, 1, 3, 0, 0, 0, 12, 0, 1.0, 0, 0, 0, 0, 0, 0, -4.0214433670043945, 0.14566755294799805, 6, -1], [0, 0, 0, 0.0, 0, 0, 7, 13, 19, 0, 0, 0, 0, 11, 1, 5, 0, 0, 0, 12, 0, 1.0, 0, 0, 0, 0, 0, 0, 9.395548820495605, 0.1370992660522461, 5, -1], [0, 0, 0, 0.0, 0, 0, 8, 13, 20, 0, 0, 0, 0, 11, 1, 5, 0, 0, 0, 12, 0, 1.0, 0, 0, 0, 0, 0, 0, -3.8776044845581055, 0.1345682144165039, 8, -1], [0, 0, 0, 0.0, 0, 0, 8, 13, 20, 0, 0, 0, 0, 9, 2, 5, 0, 0, 0, 12, 0, 1.0, 0, 0, 0, 0, 0, 0, -8.856491088867188, 0.032004356384277344, 4, -1], [0, 0, 0, 0.0, 0, 0, 8, 13, 20, 0, 0, 0, 0, 9, 2, 4, 0, 0, 0, 12, 0, 1.0, 0, 0, 0, 0, 0, 0, -18.106014251708984, 0.7022876739501953, 3, -1], [0, 0, 0, 0.0, 0, 0, 8, 13, 20, 0, 0, 0, 0, 11, 1, 4, 0, 0, 0, 12, 0, 1.0, 0, 0, 0, 0, 0, 0, -3.9138262271881104, 0.1345670223236084, 8, -1], [0, 0, 0, 0.0, 0, 0, 8, 13, 20, 0, 0, 0, 0, 11, 1, 4, 0, 0, 0, 12, 0, 1.0, 0, 0, 0, 0, 0, 0, -3.8692030906677246, 0.42542028427124023, 6, -1], [0, 0, 0, 0.0, 0, 0, 8, 13, 20, 0, 0, 0, 0, 11, 1, 6, 0, 0, 0, 12, 0, 1.0, 0, 0, 0, 0, 0, 0, 9.395548820495605, 0.1370992660522461, 5, -1], [0, 0, 0, 0.0, 0, 0, 8, 13, 20, 0, 0, 0, 0, 11, 1, 5, 0, 0, 0, 12, 0, 1.0, 0, 0, 0, 0, 0, 0, 9.395548820495605, 0.1370992660522461, 10, -1], [0, 0, 0, 0.0, 0, 0, 8, 13, 20, 0, 0, 0, 0, 11, 1, 6, 0, 0, 0, 12, 0, 1.0, 0, 0, 0, 0, 0, 0, -3.930872917175293, 0.28023481369018555, 5, -1], [0, 0, 0, 0.0, 0, 0, 8, 13, 20, 0, 0, 0, 0, 11, 1, 6, 0, 0, 0, 12, 0, 1.0, 0, 0, 0, 0, 0, 0, 9.395548820495605, 0.1370992660522461, 8, -1], [0, 0, 0, 0.0, 0, 0, 8, 13, 20, 0, 0, 0, 0, 11, 1, 4, 0, 0, 0, 12, 0, 1.0, 0, 0, 0, 0, 0, 0, 9.395548820495605, 0.1370992660522461, 7, -1], [0, 0, 0, 0.0, 0, 0, 8, 13, 20, 0, 0, 0, 0, 11, 1, 3, 0, 0, 0, 12, 0, 1.0, 0, 0, 0, 0, 0, 0, -3.9309351444244385, 0.1345674991607666, 8, -1], [0, 0, 0, 0.0, 0, 0, 8, 13, 20, 0, 0, 0, 0, 11, 1, 3, 0, 0, 0, 12, 0, 1.0, 0, 0, 0, 0, 0, 0, 9.395548820495605, 0.1370992660522461, 7, -1], [0, 0, 0, 0.0, 0, 0, 8, 13, 20, 0, 0, 0, 0, 10, 2, 5, 0, 0, 0, 12, 0, 1.0, 0, 0, 0, 0, 0, 0, -8.206214904785156, 7.881113052368164, 4, -1], [0, 0, 0, 0.0, 0, 0, 8, 13, 20, 0, 0, 0, 0, 10, 2, 6, 0, 0, 0, 12, 0, 1.0, 0, 0, 0, 0, 0, 0, -6.914527416229248, 6.688507556915283, 9, -1], [0, 0, 0, 0.0, 0, 0, 8, 13, 20, 0, 0, 0, 0, 11, 1, 4, 0, 0, 0, 12, 0, 1.0, 0, 0, 0, 0, 0, 0, 9.395548820495605, 0.1370992660522461, 7, -1], [0, 0, 0, 0.0, 0, 0, 8, 13, 20, 0, 0, 0, 0, 11, 1, 5, 0, 0, 0, 12, 0, 1.0, 0, 0, 0, 0, 0, 0, -5.0872344970703125, 0.13459348678588867, 8, -1], [0, 0, 0, 0.0, 0, 0, 8, 13, 20, 0, 0, 0, 0, 10, 2, 5, 0, 0, 0, 12, 0, 1.0, 0, 0, 0, 0, 0, 0, -7.895627021789551, 6.804323196411133, 7, -1], [0, 0, 0, 0.0, 0, 0, 8, 3, 10, 0, 0, 0, 0, 1, 1, 5, 0, 0, 0, 2, 0, 1.0, 0, 0, 0, 0, 0, 0, -44.802703857421875, 0.0, 2, -1], [0, 0, 0, 0.519006073474884, 0, 0, 7, 3, 9, 0, 0, 0, 0, 1, 1, 7, 0, 0, 0, 2, 0, 1.0, 0, 0, 0, 0, 0, 0, -44.802703857421875, 0.0, 12, -1], [0, 0, 0, 0.15208706259727478, 0, 0, 8, 3, 10, 0, 0, 0, 0, 1, 1, 7, 0, 0, 0, 2, 0, 1.0, 0, 0, 0, 0, 0, 0, -44.802703857421875, 0.0, 7, -1], [0, 0, 0, 0.012390583753585815, 0, 0, 8, 3, 10, 0, 0, 0, 0, 1, 1, 6, 0, 0, 0, 2, 0, 1.0, 0, 0, 0, 0, 0, 0, -44.802703857421875, 0.0, 5, -1], [1, 0, 0, 0.0678282380104065, 0, 0, 8, 3, 10, 0, 0, 0, 0, 1, 1, 6, 0, 0, 0, 2, 0, 1.0, 0, 0, 0, 1, 0, 0, -44.802703857421875, 0.0, 9, -1], [0, 0, 0, 0.0, 0, 0, 8, 3, 10, 0, 0, 0, 0, 1, 1, 5, 0, 0, 0, 2, 0, 1.0, 0, 0, 0, 0, 0, 0, -44.802703857421875, 0.0, 8, -1], [0, 0, 0, 0.7253910303115845, 0, 0, 4, 3, 6, 0, 0, 0, 0, 1, 1, 3, 0, 0, 0, 2, 0, 1.0, 0, 0, 0, 0, 0, 0, -44.802703857421875, 0.0, 6, -1], [1, 0, 0, 0.08457952737808228, 0, 0, 7, 3, 9, 0, 0, 0, 0, 1, 1, 5, 0, 0, 0, 2, 0, 1.0, 0, 0, 0, 1, 0, 0, -44.802703857421875, 0.0, 6, -1], [0, 0, 0, 0.25123000144958496, 0, 0, 8, 3, 10, 0, 0, 0, 0, 1, 1, 5, 0, 0, 0, 2, 0, 1.0, 0, 0, 0, 0, 0, 0, -44.802703857421875, 0.0, 9, -1], [0, 0, 0, 0.003073066473007202, 0, 0, 8, 3, 10, 0, 0, 0, 0, 1, 1, 8, 0, 0, 0, 2, 0, 1.0, 0, 0, 0, 0, 0, 0, -44.802703857421875, 0.0, 12, -1], [0, 0, 0, 0.0, 0, 0, 8, 4, 11, 0, 0, 0, 0, 2, 1, 3, 0, 0, 0, 3, 0, 1.0, 0, 0, 0, 0, 0, 0, -19.753969192504883, 3.703256607055664, 2, -1], [0, 0, 0, 0.0, 0, 0, 8, 4, 11, 0, 0, 0, 0, 2, 1, 3, 0, 0, 0, 3, 0, 1.0, 0, 0, 0, 0, 0, 0, -19.753969192504883, 3.703256607055664, 2, -1], [0, 0, 0, 0.020825371146202087, 0, 0, 8, 4, 11, 0, 0, 0, 0, 2, 1, 6, 0, 0, 0, 3, 0, 1.0, 0, 0, 0, 0, 0, 0, -19.753969192504883, 3.703256607055664, 11, -1], [1, 0, 0, 0.32181626558303833, 0, 0, 8, 3, 10, 0, 0, 0, 0, 1, 1, 7, 0, 0, 0, 2, 0, 1.0, 0, 0, 0, 1, 0, 0, -44.802703857421875, 0.0, 9, -1], [0, 0, 0, 0.0, 0, 0, 8, 3, 10, 0, 0, 0, 0, 1, 1, 4, 0, 0, 0, 2, 0, 1.0, 0, 0, 0, 0, 0, 0, -44.802703857421875, 0.0, 2, -1], [0, 0, 0, 0.0, 0, 0, 8, 5, 12, 0, 0, 0, 0, 3, 1, 5, 0, 0, 0, 4, 0, 1.0, 0, 0, 0, 0, 0, 0, -11.637104988098145, 0.8038110733032227, 4, -1], [0, 0, 0, 0.005612552165985107, 0, 0, 8, 5, 12, 0, 0, 0, 0, 3, 1, 5, 0, 0, 0, 4, 0, 1.0, 0, 0, 0, 0, 0, 0, -11.637104988098145, 0.8038110733032227, 2, -1], [0, 0, 0, 0.03601306676864624, 0, 0, 8, 5, 12, 0, 0, 0, 0, 3, 1, 3, 0, 0, 0, 4, 0, 1.0, 0, 0, 0, 0, 0, 0, -11.637104988098145, 0.8038110733032227, 2, -1], [0, 0, 0, 0.007101833820343018, 0, 0, 8, 5, 12, 0, 0, 0, 0, 3, 1, 5, 0, 0, 0, 4, 0, 1.0, 0, 0, 0, 0, 0, 0, -11.637104988098145, 0.8038110733032227, 3, -1], [1, 0, 0, 0.0, 0, 0, 6, 5, 10, 0, 0, 0, 0, 3, 1, 6, 0, 0, 0, 4, 0, 1.0, 0, 0, 0, 1, 0, 0, -11.637104988098145, 0.8038110733032227, 14, -1], [0, 0, 0, 0.0, 0, 0, 7, 5, 11, 0, 0, 0, 0, 3, 1, 6, 0, 0, 0, 4, 0, 1.0, 0, 0, 0, 0, 0, 0, -11.637104988098145, 0.8038110733032227, 12, -1], [1, 0, 0, 0.040864408016204834, 0, 0, 7, 5, 11, 0, 0, 0, 0, 3, 1, 7, 0, 0, 0, 4, 0, 1.0, 0, 0, 0, 1, 0, 0, -11.637104988098145, 0.8038110733032227, 12, -1], [1, 0, 0, 0.0, 0, 0, 8, 5, 12, 0, 0, 0, 0, 3, 1, 6, 0, 0, 0, 4, 0, 1.0, 0, 0, 0, 1, 0, 0, -11.637104988098145, 0.8038110733032227, 7, -1], [0, 0, 0, 0.03464090824127197, 0, 0, 7, 3, 9, 0, 0, 0, 0, 1, 1, 4, 0, 0, 0, 2, 0, 1.0, 0, 0, 0, 0, 0, 0, -44.802703857421875, 0.0, 6, -1], [1, 0, 0, 0.003774404525756836, 0, 0, 4, 3, 6, 0, 0, 0, 0, 1, 1, 4, 0, 0, 0, 2, 0, 1.0, 0, 0, 0, 1, 0, 0, -44.802703857421875, 0.0, 4, -1], [0, 0, 0, 0.02581346035003662, 0, 0, 5, 3, 7, 0, 0, 0, 0, 1, 1, 5, 0, 0, 0, 2, 0, 1.0, 0, 0, 0, 0, 0, 0, -44.802703857421875, 0.0, 9, -1], [0, 0, 0, 0.5823118984699249, 0, 0, 8, 3, 10, 0, 0, 0, 0, 1, 1, 3, 0, 0, 0, 2, 0, 1.0, 0, 0, 0, 0, 0, 0, -44.802703857421875, 0.0, 2, -1], [0, 0, 0, 0.06914427876472473, 0, 0, 7, 3, 9, 0, 0, 0, 0, 1, 1, 7, 0, 0, 0, 2, 0, 1.0, 0, 0, 0, 0, 0, 0, -44.802703857421875, 0.0, 10, -1], [0, 0, 0, 0.11001646518707275, 0, 0, 7, 3, 9, 0, 0, 0, 0, 1, 1, 5, 0, 0, 0, 2, 0, 1.0, 0, 0, 0, 0, 0, 0, -44.802703857421875, 0.0, 3, -1], [1, 0, 0, 0.010925233364105225, 0, 0, 8, 3, 10, 0, 0, 0, 0, 1, 1, 5, 0, 0, 0, 2, 0, 1.0, 0, 0, 0, 1, 0, 0, -44.802703857421875, 0.0, 9, -1], [0, 0, 0, 0.21497005224227905, 0, 0, 8, 3, 10, 0, 0, 0, 0, 1, 1, 8, 0, 0, 0, 2, 0, 1.0, 0, 0, 0, 0, 0, 0, -44.802703857421875, 0.0, 10, -1], [1, 0, 0, 0.010065138339996338, 0, 0, 5, 3, 7, 0, 0, 0, 0, 1, 1, 5, 0, 0, 0, 2, 0, 1.0, 0, 0, 0, 1, 0, 0, -44.802703857421875, 0.0, 7, -1], [0, 0, 0, 0.05320349335670471, 0, 0, 8, 3, 10, 0, 0, 0, 0, 1, 1, 7, 0, 0, 0, 2, 0, 1.0, 0, 0, 0, 0, 0, 0, -44.802703857421875, 0.0, 9, -1], [0, 0, 0, 0.13453751802444458, 0, 0, 8, 4, 11, 0, 0, 0, 0, 2, 1, 5, 0, 0, 0, 3, 0, 1.0, 0, 0, 0, 0, 0, 0, -19.753969192504883, 3.703256607055664, 4, -1], [1, 0, 0, 0.0, 0, 0, 6, 4, 9, 0, 0, 0, 0, 2, 1, 3, 0, 0, 0, 3, 0, 1.0, 0, 0, 0, 1, 0, 0, -19.753969192504883, 3.703256607055664, 8, -1], [0, 0, 0, 0.0, 0, 0, 3, 4, 6, 0, 0, 0, 0, 2, 1, 3, 0, 0, 0, 3, 0, 1.0, 0, 0, 0, 0, 0, 0, -19.753969192504883, 3.703256607055664, 5, -1], [1, 0, 0, 0.4117504358291626, 0, 0, 5, 3, 7, 0, 0, 0, 0, 1, 1, 5, 0, 0, 0, 2, 0, 1.0, 0, 0, 0, 1, 0, 0, -44.802703857421875, 0.0, 8, -1], [1, 0, 0, 0.0, 0, 0, 8, 3, 10, 1, 0, 0, 0, 1, 1, 5, 0, 0, 0, 2, 0, 1.0, 0, 0, 0, 0, 0, 0, -44.802703857421875, 0.0, 4, -1], [0, 0, 0, 0.03648868203163147, 0, 0, 8, 5, 12, 0, 0, 0, 0, 3, 1, 7, 0, 0, 0, 4, 0, 1.0, 0, 0, 0, 0, 0, 0, -11.637104988098145, 0.8038110733032227, 10, -1], [0, 0, 0, 0.0043523311614990234, 0, 0, 5, 5, 9, 0, 0, 0, 0, 3, 1, 5, 0, 0, 0, 4, 0, 1.0, 0, 0, 0, 0, 0, 0, -11.637104988098145, 0.8038110733032227, 10, -1], [0, 0, 0, 0.10034137964248657, 0, 0, 8, 5, 12, 0, 0, 0, 0, 3, 1, 5, 0, 0, 0, 4, 0, 1.0, 0, 0, 0, 0, 0, 0, -11.637104988098145, 0.8038110733032227, 6, -1], [0, 0, 0, 0.04112088680267334, 0, 0, 8, 5, 12, 0, 0, 0, 0, 3, 1, 5, 0, 0, 0, 4, 0, 1.0, 0, 0, 0, 0, 0, 0, -11.637104988098145, 0.8038110733032227, 5, -1], [0, 0, 0, 0.0, 0, 0, 3, 3, 5, 0, 0, 0, 0, 1, 1, 3, 0, 0, 0, 2, 0, 1.0, 0, 0, 0, 0, 0, 0, -44.802703857421875, 0.0, 6, -1], [1, 0, 0, 0.04484444856643677, 0, 0, 7, 3, 9, 0, 0, 0, 0, 1, 1, 7, 0, 0, 0, 2, 0, 1.0, 0, 0, 0, 1, 0, 0, -44.802703857421875, 0.0, 11, -1], [0, 0, 0, 0.638658881187439, 0, 0, 8, 3, 10, 0, 0, 0, 0, 1, 1, 8, 0, 0, 0, 2, 0, 1.0, 0, 0, 0, 0, 0, 0, -44.802703857421875, 0.0, 8, -1], [0, 0, 0, 0.01945170760154724, 0, 0, 8, 3, 10, 0, 0, 0, 0, 1, 1, 6, 0, 0, 0, 2, 0, 1.0, 0, 0, 0, 0, 0, 0, -44.802703857421875, 0.0, 8, -1], [1, 0, 0, 0.0, 0, 0, 2, 3, 4, 1, 0, 0, 0, 1, 1, 2, 0, 0, 0, 2, 0, 1.0, 0, 0, 0, 0, 0, 0, -44.802703857421875, 0.0, 2, -1], [0, 0, 0, 0.0, 0, 0, 8, 3, 10, 0, 0, 0, 0, 1, 1, 3, 0, 0, 0, 2, 0, 1.0, 0, 0, 0, 0, 0, 0, -44.802703857421875, 0.0, 2, -1], [1, 0, 0, 0.0, 0, 0, 5, 4, 8, 0, 0, 0, 0, 2, 1, 5, 0, 0, 0, 3, 0, 1.0, 0, 0, 0, 1, 0, 0, -19.753969192504883, 3.703256607055664, 9, -1], [0, 0, 0, 0.0, 0, 0, 7, 4, 10, 0, 0, 0, 0, 2, 1, 6, 0, 0, 0, 3, 0, 1.0, 0, 0, 0, 0, 0, 0, -19.753969192504883, 3.703256607055664, 10, -1], [1, 0, 0, 0.0, 0, 0, 4, 4, 7, 0, 0, 0, 0, 2, 1, 4, 0, 0, 0, 3, 0, 1.0, 0, 0, 0, 1, 0, 0, -19.753969192504883, 3.703256607055664, 8, -1], [1, 0, 0, 0.03710949420928955, 0, 0, 4, 4, 7, 0, 0, 0, 0, 2, 1, 4, 0, 0, 0, 3, 0, 1.0, 0, 0, 0, 1, 0, 0, -19.753969192504883, 3.703256607055664, 9, -1], [0, 0, 0, 0.28295522928237915, 0, 0, 8, 4, 11, 0, 0, 0, 0, 2, 1, 5, 0, 0, 0, 3, 0, 1.0, 0, 0, 0, 0, 0, 0, -19.753969192504883, 3.703256607055664, 4, -1], [0, 0, 0, 0.30830925703048706, 0, 0, 8, 4, 11, 0, 0, 0, 0, 2, 1, 5, 0, 0, 0, 3, 0, 1.0, 0, 0, 0, 0, 0, 0, -19.753969192504883, 3.703256607055664, 4, -1], [0, 0, 0, 0.12988615036010742, 0, 0, 8, 3, 10, 0, 0, 0, 0, 1, 1, 7, 0, 0, 0, 2, 0, 1.0, 0, 0, 0, 0, 0, 0, -44.802703857421875, 0.0, 6, -1], [0, 0, 0, 0.0, 0, 0, 8, 3, 10, 0, 0, 0, 0, 1, 1, 4, 0, 0, 0, 2, 0, 1.0, 0, 0, 0, 0, 0, 0, -44.802703857421875, 0.0, 2, -1], [0, 0, 0, 0.0, 0, 0, 2, 3, 4, 0, 0, 0, 0, 1, 1, 2, 0, 0, 0, 2, 0, 1.0, 0, 0, 0, 0, 0, 0, -44.802703857421875, 0.0, 2, -1], [0, 0, 0, 0.0, 0, 0, 4, 3, 6, 0, 1, 0, 0, 1, 1, 4, 0, 0, 0, 2, 0, 1.0, 0, 0, 0, 0, 0, 0, -44.802703857421875, 0.0, 3, -1], [0, 0, 0, 0.042684316635131836, 0, 0, 8, 3, 10, 0, 0, 0, 0, 1, 1, 7, 0, 0, 0, 2, 0, 1.0, 0, 0, 0, 0, 0, 0, -44.802703857421875, 0.0, 9, -1], [0, 0, 0, 0.0, 0, 0, 6, 3, 8, 0, 0, 0, 0, 1, 1, 5, 0, 0, 0, 2, 0, 1.0, 0, 0, 0, 0, 0, 0, -44.802703857421875, 0.0, 8, -1], [0, 0, 0, 0.05520416796207428, 0, 0, 8, 4, 11, 0, 0, 0, 0, 2, 1, 5, 0, 0, 0, 3, 0, 1.0, 0, 0, 0, 0, 0, 0, -19.753969192504883, 3.703256607055664, 5, -1], [1, 0, 0, 0.05023816227912903, 0, 0, 5, 4, 8, 0, 0, 0, 0, 2, 1, 4, 0, 0, 0, 3, 0, 1.0, 0, 0, 0, 1, 0, 0, -19.753969192504883, 3.703256607055664, 5, -1], [1, 0, 0, 0.06056743860244751, 0, 0, 5, 4, 8, 0, 0, 0, 0, 2, 1, 4, 0, 0, 0, 3, 0, 1.0, 0, 0, 0, 1, 0, 0, -19.753969192504883, 3.703256607055664, 5, -1], [0, 0, 0, 0.0, 0, 0, 8, 4, 11, 1, 0, 0, 0, 2, 1, 3, 0, 0, 0, 3, 0, 1.0, 0, 0, 0, 0, 0, 0, -19.753969192504883, 3.703256607055664, 6, -1], [1, 0, 0, 0.0, 0, 0, 5, 4, 8, 1, 0, 0, 0, 2, 1, 5, 0, 0, 0, 3, 0, 1.0, 0, 0, 0, 0, 0, 0, -19.753969192504883, 3.703256607055664, 4, -1], [0, 0, 0, 0.32055699825286865, 0, 0, 8, 4, 11, 0, 0, 0, 0, 2, 1, 4, 0, 0, 0, 3, 0, 1.0, 0, 0, 0, 0, 0, 0, -19.753969192504883, 3.703256607055664, 7, -1], [0, 0, 0, 0.02391892671585083, 0, 0, 8, 3, 10, 0, 0, 0, 0, 1, 1, 6, 0, 0, 0, 2, 0, 1.0, 0, 0, 0, 0, 0, 0, -44.802703857421875, 0.0, 13, -1], [0, 0, 0, 0.4154929518699646, 0, 0, 8, 3, 10, 0, 0, 0, 0, 1, 1, 6, 0, 0, 0, 2, 0, 1.0, 0, 0, 0, 0, 0, 0, -44.802703857421875, 0.0, 12, -1], [0, 0, 0, 0.0, 0, 0, 8, 3, 10, 0, 1, 0, 0, 1, 1, 3, 0, 0, 0, 2, 0, 1.0, 0, 0, 0, 0, 0, 0, -44.802703857421875, 0.0, 5, -1], [1, 0, 0, 0.0, 0, 0, 1, 3, 3, 0, 0, 0, 0, 1, 1, 1, 0, 0, 0, 2, 0, 1.0, 0, 0, 0, 1, 0, 0, -44.802703857421875, 0.0, 9, -1], [0, 0, 0, 0.0, 0, 0, 8, 4, 11, 0, 0, 0, 0, 2, 1, 5, 0, 0, 0, 3, 0, 1.0, 0, 0, 0, 0, 0, 0, -19.753969192504883, 3.703256607055664, 5, -1], [0, 0, 0, 0.0, 0, 0, 8, 4, 11, 0, 0, 0, 0, 2, 1, 5, 0, 0, 0, 3, 0, 1.0, 0, 0, 0, 0, 0, 0, -19.753969192504883, 3.703256607055664, 5, -1], [1, 0, 0, 0.1111307442188263, 0, 0, 8, 4, 11, 0, 0, 0, 0, 2, 1, 7, 0, 0, 0, 3, 0, 1.0, 0, 0, 0, 1, 0, 0, -19.753969192504883, 3.703256607055664, 10, -1], [0, 0, 0, 0.0, 0, 0, 8, 5, 12, 0, 0, 0, 0, 3, 1, 3, 0, 0, 0, 4, 0, 1.0, 0, 0, 0, 0, 0, 0, -11.637104988098145, 0.8038110733032227, 2, -1], [0, 0, 0, 0.03283041715621948, 0, 0, 8, 5, 12, 0, 0, 0, 0, 3, 1, 4, 0, 0, 0, 4, 0, 1.0, 0, 0, 0, 0, 0, 0, -11.637104988098145, 0.8038110733032227, 2, -1], [1, 0, 0, 0.1175367534160614, 0, 0, 6, 5, 10, 0, 1, 0, 0, 3, 1, 6, 0, 0, 0, 4, 0, 1.0, 0, 0, 0, 1, 0, 0, -11.637104988098145, 0.8038110733032227, 11, -1], [0, 0, 0, 0.02458977699279785, 0, 0, 8, 5, 12, 0, 0, 0, 0, 3, 1, 4, 0, 0, 0, 4, 0, 1.0, 0, 0, 0, 0, 0, 0, -11.637104988098145, 0.8038110733032227, 2, -1], [0, 0, 0, 0.09847395122051239, 0, 1, 8, 8, 15, 0, 0, 0, 0, 6, 1, 5, 0, 0, 0, 7, 0, 1.0, 0, 0, 1, 0, 0, 0, -20.742673873901367, 0.0, 7, -1], [0, 0, 0, 0.13129612803459167, 0, 1, 8, 8, 15, 0, 0, 0, 0, 6, 1, 5, 0, 0, 0, 7, 0, 1.0, 0, 0, 1, 0, 0, 0, -20.742673873901367, 0.0, 8, -1], [0, 0, 0, 0.01667693257331848, 0, 1, 8, 8, 15, 0, 0, 0, 0, 6, 1, 5, 0, 0, 0, 7, 0, 1.0, 0, 0, 1, 0, 0, 0, -20.742673873901367, 0.0, 8, -1], [0, 0, 0, 0.09627008438110352, 0, 1, 8, 8, 15, 0, 0, 0, 0, 6, 1, 7, 0, 0, 0, 7, 0, 1.0, 0, 0, 2, 0, 0, 0, -20.805246353149414, 0.0, 11, -1], [0, 0, 0, 0.07762470841407776, 0, 1, 8, 8, 15, 0, 0, 0, 0, 6, 1, 5, 0, 0, 0, 7, 0, 1.0, 0, 0, 1, 0, 0, 0, -20.742673873901367, 0.0, 8, -1], [0, 0, 0, 0.17189601063728333, 0, 1, 8, 8, 15, 0, 0, 0, 0, 6, 1, 5, 0, 0, 0, 7, 0, 1.0, 0, 0, 1, 0, 0, 0, -20.742673873901367, 0.0, 8, -1], [0, 0, 0, 0.1089920699596405, 0, 1, 8, 8, 15, 0, 0, 0, 0, 6, 1, 5, 0, 0, 0, 7, 0, 1.0, 0, 0, 1, 0, 0, 0, -20.742673873901367, 0.0, 8, -1], [1, 0, 0, 0.31786954402923584, 0, 0, 8, 3, 10, 0, 0, 0, 0, 1, 1, 5, 0, 0, 0, 2, 0, 1.0, 0, 0, 0, 1, 0, 0, -44.802703857421875, 0.0, 7, -1], [0, 0, 0, 0.09854236245155334, 0, 0, 8, 3, 10, 0, 0, 0, 0, 1, 1, 1, 0, 0, 0, 2, 0, 0.16666666666666666, 0, 0, 0, 0, 0, 0, -44.802703857421875, 0.0, 1, -1], [0, 0, 0, 0.0, 0, 0, 8, 3, 10, 0, 1, 0, 0, 1, 1, 3, 0, 0, 0, 2, 0, 1.0, 0, 0, 0, 0, 0, 0, -44.802703857421875, 0.0, 2, -1], [1, 0, 0, 0.0, 0, 0, 2, 3, 4, 1, 1, 0, 0, 1, 1, 2, 0, 0, 0, 2, 0, 1.0, 0, 0, 0, 0, 0, 0, -44.802703857421875, 0.0, 2, -1], [1, 0, 0, 0.0, 0, 0, 4, 5, 8, 0, 0, 0, 0, 3, 1, 3, 0, 0, 0, 4, 0, 1.0, 0, 0, 0, 1, 0, 0, -11.637104988098145, 0.8038110733032227, 7, -1], [1, 0, 0, 0.0, 0, 0, 4, 5, 8, 0, 0, 0, 0, 3, 1, 3, 0, 0, 0, 4, 0, 1.0, 0, 0, 0, 1, 0, 0, -11.637104988098145, 0.8038110733032227, 7, -1], [0, 0, 0, 0.0, 0, 0, 8, 5, 12, 0, 0, 0, 0, 3, 1, 4, 0, 0, 0, 4, 0, 1.0, 0, 0, 0, 0, 0, 0, -11.637104988098145, 0.8038110733032227, 5, -1], [1, 0, 0, 0.0, 0, 0, 6, 5, 10, 0, 0, 0, 0, 3, 1, 4, 0, 0, 0, 4, 0, 1.0, 0, 0, 0, 1, 0, 0, -11.637104988098145, 0.8038110733032227, 8, -1], [1, 0, 0, 0.003331780433654785, 0, 0, 3, 3, 5, 0, 0, 0, 0, 1, 1, 3, 0, 0, 0, 2, 0, 1.0, 0, 0, 0, 1, 0, 0, -44.802703857421875, 0.0, 5, -1], [1, 0, 0, 0.5569643378257751, 0, 0, 8, 3, 10, 0, 0, 0, 0, 1, 1, 6, 0, 0, 0, 2, 0, 1.0, 0, 0, 0, 1, 0, 0, -44.802703857421875, 0.0, 8, -1], [0, 0, 0, 0.03098130226135254, 0, 0, 8, 5, 12, 0, 0, 0, 0, 3, 1, 5, 0, 0, 0, 4, 0, 1.0, 0, 0, 0, 0, 0, 0, -11.637104988098145, 0.8038110733032227, 3, -1], [0, 0, 0, 0.08876562118530273, 0, 0, 8, 5, 12, 0, 0, 0, 0, 3, 1, 7, 0, 0, 0, 4, 0, 1.0, 0, 0, 0, 0, 0, 0, -11.637104988098145, 0.8038110733032227, 13, -1], [0, 0, 0, 0.1789528727531433, 0, 0, 8, 5, 12, 0, 0, 0, 0, 3, 1, 8, 0, 0, 0, 4, 0, 1.0, 0, 0, 0, 0, 0, 0, -11.637104988098145, 0.8038110733032227, 10, -1], [0, 0, 0, 0.3560302257537842, 0, 0, 8, 5, 12, 0, 0, 0, 0, 3, 1, 7, 0, 0, 0, 4, 0, 1.0, 0, 0, 0, 0, 0, 0, -11.637104988098145, 0.8038110733032227, 8, -1], [1, 0, 0, 0.4337359666824341, 0, 0, 7, 3, 9, 0, 0, 0, 0, 1, 1, 7, 0, 0, 0, 2, 0, 1.0, 0, 0, 0, 1, 0, 0, -44.802703857421875, 0.0, 10, -1], [1, 0, 0, 0.0034791231155395508, 0, 0, 8, 3, 10, 0, 0, 0, 0, 1, 1, 6, 0, 0, 0, 2, 0, 1.0, 0, 0, 0, 1, 0, 0, -44.802703857421875, 0.0, 10, -1], [0, 0, 0, 0.039751648902893066, 0, 0, 5, 3, 7, 0, 0, 0, 0, 1, 1, 5, 0, 0, 0, 2, 0, 1.0, 0, 0, 0, 0, 0, 0, -44.802703857421875, 0.0, 10, -1], [0, 0, 0, 0.032112330198287964, 0, 0, 8, 3, 10, 0, 0, 0, 0, 1, 1, 5, 0, 0, 0, 2, 0, 1.0, 0, 0, 0, 0, 0, 0, -44.802703857421875, 0.0, 4, -1], [1, 0, 0, 0.22525787353515625, 0, 0, 8, 4, 11, 0, 0, 0, 0, 2, 1, 7, 0, 0, 0, 3, 0, 1.0, 0, 0, 0, 1, 0, 0, -19.753969192504883, 3.703256607055664, 8, -1], [0, 0, 0, 0.0, 0, 0, 8, 4, 11, 0, 0, 0, 0, 2, 1, 7, 0, 0, 0, 3, 0, 1.0, 0, 0, 0, 0, 0, 0, -19.753969192504883, 3.703256607055664, 8, -1], [0, 0, 0, 0.5095236003398895, 0, 0, 8, 4, 11, 0, 0, 0, 0, 2, 1, 7, 0, 0, 0, 3, 0, 1.0, 0, 0, 0, 0, 0, 0, -19.753969192504883, 3.703256607055664, 7, -1], [1, 0, 0, 0.0874948799610138, 0, 0, 8, 3, 10, 0, 0, 0, 0, 1, 1, 7, 0, 0, 0, 2, 0, 1.0, 0, 0, 0, 1, 0, 0, -44.802703857421875, 0.0, 7, -1], [1, 0, 0, 0.47088706493377686, 0, 0, 8, 3, 10, 0, 0, 0, 0, 1, 1, 6, 0, 0, 0, 2, 0, 1.0, 0, 0, 0, 1, 0, 0, -44.802703857421875, 0.0, 9, -1], [0, 0, 0, 0.0, 0, 0, 6, 3, 8, 0, 0, 0, 0, 1, 1, 4, 0, 0, 0, 2, 0, 1.0, 0, 0, 0, 0, 0, 0, -44.802703857421875, 0.0, 2, -1], [0, 0, 0, 0.0, 0, 0, 8, 3, 10, 0, 0, 0, 0, 1, 1, 5, 0, 0, 0, 2, 0, 1.0, 0, 0, 0, 0, 0, 0, -44.802703857421875, 0.0, 2, -1], [0, 0, 0, 0.0, 0, 0, 8, 4, 11, 0, 0, 0, 0, 2, 1, 5, 0, 0, 0, 3, 0, 1.0, 0, 0, 0, 0, 0, 0, -19.753969192504883, 3.703256607055664, 5, -1], [0, 0, 0, 0.0, 0, 0, 8, 4, 11, 0, 0, 0, 0, 2, 1, 5, 0, 0, 0, 3, 0, 1.0, 0, 0, 0, 0, 0, 0, -19.753969192504883, 3.703256607055664, 5, -1], [0, 0, 0, 0.0, 0, 0, 5, 4, 8, 0, 0, 0, 0, 2, 1, 5, 0, 0, 0, 3, 0, 1.0, 0, 0, 0, 0, 0, 0, -19.753969192504883, 3.703256607055664, 12, -1], [0, 0, 0, 0.003480851650238037, 0, 0, 8, 3, 10, 0, 0, 0, 0, 1, 1, 2, 0, 0, 0, 2, 0, 1.0, 0, 0, 0, 0, 0, 0, -44.802703857421875, 0.0, 5, -1], [1, 0, 0, 0.2956449091434479, 0, 0, 8, 3, 10, 0, 0, 0, 0, 1, 1, 4, 0, 0, 0, 2, 0, 1.0, 0, 0, 0, 1, 0, 0, -44.802703857421875, 0.0, 5, -1], [0, 0, 0, 0.19962859153747559, 0, 0, 8, 4, 11, 0, 0, 0, 0, 2, 1, 8, 0, 0, 0, 3, 0, 1.0, 0, 0, 0, 0, 0, 0, -19.753969192504883, 3.703256607055664, 11, -1], [0, 0, 0, 0.35535728931427, 0, 0, 8, 4, 11, 0, 0, 0, 0, 2, 1, 7, 0, 0, 0, 3, 0, 1.0, 0, 0, 0, 0, 0, 0, -19.753969192504883, 3.703256607055664, 14, -1], [1, 0, 0, 0.1341933012008667, 0, 0, 8, 4, 11, 0, 0, 0, 0, 2, 1, 8, 0, 0, 0, 3, 0, 1.0, 0, 0, 0, 1, 0, 0, -19.753969192504883, 3.703256607055664, 11, -1], [0, 0, 0, 0.009846597909927368, 0, 0, 8, 3, 10, 0, 0, 0, 0, 1, 1, 3, 0, 0, 0, 2, 0, 1.0, 0, 0, 0, 0, 0, 0, -44.802703857421875, 0.0, 4, -1], [0, 0, 0, 0.08259731531143188, 0, 0, 8, 3, 10, 0, 0, 0, 0, 1, 1, 5, 0, 0, 0, 2, 0, 1.0, 0, 0, 0, 0, 0, 0, -44.802703857421875, 0.0, 5, -1], [1, 0, 0, 0.13770052790641785, 0, 0, 8, 3, 10, 0, 0, 0, 0, 1, 1, 8, 0, 0, 0, 2, 0, 1.0, 0, 0, 0, 1, 0, 0, -44.802703857421875, 0.0, 11, -1], [0, 0, 0, 0.2520625591278076, 0, 0, 8, 3, 10, 0, 0, 0, 0, 1, 1, 3, 0, 0, 0, 2, 0, 1.0, 0, 0, 0, 0, 0, 0, -44.802703857421875, 0.0, 6, -1], [0, 0, 0, 0.3121534585952759, 0, 0, 8, 3, 10, 0, 0, 0, 0, 1, 1, 5, 0, 0, 0, 2, 0, 1.0, 0, 0, 0, 0, 0, 0, -44.802703857421875, 0.0, 7, -1], [1, 0, 0, 0.012173235416412354, 0, 0, 8, 3, 10, 0, 0, 0, 0, 1, 1, 2, 0, 0, 0, 2, 0, 1.0, 0, 0, 0, 1, 0, 0, -44.802703857421875, 0.0, 4, -1], [1, 0, 0, 0.1437053084373474, 0, 0, 8, 5, 12, 0, 0, 0, 0, 3, 1, 5, 0, 0, 0, 4, 0, 1.0, 0, 0, 0, 1, 0, 0, -11.637104988098145, 0.8038110733032227, 4, -1], [1, 0, 0, 0.19088122248649597, 0, 0, 8, 5, 12, 0, 0, 0, 0, 3, 1, 4, 0, 0, 0, 4, 0, 1.0, 0, 0, 0, 1, 0, 0, -11.637104988098145, 0.8038110733032227, 2, -1], [1, 0, 0, 0.08896970748901367, 0, 0, 8, 5, 12, 0, 0, 0, 0, 3, 1, 5, 0, 0, 0, 4, 0, 1.0, 0, 0, 0, 1, 0, 0, -11.637104988098145, 0.8038110733032227, 3, -1], [0, 0, 0, 0.02784860134124756, 0, 0, 8, 5, 12, 0, 0, 0, 0, 3, 1, 5, 0, 0, 0, 4, 0, 1.0, 0, 0, 0, 0, 0, 0, -11.637104988098145, 0.8038110733032227, 4, -1], [0, 0, 0, 0.006939351558685303, 0, 0, 8, 3, 10, 0, 0, 0, 0, 1, 1, 6, 0, 0, 0, 2, 0, 1.0, 0, 0, 0, 0, 0, 0, -44.802703857421875, 0.0, 12, -1], [0, 0, 0, 0.015569180250167847, 0, 0, 8, 3, 10, 0, 0, 0, 0, 1, 1, 5, 0, 0, 0, 2, 0, 1.0, 0, 0, 0, 0, 0, 0, -44.802703857421875, 0.0, 6, -1], [1, 0, 0, 0.0, 0, 0, 8, 5, 12, 0, 0, 0, 0, 3, 1, 5, 0, 0, 0, 4, 0, 1.0, 0, 0, 0, 0, 0, 0, -11.637104988098145, 0.8038110733032227, 6, -1], [1, 0, 0, 0.008018702268600464, 0, 0, 8, 5, 12, 0, 0, 0, 0, 3, 1, 5, 0, 0, 0, 4, 0, 1.0, 0, 0, 0, 1, 0, 0, -11.637104988098145, 0.8038110733032227, 8, -1], [1, 0, 0, 0.0, 0, 0, 8, 5, 12, 0, 0, 0, 0, 3, 1, 3, 0, 0, 0, 4, 0, 1.0, 0, 0, 0, 1, 0, 0, -11.637104988098145, 0.8038110733032227, 5, -1], [1, 0, 0, 0.0, 0, 0, 8, 5, 12, 0, 0, 0, 0, 3, 1, 4, 0, 0, 0, 4, 0, 1.0, 0, 0, 0, 1, 0, 0, -11.637104988098145, 0.8038110733032227, 5, -1], [1, 0, 0, 0.4988161325454712, 0, 0, 8, 3, 10, 0, 0, 0, 0, 1, 1, 8, 0, 0, 0, 2, 0, 1.0, 0, 0, 0, 1, 0, 0, -44.802703857421875, 0.0, 10, -1], [0, 0, 0, 0.011873364448547363, 0, 0, 8, 3, 10, 0, 0, 0, 0, 1, 1, 4, 0, 0, 0, 2, 0, 1.0, 0, 0, 0, 0, 0, 0, -44.802703857421875, 0.0, 6, -1], [1, 0, 0, 0.1915639042854309, 0, 0, 5, 5, 9, 0, 0, 0, 0, 3, 1, 5, 0, 0, 0, 4, 0, 1.0, 0, 0, 0, 1, 0, 0, -11.637104988098145, 0.8038110733032227, 6, -1], [1, 0, 0, 0.1768055558204651, 0, 0, 8, 5, 12, 0, 0, 0, 0, 3, 1, 6, 0, 0, 0, 4, 0, 1.0, 0, 0, 0, 1, 0, 0, -11.637104988098145, 0.8038110733032227, 6, -1], [1, 0, 0, 0.17616942524909973, 0, 0, 7, 5, 11, 0, 0, 0, 0, 3, 1, 6, 0, 0, 0, 4, 0, 1.0, 0, 0, 0, 1, 0, 0, -11.637104988098145, 0.8038110733032227, 6, -1], [0, 0, 0, 0.0, 0, 0, 8, 5, 12, 0, 0, 0, 0, 3, 1, 6, 0, 0, 0, 4, 0, 1.0, 0, 0, 0, 0, 0, 0, -11.637104988098145, 0.8038110733032227, 8, -1], [1, 0, 0, 0.05695068836212158, 0, 1, 8, 12, 19, 1, 0, 1, 0, 6, 3, 2, 0, 0, 0, 11, 0, 1.0, 0, 0, 1, 0, 0, 0, -67.7587661743164, 3.6959686279296875, 2, -1], [1, 0, 0, 0.023105919361114502, 1, 1, 8, 12, 19, 1, 0, 1, 0, 6, 3, 2, 0, 0, 0, 11, 1, 0.3333333333333333, 0, 0, 1, 0, 0, 0, -76.1133041381836, 0.0098724365234375, 1, -1], [1, 0, 1, 0.16154301166534424, 0, 1, 8, 12, 19, 0, 0, 0, 0, 5, 3, 2, 0, 0, 0, 11, 0, 1.0, 0, 0, 2, 1, 0, 0, -76.3077392578125, 0.0, 3, -1], [1, 0, 0, 0.023105919361114502, 1, 1, 8, 12, 19, 1, 0, 1, 0, 6, 3, 2, 0, 0, 0, 11, 1, 0.3333333333333333, 0, 0, 1, 0, 0, 0, -76.10731506347656, 0.0091552734375, 1, -1], [0, 0, 0, 0.14803773164749146, 0, 1, 8, 12, 19, 1, 0, 1, 0, 6, 3, 3, 0, 0, 0, 11, 0, 1.0, 0, 0, 1, 0, 0, 0, -75.83898162841797, 1.2094650268554688, 2, -1], [1, 0, 0, 0.023105919361114502, 1, 1, 8, 12, 19, 1, 0, 1, 0, 6, 3, 2, 0, 0, 0, 11, 1, 0.3333333333333333, 0, 0, 1, 0, 0, 0, -76.10610961914062, 0.0120391845703125, 1, -1], [0, 0, 0, 0.14803773164749146, 0, 1, 8, 12, 19, 1, 0, 1, 0, 6, 3, 3, 0, 0, 0, 11, 0, 1.0, 0, 0, 1, 0, 0, 0, -74.20630645751953, 1.9089279174804688, 2, -1], [1, 0, 1, 0.15986287593841553, 0, 1, 8, 12, 19, 0, 0, 0, 0, 5, 3, 2, 0, 0, 0, 11, 0, 1.0, 0, 0, 2, 1, 0, 0, -78.40863800048828, 0.0, 3, -1], [1, 0, 0, 0.05695068836212158, 0, 1, 8, 12, 19, 1, 0, 1, 0, 6, 3, 2, 0, 0, 0, 11, 0, 1.0, 0, 0, 1, 0, 0, 0, -67.87492370605469, 3.7361526489257812, 2, -1], [0, 0, 0, 0.14803773164749146, 0, 1, 8, 12, 19, 1, 1, 1, 0, 6, 3, 3, 0, 0, 0, 11, 0, 1.0, 0, 0, 1, 0, 0, 0, -75.9117431640625, 1.2048873901367188, 2, -1], [1, 0, 1, 0.134857177734375, 0, 1, 8, 12, 19, 0, 0, 0, 0, 5, 3, 2, 0, 0, 0, 11, 0, 1.0, 0, 0, 2, 1, 0, 0, -78.4473876953125, 0.0, 3, -1], [0, 0, 0, 0.014304578304290771, 0, 0, 8, 13, 20, 0, 0, 1, 0, 11, 1, 4, 0, 0, 0, 12, 0, 1.0, 0, 0, 0, 0, 0, 0, 8.2862548828125, 0.13746070861816406, 4, -1], [1, 0, 0, 0.0, 0, 0, 8, 13, 20, 0, 0, 0, 0, 9, 2, 5, 0, 0, 0, 12, 0, 1.0, 0, 0, 0, 1, 0, 0, -9.468123435974121, 0.0194091796875, 4, -1], [0, 0, 0, 0.016187727451324463, 0, 0, 8, 13, 20, 0, 0, 0, 0, 9, 2, 4, 0, 0, 0, 12, 0, 1.0, 0, 0, 0, 0, 0, 0, -9.133092880249023, 0.024461746215820312, 2, -1], [1, 0, 0, 0.0, 0, 0, 8, 13, 20, 1, 0, 1, 0, 11, 1, 5, 0, 0, 0, 12, 0, 1.0, 0, 0, 0, 0, 0, 0, 8.2862548828125, 0.13746070861816406, 5, -1], [0, 0, 0, 0.007264971733093262, 0, 0, 8, 13, 20, 0, 0, 0, 0, 10, 2, 5, 0, 0, 0, 12, 0, 1.0, 0, 0, 0, 0, 0, 0, 3.178950309753418, 7.266747951507568, 4, -1], [0, 0, 0, 0.008749604225158691, 0, 0, 8, 13, 20, 0, 0, 0, 0, 10, 2, 3, 0, 0, 0, 12, 0, 1.0, 0, 0, 0, 0, 0, 0, 2.605395555496216, 7.266938209533691, 4, -1], [0, 0, 0, 0.019276082515716553, 0, 0, 8, 13, 20, 0, 0, 0, 0, 9, 2, 4, 0, 0, 0, 12, 0, 1.0, 0, 0, 0, 0, 0, 0, -9.288224220275879, 0.02244281768798828, 2, -1], [0, 0, 0, 0.0063915252685546875, 0, 0, 8, 13, 20, 0, 0, 0, 0, 10, 2, 5, 0, 0, 0, 12, 0, 1.0, 0, 0, 0, 0, 0, 0, 2.41329026222229, 7.263739585876465, 2, -1], [0, 0, 0, 0.014304578304290771, 0, 0, 8, 13, 20, 0, 0, 1, 0, 8, 3, 5, 0, 0, 0, 12, 0, 1.0, 0, 0, 0, 0, 0, 0, -13.581558227539062, 1.0545120239257812, 2, -1], [0, 0, 0, 0.010144829750061035, 0, 0, 8, 13, 20, 0, 0, 0, 0, 9, 2, 5, 0, 0, 0, 12, 0, 1.0, 0, 0, 0, 0, 0, 0, -9.497688293457031, 0.022063255310058594, 2, -1], [0, 0, 0, 0.0032424330711364746, 0, 0, 8, 13, 20, 0, 0, 0, 0, 9, 2, 3, 0, 0, 0, 12, 0, 1.0, 0, 0, 0, 0, 0, 0, -9.330087661743164, 0.026308059692382812, 2, -1], [0, 0, 0, 0.0, 0, 0, 8, 13, 20, 0, 0, 0, 0, 9, 2, 4, 0, 0, 0, 12, 0, 1.0, 0, 0, 0, 0, 0, 0, -9.339704513549805, 0.021971702575683594, 2, -1], [0, 0, 0, 0.0, 0, 0, 8, 13, 20, 0, 0, 0, 0, 10, 2, 6, 0, 0, 0, 12, 0, 1.0, 0, 0, 0, 0, 0, 0, 3.0324926376342773, 7.267220973968506, 4, -1], [1, 0, 1, 0.0, 0, 0, 8, 13, 20, 1, 0, 1, 1, 10, 2, 5, 0, 0, 0, 12, 0, 1.0, 0, 0, 0, 0, 0, 0, 2.7296371459960938, 7.259237289428711, 3, -1], [0, 0, 1, 0.014304578304290771, 0, 0, 8, 13, 20, 0, 0, 1, 1, 11, 1, 5, 0, 0, 0, 12, 0, 1.0, 0, 0, 0, 0, 0, 0, 8.2862548828125, 0.13746070861816406, 4, -1], [1, 0, 0, 0.0, 0, 0, 8, 13, 20, 1, 0, 1, 0, 8, 3, 5, 0, 0, 0, 12, 0, 1.0, 0, 0, 0, 0, 0, 0, -13.409623146057129, 1.0638923645019531, 4, -1], [0, 0, 0, 0.02027904987335205, 0, 0, 8, 13, 20, 0, 0, 0, 0, 7, 3, 4, 0, 0, 0, 12, 0, 1.0, 0, 0, 0, 0, 0, 0, -18.67099380493164, 0.021596908569335938, 2, -1], [0, 0, 0, 0.0, 0, 0, 8, 13, 20, 0, 0, 0, 0, 9, 3, 4, 0, 0, 0, 12, 0, 1.0, 0, 0, 0, 0, 0, 0, -1.5578964948654175, 8.46041202545166, 2, -1], [0, 0, 0, 0.007840335369110107, 0, 0, 8, 13, 20, 0, 0, 0, 0, 10, 2, 3, 0, 0, 0, 12, 0, 1.0, 0, 0, 0, 0, 0, 0, 2.5972049236297607, 7.2587480545043945, 2, -1], [1, 0, 0, 0.04403594136238098, 0, 0, 8, 3, 10, 0, 0, 0, 0, 1, 1, 3, 0, 0, 0, 2, 0, 1.0, 0, 0, 0, 1, 0, 0, -44.802703857421875, 0.0, 2, -1], [0, 0, 0, 0.004126250743865967, 0, 0, 8, 3, 10, 0, 0, 0, 0, 1, 1, 4, 0, 0, 0, 2, 0, 1.0, 0, 0, 0, 0, 0, 0, -44.802703857421875, 0.0, 3, -1], [1, 0, 0, 0.021260082721710205, 0, 0, 8, 3, 10, 0, 0, 0, 0, 1, 1, 6, 0, 0, 0, 2, 0, 1.0, 0, 0, 0, 1, 0, 0, -44.802703857421875, 0.0, 8, -1], [1, 0, 0, 0.028874903917312622, 0, 0, 8, 3, 10, 0, 0, 0, 0, 1, 1, 7, 0, 0, 0, 2, 0, 1.0, 0, 0, 0, 1, 0, 0, -44.802703857421875, 0.0, 13, -1], [0, 0, 0, 0.05281578004360199, 0, 0, 4, 3, 6, 0, 0, 0, 0, 1, 1, 4, 0, 0, 0, 2, 0, 1.0, 0, 0, 0, 0, 0, 0, -44.802703857421875, 0.0, 9, -1], [0, 0, 0, 0.5804649591445923, 0, 0, 7, 3, 9, 0, 0, 0, 0, 1, 1, 6, 0, 0, 0, 2, 0, 1.0, 0, 0, 0, 0, 0, 0, -44.802703857421875, 0.0, 7, -1], [0, 0, 0, 0.03982904553413391, 0, 0, 8, 3, 10, 0, 0, 0, 0, 1, 1, 7, 0, 0, 0, 2, 0, 1.0, 0, 0, 0, 0, 0, 0, -44.802703857421875, 0.0, 5, -1], [1, 0, 0, 0.28545647859573364, 0, 0, 7, 3, 9, 0, 0, 0, 0, 1, 1, 6, 0, 0, 0, 2, 0, 1.0, 0, 0, 0, 1, 0, 0, -44.802703857421875, 0.0, 11, -1], [0, 0, 0, 0.0, 0, 0, 8, 3, 10, 0, 0, 0, 0, 1, 1, 4, 0, 0, 0, 2, 0, 1.0, 0, 0, 0, 0, 0, 0, -44.802703857421875, 0.0, 2, -1], [1, 0, 0, 0.17508578300476074, 0, 0, 8, 3, 10, 0, 0, 0, 0, 1, 1, 6, 0, 0, 0, 2, 0, 1.0, 0, 0, 0, 1, 0, 0, -44.802703857421875, 0.0, 4, -1], [1, 0, 0, 0.06213685870170593, 0, 0, 8, 3, 10, 0, 0, 0, 0, 1, 1, 6, 0, 0, 0, 2, 0, 1.0, 0, 0, 0, 1, 0, 0, -44.802703857421875, 0.0, 8, -1], [0, 0, 0, 0.0, 0, 0, 8, 3, 10, 0, 0, 0, 0, 1, 1, 4, 0, 0, 0, 2, 0, 1.0, 0, 0, 0, 0, 0, 0, -44.802703857421875, 0.0, 5, -1], [0, 0, 0, 0.3013564348220825, 0, 0, 8, 3, 10, 0, 0, 0, 0, 1, 1, 8, 0, 0, 0, 2, 0, 1.0, 0, 0, 0, 0, 0, 0, -44.802703857421875, 0.0, 10, -1], [0, 0, 0, 0.009578704833984375, 0, 0, 8, 3, 10, 0, 0, 0, 0, 1, 1, 3, 0, 0, 0, 2, 0, 1.0, 0, 0, 0, 0, 0, 0, -44.802703857421875, 0.0, 4, -1], [1, 0, 0, 0.08046072721481323, 0, 0, 5, 5, 9, 0, 0, 0, 0, 3, 1, 5, 0, 0, 0, 4, 0, 1.0, 0, 0, 0, 1, 0, 0, -11.637104988098145, 0.8038110733032227, 6, -1], [0, 0, 0, 1.1920928955078125e-07, 0, 0, 7, 5, 11, 0, 0, 0, 0, 3, 1, 5, 0, 0, 0, 4, 0, 1.0, 0, 0, 0, 0, 0, 0, -11.637104988098145, 0.8038110733032227, 2, -1], [0, 0, 0, 0.0, 0, 0, 8, 5, 12, 0, 0, 0, 0, 3, 1, 6, 0, 0, 0, 4, 0, 1.0, 0, 0, 0, 0, 0, 0, -11.637104988098145, 0.8038110733032227, 2, -1], [0, 0, 0, 5.960464477539063e-08, 0, 0, 8, 5, 12, 0, 0, 0, 0, 3, 1, 6, 0, 0, 0, 4, 0, 1.0, 0, 0, 0, 0, 0, 0, -11.637104988098145, 0.8038110733032227, 2, -1], [1, 0, 0, 0.0, 0, 0, 7, 3, 9, 0, 0, 0, 0, 1, 1, 4, 0, 0, 0, 2, 0, 1.0, 0, 0, 0, 1, 0, 0, -44.802703857421875, 0.0, 7, -1], [1, 0, 0, 0.02964484691619873, 0, 0, 8, 3, 10, 0, 0, 0, 0, 1, 1, 6, 0, 0, 0, 2, 0, 1.0, 0, 0, 0, 1, 0, 0, -44.802703857421875, 0.0, 10, -1], [0, 0, 0, 0.09607884287834167, 0, 0, 8, 3, 10, 0, 0, 0, 0, 1, 1, 4, 0, 0, 0, 2, 0, 1.0, 0, 0, 0, 0, 0, 0, -44.802703857421875, 0.0, 4, -1], [0, 0, 0, 0.031277358531951904, 0, 0, 8, 3, 10, 0, 0, 0, 0, 1, 1, 6, 0, 0, 0, 2, 0, 1.0, 0, 0, 0, 0, 0, 0, -44.802703857421875, 0.0, 8, -1], [0, 0, 0, 0.00010460615158081055, 0, 0, 5, 3, 7, 0, 0, 0, 0, 1, 1, 4, 0, 0, 0, 2, 0, 1.0, 0, 0, 0, 0, 0, 0, -44.802703857421875, 0.0, 10, -1], [0, 0, 0, 0.0, 0, 0, 2, 3, 4, 0, 0, 0, 0, 1, 1, 2, 0, 0, 0, 2, 0, 1.0, 0, 0, 0, 0, 0, 0, -44.802703857421875, 0.0, 2, -1], [0, 0, 0, 0.2712625414133072, 0, 1, 6, 6, 11, 0, 0, 0, 0, 4, 1, 5, 0, 0, 0, 5, 0, 1.0, 0, 0, 1, 0, 0, 0, -26.978317260742188, 0.0, 6, -1], [0, 0, 0, 0.021926313638687134, 0, 1, 7, 6, 12, 0, 0, 0, 0, 4, 1, 6, 0, 0, 0, 5, 0, 1.0, 0, 0, 1, 0, 0, 0, -26.978317260742188, 0.0, 6, -1], [0, 0, 0, 0.16007262468338013, 0, 1, 6, 6, 11, 0, 0, 0, 0, 4, 1, 5, 0, 0, 0, 5, 0, 1.0, 0, 0, 1, 0, 0, 0, -26.978317260742188, 0.0, 6, -1], [0, 0, 0, 0.3049100190401077, 0, 1, 8, 6, 13, 0, 0, 0, 0, 4, 1, 5, 0, 0, 0, 5, 0, 1.0, 0, 0, 1, 0, 0, 0, -26.930994033813477, 0.027191162109375, 9, -1], [0, 0, 0, 0.20284172892570496, 0, 1, 8, 6, 13, 0, 0, 0, 0, 4, 1, 6, 0, 0, 0, 5, 0, 1.0, 0, 0, 1, 0, 0, 0, -26.978317260742188, 0.0, 6, -1], [1, 0, 0, 0.0, 0, 0, 5, 3, 7, 0, 0, 0, 0, 1, 1, 5, 0, 0, 0, 2, 0, 1.0, 0, 0, 0, 1, 0, 0, -44.802703857421875, 0.0, 7, -1], [0, 0, 0, 0.28806889057159424, 0, 0, 8, 3, 10, 0, 0, 0, 0, 1, 1, 7, 0, 0, 0, 2, 0, 1.0, 0, 0, 0, 0, 0, 0, -44.802703857421875, 0.0, 6, -1], [0, 0, 0, 0.005500078201293945, 0, 0, 8, 3, 10, 0, 0, 0, 0, 1, 1, 7, 0, 0, 0, 2, 0, 1.0, 0, 0, 0, 0, 0, 0, -44.802703857421875, 0.0, 12, -1], [0, 0, 0, 0.032011330127716064, 0, 0, 8, 3, 10, 0, 0, 0, 0, 1, 1, 4, 0, 0, 0, 2, 0, 1.0, 0, 0, 0, 0, 0, 0, -44.802703857421875, 0.0, 2, -1]], "_pair": [], "_cons": []}
  CONTROL {"count": {"n": 498, "model_accuracy": 1.0, "rival_accuracy": 1.0, "random_floor": 0.20000000000000176}, "lookup_paired_vs_rival": {"model_only_right": 0, "rival_only_right": 0, "discordant": 0, "mcnemar_z": NaN}, "lookup_paired_vs_rival_cos": {"n": 0, "model_only_right": 0, "rival_only_right": 0, "discordant": 0, "mcnemar_z": NaN, "max_achievable_z": 0.0, "underpowered": true}, "lookup_paired_vs_rival_cos_by_margin": {"median_margin": NaN, "low_margin": {"n": 0, "model_only_right": 0, "rival_only_right": 0, "discordant": 0, "mcnemar_z": NaN, "max_achievable_z": 0.0, "underpowered": true}, "high_margin": {"n": 0, "model_only_right": 0, "rival_only_right": 0, "discordant": 0, "mcnemar_z": NaN, "max_achievable_z": 0.0, "underpowered": true}}, "ladder": {"n_questions": 0, "pairs": 0, "concordant": 0, "ties_excluded": 0, "import_budget_zero_rate": 0.0, "import_budget_mean": 0.0, "concordance": NaN, "z_vs_half": NaN, "mean_phi": {"true": NaN, "near": NaN, "middle": NaN, "far": NaN}}, "exact_mismatches": 0, "confusion": {"count|1->1": 195, "count|2->2": 216, "count|3->3": 40, "count|4->4": 26, "count|5+->5+": 21}, "_mixed": [], "_reach": [[0, 0, 1, 0.00080069899559021, 0, 0, 8, 3, 10, 0, 0, 1, 1, 1, 1, 5, 0, 0, 0, 2, 0, 1.0, 0, 0, 0, 0, 0, 0, -45.140724182128906, 0.0, 5, -1], [0, 0, 1, 0.00080069899559021, 0, 0, 8, 3, 10, 0, 0, 1, 1, 1, 1, 5, 0, 0, 0, 2, 0, 1.0, 0, 0, 0, 0, 0, 0, -45.140724182128906, 0.0, 5, -1], [1, 0, 1, 0.0, 1, 1, 8, 3, 10, 1, 0, 1, 1, 1, 1, 8, 0, 0, 0, 2, 1, 1.0, 0, 0, 1, 0, 0, 0, -35.109275817871094, 14.778900146484375, 2, -1], [1, 0, 1, 0.0, 1, 1, 8, 3, 10, 1, 0, 1, 1, 1, 1, 8, 0, 0, 0, 2, 1, 1.0, 0, 0, 1, 0, 0, 0, -35.109275817871094, 14.778900146484375, 2, -1], [1, 0, 1, 0.0, 0, 0, 8, 3, 10, 1, 0, 1, 1, 1, 1, 4, 0, 0, 0, 2, 0, 1.0, 0, 0, 0, 0, 0, 0, -45.140724182128906, 0.0, 4, -1], [1, 0, 1, 0.0, 0, 0, 8, 3, 10, 1, 0, 1, 1, 1, 1, 4, 0, 0, 0, 2, 0, 1.0, 0, 0, 0, 0, 0, 0, -45.140724182128906, 0.0, 4, -1], [1, 0, 0, 0.0, 1, 1, 8, 6, 13, 1, 0, 1, 0, 4, 1, 5, 0, 0, 0, 5, 1, 1.0, 0, 0, 1, 0, 0, 0, -26.688478469848633, 0.013410568237304688, 3, -1], [1, 0, 0, 0.0, 0, 0, 8, 6, 13, 0, 0, 0, 0, 3, 2, 4, 0, 0, 0, 5, 0, 1.0, 0, 0, 0, 1, 0, 0, -43.217445373535156, 21.88459014892578, 2, -1], [1, 0, 0, 0.0, 0, 0, 8, 6, 13, 0, 0, 0, 0, 3, 2, 4, 0, 0, 0, 5, 0, 1.0, 0, 0, 0, 1, 0, 0, -43.217445373535156, 21.88459014892578, 2, -1], [1, 0, 0, 0.0, 0, 0, 8, 6, 13, 0, 0, 0, 0, 3, 2, 4, 0, 0, 0, 5, 0, 1.0, 0, 0, 0, 1, 0, 0, -43.217445373535156, 21.88459014892578, 2, -1], [1, 0, 0, 0.0, 1, 1, 8, 6, 13, 1, 0, 1, 1, 4, 1, 4, 0, 0, 0, 5, 1, 1.0, 0, 0, 1, 0, 0, 0, -26.688478469848633, 0.03452301025390625, 2, -1], [1, 0, 0, 0.0, 1, 0, 8, 5, 12, 1, 0, 1, 0, 3, 1, 4, 0, 0, 0, 4, 1, 1.0, 0, 0, 0, 0, 0, 0, -11.578248023986816, 0.8035993576049805, 5, -1], [1, 0, 0, 0.0, 0, 0, 8, 5, 12, 0, 0, 0, 0, 2, 2, 4, 0, 0, 0, 4, 0, 1.0, 0, 0, 0, 1, 0, 0, -21.682186126708984, 36.89201736450195, 3, -1], [1, 0, 0, 0.0, 0, 0, 8, 5, 12, 0, 0, 0, 0, 2, 2, 4, 0, 0, 0, 4, 0, 1.0, 0, 0, 0, 1, 0, 0, -21.682186126708984, 36.89201736450195, 3, -1], [1, 0, 1, 0.0, 1, 0, 8, 5, 12, 1, 0, 1, 1, 3, 1, 4, 0, 0, 0, 4, 1, 1.0, 0, 0, 0, 0, 0, 0, -11.578248023986816, 0.8035993576049805, 5, -1], [1, 0, 0, 0.0, 0, 0, 8, 5, 12, 1, 0, 0, 0, 2, 2, 3, 0, 0, 0, 4, 0, 1.0, 0, 0, 0, 0, 0, 0, -19.8983154296875, 38.67588806152344, 2, -1], [1, 0, 0, 0.0, 1, 0, 8, 5, 12, 1, 0, 1, 0, 3, 1, 4, 0, 0, 0, 4, 1, 1.0, 0, 0, 0, 0, 0, 0, -11.578248023986816, 0.8035993576049805, 2, -1], [1, 0, 0, 0.0, 1, 0, 8, 5, 12, 1, 0, 1, 0, 3, 1, 4, 0, 0, 0, 4, 1, 1.0, 0, 0, 0, 0, 0, 0, -11.578248023986816, 0.8035993576049805, 2, -1], [1, 0, 0, 0.0, 0, 0, 8, 5, 12, 0, 0, 0, 0, 2, 2, 4, 0, 0, 0, 4, 0, 1.0, 0, 0, 0, 1, 0, 0, -22.82963752746582, 35.74456787109375, 3, -1], [1, 0, 0, 0.0, 0, 0, 8, 9, 16, 0, 0, 0, 0, 6, 2, 3, 0, 0, 0, 8, 0, 1.0, 0, 0, 0, 1, 0, 0, -17.737689971923828, 12.794118881225586, 4, -1], [1, 0, 0, 0.0, 0, 0, 8, 9, 16, 0, 1, 0, 0, 6, 2, 3, 0, 0, 0, 8, 0, 1.0, 0, 0, 0, 0, 0, 0, -20.331666946411133, 4.877534866333008, 4, -1], [1, 0, 0, 0.0, 0, 0, 8, 9, 16, 0, 0, 0, 0, 6, 2, 3, 0, 0, 0, 8, 0, 1.0, 0, 0, 0, 1, 0, 0, -20.331666946411133, 4.877534866333008, 4, -1], [0, 0, 0, 0.048548370599746704, 0, 0, 8, 9, 16, 1, 0, 1, 0, 7, 1, 3, 0, 0, 0, 8, 0, 0.5, 0, 0, 0, 0, 0, 0, -11.459524154663086, 0.745549201965332, 5, -1], [0, 0, 0, 0.048548370599746704, 0, 0, 8, 9, 16, 1, 0, 1, 0, 7, 1, 3, 0, 0, 0, 8, 0, 0.5, 0, 0, 0, 0, 0, 0, -11.459524154663086, 0.745549201965332, 5, -1], [1, 0, 0, 0.0, 0, 0, 8, 9, 16, 0, 0, 0, 0, 6, 2, 3, 0, 0, 0, 8, 0, 1.0, 0, 0, 0, 1, 0, 0, -20.164430618286133, 5.631753921508789, 4, -1], [1, 0, 0, 0.0, 0, 0, 8, 9, 16, 0, 0, 0, 0, 6, 2, 3, 0, 0, 0, 8, 0, 1.0, 0, 0, 0, 1, 0, 0, -20.164430618286133, 5.631753921508789, 4, -1], [1, 0, 0, 0.0, 0, 0, 8, 9, 16, 0, 0, 0, 0, 6, 2, 2, 0, 0, 0, 8, 0, 1.0, 0, 0, 0, 1, 0, 0, -19.485116958618164, 11.568933486938477, 4, -1], [1, 0, 1, 0.0, 1, 0, 8, 5, 12, 1, 0, 1, 1, 2, 2, 6, 0, 0, 0, 4, 1, 1.0, 0, 0, 0, 0, 0, 0, -37.55706787109375, 35.906089782714844, 2, -1], [1, 0, 1, 0.0, 1, 0, 8, 5, 12, 1, 1, 1, 1, 2, 2, 6, 0, 0, 0, 4, 1, 1.0, 0, 0, 0, 0, 0, 0, -37.55706787109375, 35.906089782714844, 2, -1], [1, 0, 0, 0.0, 0, 0, 8, 5, 12, 1, 0, 0, 0, 1, 3, 5, 0, 0, 0, 4, 0, 1.0, 0, 0, 0, 0, 0, 0, -29.77680778503418, 0.0, 2, -1], [1, 0, 1, 0.0, 1, 0, 8, 5, 12, 1, 0, 1, 1, 2, 2, 6, 0, 0, 0, 4, 1, 1.0, 0, 0, 0, 0, 0, 0, -37.05295181274414, 24.334457397460938, 2, -1], [0, 0, 0, 0.0, 0, 0, 6, 5, 10, 0, 0, 0, 0, 2, 2, 5, 0, 0, 0, 4, 0, 1.0, 0, 0, 0, 0, 0, 0, -22.82963752746582, 35.74456787109375, 6, -1], [1, 0, 0, 0.0, 0, 0, 3, 5, 7, 0, 0, 0, 0, 2, 2, 3, 0, 0, 0, 4, 0, 1.0, 0, 0, 0, 1, 0, 0, -22.82963752746582, 35.74456787109375, 7, -1], [0, 0, 0, 0.0, 0, 0, 5, 5, 9, 0, 0, 1, 0, 3, 1, 5, 0, 0, 0, 4, 0, 1.0, 0, 0, 0, 0, 0, 0, -11.578248023986816, 0.8035993576049805, 5, -1], [0, 0, 0, 0.0, 0, 0, 5, 5, 9, 0, 0, 1, 0, 3, 1, 5, 0, 0, 0, 4, 0, 1.0, 0, 0, 0, 0, 0, 0, -11.578248023986816, 0.8035993576049805, 5, -1], [1, 0, 1, 0.2231764793395996, 1, 0, 7, 4, 10, 1, 0, 1, 1, 2, 1, 6, 0, 0, 0, 3, 0, 1.0, 0, 0, 0, 0, 0, 0, -19.845441818237305, 3.704629898071289, 6, -1], [1, 0, 1, 0.2231764793395996, 1, 0, 7, 4, 10, 1, 0, 1, 1, 2, 1, 6, 0, 0, 0, 3, 0, 1.0, 0, 0, 0, 0, 0, 0, -19.845441818237305, 3.704629898071289, 6, -1], [1, 0, 0, 0.0, 0, 0, 7, 4, 10, 1, 0, 0, 0, 1, 2, 7, 0, 0, 0, 3, 0, 1.0, 0, 0, 0, 0, 0, 0, -34.49803924560547, 0.0, 5, -1], [0, 0, 0, 0.0, 0, 0, 3, 3, 5, 0, 0, 0, 0, 1, 1, 2, 0, 0, 0, 2, 0, 1.0, 0, 0, 0, 0, 0, 0, -44.53443908691406, 0.0, 2, -1], [0, 0, 0, 0.47426266968250275, 0, 0, 8, 3, 10, 0, 0, 0, 0, 1, 1, 5, 0, 0, 0, 2, 0, 1.0, 0, 0, 0, 0, 0, 0, -44.53443908691406, 0.0, 4, -1], [0, 0, 0, 0.0, 0, 1, 8, 6, 13, 0, 0, 0, 0, 4, 1, 7, 0, 0, 0, 5, 0, 1.0, 0, 0, 2, 0, 0, 0, -31.992431640625, 0.0, 6, -1], [0, 0, 0, 0.0, 0, 1, 6, 6, 11, 0, 0, 0, 0, 4, 1, 6, 0, 0, 0, 5, 0, 1.0, 0, 0, 2, 0, 0, 0, -31.992431640625, 0.0, 6, -1], [0, 0, 0, 0.0, 0, 1, 7, 6, 12, 0, 0, 0, 0, 4, 1, 7, 0, 0, 0, 5, 0, 1.0, 0, 0, 2, 0, 0, 0, -31.992431640625, 0.0, 7, -1], [0, 0, 0, 0.017516613006591797, 0, 1, 8, 6, 13, 0, 0, 0, 0, 4, 1, 4, 0, 0, 0, 5, 0, 1.0, 0, 0, 1, 0, 0, 0, -31.954605102539062, 0.0, 6, -1], [0, 0, 0, 0.0, 0, 1, 7, 6, 12, 0, 0, 0, 0, 4, 1, 6, 0, 0, 0, 5, 0, 1.0, 0, 0, 1, 0, 0, 0, -31.992431640625, 0.0171966552734375, 6, -1], [0, 0, 0, 0.14266693592071533, 0, 0, 8, 4, 11, 0, 0, 0, 0, 2, 1, 5, 0, 0, 0, 3, 0, 1.0, 0, 0, 0, 0, 0, 0, -19.418567657470703, 3.698282241821289, 5, -1], [0, 0, 0, 0.0, 0, 0, 8, 4, 11, 0, 0, 0, 0, 2, 1, 5, 0, 0, 0, 3, 0, 1.0, 0, 0, 0, 0, 0, 0, -19.418567657470703, 3.698282241821289, 7, -1], [0, 0, 0, 0.0, 0, 0, 8, 4, 11, 0, 0, 0, 0, 2, 1, 6, 0, 0, 0, 3, 0, 1.0, 0, 0, 0, 0, 0, 0, -19.418567657470703, 3.698282241821289, 8, -1], [0, 0, 0, 0.04194703698158264, 0, 0, 8, 5, 12, 0, 0, 0, 0, 3, 1, 5, 0, 0, 0, 4, 0, 1.0, 0, 0, 0, 0, 0, 0, -11.243682861328125, 0.8024215698242188, 2, -1], [0, 0, 0, 0.2198581099510193, 0, 0, 8, 5, 12, 0, 0, 0, 0, 3, 1, 6, 0, 0, 0, 4, 0, 1.0, 0, 0, 0, 0, 0, 0, -11.243682861328125, 0.8024215698242188, 3, -1], [0, 0, 0, 0.010371625423431396, 0, 0, 8, 5, 12, 0, 0, 0, 0, 3, 1, 6, 0, 0, 0, 4, 0, 1.0, 0, 0, 0, 0, 0, 0, -11.243682861328125, 0.8024215698242188, 3, -1], [0, 0, 0, 0.20001927018165588, 0, 0, 8, 5, 12, 0, 0, 0, 0, 3, 1, 4, 0, 0, 0, 4, 0, 1.0, 0, 0, 0, 0, 0, 0, -11.243682861328125, 0.8024215698242188, 1, -1], [1, 0, 1, 0.0, 1, 1, 8, 3, 10, 1, 0, 1, 1, 1, 1, 6, 0, 0, 0, 2, 0, 1.0, 0, 0, 1, 0, 0, 0, -35.614593505859375, 14.200599670410156, 5, -1], [1, 0, 1, 0.0, 1, 1, 8, 3, 10, 1, 0, 1, 1, 1, 1, 6, 0, 0, 0, 2, 0, 1.0, 0, 0, 1, 0, 0, 0, -35.614593505859375, 12.277999877929688, 5, -1], [1, 0, 1, 0.0, 1, 1, 8, 3, 10, 1, 0, 1, 1, 1, 1, 6, 0, 0, 0, 2, 1, 1.0, 0, 0, 1, 0, 0, 0, -35.109275817871094, 14.705917358398438, 2, -1], [1, 0, 1, 0.0, 1, 1, 8, 3, 10, 1, 1, 1, 1, 1, 1, 6, 0, 0, 0, 2, 1, 1.0, 0, 0, 1, 0, 0, 0, -35.109275817871094, 12.843925476074219, 2, -1], [1, 0, 1, 0.0, 1, 1, 8, 4, 11, 1, 1, 1, 1, 1, 2, 6, 0, 0, 0, 3, 1, 1.0, 0, 0, 1, 0, 0, 0, -30.667530059814453, 58.45790481567383, 2, -1], [1, 0, 1, 0.0, 1, 1, 8, 4, 11, 1, 0, 1, 1, 1, 2, 6, 0, 0, 0, 3, 1, 1.0, 0, 0, 1, 0, 0, 0, -30.667530059814453, 58.45790481567383, 2, -1], [1, 0, 1, 0.0, 1, 1, 8, 4, 11, 1, 1, 1, 1, 1, 2, 6, 0, 0, 0, 3, 1, 1.0, 0, 0, 1, 0, 0, 0, -30.667530059814453, 58.45790481567383, 2, -1], [1, 0, 1, 0.0, 1, 1, 7, 3, 9, 1, 1, 1, 1, 1, 1, 5, 0, 0, 0, 2, 0, 1.0, 0, 0, 1, 0, 0, 0, -35.109275817871094, 14.864818572998047, 3, -1], [1, 0, 1, 0.0, 1, 1, 7, 3, 9, 1, 0, 1, 1, 1, 1, 5, 0, 0, 0, 2, 0, 1.0, 0, 0, 1, 0, 0, 0, -35.109275817871094, 14.864818572998047, 3, -1], [1, 0, 1, 0.0, 1, 1, 4, 3, 6, 1, 0, 1, 1, 1, 1, 3, 0, 0, 0, 2, 1, 1.0, 0, 0, 1, 0, 0, 0, -35.614593505859375, 12.639640808105469, 7, -1], [1, 0, 1, 0.0, 1, 1, 4, 3, 6, 1, 0, 1, 1, 1, 1, 3, 0, 0, 0, 2, 1, 1.0, 0, 0, 1, 0, 0, 0, -35.614593505859375, 14.200599670410156, 7, -1], [1, 0, 1, 0.0, 1, 1, 8, 3, 10, 1, 0, 1, 1, 1, 1, 4, 0, 0, 0, 2, 1, 1.0, 0, 0, 1, 0, 0, 0, -35.614593505859375, 13.955181121826172, 3, -1], [1, 0, 1, 0.0, 1, 1, 8, 3, 10, 1, 0, 1, 1, 1, 1, 4, 0, 0, 0, 2, 1, 1.0, 0, 0, 1, 0, 0, 0, -35.614593505859375, 13.955181121826172, 3, -1], [1, 0, 1, 0.01630866527557373, 0, 0, 7, 3, 9, 1, 0, 1, 1, 1, 1, 6, 0, 0, 0, 2, 1, 1.0, 0, 0, 0, 0, 0, 0, -45.140724182128906, 0.0, 8, -1], [1, 0, 1, 0.01630866527557373, 0, 0, 7, 3, 9, 1, 0, 1, 1, 1, 1, 6, 0, 0, 0, 2, 1, 1.0, 0, 0, 0, 0, 0, 0, -45.140724182128906, 0.0, 8, -1], [1, 0, 1, 0.0, 1, 1, 8, 3, 10, 1, 0, 1, 1, 1, 1, 4, 0, 0, 0, 2, 1, 1.0, 0, 0, 1, 0, 0, 0, -35.614593505859375, 14.160152435302734, 2, -1], [1, 0, 1, 0.0, 1, 1, 8, 3, 10, 1, 0, 1, 1, 1, 1, 4, 0, 0, 0, 2, 1, 1.0, 0, 0, 1, 0, 0, 0, -35.614593505859375, 14.160152435302734, 2, -1], [1, 0, 1, 0.0, 1, 1, 3, 4, 6, 1, 0, 1, 1, 1, 2, 3, 0, 0, 0, 3, 1, 1.0, 0, 0, 1, 0, 0, 0, -30.667530059814453, 59.29056930541992, 3, -1], [1, 0, 1, 0.0, 1, 1, 3, 4, 6, 1, 0, 1, 1, 1, 2, 3, 0, 0, 0, 3, 1, 1.0, 0, 0, 1, 0, 0, 0, -30.667530059814453, 59.29056930541992, 3, -1], [1, 0, 1, 0.0, 1, 1, 3, 4, 6, 1, 0, 1, 1, 1, 2, 3, 0, 0, 0, 3, 1, 1.0, 0, 0, 1, 0, 0, 0, -30.667530059814453, 59.29056930541992, 3, -1], [1, 0, 1, 0.0, 1, 1, 8, 3, 10, 1, 0, 1, 1, 1, 1, 8, 0, 0, 0, 2, 1, 1.0, 0, 0, 1, 0, 0, 0, -35.614593505859375, 14.273582458496094, 2, -1], [1, 0, 1, 0.0, 1, 1, 8, 3, 10, 1, 0, 1, 1, 1, 1, 8, 0, 0, 0, 2, 1, 1.0, 0, 0, 1, 0, 0, 0, -35.614593505859375, 14.273582458496094, 2, -1], [1, 0, 1, 0.006017625331878662, 1, 0, 8, 3, 10, 1, 0, 1, 1, 1, 1, 7, 0, 0, 0, 2, 1, 1.0, 0, 0, 0, 0, 0, 0, -45.140724182128906, 0.0, 7, -1], [1, 0, 1, 0.006017625331878662, 1, 0, 8, 3, 10, 1, 0, 1, 1, 1, 1, 7, 0, 0, 0, 2, 1, 1.0, 0, 0, 0, 0, 0, 0, -45.140724182128906, 0.0, 7, -1], [1, 0, 1, 0.35142701864242554, 1, 1, 8, 3, 10, 1, 0, 1, 1, 1, 1, 3, 0, 0, 0, 2, 1, 1.0, 0, 0, 1, 0, 0, 0, -35.109275817871094, 14.665470123291016, 5, -1], [1, 0, 1, 0.35142701864242554, 1, 1, 8, 3, 10, 1, 0, 1, 1, 1, 1, 3, 0, 0, 0, 2, 1, 1.0, 0, 0, 1, 0, 0, 0, -35.109275817871094, 14.665470123291016, 5, -1], [1, 0, 1, 0.0, 1, 1, 8, 3, 10, 1, 0, 1, 1, 1, 1, 8, 0, 0, 0, 2, 1, 1.0, 0, 0, 1, 0, 0, 0, -35.614593505859375, 14.302005767822266, 2, -1], [1, 0, 1, 0.0, 1, 1, 8, 3, 10, 1, 0, 1, 1, 1, 1, 8, 0, 0, 0, 2, 1, 1.0, 0, 0, 1, 0, 0, 0, -35.614593505859375, 14.302005767822266, 2, -1], [1, 0, 1, 0.0, 1, 1, 6, 3, 8, 1, 0, 1, 1, 1, 1, 5, 0, 0, 0, 2, 1, 1.0, 0, 0, 1, 0, 0, 0, -35.614593505859375, 14.359500885009766, 4, -1], [1, 0, 1, 0.0, 1, 1, 6, 3, 8, 1, 0, 1, 1, 1, 1, 5, 0, 0, 0, 2, 1, 1.0, 0, 0, 1, 0, 0, 0, -35.614593505859375, 14.359500885009766, 4, -1], [1, 0, 1, 0.0, 1, 1, 8, 3, 10, 1, 0, 1, 1, 1, 1, 6, 0, 0, 0, 2, 1, 1.0, 0, 0, 1, 0, 0, 0, -35.109275817871094, 14.778900146484375, 2, -1], [1, 0, 1, 0.0, 1, 1, 8, 3, 10, 1, 0, 1, 1, 1, 1, 6, 0, 0, 0, 2, 1, 1.0, 0, 0, 1, 0, 0, 0, -35.109275817871094, 14.778900146484375, 2, -1], [1, 0, 1, 0.0, 1, 1, 8, 3, 10, 1, 0, 1, 1, 1, 1, 6, 0, 0, 0, 2, 1, 1.0, 0, 0, 1, 0, 0, 0, -35.109275817871094, 14.646003723144531, 2, -1], [1, 0, 1, 0.0, 1, 1, 8, 3, 10, 1, 0, 1, 1, 1, 1, 6, 0, 0, 0, 2, 1, 1.0, 0, 0, 1, 0, 0, 0, -35.109275817871094, 14.646003723144531, 2, -1], [0, 0, 1, 0.037587910890579224, 0, 0, 8, 3, 10, 0, 0, 1, 1, 1, 1, 5, 0, 0, 0, 2, 0, 1.0, 0, 0, 0, 0, 0, 0, -45.140724182128906, 0.0, 4, -1], [0, 0, 1, 0.037587910890579224, 0, 0, 8, 3, 10, 0, 0, 1, 1, 1, 1, 5, 0, 0, 0, 2, 0, 1.0, 0, 0, 0, 0, 0, 0, -45.140724182128906, 0.0, 4, -1], [1, 0, 1, 0.0, 1, 1, 8, 4, 11, 1, 0, 1, 1, 1, 2, 6, 0, 0, 0, 3, 1, 1.0, 0, 0, 1, 0, 0, 0, -30.667530059814453, 59.1421012878418, 2, -1], [1, 0, 1, 0.0, 1, 1, 8, 4, 11, 1, 1, 1, 1, 1, 2, 6, 0, 0, 0, 3, 1, 1.0, 0, 0, 1, 0, 0, 0, -30.667530059814453, 59.1421012878418, 2, -1], [1, 0, 1, 0.0, 1, 1, 8, 4, 11, 1, 0, 1, 1, 1, 2, 6, 0, 0, 0, 3, 1, 1.0, 0, 0, 1, 0, 0, 0, -30.667530059814453, 59.1421012878418, 2, -1], [1, 0, 1, 0.0, 1, 1, 8, 3, 10, 1, 0, 1, 1, 1, 1, 6, 0, 0, 0, 2, 1, 1.0, 0, 0, 1, 0, 0, 0, -35.614593505859375, 14.273582458496094, 2, -1], [1, 0, 1, 0.0, 1, 1, 8, 3, 10, 1, 0, 1, 1, 1, 1, 6, 0, 0, 0, 2, 1, 1.0, 0, 0, 1, 0, 0, 0, -35.614593505859375, 14.273582458496094, 2, -1], [1, 0, 1, 0.0, 1, 1, 8, 3, 10, 1, 0, 1, 1, 1, 1, 8, 0, 0, 0, 2, 1, 1.0, 0, 0, 1, 0, 0, 0, -35.109275817871094, 14.807323455810547, 2, -1], [1, 0, 1, 0.0, 1, 1, 8, 3, 10, 1, 0, 1, 1, 1, 1, 8, 0, 0, 0, 2, 1, 1.0, 0, 0, 1, 0, 0, 0, -35.109275817871094, 14.807323455810547, 2, -1], [1, 0, 1, 0.0, 1, 1, 6, 3, 8, 1, 0, 1, 1, 1, 1, 4, 0, 0, 0, 2, 1, 1.0, 0, 0, 1, 0, 0, 0, -35.614593505859375, 14.256847381591797, 3, -1], [1, 0, 1, 0.0, 1, 1, 6, 3, 8, 1, 0, 1, 1, 1, 1, 4, 0, 0, 0, 2, 1, 1.0, 0, 0, 1, 0, 0, 0, -35.614593505859375, 14.256847381591797, 3, -1], [1, 0, 1, 0.0, 1, 1, 8, 3, 10, 1, 0, 1, 1, 1, 1, 5, 0, 0, 0, 2, 1, 1.0, 0, 0, 1, 0, 0, 0, -35.109275817871094, 14.646003723144531, 2, -1], [1, 0, 1, 0.0, 1, 1, 8, 3, 10, 1, 0, 1, 1, 1, 1, 5, 0, 0, 0, 2, 1, 1.0, 0, 0, 1, 0, 0, 0, -35.109275817871094, 14.646003723144531, 2, -1], [1, 0, 1, 0.0, 1, 1, 8, 3, 10, 1, 0, 1, 1, 1, 1, 4, 0, 0, 0, 2, 1, 1.0, 0, 0, 1, 0, 0, 0, -35.614593505859375, 14.256847381591797, 5, -1], [1, 0, 1, 0.0, 1, 1, 8, 3, 10, 1, 0, 1, 1, 1, 1, 4, 0, 0, 0, 2, 1, 1.0, 0, 0, 1, 0, 0, 0, -35.614593505859375, 14.256847381591797, 5, -1], [1, 0, 1, 0.0, 1, 1, 8, 3, 10, 1, 0, 1, 1, 1, 1, 8, 0, 0, 0, 2, 1, 1.0, 0, 0, 1, 0, 0, 0, -35.614593505859375, 14.302005767822266, 2, -1], [1, 0, 1, 0.0, 1, 1, 8, 3, 10, 1, 0, 1, 1, 1, 1, 8, 0, 0, 0, 2, 1, 1.0, 0, 0, 1, 0, 0, 0, -35.614593505859375, 14.302005767822266, 2, -1], [1, 0, 1, 0.0, 1, 1, 8, 3, 10, 1, 0, 1, 1, 1, 1, 6, 0, 0, 0, 2, 1, 1.0, 0, 0, 1, 0, 0, 0, -35.614593505859375, 14.093452453613281, 2, -1], [1, 0, 1, 0.0, 1, 1, 8, 3, 10, 1, 0, 1, 1, 1, 1, 6, 0, 0, 0, 2, 1, 1.0, 0, 0, 1, 0, 0, 0, -35.614593505859375, 14.093452453613281, 2, -1], [1, 0, 1, 0.0, 1, 1, 8, 4, 11, 1, 0, 1, 1, 1, 2, 5, 0, 0, 0, 3, 1, 1.0, 0, 0, 1, 0, 0, 0, -30.667530059814453, 58.45790481567383, 2, -1], [1, 0, 1, 0.0, 1, 1, 8, 4, 11, 1, 0, 1, 1, 1, 2, 5, 0, 0, 0, 3, 1, 1.0, 0, 0, 1, 0, 0, 0, -30.667530059814453, 58.45790481567383, 2, -1], [1, 0, 1, 0.0, 1, 1, 8, 4, 11, 1, 0, 1, 1, 1, 2, 5, 0, 0, 0, 3, 1, 1.0, 0, 0, 1, 0, 0, 0, -30.667530059814453, 58.45790481567383, 2, -1], [1, 0, 1, 0.0, 1, 1, 5, 3, 7, 1, 0, 1, 1, 1, 1, 5, 0, 0, 0, 2, 1, 1.0, 0, 0, 1, 0, 0, 0, -35.109275817871094, 14.872421264648438, 3, -1], [1, 0, 1, 0.0, 1, 1, 5, 3, 7, 1, 0, 1, 1, 1, 1, 5, 0, 0, 0, 2, 1, 1.0, 0, 0, 1, 0, 0, 0, -35.109275817871094, 14.872421264648438, 3, -1], [1, 0, 1, 0.0, 1, 1, 8, 3, 10, 1, 0, 1, 1, 1, 1, 6, 0, 0, 0, 2, 1, 1.0, 0, 0, 1, 0, 0, 0, -35.109275817871094, 14.778900146484375, 2, -1], [1, 0, 1, 0.0, 1, 1, 8, 3, 10, 1, 0, 1, 1, 1, 1, 6, 0, 0, 0, 2, 1, 1.0, 0, 0, 1, 0, 0, 0, -35.109275817871094, 14.778900146484375, 2, -1], [0, 0, 1, 0.013734206557273865, 0, 0, 6, 3, 8, 0, 0, 1, 1, 1, 1, 3, 0, 0, 0, 2, 0, 1.0, 0, 0, 0, 0, 0, 0, -45.140724182128906, 0.0, 4, -1], [0, 0, 1, 0.013734206557273865, 0, 0, 6, 3, 8, 0, 0, 1, 1, 1, 1, 3, 0, 0, 0, 2, 0, 1.0, 0, 0, 0, 0, 0, 0, -45.140724182128906, 0.0, 4, -1], [1, 0, 1, 0.0, 1, 1, 8, 3, 10, 1, 1, 1, 1, 1, 1, 8, 0, 0, 0, 2, 1, 1.0, 0, 0, 1, 0, 0, 0, -35.614593505859375, 14.302005767822266, 2, -1], [1, 0, 1, 0.0, 1, 1, 8, 3, 10, 1, 1, 1, 1, 1, 1, 8, 0, 0, 0, 2, 1, 1.0, 0, 0, 1, 0, 0, 0, -35.614593505859375, 14.302005767822266, 2, -1], [1, 0, 1, 0.49987155199050903, 0, 0, 6, 5, 10, 1, 0, 1, 1, 1, 3, 4, 0, 0, 0, 4, 1, 1.0, 0, 0, 0, 0, 0, 0, -30.66753387451172, 0.0, 6, -1], [1, 0, 1, 0.49987155199050903, 0, 0, 6, 5, 10, 1, 0, 1, 1, 1, 3, 4, 0, 0, 0, 4, 1, 1.0, 0, 0, 0, 0, 0, 0, -30.66753387451172, 0.0, 6, -1], [1, 0, 1, 0.49987155199050903, 0, 0, 6, 5, 10, 1, 0, 1, 1, 1, 3, 4, 0, 0, 0, 4, 1, 1.0, 0, 0, 0, 0, 0, 0, -30.66753387451172, 0.0, 6, -1], [1, 0, 1, 0.49987155199050903, 0, 0, 6, 5, 10, 1, 0, 1, 1, 1, 3, 4, 0, 0, 0, 4, 1, 1.0, 0, 0, 0, 0, 0, 0, -30.66753387451172, 0.0, 6, -1], [1, 0, 1, 0.0, 1, 1, 8, 6, 13, 1, 0, 1, 1, 1, 4, 4, 0, 0, 0, 5, 1, 1.0, 0, 0, 1, 0, 0, 0, -26.433013916015625, 57.43235778808594, 2, -1], [1, 0, 1, 0.0, 1, 1, 8, 6, 13, 1, 0, 1, 1, 1, 4, 4, 0, 0, 0, 5, 1, 1.0, 0, 0, 1, 0, 0, 0, -26.433013916015625, 57.43235778808594, 2, -1], [1, 0, 1, 0.0, 1, 1, 8, 6, 13, 1, 1, 1, 1, 1, 4, 4, 0, 0, 0, 5, 1, 1.0, 0, 0, 1, 0, 0, 0, -26.433013916015625, 57.43235778808594, 2, -1], [1, 0, 1, 0.0, 1, 1, 8, 6, 13, 1, 1, 1, 1, 1, 4, 4, 0, 0, 0, 5, 1, 1.0, 0, 0, 1, 0, 0, 0, -26.433013916015625, 57.43235778808594, 2, -1], [1, 0, 1, 0.0, 1, 1, 8, 6, 13, 1, 1, 1, 1, 1, 4, 4, 0, 0, 0, 5, 1, 1.0, 0, 0, 1, 0, 0, 0, -26.433013916015625, 57.43235778808594, 2, -1], [1, 0, 1, 0.0, 1, 1, 8, 3, 10, 1, 0, 1, 1, 1, 1, 6, 0, 0, 0, 2, 1, 1.0, 0, 0, 1, 0, 0, 0, -35.614593505859375, 14.273582458496094, 2, -1], [1, 0, 1, 0.0, 1, 1, 8, 3, 10, 1, 0, 1, 1, 1, 1, 6, 0, 0, 0, 2, 1, 1.0, 0, 0, 1, 0, 0, 0, -35.614593505859375, 14.273582458496094, 2, -1], [1, 0, 1, 0.0, 1, 1, 4, 3, 6, 1, 0, 1, 1, 1, 1, 4, 0, 0, 0, 2, 1, 1.0, 0, 0, 1, 0, 0, 0, -35.614593505859375, 14.359500885009766, 2, -1], [1, 0, 1, 0.0, 1, 1, 4, 3, 6, 1, 0, 1, 1, 1, 1, 4, 0, 0, 0, 2, 1, 1.0, 0, 0, 1, 0, 0, 0, -35.614593505859375, 14.359500885009766, 2, -1], [1, 0, 1, 0.0, 1, 1, 8, 3, 10, 1, 0, 1, 1, 1, 1, 8, 0, 0, 0, 2, 1, 1.0, 0, 0, 1, 0, 0, 0, -35.614593505859375, 14.273582458496094, 2, -1], [1, 0, 1, 0.0, 1, 1, 8, 3, 10, 1, 0, 1, 1, 1, 1, 8, 0, 0, 0, 2, 1, 1.0, 0, 0, 1, 0, 0, 0, -35.614593505859375, 14.273582458496094, 2, -1], [1, 0, 1, 0.0, 1, 1, 6, 3, 8, 1, 0, 1, 1, 1, 1, 4, 0, 0, 0, 2, 1, 1.0, 0, 0, 1, 0, 0, 0, -35.109275817871094, 14.778900146484375, 4, -1], [1, 0, 1, 0.0, 1, 1, 6, 3, 8, 1, 0, 1, 1, 1, 1, 4, 0, 0, 0, 2, 1, 1.0, 0, 0, 1, 0, 0, 0, -35.109275817871094, 14.778900146484375, 4, -1], [1, 0, 1, 0.0, 1, 1, 8, 3, 10, 1, 0, 1, 1, 1, 1, 8, 0, 0, 0, 2, 1, 1.0, 0, 0, 1, 0, 0, 0, -35.614593505859375, 14.302005767822266, 2, -1], [1, 0, 1, 0.0, 1, 1, 8, 3, 10, 1, 0, 1, 1, 1, 1, 8, 0, 0, 0, 2, 1, 1.0, 0, 0, 1, 0, 0, 0, -35.614593505859375, 14.302005767822266, 2, -1], [1, 0, 1, 0.0, 1, 1, 8, 3, 10, 1, 0, 1, 1, 1, 1, 6, 0, 0, 0, 2, 1, 1.0, 0, 0, 1, 0, 0, 0, -35.614593505859375, 14.093452453613281, 2, -1], [1, 0, 1, 0.0, 1, 1, 8, 3, 10, 1, 0, 1, 1, 1, 1, 6, 0, 0, 0, 2, 1, 1.0, 0, 0, 1, 0, 0, 0, -35.614593505859375, 12.338607788085938, 2, -1], [1, 0, 1, 0.0, 1, 1, 8, 3, 10, 1, 0, 1, 1, 1, 1, 6, 0, 0, 0, 2, 1, 1.0, 0, 0, 1, 0, 0, 0, -35.614593505859375, 14.093452453613281, 2, -1], [1, 0, 1, 0.0, 1, 1, 8, 3, 10, 1, 0, 1, 1, 1, 1, 6, 0, 0, 0, 2, 1, 1.0, 0, 0, 1, 0, 0, 0, -35.614593505859375, 14.093452453613281, 2, -1], [1, 0, 1, 0.17936724424362183, 0, 0, 8, 3, 10, 1, 0, 1, 1, 1, 1, 4, 0, 0, 0, 2, 0, 1.0, 0, 0, 0, 0, 0, 0, -45.140724182128906, 0.0, 4, -1], [1, 0, 1, 0.17936724424362183, 0, 0, 8, 3, 10, 1, 0, 1, 1, 1, 1, 4, 0, 0, 0, 2, 0, 1.0, 0, 0, 0, 0, 0, 0, -45.140724182128906, 0.0, 4, -1], [1, 0, 1, 0.0, 1, 0, 6, 11, 16, 1, 0, 1, 1, 1, 9, 5, 0, 0, 0, 10, 1, 1.0, 0, 0, 0, 0, 0, 0, -42.29719924926758, 0.0, 4, -1], [1, 0, 1, 0.0, 1, 0, 6, 11, 16, 1, 0, 1, 1, 1, 9, 5, 0, 0, 0, 10, 1, 1.0, 0, 0, 0, 0, 0, 0, -41.86152267456055, 0.0, 4, -1], [1, 0, 1, 0.0, 1, 0, 6, 11, 16, 1, 0, 1, 1, 1, 9, 5, 0, 0, 0, 10, 1, 1.0, 0, 0, 0, 0, 0, 0, -41.86152267456055, 0.0, 4, -1], [1, 0, 1, 0.0, 1, 0, 6, 11, 16, 1, 0, 1, 1, 1, 9, 5, 0, 0, 0, 10, 1, 1.0, 0, 0, 0, 0, 0, 0, -41.86152267456055, 0.0, 4, -1], [1, 0, 1, 0.0, 1, 0, 6, 11, 16, 1, 0, 1, 1, 1, 9, 5, 0, 0, 0, 10, 1, 1.0, 0, 0, 0, 0, 0, 0, -41.86152267456055, 0.0, 4, -1], [1, 0, 1, 0.0, 1, 0, 6, 11, 16, 1, 0, 1, 1, 1, 9, 5, 0, 0, 0, 10, 1, 1.0, 0, 0, 0, 0, 0, 0, -41.86152267456055, 0.0, 4, -1], [1, 0, 1, 0.0, 1, 0, 6, 11, 16, 1, 0, 1, 1, 1, 9, 5, 0, 0, 0, 10, 1, 1.0, 0, 0, 0, 0, 0, 0, -41.86152267456055, 0.0, 4, -1], [1, 0, 1, 0.0, 1, 0, 6, 11, 16, 1, 0, 1, 1, 1, 9, 5, 0, 0, 0, 10, 1, 1.0, 0, 0, 0, 0, 0, 0, -41.86152267456055, 0.0, 4, -1], [1, 0, 1, 0.0, 1, 0, 6, 11, 16, 1, 0, 1, 1, 1, 9, 5, 0, 0, 0, 10, 1, 1.0, 0, 0, 0, 0, 0, 0, -41.86152267456055, 0.0, 4, -1], [1, 0, 1, 0.0, 1, 0, 6, 11, 16, 1, 0, 1, 1, 1, 9, 5, 0, 0, 0, 10, 1, 1.0, 0, 0, 0, 0, 0, 0, -41.71775817871094, 0.0, 4, -1], [1, 0, 1, 0.0, 1, 1, 6, 3, 8, 1, 0, 1, 1, 1, 1, 6, 0, 0, 0, 2, 1, 1.0, 0, 0, 1, 0, 0, 0, -35.109275817871094, 14.872421264648438, 7, -1], [1, 0, 1, 0.0, 1, 1, 6, 3, 8, 1, 0, 1, 1, 1, 1, 6, 0, 0, 0, 2, 1, 1.0, 0, 0, 1, 0, 0, 0, -35.109275817871094, 14.872421264648438, 7, -1], [0, 0, 1, 0.0, 0, 0, 4, 3, 6, 0, 0, 1, 1, 1, 1, 4, 0, 0, 0, 2, 0, 1.0, 0, 0, 0, 0, 0, 0, -45.140724182128906, 0.0, 8, -1], [0, 0, 1, 0.0, 0, 0, 4, 3, 6, 0, 0, 1, 1, 1, 1, 4, 0, 0, 0, 2, 0, 1.0, 0, 0, 0, 0, 0, 0, -45.140724182128906, 0.0, 8, -1], [1, 0, 1, 0.31834840774536133, 1, 1, 8, 3, 10, 1, 0, 1, 1, 1, 1, 4, 0, 0, 0, 2, 1, 1.0, 0, 0, 1, 0, 0, 0, -35.614593505859375, 14.160152435302734, 5, -1], [1, 0, 1, 0.31834840774536133, 1, 1, 8, 3, 10, 1, 0, 1, 1, 1, 1, 4, 0, 0, 0, 2, 1, 1.0, 0, 0, 1, 0, 0, 0, -35.614593505859375, 14.160152435302734, 5, -1], [1, 0, 1, 0.0, 1, 1, 4, 3, 6, 1, 0, 1, 1, 1, 1, 4, 0, 0, 0, 2, 1, 1.0, 0, 0, 1, 0, 0, 0, -35.614593505859375, 14.359500885009766, 2, -1], [1, 0, 1, 0.0, 1, 1, 4, 3, 6, 1, 0, 1, 1, 1, 1, 4, 0, 0, 0, 2, 1, 1.0, 0, 0, 1, 0, 0, 0, -35.614593505859375, 14.359500885009766, 2, -1], [1, 0, 1, 0.0, 1, 1, 8, 3, 10, 1, 0, 1, 1, 1, 1, 6, 0, 0, 0, 2, 1, 1.0, 0, 0, 1, 0, 0, 0, -35.109275817871094, 14.646003723144531, 2, -1], [1, 0, 1, 0.0, 1, 1, 8, 3, 10, 1, 0, 1, 1, 1, 1, 6, 0, 0, 0, 2, 1, 1.0, 0, 0, 1, 0, 0, 0, -35.109275817871094, 14.646003723144531, 2, -1], [1, 0, 1, 0.0, 1, 1, 8, 4, 11, 1, 0, 1, 1, 1, 2, 6, 0, 0, 0, 3, 1, 1.0, 0, 0, 1, 0, 0, 0, -31.007551193237305, 58.117881774902344, 2, -1], [1, 0, 1, 0.0, 1, 1, 8, 4, 11, 1, 0, 1, 1, 1, 2, 6, 0, 0, 0, 3, 1, 1.0, 0, 0, 1, 0, 0, 0, -31.007551193237305, 58.117881774902344, 2, -1], [1, 0, 1, 0.0, 1, 1, 8, 4, 11, 1, 0, 1, 1, 1, 2, 6, 0, 0, 0, 3, 1, 1.0, 0, 0, 1, 0, 0, 0, -31.007551193237305, 58.117881774902344, 2, -1], [1, 0, 1, 0.0, 1, 1, 5, 3, 7, 1, 0, 1, 1, 1, 1, 4, 0, 0, 0, 2, 0, 1.0, 0, 0, 1, 0, 0, 0, -35.614593505859375, 14.302005767822266, 4, -1], [1, 0, 1, 0.0, 1, 1, 5, 3, 7, 1, 0, 1, 1, 1, 1, 4, 0, 0, 0, 2, 0, 1.0, 0, 0, 1, 0, 0, 0, -35.614593505859375, 14.302005767822266, 4, -1], [1, 0, 1, 0.0, 1, 1, 8, 3, 10, 1, 0, 1, 1, 1, 1, 5, 0, 0, 0, 2, 1, 1.0, 0, 0, 1, 0, 0, 0, -35.109275817871094, 14.445083618164062, 2, -1], [1, 0, 1, 0.0, 1, 1, 8, 3, 10, 1, 0, 1, 1, 1, 1, 5, 0, 0, 0, 2, 1, 1.0, 0, 0, 1, 0, 0, 0, -35.109275817871094, 14.445083618164062, 2, -1], [1, 0, 1, 0.0, 1, 1, 8, 6, 13, 1, 0, 1, 1, 1, 4, 6, 0, 0, 0, 5, 1, 1.0, 0, 0, 1, 0, 0, 0, -26.23243522644043, 57.653907775878906, 2, -1], [1, 0, 1, 0.0, 1, 1, 8, 6, 13, 1, 0, 1, 1, 1, 4, 6, 0, 0, 0, 5, 1, 1.0, 0, 0, 1, 0, 0, 0, -26.23243522644043, 57.653907775878906, 2, -1], [1, 0, 1, 0.0, 1, 1, 8, 6, 13, 1, 0, 1, 1, 1, 4, 6, 0, 0, 0, 5, 1, 1.0, 0, 0, 1, 0, 0, 0, -26.23243522644043, 57.653907775878906, 2, -1], [1, 0, 1, 0.0, 1, 1, 8, 6, 13, 1, 0, 1, 1, 1, 4, 6, 0, 0, 0, 5, 1, 1.0, 0, 0, 1, 0, 0, 0, -26.23243522644043, 57.653907775878906, 2, -1], [1, 0, 1, 0.0, 1, 1, 8, 6, 13, 1, 0, 1, 1, 1, 4, 6, 0, 0, 0, 5, 1, 1.0, 0, 0, 1, 0, 0, 0, -26.23243522644043, 57.653907775878906, 2, -1], [1, 0, 1, 0.0, 1, 0, 8, 4, 11, 1, 0, 1, 1, 1, 2, 8, 0, 0, 0, 3, 1, 1.0, 0, 0, 0, 0, 0, 0, -35.10927200317383, 0.0, 2, -1], [1, 0, 1, 0.0, 1, 0, 8, 4, 11, 1, 0, 1, 1, 1, 2, 8, 0, 0, 0, 3, 1, 1.0, 0, 0, 0, 0, 0, 0, -35.10927200317383, 0.0, 2, -1], [1, 0, 1, 0.0, 1, 0, 8, 4, 11, 1, 0, 1, 1, 1, 2, 8, 0, 0, 0, 3, 1, 1.0, 0, 0, 0, 0, 0, 0, -35.10927200317383, 0.0, 2, -1], [1, 0, 1, 0.0, 1, 1, 8, 3, 10, 1, 0, 1, 1, 1, 1, 6, 0, 0, 0, 2, 1, 1.0, 0, 0, 1, 0, 0, 0, -35.614593505859375, 13.939765930175781, 2, -1], [1, 0, 1, 0.0, 1, 1, 8, 3, 10, 1, 0, 1, 1, 1, 1, 6, 0, 0, 0, 2, 1, 1.0, 0, 0, 1, 0, 0, 0, -35.614593505859375, 13.939765930175781, 2, -1], [1, 0, 1, 0.0, 1, 1, 5, 3, 7, 1, 0, 1, 1, 1, 1, 4, 0, 0, 0, 2, 1, 1.0, 0, 0, 1, 0, 0, 0, -35.109275817871094, 14.778900146484375, 8, -1], [1, 0, 1, 0.0, 1, 1, 5, 3, 7, 1, 0, 1, 1, 1, 1, 4, 0, 0, 0, 2, 1, 1.0, 0, 0, 1, 0, 0, 0, -35.109275817871094, 14.778900146484375, 8, -1], [1, 0, 1, 0.0, 1, 1, 8, 3, 10, 1, 0, 1, 1, 1, 1, 8, 0, 0, 0, 2, 1, 1.0, 0, 0, 1, 0, 0, 0, -35.614593505859375, 12.507179260253906, 2, -1], [1, 0, 1, 0.0, 1, 1, 8, 3, 10, 1, 1, 1, 1, 1, 1, 8, 0, 0, 0, 2, 1, 1.0, 0, 0, 1, 0, 0, 0, -35.614593505859375, 14.273582458496094, 2, -1], [0, 0, 1, 0.0017852485179901123, 0, 0, 8, 3, 10, 0, 0, 1, 1, 1, 1, 5, 0, 0, 0, 2, 0, 1.0, 0, 0, 0, 0, 0, 0, -45.140724182128906, 0.0, 7, -1], [0, 0, 1, 0.0017852485179901123, 0, 0, 8, 3, 10, 0, 0, 1, 1, 1, 1, 5, 0, 0, 0, 2, 0, 1.0, 0, 0, 0, 0, 0, 0, -45.140724182128906, 0.0, 7, -1], [1, 0, 1, 0.0, 1, 1, 8, 6, 13, 1, 0, 1, 1, 1, 4, 6, 0, 0, 0, 5, 1, 1.0, 0, 0, 1, 0, 0, 0, -49.91064453125, 32.39137268066406, 6, -1], [1, 0, 1, 0.0, 1, 1, 8, 6, 13, 1, 0, 1, 1, 1, 4, 6, 0, 0, 0, 5, 1, 1.0, 0, 0, 1, 0, 0, 0, -49.91064453125, 32.39137268066406, 6, -1], [1, 0, 1, 0.0, 1, 1, 8, 6, 13, 1, 0, 1, 1, 1, 4, 6, 0, 0, 0, 5, 1, 1.0, 0, 0, 1, 0, 0, 0, -49.91064453125, 32.39137268066406, 6, -1], [1, 0, 1, 0.0, 1, 1, 8, 6, 13, 1, 0, 1, 1, 1, 4, 6, 0, 0, 0, 5, 1, 1.0, 0, 0, 1, 0, 0, 0, -49.91064453125, 32.39137268066406, 6, -1], [1, 0, 1, 0.0, 1, 1, 8, 6, 13, 1, 0, 1, 1, 1, 4, 6, 0, 0, 0, 5, 1, 1.0, 0, 0, 1, 0, 0, 0, -49.91064453125, 32.39137268066406, 6, -1], [1, 0, 1, 0.0, 1, 1, 8, 3, 10, 1, 0, 1, 1, 1, 1, 6, 0, 0, 0, 2, 1, 1.0, 0, 0, 1, 0, 0, 0, -35.109275817871094, 14.778900146484375, 4, -1], [1, 0, 1, 0.0, 1, 1, 8, 3, 10, 1, 0, 1, 1, 1, 1, 6, 0, 0, 0, 2, 1, 1.0, 0, 0, 1, 0, 0, 0, -35.109275817871094, 14.778900146484375, 4, -1], [1, 0, 1, 0.0, 1, 1, 3, 3, 5, 1, 0, 1, 1, 1, 1, 3, 0, 0, 0, 2, 1, 1.0, 0, 0, 1, 0, 0, 0, -35.109275817871094, 14.872421264648438, 4, -1], [1, 0, 1, 0.0, 1, 1, 3, 3, 5, 1, 0, 1, 1, 1, 1, 3, 0, 0, 0, 2, 1, 1.0, 0, 0, 1, 0, 0, 0, -35.109275817871094, 14.872421264648438, 4, -1], [1, 0, 1, 0.0, 1, 1, 8, 3, 10, 1, 0, 1, 1, 1, 1, 4, 0, 0, 0, 2, 1, 1.0, 0, 0, 1, 0, 0, 0, -35.614593505859375, 14.187843322753906, 2, -1], [1, 0, 1, 0.0, 1, 1, 8, 3, 10, 1, 0, 1, 1, 1, 1, 4, 0, 0, 0, 2, 1, 1.0, 0, 0, 1, 0, 0, 0, -35.614593505859375, 14.187843322753906, 2, -1], [1, 0, 1, 0.27903395891189575, 0, 0, 8, 3, 10, 1, 0, 1, 1, 1, 1, 5, 0, 0, 0, 2, 1, 1.0, 0, 0, 0, 0, 0, 0, -45.140724182128906, 0.0, 5, -1], [1, 0, 1, 0.27903395891189575, 0, 0, 8, 3, 10, 1, 0, 1, 1, 1, 1, 5, 0, 0, 0, 2, 1, 1.0, 0, 0, 0, 0, 0, 0, -45.140724182128906, 0.0, 5, -1], [1, 0, 1, 0.0, 1, 0, 8, 3, 10, 1, 0, 1, 1, 1, 1, 5, 0, 0, 0, 2, 1, 1.0, 0, 0, 0, 0, 0, 0, -45.140724182128906, 0.0, 2, -1], [1, 0, 1, 0.0, 1, 0, 8, 3, 10, 1, 0, 1, 1, 1, 1, 5, 0, 0, 0, 2, 1, 1.0, 0, 0, 0, 0, 0, 0, -45.140724182128906, 0.0, 2, -1], [1, 0, 1, 0.0, 1, 0, 8, 3, 10, 1, 0, 1, 1, 1, 1, 5, 0, 0, 0, 2, 1, 1.0, 0, 0, 0, 0, 0, 0, -45.140724182128906, 0.0, 2, -1], [1, 0, 1, 0.0, 1, 0, 8, 3, 10, 1, 0, 1, 1, 1, 1, 5, 0, 0, 0, 2, 1, 1.0, 0, 0, 0, 0, 0, 0, -45.140724182128906, 0.0, 2, -1], [1, 0, 1, 0.0, 1, 1, 8, 3, 10, 1, 0, 1, 1, 1, 1, 6, 0, 0, 0, 2, 1, 1.0, 0, 0, 1, 0, 0, 0, -35.712303161621094, 35.514671325683594, 2, -1], [1, 0, 1, 0.0, 1, 1, 8, 3, 10, 1, 0, 1, 1, 1, 1, 6, 0, 0, 0, 2, 1, 1.0, 0, 0, 1, 0, 0, 0, -35.712303161621094, 35.514671325683594, 2, -1], [1, 0, 1, 0.0, 1, 1, 8, 3, 10, 1, 1, 1, 1, 1, 1, 6, 0, 0, 0, 2, 1, 1.0, 0, 0, 1, 0, 0, 0, -35.614593505859375, 14.273582458496094, 2, -1], [1, 0, 1, 0.0, 1, 1, 8, 3, 10, 1, 0, 1, 1, 1, 1, 6, 0, 0, 0, 2, 1, 1.0, 0, 0, 1, 0, 0, 0, -35.614593505859375, 14.273582458496094, 2, -1], [1, 0, 1, 0.0, 1, 1, 8, 3, 10, 1, 1, 1, 1, 1, 1, 8, 0, 0, 0, 2, 1, 1.0, 0, 0, 1, 0, 0, 0, -35.614593505859375, 14.302005767822266, 2, -1], [1, 0, 1, 0.0, 1, 1, 8, 3, 10, 1, 0, 1, 1, 1, 1, 8, 0, 0, 0, 2, 1, 1.0, 0, 0, 1, 0, 0, 0, -35.614593505859375, 14.302005767822266, 2, -1], [1, 0, 1, 0.0, 1, 1, 8, 3, 10, 1, 0, 1, 1, 1, 1, 6, 0, 0, 0, 2, 1, 1.0, 0, 0, 1, 0, 0, 0, -35.614593505859375, 14.093452453613281, 2, -1], [1, 0, 1, 0.0, 1, 1, 8, 3, 10, 1, 0, 1, 1, 1, 1, 6, 0, 0, 0, 2, 1, 1.0, 0, 0, 1, 0, 0, 0, -35.614593505859375, 14.093452453613281, 2, -1], [1, 0, 1, 0.0, 1, 1, 8, 3, 10, 1, 0, 1, 1, 1, 1, 5, 0, 0, 0, 2, 1, 1.0, 0, 0, 1, 0, 0, 0, -35.614593505859375, 14.200599670410156, 2, -1], [1, 0, 1, 0.0, 1, 1, 8, 3, 10, 1, 0, 1, 1, 1, 1, 5, 0, 0, 0, 2, 1, 1.0, 0, 0, 1, 0, 0, 0, -35.614593505859375, 14.200599670410156, 2, -1], [1, 0, 1, 0.0, 1, 0, 8, 3, 10, 1, 0, 1, 1, 1, 1, 5, 0, 0, 0, 2, 1, 1.0, 0, 0, 0, 0, 0, 0, -45.140724182128906, 0.0, 2, -1], [1, 0, 1, 0.0, 1, 0, 8, 3, 10, 1, 0, 1, 1, 1, 1, 5, 0, 0, 0, 2, 1, 1.0, 0, 0, 0, 0, 0, 0, -45.140724182128906, 0.0, 2, -1], [1, 0, 1, 0.0, 1, 1, 7, 3, 9, 1, 0, 1, 1, 1, 1, 6, 0, 0, 0, 2, 1, 1.0, 0, 0, 1, 0, 0, 0, -35.614593505859375, 14.302005767822266, 2, -1], [1, 0, 1, 0.0, 1, 1, 7, 3, 9, 1, 0, 1, 1, 1, 1, 6, 0, 0, 0, 2, 1, 1.0, 0, 0, 1, 0, 0, 0, -35.614593505859375, 14.302005767822266, 2, -1], [0, 0, 1, 0.026486098766326904, 0, 0, 8, 3, 10, 0, 0, 1, 1, 1, 1, 5, 0, 0, 0, 2, 0, 1.0, 0, 0, 0, 0, 0, 0, -45.140724182128906, 0.0, 2, -1], [0, 0, 1, 0.026486098766326904, 0, 0, 8, 3, 10, 0, 0, 1, 1, 1, 1, 5, 0, 0, 0, 2, 0, 1.0, 0, 0, 0, 0, 0, 0, -45.140724182128906, 0.0, 2, -1], [1, 0, 1, 0.0, 1, 0, 8, 3, 10, 1, 0, 1, 1, 1, 1, 5, 0, 0, 0, 2, 1, 1.0, 0, 0, 0, 0, 0, 0, -45.140724182128906, 0.0, 2, -1], [1, 0, 1, 0.0, 1, 0, 8, 3, 10, 1, 0, 1, 1, 1, 1, 5, 0, 0, 0, 2, 1, 1.0, 0, 0, 0, 0, 0, 0, -45.140724182128906, 0.0, 2, -1], [1, 0, 1, 0.0, 1, 1, 4, 3, 6, 1, 0, 1, 1, 1, 1, 3, 0, 0, 0, 2, 1, 1.0, 0, 0, 1, 0, 0, 0, -35.109275817871094, 14.705917358398438, 7, -1], [1, 0, 1, 0.0, 1, 1, 4, 3, 6, 1, 0, 1, 1, 1, 1, 3, 0, 0, 0, 2, 1, 1.0, 0, 0, 1, 0, 0, 0, -35.109275817871094, 14.705917358398438, 7, -1], [1, 0, 1, 0.0, 1, 1, 8, 4, 11, 1, 0, 1, 1, 1, 2, 8, 0, 0, 0, 3, 1, 1.0, 0, 0, 1, 0, 0, 0, -30.667530059814453, 59.1421012878418, 2, -1], [1, 0, 1, 0.0, 1, 1, 8, 4, 11, 1, 0, 1, 1, 1, 2, 8, 0, 0, 0, 3, 1, 1.0, 0, 0, 1, 0, 0, 0, -30.667530059814453, 59.1421012878418, 2, -1], [1, 0, 1, 0.0, 1, 1, 8, 4, 11, 1, 0, 1, 1, 1, 2, 8, 0, 0, 0, 3, 1, 1.0, 0, 0, 1, 0, 0, 0, -30.667530059814453, 59.1421012878418, 2, -1], [0, 0, 1, 0.007759511470794678, 0, 0, 5, 3, 7, 0, 0, 1, 1, 1, 1, 5, 0, 0, 0, 2, 0, 1.0, 0, 0, 0, 0, 0, 0, -45.140724182128906, 0.0, 3, -1], [0, 0, 1, 0.007759511470794678, 0, 0, 5, 3, 7, 0, 0, 1, 1, 1, 1, 5, 0, 0, 0, 2, 0, 1.0, 0, 0, 0, 0, 0, 0, -45.140724182128906, 0.0, 3, -1], [1, 0, 1, 0.0, 1, 1, 8, 3, 10, 1, 1, 1, 1, 1, 1, 8, 0, 0, 0, 2, 1, 1.0, 0, 0, 1, 0, 0, 0, -35.614593505859375, 14.273582458496094, 2, -1], [1, 0, 1, 0.0, 1, 1, 8, 3, 10, 1, 1, 1, 1, 1, 1, 8, 0, 0, 0, 2, 1, 1.0, 0, 0, 1, 0, 0, 0, -35.614593505859375, 14.273582458496094, 2, -1], [1, 0, 1, 0.0, 1, 1, 8, 3, 10, 1, 0, 1, 1, 1, 1, 4, 0, 0, 0, 2, 1, 1.0, 0, 0, 1, 0, 0, 0, -35.614593505859375, 13.955181121826172, 3, -1], [1, 0, 1, 0.0, 1, 1, 8, 3, 10, 1, 0, 1, 1, 1, 1, 4, 0, 0, 0, 2, 1, 1.0, 0, 0, 1, 0, 0, 0, -35.614593505859375, 13.955181121826172, 3, -1], [1, 0, 1, 0.0, 1, 1, 8, 4, 11, 1, 0, 1, 1, 1, 2, 4, 0, 0, 0, 3, 1, 1.0, 0, 0, 1, 0, 0, 0, -30.20216178894043, 73.70635223388672, 3, -1], [1, 0, 1, 0.0, 1, 1, 8, 4, 11, 1, 0, 1, 1, 1, 2, 4, 0, 0, 0, 3, 1, 1.0, 0, 0, 1, 0, 0, 0, -30.20216178894043, 73.70635223388672, 3, -1], [1, 0, 1, 0.0, 1, 1, 8, 4, 11, 1, 0, 1, 1, 1, 2, 4, 0, 0, 0, 3, 1, 1.0, 0, 0, 1, 0, 0, 0, -29.89766502380371, 62.20805358886719, 3, -1], [1, 0, 1, 0.0, 1, 1, 8, 3, 10, 1, 1, 1, 1, 1, 1, 6, 0, 0, 0, 2, 1, 1.0, 0, 0, 1, 0, 0, 0, -35.614593505859375, 14.302005767822266, 2, -1], [1, 0, 1, 0.0, 1, 1, 8, 3, 10, 1, 1, 1, 1, 1, 1, 6, 0, 0, 0, 2, 1, 1.0, 0, 0, 1, 0, 0, 0, -35.614593505859375, 14.302005767822266, 2, -1], [0, 0, 1, 0.0, 0, 0, 8, 3, 10, 0, 0, 1, 1, 1, 1, 3, 0, 0, 0, 2, 0, 1.0, 0, 0, 0, 0, 0, 0, -45.140724182128906, 0.0, 3, -1], [0, 0, 1, 0.0, 0, 0, 8, 3, 10, 0, 0, 1, 1, 1, 1, 3, 0, 0, 0, 2, 0, 1.0, 0, 0, 0, 0, 0, 0, -45.140724182128906, 0.0, 3, -1], [1, 0, 1, 0.0, 1, 0, 8, 3, 10, 1, 1, 1, 1, 1, 1, 5, 0, 0, 0, 2, 1, 1.0, 0, 0, 0, 0, 0, 0, -45.140724182128906, 0.0, 2, -1], [1, 0, 1, 0.0, 1, 0, 8, 3, 10, 1, 0, 1, 1, 1, 1, 5, 0, 0, 0, 2, 1, 1.0, 0, 0, 0, 0, 0, 0, -45.140724182128906, 0.0, 2, -1], [1, 0, 1, 0.02807864546775818, 0, 0, 8, 3, 10, 1, 0, 1, 1, 1, 1, 3, 0, 0, 0, 2, 0, 1.0, 0, 0, 0, 0, 0, 0, -45.140724182128906, 0.0, 1, -1], [1, 0, 1, 0.02807864546775818, 0, 0, 8, 3, 10, 1, 0, 1, 1, 1, 1, 3, 0, 0, 0, 2, 0, 1.0, 0, 0, 0, 0, 0, 0, -45.140724182128906, 0.0, 1, -1], [1, 0, 1, 0.0, 1, 1, 4, 4, 7, 1, 0, 1, 1, 1, 2, 3, 0, 0, 0, 3, 1, 1.0, 0, 0, 1, 0, 0, 0, -30.667530059814453, 59.74148941040039, 3, -1], [1, 0, 1, 0.0, 1, 1, 4, 4, 7, 1, 0, 1, 1, 1, 2, 3, 0, 0, 0, 3, 1, 1.0, 0, 0, 1, 0, 0, 0, -30.667530059814453, 59.74148941040039, 3, -1], [1, 0, 1, 0.0, 1, 1, 4, 4, 7, 1, 0, 1, 1, 1, 2, 3, 0, 0, 0, 3, 1, 1.0, 0, 0, 1, 0, 0, 0, -30.667530059814453, 59.74148941040039, 3, -1], [1, 0, 1, 0.0, 1, 1, 8, 3, 10, 1, 0, 1, 1, 1, 1, 6, 0, 0, 0, 2, 1, 1.0, 0, 0, 1, 0, 0, 0, -35.614593505859375, 14.256847381591797, 2, -1], [1, 0, 1, 0.0, 1, 1, 8, 3, 10, 1, 0, 1, 1, 1, 1, 6, 0, 0, 0, 2, 1, 1.0, 0, 0, 1, 0, 0, 0, -35.614593505859375, 14.256847381591797, 2, -1], [1, 0, 1, 0.08729195594787598, 1, 1, 8, 3, 10, 1, 0, 1, 1, 1, 1, 6, 0, 0, 0, 2, 1, 1.0, 0, 0, 1, 0, 0, 0, -35.109275817871094, 14.646003723144531, 4, -1], [1, 0, 1, 0.08729195594787598, 1, 1, 8, 3, 10, 1, 0, 1, 1, 1, 1, 6, 0, 0, 0, 2, 1, 1.0, 0, 0, 1, 0, 0, 0, -35.109275817871094, 14.646003723144531, 4, -1], [1, 0, 1, 0.4521957039833069, 1, 1, 6, 3, 8, 1, 0, 1, 1, 1, 1, 5, 0, 0, 0, 2, 0, 1.0, 0, 0, 1, 0, 0, 0, -35.30105209350586, 14.680644989013672, 5, -1], [1, 0, 1, 0.4521957039833069, 1, 1, 6, 3, 8, 1, 0, 1, 1, 1, 1, 5, 0, 0, 0, 2, 0, 1.0, 0, 0, 1, 0, 0, 0, -35.66191482543945, 14.319782257080078, 5, -1], [1, 0, 1, 0.38050246238708496, 1, 1, 8, 3, 10, 1, 0, 1, 1, 1, 1, 6, 0, 0, 0, 2, 1, 1.0, 0, 0, 1, 0, 0, 0, -35.30105209350586, 14.673042297363281, 6, -1], [1, 0, 1, 0.38050246238708496, 1, 1, 8, 3, 10, 1, 0, 1, 1, 1, 1, 6, 0, 0, 0, 2, 1, 1.0, 0, 0, 1, 0, 0, 0, -35.66191482543945, 14.312179565429688, 6, -1], [1, 0, 1, 0.0, 1, 1, 8, 3, 10, 1, 0, 1, 1, 1, 1, 6, 0, 0, 0, 2, 1, 1.0, 0, 0, 1, 0, 0, 0, -35.614593505859375, 14.219589233398438, 2, -1], [1, 0, 1, 0.0, 1, 1, 8, 3, 10, 1, 0, 1, 1, 1, 1, 6, 0, 0, 0, 2, 1, 1.0, 0, 0, 1, 0, 0, 0, -35.614593505859375, 12.419227600097656, 2, -1], [1, 0, 1, 0.0, 1, 1, 8, 3, 10, 1, 0, 1, 1, 1, 1, 6, 0, 0, 0, 2, 1, 1.0, 0, 0, 1, 0, 0, 0, -35.614593505859375, 14.302005767822266, 2, -1], [1, 0, 1, 0.0, 1, 1, 8, 3, 10, 1, 0, 1, 1, 1, 1, 6, 0, 0, 0, 2, 1, 1.0, 0, 0, 1, 0, 0, 0, -35.614593505859375, 14.302005767822266, 2, -1], [1, 0, 1, 0.0, 1, 0, 8, 4, 11, 1, 0, 1, 1, 1, 2, 8, 0, 0, 0, 3, 1, 1.0, 0, 0, 0, 0, 0, 0, -35.10927200317383, 0.0, 2, -1], [1, 0, 1, 0.0, 1, 0, 8, 4, 11, 1, 1, 1, 1, 1, 2, 8, 0, 0, 0, 3, 1, 1.0, 0, 0, 0, 0, 0, 0, -35.10927200317383, 0.0, 2, -1], [1, 0, 1, 0.0, 1, 0, 8, 4, 11, 1, 0, 1, 1, 1, 2, 8, 0, 0, 0, 3, 1, 1.0, 0, 0, 0, 0, 0, 0, -35.10927200317383, 0.0, 2, -1], [1, 0, 1, 0.0, 1, 1, 8, 3, 10, 1, 0, 1, 1, 1, 1, 4, 0, 0, 0, 2, 1, 1.0, 0, 0, 1, 0, 0, 0, -35.109275817871094, 14.550971984863281, 4, -1], [1, 0, 1, 0.0, 1, 1, 8, 3, 10, 1, 0, 1, 1, 1, 1, 4, 0, 0, 0, 2, 1, 1.0, 0, 0, 1, 0, 0, 0, -35.109275817871094, 14.550971984863281, 4, -1], [1, 0, 1, 0.2925879955291748, 1, 1, 8, 3, 10, 1, 0, 1, 1, 1, 1, 6, 0, 0, 0, 2, 1, 1.0, 0, 0, 1, 0, 0, 0, -35.109275817871094, 14.705917358398438, 7, -1], [1, 0, 1, 0.2925879955291748, 1, 1, 8, 3, 10, 1, 0, 1, 1, 1, 1, 6, 0, 0, 0, 2, 1, 1.0, 0, 0, 1, 0, 0, 0, -35.109275817871094, 14.705917358398438, 7, -1], [1, 0, 1, 2.384185791015625e-07, 1, 1, 8, 3, 10, 1, 0, 1, 1, 1, 1, 6, 0, 0, 0, 2, 1, 1.0, 0, 0, 1, 0, 0, 0, -35.07505416870117, 36.00130081176758, 6, -1], [1, 0, 1, 2.384185791015625e-07, 1, 1, 8, 3, 10, 1, 0, 1, 1, 1, 1, 6, 0, 0, 0, 2, 1, 1.0, 0, 0, 1, 0, 0, 0, -35.07505416870117, 36.00130081176758, 6, -1], [0, 0, 1, 0.10124683380126953, 0, 0, 8, 3, 10, 0, 0, 1, 1, 1, 1, 4, 0, 0, 0, 2, 0, 1.0, 0, 0, 0, 0, 0, 0, -45.140724182128906, 0.0, 3, -1], [0, 0, 1, 0.10124683380126953, 0, 0, 8, 3, 10, 0, 0, 1, 1, 1, 1, 4, 0, 0, 0, 2, 0, 1.0, 0, 0, 0, 0, 0, 0, -45.140724182128906, 0.0, 3, -1], [1, 0, 1, 0.0, 1, 1, 8, 3, 10, 1, 0, 1, 1, 1, 1, 6, 0, 0, 0, 2, 1, 1.0, 0, 0, 1, 0, 0, 0, -35.614593505859375, 14.273582458496094, 2, -1], [1, 0, 1, 0.0, 1, 1, 8, 3, 10, 1, 0, 1, 1, 1, 1, 6, 0, 0, 0, 2, 1, 1.0, 0, 0, 1, 0, 0, 0, -35.614593505859375, 14.273582458496094, 2, -1], [1, 0, 1, 0.0, 1, 1, 8, 4, 11, 1, 0, 1, 1, 1, 2, 5, 0, 0, 0, 3, 1, 1.0, 0, 0, 1, 0, 0, 0, -31.007551193237305, 58.117881774902344, 2, -1], [1, 0, 1, 0.0, 1, 1, 8, 4, 11, 1, 0, 1, 1, 1, 2, 5, 0, 0, 0, 3, 1, 1.0, 0, 0, 1, 0, 0, 0, -31.007551193237305, 58.117881774902344, 2, -1], [1, 0, 1, 0.0, 1, 1, 8, 4, 11, 1, 0, 1, 1, 1, 2, 5, 0, 0, 0, 3, 1, 1.0, 0, 0, 1, 0, 0, 0, -31.007551193237305, 58.117881774902344, 2, -1], [1, 0, 1, 0.38455891609191895, 0, 0, 5, 3, 7, 1, 0, 1, 1, 1, 1, 3, 0, 0, 0, 2, 0, 1.0, 0, 0, 0, 0, 0, 0, -45.140724182128906, 0.0, 3, -1], [1, 0, 1, 0.38455891609191895, 0, 0, 5, 3, 7, 1, 0, 1, 1, 1, 1, 3, 0, 0, 0, 2, 0, 1.0, 0, 0, 0, 0, 0, 0, -45.140724182128906, 0.0, 3, -1], [1, 0, 1, 0.0, 1, 0, 8, 3, 10, 1, 0, 1, 1, 1, 1, 5, 0, 0, 0, 2, 1, 1.0, 0, 0, 0, 0, 0, 0, -45.140724182128906, 0.0, 2, -1], [1, 0, 1, 0.0, 1, 0, 8, 3, 10, 1, 0, 1, 1, 1, 1, 5, 0, 0, 0, 2, 1, 1.0, 0, 0, 0, 0, 0, 0, -45.140724182128906, 0.0, 2, -1], [1, 0, 1, 0.0, 1, 1, 8, 3, 10, 1, 0, 1, 1, 1, 1, 8, 0, 0, 0, 2, 1, 1.0, 0, 0, 1, 0, 0, 0, -35.614593505859375, 14.273582458496094, 2, -1], [1, 0, 1, 0.0, 1, 1, 8, 3, 10, 1, 0, 1, 1, 1, 1, 8, 0, 0, 0, 2, 1, 1.0, 0, 0, 1, 0, 0, 0, -35.614593505859375, 14.273582458496094, 2, -1], [1, 0, 1, 0.0, 1, 0, 8, 5, 12, 1, 0, 1, 1, 1, 3, 8, 0, 0, 0, 4, 1, 1.0, 0, 0, 0, 0, 0, 0, -30.66753387451172, 0.0, 2, -1], [1, 0, 1, 0.0, 1, 0, 8, 5, 12, 1, 0, 1, 1, 1, 3, 8, 0, 0, 0, 4, 1, 1.0, 0, 0, 0, 0, 0, 0, -30.66753387451172, 0.0, 2, -1], [1, 0, 1, 0.0, 1, 0, 8, 5, 12, 1, 0, 1, 1, 1, 3, 8, 0, 0, 0, 4, 1, 1.0, 0, 0, 0, 0, 0, 0, -30.66753387451172, 0.0, 2, -1], [1, 0, 1, 0.0, 1, 0, 8, 5, 12, 1, 1, 1, 1, 1, 3, 8, 0, 0, 0, 4, 1, 1.0, 0, 0, 0, 0, 0, 0, -30.66753387451172, 0.0, 2, -1], [1, 0, 1, 0.20716655254364014, 1, 1, 8, 3, 10, 1, 0, 1, 1, 1, 1, 5, 0, 0, 0, 2, 1, 1.0, 0, 0, 1, 0, 0, 0, -35.109275817871094, 14.646003723144531, 2, -1], [1, 0, 1, 0.20716655254364014, 1, 1, 8, 3, 10, 1, 1, 1, 1, 1, 1, 5, 0, 0, 0, 2, 1, 1.0, 0, 0, 1, 0, 0, 0, -35.109275817871094, 14.646003723144531, 2, -1], [1, 0, 1, 0.0, 1, 1, 5, 3, 7, 1, 0, 1, 1, 1, 1, 5, 0, 0, 0, 2, 1, 1.0, 0, 0, 1, 0, 0, 0, -35.614593505859375, 12.507179260253906, 2, -1], [1, 0, 1, 0.0, 1, 1, 5, 3, 7, 1, 0, 1, 1, 1, 1, 5, 0, 0, 0, 2, 1, 1.0, 0, 0, 1, 0, 0, 0, -35.614593505859375, 14.359500885009766, 2, -1], [1, 0, 1, 0.0, 1, 1, 8, 3, 10, 1, 0, 1, 1, 1, 1, 6, 0, 0, 0, 2, 1, 1.0, 0, 0, 1, 0, 0, 0, -35.614593505859375, 14.302005767822266, 2, -1], [1, 0, 1, 0.0, 1, 1, 8, 3, 10, 1, 0, 1, 1, 1, 1, 6, 0, 0, 0, 2, 1, 1.0, 0, 0, 1, 0, 0, 0, -35.614593505859375, 14.302005767822266, 2, -1], [1, 0, 1, 0.0, 1, 1, 8, 3, 10, 1, 0, 1, 1, 1, 1, 4, 0, 0, 0, 2, 1, 1.0, 0, 0, 1, 0, 0, 0, -35.614593505859375, 13.955181121826172, 3, -1], [1, 0, 1, 0.0, 1, 1, 8, 3, 10, 1, 0, 1, 1, 1, 1, 4, 0, 0, 0, 2, 1, 1.0, 0, 0, 1, 0, 0, 0, -35.614593505859375, 13.955181121826172, 3, -1], [1, 0, 1, 0.0, 1, 1, 8, 5, 12, 1, 0, 1, 1, 1, 3, 4, 0, 0, 0, 4, 1, 1.0, 0, 0, 1, 0, 0, 0, -28.005413055419922, 58.6275749206543, 2, -1], [1, 0, 1, 0.0, 1, 1, 8, 5, 12, 1, 0, 1, 1, 1, 3, 4, 0, 0, 0, 4, 1, 1.0, 0, 0, 1, 0, 0, 0, -28.005413055419922, 58.6275749206543, 2, -1], [1, 0, 1, 0.0, 1, 1, 8, 5, 12, 1, 1, 1, 1, 1, 3, 4, 0, 0, 0, 4, 1, 1.0, 0, 0, 1, 0, 0, 0, -28.005413055419922, 58.6275749206543, 2, -1], [1, 0, 1, 0.0, 1, 1, 8, 5, 12, 1, 0, 1, 1, 1, 3, 4, 0, 0, 0, 4, 1, 1.0, 0, 0, 1, 0, 0, 0, -28.005413055419922, 58.6275749206543, 2, -1], [1, 0, 1, 0.0, 1, 1, 8, 3, 10, 1, 0, 1, 1, 1, 1, 4, 0, 0, 0, 2, 1, 1.0, 0, 0, 1, 0, 0, 0, -35.614593505859375, 14.045654296875, 2, -1], [1, 0, 1, 0.0, 1, 1, 8, 3, 10, 1, 0, 1, 1, 1, 1, 4, 0, 0, 0, 2, 1, 1.0, 0, 0, 1, 0, 0, 0, -35.614593505859375, 14.045654296875, 2, -1], [1, 0, 1, 0.11551618576049805, 1, 0, 5, 3, 7, 1, 0, 1, 1, 1, 1, 4, 0, 0, 0, 2, 0, 1.0, 0, 0, 0, 0, 0, 0, -45.140724182128906, 0.0, 2, -1], [1, 0, 1, 0.11551618576049805, 1, 0, 5, 3, 7, 1, 0, 1, 1, 1, 1, 4, 0, 0, 0, 2, 0, 1.0, 0, 0, 0, 0, 0, 0, -45.140724182128906, 0.0, 2, -1], [1, 0, 1, 0.0, 1, 1, 8, 3, 10, 1, 0, 1, 1, 1, 1, 4, 0, 0, 0, 2, 1, 1.0, 0, 0, 1, 0, 0, 0, -35.614593505859375, 13.722660064697266, 3, -1], [1, 0, 1, 0.0, 1, 1, 8, 3, 10, 1, 0, 1, 1, 1, 1, 4, 0, 0, 0, 2, 1, 1.0, 0, 0, 1, 0, 0, 0, -35.614593505859375, 12.181926727294922, 3, -1], [1, 0, 1, 0.0, 1, 0, 8, 3, 10, 1, 0, 1, 1, 1, 1, 5, 0, 0, 0, 2, 1, 1.0, 0, 0, 0, 0, 0, 0, -45.140724182128906, 0.0, 2, -1], [1, 0, 1, 0.0, 1, 0, 8, 3, 10, 1, 0, 1, 1, 1, 1, 5, 0, 0, 0, 2, 1, 1.0, 0, 0, 0, 0, 0, 0, -45.140724182128906, 0.0, 2, -1], [1, 0, 1, 2.384185791015625e-07, 1, 1, 8, 3, 10, 1, 0, 1, 1, 1, 1, 6, 0, 0, 0, 2, 1, 1.0, 0, 0, 1, 0, 0, 0, -35.07505416870117, 36.00130081176758, 6, -1], [1, 0, 1, 2.384185791015625e-07, 1, 1, 8, 3, 10, 1, 0, 1, 1, 1, 1, 6, 0, 0, 0, 2, 1, 1.0, 0, 0, 1, 0, 0, 0, -35.07505416870117, 36.00130081176758, 6, -1], [0, 0, 1, 0.0, 0, 0, 8, 4, 11, 0, 0, 1, 1, 1, 2, 4, 0, 0, 0, 3, 0, 1.0, 0, 0, 0, 0, 0, 0, -35.10927200317383, 0.0, 9, -1], [0, 0, 1, 0.0, 0, 0, 8, 4, 11, 0, 0, 1, 1, 1, 2, 4, 0, 0, 0, 3, 0, 1.0, 0, 0, 0, 0, 0, 0, -35.10927200317383, 0.0, 9, -1], [0, 0, 1, 0.0, 0, 0, 8, 4, 11, 0, 0, 1, 1, 1, 2, 4, 0, 0, 0, 3, 0, 1.0, 0, 0, 0, 0, 0, 0, -35.10927200317383, 0.0, 9, -1], [1, 0, 1, 0.4521957039833069, 1, 1, 6, 3, 8, 1, 0, 1, 1, 1, 1, 5, 0, 0, 0, 2, 0, 1.0, 0, 0, 1, 0, 0, 0, -35.07505416870117, 36.31352615356445, 5, -1], [1, 0, 1, 0.4521957039833069, 1, 1, 6, 3, 8, 1, 0, 1, 1, 1, 1, 5, 0, 0, 0, 2, 0, 1.0, 0, 0, 1, 0, 0, 0, -35.07505416870117, 36.31352615356445, 5, -1], [1, 0, 1, 0.0, 1, 1, 5, 3, 7, 1, 0, 1, 1, 1, 1, 4, 0, 0, 0, 2, 1, 1.0, 0, 0, 1, 0, 0, 0, -35.614593505859375, 12.412467956542969, 8, -1], [1, 0, 1, 0.0, 1, 1, 5, 3, 7, 1, 0, 1, 1, 1, 1, 4, 0, 0, 0, 2, 1, 1.0, 0, 0, 1, 0, 0, 0, -35.614593505859375, 14.273582458496094, 8, -1], [1, 0, 1, 0.0, 1, 1, 8, 6, 13, 1, 0, 1, 1, 1, 4, 6, 0, 0, 0, 5, 1, 1.0, 0, 0, 1, 0, 0, 0, -47.181514739990234, 35.263980865478516, 2, -1], [1, 0, 1, 0.0, 1, 1, 8, 6, 13, 1, 1, 1, 1, 1, 4, 6, 0, 0, 0, 5, 1, 1.0, 0, 0, 1, 0, 0, 0, -47.770545959472656, 34.674949645996094, 2, -1], [1, 0, 1, 0.0, 1, 1, 8, 6, 13, 1, 0, 1, 1, 1, 4, 6, 0, 0, 0, 5, 1, 1.0, 0, 0, 1, 0, 0, 0, -47.147613525390625, 35.297882080078125, 2, -1], [1, 0, 1, 0.0, 1, 1, 8, 6, 13, 1, 0, 1, 1, 1, 4, 6, 0, 0, 0, 5, 1, 1.0, 0, 0, 1, 0, 0, 0, -47.147613525390625, 35.297882080078125, 2, -1], [1, 0, 1, 0.0, 1, 1, 8, 6, 13, 1, 0, 1, 1, 1, 4, 6, 0, 0, 0, 5, 1, 1.0, 0, 0, 1, 0, 0, 0, -47.147613525390625, 35.297882080078125, 2, -1], [1, 0, 1, 0.0, 1, 1, 8, 3, 10, 1, 0, 1, 1, 1, 1, 3, 0, 0, 0, 2, 1, 1.0, 0, 0, 1, 0, 0, 0, -35.614593505859375, 14.093452453613281, 3, -1], [1, 0, 1, 0.0, 1, 1, 8, 3, 10, 1, 0, 1, 1, 1, 1, 3, 0, 0, 0, 2, 1, 1.0, 0, 0, 1, 0, 0, 0, -35.614593505859375, 14.093452453613281, 3, -1], [1, 0, 1, 0.0, 1, 1, 8, 3, 10, 1, 0, 1, 1, 1, 1, 6, 0, 0, 0, 2, 1, 1.0, 0, 0, 1, 0, 0, 0, -35.614593505859375, 14.302005767822266, 2, -1], [1, 0, 1, 0.0, 1, 1, 8, 3, 10, 1, 0, 1, 1, 1, 1, 6, 0, 0, 0, 2, 1, 1.0, 0, 0, 1, 0, 0, 0, -35.614593505859375, 14.302005767822266, 2, -1], [1, 0, 1, 0.0, 1, 1, 8, 3, 10, 1, 0, 1, 1, 1, 1, 2, 0, 0, 0, 2, 1, 1.0, 0, 0, 1, 0, 0, 0, -35.614593505859375, 14.093452453613281, 3, -1], [1, 0, 1, 0.0, 1, 1, 8, 3, 10, 1, 0, 1, 1, 1, 1, 2, 0, 0, 0, 2, 1, 1.0, 0, 0, 1, 0, 0, 0, -35.614593505859375, 14.093452453613281, 3, -1], [1, 0, 1, 0.0, 1, 1, 4, 3, 6, 1, 0, 1, 1, 1, 1, 4, 0, 0, 0, 2, 1, 1.0, 0, 0, 1, 0, 0, 0, -35.614593505859375, 14.367103576660156, 2, -1], [1, 0, 1, 0.0, 1, 1, 4, 3, 6, 1, 0, 1, 1, 1, 1, 4, 0, 0, 0, 2, 1, 1.0, 0, 0, 1, 0, 0, 0, -35.614593505859375, 14.367103576660156, 2, -1], [1, 0, 1, 0.0, 1, 1, 8, 3, 10, 1, 0, 1, 1, 1, 1, 4, 0, 0, 0, 2, 1, 1.0, 0, 0, 1, 0, 0, 0, -35.614593505859375, 14.160152435302734, 2, -1], [1, 0, 1, 0.0, 1, 1, 8, 3, 10, 1, 0, 1, 1, 1, 1, 4, 0, 0, 0, 2, 1, 1.0, 0, 0, 1, 0, 0, 0, -35.614593505859375, 14.160152435302734, 2, -1], [1, 0, 1, 0.534996896982193, 1, 1, 8, 3, 10, 1, 0, 1, 1, 1, 1, 6, 0, 0, 0, 2, 1, 1.0, 0, 0, 1, 0, 0, 0, -35.109275817871094, 14.778900146484375, 7, -1], [1, 0, 1, 0.534996896982193, 1, 1, 8, 3, 10, 1, 0, 1, 1, 1, 1, 6, 0, 0, 0, 2, 1, 1.0, 0, 0, 1, 0, 0, 0, -35.109275817871094, 14.778900146484375, 7, -1], [1, 0, 1, 0.0, 1, 1, 8, 4, 11, 1, 0, 1, 1, 1, 2, 6, 0, 0, 0, 3, 1, 1.0, 0, 0, 1, 0, 0, 0, -30.667530059814453, 59.02578353881836, 2, -1], [1, 0, 1, 0.0, 1, 1, 8, 4, 11, 1, 0, 1, 1, 1, 2, 6, 0, 0, 0, 3, 1, 1.0, 0, 0, 1, 0, 0, 0, -30.667530059814453, 59.02578353881836, 2, -1], [1, 0, 1, 0.0, 1, 1, 8, 4, 11, 1, 1, 1, 1, 1, 2, 6, 0, 0, 0, 3, 1, 1.0, 0, 0, 1, 0, 0, 0, -30.667530059814453, 59.02578353881836, 2, -1], [1, 0, 1, 0.0, 1, 0, 8, 3, 10, 1, 0, 1, 1, 1, 1, 5, 0, 0, 0, 2, 1, 1.0, 0, 0, 0, 0, 0, 0, -45.140724182128906, 0.0, 2, -1], [1, 0, 1, 0.0, 1, 0, 8, 3, 10, 1, 0, 1, 1, 1, 1, 5, 0, 0, 0, 2, 1, 1.0, 0, 0, 0, 0, 0, 0, -45.140724182128906, 0.0, 2, -1], [1, 0, 1, 0.0, 1, 1, 8, 3, 10, 1, 0, 1, 1, 1, 1, 4, 0, 0, 0, 2, 1, 1.0, 0, 0, 1, 0, 0, 0, -35.109275817871094, 14.550971984863281, 3, -1], [1, 0, 1, 0.0, 1, 1, 8, 3, 10, 1, 0, 1, 1, 1, 1, 4, 0, 0, 0, 2, 1, 1.0, 0, 0, 1, 0, 0, 0, -35.109275817871094, 14.550971984863281, 3, -1], [0, 0, 1, 0.0, 0, 0, 8, 3, 10, 0, 0, 1, 1, 1, 1, 2, 0, 0, 0, 2, 0, 1.0, 0, 0, 0, 0, 0, 0, -45.140724182128906, 0.0, 3, -1], [0, 0, 1, 0.0, 0, 0, 8, 3, 10, 0, 0, 1, 1, 1, 1, 2, 0, 0, 0, 2, 0, 1.0, 0, 0, 0, 0, 0, 0, -45.140724182128906, 0.0, 3, -1], [1, 0, 1, 0.0, 1, 1, 8, 4, 11, 1, 0, 1, 1, 1, 2, 6, 0, 0, 0, 3, 1, 1.0, 0, 0, 1, 0, 0, 0, -30.667530059814453, 59.1421012878418, 2, -1], [1, 0, 1, 0.0, 1, 1, 8, 4, 11, 1, 0, 1, 1, 1, 2, 6, 0, 0, 0, 3, 1, 1.0, 0, 0, 1, 0, 0, 0, -30.667530059814453, 59.1421012878418, 2, -1], [1, 0, 1, 0.0, 1, 1, 8, 4, 11, 1, 1, 1, 1, 1, 2, 6, 0, 0, 0, 3, 1, 1.0, 0, 0, 1, 0, 0, 0, -30.667530059814453, 59.1421012878418, 2, -1], [1, 0, 1, 0.0, 1, 1, 6, 5, 10, 1, 0, 1, 1, 1, 3, 4, 0, 0, 0, 4, 1, 1.0, 0, 0, 1, 0, 0, 0, -28.005413055419922, 58.810115814208984, 3, -1], [1, 0, 1, 0.0, 1, 1, 6, 5, 10, 1, 1, 1, 1, 1, 3, 4, 0, 0, 0, 4, 1, 1.0, 0, 0, 1, 0, 0, 0, -28.005413055419922, 58.810115814208984, 3, -1], [1, 0, 1, 0.0, 1, 1, 6, 5, 10, 1, 0, 1, 1, 1, 3, 4, 0, 0, 0, 4, 1, 1.0, 0, 0, 1, 0, 0, 0, -28.005413055419922, 58.810115814208984, 3, -1], [1, 0, 1, 0.0, 1, 1, 6, 5, 10, 1, 0, 1, 1, 1, 3, 4, 0, 0, 0, 4, 1, 1.0, 0, 0, 1, 0, 0, 0, -28.005413055419922, 58.810115814208984, 3, -1], [1, 0, 1, 0.0, 1, 1, 5, 3, 7, 1, 0, 1, 1, 1, 1, 4, 0, 0, 0, 2, 1, 1.0, 0, 0, 1, 0, 0, 0, -35.109275817871094, 12.91778564453125, 5, -1], [1, 0, 1, 0.0, 1, 1, 5, 3, 7, 1, 0, 1, 1, 1, 1, 4, 0, 0, 0, 2, 1, 1.0, 0, 0, 1, 0, 0, 0, -35.109275817871094, 14.778900146484375, 5, -1], [1, 0, 1, 0.0, 1, 1, 8, 4, 11, 1, 0, 1, 1, 1, 2, 6, 0, 0, 0, 3, 1, 1.0, 0, 0, 1, 0, 0, 0, -31.007551193237305, 59.28656005859375, 2, -1], [1, 0, 1, 0.0, 1, 1, 8, 4, 11, 1, 0, 1, 1, 1, 2, 6, 0, 0, 0, 3, 1, 1.0, 0, 0, 1, 0, 0, 0, -31.007551193237305, 59.28656005859375, 2, -1], [1, 0, 1, 0.0, 1, 1, 8, 4, 11, 1, 1, 1, 1, 1, 2, 6, 0, 0, 0, 3, 1, 1.0, 0, 0, 1, 0, 0, 0, -31.007551193237305, 59.28656005859375, 2, -1], [1, 0, 1, 0.31834840774536133, 1, 1, 8, 3, 10, 1, 0, 1, 1, 1, 1, 4, 0, 0, 0, 2, 1, 1.0, 0, 0, 1, 0, 0, 0, -35.109275817871094, 14.550971984863281, 5, -1], [1, 0, 1, 0.31834840774536133, 1, 1, 8, 3, 10, 1, 0, 1, 1, 1, 1, 4, 0, 0, 0, 2, 1, 1.0, 0, 0, 1, 0, 0, 0, -35.109275817871094, 14.550971984863281, 5, -1], [0, 0, 1, 0.0, 0, 0, 4, 3, 6, 0, 0, 1, 1, 1, 1, 3, 0, 0, 0, 2, 0, 1.0, 0, 0, 0, 0, 0, 0, -45.140724182128906, 0.0, 4, -1], [0, 0, 1, 0.0, 0, 0, 4, 3, 6, 0, 0, 1, 1, 1, 1, 3, 0, 0, 0, 2, 0, 1.0, 0, 0, 0, 0, 0, 0, -45.140724182128906, 0.0, 4, -1], [1, 0, 1, 0.0, 1, 1, 8, 3, 10, 1, 0, 1, 1, 1, 1, 6, 0, 0, 0, 2, 1, 1.0, 0, 0, 1, 0, 0, 0, -35.614593505859375, 14.273582458496094, 2, -1], [1, 0, 1, 0.0, 1, 1, 8, 3, 10, 1, 1, 1, 1, 1, 1, 6, 0, 0, 0, 2, 1, 1.0, 0, 0, 1, 0, 0, 0, -35.614593505859375, 14.273582458496094, 2, -1], [1, 0, 1, 0.0, 1, 1, 2, 3, 4, 1, 0, 1, 1, 1, 1, 2, 0, 0, 0, 2, 1, 1.0, 0, 0, 1, 0, 0, 0, -35.614593505859375, 14.359500885009766, 6, -1], [1, 0, 1, 0.0, 1, 1, 2, 3, 4, 1, 0, 1, 1, 1, 1, 2, 0, 0, 0, 2, 1, 1.0, 0, 0, 1, 0, 0, 0, -35.614593505859375, 14.359500885009766, 6, -1], [1, 0, 1, 0.0, 1, 0, 8, 3, 10, 1, 0, 1, 1, 1, 1, 5, 0, 0, 0, 2, 1, 1.0, 0, 0, 0, 0, 0, 0, -46.12343978881836, 0.0, 2, -1], [1, 0, 1, 0.0, 1, 0, 8, 3, 10, 1, 1, 1, 1, 1, 1, 5, 0, 0, 0, 2, 1, 1.0, 0, 0, 0, 0, 0, 0, -46.12343978881836, 0.0, 2, -1], [1, 0, 1, 0.0, 1, 1, 8, 3, 10, 1, 0, 1, 1, 1, 1, 4, 0, 0, 0, 2, 1, 1.0, 0, 0, 1, 0, 0, 0, -35.614593505859375, 14.160152435302734, 2, -1], [1, 0, 1, 0.0, 1, 1, 8, 3, 10, 1, 0, 1, 1, 1, 1, 4, 0, 0, 0, 2, 1, 1.0, 0, 0, 1, 0, 0, 0, -35.614593505859375, 14.160152435302734, 2, -1], [1, 0, 1, 0.09664797782897949, 1, 0, 8, 3, 10, 1, 0, 1, 1, 1, 1, 3, 0, 0, 0, 2, 0, 1.0, 0, 0, 0, 0, 0, 0, -45.140724182128906, 0.0, 2, -1], [1, 0, 1, 0.09664797782897949, 1, 0, 8, 3, 10, 1, 0, 1, 1, 1, 1, 3, 0, 0, 0, 2, 0, 1.0, 0, 0, 0, 0, 0, 0, -45.140724182128906, 0.0, 2, -1], [1, 0, 1, 0.0, 1, 0, 8, 3, 10, 1, 1, 1, 1, 1, 1, 5, 0, 0, 0, 2, 1, 1.0, 0, 0, 0, 0, 0, 0, -45.140724182128906, 0.0, 2, -1], [1, 0, 1, 0.0, 1, 0, 8, 3, 10, 1, 1, 1, 1, 1, 1, 5, 0, 0, 0, 2, 1, 1.0, 0, 0, 0, 0, 0, 0, -45.140724182128906, 0.0, 2, -1], [1, 0, 1, 0.0, 1, 1, 4, 3, 6, 1, 0, 1, 1, 1, 1, 3, 0, 0, 0, 2, 1, 1.0, 0, 0, 1, 0, 0, 0, -35.614593505859375, 14.256847381591797, 7, -1], [1, 0, 1, 0.0, 1, 1, 4, 3, 6, 1, 0, 1, 1, 1, 1, 3, 0, 0, 0, 2, 1, 1.0, 0, 0, 1, 0, 0, 0, -35.614593505859375, 14.256847381591797, 7, -1], [1, 0, 1, 0.0, 1, 0, 8, 3, 10, 1, 0, 1, 1, 1, 1, 5, 0, 0, 0, 2, 1, 1.0, 0, 0, 0, 0, 0, 0, -45.140724182128906, 0.0, 2, -1], [1, 0, 1, 0.0, 1, 0, 8, 3, 10, 1, 0, 1, 1, 1, 1, 5, 0, 0, 0, 2, 1, 1.0, 0, 0, 0, 0, 0, 0, -45.140724182128906, 0.0, 2, -1], [1, 0, 1, 0.0, 1, 1, 8, 3, 10, 1, 0, 1, 1, 1, 1, 6, 0, 0, 0, 2, 1, 1.0, 0, 0, 1, 0, 0, 0, -35.109275817871094, 14.778900146484375, 2, -1], [1, 0, 1, 0.0, 1, 1, 8, 3, 10, 1, 0, 1, 1, 1, 1, 6, 0, 0, 0, 2, 1, 1.0, 0, 0, 1, 0, 0, 0, -35.109275817871094, 14.778900146484375, 2, -1], [1, 0, 1, 0.08580672740936279, 1, 1, 7, 3, 9, 1, 0, 1, 1, 1, 1, 7, 0, 0, 0, 2, 0, 1.0, 0, 0, 1, 0, 0, 0, -35.614593505859375, 14.359500885009766, 5, -1], [1, 0, 1, 0.08580672740936279, 1, 1, 7, 3, 9, 1, 0, 1, 1, 1, 1, 7, 0, 0, 0, 2, 0, 1.0, 0, 0, 1, 0, 0, 0, -35.614593505859375, 14.359500885009766, 5, -1], [1, 0, 1, 0.10850566625595093, 1, 1, 5, 3, 7, 1, 0, 1, 1, 1, 1, 5, 0, 0, 0, 2, 1, 1.0, 0, 0, 1, 0, 0, 0, -35.109275817871094, 14.872421264648438, 5, -1], [1, 0, 1, 0.10850566625595093, 1, 1, 5, 3, 7, 1, 0, 1, 1, 1, 1, 5, 0, 0, 0, 2, 1, 1.0, 0, 0, 1, 0, 0, 0, -35.109275817871094, 14.872421264648438, 5, -1], [1, 0, 1, 0.0, 1, 1, 4, 4, 7, 1, 0, 1, 1, 1, 2, 3, 0, 0, 0, 3, 1, 1.0, 0, 0, 1, 0, 0, 0, -30.667530059814453, 59.29056930541992, 3, -1], [1, 0, 1, 0.0, 1, 1, 4, 4, 7, 1, 0, 1, 1, 1, 2, 3, 0, 0, 0, 3, 1, 1.0, 0, 0, 1, 0, 0, 0, -30.667530059814453, 59.29056930541992, 3, -1], [1, 0, 1, 0.0, 1, 1, 4, 4, 7, 1, 0, 1, 1, 1, 2, 3, 0, 0, 0, 3, 1, 1.0, 0, 0, 1, 0, 0, 0, -30.667530059814453, 59.29056930541992, 3, -1], [1, 0, 1, 0.0, 1, 1, 8, 4, 11, 1, 0, 1, 1, 1, 2, 5, 0, 0, 0, 3, 1, 1.0, 0, 0, 1, 0, 0, 0, -31.007551193237305, 59.12164306640625, 2, -1], [1, 0, 1, 0.0, 1, 1, 8, 4, 11, 1, 0, 1, 1, 1, 2, 5, 0, 0, 0, 3, 1, 1.0, 0, 0, 1, 0, 0, 0, -31.007551193237305, 59.12164306640625, 2, -1], [1, 0, 1, 0.0, 1, 1, 8, 4, 11, 1, 0, 1, 1, 1, 2, 5, 0, 0, 0, 3, 1, 1.0, 0, 0, 1, 0, 0, 0, -31.007551193237305, 59.12164306640625, 2, -1], [1, 0, 1, 0.0, 1, 1, 4, 4, 7, 1, 0, 1, 1, 1, 2, 4, 0, 0, 0, 3, 1, 1.0, 0, 0, 1, 0, 0, 0, -31.007551193237305, 58.95054626464844, 2, -1], [1, 0, 1, 0.0, 1, 1, 4, 4, 7, 1, 0, 1, 1, 1, 2, 4, 0, 0, 0, 3, 1, 1.0, 0, 0, 1, 0, 0, 0, -31.007551193237305, 58.95054626464844, 2, -1], [1, 0, 1, 0.0, 1, 1, 4, 4, 7, 1, 1, 1, 1, 1, 2, 4, 0, 0, 0, 3, 1, 1.0, 0, 0, 1, 0, 0, 0, -31.007551193237305, 58.95054626464844, 2, -1], [1, 0, 1, 0.0, 1, 1, 8, 6, 13, 1, 0, 1, 1, 1, 4, 6, 0, 0, 0, 5, 1, 1.0, 0, 0, 1, 0, 0, 0, -48.98657989501953, 33.532867431640625, 2, -1], [1, 0, 1, 0.0, 1, 1, 8, 6, 13, 1, 0, 1, 1, 1, 4, 6, 0, 0, 0, 5, 1, 1.0, 0, 0, 1, 0, 0, 0, -48.98657989501953, 33.532867431640625, 2, -1], [1, 0, 1, 0.0, 1, 1, 8, 6, 13, 1, 0, 1, 1, 1, 4, 6, 0, 0, 0, 5, 1, 1.0, 0, 0, 1, 0, 0, 0, -48.98657989501953, 33.532867431640625, 2, -1], [1, 0, 1, 0.0, 1, 1, 8, 6, 13, 1, 0, 1, 1, 1, 4, 6, 0, 0, 0, 5, 1, 1.0, 0, 0, 1, 0, 0, 0, -48.98657989501953, 33.532867431640625, 2, -1], [1, 0, 1, 0.0, 1, 1, 8, 6, 13, 1, 0, 1, 1, 1, 4, 6, 0, 0, 0, 5, 1, 1.0, 0, 0, 1, 0, 0, 0, -48.98657989501953, 33.532867431640625, 2, -1], [1, 0, 1, 0.0, 1, 1, 3, 4, 6, 1, 0, 1, 1, 1, 2, 3, 0, 0, 0, 3, 1, 1.0, 0, 0, 1, 0, 0, 0, -29.934486389160156, 60.02361297607422, 3, -1], [1, 0, 1, 0.0, 1, 1, 3, 4, 6, 1, 0, 1, 1, 1, 2, 3, 0, 0, 0, 3, 1, 1.0, 0, 0, 1, 0, 0, 0, -30.388992309570312, 59.56910705566406, 3, -1], [1, 0, 1, 0.0, 1, 1, 3, 4, 6, 1, 0, 1, 1, 1, 2, 3, 0, 0, 0, 3, 1, 1.0, 0, 0, 1, 0, 0, 0, -29.93341636657715, 60.024681091308594, 3, -1], [1, 0, 1, 0.0, 1, 1, 6, 3, 8, 1, 0, 1, 1, 1, 1, 4, 0, 0, 0, 2, 1, 1.0, 0, 0, 1, 0, 0, 0, -35.07505416870117, 36.2227897644043, 4, -1], [1, 0, 1, 0.0, 1, 1, 6, 3, 8, 1, 1, 1, 1, 1, 1, 4, 0, 0, 0, 2, 1, 1.0, 0, 0, 1, 0, 0, 0, -35.07505416870117, 36.2227897644043, 4, -1], [1, 0, 1, 0.0, 1, 1, 6, 3, 8, 1, 0, 1, 1, 1, 1, 6, 0, 0, 0, 2, 1, 1.0, 0, 0, 1, 0, 0, 0, -35.614593505859375, 14.302005767822266, 4, -1], [1, 0, 1, 0.0, 1, 1, 6, 3, 8, 1, 0, 1, 1, 1, 1, 6, 0, 0, 0, 2, 1, 1.0, 0, 0, 1, 0, 0, 0, -35.614593505859375, 14.302005767822266, 4, -1], [1, 0, 1, 0.0, 1, 1, 4, 3, 6, 1, 0, 1, 1, 1, 1, 4, 0, 0, 0, 2, 1, 1.0, 0, 0, 1, 0, 0, 0, -35.109275817871094, 14.864818572998047, 2, -1], [1, 0, 1, 0.0, 1, 1, 4, 3, 6, 1, 0, 1, 1, 1, 1, 4, 0, 0, 0, 2, 1, 1.0, 0, 0, 1, 0, 0, 0, -35.109275817871094, 14.864818572998047, 2, -1], [1, 0, 1, 0.0, 1, 1, 8, 3, 10, 1, 0, 1, 1, 1, 1, 8, 0, 0, 0, 2, 1, 1.0, 0, 0, 1, 0, 0, 0, -35.614593505859375, 14.302005767822266, 2, -1], [1, 0, 1, 0.0, 1, 1, 8, 3, 10, 1, 0, 1, 1, 1, 1, 8, 0, 0, 0, 2, 1, 1.0, 0, 0, 1, 0, 0, 0, -35.614593505859375, 14.302005767822266, 2, -1], [1, 0, 1, 0.0, 1, 1, 4, 3, 6, 1, 0, 1, 1, 1, 1, 3, 0, 0, 0, 2, 1, 1.0, 0, 0, 1, 0, 0, 0, -35.07505416870117, 36.151920318603516, 7, -1], [1, 0, 1, 0.0, 1, 1, 4, 3, 6, 1, 0, 1, 1, 1, 1, 3, 0, 0, 0, 2, 1, 1.0, 0, 0, 1, 0, 0, 0, -35.07505416870117, 36.151920318603516, 7, -1], [1, 0, 1, 0.0, 1, 1, 5, 3, 7, 1, 0, 1, 1, 1, 1, 4, 0, 0, 0, 2, 0, 1.0, 0, 0, 1, 0, 0, 0, -35.614593505859375, 14.302005767822266, 4, -1], [1, 0, 1, 0.0, 1, 1, 5, 3, 7, 1, 0, 1, 1, 1, 1, 4, 0, 0, 0, 2, 0, 1.0, 0, 0, 1, 0, 0, 0, -35.614593505859375, 14.302005767822266, 4, -1], [0, 0, 1, 0.19440171122550964, 0, 0, 7, 3, 9, 0, 0, 1, 1, 1, 1, 7, 0, 0, 0, 2, 0, 1.0, 0, 0, 0, 0, 0, 0, -45.140724182128906, 0.0, 9, -1], [0, 0, 1, 0.19440171122550964, 0, 0, 7, 3, 9, 0, 0, 1, 1, 1, 1, 7, 0, 0, 0, 2, 0, 1.0, 0, 0, 0, 0, 0, 0, -45.140724182128906, 0.0, 9, -1], [1, 0, 1, 0.0, 1, 1, 6, 4, 9, 1, 0, 1, 1, 1, 2, 6, 0, 0, 0, 3, 1, 1.0, 0, 0, 1, 0, 0, 0, -31.007551193237305, 59.28656005859375, 4, -1], [1, 0, 1, 0.0, 1, 1, 6, 4, 9, 1, 0, 1, 1, 1, 2, 6, 0, 0, 0, 3, 1, 1.0, 0, 0, 1, 0, 0, 0, -31.007551193237305, 59.28656005859375, 4, -1], [1, 0, 1, 0.0, 1, 1, 6, 4, 9, 1, 1, 1, 1, 1, 2, 6, 0, 0, 0, 3, 1, 1.0, 0, 0, 1, 0, 0, 0, -31.007551193237305, 59.28656005859375, 4, -1], [0, 0, 1, 0.25145605206489563, 0, 0, 8, 4, 11, 0, 0, 1, 1, 1, 2, 6, 0, 0, 0, 3, 0, 1.0, 0, 0, 0, 0, 0, 0, -35.10927200317383, 0.0, 5, -1], [0, 0, 1, 0.25145605206489563, 0, 0, 8, 4, 11, 0, 0, 1, 1, 1, 2, 6, 0, 0, 0, 3, 0, 1.0, 0, 0, 0, 0, 0, 0, -35.10927200317383, 0.0, 5, -1], [0, 0, 1, 0.25145605206489563, 0, 0, 8, 4, 11, 0, 0, 1, 1, 1, 2, 6, 0, 0, 0, 3, 0, 1.0, 0, 0, 0, 0, 0, 0, -35.10927200317383, 0.0, 5, -1], [1, 0, 1, 0.0, 1, 1, 8, 3, 10, 1, 0, 1, 1, 1, 1, 6, 0, 0, 0, 2, 1, 1.0, 0, 0, 1, 0, 0, 0, -35.614593505859375, 14.273582458496094, 2, -1], [1, 0, 1, 0.0, 1, 1, 8, 3, 10, 1, 0, 1, 1, 1, 1, 6, 0, 0, 0, 2, 1, 1.0, 0, 0, 1, 0, 0, 0, -35.614593505859375, 14.273582458496094, 2, -1], [1, 0, 1, 0.0, 1, 1, 8, 3, 10, 1, 1, 1, 1, 1, 1, 4, 0, 0, 0, 2, 1, 1.0, 0, 0, 1, 0, 0, 0, -35.109275817871094, 14.595157623291016, 2, -1], [1, 0, 1, 0.0, 1, 1, 8, 3, 10, 1, 0, 1, 1, 1, 1, 4, 0, 0, 0, 2, 1, 1.0, 0, 0, 1, 0, 0, 0, -35.109275817871094, 14.595157623291016, 2, -1], [1, 0, 1, 0.012822568416595459, 1, 1, 8, 3, 10, 1, 0, 1, 1, 1, 1, 7, 0, 0, 0, 2, 0, 1.0, 0, 0, 1, 0, 0, 0, -35.614593505859375, 14.256847381591797, 2, -1], [1, 0, 1, 0.012822568416595459, 1, 1, 8, 3, 10, 1, 0, 1, 1, 1, 1, 7, 0, 0, 0, 2, 0, 1.0, 0, 0, 1, 0, 0, 0, -35.614593505859375, 14.256847381591797, 2, -1], [1, 0, 1, 0.0, 1, 1, 8, 3, 10, 1, 0, 1, 1, 1, 1, 4, 0, 0, 0, 2, 1, 1.0, 0, 0, 1, 0, 0, 0, -35.109275817871094, 14.550971984863281, 2, -1], [1, 0, 1, 0.0, 1, 1, 8, 3, 10, 1, 0, 1, 1, 1, 1, 4, 0, 0, 0, 2, 1, 1.0, 0, 0, 1, 0, 0, 0, -35.109275817871094, 14.550971984863281, 2, -1], [1, 0, 1, 0.08580672740936279, 1, 1, 7, 3, 9, 1, 0, 1, 1, 1, 1, 7, 0, 0, 0, 2, 0, 1.0, 0, 0, 1, 0, 0, 0, -35.614593505859375, 14.359500885009766, 5, -1], [1, 0, 1, 0.08580672740936279, 1, 1, 7, 3, 9, 1, 0, 1, 1, 1, 1, 7, 0, 0, 0, 2, 0, 1.0, 0, 0, 1, 0, 0, 0, -35.614593505859375, 14.359500885009766, 5, -1], [1, 0, 1, 0.0, 1, 0, 8, 3, 10, 1, 1, 1, 1, 1, 1, 5, 0, 0, 0, 2, 1, 1.0, 0, 0, 0, 0, 0, 0, -45.140724182128906, 0.0, 2, -1], [1, 0, 1, 0.0, 1, 0, 8, 3, 10, 1, 0, 1, 1, 1, 1, 5, 0, 0, 0, 2, 1, 1.0, 0, 0, 0, 0, 0, 0, -45.140724182128906, 0.0, 2, -1], [1, 0, 1, 0.01367276906967163, 0, 0, 8, 3, 10, 1, 1, 1, 1, 1, 1, 5, 0, 0, 0, 2, 0, 1.0, 0, 0, 0, 0, 0, 0, -45.140724182128906, 0.0, 3, -1], [1, 0, 1, 0.01367276906967163, 0, 0, 8, 3, 10, 1, 0, 1, 1, 1, 1, 5, 0, 0, 0, 2, 0, 1.0, 0, 0, 0, 0, 0, 0, -45.140724182128906, 0.0, 3, -1], [1, 0, 1, 0.0, 1, 0, 8, 4, 11, 1, 1, 1, 1, 1, 2, 8, 0, 0, 0, 3, 1, 1.0, 0, 0, 0, 0, 0, 0, -35.30105209350586, 0.0, 2, -1], [1, 0, 1, 0.0, 1, 0, 8, 4, 11, 1, 0, 1, 1, 1, 2, 8, 0, 0, 0, 3, 1, 1.0, 0, 0, 0, 0, 0, 0, -35.66191864013672, 0.0, 2, -1], [1, 0, 1, 0.0, 1, 0, 8, 4, 11, 1, 0, 1, 1, 1, 2, 8, 0, 0, 0, 3, 1, 1.0, 0, 0, 0, 0, 0, 0, -35.66191864013672, 0.0, 2, -1], [1, 0, 1, 0.28560441732406616, 1, 1, 3, 3, 5, 1, 0, 1, 1, 1, 1, 3, 0, 0, 0, 2, 1, 1.0, 0, 0, 1, 0, 0, 0, -35.614593505859375, 14.359500885009766, 5, -1], [1, 0, 1, 0.28560441732406616, 1, 1, 3, 3, 5, 1, 0, 1, 1, 1, 1, 3, 0, 0, 0, 2, 1, 1.0, 0, 0, 1, 0, 0, 0, -35.614593505859375, 12.639640808105469, 5, -1], [1, 0, 1, 0.0, 1, 1, 8, 3, 10, 1, 0, 1, 1, 1, 1, 6, 0, 0, 0, 2, 1, 1.0, 0, 0, 1, 0, 0, 0, -35.109275817871094, 14.646003723144531, 2, -1], [1, 0, 1, 0.0, 1, 1, 8, 3, 10, 1, 0, 1, 1, 1, 1, 6, 0, 0, 0, 2, 1, 1.0, 0, 0, 1, 0, 0, 0, -35.109275817871094, 14.646003723144531, 2, -1], [1, 0, 1, 0.0, 1, 1, 8, 3, 10, 1, 1, 1, 1, 1, 1, 8, 0, 0, 0, 2, 1, 1.0, 0, 0, 1, 0, 0, 0, -35.614593505859375, 14.273582458496094, 2, -1], [1, 0, 1, 0.0, 1, 1, 8, 3, 10, 1, 0, 1, 1, 1, 1, 8, 0, 0, 0, 2, 1, 1.0, 0, 0, 1, 0, 0, 0, -35.614593505859375, 14.273582458496094, 2, -1], [1, 0, 1, 0.0, 1, 1, 8, 3, 10, 1, 1, 1, 1, 1, 1, 6, 0, 0, 0, 2, 1, 1.0, 0, 0, 1, 0, 0, 0, -35.109275817871094, 14.778900146484375, 2, -1], [1, 0, 1, 0.0, 1, 1, 8, 3, 10, 1, 0, 1, 1, 1, 1, 6, 0, 0, 0, 2, 1, 1.0, 0, 0, 1, 0, 0, 0, -35.109275817871094, 14.778900146484375, 2, -1], [1, 0, 1, 0.0, 1, 1, 8, 3, 10, 1, 0, 1, 1, 1, 1, 8, 0, 0, 0, 2, 1, 1.0, 0, 0, 1, 0, 0, 0, -35.614593505859375, 14.302005767822266, 2, -1], [1, 0, 1, 0.0, 1, 1, 8, 3, 10, 1, 1, 1, 1, 1, 1, 8, 0, 0, 0, 2, 1, 1.0, 0, 0, 1, 0, 0, 0, -35.614593505859375, 14.302005767822266, 2, -1], [1, 0, 1, 0.02692466974258423, 0, 0, 5, 3, 7, 1, 0, 1, 1, 1, 1, 4, 0, 0, 0, 2, 0, 1.0, 0, 0, 0, 0, 0, 0, -45.140724182128906, 0.0, 2, -1], [1, 0, 1, 0.02692466974258423, 0, 0, 5, 3, 7, 1, 0, 1, 1, 1, 1, 4, 0, 0, 0, 2, 0, 1.0, 0, 0, 0, 0, 0, 0, -45.140724182128906, 0.0, 2, -1], [1, 0, 1, 0.0, 1, 1, 8, 3, 10, 1, 0, 1, 1, 1, 1, 7, 0, 0, 0, 2, 1, 1.0, 0, 0, 1, 0, 0, 0, -35.614593505859375, 14.256847381591797, 5, -1], [1, 0, 1, 0.0, 1, 1, 8, 3, 10, 1, 0, 1, 1, 1, 1, 7, 0, 0, 0, 2, 1, 1.0, 0, 0, 1, 0, 0, 0, -35.614593505859375, 14.256847381591797, 5, -1], [1, 0, 1, 0.0, 1, 1, 8, 3, 10, 1, 0, 1, 1, 1, 1, 8, 0, 0, 0, 2, 1, 1.0, 0, 0, 1, 0, 0, 0, -35.109275817871094, 14.778900146484375, 2, -1], [1, 0, 1, 0.0, 1, 1, 8, 3, 10, 1, 1, 1, 1, 1, 1, 8, 0, 0, 0, 2, 1, 1.0, 0, 0, 1, 0, 0, 0, -35.109275817871094, 14.778900146484375, 2, -1], [1, 0, 1, 0.0, 1, 1, 8, 3, 10, 1, 1, 1, 1, 1, 1, 8, 0, 0, 0, 2, 1, 1.0, 0, 0, 1, 0, 0, 0, -35.614593505859375, 14.273582458496094, 2, -1], [1, 0, 1, 0.0, 1, 1, 8, 3, 10, 1, 0, 1, 1, 1, 1, 8, 0, 0, 0, 2, 1, 1.0, 0, 0, 1, 0, 0, 0, -35.614593505859375, 14.273582458496094, 2, -1], [1, 0, 1, 0.0, 1, 1, 8, 3, 10, 1, 0, 1, 1, 1, 1, 8, 0, 0, 0, 2, 1, 1.0, 0, 0, 1, 0, 0, 0, -35.614593505859375, 14.302005767822266, 2, -1], [1, 0, 1, 0.0, 1, 1, 8, 3, 10, 1, 0, 1, 1, 1, 1, 8, 0, 0, 0, 2, 1, 1.0, 0, 0, 1, 0, 0, 0, -35.614593505859375, 14.302005767822266, 2, -1], [1, 0, 1, 0.0, 1, 1, 8, 3, 10, 1, 0, 1, 1, 1, 1, 4, 0, 0, 0, 2, 1, 1.0, 0, 0, 1, 0, 0, 0, -35.614593505859375, 14.045654296875, 3, -1], [1, 0, 1, 0.0, 1, 1, 8, 3, 10, 1, 0, 1, 1, 1, 1, 4, 0, 0, 0, 2, 1, 1.0, 0, 0, 1, 0, 0, 0, -35.614593505859375, 14.045654296875, 3, -1], [1, 0, 1, 0.0, 1, 1, 5, 3, 7, 1, 0, 1, 1, 1, 1, 4, 0, 0, 0, 2, 0, 1.0, 0, 0, 1, 0, 0, 0, -35.109275817871094, 14.778900146484375, 3, -1], [1, 0, 1, 0.0, 1, 1, 5, 3, 7, 1, 0, 1, 1, 1, 1, 4, 0, 0, 0, 2, 0, 1.0, 0, 0, 1, 0, 0, 0, -35.109275817871094, 14.778900146484375, 3, -1], [1, 0, 1, 0.0, 1, 1, 4, 4, 7, 1, 0, 1, 1, 1, 2, 4, 0, 0, 0, 3, 1, 1.0, 0, 0, 1, 0, 0, 0, -31.007551193237305, 59.401466369628906, 2, -1], [1, 0, 1, 0.0, 1, 1, 4, 4, 7, 1, 0, 1, 1, 1, 2, 4, 0, 0, 0, 3, 1, 1.0, 0, 0, 1, 0, 0, 0, -31.007551193237305, 59.401466369628906, 2, -1], [1, 0, 1, 0.0, 1, 1, 4, 4, 7, 1, 0, 1, 1, 1, 2, 4, 0, 0, 0, 3, 1, 1.0, 0, 0, 1, 0, 0, 0, -31.007551193237305, 59.401466369628906, 2, -1], [1, 0, 1, 0.0, 1, 1, 8, 3, 10, 1, 0, 1, 1, 1, 1, 6, 0, 0, 0, 2, 1, 1.0, 0, 0, 1, 0, 0, 0, -35.614593505859375, 14.200599670410156, 2, -1], [1, 0, 1, 0.0, 1, 1, 8, 3, 10, 1, 0, 1, 1, 1, 1, 6, 0, 0, 0, 2, 1, 1.0, 0, 0, 1, 0, 0, 0, -35.614593505859375, 14.200599670410156, 2, -1], [1, 0, 1, 0.1022268533706665, 0, 0, 8, 3, 10, 1, 0, 1, 1, 1, 1, 5, 0, 0, 0, 2, 0, 1.0, 0, 0, 0, 0, 0, 0, -45.140724182128906, 0.0, 4, -1], [1, 0, 1, 0.1022268533706665, 0, 0, 8, 3, 10, 1, 0, 1, 1, 1, 1, 5, 0, 0, 0, 2, 0, 1.0, 0, 0, 0, 0, 0, 0, -45.140724182128906, 0.0, 4, -1], [1, 0, 1, 0.0, 1, 0, 8, 3, 10, 1, 0, 1, 1, 1, 1, 5, 0, 0, 0, 2, 1, 1.0, 0, 0, 0, 0, 0, 0, -45.140724182128906, 0.0, 2, -1], [1, 0, 1, 0.0, 1, 0, 8, 3, 10, 1, 0, 1, 1, 1, 1, 5, 0, 0, 0, 2, 1, 1.0, 0, 0, 0, 0, 0, 0, -45.140724182128906, 0.0, 2, -1], [1, 0, 1, 0.0, 1, 1, 8, 3, 10, 1, 1, 1, 1, 1, 1, 4, 0, 0, 0, 2, 1, 1.0, 0, 0, 1, 0, 0, 0, -35.614593505859375, 13.955181121826172, 3, -1], [1, 0, 1, 0.0, 1, 1, 8, 3, 10, 1, 1, 1, 1, 1, 1, 4, 0, 0, 0, 2, 1, 1.0, 0, 0, 1, 0, 0, 0, -35.614593505859375, 13.955181121826172, 3, -1], [0, 0, 1, 0.3269575536251068, 0, 0, 6, 3, 8, 0, 0, 1, 1, 1, 1, 6, 0, 0, 0, 2, 0, 1.0, 0, 0, 0, 0, 0, 0, -45.140724182128906, 0.0, 8, -1], [0, 0, 1, 0.3269575536251068, 0, 0, 6, 3, 8, 0, 0, 1, 1, 1, 1, 6, 0, 0, 0, 2, 0, 1.0, 0, 0, 0, 0, 0, 0, -45.140724182128906, 0.0, 8, -1], [1, 0, 1, 0.0, 1, 1, 8, 4, 11, 1, 0, 1, 1, 1, 2, 6, 0, 0, 0, 3, 1, 1.0, 0, 0, 1, 0, 0, 0, -30.667530059814453, 59.02578353881836, 2, -1], [1, 0, 1, 0.0, 1, 1, 8, 4, 11, 1, 0, 1, 1, 1, 2, 6, 0, 0, 0, 3, 1, 1.0, 0, 0, 1, 0, 0, 0, -30.667530059814453, 59.02578353881836, 2, -1], [1, 0, 1, 0.0, 1, 1, 8, 4, 11, 1, 0, 1, 1, 1, 2, 6, 0, 0, 0, 3, 1, 1.0, 0, 0, 1, 0, 0, 0, -30.667530059814453, 59.02578353881836, 2, -1], [1, 0, 1, 0.0, 1, 1, 8, 3, 10, 1, 0, 1, 1, 1, 1, 6, 0, 0, 0, 2, 1, 1.0, 0, 0, 1, 0, 0, 0, -35.614593505859375, 14.093452453613281, 2, -1], [1, 0, 1, 0.0, 1, 1, 8, 3, 10, 1, 0, 1, 1, 1, 1, 6, 0, 0, 0, 2, 1, 1.0, 0, 0, 1, 0, 0, 0, -35.614593505859375, 14.093452453613281, 2, -1], [1, 0, 1, 0.0, 1, 1, 8, 3, 10, 1, 0, 1, 1, 1, 1, 6, 0, 0, 0, 2, 1, 1.0, 0, 0, 1, 0, 0, 0, -35.109275817871094, 14.778900146484375, 2, -1], [1, 0, 1, 0.0, 1, 1, 8, 3, 10, 1, 1, 1, 1, 1, 1, 6, 0, 0, 0, 2, 1, 1.0, 0, 0, 1, 0, 0, 0, -35.109275817871094, 14.778900146484375, 2, -1], [1, 0, 1, 0.0, 1, 1, 8, 7, 14, 1, 0, 1, 1, 1, 5, 6, 0, 0, 0, 6, 1, 1.0, 0, 0, 1, 0, 0, 0, -52.69748306274414, 32.00880813598633, 2, -1], [1, 0, 1, 0.0, 1, 1, 8, 7, 14, 1, 0, 1, 1, 1, 5, 6, 0, 0, 0, 6, 1, 1.0, 0, 0, 1, 0, 0, 0, -52.69748306274414, 32.00880813598633, 2, -1], [1, 0, 1, 0.0, 1, 1, 8, 7, 14, 1, 0, 1, 1, 1, 5, 6, 0, 0, 0, 6, 1, 1.0, 0, 0, 1, 0, 0, 0, -52.69748306274414, 32.00880813598633, 2, -1], [1, 0, 1, 0.0, 1, 1, 8, 7, 14, 1, 1, 1, 1, 1, 5, 6, 0, 0, 0, 6, 1, 1.0, 0, 0, 1, 0, 0, 0, -52.69748306274414, 32.00880813598633, 2, -1], [1, 0, 1, 0.0, 1, 1, 8, 7, 14, 1, 0, 1, 1, 1, 5, 6, 0, 0, 0, 6, 1, 1.0, 0, 0, 1, 0, 0, 0, -52.69748306274414, 32.00880813598633, 2, -1], [1, 0, 1, 0.0, 1, 1, 8, 7, 14, 1, 0, 1, 1, 1, 5, 6, 0, 0, 0, 6, 1, 1.0, 0, 0, 1, 0, 0, 0, -52.69748306274414, 32.00880813598633, 2, -1], [1, 0, 1, 0.0, 1, 1, 8, 3, 10, 1, 0, 1, 1, 1, 1, 4, 0, 0, 0, 2, 1, 1.0, 0, 0, 1, 0, 0, 0, -35.07505416870117, 36.00130081176758, 2, -1], [1, 0, 1, 0.0, 1, 1, 8, 3, 10, 1, 0, 1, 1, 1, 1, 4, 0, 0, 0, 2, 1, 1.0, 0, 0, 1, 0, 0, 0, -35.07505416870117, 36.00130081176758, 2, -1], [1, 0, 1, 0.0, 1, 1, 8, 3, 10, 1, 0, 1, 1, 1, 1, 8, 0, 0, 0, 2, 1, 1.0, 0, 0, 1, 0, 0, 0, -35.614593505859375, 14.273582458496094, 2, -1], [1, 0, 1, 0.0, 1, 1, 8, 3, 10, 1, 0, 1, 1, 1, 1, 8, 0, 0, 0, 2, 1, 1.0, 0, 0, 1, 0, 0, 0, -35.614593505859375, 14.273582458496094, 2, -1], [1, 0, 1, 0.0, 1, 1, 8, 4, 11, 1, 0, 1, 1, 1, 2, 5, 0, 0, 0, 3, 1, 1.0, 0, 0, 1, 0, 0, 0, -30.667530059814453, 58.45790481567383, 2, -1], [1, 0, 1, 0.0, 1, 1, 8, 4, 11, 1, 1, 1, 1, 1, 2, 5, 0, 0, 0, 3, 1, 1.0, 0, 0, 1, 0, 0, 0, -30.667530059814453, 58.45790481567383, 2, -1], [1, 0, 1, 0.0, 1, 1, 8, 4, 11, 1, 0, 1, 1, 1, 2, 5, 0, 0, 0, 3, 1, 1.0, 0, 0, 1, 0, 0, 0, -30.667530059814453, 58.45790481567383, 2, -1], [1, 0, 1, 0.0, 1, 1, 8, 3, 10, 1, 1, 1, 1, 1, 1, 8, 0, 0, 0, 2, 1, 1.0, 0, 0, 1, 0, 0, 0, -35.614593505859375, 14.302005767822266, 2, -1], [1, 0, 1, 0.0, 1, 1, 8, 3, 10, 1, 0, 1, 1, 1, 1, 8, 0, 0, 0, 2, 1, 1.0, 0, 0, 1, 0, 0, 0, -35.614593505859375, 14.302005767822266, 2, -1], [1, 0, 1, 0.0738564133644104, 0, 0, 8, 3, 10, 1, 0, 1, 1, 1, 1, 6, 0, 0, 0, 2, 1, 1.0, 0, 0, 0, 0, 0, 0, -45.140724182128906, 0.0, 8, -1], [1, 0, 1, 0.0738564133644104, 0, 0, 8, 3, 10, 1, 0, 1, 1, 1, 1, 6, 0, 0, 0, 2, 1, 1.0, 0, 0, 0, 0, 0, 0, -45.140724182128906, 0.0, 6, -1], [1, 0, 1, 0.10159128904342651, 1, 0, 8, 3, 10, 1, 0, 1, 1, 1, 1, 5, 0, 0, 0, 2, 0, 1.0, 0, 0, 0, 0, 0, 0, -45.140724182128906, 0.0, 6, -1], [1, 0, 1, 0.10159128904342651, 1, 0, 8, 3, 10, 1, 0, 1, 1, 1, 1, 5, 0, 0, 0, 2, 0, 1.0, 0, 0, 0, 0, 0, 0, -45.140724182128906, 0.0, 6, -1], [1, 0, 1, 0.0, 1, 1, 3, 3, 5, 1, 0, 1, 1, 1, 1, 3, 0, 0, 0, 2, 1, 1.0, 0, 0, 1, 0, 0, 0, -35.614593505859375, 14.359500885009766, 4, -1], [1, 0, 1, 0.0, 1, 1, 3, 3, 5, 1, 0, 1, 1, 1, 1, 3, 0, 0, 0, 2, 1, 1.0, 0, 0, 1, 0, 0, 0, -35.614593505859375, 14.359500885009766, 4, -1], [1, 0, 1, 0.0, 1, 1, 6, 3, 8, 1, 0, 1, 1, 1, 1, 4, 0, 0, 0, 2, 1, 1.0, 0, 0, 1, 0, 0, 0, -35.614593505859375, 14.256847381591797, 3, -1], [1, 0, 1, 0.0, 1, 1, 6, 3, 8, 1, 0, 1, 1, 1, 1, 4, 0, 0, 0, 2, 1, 1.0, 0, 0, 1, 0, 0, 0, -35.614593505859375, 14.256847381591797, 3, -1], [1, 0, 0, 1.1920928955078125e-07, 1, 0, 8, 4, 11, 1, 0, 1, 0, 2, 1, 4, 0, 0, 0, 3, 0, 1.0, 0, 0, 0, 0, 0, 0, -19.845441818237305, 3.704629898071289, 4, -1], [1, 0, 0, 0.12370926141738892, 0, 0, 8, 4, 11, 0, 0, 0, 0, 1, 2, 4, 0, 0, 0, 3, 0, 1.0, 0, 0, 0, 1, 0, 0, -34.49803924560547, 0.0, 2, -1], [1, 0, 1, 1.1920928955078125e-07, 1, 0, 8, 4, 11, 1, 0, 1, 1, 2, 1, 4, 0, 0, 0, 3, 0, 1.0, 0, 0, 0, 0, 0, 0, -19.845441818237305, 3.704629898071289, 4, -1], [1, 0, 0, 0.07689130306243896, 0, 0, 8, 6, 13, 1, 0, 1, 0, 4, 1, 5, 0, 0, 0, 5, 0, 1.0, 0, 0, 0, 0, 0, 0, -6.113680362701416, 0.5281991958618164, 4, -1], [1, 0, 0, 0.13195765018463135, 0, 0, 7, 6, 12, 0, 0, 0, 0, 3, 2, 5, 0, 0, 0, 5, 0, 1.0, 0, 0, 0, 1, 0, 0, -14.050668716430664, 19.81463050842285, 9, -1], [1, 0, 1, 0.07689130306243896, 0, 0, 8, 6, 13, 1, 0, 1, 1, 4, 1, 5, 0, 0, 0, 5, 0, 1.0, 0, 0, 0, 0, 0, 0, -6.113680362701416, 0.5281991958618164, 4, -1], [1, 0, 0, 0.26353222131729126, 0, 0, 8, 6, 13, 1, 0, 0, 0, 3, 2, 6, 0, 0, 0, 5, 0, 1.0, 0, 0, 0, 0, 0, 0, -14.559974670410156, 19.30532455444336, 9, -1], [1, 0, 0, 0.1823563575744629, 0, 0, 8, 6, 13, 0, 0, 0, 0, 3, 2, 7, 0, 0, 0, 5, 0, 1.0, 0, 0, 0, 1, 0, 0, -14.559974670410156, 19.30532455444336, 9, -1], [1, 0, 0, 0.0456567108631134, 1, 1, 8, 11, 18, 1, 0, 1, 0, 9, 1, 3, 0, 0, 0, 10, 1, 1.0, 0, 0, 2, 0, 0, 0, -22.899337768554688, 0.0, 4, -1], [1, 0, 0, 0.005603194236755371, 0, 0, 8, 11, 18, 0, 0, 0, 0, 8, 2, 3, 0, 0, 0, 10, 0, 1.0, 0, 0, 0, 1, 0, 0, -35.529052734375, 8.83770751953125, 5, -1], [1, 0, 0, 0.011292874813079834, 0, 0, 8, 11, 18, 0, 0, 0, 0, 8, 2, 3, 0, 0, 0, 10, 0, 1.0, 0, 0, 0, 1, 0, 0, -35.529052734375, 8.83770751953125, 5, -1], [1, 0, 0, 0.0, 0, 0, 8, 11, 18, 0, 0, 0, 0, 8, 2, 4, 0, 0, 0, 10, 0, 1.0, 0, 0, 0, 1, 0, 0, -35.529052734375, 8.83770751953125, 5, -1], [1, 0, 0, 0.0, 0, 0, 8, 11, 18, 0, 0, 0, 0, 8, 2, 4, 0, 0, 0, 10, 0, 1.0, 0, 0, 0, 0, 0, 0, -35.529052734375, 8.83770751953125, 4, -1], [1, 0, 0, 0.02054619789123535, 0, 0, 8, 11, 18, 0, 0, 0, 0, 8, 2, 3, 0, 0, 0, 10, 0, 1.0, 0, 0, 0, 1, 0, 0, -35.529052734375, 8.83770751953125, 5, -1], [1, 0, 0, 0.0456567108631134, 1, 1, 8, 11, 18, 1, 0, 1, 1, 9, 1, 3, 0, 0, 0, 10, 1, 1.0, 0, 0, 2, 0, 0, 0, -22.899337768554688, 0.0, 4, -1], [1, 0, 0, 0.0, 0, 0, 8, 11, 18, 0, 0, 0, 0, 8, 2, 4, 0, 0, 0, 10, 0, 1.0, 0, 0, 0, 1, 0, 0, -35.636993408203125, 8.785133361816406, 4, -1], [1, 0, 0, 0.009053945541381836, 0, 0, 8, 11, 18, 0, 0, 0, 0, 8, 2, 3, 0, 0, 0, 10, 0, 1.0, 0, 0, 0, 1, 0, 0, -35.636993408203125, 8.785133361816406, 5, -1], [1, 0, 0, 0.023289024829864502, 0, 0, 8, 11, 18, 0, 0, 0, 0, 8, 2, 3, 0, 0, 0, 10, 0, 1.0, 0, 0, 0, 1, 0, 0, -35.636993408203125, 8.785133361816406, 5, -1], [1, 0, 0, 0.0, 0, 0, 8, 9, 16, 0, 0, 0, 0, 6, 2, 3, 0, 0, 0, 8, 0, 1.0, 0, 0, 0, 1, 0, 0, -4.085632801055908, 11.32010269165039, 5, -1], [1, 0, 0, 0.0, 0, 0, 8, 9, 16, 0, 0, 0, 0, 6, 2, 5, 0, 0, 0, 8, 0, 1.0, 0, 0, 0, 1, 0, 0, -4.085632801055908, 11.32010269165039, 5, -1], [1, 0, 0, 0.0, 0, 0, 8, 9, 16, 0, 0, 0, 0, 6, 2, 5, 0, 0, 0, 8, 0, 1.0, 0, 0, 0, 1, 0, 0, -4.085632801055908, 11.32010269165039, 5, -1], [1, 0, 0, 0.0, 0, 0, 8, 9, 16, 0, 0, 0, 0, 6, 2, 7, 0, 0, 0, 8, 0, 1.0, 0, 0, 0, 1, 0, 0, -4.085632801055908, 11.32010269165039, 6, -1], [0, 0, 0, 0.013868510723114014, 0, 0, 8, 9, 16, 1, 0, 1, 0, 7, 1, 2, 0, 0, 0, 8, 0, 1.0, 0, 0, 0, 0, 0, 0, 2.96669864654541, 0.25418782234191895, 3, -1], [0, 0, 0, 0.013868510723114014, 0, 0, 8, 9, 16, 1, 0, 1, 0, 7, 1, 2, 0, 0, 0, 8, 0, 1.0, 0, 0, 0, 0, 0, 0, 2.96669864654541, 0.25418782234191895, 3, -1], [1, 0, 0, 0.0, 0, 0, 8, 9, 16, 0, 0, 0, 0, 6, 2, 3, 0, 0, 0, 8, 0, 1.0, 0, 0, 0, 1, 0, 0, -4.335482120513916, 11.323713302612305, 6, -1], [1, 0, 0, 0.0, 0, 0, 8, 9, 16, 0, 0, 0, 0, 6, 2, 7, 0, 0, 0, 8, 0, 1.0, 0, 0, 0, 1, 0, 0, -4.335482120513916, 11.323713302612305, 6, -1], [1, 0, 0, 0.0, 0, 0, 8, 7, 14, 0, 0, 0, 0, 4, 2, 5, 0, 0, 0, 6, 0, 1.0, 0, 0, 0, 1, 0, 0, -9.99049186706543, 15.633508682250977, 3, -1], [1, 0, 0, 0.0, 0, 0, 8, 7, 14, 0, 0, 0, 0, 4, 2, 4, 0, 0, 0, 6, 0, 1.0, 0, 0, 0, 1, 0, 0, -9.99049186706543, 15.633508682250977, 3, -1], [1, 0, 0, 0.018878400325775146, 1, 0, 8, 7, 14, 1, 0, 1, 0, 5, 1, 3, 0, 0, 0, 6, 1, 1.0, 0, 0, 0, 0, 0, 0, -2.2160534858703613, 0.3897840976715088, 2, -1], [1, 0, 0, 0.018878400325775146, 1, 0, 8, 7, 14, 1, 0, 1, 0, 5, 1, 3, 0, 0, 0, 6, 1, 1.0, 0, 0, 0, 0, 0, 0, -2.2160534858703613, 0.3897840976715088, 2, -1], [1, 0, 0, 0.0, 0, 0, 8, 7, 14, 0, 0, 0, 0, 4, 2, 4, 0, 0, 0, 6, 0, 1.0, 0, 0, 0, 0, 0, 0, -10.390828132629395, 15.64098834991455, 3, -1], [1, 0, 0, 0.0, 0, 0, 8, 7, 14, 0, 1, 0, 0, 4, 2, 3, 0, 0, 0, 6, 0, 1.0, 0, 0, 0, 1, 0, 0, -10.390828132629395, 15.64098834991455, 3, -1], [1, 0, 1, 0.0, 1, 0, 8, 4, 11, 1, 0, 1, 1, 2, 1, 3, 0, 0, 0, 3, 1, 1.0, 0, 0, 0, 0, 0, 0, -19.845441818237305, 3.704629898071289, 3, -1], [1, 0, 1, 0.0, 1, 0, 8, 4, 11, 1, 0, 1, 1, 2, 1, 3, 0, 0, 0, 3, 1, 1.0, 0, 0, 0, 0, 0, 0, -19.845441818237305, 3.704629898071289, 3, -1], [1, 0, 0, 0.0, 0, 0, 8, 4, 11, 0, 0, 0, 0, 1, 2, 3, 0, 0, 0, 3, 0, 1.0, 0, 0, 0, 1, 0, 0, -34.49803924560547, 0.0, 3, -1], [1, 0, 0, 0.0, 0, 0, 8, 8, 15, 1, 0, 0, 0, 5, 2, 5, 0, 0, 0, 7, 0, 1.0, 0, 0, 0, 0, 0, 0, -35.53392791748047, 14.993392944335938, 5, -1], [1, 0, 0, 0.0, 0, 0, 8, 8, 15, 1, 0, 0, 0, 5, 2, 7, 0, 0, 0, 7, 0, 1.0, 0, 0, 0, 0, 0, 0, -35.53392791748047, 14.993392944335938, 5, -1], [0, 0, 0, 0.0, 0, 1, 8, 8, 15, 0, 0, 1, 0, 6, 1, 6, 0, 0, 0, 7, 0, 1.0, 0, 0, 1, 0, 0, 0, -20.453720092773438, 0.021076202392578125, 2, -1], [1, 0, 0, 0.0, 0, 0, 8, 8, 15, 0, 0, 0, 0, 5, 2, 7, 0, 0, 0, 7, 0, 1.0, 0, 0, 0, 1, 0, 0, -35.50373077392578, 15.005870819091797, 4, -1], [0, 0, 0, 0.0, 0, 1, 8, 8, 15, 0, 0, 1, 0, 6, 1, 6, 0, 0, 0, 7, 0, 1.0, 0, 0, 1, 0, 0, 0, -20.453720092773438, 0.021076202392578125, 2, -1], [1, 0, 0, 0.0, 0, 0, 8, 8, 15, 0, 0, 0, 0, 5, 2, 6, 0, 0, 0, 7, 0, 1.0, 0, 0, 0, 1, 0, 0, -32.56364059448242, 13.770294189453125, 4, -1], [1, 0, 0, 0.0, 0, 0, 8, 8, 15, 0, 0, 0, 0, 5, 2, 6, 0, 0, 0, 7, 0, 1.0, 0, 0, 0, 1, 0, 0, -32.56364059448242, 13.770294189453125, 4, -1], [1, 0, 0, 2.384185791015625e-07, 0, 0, 6, 4, 9, 1, 0, 1, 0, 2, 1, 5, 0, 0, 0, 3, 1, 1.0, 0, 0, 0, 0, 0, 0, -19.845441818237305, 3.704629898071289, 4, -1], [1, 0, 0, 0.0, 0, 0, 4, 4, 7, 0, 0, 0, 0, 1, 2, 3, 0, 0, 0, 3, 0, 1.0, 0, 0, 0, 1, 0, 0, -34.49803924560547, 0.0, 4, -1], [1, 0, 1, 2.384185791015625e-07, 0, 0, 6, 4, 9, 1, 0, 1, 1, 2, 1, 5, 0, 0, 0, 3, 0, 1.0, 0, 0, 0, 0, 0, 0, -19.845441818237305, 3.704629898071289, 4, -1], [1, 0, 0, 0.5399154126644135, 0, 0, 6, 4, 9, 0, 1, 0, 0, 1, 2, 5, 0, 0, 0, 3, 0, 1.0, 0, 0, 0, 1, 0, 0, -34.68846130371094, 0.0, 6, -1], [1, 0, 1, 0.0, 0, 0, 8, 4, 11, 1, 0, 1, 0, 2, 1, 3, 0, 0, 0, 3, 0, 1.0, 0, 0, 0, 0, 0, 0, -22.449960708618164, 17.13797950744629, 4, -1], [1, 0, 1, 0.0, 0, 0, 8, 4, 11, 1, 0, 1, 0, 2, 1, 3, 0, 0, 0, 3, 0, 1.0, 0, 0, 0, 0, 0, 0, -22.449960708618164, 17.13797950744629, 4, -1], [1, 0, 0, 0.0, 0, 0, 8, 5, 12, 0, 0, 0, 0, 1, 3, 8, 0, 0, 0, 4, 0, 1.0, 0, 0, 0, 0, 0, 0, -30.0573673248291, 0.0, 2, -1], [1, 0, 1, 0.0, 1, 0, 8, 5, 12, 1, 0, 1, 1, 2, 2, 6, 0, 0, 0, 4, 1, 1.0, 0, 0, 0, 0, 0, 0, -23.262372970581055, 35.712242126464844, 2, -1], [1, 0, 1, 0.0, 1, 0, 8, 5, 12, 1, 0, 1, 1, 2, 2, 6, 0, 0, 0, 4, 1, 1.0, 0, 0, 0, 0, 0, 0, -23.262372970581055, 35.712242126464844, 2, -1], [1, 0, 1, 0.0, 1, 0, 8, 5, 12, 1, 1, 1, 1, 2, 2, 6, 0, 0, 0, 4, 1, 1.0, 0, 0, 0, 0, 0, 0, -23.262372970581055, 35.712242126464844, 2, -1], [1, 0, 0, 0.258526086807251, 0, 0, 6, 5, 10, 0, 0, 0, 0, 2, 2, 5, 0, 0, 0, 4, 0, 1.0, 0, 0, 0, 1, 0, 0, -21.682186126708984, 36.89201736450195, 5, -1], [1, 0, 0, 0.050174176692962646, 1, 0, 6, 5, 10, 1, 0, 1, 0, 3, 1, 4, 0, 0, 0, 4, 1, 1.0, 0, 0, 0, 0, 0, 0, -11.578248023986816, 0.8035993576049805, 6, -1], [1, 0, 0, 0.15116238594055176, 0, 0, 6, 5, 10, 0, 0, 0, 0, 2, 2, 5, 0, 0, 0, 4, 0, 1.0, 0, 0, 0, 1, 0, 0, -22.82963752746582, 35.74456787109375, 4, -1], [1, 0, 0, 0.050174176692962646, 1, 0, 6, 5, 10, 1, 0, 1, 0, 3, 1, 4, 0, 0, 0, 4, 1, 1.0, 0, 0, 0, 0, 0, 0, -11.578248023986816, 0.8035993576049805, 6, -1], [1, 0, 1, 0.07594072818756104, 1, 0, 8, 11, 18, 1, 0, 1, 1, 5, 4, 6, 0, 0, 0, 10, 1, 1.0, 0, 0, 0, 0, 0, 0, -25.736543655395508, 2.612468719482422, 4, -1], [1, 0, 0, 0.08677655458450317, 0, 0, 8, 11, 18, 0, 0, 0, 0, 4, 5, 6, 0, 0, 0, 10, 0, 1.0, 0, 0, 0, 1, 0, 0, -29.4721622467041, 3.476106643676758, 4, -1], [1, 0, 0, 0.08359456062316895, 0, 0, 8, 11, 18, 0, 0, 0, 0, 4, 5, 6, 0, 0, 0, 10, 0, 1.0, 0, 0, 0, 1, 0, 0, -29.4721622467041, 3.476106643676758, 4, -1], [1, 0, 0, 0.0823674201965332, 0, 0, 8, 11, 18, 0, 0, 0, 0, 4, 5, 7, 0, 0, 0, 10, 0, 1.0, 0, 0, 0, 1, 0, 0, -29.4721622467041, 3.476106643676758, 4, -1], [1, 0, 1, 0.07594072818756104, 1, 0, 8, 11, 18, 1, 1, 1, 1, 5, 4, 6, 0, 0, 0, 10, 1, 1.0, 0, 0, 0, 0, 0, 0, -25.442129135131836, 2.6097984313964844, 4, -1], [1, 0, 1, 0.07594072818756104, 1, 0, 8, 11, 18, 1, 0, 1, 1, 5, 4, 6, 0, 0, 0, 10, 1, 1.0, 0, 0, 0, 0, 0, 0, -25.442129135131836, 2.6097984313964844, 4, -1], [1, 0, 1, 0.07594072818756104, 1, 0, 8, 11, 18, 1, 0, 1, 1, 5, 4, 6, 0, 0, 0, 10, 1, 1.0, 0, 0, 0, 0, 0, 0, -25.442129135131836, 2.6097984313964844, 4, -1], [0, 0, 0, 0.09220355749130249, 0, 0, 8, 11, 18, 0, 0, 1, 0, 5, 5, 6, 0, 0, 0, 10, 0, 1.0, 0, 0, 0, 0, 0, 0, -12.539155006408691, 13.63358211517334, 4, -1], [0, 0, 0, 0.09220355749130249, 0, 0, 8, 11, 18, 0, 0, 1, 0, 5, 5, 6, 0, 0, 0, 10, 0, 1.0, 0, 0, 0, 0, 0, 0, -12.539155006408691, 13.63358211517334, 4, -1], [1, 0, 1, 0.07594072818756104, 1, 0, 8, 11, 18, 1, 0, 1, 1, 5, 4, 6, 0, 0, 0, 10, 1, 1.0, 0, 0, 0, 0, 0, 0, -25.323457717895508, 2.6918487548828125, 4, -1], [1, 0, 1, 0.0440518856048584, 0, 0, 8, 8, 15, 1, 1, 1, 0, 4, 2, 4, 0, 0, 0, 7, 0, 1.0, 0, 0, 0, 0, 0, 0, -59.63276290893555, 1.8466606140136719, 3, -1], [1, 0, 0, 0.13299083709716797, 0, 0, 8, 8, 15, 1, 0, 0, 0, 3, 3, 4, 0, 0, 0, 7, 0, 1.0, 0, 0, 0, 0, 0, 0, -65.2055892944336, 5.1793670654296875, 2, -1], [1, 0, 0, 0.0239638090133667, 0, 1, 8, 8, 15, 1, 0, 1, 0, 4, 3, 4, 0, 0, 0, 7, 0, 1.0, 0, 0, 1, 0, 0, 0, -43.649593353271484, 8.82076644897461, 2, -1], [1, 0, 0, 0.0239638090133667, 0, 1, 8, 8, 15, 1, 0, 1, 0, 4, 3, 4, 0, 0, 0, 7, 0, 1.0, 0, 0, 1, 0, 0, 0, -43.649593353271484, 8.82076644897461, 2, -1], [1, 0, 0, 0.11963534355163574, 0, 0, 8, 8, 15, 0, 0, 0, 0, 3, 3, 4, 0, 0, 0, 7, 0, 1.0, 0, 0, 0, 1, 0, 0, -66.10918426513672, 5.1568603515625, 2, -1], [1, 0, 1, 0.0440518856048584, 0, 0, 8, 8, 15, 1, 0, 1, 1, 4, 2, 4, 0, 0, 0, 7, 0, 1.0, 0, 0, 0, 0, 0, 0, -59.99515151977539, 1.8282241821289062, 3, -1], [1, 0, 1, 0.0440518856048584, 0, 0, 8, 8, 15, 1, 0, 1, 1, 4, 2, 4, 0, 0, 0, 7, 0, 1.0, 0, 0, 0, 0, 0, 0, -59.99515151977539, 1.8282241821289062, 3, -1], [1, 0, 1, 0.0, 1, 0, 7, 5, 11, 1, 0, 1, 1, 3, 1, 7, 0, 0, 0, 4, 0, 1.0, 0, 0, 0, 0, 0, 0, -11.578248023986816, 0.8035993576049805, 4, -1], [1, 0, 1, 0.0, 1, 0, 7, 5, 11, 1, 0, 1, 1, 3, 1, 7, 0, 0, 0, 4, 0, 1.0, 0, 0, 0, 0, 0, 0, -11.578248023986816, 0.8035993576049805, 4, -1], [1, 0, 0, 0.0, 0, 0, 7, 5, 11, 0, 0, 0, 0, 2, 2, 7, 0, 0, 0, 4, 0, 1.0, 0, 0, 0, 1, 0, 0, -19.8983154296875, 38.67588806152344, 3, -1], [1, 0, 0, 0.0, 0, 0, 3, 5, 7, 0, 0, 0, 0, 2, 2, 3, 0, 0, 0, 4, 0, 1.0, 0, 0, 0, 1, 0, 0, -19.8983154296875, 38.67588806152344, 3, -1], [1, 0, 0, 0.09391796588897705, 1, 1, 8, 6, 13, 1, 0, 1, 1, 4, 1, 3, 0, 0, 0, 5, 0, 1.0, 0, 0, 1, 0, 0, 0, -33.356590270996094, 0.0, 4, -1], [1, 0, 0, 0.09391796588897705, 1, 1, 8, 6, 13, 1, 0, 1, 1, 4, 1, 3, 0, 0, 0, 5, 0, 1.0, 0, 0, 1, 0, 0, 0, -33.356590270996094, 0.0, 4, -1], [1, 0, 0, 0.11755967140197754, 0, 0, 8, 6, 13, 0, 0, 0, 0, 3, 2, 3, 0, 0, 0, 5, 0, 1.0, 0, 0, 0, 1, 0, 0, -50.25636291503906, 20.125167846679688, 2, -1], [1, 0, 0, 0.03191101551055908, 0, 0, 8, 6, 13, 1, 0, 0, 0, 3, 2, 3, 0, 0, 0, 5, 0, 1.0, 0, 0, 0, 0, 0, 0, -50.25636291503906, 20.125167846679688, 2, -1], [1, 0, 0, 0.03278690576553345, 0, 0, 8, 6, 13, 1, 0, 0, 0, 3, 2, 3, 0, 0, 0, 5, 0, 1.0, 0, 0, 0, 0, 0, 0, -50.25636291503906, 20.125167846679688, 2, -1], [1, 0, 1, 0.02708733081817627, 1, 0, 8, 10, 17, 1, 0, 1, 1, 7, 2, 5, 0, 0, 0, 9, 1, 1.0, 0, 0, 0, 0, 0, 0, -39.35334777832031, 10.762943267822266, 2, -1], [1, 0, 1, 0.02708733081817627, 1, 0, 8, 10, 17, 1, 0, 1, 1, 7, 2, 5, 0, 0, 0, 9, 1, 1.0, 0, 0, 0, 0, 0, 0, -39.35334777832031, 10.762943267822266, 2, -1], [1, 0, 0, 0.0426943302154541, 0, 0, 8, 10, 17, 1, 0, 0, 0, 6, 3, 6, 0, 0, 0, 9, 0, 1.0, 0, 0, 0, 0, 0, 0, -44.231929779052734, 13.00490951538086, 2, -1], [1, 0, 0, 0.030794858932495117, 0, 0, 8, 10, 17, 0, 0, 0, 0, 6, 3, 5, 0, 0, 0, 9, 0, 1.0, 0, 0, 0, 1, 0, 0, -44.231929779052734, 13.00490951538086, 2, -1], [1, 0, 0, 0.0, 0, 0, 8, 10, 17, 1, 0, 0, 0, 6, 3, 6, 0, 0, 0, 9, 0, 1.0, 0, 0, 0, 0, 0, 0, -44.231929779052734, 13.00490951538086, 2, -1], [1, 0, 0, 0.03659188747406006, 0, 0, 8, 10, 17, 0, 0, 0, 0, 6, 3, 6, 0, 0, 0, 9, 0, 1.0, 0, 0, 0, 1, 0, 0, -44.231929779052734, 13.00490951538086, 2, -1], [1, 0, 1, 0.02708733081817627, 1, 0, 8, 10, 17, 1, 0, 1, 1, 7, 2, 5, 0, 0, 0, 9, 1, 1.0, 0, 0, 0, 0, 0, 0, -39.30216979980469, 10.742137908935547, 2, -1], [1, 0, 0, 0.037450969219207764, 0, 0, 8, 10, 17, 0, 0, 0, 0, 6, 3, 6, 0, 0, 0, 9, 0, 1.0, 0, 0, 0, 1, 0, 0, -44.26579666137695, 13.060787200927734, 2, -1], [1, 0, 0, 0.03574937582015991, 0, 0, 8, 10, 17, 1, 0, 0, 0, 6, 3, 5, 0, 0, 0, 9, 0, 1.0, 0, 0, 0, 0, 0, 0, -44.26579666137695, 13.060787200927734, 2, -1], [1, 0, 0, 0.06788438558578491, 0, 0, 8, 13, 20, 0, 0, 0, 0, 9, 3, 3, 0, 0, 0, 12, 0, 1.0, 0, 0, 0, 1, 0, 0, -0.15559574961662292, 8.480669975280762, 5, -1], [1, 0, 0, 0.06264513731002808, 0, 0, 8, 13, 20, 0, 0, 0, 0, 11, 1, 3, 0, 0, 0, 12, 0, 1.0, 0, 0, 0, 1, 0, 0, 9.395548820495605, 0.1370992660522461, 4, -1], [1, 0, 0, 0.07891041040420532, 0, 0, 8, 13, 20, 0, 0, 0, 0, 8, 4, 3, 0, 0, 0, 12, 0, 1.0, 0, 0, 0, 1, 0, 0, -3.818938970565796, 9.687042236328125, 5, -1], [0, 0, 0, 0.06788438558578491, 0, 0, 8, 13, 20, 0, 0, 1, 0, 10, 2, 2, 0, 0, 0, 12, 0, 1.0, 0, 0, 0, 0, 0, 0, 3.663611650466919, 7.27659273147583, 4, -1], [1, 0, 0, 0.15091383457183838, 1, 0, 8, 13, 20, 1, 0, 1, 0, 11, 1, 3, 0, 0, 0, 12, 0, 1.0, 0, 0, 0, 0, 0, 0, 9.395548820495605, 0.1370992660522461, 3, -1], [1, 0, 1, 0.15091383457183838, 1, 0, 8, 13, 20, 1, 0, 1, 1, 10, 2, 3, 0, 0, 0, 12, 1, 1.0, 0, 0, 0, 0, 0, 0, -9.236471176147461, 7.438991546630859, 5, -1], [1, 0, 0, 0.09570479393005371, 0, 0, 8, 13, 20, 0, 0, 0, 0, 9, 2, 3, 0, 0, 0, 12, 0, 1.0, 0, 0, 0, 1, 0, 0, -8.325678825378418, 0.00148773193359375, 5, -1], [0, 0, 0, 0.09286361932754517, 0, 0, 8, 13, 20, 0, 0, 1, 0, 10, 2, 4, 0, 0, 0, 12, 0, 1.0, 0, 0, 0, 0, 0, 0, -10.860172271728516, 7.483232498168945, 3, -1], [1, 0, 0, 0.05497419834136963, 0, 0, 8, 13, 20, 0, 0, 0, 0, 10, 2, 3, 0, 0, 0, 12, 0, 1.0, 0, 0, 0, 1, 0, 0, 3.961350202560425, 7.274858474731445, 5, -1], [1, 0, 0, 0.07497930526733398, 0, 0, 8, 13, 20, 0, 0, 0, 0, 10, 2, 3, 0, 0, 0, 12, 0, 1.0, 0, 0, 0, 1, 0, 0, -9.128067970275879, 7.438126564025879, 5, -1], [1, 0, 0, 0.04518389701843262, 0, 0, 8, 13, 20, 1, 1, 0, 0, 10, 2, 3, 0, 0, 0, 12, 0, 1.0, 0, 0, 0, 0, 0, 0, 4.107043266296387, 7.275371551513672, 3, -1], [0, 0, 0, 0.09301894903182983, 0, 0, 8, 13, 20, 1, 0, 1, 0, 10, 2, 4, 0, 0, 0, 12, 0, 1.0, 0, 0, 0, 0, 0, 0, 3.6940910816192627, 7.273748397827148, 4, -1], [1, 0, 0, 0.09150344133377075, 0, 0, 8, 13, 20, 0, 0, 0, 0, 8, 2, 3, 0, 0, 0, 12, 0, 1.0, 0, 0, 0, 1, 0, 0, -19.9069766998291, 0.0036602020263671875, 5, -1], [0, 0, 0, 0.09301894903182983, 0, 0, 8, 13, 20, 1, 0, 1, 0, 9, 2, 3, 0, 0, 0, 12, 0, 1.0, 0, 0, 0, 0, 0, 0, -8.663095474243164, 0.0013332366943359375, 5, -1], [1, 0, 0, 0.09226936101913452, 0, 0, 8, 13, 20, 0, 0, 0, 0, 8, 3, 3, 0, 0, 0, 12, 0, 1.0, 0, 0, 0, 1, 0, 0, -12.324872016906738, 1.1160554885864258, 5, -1], [1, 0, 0, 0.09286361932754517, 0, 0, 8, 13, 20, 0, 0, 0, 0, 9, 2, 3, 0, 0, 0, 12, 0, 1.0, 0, 0, 0, 1, 0, 0, -8.289263725280762, 0.026864051818847656, 5, -1], [1, 0, 0, 0.04374492168426514, 0, 0, 8, 13, 20, 1, 0, 0, 0, 8, 3, 3, 0, 0, 0, 12, 0, 1.0, 0, 0, 0, 1, 0, 0, -12.335921287536621, 1.191370964050293, 5, -1], [0, 0, 0, 0.09286361932754517, 0, 0, 8, 13, 20, 0, 0, 1, 0, 10, 2, 3, 0, 0, 0, 12, 0, 1.0, 0, 0, 0, 0, 0, 0, -8.259893417358398, 7.589357376098633, 3, -1], [1, 0, 0, 0.09240984916687012, 0, 0, 8, 13, 20, 0, 0, 0, 0, 7, 4, 3, 0, 0, 0, 12, 0, 1.0, 0, 0, 0, 1, 0, 0, -15.981951713562012, 2.1062231063842773, 5, -1], [1, 0, 1, 0.15091383457183838, 1, 0, 8, 13, 20, 1, 0, 1, 1, 10, 2, 2, 0, 0, 0, 12, 1, 1.0, 0, 0, 0, 0, 0, 0, 3.554887056350708, 7.274136066436768, 5, -1], [1, 0, 0, 0.15091383457183838, 1, 0, 8, 13, 20, 1, 0, 1, 0, 8, 2, 2, 0, 0, 0, 12, 1, 1.0, 0, 0, 0, 0, 0, 0, -33.95024490356445, 0.4761619567871094, 5, -1], [1, 0, 1, 0.15091383457183838, 1, 0, 8, 13, 20, 1, 0, 1, 1, 9, 3, 3, 0, 0, 0, 12, 1, 1.0, 0, 0, 0, 0, 0, 0, -0.1701030433177948, 8.47258472442627, 5, -1], [1, 0, 0, 0.07911455631256104, 0, 0, 8, 13, 20, 0, 0, 0, 0, 8, 3, 2, 0, 0, 0, 12, 0, 1.0, 0, 0, 0, 1, 0, 0, -13.24251651763916, 1.0822162628173828, 5, -1], [1, 0, 0, 0.15091383457183838, 1, 0, 8, 13, 20, 1, 0, 1, 0, 11, 1, 3, 0, 0, 0, 12, 0, 1.0, 0, 0, 0, 0, 0, 0, 9.395548820495605, 0.1370992660522461, 4, -1], [1, 0, 0, 0.08155632019042969, 0, 0, 8, 13, 20, 0, 0, 0, 0, 8, 3, 2, 0, 0, 0, 12, 0, 1.0, 0, 0, 0, 1, 0, 0, -27.824527740478516, 0.35802268981933594, 5, -1], [0, 0, 0, 0.10007244348526001, 0, 0, 8, 13, 20, 0, 0, 0, 0, 8, 3, 2, 0, 0, 0, 12, 0, 1.0, 0, 0, 0, 0, 0, 0, -12.65548324584961, 1.2022829055786133, 5, -1], [0, 0, 0, 0.06264513731002808, 0, 0, 8, 13, 20, 0, 0, 1, 0, 10, 2, 4, 0, 0, 0, 12, 0, 1.0, 0, 0, 0, 0, 0, 0, 3.6872379779815674, 7.274355888366699, 5, -1], [1, 0, 0, 0.1005282998085022, 0, 0, 8, 13, 20, 0, 0, 0, 0, 10, 2, 3, 0, 0, 0, 12, 0, 1.0, 0, 0, 0, 1, 0, 0, -11.14902400970459, 1.8554878234863281, 4, -1], [1, 0, 0, 0.09102070331573486, 0, 0, 8, 13, 20, 0, 0, 0, 0, 9, 2, 2, 0, 0, 0, 12, 0, 1.0, 0, 0, 0, 0, 0, 0, -8.309282302856445, 0.016927719116210938, 5, -1], [0, 0, 0, 0.09847009181976318, 0, 0, 8, 13, 20, 0, 0, 0, 0, 7, 3, 2, 0, 0, 0, 12, 0, 1.0, 0, 0, 0, 0, 0, 0, -24.375211715698242, 1.1202259063720703, 5, -1], [1, 0, 0, 0.2844570279121399, 0, 0, 7, 4, 10, 0, 0, 0, 0, 1, 2, 7, 0, 0, 0, 3, 0, 1.0, 0, 0, 0, 1, 0, 0, -34.49803924560547, 0.0, 7, -1], [1, 0, 0, 2.384185791015625e-07, 0, 0, 7, 4, 10, 1, 0, 1, 0, 2, 1, 6, 0, 0, 0, 3, 0, 1.0, 0, 0, 0, 0, 0, 0, -19.845441818237305, 3.704629898071289, 4, -1], [1, 0, 0, 2.384185791015625e-07, 0, 0, 7, 4, 10, 1, 0, 1, 0, 2, 1, 6, 0, 0, 0, 3, 0, 1.0, 0, 0, 0, 0, 0, 0, -19.845441818237305, 3.704629898071289, 4, -1], [1, 0, 1, 0.0, 0, 0, 8, 4, 11, 1, 0, 1, 1, 2, 1, 5, 0, 0, 0, 3, 0, 1.0, 0, 0, 0, 0, 0, 0, -19.845441818237305, 3.704629898071289, 5, -1], [1, 0, 1, 0.0, 0, 0, 8, 4, 11, 1, 0, 1, 1, 2, 1, 5, 0, 0, 0, 3, 0, 1.0, 0, 0, 0, 0, 0, 0, -19.845441818237305, 3.704629898071289, 5, -1], [1, 0, 0, 0.0, 0, 0, 8, 4, 11, 1, 0, 0, 0, 1, 2, 5, 0, 0, 0, 3, 0, 1.0, 0, 0, 0, 1, 0, 0, -34.49803924560547, 0.0, 6, -1], [1, 0, 1, 0.0, 1, 0, 8, 9, 16, 1, 0, 1, 1, 5, 3, 5, 0, 0, 0, 8, 1, 1.0, 0, 0, 0, 0, 0, 0, -24.223806381225586, 7.797792434692383, 3, -1], [1, 0, 0, 0.0, 0, 0, 8, 9, 16, 0, 0, 0, 0, 4, 4, 5, 0, 0, 0, 8, 0, 1.0, 0, 0, 0, 1, 0, 0, -23.292470932006836, 20.523351669311523, 3, -1], [1, 0, 1, 0.0, 1, 0, 8, 9, 16, 1, 0, 1, 1, 5, 3, 5, 0, 0, 0, 8, 1, 1.0, 0, 0, 0, 0, 0, 0, -22.651805877685547, 13.880855560302734, 3, -1], [1, 0, 0, 0.0, 0, 0, 8, 9, 16, 0, 0, 0, 0, 4, 4, 6, 0, 0, 0, 8, 0, 1.0, 0, 0, 0, 1, 0, 0, -25.696210861206055, 16.26978874206543, 3, -1], [1, 0, 1, 0.0, 1, 0, 8, 9, 16, 1, 0, 1, 1, 5, 3, 5, 0, 0, 0, 8, 1, 1.0, 0, 0, 0, 0, 0, 0, -22.641515731811523, 13.893865585327148, 3, -1], [1, 0, 0, 0.0, 0, 0, 8, 9, 16, 0, 0, 0, 0, 4, 4, 5, 0, 0, 0, 8, 0, 1.0, 0, 0, 0, 1, 0, 0, -25.703781127929688, 16.234344482421875, 3, -1], [1, 0, 0, 0.0, 0, 0, 8, 9, 16, 0, 0, 0, 0, 4, 4, 5, 0, 0, 0, 8, 0, 1.0, 0, 0, 0, 1, 0, 0, -25.703781127929688, 16.234344482421875, 3, -1], [1, 0, 1, 0.0, 1, 0, 8, 9, 16, 1, 0, 1, 1, 5, 3, 5, 0, 0, 0, 8, 1, 1.0, 0, 0, 0, 0, 0, 0, -22.146732330322266, 13.888286590576172, 3, -1], [0, 0, 1, 0.0, 0, 0, 5, 4, 8, 0, 0, 1, 1, 2, 1, 5, 0, 0, 0, 3, 0, 1.0, 0, 0, 0, 0, 0, 0, -18.772525787353516, 23.185039520263672, 7, -1], [0, 0, 1, 0.0, 0, 0, 5, 4, 8, 0, 0, 1, 1, 2, 1, 5, 0, 0, 0, 3, 0, 1.0, 0, 0, 0, 0, 0, 0, -18.772525787353516, 23.185039520263672, 7, -1], [1, 0, 0, 0.0, 0, 0, 5, 4, 8, 0, 0, 0, 0, 1, 2, 5, 0, 0, 0, 3, 0, 1.0, 0, 0, 0, 1, 0, 0, -34.68846130371094, 0.0, 7, -1], [1, 0, 0, 0.0, 0, 0, 8, 6, 13, 0, 0, 0, 0, 3, 2, 8, 0, 0, 0, 5, 0, 1.0, 0, 0, 0, 1, 0, 0, -43.89469909667969, 21.900924682617188, 2, -1], [1, 0, 0, 0.0, 0, 0, 8, 6, 13, 0, 0, 0, 0, 3, 2, 7, 0, 0, 0, 5, 0, 1.0, 0, 0, 0, 1, 0, 0, -43.89469909667969, 21.900924682617188, 2, -1], [1, 0, 0, 0.0, 0, 0, 8, 6, 13, 0, 0, 0, 0, 3, 2, 7, 0, 0, 0, 5, 0, 1.0, 0, 0, 0, 1, 0, 0, -43.89469909667969, 21.900924682617188, 2, -1], [1, 0, 0, 0.0, 1, 1, 8, 6, 13, 1, 0, 1, 0, 4, 1, 7, 0, 0, 0, 5, 1, 1.0, 0, 0, 1, 0, 0, 0, -26.67742919921875, 0.060871124267578125, 2, -1], [1, 0, 0, 0.0, 1, 1, 8, 6, 13, 1, 0, 1, 0, 4, 1, 7, 0, 0, 0, 5, 1, 1.0, 0, 0, 1, 0, 0, 0, -26.67742919921875, 0.060871124267578125, 2, -1], [1, 0, 1, 0.0, 1, 0, 8, 4, 11, 1, 0, 1, 1, 2, 1, 5, 0, 0, 0, 3, 1, 1.0, 0, 0, 0, 0, 0, 0, -19.845441818237305, 3.704629898071289, 3, -1], [1, 0, 1, 0.0, 1, 0, 8, 4, 11, 1, 0, 1, 1, 2, 1, 5, 0, 0, 0, 3, 1, 1.0, 0, 0, 0, 0, 0, 0, -19.845441818237305, 3.704629898071289, 3, -1], [1, 0, 0, 0.0, 0, 0, 8, 4, 11, 0, 0, 0, 0, 1, 2, 6, 0, 0, 0, 3, 0, 1.0, 0, 0, 0, 0, 0, 0, -34.49803924560547, 0.0, 2, -1], [1, 0, 1, 0.09141802787780762, 0, 1, 8, 8, 15, 0, 0, 0, 0, 5, 2, 6, 0, 0, 0, 7, 0, 1.0, 0, 0, 2, 1, 0, 0, -43.13874435424805, 15.992870330810547, 3, -1], [1, 0, 1, 0.08937442302703857, 0, 1, 8, 8, 15, 0, 0, 0, 0, 5, 2, 5, 0, 0, 0, 7, 0, 1.0, 0, 0, 2, 1, 0, 0, -43.13874435424805, 15.958606719970703, 3, -1], [1, 0, 0, 0.1336522400379181, 0, 0, 8, 8, 15, 0, 0, 0, 0, 5, 2, 6, 0, 0, 0, 7, 0, 1.0, 0, 0, 0, 1, 0, 0, -50.842857360839844, 14.559799194335938, 3, -1], [1, 0, 0, 0.05499747395515442, 0, 0, 8, 8, 15, 0, 0, 0, 0, 5, 2, 6, 0, 0, 0, 7, 0, 1.0, 0, 0, 0, 1, 0, 0, -50.842857360839844, 14.559799194335938, 3, -1], [0, 0, 0, 0.00272330641746521, 0, 1, 8, 8, 15, 1, 0, 1, 0, 6, 1, 7, 0, 0, 0, 7, 0, 1.0, 0, 0, 1, 0, 0, 0, -35.057350158691406, 0.0, 6, -1], [1, 0, 0, 0.1004662811756134, 0, 0, 8, 8, 15, 0, 0, 0, 0, 5, 2, 6, 0, 0, 0, 7, 0, 1.0, 0, 0, 0, 1, 0, 0, -50.55577087402344, 14.555458068847656, 3, -1], [0, 0, 0, 0.00272330641746521, 0, 1, 8, 8, 15, 1, 0, 1, 0, 6, 1, 7, 0, 0, 0, 7, 0, 1.0, 0, 0, 1, 0, 0, 0, -35.057350158691406, 0.0, 6, -1], [1, 0, 1, 0.13571786880493164, 1, 0, 8, 4, 11, 1, 0, 1, 1, 2, 1, 6, 0, 0, 0, 3, 0, 1.0, 0, 0, 0, 0, 0, 0, -19.845441818237305, 3.704629898071289, 2, -1], [1, 0, 1, 0.13571786880493164, 1, 0, 8, 4, 11, 1, 0, 1, 1, 2, 1, 6, 0, 0, 0, 3, 0, 1.0, 0, 0, 0, 0, 0, 0, -19.845441818237305, 3.704629898071289, 2, -1], [1, 0, 0, 0.0, 0, 0, 5, 4, 8, 1, 0, 0, 0, 1, 2, 4, 0, 0, 0, 3, 0, 1.0, 0, 0, 0, 0, 0, 0, -34.49803924560547, 0.0, 4, -1], [1, 0, 0, 0.08065545558929443, 0, 0, 8, 5, 12, 1, 0, 1, 0, 3, 1, 7, 0, 0, 0, 4, 0, 1.0, 0, 0, 0, 0, 0, 0, -11.578248023986816, 0.8035993576049805, 6, -1], [1, 0, 0, 0.0, 0, 0, 8, 5, 12, 0, 0, 0, 0, 2, 2, 7, 0, 0, 0, 4, 0, 1.0, 0, 0, 0, 1, 0, 0, -19.8983154296875, 38.67588806152344, 2, -1], [1, 0, 1, 0.08065545558929443, 0, 0, 8, 5, 12, 1, 0, 1, 1, 3, 1, 7, 0, 0, 0, 4, 0, 1.0, 0, 0, 0, 0, 0, 0, -11.578248023986816, 0.8035993576049805, 4, -1], [1, 0, 0, 0.0, 0, 0, 8, 5, 12, 0, 0, 0, 0, 2, 2, 7, 0, 0, 0, 4, 0, 1.0, 0, 0, 0, 1, 0, 0, -21.682186126708984, 36.89201736450195, 2, -1], [1, 0, 0, 0.0, 0, 0, 8, 13, 20, 0, 0, 0, 0, 7, 5, 6, 0, 0, 0, 12, 0, 1.0, 0, 0, 0, 1, 0, 0, -7.8691205978393555, 10.951531410217285, 3, -1], [0, 0, 0, 0.0, 0, 0, 8, 13, 20, 0, 0, 1, 0, 6, 6, 6, 0, 0, 0, 12, 0, 1.0, 0, 0, 0, 0, 0, 0, -10.066664695739746, 12.221604347229004, 3, -1], [1, 0, 0, 0.0, 0, 0, 8, 13, 20, 0, 0, 0, 0, 7, 5, 7, 0, 0, 0, 12, 0, 1.0, 0, 0, 0, 1, 0, 0, -7.8353352546691895, 11.020488739013672, 3, -1], [1, 0, 1, 0.0, 1, 0, 8, 13, 20, 1, 0, 1, 1, 7, 4, 7, 0, 0, 0, 12, 0, 1.0, 0, 0, 0, 0, 0, 0, -17.5976619720459, 2.0355186462402344, 3, -1], [1, 0, 1, 0.0, 1, 0, 8, 13, 20, 1, 0, 1, 1, 7, 4, 7, 0, 0, 0, 12, 0, 1.0, 0, 0, 0, 0, 0, 0, -17.85969352722168, 2.0089149475097656, 3, -1], [1, 0, 1, 0.0, 1, 0, 8, 13, 20, 1, 0, 1, 1, 7, 5, 7, 0, 0, 0, 12, 0, 1.0, 0, 0, 0, 0, 0, 0, -7.880768775939941, 10.952828407287598, 3, -1], [1, 0, 0, 0.0, 0, 0, 8, 13, 20, 0, 0, 0, 0, 5, 7, 6, 0, 0, 0, 12, 0, 1.0, 0, 0, 0, 1, 0, 0, -12.328896522521973, 13.395153999328613, 3, -1], [1, 0, 1, 0.0, 1, 0, 8, 13, 20, 1, 0, 1, 1, 5, 6, 6, 0, 0, 0, 12, 0, 1.0, 0, 0, 0, 0, 0, 0, -24.82427215576172, 3.0585403442382812, 3, -1], [1, 0, 0, 0.0, 0, 0, 8, 13, 20, 0, 0, 0, 0, 7, 5, 7, 0, 0, 0, 12, 0, 1.0, 0, 0, 0, 1, 0, 0, -7.875769138336182, 10.95248031616211, 3, -1], [1, 0, 1, 0.0, 1, 0, 8, 13, 20, 1, 0, 1, 1, 9, 3, 7, 0, 0, 0, 12, 0, 1.0, 0, 0, 0, 0, 0, 0, -1.418063759803772, 8.459753036499023, 3, -1], [1, 0, 0, 0.0, 0, 0, 8, 13, 20, 0, 0, 0, 0, 8, 4, 7, 0, 0, 0, 12, 0, 1.0, 0, 0, 0, 1, 0, 0, -4.626588344573975, 9.684555053710938, 3, -1], [1, 0, 1, 0.0, 1, 0, 8, 13, 20, 1, 1, 1, 0, 9, 2, 7, 0, 0, 0, 12, 0, 1.0, 0, 0, 0, 0, 0, 0, -9.321768760681152, 0.022359848022460938, 3, -1], [1, 0, 1, 0.0, 1, 0, 8, 13, 20, 1, 0, 1, 1, 7, 5, 6, 0, 0, 0, 12, 0, 1.0, 0, 0, 0, 0, 0, 0, -7.880127906799316, 10.952792167663574, 3, -1], [1, 0, 0, 0.0, 0, 0, 8, 13, 20, 0, 0, 0, 0, 6, 5, 7, 0, 0, 0, 12, 0, 1.0, 0, 0, 0, 1, 0, 0, -20.987018585205078, 2.5880374908447266, 3, -1], [0, 0, 0, 0.0, 0, 0, 8, 13, 20, 0, 0, 1, 0, 8, 4, 7, 0, 0, 0, 12, 0, 1.0, 0, 0, 0, 0, 0, 0, -4.898950099945068, 9.666465759277344, 3, -1], [1, 0, 0, 0.0, 0, 0, 8, 13, 20, 0, 0, 0, 0, 7, 5, 7, 0, 0, 0, 12, 0, 1.0, 0, 0, 0, 1, 0, 0, -7.88512659072876, 10.953144073486328, 3, -1], [1, 0, 1, 0.0, 1, 0, 8, 13, 20, 1, 0, 1, 1, 8, 3, 7, 0, 0, 0, 12, 0, 1.0, 0, 0, 0, 0, 0, 0, -13.287378311157227, 1.0861282348632812, 3, -1], [1, 0, 0, 0.0, 0, 0, 8, 13, 20, 0, 0, 0, 0, 7, 5, 7, 0, 0, 0, 12, 0, 1.0, 0, 0, 0, 1, 0, 0, -8.229316711425781, 10.931709289550781, 3, -1], [1, 0, 0, 0.0, 0, 0, 5, 4, 8, 0, 0, 0, 0, 1, 2, 3, 0, 0, 0, 3, 0, 1.0, 0, 0, 0, 1, 0, 0, -34.49803924560547, 0.0, 3, -1], [1, 0, 0, 0.0, 1, 0, 8, 4, 11, 1, 0, 1, 0, 2, 1, 4, 0, 0, 0, 3, 1, 1.0, 0, 0, 0, 0, 0, 0, -19.845441818237305, 3.704629898071289, 2, -1], [1, 0, 0, 0.0, 1, 0, 8, 4, 11, 1, 0, 1, 0, 2, 1, 4, 0, 0, 0, 3, 1, 1.0, 0, 0, 0, 0, 0, 0, -19.845441818237305, 3.704629898071289, 2, -1], [1, 0, 0, 0.09607160091400146, 0, 0, 8, 7, 14, 0, 0, 0, 0, 4, 2, 4, 0, 0, 0, 6, 0, 1.0, 0, 0, 0, 1, 0, 0, -44.32341003417969, 18.16061782836914, 3, -1], [1, 0, 0, 0.0, 0, 0, 8, 7, 14, 1, 0, 0, 0, 4, 2, 6, 0, 0, 0, 6, 0, 1.0, 0, 0, 0, 0, 0, 0, -45.02582550048828, 18.092376708984375, 3, -1], [1, 0, 0, 0.09873956441879272, 0, 0, 8, 7, 14, 0, 0, 0, 0, 4, 2, 5, 0, 0, 0, 6, 0, 1.0, 0, 0, 0, 1, 0, 0, -45.02582550048828, 18.092376708984375, 3, -1], [1, 0, 0, 0.09408563375473022, 0, 0, 8, 7, 14, 1, 0, 0, 0, 4, 2, 5, 0, 0, 0, 6, 0, 1.0, 0, 0, 0, 1, 0, 0, -43.80332946777344, 18.034923553466797, 3, -1], [0, 0, 0, 0.030639588832855225, 0, 1, 8, 7, 14, 1, 0, 1, 0, 5, 1, 3, 0, 0, 0, 6, 0, 1.0, 0, 0, 1, 0, 0, 0, -28.020036697387695, 0.0, 3, -1], [0, 0, 0, 0.030639588832855225, 0, 1, 8, 7, 14, 1, 0, 1, 0, 5, 1, 3, 0, 0, 0, 6, 0, 1.0, 0, 0, 1, 0, 0, 0, -26.724843978881836, 0.0, 3, -1], [0, 0, 0, 0.03754699230194092, 0, 0, 8, 11, 18, 1, 0, 1, 0, 5, 5, 7, 0, 0, 0, 10, 0, 1.0, 0, 0, 0, 0, 0, 0, -38.39540481567383, 13.79473876953125, 2, -1], [1, 0, 1, 0.07624578475952148, 1, 0, 8, 11, 18, 1, 0, 1, 1, 5, 4, 5, 0, 0, 0, 10, 1, 1.0, 0, 0, 0, 0, 0, 0, -54.20869827270508, 0.21491622924804688, 2, -1], [1, 0, 0, 0.0, 0, 0, 8, 11, 18, 1, 0, 0, 0, 4, 5, 7, 0, 0, 0, 10, 0, 1.0, 0, 0, 0, 0, 0, 0, -58.93288803100586, 0.9607772827148438, 2, -1], [0, 0, 0, 0.03754699230194092, 0, 0, 8, 11, 18, 1, 0, 1, 0, 5, 5, 7, 0, 0, 0, 10, 0, 1.0, 0, 0, 0, 0, 0, 0, -38.38032150268555, 13.809616088867188, 2, -1], [1, 0, 0, 0.013944923877716064, 0, 0, 8, 11, 18, 0, 0, 0, 0, 4, 5, 5, 0, 0, 0, 10, 0, 1.0, 0, 0, 0, 1, 0, 0, -59.00339126586914, 0.8960685729980469, 2, -1], [1, 0, 1, 0.07624578475952148, 1, 0, 8, 11, 18, 1, 0, 1, 1, 5, 4, 5, 0, 0, 0, 10, 1, 1.0, 0, 0, 0, 0, 0, 0, -54.24666976928711, 0.17981338500976562, 2, -1], [1, 0, 1, 0.07624578475952148, 1, 0, 8, 11, 18, 1, 0, 1, 1, 5, 4, 5, 0, 0, 0, 10, 1, 1.0, 0, 0, 0, 0, 0, 0, -54.24666976928711, 0.17981338500976562, 2, -1], [1, 0, 1, 0.07624578475952148, 1, 0, 8, 11, 18, 1, 0, 1, 1, 5, 4, 5, 0, 0, 0, 10, 1, 1.0, 0, 0, 0, 0, 0, 0, -54.24666976928711, 0.17981338500976562, 2, -1], [1, 0, 1, 0.07624578475952148, 1, 0, 8, 11, 18, 1, 1, 1, 1, 5, 4, 5, 0, 0, 0, 10, 1, 1.0, 0, 0, 0, 0, 0, 0, -54.24666976928711, 0.17981338500976562, 2, -1], [1, 0, 0, 0.01086127758026123, 0, 0, 8, 11, 18, 0, 0, 0, 0, 4, 5, 5, 0, 0, 0, 10, 0, 1.0, 0, 0, 0, 1, 0, 0, -62.35011291503906, 0.3554534912109375, 2, -1], [0, 0, 0, 0.2834606170654297, 0, 0, 6, 4, 9, 0, 0, 0, 0, 1, 2, 5, 0, 0, 0, 3, 0, 1.0, 0, 0, 0, 0, 0, 0, -34.49803924560547, 0.0, 7, -1], [0, 0, 0, 0.1481267809867859, 0, 0, 8, 4, 11, 0, 0, 1, 0, 2, 1, 5, 0, 0, 0, 3, 0, 1.0, 0, 0, 0, 0, 0, 0, -19.845441818237305, 3.704629898071289, 5, -1], [0, 0, 0, 0.1481267809867859, 0, 0, 8, 4, 11, 0, 0, 1, 0, 2, 1, 5, 0, 0, 0, 3, 0, 1.0, 0, 0, 0, 0, 0, 0, -19.845441818237305, 3.704629898071289, 5, -1], [1, 0, 1, 0.0, 1, 0, 8, 5, 12, 1, 0, 1, 1, 2, 2, 5, 0, 0, 0, 4, 1, 1.0, 0, 0, 0, 0, 0, 0, -22.112619400024414, 36.86199951171875, 3, -1], [1, 0, 1, 0.0, 1, 0, 8, 5, 12, 1, 0, 1, 1, 2, 2, 5, 0, 0, 0, 4, 1, 1.0, 0, 0, 0, 0, 0, 0, -22.112619400024414, 36.86199951171875, 3, -1], [1, 0, 0, 0.0, 0, 0, 8, 5, 12, 1, 0, 0, 0, 1, 3, 7, 0, 0, 0, 4, 0, 1.0, 0, 0, 0, 0, 0, 0, -30.0573673248291, 0.0, 3, -1], [1, 0, 1, 0.0, 1, 0, 8, 5, 12, 1, 0, 1, 1, 2, 2, 5, 0, 0, 0, 4, 1, 1.0, 0, 0, 0, 0, 0, 0, -20.326387405395508, 38.648231506347656, 3, -1], [1, 0, 1, 0.030541300773620605, 1, 0, 8, 9, 16, 1, 0, 1, 1, 5, 3, 4, 0, 0, 0, 8, 1, 1.0, 0, 0, 0, 0, 0, 0, -9.062760353088379, 13.638283729553223, 3, -1], [1, 0, 1, 0.030541300773620605, 1, 0, 8, 9, 16, 1, 0, 1, 1, 5, 3, 4, 0, 0, 0, 8, 1, 1.0, 0, 0, 0, 0, 0, 0, -9.062760353088379, 13.638283729553223, 3, -1], [1, 0, 1, 0.030541300773620605, 1, 0, 8, 9, 16, 1, 0, 1, 1, 5, 3, 4, 0, 0, 0, 8, 1, 1.0, 0, 0, 0, 0, 0, 0, -9.062760353088379, 13.638283729553223, 3, -1], [1, 0, 0, 0.0, 0, 0, 8, 9, 16, 0, 0, 0, 0, 4, 4, 5, 0, 0, 0, 8, 0, 1.0, 0, 0, 0, 1, 0, 0, -12.797924041748047, 16.1615047454834, 2, -1], [1, 0, 1, 0.030541300773620605, 1, 0, 8, 9, 16, 1, 0, 1, 1, 5, 3, 4, 0, 0, 0, 8, 1, 1.0, 0, 0, 0, 0, 0, 0, -8.81411361694336, 13.867265701293945, 3, -1], [1, 0, 0, 0.0, 0, 0, 8, 9, 16, 1, 0, 0, 0, 4, 4, 5, 0, 0, 0, 8, 0, 1.0, 0, 0, 0, 0, 0, 0, -13.043895721435547, 15.941390991210938, 2, -1], [1, 0, 0, 0.0, 0, 0, 8, 9, 16, 0, 0, 0, 0, 4, 4, 5, 0, 0, 0, 8, 0, 1.0, 0, 0, 0, 1, 0, 0, -13.043895721435547, 15.941390991210938, 2, -1], [1, 0, 0, 0.0, 0, 0, 8, 9, 16, 1, 0, 0, 0, 4, 4, 5, 0, 0, 0, 8, 0, 1.0, 0, 0, 0, 0, 0, 0, -13.043895721435547, 15.941390991210938, 2, -1], [1, 0, 0, 0.05431443452835083, 0, 0, 8, 5, 12, 0, 0, 0, 0, 2, 2, 6, 0, 0, 0, 4, 0, 1.0, 0, 0, 0, 1, 0, 0, -21.682186126708984, 36.89201736450195, 3, -1], [1, 0, 0, 0.0001608133316040039, 0, 0, 8, 5, 12, 1, 0, 1, 0, 3, 1, 6, 0, 0, 0, 4, 0, 1.0, 0, 0, 0, 0, 0, 0, -11.578248023986816, 0.8035993576049805, 3, -1], [1, 0, 0, 0.0, 0, 0, 8, 5, 12, 1, 0, 0, 0, 2, 2, 6, 0, 0, 0, 4, 0, 1.0, 0, 0, 0, 0, 0, 0, -22.82963752746582, 35.74456787109375, 2, -1], [1, 0, 0, 0.0001608133316040039, 0, 0, 8, 5, 12, 1, 0, 1, 0, 3, 1, 5, 0, 0, 0, 4, 0, 1.0, 0, 0, 0, 0, 0, 0, -11.578248023986816, 0.8035993576049805, 3, -1], [1, 0, 1, 0.0, 1, 1, 3, 7, 9, 1, 0, 1, 1, 2, 3, 3, 0, 0, 0, 6, 1, 1.0, 0, 0, 1, 0, 0, 0, -85.51815795898438, 0.8968658447265625, 4, -1], [1, 0, 1, 0.0, 1, 1, 3, 7, 9, 1, 0, 1, 1, 2, 3, 3, 0, 0, 0, 6, 1, 1.0, 0, 0, 1, 0, 0, 0, -85.51815795898438, 0.8968658447265625, 4, -1], [1, 0, 1, 0.0, 1, 1, 3, 7, 9, 1, 0, 1, 1, 2, 3, 3, 0, 0, 0, 6, 1, 1.0, 0, 0, 1, 0, 0, 0, -85.51815795898438, 0.8968658447265625, 4, -1], [1, 0, 1, 0.0, 1, 1, 3, 7, 9, 1, 0, 1, 1, 2, 3, 3, 0, 0, 0, 6, 1, 1.0, 0, 0, 1, 0, 0, 0, -85.51815795898438, 0.8968658447265625, 4, -1], [1, 0, 0, 0.0, 0, 0, 3, 7, 9, 1, 0, 1, 0, 2, 4, 3, 0, 0, 0, 6, 0, 1.0, 0, 0, 0, 0, 0, 0, -53.946250915527344, 30.90435791015625, 4, -1], [1, 0, 0, 0.0, 0, 0, 3, 7, 9, 1, 0, 1, 0, 2, 4, 3, 0, 0, 0, 6, 0, 1.0, 0, 0, 0, 0, 0, 0, -53.946250915527344, 30.90435791015625, 4, -1], [0, 0, 0, 0.0, 0, 0, 8, 10, 17, 0, 0, 1, 0, 6, 2, 3, 0, 0, 0, 9, 0, 1.0, 0, 0, 0, 0, 0, 0, -31.039392471313477, 1.490224838256836, 3, -1], [0, 0, 0, 0.0, 0, 0, 8, 10, 17, 0, 0, 0, 0, 5, 3, 3, 0, 0, 0, 9, 0, 1.0, 0, 0, 0, 0, 0, 0, -38.008636474609375, 0.046169281005859375, 3, -1], [0, 0, 0, 0.08403536677360535, 0, 0, 8, 10, 17, 0, 0, 1, 0, 6, 3, 5, 0, 0, 0, 9, 0, 1.0, 0, 0, 0, 0, 0, 0, -20.771852493286133, 11.823492050170898, 3, -1], [0, 0, 0, 0.0, 0, 0, 8, 10, 17, 0, 0, 0, 0, 5, 3, 3, 0, 0, 0, 9, 0, 1.0, 0, 0, 0, 0, 0, 0, -38.02317428588867, 0.04419708251953125, 3, -1], [0, 0, 0, 0.0, 0, 0, 8, 10, 17, 0, 0, 0, 0, 5, 3, 3, 0, 0, 0, 9, 0, 1.0, 0, 0, 0, 0, 0, 0, -38.02317428588867, 0.04419708251953125, 3, -1], [0, 0, 0, 0.08403536677360535, 0, 0, 8, 10, 17, 0, 0, 1, 0, 6, 3, 5, 0, 0, 0, 9, 0, 1.0, 0, 0, 0, 0, 0, 0, -15.908143043518066, 18.46752166748047, 3, -1], [0, 0, 1, 0.0, 0, 0, 8, 10, 17, 0, 0, 1, 1, 6, 2, 3, 0, 0, 0, 9, 0, 1.0, 0, 0, 0, 0, 0, 0, -33.292728424072266, 0.16796875, 3, -1], [0, 0, 1, 0.0, 0, 0, 8, 10, 17, 0, 0, 1, 1, 6, 2, 3, 0, 0, 0, 9, 0, 1.0, 0, 0, 0, 0, 0, 0, -33.292728424072266, 0.16796875, 3, -1], [1, 0, 0, 0.0, 0, 0, 8, 10, 17, 0, 0, 0, 0, 5, 3, 5, 0, 0, 0, 9, 0, 1.0, 0, 0, 0, 0, 0, 0, -39.07585144042969, 0.10347747802734375, 3, -1], [1, 0, 1, 0.053270041942596436, 1, 0, 8, 5, 12, 1, 0, 1, 1, 2, 2, 6, 0, 0, 0, 4, 1, 1.0, 0, 0, 0, 0, 0, 0, -23.262372970581055, 35.712242126464844, 2, -1], [1, 0, 0, 0.0, 0, 0, 8, 5, 12, 0, 0, 0, 0, 1, 3, 8, 0, 0, 0, 4, 0, 1.0, 0, 0, 0, 0, 0, 0, -30.0573673248291, 0.0, 2, -1], [1, 0, 1, 0.053270041942596436, 1, 0, 8, 5, 12, 1, 0, 1, 1, 2, 2, 7, 0, 0, 0, 4, 1, 1.0, 0, 0, 0, 0, 0, 0, -22.112619400024414, 36.86199951171875, 2, -1], [1, 0, 1, 0.053270041942596436, 1, 0, 8, 5, 12, 1, 0, 1, 1, 2, 2, 7, 0, 0, 0, 4, 1, 1.0, 0, 0, 0, 0, 0, 0, -22.112619400024414, 36.86199951171875, 2, -1], [1, 0, 0, 0.0, 0, 0, 4, 4, 7, 0, 0, 0, 0, 1, 2, 4, 0, 0, 0, 3, 0, 1.0, 0, 0, 0, 1, 0, 0, -34.49803924560547, 0.0, 5, -1], [1, 0, 0, 1.1920928955078125e-07, 0, 0, 8, 4, 11, 1, 0, 1, 0, 2, 1, 7, 0, 0, 0, 3, 1, 1.0, 0, 0, 0, 0, 0, 0, -19.845441818237305, 3.704629898071289, 7, -1], [1, 0, 0, 1.1920928955078125e-07, 0, 0, 8, 4, 11, 1, 0, 1, 0, 2, 1, 7, 0, 0, 0, 3, 1, 1.0, 0, 0, 0, 0, 0, 0, -19.845441818237305, 3.704629898071289, 7, -1], [0, 0, 1, 0.0, 0, 0, 8, 5, 12, 0, 0, 1, 1, 3, 1, 4, 0, 0, 0, 4, 0, 1.0, 0, 0, 0, 0, 0, 0, -11.578248023986816, 0.8035993576049805, 3, -1], [0, 0, 1, 0.0, 0, 0, 8, 5, 12, 0, 0, 1, 1, 3, 1, 4, 0, 0, 0, 4, 0, 1.0, 0, 0, 0, 0, 0, 0, -11.578248023986816, 0.8035993576049805, 3, -1], [0, 0, 0, 0.10084819793701172, 0, 0, 8, 5, 12, 0, 0, 0, 0, 2, 2, 4, 0, 0, 0, 4, 0, 1.0, 0, 0, 0, 0, 0, 0, -19.8983154296875, 38.67588806152344, 3, -1], [0, 0, 0, 0.0, 0, 0, 2, 5, 6, 0, 0, 0, 0, 2, 2, 2, 0, 0, 0, 4, 0, 1.0, 0, 0, 0, 0, 0, 0, -19.8983154296875, 38.67588806152344, 3, -1], [1, 0, 0, 0.0, 0, 0, 8, 4, 11, 1, 0, 0, 0, 1, 2, 4, 0, 0, 0, 3, 0, 1.0, 0, 0, 0, 0, 0, 0, -34.49803924560547, 0.0, 2, -1], [1, 0, 0, 0.010708630084991455, 1, 0, 8, 4, 11, 1, 0, 1, 0, 2, 1, 2, 0, 0, 0, 3, 1, 1.0, 0, 0, 0, 0, 0, 0, -19.845441818237305, 3.704629898071289, 3, -1], [1, 0, 0, 0.010708630084991455, 1, 0, 8, 4, 11, 1, 0, 1, 0, 2, 1, 2, 0, 0, 0, 3, 1, 1.0, 0, 0, 0, 0, 0, 0, -19.845441818237305, 3.704629898071289, 3, -1], [0, 0, 0, 0.041052818298339844, 0, 0, 8, 5, 12, 1, 0, 1, 0, 3, 1, 5, 0, 0, 0, 4, 0, 1.0, 0, 0, 0, 0, 0, 0, -26.295177459716797, 0.6321353912353516, 3, -1], [1, 0, 0, 0.0, 0, 0, 8, 5, 12, 0, 0, 0, 0, 2, 2, 8, 0, 0, 0, 4, 0, 1.0, 0, 0, 0, 0, 0, 0, -37.938758850097656, 23.82375717163086, 5, -1], [1, 0, 0, 0.0, 0, 0, 8, 5, 12, 0, 0, 0, 0, 2, 2, 8, 0, 0, 0, 4, 0, 1.0, 0, 0, 0, 0, 0, 0, -37.938758850097656, 23.82375717163086, 5, -1], [0, 0, 1, 0.041052818298339844, 0, 0, 8, 5, 12, 1, 0, 1, 1, 3, 1, 5, 0, 0, 0, 4, 0, 0.75, 0, 0, 0, 0, 0, 0, -25.922439575195312, 3.055278778076172, 1, -1], [1, 0, 0, 0.14250212907791138, 0, 0, 8, 4, 11, 0, 0, 0, 0, 1, 2, 7, 0, 0, 0, 3, 0, 1.0, 0, 0, 0, 1, 0, 0, -34.49803924560547, 0.0, 6, -1], [1, 0, 0, 0.03533673286437988, 0, 0, 8, 4, 11, 1, 0, 1, 0, 2, 1, 5, 0, 0, 0, 3, 0, 1.0, 0, 0, 0, 0, 0, 0, -19.845441818237305, 3.704629898071289, 2, -1], [1, 0, 0, 0.03533673286437988, 0, 0, 8, 4, 11, 1, 0, 1, 0, 2, 1, 5, 0, 0, 0, 3, 0, 1.0, 0, 0, 0, 0, 0, 0, -19.845441818237305, 3.704629898071289, 2, -1], [1, 0, 0, 0.0, 0, 0, 8, 7, 14, 1, 0, 0, 0, 1, 5, 4, 0, 0, 0, 6, 0, 1.0, 0, 0, 0, 0, 0, 0, -47.83898162841797, 0.0, 3, -1], [1, 0, 1, 0.0, 1, 0, 8, 7, 14, 1, 0, 1, 1, 2, 4, 4, 0, 0, 0, 6, 0, 1.0, 0, 0, 0, 0, 0, 0, -52.90132522583008, 28.436626434326172, 3, -1], [1, 0, 1, 0.0, 1, 0, 8, 7, 14, 1, 0, 1, 1, 2, 4, 4, 0, 0, 0, 6, 0, 1.0, 0, 0, 0, 0, 0, 0, -52.90132522583008, 28.436626434326172, 3, -1], [1, 0, 1, 0.0, 1, 0, 8, 7, 14, 1, 0, 1, 1, 2, 4, 4, 0, 0, 0, 6, 0, 1.0, 0, 0, 0, 0, 0, 0, -52.90132522583008, 28.436626434326172, 3, -1], [1, 0, 1, 0.0, 1, 0, 8, 7, 14, 1, 1, 1, 1, 2, 4, 4, 0, 0, 0, 6, 0, 1.0, 0, 0, 0, 0, 0, 0, -52.90132522583008, 28.436626434326172, 3, -1], [1, 0, 1, 0.0, 1, 0, 8, 7, 14, 1, 0, 1, 1, 2, 4, 4, 0, 0, 0, 6, 0, 1.0, 0, 0, 0, 0, 0, 0, -52.90132522583008, 28.436626434326172, 3, -1], [1, 0, 0, 0.09624373912811279, 0, 0, 8, 4, 11, 1, 0, 1, 0, 2, 1, 5, 0, 0, 0, 3, 0, 1.0, 0, 0, 0, 0, 0, 0, -19.845441818237305, 3.704629898071289, 2, -1], [1, 0, 0, 0.0, 0, 0, 8, 4, 11, 1, 0, 0, 0, 1, 2, 6, 0, 0, 0, 3, 0, 1.0, 0, 0, 0, 0, 0, 0, -34.49803924560547, 0.0, 2, -1], [1, 0, 1, 0.09624373912811279, 0, 0, 8, 4, 11, 1, 0, 1, 1, 2, 1, 5, 0, 0, 0, 3, 0, 1.0, 0, 0, 0, 0, 0, 0, -19.845441818237305, 3.704629898071289, 2, -1], [1, 0, 1, 0.3179066777229309, 1, 0, 8, 4, 11, 1, 1, 1, 1, 2, 1, 5, 0, 0, 0, 3, 1, 1.0, 0, 0, 0, 0, 0, 0, -19.845441818237305, 3.704629898071289, 3, -1], [1, 0, 1, 0.3179066777229309, 1, 0, 8, 4, 11, 1, 0, 1, 1, 2, 1, 5, 0, 0, 0, 3, 1, 1.0, 0, 0, 0, 0, 0, 0, -19.845441818237305, 3.704629898071289, 3, -1], [0, 0, 0, 0.0, 0, 0, 8, 4, 11, 0, 0, 0, 0, 1, 2, 4, 0, 0, 0, 3, 0, 1.0, 0, 0, 0, 0, 0, 0, -34.49803924560547, 0.0, 2, -1], [1, 0, 0, 0.0, 0, 0, 8, 6, 13, 0, 0, 0, 0, 3, 2, 6, 0, 0, 0, 5, 0, 1.0, 0, 0, 0, 1, 0, 0, -42.01571273803711, 21.870258331298828, 2, -1], [1, 0, 0, 0.0, 0, 0, 8, 6, 13, 0, 0, 0, 0, 3, 2, 5, 0, 0, 0, 5, 0, 1.0, 0, 0, 0, 1, 0, 0, -42.01571273803711, 21.870258331298828, 2, -1], [1, 0, 0, 0.13144689798355103, 0, 1, 8, 6, 13, 1, 0, 1, 0, 4, 1, 6, 0, 0, 0, 5, 1, 1.0, 0, 0, 1, 0, 0, 0, -26.756223678588867, 0.0, 4, -1], [1, 0, 0, 0.13144689798355103, 0, 1, 8, 6, 13, 1, 0, 1, 0, 4, 1, 6, 0, 0, 0, 5, 1, 1.0, 0, 0, 1, 0, 0, 0, -26.756223678588867, 0.0, 4, -1], [1, 0, 0, 0.0, 0, 0, 8, 6, 13, 0, 0, 0, 0, 3, 2, 5, 0, 0, 0, 5, 0, 1.0, 0, 0, 0, 1, 0, 0, -43.89469909667969, 21.900924682617188, 2, -1], [1, 0, 0, 0.0, 0, 0, 8, 7, 14, 0, 0, 0, 0, 4, 2, 2, 0, 0, 0, 6, 0, 1.0, 0, 0, 0, 1, 0, 0, -43.424644470214844, 15.18850326538086, 3, -1], [1, 0, 0, 0.14247477054595947, 0, 0, 8, 7, 14, 0, 0, 0, 0, 4, 2, 2, 0, 0, 0, 6, 0, 1.0, 0, 0, 0, 1, 0, 0, -43.424644470214844, 15.18850326538086, 5, -1], [1, 0, 0, 0.019452154636383057, 0, 0, 8, 7, 14, 0, 0, 0, 0, 4, 2, 2, 0, 0, 0, 6, 0, 1.0, 0, 0, 0, 1, 0, 0, -43.424644470214844, 15.18850326538086, 4, -1], [1, 0, 0, 0.012716233730316162, 0, 1, 8, 7, 14, 1, 0, 1, 0, 5, 1, 2, 0, 0, 0, 6, 1, 1.0, 0, 0, 1, 0, 0, 0, -27.35063362121582, 0.0, 2, -1], [1, 0, 0, 0.012716233730316162, 0, 1, 8, 7, 14, 1, 0, 1, 0, 5, 1, 2, 0, 0, 0, 6, 1, 1.0, 0, 0, 1, 0, 0, 0, -27.35063362121582, 0.0, 2, -1], [1, 0, 0, 0.12786459922790527, 0, 0, 8, 7, 14, 0, 0, 0, 0, 4, 2, 2, 0, 0, 0, 6, 0, 1.0, 0, 0, 0, 1, 0, 0, -44.73380661010742, 18.318553924560547, 5, -1], [1, 0, 0, 0.0, 0, 0, 8, 4, 11, 1, 0, 0, 0, 1, 2, 5, 0, 0, 0, 3, 0, 1.0, 0, 0, 0, 0, 0, 0, -34.49803924560547, 0.0, 5, -1], [1, 0, 0, 0.02979964017868042, 1, 0, 8, 4, 11, 1, 0, 1, 0, 2, 1, 3, 0, 0, 0, 3, 0, 1.0, 0, 0, 0, 0, 0, 0, -19.845441818237305, 3.704629898071289, 3, -1], [1, 0, 0, 0.02979964017868042, 1, 0, 8, 4, 11, 1, 0, 1, 0, 2, 1, 3, 0, 0, 0, 3, 0, 1.0, 0, 0, 0, 0, 0, 0, -19.845441818237305, 3.704629898071289, 3, -1], [1, 0, 0, 0.08916491270065308, 0, 0, 8, 4, 11, 1, 0, 1, 0, 2, 1, 4, 0, 0, 0, 3, 0, 1.0, 0, 0, 0, 0, 0, 0, -18.772525787353516, 23.185039520263672, 3, -1], [1, 0, 0, 0.0, 0, 0, 8, 4, 11, 1, 0, 0, 0, 1, 2, 5, 0, 0, 0, 3, 0, 1.0, 0, 0, 0, 0, 0, 0, -34.463775634765625, 0.0, 4, -1], [1, 0, 1, 0.08916491270065308, 0, 0, 8, 4, 11, 1, 0, 1, 1, 2, 1, 4, 0, 0, 0, 3, 0, 1.0, 0, 0, 0, 0, 0, 0, -37.66983413696289, 3.319000244140625, 3, -1], [1, 0, 1, 0.0, 1, 0, 5, 5, 9, 1, 0, 1, 1, 2, 2, 4, 0, 0, 0, 4, 1, 1.0, 0, 0, 0, 0, 0, 0, -20.326387405395508, 38.648231506347656, 4, -1], [1, 0, 1, 0.0, 1, 0, 5, 5, 9, 1, 0, 1, 1, 2, 2, 4, 0, 0, 0, 4, 1, 1.0, 0, 0, 0, 0, 0, 0, -20.326387405395508, 38.648231506347656, 4, -1], [1, 0, 1, 0.0, 1, 0, 5, 5, 9, 1, 0, 1, 1, 2, 2, 4, 0, 0, 0, 4, 1, 1.0, 0, 0, 0, 0, 0, 0, -20.326387405395508, 38.648231506347656, 4, -1], [1, 0, 0, 0.0, 0, 0, 5, 5, 9, 0, 0, 0, 0, 1, 3, 4, 0, 0, 0, 4, 0, 1.0, 0, 0, 0, 1, 0, 0, -30.0573673248291, 0.0, 4, -1], [0, 0, 1, 0.0, 0, 0, 8, 5, 12, 0, 0, 1, 1, 3, 1, 7, 0, 0, 0, 4, 0, 1.0, 0, 0, 0, 0, 0, 0, -11.578248023986816, 0.8035993576049805, 2, -1], [0, 0, 1, 0.0, 0, 0, 8, 5, 12, 0, 0, 1, 1, 3, 1, 7, 0, 0, 0, 4, 0, 1.0, 0, 0, 0, 0, 0, 0, -11.578248023986816, 0.8035993576049805, 2, -1], [1, 0, 0, 0.0, 0, 0, 8, 5, 12, 0, 0, 0, 0, 2, 2, 5, 0, 0, 0, 4, 0, 1.0, 0, 0, 0, 1, 0, 0, -19.8983154296875, 38.67588806152344, 5, -1], [1, 0, 0, 0.0, 0, 0, 8, 5, 12, 0, 0, 0, 0, 2, 2, 6, 0, 0, 0, 4, 0, 1.0, 0, 0, 0, 1, 0, 0, -19.8983154296875, 38.67588806152344, 6, -1], [1, 0, 1, 1.1920928955078125e-07, 0, 0, 5, 4, 8, 1, 0, 1, 1, 2, 1, 5, 0, 0, 0, 3, 0, 1.0, 0, 0, 0, 0, 0, 0, -19.845441818237305, 3.704629898071289, 6, -1], [1, 0, 1, 1.1920928955078125e-07, 0, 0, 5, 4, 8, 1, 0, 1, 1, 2, 1, 5, 0, 0, 0, 3, 0, 1.0, 0, 0, 0, 0, 0, 0, -19.845441818237305, 3.704629898071289, 6, -1], [1, 0, 0, 0.0, 0, 0, 5, 4, 8, 0, 0, 0, 0, 1, 2, 5, 0, 0, 0, 3, 0, 1.0, 0, 0, 0, 1, 0, 0, -34.49803924560547, 0.0, 6, -1], [1, 0, 0, 0.0, 1, 0, 4, 4, 7, 1, 0, 1, 0, 2, 1, 3, 0, 0, 0, 3, 1, 1.0, 0, 0, 0, 0, 0, 0, -19.845441818237305, 3.704629898071289, 2, -1], [1, 0, 0, 0.0, 0, 0, 4, 4, 7, 0, 0, 0, 0, 1, 2, 3, 0, 0, 0, 3, 0, 1.0, 0, 0, 0, 1, 0, 0, -34.49803924560547, 0.0, 3, -1], [1, 0, 1, 0.0, 1, 0, 4, 4, 7, 1, 0, 1, 1, 2, 1, 3, 0, 0, 0, 3, 1, 1.0, 0, 0, 0, 0, 0, 0, -19.845441818237305, 3.704629898071289, 2, -1], [1, 0, 0, 0.20839828252792358, 0, 0, 8, 6, 13, 0, 0, 0, 0, 3, 2, 6, 0, 0, 0, 5, 0, 1.0, 0, 0, 0, 1, 0, 0, -14.050668716430664, 19.81463050842285, 4, -1], [0, 0, 0, 0.0, 0, 0, 8, 6, 13, 1, 0, 1, 0, 4, 1, 6, 0, 0, 0, 5, 0, 1.0, 0, 0, 0, 0, 0, 0, -6.113680362701416, 0.5281991958618164, 4, -1], [0, 0, 0, 0.0, 0, 0, 8, 6, 13, 1, 0, 1, 0, 4, 1, 6, 0, 0, 0, 5, 0, 1.0, 0, 0, 0, 0, 0, 0, -6.113680362701416, 0.5281991958618164, 4, -1], [1, 0, 0, 0.19343480467796326, 0, 0, 8, 6, 13, 0, 0, 0, 0, 3, 2, 6, 0, 0, 0, 5, 0, 1.0, 0, 0, 0, 1, 0, 0, -14.61033821105957, 19.254961013793945, 5, -1], [1, 0, 0, 0.19417884945869446, 0, 0, 8, 6, 13, 0, 0, 0, 0, 3, 2, 5, 0, 0, 0, 5, 0, 1.0, 0, 0, 0, 1, 0, 0, -14.61033821105957, 19.254961013793945, 4, -1], [0, 0, 1, 0.0, 0, 0, 8, 4, 11, 1, 0, 1, 1, 2, 1, 8, 0, 0, 0, 3, 0, 1.0, 0, 0, 0, 0, 0, 0, -19.845441818237305, 3.704629898071289, 2, -1], [0, 0, 1, 0.0, 0, 0, 8, 4, 11, 1, 0, 1, 1, 2, 1, 8, 0, 0, 0, 3, 0, 1.0, 0, 0, 0, 0, 0, 0, -19.845441818237305, 3.704629898071289, 2, -1], [0, 0, 0, 0.0, 0, 0, 8, 4, 11, 0, 0, 0, 0, 1, 2, 8, 0, 0, 0, 3, 0, 1.0, 0, 0, 0, 0, 0, 0, -34.49803924560547, 0.0, 2, -1], [1, 0, 1, 0.0036663413047790527, 1, 0, 8, 7, 14, 1, 0, 1, 1, 4, 2, 5, 0, 0, 0, 6, 1, 1.0, 0, 0, 0, 0, 0, 0, -10.603194236755371, 15.661843299865723, 3, -1], [1, 0, 1, 0.0036663413047790527, 1, 0, 8, 7, 14, 1, 0, 1, 1, 4, 2, 5, 0, 0, 0, 6, 1, 1.0, 0, 0, 0, 0, 0, 0, -10.603194236755371, 15.661843299865723, 3, -1], [1, 0, 0, 0.0, 0, 0, 8, 7, 14, 1, 0, 0, 0, 3, 3, 7, 0, 0, 0, 6, 0, 1.0, 0, 0, 0, 0, 0, 0, -15.593421936035156, 19.231781005859375, 2, -1], [1, 0, 0, 0.011239349842071533, 0, 0, 8, 7, 14, 0, 0, 0, 0, 3, 3, 6, 0, 0, 0, 6, 0, 1.0, 0, 0, 0, 1, 0, 0, -15.593421936035156, 19.231781005859375, 3, -1], [1, 0, 1, 0.0036663413047790527, 1, 0, 8, 7, 14, 1, 0, 1, 1, 4, 2, 5, 0, 0, 0, 6, 1, 1.0, 0, 0, 0, 0, 0, 0, -9.849433898925781, 16.041231155395508, 3, -1], [1, 0, 0, 0.012206315994262695, 0, 0, 8, 7, 14, 0, 0, 0, 0, 3, 3, 4, 0, 0, 0, 6, 0, 1.0, 0, 0, 0, 1, 0, 0, -16.464258193969727, 19.182416915893555, 3, -1], [1, 0, 0, 0.2447461485862732, 0, 0, 8, 5, 12, 0, 0, 0, 0, 2, 2, 5, 0, 0, 0, 4, 0, 1.0, 0, 0, 0, 1, 0, 0, -19.225971221923828, 39.15105438232422, 4, -1], [1, 0, 0, 0.04632800817489624, 1, 0, 8, 5, 12, 1, 0, 1, 0, 3, 1, 5, 0, 0, 0, 4, 0, 1.0, 0, 0, 0, 0, 0, 0, -10.945247650146484, 0.8263263702392578, 5, -1], [1, 0, 0, 0.04632800817489624, 1, 0, 8, 5, 12, 1, 0, 1, 0, 3, 1, 5, 0, 0, 0, 4, 0, 1.0, 0, 0, 0, 0, 0, 0, -10.945247650146484, 0.8263263702392578, 5, -1], [1, 0, 0, 0.2470114827156067, 0, 0, 8, 5, 12, 0, 0, 0, 0, 2, 2, 7, 0, 0, 0, 4, 0, 1.0, 0, 0, 0, 1, 0, 0, -24.401765823364258, 34.48112487792969, 1, -1], [1, 0, 0, 0.0, 1, 0, 8, 4, 11, 1, 0, 1, 0, 2, 1, 6, 0, 0, 0, 3, 0, 1.0, 0, 0, 0, 0, 0, 0, -19.845441818237305, 3.704629898071289, 3, -1], [1, 0, 0, 0.0, 0, 0, 8, 4, 11, 0, 0, 0, 0, 1, 2, 6, 0, 0, 0, 3, 0, 1.0, 0, 0, 0, 1, 0, 0, -34.49803924560547, 0.0, 5, -1], [1, 0, 1, 0.0, 1, 0, 8, 4, 11, 1, 0, 1, 1, 2, 1, 5, 0, 0, 0, 3, 1, 1.0, 0, 0, 0, 0, 0, 0, -19.845441818237305, 3.704629898071289, 4, -1], [1, 0, 0, 0.0, 0, 0, 5, 5, 9, 0, 0, 0, 0, 2, 2, 3, 0, 0, 0, 4, 0, 1.0, 0, 0, 0, 1, 0, 0, -22.82963752746582, 35.74456787109375, 4, -1], [1, 0, 0, 0.0, 0, 0, 8, 5, 12, 0, 0, 0, 0, 2, 2, 5, 0, 0, 0, 4, 0, 1.0, 0, 0, 0, 1, 0, 0, -22.82963752746582, 35.74456787109375, 4, -1], [1, 0, 0, 0.0, 1, 0, 8, 5, 12, 1, 0, 1, 0, 3, 1, 5, 0, 0, 0, 4, 0, 1.0, 0, 0, 0, 0, 0, 0, -11.578248023986816, 0.8035993576049805, 4, -1], [1, 0, 0, 0.0, 1, 0, 8, 5, 12, 1, 0, 1, 0, 3, 1, 5, 0, 0, 0, 4, 0, 1.0, 0, 0, 0, 0, 0, 0, -11.578248023986816, 0.8035993576049805, 4, -1], [1, 0, 0, 2.980232238769531e-07, 0, 0, 8, 4, 11, 1, 0, 1, 0, 2, 1, 6, 0, 0, 0, 3, 1, 1.0, 0, 0, 0, 0, 0, 0, -19.845441818237305, 3.704629898071289, 3, -1], [1, 0, 0, 0.0, 0, 0, 6, 4, 9, 0, 0, 0, 0, 1, 2, 6, 0, 0, 0, 3, 0, 1.0, 0, 0, 0, 1, 0, 0, -34.49803924560547, 0.0, 5, -1], [1, 0, 1, 2.980232238769531e-07, 0, 0, 8, 4, 11, 1, 0, 1, 1, 2, 1, 6, 0, 0, 0, 3, 1, 1.0, 0, 0, 0, 0, 0, 0, -19.845441818237305, 3.704629898071289, 3, -1], [1, 0, 0, 0.011365294456481934, 0, 0, 8, 7, 14, 0, 0, 0, 0, 2, 3, 6, 0, 0, 0, 6, 0, 1.0, 0, 0, 0, 1, 0, 0, -82.07718658447266, 3.4427261352539062, 2, -1], [1, 0, 1, 0.0, 0, 0, 8, 7, 14, 1, 0, 1, 0, 3, 2, 6, 0, 0, 0, 6, 0, 1.0, 0, 0, 0, 0, 0, 0, -68.13886260986328, 2.39434814453125, 2, -1], [1, 0, 0, 0.034283578395843506, 0, 0, 8, 7, 14, 1, 0, 1, 0, 3, 3, 6, 0, 0, 0, 6, 0, 1.0, 0, 0, 0, 0, 0, 0, -44.964290618896484, 20.108844757080078, 2, -1], [1, 0, 1, 0.0, 0, 0, 8, 7, 14, 1, 0, 1, 1, 3, 2, 6, 0, 0, 0, 6, 0, 1.0, 0, 0, 0, 0, 0, 0, -68.05921173095703, 2.5883636474609375, 2, -1], [1, 0, 1, 0.0, 0, 0, 8, 7, 14, 1, 0, 1, 1, 3, 2, 6, 0, 0, 0, 6, 0, 1.0, 0, 0, 0, 0, 0, 0, -68.05921173095703, 2.5883636474609375, 2, -1], [1, 0, 0, 0.034283578395843506, 0, 0, 8, 7, 14, 1, 0, 1, 0, 3, 3, 6, 0, 0, 0, 6, 0, 1.0, 0, 0, 0, 0, 0, 0, -47.69087600708008, 19.617725372314453, 2, -1], [1, 0, 0, 0.0, 0, 0, 8, 4, 11, 1, 0, 0, 0, 1, 2, 6, 0, 0, 0, 3, 0, 1.0, 0, 0, 0, 0, 0, 0, -34.49803924560547, 0.0, 2, -1], [1, 0, 0, 0.0, 0, 0, 8, 4, 11, 1, 0, 1, 0, 2, 1, 6, 0, 0, 0, 3, 0, 1.0, 0, 0, 0, 0, 0, 0, -19.845441818237305, 3.704629898071289, 2, -1], [1, 0, 0, 0.0, 0, 0, 8, 4, 11, 1, 0, 1, 0, 2, 1, 6, 0, 0, 0, 3, 0, 1.0, 0, 0, 0, 0, 0, 0, -19.845441818237305, 3.704629898071289, 2, -1], [1, 0, 0, 0.0, 0, 0, 5, 4, 8, 0, 0, 0, 0, 1, 2, 4, 0, 0, 0, 3, 0, 1.0, 0, 0, 0, 1, 0, 0, -34.49803924560547, 0.0, 6, -1], [1, 0, 0, 0.0, 1, 0, 8, 4, 11, 1, 0, 1, 0, 2, 1, 7, 0, 0, 0, 3, 0, 1.0, 0, 0, 0, 0, 0, 0, -19.845441818237305, 3.704629898071289, 3, -1], [1, 0, 0, 0.0, 1, 0, 8, 4, 11, 1, 0, 1, 0, 2, 1, 7, 0, 0, 0, 3, 0, 1.0, 0, 0, 0, 0, 0, 0, -19.845441818237305, 3.704629898071289, 3, -1], [1, 0, 1, 0.08946162462234497, 1, 0, 8, 6, 13, 1, 0, 1, 1, 3, 2, 7, 0, 0, 0, 5, 1, 1.0, 0, 0, 0, 0, 0, 0, -49.58124923706055, 20.435832977294922, 3, -1], [1, 0, 1, 0.08946162462234497, 1, 0, 8, 6, 13, 1, 0, 1, 1, 3, 2, 7, 0, 0, 0, 5, 1, 1.0, 0, 0, 0, 0, 0, 0, -49.58124923706055, 20.435832977294922, 3, -1], [1, 0, 1, 0.08946162462234497, 1, 0, 8, 6, 13, 1, 0, 1, 1, 3, 2, 7, 0, 0, 0, 5, 1, 1.0, 0, 0, 0, 0, 0, 0, -49.58124923706055, 20.435832977294922, 3, -1], [1, 0, 0, 0.04068368673324585, 0, 0, 8, 6, 13, 0, 0, 0, 0, 2, 3, 7, 0, 0, 0, 5, 0, 1.0, 0, 0, 0, 0, 0, 0, -54.023948669433594, 36.078704833984375, 3, -1], [1, 0, 0, 0.0, 0, 0, 8, 6, 13, 1, 0, 0, 0, 2, 3, 8, 0, 0, 0, 5, 0, 1.0, 0, 0, 0, 0, 0, 0, -54.023948669433594, 36.078704833984375, 4, -1], [1, 0, 1, 0.31223464012145996, 1, 0, 8, 4, 11, 1, 0, 1, 1, 2, 1, 7, 0, 0, 0, 3, 0, 1.0, 0, 0, 0, 0, 0, 0, -19.845441818237305, 3.704629898071289, 3, -1], [1, 0, 1, 0.31223464012145996, 1, 0, 8, 4, 11, 1, 0, 1, 1, 2, 1, 7, 0, 0, 0, 3, 0, 1.0, 0, 0, 0, 0, 0, 0, -19.845441818237305, 3.704629898071289, 3, -1], [1, 0, 0, 0.0, 0, 0, 8, 4, 11, 0, 0, 0, 0, 1, 2, 8, 0, 0, 0, 3, 0, 1.0, 0, 0, 0, 0, 0, 0, -34.49803924560547, 0.0, 2, -1], [0, 0, 0, 0.0, 0, 0, 8, 4, 11, 0, 0, 0, 0, 1, 2, 5, 0, 0, 0, 3, 0, 1.0, 0, 0, 0, 0, 0, 0, -34.49803924560547, 0.0, 2, -1], [1, 0, 0, 0.0, 0, 0, 8, 4, 11, 1, 1, 1, 0, 2, 1, 7, 0, 0, 0, 3, 1, 1.0, 0, 0, 0, 0, 0, 0, -19.845441818237305, 3.704629898071289, 3, -1], [1, 0, 0, 0.0, 0, 0, 8, 4, 11, 1, 1, 1, 0, 2, 1, 7, 0, 0, 0, 3, 1, 1.0, 0, 0, 0, 0, 0, 0, -19.845441818237305, 3.704629898071289, 3, -1], [1, 0, 0, 0.0, 1, 0, 8, 4, 11, 1, 0, 1, 0, 2, 1, 4, 0, 0, 0, 3, 1, 1.0, 0, 0, 0, 0, 0, 0, -19.845441818237305, 3.704629898071289, 3, -1], [1, 0, 0, 0.0, 0, 0, 4, 4, 7, 0, 0, 0, 0, 1, 2, 4, 0, 0, 0, 3, 0, 1.0, 0, 0, 0, 1, 0, 0, -34.49803924560547, 0.0, 2, -1], [1, 0, 1, 0.0, 1, 0, 8, 4, 11, 1, 1, 1, 1, 2, 1, 5, 0, 0, 0, 3, 1, 1.0, 0, 0, 0, 0, 0, 0, -19.845441818237305, 3.704629898071289, 3, -1], [0, 0, 0, 0.0, 0, 0, 8, 3, 10, 0, 0, 0, 0, 1, 1, 5, 0, 0, 0, 2, 0, 1.0, 0, 0, 0, 0, 0, 0, -44.53443908691406, 0.0, 2, -1], [0, 0, 0, 0.017779767513275146, 0, 0, 8, 3, 10, 0, 0, 0, 0, 1, 1, 3, 0, 0, 0, 2, 0, 1.0, 0, 0, 0, 0, 0, 0, -44.53443908691406, 0.0, 1, -1], [1, 0, 0, 0.0, 0, 0, 8, 4, 11, 1, 1, 0, 0, 2, 1, 7, 0, 0, 0, 3, 0, 1.0, 0, 0, 0, 0, 0, 0, -19.418567657470703, 3.698282241821289, 5, -1], [1, 0, 0, 0.0, 0, 0, 8, 4, 11, 0, 0, 0, 0, 2, 1, 6, 0, 0, 0, 3, 0, 1.0, 0, 0, 0, 1, 0, 0, -19.418567657470703, 3.698282241821289, 2, -1], [1, 0, 0, 0.007525324821472168, 0, 0, 8, 4, 11, 0, 0, 0, 0, 2, 1, 4, 0, 0, 0, 3, 0, 1.0, 0, 0, 0, 1, 0, 0, -19.418567657470703, 3.698282241821289, 2, -1], [1, 0, 0, 0.3080531358718872, 0, 0, 8, 4, 11, 0, 0, 0, 0, 2, 1, 7, 0, 0, 0, 3, 0, 1.0, 0, 0, 0, 0, 0, 0, -19.418567657470703, 3.698282241821289, 4, -1], [0, 0, 0, 0.19482803344726562, 0, 0, 8, 4, 11, 0, 0, 0, 0, 2, 1, 7, 0, 0, 0, 3, 0, 1.0, 0, 0, 0, 0, 0, 0, -19.418567657470703, 3.698282241821289, 4, -1], [1, 0, 0, 0.0, 0, 0, 8, 4, 11, 0, 0, 0, 0, 2, 1, 8, 0, 0, 0, 3, 0, 1.0, 0, 0, 0, 0, 0, 0, -19.418567657470703, 3.698282241821289, 3, -1], [1, 0, 0, 0.35179948806762695, 0, 0, 6, 7, 12, 1, 0, 1, 0, 4, 2, 6, 0, 0, 0, 6, 1, 1.0, 0, 0, 0, 0, 0, 0, -42.7755126953125, 15.75692367553711, 3, -1], [0, 0, 0, 0.0, 0, 0, 5, 7, 11, 1, 0, 1, 0, 4, 2, 5, 0, 0, 0, 6, 0, 1.0, 0, 0, 0, 0, 0, 0, -44.37530517578125, 18.30364227294922, 2, -1], [0, 0, 0, 0.0, 0, 0, 5, 7, 11, 1, 0, 1, 0, 4, 2, 5, 0, 0, 0, 6, 0, 1.0, 0, 0, 0, 0, 0, 0, -44.37530517578125, 18.30364227294922, 2, -1], [0, 0, 0, 0.0, 0, 0, 5, 7, 11, 0, 0, 0, 0, 3, 2, 5, 0, 0, 0, 6, 0, 1.0, 0, 0, 0, 0, 0, 0, -67.74177551269531, 2.8798141479492188, 2, -1], [0, 0, 0, 0.0015894770622253418, 0, 0, 6, 7, 12, 0, 0, 0, 0, 3, 2, 6, 0, 0, 0, 6, 0, 1.0, 0, 0, 0, 0, 0, 0, -67.74177551269531, 2.8798141479492188, 2, -1], [1, 0, 0, 0.35179948806762695, 0, 0, 6, 7, 12, 1, 0, 1, 0, 4, 2, 6, 0, 0, 0, 6, 1, 1.0, 0, 0, 0, 0, 0, 0, -42.996726989746094, 15.298103332519531, 3, -1], [1, 0, 0, 0.0, 0, 0, 8, 3, 10, 0, 0, 0, 0, 1, 1, 5, 0, 0, 0, 2, 0, 1.0, 0, 0, 0, 1, 0, 0, -44.53443908691406, 0.0, 2, -1], [1, 0, 0, 0.0, 0, 0, 8, 3, 10, 1, 0, 0, 0, 1, 1, 4, 0, 0, 0, 2, 0, 1.0, 0, 0, 0, 0, 0, 0, -44.53443908691406, 0.0, 2, -1], [0, 0, 0, 0.0, 0, 0, 5, 4, 8, 1, 0, 0, 0, 2, 1, 4, 0, 0, 0, 3, 0, 1.0, 0, 0, 0, 0, 0, 0, -19.418567657470703, 3.698282241821289, 4, -1], [1, 0, 0, 0.0, 0, 0, 8, 4, 11, 0, 0, 0, 0, 2, 1, 6, 0, 0, 0, 3, 0, 1.0, 0, 0, 0, 1, 0, 0, -19.418567657470703, 3.698282241821289, 6, -1], [1, 0, 0, 0.08980739116668701, 0, 0, 6, 4, 9, 0, 0, 0, 0, 2, 1, 4, 0, 0, 0, 3, 0, 1.0, 0, 0, 0, 1, 0, 0, -19.418567657470703, 3.698282241821289, 6, -1], [1, 0, 0, 0.0, 0, 0, 8, 3, 10, 0, 0, 0, 0, 1, 1, 5, 0, 0, 0, 2, 0, 1.0, 0, 0, 0, 1, 0, 0, -44.53443908691406, 0.0, 3, -1], [0, 0, 0, 0.0, 0, 0, 1, 3, 3, 0, 0, 0, 0, 1, 1, 1, 0, 0, 0, 2, 0, 1.0, 0, 0, 0, 0, 0, 0, -44.53443908691406, 0.0, 3, -1], [1, 0, 0, 1.7881393432617188e-07, 0, 0, 8, 4, 11, 1, 0, 0, 0, 2, 1, 6, 0, 0, 0, 3, 0, 1.0, 0, 0, 0, 0, 0, 0, -19.418567657470703, 3.698282241821289, 4, -1], [1, 0, 0, 0.0, 0, 0, 8, 4, 11, 1, 0, 0, 0, 2, 1, 4, 0, 0, 0, 3, 0, 1.0, 0, 0, 0, 0, 0, 0, -19.418567657470703, 3.698282241821289, 2, -1], [0, 0, 0, 0.0, 0, 0, 8, 4, 11, 0, 0, 0, 0, 2, 1, 4, 0, 0, 0, 3, 0, 1.0, 0, 0, 0, 0, 0, 0, -19.418567657470703, 3.698282241821289, 2, -1], [0, 0, 0, 0.0777546763420105, 0, 0, 8, 3, 10, 0, 0, 0, 0, 1, 1, 4, 0, 0, 0, 2, 0, 1.0, 0, 0, 0, 0, 0, 0, -44.53443908691406, 0.0, 4, -1], [0, 0, 0, 0.0, 0, 0, 8, 3, 10, 0, 0, 0, 0, 1, 1, 5, 0, 0, 0, 2, 0, 1.0, 0, 0, 0, 0, 0, 0, -44.53443908691406, 0.0, 5, -1], [0, 0, 0, 0.24445688724517822, 0, 0, 8, 3, 10, 0, 0, 0, 0, 1, 1, 5, 0, 0, 0, 2, 0, 1.0, 0, 0, 0, 0, 0, 0, -44.53443908691406, 0.0, 3, -1], [0, 0, 0, 0.0, 0, 0, 7, 3, 9, 0, 0, 0, 0, 1, 1, 6, 0, 0, 0, 2, 0, 1.0, 0, 0, 0, 0, 0, 0, -44.53443908691406, 0.0, 3, -1], [0, 0, 0, 0.0, 0, 0, 8, 3, 10, 0, 0, 0, 0, 1, 1, 5, 0, 0, 0, 2, 0, 1.0, 0, 0, 0, 0, 0, 0, -44.53443908691406, 0.0, 4, -1], [1, 0, 0, 0.305370569229126, 0, 0, 8, 3, 10, 0, 0, 0, 0, 1, 1, 5, 0, 0, 0, 2, 0, 1.0, 0, 0, 0, 0, 0, 0, -44.53443908691406, 0.0, 3, -1], [1, 0, 1, 0.0, 1, 1, 8, 3, 10, 1, 0, 0, 0, 1, 1, 4, 0, 0, 0, 2, 0, 1.0, 0, 0, 1, 0, 0, 0, -23.55006980895996, 10.947969436645508, 3, -1], [1, 0, 0, 0.2873901128768921, 0, 0, 8, 3, 10, 1, 0, 0, 0, 1, 1, 4, 0, 0, 0, 2, 0, 1.0, 0, 0, 0, 0, 0, 0, -44.53443908691406, 0.0, 6, -1], [0, 0, 0, 0.0, 0, 0, 8, 3, 10, 0, 0, 0, 0, 1, 1, 7, 0, 0, 0, 2, 0, 1.0, 0, 0, 0, 0, 0, 0, -44.53443908691406, 0.0, 3, -1], [0, 0, 0, 0.0, 0, 0, 6, 3, 8, 0, 0, 0, 0, 1, 1, 6, 0, 0, 0, 2, 0, 1.0, 0, 0, 0, 0, 0, 0, -44.53443908691406, 0.0, 7, -1], [1, 0, 0, 0.0, 0, 0, 8, 3, 10, 1, 0, 0, 0, 1, 1, 6, 0, 0, 0, 2, 0, 1.0, 0, 0, 0, 0, 0, 0, -44.53443908691406, 0.0, 3, -1], [1, 0, 0, 0.0, 0, 0, 8, 3, 10, 0, 0, 0, 0, 1, 1, 6, 0, 0, 0, 2, 0, 1.0, 0, 0, 0, 0, 0, 0, -44.53443908691406, 0.0, 2, -1], [1, 0, 0, 0.0, 0, 0, 4, 3, 6, 1, 0, 0, 0, 1, 1, 4, 0, 0, 0, 2, 0, 1.0, 0, 0, 0, 0, 0, 0, -44.53443908691406, 0.0, 2, -1], [1, 0, 0, 0.0, 0, 0, 8, 3, 10, 0, 0, 0, 0, 1, 1, 5, 0, 0, 0, 2, 0, 1.0, 0, 0, 0, 0, 0, 0, -44.53443908691406, 0.0, 2, -1], [1, 0, 0, 0.0, 0, 0, 8, 4, 11, 1, 0, 0, 0, 2, 1, 3, 0, 0, 0, 3, 0, 1.0, 0, 0, 0, 0, 0, 0, -19.418567657470703, 3.698282241821289, 4, -1], [0, 0, 0, 0.08160841464996338, 0, 0, 8, 4, 11, 1, 0, 0, 0, 2, 1, 4, 0, 0, 0, 3, 0, 1.0, 0, 0, 0, 0, 0, 0, -19.418567657470703, 3.698282241821289, 3, -1], [1, 0, 0, 0.09636777639389038, 0, 0, 8, 4, 11, 1, 0, 0, 0, 2, 1, 4, 0, 0, 0, 3, 0, 1.0, 0, 0, 0, 0, 0, 0, -19.418567657470703, 3.698282241821289, 3, -1], [1, 0, 0, 0.0, 0, 0, 8, 3, 10, 1, 0, 0, 0, 1, 1, 3, 0, 0, 0, 2, 0, 1.0, 0, 0, 0, 0, 0, 0, -44.53443908691406, 0.0, 3, -1], [1, 0, 0, 0.0, 0, 0, 3, 3, 5, 1, 0, 0, 0, 1, 1, 3, 0, 0, 0, 2, 0, 1.0, 0, 0, 0, 0, 0, 0, -44.53443908691406, 0.0, 3, -1], [1, 0, 0, 0.0, 0, 0, 8, 3, 10, 0, 0, 0, 0, 1, 1, 5, 0, 0, 0, 2, 0, 1.0, 0, 0, 0, 1, 0, 0, -44.53443908691406, 0.0, 2, -1], [1, 0, 0, 0.0, 0, 0, 8, 3, 10, 1, 0, 0, 0, 1, 1, 4, 0, 0, 0, 2, 0, 1.0, 0, 0, 0, 0, 0, 0, -44.53443908691406, 0.0, 2, -1], [0, 0, 0, 0.03228065371513367, 0, 0, 8, 3, 10, 0, 0, 0, 0, 1, 1, 8, 0, 0, 0, 2, 0, 1.0, 0, 0, 0, 0, 0, 0, -44.53443908691406, 0.0, 9, -1], [0, 0, 0, 0.37242570519447327, 0, 0, 8, 3, 10, 0, 0, 0, 0, 1, 1, 5, 0, 0, 0, 2, 0, 1.0, 0, 0, 0, 0, 0, 0, -44.53443908691406, 0.0, 6, -1], [1, 0, 0, 0.28396153450012207, 0, 0, 6, 3, 8, 0, 0, 0, 0, 1, 1, 6, 0, 0, 0, 2, 0, 1.0, 0, 0, 0, 1, 0, 0, -44.53443908691406, 0.0, 8, -1], [0, 0, 0, 0.0, 0, 0, 8, 3, 10, 0, 0, 0, 0, 1, 1, 6, 0, 0, 0, 2, 0, 1.0, 0, 0, 0, 0, 0, 0, -44.53443908691406, 0.0, 2, -1], [0, 0, 0, 0.0, 0, 0, 8, 3, 10, 0, 0, 0, 0, 1, 1, 7, 0, 0, 0, 2, 0, 1.0, 0, 0, 0, 0, 0, 0, -44.53443908691406, 0.0, 2, -1], [1, 0, 0, 0.07279002666473389, 0, 0, 7, 3, 9, 0, 1, 0, 0, 1, 1, 5, 0, 0, 0, 2, 0, 1.0, 0, 0, 0, 1, 0, 0, -44.53443908691406, 0.0, 4, -1], [0, 0, 0, 0.719362735748291, 0, 0, 6, 3, 8, 0, 0, 0, 0, 1, 1, 5, 0, 0, 0, 2, 0, 1.0, 0, 0, 0, 0, 0, 0, -44.53443908691406, 0.0, 4, -1], [0, 0, 0, 0.0, 0, 0, 8, 3, 10, 0, 0, 0, 0, 1, 1, 6, 0, 0, 0, 2, 0, 1.0, 0, 0, 0, 0, 0, 0, -44.53443908691406, 0.0, 2, -1], [0, 0, 0, 0.0, 0, 0, 8, 3, 10, 1, 1, 0, 0, 1, 1, 4, 0, 0, 0, 2, 0, 1.0, 0, 0, 0, 0, 0, 0, -44.53443908691406, 0.0, 4, -1], [1, 0, 0, 0.0, 0, 0, 8, 3, 10, 0, 0, 0, 0, 1, 1, 8, 0, 0, 0, 2, 0, 1.0, 0, 0, 0, 0, 0, 0, -44.53443908691406, 0.0, 2, -1], [0, 0, 0, 0.0, 0, 0, 8, 7, 14, 0, 0, 1, 0, 4, 2, 4, 0, 0, 0, 6, 0, 1.0, 0, 0, 0, 0, 0, 0, -10.603194236755371, 15.661843299865723, 4, -1], [0, 0, 0, 0.0, 0, 0, 8, 7, 14, 0, 0, 1, 0, 4, 2, 4, 0, 0, 0, 6, 0, 1.0, 0, 0, 0, 0, 0, 0, -10.230687141418457, 15.659977912902832, 4, -1], [0, 0, 0, 0.0, 0, 0, 8, 7, 14, 0, 0, 0, 0, 3, 2, 4, 0, 0, 0, 6, 0, 1.0, 0, 0, 0, 0, 0, 0, -33.38302230834961, 0.048824310302734375, 4, -1], [0, 0, 0, 0.0, 0, 0, 8, 7, 14, 0, 0, 1, 0, 4, 2, 4, 0, 0, 0, 6, 0, 1.0, 0, 0, 0, 0, 0, 0, -10.637803077697754, 15.62723445892334, 4, -1], [0, 0, 0, 0.0, 0, 0, 8, 7, 14, 0, 0, 1, 0, 4, 2, 4, 0, 0, 0, 6, 0, 1.0, 0, 0, 0, 0, 0, 0, -10.603194236755371, 15.661843299865723, 4, -1], [0, 0, 0, 0.055294543504714966, 0, 0, 8, 7, 14, 0, 0, 0, 0, 3, 2, 4, 0, 0, 0, 6, 0, 1.0, 0, 0, 0, 0, 0, 0, -34.832088470458984, 0.0408477783203125, 5, -1], [0, 0, 0, 0.0, 0, 0, 8, 3, 10, 0, 0, 0, 0, 1, 1, 4, 0, 0, 0, 2, 0, 1.0, 0, 0, 0, 0, 0, 0, -44.53443908691406, 0.0, 5, -1], [1, 0, 0, 0.3158392310142517, 0, 0, 5, 3, 7, 0, 0, 0, 0, 1, 1, 4, 0, 0, 0, 2, 0, 1.0, 0, 0, 0, 1, 0, 0, -44.53443908691406, 0.0, 4, -1], [1, 0, 0, 0.0, 0, 0, 8, 3, 10, 1, 0, 0, 0, 1, 1, 4, 0, 0, 0, 2, 0, 1.0, 0, 0, 0, 0, 0, 0, -44.53443908691406, 0.0, 2, -1], [1, 0, 0, 0.0, 0, 0, 8, 3, 10, 1, 1, 0, 0, 1, 1, 5, 0, 0, 0, 2, 0, 1.0, 0, 0, 0, 0, 0, 0, -44.53443908691406, 0.0, 2, -1], [0, 0, 0, 0.30236464738845825, 0, 0, 5, 3, 7, 0, 0, 0, 0, 1, 1, 5, 0, 0, 0, 2, 0, 1.0, 0, 0, 0, 0, 0, 0, -44.53443908691406, 0.0, 4, -1], [1, 0, 0, 0.3119087219238281, 0, 0, 8, 3, 10, 0, 0, 0, 0, 1, 1, 8, 0, 0, 0, 2, 0, 1.0, 0, 0, 0, 1, 0, 0, -44.53443908691406, 0.0, 8, -1], [0, 0, 0, 0.4199991375207901, 0, 0, 8, 3, 10, 0, 0, 0, 0, 1, 1, 4, 0, 0, 0, 2, 0, 1.0, 0, 0, 0, 0, 0, 0, -44.53443908691406, 0.0, 3, -1], [0, 0, 0, 0.0479913055896759, 0, 0, 7, 3, 9, 0, 0, 0, 0, 1, 1, 7, 0, 0, 0, 2, 0, 1.0, 0, 0, 0, 0, 0, 0, -44.53443908691406, 0.0, 7, -1], [0, 0, 0, 0.0, 0, 0, 8, 3, 10, 0, 0, 0, 0, 1, 1, 5, 0, 0, 0, 2, 0, 1.0, 0, 0, 0, 0, 0, 0, -44.53443908691406, 0.0, 4, -1], [1, 0, 0, 0.0, 0, 0, 6, 3, 8, 0, 0, 0, 0, 1, 1, 6, 0, 0, 0, 2, 0, 1.0, 0, 0, 0, 1, 0, 0, -44.53443908691406, 0.0, 8, -1], [1, 0, 0, 0.0, 0, 0, 8, 4, 11, 0, 0, 0, 0, 2, 1, 4, 0, 0, 0, 3, 0, 1.0, 0, 0, 0, 1, 0, 0, -19.418567657470703, 3.698282241821289, 2, -1], [0, 0, 0, 0.0, 0, 0, 8, 4, 11, 0, 0, 0, 0, 2, 1, 5, 0, 0, 0, 3, 0, 1.0, 0, 0, 0, 0, 0, 0, -19.418567657470703, 3.698282241821289, 5, -1], [0, 0, 0, 0.0, 0, 0, 8, 4, 11, 0, 1, 0, 0, 2, 1, 5, 0, 0, 0, 3, 0, 1.0, 0, 0, 0, 0, 0, 0, -19.418567657470703, 3.698282241821289, 5, -1], [1, 0, 0, 0.0, 0, 0, 2, 3, 4, 0, 0, 0, 0, 1, 1, 2, 0, 0, 0, 2, 0, 1.0, 0, 0, 0, 1, 0, 0, -44.53443908691406, 0.0, 4, -1], [0, 0, 0, 0.2013247013092041, 0, 0, 8, 3, 10, 0, 0, 0, 0, 1, 1, 6, 0, 0, 0, 2, 0, 1.0, 0, 0, 0, 0, 0, 0, -44.53443908691406, 0.0, 5, -1], [0, 0, 0, 0.5181416273117065, 0, 0, 4, 3, 6, 0, 0, 0, 0, 1, 1, 3, 0, 0, 0, 2, 0, 1.0, 0, 0, 0, 0, 0, 0, -44.53443908691406, 0.0, 2, -1], [0, 0, 0, 0.1637442708015442, 0, 0, 8, 3, 10, 0, 0, 0, 0, 1, 1, 3, 0, 0, 0, 2, 0, 1.0, 0, 0, 0, 0, 0, 0, -44.53443908691406, 0.0, 2, -1], [1, 0, 0, 0.0, 1, 0, 1, 3, 3, 1, 0, 0, 0, 1, 1, 1, 0, 0, 0, 2, 0, 1.0, 0, 0, 0, 0, 0, 0, -44.53443908691406, 0.0, 3, -1], [1, 0, 0, 0.0, 0, 0, 4, 3, 6, 0, 0, 0, 0, 1, 1, 3, 0, 0, 0, 2, 0, 1.0, 0, 0, 0, 1, 0, 0, -44.53443908691406, 0.0, 3, -1], [1, 0, 0, 0.0, 0, 0, 8, 3, 10, 0, 0, 0, 0, 1, 1, 8, 0, 0, 0, 2, 0, 1.0, 0, 0, 0, 0, 0, 0, -44.53443908691406, 0.0, 2, -1], [1, 0, 0, 0.0, 0, 0, 8, 3, 10, 0, 0, 0, 0, 1, 1, 8, 0, 0, 0, 2, 0, 1.0, 0, 0, 0, 0, 0, 0, -44.53443908691406, 0.0, 2, -1], [0, 0, 0, 0.1772823929786682, 0, 0, 8, 3, 10, 0, 1, 0, 0, 1, 1, 4, 0, 0, 0, 2, 0, 1.0, 0, 0, 0, 0, 0, 0, -44.53443908691406, 0.0, 4, -1], [0, 0, 0, 0.0, 0, 0, 8, 3, 10, 0, 0, 0, 0, 1, 1, 4, 0, 0, 0, 2, 0, 1.0, 0, 0, 0, 0, 0, 0, -44.53443908691406, 0.0, 4, -1], [1, 0, 0, 0.10864537954330444, 0, 0, 8, 3, 10, 0, 0, 0, 0, 1, 1, 7, 0, 0, 0, 2, 0, 1.0, 0, 0, 0, 1, 0, 0, -44.53443908691406, 0.0, 4, -1], [1, 0, 0, 0.23780083656311035, 0, 0, 8, 3, 10, 1, 0, 0, 0, 1, 1, 4, 0, 0, 0, 2, 0, 1.0, 0, 0, 0, 0, 0, 0, -44.53443908691406, 0.0, 5, -1], [1, 0, 0, 0.5686196088790894, 0, 0, 8, 3, 10, 0, 1, 0, 0, 1, 1, 6, 0, 0, 0, 2, 0, 1.0, 0, 0, 0, 1, 0, 0, -44.53443908691406, 0.0, 7, -1], [0, 0, 0, 0.17850732803344727, 0, 0, 8, 3, 10, 0, 0, 0, 0, 1, 1, 6, 0, 0, 0, 2, 0, 1.0, 0, 0, 0, 0, 0, 0, -44.53443908691406, 0.0, 3, -1], [0, 0, 0, 0.28850293159484863, 0, 0, 8, 3, 10, 0, 0, 0, 0, 1, 1, 7, 0, 0, 0, 2, 0, 1.0, 0, 0, 0, 0, 0, 0, -44.53443908691406, 0.0, 4, -1], [1, 0, 0, 0.01091623306274414, 0, 0, 6, 3, 8, 1, 0, 0, 0, 1, 1, 6, 0, 0, 0, 2, 0, 1.0, 0, 0, 0, 0, 0, 0, -44.53443908691406, 0.0, 5, -1], [1, 0, 0, 0.0, 0, 0, 8, 3, 10, 1, 0, 0, 0, 1, 1, 6, 0, 0, 0, 2, 0, 1.0, 0, 0, 0, 0, 0, 0, -44.53443908691406, 0.0, 3, -1], [1, 0, 0, 0.0, 0, 0, 5, 3, 7, 1, 0, 0, 0, 1, 1, 4, 0, 0, 0, 2, 0, 1.0, 0, 0, 0, 0, 0, 0, -44.53443908691406, 0.0, 4, -1], [1, 0, 0, 0.2514335513114929, 0, 0, 8, 5, 12, 0, 0, 0, 0, 3, 1, 2, 0, 0, 0, 4, 0, 1.0, 0, 0, 0, 1, 0, 0, -11.243682861328125, 0.8024215698242188, 2, -1], [1, 0, 0, 0.0, 0, 0, 8, 5, 12, 1, 0, 0, 0, 3, 1, 4, 0, 0, 0, 4, 1, 1.0, 0, 0, 0, 0, 0, 0, -11.243682861328125, 0.8024215698242188, 4, -1], [1, 0, 0, 0.0, 0, 0, 8, 5, 12, 1, 0, 0, 0, 3, 1, 4, 0, 0, 0, 4, 0, 1.0, 0, 0, 0, 0, 0, 0, -11.243682861328125, 0.8024215698242188, 2, -1], [1, 0, 0, 0.02976936101913452, 0, 0, 8, 5, 12, 0, 0, 0, 0, 3, 1, 2, 0, 0, 0, 4, 0, 1.0, 0, 0, 0, 1, 0, 0, -11.243682861328125, 0.8024215698242188, 2, -1], [1, 0, 0, 0.0, 0, 0, 6, 3, 8, 0, 0, 0, 0, 1, 1, 6, 0, 0, 0, 2, 0, 1.0, 0, 0, 0, 1, 0, 0, -44.82083511352539, 0.0, 7, -1], [1, 0, 0, 0.0, 0, 0, 5, 3, 7, 0, 0, 0, 0, 1, 1, 4, 0, 0, 0, 2, 0, 1.0, 0, 0, 0, 1, 0, 0, -44.85199737548828, 0.0, 4, -1], [1, 0, 0, 0.3037453889846802, 0, 0, 4, 3, 6, 0, 0, 0, 0, 1, 1, 4, 0, 0, 0, 2, 0, 1.0, 0, 0, 0, 1, 0, 0, -44.53443908691406, 0.0, 5, -1], [0, 0, 0, 0.0, 0, 0, 8, 3, 10, 0, 0, 0, 0, 1, 1, 6, 0, 0, 0, 2, 0, 1.0, 0, 0, 0, 0, 0, 0, -44.53443908691406, 0.0, 3, -1], [0, 0, 0, 0.2572222948074341, 0, 0, 8, 3, 10, 0, 0, 0, 0, 1, 1, 4, 0, 0, 0, 2, 0, 1.0, 0, 0, 0, 0, 0, 0, -44.53443908691406, 0.0, 5, -1], [0, 0, 0, 0.0, 0, 0, 8, 3, 10, 0, 0, 0, 0, 1, 1, 6, 0, 0, 0, 2, 0, 1.0, 0, 0, 0, 0, 0, 0, -44.53443908691406, 0.0, 2, -1], [0, 0, 0, 0.22648754715919495, 0, 0, 8, 4, 11, 0, 0, 0, 0, 2, 1, 6, 0, 0, 0, 3, 0, 1.0, 0, 0, 0, 0, 0, 0, -19.418567657470703, 3.698282241821289, 3, -1], [0, 0, 0, 0.0, 0, 0, 8, 4, 11, 0, 0, 0, 0, 2, 1, 7, 0, 0, 0, 3, 0, 1.0, 0, 0, 0, 0, 0, 0, -19.418567657470703, 3.698282241821289, 5, -1], [1, 0, 0, 1.1920928955078125e-07, 0, 0, 8, 4, 11, 0, 0, 0, 0, 2, 1, 6, 0, 0, 0, 3, 0, 1.0, 0, 0, 0, 1, 0, 0, -19.418567657470703, 3.698282241821289, 4, -1], [0, 0, 0, 0.7927647233009338, 0, 0, 5, 3, 7, 0, 0, 0, 0, 1, 1, 4, 0, 0, 0, 2, 0, 1.0, 0, 0, 0, 0, 0, 0, -44.53443908691406, 0.0, 3, -1], [0, 0, 0, 0.037605613470077515, 0, 0, 6, 3, 8, 0, 0, 0, 0, 1, 1, 3, 0, 0, 0, 2, 0, 1.0, 0, 0, 0, 0, 0, 0, -44.53443908691406, 0.0, 4, -1], [0, 0, 0, 0.0, 0, 0, 8, 3, 10, 0, 0, 0, 0, 1, 1, 8, 0, 0, 0, 2, 0, 1.0, 0, 0, 0, 0, 0, 0, -44.53443908691406, 0.0, 2, -1], [0, 0, 0, 0.24302005767822266, 0, 0, 8, 3, 10, 0, 0, 0, 0, 1, 1, 6, 0, 0, 0, 2, 0, 1.0, 0, 0, 0, 0, 0, 0, -44.53443908691406, 0.0, 4, -1], [1, 0, 0, 0.17850738763809204, 0, 0, 8, 3, 10, 1, 0, 0, 0, 1, 1, 6, 0, 0, 0, 2, 0, 1.0, 0, 0, 0, 0, 0, 0, -44.53443908691406, 0.0, 1, -1], [1, 0, 0, 0.0, 0, 0, 8, 3, 10, 1, 0, 0, 0, 1, 1, 4, 0, 0, 0, 2, 0, 1.0, 0, 0, 0, 0, 0, 0, -44.53443908691406, 0.0, 2, -1], [0, 0, 0, 0.0, 0, 0, 8, 5, 12, 0, 0, 0, 0, 3, 1, 5, 0, 0, 0, 4, 0, 1.0, 0, 0, 0, 0, 0, 0, -11.243682861328125, 0.8024215698242188, 5, -1], [0, 0, 0, 0.0, 0, 0, 8, 5, 12, 0, 0, 0, 0, 3, 1, 8, 0, 0, 0, 4, 0, 1.0, 0, 0, 0, 0, 0, 0, -11.243682861328125, 0.8024215698242188, 5, -1], [0, 0, 0, 0.0, 0, 0, 8, 5, 12, 0, 0, 0, 0, 3, 1, 6, 0, 0, 0, 4, 0, 1.0, 0, 0, 0, 0, 0, 0, -11.243682861328125, 0.8024215698242188, 6, -1], [0, 0, 0, 0.0, 0, 0, 8, 5, 12, 0, 0, 0, 0, 3, 1, 6, 0, 0, 0, 4, 0, 1.0, 0, 0, 0, 0, 0, 0, -11.243682861328125, 0.8024215698242188, 3, -1], [1, 0, 0, 0.04050177335739136, 1, 0, 8, 7, 14, 1, 0, 1, 0, 4, 2, 3, 0, 0, 0, 6, 0, 1.0, 0, 0, 0, 0, 0, 0, -55.981895446777344, 16.30205535888672, 3, -1], [1, 0, 0, 0.2852160334587097, 0, 0, 8, 7, 14, 0, 0, 0, 0, 3, 2, 3, 0, 0, 0, 6, 0, 1.0, 0, 0, 0, 1, 0, 0, -78.42952728271484, 1.1990203857421875, 3, -1], [1, 0, 0, 0.04050177335739136, 1, 0, 8, 7, 14, 1, 0, 1, 0, 4, 2, 3, 0, 0, 0, 6, 0, 1.0, 0, 0, 0, 0, 0, 0, -60.34805679321289, 7.023929595947266, 3, -1], [1, 0, 0, 0.258564829826355, 0, 0, 8, 7, 14, 0, 0, 0, 0, 3, 2, 3, 0, 0, 0, 6, 0, 1.0, 0, 0, 0, 1, 0, 0, -76.6100845336914, 5.5934295654296875, 3, -1], [1, 0, 0, 0.4232479929924011, 0, 0, 8, 7, 14, 1, 0, 1, 0, 4, 2, 4, 0, 0, 0, 6, 0, 1.0, 0, 0, 0, 0, 0, 0, -60.843448638916016, 7.136470794677734, 5, -1], [1, 0, 0, 0.4232479929924011, 0, 0, 8, 7, 14, 1, 0, 1, 0, 4, 2, 4, 0, 0, 0, 6, 0, 1.0, 0, 0, 0, 0, 0, 0, -60.843448638916016, 7.136470794677734, 5, -1], [0, 0, 0, 0.0, 0, 0, 8, 3, 10, 0, 0, 0, 0, 1, 1, 6, 0, 0, 0, 2, 0, 1.0, 0, 0, 0, 0, 0, 0, -44.53443908691406, 0.0, 5, -1], [0, 0, 0, 0.0, 0, 0, 8, 3, 10, 0, 0, 0, 0, 1, 1, 6, 0, 0, 0, 2, 0, 1.0, 0, 0, 0, 0, 0, 0, -44.53443908691406, 0.0, 7, -1], [1, 0, 0, 0.0, 0, 0, 8, 3, 10, 0, 0, 0, 0, 1, 1, 8, 0, 0, 0, 2, 0, 1.0, 0, 0, 0, 0, 0, 0, -44.53443908691406, 0.0, 2, -1], [1, 0, 0, 0.0, 0, 0, 8, 3, 10, 0, 0, 0, 0, 1, 1, 8, 0, 0, 0, 2, 0, 1.0, 0, 0, 0, 0, 0, 0, -44.53443908691406, 0.0, 2, -1], [1, 0, 0, 0.0, 0, 0, 8, 3, 10, 0, 0, 0, 0, 1, 1, 8, 0, 0, 0, 2, 0, 1.0, 0, 0, 0, 0, 0, 0, -44.53443908691406, 0.0, 2, -1], [0, 0, 0, 0.0, 0, 0, 8, 3, 10, 1, 0, 0, 0, 1, 1, 4, 0, 0, 0, 2, 0, 1.0, 0, 0, 0, 0, 0, 0, -44.53443908691406, 0.0, 4, -1], [0, 0, 0, 0.8248015493154526, 0, 0, 8, 3, 10, 0, 0, 0, 0, 1, 1, 6, 0, 0, 0, 2, 0, 1.0, 0, 0, 0, 0, 0, 0, -44.53443908691406, 0.0, 7, -1], [0, 0, 0, 0.13618683815002441, 0, 0, 8, 3, 10, 0, 0, 0, 0, 1, 1, 6, 0, 0, 0, 2, 0, 1.0, 0, 0, 0, 0, 0, 0, -44.53443908691406, 0.0, 5, -1], [0, 0, 0, 0.0, 0, 0, 4, 4, 7, 0, 0, 0, 0, 2, 1, 3, 0, 0, 0, 3, 0, 1.0, 0, 0, 0, 0, 0, 0, -19.418567657470703, 3.698282241821289, 3, -1], [0, 0, 0, 0.0, 0, 0, 8, 4, 11, 0, 0, 0, 0, 2, 1, 5, 0, 0, 0, 3, 0, 1.0, 0, 0, 0, 0, 0, 0, -19.418567657470703, 3.698282241821289, 5, -1], [0, 0, 0, 0.0, 0, 0, 8, 4, 11, 0, 0, 0, 0, 2, 1, 5, 0, 0, 0, 3, 0, 1.0, 0, 0, 0, 0, 0, 0, -19.418567657470703, 3.698282241821289, 5, -1], [1, 0, 0, 0.24693012237548828, 1, 0, 8, 3, 10, 1, 0, 0, 0, 1, 1, 4, 0, 0, 0, 2, 1, 1.0, 0, 0, 0, 0, 0, 0, -44.53443908691406, 0.0, 3, -1], [1, 0, 0, 0.0, 0, 0, 7, 3, 9, 1, 0, 0, 0, 1, 1, 7, 0, 0, 0, 2, 0, 1.0, 0, 0, 0, 0, 0, 0, -44.53443908691406, 0.0, 6, -1], [0, 0, 0, 0.0, 0, 0, 8, 3, 10, 0, 0, 0, 0, 1, 1, 5, 0, 0, 0, 2, 0, 1.0, 0, 0, 0, 0, 0, 0, -44.53443908691406, 0.0, 3, -1], [0, 0, 0, 0.0, 0, 0, 8, 3, 10, 0, 0, 0, 0, 1, 1, 6, 0, 0, 0, 2, 0, 1.0, 0, 0, 0, 0, 0, 0, -44.53443908691406, 0.0, 3, -1], [0, 0, 0, 0.1667177975177765, 0, 0, 8, 3, 10, 0, 0, 0, 0, 1, 1, 7, 0, 0, 0, 2, 0, 1.0, 0, 0, 0, 0, 0, 0, -44.53443908691406, 0.0, 5, -1], [0, 0, 0, 0.20591294765472412, 0, 0, 8, 3, 10, 0, 0, 0, 0, 1, 1, 6, 0, 0, 0, 2, 0, 1.0, 0, 0, 0, 0, 0, 0, -44.53443908691406, 0.0, 4, -1], [0, 0, 0, 0.0, 0, 0, 8, 3, 10, 0, 0, 0, 0, 1, 1, 5, 0, 0, 0, 2, 0, 1.0, 0, 0, 0, 0, 0, 0, -44.53443908691406, 0.0, 3, -1], [1, 0, 0, 0.0, 0, 0, 8, 3, 10, 0, 0, 0, 0, 1, 1, 5, 0, 0, 0, 2, 0, 1.0, 0, 0, 0, 1, 0, 0, -44.53443908691406, 0.0, 3, -1], [0, 0, 0, 0.0, 0, 0, 7, 3, 9, 1, 0, 0, 0, 1, 1, 6, 0, 0, 0, 2, 0, 1.0, 0, 0, 0, 0, 0, 0, -44.53443908691406, 0.0, 3, -1], [0, 0, 0, 0.0, 0, 0, 8, 3, 10, 0, 0, 0, 0, 1, 1, 3, 0, 0, 0, 2, 0, 1.0, 0, 0, 0, 0, 0, 0, -44.53443908691406, 0.0, 4, -1], [0, 0, 0, 0.0, 0, 0, 8, 3, 10, 0, 1, 0, 0, 1, 1, 6, 0, 0, 0, 2, 0, 1.0, 0, 0, 0, 0, 0, 0, -44.53443908691406, 0.0, 5, -1], [1, 0, 0, 0.0, 0, 0, 8, 3, 10, 0, 0, 0, 0, 1, 1, 5, 0, 0, 0, 2, 0, 1.0, 0, 0, 0, 1, 0, 0, -44.53443908691406, 0.0, 2, -1], [0, 0, 0, 0.0, 0, 0, 8, 3, 10, 0, 0, 0, 0, 1, 1, 5, 0, 0, 0, 2, 0, 1.0, 0, 0, 0, 0, 0, 0, -44.53443908691406, 0.0, 2, -1], [1, 0, 0, 0.0, 0, 0, 8, 3, 10, 0, 0, 0, 0, 1, 1, 4, 0, 0, 0, 2, 0, 1.0, 0, 0, 0, 0, 0, 0, -44.53443908691406, 0.0, 2, -1], [0, 0, 0, 0.3002701997756958, 0, 0, 6, 3, 8, 0, 0, 0, 0, 1, 1, 6, 0, 0, 0, 2, 0, 1.0, 0, 0, 0, 0, 0, 0, -44.53443908691406, 0.0, 4, -1], [0, 0, 0, 0.5402344763278961, 0, 0, 8, 3, 10, 0, 0, 0, 0, 1, 1, 6, 0, 0, 0, 2, 0, 1.0, 0, 0, 0, 0, 0, 0, -44.53443908691406, 0.0, 9, -1], [0, 0, 0, 0.0, 0, 0, 8, 3, 10, 0, 1, 0, 0, 1, 1, 5, 0, 0, 0, 2, 0, 1.0, 0, 0, 0, 0, 0, 0, -44.53443908691406, 0.0, 3, -1], [1, 0, 0, 0.0, 0, 0, 8, 3, 10, 0, 0, 0, 0, 1, 1, 8, 0, 0, 0, 2, 0, 1.0, 0, 0, 0, 0, 0, 0, -44.53443908691406, 0.0, 2, -1], [0, 0, 0, 0.17265969514846802, 0, 0, 8, 3, 10, 0, 0, 0, 0, 1, 1, 6, 0, 0, 0, 2, 0, 1.0, 0, 0, 0, 0, 0, 0, -44.53443908691406, 0.0, 4, -1], [0, 0, 0, 0.0, 0, 0, 8, 3, 10, 0, 0, 0, 0, 1, 1, 5, 0, 0, 0, 2, 0, 1.0, 0, 0, 0, 0, 0, 0, -44.53443908691406, 0.0, 3, -1], [0, 0, 0, 0.0, 0, 0, 5, 3, 7, 0, 0, 0, 0, 1, 1, 5, 0, 0, 0, 2, 0, 1.0, 0, 0, 0, 0, 0, 0, -44.53443908691406, 0.0, 2, -1], [0, 0, 0, 0.24302005767822266, 0, 0, 8, 3, 10, 0, 0, 0, 0, 1, 1, 6, 0, 0, 0, 2, 0, 1.0, 0, 0, 0, 0, 0, 0, -44.53443908691406, 0.0, 4, -1], [1, 0, 0, 0.0, 0, 0, 6, 4, 9, 0, 0, 0, 0, 2, 1, 5, 0, 0, 0, 3, 0, 1.0, 0, 0, 0, 1, 0, 0, -19.418567657470703, 3.698282241821289, 5, -1], [0, 0, 0, 0.0, 0, 0, 8, 4, 11, 0, 0, 0, 0, 2, 1, 4, 0, 0, 0, 3, 0, 1.0, 0, 0, 0, 0, 0, 0, -19.418567657470703, 3.698282241821289, 4, -1], [0, 0, 0, 0.0, 0, 0, 8, 4, 11, 0, 0, 0, 0, 2, 1, 4, 0, 0, 0, 3, 0, 1.0, 0, 0, 0, 0, 0, 0, -19.418567657470703, 3.698282241821289, 3, -1], [0, 0, 0, 0.0, 0, 0, 5, 4, 8, 0, 0, 0, 0, 2, 1, 5, 0, 0, 0, 3, 0, 1.0, 0, 0, 0, 0, 0, 0, -19.418567657470703, 3.698282241821289, 12, -1], [1, 0, 0, 0.024379044771194458, 0, 0, 8, 4, 11, 0, 0, 0, 0, 2, 1, 7, 0, 0, 0, 3, 0, 1.0, 0, 0, 0, 1, 0, 0, -19.418567657470703, 3.698282241821289, 6, -1], [0, 0, 0, 0.0, 0, 0, 8, 4, 11, 0, 0, 0, 0, 2, 1, 5, 0, 0, 0, 3, 0, 1.0, 0, 0, 0, 0, 0, 0, -19.418567657470703, 3.698282241821289, 4, -1], [1, 0, 0, 0.0, 0, 0, 8, 4, 11, 0, 1, 0, 0, 2, 1, 7, 0, 0, 0, 3, 0, 1.0, 0, 0, 0, 0, 0, 0, -19.418567657470703, 3.698282241821289, 2, -1], [0, 0, 0, 0.0847730040550232, 0, 0, 8, 4, 11, 0, 0, 0, 0, 2, 1, 6, 0, 0, 0, 3, 0, 1.0, 0, 0, 0, 0, 0, 0, -19.418567657470703, 3.698282241821289, 2, -1], [1, 0, 0, 0.0, 0, 0, 8, 4, 11, 0, 0, 0, 0, 2, 1, 6, 0, 0, 0, 3, 0, 1.0, 0, 0, 0, 0, 0, 0, -19.418567657470703, 3.698282241821289, 4, -1], [1, 0, 0, 0.0, 0, 0, 8, 3, 10, 1, 0, 0, 0, 1, 1, 4, 0, 0, 0, 2, 0, 1.0, 0, 0, 0, 0, 0, 0, -44.53443908691406, 0.0, 4, -1], [1, 0, 0, 0.0, 0, 0, 8, 3, 10, 0, 0, 0, 0, 1, 1, 4, 0, 0, 0, 2, 0, 1.0, 0, 0, 0, 0, 0, 0, -44.53443908691406, 0.0, 3, -1], [0, 0, 0, 0.2821890711784363, 0, 0, 8, 3, 10, 0, 0, 0, 0, 1, 1, 5, 0, 0, 0, 2, 0, 1.0, 0, 0, 0, 0, 0, 0, -44.53443908691406, 0.0, 1, -1], [0, 0, 0, 0.2966466546058655, 0, 0, 8, 3, 10, 0, 0, 0, 0, 1, 1, 7, 0, 0, 0, 2, 0, 1.0, 0, 0, 0, 0, 0, 0, -44.53443908691406, 0.0, 4, -1], [0, 0, 0, 0.0, 0, 0, 3, 3, 5, 0, 0, 0, 0, 1, 1, 3, 0, 0, 0, 2, 0, 1.0, 0, 0, 0, 0, 0, 0, -44.53443908691406, 0.0, 4, -1], [0, 0, 0, 0.0, 0, 0, 8, 3, 10, 0, 0, 0, 0, 1, 1, 6, 0, 0, 0, 2, 0, 1.0, 0, 0, 0, 0, 0, 0, -44.53443908691406, 0.0, 3, -1], [1, 0, 0, 0.0, 0, 0, 8, 3, 10, 1, 0, 0, 0, 1, 1, 3, 0, 0, 0, 2, 0, 1.0, 0, 0, 0, 0, 0, 0, -44.53443908691406, 0.0, 4, -1], [1, 0, 0, 0.0, 0, 0, 8, 3, 10, 0, 0, 0, 0, 1, 1, 3, 0, 0, 0, 2, 0, 1.0, 0, 0, 0, 0, 0, 0, -44.53443908691406, 0.0, 3, -1], [0, 0, 0, 0.0, 0, 0, 4, 3, 6, 1, 0, 0, 0, 1, 1, 4, 0, 0, 0, 2, 0, 1.0, 0, 0, 0, 0, 0, 0, -44.53443908691406, 0.0, 3, -1], [0, 0, 0, 0.0, 0, 0, 8, 3, 10, 0, 0, 0, 0, 1, 1, 5, 0, 0, 0, 2, 0, 1.0, 0, 0, 0, 0, 0, 0, -44.53443908691406, 0.0, 4, -1], [1, 0, 0, 0.0, 0, 0, 8, 3, 10, 0, 0, 0, 0, 1, 1, 5, 0, 0, 0, 2, 0, 1.0, 0, 0, 0, 0, 0, 0, -44.53443908691406, 0.0, 2, -1], [1, 0, 0, 0.0, 0, 0, 4, 3, 6, 1, 0, 0, 0, 1, 1, 4, 0, 0, 0, 2, 0, 1.0, 0, 0, 0, 0, 0, 0, -44.53443908691406, 0.0, 2, -1], [0, 0, 0, 0.19591686129570007, 0, 0, 8, 3, 10, 0, 0, 0, 0, 1, 1, 7, 0, 0, 0, 2, 0, 1.0, 0, 0, 0, 0, 0, 0, -44.53443908691406, 0.0, 5, -1], [0, 0, 0, 0.01136690378189087, 0, 0, 8, 3, 10, 0, 0, 0, 0, 1, 1, 5, 0, 0, 0, 2, 0, 1.0, 0, 0, 0, 0, 0, 0, -44.53443908691406, 0.0, 3, -1], [0, 0, 0, 0.28218913078308105, 0, 0, 8, 3, 10, 0, 0, 0, 0, 1, 1, 5, 0, 0, 0, 2, 0, 1.0, 0, 0, 0, 0, 0, 0, -44.53443908691406, 0.0, 1, -1], [0, 0, 0, 0.0, 0, 0, 3, 3, 5, 0, 0, 0, 0, 1, 1, 3, 0, 0, 0, 2, 0, 1.0, 0, 0, 0, 0, 0, 0, -44.53443908691406, 0.0, 3, -1], [1, 0, 0, 0.0, 0, 0, 8, 3, 10, 1, 0, 0, 0, 1, 1, 6, 0, 0, 0, 2, 0, 1.0, 0, 0, 0, 0, 0, 0, -44.53443908691406, 0.0, 2, -1], [1, 0, 0, 0.0, 0, 0, 8, 3, 10, 0, 0, 0, 0, 1, 1, 6, 0, 0, 0, 2, 0, 1.0, 0, 0, 0, 0, 0, 0, -44.53443908691406, 0.0, 2, -1], [0, 0, 0, 0.07870608568191528, 0, 0, 8, 5, 12, 0, 0, 0, 0, 3, 1, 4, 0, 0, 0, 4, 0, 1.0, 0, 0, 0, 0, 0, 0, -11.243682861328125, 0.8024215698242188, 3, -1], [1, 0, 0, 0.0, 0, 0, 8, 5, 12, 1, 0, 0, 0, 3, 1, 5, 0, 0, 0, 4, 0, 1.0, 0, 0, 0, 0, 0, 0, -11.243682861328125, 0.8024215698242188, 2, -1], [1, 0, 0, 0.009039878845214844, 0, 0, 8, 5, 12, 1, 0, 0, 0, 3, 1, 5, 0, 0, 0, 4, 0, 1.0, 0, 0, 0, 0, 0, 0, -11.243682861328125, 0.8024215698242188, 2, -1], [1, 0, 0, 0.11582452058792114, 0, 0, 8, 5, 12, 1, 0, 0, 0, 3, 1, 4, 0, 0, 0, 4, 0, 1.0, 0, 0, 0, 0, 0, 0, -11.243682861328125, 0.8024215698242188, 3, -1], [1, 0, 0, 0.2846548557281494, 0, 0, 8, 3, 10, 0, 0, 0, 0, 1, 1, 4, 0, 0, 0, 2, 0, 1.0, 0, 0, 0, 1, 0, 0, -44.53443908691406, 0.0, 3, -1], [0, 0, 0, 0.0, 0, 0, 3, 3, 5, 0, 0, 0, 0, 1, 1, 3, 0, 0, 0, 2, 0, 1.0, 0, 0, 0, 0, 0, 0, -44.53443908691406, 0.0, 2, -1], [0, 0, 0, 0.0, 0, 0, 8, 4, 11, 0, 1, 0, 0, 2, 1, 6, 0, 0, 0, 3, 0, 1.0, 0, 0, 0, 0, 0, 0, -19.418567657470703, 3.698282241821289, 4, -1], [0, 0, 0, 0.0, 0, 0, 8, 4, 11, 0, 0, 0, 0, 2, 1, 8, 0, 0, 0, 3, 0, 1.0, 0, 0, 0, 0, 0, 0, -19.418567657470703, 3.698282241821289, 3, -1], [0, 0, 0, 0.0, 0, 0, 8, 4, 11, 0, 0, 0, 0, 2, 1, 8, 0, 0, 0, 3, 0, 1.0, 0, 0, 0, 0, 0, 0, -19.418567657470703, 3.698282241821289, 3, -1], [1, 0, 0, 0.0, 0, 0, 8, 3, 10, 0, 0, 0, 0, 1, 1, 2, 0, 0, 0, 2, 0, 1.0, 0, 0, 0, 1, 0, 0, -44.53443908691406, 0.0, 5, -1], [1, 0, 0, 0.0, 0, 0, 1, 3, 3, 0, 0, 0, 0, 1, 1, 1, 0, 0, 0, 2, 0, 1.0, 0, 0, 0, 1, 0, 0, -44.53443908691406, 0.0, 2, -1], [0, 0, 0, 0.25994759798049927, 0, 0, 2, 4, 5, 0, 1, 0, 0, 2, 1, 2, 0, 0, 0, 3, 0, 1.0, 0, 0, 0, 0, 0, 0, -19.418567657470703, 3.698282241821289, 2, -1], [1, 0, 0, 1.7881393432617188e-07, 0, 0, 8, 4, 11, 0, 0, 0, 0, 2, 1, 5, 0, 0, 0, 3, 0, 1.0, 0, 0, 0, 1, 0, 0, -19.418567657470703, 3.698282241821289, 4, -1], [1, 0, 0, 0.05863374471664429, 0, 0, 8, 4, 11, 0, 0, 0, 0, 2, 1, 5, 0, 0, 0, 3, 0, 1.0, 0, 0, 0, 1, 0, 0, -19.418567657470703, 3.698282241821289, 3, -1], [1, 0, 0, 0.1595224142074585, 0, 0, 3, 3, 5, 0, 0, 0, 0, 1, 1, 3, 0, 0, 0, 2, 0, 1.0, 0, 0, 0, 1, 0, 0, -44.53443908691406, 0.0, 5, -1], [0, 0, 0, 0.0, 0, 0, 8, 3, 10, 0, 0, 0, 0, 1, 1, 6, 0, 0, 0, 2, 0, 1.0, 0, 0, 0, 0, 0, 0, -44.53443908691406, 0.0, 2, -1], [1, 0, 0, 0.0, 0, 0, 8, 3, 10, 0, 0, 0, 0, 1, 1, 4, 0, 0, 0, 2, 0, 1.0, 0, 0, 0, 1, 0, 0, -44.53443908691406, 0.0, 3, -1], [0, 0, 0, 0.0, 0, 0, 8, 3, 10, 0, 0, 0, 0, 1, 1, 5, 0, 0, 0, 2, 0, 1.0, 0, 0, 0, 0, 0, 0, -44.53443908691406, 0.0, 5, -1], [0, 0, 0, 0.0, 0, 0, 6, 4, 9, 0, 0, 0, 0, 2, 1, 5, 0, 0, 0, 3, 0, 1.0, 0, 0, 0, 0, 0, 0, -19.418567657470703, 3.698282241821289, 4, -1], [0, 0, 0, 0.0, 0, 0, 8, 4, 11, 0, 0, 0, 0, 2, 1, 8, 0, 0, 0, 3, 0, 1.0, 0, 0, 0, 0, 0, 0, -19.418567657470703, 3.698282241821289, 2, -1], [0, 0, 0, 0.0, 0, 0, 8, 4, 11, 0, 0, 0, 0, 2, 1, 8, 0, 0, 0, 3, 0, 1.0, 0, 0, 0, 0, 0, 0, -19.418567657470703, 3.698282241821289, 3, -1], [0, 0, 0, 0.0, 0, 0, 6, 3, 8, 0, 0, 0, 0, 1, 1, 5, 0, 0, 0, 2, 0, 1.0, 0, 0, 0, 0, 0, 0, -44.53443908691406, 0.0, 2, -1], [1, 0, 0, 0.0, 0, 0, 4, 3, 6, 0, 0, 0, 0, 1, 1, 4, 0, 0, 0, 2, 0, 1.0, 0, 0, 0, 1, 0, 0, -44.53443908691406, 0.0, 2, -1], [0, 0, 0, 0.0, 0, 0, 8, 3, 10, 0, 0, 0, 0, 1, 1, 6, 0, 0, 0, 2, 0, 1.0, 0, 0, 0, 0, 0, 0, -44.53443908691406, 0.0, 3, -1], [1, 0, 0, 0.2979772090911865, 0, 0, 5, 3, 7, 1, 0, 0, 0, 1, 1, 3, 0, 0, 0, 2, 0, 1.0, 0, 0, 0, 1, 0, 0, -44.53443908691406, 0.0, 7, -1], [0, 0, 0, 0.0, 0, 0, 8, 3, 10, 0, 0, 0, 0, 1, 1, 5, 0, 0, 0, 2, 0, 1.0, 0, 0, 0, 0, 0, 0, -44.53443908691406, 0.0, 2, -1], [1, 0, 0, 0.011348426342010498, 0, 0, 8, 3, 10, 0, 0, 0, 0, 1, 1, 4, 0, 0, 0, 2, 0, 1.0, 0, 0, 0, 1, 0, 0, -44.53443908691406, 0.0, 5, -1], [0, 0, 0, 0.0, 0, 0, 8, 3, 10, 0, 0, 0, 0, 1, 1, 6, 0, 0, 0, 2, 0, 1.0, 0, 0, 0, 0, 0, 0, -44.53443908691406, 0.0, 3, -1], [0, 0, 0, 0.17232835292816162, 0, 0, 8, 3, 10, 0, 0, 0, 0, 1, 1, 4, 0, 0, 0, 2, 0, 1.0, 0, 0, 0, 0, 0, 0, -44.53443908691406, 0.0, 5, -1], [1, 0, 0, 0.22635620832443237, 0, 0, 8, 5, 12, 0, 0, 0, 0, 3, 1, 2, 0, 0, 0, 4, 0, 1.0, 0, 0, 0, 1, 0, 0, -11.243682861328125, 0.8024215698242188, 2, -1], [0, 0, 0, 0.017178356647491455, 0, 0, 8, 5, 12, 1, 0, 0, 0, 3, 1, 4, 0, 0, 0, 4, 0, 1.0, 0, 0, 0, 0, 0, 0, -11.243682861328125, 0.8024215698242188, 3, -1], [1, 0, 0, 0.038920819759368896, 0, 0, 8, 5, 12, 1, 0, 0, 0, 3, 1, 4, 0, 0, 0, 4, 1, 1.0, 0, 0, 0, 0, 0, 0, -11.243682861328125, 0.8024215698242188, 4, -1], [1, 0, 0, 0.007171034812927246, 0, 0, 8, 5, 12, 1, 0, 0, 0, 3, 1, 5, 0, 0, 0, 4, 0, 1.0, 0, 0, 0, 0, 0, 0, -11.243682861328125, 0.8024215698242188, 3, -1], [0, 0, 0, 0.0, 0, 0, 8, 5, 12, 0, 0, 0, 0, 3, 1, 4, 0, 0, 0, 4, 0, 1.0, 0, 0, 0, 0, 0, 0, -11.243682861328125, 0.8024215698242188, 2, -1], [0, 0, 0, 0.0, 0, 0, 8, 5, 12, 0, 0, 0, 0, 3, 1, 4, 0, 0, 0, 4, 0, 1.0, 0, 0, 0, 0, 0, 0, -11.243682861328125, 0.8024215698242188, 2, -1], [0, 0, 0, 0.0, 0, 0, 8, 5, 12, 0, 0, 0, 0, 3, 1, 4, 0, 0, 0, 4, 0, 1.0, 0, 0, 0, 0, 0, 0, -11.243682861328125, 0.8024215698242188, 2, -1], [0, 0, 0, 0.15035992860794067, 0, 0, 7, 5, 11, 0, 0, 0, 0, 3, 1, 6, 0, 0, 0, 4, 0, 1.0, 0, 0, 0, 0, 0, 0, -11.243682861328125, 0.8024215698242188, 6, -1], [0, 0, 0, 0.016946062445640564, 0, 0, 6, 3, 8, 0, 0, 0, 0, 1, 1, 4, 0, 0, 0, 2, 0, 1.0, 0, 0, 0, 0, 0, 0, -44.53443908691406, 0.0, 3, -1], [0, 0, 0, 0.0, 0, 0, 8, 3, 10, 0, 0, 0, 0, 1, 1, 5, 0, 0, 0, 2, 0, 1.0, 0, 0, 0, 0, 0, 0, -44.53443908691406, 0.0, 2, -1], [0, 0, 0, 0.0, 0, 0, 8, 3, 10, 0, 0, 0, 0, 1, 1, 6, 0, 0, 0, 2, 0, 1.0, 0, 0, 0, 0, 0, 0, -44.53443908691406, 0.0, 2, -1], [0, 0, 0, 0.2604268193244934, 0, 0, 7, 3, 9, 0, 1, 0, 0, 1, 1, 5, 0, 0, 0, 2, 0, 1.0, 0, 0, 0, 0, 0, 0, -44.53443908691406, 0.0, 4, -1], [1, 0, 0, 0.0, 0, 0, 8, 3, 10, 1, 1, 0, 0, 1, 1, 3, 0, 0, 0, 2, 0, 1.0, 0, 0, 0, 1, 0, 0, -44.53443908691406, 0.0, 4, -1], [1, 0, 0, 0.20132458209991455, 0, 0, 8, 3, 10, 0, 0, 0, 0, 1, 1, 5, 0, 0, 0, 2, 1, 1.0, 0, 0, 0, 0, 0, 0, -44.53443908691406, 0.0, 5, -1], [0, 0, 0, 0.0, 0, 0, 8, 3, 10, 0, 0, 0, 0, 1, 1, 6, 0, 0, 0, 2, 0, 1.0, 0, 0, 0, 0, 0, 0, -44.53443908691406, 0.0, 6, -1], [0, 0, 0, 0.04056960344314575, 0, 0, 8, 3, 10, 0, 0, 0, 0, 1, 1, 5, 0, 0, 0, 2, 0, 1.0, 0, 0, 0, 0, 0, 0, -44.53443908691406, 0.0, 7, -1], [0, 0, 0, 0.5084903836250305, 0, 0, 8, 3, 10, 0, 0, 0, 0, 1, 1, 5, 0, 0, 0, 2, 0, 1.0, 0, 0, 0, 0, 0, 0, -44.53443908691406, 0.0, 4, -1], [0, 0, 0, 0.0, 0, 0, 8, 3, 10, 0, 0, 0, 0, 1, 1, 4, 0, 0, 0, 2, 0, 1.0, 0, 0, 0, 0, 0, 0, -44.53443908691406, 0.0, 2, -1], [0, 0, 0, 0.32189077138900757, 0, 0, 8, 3, 10, 0, 0, 0, 0, 1, 1, 4, 0, 0, 0, 2, 0, 1.0, 0, 0, 0, 0, 0, 0, -44.53443908691406, 0.0, 3, -1], [1, 0, 0, 0.06733527779579163, 0, 0, 8, 3, 10, 0, 0, 0, 0, 1, 1, 5, 0, 0, 0, 2, 0, 1.0, 0, 0, 0, 1, 0, 0, -44.53443908691406, 0.0, 6, -1], [1, 0, 0, 0.17850738763809204, 0, 0, 8, 3, 10, 1, 1, 0, 0, 1, 1, 6, 0, 0, 0, 2, 0, 1.0, 0, 0, 0, 0, 0, 0, -44.53443908691406, 0.0, 1, -1], [1, 0, 0, 0.0, 0, 0, 8, 3, 10, 1, 0, 0, 0, 1, 1, 4, 0, 0, 0, 2, 0, 1.0, 0, 0, 0, 0, 0, 0, -44.53443908691406, 0.0, 2, -1], [0, 0, 0, 0.0, 0, 0, 8, 3, 10, 0, 0, 0, 0, 1, 1, 8, 0, 0, 0, 2, 0, 1.0, 0, 0, 0, 0, 0, 0, -44.53443908691406, 0.0, 2, -1], [1, 0, 0, 0.0, 0, 0, 8, 3, 10, 0, 0, 0, 0, 1, 1, 2, 0, 0, 0, 2, 0, 1.0, 0, 0, 0, 1, 0, 0, -44.53443908691406, 0.0, 3, -1], [1, 0, 0, 0.0, 0, 0, 8, 13, 20, 0, 0, 0, 0, 8, 2, 4, 0, 0, 0, 12, 0, 1.0, 0, 0, 0, 1, 0, 0, -21.469385147094727, 0.021783828735351562, 3, -1], [1, 0, 0, 0.0, 0, 0, 8, 13, 20, 0, 0, 0, 0, 8, 2, 4, 0, 0, 0, 12, 0, 1.0, 0, 0, 0, 1, 0, 0, -21.469385147094727, 0.021783828735351562, 2, -1], [0, 0, 0, 0.0, 0, 0, 8, 13, 20, 0, 0, 1, 0, 10, 2, 6, 0, 0, 0, 12, 0, 1.0, 0, 0, 0, 0, 0, 0, -10.049816131591797, 7.443759918212891, 2, -1], [0, 0, 0, 0.0, 0, 0, 8, 13, 20, 0, 0, 1, 0, 9, 2, 6, 0, 0, 0, 12, 0, 1.0, 0, 0, 0, 0, 0, 0, -22.380504608154297, 0.046905517578125, 2, -1], [1, 0, 0, 0.0, 0, 0, 8, 13, 20, 0, 0, 0, 0, 9, 2, 6, 0, 0, 0, 12, 0, 1.0, 0, 0, 0, 0, 0, 0, -22.344552993774414, 0.06070518493652344, 2, -1], [1, 0, 0, 0.0, 0, 0, 8, 13, 20, 0, 0, 0, 0, 9, 2, 4, 0, 0, 0, 12, 0, 1.0, 0, 0, 0, 0, 0, 0, -22.344552993774414, 0.06070518493652344, 2, -1], [0, 0, 0, 0.0, 0, 0, 8, 13, 20, 0, 0, 0, 0, 8, 2, 6, 0, 0, 0, 12, 0, 1.0, 0, 0, 0, 0, 0, 0, -21.493993759155273, 0.021154403686523438, 2, -1], [1, 0, 0, 0.0, 0, 0, 8, 13, 20, 0, 0, 0, 0, 9, 2, 6, 0, 0, 0, 12, 0, 1.0, 0, 0, 0, 1, 0, 0, -21.714820861816406, 0.046848297119140625, 2, -1], [1, 0, 0, 0.0, 0, 0, 8, 13, 20, 0, 1, 0, 0, 9, 2, 4, 0, 0, 0, 12, 0, 1.0, 0, 0, 0, 0, 0, 0, -22.344552993774414, 0.06070518493652344, 2, -1], [0, 0, 0, 0.0, 0, 0, 8, 13, 20, 0, 0, 1, 0, 9, 2, 6, 0, 0, 0, 12, 0, 1.0, 0, 0, 0, 0, 0, 0, -21.70946502685547, 0.04607963562011719, 2, -1], [1, 0, 0, 0.0, 0, 0, 8, 13, 20, 0, 0, 0, 0, 8, 2, 6, 0, 0, 0, 12, 0, 1.0, 0, 0, 0, 1, 0, 0, -34.549312591552734, 0.003154754638671875, 2, -1], [0, 0, 0, 0.0, 0, 0, 8, 13, 20, 0, 0, 0, 0, 9, 2, 6, 0, 0, 0, 12, 0, 1.0, 0, 0, 0, 0, 0, 0, -22.34886360168457, 0.06140899658203125, 2, -1], [0, 0, 0, 0.0, 0, 0, 8, 13, 20, 0, 0, 1, 0, 10, 2, 6, 0, 0, 0, 12, 0, 1.0, 0, 0, 0, 0, 0, 0, -10.049816131591797, 7.443759918212891, 2, -1], [1, 0, 0, 0.0, 0, 0, 2, 3, 4, 0, 0, 0, 0, 1, 1, 2, 0, 0, 0, 2, 0, 1.0, 0, 0, 0, 1, 0, 0, -44.53443908691406, 0.0, 4, -1], [0, 0, 0, 0.3413824439048767, 0, 0, 7, 3, 9, 0, 0, 0, 0, 1, 1, 4, 0, 0, 0, 2, 0, 1.0, 0, 0, 0, 0, 0, 0, -44.53443908691406, 0.0, 4, -1], [0, 0, 0, 0.0, 0, 0, 8, 3, 10, 0, 0, 0, 0, 1, 1, 8, 0, 0, 0, 2, 0, 1.0, 0, 0, 0, 0, 0, 0, -44.53443908691406, 0.0, 2, -1], [0, 0, 0, 0.0, 0, 0, 4, 3, 6, 0, 1, 0, 0, 1, 1, 4, 0, 0, 0, 2, 0, 1.0, 0, 0, 0, 0, 0, 0, -44.53443908691406, 0.0, 3, -1], [0, 0, 0, 0.10955548286437988, 0, 0, 8, 3, 10, 0, 0, 0, 0, 1, 1, 3, 0, 0, 0, 2, 0, 1.0, 0, 0, 0, 0, 0, 0, -44.53443908691406, 0.0, 4, -1], [0, 0, 0, 1.1920928955078125e-07, 0, 0, 7, 3, 9, 0, 0, 0, 0, 1, 1, 5, 0, 0, 0, 2, 0, 1.0, 0, 0, 0, 0, 0, 0, -44.53443908691406, 0.0, 2, -1], [0, 0, 0, 0.6035293340682983, 0, 0, 4, 3, 6, 0, 0, 0, 0, 1, 1, 3, 0, 0, 0, 2, 0, 1.0, 0, 0, 0, 0, 0, 0, -44.53443908691406, 0.0, 3, -1], [0, 0, 0, 0.0, 0, 0, 1, 3, 3, 0, 0, 0, 0, 1, 1, 1, 0, 0, 0, 2, 0, 1.0, 0, 0, 0, 0, 0, 0, -44.53443908691406, 0.0, 2, -1], [0, 0, 0, 0.0, 0, 0, 8, 4, 11, 0, 0, 0, 0, 2, 1, 4, 0, 0, 0, 3, 0, 1.0, 0, 0, 0, 0, 0, 0, -19.418567657470703, 3.698282241821289, 4, -1], [1, 0, 0, 5.960464477539063e-08, 0, 0, 6, 4, 9, 1, 0, 0, 0, 2, 1, 6, 0, 0, 0, 3, 0, 1.0, 0, 0, 0, 1, 0, 0, -19.418567657470703, 3.698282241821289, 9, -1], [0, 0, 0, 2.384185791015625e-07, 0, 0, 8, 4, 11, 0, 0, 0, 0, 2, 1, 4, 0, 0, 0, 3, 0, 1.0, 0, 0, 0, 0, 0, 0, -19.418567657470703, 3.698282241821289, 3, -1], [0, 0, 0, 0.0, 0, 0, 8, 4, 11, 0, 0, 0, 0, 2, 1, 7, 0, 0, 0, 3, 0, 1.0, 0, 0, 0, 0, 0, 0, -19.418567657470703, 3.698282241821289, 4, -1], [0, 0, 0, 0.0, 0, 0, 8, 4, 11, 0, 0, 0, 0, 2, 1, 5, 0, 0, 0, 3, 0, 1.0, 0, 0, 0, 0, 0, 0, -19.418567657470703, 3.698282241821289, 4, -1], [0, 0, 0, 0.0, 0, 0, 7, 4, 10, 0, 0, 0, 0, 2, 1, 6, 0, 0, 0, 3, 0, 1.0, 0, 0, 0, 0, 0, 0, -19.418567657470703, 3.698282241821289, 4, -1], [0, 0, 0, 0.0, 0, 0, 5, 3, 7, 0, 0, 0, 0, 1, 1, 5, 0, 0, 0, 2, 0, 1.0, 0, 0, 0, 0, 0, 0, -44.53443908691406, 0.0, 2, -1], [0, 0, 0, 0.0, 0, 0, 6, 3, 8, 0, 0, 0, 0, 1, 1, 4, 0, 0, 0, 2, 0, 1.0, 0, 0, 0, 0, 0, 0, -44.53443908691406, 0.0, 4, -1], [0, 0, 0, 0.0, 0, 0, 8, 3, 10, 0, 0, 0, 0, 1, 1, 6, 0, 0, 0, 2, 0, 1.0, 0, 0, 0, 0, 0, 0, -44.53443908691406, 0.0, 5, -1], [0, 0, 0, 0.6865310072898865, 0, 0, 8, 3, 10, 0, 0, 0, 0, 1, 1, 5, 0, 0, 0, 2, 0, 1.0, 0, 0, 0, 0, 0, 0, -44.53443908691406, 0.0, 5, -1], [0, 0, 0, 0.19820857048034668, 0, 0, 8, 4, 11, 0, 0, 0, 0, 2, 1, 6, 0, 0, 0, 3, 0, 1.0, 0, 0, 0, 0, 0, 0, -19.418567657470703, 3.698282241821289, 2, -1], [1, 0, 0, 0.11157718300819397, 0, 0, 6, 4, 9, 0, 0, 0, 0, 2, 1, 6, 0, 0, 0, 3, 0, 1.0, 0, 0, 0, 1, 0, 0, -19.418567657470703, 3.698282241821289, 9, -1], [0, 0, 0, 0.2198317050933838, 0, 0, 8, 4, 11, 0, 0, 0, 0, 2, 1, 6, 0, 0, 0, 3, 0, 1.0, 0, 0, 0, 0, 0, 0, -19.418567657470703, 3.698282241821289, 3, -1], [0, 0, 0, 0.0, 0, 0, 8, 5, 12, 0, 0, 0, 0, 3, 1, 5, 0, 0, 0, 4, 0, 1.0, 0, 0, 0, 0, 0, 0, -14.671255111694336, 13.012805938720703, 3, -1], [0, 0, 0, 0.0, 0, 0, 8, 5, 12, 0, 0, 0, 0, 3, 1, 5, 0, 0, 0, 4, 0, 1.0, 0, 0, 0, 0, 0, 0, -14.671255111694336, 13.012805938720703, 4, -1], [1, 0, 0, 0.0, 0, 0, 8, 5, 12, 0, 0, 0, 0, 3, 1, 5, 0, 0, 0, 4, 0, 1.0, 0, 0, 0, 1, 0, 0, -25.964998245239258, 0.6304244995117188, 2, -1], [1, 0, 0, 0.0, 0, 0, 8, 5, 12, 0, 0, 0, 0, 3, 1, 6, 0, 0, 0, 4, 0, 1.0, 0, 0, 0, 1, 0, 0, -25.964998245239258, 0.6304244995117188, 2, -1], [0, 0, 0, 1.7881393432617188e-07, 0, 0, 8, 4, 11, 0, 0, 0, 0, 2, 1, 5, 0, 0, 0, 3, 0, 1.0, 0, 0, 0, 0, 0, 0, -37.24354553222656, 3.311084747314453, 4, -1], [1, 0, 0, 0.0, 0, 0, 8, 4, 11, 0, 0, 0, 0, 2, 1, 4, 0, 0, 0, 3, 0, 1.0, 0, 0, 0, 1, 0, 0, -22.01679039001465, 17.14283561706543, 4, -1], [1, 0, 0, 0.1486636996269226, 0, 0, 8, 4, 11, 0, 0, 0, 0, 2, 1, 3, 0, 0, 0, 3, 0, 1.0, 0, 0, 0, 1, 0, 0, -22.01679039001465, 17.14283561706543, 4, -1], [0, 0, 0, 0.28578251600265503, 0, 0, 8, 3, 10, 0, 0, 0, 0, 1, 1, 6, 0, 0, 0, 2, 0, 1.0, 0, 0, 0, 0, 0, 0, -44.53443908691406, 0.0, 4, -1], [0, 0, 0, 0.2526669502258301, 0, 0, 8, 3, 10, 0, 0, 0, 0, 1, 1, 6, 0, 0, 0, 2, 0, 1.0, 0, 0, 0, 0, 0, 0, -44.53443908691406, 0.0, 5, -1], [0, 0, 0, 0.2725486159324646, 0, 0, 7, 3, 9, 0, 1, 0, 0, 1, 1, 7, 0, 0, 0, 2, 0, 1.0, 0, 0, 0, 0, 0, 0, -44.53443908691406, 0.0, 5, -1], [0, 0, 0, 0.0, 0, 0, 8, 3, 10, 0, 0, 0, 0, 1, 1, 5, 0, 0, 0, 2, 0, 1.0, 0, 0, 0, 0, 0, 0, -44.53443908691406, 0.0, 2, -1], [1, 0, 0, 0.16072526574134827, 0, 0, 2, 3, 4, 0, 0, 0, 0, 1, 1, 2, 0, 0, 0, 2, 0, 1.0, 0, 0, 0, 1, 0, 0, -44.53443908691406, 0.0, 4, -1], [0, 0, 0, 0.04616755247116089, 0, 0, 6, 3, 8, 0, 0, 0, 0, 1, 1, 4, 0, 0, 0, 2, 0, 1.0, 0, 0, 0, 0, 0, 0, -44.53443908691406, 0.0, 4, -1], [0, 0, 0, 0.0, 0, 0, 8, 3, 10, 0, 0, 0, 0, 1, 1, 6, 0, 0, 0, 2, 0, 1.0, 0, 0, 0, 0, 0, 0, -44.53443908691406, 0.0, 2, -1], [0, 0, 0, 0.0011224746704101562, 0, 0, 2, 3, 4, 0, 0, 0, 0, 1, 1, 1, 0, 0, 0, 2, 0, 1.0, 0, 0, 0, 0, 0, 0, -44.53443908691406, 0.0, 3, -1], [0, 0, 0, 0.0, 0, 0, 8, 3, 10, 0, 0, 0, 0, 1, 1, 4, 0, 0, 0, 2, 0, 1.0, 0, 0, 0, 0, 0, 0, -44.53443908691406, 0.0, 11, -1], [0, 0, 0, 0.0, 0, 0, 8, 3, 10, 0, 0, 0, 0, 1, 1, 6, 0, 0, 0, 2, 0, 1.0, 0, 0, 0, 0, 0, 0, -44.53443908691406, 0.0, 3, -1], [0, 0, 0, 0.0, 0, 0, 8, 3, 10, 0, 0, 0, 0, 1, 1, 5, 0, 0, 0, 2, 0, 1.0, 0, 0, 0, 0, 0, 0, -44.53443908691406, 0.0, 3, -1], [0, 0, 0, 0.0029780566692352295, 0, 0, 8, 3, 10, 0, 0, 0, 0, 1, 1, 4, 0, 0, 0, 2, 0, 1.0, 0, 0, 0, 0, 0, 0, -44.53443908691406, 0.0, 10, -1], [1, 0, 0, 0.06848949193954468, 0, 0, 8, 3, 10, 0, 0, 0, 0, 1, 1, 6, 0, 0, 0, 2, 0, 1.0, 0, 0, 0, 1, 0, 0, -44.53443908691406, 0.0, 6, -1], [0, 0, 0, 0.43473148345947266, 0, 0, 4, 3, 6, 0, 0, 0, 0, 1, 1, 4, 0, 0, 0, 2, 0, 1.0, 0, 0, 0, 0, 0, 0, -44.53443908691406, 0.0, 5, -1], [1, 0, 0, 0.0, 0, 0, 5, 3, 7, 0, 0, 0, 0, 1, 1, 5, 0, 0, 0, 2, 0, 1.0, 0, 0, 0, 1, 0, 0, -44.53443908691406, 0.0, 9, -1], [0, 0, 0, 0.41185152530670166, 0, 0, 8, 3, 10, 0, 0, 0, 0, 1, 1, 4, 0, 0, 0, 2, 0, 1.0, 0, 0, 0, 0, 0, 0, -44.53443908691406, 0.0, 2, -1], [0, 0, 0, 0.0, 0, 0, 8, 3, 10, 0, 0, 0, 0, 1, 1, 5, 0, 0, 0, 2, 0, 1.0, 0, 0, 0, 0, 0, 0, -44.53443908691406, 0.0, 3, -1], [1, 0, 0, 0.0, 0, 0, 8, 3, 10, 1, 0, 0, 0, 1, 1, 4, 0, 0, 0, 2, 0, 1.0, 0, 0, 0, 0, 0, 0, -44.53443908691406, 0.0, 5, -1], [1, 0, 0, 0.0, 0, 0, 2, 3, 4, 0, 0, 0, 0, 1, 1, 2, 0, 0, 0, 2, 0, 1.0, 0, 0, 0, 1, 0, 0, -44.53443908691406, 0.0, 6, -1], [0, 0, 0, 0.0, 0, 0, 5, 3, 7, 0, 0, 0, 0, 1, 1, 5, 0, 0, 0, 2, 0, 1.0, 0, 0, 0, 0, 0, 0, -44.53443908691406, 0.0, 7, -1], [0, 0, 0, 0.0, 0, 0, 8, 3, 10, 0, 0, 0, 0, 1, 1, 5, 0, 0, 0, 2, 0, 1.0, 0, 0, 0, 0, 0, 0, -44.53443908691406, 0.0, 3, -1], [1, 0, 0, 0.10864579677581787, 0, 0, 8, 3, 10, 0, 0, 0, 0, 1, 1, 7, 0, 0, 0, 2, 0, 1.0, 0, 0, 0, 1, 0, 0, -44.53443908691406, 0.0, 4, -1], [0, 0, 0, 0.3674359917640686, 0, 0, 8, 3, 10, 0, 0, 0, 0, 1, 1, 4, 0, 0, 0, 2, 0, 1.0, 0, 0, 0, 0, 0, 0, -44.53443908691406, 0.0, 5, -1], [0, 0, 0, 0.0, 0, 0, 8, 3, 10, 0, 0, 0, 0, 1, 1, 6, 0, 0, 0, 2, 0, 1.0, 0, 0, 0, 0, 0, 0, -44.53443908691406, 0.0, 2, -1], [0, 0, 0, 0.0, 0, 0, 8, 3, 10, 0, 0, 0, 0, 1, 1, 6, 0, 0, 0, 2, 0, 1.0, 0, 0, 0, 0, 0, 0, -44.53443908691406, 0.0, 2, -1], [1, 0, 0, 0.046812593936920166, 0, 0, 2, 3, 4, 1, 0, 0, 0, 1, 1, 2, 0, 0, 0, 2, 1, 1.0, 0, 0, 0, 1, 0, 0, -44.53443908691406, 0.0, 3, -1], [1, 0, 0, 0.10864526033401489, 0, 0, 8, 3, 10, 0, 0, 0, 0, 1, 1, 7, 0, 0, 0, 2, 0, 1.0, 0, 0, 0, 1, 0, 0, -44.53443908691406, 0.0, 4, -1], [0, 0, 0, 0.0, 0, 0, 7, 3, 9, 0, 0, 0, 0, 1, 1, 4, 0, 0, 0, 2, 0, 1.0, 0, 0, 0, 0, 0, 0, -44.53443908691406, 0.0, 6, -1], [0, 0, 0, 0.0, 0, 0, 8, 3, 10, 0, 0, 0, 0, 1, 1, 7, 0, 0, 0, 2, 0, 1.0, 0, 0, 0, 0, 0, 0, -44.53443908691406, 0.0, 3, -1], [0, 0, 0, 0.27512508630752563, 0, 0, 8, 3, 10, 0, 0, 0, 0, 1, 1, 4, 0, 0, 0, 2, 0, 1.0, 0, 0, 0, 0, 0, 0, -44.53443908691406, 0.0, 5, -1], [0, 0, 0, 0.03088855743408203, 0, 0, 4, 3, 6, 0, 0, 0, 0, 1, 1, 3, 0, 0, 0, 2, 0, 1.0, 0, 0, 0, 0, 0, 0, -44.53443908691406, 0.0, 4, -1], [0, 0, 0, 0.06928816437721252, 0, 0, 8, 3, 10, 0, 0, 0, 0, 1, 1, 3, 0, 0, 0, 2, 0, 1.0, 0, 0, 0, 0, 0, 0, -44.53443908691406, 0.0, 2, -1], [0, 0, 0, 0.0, 0, 0, 4, 3, 6, 0, 0, 0, 0, 1, 1, 4, 0, 0, 0, 2, 0, 1.0, 0, 0, 0, 0, 0, 0, -44.53443908691406, 0.0, 2, -1], [0, 0, 0, 0.0, 0, 0, 8, 3, 10, 0, 0, 0, 0, 1, 1, 8, 0, 0, 0, 2, 0, 1.0, 0, 0, 0, 0, 0, 0, -44.53443908691406, 0.0, 2, -1], [0, 0, 0, 0.0, 0, 0, 8, 6, 13, 0, 0, 0, 0, 4, 1, 7, 0, 0, 0, 5, 0, 1.0, 0, 0, 0, 0, 0, 0, -5.8383917808532715, 0.5276145935058594, 4, -1], [0, 0, 0, 0.019983023405075073, 0, 0, 8, 6, 13, 0, 0, 0, 0, 4, 1, 5, 0, 0, 0, 5, 0, 1.0, 0, 0, 0, 0, 0, 0, -5.8383917808532715, 0.5276145935058594, 1, -1], [0, 0, 0, 0.0, 0, 0, 8, 6, 13, 0, 0, 0, 0, 4, 1, 6, 0, 0, 0, 5, 0, 1.0, 0, 0, 0, 0, 0, 0, -5.8383917808532715, 0.5276145935058594, 5, -1], [0, 0, 0, 0.0, 0, 0, 8, 6, 13, 0, 0, 0, 0, 4, 1, 6, 0, 0, 0, 5, 0, 1.0, 0, 0, 0, 0, 0, 0, -5.8383917808532715, 0.5276145935058594, 3, -1], [0, 0, 0, 0.0, 0, 0, 8, 6, 13, 0, 0, 0, 0, 4, 1, 7, 0, 0, 0, 5, 0, 1.0, 0, 0, 0, 0, 0, 0, -5.8383917808532715, 0.5276145935058594, 3, -1], [0, 0, 0, 0.0009189844131469727, 0, 0, 8, 5, 12, 0, 0, 0, 0, 3, 1, 2, 0, 0, 0, 4, 0, 1.0, 0, 0, 0, 0, 0, 0, -11.243682861328125, 0.8024215698242188, 4, -1], [1, 0, 0, 0.026632368564605713, 0, 0, 8, 5, 12, 1, 0, 0, 0, 3, 1, 4, 0, 0, 0, 4, 0, 1.0, 0, 0, 0, 0, 0, 0, -11.243682861328125, 0.8024215698242188, 3, -1], [1, 0, 0, 0.04318976402282715, 0, 0, 8, 5, 12, 0, 0, 0, 0, 3, 1, 5, 0, 0, 0, 4, 0, 1.0, 0, 0, 0, 1, 0, 0, -11.243682861328125, 0.8024215698242188, 4, -1], [0, 0, 0, 0.05473661422729492, 0, 0, 8, 5, 12, 0, 0, 0, 0, 3, 1, 1, 0, 0, 0, 4, 0, 1.0, 0, 0, 0, 0, 0, 0, -11.243682861328125, 0.8024215698242188, 3, -1], [0, 0, 0, 0.0, 0, 0, 7, 3, 9, 0, 0, 0, 0, 1, 1, 6, 0, 0, 0, 2, 0, 1.0, 0, 0, 0, 0, 0, 0, -44.53443908691406, 0.0, 3, -1], [0, 0, 0, 0.0, 0, 0, 8, 3, 10, 0, 0, 0, 0, 1, 1, 5, 0, 0, 0, 2, 0, 1.0, 0, 0, 0, 0, 0, 0, -44.53443908691406, 0.0, 5, -1], [0, 0, 0, 0.0, 0, 0, 8, 3, 10, 0, 0, 0, 0, 1, 1, 5, 0, 0, 0, 2, 0, 1.0, 0, 0, 0, 0, 0, 0, -44.53443908691406, 0.0, 4, -1], [0, 0, 0, 0.0, 0, 0, 3, 3, 5, 0, 0, 0, 0, 1, 1, 3, 0, 0, 0, 2, 0, 1.0, 0, 0, 0, 0, 0, 0, -44.53443908691406, 0.0, 2, -1], [0, 0, 0, 0.0, 0, 0, 8, 3, 10, 0, 0, 0, 0, 1, 1, 5, 0, 0, 0, 2, 0, 1.0, 0, 0, 0, 0, 0, 0, -44.53443908691406, 0.0, 2, -1], [0, 0, 0, 0.0034233033657073975, 0, 0, 8, 3, 10, 0, 0, 0, 0, 1, 1, 4, 0, 0, 0, 2, 0, 1.0, 0, 0, 0, 0, 0, 0, -44.53443908691406, 0.0, 3, -1], [1, 0, 0, 0.22293636202812195, 0, 0, 4, 3, 6, 0, 0, 0, 0, 1, 1, 4, 0, 0, 0, 2, 0, 1.0, 0, 0, 0, 1, 0, 0, -44.53443908691406, 0.0, 5, -1], [0, 0, 0, 0.0, 0, 0, 8, 3, 10, 0, 0, 0, 0, 1, 1, 5, 0, 0, 0, 2, 0, 1.0, 0, 0, 0, 0, 0, 0, -44.53443908691406, 0.0, 5, -1], [0, 0, 0, 0.012867867946624756, 0, 0, 8, 5, 12, 0, 1, 0, 0, 3, 1, 6, 0, 0, 0, 4, 0, 1.0, 0, 0, 0, 0, 0, 0, -11.243682861328125, 0.8024215698242188, 3, -1], [1, 0, 0, 0.07739138603210449, 0, 0, 8, 5, 12, 0, 0, 0, 0, 3, 1, 3, 0, 0, 0, 4, 0, 1.0, 0, 0, 0, 1, 0, 0, -11.243682861328125, 0.8024215698242188, 6, -1], [1, 0, 0, 0.0, 0, 0, 8, 5, 12, 0, 0, 0, 0, 3, 1, 7, 0, 0, 0, 4, 0, 1.0, 0, 0, 0, 1, 0, 0, -11.243682861328125, 0.8024215698242188, 7, -1], [1, 0, 0, 0.05750387907028198, 0, 0, 8, 5, 12, 0, 0, 0, 0, 3, 1, 3, 0, 0, 0, 4, 0, 1.0, 0, 0, 0, 1, 0, 0, -11.243682861328125, 0.8024215698242188, 5, -1], [0, 0, 0, 0.21546626091003418, 0, 0, 8, 3, 10, 0, 0, 0, 0, 1, 1, 3, 0, 0, 0, 2, 0, 1.0, 0, 0, 0, 0, 0, 0, -44.53443908691406, 0.0, 4, -1], [0, 0, 0, 0.0, 0, 0, 8, 3, 10, 0, 0, 0, 0, 1, 1, 4, 0, 0, 0, 2, 0, 1.0, 0, 0, 0, 0, 0, 0, -44.53443908691406, 0.0, 2, -1], [0, 0, 0, 0.0, 0, 0, 8, 3, 10, 0, 0, 0, 0, 1, 1, 4, 0, 0, 0, 2, 0, 1.0, 0, 0, 0, 0, 0, 0, -44.53443908691406, 0.0, 5, -1], [0, 0, 0, 0.0, 0, 0, 8, 3, 10, 0, 0, 0, 0, 1, 1, 6, 0, 0, 0, 2, 0, 1.0, 0, 0, 0, 0, 0, 0, -44.53443908691406, 0.0, 3, -1], [1, 0, 0, 0.0, 0, 0, 8, 3, 10, 1, 0, 0, 0, 1, 1, 7, 0, 0, 0, 2, 0, 1.0, 0, 0, 0, 0, 0, 0, -44.53443908691406, 0.0, 3, -1], [1, 0, 0, 0.0, 0, 0, 8, 3, 10, 1, 0, 0, 0, 1, 1, 4, 0, 0, 0, 2, 0, 1.0, 0, 0, 0, 0, 0, 0, -44.53443908691406, 0.0, 3, -1], [0, 0, 0, 0.0, 0, 0, 8, 3, 10, 0, 0, 0, 0, 1, 1, 7, 0, 0, 0, 2, 0, 1.0, 0, 0, 0, 0, 0, 0, -44.53443908691406, 0.0, 3, -1], [1, 0, 0, 0.29790160059928894, 0, 0, 5, 3, 7, 0, 0, 0, 0, 1, 1, 4, 0, 0, 0, 2, 0, 1.0, 0, 0, 0, 1, 0, 0, -44.53443908691406, 0.0, 4, -1], [0, 0, 0, 0.0, 0, 0, 6, 3, 8, 0, 0, 0, 0, 1, 1, 5, 0, 0, 0, 2, 0, 1.0, 0, 0, 0, 0, 0, 0, -44.53443908691406, 0.0, 2, -1], [0, 0, 0, 0.0, 0, 0, 8, 3, 10, 0, 0, 0, 0, 1, 1, 3, 0, 0, 0, 2, 0, 1.0, 0, 0, 0, 0, 0, 0, -44.53443908691406, 0.0, 3, -1], [1, 0, 0, 0.0, 0, 0, 8, 3, 10, 1, 0, 0, 0, 1, 1, 5, 0, 0, 0, 2, 0, 1.0, 0, 0, 0, 0, 0, 0, -44.53443908691406, 0.0, 2, -1], [1, 0, 0, 0.0, 0, 0, 8, 3, 10, 1, 0, 0, 0, 1, 1, 4, 0, 0, 0, 2, 0, 1.0, 0, 0, 0, 0, 0, 0, -44.53443908691406, 0.0, 2, -1], [1, 0, 0, 0.0, 0, 0, 4, 3, 6, 1, 0, 0, 0, 1, 1, 4, 0, 0, 0, 2, 0, 1.0, 0, 0, 0, 0, 0, 0, -44.53443908691406, 0.0, 2, -1], [1, 0, 0, 0.0, 0, 0, 8, 3, 10, 0, 0, 0, 0, 1, 1, 5, 0, 0, 0, 2, 0, 1.0, 0, 0, 0, 0, 0, 0, -44.53443908691406, 0.0, 2, -1], [0, 0, 0, 0.36239248514175415, 0, 0, 7, 3, 9, 0, 0, 0, 0, 1, 1, 4, 0, 0, 0, 2, 0, 1.0, 0, 0, 0, 0, 0, 0, -44.53443908691406, 0.0, 4, -1], [0, 0, 0, 0.0, 0, 0, 8, 3, 10, 0, 0, 0, 0, 1, 1, 6, 0, 0, 0, 2, 0, 1.0, 0, 0, 0, 0, 0, 0, -44.53443908691406, 0.0, 4, -1], [1, 0, 0, 0.0, 0, 0, 4, 3, 6, 0, 0, 0, 0, 1, 1, 3, 0, 0, 0, 2, 0, 1.0, 0, 0, 0, 1, 0, 0, -44.53443908691406, 0.0, 4, -1], [0, 0, 0, 0.0, 0, 0, 8, 3, 10, 0, 1, 0, 0, 1, 1, 6, 0, 0, 0, 2, 0, 1.0, 0, 0, 0, 0, 0, 0, -44.53443908691406, 0.0, 2, -1], [0, 0, 0, 0.0, 0, 0, 8, 3, 10, 0, 0, 0, 0, 1, 1, 3, 0, 0, 0, 2, 0, 1.0, 0, 0, 0, 0, 0, 0, -44.53443908691406, 0.0, 3, -1], [0, 0, 0, 0.0, 0, 0, 4, 3, 6, 0, 0, 0, 0, 1, 1, 4, 0, 0, 0, 2, 0, 1.0, 0, 0, 0, 0, 0, 0, -44.53443908691406, 0.0, 3, -1], [0, 0, 0, 0.031370386481285095, 0, 0, 8, 3, 10, 0, 0, 0, 0, 1, 1, 6, 0, 0, 0, 2, 0, 1.0, 0, 0, 0, 0, 0, 0, -44.53443908691406, 0.0, 6, -1], [0, 0, 0, 0.00038157403469085693, 0, 0, 8, 3, 10, 0, 0, 0, 0, 1, 1, 5, 0, 0, 0, 2, 0, 1.0, 0, 0, 0, 0, 0, 0, -44.53443908691406, 0.0, 6, -1], [0, 0, 0, 0.7702282816171646, 0, 0, 3, 3, 5, 0, 0, 0, 0, 1, 1, 3, 0, 0, 0, 2, 0, 1.0, 0, 0, 0, 0, 0, 0, -44.85199737548828, 0.0, 3, -1], [1, 0, 0, 0.0, 0, 0, 8, 3, 10, 0, 0, 0, 0, 1, 1, 5, 0, 0, 0, 2, 0, 1.0, 0, 0, 0, 1, 0, 0, -44.82083511352539, 0.0, 2, -1], [0, 0, 0, 0.17528420686721802, 0, 0, 8, 3, 10, 0, 0, 0, 0, 1, 1, 3, 0, 0, 0, 2, 0, 1.0, 0, 0, 0, 0, 0, 0, -44.53443908691406, 0.0, 4, -1], [0, 0, 0, 0.747974157333374, 0, 0, 6, 3, 8, 0, 0, 0, 0, 1, 1, 6, 0, 0, 0, 2, 0, 1.0, 0, 0, 0, 0, 0, 0, -44.53443908691406, 0.0, 7, -1], [1, 0, 0, 0.0, 0, 0, 8, 3, 10, 1, 1, 0, 0, 1, 1, 6, 0, 0, 0, 2, 0, 1.0, 0, 0, 0, 0, 0, 0, -44.53443908691406, 0.0, 2, -1], [1, 0, 0, 0.0, 0, 0, 8, 3, 10, 0, 0, 0, 0, 1, 1, 6, 0, 0, 0, 2, 0, 1.0, 0, 0, 0, 0, 0, 0, -44.53443908691406, 0.0, 2, -1], [0, 0, 0, 0.0, 0, 0, 7, 3, 9, 0, 0, 0, 0, 1, 1, 5, 0, 0, 0, 2, 0, 1.0, 0, 0, 0, 0, 0, 0, -44.53443908691406, 0.0, 9, -1], [1, 0, 0, 0.11099815368652344, 0, 0, 7, 3, 9, 0, 0, 0, 0, 1, 1, 7, 0, 0, 0, 2, 0, 1.0, 0, 0, 0, 1, 0, 0, -44.53443908691406, 0.0, 7, -1], [0, 0, 0, 0.0, 0, 0, 8, 3, 10, 1, 1, 0, 0, 1, 1, 2, 0, 0, 0, 2, 0, 1.0, 0, 0, 0, 0, 0, 0, -44.53443908691406, 0.0, 3, -1], [0, 0, 0, 0.0, 0, 0, 8, 3, 10, 0, 0, 0, 0, 1, 1, 7, 0, 0, 0, 2, 0, 1.0, 0, 0, 0, 0, 0, 0, -44.53443908691406, 0.0, 2, -1], [1, 0, 0, 0.0, 0, 0, 8, 3, 10, 1, 0, 0, 0, 1, 1, 3, 0, 0, 0, 2, 0, 1.0, 0, 0, 0, 0, 0, 0, -44.53443908691406, 0.0, 3, -1], [1, 0, 0, 0.0, 0, 0, 3, 3, 5, 1, 0, 0, 0, 1, 1, 3, 0, 0, 0, 2, 0, 1.0, 0, 0, 0, 0, 0, 0, -44.53443908691406, 0.0, 3, -1], [0, 0, 0, 0.05428504943847656, 0, 0, 8, 4, 11, 0, 0, 0, 0, 2, 1, 8, 0, 0, 0, 3, 0, 1.0, 0, 0, 0, 0, 0, 0, -19.418567657470703, 3.698282241821289, 12, -1], [0, 0, 0, 0.010732054710388184, 0, 0, 8, 4, 11, 0, 0, 0, 0, 2, 1, 6, 0, 0, 0, 3, 0, 1.0, 0, 0, 0, 0, 0, 0, -19.418567657470703, 3.698282241821289, 6, -1], [0, 0, 0, 0.05696210265159607, 0, 0, 5, 4, 8, 0, 0, 0, 0, 2, 1, 5, 0, 0, 0, 3, 0, 1.0, 0, 0, 0, 0, 0, 0, -19.418567657470703, 3.698282241821289, 9, -1], [1, 0, 0, 0.31670746207237244, 0, 0, 8, 3, 10, 0, 0, 0, 0, 1, 1, 2, 0, 0, 0, 2, 0, 1.0, 0, 0, 0, 1, 0, 0, -44.53443908691406, 0.0, 3, -1], [0, 0, 0, 0.17265969514846802, 0, 0, 8, 3, 10, 0, 0, 0, 0, 1, 1, 6, 0, 0, 0, 2, 0, 1.0, 0, 0, 0, 0, 0, 0, -44.53443908691406, 0.0, 2, -1], [0, 0, 0, 0.0, 0, 0, 8, 3, 10, 0, 0, 0, 0, 1, 1, 6, 0, 0, 0, 2, 0, 1.0, 0, 0, 0, 0, 0, 0, -44.53443908691406, 0.0, 2, -1], [0, 0, 0, 0.0, 0, 0, 2, 3, 4, 0, 0, 0, 0, 1, 1, 2, 0, 0, 0, 2, 0, 1.0, 0, 0, 0, 0, 0, 0, -44.53443908691406, 0.0, 2, -1], [0, 0, 0, 0.0, 0, 0, 8, 3, 10, 0, 0, 0, 0, 1, 1, 6, 0, 0, 0, 2, 0, 1.0, 0, 0, 0, 0, 0, 0, -44.53443908691406, 0.0, 2, -1], [0, 0, 0, 0.0, 0, 0, 8, 3, 10, 0, 0, 0, 0, 1, 1, 5, 0, 0, 0, 2, 0, 1.0, 0, 0, 0, 0, 0, 0, -44.53443908691406, 0.0, 2, -1], [1, 0, 0, 0.020095527172088623, 0, 0, 8, 3, 10, 0, 0, 0, 0, 1, 1, 5, 0, 0, 0, 2, 0, 1.0, 0, 0, 0, 1, 0, 0, -44.53443908691406, 0.0, 5, -1], [0, 0, 0, 0.0, 0, 0, 7, 3, 9, 0, 0, 0, 0, 1, 1, 5, 0, 0, 0, 2, 0, 1.0, 0, 0, 0, 0, 0, 0, -44.53443908691406, 0.0, 5, -1], [0, 0, 0, 0.0, 0, 0, 8, 5, 12, 0, 0, 0, 0, 3, 1, 6, 0, 0, 0, 4, 0, 1.0, 0, 0, 0, 0, 0, 0, -11.243682861328125, 0.8024215698242188, 2, -1], [1, 0, 0, 0.062196969985961914, 0, 0, 8, 5, 12, 1, 1, 0, 0, 3, 1, 7, 0, 0, 0, 4, 0, 1.0, 0, 0, 0, 0, 0, 0, -11.243682861328125, 0.8024215698242188, 4, -1], [1, 0, 0, 0.0, 0, 0, 8, 5, 12, 1, 0, 0, 0, 3, 1, 6, 0, 0, 0, 4, 0, 1.0, 0, 0, 0, 0, 0, 0, -11.243682861328125, 0.8024215698242188, 3, -1], [0, 0, 0, 0.0, 0, 0, 8, 5, 12, 0, 0, 0, 0, 3, 1, 5, 0, 0, 0, 4, 0, 1.0, 0, 0, 0, 0, 0, 0, -11.243682861328125, 0.8024215698242188, 2, -1], [1, 0, 0, 0.18180906772613525, 0, 0, 7, 3, 9, 0, 0, 0, 0, 1, 1, 5, 0, 0, 0, 2, 0, 1.0, 0, 0, 0, 1, 0, 0, -44.53443908691406, 0.0, 4, -1], [0, 0, 0, 0.011299997568130493, 0, 0, 8, 3, 10, 0, 0, 0, 0, 1, 1, 6, 0, 0, 0, 2, 0, 1.0, 0, 0, 0, 0, 0, 0, -44.53443908691406, 0.0, 8, -1], [0, 0, 0, 0.0, 0, 0, 8, 3, 10, 0, 0, 0, 0, 1, 1, 4, 0, 0, 0, 2, 0, 1.0, 0, 0, 0, 0, 0, 0, -44.53443908691406, 0.0, 3, -1], [0, 0, 0, 0.0, 0, 0, 8, 3, 10, 0, 1, 0, 0, 1, 1, 6, 0, 0, 0, 2, 0, 1.0, 0, 0, 0, 0, 0, 0, -44.53443908691406, 0.0, 5, -1], [0, 0, 0, 0.02723972499370575, 0, 0, 5, 3, 7, 0, 0, 0, 0, 1, 1, 3, 0, 0, 0, 2, 0, 1.0, 0, 0, 0, 0, 0, 0, -44.53443908691406, 0.0, 3, -1], [0, 0, 0, 0.4182622730731964, 0, 0, 8, 3, 10, 0, 0, 0, 0, 1, 1, 5, 0, 0, 0, 2, 0, 1.0, 0, 0, 0, 0, 0, 0, -44.53443908691406, 0.0, 8, -1], [0, 0, 0, 0.28850269317626953, 0, 0, 8, 3, 10, 0, 0, 0, 0, 1, 1, 5, 0, 0, 0, 2, 0, 1.0, 0, 0, 0, 0, 0, 0, -44.53443908691406, 0.0, 1, -1], [0, 0, 0, 0.007018983364105225, 0, 0, 8, 3, 10, 0, 0, 0, 0, 1, 1, 6, 0, 0, 0, 2, 0, 1.0, 0, 0, 0, 0, 0, 0, -44.53443908691406, 0.0, 7, -1], [0, 0, 0, 0.0, 0, 0, 8, 3, 10, 0, 0, 0, 0, 1, 1, 5, 0, 0, 0, 2, 0, 1.0, 0, 0, 0, 0, 0, 0, -44.53443908691406, 0.0, 2, -1], [0, 0, 0, 0.20453691482543945, 0, 0, 8, 3, 10, 0, 0, 0, 0, 1, 1, 6, 0, 0, 0, 2, 0, 1.0, 0, 0, 0, 0, 0, 0, -44.53443908691406, 0.0, 8, -1], [1, 0, 0, 0.0, 0, 0, 8, 3, 10, 0, 0, 0, 0, 1, 1, 6, 0, 0, 0, 2, 0, 1.0, 0, 0, 0, 1, 0, 0, -44.53443908691406, 0.0, 2, -1], [0, 0, 0, 0.0, 0, 0, 8, 3, 10, 0, 0, 0, 0, 1, 1, 7, 0, 0, 0, 2, 0, 1.0, 0, 0, 0, 0, 0, 0, -44.53443908691406, 0.0, 3, -1], [0, 0, 0, 0.0, 0, 0, 7, 3, 9, 0, 0, 0, 0, 1, 1, 6, 0, 0, 0, 2, 0, 1.0, 0, 0, 0, 0, 0, 0, -44.53443908691406, 0.0, 6, -1], [0, 0, 0, 0.0, 0, 0, 8, 3, 10, 0, 0, 0, 0, 1, 1, 4, 0, 0, 0, 2, 0, 1.0, 0, 0, 0, 0, 0, 0, -44.53443908691406, 0.0, 5, -1], [0, 0, 0, 0.3800138235092163, 0, 0, 8, 3, 10, 0, 0, 0, 0, 1, 1, 4, 0, 0, 0, 2, 0, 1.0, 0, 0, 0, 0, 0, 0, -44.53443908691406, 0.0, 3, -1], [0, 0, 0, 0.5058189928531647, 0, 0, 4, 3, 6, 0, 0, 0, 0, 1, 1, 3, 0, 0, 0, 2, 0, 1.0, 0, 0, 0, 0, 0, 0, -44.53443908691406, 0.0, 2, -1], [0, 0, 0, 0.0, 0, 0, 8, 3, 10, 0, 0, 0, 0, 1, 1, 6, 0, 0, 0, 2, 0, 1.0, 0, 0, 0, 0, 0, 0, -44.53443908691406, 0.0, 2, -1], [0, 0, 0, 0.10538357496261597, 0, 0, 8, 3, 10, 0, 0, 0, 0, 1, 1, 4, 0, 0, 0, 2, 0, 1.0, 0, 0, 0, 0, 0, 0, -44.53443908691406, 0.0, 4, -1], [0, 0, 0, 0.0, 0, 0, 8, 3, 10, 0, 0, 0, 0, 1, 1, 3, 0, 0, 0, 2, 0, 1.0, 0, 0, 0, 0, 0, 0, -44.53443908691406, 0.0, 3, -1], [1, 0, 0, 0.0, 0, 0, 2, 3, 4, 0, 0, 0, 0, 1, 1, 2, 0, 0, 0, 2, 0, 1.0, 0, 0, 0, 1, 0, 0, -44.53443908691406, 0.0, 5, -1], [1, 0, 0, 0.13618671894073486, 0, 0, 8, 3, 10, 0, 0, 0, 0, 1, 1, 5, 0, 0, 0, 2, 0, 1.0, 0, 0, 0, 1, 0, 0, -44.53443908691406, 0.0, 5, -1], [0, 0, 0, 0.0, 0, 0, 8, 3, 10, 1, 0, 0, 0, 1, 1, 5, 0, 0, 0, 2, 0, 1.0, 0, 0, 0, 0, 0, 0, -44.53443908691406, 0.0, 4, -1], [1, 0, 1, 0.003965497016906738, 0, 1, 7, 6, 12, 0, 0, 0, 0, 4, 1, 7, 0, 0, 0, 5, 0, 1.0, 0, 0, 2, 1, 0, 0, 14.714815139770508, 47.30139923095703, 11, -1], [1, 0, 1, 0.04092353582382202, 0, 1, 7, 6, 12, 0, 0, 0, 0, 4, 1, 7, 0, 0, 0, 5, 0, 1.0, 0, 0, 2, 1, 0, 0, 14.714815139770508, 47.33435821533203, 11, -1], [1, 0, 1, 0.0331173837184906, 0, 1, 7, 6, 12, 0, 0, 0, 0, 4, 1, 7, 0, 0, 0, 5, 0, 1.0, 0, 0, 2, 1, 0, 0, 14.714815139770508, 47.30139923095703, 9, -1], [1, 0, 1, 0.0, 0, 1, 7, 6, 12, 0, 0, 0, 0, 4, 1, 7, 0, 0, 0, 5, 0, 1.0, 0, 0, 2, 1, 0, 0, 14.714815139770508, 47.33435821533203, 12, -1], [1, 0, 1, 0.035238564014434814, 0, 1, 8, 6, 13, 0, 0, 0, 0, 4, 1, 8, 0, 0, 0, 5, 0, 1.0, 0, 0, 2, 1, 0, 0, 15.292774200439453, 46.312530517578125, 10, -1], [0, 0, 0, 1.1920928955078125e-07, 0, 0, 7, 3, 9, 0, 0, 0, 0, 1, 1, 5, 0, 0, 0, 2, 0, 1.0, 0, 0, 0, 0, 0, 0, -44.53443908691406, 0.0, 2, -1], [0, 0, 0, 0.0, 0, 0, 5, 3, 7, 0, 0, 0, 0, 1, 1, 3, 0, 0, 0, 2, 0, 1.0, 0, 0, 0, 0, 0, 0, -44.53443908691406, 0.0, 2, -1], [0, 0, 0, 0.0, 0, 0, 8, 3, 10, 0, 0, 0, 0, 1, 1, 8, 0, 0, 0, 2, 0, 1.0, 0, 0, 0, 0, 0, 0, -44.53443908691406, 0.0, 2, -1], [0, 0, 0, 0.17439529299736023, 0, 0, 8, 3, 10, 0, 1, 0, 0, 1, 1, 4, 0, 0, 0, 2, 0, 1.0, 0, 0, 0, 0, 0, 0, -44.53443908691406, 0.0, 5, -1], [0, 0, 0, 0.16735059022903442, 0, 0, 8, 3, 10, 0, 0, 0, 0, 1, 1, 6, 0, 0, 0, 2, 0, 1.0, 0, 0, 0, 0, 0, 0, -44.53443908691406, 0.0, 4, -1], [0, 0, 0, 0.0, 0, 0, 8, 3, 10, 0, 0, 0, 0, 1, 1, 6, 0, 0, 0, 2, 0, 1.0, 0, 0, 0, 0, 0, 0, -44.53443908691406, 0.0, 3, -1], [0, 0, 0, 0.0, 0, 0, 3, 4, 6, 0, 0, 0, 0, 2, 1, 3, 0, 0, 0, 3, 0, 1.0, 0, 0, 0, 0, 0, 0, -19.418567657470703, 3.698282241821289, 5, -1], [0, 0, 0, 0.010974526405334473, 0, 0, 7, 4, 10, 0, 0, 0, 0, 2, 1, 7, 0, 0, 0, 3, 0, 1.0, 0, 0, 0, 0, 0, 0, -19.418567657470703, 3.698282241821289, 8, -1], [0, 0, 0, 0.0, 0, 0, 6, 4, 9, 0, 0, 0, 0, 2, 1, 4, 0, 0, 0, 3, 0, 1.0, 0, 0, 0, 0, 0, 0, -19.418567657470703, 3.698282241821289, 4, -1], [1, 0, 0, 0.0, 0, 0, 4, 3, 6, 0, 0, 0, 0, 1, 1, 4, 0, 0, 0, 2, 0, 1.0, 0, 0, 0, 1, 0, 0, -44.53443908691406, 0.0, 2, -1], [0, 0, 0, 0.0, 0, 0, 3, 3, 5, 0, 0, 0, 0, 1, 1, 3, 0, 0, 0, 2, 0, 1.0, 0, 0, 0, 0, 0, 0, -44.53443908691406, 0.0, 2, -1], [1, 0, 0, 0.03893664479255676, 0, 0, 8, 3, 10, 1, 0, 0, 0, 1, 1, 5, 0, 0, 0, 2, 0, 1.0, 0, 0, 0, 0, 0, 0, -44.53443908691406, 0.0, 4, -1], [0, 0, 0, 0.05395931005477905, 0, 0, 8, 3, 10, 0, 0, 0, 0, 1, 1, 4, 0, 0, 0, 2, 0, 1.0, 0, 0, 0, 0, 0, 0, -44.53443908691406, 0.0, 4, -1], [1, 0, 0, 0.2873901128768921, 0, 0, 8, 3, 10, 1, 0, 0, 0, 1, 1, 4, 0, 0, 0, 2, 0, 1.0, 0, 0, 0, 0, 0, 0, -44.53443908691406, 0.0, 4, -1], [1, 0, 0, 0.4906654357910156, 0, 0, 8, 3, 10, 1, 0, 0, 0, 1, 1, 4, 0, 0, 0, 2, 0, 1.0, 0, 0, 0, 0, 0, 0, -44.53443908691406, 0.0, 3, -1], [1, 0, 1, 0.0, 1, 1, 8, 3, 10, 1, 0, 0, 0, 1, 1, 4, 0, 0, 0, 2, 0, 1.0, 0, 0, 1, 0, 0, 0, -23.55006980895996, 10.947969436645508, 3, -1], [1, 0, 0, 0.2873901128768921, 0, 0, 8, 3, 10, 1, 0, 0, 0, 1, 1, 4, 0, 0, 0, 2, 0, 1.0, 0, 0, 0, 0, 0, 0, -44.53443908691406, 0.0, 6, -1], [1, 0, 0, 0.0, 0, 0, 8, 3, 10, 0, 0, 0, 0, 1, 1, 6, 0, 0, 0, 2, 0, 1.0, 0, 0, 0, 1, 0, 0, -44.53443908691406, 0.0, 2, -1], [0, 0, 0, 0.2725485563278198, 0, 0, 7, 3, 9, 0, 0, 0, 0, 1, 1, 7, 0, 0, 0, 2, 0, 1.0, 0, 0, 0, 0, 0, 0, -44.53443908691406, 0.0, 5, -1], [1, 0, 0, 0.2059127688407898, 0, 0, 8, 3, 10, 0, 0, 0, 0, 1, 1, 6, 0, 0, 0, 2, 0, 1.0, 0, 0, 0, 1, 0, 0, -44.53443908691406, 0.0, 6, -1], [1, 0, 0, 0.0, 0, 0, 8, 3, 10, 0, 0, 0, 0, 1, 1, 5, 0, 0, 0, 2, 0, 1.0, 0, 0, 0, 1, 0, 0, -44.53443908691406, 0.0, 6, -1], [0, 0, 0, 0.027684107422828674, 0, 0, 8, 3, 10, 0, 0, 0, 0, 1, 1, 4, 0, 0, 0, 2, 0, 1.0, 0, 0, 0, 0, 0, 0, -44.53443908691406, 0.0, 2, -1], [0, 0, 0, 0.009217575192451477, 0, 0, 8, 3, 10, 0, 0, 0, 0, 1, 1, 6, 0, 0, 0, 2, 0, 1.0, 0, 0, 0, 0, 0, 0, -44.53443908691406, 0.0, 6, -1], [0, 0, 0, 0.0, 0, 0, 8, 3, 10, 0, 0, 0, 0, 1, 1, 5, 0, 0, 0, 2, 0, 1.0, 0, 0, 0, 0, 0, 0, -44.53443908691406, 0.0, 2, -1], [0, 0, 0, 0.17265969514846802, 0, 0, 8, 3, 10, 0, 0, 0, 0, 1, 1, 6, 0, 0, 0, 2, 0, 1.0, 0, 0, 0, 0, 0, 0, -44.53443908691406, 0.0, 4, -1], [0, 0, 0, 0.0, 0, 0, 8, 3, 10, 0, 0, 0, 0, 1, 1, 3, 0, 0, 0, 2, 0, 1.0, 0, 0, 0, 0, 0, 0, -44.53443908691406, 0.0, 3, -1], [0, 0, 0, 0.1932103931903839, 0, 0, 8, 3, 10, 0, 0, 0, 0, 1, 1, 5, 0, 0, 0, 2, 0, 1.0, 0, 0, 0, 0, 0, 0, -44.53443908691406, 0.0, 5, -1], [1, 0, 0, 0.0, 0, 0, 5, 3, 7, 0, 0, 0, 0, 1, 1, 5, 0, 0, 0, 2, 0, 1.0, 0, 0, 0, 1, 0, 0, -44.53443908691406, 0.0, 7, -1], [1, 0, 0, 0.0, 0, 0, 6, 3, 8, 0, 0, 0, 0, 1, 1, 5, 0, 0, 0, 2, 0, 1.0, 0, 0, 0, 1, 0, 0, -44.53443908691406, 0.0, 8, -1], [0, 0, 0, 0.30396950244903564, 0, 0, 8, 4, 11, 0, 0, 0, 0, 2, 1, 7, 0, 0, 0, 3, 0, 1.0, 0, 0, 0, 0, 0, 0, -19.418567657470703, 3.698282241821289, 3, -1], [0, 0, 0, 0.0, 0, 0, 8, 4, 11, 1, 0, 0, 0, 2, 1, 4, 0, 0, 0, 3, 0, 1.0, 0, 0, 0, 0, 0, 0, -19.418567657470703, 3.698282241821289, 4, -1], [0, 0, 0, 0.0, 0, 0, 8, 4, 11, 0, 0, 0, 0, 2, 1, 7, 0, 0, 0, 3, 0, 1.0, 0, 0, 0, 0, 0, 0, -19.418567657470703, 3.698282241821289, 6, -1], [1, 0, 0, 0.20050925016403198, 0, 0, 5, 3, 7, 0, 0, 0, 0, 1, 1, 4, 0, 0, 0, 2, 0, 1.0, 0, 0, 0, 1, 0, 0, -44.53443908691406, 0.0, 6, -1], [1, 0, 0, 0.20945316553115845, 0, 0, 8, 3, 10, 0, 0, 0, 0, 1, 1, 6, 0, 0, 0, 2, 0, 1.0, 0, 0, 0, 1, 0, 0, -44.53443908691406, 0.0, 7, -1], [0, 0, 0, 0.0, 0, 0, 8, 4, 11, 0, 0, 0, 0, 2, 1, 4, 0, 0, 0, 3, 0, 1.0, 0, 0, 0, 0, 0, 0, -19.418567657470703, 3.698282241821289, 3, -1], [0, 0, 0, 0.0, 0, 0, 8, 4, 11, 0, 0, 0, 0, 2, 1, 4, 0, 0, 0, 3, 0, 1.0, 0, 0, 0, 0, 0, 0, -19.418567657470703, 3.698282241821289, 3, -1], [0, 0, 0, 0.0, 0, 0, 8, 4, 11, 0, 0, 0, 0, 2, 1, 6, 0, 0, 0, 3, 0, 1.0, 0, 0, 0, 0, 0, 0, -19.418567657470703, 3.698282241821289, 7, -1], [1, 0, 0, 0.0, 0, 0, 3, 4, 6, 0, 0, 0, 0, 2, 1, 3, 0, 0, 0, 3, 0, 1.0, 0, 0, 0, 1, 0, 0, -19.418567657470703, 3.698282241821289, 5, -1], [0, 0, 0, 0.0, 0, 0, 5, 4, 8, 0, 0, 0, 0, 2, 1, 5, 0, 0, 0, 3, 0, 1.0, 0, 0, 0, 0, 0, 0, -19.418567657470703, 3.698282241821289, 6, -1], [0, 0, 0, 0.0, 0, 0, 6, 4, 9, 0, 0, 0, 0, 2, 1, 5, 0, 0, 0, 3, 0, 1.0, 0, 0, 0, 0, 0, 0, -19.418567657470703, 3.698282241821289, 5, -1], [0, 0, 0, 0.0, 0, 0, 7, 3, 9, 0, 0, 0, 0, 1, 1, 6, 0, 0, 0, 2, 0, 1.0, 0, 0, 0, 0, 0, 0, -44.53443908691406, 0.0, 3, -1], [0, 0, 0, 0.2516787052154541, 0, 0, 8, 3, 10, 0, 0, 0, 0, 1, 1, 6, 0, 0, 0, 2, 0, 1.0, 0, 0, 0, 0, 0, 0, -44.53443908691406, 0.0, 3, -1], [1, 0, 0, 0.0, 0, 0, 8, 4, 11, 1, 0, 0, 0, 2, 1, 4, 0, 0, 0, 3, 0, 1.0, 0, 0, 0, 0, 0, 0, -19.418567657470703, 3.698282241821289, 2, -1], [1, 0, 0, 0.11023122072219849, 0, 0, 8, 4, 11, 1, 0, 0, 0, 2, 1, 5, 0, 0, 0, 3, 0, 1.0, 0, 0, 0, 0, 0, 0, -19.418567657470703, 3.698282241821289, 3, -1], [0, 0, 0, 0.0, 0, 0, 8, 4, 11, 0, 0, 0, 0, 2, 1, 4, 0, 0, 0, 3, 0, 1.0, 0, 0, 0, 0, 0, 0, -19.418567657470703, 3.698282241821289, 2, -1], [1, 0, 0, 0.0, 0, 0, 8, 7, 14, 1, 0, 0, 0, 3, 2, 3, 0, 0, 0, 6, 0, 1.0, 0, 0, 0, 0, 0, 0, -33.36155700683594, 0.010791778564453125, 2, -1], [1, 0, 0, 0.18657279014587402, 0, 0, 8, 7, 14, 1, 0, 1, 0, 4, 2, 3, 0, 0, 0, 6, 1, 1.0, 0, 0, 0, 0, 0, 0, -10.666114807128906, 15.63309097290039, 2, -1], [1, 0, 0, 0.18657279014587402, 0, 0, 8, 7, 14, 1, 0, 1, 0, 4, 2, 3, 0, 0, 0, 6, 1, 1.0, 0, 0, 0, 0, 0, 0, -10.666114807128906, 15.63309097290039, 2, -1], [0, 0, 0, 0.08323270082473755, 0, 0, 8, 7, 14, 1, 0, 1, 0, 4, 2, 4, 0, 0, 0, 6, 0, 1.0, 0, 0, 0, 0, 0, 0, -10.265296936035156, 15.625368118286133, 2, -1], [0, 0, 0, 0.08323270082473755, 0, 0, 8, 7, 14, 1, 0, 1, 0, 4, 2, 4, 0, 0, 0, 6, 0, 1.0, 0, 0, 0, 0, 0, 0, -10.265296936035156, 15.625368118286133, 2, -1], [1, 0, 0, 0.024515390396118164, 0, 0, 8, 7, 14, 0, 0, 0, 0, 3, 2, 2, 0, 0, 0, 6, 0, 1.0, 0, 0, 0, 1, 0, 0, -35.94965362548828, 0.000804901123046875, 2, -1], [0, 0, 0, 0.28299009799957275, 0, 0, 7, 3, 9, 0, 0, 0, 0, 1, 1, 7, 0, 0, 0, 2, 0, 1.0, 0, 0, 0, 0, 0, 0, -44.53443908691406, 0.0, 5, -1], [0, 0, 0, 0.0, 0, 0, 8, 3, 10, 0, 0, 0, 0, 1, 1, 6, 0, 0, 0, 2, 0, 1.0, 0, 0, 0, 0, 0, 0, -44.53443908691406, 0.0, 2, -1], [1, 0, 0, 0.0, 0, 0, 8, 3, 10, 0, 0, 0, 0, 1, 1, 4, 0, 0, 0, 2, 0, 1.0, 0, 0, 0, 1, 0, 0, -44.53443908691406, 0.0, 3, -1], [0, 0, 0, 0.2013247013092041, 0, 0, 8, 3, 10, 0, 0, 0, 0, 1, 1, 6, 0, 0, 0, 2, 0, 1.0, 0, 0, 0, 0, 0, 0, -44.53443908691406, 0.0, 5, -1], [0, 0, 0, 0.22335952520370483, 0, 0, 8, 4, 11, 0, 0, 0, 0, 2, 1, 3, 0, 0, 0, 3, 0, 1.0, 0, 0, 0, 0, 0, 0, -19.418567657470703, 3.698282241821289, 4, -1], [1, 0, 0, 0.312850683927536, 0, 0, 3, 4, 6, 0, 0, 0, 0, 2, 1, 3, 0, 0, 0, 3, 0, 1.0, 0, 0, 0, 1, 0, 0, -19.418567657470703, 3.698282241821289, 4, -1], [0, 0, 0, 0.0, 0, 0, 8, 4, 11, 0, 0, 0, 0, 2, 1, 2, 0, 0, 0, 3, 0, 1.0, 0, 0, 0, 0, 0, 0, -19.418567657470703, 3.698282241821289, 4, -1], [1, 0, 0, 0.0, 0, 0, 8, 3, 10, 1, 1, 0, 0, 1, 1, 5, 0, 0, 0, 2, 0, 1.0, 0, 0, 0, 0, 0, 0, -44.53443908691406, 0.0, 2, -1], [0, 0, 0, 0.0, 0, 0, 8, 3, 10, 0, 0, 0, 0, 1, 1, 5, 0, 0, 0, 2, 0, 1.0, 0, 0, 0, 0, 0, 0, -44.53443908691406, 0.0, 3, -1], [0, 0, 0, 0.0, 0, 0, 2, 3, 4, 0, 0, 0, 0, 1, 1, 2, 0, 0, 0, 2, 0, 1.0, 0, 0, 0, 0, 0, 0, -44.53443908691406, 0.0, 3, -1], [0, 0, 0, 0.0, 0, 0, 8, 3, 10, 0, 0, 0, 0, 1, 1, 5, 0, 0, 0, 2, 0, 1.0, 0, 0, 0, 0, 0, 0, -44.53443908691406, 0.0, 3, -1], [0, 0, 0, 0.53310826420784, 0, 0, 6, 3, 8, 0, 0, 0, 0, 1, 1, 6, 0, 0, 0, 2, 0, 1.0, 0, 0, 0, 0, 0, 0, -44.53443908691406, 0.0, 6, -1], [0, 0, 0, 0.0, 0, 0, 8, 3, 10, 0, 0, 0, 0, 1, 1, 5, 0, 0, 0, 2, 0, 1.0, 0, 0, 0, 0, 0, 0, -44.53443908691406, 0.0, 5, -1], [1, 0, 1, 0.0, 1, 1, 8, 3, 10, 1, 0, 0, 0, 1, 1, 4, 0, 0, 0, 2, 0, 1.0, 0, 0, 1, 0, 0, 0, -23.55006980895996, 10.947969436645508, 3, -1], [1, 0, 0, 0.2873901128768921, 0, 0, 8, 3, 10, 1, 0, 0, 0, 1, 1, 4, 0, 0, 0, 2, 0, 1.0, 0, 0, 0, 0, 0, 0, -44.53443908691406, 0.0, 6, -1], [0, 0, 0, 0.0, 0, 0, 7, 3, 9, 0, 0, 0, 0, 1, 1, 5, 0, 0, 0, 2, 0, 1.0, 0, 0, 0, 0, 0, 0, -44.53443908691406, 0.0, 2, -1], [0, 0, 0, 0.38705772161483765, 0, 0, 8, 3, 10, 0, 0, 0, 0, 1, 1, 6, 0, 0, 0, 2, 0, 1.0, 0, 0, 0, 0, 0, 0, -44.53443908691406, 0.0, 7, -1], [0, 0, 0, 0.022878587245941162, 0, 0, 5, 3, 7, 1, 1, 0, 0, 1, 1, 5, 0, 0, 0, 2, 0, 1.0, 0, 0, 0, 0, 0, 0, -44.53443908691406, 0.0, 5, -1], [1, 0, 0, 0.0, 0, 0, 8, 3, 10, 0, 0, 0, 0, 1, 1, 6, 0, 0, 0, 2, 0, 1.0, 0, 0, 0, 1, 0, 0, -44.53443908691406, 0.0, 2, -1], [0, 0, 0, 0.0, 0, 0, 8, 3, 10, 0, 0, 0, 0, 1, 1, 5, 0, 0, 0, 2, 0, 1.0, 0, 0, 0, 0, 0, 0, -44.53443908691406, 0.0, 5, -1], [0, 0, 0, 0.0, 0, 0, 4, 3, 6, 0, 0, 0, 0, 1, 1, 4, 0, 0, 0, 2, 0, 1.0, 0, 0, 0, 0, 0, 0, -44.53443908691406, 0.0, 6, -1], [0, 0, 0, 0.13618683815002441, 0, 0, 6, 3, 8, 0, 0, 0, 0, 1, 1, 6, 0, 0, 0, 2, 0, 1.0, 0, 0, 0, 0, 0, 0, -44.53443908691406, 0.0, 5, -1], [0, 0, 0, 0.31215423345565796, 0, 0, 8, 3, 10, 0, 0, 0, 0, 1, 1, 4, 0, 0, 0, 2, 0, 1.0, 0, 0, 0, 0, 0, 0, -44.53443908691406, 0.0, 5, -1], [0, 0, 0, 0.0, 0, 0, 8, 5, 12, 0, 0, 0, 0, 3, 1, 8, 0, 0, 0, 4, 0, 1.0, 0, 0, 0, 0, 0, 0, -11.243682861328125, 0.8024215698242188, 3, -1], [0, 0, 0, 0.0, 0, 0, 8, 5, 12, 0, 0, 0, 0, 3, 1, 7, 0, 0, 0, 4, 0, 1.0, 0, 0, 0, 0, 0, 0, -11.243682861328125, 0.8024215698242188, 4, -1], [0, 0, 0, 0.0, 0, 0, 8, 5, 12, 0, 0, 0, 0, 3, 1, 7, 0, 0, 0, 4, 0, 1.0, 0, 0, 0, 0, 0, 0, -11.243682861328125, 0.8024215698242188, 3, -1], [0, 0, 0, 0.0, 0, 0, 8, 5, 12, 0, 0, 0, 0, 3, 1, 5, 0, 0, 0, 4, 0, 1.0, 0, 0, 0, 0, 0, 0, -11.243682861328125, 0.8024215698242188, 4, -1], [0, 0, 0, 0.2516787052154541, 0, 0, 8, 3, 10, 0, 0, 0, 0, 1, 1, 6, 0, 0, 0, 2, 0, 1.0, 0, 0, 0, 0, 0, 0, -44.53443908691406, 0.0, 3, -1], [0, 0, 0, 0.02938017249107361, 0, 0, 8, 3, 10, 0, 0, 0, 0, 1, 1, 5, 0, 0, 0, 2, 0, 1.0, 0, 0, 0, 0, 0, 0, -44.53443908691406, 0.0, 4, -1], [0, 0, 0, 0.005817413330078125, 0, 0, 2, 3, 4, 0, 0, 0, 0, 1, 1, 1, 0, 0, 0, 2, 0, 1.0, 0, 0, 0, 0, 0, 0, -44.53443908691406, 0.0, 2, -1], [0, 0, 0, 0.0, 0, 0, 8, 3, 10, 0, 0, 0, 0, 1, 1, 7, 0, 0, 0, 2, 0, 1.0, 0, 0, 0, 0, 0, 0, -44.53443908691406, 0.0, 3, -1], [1, 0, 0, 0.04855982959270477, 0, 0, 8, 3, 10, 1, 0, 0, 0, 1, 1, 2, 0, 0, 0, 2, 0, 1.0, 0, 0, 0, 0, 0, 0, -44.53443908691406, 0.0, 1, -1], [0, 0, 0, 0.0, 0, 0, 8, 3, 10, 0, 0, 0, 0, 1, 1, 6, 0, 0, 0, 2, 0, 1.0, 0, 0, 0, 0, 0, 0, -44.53443908691406, 0.0, 3, -1], [0, 0, 0, 0.017068982124328613, 0, 1, 8, 12, 19, 1, 0, 1, 0, 7, 2, 4, 0, 0, 0, 11, 0, 1.0, 0, 0, 1, 0, 0, 0, -55.8558464050293, 0.01107025146484375, 3, -1], [0, 0, 0, 0.028491497039794922, 0, 1, 8, 12, 19, 1, 0, 1, 0, 7, 2, 4, 0, 0, 0, 11, 0, 1.0, 0, 0, 1, 0, 0, 0, -55.31997299194336, 0.11860275268554688, 3, -1], [0, 0, 0, 0.017068982124328613, 0, 1, 8, 12, 19, 1, 0, 1, 0, 7, 2, 4, 0, 0, 0, 11, 0, 1.0, 0, 0, 1, 0, 0, 0, -55.85006332397461, 0.011074066162109375, 3, -1], [0, 0, 0, 0.0, 0, 1, 8, 12, 19, 1, 0, 1, 0, 7, 2, 5, 0, 0, 0, 11, 0, 1.0, 0, 0, 1, 0, 0, 0, -55.71360778808594, 0.0764617919921875, 2, -1], [0, 0, 0, 0.0, 0, 1, 8, 12, 19, 0, 0, 1, 0, 7, 2, 4, 0, 0, 0, 11, 0, 1.0, 0, 0, 1, 0, 0, 0, -55.799476623535156, 0.011199951171875, 2, -1], [0, 0, 0, 0.0, 0, 1, 8, 12, 19, 0, 0, 1, 0, 7, 2, 4, 0, 0, 0, 11, 0, 1.0, 0, 0, 1, 0, 0, 0, -55.799476623535156, 0.011199951171875, 2, -1], [0, 0, 0, 0.0, 0, 1, 8, 12, 19, 1, 0, 1, 0, 7, 2, 5, 0, 0, 0, 11, 0, 1.0, 0, 0, 1, 0, 0, 0, -55.79302978515625, 0.016254425048828125, 2, -1], [0, 0, 0, 0.0, 0, 1, 8, 12, 19, 0, 0, 0, 0, 6, 2, 4, 0, 0, 0, 11, 0, 1.0, 0, 0, 1, 0, 0, 0, -69.19731140136719, 0.03990936279296875, 2, -1], [0, 0, 0, 0.0, 0, 1, 8, 12, 19, 0, 0, 0, 0, 6, 2, 4, 0, 0, 0, 11, 0, 1.0, 0, 0, 1, 0, 0, 0, -69.19731140136719, 0.03990936279296875, 2, -1], [0, 0, 0, 0.028491497039794922, 0, 1, 8, 12, 19, 1, 1, 1, 0, 7, 2, 4, 0, 0, 0, 11, 0, 1.0, 0, 0, 1, 0, 0, 0, -55.48971176147461, 0.129302978515625, 3, -1], [0, 0, 0, 0.0, 0, 1, 8, 12, 19, 0, 0, 0, 0, 6, 2, 4, 0, 0, 0, 11, 0, 1.0, 0, 0, 1, 0, 0, 0, -69.52820587158203, 0.0189056396484375, 2, -1], [0, 0, 0, 0.0, 0, 0, 8, 5, 12, 0, 0, 0, 0, 3, 1, 6, 0, 0, 0, 4, 0, 1.0, 0, 0, 0, 0, 0, 0, -11.243682861328125, 0.8024215698242188, 2, -1], [0, 0, 0, 0.0, 0, 0, 8, 5, 12, 0, 0, 0, 0, 3, 1, 8, 0, 0, 0, 4, 0, 1.0, 0, 0, 0, 0, 0, 0, -11.243682861328125, 0.8024215698242188, 5, -1], [0, 0, 0, 0.0, 0, 0, 8, 5, 12, 0, 0, 0, 0, 3, 1, 5, 0, 0, 0, 4, 0, 1.0, 0, 0, 0, 0, 0, 0, -11.243682861328125, 0.8024215698242188, 5, -1], [0, 0, 0, 0.0, 0, 0, 8, 5, 12, 0, 0, 0, 0, 3, 1, 6, 0, 0, 0, 4, 0, 1.0, 0, 0, 0, 0, 0, 0, -11.243682861328125, 0.8024215698242188, 5, -1], [0, 0, 0, 0.0, 0, 0, 6, 3, 8, 0, 0, 0, 0, 1, 1, 5, 0, 0, 0, 2, 0, 1.0, 0, 0, 0, 0, 0, 0, -44.53443908691406, 0.0, 7, -1], [1, 0, 0, 0.27682065963745117, 0, 0, 4, 3, 6, 0, 0, 0, 0, 1, 1, 4, 0, 0, 0, 2, 0, 1.0, 0, 0, 0, 1, 0, 0, -44.53443908691406, 0.0, 5, -1], [1, 0, 0, 0.0, 0, 0, 8, 3, 10, 1, 0, 0, 0, 1, 1, 4, 0, 0, 0, 2, 0, 1.0, 0, 0, 0, 0, 0, 0, -44.53443908691406, 0.0, 3, -1], [1, 0, 0, 0.0, 0, 0, 8, 3, 10, 1, 1, 0, 0, 1, 1, 7, 0, 0, 0, 2, 0, 1.0, 0, 0, 0, 0, 0, 0, -44.53443908691406, 0.0, 3, -1], [0, 0, 0, 0.0, 0, 0, 8, 3, 10, 0, 0, 0, 0, 1, 1, 6, 0, 0, 0, 2, 0, 1.0, 0, 0, 0, 0, 0, 0, -44.53443908691406, 0.0, 2, -1], [0, 0, 0, 0.0, 0, 0, 3, 3, 5, 0, 0, 0, 0, 1, 1, 3, 0, 0, 0, 2, 0, 1.0, 0, 0, 0, 0, 0, 0, -44.53443908691406, 0.0, 2, -1], [0, 0, 0, 0.8024555444717407, 0, 0, 7, 3, 9, 0, 0, 0, 0, 1, 1, 4, 0, 0, 0, 2, 0, 1.0, 0, 0, 0, 0, 0, 0, -44.53443908691406, 0.0, 3, -1], [1, 0, 0, 0.5471393764019012, 0, 0, 8, 3, 10, 0, 0, 0, 0, 1, 1, 3, 0, 0, 0, 2, 0, 1.0, 0, 0, 0, 1, 0, 0, -44.53443908691406, 0.0, 3, -1], [0, 0, 0, 0.0, 0, 0, 8, 3, 10, 0, 0, 0, 0, 1, 1, 6, 0, 0, 0, 2, 0, 1.0, 0, 0, 0, 0, 0, 0, -44.53443908691406, 0.0, 2, -1], [0, 0, 0, 0.0, 0, 0, 8, 3, 10, 0, 1, 0, 0, 1, 1, 8, 0, 0, 0, 2, 0, 1.0, 0, 0, 0, 0, 0, 0, -44.53443908691406, 0.0, 2, -1], [1, 0, 0, 0.0, 0, 0, 8, 3, 10, 0, 0, 0, 0, 1, 1, 5, 0, 0, 0, 2, 0, 1.0, 0, 0, 0, 0, 0, 0, -44.53443908691406, 0.0, 2, -1], [1, 0, 0, 0.0, 0, 0, 8, 3, 10, 0, 0, 0, 0, 1, 1, 8, 0, 0, 0, 2, 0, 1.0, 0, 0, 0, 0, 0, 0, -44.53443908691406, 0.0, 2, -1], [0, 0, 0, 0.0, 0, 0, 3, 3, 5, 0, 0, 0, 0, 1, 1, 3, 0, 0, 0, 2, 0, 1.0, 0, 0, 0, 0, 0, 0, -44.53443908691406, 0.0, 2, -1], [0, 0, 0, 0.4658605605363846, 0, 0, 8, 3, 10, 0, 0, 0, 0, 1, 1, 5, 0, 0, 0, 2, 0, 1.0, 0, 0, 0, 0, 0, 0, -44.53443908691406, 0.0, 4, -1], [0, 0, 0, 0.0, 0, 0, 8, 3, 10, 0, 0, 0, 0, 1, 1, 5, 0, 0, 0, 2, 0, 1.0, 0, 0, 0, 0, 0, 0, -44.53443908691406, 0.0, 3, -1], [1, 0, 0, 0.0, 0, 0, 6, 3, 8, 1, 0, 0, 0, 1, 1, 5, 0, 0, 0, 2, 0, 1.0, 0, 0, 0, 0, 0, 0, -44.53443908691406, 0.0, 2, -1], [0, 0, 0, 0.0, 0, 0, 8, 3, 10, 0, 0, 0, 0, 1, 1, 4, 0, 0, 0, 2, 0, 1.0, 0, 0, 0, 0, 0, 0, -44.53443908691406, 0.0, 4, -1], [0, 0, 0, 0.0, 0, 0, 8, 3, 10, 0, 0, 0, 0, 1, 1, 4, 0, 0, 0, 2, 0, 1.0, 0, 0, 0, 0, 0, 0, -44.53443908691406, 0.0, 2, -1], [1, 0, 0, 1.1920928955078125e-07, 0, 0, 7, 3, 9, 0, 0, 0, 0, 1, 1, 5, 0, 0, 0, 2, 0, 1.0, 0, 0, 0, 1, 0, 0, -44.53443908691406, 0.0, 3, -1], [0, 0, 0, 0.1132664680480957, 0, 0, 7, 3, 9, 0, 0, 0, 0, 1, 1, 5, 0, 0, 0, 2, 0, 1.0, 0, 0, 0, 0, 0, 0, -44.53443908691406, 0.0, 4, -1], [0, 0, 0, 0.17850732803344727, 0, 0, 8, 3, 10, 0, 0, 0, 0, 1, 1, 6, 0, 0, 0, 2, 0, 1.0, 0, 0, 0, 0, 0, 0, -44.53443908691406, 0.0, 3, -1], [0, 0, 0, 0.017882734537124634, 0, 0, 8, 3, 10, 0, 0, 0, 0, 1, 1, 6, 0, 0, 0, 2, 0, 1.0, 0, 0, 0, 0, 0, 0, -44.53443908691406, 0.0, 5, -1], [0, 0, 0, 0.0, 0, 0, 8, 3, 10, 0, 0, 0, 0, 1, 1, 4, 0, 0, 0, 2, 0, 1.0, 0, 0, 0, 0, 0, 0, -44.53443908691406, 0.0, 3, -1], [1, 0, 0, 0.0, 0, 0, 8, 3, 10, 0, 0, 0, 0, 1, 1, 3, 0, 0, 0, 2, 0, 1.0, 0, 0, 0, 0, 0, 0, -44.53443908691406, 0.0, 3, -1], [0, 0, 0, 0.08293408155441284, 0, 0, 8, 3, 10, 0, 0, 0, 0, 1, 1, 7, 0, 0, 0, 2, 0, 1.0, 0, 0, 0, 0, 0, 0, -44.53443908691406, 0.0, 6, -1], [0, 0, 0, 0.0, 0, 0, 8, 3, 10, 0, 0, 0, 0, 1, 1, 6, 0, 0, 0, 2, 0, 1.0, 0, 0, 0, 0, 0, 0, -44.53443908691406, 0.0, 2, -1], [0, 0, 0, 0.3043444752693176, 0, 0, 3, 5, 7, 0, 0, 0, 0, 3, 1, 3, 0, 0, 0, 4, 0, 1.0, 0, 0, 0, 0, 0, 0, -21.830753326416016, 8.389184951782227, 5, -1], [0, 0, 0, 0.04262799024581909, 0, 0, 8, 5, 12, 0, 0, 0, 0, 3, 1, 4, 0, 0, 0, 4, 0, 0.5, 0, 0, 0, 0, 0, 0, -23.588146209716797, 0.09368515014648438, 4, -1], [0, 0, 0, 0.3607633411884308, 0, 0, 3, 5, 7, 0, 0, 0, 0, 3, 1, 3, 0, 0, 0, 4, 0, 1.0, 0, 0, 0, 0, 0, 0, -22.402463912963867, 7.0598297119140625, 5, -1], [0, 0, 0, 0.3074774742126465, 0, 0, 3, 5, 7, 0, 0, 0, 0, 3, 1, 3, 0, 0, 0, 4, 0, 1.0, 0, 0, 0, 0, 0, 0, -22.402463912963867, 7.0598297119140625, 5, -1], [0, 0, 0, 0.0, 0, 0, 8, 5, 12, 0, 0, 0, 0, 3, 1, 2, 0, 0, 0, 4, 0, 1.0, 0, 0, 0, 0, 0, 0, -11.243682861328125, 0.8024215698242188, 3, -1], [0, 0, 0, 0.00022783875465393066, 0, 0, 8, 5, 12, 0, 0, 0, 0, 3, 1, 5, 0, 0, 0, 4, 0, 1.0, 0, 0, 0, 0, 0, 0, -11.243682861328125, 0.8024215698242188, 4, -1], [0, 0, 0, 0.0, 0, 0, 8, 5, 12, 0, 0, 0, 0, 3, 1, 3, 0, 0, 0, 4, 0, 1.0, 0, 0, 0, 0, 0, 0, -11.243682861328125, 0.8024215698242188, 3, -1], [0, 0, 0, 0.0, 0, 0, 8, 5, 12, 0, 0, 0, 0, 3, 1, 3, 0, 0, 0, 4, 0, 1.0, 0, 0, 0, 0, 0, 0, -11.243682861328125, 0.8024215698242188, 3, -1], [1, 0, 0, 0.0, 0, 0, 2, 3, 4, 0, 0, 0, 0, 1, 1, 2, 0, 0, 0, 2, 0, 1.0, 0, 0, 0, 1, 0, 0, -44.53443908691406, 0.0, 5, -1], [0, 0, 0, 0.0, 0, 0, 8, 3, 10, 0, 0, 0, 0, 1, 1, 6, 0, 0, 0, 2, 0, 1.0, 0, 0, 0, 0, 0, 0, -44.53443908691406, 0.0, 4, -1], [0, 0, 0, 0.14558783173561096, 0, 0, 8, 3, 10, 0, 0, 0, 0, 1, 1, 5, 0, 0, 0, 2, 0, 1.0, 0, 0, 0, 0, 0, 0, -44.53443908691406, 0.0, 4, -1], [0, 0, 0, 0.04132562875747681, 0, 0, 7, 3, 9, 0, 0, 0, 0, 1, 1, 4, 0, 0, 0, 2, 0, 1.0, 0, 0, 0, 0, 0, 0, -44.53443908691406, 0.0, 4, -1]], "_pair": [], "_cons": []}
{
  "overall": "DERIVATION_NO",
  "gates": {
    "G_arc_enc_frozen": true,
    "G_ink_verified": true,
    "G_task_exists": true,
    "G_exact_algebra_matches_tape": true,
    "G_lookup_beats_floor": false,
    "G_lookup_beats_counts_paired": false,
    "G_lookup_beats_retrieval_paired": false,
    "G_phi_orders_negatives": false
  },
  "lookup": {},
  "paired": {
    "model_only_right": 0,
    "rival_only_right": 0,
    "discordant": 0,
    "mcnemar_z": NaN
  },
  "ladder": {
    "n_questions": 0,
    "pairs": 0,
    "concordant": 0,
    "ties_excluded": 0,
    "import_budget_zero_rate": 0.0,
    "import_budget_mean": 0.0,
    "concordance": NaN,
    "z_vs_half": NaN,
    "mean_phi": {
      "true": NaN,
      "near": NaN,
      "middle": NaN,
      "far": NaN
    }
  }
}
