Stage289 derivation start 2026-08-17T13:18:27.416808+00:00 device=cpu holdout=corpus
  corpus data\_wikitext103_train.txt
  lines: train 7324, eval 3139 (the probe reserves ANCHORS, not lines - see `reserved`)
  word rule matches stage194: True  (rule=ascii, fp=hash, ink=mean)
  hash ink deterministic and digest-faithful: True  {'anagram_cos': -0.0135, 'perm_fixed_points': 1}
  tape: 1500 addresses, 1979 slots | questions {"reach": 560, "count": 216} | params 5633
  node vector 9 wide, matches the body
  ladder coverage: 0/0 lookup questions have all three rungs; the rest train on the task term alone
  probe pack: 2752 reserved addresses (9s to build)
  probe tape: 60 lookup questions, never trained on; 0 graphs cached (1 view(s)/question) in 0s
  probe eval: 1.40s x 4 = 0.1 min added to this run
  step 500/4000 train=0.1023 probe=nan
  step 1000/4000 train=0.0411 probe=-0.5720
  step 1500/4000 train=-0.0975 probe=-0.5720
  step 2000/4000 train=-0.0426 probe=-0.6530
  step 2500/4000 train=-0.2259 probe=-0.6530
  step 3000/4000 train=-0.1955 probe=-0.7018
  step 3500/4000 train=-0.2143 probe=-0.7018
  step 4000/4000 train=-0.3675 probe=-0.7435
  early stop: restored step 4000 (probe -0.7435) of 4000
  REACH {"rival_threshold": 2.0, "places": 8, "cands_cap": 8, "no_refuse": true, "lookahead": true, "frame_fp": "fillers", "import": "walk", "home_cos": false, "line_step": false, "confirm": false, "conf_window": 0, "home_cos_stage": "both", "speak_batch": 0, "speak_weight": 1.0, "two_way_by": "max", "gamma": 1.0, "equal_tails": false, "deep_root": "mind", "two_way": true, "stage2_always": 0.0, "depth": 2, "compass": "cos", "held_out": {"n": 837, "reachable_rate": 0.5770609318996416, "mean_candidates": 7.189964157706093, "question_rank": {"n": 837, "answerable": {"base_rate": 0.5770609318996416, "k": [83, 209, 483], "mind_margin": {"auc": 0.7987536699769566, "prec": [1.0, 0.9904306220095693, 0.7349896480331263]}, "mind_score": {"auc": 0.7127182978325204, "prec": [1.0, 1.0, 0.6894409937888198]}, "count_n_own": {"auc": 0.3772297668760454, "prec": [0.2289156626506024, 0.37320574162679426, 0.5320910973084886]}, "count_top_share": {"auc": 0.49831561216970205, "prec": [0.5542168674698795, 0.5933014354066986, 0.6149068322981367]}}, "ceiling": {"base_rate": 0.6798088410991637, "k": [83, 209, 569], "mind_margin": {"auc": 0.7263856464601421, "prec": [1.0, 0.9904306220095693, 0.8014059753954306]}, "mind_score": {"auc": 0.6279214647325762, "prec": [1.0, 1.0, 0.6572934973637962]}, "count_n_own": {"auc": 0.3057078404113003, "prec": [0.27710843373493976, 0.4354066985645933, 0.6537785588752196]}, "count_top_share": {"auc": 0.49923930435694985, "prec": [0.6506024096385542, 0.861244019138756, 0.7574692442882249]}}, "right": {"base_rate": 0.5077658303464755, "k": [83, 209, 425], "mind_margin": {"auc": 0.8074214734437465, "prec": [1.0, 0.9904306220095693, 0.72]}, "mind_score": {"auc": 0.7232352941176471, "prec": [1.0, 1.0, 0.691764705882353]}, "count_n_own": {"auc": 0.3271073672187321, "prec": [0.18072289156626506, 0.23923444976076555, 0.3788235294117647]}, "count_top_share": {"auc": 0.5048543689320388, "prec": [0.4819277108433735, 0.6028708133971292, 0.548235294117647]}}}, "gate": {"n": 837, "ungated_hit_rate": 0.5077658303464755, "ungated_payoff": 0.015531660692951015, "always_silent": 0.8557347670250897, "fractions": [0.05, 0.1, 0.25, 0.5], "0.05": {"k": 42, "mind": {"precision": 1.0, "yield": 42, "payoff": 0.8682795698924731, "gain": 0.012544802867383464}, "count_n_own": {"precision": 0.2857142857142857, "yield": 12, "payoff": 0.788231780167264, "gain": -0.06750298685782563}, "count_top_share": {"precision": 0.30952380952380953, "yield": 13, "payoff": 0.7927120669056152, "gain": -0.06302270011947442}, "random": {"precision": 0.42857142857142855, "yield": 18, "payoff": 0.8043608124253285, "gain": -0.05137395459976113}, "composition": {"confirm": 0, "walk_only": 42, "neither": 0, "right_confirm": 0, "right_walk_only": 42}, "vs_count_n_own": {"mind_only": 42, "rival_only": 12, "mcnemar_z": 4.08248290463863}, "vs_count_top_share": {"mind_only": 40, "rival_only": 11, "mcnemar_z": 4.060812243681228}}, "0.10": {"k": 84, "mind": {"precision": 1.0, "yield": 84, "payoff": 0.8808243727598566, "gain": 0.02508960573476693}, "count_n_own": {"precision": 0.17857142857142858, "yield": 15, "payoff": 0.6965352449223416, "gain": -0.15919952210274801}, "count_top_share": {"precision": 0.4880952380952381, "yield": 41, "payoff": 0.7670250896057348, "gain": -0.08870967741935487}, "random": {"precision": 0.5238095238095238, "yield": 44, "payoff": 0.7744922341696535, "gain": -0.08124253285543614}, "composition": {"confirm": 0, "walk_only": 84, "neither": 0, "right_confirm": 0, "right_walk_only": 84}, "vs_count_n_own": {"mind_only": 84, "rival_only": 15, "mcnemar_z": 6.934760925288564}, "vs_count_top_share": {"mind_only": 77, "rival_only": 34, "mcnemar_z": 4.081379381735746}}, "0.25": {"k": 209, "mind": {"precision": 0.9904306220095693, "yield": 207, "payoff": 0.9127837514934289, "gain": 0.05704898446833928}, "count_n_own": {"precision": 0.23923444976076555, "yield": 50, "payoff": 0.49910394265232977, "gain": -0.3566308243727599}, "count_top_share": {"precision": 0.6028708133971292, "yield": 126, "payoff": 0.6944444444444444, "gain": -0.16129032258064524}, "random": {"precision": 0.569377990430622, "yield": 119, "payoff": 0.6786140979689367, "gain": -0.17712066905615298}, "composition": {"confirm": 9, "walk_only": 198, "neither": 2, "right_confirm": 9, "right_walk_only": 198}, "vs_count_n_own": {"mind_only": 200, "rival_only": 43, "mcnemar_z": 10.07155469586347}, "vs_count_top_share": {"mind_only": 182, "rival_only": 101, "mcnemar_z": 4.814950216049889}}, "0.50": {"k": 418, "mind": {"precision": 0.7272727272727273, "yield": 304, "payoff": 0.6833930704898447, "gain": -0.172341696535245}, "count_n_own": {"precision": 0.3708133971291866, "yield": 155, "payoff": 0.289426523297491, "gain": -0.5663082437275986}, "count_top_share": {"precision": 0.5502392344497608, "yield": 230, "payoff": 0.4862604540023895, "gain": -0.3694743130227002}, "random": {"precision": 0.5358851674641149, "yield": 224, "payoff": 0.4647550776583035, "gain": -0.3909796893667862}, "composition": {"confirm": 46, "walk_only": 296, "neither": 76, "right_confirm": 24, "right_walk_only": 280}, "vs_count_n_own": {"mind_only": 161, "rival_only": 12, "mcnemar_z": 11.328260226918612}, "vs_count_top_share": {"mind_only": 185, "rival_only": 111, "mcnemar_z": 4.301162633521313}}}, "gate_walk_only": {"n": 334, "ungated_hit_rate": 0.8982035928143712, "ungated_payoff": 0.7964071856287425, "always_silent": 0.75, "fractions": [0.05, 0.1, 0.25, 0.5], "0.05": {"k": 17, "mind": {"precision": 1.0, "yield": 17, "payoff": 0.7627245508982036, "gain": 0.012724550898203568}, "count_n_own": {"precision": 0.8823529411764706, "yield": 15, "payoff": 0.750748502994012, "gain": 0.0007485029940119681}, "count_top_share": {"precision": 0.8823529411764706, "yield": 15, "payoff": 0.750748502994012, "gain": 0.0007485029940119681}, "random": {"precision": 0.9411764705882353, "yield": 16, "payoff": 0.7567365269461078, "gain": 0.006736526946107824}, "composition": {"confirm": 0, "walk_only": 17, "neither": 0, "right_confirm": 0, "right_walk_only": 17}, "vs_count_n_own": {"mind_only": 17, "rival_only": 15, "mcnemar_z": 0.35355339059327373}, "vs_count_top_share": {"mind_only": 14, "rival_only": 12, "mcnemar_z": 0.3922322702763681}}, "0.10": {"k": 33, "mind": {"precision": 1.0, "yield": 33, "payoff": 0.7747005988023952, "gain": 0.02470059880239517}, "count_n_own": {"precision": 0.7878787878787878, "yield": 26, "payoff": 0.7327844311377245, "gain": -0.017215568862275488}, "count_top_share": {"precision": 0.7272727272727273, "yield": 24, "payoff": 0.7208083832335329, "gain": -0.029191616766467088}, "random": {"precision": 0.9393939393939394, "yield": 31, "payoff": 0.7627245508982036, "gain": 0.012724550898203568}, "composition": {"confirm": 0, "walk_only": 33, "neither": 0, "right_confirm": 0, "right_walk_only": 33}, "vs_count_n_own": {"mind_only": 33, "rival_only": 26, "mcnemar_z": 0.9113223768657671}, "vs_count_top_share": {"mind_only": 28, "rival_only": 19, "mcnemar_z": 1.3127849234810511}}, "0.25": {"k": 84, "mind": {"precision": 1.0, "yield": 84, "payoff": 0.812874251497006, "gain": 0.06287425149700598}, "count_n_own": {"precision": 0.8095238095238095, "yield": 68, "payoff": 0.7170658682634731, "gain": -0.03293413173652693}, "count_top_share": {"precision": 0.7857142857142857, "yield": 66, "payoff": 0.7050898203592815, "gain": -0.04491017964071853}, "random": {"precision": 0.9166666666666666, "yield": 77, "payoff": 0.7709580838323353, "gain": 0.020958083832335328}, "composition": {"confirm": 0, "walk_only": 84, "neither": 0, "right_confirm": 0, "right_walk_only": 84}, "vs_count_n_own": {"mind_only": 84, "rival_only": 68, "mcnemar_z": 1.2977713690461004}, "vs_count_top_share": {"mind_only": 64, "rival_only": 46, "mcnemar_z": 1.7162326606420661}}, "0.50": {"k": 167, "mind": {"precision": 1.0, "yield": 167, "payoff": 0.875, "gain": 0.125}, "count_n_own": {"precision": 0.8862275449101796, "yield": 148, "payoff": 0.7612275449101796, "gain": 0.011227544910179632}, "count_top_share": {"precision": 0.8622754491017964, "yield": 144, "payoff": 0.7372754491017964, "gain": -0.012724550898203568}, "random": {"precision": 0.9221556886227545, "yield": 154, "payoff": 0.7971556886227545, "gain": 0.047155688622754544}, "composition": {"confirm": 0, "walk_only": 167, "neither": 0, "right_confirm": 0, "right_walk_only": 167}, "vs_count_n_own": {"mind_only": 132, "rival_only": 113, "mcnemar_z": 1.2138654734998857}, "vs_count_top_share": {"mind_only": 85, "rival_only": 62, "mcnemar_z": 1.8970080273373418}}}, "other_mind": null, "reachable_wide": 0.2054958183990442, "reachable_random": 0.02986857825567503, "random_floor": 0.16509074358536716, "payoff_mind": -0.026762246117084942, "payoff_rival": 0.8557347670250897, "always_silent": 0.8557347670250897, "found_rate": 0.8509316770186336, "rival_found_rate": 0.2732919254658385, "correct_silence": 0.0, "false_silence": 0.0, "false_silence_after_step": 0.0, "step_rate": 0.8458781362007168, "own_hit_rate": 0.2807646356033453, "own_rival_hit_rate": 0.23536439665471923, "own_paired": {"n": 235, "mind_only": 2, "rival_only": 74, "both": 123, "neither": 36, "mcnemar_z": -8.258966419340222}, "own_rival_of_own": 0.8382978723404255, "hit_of_own": 0.5319148936170213, "ceiling": 0.6798088410991637, "walk_only_arrive": 0.9550898203592815, "walk_only_pick": {"n": 319, "mind": 300, "rival": 1, "count_rival": 1, "count_rival_rate": 0.003134796238244514, "vs_count_mind_only": 299, "vs_count_rival_only": 0, "vs_count_z": 17.291616465790582, "hit_rate": 0.9404388714733543, "rival_rate": 0.003134796238244514, "mind_only": 299, "rival_only": 0, "mcnemar_z": 17.291616465790582}, "walk_only_rate": 0.39904420549581837, "hit_of_walk_only": 0.8982035928143712, "count_rival_of_walk_only": 0.0029940119760479044, "count_rival_hit_rate": 0.15292712066905614, "deep_rate": 0.44205495818399043, "deep_only_rate": 0.3763440860215054, "hit_of_deep_only": 0.946031746031746, "hit_of_deep": 0.8054054054054054, "hit_of_depth1": 0.08284023668639054, "bisect": null, "rival_of_walk_only": 0.0029940119760479044, "walk_only_paired": {"n": 334, "mind_only": 299, "rival_only": 0, "both": 1, "neither": 34, "mcnemar_z": 17.291616465790582, "stepped": 319}, "cand_places": 4.169653524492234, "line_reach_rate": 0.0, "step_line_rate": 0.0, "line_only_rate": 0.0, "line_only_paired": {"n": 0, "mind_only": 0, "rival_only": 0, "mcnemar_z": NaN}, "steps_on_walk_only": 0.4505649717514124, "router": {"n_stepped": 708, "mind_enrichment": 1.129110423221354, "count_enrichment": 1.0937151121485842, "share_enrichment": 0.9627524611793363, "top_share_when_stepped": 0.9988229755178907, "top_share_when_not": 0.9844961240310076, "n_own_when_stepped": 4.0692090395480225, "n_own_when_not": 1.7286821705426356}, "hit_rate": 0.5077658303464755, "rival_hit_rate": 0.15770609318996415, "world_rows_own": 5.022700119474313, "world_rows_candidate": 6.022700119474313, "world_rows_expand": 12.212664277180407, "world_rows_expand_when_stepped": 12.682203389830509, "world_rows_expand_when_not": 9.635658914728682, "step_vs_size_r": 0.23444394810761662, "found_where_rival_missed": 304, "missed_where_rival_found": 25, "paired_payoff": {"mind_better": 411, "rival_better": 412, "discordant": 823, "mcnemar_z": -0.03485780871878749, "max_achievable_z": 28.687976575562104, "underpowered": false}}, "train_control": {"n": 1388, "reachable_rate": 0.8227665706051873, "mean_candidates": 7.306916426512968, "question_rank": {"n": 1388, "answerable": {"base_rate": 0.8227665706051873, "k": [138, 347, 1142], "mind_margin": {"auc": 0.664388535303917, "prec": [1.0, 0.9913544668587896, 0.8485113835376532]}, "mind_score": {"auc": 0.5861187048823203, "prec": [1.0, 1.0, 0.8056042031523643]}, "count_n_own": {"auc": 0.4170635598650207, "prec": [0.7246376811594203, 0.7435158501440923, 0.8450087565674256]}, "count_top_share": {"auc": 0.5101626016260162, "prec": [0.8695652173913043, 0.899135446685879, 0.8528896672504378]}}, "ceiling": {"base_rate": 0.8912103746397695, "k": [138, 347, 1237], "mind_margin": {"auc": 0.6251666336522349, "prec": [1.0, 0.9913544668587896, 0.9151172190784155]}, "mind_score": {"auc": 0.5811244893916601, "prec": [1.0, 1.0, 0.8908649959579629]}, "count_n_own": {"auc": 0.5102469657952641, "prec": [0.9782608695652174, 0.9077809798270894, 0.9094583670169766]}, "count_top_share": {"auc": 0.5016997970950869, "prec": [0.927536231884058, 0.9711815561959655, 0.9086499595796281]}}, "right": {"base_rate": 0.6548991354466859, "k": [138, 347, 909], "mind_margin": {"auc": 0.6534607531734384, "prec": [1.0, 0.9510086455331412, 0.636963696369637]}, "mind_score": {"auc": 0.5174605143186553, "prec": [1.0, 1.0, 0.5698569856985699]}, "count_n_own": {"auc": 0.3674057384861659, "prec": [0.5797101449275363, 0.5072046109510087, 0.6666666666666666]}, "count_top_share": {"auc": 0.5052192066805845, "prec": [0.7898550724637681, 0.8703170028818443, 0.7018701870187019]}}}, "gate": {"n": 1388, "ungated_hit_rate": 0.6548991354466859, "ungated_payoff": 0.30979827089337175, "always_silent": 0.7943083573487032, "fractions": [0.05, 0.1, 0.25, 0.5], "0.05": {"k": 69, "mind": {"precision": 1.0, "yield": 69, "payoff": 0.8067363112391931, "gain": 0.012427953890489896}, "count_n_own": {"precision": 0.5942028985507246, "yield": 41, "payoff": 0.763328530259366, "gain": -0.03097982708933722}, "count_top_share": {"precision": 0.6086956521739131, "yield": 42, "payoff": 0.7653097982708934, "gain": -0.028998559077809793}, "random": {"precision": 0.6231884057971014, "yield": 43, "payoff": 0.7665706051873199, "gain": -0.0277377521613833}, "composition": {"confirm": 0, "walk_only": 69, "neither": 0, "right_confirm": 0, "right_walk_only": 69}, "vs_count_n_own": {"mind_only": 69, "rival_only": 41, "mcnemar_z": 2.6696952498876585}, "vs_count_top_share": {"mind_only": 69, "rival_only": 42, "mcnemar_z": 2.5627265885317474}}, "0.10": {"k": 139, "mind": {"precision": 1.0, "yield": 139, "payoff": 0.8193443804034583, "gain": 0.025036023054755052}, "count_n_own": {"precision": 0.5827338129496403, "yield": 81, "payoff": 0.7289265129682997, "gain": -0.06538184438040351}, "count_top_share": {"precision": 0.7913669064748201, "yield": 110, "payoff": 0.7743155619596542, "gain": -0.019992795389048967}, "random": {"precision": 0.6402877697841727, "yield": 89, "payoff": 0.7422550432276657, "gain": -0.05205331412103753}, "composition": {"confirm": 0, "walk_only": 139, "neither": 0, "right_confirm": 0, "right_walk_only": 139}, "vs_count_n_own": {"mind_only": 139, "rival_only": 81, "mcnemar_z": 3.910359202286804}, "vs_count_top_share": {"mind_only": 138, "rival_only": 109, "mcnemar_z": 1.8452258126297554}}, "0.25": {"k": 347, "mind": {"precision": 0.9510086455331412, "yield": 330, "payoff": 0.8317723342939481, "gain": 0.03746397694524495}, "count_n_own": {"precision": 0.5072046109510087, "yield": 176, "payoff": 0.5943804034582133, "gain": -0.1999279538904899}, "count_top_share": {"precision": 0.8703170028818443, "yield": 302, "payoff": 0.7856628242074928, "gain": -0.008645533141210415}, "random": {"precision": 0.6685878962536023, "yield": 232, "payoff": 0.6797550432276657, "gain": -0.11455331412103753}, "composition": {"confirm": 34, "walk_only": 310, "neither": 3, "right_confirm": 34, "right_walk_only": 296}, "vs_count_n_own": {"mind_only": 286, "rival_only": 132, "mcnemar_z": 7.532386215885585}, "vs_count_top_share": {"mind_only": 297, "rival_only": 269, "mcnemar_z": 1.176927784785756}}, "0.50": {"k": 694, "mind": {"precision": 0.7752161383285303, "yield": 538, "payoff": 0.6817363112391931, "gain": -0.1125720461095101}, "count_n_own": {"precision": 0.5922190201729106, "yield": 411, "payoff": 0.48721181556195964, "gain": -0.30709654178674356}, "count_top_share": {"precision": 0.7968299711815562, "yield": 553, "payoff": 0.7035302593659942, "gain": -0.09077809798270897}, "random": {"precision": 0.6628242074927954, "yield": 460, "payoff": 0.5594380403458213, "gain": -0.23487031700288186}, "composition": {"confirm": 201, "walk_only": 442, "neither": 51, "right_confirm": 163, "right_walk_only": 375}, "vs_count_n_own": {"mind_only": 265, "rival_only": 138, "mcnemar_z": 6.326320613611317}, "vs_count_top_share": {"mind_only": 307, "rival_only": 322, "mcnemar_z": -0.5980891671216749}}}, "gate_walk_only": {"n": 555, "ungated_hit_rate": 0.7567567567567568, "ungated_payoff": 0.5135135135135135, "always_silent": 0.75, "fractions": [0.05, 0.1, 0.25, 0.5], "0.05": {"k": 28, "mind": {"precision": 1.0, "yield": 28, "payoff": 0.7626126126126126, "gain": 0.012612612612612595}, "count_n_own": {"precision": 0.75, "yield": 21, "payoff": 0.7373873873873874, "gain": -0.012612612612612595}, "count_top_share": {"precision": 0.7857142857142857, "yield": 22, "payoff": 0.740990990990991, "gain": -0.009009009009009028}, "random": {"precision": 0.8571428571428571, "yield": 24, "payoff": 0.7481981981981982, "gain": -0.0018018018018017834}, "composition": {"confirm": 0, "walk_only": 28, "neither": 0, "right_confirm": 0, "right_walk_only": 28}, "vs_count_n_own": {"mind_only": 28, "rival_only": 21, "mcnemar_z": 1.0}, "vs_count_top_share": {"mind_only": 28, "rival_only": 22, "mcnemar_z": 0.848528137423857}}, "0.10": {"k": 56, "mind": {"precision": 1.0, "yield": 56, "payoff": 0.7752252252252252, "gain": 0.02522522522522519}, "count_n_own": {"precision": 0.8214285714285714, "yield": 46, "payoff": 0.7391891891891892, "gain": -0.010810810810810811}, "count_top_share": {"precision": 0.7857142857142857, "yield": 44, "payoff": 0.7319819819819819, "gain": -0.018018018018018056}, "random": {"precision": 0.75, "yield": 42, "payoff": 0.7247747747747748, "gain": -0.02522522522522519}, "composition": {"confirm": 0, "walk_only": 56, "neither": 0, "right_confirm": 0, "right_walk_only": 56}, "vs_count_n_own": {"mind_only": 56, "rival_only": 46, "mcnemar_z": 0.9901475429766744}, "vs_count_top_share": {"mind_only": 56, "rival_only": 44, "mcnemar_z": 1.2}}, "0.25": {"k": 139, "mind": {"precision": 1.0, "yield": 139, "payoff": 0.8126126126126126, "gain": 0.06261261261261264}, "count_n_own": {"precision": 0.8057553956834532, "yield": 112, "payoff": 0.7153153153153153, "gain": -0.034684684684684663}, "count_top_share": {"precision": 0.7194244604316546, "yield": 100, "payoff": 0.6720720720720721, "gain": -0.07792792792792791}, "random": {"precision": 0.7769784172661871, "yield": 108, "payoff": 0.7009009009009008, "gain": -0.04909909909909915}, "composition": {"confirm": 0, "walk_only": 139, "neither": 0, "right_confirm": 0, "right_walk_only": 139}, "vs_count_n_own": {"mind_only": 139, "rival_only": 112, "mcnemar_z": 1.7042248883640685}, "vs_count_top_share": {"mind_only": 137, "rival_only": 98, "mcnemar_z": 2.5440794849084245}}, "0.50": {"k": 278, "mind": {"precision": 0.9532374100719424, "yield": 265, "payoff": 0.8283783783783784, "gain": 0.07837837837837835}, "count_n_own": {"precision": 0.762589928057554, "yield": 212, "payoff": 0.6373873873873874, "gain": -0.11261261261261257}, "count_top_share": {"precision": 0.7050359712230215, "yield": 196, "payoff": 0.5797297297297297, "gain": -0.1702702702702703}, "random": {"precision": 0.7446043165467626, "yield": 207, "payoff": 0.6193693693693694, "gain": -0.13063063063063063}, "composition": {"confirm": 0, "walk_only": 278, "neither": 0, "right_confirm": 0, "right_walk_only": 265}, "vs_count_n_own": {"mind_only": 182, "rival_only": 129, "mcnemar_z": 3.0053542787558363}, "vs_count_top_share": {"mind_only": 177, "rival_only": 108, "mcnemar_z": 4.087207256537737}}}, "other_mind": null, "reachable_wide": 0.5223342939481268, "reachable_random": 0.06772334293948126, "random_floor": 0.1493284273363522, "payoff_mind": 0.2712536023054676, "payoff_rival": 0.7943083573487032, "always_silent": 0.7943083573487032, "found_rate": 0.7819614711033275, "rival_found_rate": 0.45183887915936954, "correct_silence": 0.0, "false_silence": 0.0, "false_silence_after_step": 0.0, "step_rate": 0.770893371757925, "own_hit_rate": 0.49135446685878964, "own_rival_hit_rate": 0.4027377521613833, "own_paired": {"n": 682, "mind_only": 4, "rival_only": 74, "both": 485, "neither": 119, "mcnemar_z": -7.92593923901217}, "own_rival_of_own": 0.8196480938416423, "hit_of_own": 0.717008797653959, "ceiling": 0.8912103746397695, "walk_only_arrive": 0.9855855855855856, "walk_only_pick": {"n": 547, "mind": 420, "rival": 5, "count_rival": 6, "count_rival_rate": 0.010968921389396709, "vs_count_mind_only": 416, "vs_count_rival_only": 2, "vs_count_z": 20.249401905043065, "hit_rate": 0.7678244972577697, "rival_rate": 0.009140767824497258, "mind_only": 416, "rival_only": 1, "mcnemar_z": 20.32263743528726}, "walk_only_rate": 0.39985590778097985, "hit_of_walk_only": 0.7567567567567568, "count_rival_of_walk_only": 0.010810810810810811, "count_rival_hit_rate": 0.36527377521613835, "deep_rate": 0.3465417867435158, "deep_only_rate": 0.3047550432276657, "hit_of_deep_only": 0.9692671394799054, "hit_of_deep": 0.8523908523908524, "hit_of_depth1": 0.34125636672325976, "bisect": null, "rival_of_walk_only": 0.009009009009009009, "walk_only_paired": {"n": 555, "mind_only": 416, "rival_only": 1, "both": 4, "neither": 134, "mcnemar_z": 20.32263743528726, "stepped": 547}, "cand_places": 3.4337175792507204, "line_reach_rate": 0.0, "step_line_rate": 0.0, "line_only_rate": 0.0, "line_only_paired": {"n": 0, "mind_only": 0, "rival_only": 0, "mcnemar_z": NaN}, "steps_on_walk_only": 0.5112149532710281, "router": {"n_stepped": 1070, "mind_enrichment": 1.278497937189526, "count_enrichment": 0.9185551907047235, "share_enrichment": 0.7993533720636524, "top_share_when_stepped": 0.9981308411214953, "top_share_when_not": 1.0, "n_own_when_stepped": 2.4485981308411215, "n_own_when_not": 1.1383647798742138}, "hit_rate": 0.6548991354466859, "rival_hit_rate": 0.37175792507204614, "world_rows_own": 3.7903458213256482, "world_rows_candidate": 4.790345821325649, "world_rows_expand": 11.097262247838616, "world_rows_expand_when_stepped": 11.557009345794393, "world_rows_expand_when_not": 9.550314465408805, "step_vs_size_r": 0.25484265877329704, "found_where_rival_missed": 444, "missed_where_rival_found": 67, "paired_payoff": {"mind_better": 893, "rival_better": 479, "discordant": 1372, "mcnemar_z": 11.176949416130004, "max_achievable_z": 37.04051835490427, "underpowered": false}}}
  HELD {"count": {"n": 264, "model_accuracy": 1.0, "rival_accuracy": 1.0, "random_floor": 0.2000000000000008}, "lookup_paired_vs_rival": {"model_only_right": 0, "rival_only_right": 0, "discordant": 0, "mcnemar_z": NaN}, "lookup_paired_vs_rival_cos": {"n": 0, "model_only_right": 0, "rival_only_right": 0, "discordant": 0, "mcnemar_z": NaN, "max_achievable_z": 0.0, "underpowered": true}, "lookup_paired_vs_rival_cos_by_margin": {"median_margin": NaN, "low_margin": {"n": 0, "model_only_right": 0, "rival_only_right": 0, "discordant": 0, "mcnemar_z": NaN, "max_achievable_z": 0.0, "underpowered": true}, "high_margin": {"n": 0, "model_only_right": 0, "rival_only_right": 0, "discordant": 0, "mcnemar_z": NaN, "max_achievable_z": 0.0, "underpowered": true}}, "ladder": {"n_questions": 0, "pairs": 0, "concordant": 0, "ties_excluded": 0, "import_budget_zero_rate": 0.0, "import_budget_mean": 0.0, "concordance": NaN, "z_vs_half": NaN, "mean_phi": {"true": NaN, "near": NaN, "middle": NaN, "far": NaN}}, "exact_mismatches": 0, "confusion": {"count|1->1": 79, "count|2->2": 120, "count|3->3": 26, "count|4->4": 13, "count|5+->5+": 26}, "_mixed": [], "_reach": [[1, 0, 1, 0.0, 1, 0, 7, 3, 9, 1, 0, 1, 1, 1, 1, 7, 0, 0, 0, 2, 1, 1.0, 0, 0, 0, 0, 0, 0, -52.873748779296875, 0.0], [1, 0, 1, 0.0, 1, 0, 7, 3, 9, 1, 0, 1, 1, 1, 1, 7, 0, 0, 0, 2, 1, 1.0, 0, 0, 0, 0, 0, 0, -52.873748779296875, 0.0], [0, 0, 0, 0.0016817152500152588, 0, 1, 8, 4, 11, 0, 0, 1, 1, 2, 1, 3, 0, 0, 0, 3, 0, 1.0, 0, 0, 1, 0, 0, 0, -35.295711517333984, 0.0], [0, 0, 0, 0.0016817152500152588, 0, 1, 8, 4, 11, 0, 0, 1, 1, 2, 1, 3, 0, 0, 0, 3, 0, 1.0, 0, 0, 1, 0, 0, 0, -35.295711517333984, 0.0], [1, 0, 0, 0.10786718130111694, 0, 0, 6, 4, 9, 0, 0, 0, 0, 1, 2, 4, 0, 0, 0, 3, 0, 1.0, 0, 0, 0, 1, 0, 0, -64.1866455078125, 0.0], [1, 0, 0, 0.0, 1, 1, 8, 4, 11, 1, 0, 1, 1, 2, 1, 2, 0, 0, 0, 3, 1, 1.0, 0, 0, 1, 0, 0, 0, -31.131189346313477, 0.8532848358154297], [1, 0, 0, 0.0, 1, 1, 8, 4, 11, 1, 0, 1, 1, 2, 1, 2, 0, 0, 0, 3, 1, 1.0, 0, 0, 1, 0, 0, 0, -31.131189346313477, 0.8532848358154297], [0, 0, 0, 0.0, 0, 1, 8, 4, 11, 0, 0, 0, 0, 1, 2, 2, 0, 0, 0, 3, 0, 1.0, 0, 0, 1, 0, 0, 0, -41.89811325073242, 39.03498458862305], [1, 0, 1, 2.384185791015625e-07, 0, 1, 8, 5, 12, 0, 0, 0, 0, 2, 2, 2, 0, 0, 0, 4, 0, 1.0, 0, 0, 2, 1, 0, 0, -20.274518966674805, 32.717987060546875], [1, 0, 0, 1.1920928955078125e-07, 1, 1, 8, 5, 12, 1, 0, 1, 0, 3, 1, 2, 0, 0, 0, 4, 1, 1.0, 0, 0, 2, 0, 0, 0, -29.11129379272461, 0.0], [1, 0, 0, 1.1920928955078125e-07, 1, 1, 8, 5, 12, 1, 0, 1, 0, 3, 1, 2, 0, 0, 0, 4, 1, 1.0, 0, 0, 2, 0, 0, 0, -29.11129379272461, 0.0], [1, 0, 1, 1.1920928955078125e-07, 0, 1, 8, 5, 12, 0, 0, 0, 0, 2, 2, 2, 0, 0, 0, 4, 0, 1.0, 0, 0, 2, 1, 0, 0, -19.825021743774414, 31.949373245239258], [1, 0, 0, 0.0, 1, 1, 8, 4, 11, 1, 0, 1, 1, 2, 1, 6, 0, 0, 0, 3, 1, 1.0, 0, 0, 1, 0, 0, 0, -30.630634307861328, 0.0], [1, 0, 0, 0.0, 1, 1, 8, 4, 11, 1, 0, 1, 1, 2, 1, 6, 0, 0, 0, 3, 1, 1.0, 0, 0, 1, 0, 0, 0, -30.630634307861328, 0.0], [1, 0, 1, 0.2653021812438965, 0, 1, 7, 4, 10, 0, 0, 0, 0, 1, 2, 5, 0, 0, 0, 3, 0, 1.0, 0, 0, 2, 1, 0, 0, -34.85883331298828, 48.966949462890625], [0, 0, 0, 0.002164900302886963, 0, 1, 7, 4, 10, 0, 0, 1, 0, 2, 1, 7, 0, 0, 0, 3, 0, 1.0, 0, 0, 1, 0, 0, 0, -30.630634307861328, 0.0], [1, 0, 0, 0.039380550384521484, 0, 0, 8, 4, 11, 0, 0, 0, 0, 1, 2, 7, 0, 0, 0, 3, 0, 1.0, 0, 0, 0, 1, 0, 0, -64.1866455078125, 0.0], [0, 0, 0, 0.002164900302886963, 0, 1, 7, 4, 10, 0, 0, 1, 1, 2, 1, 7, 0, 0, 0, 3, 0, 1.0, 0, 0, 1, 0, 0, 0, -30.630634307861328, 0.0], [1, 0, 1, 0.06637850403785706, 0, 1, 6, 3, 8, 0, 0, 0, 0, 1, 1, 6, 0, 0, 0, 2, 0, 1.0, 0, 0, 2, 1, 0, 0, -0.18440848588943481, 53.47907638549805], [0, 0, 0, 0.0, 0, 1, 4, 3, 6, 0, 0, 0, 0, 1, 1, 4, 0, 0, 0, 2, 0, 1.0, 0, 0, 1, 0, 0, 0, -48.43897247314453, 5.224514007568359], [1, 0, 1, 0.04643765091896057, 0, 1, 8, 13, 20, 0, 0, 0, 0, 11, 1, 2, 0, 0, 0, 12, 0, 1.0, 0, 0, 2, 1, 0, 0, -0.07584988325834274, 35.75423812866211], [1, 0, 1, 0.0295848548412323, 0, 1, 8, 13, 20, 0, 0, 0, 0, 11, 1, 2, 0, 0, 0, 12, 0, 1.0, 0, 0, 2, 1, 0, 0, -0.07522045075893402, 35.62517166137695], [1, 0, 1, 0.022167891263961792, 0, 1, 8, 13, 20, 0, 0, 0, 0, 11, 1, 2, 0, 0, 0, 12, 0, 1.0, 0, 0, 2, 1, 0, 0, -0.07481259107589722, 35.79990005493164], [1, 0, 1, 0.013831615447998047, 0, 1, 8, 13, 20, 0, 0, 0, 0, 11, 1, 2, 0, 0, 0, 12, 0, 1.0, 0, 0, 2, 1, 0, 0, -0.08359699696302414, 35.48520278930664], [1, 0, 1, 0.0062274932861328125, 0, 1, 8, 13, 20, 0, 0, 0, 0, 11, 1, 2, 0, 0, 0, 12, 0, 1.0, 0, 0, 2, 1, 0, 0, -0.0782669186592102, 35.63107681274414], [1, 0, 1, 0.04585316777229309, 0, 1, 8, 13, 20, 0, 0, 0, 0, 11, 1, 2, 0, 0, 0, 12, 0, 1.0, 0, 0, 2, 1, 0, 0, -0.07523978501558304, 35.7764778137207], [1, 0, 1, 0.03378382325172424, 0, 1, 8, 13, 20, 0, 0, 0, 0, 11, 1, 2, 0, 0, 0, 12, 0, 1.0, 0, 0, 2, 1, 0, 0, -0.07970938086509705, 35.549713134765625], [0, 0, 0, 0.01892915368080139, 0, 1, 8, 13, 20, 0, 0, 0, 0, 11, 1, 2, 0, 0, 0, 12, 0, 1.0, 0, 0, 2, 0, 0, 0, -35.84383773803711, 0.0], [0, 0, 0, 0.020191669464111328, 0, 1, 8, 13, 20, 0, 0, 0, 0, 11, 1, 2, 0, 0, 0, 12, 0, 1.0, 0, 0, 2, 0, 0, 0, -35.718082427978516, 0.0], [0, 0, 0, 0.008129745721817017, 0, 1, 8, 13, 20, 0, 0, 0, 0, 11, 1, 2, 0, 0, 0, 12, 0, 1.0, 0, 0, 2, 0, 0, 0, -35.72266387939453, 0.0], [0, 0, 0, 0.027394592761993408, 0, 1, 8, 13, 20, 0, 0, 0, 0, 11, 1, 2, 0, 0, 0, 12, 0, 1.0, 0, 0, 2, 0, 0, 0, -35.871307373046875, 0.0], [0, 0, 0, 0.006259053945541382, 0, 1, 8, 13, 20, 0, 0, 0, 0, 11, 1, 3, 0, 0, 0, 12, 0, 1.0, 0, 0, 2, 0, 0, 0, -35.242000579833984, 0.2467498779296875], [0, 0, 0, 0.06100425124168396, 0, 1, 8, 13, 20, 0, 0, 0, 0, 11, 1, 3, 0, 0, 0, 12, 0, 1.0, 0, 0, 2, 0, 0, 0, -35.60968017578125, 0.246612548828125], [0, 0, 0, 0.05002397298812866, 0, 1, 8, 13, 20, 0, 0, 0, 0, 11, 1, 3, 0, 0, 0, 12, 0, 1.0, 0, 0, 2, 0, 0, 0, -35.37571716308594, 0.24670028686523438], [0, 0, 0, 0.03463578224182129, 0, 1, 8, 13, 20, 0, 0, 0, 0, 11, 1, 2, 0, 0, 0, 12, 0, 1.0, 0, 0, 2, 0, 0, 0, -35.41706466674805, 0.0], [0, 0, 0, 0.001157909631729126, 0, 1, 8, 13, 20, 0, 0, 0, 0, 11, 1, 3, 0, 0, 0, 12, 0, 1.0, 0, 0, 2, 0, 0, 0, -35.532501220703125, 0.0], [0, 0, 0, 0.07074645161628723, 0, 1, 8, 13, 20, 0, 0, 0, 0, 11, 1, 3, 0, 0, 0, 12, 0, 1.0, 0, 0, 2, 0, 0, 0, -35.655548095703125, 0.2466888427734375], [0, 0, 0, 0.05123567581176758, 0, 1, 8, 13, 20, 0, 0, 0, 0, 11, 1, 3, 0, 0, 0, 12, 0, 1.0, 0, 0, 2, 0, 0, 0, -35.57014083862305, 0.27104949951171875], [0, 0, 0, 0.020434677600860596, 0, 1, 8, 13, 20, 0, 0, 0, 0, 11, 1, 2, 0, 0, 0, 12, 0, 1.0, 0, 0, 2, 0, 0, 0, -35.5237922668457, 0.0], [0, 0, 0, 0.029561221599578857, 0, 1, 8, 13, 20, 0, 0, 0, 0, 11, 1, 2, 0, 0, 0, 12, 0, 1.0, 0, 0, 2, 0, 0, 0, -35.63456726074219, 0.0], [0, 0, 0, 0.002863854169845581, 0, 1, 8, 13, 20, 0, 0, 0, 0, 11, 1, 2, 0, 0, 0, 12, 0, 1.0, 0, 0, 2, 0, 0, 0, -35.453208923339844, 0.0], [0, 0, 0, 0.021435648202896118, 0, 1, 8, 13, 20, 0, 0, 0, 0, 11, 1, 2, 0, 0, 0, 12, 0, 1.0, 0, 0, 2, 0, 0, 0, -35.315792083740234, 0.0], [0, 0, 0, 0.01985037326812744, 0, 1, 8, 13, 20, 0, 0, 0, 0, 11, 1, 3, 0, 0, 0, 12, 0, 1.0, 0, 0, 2, 0, 0, 0, -35.478965759277344, 0.24646377563476562], [0, 0, 0, 0.028366267681121826, 0, 1, 8, 13, 20, 0, 0, 0, 0, 11, 1, 2, 0, 0, 0, 12, 0, 1.0, 0, 0, 2, 0, 0, 0, -35.18948745727539, 0.0], [0, 0, 0, 0.03718799352645874, 0, 1, 8, 13, 20, 0, 0, 0, 0, 11, 1, 3, 0, 0, 0, 12, 0, 1.0, 0, 0, 2, 0, 0, 0, -35.25409698486328, 0.0], [0, 0, 0, 0.018899232149124146, 0, 1, 8, 13, 20, 0, 0, 0, 0, 11, 1, 2, 0, 0, 0, 12, 0, 1.0, 0, 0, 2, 0, 0, 0, -35.44871139526367, 0.0], [0, 0, 0, 0.01955154538154602, 0, 1, 8, 13, 20, 0, 0, 0, 0, 11, 1, 2, 0, 0, 0, 12, 0, 1.0, 0, 0, 2, 0, 0, 0, -35.876220703125, 0.2712516784667969], [0, 0, 0, 0.011906653642654419, 0, 1, 8, 13, 20, 0, 0, 0, 0, 11, 1, 2, 0, 0, 0, 12, 0, 1.0, 0, 0, 2, 0, 0, 0, -35.595516204833984, 0.0], [0, 0, 0, 0.02964174747467041, 0, 1, 8, 13, 20, 0, 0, 0, 0, 11, 1, 3, 0, 0, 0, 12, 0, 1.0, 0, 0, 2, 0, 0, 0, -35.73111343383789, 0.0], [0, 0, 0, 0.021873772144317627, 0, 1, 8, 13, 20, 0, 0, 0, 0, 11, 1, 3, 0, 0, 0, 12, 0, 1.0, 0, 0, 1, 0, 0, 0, -35.6562385559082, 0.0], [0, 0, 0, 0.010375037789344788, 0, 1, 6, 3, 8, 0, 0, 0, 0, 1, 1, 4, 0, 0, 0, 2, 0, 1.0, 0, 0, 1, 0, 0, 0, -48.43897247314453, 0.0], [1, 0, 1, 0.25765442848205566, 0, 1, 6, 3, 8, 0, 0, 0, 0, 1, 1, 5, 0, 0, 0, 2, 0, 1.0, 0, 0, 2, 1, 0, 0, -0.18440848588943481, 0.0], [1, 0, 1, 0.006995081901550293, 0, 1, 8, 3, 10, 0, 0, 0, 0, 1, 1, 5, 0, 0, 0, 2, 0, 1.0, 0, 0, 2, 1, 0, 0, -0.18511274456977844, 61.15155792236328], [1, 0, 1, 0.0, 0, 1, 8, 3, 10, 0, 0, 0, 0, 1, 1, 5, 0, 0, 0, 2, 0, 1.0, 0, 0, 2, 1, 0, 0, -0.18511274456977844, 61.15155792236328], [1, 0, 1, 0.24346578121185303, 0, 1, 8, 3, 10, 0, 0, 0, 0, 1, 1, 5, 0, 0, 0, 2, 0, 1.0, 0, 0, 2, 1, 0, 0, -0.18440848588943481, 51.424251556396484], [0, 0, 0, 0.01072874665260315, 0, 1, 8, 3, 10, 0, 0, 0, 0, 1, 1, 8, 0, 0, 0, 2, 0, 1.0, 0, 0, 2, 0, 0, 0, -48.43897247314453, 0.0], [0, 0, 0, 0.0041557252407073975, 0, 1, 8, 3, 10, 0, 0, 0, 0, 1, 1, 7, 0, 0, 0, 2, 0, 1.0, 0, 0, 1, 0, 0, 0, -48.43897247314453, 0.0], [0, 0, 0, 0.1868862509727478, 0, 0, 8, 3, 10, 0, 0, 0, 0, 1, 1, 2, 0, 0, 0, 2, 0, 1.0, 0, 0, 0, 0, 0, 0, -55.74060821533203, 0.0], [1, 0, 1, 0.0, 0, 1, 5, 3, 7, 0, 0, 0, 0, 1, 1, 5, 0, 0, 0, 2, 0, 1.0, 0, 0, 2, 1, 0, 0, -0.18440848588943481, 48.25456237792969], [1, 0, 1, 0.6072201132774353, 0, 1, 8, 3, 10, 0, 0, 0, 0, 1, 1, 7, 0, 0, 0, 2, 0, 1.0, 0, 0, 2, 1, 0, 0, -0.18440848588943481, 48.25456237792969], [1, 0, 1, 0.48112285137176514, 1, 1, 8, 4, 11, 1, 0, 1, 1, 1, 2, 6, 0, 0, 0, 3, 1, 1.0, 0, 0, 1, 0, 0, 0, -60.29620361328125, 17.769882202148438], [1, 0, 1, 0.48112285137176514, 1, 1, 8, 4, 11, 1, 1, 1, 1, 1, 2, 6, 0, 0, 0, 3, 1, 1.0, 0, 0, 1, 0, 0, 0, -60.29620361328125, 17.769882202148438], [1, 0, 1, 0.48112285137176514, 1, 1, 8, 4, 11, 1, 0, 1, 1, 1, 2, 6, 0, 0, 0, 3, 1, 1.0, 0, 0, 1, 0, 0, 0, -59.6771240234375, 18.388961791992188], [1, 0, 1, 0.0, 1, 0, 8, 3, 10, 1, 0, 1, 1, 1, 1, 4, 0, 0, 0, 2, 1, 1.0, 0, 0, 0, 0, 0, 0, -52.873748779296875, 0.0], [1, 0, 1, 0.0, 1, 0, 8, 3, 10, 1, 0, 1, 1, 1, 1, 4, 0, 0, 0, 2, 1, 1.0, 0, 0, 0, 0, 0, 0, -52.873748779296875, 0.0], [1, 0, 1, 0.0, 1, 0, 1, 3, 3, 1, 0, 1, 1, 1, 1, 1, 0, 0, 0, 2, 1, 1.0, 0, 0, 0, 0, 0, 0, -52.873748779296875, 0.0], [1, 0, 1, 0.0, 1, 0, 1, 3, 3, 1, 0, 1, 1, 1, 1, 1, 0, 0, 0, 2, 1, 1.0, 0, 0, 0, 0, 0, 0, -52.873748779296875, 0.0], [0, 0, 0, 0.10316622257232666, 0, 1, 8, 3, 10, 0, 0, 1, 1, 1, 1, 8, 0, 0, 0, 2, 0, 1.0, 0, 0, 1, 0, 0, 0, -52.22532653808594, 0.0], [0, 0, 0, 0.10316622257232666, 0, 1, 8, 3, 10, 0, 0, 1, 1, 1, 1, 8, 0, 0, 0, 2, 0, 1.0, 0, 0, 1, 0, 0, 0, -52.22532653808594, 0.0], [1, 0, 1, 0.0, 1, 0, 8, 3, 10, 1, 1, 1, 1, 1, 1, 2, 0, 0, 0, 2, 1, 1.0, 0, 0, 0, 0, 0, 0, -52.873748779296875, 0.0], [1, 0, 1, 0.0, 1, 0, 8, 3, 10, 1, 0, 1, 1, 1, 1, 2, 0, 0, 0, 2, 1, 1.0, 0, 0, 0, 0, 0, 0, -52.873748779296875, 0.0], [1, 0, 1, 0.0, 1, 0, 8, 3, 10, 1, 0, 1, 1, 1, 1, 4, 0, 0, 0, 2, 1, 1.0, 0, 0, 0, 0, 0, 0, -67.53690338134766, 0.0], [1, 0, 1, 0.0, 1, 0, 8, 3, 10, 1, 0, 1, 1, 1, 1, 4, 0, 0, 0, 2, 1, 1.0, 0, 0, 0, 0, 0, 0, -67.53690338134766, 0.0], [1, 0, 1, 0.0, 1, 0, 8, 3, 10, 1, 0, 1, 1, 1, 1, 2, 0, 0, 0, 2, 1, 1.0, 0, 0, 0, 0, 0, 0, -52.873748779296875, 0.0], [1, 0, 1, 0.0, 1, 0, 8, 3, 10, 1, 0, 1, 1, 1, 1, 2, 0, 0, 0, 2, 1, 1.0, 0, 0, 0, 0, 0, 0, -52.873748779296875, 0.0], [1, 0, 1, 0.0, 1, 0, 8, 3, 10, 1, 0, 1, 1, 1, 1, 4, 0, 0, 0, 2, 1, 1.0, 0, 0, 0, 0, 0, 0, -52.873748779296875, 0.0], [1, 0, 1, 0.0, 1, 0, 8, 3, 10, 1, 0, 1, 1, 1, 1, 4, 0, 0, 0, 2, 1, 1.0, 0, 0, 0, 0, 0, 0, -52.873748779296875, 0.0], [1, 0, 1, 0.0, 1, 0, 8, 3, 10, 1, 0, 1, 1, 1, 1, 4, 0, 0, 0, 2, 1, 1.0, 0, 0, 0, 0, 0, 0, -52.873748779296875, 0.0], [1, 0, 1, 0.0, 1, 0, 8, 3, 10, 1, 0, 1, 1, 1, 1, 4, 0, 0, 0, 2, 1, 1.0, 0, 0, 0, 0, 0, 0, -52.873748779296875, 0.0], [0, 0, 1, 0.019647911190986633, 0, 0, 8, 3, 10, 0, 0, 1, 1, 1, 1, 7, 0, 0, 0, 2, 0, 1.0, 0, 0, 0, 0, 0, 0, -52.873748779296875, 0.0], [0, 0, 1, 0.019647911190986633, 0, 0, 8, 3, 10, 0, 0, 1, 1, 1, 1, 7, 0, 0, 0, 2, 0, 1.0, 0, 0, 0, 0, 0, 0, -52.873748779296875, 0.0], [1, 0, 1, 0.0, 1, 1, 7, 4, 10, 1, 0, 1, 1, 1, 2, 2, 0, 0, 0, 3, 1, 1.0, 0, 0, 1, 0, 0, 0, -58.57526397705078, 19.490821838378906], [1, 0, 1, 0.0, 1, 1, 7, 4, 10, 1, 0, 1, 1, 1, 2, 2, 0, 0, 0, 3, 1, 1.0, 0, 0, 1, 0, 0, 0, -58.57526397705078, 19.490821838378906], [1, 0, 1, 0.0, 1, 1, 7, 4, 10, 1, 0, 1, 1, 1, 2, 2, 0, 0, 0, 3, 1, 1.0, 0, 0, 1, 0, 0, 0, -58.57526397705078, 19.490821838378906], [0, 0, 0, 0.0047294944524765015, 0, 1, 8, 3, 10, 0, 0, 1, 1, 1, 1, 6, 0, 0, 0, 2, 0, 1.0, 0, 0, 1, 0, 0, 0, -52.06005859375, 0.0], [0, 0, 0, 0.0047294944524765015, 0, 1, 8, 3, 10, 0, 0, 1, 1, 1, 1, 6, 0, 0, 0, 2, 0, 1.0, 0, 0, 1, 0, 0, 0, -52.06005859375, 0.0], [0, 0, 0, 0.00457453727722168, 0, 1, 6, 3, 8, 0, 0, 1, 1, 1, 1, 5, 0, 0, 0, 2, 0, 1.0, 0, 0, 1, 0, 0, 0, -46.336917877197266, 0.0], [0, 0, 0, 0.00457453727722168, 0, 1, 6, 3, 8, 0, 0, 1, 1, 1, 1, 5, 0, 0, 0, 2, 0, 1.0, 0, 0, 1, 0, 0, 0, -46.336917877197266, 0.0], [1, 0, 1, 0.0, 1, 0, 2, 3, 4, 1, 0, 1, 1, 1, 1, 2, 0, 0, 0, 2, 1, 1.0, 0, 0, 0, 0, 0, 0, -52.873748779296875, 0.0], [1, 0, 1, 0.0, 1, 0, 2, 3, 4, 1, 0, 1, 1, 1, 1, 2, 0, 0, 0, 2, 1, 1.0, 0, 0, 0, 0, 0, 0, -52.873748779296875, 0.0], [1, 0, 1, 0.0, 1, 0, 8, 3, 10, 1, 1, 1, 1, 1, 1, 2, 0, 0, 0, 2, 1, 1.0, 0, 0, 0, 0, 0, 0, -52.873748779296875, 0.0], [1, 0, 1, 0.0, 1, 0, 8, 3, 10, 1, 0, 1, 1, 1, 1, 2, 0, 0, 0, 2, 1, 1.0, 0, 0, 0, 0, 0, 0, -52.873748779296875, 0.0], [1, 0, 1, 0.0, 1, 0, 8, 3, 10, 1, 0, 1, 1, 1, 1, 2, 0, 0, 0, 2, 1, 1.0, 0, 0, 0, 0, 0, 0, -52.873748779296875, 0.0], [1, 0, 1, 0.0, 1, 0, 8, 3, 10, 1, 0, 1, 1, 1, 1, 2, 0, 0, 0, 2, 1, 1.0, 0, 0, 0, 0, 0, 0, -52.873748779296875, 0.0], [1, 0, 1, 0.0, 1, 0, 2, 3, 4, 1, 0, 1, 1, 1, 1, 2, 0, 0, 0, 2, 1, 1.0, 0, 0, 0, 0, 0, 0, -52.873748779296875, 0.0], [1, 0, 1, 0.0, 1, 0, 2, 3, 4, 1, 1, 1, 1, 1, 1, 2, 0, 0, 0, 2, 1, 1.0, 0, 0, 0, 0, 0, 0, -52.873748779296875, 0.0], [0, 0, 0, 0.0, 0, 1, 7, 3, 9, 0, 0, 1, 1, 1, 1, 2, 0, 0, 0, 2, 0, 1.0, 0, 0, 1, 0, 0, 0, -49.638694763183594, 0.0], [0, 0, 0, 0.0, 0, 1, 7, 3, 9, 0, 0, 1, 1, 1, 1, 2, 0, 0, 0, 2, 0, 1.0, 0, 0, 1, 0, 0, 0, -49.638694763183594, 0.0], [0, 0, 0, 0.0, 0, 1, 1, 3, 3, 0, 0, 1, 1, 1, 1, 1, 0, 0, 0, 2, 0, 1.0, 0, 0, 1, 0, 0, 0, -46.336917877197266, 0.0], [0, 0, 0, 0.0, 0, 1, 1, 3, 3, 0, 0, 1, 1, 1, 1, 1, 0, 0, 0, 2, 0, 1.0, 0, 0, 1, 0, 0, 0, -46.336917877197266, 0.0], [1, 0, 1, 0.0, 1, 1, 3, 4, 6, 1, 0, 1, 1, 1, 2, 2, 0, 0, 0, 3, 1, 1.0, 0, 0, 1, 0, 0, 0, -44.392303466796875, 38.12364196777344], [1, 0, 1, 0.0, 1, 1, 3, 4, 6, 1, 0, 1, 1, 1, 2, 2, 0, 0, 0, 3, 1, 1.0, 0, 0, 1, 0, 0, 0, -44.392303466796875, 38.12364196777344], [1, 0, 1, 0.0, 1, 1, 3, 4, 6, 1, 0, 1, 1, 1, 2, 2, 0, 0, 0, 3, 1, 1.0, 0, 0, 1, 0, 0, 0, -44.392303466796875, 38.12364196777344], [0, 0, 0, 0.04307889938354492, 0, 1, 8, 3, 10, 0, 0, 1, 1, 1, 1, 5, 0, 0, 0, 2, 0, 1.0, 0, 0, 1, 0, 0, 0, -52.06005859375, 0.0], [0, 0, 0, 0.04307889938354492, 0, 1, 8, 3, 10, 0, 0, 1, 1, 1, 1, 5, 0, 0, 0, 2, 0, 1.0, 0, 0, 1, 0, 0, 0, -52.06005859375, 0.0], [0, 0, 0, 0.12919259071350098, 0, 1, 8, 3, 10, 0, 0, 1, 1, 1, 1, 6, 0, 0, 0, 2, 0, 1.0, 0, 0, 1, 0, 0, 0, -46.336917877197266, 0.0], [0, 0, 0, 0.12919259071350098, 0, 1, 8, 3, 10, 0, 0, 1, 1, 1, 1, 6, 0, 0, 0, 2, 0, 1.0, 0, 0, 1, 0, 0, 0, -46.336917877197266, 0.0], [1, 0, 1, 0.20486068725585938, 0, 1, 8, 3, 10, 1, 0, 1, 1, 1, 1, 6, 0, 0, 0, 2, 0, 1.0, 0, 0, 1, 0, 0, 0, -40.775230407714844, 6.408061981201172], [1, 0, 1, 0.20486068725585938, 0, 1, 8, 3, 10, 1, 0, 1, 1, 1, 1, 6, 0, 0, 0, 2, 0, 1.0, 0, 0, 1, 0, 0, 0, -40.775230407714844, 6.408061981201172], [1, 0, 1, 0.0, 1, 0, 8, 3, 10, 1, 1, 1, 1, 1, 1, 2, 0, 0, 0, 2, 1, 1.0, 0, 0, 0, 0, 0, 0, -52.873748779296875, 0.0], [1, 0, 1, 0.0, 1, 0, 8, 3, 10, 1, 0, 1, 1, 1, 1, 2, 0, 0, 0, 2, 1, 1.0, 0, 0, 0, 0, 0, 0, -52.873748779296875, 0.0], [0, 0, 0, 0.020953238010406494, 0, 1, 8, 3, 10, 0, 0, 1, 1, 1, 1, 7, 0, 0, 0, 2, 0, 1.0, 0, 0, 1, 0, 0, 0, -52.22532653808594, 0.0], [0, 0, 0, 0.020953238010406494, 0, 1, 8, 3, 10, 0, 0, 1, 1, 1, 1, 7, 0, 0, 0, 2, 0, 1.0, 0, 0, 1, 0, 0, 0, -52.22532653808594, 0.0], [1, 0, 1, 0.0, 1, 1, 8, 4, 11, 1, 0, 1, 1, 1, 2, 2, 0, 0, 0, 3, 1, 1.0, 0, 0, 1, 0, 0, 0, -43.894142150878906, 34.782920837402344], [1, 0, 1, 0.0, 1, 1, 8, 4, 11, 1, 0, 1, 1, 1, 2, 2, 0, 0, 0, 3, 1, 1.0, 0, 0, 1, 0, 0, 0, -43.894142150878906, 34.782920837402344], [1, 0, 1, 0.0, 1, 1, 8, 4, 11, 1, 1, 1, 1, 1, 2, 2, 0, 0, 0, 3, 1, 1.0, 0, 0, 1, 0, 0, 0, -43.894142150878906, 34.782920837402344], [0, 0, 0, 0.0, 0, 1, 8, 3, 10, 0, 0, 1, 1, 1, 1, 5, 0, 0, 0, 2, 0, 1.0, 0, 0, 1, 0, 0, 0, -46.336917877197266, 0.0], [0, 0, 0, 0.0, 0, 1, 8, 3, 10, 0, 0, 1, 1, 1, 1, 5, 0, 0, 0, 2, 0, 1.0, 0, 0, 1, 0, 0, 0, -46.336917877197266, 0.0], [0, 0, 0, 0.21883752942085266, 0, 1, 8, 3, 10, 0, 0, 1, 1, 1, 1, 5, 0, 0, 0, 2, 0, 1.0, 0, 0, 1, 0, 0, 0, -52.06005859375, 0.0], [0, 0, 0, 0.21883752942085266, 0, 1, 8, 3, 10, 0, 0, 1, 1, 1, 1, 5, 0, 0, 0, 2, 0, 1.0, 0, 0, 1, 0, 0, 0, -52.06005859375, 0.0], [0, 0, 0, 0.018202215433120728, 0, 1, 8, 3, 10, 0, 0, 1, 1, 1, 1, 8, 0, 0, 0, 2, 0, 1.0, 0, 0, 1, 0, 0, 0, -46.336917877197266, 5.723140716552734], [0, 0, 0, 0.018202215433120728, 0, 1, 8, 3, 10, 0, 0, 1, 1, 1, 1, 8, 0, 0, 0, 2, 0, 1.0, 0, 0, 1, 0, 0, 0, -46.336917877197266, 5.723140716552734], [1, 0, 1, 0.0, 1, 0, 8, 3, 10, 1, 0, 1, 1, 1, 1, 2, 0, 0, 0, 2, 1, 1.0, 0, 0, 0, 0, 0, 0, -52.873748779296875, 0.0], [1, 0, 1, 0.0, 1, 0, 8, 3, 10, 1, 0, 1, 1, 1, 1, 2, 0, 0, 0, 2, 1, 1.0, 0, 0, 0, 0, 0, 0, -52.873748779296875, 0.0], [0, 0, 0, 0.03696754574775696, 0, 1, 7, 3, 9, 0, 0, 1, 1, 1, 1, 6, 0, 0, 0, 2, 0, 1.0, 0, 0, 1, 0, 0, 0, -46.336917877197266, 0.0], [0, 0, 0, 0.03696754574775696, 0, 1, 7, 3, 9, 0, 0, 1, 1, 1, 1, 6, 0, 0, 0, 2, 0, 1.0, 0, 0, 1, 0, 0, 0, -46.336917877197266, 0.0], [1, 0, 1, 0.793475866317749, 1, 0, 8, 3, 10, 1, 0, 1, 1, 1, 1, 8, 0, 0, 0, 2, 1, 1.0, 0, 0, 0, 0, 0, 0, -52.873748779296875, 0.0], [1, 0, 1, 0.793475866317749, 1, 0, 8, 3, 10, 1, 0, 1, 1, 1, 1, 8, 0, 0, 0, 2, 1, 1.0, 0, 0, 0, 0, 0, 0, -52.873748779296875, 0.0], [1, 0, 1, 0.0, 1, 0, 8, 3, 10, 1, 0, 1, 1, 1, 1, 4, 0, 0, 0, 2, 1, 1.0, 0, 0, 0, 0, 0, 0, -52.873748779296875, 0.0], [1, 0, 1, 0.0, 1, 0, 8, 3, 10, 1, 0, 1, 1, 1, 1, 4, 0, 0, 0, 2, 1, 1.0, 0, 0, 0, 0, 0, 0, -52.873748779296875, 0.0], [0, 0, 0, 0.0745910108089447, 0, 1, 7, 3, 9, 0, 0, 1, 1, 1, 1, 5, 0, 0, 0, 2, 0, 1.0, 0, 0, 1, 0, 0, 0, -46.336917877197266, 0.0], [0, 0, 0, 0.0745910108089447, 0, 1, 7, 3, 9, 0, 0, 1, 1, 1, 1, 5, 0, 0, 0, 2, 0, 1.0, 0, 0, 1, 0, 0, 0, -46.336917877197266, 0.0], [1, 0, 1, 0.0, 1, 0, 4, 3, 6, 1, 0, 1, 1, 1, 1, 4, 0, 0, 0, 2, 1, 1.0, 0, 0, 0, 0, 0, 0, -52.873748779296875, 0.0], [1, 0, 1, 0.0, 1, 0, 4, 3, 6, 1, 0, 1, 1, 1, 1, 4, 0, 0, 0, 2, 1, 1.0, 0, 0, 0, 0, 0, 0, -52.873748779296875, 0.0], [0, 0, 1, 0.029833346605300903, 0, 0, 8, 4, 11, 0, 0, 1, 1, 1, 2, 4, 0, 0, 0, 3, 0, 1.0, 0, 0, 0, 0, 0, 0, -61.35403060913086, 0.0], [0, 0, 1, 0.029833346605300903, 0, 0, 8, 4, 11, 0, 0, 1, 1, 1, 2, 4, 0, 0, 0, 3, 0, 1.0, 0, 0, 0, 0, 0, 0, -61.35403060913086, 0.0], [0, 0, 1, 0.029833346605300903, 0, 0, 8, 4, 11, 0, 0, 1, 1, 1, 2, 4, 0, 0, 0, 3, 0, 1.0, 0, 0, 0, 0, 0, 0, -61.35403060913086, 0.0], [1, 0, 1, 0.0, 1, 0, 8, 3, 10, 1, 0, 1, 1, 1, 1, 2, 0, 0, 0, 2, 1, 1.0, 0, 0, 0, 0, 0, 0, -52.873748779296875, 0.0], [1, 0, 1, 0.0, 1, 0, 8, 3, 10, 1, 0, 1, 1, 1, 1, 2, 0, 0, 0, 2, 1, 1.0, 0, 0, 0, 0, 0, 0, -52.873748779296875, 0.0], [0, 0, 0, 0.003022998571395874, 0, 1, 4, 3, 6, 0, 0, 1, 1, 1, 1, 4, 0, 0, 0, 2, 0, 1.0, 0, 0, 1, 0, 0, 0, -52.06005859375, 0.0], [0, 0, 0, 0.003022998571395874, 0, 1, 4, 3, 6, 0, 0, 1, 1, 1, 1, 4, 0, 0, 0, 2, 0, 1.0, 0, 0, 1, 0, 0, 0, -52.06005859375, 0.0], [1, 0, 1, 0.0, 1, 0, 4, 3, 6, 1, 0, 1, 1, 1, 1, 2, 0, 0, 0, 2, 1, 1.0, 0, 0, 0, 0, 0, 0, -52.873748779296875, 0.0], [1, 0, 1, 0.0, 1, 0, 4, 3, 6, 1, 0, 1, 1, 1, 1, 2, 0, 0, 0, 2, 1, 1.0, 0, 0, 0, 0, 0, 0, -52.873748779296875, 0.0], [0, 0, 0, 0.17190870642662048, 0, 1, 8, 3, 10, 0, 0, 1, 1, 1, 1, 8, 0, 0, 0, 2, 0, 1.0, 0, 0, 1, 0, 0, 0, -52.06005859375, 0.0], [0, 0, 0, 0.17190870642662048, 0, 1, 8, 3, 10, 0, 0, 1, 1, 1, 1, 8, 0, 0, 0, 2, 0, 1.0, 0, 0, 1, 0, 0, 0, -52.06005859375, 0.0], [0, 0, 0, 0.0002351701259613037, 0, 1, 8, 3, 10, 0, 0, 1, 1, 1, 1, 8, 0, 0, 0, 2, 0, 1.0, 0, 0, 1, 0, 0, 0, -52.06005859375, 0.0], [0, 0, 0, 0.0002351701259613037, 0, 1, 8, 3, 10, 0, 0, 1, 1, 1, 1, 8, 0, 0, 0, 2, 0, 1.0, 0, 0, 1, 0, 0, 0, -52.06005859375, 0.0], [1, 0, 1, 0.0, 1, 0, 8, 3, 10, 1, 1, 1, 1, 1, 1, 2, 0, 0, 0, 2, 1, 1.0, 0, 0, 0, 0, 0, 0, -52.873748779296875, 0.0], [1, 0, 1, 0.0, 1, 0, 8, 3, 10, 1, 1, 1, 1, 1, 1, 2, 0, 0, 0, 2, 1, 1.0, 0, 0, 0, 0, 0, 0, -52.873748779296875, 0.0], [0, 0, 1, 0.0, 0, 0, 8, 4, 11, 0, 0, 1, 1, 1, 2, 5, 0, 0, 0, 3, 0, 1.0, 0, 0, 0, 0, 0, 0, -61.35403060913086, 0.0], [0, 0, 1, 0.0, 0, 0, 8, 4, 11, 0, 0, 1, 1, 1, 2, 5, 0, 0, 0, 3, 0, 1.0, 0, 0, 0, 0, 0, 0, -61.35403060913086, 0.0], [0, 0, 1, 0.0, 0, 0, 8, 4, 11, 0, 0, 1, 1, 1, 2, 5, 0, 0, 0, 3, 0, 1.0, 0, 0, 0, 0, 0, 0, -61.35403060913086, 0.0], [1, 0, 1, 0.4095062017440796, 1, 0, 7, 3, 9, 1, 0, 1, 1, 1, 1, 7, 0, 0, 0, 2, 1, 1.0, 0, 0, 0, 0, 0, 0, -52.873748779296875, 0.0], [1, 0, 1, 0.4095062017440796, 1, 0, 7, 3, 9, 1, 0, 1, 1, 1, 1, 7, 0, 0, 0, 2, 1, 1.0, 0, 0, 0, 0, 0, 0, -52.873748779296875, 0.0], [1, 0, 1, 0.34227681159973145, 1, 0, 8, 3, 10, 1, 0, 1, 1, 1, 1, 6, 0, 0, 0, 2, 1, 1.0, 0, 0, 0, 0, 0, 0, -52.873748779296875, 0.0], [1, 0, 1, 0.34227681159973145, 1, 0, 8, 3, 10, 1, 0, 1, 1, 1, 1, 6, 0, 0, 0, 2, 1, 1.0, 0, 0, 0, 0, 0, 0, -52.873748779296875, 0.0], [1, 0, 1, 0.0, 1, 0, 8, 3, 10, 1, 0, 1, 1, 1, 1, 2, 0, 0, 0, 2, 1, 1.0, 0, 0, 0, 0, 0, 0, -52.873748779296875, 0.0], [1, 0, 1, 0.0, 1, 0, 8, 3, 10, 1, 0, 1, 1, 1, 1, 2, 0, 0, 0, 2, 1, 1.0, 0, 0, 0, 0, 0, 0, -52.873748779296875, 0.0], [1, 0, 0, 3.5762786865234375e-07, 1, 1, 7, 3, 9, 1, 0, 1, 1, 1, 1, 2, 0, 0, 0, 2, 1, 1.0, 0, 0, 2, 0, 0, 0, -46.336917877197266, 5.723140716552734], [1, 0, 0, 3.5762786865234375e-07, 1, 1, 7, 3, 9, 1, 0, 1, 1, 1, 1, 2, 0, 0, 0, 2, 1, 1.0, 0, 0, 2, 0, 0, 0, -46.336917877197266, 5.723140716552734], [1, 0, 1, 0.7832043766975403, 1, 0, 8, 4, 11, 1, 0, 1, 1, 1, 2, 4, 0, 0, 0, 3, 1, 1.0, 0, 0, 0, 0, 0, 0, -61.35403060913086, 0.0], [1, 0, 1, 0.7832043766975403, 1, 0, 8, 4, 11, 1, 0, 1, 1, 1, 2, 4, 0, 0, 0, 3, 1, 1.0, 0, 0, 0, 0, 0, 0, -61.35403060913086, 0.0], [1, 0, 1, 0.7832043766975403, 1, 0, 8, 4, 11, 1, 0, 1, 1, 1, 2, 4, 0, 0, 0, 3, 1, 1.0, 0, 0, 0, 0, 0, 0, -61.35403060913086, 0.0], [1, 0, 1, 0.0, 1, 0, 5, 3, 7, 1, 0, 1, 1, 1, 1, 4, 0, 0, 0, 2, 1, 1.0, 0, 0, 0, 0, 0, 0, -52.873748779296875, 0.0], [1, 0, 1, 0.0, 1, 0, 5, 3, 7, 1, 0, 1, 1, 1, 1, 4, 0, 0, 0, 2, 1, 1.0, 0, 0, 0, 0, 0, 0, -52.873748779296875, 0.0], [1, 0, 1, 0.0, 1, 0, 8, 3, 10, 1, 0, 1, 1, 1, 1, 4, 0, 0, 0, 2, 1, 1.0, 0, 0, 0, 0, 0, 0, -52.873748779296875, 0.0], [1, 0, 1, 0.0, 1, 0, 8, 3, 10, 1, 0, 1, 1, 1, 1, 4, 0, 0, 0, 2, 1, 1.0, 0, 0, 0, 0, 0, 0, -52.873748779296875, 0.0], [1, 0, 1, 0.0, 1, 0, 5, 3, 7, 1, 1, 1, 1, 1, 1, 2, 0, 0, 0, 2, 1, 1.0, 0, 0, 0, 0, 0, 0, -52.873748779296875, 0.0], [1, 0, 1, 0.0, 1, 0, 5, 3, 7, 1, 0, 1, 1, 1, 1, 2, 0, 0, 0, 2, 1, 1.0, 0, 0, 0, 0, 0, 0, -52.873748779296875, 0.0], [1, 0, 1, 0.0, 1, 0, 8, 3, 10, 1, 0, 1, 1, 1, 1, 2, 0, 0, 0, 2, 1, 1.0, 0, 0, 0, 0, 0, 0, -52.873748779296875, 0.0], [1, 0, 1, 0.0, 1, 0, 8, 3, 10, 1, 0, 1, 1, 1, 1, 2, 0, 0, 0, 2, 1, 1.0, 0, 0, 0, 0, 0, 0, -52.873748779296875, 0.0], [1, 0, 1, 0.0, 1, 0, 2, 3, 4, 1, 0, 1, 1, 1, 1, 2, 0, 0, 0, 2, 1, 1.0, 0, 0, 0, 0, 0, 0, -52.873748779296875, 0.0], [1, 0, 1, 0.0, 1, 0, 2, 3, 4, 1, 0, 1, 1, 1, 1, 2, 0, 0, 0, 2, 1, 1.0, 0, 0, 0, 0, 0, 0, -52.873748779296875, 0.0], [1, 0, 1, 0.0, 1, 0, 8, 3, 10, 1, 1, 1, 1, 1, 1, 2, 0, 0, 0, 2, 1, 1.0, 0, 0, 0, 0, 0, 0, -52.873748779296875, 0.0], [1, 0, 1, 0.0, 1, 0, 8, 3, 10, 1, 1, 1, 1, 1, 1, 2, 0, 0, 0, 2, 1, 1.0, 0, 0, 0, 0, 0, 0, -52.873748779296875, 0.0], [0, 0, 0, 0.0, 0, 1, 6, 3, 8, 0, 0, 1, 1, 1, 1, 5, 0, 0, 0, 2, 0, 1.0, 0, 0, 1, 0, 0, 0, -52.06005859375, 0.0], [0, 0, 0, 0.0, 0, 1, 6, 3, 8, 0, 0, 1, 1, 1, 1, 5, 0, 0, 0, 2, 0, 1.0, 0, 0, 1, 0, 0, 0, -52.06005859375, 0.0], [0, 0, 0, 0.058175116777420044, 0, 1, 5, 3, 7, 0, 0, 1, 1, 1, 1, 5, 0, 0, 0, 2, 0, 1.0, 0, 0, 1, 0, 0, 0, -46.336917877197266, 0.0], [0, 0, 0, 0.058175116777420044, 0, 1, 5, 3, 7, 0, 0, 1, 1, 1, 1, 5, 0, 0, 0, 2, 0, 1.0, 0, 0, 1, 0, 0, 0, -46.336917877197266, 0.0], [1, 0, 1, 0.0, 1, 0, 1, 3, 3, 1, 0, 1, 1, 1, 1, 1, 0, 0, 0, 2, 1, 1.0, 0, 0, 0, 0, 0, 0, -52.873748779296875, 0.0], [1, 0, 1, 0.0, 1, 0, 1, 3, 3, 1, 0, 1, 1, 1, 1, 1, 0, 0, 0, 2, 1, 1.0, 0, 0, 0, 0, 0, 0, -52.873748779296875, 0.0], [1, 0, 1, 0.0, 1, 0, 8, 3, 10, 1, 0, 1, 1, 1, 1, 2, 0, 0, 0, 2, 1, 1.0, 0, 0, 0, 0, 0, 0, -52.873748779296875, 0.0], [1, 0, 1, 0.0, 1, 0, 8, 3, 10, 1, 0, 1, 1, 1, 1, 2, 0, 0, 0, 2, 1, 1.0, 0, 0, 0, 0, 0, 0, -52.873748779296875, 0.0], [0, 0, 0, 0.13754862546920776, 0, 1, 8, 3, 10, 0, 0, 1, 1, 1, 1, 4, 0, 0, 0, 2, 0, 1.0, 0, 0, 1, 0, 0, 0, -46.336917877197266, 0.0], [0, 0, 0, 0.13754862546920776, 0, 1, 8, 3, 10, 0, 0, 1, 1, 1, 1, 4, 0, 0, 0, 2, 0, 1.0, 0, 0, 1, 0, 0, 0, -46.336917877197266, 0.0], [1, 0, 1, 0.0, 1, 0, 1, 4, 4, 1, 0, 1, 1, 1, 2, 1, 0, 0, 0, 3, 1, 1.0, 0, 0, 0, 0, 0, 0, -61.35403060913086, 0.0], [1, 0, 1, 0.0, 1, 0, 1, 4, 4, 1, 0, 1, 1, 1, 2, 1, 0, 0, 0, 3, 1, 1.0, 0, 0, 0, 0, 0, 0, -61.35403060913086, 0.0], [1, 0, 1, 0.0, 1, 0, 1, 4, 4, 1, 0, 1, 1, 1, 2, 1, 0, 0, 0, 3, 1, 1.0, 0, 0, 0, 0, 0, 0, -61.35403060913086, 0.0], [0, 0, 1, 0.012250423431396484, 0, 0, 8, 3, 10, 0, 0, 1, 1, 1, 1, 8, 0, 0, 0, 2, 0, 1.0, 0, 0, 0, 0, 0, 0, -52.873748779296875, 0.0], [0, 0, 1, 0.012250423431396484, 0, 0, 8, 3, 10, 0, 0, 1, 1, 1, 1, 8, 0, 0, 0, 2, 0, 1.0, 0, 0, 0, 0, 0, 0, -52.873748779296875, 0.0], [1, 0, 1, 0.0, 1, 0, 3, 3, 5, 1, 0, 1, 1, 1, 1, 2, 0, 0, 0, 2, 1, 1.0, 0, 0, 0, 0, 0, 0, -52.873748779296875, 0.0], [1, 0, 1, 0.0, 1, 0, 3, 3, 5, 1, 0, 1, 1, 1, 1, 2, 0, 0, 0, 2, 1, 1.0, 0, 0, 0, 0, 0, 0, -52.873748779296875, 0.0], [1, 0, 1, 0.6491272151470184, 1, 0, 8, 3, 10, 1, 0, 1, 1, 1, 1, 5, 0, 0, 0, 2, 1, 1.0, 0, 0, 0, 0, 0, 0, -52.873748779296875, 0.0], [1, 0, 1, 0.6491272151470184, 1, 0, 8, 3, 10, 1, 0, 1, 1, 1, 1, 5, 0, 0, 0, 2, 1, 1.0, 0, 0, 0, 0, 0, 0, -52.873748779296875, 0.0], [1, 0, 1, 0.0, 1, 1, 3, 4, 6, 1, 1, 1, 1, 1, 2, 2, 0, 0, 0, 3, 1, 1.0, 0, 0, 1, 0, 0, 0, -48.5528564453125, 33.96308898925781], [1, 0, 1, 0.0, 1, 1, 3, 4, 6, 1, 0, 1, 1, 1, 2, 2, 0, 0, 0, 3, 1, 1.0, 0, 0, 1, 0, 0, 0, -48.5528564453125, 33.96308898925781], [1, 0, 1, 0.0, 1, 1, 3, 4, 6, 1, 0, 1, 1, 1, 2, 2, 0, 0, 0, 3, 1, 1.0, 0, 0, 1, 0, 0, 0, -48.5528564453125, 33.96308898925781], [0, 0, 1, 0.043802738189697266, 0, 0, 8, 3, 10, 0, 0, 1, 1, 1, 1, 6, 0, 0, 0, 2, 0, 1.0, 0, 0, 0, 0, 0, 0, -52.873748779296875, 0.0], [0, 0, 1, 0.043802738189697266, 0, 0, 8, 3, 10, 0, 0, 1, 1, 1, 1, 6, 0, 0, 0, 2, 0, 1.0, 0, 0, 0, 0, 0, 0, -52.873748779296875, 0.0], [1, 0, 1, 0.0, 1, 0, 5, 3, 7, 1, 0, 1, 1, 1, 1, 3, 0, 0, 0, 2, 1, 1.0, 0, 0, 0, 0, 0, 0, -52.873748779296875, 0.0], [1, 0, 1, 0.0, 1, 0, 5, 3, 7, 1, 0, 1, 1, 1, 1, 3, 0, 0, 0, 2, 1, 1.0, 0, 0, 0, 0, 0, 0, -52.873748779296875, 0.0], [1, 0, 1, 0.0, 1, 0, 4, 3, 6, 1, 0, 1, 1, 1, 1, 4, 0, 0, 0, 2, 1, 1.0, 0, 0, 0, 0, 0, 0, -52.873748779296875, 0.0], [1, 0, 1, 0.0, 1, 0, 4, 3, 6, 1, 0, 1, 1, 1, 1, 4, 0, 0, 0, 2, 1, 1.0, 0, 0, 0, 0, 0, 0, -52.873748779296875, 0.0], [0, 0, 0, 0.07103174924850464, 0, 1, 8, 3, 10, 0, 0, 1, 1, 1, 1, 6, 0, 0, 0, 2, 0, 1.0, 0, 0, 1, 0, 0, 0, -46.336917877197266, 0.0], [0, 0, 0, 0.07103174924850464, 0, 1, 8, 3, 10, 0, 0, 1, 1, 1, 1, 6, 0, 0, 0, 2, 0, 1.0, 0, 0, 1, 0, 0, 0, -46.336917877197266, 0.0], [1, 0, 1, 0.0, 1, 0, 4, 3, 6, 1, 0, 1, 1, 1, 1, 2, 0, 0, 0, 2, 1, 1.0, 0, 0, 0, 0, 0, 0, -52.873748779296875, 0.0], [1, 0, 1, 0.0, 1, 0, 4, 3, 6, 1, 0, 1, 1, 1, 1, 2, 0, 0, 0, 2, 1, 1.0, 0, 0, 0, 0, 0, 0, -52.873748779296875, 0.0], [1, 0, 1, 0.0, 1, 0, 8, 3, 10, 1, 0, 1, 1, 1, 1, 2, 0, 0, 0, 2, 1, 1.0, 0, 0, 0, 0, 0, 0, -52.873748779296875, 0.0], [1, 0, 1, 0.0, 1, 0, 8, 3, 10, 1, 0, 1, 1, 1, 1, 2, 0, 0, 0, 2, 1, 1.0, 0, 0, 0, 0, 0, 0, -52.873748779296875, 0.0], [0, 0, 0, 0.019371524453163147, 0, 1, 8, 3, 10, 0, 0, 1, 1, 1, 1, 3, 0, 0, 0, 2, 0, 1.0, 0, 0, 1, 0, 0, 0, -52.06005859375, 0.0], [0, 0, 0, 0.019371524453163147, 0, 1, 8, 3, 10, 0, 0, 1, 1, 1, 1, 3, 0, 0, 0, 2, 0, 1.0, 0, 0, 1, 0, 0, 0, -52.06005859375, 0.0], [1, 0, 1, 0.0, 1, 0, 1, 4, 4, 1, 0, 1, 1, 1, 2, 1, 0, 0, 0, 3, 1, 1.0, 0, 0, 0, 0, 0, 0, -61.35403060913086, 0.0], [1, 0, 1, 0.0, 1, 0, 1, 4, 4, 1, 0, 1, 1, 1, 2, 1, 0, 0, 0, 3, 1, 1.0, 0, 0, 0, 0, 0, 0, -61.35403060913086, 0.0], [1, 0, 1, 0.0, 1, 0, 1, 4, 4, 1, 0, 1, 1, 1, 2, 1, 0, 0, 0, 3, 1, 1.0, 0, 0, 0, 0, 0, 0, -61.35403060913086, 0.0], [0, 0, 0, 0.06249207258224487, 0, 1, 8, 3, 10, 0, 0, 1, 1, 1, 1, 5, 0, 0, 0, 2, 0, 1.0, 0, 0, 2, 0, 0, 0, -47.183292388916016, 0.0], [0, 0, 0, 0.06249207258224487, 0, 1, 8, 3, 10, 0, 0, 1, 1, 1, 1, 5, 0, 0, 0, 2, 0, 1.0, 0, 0, 2, 0, 0, 0, -47.183292388916016, 0.0], [1, 0, 1, 0.0, 1, 0, 8, 3, 10, 1, 1, 1, 1, 1, 1, 2, 0, 0, 0, 2, 1, 1.0, 0, 0, 0, 0, 0, 0, -52.873748779296875, 0.0], [1, 0, 1, 0.0, 1, 0, 8, 3, 10, 1, 0, 1, 1, 1, 1, 2, 0, 0, 0, 2, 1, 1.0, 0, 0, 0, 0, 0, 0, -52.873748779296875, 0.0], [1, 0, 0, 3.5762786865234375e-07, 1, 1, 7, 3, 9, 1, 0, 1, 1, 1, 1, 2, 0, 0, 0, 2, 1, 1.0, 0, 0, 2, 0, 0, 0, -46.336917877197266, 0.0], [1, 0, 0, 3.5762786865234375e-07, 1, 1, 7, 3, 9, 1, 1, 1, 1, 1, 1, 2, 0, 0, 0, 2, 1, 1.0, 0, 0, 2, 0, 0, 0, -46.336917877197266, 0.0], [0, 0, 0, 0.04317975044250488, 0, 1, 8, 3, 10, 0, 0, 1, 1, 1, 1, 7, 0, 0, 0, 2, 0, 1.0, 0, 0, 1, 0, 0, 0, -46.336917877197266, 0.0], [0, 0, 0, 0.04317975044250488, 0, 1, 8, 3, 10, 0, 0, 1, 1, 1, 1, 7, 0, 0, 0, 2, 0, 1.0, 0, 0, 1, 0, 0, 0, -46.336917877197266, 0.0], [0, 0, 1, 0.09881441295146942, 0, 0, 5, 3, 7, 0, 0, 1, 1, 1, 1, 5, 0, 0, 0, 2, 0, 1.0, 0, 0, 0, 0, 0, 0, -52.873748779296875, 0.0], [0, 0, 1, 0.09881441295146942, 0, 0, 5, 3, 7, 0, 0, 1, 1, 1, 1, 5, 0, 0, 0, 2, 0, 1.0, 0, 0, 0, 0, 0, 0, -52.873748779296875, 0.0], [0, 0, 0, 0.00820973515510559, 0, 1, 4, 3, 6, 0, 0, 1, 1, 1, 1, 4, 0, 0, 0, 2, 0, 1.0, 0, 0, 1, 0, 0, 0, -51.80810546875, 0.251953125], [0, 0, 0, 0.00820973515510559, 0, 1, 4, 3, 6, 0, 0, 1, 1, 1, 1, 4, 0, 0, 0, 2, 0, 1.0, 0, 0, 1, 0, 0, 0, -51.98802185058594, 0.0720367431640625], [0, 0, 0, 0.0, 0, 1, 8, 4, 11, 0, 0, 0, 0, 1, 2, 2, 0, 0, 0, 3, 0, 1.0, 0, 0, 1, 0, 0, 0, -41.89811325073242, 42.70084762573242], [1, 0, 1, 0.0, 0, 1, 8, 4, 11, 1, 0, 1, 0, 2, 1, 3, 0, 0, 0, 3, 0, 1.0, 0, 0, 1, 0, 0, 0, -31.58467674255371, 0.3997974395751953], [1, 0, 1, 0.0, 0, 1, 8, 4, 11, 1, 0, 1, 0, 2, 1, 3, 0, 0, 0, 3, 0, 1.0, 0, 0, 1, 0, 0, 0, -31.58467674255371, 0.3997974395751953], [0, 0, 0, 0.04719126224517822, 0, 1, 8, 4, 11, 0, 0, 1, 0, 2, 1, 4, 0, 0, 0, 3, 0, 1.0, 0, 0, 1, 0, 0, 0, -30.630634307861328, 0.0], [0, 0, 0, 0.0, 0, 0, 8, 4, 11, 0, 0, 0, 0, 1, 2, 4, 0, 0, 0, 3, 0, 1.0, 0, 0, 0, 0, 0, 0, -64.1866455078125, 0.0], [0, 0, 0, 0.04719126224517822, 0, 1, 8, 4, 11, 0, 0, 1, 1, 2, 1, 4, 0, 0, 0, 3, 0, 1.0, 0, 0, 1, 0, 0, 0, -30.630634307861328, 0.0], [1, 0, 0, 0.08486944437026978, 0, 1, 8, 4, 11, 1, 0, 1, 0, 2, 1, 4, 0, 0, 0, 3, 0, 1.0, 0, 0, 1, 0, 0, 0, -30.630634307861328, 1.8003349304199219], [1, 0, 0, 0.013696670532226562, 0, 0, 8, 4, 11, 0, 0, 0, 0, 1, 2, 3, 0, 0, 0, 3, 0, 1.0, 0, 0, 0, 1, 0, 0, -64.1866455078125, 0.0], [1, 0, 0, 0.08486944437026978, 0, 1, 8, 4, 11, 1, 0, 1, 1, 2, 1, 4, 0, 0, 0, 3, 0, 1.0, 0, 0, 1, 0, 0, 0, -30.630634307861328, 1.8003349304199219], [0, 0, 0, 0.0, 0, 1, 8, 4, 11, 0, 0, 1, 1, 2, 1, 5, 0, 0, 0, 3, 0, 1.0, 0, 0, 1, 0, 0, 0, -35.295711517333984, 0.0], [0, 0, 0, 0.0, 0, 1, 8, 4, 11, 0, 0, 1, 1, 2, 1, 5, 0, 0, 0, 3, 0, 1.0, 0, 0, 1, 0, 0, 0, -35.295711517333984, 0.0], [1, 0, 0, 0.0, 0, 0, 4, 4, 7, 0, 0, 0, 0, 1, 2, 4, 0, 0, 0, 3, 0, 1.0, 0, 0, 0, 1, 0, 0, -64.1866455078125, 0.0], [0, 0, 0, 0.017576158046722412, 0, 1, 8, 10, 17, 0, 0, 1, 0, 8, 1, 4, 0, 0, 0, 9, 0, 1.0, 0, 0, 2, 0, 0, 0, -27.84070587158203, 0.0], [1, 0, 1, 0.009677380323410034, 0, 1, 8, 10, 17, 0, 0, 0, 0, 7, 2, 4, 0, 0, 0, 9, 0, 1.0, 0, 0, 2, 1, 0, 0, -19.262165069580078, 23.311859130859375], [0, 0, 0, 0.017576158046722412, 0, 1, 8, 10, 17, 0, 0, 1, 1, 8, 1, 4, 0, 0, 0, 9, 0, 1.0, 0, 0, 2, 0, 0, 0, -27.84070587158203, 0.0], [1, 0, 0, 0.012989431619644165, 0, 0, 8, 10, 17, 0, 0, 0, 0, 7, 2, 6, 0, 0, 0, 9, 0, 1.0, 0, 0, 0, 1, 0, 0, -36.14734649658203, 10.911785125732422], [1, 0, 0, 0.005625128746032715, 0, 0, 8, 10, 17, 0, 0, 0, 0, 7, 2, 4, 0, 0, 0, 9, 0, 1.0, 0, 0, 0, 1, 0, 0, -36.14734649658203, 10.911785125732422], [1, 0, 0, 0.0, 0, 0, 8, 10, 17, 0, 0, 0, 0, 7, 2, 4, 0, 0, 0, 9, 0, 1.0, 0, 0, 0, 1, 0, 0, -36.14734649658203, 10.911785125732422], [1, 0, 0, 0.0, 0, 0, 8, 10, 17, 0, 0, 0, 0, 7, 2, 4, 0, 0, 0, 9, 0, 1.0, 0, 0, 0, 1, 0, 0, -36.14734649658203, 10.911785125732422], [1, 0, 1, 0.0, 0, 1, 8, 10, 17, 0, 0, 0, 0, 7, 2, 4, 0, 0, 0, 9, 0, 1.0, 0, 0, 2, 1, 0, 0, -19.372051239013672, 23.044479370117188], [1, 0, 0, 0.006006717681884766, 0, 0, 8, 10, 17, 0, 0, 0, 0, 7, 2, 6, 0, 0, 0, 9, 0, 1.0, 0, 0, 0, 1, 0, 0, -36.14734649658203, 10.911785125732422], [1, 0, 0, 0.0, 1, 1, 8, 4, 11, 1, 0, 1, 1, 2, 1, 2, 0, 0, 0, 3, 1, 1.0, 0, 0, 1, 0, 0, 0, -37.656646728515625, 0.0], [1, 0, 0, 0.0, 1, 1, 8, 4, 11, 1, 0, 1, 1, 2, 1, 2, 0, 0, 0, 3, 1, 1.0, 0, 0, 1, 0, 0, 0, -37.656646728515625, 0.0], [1, 0, 1, 0.0, 0, 1, 8, 4, 11, 0, 0, 0, 0, 1, 2, 2, 0, 0, 0, 3, 0, 1.0, 0, 0, 2, 1, 0, 0, -35.26237106323242, 54.7858772277832], [0, 0, 0, 0.015957504510879517, 0, 0, 8, 10, 17, 0, 0, 0, 0, 7, 2, 5, 0, 0, 0, 9, 0, 1.0, 0, 0, 0, 0, 0, 0, -40.34310531616211, 11.240310668945312], [0, 0, 0, 0.0018013417720794678, 0, 0, 8, 10, 17, 0, 0, 0, 0, 7, 2, 4, 0, 0, 0, 9, 0, 1.0, 0, 0, 0, 0, 0, 0, -40.34310531616211, 11.240310668945312], [0, 0, 0, 0.024188250303268433, 0, 0, 8, 10, 17, 0, 0, 0, 0, 7, 2, 5, 0, 0, 0, 9, 0, 1.0, 0, 0, 0, 0, 0, 0, -40.34310531616211, 11.240310668945312], [0, 0, 0, 0.00858306884765625, 0, 0, 8, 10, 17, 0, 0, 0, 0, 7, 2, 8, 0, 0, 0, 9, 0, 1.0, 0, 0, 0, 0, 0, 0, -40.34310531616211, 11.240310668945312], [0, 0, 0, 0.002956002950668335, 0, 0, 8, 10, 17, 0, 0, 0, 0, 7, 2, 5, 0, 0, 0, 9, 0, 1.0, 0, 0, 0, 0, 0, 0, -40.34310531616211, 11.240310668945312], [0, 0, 0, 0.0, 0, 0, 8, 10, 17, 0, 0, 0, 0, 7, 2, 2, 0, 0, 0, 9, 0, 1.0, 0, 0, 0, 0, 0, 0, -40.34310531616211, 11.240310668945312], [0, 0, 0, 0.0, 0, 1, 8, 10, 17, 0, 0, 1, 0, 8, 1, 2, 0, 0, 0, 9, 0, 1.0, 0, 0, 1, 0, 0, 0, -31.99178123474121, 0.2174968719482422], [0, 0, 0, 0.0, 0, 1, 8, 10, 17, 0, 0, 1, 0, 8, 1, 2, 0, 0, 0, 9, 0, 1.0, 0, 0, 1, 0, 0, 0, -31.99178123474121, 0.2174968719482422], [0, 0, 0, 0.0173855721950531, 0, 0, 8, 10, 17, 0, 0, 0, 0, 7, 2, 5, 0, 0, 0, 9, 0, 1.0, 0, 0, 0, 0, 0, 0, -40.37721252441406, 11.280784606933594], [1, 0, 0, 0.0, 1, 1, 8, 4, 11, 1, 0, 1, 1, 2, 1, 3, 0, 0, 0, 3, 1, 1.0, 0, 0, 2, 0, 0, 0, -35.22527313232422, 0.0], [1, 0, 0, 0.0, 1, 1, 8, 4, 11, 1, 0, 1, 1, 2, 1, 3, 0, 0, 0, 3, 1, 1.0, 0, 0, 2, 0, 0, 0, -34.643497467041016, 0.0], [1, 0, 1, 0.0, 0, 1, 7, 4, 10, 0, 0, 0, 0, 1, 2, 6, 0, 0, 0, 3, 0, 1.0, 0, 0, 2, 1, 0, 0, -37.46705627441406, 48.370826721191406], [1, 0, 0, 0.0, 1, 1, 3, 5, 7, 1, 0, 1, 0, 3, 1, 2, 0, 0, 0, 4, 1, 1.0, 0, 0, 2, 0, 0, 0, -29.546594619750977, 0.0], [1, 0, 1, 0.0, 0, 1, 3, 5, 7, 0, 0, 0, 0, 2, 2, 2, 0, 0, 0, 4, 0, 1.0, 0, 0, 2, 1, 0, 0, -20.274518966674805, 33.11676788330078], [1, 0, 0, 0.0, 1, 1, 3, 5, 7, 1, 0, 1, 1, 3, 1, 2, 0, 0, 0, 4, 1, 1.0, 0, 0, 2, 0, 0, 0, -29.546594619750977, 0.0], [1, 0, 1, 0.0, 0, 1, 3, 5, 7, 0, 0, 0, 0, 2, 2, 2, 0, 0, 0, 4, 0, 1.0, 0, 0, 2, 1, 0, 0, -20.543527603149414, 32.38768768310547], [1, 0, 1, 0.0, 0, 1, 8, 13, 20, 0, 0, 0, 0, 8, 4, 4, 0, 0, 0, 12, 0, 1.0, 0, 0, 2, 1, 0, 0, -24.953582763671875, 20.119274139404297], [1, 0, 1, 0.0, 0, 1, 8, 13, 20, 0, 0, 0, 0, 9, 3, 3, 0, 0, 0, 12, 0, 1.0, 0, 0, 2, 1, 0, 0, -22.990478515625, 19.08049774169922], [1, 0, 1, 0.0, 0, 1, 8, 13, 20, 0, 0, 0, 0, 9, 2, 3, 0, 0, 0, 12, 0, 1.0, 0, 0, 2, 1, 0, 0, -29.777376174926758, 17.602991104125977], [1, 0, 0, 0.0, 0, 1, 8, 13, 20, 1, 0, 0, 0, 9, 3, 3, 0, 0, 0, 12, 0, 1.0, 0, 0, 2, 0, 0, 0, -42.009796142578125, 0.0], [1, 0, 1, 0.0, 0, 1, 8, 13, 20, 0, 0, 0, 0, 8, 3, 3, 0, 0, 0, 12, 0, 1.0, 0, 0, 2, 1, 0, 0, -32.76039505004883, 18.33324432373047], [1, 0, 1, 0.0, 0, 1, 8, 13, 20, 0, 1, 0, 0, 8, 3, 3, 0, 0, 0, 12, 0, 1.0, 0, 0, 2, 1, 0, 0, -32.837013244628906, 18.213916778564453], [1, 0, 1, 0.0, 0, 1, 8, 13, 20, 0, 0, 0, 0, 11, 1, 3, 0, 0, 0, 12, 0, 1.0, 0, 0, 2, 1, 0, 0, -0.17463353276252747, 27.49137306213379], [0, 0, 0, 0.0, 0, 1, 8, 13, 20, 1, 0, 1, 0, 11, 1, 3, 0, 0, 0, 12, 0, 1.0, 0, 0, 2, 0, 0, 0, -27.666006088256836, 0.0], [0, 0, 0, 0.0, 0, 1, 8, 13, 20, 1, 0, 1, 0, 10, 2, 3, 0, 0, 0, 12, 0, 1.0, 0, 0, 1, 0, 0, 0, -32.06206130981445, 6.9148712158203125], [1, 0, 0, 0.0, 0, 1, 8, 13, 20, 1, 0, 0, 0, 10, 2, 3, 0, 0, 0, 12, 0, 1.0, 0, 0, 1, 1, 0, 0, -32.01058578491211, 6.930694580078125], [1, 0, 1, 0.0, 0, 1, 8, 13, 20, 0, 0, 0, 0, 9, 3, 3, 0, 0, 0, 12, 0, 1.0, 0, 0, 2, 1, 0, 0, -22.861148834228516, 19.18438720703125], [1, 0, 1, 0.0, 0, 1, 8, 13, 20, 0, 0, 0, 0, 10, 2, 3, 0, 0, 0, 12, 0, 1.0, 0, 0, 2, 1, 0, 0, -20.841176986694336, 18.124849319458008], [0, 0, 0, 0.0, 0, 1, 8, 13, 20, 1, 0, 1, 0, 11, 1, 3, 0, 0, 0, 12, 0, 1.0, 0, 0, 2, 0, 0, 0, -27.666006088256836, 0.0], [0, 0, 0, 0.057201385498046875, 0, 1, 8, 13, 20, 0, 0, 1, 0, 11, 1, 2, 0, 0, 0, 12, 0, 1.0, 0, 0, 2, 0, 0, 0, -27.666006088256836, 0.0], [1, 0, 0, 0.0, 0, 0, 8, 13, 20, 0, 0, 0, 0, 8, 4, 3, 0, 0, 0, 12, 0, 1.0, 0, 0, 0, 1, 0, 0, -45.721763610839844, 8.543445587158203], [1, 0, 0, 0.057201385498046875, 0, 1, 8, 13, 20, 0, 0, 0, 0, 9, 3, 2, 0, 0, 0, 12, 0, 1.0, 0, 0, 1, 1, 0, 0, -34.6165657043457, 7.393230438232422], [1, 0, 1, 0.0, 0, 1, 8, 13, 20, 0, 0, 0, 0, 9, 3, 3, 0, 0, 0, 12, 0, 1.0, 0, 0, 2, 1, 0, 0, -22.970949172973633, 19.002775192260742], [1, 0, 1, 0.0, 0, 1, 8, 13, 20, 0, 0, 0, 0, 9, 3, 3, 0, 0, 0, 12, 0, 1.0, 0, 0, 2, 1, 0, 0, -22.806034088134766, 19.274883270263672], [1, 0, 1, 0.0, 0, 1, 3, 6, 8, 0, 0, 0, 0, 2, 3, 2, 0, 0, 0, 5, 0, 1.0, 0, 0, 2, 1, 0, 0, -20.780895233154297, 31.414932250976562], [1, 0, 1, 0.0, 0, 1, 7, 6, 12, 0, 0, 0, 0, 2, 3, 2, 0, 0, 0, 5, 0, 1.0, 0, 0, 2, 1, 0, 0, -20.780895233154297, 31.414932250976562], [1, 0, 1, 0.0, 1, 1, 7, 6, 12, 1, 0, 1, 1, 3, 2, 2, 0, 0, 0, 5, 1, 1.0, 0, 0, 1, 0, 0, 0, -30.954986572265625, 15.931907653808594], [1, 0, 1, 0.0, 1, 1, 7, 6, 12, 1, 0, 1, 1, 3, 2, 2, 0, 0, 0, 5, 1, 1.0, 0, 0, 1, 0, 0, 0, -30.954986572265625, 15.931907653808594], [1, 0, 1, 0.0, 1, 1, 7, 6, 12, 1, 0, 1, 1, 3, 2, 2, 0, 0, 0, 5, 1, 1.0, 0, 0, 1, 0, 0, 0, -30.954986572265625, 15.931907653808594], [1, 0, 1, 0.0, 0, 1, 8, 8, 15, 0, 0, 0, 0, 5, 2, 3, 0, 0, 0, 7, 0, 1.0, 0, 0, 2, 1, 0, 0, -16.374109268188477, 26.51849937438965], [1, 0, 1, 0.0, 0, 1, 8, 8, 15, 0, 0, 0, 0, 5, 2, 3, 0, 0, 0, 7, 0, 1.0, 0, 0, 2, 1, 0, 0, -16.374109268188477, 26.51849937438965], [1, 0, 0, 0.0, 0, 1, 8, 8, 15, 1, 0, 0, 0, 5, 2, 5, 0, 0, 0, 7, 0, 1.0, 0, 0, 1, 0, 0, 0, -31.923860549926758, 10.968748092651367], [1, 0, 1, 0.0, 0, 1, 8, 8, 15, 0, 0, 0, 0, 5, 2, 4, 0, 0, 0, 7, 0, 1.0, 0, 0, 2, 1, 0, 0, -16.374109268188477, 26.51849937438965], [1, 0, 0, 0.0, 0, 1, 8, 8, 15, 1, 0, 1, 0, 6, 1, 4, 0, 0, 0, 7, 0, 1.0, 0, 0, 2, 0, 0, 0, -27.024242401123047, 0.0], [1, 0, 0, 0.0, 0, 1, 8, 8, 15, 1, 0, 1, 0, 6, 1, 4, 0, 0, 0, 7, 0, 1.0, 0, 0, 2, 0, 0, 0, -27.024242401123047, 0.0], [1, 0, 1, 0.0, 0, 1, 8, 8, 15, 0, 0, 0, 0, 5, 2, 3, 0, 0, 0, 7, 0, 1.0, 0, 0, 2, 1, 0, 0, -15.5703763961792, 27.358558654785156], [0, 0, 0, 0.0, 0, 1, 8, 13, 20, 0, 0, 0, 0, 10, 2, 2, 0, 0, 0, 12, 0, 1.0, 0, 0, 1, 0, 0, 0, -36.722923278808594, 5.539470672607422], [0, 0, 0, 0.0, 0, 1, 8, 13, 20, 0, 0, 0, 0, 10, 2, 2, 0, 0, 0, 12, 0, 1.0, 0, 0, 1, 0, 0, 0, -36.722923278808594, 5.539470672607422], [0, 0, 0, 0.0, 0, 1, 8, 13, 20, 0, 0, 0, 0, 10, 2, 2, 0, 0, 0, 12, 0, 1.0, 0, 0, 1, 0, 0, 0, -36.722923278808594, 5.539470672607422], [0, 0, 0, 0.0, 0, 1, 8, 13, 20, 0, 0, 0, 0, 10, 2, 2, 0, 0, 0, 12, 0, 1.0, 0, 0, 1, 0, 0, 0, -36.722923278808594, 5.539470672607422], [1, 0, 0, 0.0, 1, 1, 8, 13, 20, 1, 0, 1, 0, 11, 1, 2, 0, 0, 0, 12, 1, 1.0, 0, 0, 1, 0, 0, 0, -30.54609489440918, 0.1967601776123047], [0, 0, 0, 0.0, 0, 1, 8, 13, 20, 0, 0, 0, 0, 10, 2, 2, 0, 0, 0, 12, 0, 1.0, 0, 0, 1, 0, 0, 0, -34.89678955078125, 7.340721130371094], [0, 0, 0, 0.0, 0, 1, 8, 13, 20, 0, 0, 0, 0, 10, 2, 2, 0, 0, 0, 12, 0, 1.0, 0, 0, 1, 0, 0, 0, -36.72126388549805, 4.595966339111328], [0, 0, 0, 0.0, 0, 1, 8, 13, 20, 0, 0, 0, 0, 10, 2, 2, 0, 0, 0, 12, 0, 1.0, 0, 0, 1, 0, 0, 0, -36.72126388549805, 4.595966339111328], [0, 0, 0, 0.0, 0, 1, 8, 13, 20, 0, 1, 0, 0, 10, 2, 2, 0, 0, 0, 12, 0, 1.0, 0, 0, 1, 0, 0, 0, -36.741798400878906, 5.690708160400391], [0, 0, 0, 0.0, 0, 1, 8, 13, 20, 0, 0, 0, 0, 10, 2, 2, 0, 0, 0, 12, 0, 1.0, 0, 0, 1, 0, 0, 0, -35.1386604309082, 7.123222351074219], [1, 0, 0, 0.0, 1, 1, 8, 13, 20, 1, 0, 1, 0, 11, 1, 2, 0, 0, 0, 12, 1, 1.0, 0, 0, 1, 0, 0, 0, -30.570581436157227, 0.19675254821777344], [0, 0, 0, 0.0, 0, 1, 8, 13, 20, 0, 0, 0, 0, 10, 2, 2, 0, 0, 0, 12, 0, 1.0, 0, 0, 1, 0, 0, 0, -36.80202865600586, 5.519824981689453], [1, 0, 1, 0.0, 0, 1, 7, 5, 11, 0, 0, 0, 0, 1, 3, 6, 0, 0, 0, 4, 0, 1.0, 0, 0, 2, 1, 0, 0, -34.4403076171875, 44.94017791748047], [1, 0, 1, 0.0, 1, 1, 4, 5, 8, 1, 0, 1, 1, 2, 2, 4, 0, 0, 0, 4, 1, 1.0, 0, 0, 1, 0, 0, 0, -30.12578010559082, 19.95429801940918], [1, 0, 1, 0.0, 1, 1, 4, 5, 8, 1, 0, 1, 1, 2, 2, 4, 0, 0, 0, 4, 1, 1.0, 0, 0, 1, 0, 0, 0, -30.12578010559082, 19.95429801940918], [1, 0, 1, 0.0, 1, 1, 4, 5, 8, 1, 0, 1, 1, 2, 2, 4, 0, 0, 0, 4, 1, 1.0, 0, 0, 1, 0, 0, 0, -30.12578010559082, 19.95429801940918], [1, 0, 0, 0.11906224489212036, 1, 1, 8, 13, 20, 1, 0, 1, 1, 7, 3, 2, 0, 0, 0, 12, 0, 1.0, 0, 0, 1, 0, 0, 0, -45.062618255615234, 0.09467697143554688], [1, 0, 0, 0.11906224489212036, 1, 1, 8, 13, 20, 1, 0, 1, 1, 7, 3, 2, 0, 0, 0, 12, 0, 1.0, 0, 0, 1, 0, 0, 0, -45.062618255615234, 0.09467697143554688], [1, 0, 1, 0.04984492063522339, 0, 1, 8, 13, 20, 0, 0, 0, 0, 6, 4, 3, 0, 0, 0, 12, 0, 1.0, 0, 0, 2, 1, 0, 0, -34.61875915527344, 0.0], [1, 0, 0, 0.0, 0, 1, 8, 13, 20, 1, 0, 1, 0, 7, 4, 4, 0, 0, 0, 12, 0, 1.0, 0, 0, 1, 0, 0, 0, -43.267112731933594, 2.6993560791015625], [1, 0, 1, 0.02978116273880005, 0, 1, 8, 13, 20, 0, 0, 0, 0, 6, 4, 3, 0, 0, 0, 12, 0, 1.0, 0, 0, 2, 1, 0, 0, -34.525794982910156, 0.0], [1, 0, 0, 0.11906224489212036, 1, 1, 8, 13, 20, 1, 0, 1, 1, 7, 3, 2, 0, 0, 0, 12, 0, 1.0, 0, 0, 1, 0, 0, 0, -45.248538970947266, 0.0750732421875], [1, 0, 1, 0.06471234560012817, 0, 1, 8, 13, 20, 0, 0, 0, 0, 6, 4, 3, 0, 0, 0, 12, 0, 1.0, 0, 0, 2, 1, 0, 0, -34.517723083496094, 0.0], [1, 0, 1, 0.031530678272247314, 0, 1, 8, 13, 20, 0, 0, 0, 0, 6, 4, 3, 0, 0, 0, 12, 0, 1.0, 0, 0, 2, 1, 0, 0, -34.517723083496094, 0.0], [1, 0, 0, 0.11906224489212036, 1, 1, 8, 13, 20, 1, 0, 1, 1, 7, 3, 2, 0, 0, 0, 12, 0, 1.0, 0, 0, 1, 0, 0, 0, -45.12493896484375, 0.20917129516601562], [1, 0, 0, 0.0, 0, 1, 8, 13, 20, 1, 0, 1, 0, 7, 4, 4, 0, 0, 0, 12, 0, 1.0, 0, 0, 1, 0, 0, 0, -43.379066467285156, 2.671722412109375], [1, 0, 0, 0.0, 0, 1, 8, 13, 20, 1, 0, 1, 0, 7, 4, 4, 0, 0, 0, 12, 0, 1.0, 0, 0, 1, 0, 0, 0, -43.379066467285156, 2.671722412109375], [1, 0, 0, 0.0, 0, 1, 8, 13, 20, 1, 0, 0, 0, 6, 4, 4, 0, 0, 0, 12, 0, 1.0, 0, 0, 1, 0, 0, 0, -46.39546203613281, 1.648284912109375], [0, 0, 0, 0.0, 0, 1, 8, 7, 14, 0, 0, 0, 0, 4, 2, 2, 0, 0, 0, 6, 0, 1.0, 0, 0, 1, 0, 0, 0, -29.579734802246094, 13.18524169921875], [1, 0, 1, 0.06763696670532227, 0, 1, 8, 7, 14, 0, 0, 0, 0, 4, 2, 2, 0, 0, 0, 6, 0, 1.0, 0, 0, 2, 1, 0, 0, -11.970579147338867, 0.0], [1, 0, 0, 0.17276924848556519, 0, 1, 8, 7, 14, 1, 0, 1, 0, 5, 1, 2, 0, 0, 0, 6, 0, 1.0, 0, 0, 1, 0, 0, 0, -25.961111068725586, 0.34140586853027344], [1, 0, 0, 0.17276924848556519, 0, 1, 8, 7, 14, 1, 0, 1, 0, 5, 1, 2, 0, 0, 0, 6, 0, 1.0, 0, 0, 1, 0, 0, 0, -25.961111068725586, 0.34140586853027344], [1, 0, 1, 0.046132683753967285, 0, 1, 8, 7, 14, 0, 0, 0, 0, 4, 2, 2, 0, 0, 0, 6, 0, 1.0, 0, 0, 2, 1, 0, 0, -11.82839584350586, 0.0], [1, 0, 1, 0.04890257120132446, 0, 1, 8, 7, 14, 0, 0, 0, 0, 4, 2, 2, 0, 0, 0, 6, 0, 1.0, 0, 0, 2, 1, 0, 0, -11.82839584350586, 0.0], [0, 0, 0, 0.001390695571899414, 0, 1, 8, 3, 10, 0, 0, 0, 0, 1, 1, 5, 0, 0, 0, 2, 0, 1.0, 0, 0, 1, 0, 0, 0, -48.43897247314453, 0.0], [1, 0, 1, 0.0, 0, 1, 8, 3, 10, 0, 0, 0, 0, 1, 1, 4, 0, 0, 0, 2, 0, 1.0, 0, 0, 2, 1, 0, 0, -0.18440848588943481, 48.25456237792969], [0, 0, 0, 0.045687973499298096, 0, 1, 8, 4, 11, 0, 0, 0, 0, 2, 1, 5, 0, 0, 0, 3, 0, 1.0, 0, 0, 1, 0, 0, 0, -32.63094711303711, 0.0], [1, 0, 1, 0.0, 0, 1, 8, 4, 11, 0, 0, 0, 0, 2, 1, 2, 0, 0, 0, 3, 0, 1.0, 0, 0, 2, 1, 0, 0, -0.18727630376815796, 37.246273040771484], [1, 0, 1, 0.0, 0, 1, 8, 4, 11, 0, 0, 0, 0, 2, 1, 2, 0, 0, 0, 3, 0, 1.0, 0, 0, 2, 1, 0, 0, -0.18727630376815796, 37.246273040771484], [1, 0, 0, 0.015757545828819275, 0, 1, 8, 8, 15, 1, 0, 0, 0, 6, 1, 1, 0, 0, 0, 7, 0, 1.0, 0, 0, 2, 0, 0, 0, -27.742233276367188, 0.0], [0, 0, 0, 0.2243596315383911, 0, 1, 8, 8, 15, 0, 0, 0, 0, 6, 1, 2, 0, 0, 0, 7, 0, 1.0, 0, 0, 2, 0, 0, 0, -27.742233276367188, 1.042388916015625], [0, 0, 0, 0.20372331142425537, 0, 1, 8, 8, 15, 0, 0, 0, 0, 6, 1, 2, 0, 0, 0, 7, 0, 1.0, 0, 0, 2, 0, 0, 0, -27.742233276367188, 1.042388916015625], [0, 0, 0, 0.22572165727615356, 0, 1, 8, 8, 15, 0, 0, 0, 0, 6, 1, 4, 0, 0, 0, 7, 0, 1.0, 0, 0, 1, 0, 0, 0, -27.742233276367188, 0.0], [0, 0, 0, 0.20131820440292358, 0, 1, 8, 8, 15, 0, 0, 0, 0, 6, 1, 2, 0, 0, 0, 7, 0, 1.0, 0, 0, 2, 0, 0, 0, -27.742233276367188, 1.042388916015625], [0, 0, 0, 0.27812114357948303, 0, 1, 8, 8, 15, 0, 0, 0, 0, 6, 1, 2, 0, 0, 0, 7, 0, 1.0, 0, 0, 2, 0, 0, 0, -27.742233276367188, 1.042388916015625], [0, 0, 0, 0.19088584184646606, 0, 1, 8, 8, 15, 0, 0, 0, 0, 6, 1, 2, 0, 0, 0, 7, 0, 1.0, 0, 0, 2, 0, 0, 0, -27.742233276367188, 1.042388916015625], [0, 0, 0, 8.940696716308594e-08, 0, 1, 1, 3, 3, 0, 0, 0, 0, 1, 1, 1, 0, 0, 0, 2, 0, 1.0, 0, 0, 1, 0, 0, 0, -48.43897247314453, 0.0], [1, 0, 1, 0.2743214964866638, 0, 1, 8, 3, 10, 0, 0, 0, 0, 1, 1, 7, 0, 0, 0, 2, 0, 1.0, 0, 0, 2, 1, 0, 0, -0.18440848588943481, 48.25456237792969], [1, 0, 1, 0.2812148332595825, 0, 1, 8, 4, 11, 0, 0, 0, 0, 2, 1, 7, 0, 0, 0, 3, 0, 1.0, 0, 0, 2, 1, 0, 0, -0.18727630376815796, 31.943620681762695], [1, 0, 1, 0.2599441409111023, 0, 1, 8, 4, 11, 0, 0, 0, 0, 2, 1, 7, 0, 0, 0, 3, 0, 1.0, 0, 0, 2, 1, 0, 0, -0.18727630376815796, 31.943620681762695], [0, 0, 0, 0.0021366477012634277, 0, 1, 4, 4, 7, 0, 0, 0, 0, 2, 1, 4, 0, 0, 0, 3, 0, 1.0, 0, 0, 1, 0, 0, 0, -32.130897521972656, 0.0], [1, 0, 1, 0.06446656584739685, 0, 1, 8, 3, 10, 0, 0, 0, 0, 1, 1, 5, 0, 0, 0, 2, 0, 1.0, 0, 0, 2, 1, 0, 0, -0.18440848588943481, 48.25456237792969], [1, 0, 1, 0.23390692472457886, 0, 1, 5, 3, 7, 0, 0, 0, 0, 1, 1, 5, 0, 0, 0, 2, 0, 1.0, 0, 0, 2, 1, 0, 0, -0.18440848588943481, 48.875831604003906], [1, 0, 0, 0.0, 0, 1, 8, 5, 12, 0, 0, 0, 0, 3, 1, 2, 0, 0, 0, 4, 0, 1.0, 0, 0, 2, 0, 0, 0, -30.284902572631836, 0.0], [0, 0, 0, 0.21461188793182373, 0, 1, 8, 5, 12, 0, 0, 0, 0, 3, 1, 2, 0, 0, 0, 4, 0, 1.0, 0, 0, 1, 0, 0, 0, -32.011226654052734, 0.0], [0, 0, 0, 0.21531438827514648, 0, 1, 8, 5, 12, 0, 0, 0, 0, 3, 1, 2, 0, 0, 0, 4, 0, 1.0, 0, 0, 1, 0, 0, 0, -32.011226654052734, 0.0], [1, 0, 0, 0.0, 0, 1, 8, 5, 12, 0, 0, 0, 0, 3, 1, 2, 0, 0, 0, 4, 0, 1.0, 0, 0, 2, 0, 0, 0, -30.284902572631836, 0.0], [1, 0, 1, 0.2956560552120209, 0, 1, 8, 3, 10, 0, 0, 0, 0, 1, 1, 4, 0, 0, 0, 2, 0, 1.0, 0, 0, 2, 1, 0, 0, -0.18440848588943481, 48.25456237792969], [0, 0, 0, 0.0, 0, 1, 1, 3, 3, 0, 0, 0, 0, 1, 1, 1, 0, 0, 0, 2, 0, 1.0, 0, 0, 1, 0, 0, 0, -48.43897247314453, 0.0], [1, 0, 1, 0.0, 0, 1, 4, 3, 6, 0, 0, 0, 0, 1, 1, 4, 0, 0, 0, 2, 0, 1.0, 0, 0, 2, 1, 0, 0, -0.18440848588943481, 53.47907638549805], [0, 0, 0, 0.0, 0, 1, 8, 3, 10, 0, 0, 0, 0, 1, 1, 2, 0, 0, 0, 2, 0, 1.0, 0, 0, 1, 0, 0, 0, -47.153167724609375, 7.613777160644531], [0, 0, 0, 0.0, 0, 1, 8, 3, 10, 0, 0, 0, 0, 1, 1, 2, 0, 0, 0, 2, 0, 1.0, 0, 0, 1, 0, 0, 0, -47.153167724609375, 1.907073974609375], [1, 0, 1, 0.0, 0, 1, 4, 3, 6, 0, 0, 0, 0, 1, 1, 4, 0, 0, 0, 2, 0, 1.0, 0, 0, 2, 1, 0, 0, -0.18440848588943481, 48.25456237792969], [1, 0, 1, 0.01858806610107422, 0, 1, 3, 3, 5, 0, 0, 0, 0, 1, 1, 3, 0, 0, 0, 2, 0, 1.0, 0, 0, 2, 1, 0, 0, -0.18440848588943481, 48.25456237792969], [1, 0, 1, 0.40037304162979126, 0, 1, 8, 3, 10, 0, 0, 0, 0, 1, 1, 6, 0, 0, 0, 2, 0, 1.0, 0, 0, 2, 1, 0, 0, -0.18440848588943481, 48.25456237792969], [1, 0, 1, 0.29974985122680664, 0, 1, 8, 4, 11, 0, 0, 0, 0, 2, 1, 6, 0, 0, 0, 3, 0, 1.0, 0, 0, 2, 1, 0, 0, -0.18727630376815796, 31.943620681762695], [1, 0, 1, 0.10323426127433777, 0, 1, 6, 4, 9, 0, 0, 0, 0, 2, 1, 5, 0, 0, 0, 3, 0, 1.0, 0, 0, 2, 1, 0, 0, -0.18727630376815796, 31.943620681762695], [1, 0, 1, 0.4988144040107727, 0, 1, 8, 4, 11, 0, 0, 0, 0, 2, 1, 4, 0, 0, 0, 3, 0, 1.0, 0, 0, 2, 1, 0, 0, -0.18727630376815796, 31.943620681762695], [0, 0, 0, 0.0, 0, 1, 8, 5, 12, 0, 0, 0, 0, 3, 1, 2, 0, 0, 0, 4, 0, 1.0, 0, 0, 1, 0, 0, 0, -30.719608306884766, 0.0], [0, 0, 0, 0.0, 0, 1, 8, 5, 12, 0, 0, 0, 0, 3, 1, 2, 0, 0, 0, 4, 0, 1.0, 0, 0, 1, 0, 0, 0, -30.719608306884766, 0.0], [0, 0, 0, 0.0, 0, 1, 8, 5, 12, 0, 0, 0, 0, 3, 1, 2, 0, 0, 0, 4, 0, 1.0, 0, 0, 1, 0, 0, 0, -30.719608306884766, 0.0], [1, 0, 1, 0.0, 0, 1, 8, 5, 12, 0, 0, 0, 0, 3, 1, 4, 0, 0, 0, 4, 0, 1.0, 0, 0, 2, 1, 0, 0, -0.18851858377456665, 30.096384048461914], [1, 0, 1, 0.0, 0, 1, 8, 3, 10, 0, 0, 0, 0, 1, 1, 5, 0, 0, 0, 2, 0, 1.0, 0, 0, 2, 1, 0, 0, -0.18440848588943481, 48.25456237792969], [1, 0, 1, 0.0, 0, 1, 7, 3, 9, 0, 0, 0, 0, 1, 1, 7, 0, 0, 0, 2, 0, 1.0, 0, 0, 2, 1, 0, 0, -0.18440848588943481, 48.25456237792969], [1, 0, 1, 0.019377410411834717, 0, 1, 4, 3, 6, 0, 0, 0, 0, 1, 1, 4, 0, 0, 0, 2, 0, 1.0, 0, 0, 2, 1, 0, 0, -0.18440848588943481, 48.25456237792969], [1, 0, 1, 0.25149795413017273, 0, 1, 4, 3, 6, 0, 0, 0, 0, 1, 1, 4, 0, 0, 0, 2, 0, 1.0, 0, 0, 2, 1, 0, 0, -0.18440848588943481, 48.25456237792969], [1, 0, 1, 0.07757765054702759, 0, 1, 7, 3, 9, 0, 0, 0, 0, 1, 1, 6, 0, 0, 0, 2, 0, 1.0, 0, 0, 2, 1, 0, 0, -0.18440848588943481, 48.25456237792969], [1, 0, 1, 0.007130622863769531, 0, 1, 8, 3, 10, 0, 0, 0, 0, 1, 1, 4, 0, 0, 0, 2, 0, 1.0, 0, 0, 2, 1, 0, 0, -0.18440848588943481, 48.25456237792969], [0, 0, 0, 0.002079397439956665, 0, 1, 7, 3, 9, 0, 0, 0, 0, 1, 1, 7, 0, 0, 0, 2, 0, 1.0, 0, 0, 1, 0, 0, 0, -48.43897247314453, 0.0], [1, 0, 1, 0.00220566987991333, 0, 1, 8, 3, 10, 0, 0, 0, 0, 1, 1, 7, 0, 0, 0, 2, 0, 1.0, 0, 0, 2, 1, 0, 0, -0.18440848588943481, 48.25456237792969], [1, 0, 1, 0.09420004487037659, 0, 1, 8, 5, 12, 0, 0, 0, 0, 3, 1, 7, 0, 0, 0, 4, 0, 1.0, 0, 0, 2, 1, 0, 0, -0.1790320873260498, 38.42804718017578], [1, 0, 1, 0.0, 0, 1, 8, 5, 12, 0, 0, 0, 0, 3, 1, 7, 0, 0, 0, 4, 0, 1.0, 0, 0, 2, 1, 0, 0, -0.1790320873260498, 38.42804718017578], [1, 0, 1, 0.0, 0, 1, 6, 5, 10, 0, 0, 0, 0, 3, 1, 5, 0, 0, 0, 4, 0, 1.0, 0, 0, 2, 1, 0, 0, -0.17912472784519196, 38.45566940307617], [1, 0, 1, 0.0, 0, 1, 8, 5, 12, 0, 0, 0, 0, 3, 1, 6, 0, 0, 0, 4, 0, 1.0, 0, 0, 2, 1, 0, 0, -0.17912472784519196, 34.581398010253906], [1, 0, 1, 0.039961814880371094, 0, 1, 8, 11, 18, 0, 0, 0, 0, 9, 1, 4, 0, 0, 0, 10, 0, 1.0, 0, 0, 2, 1, 0, 0, -0.15854386985301971, 23.07773780822754], [1, 0, 1, 0.030433297157287598, 0, 1, 8, 11, 18, 0, 0, 0, 0, 9, 1, 5, 0, 0, 0, 10, 0, 1.0, 0, 0, 2, 1, 0, 0, -0.15854386985301971, 23.07773780822754], [1, 0, 1, 0.028272688388824463, 0, 1, 8, 11, 18, 0, 0, 0, 0, 9, 1, 5, 0, 0, 0, 10, 0, 1.0, 0, 0, 2, 1, 0, 0, -0.15854386985301971, 23.07773780822754], [1, 0, 1, 0.023383140563964844, 0, 1, 8, 11, 18, 0, 0, 0, 0, 9, 1, 4, 0, 0, 0, 10, 0, 1.0, 0, 0, 2, 1, 0, 0, -0.15854386985301971, 23.07773780822754], [1, 0, 0, 0.03480267524719238, 0, 1, 8, 11, 18, 1, 0, 0, 0, 9, 1, 3, 0, 0, 0, 10, 0, 1.0, 0, 0, 2, 0, 0, 0, -23.236282348632812, 0.0], [1, 0, 1, 0.0378059446811676, 0, 1, 8, 11, 18, 0, 0, 0, 0, 9, 1, 4, 0, 0, 0, 10, 0, 1.0, 0, 0, 2, 1, 0, 0, -0.15854386985301971, 23.07773780822754], [1, 0, 1, 0.03238940238952637, 0, 1, 8, 11, 18, 0, 0, 0, 0, 9, 1, 5, 0, 0, 0, 10, 0, 1.0, 0, 0, 2, 1, 0, 0, -0.15854386985301971, 23.07773780822754], [1, 0, 1, 0.032401084899902344, 0, 1, 8, 11, 18, 0, 0, 0, 0, 9, 1, 4, 0, 0, 0, 10, 0, 1.0, 0, 0, 2, 1, 0, 0, -0.15854386985301971, 23.07773780822754], [1, 0, 1, 0.05604737997055054, 0, 1, 8, 11, 18, 0, 0, 0, 0, 9, 1, 4, 0, 0, 0, 10, 0, 1.0, 0, 0, 2, 1, 0, 0, -0.15854386985301971, 23.07773780822754], [1, 0, 1, 0.027565330266952515, 0, 1, 8, 11, 18, 0, 0, 0, 0, 9, 1, 1, 0, 0, 0, 10, 0, 1.0, 0, 0, 2, 1, 0, 0, -0.15854386985301971, 23.07773780822754], [1, 0, 0, 0.1741342544555664, 0, 0, 8, 3, 10, 0, 0, 0, 0, 1, 1, 6, 0, 0, 0, 2, 0, 1.0, 0, 0, 0, 1, 0, 0, -55.74060821533203, 0.0], [1, 0, 1, 0.0, 0, 1, 1, 3, 3, 0, 0, 0, 0, 1, 1, 1, 0, 0, 0, 2, 0, 1.0, 0, 0, 2, 1, 0, 0, -0.18440848588943481, 0.0], [1, 0, 1, 0.7490081787109375, 0, 1, 7, 3, 9, 0, 0, 0, 0, 1, 1, 5, 0, 0, 0, 2, 0, 1.0, 0, 0, 2, 1, 0, 0, -0.18440848588943481, 48.25456237792969], [1, 0, 1, 0.7621092945337296, 0, 1, 6, 3, 8, 0, 0, 0, 0, 1, 1, 6, 0, 0, 0, 2, 0, 1.0, 0, 0, 2, 1, 0, 0, -0.18440848588943481, 0.0], [1, 0, 1, 0.009019523859024048, 0, 1, 3, 3, 5, 0, 0, 0, 0, 1, 1, 3, 0, 0, 0, 2, 0, 1.0, 0, 0, 2, 1, 0, 0, -0.18440848588943481, 48.25456237792969], [1, 0, 1, 0.4647979140281677, 0, 1, 8, 3, 10, 0, 0, 0, 0, 1, 1, 7, 0, 0, 0, 2, 0, 1.0, 0, 0, 2, 1, 0, 0, -0.18440848588943481, 48.25456237792969], [1, 0, 1, 0.1900635063648224, 0, 1, 8, 7, 14, 0, 0, 0, 0, 5, 1, 5, 0, 0, 0, 6, 0, 1.0, 0, 0, 2, 1, 0, 0, -0.17129606008529663, 27.84865951538086], [1, 0, 1, 0.05429184436798096, 0, 1, 8, 7, 14, 0, 0, 0, 0, 5, 1, 6, 0, 0, 0, 6, 0, 1.0, 0, 0, 2, 1, 0, 0, -0.17129606008529663, 27.84865951538086], [1, 0, 1, 0.14356771111488342, 0, 1, 8, 7, 14, 0, 0, 0, 0, 5, 1, 5, 0, 0, 0, 6, 0, 1.0, 0, 0, 2, 1, 0, 0, -0.17129606008529663, 27.84865951538086], [1, 0, 1, 0.02117958664894104, 0, 1, 8, 7, 14, 0, 0, 0, 0, 5, 1, 5, 0, 0, 0, 6, 0, 1.0, 0, 0, 2, 1, 0, 0, -0.17129606008529663, 27.84865951538086], [1, 0, 1, 0.10845078527927399, 0, 1, 8, 7, 14, 0, 0, 0, 0, 5, 1, 5, 0, 0, 0, 6, 0, 1.0, 0, 0, 2, 1, 0, 0, -0.17129606008529663, 27.84865951538086], [1, 0, 1, 0.009404420852661133, 0, 1, 8, 7, 14, 0, 0, 0, 0, 5, 1, 5, 0, 0, 0, 6, 0, 1.0, 0, 0, 2, 1, 0, 0, -0.17129606008529663, 27.84865951538086], [1, 0, 1, 0.06322425603866577, 0, 1, 8, 3, 10, 0, 0, 0, 0, 1, 1, 7, 0, 0, 0, 2, 0, 1.0, 0, 0, 2, 1, 0, 0, -0.18440848588943481, 48.25456237792969], [1, 0, 1, 0.491452157497406, 0, 1, 8, 3, 10, 0, 0, 0, 0, 1, 1, 7, 0, 0, 0, 2, 0, 1.0, 0, 0, 2, 1, 0, 0, -0.18440848588943481, 48.25456237792969], [1, 0, 1, 0.6262636780738831, 0, 1, 7, 3, 9, 0, 0, 0, 0, 1, 1, 7, 0, 0, 0, 2, 0, 1.0, 0, 0, 2, 1, 0, 0, -0.18440848588943481, 48.25456237792969], [1, 0, 1, 0.18059125542640686, 0, 1, 5, 3, 7, 0, 0, 0, 0, 1, 1, 4, 0, 0, 0, 2, 0, 1.0, 0, 0, 2, 1, 0, 0, -0.18440848588943481, 48.25456237792969], [1, 0, 1, 0.05498969554901123, 0, 1, 8, 3, 10, 0, 0, 0, 0, 1, 1, 5, 0, 0, 0, 2, 0, 1.0, 0, 0, 2, 1, 0, 0, -0.18440848588943481, 48.25456237792969], [1, 0, 1, 0.4150230288505554, 0, 1, 5, 3, 7, 0, 0, 0, 0, 1, 1, 4, 0, 0, 0, 2, 0, 1.0, 0, 0, 2, 1, 0, 0, -0.18440848588943481, 48.25456237792969], [0, 0, 0, 0.0, 0, 1, 8, 13, 20, 0, 0, 0, 0, 11, 1, 4, 0, 0, 0, 12, 0, 1.0, 0, 0, 1, 0, 0, 0, -27.286407470703125, 0.0], [1, 0, 1, 0.012162268161773682, 0, 1, 8, 13, 20, 0, 0, 0, 0, 11, 1, 5, 0, 0, 0, 12, 0, 1.0, 0, 0, 2, 1, 0, 0, -0.17700175940990448, 27.109405517578125], [1, 0, 1, 0.01096278429031372, 0, 1, 8, 13, 20, 0, 0, 0, 0, 11, 1, 5, 0, 0, 0, 12, 0, 1.0, 0, 0, 2, 1, 0, 0, -0.17700175940990448, 27.109405517578125], [1, 0, 1, 0.0, 0, 1, 8, 13, 20, 0, 0, 0, 0, 11, 1, 5, 0, 0, 0, 12, 0, 1.0, 0, 0, 2, 1, 0, 0, -0.17700175940990448, 27.109405517578125], [0, 0, 0, 0.0007509589195251465, 0, 1, 8, 13, 20, 0, 0, 0, 0, 11, 1, 4, 0, 0, 0, 12, 0, 1.0, 0, 0, 1, 0, 0, 0, -27.286407470703125, 0.2758655548095703], [1, 0, 1, 0.0011410713195800781, 0, 1, 8, 13, 20, 0, 0, 0, 0, 11, 1, 5, 0, 0, 0, 12, 0, 1.0, 0, 0, 2, 1, 0, 0, -0.17700175940990448, 27.109405517578125], [1, 0, 1, 0.0011787563562393188, 0, 1, 8, 13, 20, 0, 0, 0, 0, 11, 1, 4, 0, 0, 0, 12, 0, 1.0, 0, 0, 2, 1, 0, 0, -0.17700175940990448, 27.109405517578125], [0, 0, 0, 0.0, 0, 1, 8, 13, 20, 0, 0, 0, 0, 11, 1, 5, 0, 0, 0, 12, 0, 1.0, 0, 0, 1, 0, 0, 0, -27.286407470703125, 0.0], [0, 0, 0, 0.0, 0, 1, 8, 13, 20, 0, 0, 0, 0, 11, 1, 5, 0, 0, 0, 12, 0, 1.0, 0, 0, 1, 0, 0, 0, -27.286407470703125, 0.0], [0, 0, 0, 0.0, 0, 1, 8, 13, 20, 0, 0, 0, 0, 11, 1, 5, 0, 0, 0, 12, 0, 1.0, 0, 0, 1, 0, 0, 0, -27.286407470703125, 0.0], [0, 0, 0, 0.0, 0, 1, 8, 13, 20, 0, 0, 0, 0, 11, 1, 5, 0, 0, 0, 12, 0, 1.0, 0, 0, 1, 0, 0, 0, -27.286407470703125, 0.0], [0, 0, 0, 0.0, 0, 1, 8, 13, 20, 0, 0, 0, 0, 11, 1, 5, 0, 0, 0, 12, 0, 1.0, 0, 0, 1, 0, 0, 0, -27.286407470703125, 0.0], [0, 0, 0, 0.01068425178527832, 0, 1, 8, 13, 20, 0, 0, 0, 0, 11, 1, 5, 0, 0, 0, 12, 0, 1.0, 0, 0, 1, 0, 0, 0, -27.286407470703125, 0.0], [0, 0, 0, 0.004362836480140686, 0, 1, 8, 3, 10, 0, 1, 0, 0, 1, 1, 5, 0, 0, 0, 2, 0, 1.0, 0, 0, 2, 0, 0, 0, -48.43897247314453, 0.6212692260742188], [1, 0, 1, 0.0, 0, 1, 6, 3, 8, 0, 0, 0, 0, 1, 1, 2, 0, 0, 0, 2, 0, 1.0, 0, 0, 2, 1, 0, 0, -0.18440848588943481, 48.25456237792969], [1, 0, 1, 0.34544283151626587, 0, 1, 5, 3, 7, 0, 0, 0, 0, 1, 1, 5, 0, 0, 0, 2, 0, 1.0, 0, 0, 2, 1, 0, 0, -0.18440848588943481, 48.25456237792969], [1, 0, 1, 0.7201278209686279, 0, 1, 8, 3, 10, 0, 0, 0, 0, 1, 1, 7, 0, 0, 0, 2, 0, 1.0, 0, 0, 2, 1, 0, 0, -0.18440848588943481, 53.47907638549805], [0, 0, 0, 0.0, 0, 1, 8, 3, 10, 1, 0, 0, 0, 1, 1, 2, 0, 0, 0, 2, 0, 1.0, 0, 0, 1, 0, 0, 0, -47.153167724609375, 8.394393920898438], [1, 0, 0, 0.0, 0, 1, 5, 3, 7, 1, 0, 0, 0, 1, 1, 4, 0, 0, 0, 2, 0, 1.0, 0, 0, 1, 0, 0, 0, -47.153167724609375, 1.2858047485351562], [0, 0, 0, 0.0, 0, 1, 8, 3, 10, 0, 0, 0, 0, 1, 1, 2, 0, 0, 0, 2, 0, 1.0, 0, 0, 1, 0, 0, 0, -42.253055572509766, 6.807186126708984], [0, 0, 0, 0.00604073703289032, 0, 1, 7, 3, 9, 0, 0, 0, 0, 1, 1, 7, 0, 0, 0, 2, 0, 1.0, 0, 0, 1, 0, 0, 0, -48.43897247314453, 0.0], [1, 0, 1, 0.6999799609184265, 0, 1, 8, 3, 10, 0, 1, 0, 0, 1, 1, 3, 0, 0, 0, 2, 0, 1.0, 0, 0, 2, 1, 0, 0, -0.18440848588943481, 53.47907638549805], [0, 0, 0, 0.0, 0, 1, 8, 3, 10, 0, 0, 0, 0, 1, 1, 2, 0, 0, 0, 2, 0, 1.0, 0, 0, 1, 0, 0, 0, -47.153167724609375, 7.613777160644531], [1, 0, 1, 0.26899951696395874, 0, 1, 2, 3, 4, 0, 0, 0, 0, 1, 1, 2, 0, 0, 0, 2, 0, 1.0, 0, 0, 2, 1, 0, 0, -0.18440848588943481, 48.25456237792969], [0, 0, 0, 0.05722606182098389, 0, 1, 8, 3, 10, 0, 0, 0, 0, 1, 1, 5, 0, 0, 0, 2, 0, 1.0, 0, 0, 1, 0, 0, 0, -48.43897247314453, 0.0], [0, 0, 0, 0.0, 0, 1, 4, 6, 9, 0, 0, 0, 0, 4, 1, 4, 0, 0, 0, 5, 0, 1.0, 0, 0, 1, 0, 0, 0, -26.19858169555664, 0.0], [0, 0, 0, 0.0, 0, 1, 8, 6, 13, 0, 0, 0, 0, 4, 1, 5, 0, 0, 0, 5, 0, 1.0, 0, 0, 1, 0, 0, 0, -26.19858169555664, 0.0], [1, 0, 1, 0.0, 0, 1, 8, 6, 13, 0, 0, 0, 0, 4, 1, 4, 0, 0, 0, 5, 0, 1.0, 0, 0, 2, 1, 0, 0, -0.15865938365459442, 26.0399227142334], [1, 0, 1, 0.0, 0, 1, 8, 6, 13, 0, 0, 0, 0, 4, 1, 4, 0, 0, 0, 5, 0, 1.0, 0, 0, 2, 1, 0, 0, -0.15865938365459442, 26.0399227142334], [1, 0, 1, 0.0, 0, 1, 8, 6, 13, 0, 0, 0, 0, 4, 1, 4, 0, 0, 0, 5, 0, 1.0, 0, 0, 2, 1, 0, 0, -0.15865938365459442, 26.0399227142334], [0, 0, 0, 0.0, 0, 1, 1, 3, 3, 0, 0, 0, 0, 1, 1, 1, 0, 0, 0, 2, 0, 1.0, 0, 0, 2, 0, 0, 0, -48.43897247314453, 0.0], [0, 0, 0, 0.00044023990631103516, 0, 1, 8, 3, 10, 0, 0, 0, 0, 1, 1, 8, 0, 0, 0, 2, 0, 1.0, 0, 0, 1, 0, 0, 0, -48.43897247314453, 0.0], [1, 0, 1, 0.45604485273361206, 0, 1, 8, 3, 10, 0, 0, 0, 0, 1, 1, 7, 0, 0, 0, 2, 0, 1.0, 0, 0, 2, 1, 0, 0, -0.18440848588943481, 53.47907638549805], [0, 0, 0, 0.006199836730957031, 0, 1, 8, 3, 10, 0, 0, 0, 0, 1, 1, 7, 0, 0, 0, 2, 0, 1.0, 0, 0, 1, 0, 0, 0, -48.43897247314453, 0.0], [0, 0, 0, 0.0831872820854187, 0, 1, 8, 9, 16, 0, 0, 0, 0, 7, 1, 6, 0, 0, 0, 8, 0, 1.0, 0, 0, 1, 0, 0, 0, -27.38467788696289, 0.0], [0, 0, 0, 0.10729929804801941, 0, 1, 8, 9, 16, 0, 0, 0, 0, 7, 1, 8, 0, 0, 0, 8, 0, 1.0, 0, 0, 1, 0, 0, 0, -27.38467788696289, 0.0], [0, 0, 0, 0.013691961765289307, 0, 1, 8, 9, 16, 0, 0, 0, 0, 7, 1, 6, 0, 0, 0, 8, 0, 1.0, 0, 0, 1, 0, 0, 0, -27.38467788696289, 0.0], [0, 0, 0, 0.0681304931640625, 0, 1, 8, 9, 16, 0, 0, 0, 0, 7, 1, 6, 0, 0, 0, 8, 0, 1.0, 0, 0, 1, 0, 0, 0, -27.38467788696289, 0.0], [0, 0, 0, 0.08131107687950134, 0, 1, 8, 9, 16, 0, 0, 0, 0, 7, 1, 8, 0, 0, 0, 8, 0, 1.0, 0, 0, 1, 0, 0, 0, -27.38467788696289, 0.0], [0, 0, 0, 0.07379975914955139, 0, 1, 8, 9, 16, 0, 0, 0, 0, 7, 1, 8, 0, 0, 0, 8, 0, 1.0, 0, 0, 1, 0, 0, 0, -27.38467788696289, 0.0], [0, 0, 0, 0.09468117356300354, 0, 1, 8, 9, 16, 0, 0, 0, 0, 7, 1, 8, 0, 0, 0, 8, 0, 1.0, 0, 0, 1, 0, 0, 0, -27.38467788696289, 0.0], [0, 0, 0, 0.08051618933677673, 0, 1, 7, 9, 15, 0, 0, 0, 0, 7, 1, 7, 0, 0, 0, 8, 0, 1.0, 0, 0, 1, 0, 0, 0, -27.38467788696289, 0.0], [1, 0, 1, 0.06450659036636353, 0, 1, 8, 3, 10, 0, 0, 0, 0, 1, 1, 4, 0, 0, 0, 2, 0, 1.0, 0, 0, 2, 1, 0, 0, -0.18440848588943481, 52.9058837890625], [1, 0, 1, 0.0, 0, 1, 8, 3, 10, 0, 0, 0, 0, 1, 1, 3, 0, 0, 0, 2, 0, 1.0, 0, 0, 2, 1, 0, 0, -0.18440848588943481, 50.37639617919922], [0, 0, 0, 0.0, 0, 1, 8, 3, 10, 0, 0, 0, 0, 1, 1, 2, 0, 0, 0, 2, 0, 1.0, 0, 0, 1, 0, 0, 0, -47.153167724609375, 5.196632385253906], [1, 0, 0, 3.5762786865234375e-07, 0, 1, 7, 3, 9, 1, 0, 0, 0, 1, 1, 2, 0, 0, 0, 2, 0, 1.0, 0, 0, 1, 0, 0, 0, -47.153167724609375, 1.2858047485351562], [1, 0, 1, 0.0, 0, 1, 8, 3, 10, 0, 0, 0, 0, 1, 1, 3, 0, 0, 0, 2, 0, 1.0, 0, 0, 2, 1, 0, 0, -0.18440848588943481, 48.25456237792969], [0, 0, 0, 0.15305095911026, 0, 1, 8, 3, 10, 0, 1, 0, 0, 1, 1, 7, 0, 0, 0, 2, 0, 1.0, 0, 0, 1, 0, 0, 0, -48.43897247314453, 0.0], [1, 0, 1, 0.09617581963539124, 0, 1, 8, 6, 13, 0, 0, 0, 0, 4, 1, 4, 0, 0, 0, 5, 0, 1.0, 0, 0, 2, 1, 0, 0, -0.15865938365459442, 26.0399227142334], [1, 0, 1, 0.06989502906799316, 0, 1, 8, 6, 13, 0, 0, 0, 0, 4, 1, 2, 0, 0, 0, 5, 0, 1.0, 0, 0, 2, 1, 0, 0, -0.15865938365459442, 30.054323196411133], [1, 0, 1, 0.09289920330047607, 0, 1, 8, 6, 13, 0, 0, 0, 0, 4, 1, 6, 0, 0, 0, 5, 0, 1.0, 0, 0, 2, 1, 0, 0, -0.15865938365459442, 28.289628982543945], [1, 0, 1, 0.008771777153015137, 0, 1, 8, 6, 13, 0, 0, 0, 0, 4, 1, 4, 0, 0, 0, 5, 0, 1.0, 0, 0, 2, 1, 0, 0, -0.15865938365459442, 26.0399227142334], [1, 0, 1, 0.02653411030769348, 0, 1, 8, 6, 13, 0, 0, 0, 0, 4, 1, 1, 0, 0, 0, 5, 0, 1.0, 0, 0, 2, 1, 0, 0, -0.15865938365459442, 26.0399227142334], [1, 0, 1, 0.1819908320903778, 0, 1, 8, 3, 10, 0, 0, 0, 0, 1, 1, 7, 0, 0, 0, 2, 0, 1.0, 0, 0, 2, 1, 0, 0, -0.18440848588943481, 48.25456237792969], [1, 0, 1, 0.23108768463134766, 0, 1, 6, 3, 8, 0, 0, 0, 0, 1, 1, 6, 0, 0, 0, 2, 0, 1.0, 0, 0, 2, 1, 0, 0, -0.18440848588943481, 53.47907638549805], [1, 0, 1, 0.0, 0, 1, 8, 3, 10, 0, 0, 0, 0, 1, 1, 5, 0, 0, 0, 2, 0, 1.0, 0, 0, 2, 1, 0, 0, -0.18440848588943481, 48.25456237792969], [1, 0, 1, 0.0, 0, 1, 2, 3, 4, 0, 0, 0, 0, 1, 1, 2, 0, 0, 0, 2, 0, 1.0, 0, 0, 2, 1, 0, 0, -0.18440848588943481, 0.0], [0, 0, 0, 0.042441338300704956, 0, 1, 8, 4, 11, 0, 0, 0, 0, 2, 1, 4, 0, 0, 0, 3, 0, 1.0, 0, 0, 2, 0, 0, 0, -32.130897521972656, 4.299335479736328], [0, 0, 0, 0.0, 0, 1, 8, 4, 11, 0, 0, 0, 0, 2, 1, 4, 0, 0, 0, 3, 0, 1.0, 0, 0, 2, 0, 0, 0, -32.63094711303711, 0.0], [0, 0, 0, 0.0, 0, 1, 8, 4, 11, 0, 0, 0, 0, 2, 1, 2, 0, 0, 0, 3, 0, 1.0, 0, 0, 2, 0, 0, 0, -32.63094711303711, 0.0], [1, 0, 1, 0.5888949334621429, 0, 1, 8, 3, 10, 0, 0, 0, 0, 1, 1, 6, 0, 0, 0, 2, 0, 1.0, 0, 0, 2, 1, 0, 0, -0.18440848588943481, 48.25456237792969], [1, 0, 1, 0.0, 0, 1, 6, 3, 8, 0, 0, 0, 0, 1, 1, 5, 0, 0, 0, 2, 0, 1.0, 0, 0, 2, 1, 0, 0, -0.18440848588943481, 48.25456237792969], [1, 0, 1, 0.0, 0, 1, 5, 3, 7, 0, 0, 0, 0, 1, 1, 5, 0, 0, 0, 2, 0, 1.0, 0, 0, 2, 1, 0, 0, -0.18440848588943481, 48.25456237792969], [1, 0, 1, 0.0, 0, 1, 4, 3, 6, 0, 0, 0, 0, 1, 1, 4, 0, 0, 0, 2, 0, 1.0, 0, 0, 2, 1, 0, 0, -0.18440848588943481, 48.25456237792969], [0, 0, 0, 0.08948765695095062, 0, 1, 6, 3, 8, 0, 0, 0, 0, 1, 1, 6, 0, 0, 0, 2, 0, 1.0, 0, 0, 2, 0, 0, 0, -48.43897247314453, 0.6212692260742188], [0, 0, 0, 0.02354249358177185, 0, 1, 8, 3, 10, 0, 0, 0, 0, 1, 1, 8, 0, 0, 0, 2, 0, 1.0, 0, 0, 1, 0, 0, 0, -48.43897247314453, 0.6212692260742188], [1, 0, 1, 0.20027238130569458, 0, 1, 8, 4, 11, 0, 0, 0, 0, 2, 1, 3, 0, 0, 0, 3, 0, 1.0, 0, 0, 2, 1, 0, 0, -0.18727630376815796, 31.943620681762695], [0, 0, 0, 0.45239877700805664, 0, 1, 8, 4, 11, 0, 0, 0, 0, 2, 1, 4, 0, 0, 0, 3, 0, 1.0, 0, 0, 1, 0, 0, 0, -32.130897521972656, 0.0], [1, 0, 1, 0.17613980174064636, 0, 1, 7, 4, 10, 0, 0, 0, 0, 2, 1, 7, 0, 0, 0, 3, 0, 1.0, 0, 0, 2, 1, 0, 0, -0.18727630376815796, 31.943620681762695], [0, 0, 0, 0.011123478412628174, 0, 1, 8, 6, 13, 0, 0, 0, 0, 4, 1, 2, 0, 0, 0, 5, 0, 1.0, 0, 0, 1, 0, 0, 0, -29.468717575073242, 0.27732276916503906], [1, 0, 1, 0.004992097616195679, 0, 1, 8, 6, 13, 0, 0, 0, 0, 4, 1, 3, 0, 0, 0, 5, 0, 1.0, 0, 0, 2, 1, 0, 0, -0.18886291980743408, 28.888343811035156], [0, 0, 0, 0.004486143589019775, 0, 1, 8, 6, 13, 0, 0, 0, 0, 4, 1, 2, 0, 0, 0, 5, 0, 1.0, 0, 0, 1, 0, 0, 0, -29.468717575073242, 0.27732276916503906], [0, 0, 0, 0.02757054567337036, 0, 1, 8, 6, 13, 0, 0, 0, 0, 4, 1, 2, 0, 0, 0, 5, 0, 1.0, 0, 0, 1, 0, 0, 0, -29.468717575073242, 0.27732276916503906], [0, 0, 0, 0.014694929122924805, 0, 1, 8, 6, 13, 0, 0, 0, 0, 4, 1, 2, 0, 0, 0, 5, 0, 1.0, 0, 0, 1, 0, 0, 0, -29.468717575073242, 0.27732276916503906], [0, 0, 0, 0.058467596769332886, 0, 1, 8, 7, 14, 0, 0, 0, 0, 5, 1, 5, 0, 0, 0, 6, 0, 1.0, 0, 0, 2, 0, 0, 0, -26.425704956054688, 0.0], [0, 0, 0, 0.0733654797077179, 0, 1, 7, 7, 13, 0, 0, 0, 0, 5, 1, 6, 0, 0, 0, 6, 0, 1.0, 0, 0, 1, 0, 0, 0, -26.425704956054688, 0.0], [1, 0, 1, 0.1170949637889862, 0, 1, 8, 7, 14, 0, 0, 0, 0, 5, 1, 3, 0, 0, 0, 6, 0, 1.0, 0, 0, 2, 1, 0, 0, -0.16248860955238342, 26.263216018676758], [0, 0, 0, 0.08203151822090149, 0, 1, 8, 7, 14, 0, 0, 0, 0, 5, 1, 5, 0, 0, 0, 6, 0, 1.0, 0, 0, 2, 0, 0, 0, -26.425704956054688, 0.0], [1, 0, 1, 0.1533488631248474, 0, 1, 8, 7, 14, 0, 0, 0, 0, 5, 1, 2, 0, 0, 0, 6, 0, 1.0, 0, 0, 2, 1, 0, 0, -0.16248860955238342, 26.263216018676758], [0, 0, 0, 0.011952131986618042, 0, 1, 8, 7, 14, 0, 0, 0, 0, 5, 1, 4, 0, 0, 0, 6, 0, 1.0, 0, 0, 2, 0, 0, 0, -26.425704956054688, 0.0], [1, 0, 1, 0.0, 0, 1, 8, 3, 10, 0, 0, 0, 0, 1, 1, 2, 0, 0, 0, 2, 0, 1.0, 0, 0, 2, 1, 0, 0, -0.18440848588943481, 60.62352752685547], [1, 0, 0, 0.021846666932106018, 0, 0, 6, 3, 8, 1, 0, 0, 0, 1, 1, 4, 0, 0, 0, 2, 0, 1.0, 0, 0, 0, 0, 0, 0, -55.74060821533203, 0.0], [0, 0, 0, 0.18844497203826904, 0, 1, 7, 4, 10, 0, 0, 0, 0, 2, 1, 7, 0, 0, 0, 3, 0, 1.0, 0, 0, 1, 0, 0, 0, -32.130897521972656, 0.0], [0, 0, 0, 0.00250244140625, 0, 1, 8, 4, 11, 0, 0, 0, 0, 2, 1, 4, 0, 0, 0, 3, 0, 1.0, 0, 0, 1, 0, 0, 0, -32.130897521972656, 0.0], [0, 0, 0, 0.20493736863136292, 0, 1, 8, 4, 11, 0, 0, 0, 0, 2, 1, 4, 0, 0, 0, 3, 0, 1.0, 0, 0, 1, 0, 0, 0, -32.130897521972656, 0.0], [1, 0, 1, 0.6716337203979492, 0, 1, 8, 3, 10, 0, 0, 0, 0, 1, 1, 5, 0, 0, 0, 2, 0, 1.0, 0, 0, 2, 1, 0, 0, -0.18440848588943481, 48.25456237792969], [1, 0, 1, 0.0, 0, 1, 8, 3, 10, 0, 0, 0, 0, 1, 1, 4, 0, 0, 0, 2, 0, 1.0, 0, 0, 2, 1, 0, 0, -0.18440848588943481, 48.25456237792969], [1, 0, 1, 0.044155389070510864, 0, 1, 7, 3, 9, 0, 0, 0, 0, 1, 1, 7, 0, 0, 0, 2, 0, 1.0, 0, 0, 2, 1, 0, 0, -0.18440848588943481, 53.47907638549805], [1, 0, 1, 0.31872957944869995, 0, 1, 6, 3, 8, 0, 0, 0, 0, 1, 1, 5, 0, 0, 0, 2, 0, 1.0, 0, 0, 2, 1, 0, 0, -0.18440848588943481, 0.0], [0, 0, 0, 0.015933051705360413, 0, 1, 8, 3, 10, 0, 0, 0, 0, 1, 1, 7, 0, 0, 0, 2, 0, 1.0, 0, 0, 1, 0, 0, 0, -48.43897247314453, 0.0], [1, 0, 1, 0.0, 0, 1, 8, 3, 10, 0, 0, 0, 0, 1, 1, 7, 0, 0, 0, 2, 0, 1.0, 0, 0, 2, 1, 0, 0, -0.18440848588943481, 48.25456237792969], [1, 0, 1, 0.0, 0, 1, 4, 3, 6, 0, 0, 0, 0, 1, 1, 4, 0, 0, 0, 2, 0, 1.0, 0, 0, 2, 1, 0, 0, -0.18440848588943481, 48.25456237792969], [0, 0, 0, 0.007863223552703857, 0, 1, 8, 3, 10, 0, 0, 0, 0, 1, 1, 7, 0, 0, 0, 2, 0, 1.0, 0, 0, 1, 0, 0, 0, -49.06024169921875, 4.603244781494141], [0, 0, 0, 0.0, 0, 1, 6, 3, 8, 0, 0, 0, 0, 1, 1, 6, 0, 0, 0, 2, 0, 1.0, 0, 0, 1, 0, 0, 0, -48.43897247314453, 0.0], [1, 0, 1, 0.6037364602088928, 0, 1, 4, 3, 6, 0, 0, 0, 0, 1, 1, 4, 0, 0, 0, 2, 0, 1.0, 0, 0, 2, 1, 0, 0, -0.18440848588943481, 48.25456237792969], [0, 0, 0, 0.0, 0, 1, 7, 4, 10, 0, 0, 0, 0, 2, 1, 6, 0, 0, 0, 3, 0, 1.0, 0, 0, 1, 0, 0, 0, -32.130897521972656, 0.0], [1, 0, 1, 0.0, 0, 1, 8, 4, 11, 0, 0, 0, 0, 2, 1, 5, 0, 0, 0, 3, 0, 1.0, 0, 0, 2, 1, 0, 0, -0.18727630376815796, 31.943620681762695], [1, 0, 1, 0.0, 0, 1, 8, 4, 11, 0, 0, 0, 0, 2, 1, 5, 0, 0, 0, 3, 0, 1.0, 0, 0, 2, 1, 0, 0, -0.18727630376815796, 31.943620681762695], [1, 0, 1, 0.0, 0, 1, 7, 6, 12, 0, 0, 0, 0, 4, 1, 4, 0, 0, 0, 5, 0, 1.0, 0, 0, 2, 1, 0, 0, -0.1535811722278595, 30.60099220275879], [0, 0, 0, 0.0, 0, 1, 3, 6, 8, 0, 0, 0, 0, 4, 1, 3, 0, 0, 0, 5, 0, 1.0, 0, 0, 1, 0, 0, 0, -31.181161880493164, 1.6837787628173828], [1, 0, 1, 0.0, 0, 1, 7, 6, 12, 0, 0, 0, 0, 4, 1, 3, 0, 0, 0, 5, 0, 1.0, 0, 0, 2, 1, 0, 0, -0.1520475447177887, 30.579524993896484], [1, 0, 1, 0.0, 0, 1, 7, 6, 12, 0, 0, 0, 0, 4, 1, 3, 0, 0, 0, 5, 0, 1.0, 0, 0, 2, 1, 0, 0, -0.1520475447177887, 30.579524993896484], [0, 0, 0, 0.0, 0, 1, 8, 6, 13, 0, 0, 0, 0, 4, 1, 5, 0, 0, 0, 5, 0, 1.0, 0, 0, 1, 0, 0, 0, -30.765893936157227, 0.0], [1, 0, 1, 0.07754510641098022, 0, 1, 8, 3, 10, 0, 0, 0, 0, 1, 1, 6, 0, 0, 0, 2, 0, 1.0, 0, 0, 2, 1, 0, 0, -0.18440848588943481, 48.25456237792969], [0, 0, 0, 0.00038313865661621094, 0, 1, 8, 3, 10, 0, 0, 0, 0, 1, 1, 7, 0, 0, 0, 2, 0, 1.0, 0, 0, 1, 0, 0, 0, -48.43897247314453, 5.224514007568359], [1, 0, 1, 0.035684734582901, 0, 1, 4, 3, 6, 0, 0, 0, 0, 1, 1, 4, 0, 0, 0, 2, 0, 1.0, 0, 0, 2, 1, 0, 0, -0.18440848588943481, 48.25456237792969], [1, 0, 1, 0.08207786083221436, 0, 1, 8, 3, 10, 0, 0, 0, 0, 1, 1, 8, 0, 0, 0, 2, 0, 1.0, 0, 0, 2, 1, 0, 0, -0.18440848588943481, 52.561737060546875], [1, 0, 1, 0.005779445171356201, 0, 1, 8, 9, 16, 0, 0, 0, 0, 7, 1, 4, 0, 0, 0, 8, 0, 1.0, 0, 0, 2, 1, 0, 0, -0.186900794506073, 27.197776794433594], [1, 0, 1, 0.06294748187065125, 0, 1, 8, 9, 16, 0, 0, 0, 0, 7, 1, 5, 0, 0, 0, 8, 0, 1.0, 0, 0, 2, 1, 0, 0, -0.186900794506073, 27.197776794433594], [1, 0, 1, 0.015343397855758667, 0, 1, 8, 9, 16, 0, 0, 0, 0, 7, 1, 5, 0, 0, 0, 8, 0, 1.0, 0, 0, 2, 1, 0, 0, -0.186900794506073, 27.197776794433594], [1, 0, 1, 0.016773849725723267, 0, 1, 8, 9, 16, 0, 0, 0, 0, 7, 1, 3, 0, 0, 0, 8, 0, 1.0, 0, 0, 2, 1, 0, 0, -0.186900794506073, 27.197776794433594], [1, 0, 1, 0.004688471555709839, 0, 1, 8, 9, 16, 0, 0, 0, 0, 7, 1, 5, 0, 0, 0, 8, 0, 1.0, 0, 0, 2, 1, 0, 0, -0.186900794506073, 27.197776794433594], [1, 0, 1, 0.02765163779258728, 0, 1, 8, 9, 16, 0, 0, 0, 0, 7, 1, 4, 0, 0, 0, 8, 0, 1.0, 0, 0, 2, 1, 0, 0, -0.186900794506073, 27.197776794433594], [1, 0, 1, 0.024655044078826904, 0, 1, 8, 9, 16, 0, 0, 0, 0, 7, 1, 5, 0, 0, 0, 8, 0, 1.0, 0, 0, 2, 1, 0, 0, -0.186900794506073, 27.197776794433594], [1, 0, 1, 0.01486194133758545, 0, 1, 8, 9, 16, 0, 0, 0, 0, 7, 1, 3, 0, 0, 0, 8, 0, 1.0, 0, 0, 2, 1, 0, 0, -0.186900794506073, 27.197776794433594], [1, 0, 1, 0.14572259783744812, 0, 1, 8, 4, 11, 0, 0, 0, 0, 2, 1, 7, 0, 0, 0, 3, 0, 1.0, 0, 0, 2, 1, 0, 0, -0.18727630376815796, 31.943620681762695], [1, 0, 1, 0.01833212375640869, 0, 1, 4, 4, 7, 0, 0, 0, 0, 2, 1, 4, 0, 0, 0, 3, 0, 1.0, 0, 0, 2, 1, 0, 0, -0.18727630376815796, 31.943620681762695], [1, 0, 1, 0.0, 0, 1, 6, 4, 9, 0, 0, 0, 0, 2, 1, 4, 0, 0, 0, 3, 0, 1.0, 0, 0, 2, 1, 0, 0, -0.18727630376815796, 31.943620681762695], [1, 0, 1, 0.014802247285842896, 0, 1, 7, 3, 9, 0, 0, 0, 0, 1, 1, 6, 0, 0, 0, 2, 0, 1.0, 0, 0, 2, 1, 0, 0, -0.18440848588943481, 48.25456237792969], [1, 0, 1, 0.02916163206100464, 0, 1, 8, 3, 10, 0, 0, 0, 0, 1, 1, 5, 0, 0, 0, 2, 0, 1.0, 0, 0, 2, 1, 0, 0, -0.18440848588943481, 48.25456237792969], [1, 0, 1, 0.5101454257965088, 0, 1, 8, 3, 10, 0, 0, 0, 0, 1, 1, 3, 0, 0, 0, 2, 0, 1.0, 0, 0, 2, 1, 0, 0, -0.18440848588943481, 48.25456237792969], [1, 0, 1, 0.1230090856552124, 0, 1, 4, 3, 6, 1, 0, 0, 0, 1, 1, 3, 0, 0, 0, 2, 0, 1.0, 0, 0, 2, 1, 0, 0, -0.18440848588943481, 48.25456237792969], [0, 0, 0, 0.0, 0, 1, 5, 3, 7, 0, 0, 0, 0, 1, 1, 5, 0, 0, 0, 2, 0, 1.0, 0, 0, 1, 0, 0, 0, -53.66348648071289, 0.0], [1, 0, 1, 0.010737985372543335, 0, 1, 8, 3, 10, 0, 0, 0, 0, 1, 1, 7, 0, 0, 0, 2, 0, 1.0, 0, 0, 2, 1, 0, 0, -0.18440848588943481, 53.47907638549805], [1, 0, 1, 0.013718843460083008, 0, 1, 8, 3, 10, 0, 0, 0, 0, 1, 1, 7, 0, 0, 0, 2, 0, 1.0, 0, 0, 2, 1, 0, 0, -0.18440848588943481, 48.875831604003906], [1, 0, 1, 0.5301031470298767, 0, 1, 8, 3, 10, 0, 0, 0, 0, 1, 1, 6, 0, 0, 0, 2, 0, 1.0, 0, 0, 2, 1, 0, 0, -0.18440848588943481, 48.25456237792969], [0, 0, 0, 0.053023695945739746, 0, 1, 6, 4, 9, 0, 0, 0, 0, 2, 1, 5, 0, 0, 0, 3, 0, 1.0, 0, 0, 1, 0, 0, 0, -36.430233001708984, 0.0], [0, 0, 0, 0.019921988248825073, 0, 1, 8, 4, 11, 0, 0, 0, 0, 2, 1, 5, 0, 0, 0, 3, 0, 1.0, 0, 0, 2, 0, 0, 0, -33.63982009887695, 2.7904129028320312], [0, 0, 0, 0.0, 0, 1, 8, 4, 11, 0, 0, 0, 0, 2, 1, 7, 0, 0, 0, 3, 0, 1.0, 0, 0, 1, 0, 0, 0, -36.430233001708984, 0.0], [1, 0, 1, 0.014199554920196533, 0, 1, 8, 3, 10, 0, 0, 0, 0, 1, 1, 7, 0, 0, 0, 2, 0, 1.0, 0, 0, 2, 1, 0, 0, -0.18440848588943481, 53.47907638549805], [1, 0, 1, 0.6099295616149902, 0, 1, 8, 3, 10, 0, 0, 0, 0, 1, 1, 4, 0, 0, 0, 2, 0, 1.0, 0, 0, 2, 1, 0, 0, -0.18440848588943481, 48.25456237792969], [1, 0, 1, 0.0, 0, 1, 6, 4, 9, 0, 0, 0, 0, 2, 1, 4, 0, 0, 0, 3, 0, 1.0, 0, 0, 2, 1, 0, 0, -0.18727630376815796, 31.943620681762695], [0, 0, 0, 0.0, 0, 1, 6, 4, 9, 0, 0, 0, 0, 2, 1, 4, 0, 0, 0, 3, 0, 1.0, 0, 0, 1, 0, 0, 0, -32.130897521972656, 0.0], [1, 0, 1, 5.960464477539063e-08, 0, 1, 8, 4, 11, 0, 0, 0, 0, 2, 1, 6, 0, 0, 0, 3, 0, 1.0, 0, 0, 2, 1, 0, 0, -0.18727630376815796, 31.943620681762695], [0, 0, 0, 0.0, 0, 1, 8, 3, 10, 0, 0, 0, 0, 1, 1, 2, 0, 0, 0, 2, 0, 1.0, 0, 0, 1, 0, 0, 0, -42.253055572509766, 6.807186126708984], [1, 0, 1, 0.1776553988456726, 0, 1, 8, 3, 10, 0, 0, 0, 0, 1, 1, 6, 0, 0, 0, 2, 0, 1.0, 0, 0, 2, 1, 0, 0, -0.18440848588943481, 48.25456237792969], [0, 0, 0, 0.0, 0, 1, 2, 3, 4, 0, 0, 0, 0, 1, 1, 2, 0, 0, 0, 2, 0, 1.0, 0, 0, 1, 0, 0, 0, -53.66348648071289, 0.0], [1, 0, 1, 0.20609354972839355, 0, 1, 5, 3, 7, 0, 0, 0, 0, 1, 1, 5, 0, 0, 0, 2, 0, 1.0, 0, 0, 2, 1, 0, 0, -0.18440848588943481, 53.47907638549805], [1, 0, 1, 0.0, 0, 1, 6, 3, 8, 0, 0, 0, 0, 1, 1, 5, 0, 0, 0, 2, 0, 1.0, 0, 0, 2, 1, 0, 0, -0.18440848588943481, 48.25456237792969], [1, 0, 1, 0.49643969535827637, 0, 1, 8, 3, 10, 0, 0, 0, 0, 1, 1, 6, 0, 0, 0, 2, 0, 1.0, 0, 0, 2, 1, 0, 0, -0.18440848588943481, 48.25456237792969], [0, 0, 0, 0.009687751531600952, 0, 1, 8, 4, 11, 0, 0, 0, 0, 2, 1, 5, 0, 0, 0, 3, 0, 1.0, 0, 0, 1, 0, 0, 0, -32.130897521972656, 0.0], [1, 0, 1, 0.13117289543151855, 0, 1, 8, 4, 11, 0, 0, 0, 0, 2, 1, 6, 0, 0, 0, 3, 0, 1.0, 0, 0, 2, 1, 0, 0, -0.18727630376815796, 31.943620681762695], [1, 0, 1, 0.11219784617424011, 0, 1, 7, 4, 10, 0, 0, 0, 0, 2, 1, 6, 0, 0, 0, 3, 0, 1.0, 0, 0, 2, 1, 0, 0, -0.18727630376815796, 31.943620681762695], [1, 0, 1, 0.0, 1, 1, 7, 3, 9, 1, 0, 0, 0, 1, 1, 7, 0, 0, 0, 2, 1, 1.0, 0, 0, 1, 0, 0, 0, -54.111473083496094, 0.0], [1, 0, 1, 0.0, 0, 1, 7, 3, 9, 0, 0, 0, 0, 1, 1, 5, 0, 0, 0, 2, 0, 1.0, 0, 0, 2, 1, 0, 0, -0.18440848588943481, 53.92706298828125], [1, 0, 1, 0.2619197964668274, 0, 1, 8, 3, 10, 0, 0, 0, 0, 1, 1, 5, 0, 0, 0, 2, 0, 1.0, 0, 0, 2, 1, 0, 0, -0.18440848588943481, 53.47907638549805], [0, 0, 0, 0.021888017654418945, 0, 1, 8, 3, 10, 0, 0, 0, 0, 1, 1, 7, 0, 0, 0, 2, 0, 1.0, 0, 0, 1, 0, 0, 0, -48.43897247314453, 0.0], [1, 0, 1, 0.12310343980789185, 0, 1, 8, 4, 11, 0, 0, 0, 0, 2, 1, 5, 0, 0, 0, 3, 0, 1.0, 0, 0, 2, 1, 0, 0, -0.18727630376815796, 31.943620681762695], [0, 0, 0, 0.0, 0, 1, 4, 4, 7, 0, 0, 0, 0, 2, 1, 4, 0, 0, 0, 3, 0, 1.0, 0, 0, 1, 0, 0, 0, -32.130897521972656, 0.0], [0, 0, 0, 0.07000672817230225, 0, 1, 7, 4, 10, 0, 0, 0, 0, 2, 1, 6, 0, 0, 0, 3, 0, 1.0, 0, 0, 1, 0, 0, 0, -32.130897521972656, 0.0], [1, 0, 1, 0.060032814741134644, 0, 1, 8, 4, 11, 0, 0, 0, 0, 2, 1, 7, 0, 0, 0, 3, 0, 1.0, 0, 0, 2, 1, 0, 0, -0.18727630376815796, 31.943620681762695], [1, 0, 1, 0.08098945021629333, 0, 1, 8, 4, 11, 0, 0, 0, 0, 2, 1, 6, 0, 0, 0, 3, 0, 1.0, 0, 0, 2, 1, 0, 0, -0.18727630376815796, 31.943620681762695], [1, 0, 1, 0.15502306818962097, 0, 1, 7, 4, 10, 0, 0, 0, 0, 2, 1, 7, 0, 0, 0, 3, 0, 1.0, 0, 0, 2, 1, 0, 0, -0.18727630376815796, 31.943620681762695], [1, 0, 1, 0.8233020454645157, 0, 1, 6, 3, 8, 0, 0, 0, 0, 1, 1, 5, 0, 0, 0, 2, 0, 1.0, 0, 0, 2, 1, 0, 0, -0.18440848588943481, 54.58253479003906], [0, 0, 0, 0.01830299198627472, 0, 1, 8, 3, 10, 0, 0, 0, 0, 1, 1, 8, 0, 0, 0, 2, 0, 1.0, 0, 0, 1, 0, 0, 0, -53.66348648071289, 0.0], [0, 0, 0, 0.05643188953399658, 0, 1, 8, 3, 10, 0, 0, 0, 0, 1, 1, 7, 0, 0, 0, 2, 0, 1.0, 0, 0, 1, 0, 0, 0, -48.43897247314453, 0.6212692260742188], [1, 0, 1, 0.0, 0, 1, 8, 3, 10, 0, 0, 0, 0, 1, 1, 5, 0, 0, 0, 2, 0, 1.0, 0, 0, 2, 1, 0, 0, -0.18440848588943481, 48.25456237792969], [0, 0, 0, 0.030264049768447876, 0, 1, 8, 13, 20, 0, 0, 0, 0, 11, 1, 5, 0, 0, 0, 12, 0, 1.0, 0, 0, 1, 0, 0, 0, -27.286407470703125, 0.0], [0, 0, 0, 0.018296271562576294, 0, 1, 8, 13, 20, 0, 0, 0, 0, 11, 1, 5, 0, 0, 0, 12, 0, 1.0, 0, 0, 1, 0, 0, 0, -27.286407470703125, 0.0], [0, 0, 0, 0.010401338338851929, 0, 1, 8, 13, 20, 0, 0, 0, 0, 11, 1, 5, 0, 0, 0, 12, 0, 1.0, 0, 0, 1, 0, 0, 0, -27.286407470703125, 0.0], [0, 0, 0, 0.036877214908599854, 0, 1, 8, 13, 20, 0, 0, 0, 0, 11, 1, 5, 0, 0, 0, 12, 0, 1.0, 0, 0, 1, 0, 0, 0, -27.286407470703125, 0.0], [1, 0, 1, 0.050388336181640625, 0, 1, 8, 13, 20, 0, 0, 0, 0, 11, 1, 5, 0, 0, 0, 12, 0, 1.0, 0, 0, 2, 1, 0, 0, -0.17700175940990448, 27.109405517578125], [0, 0, 0, 0.028090685606002808, 0, 1, 8, 13, 20, 0, 0, 0, 0, 11, 1, 5, 0, 0, 0, 12, 0, 1.0, 0, 0, 1, 0, 0, 0, -27.286407470703125, 0.0], [1, 0, 1, 0.00767788290977478, 0, 1, 8, 13, 20, 0, 0, 0, 0, 11, 1, 5, 0, 0, 0, 12, 0, 1.0, 0, 0, 2, 1, 0, 0, -0.17700175940990448, 27.109405517578125], [0, 0, 0, 0.02124848961830139, 0, 1, 8, 13, 20, 0, 0, 0, 0, 11, 1, 5, 0, 0, 0, 12, 0, 1.0, 0, 0, 1, 0, 0, 0, -27.286407470703125, 0.0], [0, 0, 0, 0.02443525195121765, 0, 1, 8, 13, 20, 0, 0, 0, 0, 11, 1, 5, 0, 0, 0, 12, 0, 1.0, 0, 0, 1, 0, 0, 0, -27.286407470703125, 0.0], [0, 0, 0, 0.004292607307434082, 0, 1, 8, 13, 20, 0, 0, 0, 0, 11, 1, 5, 0, 0, 0, 12, 0, 1.0, 0, 0, 1, 0, 0, 0, -27.286407470703125, 0.0], [0, 0, 0, 0.03445884585380554, 0, 1, 8, 13, 20, 0, 0, 0, 0, 11, 1, 5, 0, 0, 0, 12, 0, 1.0, 0, 0, 1, 0, 0, 0, -27.286407470703125, 0.0], [0, 0, 0, 0.010701030492782593, 0, 1, 8, 13, 20, 0, 0, 0, 0, 11, 1, 5, 0, 0, 0, 12, 0, 1.0, 0, 0, 1, 0, 0, 0, -27.286407470703125, 0.0], [0, 0, 0, 0.005917608737945557, 0, 1, 8, 13, 20, 0, 0, 0, 0, 11, 1, 5, 0, 0, 0, 12, 0, 1.0, 0, 0, 1, 0, 0, 0, -27.286407470703125, 0.0], [0, 0, 0, 0.10660094022750854, 0, 1, 8, 3, 10, 0, 0, 0, 0, 1, 1, 1, 0, 0, 0, 2, 0, 1.0, 0, 0, 1, 0, 0, 0, -45.442657470703125, 2.9963150024414062], [0, 0, 0, 0.005128353834152222, 0, 1, 8, 3, 10, 0, 0, 0, 0, 1, 1, 7, 0, 0, 0, 2, 0, 1.0, 0, 0, 1, 0, 0, 0, -48.43897247314453, 0.0], [0, 0, 0, 0.0, 0, 1, 8, 6, 13, 0, 0, 0, 0, 4, 1, 4, 0, 0, 0, 5, 0, 1.0, 0, 0, 1, 0, 0, 0, -29.077207565307617, 0.0], [0, 0, 0, 0.0, 0, 1, 8, 6, 13, 0, 0, 0, 0, 4, 1, 7, 0, 0, 0, 5, 0, 1.0, 0, 0, 1, 0, 0, 0, -29.077207565307617, 0.0], [0, 0, 0, 0.007638812065124512, 0, 1, 7, 6, 12, 0, 0, 0, 0, 4, 1, 7, 0, 0, 0, 5, 0, 1.0, 0, 0, 1, 0, 0, 0, -29.077207565307617, 0.0], [0, 0, 0, 0.0, 0, 1, 7, 6, 12, 0, 0, 0, 0, 4, 1, 7, 0, 0, 0, 5, 0, 1.0, 0, 0, 1, 0, 0, 0, -29.077207565307617, 0.0], [0, 0, 0, 0.003943026065826416, 0, 1, 8, 6, 13, 0, 0, 0, 0, 4, 1, 5, 0, 0, 0, 5, 0, 1.0, 0, 0, 1, 0, 0, 0, -29.077207565307617, 0.0], [1, 0, 1, 0.0, 0, 1, 8, 3, 10, 0, 0, 0, 0, 1, 1, 3, 0, 0, 0, 2, 0, 1.0, 0, 0, 2, 1, 0, 0, -0.18440848588943481, 48.25456237792969], [1, 0, 0, 0.0, 0, 1, 8, 3, 10, 0, 0, 0, 0, 1, 1, 2, 0, 0, 0, 2, 0, 1.0, 0, 0, 1, 0, 0, 0, -42.253055572509766, 6.807186126708984], [1, 0, 1, 0.01516956090927124, 0, 1, 8, 3, 10, 0, 0, 0, 0, 1, 1, 7, 0, 0, 0, 2, 0, 1.0, 0, 0, 2, 1, 0, 0, -0.18440848588943481, 48.25456237792969], [1, 0, 1, 0.0, 0, 1, 5, 3, 7, 0, 0, 0, 0, 1, 1, 5, 0, 0, 0, 2, 0, 1.0, 0, 0, 2, 1, 0, 0, -0.18440848588943481, 48.25456237792969], [0, 0, 0, 0.0027469098567962646, 0, 1, 8, 3, 10, 0, 0, 0, 0, 1, 1, 5, 0, 0, 0, 2, 0, 1.0, 0, 0, 1, 0, 0, 0, -48.43897247314453, 0.0], [1, 0, 1, 0.2671952247619629, 0, 1, 8, 3, 10, 0, 0, 0, 0, 1, 1, 5, 0, 0, 0, 2, 0, 1.0, 0, 0, 2, 1, 0, 0, -0.18440848588943481, 50.77522659301758], [0, 0, 0, 0.07568544149398804, 0, 0, 8, 3, 10, 0, 0, 0, 0, 1, 1, 5, 0, 0, 0, 2, 0, 1.0, 0, 0, 0, 0, 0, 0, -55.74060821533203, 0.0], [0, 0, 0, 0.0, 0, 0, 8, 3, 10, 0, 0, 0, 0, 1, 1, 3, 0, 0, 0, 2, 0, 1.0, 0, 0, 0, 0, 0, 0, -55.74060821533203, 0.0], [1, 0, 1, 0.0, 0, 1, 8, 13, 20, 0, 0, 0, 0, 10, 2, 5, 0, 0, 0, 12, 0, 1.0, 0, 0, 2, 1, 0, 0, -29.526803970336914, 19.664323806762695], [1, 0, 0, 0.0, 0, 1, 8, 13, 20, 0, 0, 0, 0, 11, 1, 5, 0, 0, 0, 12, 0, 1.0, 0, 0, 1, 1, 0, 0, -32.827308654785156, 0.0], [1, 0, 0, 0.0, 0, 1, 8, 13, 20, 0, 0, 0, 0, 11, 1, 5, 0, 0, 0, 12, 0, 1.0, 0, 0, 1, 0, 0, 0, -32.827308654785156, 0.0], [0, 0, 0, 0.0, 0, 1, 8, 13, 20, 0, 0, 0, 0, 11, 1, 4, 0, 0, 0, 12, 0, 1.0, 0, 0, 1, 0, 0, 0, -32.827308654785156, 0.0], [0, 0, 0, 0.0, 0, 1, 8, 13, 20, 0, 0, 0, 0, 11, 1, 5, 0, 0, 0, 12, 0, 1.0, 0, 0, 1, 0, 0, 0, -32.827308654785156, 0.0], [0, 0, 0, 0.0, 0, 1, 7, 13, 19, 0, 0, 0, 0, 11, 1, 5, 0, 0, 0, 12, 0, 1.0, 0, 0, 1, 0, 0, 0, -36.671043395996094, 0.0], [0, 0, 0, 0.0, 0, 1, 8, 13, 20, 0, 0, 0, 0, 10, 2, 5, 0, 0, 0, 12, 0, 1.0, 0, 0, 1, 0, 0, 0, -48.281890869140625, 0.0], [0, 0, 0, 0.0, 0, 1, 8, 13, 20, 0, 0, 0, 0, 11, 1, 5, 0, 0, 0, 12, 0, 1.0, 0, 0, 1, 0, 0, 0, -32.827308654785156, 0.0], [0, 0, 0, 0.0, 0, 1, 8, 13, 20, 0, 0, 0, 0, 11, 1, 4, 0, 0, 0, 12, 0, 1.0, 0, 0, 1, 0, 0, 0, -36.6524658203125, 0.0], [0, 0, 0, 0.0, 0, 1, 8, 13, 20, 0, 0, 0, 0, 11, 1, 5, 0, 0, 0, 12, 0, 1.0, 0, 0, 1, 0, 0, 0, -36.634273529052734, 0.0], [0, 0, 0, 0.005793184041976929, 0, 1, 8, 13, 20, 0, 0, 1, 0, 11, 1, 3, 0, 0, 0, 12, 0, 1.0, 0, 0, 1, 0, 0, 0, -36.25703430175781, 0.0], [0, 0, 0, 0.005793184041976929, 0, 1, 8, 13, 20, 0, 0, 1, 0, 10, 2, 5, 0, 0, 0, 12, 0, 1.0, 0, 0, 1, 0, 0, 0, -47.747703552246094, 0.0], [0, 0, 0, 0.0, 0, 1, 8, 13, 20, 0, 0, 0, 0, 10, 2, 6, 0, 0, 0, 12, 0, 1.0, 0, 0, 1, 0, 0, 0, -44.295143127441406, 0.0], [0, 0, 0, 0.0, 0, 1, 8, 13, 20, 0, 0, 0, 0, 10, 2, 5, 0, 0, 0, 12, 0, 1.0, 0, 0, 1, 0, 0, 0, -44.153419494628906, 0.0], [0, 0, 0, 0.0, 0, 1, 8, 13, 20, 0, 0, 0, 0, 11, 1, 5, 0, 0, 0, 12, 0, 1.0, 0, 0, 1, 0, 0, 0, -32.827308654785156, 0.0], [0, 0, 0, 0.0, 0, 1, 8, 13, 20, 0, 0, 0, 0, 11, 1, 5, 0, 0, 0, 12, 0, 1.0, 0, 0, 1, 0, 0, 0, -36.82895278930664, 0.0], [0, 0, 0, 0.0, 0, 1, 8, 13, 20, 0, 0, 0, 0, 11, 1, 5, 0, 0, 0, 12, 0, 1.0, 0, 0, 1, 0, 0, 0, -36.597713470458984, 0.0], [0, 0, 0, 0.0, 0, 1, 8, 13, 20, 0, 0, 0, 0, 10, 2, 5, 0, 0, 0, 12, 0, 1.0, 0, 0, 1, 0, 0, 0, -44.329986572265625, 0.0], [0, 0, 0, 0.0, 0, 1, 8, 13, 20, 0, 0, 0, 0, 11, 1, 4, 0, 0, 0, 12, 0, 1.0, 0, 0, 1, 0, 0, 0, -32.827308654785156, 0.0], [0, 0, 0, 0.0, 0, 1, 8, 13, 20, 0, 0, 0, 0, 10, 2, 6, 0, 0, 0, 12, 0, 1.0, 0, 0, 1, 0, 0, 0, -44.35360336303711, 0.0], [1, 0, 0, 0.0, 0, 1, 8, 13, 20, 0, 0, 0, 0, 10, 2, 4, 0, 0, 0, 12, 0, 1.0, 0, 0, 1, 0, 0, 0, -37.97960662841797, 6.411705017089844], [0, 0, 0, 0.0, 0, 1, 8, 13, 20, 0, 0, 0, 0, 11, 1, 5, 0, 0, 0, 12, 0, 1.0, 0, 0, 1, 0, 0, 0, -32.827308654785156, 0.0], [0, 0, 0, 0.0, 0, 1, 8, 13, 20, 0, 0, 0, 0, 11, 1, 3, 0, 0, 0, 12, 0, 1.0, 0, 0, 1, 0, 0, 0, -36.31242752075195, 0.0], [0, 0, 0, 0.0, 0, 1, 8, 13, 20, 0, 0, 0, 0, 11, 1, 3, 0, 0, 0, 12, 0, 1.0, 0, 0, 1, 0, 0, 0, -37.32337951660156, 0.0], [0, 0, 0, 0.0, 0, 1, 7, 13, 19, 0, 0, 0, 0, 11, 1, 5, 0, 0, 0, 12, 0, 1.0, 0, 0, 1, 0, 0, 0, -32.827308654785156, 0.0], [0, 0, 0, 0.0, 0, 1, 8, 13, 20, 0, 0, 0, 0, 11, 1, 5, 0, 0, 0, 12, 0, 1.0, 0, 0, 1, 0, 0, 0, -36.61601257324219, 0.0], [0, 0, 0, 0.0, 0, 1, 8, 13, 20, 0, 0, 0, 0, 9, 2, 5, 0, 0, 0, 12, 0, 1.0, 0, 0, 1, 0, 0, 0, -49.16804885864258, 4.208354949951172], [0, 0, 0, 0.0, 0, 1, 8, 13, 20, 0, 0, 0, 0, 9, 2, 4, 0, 0, 0, 12, 0, 1.0, 0, 0, 1, 0, 0, 0, -52.26594924926758, 1.1883888244628906], [0, 0, 0, 0.0, 0, 1, 8, 13, 20, 0, 0, 0, 0, 11, 1, 4, 0, 0, 0, 12, 0, 1.0, 0, 0, 1, 0, 0, 0, -36.695064544677734, 0.0], [0, 0, 0, 0.0, 0, 1, 8, 13, 20, 0, 0, 0, 0, 11, 1, 4, 0, 0, 0, 12, 0, 1.0, 0, 0, 2, 0, 0, 0, -36.597713470458984, 0.0], [0, 0, 0, 0.0, 0, 1, 8, 13, 20, 0, 0, 0, 0, 11, 1, 6, 0, 0, 0, 12, 0, 1.0, 0, 0, 1, 0, 0, 0, -32.827308654785156, 0.0], [0, 0, 0, 0.0, 0, 1, 8, 13, 20, 0, 0, 0, 0, 11, 1, 5, 0, 0, 0, 12, 0, 1.0, 0, 0, 1, 0, 0, 0, -32.827308654785156, 0.0], [0, 0, 0, 0.0, 0, 1, 8, 13, 20, 0, 0, 0, 0, 11, 1, 6, 0, 0, 0, 12, 0, 1.0, 0, 0, 1, 0, 0, 0, -36.616790771484375, 0.0], [0, 0, 0, 0.0, 0, 1, 8, 13, 20, 0, 0, 0, 0, 11, 1, 6, 0, 0, 0, 12, 0, 1.0, 0, 0, 1, 0, 0, 0, -32.827308654785156, 0.0], [0, 0, 0, 0.0, 0, 1, 8, 13, 20, 0, 0, 0, 0, 11, 1, 4, 0, 0, 0, 12, 0, 1.0, 0, 0, 1, 0, 0, 0, -32.827308654785156, 0.0], [0, 0, 0, 0.0, 0, 1, 8, 13, 20, 0, 0, 0, 0, 11, 1, 3, 0, 0, 0, 12, 0, 1.0, 0, 0, 1, 0, 0, 0, -36.653133392333984, 0.0], [0, 0, 0, 0.0, 0, 1, 8, 13, 20, 0, 0, 0, 0, 11, 1, 3, 0, 0, 0, 12, 0, 1.0, 0, 0, 2, 0, 0, 0, -33.089046478271484, 4.531391143798828], [0, 0, 0, 0.0, 0, 1, 8, 13, 20, 0, 0, 0, 0, 10, 2, 5, 0, 0, 0, 12, 0, 1.0, 0, 0, 1, 0, 0, 0, -42.24299240112305, 6.527069091796875], [0, 0, 0, 0.0, 0, 1, 8, 13, 20, 0, 0, 0, 0, 10, 2, 6, 0, 0, 0, 12, 0, 1.0, 0, 0, 1, 0, 0, 0, -41.185184478759766, 7.512542724609375], [0, 0, 0, 0.0, 0, 1, 8, 13, 20, 0, 0, 0, 0, 11, 1, 4, 0, 0, 0, 12, 0, 1.0, 0, 0, 1, 0, 0, 0, -32.827308654785156, 0.0], [0, 0, 0, 0.0, 0, 1, 8, 13, 20, 0, 0, 0, 0, 11, 1, 5, 0, 0, 0, 12, 0, 1.0, 0, 0, 1, 0, 0, 0, -36.82692337036133, 0.0], [0, 0, 0, 0.0, 0, 1, 8, 13, 20, 0, 0, 0, 0, 10, 2, 5, 0, 0, 0, 12, 0, 1.0, 0, 0, 1, 0, 0, 0, -41.30168151855469, 7.500049591064453], [0, 0, 0, 0.0, 0, 1, 8, 3, 10, 0, 0, 0, 0, 1, 1, 2, 0, 0, 0, 2, 0, 1.0, 0, 0, 1, 0, 0, 0, -42.253055572509766, 6.807186126708984], [1, 0, 1, 0.519006073474884, 0, 1, 7, 3, 9, 0, 0, 0, 0, 1, 1, 7, 0, 0, 0, 2, 0, 1.0, 0, 0, 2, 1, 0, 0, -0.18440848588943481, 48.25456237792969], [1, 0, 1, 0.15208706259727478, 0, 1, 8, 3, 10, 0, 0, 0, 0, 1, 1, 7, 0, 0, 0, 2, 0, 1.0, 0, 0, 2, 1, 0, 0, -0.18440848588943481, 48.25456237792969], [0, 0, 0, 0.012390583753585815, 0, 1, 8, 3, 10, 0, 0, 0, 0, 1, 1, 6, 0, 0, 0, 2, 0, 1.0, 0, 0, 1, 0, 0, 0, -48.43897247314453, 0.0], [1, 0, 1, 0.0678282380104065, 0, 1, 8, 3, 10, 0, 0, 0, 0, 1, 1, 6, 0, 0, 0, 2, 0, 1.0, 0, 0, 2, 1, 0, 0, -0.18440848588943481, 48.25456237792969], [1, 0, 1, 0.0, 0, 1, 8, 3, 10, 0, 0, 0, 0, 1, 1, 5, 0, 0, 0, 2, 0, 1.0, 0, 0, 2, 1, 0, 0, -0.18440848588943481, 52.561737060546875], [1, 0, 1, 0.7253910303115845, 0, 1, 4, 3, 6, 0, 0, 0, 0, 1, 1, 3, 0, 0, 0, 2, 0, 1.0, 0, 0, 2, 1, 0, 0, -0.18440848588943481, 48.25456237792969], [1, 0, 1, 0.08457952737808228, 0, 1, 7, 3, 9, 0, 0, 0, 0, 1, 1, 5, 0, 0, 0, 2, 0, 1.0, 0, 0, 2, 1, 0, 0, -0.18440848588943481, 48.25456237792969], [1, 0, 1, 0.25123000144958496, 0, 1, 8, 3, 10, 0, 0, 0, 0, 1, 1, 5, 0, 0, 0, 2, 0, 1.0, 0, 0, 2, 1, 0, 0, -0.18440848588943481, 48.25456237792969], [0, 0, 0, 0.003073066473007202, 0, 1, 8, 3, 10, 0, 0, 0, 0, 1, 1, 8, 0, 0, 0, 2, 0, 1.0, 0, 0, 1, 0, 0, 0, -48.43897247314453, 0.0], [0, 0, 0, 0.0, 0, 1, 8, 4, 11, 0, 0, 0, 0, 2, 1, 2, 0, 0, 0, 3, 0, 1.0, 0, 0, 2, 0, 0, 0, -32.63094711303711, 5.513568878173828], [0, 0, 0, 0.0, 0, 1, 8, 4, 11, 0, 0, 0, 0, 2, 1, 2, 0, 0, 0, 3, 0, 1.0, 0, 0, 2, 0, 0, 0, -32.63094711303711, 5.513568878173828], [0, 0, 0, 0.020825371146202087, 0, 1, 8, 4, 11, 0, 0, 0, 0, 2, 1, 6, 0, 0, 0, 3, 0, 1.0, 0, 0, 1, 0, 0, 0, -32.130897521972656, 0.0], [1, 0, 1, 0.32181626558303833, 0, 1, 8, 3, 10, 0, 0, 0, 0, 1, 1, 7, 0, 0, 0, 2, 0, 1.0, 0, 0, 2, 1, 0, 0, -0.18440848588943481, 53.47907638549805], [0, 0, 0, 0.0, 0, 1, 8, 3, 10, 0, 0, 0, 0, 1, 1, 2, 0, 0, 0, 2, 0, 1.0, 0, 0, 1, 0, 0, 0, -47.153167724609375, 7.613777160644531], [1, 0, 1, 0.0, 0, 1, 8, 5, 12, 0, 0, 0, 0, 3, 1, 5, 0, 0, 0, 4, 0, 1.0, 0, 0, 2, 1, 0, 0, -0.18851858377456665, 30.096384048461914], [1, 0, 1, 0.005612552165985107, 0, 1, 8, 5, 12, 0, 0, 0, 0, 3, 1, 3, 0, 0, 0, 4, 0, 1.0, 0, 0, 2, 1, 0, 0, -0.18851858377456665, 30.096384048461914], [0, 0, 0, 0.03601306676864624, 0, 1, 8, 5, 12, 0, 0, 0, 0, 3, 1, 3, 0, 0, 0, 4, 0, 1.0, 0, 0, 2, 0, 0, 0, -30.719608306884766, 0.0], [1, 0, 1, 0.007101833820343018, 0, 1, 8, 5, 12, 0, 0, 0, 0, 3, 1, 5, 0, 0, 0, 4, 0, 1.0, 0, 0, 2, 1, 0, 0, -0.18851858377456665, 30.096384048461914], [1, 0, 1, 0.0, 0, 1, 6, 5, 10, 0, 0, 0, 0, 3, 1, 6, 0, 0, 0, 4, 0, 1.0, 0, 0, 2, 1, 0, 0, -0.18851858377456665, 30.096384048461914], [1, 0, 1, 0.0, 0, 1, 7, 5, 11, 0, 0, 0, 0, 3, 1, 6, 0, 0, 0, 4, 0, 1.0, 0, 0, 2, 1, 0, 0, -0.18851858377456665, 30.096384048461914], [1, 0, 1, 0.040864408016204834, 0, 1, 7, 5, 11, 0, 0, 0, 0, 3, 1, 7, 0, 0, 0, 4, 0, 1.0, 0, 0, 2, 1, 0, 0, -0.18851858377456665, 30.096384048461914], [1, 0, 1, 0.0, 0, 1, 8, 5, 12, 0, 0, 0, 0, 3, 1, 6, 0, 0, 0, 4, 0, 1.0, 0, 0, 2, 1, 0, 0, -0.18851858377456665, 30.096384048461914], [0, 0, 0, 0.03464090824127197, 0, 1, 7, 3, 9, 0, 0, 0, 0, 1, 1, 4, 0, 0, 0, 2, 0, 1.0, 0, 0, 2, 0, 0, 0, -49.64860153198242, 4.014884948730469], [1, 0, 1, 0.003774404525756836, 0, 1, 4, 3, 6, 0, 0, 0, 0, 1, 1, 4, 0, 0, 0, 2, 0, 1.0, 0, 0, 2, 1, 0, 0, -0.18440848588943481, 48.875831604003906], [0, 0, 0, 0.02581346035003662, 0, 1, 5, 3, 7, 0, 0, 0, 0, 1, 1, 5, 0, 0, 0, 2, 0, 1.0, 0, 0, 1, 0, 0, 0, -48.43897247314453, 0.0], [1, 0, 1, 0.5823118984699249, 0, 1, 8, 3, 10, 0, 0, 0, 0, 1, 1, 3, 0, 0, 0, 2, 0, 1.0, 0, 0, 2, 1, 0, 0, -0.18440848588943481, 48.25456237792969], [0, 0, 0, 0.06914427876472473, 0, 1, 7, 3, 9, 0, 0, 0, 0, 1, 1, 7, 0, 0, 0, 2, 0, 1.0, 0, 0, 1, 0, 0, 0, -48.43897247314453, 0.0], [1, 0, 1, 0.11001646518707275, 0, 1, 7, 3, 9, 0, 0, 0, 0, 1, 1, 5, 0, 0, 0, 2, 0, 1.0, 0, 0, 2, 1, 0, 0, -0.18440848588943481, 48.25456237792969], [0, 0, 0, 0.010925233364105225, 0, 1, 8, 3, 10, 0, 0, 0, 0, 1, 1, 5, 0, 0, 0, 2, 0, 1.0, 0, 0, 1, 0, 0, 0, -48.43897247314453, 0.0], [1, 0, 1, 0.21497005224227905, 0, 1, 8, 3, 10, 0, 0, 0, 0, 1, 1, 8, 0, 0, 0, 2, 0, 1.0, 0, 0, 2, 1, 0, 0, -0.18440848588943481, 48.25456237792969], [1, 0, 1, 0.010065138339996338, 0, 1, 5, 3, 7, 0, 0, 0, 0, 1, 1, 5, 0, 0, 0, 2, 0, 1.0, 0, 0, 2, 1, 0, 0, -0.18440848588943481, 48.25456237792969], [0, 0, 0, 0.05320349335670471, 0, 1, 8, 3, 10, 0, 0, 0, 0, 1, 1, 7, 0, 0, 0, 2, 0, 1.0, 0, 0, 1, 0, 0, 0, -48.43897247314453, 0.0], [1, 0, 1, 0.13453751802444458, 0, 1, 8, 4, 11, 0, 0, 0, 0, 2, 1, 5, 0, 0, 0, 3, 0, 1.0, 0, 0, 2, 1, 0, 0, -0.18727630376815796, 31.943620681762695], [1, 0, 1, 0.0, 0, 1, 6, 4, 9, 0, 0, 0, 0, 2, 1, 3, 0, 0, 0, 3, 0, 1.0, 0, 0, 2, 1, 0, 0, -0.18727630376815796, 31.943620681762695], [0, 0, 0, 0.0, 0, 1, 3, 4, 6, 0, 0, 0, 0, 2, 1, 3, 0, 0, 0, 3, 0, 1.0, 0, 0, 1, 0, 0, 0, -32.130897521972656, 0.0], [1, 0, 1, 0.4117504358291626, 0, 1, 5, 3, 7, 0, 0, 0, 0, 1, 1, 5, 0, 0, 0, 2, 0, 1.0, 0, 0, 2, 1, 0, 0, -0.18440848588943481, 48.875831604003906], [1, 0, 1, 0.0, 0, 1, 8, 3, 10, 1, 0, 0, 0, 1, 1, 5, 0, 0, 0, 2, 0, 1.0, 0, 0, 1, 0, 0, 0, -48.43897247314453, 0.0], [1, 0, 1, 0.03648868203163147, 0, 1, 8, 5, 12, 0, 0, 0, 0, 3, 1, 7, 0, 0, 0, 4, 0, 1.0, 0, 0, 2, 1, 0, 0, -0.18851858377456665, 30.096384048461914], [0, 0, 0, 0.0043523311614990234, 0, 1, 5, 5, 9, 0, 0, 0, 0, 3, 1, 5, 0, 0, 0, 4, 0, 1.0, 0, 0, 1, 0, 0, 0, -30.284902572631836, 0.0], [1, 0, 1, 0.10034137964248657, 0, 1, 8, 5, 12, 0, 0, 0, 0, 3, 1, 5, 0, 0, 0, 4, 0, 1.0, 0, 0, 2, 1, 0, 0, -0.18851858377456665, 30.096384048461914], [1, 0, 1, 0.04112088680267334, 0, 1, 8, 5, 12, 0, 0, 0, 0, 3, 1, 5, 0, 0, 0, 4, 0, 1.0, 0, 0, 2, 1, 0, 0, -0.18851858377456665, 30.096384048461914], [1, 0, 1, 0.0, 0, 1, 3, 3, 5, 0, 0, 0, 0, 1, 1, 3, 0, 0, 0, 2, 0, 1.0, 0, 0, 2, 1, 0, 0, -0.18440848588943481, 0.0], [1, 0, 1, 0.04484444856643677, 0, 1, 7, 3, 9, 0, 0, 0, 0, 1, 1, 7, 0, 0, 0, 2, 0, 1.0, 0, 0, 2, 1, 0, 0, -0.18440848588943481, 53.47907638549805], [1, 0, 1, 0.638658881187439, 0, 1, 8, 3, 10, 0, 0, 0, 0, 1, 1, 8, 0, 0, 0, 2, 0, 1.0, 0, 0, 2, 1, 0, 0, -0.18440848588943481, 53.47907638549805], [0, 0, 0, 0.01945170760154724, 0, 1, 8, 3, 10, 0, 0, 0, 0, 1, 1, 6, 0, 0, 0, 2, 0, 1.0, 0, 0, 1, 0, 0, 0, -53.66348648071289, 0.0], [1, 0, 0, 0.0, 0, 1, 2, 3, 4, 1, 0, 0, 0, 1, 1, 2, 0, 0, 0, 2, 0, 1.0, 0, 0, 1, 0, 0, 0, -47.153167724609375, 2.121906280517578], [0, 0, 0, 0.0, 0, 1, 8, 3, 10, 0, 0, 0, 0, 1, 1, 2, 0, 0, 0, 2, 0, 1.0, 0, 0, 1, 0, 0, 0, -47.153167724609375, 9.491477966308594], [1, 0, 1, 0.0, 0, 1, 5, 4, 8, 0, 0, 0, 0, 2, 1, 5, 0, 0, 0, 3, 0, 1.0, 0, 0, 2, 1, 0, 0, -0.18727630376815796, 31.943620681762695], [1, 0, 1, 0.0, 0, 1, 7, 4, 10, 0, 0, 0, 0, 2, 1, 6, 0, 0, 0, 3, 0, 1.0, 0, 0, 2, 1, 0, 0, -0.18727630376815796, 31.943620681762695], [1, 0, 1, 0.0, 0, 1, 4, 4, 7, 0, 0, 0, 0, 2, 1, 4, 0, 0, 0, 3, 0, 1.0, 0, 0, 2, 1, 0, 0, -0.18727630376815796, 31.943620681762695], [1, 0, 1, 0.03710949420928955, 0, 1, 4, 4, 7, 0, 0, 0, 0, 2, 1, 4, 0, 0, 0, 3, 0, 1.0, 0, 0, 2, 1, 0, 0, -0.18727630376815796, 31.943620681762695], [1, 0, 1, 0.28295522928237915, 0, 1, 8, 4, 11, 0, 0, 0, 0, 2, 1, 5, 0, 0, 0, 3, 0, 1.0, 0, 0, 2, 1, 0, 0, -0.18727630376815796, 31.943620681762695], [0, 0, 0, 0.30830925703048706, 0, 1, 8, 4, 11, 0, 0, 0, 0, 2, 1, 5, 0, 0, 0, 3, 0, 1.0, 0, 0, 1, 0, 0, 0, -32.130897521972656, 0.0], [1, 0, 1, 0.12988615036010742, 0, 1, 8, 3, 10, 0, 0, 0, 0, 1, 1, 7, 0, 0, 0, 2, 0, 1.0, 0, 0, 2, 1, 0, 0, -0.18440848588943481, 48.25456237792969], [0, 0, 0, 0.0, 0, 1, 8, 3, 10, 0, 0, 0, 0, 1, 1, 2, 0, 0, 0, 2, 0, 1.0, 0, 0, 1, 0, 0, 0, -47.153167724609375, 1.907073974609375], [0, 0, 0, 0.0, 0, 1, 2, 3, 4, 0, 0, 0, 0, 1, 1, 2, 0, 0, 0, 2, 0, 1.0, 0, 0, 1, 0, 0, 0, -42.253055572509766, 6.807186126708984], [1, 0, 1, 0.0, 0, 1, 4, 3, 6, 0, 1, 0, 0, 1, 1, 4, 0, 0, 0, 2, 0, 1.0, 0, 0, 2, 1, 0, 0, -0.18440848588943481, 48.25456237792969], [0, 0, 0, 0.042684316635131836, 0, 1, 8, 3, 10, 0, 0, 0, 0, 1, 1, 7, 0, 0, 0, 2, 0, 1.0, 0, 0, 1, 0, 0, 0, -48.43897247314453, 0.0], [0, 0, 0, 0.0, 0, 1, 6, 3, 8, 0, 0, 0, 0, 1, 1, 5, 0, 0, 0, 2, 0, 1.0, 0, 0, 1, 0, 0, 0, -48.43897247314453, 0.0], [1, 0, 1, 0.05520416796207428, 0, 1, 8, 4, 11, 0, 0, 0, 0, 2, 1, 5, 0, 0, 0, 3, 0, 1.0, 0, 0, 2, 1, 0, 0, -0.18727630376815796, 31.943620681762695], [1, 0, 1, 0.05023816227912903, 0, 1, 5, 4, 8, 0, 0, 0, 0, 2, 1, 4, 0, 0, 0, 3, 0, 1.0, 0, 0, 2, 1, 0, 0, -0.18727630376815796, 31.943620681762695], [1, 0, 1, 0.06056743860244751, 0, 1, 5, 4, 8, 0, 0, 0, 0, 2, 1, 4, 0, 0, 0, 3, 0, 1.0, 0, 0, 2, 1, 0, 0, -0.18727630376815796, 31.943620681762695], [0, 0, 0, 0.0, 0, 1, 8, 4, 11, 1, 0, 0, 0, 2, 1, 2, 0, 0, 0, 3, 0, 1.0, 0, 0, 1, 0, 0, 0, -32.98503494262695, 1.5707511901855469], [1, 0, 0, 0.0, 0, 1, 5, 4, 8, 1, 0, 0, 0, 2, 1, 5, 0, 0, 0, 3, 0, 1.0, 0, 0, 1, 0, 0, 0, -32.130897521972656, 0.0], [1, 0, 1, 0.32055699825286865, 0, 1, 8, 4, 11, 0, 0, 0, 0, 2, 1, 2, 0, 0, 0, 3, 0, 1.0, 0, 0, 2, 1, 0, 0, -0.18727630376815796, 0.0], [0, 0, 0, 0.02391892671585083, 0, 1, 8, 3, 10, 0, 0, 0, 0, 1, 1, 6, 0, 0, 0, 2, 0, 1.0, 0, 0, 1, 0, 0, 0, -48.43897247314453, 0.0], [1, 0, 1, 0.4154929518699646, 0, 1, 8, 3, 10, 0, 0, 0, 0, 1, 1, 6, 0, 0, 0, 2, 0, 1.0, 0, 0, 2, 1, 0, 0, -0.18440848588943481, 48.25456237792969], [1, 0, 1, 0.0, 0, 1, 8, 3, 10, 0, 1, 0, 0, 1, 1, 3, 0, 0, 0, 2, 0, 1.0, 0, 0, 2, 1, 0, 0, -0.18440848588943481, 0.0], [1, 0, 1, 0.0, 0, 1, 1, 3, 3, 0, 0, 0, 0, 1, 1, 1, 0, 0, 0, 2, 0, 1.0, 0, 0, 2, 1, 0, 0, -0.18440848588943481, 53.47907638549805], [1, 0, 1, 0.0, 0, 1, 8, 4, 11, 0, 0, 0, 0, 2, 1, 5, 0, 0, 0, 3, 0, 1.0, 0, 0, 2, 1, 0, 0, -0.18727630376815796, 31.943620681762695], [1, 0, 1, 0.0, 0, 1, 8, 4, 11, 0, 0, 0, 0, 2, 1, 5, 0, 0, 0, 3, 0, 1.0, 0, 0, 2, 1, 0, 0, -0.18727630376815796, 31.943620681762695], [1, 0, 1, 0.1111307442188263, 0, 1, 8, 4, 11, 0, 0, 0, 0, 2, 1, 7, 0, 0, 0, 3, 0, 1.0, 0, 0, 2, 1, 0, 0, -0.18727630376815796, 31.943620681762695], [0, 0, 0, 0.0, 0, 1, 8, 5, 12, 0, 0, 0, 0, 3, 1, 2, 0, 0, 0, 4, 0, 1.0, 0, 0, 2, 0, 0, 0, -31.0274715423584, 0.0], [0, 0, 0, 0.03283041715621948, 0, 1, 8, 5, 12, 0, 0, 0, 0, 3, 1, 3, 0, 0, 0, 4, 0, 1.0, 0, 0, 1, 0, 0, 0, -32.547874450683594, 0.33929443359375], [1, 0, 1, 0.1175367534160614, 0, 1, 6, 5, 10, 0, 1, 0, 0, 3, 1, 6, 0, 0, 0, 4, 0, 1.0, 0, 0, 2, 1, 0, 0, -0.18851858377456665, 30.096384048461914], [0, 0, 0, 0.02458977699279785, 0, 1, 8, 5, 12, 0, 0, 0, 0, 3, 1, 3, 0, 0, 0, 4, 0, 1.0, 0, 0, 1, 0, 0, 0, -32.717506408691406, 0.1696624755859375], [0, 0, 0, 0.09847395122051239, 0, 1, 8, 8, 15, 0, 0, 0, 0, 6, 1, 5, 0, 0, 0, 7, 0, 1.0, 0, 0, 1, 0, 0, 0, -27.742233276367188, 0.0], [0, 0, 0, 0.13129612803459167, 0, 1, 8, 8, 15, 0, 0, 0, 0, 6, 1, 5, 0, 0, 0, 7, 0, 1.0, 0, 0, 1, 0, 0, 0, -27.742233276367188, 0.0], [1, 0, 1, 0.01667693257331848, 0, 1, 8, 8, 15, 0, 0, 0, 0, 6, 1, 5, 0, 0, 0, 7, 0, 1.0, 0, 0, 2, 1, 0, 0, -0.16447561979293823, 27.577756881713867], [0, 0, 0, 0.09627008438110352, 0, 1, 8, 8, 15, 0, 0, 0, 0, 6, 1, 7, 0, 0, 0, 7, 0, 1.0, 0, 0, 1, 0, 0, 0, -27.742233276367188, 0.0], [0, 0, 0, 0.07762470841407776, 0, 1, 8, 8, 15, 0, 0, 0, 0, 6, 1, 5, 0, 0, 0, 7, 0, 1.0, 0, 0, 1, 0, 0, 0, -27.742233276367188, 0.0], [1, 0, 1, 0.17189601063728333, 0, 1, 8, 8, 15, 0, 0, 0, 0, 6, 1, 5, 0, 0, 0, 7, 0, 1.0, 0, 0, 2, 1, 0, 0, -0.16447561979293823, 27.577756881713867], [1, 0, 1, 0.1089920699596405, 0, 1, 8, 8, 15, 0, 0, 0, 0, 6, 1, 5, 0, 0, 0, 7, 0, 1.0, 0, 0, 2, 1, 0, 0, -0.16447561979293823, 27.577756881713867], [1, 0, 1, 0.31786954402923584, 0, 1, 8, 3, 10, 0, 0, 0, 0, 1, 1, 5, 0, 0, 0, 2, 0, 1.0, 0, 0, 2, 1, 0, 0, -0.18440848588943481, 48.25456237792969], [0, 0, 0, 0.09854236245155334, 0, 1, 8, 3, 10, 0, 0, 0, 0, 1, 1, 1, 0, 0, 0, 2, 0, 0.16666666666666666, 0, 0, 1, 0, 0, 0, -52.34980010986328, 0.0], [0, 0, 0, 0.0, 0, 1, 8, 3, 10, 0, 1, 0, 0, 1, 1, 2, 0, 0, 0, 2, 0, 1.0, 0, 0, 1, 0, 0, 0, -47.153167724609375, 5.196632385253906], [1, 0, 0, 0.0, 0, 1, 2, 3, 4, 1, 1, 0, 0, 1, 1, 2, 0, 0, 0, 2, 0, 1.0, 0, 0, 1, 0, 0, 0, -47.153167724609375, 2.121906280517578], [1, 0, 1, 0.0, 0, 1, 4, 5, 8, 0, 0, 0, 0, 3, 1, 3, 0, 0, 0, 4, 0, 1.0, 0, 0, 2, 1, 0, 0, -0.18851858377456665, 30.096384048461914], [1, 0, 1, 0.0, 0, 1, 4, 5, 8, 0, 0, 0, 0, 3, 1, 3, 0, 0, 0, 4, 0, 1.0, 0, 0, 2, 1, 0, 0, -0.18851858377456665, 30.096384048461914], [1, 0, 1, 0.0, 0, 1, 8, 5, 12, 0, 0, 0, 0, 3, 1, 4, 0, 0, 0, 4, 0, 1.0, 0, 0, 2, 1, 0, 0, -0.18851858377456665, 30.096384048461914], [1, 0, 1, 0.0, 0, 1, 6, 5, 10, 0, 0, 0, 0, 3, 1, 4, 0, 0, 0, 4, 0, 1.0, 0, 0, 2, 1, 0, 0, -0.18851858377456665, 30.096384048461914], [1, 0, 1, 0.003331780433654785, 0, 1, 3, 3, 5, 0, 0, 0, 0, 1, 1, 3, 0, 0, 0, 2, 0, 1.0, 0, 0, 2, 1, 0, 0, -0.18440848588943481, 48.25456237792969], [1, 0, 1, 0.5569643378257751, 0, 1, 8, 3, 10, 0, 0, 0, 0, 1, 1, 6, 0, 0, 0, 2, 0, 1.0, 0, 0, 2, 1, 0, 0, -0.18440848588943481, 48.25456237792969], [1, 0, 1, 0.03098130226135254, 0, 1, 8, 5, 12, 0, 0, 0, 0, 3, 1, 5, 0, 0, 0, 4, 0, 1.0, 0, 0, 2, 1, 0, 0, -0.18851858377456665, 30.096384048461914], [0, 0, 0, 0.08876562118530273, 0, 1, 8, 5, 12, 0, 0, 0, 0, 3, 1, 7, 0, 0, 0, 4, 0, 1.0, 0, 0, 1, 0, 0, 0, -30.284902572631836, 0.0], [0, 0, 0, 0.1789528727531433, 0, 1, 8, 5, 12, 0, 0, 0, 0, 3, 1, 8, 0, 0, 0, 4, 0, 1.0, 0, 0, 1, 0, 0, 0, -30.284902572631836, 0.0], [1, 0, 1, 0.3560302257537842, 0, 1, 8, 5, 12, 0, 0, 0, 0, 3, 1, 7, 0, 0, 0, 4, 0, 1.0, 0, 0, 2, 1, 0, 0, -0.18851858377456665, 30.531089782714844], [1, 0, 1, 0.4337359666824341, 0, 1, 7, 3, 9, 0, 0, 0, 0, 1, 1, 7, 0, 0, 0, 2, 0, 1.0, 0, 0, 2, 1, 0, 0, -0.18440848588943481, 48.25456237792969], [1, 0, 1, 0.0034791231155395508, 0, 1, 8, 3, 10, 0, 0, 0, 0, 1, 1, 6, 0, 0, 0, 2, 0, 1.0, 0, 0, 2, 1, 0, 0, -0.18440848588943481, 48.25456237792969], [0, 0, 0, 0.039751648902893066, 0, 1, 5, 3, 7, 0, 0, 0, 0, 1, 1, 5, 0, 0, 0, 2, 0, 1.0, 0, 0, 1, 0, 0, 0, -48.43897247314453, 0.0], [1, 0, 1, 0.032112330198287964, 0, 1, 8, 3, 10, 0, 0, 0, 0, 1, 1, 5, 0, 0, 0, 2, 0, 1.0, 0, 0, 2, 1, 0, 0, -0.18440848588943481, 48.25456237792969], [1, 0, 1, 0.22525787353515625, 0, 1, 8, 4, 11, 0, 0, 0, 0, 2, 1, 7, 0, 0, 0, 3, 0, 1.0, 0, 0, 2, 1, 0, 0, -0.18727630376815796, 36.242958068847656], [1, 0, 1, 0.0, 0, 1, 8, 4, 11, 0, 0, 0, 0, 2, 1, 7, 0, 0, 0, 3, 0, 1.0, 0, 0, 2, 1, 0, 0, -0.18727630376815796, 36.242958068847656], [1, 0, 1, 0.5095236003398895, 0, 1, 8, 4, 11, 0, 0, 0, 0, 2, 1, 7, 0, 0, 0, 3, 0, 1.0, 0, 0, 2, 1, 0, 0, -0.18727630376815796, 37.95724105834961], [0, 0, 0, 0.0874948799610138, 0, 1, 8, 3, 10, 0, 0, 0, 0, 1, 1, 7, 0, 0, 0, 2, 0, 1.0, 0, 0, 1, 0, 0, 0, -48.43897247314453, 0.0], [1, 0, 1, 0.47088706493377686, 0, 1, 8, 3, 10, 0, 0, 0, 0, 1, 1, 6, 0, 0, 0, 2, 0, 1.0, 0, 0, 2, 1, 0, 0, -0.18440848588943481, 48.25456237792969], [1, 0, 1, 0.0, 0, 1, 6, 3, 8, 0, 0, 0, 0, 1, 1, 2, 0, 0, 0, 2, 0, 1.0, 0, 0, 2, 1, 0, 0, -0.18440848588943481, 48.25456237792969], [0, 0, 0, 0.0, 0, 1, 8, 3, 10, 0, 0, 0, 0, 1, 1, 2, 0, 0, 0, 2, 0, 1.0, 0, 0, 1, 0, 0, 0, -42.253055572509766, 6.807186126708984], [1, 0, 1, 0.0, 0, 1, 8, 4, 11, 0, 0, 0, 0, 2, 1, 5, 0, 0, 0, 3, 0, 1.0, 0, 0, 2, 1, 0, 0, -0.18727630376815796, 31.943620681762695], [1, 0, 1, 0.0, 0, 1, 8, 4, 11, 0, 0, 0, 0, 2, 1, 5, 0, 0, 0, 3, 0, 1.0, 0, 0, 2, 1, 0, 0, -0.18727630376815796, 31.943620681762695], [1, 0, 1, 0.0, 0, 1, 5, 4, 8, 0, 0, 0, 0, 2, 1, 5, 0, 0, 0, 3, 0, 1.0, 0, 0, 2, 1, 0, 0, -0.18727630376815796, 31.943620681762695], [0, 0, 0, 0.003480851650238037, 0, 1, 8, 3, 10, 0, 0, 0, 0, 1, 1, 2, 0, 0, 0, 2, 0, 1.0, 0, 0, 1, 0, 0, 0, -48.43897247314453, 0.0], [1, 0, 1, 0.2956449091434479, 0, 1, 8, 3, 10, 0, 0, 0, 0, 1, 1, 4, 0, 0, 0, 2, 0, 1.0, 0, 0, 2, 1, 0, 0, -0.18440848588943481, 48.25456237792969], [0, 0, 0, 0.19962859153747559, 0, 1, 8, 4, 11, 0, 0, 0, 0, 2, 1, 8, 0, 0, 0, 3, 0, 1.0, 0, 0, 1, 0, 0, 0, -32.130897521972656, 0.5000495910644531], [0, 0, 0, 0.35535728931427, 0, 1, 8, 4, 11, 0, 0, 0, 0, 2, 1, 7, 0, 0, 0, 3, 0, 1.0, 0, 0, 1, 0, 0, 0, -36.430233001708984, 0.0], [0, 0, 0, 0.1341933012008667, 0, 1, 8, 4, 11, 0, 0, 0, 0, 2, 1, 8, 0, 0, 0, 3, 0, 1.0, 0, 0, 1, 0, 0, 0, -32.130897521972656, 0.5000495910644531], [0, 0, 0, 0.009846597909927368, 0, 1, 8, 3, 10, 0, 0, 0, 0, 1, 1, 3, 0, 0, 0, 2, 0, 1.0, 0, 0, 2, 0, 0, 0, -48.43897247314453, 0.6212692260742188], [1, 0, 1, 0.08259731531143188, 0, 1, 8, 3, 10, 0, 0, 0, 0, 1, 1, 5, 0, 0, 0, 2, 0, 1.0, 0, 0, 2, 1, 0, 0, -0.18440848588943481, 48.25456237792969], [0, 0, 0, 0.13770052790641785, 0, 1, 8, 3, 10, 0, 0, 0, 0, 1, 1, 8, 0, 0, 0, 2, 0, 1.0, 0, 0, 1, 0, 0, 0, -48.43897247314453, 0.0], [0, 0, 0, 0.2520625591278076, 0, 1, 8, 3, 10, 0, 0, 0, 0, 1, 1, 3, 0, 0, 0, 2, 0, 1.0, 0, 0, 2, 0, 0, 0, -48.43897247314453, 4.484401702880859], [1, 0, 1, 0.3121534585952759, 0, 1, 8, 3, 10, 0, 0, 0, 0, 1, 1, 5, 0, 0, 0, 2, 0, 1.0, 0, 0, 2, 1, 0, 0, -0.18440848588943481, 49.46419143676758], [1, 0, 1, 0.012173235416412354, 0, 1, 8, 3, 10, 0, 0, 0, 0, 1, 1, 2, 0, 0, 0, 2, 0, 1.0, 0, 0, 2, 1, 0, 0, -0.18440848588943481, 53.47907638549805], [1, 0, 1, 0.1437053084373474, 0, 1, 8, 5, 12, 0, 0, 0, 0, 3, 1, 5, 0, 0, 0, 4, 0, 1.0, 0, 0, 2, 1, 0, 0, -0.18851858377456665, 30.096384048461914], [1, 0, 1, 0.19088122248649597, 0, 1, 8, 5, 12, 0, 0, 0, 0, 3, 1, 4, 0, 0, 0, 4, 0, 1.0, 0, 0, 2, 1, 0, 0, -0.18851858377456665, 31.307891845703125], [1, 0, 1, 0.08896970748901367, 0, 1, 8, 5, 12, 0, 0, 0, 0, 3, 1, 5, 0, 0, 0, 4, 0, 1.0, 0, 0, 2, 1, 0, 0, -0.18851858377456665, 30.096384048461914], [1, 0, 1, 0.02784860134124756, 0, 1, 8, 5, 12, 0, 0, 0, 0, 3, 1, 5, 0, 0, 0, 4, 0, 1.0, 0, 0, 2, 1, 0, 0, -0.18851858377456665, 30.096384048461914], [1, 0, 1, 0.006939351558685303, 0, 1, 8, 3, 10, 0, 0, 0, 0, 1, 1, 6, 0, 0, 0, 2, 0, 1.0, 0, 0, 2, 1, 0, 0, -0.18440848588943481, 53.47907638549805], [1, 0, 1, 0.015569180250167847, 0, 1, 8, 3, 10, 0, 0, 0, 0, 1, 1, 5, 0, 0, 0, 2, 0, 1.0, 0, 0, 2, 1, 0, 0, -0.18440848588943481, 48.875831604003906], [1, 0, 0, 0.0, 0, 1, 8, 5, 12, 0, 0, 0, 0, 3, 1, 5, 0, 0, 0, 4, 0, 1.0, 0, 0, 1, 0, 0, 0, -30.284902572631836, 0.0], [0, 0, 0, 0.008018702268600464, 0, 1, 8, 5, 12, 0, 0, 0, 0, 3, 1, 5, 0, 0, 0, 4, 0, 1.0, 0, 0, 1, 0, 0, 0, -30.284902572631836, 0.0], [0, 0, 0, 0.0, 0, 1, 8, 5, 12, 0, 0, 0, 0, 3, 1, 3, 0, 0, 0, 4, 0, 1.0, 0, 0, 1, 0, 0, 0, -30.284902572631836, 0.0], [0, 0, 0, 0.0, 0, 1, 8, 5, 12, 0, 0, 0, 0, 3, 1, 4, 0, 0, 0, 4, 0, 1.0, 0, 0, 1, 0, 0, 0, -30.284902572631836, 0.0], [1, 0, 1, 0.4988161325454712, 0, 1, 8, 3, 10, 0, 0, 0, 0, 1, 1, 8, 0, 0, 0, 2, 0, 1.0, 0, 0, 2, 1, 0, 0, -0.18440848588943481, 51.424251556396484], [1, 0, 1, 0.011873364448547363, 0, 1, 8, 3, 10, 0, 0, 0, 0, 1, 1, 4, 0, 0, 0, 2, 0, 1.0, 0, 0, 2, 1, 0, 0, -0.18440848588943481, 48.25456237792969], [1, 0, 1, 0.1915639042854309, 0, 1, 5, 5, 9, 0, 0, 0, 0, 3, 1, 5, 0, 0, 0, 4, 0, 1.0, 0, 0, 2, 1, 0, 0, -0.18851858377456665, 30.096384048461914], [0, 0, 0, 0.1768055558204651, 0, 1, 8, 5, 12, 0, 0, 0, 0, 3, 1, 6, 0, 0, 0, 4, 0, 1.0, 0, 0, 1, 0, 0, 0, -30.284902572631836, 0.0], [1, 0, 1, 0.17616942524909973, 0, 1, 7, 5, 11, 0, 0, 0, 0, 3, 1, 6, 0, 0, 0, 4, 0, 1.0, 0, 0, 2, 1, 0, 0, -0.18851858377456665, 30.096384048461914], [1, 0, 1, 0.0, 0, 1, 8, 5, 12, 0, 0, 0, 0, 3, 1, 6, 0, 0, 0, 4, 0, 1.0, 0, 0, 2, 1, 0, 0, -0.18851858377456665, 30.096384048461914], [1, 0, 0, 0.05695068836212158, 0, 1, 8, 12, 19, 1, 0, 1, 0, 6, 3, 2, 0, 0, 0, 11, 0, 1.0, 0, 0, 1, 0, 0, 0, -51.533634185791016, 6.534015655517578], [1, 0, 0, 0.023105919361114502, 1, 0, 8, 12, 19, 1, 0, 1, 0, 6, 3, 2, 0, 0, 0, 11, 1, 0.3333333333333333, 0, 0, 0, 0, 0, 0, -58.11222457885742, 1.5275764465332031], [1, 0, 1, 0.16154301166534424, 0, 1, 8, 12, 19, 0, 0, 0, 0, 5, 3, 2, 0, 0, 0, 11, 0, 1.0, 0, 0, 2, 1, 0, 0, -43.57407760620117, 0.0], [1, 0, 0, 0.023105919361114502, 1, 0, 8, 12, 19, 1, 0, 1, 0, 6, 3, 2, 0, 0, 0, 11, 1, 0.3333333333333333, 0, 0, 0, 0, 0, 0, -58.259910583496094, 1.5259361267089844], [0, 0, 0, 0.14803773164749146, 0, 1, 8, 12, 19, 1, 0, 1, 0, 6, 3, 3, 0, 0, 0, 11, 0, 1.0, 0, 0, 1, 0, 0, 0, -57.518009185791016, 1.9035835266113281], [1, 0, 0, 0.023105919361114502, 1, 0, 8, 12, 19, 1, 0, 1, 0, 6, 3, 2, 0, 0, 0, 11, 1, 0.3333333333333333, 0, 0, 0, 0, 0, 0, -58.26216125488281, 1.5236854553222656], [0, 0, 0, 0.14803773164749146, 0, 1, 8, 12, 19, 1, 0, 1, 0, 6, 3, 3, 0, 0, 0, 11, 0, 1.0, 0, 0, 1, 0, 0, 0, -56.67103958129883, 1.8462944030761719], [1, 0, 1, 0.15986287593841553, 0, 1, 8, 12, 19, 0, 0, 0, 0, 5, 3, 2, 0, 0, 0, 11, 0, 1.0, 0, 0, 2, 1, 0, 0, -43.934688568115234, 0.0], [1, 0, 0, 0.05695068836212158, 0, 1, 8, 12, 19, 1, 0, 1, 0, 6, 3, 2, 0, 0, 0, 11, 0, 1.0, 0, 0, 1, 0, 0, 0, -51.372310638427734, 6.5324554443359375], [0, 0, 0, 0.14803773164749146, 0, 1, 8, 12, 19, 1, 1, 1, 0, 6, 3, 3, 0, 0, 0, 11, 0, 1.0, 0, 0, 1, 0, 0, 0, -57.5842399597168, 1.8216476440429688], [1, 0, 1, 0.134857177734375, 0, 1, 8, 12, 19, 0, 0, 0, 0, 5, 3, 2, 0, 0, 0, 11, 0, 1.0, 0, 0, 2, 1, 0, 0, -43.94783401489258, 0.0], [0, 0, 0, 0.014304578304290771, 0, 1, 8, 13, 20, 0, 0, 1, 0, 11, 1, 2, 0, 0, 0, 12, 0, 1.0, 0, 0, 1, 0, 0, 0, -28.29677391052246, 0.0], [1, 0, 1, 0.0, 0, 1, 8, 13, 20, 0, 0, 0, 0, 9, 2, 3, 0, 0, 0, 12, 0, 1.0, 0, 0, 2, 1, 0, 0, -30.640216827392578, 17.372669219970703], [0, 0, 0, 0.016187727451324463, 0, 1, 8, 13, 20, 0, 0, 0, 0, 9, 2, 2, 0, 0, 0, 12, 0, 1.0, 0, 0, 1, 0, 0, 0, -43.75331115722656, 4.600566864013672], [1, 0, 0, 0.0, 0, 1, 8, 13, 20, 1, 0, 1, 0, 11, 1, 3, 0, 0, 0, 12, 0, 1.0, 0, 0, 1, 0, 0, 0, -28.29677391052246, 0.0], [0, 0, 0, 0.007264971733093262, 0, 1, 8, 13, 20, 0, 0, 0, 0, 10, 2, 2, 0, 0, 0, 12, 0, 1.0, 0, 0, 1, 0, 0, 0, -39.65181350708008, 0.0], [0, 0, 0, 0.008749604225158691, 0, 1, 8, 13, 20, 0, 0, 0, 0, 10, 2, 2, 0, 0, 0, 12, 0, 1.0, 0, 0, 1, 0, 0, 0, -39.89510726928711, 0.16912078857421875], [0, 0, 0, 0.019276082515716553, 0, 1, 8, 13, 20, 0, 0, 0, 0, 9, 2, 2, 0, 0, 0, 12, 0, 1.0, 0, 0, 1, 0, 0, 0, -43.56198501586914, 4.666072845458984], [0, 0, 0, 0.0063915252685546875, 0, 1, 8, 13, 20, 0, 0, 0, 0, 10, 2, 2, 0, 0, 0, 12, 0, 1.0, 0, 0, 1, 0, 0, 0, -32.67058181762695, 6.914073944091797], [0, 0, 0, 0.014304578304290771, 0, 1, 8, 13, 20, 0, 0, 1, 0, 8, 3, 2, 0, 0, 0, 12, 0, 1.0, 0, 0, 1, 0, 0, 0, -45.73237609863281, 6.215442657470703], [0, 0, 0, 0.010144829750061035, 0, 1, 8, 13, 20, 0, 0, 0, 0, 9, 2, 2, 0, 0, 0, 12, 0, 1.0, 0, 0, 1, 0, 0, 0, -43.3165168762207, 4.662792205810547], [0, 0, 0, 0.0032424330711364746, 0, 1, 8, 13, 20, 0, 0, 0, 0, 9, 2, 2, 0, 0, 0, 12, 0, 1.0, 0, 0, 1, 0, 0, 0, -43.24072265625, 4.740070343017578], [0, 0, 0, 0.0, 0, 1, 8, 13, 20, 0, 0, 0, 0, 9, 2, 2, 0, 0, 0, 12, 0, 1.0, 0, 0, 1, 0, 0, 0, -43.055721282958984, 4.900653839111328], [0, 0, 0, 0.0, 0, 1, 8, 13, 20, 0, 0, 0, 0, 10, 2, 2, 0, 0, 0, 12, 0, 1.0, 0, 0, 1, 0, 0, 0, -39.7128791809082, 0.0], [1, 0, 1, 0.0, 0, 1, 8, 13, 20, 1, 0, 1, 1, 10, 2, 3, 0, 0, 0, 12, 0, 1.0, 0, 0, 1, 0, 0, 0, -32.604637145996094, 7.0068359375], [0, 0, 0, 0.014304578304290771, 0, 1, 8, 13, 20, 0, 0, 1, 1, 11, 1, 2, 0, 0, 0, 12, 0, 1.0, 0, 0, 1, 0, 0, 0, -28.29677391052246, 0.0], [1, 0, 0, 0.0, 0, 1, 8, 13, 20, 1, 0, 1, 0, 8, 3, 3, 0, 0, 0, 12, 0, 1.0, 0, 0, 1, 0, 0, 0, -45.4192008972168, 1.3120040893554688], [0, 0, 0, 0.02027904987335205, 0, 1, 8, 13, 20, 0, 0, 0, 0, 7, 3, 2, 0, 0, 0, 12, 0, 1.0, 0, 0, 1, 0, 0, 0, -48.829383850097656, 6.287952423095703], [0, 0, 0, 0.0, 0, 1, 8, 13, 20, 0, 0, 0, 0, 9, 3, 2, 0, 0, 0, 12, 0, 1.0, 0, 0, 1, 0, 0, 0, -34.18809509277344, 8.638679504394531], [0, 0, 0, 0.007840335369110107, 0, 1, 8, 13, 20, 0, 0, 0, 0, 10, 2, 2, 0, 0, 0, 12, 0, 1.0, 0, 0, 1, 0, 0, 0, -32.67478561401367, 7.021598815917969], [0, 0, 0, 0.04403594136238098, 0, 0, 8, 3, 10, 0, 0, 0, 0, 1, 1, 3, 0, 0, 0, 2, 0, 1.0, 0, 0, 0, 0, 0, 0, -55.74060821533203, 0.0], [1, 0, 1, 0.004126250743865967, 0, 1, 8, 3, 10, 0, 0, 0, 0, 1, 1, 4, 0, 0, 0, 2, 0, 1.0, 0, 0, 2, 1, 0, 0, -0.18440848588943481, 53.47907638549805], [0, 0, 0, 0.021260082721710205, 0, 1, 8, 3, 10, 0, 0, 0, 0, 1, 1, 6, 0, 0, 0, 2, 0, 1.0, 0, 0, 1, 0, 0, 0, -48.43897247314453, 0.0], [1, 0, 1, 0.028874903917312622, 0, 1, 8, 3, 10, 0, 0, 0, 0, 1, 1, 7, 0, 0, 0, 2, 0, 1.0, 0, 0, 2, 1, 0, 0, -0.18440848588943481, 48.25456237792969], [0, 0, 0, 0.05281578004360199, 0, 1, 4, 3, 6, 0, 0, 0, 0, 1, 1, 4, 0, 0, 0, 2, 0, 1.0, 0, 0, 1, 0, 0, 0, -48.43897247314453, 5.224514007568359], [1, 0, 1, 0.5804649591445923, 0, 1, 7, 3, 9, 0, 0, 0, 0, 1, 1, 6, 0, 0, 0, 2, 0, 1.0, 0, 0, 2, 1, 0, 0, -0.18440848588943481, 48.25456237792969], [1, 0, 0, 0.03982904553413391, 0, 0, 8, 3, 10, 0, 0, 0, 0, 1, 1, 7, 0, 0, 0, 2, 0, 1.0, 0, 0, 0, 1, 0, 0, -55.74060821533203, 0.0], [1, 0, 0, 0.28545647859573364, 0, 0, 7, 3, 9, 0, 0, 0, 0, 1, 1, 6, 0, 0, 0, 2, 0, 1.0, 0, 0, 0, 1, 0, 0, -55.74060821533203, 0.0], [0, 0, 0, 0.0, 0, 1, 8, 3, 10, 0, 0, 0, 0, 1, 1, 2, 0, 0, 0, 2, 0, 1.0, 0, 0, 1, 0, 0, 0, -47.153167724609375, 7.613777160644531], [1, 0, 1, 0.17508578300476074, 0, 1, 8, 3, 10, 0, 0, 0, 0, 1, 1, 6, 0, 0, 0, 2, 0, 1.0, 0, 0, 2, 1, 0, 0, -0.18440848588943481, 54.58253479003906], [0, 0, 0, 0.06213685870170593, 0, 1, 8, 3, 10, 0, 0, 0, 0, 1, 1, 6, 0, 0, 0, 2, 0, 1.0, 0, 0, 1, 0, 0, 0, -48.43897247314453, 0.0], [1, 0, 1, 0.0, 0, 1, 8, 3, 10, 0, 0, 0, 0, 1, 1, 4, 0, 0, 0, 2, 0, 1.0, 0, 0, 2, 1, 0, 0, -0.18440848588943481, 48.25456237792969], [1, 0, 1, 0.3013564348220825, 0, 1, 8, 3, 10, 0, 0, 0, 0, 1, 1, 8, 0, 0, 0, 2, 0, 1.0, 0, 0, 2, 1, 0, 0, -0.18440848588943481, 48.25456237792969], [1, 0, 1, 0.009578704833984375, 0, 1, 8, 3, 10, 0, 0, 0, 0, 1, 1, 3, 0, 0, 0, 2, 0, 1.0, 0, 0, 2, 1, 0, 0, -0.18440848588943481, 48.25456237792969], [1, 0, 1, 0.08046072721481323, 0, 1, 5, 5, 9, 0, 0, 0, 0, 3, 1, 5, 0, 0, 0, 4, 0, 1.0, 0, 0, 2, 1, 0, 0, -0.18851858377456665, 30.096384048461914], [0, 0, 0, 1.1920928955078125e-07, 0, 1, 7, 5, 11, 0, 0, 0, 0, 3, 1, 2, 0, 0, 0, 4, 0, 1.0, 0, 0, 1, 0, 0, 0, -30.719608306884766, 0.0], [0, 0, 0, 0.0, 0, 1, 8, 5, 12, 0, 0, 0, 0, 3, 1, 2, 0, 0, 0, 4, 0, 1.0, 0, 0, 1, 0, 0, 0, -30.719608306884766, 0.0], [0, 0, 0, 5.960464477539063e-08, 0, 1, 8, 5, 12, 0, 0, 0, 0, 3, 1, 2, 0, 0, 0, 4, 0, 1.0, 0, 0, 1, 0, 0, 0, -30.719608306884766, 0.0], [1, 0, 1, 0.0, 0, 1, 7, 3, 9, 0, 0, 0, 0, 1, 1, 4, 0, 0, 0, 2, 0, 1.0, 0, 0, 2, 1, 0, 0, -0.18440848588943481, 53.47907638549805], [0, 0, 0, 0.02964484691619873, 0, 1, 8, 3, 10, 0, 0, 0, 0, 1, 1, 6, 0, 0, 0, 2, 0, 1.0, 0, 0, 1, 0, 0, 0, -48.43897247314453, 0.6237411499023438], [1, 0, 1, 0.09607884287834167, 0, 1, 8, 3, 10, 0, 0, 0, 0, 1, 1, 4, 0, 0, 0, 2, 0, 1.0, 0, 0, 2, 1, 0, 0, -0.18440848588943481, 48.25456237792969], [0, 0, 0, 0.031277358531951904, 0, 1, 8, 3, 10, 0, 0, 0, 0, 1, 1, 6, 0, 0, 0, 2, 0, 1.0, 0, 0, 1, 0, 0, 0, -48.43897247314453, 0.0], [0, 0, 0, 0.00010460615158081055, 0, 1, 5, 3, 7, 0, 0, 0, 0, 1, 1, 4, 0, 0, 0, 2, 0, 1.0, 0, 0, 2, 0, 0, 0, -48.43897247314453, 0.0], [0, 0, 0, 0.0, 0, 1, 2, 3, 4, 0, 0, 0, 0, 1, 1, 2, 0, 0, 0, 2, 0, 1.0, 0, 0, 1, 0, 0, 0, -42.253055572509766, 12.51388931274414], [0, 0, 0, 0.2712625414133072, 0, 1, 6, 6, 11, 0, 0, 0, 0, 4, 1, 5, 0, 0, 0, 5, 0, 1.0, 0, 0, 1, 0, 0, 0, -29.673973083496094, 0.0], [1, 0, 1, 0.021926313638687134, 0, 1, 7, 6, 12, 0, 0, 0, 0, 4, 1, 6, 0, 0, 0, 5, 0, 1.0, 0, 0, 2, 1, 0, 0, -0.17434833943843842, 29.499624252319336], [0, 0, 0, 0.16007262468338013, 0, 1, 6, 6, 11, 0, 0, 0, 0, 4, 1, 5, 0, 0, 0, 5, 0, 1.0, 0, 0, 1, 0, 0, 0, -29.673973083496094, 0.0], [0, 0, 0, 0.3049100190401077, 0, 1, 8, 6, 13, 0, 0, 0, 0, 4, 1, 5, 0, 0, 0, 5, 0, 1.0, 0, 0, 1, 0, 0, 0, -29.673973083496094, 0.0], [1, 0, 1, 0.20284172892570496, 0, 1, 8, 6, 13, 0, 0, 0, 0, 4, 1, 6, 0, 0, 0, 5, 0, 1.0, 0, 0, 2, 1, 0, 0, -0.17434833943843842, 29.499624252319336], [1, 0, 0, 0.0, 0, 0, 5, 3, 7, 0, 0, 0, 0, 1, 1, 5, 0, 0, 0, 2, 0, 1.0, 0, 0, 0, 1, 0, 0, -55.74060821533203, 0.0], [0, 0, 0, 0.28806889057159424, 0, 1, 8, 3, 10, 0, 0, 0, 0, 1, 1, 7, 0, 0, 0, 2, 0, 1.0, 0, 0, 1, 0, 0, 0, -47.51747131347656, 7.206672668457031], [1, 0, 1, 0.005500078201293945, 0, 1, 8, 3, 10, 0, 0, 0, 0, 1, 1, 7, 0, 0, 0, 2, 0, 1.0, 0, 0, 2, 1, 0, 0, -0.18440848588943481, 48.25456237792969], [1, 0, 1, 0.032011330127716064, 0, 1, 8, 3, 10, 0, 0, 0, 0, 1, 1, 4, 0, 0, 0, 2, 0, 1.0, 0, 0, 2, 1, 0, 0, -0.18440848588943481, 48.25456237792969]], "_pair": [], "_cons": []}
  CONTROL {"count": {"n": 498, "model_accuracy": 1.0, "rival_accuracy": 1.0, "random_floor": 0.20000000000000176}, "lookup_paired_vs_rival": {"model_only_right": 0, "rival_only_right": 0, "discordant": 0, "mcnemar_z": NaN}, "lookup_paired_vs_rival_cos": {"n": 0, "model_only_right": 0, "rival_only_right": 0, "discordant": 0, "mcnemar_z": NaN, "max_achievable_z": 0.0, "underpowered": true}, "lookup_paired_vs_rival_cos_by_margin": {"median_margin": NaN, "low_margin": {"n": 0, "model_only_right": 0, "rival_only_right": 0, "discordant": 0, "mcnemar_z": NaN, "max_achievable_z": 0.0, "underpowered": true}, "high_margin": {"n": 0, "model_only_right": 0, "rival_only_right": 0, "discordant": 0, "mcnemar_z": NaN, "max_achievable_z": 0.0, "underpowered": true}}, "ladder": {"n_questions": 0, "pairs": 0, "concordant": 0, "ties_excluded": 0, "import_budget_zero_rate": 0.0, "import_budget_mean": 0.0, "concordance": NaN, "z_vs_half": NaN, "mean_phi": {"true": NaN, "near": NaN, "middle": NaN, "far": NaN}}, "exact_mismatches": 0, "confusion": {"count|1->1": 195, "count|2->2": 216, "count|3->3": 40, "count|4->4": 26, "count|5+->5+": 21}, "_mixed": [], "_reach": [[0, 0, 0, 0.00080069899559021, 0, 1, 8, 3, 10, 0, 0, 1, 1, 1, 1, 5, 0, 0, 0, 2, 0, 1.0, 0, 0, 1, 0, 0, 0, -52.96138000488281, 0.0], [0, 0, 0, 0.00080069899559021, 0, 1, 8, 3, 10, 0, 0, 1, 1, 1, 1, 5, 0, 0, 0, 2, 0, 1.0, 0, 0, 1, 0, 0, 0, -52.96138000488281, 0.0], [1, 0, 1, 0.0, 1, 0, 8, 3, 10, 1, 0, 1, 1, 1, 1, 2, 0, 0, 0, 2, 1, 1.0, 0, 0, 0, 0, 0, 0, -53.829776763916016, 0.0], [1, 0, 1, 0.0, 1, 0, 8, 3, 10, 1, 0, 1, 1, 1, 1, 2, 0, 0, 0, 2, 1, 1.0, 0, 0, 0, 0, 0, 0, -53.829776763916016, 0.0], [1, 0, 1, 0.0, 0, 1, 8, 3, 10, 1, 0, 1, 1, 1, 1, 4, 0, 0, 0, 2, 0, 1.0, 0, 0, 1, 0, 0, 0, -42.80226516723633, 6.986286163330078], [1, 0, 1, 0.0, 0, 1, 8, 3, 10, 1, 0, 1, 1, 1, 1, 4, 0, 0, 0, 2, 0, 1.0, 0, 0, 1, 0, 0, 0, -42.80226516723633, 6.986286163330078], [1, 0, 0, 0.0, 1, 1, 8, 6, 13, 1, 0, 1, 0, 4, 1, 2, 0, 0, 0, 5, 1, 1.0, 0, 0, 1, 0, 0, 0, -30.961942672729492, 0.0], [1, 0, 1, 0.0, 0, 1, 8, 6, 13, 0, 0, 0, 0, 3, 2, 2, 0, 0, 0, 5, 0, 1.0, 0, 0, 2, 1, 0, 0, -23.135286331176758, 29.44732093811035], [1, 0, 1, 0.0, 0, 1, 8, 6, 13, 0, 0, 0, 0, 3, 2, 2, 0, 0, 0, 5, 0, 1.0, 0, 0, 2, 1, 0, 0, -23.135286331176758, 29.44732093811035], [1, 0, 1, 0.0, 0, 1, 8, 6, 13, 0, 0, 0, 0, 3, 2, 2, 0, 0, 0, 5, 0, 1.0, 0, 0, 2, 1, 0, 0, -23.135286331176758, 29.44732093811035], [1, 0, 0, 0.0, 1, 1, 8, 6, 13, 1, 0, 1, 1, 4, 1, 2, 0, 0, 0, 5, 1, 1.0, 0, 0, 2, 0, 0, 0, -30.961942672729492, 0.0], [1, 0, 0, 0.0, 1, 1, 8, 5, 12, 1, 0, 1, 0, 3, 1, 4, 0, 0, 0, 4, 1, 1.0, 0, 0, 2, 0, 0, 0, -30.676708221435547, 0.0], [1, 0, 1, 0.0, 0, 1, 8, 5, 12, 0, 0, 0, 0, 2, 2, 4, 0, 0, 0, 4, 0, 1.0, 0, 0, 2, 1, 0, 0, -22.3709659576416, 31.8856258392334], [1, 0, 1, 0.0, 0, 1, 8, 5, 12, 0, 0, 0, 0, 2, 2, 4, 0, 0, 0, 4, 0, 1.0, 0, 0, 2, 1, 0, 0, -22.3709659576416, 31.8856258392334], [1, 0, 0, 0.0, 1, 1, 8, 5, 12, 1, 0, 1, 1, 3, 1, 4, 0, 0, 0, 4, 1, 1.0, 0, 0, 2, 0, 0, 0, -30.676708221435547, 0.0], [1, 0, 0, 0.0, 0, 1, 8, 5, 12, 1, 0, 0, 0, 2, 2, 2, 0, 0, 0, 4, 0, 1.0, 0, 0, 1, 0, 0, 0, -37.03810501098633, 19.49060821533203], [1, 0, 0, 0.0, 1, 1, 8, 5, 12, 1, 0, 1, 0, 3, 1, 4, 0, 0, 0, 4, 1, 1.0, 0, 0, 1, 0, 0, 0, -32.73497009277344, 0.0], [1, 0, 0, 0.0, 1, 1, 8, 5, 12, 1, 0, 1, 0, 3, 1, 4, 0, 0, 0, 4, 1, 1.0, 0, 0, 1, 0, 0, 0, -32.73497009277344, 0.0], [1, 0, 1, 0.0, 0, 1, 8, 5, 12, 0, 0, 0, 0, 2, 2, 2, 0, 0, 0, 4, 0, 1.0, 0, 0, 2, 1, 0, 0, -21.657241821289062, 36.00129699707031], [1, 0, 1, 0.0, 0, 1, 8, 9, 16, 0, 0, 0, 0, 6, 2, 3, 0, 0, 0, 8, 0, 1.0, 0, 0, 2, 1, 0, 0, -24.233051300048828, 24.312088012695312], [1, 0, 0, 0.0, 0, 1, 8, 9, 16, 0, 1, 0, 0, 6, 2, 3, 0, 0, 0, 8, 0, 1.0, 0, 0, 1, 0, 0, 0, -37.9998664855957, 9.277118682861328], [1, 0, 1, 0.0, 0, 1, 8, 9, 16, 0, 0, 0, 0, 6, 2, 3, 0, 0, 0, 8, 0, 1.0, 0, 0, 2, 1, 0, 0, -24.082778930664062, 23.19420623779297], [0, 0, 0, 0.048548370599746704, 0, 1, 8, 9, 16, 1, 0, 1, 0, 7, 1, 3, 0, 0, 0, 8, 0, 0.5, 0, 0, 1, 0, 0, 0, -33.61557388305664, 0.0], [0, 0, 0, 0.048548370599746704, 0, 1, 8, 9, 16, 1, 0, 1, 0, 7, 1, 3, 0, 0, 0, 8, 0, 0.5, 0, 0, 1, 0, 0, 0, -33.61557388305664, 0.0], [1, 0, 1, 0.0, 0, 1, 8, 9, 16, 0, 0, 0, 0, 6, 2, 3, 0, 0, 0, 8, 0, 1.0, 0, 0, 2, 1, 0, 0, -23.979509353637695, 23.402090072631836], [1, 0, 1, 0.0, 0, 1, 8, 9, 16, 0, 0, 0, 0, 6, 2, 3, 0, 0, 0, 8, 0, 1.0, 0, 0, 2, 1, 0, 0, -23.979509353637695, 23.402090072631836], [1, 0, 1, 0.0, 0, 1, 8, 9, 16, 0, 0, 0, 0, 6, 2, 2, 0, 0, 0, 8, 0, 1.0, 0, 0, 2, 1, 0, 0, -24.14882469177246, 24.18247413635254], [1, 0, 1, 0.0, 1, 1, 8, 5, 12, 1, 0, 1, 1, 2, 2, 2, 0, 0, 0, 4, 1, 1.0, 0, 0, 1, 0, 0, 0, -37.356929779052734, 21.363861083984375], [1, 0, 1, 0.0, 1, 1, 8, 5, 12, 1, 1, 1, 1, 2, 2, 2, 0, 0, 0, 4, 1, 1.0, 0, 0, 1, 0, 0, 0, -37.356929779052734, 21.363861083984375], [1, 0, 0, 0.0, 0, 1, 8, 5, 12, 1, 0, 0, 0, 1, 3, 2, 0, 0, 0, 4, 0, 1.0, 0, 0, 1, 0, 0, 0, -48.132266998291016, 38.96536636352539], [1, 0, 1, 0.0, 1, 1, 8, 5, 12, 1, 0, 1, 1, 2, 2, 2, 0, 0, 0, 4, 1, 1.0, 0, 0, 1, 0, 0, 0, -36.96052169799805, 20.880786895751953], [0, 0, 0, 0.0, 0, 0, 6, 5, 10, 0, 0, 0, 0, 2, 2, 5, 0, 0, 0, 4, 0, 1.0, 0, 0, 0, 0, 0, 0, -46.72821044921875, 27.639144897460938], [1, 0, 0, 0.0, 0, 0, 3, 5, 7, 0, 0, 0, 0, 2, 2, 3, 0, 0, 0, 4, 0, 1.0, 0, 0, 0, 1, 0, 0, -46.72821044921875, 27.639144897460938], [0, 0, 0, 0.0, 0, 1, 5, 5, 9, 0, 0, 1, 0, 3, 1, 5, 0, 0, 0, 4, 0, 1.0, 0, 0, 2, 0, 0, 0, -34.57035827636719, 0.0], [0, 0, 0, 0.0, 0, 1, 5, 5, 9, 0, 0, 1, 0, 3, 1, 5, 0, 0, 0, 4, 0, 1.0, 0, 0, 1, 0, 0, 0, -35.67679977416992, 0.0], [1, 0, 0, 0.2231764793395996, 1, 1, 7, 4, 10, 1, 0, 1, 1, 2, 1, 6, 0, 0, 0, 3, 1, 1.0, 0, 0, 1, 0, 0, 0, -31.913053512573242, 0.0], [1, 0, 0, 0.2231764793395996, 1, 1, 7, 4, 10, 1, 0, 1, 1, 2, 1, 6, 0, 0, 0, 3, 1, 1.0, 0, 0, 1, 0, 0, 0, -31.913053512573242, 0.0], [1, 0, 0, 0.0, 0, 1, 7, 4, 10, 1, 0, 0, 0, 1, 2, 7, 0, 0, 0, 3, 0, 1.0, 0, 0, 1, 0, 0, 0, -43.34112548828125, 38.55021667480469], [1, 0, 1, 0.0, 0, 1, 3, 3, 5, 0, 0, 0, 0, 1, 1, 2, 0, 0, 0, 2, 0, 1.0, 0, 0, 2, 1, 0, 0, -0.18435660004615784, 50.31350326538086], [0, 0, 0, 0.47426266968250275, 0, 1, 8, 3, 10, 0, 0, 0, 0, 1, 1, 5, 0, 0, 0, 2, 0, 1.0, 0, 0, 1, 0, 0, 0, -44.448760986328125, 5.310676574707031], [0, 0, 0, 0.0, 0, 1, 8, 6, 13, 0, 0, 0, 0, 4, 1, 7, 0, 0, 0, 5, 0, 1.0, 0, 0, 1, 0, 0, 0, -28.663650512695312, 0.0], [0, 0, 0, 0.0, 0, 1, 6, 6, 11, 0, 0, 0, 0, 4, 1, 6, 0, 0, 0, 5, 0, 1.0, 0, 0, 1, 0, 0, 0, -28.195518493652344, 0.46813201904296875], [0, 0, 0, 0.0, 0, 1, 7, 6, 12, 0, 0, 0, 0, 4, 1, 7, 0, 0, 0, 5, 0, 1.0, 0, 0, 1, 0, 0, 0, -28.195518493652344, 0.0], [1, 0, 1, 0.017516613006591797, 0, 1, 8, 6, 13, 0, 0, 0, 0, 4, 1, 4, 0, 0, 0, 5, 0, 1.0, 0, 0, 2, 1, 0, 0, -0.15841445326805115, 28.0371036529541], [0, 0, 0, 0.0, 0, 1, 7, 6, 12, 0, 0, 0, 0, 4, 1, 6, 0, 0, 0, 5, 0, 1.0, 0, 0, 1, 0, 0, 0, -28.663650512695312, 0.0], [1, 0, 1, 0.14266693592071533, 0, 1, 8, 4, 11, 0, 0, 0, 0, 2, 1, 5, 0, 0, 0, 3, 0, 1.0, 0, 0, 2, 1, 0, 0, -0.18703067302703857, 33.52189254760742], [1, 0, 1, 0.0, 0, 1, 8, 4, 11, 0, 0, 0, 0, 2, 1, 5, 0, 0, 0, 3, 0, 1.0, 0, 0, 2, 1, 0, 0, -0.18703067302703857, 33.52189254760742], [1, 0, 1, 0.0, 0, 1, 8, 4, 11, 0, 0, 0, 0, 2, 1, 6, 0, 0, 0, 3, 0, 1.0, 0, 0, 2, 1, 0, 0, -0.18703067302703857, 33.52189254760742], [0, 0, 0, 0.04194703698158264, 0, 1, 8, 5, 12, 0, 0, 0, 0, 3, 1, 5, 0, 0, 0, 4, 0, 1.0, 0, 0, 1, 0, 0, 0, -33.25224685668945, 0.0], [0, 0, 0, 0.2198581099510193, 0, 1, 8, 5, 12, 0, 0, 0, 0, 3, 1, 6, 0, 0, 0, 4, 0, 1.0, 0, 0, 1, 0, 0, 0, -32.082679748535156, 0.0], [0, 0, 0, 0.010371625423431396, 0, 1, 8, 5, 12, 0, 0, 0, 0, 3, 1, 6, 0, 0, 0, 4, 0, 1.0, 0, 0, 1, 0, 0, 0, -32.082679748535156, 0.0], [0, 0, 0, 0.20001927018165588, 0, 1, 8, 5, 12, 0, 0, 0, 0, 3, 1, 4, 0, 0, 0, 4, 0, 1.0, 0, 0, 1, 0, 0, 0, -33.25224685668945, 0.0], [1, 0, 1, 0.0, 1, 0, 8, 3, 10, 1, 0, 1, 1, 1, 1, 6, 0, 0, 0, 2, 1, 1.0, 0, 0, 0, 0, 0, 0, -53.829776763916016, 0.0], [1, 0, 1, 0.0, 1, 0, 8, 3, 10, 1, 0, 1, 1, 1, 1, 6, 0, 0, 0, 2, 1, 1.0, 0, 0, 0, 0, 0, 0, -53.829776763916016, 0.0], [1, 0, 1, 0.0, 1, 0, 8, 3, 10, 1, 0, 1, 1, 1, 1, 2, 0, 0, 0, 2, 1, 1.0, 0, 0, 0, 0, 0, 0, -53.829776763916016, 0.0], [1, 0, 1, 0.0, 1, 0, 8, 3, 10, 1, 1, 1, 1, 1, 1, 2, 0, 0, 0, 2, 1, 1.0, 0, 0, 0, 0, 0, 0, -53.829776763916016, 0.0], [1, 0, 1, 0.0, 1, 1, 8, 4, 11, 1, 1, 1, 1, 1, 2, 2, 0, 0, 0, 3, 1, 1.0, 0, 0, 1, 0, 0, 0, -59.520877838134766, 20.254138946533203], [1, 0, 1, 0.0, 1, 1, 8, 4, 11, 1, 0, 1, 1, 1, 2, 2, 0, 0, 0, 3, 1, 1.0, 0, 0, 1, 0, 0, 0, -59.520877838134766, 20.254138946533203], [1, 0, 1, 0.0, 1, 1, 8, 4, 11, 1, 1, 1, 1, 1, 2, 2, 0, 0, 0, 3, 1, 1.0, 0, 0, 1, 0, 0, 0, -59.520877838134766, 20.254138946533203], [1, 0, 1, 0.0, 1, 0, 7, 3, 9, 1, 1, 1, 1, 1, 1, 5, 0, 0, 0, 2, 1, 1.0, 0, 0, 0, 0, 0, 0, -53.829776763916016, 0.0], [1, 0, 1, 0.0, 1, 0, 7, 3, 9, 1, 0, 1, 1, 1, 1, 5, 0, 0, 0, 2, 1, 1.0, 0, 0, 0, 0, 0, 0, -53.829776763916016, 0.0], [1, 0, 1, 0.0, 1, 0, 4, 3, 6, 1, 0, 1, 1, 1, 1, 3, 0, 0, 0, 2, 1, 1.0, 0, 0, 0, 0, 0, 0, -53.829776763916016, 0.0], [1, 0, 1, 0.0, 1, 0, 4, 3, 6, 1, 0, 1, 1, 1, 1, 3, 0, 0, 0, 2, 1, 1.0, 0, 0, 0, 0, 0, 0, -53.829776763916016, 0.0], [1, 0, 1, 0.0, 1, 0, 8, 3, 10, 1, 0, 1, 1, 1, 1, 2, 0, 0, 0, 2, 1, 1.0, 0, 0, 0, 0, 0, 0, -53.829776763916016, 0.0], [1, 0, 1, 0.0, 1, 0, 8, 3, 10, 1, 0, 1, 1, 1, 1, 2, 0, 0, 0, 2, 1, 1.0, 0, 0, 0, 0, 0, 0, -53.829776763916016, 0.0], [1, 0, 1, 0.01630866527557373, 0, 1, 7, 3, 9, 1, 0, 1, 1, 1, 1, 6, 0, 0, 0, 2, 0, 1.0, 0, 0, 1, 0, 0, 0, -41.93305969238281, 5.310657501220703], [1, 0, 1, 0.01630866527557373, 0, 1, 7, 3, 9, 1, 0, 1, 1, 1, 1, 6, 0, 0, 0, 2, 0, 1.0, 0, 0, 1, 0, 0, 0, -41.93305969238281, 5.310657501220703], [1, 0, 1, 0.0, 1, 0, 8, 3, 10, 1, 0, 1, 1, 1, 1, 2, 0, 0, 0, 2, 1, 1.0, 0, 0, 0, 0, 0, 0, -53.829776763916016, 0.0], [1, 0, 1, 0.0, 1, 0, 8, 3, 10, 1, 0, 1, 1, 1, 1, 2, 0, 0, 0, 2, 1, 1.0, 0, 0, 0, 0, 0, 0, -53.829776763916016, 0.0], [1, 0, 1, 0.0, 1, 1, 3, 4, 6, 1, 0, 1, 1, 1, 2, 3, 0, 0, 0, 3, 1, 1.0, 0, 0, 1, 0, 0, 0, -59.520877838134766, 19.50136947631836], [1, 0, 1, 0.0, 1, 1, 3, 4, 6, 1, 0, 1, 1, 1, 2, 3, 0, 0, 0, 3, 1, 1.0, 0, 0, 1, 0, 0, 0, -59.520877838134766, 19.50136947631836], [1, 0, 1, 0.0, 1, 1, 3, 4, 6, 1, 0, 1, 1, 1, 2, 3, 0, 0, 0, 3, 1, 1.0, 0, 0, 1, 0, 0, 0, -59.520877838134766, 19.50136947631836], [1, 0, 1, 0.0, 1, 0, 8, 3, 10, 1, 0, 1, 1, 1, 1, 2, 0, 0, 0, 2, 1, 1.0, 0, 0, 0, 0, 0, 0, -53.829776763916016, 0.0], [1, 0, 1, 0.0, 1, 0, 8, 3, 10, 1, 0, 1, 1, 1, 1, 2, 0, 0, 0, 2, 1, 1.0, 0, 0, 0, 0, 0, 0, -53.829776763916016, 0.0], [1, 0, 1, 0.006017625331878662, 1, 1, 8, 3, 10, 1, 0, 1, 1, 1, 1, 7, 0, 0, 0, 2, 1, 1.0, 0, 0, 1, 0, 0, 0, -47.67168426513672, 5.289695739746094], [1, 0, 1, 0.006017625331878662, 1, 1, 8, 3, 10, 1, 0, 1, 1, 1, 1, 7, 0, 0, 0, 2, 1, 1.0, 0, 0, 1, 0, 0, 0, -47.67168426513672, 5.289695739746094], [1, 0, 1, 0.35142701864242554, 1, 0, 8, 3, 10, 1, 0, 1, 1, 1, 1, 3, 0, 0, 0, 2, 1, 1.0, 0, 0, 0, 0, 0, 0, -53.829776763916016, 0.0], [1, 0, 1, 0.35142701864242554, 1, 0, 8, 3, 10, 1, 0, 1, 1, 1, 1, 3, 0, 0, 0, 2, 1, 1.0, 0, 0, 0, 0, 0, 0, -53.829776763916016, 0.0], [1, 0, 1, 0.0, 1, 0, 8, 3, 10, 1, 0, 1, 1, 1, 1, 2, 0, 0, 0, 2, 1, 1.0, 0, 0, 0, 0, 0, 0, -53.829776763916016, 0.0], [1, 0, 1, 0.0, 1, 0, 8, 3, 10, 1, 0, 1, 1, 1, 1, 2, 0, 0, 0, 2, 1, 1.0, 0, 0, 0, 0, 0, 0, -53.829776763916016, 0.0], [1, 0, 1, 0.0, 1, 0, 6, 3, 8, 1, 0, 1, 1, 1, 1, 5, 0, 0, 0, 2, 1, 1.0, 0, 0, 0, 0, 0, 0, -53.829776763916016, 0.0], [1, 0, 1, 0.0, 1, 0, 6, 3, 8, 1, 0, 1, 1, 1, 1, 5, 0, 0, 0, 2, 1, 1.0, 0, 0, 0, 0, 0, 0, -53.829776763916016, 0.0], [1, 0, 1, 0.0, 1, 0, 8, 3, 10, 1, 0, 1, 1, 1, 1, 2, 0, 0, 0, 2, 1, 1.0, 0, 0, 0, 0, 0, 0, -53.829776763916016, 0.0], [1, 0, 1, 0.0, 1, 0, 8, 3, 10, 1, 0, 1, 1, 1, 1, 2, 0, 0, 0, 2, 1, 1.0, 0, 0, 0, 0, 0, 0, -53.829776763916016, 0.0], [1, 0, 1, 0.0, 1, 0, 8, 3, 10, 1, 0, 1, 1, 1, 1, 3, 0, 0, 0, 2, 1, 1.0, 0, 0, 0, 0, 0, 0, -53.829776763916016, 0.0], [1, 0, 1, 0.0, 1, 0, 8, 3, 10, 1, 0, 1, 1, 1, 1, 3, 0, 0, 0, 2, 1, 1.0, 0, 0, 0, 0, 0, 0, -53.829776763916016, 0.0], [0, 0, 1, 0.037587910890579224, 0, 0, 8, 3, 10, 0, 0, 1, 1, 1, 1, 5, 0, 0, 0, 2, 0, 1.0, 0, 0, 0, 0, 0, 0, -53.829776763916016, 0.0], [0, 0, 1, 0.037587910890579224, 0, 0, 8, 3, 10, 0, 0, 1, 1, 1, 1, 5, 0, 0, 0, 2, 0, 1.0, 0, 0, 0, 0, 0, 0, -53.829776763916016, 0.0], [1, 0, 1, 0.0, 1, 1, 8, 4, 11, 1, 0, 1, 1, 1, 2, 2, 0, 0, 0, 3, 1, 1.0, 0, 0, 1, 0, 0, 0, -59.520877838134766, 20.254138946533203], [1, 0, 1, 0.0, 1, 1, 8, 4, 11, 1, 1, 1, 1, 1, 2, 2, 0, 0, 0, 3, 1, 1.0, 0, 0, 1, 0, 0, 0, -59.520877838134766, 20.254138946533203], [1, 0, 1, 0.0, 1, 1, 8, 4, 11, 1, 0, 1, 1, 1, 2, 2, 0, 0, 0, 3, 1, 1.0, 0, 0, 1, 0, 0, 0, -59.520877838134766, 20.254138946533203], [1, 0, 1, 0.0, 1, 0, 8, 3, 10, 1, 0, 1, 1, 1, 1, 2, 0, 0, 0, 2, 1, 1.0, 0, 0, 0, 0, 0, 0, -53.829776763916016, 0.0], [1, 0, 1, 0.0, 1, 0, 8, 3, 10, 1, 0, 1, 1, 1, 1, 2, 0, 0, 0, 2, 1, 1.0, 0, 0, 0, 0, 0, 0, -53.829776763916016, 0.0], [1, 0, 1, 0.0, 1, 0, 8, 3, 10, 1, 0, 1, 1, 1, 1, 2, 0, 0, 0, 2, 1, 1.0, 0, 0, 0, 0, 0, 0, -53.829776763916016, 0.0], [1, 0, 1, 0.0, 1, 0, 8, 3, 10, 1, 0, 1, 1, 1, 1, 2, 0, 0, 0, 2, 1, 1.0, 0, 0, 0, 0, 0, 0, -53.829776763916016, 0.0], [1, 0, 1, 0.0, 1, 0, 6, 3, 8, 1, 0, 1, 1, 1, 1, 3, 0, 0, 0, 2, 1, 1.0, 0, 0, 0, 0, 0, 0, -53.829776763916016, 0.0], [1, 0, 1, 0.0, 1, 0, 6, 3, 8, 1, 0, 1, 1, 1, 1, 3, 0, 0, 0, 2, 1, 1.0, 0, 0, 0, 0, 0, 0, -53.829776763916016, 0.0], [1, 0, 1, 0.0, 1, 0, 8, 3, 10, 1, 0, 1, 1, 1, 1, 3, 0, 0, 0, 2, 1, 1.0, 0, 0, 0, 0, 0, 0, -53.829776763916016, 0.0], [1, 0, 1, 0.0, 1, 0, 8, 3, 10, 1, 0, 1, 1, 1, 1, 3, 0, 0, 0, 2, 1, 1.0, 0, 0, 0, 0, 0, 0, -53.829776763916016, 0.0], [1, 0, 1, 0.0, 1, 0, 8, 3, 10, 1, 0, 1, 1, 1, 1, 4, 0, 0, 0, 2, 1, 1.0, 0, 0, 0, 0, 0, 0, -53.829776763916016, 0.0], [1, 0, 1, 0.0, 1, 0, 8, 3, 10, 1, 0, 1, 1, 1, 1, 4, 0, 0, 0, 2, 1, 1.0, 0, 0, 0, 0, 0, 0, -53.829776763916016, 0.0], [1, 0, 1, 0.0, 1, 0, 8, 3, 10, 1, 0, 1, 1, 1, 1, 2, 0, 0, 0, 2, 1, 1.0, 0, 0, 0, 0, 0, 0, -53.829776763916016, 0.0], [1, 0, 1, 0.0, 1, 0, 8, 3, 10, 1, 0, 1, 1, 1, 1, 2, 0, 0, 0, 2, 1, 1.0, 0, 0, 0, 0, 0, 0, -53.829776763916016, 0.0], [1, 0, 1, 0.0, 1, 0, 8, 3, 10, 1, 0, 1, 1, 1, 1, 2, 0, 0, 0, 2, 1, 1.0, 0, 0, 0, 0, 0, 0, -53.829776763916016, 0.0], [1, 0, 1, 0.0, 1, 0, 8, 3, 10, 1, 0, 1, 1, 1, 1, 2, 0, 0, 0, 2, 1, 1.0, 0, 0, 0, 0, 0, 0, -53.829776763916016, 0.0], [1, 0, 1, 0.0, 1, 1, 8, 4, 11, 1, 0, 1, 1, 1, 2, 2, 0, 0, 0, 3, 1, 1.0, 0, 0, 1, 0, 0, 0, -59.520877838134766, 20.254138946533203], [1, 0, 1, 0.0, 1, 1, 8, 4, 11, 1, 0, 1, 1, 1, 2, 2, 0, 0, 0, 3, 1, 1.0, 0, 0, 1, 0, 0, 0, -59.520877838134766, 20.254138946533203], [1, 0, 1, 0.0, 1, 1, 8, 4, 11, 1, 0, 1, 1, 1, 2, 2, 0, 0, 0, 3, 1, 1.0, 0, 0, 1, 0, 0, 0, -59.520877838134766, 20.254138946533203], [1, 0, 1, 0.0, 1, 0, 5, 3, 7, 1, 0, 1, 1, 1, 1, 5, 0, 0, 0, 2, 1, 1.0, 0, 0, 0, 0, 0, 0, -53.829776763916016, 0.0], [1, 0, 1, 0.0, 1, 0, 5, 3, 7, 1, 0, 1, 1, 1, 1, 5, 0, 0, 0, 2, 1, 1.0, 0, 0, 0, 0, 0, 0, -53.829776763916016, 0.0], [1, 0, 1, 0.0, 1, 0, 8, 3, 10, 1, 0, 1, 1, 1, 1, 2, 0, 0, 0, 2, 1, 1.0, 0, 0, 0, 0, 0, 0, -53.829776763916016, 0.0], [1, 0, 1, 0.0, 1, 0, 8, 3, 10, 1, 0, 1, 1, 1, 1, 2, 0, 0, 0, 2, 1, 1.0, 0, 0, 0, 0, 0, 0, -53.829776763916016, 0.0], [0, 0, 0, 0.013734206557273865, 0, 1, 6, 3, 8, 0, 0, 1, 1, 1, 1, 3, 0, 0, 0, 2, 0, 1.0, 0, 0, 1, 0, 0, 0, -47.243717193603516, 1.0165443420410156], [0, 0, 0, 0.013734206557273865, 0, 1, 6, 3, 8, 0, 0, 1, 1, 1, 1, 3, 0, 0, 0, 2, 0, 1.0, 0, 0, 1, 0, 0, 0, -47.243717193603516, 1.0165443420410156], [1, 0, 1, 0.0, 1, 0, 8, 3, 10, 1, 1, 1, 1, 1, 1, 2, 0, 0, 0, 2, 1, 1.0, 0, 0, 0, 0, 0, 0, -53.829776763916016, 0.0], [1, 0, 1, 0.0, 1, 0, 8, 3, 10, 1, 1, 1, 1, 1, 1, 2, 0, 0, 0, 2, 1, 1.0, 0, 0, 0, 0, 0, 0, -53.829776763916016, 0.0], [1, 0, 1, 0.49987155199050903, 0, 0, 6, 5, 10, 1, 0, 1, 1, 1, 3, 4, 0, 0, 0, 4, 1, 1.0, 0, 0, 0, 0, 0, 0, -59.5208740234375, 0.0], [1, 0, 1, 0.49987155199050903, 0, 0, 6, 5, 10, 1, 0, 1, 1, 1, 3, 4, 0, 0, 0, 4, 1, 1.0, 0, 0, 0, 0, 0, 0, -59.5208740234375, 0.0], [1, 0, 1, 0.49987155199050903, 0, 0, 6, 5, 10, 1, 0, 1, 1, 1, 3, 4, 0, 0, 0, 4, 1, 1.0, 0, 0, 0, 0, 0, 0, -59.5208740234375, 0.0], [1, 0, 1, 0.49987155199050903, 0, 0, 6, 5, 10, 1, 0, 1, 1, 1, 3, 4, 0, 0, 0, 4, 1, 1.0, 0, 0, 0, 0, 0, 0, -59.5208740234375, 0.0], [1, 0, 1, 0.0, 1, 0, 8, 6, 13, 1, 0, 1, 1, 1, 4, 2, 0, 0, 0, 5, 1, 1.0, 0, 0, 0, 0, 0, 0, -57.8689079284668, 0.0], [1, 0, 1, 0.0, 1, 0, 8, 6, 13, 1, 0, 1, 1, 1, 4, 2, 0, 0, 0, 5, 1, 1.0, 0, 0, 0, 0, 0, 0, -57.8689079284668, 0.0], [1, 0, 1, 0.0, 1, 0, 8, 6, 13, 1, 1, 1, 1, 1, 4, 2, 0, 0, 0, 5, 1, 1.0, 0, 0, 0, 0, 0, 0, -57.8689079284668, 0.0], [1, 0, 1, 0.0, 1, 0, 8, 6, 13, 1, 1, 1, 1, 1, 4, 2, 0, 0, 0, 5, 1, 1.0, 0, 0, 0, 0, 0, 0, -57.8689079284668, 0.0], [1, 0, 1, 0.0, 1, 0, 8, 6, 13, 1, 1, 1, 1, 1, 4, 2, 0, 0, 0, 5, 1, 1.0, 0, 0, 0, 0, 0, 0, -57.8689079284668, 0.0], [1, 0, 1, 0.0, 1, 0, 8, 3, 10, 1, 0, 1, 1, 1, 1, 2, 0, 0, 0, 2, 1, 1.0, 0, 0, 0, 0, 0, 0, -53.829776763916016, 0.0], [1, 0, 1, 0.0, 1, 0, 8, 3, 10, 1, 0, 1, 1, 1, 1, 2, 0, 0, 0, 2, 1, 1.0, 0, 0, 0, 0, 0, 0, -53.829776763916016, 0.0], [1, 0, 1, 0.0, 1, 0, 4, 3, 6, 1, 0, 1, 1, 1, 1, 2, 0, 0, 0, 2, 1, 1.0, 0, 0, 0, 0, 0, 0, -53.829776763916016, 0.0], [1, 0, 1, 0.0, 1, 0, 4, 3, 6, 1, 0, 1, 1, 1, 1, 2, 0, 0, 0, 2, 1, 1.0, 0, 0, 0, 0, 0, 0, -53.829776763916016, 0.0], [1, 0, 1, 0.0, 1, 0, 8, 3, 10, 1, 0, 1, 1, 1, 1, 2, 0, 0, 0, 2, 1, 1.0, 0, 0, 0, 0, 0, 0, -53.829776763916016, 0.0], [1, 0, 1, 0.0, 1, 0, 8, 3, 10, 1, 0, 1, 1, 1, 1, 2, 0, 0, 0, 2, 1, 1.0, 0, 0, 0, 0, 0, 0, -53.829776763916016, 0.0], [1, 0, 1, 0.0, 1, 0, 6, 3, 8, 1, 0, 1, 1, 1, 1, 4, 0, 0, 0, 2, 1, 1.0, 0, 0, 0, 0, 0, 0, -53.829776763916016, 0.0], [1, 0, 1, 0.0, 1, 0, 6, 3, 8, 1, 0, 1, 1, 1, 1, 4, 0, 0, 0, 2, 1, 1.0, 0, 0, 0, 0, 0, 0, -53.829776763916016, 0.0], [1, 0, 1, 0.0, 1, 0, 8, 3, 10, 1, 0, 1, 1, 1, 1, 2, 0, 0, 0, 2, 1, 1.0, 0, 0, 0, 0, 0, 0, -53.829776763916016, 0.0], [1, 0, 1, 0.0, 1, 0, 8, 3, 10, 1, 0, 1, 1, 1, 1, 2, 0, 0, 0, 2, 1, 1.0, 0, 0, 0, 0, 0, 0, -53.829776763916016, 0.0], [1, 0, 1, 0.0, 1, 0, 8, 3, 10, 1, 0, 1, 1, 1, 1, 2, 0, 0, 0, 2, 1, 1.0, 0, 0, 0, 0, 0, 0, -53.829776763916016, 0.0], [1, 0, 1, 0.0, 1, 0, 8, 3, 10, 1, 0, 1, 1, 1, 1, 2, 0, 0, 0, 2, 1, 1.0, 0, 0, 0, 0, 0, 0, -53.829776763916016, 0.0], [1, 0, 1, 0.0, 1, 0, 8, 3, 10, 1, 0, 1, 1, 1, 1, 2, 0, 0, 0, 2, 1, 1.0, 0, 0, 0, 0, 0, 0, -53.829776763916016, 0.0], [1, 0, 1, 0.0, 1, 0, 8, 3, 10, 1, 0, 1, 1, 1, 1, 2, 0, 0, 0, 2, 1, 1.0, 0, 0, 0, 0, 0, 0, -53.829776763916016, 0.0], [1, 0, 1, 0.17936724424362183, 0, 0, 8, 3, 10, 1, 0, 1, 1, 1, 1, 4, 0, 0, 0, 2, 0, 1.0, 0, 0, 0, 0, 0, 0, -53.829776763916016, 0.0], [1, 0, 1, 0.17936724424362183, 0, 0, 8, 3, 10, 1, 0, 1, 1, 1, 1, 4, 0, 0, 0, 2, 0, 1.0, 0, 0, 0, 0, 0, 0, -53.829776763916016, 0.0], [1, 0, 1, 0.0, 1, 1, 6, 11, 16, 1, 0, 1, 1, 1, 9, 5, 0, 0, 0, 10, 1, 1.0, 0, 0, 1, 0, 0, 0, -47.44084167480469, 28.587661743164062], [1, 0, 1, 0.0, 1, 1, 6, 11, 16, 1, 0, 1, 1, 1, 9, 5, 0, 0, 0, 10, 1, 1.0, 0, 0, 1, 0, 0, 0, -46.268775939941406, 29.40056610107422], [1, 0, 1, 0.0, 1, 1, 6, 11, 16, 1, 0, 1, 1, 1, 9, 5, 0, 0, 0, 10, 1, 1.0, 0, 0, 1, 0, 0, 0, -46.268775939941406, 29.40056610107422], [1, 0, 1, 0.0, 1, 1, 6, 11, 16, 1, 0, 1, 1, 1, 9, 5, 0, 0, 0, 10, 1, 1.0, 0, 0, 1, 0, 0, 0, -46.268775939941406, 29.40056610107422], [1, 0, 1, 0.0, 1, 1, 6, 11, 16, 1, 0, 1, 1, 1, 9, 5, 0, 0, 0, 10, 1, 1.0, 0, 0, 1, 0, 0, 0, -46.268775939941406, 29.40056610107422], [1, 0, 1, 0.0, 1, 1, 6, 11, 16, 1, 0, 1, 1, 1, 9, 5, 0, 0, 0, 10, 1, 1.0, 0, 0, 1, 0, 0, 0, -46.268775939941406, 29.40056610107422], [1, 0, 1, 0.0, 1, 1, 6, 11, 16, 1, 0, 1, 1, 1, 9, 5, 0, 0, 0, 10, 1, 1.0, 0, 0, 1, 0, 0, 0, -46.268775939941406, 29.40056610107422], [1, 0, 1, 0.0, 1, 1, 6, 11, 16, 1, 0, 1, 1, 1, 9, 5, 0, 0, 0, 10, 1, 1.0, 0, 0, 1, 0, 0, 0, -46.268775939941406, 29.40056610107422], [1, 0, 1, 0.0, 1, 1, 6, 11, 16, 1, 0, 1, 1, 1, 9, 5, 0, 0, 0, 10, 1, 1.0, 0, 0, 1, 0, 0, 0, -46.268775939941406, 29.40056610107422], [1, 0, 1, 0.0, 1, 1, 6, 11, 16, 1, 0, 1, 1, 1, 9, 5, 0, 0, 0, 10, 1, 1.0, 0, 0, 1, 0, 0, 0, -47.396385192871094, 28.314918518066406], [1, 0, 1, 0.0, 1, 0, 6, 3, 8, 1, 0, 1, 1, 1, 1, 6, 0, 0, 0, 2, 1, 1.0, 0, 0, 0, 0, 0, 0, -53.829776763916016, 0.0], [1, 0, 1, 0.0, 1, 0, 6, 3, 8, 1, 0, 1, 1, 1, 1, 6, 0, 0, 0, 2, 1, 1.0, 0, 0, 0, 0, 0, 0, -53.829776763916016, 0.0], [0, 0, 0, 0.0, 0, 1, 4, 3, 6, 0, 0, 1, 1, 1, 1, 4, 0, 0, 0, 2, 0, 1.0, 0, 0, 1, 0, 0, 0, -47.243717193603516, 0.0], [0, 0, 0, 0.0, 0, 1, 4, 3, 6, 0, 0, 1, 1, 1, 1, 4, 0, 0, 0, 2, 0, 1.0, 0, 0, 1, 0, 0, 0, -47.243717193603516, 0.0], [1, 0, 1, 0.31834840774536133, 1, 0, 8, 3, 10, 1, 0, 1, 1, 1, 1, 4, 0, 0, 0, 2, 1, 1.0, 0, 0, 0, 0, 0, 0, -53.829776763916016, 0.0], [1, 0, 1, 0.31834840774536133, 1, 0, 8, 3, 10, 1, 0, 1, 1, 1, 1, 4, 0, 0, 0, 2, 1, 1.0, 0, 0, 0, 0, 0, 0, -53.829776763916016, 0.0], [1, 0, 1, 0.0, 1, 0, 4, 3, 6, 1, 0, 1, 1, 1, 1, 2, 0, 0, 0, 2, 1, 1.0, 0, 0, 0, 0, 0, 0, -53.829776763916016, 0.0], [1, 0, 1, 0.0, 1, 0, 4, 3, 6, 1, 0, 1, 1, 1, 1, 2, 0, 0, 0, 2, 1, 1.0, 0, 0, 0, 0, 0, 0, -53.829776763916016, 0.0], [1, 0, 1, 0.0, 1, 0, 8, 3, 10, 1, 0, 1, 1, 1, 1, 3, 0, 0, 0, 2, 1, 1.0, 0, 0, 0, 0, 0, 0, -53.829776763916016, 0.0], [1, 0, 1, 0.0, 1, 0, 8, 3, 10, 1, 0, 1, 1, 1, 1, 3, 0, 0, 0, 2, 1, 1.0, 0, 0, 0, 0, 0, 0, -53.829776763916016, 0.0], [1, 0, 1, 0.0, 1, 0, 8, 4, 11, 1, 0, 1, 1, 1, 2, 2, 0, 0, 0, 3, 1, 1.0, 0, 0, 0, 0, 0, 0, -62.29866027832031, 0.0], [1, 0, 1, 0.0, 1, 0, 8, 4, 11, 1, 0, 1, 1, 1, 2, 2, 0, 0, 0, 3, 1, 1.0, 0, 0, 0, 0, 0, 0, -62.29866027832031, 0.0], [1, 0, 1, 0.0, 1, 0, 8, 4, 11, 1, 0, 1, 1, 1, 2, 2, 0, 0, 0, 3, 1, 1.0, 0, 0, 0, 0, 0, 0, -62.29866027832031, 0.0], [1, 0, 1, 0.0, 1, 0, 5, 3, 7, 1, 0, 1, 1, 1, 1, 4, 0, 0, 0, 2, 1, 1.0, 0, 0, 0, 0, 0, 0, -53.829776763916016, 0.0], [1, 0, 1, 0.0, 1, 0, 5, 3, 7, 1, 0, 1, 1, 1, 1, 4, 0, 0, 0, 2, 1, 1.0, 0, 0, 0, 0, 0, 0, -53.829776763916016, 0.0], [1, 0, 1, 0.0, 1, 0, 8, 3, 10, 1, 0, 1, 1, 1, 1, 5, 0, 0, 0, 2, 1, 1.0, 0, 0, 0, 0, 0, 0, -53.829776763916016, 0.0], [1, 0, 1, 0.0, 1, 0, 8, 3, 10, 1, 0, 1, 1, 1, 1, 5, 0, 0, 0, 2, 1, 1.0, 0, 0, 0, 0, 0, 0, -53.829776763916016, 0.0], [1, 0, 1, 0.0, 1, 1, 8, 6, 13, 1, 0, 1, 1, 1, 4, 2, 0, 0, 0, 5, 1, 1.0, 0, 0, 1, 0, 0, 0, -56.773521423339844, 20.420692443847656], [1, 0, 1, 0.0, 1, 1, 8, 6, 13, 1, 0, 1, 1, 1, 4, 2, 0, 0, 0, 5, 1, 1.0, 0, 0, 1, 0, 0, 0, -56.773521423339844, 20.420692443847656], [1, 0, 1, 0.0, 1, 1, 8, 6, 13, 1, 0, 1, 1, 1, 4, 2, 0, 0, 0, 5, 1, 1.0, 0, 0, 1, 0, 0, 0, -56.773521423339844, 20.420692443847656], [1, 0, 1, 0.0, 1, 1, 8, 6, 13, 1, 0, 1, 1, 1, 4, 2, 0, 0, 0, 5, 1, 1.0, 0, 0, 1, 0, 0, 0, -56.773521423339844, 20.420692443847656], [1, 0, 1, 0.0, 1, 1, 8, 6, 13, 1, 0, 1, 1, 1, 4, 2, 0, 0, 0, 5, 1, 1.0, 0, 0, 1, 0, 0, 0, -56.773521423339844, 20.420692443847656], [1, 0, 1, 0.0, 1, 1, 8, 4, 11, 1, 0, 1, 1, 1, 2, 2, 0, 0, 0, 3, 1, 1.0, 0, 0, 1, 0, 0, 0, -49.52381896972656, 34.09435272216797], [1, 0, 1, 0.0, 1, 1, 8, 4, 11, 1, 0, 1, 1, 1, 2, 2, 0, 0, 0, 3, 1, 1.0, 0, 0, 1, 0, 0, 0, -49.52381896972656, 34.09435272216797], [1, 0, 1, 0.0, 1, 1, 8, 4, 11, 1, 0, 1, 1, 1, 2, 2, 0, 0, 0, 3, 1, 1.0, 0, 0, 1, 0, 0, 0, -49.52381896972656, 34.09435272216797], [1, 0, 1, 0.0, 1, 0, 8, 3, 10, 1, 0, 1, 1, 1, 1, 2, 0, 0, 0, 2, 1, 1.0, 0, 0, 0, 0, 0, 0, -53.829776763916016, 0.0], [1, 0, 1, 0.0, 1, 0, 8, 3, 10, 1, 0, 1, 1, 1, 1, 2, 0, 0, 0, 2, 1, 1.0, 0, 0, 0, 0, 0, 0, -53.829776763916016, 0.0], [1, 0, 1, 0.0, 1, 0, 5, 3, 7, 1, 0, 1, 1, 1, 1, 4, 0, 0, 0, 2, 1, 1.0, 0, 0, 0, 0, 0, 0, -53.829776763916016, 0.0], [1, 0, 1, 0.0, 1, 0, 5, 3, 7, 1, 0, 1, 1, 1, 1, 4, 0, 0, 0, 2, 1, 1.0, 0, 0, 0, 0, 0, 0, -53.829776763916016, 0.0], [1, 0, 1, 0.0, 1, 0, 8, 3, 10, 1, 0, 1, 1, 1, 1, 2, 0, 0, 0, 2, 1, 1.0, 0, 0, 0, 0, 0, 0, -53.829776763916016, 0.0], [1, 0, 1, 0.0, 1, 0, 8, 3, 10, 1, 1, 1, 1, 1, 1, 2, 0, 0, 0, 2, 1, 1.0, 0, 0, 0, 0, 0, 0, -53.829776763916016, 0.0], [0, 0, 1, 0.0017852485179901123, 0, 0, 8, 3, 10, 0, 0, 1, 1, 1, 1, 5, 0, 0, 0, 2, 0, 1.0, 0, 0, 0, 0, 0, 0, -53.829776763916016, 0.0], [0, 0, 1, 0.0017852485179901123, 0, 0, 8, 3, 10, 0, 0, 1, 1, 1, 1, 5, 0, 0, 0, 2, 0, 1.0, 0, 0, 0, 0, 0, 0, -53.829776763916016, 0.0], [1, 0, 1, 0.0, 1, 1, 8, 6, 13, 1, 0, 1, 1, 1, 4, 6, 0, 0, 0, 5, 1, 1.0, 0, 0, 1, 0, 0, 0, -46.67679977416992, 30.926525115966797], [1, 0, 1, 0.0, 1, 1, 8, 6, 13, 1, 0, 1, 1, 1, 4, 6, 0, 0, 0, 5, 1, 1.0, 0, 0, 1, 0, 0, 0, -46.67679977416992, 30.926525115966797], [1, 0, 1, 0.0, 1, 1, 8, 6, 13, 1, 0, 1, 1, 1, 4, 6, 0, 0, 0, 5, 1, 1.0, 0, 0, 1, 0, 0, 0, -46.67679977416992, 30.926525115966797], [1, 0, 1, 0.0, 1, 1, 8, 6, 13, 1, 0, 1, 1, 1, 4, 6, 0, 0, 0, 5, 1, 1.0, 0, 0, 1, 0, 0, 0, -46.67679977416992, 30.926525115966797], [1, 0, 1, 0.0, 1, 1, 8, 6, 13, 1, 0, 1, 1, 1, 4, 6, 0, 0, 0, 5, 1, 1.0, 0, 0, 1, 0, 0, 0, -46.67679977416992, 30.926525115966797], [1, 0, 1, 0.0, 1, 0, 8, 3, 10, 1, 0, 1, 1, 1, 1, 5, 0, 0, 0, 2, 1, 1.0, 0, 0, 0, 0, 0, 0, -53.829776763916016, 0.0], [1, 0, 1, 0.0, 1, 0, 8, 3, 10, 1, 0, 1, 1, 1, 1, 5, 0, 0, 0, 2, 1, 1.0, 0, 0, 0, 0, 0, 0, -53.829776763916016, 0.0], [1, 0, 1, 0.0, 1, 0, 3, 3, 5, 1, 0, 1, 1, 1, 1, 3, 0, 0, 0, 2, 1, 1.0, 0, 0, 0, 0, 0, 0, -53.829776763916016, 0.0], [1, 0, 1, 0.0, 1, 0, 3, 3, 5, 1, 0, 1, 1, 1, 1, 3, 0, 0, 0, 2, 1, 1.0, 0, 0, 0, 0, 0, 0, -53.829776763916016, 0.0], [1, 0, 1, 0.0, 1, 0, 8, 3, 10, 1, 0, 1, 1, 1, 1, 2, 0, 0, 0, 2, 1, 1.0, 0, 0, 0, 0, 0, 0, -53.829776763916016, 0.0], [1, 0, 1, 0.0, 1, 0, 8, 3, 10, 1, 0, 1, 1, 1, 1, 2, 0, 0, 0, 2, 1, 1.0, 0, 0, 0, 0, 0, 0, -53.829776763916016, 0.0], [1, 0, 1, 0.27903395891189575, 0, 1, 8, 3, 10, 1, 0, 1, 1, 1, 1, 5, 0, 0, 0, 2, 0, 1.0, 0, 0, 1, 0, 0, 0, -41.93305969238281, 5.310657501220703], [1, 0, 1, 0.27903395891189575, 0, 1, 8, 3, 10, 1, 0, 1, 1, 1, 1, 5, 0, 0, 0, 2, 0, 1.0, 0, 0, 1, 0, 0, 0, -41.93305969238281, 5.310657501220703], [1, 0, 0, 0.0, 1, 1, 8, 3, 10, 1, 0, 1, 1, 1, 1, 2, 0, 0, 0, 2, 1, 1.0, 0, 0, 1, 0, 0, 0, -48.26026153564453, 0.0], [1, 0, 0, 0.0, 1, 1, 8, 3, 10, 1, 0, 1, 1, 1, 1, 2, 0, 0, 0, 2, 1, 1.0, 0, 0, 1, 0, 0, 0, -48.26026153564453, 0.0], [1, 0, 0, 0.0, 1, 1, 8, 3, 10, 1, 0, 1, 1, 1, 1, 2, 0, 0, 0, 2, 1, 1.0, 0, 0, 1, 0, 0, 0, -48.26026153564453, 0.0], [1, 0, 0, 0.0, 1, 1, 8, 3, 10, 1, 0, 1, 1, 1, 1, 2, 0, 0, 0, 2, 1, 1.0, 0, 0, 1, 0, 0, 0, -48.26026153564453, 0.0], [1, 0, 1, 0.0, 1, 0, 8, 3, 10, 1, 0, 1, 1, 1, 1, 2, 0, 0, 0, 2, 1, 1.0, 0, 0, 0, 0, 0, 0, -53.829776763916016, 0.0], [1, 0, 1, 0.0, 1, 0, 8, 3, 10, 1, 0, 1, 1, 1, 1, 2, 0, 0, 0, 2, 1, 1.0, 0, 0, 0, 0, 0, 0, -53.829776763916016, 0.0], [1, 0, 1, 0.0, 1, 0, 8, 3, 10, 1, 1, 1, 1, 1, 1, 2, 0, 0, 0, 2, 1, 1.0, 0, 0, 0, 0, 0, 0, -53.829776763916016, 0.0], [1, 0, 1, 0.0, 1, 0, 8, 3, 10, 1, 0, 1, 1, 1, 1, 2, 0, 0, 0, 2, 1, 1.0, 0, 0, 0, 0, 0, 0, -53.829776763916016, 0.0], [1, 0, 1, 0.0, 1, 0, 8, 3, 10, 1, 1, 1, 1, 1, 1, 2, 0, 0, 0, 2, 1, 1.0, 0, 0, 0, 0, 0, 0, -53.829776763916016, 0.0], [1, 0, 1, 0.0, 1, 0, 8, 3, 10, 1, 0, 1, 1, 1, 1, 2, 0, 0, 0, 2, 1, 1.0, 0, 0, 0, 0, 0, 0, -53.829776763916016, 0.0], [1, 0, 1, 0.0, 1, 0, 8, 3, 10, 1, 0, 1, 1, 1, 1, 2, 0, 0, 0, 2, 1, 1.0, 0, 0, 0, 0, 0, 0, -53.829776763916016, 0.0], [1, 0, 1, 0.0, 1, 0, 8, 3, 10, 1, 0, 1, 1, 1, 1, 2, 0, 0, 0, 2, 1, 1.0, 0, 0, 0, 0, 0, 0, -53.829776763916016, 0.0], [1, 0, 1, 0.0, 1, 0, 8, 3, 10, 1, 0, 1, 1, 1, 1, 2, 0, 0, 0, 2, 1, 1.0, 0, 0, 0, 0, 0, 0, -53.829776763916016, 0.0], [1, 0, 1, 0.0, 1, 0, 8, 3, 10, 1, 0, 1, 1, 1, 1, 2, 0, 0, 0, 2, 1, 1.0, 0, 0, 0, 0, 0, 0, -53.829776763916016, 0.0], [1, 0, 1, 0.0, 1, 1, 8, 3, 10, 1, 0, 1, 1, 1, 1, 2, 0, 0, 0, 2, 1, 1.0, 0, 0, 1, 0, 0, 0, -53.51526641845703, 0.7625808715820312], [1, 0, 1, 0.0, 1, 1, 8, 3, 10, 1, 0, 1, 1, 1, 1, 2, 0, 0, 0, 2, 1, 1.0, 0, 0, 1, 0, 0, 0, -53.51526641845703, 0.7625808715820312], [1, 0, 1, 0.0, 1, 0, 7, 3, 9, 1, 0, 1, 1, 1, 1, 2, 0, 0, 0, 2, 1, 1.0, 0, 0, 0, 0, 0, 0, -53.829776763916016, 0.0], [1, 0, 1, 0.0, 1, 0, 7, 3, 9, 1, 0, 1, 1, 1, 1, 2, 0, 0, 0, 2, 1, 1.0, 0, 0, 0, 0, 0, 0, -53.829776763916016, 0.0], [0, 0, 1, 0.026486098766326904, 0, 0, 8, 3, 10, 0, 0, 1, 1, 1, 1, 5, 0, 0, 0, 2, 0, 1.0, 0, 0, 0, 0, 0, 0, -53.829776763916016, 0.0], [0, 0, 1, 0.026486098766326904, 0, 0, 8, 3, 10, 0, 0, 1, 1, 1, 1, 5, 0, 0, 0, 2, 0, 1.0, 0, 0, 0, 0, 0, 0, -53.829776763916016, 0.0], [1, 0, 0, 0.0, 1, 1, 8, 3, 10, 1, 0, 1, 1, 1, 1, 2, 0, 0, 0, 2, 1, 1.0, 0, 0, 1, 0, 0, 0, -48.26026153564453, 3.9904937744140625], [1, 0, 0, 0.0, 1, 1, 8, 3, 10, 1, 0, 1, 1, 1, 1, 2, 0, 0, 0, 2, 1, 1.0, 0, 0, 1, 0, 0, 0, -48.26026153564453, 3.9904937744140625], [1, 0, 1, 0.0, 1, 0, 4, 3, 6, 1, 0, 1, 1, 1, 1, 3, 0, 0, 0, 2, 1, 1.0, 0, 0, 0, 0, 0, 0, -53.829776763916016, 0.0], [1, 0, 1, 0.0, 1, 0, 4, 3, 6, 1, 0, 1, 1, 1, 1, 3, 0, 0, 0, 2, 1, 1.0, 0, 0, 0, 0, 0, 0, -53.829776763916016, 0.0], [1, 0, 1, 0.0, 1, 1, 8, 4, 11, 1, 0, 1, 1, 1, 2, 2, 0, 0, 0, 3, 1, 1.0, 0, 0, 1, 0, 0, 0, -59.520877838134766, 20.254138946533203], [1, 0, 1, 0.0, 1, 1, 8, 4, 11, 1, 0, 1, 1, 1, 2, 2, 0, 0, 0, 3, 1, 1.0, 0, 0, 1, 0, 0, 0, -59.520877838134766, 20.254138946533203], [1, 0, 1, 0.0, 1, 1, 8, 4, 11, 1, 0, 1, 1, 1, 2, 2, 0, 0, 0, 3, 1, 1.0, 0, 0, 1, 0, 0, 0, -59.520877838134766, 20.254138946533203], [0, 0, 0, 0.007759511470794678, 0, 1, 5, 3, 7, 0, 0, 1, 1, 1, 1, 5, 0, 0, 0, 2, 0, 1.0, 0, 0, 1, 0, 0, 0, -47.243717193603516, 1.0165443420410156], [0, 0, 0, 0.007759511470794678, 0, 1, 5, 3, 7, 0, 0, 1, 1, 1, 1, 5, 0, 0, 0, 2, 0, 1.0, 0, 0, 1, 0, 0, 0, -47.243717193603516, 1.0165443420410156], [1, 0, 1, 0.0, 1, 0, 8, 3, 10, 1, 1, 1, 1, 1, 1, 2, 0, 0, 0, 2, 1, 1.0, 0, 0, 0, 0, 0, 0, -53.829776763916016, 0.0], [1, 0, 1, 0.0, 1, 0, 8, 3, 10, 1, 1, 1, 1, 1, 1, 2, 0, 0, 0, 2, 1, 1.0, 0, 0, 0, 0, 0, 0, -53.829776763916016, 0.0], [1, 0, 1, 0.0, 1, 0, 8, 3, 10, 1, 0, 1, 1, 1, 1, 2, 0, 0, 0, 2, 1, 1.0, 0, 0, 0, 0, 0, 0, -53.829776763916016, 0.0], [1, 0, 1, 0.0, 1, 0, 8, 3, 10, 1, 0, 1, 1, 1, 1, 2, 0, 0, 0, 2, 1, 1.0, 0, 0, 0, 0, 0, 0, -53.829776763916016, 0.0], [1, 0, 1, 0.0, 1, 0, 8, 4, 11, 1, 0, 1, 1, 1, 2, 4, 0, 0, 0, 3, 1, 1.0, 0, 0, 0, 0, 0, 0, -63.43586349487305, 0.0], [1, 0, 1, 0.0, 1, 0, 8, 4, 11, 1, 0, 1, 1, 1, 2, 4, 0, 0, 0, 3, 1, 1.0, 0, 0, 0, 0, 0, 0, -63.43586349487305, 0.0], [1, 0, 1, 0.0, 1, 0, 8, 4, 11, 1, 0, 1, 1, 1, 2, 4, 0, 0, 0, 3, 1, 1.0, 0, 0, 0, 0, 0, 0, -64.23383331298828, 0.0], [1, 0, 1, 0.0, 1, 0, 8, 3, 10, 1, 1, 1, 1, 1, 1, 2, 0, 0, 0, 2, 1, 1.0, 0, 0, 0, 0, 0, 0, -53.829776763916016, 0.0], [1, 0, 1, 0.0, 1, 0, 8, 3, 10, 1, 1, 1, 1, 1, 1, 2, 0, 0, 0, 2, 1, 1.0, 0, 0, 0, 0, 0, 0, -53.829776763916016, 0.0], [0, 0, 1, 0.0, 0, 0, 8, 3, 10, 0, 0, 1, 1, 1, 1, 3, 0, 0, 0, 2, 0, 1.0, 0, 0, 0, 0, 0, 0, -53.829776763916016, 0.0], [0, 0, 1, 0.0, 0, 0, 8, 3, 10, 0, 0, 1, 1, 1, 1, 3, 0, 0, 0, 2, 0, 1.0, 0, 0, 0, 0, 0, 0, -53.829776763916016, 0.0], [1, 0, 0, 0.0, 1, 1, 8, 3, 10, 1, 1, 1, 1, 1, 1, 2, 0, 0, 0, 2, 1, 1.0, 0, 0, 1, 0, 0, 0, -48.26026153564453, 0.0], [1, 0, 0, 0.0, 1, 1, 8, 3, 10, 1, 0, 1, 1, 1, 1, 2, 0, 0, 0, 2, 1, 1.0, 0, 0, 1, 0, 0, 0, -48.26026153564453, 0.0], [1, 0, 1, 0.02807864546775818, 0, 0, 8, 3, 10, 1, 0, 1, 1, 1, 1, 3, 0, 0, 0, 2, 0, 1.0, 0, 0, 0, 0, 0, 0, -53.829776763916016, 0.0], [1, 0, 1, 0.02807864546775818, 0, 0, 8, 3, 10, 1, 0, 1, 1, 1, 1, 3, 0, 0, 0, 2, 0, 1.0, 0, 0, 0, 0, 0, 0, -53.829776763916016, 0.0], [1, 0, 1, 0.0, 1, 1, 4, 4, 7, 1, 0, 1, 1, 1, 2, 3, 0, 0, 0, 3, 1, 1.0, 0, 0, 1, 0, 0, 0, -59.520877838134766, 24.097293853759766], [1, 0, 1, 0.0, 1, 1, 4, 4, 7, 1, 0, 1, 1, 1, 2, 3, 0, 0, 0, 3, 1, 1.0, 0, 0, 1, 0, 0, 0, -59.520877838134766, 24.097293853759766], [1, 0, 1, 0.0, 1, 1, 4, 4, 7, 1, 0, 1, 1, 1, 2, 3, 0, 0, 0, 3, 1, 1.0, 0, 0, 1, 0, 0, 0, -59.520877838134766, 24.097293853759766], [1, 0, 1, 0.0, 1, 0, 8, 3, 10, 1, 0, 1, 1, 1, 1, 2, 0, 0, 0, 2, 1, 1.0, 0, 0, 0, 0, 0, 0, -53.829776763916016, 0.0], [1, 0, 1, 0.0, 1, 0, 8, 3, 10, 1, 0, 1, 1, 1, 1, 2, 0, 0, 0, 2, 1, 1.0, 0, 0, 0, 0, 0, 0, -53.829776763916016, 0.0], [1, 0, 1, 0.08729195594787598, 1, 0, 8, 3, 10, 1, 0, 1, 1, 1, 1, 6, 0, 0, 0, 2, 1, 1.0, 0, 0, 0, 0, 0, 0, -53.829776763916016, 0.0], [1, 0, 1, 0.08729195594787598, 1, 0, 8, 3, 10, 1, 0, 1, 1, 1, 1, 6, 0, 0, 0, 2, 1, 1.0, 0, 0, 0, 0, 0, 0, -53.829776763916016, 0.0], [1, 0, 1, 0.4521957039833069, 1, 0, 6, 3, 8, 1, 0, 1, 1, 1, 1, 5, 0, 0, 0, 2, 1, 1.0, 0, 0, 0, 0, 0, 0, -53.829776763916016, 0.0], [1, 0, 1, 0.4521957039833069, 1, 0, 6, 3, 8, 1, 0, 1, 1, 1, 1, 5, 0, 0, 0, 2, 1, 1.0, 0, 0, 0, 0, 0, 0, -53.829776763916016, 0.0], [1, 0, 1, 0.38050246238708496, 1, 0, 8, 3, 10, 1, 0, 1, 1, 1, 1, 6, 0, 0, 0, 2, 1, 1.0, 0, 0, 0, 0, 0, 0, -53.829776763916016, 0.0], [1, 0, 1, 0.38050246238708496, 1, 0, 8, 3, 10, 1, 0, 1, 1, 1, 1, 6, 0, 0, 0, 2, 1, 1.0, 0, 0, 0, 0, 0, 0, -53.829776763916016, 0.0], [1, 0, 1, 0.0, 1, 0, 8, 3, 10, 1, 0, 1, 1, 1, 1, 3, 0, 0, 0, 2, 1, 1.0, 0, 0, 0, 0, 0, 0, -53.829776763916016, 0.0], [1, 0, 1, 0.0, 1, 0, 8, 3, 10, 1, 0, 1, 1, 1, 1, 3, 0, 0, 0, 2, 1, 1.0, 0, 0, 0, 0, 0, 0, -53.829776763916016, 0.0], [1, 0, 1, 0.0, 1, 0, 8, 3, 10, 1, 0, 1, 1, 1, 1, 2, 0, 0, 0, 2, 1, 1.0, 0, 0, 0, 0, 0, 0, -53.829776763916016, 0.0], [1, 0, 1, 0.0, 1, 0, 8, 3, 10, 1, 0, 1, 1, 1, 1, 2, 0, 0, 0, 2, 1, 1.0, 0, 0, 0, 0, 0, 0, -53.829776763916016, 0.0], [1, 0, 1, 0.0, 1, 1, 8, 4, 11, 1, 0, 1, 1, 1, 2, 2, 0, 0, 0, 3, 1, 1.0, 0, 0, 1, 0, 0, 0, -49.52381896972656, 30.251197814941406], [1, 0, 1, 0.0, 1, 1, 8, 4, 11, 1, 1, 1, 1, 1, 2, 2, 0, 0, 0, 3, 1, 1.0, 0, 0, 1, 0, 0, 0, -49.52381896972656, 30.251197814941406], [1, 0, 1, 0.0, 1, 1, 8, 4, 11, 1, 0, 1, 1, 1, 2, 2, 0, 0, 0, 3, 1, 1.0, 0, 0, 1, 0, 0, 0, -49.52381896972656, 30.251197814941406], [1, 0, 1, 0.0, 1, 0, 8, 3, 10, 1, 0, 1, 1, 1, 1, 4, 0, 0, 0, 2, 1, 1.0, 0, 0, 0, 0, 0, 0, -53.829776763916016, 0.0], [1, 0, 1, 0.0, 1, 0, 8, 3, 10, 1, 0, 1, 1, 1, 1, 4, 0, 0, 0, 2, 1, 1.0, 0, 0, 0, 0, 0, 0, -53.829776763916016, 0.0], [1, 0, 1, 0.2925879955291748, 1, 0, 8, 3, 10, 1, 0, 1, 1, 1, 1, 6, 0, 0, 0, 2, 1, 1.0, 0, 0, 0, 0, 0, 0, -53.829776763916016, 0.0], [1, 0, 1, 0.2925879955291748, 1, 0, 8, 3, 10, 1, 0, 1, 1, 1, 1, 6, 0, 0, 0, 2, 1, 1.0, 0, 0, 0, 0, 0, 0, -53.829776763916016, 0.0], [1, 0, 1, 2.384185791015625e-07, 1, 0, 8, 3, 10, 1, 0, 1, 1, 1, 1, 6, 0, 0, 0, 2, 1, 1.0, 0, 0, 0, 0, 0, 0, -53.829776763916016, 0.0], [1, 0, 1, 2.384185791015625e-07, 1, 0, 8, 3, 10, 1, 0, 1, 1, 1, 1, 6, 0, 0, 0, 2, 1, 1.0, 0, 0, 0, 0, 0, 0, -53.829776763916016, 0.0], [0, 0, 0, 0.10124683380126953, 0, 1, 8, 3, 10, 0, 0, 1, 1, 1, 1, 4, 0, 0, 0, 2, 0, 1.0, 0, 0, 2, 0, 0, 0, -47.243717193603516, 0.0], [0, 0, 0, 0.10124683380126953, 0, 1, 8, 3, 10, 0, 0, 1, 1, 1, 1, 4, 0, 0, 0, 2, 0, 1.0, 0, 0, 2, 0, 0, 0, -47.243717193603516, 0.0], [1, 0, 1, 0.0, 1, 0, 8, 3, 10, 1, 0, 1, 1, 1, 1, 2, 0, 0, 0, 2, 1, 1.0, 0, 0, 0, 0, 0, 0, -53.829776763916016, 0.0], [1, 0, 1, 0.0, 1, 0, 8, 3, 10, 1, 0, 1, 1, 1, 1, 2, 0, 0, 0, 2, 1, 1.0, 0, 0, 0, 0, 0, 0, -53.829776763916016, 0.0], [1, 0, 1, 0.0, 1, 0, 8, 4, 11, 1, 0, 1, 1, 1, 2, 2, 0, 0, 0, 3, 1, 1.0, 0, 0, 0, 0, 0, 0, -62.29866027832031, 0.0], [1, 0, 1, 0.0, 1, 0, 8, 4, 11, 1, 0, 1, 1, 1, 2, 2, 0, 0, 0, 3, 1, 1.0, 0, 0, 0, 0, 0, 0, -62.29866027832031, 0.0], [1, 0, 1, 0.0, 1, 0, 8, 4, 11, 1, 0, 1, 1, 1, 2, 2, 0, 0, 0, 3, 1, 1.0, 0, 0, 0, 0, 0, 0, -62.29866027832031, 0.0], [1, 0, 1, 0.38455891609191895, 0, 0, 5, 3, 7, 1, 0, 1, 1, 1, 1, 3, 0, 0, 0, 2, 1, 1.0, 0, 0, 0, 0, 0, 0, -53.829776763916016, 0.0], [1, 0, 1, 0.38455891609191895, 0, 0, 5, 3, 7, 1, 0, 1, 1, 1, 1, 3, 0, 0, 0, 2, 1, 1.0, 0, 0, 0, 0, 0, 0, -53.829776763916016, 0.0], [1, 0, 1, 0.0, 1, 1, 8, 3, 10, 1, 0, 1, 1, 1, 1, 2, 0, 0, 0, 2, 1, 1.0, 0, 0, 1, 0, 0, 0, -53.51526641845703, 0.7625808715820312], [1, 0, 1, 0.0, 1, 1, 8, 3, 10, 1, 0, 1, 1, 1, 1, 2, 0, 0, 0, 2, 1, 1.0, 0, 0, 1, 0, 0, 0, -53.51526641845703, 0.7625808715820312], [1, 0, 1, 0.0, 1, 0, 8, 3, 10, 1, 0, 1, 1, 1, 1, 2, 0, 0, 0, 2, 1, 1.0, 0, 0, 0, 0, 0, 0, -53.829776763916016, 0.0], [1, 0, 1, 0.0, 1, 0, 8, 3, 10, 1, 0, 1, 1, 1, 1, 2, 0, 0, 0, 2, 1, 1.0, 0, 0, 0, 0, 0, 0, -53.829776763916016, 0.0], [1, 0, 1, 0.0, 1, 1, 8, 5, 12, 1, 0, 1, 1, 1, 3, 2, 0, 0, 0, 4, 1, 1.0, 0, 0, 1, 0, 0, 0, -46.7321891784668, 31.854663848876953], [1, 0, 1, 0.0, 1, 1, 8, 5, 12, 1, 0, 1, 1, 1, 3, 2, 0, 0, 0, 4, 1, 1.0, 0, 0, 1, 0, 0, 0, -46.7321891784668, 31.854663848876953], [1, 0, 1, 0.0, 1, 1, 8, 5, 12, 1, 0, 1, 1, 1, 3, 2, 0, 0, 0, 4, 1, 1.0, 0, 0, 1, 0, 0, 0, -46.7321891784668, 31.854663848876953], [1, 0, 1, 0.0, 1, 1, 8, 5, 12, 1, 1, 1, 1, 1, 3, 2, 0, 0, 0, 4, 1, 1.0, 0, 0, 1, 0, 0, 0, -46.7321891784668, 31.854663848876953], [1, 0, 1, 0.20716655254364014, 1, 0, 8, 3, 10, 1, 0, 1, 1, 1, 1, 5, 0, 0, 0, 2, 1, 1.0, 0, 0, 0, 0, 0, 0, -53.829776763916016, 0.0], [1, 0, 1, 0.20716655254364014, 1, 0, 8, 3, 10, 1, 1, 1, 1, 1, 1, 5, 0, 0, 0, 2, 1, 1.0, 0, 0, 0, 0, 0, 0, -53.829776763916016, 0.0], [1, 0, 1, 0.0, 1, 0, 5, 3, 7, 1, 0, 1, 1, 1, 1, 2, 0, 0, 0, 2, 1, 1.0, 0, 0, 0, 0, 0, 0, -53.829776763916016, 0.0], [1, 0, 1, 0.0, 1, 0, 5, 3, 7, 1, 0, 1, 1, 1, 1, 2, 0, 0, 0, 2, 1, 1.0, 0, 0, 0, 0, 0, 0, -53.829776763916016, 0.0], [1, 0, 1, 0.0, 1, 0, 8, 3, 10, 1, 0, 1, 1, 1, 1, 2, 0, 0, 0, 2, 1, 1.0, 0, 0, 0, 0, 0, 0, -53.829776763916016, 0.0], [1, 0, 1, 0.0, 1, 0, 8, 3, 10, 1, 0, 1, 1, 1, 1, 2, 0, 0, 0, 2, 1, 1.0, 0, 0, 0, 0, 0, 0, -53.829776763916016, 0.0], [1, 0, 1, 0.0, 1, 0, 8, 3, 10, 1, 0, 1, 1, 1, 1, 3, 0, 0, 0, 2, 1, 1.0, 0, 0, 0, 0, 0, 0, -53.829776763916016, 0.0], [1, 0, 1, 0.0, 1, 0, 8, 3, 10, 1, 0, 1, 1, 1, 1, 3, 0, 0, 0, 2, 1, 1.0, 0, 0, 0, 0, 0, 0, -53.829776763916016, 0.0], [1, 0, 1, 0.0, 1, 1, 8, 5, 12, 1, 0, 1, 1, 1, 3, 2, 0, 0, 0, 4, 1, 1.0, 0, 0, 1, 0, 0, 0, -57.86891174316406, 21.73651123046875], [1, 0, 1, 0.0, 1, 1, 8, 5, 12, 1, 0, 1, 1, 1, 3, 2, 0, 0, 0, 4, 1, 1.0, 0, 0, 1, 0, 0, 0, -57.86891174316406, 21.73651123046875], [1, 0, 1, 0.0, 1, 1, 8, 5, 12, 1, 1, 1, 1, 1, 3, 2, 0, 0, 0, 4, 1, 1.0, 0, 0, 1, 0, 0, 0, -57.86891174316406, 21.73651123046875], [1, 0, 1, 0.0, 1, 1, 8, 5, 12, 1, 0, 1, 1, 1, 3, 2, 0, 0, 0, 4, 1, 1.0, 0, 0, 1, 0, 0, 0, -57.86891174316406, 21.73651123046875], [1, 0, 1, 0.0, 1, 0, 8, 3, 10, 1, 0, 1, 1, 1, 1, 2, 0, 0, 0, 2, 1, 1.0, 0, 0, 0, 0, 0, 0, -53.829776763916016, 0.0], [1, 0, 1, 0.0, 1, 0, 8, 3, 10, 1, 0, 1, 1, 1, 1, 2, 0, 0, 0, 2, 1, 1.0, 0, 0, 0, 0, 0, 0, -53.829776763916016, 0.0], [1, 0, 1, 0.11551618576049805, 1, 1, 5, 3, 7, 1, 0, 1, 1, 1, 1, 4, 0, 0, 0, 2, 0, 1.0, 0, 0, 1, 0, 0, 0, -46.45242691040039, 7.712806701660156], [1, 0, 1, 0.11551618576049805, 1, 1, 5, 3, 7, 1, 0, 1, 1, 1, 1, 4, 0, 0, 0, 2, 0, 1.0, 0, 0, 1, 0, 0, 0, -46.45242691040039, 7.712806701660156], [1, 0, 1, 0.0, 1, 0, 8, 3, 10, 1, 0, 1, 1, 1, 1, 2, 0, 0, 0, 2, 1, 1.0, 0, 0, 0, 0, 0, 0, -53.829776763916016, 0.0], [1, 0, 1, 0.0, 1, 0, 8, 3, 10, 1, 0, 1, 1, 1, 1, 2, 0, 0, 0, 2, 1, 1.0, 0, 0, 0, 0, 0, 0, -53.829776763916016, 0.0], [1, 0, 0, 0.0, 1, 1, 8, 3, 10, 1, 0, 1, 1, 1, 1, 2, 0, 0, 0, 2, 1, 1.0, 0, 0, 1, 0, 0, 0, -48.26026153564453, 0.0], [1, 0, 0, 0.0, 1, 1, 8, 3, 10, 1, 0, 1, 1, 1, 1, 2, 0, 0, 0, 2, 1, 1.0, 0, 0, 1, 0, 0, 0, -48.26026153564453, 0.0], [1, 0, 1, 2.384185791015625e-07, 1, 0, 8, 3, 10, 1, 0, 1, 1, 1, 1, 6, 0, 0, 0, 2, 1, 1.0, 0, 0, 0, 0, 0, 0, -53.829776763916016, 0.0], [1, 0, 1, 2.384185791015625e-07, 1, 0, 8, 3, 10, 1, 0, 1, 1, 1, 1, 6, 0, 0, 0, 2, 1, 1.0, 0, 0, 0, 0, 0, 0, -53.829776763916016, 0.0], [0, 0, 1, 0.0, 0, 0, 8, 4, 11, 0, 0, 1, 1, 1, 2, 4, 0, 0, 0, 3, 0, 1.0, 0, 0, 0, 0, 0, 0, -62.29866027832031, 0.0], [0, 0, 1, 0.0, 0, 0, 8, 4, 11, 0, 0, 1, 1, 1, 2, 4, 0, 0, 0, 3, 0, 1.0, 0, 0, 0, 0, 0, 0, -62.29866027832031, 0.0], [0, 0, 1, 0.0, 0, 0, 8, 4, 11, 0, 0, 1, 1, 1, 2, 4, 0, 0, 0, 3, 0, 1.0, 0, 0, 0, 0, 0, 0, -62.29866027832031, 0.0], [1, 0, 1, 0.4521957039833069, 1, 0, 6, 3, 8, 1, 0, 1, 1, 1, 1, 5, 0, 0, 0, 2, 1, 1.0, 0, 0, 0, 0, 0, 0, -53.829776763916016, 0.0], [1, 0, 1, 0.4521957039833069, 1, 0, 6, 3, 8, 1, 0, 1, 1, 1, 1, 5, 0, 0, 0, 2, 1, 1.0, 0, 0, 0, 0, 0, 0, -53.829776763916016, 0.0], [1, 0, 1, 0.0, 1, 0, 5, 3, 7, 1, 0, 1, 1, 1, 1, 4, 0, 0, 0, 2, 1, 1.0, 0, 0, 0, 0, 0, 0, -53.829776763916016, 0.0], [1, 0, 1, 0.0, 1, 0, 5, 3, 7, 1, 0, 1, 1, 1, 1, 4, 0, 0, 0, 2, 1, 1.0, 0, 0, 0, 0, 0, 0, -53.829776763916016, 0.0], [1, 0, 1, 0.0, 1, 1, 8, 6, 13, 1, 0, 1, 1, 1, 4, 2, 0, 0, 0, 5, 1, 1.0, 0, 0, 1, 0, 0, 0, -51.750946044921875, 26.33153533935547], [1, 0, 1, 0.0, 1, 1, 8, 6, 13, 1, 1, 1, 1, 1, 4, 2, 0, 0, 0, 5, 1, 1.0, 0, 0, 1, 0, 0, 0, -51.10966873168945, 26.97281265258789], [1, 0, 1, 0.0, 1, 1, 8, 6, 13, 1, 0, 1, 1, 1, 4, 2, 0, 0, 0, 5, 1, 1.0, 0, 0, 1, 0, 0, 0, -51.78727340698242, 26.295207977294922], [1, 0, 1, 0.0, 1, 1, 8, 6, 13, 1, 0, 1, 1, 1, 4, 2, 0, 0, 0, 5, 1, 1.0, 0, 0, 1, 0, 0, 0, -51.78727340698242, 26.295207977294922], [1, 0, 1, 0.0, 1, 1, 8, 6, 13, 1, 0, 1, 1, 1, 4, 2, 0, 0, 0, 5, 1, 1.0, 0, 0, 1, 0, 0, 0, -51.78727340698242, 26.295207977294922], [1, 0, 1, 0.0, 1, 0, 8, 3, 10, 1, 0, 1, 1, 1, 1, 2, 0, 0, 0, 2, 1, 1.0, 0, 0, 0, 0, 0, 0, -53.829776763916016, 0.0], [1, 0, 1, 0.0, 1, 0, 8, 3, 10, 1, 0, 1, 1, 1, 1, 2, 0, 0, 0, 2, 1, 1.0, 0, 0, 0, 0, 0, 0, -53.829776763916016, 0.0], [1, 0, 1, 0.0, 1, 0, 8, 3, 10, 1, 0, 1, 1, 1, 1, 2, 0, 0, 0, 2, 1, 1.0, 0, 0, 0, 0, 0, 0, -53.829776763916016, 0.0], [1, 0, 1, 0.0, 1, 0, 8, 3, 10, 1, 0, 1, 1, 1, 1, 2, 0, 0, 0, 2, 1, 1.0, 0, 0, 0, 0, 0, 0, -53.829776763916016, 0.0], [1, 0, 1, 0.0, 1, 0, 8, 3, 10, 1, 0, 1, 1, 1, 1, 2, 0, 0, 0, 2, 1, 1.0, 0, 0, 0, 0, 0, 0, -53.829776763916016, 0.0], [1, 0, 1, 0.0, 1, 0, 8, 3, 10, 1, 0, 1, 1, 1, 1, 2, 0, 0, 0, 2, 1, 1.0, 0, 0, 0, 0, 0, 0, -53.829776763916016, 0.0], [1, 0, 1, 0.0, 1, 0, 4, 3, 6, 1, 0, 1, 1, 1, 1, 2, 0, 0, 0, 2, 1, 1.0, 0, 0, 0, 0, 0, 0, -53.829776763916016, 0.0], [1, 0, 1, 0.0, 1, 0, 4, 3, 6, 1, 0, 1, 1, 1, 1, 2, 0, 0, 0, 2, 1, 1.0, 0, 0, 0, 0, 0, 0, -53.829776763916016, 0.0], [1, 0, 1, 0.0, 1, 0, 8, 3, 10, 1, 0, 1, 1, 1, 1, 2, 0, 0, 0, 2, 1, 1.0, 0, 0, 0, 0, 0, 0, -53.829776763916016, 0.0], [1, 0, 1, 0.0, 1, 0, 8, 3, 10, 1, 0, 1, 1, 1, 1, 2, 0, 0, 0, 2, 1, 1.0, 0, 0, 0, 0, 0, 0, -53.829776763916016, 0.0], [1, 0, 1, 0.534996896982193, 1, 0, 8, 3, 10, 1, 0, 1, 1, 1, 1, 6, 0, 0, 0, 2, 1, 1.0, 0, 0, 0, 0, 0, 0, -53.829776763916016, 0.0], [1, 0, 1, 0.534996896982193, 1, 0, 8, 3, 10, 1, 0, 1, 1, 1, 1, 6, 0, 0, 0, 2, 1, 1.0, 0, 0, 0, 0, 0, 0, -53.829776763916016, 0.0], [1, 0, 1, 0.0, 1, 1, 8, 4, 11, 1, 0, 1, 1, 1, 2, 2, 0, 0, 0, 3, 1, 1.0, 0, 0, 1, 0, 0, 0, -59.520877838134766, 20.254138946533203], [1, 0, 1, 0.0, 1, 1, 8, 4, 11, 1, 0, 1, 1, 1, 2, 2, 0, 0, 0, 3, 1, 1.0, 0, 0, 1, 0, 0, 0, -59.520877838134766, 20.254138946533203], [1, 0, 1, 0.0, 1, 1, 8, 4, 11, 1, 1, 1, 1, 1, 2, 2, 0, 0, 0, 3, 1, 1.0, 0, 0, 1, 0, 0, 0, -59.520877838134766, 20.254138946533203], [1, 0, 1, 0.0, 1, 1, 8, 3, 10, 1, 0, 1, 1, 1, 1, 2, 0, 0, 0, 2, 1, 1.0, 0, 0, 1, 0, 0, 0, -53.51526641845703, 0.7625808715820312], [1, 0, 1, 0.0, 1, 1, 8, 3, 10, 1, 0, 1, 1, 1, 1, 2, 0, 0, 0, 2, 1, 1.0, 0, 0, 1, 0, 0, 0, -53.51526641845703, 0.7625808715820312], [1, 0, 1, 0.0, 1, 0, 8, 3, 10, 1, 0, 1, 1, 1, 1, 4, 0, 0, 0, 2, 1, 1.0, 0, 0, 0, 0, 0, 0, -53.829776763916016, 0.0], [1, 0, 1, 0.0, 1, 0, 8, 3, 10, 1, 0, 1, 1, 1, 1, 4, 0, 0, 0, 2, 1, 1.0, 0, 0, 0, 0, 0, 0, -53.829776763916016, 0.0], [0, 0, 1, 0.0, 0, 0, 8, 3, 10, 0, 0, 1, 1, 1, 1, 2, 0, 0, 0, 2, 0, 1.0, 0, 0, 0, 0, 0, 0, -53.829776763916016, 0.0], [0, 0, 1, 0.0, 0, 0, 8, 3, 10, 0, 0, 1, 1, 1, 1, 2, 0, 0, 0, 2, 0, 1.0, 0, 0, 0, 0, 0, 0, -53.829776763916016, 0.0], [1, 0, 1, 0.0, 1, 1, 8, 4, 11, 1, 0, 1, 1, 1, 2, 2, 0, 0, 0, 3, 1, 1.0, 0, 0, 1, 0, 0, 0, -59.520877838134766, 20.254138946533203], [1, 0, 1, 0.0, 1, 1, 8, 4, 11, 1, 0, 1, 1, 1, 2, 2, 0, 0, 0, 3, 1, 1.0, 0, 0, 1, 0, 0, 0, -59.520877838134766, 20.254138946533203], [1, 0, 1, 0.0, 1, 1, 8, 4, 11, 1, 1, 1, 1, 1, 2, 2, 0, 0, 0, 3, 1, 1.0, 0, 0, 1, 0, 0, 0, -59.520877838134766, 20.254138946533203], [1, 0, 1, 0.0, 1, 1, 6, 5, 10, 1, 0, 1, 1, 1, 3, 3, 0, 0, 0, 4, 1, 1.0, 0, 0, 1, 0, 0, 0, -57.86891174316406, 20.717941284179688], [1, 0, 1, 0.0, 1, 1, 6, 5, 10, 1, 1, 1, 1, 1, 3, 3, 0, 0, 0, 4, 1, 1.0, 0, 0, 1, 0, 0, 0, -57.86891174316406, 20.717941284179688], [1, 0, 1, 0.0, 1, 1, 6, 5, 10, 1, 0, 1, 1, 1, 3, 3, 0, 0, 0, 4, 1, 1.0, 0, 0, 1, 0, 0, 0, -57.86891174316406, 20.717941284179688], [1, 0, 1, 0.0, 1, 1, 6, 5, 10, 1, 0, 1, 1, 1, 3, 3, 0, 0, 0, 4, 1, 1.0, 0, 0, 1, 0, 0, 0, -57.86891174316406, 20.717941284179688], [1, 0, 1, 0.0, 1, 0, 5, 3, 7, 1, 0, 1, 1, 1, 1, 4, 0, 0, 0, 2, 1, 1.0, 0, 0, 0, 0, 0, 0, -53.829776763916016, 0.0], [1, 0, 1, 0.0, 1, 0, 5, 3, 7, 1, 0, 1, 1, 1, 1, 4, 0, 0, 0, 2, 1, 1.0, 0, 0, 0, 0, 0, 0, -53.829776763916016, 0.0], [1, 0, 1, 0.0, 1, 0, 8, 4, 11, 1, 0, 1, 1, 1, 2, 2, 0, 0, 0, 3, 1, 1.0, 0, 0, 0, 0, 0, 0, -62.29866027832031, 0.0], [1, 0, 1, 0.0, 1, 0, 8, 4, 11, 1, 0, 1, 1, 1, 2, 2, 0, 0, 0, 3, 1, 1.0, 0, 0, 0, 0, 0, 0, -62.29866027832031, 0.0], [1, 0, 1, 0.0, 1, 0, 8, 4, 11, 1, 1, 1, 1, 1, 2, 2, 0, 0, 0, 3, 1, 1.0, 0, 0, 0, 0, 0, 0, -62.29866027832031, 0.0], [1, 0, 1, 0.31834840774536133, 1, 0, 8, 3, 10, 1, 0, 1, 1, 1, 1, 4, 0, 0, 0, 2, 1, 1.0, 0, 0, 0, 0, 0, 0, -53.829776763916016, 0.0], [1, 0, 1, 0.31834840774536133, 1, 0, 8, 3, 10, 1, 0, 1, 1, 1, 1, 4, 0, 0, 0, 2, 1, 1.0, 0, 0, 0, 0, 0, 0, -53.829776763916016, 0.0], [0, 0, 0, 0.0, 0, 1, 4, 3, 6, 0, 0, 1, 1, 1, 1, 3, 0, 0, 0, 2, 0, 1.0, 0, 0, 1, 0, 0, 0, -52.96138000488281, 0.0], [0, 0, 0, 0.0, 0, 1, 4, 3, 6, 0, 0, 1, 1, 1, 1, 3, 0, 0, 0, 2, 0, 1.0, 0, 0, 1, 0, 0, 0, -52.96138000488281, 0.0], [1, 0, 1, 0.0, 1, 0, 8, 3, 10, 1, 0, 1, 1, 1, 1, 2, 0, 0, 0, 2, 1, 1.0, 0, 0, 0, 0, 0, 0, -53.829776763916016, 0.0], [1, 0, 1, 0.0, 1, 0, 8, 3, 10, 1, 1, 1, 1, 1, 1, 2, 0, 0, 0, 2, 1, 1.0, 0, 0, 0, 0, 0, 0, -53.829776763916016, 0.0], [1, 0, 1, 0.0, 1, 0, 2, 3, 4, 1, 0, 1, 1, 1, 1, 2, 0, 0, 0, 2, 1, 1.0, 0, 0, 0, 0, 0, 0, -53.829776763916016, 0.0], [1, 0, 1, 0.0, 1, 0, 2, 3, 4, 1, 0, 1, 1, 1, 1, 2, 0, 0, 0, 2, 1, 1.0, 0, 0, 0, 0, 0, 0, -53.829776763916016, 0.0], [1, 0, 0, 0.0, 1, 1, 8, 3, 10, 1, 0, 1, 1, 1, 1, 2, 0, 0, 0, 2, 1, 1.0, 0, 0, 1, 0, 0, 0, -64.08914947509766, 0.0], [1, 0, 0, 0.0, 1, 1, 8, 3, 10, 1, 1, 1, 1, 1, 1, 2, 0, 0, 0, 2, 1, 1.0, 0, 0, 1, 0, 0, 0, -64.08914947509766, 0.0], [1, 0, 1, 0.0, 1, 0, 8, 3, 10, 1, 0, 1, 1, 1, 1, 2, 0, 0, 0, 2, 1, 1.0, 0, 0, 0, 0, 0, 0, -53.829776763916016, 0.0], [1, 0, 1, 0.0, 1, 0, 8, 3, 10, 1, 0, 1, 1, 1, 1, 2, 0, 0, 0, 2, 1, 1.0, 0, 0, 0, 0, 0, 0, -53.829776763916016, 0.0], [1, 0, 1, 0.09664797782897949, 1, 1, 8, 3, 10, 1, 0, 1, 1, 1, 1, 3, 0, 0, 0, 2, 1, 1.0, 0, 0, 1, 0, 0, 0, -47.67168426513672, 5.289695739746094], [1, 0, 1, 0.09664797782897949, 1, 1, 8, 3, 10, 1, 0, 1, 1, 1, 1, 3, 0, 0, 0, 2, 1, 1.0, 0, 0, 1, 0, 0, 0, -47.67168426513672, 5.289695739746094], [1, 0, 1, 0.0, 1, 1, 8, 3, 10, 1, 1, 1, 1, 1, 1, 2, 0, 0, 0, 2, 1, 1.0, 0, 0, 1, 0, 0, 0, -53.51526641845703, 0.7625808715820312], [1, 0, 1, 0.0, 1, 1, 8, 3, 10, 1, 1, 1, 1, 1, 1, 2, 0, 0, 0, 2, 1, 1.0, 0, 0, 1, 0, 0, 0, -53.51526641845703, 0.7625808715820312], [1, 0, 1, 0.0, 1, 0, 4, 3, 6, 1, 0, 1, 1, 1, 1, 3, 0, 0, 0, 2, 1, 1.0, 0, 0, 0, 0, 0, 0, -53.829776763916016, 0.0], [1, 0, 1, 0.0, 1, 0, 4, 3, 6, 1, 0, 1, 1, 1, 1, 3, 0, 0, 0, 2, 1, 1.0, 0, 0, 0, 0, 0, 0, -53.829776763916016, 0.0], [1, 0, 1, 0.0, 1, 1, 8, 3, 10, 1, 0, 1, 1, 1, 1, 2, 0, 0, 0, 2, 1, 1.0, 0, 0, 1, 0, 0, 0, -53.581844329833984, 0.5833854675292969], [1, 0, 1, 0.0, 1, 1, 8, 3, 10, 1, 0, 1, 1, 1, 1, 2, 0, 0, 0, 2, 1, 1.0, 0, 0, 1, 0, 0, 0, -53.581844329833984, 0.5833854675292969], [1, 0, 1, 0.0, 1, 0, 8, 3, 10, 1, 0, 1, 1, 1, 1, 2, 0, 0, 0, 2, 1, 1.0, 0, 0, 0, 0, 0, 0, -53.829776763916016, 0.0], [1, 0, 1, 0.0, 1, 0, 8, 3, 10, 1, 0, 1, 1, 1, 1, 2, 0, 0, 0, 2, 1, 1.0, 0, 0, 0, 0, 0, 0, -53.829776763916016, 0.0], [1, 0, 1, 0.08580672740936279, 1, 0, 7, 3, 9, 1, 0, 1, 1, 1, 1, 7, 0, 0, 0, 2, 1, 1.0, 0, 0, 0, 0, 0, 0, -53.829776763916016, 0.0], [1, 0, 1, 0.08580672740936279, 1, 0, 7, 3, 9, 1, 0, 1, 1, 1, 1, 7, 0, 0, 0, 2, 1, 1.0, 0, 0, 0, 0, 0, 0, -53.829776763916016, 0.0], [1, 0, 1, 0.10850566625595093, 1, 0, 5, 3, 7, 1, 0, 1, 1, 1, 1, 5, 0, 0, 0, 2, 1, 1.0, 0, 0, 0, 0, 0, 0, -53.829776763916016, 0.0], [1, 0, 1, 0.10850566625595093, 1, 0, 5, 3, 7, 1, 0, 1, 1, 1, 1, 5, 0, 0, 0, 2, 1, 1.0, 0, 0, 0, 0, 0, 0, -53.829776763916016, 0.0], [1, 0, 1, 0.0, 1, 1, 4, 4, 7, 1, 0, 1, 1, 1, 2, 3, 0, 0, 0, 3, 1, 1.0, 0, 0, 1, 0, 0, 0, -59.520877838134766, 20.254138946533203], [1, 0, 1, 0.0, 1, 1, 4, 4, 7, 1, 0, 1, 1, 1, 2, 3, 0, 0, 0, 3, 1, 1.0, 0, 0, 1, 0, 0, 0, -59.520877838134766, 20.254138946533203], [1, 0, 1, 0.0, 1, 1, 4, 4, 7, 1, 0, 1, 1, 1, 2, 3, 0, 0, 0, 3, 1, 1.0, 0, 0, 1, 0, 0, 0, -59.520877838134766, 20.254138946533203], [1, 0, 1, 0.0, 1, 0, 8, 4, 11, 1, 0, 1, 1, 1, 2, 3, 0, 0, 0, 3, 1, 1.0, 0, 0, 0, 0, 0, 0, -62.29866027832031, 0.0], [1, 0, 1, 0.0, 1, 0, 8, 4, 11, 1, 0, 1, 1, 1, 2, 3, 0, 0, 0, 3, 1, 1.0, 0, 0, 0, 0, 0, 0, -62.29866027832031, 0.0], [1, 0, 1, 0.0, 1, 0, 8, 4, 11, 1, 0, 1, 1, 1, 2, 3, 0, 0, 0, 3, 1, 1.0, 0, 0, 0, 0, 0, 0, -62.29866027832031, 0.0], [1, 0, 1, 0.0, 1, 0, 4, 4, 7, 1, 0, 1, 1, 1, 2, 2, 0, 0, 0, 3, 1, 1.0, 0, 0, 0, 0, 0, 0, -62.29866027832031, 0.0], [1, 0, 1, 0.0, 1, 0, 4, 4, 7, 1, 0, 1, 1, 1, 2, 2, 0, 0, 0, 3, 1, 1.0, 0, 0, 0, 0, 0, 0, -62.29866027832031, 0.0], [1, 0, 1, 0.0, 1, 0, 4, 4, 7, 1, 1, 1, 1, 1, 2, 2, 0, 0, 0, 3, 1, 1.0, 0, 0, 0, 0, 0, 0, -62.29866027832031, 0.0], [1, 0, 1, 0.0, 1, 1, 8, 6, 13, 1, 0, 1, 1, 1, 4, 2, 0, 0, 0, 5, 1, 1.0, 0, 0, 1, 0, 0, 0, -48.69790267944336, 29.384578704833984], [1, 0, 1, 0.0, 1, 1, 8, 6, 13, 1, 0, 1, 1, 1, 4, 2, 0, 0, 0, 5, 1, 1.0, 0, 0, 1, 0, 0, 0, -48.69790267944336, 29.384578704833984], [1, 0, 1, 0.0, 1, 1, 8, 6, 13, 1, 0, 1, 1, 1, 4, 2, 0, 0, 0, 5, 1, 1.0, 0, 0, 1, 0, 0, 0, -48.69790267944336, 29.384578704833984], [1, 0, 1, 0.0, 1, 1, 8, 6, 13, 1, 0, 1, 1, 1, 4, 2, 0, 0, 0, 5, 1, 1.0, 0, 0, 1, 0, 0, 0, -48.69790267944336, 29.384578704833984], [1, 0, 1, 0.0, 1, 1, 8, 6, 13, 1, 0, 1, 1, 1, 4, 2, 0, 0, 0, 5, 1, 1.0, 0, 0, 1, 0, 0, 0, -48.69790267944336, 29.384578704833984], [1, 0, 1, 0.0, 1, 1, 3, 4, 6, 1, 0, 1, 1, 1, 2, 3, 0, 0, 0, 3, 1, 1.0, 0, 0, 1, 0, 0, 0, -61.52097702026367, 17.501270294189453], [1, 0, 1, 0.0, 1, 1, 3, 4, 6, 1, 0, 1, 1, 1, 2, 3, 0, 0, 0, 3, 1, 1.0, 0, 0, 1, 0, 0, 0, -60.62474060058594, 18.397506713867188], [1, 0, 1, 0.0, 1, 1, 3, 4, 6, 1, 0, 1, 1, 1, 2, 3, 0, 0, 0, 3, 1, 1.0, 0, 0, 1, 0, 0, 0, -61.24272155761719, 17.779525756835938], [1, 0, 1, 0.0, 1, 0, 6, 3, 8, 1, 0, 1, 1, 1, 1, 4, 0, 0, 0, 2, 1, 1.0, 0, 0, 0, 0, 0, 0, -53.829776763916016, 0.0], [1, 0, 1, 0.0, 1, 0, 6, 3, 8, 1, 1, 1, 1, 1, 1, 4, 0, 0, 0, 2, 1, 1.0, 0, 0, 0, 0, 0, 0, -53.829776763916016, 0.0], [1, 0, 1, 0.0, 1, 0, 6, 3, 8, 1, 0, 1, 1, 1, 1, 5, 0, 0, 0, 2, 1, 1.0, 0, 0, 0, 0, 0, 0, -53.829776763916016, 0.0], [1, 0, 1, 0.0, 1, 0, 6, 3, 8, 1, 0, 1, 1, 1, 1, 5, 0, 0, 0, 2, 1, 1.0, 0, 0, 0, 0, 0, 0, -53.829776763916016, 0.0], [1, 0, 1, 0.0, 1, 0, 4, 3, 6, 1, 0, 1, 1, 1, 1, 2, 0, 0, 0, 2, 1, 1.0, 0, 0, 0, 0, 0, 0, -53.829776763916016, 0.0], [1, 0, 1, 0.0, 1, 0, 4, 3, 6, 1, 0, 1, 1, 1, 1, 2, 0, 0, 0, 2, 1, 1.0, 0, 0, 0, 0, 0, 0, -53.829776763916016, 0.0], [1, 0, 1, 0.0, 1, 0, 8, 3, 10, 1, 0, 1, 1, 1, 1, 2, 0, 0, 0, 2, 1, 1.0, 0, 0, 0, 0, 0, 0, -53.829776763916016, 0.0], [1, 0, 1, 0.0, 1, 0, 8, 3, 10, 1, 0, 1, 1, 1, 1, 2, 0, 0, 0, 2, 1, 1.0, 0, 0, 0, 0, 0, 0, -53.829776763916016, 0.0], [1, 0, 1, 0.0, 1, 0, 4, 3, 6, 1, 0, 1, 1, 1, 1, 3, 0, 0, 0, 2, 1, 1.0, 0, 0, 0, 0, 0, 0, -53.829776763916016, 0.0], [1, 0, 1, 0.0, 1, 0, 4, 3, 6, 1, 0, 1, 1, 1, 1, 3, 0, 0, 0, 2, 1, 1.0, 0, 0, 0, 0, 0, 0, -53.829776763916016, 0.0], [1, 0, 1, 0.0, 1, 0, 5, 3, 7, 1, 0, 1, 1, 1, 1, 4, 0, 0, 0, 2, 1, 1.0, 0, 0, 0, 0, 0, 0, -53.829776763916016, 0.0], [1, 0, 1, 0.0, 1, 0, 5, 3, 7, 1, 0, 1, 1, 1, 1, 4, 0, 0, 0, 2, 1, 1.0, 0, 0, 0, 0, 0, 0, -53.829776763916016, 0.0], [0, 0, 0, 0.19440171122550964, 0, 1, 7, 3, 9, 0, 0, 1, 1, 1, 1, 7, 0, 0, 0, 2, 0, 1.0, 0, 0, 1, 0, 0, 0, -47.243717193603516, 0.0], [0, 0, 0, 0.19440171122550964, 0, 1, 7, 3, 9, 0, 0, 1, 1, 1, 1, 7, 0, 0, 0, 2, 0, 1.0, 0, 0, 1, 0, 0, 0, -47.243717193603516, 0.0], [1, 0, 1, 0.0, 1, 0, 6, 4, 9, 1, 0, 1, 1, 1, 2, 5, 0, 0, 0, 3, 1, 1.0, 0, 0, 0, 0, 0, 0, -62.29866027832031, 0.0], [1, 0, 1, 0.0, 1, 0, 6, 4, 9, 1, 0, 1, 1, 1, 2, 5, 0, 0, 0, 3, 1, 1.0, 0, 0, 0, 0, 0, 0, -62.29866027832031, 0.0], [1, 0, 1, 0.0, 1, 0, 6, 4, 9, 1, 1, 1, 1, 1, 2, 5, 0, 0, 0, 3, 1, 1.0, 0, 0, 0, 0, 0, 0, -62.29866027832031, 0.0], [0, 0, 1, 0.25145605206489563, 0, 0, 8, 4, 11, 0, 0, 1, 1, 1, 2, 6, 0, 0, 0, 3, 0, 1.0, 0, 0, 0, 0, 0, 0, -62.29866027832031, 0.0], [0, 0, 1, 0.25145605206489563, 0, 0, 8, 4, 11, 0, 0, 1, 1, 1, 2, 6, 0, 0, 0, 3, 0, 1.0, 0, 0, 0, 0, 0, 0, -62.29866027832031, 0.0], [0, 0, 1, 0.25145605206489563, 0, 0, 8, 4, 11, 0, 0, 1, 1, 1, 2, 6, 0, 0, 0, 3, 0, 1.0, 0, 0, 0, 0, 0, 0, -62.29866027832031, 0.0], [1, 0, 1, 0.0, 1, 0, 8, 3, 10, 1, 0, 1, 1, 1, 1, 2, 0, 0, 0, 2, 1, 1.0, 0, 0, 0, 0, 0, 0, -53.829776763916016, 0.0], [1, 0, 1, 0.0, 1, 0, 8, 3, 10, 1, 0, 1, 1, 1, 1, 2, 0, 0, 0, 2, 1, 1.0, 0, 0, 0, 0, 0, 0, -53.829776763916016, 0.0], [1, 0, 1, 0.0, 1, 0, 8, 3, 10, 1, 1, 1, 1, 1, 1, 2, 0, 0, 0, 2, 1, 1.0, 0, 0, 0, 0, 0, 0, -53.829776763916016, 0.0], [1, 0, 1, 0.0, 1, 0, 8, 3, 10, 1, 0, 1, 1, 1, 1, 2, 0, 0, 0, 2, 1, 1.0, 0, 0, 0, 0, 0, 0, -53.829776763916016, 0.0], [1, 0, 1, 0.012822568416595459, 1, 0, 8, 3, 10, 1, 0, 1, 1, 1, 1, 5, 0, 0, 0, 2, 1, 1.0, 0, 0, 0, 0, 0, 0, -53.829776763916016, 0.0], [1, 0, 1, 0.012822568416595459, 1, 0, 8, 3, 10, 1, 0, 1, 1, 1, 1, 5, 0, 0, 0, 2, 1, 1.0, 0, 0, 0, 0, 0, 0, -53.829776763916016, 0.0], [1, 0, 1, 0.0, 1, 0, 8, 3, 10, 1, 0, 1, 1, 1, 1, 2, 0, 0, 0, 2, 1, 1.0, 0, 0, 0, 0, 0, 0, -53.829776763916016, 0.0], [1, 0, 1, 0.0, 1, 0, 8, 3, 10, 1, 0, 1, 1, 1, 1, 2, 0, 0, 0, 2, 1, 1.0, 0, 0, 0, 0, 0, 0, -53.829776763916016, 0.0], [1, 0, 1, 0.08580672740936279, 1, 0, 7, 3, 9, 1, 0, 1, 1, 1, 1, 7, 0, 0, 0, 2, 1, 1.0, 0, 0, 0, 0, 0, 0, -53.829776763916016, 0.0], [1, 0, 1, 0.08580672740936279, 1, 0, 7, 3, 9, 1, 0, 1, 1, 1, 1, 7, 0, 0, 0, 2, 1, 1.0, 0, 0, 0, 0, 0, 0, -53.829776763916016, 0.0], [1, 0, 0, 0.0, 1, 1, 8, 3, 10, 1, 1, 1, 1, 1, 1, 2, 0, 0, 0, 2, 1, 1.0, 0, 0, 1, 0, 0, 0, -48.26026153564453, 0.0], [1, 0, 0, 0.0, 1, 1, 8, 3, 10, 1, 0, 1, 1, 1, 1, 2, 0, 0, 0, 2, 1, 1.0, 0, 0, 1, 0, 0, 0, -48.26026153564453, 0.0], [1, 0, 1, 0.01367276906967163, 0, 1, 8, 3, 10, 1, 1, 1, 1, 1, 1, 5, 0, 0, 0, 2, 0, 1.0, 0, 0, 1, 0, 0, 0, -41.93305969238281, 5.310657501220703], [1, 0, 1, 0.01367276906967163, 0, 1, 8, 3, 10, 1, 0, 1, 1, 1, 1, 5, 0, 0, 0, 2, 0, 1.0, 0, 0, 1, 0, 0, 0, -41.93305969238281, 5.310657501220703], [1, 0, 1, 0.0, 1, 1, 8, 4, 11, 1, 1, 1, 1, 1, 2, 2, 0, 0, 0, 3, 1, 1.0, 0, 0, 1, 0, 0, 0, -52.58690643310547, 32.79199981689453], [1, 0, 1, 0.0, 1, 1, 8, 4, 11, 1, 0, 1, 1, 1, 2, 2, 0, 0, 0, 3, 1, 1.0, 0, 0, 1, 0, 0, 0, -53.93465805053711, 31.60323715209961], [1, 0, 1, 0.0, 1, 1, 8, 4, 11, 1, 0, 1, 1, 1, 2, 2, 0, 0, 0, 3, 1, 1.0, 0, 0, 1, 0, 0, 0, -53.93465805053711, 31.60323715209961], [1, 0, 1, 0.28560441732406616, 1, 0, 3, 3, 5, 1, 0, 1, 1, 1, 1, 3, 0, 0, 0, 2, 1, 1.0, 0, 0, 0, 0, 0, 0, -53.829776763916016, 0.0], [1, 0, 1, 0.28560441732406616, 1, 0, 3, 3, 5, 1, 0, 1, 1, 1, 1, 3, 0, 0, 0, 2, 1, 1.0, 0, 0, 0, 0, 0, 0, -53.829776763916016, 0.0], [1, 0, 1, 0.0, 1, 0, 8, 3, 10, 1, 0, 1, 1, 1, 1, 3, 0, 0, 0, 2, 1, 1.0, 0, 0, 0, 0, 0, 0, -53.829776763916016, 0.0], [1, 0, 1, 0.0, 1, 0, 8, 3, 10, 1, 0, 1, 1, 1, 1, 3, 0, 0, 0, 2, 1, 1.0, 0, 0, 0, 0, 0, 0, -53.829776763916016, 0.0], [1, 0, 1, 0.0, 1, 0, 8, 3, 10, 1, 1, 1, 1, 1, 1, 2, 0, 0, 0, 2, 1, 1.0, 0, 0, 0, 0, 0, 0, -53.829776763916016, 0.0], [1, 0, 1, 0.0, 1, 0, 8, 3, 10, 1, 0, 1, 1, 1, 1, 2, 0, 0, 0, 2, 1, 1.0, 0, 0, 0, 0, 0, 0, -53.829776763916016, 0.0], [1, 0, 1, 0.0, 1, 0, 8, 3, 10, 1, 1, 1, 1, 1, 1, 2, 0, 0, 0, 2, 1, 1.0, 0, 0, 0, 0, 0, 0, -53.829776763916016, 0.0], [1, 0, 1, 0.0, 1, 0, 8, 3, 10, 1, 0, 1, 1, 1, 1, 2, 0, 0, 0, 2, 1, 1.0, 0, 0, 0, 0, 0, 0, -53.829776763916016, 0.0], [1, 0, 1, 0.0, 1, 0, 8, 3, 10, 1, 0, 1, 1, 1, 1, 2, 0, 0, 0, 2, 1, 1.0, 0, 0, 0, 0, 0, 0, -53.829776763916016, 0.0], [1, 0, 1, 0.0, 1, 0, 8, 3, 10, 1, 1, 1, 1, 1, 1, 2, 0, 0, 0, 2, 1, 1.0, 0, 0, 0, 0, 0, 0, -53.829776763916016, 0.0], [1, 0, 1, 0.02692466974258423, 0, 1, 5, 3, 7, 1, 0, 1, 1, 1, 1, 4, 0, 0, 0, 2, 0, 1.0, 0, 0, 1, 0, 0, 0, -41.93305969238281, 5.310657501220703], [1, 0, 1, 0.02692466974258423, 0, 1, 5, 3, 7, 1, 0, 1, 1, 1, 1, 4, 0, 0, 0, 2, 0, 1.0, 0, 0, 1, 0, 0, 0, -41.93305969238281, 5.310657501220703], [1, 0, 1, 0.0, 1, 0, 8, 3, 10, 1, 0, 1, 1, 1, 1, 6, 0, 0, 0, 2, 1, 1.0, 0, 0, 0, 0, 0, 0, -53.829776763916016, 0.0], [1, 0, 1, 0.0, 1, 0, 8, 3, 10, 1, 0, 1, 1, 1, 1, 6, 0, 0, 0, 2, 1, 1.0, 0, 0, 0, 0, 0, 0, -53.829776763916016, 0.0], [1, 0, 1, 0.0, 1, 0, 8, 3, 10, 1, 0, 1, 1, 1, 1, 2, 0, 0, 0, 2, 1, 1.0, 0, 0, 0, 0, 0, 0, -53.829776763916016, 0.0], [1, 0, 1, 0.0, 1, 0, 8, 3, 10, 1, 1, 1, 1, 1, 1, 2, 0, 0, 0, 2, 1, 1.0, 0, 0, 0, 0, 0, 0, -53.829776763916016, 0.0], [1, 0, 1, 0.0, 1, 0, 8, 3, 10, 1, 1, 1, 1, 1, 1, 2, 0, 0, 0, 2, 1, 1.0, 0, 0, 0, 0, 0, 0, -53.829776763916016, 0.0], [1, 0, 1, 0.0, 1, 0, 8, 3, 10, 1, 0, 1, 1, 1, 1, 2, 0, 0, 0, 2, 1, 1.0, 0, 0, 0, 0, 0, 0, -53.829776763916016, 0.0], [1, 0, 1, 0.0, 1, 0, 8, 3, 10, 1, 0, 1, 1, 1, 1, 2, 0, 0, 0, 2, 1, 1.0, 0, 0, 0, 0, 0, 0, -53.829776763916016, 0.0], [1, 0, 1, 0.0, 1, 0, 8, 3, 10, 1, 0, 1, 1, 1, 1, 2, 0, 0, 0, 2, 1, 1.0, 0, 0, 0, 0, 0, 0, -53.829776763916016, 0.0], [1, 0, 1, 0.0, 1, 0, 8, 3, 10, 1, 0, 1, 1, 1, 1, 4, 0, 0, 0, 2, 1, 1.0, 0, 0, 0, 0, 0, 0, -53.829776763916016, 0.0], [1, 0, 1, 0.0, 1, 0, 8, 3, 10, 1, 0, 1, 1, 1, 1, 4, 0, 0, 0, 2, 1, 1.0, 0, 0, 0, 0, 0, 0, -53.829776763916016, 0.0], [1, 0, 1, 0.0, 1, 0, 5, 3, 7, 1, 0, 1, 1, 1, 1, 2, 0, 0, 0, 2, 1, 1.0, 0, 0, 0, 0, 0, 0, -53.829776763916016, 0.0], [1, 0, 1, 0.0, 1, 0, 5, 3, 7, 1, 0, 1, 1, 1, 1, 2, 0, 0, 0, 2, 1, 1.0, 0, 0, 0, 0, 0, 0, -53.829776763916016, 0.0], [1, 0, 1, 0.0, 1, 0, 4, 4, 7, 1, 0, 1, 1, 1, 2, 2, 0, 0, 0, 3, 1, 1.0, 0, 0, 0, 0, 0, 0, -62.29866027832031, 0.0], [1, 0, 1, 0.0, 1, 0, 4, 4, 7, 1, 0, 1, 1, 1, 2, 2, 0, 0, 0, 3, 1, 1.0, 0, 0, 0, 0, 0, 0, -62.29866027832031, 0.0], [1, 0, 1, 0.0, 1, 0, 4, 4, 7, 1, 0, 1, 1, 1, 2, 2, 0, 0, 0, 3, 1, 1.0, 0, 0, 0, 0, 0, 0, -62.29866027832031, 0.0], [1, 0, 1, 0.0, 1, 0, 8, 3, 10, 1, 0, 1, 1, 1, 1, 2, 0, 0, 0, 2, 1, 1.0, 0, 0, 0, 0, 0, 0, -53.829776763916016, 0.0], [1, 0, 1, 0.0, 1, 0, 8, 3, 10, 1, 0, 1, 1, 1, 1, 2, 0, 0, 0, 2, 1, 1.0, 0, 0, 0, 0, 0, 0, -53.829776763916016, 0.0], [1, 0, 0, 0.1022268533706665, 0, 1, 8, 3, 10, 1, 0, 1, 1, 1, 1, 5, 0, 0, 0, 2, 0, 1.0, 0, 0, 2, 0, 0, 0, -47.243717193603516, 1.0165443420410156], [1, 0, 0, 0.1022268533706665, 0, 1, 8, 3, 10, 1, 0, 1, 1, 1, 1, 5, 0, 0, 0, 2, 0, 1.0, 0, 0, 2, 0, 0, 0, -47.243717193603516, 1.0165443420410156], [1, 0, 1, 0.0, 1, 1, 8, 3, 10, 1, 0, 1, 1, 1, 1, 2, 0, 0, 0, 2, 1, 1.0, 0, 0, 1, 0, 0, 0, -53.51526641845703, 0.7625808715820312], [1, 0, 1, 0.0, 1, 1, 8, 3, 10, 1, 0, 1, 1, 1, 1, 2, 0, 0, 0, 2, 1, 1.0, 0, 0, 1, 0, 0, 0, -53.51526641845703, 0.7625808715820312], [1, 0, 1, 0.0, 1, 0, 8, 3, 10, 1, 1, 1, 1, 1, 1, 2, 0, 0, 0, 2, 1, 1.0, 0, 0, 0, 0, 0, 0, -53.829776763916016, 0.0], [1, 0, 1, 0.0, 1, 0, 8, 3, 10, 1, 1, 1, 1, 1, 1, 2, 0, 0, 0, 2, 1, 1.0, 0, 0, 0, 0, 0, 0, -53.829776763916016, 0.0], [0, 0, 0, 0.3269575536251068, 0, 1, 6, 3, 8, 0, 0, 1, 1, 1, 1, 6, 0, 0, 0, 2, 0, 1.0, 0, 0, 1, 0, 0, 0, -52.96138000488281, 0.0], [0, 0, 0, 0.3269575536251068, 0, 1, 6, 3, 8, 0, 0, 1, 1, 1, 1, 6, 0, 0, 0, 2, 0, 1.0, 0, 0, 1, 0, 0, 0, -52.96138000488281, 0.0], [1, 0, 1, 0.0, 1, 1, 8, 4, 11, 1, 0, 1, 1, 1, 2, 2, 0, 0, 0, 3, 1, 1.0, 0, 0, 1, 0, 0, 0, -59.520877838134766, 21.35183334350586], [1, 0, 1, 0.0, 1, 1, 8, 4, 11, 1, 0, 1, 1, 1, 2, 2, 0, 0, 0, 3, 1, 1.0, 0, 0, 1, 0, 0, 0, -59.520877838134766, 21.35183334350586], [1, 0, 1, 0.0, 1, 1, 8, 4, 11, 1, 0, 1, 1, 1, 2, 2, 0, 0, 0, 3, 1, 1.0, 0, 0, 1, 0, 0, 0, -59.520877838134766, 21.35183334350586], [1, 0, 1, 0.0, 1, 0, 8, 3, 10, 1, 0, 1, 1, 1, 1, 2, 0, 0, 0, 2, 1, 1.0, 0, 0, 0, 0, 0, 0, -53.829776763916016, 0.0], [1, 0, 1, 0.0, 1, 0, 8, 3, 10, 1, 0, 1, 1, 1, 1, 2, 0, 0, 0, 2, 1, 1.0, 0, 0, 0, 0, 0, 0, -53.829776763916016, 0.0], [1, 0, 1, 0.0, 1, 0, 8, 3, 10, 1, 0, 1, 1, 1, 1, 2, 0, 0, 0, 2, 1, 1.0, 0, 0, 0, 0, 0, 0, -53.829776763916016, 0.0], [1, 0, 1, 0.0, 1, 0, 8, 3, 10, 1, 1, 1, 1, 1, 1, 2, 0, 0, 0, 2, 1, 1.0, 0, 0, 0, 0, 0, 0, -53.829776763916016, 0.0], [1, 0, 1, 0.0, 1, 1, 8, 7, 14, 1, 0, 1, 1, 1, 5, 2, 0, 0, 0, 6, 1, 1.0, 0, 0, 1, 0, 0, 0, -36.983943939208984, 37.01430130004883], [1, 0, 1, 0.0, 1, 1, 8, 7, 14, 1, 0, 1, 1, 1, 5, 2, 0, 0, 0, 6, 1, 1.0, 0, 0, 1, 0, 0, 0, -36.983943939208984, 37.01430130004883], [1, 0, 1, 0.0, 1, 1, 8, 7, 14, 1, 0, 1, 1, 1, 5, 2, 0, 0, 0, 6, 1, 1.0, 0, 0, 1, 0, 0, 0, -36.983943939208984, 37.01430130004883], [1, 0, 1, 0.0, 1, 1, 8, 7, 14, 1, 1, 1, 1, 1, 5, 2, 0, 0, 0, 6, 1, 1.0, 0, 0, 1, 0, 0, 0, -36.983943939208984, 37.01430130004883], [1, 0, 1, 0.0, 1, 1, 8, 7, 14, 1, 0, 1, 1, 1, 5, 2, 0, 0, 0, 6, 1, 1.0, 0, 0, 1, 0, 0, 0, -36.983943939208984, 37.01430130004883], [1, 0, 1, 0.0, 1, 1, 8, 7, 14, 1, 0, 1, 1, 1, 5, 2, 0, 0, 0, 6, 1, 1.0, 0, 0, 1, 0, 0, 0, -36.983943939208984, 37.01430130004883], [1, 0, 1, 0.0, 1, 0, 8, 3, 10, 1, 0, 1, 1, 1, 1, 2, 0, 0, 0, 2, 1, 1.0, 0, 0, 0, 0, 0, 0, -53.829776763916016, 0.0], [1, 0, 1, 0.0, 1, 0, 8, 3, 10, 1, 0, 1, 1, 1, 1, 2, 0, 0, 0, 2, 1, 1.0, 0, 0, 0, 0, 0, 0, -53.829776763916016, 0.0], [1, 0, 1, 0.0, 1, 0, 8, 3, 10, 1, 0, 1, 1, 1, 1, 2, 0, 0, 0, 2, 1, 1.0, 0, 0, 0, 0, 0, 0, -53.829776763916016, 0.0], [1, 0, 1, 0.0, 1, 0, 8, 3, 10, 1, 0, 1, 1, 1, 1, 2, 0, 0, 0, 2, 1, 1.0, 0, 0, 0, 0, 0, 0, -53.829776763916016, 0.0], [1, 0, 1, 0.0, 1, 1, 8, 4, 11, 1, 0, 1, 1, 1, 2, 2, 0, 0, 0, 3, 1, 1.0, 0, 0, 1, 0, 0, 0, -59.520877838134766, 20.254138946533203], [1, 0, 1, 0.0, 1, 1, 8, 4, 11, 1, 1, 1, 1, 1, 2, 2, 0, 0, 0, 3, 1, 1.0, 0, 0, 1, 0, 0, 0, -59.520877838134766, 20.254138946533203], [1, 0, 1, 0.0, 1, 1, 8, 4, 11, 1, 0, 1, 1, 1, 2, 2, 0, 0, 0, 3, 1, 1.0, 0, 0, 1, 0, 0, 0, -59.520877838134766, 20.254138946533203], [1, 0, 1, 0.0, 1, 0, 8, 3, 10, 1, 1, 1, 1, 1, 1, 2, 0, 0, 0, 2, 1, 1.0, 0, 0, 0, 0, 0, 0, -53.829776763916016, 0.0], [1, 0, 1, 0.0, 1, 0, 8, 3, 10, 1, 0, 1, 1, 1, 1, 2, 0, 0, 0, 2, 1, 1.0, 0, 0, 0, 0, 0, 0, -53.829776763916016, 0.0], [1, 0, 1, 0.0738564133644104, 0, 1, 8, 3, 10, 1, 0, 1, 1, 1, 1, 6, 0, 0, 0, 2, 0, 1.0, 0, 0, 1, 0, 0, 0, -41.93305969238281, 5.310657501220703], [1, 0, 1, 0.0738564133644104, 0, 1, 8, 3, 10, 1, 0, 1, 1, 1, 1, 6, 0, 0, 0, 2, 0, 1.0, 0, 0, 1, 0, 0, 0, -41.93305969238281, 5.310657501220703], [1, 0, 1, 0.10159128904342651, 1, 0, 8, 3, 10, 1, 0, 1, 1, 1, 1, 5, 0, 0, 0, 2, 0, 1.0, 0, 0, 0, 0, 0, 0, -53.829776763916016, 0.0], [1, 0, 1, 0.10159128904342651, 1, 0, 8, 3, 10, 1, 0, 1, 1, 1, 1, 5, 0, 0, 0, 2, 0, 1.0, 0, 0, 0, 0, 0, 0, -53.829776763916016, 0.0], [1, 0, 1, 0.0, 1, 0, 3, 3, 5, 1, 0, 1, 1, 1, 1, 3, 0, 0, 0, 2, 1, 1.0, 0, 0, 0, 0, 0, 0, -53.829776763916016, 0.0], [1, 0, 1, 0.0, 1, 0, 3, 3, 5, 1, 0, 1, 1, 1, 1, 3, 0, 0, 0, 2, 1, 1.0, 0, 0, 0, 0, 0, 0, -53.829776763916016, 0.0], [1, 0, 1, 0.0, 1, 0, 6, 3, 8, 1, 0, 1, 1, 1, 1, 3, 0, 0, 0, 2, 1, 1.0, 0, 0, 0, 0, 0, 0, -53.829776763916016, 0.0], [1, 0, 1, 0.0, 1, 0, 6, 3, 8, 1, 0, 1, 1, 1, 1, 3, 0, 0, 0, 2, 1, 1.0, 0, 0, 0, 0, 0, 0, -53.829776763916016, 0.0], [1, 0, 0, 1.1920928955078125e-07, 1, 1, 8, 4, 11, 1, 0, 1, 0, 2, 1, 4, 0, 0, 0, 3, 1, 1.0, 0, 0, 2, 0, 0, 0, -31.913053512573242, 0.0], [1, 0, 1, 0.12370926141738892, 0, 1, 8, 4, 11, 0, 0, 0, 0, 1, 2, 4, 0, 0, 0, 3, 0, 1.0, 0, 0, 2, 1, 0, 0, -36.31487274169922, 46.12623596191406], [1, 0, 0, 1.1920928955078125e-07, 1, 1, 8, 4, 11, 1, 0, 1, 1, 2, 1, 4, 0, 0, 0, 3, 1, 1.0, 0, 0, 2, 0, 0, 0, -31.913053512573242, 0.0], [1, 0, 0, 0.07689130306243896, 0, 1, 8, 6, 13, 1, 0, 1, 0, 4, 1, 5, 0, 0, 0, 5, 0, 1.0, 0, 0, 1, 0, 0, 0, -29.904254913330078, 0.0], [1, 0, 1, 0.13195765018463135, 0, 1, 7, 6, 12, 0, 0, 0, 0, 3, 2, 5, 0, 0, 0, 5, 0, 1.0, 0, 0, 2, 1, 0, 0, -21.758617401123047, 28.85497283935547], [1, 0, 0, 0.07689130306243896, 0, 1, 8, 6, 13, 1, 0, 1, 1, 4, 1, 5, 0, 0, 0, 5, 0, 1.0, 0, 0, 1, 0, 0, 0, -29.904254913330078, 0.0], [1, 0, 0, 0.26353222131729126, 0, 1, 8, 6, 13, 1, 0, 0, 0, 3, 2, 6, 0, 0, 0, 5, 0, 1.0, 0, 0, 1, 0, 0, 0, -34.5218505859375, 15.764480590820312], [1, 0, 1, 0.1823563575744629, 0, 1, 8, 6, 13, 0, 0, 0, 0, 3, 2, 7, 0, 0, 0, 5, 0, 1.0, 0, 0, 2, 1, 0, 0, -21.970659255981445, 28.315671920776367], [1, 0, 0, 0.0456567108631134, 1, 1, 8, 11, 18, 1, 0, 1, 0, 9, 1, 3, 0, 0, 0, 10, 1, 1.0, 0, 0, 2, 0, 0, 0, -25.286361694335938, 0.0], [1, 0, 1, 0.005603194236755371, 0, 1, 8, 11, 18, 0, 0, 0, 0, 8, 2, 3, 0, 0, 0, 10, 0, 1.0, 0, 0, 2, 1, 0, 0, -14.830897331237793, 23.09865951538086], [1, 0, 1, 0.011292874813079834, 0, 1, 8, 11, 18, 0, 0, 0, 0, 8, 2, 3, 0, 0, 0, 10, 0, 1.0, 0, 0, 2, 1, 0, 0, -14.830897331237793, 23.09865951538086], [1, 0, 1, 0.0, 0, 1, 8, 11, 18, 0, 0, 0, 0, 8, 2, 4, 0, 0, 0, 10, 0, 1.0, 0, 0, 2, 1, 0, 0, -14.830897331237793, 23.09865951538086], [1, 0, 0, 0.0, 0, 1, 8, 11, 18, 0, 0, 0, 0, 8, 2, 4, 0, 0, 0, 10, 0, 1.0, 0, 0, 1, 0, 0, 0, -29.885135650634766, 8.044422149658203], [1, 0, 1, 0.02054619789123535, 0, 1, 8, 11, 18, 0, 0, 0, 0, 8, 2, 3, 0, 0, 0, 10, 0, 1.0, 0, 0, 2, 1, 0, 0, -14.830897331237793, 23.09865951538086], [1, 0, 0, 0.0456567108631134, 1, 1, 8, 11, 18, 1, 0, 1, 1, 9, 1, 3, 0, 0, 0, 10, 1, 1.0, 0, 0, 2, 0, 0, 0, -25.286361694335938, 0.0], [1, 0, 1, 0.0, 0, 1, 8, 11, 18, 0, 0, 0, 0, 8, 2, 4, 0, 0, 0, 10, 0, 1.0, 0, 0, 2, 1, 0, 0, -14.92629337310791, 23.07555389404297], [1, 0, 1, 0.009053945541381836, 0, 1, 8, 11, 18, 0, 0, 0, 0, 8, 2, 3, 0, 0, 0, 10, 0, 1.0, 0, 0, 2, 1, 0, 0, -14.92629337310791, 23.07555389404297], [1, 0, 1, 0.023289024829864502, 0, 1, 8, 11, 18, 0, 0, 0, 0, 8, 2, 3, 0, 0, 0, 10, 0, 1.0, 0, 0, 2, 1, 0, 0, -14.92629337310791, 23.07555389404297], [1, 0, 1, 0.0, 0, 1, 8, 9, 16, 0, 0, 0, 0, 6, 2, 3, 0, 0, 0, 8, 0, 1.0, 0, 0, 2, 1, 0, 0, -21.556543350219727, 22.120283126831055], [1, 0, 1, 0.0, 0, 1, 8, 9, 16, 0, 0, 0, 0, 6, 2, 5, 0, 0, 0, 8, 0, 1.0, 0, 0, 2, 1, 0, 0, -21.556543350219727, 22.120283126831055], [1, 0, 1, 0.0, 0, 1, 8, 9, 16, 0, 0, 0, 0, 6, 2, 5, 0, 0, 0, 8, 0, 1.0, 0, 0, 2, 1, 0, 0, -21.556543350219727, 22.120283126831055], [1, 0, 1, 0.0, 0, 1, 8, 9, 16, 0, 0, 0, 0, 6, 2, 5, 0, 0, 0, 8, 0, 1.0, 0, 0, 2, 1, 0, 0, -21.556543350219727, 22.120283126831055], [0, 0, 0, 0.013868510723114014, 0, 1, 8, 9, 16, 1, 0, 1, 0, 7, 1, 2, 0, 0, 0, 8, 0, 1.0, 0, 0, 2, 0, 0, 0, -29.698549270629883, 0.20940780639648438], [0, 0, 0, 0.013868510723114014, 0, 1, 8, 9, 16, 1, 0, 1, 0, 7, 1, 2, 0, 0, 0, 8, 0, 1.0, 0, 0, 2, 0, 0, 0, -29.698549270629883, 0.20940780639648438], [1, 0, 1, 0.0, 0, 1, 8, 9, 16, 0, 0, 0, 0, 6, 2, 3, 0, 0, 0, 8, 0, 1.0, 0, 0, 2, 1, 0, 0, -21.463146209716797, 22.262737274169922], [1, 0, 1, 0.0, 0, 1, 8, 9, 16, 0, 0, 0, 0, 6, 2, 5, 0, 0, 0, 8, 0, 1.0, 0, 0, 2, 1, 0, 0, -21.463146209716797, 22.262737274169922], [1, 0, 1, 0.0, 0, 1, 8, 7, 14, 0, 0, 0, 0, 4, 2, 3, 0, 0, 0, 6, 0, 1.0, 0, 0, 2, 1, 0, 0, -21.494585037231445, 25.53875160217285], [1, 0, 1, 0.0, 0, 1, 8, 7, 14, 0, 0, 0, 0, 4, 2, 3, 0, 0, 0, 6, 0, 1.0, 0, 0, 2, 1, 0, 0, -21.494585037231445, 25.53875160217285], [1, 0, 0, 0.018878400325775146, 1, 1, 8, 7, 14, 1, 0, 1, 0, 5, 1, 3, 0, 0, 0, 6, 1, 1.0, 0, 0, 2, 0, 0, 0, -29.440135955810547, 0.0], [1, 0, 0, 0.018878400325775146, 1, 1, 8, 7, 14, 1, 0, 1, 0, 5, 1, 3, 0, 0, 0, 6, 1, 1.0, 0, 0, 2, 0, 0, 0, -29.440135955810547, 0.0], [1, 0, 0, 0.0, 0, 1, 8, 7, 14, 0, 0, 0, 0, 4, 2, 3, 0, 0, 0, 6, 0, 1.0, 0, 0, 1, 0, 0, 0, -34.34658432006836, 12.748714447021484], [1, 0, 1, 0.0, 0, 1, 8, 7, 14, 0, 1, 0, 0, 4, 2, 3, 0, 0, 0, 6, 0, 1.0, 0, 0, 2, 1, 0, 0, -21.3325138092041, 25.762784957885742], [1, 0, 1, 0.0, 1, 1, 8, 4, 11, 1, 0, 1, 1, 2, 1, 3, 0, 0, 0, 3, 1, 1.0, 0, 0, 1, 0, 0, 0, -37.1361083984375, 0.5358428955078125], [1, 0, 1, 0.0, 1, 1, 8, 4, 11, 1, 0, 1, 1, 2, 1, 3, 0, 0, 0, 3, 1, 1.0, 0, 0, 1, 0, 0, 0, -37.1361083984375, 0.5358428955078125], [1, 0, 1, 0.0, 0, 1, 8, 4, 11, 0, 0, 0, 0, 1, 2, 3, 0, 0, 0, 3, 0, 1.0, 0, 0, 2, 1, 0, 0, -36.31487274169922, 49.78657531738281], [1, 0, 0, 0.0, 0, 1, 8, 8, 15, 1, 0, 0, 0, 5, 2, 5, 0, 0, 0, 7, 0, 1.0, 0, 0, 1, 0, 0, 0, -34.15327072143555, 11.01285171508789], [1, 0, 0, 0.0, 0, 1, 8, 8, 15, 1, 0, 0, 0, 5, 2, 4, 0, 0, 0, 7, 0, 1.0, 0, 0, 1, 0, 0, 0, -34.15327072143555, 11.01285171508789], [0, 0, 0, 0.0, 0, 1, 8, 8, 15, 0, 0, 1, 0, 6, 1, 5, 0, 0, 0, 7, 0, 1.0, 0, 0, 1, 0, 0, 0, -29.864831924438477, 0.0], [1, 0, 0, 0.0, 0, 0, 8, 8, 15, 0, 0, 0, 0, 5, 2, 5, 0, 0, 0, 7, 0, 1.0, 0, 0, 0, 1, 0, 0, -39.207176208496094, 13.627620697021484], [0, 0, 0, 0.0, 0, 1, 8, 8, 15, 0, 0, 1, 0, 6, 1, 5, 0, 0, 0, 7, 0, 1.0, 0, 0, 1, 0, 0, 0, -29.864831924438477, 0.0], [1, 0, 1, 0.0, 0, 1, 8, 8, 15, 0, 0, 0, 0, 5, 2, 5, 0, 0, 0, 7, 0, 1.0, 0, 0, 2, 1, 0, 0, -18.855083465576172, 26.366195678710938], [1, 0, 1, 0.0, 0, 1, 8, 8, 15, 0, 0, 0, 0, 5, 2, 5, 0, 0, 0, 7, 0, 1.0, 0, 0, 2, 1, 0, 0, -18.855083465576172, 26.366195678710938], [1, 0, 0, 2.384185791015625e-07, 0, 1, 6, 4, 9, 1, 0, 1, 0, 2, 1, 5, 0, 0, 0, 3, 0, 1.0, 0, 0, 2, 0, 0, 0, -31.913053512573242, 0.5969791412353516], [1, 0, 1, 0.0, 0, 1, 4, 4, 7, 0, 0, 0, 0, 1, 2, 3, 0, 0, 0, 3, 0, 1.0, 0, 0, 2, 1, 0, 0, -36.31487274169922, 45.57646942138672], [1, 0, 0, 2.384185791015625e-07, 0, 1, 6, 4, 9, 1, 0, 1, 1, 2, 1, 5, 0, 0, 0, 3, 0, 1.0, 0, 0, 2, 0, 0, 0, -31.913053512573242, 0.5969791412353516], [1, 0, 1, 0.5399154126644135, 0, 1, 6, 4, 9, 0, 1, 0, 0, 1, 2, 5, 0, 0, 0, 3, 0, 1.0, 0, 0, 2, 1, 0, 0, -39.40253829956055, 48.08414077758789], [1, 0, 0, 0.0, 0, 1, 8, 4, 11, 1, 0, 1, 0, 2, 1, 3, 0, 0, 0, 3, 0, 1.0, 0, 0, 2, 0, 0, 0, -35.87999725341797, 0.0], [1, 0, 0, 0.0, 0, 1, 8, 4, 11, 1, 0, 1, 0, 2, 1, 3, 0, 0, 0, 3, 0, 1.0, 0, 0, 2, 0, 0, 0, -35.87999725341797, 0.0], [1, 0, 0, 0.0, 0, 1, 8, 5, 12, 0, 0, 0, 0, 1, 3, 2, 0, 0, 0, 4, 0, 1.0, 0, 0, 1, 0, 0, 0, -45.73467254638672, 35.55902099609375], [1, 0, 1, 0.0, 1, 1, 8, 5, 12, 1, 0, 1, 1, 2, 2, 2, 0, 0, 0, 4, 1, 1.0, 0, 0, 1, 0, 0, 0, -34.81024932861328, 19.59418487548828], [1, 0, 1, 0.0, 1, 1, 8, 5, 12, 1, 0, 1, 1, 2, 2, 2, 0, 0, 0, 4, 1, 1.0, 0, 0, 1, 0, 0, 0, -34.81024932861328, 19.59418487548828], [1, 0, 1, 0.0, 1, 1, 8, 5, 12, 1, 1, 1, 1, 2, 2, 2, 0, 0, 0, 4, 1, 1.0, 0, 0, 1, 0, 0, 0, -34.81024932861328, 19.59418487548828], [1, 0, 1, 0.258526086807251, 0, 1, 6, 5, 10, 0, 0, 0, 0, 2, 2, 5, 0, 0, 0, 4, 0, 1.0, 0, 0, 2, 1, 0, 0, -22.3709659576416, 31.8856258392334], [1, 0, 0, 0.050174176692962646, 1, 1, 6, 5, 10, 1, 0, 1, 0, 3, 1, 4, 0, 0, 0, 4, 1, 1.0, 0, 0, 1, 0, 0, 0, -30.676708221435547, 0.0], [1, 0, 1, 0.15116238594055176, 0, 1, 6, 5, 10, 0, 0, 0, 0, 2, 2, 5, 0, 0, 0, 4, 0, 1.0, 0, 0, 2, 1, 0, 0, -21.657241821289062, 31.84020233154297], [1, 0, 0, 0.050174176692962646, 1, 1, 6, 5, 10, 1, 0, 1, 0, 3, 1, 4, 0, 0, 0, 4, 1, 1.0, 0, 0, 1, 0, 0, 0, -30.676708221435547, 0.0], [1, 0, 1, 0.07594072818756104, 1, 1, 8, 11, 18, 1, 0, 1, 1, 5, 4, 4, 0, 0, 0, 10, 1, 1.0, 0, 0, 1, 0, 0, 0, -46.39249801635742, 9.851306915283203], [1, 0, 1, 0.08677655458450317, 0, 1, 8, 11, 18, 0, 0, 0, 0, 4, 5, 5, 0, 0, 0, 10, 0, 1.0, 0, 0, 2, 1, 0, 0, -38.08460235595703, 21.547264099121094], [1, 0, 1, 0.08359456062316895, 0, 1, 8, 11, 18, 0, 0, 0, 0, 4, 5, 4, 0, 0, 0, 10, 0, 1.0, 0, 0, 2, 1, 0, 0, -38.08460235595703, 22.070697784423828], [1, 0, 1, 0.0823674201965332, 0, 1, 8, 11, 18, 0, 0, 0, 0, 4, 5, 4, 0, 0, 0, 10, 0, 1.0, 0, 0, 2, 1, 0, 0, -38.08460235595703, 22.070697784423828], [1, 0, 1, 0.07594072818756104, 1, 1, 8, 11, 18, 1, 1, 1, 1, 5, 4, 4, 0, 0, 0, 10, 1, 1.0, 0, 0, 1, 0, 0, 0, -46.5785026550293, 9.906269073486328], [1, 0, 1, 0.07594072818756104, 1, 1, 8, 11, 18, 1, 0, 1, 1, 5, 4, 4, 0, 0, 0, 10, 1, 1.0, 0, 0, 1, 0, 0, 0, -46.5785026550293, 9.906269073486328], [1, 0, 1, 0.07594072818756104, 1, 1, 8, 11, 18, 1, 0, 1, 1, 5, 4, 4, 0, 0, 0, 10, 1, 1.0, 0, 0, 1, 0, 0, 0, -46.5785026550293, 9.906269073486328], [0, 0, 0, 0.09220355749130249, 0, 1, 8, 11, 18, 0, 0, 1, 0, 5, 5, 4, 0, 0, 0, 10, 0, 1.0, 0, 0, 1, 0, 0, 0, -33.8213005065918, 14.581233978271484], [0, 0, 0, 0.09220355749130249, 0, 1, 8, 11, 18, 0, 0, 1, 0, 5, 5, 4, 0, 0, 0, 10, 0, 1.0, 0, 0, 1, 0, 0, 0, -33.8213005065918, 14.581233978271484], [1, 0, 1, 0.07594072818756104, 1, 1, 8, 11, 18, 1, 0, 1, 1, 5, 4, 4, 0, 0, 0, 10, 1, 1.0, 0, 0, 1, 0, 0, 0, -46.63928985595703, 9.90334701538086], [1, 0, 1, 0.0440518856048584, 0, 0, 8, 8, 15, 1, 1, 1, 0, 4, 2, 3, 0, 0, 0, 7, 0, 1.0, 0, 0, 0, 0, 0, 0, -51.31526565551758, 0.5645103454589844], [1, 0, 0, 0.13299083709716797, 0, 1, 8, 8, 15, 1, 0, 0, 0, 3, 3, 2, 0, 0, 0, 7, 0, 1.0, 0, 0, 1, 0, 0, 0, -51.458251953125, 3.012767791748047], [1, 0, 0, 0.0239638090133667, 0, 1, 8, 8, 15, 1, 0, 1, 0, 4, 3, 2, 0, 0, 0, 7, 0, 1.0, 0, 0, 1, 0, 0, 0, -34.41783905029297, 13.763877868652344], [1, 0, 0, 0.0239638090133667, 0, 1, 8, 8, 15, 1, 0, 1, 0, 4, 3, 2, 0, 0, 0, 7, 0, 1.0, 0, 0, 1, 0, 0, 0, -34.41783905029297, 13.763877868652344], [1, 0, 1, 0.11963534355163574, 0, 1, 8, 8, 15, 0, 0, 0, 0, 3, 3, 3, 0, 0, 0, 7, 0, 1.0, 0, 0, 2, 1, 0, 0, -34.35413360595703, 27.476810455322266], [1, 0, 1, 0.0440518856048584, 0, 0, 8, 8, 15, 1, 0, 1, 1, 4, 2, 3, 0, 0, 0, 7, 0, 1.0, 0, 0, 0, 0, 0, 0, -51.910240173339844, 0.6301422119140625], [1, 0, 1, 0.0440518856048584, 0, 0, 8, 8, 15, 1, 0, 1, 1, 4, 2, 3, 0, 0, 0, 7, 0, 1.0, 0, 0, 0, 0, 0, 0, -51.910240173339844, 0.6301422119140625], [1, 0, 0, 0.0, 1, 1, 7, 5, 11, 1, 0, 1, 1, 3, 1, 2, 0, 0, 0, 4, 1, 1.0, 0, 0, 1, 0, 0, 0, -31.195499420166016, 0.0], [1, 0, 0, 0.0, 1, 1, 7, 5, 11, 1, 0, 1, 1, 3, 1, 2, 0, 0, 0, 4, 1, 1.0, 0, 0, 1, 0, 0, 0, -31.195499420166016, 0.0], [1, 0, 1, 0.0, 0, 1, 7, 5, 11, 0, 0, 0, 0, 2, 2, 2, 0, 0, 0, 4, 0, 1.0, 0, 0, 2, 1, 0, 0, -22.107118606567383, 35.331817626953125], [1, 0, 1, 0.0, 0, 1, 3, 5, 7, 0, 0, 0, 0, 2, 2, 2, 0, 0, 0, 4, 0, 1.0, 0, 0, 2, 1, 0, 0, -22.107118606567383, 35.331817626953125], [1, 0, 0, 0.09391796588897705, 1, 1, 8, 6, 13, 1, 0, 1, 1, 4, 1, 3, 0, 0, 0, 5, 1, 1.0, 0, 0, 2, 0, 0, 0, -42.3578987121582, 0.0], [1, 0, 0, 0.09391796588897705, 1, 1, 8, 6, 13, 1, 0, 1, 1, 4, 1, 3, 0, 0, 0, 5, 1, 1.0, 0, 0, 2, 0, 0, 0, -42.3578987121582, 0.0], [1, 0, 1, 0.11755967140197754, 0, 1, 8, 6, 13, 0, 0, 0, 0, 3, 2, 2, 0, 0, 0, 5, 0, 1.0, 0, 0, 2, 1, 0, 0, -30.256044387817383, 33.731910705566406], [1, 0, 0, 0.03191101551055908, 0, 1, 8, 6, 13, 1, 0, 0, 0, 3, 2, 2, 0, 0, 0, 5, 0, 1.0, 0, 0, 1, 0, 0, 0, -45.07640838623047, 18.911544799804688], [1, 0, 0, 0.03278690576553345, 0, 1, 8, 6, 13, 1, 0, 0, 0, 3, 2, 3, 0, 0, 0, 5, 0, 1.0, 0, 0, 1, 0, 0, 0, -45.07640838623047, 18.911544799804688], [1, 0, 1, 0.02708733081817627, 1, 1, 8, 10, 17, 1, 0, 1, 1, 7, 2, 3, 0, 0, 0, 9, 1, 1.0, 0, 0, 1, 0, 0, 0, -27.85540771484375, 11.208282470703125], [1, 0, 1, 0.02708733081817627, 1, 1, 8, 10, 17, 1, 0, 1, 1, 7, 2, 3, 0, 0, 0, 9, 1, 1.0, 0, 0, 1, 0, 0, 0, -27.85540771484375, 11.208282470703125], [1, 0, 0, 0.0426943302154541, 0, 1, 8, 10, 17, 1, 0, 0, 0, 6, 3, 2, 0, 0, 0, 9, 0, 1.0, 0, 0, 1, 0, 0, 0, -28.80763053894043, 14.456968307495117], [1, 0, 1, 0.030794858932495117, 0, 1, 8, 10, 17, 0, 0, 0, 0, 6, 3, 2, 0, 0, 0, 9, 0, 1.0, 0, 0, 2, 1, 0, 0, -16.04570770263672, 27.218891143798828], [1, 0, 0, 0.0, 0, 1, 8, 10, 17, 1, 0, 0, 0, 6, 3, 2, 0, 0, 0, 9, 0, 1.0, 0, 0, 1, 0, 0, 0, -28.43977928161621, 14.824819564819336], [1, 0, 1, 0.03659188747406006, 0, 1, 8, 10, 17, 0, 0, 0, 0, 6, 3, 2, 0, 0, 0, 9, 0, 1.0, 0, 0, 2, 1, 0, 0, -16.04570770263672, 27.218891143798828], [1, 0, 1, 0.02708733081817627, 1, 1, 8, 10, 17, 1, 0, 1, 1, 7, 2, 3, 0, 0, 0, 9, 1, 1.0, 0, 0, 1, 0, 0, 0, -28.033445358276367, 10.945428848266602], [1, 0, 1, 0.037450969219207764, 0, 1, 8, 10, 17, 0, 0, 0, 0, 6, 3, 2, 0, 0, 0, 9, 0, 1.0, 0, 0, 2, 1, 0, 0, -16.154455184936523, 27.191518783569336], [1, 0, 0, 0.03574937582015991, 0, 1, 8, 10, 17, 1, 0, 0, 0, 6, 3, 2, 0, 0, 0, 9, 0, 1.0, 0, 0, 1, 0, 0, 0, -28.8467960357666, 14.499177932739258], [1, 0, 1, 0.06788438558578491, 0, 1, 8, 13, 20, 0, 0, 0, 0, 9, 3, 3, 0, 0, 0, 12, 0, 1.0, 0, 0, 2, 1, 0, 0, -29.561935424804688, 26.39605712890625], [1, 0, 1, 0.06264513731002808, 0, 1, 8, 13, 20, 0, 0, 0, 0, 11, 1, 3, 0, 0, 0, 12, 0, 1.0, 0, 0, 2, 1, 0, 0, -0.08346660435199738, 45.51949691772461], [1, 0, 1, 0.07891041040420532, 0, 1, 8, 13, 20, 0, 0, 0, 0, 8, 4, 3, 0, 0, 0, 12, 0, 1.0, 0, 0, 2, 1, 0, 0, -30.753944396972656, 28.432373046875], [0, 0, 0, 0.06788438558578491, 0, 1, 8, 13, 20, 0, 0, 1, 0, 10, 2, 2, 0, 0, 0, 12, 0, 1.0, 0, 0, 1, 0, 0, 0, -45.14607238769531, 0.0], [1, 0, 0, 0.15091383457183838, 1, 1, 8, 13, 20, 1, 0, 1, 0, 11, 1, 3, 0, 0, 0, 12, 0, 1.0, 0, 0, 1, 0, 0, 0, -33.79374313354492, 0.0], [1, 0, 1, 0.15091383457183838, 1, 1, 8, 13, 20, 1, 0, 1, 1, 10, 2, 3, 0, 0, 0, 12, 0, 1.0, 0, 0, 1, 0, 0, 0, -42.37362289428711, 6.61212158203125], [1, 0, 1, 0.09570479393005371, 0, 1, 8, 13, 20, 0, 0, 0, 0, 9, 2, 3, 0, 0, 0, 12, 0, 1.0, 0, 0, 2, 1, 0, 0, -36.24244689941406, 24.426467895507812], [0, 0, 0, 0.09286361932754517, 0, 1, 8, 13, 20, 0, 0, 1, 0, 10, 2, 3, 0, 0, 0, 12, 0, 1.0, 0, 0, 1, 0, 0, 0, -49.913455963134766, 0.0], [1, 0, 1, 0.05497419834136963, 0, 1, 8, 13, 20, 0, 0, 0, 0, 10, 2, 3, 0, 0, 0, 12, 0, 1.0, 0, 0, 2, 1, 0, 0, -27.047399520874023, 25.92376136779785], [1, 0, 1, 0.07497930526733398, 0, 1, 8, 13, 20, 0, 0, 0, 0, 10, 2, 3, 0, 0, 0, 12, 0, 1.0, 0, 0, 2, 1, 0, 0, -29.728832244873047, 25.577308654785156], [1, 0, 0, 0.04518389701843262, 0, 1, 8, 13, 20, 1, 1, 0, 0, 10, 2, 3, 0, 0, 0, 12, 0, 1.0, 0, 0, 1, 0, 0, 0, -44.55341339111328, 0.486724853515625], [0, 0, 0, 0.09301894903182983, 0, 1, 8, 13, 20, 1, 0, 1, 0, 10, 2, 3, 0, 0, 0, 12, 0, 1.0, 0, 0, 1, 0, 0, 0, -44.78379821777344, 0.0], [1, 0, 1, 0.09150344133377075, 0, 1, 8, 13, 20, 0, 0, 0, 0, 8, 2, 3, 0, 0, 0, 12, 0, 1.0, 0, 0, 2, 1, 0, 0, -44.82063293457031, 23.919540405273438], [0, 0, 0, 0.09301894903182983, 0, 1, 8, 13, 20, 1, 0, 1, 0, 9, 2, 3, 0, 0, 0, 12, 0, 1.0, 0, 0, 1, 0, 0, 0, -49.66725158691406, 4.579372406005859], [1, 0, 1, 0.09226936101913452, 0, 1, 8, 13, 20, 0, 0, 0, 0, 8, 3, 3, 0, 0, 0, 12, 0, 1.0, 0, 0, 2, 1, 0, 0, -39.663856506347656, 24.647720336914062], [1, 0, 0, 0.09286361932754517, 0, 1, 8, 13, 20, 0, 0, 0, 0, 9, 2, 3, 0, 0, 0, 12, 0, 1.0, 0, 0, 1, 1, 0, 0, -49.04707717895508, 4.979545593261719], [1, 0, 1, 0.04374492168426514, 0, 1, 8, 13, 20, 1, 0, 0, 0, 8, 3, 3, 0, 0, 0, 12, 0, 1.0, 0, 0, 2, 1, 0, 0, -39.81149673461914, 24.44253158569336], [0, 0, 0, 0.09286361932754517, 0, 1, 8, 13, 20, 0, 0, 1, 0, 10, 2, 3, 0, 0, 0, 12, 0, 1.0, 0, 0, 1, 0, 0, 0, -49.50841522216797, 0.0], [1, 0, 1, 0.09240984916687012, 0, 1, 8, 13, 20, 0, 0, 0, 0, 7, 4, 3, 0, 0, 0, 12, 0, 1.0, 0, 0, 2, 1, 0, 0, -42.6776237487793, 24.811885833740234], [1, 0, 1, 0.15091383457183838, 1, 1, 8, 13, 20, 1, 0, 1, 1, 10, 2, 2, 0, 0, 0, 12, 0, 1.0, 0, 0, 1, 0, 0, 0, -38.34745788574219, 6.9830322265625], [1, 0, 1, 0.15091383457183838, 1, 1, 8, 13, 20, 1, 0, 1, 0, 8, 2, 2, 0, 0, 0, 12, 0, 1.0, 0, 0, 1, 0, 0, 0, -63.2521858215332, 4.588848114013672], [1, 0, 1, 0.15091383457183838, 1, 1, 8, 13, 20, 1, 0, 1, 1, 9, 3, 3, 0, 0, 0, 12, 0, 1.0, 0, 0, 1, 0, 0, 0, -40.004817962646484, 8.378868103027344], [1, 0, 1, 0.07911455631256104, 0, 1, 8, 13, 20, 0, 0, 0, 0, 8, 3, 2, 0, 0, 0, 12, 0, 1.0, 0, 0, 2, 1, 0, 0, -39.90545654296875, 24.256675720214844], [1, 0, 0, 0.15091383457183838, 1, 1, 8, 13, 20, 1, 0, 1, 0, 11, 1, 3, 0, 0, 0, 12, 0, 1.0, 0, 0, 2, 0, 0, 0, -33.23371887207031, 12.369243621826172], [1, 0, 1, 0.08155632019042969, 0, 1, 8, 13, 20, 0, 0, 0, 0, 8, 3, 2, 0, 0, 0, 12, 0, 1.0, 0, 0, 2, 1, 0, 0, -43.143619537353516, 24.72403335571289], [0, 0, 0, 0.10007244348526001, 0, 1, 8, 13, 20, 0, 0, 0, 0, 8, 3, 2, 0, 0, 0, 12, 0, 1.0, 0, 0, 1, 0, 0, 0, -51.18450927734375, 6.459705352783203], [0, 0, 0, 0.06264513731002808, 0, 1, 8, 13, 20, 0, 0, 1, 0, 10, 2, 3, 0, 0, 0, 12, 0, 1.0, 0, 0, 1, 0, 0, 0, -38.27742004394531, 6.9683837890625], [1, 0, 1, 0.1005282998085022, 0, 1, 8, 13, 20, 0, 0, 0, 0, 10, 2, 3, 0, 0, 0, 12, 0, 1.0, 0, 0, 2, 1, 0, 0, -29.188791275024414, 25.979345321655273], [1, 0, 0, 0.09102070331573486, 0, 1, 8, 13, 20, 0, 0, 0, 0, 9, 2, 2, 0, 0, 0, 12, 0, 1.0, 0, 0, 1, 0, 0, 0, -49.092926025390625, 4.9210052490234375], [0, 0, 0, 0.09847009181976318, 0, 1, 8, 13, 20, 0, 0, 0, 0, 7, 3, 2, 0, 0, 0, 12, 0, 1.0, 0, 0, 1, 0, 0, 0, -59.65902328491211, 6.204013824462891], [1, 0, 1, 0.2844570279121399, 0, 1, 7, 4, 10, 0, 0, 0, 0, 1, 2, 7, 0, 0, 0, 3, 0, 1.0, 0, 0, 2, 1, 0, 0, -36.31487274169922, 45.57646942138672], [1, 0, 0, 2.384185791015625e-07, 0, 1, 7, 4, 10, 1, 0, 1, 0, 2, 1, 6, 0, 0, 0, 3, 0, 1.0, 0, 0, 1, 0, 0, 0, -31.913053512573242, 0.5969791412353516], [1, 0, 0, 2.384185791015625e-07, 0, 1, 7, 4, 10, 1, 0, 1, 0, 2, 1, 6, 0, 0, 0, 3, 0, 1.0, 0, 0, 1, 0, 0, 0, -31.913053512573242, 0.5969791412353516], [1, 0, 0, 0.0, 0, 1, 8, 4, 11, 1, 0, 1, 1, 2, 1, 5, 0, 0, 0, 3, 0, 1.0, 0, 0, 1, 0, 0, 0, -31.913053512573242, 0.5969791412353516], [1, 0, 0, 0.0, 0, 1, 8, 4, 11, 1, 0, 1, 1, 2, 1, 5, 0, 0, 0, 3, 0, 1.0, 0, 0, 1, 0, 0, 0, -31.913053512573242, 0.5969791412353516], [1, 0, 1, 0.0, 0, 1, 8, 4, 11, 1, 0, 0, 0, 1, 2, 5, 0, 0, 0, 3, 0, 1.0, 0, 0, 2, 1, 0, 0, -36.31487274169922, 45.57646942138672], [1, 0, 1, 0.0, 1, 1, 8, 9, 16, 1, 0, 1, 1, 5, 3, 4, 0, 0, 0, 8, 1, 1.0, 0, 0, 1, 0, 0, 0, -37.73616409301758, 12.295124053955078], [1, 0, 1, 0.0, 0, 1, 8, 9, 16, 0, 0, 0, 0, 4, 4, 4, 0, 0, 0, 8, 0, 1.0, 0, 0, 2, 1, 0, 0, -27.347810745239258, 27.206262588500977], [1, 0, 1, 0.0, 1, 1, 8, 9, 16, 1, 0, 1, 1, 5, 3, 4, 0, 0, 0, 8, 1, 1.0, 0, 0, 1, 0, 0, 0, -38.72276306152344, 12.788471221923828], [1, 0, 1, 0.0, 0, 1, 8, 9, 16, 0, 0, 0, 0, 4, 4, 4, 0, 0, 0, 8, 0, 1.0, 0, 0, 2, 1, 0, 0, -27.61248016357422, 27.615222930908203], [1, 0, 1, 0.0, 1, 1, 8, 9, 16, 1, 0, 1, 1, 5, 3, 4, 0, 0, 0, 8, 1, 1.0, 0, 0, 1, 0, 0, 0, -38.803592681884766, 12.789794921875], [1, 0, 1, 0.0, 0, 1, 8, 9, 16, 0, 0, 0, 0, 4, 4, 4, 0, 0, 0, 8, 0, 1.0, 0, 0, 2, 1, 0, 0, -27.591413497924805, 27.616796493530273], [1, 0, 1, 0.0, 0, 1, 8, 9, 16, 0, 0, 0, 0, 4, 4, 4, 0, 0, 0, 8, 0, 1.0, 0, 0, 2, 1, 0, 0, -27.591413497924805, 27.616796493530273], [1, 0, 1, 0.0, 1, 1, 8, 9, 16, 1, 0, 1, 1, 5, 3, 4, 0, 0, 0, 8, 1, 1.0, 0, 0, 1, 0, 0, 0, -38.6712760925293, 12.791179656982422], [0, 0, 0, 0.0, 0, 1, 5, 4, 8, 0, 0, 1, 1, 2, 1, 5, 0, 0, 0, 3, 0, 1.0, 0, 0, 1, 0, 0, 0, -36.00450134277344, 0.0], [0, 0, 0, 0.0, 0, 1, 5, 4, 8, 0, 0, 1, 1, 2, 1, 5, 0, 0, 0, 3, 0, 1.0, 0, 0, 1, 0, 0, 0, -36.00450134277344, 0.0], [1, 0, 0, 0.0, 0, 0, 5, 4, 8, 0, 0, 0, 0, 1, 2, 5, 0, 0, 0, 3, 0, 1.0, 0, 0, 0, 1, 0, 0, -67.61402893066406, 0.0], [1, 0, 1, 0.0, 0, 1, 8, 6, 13, 0, 0, 0, 0, 3, 2, 2, 0, 0, 0, 5, 0, 1.0, 0, 0, 2, 1, 0, 0, -21.720226287841797, 30.204864501953125], [1, 0, 1, 0.0, 0, 1, 8, 6, 13, 0, 0, 0, 0, 3, 2, 2, 0, 0, 0, 5, 0, 1.0, 0, 0, 2, 1, 0, 0, -21.720226287841797, 30.204864501953125], [1, 0, 1, 0.0, 0, 1, 8, 6, 13, 0, 0, 0, 0, 3, 2, 2, 0, 0, 0, 5, 0, 1.0, 0, 0, 2, 1, 0, 0, -21.720226287841797, 30.204864501953125], [1, 0, 0, 0.0, 1, 1, 8, 6, 13, 1, 0, 1, 0, 4, 1, 2, 0, 0, 0, 5, 1, 1.0, 0, 0, 1, 0, 0, 0, -30.961942672729492, 0.0], [1, 0, 0, 0.0, 1, 1, 8, 6, 13, 1, 0, 1, 0, 4, 1, 2, 0, 0, 0, 5, 1, 1.0, 0, 0, 1, 0, 0, 0, -30.961942672729492, 0.0], [1, 0, 0, 0.0, 1, 1, 8, 4, 11, 1, 0, 1, 1, 2, 1, 2, 0, 0, 0, 3, 1, 1.0, 0, 0, 1, 0, 0, 0, -32.510032653808594, 0.0], [1, 0, 0, 0.0, 1, 1, 8, 4, 11, 1, 0, 1, 1, 2, 1, 2, 0, 0, 0, 3, 1, 1.0, 0, 0, 1, 0, 0, 0, -32.510032653808594, 0.0], [1, 0, 0, 0.0, 0, 1, 8, 4, 11, 0, 0, 0, 0, 1, 2, 2, 0, 0, 0, 3, 0, 1.0, 0, 0, 1, 0, 0, 0, -43.34112548828125, 39.09998321533203], [1, 0, 1, 0.09141802787780762, 0, 1, 8, 8, 15, 0, 0, 0, 0, 5, 2, 6, 0, 0, 0, 7, 0, 1.0, 0, 0, 2, 1, 0, 0, -22.77297592163086, 26.58708953857422], [1, 0, 1, 0.08937442302703857, 0, 1, 8, 8, 15, 0, 0, 0, 0, 5, 2, 5, 0, 0, 0, 7, 0, 1.0, 0, 0, 2, 1, 0, 0, -22.77297592163086, 26.58708953857422], [1, 0, 1, 0.1336522400379181, 0, 1, 8, 8, 15, 0, 0, 0, 0, 5, 2, 6, 0, 0, 0, 7, 0, 1.0, 0, 0, 2, 1, 0, 0, -22.41660499572754, 27.970121383666992], [1, 0, 1, 0.05499747395515442, 0, 1, 8, 8, 15, 0, 0, 0, 0, 5, 2, 6, 0, 0, 0, 7, 0, 1.0, 0, 0, 2, 1, 0, 0, -22.41660499572754, 27.970121383666992], [0, 0, 0, 0.00272330641746521, 0, 1, 8, 8, 15, 1, 0, 1, 0, 6, 1, 7, 0, 0, 0, 7, 0, 1.0, 0, 0, 2, 0, 0, 0, -33.43065643310547, 0.0], [1, 0, 1, 0.1004662811756134, 0, 1, 8, 8, 15, 0, 0, 0, 0, 5, 2, 6, 0, 0, 0, 7, 0, 1.0, 0, 0, 2, 1, 0, 0, -20.748889923095703, 29.584308624267578], [0, 0, 0, 0.00272330641746521, 0, 1, 8, 8, 15, 1, 0, 1, 0, 6, 1, 7, 0, 0, 0, 7, 0, 1.0, 0, 0, 2, 0, 0, 0, -33.43065643310547, 0.0], [1, 0, 0, 0.13571786880493164, 1, 1, 8, 4, 11, 1, 0, 1, 1, 2, 1, 2, 0, 0, 0, 3, 0, 1.0, 0, 0, 1, 0, 0, 0, -32.510032653808594, 0.0], [1, 0, 0, 0.13571786880493164, 1, 1, 8, 4, 11, 1, 0, 1, 1, 2, 1, 2, 0, 0, 0, 3, 0, 1.0, 0, 0, 1, 0, 0, 0, -32.510032653808594, 0.0], [1, 0, 0, 0.0, 0, 1, 5, 4, 8, 1, 0, 0, 0, 1, 2, 4, 0, 0, 0, 3, 0, 1.0, 0, 0, 1, 0, 0, 0, -43.34112548828125, 38.55021667480469], [1, 0, 0, 0.08065545558929443, 0, 1, 8, 5, 12, 1, 0, 1, 0, 3, 1, 5, 0, 0, 0, 4, 0, 1.0, 0, 0, 1, 0, 0, 0, -30.676708221435547, 0.0], [1, 0, 1, 0.0, 0, 1, 8, 5, 12, 0, 0, 0, 0, 2, 2, 6, 0, 0, 0, 4, 0, 1.0, 0, 0, 2, 1, 0, 0, -22.107118606567383, 33.08671569824219], [1, 0, 0, 0.08065545558929443, 0, 1, 8, 5, 12, 1, 0, 1, 1, 3, 1, 5, 0, 0, 0, 4, 0, 1.0, 0, 0, 1, 0, 0, 0, -30.676708221435547, 0.0], [1, 0, 1, 0.0, 0, 1, 8, 5, 12, 0, 0, 0, 0, 2, 2, 7, 0, 0, 0, 4, 0, 1.0, 0, 0, 2, 1, 0, 0, -22.3709659576416, 33.03327941894531], [1, 0, 1, 0.0, 0, 1, 8, 13, 20, 0, 0, 0, 0, 7, 5, 3, 0, 0, 0, 12, 0, 1.0, 0, 0, 2, 1, 0, 0, -27.687217712402344, 21.550006866455078], [0, 0, 0, 0.0, 0, 1, 8, 13, 20, 0, 0, 1, 0, 6, 6, 3, 0, 0, 0, 12, 0, 1.0, 0, 0, 1, 0, 0, 0, -37.550628662109375, 14.056522369384766], [1, 0, 1, 0.0, 0, 1, 8, 13, 20, 0, 0, 0, 0, 7, 5, 3, 0, 0, 0, 12, 0, 1.0, 0, 0, 2, 1, 0, 0, -27.84140968322754, 21.7782039642334], [1, 0, 1, 0.0, 1, 1, 8, 13, 20, 1, 0, 1, 1, 7, 4, 3, 0, 0, 0, 12, 1, 1.0, 0, 0, 1, 0, 0, 0, -47.81694793701172, 8.067005157470703], [1, 0, 1, 0.0, 1, 1, 8, 13, 20, 1, 0, 1, 1, 7, 4, 3, 0, 0, 0, 12, 1, 1.0, 0, 0, 1, 0, 0, 0, -47.8777961730957, 8.060855865478516], [1, 0, 1, 0.0, 1, 1, 8, 13, 20, 1, 0, 1, 1, 7, 5, 3, 0, 0, 0, 12, 1, 1.0, 0, 0, 1, 0, 0, 0, -37.149436950683594, 12.0738525390625], [1, 0, 1, 0.0, 0, 1, 8, 13, 20, 0, 0, 0, 0, 5, 7, 3, 0, 0, 0, 12, 0, 1.0, 0, 0, 2, 1, 0, 0, -29.864974975585938, 24.158950805664062], [1, 0, 1, 0.0, 1, 1, 8, 13, 20, 1, 0, 1, 1, 5, 6, 3, 0, 0, 0, 12, 1, 1.0, 0, 0, 1, 0, 0, 0, -50.667083740234375, 11.397956848144531], [1, 0, 1, 0.0, 0, 1, 8, 13, 20, 0, 0, 0, 0, 7, 5, 3, 0, 0, 0, 12, 0, 1.0, 0, 0, 2, 1, 0, 0, -27.57379913330078, 21.654834747314453], [1, 0, 1, 0.0, 1, 1, 8, 13, 20, 1, 0, 1, 1, 9, 3, 3, 0, 0, 0, 12, 1, 1.0, 0, 0, 1, 0, 0, 0, -34.83286666870117, 8.694786071777344], [1, 0, 1, 0.0, 0, 1, 8, 13, 20, 0, 0, 0, 0, 8, 4, 3, 0, 0, 0, 12, 0, 1.0, 0, 0, 2, 1, 0, 0, -25.963573455810547, 20.383159637451172], [1, 0, 1, 0.0, 1, 1, 8, 13, 20, 1, 1, 1, 0, 9, 2, 3, 0, 0, 0, 12, 1, 1.0, 0, 0, 1, 0, 0, 0, -43.86288833618164, 4.879024505615234], [1, 0, 1, 0.0, 1, 1, 8, 13, 20, 1, 0, 1, 1, 7, 5, 3, 0, 0, 0, 12, 1, 1.0, 0, 0, 1, 0, 0, 0, -37.149253845214844, 12.073806762695312], [1, 0, 1, 0.0, 0, 1, 8, 13, 20, 0, 0, 0, 0, 6, 5, 3, 0, 0, 0, 12, 0, 1.0, 0, 0, 2, 1, 0, 0, -40.66398620605469, 18.507183074951172], [0, 0, 0, 0.0, 0, 1, 8, 13, 20, 0, 0, 1, 0, 8, 4, 3, 0, 0, 0, 12, 0, 1.0, 0, 0, 1, 0, 0, 0, -36.22404479980469, 10.250526428222656], [1, 0, 1, 0.0, 0, 1, 8, 13, 20, 0, 0, 0, 0, 7, 5, 3, 0, 0, 0, 12, 0, 1.0, 0, 0, 2, 1, 0, 0, -27.557004928588867, 21.660722732543945], [1, 0, 1, 0.0, 1, 1, 8, 13, 20, 1, 0, 1, 1, 8, 3, 3, 0, 0, 0, 12, 1, 1.0, 0, 0, 1, 0, 0, 0, -45.95438003540039, 6.497673034667969], [1, 0, 1, 0.0, 0, 1, 8, 13, 20, 0, 0, 0, 0, 7, 5, 3, 0, 0, 0, 12, 0, 1.0, 0, 0, 2, 1, 0, 0, -27.625411987304688, 21.64862823486328], [1, 0, 1, 0.0, 0, 1, 5, 4, 8, 0, 0, 0, 0, 1, 2, 2, 0, 0, 0, 3, 0, 1.0, 0, 0, 2, 1, 0, 0, -36.31487274169922, 46.12623596191406], [1, 0, 0, 0.0, 1, 1, 8, 4, 11, 1, 0, 1, 0, 2, 1, 2, 0, 0, 0, 3, 1, 1.0, 0, 0, 2, 0, 0, 0, -32.510032653808594, 0.0], [1, 0, 0, 0.0, 1, 1, 8, 4, 11, 1, 0, 1, 0, 2, 1, 2, 0, 0, 0, 3, 1, 1.0, 0, 0, 2, 0, 0, 0, -32.510032653808594, 0.0], [1, 0, 1, 0.09607160091400146, 0, 1, 8, 7, 14, 0, 0, 0, 0, 4, 2, 4, 0, 0, 0, 6, 0, 1.0, 0, 0, 2, 1, 0, 0, -27.856569290161133, 0.0], [1, 0, 0, 0.0, 0, 1, 8, 7, 14, 1, 0, 0, 0, 4, 2, 6, 0, 0, 0, 6, 0, 1.0, 0, 0, 1, 0, 0, 0, -39.53876876831055, 13.345733642578125], [1, 0, 1, 0.09873956441879272, 0, 1, 8, 7, 14, 0, 0, 0, 0, 4, 2, 4, 0, 0, 0, 6, 0, 1.0, 0, 0, 2, 1, 0, 0, -24.568965911865234, 0.0], [1, 0, 1, 0.09408563375473022, 0, 1, 8, 7, 14, 1, 0, 0, 0, 4, 2, 4, 0, 0, 0, 6, 0, 1.0, 0, 0, 2, 1, 0, 0, -28.030183792114258, 0.0], [0, 0, 0, 0.030639588832855225, 0, 1, 8, 7, 14, 1, 0, 1, 0, 5, 1, 2, 0, 0, 0, 6, 0, 1.0, 0, 0, 2, 0, 0, 0, -31.76512908935547, 0.0], [0, 0, 0, 0.030639588832855225, 0, 1, 8, 7, 14, 1, 0, 1, 0, 5, 1, 2, 0, 0, 0, 6, 0, 1.0, 0, 0, 2, 0, 0, 0, -36.34488296508789, 0.0], [0, 0, 0, 0.03754699230194092, 0, 1, 8, 11, 18, 1, 0, 1, 0, 5, 5, 2, 0, 0, 0, 10, 0, 1.0, 0, 0, 1, 0, 0, 0, -36.12395095825195, 14.108234405517578], [1, 0, 1, 0.07624578475952148, 1, 1, 8, 11, 18, 1, 0, 1, 1, 5, 4, 2, 0, 0, 0, 10, 1, 1.0, 0, 0, 1, 0, 0, 0, -49.5942497253418, 2.8170852661132812], [1, 0, 0, 0.0, 0, 1, 8, 11, 18, 1, 0, 0, 0, 4, 5, 2, 0, 0, 0, 10, 0, 1.0, 0, 0, 1, 0, 0, 0, -50.787933349609375, 11.45050048828125], [0, 0, 0, 0.03754699230194092, 0, 1, 8, 11, 18, 1, 0, 1, 0, 5, 5, 2, 0, 0, 0, 10, 0, 1.0, 0, 0, 1, 0, 0, 0, -35.90007400512695, 14.108116149902344], [1, 0, 1, 0.013944923877716064, 0, 1, 8, 11, 18, 0, 0, 0, 0, 4, 5, 2, 0, 0, 0, 10, 0, 1.0, 0, 0, 2, 1, 0, 0, -39.926815032958984, 22.14794158935547], [1, 0, 1, 0.07624578475952148, 1, 1, 8, 11, 18, 1, 0, 1, 1, 5, 4, 2, 0, 0, 0, 10, 1, 1.0, 0, 0, 1, 0, 0, 0, -49.900943756103516, 2.8010635375976562], [1, 0, 1, 0.07624578475952148, 1, 1, 8, 11, 18, 1, 0, 1, 1, 5, 4, 2, 0, 0, 0, 10, 1, 1.0, 0, 0, 1, 0, 0, 0, -49.900943756103516, 2.8010635375976562], [1, 0, 1, 0.07624578475952148, 1, 1, 8, 11, 18, 1, 0, 1, 1, 5, 4, 2, 0, 0, 0, 10, 1, 1.0, 0, 0, 1, 0, 0, 0, -49.900943756103516, 2.8010635375976562], [1, 0, 1, 0.07624578475952148, 1, 1, 8, 11, 18, 1, 1, 1, 1, 5, 4, 2, 0, 0, 0, 10, 1, 1.0, 0, 0, 1, 0, 0, 0, -49.900943756103516, 2.8010635375976562], [1, 0, 1, 0.01086127758026123, 0, 1, 8, 11, 18, 0, 0, 0, 0, 4, 5, 2, 0, 0, 0, 10, 0, 1.0, 0, 0, 2, 1, 0, 0, -37.03681945800781, 24.400897979736328], [1, 0, 0, 0.2834606170654297, 0, 0, 6, 4, 9, 0, 0, 0, 0, 1, 2, 5, 0, 0, 0, 3, 0, 1.0, 0, 0, 0, 1, 0, 0, -65.67631530761719, 0.0], [0, 0, 0, 0.1481267809867859, 0, 1, 8, 4, 11, 0, 0, 1, 0, 2, 1, 5, 0, 0, 0, 3, 0, 1.0, 0, 0, 1, 0, 0, 0, -31.913053512573242, 0.0], [0, 0, 0, 0.1481267809867859, 0, 1, 8, 4, 11, 0, 0, 1, 0, 2, 1, 5, 0, 0, 0, 3, 0, 1.0, 0, 0, 1, 0, 0, 0, -31.913053512573242, 0.0], [1, 0, 1, 0.0, 1, 1, 8, 5, 12, 1, 0, 1, 1, 2, 2, 3, 0, 0, 0, 4, 1, 1.0, 0, 0, 1, 0, 0, 0, -32.45011901855469, 21.161590576171875], [1, 0, 1, 0.0, 1, 1, 8, 5, 12, 1, 0, 1, 1, 2, 2, 3, 0, 0, 0, 4, 1, 1.0, 0, 0, 1, 0, 0, 0, -32.45011901855469, 21.161590576171875], [1, 0, 0, 0.0, 0, 1, 8, 5, 12, 1, 0, 0, 0, 1, 3, 5, 0, 0, 0, 4, 0, 1.0, 0, 0, 1, 0, 0, 0, -42.373939514160156, 38.91975402832031], [1, 0, 1, 0.0, 1, 1, 8, 5, 12, 1, 0, 1, 1, 2, 2, 3, 0, 0, 0, 4, 1, 1.0, 0, 0, 1, 0, 0, 0, -32.48289489746094, 21.58850860595703], [1, 0, 1, 0.030541300773620605, 1, 1, 8, 9, 16, 1, 0, 1, 1, 5, 3, 3, 0, 0, 0, 8, 1, 1.0, 0, 0, 1, 0, 0, 0, -34.629005432128906, 12.114768981933594], [1, 0, 1, 0.030541300773620605, 1, 1, 8, 9, 16, 1, 0, 1, 1, 5, 3, 3, 0, 0, 0, 8, 1, 1.0, 0, 0, 1, 0, 0, 0, -34.629005432128906, 12.114768981933594], [1, 0, 1, 0.030541300773620605, 1, 1, 8, 9, 16, 1, 0, 1, 1, 5, 3, 3, 0, 0, 0, 8, 1, 1.0, 0, 0, 1, 0, 0, 0, -34.629005432128906, 12.114768981933594], [1, 0, 1, 0.0, 0, 1, 8, 9, 16, 0, 0, 0, 0, 4, 4, 4, 0, 0, 0, 8, 0, 1.0, 0, 0, 2, 1, 0, 0, -24.273387908935547, 27.149211883544922], [1, 0, 1, 0.030541300773620605, 1, 1, 8, 9, 16, 1, 0, 1, 1, 5, 3, 3, 0, 0, 0, 8, 1, 1.0, 0, 0, 1, 0, 0, 0, -34.74053192138672, 12.183448791503906], [1, 0, 0, 0.0, 0, 1, 8, 9, 16, 1, 0, 0, 0, 4, 4, 4, 0, 0, 0, 8, 0, 1.0, 0, 0, 1, 0, 0, 0, -36.791046142578125, 14.028888702392578], [1, 0, 1, 0.0, 0, 1, 8, 9, 16, 0, 0, 0, 0, 4, 4, 4, 0, 0, 0, 8, 0, 1.0, 0, 0, 2, 1, 0, 0, -24.392173767089844, 26.852195739746094], [1, 0, 0, 0.0, 0, 1, 8, 9, 16, 1, 0, 0, 0, 4, 4, 4, 0, 0, 0, 8, 0, 1.0, 0, 0, 1, 0, 0, 0, -36.791046142578125, 14.028888702392578], [1, 0, 0, 0.05431443452835083, 0, 0, 8, 5, 12, 0, 0, 0, 0, 2, 2, 5, 0, 0, 0, 4, 0, 1.0, 0, 0, 0, 1, 0, 0, -47.241512298583984, 27.125843048095703], [1, 0, 0, 0.0001608133316040039, 0, 1, 8, 5, 12, 1, 0, 1, 0, 3, 1, 3, 0, 0, 0, 4, 0, 1.0, 0, 0, 1, 0, 0, 0, -33.42158126831055, 0.16931915283203125], [1, 0, 0, 0.0, 0, 1, 8, 5, 12, 1, 0, 0, 0, 2, 2, 6, 0, 0, 0, 4, 0, 1.0, 0, 0, 1, 0, 0, 0, -33.57276153564453, 20.40066909790039], [1, 0, 0, 0.0001608133316040039, 0, 1, 8, 5, 12, 1, 0, 1, 0, 3, 1, 3, 0, 0, 0, 4, 0, 1.0, 0, 0, 1, 0, 0, 0, -33.080753326416016, 0.34082794189453125], [1, 0, 1, 0.0, 1, 1, 3, 7, 9, 1, 0, 1, 1, 2, 3, 3, 0, 0, 0, 6, 1, 1.0, 0, 0, 1, 0, 0, 0, -52.3620719909668, 2.823047637939453], [1, 0, 1, 0.0, 1, 1, 3, 7, 9, 1, 0, 1, 1, 2, 3, 3, 0, 0, 0, 6, 1, 1.0, 0, 0, 1, 0, 0, 0, -52.3620719909668, 2.823047637939453], [1, 0, 1, 0.0, 1, 1, 3, 7, 9, 1, 0, 1, 1, 2, 3, 3, 0, 0, 0, 6, 1, 1.0, 0, 0, 1, 0, 0, 0, -52.3620719909668, 2.823047637939453], [1, 0, 1, 0.0, 1, 1, 3, 7, 9, 1, 0, 1, 1, 2, 3, 3, 0, 0, 0, 6, 1, 1.0, 0, 0, 1, 0, 0, 0, -52.3620719909668, 2.823047637939453], [1, 0, 0, 0.0, 0, 1, 3, 7, 9, 1, 0, 1, 0, 2, 4, 3, 0, 0, 0, 6, 0, 1.0, 0, 0, 1, 0, 0, 0, -26.181663513183594, 27.816513061523438], [1, 0, 0, 0.0, 0, 1, 3, 7, 9, 1, 0, 1, 0, 2, 4, 3, 0, 0, 0, 6, 0, 1.0, 0, 0, 1, 0, 0, 0, -26.181663513183594, 27.816513061523438], [0, 0, 0, 0.0, 0, 1, 8, 10, 17, 0, 0, 1, 0, 6, 2, 3, 0, 0, 0, 9, 0, 1.0, 0, 0, 1, 0, 0, 0, -53.00181579589844, 4.963550567626953], [0, 0, 0, 0.0, 0, 1, 8, 10, 17, 0, 0, 0, 0, 5, 3, 3, 0, 0, 0, 9, 0, 1.0, 0, 0, 1, 0, 0, 0, -55.4350700378418, 7.081317901611328], [0, 0, 0, 0.08403536677360535, 0, 0, 8, 10, 17, 0, 0, 1, 0, 6, 3, 5, 0, 0, 0, 9, 0, 1.0, 0, 0, 0, 0, 0, 0, -47.00860595703125, 10.269729614257812], [0, 0, 0, 0.0, 0, 1, 8, 10, 17, 0, 0, 0, 0, 5, 3, 3, 0, 0, 0, 9, 0, 1.0, 0, 0, 1, 0, 0, 0, -55.18458557128906, 7.309085845947266], [0, 0, 0, 0.0, 0, 1, 8, 10, 17, 0, 0, 0, 0, 5, 3, 3, 0, 0, 0, 9, 0, 1.0, 0, 0, 1, 0, 0, 0, -55.18458557128906, 7.309085845947266], [0, 0, 0, 0.08403536677360535, 0, 0, 8, 10, 17, 0, 0, 1, 0, 6, 3, 5, 0, 0, 0, 9, 0, 1.0, 0, 0, 0, 0, 0, 0, -46.58640670776367, 10.379905700683594], [0, 0, 0, 0.0, 0, 1, 8, 10, 17, 0, 0, 1, 1, 6, 2, 3, 0, 0, 0, 9, 0, 1.0, 0, 0, 1, 0, 0, 0, -52.71292495727539, 3.9358749389648438], [0, 0, 0, 0.0, 0, 1, 8, 10, 17, 0, 0, 1, 1, 6, 2, 3, 0, 0, 0, 9, 0, 1.0, 0, 0, 1, 0, 0, 0, -52.71292495727539, 3.9358749389648438], [1, 0, 0, 0.0, 0, 1, 8, 10, 17, 0, 0, 0, 0, 5, 3, 3, 0, 0, 0, 9, 0, 1.0, 0, 0, 1, 0, 0, 0, -55.19270706176758, 7.078182220458984], [1, 0, 1, 0.053270041942596436, 1, 1, 8, 5, 12, 1, 0, 1, 1, 2, 2, 2, 0, 0, 0, 4, 1, 1.0, 0, 0, 1, 0, 0, 0, -35.6541748046875, 16.7586669921875], [1, 0, 0, 0.0, 0, 1, 8, 5, 12, 0, 0, 0, 0, 1, 3, 2, 0, 0, 0, 4, 0, 1.0, 0, 0, 1, 0, 0, 0, -42.373939514160156, 38.91975402832031], [1, 0, 1, 0.053270041942596436, 1, 1, 8, 5, 12, 1, 0, 1, 1, 2, 2, 2, 0, 0, 0, 4, 1, 1.0, 0, 0, 1, 0, 0, 0, -36.07058334350586, 17.09996795654297], [1, 0, 1, 0.053270041942596436, 1, 1, 8, 5, 12, 1, 0, 1, 1, 2, 2, 2, 0, 0, 0, 4, 1, 1.0, 0, 0, 1, 0, 0, 0, -36.07058334350586, 17.09996795654297], [1, 0, 1, 0.0, 0, 1, 4, 4, 7, 0, 0, 0, 0, 1, 2, 4, 0, 0, 0, 3, 0, 1.0, 0, 0, 2, 1, 0, 0, -36.31487274169922, 46.12622833251953], [1, 0, 0, 1.1920928955078125e-07, 0, 1, 8, 4, 11, 1, 0, 1, 0, 2, 1, 7, 0, 0, 0, 3, 0, 1.0, 0, 0, 1, 0, 0, 0, -31.913053512573242, 0.5969791412353516], [1, 0, 0, 1.1920928955078125e-07, 0, 1, 8, 4, 11, 1, 0, 1, 0, 2, 1, 7, 0, 0, 0, 3, 0, 1.0, 0, 0, 1, 0, 0, 0, -31.913053512573242, 0.5969791412353516], [0, 0, 0, 0.0, 0, 1, 8, 5, 12, 0, 0, 1, 1, 3, 1, 3, 0, 0, 0, 4, 0, 1.0, 0, 0, 1, 0, 0, 0, -31.195499420166016, 0.0], [0, 0, 0, 0.0, 0, 1, 8, 5, 12, 0, 0, 1, 1, 3, 1, 3, 0, 0, 0, 4, 0, 1.0, 0, 0, 1, 0, 0, 0, -31.195499420166016, 0.0], [0, 0, 0, 0.10084819793701172, 0, 0, 8, 5, 12, 0, 0, 0, 0, 2, 2, 3, 0, 0, 0, 4, 0, 1.0, 0, 0, 0, 0, 0, 0, -47.82972717285156, 26.537628173828125], [0, 0, 0, 0.0, 0, 0, 2, 5, 6, 0, 0, 0, 0, 2, 2, 2, 0, 0, 0, 4, 0, 1.0, 0, 0, 0, 0, 0, 0, -47.82972717285156, 26.537628173828125], [1, 0, 0, 0.0, 0, 1, 8, 4, 11, 1, 0, 0, 0, 1, 2, 2, 0, 0, 0, 3, 0, 1.0, 0, 0, 1, 0, 0, 0, -43.34112548828125, 40.07543182373047], [1, 0, 0, 0.010708630084991455, 1, 1, 8, 4, 11, 1, 0, 1, 0, 2, 1, 2, 0, 0, 0, 3, 1, 1.0, 0, 0, 2, 0, 0, 0, -33.61296463012695, 5.562839508056641], [1, 0, 0, 0.010708630084991455, 1, 1, 8, 4, 11, 1, 0, 1, 0, 2, 1, 2, 0, 0, 0, 3, 1, 1.0, 0, 0, 2, 0, 0, 0, -33.61296463012695, 5.562839508056641], [0, 0, 0, 0.041052818298339844, 0, 1, 8, 5, 12, 1, 0, 1, 0, 3, 1, 4, 0, 0, 0, 4, 0, 0.75, 0, 0, 1, 0, 0, 0, -36.41844177246094, 1.9336395263671875], [1, 0, 0, 0.0, 0, 1, 8, 5, 12, 0, 0, 0, 0, 2, 2, 5, 0, 0, 0, 4, 0, 1.0, 0, 0, 1, 0, 0, 0, -38.652992248535156, 19.761253356933594], [1, 0, 0, 0.0, 0, 1, 8, 5, 12, 0, 0, 0, 0, 2, 2, 5, 0, 0, 0, 4, 0, 1.0, 0, 0, 1, 0, 0, 0, -38.652992248535156, 19.761253356933594], [0, 0, 0, 0.041052818298339844, 0, 1, 8, 5, 12, 1, 0, 1, 1, 3, 1, 4, 0, 0, 0, 4, 0, 0.75, 0, 0, 1, 0, 0, 0, -35.48869323730469, 0.7438240051269531], [1, 0, 1, 0.14250212907791138, 0, 1, 8, 4, 11, 0, 0, 0, 0, 1, 2, 7, 0, 0, 0, 3, 0, 1.0, 0, 0, 2, 1, 0, 0, -36.31487274169922, 45.57646942138672], [1, 0, 0, 0.03533673286437988, 0, 1, 8, 4, 11, 1, 0, 1, 0, 2, 1, 3, 0, 0, 0, 3, 0, 1.0, 0, 0, 2, 0, 0, 0, -31.913053512573242, 0.5969791412353516], [1, 0, 0, 0.03533673286437988, 0, 1, 8, 4, 11, 1, 0, 1, 0, 2, 1, 3, 0, 0, 0, 3, 0, 1.0, 0, 0, 2, 0, 0, 0, -31.913053512573242, 0.5969791412353516], [1, 0, 0, 0.0, 0, 1, 8, 7, 14, 1, 0, 0, 0, 1, 5, 3, 0, 0, 0, 6, 0, 1.0, 0, 0, 1, 0, 0, 0, -46.654685974121094, 31.49163055419922], [1, 0, 1, 0.0, 1, 1, 8, 7, 14, 1, 0, 1, 1, 2, 4, 3, 0, 0, 0, 6, 1, 1.0, 0, 0, 1, 0, 0, 0, -30.497032165527344, 21.97838592529297], [1, 0, 1, 0.0, 1, 1, 8, 7, 14, 1, 0, 1, 1, 2, 4, 3, 0, 0, 0, 6, 1, 1.0, 0, 0, 1, 0, 0, 0, -30.497032165527344, 21.97838592529297], [1, 0, 1, 0.0, 1, 1, 8, 7, 14, 1, 0, 1, 1, 2, 4, 3, 0, 0, 0, 6, 1, 1.0, 0, 0, 1, 0, 0, 0, -30.497032165527344, 21.97838592529297], [1, 0, 1, 0.0, 1, 1, 8, 7, 14, 1, 1, 1, 1, 2, 4, 3, 0, 0, 0, 6, 1, 1.0, 0, 0, 1, 0, 0, 0, -30.497032165527344, 21.97838592529297], [1, 0, 1, 0.0, 1, 1, 8, 7, 14, 1, 0, 1, 1, 2, 4, 3, 0, 0, 0, 6, 1, 1.0, 0, 0, 1, 0, 0, 0, -30.497032165527344, 21.97838592529297], [1, 0, 0, 0.09624373912811279, 0, 1, 8, 4, 11, 1, 0, 1, 0, 2, 1, 4, 0, 0, 0, 3, 0, 1.0, 0, 0, 2, 0, 0, 0, -32.510032653808594, 0.0], [1, 0, 0, 0.0, 0, 1, 8, 4, 11, 1, 0, 0, 0, 1, 2, 2, 0, 0, 0, 3, 0, 1.0, 0, 0, 1, 0, 0, 0, -43.34112548828125, 39.09998321533203], [1, 0, 0, 0.09624373912811279, 0, 1, 8, 4, 11, 1, 0, 1, 1, 2, 1, 4, 0, 0, 0, 3, 0, 1.0, 0, 0, 2, 0, 0, 0, -32.510032653808594, 0.0], [1, 0, 0, 0.3179066777229309, 1, 1, 8, 4, 11, 1, 1, 1, 1, 2, 1, 2, 0, 0, 0, 3, 1, 1.0, 0, 0, 1, 0, 0, 0, -32.510032653808594, 0.0], [1, 0, 0, 0.3179066777229309, 1, 1, 8, 4, 11, 1, 0, 1, 1, 2, 1, 2, 0, 0, 0, 3, 1, 1.0, 0, 0, 1, 0, 0, 0, -32.510032653808594, 0.0], [0, 0, 0, 0.0, 0, 1, 8, 4, 11, 0, 0, 0, 0, 1, 2, 2, 0, 0, 0, 3, 0, 1.0, 0, 0, 1, 0, 0, 0, -43.34112548828125, 39.0999755859375], [1, 0, 1, 0.0, 0, 1, 8, 6, 13, 0, 0, 0, 0, 3, 2, 2, 0, 0, 0, 5, 0, 1.0, 0, 0, 2, 1, 0, 0, -22.22652816772461, 29.654766082763672], [1, 0, 1, 0.0, 0, 1, 8, 6, 13, 0, 0, 0, 0, 3, 2, 2, 0, 0, 0, 5, 0, 1.0, 0, 0, 2, 1, 0, 0, -22.22652816772461, 29.654766082763672], [1, 0, 0, 0.13144689798355103, 0, 1, 8, 6, 13, 1, 0, 1, 0, 4, 1, 3, 0, 0, 0, 5, 0, 1.0, 0, 0, 2, 0, 0, 0, -30.495162963867188, 0.0], [1, 0, 0, 0.13144689798355103, 0, 1, 8, 6, 13, 1, 0, 1, 0, 4, 1, 3, 0, 0, 0, 5, 0, 1.0, 0, 0, 2, 0, 0, 0, -30.495162963867188, 0.0], [1, 0, 1, 0.0, 0, 1, 8, 6, 13, 0, 0, 0, 0, 3, 2, 2, 0, 0, 0, 5, 0, 1.0, 0, 0, 2, 1, 0, 0, -21.720226287841797, 30.204864501953125], [1, 0, 1, 0.0, 0, 1, 8, 7, 14, 0, 0, 0, 0, 4, 2, 2, 0, 0, 0, 6, 0, 1.0, 0, 0, 2, 1, 0, 0, -14.138875961303711, 31.187707901000977], [1, 0, 1, 0.14247477054595947, 0, 1, 8, 7, 14, 0, 0, 0, 0, 4, 2, 2, 0, 0, 0, 6, 0, 1.0, 0, 0, 2, 1, 0, 0, -14.138875961303711, 30.497507095336914], [1, 0, 1, 0.019452154636383057, 0, 1, 8, 7, 14, 0, 0, 0, 0, 4, 2, 2, 0, 0, 0, 6, 0, 1.0, 0, 0, 2, 1, 0, 0, -14.138875961303711, 30.497507095336914], [1, 0, 0, 0.012716233730316162, 0, 1, 8, 7, 14, 1, 0, 1, 0, 5, 1, 2, 0, 0, 0, 6, 0, 1.0, 0, 0, 2, 0, 0, 0, -27.59328842163086, 0.43145751953125], [1, 0, 0, 0.012716233730316162, 0, 1, 8, 7, 14, 1, 0, 1, 0, 5, 1, 2, 0, 0, 0, 6, 0, 1.0, 0, 0, 2, 0, 0, 0, -27.59328842163086, 0.43145751953125], [1, 0, 1, 0.12786459922790527, 0, 1, 8, 7, 14, 0, 0, 0, 0, 4, 2, 2, 0, 0, 0, 6, 0, 1.0, 0, 0, 2, 1, 0, 0, -17.426713943481445, 28.81378746032715], [1, 0, 0, 0.0, 0, 1, 8, 4, 11, 1, 0, 0, 0, 1, 2, 5, 0, 0, 0, 3, 0, 1.0, 0, 0, 1, 0, 0, 0, -47.133636474609375, 38.04508972167969], [1, 0, 0, 0.02979964017868042, 1, 1, 8, 4, 11, 1, 0, 1, 0, 2, 1, 2, 0, 0, 0, 3, 0, 1.0, 0, 0, 2, 0, 0, 0, -37.67195129394531, 0.0], [1, 0, 0, 0.02979964017868042, 1, 1, 8, 4, 11, 1, 0, 1, 0, 2, 1, 2, 0, 0, 0, 3, 0, 1.0, 0, 0, 2, 0, 0, 0, -37.67195129394531, 0.0], [1, 0, 0, 0.08916491270065308, 0, 1, 8, 4, 11, 1, 0, 1, 0, 2, 1, 2, 0, 0, 0, 3, 0, 1.0, 0, 0, 2, 0, 0, 0, -36.928524017333984, 0.0], [1, 0, 0, 0.0, 0, 1, 8, 4, 11, 1, 0, 0, 0, 1, 2, 5, 0, 0, 0, 3, 0, 1.0, 0, 0, 1, 0, 0, 0, -45.4761962890625, 42.45808410644531], [1, 0, 0, 0.08916491270065308, 0, 1, 8, 4, 11, 1, 0, 1, 1, 2, 1, 2, 0, 0, 0, 3, 0, 1.0, 0, 0, 1, 0, 0, 0, -37.11396789550781, 0.0], [1, 0, 1, 0.0, 1, 1, 5, 5, 9, 1, 0, 1, 1, 2, 2, 4, 0, 0, 0, 4, 1, 1.0, 0, 0, 1, 0, 0, 0, -31.99272346496582, 20.69810676574707], [1, 0, 1, 0.0, 1, 1, 5, 5, 9, 1, 0, 1, 1, 2, 2, 4, 0, 0, 0, 4, 1, 1.0, 0, 0, 1, 0, 0, 0, -31.99272346496582, 20.69810676574707], [1, 0, 1, 0.0, 1, 1, 5, 5, 9, 1, 0, 1, 1, 2, 2, 4, 0, 0, 0, 4, 1, 1.0, 0, 0, 1, 0, 0, 0, -31.99272346496582, 20.69810676574707], [1, 0, 1, 0.0, 0, 1, 5, 5, 9, 0, 0, 0, 0, 1, 3, 4, 0, 0, 0, 4, 0, 1.0, 0, 0, 2, 1, 0, 0, -35.91134262084961, 0.0], [0, 0, 0, 0.0, 0, 1, 8, 5, 12, 0, 0, 1, 1, 3, 1, 2, 0, 0, 0, 4, 0, 1.0, 0, 0, 1, 0, 0, 0, -31.195499420166016, 0.0], [0, 0, 0, 0.0, 0, 1, 8, 5, 12, 0, 0, 1, 1, 3, 1, 2, 0, 0, 0, 4, 0, 1.0, 0, 0, 1, 0, 0, 0, -31.195499420166016, 0.0], [1, 0, 1, 0.0, 0, 1, 8, 5, 12, 0, 0, 0, 0, 2, 2, 5, 0, 0, 0, 4, 0, 1.0, 0, 0, 2, 1, 0, 0, -22.107118606567383, 32.61073303222656], [1, 0, 1, 0.0, 0, 1, 8, 5, 12, 0, 0, 0, 0, 2, 2, 4, 0, 0, 0, 4, 0, 1.0, 0, 0, 2, 1, 0, 0, -22.107118606567383, 32.61073303222656], [1, 0, 0, 1.1920928955078125e-07, 0, 1, 5, 4, 8, 1, 0, 1, 1, 2, 1, 5, 0, 0, 0, 3, 0, 1.0, 0, 0, 1, 0, 0, 0, -31.913053512573242, 0.0], [1, 0, 0, 1.1920928955078125e-07, 0, 1, 5, 4, 8, 1, 0, 1, 1, 2, 1, 5, 0, 0, 0, 3, 0, 1.0, 0, 0, 1, 0, 0, 0, -31.913053512573242, 0.0], [1, 0, 1, 0.0, 0, 1, 5, 4, 8, 0, 0, 0, 0, 1, 2, 5, 0, 0, 0, 3, 0, 1.0, 0, 0, 2, 1, 0, 0, -36.31487274169922, 45.57646942138672], [1, 0, 0, 0.0, 1, 1, 4, 4, 7, 1, 0, 1, 0, 2, 1, 2, 0, 0, 0, 3, 1, 1.0, 0, 0, 2, 0, 0, 0, -36.472984313964844, 0.0], [1, 0, 1, 0.0, 0, 1, 4, 4, 7, 0, 0, 0, 0, 1, 2, 2, 0, 0, 0, 3, 0, 1.0, 0, 0, 2, 1, 0, 0, -36.31487274169922, 48.863853454589844], [1, 0, 0, 0.0, 1, 1, 4, 4, 7, 1, 0, 1, 1, 2, 1, 2, 0, 0, 0, 3, 1, 1.0, 0, 0, 2, 0, 0, 0, -36.472984313964844, 0.0], [1, 0, 1, 0.20839828252792358, 0, 1, 8, 6, 13, 0, 0, 0, 0, 3, 2, 5, 0, 0, 0, 5, 0, 1.0, 0, 0, 2, 1, 0, 0, -21.758617401123047, 32.00547409057617], [0, 0, 0, 0.0, 0, 1, 8, 6, 13, 1, 0, 1, 0, 4, 1, 4, 0, 0, 0, 5, 0, 1.0, 0, 0, 1, 0, 0, 0, -30.701967239379883, 2.700807571411133], [0, 0, 0, 0.0, 0, 1, 8, 6, 13, 1, 0, 1, 0, 4, 1, 4, 0, 0, 0, 5, 0, 1.0, 0, 0, 1, 0, 0, 0, -30.701967239379883, 2.700807571411133], [1, 0, 1, 0.19343480467796326, 0, 1, 8, 6, 13, 0, 0, 0, 0, 3, 2, 5, 0, 0, 0, 5, 0, 1.0, 0, 0, 2, 1, 0, 0, -21.52495765686035, 31.359716415405273], [1, 0, 1, 0.19417884945869446, 0, 1, 8, 6, 13, 0, 0, 0, 0, 3, 2, 5, 0, 0, 0, 5, 0, 1.0, 0, 0, 2, 1, 0, 0, -21.52495765686035, 31.359716415405273], [0, 0, 0, 0.0, 0, 1, 8, 4, 11, 1, 0, 1, 1, 2, 1, 2, 0, 0, 0, 3, 0, 1.0, 0, 0, 1, 0, 0, 0, -32.510032653808594, 0.0], [0, 0, 0, 0.0, 0, 1, 8, 4, 11, 1, 0, 1, 1, 2, 1, 2, 0, 0, 0, 3, 0, 1.0, 0, 0, 1, 0, 0, 0, -32.510032653808594, 0.0], [0, 0, 0, 0.0, 0, 1, 8, 4, 11, 0, 0, 0, 0, 1, 2, 2, 0, 0, 0, 3, 0, 1.0, 0, 0, 1, 0, 0, 0, -47.133636474609375, 35.307472229003906], [1, 0, 1, 0.0036663413047790527, 1, 1, 8, 7, 14, 1, 0, 1, 1, 4, 2, 3, 0, 0, 0, 6, 1, 1.0, 0, 0, 1, 0, 0, 0, -33.805381774902344, 14.183258056640625], [1, 0, 1, 0.0036663413047790527, 1, 1, 8, 7, 14, 1, 0, 1, 1, 4, 2, 3, 0, 0, 0, 6, 1, 1.0, 0, 0, 1, 0, 0, 0, -33.805381774902344, 14.183258056640625], [1, 0, 0, 0.0, 0, 1, 8, 7, 14, 1, 0, 0, 0, 3, 3, 5, 0, 0, 0, 6, 0, 1.0, 0, 0, 1, 0, 0, 0, -36.70978546142578, 15.285945892333984], [1, 0, 1, 0.011239349842071533, 0, 1, 8, 7, 14, 0, 0, 0, 0, 3, 3, 2, 0, 0, 0, 6, 0, 1.0, 0, 0, 2, 1, 0, 0, -23.322826385498047, 0.0], [1, 0, 1, 0.0036663413047790527, 1, 1, 8, 7, 14, 1, 0, 1, 1, 4, 2, 3, 0, 0, 0, 6, 1, 1.0, 0, 0, 1, 0, 0, 0, -33.83782958984375, 14.284095764160156], [1, 0, 1, 0.012206315994262695, 0, 1, 8, 7, 14, 0, 0, 0, 0, 3, 3, 2, 0, 0, 0, 6, 0, 1.0, 0, 0, 2, 1, 0, 0, -23.475120544433594, 0.0], [1, 0, 1, 0.2447461485862732, 0, 1, 8, 5, 12, 0, 0, 0, 0, 2, 2, 5, 0, 0, 0, 4, 0, 1.0, 0, 0, 2, 1, 0, 0, -35.839054107666016, 29.168224334716797], [1, 0, 0, 0.04632800817489624, 1, 1, 8, 5, 12, 1, 0, 1, 0, 3, 1, 4, 0, 0, 0, 4, 1, 1.0, 0, 0, 2, 0, 0, 0, -41.52626419067383, 1.690704345703125], [1, 0, 0, 0.04632800817489624, 1, 1, 8, 5, 12, 1, 0, 1, 0, 3, 1, 4, 0, 0, 0, 4, 1, 1.0, 0, 0, 2, 0, 0, 0, -41.52626419067383, 1.690704345703125], [1, 0, 1, 0.2470114827156067, 0, 1, 8, 5, 12, 0, 0, 0, 0, 2, 2, 5, 0, 0, 0, 4, 0, 1.0, 0, 0, 2, 1, 0, 0, -31.967933654785156, 33.15202331542969], [1, 0, 0, 0.0, 1, 1, 8, 4, 11, 1, 0, 1, 0, 2, 1, 3, 0, 0, 0, 3, 1, 1.0, 0, 0, 1, 0, 0, 0, -32.510032653808594, 0.8493881225585938], [1, 0, 1, 0.0, 0, 1, 8, 4, 11, 0, 0, 0, 0, 1, 2, 5, 0, 0, 0, 3, 0, 1.0, 0, 0, 2, 1, 0, 0, -36.31487274169922, 45.57646942138672], [1, 0, 0, 0.0, 1, 1, 8, 4, 11, 1, 0, 1, 1, 2, 1, 3, 0, 0, 0, 3, 1, 1.0, 0, 0, 2, 0, 0, 0, -32.510032653808594, 5.161918640136719], [1, 0, 1, 0.0, 0, 1, 5, 5, 9, 0, 0, 0, 0, 2, 2, 3, 0, 0, 0, 4, 0, 1.0, 0, 0, 2, 1, 0, 0, -21.657241821289062, 31.84020233154297], [1, 0, 1, 0.0, 0, 1, 8, 5, 12, 0, 0, 0, 0, 2, 2, 4, 0, 0, 0, 4, 0, 1.0, 0, 0, 2, 1, 0, 0, -21.657241821289062, 0.0], [1, 0, 0, 0.0, 1, 1, 8, 5, 12, 1, 0, 1, 0, 3, 1, 3, 0, 0, 0, 4, 1, 1.0, 0, 0, 1, 0, 0, 0, -30.676708221435547, 0.5187911987304688], [1, 0, 0, 0.0, 1, 1, 8, 5, 12, 1, 0, 1, 0, 3, 1, 3, 0, 0, 0, 4, 1, 1.0, 0, 0, 1, 0, 0, 0, -30.676708221435547, 0.5187911987304688], [1, 0, 0, 2.980232238769531e-07, 0, 1, 8, 4, 11, 1, 0, 1, 0, 2, 1, 6, 0, 0, 0, 3, 0, 1.0, 0, 0, 1, 0, 0, 0, -36.472984313964844, 0.2652473449707031], [1, 0, 1, 0.0, 0, 1, 6, 4, 9, 0, 0, 0, 0, 1, 2, 6, 0, 0, 0, 3, 0, 1.0, 0, 0, 2, 1, 0, 0, -36.31487274169922, 46.12623596191406], [1, 0, 0, 2.980232238769531e-07, 0, 1, 8, 4, 11, 1, 0, 1, 1, 2, 1, 6, 0, 0, 0, 3, 0, 1.0, 0, 0, 1, 0, 0, 0, -36.472984313964844, 0.2652473449707031], [1, 0, 1, 0.011365294456481934, 0, 1, 8, 7, 14, 0, 0, 0, 0, 2, 3, 2, 0, 0, 0, 6, 0, 1.0, 0, 0, 2, 1, 0, 0, -40.89239501953125, 0.0], [1, 0, 1, 0.0, 0, 1, 8, 7, 14, 1, 0, 1, 0, 3, 2, 2, 0, 0, 0, 6, 0, 1.0, 0, 0, 1, 0, 0, 0, -49.52393341064453, 2.1662063598632812], [1, 0, 0, 0.034283578395843506, 0, 1, 8, 7, 14, 1, 0, 1, 0, 3, 3, 2, 0, 0, 0, 6, 0, 1.0, 0, 0, 1, 0, 0, 0, -33.14825439453125, 17.546478271484375], [1, 0, 1, 0.0, 0, 1, 8, 7, 14, 1, 0, 1, 1, 3, 2, 2, 0, 0, 0, 6, 0, 1.0, 0, 0, 1, 0, 0, 0, -49.53642272949219, 2.1960678100585938], [1, 0, 1, 0.0, 0, 1, 8, 7, 14, 1, 0, 1, 1, 3, 2, 2, 0, 0, 0, 6, 0, 1.0, 0, 0, 1, 0, 0, 0, -49.53642272949219, 2.1960678100585938], [1, 0, 0, 0.034283578395843506, 0, 1, 8, 7, 14, 1, 0, 1, 0, 3, 3, 2, 0, 0, 0, 6, 0, 1.0, 0, 0, 1, 0, 0, 0, -33.04326629638672, 16.009445190429688], [1, 0, 0, 0.0, 0, 1, 8, 4, 11, 1, 0, 0, 0, 1, 2, 2, 0, 0, 0, 3, 0, 1.0, 0, 0, 1, 0, 0, 0, -43.34112548828125, 39.09998321533203], [1, 0, 0, 0.0, 0, 1, 8, 4, 11, 1, 0, 1, 0, 2, 1, 3, 0, 0, 0, 3, 0, 1.0, 0, 0, 1, 0, 0, 0, -32.510032653808594, 0.0], [1, 0, 0, 0.0, 0, 1, 8, 4, 11, 1, 0, 1, 0, 2, 1, 3, 0, 0, 0, 3, 0, 1.0, 0, 0, 1, 0, 0, 0, -32.510032653808594, 0.0], [1, 0, 1, 0.0, 0, 1, 5, 4, 8, 0, 0, 0, 0, 1, 2, 4, 0, 0, 0, 3, 0, 1.0, 0, 0, 2, 1, 0, 0, -36.31487274169922, 48.863853454589844], [1, 0, 0, 0.0, 1, 1, 8, 4, 11, 1, 0, 1, 0, 2, 1, 3, 0, 0, 0, 3, 1, 1.0, 0, 0, 2, 0, 0, 0, -31.913053512573242, 1.1293811798095703], [1, 0, 0, 0.0, 1, 1, 8, 4, 11, 1, 0, 1, 0, 2, 1, 3, 0, 0, 0, 3, 1, 1.0, 0, 0, 2, 0, 0, 0, -31.913053512573242, 1.1293811798095703], [1, 0, 1, 0.08946162462234497, 1, 1, 8, 6, 13, 1, 0, 1, 1, 3, 2, 5, 0, 0, 0, 5, 1, 1.0, 0, 0, 1, 0, 0, 0, -28.87686538696289, 18.001007080078125], [1, 0, 1, 0.08946162462234497, 1, 1, 8, 6, 13, 1, 0, 1, 1, 3, 2, 5, 0, 0, 0, 5, 1, 1.0, 0, 0, 1, 0, 0, 0, -28.87686538696289, 18.001007080078125], [1, 0, 1, 0.08946162462234497, 1, 1, 8, 6, 13, 1, 0, 1, 1, 3, 2, 5, 0, 0, 0, 5, 1, 1.0, 0, 0, 1, 0, 0, 0, -28.87686538696289, 18.001007080078125], [1, 0, 0, 0.04068368673324585, 0, 1, 8, 6, 13, 0, 0, 0, 0, 2, 3, 3, 0, 0, 0, 5, 0, 1.0, 0, 0, 1, 0, 0, 0, -27.731061935424805, 25.35133934020996], [1, 0, 0, 0.0, 0, 1, 8, 6, 13, 1, 0, 0, 0, 2, 3, 5, 0, 0, 0, 5, 0, 1.0, 0, 0, 1, 0, 0, 0, -27.170204162597656, 25.221012115478516], [1, 0, 0, 0.31223464012145996, 1, 1, 8, 4, 11, 1, 0, 1, 1, 2, 1, 2, 0, 0, 0, 3, 0, 1.0, 0, 0, 1, 0, 0, 0, -33.04243469238281, 4.6148834228515625], [1, 0, 0, 0.31223464012145996, 1, 1, 8, 4, 11, 1, 0, 1, 1, 2, 1, 2, 0, 0, 0, 3, 0, 1.0, 0, 0, 1, 0, 0, 0, -33.04243469238281, 4.6148834228515625], [1, 0, 0, 0.0, 0, 1, 8, 4, 11, 0, 0, 0, 0, 1, 2, 2, 0, 0, 0, 3, 0, 1.0, 0, 0, 1, 0, 0, 0, -47.133636474609375, 35.80418395996094], [0, 0, 0, 0.0, 0, 1, 8, 4, 11, 0, 0, 0, 0, 1, 2, 2, 0, 0, 0, 3, 0, 1.0, 0, 0, 1, 0, 0, 0, -43.34112548828125, 39.0999755859375], [1, 0, 0, 0.0, 0, 1, 8, 4, 11, 1, 1, 1, 0, 2, 1, 3, 0, 0, 0, 3, 0, 1.0, 0, 0, 2, 0, 0, 0, -31.913053512573242, 0.0], [1, 0, 0, 0.0, 0, 1, 8, 4, 11, 1, 1, 1, 0, 2, 1, 3, 0, 0, 0, 3, 0, 1.0, 0, 0, 2, 0, 0, 0, -31.913053512573242, 0.0], [1, 0, 0, 0.0, 1, 1, 8, 4, 11, 1, 0, 1, 0, 2, 1, 2, 0, 0, 0, 3, 1, 1.0, 0, 0, 1, 0, 0, 0, -32.510032653808594, 3.2979812622070312], [1, 0, 1, 0.0, 0, 1, 4, 4, 7, 0, 0, 0, 0, 1, 2, 2, 0, 0, 0, 3, 0, 1.0, 0, 0, 2, 1, 0, 0, -36.31487274169922, 0.0], [1, 0, 0, 0.0, 1, 1, 8, 4, 11, 1, 1, 1, 1, 2, 1, 2, 0, 0, 0, 3, 1, 1.0, 0, 0, 1, 0, 0, 0, -35.808013916015625, 1.328094482421875], [1, 0, 1, 0.0, 0, 1, 8, 3, 10, 0, 0, 0, 0, 1, 1, 5, 0, 0, 0, 2, 0, 1.0, 0, 0, 2, 1, 0, 0, -0.18435660004615784, 60.20938491821289], [0, 0, 0, 0.017779767513275146, 0, 1, 8, 3, 10, 0, 0, 0, 0, 1, 1, 3, 0, 0, 0, 2, 0, 1.0, 0, 0, 1, 0, 0, 0, -54.87946319580078, 0.0], [1, 0, 0, 0.0, 0, 1, 8, 4, 11, 1, 1, 0, 0, 2, 1, 7, 0, 0, 0, 3, 0, 1.0, 0, 0, 1, 0, 0, 0, -33.70892333984375, 0.0], [1, 0, 1, 0.0, 0, 1, 8, 4, 11, 0, 0, 0, 0, 2, 1, 2, 0, 0, 0, 3, 0, 1.0, 0, 0, 2, 1, 0, 0, -0.18703067302703857, 34.11844253540039], [1, 0, 1, 0.007525324821472168, 0, 1, 8, 4, 11, 0, 0, 0, 0, 2, 1, 4, 0, 0, 0, 3, 0, 1.0, 0, 0, 2, 1, 0, 0, -0.18703067302703857, 34.11844253540039], [1, 0, 0, 0.3080531358718872, 0, 1, 8, 4, 11, 0, 0, 0, 0, 2, 1, 2, 0, 0, 0, 3, 0, 1.0, 0, 0, 1, 0, 0, 0, -34.30547332763672, 0.0], [0, 0, 0, 0.19482803344726562, 0, 1, 8, 4, 11, 0, 0, 0, 0, 2, 1, 2, 0, 0, 0, 3, 0, 1.0, 0, 0, 1, 0, 0, 0, -34.30547332763672, 0.4222908020019531], [1, 0, 1, 0.0, 0, 1, 8, 4, 11, 0, 0, 0, 0, 2, 1, 3, 0, 0, 0, 3, 0, 1.0, 0, 0, 1, 0, 0, 0, -34.30547332763672, 0.0], [1, 0, 0, 0.35179948806762695, 0, 1, 6, 7, 12, 1, 0, 1, 0, 4, 2, 3, 0, 0, 0, 6, 0, 1.0, 0, 0, 1, 0, 0, 0, -30.89588165283203, 12.899761199951172], [0, 0, 0, 0.0, 0, 1, 5, 7, 11, 1, 0, 1, 0, 4, 2, 2, 0, 0, 0, 6, 0, 1.0, 0, 0, 1, 0, 0, 0, -30.977977752685547, 14.964103698730469], [0, 0, 0, 0.0, 0, 1, 5, 7, 11, 1, 0, 1, 0, 4, 2, 2, 0, 0, 0, 6, 0, 1.0, 0, 0, 1, 0, 0, 0, -30.977977752685547, 14.964103698730469], [0, 0, 0, 0.0, 0, 1, 5, 7, 11, 0, 0, 0, 0, 3, 2, 2, 0, 0, 0, 6, 0, 1.0, 0, 0, 1, 0, 0, 0, -50.670921325683594, 10.940155029296875], [0, 0, 0, 0.0015894770622253418, 0, 1, 6, 7, 12, 0, 0, 0, 0, 3, 2, 3, 0, 0, 0, 6, 0, 1.0, 0, 0, 1, 0, 0, 0, -48.6634635925293, 2.0907516479492188], [1, 0, 0, 0.35179948806762695, 0, 1, 6, 7, 12, 1, 0, 1, 0, 4, 2, 3, 0, 0, 0, 6, 0, 1.0, 0, 0, 1, 0, 0, 0, -30.452451705932617, 12.853189468383789], [1, 0, 1, 0.0, 0, 1, 8, 3, 10, 0, 0, 0, 0, 1, 1, 4, 0, 0, 0, 2, 0, 1.0, 0, 0, 2, 1, 0, 0, -0.18435660004615784, 50.31350326538086], [1, 0, 0, 0.0, 0, 1, 8, 3, 10, 1, 0, 0, 0, 1, 1, 2, 0, 0, 0, 2, 0, 1.0, 0, 0, 1, 0, 0, 0, -48.46596145629883, 2.2244606018066406], [0, 0, 0, 0.0, 0, 1, 5, 4, 8, 1, 0, 0, 0, 2, 1, 4, 0, 0, 0, 3, 0, 1.0, 0, 0, 1, 0, 0, 0, -33.70892333984375, 0.0], [1, 0, 1, 0.0, 0, 1, 8, 4, 11, 0, 0, 0, 0, 2, 1, 6, 0, 0, 0, 3, 0, 1.0, 0, 0, 2, 1, 0, 0, -0.18703067302703857, 33.52189254760742], [0, 0, 0, 0.08980739116668701, 0, 1, 6, 4, 9, 0, 0, 0, 0, 2, 1, 4, 0, 0, 0, 3, 0, 1.0, 0, 0, 1, 0, 0, 0, -33.70892333984375, 0.0], [1, 0, 1, 0.0, 0, 1, 8, 3, 10, 0, 0, 0, 0, 1, 1, 5, 0, 0, 0, 2, 0, 1.0, 0, 0, 2, 1, 0, 0, -0.18435660004615784, 49.57508087158203], [0, 0, 0, 0.0, 0, 1, 1, 3, 3, 0, 0, 0, 0, 1, 1, 1, 0, 0, 0, 2, 0, 1.0, 0, 0, 2, 0, 0, 0, -50.497859954833984, 5.69805908203125], [1, 0, 1, 1.7881393432617188e-07, 0, 1, 8, 4, 11, 1, 0, 0, 0, 2, 1, 6, 0, 0, 0, 3, 0, 1.0, 0, 0, 1, 0, 0, 0, -34.30547332763672, 0.4222908020019531], [1, 0, 0, 0.0, 0, 1, 8, 4, 11, 1, 0, 0, 0, 2, 1, 2, 0, 0, 0, 3, 0, 1.0, 0, 0, 2, 0, 0, 0, -34.30547332763672, 0.4222908020019531], [1, 0, 1, 0.0, 0, 1, 8, 4, 11, 0, 0, 0, 0, 2, 1, 4, 0, 0, 0, 3, 0, 1.0, 0, 0, 2, 1, 0, 0, -0.18703067302703857, 34.92471694946289], [1, 0, 1, 0.0777546763420105, 0, 1, 8, 3, 10, 0, 0, 0, 0, 1, 1, 4, 0, 0, 0, 2, 0, 1.0, 0, 0, 2, 1, 0, 0, -0.18435660004615784, 49.57508087158203], [1, 0, 1, 0.0, 0, 1, 8, 3, 10, 0, 0, 0, 0, 1, 1, 5, 0, 0, 0, 2, 0, 1.0, 0, 0, 2, 1, 0, 0, -0.18435660004615784, 49.57508087158203], [1, 0, 1, 0.24445688724517822, 0, 1, 8, 3, 10, 0, 0, 0, 0, 1, 1, 5, 0, 0, 0, 2, 0, 1.0, 0, 0, 2, 1, 0, 0, -0.18435660004615784, 51.6124382019043], [0, 0, 0, 0.0, 0, 1, 7, 3, 9, 0, 0, 0, 0, 1, 1, 5, 0, 0, 0, 2, 0, 1.0, 0, 0, 1, 0, 0, 0, -43.675025939941406, 6.822834014892578], [1, 0, 1, 0.0, 0, 1, 8, 3, 10, 0, 0, 0, 0, 1, 1, 2, 0, 0, 0, 2, 0, 1.0, 0, 0, 2, 1, 0, 0, -0.18435660004615784, 50.31350326538086], [1, 0, 0, 0.305370569229126, 0, 1, 8, 3, 10, 0, 0, 0, 0, 1, 1, 5, 0, 0, 0, 2, 0, 1.0, 0, 0, 1, 0, 0, 0, -43.675025939941406, 6.084407806396484], [1, 0, 1, 0.0, 1, 1, 8, 3, 10, 1, 0, 0, 0, 1, 1, 4, 0, 0, 0, 2, 1, 1.0, 0, 0, 1, 0, 0, 0, -45.732547760009766, 4.765312194824219], [1, 0, 0, 0.2873901128768921, 0, 1, 8, 3, 10, 1, 0, 0, 0, 1, 1, 4, 0, 0, 0, 2, 0, 1.0, 0, 0, 1, 0, 0, 0, -43.675025939941406, 2.0575218200683594], [1, 0, 1, 0.0, 0, 1, 8, 3, 10, 0, 0, 0, 0, 1, 1, 6, 0, 0, 0, 2, 0, 1.0, 0, 0, 2, 1, 0, 0, -0.18435660004615784, 51.6124382019043], [0, 0, 0, 0.0, 0, 1, 6, 3, 8, 0, 0, 0, 0, 1, 1, 6, 0, 0, 0, 2, 0, 1.0, 0, 0, 1, 0, 0, 0, -49.759437561035156, 0.0], [1, 0, 0, 0.0, 0, 1, 8, 3, 10, 1, 0, 0, 0, 1, 1, 2, 0, 0, 0, 2, 0, 1.0, 0, 0, 1, 0, 0, 0, -43.675025939941406, 7.5311431884765625], [1, 0, 0, 0.0, 0, 1, 8, 3, 10, 0, 0, 0, 0, 1, 1, 2, 0, 0, 0, 2, 0, 1.0, 0, 0, 1, 0, 0, 0, -48.46596145629883, 2.0318984985351562], [1, 0, 0, 0.0, 0, 1, 4, 3, 6, 1, 0, 0, 0, 1, 1, 2, 0, 0, 0, 2, 0, 1.0, 0, 0, 1, 0, 0, 0, -48.46596145629883, 2.2244606018066406], [1, 0, 0, 0.0, 0, 1, 8, 3, 10, 0, 0, 0, 0, 1, 1, 2, 0, 0, 0, 2, 0, 1.0, 0, 0, 1, 0, 0, 0, -48.46596145629883, 2.2244606018066406], [1, 0, 0, 0.0, 0, 1, 8, 4, 11, 1, 0, 0, 0, 2, 1, 3, 0, 0, 0, 3, 0, 1.0, 0, 0, 2, 0, 0, 0, -34.72776412963867, 0.0], [0, 0, 0, 0.08160841464996338, 0, 1, 8, 4, 11, 1, 0, 0, 0, 2, 1, 4, 0, 0, 0, 3, 0, 1.0, 0, 0, 1, 0, 0, 0, -35.11174774169922, 0.0], [1, 0, 0, 0.09636777639389038, 0, 1, 8, 4, 11, 1, 0, 0, 0, 2, 1, 3, 0, 0, 0, 3, 0, 1.0, 0, 0, 1, 0, 0, 0, -34.30547332763672, 0.0], [1, 0, 0, 0.0, 0, 1, 8, 3, 10, 1, 0, 0, 0, 1, 1, 3, 0, 0, 0, 2, 0, 1.0, 0, 0, 1, 0, 0, 0, -43.675025939941406, 6.822834014892578], [1, 0, 0, 0.0, 0, 1, 3, 3, 5, 1, 0, 0, 0, 1, 1, 3, 0, 0, 0, 2, 0, 1.0, 0, 0, 1, 0, 0, 0, -43.675025939941406, 2.0575218200683594], [1, 0, 0, 0.0, 0, 1, 8, 3, 10, 0, 0, 0, 0, 1, 1, 4, 0, 0, 0, 2, 0, 1.0, 0, 0, 1, 1, 0, 0, -48.46596145629883, 2.2244606018066406], [1, 0, 0, 0.0, 0, 1, 8, 3, 10, 1, 0, 0, 0, 1, 1, 2, 0, 0, 0, 2, 0, 1.0, 0, 0, 1, 0, 0, 0, -48.46596145629883, 2.0318984985351562], [1, 0, 1, 0.03228065371513367, 0, 1, 8, 3, 10, 0, 0, 0, 0, 1, 1, 8, 0, 0, 0, 2, 0, 1.0, 0, 0, 2, 1, 0, 0, -0.18435660004615784, 49.575077056884766], [1, 0, 1, 0.37242570519447327, 0, 1, 8, 3, 10, 0, 0, 0, 0, 1, 1, 5, 0, 0, 0, 2, 0, 1.0, 0, 0, 2, 1, 0, 0, -0.18435660004615784, 56.011566162109375], [1, 0, 1, 0.28396153450012207, 0, 1, 6, 3, 8, 0, 0, 0, 0, 1, 1, 6, 0, 0, 0, 2, 0, 1.0, 0, 0, 2, 1, 0, 0, -0.18435660004615784, 50.31350326538086], [0, 0, 0, 0.0, 0, 1, 8, 3, 10, 0, 0, 0, 0, 1, 1, 2, 0, 0, 0, 2, 0, 1.0, 0, 0, 1, 0, 0, 0, -48.46596145629883, 2.0318984985351562], [0, 0, 0, 0.0, 0, 1, 8, 3, 10, 0, 0, 0, 0, 1, 1, 2, 0, 0, 0, 2, 0, 1.0, 0, 0, 1, 0, 0, 0, -48.46596145629883, 7.729961395263672], [0, 0, 0, 0.07279002666473389, 0, 1, 7, 3, 9, 0, 1, 0, 0, 1, 1, 5, 0, 0, 0, 2, 0, 1.0, 0, 0, 1, 0, 0, 0, -49.800235748291016, 5.079227447509766], [1, 0, 1, 0.719362735748291, 0, 1, 6, 3, 8, 0, 0, 0, 0, 1, 1, 5, 0, 0, 0, 2, 0, 1.0, 0, 0, 2, 1, 0, 0, -0.18435660004615784, 0.0], [1, 0, 1, 0.0, 0, 1, 8, 3, 10, 0, 0, 0, 0, 1, 1, 2, 0, 0, 0, 2, 0, 1.0, 0, 0, 2, 1, 0, 0, -0.18435660004615784, 56.011566162109375], [1, 0, 0, 0.0, 0, 1, 8, 3, 10, 1, 1, 0, 0, 1, 1, 2, 0, 0, 0, 2, 0, 1.0, 0, 0, 1, 1, 0, 0, -48.46596145629883, 2.2244606018066406], [1, 0, 0, 0.0, 0, 1, 8, 3, 10, 0, 0, 0, 0, 1, 1, 2, 0, 0, 0, 2, 0, 1.0, 0, 0, 1, 0, 0, 0, -48.46596145629883, 2.2244606018066406], [0, 0, 0, 0.0, 0, 0, 8, 7, 14, 0, 0, 1, 0, 4, 2, 4, 0, 0, 0, 6, 0, 1.0, 0, 0, 0, 0, 0, 0, -43.53163146972656, 12.760017395019531], [0, 0, 0, 0.0, 0, 0, 8, 7, 14, 0, 0, 1, 0, 4, 2, 3, 0, 0, 0, 6, 0, 1.0, 0, 0, 0, 0, 0, 0, -43.38588333129883, 12.905765533447266], [0, 0, 0, 0.0, 0, 0, 8, 7, 14, 0, 0, 0, 0, 3, 2, 3, 0, 0, 0, 6, 0, 1.0, 0, 0, 0, 0, 0, 0, -61.94280242919922, 0.11544418334960938], [0, 0, 0, 0.0, 0, 0, 8, 7, 14, 0, 0, 1, 0, 4, 2, 4, 0, 0, 0, 6, 0, 1.0, 0, 0, 0, 0, 0, 0, -43.26594161987305, 12.762096405029297], [0, 0, 0, 0.0, 0, 0, 8, 7, 14, 0, 0, 1, 0, 4, 2, 3, 0, 0, 0, 6, 0, 1.0, 0, 0, 0, 0, 0, 0, -43.53163146972656, 12.760017395019531], [1, 0, 0, 0.055294543504714966, 0, 0, 8, 7, 14, 0, 0, 0, 0, 3, 2, 4, 0, 0, 0, 6, 0, 1.0, 0, 0, 0, 1, 0, 0, -61.102622985839844, 0.11613082885742188], [1, 0, 1, 0.0, 0, 1, 8, 3, 10, 0, 0, 0, 0, 1, 1, 4, 0, 0, 0, 2, 0, 1.0, 0, 0, 2, 1, 0, 0, -0.18435660004615784, 54.695106506347656], [1, 0, 1, 0.3158392310142517, 0, 1, 5, 3, 7, 0, 0, 0, 0, 1, 1, 4, 0, 0, 0, 2, 0, 1.0, 0, 0, 2, 1, 0, 0, -0.18435660004615784, 56.011566162109375], [1, 0, 0, 0.0, 0, 1, 8, 3, 10, 1, 0, 0, 0, 1, 1, 2, 0, 0, 0, 2, 0, 1.0, 0, 0, 1, 0, 0, 0, -48.46596145629883, 2.2244606018066406], [1, 0, 0, 0.0, 0, 1, 8, 3, 10, 1, 1, 0, 0, 1, 1, 2, 0, 0, 0, 2, 0, 1.0, 0, 0, 1, 0, 0, 0, -48.46596145629883, 2.0318984985351562], [1, 0, 1, 0.30236464738845825, 0, 1, 5, 3, 7, 0, 0, 0, 0, 1, 1, 5, 0, 0, 0, 2, 0, 1.0, 0, 0, 2, 1, 0, 0, -0.18435660004615784, 49.57508087158203], [1, 0, 1, 0.3119087219238281, 0, 1, 8, 3, 10, 0, 0, 0, 0, 1, 1, 8, 0, 0, 0, 2, 0, 1.0, 0, 0, 2, 1, 0, 0, -0.18435660004615784, 49.575077056884766], [0, 0, 0, 0.4199991375207901, 0, 1, 8, 3, 10, 0, 0, 0, 0, 1, 1, 4, 0, 0, 0, 2, 0, 1.0, 0, 0, 2, 0, 0, 0, -49.75943374633789, 0.0], [0, 0, 0, 0.0479913055896759, 0, 1, 7, 3, 9, 0, 0, 0, 0, 1, 1, 7, 0, 0, 0, 2, 0, 1.0, 0, 0, 1, 0, 0, 0, -49.75943374633789, 3.814697265625e-06], [1, 0, 1, 0.0, 0, 1, 8, 3, 10, 0, 0, 0, 0, 1, 1, 2, 0, 0, 0, 2, 0, 1.0, 0, 0, 2, 1, 0, 0, -0.18435660004615784, 50.31350326538086], [1, 0, 0, 0.0, 0, 1, 6, 3, 8, 0, 0, 0, 0, 1, 1, 6, 0, 0, 0, 2, 0, 1.0, 0, 0, 1, 1, 0, 0, -49.75943374633789, 3.814697265625e-06], [1, 0, 1, 0.0, 0, 1, 8, 4, 11, 0, 0, 0, 0, 2, 1, 2, 0, 0, 0, 3, 0, 1.0, 0, 0, 2, 1, 0, 0, -0.18703067302703857, 36.14757537841797], [1, 0, 1, 0.0, 0, 1, 8, 4, 11, 0, 0, 0, 0, 2, 1, 3, 0, 0, 0, 3, 0, 1.0, 0, 0, 2, 1, 0, 0, -0.18703067302703857, 33.52189254760742], [1, 0, 1, 0.0, 0, 1, 8, 4, 11, 0, 1, 0, 0, 2, 1, 4, 0, 0, 0, 3, 0, 1.0, 0, 0, 2, 1, 0, 0, -0.18703067302703857, 37.677223205566406], [1, 0, 1, 0.0, 0, 1, 2, 3, 4, 0, 0, 0, 0, 1, 1, 2, 0, 0, 0, 2, 0, 1.0, 0, 0, 2, 1, 0, 0, -0.18435660004615784, 49.57508087158203], [1, 0, 1, 0.2013247013092041, 0, 1, 8, 3, 10, 0, 0, 0, 0, 1, 1, 6, 0, 0, 0, 2, 0, 1.0, 0, 0, 2, 1, 0, 0, -0.18435660004615784, 49.575077056884766], [1, 0, 1, 0.5181416273117065, 0, 1, 4, 3, 6, 0, 0, 0, 0, 1, 1, 3, 0, 0, 0, 2, 0, 1.0, 0, 0, 2, 1, 0, 0, -0.18435660004615784, 0.0], [1, 0, 1, 0.1637442708015442, 0, 1, 8, 3, 10, 0, 0, 0, 0, 1, 1, 3, 0, 0, 0, 2, 0, 1.0, 0, 0, 2, 1, 0, 0, -0.18435660004615784, 50.31350326538086], [1, 0, 1, 0.0, 1, 1, 1, 3, 3, 1, 0, 0, 0, 1, 1, 1, 0, 0, 0, 2, 1, 1.0, 0, 0, 1, 0, 0, 0, -54.87946319580078, 0.0], [1, 0, 1, 0.0, 0, 1, 4, 3, 6, 0, 0, 0, 0, 1, 1, 2, 0, 0, 0, 2, 0, 1.0, 0, 0, 2, 1, 0, 0, -0.18435660004615784, 54.695106506347656], [1, 0, 0, 0.0, 0, 1, 8, 3, 10, 0, 0, 0, 0, 1, 1, 2, 0, 0, 0, 2, 0, 1.0, 0, 0, 1, 0, 0, 0, -48.46596145629883, 2.2244606018066406], [1, 0, 0, 0.0, 0, 1, 8, 3, 10, 0, 0, 0, 0, 1, 1, 2, 0, 0, 0, 2, 0, 1.0, 0, 0, 1, 0, 0, 0, -48.46596145629883, 2.2244606018066406], [0, 0, 0, 0.1772823929786682, 0, 1, 8, 3, 10, 0, 1, 0, 0, 1, 1, 4, 0, 0, 0, 2, 0, 1.0, 0, 0, 1, 0, 0, 0, -49.759437561035156, 0.040798187255859375], [1, 0, 1, 0.0, 0, 1, 8, 3, 10, 0, 0, 0, 0, 1, 1, 4, 0, 0, 0, 2, 0, 1.0, 0, 0, 2, 1, 0, 0, -0.18435660004615784, 56.94237518310547], [1, 0, 1, 0.10864537954330444, 0, 1, 8, 3, 10, 0, 0, 0, 0, 1, 1, 7, 0, 0, 0, 2, 0, 1.0, 0, 0, 2, 1, 0, 0, -0.18435660004615784, 49.575077056884766], [1, 0, 0, 0.23780083656311035, 0, 1, 8, 3, 10, 1, 0, 0, 0, 1, 1, 4, 0, 0, 0, 2, 0, 1.0, 0, 0, 1, 0, 0, 0, -44.448760986328125, 5.310676574707031], [1, 0, 1, 0.5686196088790894, 0, 1, 8, 3, 10, 0, 1, 0, 0, 1, 1, 6, 0, 0, 0, 2, 0, 1.0, 0, 0, 2, 1, 0, 0, -0.18435660004615784, 49.575077056884766], [1, 0, 1, 0.17850732803344727, 0, 1, 8, 3, 10, 0, 0, 0, 0, 1, 1, 6, 0, 0, 0, 2, 0, 1.0, 0, 0, 2, 1, 0, 0, -0.18435660004615784, 49.57508087158203], [1, 0, 1, 0.28850293159484863, 0, 1, 8, 3, 10, 0, 0, 0, 0, 1, 1, 7, 0, 0, 0, 2, 0, 1.0, 0, 0, 2, 1, 0, 0, -0.18435660004615784, 49.57508087158203], [1, 0, 0, 0.01091623306274414, 0, 1, 6, 3, 8, 1, 0, 0, 0, 1, 1, 6, 0, 0, 0, 2, 0, 1.0, 0, 0, 1, 0, 0, 0, -49.759437561035156, 0.0], [1, 0, 0, 0.0, 0, 1, 8, 3, 10, 1, 0, 0, 0, 1, 1, 5, 0, 0, 0, 2, 0, 1.0, 0, 0, 1, 0, 0, 0, -48.46596145629883, 6.413501739501953], [1, 0, 0, 0.0, 0, 1, 5, 3, 7, 1, 0, 0, 0, 1, 1, 4, 0, 0, 0, 2, 0, 1.0, 0, 0, 1, 0, 0, 0, -48.46596145629883, 6.413501739501953], [1, 0, 1, 0.2514335513114929, 0, 1, 8, 5, 12, 0, 0, 0, 0, 3, 1, 2, 0, 0, 0, 4, 0, 1.0, 0, 0, 2, 1, 0, 0, -0.18790286779403687, 32.780094146728516], [1, 0, 1, 0.0, 0, 1, 8, 5, 12, 1, 0, 0, 0, 3, 1, 4, 0, 0, 0, 4, 0, 1.0, 0, 0, 1, 0, 0, 0, -33.25224685668945, 0.9373130798339844], [1, 0, 0, 0.0, 0, 1, 8, 5, 12, 1, 0, 0, 0, 3, 1, 2, 0, 0, 0, 4, 0, 1.0, 0, 0, 2, 0, 0, 0, -32.96799850463867, 4.569454193115234], [1, 0, 1, 0.02976936101913452, 0, 1, 8, 5, 12, 0, 0, 0, 0, 3, 1, 2, 0, 0, 0, 4, 0, 1.0, 0, 0, 2, 1, 0, 0, -0.18790286779403687, 37.962833404541016], [1, 0, 1, 0.0, 0, 1, 6, 3, 8, 0, 0, 0, 0, 1, 1, 6, 0, 0, 0, 2, 0, 1.0, 0, 0, 2, 1, 0, 0, -0.18973559141159058, 57.54573440551758], [1, 0, 1, 0.0, 0, 1, 5, 3, 7, 0, 0, 0, 0, 1, 1, 4, 0, 0, 0, 2, 0, 1.0, 0, 0, 2, 1, 0, 0, -0.18165260553359985, 0.0], [1, 0, 1, 0.3037453889846802, 0, 1, 4, 3, 6, 0, 0, 0, 0, 1, 1, 4, 0, 0, 0, 2, 0, 1.0, 0, 0, 2, 1, 0, 0, -0.18435660004615784, 49.575077056884766], [1, 0, 1, 0.0, 0, 1, 8, 3, 10, 0, 0, 0, 0, 1, 1, 2, 0, 0, 0, 2, 0, 1.0, 0, 0, 2, 1, 0, 0, -0.18435660004615784, 51.6124382019043], [0, 0, 0, 0.2572222948074341, 0, 1, 8, 3, 10, 0, 0, 0, 0, 1, 1, 4, 0, 0, 0, 2, 0, 1.0, 0, 0, 1, 0, 0, 0, -44.448760986328125, 5.310672760009766], [0, 0, 0, 0.0, 0, 1, 8, 3, 10, 0, 0, 0, 0, 1, 1, 2, 0, 0, 0, 2, 0, 1.0, 0, 0, 1, 0, 0, 0, -43.675025939941406, 6.822834014892578], [1, 0, 1, 0.22648754715919495, 0, 1, 8, 4, 11, 0, 0, 0, 0, 2, 1, 6, 0, 0, 0, 3, 0, 1.0, 0, 0, 2, 1, 0, 0, -0.18703067302703857, 33.52189254760742], [0, 0, 0, 0.0, 0, 1, 8, 4, 11, 0, 0, 0, 0, 2, 1, 5, 0, 0, 0, 3, 0, 1.0, 0, 0, 1, 0, 0, 0, -33.70892333984375, 0.5965499877929688], [1, 0, 1, 1.1920928955078125e-07, 0, 1, 8, 4, 11, 0, 0, 0, 0, 2, 1, 6, 0, 0, 0, 3, 0, 1.0, 0, 0, 2, 1, 0, 0, -0.18703067302703857, 34.11844253540039], [1, 0, 1, 0.7927647233009338, 0, 1, 5, 3, 7, 0, 0, 0, 0, 1, 1, 4, 0, 0, 0, 2, 0, 1.0, 0, 0, 2, 1, 0, 0, -0.18435660004615784, 54.695106506347656], [0, 0, 0, 0.037605613470077515, 0, 1, 6, 3, 8, 0, 0, 0, 0, 1, 1, 3, 0, 0, 0, 2, 0, 1.0, 0, 0, 1, 0, 0, 0, -54.87946319580078, 0.0], [0, 0, 0, 0.0, 0, 1, 8, 3, 10, 0, 0, 0, 0, 1, 1, 2, 0, 0, 0, 2, 0, 1.0, 0, 0, 1, 0, 0, 0, -43.675025939941406, 6.822834014892578], [1, 0, 1, 0.24302005767822266, 0, 1, 8, 3, 10, 0, 0, 0, 0, 1, 1, 6, 0, 0, 0, 2, 0, 1.0, 0, 0, 2, 1, 0, 0, -0.18435660004615784, 49.57508087158203], [1, 0, 0, 0.17850738763809204, 0, 1, 8, 3, 10, 1, 0, 0, 0, 1, 1, 6, 0, 0, 0, 2, 0, 1.0, 0, 0, 1, 0, 0, 0, -48.46596145629883, 2.2244606018066406], [1, 0, 0, 0.0, 0, 1, 8, 3, 10, 1, 0, 0, 0, 1, 1, 2, 0, 0, 0, 2, 0, 1.0, 0, 0, 1, 0, 0, 0, -48.46596145629883, 7.729961395263672], [0, 0, 0, 0.0, 0, 1, 8, 5, 12, 0, 0, 0, 0, 3, 1, 3, 0, 0, 0, 4, 0, 1.0, 0, 0, 2, 0, 0, 0, -33.25224685668945, 0.2785835266113281], [1, 0, 1, 0.0, 0, 1, 8, 5, 12, 0, 0, 0, 0, 3, 1, 5, 0, 0, 0, 4, 0, 1.0, 0, 0, 2, 1, 0, 0, -0.18790286779403687, 35.55669021606445], [0, 0, 0, 0.0, 0, 1, 8, 5, 12, 0, 0, 0, 0, 3, 1, 4, 0, 0, 0, 4, 0, 1.0, 0, 0, 2, 0, 0, 0, -33.25224685668945, 0.2785835266113281], [0, 0, 0, 0.0, 0, 1, 8, 5, 12, 0, 0, 0, 0, 3, 1, 4, 0, 0, 0, 4, 0, 1.0, 0, 0, 2, 0, 0, 0, -33.25224685668945, 0.0], [1, 0, 0, 0.04050177335739136, 1, 1, 8, 7, 14, 1, 0, 1, 0, 4, 2, 3, 0, 0, 0, 6, 0, 1.0, 0, 0, 1, 0, 0, 0, -35.6436882019043, 14.666954040527344], [1, 0, 1, 0.2852160334587097, 0, 1, 8, 7, 14, 0, 0, 0, 0, 3, 2, 3, 0, 0, 0, 6, 0, 1.0, 0, 0, 2, 1, 0, 0, -38.749088287353516, 28.41800308227539], [1, 0, 0, 0.04050177335739136, 1, 1, 8, 7, 14, 1, 0, 1, 0, 4, 2, 3, 0, 0, 0, 6, 0, 1.0, 0, 0, 1, 0, 0, 0, -35.630916595458984, 13.851818084716797], [1, 0, 1, 0.258564829826355, 0, 1, 8, 7, 14, 0, 0, 0, 0, 3, 2, 3, 0, 0, 0, 6, 0, 1.0, 0, 0, 2, 1, 0, 0, -38.96846389770508, 26.114131927490234], [1, 0, 0, 0.4232479929924011, 0, 1, 8, 7, 14, 1, 0, 1, 0, 4, 2, 4, 0, 0, 0, 6, 1, 1.0, 0, 0, 1, 0, 0, 0, -36.30776596069336, 11.949226379394531], [1, 0, 0, 0.4232479929924011, 0, 1, 8, 7, 14, 1, 0, 1, 0, 4, 2, 4, 0, 0, 0, 6, 1, 1.0, 0, 0, 1, 0, 0, 0, -36.30776596069336, 11.949226379394531], [1, 0, 1, 0.0, 0, 1, 8, 3, 10, 0, 0, 0, 0, 1, 1, 6, 0, 0, 0, 2, 0, 1.0, 0, 0, 2, 1, 0, 0, -0.18435660004615784, 54.02293395996094], [1, 0, 1, 0.0, 0, 1, 8, 3, 10, 0, 0, 0, 0, 1, 1, 6, 0, 0, 0, 2, 0, 1.0, 0, 0, 2, 1, 0, 0, -0.18435660004615784, 54.695106506347656], [1, 0, 0, 0.0, 0, 1, 8, 3, 10, 0, 0, 0, 0, 1, 1, 2, 0, 0, 0, 2, 0, 1.0, 0, 0, 1, 0, 0, 0, -48.46596145629883, 2.2244606018066406], [1, 0, 0, 0.0, 0, 1, 8, 3, 10, 0, 0, 0, 0, 1, 1, 2, 0, 0, 0, 2, 0, 1.0, 0, 0, 1, 0, 0, 0, -48.46596145629883, 2.2244606018066406], [1, 0, 0, 0.0, 0, 1, 8, 3, 10, 0, 0, 0, 0, 1, 1, 2, 0, 0, 0, 2, 0, 1.0, 0, 0, 1, 0, 0, 0, -43.675025939941406, 7.0153961181640625], [1, 0, 1, 0.0, 0, 1, 8, 3, 10, 1, 0, 0, 0, 1, 1, 2, 0, 0, 0, 2, 0, 1.0, 0, 0, 2, 1, 0, 0, -0.18435660004615784, 56.011566162109375], [1, 0, 1, 0.8248015493154526, 0, 1, 8, 3, 10, 0, 0, 0, 0, 1, 1, 6, 0, 0, 0, 2, 0, 1.0, 0, 0, 2, 1, 0, 0, -0.18435660004615784, 54.695106506347656], [1, 0, 1, 0.13618683815002441, 0, 1, 8, 3, 10, 0, 0, 0, 0, 1, 1, 6, 0, 0, 0, 2, 0, 1.0, 0, 0, 2, 1, 0, 0, -0.18435660004615784, 54.695106506347656], [1, 0, 1, 0.0, 0, 1, 4, 4, 7, 0, 0, 0, 0, 2, 1, 3, 0, 0, 0, 3, 0, 1.0, 0, 0, 2, 1, 0, 0, -0.18703067302703857, 33.52189254760742], [1, 0, 1, 0.0, 0, 1, 8, 4, 11, 0, 0, 0, 0, 2, 1, 3, 0, 0, 0, 3, 0, 1.0, 0, 0, 2, 1, 0, 0, -0.18703067302703857, 34.11844253540039], [1, 0, 1, 0.0, 0, 1, 8, 4, 11, 0, 0, 0, 0, 2, 1, 3, 0, 0, 0, 3, 0, 1.0, 0, 0, 2, 1, 0, 0, -0.18703067302703857, 33.52189254760742], [1, 0, 0, 0.24693012237548828, 1, 1, 8, 3, 10, 1, 0, 0, 0, 1, 1, 4, 0, 0, 0, 2, 1, 1.0, 0, 0, 1, 0, 0, 0, -44.448760986328125, 6.049098968505859], [1, 0, 0, 0.0, 0, 1, 7, 3, 9, 1, 0, 0, 0, 1, 1, 7, 0, 0, 0, 2, 0, 1.0, 0, 0, 1, 0, 0, 0, -43.675025939941406, 6.822834014892578], [1, 0, 1, 0.0, 0, 1, 8, 3, 10, 0, 0, 0, 0, 1, 1, 5, 0, 0, 0, 2, 0, 1.0, 0, 0, 2, 1, 0, 0, -0.18435660004615784, 50.31350326538086], [0, 0, 0, 0.0, 0, 1, 8, 3, 10, 0, 0, 0, 0, 1, 1, 2, 0, 0, 0, 2, 0, 1.0, 0, 0, 1, 0, 0, 0, -43.675025939941406, 6.822834014892578], [1, 0, 1, 0.1667177975177765, 0, 1, 8, 3, 10, 0, 0, 0, 0, 1, 1, 7, 0, 0, 0, 2, 0, 1.0, 0, 0, 2, 1, 0, 0, -0.18435660004615784, 54.695106506347656], [1, 0, 1, 0.20591294765472412, 0, 1, 8, 3, 10, 0, 0, 0, 0, 1, 1, 6, 0, 0, 0, 2, 0, 1.0, 0, 0, 2, 1, 0, 0, -0.18435660004615784, 50.31350326538086], [1, 0, 1, 0.0, 0, 1, 8, 3, 10, 0, 0, 0, 0, 1, 1, 2, 0, 0, 0, 2, 0, 1.0, 0, 0, 2, 1, 0, 0, -0.18435660004615784, 51.6124382019043], [1, 0, 1, 0.0, 0, 1, 8, 3, 10, 0, 0, 0, 0, 1, 1, 5, 0, 0, 0, 2, 0, 1.0, 0, 0, 2, 1, 0, 0, -0.18435660004615784, 49.57508087158203], [1, 0, 1, 0.0, 0, 1, 7, 3, 9, 1, 0, 0, 0, 1, 1, 4, 0, 0, 0, 2, 0, 1.0, 0, 0, 2, 1, 0, 0, -0.18435660004615784, 0.0], [1, 0, 1, 0.0, 0, 1, 8, 3, 10, 0, 0, 0, 0, 1, 1, 3, 0, 0, 0, 2, 0, 1.0, 0, 0, 2, 1, 0, 0, -0.18435660004615784, 56.011566162109375], [1, 0, 1, 0.0, 0, 1, 8, 3, 10, 0, 1, 0, 0, 1, 1, 6, 0, 0, 0, 2, 0, 1.0, 0, 0, 2, 1, 0, 0, -0.18435660004615784, 54.695106506347656], [1, 0, 1, 0.0, 0, 1, 8, 3, 10, 0, 0, 0, 0, 1, 1, 3, 0, 0, 0, 2, 0, 1.0, 0, 0, 2, 1, 0, 0, -0.18435660004615784, 57.6625862121582], [1, 0, 1, 0.0, 0, 1, 8, 3, 10, 0, 0, 0, 0, 1, 1, 5, 0, 0, 0, 2, 0, 1.0, 0, 0, 2, 1, 0, 0, -0.18435660004615784, 54.022926330566406], [1, 0, 0, 0.0, 0, 1, 8, 3, 10, 0, 0, 0, 0, 1, 1, 2, 0, 0, 0, 2, 0, 1.0, 0, 0, 1, 0, 0, 0, -43.675025939941406, 6.822834014892578], [1, 0, 1, 0.3002701997756958, 0, 1, 6, 3, 8, 0, 0, 0, 0, 1, 1, 6, 0, 0, 0, 2, 0, 1.0, 0, 0, 2, 1, 0, 0, -0.18435660004615784, 54.695106506347656], [1, 0, 1, 0.5402344763278961, 0, 1, 8, 3, 10, 0, 0, 0, 0, 1, 1, 6, 0, 0, 0, 2, 0, 1.0, 0, 0, 2, 1, 0, 0, -0.18435660004615784, 54.695106506347656], [0, 0, 0, 0.0, 0, 1, 8, 3, 10, 0, 1, 0, 0, 1, 1, 2, 0, 0, 0, 2, 0, 1.0, 0, 0, 1, 0, 0, 0, -48.46596145629883, 3.3308334350585938], [1, 0, 0, 0.0, 0, 1, 8, 3, 10, 0, 0, 0, 0, 1, 1, 2, 0, 0, 0, 2, 0, 1.0, 0, 0, 1, 0, 0, 0, -48.46596145629883, 7.5041961669921875], [1, 0, 1, 0.17265969514846802, 0, 1, 8, 3, 10, 0, 0, 0, 0, 1, 1, 6, 0, 0, 0, 2, 0, 1.0, 0, 0, 2, 1, 0, 0, -0.18435660004615784, 49.57508087158203], [1, 0, 1, 0.0, 0, 1, 8, 3, 10, 0, 0, 0, 0, 1, 1, 5, 0, 0, 0, 2, 0, 1.0, 0, 0, 2, 1, 0, 0, -0.18435660004615784, 50.31350326538086], [1, 0, 1, 0.0, 0, 1, 5, 3, 7, 0, 0, 0, 0, 1, 1, 4, 0, 0, 0, 2, 0, 1.0, 0, 0, 2, 1, 0, 0, -0.18435660004615784, 50.31350326538086], [1, 0, 1, 0.24302005767822266, 0, 1, 8, 3, 10, 0, 0, 0, 0, 1, 1, 6, 0, 0, 0, 2, 0, 1.0, 0, 0, 2, 1, 0, 0, -0.18435660004615784, 54.695106506347656], [1, 0, 1, 0.0, 0, 1, 6, 4, 9, 0, 0, 0, 0, 2, 1, 4, 0, 0, 0, 3, 0, 1.0, 0, 0, 2, 1, 0, 0, -0.18703067302703857, 33.52189254760742], [0, 0, 0, 0.0, 0, 1, 8, 4, 11, 0, 0, 0, 0, 2, 1, 3, 0, 0, 0, 3, 0, 1.0, 0, 0, 1, 0, 0, 0, -34.30547332763672, 0.6093902587890625], [1, 0, 1, 0.0, 0, 1, 8, 4, 11, 0, 0, 0, 0, 2, 1, 3, 0, 0, 0, 3, 0, 1.0, 0, 0, 2, 1, 0, 0, -0.18703067302703857, 34.11844253540039], [1, 0, 1, 0.0, 0, 1, 5, 4, 8, 0, 0, 0, 0, 2, 1, 5, 0, 0, 0, 3, 0, 1.0, 0, 0, 2, 1, 0, 0, -0.18703067302703857, 33.52189254760742], [0, 0, 0, 0.024379044771194458, 0, 1, 8, 4, 11, 0, 0, 0, 0, 2, 1, 7, 0, 0, 0, 3, 0, 1.0, 0, 0, 1, 0, 0, 0, -33.70892333984375, 4.155330657958984], [0, 0, 0, 0.0, 0, 1, 8, 4, 11, 0, 0, 0, 0, 2, 1, 5, 0, 0, 0, 3, 0, 1.0, 0, 0, 1, 0, 0, 0, -35.11174774169922, 3.315826416015625], [1, 0, 0, 0.0, 0, 1, 8, 4, 11, 0, 1, 0, 0, 2, 1, 2, 0, 0, 0, 3, 0, 1.0, 0, 0, 1, 0, 0, 0, -34.30547332763672, 1.56890869140625], [1, 0, 1, 0.0847730040550232, 0, 1, 8, 4, 11, 0, 0, 0, 0, 2, 1, 2, 0, 0, 0, 3, 0, 1.0, 0, 0, 2, 1, 0, 0, -0.18703067302703857, 0.0], [1, 0, 1, 0.0, 0, 1, 8, 4, 11, 0, 0, 0, 0, 2, 1, 3, 0, 0, 0, 3, 0, 1.0, 0, 0, 1, 0, 0, 0, -34.30547332763672, 0.0], [1, 0, 0, 0.0, 0, 1, 8, 3, 10, 1, 0, 0, 0, 1, 1, 4, 0, 0, 0, 2, 0, 1.0, 0, 0, 1, 0, 0, 0, -48.47016906738281, 2.7359962463378906], [1, 0, 0, 0.0, 0, 1, 8, 3, 10, 0, 0, 0, 0, 1, 1, 2, 0, 0, 0, 2, 0, 1.0, 0, 0, 1, 0, 0, 0, -48.46596145629883, 2.0318984985351562], [1, 0, 1, 0.2821890711784363, 0, 1, 8, 3, 10, 0, 0, 0, 0, 1, 1, 5, 0, 0, 0, 2, 0, 1.0, 0, 0, 2, 1, 0, 0, -0.18435660004615784, 49.57508087158203], [1, 0, 1, 0.2966466546058655, 0, 1, 8, 3, 10, 0, 0, 0, 0, 1, 1, 7, 0, 0, 0, 2, 0, 1.0, 0, 0, 2, 1, 0, 0, -0.18435660004615784, 54.695106506347656], [1, 0, 1, 0.0, 0, 1, 3, 3, 5, 0, 0, 0, 0, 1, 1, 3, 0, 0, 0, 2, 0, 1.0, 0, 0, 2, 1, 0, 0, -0.18435660004615784, 50.31350326538086], [0, 0, 0, 0.0, 0, 1, 8, 3, 10, 0, 0, 0, 0, 1, 1, 2, 0, 0, 0, 2, 0, 1.0, 0, 0, 1, 0, 0, 0, -43.675025939941406, 6.822834014892578], [1, 0, 0, 0.0, 0, 1, 8, 3, 10, 1, 0, 0, 0, 1, 1, 3, 0, 0, 0, 2, 0, 1.0, 0, 0, 1, 0, 0, 0, -48.46596145629883, 2.0318984985351562], [1, 0, 0, 0.0, 0, 1, 8, 3, 10, 0, 0, 0, 0, 1, 1, 3, 0, 0, 0, 2, 0, 1.0, 0, 0, 1, 0, 0, 0, -48.46596145629883, 2.0318984985351562], [1, 0, 1, 0.0, 0, 1, 4, 3, 6, 1, 0, 0, 0, 1, 1, 4, 0, 0, 0, 2, 0, 1.0, 0, 0, 2, 1, 0, 0, -0.18435660004615784, 0.0], [1, 0, 1, 0.0, 0, 1, 8, 3, 10, 0, 0, 0, 0, 1, 1, 2, 0, 0, 0, 2, 0, 1.0, 0, 0, 2, 1, 0, 0, -0.18435660004615784, 56.011566162109375], [1, 0, 0, 0.0, 0, 1, 8, 3, 10, 0, 0, 0, 0, 1, 1, 2, 0, 0, 0, 2, 0, 1.0, 0, 0, 1, 0, 0, 0, -48.46596145629883, 2.0318984985351562], [1, 0, 0, 0.0, 0, 1, 4, 3, 6, 1, 0, 0, 0, 1, 1, 2, 0, 0, 0, 2, 0, 1.0, 0, 0, 1, 0, 0, 0, -48.46596145629883, 2.2244606018066406], [1, 0, 1, 0.19591686129570007, 0, 1, 8, 3, 10, 0, 0, 0, 0, 1, 1, 7, 0, 0, 0, 2, 0, 1.0, 0, 0, 2, 1, 0, 0, -0.18435660004615784, 55.20542907714844], [0, 0, 0, 0.01136690378189087, 0, 1, 8, 3, 10, 0, 0, 0, 0, 1, 1, 5, 0, 0, 0, 2, 0, 1.0, 0, 0, 1, 0, 0, 0, -49.759437561035156, 7.362873077392578], [1, 0, 1, 0.28218913078308105, 0, 1, 8, 3, 10, 0, 0, 0, 0, 1, 1, 5, 0, 0, 0, 2, 0, 1.0, 0, 0, 2, 1, 0, 0, -0.18435660004615784, 49.57508087158203], [1, 0, 1, 0.0, 0, 1, 3, 3, 5, 0, 0, 0, 0, 1, 1, 3, 0, 0, 0, 2, 0, 1.0, 0, 0, 2, 1, 0, 0, -0.18435660004615784, 50.31350326538086], [1, 0, 0, 0.0, 0, 1, 8, 3, 10, 1, 0, 0, 0, 1, 1, 2, 0, 0, 0, 2, 0, 1.0, 0, 0, 1, 0, 0, 0, -43.675025939941406, 6.822834014892578], [1, 0, 0, 0.0, 0, 1, 8, 3, 10, 0, 0, 0, 0, 1, 1, 2, 0, 0, 0, 2, 0, 1.0, 0, 0, 1, 0, 0, 0, -48.46596145629883, 2.0318984985351562], [1, 0, 1, 0.07870608568191528, 0, 1, 8, 5, 12, 0, 0, 0, 0, 3, 1, 3, 0, 0, 0, 4, 0, 1.0, 0, 0, 2, 1, 0, 0, -0.18790286779403687, 0.0], [1, 0, 0, 0.0, 0, 1, 8, 5, 12, 1, 0, 0, 0, 3, 1, 5, 0, 0, 0, 4, 0, 1.0, 0, 0, 1, 0, 0, 0, -33.25224685668945, 3.4927749633789062], [1, 0, 0, 0.009039878845214844, 0, 1, 8, 5, 12, 1, 0, 0, 0, 3, 1, 4, 0, 0, 0, 4, 0, 1.0, 0, 0, 1, 0, 0, 0, -33.25224685668945, 3.4927749633789062], [1, 0, 0, 0.11582452058792114, 0, 1, 8, 5, 12, 1, 0, 0, 0, 3, 1, 3, 0, 0, 0, 4, 0, 1.0, 0, 0, 1, 0, 0, 0, -33.25224685668945, 2.0329513549804688], [1, 0, 1, 0.2846548557281494, 0, 1, 8, 3, 10, 0, 0, 0, 0, 1, 1, 4, 0, 0, 0, 2, 0, 1.0, 0, 0, 2, 1, 0, 0, -0.18435660004615784, 49.57508087158203], [0, 0, 0, 0.0, 0, 1, 3, 3, 5, 0, 0, 0, 0, 1, 1, 2, 0, 0, 0, 2, 0, 1.0, 0, 0, 1, 0, 0, 0, -50.497859954833984, 2.155803680419922], [0, 0, 0, 0.0, 0, 1, 8, 4, 11, 0, 1, 0, 0, 2, 1, 3, 0, 0, 0, 3, 0, 1.0, 0, 0, 1, 0, 0, 0, -34.72776412963867, 0.18709945678710938], [0, 0, 0, 0.0, 0, 1, 8, 4, 11, 0, 0, 0, 0, 2, 1, 3, 0, 0, 0, 3, 0, 1.0, 0, 0, 1, 0, 0, 0, -34.30547332763672, 4.122100830078125], [1, 0, 1, 0.0, 0, 1, 8, 4, 11, 0, 0, 0, 0, 2, 1, 3, 0, 0, 0, 3, 0, 1.0, 0, 0, 2, 1, 0, 0, -0.18703067302703857, 34.11844253540039], [1, 0, 1, 0.0, 0, 1, 8, 3, 10, 0, 0, 0, 0, 1, 1, 2, 0, 0, 0, 2, 0, 1.0, 0, 0, 2, 1, 0, 0, -0.18435660004615784, 53.045589447021484], [1, 0, 1, 0.0, 0, 1, 1, 3, 3, 0, 0, 0, 0, 1, 1, 1, 0, 0, 0, 2, 0, 1.0, 0, 0, 2, 1, 0, 0, -0.18435660004615784, 50.31350326538086], [1, 0, 1, 0.25994759798049927, 0, 1, 2, 4, 5, 0, 1, 0, 0, 2, 1, 2, 0, 0, 0, 3, 0, 1.0, 0, 0, 2, 1, 0, 0, -0.18703067302703857, 33.52189254760742], [1, 0, 1, 1.7881393432617188e-07, 0, 1, 8, 4, 11, 0, 0, 0, 0, 2, 1, 5, 0, 0, 0, 3, 0, 1.0, 0, 0, 2, 1, 0, 0, -0.18703067302703857, 34.540733337402344], [1, 0, 1, 0.05863374471664429, 0, 1, 8, 4, 11, 0, 0, 0, 0, 2, 1, 5, 0, 0, 0, 3, 0, 1.0, 0, 0, 2, 1, 0, 0, -0.18703067302703857, 34.540733337402344], [1, 0, 1, 0.1595224142074585, 0, 1, 3, 3, 5, 0, 0, 0, 0, 1, 1, 3, 0, 0, 0, 2, 0, 1.0, 0, 0, 2, 1, 0, 0, -0.18435660004615784, 49.57508087158203], [0, 0, 0, 0.0, 0, 1, 8, 3, 10, 0, 0, 0, 0, 1, 1, 2, 0, 0, 0, 2, 0, 1.0, 0, 0, 1, 0, 0, 0, -43.675025939941406, 7.5311431884765625], [1, 0, 1, 0.0, 0, 1, 8, 3, 10, 0, 0, 0, 0, 1, 1, 4, 0, 0, 0, 2, 0, 1.0, 0, 0, 2, 1, 0, 0, -0.18435660004615784, 54.695106506347656], [1, 0, 1, 0.0, 0, 1, 8, 3, 10, 0, 0, 0, 0, 1, 1, 5, 0, 0, 0, 2, 0, 1.0, 0, 0, 2, 1, 0, 0, -0.18435660004615784, 51.6124382019043], [1, 0, 1, 0.0, 0, 1, 6, 4, 9, 0, 0, 0, 0, 2, 1, 5, 0, 0, 0, 3, 0, 1.0, 0, 0, 2, 1, 0, 0, -0.18703067302703857, 0.0], [0, 0, 0, 0.0, 0, 1, 8, 4, 11, 0, 0, 0, 0, 2, 1, 2, 0, 0, 0, 3, 0, 1.0, 0, 0, 1, 0, 0, 0, -34.30547332763672, 0.0], [1, 0, 1, 0.0, 0, 1, 8, 4, 11, 0, 0, 0, 0, 2, 1, 3, 0, 0, 0, 3, 0, 1.0, 0, 0, 2, 1, 0, 0, -0.18703067302703857, 37.677223205566406], [1, 0, 1, 0.0, 0, 1, 6, 3, 8, 0, 0, 0, 0, 1, 1, 2, 0, 0, 0, 2, 0, 1.0, 0, 0, 2, 1, 0, 0, -0.18435660004615784, 0.0], [0, 0, 0, 0.0, 0, 1, 4, 3, 6, 0, 0, 0, 0, 1, 1, 2, 0, 0, 0, 2, 0, 1.0, 0, 0, 1, 0, 0, 0, -48.46596145629883, 2.0318984985351562], [0, 0, 0, 0.0, 0, 1, 8, 3, 10, 0, 0, 0, 0, 1, 1, 2, 0, 0, 0, 2, 0, 1.0, 0, 0, 1, 0, 0, 0, -48.46596145629883, 7.729961395263672], [1, 0, 1, 0.2979772090911865, 0, 1, 5, 3, 7, 1, 0, 0, 0, 1, 1, 3, 0, 0, 0, 2, 0, 1.0, 0, 0, 2, 1, 0, 0, -0.18435660004615784, 60.20938491821289], [1, 0, 1, 0.0, 0, 1, 8, 3, 10, 0, 0, 0, 0, 1, 1, 5, 0, 0, 0, 2, 0, 1.0, 0, 0, 2, 1, 0, 0, -0.18435660004615784, 60.20938491821289], [0, 0, 0, 0.011348426342010498, 0, 1, 8, 3, 10, 0, 0, 0, 0, 1, 1, 4, 0, 0, 0, 2, 0, 1.0, 0, 0, 1, 0, 0, 0, -54.87946319580078, 0.0], [0, 0, 0, 0.0, 0, 1, 8, 3, 10, 0, 0, 0, 0, 1, 1, 2, 0, 0, 0, 2, 0, 1.0, 0, 0, 1, 0, 0, 0, -43.675025939941406, 6.822834014892578], [1, 0, 0, 0.17232835292816162, 0, 1, 8, 3, 10, 0, 0, 0, 0, 1, 1, 4, 0, 0, 0, 2, 0, 1.0, 0, 0, 1, 1, 0, 0, -44.448760986328125, 5.310676574707031], [1, 0, 1, 0.22635620832443237, 0, 1, 8, 5, 12, 0, 0, 0, 0, 3, 1, 2, 0, 0, 0, 4, 0, 1.0, 0, 0, 2, 1, 0, 0, -0.18790286779403687, 33.342926025390625], [0, 0, 0, 0.017178356647491455, 0, 1, 8, 5, 12, 1, 0, 0, 0, 3, 1, 4, 0, 0, 0, 4, 0, 1.0, 0, 0, 1, 0, 0, 0, -34.18955993652344, 0.6201210021972656], [1, 0, 1, 0.038920819759368896, 0, 1, 8, 5, 12, 1, 0, 0, 0, 3, 1, 4, 0, 0, 0, 4, 0, 1.0, 0, 0, 1, 0, 0, 0, -33.25224685668945, 0.9373130798339844], [1, 0, 0, 0.007171034812927246, 0, 1, 8, 5, 12, 1, 0, 0, 0, 3, 1, 4, 0, 0, 0, 4, 0, 1.0, 0, 0, 2, 0, 0, 0, -32.600990295410156, 3.143604278564453], [1, 0, 1, 0.0, 0, 1, 8, 5, 12, 0, 0, 0, 0, 3, 1, 2, 0, 0, 0, 4, 0, 1.0, 0, 0, 2, 1, 0, 0, -0.18790286779403687, 32.780094146728516], [1, 0, 1, 0.0, 0, 1, 8, 5, 12, 0, 0, 0, 0, 3, 1, 2, 0, 0, 0, 4, 0, 1.0, 0, 0, 2, 1, 0, 0, -0.18790286779403687, 32.780094146728516], [1, 0, 1, 0.0, 0, 1, 8, 5, 12, 0, 0, 0, 0, 3, 1, 2, 0, 0, 0, 4, 0, 1.0, 0, 0, 2, 1, 0, 0, -0.18790286779403687, 32.780094146728516], [1, 0, 1, 0.15035992860794067, 0, 1, 7, 5, 11, 0, 0, 0, 0, 3, 1, 6, 0, 0, 0, 4, 0, 1.0, 0, 0, 2, 1, 0, 0, -0.18790286779403687, 31.894777297973633], [0, 0, 0, 0.016946062445640564, 0, 1, 6, 3, 8, 0, 0, 0, 0, 1, 1, 4, 0, 0, 0, 2, 0, 1.0, 0, 0, 1, 0, 0, 0, -51.20616912841797, 3.6732940673828125], [0, 0, 0, 0.0, 0, 1, 8, 3, 10, 0, 0, 0, 0, 1, 1, 2, 0, 0, 0, 2, 0, 1.0, 0, 0, 1, 0, 0, 0, -48.46596145629883, 2.0318984985351562], [0, 0, 0, 0.0, 0, 1, 8, 3, 10, 0, 0, 0, 0, 1, 1, 2, 0, 0, 0, 2, 0, 1.0, 0, 0, 1, 0, 0, 0, -43.675025939941406, 6.822834014892578], [1, 0, 1, 0.2604268193244934, 0, 1, 7, 3, 9, 0, 1, 0, 0, 1, 1, 5, 0, 0, 0, 2, 0, 1.0, 0, 0, 2, 1, 0, 0, -0.18435660004615784, 53.73075866699219], [1, 0, 1, 0.0, 0, 1, 8, 3, 10, 1, 1, 0, 0, 1, 1, 3, 0, 0, 0, 2, 0, 1.0, 0, 0, 2, 1, 0, 0, -0.18435660004615784, 49.57508087158203], [1, 0, 0, 0.20132458209991455, 0, 1, 8, 3, 10, 0, 0, 0, 0, 1, 1, 5, 0, 0, 0, 2, 0, 1.0, 0, 0, 1, 0, 0, 0, -43.675025939941406, 6.084407806396484], [0, 0, 0, 0.0, 0, 1, 8, 3, 10, 0, 0, 0, 0, 1, 1, 6, 0, 0, 0, 2, 0, 1.0, 0, 0, 1, 0, 0, 0, -49.759437561035156, 0.0], [1, 0, 1, 0.04056960344314575, 0, 1, 8, 3, 10, 0, 0, 0, 0, 1, 1, 5, 0, 0, 0, 2, 0, 1.0, 0, 0, 2, 1, 0, 0, -0.18435660004615784, 49.575077056884766], [1, 0, 1, 0.5084903836250305, 0, 1, 8, 3, 10, 0, 0, 0, 0, 1, 1, 5, 0, 0, 0, 2, 0, 1.0, 0, 0, 2, 1, 0, 0, -0.18435660004615784, 51.6124382019043], [1, 0, 1, 0.0, 0, 1, 8, 3, 10, 0, 0, 0, 0, 1, 1, 2, 0, 0, 0, 2, 0, 1.0, 0, 0, 2, 1, 0, 0, -0.18435660004615784, 51.021812438964844], [1, 0, 1, 0.32189077138900757, 0, 1, 8, 3, 10, 0, 0, 0, 0, 1, 1, 4, 0, 0, 0, 2, 0, 1.0, 0, 0, 2, 1, 0, 0, -0.18435660004615784, 56.01156234741211], [1, 0, 1, 0.06733527779579163, 0, 1, 8, 3, 10, 0, 0, 0, 0, 1, 1, 5, 0, 0, 0, 2, 0, 1.0, 0, 0, 2, 1, 0, 0, -0.18435660004615784, 49.57508087158203], [1, 0, 0, 0.17850738763809204, 0, 1, 8, 3, 10, 1, 1, 0, 0, 1, 1, 6, 0, 0, 0, 2, 0, 1.0, 0, 0, 1, 0, 0, 0, -48.46596145629883, 2.2244606018066406], [1, 0, 0, 0.0, 0, 1, 8, 3, 10, 1, 0, 0, 0, 1, 1, 2, 0, 0, 0, 2, 0, 1.0, 0, 0, 1, 0, 0, 0, -48.46596145629883, 2.7402076721191406], [0, 0, 0, 0.0, 0, 1, 8, 3, 10, 0, 0, 0, 0, 1, 1, 2, 0, 0, 0, 2, 0, 1.0, 0, 0, 1, 0, 0, 0, -48.46596145629883, 2.0318984985351562], [1, 0, 1, 0.0, 0, 1, 8, 3, 10, 0, 0, 0, 0, 1, 1, 2, 0, 0, 0, 2, 0, 1.0, 0, 0, 2, 1, 0, 0, -0.18435660004615784, 56.011566162109375], [1, 0, 1, 0.0, 0, 1, 8, 13, 20, 0, 0, 0, 0, 8, 2, 4, 0, 0, 0, 12, 0, 1.0, 0, 0, 2, 1, 0, 0, -39.902374267578125, 18.23443603515625], [1, 0, 1, 0.0, 0, 1, 8, 13, 20, 0, 0, 0, 0, 8, 2, 4, 0, 0, 0, 12, 0, 1.0, 0, 0, 2, 1, 0, 0, -39.902374267578125, 18.23443603515625], [0, 0, 0, 0.0, 0, 1, 8, 13, 20, 0, 0, 1, 0, 10, 2, 4, 0, 0, 0, 12, 0, 1.0, 0, 0, 1, 0, 0, 0, -37.205326080322266, 7.378047943115234], [0, 0, 0, 0.0, 0, 1, 8, 13, 20, 0, 0, 1, 0, 9, 2, 4, 0, 0, 0, 12, 0, 1.0, 0, 0, 1, 0, 0, 0, -48.409889221191406, 4.966472625732422], [1, 0, 0, 0.0, 0, 1, 8, 13, 20, 0, 0, 0, 0, 9, 2, 4, 0, 0, 0, 12, 0, 1.0, 0, 0, 1, 0, 0, 0, -53.449031829833984, 0.0], [1, 0, 0, 0.0, 0, 1, 8, 13, 20, 0, 0, 0, 0, 9, 2, 2, 0, 0, 0, 12, 0, 1.0, 0, 0, 1, 0, 0, 0, -53.449031829833984, 0.0], [1, 0, 1, 0.0, 0, 1, 8, 13, 20, 0, 0, 0, 0, 8, 2, 4, 0, 0, 0, 12, 0, 1.0, 0, 0, 2, 1, 0, 0, -39.768882751464844, 17.98331069946289], [1, 0, 1, 0.0, 0, 1, 8, 13, 20, 0, 0, 0, 0, 9, 2, 4, 0, 0, 0, 12, 0, 1.0, 0, 0, 2, 1, 0, 0, -33.51543426513672, 20.134422302246094], [1, 0, 0, 0.0, 0, 1, 8, 13, 20, 0, 1, 0, 0, 9, 2, 2, 0, 0, 0, 12, 0, 1.0, 0, 0, 1, 0, 0, 0, -53.449031829833984, 0.0], [0, 0, 0, 0.0, 0, 1, 8, 13, 20, 0, 0, 1, 0, 9, 2, 4, 0, 0, 0, 12, 0, 1.0, 0, 0, 1, 0, 0, 0, -48.141197204589844, 5.1578216552734375], [1, 0, 1, 0.0, 0, 1, 8, 13, 20, 0, 0, 0, 0, 8, 2, 4, 0, 0, 0, 12, 0, 1.0, 0, 0, 2, 1, 0, 0, -42.511444091796875, 20.106468200683594], [1, 0, 1, 0.0, 0, 1, 8, 13, 20, 0, 0, 0, 0, 9, 2, 4, 0, 0, 0, 12, 0, 1.0, 0, 0, 2, 1, 0, 0, -33.6965446472168, 20.107650756835938], [0, 0, 0, 0.0, 0, 1, 8, 13, 20, 0, 0, 1, 0, 10, 2, 4, 0, 0, 0, 12, 0, 1.0, 0, 0, 1, 0, 0, 0, -37.205326080322266, 7.378047943115234], [1, 0, 1, 0.0, 0, 1, 2, 3, 4, 0, 0, 0, 0, 1, 1, 2, 0, 0, 0, 2, 0, 1.0, 0, 0, 2, 1, 0, 0, -0.18435660004615784, 49.575077056884766], [0, 0, 0, 0.3413824439048767, 0, 1, 7, 3, 9, 0, 0, 0, 0, 1, 1, 4, 0, 0, 0, 2, 0, 1.0, 0, 0, 1, 0, 0, 0, -44.448760986328125, 5.310676574707031], [0, 0, 0, 0.0, 0, 1, 8, 3, 10, 0, 0, 0, 0, 1, 1, 2, 0, 0, 0, 2, 0, 1.0, 0, 0, 1, 0, 0, 0, -48.46596145629883, 2.0318984985351562], [1, 0, 1, 0.0, 0, 1, 4, 3, 6, 0, 1, 0, 0, 1, 1, 4, 0, 0, 0, 2, 0, 1.0, 0, 0, 2, 1, 0, 0, -0.18435660004615784, 0.0], [0, 0, 0, 0.10955548286437988, 0, 0, 8, 3, 10, 0, 0, 0, 0, 1, 1, 3, 0, 0, 0, 2, 0, 1.0, 0, 0, 0, 0, 0, 0, -57.24878692626953, 0.0], [1, 0, 1, 1.1920928955078125e-07, 0, 1, 7, 3, 9, 0, 0, 0, 0, 1, 1, 2, 0, 0, 0, 2, 0, 1.0, 0, 0, 2, 1, 0, 0, -0.18435660004615784, 0.0], [1, 0, 1, 0.6035293340682983, 0, 1, 4, 3, 6, 0, 0, 0, 0, 1, 1, 3, 0, 0, 0, 2, 0, 1.0, 0, 0, 2, 1, 0, 0, -0.18435660004615784, 0.0], [0, 0, 0, 0.0, 0, 1, 1, 3, 3, 0, 0, 0, 0, 1, 1, 1, 0, 0, 0, 2, 0, 1.0, 0, 0, 1, 0, 0, 0, -49.759437561035156, 0.0], [1, 0, 1, 0.0, 0, 1, 8, 4, 11, 0, 0, 0, 0, 2, 1, 3, 0, 0, 0, 3, 0, 1.0, 0, 0, 2, 1, 0, 0, -0.18703067302703857, 34.540733337402344], [0, 0, 0, 5.960464477539063e-08, 0, 1, 6, 4, 9, 1, 0, 0, 0, 2, 1, 6, 0, 0, 0, 3, 0, 1.0, 0, 0, 1, 0, 0, 0, -33.70892333984375, 0.0], [1, 0, 1, 2.384185791015625e-07, 0, 1, 8, 4, 11, 0, 0, 0, 0, 2, 1, 3, 0, 0, 0, 3, 0, 1.0, 0, 0, 2, 1, 0, 0, -0.18703067302703857, 33.52189254760742], [1, 0, 1, 0.0, 0, 1, 8, 4, 11, 0, 0, 0, 0, 2, 1, 4, 0, 0, 0, 3, 0, 1.0, 0, 0, 2, 1, 0, 0, -0.18703067302703857, 33.52189254760742], [1, 0, 1, 0.0, 0, 1, 8, 4, 11, 0, 0, 0, 0, 2, 1, 5, 0, 0, 0, 3, 0, 1.0, 0, 0, 2, 1, 0, 0, -0.18703067302703857, 33.52189254760742], [1, 0, 1, 0.0, 0, 1, 7, 4, 10, 0, 0, 0, 0, 2, 1, 4, 0, 0, 0, 3, 0, 1.0, 0, 0, 2, 1, 0, 0, -0.18703067302703857, 33.52189254760742], [1, 0, 1, 0.0, 0, 1, 5, 3, 7, 0, 0, 0, 0, 1, 1, 4, 0, 0, 0, 2, 0, 1.0, 0, 0, 2, 1, 0, 0, -0.18435660004615784, 49.57508087158203], [1, 0, 1, 0.0, 0, 1, 6, 3, 8, 0, 0, 0, 0, 1, 1, 4, 0, 0, 0, 2, 0, 1.0, 0, 0, 2, 1, 0, 0, -0.18435660004615784, 0.0], [0, 0, 0, 0.0, 0, 1, 8, 3, 10, 0, 0, 0, 0, 1, 1, 6, 0, 0, 0, 2, 0, 1.0, 0, 0, 1, 0, 0, 0, -49.759437561035156, 0.0], [1, 0, 1, 0.6865310072898865, 0, 1, 8, 3, 10, 0, 0, 0, 0, 1, 1, 5, 0, 0, 0, 2, 0, 1.0, 0, 0, 2, 1, 0, 0, -0.18435660004615784, 49.57508087158203], [1, 0, 1, 0.19820857048034668, 0, 1, 8, 4, 11, 0, 0, 0, 0, 2, 1, 6, 0, 0, 0, 3, 0, 1.0, 0, 0, 2, 1, 0, 0, -0.18703067302703857, 33.52189254760742], [1, 0, 1, 0.11157718300819397, 0, 1, 6, 4, 9, 0, 0, 0, 0, 2, 1, 6, 0, 0, 0, 3, 0, 1.0, 0, 0, 2, 1, 0, 0, -0.18703067302703857, 33.52189254760742], [1, 0, 1, 0.2198317050933838, 0, 1, 8, 4, 11, 0, 0, 0, 0, 2, 1, 6, 0, 0, 0, 3, 0, 1.0, 0, 0, 2, 1, 0, 0, -0.18703067302703857, 33.52189254760742], [0, 0, 0, 0.0, 0, 1, 8, 5, 12, 0, 0, 0, 0, 3, 1, 2, 0, 0, 0, 4, 0, 1.0, 0, 0, 1, 0, 0, 0, -36.583396911621094, 0.0], [0, 0, 0, 0.0, 0, 1, 8, 5, 12, 0, 0, 0, 0, 3, 1, 3, 0, 0, 0, 4, 0, 1.0, 0, 0, 1, 0, 0, 0, -36.583396911621094, 0.0], [0, 0, 0, 0.0, 0, 1, 8, 5, 12, 0, 0, 0, 0, 3, 1, 2, 0, 0, 0, 4, 0, 1.0, 0, 0, 1, 0, 0, 0, -37.087955474853516, 0.3686332702636719], [0, 0, 0, 0.0, 0, 1, 8, 5, 12, 0, 0, 0, 0, 3, 1, 3, 0, 0, 0, 4, 0, 1.0, 0, 0, 1, 0, 0, 0, -37.087955474853516, 0.0], [0, 0, 0, 1.7881393432617188e-07, 0, 1, 8, 4, 11, 0, 0, 0, 0, 2, 1, 5, 0, 0, 0, 3, 0, 1.0, 0, 0, 1, 0, 0, 0, -38.92102813720703, 0.0], [1, 0, 1, 0.0, 0, 1, 8, 4, 11, 0, 0, 0, 0, 2, 1, 3, 0, 0, 0, 3, 0, 1.0, 0, 0, 2, 1, 0, 0, -0.17737022042274475, 37.310306549072266], [1, 0, 1, 0.1486636996269226, 0, 1, 8, 4, 11, 0, 0, 0, 0, 2, 1, 3, 0, 0, 0, 3, 0, 1.0, 0, 0, 2, 1, 0, 0, -0.17737022042274475, 0.0], [1, 0, 1, 0.28578251600265503, 0, 1, 8, 3, 10, 0, 0, 0, 0, 1, 1, 6, 0, 0, 0, 2, 0, 1.0, 0, 0, 2, 1, 0, 0, -0.18435660004615784, 50.31350326538086], [1, 0, 1, 0.2526669502258301, 0, 1, 8, 3, 10, 0, 0, 0, 0, 1, 1, 6, 0, 0, 0, 2, 0, 1.0, 0, 0, 2, 1, 0, 0, -0.18435660004615784, 53.73075866699219], [1, 0, 1, 0.2725486159324646, 0, 1, 7, 3, 9, 0, 1, 0, 0, 1, 1, 7, 0, 0, 0, 2, 0, 1.0, 0, 0, 2, 1, 0, 0, -0.18435660004615784, 54.695106506347656], [0, 0, 0, 0.0, 0, 1, 8, 3, 10, 0, 0, 0, 0, 1, 1, 2, 0, 0, 0, 2, 0, 1.0, 0, 0, 1, 0, 0, 0, -48.46596145629883, 2.0318984985351562], [1, 0, 1, 0.16072526574134827, 0, 1, 2, 3, 4, 0, 0, 0, 0, 1, 1, 2, 0, 0, 0, 2, 0, 1.0, 0, 0, 2, 1, 0, 0, -0.18435660004615784, 54.695106506347656], [1, 0, 1, 0.04616755247116089, 0, 1, 6, 3, 8, 0, 0, 0, 0, 1, 1, 4, 0, 0, 0, 2, 0, 1.0, 0, 0, 2, 1, 0, 0, -0.18435660004615784, 54.022926330566406], [1, 0, 1, 0.0, 0, 1, 8, 3, 10, 0, 0, 0, 0, 1, 1, 2, 0, 0, 0, 2, 0, 1.0, 0, 0, 2, 1, 0, 0, -0.18435660004615784, 50.31350326538086], [0, 0, 0, 0.0011224746704101562, 0, 1, 2, 3, 4, 0, 0, 0, 0, 1, 1, 1, 0, 0, 0, 2, 0, 1.0, 0, 0, 2, 0, 0, 0, -49.759437561035156, 0.7384223937988281], [0, 0, 0, 0.0, 0, 1, 8, 3, 10, 0, 0, 0, 0, 1, 1, 4, 0, 0, 0, 2, 0, 1.0, 0, 0, 2, 0, 0, 0, -49.75943374633789, 3.814697265625e-06], [0, 0, 0, 0.0, 0, 1, 8, 3, 10, 0, 0, 0, 0, 1, 1, 2, 0, 0, 0, 2, 0, 1.0, 0, 0, 1, 0, 0, 0, -43.675025939941406, 6.822834014892578], [0, 0, 0, 0.0, 0, 1, 8, 3, 10, 0, 0, 0, 0, 1, 1, 2, 0, 0, 0, 2, 0, 1.0, 0, 0, 1, 0, 0, 0, -43.675025939941406, 6.822834014892578], [0, 0, 0, 0.0029780566692352295, 0, 1, 8, 3, 10, 0, 0, 0, 0, 1, 1, 4, 0, 0, 0, 2, 0, 1.0, 0, 0, 1, 0, 0, 0, -49.75943374633789, 3.814697265625e-06], [0, 0, 0, 0.06848949193954468, 0, 1, 8, 3, 10, 0, 0, 0, 0, 1, 1, 6, 0, 0, 0, 2, 0, 1.0, 0, 0, 1, 0, 0, 0, -54.87946319580078, 0.0], [1, 0, 1, 0.43473148345947266, 0, 1, 4, 3, 6, 0, 0, 0, 0, 1, 1, 4, 0, 0, 0, 2, 0, 1.0, 0, 0, 2, 1, 0, 0, -0.18435660004615784, 0.0], [1, 0, 1, 0.0, 0, 1, 5, 3, 7, 0, 0, 0, 0, 1, 1, 5, 0, 0, 0, 2, 0, 1.0, 0, 0, 2, 1, 0, 0, -0.18435660004615784, 49.57508087158203], [1, 0, 1, 0.41185152530670166, 0, 1, 8, 3, 10, 0, 0, 0, 0, 1, 1, 4, 0, 0, 0, 2, 0, 1.0, 0, 0, 2, 1, 0, 0, -0.18435660004615784, 49.57508087158203], [1, 0, 1, 0.0, 0, 1, 8, 3, 10, 0, 0, 0, 0, 1, 1, 2, 0, 0, 0, 2, 0, 1.0, 0, 0, 2, 1, 0, 0, -0.18435660004615784, 56.011566162109375], [1, 0, 0, 0.0, 0, 1, 8, 3, 10, 1, 0, 0, 0, 1, 1, 4, 0, 0, 0, 2, 0, 1.0, 0, 0, 1, 0, 0, 0, -43.675025939941406, 6.084407806396484], [1, 0, 1, 0.0, 0, 1, 2, 3, 4, 0, 0, 0, 0, 1, 1, 2, 0, 0, 0, 2, 0, 1.0, 0, 0, 2, 1, 0, 0, -0.18435660004615784, 49.57508087158203], [1, 0, 1, 0.0, 0, 1, 5, 3, 7, 0, 0, 0, 0, 1, 1, 5, 0, 0, 0, 2, 0, 1.0, 0, 0, 2, 1, 0, 0, -0.18435660004615784, 49.57508087158203], [1, 0, 1, 0.0, 0, 1, 8, 3, 10, 0, 0, 0, 0, 1, 1, 5, 0, 0, 0, 2, 0, 1.0, 0, 0, 2, 1, 0, 0, -0.18435660004615784, 50.31350326538086], [1, 0, 1, 0.10864579677581787, 0, 1, 8, 3, 10, 0, 0, 0, 0, 1, 1, 7, 0, 0, 0, 2, 0, 1.0, 0, 0, 2, 1, 0, 0, -0.18435660004615784, 49.57508087158203], [1, 0, 1, 0.3674359917640686, 0, 1, 8, 3, 10, 0, 0, 0, 0, 1, 1, 4, 0, 0, 0, 2, 0, 1.0, 0, 0, 2, 1, 0, 0, -0.18435660004615784, 49.575077056884766], [1, 0, 1, 0.0, 0, 1, 8, 3, 10, 0, 0, 0, 0, 1, 1, 2, 0, 0, 0, 2, 0, 1.0, 0, 0, 2, 1, 0, 0, -0.18435660004615784, 56.011566162109375], [0, 0, 0, 0.0, 0, 1, 8, 3, 10, 0, 0, 0, 0, 1, 1, 2, 0, 0, 0, 2, 0, 1.0, 0, 0, 1, 0, 0, 0, -48.46596145629883, 2.740203857421875], [0, 0, 0, 0.046812593936920166, 0, 1, 2, 3, 4, 1, 0, 0, 0, 1, 1, 2, 0, 0, 0, 2, 0, 1.0, 0, 0, 1, 0, 0, 0, -49.759437561035156, 4.447853088378906], [1, 0, 1, 0.10864526033401489, 0, 1, 8, 3, 10, 0, 0, 0, 0, 1, 1, 7, 0, 0, 0, 2, 0, 1.0, 0, 0, 2, 1, 0, 0, -0.18435660004615784, 54.695106506347656], [1, 0, 1, 0.0, 0, 1, 7, 3, 9, 0, 0, 0, 0, 1, 1, 4, 0, 0, 0, 2, 0, 1.0, 0, 0, 2, 1, 0, 0, -0.18435660004615784, 49.57508087158203], [1, 0, 1, 0.0, 0, 1, 8, 3, 10, 0, 0, 0, 0, 1, 1, 6, 0, 0, 0, 2, 0, 1.0, 0, 0, 2, 1, 0, 0, -0.18435660004615784, 57.6625862121582], [1, 0, 1, 0.27512508630752563, 0, 1, 8, 3, 10, 0, 0, 0, 0, 1, 1, 4, 0, 0, 0, 2, 0, 1.0, 0, 0, 2, 1, 0, 0, -0.18435660004615784, 54.695106506347656], [1, 0, 1, 0.03088855743408203, 0, 1, 4, 3, 6, 0, 0, 0, 0, 1, 1, 3, 0, 0, 0, 2, 0, 1.0, 0, 0, 2, 1, 0, 0, -0.18435660004615784, 49.57508087158203], [0, 0, 0, 0.06928816437721252, 0, 1, 8, 3, 10, 0, 0, 0, 0, 1, 1, 3, 0, 0, 0, 2, 0, 1.0, 0, 0, 1, 0, 0, 0, -53.91511535644531, 0.0], [1, 0, 1, 0.0, 0, 1, 4, 3, 6, 0, 0, 0, 0, 1, 1, 2, 0, 0, 0, 2, 0, 1.0, 0, 0, 2, 1, 0, 0, -0.18435660004615784, 0.0], [0, 0, 0, 0.0, 0, 1, 8, 3, 10, 0, 0, 0, 0, 1, 1, 2, 0, 0, 0, 2, 0, 1.0, 0, 0, 1, 0, 0, 0, -48.46596145629883, 2.0318984985351562], [1, 0, 1, 0.0, 0, 1, 8, 6, 13, 0, 0, 0, 0, 4, 1, 6, 0, 0, 0, 5, 0, 1.0, 0, 0, 2, 1, 0, 0, -0.18751603364944458, 31.34210777282715], [1, 0, 1, 0.019983023405075073, 0, 1, 8, 6, 13, 0, 0, 0, 0, 4, 1, 4, 0, 0, 0, 5, 0, 1.0, 0, 0, 2, 1, 0, 0, -0.18751603364944458, 31.34210777282715], [1, 0, 1, 0.0, 0, 1, 8, 6, 13, 0, 0, 0, 0, 4, 1, 5, 0, 0, 0, 5, 0, 1.0, 0, 0, 2, 1, 0, 0, -0.18751603364944458, 31.34210777282715], [1, 0, 1, 0.0, 0, 1, 8, 6, 13, 0, 0, 0, 0, 4, 1, 5, 0, 0, 0, 5, 0, 1.0, 0, 0, 2, 1, 0, 0, -0.18751603364944458, 31.34210777282715], [1, 0, 1, 0.0, 0, 1, 8, 6, 13, 0, 0, 0, 0, 4, 1, 5, 0, 0, 0, 5, 0, 1.0, 0, 0, 2, 1, 0, 0, -0.18751603364944458, 31.34210777282715], [1, 0, 1, 0.0009189844131469727, 0, 1, 8, 5, 12, 0, 0, 0, 0, 3, 1, 2, 0, 0, 0, 4, 0, 1.0, 0, 0, 2, 1, 0, 0, -0.18790286779403687, 31.894777297973633], [1, 0, 0, 0.026632368564605713, 0, 1, 8, 5, 12, 1, 0, 0, 0, 3, 1, 3, 0, 0, 0, 4, 0, 1.0, 0, 0, 2, 0, 0, 0, -32.082679748535156, 0.0], [0, 0, 0, 0.04318976402282715, 0, 1, 8, 5, 12, 0, 0, 0, 0, 3, 1, 5, 0, 0, 0, 4, 0, 1.0, 0, 0, 1, 0, 0, 0, -32.082679748535156, 0.518310546875], [0, 0, 0, 0.05473661422729492, 0, 1, 8, 5, 12, 0, 0, 0, 0, 3, 1, 1, 0, 0, 0, 4, 0, 1.0, 0, 0, 2, 0, 0, 0, -32.600990295410156, 0.0], [0, 0, 0, 0.0, 0, 1, 7, 3, 9, 0, 0, 0, 0, 1, 1, 5, 0, 0, 0, 2, 0, 1.0, 0, 0, 1, 0, 0, 0, -48.46596145629883, 7.729961395263672], [1, 0, 1, 0.0, 0, 1, 8, 3, 10, 0, 0, 0, 0, 1, 1, 5, 0, 0, 0, 2, 0, 1.0, 0, 0, 2, 1, 0, 0, -0.18435660004615784, 54.695106506347656], [1, 0, 1, 0.0, 0, 1, 8, 3, 10, 0, 0, 0, 0, 1, 1, 2, 0, 0, 0, 2, 0, 1.0, 0, 0, 2, 1, 0, 0, -0.18435660004615784, 56.011566162109375], [1, 0, 1, 0.0, 0, 1, 3, 3, 5, 0, 0, 0, 0, 1, 1, 2, 0, 0, 0, 2, 0, 1.0, 0, 0, 2, 1, 0, 0, -0.18435660004615784, 54.695106506347656], [1, 0, 1, 0.0, 0, 1, 8, 3, 10, 0, 0, 0, 0, 1, 1, 5, 0, 0, 0, 2, 0, 1.0, 0, 0, 2, 1, 0, 0, -0.18435660004615784, 54.022926330566406], [0, 0, 0, 0.0034233033657073975, 0, 1, 8, 3, 10, 0, 0, 0, 0, 1, 1, 4, 0, 0, 0, 2, 0, 1.0, 0, 0, 1, 0, 0, 0, -51.20616912841797, 0.0], [1, 0, 1, 0.22293636202812195, 0, 1, 4, 3, 6, 0, 0, 0, 0, 1, 1, 4, 0, 0, 0, 2, 0, 1.0, 0, 0, 2, 1, 0, 0, -0.18435660004615784, 49.57508087158203], [1, 0, 1, 0.0, 0, 1, 8, 3, 10, 0, 0, 0, 0, 1, 1, 5, 0, 0, 0, 2, 0, 1.0, 0, 0, 2, 1, 0, 0, -0.18435660004615784, 50.31350326538086], [0, 0, 0, 0.012867867946624756, 0, 1, 8, 5, 12, 0, 1, 0, 0, 3, 1, 5, 0, 0, 0, 4, 0, 1.0, 0, 0, 1, 0, 0, 0, -32.600990295410156, 0.0], [1, 0, 1, 0.07739138603210449, 0, 1, 8, 5, 12, 0, 0, 0, 0, 3, 1, 3, 0, 0, 0, 4, 0, 1.0, 0, 0, 2, 1, 0, 0, -0.18790286779403687, 33.342926025390625], [1, 0, 0, 0.0, 0, 1, 8, 5, 12, 0, 0, 0, 0, 3, 1, 4, 0, 0, 0, 4, 0, 1.0, 0, 0, 1, 1, 0, 0, -32.600990295410156, 0.6512565612792969], [1, 0, 1, 0.05750387907028198, 0, 1, 8, 5, 12, 0, 0, 0, 0, 3, 1, 2, 0, 0, 0, 4, 0, 1.0, 0, 0, 2, 1, 0, 0, -0.18790286779403687, 33.342926025390625], [1, 0, 1, 0.21546626091003418, 0, 1, 8, 3, 10, 0, 0, 0, 0, 1, 1, 3, 0, 0, 0, 2, 0, 1.0, 0, 0, 2, 1, 0, 0, -0.18435660004615784, 49.57508087158203], [1, 0, 1, 0.0, 0, 1, 8, 3, 10, 0, 0, 0, 0, 1, 1, 4, 0, 0, 0, 2, 0, 1.0, 0, 0, 2, 1, 0, 0, -0.18435660004615784, 50.31350326538086], [1, 0, 1, 0.0, 0, 1, 8, 3, 10, 0, 0, 0, 0, 1, 1, 4, 0, 0, 0, 2, 0, 1.0, 0, 0, 2, 1, 0, 0, -0.18435660004615784, 49.57508087158203], [0, 0, 0, 0.0, 0, 1, 8, 3, 10, 0, 0, 0, 0, 1, 1, 2, 0, 0, 0, 2, 0, 1.0, 0, 0, 1, 0, 0, 0, -43.675025939941406, 6.822834014892578], [1, 0, 0, 0.0, 0, 1, 8, 3, 10, 1, 0, 0, 0, 1, 1, 5, 0, 0, 0, 2, 0, 1.0, 0, 0, 1, 0, 0, 0, -43.675025939941406, 6.822834014892578], [1, 0, 0, 0.0, 0, 1, 8, 3, 10, 1, 0, 0, 0, 1, 1, 2, 0, 0, 0, 2, 0, 1.0, 0, 0, 1, 0, 0, 0, -48.46596145629883, 2.0318984985351562], [1, 0, 1, 0.0, 0, 1, 8, 3, 10, 0, 0, 0, 0, 1, 1, 6, 0, 0, 0, 2, 0, 1.0, 0, 0, 2, 1, 0, 0, -0.18435660004615784, 52.15985107421875], [1, 0, 1, 0.29790160059928894, 0, 1, 5, 3, 7, 0, 0, 0, 0, 1, 1, 4, 0, 0, 0, 2, 0, 1.0, 0, 0, 2, 1, 0, 0, -0.18435660004615784, 56.011566162109375], [1, 0, 1, 0.0, 0, 1, 6, 3, 8, 0, 0, 0, 0, 1, 1, 2, 0, 0, 0, 2, 0, 1.0, 0, 0, 2, 1, 0, 0, -0.18435660004615784, 0.0], [1, 0, 1, 0.0, 0, 1, 8, 3, 10, 0, 0, 0, 0, 1, 1, 2, 0, 0, 0, 2, 0, 1.0, 0, 0, 2, 1, 0, 0, -0.18435660004615784, 49.57508087158203], [1, 0, 0, 0.0, 0, 1, 8, 3, 10, 1, 0, 0, 0, 1, 1, 2, 0, 0, 0, 2, 0, 1.0, 0, 0, 1, 0, 0, 0, -43.675025939941406, 7.0153961181640625], [1, 0, 1, 0.0, 0, 1, 8, 3, 10, 1, 0, 0, 0, 1, 1, 2, 0, 0, 0, 2, 0, 1.0, 0, 0, 1, 0, 0, 0, -45.732547760009766, 2.7334136962890625], [1, 0, 0, 0.0, 0, 1, 4, 3, 6, 1, 0, 0, 0, 1, 1, 2, 0, 0, 0, 2, 0, 1.0, 0, 0, 1, 0, 0, 0, -43.675025939941406, 2.0575218200683594], [1, 0, 0, 0.0, 0, 1, 8, 3, 10, 0, 0, 0, 0, 1, 1, 2, 0, 0, 0, 2, 0, 1.0, 0, 0, 1, 0, 0, 0, -43.675025939941406, 2.0575218200683594], [0, 0, 0, 0.36239248514175415, 0, 1, 7, 3, 9, 0, 0, 0, 0, 1, 1, 4, 0, 0, 0, 2, 0, 1.0, 0, 0, 1, 0, 0, 0, -44.448760986328125, 5.310672760009766], [1, 0, 1, 0.0, 0, 1, 8, 3, 10, 0, 0, 0, 0, 1, 1, 4, 0, 0, 0, 2, 0, 1.0, 0, 0, 2, 1, 0, 0, -0.18435660004615784, 49.57508087158203], [1, 0, 1, 0.0, 0, 1, 4, 3, 6, 0, 0, 0, 0, 1, 1, 3, 0, 0, 0, 2, 0, 1.0, 0, 0, 2, 1, 0, 0, -0.18435660004615784, 54.695106506347656], [0, 0, 0, 0.0, 0, 1, 8, 3, 10, 0, 1, 0, 0, 1, 1, 2, 0, 0, 0, 2, 0, 1.0, 0, 0, 1, 0, 0, 0, -48.46596145629883, 2.0318984985351562], [1, 0, 1, 0.0, 0, 1, 8, 3, 10, 0, 0, 0, 0, 1, 1, 2, 0, 0, 0, 2, 0, 1.0, 0, 0, 2, 1, 0, 0, -0.18435660004615784, 50.31350326538086], [1, 0, 1, 0.0, 0, 1, 4, 3, 6, 0, 0, 0, 0, 1, 1, 4, 0, 0, 0, 2, 0, 1.0, 0, 0, 2, 1, 0, 0, -0.18435660004615784, 0.0], [0, 0, 0, 0.031370386481285095, 0, 1, 8, 3, 10, 0, 0, 0, 0, 1, 1, 6, 0, 0, 0, 2, 0, 1.0, 0, 0, 1, 0, 0, 0, -49.759437561035156, 0.0], [0, 0, 0, 0.00038157403469085693, 0, 1, 8, 3, 10, 0, 0, 0, 0, 1, 1, 5, 0, 0, 0, 2, 0, 1.0, 0, 0, 1, 0, 0, 0, -50.497859954833984, 1.8463478088378906], [1, 0, 1, 0.7702282816171646, 0, 1, 3, 3, 5, 0, 0, 0, 0, 1, 1, 3, 0, 0, 0, 2, 0, 1.0, 0, 0, 2, 1, 0, 0, -0.18165260553359985, 60.129817962646484], [1, 0, 1, 0.0, 0, 1, 8, 3, 10, 0, 0, 0, 0, 1, 1, 3, 0, 0, 0, 2, 0, 1.0, 0, 0, 2, 1, 0, 0, -0.18973559141159058, 58.398990631103516], [1, 0, 1, 0.17528420686721802, 0, 1, 8, 3, 10, 0, 0, 0, 0, 1, 1, 3, 0, 0, 0, 2, 0, 1.0, 0, 0, 2, 1, 0, 0, -0.18435660004615784, 54.695106506347656], [1, 0, 1, 0.747974157333374, 0, 1, 6, 3, 8, 0, 0, 0, 0, 1, 1, 6, 0, 0, 0, 2, 0, 1.0, 0, 0, 2, 1, 0, 0, -0.18435660004615784, 50.31350326538086], [1, 0, 0, 0.0, 0, 1, 8, 3, 10, 1, 1, 0, 0, 1, 1, 2, 0, 0, 0, 2, 0, 1.0, 0, 0, 1, 0, 0, 0, -48.46596145629883, 2.0318984985351562], [1, 0, 0, 0.0, 0, 1, 8, 3, 10, 0, 0, 0, 0, 1, 1, 2, 0, 0, 0, 2, 0, 1.0, 0, 0, 1, 0, 0, 0, -43.675025939941406, 12.520896911621094], [1, 0, 1, 0.0, 0, 1, 7, 3, 9, 0, 0, 0, 0, 1, 1, 5, 0, 0, 0, 2, 0, 1.0, 0, 0, 2, 1, 0, 0, -0.18435660004615784, 0.0], [1, 0, 1, 0.11099815368652344, 0, 1, 7, 3, 9, 0, 0, 0, 0, 1, 1, 7, 0, 0, 0, 2, 0, 1.0, 0, 0, 2, 1, 0, 0, -0.18435660004615784, 49.57508087158203], [1, 0, 1, 0.0, 0, 1, 8, 3, 10, 1, 1, 0, 0, 1, 1, 2, 0, 0, 0, 2, 0, 1.0, 0, 0, 2, 1, 0, 0, -0.18435660004615784, 50.31350326538086], [0, 0, 0, 0.0, 0, 1, 8, 3, 10, 0, 0, 0, 0, 1, 1, 2, 0, 0, 0, 2, 0, 1.0, 0, 0, 1, 0, 0, 0, -48.46596145629883, 7.729961395263672], [1, 0, 0, 0.0, 0, 1, 8, 3, 10, 1, 0, 0, 0, 1, 1, 3, 0, 0, 0, 2, 0, 1.0, 0, 0, 1, 0, 0, 0, -43.675025939941406, 6.822834014892578], [1, 0, 0, 0.0, 0, 1, 3, 3, 5, 1, 0, 0, 0, 1, 1, 3, 0, 0, 0, 2, 0, 1.0, 0, 0, 1, 0, 0, 0, -43.675025939941406, 2.0575218200683594], [0, 0, 0, 0.05428504943847656, 0, 1, 8, 4, 11, 0, 0, 0, 0, 2, 1, 8, 0, 0, 0, 3, 0, 1.0, 0, 0, 2, 0, 0, 0, -33.70892333984375, 4.155330657958984], [0, 0, 0, 0.010732054710388184, 0, 1, 8, 4, 11, 0, 0, 0, 0, 2, 1, 6, 0, 0, 0, 3, 0, 1.0, 0, 0, 1, 0, 0, 0, -37.864253997802734, 0.0], [0, 0, 0, 0.05696210265159607, 0, 1, 5, 4, 8, 0, 0, 0, 0, 2, 1, 5, 0, 0, 0, 3, 0, 1.0, 0, 0, 1, 0, 0, 0, -33.70892333984375, 2.254058837890625], [1, 0, 1, 0.31670746207237244, 0, 1, 8, 3, 10, 0, 0, 0, 0, 1, 1, 2, 0, 0, 0, 2, 0, 1.0, 0, 0, 2, 1, 0, 0, -0.18435660004615784, 50.31350326538086], [1, 0, 1, 0.17265969514846802, 0, 1, 8, 3, 10, 0, 0, 0, 0, 1, 1, 6, 0, 0, 0, 2, 0, 1.0, 0, 0, 2, 1, 0, 0, -0.18435660004615784, 49.57508087158203], [0, 0, 0, 0.0, 0, 1, 8, 3, 10, 0, 0, 0, 0, 1, 1, 2, 0, 0, 0, 2, 0, 1.0, 0, 0, 1, 0, 0, 0, -43.675025939941406, 6.822834014892578], [0, 0, 0, 0.0, 0, 1, 2, 3, 4, 0, 0, 0, 0, 1, 1, 2, 0, 0, 0, 2, 0, 1.0, 0, 0, 1, 0, 0, 0, -49.759437561035156, 0.7384223937988281], [1, 0, 1, 0.0, 0, 1, 8, 3, 10, 0, 0, 0, 0, 1, 1, 2, 0, 0, 0, 2, 0, 1.0, 0, 0, 2, 1, 0, 0, -0.18435660004615784, 50.31350326538086], [0, 0, 0, 0.0, 0, 1, 8, 3, 10, 0, 0, 0, 0, 1, 1, 2, 0, 0, 0, 2, 0, 1.0, 0, 0, 1, 0, 0, 0, -43.675025939941406, 6.822834014892578], [1, 0, 1, 0.020095527172088623, 0, 1, 8, 3, 10, 0, 0, 0, 0, 1, 1, 5, 0, 0, 0, 2, 0, 1.0, 0, 0, 2, 1, 0, 0, -0.18435660004615784, 52.15985107421875], [1, 0, 1, 0.0, 0, 1, 7, 3, 9, 0, 0, 0, 0, 1, 1, 5, 0, 0, 0, 2, 0, 1.0, 0, 0, 2, 1, 0, 0, -0.18435660004615784, 49.575077056884766], [1, 0, 1, 0.0, 0, 1, 8, 5, 12, 0, 0, 0, 0, 3, 1, 5, 0, 0, 0, 4, 0, 1.0, 0, 0, 2, 1, 0, 0, -0.18790286779403687, 0.0], [1, 0, 0, 0.062196969985961914, 0, 1, 8, 5, 12, 1, 1, 0, 0, 3, 1, 6, 0, 0, 0, 4, 0, 1.0, 0, 0, 1, 0, 0, 0, -32.082679748535156, 0.518310546875], [1, 0, 0, 0.0, 0, 1, 8, 5, 12, 1, 0, 0, 0, 3, 1, 2, 0, 0, 0, 4, 0, 1.0, 0, 0, 1, 0, 0, 0, -32.600990295410156, 0.0], [1, 0, 1, 0.0, 0, 1, 8, 5, 12, 0, 0, 0, 0, 3, 1, 5, 0, 0, 0, 4, 0, 1.0, 0, 0, 2, 1, 0, 0, -0.18790286779403687, 0.0], [1, 0, 1, 0.18180906772613525, 0, 1, 7, 3, 9, 0, 0, 0, 0, 1, 1, 5, 0, 0, 0, 2, 0, 1.0, 0, 0, 2, 1, 0, 0, -0.18435660004615784, 49.57508087158203], [0, 0, 0, 0.011299997568130493, 0, 1, 8, 3, 10, 0, 0, 0, 0, 1, 1, 6, 0, 0, 0, 2, 0, 1.0, 0, 0, 1, 0, 0, 0, -49.75943374633789, 3.814697265625e-06], [1, 0, 1, 0.0, 0, 1, 8, 3, 10, 0, 0, 0, 0, 1, 1, 2, 0, 0, 0, 2, 0, 1.0, 0, 0, 2, 1, 0, 0, -0.18435660004615784, 57.6625862121582], [1, 0, 1, 0.0, 0, 1, 8, 3, 10, 0, 1, 0, 0, 1, 1, 5, 0, 0, 0, 2, 0, 1.0, 0, 0, 2, 1, 0, 0, -0.18435660004615784, 54.695106506347656], [0, 0, 0, 0.02723972499370575, 0, 1, 5, 3, 7, 0, 0, 0, 0, 1, 1, 3, 0, 0, 0, 2, 0, 1.0, 0, 0, 2, 0, 0, 0, -50.497859954833984, 5.698062896728516], [1, 0, 1, 0.4182622730731964, 0, 1, 8, 3, 10, 0, 0, 0, 0, 1, 1, 5, 0, 0, 0, 2, 0, 1.0, 0, 0, 2, 1, 0, 0, -0.18435660004615784, 51.6124382019043], [1, 0, 1, 0.28850269317626953, 0, 1, 8, 3, 10, 0, 0, 0, 0, 1, 1, 5, 0, 0, 0, 2, 0, 1.0, 0, 0, 2, 1, 0, 0, -0.18435660004615784, 54.695106506347656], [0, 0, 0, 0.007018983364105225, 0, 1, 8, 3, 10, 0, 0, 0, 0, 1, 1, 6, 0, 0, 0, 2, 0, 1.0, 0, 0, 1, 0, 0, 0, -54.87946319580078, 0.0], [0, 0, 0, 0.0, 0, 1, 8, 3, 10, 0, 0, 0, 0, 1, 1, 2, 0, 0, 0, 2, 0, 1.0, 0, 0, 1, 0, 0, 0, -48.46596145629883, 2.0318984985351562], [0, 0, 0, 0.20453691482543945, 0, 1, 8, 3, 10, 0, 0, 0, 0, 1, 1, 6, 0, 0, 0, 2, 0, 1.0, 0, 0, 2, 0, 0, 0, -53.229942321777344, 0.0], [1, 0, 1, 0.0, 0, 1, 8, 3, 10, 0, 0, 0, 0, 1, 1, 2, 0, 0, 0, 2, 0, 1.0, 0, 0, 2, 1, 0, 0, -0.18435660004615784, 50.31350326538086], [1, 0, 1, 0.0, 0, 1, 8, 3, 10, 0, 0, 0, 0, 1, 1, 6, 0, 0, 0, 2, 0, 1.0, 0, 0, 2, 1, 0, 0, -0.18435660004615784, 51.6124382019043], [0, 0, 0, 0.0, 0, 1, 7, 3, 9, 0, 0, 0, 0, 1, 1, 6, 0, 0, 0, 2, 0, 1.0, 0, 0, 1, 0, 0, 0, -49.759437561035156, 0.0], [1, 0, 1, 0.0, 0, 1, 8, 3, 10, 0, 0, 0, 0, 1, 1, 2, 0, 0, 0, 2, 0, 1.0, 0, 0, 2, 1, 0, 0, -0.18435660004615784, 0.0], [1, 0, 1, 0.3800138235092163, 0, 1, 8, 3, 10, 0, 0, 0, 0, 1, 1, 4, 0, 0, 0, 2, 0, 1.0, 0, 0, 2, 1, 0, 0, -0.18435660004615784, 50.31350326538086], [1, 0, 1, 0.5058189928531647, 0, 1, 4, 3, 6, 0, 0, 0, 0, 1, 1, 3, 0, 0, 0, 2, 0, 1.0, 0, 0, 2, 1, 0, 0, -0.18435660004615784, 49.57508087158203], [0, 0, 0, 0.0, 0, 1, 8, 3, 10, 0, 0, 0, 0, 1, 1, 2, 0, 0, 0, 2, 0, 1.0, 0, 0, 1, 0, 0, 0, -43.675025939941406, 6.822834014892578], [0, 0, 0, 0.10538357496261597, 0, 1, 8, 3, 10, 0, 0, 0, 0, 1, 1, 4, 0, 0, 0, 2, 0, 1.0, 0, 0, 1, 0, 0, 0, -44.448760986328125, 5.310676574707031], [1, 0, 1, 0.0, 0, 1, 8, 3, 10, 0, 0, 0, 0, 1, 1, 2, 0, 0, 0, 2, 0, 1.0, 0, 0, 2, 1, 0, 0, -0.18435660004615784, 50.31350326538086], [1, 0, 1, 0.0, 0, 1, 2, 3, 4, 0, 0, 0, 0, 1, 1, 2, 0, 0, 0, 2, 0, 1.0, 0, 0, 2, 1, 0, 0, -0.18435660004615784, 50.31350326538086], [1, 0, 1, 0.13618671894073486, 0, 1, 8, 3, 10, 0, 0, 0, 0, 1, 1, 5, 0, 0, 0, 2, 0, 1.0, 0, 0, 2, 1, 0, 0, -0.18435660004615784, 55.20542907714844], [1, 0, 1, 0.0, 0, 1, 8, 3, 10, 1, 0, 0, 0, 1, 1, 5, 0, 0, 0, 2, 0, 1.0, 0, 0, 2, 1, 0, 0, -0.18435660004615784, 55.20542907714844], [1, 0, 1, 0.003965497016906738, 0, 1, 7, 6, 12, 0, 0, 0, 0, 4, 1, 7, 0, 0, 0, 5, 0, 1.0, 0, 0, 2, 1, 0, 0, -0.15559230744838715, 33.02027130126953], [1, 0, 1, 0.04092353582382202, 0, 1, 7, 6, 12, 0, 0, 0, 0, 4, 1, 7, 0, 0, 0, 5, 0, 1.0, 0, 0, 2, 1, 0, 0, -0.15559230744838715, 29.669103622436523], [1, 0, 1, 0.0331173837184906, 0, 1, 7, 6, 12, 0, 0, 0, 0, 4, 1, 7, 0, 0, 0, 5, 0, 1.0, 0, 0, 2, 1, 0, 0, -0.15559230744838715, 29.669103622436523], [1, 0, 1, 0.0, 0, 1, 7, 6, 12, 0, 0, 0, 0, 4, 1, 7, 0, 0, 0, 5, 0, 1.0, 0, 0, 2, 1, 0, 0, -0.15559230744838715, 29.669103622436523], [1, 0, 1, 0.035238564014434814, 0, 1, 8, 6, 13, 0, 0, 0, 0, 4, 1, 8, 0, 0, 0, 5, 0, 1.0, 0, 0, 2, 1, 0, 0, -0.16483145952224731, 36.037391662597656], [1, 0, 1, 1.1920928955078125e-07, 0, 1, 7, 3, 9, 0, 0, 0, 0, 1, 1, 2, 0, 0, 0, 2, 0, 1.0, 0, 0, 2, 1, 0, 0, -0.18435660004615784, 0.0], [1, 0, 1, 0.0, 0, 1, 5, 3, 7, 0, 0, 0, 0, 1, 1, 2, 0, 0, 0, 2, 0, 1.0, 0, 0, 2, 1, 0, 0, -0.18435660004615784, 56.011566162109375], [0, 0, 0, 0.0, 0, 1, 8, 3, 10, 0, 0, 0, 0, 1, 1, 2, 0, 0, 0, 2, 0, 1.0, 0, 0, 1, 0, 0, 0, -48.46596145629883, 7.729961395263672], [0, 0, 0, 0.17439529299736023, 0, 0, 8, 3, 10, 0, 1, 0, 0, 1, 1, 4, 0, 0, 0, 2, 0, 1.0, 0, 0, 0, 0, 0, 0, -57.24878692626953, 0.0], [0, 0, 0, 0.16735059022903442, 0, 1, 8, 3, 10, 0, 0, 0, 0, 1, 1, 6, 0, 0, 0, 2, 0, 1.0, 0, 0, 1, 0, 0, 0, -49.759437561035156, 0.0], [0, 0, 0, 0.0, 0, 1, 8, 3, 10, 0, 0, 0, 0, 1, 1, 2, 0, 0, 0, 2, 0, 1.0, 0, 0, 1, 0, 0, 0, -48.46596145629883, 2.0318984985351562], [1, 0, 1, 0.0, 0, 1, 3, 4, 6, 0, 0, 0, 0, 2, 1, 3, 0, 0, 0, 3, 0, 1.0, 0, 0, 2, 1, 0, 0, -0.18703067302703857, 33.52189254760742], [0, 0, 0, 0.010974526405334473, 0, 1, 7, 4, 10, 0, 0, 0, 0, 2, 1, 7, 0, 0, 0, 3, 0, 1.0, 0, 0, 1, 0, 0, 0, -33.70892333984375, 0.0], [0, 0, 0, 0.0, 0, 1, 6, 4, 9, 0, 0, 0, 0, 2, 1, 4, 0, 0, 0, 3, 0, 1.0, 0, 0, 1, 0, 0, 0, -33.70892333984375, 0.0], [1, 0, 1, 0.0, 0, 1, 4, 3, 6, 0, 0, 0, 0, 1, 1, 2, 0, 0, 0, 2, 0, 1.0, 0, 0, 2, 1, 0, 0, -0.18435660004615784, 0.0], [1, 0, 1, 0.0, 0, 1, 3, 3, 5, 0, 0, 0, 0, 1, 1, 2, 0, 0, 0, 2, 0, 1.0, 0, 0, 2, 1, 0, 0, -0.18435660004615784, 54.695106506347656], [1, 0, 0, 0.03893664479255676, 0, 1, 8, 3, 10, 1, 0, 0, 0, 1, 1, 5, 0, 0, 0, 2, 0, 1.0, 0, 0, 1, 0, 0, 0, -51.79679489135742, 3.0826683044433594], [1, 0, 1, 0.05395931005477905, 0, 1, 8, 3, 10, 0, 0, 0, 0, 1, 1, 4, 0, 0, 0, 2, 0, 1.0, 0, 0, 2, 1, 0, 0, -0.18435660004615784, 56.011566162109375], [1, 0, 0, 0.2873901128768921, 0, 1, 8, 3, 10, 1, 0, 0, 0, 1, 1, 4, 0, 0, 0, 2, 0, 1.0, 0, 0, 1, 0, 0, 0, -43.675025939941406, 11.204437255859375], [1, 0, 0, 0.4906654357910156, 0, 1, 8, 3, 10, 1, 0, 0, 0, 1, 1, 4, 0, 0, 0, 2, 1, 1.0, 0, 0, 1, 0, 0, 0, -51.49790954589844, 3.3815536499023438], [1, 0, 1, 0.0, 1, 1, 8, 3, 10, 1, 0, 0, 0, 1, 1, 4, 0, 0, 0, 2, 1, 1.0, 0, 0, 1, 0, 0, 0, -45.732547760009766, 4.765312194824219], [1, 0, 0, 0.2873901128768921, 0, 1, 8, 3, 10, 1, 0, 0, 0, 1, 1, 4, 0, 0, 0, 2, 0, 1.0, 0, 0, 1, 0, 0, 0, -43.675025939941406, 2.0575218200683594], [1, 0, 1, 0.0, 0, 1, 8, 3, 10, 0, 0, 0, 0, 1, 1, 2, 0, 0, 0, 2, 0, 1.0, 0, 0, 2, 1, 0, 0, -0.18435660004615784, 50.31350326538086], [1, 0, 1, 0.2725485563278198, 0, 1, 7, 3, 9, 0, 0, 0, 0, 1, 1, 7, 0, 0, 0, 2, 0, 1.0, 0, 0, 2, 1, 0, 0, -0.18435660004615784, 49.575077056884766], [1, 0, 1, 0.2059127688407898, 0, 1, 8, 3, 10, 0, 0, 0, 0, 1, 1, 6, 0, 0, 0, 2, 0, 1.0, 0, 0, 2, 1, 0, 0, -0.18435660004615784, 60.290245056152344], [1, 0, 1, 0.0, 0, 1, 8, 3, 10, 0, 0, 0, 0, 1, 1, 5, 0, 0, 0, 2, 0, 1.0, 0, 0, 2, 1, 0, 0, -0.18435660004615784, 60.290245056152344], [0, 0, 0, 0.027684107422828674, 0, 1, 8, 3, 10, 0, 0, 0, 0, 1, 1, 4, 0, 0, 0, 2, 0, 1.0, 0, 0, 1, 0, 0, 0, -54.87946319580078, 0.0], [0, 0, 0, 0.009217575192451477, 0, 1, 8, 3, 10, 0, 0, 0, 0, 1, 1, 6, 0, 0, 0, 2, 0, 1.0, 0, 0, 1, 0, 0, 0, -50.497859954833984, 4.381603240966797], [0, 0, 0, 0.0, 0, 1, 8, 3, 10, 0, 0, 0, 0, 1, 1, 2, 0, 0, 0, 2, 0, 1.0, 0, 0, 1, 0, 0, 0, -43.675025939941406, 6.822834014892578], [1, 0, 1, 0.17265969514846802, 0, 1, 8, 3, 10, 0, 0, 0, 0, 1, 1, 6, 0, 0, 0, 2, 0, 1.0, 0, 0, 2, 1, 0, 0, -0.18435660004615784, 49.575077056884766], [1, 0, 1, 0.0, 0, 1, 8, 3, 10, 0, 0, 0, 0, 1, 1, 3, 0, 0, 0, 2, 0, 1.0, 0, 0, 2, 1, 0, 0, -0.18435660004615784, 50.31350326538086], [1, 0, 1, 0.1932103931903839, 0, 1, 8, 3, 10, 0, 0, 0, 0, 1, 1, 5, 0, 0, 0, 2, 0, 1.0, 0, 0, 2, 1, 0, 0, -0.18435660004615784, 54.695106506347656], [1, 0, 1, 0.0, 0, 1, 5, 3, 7, 0, 0, 0, 0, 1, 1, 5, 0, 0, 0, 2, 0, 1.0, 0, 0, 2, 1, 0, 0, -0.18435660004615784, 49.575077056884766], [1, 0, 1, 0.0, 0, 1, 6, 3, 8, 0, 0, 0, 0, 1, 1, 5, 0, 0, 0, 2, 0, 1.0, 0, 0, 2, 1, 0, 0, -0.18435660004615784, 49.57508087158203], [1, 0, 1, 0.30396950244903564, 0, 1, 8, 4, 11, 0, 0, 0, 0, 2, 1, 2, 0, 0, 0, 3, 0, 1.0, 0, 0, 2, 1, 0, 0, -0.18703067302703857, 0.0], [1, 0, 1, 0.0, 0, 1, 8, 4, 11, 1, 0, 0, 0, 2, 1, 3, 0, 0, 0, 3, 0, 1.0, 0, 0, 2, 1, 0, 0, -0.18703067302703857, 33.52189254760742], [1, 0, 1, 0.0, 0, 1, 8, 4, 11, 0, 0, 0, 0, 2, 1, 3, 0, 0, 0, 3, 0, 1.0, 0, 0, 2, 1, 0, 0, -0.18703067302703857, 37.677223205566406], [1, 0, 1, 0.20050925016403198, 0, 1, 5, 3, 7, 0, 0, 0, 0, 1, 1, 4, 0, 0, 0, 2, 0, 1.0, 0, 0, 2, 1, 0, 0, -0.18435660004615784, 56.214725494384766], [1, 0, 1, 0.20945316553115845, 0, 1, 8, 3, 10, 0, 0, 0, 0, 1, 1, 6, 0, 0, 0, 2, 0, 1.0, 0, 0, 2, 1, 0, 0, -0.18435660004615784, 60.290245056152344], [1, 0, 1, 0.0, 0, 1, 8, 4, 11, 0, 0, 0, 0, 2, 1, 4, 0, 0, 0, 3, 0, 1.0, 0, 0, 2, 1, 0, 0, -0.18703067302703857, 33.52189254760742], [1, 0, 1, 0.0, 0, 1, 8, 4, 11, 0, 0, 0, 0, 2, 1, 4, 0, 0, 0, 3, 0, 1.0, 0, 0, 2, 1, 0, 0, -0.18703067302703857, 33.52189254760742], [1, 0, 1, 0.0, 0, 1, 8, 4, 11, 0, 0, 0, 0, 2, 1, 6, 0, 0, 0, 3, 0, 1.0, 0, 0, 2, 1, 0, 0, -0.18703067302703857, 33.52189254760742], [1, 0, 1, 0.0, 0, 1, 3, 4, 6, 0, 0, 0, 0, 2, 1, 3, 0, 0, 0, 3, 0, 1.0, 0, 0, 2, 1, 0, 0, -0.18703067302703857, 33.52189254760742], [1, 0, 1, 0.0, 0, 1, 5, 4, 8, 0, 0, 0, 0, 2, 1, 5, 0, 0, 0, 3, 0, 1.0, 0, 0, 2, 1, 0, 0, -0.18703067302703857, 33.52189254760742], [0, 0, 0, 0.0, 0, 1, 6, 4, 9, 0, 0, 0, 0, 2, 1, 5, 0, 0, 0, 3, 0, 1.0, 0, 0, 1, 0, 0, 0, -33.70892333984375, 0.0], [0, 0, 0, 0.0, 0, 1, 7, 3, 9, 0, 0, 0, 0, 1, 1, 5, 0, 0, 0, 2, 0, 1.0, 0, 0, 1, 0, 0, 0, -48.46596145629883, 7.729961395263672], [1, 0, 1, 0.2516787052154541, 0, 1, 8, 3, 10, 0, 0, 0, 0, 1, 1, 6, 0, 0, 0, 2, 0, 1.0, 0, 0, 2, 1, 0, 0, -0.18435660004615784, 50.31350326538086], [1, 0, 0, 0.0, 0, 1, 8, 4, 11, 1, 0, 0, 0, 2, 1, 2, 0, 0, 0, 3, 0, 1.0, 0, 0, 2, 0, 0, 0, -34.30547332763672, 0.0], [1, 0, 0, 0.11023122072219849, 0, 1, 8, 4, 11, 1, 0, 0, 0, 2, 1, 5, 0, 0, 0, 3, 0, 1.0, 0, 0, 1, 0, 0, 0, -34.30547332763672, 0.0], [1, 0, 1, 0.0, 0, 1, 8, 4, 11, 0, 0, 0, 0, 2, 1, 4, 0, 0, 0, 3, 0, 1.0, 0, 0, 2, 1, 0, 0, -0.18703067302703857, 34.92471694946289], [1, 0, 0, 0.0, 0, 1, 8, 7, 14, 1, 0, 0, 0, 3, 2, 2, 0, 0, 0, 6, 0, 1.0, 0, 0, 1, 0, 0, 0, -52.320770263671875, 10.806400299072266], [1, 0, 0, 0.18657279014587402, 0, 1, 8, 7, 14, 1, 0, 1, 0, 4, 2, 3, 0, 0, 0, 6, 0, 1.0, 0, 0, 1, 0, 0, 0, -33.078617095947266, 13.631427764892578], [1, 0, 0, 0.18657279014587402, 0, 1, 8, 7, 14, 1, 0, 1, 0, 4, 2, 3, 0, 0, 0, 6, 0, 1.0, 0, 0, 1, 0, 0, 0, -33.078617095947266, 13.631427764892578], [0, 0, 0, 0.08323270082473755, 0, 1, 8, 7, 14, 1, 0, 1, 0, 4, 2, 2, 0, 0, 0, 6, 0, 1.0, 0, 0, 1, 0, 0, 0, -33.36216735839844, 13.284996032714844], [0, 0, 0, 0.08323270082473755, 0, 1, 8, 7, 14, 1, 0, 1, 0, 4, 2, 2, 0, 0, 0, 6, 0, 1.0, 0, 0, 1, 0, 0, 0, -33.36216735839844, 13.284996032714844], [1, 0, 1, 0.024515390396118164, 0, 1, 8, 7, 14, 0, 0, 0, 0, 3, 2, 2, 0, 0, 0, 6, 0, 1.0, 0, 0, 2, 1, 0, 0, -36.6288948059082, 27.606136322021484], [1, 0, 1, 0.28299009799957275, 0, 1, 7, 3, 9, 0, 0, 0, 0, 1, 1, 7, 0, 0, 0, 2, 0, 1.0, 0, 0, 2, 1, 0, 0, -0.18435660004615784, 49.57508087158203], [1, 0, 1, 0.0, 0, 1, 8, 3, 10, 0, 0, 0, 0, 1, 1, 6, 0, 0, 0, 2, 0, 1.0, 0, 0, 2, 1, 0, 0, -0.18435660004615784, 50.31350326538086], [0, 0, 0, 0.0, 0, 1, 8, 3, 10, 0, 0, 0, 0, 1, 1, 2, 0, 0, 0, 2, 0, 1.0, 0, 0, 1, 0, 0, 0, -43.675025939941406, 6.822834014892578], [1, 0, 1, 0.2013247013092041, 0, 1, 8, 3, 10, 0, 0, 0, 0, 1, 1, 6, 0, 0, 0, 2, 0, 1.0, 0, 0, 2, 1, 0, 0, -0.18435660004615784, 49.57508087158203], [1, 0, 1, 0.22335952520370483, 0, 1, 8, 4, 11, 0, 0, 0, 0, 2, 1, 3, 0, 0, 0, 3, 0, 1.0, 0, 0, 2, 1, 0, 0, -0.18703067302703857, 34.11844253540039], [1, 0, 1, 0.312850683927536, 0, 1, 3, 4, 6, 0, 0, 0, 0, 2, 1, 3, 0, 0, 0, 3, 0, 1.0, 0, 0, 2, 1, 0, 0, -0.18703067302703857, 34.11844253540039], [1, 0, 1, 0.0, 0, 1, 8, 4, 11, 0, 0, 0, 0, 2, 1, 2, 0, 0, 0, 3, 0, 1.0, 0, 0, 2, 1, 0, 0, -0.18703067302703857, 33.52189254760742], [1, 0, 0, 0.0, 0, 1, 8, 3, 10, 1, 1, 0, 0, 1, 1, 5, 0, 0, 0, 2, 0, 1.0, 0, 0, 1, 0, 0, 0, -48.47016906738281, 2.7360000610351562], [1, 0, 1, 0.0, 0, 1, 8, 3, 10, 0, 0, 0, 0, 1, 1, 2, 0, 0, 0, 2, 0, 1.0, 0, 0, 2, 1, 0, 0, -0.18435660004615784, 56.011566162109375], [1, 0, 1, 0.0, 0, 1, 2, 3, 4, 0, 0, 0, 0, 1, 1, 2, 0, 0, 0, 2, 0, 1.0, 0, 0, 2, 1, 0, 0, -0.18435660004615784, 0.0], [1, 0, 1, 0.0, 0, 1, 8, 3, 10, 0, 0, 0, 0, 1, 1, 2, 0, 0, 0, 2, 0, 1.0, 0, 0, 2, 1, 0, 0, -0.18435660004615784, 56.011566162109375], [1, 0, 1, 0.53310826420784, 0, 1, 6, 3, 8, 0, 0, 0, 0, 1, 1, 6, 0, 0, 0, 2, 0, 1.0, 0, 0, 2, 1, 0, 0, -0.18435660004615784, 49.575077056884766], [1, 0, 1, 0.0, 0, 1, 8, 3, 10, 0, 0, 0, 0, 1, 1, 5, 0, 0, 0, 2, 0, 1.0, 0, 0, 2, 1, 0, 0, -0.18435660004615784, 50.31350326538086], [1, 0, 1, 0.0, 1, 1, 8, 3, 10, 1, 0, 0, 0, 1, 1, 4, 0, 0, 0, 2, 1, 1.0, 0, 0, 1, 0, 0, 0, -45.732547760009766, 6.064247131347656], [1, 0, 0, 0.2873901128768921, 0, 1, 8, 3, 10, 1, 0, 0, 0, 1, 1, 4, 0, 0, 0, 2, 0, 1.0, 0, 0, 1, 0, 0, 0, -43.675025939941406, 2.0575218200683594], [0, 0, 0, 0.0, 0, 1, 7, 3, 9, 0, 0, 0, 0, 1, 1, 2, 0, 0, 0, 2, 0, 1.0, 0, 0, 1, 0, 0, 0, -48.46596145629883, 7.729957580566406], [1, 0, 1, 0.38705772161483765, 0, 1, 8, 3, 10, 0, 0, 0, 0, 1, 1, 6, 0, 0, 0, 2, 0, 1.0, 0, 0, 2, 1, 0, 0, -0.18435660004615784, 54.695106506347656], [0, 0, 0, 0.022878587245941162, 0, 1, 5, 3, 7, 1, 1, 0, 0, 1, 1, 5, 0, 0, 0, 2, 0, 1.0, 0, 0, 1, 0, 0, 0, -49.759437561035156, 0.0], [1, 0, 1, 0.0, 0, 1, 8, 3, 10, 0, 0, 0, 0, 1, 1, 2, 0, 0, 0, 2, 0, 1.0, 0, 0, 2, 1, 0, 0, -0.18435660004615784, 56.011566162109375], [1, 0, 1, 0.0, 0, 1, 8, 3, 10, 0, 0, 0, 0, 1, 1, 5, 0, 0, 0, 2, 0, 1.0, 0, 0, 2, 1, 0, 0, -0.18435660004615784, 50.31350326538086], [0, 0, 0, 0.0, 0, 1, 4, 3, 6, 0, 0, 0, 0, 1, 1, 4, 0, 0, 0, 2, 0, 1.0, 0, 0, 1, 0, 0, 0, -50.497859954833984, 4.381603240966797], [1, 0, 1, 0.13618683815002441, 0, 1, 6, 3, 8, 0, 0, 0, 0, 1, 1, 6, 0, 0, 0, 2, 0, 1.0, 0, 0, 2, 1, 0, 0, -0.18435660004615784, 49.57508087158203], [1, 0, 1, 0.31215423345565796, 0, 1, 8, 3, 10, 0, 0, 0, 0, 1, 1, 4, 0, 0, 0, 2, 0, 1.0, 0, 0, 2, 1, 0, 0, -0.18435660004615784, 49.57508087158203], [1, 0, 1, 0.0, 0, 1, 8, 5, 12, 0, 0, 0, 0, 3, 1, 3, 0, 0, 0, 4, 0, 1.0, 0, 0, 2, 1, 0, 0, -0.18790286779403687, 33.0643424987793], [0, 0, 0, 0.0, 0, 1, 8, 5, 12, 0, 0, 0, 0, 3, 1, 2, 0, 0, 0, 4, 0, 1.0, 0, 0, 1, 0, 0, 0, -32.600990295410156, 0.3670082092285156], [1, 0, 1, 0.0, 0, 1, 8, 5, 12, 0, 0, 0, 0, 3, 1, 3, 0, 0, 0, 4, 0, 1.0, 0, 0, 2, 1, 0, 0, -0.18790286779403687, 33.0643424987793], [0, 0, 0, 0.0, 0, 1, 8, 5, 12, 0, 0, 0, 0, 3, 1, 2, 0, 0, 0, 4, 0, 1.0, 0, 0, 1, 0, 0, 0, -32.600990295410156, 0.3670082092285156], [1, 0, 1, 0.2516787052154541, 0, 1, 8, 3, 10, 0, 0, 0, 0, 1, 1, 6, 0, 0, 0, 2, 0, 1.0, 0, 0, 2, 1, 0, 0, -0.18435660004615784, 49.575077056884766], [0, 0, 0, 0.02938017249107361, 0, 1, 8, 3, 10, 0, 0, 0, 0, 1, 1, 5, 0, 0, 0, 2, 0, 1.0, 0, 0, 1, 0, 0, 0, -49.75943374633789, 3.814697265625e-06], [0, 0, 0, 0.005817413330078125, 0, 1, 2, 3, 4, 0, 0, 0, 0, 1, 1, 1, 0, 0, 0, 2, 0, 1.0, 0, 0, 1, 0, 0, 0, -56.1959228515625, 0.0], [1, 0, 1, 0.0, 0, 1, 8, 3, 10, 0, 0, 0, 0, 1, 1, 6, 0, 0, 0, 2, 0, 1.0, 0, 0, 2, 1, 0, 0, -0.18435660004615784, 57.6625862121582], [1, 0, 0, 0.04855982959270477, 0, 0, 8, 3, 10, 1, 0, 0, 0, 1, 1, 2, 0, 0, 0, 2, 0, 1.0, 0, 0, 0, 0, 0, 0, -57.24878692626953, 0.0], [1, 0, 1, 0.0, 0, 1, 8, 3, 10, 0, 0, 0, 0, 1, 1, 5, 0, 0, 0, 2, 0, 1.0, 0, 0, 2, 1, 0, 0, -0.18435660004615784, 57.6625862121582], [0, 0, 0, 0.017068982124328613, 0, 1, 8, 12, 19, 1, 0, 1, 0, 7, 2, 3, 0, 0, 0, 11, 0, 1.0, 0, 0, 1, 0, 0, 0, -52.2098503112793, 0.4998321533203125], [0, 0, 0, 0.028491497039794922, 0, 1, 8, 12, 19, 1, 0, 1, 0, 7, 2, 3, 0, 0, 0, 11, 0, 1.0, 0, 0, 1, 0, 0, 0, -52.99627685546875, 0.5866317749023438], [0, 0, 0, 0.017068982124328613, 0, 1, 8, 12, 19, 1, 0, 1, 0, 7, 2, 3, 0, 0, 0, 11, 0, 1.0, 0, 0, 1, 0, 0, 0, -51.99063491821289, 0.49983978271484375], [0, 0, 0, 0.0, 0, 1, 8, 12, 19, 1, 0, 1, 0, 7, 2, 3, 0, 0, 0, 11, 0, 1.0, 0, 0, 1, 0, 0, 0, -53.00246047973633, 0.00177764892578125], [0, 0, 0, 0.0, 0, 1, 8, 12, 19, 0, 0, 1, 0, 7, 2, 4, 0, 0, 0, 11, 0, 1.0, 0, 0, 1, 0, 0, 0, -53.46691131591797, 1.3355560302734375], [0, 0, 0, 0.0, 0, 1, 8, 12, 19, 0, 0, 1, 0, 7, 2, 4, 0, 0, 0, 11, 0, 1.0, 0, 0, 1, 0, 0, 0, -53.46691131591797, 1.3355560302734375], [0, 0, 0, 0.0, 0, 1, 8, 12, 19, 1, 0, 1, 0, 7, 2, 3, 0, 0, 0, 11, 0, 1.0, 0, 0, 1, 0, 0, 0, -52.60844421386719, 0.07115936279296875], [1, 0, 1, 0.0, 0, 1, 8, 12, 19, 0, 0, 0, 0, 6, 2, 3, 0, 0, 0, 11, 0, 1.0, 0, 0, 2, 1, 0, 0, -45.192195892333984, 22.41988754272461], [1, 0, 1, 0.0, 0, 1, 8, 12, 19, 0, 0, 0, 0, 6, 2, 3, 0, 0, 0, 11, 0, 1.0, 0, 0, 2, 1, 0, 0, -45.192195892333984, 22.41988754272461], [0, 0, 0, 0.028491497039794922, 0, 1, 8, 12, 19, 1, 1, 1, 0, 7, 2, 3, 0, 0, 0, 11, 0, 1.0, 0, 0, 1, 0, 0, 0, -52.07870101928711, 0.5866622924804688], [0, 0, 0, 0.0, 0, 1, 8, 12, 19, 0, 0, 0, 0, 6, 2, 3, 0, 0, 0, 11, 0, 1.0, 0, 0, 1, 0, 0, 0, -62.4504508972168, 0.5885047912597656], [0, 0, 0, 0.0, 0, 1, 8, 5, 12, 0, 0, 0, 0, 3, 1, 2, 0, 0, 0, 4, 0, 1.0, 0, 0, 1, 0, 0, 0, -32.600990295410156, 0.0], [1, 0, 1, 0.0, 0, 1, 8, 5, 12, 0, 0, 0, 0, 3, 1, 3, 0, 0, 0, 4, 0, 1.0, 0, 0, 2, 1, 0, 0, -0.18790286779403687, 32.4130859375], [1, 0, 1, 0.0, 0, 1, 8, 5, 12, 0, 0, 0, 0, 3, 1, 3, 0, 0, 0, 4, 0, 1.0, 0, 0, 2, 1, 0, 0, -0.18790286779403687, 32.4130859375], [1, 0, 1, 0.0, 0, 1, 8, 5, 12, 0, 0, 0, 0, 3, 1, 3, 0, 0, 0, 4, 0, 1.0, 0, 0, 2, 1, 0, 0, -0.18790286779403687, 32.4130859375], [1, 0, 1, 0.0, 0, 1, 6, 3, 8, 0, 0, 0, 0, 1, 1, 5, 0, 0, 0, 2, 0, 1.0, 0, 0, 2, 1, 0, 0, -0.18435660004615784, 55.20542907714844], [1, 0, 1, 0.27682065963745117, 0, 1, 4, 3, 6, 0, 0, 0, 0, 1, 1, 4, 0, 0, 0, 2, 0, 1.0, 0, 0, 2, 1, 0, 0, -0.18435660004615784, 55.20542907714844], [1, 0, 0, 0.0, 0, 1, 8, 3, 10, 1, 0, 0, 0, 1, 1, 2, 0, 0, 0, 2, 0, 1.0, 0, 0, 1, 0, 0, 0, -43.675025939941406, 6.822834014892578], [1, 0, 0, 0.0, 0, 1, 8, 3, 10, 1, 1, 0, 0, 1, 1, 5, 0, 0, 0, 2, 0, 1.0, 0, 0, 1, 0, 0, 0, -48.46596145629883, 2.0318984985351562], [0, 0, 0, 0.0, 0, 1, 8, 3, 10, 0, 0, 0, 0, 1, 1, 2, 0, 0, 0, 2, 0, 1.0, 0, 0, 1, 0, 0, 0, -43.675025939941406, 6.822834014892578], [0, 0, 0, 0.0, 0, 1, 3, 3, 5, 0, 0, 0, 0, 1, 1, 2, 0, 0, 0, 2, 0, 1.0, 0, 0, 1, 0, 0, 0, -43.675025939941406, 6.822834014892578], [1, 0, 1, 0.8024555444717407, 0, 1, 7, 3, 9, 0, 0, 0, 0, 1, 1, 4, 0, 0, 0, 2, 0, 1.0, 0, 0, 2, 1, 0, 0, -0.18435660004615784, 49.57508087158203], [1, 0, 0, 0.5471393764019012, 0, 0, 8, 3, 10, 0, 0, 0, 0, 1, 1, 3, 0, 0, 0, 2, 0, 1.0, 0, 0, 0, 1, 0, 0, -57.24878692626953, 0.0], [1, 0, 1, 0.0, 0, 1, 8, 3, 10, 0, 0, 0, 0, 1, 1, 2, 0, 0, 0, 2, 0, 1.0, 0, 0, 2, 1, 0, 0, -0.18435660004615784, 50.31350326538086], [0, 0, 0, 0.0, 0, 1, 8, 3, 10, 0, 1, 0, 0, 1, 1, 2, 0, 0, 0, 2, 0, 1.0, 0, 0, 1, 0, 0, 0, -43.675025939941406, 6.822834014892578], [1, 0, 0, 0.0, 0, 1, 8, 3, 10, 0, 0, 0, 0, 1, 1, 2, 0, 0, 0, 2, 0, 1.0, 0, 0, 1, 0, 0, 0, -43.675025939941406, 6.822834014892578], [1, 0, 0, 0.0, 0, 1, 8, 3, 10, 0, 0, 0, 0, 1, 1, 2, 0, 0, 0, 2, 0, 1.0, 0, 0, 1, 0, 0, 0, -48.46596145629883, 2.0318984985351562], [0, 0, 0, 0.0, 0, 1, 3, 3, 5, 0, 0, 0, 0, 1, 1, 2, 0, 0, 0, 2, 0, 1.0, 0, 0, 1, 0, 0, 0, -43.675025939941406, 6.822834014892578], [1, 0, 1, 0.4658605605363846, 0, 1, 8, 3, 10, 0, 0, 0, 0, 1, 1, 5, 0, 0, 0, 2, 0, 1.0, 0, 0, 2, 1, 0, 0, -0.18435660004615784, 0.0], [0, 0, 0, 0.0, 0, 1, 8, 3, 10, 0, 0, 0, 0, 1, 1, 2, 0, 0, 0, 2, 0, 1.0, 0, 0, 1, 0, 0, 0, -48.46596145629883, 3.878246307373047], [1, 0, 0, 0.0, 0, 1, 6, 3, 8, 1, 0, 0, 0, 1, 1, 4, 0, 0, 0, 2, 0, 1.0, 0, 0, 1, 0, 0, 0, -48.46596145629883, 6.413501739501953], [1, 0, 1, 0.0, 0, 1, 8, 3, 10, 0, 0, 0, 0, 1, 1, 2, 0, 0, 0, 2, 0, 1.0, 0, 0, 2, 1, 0, 0, -0.18435660004615784, 50.31350326538086], [0, 0, 0, 0.0, 0, 1, 8, 3, 10, 0, 0, 0, 0, 1, 1, 2, 0, 0, 0, 2, 0, 1.0, 0, 0, 1, 0, 0, 0, -43.675025939941406, 6.822834014892578], [0, 0, 0, 1.1920928955078125e-07, 0, 1, 7, 3, 9, 0, 0, 0, 0, 1, 1, 2, 0, 0, 0, 2, 0, 1.0, 0, 0, 1, 0, 0, 0, -48.46596145629883, 7.729961395263672], [0, 0, 0, 0.1132664680480957, 0, 1, 7, 3, 9, 0, 0, 0, 0, 1, 1, 5, 0, 0, 0, 2, 0, 1.0, 0, 0, 1, 0, 0, 0, -49.800235748291016, 5.079227447509766], [1, 0, 1, 0.17850732803344727, 0, 1, 8, 3, 10, 0, 0, 0, 0, 1, 1, 6, 0, 0, 0, 2, 0, 1.0, 0, 0, 2, 1, 0, 0, -0.18435660004615784, 49.57508087158203], [1, 0, 1, 0.017882734537124634, 0, 1, 8, 3, 10, 0, 0, 0, 0, 1, 1, 6, 0, 0, 0, 2, 0, 1.0, 0, 0, 2, 1, 0, 0, -0.18435660004615784, 49.57508087158203], [1, 0, 1, 0.0, 0, 1, 8, 3, 10, 0, 0, 0, 0, 1, 1, 3, 0, 0, 0, 2, 0, 1.0, 0, 0, 2, 1, 0, 0, -0.18435660004615784, 56.011566162109375], [1, 0, 0, 0.0, 0, 1, 8, 3, 10, 0, 0, 0, 0, 1, 1, 3, 0, 0, 0, 2, 0, 1.0, 0, 0, 1, 0, 0, 0, -43.675025939941406, 6.822834014892578], [1, 0, 1, 0.08293408155441284, 0, 1, 8, 3, 10, 0, 0, 0, 0, 1, 1, 7, 0, 0, 0, 2, 0, 1.0, 0, 0, 2, 1, 0, 0, -0.18435660004615784, 49.57508087158203], [1, 0, 1, 0.0, 0, 1, 8, 3, 10, 0, 0, 0, 0, 1, 1, 2, 0, 0, 0, 2, 0, 1.0, 0, 0, 2, 1, 0, 0, -0.18435660004615784, 50.31350326538086], [0, 0, 0, 0.3043444752693176, 0, 1, 3, 5, 7, 0, 0, 0, 0, 3, 1, 3, 0, 0, 0, 4, 0, 1.0, 0, 0, 1, 0, 0, 0, -35.08116149902344, 0.0], [0, 0, 0, 0.04262799024581909, 0, 1, 8, 5, 12, 0, 0, 0, 0, 3, 1, 4, 0, 0, 0, 4, 0, 0.5, 0, 0, 1, 0, 0, 0, -36.13742446899414, 0.0], [0, 0, 0, 0.3607633411884308, 0, 1, 3, 5, 7, 0, 0, 0, 0, 3, 1, 3, 0, 0, 0, 4, 0, 1.0, 0, 0, 1, 0, 0, 0, -35.076873779296875, 0.0], [0, 0, 0, 0.3074774742126465, 0, 1, 3, 5, 7, 0, 0, 0, 0, 3, 1, 3, 0, 0, 0, 4, 0, 1.0, 0, 0, 1, 0, 0, 0, -35.076873779296875, 0.0], [0, 0, 0, 0.0, 0, 1, 8, 5, 12, 0, 0, 0, 0, 3, 1, 2, 0, 0, 0, 4, 0, 1.0, 0, 0, 2, 0, 0, 0, -32.600990295410156, 0.0], [0, 0, 0, 0.00022783875465393066, 0, 1, 8, 5, 12, 0, 0, 0, 0, 3, 1, 5, 0, 0, 0, 4, 0, 1.0, 0, 0, 1, 0, 0, 0, -32.082679748535156, 0.0], [0, 0, 0, 0.0, 0, 1, 8, 5, 12, 0, 0, 0, 0, 3, 1, 3, 0, 0, 0, 4, 0, 1.0, 0, 0, 2, 0, 0, 0, -32.600990295410156, 0.0], [0, 0, 0, 0.0, 0, 1, 8, 5, 12, 0, 0, 0, 0, 3, 1, 3, 0, 0, 0, 4, 0, 1.0, 0, 0, 2, 0, 0, 0, -32.600990295410156, 0.0], [1, 0, 1, 0.0, 0, 1, 2, 3, 4, 0, 0, 0, 0, 1, 1, 2, 0, 0, 0, 2, 0, 1.0, 0, 0, 2, 1, 0, 0, -0.18435660004615784, 54.695106506347656], [1, 0, 1, 0.0, 0, 1, 8, 3, 10, 0, 0, 0, 0, 1, 1, 4, 0, 0, 0, 2, 0, 1.0, 0, 0, 2, 1, 0, 0, -0.18435660004615784, 51.02180862426758], [1, 0, 1, 0.14558783173561096, 0, 1, 8, 3, 10, 0, 0, 0, 0, 1, 1, 5, 0, 0, 0, 2, 0, 1.0, 0, 0, 2, 1, 0, 0, -0.18435660004615784, 54.695106506347656], [1, 0, 1, 0.04132562875747681, 0, 1, 7, 3, 9, 0, 0, 0, 0, 1, 1, 4, 0, 0, 0, 2, 0, 1.0, 0, 0, 2, 1, 0, 0, -0.18435660004615784, 54.695106506347656]], "_pair": [], "_cons": []}
{
  "overall": "DERIVATION_NO",
  "gates": {
    "G_arc_enc_frozen": true,
    "G_ink_verified": true,
    "G_task_exists": true,
    "G_exact_algebra_matches_tape": true,
    "G_lookup_beats_floor": false,
    "G_lookup_beats_counts_paired": false,
    "G_lookup_beats_retrieval_paired": false,
    "G_phi_orders_negatives": false
  },
  "lookup": {},
  "paired": {
    "model_only_right": 0,
    "rival_only_right": 0,
    "discordant": 0,
    "mcnemar_z": NaN
  },
  "ladder": {
    "n_questions": 0,
    "pairs": 0,
    "concordant": 0,
    "ties_excluded": 0,
    "import_budget_zero_rate": 0.0,
    "import_budget_mean": 0.0,
    "concordance": NaN,
    "z_vs_half": NaN,
    "mean_phi": {
      "true": NaN,
      "near": NaN,
      "middle": NaN,
      "far": NaN
    }
  }
}
