Stage289 derivation start 2026-08-16T17:59:21.877466+00:00 device=cpu holdout=corpus
  corpus data\_stage254_news.txt
  lines: train 2664, eval 1142 (the probe reserves ANCHORS, not lines - see `reserved`)
  word rule matches stage194: True  (rule=ascii, fp=hash, ink=mean)
  hash ink deterministic and digest-faithful: True  {'anagram_cos': -0.0135, 'perm_fixed_points': 1}
  tape: 1500 addresses, 6603 slots | questions {"cons": 2000} | params 5633
  node vector 9 wide, matches the body
  ladder coverage: 0/0 lookup questions have all three rungs; the rest train on the task term alone
  probe pack: 1687 reserved addresses (12s to build)
  probe tape: 0 lookup questions, never trained on; 0 graphs cached (1 view(s)/question) in 0s
  probe eval: 0.00s x 4 = 0.0 min added to this run
  step 500/4000 train=0.7035 probe=nan
  step 1000/4000 train=0.5629 probe=nan
  step 1500/4000 train=0.5306 probe=nan
  step 2000/4000 train=0.5521 probe=nan
  step 2500/4000 train=0.5895 probe=nan
  step 3000/4000 train=0.6395 probe=nan
  step 3500/4000 train=0.5961 probe=nan
  step 4000/4000 train=0.5485 probe=nan
  CONS {"lenses": 6, "topm": 8, "reach_k": 8, "held_out": {"n": 2000, "n_beyond_own": 1757, "mean_lenses": 3.832, "constrain_rate": 0.003, "hit_rate": 0.036, "own_hit_rate": 0.1215, "answerable": 0.044, "present_topm": 0.145, "walk_answerable": 0.127, "reads_constraint": 1.0, "reads_walk": 8.0, "beyond_own": {"hit": 0.0, "rare": 0.009675583380762664, "frequent": 0.01707455890722823, "decisive": 0.012521343198634035, "vs_decisive": {"mind_only": 0, "rival_only": 22, "n": 1757, "mcnemar_z": -4.69041575982343}, "vs_rare": {"mind_only": 0, "rival_only": 17, "n": 1757, "mcnemar_z": -4.123105625617661}, "vs_walk_rival": {"mind_only": 0, "rival_only": 5, "n": 1757, "mcnemar_z": -2.23606797749979}}, "chosen_share_when_constrained": 0.13224186583634692}, "train_control": {"n": 2000, "n_beyond_own": 1733, "mean_lenses": 3.73, "constrain_rate": 0.0045, "hit_rate": 0.037, "own_hit_rate": 0.1335, "answerable": 0.0445, "present_topm": 0.126, "walk_answerable": 0.136, "reads_constraint": 1.0, "reads_walk": 8.0, "beyond_own": {"hit": 0.0, "rare": 0.017311021350259664, "frequent": 0.019619157530294286, "decisive": 0.02308136180034622, "vs_decisive": {"mind_only": 0, "rival_only": 40, "n": 1733, "mcnemar_z": -6.324555320336758}, "vs_rare": {"mind_only": 0, "rival_only": 30, "n": 1733, "mcnemar_z": -5.477225575051661}, "vs_walk_rival": {"mind_only": 0, "rival_only": 9, "n": 1733, "mcnemar_z": -3.0}}, "chosen_share_when_constrained": 0.41870468351949836}}
  HELD {"lookup_paired_vs_rival": {"model_only_right": 0, "rival_only_right": 0, "discordant": 0, "mcnemar_z": NaN}, "lookup_paired_vs_rival_cos": {"n": 0, "model_only_right": 0, "rival_only_right": 0, "discordant": 0, "mcnemar_z": NaN, "max_achievable_z": 0.0, "underpowered": true}, "lookup_paired_vs_rival_cos_by_margin": {"median_margin": NaN, "low_margin": {"n": 0, "model_only_right": 0, "rival_only_right": 0, "discordant": 0, "mcnemar_z": NaN, "max_achievable_z": 0.0, "underpowered": true}, "high_margin": {"n": 0, "model_only_right": 0, "rival_only_right": 0, "discordant": 0, "mcnemar_z": NaN, "max_achievable_z": 0.0, "underpowered": true}}, "ladder": {"n_questions": 0, "pairs": 0, "concordant": 0, "ties_excluded": 0, "import_budget_zero_rate": 0.0, "import_budget_mean": 0.0, "concordance": NaN, "z_vs_half": NaN, "mean_phi": {"true": NaN, "near": NaN, "middle": NaN, "far": NaN}}, "exact_mismatches": 0, "confusion": {}, "_mixed": [], "_reach": [], "_pair": [], "_cons": [[0, 0, 1, 0, 0, 0, -1, 0, 0, 0, 0, 0.0, 0, 0, 0], [0, 0, 5, 0, 0, 0, -1, 0, 0, 0, 0, 0.0, 0, 0, 0], [0, 0, 1, 0, 0, 0, -1, 0, 0, 0, 0, 0.0, 0, 0, 0], [0, 0, 6, 0, 0, 0, -1, 0, 0, 0, 0, 0.0, 0, 0, 0], [0, 0, 1, 0, 0, 0, -1, 0, 0, 0, 0, 0.0, 0, 0, 0], [0, 0, 6, 0, 0, 0, -1, 0, 0, 0, 0, 0.0, 0, 0, 0], [0, 0, 6, 0, 0, 0, -1, 0, 0, 0, 1, 0.0, 0, 0, 0], [0, 1, 2, 0, 0, 0, -1, 0, 0, 0, 0, 0.0, 0, 1, 1], [0, 0, 2, 0, 0, 0, -1, 0, 0, 0, 0, 0.0, 0, 0, 0], [0, 0, 6, 0, 0, 0, -1, 0, 0, 0, 0, 0.0, 0, 0, 0], [0, 0, 2, 0, 0, 0, -1, 0, 0, 0, 0, 0.0, 0, 1, 0], [0, 0, 3, 0, 0, 0, -1, 0, 0, 0, 0, 0.0, 0, 0, 0], [1, 0, 6, 0, 0, 0, -1, 0, 0, 0, 1, 0.0, 0, 0, 0], [0, 0, 6, 0, 0, 0, -1, 0, 0, 0, 0, 0.0, 0, 0, 0], [0, 1, 6, 0, 0, 0, -1, 0, 0, 0, 0, 0.0, 0, 1, 1], [0, 0, 1, 0, 0, 0, -1, 0, 0, 0, 0, 0.0, 0, 0, 0], [0, 0, 1, 0, 0, 0, -1, 0, 0, 0, 0, 0.0, 0, 0, 0], [0, 1, 6, 0, 0, 0, -1, 0, 0, 0, 1, 0.0, 0, 1, 0], [0, 0, 1, 0, 0, 0, -1, 0, 0, 0, 0, 0.0, 0, 0, 0], [0, 0, 6, 0, 0, 0, -1, 0, 0, 0, 0, 0.0, 0, 0, 0], [0, 1, 6, 0, 0, 0, -1, 0, 0, 0, 0, 0.0, 0, 1, 0], [0, 0, 1, 0, 0, 0, -1, 0, 0, 0, 1, 0.0, 0, 0, 0], [1, 1, 6, 0, 0, 0, -1, 0, 1, 0, 1, 0.0, 0, 1, 0], [0, 0, 6, 0, 0, 0, -1, 0, 0, 0, 0, 0.0, 0, 0, 0], [0, 0, 6, 0, 0, 0, -1, 0, 0, 0, 0, 0.0, 0, 0, 0], [0, 0, 2, 0, 0, 0, -1, 0, 0, 0, 0, 0.0, 0, 0, 0], [0, 0, 6, 0, 0, 0, -1, 0, 0, 0, 0, 0.0, 0, 0, 0], [1, 1, 6, 0, 0, 0, -1, 0, 1, 0, 1, 0.0, 0, 1, 1], [0, 0, 6, 0, 0, 0, -1, 0, 0, 0, 0, 0.0, 0, 0, 0], [0, 0, 4, 0, 0, 0, -1, 0, 0, 0, 0, 0.0, 0, 0, 0], [0, 0, 6, 0, 0, 0, -1, 0, 0, 0, 0, 0.0, 0, 0, 0], [0, 0, 1, 0, 0, 0, -1, 0, 0, 0, 0, 0.0, 0, 0, 0], [0, 0, 6, 0, 0, 0, -1, 0, 0, 0, 0, 0.0, 0, 0, 0], [0, 0, 1, 0, 0, 0, -1, 0, 0, 0, 0, 0.0, 0, 0, 0], [0, 0, 6, 0, 0, 0, -1, 0, 0, 0, 0, 0.0, 0, 0, 0], [0, 0, 2, 0, 0, 0, -1, 0, 0, 0, 0, 0.0, 0, 0, 0], [0, 0, 6, 0, 0, 0, -1, 0, 0, 0, 0, 0.0, 0, 0, 0], [0, 0, 5, 0, 0, 0, -1, 0, 0, 0, 0, 0.0, 0, 0, 0], [0, 0, 2, 0, 0, 0, -1, 0, 0, 0, 0, 0.0, 0, 0, 0], [0, 0, 3, 0, 0, 0, -1, 0, 0, 0, 0, 0.0, 0, 0, 0], [0, 0, 6, 0, 0, 0, -1, 0, 0, 0, 0, 0.0, 0, 0, 0], [0, 0, 6, 0, 0, 0, -1, 0, 0, 0, 0, 0.0, 0, 0, 0], [0, 0, 1, 0, 0, 0, -1, 0, 0, 0, 0, 0.0, 0, 0, 0], [0, 0, 6, 0, 0, 0, -1, 0, 0, 0, 1, 0.0, 0, 0, 0], [0, 0, 4, 0, 0, 0, -1, 0, 0, 0, 0, 0.0, 0, 0, 0], [0, 0, 1, 0, 0, 0, -1, 0, 0, 0, 0, 0.0, 0, 0, 0], [0, 0, 1, 0, 0, 0, -1, 0, 0, 0, 0, 0.0, 0, 0, 0], [0, 1, 6, 0, 0, 0, -1, 0, 0, 0, 0, 0.0, 0, 0, 0], [0, 0, 3, 0, 0, 0, -1, 0, 0, 0, 0, 0.0, 0, 0, 0], [0, 0, 6, 0, 0, 0, -1, 0, 0, 0, 0, 0.0, 0, 0, 0], [0, 0, 2, 0, 0, 0, -1, 0, 0, 0, 0, 0.0, 0, 0, 0], [0, 0, 4, 0, 0, 0, -1, 0, 0, 0, 0, 0.0, 0, 0, 0], [0, 0, 6, 0, 0, 0, -1, 0, 0, 0, 0, 0.0, 0, 0, 0], [0, 0, 2, 0, 0, 0, -1, 0, 0, 0, 0, 0.0, 0, 0, 0], [0, 0, 6, 0, 0, 0, -1, 0, 0, 0, 0, 0.0, 0, 0, 0], [0, 0, 6, 0, 0, 0, -1, 0, 0, 0, 0, 0.0, 0, 0, 0], [0, 1, 5, 0, 0, 0, -1, 0, 0, 0, 1, 0.0, 0, 1, 1], [0, 0, 1, 0, 0, 0, -1, 0, 0, 0, 0, 0.0, 0, 0, 0], [0, 0, 6, 0, 0, 0, -1, 0, 0, 0, 0, 0.0, 0, 0, 0], [1, 0, 6, 0, 0, 0, -1, 0, 0, 0, 1, 0.0, 0, 0, 0], [0, 0, 2, 0, 0, 0, -1, 0, 0, 0, 0, 0.0, 0, 0, 0], [0, 0, 6, 0, 0, 0, -1, 0, 0, 0, 0, 0.0, 0, 0, 0], [0, 0, 4, 0, 0, 0, -1, 0, 0, 0, 0, 0.0, 0, 0, 0], [0, 0, 6, 0, 0, 0, -1, 0, 0, 0, 0, 0.0, 0, 0, 0], [0, 0, 6, 0, 0, 0, -1, 0, 0, 0, 0, 0.0, 0, 0, 0], [0, 0, 6, 0, 0, 0, -1, 0, 0, 0, 0, 0.0, 0, 0, 0], [0, 0, 3, 0, 0, 0, -1, 0, 0, 0, 0, 0.0, 0, 0, 0], [0, 0, 1, 0, 0, 0, -1, 0, 0, 0, 0, 0.0, 0, 0, 0], [0, 0, 1, 0, 0, 0, -1, 0, 0, 0, 0, 0.0, 0, 0, 0], [0, 1, 6, 0, 0, 0, -1, 0, 0, 0, 1, 0.0, 0, 1, 0], [0, 0, 2, 0, 0, 0, -1, 0, 0, 0, 0, 0.0, 0, 0, 0], [0, 0, 1, 0, 0, 0, -1, 0, 0, 0, 1, 0.0, 0, 1, 0], [0, 0, 6, 0, 0, 0, -1, 0, 0, 0, 0, 0.0, 0, 0, 0], [0, 0, 5, 0, 0, 0, -1, 0, 0, 0, 0, 0.0, 0, 0, 0], [1, 0, 1, 0, 0, 0, -1, 1, 1, 1, 1, 0.0, 0, 1, 0], [0, 0, 6, 0, 0, 0, -1, 0, 0, 0, 0, 0.0, 0, 0, 0], [0, 0, 6, 0, 0, 0, -1, 0, 0, 0, 0, 0.0, 0, 0, 0], [0, 0, 3, 0, 0, 0, -1, 0, 0, 0, 1, 0.0, 0, 1, 0], [0, 0, 6, 0, 0, 0, -1, 0, 0, 0, 0, 0.0, 0, 0, 0], [0, 0, 6, 0, 0, 0, -1, 0, 0, 0, 0, 0.0, 0, 0, 0], [0, 0, 5, 0, 0, 0, -1, 0, 0, 0, 0, 0.0, 0, 0, 0], [1, 1, 6, 0, 0, 0, -1, 0, 0, 1, 1, 0.0, 0, 1, 1], [0, 0, 6, 0, 0, 0, -1, 0, 0, 0, 0, 0.0, 0, 0, 0], [0, 0, 6, 0, 0, 0, -1, 0, 0, 0, 0, 0.0, 0, 0, 0], [0, 0, 2, 0, 0, 0, -1, 0, 0, 0, 0, 0.0, 0, 0, 0], [0, 0, 6, 0, 0, 0, -1, 0, 0, 0, 0, 0.0, 0, 0, 0], [0, 0, 3, 0, 0, 0, -1, 0, 0, 0, 0, 0.0, 0, 0, 0], [0, 0, 6, 0, 0, 0, -1, 0, 0, 0, 0, 0.0, 0, 0, 0], [0, 0, 6, 0, 0, 0, -1, 0, 0, 0, 0, 0.0, 0, 0, 0], [1, 0, 3, 0, 0, 0, -1, 0, 1, 0, 1, 0.0, 0, 1, 0], [0, 0, 6, 0, 0, 0, -1, 0, 0, 0, 0, 0.0, 0, 0, 0], [0, 0, 1, 0, 0, 0, -1, 0, 0, 0, 0, 0.0, 0, 0, 0], [0, 0, 1, 0, 0, 0, -1, 0, 0, 0, 0, 0.0, 0, 0, 0], [0, 0, 1, 0, 0, 0, -1, 0, 0, 0, 0, 0.0, 0, 0, 0], [0, 0, 1, 0, 0, 0, -1, 0, 0, 0, 1, 0.0, 0, 0, 0], [0, 0, 6, 0, 0, 0, -1, 0, 0, 0, 0, 0.0, 0, 1, 1], [0, 0, 6, 0, 0, 0, -1, 0, 0, 0, 0, 0.0, 0, 0, 0], [0, 0, 4, 0, 0, 0, -1, 0, 0, 0, 0, 0.0, 0, 0, 0], [0, 0, 6, 0, 0, 0, -1, 0, 0, 0, 0, 0.0, 0, 0, 0], [0, 0, 1, 0, 0, 0, -1, 0, 0, 0, 0, 0.0, 0, 0, 0], [0, 0, 1, 0, 0, 0, -1, 0, 0, 0, 0, 0.0, 0, 0, 0], [0, 0, 3, 0, 0, 0, -1, 0, 0, 0, 0, 0.0, 0, 0, 0], [0, 1, 4, 0, 0, 0, -1, 0, 0, 0, 1, 0.0, 0, 1, 1], [0, 0, 6, 0, 0, 0, -1, 0, 0, 0, 0, 0.0, 0, 0, 0], [0, 0, 3, 0, 0, 0, -1, 0, 0, 0, 0, 0.0, 0, 0, 0], [1, 1, 6, 0, 1, 1, 2, 1, 0, 1, 1, 0.1935483870967742, 62, 1, 0], [0, 0, 1, 0, 0, 0, -1, 0, 0, 0, 0, 0.0, 0, 0, 0], [0, 0, 3, 0, 0, 0, -1, 0, 0, 0, 0, 0.0, 0, 0, 0], [0, 0, 6, 0, 0, 0, -1, 0, 0, 0, 0, 0.0, 0, 0, 0], [0, 0, 5, 0, 0, 0, -1, 0, 0, 0, 0, 0.0, 0, 0, 0], [0, 0, 1, 0, 0, 0, -1, 0, 0, 0, 0, 0.0, 0, 0, 0], [0, 1, 4, 0, 0, 0, -1, 0, 0, 0, 1, 0.0, 0, 1, 1], [0, 0, 6, 0, 0, 0, -1, 0, 0, 0, 0, 0.0, 0, 0, 0], [0, 1, 2, 0, 1, 0, -1, 0, 0, 0, 0, 0.0, 0, 1, 1], [0, 0, 6, 0, 0, 0, -1, 0, 0, 0, 0, 0.0, 0, 0, 0], [0, 0, 6, 0, 0, 0, -1, 0, 0, 0, 0, 0.0, 0, 0, 0], [0, 0, 1, 0, 0, 0, -1, 0, 0, 0, 0, 0.0, 0, 0, 0], [0, 0, 6, 0, 0, 0, -1, 0, 0, 0, 0, 0.0, 0, 0, 0], [0, 0, 1, 0, 0, 0, -1, 0, 0, 0, 0, 0.0, 0, 0, 0], [0, 0, 5, 0, 0, 0, -1, 0, 0, 0, 0, 0.0, 0, 0, 0], [0, 0, 3, 0, 0, 0, -1, 0, 0, 0, 1, 0.0, 0, 0, 0], [0, 0, 5, 0, 0, 0, -1, 0, 0, 0, 0, 0.0, 0, 0, 0], [1, 1, 5, 0, 0, 0, -1, 1, 0, 1, 1, 0.0, 0, 1, 0], [0, 0, 3, 0, 0, 0, -1, 0, 0, 0, 0, 0.0, 0, 0, 0], [0, 0, 2, 0, 0, 0, -1, 0, 0, 0, 0, 0.0, 0, 0, 0], [0, 0, 6, 0, 0, 0, -1, 0, 0, 0, 0, 0.0, 0, 0, 0], [0, 0, 6, 0, 0, 0, -1, 0, 0, 0, 0, 0.0, 0, 0, 0], [0, 0, 1, 0, 0, 0, -1, 0, 0, 0, 0, 0.0, 0, 0, 0], [0, 0, 1, 0, 0, 0, -1, 0, 0, 0, 0, 0.0, 0, 0, 0], [0, 0, 1, 0, 0, 0, -1, 0, 0, 0, 0, 0.0, 0, 0, 0], [0, 0, 1, 0, 0, 0, -1, 0, 0, 0, 0, 0.0, 0, 0, 0], [0, 0, 1, 0, 0, 0, -1, 0, 0, 0, 0, 0.0, 0, 0, 0], [0, 0, 6, 0, 0, 0, -1, 0, 0, 0, 0, 0.0, 0, 0, 0], [0, 0, 2, 0, 0, 0, -1, 0, 0, 0, 0, 0.0, 0, 0, 0], [0, 0, 6, 0, 0, 0, -1, 0, 0, 0, 0, 0.0, 0, 0, 0], [0, 0, 6, 0, 0, 0, -1, 0, 0, 0, 0, 0.0, 0, 0, 0], [0, 1, 2, 0, 1, 0, -1, 0, 0, 0, 0, 0.0, 0, 1, 1], [0, 0, 6, 0, 0, 0, -1, 0, 0, 0, 0, 0.0, 0, 0, 0], [0, 0, 6, 0, 0, 0, -1, 0, 0, 0, 0, 0.0, 0, 0, 0], [0, 0, 2, 0, 0, 0, -1, 0, 0, 0, 1, 0.0, 0, 0, 0], [0, 0, 6, 0, 0, 0, -1, 0, 0, 0, 0, 0.0, 0, 0, 0], [0, 0, 2, 0, 0, 0, -1, 0, 0, 0, 0, 0.0, 0, 0, 0], [0, 0, 6, 0, 0, 0, -1, 0, 0, 0, 0, 0.0, 0, 0, 0], [0, 0, 6, 0, 0, 0, -1, 0, 0, 0, 0, 0.0, 0, 0, 0], [0, 1, 2, 0, 1, 0, -1, 0, 0, 0, 0, 0.0, 0, 1, 1], [0, 0, 6, 0, 0, 0, -1, 0, 0, 0, 0, 0.0, 0, 0, 0], [0, 1, 2, 0, 1, 0, -1, 0, 0, 0, 0, 0.0, 0, 1, 1], [0, 1, 2, 0, 1, 0, -1, 0, 0, 0, 0, 0.0, 0, 0, 0], [0, 0, 1, 0, 0, 0, -1, 0, 0, 0, 0, 0.0, 0, 0, 0], [0, 0, 6, 0, 0, 0, -1, 0, 0, 0, 0, 0.0, 0, 0, 0], [0, 0, 1, 0, 0, 0, -1, 0, 0, 0, 0, 0.0, 0, 0, 0], [0, 0, 2, 0, 0, 0, -1, 0, 0, 0, 0, 0.0, 0, 0, 0], [0, 0, 6, 0, 0, 0, -1, 0, 0, 0, 0, 0.0, 0, 0, 0], [0, 0, 1, 0, 0, 0, -1, 0, 0, 0, 0, 0.0, 0, 0, 0], [0, 0, 2, 0, 0, 0, -1, 0, 0, 0, 1, 0.0, 0, 1, 0], [0, 0, 6, 0, 0, 0, -1, 0, 0, 0, 0, 0.0, 0, 0, 0], [0, 0, 6, 0, 0, 0, -1, 0, 0, 0, 0, 0.0, 0, 0, 0], [0, 1, 6, 0, 0, 0, -1, 0, 0, 0, 1, 0.0, 0, 1, 0], [0, 0, 5, 0, 0, 0, -1, 0, 0, 0, 0, 0.0, 0, 0, 0], [0, 0, 6, 0, 0, 0, -1, 0, 0, 0, 0, 0.0, 0, 0, 0], [0, 0, 6, 0, 0, 0, -1, 0, 0, 0, 0, 0.0, 0, 0, 0], [0, 0, 6, 0, 0, 0, -1, 0, 0, 0, 0, 0.0, 0, 0, 0], [0, 0, 5, 0, 0, 0, -1, 0, 0, 0, 0, 0.0, 0, 0, 0], [0, 1, 6, 0, 0, 0, -1, 0, 0, 0, 1, 0.0, 0, 1, 0], [0, 0, 6, 0, 0, 0, -1, 0, 0, 0, 0, 0.0, 0, 0, 0], [0, 0, 1, 0, 0, 0, -1, 0, 0, 0, 0, 0.0, 0, 0, 0], [0, 0, 6, 0, 0, 0, -1, 0, 0, 0, 0, 0.0, 0, 0, 0], [0, 1, 3, 0, 1, 0, -1, 0, 0, 0, 0, 0.0, 0, 0, 0], [0, 0, 6, 0, 0, 0, -1, 0, 0, 0, 0, 0.0, 0, 0, 0], [0, 0, 6, 0, 0, 0, -1, 0, 0, 0, 0, 0.0, 0, 0, 0], [0, 1, 2, 0, 0, 0, -1, 0, 0, 0, 0, 0.0, 0, 1, 1], [0, 0, 1, 0, 0, 0, -1, 0, 0, 0, 1, 0.0, 0, 0, 0], [0, 0, 1, 0, 0, 0, -1, 0, 0, 0, 0, 0.0, 0, 0, 0], [0, 0, 1, 0, 0, 0, -1, 0, 0, 0, 0, 0.0, 0, 0, 0], [0, 0, 4, 0, 0, 0, -1, 0, 0, 0, 0, 0.0, 0, 0, 0], [0, 0, 6, 0, 0, 0, -1, 0, 0, 0, 0, 0.0, 0, 0, 0], [0, 0, 5, 0, 0, 0, -1, 0, 0, 0, 0, 0.0, 0, 0, 0], [0, 0, 6, 0, 0, 0, -1, 0, 0, 0, 0, 0.0, 0, 0, 0], [0, 0, 6, 0, 0, 0, -1, 0, 0, 0, 0, 0.0, 0, 0, 0], [0, 0, 3, 0, 0, 0, -1, 0, 0, 0, 0, 0.0, 0, 0, 0], [0, 0, 1, 0, 0, 0, -1, 0, 0, 0, 0, 0.0, 0, 0, 0], [0, 0, 6, 0, 0, 0, -1, 0, 0, 0, 0, 0.0, 0, 0, 0], [0, 0, 1, 0, 0, 0, -1, 0, 0, 0, 0, 0.0, 0, 0, 0], [0, 0, 6, 0, 0, 0, -1, 0, 0, 0, 1, 0.0, 0, 0, 0], [0, 0, 1, 0, 0, 0, -1, 0, 0, 0, 1, 0.0, 0, 1, 0], [0, 0, 3, 0, 0, 0, -1, 0, 0, 0, 0, 0.0, 0, 0, 0], [0, 0, 6, 0, 0, 0, -1, 0, 0, 0, 0, 0.0, 0, 0, 0], [0, 0, 6, 0, 0, 0, -1, 0, 0, 0, 0, 0.0, 0, 0, 0], [0, 0, 6, 0, 0, 0, -1, 0, 0, 0, 0, 0.0, 0, 0, 0], [0, 0, 6, 0, 0, 0, -1, 0, 0, 0, 0, 0.0, 0, 0, 0], [0, 0, 6, 0, 0, 0, -1, 0, 0, 0, 0, 0.0, 0, 0, 0], [0, 0, 6, 0, 0, 0, -1, 0, 0, 0, 0, 0.0, 0, 0, 0], [0, 0, 6, 0, 0, 0, -1, 0, 0, 0, 0, 0.0, 0, 0, 0], [0, 0, 1, 0, 0, 0, -1, 0, 0, 0, 0, 0.0, 0, 0, 0], [0, 0, 3, 0, 0, 0, -1, 0, 0, 0, 0, 0.0, 0, 0, 0], [0, 0, 1, 0, 0, 0, -1, 0, 0, 0, 0, 0.0, 0, 0, 0], [0, 0, 6, 0, 0, 0, -1, 0, 0, 0, 0, 0.0, 0, 0, 0], [0, 0, 6, 0, 0, 0, -1, 0, 0, 0, 0, 0.0, 0, 0, 0], [0, 0, 1, 0, 0, 0, -1, 0, 0, 0, 0, 0.0, 0, 0, 0], [0, 0, 1, 0, 0, 0, -1, 0, 0, 0, 0, 0.0, 0, 0, 0], [0, 0, 1, 0, 0, 0, -1, 0, 0, 0, 1, 0.0, 0, 1, 0], [0, 0, 5, 0, 0, 0, -1, 0, 0, 0, 0, 0.0, 0, 0, 0], [0, 0, 1, 0, 0, 0, -1, 0, 0, 0, 0, 0.0, 0, 0, 0], [0, 0, 6, 0, 0, 0, -1, 0, 0, 0, 0, 0.0, 0, 0, 0], [0, 0, 2, 0, 0, 0, -1, 0, 0, 0, 0, 0.0, 0, 0, 0], [0, 0, 1, 0, 0, 0, -1, 0, 0, 0, 0, 0.0, 0, 0, 0], [0, 0, 2, 0, 0, 0, -1, 0, 0, 0, 0, 0.0, 0, 0, 0], [0, 0, 6, 0, 0, 0, -1, 0, 0, 0, 0, 0.0, 0, 0, 0], [0, 1, 4, 0, 0, 0, -1, 0, 0, 0, 0, 0.0, 0, 0, 0], [0, 0, 1, 0, 0, 0, -1, 0, 0, 0, 0, 0.0, 0, 0, 0], [0, 0, 3, 0, 0, 0, -1, 0, 0, 0, 0, 0.0, 0, 0, 0], [0, 0, 1, 0, 0, 0, -1, 0, 0, 0, 0, 0.0, 0, 0, 0], [0, 0, 6, 0, 0, 0, -1, 0, 0, 0, 0, 0.0, 0, 0, 0], [0, 0, 1, 0, 0, 0, -1, 0, 0, 0, 0, 0.0, 0, 0, 0], [0, 0, 6, 0, 0, 0, -1, 0, 0, 0, 0, 0.0, 0, 0, 0], [0, 0, 2, 0, 0, 0, -1, 0, 0, 0, 0, 0.0, 0, 0, 0], [0, 0, 6, 0, 0, 0, -1, 0, 0, 0, 0, 0.0, 0, 0, 0], [0, 0, 2, 0, 0, 0, -1, 0, 0, 0, 0, 0.0, 0, 0, 0], [0, 0, 6, 0, 0, 0, -1, 0, 0, 0, 0, 0.0, 0, 0, 0], [0, 0, 6, 0, 0, 0, -1, 0, 0, 0, 0, 0.0, 0, 0, 0], [0, 0, 6, 0, 0, 0, -1, 0, 0, 0, 0, 0.0, 0, 0, 0], [0, 0, 6, 0, 0, 0, -1, 0, 0, 0, 0, 0.0, 0, 0, 0], [0, 0, 6, 0, 0, 0, -1, 0, 0, 0, 0, 0.0, 0, 0, 0], [0, 0, 6, 0, 0, 0, -1, 0, 0, 0, 0, 0.0, 0, 0, 0], [0, 0, 6, 0, 0, 0, -1, 0, 0, 0, 0, 0.0, 0, 0, 0], [1, 1, 5, 0, 0, 0, -1, 0, 1, 0, 1, 0.0, 0, 1, 0], [0, 0, 1, 0, 0, 0, -1, 0, 0, 0, 0, 0.0, 0, 0, 0], [0, 0, 1, 0, 0, 0, -1, 0, 0, 0, 1, 0.0, 0, 0, 0], [0, 0, 1, 0, 0, 0, -1, 0, 0, 0, 0, 0.0, 0, 0, 0], [0, 1, 5, 0, 0, 0, -1, 0, 0, 0, 0, 0.0, 0, 0, 0], [0, 0, 3, 0, 0, 0, -1, 0, 0, 0, 0, 0.0, 0, 0, 0], [0, 0, 1, 0, 0, 0, -1, 0, 0, 0, 0, 0.0, 0, 0, 0], [0, 0, 6, 0, 0, 0, -1, 0, 0, 0, 0, 0.0, 0, 0, 0], [0, 0, 5, 0, 0, 0, -1, 0, 0, 0, 1, 0.0, 0, 1, 0], [0, 0, 6, 0, 0, 0, -1, 0, 0, 0, 1, 0.0, 0, 0, 0], [0, 0, 2, 0, 0, 0, -1, 0, 0, 0, 1, 0.0, 0, 0, 0], [1, 0, 1, 0, 0, 0, -1, 1, 1, 1, 1, 0.0, 0, 0, 0], [0, 0, 5, 0, 0, 0, -1, 0, 0, 0, 0, 0.0, 0, 0, 0], [0, 0, 1, 0, 0, 0, -1, 0, 0, 0, 0, 0.0, 0, 0, 0], [0, 0, 2, 0, 0, 0, -1, 0, 0, 0, 0, 0.0, 0, 0, 0], [0, 0, 1, 0, 0, 0, -1, 0, 0, 0, 0, 0.0, 0, 0, 0], [0, 0, 1, 0, 0, 0, -1, 0, 0, 0, 0, 0.0, 0, 0, 0], [0, 0, 1, 0, 0, 0, -1, 0, 0, 0, 0, 0.0, 0, 0, 0], [0, 0, 1, 0, 0, 0, -1, 0, 0, 0, 0, 0.0, 0, 0, 0], [0, 0, 1, 0, 0, 0, -1, 0, 0, 0, 0, 0.0, 0, 0, 0], [0, 0, 4, 0, 0, 0, -1, 0, 0, 0, 0, 0.0, 0, 0, 0], [0, 0, 6, 0, 0, 0, -1, 0, 0, 0, 0, 0.0, 0, 0, 0], [0, 0, 1, 0, 0, 0, -1, 0, 0, 0, 0, 0.0, 0, 0, 0], [0, 0, 1, 0, 0, 0, -1, 0, 0, 0, 0, 0.0, 0, 0, 0], [0, 0, 1, 0, 0, 0, -1, 0, 0, 0, 0, 0.0, 0, 0, 0], [0, 1, 2, 0, 1, 0, -1, 0, 0, 0, 1, 0.0, 0, 1, 1], [0, 0, 6, 0, 0, 0, -1, 0, 0, 0, 0, 0.0, 0, 0, 0], [0, 0, 6, 0, 0, 0, -1, 0, 0, 0, 0, 0.0, 0, 0, 0], [0, 0, 6, 0, 0, 0, -1, 0, 0, 0, 0, 0.0, 0, 0, 0], [0, 0, 6, 0, 0, 0, -1, 0, 0, 0, 0, 0.0, 0, 1, 1], [0, 0, 3, 0, 0, 0, -1, 0, 0, 0, 0, 0.0, 0, 0, 0], [0, 0, 4, 0, 0, 0, -1, 0, 0, 0, 0, 0.0, 0, 0, 0], [0, 0, 4, 0, 0, 0, -1, 0, 0, 0, 0, 0.0, 0, 0, 0], [0, 0, 6, 0, 0, 0, -1, 0, 0, 0, 1, 0.0, 0, 0, 0], [0, 0, 1, 0, 0, 0, -1, 0, 0, 0, 0, 0.0, 0, 0, 0], [0, 0, 4, 0, 0, 0, -1, 0, 0, 0, 0, 0.0, 0, 1, 0], [0, 0, 6, 0, 0, 0, -1, 0, 0, 0, 0, 0.0, 0, 0, 0], [0, 0, 6, 0, 0, 0, -1, 0, 0, 0, 0, 0.0, 0, 0, 0], [0, 0, 6, 0, 0, 0, -1, 0, 0, 0, 0, 0.0, 0, 0, 0], [0, 0, 3, 0, 0, 0, -1, 0, 0, 0, 0, 0.0, 0, 0, 0], [0, 0, 1, 0, 0, 0, -1, 0, 0, 0, 0, 0.0, 0, 0, 0], [0, 0, 6, 0, 0, 0, -1, 0, 0, 0, 0, 0.0, 0, 0, 0], [0, 0, 4, 0, 0, 0, -1, 0, 0, 0, 0, 0.0, 0, 0, 0], [0, 0, 6, 0, 0, 0, -1, 0, 0, 0, 0, 0.0, 0, 0, 0], [0, 0, 6, 0, 0, 0, -1, 0, 0, 0, 0, 0.0, 0, 0, 0], [0, 0, 1, 0, 0, 0, -1, 0, 0, 0, 0, 0.0, 0, 0, 0], [0, 0, 2, 0, 0, 0, -1, 0, 0, 0, 0, 0.0, 0, 0, 0], [0, 0, 1, 0, 0, 0, -1, 0, 0, 0, 0, 0.0, 0, 0, 0], [1, 0, 1, 0, 0, 0, -1, 1, 1, 1, 1, 0.0, 0, 0, 0], [0, 0, 2, 0, 0, 0, -1, 0, 0, 0, 0, 0.0, 0, 0, 0], [0, 0, 6, 0, 0, 0, -1, 0, 0, 0, 0, 0.0, 0, 0, 0], [0, 1, 6, 0, 0, 0, -1, 0, 0, 0, 0, 0.0, 0, 0, 0], [1, 0, 4, 0, 0, 0, -1, 0, 1, 0, 1, 0.0, 0, 1, 0], [0, 0, 1, 0, 0, 0, -1, 0, 0, 0, 0, 0.0, 0, 0, 0], [0, 0, 1, 0, 0, 0, -1, 0, 0, 0, 0, 0.0, 0, 0, 0], [0, 1, 2, 0, 1, 0, -1, 0, 0, 0, 0, 0.0, 0, 0, 0], [0, 0, 1, 0, 0, 0, -1, 0, 0, 0, 0, 0.0, 0, 0, 0], [0, 0, 2, 0, 0, 0, -1, 0, 0, 0, 0, 0.0, 0, 0, 0], [0, 0, 1, 0, 0, 0, -1, 0, 0, 0, 0, 0.0, 0, 0, 0], [0, 0, 5, 0, 0, 0, -1, 0, 0, 0, 1, 0.0, 0, 0, 0], [0, 0, 6, 0, 0, 0, -1, 0, 0, 0, 0, 0.0, 0, 0, 0], [0, 0, 6, 0, 0, 0, -1, 0, 0, 0, 0, 0.0, 0, 0, 0], [0, 1, 6, 0, 0, 0, -1, 0, 0, 0, 1, 0.0, 0, 1, 0], [0, 0, 4, 0, 0, 0, -1, 0, 0, 0, 0, 0.0, 0, 0, 0], [0, 1, 2, 0, 1, 0, -1, 0, 0, 0, 0, 0.0, 0, 1, 1], [0, 0, 1, 0, 0, 0, -1, 0, 0, 0, 0, 0.0, 0, 0, 0], [0, 0, 1, 0, 0, 0, -1, 0, 0, 0, 0, 0.0, 0, 0, 0], [1, 0, 1, 0, 0, 0, -1, 1, 1, 1, 1, 0.0, 0, 1, 0], [0, 0, 6, 0, 0, 0, -1, 0, 0, 0, 1, 0.0, 0, 1, 0], [0, 0, 1, 0, 0, 0, -1, 0, 0, 0, 0, 0.0, 0, 0, 0], [0, 0, 2, 0, 0, 0, -1, 0, 0, 0, 1, 0.0, 0, 0, 0], [0, 0, 6, 0, 0, 0, -1, 0, 0, 0, 0, 0.0, 0, 0, 0], [0, 1, 6, 0, 1, 0, -1, 0, 0, 0, 1, 0.0, 0, 1, 0], [0, 0, 6, 0, 0, 0, -1, 0, 0, 0, 0, 0.0, 0, 0, 0], [0, 0, 1, 0, 0, 0, -1, 0, 0, 0, 0, 0.0, 0, 0, 0], [0, 0, 6, 0, 0, 0, -1, 0, 0, 0, 1, 0.0, 0, 0, 0], [0, 0, 6, 0, 0, 0, -1, 0, 0, 0, 0, 0.0, 0, 0, 0], [0, 0, 6, 0, 0, 0, -1, 0, 0, 0, 0, 0.0, 0, 0, 0], [0, 1, 6, 0, 0, 0, -1, 0, 0, 0, 0, 0.0, 0, 1, 1], [0, 0, 1, 0, 0, 0, -1, 0, 0, 0, 0, 0.0, 0, 0, 0], [0, 0, 2, 0, 0, 0, -1, 0, 0, 0, 0, 0.0, 0, 1, 0], [0, 0, 2, 0, 0, 0, -1, 0, 0, 0, 0, 0.0, 0, 0, 0], [1, 0, 6, 0, 0, 0, -1, 0, 0, 0, 1, 0.0, 0, 1, 1], [0, 0, 4, 0, 0, 0, -1, 0, 0, 0, 0, 0.0, 0, 0, 0], [0, 0, 1, 0, 0, 0, -1, 0, 0, 0, 0, 0.0, 0, 0, 0], [0, 0, 6, 0, 0, 0, -1, 0, 0, 0, 0, 0.0, 0, 0, 0], [0, 0, 6, 0, 0, 0, -1, 0, 0, 0, 0, 0.0, 0, 0, 0], [0, 0, 2, 0, 0, 0, -1, 0, 0, 0, 0, 0.0, 0, 0, 0], [1, 0, 1, 0, 0, 0, -1, 1, 1, 1, 1, 0.0, 0, 1, 0], [0, 1, 2, 0, 1, 0, -1, 0, 0, 0, 0, 0.0, 0, 1, 1], [0, 0, 1, 0, 0, 0, -1, 0, 0, 0, 0, 0.0, 0, 0, 0], [0, 1, 4, 0, 0, 0, -1, 0, 0, 0, 1, 0.0, 0, 1, 1], [0, 0, 1, 0, 0, 0, -1, 0, 0, 0, 0, 0.0, 0, 0, 0], [0, 0, 6, 0, 0, 0, -1, 0, 0, 0, 0, 0.0, 0, 0, 0], [0, 0, 6, 0, 0, 0, -1, 0, 0, 0, 0, 0.0, 0, 0, 0], [0, 0, 6, 0, 0, 0, -1, 0, 0, 0, 0, 0.0, 0, 0, 0], [0, 0, 2, 0, 0, 0, -1, 0, 0, 0, 0, 0.0, 0, 0, 0], [0, 0, 6, 0, 0, 0, -1, 0, 0, 0, 0, 0.0, 0, 0, 0], [0, 0, 6, 0, 0, 0, -1, 0, 0, 0, 0, 0.0, 0, 0, 0], [0, 0, 1, 0, 0, 0, -1, 0, 0, 0, 1, 0.0, 0, 0, 0], [1, 1, 6, 0, 0, 0, -1, 1, 0, 1, 1, 0.0, 0, 1, 0], [0, 0, 5, 0, 0, 0, -1, 0, 0, 0, 1, 0.0, 0, 0, 0], [0, 1, 2, 0, 1, 0, -1, 0, 0, 0, 1, 0.0, 0, 1, 0], [0, 0, 6, 0, 0, 0, -1, 0, 0, 0, 0, 0.0, 0, 0, 0], [0, 0, 6, 0, 0, 0, -1, 0, 0, 0, 0, 0.0, 0, 0, 0], [0, 0, 5, 0, 0, 0, -1, 0, 0, 0, 0, 0.0, 0, 0, 0], [0, 0, 1, 0, 0, 0, -1, 0, 0, 0, 0, 0.0, 0, 0, 0], [0, 0, 6, 0, 0, 0, -1, 0, 0, 0, 0, 0.0, 0, 0, 0], [0, 0, 2, 0, 0, 0, -1, 0, 0, 0, 0, 0.0, 0, 0, 0], [0, 0, 6, 0, 0, 0, -1, 0, 0, 0, 0, 0.0, 0, 0, 0], [0, 0, 1, 0, 0, 0, -1, 0, 0, 0, 0, 0.0, 0, 0, 0], [0, 0, 6, 0, 0, 0, -1, 0, 0, 0, 0, 0.0, 0, 0, 0], [0, 0, 6, 0, 0, 0, -1, 0, 0, 0, 0, 0.0, 0, 0, 0], [1, 1, 2, 0, 0, 0, -1, 1, 0, 1, 1, 0.0, 0, 1, 1], [0, 0, 6, 0, 0, 0, -1, 0, 0, 0, 0, 0.0, 0, 0, 0], [0, 0, 1, 0, 0, 0, -1, 0, 0, 0, 0, 0.0, 0, 0, 0], [0, 0, 1, 0, 0, 0, -1, 0, 0, 0, 0, 0.0, 0, 0, 0], [0, 1, 6, 0, 1, 0, -1, 0, 0, 0, 1, 0.0, 0, 1, 0], [0, 1, 5, 0, 0, 0, -1, 0, 0, 0, 0, 0.0, 0, 0, 0], [0, 0, 6, 0, 0, 0, -1, 0, 0, 0, 0, 0.0, 0, 0, 0], [0, 0, 6, 0, 0, 0, -1, 0, 0, 0, 0, 0.0, 0, 0, 0], [0, 0, 5, 0, 0, 0, -1, 0, 0, 0, 1, 0.0, 0, 0, 0], [0, 0, 1, 0, 0, 0, -1, 0, 0, 0, 0, 0.0, 0, 0, 0], [0, 0, 1, 0, 0, 0, -1, 0, 0, 0, 0, 0.0, 0, 1, 0], [0, 0, 1, 0, 0, 0, -1, 0, 0, 0, 0, 0.0, 0, 0, 0], [0, 0, 6, 0, 0, 0, -1, 0, 0, 0, 0, 0.0, 0, 0, 0], [0, 0, 6, 0, 0, 0, -1, 0, 0, 0, 0, 0.0, 0, 0, 0], [0, 0, 6, 0, 0, 0, -1, 0, 0, 0, 0, 0.0, 0, 0, 0], [0, 0, 3, 0, 0, 0, -1, 0, 0, 0, 0, 0.0, 0, 0, 0], [0, 0, 6, 0, 0, 0, -1, 0, 0, 0, 0, 0.0, 0, 1, 0], [0, 0, 6, 0, 0, 0, -1, 0, 0, 0, 1, 0.0, 0, 1, 0], [0, 0, 1, 0, 0, 0, -1, 0, 0, 0, 0, 0.0, 0, 0, 0], [0, 0, 1, 0, 0, 0, -1, 0, 0, 0, 0, 0.0, 0, 0, 0], [0, 0, 2, 0, 0, 0, -1, 0, 0, 0, 0, 0.0, 0, 0, 0], [0, 0, 6, 0, 0, 0, -1, 0, 0, 0, 0, 0.0, 0, 0, 0], [0, 0, 6, 0, 0, 0, -1, 0, 0, 0, 1, 0.0, 0, 0, 0], [0, 0, 1, 0, 0, 0, -1, 0, 0, 0, 0, 0.0, 0, 0, 0], [0, 0, 3, 0, 0, 0, -1, 0, 0, 0, 0, 0.0, 0, 0, 0], [0, 1, 4, 0, 0, 0, -1, 0, 0, 0, 0, 0.0, 0, 0, 0], [0, 0, 1, 0, 0, 0, -1, 0, 0, 0, 0, 0.0, 0, 0, 0], [0, 0, 5, 0, 0, 0, -1, 0, 0, 0, 0, 0.0, 0, 0, 0], [0, 0, 1, 0, 0, 0, -1, 0, 0, 0, 0, 0.0, 0, 0, 0], [0, 0, 6, 0, 0, 0, -1, 0, 0, 0, 1, 0.0, 0, 0, 0], [0, 0, 2, 0, 0, 0, -1, 0, 0, 0, 0, 0.0, 0, 0, 0], [0, 0, 6, 0, 0, 0, -1, 0, 0, 0, 0, 0.0, 0, 0, 0], [0, 0, 1, 0, 0, 0, -1, 0, 0, 0, 0, 0.0, 0, 0, 0], [0, 1, 6, 0, 0, 0, -1, 0, 0, 0, 0, 0.0, 0, 0, 0], [0, 0, 1, 0, 0, 0, -1, 0, 0, 0, 0, 0.0, 0, 0, 0], [0, 0, 2, 0, 0, 0, -1, 0, 0, 0, 0, 0.0, 0, 0, 0], [0, 0, 6, 0, 0, 0, -1, 0, 0, 0, 0, 0.0, 0, 0, 0], [0, 0, 3, 0, 0, 0, -1, 0, 0, 0, 0, 0.0, 0, 0, 0], [0, 0, 6, 0, 0, 0, -1, 0, 0, 0, 0, 0.0, 0, 0, 0], [0, 0, 1, 0, 0, 0, -1, 0, 0, 0, 0, 0.0, 0, 0, 0], [0, 1, 6, 0, 0, 0, -1, 0, 0, 0, 0, 0.0, 0, 0, 0], [0, 0, 6, 0, 0, 0, -1, 0, 0, 0, 0, 0.0, 0, 0, 0], [0, 0, 6, 0, 0, 0, -1, 0, 0, 0, 0, 0.0, 0, 0, 0], [0, 0, 6, 0, 0, 0, -1, 0, 0, 0, 0, 0.0, 0, 0, 0], [1, 1, 2, 0, 0, 0, -1, 1, 0, 1, 1, 0.0, 0, 1, 1], [0, 0, 6, 0, 0, 0, -1, 0, 0, 0, 0, 0.0, 0, 0, 0], [0, 0, 6, 0, 0, 0, -1, 0, 0, 0, 1, 0.0, 0, 0, 0], [0, 0, 6, 0, 0, 0, -1, 0, 0, 0, 0, 0.0, 0, 0, 0], [0, 0, 5, 0, 0, 0, -1, 0, 0, 0, 0, 0.0, 0, 0, 0], [0, 1, 6, 0, 0, 0, -1, 0, 0, 0, 0, 0.0, 0, 0, 0], [0, 0, 6, 0, 0, 0, -1, 0, 0, 0, 0, 0.0, 0, 0, 0], [0, 0, 3, 0, 0, 0, -1, 0, 0, 0, 0, 0.0, 0, 0, 0], [0, 0, 6, 0, 0, 0, -1, 0, 0, 0, 0, 0.0, 0, 0, 0], [0, 0, 4, 0, 0, 0, -1, 0, 0, 0, 0, 0.0, 0, 0, 0], [0, 1, 2, 0, 1, 0, -1, 0, 0, 0, 1, 0.0, 0, 1, 1], [0, 1, 3, 0, 1, 0, -1, 0, 0, 0, 0, 0.0, 0, 1, 0], [0, 0, 5, 0, 0, 0, -1, 0, 0, 0, 0, 0.0, 0, 0, 0], [0, 0, 3, 0, 0, 0, -1, 0, 0, 0, 0, 0.0, 0, 0, 0], [0, 0, 6, 0, 0, 0, -1, 0, 0, 0, 0, 0.0, 0, 0, 0], [0, 0, 6, 0, 0, 0, -1, 0, 0, 0, 0, 0.0, 0, 0, 0], [0, 0, 1, 0, 0, 0, -1, 0, 0, 0, 0, 0.0, 0, 0, 0], [0, 0, 1, 0, 0, 0, -1, 0, 0, 0, 0, 0.0, 0, 0, 0], [0, 1, 6, 0, 0, 0, -1, 0, 0, 0, 1, 0.0, 0, 1, 1], [0, 1, 6, 0, 0, 0, -1, 0, 0, 0, 0, 0.0, 0, 0, 0], [1, 0, 6, 0, 0, 0, -1, 0, 1, 0, 1, 0.0, 0, 1, 0], [0, 0, 5, 0, 0, 0, -1, 0, 0, 0, 0, 0.0, 0, 0, 0], [0, 0, 1, 0, 0, 0, -1, 0, 0, 0, 1, 0.0, 0, 1, 0], [0, 0, 5, 0, 0, 0, -1, 0, 0, 0, 0, 0.0, 0, 0, 0], [0, 0, 5, 0, 0, 0, -1, 0, 0, 0, 0, 0.0, 0, 0, 0], [0, 0, 1, 0, 0, 0, -1, 0, 0, 0, 0, 0.0, 0, 0, 0], [0, 0, 1, 0, 0, 0, -1, 0, 0, 0, 0, 0.0, 0, 0, 0], [0, 0, 6, 0, 0, 0, -1, 0, 0, 0, 0, 0.0, 0, 0, 0], [0, 0, 2, 0, 0, 0, -1, 0, 0, 0, 0, 0.0, 0, 0, 0], [0, 0, 6, 0, 0, 0, -1, 0, 0, 0, 0, 0.0, 0, 0, 0], [0, 0, 6, 0, 0, 0, -1, 0, 0, 0, 0, 0.0, 0, 0, 0], [0, 0, 3, 0, 0, 0, -1, 0, 0, 0, 0, 0.0, 0, 0, 0], [0, 0, 1, 0, 0, 0, -1, 0, 0, 0, 0, 0.0, 0, 0, 0], [0, 0, 6, 0, 0, 0, -1, 0, 0, 0, 0, 0.0, 0, 0, 0], [0, 0, 3, 0, 0, 0, -1, 0, 0, 0, 0, 0.0, 0, 0, 0], [0, 0, 2, 0, 0, 0, -1, 0, 0, 0, 0, 0.0, 0, 0, 0], [0, 0, 5, 0, 0, 0, -1, 0, 0, 0, 0, 0.0, 0, 0, 0], [1, 0, 3, 0, 0, 0, -1, 0, 1, 1, 1, 0.0, 0, 0, 0], [0, 0, 6, 0, 0, 0, -1, 0, 0, 0, 1, 0.0, 0, 0, 0], [0, 0, 1, 0, 0, 0, -1, 0, 0, 0, 0, 0.0, 0, 0, 0], [0, 0, 1, 0, 0, 0, -1, 0, 0, 0, 0, 0.0, 0, 0, 0], [0, 1, 6, 0, 0, 0, -1, 0, 0, 0, 0, 0.0, 0, 1, 1], [0, 0, 6, 0, 0, 0, -1, 0, 0, 0, 0, 0.0, 0, 0, 0], [0, 0, 6, 0, 0, 0, -1, 0, 0, 0, 0, 0.0, 0, 0, 0], [0, 0, 6, 0, 0, 0, -1, 0, 0, 0, 0, 0.0, 0, 0, 0], [0, 0, 2, 0, 0, 0, -1, 0, 0, 0, 0, 0.0, 0, 0, 0], [0, 0, 5, 0, 0, 0, -1, 0, 0, 0, 0, 0.0, 0, 0, 0], [0, 1, 4, 0, 0, 0, -1, 0, 0, 0, 0, 0.0, 0, 1, 1], [0, 0, 3, 0, 0, 0, -1, 0, 0, 0, 0, 0.0, 0, 0, 0], [0, 0, 6, 0, 0, 0, -1, 0, 0, 0, 0, 0.0, 0, 0, 0], [0, 0, 6, 0, 0, 0, -1, 0, 0, 0, 0, 0.0, 0, 0, 0], [0, 0, 1, 0, 0, 0, -1, 0, 0, 0, 0, 0.0, 0, 0, 0], [0, 0, 1, 0, 0, 0, -1, 0, 0, 0, 0, 0.0, 0, 0, 0], [0, 0, 6, 0, 0, 0, -1, 0, 0, 0, 0, 0.0, 0, 0, 0], [0, 0, 2, 0, 0, 0, -1, 0, 0, 0, 0, 0.0, 0, 0, 0], [0, 0, 1, 0, 0, 0, -1, 0, 0, 0, 0, 0.0, 0, 0, 0], [0, 0, 6, 0, 0, 0, -1, 0, 0, 0, 0, 0.0, 0, 0, 0], [0, 0, 6, 0, 0, 0, -1, 0, 0, 0, 1, 0.0, 0, 0, 0], [0, 0, 4, 0, 0, 0, -1, 0, 0, 0, 0, 0.0, 0, 0, 0], [0, 0, 1, 0, 0, 0, -1, 0, 0, 0, 0, 0.0, 0, 0, 0], [0, 0, 2, 0, 0, 0, -1, 0, 0, 0, 0, 0.0, 0, 0, 0], [0, 0, 2, 0, 0, 0, -1, 0, 0, 0, 0, 0.0, 0, 0, 0], [0, 0, 2, 0, 0, 0, -1, 0, 0, 0, 0, 0.0, 0, 0, 0], [0, 1, 4, 0, 0, 0, -1, 0, 0, 0, 0, 0.0, 0, 1, 1], [0, 1, 6, 0, 0, 0, -1, 0, 0, 0, 1, 0.0, 0, 1, 0], [0, 0, 1, 0, 0, 0, -1, 0, 0, 0, 0, 0.0, 0, 0, 0], [0, 1, 6, 0, 0, 0, -1, 0, 0, 0, 1, 0.0, 0, 0, 0], [0, 0, 6, 0, 0, 0, -1, 0, 0, 0, 0, 0.0, 0, 0, 0], [0, 0, 2, 0, 0, 0, -1, 0, 0, 0, 0, 0.0, 0, 0, 0], [0, 0, 1, 0, 0, 0, -1, 0, 0, 0, 0, 0.0, 0, 0, 0], [0, 0, 6, 0, 0, 0, -1, 0, 0, 0, 0, 0.0, 0, 0, 0], [0, 0, 6, 0, 0, 0, -1, 0, 0, 0, 0, 0.0, 0, 0, 0], [0, 0, 6, 0, 0, 0, -1, 0, 0, 0, 0, 0.0, 0, 0, 0], [0, 0, 5, 0, 0, 0, -1, 0, 0, 0, 0, 0.0, 0, 0, 0], [0, 0, 6, 0, 0, 0, -1, 0, 0, 0, 0, 0.0, 0, 0, 0], [0, 0, 3, 0, 0, 0, -1, 0, 0, 0, 0, 0.0, 0, 0, 0], [0, 0, 3, 0, 0, 0, -1, 0, 0, 0, 0, 0.0, 0, 0, 0], [0, 0, 6, 0, 0, 0, -1, 0, 0, 0, 0, 0.0, 0, 0, 0], [0, 0, 6, 0, 0, 0, -1, 0, 0, 0, 0, 0.0, 0, 0, 0], [0, 1, 2, 0, 0, 0, -1, 0, 0, 0, 0, 0.0, 0, 0, 0], [0, 0, 2, 0, 0, 0, -1, 0, 0, 0, 0, 0.0, 0, 0, 0], [0, 1, 6, 0, 0, 0, -1, 0, 0, 0, 0, 0.0, 0, 0, 0], [0, 0, 6, 0, 0, 0, -1, 0, 0, 0, 0, 0.0, 0, 0, 0], [0, 1, 5, 0, 0, 0, -1, 0, 0, 0, 1, 0.0, 0, 1, 1], [0, 1, 6, 0, 1, 0, -1, 0, 0, 0, 0, 0.0, 0, 0, 0], [0, 1, 6, 0, 0, 0, -1, 0, 0, 0, 0, 0.0, 0, 1, 1], [0, 0, 1, 0, 0, 0, -1, 0, 0, 0, 0, 0.0, 0, 0, 0], [0, 0, 2, 0, 0, 0, -1, 0, 0, 0, 1, 0.0, 0, 0, 0], [0, 0, 1, 0, 0, 0, -1, 0, 0, 0, 0, 0.0, 0, 0, 0], [0, 0, 5, 0, 0, 0, -1, 0, 0, 0, 0, 0.0, 0, 0, 0], [0, 0, 6, 0, 0, 0, -1, 0, 0, 0, 0, 0.0, 0, 0, 0], [0, 0, 1, 0, 0, 0, -1, 0, 0, 0, 0, 0.0, 0, 0, 0], [0, 0, 6, 0, 0, 0, -1, 0, 0, 0, 0, 0.0, 0, 0, 0], [0, 0, 2, 0, 0, 0, -1, 0, 0, 0, 0, 0.0, 0, 0, 0], [0, 0, 6, 0, 0, 0, -1, 0, 0, 0, 0, 0.0, 0, 0, 0], [0, 0, 1, 0, 0, 0, -1, 0, 0, 0, 0, 0.0, 0, 0, 0], [0, 0, 3, 0, 0, 0, -1, 0, 0, 0, 0, 0.0, 0, 0, 0], [0, 0, 6, 0, 0, 0, -1, 0, 0, 0, 0, 0.0, 0, 0, 0], [1, 0, 1, 0, 0, 0, -1, 1, 1, 1, 1, 0.0, 0, 1, 0], [0, 0, 1, 0, 0, 0, -1, 0, 0, 0, 0, 0.0, 0, 0, 0], [0, 0, 3, 0, 0, 0, -1, 0, 0, 0, 0, 0.0, 0, 0, 0], [0, 0, 2, 0, 0, 1, 1, 0, 0, 0, 1, 0.15384615384615385, 156, 0, 0], [0, 0, 2, 0, 0, 0, -1, 0, 0, 0, 0, 0.0, 0, 0, 0], [0, 0, 6, 0, 0, 0, -1, 0, 0, 0, 0, 0.0, 0, 0, 0], [0, 0, 1, 0, 0, 0, -1, 0, 0, 0, 0, 0.0, 0, 0, 0], [0, 1, 6, 0, 0, 0, -1, 0, 0, 0, 1, 0.0, 0, 1, 1], [0, 1, 3, 0, 0, 0, -1, 0, 0, 0, 0, 0.0, 0, 1, 0], [0, 0, 6, 0, 0, 0, -1, 0, 0, 0, 0, 0.0, 0, 0, 0], [0, 0, 1, 0, 0, 0, -1, 0, 0, 0, 0, 0.0, 0, 0, 0], [0, 0, 1, 0, 0, 0, -1, 0, 0, 0, 0, 0.0, 0, 0, 0], [0, 0, 6, 0, 0, 0, -1, 0, 0, 0, 0, 0.0, 0, 0, 0], [0, 0, 6, 0, 0, 0, -1, 0, 0, 0, 0, 0.0, 0, 0, 0], [0, 1, 6, 0, 0, 0, -1, 0, 0, 0, 0, 0.0, 0, 0, 0], [0, 0, 6, 0, 0, 0, -1, 0, 0, 0, 0, 0.0, 0, 0, 0], [0, 0, 2, 0, 0, 0, -1, 0, 0, 0, 0, 0.0, 0, 0, 0], [0, 0, 6, 0, 0, 0, -1, 0, 0, 0, 0, 0.0, 0, 0, 0], [0, 0, 6, 0, 0, 0, -1, 0, 0, 0, 0, 0.0, 0, 0, 0], [0, 0, 6, 0, 0, 0, -1, 0, 0, 0, 0, 0.0, 0, 0, 0], [0, 0, 2, 0, 0, 0, -1, 0, 0, 0, 0, 0.0, 0, 0, 0], [0, 1, 5, 0, 1, 0, -1, 0, 0, 0, 0, 0.0, 0, 0, 0], [0, 0, 3, 0, 0, 0, -1, 0, 0, 0, 0, 0.0, 0, 0, 0], [0, 0, 2, 0, 0, 0, -1, 0, 0, 0, 0, 0.0, 0, 0, 0], [0, 0, 1, 0, 0, 0, -1, 0, 0, 0, 0, 0.0, 0, 0, 0], [0, 0, 2, 0, 0, 0, -1, 0, 0, 0, 0, 0.0, 0, 0, 0], [0, 0, 6, 0, 0, 0, -1, 0, 0, 0, 0, 0.0, 0, 0, 0], [0, 0, 6, 0, 0, 0, -1, 0, 0, 0, 0, 0.0, 0, 0, 0], [0, 0, 6, 0, 0, 0, -1, 0, 0, 0, 0, 0.0, 0, 0, 0], [0, 0, 6, 0, 0, 0, -1, 0, 0, 0, 0, 0.0, 0, 0, 0], [0, 0, 6, 0, 0, 0, -1, 0, 0, 0, 0, 0.0, 0, 0, 0], [0, 0, 6, 0, 0, 0, -1, 0, 0, 0, 0, 0.0, 0, 0, 0], [0, 0, 2, 0, 0, 0, -1, 0, 0, 0, 0, 0.0, 0, 0, 0], [0, 0, 6, 0, 0, 0, -1, 0, 0, 0, 1, 0.0, 0, 0, 0], [0, 0, 1, 0, 0, 0, -1, 0, 0, 0, 0, 0.0, 0, 0, 0], [0, 0, 1, 0, 0, 0, -1, 0, 0, 0, 0, 0.0, 0, 0, 0], [0, 0, 6, 0, 0, 0, -1, 0, 0, 0, 0, 0.0, 0, 0, 0], [0, 0, 4, 0, 0, 0, -1, 0, 0, 0, 0, 0.0, 0, 0, 0], [0, 0, 1, 0, 0, 0, -1, 0, 0, 0, 0, 0.0, 0, 0, 0], [0, 0, 1, 0, 0, 0, -1, 0, 0, 0, 0, 0.0, 0, 0, 0], [0, 0, 1, 0, 0, 0, -1, 0, 0, 0, 0, 0.0, 0, 0, 0], [0, 0, 1, 0, 0, 0, -1, 0, 0, 0, 0, 0.0, 0, 0, 0], [0, 0, 6, 0, 0, 0, -1, 0, 0, 0, 0, 0.0, 0, 0, 0], [0, 0, 3, 0, 0, 0, -1, 0, 0, 0, 0, 0.0, 0, 0, 0], [0, 0, 1, 0, 0, 0, -1, 0, 0, 0, 0, 0.0, 0, 0, 0], [0, 0, 3, 0, 0, 0, -1, 0, 0, 0, 0, 0.0, 0, 0, 0], [0, 0, 6, 0, 0, 0, -1, 0, 0, 0, 0, 0.0, 0, 0, 0], [0, 0, 5, 0, 0, 0, -1, 0, 0, 0, 0, 0.0, 0, 0, 0], [0, 1, 6, 0, 0, 0, -1, 0, 0, 0, 0, 0.0, 0, 1, 1], [0, 0, 6, 0, 0, 0, -1, 0, 0, 0, 0, 0.0, 0, 0, 0], [0, 0, 6, 0, 0, 0, -1, 0, 0, 0, 0, 0.0, 0, 0, 0], [0, 0, 1, 0, 0, 0, -1, 0, 0, 0, 0, 0.0, 0, 1, 0], [0, 0, 2, 0, 0, 0, -1, 0, 0, 0, 0, 0.0, 0, 0, 0], [0, 0, 1, 0, 0, 0, -1, 0, 0, 0, 0, 0.0, 0, 0, 0], [0, 0, 2, 0, 0, 0, -1, 0, 0, 0, 0, 0.0, 0, 0, 0], [0, 0, 6, 0, 0, 0, -1, 0, 0, 0, 0, 0.0, 0, 0, 0], [0, 0, 1, 0, 0, 0, -1, 0, 0, 0, 0, 0.0, 0, 0, 0], [0, 1, 2, 0, 1, 0, -1, 0, 0, 0, 0, 0.0, 0, 1, 1], [0, 1, 4, 0, 0, 0, -1, 0, 0, 0, 1, 0.0, 0, 1, 1], [0, 0, 6, 0, 0, 0, -1, 0, 0, 0, 0, 0.0, 0, 0, 0], [0, 0, 6, 0, 0, 0, -1, 0, 0, 0, 1, 0.0, 0, 1, 0], [0, 1, 6, 0, 0, 0, -1, 0, 0, 0, 0, 0.0, 0, 0, 0], [0, 0, 2, 0, 0, 0, -1, 0, 0, 0, 0, 0.0, 0, 0, 0], [0, 0, 6, 0, 0, 0, -1, 0, 0, 0, 1, 0.0, 0, 0, 0], [0, 0, 1, 0, 0, 0, -1, 0, 0, 0, 0, 0.0, 0, 0, 0], [0, 0, 3, 0, 0, 0, -1, 0, 0, 0, 0, 0.0, 0, 0, 0], [0, 0, 6, 0, 0, 0, -1, 0, 0, 0, 0, 0.0, 0, 0, 0], [0, 0, 6, 0, 0, 0, -1, 0, 0, 0, 0, 0.0, 0, 0, 0], [0, 1, 2, 0, 1, 0, -1, 0, 0, 0, 1, 0.0, 0, 1, 1], [0, 0, 1, 0, 0, 0, -1, 0, 0, 0, 0, 0.0, 0, 0, 0], [1, 0, 4, 0, 0, 0, -1, 0, 0, 1, 1, 0.0, 0, 1, 0], [0, 0, 6, 0, 0, 0, -1, 0, 0, 0, 1, 0.0, 0, 0, 0], [0, 0, 1, 0, 0, 0, -1, 0, 0, 0, 0, 0.0, 0, 0, 0], [0, 0, 6, 0, 0, 0, -1, 0, 0, 0, 0, 0.0, 0, 0, 0], [0, 0, 1, 0, 0, 0, -1, 0, 0, 0, 0, 0.0, 0, 0, 0], [0, 0, 2, 0, 0, 0, -1, 0, 0, 0, 0, 0.0, 0, 0, 0], [0, 0, 1, 0, 0, 0, -1, 0, 0, 0, 0, 0.0, 0, 0, 0], [0, 0, 1, 0, 0, 0, -1, 0, 0, 0, 0, 0.0, 0, 0, 0], [0, 0, 6, 0, 0, 0, -1, 0, 0, 0, 1, 0.0, 0, 0, 0], [0, 0, 6, 0, 0, 0, -1, 0, 0, 0, 0, 0.0, 0, 0, 0], [0, 0, 1, 0, 0, 0, -1, 0, 0, 0, 0, 0.0, 0, 0, 0], [0, 0, 5, 0, 0, 0, -1, 0, 0, 0, 0, 0.0, 0, 0, 0], [0, 0, 1, 0, 0, 0, -1, 0, 0, 0, 0, 0.0, 0, 0, 0], [0, 0, 1, 0, 0, 0, -1, 0, 0, 0, 1, 0.0, 0, 1, 0], [0, 0, 6, 0, 0, 0, -1, 0, 0, 0, 0, 0.0, 0, 0, 0], [0, 0, 1, 0, 0, 0, -1, 0, 0, 0, 0, 0.0, 0, 0, 0], [0, 0, 6, 0, 0, 0, -1, 0, 0, 0, 0, 0.0, 0, 0, 0], [0, 0, 6, 0, 0, 0, -1, 0, 0, 0, 0, 0.0, 0, 0, 0], [0, 0, 6, 0, 0, 0, -1, 0, 0, 0, 0, 0.0, 0, 0, 0], [0, 0, 6, 0, 0, 0, -1, 0, 0, 0, 0, 0.0, 0, 0, 0], [0, 1, 3, 0, 1, 0, -1, 0, 0, 0, 0, 0.0, 0, 1, 0], [0, 0, 1, 0, 0, 0, -1, 0, 0, 0, 0, 0.0, 0, 0, 0], [0, 0, 1, 0, 0, 0, -1, 0, 0, 0, 0, 0.0, 0, 0, 0], [0, 0, 6, 0, 0, 0, -1, 0, 0, 0, 0, 0.0, 0, 0, 0], [0, 0, 4, 0, 0, 0, -1, 0, 0, 0, 1, 0.0, 0, 0, 0], [0, 0, 1, 0, 0, 0, -1, 0, 0, 0, 0, 0.0, 0, 0, 0], [0, 1, 2, 0, 1, 0, -1, 0, 0, 0, 0, 0.0, 0, 1, 0], [0, 0, 3, 0, 0, 0, -1, 0, 0, 0, 0, 0.0, 0, 0, 0], [0, 0, 6, 0, 0, 0, -1, 0, 0, 0, 0, 0.0, 0, 0, 0], [0, 0, 6, 0, 0, 0, -1, 0, 0, 0, 0, 0.0, 0, 0, 0], [0, 0, 2, 0, 0, 0, -1, 0, 0, 0, 1, 0.0, 0, 0, 0], [0, 0, 1, 0, 0, 0, -1, 0, 0, 0, 0, 0.0, 0, 0, 0], [0, 0, 1, 0, 0, 0, -1, 0, 0, 0, 0, 0.0, 0, 0, 0], [0, 1, 2, 0, 1, 0, -1, 0, 0, 0, 0, 0.0, 0, 1, 1], [0, 0, 2, 0, 0, 0, -1, 0, 0, 0, 0, 0.0, 0, 0, 0], [0, 0, 1, 0, 0, 0, -1, 0, 0, 0, 0, 0.0, 0, 0, 0], [0, 1, 2, 0, 0, 0, -1, 0, 0, 0, 0, 0.0, 0, 1, 0], [0, 0, 5, 0, 0, 0, -1, 0, 0, 0, 1, 0.0, 0, 0, 0], [0, 0, 6, 0, 0, 0, -1, 0, 0, 0, 0, 0.0, 0, 0, 0], [0, 0, 6, 0, 0, 0, -1, 0, 0, 0, 0, 0.0, 0, 0, 0], [1, 0, 2, 0, 0, 0, -1, 0, 1, 0, 1, 0.0, 0, 1, 0], [0, 0, 6, 0, 0, 0, -1, 0, 0, 0, 0, 0.0, 0, 0, 0], [0, 0, 2, 0, 0, 0, -1, 0, 0, 0, 0, 0.0, 0, 0, 0], [0, 0, 6, 0, 0, 0, -1, 0, 0, 0, 0, 0.0, 0, 0, 0], [0, 0, 3, 0, 0, 0, -1, 0, 0, 0, 0, 0.0, 0, 0, 0], [0, 0, 6, 0, 0, 0, -1, 0, 0, 0, 0, 0.0, 0, 0, 0], [0, 0, 1, 0, 0, 0, -1, 0, 0, 0, 0, 0.0, 0, 0, 0], [1, 1, 6, 0, 0, 0, -1, 0, 0, 1, 1, 0.0, 0, 1, 1], [0, 1, 2, 0, 1, 0, -1, 0, 0, 0, 0, 0.0, 0, 0, 0], [0, 0, 1, 0, 0, 0, -1, 0, 0, 0, 1, 0.0, 0, 1, 0], [0, 1, 2, 0, 1, 0, -1, 0, 0, 0, 0, 0.0, 0, 1, 1], [0, 0, 1, 0, 0, 0, -1, 0, 0, 0, 0, 0.0, 0, 0, 0], [0, 0, 1, 0, 0, 0, -1, 0, 0, 0, 0, 0.0, 0, 0, 0], [0, 0, 6, 0, 0, 0, -1, 0, 0, 0, 0, 0.0, 0, 0, 0], [0, 0, 6, 0, 0, 0, -1, 0, 0, 0, 0, 0.0, 0, 0, 0], [0, 0, 6, 0, 0, 0, -1, 0, 0, 0, 1, 0.0, 0, 0, 0], [0, 0, 3, 0, 0, 0, -1, 0, 0, 0, 0, 0.0, 0, 0, 0], [0, 0, 3, 0, 0, 0, -1, 0, 0, 0, 0, 0.0, 0, 0, 0], [1, 1, 6, 0, 0, 0, -1, 0, 0, 1, 1, 0.0, 0, 1, 0], [0, 0, 6, 0, 0, 0, -1, 0, 0, 0, 0, 0.0, 0, 0, 0], [0, 0, 6, 0, 0, 0, -1, 0, 0, 0, 0, 0.0, 0, 0, 0], [0, 0, 6, 0, 0, 0, -1, 0, 0, 0, 0, 0.0, 0, 0, 0], [0, 0, 2, 0, 0, 0, -1, 0, 0, 0, 0, 0.0, 0, 0, 0], [0, 1, 6, 0, 0, 0, -1, 0, 0, 0, 1, 0.0, 0, 1, 0], [0, 0, 6, 0, 0, 0, -1, 0, 0, 0, 0, 0.0, 0, 0, 0], [0, 0, 5, 0, 0, 0, -1, 0, 0, 0, 0, 0.0, 0, 0, 0], [0, 0, 4, 0, 0, 0, -1, 0, 0, 0, 0, 0.0, 0, 0, 0], [0, 0, 1, 0, 0, 0, -1, 0, 0, 0, 0, 0.0, 0, 0, 0], [0, 0, 2, 0, 0, 0, -1, 0, 0, 0, 1, 0.0, 0, 0, 0], [0, 0, 6, 0, 0, 0, -1, 0, 0, 0, 0, 0.0, 0, 0, 0], [0, 0, 2, 0, 0, 0, -1, 0, 0, 0, 0, 0.0, 0, 0, 0], [0, 0, 4, 0, 0, 0, -1, 0, 0, 0, 0, 0.0, 0, 0, 0], [0, 0, 6, 0, 0, 0, -1, 0, 0, 0, 0, 0.0, 0, 0, 0], [0, 0, 6, 0, 0, 0, -1, 0, 0, 0, 0, 0.0, 0, 0, 0], [0, 0, 1, 0, 0, 0, -1, 0, 0, 0, 0, 0.0, 0, 0, 0], [0, 0, 6, 0, 0, 0, -1, 0, 0, 0, 0, 0.0, 0, 0, 0], [0, 0, 1, 0, 0, 0, -1, 0, 0, 0, 0, 0.0, 0, 0, 0], [0, 0, 1, 0, 0, 0, -1, 0, 0, 0, 0, 0.0, 0, 0, 0], [0, 0, 5, 0, 0, 0, -1, 0, 0, 0, 0, 0.0, 0, 0, 0], [0, 0, 6, 0, 0, 0, -1, 0, 0, 0, 0, 0.0, 0, 0, 0], [0, 0, 6, 0, 0, 0, -1, 0, 0, 0, 0, 0.0, 0, 0, 0], [0, 0, 6, 0, 0, 0, -1, 0, 0, 0, 0, 0.0, 0, 0, 0], [0, 0, 2, 0, 0, 0, -1, 0, 0, 0, 0, 0.0, 0, 0, 0], [0, 0, 1, 0, 0, 0, -1, 0, 0, 0, 0, 0.0, 0, 0, 0], [0, 0, 2, 0, 0, 0, -1, 0, 0, 0, 0, 0.0, 0, 0, 0], [0, 1, 2, 0, 1, 0, -1, 0, 0, 0, 0, 0.0, 0, 1, 1], [0, 0, 5, 0, 0, 0, -1, 0, 0, 0, 0, 0.0, 0, 0, 0], [0, 0, 6, 0, 0, 0, -1, 0, 0, 0, 0, 0.0, 0, 0, 0], [0, 0, 2, 0, 0, 0, -1, 0, 0, 0, 0, 0.0, 0, 0, 0], [0, 0, 2, 0, 0, 0, -1, 0, 0, 0, 0, 0.0, 0, 0, 0], [0, 0, 6, 0, 0, 0, -1, 0, 0, 0, 1, 0.0, 0, 0, 0], [0, 0, 6, 0, 0, 0, -1, 0, 0, 0, 0, 0.0, 0, 0, 0], [0, 0, 6, 0, 0, 0, -1, 0, 0, 0, 0, 0.0, 0, 0, 0], [0, 0, 2, 0, 0, 0, -1, 0, 0, 0, 0, 0.0, 0, 0, 0], [0, 0, 3, 0, 0, 0, -1, 0, 0, 0, 0, 0.0, 0, 0, 0], [0, 0, 4, 0, 0, 0, -1, 0, 0, 0, 0, 0.0, 0, 0, 0], [0, 0, 1, 0, 0, 0, -1, 0, 0, 0, 0, 0.0, 0, 0, 0], [0, 0, 6, 0, 0, 0, -1, 0, 0, 0, 0, 0.0, 0, 0, 0], [0, 0, 6, 0, 0, 0, -1, 0, 0, 0, 0, 0.0, 0, 0, 0], [0, 1, 2, 0, 0, 0, -1, 0, 0, 0, 1, 0.0, 0, 1, 0], [0, 0, 6, 0, 0, 0, -1, 0, 0, 0, 0, 0.0, 0, 0, 0], [0, 0, 5, 0, 0, 0, -1, 0, 0, 0, 0, 0.0, 0, 0, 0], [0, 0, 6, 0, 0, 0, -1, 0, 0, 0, 0, 0.0, 0, 0, 0], [0, 1, 4, 0, 0, 0, -1, 0, 0, 0, 0, 0.0, 0, 1, 0], [0, 1, 6, 0, 0, 0, -1, 0, 0, 0, 0, 0.0, 0, 0, 0], [0, 1, 2, 0, 1, 0, -1, 0, 0, 0, 0, 0.0, 0, 1, 1], [0, 0, 2, 0, 0, 0, -1, 0, 0, 0, 0, 0.0, 0, 0, 0], [0, 0, 1, 0, 0, 0, -1, 0, 0, 0, 0, 0.0, 0, 1, 1], [0, 0, 3, 0, 0, 0, -1, 0, 0, 0, 1, 0.0, 0, 0, 0], [0, 0, 6, 0, 0, 0, -1, 0, 0, 0, 0, 0.0, 0, 0, 0], [0, 1, 6, 0, 0, 0, -1, 0, 0, 0, 1, 0.0, 0, 0, 0], [0, 1, 2, 0, 1, 0, -1, 0, 0, 0, 0, 0.0, 0, 1, 1], [0, 0, 6, 0, 0, 0, -1, 0, 0, 0, 0, 0.0, 0, 1, 0], [0, 0, 1, 0, 0, 0, -1, 0, 0, 0, 0, 0.0, 0, 0, 0], [0, 0, 6, 0, 0, 0, -1, 0, 0, 0, 0, 0.0, 0, 0, 0], [0, 1, 2, 0, 1, 0, -1, 0, 0, 0, 0, 0.0, 0, 1, 1], [0, 0, 2, 0, 0, 0, -1, 0, 0, 0, 0, 0.0, 0, 0, 0], [0, 0, 6, 0, 0, 0, -1, 0, 0, 0, 0, 0.0, 0, 0, 0], [0, 0, 6, 0, 0, 0, -1, 0, 0, 0, 0, 0.0, 0, 0, 0], [0, 0, 6, 0, 0, 0, -1, 0, 0, 0, 0, 0.0, 0, 0, 0], [0, 0, 1, 0, 0, 0, -1, 0, 0, 0, 0, 0.0, 0, 0, 0], [0, 0, 6, 0, 0, 0, -1, 0, 0, 0, 0, 0.0, 0, 0, 0], [0, 1, 6, 0, 0, 0, -1, 0, 0, 0, 0, 0.0, 0, 0, 0], [0, 0, 2, 0, 0, 0, -1, 0, 0, 0, 0, 0.0, 0, 0, 0], [0, 0, 6, 0, 0, 0, -1, 0, 0, 0, 1, 0.0, 0, 0, 0], [0, 0, 6, 0, 0, 0, -1, 0, 0, 0, 1, 0.0, 0, 0, 0], [0, 0, 2, 0, 0, 0, -1, 0, 0, 0, 0, 0.0, 0, 0, 0], [0, 0, 1, 0, 0, 0, -1, 0, 0, 0, 0, 0.0, 0, 0, 0], [0, 0, 1, 0, 0, 0, -1, 0, 0, 0, 0, 0.0, 0, 0, 0], [0, 0, 6, 0, 0, 0, -1, 0, 0, 0, 0, 0.0, 0, 0, 0], [0, 0, 1, 0, 0, 0, -1, 0, 0, 0, 0, 0.0, 0, 0, 0], [0, 0, 5, 0, 0, 0, -1, 0, 0, 0, 0, 0.0, 0, 0, 0], [0, 0, 3, 0, 0, 0, -1, 0, 0, 0, 0, 0.0, 0, 0, 0], [0, 0, 6, 0, 0, 0, -1, 0, 0, 0, 0, 0.0, 0, 0, 0], [0, 0, 1, 0, 0, 0, -1, 0, 0, 0, 0, 0.0, 0, 0, 0], [0, 0, 6, 0, 0, 0, -1, 0, 0, 0, 0, 0.0, 0, 0, 0], [0, 0, 6, 0, 0, 0, -1, 0, 0, 0, 0, 0.0, 0, 0, 0], [0, 0, 1, 0, 0, 0, -1, 0, 0, 0, 0, 0.0, 0, 0, 0], [0, 0, 1, 0, 0, 0, -1, 0, 0, 0, 0, 0.0, 0, 0, 0], [0, 0, 6, 0, 0, 0, -1, 0, 0, 0, 0, 0.0, 0, 0, 0], [0, 0, 6, 0, 0, 0, -1, 0, 0, 0, 0, 0.0, 0, 0, 0], [0, 0, 3, 0, 0, 0, -1, 0, 0, 0, 0, 0.0, 0, 0, 0], [0, 0, 3, 0, 0, 0, -1, 0, 0, 0, 0, 0.0, 0, 0, 0], [0, 1, 2, 0, 1, 0, -1, 0, 0, 0, 0, 0.0, 0, 1, 0], [0, 0, 6, 0, 0, 0, -1, 0, 0, 0, 0, 0.0, 0, 0, 0], [0, 0, 6, 0, 0, 0, -1, 0, 0, 0, 0, 0.0, 0, 0, 0], [0, 0, 6, 0, 0, 0, -1, 0, 0, 0, 0, 0.0, 0, 0, 0], [0, 0, 1, 0, 0, 0, -1, 0, 0, 0, 0, 0.0, 0, 0, 0], [0, 0, 6, 0, 0, 0, -1, 0, 0, 0, 0, 0.0, 0, 0, 0], [0, 0, 1, 0, 0, 0, -1, 0, 0, 0, 0, 0.0, 0, 0, 0], [0, 0, 6, 0, 0, 0, -1, 0, 0, 0, 1, 0.0, 0, 0, 0], [0, 0, 1, 0, 0, 0, -1, 0, 0, 0, 0, 0.0, 0, 0, 0], [0, 0, 3, 0, 0, 0, -1, 0, 0, 0, 0, 0.0, 0, 0, 0], [0, 0, 1, 0, 0, 0, -1, 0, 0, 0, 1, 0.0, 0, 0, 0], [0, 1, 6, 0, 1, 0, -1, 0, 0, 0, 0, 0.0, 0, 0, 0], [0, 0, 1, 0, 0, 0, -1, 0, 0, 0, 1, 0.0, 0, 1, 0], [1, 1, 2, 0, 1, 0, -1, 1, 0, 1, 1, 0.0, 0, 1, 1], [0, 0, 6, 0, 0, 0, -1, 0, 0, 0, 0, 0.0, 0, 0, 0], [0, 0, 6, 0, 0, 0, -1, 0, 0, 0, 0, 0.0, 0, 0, 0], [0, 1, 3, 0, 0, 0, -1, 0, 0, 0, 0, 0.0, 0, 1, 1], [0, 0, 4, 0, 0, 0, -1, 0, 0, 0, 0, 0.0, 0, 0, 0], [0, 0, 1, 0, 0, 0, -1, 0, 0, 0, 0, 0.0, 0, 0, 0], [0, 0, 1, 0, 0, 0, -1, 0, 0, 0, 0, 0.0, 0, 0, 0], [0, 0, 2, 0, 0, 0, -1, 0, 0, 0, 1, 0.0, 0, 0, 0], [0, 0, 6, 0, 0, 0, -1, 0, 0, 0, 0, 0.0, 0, 0, 0], [0, 1, 6, 0, 0, 0, -1, 0, 0, 0, 0, 0.0, 0, 0, 0], [0, 0, 6, 0, 0, 0, -1, 0, 0, 0, 0, 0.0, 0, 0, 0], [0, 0, 6, 0, 0, 0, -1, 0, 0, 0, 0, 0.0, 0, 0, 0], [1, 1, 5, 0, 0, 0, -1, 0, 0, 0, 1, 0.0, 0, 1, 0], [0, 1, 2, 0, 0, 0, -1, 0, 0, 0, 0, 0.0, 0, 0, 0], [0, 0, 6, 0, 0, 0, -1, 0, 0, 0, 0, 0.0, 0, 0, 0], [0, 0, 1, 0, 0, 0, -1, 0, 0, 0, 1, 0.0, 0, 0, 0], [0, 0, 3, 0, 0, 0, -1, 0, 0, 0, 0, 0.0, 0, 0, 0], [0, 0, 1, 0, 0, 0, -1, 0, 0, 0, 0, 0.0, 0, 0, 0], [0, 0, 1, 0, 0, 0, -1, 0, 0, 0, 0, 0.0, 0, 0, 0], [1, 1, 6, 0, 0, 0, -1, 0, 0, 0, 1, 0.0, 0, 1, 1], [0, 0, 1, 0, 0, 0, -1, 0, 0, 0, 0, 0.0, 0, 0, 0], [1, 0, 1, 0, 0, 0, -1, 1, 1, 1, 1, 0.0, 0, 0, 0], [0, 1, 6, 0, 0, 0, -1, 0, 0, 0, 0, 0.0, 0, 0, 0], [0, 0, 1, 0, 0, 0, -1, 0, 0, 0, 0, 0.0, 0, 0, 0], [0, 0, 6, 0, 0, 0, -1, 0, 0, 0, 0, 0.0, 0, 0, 0], [0, 0, 1, 0, 0, 0, -1, 0, 0, 0, 0, 0.0, 0, 0, 0], [0, 0, 6, 0, 0, 0, -1, 0, 0, 0, 0, 0.0, 0, 0, 0], [0, 1, 6, 0, 1, 0, -1, 0, 0, 0, 0, 0.0, 0, 1, 1], [0, 0, 1, 0, 0, 0, -1, 0, 0, 0, 0, 0.0, 0, 0, 0], [0, 0, 6, 0, 0, 0, -1, 0, 0, 0, 0, 0.0, 0, 0, 0], [0, 0, 2, 0, 0, 0, -1, 0, 0, 0, 0, 0.0, 0, 0, 0], [0, 0, 1, 0, 0, 0, -1, 0, 0, 0, 0, 0.0, 0, 0, 0], [0, 1, 6, 0, 0, 0, -1, 0, 0, 0, 1, 0.0, 0, 0, 0], [0, 0, 6, 0, 0, 0, -1, 0, 0, 0, 0, 0.0, 0, 0, 0], [0, 0, 6, 0, 0, 0, -1, 0, 0, 0, 0, 0.0, 0, 0, 0], [0, 0, 2, 0, 0, 0, -1, 0, 0, 0, 0, 0.0, 0, 0, 0], [0, 0, 1, 0, 0, 0, -1, 0, 0, 0, 1, 0.0, 0, 1, 0], [0, 0, 1, 0, 0, 0, -1, 0, 0, 0, 0, 0.0, 0, 0, 0], [0, 0, 3, 0, 0, 0, -1, 0, 0, 0, 0, 0.0, 0, 1, 0], [0, 0, 6, 0, 0, 0, -1, 0, 0, 0, 0, 0.0, 0, 0, 0], [0, 0, 1, 0, 0, 0, -1, 0, 0, 0, 0, 0.0, 0, 0, 0], [0, 0, 6, 0, 0, 0, -1, 0, 0, 0, 0, 0.0, 0, 0, 0], [0, 0, 6, 0, 0, 0, -1, 0, 0, 0, 0, 0.0, 0, 0, 0], [0, 0, 2, 0, 0, 0, -1, 0, 0, 0, 0, 0.0, 0, 0, 0], [0, 0, 1, 0, 0, 0, -1, 0, 0, 0, 0, 0.0, 0, 0, 0], [0, 0, 1, 0, 0, 0, -1, 0, 0, 0, 0, 0.0, 0, 0, 0], [0, 0, 6, 0, 0, 0, -1, 0, 0, 0, 0, 0.0, 0, 0, 0], [1, 0, 6, 0, 0, 0, -1, 0, 1, 0, 1, 0.0, 0, 0, 0], [0, 0, 6, 0, 0, 0, -1, 0, 0, 0, 0, 0.0, 0, 0, 0], [0, 0, 6, 0, 0, 0, -1, 0, 0, 0, 0, 0.0, 0, 0, 0], [0, 0, 1, 0, 0, 0, -1, 0, 0, 0, 0, 0.0, 0, 0, 0], [1, 0, 1, 0, 0, 0, -1, 1, 1, 1, 1, 0.0, 0, 0, 0], [0, 0, 1, 0, 0, 0, -1, 0, 0, 0, 0, 0.0, 0, 0, 0], [0, 0, 1, 0, 0, 0, -1, 0, 0, 0, 0, 0.0, 0, 0, 0], [1, 1, 5, 0, 0, 0, -1, 0, 0, 1, 1, 0.0, 0, 1, 0], [0, 0, 1, 0, 0, 0, -1, 0, 0, 0, 0, 0.0, 0, 0, 0], [0, 1, 3, 0, 0, 0, -1, 0, 0, 0, 1, 0.0, 0, 1, 1], [0, 0, 6, 0, 0, 0, -1, 0, 0, 0, 0, 0.0, 0, 0, 0], [0, 0, 6, 0, 0, 0, -1, 0, 0, 0, 0, 0.0, 0, 0, 0], [0, 0, 1, 0, 0, 0, -1, 0, 0, 0, 0, 0.0, 0, 0, 0], [0, 0, 1, 0, 0, 0, -1, 0, 0, 0, 0, 0.0, 0, 0, 0], [0, 0, 6, 0, 0, 0, -1, 0, 0, 0, 0, 0.0, 0, 0, 0], [0, 0, 6, 0, 0, 0, -1, 0, 0, 0, 1, 0.0, 0, 1, 0], [0, 0, 6, 0, 0, 0, -1, 0, 0, 0, 0, 0.0, 0, 0, 0], [0, 1, 2, 0, 1, 0, -1, 0, 0, 0, 0, 0.0, 0, 0, 0], [0, 0, 2, 0, 0, 0, -1, 0, 0, 0, 0, 0.0, 0, 0, 0], [0, 0, 2, 0, 0, 0, -1, 0, 0, 0, 0, 0.0, 0, 0, 0], [0, 0, 1, 0, 0, 0, -1, 0, 0, 0, 0, 0.0, 0, 0, 0], [0, 0, 2, 0, 0, 0, -1, 0, 0, 0, 0, 0.0, 0, 0, 0], [0, 0, 6, 0, 0, 0, -1, 0, 0, 0, 0, 0.0, 0, 0, 0], [0, 0, 6, 0, 0, 0, -1, 0, 0, 0, 0, 0.0, 0, 0, 0], [0, 0, 6, 0, 0, 0, -1, 0, 0, 0, 0, 0.0, 0, 0, 0], [0, 0, 5, 0, 0, 0, -1, 0, 0, 0, 0, 0.0, 0, 0, 0], [0, 0, 6, 0, 0, 0, -1, 0, 0, 0, 0, 0.0, 0, 0, 0], [0, 0, 6, 0, 0, 0, -1, 0, 0, 0, 0, 0.0, 0, 0, 0], [0, 0, 5, 0, 0, 0, -1, 0, 0, 0, 0, 0.0, 0, 0, 0], [0, 0, 6, 0, 0, 0, -1, 0, 0, 0, 0, 0.0, 0, 0, 0], [0, 0, 1, 0, 0, 0, -1, 0, 0, 0, 0, 0.0, 0, 0, 0], [0, 0, 6, 0, 0, 0, -1, 0, 0, 0, 0, 0.0, 0, 0, 0], [0, 0, 2, 0, 0, 0, -1, 0, 0, 0, 0, 0.0, 0, 0, 0], [0, 0, 6, 0, 0, 0, -1, 0, 0, 0, 0, 0.0, 0, 0, 0], [0, 0, 2, 0, 0, 0, -1, 0, 0, 0, 0, 0.0, 0, 0, 0], [0, 1, 4, 0, 0, 0, -1, 0, 0, 0, 0, 0.0, 0, 0, 0], [0, 0, 1, 0, 0, 0, -1, 0, 0, 0, 0, 0.0, 0, 0, 0], [0, 0, 6, 0, 0, 0, -1, 0, 0, 0, 0, 0.0, 0, 0, 0], [0, 0, 1, 0, 0, 0, -1, 0, 0, 0, 0, 0.0, 0, 0, 0], [0, 0, 6, 0, 0, 0, -1, 0, 0, 0, 0, 0.0, 0, 0, 0], [0, 0, 6, 0, 0, 0, -1, 0, 0, 0, 0, 0.0, 0, 0, 0], [0, 0, 6, 0, 0, 0, -1, 0, 0, 0, 0, 0.0, 0, 0, 0], [0, 0, 1, 0, 0, 0, -1, 0, 0, 0, 0, 0.0, 0, 0, 0], [0, 0, 6, 0, 0, 0, -1, 0, 0, 0, 1, 0.0, 0, 0, 0], [0, 0, 6, 0, 0, 0, -1, 0, 0, 0, 0, 0.0, 0, 0, 0], [0, 0, 1, 0, 0, 0, -1, 0, 0, 0, 0, 0.0, 0, 0, 0], [0, 0, 3, 0, 0, 0, -1, 0, 0, 0, 0, 0.0, 0, 0, 0], [0, 0, 6, 0, 0, 0, -1, 0, 0, 0, 0, 0.0, 0, 0, 0], [0, 0, 1, 0, 0, 0, -1, 0, 0, 0, 0, 0.0, 0, 0, 0], [0, 1, 3, 0, 1, 0, -1, 0, 0, 0, 1, 0.0, 0, 1, 0], [0, 0, 6, 0, 0, 0, -1, 0, 0, 0, 0, 0.0, 0, 0, 0], [0, 0, 6, 0, 0, 0, -1, 0, 0, 0, 0, 0.0, 0, 0, 0], [0, 0, 6, 0, 0, 0, -1, 0, 0, 0, 0, 0.0, 0, 0, 0], [0, 0, 5, 0, 0, 0, -1, 0, 0, 0, 0, 0.0, 0, 0, 0], [0, 0, 2, 0, 0, 0, -1, 0, 0, 0, 0, 0.0, 0, 0, 0], [0, 0, 4, 0, 0, 0, -1, 0, 0, 0, 1, 0.0, 0, 0, 0], [0, 0, 6, 0, 0, 0, -1, 0, 0, 0, 0, 0.0, 0, 0, 0], [0, 0, 1, 0, 0, 0, -1, 0, 0, 0, 0, 0.0, 0, 0, 0], [0, 0, 1, 0, 0, 0, -1, 0, 0, 0, 0, 0.0, 0, 0, 0], [0, 0, 1, 0, 0, 0, -1, 0, 0, 0, 0, 0.0, 0, 0, 0], [0, 0, 6, 0, 0, 0, -1, 0, 0, 0, 0, 0.0, 0, 0, 0], [0, 1, 6, 0, 0, 0, -1, 0, 0, 0, 0, 0.0, 0, 0, 0], [0, 0, 6, 0, 0, 0, -1, 0, 0, 0, 0, 0.0, 0, 0, 0], [0, 0, 1, 0, 0, 0, -1, 0, 0, 0, 0, 0.0, 0, 0, 0], [0, 0, 6, 0, 0, 0, -1, 0, 0, 0, 0, 0.0, 0, 0, 0], [0, 0, 3, 0, 0, 0, -1, 0, 0, 0, 0, 0.0, 0, 0, 0], [0, 0, 1, 0, 0, 0, -1, 0, 0, 0, 0, 0.0, 0, 0, 0], [0, 0, 6, 0, 0, 0, -1, 0, 0, 0, 0, 0.0, 0, 0, 0], [0, 0, 1, 0, 0, 0, -1, 0, 0, 0, 0, 0.0, 0, 0, 0], [0, 0, 4, 0, 0, 0, -1, 0, 0, 0, 0, 0.0, 0, 0, 0], [0, 0, 1, 0, 0, 0, -1, 0, 0, 0, 0, 0.0, 0, 0, 0], [0, 1, 4, 0, 0, 0, -1, 0, 0, 0, 1, 0.0, 0, 1, 1], [0, 0, 6, 0, 0, 0, -1, 0, 0, 0, 0, 0.0, 0, 0, 0], [0, 1, 2, 0, 1, 0, -1, 0, 0, 0, 0, 0.0, 0, 1, 0], [0, 0, 6, 0, 0, 0, -1, 0, 0, 0, 0, 0.0, 0, 0, 0], [0, 0, 6, 0, 0, 0, -1, 0, 0, 0, 0, 0.0, 0, 0, 0], [0, 0, 5, 0, 0, 0, -1, 0, 0, 0, 0, 0.0, 0, 0, 0], [0, 0, 1, 0, 0, 0, -1, 0, 0, 0, 0, 0.0, 0, 0, 0], [0, 0, 1, 0, 0, 0, -1, 0, 0, 0, 1, 0.0, 0, 0, 0], [0, 0, 1, 0, 0, 0, -1, 0, 0, 0, 0, 0.0, 0, 0, 0], [0, 0, 6, 0, 0, 0, -1, 0, 0, 0, 0, 0.0, 0, 0, 0], [0, 0, 2, 0, 0, 0, -1, 0, 0, 0, 0, 0.0, 0, 0, 0], [0, 0, 1, 0, 0, 0, -1, 0, 0, 0, 0, 0.0, 0, 0, 0], [0, 0, 1, 0, 0, 0, -1, 0, 0, 0, 0, 0.0, 0, 0, 0], [0, 0, 1, 0, 0, 0, -1, 0, 0, 0, 0, 0.0, 0, 0, 0], [0, 0, 6, 0, 0, 0, -1, 0, 0, 0, 0, 0.0, 0, 0, 0], [0, 0, 6, 0, 0, 0, -1, 0, 0, 0, 0, 0.0, 0, 0, 0], [0, 0, 1, 0, 0, 0, -1, 0, 0, 0, 0, 0.0, 0, 0, 0], [0, 0, 4, 0, 0, 0, -1, 0, 0, 0, 0, 0.0, 0, 0, 0], [1, 1, 2, 0, 1, 0, -1, 1, 0, 1, 1, 0.0, 0, 1, 0], [0, 0, 6, 0, 0, 0, -1, 0, 0, 0, 0, 0.0, 0, 0, 0], [0, 0, 6, 0, 0, 0, -1, 0, 0, 0, 0, 0.0, 0, 0, 0], [0, 0, 1, 0, 0, 0, -1, 0, 0, 0, 0, 0.0, 0, 0, 0], [0, 0, 1, 0, 0, 0, -1, 0, 0, 0, 0, 0.0, 0, 0, 0], [0, 0, 3, 0, 0, 0, -1, 0, 0, 0, 0, 0.0, 0, 1, 0], [0, 0, 1, 0, 0, 0, -1, 0, 0, 0, 0, 0.0, 0, 0, 0], [0, 0, 6, 0, 0, 0, -1, 0, 0, 0, 0, 0.0, 0, 0, 0], [0, 0, 6, 0, 0, 0, -1, 0, 0, 0, 0, 0.0, 0, 0, 0], [0, 0, 1, 0, 0, 0, -1, 0, 0, 0, 1, 0.0, 0, 0, 0], [0, 0, 6, 0, 0, 0, -1, 0, 0, 0, 0, 0.0, 0, 0, 0], [0, 0, 6, 0, 0, 0, -1, 0, 0, 0, 0, 0.0, 0, 0, 0], [0, 1, 3, 0, 0, 0, -1, 0, 0, 0, 1, 0.0, 0, 1, 1], [0, 0, 6, 0, 0, 0, -1, 0, 0, 0, 0, 0.0, 0, 0, 0], [0, 0, 6, 0, 0, 0, -1, 0, 0, 0, 0, 0.0, 0, 0, 0], [0, 0, 6, 0, 0, 0, -1, 0, 0, 0, 0, 0.0, 0, 0, 0], [0, 0, 5, 0, 0, 0, -1, 0, 0, 0, 0, 0.0, 0, 0, 0], [0, 0, 1, 0, 0, 0, -1, 0, 0, 0, 1, 0.0, 0, 0, 0], [0, 0, 6, 0, 0, 0, -1, 0, 0, 0, 0, 0.0, 0, 0, 0], [0, 0, 6, 0, 0, 0, -1, 0, 0, 0, 0, 0.0, 0, 0, 0], [0, 1, 6, 0, 0, 0, -1, 0, 0, 0, 0, 0.0, 0, 1, 0], [0, 0, 1, 0, 0, 0, -1, 0, 0, 0, 0, 0.0, 0, 0, 0], [0, 1, 6, 0, 0, 0, -1, 0, 0, 0, 0, 0.0, 0, 1, 1], [0, 0, 2, 0, 0, 0, -1, 0, 0, 0, 0, 0.0, 0, 0, 0], [0, 1, 6, 0, 0, 0, -1, 0, 0, 0, 1, 0.0, 0, 0, 0], [0, 0, 6, 0, 0, 0, -1, 0, 0, 0, 0, 0.0, 0, 0, 0], [0, 0, 1, 0, 0, 0, -1, 0, 0, 0, 0, 0.0, 0, 0, 0], [0, 0, 1, 0, 0, 0, -1, 0, 0, 0, 0, 0.0, 0, 0, 0], [0, 0, 2, 0, 0, 0, -1, 0, 0, 0, 0, 0.0, 0, 0, 0], [0, 0, 2, 0, 0, 0, -1, 0, 0, 0, 0, 0.0, 0, 0, 0], [1, 0, 2, 0, 0, 0, -1, 0, 1, 0, 1, 0.0, 0, 0, 0], [0, 0, 1, 0, 0, 0, -1, 0, 0, 0, 0, 0.0, 0, 0, 0], [0, 0, 6, 0, 0, 0, -1, 0, 0, 0, 0, 0.0, 0, 0, 0], [0, 0, 6, 0, 0, 0, -1, 0, 0, 0, 0, 0.0, 0, 0, 0], [0, 0, 5, 0, 0, 0, -1, 0, 0, 0, 0, 0.0, 0, 0, 0], [0, 0, 6, 0, 0, 0, -1, 0, 0, 0, 1, 0.0, 0, 0, 0], [0, 0, 6, 0, 0, 0, -1, 0, 0, 0, 0, 0.0, 0, 0, 0], [0, 0, 6, 0, 0, 0, -1, 0, 0, 0, 0, 0.0, 0, 0, 0], [0, 0, 3, 0, 0, 0, -1, 0, 0, 0, 0, 0.0, 0, 0, 0], [0, 0, 1, 0, 0, 0, -1, 0, 0, 0, 0, 0.0, 0, 0, 0], [0, 0, 1, 0, 0, 0, -1, 0, 0, 0, 1, 0.0, 0, 0, 0], [0, 0, 6, 0, 0, 0, -1, 0, 0, 0, 0, 0.0, 0, 0, 0], [0, 0, 6, 0, 0, 0, -1, 0, 0, 0, 0, 0.0, 0, 0, 0], [0, 0, 5, 0, 0, 0, -1, 0, 0, 0, 0, 0.0, 0, 0, 0], [0, 1, 6, 0, 0, 0, -1, 0, 0, 0, 0, 0.0, 0, 0, 0], [0, 0, 1, 0, 0, 0, -1, 0, 0, 0, 0, 0.0, 0, 0, 0], [0, 0, 2, 0, 0, 0, -1, 0, 0, 0, 0, 0.0, 0, 0, 0], [0, 0, 6, 0, 0, 0, -1, 0, 0, 0, 0, 0.0, 0, 0, 0], [0, 0, 1, 0, 0, 0, -1, 0, 0, 0, 0, 0.0, 0, 0, 0], [0, 0, 1, 0, 0, 0, -1, 0, 0, 0, 0, 0.0, 0, 0, 0], [0, 0, 6, 0, 0, 0, -1, 0, 0, 0, 1, 0.0, 0, 0, 0], [0, 0, 1, 0, 0, 0, -1, 0, 0, 0, 0, 0.0, 0, 0, 0], [0, 0, 1, 0, 0, 0, -1, 0, 0, 0, 0, 0.0, 0, 0, 0], [0, 0, 6, 0, 0, 0, -1, 0, 0, 0, 0, 0.0, 0, 0, 0], [0, 0, 4, 0, 0, 0, -1, 0, 0, 0, 0, 0.0, 0, 0, 0], [0, 0, 2, 0, 0, 0, -1, 0, 0, 0, 0, 0.0, 0, 0, 0], [0, 0, 2, 0, 0, 0, -1, 0, 0, 0, 0, 0.0, 0, 0, 0], [0, 0, 2, 0, 0, 0, -1, 0, 0, 0, 0, 0.0, 0, 0, 0], [0, 0, 6, 0, 0, 0, -1, 0, 0, 0, 0, 0.0, 0, 0, 0], [0, 0, 1, 0, 0, 0, -1, 0, 0, 0, 0, 0.0, 0, 0, 0], [0, 0, 2, 0, 0, 0, -1, 0, 0, 0, 0, 0.0, 0, 0, 0], [0, 0, 2, 0, 0, 0, -1, 0, 0, 0, 0, 0.0, 0, 0, 0], [0, 0, 1, 0, 0, 0, -1, 0, 0, 0, 1, 0.0, 0, 0, 0], [0, 0, 6, 0, 0, 0, -1, 0, 0, 0, 0, 0.0, 0, 1, 0], [0, 0, 2, 0, 0, 0, -1, 0, 0, 0, 0, 0.0, 0, 0, 0], [0, 0, 6, 0, 0, 0, -1, 0, 0, 0, 0, 0.0, 0, 0, 0], [0, 0, 6, 0, 0, 0, -1, 0, 0, 0, 0, 0.0, 0, 0, 0], [0, 1, 3, 0, 0, 0, -1, 0, 0, 0, 0, 0.0, 0, 1, 1], [0, 0, 5, 0, 0, 0, -1, 0, 0, 0, 0, 0.0, 0, 0, 0], [0, 0, 6, 0, 0, 0, -1, 0, 0, 0, 0, 0.0, 0, 0, 0], [0, 0, 1, 0, 0, 0, -1, 0, 0, 0, 0, 0.0, 0, 0, 0], [0, 1, 5, 0, 0, 0, -1, 0, 0, 0, 1, 0.0, 0, 1, 1], [0, 0, 1, 0, 0, 0, -1, 0, 0, 0, 0, 0.0, 0, 0, 0], [0, 0, 1, 0, 0, 0, -1, 0, 0, 0, 0, 0.0, 0, 0, 0], [0, 0, 2, 0, 0, 0, -1, 0, 0, 0, 0, 0.0, 0, 0, 0], [1, 0, 6, 0, 0, 0, -1, 0, 1, 1, 1, 0.0, 0, 0, 0], [0, 0, 6, 0, 0, 0, -1, 0, 0, 0, 0, 0.0, 0, 0, 0], [0, 0, 3, 0, 0, 0, -1, 0, 0, 0, 0, 0.0, 0, 0, 0], [0, 0, 6, 0, 0, 0, -1, 0, 0, 0, 0, 0.0, 0, 0, 0], [0, 0, 3, 0, 0, 0, -1, 0, 0, 0, 0, 0.0, 0, 0, 0], [0, 0, 1, 0, 0, 0, -1, 0, 0, 0, 0, 0.0, 0, 0, 0], [0, 0, 6, 0, 0, 0, -1, 0, 0, 0, 1, 0.0, 0, 1, 0], [0, 0, 6, 0, 0, 0, -1, 0, 0, 0, 0, 0.0, 0, 0, 0], [0, 0, 6, 0, 0, 0, -1, 0, 0, 0, 0, 0.0, 0, 0, 0], [0, 0, 1, 0, 0, 0, -1, 0, 0, 0, 0, 0.0, 0, 0, 0], [0, 0, 6, 0, 0, 0, -1, 0, 0, 0, 0, 0.0, 0, 1, 0], [0, 0, 6, 0, 0, 0, -1, 0, 0, 0, 0, 0.0, 0, 0, 0], [0, 0, 1, 0, 0, 0, -1, 0, 0, 0, 0, 0.0, 0, 0, 0], [0, 0, 6, 0, 0, 0, -1, 0, 0, 0, 0, 0.0, 0, 0, 0], [1, 0, 6, 0, 0, 0, -1, 0, 1, 0, 1, 0.0, 0, 0, 0], [0, 0, 6, 0, 0, 0, -1, 0, 0, 0, 0, 0.0, 0, 0, 0], [0, 0, 6, 0, 0, 0, -1, 0, 0, 0, 0, 0.0, 0, 0, 0], [0, 0, 1, 0, 0, 0, -1, 0, 0, 0, 0, 0.0, 0, 0, 0], [0, 0, 2, 0, 0, 0, -1, 0, 0, 0, 0, 0.0, 0, 0, 0], [0, 0, 6, 0, 0, 0, -1, 0, 0, 0, 0, 0.0, 0, 0, 0], [0, 0, 1, 0, 0, 0, -1, 0, 0, 0, 0, 0.0, 0, 0, 0], [0, 0, 6, 0, 0, 0, -1, 0, 0, 0, 0, 0.0, 0, 0, 0], [0, 1, 3, 0, 0, 1, 0, 0, 0, 0, 1, 0.1134020618556701, 97, 0, 0], [0, 0, 6, 0, 0, 0, -1, 0, 0, 0, 0, 0.0, 0, 0, 0], [0, 0, 6, 0, 0, 0, -1, 0, 0, 0, 0, 0.0, 0, 0, 0], [0, 0, 6, 0, 0, 0, -1, 0, 0, 0, 0, 0.0, 0, 0, 0], [0, 0, 6, 0, 0, 0, -1, 0, 0, 0, 1, 0.0, 0, 1, 0], [0, 0, 6, 0, 0, 0, -1, 0, 0, 0, 0, 0.0, 0, 0, 0], [0, 0, 6, 0, 0, 0, -1, 0, 0, 0, 0, 0.0, 0, 0, 0], [0, 0, 6, 0, 0, 0, -1, 0, 0, 0, 0, 0.0, 0, 0, 0], [0, 0, 6, 0, 0, 0, -1, 0, 0, 0, 0, 0.0, 0, 0, 0], [0, 0, 6, 0, 0, 0, -1, 0, 0, 0, 0, 0.0, 0, 0, 0], [0, 0, 1, 0, 0, 0, -1, 0, 0, 0, 0, 0.0, 0, 0, 0], [0, 0, 1, 0, 0, 0, -1, 0, 0, 0, 0, 0.0, 0, 0, 0], [0, 0, 3, 0, 0, 0, -1, 0, 0, 0, 0, 0.0, 0, 0, 0], [0, 0, 6, 0, 0, 0, -1, 0, 0, 0, 0, 0.0, 0, 0, 0], [0, 1, 6, 0, 0, 0, -1, 0, 0, 0, 1, 0.0, 0, 0, 0], [0, 0, 1, 0, 0, 0, -1, 0, 0, 0, 0, 0.0, 0, 0, 0], [0, 0, 3, 0, 0, 0, -1, 0, 0, 0, 1, 0.0, 0, 0, 0], [0, 0, 6, 0, 0, 0, -1, 0, 0, 0, 0, 0.0, 0, 0, 0], [0, 0, 6, 0, 0, 0, -1, 0, 0, 0, 0, 0.0, 0, 0, 0], [0, 0, 6, 0, 0, 0, -1, 0, 0, 0, 0, 0.0, 0, 0, 0], [0, 0, 6, 0, 0, 0, -1, 0, 0, 0, 0, 0.0, 0, 0, 0], [0, 0, 6, 0, 0, 0, -1, 0, 0, 0, 0, 0.0, 0, 0, 0], [0, 0, 1, 0, 0, 0, -1, 0, 0, 0, 0, 0.0, 0, 0, 0], [0, 0, 5, 0, 0, 0, -1, 0, 0, 0, 0, 0.0, 0, 0, 0], [0, 0, 1, 0, 0, 0, -1, 0, 0, 0, 0, 0.0, 0, 0, 0], [0, 0, 6, 0, 0, 0, -1, 0, 0, 0, 0, 0.0, 0, 0, 0], [0, 0, 6, 0, 0, 0, -1, 0, 0, 0, 0, 0.0, 0, 0, 0], [0, 0, 1, 0, 0, 0, -1, 0, 0, 0, 0, 0.0, 0, 0, 0], [0, 0, 6, 0, 0, 0, -1, 0, 0, 0, 0, 0.0, 0, 0, 0], [0, 0, 1, 0, 0, 0, -1, 0, 0, 0, 0, 0.0, 0, 0, 0], [0, 0, 6, 0, 0, 0, -1, 0, 0, 0, 0, 0.0, 0, 0, 0], [0, 0, 1, 0, 0, 0, -1, 0, 0, 0, 0, 0.0, 0, 0, 0], [0, 0, 6, 0, 0, 0, -1, 0, 0, 0, 1, 0.0, 0, 0, 0], [0, 0, 2, 0, 0, 0, -1, 0, 0, 0, 0, 0.0, 0, 0, 0], [0, 1, 5, 0, 0, 0, -1, 0, 0, 0, 0, 0.0, 0, 0, 0], [0, 0, 3, 0, 0, 0, -1, 0, 0, 0, 0, 0.0, 0, 0, 0], [1, 1, 5, 0, 1, 0, -1, 0, 0, 1, 1, 0.0, 0, 1, 0], [0, 0, 6, 0, 0, 0, -1, 0, 0, 0, 0, 0.0, 0, 0, 0], [0, 0, 2, 0, 0, 0, -1, 0, 0, 0, 0, 0.0, 0, 0, 0], [0, 0, 6, 0, 0, 0, -1, 0, 0, 0, 0, 0.0, 0, 0, 0], [0, 0, 6, 0, 0, 0, -1, 0, 0, 0, 0, 0.0, 0, 0, 0], [0, 0, 6, 0, 0, 0, -1, 0, 0, 0, 0, 0.0, 0, 0, 0], [0, 0, 6, 0, 0, 0, -1, 0, 0, 0, 0, 0.0, 0, 0, 0], [0, 0, 1, 0, 0, 0, -1, 0, 0, 0, 0, 0.0, 0, 0, 0], [0, 0, 1, 0, 0, 0, -1, 0, 0, 0, 0, 0.0, 0, 1, 0], [0, 0, 4, 0, 0, 0, -1, 0, 0, 0, 0, 0.0, 0, 0, 0], [0, 0, 2, 0, 0, 0, -1, 0, 0, 0, 0, 0.0, 0, 0, 0], [0, 0, 4, 0, 0, 0, -1, 0, 0, 0, 0, 0.0, 0, 0, 0], [0, 0, 6, 0, 0, 0, -1, 0, 0, 0, 0, 0.0, 0, 0, 0], [0, 0, 1, 0, 0, 0, -1, 0, 0, 0, 0, 0.0, 0, 0, 0], [0, 0, 6, 0, 0, 0, -1, 0, 0, 0, 0, 0.0, 0, 0, 0], [0, 0, 1, 0, 0, 0, -1, 0, 0, 0, 0, 0.0, 0, 0, 0], [0, 0, 4, 0, 0, 0, -1, 0, 0, 0, 0, 0.0, 0, 0, 0], [0, 0, 6, 0, 0, 0, -1, 0, 0, 0, 0, 0.0, 0, 0, 0], [1, 0, 2, 0, 0, 0, -1, 1, 1, 1, 1, 0.0, 0, 0, 0], [0, 0, 6, 0, 0, 0, -1, 0, 0, 0, 0, 0.0, 0, 0, 0], [0, 0, 2, 0, 0, 0, -1, 0, 0, 0, 0, 0.0, 0, 0, 0], [0, 0, 6, 0, 0, 0, -1, 0, 0, 0, 0, 0.0, 0, 0, 0], [0, 0, 6, 0, 0, 0, -1, 0, 0, 0, 0, 0.0, 0, 0, 0], [0, 0, 1, 0, 0, 0, -1, 0, 0, 0, 0, 0.0, 0, 0, 0], [0, 0, 1, 0, 0, 0, -1, 0, 0, 0, 1, 0.0, 0, 0, 0], [0, 0, 6, 0, 0, 0, -1, 0, 0, 0, 0, 0.0, 0, 0, 0], [1, 1, 6, 0, 0, 0, -1, 0, 0, 0, 1, 0.0, 0, 1, 1], [0, 0, 1, 0, 0, 0, -1, 0, 0, 0, 0, 0.0, 0, 0, 0], [0, 0, 2, 0, 0, 0, -1, 0, 0, 0, 0, 0.0, 0, 0, 0], [0, 0, 2, 0, 0, 0, -1, 0, 0, 0, 0, 0.0, 0, 0, 0], [0, 0, 6, 0, 0, 0, -1, 0, 0, 0, 0, 0.0, 0, 0, 0], [0, 0, 2, 0, 0, 0, -1, 0, 0, 0, 0, 0.0, 0, 0, 0], [0, 0, 1, 0, 0, 0, -1, 0, 0, 0, 0, 0.0, 0, 0, 0], [0, 0, 1, 0, 0, 0, -1, 0, 0, 0, 0, 0.0, 0, 0, 0], [0, 0, 6, 0, 0, 0, -1, 0, 0, 0, 1, 0.0, 0, 0, 0], [0, 0, 6, 0, 0, 0, -1, 0, 0, 0, 0, 0.0, 0, 0, 0], [0, 0, 6, 0, 0, 0, -1, 0, 0, 0, 0, 0.0, 0, 0, 0], [0, 0, 6, 0, 0, 0, -1, 0, 0, 0, 0, 0.0, 0, 0, 0], [0, 0, 6, 0, 0, 0, -1, 0, 0, 0, 0, 0.0, 0, 0, 0], [0, 0, 1, 0, 0, 0, -1, 0, 0, 0, 0, 0.0, 0, 0, 0], [0, 0, 1, 0, 0, 0, -1, 0, 0, 0, 0, 0.0, 0, 0, 0], [0, 0, 1, 0, 0, 0, -1, 0, 0, 0, 0, 0.0, 0, 0, 0], [0, 0, 6, 0, 0, 0, -1, 0, 0, 0, 0, 0.0, 0, 0, 0], [0, 0, 6, 0, 0, 0, -1, 0, 0, 0, 0, 0.0, 0, 0, 0], [0, 0, 3, 0, 0, 0, -1, 0, 0, 0, 0, 0.0, 0, 0, 0], [0, 0, 1, 0, 0, 0, -1, 0, 0, 0, 0, 0.0, 0, 0, 0], [0, 0, 6, 0, 0, 0, -1, 0, 0, 0, 0, 0.0, 0, 0, 0], [0, 1, 6, 0, 1, 0, -1, 0, 0, 0, 1, 0.0, 0, 1, 1], [0, 0, 6, 0, 0, 0, -1, 0, 0, 0, 0, 0.0, 0, 0, 0], [0, 0, 1, 0, 0, 0, -1, 0, 0, 0, 0, 0.0, 0, 0, 0], [0, 0, 4, 0, 0, 0, -1, 0, 0, 0, 0, 0.0, 0, 0, 0], [0, 0, 6, 0, 0, 0, -1, 0, 0, 0, 0, 0.0, 0, 0, 0], [0, 0, 5, 0, 0, 0, -1, 0, 0, 0, 0, 0.0, 0, 0, 0], [0, 0, 6, 0, 0, 0, -1, 0, 0, 0, 0, 0.0, 0, 0, 0], [0, 0, 4, 0, 0, 0, -1, 0, 0, 0, 0, 0.0, 0, 0, 0], [0, 0, 6, 0, 0, 0, -1, 0, 0, 0, 0, 0.0, 0, 0, 0], [0, 0, 6, 0, 0, 0, -1, 0, 0, 0, 0, 0.0, 0, 0, 0], [0, 0, 6, 0, 0, 0, -1, 0, 0, 0, 0, 0.0, 0, 0, 0], [1, 1, 5, 0, 1, 0, -1, 0, 0, 0, 1, 0.0, 0, 1, 1], [0, 1, 3, 0, 1, 0, -1, 0, 0, 0, 0, 0.0, 0, 1, 1], [0, 0, 6, 0, 0, 0, -1, 0, 0, 0, 0, 0.0, 0, 0, 0], [0, 0, 6, 0, 0, 0, -1, 0, 0, 0, 0, 0.0, 0, 0, 0], [0, 0, 3, 0, 0, 0, -1, 0, 0, 0, 0, 0.0, 0, 0, 0], [0, 0, 1, 0, 0, 0, -1, 0, 0, 0, 0, 0.0, 0, 0, 0], [0, 0, 5, 0, 0, 0, -1, 0, 0, 0, 0, 0.0, 0, 0, 0], [0, 0, 2, 0, 0, 0, -1, 0, 0, 0, 0, 0.0, 0, 0, 0], [0, 0, 6, 0, 0, 0, -1, 0, 0, 0, 0, 0.0, 0, 0, 0], [0, 0, 6, 0, 0, 0, -1, 0, 0, 0, 0, 0.0, 0, 0, 0], [0, 0, 6, 0, 0, 0, -1, 0, 0, 0, 0, 0.0, 0, 0, 0], [1, 1, 6, 0, 1, 0, -1, 0, 0, 0, 1, 0.0, 0, 1, 1], [0, 1, 2, 0, 1, 0, -1, 0, 0, 0, 0, 0.0, 0, 0, 0], [0, 1, 4, 0, 0, 0, -1, 0, 0, 0, 1, 0.0, 0, 1, 1], [0, 0, 6, 0, 0, 0, -1, 0, 0, 0, 0, 0.0, 0, 0, 0], [0, 0, 2, 0, 0, 0, -1, 0, 0, 0, 0, 0.0, 0, 0, 0], [0, 0, 4, 0, 0, 0, -1, 0, 0, 0, 0, 0.0, 0, 0, 0], [0, 0, 2, 0, 0, 0, -1, 0, 0, 0, 0, 0.0, 0, 0, 0], [0, 0, 1, 0, 0, 0, -1, 0, 0, 0, 0, 0.0, 0, 0, 0], [0, 0, 4, 0, 0, 0, -1, 0, 0, 0, 0, 0.0, 0, 0, 0], [0, 0, 3, 0, 0, 0, -1, 0, 0, 0, 0, 0.0, 0, 0, 0], [0, 0, 3, 0, 0, 0, -1, 0, 0, 0, 0, 0.0, 0, 0, 0], [0, 0, 6, 0, 0, 0, -1, 0, 0, 0, 0, 0.0, 0, 0, 0], [0, 0, 2, 0, 0, 0, -1, 0, 0, 0, 0, 0.0, 0, 0, 0], [0, 0, 5, 0, 0, 0, -1, 0, 0, 0, 1, 0.0, 0, 0, 0], [0, 0, 1, 0, 0, 0, -1, 0, 0, 0, 0, 0.0, 0, 0, 0], [0, 0, 1, 0, 0, 0, -1, 0, 0, 0, 0, 0.0, 0, 0, 0], [0, 0, 6, 0, 0, 0, -1, 0, 0, 0, 0, 0.0, 0, 0, 0], [0, 0, 2, 0, 0, 0, -1, 0, 0, 0, 0, 0.0, 0, 0, 0], [1, 1, 6, 0, 0, 0, -1, 0, 0, 1, 1, 0.0, 0, 0, 0], [0, 1, 4, 0, 1, 0, -1, 0, 0, 0, 0, 0.0, 0, 0, 0], [1, 0, 5, 0, 0, 0, -1, 0, 1, 0, 1, 0.0, 0, 0, 0], [0, 0, 6, 0, 0, 0, -1, 0, 0, 0, 0, 0.0, 0, 0, 0], [0, 0, 6, 0, 0, 0, -1, 0, 0, 0, 0, 0.0, 0, 0, 0], [0, 0, 1, 0, 0, 0, -1, 0, 0, 0, 0, 0.0, 0, 0, 0], [0, 0, 2, 0, 0, 0, -1, 0, 0, 0, 0, 0.0, 0, 0, 0], [0, 0, 2, 0, 0, 0, -1, 0, 0, 0, 0, 0.0, 0, 0, 0], [0, 0, 1, 0, 0, 0, -1, 0, 0, 0, 0, 0.0, 0, 0, 0], [0, 0, 1, 0, 0, 0, -1, 0, 0, 0, 0, 0.0, 0, 0, 0], [0, 0, 4, 0, 0, 0, -1, 0, 0, 0, 0, 0.0, 0, 0, 0], [0, 0, 6, 0, 0, 0, -1, 0, 0, 0, 1, 0.0, 0, 0, 0], [1, 1, 4, 0, 0, 0, -1, 0, 0, 0, 1, 0.0, 0, 1, 1], [0, 0, 1, 0, 0, 0, -1, 0, 0, 0, 0, 0.0, 0, 0, 0], [0, 0, 1, 0, 0, 0, -1, 0, 0, 0, 0, 0.0, 0, 0, 0], [0, 0, 1, 0, 0, 0, -1, 0, 0, 0, 0, 0.0, 0, 0, 0], [0, 0, 1, 0, 0, 0, -1, 0, 0, 0, 0, 0.0, 0, 0, 0], [0, 0, 6, 0, 0, 0, -1, 0, 0, 0, 0, 0.0, 0, 0, 0], [0, 0, 6, 0, 0, 0, -1, 0, 0, 0, 0, 0.0, 0, 0, 0], [0, 0, 6, 0, 0, 0, -1, 0, 0, 0, 0, 0.0, 0, 0, 0], [0, 0, 6, 0, 0, 0, -1, 0, 0, 0, 0, 0.0, 0, 0, 0], [0, 1, 4, 0, 0, 0, -1, 0, 0, 0, 0, 0.0, 0, 0, 0], [0, 0, 1, 0, 0, 0, -1, 0, 0, 0, 0, 0.0, 0, 0, 0], [0, 0, 1, 0, 0, 0, -1, 0, 0, 0, 0, 0.0, 0, 0, 0], [0, 0, 6, 0, 0, 0, -1, 0, 0, 0, 0, 0.0, 0, 0, 0], [0, 0, 1, 0, 0, 0, -1, 0, 0, 0, 0, 0.0, 0, 0, 0], [0, 0, 1, 0, 0, 0, -1, 0, 0, 0, 0, 0.0, 0, 0, 0], [0, 0, 2, 0, 0, 0, -1, 0, 0, 0, 0, 0.0, 0, 0, 0], [0, 0, 6, 0, 0, 0, -1, 0, 0, 0, 0, 0.0, 0, 0, 0], [0, 0, 2, 0, 0, 0, -1, 0, 0, 0, 1, 0.0, 0, 0, 0], [0, 0, 2, 0, 0, 0, -1, 0, 0, 0, 0, 0.0, 0, 0, 0], [0, 0, 1, 0, 0, 0, -1, 0, 0, 0, 0, 0.0, 0, 0, 0], [0, 1, 6, 0, 0, 0, -1, 0, 0, 0, 0, 0.0, 0, 0, 0], [0, 0, 1, 0, 0, 0, -1, 0, 0, 0, 0, 0.0, 0, 0, 0], [0, 0, 1, 0, 0, 0, -1, 0, 0, 0, 1, 0.0, 0, 1, 0], [0, 0, 2, 0, 0, 0, -1, 0, 0, 0, 0, 0.0, 0, 0, 0], [0, 0, 6, 0, 0, 0, -1, 0, 0, 0, 0, 0.0, 0, 0, 0], [0, 1, 6, 0, 0, 0, -1, 0, 0, 0, 0, 0.0, 0, 0, 0], [0, 0, 6, 0, 0, 0, -1, 0, 0, 0, 0, 0.0, 0, 0, 0], [0, 0, 6, 0, 0, 0, -1, 0, 0, 0, 0, 0.0, 0, 0, 0], [0, 0, 1, 0, 0, 0, -1, 0, 0, 0, 0, 0.0, 0, 0, 0], [0, 0, 6, 0, 0, 0, -1, 0, 0, 0, 0, 0.0, 0, 0, 0], [0, 0, 1, 0, 0, 0, -1, 0, 0, 0, 0, 0.0, 0, 0, 0], [0, 0, 1, 0, 0, 0, -1, 0, 0, 0, 0, 0.0, 0, 0, 0], [0, 0, 1, 0, 0, 0, -1, 0, 0, 0, 0, 0.0, 0, 0, 0], [0, 0, 1, 0, 0, 0, -1, 0, 0, 0, 0, 0.0, 0, 0, 0], [0, 0, 6, 0, 0, 0, -1, 0, 0, 0, 0, 0.0, 0, 0, 0], [0, 0, 2, 0, 0, 0, -1, 0, 0, 0, 0, 0.0, 0, 0, 0], [0, 0, 6, 0, 0, 0, -1, 0, 0, 0, 0, 0.0, 0, 0, 0], [0, 0, 3, 0, 0, 0, -1, 0, 0, 0, 1, 0.0, 0, 0, 0], [0, 0, 1, 0, 0, 0, -1, 0, 0, 0, 0, 0.0, 0, 0, 0], [0, 0, 1, 0, 0, 0, -1, 0, 0, 0, 0, 0.0, 0, 0, 0], [0, 0, 3, 0, 0, 0, -1, 0, 0, 0, 0, 0.0, 0, 0, 0], [0, 0, 5, 0, 0, 0, -1, 0, 0, 0, 1, 0.0, 0, 0, 0], [0, 0, 1, 0, 0, 0, -1, 0, 0, 0, 1, 0.0, 0, 1, 0], [0, 0, 3, 0, 0, 0, -1, 0, 0, 0, 0, 0.0, 0, 0, 0], [0, 0, 6, 0, 0, 0, -1, 0, 0, 0, 1, 0.0, 0, 0, 0], [0, 0, 6, 0, 0, 0, -1, 0, 0, 0, 0, 0.0, 0, 0, 0], [0, 0, 6, 0, 0, 0, -1, 0, 0, 0, 0, 0.0, 0, 0, 0], [0, 0, 6, 0, 0, 0, -1, 0, 0, 0, 0, 0.0, 0, 0, 0], [0, 0, 2, 0, 0, 0, -1, 0, 0, 0, 0, 0.0, 0, 0, 0], [0, 0, 2, 0, 0, 0, -1, 0, 0, 0, 0, 0.0, 0, 0, 0], [0, 0, 5, 0, 0, 0, -1, 0, 0, 0, 0, 0.0, 0, 0, 0], [0, 0, 1, 0, 0, 0, -1, 0, 0, 0, 0, 0.0, 0, 0, 0], [0, 0, 3, 0, 0, 0, -1, 0, 0, 0, 0, 0.0, 0, 0, 0], [0, 0, 3, 0, 0, 0, -1, 0, 0, 0, 0, 0.0, 0, 0, 0], [0, 0, 6, 0, 0, 0, -1, 0, 0, 0, 0, 0.0, 0, 1, 0], [0, 0, 1, 0, 0, 0, -1, 0, 0, 0, 0, 0.0, 0, 0, 0], [0, 0, 1, 0, 0, 0, -1, 0, 0, 0, 0, 0.0, 0, 0, 0], [1, 1, 4, 0, 0, 0, -1, 0, 0, 0, 1, 0.0, 0, 1, 1], [0, 0, 6, 0, 0, 0, -1, 0, 0, 0, 0, 0.0, 0, 0, 0], [0, 0, 2, 0, 0, 0, -1, 0, 0, 0, 0, 0.0, 0, 0, 0], [0, 0, 6, 0, 0, 0, -1, 0, 0, 0, 0, 0.0, 0, 0, 0], [0, 0, 1, 0, 0, 0, -1, 0, 0, 0, 0, 0.0, 0, 0, 0], [0, 0, 1, 0, 0, 0, -1, 0, 0, 0, 0, 0.0, 0, 0, 0], [0, 0, 1, 0, 0, 0, -1, 0, 0, 0, 0, 0.0, 0, 0, 0], [0, 0, 4, 0, 0, 0, -1, 0, 0, 0, 0, 0.0, 0, 0, 0], [1, 1, 6, 0, 0, 0, -1, 0, 0, 1, 1, 0.0, 0, 0, 0], [0, 0, 6, 0, 0, 0, -1, 0, 0, 0, 0, 0.0, 0, 0, 0], [0, 0, 3, 0, 0, 0, -1, 0, 0, 0, 0, 0.0, 0, 0, 0], [0, 0, 6, 0, 0, 0, -1, 0, 0, 0, 0, 0.0, 0, 0, 0], [0, 0, 6, 0, 0, 0, -1, 0, 0, 0, 0, 0.0, 0, 0, 0], [0, 0, 6, 0, 0, 0, -1, 0, 0, 0, 0, 0.0, 0, 0, 0], [0, 1, 3, 0, 0, 0, -1, 0, 0, 0, 0, 0.0, 0, 1, 1], [0, 1, 6, 0, 0, 0, -1, 0, 0, 0, 1, 0.0, 0, 0, 0], [0, 0, 6, 0, 0, 0, -1, 0, 0, 0, 0, 0.0, 0, 0, 0], [0, 0, 2, 0, 0, 0, -1, 0, 0, 0, 0, 0.0, 0, 0, 0], [0, 0, 2, 0, 0, 0, -1, 0, 0, 0, 0, 0.0, 0, 0, 0], [0, 0, 1, 0, 0, 0, -1, 0, 0, 0, 0, 0.0, 0, 0, 0], [0, 0, 6, 0, 0, 0, -1, 0, 0, 0, 0, 0.0, 0, 0, 0], [0, 0, 1, 0, 0, 0, -1, 0, 0, 0, 0, 0.0, 0, 0, 0], [0, 0, 1, 0, 0, 0, -1, 0, 0, 0, 1, 0.0, 0, 1, 0], [0, 0, 1, 0, 0, 0, -1, 0, 0, 0, 0, 0.0, 0, 0, 0], [0, 0, 4, 0, 0, 0, -1, 0, 0, 0, 1, 0.0, 0, 0, 0], [0, 0, 1, 0, 0, 0, -1, 0, 0, 0, 0, 0.0, 0, 0, 0], [0, 0, 6, 0, 0, 0, -1, 0, 0, 0, 0, 0.0, 0, 0, 0], [0, 0, 6, 0, 0, 0, -1, 0, 0, 0, 0, 0.0, 0, 0, 0], [0, 1, 3, 0, 1, 0, -1, 0, 0, 0, 1, 0.0, 0, 1, 1], [0, 0, 1, 0, 0, 0, -1, 0, 0, 0, 0, 0.0, 0, 0, 0], [0, 0, 4, 0, 0, 0, -1, 0, 0, 0, 0, 0.0, 0, 0, 0], [0, 0, 5, 0, 0, 0, -1, 0, 0, 0, 0, 0.0, 0, 0, 0], [0, 0, 6, 0, 0, 0, -1, 0, 0, 0, 0, 0.0, 0, 0, 0], [0, 0, 2, 0, 0, 0, -1, 0, 0, 0, 0, 0.0, 0, 1, 0], [0, 0, 6, 0, 0, 0, -1, 0, 0, 0, 0, 0.0, 0, 0, 0], [0, 0, 1, 0, 0, 0, -1, 0, 0, 0, 1, 0.0, 0, 1, 0], [0, 0, 3, 0, 0, 0, -1, 0, 0, 0, 0, 0.0, 0, 0, 0], [1, 0, 1, 0, 0, 0, -1, 1, 1, 1, 1, 0.0, 0, 1, 0], [0, 0, 6, 0, 0, 0, -1, 0, 0, 0, 0, 0.0, 0, 0, 0], [0, 0, 1, 0, 0, 0, -1, 0, 0, 0, 0, 0.0, 0, 0, 0], [0, 0, 6, 0, 0, 0, -1, 0, 0, 0, 0, 0.0, 0, 0, 0], [0, 0, 6, 0, 0, 0, -1, 0, 0, 0, 0, 0.0, 0, 0, 0], [0, 0, 6, 0, 0, 0, -1, 0, 0, 0, 0, 0.0, 0, 0, 0], [0, 0, 6, 0, 0, 0, -1, 0, 0, 0, 0, 0.0, 0, 0, 0], [0, 1, 6, 0, 0, 0, -1, 0, 0, 0, 0, 0.0, 0, 1, 0], [0, 0, 1, 0, 0, 0, -1, 0, 0, 0, 0, 0.0, 0, 0, 0], [0, 0, 1, 0, 0, 0, -1, 0, 0, 0, 0, 0.0, 0, 0, 0], [1, 0, 1, 0, 0, 0, -1, 1, 1, 1, 1, 0.0, 0, 1, 0], [0, 0, 1, 0, 0, 0, -1, 0, 0, 0, 0, 0.0, 0, 0, 0], [0, 0, 6, 0, 0, 0, -1, 0, 0, 0, 0, 0.0, 0, 0, 0], [0, 0, 3, 0, 0, 0, -1, 0, 0, 0, 0, 0.0, 0, 0, 0], [0, 1, 2, 0, 0, 0, -1, 0, 0, 0, 0, 0.0, 0, 0, 0], [0, 0, 2, 0, 0, 0, -1, 0, 0, 0, 0, 0.0, 0, 0, 0], [0, 0, 1, 0, 0, 0, -1, 0, 0, 0, 0, 0.0, 0, 0, 0], [0, 0, 3, 0, 0, 0, -1, 0, 0, 0, 0, 0.0, 0, 0, 0], [0, 0, 2, 0, 0, 0, -1, 0, 0, 0, 0, 0.0, 0, 0, 0], [0, 0, 4, 0, 0, 0, -1, 0, 0, 0, 0, 0.0, 0, 0, 0], [0, 1, 6, 0, 0, 0, -1, 0, 0, 0, 0, 0.0, 0, 1, 1], [0, 0, 6, 0, 0, 0, -1, 0, 0, 0, 0, 0.0, 0, 0, 0], [0, 0, 1, 0, 0, 0, -1, 0, 0, 0, 0, 0.0, 0, 0, 0], [0, 0, 1, 0, 0, 0, -1, 0, 0, 0, 0, 0.0, 0, 0, 0], [0, 1, 6, 0, 0, 0, -1, 0, 0, 0, 0, 0.0, 0, 0, 0], [0, 0, 3, 0, 0, 0, -1, 0, 0, 0, 0, 0.0, 0, 0, 0], [0, 0, 6, 0, 0, 0, -1, 0, 0, 0, 0, 0.0, 0, 0, 0], [0, 0, 6, 0, 0, 0, -1, 0, 0, 0, 0, 0.0, 0, 0, 0], [0, 0, 6, 0, 0, 0, -1, 0, 0, 0, 0, 0.0, 0, 0, 0], [1, 1, 6, 0, 0, 0, -1, 0, 1, 0, 1, 0.0, 0, 0, 0], [0, 0, 6, 0, 0, 0, -1, 0, 0, 0, 0, 0.0, 0, 0, 0], [0, 0, 4, 0, 0, 0, -1, 0, 0, 0, 0, 0.0, 0, 0, 0], [0, 0, 6, 0, 0, 1, 1, 0, 0, 0, 0, 0.14285714285714285, 7, 0, 0], [0, 0, 6, 0, 0, 0, -1, 0, 0, 0, 0, 0.0, 0, 0, 0], [0, 0, 1, 0, 0, 0, -1, 0, 0, 0, 0, 0.0, 0, 0, 0], [0, 0, 6, 0, 0, 0, -1, 0, 0, 0, 0, 0.0, 0, 0, 0], [0, 0, 6, 0, 0, 0, -1, 0, 0, 0, 0, 0.0, 0, 0, 0], [0, 0, 2, 0, 0, 0, -1, 0, 0, 0, 0, 0.0, 0, 1, 0], [0, 1, 6, 0, 0, 0, -1, 0, 0, 0, 1, 0.0, 0, 1, 1], [0, 0, 1, 0, 0, 0, -1, 0, 0, 0, 0, 0.0, 0, 0, 0], [0, 0, 6, 0, 0, 0, -1, 0, 0, 0, 0, 0.0, 0, 0, 0], [0, 0, 1, 0, 0, 0, -1, 0, 0, 0, 0, 0.0, 0, 0, 0], [0, 0, 6, 0, 0, 0, -1, 0, 0, 0, 0, 0.0, 0, 0, 0], [0, 0, 5, 0, 0, 0, -1, 0, 0, 0, 0, 0.0, 0, 0, 0], [0, 0, 6, 0, 0, 0, -1, 0, 0, 0, 0, 0.0, 0, 1, 0], [0, 1, 2, 0, 1, 0, -1, 0, 0, 0, 0, 0.0, 0, 1, 0], [0, 0, 6, 0, 0, 0, -1, 0, 0, 0, 0, 0.0, 0, 0, 0], [1, 1, 6, 0, 0, 0, -1, 0, 0, 0, 1, 0.0, 0, 1, 0], [0, 0, 6, 0, 0, 0, -1, 0, 0, 0, 0, 0.0, 0, 0, 0], [0, 0, 6, 0, 0, 0, -1, 0, 0, 0, 0, 0.0, 0, 0, 0], [1, 0, 6, 0, 0, 0, -1, 0, 0, 0, 1, 0.0, 0, 1, 0], [0, 1, 3, 0, 0, 0, -1, 0, 0, 0, 1, 0.0, 0, 0, 0], [0, 0, 1, 0, 0, 0, -1, 0, 0, 0, 0, 0.0, 0, 0, 0], [0, 0, 6, 0, 0, 0, -1, 0, 0, 0, 0, 0.0, 0, 0, 0], [0, 0, 1, 0, 0, 0, -1, 0, 0, 0, 0, 0.0, 0, 0, 0], [0, 1, 6, 0, 0, 0, -1, 0, 0, 0, 0, 0.0, 0, 0, 0], [0, 1, 6, 0, 0, 0, -1, 0, 0, 0, 1, 0.0, 0, 1, 0], [0, 0, 6, 0, 0, 0, -1, 0, 0, 0, 0, 0.0, 0, 0, 0], [0, 0, 2, 0, 0, 0, -1, 0, 0, 0, 0, 0.0, 0, 0, 0], [0, 1, 6, 0, 1, 0, -1, 0, 0, 0, 1, 0.0, 0, 1, 0], [0, 0, 2, 0, 0, 0, -1, 0, 0, 0, 0, 0.0, 0, 0, 0], [0, 1, 4, 0, 1, 0, -1, 0, 0, 0, 0, 0.0, 0, 1, 0], [0, 0, 6, 0, 0, 0, -1, 0, 0, 0, 1, 0.0, 0, 0, 0], [0, 0, 5, 0, 0, 0, -1, 0, 0, 0, 0, 0.0, 0, 0, 0], [0, 0, 1, 0, 0, 0, -1, 0, 0, 0, 0, 0.0, 0, 0, 0], [0, 0, 1, 0, 0, 0, -1, 0, 0, 0, 0, 0.0, 0, 0, 0], [0, 1, 4, 0, 0, 0, -1, 0, 0, 0, 0, 0.0, 0, 0, 0], [0, 0, 6, 0, 0, 0, -1, 0, 0, 0, 0, 0.0, 0, 0, 0], [0, 0, 6, 0, 0, 0, -1, 0, 0, 0, 0, 0.0, 0, 0, 0], [0, 0, 2, 0, 0, 0, -1, 0, 0, 0, 0, 0.0, 0, 0, 0], [0, 1, 4, 0, 0, 0, -1, 0, 0, 0, 0, 0.0, 0, 0, 0], [0, 0, 1, 0, 0, 0, -1, 0, 0, 0, 0, 0.0, 0, 0, 0], [0, 0, 6, 0, 0, 0, -1, 0, 0, 0, 0, 0.0, 0, 0, 0], [0, 0, 2, 0, 0, 0, -1, 0, 0, 0, 0, 0.0, 0, 0, 0], [0, 0, 6, 0, 0, 0, -1, 0, 0, 0, 0, 0.0, 0, 0, 0], [0, 0, 6, 0, 0, 0, -1, 0, 0, 0, 0, 0.0, 0, 0, 0], [0, 0, 6, 0, 0, 0, -1, 0, 0, 0, 0, 0.0, 0, 0, 0], [0, 0, 6, 0, 0, 0, -1, 0, 0, 0, 0, 0.0, 0, 0, 0], [0, 0, 3, 0, 0, 0, -1, 0, 0, 0, 0, 0.0, 0, 0, 0], [0, 0, 6, 0, 0, 0, -1, 0, 0, 0, 0, 0.0, 0, 0, 0], [0, 0, 6, 0, 0, 0, -1, 0, 0, 0, 0, 0.0, 0, 0, 0], [0, 0, 3, 0, 0, 0, -1, 0, 0, 0, 0, 0.0, 0, 0, 0], [0, 0, 3, 0, 0, 0, -1, 0, 0, 0, 0, 0.0, 0, 0, 0], [0, 0, 1, 0, 0, 0, -1, 0, 0, 0, 0, 0.0, 0, 0, 0], [0, 0, 1, 0, 0, 0, -1, 0, 0, 0, 0, 0.0, 0, 0, 0], [0, 0, 6, 0, 0, 0, -1, 0, 0, 0, 0, 0.0, 0, 0, 0], [0, 0, 1, 0, 0, 0, -1, 0, 0, 0, 0, 0.0, 0, 0, 0], [0, 0, 5, 0, 0, 0, -1, 0, 0, 0, 0, 0.0, 0, 0, 0], [0, 0, 6, 0, 0, 0, -1, 0, 0, 0, 0, 0.0, 0, 0, 0], [0, 0, 6, 0, 0, 0, -1, 0, 0, 0, 0, 0.0, 0, 0, 0], [0, 0, 2, 0, 0, 0, -1, 0, 0, 0, 1, 0.0, 0, 1, 0], [0, 0, 4, 0, 0, 0, -1, 0, 0, 0, 0, 0.0, 0, 0, 0], [0, 0, 3, 0, 0, 0, -1, 0, 0, 0, 1, 0.0, 0, 0, 0], [0, 0, 5, 0, 0, 0, -1, 0, 0, 0, 0, 0.0, 0, 0, 0], [0, 0, 1, 0, 0, 0, -1, 0, 0, 0, 0, 0.0, 0, 0, 0], [0, 0, 1, 0, 0, 0, -1, 0, 0, 0, 0, 0.0, 0, 0, 0], [0, 0, 1, 0, 0, 0, -1, 0, 0, 0, 0, 0.0, 0, 0, 0], [0, 0, 6, 0, 0, 0, -1, 0, 0, 0, 0, 0.0, 0, 0, 0], [0, 0, 6, 0, 0, 0, -1, 0, 0, 0, 0, 0.0, 0, 0, 0], [0, 1, 2, 0, 0, 0, -1, 0, 0, 0, 0, 0.0, 0, 0, 0], [0, 0, 1, 0, 0, 0, -1, 0, 0, 0, 0, 0.0, 0, 0, 0], [0, 0, 6, 0, 0, 0, -1, 0, 0, 0, 0, 0.0, 0, 0, 0], [0, 0, 6, 0, 0, 0, -1, 0, 0, 0, 0, 0.0, 0, 0, 0], [0, 0, 6, 0, 0, 0, -1, 0, 0, 0, 1, 0.0, 0, 0, 0], [0, 0, 5, 0, 0, 0, -1, 0, 0, 0, 0, 0.0, 0, 0, 0], [0, 0, 1, 0, 0, 0, -1, 0, 0, 0, 0, 0.0, 0, 0, 0], [0, 0, 3, 0, 0, 0, -1, 0, 0, 0, 0, 0.0, 0, 0, 0], [0, 0, 6, 0, 0, 0, -1, 0, 0, 0, 1, 0.0, 0, 0, 0], [0, 0, 1, 0, 0, 0, -1, 0, 0, 0, 1, 0.0, 0, 1, 0], [0, 0, 1, 0, 0, 0, -1, 0, 0, 0, 0, 0.0, 0, 0, 0], [0, 0, 6, 0, 0, 0, -1, 0, 0, 0, 1, 0.0, 0, 0, 0], [0, 0, 2, 0, 0, 0, -1, 0, 0, 0, 0, 0.0, 0, 0, 0], [0, 0, 1, 0, 0, 0, -1, 0, 0, 0, 0, 0.0, 0, 0, 0], [0, 1, 4, 0, 0, 0, -1, 0, 0, 0, 0, 0.0, 0, 0, 0], [0, 0, 1, 0, 0, 0, -1, 0, 0, 0, 0, 0.0, 0, 0, 0], [0, 0, 1, 0, 0, 0, -1, 0, 0, 0, 0, 0.0, 0, 0, 0], [0, 0, 2, 0, 0, 0, -1, 0, 0, 0, 1, 0.0, 0, 0, 0], [0, 0, 6, 0, 0, 0, -1, 0, 0, 0, 0, 0.0, 0, 0, 0], [0, 0, 1, 0, 0, 0, -1, 0, 0, 0, 0, 0.0, 0, 0, 0], [0, 0, 3, 0, 0, 0, -1, 0, 0, 0, 1, 0.0, 0, 0, 0], [0, 1, 6, 0, 1, 0, -1, 0, 0, 0, 1, 0.0, 0, 1, 0], [0, 0, 3, 0, 0, 0, -1, 0, 0, 0, 0, 0.0, 0, 0, 0], [0, 0, 3, 0, 0, 0, -1, 0, 0, 0, 0, 0.0, 0, 0, 0], [0, 0, 1, 0, 0, 0, -1, 0, 0, 0, 1, 0.0, 0, 0, 0], [0, 0, 6, 0, 0, 0, -1, 0, 0, 0, 1, 0.0, 0, 0, 0], [0, 0, 6, 0, 0, 0, -1, 0, 0, 0, 1, 0.0, 0, 0, 0], [0, 0, 1, 0, 0, 0, -1, 0, 0, 0, 0, 0.0, 0, 0, 0], [0, 0, 6, 0, 0, 0, -1, 0, 0, 0, 0, 0.0, 0, 0, 0], [0, 0, 6, 0, 0, 0, -1, 0, 0, 0, 0, 0.0, 0, 0, 0], [0, 0, 5, 0, 0, 0, -1, 0, 0, 0, 0, 0.0, 0, 0, 0], [0, 0, 1, 0, 0, 0, -1, 0, 0, 0, 0, 0.0, 0, 0, 0], [0, 0, 1, 0, 0, 0, -1, 0, 0, 0, 0, 0.0, 0, 0, 0], [0, 0, 6, 0, 0, 0, -1, 0, 0, 0, 0, 0.0, 0, 0, 0], [0, 0, 1, 0, 0, 0, -1, 0, 0, 0, 0, 0.0, 0, 0, 0], [0, 0, 6, 0, 0, 0, -1, 0, 0, 0, 0, 0.0, 0, 0, 0], [0, 0, 6, 0, 0, 0, -1, 0, 0, 0, 0, 0.0, 0, 0, 0], [0, 1, 2, 0, 1, 0, -1, 0, 0, 0, 0, 0.0, 0, 1, 0], [1, 1, 5, 0, 0, 0, -1, 0, 0, 0, 1, 0.0, 0, 1, 1], [0, 0, 6, 0, 0, 0, -1, 0, 0, 0, 0, 0.0, 0, 0, 0], [0, 0, 6, 0, 0, 0, -1, 0, 0, 0, 0, 0.0, 0, 0, 0], [0, 0, 5, 0, 0, 0, -1, 0, 0, 0, 0, 0.0, 0, 0, 0], [0, 0, 1, 0, 0, 0, -1, 0, 0, 0, 0, 0.0, 0, 0, 0], [0, 0, 6, 0, 0, 0, -1, 0, 0, 0, 0, 0.0, 0, 1, 0], [0, 0, 1, 0, 0, 0, -1, 0, 0, 0, 1, 0.0, 0, 0, 0], [0, 0, 6, 0, 0, 0, -1, 0, 0, 0, 1, 0.0, 0, 0, 0], [0, 0, 6, 0, 0, 0, -1, 0, 0, 0, 0, 0.0, 0, 0, 0], [0, 0, 6, 0, 0, 0, -1, 0, 0, 0, 0, 0.0, 0, 0, 0], [0, 0, 2, 0, 0, 0, -1, 0, 0, 0, 0, 0.0, 0, 0, 0], [0, 0, 6, 0, 0, 0, -1, 0, 0, 0, 0, 0.0, 0, 0, 0], [0, 0, 6, 0, 0, 0, -1, 0, 0, 0, 0, 0.0, 0, 0, 0], [0, 0, 2, 0, 0, 0, -1, 0, 0, 0, 0, 0.0, 0, 0, 0], [0, 0, 1, 0, 0, 0, -1, 0, 0, 0, 0, 0.0, 0, 0, 0], [0, 1, 6, 0, 0, 0, -1, 0, 0, 0, 0, 0.0, 0, 0, 0], [1, 1, 6, 0, 0, 0, -1, 0, 0, 0, 1, 0.0, 0, 1, 0], [0, 0, 3, 0, 0, 0, -1, 0, 0, 0, 0, 0.0, 0, 0, 0], [0, 0, 1, 0, 0, 0, -1, 0, 0, 0, 0, 0.0, 0, 1, 0], [0, 1, 3, 0, 1, 0, -1, 0, 0, 0, 0, 0.0, 0, 1, 1], [0, 0, 1, 0, 0, 0, -1, 0, 0, 0, 0, 0.0, 0, 0, 0], [0, 0, 6, 0, 0, 0, -1, 0, 0, 0, 0, 0.0, 0, 0, 0], [0, 0, 1, 0, 0, 0, -1, 0, 0, 0, 0, 0.0, 0, 0, 0], [0, 0, 6, 0, 0, 0, -1, 0, 0, 0, 0, 0.0, 0, 0, 0], [0, 0, 2, 0, 0, 0, -1, 0, 0, 0, 0, 0.0, 0, 0, 0], [0, 0, 1, 0, 0, 0, -1, 0, 0, 0, 0, 0.0, 0, 0, 0], [0, 0, 1, 0, 0, 0, -1, 0, 0, 0, 0, 0.0, 0, 0, 0], [0, 0, 2, 0, 0, 0, -1, 0, 0, 0, 0, 0.0, 0, 0, 0], [0, 0, 6, 0, 0, 0, -1, 0, 0, 0, 0, 0.0, 0, 0, 0], [0, 1, 3, 0, 0, 0, -1, 0, 0, 0, 1, 0.0, 0, 1, 1], [0, 0, 1, 0, 0, 0, -1, 0, 0, 0, 0, 0.0, 0, 0, 0], [0, 0, 1, 0, 0, 0, -1, 0, 0, 0, 0, 0.0, 0, 0, 0], [0, 0, 6, 0, 0, 0, -1, 0, 0, 0, 0, 0.0, 0, 0, 0], [0, 0, 6, 0, 0, 0, -1, 0, 0, 0, 0, 0.0, 0, 0, 0], [0, 0, 1, 0, 0, 0, -1, 0, 0, 0, 0, 0.0, 0, 0, 0], [0, 0, 6, 0, 0, 0, -1, 0, 0, 0, 0, 0.0, 0, 0, 0], [0, 0, 1, 0, 0, 0, -1, 0, 0, 0, 0, 0.0, 0, 0, 0], [0, 0, 1, 0, 0, 0, -1, 0, 0, 0, 0, 0.0, 0, 0, 0], [0, 1, 3, 0, 0, 0, -1, 0, 0, 0, 0, 0.0, 0, 1, 0], [0, 0, 3, 0, 0, 0, -1, 0, 0, 0, 0, 0.0, 0, 0, 0], [0, 0, 6, 0, 0, 0, -1, 0, 0, 0, 0, 0.0, 0, 0, 0], [0, 0, 6, 0, 0, 0, -1, 0, 0, 0, 0, 0.0, 0, 1, 0], [0, 0, 2, 0, 0, 0, -1, 0, 0, 0, 0, 0.0, 0, 0, 0], [0, 1, 6, 0, 0, 0, -1, 0, 0, 0, 0, 0.0, 0, 0, 0], [0, 0, 6, 0, 0, 0, -1, 0, 0, 0, 0, 0.0, 0, 0, 0], [0, 0, 1, 0, 0, 0, -1, 0, 0, 0, 0, 0.0, 0, 0, 0], [0, 0, 6, 0, 0, 0, -1, 0, 0, 0, 0, 0.0, 0, 0, 0], [0, 0, 1, 0, 0, 0, -1, 0, 0, 0, 0, 0.0, 0, 0, 0], [0, 0, 1, 0, 0, 0, -1, 0, 0, 0, 0, 0.0, 0, 0, 0], [1, 0, 5, 0, 0, 0, -1, 0, 0, 0, 1, 0.0, 0, 0, 0], [0, 0, 4, 0, 0, 0, -1, 0, 0, 0, 0, 0.0, 0, 0, 0], [0, 0, 1, 0, 0, 0, -1, 0, 0, 0, 0, 0.0, 0, 0, 0], [0, 0, 2, 0, 0, 0, -1, 0, 0, 0, 0, 0.0, 0, 0, 0], [0, 0, 1, 0, 0, 0, -1, 0, 0, 0, 0, 0.0, 0, 0, 0], [0, 0, 6, 0, 0, 0, -1, 0, 0, 0, 0, 0.0, 0, 0, 0], [0, 1, 4, 0, 0, 0, -1, 0, 0, 0, 1, 0.0, 0, 1, 0], [0, 0, 6, 0, 0, 0, -1, 0, 0, 0, 0, 0.0, 0, 0, 0], [0, 0, 1, 0, 0, 0, -1, 0, 0, 0, 0, 0.0, 0, 0, 0], [0, 0, 6, 0, 0, 0, -1, 0, 0, 0, 0, 0.0, 0, 0, 0], [1, 0, 6, 0, 0, 0, -1, 0, 0, 1, 1, 0.0, 0, 0, 0], [0, 0, 4, 0, 0, 0, -1, 0, 0, 0, 0, 0.0, 0, 0, 0], [0, 0, 6, 0, 0, 0, -1, 0, 0, 0, 0, 0.0, 0, 0, 0], [0, 0, 6, 0, 0, 0, -1, 0, 0, 0, 0, 0.0, 0, 0, 0], [0, 0, 5, 0, 0, 0, -1, 0, 0, 0, 0, 0.0, 0, 0, 0], [0, 0, 1, 0, 0, 0, -1, 0, 0, 0, 0, 0.0, 0, 0, 0], [0, 0, 1, 0, 0, 0, -1, 0, 0, 0, 0, 0.0, 0, 0, 0], [0, 0, 6, 0, 0, 0, -1, 0, 0, 0, 0, 0.0, 0, 0, 0], [0, 0, 6, 0, 0, 0, -1, 0, 0, 0, 0, 0.0, 0, 0, 0], [0, 0, 1, 0, 0, 0, -1, 0, 0, 0, 0, 0.0, 0, 0, 0], [0, 0, 1, 0, 0, 0, -1, 0, 0, 0, 0, 0.0, 0, 1, 0], [0, 0, 2, 0, 0, 0, -1, 0, 0, 0, 0, 0.0, 0, 0, 0], [0, 0, 5, 0, 0, 0, -1, 0, 0, 0, 1, 0.0, 0, 1, 0], [0, 0, 3, 0, 0, 0, -1, 0, 0, 0, 0, 0.0, 0, 0, 0], [0, 0, 3, 0, 0, 0, -1, 0, 0, 0, 0, 0.0, 0, 0, 0], [0, 0, 6, 0, 0, 0, -1, 0, 0, 0, 0, 0.0, 0, 0, 0], [0, 0, 6, 0, 0, 0, -1, 0, 0, 0, 0, 0.0, 0, 0, 0], [0, 0, 6, 0, 0, 0, -1, 0, 0, 0, 0, 0.0, 0, 0, 0], [0, 1, 2, 0, 1, 0, -1, 0, 0, 0, 0, 0.0, 0, 0, 0], [0, 0, 6, 0, 0, 0, -1, 0, 0, 0, 0, 0.0, 0, 0, 0], [0, 0, 6, 0, 0, 0, -1, 0, 0, 0, 0, 0.0, 0, 0, 0], [0, 0, 6, 0, 0, 0, -1, 0, 0, 0, 0, 0.0, 0, 0, 0], [0, 0, 6, 0, 0, 0, -1, 0, 0, 0, 0, 0.0, 0, 0, 0], [1, 0, 6, 0, 0, 0, -1, 0, 1, 0, 1, 0.0, 0, 0, 0], [1, 0, 6, 0, 0, 0, -1, 0, 0, 0, 1, 0.0, 0, 0, 0], [0, 0, 6, 0, 0, 0, -1, 0, 0, 0, 0, 0.0, 0, 0, 0], [0, 0, 2, 0, 0, 0, -1, 0, 0, 0, 0, 0.0, 0, 0, 0], [0, 0, 5, 0, 0, 0, -1, 0, 0, 0, 0, 0.0, 0, 0, 0], [0, 0, 6, 0, 0, 0, -1, 0, 0, 0, 0, 0.0, 0, 0, 0], [0, 0, 2, 0, 0, 0, -1, 0, 0, 0, 0, 0.0, 0, 0, 0], [0, 0, 6, 0, 0, 0, -1, 0, 0, 0, 0, 0.0, 0, 0, 0], [0, 0, 1, 0, 0, 0, -1, 0, 0, 0, 0, 0.0, 0, 0, 0], [0, 0, 6, 0, 0, 0, -1, 0, 0, 0, 0, 0.0, 0, 0, 0], [0, 0, 3, 0, 0, 0, -1, 0, 0, 0, 0, 0.0, 0, 1, 0], [0, 1, 6, 0, 0, 0, -1, 0, 0, 0, 0, 0.0, 0, 0, 0], [0, 0, 1, 0, 0, 0, -1, 0, 0, 0, 0, 0.0, 0, 0, 0], [1, 1, 6, 0, 0, 0, -1, 1, 0, 0, 1, 0.0, 0, 1, 0], [0, 0, 1, 0, 0, 0, -1, 0, 0, 0, 0, 0.0, 0, 0, 0], [0, 0, 1, 0, 0, 0, -1, 0, 0, 0, 0, 0.0, 0, 0, 0], [0, 0, 6, 0, 0, 0, -1, 0, 0, 0, 0, 0.0, 0, 0, 0], [0, 0, 6, 0, 0, 0, -1, 0, 0, 0, 0, 0.0, 0, 0, 0], [0, 0, 1, 0, 0, 0, -1, 0, 0, 0, 0, 0.0, 0, 0, 0], [0, 0, 1, 0, 0, 0, -1, 0, 0, 0, 0, 0.0, 0, 0, 0], [0, 0, 3, 0, 0, 0, -1, 0, 0, 0, 0, 0.0, 0, 0, 0], [0, 0, 3, 0, 0, 0, -1, 0, 0, 0, 0, 0.0, 0, 0, 0], [1, 1, 6, 0, 0, 0, -1, 0, 0, 1, 1, 0.0, 0, 1, 1], [0, 0, 1, 0, 0, 0, -1, 0, 0, 0, 0, 0.0, 0, 0, 0], [0, 0, 6, 0, 0, 0, -1, 0, 0, 0, 1, 0.0, 0, 0, 0], [0, 0, 5, 0, 0, 0, -1, 0, 0, 0, 0, 0.0, 0, 0, 0], [0, 0, 6, 0, 0, 0, -1, 0, 0, 0, 0, 0.0, 0, 0, 0], [0, 0, 6, 0, 0, 0, -1, 0, 0, 0, 0, 0.0, 0, 0, 0], [0, 1, 6, 0, 0, 0, -1, 0, 0, 0, 1, 0.0, 0, 0, 0], [0, 0, 1, 0, 0, 0, -1, 0, 0, 0, 1, 0.0, 0, 0, 0], [0, 1, 4, 0, 0, 0, -1, 0, 0, 0, 0, 0.0, 0, 1, 1], [0, 0, 6, 0, 0, 0, -1, 0, 0, 0, 0, 0.0, 0, 0, 0], [0, 0, 5, 0, 0, 0, -1, 0, 0, 0, 0, 0.0, 0, 0, 0], [0, 0, 3, 0, 0, 0, -1, 0, 0, 0, 0, 0.0, 0, 0, 0], [0, 0, 1, 0, 0, 0, -1, 0, 0, 0, 1, 0.0, 0, 0, 0], [0, 0, 1, 0, 0, 0, -1, 0, 0, 0, 0, 0.0, 0, 0, 0], [1, 1, 6, 0, 1, 0, -1, 0, 0, 0, 1, 0.0, 0, 0, 0], [0, 0, 2, 0, 0, 0, -1, 0, 0, 0, 0, 0.0, 0, 0, 0], [0, 0, 6, 0, 0, 0, -1, 0, 0, 0, 0, 0.0, 0, 0, 0], [0, 1, 3, 0, 0, 0, -1, 0, 0, 0, 1, 0.0, 0, 1, 0], [0, 0, 6, 0, 0, 0, -1, 0, 0, 0, 0, 0.0, 0, 0, 0], [0, 0, 1, 0, 0, 0, -1, 0, 0, 0, 0, 0.0, 0, 0, 0], [0, 0, 1, 0, 0, 0, -1, 0, 0, 0, 1, 0.0, 0, 1, 0], [0, 0, 6, 0, 0, 0, -1, 0, 0, 0, 0, 0.0, 0, 0, 0], [0, 1, 6, 0, 0, 0, -1, 0, 0, 0, 1, 0.0, 0, 1, 0], [0, 0, 1, 0, 0, 0, -1, 0, 0, 0, 0, 0.0, 0, 0, 0], [0, 0, 1, 0, 0, 0, -1, 0, 0, 0, 0, 0.0, 0, 0, 0], [0, 0, 5, 0, 0, 0, -1, 0, 0, 0, 0, 0.0, 0, 0, 0], [0, 0, 6, 0, 0, 0, -1, 0, 0, 0, 0, 0.0, 0, 0, 0], [0, 0, 1, 0, 0, 0, -1, 0, 0, 0, 0, 0.0, 0, 0, 0], [0, 0, 6, 0, 0, 0, -1, 0, 0, 0, 1, 0.0, 0, 1, 0], [0, 0, 6, 0, 0, 0, -1, 0, 0, 0, 0, 0.0, 0, 0, 0], [1, 0, 3, 0, 0, 0, -1, 0, 1, 0, 1, 0.0, 0, 1, 0], [0, 0, 1, 0, 0, 0, -1, 0, 0, 0, 0, 0.0, 0, 0, 0], [0, 0, 1, 0, 0, 0, -1, 0, 0, 0, 0, 0.0, 0, 0, 0], [0, 0, 1, 0, 0, 0, -1, 0, 0, 0, 0, 0.0, 0, 0, 0], [0, 0, 3, 0, 0, 0, -1, 0, 0, 0, 0, 0.0, 0, 0, 0], [0, 0, 6, 0, 0, 0, -1, 0, 0, 0, 0, 0.0, 0, 0, 0], [0, 0, 1, 0, 0, 0, -1, 0, 0, 0, 0, 0.0, 0, 0, 0], [0, 1, 2, 0, 1, 0, -1, 0, 0, 0, 1, 0.0, 0, 1, 1], [0, 0, 6, 0, 0, 0, -1, 0, 0, 0, 0, 0.0, 0, 0, 0], [0, 0, 6, 0, 0, 0, -1, 0, 0, 0, 0, 0.0, 0, 0, 0], [0, 0, 1, 0, 0, 0, -1, 0, 0, 0, 0, 0.0, 0, 0, 0], [0, 0, 2, 0, 0, 0, -1, 0, 0, 0, 0, 0.0, 0, 0, 0], [0, 0, 6, 0, 0, 0, -1, 0, 0, 0, 0, 0.0, 0, 0, 0], [0, 0, 1, 0, 0, 0, -1, 0, 0, 0, 0, 0.0, 0, 0, 0], [0, 0, 1, 0, 0, 0, -1, 0, 0, 0, 0, 0.0, 0, 0, 0], [0, 0, 6, 0, 0, 0, -1, 0, 0, 0, 1, 0.0, 0, 0, 0], [0, 0, 6, 0, 0, 0, -1, 0, 0, 0, 0, 0.0, 0, 0, 0], [0, 0, 6, 0, 0, 0, -1, 0, 0, 0, 0, 0.0, 0, 0, 0], [0, 0, 6, 0, 0, 0, -1, 0, 0, 0, 0, 0.0, 0, 0, 0], [0, 0, 1, 0, 0, 0, -1, 0, 0, 0, 0, 0.0, 0, 0, 0], [0, 0, 3, 0, 0, 0, -1, 0, 0, 0, 0, 0.0, 0, 0, 0], [0, 0, 2, 0, 0, 0, -1, 0, 0, 0, 0, 0.0, 0, 0, 0], [0, 0, 6, 0, 0, 0, -1, 0, 0, 0, 0, 0.0, 0, 0, 0], [0, 0, 2, 0, 0, 0, -1, 0, 0, 0, 0, 0.0, 0, 0, 0], [0, 1, 3, 0, 1, 0, -1, 0, 0, 0, 0, 0.0, 0, 1, 0], [0, 0, 1, 0, 0, 0, -1, 0, 0, 0, 0, 0.0, 0, 0, 0], [0, 0, 6, 0, 0, 0, -1, 0, 0, 0, 0, 0.0, 0, 0, 0], [0, 0, 2, 0, 0, 0, -1, 0, 0, 0, 0, 0.0, 0, 0, 0], [0, 0, 3, 0, 0, 0, -1, 0, 0, 0, 0, 0.0, 0, 0, 0], [0, 0, 2, 0, 0, 0, -1, 0, 0, 0, 0, 0.0, 0, 0, 0], [0, 0, 1, 0, 0, 0, -1, 0, 0, 0, 0, 0.0, 0, 0, 0], [0, 0, 4, 0, 0, 0, -1, 0, 0, 0, 0, 0.0, 0, 0, 0], [0, 0, 1, 0, 0, 0, -1, 0, 0, 0, 0, 0.0, 0, 0, 0], [0, 1, 6, 0, 0, 0, -1, 0, 0, 0, 1, 0.0, 0, 0, 0], [0, 0, 2, 0, 0, 0, -1, 0, 0, 0, 0, 0.0, 0, 0, 0], [0, 0, 2, 0, 0, 0, -1, 0, 0, 0, 0, 0.0, 0, 0, 0], [0, 0, 6, 0, 0, 0, -1, 0, 0, 0, 0, 0.0, 0, 0, 0], [0, 1, 4, 0, 0, 0, -1, 0, 0, 0, 1, 0.0, 0, 1, 1], [0, 1, 6, 0, 0, 0, -1, 0, 0, 0, 0, 0.0, 0, 0, 0], [0, 0, 6, 0, 0, 0, -1, 0, 0, 0, 0, 0.0, 0, 0, 0], [0, 0, 1, 0, 0, 0, -1, 0, 0, 0, 0, 0.0, 0, 0, 0], [0, 0, 3, 0, 0, 0, -1, 0, 0, 0, 0, 0.0, 0, 0, 0], [0, 0, 6, 0, 0, 0, -1, 0, 0, 0, 0, 0.0, 0, 0, 0], [0, 0, 6, 0, 0, 0, -1, 0, 0, 0, 0, 0.0, 0, 0, 0], [0, 0, 1, 0, 0, 0, -1, 0, 0, 0, 0, 0.0, 0, 0, 0], [0, 0, 6, 0, 0, 0, -1, 0, 0, 0, 0, 0.0, 0, 0, 0], [0, 0, 6, 0, 0, 0, -1, 0, 0, 0, 0, 0.0, 0, 0, 0], [0, 0, 6, 0, 0, 0, -1, 0, 0, 0, 1, 0.0, 0, 0, 0], [0, 0, 6, 0, 0, 0, -1, 0, 0, 0, 0, 0.0, 0, 0, 0], [0, 0, 3, 0, 0, 0, -1, 0, 0, 0, 0, 0.0, 0, 0, 0], [0, 0, 3, 0, 0, 0, -1, 0, 0, 0, 0, 0.0, 0, 0, 0], [0, 0, 6, 0, 0, 0, -1, 0, 0, 0, 0, 0.0, 0, 0, 0], [0, 0, 2, 0, 0, 0, -1, 0, 0, 0, 0, 0.0, 0, 0, 0], [0, 0, 1, 0, 0, 0, -1, 0, 0, 0, 0, 0.0, 0, 0, 0], [0, 0, 1, 0, 0, 0, -1, 0, 0, 0, 0, 0.0, 0, 0, 0], [0, 0, 1, 0, 0, 0, -1, 0, 0, 0, 0, 0.0, 0, 0, 0], [0, 0, 6, 0, 0, 0, -1, 0, 0, 0, 0, 0.0, 0, 0, 0], [0, 1, 6, 0, 0, 0, -1, 0, 0, 0, 0, 0.0, 0, 0, 0], [0, 0, 2, 0, 0, 0, -1, 0, 0, 0, 0, 0.0, 0, 0, 0], [0, 0, 6, 0, 0, 0, -1, 0, 0, 0, 0, 0.0, 0, 1, 0], [0, 1, 4, 0, 0, 0, -1, 0, 0, 0, 1, 0.0, 0, 1, 1], [0, 0, 6, 0, 0, 0, -1, 0, 0, 0, 0, 0.0, 0, 0, 0], [0, 0, 3, 0, 0, 0, -1, 0, 0, 0, 0, 0.0, 0, 0, 0], [0, 0, 1, 0, 0, 0, -1, 0, 0, 0, 0, 0.0, 0, 0, 0], [1, 0, 1, 0, 0, 0, -1, 1, 1, 1, 1, 0.0, 0, 1, 0], [0, 0, 5, 0, 0, 0, -1, 0, 0, 0, 0, 0.0, 0, 0, 0], [0, 0, 1, 0, 0, 0, -1, 0, 0, 0, 0, 0.0, 0, 0, 0], [0, 1, 2, 0, 0, 0, -1, 0, 0, 0, 0, 0.0, 0, 1, 0], [0, 0, 6, 0, 0, 0, -1, 0, 0, 0, 0, 0.0, 0, 0, 0], [0, 0, 3, 0, 0, 0, -1, 0, 0, 0, 0, 0.0, 0, 0, 0], [0, 0, 6, 0, 0, 0, -1, 0, 0, 0, 0, 0.0, 0, 0, 0], [0, 0, 6, 0, 0, 0, -1, 0, 0, 0, 0, 0.0, 0, 0, 0], [0, 0, 6, 0, 0, 0, -1, 0, 0, 0, 0, 0.0, 0, 0, 0], [0, 0, 2, 0, 0, 0, -1, 0, 0, 0, 0, 0.0, 0, 0, 0], [0, 0, 6, 0, 0, 0, -1, 0, 0, 0, 0, 0.0, 0, 0, 0], [0, 0, 6, 0, 0, 0, -1, 0, 0, 0, 0, 0.0, 0, 0, 0], [0, 0, 1, 0, 0, 0, -1, 0, 0, 0, 0, 0.0, 0, 0, 0], [0, 1, 2, 0, 0, 0, -1, 0, 0, 0, 0, 0.0, 0, 1, 1], [0, 1, 2, 0, 1, 0, -1, 0, 0, 0, 1, 0.0, 0, 1, 1], [0, 1, 6, 0, 0, 0, -1, 0, 0, 0, 0, 0.0, 0, 0, 0], [0, 0, 1, 0, 0, 0, -1, 0, 0, 0, 0, 0.0, 0, 0, 0], [0, 0, 6, 0, 0, 0, -1, 0, 0, 0, 0, 0.0, 0, 0, 0], [0, 0, 6, 0, 0, 0, -1, 0, 0, 0, 0, 0.0, 0, 0, 0], [0, 0, 3, 0, 0, 0, -1, 0, 0, 0, 0, 0.0, 0, 0, 0], [0, 1, 2, 0, 1, 0, -1, 0, 0, 0, 0, 0.0, 0, 1, 1], [0, 0, 1, 0, 0, 0, -1, 0, 0, 0, 0, 0.0, 0, 0, 0], [0, 0, 2, 0, 0, 0, -1, 0, 0, 0, 0, 0.0, 0, 0, 0], [0, 1, 3, 0, 0, 1, 2, 0, 0, 0, 1, 0.09302325581395349, 172, 0, 0], [0, 0, 1, 0, 0, 0, -1, 0, 0, 0, 0, 0.0, 0, 0, 0], [0, 0, 6, 0, 0, 0, -1, 0, 0, 0, 0, 0.0, 0, 0, 0], [0, 1, 6, 0, 0, 0, -1, 0, 0, 0, 0, 0.0, 0, 1, 0], [0, 0, 5, 0, 0, 0, -1, 0, 0, 0, 0, 0.0, 0, 0, 0], [0, 0, 6, 0, 0, 0, -1, 0, 0, 0, 0, 0.0, 0, 0, 0], [0, 0, 6, 0, 0, 0, -1, 0, 0, 0, 0, 0.0, 0, 0, 0], [0, 0, 6, 0, 0, 0, -1, 0, 0, 0, 0, 0.0, 0, 0, 0], [0, 0, 1, 0, 0, 0, -1, 0, 0, 0, 1, 0.0, 0, 1, 0], [0, 0, 3, 0, 0, 0, -1, 0, 0, 0, 0, 0.0, 0, 0, 0], [0, 0, 4, 0, 0, 0, -1, 0, 0, 0, 0, 0.0, 0, 0, 0], [0, 0, 1, 0, 0, 0, -1, 0, 0, 0, 0, 0.0, 0, 0, 0], [0, 0, 6, 0, 0, 0, -1, 0, 0, 0, 0, 0.0, 0, 0, 0], [0, 1, 6, 0, 0, 0, -1, 0, 0, 0, 0, 0.0, 0, 0, 0], [0, 0, 6, 0, 0, 0, -1, 0, 0, 0, 0, 0.0, 0, 0, 0], [0, 0, 1, 0, 0, 0, -1, 0, 0, 0, 0, 0.0, 0, 0, 0], [0, 0, 1, 0, 0, 0, -1, 0, 0, 0, 0, 0.0, 0, 0, 0], [0, 0, 3, 0, 0, 0, -1, 0, 0, 0, 0, 0.0, 0, 0, 0], [0, 0, 3, 0, 0, 0, -1, 0, 0, 0, 0, 0.0, 0, 0, 0], [0, 0, 6, 0, 0, 0, -1, 0, 0, 0, 0, 0.0, 0, 0, 0], [0, 0, 6, 0, 0, 0, -1, 0, 0, 0, 0, 0.0, 0, 0, 0], [0, 0, 1, 0, 0, 0, -1, 0, 0, 0, 0, 0.0, 0, 0, 0], [0, 0, 2, 0, 0, 0, -1, 0, 0, 0, 0, 0.0, 0, 0, 0], [0, 0, 6, 0, 0, 0, -1, 0, 0, 0, 0, 0.0, 0, 0, 0], [0, 0, 6, 0, 0, 0, -1, 0, 0, 0, 0, 0.0, 0, 0, 0], [0, 0, 6, 0, 0, 0, -1, 0, 0, 0, 0, 0.0, 0, 0, 0], [0, 0, 3, 0, 0, 0, -1, 0, 0, 0, 0, 0.0, 0, 0, 0], [0, 0, 2, 0, 0, 0, -1, 0, 0, 0, 0, 0.0, 0, 0, 0], [0, 0, 6, 0, 0, 0, -1, 0, 0, 0, 0, 0.0, 0, 0, 0], [1, 1, 6, 0, 0, 0, -1, 0, 0, 0, 1, 0.0, 0, 1, 0], [0, 0, 6, 0, 0, 0, -1, 0, 0, 0, 1, 0.0, 0, 0, 0], [0, 1, 2, 0, 1, 0, -1, 0, 0, 0, 0, 0.0, 0, 1, 1], [0, 0, 2, 0, 0, 0, -1, 0, 0, 0, 0, 0.0, 0, 0, 0], [0, 0, 6, 0, 0, 0, -1, 0, 0, 0, 0, 0.0, 0, 0, 0], [0, 1, 2, 0, 0, 0, -1, 0, 0, 0, 0, 0.0, 0, 1, 1], [0, 1, 6, 0, 0, 0, -1, 0, 0, 0, 0, 0.0, 0, 1, 1], [0, 0, 6, 0, 0, 0, -1, 0, 0, 0, 0, 0.0, 0, 0, 0], [0, 1, 6, 0, 1, 0, -1, 0, 0, 0, 1, 0.0, 0, 1, 0], [0, 0, 5, 0, 0, 0, -1, 0, 0, 0, 0, 0.0, 0, 0, 0], [0, 0, 6, 0, 0, 0, -1, 0, 0, 0, 0, 0.0, 0, 0, 0], [0, 0, 4, 0, 0, 0, -1, 0, 0, 0, 0, 0.0, 0, 0, 0], [0, 0, 6, 0, 0, 0, -1, 0, 0, 0, 0, 0.0, 0, 0, 0], [0, 1, 6, 0, 0, 0, -1, 0, 0, 0, 0, 0.0, 0, 0, 0], [0, 0, 1, 0, 0, 0, -1, 0, 0, 0, 0, 0.0, 0, 0, 0], [0, 0, 6, 0, 0, 0, -1, 0, 0, 0, 0, 0.0, 0, 0, 0], [0, 0, 6, 0, 0, 0, -1, 0, 0, 0, 0, 0.0, 0, 0, 0], [0, 0, 3, 0, 0, 0, -1, 0, 0, 0, 0, 0.0, 0, 0, 0], [0, 0, 1, 0, 0, 0, -1, 0, 0, 0, 0, 0.0, 0, 0, 0], [0, 0, 2, 0, 0, 0, -1, 0, 0, 0, 0, 0.0, 0, 0, 0], [0, 0, 2, 0, 0, 0, -1, 0, 0, 0, 0, 0.0, 0, 1, 1], [0, 1, 6, 0, 0, 0, -1, 0, 0, 0, 1, 0.0, 0, 1, 0], [0, 0, 2, 0, 0, 0, -1, 0, 0, 0, 0, 0.0, 0, 0, 0], [0, 0, 6, 0, 0, 0, -1, 0, 0, 0, 0, 0.0, 0, 0, 0], [0, 0, 6, 0, 0, 0, -1, 0, 0, 0, 0, 0.0, 0, 0, 0], [0, 0, 6, 0, 0, 0, -1, 0, 0, 0, 1, 0.0, 0, 0, 0], [0, 0, 1, 0, 0, 0, -1, 0, 0, 0, 0, 0.0, 0, 1, 0], [0, 0, 6, 0, 0, 0, -1, 0, 0, 0, 0, 0.0, 0, 0, 0], [0, 0, 6, 0, 0, 0, -1, 0, 0, 0, 0, 0.0, 0, 0, 0], [0, 0, 6, 0, 0, 0, -1, 0, 0, 0, 0, 0.0, 0, 0, 0], [0, 0, 2, 0, 0, 0, -1, 0, 0, 0, 0, 0.0, 0, 0, 0], [0, 0, 1, 0, 0, 0, -1, 0, 0, 0, 0, 0.0, 0, 0, 0], [0, 1, 6, 0, 0, 0, -1, 0, 0, 0, 0, 0.0, 0, 0, 0], [0, 0, 1, 0, 0, 0, -1, 0, 0, 0, 0, 0.0, 0, 0, 0], [0, 0, 6, 0, 0, 0, -1, 0, 0, 0, 0, 0.0, 0, 0, 0], [0, 0, 6, 0, 0, 0, -1, 0, 0, 0, 0, 0.0, 0, 0, 0], [0, 0, 1, 0, 0, 0, -1, 0, 0, 0, 0, 0.0, 0, 1, 0], [0, 0, 4, 0, 0, 0, -1, 0, 0, 0, 0, 0.0, 0, 0, 0], [0, 0, 1, 0, 0, 0, -1, 0, 0, 0, 0, 0.0, 0, 0, 0], [0, 0, 1, 0, 0, 0, -1, 0, 0, 0, 0, 0.0, 0, 0, 0], [0, 0, 6, 0, 0, 0, -1, 0, 0, 0, 0, 0.0, 0, 0, 0], [0, 0, 1, 0, 0, 0, -1, 0, 0, 0, 0, 0.0, 0, 0, 0], [0, 0, 6, 0, 0, 0, -1, 0, 0, 0, 0, 0.0, 0, 0, 0], [0, 0, 1, 0, 0, 0, -1, 0, 0, 0, 0, 0.0, 0, 0, 0], [0, 0, 1, 0, 0, 0, -1, 0, 0, 0, 0, 0.0, 0, 0, 0], [0, 0, 4, 0, 0, 0, -1, 0, 0, 0, 0, 0.0, 0, 0, 0], [0, 0, 2, 0, 0, 0, -1, 0, 0, 0, 0, 0.0, 0, 0, 0], [0, 0, 2, 0, 0, 0, -1, 0, 0, 0, 0, 0.0, 0, 0, 0], [0, 0, 6, 0, 0, 0, -1, 0, 0, 0, 0, 0.0, 0, 0, 0], [0, 0, 3, 0, 0, 0, -1, 0, 0, 0, 0, 0.0, 0, 0, 0], [0, 0, 6, 0, 0, 0, -1, 0, 0, 0, 1, 0.0, 0, 0, 0], [0, 0, 6, 0, 0, 0, -1, 0, 0, 0, 0, 0.0, 0, 0, 0], [0, 0, 2, 0, 0, 0, -1, 0, 0, 0, 1, 0.0, 0, 0, 0], [1, 0, 2, 0, 0, 0, -1, 1, 1, 1, 1, 0.0, 0, 0, 0], [0, 0, 4, 0, 0, 0, -1, 0, 0, 0, 0, 0.0, 0, 0, 0], [0, 0, 1, 0, 0, 0, -1, 0, 0, 0, 0, 0.0, 0, 0, 0], [0, 0, 6, 0, 0, 0, -1, 0, 0, 0, 0, 0.0, 0, 0, 0], [0, 0, 1, 0, 0, 0, -1, 0, 0, 0, 1, 0.0, 0, 0, 0], [1, 1, 6, 0, 0, 0, -1, 0, 0, 0, 1, 0.0, 0, 1, 0], [0, 0, 6, 0, 0, 0, -1, 0, 0, 0, 0, 0.0, 0, 0, 0], [0, 0, 4, 0, 0, 0, -1, 0, 0, 0, 0, 0.0, 0, 0, 0], [0, 0, 1, 0, 0, 0, -1, 0, 0, 0, 0, 0.0, 0, 0, 0], [0, 0, 6, 0, 0, 0, -1, 0, 0, 0, 0, 0.0, 0, 0, 0], [1, 1, 2, 0, 1, 0, -1, 1, 0, 1, 1, 0.0, 0, 1, 1], [0, 0, 1, 0, 0, 0, -1, 0, 0, 0, 0, 0.0, 0, 0, 0], [0, 0, 4, 0, 0, 0, -1, 0, 0, 0, 0, 0.0, 0, 0, 0], [0, 0, 6, 0, 0, 0, -1, 0, 0, 0, 0, 0.0, 0, 0, 0], [0, 0, 6, 0, 0, 0, -1, 0, 0, 0, 0, 0.0, 0, 0, 0], [0, 0, 6, 0, 0, 0, -1, 0, 0, 0, 1, 0.0, 0, 1, 0], [0, 0, 6, 0, 0, 0, -1, 0, 0, 0, 0, 0.0, 0, 0, 0], [0, 1, 3, 0, 0, 0, -1, 0, 0, 0, 1, 0.0, 0, 1, 0], [0, 1, 3, 0, 0, 0, -1, 0, 0, 0, 0, 0.0, 0, 1, 1], [0, 0, 6, 0, 0, 0, -1, 0, 0, 0, 0, 0.0, 0, 0, 0], [0, 0, 4, 0, 0, 0, -1, 0, 0, 0, 0, 0.0, 0, 0, 0], [0, 0, 6, 0, 0, 0, -1, 0, 0, 0, 0, 0.0, 0, 0, 0], [0, 0, 6, 0, 0, 0, -1, 0, 0, 0, 0, 0.0, 0, 0, 0], [0, 0, 6, 0, 0, 0, -1, 0, 0, 0, 0, 0.0, 0, 0, 0], [0, 0, 1, 0, 0, 0, -1, 0, 0, 0, 0, 0.0, 0, 0, 0], [0, 0, 6, 0, 0, 0, -1, 0, 0, 0, 0, 0.0, 0, 0, 0], [0, 0, 1, 0, 0, 0, -1, 0, 0, 0, 0, 0.0, 0, 0, 0], [0, 0, 1, 0, 0, 0, -1, 0, 0, 0, 0, 0.0, 0, 0, 0], [0, 0, 1, 0, 0, 0, -1, 0, 0, 0, 0, 0.0, 0, 0, 0], [0, 0, 1, 0, 0, 0, -1, 0, 0, 0, 0, 0.0, 0, 0, 0], [0, 0, 4, 0, 0, 0, -1, 0, 0, 0, 0, 0.0, 0, 0, 0], [0, 1, 2, 0, 1, 0, -1, 0, 0, 0, 0, 0.0, 0, 1, 1], [0, 0, 6, 0, 0, 0, -1, 0, 0, 0, 0, 0.0, 0, 0, 0], [0, 0, 1, 0, 0, 0, -1, 0, 0, 0, 0, 0.0, 0, 0, 0], [0, 0, 6, 0, 0, 0, -1, 0, 0, 0, 0, 0.0, 0, 0, 0], [0, 0, 1, 0, 0, 0, -1, 0, 0, 0, 1, 0.0, 0, 1, 0], [0, 0, 1, 0, 0, 0, -1, 0, 0, 0, 0, 0.0, 0, 0, 0], [0, 0, 1, 0, 0, 0, -1, 0, 0, 0, 0, 0.0, 0, 0, 0], [0, 0, 1, 0, 0, 0, -1, 0, 0, 0, 0, 0.0, 0, 0, 0], [0, 0, 6, 0, 0, 0, -1, 0, 0, 0, 0, 0.0, 0, 0, 0], [0, 0, 5, 0, 0, 0, -1, 0, 0, 0, 0, 0.0, 0, 0, 0], [0, 0, 1, 0, 0, 0, -1, 0, 0, 0, 0, 0.0, 0, 0, 0], [0, 0, 6, 0, 0, 0, -1, 0, 0, 0, 0, 0.0, 0, 0, 0], [0, 1, 3, 0, 0, 0, -1, 0, 0, 0, 0, 0.0, 0, 0, 0], [0, 0, 6, 0, 0, 0, -1, 0, 0, 0, 0, 0.0, 0, 0, 0], [0, 0, 2, 0, 0, 0, -1, 0, 0, 0, 0, 0.0, 0, 0, 0], [0, 0, 5, 0, 0, 0, -1, 0, 0, 0, 0, 0.0, 0, 0, 0], [0, 0, 1, 0, 0, 0, -1, 0, 0, 0, 0, 0.0, 0, 0, 0], [0, 0, 6, 0, 0, 0, -1, 0, 0, 0, 0, 0.0, 0, 0, 0], [0, 0, 6, 0, 0, 0, -1, 0, 0, 0, 0, 0.0, 0, 0, 0], [0, 0, 6, 0, 0, 0, -1, 0, 0, 0, 0, 0.0, 0, 0, 0], [0, 0, 3, 0, 0, 0, -1, 0, 0, 0, 0, 0.0, 0, 0, 0], [0, 0, 2, 0, 0, 0, -1, 0, 0, 0, 0, 0.0, 0, 0, 0], [0, 0, 6, 0, 0, 0, -1, 0, 0, 0, 0, 0.0, 0, 0, 0], [0, 1, 2, 0, 1, 0, -1, 0, 0, 0, 0, 0.0, 0, 1, 0], [0, 0, 6, 0, 0, 0, -1, 0, 0, 0, 0, 0.0, 0, 0, 0], [0, 0, 1, 0, 0, 0, -1, 0, 0, 0, 0, 0.0, 0, 0, 0], [0, 0, 1, 0, 0, 0, -1, 0, 0, 0, 0, 0.0, 0, 0, 0], [0, 0, 1, 0, 0, 0, -1, 0, 0, 0, 0, 0.0, 0, 0, 0], [0, 0, 6, 0, 0, 0, -1, 0, 0, 0, 0, 0.0, 0, 0, 0], [0, 0, 6, 0, 0, 0, -1, 0, 0, 0, 0, 0.0, 0, 0, 0], [0, 1, 4, 0, 0, 0, -1, 0, 0, 0, 0, 0.0, 0, 1, 0], [0, 0, 6, 0, 0, 0, -1, 0, 0, 0, 0, 0.0, 0, 0, 0], [0, 0, 1, 0, 0, 0, -1, 0, 0, 0, 0, 0.0, 0, 0, 0], [0, 0, 6, 0, 0, 0, -1, 0, 0, 0, 0, 0.0, 0, 0, 0], [0, 1, 6, 0, 0, 0, -1, 0, 0, 0, 0, 0.0, 0, 0, 0], [0, 0, 6, 0, 0, 0, -1, 0, 0, 0, 0, 0.0, 0, 0, 0], [0, 0, 1, 0, 0, 0, -1, 0, 0, 0, 1, 0.0, 0, 1, 0], [0, 0, 6, 0, 0, 0, -1, 0, 0, 0, 0, 0.0, 0, 0, 0], [0, 0, 4, 0, 0, 0, -1, 0, 0, 0, 0, 0.0, 0, 0, 0], [0, 1, 6, 0, 0, 0, -1, 0, 0, 0, 0, 0.0, 0, 0, 0], [0, 0, 1, 0, 0, 0, -1, 0, 0, 0, 0, 0.0, 0, 0, 0], [0, 0, 1, 0, 0, 0, -1, 0, 0, 0, 0, 0.0, 0, 0, 0], [0, 0, 1, 0, 0, 0, -1, 0, 0, 0, 0, 0.0, 0, 0, 0], [0, 0, 6, 0, 0, 0, -1, 0, 0, 0, 0, 0.0, 0, 0, 0], [0, 1, 2, 0, 1, 0, -1, 0, 0, 0, 0, 0.0, 0, 0, 0], [0, 0, 1, 0, 0, 0, -1, 0, 0, 0, 0, 0.0, 0, 0, 0], [0, 0, 6, 0, 0, 0, -1, 0, 0, 0, 0, 0.0, 0, 0, 0], [0, 0, 1, 0, 0, 0, -1, 0, 0, 0, 1, 0.0, 0, 0, 0], [0, 0, 2, 0, 0, 0, -1, 0, 0, 0, 0, 0.0, 0, 0, 0], [0, 0, 6, 0, 0, 0, -1, 0, 0, 0, 0, 0.0, 0, 0, 0], [0, 0, 6, 0, 0, 0, -1, 0, 0, 0, 0, 0.0, 0, 0, 0], [0, 0, 2, 0, 0, 0, -1, 0, 0, 0, 0, 0.0, 0, 0, 0], [0, 0, 6, 0, 0, 0, -1, 0, 0, 0, 0, 0.0, 0, 0, 0], [0, 0, 6, 0, 0, 0, -1, 0, 0, 0, 0, 0.0, 0, 0, 0], [0, 0, 6, 0, 0, 0, -1, 0, 0, 0, 0, 0.0, 0, 0, 0], [0, 0, 6, 0, 0, 0, -1, 0, 0, 0, 0, 0.0, 0, 0, 0], [0, 0, 6, 0, 0, 0, -1, 0, 0, 0, 0, 0.0, 0, 0, 0], [0, 0, 2, 0, 0, 0, -1, 0, 0, 0, 0, 0.0, 0, 0, 0], [0, 0, 1, 0, 0, 0, -1, 0, 0, 0, 0, 0.0, 0, 0, 0], [0, 1, 6, 0, 1, 0, -1, 0, 0, 0, 0, 0.0, 0, 0, 0], [0, 1, 3, 0, 0, 0, -1, 0, 0, 0, 0, 0.0, 0, 1, 0], [0, 0, 1, 0, 0, 0, -1, 0, 0, 0, 0, 0.0, 0, 0, 0], [0, 0, 3, 0, 0, 0, -1, 0, 0, 0, 0, 0.0, 0, 0, 0], [0, 0, 1, 0, 0, 0, -1, 0, 0, 0, 1, 0.0, 0, 1, 0], [0, 0, 6, 0, 0, 0, -1, 0, 0, 0, 1, 0.0, 0, 0, 0], [0, 0, 2, 0, 0, 0, -1, 0, 0, 0, 0, 0.0, 0, 0, 0], [0, 0, 6, 0, 0, 0, -1, 0, 0, 0, 0, 0.0, 0, 0, 0], [0, 0, 1, 0, 0, 0, -1, 0, 0, 0, 0, 0.0, 0, 0, 0], [1, 0, 4, 0, 0, 0, -1, 0, 1, 0, 1, 0.0, 0, 1, 0], [0, 0, 1, 0, 0, 0, -1, 0, 0, 0, 0, 0.0, 0, 0, 0], [0, 0, 6, 0, 0, 0, -1, 0, 0, 0, 0, 0.0, 0, 0, 0], [0, 0, 1, 0, 0, 0, -1, 0, 0, 0, 0, 0.0, 0, 0, 0], [1, 0, 6, 0, 0, 0, -1, 0, 1, 0, 1, 0.0, 0, 0, 0], [0, 0, 6, 0, 0, 0, -1, 0, 0, 0, 0, 0.0, 0, 0, 0], [0, 0, 6, 0, 0, 0, -1, 0, 0, 0, 0, 0.0, 0, 0, 0], [0, 0, 3, 0, 0, 0, -1, 0, 0, 0, 0, 0.0, 0, 0, 0], [0, 0, 6, 0, 0, 0, -1, 0, 0, 0, 0, 0.0, 0, 0, 0], [0, 0, 1, 0, 0, 0, -1, 0, 0, 0, 0, 0.0, 0, 0, 0], [0, 0, 3, 0, 0, 0, -1, 0, 0, 0, 0, 0.0, 0, 0, 0], [0, 0, 6, 0, 0, 0, -1, 0, 0, 0, 0, 0.0, 0, 0, 0], [0, 0, 3, 0, 0, 0, -1, 0, 0, 0, 0, 0.0, 0, 0, 0], [0, 0, 6, 0, 0, 0, -1, 0, 0, 0, 1, 0.0, 0, 1, 0], [0, 0, 1, 0, 0, 0, -1, 0, 0, 0, 0, 0.0, 0, 0, 0], [0, 0, 1, 0, 0, 0, -1, 0, 0, 0, 0, 0.0, 0, 0, 0], [0, 0, 6, 0, 0, 0, -1, 0, 0, 0, 0, 0.0, 0, 0, 0], [1, 1, 5, 0, 0, 0, -1, 0, 0, 0, 1, 0.0, 0, 1, 1], [0, 0, 6, 0, 0, 0, -1, 0, 0, 0, 0, 0.0, 0, 0, 0], [0, 0, 1, 0, 0, 0, -1, 0, 0, 0, 0, 0.0, 0, 0, 0], [0, 0, 3, 0, 0, 0, -1, 0, 0, 0, 0, 0.0, 0, 0, 0], [0, 0, 6, 0, 0, 0, -1, 0, 0, 0, 0, 0.0, 0, 0, 0], [0, 0, 1, 0, 0, 0, -1, 0, 0, 0, 0, 0.0, 0, 0, 0], [0, 1, 6, 0, 0, 0, -1, 0, 0, 0, 0, 0.0, 0, 0, 0], [0, 0, 2, 0, 0, 0, -1, 0, 0, 0, 0, 0.0, 0, 0, 0], [0, 0, 4, 0, 0, 0, -1, 0, 0, 0, 0, 0.0, 0, 0, 0], [0, 0, 6, 0, 0, 0, -1, 0, 0, 0, 0, 0.0, 0, 0, 0], [0, 0, 2, 0, 0, 0, -1, 0, 0, 0, 0, 0.0, 0, 0, 0], [0, 0, 1, 0, 0, 0, -1, 0, 0, 0, 0, 0.0, 0, 0, 0], [0, 0, 6, 0, 0, 0, -1, 0, 0, 0, 0, 0.0, 0, 0, 0], [0, 0, 5, 0, 0, 0, -1, 0, 0, 0, 0, 0.0, 0, 0, 0], [0, 0, 6, 0, 0, 0, -1, 0, 0, 0, 0, 0.0, 0, 0, 0], [0, 0, 6, 0, 0, 0, -1, 0, 0, 0, 0, 0.0, 0, 0, 0], [0, 0, 3, 0, 0, 0, -1, 0, 0, 0, 0, 0.0, 0, 0, 0], [0, 0, 1, 0, 0, 0, -1, 0, 0, 0, 0, 0.0, 0, 0, 0], [0, 0, 6, 0, 0, 0, -1, 0, 0, 0, 0, 0.0, 0, 0, 0], [0, 1, 4, 0, 0, 0, -1, 0, 0, 0, 1, 0.0, 0, 1, 1], [0, 0, 6, 0, 0, 0, -1, 0, 0, 0, 0, 0.0, 0, 0, 0], [0, 0, 1, 0, 0, 0, -1, 0, 0, 0, 1, 0.0, 0, 1, 0], [0, 0, 6, 0, 0, 0, -1, 0, 0, 0, 0, 0.0, 0, 0, 0], [0, 0, 1, 0, 0, 0, -1, 0, 0, 0, 0, 0.0, 0, 0, 0], [0, 0, 6, 0, 0, 0, -1, 0, 0, 0, 0, 0.0, 0, 0, 0], [0, 0, 6, 0, 0, 0, -1, 0, 0, 0, 0, 0.0, 0, 0, 0], [0, 0, 6, 0, 0, 0, -1, 0, 0, 0, 0, 0.0, 0, 0, 0], [0, 0, 1, 0, 0, 0, -1, 0, 0, 0, 0, 0.0, 0, 0, 0], [0, 1, 6, 0, 0, 0, -1, 0, 0, 0, 0, 0.0, 0, 1, 1], [0, 0, 6, 0, 0, 0, -1, 0, 0, 0, 0, 0.0, 0, 0, 0], [0, 0, 1, 0, 0, 0, -1, 0, 0, 0, 0, 0.0, 0, 0, 0], [1, 0, 1, 0, 0, 0, -1, 1, 1, 1, 1, 0.0, 0, 1, 0], [0, 1, 6, 0, 0, 0, -1, 0, 0, 0, 0, 0.0, 0, 0, 0], [0, 0, 2, 0, 0, 0, -1, 0, 0, 0, 0, 0.0, 0, 0, 0], [0, 0, 6, 0, 0, 0, -1, 0, 0, 0, 0, 0.0, 0, 0, 0], [0, 0, 1, 0, 0, 0, -1, 0, 0, 0, 1, 0.0, 0, 0, 0], [0, 1, 2, 0, 0, 0, -1, 0, 0, 0, 0, 0.0, 0, 0, 0], [0, 0, 5, 0, 0, 0, -1, 0, 0, 0, 0, 0.0, 0, 0, 0], [0, 0, 2, 0, 0, 0, -1, 0, 0, 0, 0, 0.0, 0, 0, 0], [0, 0, 6, 0, 0, 0, -1, 0, 0, 0, 0, 0.0, 0, 0, 0], [0, 0, 1, 0, 0, 0, -1, 0, 0, 0, 0, 0.0, 0, 0, 0], [0, 0, 1, 0, 0, 0, -1, 0, 0, 0, 1, 0.0, 0, 1, 0], [0, 0, 6, 0, 0, 0, -1, 0, 0, 0, 0, 0.0, 0, 0, 0], [0, 0, 3, 0, 0, 0, -1, 0, 0, 0, 0, 0.0, 0, 0, 0], [0, 0, 6, 0, 0, 0, -1, 0, 0, 0, 0, 0.0, 0, 1, 0], [0, 0, 6, 0, 0, 0, -1, 0, 0, 0, 0, 0.0, 0, 0, 0], [0, 0, 3, 0, 0, 0, -1, 0, 0, 0, 0, 0.0, 0, 0, 0], [1, 0, 6, 0, 0, 0, -1, 0, 1, 0, 1, 0.0, 0, 0, 0], [0, 0, 6, 0, 0, 0, -1, 0, 0, 0, 0, 0.0, 0, 0, 0], [0, 0, 6, 0, 0, 0, -1, 0, 0, 0, 1, 0.0, 0, 0, 0], [0, 0, 1, 0, 0, 0, -1, 0, 0, 0, 0, 0.0, 0, 0, 0], [0, 0, 6, 0, 0, 0, -1, 0, 0, 0, 1, 0.0, 0, 0, 0], [0, 0, 6, 0, 0, 0, -1, 0, 0, 0, 0, 0.0, 0, 0, 0], [0, 0, 1, 0, 0, 0, -1, 0, 0, 0, 0, 0.0, 0, 0, 0], [0, 0, 6, 0, 0, 0, -1, 0, 0, 0, 0, 0.0, 0, 0, 0], [1, 1, 4, 0, 0, 0, -1, 0, 0, 1, 1, 0.0, 0, 1, 1], [0, 0, 6, 0, 0, 0, -1, 0, 0, 0, 0, 0.0, 0, 0, 0], [0, 0, 6, 0, 0, 0, -1, 0, 0, 0, 0, 0.0, 0, 0, 0], [0, 0, 6, 0, 0, 0, -1, 0, 0, 0, 0, 0.0, 0, 0, 0], [0, 0, 1, 0, 0, 0, -1, 0, 0, 0, 0, 0.0, 0, 0, 0], [0, 0, 1, 0, 0, 0, -1, 0, 0, 0, 0, 0.0, 0, 0, 0], [0, 0, 6, 0, 0, 0, -1, 0, 0, 0, 0, 0.0, 0, 0, 0], [0, 1, 6, 0, 0, 0, -1, 0, 0, 0, 1, 0.0, 0, 0, 0], [0, 0, 6, 0, 0, 0, -1, 0, 0, 0, 0, 0.0, 0, 0, 0], [0, 0, 6, 0, 0, 0, -1, 0, 0, 0, 0, 0.0, 0, 0, 0], [0, 0, 6, 0, 0, 0, -1, 0, 0, 0, 0, 0.0, 0, 0, 0], [0, 0, 3, 0, 0, 0, -1, 0, 0, 0, 0, 0.0, 0, 0, 0], [1, 1, 6, 0, 0, 0, -1, 0, 0, 1, 1, 0.0, 0, 1, 0], [0, 0, 6, 0, 0, 0, -1, 0, 0, 0, 0, 0.0, 0, 0, 0], [0, 0, 6, 0, 0, 0, -1, 0, 0, 0, 0, 0.0, 0, 0, 0], [0, 0, 1, 0, 0, 0, -1, 0, 0, 0, 1, 0.0, 0, 1, 0], [0, 0, 1, 0, 0, 0, -1, 0, 0, 0, 0, 0.0, 0, 0, 0], [0, 0, 6, 0, 0, 0, -1, 0, 0, 0, 0, 0.0, 0, 0, 0], [0, 0, 5, 0, 0, 0, -1, 0, 0, 0, 0, 0.0, 0, 0, 0], [0, 0, 1, 0, 0, 0, -1, 0, 0, 0, 0, 0.0, 0, 0, 0], [0, 0, 6, 0, 0, 0, -1, 0, 0, 0, 0, 0.0, 0, 0, 0], [0, 0, 6, 0, 0, 0, -1, 0, 0, 0, 0, 0.0, 0, 0, 0], [0, 0, 4, 0, 0, 0, -1, 0, 0, 0, 0, 0.0, 0, 0, 0], [0, 0, 1, 0, 0, 0, -1, 0, 0, 0, 0, 0.0, 0, 0, 0], [0, 0, 1, 0, 0, 0, -1, 0, 0, 0, 0, 0.0, 0, 0, 0], [0, 1, 6, 0, 0, 0, -1, 0, 0, 0, 0, 0.0, 0, 0, 0], [0, 0, 1, 0, 0, 0, -1, 0, 0, 0, 0, 0.0, 0, 0, 0], [0, 0, 1, 0, 0, 0, -1, 0, 0, 0, 0, 0.0, 0, 0, 0], [0, 0, 6, 0, 0, 0, -1, 0, 0, 0, 0, 0.0, 0, 0, 0], [0, 0, 1, 0, 0, 0, -1, 0, 0, 0, 0, 0.0, 0, 1, 0], [0, 0, 6, 0, 0, 0, -1, 0, 0, 0, 0, 0.0, 0, 0, 0], [0, 1, 4, 0, 1, 0, -1, 0, 0, 0, 0, 0.0, 0, 0, 0], [0, 0, 1, 0, 0, 0, -1, 0, 0, 0, 1, 0.0, 0, 1, 0], [0, 0, 2, 0, 0, 0, -1, 0, 0, 0, 0, 0.0, 0, 0, 0], [0, 0, 6, 0, 0, 0, -1, 0, 0, 0, 0, 0.0, 0, 0, 0], [0, 1, 6, 0, 1, 0, -1, 0, 0, 0, 1, 0.0, 0, 1, 1], [0, 1, 4, 0, 1, 0, -1, 0, 0, 0, 0, 0.0, 0, 1, 1], [0, 0, 1, 0, 0, 0, -1, 0, 0, 0, 0, 0.0, 0, 0, 0], [0, 1, 6, 0, 0, 0, -1, 0, 0, 0, 0, 0.0, 0, 0, 0], [0, 0, 6, 0, 0, 0, -1, 0, 0, 0, 0, 0.0, 0, 1, 0], [0, 1, 6, 0, 0, 0, -1, 0, 0, 0, 0, 0.0, 0, 0, 0], [0, 1, 6, 0, 0, 0, -1, 0, 0, 0, 0, 0.0, 0, 0, 0], [0, 0, 6, 0, 0, 0, -1, 0, 0, 0, 0, 0.0, 0, 0, 0], [0, 0, 1, 0, 0, 0, -1, 0, 0, 0, 0, 0.0, 0, 0, 0], [0, 0, 3, 0, 0, 0, -1, 0, 0, 0, 0, 0.0, 0, 0, 0], [0, 0, 2, 0, 0, 0, -1, 0, 0, 0, 0, 0.0, 0, 0, 0], [0, 0, 6, 0, 0, 0, -1, 0, 0, 0, 0, 0.0, 0, 0, 0], [0, 0, 4, 0, 0, 0, -1, 0, 0, 0, 0, 0.0, 0, 0, 0], [0, 0, 6, 0, 0, 0, -1, 0, 0, 0, 0, 0.0, 0, 0, 0], [0, 0, 1, 0, 0, 0, -1, 0, 0, 0, 0, 0.0, 0, 0, 0], [0, 0, 6, 0, 0, 0, -1, 0, 0, 0, 0, 0.0, 0, 0, 0], [0, 0, 1, 0, 0, 0, -1, 0, 0, 0, 0, 0.0, 0, 0, 0], [0, 0, 6, 0, 0, 0, -1, 0, 0, 0, 0, 0.0, 0, 0, 0], [1, 0, 1, 0, 0, 0, -1, 1, 1, 1, 1, 0.0, 0, 1, 0], [1, 1, 6, 0, 0, 0, -1, 0, 0, 1, 1, 0.0, 0, 1, 1], [0, 0, 6, 0, 0, 0, -1, 0, 0, 0, 0, 0.0, 0, 0, 0], [0, 0, 6, 0, 0, 0, -1, 0, 0, 0, 0, 0.0, 0, 0, 0], [1, 0, 5, 0, 0, 0, -1, 0, 0, 1, 1, 0.0, 0, 1, 0], [0, 0, 1, 0, 0, 0, -1, 0, 0, 0, 0, 0.0, 0, 0, 0], [0, 0, 1, 0, 0, 0, -1, 0, 0, 0, 0, 0.0, 0, 0, 0], [0, 0, 1, 0, 0, 0, -1, 0, 0, 0, 1, 0.0, 0, 0, 0], [0, 0, 1, 0, 0, 0, -1, 0, 0, 0, 0, 0.0, 0, 0, 0], [0, 0, 4, 0, 0, 0, -1, 0, 0, 0, 0, 0.0, 0, 0, 0], [0, 0, 1, 0, 0, 0, -1, 0, 0, 0, 0, 0.0, 0, 0, 0], [0, 0, 5, 0, 0, 0, -1, 0, 0, 0, 0, 0.0, 0, 0, 0], [0, 0, 6, 0, 0, 0, -1, 0, 0, 0, 0, 0.0, 0, 0, 0], [0, 0, 6, 0, 0, 0, -1, 0, 0, 0, 0, 0.0, 0, 0, 0], [0, 0, 6, 0, 0, 0, -1, 0, 0, 0, 0, 0.0, 0, 0, 0], [0, 0, 6, 0, 0, 0, -1, 0, 0, 0, 0, 0.0, 0, 0, 0], [0, 0, 1, 0, 0, 0, -1, 0, 0, 0, 0, 0.0, 0, 0, 0], [0, 0, 6, 0, 0, 0, -1, 0, 0, 0, 0, 0.0, 0, 0, 0], [0, 0, 6, 0, 0, 0, -1, 0, 0, 0, 0, 0.0, 0, 0, 0], [0, 0, 1, 0, 0, 0, -1, 0, 0, 0, 1, 0.0, 0, 1, 0], [0, 0, 2, 0, 0, 0, -1, 0, 0, 0, 0, 0.0, 0, 0, 0], [0, 0, 1, 0, 0, 0, -1, 0, 0, 0, 0, 0.0, 0, 0, 0], [0, 0, 5, 0, 0, 0, -1, 0, 0, 0, 0, 0.0, 0, 0, 0], [0, 0, 3, 0, 0, 0, -1, 0, 0, 0, 1, 0.0, 0, 0, 0], [0, 0, 2, 0, 0, 0, -1, 0, 0, 0, 0, 0.0, 0, 0, 0], [0, 1, 6, 0, 0, 0, -1, 0, 0, 0, 0, 0.0, 0, 0, 0], [0, 0, 1, 0, 0, 0, -1, 0, 0, 0, 0, 0.0, 0, 0, 0], [0, 0, 1, 0, 0, 0, -1, 0, 0, 0, 0, 0.0, 0, 0, 0], [0, 0, 2, 0, 0, 0, -1, 0, 0, 0, 0, 0.0, 0, 0, 0], [0, 0, 4, 0, 0, 0, -1, 0, 0, 0, 0, 0.0, 0, 0, 0], [0, 0, 6, 0, 0, 0, -1, 0, 0, 0, 0, 0.0, 0, 0, 0], [0, 0, 6, 0, 0, 0, -1, 0, 0, 0, 0, 0.0, 0, 0, 0], [0, 0, 6, 0, 0, 0, -1, 0, 0, 0, 0, 0.0, 0, 0, 0], [0, 0, 2, 0, 0, 0, -1, 0, 0, 0, 1, 0.0, 0, 0, 0], [0, 0, 6, 0, 0, 0, -1, 0, 0, 0, 0, 0.0, 0, 0, 0], [0, 0, 6, 0, 0, 0, -1, 0, 0, 0, 0, 0.0, 0, 0, 0], [1, 0, 6, 0, 0, 0, -1, 0, 0, 0, 1, 0.0, 0, 1, 0], [0, 1, 2, 0, 0, 0, -1, 0, 0, 0, 1, 0.0, 0, 1, 0], [0, 0, 6, 0, 0, 0, -1, 0, 0, 0, 0, 0.0, 0, 0, 0], [0, 0, 6, 0, 0, 0, -1, 0, 0, 0, 0, 0.0, 0, 0, 0], [0, 0, 1, 0, 0, 0, -1, 0, 0, 0, 0, 0.0, 0, 0, 0], [0, 0, 1, 0, 0, 0, -1, 0, 0, 0, 0, 0.0, 0, 0, 0], [1, 1, 4, 0, 0, 0, -1, 1, 0, 1, 1, 0.0, 0, 1, 0], [1, 0, 6, 0, 0, 0, -1, 0, 0, 0, 1, 0.0, 0, 0, 0], [0, 0, 6, 0, 0, 0, -1, 0, 0, 0, 0, 0.0, 0, 0, 0], [0, 0, 6, 0, 0, 0, -1, 0, 0, 0, 0, 0.0, 0, 0, 0], [0, 0, 1, 0, 0, 0, -1, 0, 0, 0, 0, 0.0, 0, 0, 0], [0, 0, 6, 0, 0, 0, -1, 0, 0, 0, 0, 0.0, 0, 0, 0], [0, 0, 4, 0, 0, 0, -1, 0, 0, 0, 0, 0.0, 0, 0, 0], [0, 1, 6, 0, 0, 0, -1, 0, 0, 0, 0, 0.0, 0, 1, 1], [0, 0, 6, 0, 0, 0, -1, 0, 0, 0, 1, 0.0, 0, 0, 0], [0, 0, 1, 0, 0, 0, -1, 0, 0, 0, 0, 0.0, 0, 0, 0], [0, 0, 6, 0, 0, 0, -1, 0, 0, 0, 0, 0.0, 0, 0, 0], [0, 0, 6, 0, 0, 0, -1, 0, 0, 0, 0, 0.0, 0, 0, 0], [0, 0, 4, 0, 0, 0, -1, 0, 0, 0, 0, 0.0, 0, 0, 0], [0, 0, 1, 0, 0, 0, -1, 0, 0, 0, 0, 0.0, 0, 0, 0], [0, 0, 2, 0, 0, 0, -1, 0, 0, 0, 0, 0.0, 0, 0, 0], [0, 0, 6, 0, 0, 0, -1, 0, 0, 0, 0, 0.0, 0, 0, 0], [0, 0, 6, 0, 0, 0, -1, 0, 0, 0, 0, 0.0, 0, 0, 0], [0, 0, 6, 0, 0, 0, -1, 0, 0, 0, 0, 0.0, 0, 0, 0], [0, 0, 3, 0, 0, 0, -1, 0, 0, 0, 0, 0.0, 0, 0, 0], [0, 1, 3, 0, 1, 0, -1, 0, 0, 0, 0, 0.0, 0, 1, 1], [0, 0, 1, 0, 0, 0, -1, 0, 0, 0, 0, 0.0, 0, 0, 0], [0, 0, 6, 0, 0, 0, -1, 0, 0, 0, 0, 0.0, 0, 0, 0], [0, 0, 1, 0, 0, 0, -1, 0, 0, 0, 0, 0.0, 0, 0, 0], [0, 1, 6, 0, 1, 0, -1, 0, 0, 0, 1, 0.0, 0, 1, 1], [0, 0, 6, 0, 0, 0, -1, 0, 0, 0, 0, 0.0, 0, 0, 0], [0, 0, 4, 0, 0, 0, -1, 0, 0, 0, 0, 0.0, 0, 0, 0], [0, 0, 1, 0, 0, 0, -1, 0, 0, 0, 0, 0.0, 0, 0, 0], [0, 0, 6, 0, 0, 0, -1, 0, 0, 0, 0, 0.0, 0, 0, 0], [0, 0, 3, 0, 0, 0, -1, 0, 0, 0, 0, 0.0, 0, 0, 0], [1, 1, 6, 0, 0, 0, -1, 0, 0, 0, 1, 0.0, 0, 1, 0], [0, 0, 1, 0, 0, 0, -1, 0, 0, 0, 0, 0.0, 0, 0, 0], [0, 0, 6, 0, 0, 0, -1, 0, 0, 0, 0, 0.0, 0, 0, 0], [0, 0, 1, 0, 0, 0, -1, 0, 0, 0, 0, 0.0, 0, 0, 0], [0, 0, 6, 0, 0, 0, -1, 0, 0, 0, 0, 0.0, 0, 0, 0], [0, 0, 1, 0, 0, 0, -1, 0, 0, 0, 0, 0.0, 0, 0, 0], [0, 0, 6, 0, 0, 0, -1, 0, 0, 0, 0, 0.0, 0, 0, 0], [0, 0, 6, 0, 0, 0, -1, 0, 0, 0, 1, 0.0, 0, 0, 0], [0, 1, 6, 0, 0, 0, -1, 0, 0, 0, 0, 0.0, 0, 1, 1], [0, 0, 6, 0, 0, 0, -1, 0, 0, 0, 0, 0.0, 0, 0, 0], [0, 0, 4, 0, 0, 0, -1, 0, 0, 0, 0, 0.0, 0, 0, 0], [1, 0, 3, 0, 0, 1, 0, 1, 0, 1, 1, 0.0967741935483871, 31, 1, 0], [0, 0, 6, 0, 0, 0, -1, 0, 0, 0, 0, 0.0, 0, 0, 0], [0, 0, 1, 0, 0, 0, -1, 0, 0, 0, 0, 0.0, 0, 0, 0], [0, 1, 3, 0, 1, 0, -1, 0, 0, 0, 0, 0.0, 0, 1, 1], [0, 0, 4, 0, 0, 0, -1, 0, 0, 0, 0, 0.0, 0, 0, 0], [0, 1, 2, 0, 0, 0, -1, 0, 0, 0, 0, 0.0, 0, 1, 0], [0, 0, 6, 0, 0, 0, -1, 0, 0, 0, 0, 0.0, 0, 0, 0], [0, 0, 6, 0, 0, 0, -1, 0, 0, 0, 1, 0.0, 0, 1, 0], [0, 0, 1, 0, 0, 0, -1, 0, 0, 0, 0, 0.0, 0, 0, 0], [0, 0, 6, 0, 0, 0, -1, 0, 0, 0, 0, 0.0, 0, 0, 0], [0, 0, 6, 0, 0, 0, -1, 0, 0, 0, 0, 0.0, 0, 0, 0], [0, 0, 1, 0, 0, 0, -1, 0, 0, 0, 0, 0.0, 0, 0, 0], [1, 0, 6, 0, 0, 0, -1, 0, 0, 0, 1, 0.0, 0, 0, 0], [0, 0, 3, 0, 0, 0, -1, 0, 0, 0, 0, 0.0, 0, 0, 0], [0, 0, 1, 0, 0, 0, -1, 0, 0, 0, 0, 0.0, 0, 0, 0], [0, 0, 6, 0, 0, 0, -1, 0, 0, 0, 0, 0.0, 0, 0, 0], [0, 0, 1, 0, 0, 0, -1, 0, 0, 0, 0, 0.0, 0, 0, 0], [1, 1, 4, 0, 0, 0, -1, 1, 0, 1, 1, 0.0, 0, 1, 0], [0, 0, 2, 0, 0, 0, -1, 0, 0, 0, 0, 0.0, 0, 0, 0], [0, 0, 6, 0, 0, 0, -1, 0, 0, 0, 0, 0.0, 0, 0, 0], [0, 0, 6, 0, 0, 0, -1, 0, 0, 0, 0, 0.0, 0, 0, 0], [0, 0, 1, 0, 0, 0, -1, 0, 0, 0, 0, 0.0, 0, 0, 0], [0, 0, 6, 0, 0, 0, -1, 0, 0, 0, 0, 0.0, 0, 0, 0], [0, 0, 1, 0, 0, 0, -1, 0, 0, 0, 0, 0.0, 0, 0, 0], [0, 0, 1, 0, 0, 0, -1, 0, 0, 0, 0, 0.0, 0, 0, 0], [0, 0, 4, 0, 0, 0, -1, 0, 0, 0, 0, 0.0, 0, 0, 0], [0, 0, 1, 0, 0, 0, -1, 0, 0, 0, 1, 0.0, 0, 1, 0], [0, 0, 1, 0, 0, 0, -1, 0, 0, 0, 0, 0.0, 0, 0, 0], [0, 0, 3, 0, 0, 0, -1, 0, 0, 0, 0, 0.0, 0, 0, 0], [0, 1, 3, 0, 0, 0, -1, 0, 0, 0, 0, 0.0, 0, 1, 1], [0, 0, 6, 0, 0, 0, -1, 0, 0, 0, 0, 0.0, 0, 0, 0], [0, 0, 3, 0, 0, 0, -1, 0, 0, 0, 0, 0.0, 0, 0, 0], [0, 0, 6, 0, 0, 0, -1, 0, 0, 0, 0, 0.0, 0, 0, 0], [0, 1, 6, 0, 0, 0, -1, 0, 0, 0, 1, 0.0, 0, 1, 0], [0, 0, 6, 0, 0, 0, -1, 0, 0, 0, 0, 0.0, 0, 0, 0], [0, 0, 1, 0, 0, 0, -1, 0, 0, 0, 0, 0.0, 0, 0, 0], [0, 0, 6, 0, 0, 0, -1, 0, 0, 0, 0, 0.0, 0, 0, 0], [0, 0, 5, 0, 0, 0, -1, 0, 0, 0, 0, 0.0, 0, 0, 0], [0, 0, 2, 0, 0, 0, -1, 0, 0, 0, 0, 0.0, 0, 0, 0], [0, 0, 2, 0, 0, 0, -1, 0, 0, 0, 0, 0.0, 0, 0, 0], [0, 0, 3, 0, 0, 0, -1, 0, 0, 0, 0, 0.0, 0, 0, 0], [0, 0, 6, 0, 0, 0, -1, 0, 0, 0, 0, 0.0, 0, 0, 0], [0, 0, 1, 0, 0, 0, -1, 0, 0, 0, 0, 0.0, 0, 0, 0], [0, 0, 5, 0, 0, 0, -1, 0, 0, 0, 0, 0.0, 0, 0, 0], [0, 0, 6, 0, 0, 0, -1, 0, 0, 0, 0, 0.0, 0, 0, 0], [0, 0, 4, 0, 0, 0, -1, 0, 0, 0, 0, 0.0, 0, 1, 0], [1, 1, 5, 0, 1, 0, -1, 0, 0, 0, 1, 0.0, 0, 1, 0], [1, 0, 6, 0, 0, 0, -1, 0, 0, 0, 1, 0.0, 0, 0, 0], [0, 0, 6, 0, 0, 0, -1, 0, 0, 0, 1, 0.0, 0, 1, 0], [0, 0, 1, 0, 0, 0, -1, 0, 0, 0, 0, 0.0, 0, 0, 0], [1, 1, 5, 0, 0, 0, -1, 1, 0, 1, 1, 0.0, 0, 1, 0], [0, 0, 1, 0, 0, 0, -1, 0, 0, 0, 0, 0.0, 0, 0, 0], [0, 0, 3, 0, 0, 0, -1, 0, 0, 0, 0, 0.0, 0, 0, 0], [0, 0, 3, 0, 0, 0, -1, 0, 0, 0, 1, 0.0, 0, 0, 0], [0, 0, 6, 0, 0, 0, -1, 0, 0, 0, 0, 0.0, 0, 0, 0], [0, 1, 4, 0, 0, 0, -1, 0, 0, 0, 0, 0.0, 0, 1, 1], [0, 1, 6, 0, 1, 0, -1, 0, 0, 0, 0, 0.0, 0, 1, 1], [0, 0, 6, 0, 0, 0, -1, 0, 0, 0, 0, 0.0, 0, 0, 0], [0, 0, 6, 0, 0, 0, -1, 0, 0, 0, 0, 0.0, 0, 0, 0], [0, 0, 6, 0, 0, 0, -1, 0, 0, 0, 0, 0.0, 0, 0, 0], [0, 0, 6, 0, 0, 0, -1, 0, 0, 0, 0, 0.0, 0, 0, 0], [0, 0, 6, 0, 0, 0, -1, 0, 0, 0, 0, 0.0, 0, 0, 0], [0, 0, 6, 0, 0, 0, -1, 0, 0, 0, 0, 0.0, 0, 0, 0], [0, 0, 6, 0, 0, 0, -1, 0, 0, 0, 1, 0.0, 0, 0, 0], [0, 1, 6, 0, 0, 0, -1, 0, 0, 0, 0, 0.0, 0, 1, 1], [0, 0, 3, 0, 0, 0, -1, 0, 0, 0, 0, 0.0, 0, 0, 0], [1, 0, 3, 0, 0, 0, -1, 1, 0, 1, 1, 0.0, 0, 1, 0], [0, 0, 6, 0, 0, 0, -1, 0, 0, 0, 1, 0.0, 0, 0, 0], [0, 0, 6, 0, 0, 0, -1, 0, 0, 0, 0, 0.0, 0, 0, 0], [0, 0, 6, 0, 0, 0, -1, 0, 0, 0, 0, 0.0, 0, 0, 0], [0, 0, 2, 0, 0, 0, -1, 0, 0, 0, 0, 0.0, 0, 0, 0], [0, 0, 6, 0, 0, 0, -1, 0, 0, 0, 1, 0.0, 0, 0, 0], [0, 0, 5, 0, 0, 0, -1, 0, 0, 0, 0, 0.0, 0, 0, 0], [0, 0, 1, 0, 0, 0, -1, 0, 0, 0, 0, 0.0, 0, 0, 0], [0, 0, 1, 0, 0, 0, -1, 0, 0, 0, 0, 0.0, 0, 0, 0], [0, 0, 4, 0, 0, 0, -1, 0, 0, 0, 1, 0.0, 0, 0, 0], [0, 0, 6, 0, 0, 0, -1, 0, 0, 0, 0, 0.0, 0, 0, 0], [0, 0, 6, 0, 0, 0, -1, 0, 0, 0, 0, 0.0, 0, 0, 0], [0, 0, 3, 0, 0, 0, -1, 0, 0, 0, 0, 0.0, 0, 0, 0], [0, 0, 6, 0, 0, 0, -1, 0, 0, 0, 0, 0.0, 0, 0, 0], [0, 0, 6, 0, 0, 0, -1, 0, 0, 0, 0, 0.0, 0, 0, 0], [0, 1, 6, 0, 0, 0, -1, 0, 0, 0, 1, 0.0, 0, 1, 1], [0, 0, 2, 0, 0, 0, -1, 0, 0, 0, 0, 0.0, 0, 0, 0], [0, 0, 1, 0, 0, 0, -1, 0, 0, 0, 0, 0.0, 0, 0, 0], [0, 0, 1, 0, 0, 0, -1, 0, 0, 0, 0, 0.0, 0, 0, 0], [0, 0, 3, 0, 0, 0, -1, 0, 0, 0, 0, 0.0, 0, 0, 0]]}
  CONTROL {"lookup_paired_vs_rival": {"model_only_right": 0, "rival_only_right": 0, "discordant": 0, "mcnemar_z": NaN}, "lookup_paired_vs_rival_cos": {"n": 0, "model_only_right": 0, "rival_only_right": 0, "discordant": 0, "mcnemar_z": NaN, "max_achievable_z": 0.0, "underpowered": true}, "lookup_paired_vs_rival_cos_by_margin": {"median_margin": NaN, "low_margin": {"n": 0, "model_only_right": 0, "rival_only_right": 0, "discordant": 0, "mcnemar_z": NaN, "max_achievable_z": 0.0, "underpowered": true}, "high_margin": {"n": 0, "model_only_right": 0, "rival_only_right": 0, "discordant": 0, "mcnemar_z": NaN, "max_achievable_z": 0.0, "underpowered": true}}, "ladder": {"n_questions": 0, "pairs": 0, "concordant": 0, "ties_excluded": 0, "import_budget_zero_rate": 0.0, "import_budget_mean": 0.0, "concordance": NaN, "z_vs_half": NaN, "mean_phi": {"true": NaN, "near": NaN, "middle": NaN, "far": NaN}}, "exact_mismatches": 0, "confusion": {}, "_mixed": [], "_reach": [], "_pair": [], "_cons": [[1, 1, 3, 0, 1, 0, -1, 1, 0, 1, 1, 0.0, 0, 1, 1], [0, 0, 6, 0, 0, 0, -1, 0, 0, 0, 0, 0.0, 0, 0, 0], [1, 0, 5, 0, 0, 0, -1, 0, 0, 0, 1, 0.0, 0, 1, 0], [1, 0, 1, 0, 0, 0, -1, 1, 1, 1, 1, 0.0, 0, 1, 0], [0, 0, 1, 0, 0, 0, -1, 0, 0, 0, 0, 0.0, 0, 0, 0], [1, 0, 3, 0, 0, 0, -1, 0, 0, 1, 1, 0.0, 0, 0, 0], [0, 0, 1, 0, 0, 0, -1, 0, 0, 0, 1, 0.0, 0, 1, 0], [0, 0, 6, 0, 0, 0, -1, 0, 0, 0, 0, 0.0, 0, 0, 0], [0, 0, 3, 0, 0, 0, -1, 0, 0, 0, 0, 0.0, 0, 0, 0], [0, 0, 1, 0, 0, 0, -1, 0, 0, 0, 0, 0.0, 0, 0, 0], [0, 0, 6, 0, 0, 0, -1, 0, 0, 0, 0, 0.0, 0, 0, 0], [0, 1, 6, 0, 0, 0, -1, 0, 0, 0, 1, 0.0, 0, 1, 0], [1, 1, 6, 0, 0, 0, -1, 0, 0, 1, 1, 0.0, 0, 1, 1], [0, 0, 6, 0, 0, 0, -1, 0, 0, 0, 0, 0.0, 0, 0, 0], [0, 0, 2, 0, 0, 0, -1, 0, 0, 0, 0, 0.0, 0, 0, 0], [0, 0, 1, 0, 0, 0, -1, 0, 0, 0, 0, 0.0, 0, 0, 0], [0, 0, 2, 0, 0, 0, -1, 0, 0, 0, 0, 0.0, 0, 0, 0], [0, 0, 6, 0, 0, 0, -1, 0, 0, 0, 0, 0.0, 0, 0, 0], [0, 0, 6, 0, 0, 0, -1, 0, 0, 0, 0, 0.0, 0, 0, 0], [0, 0, 6, 0, 0, 0, -1, 0, 0, 0, 0, 0.0, 0, 0, 0], [0, 0, 6, 0, 0, 0, -1, 0, 0, 0, 0, 0.0, 0, 0, 0], [0, 0, 6, 0, 0, 0, -1, 0, 0, 0, 0, 0.0, 0, 0, 0], [0, 0, 1, 0, 0, 0, -1, 0, 0, 0, 0, 0.0, 0, 0, 0], [0, 0, 1, 0, 0, 0, -1, 0, 0, 0, 0, 0.0, 0, 0, 0], [0, 0, 2, 0, 0, 0, -1, 0, 0, 0, 0, 0.0, 0, 0, 0], [0, 0, 6, 0, 0, 0, -1, 0, 0, 0, 0, 0.0, 0, 0, 0], [0, 1, 6, 0, 0, 0, -1, 0, 0, 0, 0, 0.0, 0, 0, 0], [0, 0, 6, 0, 0, 0, -1, 0, 0, 0, 1, 0.0, 0, 0, 0], [0, 0, 1, 0, 0, 0, -1, 0, 0, 0, 0, 0.0, 0, 0, 0], [0, 0, 1, 0, 0, 0, -1, 0, 0, 0, 0, 0.0, 0, 1, 0], [0, 0, 3, 0, 0, 0, -1, 0, 0, 0, 0, 0.0, 0, 0, 0], [0, 0, 3, 0, 0, 0, -1, 0, 0, 0, 0, 0.0, 0, 0, 0], [0, 0, 1, 0, 0, 0, -1, 0, 0, 0, 0, 0.0, 0, 0, 0], [0, 0, 6, 0, 0, 0, -1, 0, 0, 0, 0, 0.0, 0, 0, 0], [0, 1, 5, 0, 0, 0, -1, 0, 0, 0, 0, 0.0, 0, 0, 0], [0, 0, 6, 0, 0, 0, -1, 0, 0, 0, 0, 0.0, 0, 0, 0], [0, 0, 6, 0, 0, 0, -1, 0, 0, 0, 0, 0.0, 0, 0, 0], [0, 0, 5, 0, 0, 0, -1, 0, 0, 0, 0, 0.0, 0, 0, 0], [0, 0, 1, 0, 0, 0, -1, 0, 0, 0, 0, 0.0, 0, 0, 0], [0, 0, 6, 0, 0, 0, -1, 0, 0, 0, 0, 0.0, 0, 0, 0], [0, 0, 1, 0, 0, 0, -1, 0, 0, 0, 0, 0.0, 0, 0, 0], [0, 0, 1, 0, 0, 0, -1, 0, 0, 0, 0, 0.0, 0, 0, 0], [0, 0, 1, 0, 0, 0, -1, 0, 0, 0, 0, 0.0, 0, 0, 0], [0, 0, 6, 0, 0, 0, -1, 0, 0, 0, 0, 0.0, 0, 0, 0], [0, 0, 6, 0, 0, 0, -1, 0, 0, 0, 0, 0.0, 0, 0, 0], [0, 0, 6, 0, 0, 0, -1, 0, 0, 0, 0, 0.0, 0, 0, 0], [0, 0, 6, 0, 0, 0, -1, 0, 0, 0, 0, 0.0, 0, 0, 0], [0, 1, 3, 0, 1, 0, -1, 0, 0, 0, 0, 0.0, 0, 1, 1], [0, 0, 1, 0, 0, 0, -1, 0, 0, 0, 0, 0.0, 0, 0, 0], [0, 0, 6, 0, 0, 0, -1, 0, 0, 0, 1, 0.0, 0, 0, 0], [0, 0, 6, 0, 0, 0, -1, 0, 0, 0, 0, 0.0, 0, 0, 0], [0, 0, 6, 0, 0, 0, -1, 0, 0, 0, 0, 0.0, 0, 0, 0], [0, 0, 6, 0, 0, 0, -1, 0, 0, 0, 0, 0.0, 0, 0, 0], [0, 0, 6, 0, 0, 0, -1, 0, 0, 0, 0, 0.0, 0, 0, 0], [0, 0, 6, 0, 0, 0, -1, 0, 0, 0, 0, 0.0, 0, 0, 0], [0, 0, 6, 0, 0, 0, -1, 0, 0, 0, 0, 0.0, 0, 0, 0], [0, 0, 1, 0, 0, 0, -1, 0, 0, 0, 0, 0.0, 0, 0, 0], [0, 0, 3, 0, 0, 0, -1, 0, 0, 0, 0, 0.0, 0, 0, 0], [0, 0, 1, 0, 0, 0, -1, 0, 0, 0, 0, 0.0, 0, 0, 0], [0, 0, 6, 0, 0, 0, -1, 0, 0, 0, 0, 0.0, 0, 0, 0], [0, 0, 6, 0, 0, 0, -1, 0, 0, 0, 1, 0.0, 0, 0, 0], [0, 0, 6, 0, 0, 0, -1, 0, 0, 0, 0, 0.0, 0, 0, 0], [0, 0, 1, 0, 0, 0, -1, 0, 0, 0, 0, 0.0, 0, 0, 0], [0, 0, 1, 0, 0, 0, -1, 0, 0, 0, 0, 0.0, 0, 0, 0], [0, 0, 1, 0, 0, 0, -1, 0, 0, 0, 0, 0.0, 0, 0, 0], [0, 0, 1, 0, 0, 0, -1, 0, 0, 0, 0, 0.0, 0, 0, 0], [0, 0, 5, 0, 0, 0, -1, 0, 0, 0, 0, 0.0, 0, 0, 0], [0, 0, 6, 0, 0, 0, -1, 0, 0, 0, 0, 0.0, 0, 0, 0], [0, 0, 3, 0, 0, 0, -1, 0, 0, 0, 0, 0.0, 0, 0, 0], [0, 0, 4, 0, 0, 0, -1, 0, 0, 0, 0, 0.0, 0, 0, 0], [0, 1, 2, 0, 0, 0, -1, 0, 0, 0, 0, 0.0, 0, 1, 1], [0, 0, 5, 0, 0, 0, -1, 0, 0, 0, 0, 0.0, 0, 0, 0], [0, 0, 6, 0, 0, 0, -1, 0, 0, 0, 0, 0.0, 0, 0, 0], [0, 0, 1, 0, 0, 0, -1, 0, 0, 0, 0, 0.0, 0, 0, 0], [0, 0, 6, 0, 0, 0, -1, 0, 0, 0, 0, 0.0, 0, 0, 0], [0, 0, 1, 0, 0, 0, -1, 0, 0, 0, 0, 0.0, 0, 0, 0], [0, 0, 6, 0, 0, 0, -1, 0, 0, 0, 0, 0.0, 0, 0, 0], [0, 0, 4, 0, 0, 0, -1, 0, 0, 0, 0, 0.0, 0, 0, 0], [0, 0, 1, 0, 0, 0, -1, 0, 0, 0, 0, 0.0, 0, 0, 0], [0, 0, 5, 0, 0, 0, -1, 0, 0, 0, 0, 0.0, 0, 0, 0], [0, 0, 2, 0, 0, 0, -1, 0, 0, 0, 1, 0.0, 0, 0, 0], [0, 0, 6, 0, 0, 0, -1, 0, 0, 0, 0, 0.0, 0, 0, 0], [0, 0, 6, 0, 0, 0, -1, 0, 0, 0, 0, 0.0, 0, 0, 0], [0, 0, 5, 0, 0, 0, -1, 0, 0, 0, 0, 0.0, 0, 0, 0], [0, 0, 6, 0, 0, 0, -1, 0, 0, 0, 0, 0.0, 0, 0, 0], [0, 1, 2, 0, 1, 0, -1, 0, 0, 0, 0, 0.0, 0, 0, 0], [0, 0, 6, 0, 0, 0, -1, 0, 0, 0, 0, 0.0, 0, 0, 0], [0, 0, 1, 0, 0, 0, -1, 0, 0, 0, 0, 0.0, 0, 0, 0], [0, 0, 3, 0, 0, 0, -1, 0, 0, 0, 0, 0.0, 0, 0, 0], [0, 0, 6, 0, 0, 0, -1, 0, 0, 0, 0, 0.0, 0, 0, 0], [0, 0, 1, 0, 0, 0, -1, 0, 0, 0, 1, 0.0, 0, 0, 0], [0, 0, 3, 0, 0, 0, -1, 0, 0, 0, 0, 0.0, 0, 0, 0], [0, 0, 1, 0, 0, 0, -1, 0, 0, 0, 0, 0.0, 0, 0, 0], [0, 0, 6, 0, 0, 0, -1, 0, 0, 0, 0, 0.0, 0, 0, 0], [0, 0, 6, 0, 0, 0, -1, 0, 0, 0, 0, 0.0, 0, 0, 0], [0, 0, 6, 0, 0, 0, -1, 0, 0, 0, 0, 0.0, 0, 0, 0], [0, 0, 6, 0, 0, 0, -1, 0, 0, 0, 0, 0.0, 0, 0, 0], [0, 0, 1, 0, 0, 0, -1, 0, 0, 0, 0, 0.0, 0, 0, 0], [0, 0, 6, 0, 0, 0, -1, 0, 0, 0, 0, 0.0, 0, 0, 0], [0, 0, 6, 0, 0, 0, -1, 0, 0, 0, 0, 0.0, 0, 0, 0], [0, 0, 6, 0, 0, 0, -1, 0, 0, 0, 0, 0.0, 0, 0, 0], [0, 0, 3, 0, 0, 0, -1, 0, 0, 0, 0, 0.0, 0, 0, 0], [0, 0, 5, 0, 0, 0, -1, 0, 0, 0, 0, 0.0, 0, 0, 0], [0, 0, 1, 0, 0, 0, -1, 0, 0, 0, 0, 0.0, 0, 0, 0], [0, 0, 6, 0, 0, 0, -1, 0, 0, 0, 0, 0.0, 0, 0, 0], [0, 0, 6, 0, 0, 0, -1, 0, 0, 0, 0, 0.0, 0, 0, 0], [0, 0, 5, 0, 0, 0, -1, 0, 0, 0, 0, 0.0, 0, 0, 0], [0, 0, 6, 0, 0, 0, -1, 0, 0, 0, 0, 0.0, 0, 0, 0], [0, 0, 4, 0, 0, 0, -1, 0, 0, 0, 0, 0.0, 0, 0, 0], [0, 0, 5, 0, 0, 0, -1, 0, 0, 0, 0, 0.0, 0, 0, 0], [0, 0, 2, 0, 0, 0, -1, 0, 0, 0, 0, 0.0, 0, 0, 0], [1, 0, 1, 0, 0, 0, -1, 1, 1, 1, 1, 0.0, 0, 1, 1], [0, 0, 1, 0, 0, 0, -1, 0, 0, 0, 1, 0.0, 0, 0, 0], [0, 1, 2, 0, 1, 0, -1, 0, 0, 0, 0, 0.0, 0, 1, 1], [0, 0, 6, 0, 0, 0, -1, 0, 0, 0, 0, 0.0, 0, 0, 0], [0, 0, 4, 0, 0, 0, -1, 0, 0, 0, 0, 0.0, 0, 0, 0], [0, 0, 6, 0, 0, 0, -1, 0, 0, 0, 0, 0.0, 0, 0, 0], [0, 0, 1, 0, 0, 0, -1, 0, 0, 0, 1, 0.0, 0, 1, 0], [0, 0, 4, 0, 0, 0, -1, 0, 0, 0, 0, 0.0, 0, 0, 0], [0, 0, 6, 0, 0, 0, -1, 0, 0, 0, 0, 0.0, 0, 0, 0], [0, 1, 3, 0, 1, 0, -1, 0, 0, 0, 0, 0.0, 0, 1, 1], [0, 0, 1, 0, 0, 0, -1, 0, 0, 0, 0, 0.0, 0, 0, 0], [0, 0, 6, 0, 0, 0, -1, 0, 0, 0, 0, 0.0, 0, 0, 0], [0, 0, 6, 0, 0, 0, -1, 0, 0, 0, 0, 0.0, 0, 0, 0], [0, 0, 6, 0, 0, 0, -1, 0, 0, 0, 0, 0.0, 0, 0, 0], [0, 0, 4, 0, 0, 0, -1, 0, 0, 0, 0, 0.0, 0, 0, 0], [0, 1, 4, 0, 0, 0, -1, 0, 0, 0, 1, 0.0, 0, 1, 1], [0, 0, 2, 0, 0, 0, -1, 0, 0, 0, 0, 0.0, 0, 0, 0], [0, 0, 1, 0, 0, 0, -1, 0, 0, 0, 0, 0.0, 0, 0, 0], [0, 0, 4, 0, 0, 0, -1, 0, 0, 0, 0, 0.0, 0, 0, 0], [0, 0, 6, 0, 0, 0, -1, 0, 0, 0, 0, 0.0, 0, 0, 0], [0, 0, 1, 0, 0, 0, -1, 0, 0, 0, 1, 0.0, 0, 0, 0], [0, 0, 6, 0, 0, 0, -1, 0, 0, 0, 0, 0.0, 0, 0, 0], [0, 0, 1, 0, 0, 0, -1, 0, 0, 0, 0, 0.0, 0, 0, 0], [0, 0, 1, 0, 0, 0, -1, 0, 0, 0, 0, 0.0, 0, 0, 0], [0, 0, 6, 0, 0, 0, -1, 0, 0, 0, 0, 0.0, 0, 0, 0], [0, 1, 4, 0, 1, 0, -1, 0, 0, 0, 1, 0.0, 0, 1, 0], [0, 0, 2, 0, 0, 0, -1, 0, 0, 0, 0, 0.0, 0, 0, 0], [0, 0, 6, 0, 0, 0, -1, 0, 0, 0, 0, 0.0, 0, 0, 0], [0, 0, 6, 0, 0, 0, -1, 0, 0, 0, 0, 0.0, 0, 0, 0], [0, 0, 3, 0, 0, 0, -1, 0, 0, 0, 0, 0.0, 0, 0, 0], [0, 0, 1, 0, 0, 0, -1, 0, 0, 0, 0, 0.0, 0, 0, 0], [0, 0, 6, 0, 0, 0, -1, 0, 0, 0, 0, 0.0, 0, 0, 0], [0, 0, 6, 0, 0, 0, -1, 0, 0, 0, 0, 0.0, 0, 0, 0], [0, 0, 6, 0, 0, 0, -1, 0, 0, 0, 0, 0.0, 0, 0, 0], [0, 0, 6, 0, 0, 0, -1, 0, 0, 0, 1, 0.0, 0, 1, 0], [0, 0, 2, 0, 0, 0, -1, 0, 0, 0, 0, 0.0, 0, 0, 0], [0, 0, 2, 0, 0, 0, -1, 0, 0, 0, 0, 0.0, 0, 0, 0], [0, 0, 1, 0, 0, 0, -1, 0, 0, 0, 0, 0.0, 0, 0, 0], [0, 0, 1, 0, 0, 0, -1, 0, 0, 0, 0, 0.0, 0, 0, 0], [0, 0, 1, 0, 0, 0, -1, 0, 0, 0, 0, 0.0, 0, 0, 0], [0, 0, 6, 0, 0, 0, -1, 0, 0, 0, 0, 0.0, 0, 0, 0], [0, 0, 6, 0, 0, 0, -1, 0, 0, 0, 0, 0.0, 0, 0, 0], [0, 0, 1, 0, 0, 0, -1, 0, 0, 0, 0, 0.0, 0, 0, 0], [0, 0, 1, 0, 0, 0, -1, 0, 0, 0, 0, 0.0, 0, 0, 0], [0, 0, 6, 0, 0, 0, -1, 0, 0, 0, 0, 0.0, 0, 0, 0], [0, 0, 1, 0, 0, 0, -1, 0, 0, 0, 0, 0.0, 0, 0, 0], [0, 1, 2, 0, 0, 0, -1, 0, 0, 0, 1, 0.0, 0, 1, 0], [0, 0, 5, 0, 0, 0, -1, 0, 0, 0, 0, 0.0, 0, 0, 0], [0, 0, 1, 0, 0, 0, -1, 0, 0, 0, 0, 0.0, 0, 0, 0], [0, 0, 1, 0, 0, 0, -1, 0, 0, 0, 0, 0.0, 0, 0, 0], [0, 0, 2, 0, 0, 0, -1, 0, 0, 0, 0, 0.0, 0, 0, 0], [1, 0, 2, 0, 0, 0, -1, 0, 1, 0, 1, 0.0, 0, 0, 0], [0, 0, 6, 0, 0, 0, -1, 0, 0, 0, 0, 0.0, 0, 0, 0], [0, 0, 6, 0, 0, 0, -1, 0, 0, 0, 0, 0.0, 0, 0, 0], [0, 0, 4, 0, 0, 0, -1, 0, 0, 0, 0, 0.0, 0, 0, 0], [0, 1, 6, 0, 0, 0, -1, 0, 0, 0, 0, 0.0, 0, 0, 0], [0, 0, 6, 0, 0, 0, -1, 0, 0, 0, 0, 0.0, 0, 0, 0], [0, 0, 6, 0, 0, 0, -1, 0, 0, 0, 0, 0.0, 0, 0, 0], [0, 0, 1, 0, 0, 0, -1, 0, 0, 0, 0, 0.0, 0, 0, 0], [0, 0, 3, 0, 0, 0, -1, 0, 0, 0, 0, 0.0, 0, 0, 0], [0, 0, 1, 0, 0, 0, -1, 0, 0, 0, 0, 0.0, 0, 1, 0], [0, 0, 1, 0, 0, 0, -1, 0, 0, 0, 0, 0.0, 0, 0, 0], [0, 0, 1, 0, 0, 0, -1, 0, 0, 0, 1, 0.0, 0, 0, 0], [0, 1, 6, 0, 0, 0, -1, 0, 0, 0, 0, 0.0, 0, 0, 0], [0, 0, 1, 0, 0, 0, -1, 0, 0, 0, 0, 0.0, 0, 0, 0], [0, 0, 1, 0, 0, 0, -1, 0, 0, 0, 0, 0.0, 0, 0, 0], [0, 1, 2, 0, 0, 0, -1, 0, 0, 0, 0, 0.0, 0, 1, 1], [0, 0, 1, 0, 0, 0, -1, 0, 0, 0, 0, 0.0, 0, 0, 0], [0, 0, 6, 0, 0, 0, -1, 0, 0, 0, 0, 0.0, 0, 0, 0], [1, 1, 6, 0, 0, 0, -1, 0, 0, 0, 1, 0.0, 0, 1, 1], [0, 0, 6, 0, 0, 0, -1, 0, 0, 0, 0, 0.0, 0, 0, 0], [0, 0, 6, 0, 0, 0, -1, 0, 0, 0, 0, 0.0, 0, 0, 0], [0, 0, 2, 0, 0, 0, -1, 0, 0, 0, 0, 0.0, 0, 0, 0], [0, 0, 3, 0, 0, 0, -1, 0, 0, 0, 0, 0.0, 0, 0, 0], [0, 0, 1, 0, 0, 0, -1, 0, 0, 0, 0, 0.0, 0, 0, 0], [0, 0, 1, 0, 0, 0, -1, 0, 0, 0, 0, 0.0, 0, 0, 0], [0, 0, 4, 0, 0, 0, -1, 0, 0, 0, 0, 0.0, 0, 0, 0], [0, 0, 6, 0, 0, 0, -1, 0, 0, 0, 0, 0.0, 0, 0, 0], [0, 0, 2, 0, 0, 0, -1, 0, 0, 0, 0, 0.0, 0, 0, 0], [0, 1, 6, 0, 0, 0, -1, 0, 0, 0, 0, 0.0, 0, 1, 1], [0, 0, 6, 0, 0, 0, -1, 0, 0, 0, 0, 0.0, 0, 0, 0], [0, 1, 6, 0, 0, 0, -1, 0, 0, 0, 0, 0.0, 0, 1, 1], [0, 0, 6, 0, 0, 0, -1, 0, 0, 0, 0, 0.0, 0, 0, 0], [0, 0, 2, 0, 0, 0, -1, 0, 0, 0, 0, 0.0, 0, 0, 0], [0, 0, 3, 0, 0, 0, -1, 0, 0, 0, 0, 0.0, 0, 0, 0], [0, 0, 6, 0, 0, 0, -1, 0, 0, 0, 1, 0.0, 0, 0, 0], [0, 0, 4, 0, 0, 0, -1, 0, 0, 0, 0, 0.0, 0, 0, 0], [0, 0, 1, 0, 0, 0, -1, 0, 0, 0, 0, 0.0, 0, 0, 0], [0, 0, 4, 0, 0, 0, -1, 0, 0, 0, 0, 0.0, 0, 0, 0], [0, 0, 2, 0, 0, 0, -1, 0, 0, 0, 0, 0.0, 0, 0, 0], [0, 0, 2, 0, 0, 0, -1, 0, 0, 0, 0, 0.0, 0, 0, 0], [0, 0, 1, 0, 0, 0, -1, 0, 0, 0, 0, 0.0, 0, 0, 0], [0, 0, 6, 0, 0, 0, -1, 0, 0, 0, 0, 0.0, 0, 0, 0], [0, 0, 1, 0, 0, 0, -1, 0, 0, 0, 0, 0.0, 0, 0, 0], [0, 0, 1, 0, 0, 0, -1, 0, 0, 0, 0, 0.0, 0, 1, 0], [0, 0, 6, 0, 0, 0, -1, 0, 0, 0, 0, 0.0, 0, 0, 0], [0, 0, 6, 0, 0, 0, -1, 0, 0, 0, 1, 0.0, 0, 0, 0], [0, 0, 6, 0, 0, 0, -1, 0, 0, 0, 0, 0.0, 0, 0, 0], [0, 0, 6, 0, 0, 0, -1, 0, 0, 0, 0, 0.0, 0, 0, 0], [0, 0, 1, 0, 0, 0, -1, 0, 0, 0, 0, 0.0, 0, 0, 0], [0, 0, 1, 0, 0, 0, -1, 0, 0, 0, 0, 0.0, 0, 0, 0], [0, 0, 1, 0, 0, 0, -1, 0, 0, 0, 0, 0.0, 0, 0, 0], [0, 0, 1, 0, 0, 0, -1, 0, 0, 0, 0, 0.0, 0, 0, 0], [0, 0, 6, 0, 0, 0, -1, 0, 0, 0, 0, 0.0, 0, 0, 0], [0, 0, 5, 0, 0, 0, -1, 0, 0, 0, 0, 0.0, 0, 0, 0], [0, 0, 2, 0, 0, 0, -1, 0, 0, 0, 0, 0.0, 0, 0, 0], [0, 0, 6, 0, 0, 0, -1, 0, 0, 0, 0, 0.0, 0, 0, 0], [0, 1, 2, 0, 0, 0, -1, 0, 0, 0, 0, 0.0, 0, 1, 0], [0, 0, 6, 0, 0, 0, -1, 0, 0, 0, 0, 0.0, 0, 0, 0], [0, 0, 1, 0, 0, 0, -1, 0, 0, 0, 0, 0.0, 0, 0, 0], [0, 0, 6, 0, 0, 0, -1, 0, 0, 0, 0, 0.0, 0, 0, 0], [0, 0, 1, 0, 0, 0, -1, 0, 0, 0, 0, 0.0, 0, 0, 0], [0, 0, 1, 0, 0, 0, -1, 0, 0, 0, 0, 0.0, 0, 0, 0], [0, 0, 6, 0, 0, 0, -1, 0, 0, 0, 1, 0.0, 0, 1, 0], [0, 0, 6, 0, 0, 0, -1, 0, 0, 0, 0, 0.0, 0, 0, 0], [0, 0, 2, 0, 0, 0, -1, 0, 0, 0, 0, 0.0, 0, 0, 0], [0, 0, 1, 0, 0, 0, -1, 0, 0, 0, 0, 0.0, 0, 0, 0], [0, 0, 1, 0, 0, 0, -1, 0, 0, 0, 0, 0.0, 0, 0, 0], [0, 0, 2, 0, 0, 0, -1, 0, 0, 0, 0, 0.0, 0, 0, 0], [0, 1, 6, 0, 0, 0, -1, 0, 0, 0, 0, 0.0, 0, 0, 0], [0, 0, 6, 0, 0, 0, -1, 0, 0, 0, 0, 0.0, 0, 0, 0], [0, 0, 6, 0, 0, 0, -1, 0, 0, 0, 0, 0.0, 0, 0, 0], [0, 0, 3, 0, 0, 0, -1, 0, 0, 0, 0, 0.0, 0, 0, 0], [0, 0, 6, 0, 0, 0, -1, 0, 0, 0, 0, 0.0, 0, 0, 0], [0, 0, 3, 0, 0, 0, -1, 0, 0, 0, 1, 0.0, 0, 0, 0], [0, 1, 2, 0, 1, 0, -1, 0, 0, 0, 0, 0.0, 0, 1, 1], [0, 0, 1, 0, 0, 0, -1, 0, 0, 0, 0, 0.0, 0, 0, 0], [0, 0, 6, 0, 0, 0, -1, 0, 0, 0, 0, 0.0, 0, 0, 0], [0, 0, 6, 0, 0, 0, -1, 0, 0, 0, 0, 0.0, 0, 0, 0], [0, 1, 6, 0, 0, 0, -1, 0, 0, 0, 1, 0.0, 0, 0, 0], [0, 0, 5, 0, 0, 0, -1, 0, 0, 0, 0, 0.0, 0, 0, 0], [0, 0, 1, 0, 0, 0, -1, 0, 0, 0, 0, 0.0, 0, 0, 0], [0, 0, 2, 0, 0, 0, -1, 0, 0, 0, 0, 0.0, 0, 0, 0], [0, 0, 6, 0, 0, 0, -1, 0, 0, 0, 0, 0.0, 0, 0, 0], [0, 0, 4, 0, 0, 0, -1, 0, 0, 0, 0, 0.0, 0, 0, 0], [0, 0, 1, 0, 0, 0, -1, 0, 0, 0, 0, 0.0, 0, 0, 0], [1, 1, 2, 0, 0, 1, 1, 1, 0, 1, 1, 0.10714285714285714, 56, 1, 1], [0, 0, 5, 0, 0, 0, -1, 0, 0, 0, 0, 0.0, 0, 0, 0], [0, 0, 1, 0, 0, 0, -1, 0, 0, 0, 0, 0.0, 0, 0, 0], [0, 0, 1, 0, 0, 0, -1, 0, 0, 0, 0, 0.0, 0, 0, 0], [0, 1, 6, 0, 0, 0, -1, 0, 0, 0, 0, 0.0, 0, 0, 0], [0, 0, 6, 0, 0, 0, -1, 0, 0, 0, 0, 0.0, 0, 0, 0], [0, 0, 2, 0, 0, 0, -1, 0, 0, 0, 0, 0.0, 0, 0, 0], [0, 0, 1, 0, 0, 0, -1, 0, 0, 0, 0, 0.0, 0, 0, 0], [0, 0, 1, 0, 0, 0, -1, 0, 0, 0, 0, 0.0, 0, 0, 0], [0, 1, 6, 0, 0, 0, -1, 0, 0, 0, 0, 0.0, 0, 0, 0], [0, 0, 1, 0, 0, 0, -1, 0, 0, 0, 0, 0.0, 0, 0, 0], [0, 0, 1, 0, 0, 0, -1, 0, 0, 0, 0, 0.0, 0, 0, 0], [0, 1, 2, 0, 0, 0, -1, 0, 0, 0, 0, 0.0, 0, 1, 1], [1, 0, 6, 0, 0, 0, -1, 0, 1, 0, 1, 0.0, 0, 0, 0], [0, 0, 6, 0, 0, 0, -1, 0, 0, 0, 0, 0.0, 0, 0, 0], [0, 0, 6, 0, 0, 0, -1, 0, 0, 0, 0, 0.0, 0, 0, 0], [0, 0, 1, 0, 0, 0, -1, 0, 0, 0, 0, 0.0, 0, 0, 0], [1, 1, 2, 0, 1, 0, -1, 1, 0, 1, 1, 0.0, 0, 1, 1], [0, 0, 3, 0, 0, 0, -1, 0, 0, 0, 0, 0.0, 0, 0, 0], [0, 0, 1, 0, 0, 0, -1, 0, 0, 0, 0, 0.0, 0, 0, 0], [0, 0, 6, 0, 0, 0, -1, 0, 0, 0, 0, 0.0, 0, 0, 0], [0, 0, 6, 0, 0, 0, -1, 0, 0, 0, 0, 0.0, 0, 0, 0], [0, 0, 6, 0, 0, 0, -1, 0, 0, 0, 0, 0.0, 0, 0, 0], [0, 0, 1, 0, 0, 0, -1, 0, 0, 0, 0, 0.0, 0, 0, 0], [0, 0, 6, 0, 0, 0, -1, 0, 0, 0, 0, 0.0, 0, 0, 0], [0, 0, 1, 0, 0, 0, -1, 0, 0, 0, 0, 0.0, 0, 0, 0], [0, 1, 2, 0, 0, 0, -1, 0, 0, 0, 0, 0.0, 0, 1, 1], [0, 0, 6, 0, 0, 0, -1, 0, 0, 0, 1, 0.0, 0, 0, 0], [0, 0, 6, 0, 0, 0, -1, 0, 0, 0, 0, 0.0, 0, 0, 0], [0, 0, 6, 0, 0, 0, -1, 0, 0, 0, 0, 0.0, 0, 0, 0], [0, 0, 5, 0, 0, 0, -1, 0, 0, 0, 0, 0.0, 0, 0, 0], [0, 0, 3, 0, 0, 0, -1, 0, 0, 0, 0, 0.0, 0, 0, 0], [0, 0, 1, 0, 0, 0, -1, 0, 0, 0, 0, 0.0, 0, 0, 0], [0, 0, 2, 0, 0, 1, 1, 0, 0, 0, 0, 1.0, 1, 0, 0], [0, 0, 6, 0, 0, 0, -1, 0, 0, 0, 0, 0.0, 0, 0, 0], [0, 0, 2, 0, 0, 0, -1, 0, 0, 0, 0, 0.0, 0, 0, 0], [0, 0, 1, 0, 0, 0, -1, 0, 0, 0, 0, 0.0, 0, 0, 0], [0, 0, 4, 0, 0, 0, -1, 0, 0, 0, 0, 0.0, 0, 0, 0], [0, 0, 6, 0, 0, 0, -1, 0, 0, 0, 0, 0.0, 0, 0, 0], [0, 0, 6, 0, 0, 0, -1, 0, 0, 0, 0, 0.0, 0, 0, 0], [0, 0, 2, 0, 0, 0, -1, 0, 0, 0, 0, 0.0, 0, 0, 0], [0, 0, 6, 0, 0, 0, -1, 0, 0, 0, 0, 0.0, 0, 0, 0], [0, 0, 6, 0, 0, 0, -1, 0, 0, 0, 0, 0.0, 0, 0, 0], [0, 0, 6, 0, 0, 0, -1, 0, 0, 0, 0, 0.0, 0, 0, 0], [0, 0, 1, 0, 0, 0, -1, 0, 0, 0, 0, 0.0, 0, 0, 0], [0, 0, 3, 0, 0, 0, -1, 0, 0, 0, 0, 0.0, 0, 0, 0], [0, 1, 6, 0, 0, 0, -1, 0, 0, 0, 0, 0.0, 0, 0, 0], [0, 0, 6, 0, 0, 0, -1, 0, 0, 0, 0, 0.0, 0, 0, 0], [0, 1, 6, 0, 0, 0, -1, 0, 0, 0, 0, 0.0, 0, 0, 0], [0, 0, 1, 0, 0, 0, -1, 0, 0, 0, 0, 0.0, 0, 0, 0], [0, 0, 1, 0, 0, 0, -1, 0, 0, 0, 0, 0.0, 0, 0, 0], [0, 0, 6, 0, 0, 0, -1, 0, 0, 0, 0, 0.0, 0, 0, 0], [0, 0, 5, 0, 0, 0, -1, 0, 0, 0, 0, 0.0, 0, 0, 0], [0, 1, 4, 0, 0, 0, -1, 0, 0, 0, 0, 0.0, 0, 1, 0], [0, 0, 6, 0, 0, 0, -1, 0, 0, 0, 0, 0.0, 0, 0, 0], [0, 0, 4, 0, 0, 0, -1, 0, 0, 0, 0, 0.0, 0, 0, 0], [0, 0, 2, 0, 0, 0, -1, 0, 0, 0, 0, 0.0, 0, 0, 0], [0, 0, 1, 0, 0, 0, -1, 0, 0, 0, 0, 0.0, 0, 0, 0], [0, 0, 6, 0, 0, 0, -1, 0, 0, 0, 0, 0.0, 0, 0, 0], [0, 0, 6, 0, 0, 0, -1, 0, 0, 0, 0, 0.0, 0, 0, 0], [0, 0, 1, 0, 0, 0, -1, 0, 0, 0, 0, 0.0, 0, 0, 0], [0, 0, 6, 0, 0, 0, -1, 0, 0, 0, 0, 0.0, 0, 0, 0], [0, 1, 4, 0, 0, 0, -1, 0, 0, 0, 1, 0.0, 0, 1, 0], [0, 0, 6, 0, 0, 0, -1, 0, 0, 0, 0, 0.0, 0, 0, 0], [0, 0, 1, 0, 0, 0, -1, 0, 0, 0, 0, 0.0, 0, 0, 0], [0, 0, 6, 0, 0, 0, -1, 0, 0, 0, 0, 0.0, 0, 0, 0], [0, 0, 6, 0, 0, 0, -1, 0, 0, 0, 0, 0.0, 0, 0, 0], [0, 1, 6, 0, 0, 0, -1, 0, 0, 0, 0, 0.0, 0, 1, 0], [0, 0, 1, 0, 0, 0, -1, 0, 0, 0, 0, 0.0, 0, 0, 0], [0, 0, 2, 0, 0, 0, -1, 0, 0, 0, 0, 0.0, 0, 1, 0], [0, 0, 4, 0, 0, 0, -1, 0, 0, 0, 0, 0.0, 0, 0, 0], [0, 0, 1, 0, 0, 0, -1, 0, 0, 0, 0, 0.0, 0, 0, 0], [0, 0, 3, 0, 0, 0, -1, 0, 0, 0, 0, 0.0, 0, 0, 0], [0, 0, 6, 0, 0, 0, -1, 0, 0, 0, 0, 0.0, 0, 0, 0], [0, 0, 2, 0, 0, 0, -1, 0, 0, 0, 0, 0.0, 0, 0, 0], [0, 0, 2, 0, 0, 0, -1, 0, 0, 0, 1, 0.0, 0, 1, 0], [1, 0, 2, 0, 0, 0, -1, 1, 1, 1, 1, 0.0, 0, 0, 0], [0, 0, 6, 0, 0, 0, -1, 0, 0, 0, 0, 0.0, 0, 0, 0], [0, 0, 3, 0, 0, 0, -1, 0, 0, 0, 0, 0.0, 0, 0, 0], [0, 0, 4, 0, 0, 0, -1, 0, 0, 0, 0, 0.0, 0, 0, 0], [0, 0, 6, 0, 0, 0, -1, 0, 0, 0, 0, 0.0, 0, 0, 0], [0, 1, 6, 0, 0, 0, -1, 0, 0, 0, 0, 0.0, 0, 0, 0], [0, 0, 1, 0, 0, 0, -1, 0, 0, 0, 0, 0.0, 0, 0, 0], [0, 0, 6, 0, 0, 0, -1, 0, 0, 0, 0, 0.0, 0, 0, 0], [0, 1, 3, 0, 0, 0, -1, 0, 0, 0, 0, 0.0, 0, 1, 0], [0, 0, 2, 0, 0, 0, -1, 0, 0, 0, 0, 0.0, 0, 0, 0], [0, 0, 1, 0, 0, 0, -1, 0, 0, 0, 0, 0.0, 0, 0, 0], [0, 0, 6, 0, 0, 0, -1, 0, 0, 0, 1, 0.0, 0, 0, 0], [0, 0, 6, 0, 0, 0, -1, 0, 0, 0, 0, 0.0, 0, 0, 0], [1, 0, 1, 0, 0, 0, -1, 1, 1, 1, 1, 0.0, 0, 1, 0], [0, 0, 1, 0, 0, 0, -1, 0, 0, 0, 0, 0.0, 0, 0, 0], [0, 1, 6, 0, 0, 0, -1, 0, 0, 0, 1, 0.0, 0, 1, 0], [0, 0, 1, 0, 0, 0, -1, 0, 0, 0, 0, 0.0, 0, 0, 0], [0, 0, 6, 0, 0, 0, -1, 0, 0, 0, 0, 0.0, 0, 0, 0], [0, 0, 1, 0, 0, 0, -1, 0, 0, 0, 0, 0.0, 0, 0, 0], [0, 0, 1, 0, 0, 0, -1, 0, 0, 0, 0, 0.0, 0, 0, 0], [0, 0, 1, 0, 0, 0, -1, 0, 0, 0, 0, 0.0, 0, 0, 0], [0, 0, 1, 0, 0, 0, -1, 0, 0, 0, 1, 0.0, 0, 0, 0], [0, 0, 6, 0, 0, 0, -1, 0, 0, 0, 0, 0.0, 0, 0, 0], [0, 0, 6, 0, 0, 0, -1, 0, 0, 0, 0, 0.0, 0, 0, 0], [0, 0, 6, 0, 0, 0, -1, 0, 0, 0, 0, 0.0, 0, 0, 0], [0, 0, 6, 0, 0, 0, -1, 0, 0, 0, 0, 0.0, 0, 0, 0], [0, 0, 1, 0, 0, 0, -1, 0, 0, 0, 0, 0.0, 0, 0, 0], [0, 0, 1, 0, 0, 0, -1, 0, 0, 0, 0, 0.0, 0, 0, 0], [0, 1, 6, 0, 0, 0, -1, 0, 0, 0, 0, 0.0, 0, 1, 0], [0, 0, 2, 0, 0, 0, -1, 0, 0, 0, 0, 0.0, 0, 0, 0], [0, 0, 2, 0, 0, 0, -1, 0, 0, 0, 0, 0.0, 0, 0, 0], [0, 0, 6, 0, 0, 0, -1, 0, 0, 0, 0, 0.0, 0, 0, 0], [0, 1, 6, 0, 1, 0, -1, 0, 0, 0, 0, 0.0, 0, 0, 0], [0, 0, 6, 0, 0, 0, -1, 0, 0, 0, 0, 0.0, 0, 0, 0], [0, 1, 6, 0, 1, 0, -1, 0, 0, 0, 1, 0.0, 0, 1, 1], [0, 0, 1, 0, 0, 0, -1, 0, 0, 0, 1, 0.0, 0, 0, 0], [0, 0, 1, 0, 0, 0, -1, 0, 0, 0, 0, 0.0, 0, 0, 0], [0, 0, 2, 0, 0, 0, -1, 0, 0, 0, 0, 0.0, 0, 0, 0], [0, 0, 1, 0, 0, 0, -1, 0, 0, 0, 0, 0.0, 0, 0, 0], [0, 0, 1, 0, 0, 0, -1, 0, 0, 0, 0, 0.0, 0, 0, 0], [0, 0, 1, 0, 0, 0, -1, 0, 0, 0, 0, 0.0, 0, 0, 0], [0, 0, 1, 0, 0, 0, -1, 0, 0, 0, 0, 0.0, 0, 0, 0], [0, 0, 6, 0, 0, 0, -1, 0, 0, 0, 0, 0.0, 0, 0, 0], [0, 0, 1, 0, 0, 0, -1, 0, 0, 0, 0, 0.0, 0, 0, 0], [0, 0, 1, 0, 0, 0, -1, 0, 0, 0, 0, 0.0, 0, 0, 0], [0, 0, 6, 0, 0, 0, -1, 0, 0, 0, 0, 0.0, 0, 0, 0], [0, 0, 6, 0, 0, 0, -1, 0, 0, 0, 0, 0.0, 0, 0, 0], [0, 0, 6, 0, 0, 0, -1, 0, 0, 0, 0, 0.0, 0, 0, 0], [0, 0, 2, 0, 0, 0, -1, 0, 0, 0, 0, 0.0, 0, 0, 0], [0, 0, 1, 0, 0, 0, -1, 0, 0, 0, 0, 0.0, 0, 0, 0], [0, 0, 1, 0, 0, 0, -1, 0, 0, 0, 0, 0.0, 0, 0, 0], [0, 0, 2, 0, 0, 0, -1, 0, 0, 0, 0, 0.0, 0, 0, 0], [0, 0, 6, 0, 0, 0, -1, 0, 0, 0, 0, 0.0, 0, 0, 0], [0, 0, 6, 0, 0, 0, -1, 0, 0, 0, 0, 0.0, 0, 0, 0], [0, 0, 1, 0, 0, 0, -1, 0, 0, 0, 0, 0.0, 0, 0, 0], [0, 0, 1, 0, 0, 0, -1, 0, 0, 0, 0, 0.0, 0, 0, 0], [0, 0, 1, 0, 0, 0, -1, 0, 0, 0, 0, 0.0, 0, 0, 0], [0, 0, 3, 0, 0, 0, -1, 0, 0, 0, 0, 0.0, 0, 0, 0], [0, 0, 6, 0, 0, 0, -1, 0, 0, 0, 0, 0.0, 0, 0, 0], [0, 0, 6, 0, 0, 0, -1, 0, 0, 0, 0, 0.0, 0, 0, 0], [0, 0, 1, 0, 0, 0, -1, 0, 0, 0, 0, 0.0, 0, 0, 0], [0, 0, 6, 0, 0, 0, -1, 0, 0, 0, 0, 0.0, 0, 0, 0], [0, 0, 2, 0, 0, 0, -1, 0, 0, 0, 0, 0.0, 0, 0, 0], [0, 0, 1, 0, 0, 0, -1, 0, 0, 0, 0, 0.0, 0, 0, 0], [0, 0, 1, 0, 0, 0, -1, 0, 0, 0, 0, 0.0, 0, 0, 0], [0, 0, 1, 0, 0, 0, -1, 0, 0, 0, 1, 0.0, 0, 1, 0], [0, 0, 6, 0, 0, 0, -1, 0, 0, 0, 0, 0.0, 0, 0, 0], [0, 0, 3, 0, 0, 0, -1, 0, 0, 0, 0, 0.0, 0, 0, 0], [0, 0, 1, 0, 0, 0, -1, 0, 0, 0, 0, 0.0, 0, 0, 0], [0, 1, 2, 0, 0, 0, -1, 0, 0, 0, 0, 0.0, 0, 1, 1], [0, 0, 6, 0, 0, 0, -1, 0, 0, 0, 0, 0.0, 0, 0, 0], [1, 1, 6, 0, 0, 0, -1, 0, 0, 0, 1, 0.0, 0, 1, 1], [0, 0, 1, 0, 0, 0, -1, 0, 0, 0, 0, 0.0, 0, 0, 0], [0, 0, 1, 0, 0, 0, -1, 0, 0, 0, 0, 0.0, 0, 0, 0], [0, 0, 6, 0, 0, 0, -1, 0, 0, 0, 0, 0.0, 0, 0, 0], [0, 1, 6, 0, 0, 0, -1, 0, 0, 0, 0, 0.0, 0, 1, 0], [0, 0, 6, 0, 0, 0, -1, 0, 0, 0, 0, 0.0, 0, 0, 0], [0, 0, 1, 0, 0, 0, -1, 0, 0, 0, 0, 0.0, 0, 0, 0], [0, 0, 6, 0, 0, 0, -1, 0, 0, 0, 0, 0.0, 0, 0, 0], [0, 0, 6, 0, 0, 0, -1, 0, 0, 0, 0, 0.0, 0, 0, 0], [0, 0, 6, 0, 0, 0, -1, 0, 0, 0, 0, 0.0, 0, 0, 0], [0, 0, 6, 0, 0, 0, -1, 0, 0, 0, 0, 0.0, 0, 0, 0], [0, 0, 6, 0, 0, 0, -1, 0, 0, 0, 0, 0.0, 0, 0, 0], [0, 0, 6, 0, 0, 0, -1, 0, 0, 0, 0, 0.0, 0, 0, 0], [0, 0, 1, 0, 0, 0, -1, 0, 0, 0, 0, 0.0, 0, 0, 0], [0, 0, 6, 0, 0, 0, -1, 0, 0, 0, 0, 0.0, 0, 0, 0], [0, 0, 5, 0, 0, 0, -1, 0, 0, 0, 0, 0.0, 0, 0, 0], [0, 0, 1, 0, 0, 0, -1, 0, 0, 0, 0, 0.0, 0, 0, 0], [0, 0, 6, 0, 0, 0, -1, 0, 0, 0, 0, 0.0, 0, 0, 0], [0, 0, 1, 0, 0, 0, -1, 0, 0, 0, 0, 0.0, 0, 0, 0], [0, 0, 6, 0, 0, 0, -1, 0, 0, 0, 0, 0.0, 0, 0, 0], [0, 0, 1, 0, 0, 0, -1, 0, 0, 0, 0, 0.0, 0, 0, 0], [0, 0, 1, 0, 0, 0, -1, 0, 0, 0, 0, 0.0, 0, 0, 0], [0, 0, 3, 0, 0, 0, -1, 0, 0, 0, 0, 0.0, 0, 0, 0], [0, 0, 6, 0, 0, 0, -1, 0, 0, 0, 0, 0.0, 0, 0, 0], [0, 0, 6, 0, 0, 0, -1, 0, 0, 0, 0, 0.0, 0, 0, 0], [0, 0, 6, 0, 0, 0, -1, 0, 0, 0, 0, 0.0, 0, 0, 0], [0, 1, 5, 0, 0, 0, -1, 0, 0, 0, 0, 0.0, 0, 1, 0], [0, 1, 6, 0, 0, 0, -1, 0, 0, 0, 0, 0.0, 0, 1, 0], [0, 0, 6, 0, 0, 0, -1, 0, 0, 0, 0, 0.0, 0, 0, 0], [0, 0, 6, 0, 0, 0, -1, 0, 0, 0, 0, 0.0, 0, 0, 0], [0, 0, 1, 0, 0, 0, -1, 0, 0, 0, 0, 0.0, 0, 0, 0], [0, 0, 6, 0, 0, 0, -1, 0, 0, 0, 0, 0.0, 0, 0, 0], [0, 0, 6, 0, 0, 0, -1, 0, 0, 0, 0, 0.0, 0, 0, 0], [0, 0, 6, 0, 0, 0, -1, 0, 0, 0, 0, 0.0, 0, 0, 0], [0, 0, 6, 0, 0, 0, -1, 0, 0, 0, 0, 0.0, 0, 0, 0], [0, 0, 6, 0, 0, 0, -1, 0, 0, 0, 0, 0.0, 0, 0, 0], [0, 0, 6, 0, 0, 0, -1, 0, 0, 0, 0, 0.0, 0, 0, 0], [0, 0, 1, 0, 0, 0, -1, 0, 0, 0, 0, 0.0, 0, 0, 0], [0, 0, 6, 0, 0, 0, -1, 0, 0, 0, 0, 0.0, 0, 0, 0], [0, 0, 6, 0, 0, 0, -1, 0, 0, 0, 0, 0.0, 0, 0, 0], [0, 0, 2, 0, 0, 0, -1, 0, 0, 0, 0, 0.0, 0, 0, 0], [0, 0, 6, 0, 0, 0, -1, 0, 0, 0, 0, 0.0, 0, 0, 0], [0, 0, 6, 0, 0, 0, -1, 0, 0, 0, 0, 0.0, 0, 0, 0], [0, 0, 6, 0, 0, 0, -1, 0, 0, 0, 1, 0.0, 0, 0, 0], [0, 0, 1, 0, 0, 0, -1, 0, 0, 0, 0, 0.0, 0, 0, 0], [0, 0, 1, 0, 0, 0, -1, 0, 0, 0, 0, 0.0, 0, 0, 0], [0, 0, 2, 0, 0, 0, -1, 0, 0, 0, 0, 0.0, 0, 0, 0], [0, 0, 1, 0, 0, 0, -1, 0, 0, 0, 0, 0.0, 0, 0, 0], [0, 0, 6, 0, 0, 0, -1, 0, 0, 0, 0, 0.0, 0, 0, 0], [0, 0, 1, 0, 0, 0, -1, 0, 0, 0, 0, 0.0, 0, 0, 0], [0, 0, 6, 0, 0, 0, -1, 0, 0, 0, 0, 0.0, 0, 0, 0], [0, 0, 3, 0, 0, 0, -1, 0, 0, 0, 0, 0.0, 0, 0, 0], [0, 0, 1, 0, 0, 0, -1, 0, 0, 0, 0, 0.0, 0, 0, 0], [0, 0, 6, 0, 0, 0, -1, 0, 0, 0, 0, 0.0, 0, 0, 0], [0, 0, 6, 0, 0, 0, -1, 0, 0, 0, 0, 0.0, 0, 0, 0], [0, 0, 4, 0, 0, 0, -1, 0, 0, 0, 0, 0.0, 0, 0, 0], [0, 0, 6, 0, 0, 0, -1, 0, 0, 0, 0, 0.0, 0, 0, 0], [0, 0, 1, 0, 0, 0, -1, 0, 0, 0, 0, 0.0, 0, 0, 0], [0, 0, 6, 0, 0, 0, -1, 0, 0, 0, 0, 0.0, 0, 0, 0], [0, 0, 6, 0, 0, 0, -1, 0, 0, 0, 0, 0.0, 0, 0, 0], [0, 0, 6, 0, 0, 0, -1, 0, 0, 0, 0, 0.0, 0, 0, 0], [0, 0, 6, 0, 0, 0, -1, 0, 0, 0, 0, 0.0, 0, 0, 0], [0, 0, 3, 0, 0, 0, -1, 0, 0, 0, 0, 0.0, 0, 0, 0], [0, 0, 1, 0, 0, 0, -1, 0, 0, 0, 0, 0.0, 0, 0, 0], [0, 0, 6, 0, 0, 0, -1, 0, 0, 0, 0, 0.0, 0, 0, 0], [0, 0, 6, 0, 0, 0, -1, 0, 0, 0, 0, 0.0, 0, 0, 0], [0, 0, 6, 0, 0, 0, -1, 0, 0, 0, 0, 0.0, 0, 0, 0], [0, 0, 5, 0, 0, 0, -1, 0, 0, 0, 0, 0.0, 0, 0, 0], [0, 0, 3, 0, 0, 0, -1, 0, 0, 0, 0, 0.0, 0, 0, 0], [0, 0, 1, 0, 0, 0, -1, 0, 0, 0, 0, 0.0, 0, 0, 0], [0, 0, 6, 0, 0, 0, -1, 0, 0, 0, 0, 0.0, 0, 0, 0], [0, 0, 6, 0, 0, 0, -1, 0, 0, 0, 0, 0.0, 0, 0, 0], [0, 0, 6, 0, 0, 0, -1, 0, 0, 0, 0, 0.0, 0, 0, 0], [0, 0, 6, 0, 0, 0, -1, 0, 0, 0, 0, 0.0, 0, 0, 0], [1, 0, 2, 0, 0, 0, -1, 1, 0, 1, 1, 0.0, 0, 1, 0], [0, 0, 2, 0, 0, 0, -1, 0, 0, 0, 0, 0.0, 0, 0, 0], [0, 0, 4, 0, 0, 0, -1, 0, 0, 0, 0, 0.0, 0, 0, 0], [0, 0, 6, 0, 0, 0, -1, 0, 0, 0, 0, 0.0, 0, 0, 0], [0, 0, 3, 0, 0, 0, -1, 0, 0, 0, 1, 0.0, 0, 1, 0], [1, 0, 2, 0, 0, 0, -1, 1, 0, 1, 1, 0.0, 0, 0, 0], [0, 0, 1, 0, 0, 0, -1, 0, 0, 0, 0, 0.0, 0, 0, 0], [1, 0, 5, 0, 0, 0, -1, 0, 0, 0, 1, 0.0, 0, 0, 0], [0, 1, 2, 0, 1, 0, -1, 0, 0, 0, 0, 0.0, 0, 1, 1], [0, 0, 5, 0, 0, 0, -1, 0, 0, 0, 0, 0.0, 0, 0, 0], [0, 0, 3, 0, 0, 0, -1, 0, 0, 0, 0, 0.0, 0, 0, 0], [0, 0, 2, 0, 0, 0, -1, 0, 0, 0, 0, 0.0, 0, 0, 0], [0, 0, 6, 0, 0, 0, -1, 0, 0, 0, 0, 0.0, 0, 0, 0], [0, 0, 6, 0, 0, 0, -1, 0, 0, 0, 0, 0.0, 0, 0, 0], [0, 0, 1, 0, 0, 0, -1, 0, 0, 0, 0, 0.0, 0, 0, 0], [0, 1, 6, 0, 1, 0, -1, 0, 0, 0, 0, 0.0, 0, 0, 0], [0, 0, 1, 0, 0, 0, -1, 0, 0, 0, 0, 0.0, 0, 0, 0], [0, 0, 6, 0, 0, 0, -1, 0, 0, 0, 0, 0.0, 0, 0, 0], [0, 0, 1, 0, 0, 0, -1, 0, 0, 0, 0, 0.0, 0, 0, 0], [1, 0, 2, 0, 0, 0, -1, 1, 1, 1, 1, 0.0, 0, 1, 0], [0, 0, 1, 0, 0, 0, -1, 0, 0, 0, 0, 0.0, 0, 0, 0], [0, 0, 1, 0, 0, 0, -1, 0, 0, 0, 0, 0.0, 0, 0, 0], [0, 0, 2, 0, 0, 0, -1, 0, 0, 0, 0, 0.0, 0, 0, 0], [0, 1, 6, 0, 0, 0, -1, 0, 0, 0, 1, 0.0, 0, 0, 0], [0, 0, 6, 0, 0, 0, -1, 0, 0, 0, 0, 0.0, 0, 0, 0], [0, 0, 1, 0, 0, 0, -1, 0, 0, 0, 0, 0.0, 0, 0, 0], [0, 0, 6, 0, 0, 0, -1, 0, 0, 0, 0, 0.0, 0, 0, 0], [0, 0, 6, 0, 0, 0, -1, 0, 0, 0, 0, 0.0, 0, 0, 0], [0, 1, 6, 0, 0, 0, -1, 0, 0, 0, 0, 0.0, 0, 0, 0], [0, 0, 6, 0, 0, 0, -1, 0, 0, 0, 0, 0.0, 0, 0, 0], [0, 1, 2, 0, 0, 0, -1, 0, 0, 0, 0, 0.0, 0, 0, 0], [0, 0, 6, 0, 0, 0, -1, 0, 0, 0, 0, 0.0, 0, 0, 0], [0, 0, 6, 0, 0, 0, -1, 0, 0, 0, 0, 0.0, 0, 0, 0], [0, 0, 1, 0, 0, 0, -1, 0, 0, 0, 0, 0.0, 0, 0, 0], [0, 0, 6, 0, 0, 0, -1, 0, 0, 0, 0, 0.0, 0, 0, 0], [1, 1, 6, 0, 1, 0, -1, 0, 0, 0, 1, 0.0, 0, 1, 0], [0, 0, 1, 0, 0, 0, -1, 0, 0, 0, 0, 0.0, 0, 0, 0], [0, 1, 4, 0, 0, 0, -1, 0, 0, 0, 1, 0.0, 0, 1, 1], [0, 0, 6, 0, 0, 0, -1, 0, 0, 0, 0, 0.0, 0, 0, 0], [0, 0, 1, 0, 0, 0, -1, 0, 0, 0, 0, 0.0, 0, 0, 0], [0, 0, 1, 0, 0, 0, -1, 0, 0, 0, 0, 0.0, 0, 0, 0], [0, 0, 1, 0, 0, 0, -1, 0, 0, 0, 0, 0.0, 0, 0, 0], [0, 0, 1, 0, 0, 0, -1, 0, 0, 0, 0, 0.0, 0, 0, 0], [0, 0, 6, 0, 0, 0, -1, 0, 0, 0, 0, 0.0, 0, 0, 0], [0, 1, 5, 0, 0, 0, -1, 0, 0, 0, 1, 0.0, 0, 1, 1], [0, 0, 4, 0, 0, 0, -1, 0, 0, 0, 0, 0.0, 0, 0, 0], [1, 1, 3, 0, 1, 0, -1, 0, 1, 0, 1, 0.0, 0, 1, 0], [0, 0, 6, 0, 0, 0, -1, 0, 0, 0, 0, 0.0, 0, 0, 0], [0, 0, 6, 0, 0, 0, -1, 0, 0, 0, 1, 0.0, 0, 0, 0], [0, 0, 6, 0, 0, 0, -1, 0, 0, 0, 0, 0.0, 0, 0, 0], [0, 0, 6, 0, 0, 0, -1, 0, 0, 0, 0, 0.0, 0, 0, 0], [0, 0, 6, 0, 0, 0, -1, 0, 0, 0, 0, 0.0, 0, 1, 0], [0, 0, 3, 0, 0, 0, -1, 0, 0, 0, 0, 0.0, 0, 0, 0], [0, 0, 4, 0, 0, 0, -1, 0, 0, 0, 0, 0.0, 0, 0, 0], [0, 0, 4, 0, 0, 0, -1, 0, 0, 0, 0, 0.0, 0, 0, 0], [0, 1, 6, 0, 1, 0, -1, 0, 0, 0, 0, 0.0, 0, 1, 0], [0, 0, 2, 0, 0, 0, -1, 0, 0, 0, 0, 0.0, 0, 0, 0], [0, 0, 6, 0, 0, 0, -1, 0, 0, 0, 0, 0.0, 0, 0, 0], [1, 1, 3, 0, 1, 0, -1, 0, 1, 0, 1, 0.0, 0, 1, 0], [0, 0, 1, 0, 0, 0, -1, 0, 0, 0, 1, 0.0, 0, 0, 0], [0, 0, 6, 0, 0, 0, -1, 0, 0, 0, 1, 0.0, 0, 0, 0], [0, 0, 6, 0, 0, 0, -1, 0, 0, 0, 0, 0.0, 0, 0, 0], [0, 0, 3, 0, 0, 0, -1, 0, 0, 0, 0, 0.0, 0, 0, 0], [0, 1, 6, 0, 0, 0, -1, 0, 0, 0, 0, 0.0, 0, 1, 1], [0, 1, 6, 0, 0, 0, -1, 0, 0, 0, 0, 0.0, 0, 1, 0], [0, 0, 1, 0, 0, 0, -1, 0, 0, 0, 0, 0.0, 0, 0, 0], [1, 0, 6, 0, 0, 0, -1, 0, 1, 0, 1, 0.0, 0, 0, 0], [0, 0, 5, 0, 0, 0, -1, 0, 0, 0, 0, 0.0, 0, 0, 0], [0, 0, 6, 0, 0, 0, -1, 0, 0, 0, 0, 0.0, 0, 0, 0], [0, 0, 6, 0, 0, 0, -1, 0, 0, 0, 0, 0.0, 0, 0, 0], [0, 0, 6, 0, 0, 0, -1, 0, 0, 0, 0, 0.0, 0, 0, 0], [0, 0, 5, 0, 0, 0, -1, 0, 0, 0, 0, 0.0, 0, 0, 0], [0, 1, 6, 0, 0, 0, -1, 0, 0, 0, 1, 0.0, 0, 1, 1], [0, 0, 1, 0, 0, 0, -1, 0, 0, 0, 0, 0.0, 0, 0, 0], [0, 1, 2, 0, 1, 0, -1, 0, 0, 0, 0, 0.0, 0, 1, 1], [0, 0, 2, 0, 0, 0, -1, 0, 0, 0, 0, 0.0, 0, 0, 0], [0, 0, 1, 0, 0, 0, -1, 0, 0, 0, 0, 0.0, 0, 0, 0], [0, 0, 2, 0, 0, 0, -1, 0, 0, 0, 0, 0.0, 0, 0, 0], [0, 0, 6, 0, 0, 0, -1, 0, 0, 0, 0, 0.0, 0, 0, 0], [0, 0, 6, 0, 0, 0, -1, 0, 0, 0, 0, 0.0, 0, 0, 0], [0, 0, 6, 0, 0, 0, -1, 0, 0, 0, 0, 0.0, 0, 0, 0], [0, 0, 3, 0, 0, 0, -1, 0, 0, 0, 0, 0.0, 0, 0, 0], [0, 0, 6, 0, 0, 0, -1, 0, 0, 0, 0, 0.0, 0, 0, 0], [0, 0, 3, 0, 0, 0, -1, 0, 0, 0, 0, 0.0, 0, 0, 0], [0, 0, 1, 0, 0, 0, -1, 0, 0, 0, 0, 0.0, 0, 0, 0], [0, 0, 6, 0, 0, 0, -1, 0, 0, 0, 0, 0.0, 0, 0, 0], [0, 0, 2, 0, 0, 0, -1, 0, 0, 0, 0, 0.0, 0, 0, 0], [1, 0, 3, 0, 0, 1, 2, 1, 0, 1, 1, 0.2, 5, 1, 0], [0, 1, 4, 0, 0, 0, -1, 0, 0, 0, 0, 0.0, 0, 0, 0], [0, 0, 6, 0, 0, 0, -1, 0, 0, 0, 0, 0.0, 0, 0, 0], [0, 0, 5, 0, 0, 0, -1, 0, 0, 0, 0, 0.0, 0, 0, 0], [0, 0, 6, 0, 0, 0, -1, 0, 0, 0, 0, 0.0, 0, 0, 0], [0, 1, 2, 0, 0, 0, -1, 0, 0, 0, 1, 0.0, 0, 1, 1], [0, 0, 1, 0, 0, 0, -1, 0, 0, 0, 0, 0.0, 0, 0, 0], [0, 0, 6, 0, 0, 0, -1, 0, 0, 0, 0, 0.0, 0, 0, 0], [0, 1, 6, 0, 1, 0, -1, 0, 0, 0, 1, 0.0, 0, 1, 0], [0, 0, 6, 0, 0, 0, -1, 0, 0, 0, 0, 0.0, 0, 0, 0], [0, 0, 6, 0, 0, 0, -1, 0, 0, 0, 0, 0.0, 0, 0, 0], [0, 0, 1, 0, 0, 0, -1, 0, 0, 0, 0, 0.0, 0, 0, 0], [0, 0, 6, 0, 0, 0, -1, 0, 0, 0, 0, 0.0, 0, 0, 0], [0, 0, 2, 0, 0, 0, -1, 0, 0, 0, 0, 0.0, 0, 0, 0], [0, 0, 2, 0, 0, 0, -1, 0, 0, 0, 0, 0.0, 0, 0, 0], [0, 0, 2, 0, 0, 0, -1, 0, 0, 0, 0, 0.0, 0, 0, 0], [0, 0, 6, 0, 0, 0, -1, 0, 0, 0, 0, 0.0, 0, 0, 0], [0, 0, 1, 0, 0, 0, -1, 0, 0, 0, 0, 0.0, 0, 0, 0], [0, 0, 1, 0, 0, 0, -1, 0, 0, 0, 0, 0.0, 0, 0, 0], [0, 0, 1, 0, 0, 0, -1, 0, 0, 0, 0, 0.0, 0, 0, 0], [1, 1, 5, 0, 0, 0, -1, 1, 0, 1, 1, 0.0, 0, 1, 1], [0, 0, 6, 0, 0, 0, -1, 0, 0, 0, 0, 0.0, 0, 0, 0], [0, 0, 6, 0, 0, 0, -1, 0, 0, 0, 0, 0.0, 0, 0, 0], [0, 0, 4, 0, 0, 0, -1, 0, 0, 0, 0, 0.0, 0, 0, 0], [0, 0, 6, 0, 0, 0, -1, 0, 0, 0, 0, 0.0, 0, 0, 0], [0, 0, 1, 0, 0, 0, -1, 0, 0, 0, 0, 0.0, 0, 0, 0], [0, 0, 2, 0, 0, 0, -1, 0, 0, 0, 0, 0.0, 0, 0, 0], [0, 0, 1, 0, 0, 0, -1, 0, 0, 0, 1, 0.0, 0, 0, 0], [0, 0, 1, 0, 0, 0, -1, 0, 0, 0, 1, 0.0, 0, 1, 0], [0, 0, 6, 0, 0, 0, -1, 0, 0, 0, 0, 0.0, 0, 0, 0], [0, 0, 1, 0, 0, 0, -1, 0, 0, 0, 0, 0.0, 0, 0, 0], [0, 0, 2, 0, 0, 0, -1, 0, 0, 0, 0, 0.0, 0, 0, 0], [0, 0, 1, 0, 0, 0, -1, 0, 0, 0, 0, 0.0, 0, 0, 0], [0, 0, 6, 0, 0, 0, -1, 0, 0, 0, 0, 0.0, 0, 0, 0], [0, 0, 1, 0, 0, 0, -1, 0, 0, 0, 0, 0.0, 0, 0, 0], [0, 0, 2, 0, 0, 0, -1, 0, 0, 0, 0, 0.0, 0, 0, 0], [0, 0, 1, 0, 0, 0, -1, 0, 0, 0, 0, 0.0, 0, 0, 0], [0, 1, 2, 0, 0, 0, -1, 0, 0, 0, 0, 0.0, 0, 1, 1], [0, 0, 6, 0, 0, 0, -1, 0, 0, 0, 0, 0.0, 0, 0, 0], [0, 0, 6, 0, 0, 0, -1, 0, 0, 0, 1, 0.0, 0, 0, 0], [0, 0, 6, 0, 0, 0, -1, 0, 0, 0, 0, 0.0, 0, 0, 0], [0, 0, 6, 0, 0, 0, -1, 0, 0, 0, 0, 0.0, 0, 0, 0], [0, 0, 6, 0, 0, 0, -1, 0, 0, 0, 0, 0.0, 0, 0, 0], [0, 0, 5, 0, 0, 0, -1, 0, 0, 0, 0, 0.0, 0, 0, 0], [0, 0, 1, 0, 0, 0, -1, 0, 0, 0, 0, 0.0, 0, 0, 0], [0, 0, 2, 0, 0, 0, -1, 0, 0, 0, 0, 0.0, 0, 0, 0], [0, 0, 1, 0, 0, 0, -1, 0, 0, 0, 0, 0.0, 0, 0, 0], [0, 0, 6, 0, 0, 0, -1, 0, 0, 0, 1, 0.0, 0, 0, 0], [0, 0, 6, 0, 0, 0, -1, 0, 0, 0, 0, 0.0, 0, 0, 0], [0, 0, 6, 0, 0, 0, -1, 0, 0, 0, 0, 0.0, 0, 0, 0], [0, 0, 6, 0, 0, 0, -1, 0, 0, 0, 0, 0.0, 0, 0, 0], [0, 0, 1, 0, 0, 0, -1, 0, 0, 0, 0, 0.0, 0, 0, 0], [0, 0, 6, 0, 0, 0, -1, 0, 0, 0, 0, 0.0, 0, 0, 0], [0, 0, 6, 0, 0, 0, -1, 0, 0, 0, 1, 0.0, 0, 0, 0], [0, 0, 6, 0, 0, 0, -1, 0, 0, 0, 0, 0.0, 0, 0, 0], [0, 1, 2, 0, 0, 1, 1, 0, 0, 0, 0, 0.12345679012345678, 81, 1, 1], [0, 0, 6, 0, 0, 0, -1, 0, 0, 0, 0, 0.0, 0, 0, 0], [0, 0, 6, 0, 0, 0, -1, 0, 0, 0, 0, 0.0, 0, 0, 0], [0, 0, 2, 0, 0, 0, -1, 0, 0, 0, 0, 0.0, 0, 0, 0], [0, 0, 6, 0, 0, 0, -1, 0, 0, 0, 0, 0.0, 0, 0, 0], [0, 0, 1, 0, 0, 0, -1, 0, 0, 0, 0, 0.0, 0, 0, 0], [0, 0, 3, 0, 0, 0, -1, 0, 0, 0, 0, 0.0, 0, 0, 0], [0, 0, 1, 0, 0, 0, -1, 0, 0, 0, 0, 0.0, 0, 0, 0], [0, 0, 1, 0, 0, 0, -1, 0, 0, 0, 0, 0.0, 0, 0, 0], [0, 1, 3, 0, 1, 0, -1, 0, 0, 0, 0, 0.0, 0, 1, 0], [0, 0, 2, 0, 0, 0, -1, 0, 0, 0, 0, 0.0, 0, 0, 0], [0, 0, 4, 0, 0, 0, -1, 0, 0, 0, 0, 0.0, 0, 1, 0], [1, 0, 1, 0, 0, 0, -1, 1, 1, 1, 1, 0.0, 0, 1, 0], [0, 0, 6, 0, 0, 0, -1, 0, 0, 0, 0, 0.0, 0, 0, 0], [0, 0, 6, 0, 0, 0, -1, 0, 0, 0, 0, 0.0, 0, 0, 0], [0, 0, 1, 0, 0, 0, -1, 0, 0, 0, 0, 0.0, 0, 0, 0], [0, 0, 2, 0, 0, 0, -1, 0, 0, 0, 0, 0.0, 0, 0, 0], [0, 0, 1, 0, 0, 0, -1, 0, 0, 0, 0, 0.0, 0, 0, 0], [0, 0, 1, 0, 0, 0, -1, 0, 0, 0, 0, 0.0, 0, 0, 0], [0, 0, 2, 0, 0, 0, -1, 0, 0, 0, 0, 0.0, 0, 0, 0], [0, 0, 1, 0, 0, 0, -1, 0, 0, 0, 1, 0.0, 0, 0, 0], [0, 0, 5, 0, 0, 0, -1, 0, 0, 0, 0, 0.0, 0, 0, 0], [0, 0, 6, 0, 0, 0, -1, 0, 0, 0, 0, 0.0, 0, 0, 0], [0, 0, 3, 0, 0, 0, -1, 0, 0, 0, 1, 0.0, 0, 1, 0], [0, 0, 6, 0, 0, 0, -1, 0, 0, 0, 0, 0.0, 0, 0, 0], [0, 1, 4, 0, 1, 0, -1, 0, 0, 0, 1, 0.0, 0, 1, 0], [0, 0, 1, 0, 0, 0, -1, 0, 0, 0, 0, 0.0, 0, 0, 0], [0, 0, 5, 0, 0, 0, -1, 0, 0, 0, 0, 0.0, 0, 0, 0], [0, 0, 1, 0, 0, 0, -1, 0, 0, 0, 0, 0.0, 0, 0, 0], [0, 0, 1, 0, 0, 0, -1, 0, 0, 0, 0, 0.0, 0, 0, 0], [0, 0, 6, 0, 0, 0, -1, 0, 0, 0, 0, 0.0, 0, 0, 0], [0, 0, 3, 0, 0, 0, -1, 0, 0, 0, 0, 0.0, 0, 0, 0], [1, 1, 3, 0, 1, 0, -1, 1, 0, 1, 1, 0.0, 0, 1, 1], [0, 0, 6, 0, 0, 0, -1, 0, 0, 0, 0, 0.0, 0, 0, 0], [0, 0, 1, 0, 0, 0, -1, 0, 0, 0, 0, 0.0, 0, 0, 0], [0, 0, 2, 0, 0, 0, -1, 0, 0, 0, 0, 0.0, 0, 0, 0], [0, 0, 1, 0, 0, 0, -1, 0, 0, 0, 0, 0.0, 0, 0, 0], [0, 0, 6, 0, 0, 0, -1, 0, 0, 0, 0, 0.0, 0, 0, 0], [0, 0, 1, 0, 0, 0, -1, 0, 0, 0, 0, 0.0, 0, 1, 0], [0, 0, 6, 0, 0, 0, -1, 0, 0, 0, 0, 0.0, 0, 0, 0], [0, 1, 4, 0, 1, 0, -1, 0, 0, 0, 0, 0.0, 0, 1, 0], [0, 0, 1, 0, 0, 0, -1, 0, 0, 0, 0, 0.0, 0, 0, 0], [0, 0, 6, 0, 0, 0, -1, 0, 0, 0, 0, 0.0, 0, 0, 0], [0, 0, 6, 0, 0, 0, -1, 0, 0, 0, 0, 0.0, 0, 0, 0], [0, 0, 6, 0, 0, 0, -1, 0, 0, 0, 0, 0.0, 0, 0, 0], [0, 1, 6, 0, 0, 0, -1, 0, 0, 0, 0, 0.0, 0, 0, 0], [0, 0, 2, 0, 0, 0, -1, 0, 0, 0, 0, 0.0, 0, 0, 0], [0, 0, 1, 0, 0, 0, -1, 0, 0, 0, 1, 0.0, 0, 1, 0], [0, 1, 4, 0, 1, 0, -1, 0, 0, 0, 1, 0.0, 0, 1, 1], [0, 1, 3, 0, 0, 0, -1, 0, 0, 0, 0, 0.0, 0, 1, 0], [0, 0, 6, 0, 0, 0, -1, 0, 0, 0, 1, 0.0, 0, 0, 0], [0, 0, 2, 0, 0, 0, -1, 0, 0, 0, 0, 0.0, 0, 0, 0], [0, 0, 6, 0, 0, 0, -1, 0, 0, 0, 0, 0.0, 0, 0, 0], [0, 0, 6, 0, 0, 0, -1, 0, 0, 0, 0, 0.0, 0, 0, 0], [0, 0, 6, 0, 0, 0, -1, 0, 0, 0, 0, 0.0, 0, 0, 0], [0, 0, 1, 0, 0, 0, -1, 0, 0, 0, 0, 0.0, 0, 0, 0], [0, 0, 6, 0, 0, 0, -1, 0, 0, 0, 0, 0.0, 0, 0, 0], [0, 0, 1, 0, 0, 0, -1, 0, 0, 0, 0, 0.0, 0, 0, 0], [0, 0, 6, 0, 0, 0, -1, 0, 0, 0, 0, 0.0, 0, 0, 0], [0, 0, 2, 0, 0, 0, -1, 0, 0, 0, 0, 0.0, 0, 0, 0], [0, 0, 5, 0, 0, 0, -1, 0, 0, 0, 0, 0.0, 0, 0, 0], [0, 0, 6, 0, 0, 0, -1, 0, 0, 0, 0, 0.0, 0, 0, 0], [0, 0, 1, 0, 0, 0, -1, 0, 0, 0, 0, 0.0, 0, 0, 0], [1, 1, 3, 0, 0, 0, -1, 1, 0, 1, 1, 0.0, 0, 1, 0], [0, 0, 1, 0, 0, 0, -1, 0, 0, 0, 0, 0.0, 0, 0, 0], [0, 0, 1, 0, 0, 0, -1, 0, 0, 0, 1, 0.0, 0, 0, 0], [0, 0, 6, 0, 0, 0, -1, 0, 0, 0, 0, 0.0, 0, 0, 0], [0, 1, 2, 0, 1, 0, -1, 0, 0, 0, 0, 0.0, 0, 1, 0], [0, 0, 1, 0, 0, 0, -1, 0, 0, 0, 0, 0.0, 0, 0, 0], [0, 0, 2, 0, 0, 0, -1, 0, 0, 0, 0, 0.0, 0, 0, 0], [0, 0, 6, 0, 0, 0, -1, 0, 0, 0, 0, 0.0, 0, 0, 0], [0, 0, 6, 0, 0, 0, -1, 0, 0, 0, 0, 0.0, 0, 0, 0], [0, 0, 3, 0, 0, 0, -1, 0, 0, 0, 0, 0.0, 0, 0, 0], [0, 0, 1, 0, 0, 0, -1, 0, 0, 0, 0, 0.0, 0, 0, 0], [1, 0, 4, 0, 0, 0, -1, 0, 1, 1, 1, 0.0, 0, 1, 0], [0, 0, 2, 0, 0, 0, -1, 0, 0, 0, 0, 0.0, 0, 0, 0], [0, 0, 1, 0, 0, 0, -1, 0, 0, 0, 1, 0.0, 0, 0, 0], [1, 0, 5, 0, 0, 0, -1, 0, 0, 1, 1, 0.0, 0, 0, 0], [0, 0, 1, 0, 0, 0, -1, 0, 0, 0, 0, 0.0, 0, 0, 0], [0, 0, 6, 0, 0, 0, -1, 0, 0, 0, 0, 0.0, 0, 0, 0], [0, 0, 1, 0, 0, 0, -1, 0, 0, 0, 0, 0.0, 0, 0, 0], [0, 0, 6, 0, 0, 0, -1, 0, 0, 0, 0, 0.0, 0, 0, 0], [0, 1, 6, 0, 0, 0, -1, 0, 0, 0, 0, 0.0, 0, 0, 0], [0, 0, 1, 0, 0, 0, -1, 0, 0, 0, 0, 0.0, 0, 0, 0], [0, 0, 6, 0, 0, 0, -1, 0, 0, 0, 0, 0.0, 0, 0, 0], [0, 0, 6, 0, 0, 0, -1, 0, 0, 0, 0, 0.0, 0, 0, 0], [0, 0, 6, 0, 0, 0, -1, 0, 0, 0, 0, 0.0, 0, 0, 0], [0, 1, 2, 0, 0, 0, -1, 0, 0, 0, 0, 0.0, 0, 0, 0], [0, 0, 6, 0, 0, 0, -1, 0, 0, 0, 0, 0.0, 0, 0, 0], [0, 0, 6, 0, 0, 0, -1, 0, 0, 0, 0, 0.0, 0, 0, 0], [0, 1, 4, 0, 0, 0, -1, 0, 0, 0, 0, 0.0, 0, 1, 0], [0, 1, 2, 0, 0, 0, -1, 0, 0, 0, 0, 0.0, 0, 1, 0], [0, 0, 5, 0, 0, 0, -1, 0, 0, 0, 0, 0.0, 0, 0, 0], [0, 0, 6, 0, 0, 0, -1, 0, 0, 0, 0, 0.0, 0, 0, 0], [0, 0, 5, 0, 0, 0, -1, 0, 0, 0, 0, 0.0, 0, 0, 0], [0, 0, 6, 0, 0, 0, -1, 0, 0, 0, 0, 0.0, 0, 0, 0], [0, 1, 6, 0, 0, 0, -1, 0, 0, 0, 0, 0.0, 0, 0, 0], [0, 0, 3, 0, 0, 0, -1, 0, 0, 0, 0, 0.0, 0, 0, 0], [0, 0, 1, 0, 0, 0, -1, 0, 0, 0, 0, 0.0, 0, 0, 0], [0, 0, 6, 0, 0, 0, -1, 0, 0, 0, 0, 0.0, 0, 0, 0], [0, 0, 6, 0, 0, 0, -1, 0, 0, 0, 0, 0.0, 0, 0, 0], [0, 0, 1, 0, 0, 0, -1, 0, 0, 0, 0, 0.0, 0, 0, 0], [0, 0, 6, 0, 0, 0, -1, 0, 0, 0, 0, 0.0, 0, 0, 0], [0, 0, 4, 0, 0, 0, -1, 0, 0, 0, 0, 0.0, 0, 0, 0], [0, 0, 3, 0, 0, 0, -1, 0, 0, 0, 0, 0.0, 0, 0, 0], [0, 1, 5, 0, 0, 0, -1, 0, 0, 0, 1, 0.0, 0, 1, 1], [0, 0, 1, 0, 0, 0, -1, 0, 0, 0, 0, 0.0, 0, 0, 0], [0, 0, 2, 0, 0, 0, -1, 0, 0, 0, 0, 0.0, 0, 0, 0], [0, 0, 2, 0, 0, 0, -1, 0, 0, 0, 1, 0.0, 0, 1, 0], [0, 1, 2, 0, 0, 0, -1, 0, 0, 0, 0, 0.0, 0, 0, 0], [0, 0, 1, 0, 0, 0, -1, 0, 0, 0, 0, 0.0, 0, 0, 0], [0, 0, 1, 0, 0, 0, -1, 0, 0, 0, 0, 0.0, 0, 0, 0], [0, 0, 3, 0, 0, 0, -1, 0, 0, 0, 0, 0.0, 0, 0, 0], [0, 0, 2, 0, 0, 0, -1, 0, 0, 0, 0, 0.0, 0, 0, 0], [0, 0, 1, 0, 0, 0, -1, 0, 0, 0, 0, 0.0, 0, 0, 0], [0, 0, 6, 0, 0, 0, -1, 0, 0, 0, 0, 0.0, 0, 0, 0], [0, 1, 6, 0, 0, 0, -1, 0, 0, 0, 0, 0.0, 0, 0, 0], [0, 0, 6, 0, 0, 0, -1, 0, 0, 0, 0, 0.0, 0, 0, 0], [0, 1, 3, 0, 1, 0, -1, 0, 0, 0, 0, 0.0, 0, 0, 0], [0, 1, 3, 0, 1, 0, -1, 0, 0, 0, 0, 0.0, 0, 1, 1], [0, 1, 5, 0, 0, 0, -1, 0, 0, 0, 0, 0.0, 0, 1, 1], [0, 0, 6, 0, 0, 0, -1, 0, 0, 0, 0, 0.0, 0, 0, 0], [1, 0, 1, 0, 0, 0, -1, 1, 1, 1, 1, 0.0, 0, 1, 0], [0, 0, 6, 0, 0, 0, -1, 0, 0, 0, 0, 0.0, 0, 0, 0], [0, 0, 1, 0, 0, 0, -1, 0, 0, 0, 0, 0.0, 0, 0, 0], [0, 0, 1, 0, 0, 0, -1, 0, 0, 0, 0, 0.0, 0, 0, 0], [0, 1, 2, 0, 1, 0, -1, 0, 0, 0, 0, 0.0, 0, 1, 0], [0, 0, 2, 0, 0, 0, -1, 0, 0, 0, 0, 0.0, 0, 0, 0], [0, 0, 6, 0, 0, 0, -1, 0, 0, 0, 0, 0.0, 0, 0, 0], [0, 0, 6, 0, 0, 0, -1, 0, 0, 0, 0, 0.0, 0, 0, 0], [0, 0, 1, 0, 0, 0, -1, 0, 0, 0, 0, 0.0, 0, 0, 0], [0, 0, 1, 0, 0, 0, -1, 0, 0, 0, 0, 0.0, 0, 0, 0], [0, 0, 6, 0, 0, 0, -1, 0, 0, 0, 0, 0.0, 0, 0, 0], [0, 0, 1, 0, 0, 0, -1, 0, 0, 0, 0, 0.0, 0, 0, 0], [0, 0, 6, 0, 0, 0, -1, 0, 0, 0, 1, 0.0, 0, 0, 0], [0, 0, 1, 0, 0, 0, -1, 0, 0, 0, 0, 0.0, 0, 0, 0], [0, 0, 1, 0, 0, 0, -1, 0, 0, 0, 0, 0.0, 0, 0, 0], [0, 1, 6, 0, 0, 0, -1, 0, 0, 0, 1, 0.0, 0, 0, 0], [0, 0, 6, 0, 0, 0, -1, 0, 0, 0, 1, 0.0, 0, 0, 0], [0, 0, 6, 0, 0, 0, -1, 0, 0, 0, 0, 0.0, 0, 0, 0], [0, 0, 6, 0, 0, 0, -1, 0, 0, 0, 0, 0.0, 0, 0, 0], [0, 1, 6, 0, 0, 0, -1, 0, 0, 0, 0, 0.0, 0, 0, 0], [0, 0, 6, 0, 0, 0, -1, 0, 0, 0, 0, 0.0, 0, 0, 0], [0, 0, 2, 0, 0, 0, -1, 0, 0, 0, 1, 0.0, 0, 1, 0], [0, 0, 1, 0, 0, 0, -1, 0, 0, 0, 0, 0.0, 0, 0, 0], [0, 0, 1, 0, 0, 0, -1, 0, 0, 0, 0, 0.0, 0, 0, 0], [0, 0, 3, 0, 0, 0, -1, 0, 0, 0, 0, 0.0, 0, 0, 0], [0, 0, 4, 0, 0, 0, -1, 0, 0, 0, 0, 0.0, 0, 0, 0], [0, 0, 5, 0, 0, 0, -1, 0, 0, 0, 0, 0.0, 0, 0, 0], [0, 0, 6, 0, 0, 0, -1, 0, 0, 0, 0, 0.0, 0, 0, 0], [1, 1, 6, 0, 0, 0, -1, 0, 0, 0, 1, 0.0, 0, 1, 1], [0, 0, 1, 0, 0, 0, -1, 0, 0, 0, 0, 0.0, 0, 0, 0], [0, 1, 6, 0, 0, 0, -1, 0, 0, 0, 0, 0.0, 0, 1, 0], [0, 0, 6, 0, 0, 0, -1, 0, 0, 0, 0, 0.0, 0, 0, 0], [0, 0, 1, 0, 0, 0, -1, 0, 0, 0, 0, 0.0, 0, 0, 0], [0, 0, 1, 0, 0, 0, -1, 0, 0, 0, 0, 0.0, 0, 0, 0], [0, 0, 6, 0, 0, 0, -1, 0, 0, 0, 0, 0.0, 0, 0, 0], [0, 0, 1, 0, 0, 0, -1, 0, 0, 0, 0, 0.0, 0, 0, 0], [0, 0, 1, 0, 0, 0, -1, 0, 0, 0, 0, 0.0, 0, 0, 0], [0, 0, 5, 0, 0, 0, -1, 0, 0, 0, 0, 0.0, 0, 0, 0], [0, 0, 4, 0, 0, 0, -1, 0, 0, 0, 0, 0.0, 0, 0, 0], [0, 0, 6, 0, 0, 0, -1, 0, 0, 0, 0, 0.0, 0, 0, 0], [0, 0, 6, 0, 0, 0, -1, 0, 0, 0, 0, 0.0, 0, 0, 0], [0, 0, 2, 0, 0, 0, -1, 0, 0, 0, 0, 0.0, 0, 0, 0], [0, 0, 1, 0, 0, 0, -1, 0, 0, 0, 0, 0.0, 0, 0, 0], [0, 0, 6, 0, 0, 0, -1, 0, 0, 0, 0, 0.0, 0, 0, 0], [1, 0, 6, 0, 0, 0, -1, 0, 0, 1, 1, 0.0, 0, 1, 1], [0, 0, 6, 0, 0, 0, -1, 0, 0, 0, 0, 0.0, 0, 0, 0], [0, 0, 1, 0, 0, 0, -1, 0, 0, 0, 0, 0.0, 0, 0, 0], [0, 0, 1, 0, 0, 0, -1, 0, 0, 0, 0, 0.0, 0, 0, 0], [0, 0, 6, 0, 0, 0, -1, 0, 0, 0, 1, 0.0, 0, 0, 0], [0, 1, 3, 0, 0, 0, -1, 0, 0, 0, 0, 0.0, 0, 0, 0], [0, 0, 6, 0, 0, 0, -1, 0, 0, 0, 0, 0.0, 0, 0, 0], [0, 0, 6, 0, 0, 0, -1, 0, 0, 0, 0, 0.0, 0, 0, 0], [0, 0, 1, 0, 0, 0, -1, 0, 0, 0, 0, 0.0, 0, 0, 0], [0, 0, 6, 0, 0, 0, -1, 0, 0, 0, 0, 0.0, 0, 0, 0], [0, 0, 6, 0, 0, 0, -1, 0, 0, 0, 0, 0.0, 0, 0, 0], [0, 0, 2, 0, 0, 0, -1, 0, 0, 0, 0, 0.0, 0, 0, 0], [0, 0, 1, 0, 0, 0, -1, 0, 0, 0, 0, 0.0, 0, 0, 0], [0, 1, 3, 0, 0, 0, -1, 0, 0, 0, 0, 0.0, 0, 0, 0], [0, 0, 2, 0, 0, 0, -1, 0, 0, 0, 1, 0.0, 0, 0, 0], [0, 0, 2, 0, 0, 0, -1, 0, 0, 0, 0, 0.0, 0, 0, 0], [0, 0, 1, 0, 0, 0, -1, 0, 0, 0, 0, 0.0, 0, 0, 0], [0, 0, 4, 0, 0, 0, -1, 0, 0, 0, 0, 0.0, 0, 0, 0], [0, 0, 2, 0, 0, 0, -1, 0, 0, 0, 0, 0.0, 0, 0, 0], [0, 0, 6, 0, 0, 0, -1, 0, 0, 0, 0, 0.0, 0, 0, 0], [0, 0, 6, 0, 0, 0, -1, 0, 0, 0, 0, 0.0, 0, 0, 0], [0, 0, 1, 0, 0, 0, -1, 0, 0, 0, 0, 0.0, 0, 0, 0], [0, 0, 6, 0, 0, 0, -1, 0, 0, 0, 0, 0.0, 0, 0, 0], [0, 0, 2, 0, 0, 0, -1, 0, 0, 0, 1, 0.0, 0, 0, 0], [0, 1, 6, 0, 0, 0, -1, 0, 0, 0, 0, 0.0, 0, 0, 0], [0, 0, 6, 0, 0, 0, -1, 0, 0, 0, 0, 0.0, 0, 0, 0], [0, 0, 1, 0, 0, 0, -1, 0, 0, 0, 0, 0.0, 0, 0, 0], [0, 0, 6, 0, 0, 0, -1, 0, 0, 0, 0, 0.0, 0, 0, 0], [0, 0, 6, 0, 0, 0, -1, 0, 0, 0, 1, 0.0, 0, 0, 0], [0, 0, 2, 0, 0, 0, -1, 0, 0, 0, 0, 0.0, 0, 0, 0], [0, 0, 6, 0, 0, 0, -1, 0, 0, 0, 0, 0.0, 0, 0, 0], [0, 0, 2, 0, 0, 0, -1, 0, 0, 0, 0, 0.0, 0, 0, 0], [0, 1, 6, 0, 0, 0, -1, 0, 0, 0, 1, 0.0, 0, 1, 1], [1, 0, 1, 0, 0, 0, -1, 1, 1, 1, 1, 0.0, 0, 1, 0], [0, 0, 6, 0, 0, 0, -1, 0, 0, 0, 0, 0.0, 0, 0, 0], [0, 0, 1, 0, 0, 0, -1, 0, 0, 0, 0, 0.0, 0, 0, 0], [0, 0, 6, 0, 0, 0, -1, 0, 0, 0, 0, 0.0, 0, 0, 0], [0, 0, 4, 0, 0, 0, -1, 0, 0, 0, 0, 0.0, 0, 0, 0], [0, 0, 6, 0, 0, 0, -1, 0, 0, 0, 0, 0.0, 0, 0, 0], [0, 0, 6, 0, 0, 0, -1, 0, 0, 0, 0, 0.0, 0, 0, 0], [0, 0, 4, 0, 0, 0, -1, 0, 0, 0, 1, 0.0, 0, 1, 0], [0, 0, 6, 0, 0, 0, -1, 0, 0, 0, 0, 0.0, 0, 0, 0], [0, 0, 6, 0, 0, 0, -1, 0, 0, 0, 0, 0.0, 0, 0, 0], [0, 1, 6, 0, 0, 0, -1, 0, 0, 0, 0, 0.0, 0, 0, 0], [0, 0, 1, 0, 0, 0, -1, 0, 0, 0, 1, 0.0, 0, 0, 0], [0, 1, 6, 0, 0, 0, -1, 0, 0, 0, 1, 0.0, 0, 1, 0], [1, 0, 1, 0, 0, 0, -1, 1, 1, 1, 1, 0.0, 0, 1, 0], [0, 0, 6, 0, 0, 0, -1, 0, 0, 0, 0, 0.0, 0, 0, 0], [0, 1, 2, 0, 0, 1, 1, 0, 0, 0, 0, 1.0, 1, 1, 1], [0, 0, 4, 0, 0, 0, -1, 0, 0, 0, 0, 0.0, 0, 0, 0], [0, 0, 6, 0, 0, 0, -1, 0, 0, 0, 0, 0.0, 0, 0, 0], [0, 1, 6, 0, 0, 0, -1, 0, 0, 0, 1, 0.0, 0, 1, 1], [0, 0, 3, 0, 0, 0, -1, 0, 0, 0, 0, 0.0, 0, 0, 0], [0, 0, 2, 0, 0, 0, -1, 0, 0, 0, 0, 0.0, 0, 0, 0], [0, 0, 6, 0, 0, 0, -1, 0, 0, 0, 0, 0.0, 0, 0, 0], [0, 0, 6, 0, 0, 0, -1, 0, 0, 0, 0, 0.0, 0, 0, 0], [0, 0, 6, 0, 0, 0, -1, 0, 0, 0, 1, 0.0, 0, 0, 0], [0, 0, 3, 0, 0, 0, -1, 0, 0, 0, 0, 0.0, 0, 0, 0], [0, 0, 6, 0, 0, 0, -1, 0, 0, 0, 0, 0.0, 0, 0, 0], [0, 0, 1, 0, 0, 0, -1, 0, 0, 0, 0, 0.0, 0, 0, 0], [0, 0, 1, 0, 0, 0, -1, 0, 0, 0, 1, 0.0, 0, 0, 0], [0, 0, 6, 0, 0, 0, -1, 0, 0, 0, 0, 0.0, 0, 0, 0], [0, 1, 2, 0, 1, 0, -1, 0, 0, 0, 1, 0.0, 0, 1, 0], [0, 0, 6, 0, 0, 0, -1, 0, 0, 0, 0, 0.0, 0, 0, 0], [0, 0, 1, 0, 0, 0, -1, 0, 0, 0, 0, 0.0, 0, 0, 0], [0, 0, 6, 0, 0, 0, -1, 0, 0, 0, 0, 0.0, 0, 0, 0], [0, 0, 6, 0, 0, 0, -1, 0, 0, 0, 0, 0.0, 0, 0, 0], [0, 0, 6, 0, 0, 0, -1, 0, 0, 0, 0, 0.0, 0, 0, 0], [0, 0, 1, 0, 0, 0, -1, 0, 0, 0, 0, 0.0, 0, 0, 0], [0, 0, 2, 0, 0, 0, -1, 0, 0, 0, 0, 0.0, 0, 0, 0], [0, 0, 6, 0, 0, 0, -1, 0, 0, 0, 0, 0.0, 0, 0, 0], [0, 1, 6, 0, 0, 0, -1, 0, 0, 0, 0, 0.0, 0, 1, 0], [0, 0, 2, 0, 0, 0, -1, 0, 0, 0, 0, 0.0, 0, 0, 0], [0, 0, 1, 0, 0, 0, -1, 0, 0, 0, 0, 0.0, 0, 0, 0], [0, 0, 6, 0, 0, 0, -1, 0, 0, 0, 0, 0.0, 0, 0, 0], [0, 0, 1, 0, 0, 0, -1, 0, 0, 0, 0, 0.0, 0, 0, 0], [0, 0, 1, 0, 0, 0, -1, 0, 0, 0, 1, 0.0, 0, 0, 0], [0, 0, 1, 0, 0, 0, -1, 0, 0, 0, 0, 0.0, 0, 0, 0], [0, 0, 1, 0, 0, 0, -1, 0, 0, 0, 0, 0.0, 0, 0, 0], [0, 0, 6, 0, 0, 0, -1, 0, 0, 0, 0, 0.0, 0, 0, 0], [0, 0, 6, 0, 0, 0, -1, 0, 0, 0, 0, 0.0, 0, 0, 0], [0, 0, 1, 0, 0, 0, -1, 0, 0, 0, 0, 0.0, 0, 0, 0], [0, 1, 2, 0, 0, 0, -1, 0, 0, 0, 0, 0.0, 0, 0, 0], [0, 0, 6, 0, 0, 0, -1, 0, 0, 0, 0, 0.0, 0, 0, 0], [0, 0, 6, 0, 0, 0, -1, 0, 0, 0, 0, 0.0, 0, 0, 0], [0, 0, 6, 0, 0, 0, -1, 0, 0, 0, 0, 0.0, 0, 0, 0], [0, 0, 6, 0, 0, 0, -1, 0, 0, 0, 0, 0.0, 0, 0, 0], [0, 0, 2, 0, 0, 0, -1, 0, 0, 0, 0, 0.0, 0, 0, 0], [1, 1, 3, 0, 1, 0, -1, 1, 0, 0, 1, 0.0, 0, 1, 1], [0, 1, 2, 0, 1, 0, -1, 0, 0, 0, 0, 0.0, 0, 0, 0], [0, 0, 1, 0, 0, 0, -1, 0, 0, 0, 1, 0.0, 0, 0, 0], [0, 1, 4, 0, 1, 0, -1, 0, 0, 0, 1, 0.0, 0, 1, 1], [0, 0, 1, 0, 0, 0, -1, 0, 0, 0, 0, 0.0, 0, 0, 0], [0, 1, 6, 0, 1, 0, -1, 0, 0, 0, 0, 0.0, 0, 0, 0], [0, 1, 4, 0, 1, 0, -1, 0, 0, 0, 0, 0.0, 0, 1, 1], [0, 0, 1, 0, 0, 0, -1, 0, 0, 0, 0, 0.0, 0, 0, 0], [0, 0, 3, 0, 0, 0, -1, 0, 0, 0, 0, 0.0, 0, 0, 0], [0, 0, 2, 0, 0, 0, -1, 0, 0, 0, 0, 0.0, 0, 0, 0], [0, 0, 6, 0, 0, 0, -1, 0, 0, 0, 0, 0.0, 0, 0, 0], [0, 0, 2, 0, 0, 0, -1, 0, 0, 0, 0, 0.0, 0, 0, 0], [0, 0, 1, 0, 0, 0, -1, 0, 0, 0, 0, 0.0, 0, 0, 0], [0, 0, 6, 0, 0, 0, -1, 0, 0, 0, 0, 0.0, 0, 0, 0], [0, 0, 1, 0, 0, 0, -1, 0, 0, 0, 0, 0.0, 0, 0, 0], [0, 1, 6, 0, 0, 0, -1, 0, 0, 0, 1, 0.0, 0, 0, 0], [0, 0, 6, 0, 0, 0, -1, 0, 0, 0, 0, 0.0, 0, 0, 0], [0, 0, 6, 0, 0, 0, -1, 0, 0, 0, 0, 0.0, 0, 0, 0], [0, 0, 6, 0, 0, 0, -1, 0, 0, 0, 0, 0.0, 0, 0, 0], [0, 0, 1, 0, 0, 0, -1, 0, 0, 0, 1, 0.0, 0, 1, 0], [0, 0, 2, 0, 0, 0, -1, 0, 0, 0, 0, 0.0, 0, 0, 0], [1, 0, 1, 0, 0, 0, -1, 1, 1, 1, 1, 0.0, 0, 1, 0], [0, 0, 1, 0, 0, 0, -1, 0, 0, 0, 0, 0.0, 0, 0, 0], [0, 0, 6, 0, 0, 0, -1, 0, 0, 0, 0, 0.0, 0, 1, 0], [0, 0, 1, 0, 0, 0, -1, 0, 0, 0, 0, 0.0, 0, 0, 0], [0, 0, 2, 0, 0, 0, -1, 0, 0, 0, 0, 0.0, 0, 0, 0], [0, 0, 6, 0, 0, 0, -1, 0, 0, 0, 0, 0.0, 0, 0, 0], [0, 0, 2, 0, 0, 0, -1, 0, 0, 0, 0, 0.0, 0, 0, 0], [0, 0, 6, 0, 0, 0, -1, 0, 0, 0, 0, 0.0, 0, 0, 0], [0, 0, 1, 0, 0, 0, -1, 0, 0, 0, 0, 0.0, 0, 0, 0], [0, 0, 6, 0, 0, 0, -1, 0, 0, 0, 0, 0.0, 0, 0, 0], [1, 1, 2, 0, 0, 1, 1, 1, 0, 1, 1, 0.10714285714285714, 56, 1, 1], [0, 0, 5, 0, 0, 0, -1, 0, 0, 0, 0, 0.0, 0, 0, 0], [0, 0, 6, 0, 0, 0, -1, 0, 0, 0, 0, 0.0, 0, 0, 0], [0, 0, 6, 0, 0, 0, -1, 0, 0, 0, 0, 0.0, 0, 0, 0], [0, 0, 5, 0, 0, 0, -1, 0, 0, 0, 0, 0.0, 0, 0, 0], [0, 0, 1, 0, 0, 0, -1, 0, 0, 0, 0, 0.0, 0, 1, 0], [0, 0, 6, 0, 0, 0, -1, 0, 0, 0, 0, 0.0, 0, 0, 0], [0, 1, 4, 0, 1, 0, -1, 0, 0, 0, 0, 0.0, 0, 1, 0], [1, 0, 1, 0, 0, 0, -1, 1, 1, 1, 1, 0.0, 0, 0, 0], [0, 0, 6, 0, 0, 0, -1, 0, 0, 0, 0, 0.0, 0, 0, 0], [0, 1, 2, 0, 1, 0, -1, 0, 0, 0, 0, 0.0, 0, 1, 1], [0, 0, 6, 0, 0, 0, -1, 0, 0, 0, 0, 0.0, 0, 0, 0], [0, 0, 6, 0, 0, 0, -1, 0, 0, 0, 0, 0.0, 0, 0, 0], [0, 0, 1, 0, 0, 0, -1, 0, 0, 0, 0, 0.0, 0, 0, 0], [0, 1, 2, 0, 0, 0, -1, 0, 0, 0, 0, 0.0, 0, 1, 0], [0, 0, 1, 0, 0, 0, -1, 0, 0, 0, 0, 0.0, 0, 0, 0], [0, 0, 6, 0, 0, 0, -1, 0, 0, 0, 0, 0.0, 0, 0, 0], [0, 0, 2, 0, 0, 0, -1, 0, 0, 0, 0, 0.0, 0, 0, 0], [0, 1, 5, 0, 1, 0, -1, 0, 0, 0, 0, 0.0, 0, 1, 1], [0, 0, 1, 0, 0, 0, -1, 0, 0, 0, 0, 0.0, 0, 0, 0], [0, 0, 6, 0, 0, 0, -1, 0, 0, 0, 0, 0.0, 0, 0, 0], [0, 0, 6, 0, 0, 0, -1, 0, 0, 0, 1, 0.0, 0, 1, 0], [0, 0, 5, 0, 0, 0, -1, 0, 0, 0, 0, 0.0, 0, 0, 0], [0, 0, 6, 0, 0, 0, -1, 0, 0, 0, 0, 0.0, 0, 0, 0], [0, 0, 1, 0, 0, 0, -1, 0, 0, 0, 1, 0.0, 0, 1, 0], [0, 0, 5, 0, 0, 0, -1, 0, 0, 0, 0, 0.0, 0, 0, 0], [0, 0, 2, 0, 0, 0, -1, 0, 0, 0, 0, 0.0, 0, 0, 0], [0, 0, 1, 0, 0, 0, -1, 0, 0, 0, 0, 0.0, 0, 0, 0], [0, 0, 1, 0, 0, 0, -1, 0, 0, 0, 0, 0.0, 0, 0, 0], [0, 0, 1, 0, 0, 0, -1, 0, 0, 0, 0, 0.0, 0, 1, 0], [0, 0, 1, 0, 0, 0, -1, 0, 0, 0, 0, 0.0, 0, 0, 0], [0, 0, 6, 0, 0, 0, -1, 0, 0, 0, 0, 0.0, 0, 0, 0], [0, 0, 1, 0, 0, 0, -1, 0, 0, 0, 0, 0.0, 0, 0, 0], [0, 0, 1, 0, 0, 0, -1, 0, 0, 0, 0, 0.0, 0, 0, 0], [0, 0, 1, 0, 0, 0, -1, 0, 0, 0, 0, 0.0, 0, 0, 0], [0, 0, 1, 0, 0, 0, -1, 0, 0, 0, 0, 0.0, 0, 0, 0], [0, 0, 6, 0, 0, 0, -1, 0, 0, 0, 0, 0.0, 0, 0, 0], [0, 0, 6, 0, 0, 0, -1, 0, 0, 0, 0, 0.0, 0, 0, 0], [0, 0, 5, 0, 0, 0, -1, 0, 0, 0, 0, 0.0, 0, 0, 0], [0, 0, 6, 0, 0, 0, -1, 0, 0, 0, 0, 0.0, 0, 0, 0], [0, 1, 4, 0, 0, 0, -1, 0, 0, 0, 0, 0.0, 0, 0, 0], [0, 0, 1, 0, 0, 0, -1, 0, 0, 0, 0, 0.0, 0, 0, 0], [0, 0, 6, 0, 0, 0, -1, 0, 0, 0, 0, 0.0, 0, 0, 0], [0, 0, 6, 0, 0, 0, -1, 0, 0, 0, 0, 0.0, 0, 0, 0], [0, 0, 2, 0, 0, 0, -1, 0, 0, 0, 0, 0.0, 0, 1, 0], [0, 0, 6, 0, 0, 0, -1, 0, 0, 0, 0, 0.0, 0, 0, 0], [0, 0, 6, 0, 0, 0, -1, 0, 0, 0, 0, 0.0, 0, 0, 0], [0, 1, 5, 0, 0, 0, -1, 0, 0, 0, 1, 0.0, 0, 1, 1], [0, 0, 2, 0, 0, 0, -1, 0, 0, 0, 0, 0.0, 0, 0, 0], [0, 0, 2, 0, 0, 0, -1, 0, 0, 0, 0, 0.0, 0, 0, 0], [0, 1, 6, 0, 0, 0, -1, 0, 0, 0, 1, 0.0, 0, 1, 1], [0, 0, 1, 0, 0, 0, -1, 0, 0, 0, 0, 0.0, 0, 0, 0], [0, 0, 4, 0, 0, 0, -1, 0, 0, 0, 0, 0.0, 0, 0, 0], [0, 0, 6, 0, 0, 0, -1, 0, 0, 0, 0, 0.0, 0, 0, 0], [0, 0, 2, 0, 0, 0, -1, 0, 0, 0, 0, 0.0, 0, 0, 0], [0, 0, 5, 0, 0, 0, -1, 0, 0, 0, 0, 0.0, 0, 0, 0], [0, 0, 1, 0, 0, 0, -1, 0, 0, 0, 0, 0.0, 0, 0, 0], [0, 0, 2, 0, 0, 0, -1, 0, 0, 0, 0, 0.0, 0, 0, 0], [0, 0, 6, 0, 0, 0, -1, 0, 0, 0, 0, 0.0, 0, 0, 0], [0, 0, 6, 0, 0, 0, -1, 0, 0, 0, 0, 0.0, 0, 0, 0], [0, 1, 6, 0, 0, 0, -1, 0, 0, 0, 0, 0.0, 0, 0, 0], [0, 0, 6, 0, 0, 0, -1, 0, 0, 0, 0, 0.0, 0, 0, 0], [0, 0, 6, 0, 0, 0, -1, 0, 0, 0, 0, 0.0, 0, 0, 0], [0, 1, 6, 0, 0, 0, -1, 0, 0, 0, 1, 0.0, 0, 1, 0], [0, 0, 1, 0, 0, 0, -1, 0, 0, 0, 0, 0.0, 0, 0, 0], [0, 0, 6, 0, 0, 0, -1, 0, 0, 0, 0, 0.0, 0, 0, 0], [0, 0, 3, 0, 0, 0, -1, 0, 0, 0, 0, 0.0, 0, 0, 0], [0, 0, 6, 0, 0, 0, -1, 0, 0, 0, 0, 0.0, 0, 0, 0], [0, 0, 1, 0, 0, 0, -1, 0, 0, 0, 0, 0.0, 0, 0, 0], [0, 0, 6, 0, 0, 0, -1, 0, 0, 0, 0, 0.0, 0, 0, 0], [0, 0, 6, 0, 0, 0, -1, 0, 0, 0, 0, 0.0, 0, 0, 0], [0, 0, 6, 0, 0, 0, -1, 0, 0, 0, 0, 0.0, 0, 0, 0], [0, 0, 3, 0, 0, 0, -1, 0, 0, 0, 0, 0.0, 0, 0, 0], [0, 0, 1, 0, 0, 0, -1, 0, 0, 0, 0, 0.0, 0, 0, 0], [0, 0, 5, 0, 0, 0, -1, 0, 0, 0, 0, 0.0, 0, 0, 0], [0, 0, 6, 0, 0, 0, -1, 0, 0, 0, 0, 0.0, 0, 0, 0], [0, 0, 2, 0, 0, 0, -1, 0, 0, 0, 0, 0.0, 0, 0, 0], [0, 1, 6, 0, 0, 0, -1, 0, 0, 0, 0, 0.0, 0, 1, 1], [1, 1, 4, 0, 0, 0, -1, 1, 0, 0, 1, 0.0, 0, 1, 1], [0, 0, 2, 0, 0, 0, -1, 0, 0, 0, 0, 0.0, 0, 0, 0], [0, 1, 6, 0, 0, 0, -1, 0, 0, 0, 0, 0.0, 0, 0, 0], [0, 0, 2, 0, 0, 0, -1, 0, 0, 0, 0, 0.0, 0, 0, 0], [0, 0, 6, 0, 0, 0, -1, 0, 0, 0, 0, 0.0, 0, 0, 0], [0, 0, 6, 0, 0, 0, -1, 0, 0, 0, 0, 0.0, 0, 0, 0], [0, 0, 1, 0, 0, 0, -1, 0, 0, 0, 0, 0.0, 0, 0, 0], [0, 0, 1, 0, 0, 0, -1, 0, 0, 0, 0, 0.0, 0, 0, 0], [0, 0, 6, 0, 0, 0, -1, 0, 0, 0, 0, 0.0, 0, 0, 0], [0, 0, 1, 0, 0, 0, -1, 0, 0, 0, 1, 0.0, 0, 1, 0], [0, 0, 1, 0, 0, 0, -1, 0, 0, 0, 0, 0.0, 0, 0, 0], [0, 0, 5, 0, 0, 0, -1, 0, 0, 0, 0, 0.0, 0, 0, 0], [0, 0, 1, 0, 0, 0, -1, 0, 0, 0, 0, 0.0, 0, 0, 0], [0, 0, 6, 0, 0, 0, -1, 0, 0, 0, 0, 0.0, 0, 0, 0], [0, 0, 1, 0, 0, 0, -1, 0, 0, 0, 1, 0.0, 0, 0, 0], [0, 0, 6, 0, 0, 0, -1, 0, 0, 0, 0, 0.0, 0, 0, 0], [0, 0, 1, 0, 0, 0, -1, 0, 0, 0, 0, 0.0, 0, 0, 0], [0, 1, 2, 0, 0, 0, -1, 0, 0, 0, 0, 0.0, 0, 1, 1], [1, 0, 2, 0, 0, 0, -1, 1, 0, 1, 1, 0.0, 0, 1, 0], [0, 1, 6, 0, 0, 0, -1, 0, 0, 0, 1, 0.0, 0, 1, 0], [0, 1, 3, 0, 0, 0, -1, 0, 0, 0, 0, 0.0, 0, 1, 0], [1, 0, 6, 0, 0, 0, -1, 0, 0, 0, 1, 0.0, 0, 0, 0], [0, 0, 1, 0, 0, 0, -1, 0, 0, 0, 0, 0.0, 0, 0, 0], [0, 0, 2, 0, 0, 0, -1, 0, 0, 0, 0, 0.0, 0, 0, 0], [0, 0, 6, 0, 0, 0, -1, 0, 0, 0, 0, 0.0, 0, 0, 0], [0, 0, 6, 0, 0, 0, -1, 0, 0, 0, 0, 0.0, 0, 0, 0], [0, 0, 1, 0, 0, 0, -1, 0, 0, 0, 0, 0.0, 0, 0, 0], [0, 0, 1, 0, 0, 0, -1, 0, 0, 0, 0, 0.0, 0, 0, 0], [0, 0, 1, 0, 0, 0, -1, 0, 0, 0, 0, 0.0, 0, 0, 0], [0, 0, 6, 0, 0, 0, -1, 0, 0, 0, 0, 0.0, 0, 0, 0], [0, 0, 3, 0, 0, 0, -1, 0, 0, 0, 0, 0.0, 0, 0, 0], [0, 0, 1, 0, 0, 0, -1, 0, 0, 0, 0, 0.0, 0, 0, 0], [0, 0, 3, 0, 0, 0, -1, 0, 0, 0, 0, 0.0, 0, 0, 0], [0, 0, 1, 0, 0, 0, -1, 0, 0, 0, 1, 0.0, 0, 0, 0], [0, 0, 1, 0, 0, 0, -1, 0, 0, 0, 0, 0.0, 0, 0, 0], [0, 0, 3, 0, 0, 0, -1, 0, 0, 0, 0, 0.0, 0, 0, 0], [0, 1, 6, 0, 0, 0, -1, 0, 0, 0, 1, 0.0, 0, 1, 0], [0, 0, 4, 0, 0, 0, -1, 0, 0, 0, 0, 0.0, 0, 0, 0], [0, 0, 2, 0, 0, 0, -1, 0, 0, 0, 0, 0.0, 0, 0, 0], [1, 1, 6, 0, 0, 0, -1, 0, 0, 0, 1, 0.0, 0, 1, 0], [0, 0, 1, 0, 0, 0, -1, 0, 0, 0, 0, 0.0, 0, 0, 0], [0, 0, 1, 0, 0, 0, -1, 0, 0, 0, 0, 0.0, 0, 0, 0], [0, 0, 2, 0, 0, 0, -1, 0, 0, 0, 0, 0.0, 0, 1, 0], [0, 0, 1, 0, 0, 0, -1, 0, 0, 0, 0, 0.0, 0, 0, 0], [0, 0, 1, 0, 0, 0, -1, 0, 0, 0, 0, 0.0, 0, 0, 0], [0, 0, 6, 0, 0, 0, -1, 0, 0, 0, 0, 0.0, 0, 0, 0], [0, 0, 1, 0, 0, 0, -1, 0, 0, 0, 0, 0.0, 0, 0, 0], [0, 0, 6, 0, 0, 0, -1, 0, 0, 0, 0, 0.0, 0, 0, 0], [0, 0, 6, 0, 0, 0, -1, 0, 0, 0, 0, 0.0, 0, 0, 0], [0, 0, 1, 0, 0, 0, -1, 0, 0, 0, 0, 0.0, 0, 0, 0], [0, 0, 6, 0, 0, 0, -1, 0, 0, 0, 0, 0.0, 0, 0, 0], [0, 0, 6, 0, 0, 0, -1, 0, 0, 0, 0, 0.0, 0, 0, 0], [1, 0, 6, 0, 0, 0, -1, 0, 0, 1, 1, 0.0, 0, 0, 0], [0, 0, 6, 0, 0, 0, -1, 0, 0, 0, 1, 0.0, 0, 0, 0], [0, 0, 6, 0, 0, 0, -1, 0, 0, 0, 0, 0.0, 0, 0, 0], [0, 0, 3, 0, 0, 0, -1, 0, 0, 0, 0, 0.0, 0, 0, 0], [0, 0, 1, 0, 0, 0, -1, 0, 0, 0, 0, 0.0, 0, 0, 0], [0, 1, 2, 0, 0, 0, -1, 0, 0, 0, 0, 0.0, 0, 1, 0], [0, 0, 1, 0, 0, 0, -1, 0, 0, 0, 0, 0.0, 0, 0, 0], [0, 0, 4, 0, 0, 0, -1, 0, 0, 0, 0, 0.0, 0, 0, 0], [0, 0, 6, 0, 0, 0, -1, 0, 0, 0, 0, 0.0, 0, 0, 0], [0, 0, 1, 0, 0, 0, -1, 0, 0, 0, 0, 0.0, 0, 0, 0], [0, 0, 1, 0, 0, 0, -1, 0, 0, 0, 0, 0.0, 0, 0, 0], [0, 0, 6, 0, 0, 0, -1, 0, 0, 0, 0, 0.0, 0, 0, 0], [0, 0, 1, 0, 0, 0, -1, 0, 0, 0, 0, 0.0, 0, 0, 0], [0, 0, 1, 0, 0, 0, -1, 0, 0, 0, 0, 0.0, 0, 0, 0], [0, 0, 2, 0, 0, 0, -1, 0, 0, 0, 0, 0.0, 0, 0, 0], [0, 0, 4, 0, 0, 0, -1, 0, 0, 0, 1, 0.0, 0, 0, 0], [0, 0, 6, 0, 0, 0, -1, 0, 0, 0, 0, 0.0, 0, 0, 0], [0, 0, 6, 0, 0, 0, -1, 0, 0, 0, 0, 0.0, 0, 0, 0], [0, 1, 3, 0, 0, 0, -1, 0, 0, 0, 0, 0.0, 0, 0, 0], [0, 0, 6, 0, 0, 0, -1, 0, 0, 0, 0, 0.0, 0, 0, 0], [0, 1, 6, 0, 0, 0, -1, 0, 0, 0, 0, 0.0, 0, 1, 1], [1, 1, 2, 0, 1, 0, -1, 1, 0, 1, 1, 0.0, 0, 1, 1], [0, 0, 6, 0, 0, 0, -1, 0, 0, 0, 0, 0.0, 0, 0, 0], [0, 0, 1, 0, 0, 0, -1, 0, 0, 0, 1, 0.0, 0, 1, 1], [0, 0, 6, 0, 0, 0, -1, 0, 0, 0, 0, 0.0, 0, 0, 0], [0, 0, 1, 0, 0, 0, -1, 0, 0, 0, 0, 0.0, 0, 0, 0], [0, 0, 6, 0, 0, 0, -1, 0, 0, 0, 0, 0.0, 0, 0, 0], [0, 0, 3, 0, 0, 0, -1, 0, 0, 0, 0, 0.0, 0, 0, 0], [0, 0, 3, 0, 0, 0, -1, 0, 0, 0, 0, 0.0, 0, 0, 0], [0, 1, 4, 0, 0, 0, -1, 0, 0, 0, 1, 0.0, 0, 1, 1], [0, 0, 6, 0, 0, 0, -1, 0, 0, 0, 0, 0.0, 0, 0, 0], [0, 0, 4, 0, 0, 0, -1, 0, 0, 0, 0, 0.0, 0, 0, 0], [0, 1, 4, 0, 1, 0, -1, 0, 0, 0, 1, 0.0, 0, 1, 1], [0, 0, 6, 0, 0, 0, -1, 0, 0, 0, 0, 0.0, 0, 0, 0], [0, 0, 2, 0, 0, 0, -1, 0, 0, 0, 0, 0.0, 0, 0, 0], [0, 0, 1, 0, 0, 0, -1, 0, 0, 0, 0, 0.0, 0, 0, 0], [0, 0, 4, 0, 0, 0, -1, 0, 0, 0, 0, 0.0, 0, 0, 0], [0, 0, 3, 0, 0, 0, -1, 0, 0, 0, 0, 0.0, 0, 0, 0], [0, 0, 6, 0, 0, 0, -1, 0, 0, 0, 0, 0.0, 0, 0, 0], [0, 0, 2, 0, 0, 0, -1, 0, 0, 0, 0, 0.0, 0, 0, 0], [0, 0, 6, 0, 0, 0, -1, 0, 0, 0, 0, 0.0, 0, 0, 0], [0, 0, 6, 0, 0, 0, -1, 0, 0, 0, 0, 0.0, 0, 0, 0], [0, 0, 1, 0, 0, 0, -1, 0, 0, 0, 0, 0.0, 0, 0, 0], [0, 0, 1, 0, 0, 0, -1, 0, 0, 0, 0, 0.0, 0, 0, 0], [0, 0, 6, 0, 0, 0, -1, 0, 0, 0, 0, 0.0, 0, 0, 0], [0, 0, 6, 0, 0, 0, -1, 0, 0, 0, 0, 0.0, 0, 0, 0], [0, 0, 1, 0, 0, 0, -1, 0, 0, 0, 0, 0.0, 0, 0, 0], [0, 0, 2, 0, 0, 0, -1, 0, 0, 0, 0, 0.0, 0, 0, 0], [1, 0, 1, 0, 0, 0, -1, 1, 1, 1, 1, 0.0, 0, 1, 0], [0, 0, 1, 0, 0, 0, -1, 0, 0, 0, 0, 0.0, 0, 0, 0], [0, 0, 3, 0, 0, 0, -1, 0, 0, 0, 0, 0.0, 0, 0, 0], [0, 0, 1, 0, 0, 0, -1, 0, 0, 0, 0, 0.0, 0, 0, 0], [0, 0, 6, 0, 0, 0, -1, 0, 0, 0, 0, 0.0, 0, 0, 0], [0, 0, 3, 0, 0, 0, -1, 0, 0, 0, 1, 0.0, 0, 0, 0], [0, 0, 4, 0, 0, 0, -1, 0, 0, 0, 0, 0.0, 0, 0, 0], [0, 0, 4, 0, 0, 0, -1, 0, 0, 0, 0, 0.0, 0, 0, 0], [0, 0, 6, 0, 0, 0, -1, 0, 0, 0, 0, 0.0, 0, 0, 0], [0, 0, 6, 0, 0, 0, -1, 0, 0, 0, 0, 0.0, 0, 0, 0], [0, 0, 1, 0, 0, 0, -1, 0, 0, 0, 0, 0.0, 0, 0, 0], [1, 1, 4, 0, 0, 0, -1, 1, 0, 0, 1, 0.0, 0, 1, 1], [0, 0, 6, 0, 0, 0, -1, 0, 0, 0, 0, 0.0, 0, 0, 0], [0, 0, 6, 0, 0, 0, -1, 0, 0, 0, 0, 0.0, 0, 0, 0], [0, 0, 2, 0, 0, 0, -1, 0, 0, 0, 1, 0.0, 0, 0, 0], [0, 0, 5, 0, 0, 0, -1, 0, 0, 0, 0, 0.0, 0, 0, 0], [0, 1, 6, 0, 0, 0, -1, 0, 0, 0, 1, 0.0, 0, 0, 0], [0, 0, 2, 0, 0, 0, -1, 0, 0, 0, 0, 0.0, 0, 0, 0], [0, 0, 6, 0, 0, 0, -1, 0, 0, 0, 1, 0.0, 0, 0, 0], [0, 0, 1, 0, 0, 0, -1, 0, 0, 0, 0, 0.0, 0, 0, 0], [0, 1, 6, 0, 0, 0, -1, 0, 0, 0, 0, 0.0, 0, 1, 0], [0, 0, 6, 0, 0, 0, -1, 0, 0, 0, 0, 0.0, 0, 0, 0], [0, 0, 1, 0, 0, 0, -1, 0, 0, 0, 0, 0.0, 0, 0, 0], [0, 0, 6, 0, 0, 0, -1, 0, 0, 0, 0, 0.0, 0, 0, 0], [0, 0, 6, 0, 0, 0, -1, 0, 0, 0, 0, 0.0, 0, 0, 0], [0, 0, 1, 0, 0, 0, -1, 0, 0, 0, 0, 0.0, 0, 0, 0], [0, 0, 6, 0, 0, 0, -1, 0, 0, 0, 0, 0.0, 0, 0, 0], [0, 1, 6, 0, 1, 0, -1, 0, 0, 0, 0, 0.0, 0, 0, 0], [0, 0, 1, 0, 0, 0, -1, 0, 0, 0, 0, 0.0, 0, 0, 0], [0, 0, 3, 0, 0, 0, -1, 0, 0, 0, 0, 0.0, 0, 0, 0], [0, 0, 6, 0, 0, 0, -1, 0, 0, 0, 0, 0.0, 0, 0, 0], [0, 1, 6, 0, 0, 0, -1, 0, 0, 0, 0, 0.0, 0, 0, 0], [0, 0, 3, 0, 0, 0, -1, 0, 0, 0, 0, 0.0, 0, 0, 0], [0, 1, 2, 0, 1, 0, -1, 0, 0, 0, 0, 0.0, 0, 1, 0], [0, 0, 6, 0, 0, 0, -1, 0, 0, 0, 0, 0.0, 0, 0, 0], [0, 1, 2, 0, 0, 0, -1, 0, 0, 0, 0, 0.0, 0, 1, 0], [0, 0, 5, 0, 0, 0, -1, 0, 0, 0, 0, 0.0, 0, 0, 0], [0, 0, 3, 0, 0, 0, -1, 0, 0, 0, 0, 0.0, 0, 0, 0], [0, 0, 1, 0, 0, 0, -1, 0, 0, 0, 0, 0.0, 0, 0, 0], [0, 0, 5, 0, 0, 0, -1, 0, 0, 0, 0, 0.0, 0, 0, 0], [0, 0, 6, 0, 0, 0, -1, 0, 0, 0, 0, 0.0, 0, 0, 0], [0, 0, 1, 0, 0, 0, -1, 0, 0, 0, 0, 0.0, 0, 0, 0], [0, 0, 6, 0, 0, 0, -1, 0, 0, 0, 0, 0.0, 0, 0, 0], [0, 1, 2, 0, 0, 0, -1, 0, 0, 0, 0, 0.0, 0, 1, 1], [0, 1, 6, 0, 0, 0, -1, 0, 0, 0, 1, 0.0, 0, 1, 0], [0, 0, 1, 0, 0, 0, -1, 0, 0, 0, 0, 0.0, 0, 0, 0], [0, 0, 3, 0, 0, 0, -1, 0, 0, 0, 0, 0.0, 0, 0, 0], [0, 0, 3, 0, 0, 0, -1, 0, 0, 0, 0, 0.0, 0, 0, 0], [0, 0, 3, 0, 0, 0, -1, 0, 0, 0, 0, 0.0, 0, 0, 0], [0, 0, 6, 0, 0, 0, -1, 0, 0, 0, 0, 0.0, 0, 0, 0], [0, 0, 1, 0, 0, 0, -1, 0, 0, 0, 0, 0.0, 0, 0, 0], [0, 0, 1, 0, 0, 0, -1, 0, 0, 0, 0, 0.0, 0, 0, 0], [0, 0, 6, 0, 0, 0, -1, 0, 0, 0, 0, 0.0, 0, 0, 0], [0, 0, 4, 0, 0, 0, -1, 0, 0, 0, 0, 0.0, 0, 0, 0], [0, 0, 6, 0, 0, 0, -1, 0, 0, 0, 0, 0.0, 0, 0, 0], [0, 0, 1, 0, 0, 0, -1, 0, 0, 0, 0, 0.0, 0, 0, 0], [0, 0, 2, 0, 0, 0, -1, 0, 0, 0, 1, 0.0, 0, 0, 0], [0, 0, 5, 0, 0, 0, -1, 0, 0, 0, 0, 0.0, 0, 0, 0], [0, 0, 1, 0, 0, 0, -1, 0, 0, 0, 0, 0.0, 0, 0, 0], [0, 0, 6, 0, 0, 0, -1, 0, 0, 0, 0, 0.0, 0, 0, 0], [0, 0, 1, 0, 0, 0, -1, 0, 0, 0, 0, 0.0, 0, 0, 0], [0, 0, 1, 0, 0, 0, -1, 0, 0, 0, 0, 0.0, 0, 0, 0], [0, 0, 6, 0, 0, 0, -1, 0, 0, 0, 1, 0.0, 0, 0, 0], [0, 0, 4, 0, 0, 0, -1, 0, 0, 0, 0, 0.0, 0, 0, 0], [0, 0, 5, 0, 0, 0, -1, 0, 0, 0, 0, 0.0, 0, 0, 0], [0, 1, 6, 0, 0, 0, -1, 0, 0, 0, 0, 0.0, 0, 1, 0], [0, 1, 4, 0, 1, 0, -1, 0, 0, 0, 0, 0.0, 0, 1, 1], [0, 0, 1, 0, 0, 0, -1, 0, 0, 0, 1, 0.0, 0, 1, 0], [0, 1, 2, 0, 1, 0, -1, 0, 0, 0, 0, 0.0, 0, 1, 1], [0, 0, 6, 0, 0, 0, -1, 0, 0, 0, 0, 0.0, 0, 0, 0], [0, 0, 6, 0, 0, 0, -1, 0, 0, 0, 0, 0.0, 0, 0, 0], [0, 0, 1, 0, 0, 0, -1, 0, 0, 0, 1, 0.0, 0, 1, 0], [0, 0, 1, 0, 0, 0, -1, 0, 0, 0, 0, 0.0, 0, 0, 0], [0, 1, 3, 0, 1, 0, -1, 0, 0, 0, 0, 0.0, 0, 1, 0], [0, 0, 6, 0, 0, 0, -1, 0, 0, 0, 0, 0.0, 0, 0, 0], [0, 0, 1, 0, 0, 0, -1, 0, 0, 0, 0, 0.0, 0, 0, 0], [0, 0, 6, 0, 0, 0, -1, 0, 0, 0, 0, 0.0, 0, 0, 0], [0, 0, 4, 0, 0, 0, -1, 0, 0, 0, 0, 0.0, 0, 0, 0], [0, 0, 6, 0, 0, 0, -1, 0, 0, 0, 0, 0.0, 0, 0, 0], [0, 0, 5, 0, 0, 0, -1, 0, 0, 0, 0, 0.0, 0, 0, 0], [0, 1, 5, 0, 0, 0, -1, 0, 0, 0, 0, 0.0, 0, 1, 1], [0, 0, 6, 0, 0, 0, -1, 0, 0, 0, 0, 0.0, 0, 0, 0], [0, 0, 2, 0, 0, 0, -1, 0, 0, 0, 0, 0.0, 0, 0, 0], [0, 0, 6, 0, 0, 0, -1, 0, 0, 0, 0, 0.0, 0, 0, 0], [0, 0, 6, 0, 0, 0, -1, 0, 0, 0, 0, 0.0, 0, 0, 0], [0, 0, 6, 0, 0, 0, -1, 0, 0, 0, 0, 0.0, 0, 0, 0], [0, 0, 1, 0, 0, 0, -1, 0, 0, 0, 0, 0.0, 0, 0, 0], [0, 0, 2, 0, 0, 0, -1, 0, 0, 0, 0, 0.0, 0, 0, 0], [0, 1, 6, 0, 0, 0, -1, 0, 0, 0, 0, 0.0, 0, 0, 0], [0, 1, 3, 0, 0, 0, -1, 0, 0, 0, 0, 0.0, 0, 1, 0], [0, 0, 6, 0, 0, 0, -1, 0, 0, 0, 0, 0.0, 0, 0, 0], [0, 0, 6, 0, 0, 0, -1, 0, 0, 0, 0, 0.0, 0, 0, 0], [0, 0, 6, 0, 0, 0, -1, 0, 0, 0, 0, 0.0, 0, 0, 0], [0, 0, 6, 0, 0, 0, -1, 0, 0, 0, 1, 0.0, 0, 0, 0], [0, 0, 1, 0, 0, 0, -1, 0, 0, 0, 0, 0.0, 0, 0, 0], [0, 0, 6, 0, 0, 0, -1, 0, 0, 0, 0, 0.0, 0, 0, 0], [0, 0, 6, 0, 0, 0, -1, 0, 0, 0, 0, 0.0, 0, 0, 0], [0, 0, 6, 0, 0, 0, -1, 0, 0, 0, 0, 0.0, 0, 0, 0], [0, 0, 6, 0, 0, 0, -1, 0, 0, 0, 0, 0.0, 0, 0, 0], [0, 0, 3, 0, 0, 0, -1, 0, 0, 0, 0, 0.0, 0, 0, 0], [0, 0, 6, 0, 0, 0, -1, 0, 0, 0, 0, 0.0, 0, 1, 0], [0, 0, 6, 0, 0, 0, -1, 0, 0, 0, 0, 0.0, 0, 0, 0], [0, 0, 6, 0, 0, 0, -1, 0, 0, 0, 0, 0.0, 0, 0, 0], [0, 0, 2, 0, 0, 0, -1, 0, 0, 0, 1, 0.0, 0, 0, 0], [0, 1, 2, 0, 1, 0, -1, 0, 0, 0, 0, 0.0, 0, 1, 1], [0, 0, 1, 0, 0, 0, -1, 0, 0, 0, 1, 0.0, 0, 0, 0], [0, 0, 2, 0, 0, 0, -1, 0, 0, 0, 0, 0.0, 0, 0, 0], [0, 0, 6, 0, 0, 0, -1, 0, 0, 0, 0, 0.0, 0, 0, 0], [0, 0, 1, 0, 0, 0, -1, 0, 0, 0, 0, 0.0, 0, 0, 0], [0, 0, 6, 0, 0, 0, -1, 0, 0, 0, 0, 0.0, 0, 0, 0], [0, 0, 1, 0, 0, 0, -1, 0, 0, 0, 0, 0.0, 0, 0, 0], [0, 1, 6, 0, 0, 0, -1, 0, 0, 0, 1, 0.0, 0, 1, 1], [1, 0, 3, 0, 0, 0, -1, 0, 1, 0, 1, 0.0, 0, 0, 0], [0, 0, 1, 0, 0, 0, -1, 0, 0, 0, 0, 0.0, 0, 0, 0], [0, 0, 6, 0, 0, 0, -1, 0, 0, 0, 0, 0.0, 0, 0, 0], [0, 0, 2, 0, 0, 0, -1, 0, 0, 0, 1, 0.0, 0, 0, 0], [0, 0, 6, 0, 0, 0, -1, 0, 0, 0, 0, 0.0, 0, 0, 0], [0, 0, 6, 0, 0, 0, -1, 0, 0, 0, 0, 0.0, 0, 0, 0], [0, 0, 6, 0, 0, 0, -1, 0, 0, 0, 0, 0.0, 0, 0, 0], [0, 1, 6, 0, 0, 0, -1, 0, 0, 0, 0, 0.0, 0, 0, 0], [0, 0, 1, 0, 0, 0, -1, 0, 0, 0, 1, 0.0, 0, 0, 0], [0, 0, 6, 0, 0, 0, -1, 0, 0, 0, 0, 0.0, 0, 0, 0], [0, 0, 2, 0, 0, 0, -1, 0, 0, 0, 0, 0.0, 0, 0, 0], [0, 0, 6, 0, 0, 0, -1, 0, 0, 0, 0, 0.0, 0, 0, 0], [1, 1, 2, 0, 1, 0, -1, 1, 0, 1, 1, 0.0, 0, 1, 1], [0, 0, 1, 0, 0, 0, -1, 0, 0, 0, 0, 0.0, 0, 0, 0], [0, 0, 6, 0, 0, 0, -1, 0, 0, 0, 0, 0.0, 0, 0, 0], [0, 0, 2, 0, 0, 0, -1, 0, 0, 0, 0, 0.0, 0, 0, 0], [0, 0, 1, 0, 0, 0, -1, 0, 0, 0, 0, 0.0, 0, 0, 0], [0, 0, 6, 0, 0, 0, -1, 0, 0, 0, 0, 0.0, 0, 0, 0], [0, 0, 6, 0, 0, 0, -1, 0, 0, 0, 0, 0.0, 0, 0, 0], [0, 0, 4, 0, 0, 0, -1, 0, 0, 0, 0, 0.0, 0, 0, 0], [0, 0, 6, 0, 0, 0, -1, 0, 0, 0, 1, 0.0, 0, 1, 0], [0, 0, 6, 0, 0, 0, -1, 0, 0, 0, 0, 0.0, 0, 0, 0], [0, 0, 1, 0, 0, 0, -1, 0, 0, 0, 0, 0.0, 0, 0, 0], [0, 0, 5, 0, 0, 0, -1, 0, 0, 0, 0, 0.0, 0, 0, 0], [0, 0, 6, 0, 0, 0, -1, 0, 0, 0, 0, 0.0, 0, 0, 0], [0, 0, 4, 0, 0, 0, -1, 0, 0, 0, 0, 0.0, 0, 0, 0], [0, 0, 6, 0, 0, 0, -1, 0, 0, 0, 0, 0.0, 0, 0, 0], [0, 0, 1, 0, 0, 0, -1, 0, 0, 0, 0, 0.0, 0, 0, 0], [0, 0, 4, 0, 0, 0, -1, 0, 0, 0, 0, 0.0, 0, 0, 0], [0, 0, 6, 0, 0, 0, -1, 0, 0, 0, 0, 0.0, 0, 0, 0], [0, 0, 2, 0, 0, 0, -1, 0, 0, 0, 0, 0.0, 0, 0, 0], [0, 0, 1, 0, 0, 0, -1, 0, 0, 0, 0, 0.0, 0, 0, 0], [0, 1, 5, 0, 0, 0, -1, 0, 0, 0, 0, 0.0, 0, 0, 0], [0, 0, 6, 0, 0, 0, -1, 0, 0, 0, 0, 0.0, 0, 0, 0], [0, 1, 2, 0, 0, 0, -1, 0, 0, 0, 0, 0.0, 0, 1, 1], [0, 0, 6, 0, 0, 0, -1, 0, 0, 0, 0, 0.0, 0, 0, 0], [0, 0, 1, 0, 0, 0, -1, 0, 0, 0, 0, 0.0, 0, 0, 0], [0, 0, 6, 0, 0, 0, -1, 0, 0, 0, 0, 0.0, 0, 0, 0], [0, 1, 2, 0, 0, 0, -1, 0, 0, 0, 0, 0.0, 0, 1, 0], [0, 0, 1, 0, 0, 0, -1, 0, 0, 0, 0, 0.0, 0, 0, 0], [0, 0, 6, 0, 0, 0, -1, 0, 0, 0, 0, 0.0, 0, 1, 1], [0, 0, 1, 0, 0, 0, -1, 0, 0, 0, 0, 0.0, 0, 0, 0], [0, 0, 6, 0, 0, 0, -1, 0, 0, 0, 0, 0.0, 0, 0, 0], [0, 0, 1, 0, 0, 0, -1, 0, 0, 0, 0, 0.0, 0, 0, 0], [0, 1, 2, 0, 1, 0, -1, 0, 0, 0, 0, 0.0, 0, 1, 1], [0, 1, 5, 0, 0, 0, -1, 0, 0, 0, 0, 0.0, 0, 1, 0], [0, 0, 6, 0, 0, 0, -1, 0, 0, 0, 0, 0.0, 0, 0, 0], [0, 0, 6, 0, 0, 0, -1, 0, 0, 0, 0, 0.0, 0, 0, 0], [0, 0, 6, 0, 0, 0, -1, 0, 0, 0, 0, 0.0, 0, 0, 0], [0, 0, 1, 0, 0, 0, -1, 0, 0, 0, 0, 0.0, 0, 0, 0], [0, 0, 1, 0, 0, 0, -1, 0, 0, 0, 0, 0.0, 0, 0, 0], [0, 0, 6, 0, 0, 0, -1, 0, 0, 0, 0, 0.0, 0, 0, 0], [0, 0, 2, 0, 0, 0, -1, 0, 0, 0, 0, 0.0, 0, 0, 0], [0, 0, 1, 0, 0, 0, -1, 0, 0, 0, 0, 0.0, 0, 0, 0], [0, 0, 4, 0, 0, 0, -1, 0, 0, 0, 0, 0.0, 0, 0, 0], [0, 1, 6, 0, 0, 0, -1, 0, 0, 0, 1, 0.0, 0, 0, 0], [0, 0, 6, 0, 0, 0, -1, 0, 0, 0, 0, 0.0, 0, 0, 0], [0, 1, 4, 0, 1, 0, -1, 0, 0, 0, 1, 0.0, 0, 1, 0], [0, 0, 1, 0, 0, 0, -1, 0, 0, 0, 0, 0.0, 0, 0, 0], [0, 0, 2, 0, 0, 0, -1, 0, 0, 0, 0, 0.0, 0, 0, 0], [0, 0, 1, 0, 0, 0, -1, 0, 0, 0, 0, 0.0, 0, 0, 0], [0, 0, 1, 0, 0, 0, -1, 0, 0, 0, 0, 0.0, 0, 0, 0], [0, 1, 6, 0, 0, 0, -1, 0, 0, 0, 1, 0.0, 0, 1, 1], [1, 1, 6, 0, 0, 0, -1, 0, 0, 1, 1, 0.0, 0, 1, 1], [0, 0, 1, 0, 0, 0, -1, 0, 0, 0, 0, 0.0, 0, 0, 0], [0, 0, 6, 0, 0, 0, -1, 0, 0, 0, 0, 0.0, 0, 0, 0], [0, 0, 3, 0, 0, 0, -1, 0, 0, 0, 0, 0.0, 0, 0, 0], [0, 1, 6, 0, 0, 0, -1, 0, 0, 0, 0, 0.0, 0, 0, 0], [0, 0, 1, 0, 0, 0, -1, 0, 0, 0, 1, 0.0, 0, 0, 0], [0, 0, 6, 0, 0, 0, -1, 0, 0, 0, 0, 0.0, 0, 0, 0], [0, 0, 6, 0, 0, 0, -1, 0, 0, 0, 0, 0.0, 0, 0, 0], [0, 0, 1, 0, 0, 0, -1, 0, 0, 0, 0, 0.0, 0, 0, 0], [0, 0, 6, 0, 0, 0, -1, 0, 0, 0, 0, 0.0, 0, 0, 0], [0, 0, 4, 0, 0, 0, -1, 0, 0, 0, 0, 0.0, 0, 0, 0], [0, 0, 4, 0, 0, 0, -1, 0, 0, 0, 0, 0.0, 0, 0, 0], [0, 0, 6, 0, 0, 0, -1, 0, 0, 0, 0, 0.0, 0, 0, 0], [0, 0, 3, 0, 0, 0, -1, 0, 0, 0, 0, 0.0, 0, 1, 0], [0, 0, 1, 0, 0, 0, -1, 0, 0, 0, 0, 0.0, 0, 0, 0], [0, 1, 6, 0, 0, 0, -1, 0, 0, 0, 0, 0.0, 0, 0, 0], [0, 0, 1, 0, 0, 0, -1, 0, 0, 0, 0, 0.0, 0, 0, 0], [0, 0, 6, 0, 0, 0, -1, 0, 0, 0, 0, 0.0, 0, 0, 0], [0, 0, 2, 0, 0, 0, -1, 0, 0, 0, 0, 0.0, 0, 0, 0], [0, 0, 1, 0, 0, 0, -1, 0, 0, 0, 0, 0.0, 0, 0, 0], [0, 0, 1, 0, 0, 0, -1, 0, 0, 0, 0, 0.0, 0, 0, 0], [0, 0, 1, 0, 0, 0, -1, 0, 0, 0, 0, 0.0, 0, 0, 0], [0, 0, 2, 0, 0, 0, -1, 0, 0, 0, 0, 0.0, 0, 0, 0], [0, 0, 6, 0, 0, 0, -1, 0, 0, 0, 0, 0.0, 0, 0, 0], [0, 0, 1, 0, 0, 0, -1, 0, 0, 0, 0, 0.0, 0, 0, 0], [0, 1, 3, 0, 0, 0, -1, 0, 0, 0, 0, 0.0, 0, 0, 0], [0, 0, 4, 0, 0, 0, -1, 0, 0, 0, 0, 0.0, 0, 0, 0], [0, 0, 1, 0, 0, 0, -1, 0, 0, 0, 0, 0.0, 0, 0, 0], [0, 0, 1, 0, 0, 0, -1, 0, 0, 0, 0, 0.0, 0, 1, 0], [0, 0, 6, 0, 0, 0, -1, 0, 0, 0, 0, 0.0, 0, 0, 0], [1, 1, 6, 0, 0, 0, -1, 0, 0, 1, 1, 0.0, 0, 1, 0], [0, 0, 4, 0, 0, 0, -1, 0, 0, 0, 0, 0.0, 0, 0, 0], [0, 0, 6, 0, 0, 0, -1, 0, 0, 0, 0, 0.0, 0, 0, 0], [0, 1, 5, 0, 0, 0, -1, 0, 0, 0, 0, 0.0, 0, 1, 0], [0, 0, 1, 0, 0, 0, -1, 0, 0, 0, 1, 0.0, 0, 1, 1], [0, 0, 1, 0, 0, 0, -1, 0, 0, 0, 0, 0.0, 0, 0, 0], [0, 0, 5, 0, 0, 0, -1, 0, 0, 0, 0, 0.0, 0, 0, 0], [0, 1, 6, 0, 0, 0, -1, 0, 0, 0, 1, 0.0, 0, 1, 0], [0, 0, 2, 0, 0, 0, -1, 0, 0, 0, 0, 0.0, 0, 0, 0], [0, 0, 6, 0, 0, 0, -1, 0, 0, 0, 0, 0.0, 0, 0, 0], [0, 0, 6, 0, 0, 0, -1, 0, 0, 0, 0, 0.0, 0, 0, 1], [0, 0, 1, 0, 0, 0, -1, 0, 0, 0, 0, 0.0, 0, 0, 0], [0, 0, 6, 0, 0, 0, -1, 0, 0, 0, 0, 0.0, 0, 0, 0], [0, 0, 4, 0, 0, 0, -1, 0, 0, 0, 1, 0.0, 0, 0, 0], [0, 0, 1, 0, 0, 0, -1, 0, 0, 0, 0, 0.0, 0, 0, 0], [0, 0, 6, 0, 0, 0, -1, 0, 0, 0, 0, 0.0, 0, 0, 0], [0, 1, 3, 0, 1, 0, -1, 0, 0, 0, 0, 0.0, 0, 1, 0], [0, 0, 1, 0, 0, 0, -1, 0, 0, 0, 0, 0.0, 0, 0, 0], [0, 0, 6, 0, 0, 0, -1, 0, 0, 0, 0, 0.0, 0, 0, 0], [0, 0, 3, 0, 0, 0, -1, 0, 0, 0, 0, 0.0, 0, 0, 0], [0, 0, 6, 0, 0, 0, -1, 0, 0, 0, 0, 0.0, 0, 0, 0], [0, 1, 3, 0, 1, 0, -1, 0, 0, 0, 0, 0.0, 0, 0, 0], [0, 0, 6, 0, 0, 0, -1, 0, 0, 0, 0, 0.0, 0, 1, 0], [0, 0, 1, 0, 0, 0, -1, 0, 0, 0, 0, 0.0, 0, 0, 0], [1, 0, 6, 0, 0, 0, -1, 0, 0, 1, 1, 0.0, 0, 1, 0], [0, 0, 1, 0, 0, 0, -1, 0, 0, 0, 0, 0.0, 0, 0, 0], [0, 0, 3, 0, 0, 0, -1, 0, 0, 0, 0, 0.0, 0, 0, 0], [0, 0, 5, 0, 0, 0, -1, 0, 0, 0, 0, 0.0, 0, 0, 0], [0, 0, 1, 0, 0, 0, -1, 0, 0, 0, 0, 0.0, 0, 0, 0], [0, 0, 4, 0, 0, 0, -1, 0, 0, 0, 0, 0.0, 0, 0, 0], [0, 1, 6, 0, 0, 0, -1, 0, 0, 0, 0, 0.0, 0, 1, 0], [0, 1, 6, 0, 0, 0, -1, 0, 0, 0, 0, 0.0, 0, 0, 0], [0, 0, 1, 0, 0, 0, -1, 0, 0, 0, 0, 0.0, 0, 0, 0], [0, 0, 6, 0, 0, 0, -1, 0, 0, 0, 0, 0.0, 0, 0, 0], [0, 0, 2, 0, 0, 0, -1, 0, 0, 0, 0, 0.0, 0, 0, 0], [0, 0, 6, 0, 0, 0, -1, 0, 0, 0, 0, 0.0, 0, 0, 0], [0, 0, 3, 0, 0, 0, -1, 0, 0, 0, 1, 0.0, 0, 1, 0], [0, 0, 2, 0, 0, 0, -1, 0, 0, 0, 0, 0.0, 0, 0, 0], [0, 0, 6, 0, 0, 0, -1, 0, 0, 0, 0, 0.0, 0, 0, 0], [0, 0, 1, 0, 0, 0, -1, 0, 0, 0, 0, 0.0, 0, 0, 0], [0, 0, 1, 0, 0, 0, -1, 0, 0, 0, 0, 0.0, 0, 0, 0], [1, 0, 6, 0, 0, 0, -1, 0, 0, 1, 1, 0.0, 0, 0, 0], [0, 0, 1, 0, 0, 0, -1, 0, 0, 0, 0, 0.0, 0, 0, 0], [0, 0, 2, 0, 0, 0, -1, 0, 0, 0, 0, 0.0, 0, 0, 0], [0, 0, 1, 0, 0, 0, -1, 0, 0, 0, 0, 0.0, 0, 0, 0], [1, 1, 6, 0, 1, 0, -1, 0, 0, 1, 1, 0.0, 0, 1, 0], [0, 0, 6, 0, 0, 0, -1, 0, 0, 0, 0, 0.0, 0, 0, 0], [0, 0, 1, 0, 0, 0, -1, 0, 0, 0, 0, 0.0, 0, 0, 0], [0, 0, 1, 0, 0, 0, -1, 0, 0, 0, 0, 0.0, 0, 0, 0], [0, 0, 6, 0, 0, 0, -1, 0, 0, 0, 0, 0.0, 0, 0, 0], [0, 1, 2, 0, 0, 1, 1, 0, 0, 0, 0, 0.12345679012345678, 81, 1, 1], [0, 0, 2, 0, 0, 0, -1, 0, 0, 0, 1, 0.0, 0, 0, 0], [0, 0, 2, 0, 0, 0, -1, 0, 0, 0, 0, 0.0, 0, 0, 0], [0, 0, 6, 0, 0, 0, -1, 0, 0, 0, 0, 0.0, 0, 0, 0], [0, 0, 4, 0, 0, 0, -1, 0, 0, 0, 0, 0.0, 0, 0, 0], [0, 0, 1, 0, 0, 0, -1, 0, 0, 0, 0, 0.0, 0, 0, 0], [0, 0, 2, 0, 0, 0, -1, 0, 0, 0, 0, 0.0, 0, 0, 0], [0, 1, 6, 0, 0, 0, -1, 0, 0, 0, 1, 0.0, 0, 0, 0], [0, 0, 1, 0, 0, 0, -1, 0, 0, 0, 1, 0.0, 0, 0, 0], [0, 0, 6, 0, 0, 0, -1, 0, 0, 0, 0, 0.0, 0, 0, 0], [0, 0, 6, 0, 0, 0, -1, 0, 0, 0, 0, 0.0, 0, 0, 0], [0, 0, 6, 0, 0, 0, -1, 0, 0, 0, 0, 0.0, 0, 0, 0], [0, 0, 3, 0, 0, 0, -1, 0, 0, 0, 0, 0.0, 0, 0, 0], [0, 1, 4, 0, 0, 0, -1, 0, 0, 0, 1, 0.0, 0, 1, 0], [1, 0, 1, 0, 0, 0, -1, 1, 1, 1, 1, 0.0, 0, 1, 0], [0, 0, 3, 0, 0, 0, -1, 0, 0, 0, 0, 0.0, 0, 0, 0], [1, 1, 6, 0, 0, 0, -1, 0, 0, 1, 1, 0.0, 0, 1, 1], [0, 1, 6, 0, 0, 0, -1, 0, 0, 0, 0, 0.0, 0, 0, 0], [0, 0, 6, 0, 0, 0, -1, 0, 0, 0, 1, 0.0, 0, 0, 0], [0, 0, 2, 0, 0, 0, -1, 0, 0, 0, 0, 0.0, 0, 0, 0], [0, 1, 2, 0, 0, 0, -1, 0, 0, 0, 0, 0.0, 0, 0, 0], [0, 0, 3, 0, 0, 0, -1, 0, 0, 0, 0, 0.0, 0, 0, 0], [0, 0, 2, 0, 0, 0, -1, 0, 0, 0, 0, 0.0, 0, 0, 0], [0, 0, 6, 0, 0, 0, -1, 0, 0, 0, 0, 0.0, 0, 0, 0], [0, 0, 2, 0, 0, 0, -1, 0, 0, 0, 0, 0.0, 0, 0, 0], [0, 0, 1, 0, 0, 0, -1, 0, 0, 0, 0, 0.0, 0, 0, 0], [0, 0, 6, 0, 0, 0, -1, 0, 0, 0, 0, 0.0, 0, 0, 0], [0, 1, 4, 0, 0, 0, -1, 0, 0, 0, 0, 0.0, 0, 0, 0], [0, 0, 5, 0, 0, 0, -1, 0, 0, 0, 0, 0.0, 0, 0, 0], [1, 1, 2, 0, 1, 0, -1, 1, 0, 1, 1, 0.0, 0, 1, 1], [0, 0, 1, 0, 0, 0, -1, 0, 0, 0, 0, 0.0, 0, 0, 0], [0, 0, 6, 0, 0, 0, -1, 0, 0, 0, 0, 0.0, 0, 0, 0], [0, 0, 4, 0, 0, 0, -1, 0, 0, 0, 0, 0.0, 0, 0, 0], [0, 0, 6, 0, 0, 0, -1, 0, 0, 0, 0, 0.0, 0, 0, 0], [0, 0, 6, 0, 0, 0, -1, 0, 0, 0, 0, 0.0, 0, 0, 0], [0, 0, 2, 0, 0, 0, -1, 0, 0, 0, 0, 0.0, 0, 0, 0], [0, 0, 1, 0, 0, 0, -1, 0, 0, 0, 0, 0.0, 0, 0, 0], [0, 0, 1, 0, 0, 0, -1, 0, 0, 0, 0, 0.0, 0, 0, 0], [0, 0, 6, 0, 0, 0, -1, 0, 0, 0, 0, 0.0, 0, 0, 0], [0, 0, 6, 0, 0, 0, -1, 0, 0, 0, 0, 0.0, 0, 0, 0], [0, 0, 3, 0, 0, 0, -1, 0, 0, 0, 0, 0.0, 0, 0, 0], [0, 0, 6, 0, 0, 0, -1, 0, 0, 0, 0, 0.0, 0, 0, 0], [0, 0, 6, 0, 0, 0, -1, 0, 0, 0, 0, 0.0, 0, 0, 0], [0, 0, 2, 0, 0, 0, -1, 0, 0, 0, 0, 0.0, 0, 0, 0], [0, 0, 6, 0, 0, 0, -1, 0, 0, 0, 0, 0.0, 0, 0, 0], [0, 0, 1, 0, 0, 0, -1, 0, 0, 0, 1, 0.0, 0, 1, 0], [0, 0, 6, 0, 0, 0, -1, 0, 0, 0, 0, 0.0, 0, 0, 0], [0, 0, 4, 0, 0, 0, -1, 0, 0, 0, 0, 0.0, 0, 0, 0], [0, 0, 6, 0, 0, 0, -1, 0, 0, 0, 0, 0.0, 0, 0, 0], [0, 0, 6, 0, 0, 0, -1, 0, 0, 0, 0, 0.0, 0, 0, 0], [1, 1, 6, 0, 0, 0, -1, 0, 1, 0, 1, 0.0, 0, 0, 0], [0, 0, 2, 0, 0, 0, -1, 0, 0, 0, 0, 0.0, 0, 0, 0], [0, 0, 1, 0, 0, 0, -1, 0, 0, 0, 0, 0.0, 0, 0, 0], [0, 0, 6, 0, 0, 0, -1, 0, 0, 0, 0, 0.0, 0, 0, 0], [1, 0, 1, 0, 0, 0, -1, 1, 1, 1, 1, 0.0, 0, 0, 0], [0, 0, 3, 0, 0, 0, -1, 0, 0, 0, 0, 0.0, 0, 0, 0], [0, 1, 6, 0, 0, 0, -1, 0, 0, 0, 0, 0.0, 0, 0, 0], [0, 0, 6, 0, 0, 0, -1, 0, 0, 0, 0, 0.0, 0, 0, 0], [0, 0, 1, 0, 0, 0, -1, 0, 0, 0, 0, 0.0, 0, 0, 0], [1, 0, 5, 0, 0, 0, -1, 0, 1, 0, 1, 0.0, 0, 0, 0], [1, 1, 6, 0, 0, 0, -1, 0, 0, 0, 1, 0.0, 0, 1, 0], [0, 0, 1, 0, 0, 0, -1, 0, 0, 0, 0, 0.0, 0, 0, 0], [0, 0, 1, 0, 0, 0, -1, 0, 0, 0, 0, 0.0, 0, 0, 0], [0, 0, 1, 0, 0, 0, -1, 0, 0, 0, 0, 0.0, 0, 0, 0], [0, 1, 6, 0, 0, 0, -1, 0, 0, 0, 0, 0.0, 0, 0, 0], [0, 0, 5, 0, 0, 0, -1, 0, 0, 0, 0, 0.0, 0, 0, 0], [0, 0, 6, 0, 0, 0, -1, 0, 0, 0, 0, 0.0, 0, 0, 0], [0, 1, 6, 0, 0, 0, -1, 0, 0, 0, 0, 0.0, 0, 1, 1], [0, 0, 1, 0, 0, 0, -1, 0, 0, 0, 0, 0.0, 0, 0, 0], [0, 0, 6, 0, 0, 0, -1, 0, 0, 0, 0, 0.0, 0, 0, 0], [0, 0, 6, 0, 0, 0, -1, 0, 0, 0, 0, 0.0, 0, 0, 0], [0, 0, 6, 0, 0, 0, -1, 0, 0, 0, 0, 0.0, 0, 0, 0], [0, 0, 6, 0, 0, 0, -1, 0, 0, 0, 0, 0.0, 0, 0, 0], [0, 0, 6, 0, 0, 0, -1, 0, 0, 0, 0, 0.0, 0, 0, 0], [0, 0, 6, 0, 0, 0, -1, 0, 0, 0, 0, 0.0, 0, 0, 0], [1, 1, 5, 0, 0, 0, -1, 0, 0, 1, 1, 0.0, 0, 1, 0], [0, 0, 1, 0, 0, 0, -1, 0, 0, 0, 0, 0.0, 0, 0, 0], [0, 0, 1, 0, 0, 0, -1, 0, 0, 0, 0, 0.0, 0, 0, 0], [0, 0, 2, 0, 0, 0, -1, 0, 0, 0, 0, 0.0, 0, 0, 0], [0, 0, 2, 0, 0, 0, -1, 0, 0, 0, 0, 0.0, 0, 0, 0], [0, 0, 6, 0, 0, 0, -1, 0, 0, 0, 0, 0.0, 0, 0, 0], [0, 0, 6, 0, 0, 0, -1, 0, 0, 0, 0, 0.0, 0, 0, 0], [0, 0, 6, 0, 0, 0, -1, 0, 0, 0, 0, 0.0, 0, 0, 0], [0, 0, 2, 0, 0, 0, -1, 0, 0, 0, 0, 0.0, 0, 0, 0], [0, 0, 6, 0, 0, 0, -1, 0, 0, 0, 0, 0.0, 0, 0, 0], [0, 0, 1, 0, 0, 0, -1, 0, 0, 0, 0, 0.0, 0, 0, 0], [0, 0, 1, 0, 0, 0, -1, 0, 0, 0, 0, 0.0, 0, 0, 0], [0, 0, 6, 0, 0, 0, -1, 0, 0, 0, 0, 0.0, 0, 0, 0], [0, 0, 6, 0, 0, 0, -1, 0, 0, 0, 0, 0.0, 0, 0, 0], [0, 0, 6, 0, 0, 0, -1, 0, 0, 0, 0, 0.0, 0, 0, 0], [0, 1, 6, 0, 0, 0, -1, 0, 0, 0, 0, 0.0, 0, 1, 0], [0, 0, 6, 0, 0, 0, -1, 0, 0, 0, 0, 0.0, 0, 0, 0], [0, 0, 6, 0, 0, 0, -1, 0, 0, 0, 0, 0.0, 0, 0, 0], [0, 0, 1, 0, 0, 0, -1, 0, 0, 0, 0, 0.0, 0, 0, 0], [0, 0, 1, 0, 0, 0, -1, 0, 0, 0, 0, 0.0, 0, 0, 0], [0, 0, 3, 0, 0, 0, -1, 0, 0, 0, 0, 0.0, 0, 0, 0], [1, 0, 5, 0, 0, 0, -1, 0, 1, 1, 1, 0.0, 0, 1, 0], [0, 0, 2, 0, 0, 0, -1, 0, 0, 0, 0, 0.0, 0, 0, 0], [0, 1, 4, 0, 0, 0, -1, 0, 0, 0, 1, 0.0, 0, 1, 0], [0, 0, 1, 0, 0, 0, -1, 0, 0, 0, 0, 0.0, 0, 0, 0], [0, 0, 1, 0, 0, 0, -1, 0, 0, 0, 1, 0.0, 0, 1, 0], [1, 1, 6, 0, 0, 0, -1, 0, 0, 0, 1, 0.0, 0, 1, 0], [0, 0, 6, 0, 0, 0, -1, 0, 0, 0, 0, 0.0, 0, 0, 0], [0, 1, 2, 0, 0, 0, -1, 0, 0, 0, 0, 0.0, 0, 1, 0], [0, 0, 6, 0, 0, 0, -1, 0, 0, 0, 0, 0.0, 0, 0, 0], [0, 0, 6, 0, 0, 0, -1, 0, 0, 0, 0, 0.0, 0, 0, 0], [0, 0, 6, 0, 0, 0, -1, 0, 0, 0, 1, 0.0, 0, 0, 0], [0, 0, 6, 0, 0, 0, -1, 0, 0, 0, 0, 0.0, 0, 0, 0], [0, 0, 6, 0, 0, 0, -1, 0, 0, 0, 0, 0.0, 0, 0, 0], [0, 1, 5, 0, 0, 0, -1, 0, 0, 0, 0, 0.0, 0, 1, 0], [0, 0, 1, 0, 0, 0, -1, 0, 0, 0, 0, 0.0, 0, 0, 0], [0, 0, 1, 0, 0, 0, -1, 0, 0, 0, 0, 0.0, 0, 1, 0], [0, 0, 2, 0, 0, 0, -1, 0, 0, 0, 0, 0.0, 0, 0, 0], [0, 0, 6, 0, 0, 0, -1, 0, 0, 0, 0, 0.0, 0, 0, 0], [1, 1, 2, 0, 1, 0, -1, 1, 0, 1, 1, 0.0, 0, 1, 1], [0, 0, 2, 0, 0, 0, -1, 0, 0, 0, 0, 0.0, 0, 0, 0], [1, 0, 6, 0, 0, 0, -1, 1, 0, 1, 1, 0.0, 0, 0, 0], [0, 0, 1, 0, 0, 0, -1, 0, 0, 0, 0, 0.0, 0, 0, 0], [0, 0, 1, 0, 0, 0, -1, 0, 0, 0, 0, 0.0, 0, 0, 0], [0, 0, 6, 0, 0, 0, -1, 0, 0, 0, 0, 0.0, 0, 0, 0], [0, 0, 1, 0, 0, 0, -1, 0, 0, 0, 0, 0.0, 0, 0, 0], [0, 0, 2, 0, 0, 0, -1, 0, 0, 0, 0, 0.0, 0, 0, 0], [0, 0, 1, 0, 0, 0, -1, 0, 0, 0, 0, 0.0, 0, 0, 0], [0, 0, 6, 0, 0, 0, -1, 0, 0, 0, 0, 0.0, 0, 0, 0], [0, 1, 6, 0, 0, 0, -1, 0, 0, 0, 0, 0.0, 0, 0, 0], [0, 0, 6, 0, 0, 0, -1, 0, 0, 0, 0, 0.0, 0, 0, 0], [0, 0, 1, 0, 0, 0, -1, 0, 0, 0, 0, 0.0, 0, 0, 0], [0, 0, 6, 0, 0, 0, -1, 0, 0, 0, 0, 0.0, 0, 0, 0], [0, 0, 6, 0, 0, 0, -1, 0, 0, 0, 0, 0.0, 0, 0, 0], [0, 0, 1, 0, 0, 0, -1, 0, 0, 0, 0, 0.0, 0, 0, 0], [0, 0, 1, 0, 0, 0, -1, 0, 0, 0, 0, 0.0, 0, 0, 0], [0, 0, 6, 0, 0, 0, -1, 0, 0, 0, 0, 0.0, 0, 0, 0], [0, 0, 6, 0, 0, 0, -1, 0, 0, 0, 0, 0.0, 0, 0, 0], [0, 0, 4, 0, 0, 0, -1, 0, 0, 0, 0, 0.0, 0, 0, 0], [0, 0, 6, 0, 0, 0, -1, 0, 0, 0, 0, 0.0, 0, 0, 0], [0, 0, 6, 0, 0, 0, -1, 0, 0, 0, 0, 0.0, 0, 0, 0], [0, 0, 6, 0, 0, 0, -1, 0, 0, 0, 0, 0.0, 0, 0, 0], [0, 0, 4, 0, 0, 0, -1, 0, 0, 0, 0, 0.0, 0, 0, 0], [0, 0, 2, 0, 0, 0, -1, 0, 0, 0, 0, 0.0, 0, 0, 0], [0, 0, 1, 0, 0, 0, -1, 0, 0, 0, 0, 0.0, 0, 0, 0], [0, 0, 3, 0, 0, 0, -1, 0, 0, 0, 0, 0.0, 0, 0, 0], [0, 0, 2, 0, 0, 0, -1, 0, 0, 0, 0, 0.0, 0, 0, 0], [0, 0, 1, 0, 0, 0, -1, 0, 0, 0, 0, 0.0, 0, 0, 0], [0, 0, 1, 0, 0, 0, -1, 0, 0, 0, 0, 0.0, 0, 0, 0], [0, 0, 6, 0, 0, 0, -1, 0, 0, 0, 0, 0.0, 0, 0, 0], [0, 1, 6, 0, 0, 0, -1, 0, 0, 0, 0, 0.0, 0, 0, 0], [0, 0, 1, 0, 0, 0, -1, 0, 0, 0, 0, 0.0, 0, 0, 0], [0, 0, 1, 0, 0, 0, -1, 0, 0, 0, 0, 0.0, 0, 0, 0], [0, 1, 6, 0, 0, 0, -1, 0, 0, 0, 0, 0.0, 0, 1, 0], [0, 0, 1, 0, 0, 0, -1, 0, 0, 0, 0, 0.0, 0, 0, 0], [0, 0, 6, 0, 0, 0, -1, 0, 0, 0, 0, 0.0, 0, 0, 0], [0, 0, 6, 0, 0, 0, -1, 0, 0, 0, 0, 0.0, 0, 0, 0], [0, 0, 6, 0, 0, 0, -1, 0, 0, 0, 0, 0.0, 0, 0, 0], [0, 1, 3, 0, 0, 0, -1, 0, 0, 0, 0, 0.0, 0, 1, 1], [0, 0, 1, 0, 0, 0, -1, 0, 0, 0, 0, 0.0, 0, 0, 0], [0, 0, 6, 0, 0, 0, -1, 0, 0, 0, 0, 0.0, 0, 0, 0], [1, 0, 1, 0, 0, 0, -1, 1, 1, 1, 1, 0.0, 0, 1, 0], [0, 0, 1, 0, 0, 0, -1, 0, 0, 0, 0, 0.0, 0, 0, 0], [0, 1, 6, 0, 0, 0, -1, 0, 0, 0, 0, 0.0, 0, 0, 0], [0, 0, 6, 0, 0, 0, -1, 0, 0, 0, 1, 0.0, 0, 0, 0], [0, 0, 1, 0, 0, 0, -1, 0, 0, 0, 0, 0.0, 0, 0, 0], [0, 0, 3, 0, 0, 0, -1, 0, 0, 0, 0, 0.0, 0, 0, 0], [1, 0, 1, 0, 0, 0, -1, 1, 1, 1, 1, 0.0, 0, 1, 1], [0, 0, 6, 0, 0, 0, -1, 0, 0, 0, 0, 0.0, 0, 0, 0], [0, 0, 4, 0, 0, 0, -1, 0, 0, 0, 0, 0.0, 0, 0, 0], [0, 0, 2, 0, 0, 0, -1, 0, 0, 0, 0, 0.0, 0, 0, 0], [0, 1, 2, 0, 0, 0, -1, 0, 0, 0, 0, 0.0, 0, 1, 1], [1, 1, 6, 0, 0, 0, -1, 0, 0, 0, 1, 0.0, 0, 1, 1], [0, 0, 1, 0, 0, 0, -1, 0, 0, 0, 0, 0.0, 0, 0, 0], [0, 0, 3, 0, 0, 0, -1, 0, 0, 0, 1, 0.0, 0, 0, 0], [0, 0, 6, 0, 0, 0, -1, 0, 0, 0, 0, 0.0, 0, 0, 0], [0, 0, 1, 0, 0, 0, -1, 0, 0, 0, 0, 0.0, 0, 0, 0], [0, 0, 3, 0, 0, 0, -1, 0, 0, 0, 0, 0.0, 0, 0, 0], [0, 0, 2, 0, 0, 0, -1, 0, 0, 0, 0, 0.0, 0, 0, 0], [0, 0, 6, 0, 0, 0, -1, 0, 0, 0, 0, 0.0, 0, 0, 0], [0, 0, 4, 0, 0, 0, -1, 0, 0, 0, 0, 0.0, 0, 0, 0], [0, 0, 6, 0, 0, 0, -1, 0, 0, 0, 0, 0.0, 0, 0, 0], [0, 0, 6, 0, 0, 0, -1, 0, 0, 0, 0, 0.0, 0, 0, 0], [0, 0, 4, 0, 0, 0, -1, 0, 0, 0, 0, 0.0, 0, 0, 0], [1, 1, 3, 0, 0, 0, -1, 1, 0, 1, 1, 0.0, 0, 1, 0], [0, 0, 1, 0, 0, 0, -1, 0, 0, 0, 0, 0.0, 0, 0, 0], [0, 0, 1, 0, 0, 0, -1, 0, 0, 0, 0, 0.0, 0, 0, 0], [0, 0, 1, 0, 0, 0, -1, 0, 0, 0, 0, 0.0, 0, 0, 0], [0, 0, 2, 0, 0, 0, -1, 0, 0, 0, 0, 0.0, 0, 0, 0], [0, 0, 3, 0, 0, 0, -1, 0, 0, 0, 0, 0.0, 0, 0, 0], [0, 0, 1, 0, 0, 0, -1, 0, 0, 0, 0, 0.0, 0, 0, 0], [0, 0, 6, 0, 0, 0, -1, 0, 0, 0, 0, 0.0, 0, 0, 0], [0, 0, 6, 0, 0, 0, -1, 0, 0, 0, 0, 0.0, 0, 0, 0], [0, 0, 2, 0, 0, 0, -1, 0, 0, 0, 0, 0.0, 0, 0, 0], [0, 0, 2, 0, 0, 0, -1, 0, 0, 0, 0, 0.0, 0, 0, 0], [0, 0, 1, 0, 0, 0, -1, 0, 0, 0, 0, 0.0, 0, 0, 0], [0, 0, 1, 0, 0, 0, -1, 0, 0, 0, 0, 0.0, 0, 0, 0], [1, 0, 1, 0, 0, 0, -1, 1, 1, 1, 1, 0.0, 0, 1, 0], [0, 0, 1, 0, 0, 0, -1, 0, 0, 0, 0, 0.0, 0, 0, 0], [0, 0, 6, 0, 0, 0, -1, 0, 0, 0, 0, 0.0, 0, 0, 0], [0, 0, 2, 0, 0, 0, -1, 0, 0, 0, 0, 0.0, 0, 0, 0], [0, 0, 6, 0, 0, 0, -1, 0, 0, 0, 0, 0.0, 0, 0, 0], [0, 0, 6, 0, 0, 0, -1, 0, 0, 0, 0, 0.0, 0, 0, 0], [0, 0, 2, 0, 0, 0, -1, 0, 0, 0, 0, 0.0, 0, 0, 0], [0, 1, 6, 0, 1, 0, -1, 0, 0, 0, 1, 0.0, 0, 1, 0], [0, 0, 6, 0, 0, 0, -1, 0, 0, 0, 0, 0.0, 0, 0, 0], [0, 0, 2, 0, 0, 0, -1, 0, 0, 0, 0, 0.0, 0, 0, 0], [0, 0, 1, 0, 0, 0, -1, 0, 0, 0, 0, 0.0, 0, 0, 0], [0, 1, 2, 0, 0, 0, -1, 0, 0, 0, 1, 0.0, 0, 1, 0], [0, 0, 6, 0, 0, 0, -1, 0, 0, 0, 0, 0.0, 0, 0, 0], [0, 1, 6, 0, 0, 0, -1, 0, 0, 0, 1, 0.0, 0, 0, 0], [1, 1, 2, 0, 1, 0, -1, 1, 0, 1, 1, 0.0, 0, 1, 0], [0, 0, 1, 0, 0, 0, -1, 0, 0, 0, 0, 0.0, 0, 0, 0], [0, 0, 2, 0, 0, 0, -1, 0, 0, 0, 0, 0.0, 0, 0, 0], [0, 0, 6, 0, 0, 0, -1, 0, 0, 0, 0, 0.0, 0, 0, 0], [0, 0, 1, 0, 0, 0, -1, 0, 0, 0, 0, 0.0, 0, 0, 0], [0, 0, 6, 0, 0, 0, -1, 0, 0, 0, 0, 0.0, 0, 0, 0], [0, 0, 1, 0, 0, 0, -1, 0, 0, 0, 0, 0.0, 0, 0, 0], [0, 0, 1, 0, 0, 0, -1, 0, 0, 0, 0, 0.0, 0, 0, 0], [0, 0, 5, 0, 0, 0, -1, 0, 0, 0, 0, 0.0, 0, 0, 0], [0, 0, 6, 0, 0, 0, -1, 0, 0, 0, 0, 0.0, 0, 0, 0], [0, 0, 6, 0, 0, 0, -1, 0, 0, 0, 0, 0.0, 0, 0, 0], [0, 0, 6, 0, 0, 0, -1, 0, 0, 0, 0, 0.0, 0, 0, 0], [0, 0, 4, 0, 0, 0, -1, 0, 0, 0, 0, 0.0, 0, 0, 0], [0, 0, 2, 0, 0, 0, -1, 0, 0, 0, 0, 0.0, 0, 0, 0], [0, 0, 3, 0, 0, 0, -1, 0, 0, 0, 0, 0.0, 0, 0, 0], [0, 0, 6, 0, 0, 0, -1, 0, 0, 0, 1, 0.0, 0, 0, 0], [0, 0, 2, 0, 0, 0, -1, 0, 0, 0, 0, 0.0, 0, 0, 0], [0, 1, 2, 0, 1, 0, -1, 0, 0, 0, 0, 0.0, 0, 0, 0], [0, 0, 6, 0, 0, 0, -1, 0, 0, 0, 0, 0.0, 0, 0, 0], [0, 1, 4, 0, 0, 0, -1, 0, 0, 0, 0, 0.0, 0, 1, 0], [0, 0, 6, 0, 0, 0, -1, 0, 0, 0, 0, 0.0, 0, 0, 0], [0, 1, 6, 0, 0, 0, -1, 0, 0, 0, 0, 0.0, 0, 0, 0], [0, 0, 1, 0, 0, 0, -1, 0, 0, 0, 0, 0.0, 0, 1, 0], [0, 0, 1, 0, 0, 0, -1, 0, 0, 0, 0, 0.0, 0, 0, 0], [0, 0, 1, 0, 0, 0, -1, 0, 0, 0, 0, 0.0, 0, 0, 0], [0, 1, 6, 0, 0, 0, -1, 0, 0, 0, 1, 0.0, 0, 1, 1], [0, 0, 3, 0, 0, 0, -1, 0, 0, 0, 1, 0.0, 0, 0, 0], [0, 0, 1, 0, 0, 0, -1, 0, 0, 0, 0, 0.0, 0, 0, 0], [0, 0, 6, 0, 0, 0, -1, 0, 0, 0, 0, 0.0, 0, 0, 0], [0, 0, 2, 0, 0, 0, -1, 0, 0, 0, 0, 0.0, 0, 0, 0], [0, 0, 6, 0, 0, 0, -1, 0, 0, 0, 0, 0.0, 0, 0, 0], [1, 1, 6, 0, 0, 0, -1, 0, 0, 0, 1, 0.0, 0, 1, 1], [0, 0, 2, 0, 0, 0, -1, 0, 0, 0, 0, 0.0, 0, 0, 0], [0, 0, 6, 0, 0, 0, -1, 0, 0, 0, 1, 0.0, 0, 0, 0], [0, 0, 6, 0, 0, 0, -1, 0, 0, 0, 0, 0.0, 0, 1, 0], [0, 0, 6, 0, 0, 0, -1, 0, 0, 0, 0, 0.0, 0, 0, 0], [0, 1, 6, 0, 0, 0, -1, 0, 0, 0, 0, 0.0, 0, 0, 0], [0, 0, 2, 0, 0, 0, -1, 0, 0, 0, 0, 0.0, 0, 0, 0], [0, 0, 6, 0, 0, 0, -1, 0, 0, 0, 0, 0.0, 0, 0, 0], [0, 0, 6, 0, 0, 0, -1, 0, 0, 0, 0, 0.0, 0, 0, 0], [1, 1, 2, 0, 0, 1, 1, 1, 0, 1, 1, 0.10714285714285714, 56, 1, 1], [0, 0, 2, 0, 0, 0, -1, 0, 0, 0, 0, 0.0, 0, 0, 0], [0, 0, 6, 0, 0, 0, -1, 0, 0, 0, 0, 0.0, 0, 0, 0], [0, 0, 6, 0, 0, 0, -1, 0, 0, 0, 0, 0.0, 0, 0, 0], [0, 0, 1, 0, 0, 0, -1, 0, 0, 0, 0, 0.0, 0, 0, 0], [0, 1, 2, 0, 0, 0, -1, 0, 0, 0, 0, 0.0, 0, 1, 1], [0, 0, 1, 0, 0, 0, -1, 0, 0, 0, 0, 0.0, 0, 0, 0], [0, 0, 6, 0, 0, 0, -1, 0, 0, 0, 0, 0.0, 0, 0, 0], [0, 0, 6, 0, 0, 0, -1, 0, 0, 0, 1, 0.0, 0, 0, 0], [0, 0, 4, 0, 0, 0, -1, 0, 0, 0, 0, 0.0, 0, 0, 0], [0, 1, 6, 0, 0, 0, -1, 0, 0, 0, 1, 0.0, 0, 0, 0], [0, 0, 6, 0, 0, 0, -1, 0, 0, 0, 0, 0.0, 0, 0, 0], [0, 0, 2, 0, 0, 0, -1, 0, 0, 0, 0, 0.0, 0, 0, 0], [0, 0, 6, 0, 0, 0, -1, 0, 0, 0, 0, 0.0, 0, 0, 0], [0, 0, 1, 0, 0, 0, -1, 0, 0, 0, 0, 0.0, 0, 0, 0], [0, 0, 6, 0, 0, 0, -1, 0, 0, 0, 0, 0.0, 0, 0, 0], [0, 0, 1, 0, 0, 0, -1, 0, 0, 0, 0, 0.0, 0, 0, 0], [0, 0, 1, 0, 0, 0, -1, 0, 0, 0, 0, 0.0, 0, 0, 0], [0, 1, 2, 0, 1, 0, -1, 0, 0, 0, 0, 0.0, 0, 1, 0], [0, 0, 1, 0, 0, 0, -1, 0, 0, 0, 0, 0.0, 0, 0, 0], [0, 0, 1, 0, 0, 0, -1, 0, 0, 0, 0, 0.0, 0, 0, 0], [0, 0, 4, 0, 0, 0, -1, 0, 0, 0, 0, 0.0, 0, 0, 0], [0, 0, 2, 0, 0, 0, -1, 0, 0, 0, 0, 0.0, 0, 0, 0], [0, 0, 4, 0, 0, 0, -1, 0, 0, 0, 0, 0.0, 0, 0, 0], [0, 0, 6, 0, 0, 0, -1, 0, 0, 0, 0, 0.0, 0, 0, 0], [0, 0, 6, 0, 0, 0, -1, 0, 0, 0, 0, 0.0, 0, 0, 0], [0, 0, 6, 0, 0, 0, -1, 0, 0, 0, 0, 0.0, 0, 0, 0], [0, 1, 6, 0, 0, 0, -1, 0, 0, 0, 0, 0.0, 0, 0, 0], [0, 0, 1, 0, 0, 0, -1, 0, 0, 0, 0, 0.0, 0, 0, 0], [0, 0, 6, 0, 0, 0, -1, 0, 0, 0, 0, 0.0, 0, 0, 0], [0, 0, 1, 0, 0, 0, -1, 0, 0, 0, 0, 0.0, 0, 0, 0], [0, 0, 1, 0, 0, 0, -1, 0, 0, 0, 0, 0.0, 0, 0, 0], [0, 0, 2, 0, 0, 0, -1, 0, 0, 0, 0, 0.0, 0, 0, 0], [0, 0, 2, 0, 0, 0, -1, 0, 0, 0, 0, 0.0, 0, 0, 0], [0, 0, 1, 0, 0, 0, -1, 0, 0, 0, 0, 0.0, 0, 0, 0], [0, 0, 1, 0, 0, 0, -1, 0, 0, 0, 0, 0.0, 0, 0, 0], [0, 0, 6, 0, 0, 0, -1, 0, 0, 0, 0, 0.0, 0, 0, 0], [0, 0, 1, 0, 0, 0, -1, 0, 0, 0, 0, 0.0, 0, 0, 0], [0, 0, 6, 0, 0, 0, -1, 0, 0, 0, 0, 0.0, 0, 0, 0], [0, 0, 6, 0, 0, 0, -1, 0, 0, 0, 0, 0.0, 0, 0, 0], [0, 0, 1, 0, 0, 0, -1, 0, 0, 0, 0, 0.0, 0, 0, 0], [0, 0, 3, 0, 0, 0, -1, 0, 0, 0, 0, 0.0, 0, 0, 0], [0, 1, 6, 0, 0, 0, -1, 0, 0, 0, 0, 0.0, 0, 1, 0], [0, 0, 1, 0, 0, 0, -1, 0, 0, 0, 1, 0.0, 0, 1, 1], [0, 0, 5, 0, 0, 0, -1, 0, 0, 0, 0, 0.0, 0, 0, 0], [0, 1, 2, 0, 1, 0, -1, 0, 0, 0, 0, 0.0, 0, 0, 0], [0, 0, 6, 0, 0, 0, -1, 0, 0, 0, 0, 0.0, 0, 0, 0], [0, 0, 2, 0, 0, 0, -1, 0, 0, 0, 0, 0.0, 0, 0, 0], [0, 0, 3, 0, 0, 0, -1, 0, 0, 0, 0, 0.0, 0, 0, 0], [0, 0, 2, 0, 0, 0, -1, 0, 0, 0, 0, 0.0, 0, 0, 0], [0, 0, 1, 0, 0, 0, -1, 0, 0, 0, 0, 0.0, 0, 0, 0], [0, 0, 1, 0, 0, 0, -1, 0, 0, 0, 0, 0.0, 0, 0, 0], [0, 0, 6, 0, 0, 0, -1, 0, 0, 0, 0, 0.0, 0, 0, 0], [0, 1, 6, 0, 0, 0, -1, 0, 0, 0, 0, 0.0, 0, 0, 0], [0, 0, 3, 0, 0, 0, -1, 0, 0, 0, 0, 0.0, 0, 0, 0], [0, 0, 6, 0, 0, 0, -1, 0, 0, 0, 0, 0.0, 0, 0, 0], [0, 0, 6, 0, 0, 0, -1, 0, 0, 0, 0, 0.0, 0, 0, 0], [0, 0, 6, 0, 0, 0, -1, 0, 0, 0, 0, 0.0, 0, 0, 0], [0, 0, 3, 0, 0, 0, -1, 0, 0, 0, 0, 0.0, 0, 0, 0], [0, 0, 6, 0, 0, 0, -1, 0, 0, 0, 0, 0.0, 0, 0, 0], [0, 0, 6, 0, 0, 0, -1, 0, 0, 0, 0, 0.0, 0, 0, 0], [0, 0, 6, 0, 0, 0, -1, 0, 0, 0, 0, 0.0, 0, 0, 0], [0, 0, 6, 0, 0, 0, -1, 0, 0, 0, 0, 0.0, 0, 0, 0], [0, 0, 6, 0, 0, 0, -1, 0, 0, 0, 0, 0.0, 0, 0, 0], [0, 0, 6, 0, 0, 0, -1, 0, 0, 0, 0, 0.0, 0, 0, 0], [0, 0, 1, 0, 0, 0, -1, 0, 0, 0, 0, 0.0, 0, 0, 0], [0, 0, 1, 0, 0, 0, -1, 0, 0, 0, 0, 0.0, 0, 0, 0], [0, 1, 3, 0, 1, 0, -1, 0, 0, 0, 0, 0.0, 0, 1, 0], [0, 0, 6, 0, 0, 0, -1, 0, 0, 0, 0, 0.0, 0, 0, 0], [1, 0, 4, 0, 0, 0, -1, 0, 0, 1, 1, 0.0, 0, 1, 0], [0, 0, 6, 0, 0, 0, -1, 0, 0, 0, 0, 0.0, 0, 0, 0], [0, 0, 6, 0, 0, 0, -1, 0, 0, 0, 0, 0.0, 0, 0, 0], [0, 0, 1, 0, 0, 0, -1, 0, 0, 0, 0, 0.0, 0, 0, 0], [0, 0, 1, 0, 0, 0, -1, 0, 0, 0, 0, 0.0, 0, 0, 0], [0, 0, 6, 0, 0, 0, -1, 0, 0, 0, 0, 0.0, 0, 0, 0], [0, 1, 4, 0, 0, 0, -1, 0, 0, 0, 1, 0.0, 0, 1, 0], [0, 0, 5, 0, 0, 0, -1, 0, 0, 0, 0, 0.0, 0, 0, 0], [0, 0, 1, 0, 0, 0, -1, 0, 0, 0, 0, 0.0, 0, 0, 0], [0, 0, 6, 0, 0, 0, -1, 0, 0, 0, 0, 0.0, 0, 0, 0], [0, 0, 1, 0, 0, 0, -1, 0, 0, 0, 0, 0.0, 0, 0, 0], [0, 0, 1, 0, 0, 0, -1, 0, 0, 0, 0, 0.0, 0, 0, 0], [0, 0, 1, 0, 0, 0, -1, 0, 0, 0, 0, 0.0, 0, 0, 0], [0, 0, 3, 0, 0, 0, -1, 0, 0, 0, 0, 0.0, 0, 0, 0], [0, 0, 6, 0, 0, 0, -1, 0, 0, 0, 0, 0.0, 0, 0, 0], [0, 0, 6, 0, 0, 0, -1, 0, 0, 0, 0, 0.0, 0, 0, 0], [0, 0, 6, 0, 0, 0, -1, 0, 0, 0, 0, 0.0, 0, 0, 0], [0, 0, 6, 0, 0, 0, -1, 0, 0, 0, 0, 0.0, 0, 0, 0], [0, 0, 1, 0, 0, 0, -1, 0, 0, 0, 0, 0.0, 0, 0, 0], [0, 0, 2, 0, 0, 0, -1, 0, 0, 0, 0, 0.0, 0, 0, 0], [0, 1, 2, 0, 0, 0, -1, 0, 0, 0, 0, 0.0, 0, 0, 0], [0, 0, 3, 0, 0, 0, -1, 0, 0, 0, 0, 0.0, 0, 0, 0], [0, 0, 6, 0, 0, 0, -1, 0, 0, 0, 1, 0.0, 0, 0, 0], [0, 0, 6, 0, 0, 0, -1, 0, 0, 0, 0, 0.0, 0, 0, 0], [0, 0, 1, 0, 0, 0, -1, 0, 0, 0, 0, 0.0, 0, 0, 0], [0, 0, 6, 0, 0, 0, -1, 0, 0, 0, 0, 0.0, 0, 0, 0], [0, 1, 3, 0, 0, 0, -1, 0, 0, 0, 0, 0.0, 0, 1, 0], [0, 0, 1, 0, 0, 0, -1, 0, 0, 0, 1, 0.0, 0, 0, 0], [0, 0, 6, 0, 0, 0, -1, 0, 0, 0, 0, 0.0, 0, 0, 0], [0, 0, 6, 0, 0, 0, -1, 0, 0, 0, 0, 0.0, 0, 0, 0], [0, 0, 6, 0, 0, 0, -1, 0, 0, 0, 0, 0.0, 0, 0, 0], [0, 0, 1, 0, 0, 0, -1, 0, 0, 0, 0, 0.0, 0, 0, 0], [0, 0, 6, 0, 0, 0, -1, 0, 0, 0, 0, 0.0, 0, 0, 0], [0, 1, 3, 0, 0, 0, -1, 0, 0, 0, 1, 0.0, 0, 1, 1], [0, 0, 1, 0, 0, 0, -1, 0, 0, 0, 0, 0.0, 0, 0, 0], [0, 0, 1, 0, 0, 0, -1, 0, 0, 0, 0, 0.0, 0, 0, 0], [0, 0, 6, 0, 0, 0, -1, 0, 0, 0, 0, 0.0, 0, 0, 0], [0, 0, 1, 0, 0, 0, -1, 0, 0, 0, 0, 0.0, 0, 0, 0], [0, 0, 1, 0, 0, 0, -1, 0, 0, 0, 0, 0.0, 0, 0, 0], [0, 1, 2, 0, 0, 0, -1, 0, 0, 0, 0, 0.0, 0, 1, 0], [0, 1, 2, 0, 0, 1, 1, 0, 0, 0, 0, 1.0, 1, 1, 1], [0, 0, 6, 0, 0, 0, -1, 0, 0, 0, 0, 0.0, 0, 0, 0], [0, 0, 6, 0, 0, 0, -1, 0, 0, 0, 0, 0.0, 0, 0, 0], [0, 0, 1, 0, 0, 0, -1, 0, 0, 0, 0, 0.0, 0, 0, 0], [0, 0, 1, 0, 0, 0, -1, 0, 0, 0, 0, 0.0, 0, 0, 0], [0, 0, 1, 0, 0, 0, -1, 0, 0, 0, 0, 0.0, 0, 0, 0], [0, 0, 6, 0, 0, 0, -1, 0, 0, 0, 0, 0.0, 0, 0, 0], [0, 0, 6, 0, 0, 0, -1, 0, 0, 0, 0, 0.0, 0, 0, 0], [0, 0, 1, 0, 0, 0, -1, 0, 0, 0, 0, 0.0, 0, 0, 0], [0, 0, 6, 0, 0, 0, -1, 0, 0, 0, 0, 0.0, 0, 0, 0], [0, 0, 1, 0, 0, 0, -1, 0, 0, 0, 0, 0.0, 0, 0, 0], [0, 0, 6, 0, 0, 0, -1, 0, 0, 0, 0, 0.0, 0, 0, 0], [0, 0, 3, 0, 0, 0, -1, 0, 0, 0, 0, 0.0, 0, 0, 0], [0, 1, 4, 0, 0, 0, -1, 0, 0, 0, 0, 0.0, 0, 0, 0], [0, 0, 3, 0, 0, 0, -1, 0, 0, 0, 1, 0.0, 0, 1, 0], [0, 0, 6, 0, 0, 0, -1, 0, 0, 0, 0, 0.0, 0, 0, 0], [0, 0, 2, 0, 0, 0, -1, 0, 0, 0, 0, 0.0, 0, 0, 0], [0, 0, 1, 0, 0, 0, -1, 0, 0, 0, 0, 0.0, 0, 0, 0], [0, 0, 6, 0, 0, 0, -1, 0, 0, 0, 0, 0.0, 0, 0, 0], [0, 0, 1, 0, 0, 0, -1, 0, 0, 0, 0, 0.0, 0, 0, 0], [0, 1, 3, 0, 0, 0, -1, 0, 0, 0, 0, 0.0, 0, 1, 0], [0, 0, 6, 0, 0, 0, -1, 0, 0, 0, 0, 0.0, 0, 0, 0], [0, 0, 1, 0, 0, 0, -1, 0, 0, 0, 0, 0.0, 0, 0, 0], [1, 0, 1, 0, 0, 0, -1, 1, 1, 1, 1, 0.0, 0, 1, 0], [0, 1, 6, 0, 1, 0, -1, 0, 0, 0, 1, 0.0, 0, 0, 0], [0, 0, 3, 0, 0, 0, -1, 0, 0, 0, 0, 0.0, 0, 0, 0], [0, 0, 6, 0, 0, 0, -1, 0, 0, 0, 1, 0.0, 0, 0, 0], [0, 0, 1, 0, 0, 0, -1, 0, 0, 0, 1, 0.0, 0, 0, 0], [0, 0, 6, 0, 0, 0, -1, 0, 0, 0, 0, 0.0, 0, 0, 0], [0, 0, 6, 0, 0, 0, -1, 0, 0, 0, 0, 0.0, 0, 0, 0], [0, 0, 2, 0, 0, 0, -1, 0, 0, 0, 0, 0.0, 0, 0, 0], [0, 1, 3, 0, 1, 0, -1, 0, 0, 0, 0, 0.0, 0, 1, 0], [0, 0, 2, 0, 0, 0, -1, 0, 0, 0, 0, 0.0, 0, 0, 0], [0, 0, 6, 0, 0, 0, -1, 0, 0, 0, 0, 0.0, 0, 0, 0], [0, 0, 6, 0, 0, 0, -1, 0, 0, 0, 0, 0.0, 0, 0, 0], [0, 0, 6, 0, 0, 0, -1, 0, 0, 0, 0, 0.0, 0, 0, 0], [0, 0, 1, 0, 0, 0, -1, 0, 0, 0, 0, 0.0, 0, 0, 0], [0, 0, 2, 0, 0, 0, -1, 0, 0, 0, 0, 0.0, 0, 0, 0], [0, 1, 2, 0, 1, 0, -1, 0, 0, 0, 0, 0.0, 0, 1, 1], [0, 0, 6, 0, 0, 0, -1, 0, 0, 0, 0, 0.0, 0, 0, 0], [0, 0, 6, 0, 0, 0, -1, 0, 0, 0, 0, 0.0, 0, 1, 0], [0, 0, 6, 0, 0, 0, -1, 0, 0, 0, 0, 0.0, 0, 0, 0], [0, 0, 5, 0, 0, 0, -1, 0, 0, 0, 0, 0.0, 0, 0, 0], [0, 1, 4, 0, 1, 0, -1, 0, 0, 0, 0, 0.0, 0, 1, 1], [0, 0, 1, 0, 0, 0, -1, 0, 0, 0, 0, 0.0, 0, 0, 0], [0, 0, 1, 0, 0, 0, -1, 0, 0, 0, 0, 0.0, 0, 0, 0], [0, 0, 4, 0, 0, 0, -1, 0, 0, 0, 0, 0.0, 0, 0, 0], [0, 0, 6, 0, 0, 0, -1, 0, 0, 0, 0, 0.0, 0, 0, 0], [0, 0, 2, 0, 0, 0, -1, 0, 0, 0, 0, 0.0, 0, 0, 0], [1, 0, 1, 0, 0, 0, -1, 1, 1, 1, 1, 0.0, 0, 0, 0], [0, 0, 2, 0, 0, 0, -1, 0, 0, 0, 0, 0.0, 0, 0, 0], [0, 0, 6, 0, 0, 0, -1, 0, 0, 0, 0, 0.0, 0, 0, 0], [0, 1, 2, 0, 1, 0, -1, 0, 0, 0, 0, 0.0, 0, 1, 1], [0, 0, 6, 0, 0, 0, -1, 0, 0, 0, 0, 0.0, 0, 0, 0], [0, 1, 2, 0, 1, 0, -1, 0, 0, 0, 0, 0.0, 0, 1, 1], [0, 0, 1, 0, 0, 0, -1, 0, 0, 0, 1, 0.0, 0, 0, 0], [0, 0, 6, 0, 0, 0, -1, 0, 0, 0, 0, 0.0, 0, 0, 0], [0, 0, 6, 0, 0, 0, -1, 0, 0, 0, 0, 0.0, 0, 0, 0], [0, 0, 1, 0, 0, 0, -1, 0, 0, 0, 0, 0.0, 0, 0, 0], [0, 1, 2, 0, 1, 0, -1, 0, 0, 0, 0, 0.0, 0, 1, 1], [0, 0, 4, 0, 0, 0, -1, 0, 0, 0, 1, 0.0, 0, 0, 0], [1, 0, 1, 0, 0, 0, -1, 1, 1, 1, 1, 0.0, 0, 1, 0], [0, 1, 3, 0, 1, 0, -1, 0, 0, 0, 0, 0.0, 0, 1, 1], [1, 0, 6, 0, 0, 0, -1, 0, 0, 0, 1, 0.0, 0, 0, 0], [0, 0, 1, 0, 0, 0, -1, 0, 0, 0, 0, 0.0, 0, 0, 0], [0, 0, 2, 0, 0, 0, -1, 0, 0, 0, 0, 0.0, 0, 0, 0], [0, 0, 6, 0, 0, 0, -1, 0, 0, 0, 0, 0.0, 0, 0, 0], [0, 0, 6, 0, 0, 0, -1, 0, 0, 0, 0, 0.0, 0, 0, 0], [0, 0, 6, 0, 0, 0, -1, 0, 0, 0, 0, 0.0, 0, 0, 0], [0, 0, 1, 0, 0, 0, -1, 0, 0, 0, 0, 0.0, 0, 0, 0], [0, 0, 6, 0, 0, 0, -1, 0, 0, 0, 0, 0.0, 0, 0, 0], [0, 0, 1, 0, 0, 0, -1, 0, 0, 0, 0, 0.0, 0, 0, 0], [0, 0, 6, 0, 0, 0, -1, 0, 0, 0, 0, 0.0, 0, 0, 0], [0, 0, 4, 0, 0, 0, -1, 0, 0, 0, 0, 0.0, 0, 0, 0], [0, 0, 1, 0, 0, 0, -1, 0, 0, 0, 0, 0.0, 0, 0, 0], [0, 1, 6, 0, 0, 0, -1, 0, 0, 0, 0, 0.0, 0, 1, 1], [0, 0, 6, 0, 0, 0, -1, 0, 0, 0, 0, 0.0, 0, 0, 0], [0, 0, 1, 0, 0, 0, -1, 0, 0, 0, 0, 0.0, 0, 0, 0], [0, 0, 6, 0, 0, 0, -1, 0, 0, 0, 0, 0.0, 0, 0, 0], [0, 0, 1, 0, 0, 0, -1, 0, 0, 0, 0, 0.0, 0, 0, 0], [0, 0, 6, 0, 0, 0, -1, 0, 0, 0, 0, 0.0, 0, 0, 0], [0, 1, 6, 0, 0, 0, -1, 0, 0, 0, 0, 0.0, 0, 1, 0], [0, 1, 3, 0, 1, 0, -1, 0, 0, 0, 0, 0.0, 0, 1, 0], [0, 1, 3, 0, 0, 0, -1, 0, 0, 0, 0, 0.0, 0, 0, 0], [0, 0, 3, 0, 0, 0, -1, 0, 0, 0, 0, 0.0, 0, 0, 0], [0, 0, 6, 0, 0, 0, -1, 0, 0, 0, 0, 0.0, 0, 1, 0], [0, 0, 1, 0, 0, 0, -1, 0, 0, 0, 0, 0.0, 0, 0, 0], [0, 0, 4, 0, 0, 0, -1, 0, 0, 0, 0, 0.0, 0, 0, 0], [0, 0, 6, 0, 0, 0, -1, 0, 0, 0, 0, 0.0, 0, 0, 0], [0, 1, 6, 0, 0, 0, -1, 0, 0, 0, 0, 0.0, 0, 0, 0], [0, 0, 1, 0, 0, 0, -1, 0, 0, 0, 0, 0.0, 0, 0, 0], [0, 0, 5, 0, 0, 0, -1, 0, 0, 0, 0, 0.0, 0, 0, 0], [0, 1, 4, 0, 0, 0, -1, 0, 0, 0, 1, 0.0, 0, 1, 1], [0, 0, 2, 0, 0, 0, -1, 0, 0, 0, 0, 0.0, 0, 0, 0], [0, 0, 6, 0, 0, 0, -1, 0, 0, 0, 0, 0.0, 0, 0, 0], [0, 0, 3, 0, 0, 0, -1, 0, 0, 0, 0, 0.0, 0, 0, 0], [0, 1, 6, 0, 0, 0, -1, 0, 0, 0, 1, 0.0, 0, 1, 1], [0, 0, 1, 0, 0, 0, -1, 0, 0, 0, 0, 0.0, 0, 0, 0], [0, 0, 3, 0, 0, 0, -1, 0, 0, 0, 0, 0.0, 0, 0, 0], [0, 0, 3, 0, 0, 0, -1, 0, 0, 0, 0, 0.0, 0, 0, 0], [0, 0, 1, 0, 0, 0, -1, 0, 0, 0, 0, 0.0, 0, 0, 0], [0, 0, 6, 0, 0, 0, -1, 0, 0, 0, 0, 0.0, 0, 0, 0], [0, 0, 6, 0, 0, 0, -1, 0, 0, 0, 0, 0.0, 0, 0, 0], [0, 0, 2, 0, 0, 0, -1, 0, 0, 0, 1, 0.0, 0, 1, 0], [0, 0, 2, 0, 0, 0, -1, 0, 0, 0, 0, 0.0, 0, 0, 0], [0, 0, 2, 0, 0, 0, -1, 0, 0, 0, 0, 0.0, 0, 0, 0], [0, 0, 6, 0, 0, 0, -1, 0, 0, 0, 0, 0.0, 0, 0, 0], [0, 0, 6, 0, 0, 0, -1, 0, 0, 0, 0, 0.0, 0, 0, 0], [0, 0, 6, 0, 0, 0, -1, 0, 0, 0, 0, 0.0, 0, 0, 0], [0, 0, 6, 0, 0, 0, -1, 0, 0, 0, 0, 0.0, 0, 0, 0], [0, 0, 3, 0, 0, 0, -1, 0, 0, 0, 0, 0.0, 0, 0, 0], [0, 0, 6, 0, 0, 0, -1, 0, 0, 0, 0, 0.0, 0, 0, 0], [0, 0, 6, 0, 0, 0, -1, 0, 0, 0, 0, 0.0, 0, 0, 0], [0, 0, 2, 0, 0, 0, -1, 0, 0, 0, 0, 0.0, 0, 0, 0], [0, 0, 2, 0, 0, 0, -1, 0, 0, 0, 0, 0.0, 0, 0, 0], [0, 1, 6, 0, 0, 0, -1, 0, 0, 0, 0, 0.0, 0, 1, 0], [0, 1, 2, 0, 0, 0, -1, 0, 0, 0, 0, 0.0, 0, 1, 1], [0, 0, 6, 0, 0, 0, -1, 0, 0, 0, 0, 0.0, 0, 0, 0], [0, 0, 1, 0, 0, 0, -1, 0, 0, 0, 0, 0.0, 0, 0, 0], [0, 0, 5, 0, 0, 0, -1, 0, 0, 0, 0, 0.0, 0, 0, 0], [0, 0, 6, 0, 0, 0, -1, 0, 0, 0, 0, 0.0, 0, 0, 0], [0, 0, 6, 0, 0, 0, -1, 0, 0, 0, 1, 0.0, 0, 1, 0], [0, 1, 6, 0, 0, 0, -1, 0, 0, 0, 0, 0.0, 0, 0, 0], [0, 0, 1, 0, 0, 0, -1, 0, 0, 0, 0, 0.0, 0, 0, 0], [1, 0, 2, 0, 0, 0, -1, 0, 1, 1, 1, 0.0, 0, 1, 0], [0, 0, 6, 0, 0, 0, -1, 0, 0, 0, 0, 0.0, 0, 0, 0], [0, 0, 1, 0, 0, 0, -1, 0, 0, 0, 0, 0.0, 0, 0, 0], [0, 0, 6, 0, 0, 0, -1, 0, 0, 0, 0, 0.0, 0, 0, 0], [0, 0, 1, 0, 0, 0, -1, 0, 0, 0, 0, 0.0, 0, 0, 0], [1, 0, 6, 0, 0, 0, -1, 0, 0, 0, 1, 0.0, 0, 0, 0], [0, 0, 1, 0, 0, 0, -1, 0, 0, 0, 0, 0.0, 0, 0, 0], [1, 0, 1, 0, 0, 0, -1, 1, 1, 1, 1, 0.0, 0, 0, 0], [0, 0, 4, 0, 0, 0, -1, 0, 0, 0, 0, 0.0, 0, 0, 0], [0, 0, 3, 0, 0, 0, -1, 0, 0, 0, 0, 0.0, 0, 0, 0], [0, 0, 6, 0, 0, 0, -1, 0, 0, 0, 0, 0.0, 0, 0, 0], [0, 0, 2, 0, 0, 0, -1, 0, 0, 0, 0, 0.0, 0, 0, 0], [0, 1, 4, 0, 0, 0, -1, 0, 0, 0, 1, 0.0, 0, 1, 1], [0, 0, 6, 0, 0, 0, -1, 0, 0, 0, 0, 0.0, 0, 0, 0], [0, 0, 6, 0, 0, 0, -1, 0, 0, 0, 0, 0.0, 0, 0, 0], [0, 0, 6, 0, 0, 0, -1, 0, 0, 0, 0, 0.0, 0, 0, 0], [0, 0, 2, 0, 0, 0, -1, 0, 0, 0, 0, 0.0, 0, 0, 0], [0, 0, 6, 0, 0, 0, -1, 0, 0, 0, 0, 0.0, 0, 0, 0], [0, 1, 3, 0, 0, 0, -1, 0, 0, 0, 1, 0.0, 0, 1, 0], [0, 0, 1, 0, 0, 0, -1, 0, 0, 0, 0, 0.0, 0, 0, 0], [0, 0, 6, 0, 0, 0, -1, 0, 0, 0, 0, 0.0, 0, 0, 0], [0, 0, 1, 0, 0, 0, -1, 0, 0, 0, 0, 0.0, 0, 0, 0], [0, 1, 2, 0, 1, 0, -1, 0, 0, 0, 0, 0.0, 0, 0, 0], [1, 1, 3, 0, 1, 0, -1, 1, 0, 0, 1, 0.0, 0, 1, 1], [0, 0, 6, 0, 0, 0, -1, 0, 0, 0, 0, 0.0, 0, 0, 0], [0, 0, 1, 0, 0, 0, -1, 0, 0, 0, 0, 0.0, 0, 0, 0], [0, 0, 1, 0, 0, 0, -1, 0, 0, 0, 0, 0.0, 0, 0, 0], [0, 0, 6, 0, 0, 0, -1, 0, 0, 0, 0, 0.0, 0, 0, 0], [1, 0, 1, 0, 0, 0, -1, 1, 1, 1, 1, 0.0, 0, 0, 0], [0, 0, 6, 0, 0, 0, -1, 0, 0, 0, 0, 0.0, 0, 0, 0], [0, 0, 2, 0, 0, 0, -1, 0, 0, 0, 0, 0.0, 0, 0, 0], [0, 0, 6, 0, 0, 0, -1, 0, 0, 0, 0, 0.0, 0, 0, 0], [0, 0, 3, 0, 0, 0, -1, 0, 0, 0, 0, 0.0, 0, 0, 0], [0, 0, 6, 0, 0, 0, -1, 0, 0, 0, 0, 0.0, 0, 0, 0], [0, 0, 1, 0, 0, 0, -1, 0, 0, 0, 0, 0.0, 0, 0, 0], [0, 1, 6, 0, 0, 0, -1, 0, 0, 0, 1, 0.0, 0, 0, 0], [0, 0, 2, 0, 0, 0, -1, 0, 0, 0, 0, 0.0, 0, 0, 0], [0, 0, 6, 0, 0, 0, -1, 0, 0, 0, 0, 0.0, 0, 0, 0], [0, 0, 2, 0, 0, 0, -1, 0, 0, 0, 0, 0.0, 0, 0, 0], [0, 0, 6, 0, 0, 0, -1, 0, 0, 0, 0, 0.0, 0, 0, 0], [0, 1, 6, 0, 0, 0, -1, 0, 0, 0, 0, 0.0, 0, 1, 0], [1, 1, 2, 0, 1, 0, -1, 1, 0, 1, 1, 0.0, 0, 1, 1], [0, 0, 1, 0, 0, 0, -1, 0, 0, 0, 1, 0.0, 0, 1, 0], [0, 0, 2, 0, 0, 0, -1, 0, 0, 0, 0, 0.0, 0, 0, 0], [0, 1, 2, 0, 0, 0, -1, 0, 0, 0, 1, 0.0, 0, 1, 0], [0, 0, 4, 0, 0, 0, -1, 0, 0, 0, 0, 0.0, 0, 0, 0], [0, 0, 1, 0, 0, 0, -1, 0, 0, 0, 0, 0.0, 0, 1, 0], [0, 0, 1, 0, 0, 0, -1, 0, 0, 0, 0, 0.0, 0, 0, 0], [0, 0, 1, 0, 0, 0, -1, 0, 0, 0, 0, 0.0, 0, 0, 0], [0, 0, 1, 0, 0, 0, -1, 0, 0, 0, 0, 0.0, 0, 0, 0], [0, 0, 6, 0, 0, 0, -1, 0, 0, 0, 0, 0.0, 0, 0, 0], [0, 0, 6, 0, 0, 0, -1, 0, 0, 0, 0, 0.0, 0, 0, 0], [0, 0, 6, 0, 0, 0, -1, 0, 0, 0, 0, 0.0, 0, 0, 0], [0, 0, 3, 0, 0, 0, -1, 0, 0, 0, 0, 0.0, 0, 0, 0], [0, 0, 1, 0, 0, 0, -1, 0, 0, 0, 0, 0.0, 0, 0, 0], [0, 0, 6, 0, 0, 0, -1, 0, 0, 0, 0, 0.0, 0, 0, 0], [0, 0, 4, 0, 0, 0, -1, 0, 0, 0, 0, 0.0, 0, 0, 0], [0, 0, 6, 0, 0, 0, -1, 0, 0, 0, 0, 0.0, 0, 0, 0], [0, 0, 5, 0, 0, 0, -1, 0, 0, 0, 1, 0.0, 0, 0, 0], [0, 0, 2, 0, 0, 0, -1, 0, 0, 0, 0, 0.0, 0, 0, 0], [0, 0, 6, 0, 0, 0, -1, 0, 0, 0, 0, 0.0, 0, 0, 0], [0, 0, 1, 0, 0, 0, -1, 0, 0, 0, 0, 0.0, 0, 0, 0], [0, 0, 3, 0, 0, 0, -1, 0, 0, 0, 0, 0.0, 0, 0, 0], [0, 0, 1, 0, 0, 0, -1, 0, 0, 0, 0, 0.0, 0, 0, 0], [0, 0, 2, 0, 0, 0, -1, 0, 0, 0, 0, 0.0, 0, 0, 0], [0, 0, 6, 0, 0, 0, -1, 0, 0, 0, 0, 0.0, 0, 0, 0], [0, 1, 6, 0, 0, 0, -1, 0, 0, 0, 0, 0.0, 0, 0, 0], [0, 0, 3, 0, 0, 0, -1, 0, 0, 0, 0, 0.0, 0, 0, 0], [0, 0, 6, 0, 0, 0, -1, 0, 0, 0, 0, 0.0, 0, 0, 0], [0, 0, 6, 0, 0, 0, -1, 0, 0, 0, 0, 0.0, 0, 0, 0], [0, 0, 3, 0, 0, 0, -1, 0, 0, 0, 0, 0.0, 0, 0, 0], [0, 0, 4, 0, 0, 0, -1, 0, 0, 0, 0, 0.0, 0, 0, 0], [0, 0, 2, 0, 0, 0, -1, 0, 0, 0, 0, 0.0, 0, 0, 0], [0, 0, 1, 0, 0, 0, -1, 0, 0, 0, 0, 0.0, 0, 0, 0], [0, 0, 6, 0, 0, 0, -1, 0, 0, 0, 0, 0.0, 0, 0, 0], [0, 0, 6, 0, 0, 0, -1, 0, 0, 0, 0, 0.0, 0, 0, 0], [0, 0, 6, 0, 0, 0, -1, 0, 0, 0, 0, 0.0, 0, 0, 0], [0, 0, 6, 0, 0, 0, -1, 0, 0, 0, 0, 0.0, 0, 0, 0], [0, 0, 1, 0, 0, 0, -1, 0, 0, 0, 0, 0.0, 0, 0, 0], [0, 0, 1, 0, 0, 0, -1, 0, 0, 0, 0, 0.0, 0, 0, 0], [0, 0, 2, 0, 0, 0, -1, 0, 0, 0, 0, 0.0, 0, 0, 0], [0, 0, 6, 0, 0, 0, -1, 0, 0, 0, 0, 0.0, 0, 0, 0], [1, 1, 6, 0, 0, 0, -1, 0, 0, 0, 1, 0.0, 0, 1, 1], [0, 0, 2, 0, 0, 0, -1, 0, 0, 0, 0, 0.0, 0, 0, 0], [0, 0, 1, 0, 0, 0, -1, 0, 0, 0, 0, 0.0, 0, 0, 0], [0, 0, 1, 0, 0, 0, -1, 0, 0, 0, 0, 0.0, 0, 0, 0], [0, 1, 2, 0, 1, 0, -1, 0, 0, 0, 0, 0.0, 0, 1, 1], [0, 0, 1, 0, 0, 0, -1, 0, 0, 0, 0, 0.0, 0, 0, 0], [0, 1, 3, 0, 1, 0, -1, 0, 0, 0, 0, 0.0, 0, 1, 1], [0, 0, 1, 0, 0, 0, -1, 0, 0, 0, 0, 0.0, 0, 0, 0], [0, 0, 6, 0, 0, 0, -1, 0, 0, 0, 0, 0.0, 0, 0, 0], [0, 0, 1, 0, 0, 0, -1, 0, 0, 0, 0, 0.0, 0, 0, 0], [0, 0, 6, 0, 0, 0, -1, 0, 0, 0, 0, 0.0, 0, 0, 0], [0, 1, 6, 0, 0, 0, -1, 0, 0, 0, 0, 0.0, 0, 0, 0], [0, 0, 6, 0, 0, 0, -1, 0, 0, 0, 0, 0.0, 0, 0, 0], [0, 0, 6, 0, 0, 0, -1, 0, 0, 0, 0, 0.0, 0, 0, 0], [0, 0, 6, 0, 0, 0, -1, 0, 0, 0, 0, 0.0, 0, 0, 0], [0, 0, 6, 0, 0, 0, -1, 0, 0, 0, 0, 0.0, 0, 1, 0], [0, 0, 6, 0, 0, 0, -1, 0, 0, 0, 1, 0.0, 0, 0, 0], [0, 0, 1, 0, 0, 0, -1, 0, 0, 0, 0, 0.0, 0, 0, 0], [0, 0, 1, 0, 0, 0, -1, 0, 0, 0, 0, 0.0, 0, 0, 0], [0, 0, 2, 0, 0, 0, -1, 0, 0, 0, 0, 0.0, 0, 0, 0], [0, 0, 1, 0, 0, 0, -1, 0, 0, 0, 0, 0.0, 0, 0, 0], [0, 0, 3, 0, 0, 0, -1, 0, 0, 0, 0, 0.0, 0, 0, 0], [0, 0, 6, 0, 0, 0, -1, 0, 0, 0, 0, 0.0, 0, 1, 0], [0, 0, 6, 0, 0, 0, -1, 0, 0, 0, 0, 0.0, 0, 1, 0], [0, 0, 1, 0, 0, 0, -1, 0, 0, 0, 0, 0.0, 0, 0, 0], [0, 1, 3, 0, 0, 0, -1, 0, 0, 0, 0, 0.0, 0, 0, 0], [1, 0, 1, 0, 0, 0, -1, 1, 1, 1, 1, 0.0, 0, 1, 0], [0, 0, 3, 0, 0, 0, -1, 0, 0, 0, 0, 0.0, 0, 0, 0], [0, 0, 4, 0, 0, 0, -1, 0, 0, 0, 0, 0.0, 0, 0, 0], [0, 0, 1, 0, 0, 0, -1, 0, 0, 0, 0, 0.0, 0, 0, 0], [0, 0, 6, 0, 0, 0, -1, 0, 0, 0, 0, 0.0, 0, 0, 0], [0, 0, 6, 0, 0, 0, -1, 0, 0, 0, 0, 0.0, 0, 0, 0], [0, 1, 6, 0, 1, 0, -1, 0, 0, 0, 0, 0.0, 0, 1, 0], [0, 0, 2, 0, 0, 0, -1, 0, 0, 0, 0, 0.0, 0, 0, 0], [0, 0, 2, 0, 0, 0, -1, 0, 0, 0, 0, 0.0, 0, 0, 0], [0, 0, 6, 0, 0, 0, -1, 0, 0, 0, 0, 0.0, 0, 0, 0], [0, 0, 6, 0, 0, 0, -1, 0, 0, 0, 0, 0.0, 0, 0, 0], [0, 0, 3, 0, 0, 0, -1, 0, 0, 0, 0, 0.0, 0, 0, 0], [0, 0, 2, 0, 0, 0, -1, 0, 0, 0, 0, 0.0, 0, 0, 0], [0, 0, 1, 0, 0, 0, -1, 0, 0, 0, 0, 0.0, 0, 0, 0], [0, 1, 3, 0, 1, 0, -1, 0, 0, 0, 0, 0.0, 0, 1, 0], [0, 0, 6, 0, 0, 0, -1, 0, 0, 0, 0, 0.0, 0, 0, 0], [0, 0, 6, 0, 0, 0, -1, 0, 0, 0, 0, 0.0, 0, 0, 0], [0, 0, 1, 0, 0, 0, -1, 0, 0, 0, 0, 0.0, 0, 0, 0], [0, 0, 2, 0, 0, 0, -1, 0, 0, 0, 0, 0.0, 0, 0, 0], [0, 1, 3, 0, 0, 0, -1, 0, 0, 0, 1, 0.0, 0, 1, 0], [0, 0, 1, 0, 0, 0, -1, 0, 0, 0, 0, 0.0, 0, 0, 0], [0, 0, 1, 0, 0, 0, -1, 0, 0, 0, 0, 0.0, 0, 0, 0], [0, 0, 1, 0, 0, 0, -1, 0, 0, 0, 0, 0.0, 0, 0, 0], [0, 0, 6, 0, 0, 0, -1, 0, 0, 0, 1, 0.0, 0, 0, 0], [0, 0, 3, 0, 0, 0, -1, 0, 0, 0, 0, 0.0, 0, 0, 0], [0, 0, 6, 0, 0, 0, -1, 0, 0, 0, 0, 0.0, 0, 0, 0], [0, 0, 2, 0, 0, 0, -1, 0, 0, 0, 0, 0.0, 0, 0, 0], [0, 0, 6, 0, 0, 0, -1, 0, 0, 0, 0, 0.0, 0, 0, 0], [0, 0, 6, 0, 0, 0, -1, 0, 0, 0, 0, 0.0, 0, 0, 0], [0, 0, 6, 0, 0, 0, -1, 0, 0, 0, 0, 0.0, 0, 0, 0], [0, 0, 6, 0, 0, 0, -1, 0, 0, 0, 1, 0.0, 0, 0, 0], [1, 0, 1, 0, 0, 0, -1, 1, 1, 1, 1, 0.0, 0, 1, 0], [1, 0, 1, 0, 0, 0, -1, 1, 1, 1, 1, 0.0, 0, 1, 0], [0, 0, 1, 0, 0, 0, -1, 0, 0, 0, 0, 0.0, 0, 0, 0], [0, 0, 6, 0, 0, 0, -1, 0, 0, 0, 0, 0.0, 0, 0, 0], [0, 0, 6, 0, 0, 0, -1, 0, 0, 0, 0, 0.0, 0, 0, 0], [0, 0, 2, 0, 0, 0, -1, 0, 0, 0, 0, 0.0, 0, 0, 0], [0, 0, 6, 0, 0, 0, -1, 0, 0, 0, 0, 0.0, 0, 0, 0], [0, 0, 6, 0, 0, 0, -1, 0, 0, 0, 1, 0.0, 0, 1, 0], [0, 0, 6, 0, 0, 0, -1, 0, 0, 0, 0, 0.0, 0, 0, 0], [0, 0, 6, 0, 0, 0, -1, 0, 0, 0, 0, 0.0, 0, 0, 0], [0, 0, 6, 0, 0, 0, -1, 0, 0, 0, 0, 0.0, 0, 0, 0], [0, 0, 1, 0, 0, 0, -1, 0, 0, 0, 0, 0.0, 0, 0, 0], [0, 0, 1, 0, 0, 0, -1, 0, 0, 0, 0, 0.0, 0, 0, 0], [0, 0, 1, 0, 0, 0, -1, 0, 0, 0, 0, 0.0, 0, 0, 0], [0, 0, 1, 0, 0, 0, -1, 0, 0, 0, 0, 0.0, 0, 0, 0], [0, 0, 1, 0, 0, 0, -1, 0, 0, 0, 0, 0.0, 0, 0, 0], [0, 0, 6, 0, 0, 0, -1, 0, 0, 0, 0, 0.0, 0, 0, 0], [0, 0, 6, 0, 0, 0, -1, 0, 0, 0, 0, 0.0, 0, 0, 0], [0, 0, 1, 0, 0, 0, -1, 0, 0, 0, 0, 0.0, 0, 0, 0], [0, 0, 1, 0, 0, 0, -1, 0, 0, 0, 0, 0.0, 0, 0, 0], [0, 0, 6, 0, 0, 0, -1, 0, 0, 0, 0, 0.0, 0, 0, 0], [0, 0, 6, 0, 0, 0, -1, 0, 0, 0, 0, 0.0, 0, 0, 0], [0, 0, 1, 0, 0, 0, -1, 0, 0, 0, 0, 0.0, 0, 0, 0], [0, 0, 4, 0, 0, 0, -1, 0, 0, 0, 0, 0.0, 0, 0, 0], [0, 0, 4, 0, 0, 0, -1, 0, 0, 0, 0, 0.0, 0, 0, 0], [0, 0, 1, 0, 0, 0, -1, 0, 0, 0, 0, 0.0, 0, 0, 0], [0, 0, 1, 0, 0, 0, -1, 0, 0, 0, 0, 0.0, 0, 0, 0], [0, 0, 5, 0, 0, 0, -1, 0, 0, 0, 0, 0.0, 0, 0, 0], [0, 0, 6, 0, 0, 0, -1, 0, 0, 0, 0, 0.0, 0, 0, 0], [1, 0, 5, 0, 0, 0, -1, 0, 1, 0, 1, 0.0, 0, 0, 0], [0, 0, 2, 0, 0, 0, -1, 0, 0, 0, 0, 0.0, 0, 1, 0], [0, 0, 1, 0, 0, 0, -1, 0, 0, 0, 0, 0.0, 0, 0, 0], [0, 0, 6, 0, 0, 0, -1, 0, 0, 0, 0, 0.0, 0, 0, 1], [0, 0, 6, 0, 0, 0, -1, 0, 0, 0, 0, 0.0, 0, 0, 0], [0, 0, 3, 0, 0, 0, -1, 0, 0, 0, 0, 0.0, 0, 0, 0], [0, 0, 6, 0, 0, 0, -1, 0, 0, 0, 0, 0.0, 0, 1, 0], [0, 0, 6, 0, 0, 0, -1, 0, 0, 0, 0, 0.0, 0, 0, 0], [0, 1, 3, 0, 0, 0, -1, 0, 0, 0, 0, 0.0, 0, 1, 0], [0, 0, 1, 0, 0, 0, -1, 0, 0, 0, 0, 0.0, 0, 0, 0], [0, 0, 6, 0, 0, 0, -1, 0, 0, 0, 0, 0.0, 0, 0, 0], [0, 1, 2, 0, 0, 0, -1, 0, 0, 0, 1, 0.0, 0, 1, 0], [0, 0, 1, 0, 0, 0, -1, 0, 0, 0, 0, 0.0, 0, 0, 0], [0, 0, 6, 0, 0, 0, -1, 0, 0, 0, 0, 0.0, 0, 0, 0], [0, 0, 6, 0, 0, 0, -1, 0, 0, 0, 0, 0.0, 0, 0, 0], [0, 0, 1, 0, 0, 0, -1, 0, 0, 0, 0, 0.0, 0, 0, 0], [0, 0, 6, 0, 0, 0, -1, 0, 0, 0, 0, 0.0, 0, 0, 0], [0, 1, 6, 0, 0, 0, -1, 0, 0, 0, 0, 0.0, 0, 0, 0], [0, 0, 6, 0, 0, 0, -1, 0, 0, 0, 0, 0.0, 0, 0, 0], [0, 0, 1, 0, 0, 0, -1, 0, 0, 0, 0, 0.0, 0, 0, 0], [0, 0, 6, 0, 0, 0, -1, 0, 0, 0, 0, 0.0, 0, 0, 0], [0, 1, 6, 0, 0, 0, -1, 0, 0, 0, 0, 0.0, 0, 0, 0], [0, 0, 1, 0, 0, 0, -1, 0, 0, 0, 0, 0.0, 0, 0, 0], [0, 0, 6, 0, 0, 0, -1, 0, 0, 0, 0, 0.0, 0, 0, 0], [0, 1, 6, 0, 0, 0, -1, 0, 0, 0, 1, 0.0, 0, 0, 0]]}
{
  "overall": "NO_TASK",
  "gates": {
    "G_arc_enc_frozen": true,
    "G_ink_verified": true,
    "G_task_exists": false,
    "G_exact_algebra_matches_tape": true,
    "G_lookup_beats_floor": false,
    "G_lookup_beats_counts_paired": false,
    "G_lookup_beats_retrieval_paired": false,
    "G_phi_orders_negatives": false
  },
  "lookup": {},
  "paired": {
    "model_only_right": 0,
    "rival_only_right": 0,
    "discordant": 0,
    "mcnemar_z": NaN
  },
  "ladder": {
    "n_questions": 0,
    "pairs": 0,
    "concordant": 0,
    "ties_excluded": 0,
    "import_budget_zero_rate": 0.0,
    "import_budget_mean": 0.0,
    "concordance": NaN,
    "z_vs_half": NaN,
    "mean_phi": {
      "true": NaN,
      "near": NaN,
      "middle": NaN,
      "far": NaN
    }
  }
}
