Stage289 derivation start 2026-08-16T16:06:53.634595+00:00 device=cpu holdout=corpus
  corpus data\_wikitext103_train.txt
  lines: train 7324, eval 3139 (the probe reserves ANCHORS, not lines - see `reserved`)
  word rule matches stage194: True  (rule=ascii, fp=hash, ink=mean)
  hash ink deterministic and digest-faithful: True  {'anagram_cos': -0.0135, 'perm_fixed_points': 1}
  tape: 1500 addresses, 6245 slots | questions {"reach": 2000, "count": 1156} | params 21505
  node vector 9 wide, matches the body
  ladder coverage: 0/0 lookup questions have all three rungs; the rest train on the task term alone
  probe pack: 2832 reserved addresses (18s to build)
  probe tape: 60 lookup questions, never trained on; 0 graphs cached (1 view(s)/question) in 0s
  probe eval: 1.50s x 4 = 0.1 min added to this run
  step 500/4000 train=0.9162 probe=nan
  step 1000/4000 train=0.8733 probe=0.6375
  step 1500/4000 train=0.8668 probe=0.6375
  step 2000/4000 train=0.8940 probe=0.6955
  step 2500/4000 train=0.8905 probe=0.6955
  step 3000/4000 train=0.8694 probe=0.7043
  step 3500/4000 train=0.8851 probe=0.7043
  step 4000/4000 train=0.8574 probe=0.6984
  early stop: restored step 1000 (probe 0.6375) of 4000
  mind saved to out\mind342_d64_s8642.pt
  REACH {"rival_threshold": 2.0, "places": 8, "cands_cap": 8, "no_refuse": true, "lookahead": true, "frame_fp": "fillers", "import": "walk", "home_cos": false, "line_step": false, "confirm": false, "conf_window": 0, "home_cos_stage": "both", "speak_batch": 0, "speak_weight": 1.0, "gamma": 1.0, "equal_tails": false, "deep_root": "mind", "two_way": false, "stage2_always": 0.0, "depth": 1, "compass": "cos", "held_out": {"n": 2000, "reachable_rate": 0.1325, "mean_candidates": 7.9435, "question_rank": {"n": 2000, "answerable": {"base_rate": 0.1325, "k": [200, 500, 265], "mind_margin": {"auc": 0.7276243814909467, "prec": [0.39, 0.304, 0.3320754716981132]}, "mind_score": {"auc": 0.45817954434234137, "prec": [0.045, 0.05, 0.04150943396226415]}, "count_n_own": {"auc": 0.45748028927192647, "prec": [0.035, 0.048, 0.033962264150943396]}, "count_top_share": {"auc": 0.702006416181828, "prec": [0.3, 0.246, 0.27169811320754716]}}, "ceiling": {"base_rate": 0.181, "k": [200, 500, 362], "mind_margin": {"auc": 0.7433426763537261, "prec": [0.53, 0.402, 0.36464088397790057]}, "mind_score": {"auc": 0.4848639696705995, "prec": [0.125, 0.122, 0.10220994475138122]}, "count_n_own": {"auc": 0.5180493999554773, "prec": [0.095, 0.11, 0.09392265193370165]}, "count_top_share": {"auc": 0.6319651036501865, "prec": [0.34, 0.28, 0.30939226519337015]}}, "right": {"base_rate": 0.0705, "k": [200, 500, 141], "mind_margin": {"auc": 0.9077308398093995, "prec": [0.445, 0.25, 0.48936170212765956]}, "mind_score": {"auc": 0.45849213525154603, "prec": [0.035, 0.026, 0.04964539007092199]}, "count_n_own": {"auc": 0.4587687271811658, "prec": [0.01, 0.012, 0.0070921985815602835]}, "count_top_share": {"auc": 0.6501608048252893, "prec": [0.16, 0.11, 0.1773049645390071]}}}, "gate": {"n": 2000, "ungated_hit_rate": 0.0705, "ungated_payoff": -0.859, "always_silent": 0.966875, "fractions": [0.05, 0.1, 0.25, 0.5], "0.05": {"k": 100, "mind": {"precision": 0.6, "yield": 60, "payoff": 0.9335, "gain": -0.033375000000000044}, "count_n_own": {"precision": 0.0, "yield": 0, "payoff": 0.867, "gain": -0.09987500000000005}, "count_top_share": {"precision": 0.21, "yield": 21, "payoff": 0.89175, "gain": -0.075125}, "random": {"precision": 0.06, "yield": 6, "payoff": 0.874125, "gain": -0.09275}, "composition": {"confirm": 51, "walk_only": 14, "neither": 35, "right_confirm": 47, "right_walk_only": 13}, "vs_count_n_own": {"mind_only": 60, "rival_only": 0, "mcnemar_z": 7.745966692414833}, "vs_count_top_share": {"mind_only": 48, "rival_only": 9, "mcnemar_z": 5.165676192553671}}, "0.10": {"k": 200, "mind": {"precision": 0.445, "yield": 89, "payoff": 0.865625, "gain": -0.10125000000000006}, "count_n_own": {"precision": 0.01, "yield": 2, "payoff": 0.76975, "gain": -0.197125}, "count_top_share": {"precision": 0.16, "yield": 32, "payoff": 0.806375, "gain": -0.1605000000000001}, "random": {"precision": 0.075, "yield": 15, "payoff": 0.785, "gain": -0.181875}, "composition": {"confirm": 88, "walk_only": 18, "neither": 94, "right_confirm": 76, "right_walk_only": 13}, "vs_count_n_own": {"mind_only": 88, "rival_only": 1, "mcnemar_z": 9.221981556055333}, "vs_count_top_share": {"mind_only": 64, "rival_only": 7, "mcnemar_z": 6.7646554517049635}}, "0.25": {"k": 500, "mind": {"precision": 0.25, "yield": 125, "payoff": 0.610875, "gain": -0.3560000000000001}, "count_n_own": {"precision": 0.012, "yield": 6, "payoff": 0.475875, "gain": -0.49100000000000005}, "count_top_share": {"precision": 0.11, "yield": 55, "payoff": 0.53725, "gain": -0.42962500000000003}, "random": {"precision": 0.076, "yield": 38, "payoff": 0.512125, "gain": -0.45475}, "composition": {"confirm": 172, "walk_only": 29, "neither": 299, "right_confirm": 112, "right_walk_only": 13}, "vs_count_n_own": {"mind_only": 121, "rival_only": 2, "mcnemar_z": 10.729868652542443}, "vs_count_top_share": {"mind_only": 74, "rival_only": 4, "mcnemar_z": 7.92593923901217}}, "0.50": {"k": 1000, "mind": {"precision": 0.138, "yield": 138, "payoff": 0.131375, "gain": -0.8355}, "count_n_own": {"precision": 0.05, "yield": 50, "payoff": 0.03025, "gain": -0.936625}, "count_top_share": {"precision": 0.096, "yield": 96, "payoff": 0.086625, "gain": -0.8802500000000001}, "random": {"precision": 0.083, "yield": 83, "payoff": 0.0675, "gain": -0.899375}, "composition": {"confirm": 236, "walk_only": 52, "neither": 712, "right_confirm": 125, "right_walk_only": 13}, "vs_count_n_own": {"mind_only": 91, "rival_only": 3, "mcnemar_z": 9.076506967077382}, "vs_count_top_share": {"mind_only": 42, "rival_only": 0, "mcnemar_z": 6.48074069840786}}}, "gate_walk_only": {"n": 94, "ungated_hit_rate": 0.13829787234042554, "ungated_payoff": -0.723404255319149, "always_silent": 0.75, "fractions": [0.05, 0.1, 0.25, 0.5], "0.05": {"k": 5, "mind": {"precision": 1.0, "yield": 5, "payoff": 0.7632978723404256, "gain": 0.013297872340425565}, "count_n_own": {"precision": 0.0, "yield": 0, "payoff": 0.6569148936170213, "gain": -0.09308510638297873}, "count_top_share": {"precision": 0.0, "yield": 0, "payoff": 0.6569148936170213, "gain": -0.09308510638297873}, "random": {"precision": 0.0, "yield": 0, "payoff": 0.6569148936170213, "gain": -0.09308510638297873}, "composition": {"confirm": 0, "walk_only": 5, "neither": 0, "right_confirm": 0, "right_walk_only": 5}, "vs_count_n_own": {"mind_only": 5, "rival_only": 0, "mcnemar_z": 2.23606797749979}, "vs_count_top_share": {"mind_only": 5, "rival_only": 0, "mcnemar_z": 2.23606797749979}}, "0.10": {"k": 9, "mind": {"precision": 1.0, "yield": 9, "payoff": 0.773936170212766, "gain": 0.02393617021276595}, "count_n_own": {"precision": 0.0, "yield": 0, "payoff": 0.5824468085106383, "gain": -0.16755319148936165}, "count_top_share": {"precision": 0.1111111111111111, "yield": 1, "payoff": 0.6037234042553191, "gain": -0.14627659574468088}, "random": {"precision": 0.0, "yield": 0, "payoff": 0.5824468085106383, "gain": -0.16755319148936165}, "composition": {"confirm": 0, "walk_only": 9, "neither": 0, "right_confirm": 0, "right_walk_only": 9}, "vs_count_n_own": {"mind_only": 9, "rival_only": 0, "mcnemar_z": 3.0}, "vs_count_top_share": {"mind_only": 9, "rival_only": 1, "mcnemar_z": 2.5298221281347035}}, "0.25": {"k": 24, "mind": {"precision": 0.5416666666666666, "yield": 13, "payoff": 0.5797872340425532, "gain": -0.17021276595744683}, "count_n_own": {"precision": 0.0, "yield": 0, "payoff": 0.30319148936170215, "gain": -0.44680851063829785}, "count_top_share": {"precision": 0.08333333333333333, "yield": 2, "payoff": 0.34574468085106386, "gain": -0.40425531914893614}, "random": {"precision": 0.08333333333333333, "yield": 2, "payoff": 0.34574468085106386, "gain": -0.40425531914893614}, "composition": {"confirm": 0, "walk_only": 24, "neither": 0, "right_confirm": 0, "right_walk_only": 13}, "vs_count_n_own": {"mind_only": 13, "rival_only": 0, "mcnemar_z": 3.6055512754639896}, "vs_count_top_share": {"mind_only": 11, "rival_only": 0, "mcnemar_z": 3.3166247903554}}, "0.50": {"k": 47, "mind": {"precision": 0.2765957446808511, "yield": 13, "payoff": 0.15159574468085107, "gain": -0.5984042553191489}, "count_n_own": {"precision": 0.02127659574468085, "yield": 1, "payoff": -0.10372340425531915, "gain": -0.8537234042553191}, "count_top_share": {"precision": 0.1702127659574468, "yield": 8, "payoff": 0.04521276595744681, "gain": -0.7047872340425532}, "random": {"precision": 0.10638297872340426, "yield": 5, "payoff": -0.018617021276595744, "gain": -0.7686170212765957}, "composition": {"confirm": 0, "walk_only": 47, "neither": 0, "right_confirm": 0, "right_walk_only": 13}, "vs_count_n_own": {"mind_only": 12, "rival_only": 0, "mcnemar_z": 3.464101615137755}, "vs_count_top_share": {"mind_only": 5, "rival_only": 0, "mcnemar_z": 2.23606797749979}}}, "other_mind": null, "reachable_wide": 0.133, "reachable_random": 0.0185, "random_floor": 0.12719226190476188, "payoff_mind": -0.8597249999999995, "payoff_rival": 0.966875, "always_silent": 0.966875, "found_rate": 0.41509433962264153, "rival_found_rate": 0.4188679245283019, "correct_silence": 0.0, "false_silence": 0.0, "false_silence_after_step": 0.0, "step_rate": 0.0145, "own_hit_rate": 0.134, "own_rival_hit_rate": 0.0595, "own_paired": {"n": 268, "mind_only": 13, "rival_only": 4, "both": 115, "neither": 136, "mcnemar_z": 2.182820625326997}, "own_rival_of_own": 0.44402985074626866, "hit_of_own": 0.47761194029850745, "ceiling": 0.181, "walk_only_arrive": 0.13829787234042554, "walk_only_pick": {"n": 13, "mind": 13, "rival": 3, "count_rival": 2, "count_rival_rate": 0.15384615384615385, "vs_count_mind_only": 11, "vs_count_rival_only": 0, "vs_count_z": 3.3166247903554, "hit_rate": 1.0, "rival_rate": 0.23076923076923078, "mind_only": 10, "rival_only": 0, "mcnemar_z": 3.162277660168379}, "walk_only_rate": 0.047, "hit_of_walk_only": 0.13829787234042554, "count_rival_of_walk_only": 0.11702127659574468, "count_rival_hit_rate": 0.059, "deep_rate": 0.0, "deep_only_rate": 0.0, "hit_of_deep_only": NaN, "hit_of_deep": NaN, "hit_of_depth1": 0.7241379310344828, "bisect": null, "rival_of_walk_only": 0.1276595744680851, "walk_only_paired": {"n": 94, "mind_only": 10, "rival_only": 9, "both": 3, "neither": 72, "mcnemar_z": 0.22941573387056174, "stepped": 13}, "cand_places": 3.3195, "line_reach_rate": 0.0, "step_line_rate": 0.0, "line_only_rate": 0.0, "line_only_paired": {"n": 0, "mind_only": 0, "rival_only": 0, "mcnemar_z": NaN}, "steps_on_walk_only": 0.4482758620689655, "router": {"n_stepped": 29, "mind_enrichment": 9.537784299339693, "count_enrichment": 1.467351430667645, "share_enrichment": 4.402054292002934, "top_share_when_stepped": 0.6706075533661742, "top_share_when_not": 0.49498315745153965, "n_own_when_stepped": 2.5517241379310347, "n_own_when_not": 5.037037037037037}, "hit_rate": 0.0705, "rival_hit_rate": 0.0555, "world_rows_own": 6.432, "world_rows_candidate": 7.432, "world_rows_expand": 14.3755, "world_rows_expand_when_stepped": 12.206896551724139, "world_rows_expand_when_not": 14.407407407407407, "step_vs_size_r": -0.06119144734733074, "found_where_rival_missed": 34, "missed_where_rival_found": 35, "paired_payoff": {"mind_better": 110, "rival_better": 1859, "discordant": 1969, "mcnemar_z": -39.415491949062265, "max_achievable_z": 44.37341546466758, "underpowered": false}}, "train_control": {"n": 2000, "reachable_rate": 0.14, "mean_candidates": 7.916, "question_rank": {"n": 2000, "answerable": {"base_rate": 0.14, "k": [200, 500, 280], "mind_margin": {"auc": 0.7089773671096345, "prec": [0.38, 0.3, 0.32857142857142857]}, "mind_score": {"auc": 0.4390645764119601, "prec": [0.04, 0.058, 0.04285714285714286]}, "count_n_own": {"auc": 0.42463766611295684, "prec": [0.02, 0.056, 0.02857142857142857]}, "count_top_share": {"auc": 0.6981904069767442, "prec": [0.325, 0.266, 0.31785714285714284]}}, "ceiling": {"base_rate": 0.1915, "k": [200, 500, 383], "mind_margin": {"auc": 0.7382631666480977, "prec": [0.525, 0.414, 0.38642297650130547]}, "mind_score": {"auc": 0.4724774790048942, "prec": [0.075, 0.1, 0.0731070496083551]}, "count_n_own": {"auc": 0.46813394239727696, "prec": [0.055, 0.098, 0.06527415143603134]}, "count_top_share": {"auc": 0.6446107044764262, "prec": [0.35, 0.312, 0.3263707571801567]}}, "right": {"base_rate": 0.081, "k": [200, 500, 162], "mind_margin": {"auc": 0.8670690095245772, "prec": [0.375, 0.25, 0.41358024691358025]}, "mind_score": {"auc": 0.4830314082671718, "prec": [0.015, 0.02, 0.018518518518518517]}, "count_n_own": {"auc": 0.4387720146697296, "prec": [0.01, 0.02, 0.006172839506172839]}, "count_top_share": {"auc": 0.6615786079877484, "prec": [0.205, 0.142, 0.22839506172839505]}}}, "gate": {"n": 2000, "ungated_hit_rate": 0.081, "ungated_payoff": -0.838, "always_silent": 0.965, "fractions": [0.05, 0.1, 0.25, 0.5], "0.05": {"k": 100, "mind": {"precision": 0.52, "yield": 52, "payoff": 0.92375, "gain": -0.04125000000000001}, "count_n_own": {"precision": 0.0, "yield": 0, "payoff": 0.865375, "gain": -0.09962499999999996}, "count_top_share": {"precision": 0.26, "yield": 26, "payoff": 0.896625, "gain": -0.06837499999999996}, "random": {"precision": 0.06, "yield": 6, "payoff": 0.872375, "gain": -0.09262499999999996}, "composition": {"confirm": 40, "walk_only": 24, "neither": 36, "right_confirm": 33, "right_walk_only": 19}, "vs_count_n_own": {"mind_only": 52, "rival_only": 0, "mcnemar_z": 7.211102550927979}, "vs_count_top_share": {"mind_only": 35, "rival_only": 9, "mcnemar_z": 3.9196474795109273}}, "0.10": {"k": 200, "mind": {"precision": 0.375, "yield": 75, "payoff": 0.8495, "gain": -0.11549999999999994}, "count_n_own": {"precision": 0.01, "yield": 2, "payoff": 0.7675, "gain": -0.1975}, "count_top_share": {"precision": 0.205, "yield": 41, "payoff": 0.814125, "gain": -0.15087499999999998}, "random": {"precision": 0.06, "yield": 12, "payoff": 0.77975, "gain": -0.18524999999999991}, "composition": {"confirm": 81, "walk_only": 24, "neither": 95, "right_confirm": 56, "right_walk_only": 19}, "vs_count_n_own": {"mind_only": 75, "rival_only": 2, "mcnemar_z": 8.31912208155357}, "vs_count_top_share": {"mind_only": 51, "rival_only": 17, "mcnemar_z": 4.123105625617661}}, "0.25": {"k": 500, "mind": {"precision": 0.25, "yield": 125, "payoff": 0.60875, "gain": -0.35624999999999996}, "count_n_own": {"precision": 0.02, "yield": 10, "payoff": 0.4785, "gain": -0.4865}, "count_top_share": {"precision": 0.142, "yield": 71, "payoff": 0.552625, "gain": -0.41237499999999994}, "random": {"precision": 0.08, "yield": 40, "payoff": 0.51425, "gain": -0.45075}, "composition": {"confirm": 172, "walk_only": 35, "neither": 293, "right_confirm": 105, "right_walk_only": 20}, "vs_count_n_own": {"mind_only": 117, "rival_only": 2, "mcnemar_z": 10.54203271582443}, "vs_count_top_share": {"mind_only": 66, "rival_only": 12, "mcnemar_z": 6.114295984380816}}, "0.50": {"k": 1000, "mind": {"precision": 0.158, "yield": 158, "payoff": 0.1505, "gain": -0.8145}, "count_n_own": {"precision": 0.058, "yield": 58, "payoff": 0.03675, "gain": -0.92825}, "count_top_share": {"precision": 0.113, "yield": 113, "payoff": 0.10275, "gain": -0.86225}, "random": {"precision": 0.085, "yield": 85, "payoff": 0.068875, "gain": -0.896125}, "composition": {"confirm": 250, "walk_only": 55, "neither": 695, "right_confirm": 138, "right_walk_only": 20}, "vs_count_n_own": {"mind_only": 103, "rival_only": 3, "mcnemar_z": 9.712858623572641}, "vs_count_top_share": {"mind_only": 47, "rival_only": 2, "mcnemar_z": 6.428571428571429}}}, "gate_walk_only": {"n": 108, "ungated_hit_rate": 0.18518518518518517, "ungated_payoff": -0.6296296296296297, "always_silent": 0.75, "fractions": [0.05, 0.1, 0.25, 0.5], "0.05": {"k": 5, "mind": {"precision": 0.8, "yield": 4, "payoff": 0.7430555555555556, "gain": -0.00694444444444442}, "count_n_own": {"precision": 0.0, "yield": 0, "payoff": 0.6689814814814815, "gain": -0.08101851851851849}, "count_top_share": {"precision": 0.2, "yield": 1, "payoff": 0.6875, "gain": -0.0625}, "random": {"precision": 0.2, "yield": 1, "payoff": 0.6875, "gain": -0.0625}, "composition": {"confirm": 0, "walk_only": 5, "neither": 0, "right_confirm": 0, "right_walk_only": 4}, "vs_count_n_own": {"mind_only": 4, "rival_only": 0, "mcnemar_z": 2.0}, "vs_count_top_share": {"mind_only": 3, "rival_only": 0, "mcnemar_z": 1.7320508075688774}}, "0.10": {"k": 11, "mind": {"precision": 0.9090909090909091, "yield": 10, "payoff": 0.7569444444444444, "gain": 0.00694444444444442}, "count_n_own": {"precision": 0.0, "yield": 0, "payoff": 0.5717592592592593, "gain": -0.1782407407407407}, "count_top_share": {"precision": 0.18181818181818182, "yield": 2, "payoff": 0.6087962962962963, "gain": -0.14120370370370372}, "random": {"precision": 0.09090909090909091, "yield": 1, "payoff": 0.5902777777777778, "gain": -0.1597222222222222}, "composition": {"confirm": 0, "walk_only": 11, "neither": 0, "right_confirm": 0, "right_walk_only": 10}, "vs_count_n_own": {"mind_only": 10, "rival_only": 0, "mcnemar_z": 3.162277660168379}, "vs_count_top_share": {"mind_only": 8, "rival_only": 0, "mcnemar_z": 2.82842712474619}}, "0.25": {"k": 27, "mind": {"precision": 0.7407407407407407, "yield": 20, "payoff": 0.6828703703703703, "gain": -0.06712962962962965}, "count_n_own": {"precision": 0.0, "yield": 0, "payoff": 0.3125, "gain": -0.4375}, "count_top_share": {"precision": 0.07407407407407407, "yield": 2, "payoff": 0.34953703703703703, "gain": -0.40046296296296297}, "random": {"precision": 0.2222222222222222, "yield": 6, "payoff": 0.4236111111111111, "gain": -0.3263888888888889}, "composition": {"confirm": 0, "walk_only": 27, "neither": 0, "right_confirm": 0, "right_walk_only": 20}, "vs_count_n_own": {"mind_only": 20, "rival_only": 0, "mcnemar_z": 4.47213595499958}, "vs_count_top_share": {"mind_only": 18, "rival_only": 0, "mcnemar_z": 4.242640687119286}}, "0.50": {"k": 54, "mind": {"precision": 0.37037037037037035, "yield": 20, "payoff": 0.24537037037037038, "gain": -0.5046296296296297}, "count_n_own": {"precision": 0.037037037037037035, "yield": 2, "payoff": -0.08796296296296297, "gain": -0.837962962962963}, "count_top_share": {"precision": 0.14814814814814814, "yield": 8, "payoff": 0.023148148148148147, "gain": -0.7268518518518519}, "random": {"precision": 0.2037037037037037, "yield": 11, "payoff": 0.0787037037037037, "gain": -0.6712962962962963}, "composition": {"confirm": 0, "walk_only": 54, "neither": 0, "right_confirm": 0, "right_walk_only": 20}, "vs_count_n_own": {"mind_only": 18, "rival_only": 0, "mcnemar_z": 4.242640687119286}, "vs_count_top_share": {"mind_only": 12, "rival_only": 0, "mcnemar_z": 3.464101615137755}}}, "other_mind": null, "reachable_wide": 0.141, "reachable_random": 0.0205, "random_floor": 0.12797142857142849, "payoff_mind": -0.8386749999999996, "payoff_rival": 0.965, "always_silent": 0.965, "found_rate": 0.4642857142857143, "rival_found_rate": 0.4142857142857143, "correct_silence": 0.0, "false_silence": 0.0, "false_silence_after_step": 0.0, "step_rate": 0.0135, "own_hit_rate": 0.1375, "own_rival_hit_rate": 0.0695, "own_paired": {"n": 275, "mind_only": 12, "rival_only": 9, "both": 130, "neither": 124, "mcnemar_z": 0.6546536707079772}, "own_rival_of_own": 0.5054545454545455, "hit_of_own": 0.5163636363636364, "ceiling": 0.1915, "walk_only_arrive": 0.18518518518518517, "walk_only_pick": {"n": 20, "mind": 20, "rival": 3, "count_rival": 5, "count_rival_rate": 0.25, "vs_count_mind_only": 15, "vs_count_rival_only": 0, "vs_count_z": 3.8729833462074166, "hit_rate": 1.0, "rival_rate": 0.15, "mind_only": 17, "rival_only": 0, "mcnemar_z": 4.123105625617661}, "walk_only_rate": 0.054, "hit_of_walk_only": 0.18518518518518517, "count_rival_of_walk_only": 0.18518518518518517, "count_rival_hit_rate": 0.0575, "deep_rate": 0.0, "deep_only_rate": 0.0, "hit_of_deep_only": NaN, "hit_of_deep": NaN, "hit_of_depth1": 0.8148148148148148, "bisect": null, "rival_of_walk_only": 0.12037037037037036, "walk_only_paired": {"n": 108, "mind_only": 17, "rival_only": 10, "both": 3, "neither": 78, "mcnemar_z": 1.3471506281091268, "stepped": 20}, "cand_places": 3.1405, "line_reach_rate": 0.0, "step_line_rate": 0.0, "line_only_rate": 0.0, "line_only_paired": {"n": 0, "mind_only": 0, "rival_only": 0, "mcnemar_z": NaN}, "steps_on_walk_only": 0.7407407407407407, "router": {"n_stepped": 27, "mind_enrichment": 13.717421124828531, "count_enrichment": 3.429355281207133, "share_enrichment": 4.801097393689986, "top_share_when_stepped": 0.5833333333333331, "top_share_when_not": 0.5090564563828613, "n_own_when_stepped": 2.111111111111111, "n_own_when_not": 5.3345159655347185}, "hit_rate": 0.081, "rival_hit_rate": 0.058, "world_rows_own": 6.8175, "world_rows_candidate": 7.8175, "world_rows_expand": 14.7335, "world_rows_expand_when_stepped": 12.0, "world_rows_expand_when_not": 14.77090724784592, "step_vs_size_r": -0.07356867900981363, "found_where_rival_missed": 46, "missed_where_rival_found": 32, "paired_payoff": {"mind_better": 130, "rival_better": 1838, "discordant": 1968, "mcnemar_z": -38.50129340029936, "max_achievable_z": 44.36214602563767, "underpowered": false}}}
  HELD {"count": {"n": 1190, "model_accuracy": 1.0, "rival_accuracy": 1.0, "random_floor": 0.19999999999999582}, "lookup_paired_vs_rival": {"model_only_right": 0, "rival_only_right": 0, "discordant": 0, "mcnemar_z": NaN}, "lookup_paired_vs_rival_cos": {"n": 0, "model_only_right": 0, "rival_only_right": 0, "discordant": 0, "mcnemar_z": NaN, "max_achievable_z": 0.0, "underpowered": true}, "lookup_paired_vs_rival_cos_by_margin": {"median_margin": NaN, "low_margin": {"n": 0, "model_only_right": 0, "rival_only_right": 0, "discordant": 0, "mcnemar_z": NaN, "max_achievable_z": 0.0, "underpowered": true}, "high_margin": {"n": 0, "model_only_right": 0, "rival_only_right": 0, "discordant": 0, "mcnemar_z": NaN, "max_achievable_z": 0.0, "underpowered": true}}, "ladder": {"n_questions": 0, "pairs": 0, "concordant": 0, "ties_excluded": 0, "import_budget_zero_rate": 0.0, "import_budget_mean": 0.0, "concordance": NaN, "z_vs_half": NaN, "mean_phi": {"true": NaN, "near": NaN, "middle": NaN, "far": NaN}}, "exact_mismatches": 0, "confusion": {"count|2->2": 763, "count|3->3": 178, "count|4->4": 80, "count|5+->5+": 169}, "_mixed": [], "_reach": [[0, 0, 0, 0.01445150375366211, 0, 0, 8, 13, 20, 0, 0, 0, 0, 11, 1, 3, 0, 0, 0, 12, 0, 0.5, 0, 0, 0, 0, 0, 0, -20.03644561767578, 0.012510299682617188], [0, 0, 0, 0.035480111837387085, 0, 0, 8, 8, 15, 0, 0, 0, 0, 6, 1, 5, 0, 0, 0, 7, 0, 0.6666666666666666, 0, 0, 0, 0, 0, 0, -21.697446823120117, 0.026195526123046875], [0, 0, 0, 0.005750596523284912, 0, 0, 8, 13, 20, 0, 0, 0, 0, 11, 1, 1, 0, 0, 0, 12, 0, 0.024539877300613498, 0, 0, 0, 0, 0, 0, -20.233064651489258, 0.01248931884765625], [0, 0, 0, 0.05776101350784302, 0, 0, 8, 13, 20, 0, 0, 0, 0, 11, 1, 1, 0, 0, 0, 12, 0, 0.024539877300613498, 0, 0, 0, 0, 0, 0, -20.275501251220703, 0.01248931884765625], [0, 0, 0, 0.059828490018844604, 0, 0, 8, 13, 20, 0, 0, 1, 0, 11, 1, 1, 0, 0, 0, 12, 0, 0.1111111111111111, 0, 0, 0, 0, 0, 0, -20.328527450561523, 0.012483596801757812], [1, 0, 0, 0.024392247200012207, 0, 0, 8, 13, 20, 1, 0, 1, 0, 7, 4, 4, 0, 0, 0, 12, 0, 0.6666666666666666, 0, 0, 0, 0, 0, 0, -28.129098892211914, 0.7871799468994141], [1, 0, 1, 0.15533402562141418, 1, 1, 8, 3, 10, 1, 0, 0, 0, 1, 1, 4, 0, 0, 0, 2, 1, 0.5, 0, 0, 1, 0, 0, 0, -26.755409240722656, 9.580810546875], [0, 0, 0, 0.1599966585636139, 0, 0, 8, 9, 16, 0, 0, 0, 0, 7, 1, 2, 0, 0, 0, 8, 0, 0.6666666666666666, 0, 0, 0, 0, 0, 0, -21.189762115478516, 0.021245956420898438], [0, 0, 0, 0.0635915994644165, 0, 0, 8, 13, 20, 0, 0, 1, 0, 9, 2, 1, 0, 0, 0, 12, 0, 0.125, 0, 0, 0, 0, 0, 0, -30.46842384338379, 0.0434417724609375], [0, 0, 0, 0.05590027570724487, 0, 0, 8, 3, 10, 0, 0, 0, 0, 1, 1, 7, 0, 0, 0, 2, 0, 0.75, 0, 0, 0, 0, 0, 0, -33.77030563354492, 0.0], [1, 0, 1, 0.12053021788597107, 0, 0, 8, 6, 13, 1, 0, 1, 0, 4, 1, 4, 0, 0, 0, 5, 0, 0.5, 0, 0, 0, 0, 0, 0, -35.18864440917969, 8.842727661132812], [0, 0, 0, 0.02823355793952942, 0, 0, 8, 13, 20, 0, 0, 0, 0, 11, 1, 3, 0, 0, 0, 12, 0, 0.5, 0, 0, 0, 0, 0, 0, -20.03644561767578, 0.012510299682617188], [0, 0, 0, 0.028240442276000977, 0, 0, 8, 12, 19, 0, 0, 0, 0, 10, 1, 3, 0, 0, 0, 11, 0, 0.5, 0, 0, 0, 0, 0, 0, -20.203475952148438, 0.014039993286132812], [0, 0, 0, 0.055393368005752563, 0, 0, 8, 7, 14, 0, 0, 0, 0, 4, 2, 3, 0, 0, 0, 6, 0, 0.5, 0, 0, 0, 0, 0, 0, -25.619474411010742, 4.458003997802734], [0, 0, 0, 0.018746912479400635, 0, 0, 8, 13, 20, 0, 0, 0, 0, 9, 3, 4, 0, 0, 0, 12, 0, 0.6666666666666666, 0, 0, 0, 0, 0, 0, -22.33099937438965, 3.8571643829345703], [0, 0, 0, 0.010741949081420898, 0, 0, 8, 3, 10, 0, 0, 0, 0, 1, 1, 4, 0, 0, 0, 2, 0, 0.6666666666666666, 0, 0, 0, 0, 0, 0, -33.77030563354492, 0.0], [0, 0, 0, 0.01989436149597168, 0, 0, 8, 13, 20, 0, 0, 0, 0, 11, 1, 1, 0, 0, 0, 12, 0, 0.125, 0, 0, 0, 0, 0, 0, -20.019628524780273, 0.012508392333984375], [0, 0, 0, 0.0043676793575286865, 0, 0, 8, 13, 20, 0, 0, 0, 0, 11, 1, 4, 0, 0, 0, 12, 0, 0.5, 0, 0, 0, 0, 0, 0, -20.019628524780273, 0.012508392333984375], [0, 0, 0, 0.006835460662841797, 0, 0, 8, 13, 20, 0, 0, 0, 0, 9, 3, 5, 0, 0, 0, 12, 0, 0.8, 0, 0, 0, 0, 0, 0, -21.94563102722168, 3.8485584259033203], [0, 0, 0, 0.0024820268154144287, 0, 0, 8, 13, 20, 0, 0, 0, 0, 11, 1, 2, 0, 0, 0, 12, 0, 0.5, 0, 0, 0, 0, 0, 0, -20.20038414001465, 0.012495040893554688], [0, 0, 0, 0.06396600604057312, 0, 0, 8, 6, 13, 0, 0, 0, 0, 4, 1, 1, 0, 0, 0, 5, 0, 0.5, 0, 0, 0, 0, 0, 0, -38.90766143798828, 0.004573822021484375], [0, 0, 0, 0.05735903978347778, 0, 0, 8, 13, 20, 0, 0, 0, 0, 11, 1, 1, 0, 0, 0, 12, 0, 0.024539877300613498, 0, 0, 0, 0, 0, 0, -20.275501251220703, 0.01248931884765625], [0, 0, 0, 0.028311580419540405, 0, 0, 8, 4, 11, 0, 0, 0, 0, 2, 1, 4, 0, 0, 0, 3, 0, 0.5, 0, 0, 0, 0, 0, 0, -26.41431427001953, 0.4239768981933594], [0, 0, 0, 9.185075759887695e-05, 0, 0, 8, 4, 11, 0, 0, 0, 0, 2, 1, 4, 0, 0, 0, 3, 0, 0.5, 0, 0, 0, 0, 0, 0, -26.41431427001953, 0.4239768981933594], [0, 0, 0, 0.12346872687339783, 0, 0, 8, 3, 10, 0, 0, 0, 0, 1, 1, 3, 0, 0, 0, 2, 0, 0.5, 0, 0, 0, 0, 0, 0, -33.77030563354492, 0.0], [1, 0, 0, 0.059363603591918945, 0, 0, 8, 4, 11, 1, 0, 0, 0, 2, 1, 5, 0, 0, 0, 3, 0, 0.5, 0, 0, 0, 0, 0, 0, -26.41431427001953, 0.4239768981933594], [0, 0, 0, 0.015377119183540344, 0, 0, 8, 6, 13, 0, 0, 0, 0, 4, 1, 1, 0, 0, 0, 5, 0, 0.125, 0, 0, 0, 0, 0, 0, -23.257408142089844, 0.05104255676269531], [0, 0, 0, 0.023695051670074463, 0, 0, 8, 6, 13, 0, 0, 0, 0, 3, 2, 2, 0, 0, 0, 5, 0, 0.5, 0, 0, 0, 0, 0, 0, -24.484926223754883, 8.182302474975586], [0, 0, 0, 0.023068517446517944, 0, 0, 8, 13, 20, 0, 0, 0, 0, 11, 1, 1, 0, 0, 0, 12, 0, 0.05, 0, 0, 0, 0, 0, 0, -20.597585678100586, 0.012462615966796875], [0, 0, 0, 0.01688992977142334, 0, 0, 8, 11, 18, 0, 0, 0, 0, 9, 1, 4, 0, 0, 0, 10, 0, 0.5, 0, 0, 0, 0, 0, 0, -34.51111602783203, 0.035831451416015625], [0, 0, 0, 0.033704012632369995, 0, 0, 8, 13, 20, 0, 0, 0, 0, 11, 1, 1, 0, 0, 0, 12, 0, 0.09523809523809523, 0, 0, 0, 0, 0, 0, -20.328527450561523, 0.012483596801757812], [0, 0, 0, 0.017641782760620117, 0, 0, 8, 3, 10, 0, 0, 0, 0, 1, 1, 5, 0, 0, 0, 2, 0, 0.5, 0, 0, 0, 0, 0, 0, -33.77030563354492, 0.0], [0, 0, 0, 0.04899710416793823, 0, 0, 8, 3, 10, 0, 0, 0, 0, 1, 1, 4, 0, 0, 0, 2, 0, 0.6666666666666666, 0, 0, 0, 0, 0, 0, -33.77030563354492, 0.0], [0, 0, 0, 0.013106852769851685, 0, 0, 8, 13, 20, 0, 0, 0, 0, 11, 1, 1, 0, 0, 0, 12, 0, 0.2, 0, 0, 0, 0, 0, 0, -27.274049758911133, 0.013889312744140625], [0, 0, 0, 0.03175175189971924, 0, 0, 8, 4, 11, 0, 0, 0, 0, 1, 2, 5, 0, 0, 0, 3, 0, 0.5, 0, 0, 0, 0, 0, 0, -36.336219787597656, 0.0], [0, 0, 0, 0.23782670497894287, 0, 0, 8, 3, 10, 0, 0, 0, 0, 1, 1, 4, 0, 0, 0, 2, 0, 0.5, 0, 0, 0, 0, 0, 0, -33.77030563354492, 0.0], [0, 0, 0, 0.09328174591064453, 0, 0, 8, 3, 10, 0, 0, 0, 0, 1, 1, 4, 0, 0, 0, 2, 0, 0.6666666666666666, 0, 0, 0, 0, 0, 0, -33.77030563354492, 0.0], [0, 0, 0, 0.030685797333717346, 0, 0, 8, 3, 10, 0, 0, 0, 0, 1, 1, 2, 0, 0, 0, 2, 0, 0.6666666666666666, 0, 0, 0, 0, 0, 0, -33.77030563354492, 0.0], [1, 0, 0, 0.08054649829864502, 1, 0, 8, 13, 20, 1, 0, 1, 0, 5, 4, 1, 0, 0, 0, 12, 1, 0.5, 0, 0, 0, 0, 0, 0, -33.84479522705078, 0.5418014526367188], [0, 0, 0, 0.0016977190971374512, 0, 0, 8, 4, 11, 0, 0, 0, 0, 2, 1, 4, 0, 0, 0, 3, 0, 0.5, 0, 0, 0, 0, 0, 0, -26.41431427001953, 0.4239768981933594], [0, 0, 0, 0.2945629358291626, 0, 0, 8, 3, 10, 0, 0, 0, 0, 1, 1, 3, 0, 0, 0, 2, 0, 0.5, 0, 0, 0, 0, 0, 0, -33.77030563354492, 0.0], [0, 0, 0, 0.014065384864807129, 0, 0, 8, 13, 20, 0, 0, 0, 0, 11, 1, 1, 0, 0, 0, 12, 0, 0.2, 0, 0, 0, 0, 0, 0, -20.556243896484375, 0.0124664306640625], [0, 0, 0, 0.06304338574409485, 0, 0, 8, 13, 20, 0, 0, 0, 0, 11, 1, 3, 0, 0, 0, 12, 0, 0.5, 0, 0, 0, 0, 0, 0, -20.163042068481445, 0.0124969482421875], [0, 0, 0, 0.008656322956085205, 0, 0, 8, 13, 20, 0, 0, 0, 0, 11, 1, 1, 0, 0, 0, 12, 0, 0.2, 0, 0, 0, 0, 0, 0, -20.556243896484375, 0.0124664306640625], [0, 0, 0, 0.05866265296936035, 0, 0, 8, 3, 10, 0, 0, 0, 0, 1, 1, 4, 0, 0, 0, 2, 0, 0.6666666666666666, 0, 0, 0, 0, 0, 0, -33.77030563354492, 0.0], [0, 0, 0, 0.08187003433704376, 0, 0, 8, 3, 10, 0, 0, 0, 0, 1, 1, 4, 0, 0, 0, 2, 0, 0.5, 0, 0, 0, 0, 0, 0, -33.77030563354492, 0.0], [0, 0, 0, 0.02534782886505127, 0, 0, 8, 13, 20, 0, 0, 0, 0, 11, 1, 1, 0, 0, 0, 12, 0, 0.05, 0, 0, 0, 0, 0, 0, -27.280807495117188, 0.013875961303710938], [0, 0, 0, 0.07357832789421082, 0, 0, 8, 13, 20, 0, 0, 0, 0, 11, 1, 2, 0, 0, 0, 12, 0, 0.6666666666666666, 0, 0, 0, 0, 0, 0, -20.353927612304688, 0.012477874755859375], [0, 0, 0, 0.03451317548751831, 0, 0, 8, 3, 10, 0, 0, 0, 0, 1, 1, 4, 0, 0, 0, 2, 0, 0.5, 0, 0, 0, 0, 0, 0, -33.77030563354492, 0.0], [0, 0, 0, 0.021869778633117676, 0, 0, 8, 13, 20, 0, 0, 0, 0, 9, 3, 4, 0, 0, 0, 12, 0, 0.6666666666666666, 0, 0, 0, 0, 0, 0, -22.32339096069336, 3.8538742065429688], [0, 0, 0, 0.04709845781326294, 0, 0, 8, 13, 20, 0, 0, 0, 0, 11, 1, 2, 0, 0, 0, 12, 0, 0.5, 0, 0, 0, 0, 0, 0, -20.067140579223633, 0.012506484985351562], [0, 0, 0, 0.018920034170150757, 0, 0, 8, 3, 10, 0, 0, 0, 0, 1, 1, 4, 0, 0, 0, 2, 0, 0.6666666666666666, 0, 0, 0, 0, 0, 0, -33.77030563354492, 0.0], [0, 0, 0, 0.18082591891288757, 0, 0, 8, 13, 20, 0, 0, 0, 0, 10, 2, 2, 0, 0, 0, 12, 0, 0.5, 0, 0, 0, 0, 0, 0, -21.33315658569336, 3.041400909423828], [0, 0, 0, 0.00042426586151123047, 0, 0, 8, 11, 18, 0, 0, 0, 0, 9, 1, 2, 0, 0, 0, 10, 0, 0.5, 0, 0, 0, 0, 0, 0, -38.096290588378906, 0.0052490234375], [0, 0, 0, 0.05590027570724487, 0, 0, 8, 3, 10, 0, 0, 0, 0, 1, 1, 7, 0, 0, 0, 2, 0, 0.75, 0, 0, 0, 0, 0, 0, -33.77030563354492, 0.0], [0, 0, 0, 0.0038834214210510254, 0, 0, 8, 13, 20, 0, 0, 0, 0, 11, 1, 1, 0, 0, 0, 12, 0, 0.007633587786259542, 0, 0, 0, 0, 0, 0, -20.381471633911133, 0.012483596801757812], [0, 0, 0, 0.17330917716026306, 0, 0, 8, 5, 12, 0, 0, 0, 0, 3, 1, 4, 0, 0, 0, 4, 0, 0.8, 0, 0, 0, 0, 0, 0, -24.526206970214844, 0.09002113342285156], [0, 0, 0, 0.0825427770614624, 0, 0, 8, 8, 15, 0, 0, 0, 0, 6, 1, 4, 0, 0, 0, 7, 0, 0.5, 0, 0, 0, 0, 0, 0, -35.70132064819336, 0.006557464599609375], [0, 0, 0, 0.04668402671813965, 0, 0, 8, 4, 11, 0, 0, 0, 0, 2, 1, 3, 0, 0, 0, 3, 0, 0.5714285714285714, 0, 0, 0, 0, 0, 0, -26.41431427001953, 0.4239768981933594], [0, 0, 0, 0.40957111120224, 0, 0, 8, 3, 10, 0, 0, 0, 0, 1, 1, 4, 0, 0, 0, 2, 0, 0.5, 0, 0, 0, 0, 0, 0, -33.77030563354492, 0.0], [0, 0, 0, 0.07165372371673584, 0, 0, 8, 3, 10, 0, 0, 0, 0, 1, 1, 3, 0, 0, 0, 2, 0, 0.75, 0, 0, 0, 0, 0, 0, -33.77030563354492, 0.0], [0, 0, 0, 0.011363446712493896, 0, 0, 8, 13, 20, 0, 0, 0, 0, 11, 1, 1, 0, 0, 0, 12, 0, 0.2, 0, 0, 0, 0, 0, 0, -27.280563354492188, 0.021890640258789062], [0, 0, 0, 0.026500165462493896, 0, 0, 8, 3, 10, 0, 0, 0, 0, 1, 1, 4, 0, 0, 0, 2, 0, 0.5, 0, 0, 0, 0, 0, 0, -33.77030563354492, 0.0], [0, 0, 0, 0.03137326240539551, 0, 0, 8, 13, 20, 0, 0, 0, 0, 11, 1, 2, 0, 0, 0, 12, 0, 0.5, 0, 0, 0, 0, 0, 0, -20.152807235717773, 0.012498855590820312], [1, 0, 0, 0.26225054264068604, 1, 1, 8, 4, 11, 1, 1, 1, 0, 2, 1, 5, 0, 0, 0, 3, 1, 0.6666666666666666, 0, 0, 1, 0, 0, 0, -25.497941970825195, 0.08085441589355469], [0, 0, 0, 0.005392491817474365, 0, 0, 8, 3, 10, 0, 0, 0, 0, 1, 1, 5, 0, 0, 0, 2, 0, 0.6666666666666666, 0, 0, 0, 0, 0, 0, -33.77030563354492, 0.0], [0, 0, 0, 0.02199798822402954, 0, 0, 8, 13, 20, 0, 0, 1, 0, 11, 1, 3, 0, 0, 0, 12, 0, 0.5, 0, 0, 0, 0, 0, 0, -20.233064651489258, 0.01248931884765625], [0, 0, 0, 0.028085947036743164, 0, 0, 8, 13, 20, 0, 0, 0, 0, 10, 2, 3, 0, 0, 0, 12, 0, 0.5, 0, 0, 0, 0, 0, 0, -21.105384826660156, 3.026123046875], [1, 0, 1, 0.07339352369308472, 1, 0, 8, 6, 13, 1, 0, 1, 1, 3, 2, 2, 0, 0, 0, 5, 1, 0.6, 0, 0, 0, 0, 0, 0, -24.71475601196289, 14.371761322021484], [0, 0, 0, 0.16472414135932922, 0, 0, 8, 3, 10, 0, 0, 0, 0, 1, 1, 2, 0, 0, 0, 2, 0, 0.5, 0, 0, 0, 0, 0, 0, -33.77030563354492, 0.0], [0, 0, 0, 0.1584702730178833, 0, 0, 8, 3, 10, 0, 0, 0, 0, 1, 1, 4, 0, 0, 0, 2, 0, 0.5, 0, 0, 0, 0, 0, 0, -33.77030563354492, 0.0], [0, 0, 0, 0.028678327798843384, 0, 0, 8, 3, 10, 0, 0, 0, 0, 1, 1, 4, 0, 0, 0, 2, 0, 0.75, 0, 0, 0, 0, 0, 0, -33.77030563354492, 0.0], [0, 0, 1, 0.03001442551612854, 0, 0, 8, 4, 11, 0, 0, 1, 1, 2, 1, 4, 0, 0, 0, 3, 0, 0.5, 0, 0, 0, 0, 0, 0, -17.083087921142578, 20.84664535522461], [1, 0, 0, 0.05590027570724487, 0, 0, 8, 3, 10, 1, 0, 0, 0, 1, 1, 7, 0, 0, 0, 2, 0, 0.75, 0, 0, 0, 0, 0, 0, -33.77030563354492, 0.0], [0, 0, 0, 0.010882735252380371, 0, 0, 8, 7, 14, 0, 0, 0, 0, 5, 1, 4, 0, 0, 0, 6, 0, 0.5, 0, 0, 0, 0, 0, 0, -36.4503288269043, 0.07271575927734375], [0, 0, 0, 0.1911698877811432, 0, 0, 8, 3, 10, 0, 0, 0, 0, 1, 1, 4, 0, 0, 0, 2, 0, 0.5, 0, 0, 0, 0, 0, 0, -33.77030563354492, 0.0], [0, 0, 0, 0.12128019332885742, 0, 0, 7, 7, 13, 0, 0, 1, 0, 5, 1, 6, 0, 0, 0, 6, 0, 0.6666666666666666, 0, 0, 0, 0, 0, 0, -22.318716049194336, 0.03468513488769531], [0, 0, 0, 0.01402011513710022, 0, 0, 8, 13, 20, 0, 0, 0, 0, 11, 1, 1, 0, 0, 0, 12, 0, 0.2, 0, 0, 0, 0, 0, 0, -20.556243896484375, 0.0124664306640625], [0, 0, 0, 0.059440046548843384, 0, 0, 8, 5, 12, 0, 0, 0, 0, 3, 1, 5, 0, 0, 0, 4, 0, 0.75, 0, 0, 0, 0, 0, 0, -24.526206970214844, 0.09002113342285156], [0, 0, 0, 0.014899671077728271, 0, 0, 8, 4, 11, 0, 0, 0, 0, 2, 1, 1, 0, 0, 0, 3, 0, 0.1111111111111111, 0, 0, 0, 0, 0, 0, -26.41431427001953, 0.4239768981933594], [0, 0, 0, 0.01714015007019043, 0, 0, 8, 13, 20, 0, 0, 0, 0, 11, 1, 1, 0, 0, 0, 12, 0, 0.2, 0, 0, 0, 0, 0, 0, -20.556243896484375, 0.0124664306640625], [0, 0, 0, 0.09320217370986938, 0, 0, 8, 13, 20, 0, 0, 0, 0, 9, 3, 1, 0, 0, 0, 12, 0, 0.5, 0, 0, 0, 0, 0, 0, -21.93553924560547, 3.876852035522461], [0, 0, 0, 0.14817741513252258, 0, 0, 8, 5, 12, 0, 0, 0, 0, 3, 1, 6, 0, 0, 0, 4, 0, 0.6666666666666666, 0, 0, 0, 0, 0, 0, -24.526206970214844, 0.09002113342285156], [0, 0, 0, 0.03565329313278198, 0, 0, 8, 13, 20, 0, 0, 0, 0, 10, 2, 4, 0, 0, 0, 12, 0, 0.5, 0, 0, 0, 0, 0, 0, -21.111412048339844, 3.026887893676758], [0, 0, 0, 0.1607242226600647, 0, 0, 8, 3, 10, 0, 0, 0, 0, 1, 1, 3, 0, 0, 0, 2, 0, 0.5, 0, 0, 0, 0, 0, 0, -33.77030563354492, 0.0], [0, 0, 0, 0.02259892225265503, 0, 0, 8, 3, 10, 0, 0, 0, 0, 1, 1, 4, 0, 0, 0, 2, 0, 0.8, 0, 0, 0, 0, 0, 0, -33.77030563354492, 0.0], [0, 0, 0, 0.036266714334487915, 0, 0, 8, 5, 12, 0, 0, 0, 0, 3, 1, 2, 0, 0, 0, 4, 0, 0.5, 0, 0, 0, 0, 0, 0, -24.526206970214844, 0.09002113342285156], [0, 0, 0, 0.1302444338798523, 0, 0, 8, 3, 10, 0, 0, 0, 0, 1, 1, 4, 0, 0, 0, 2, 0, 0.5, 0, 0, 0, 0, 0, 0, -33.77030563354492, 0.0], [0, 0, 0, 0.14612248539924622, 0, 0, 8, 3, 10, 0, 0, 0, 0, 1, 1, 4, 0, 0, 0, 2, 0, 0.5, 0, 0, 0, 0, 0, 0, -33.77030563354492, 0.0], [0, 0, 0, 0.012777209281921387, 0, 0, 8, 3, 10, 0, 0, 0, 0, 1, 1, 5, 0, 0, 0, 2, 0, 0.5, 0, 0, 0, 0, 0, 0, -33.77030563354492, 0.0], [0, 0, 0, 0.04631298780441284, 0, 0, 8, 13, 20, 0, 0, 0, 0, 11, 1, 2, 0, 0, 0, 12, 0, 0.5, 0, 0, 0, 0, 0, 0, -20.067140579223633, 0.012506484985351562], [0, 0, 0, 0.16502618789672852, 0, 0, 8, 13, 20, 0, 0, 0, 0, 6, 4, 1, 0, 0, 0, 12, 0, 0.5, 0, 0, 0, 0, 0, 0, -31.952619552612305, 0.9466876983642578], [0, 0, 0, 0.11916962265968323, 0, 0, 8, 6, 13, 0, 0, 0, 0, 4, 1, 3, 0, 0, 0, 5, 0, 0.5, 0, 0, 0, 0, 0, 0, -38.90766143798828, 0.004573822021484375], [0, 0, 0, 0.07455909252166748, 0, 0, 8, 4, 11, 0, 0, 0, 0, 2, 1, 6, 0, 0, 0, 3, 0, 0.75, 0, 0, 0, 0, 0, 0, -26.41431427001953, 0.4239768981933594], [0, 0, 0, 0.0757552981376648, 0, 0, 8, 3, 10, 0, 0, 0, 0, 1, 1, 4, 0, 0, 0, 2, 0, 0.5, 0, 0, 0, 0, 0, 0, -33.77030563354492, 0.0], [0, 0, 0, 0.0183773934841156, 0, 0, 8, 13, 20, 0, 0, 0, 0, 11, 1, 1, 0, 0, 0, 12, 0, 0.05, 0, 0, 0, 0, 0, 0, -20.597585678100586, 0.012462615966796875], [0, 0, 0, 0.09979692101478577, 0, 0, 8, 4, 11, 0, 0, 0, 0, 2, 1, 3, 0, 0, 0, 3, 0, 0.5, 0, 0, 0, 0, 0, 0, -26.41431427001953, 0.4239768981933594], [0, 0, 0, 0.0166969895362854, 0, 0, 8, 13, 20, 0, 0, 0, 0, 9, 2, 4, 0, 0, 0, 12, 0, 0.6666666666666666, 0, 0, 0, 0, 0, 0, -25.729581832885742, 0.08909988403320312], [1, 0, 0, 0.011434555053710938, 0, 0, 6, 4, 9, 1, 0, 0, 0, 1, 2, 5, 0, 0, 0, 3, 0, 0.5, 0, 0, 0, 0, 0, 0, -36.336219787597656, 0.0], [0, 0, 0, 0.025016188621520996, 0, 0, 8, 13, 20, 0, 0, 0, 0, 11, 1, 1, 0, 0, 0, 12, 0, 0.05, 0, 0, 0, 0, 0, 0, -27.281076431274414, 0.01387786865234375], [0, 0, 0, 0.09408217668533325, 0, 0, 8, 9, 16, 0, 0, 0, 0, 5, 3, 1, 0, 0, 0, 8, 0, 0.5, 0, 0, 0, 0, 0, 0, -28.74139976501465, 1.5043830871582031], [1, 0, 1, 0.034237802028656006, 1, 0, 8, 5, 12, 1, 0, 1, 1, 3, 1, 4, 0, 0, 0, 4, 1, 0.5, 0, 0, 0, 0, 0, 0, -24.463720321655273, 0.09012031555175781], [0, 0, 0, 0.0216062068939209, 0, 0, 8, 13, 20, 0, 0, 0, 0, 9, 3, 4, 0, 0, 0, 12, 0, 0.6666666666666666, 0, 0, 0, 0, 0, 0, -22.350727081298828, 3.8580265045166016], [0, 0, 0, 0.023654550313949585, 0, 0, 8, 13, 20, 0, 0, 0, 0, 11, 1, 1, 0, 0, 0, 12, 0, 0.05, 0, 0, 0, 0, 0, 0, -27.32583236694336, 0.021884918212890625], [0, 0, 0, 0.0003943443298339844, 0, 0, 8, 3, 10, 0, 0, 0, 0, 1, 1, 5, 0, 0, 0, 2, 0, 0.6666666666666666, 0, 0, 0, 0, 0, 0, -33.77030563354492, 0.0], [0, 0, 0, 0.02510562539100647, 0, 0, 8, 4, 11, 0, 0, 0, 0, 2, 1, 4, 0, 0, 0, 3, 0, 0.5, 0, 0, 0, 0, 0, 0, -26.41431427001953, 0.4239768981933594], [0, 0, 0, 0.051353394985198975, 0, 0, 8, 13, 20, 0, 0, 0, 0, 9, 2, 4, 0, 0, 0, 12, 0, 0.5, 0, 0, 0, 0, 0, 0, -25.28208351135254, 0.060428619384765625], [0, 0, 0, 0.11249065399169922, 0, 0, 8, 3, 10, 0, 0, 0, 0, 1, 1, 4, 0, 0, 0, 2, 0, 0.6666666666666666, 0, 0, 0, 0, 0, 0, -33.77030563354492, 0.0], [0, 0, 0, 0.10606682300567627, 0, 0, 8, 3, 10, 0, 0, 0, 0, 1, 1, 6, 0, 0, 0, 2, 0, 0.5, 0, 0, 0, 0, 0, 0, -33.77030563354492, 0.0], [0, 0, 0, 0.13669076561927795, 0, 0, 8, 10, 17, 0, 0, 0, 0, 8, 1, 4, 0, 0, 0, 9, 0, 0.5, 0, 0, 0, 0, 0, 0, -20.790061950683594, 0.018468856811523438], [0, 0, 0, 0.01651632785797119, 0, 0, 8, 6, 13, 0, 0, 0, 0, 4, 1, 2, 0, 0, 0, 5, 0, 0.5, 0, 0, 0, 0, 0, 0, -23.257408142089844, 0.05104255676269531], [0, 0, 0, 0.12719929218292236, 0, 0, 8, 3, 10, 0, 0, 0, 0, 1, 1, 4, 0, 0, 0, 2, 0, 0.6666666666666666, 0, 0, 0, 0, 0, 0, -33.77030563354492, 0.0], [0, 0, 0, 0.37015992403030396, 0, 0, 8, 3, 10, 0, 0, 0, 0, 1, 1, 4, 0, 0, 0, 2, 0, 0.5, 0, 0, 0, 0, 0, 0, -33.77030563354492, 0.0], [0, 0, 0, 0.024000465869903564, 0, 0, 8, 12, 19, 0, 0, 0, 0, 9, 2, 1, 0, 0, 0, 11, 0, 0.08, 0, 0, 0, 0, 0, 0, -21.207136154174805, 3.3503475189208984], [0, 0, 0, 0.036860883235931396, 0, 0, 8, 5, 12, 0, 0, 0, 0, 3, 1, 4, 0, 0, 0, 4, 0, 0.75, 0, 0, 0, 0, 0, 0, -24.526206970214844, 0.09002113342285156], [0, 0, 0, 0.04138153791427612, 0, 0, 8, 4, 11, 0, 0, 0, 0, 2, 1, 4, 0, 0, 0, 3, 0, 0.5, 0, 0, 0, 0, 0, 0, -17.16459083557129, 20.851503372192383], [0, 0, 0, 0.05796927213668823, 0, 0, 8, 13, 20, 0, 0, 0, 0, 11, 1, 2, 0, 0, 0, 12, 0, 0.25, 0, 0, 0, 0, 0, 0, -20.26210594177246, 0.012491226196289062], [0, 0, 0, 0.020327001810073853, 0, 0, 8, 13, 20, 0, 0, 0, 0, 11, 1, 3, 0, 0, 0, 12, 0, 0.5, 0, 0, 0, 0, 0, 0, -21.412046432495117, 7.867931365966797], [0, 0, 0, 0.07881641387939453, 0, 0, 8, 5, 12, 0, 0, 0, 0, 3, 1, 3, 0, 0, 0, 4, 0, 0.5, 0, 0, 0, 0, 0, 0, -24.526206970214844, 0.09002113342285156], [1, 0, 1, 0.011634349822998047, 1, 0, 8, 13, 20, 1, 0, 1, 0, 9, 2, 4, 0, 0, 0, 12, 1, 0.6666666666666666, 0, 0, 0, 0, 0, 0, -25.77336311340332, 0.08223533630371094], [1, 0, 0, 0.25336790084838867, 0, 0, 8, 7, 14, 1, 0, 0, 0, 4, 2, 3, 0, 0, 0, 6, 0, 0.5, 0, 0, 0, 0, 0, 0, -37.739585876464844, 6.009616851806641], [0, 0, 0, 0.000274658203125, 0, 0, 8, 5, 12, 0, 0, 0, 0, 2, 2, 4, 0, 0, 0, 4, 0, 0.8, 0, 0, 0, 0, 0, 0, -25.66288948059082, 15.16694450378418], [0, 0, 0, 0.03781038522720337, 0, 0, 8, 3, 10, 0, 0, 0, 0, 1, 1, 1, 0, 0, 0, 2, 0, 0.041666666666666664, 0, 0, 0, 0, 0, 0, -33.77030563354492, 0.0], [0, 0, 0, 0.30571672320365906, 0, 0, 8, 3, 10, 0, 0, 0, 0, 1, 1, 3, 0, 0, 0, 2, 0, 0.5, 0, 0, 0, 0, 0, 0, -33.77030563354492, 0.0], [0, 0, 1, 0.03370785713195801, 0, 0, 8, 7, 14, 0, 0, 1, 0, 5, 1, 4, 0, 0, 0, 6, 0, 0.5, 0, 0, 0, 0, 0, 0, -20.755605697631836, 10.328487396240234], [0, 0, 0, 0.005759000778198242, 0, 0, 8, 4, 11, 0, 0, 0, 0, 2, 1, 6, 0, 0, 0, 3, 0, 0.5, 0, 0, 0, 0, 0, 0, -26.41431427001953, 0.4239768981933594], [0, 0, 0, 0.089297354221344, 0, 0, 8, 4, 11, 0, 0, 0, 0, 2, 1, 3, 0, 0, 0, 3, 0, 0.5, 0, 0, 0, 0, 0, 0, -26.41431427001953, 0.4239768981933594], [0, 0, 0, 0.03490743041038513, 0, 0, 8, 4, 11, 0, 0, 0, 0, 2, 1, 4, 0, 0, 0, 3, 0, 0.5, 0, 0, 0, 0, 0, 0, -26.41431427001953, 0.4239768981933594], [0, 0, 0, 0.03214356303215027, 0, 0, 8, 8, 15, 0, 0, 0, 0, 6, 1, 4, 0, 0, 0, 7, 0, 0.5, 0, 0, 0, 0, 0, 0, -35.70132064819336, 0.006557464599609375], [0, 0, 0, 0.1822909712791443, 0, 0, 8, 5, 12, 0, 0, 0, 0, 3, 1, 3, 0, 0, 0, 4, 0, 0.5, 0, 0, 0, 0, 0, 0, -24.526206970214844, 0.09002113342285156], [0, 0, 0, 0.038017213344573975, 0, 0, 8, 3, 10, 0, 0, 0, 0, 1, 1, 6, 0, 0, 0, 2, 0, 0.8571428571428571, 0, 0, 0, 0, 0, 0, -33.77030563354492, 0.0], [0, 0, 0, 0.07438594102859497, 0, 0, 8, 13, 20, 0, 0, 0, 0, 11, 1, 1, 0, 0, 0, 12, 0, 0.024539877300613498, 0, 0, 0, 0, 0, 0, -20.275501251220703, 0.01248931884765625], [0, 0, 0, 0.09589937329292297, 0, 0, 8, 3, 10, 0, 0, 0, 0, 1, 1, 3, 0, 0, 0, 2, 0, 0.5, 0, 0, 0, 0, 0, 0, -33.77030563354492, 0.0], [0, 0, 0, 0.009860843420028687, 0, 0, 8, 13, 20, 0, 0, 0, 0, 10, 2, 1, 0, 0, 0, 12, 0, 0.2, 0, 0, 0, 0, 0, 0, -21.62163543701172, 3.041494369506836], [0, 0, 0, 0.0461176335811615, 0, 0, 8, 3, 10, 0, 0, 0, 0, 1, 1, 3, 0, 0, 0, 2, 0, 0.5, 0, 0, 0, 0, 0, 0, -33.77030563354492, 0.0], [0, 0, 0, 0.002809286117553711, 0, 0, 8, 3, 10, 0, 0, 0, 0, 1, 1, 6, 0, 0, 0, 2, 0, 0.6666666666666666, 0, 0, 0, 0, 0, 0, -33.77030563354492, 0.0], [0, 0, 0, 0.08128434419631958, 0, 0, 8, 4, 11, 0, 0, 0, 0, 2, 1, 5, 0, 0, 0, 3, 0, 0.5, 0, 0, 0, 0, 0, 0, -26.41431427001953, 0.4239768981933594], [0, 0, 0, 0.11775738000869751, 0, 0, 8, 3, 10, 0, 0, 0, 0, 1, 1, 3, 0, 0, 0, 2, 0, 0.6666666666666666, 0, 0, 0, 0, 0, 0, -33.77030563354492, 0.0], [0, 0, 0, 0.025498390197753906, 0, 0, 8, 7, 14, 0, 0, 0, 0, 5, 1, 3, 0, 0, 0, 6, 0, 0.5, 0, 0, 0, 0, 0, 0, -22.360370635986328, 0.034664154052734375], [0, 0, 0, 0.010041117668151855, 0, 0, 8, 6, 13, 0, 0, 0, 0, 4, 1, 2, 0, 0, 0, 5, 0, 0.5, 0, 0, 0, 0, 0, 0, -23.257408142089844, 0.05104255676269531], [1, 0, 1, 0.08054649829864502, 1, 0, 8, 13, 20, 1, 0, 1, 1, 9, 3, 1, 0, 0, 0, 12, 1, 0.5, 0, 0, 0, 0, 0, 0, -21.994447708129883, 3.855701446533203], [0, 0, 0, 0.019442111253738403, 0, 0, 8, 9, 16, 0, 0, 0, 0, 7, 1, 4, 0, 0, 0, 8, 0, 0.8333333333333334, 0, 0, 0, 0, 0, 0, -21.189762115478516, 0.021245956420898438], [0, 0, 0, 0.08935770392417908, 0, 0, 8, 5, 12, 0, 0, 0, 0, 3, 1, 1, 0, 0, 0, 4, 0, 0.041666666666666664, 0, 0, 0, 0, 0, 0, -24.526206970214844, 0.09002113342285156], [0, 0, 0, 0.07963746786117554, 0, 0, 8, 13, 20, 0, 0, 0, 0, 10, 2, 2, 0, 0, 0, 12, 0, 0.25, 0, 0, 0, 0, 0, 0, -21.2733154296875, 3.0293941497802734], [0, 0, 0, 0.049082785844802856, 0, 0, 8, 8, 15, 0, 1, 0, 0, 6, 1, 5, 0, 0, 0, 7, 0, 0.75, 0, 0, 0, 0, 0, 0, -21.697446823120117, 0.026195526123046875], [0, 0, 0, 0.17746788263320923, 0, 0, 8, 3, 10, 0, 0, 0, 0, 1, 1, 5, 0, 0, 0, 2, 0, 0.5, 0, 0, 0, 0, 0, 0, -33.77030563354492, 0.0], [0, 0, 0, 0.004240542650222778, 0, 0, 8, 3, 10, 0, 0, 0, 0, 1, 1, 3, 0, 0, 0, 2, 0, 0.5, 0, 0, 0, 0, 0, 0, -33.77030563354492, 0.0], [1, 0, 0, 0.03801727294921875, 0, 0, 8, 3, 10, 1, 0, 0, 0, 1, 1, 6, 0, 0, 0, 2, 0, 0.8571428571428571, 0, 0, 0, 0, 0, 0, -33.77030563354492, 0.0], [0, 0, 0, 0.018974900245666504, 0, 0, 8, 13, 20, 0, 0, 0, 0, 11, 1, 4, 0, 0, 0, 12, 0, 0.6666666666666666, 0, 0, 0, 0, 0, 0, -20.3062744140625, 0.012485504150390625], [0, 0, 0, 0.14900454878807068, 0, 0, 8, 3, 10, 0, 0, 0, 0, 1, 1, 3, 0, 0, 0, 2, 0, 0.5, 0, 0, 0, 0, 0, 0, -33.77030563354492, 0.0], [0, 0, 0, 0.08823123574256897, 0, 0, 8, 3, 10, 0, 0, 0, 0, 1, 1, 4, 0, 0, 0, 2, 0, 0.5, 0, 0, 0, 0, 0, 0, -33.77030563354492, 0.0], [0, 0, 0, 0.003943920135498047, 0, 0, 8, 9, 16, 0, 0, 0, 0, 7, 1, 1, 0, 0, 0, 8, 0, 0.08, 0, 0, 0, 0, 0, 0, -27.413700103759766, 0.09732818603515625], [0, 0, 0, 0.10652101039886475, 0, 0, 8, 4, 11, 0, 0, 0, 0, 2, 1, 4, 0, 0, 0, 3, 0, 0.5, 0, 0, 0, 0, 0, 0, -26.41431427001953, 0.4239768981933594], [0, 0, 0, 0.1184338927268982, 0, 0, 8, 13, 20, 0, 0, 0, 0, 7, 4, 1, 0, 0, 0, 12, 0, 0.5, 0, 0, 0, 0, 0, 0, -27.801218032836914, 0.7925090789794922], [0, 0, 0, 0.0010949671268463135, 0, 0, 8, 9, 16, 0, 0, 0, 0, 6, 2, 3, 0, 0, 0, 8, 0, 0.5, 0, 0, 0, 0, 0, 0, -22.53946876525879, 4.768613815307617], [1, 0, 1, 0.009942948818206787, 1, 1, 8, 6, 13, 1, 1, 1, 1, 2, 3, 7, 0, 0, 0, 5, 1, 0.8571428571428571, 0, 0, 1, 0, 0, 0, -38.49819564819336, 11.00607681274414], [0, 0, 1, 0.08538183569908142, 0, 0, 8, 5, 12, 0, 0, 1, 0, 3, 1, 3, 0, 0, 0, 4, 0, 0.3333333333333333, 0, 0, 0, 0, 0, 0, -19.65380859375, 13.606010437011719], [0, 0, 0, 0.051934659481048584, 0, 0, 8, 13, 20, 0, 0, 0, 0, 11, 1, 3, 0, 0, 0, 12, 0, 0.5, 0, 0, 0, 0, 0, 0, -26.844514846801758, 0.0139617919921875], [0, 0, 0, 0.016113698482513428, 0, 0, 8, 3, 10, 0, 0, 0, 0, 1, 1, 7, 0, 0, 0, 2, 0, 0.8571428571428571, 0, 0, 0, 0, 0, 0, -33.77030563354492, 0.0], [0, 0, 0, 0.08598420023918152, 0, 0, 8, 3, 10, 0, 0, 0, 0, 1, 1, 2, 0, 0, 0, 2, 0, 0.5, 0, 0, 0, 0, 0, 0, -33.77030563354492, 0.0], [0, 0, 0, 0.12087902426719666, 0, 0, 8, 4, 11, 0, 0, 0, 0, 2, 1, 2, 0, 0, 0, 3, 0, 0.3333333333333333, 0, 0, 0, 0, 0, 0, -26.41431427001953, 0.4239768981933594], [0, 0, 0, 0.020725995302200317, 0, 0, 8, 13, 20, 0, 0, 0, 0, 11, 1, 1, 0, 0, 0, 12, 0, 0.05, 0, 0, 0, 0, 0, 0, -20.597585678100586, 0.012462615966796875], [0, 0, 0, 0.08498448133468628, 0, 0, 8, 9, 16, 0, 0, 0, 0, 7, 1, 2, 0, 0, 0, 8, 0, 0.6666666666666666, 0, 0, 0, 0, 0, 0, -21.189762115478516, 0.021245956420898438], [0, 0, 0, 0.0004493147134780884, 0, 0, 8, 3, 10, 0, 0, 0, 0, 1, 1, 2, 0, 0, 0, 2, 0, 0.5, 0, 0, 0, 0, 0, 0, -33.77030563354492, 0.0], [0, 0, 0, 0.022912651300430298, 0, 0, 8, 13, 20, 0, 0, 0, 0, 11, 1, 1, 0, 0, 0, 12, 0, 0.05, 0, 0, 0, 0, 0, 0, -20.597585678100586, 0.012462615966796875], [0, 0, 0, 0.02259880304336548, 0, 0, 8, 3, 10, 0, 0, 0, 0, 1, 1, 4, 0, 0, 0, 2, 0, 0.8, 0, 0, 0, 0, 0, 0, -33.77030563354492, 0.0], [0, 0, 0, 0.006066232919692993, 0, 0, 8, 8, 15, 0, 0, 0, 0, 6, 1, 5, 0, 0, 0, 7, 0, 0.6666666666666666, 0, 0, 0, 0, 0, 0, -21.697446823120117, 0.026195526123046875], [1, 0, 1, 0.11193180084228516, 1, 0, 8, 4, 11, 1, 1, 1, 1, 2, 1, 5, 0, 0, 0, 3, 1, 0.6, 0, 0, 0, 0, 0, 0, -26.331144332885742, 0.42426490783691406], [0, 0, 0, 0.0005608797073364258, 0, 0, 8, 6, 13, 0, 0, 0, 0, 4, 1, 1, 0, 0, 0, 5, 0, 0.07142857142857142, 0, 0, 0, 0, 0, 0, -23.257408142089844, 0.05104255676269531], [0, 0, 0, 0.10499626398086548, 0, 0, 8, 6, 13, 0, 0, 0, 0, 4, 1, 2, 0, 0, 0, 5, 0, 0.5, 0, 0, 0, 0, 0, 0, -23.257408142089844, 0.05104255676269531], [0, 0, 0, 0.09747600555419922, 0, 0, 8, 3, 10, 0, 0, 0, 0, 1, 1, 4, 0, 0, 0, 2, 0, 0.5, 0, 0, 0, 0, 0, 0, -33.77030563354492, 0.0], [0, 0, 0, 0.10816466808319092, 0, 0, 8, 3, 10, 0, 0, 0, 0, 1, 1, 4, 0, 0, 0, 2, 0, 0.5, 0, 0, 0, 0, 0, 0, -33.77030563354492, 0.0], [0, 0, 0, 0.0228155255317688, 0, 0, 8, 5, 12, 0, 0, 0, 0, 3, 1, 5, 0, 0, 0, 4, 0, 0.5, 0, 0, 0, 0, 0, 0, -24.526206970214844, 0.09002113342285156], [0, 0, 0, 0.06303730607032776, 0, 0, 8, 4, 11, 0, 0, 0, 0, 2, 1, 4, 0, 0, 0, 3, 0, 0.5, 0, 0, 0, 0, 0, 0, -26.41431427001953, 0.4239768981933594], [0, 0, 0, 0.016284525394439697, 0, 0, 8, 13, 20, 0, 0, 0, 0, 11, 1, 1, 0, 0, 0, 12, 0, 0.2, 0, 0, 0, 0, 0, 0, -20.556243896484375, 0.0124664306640625], [0, 0, 0, 0.074005126953125, 0, 0, 8, 13, 20, 0, 0, 0, 0, 11, 1, 1, 0, 0, 0, 12, 0, 0.041666666666666664, 0, 0, 0, 0, 0, 0, -20.13105583190918, 0.012502670288085938], [0, 0, 0, 0.05449002981185913, 0, 0, 8, 4, 11, 0, 0, 0, 0, 2, 1, 4, 0, 0, 0, 3, 0, 0.6666666666666666, 0, 0, 0, 0, 0, 0, -24.097196578979492, 16.2168025970459], [1, 0, 0, 0.17259478569030762, 0, 0, 8, 10, 17, 1, 0, 0, 0, 5, 3, 3, 0, 0, 0, 9, 0, 0.5, 0, 0, 0, 0, 0, 0, -29.17289924621582, 0.42581748962402344], [0, 0, 0, 0.0, 0, 0, 6, 13, 18, 0, 0, 0, 0, 10, 2, 4, 0, 0, 0, 12, 0, 0.6, 0, 0, 0, 0, 0, 0, -21.166458129882812, 3.028553009033203], [0, 0, 0, 0.17031145095825195, 0, 0, 8, 3, 10, 0, 0, 0, 0, 1, 1, 4, 0, 0, 0, 2, 0, 0.5, 0, 0, 0, 0, 0, 0, -33.77030563354492, 0.0], [0, 0, 0, 0.06566798686981201, 0, 0, 8, 6, 13, 0, 0, 0, 0, 4, 1, 4, 0, 0, 0, 5, 0, 0.6666666666666666, 0, 0, 0, 0, 0, 0, -38.90766143798828, 0.004573822021484375], [0, 0, 0, 0.05590027570724487, 0, 0, 8, 3, 10, 0, 0, 0, 0, 1, 1, 7, 0, 0, 0, 2, 0, 0.75, 0, 0, 0, 0, 0, 0, -33.77030563354492, 0.0], [1, 0, 1, 0.058150291442871094, 1, 0, 8, 13, 20, 1, 0, 1, 1, 10, 2, 4, 0, 0, 0, 12, 1, 0.5, 0, 0, 0, 0, 0, 0, -20.988265991210938, 3.0258865356445312], [0, 0, 0, 0.115130215883255, 0, 0, 8, 3, 10, 0, 0, 0, 0, 1, 1, 6, 0, 0, 0, 2, 0, 0.6666666666666666, 0, 0, 0, 0, 0, 0, -33.77030563354492, 0.0], [0, 0, 0, 0.06303137540817261, 0, 0, 8, 6, 13, 0, 0, 0, 0, 4, 1, 5, 0, 0, 0, 5, 0, 0.6666666666666666, 0, 0, 0, 0, 0, 0, -23.257408142089844, 0.05104255676269531], [1, 0, 0, 0.024392247200012207, 0, 0, 8, 13, 20, 1, 0, 1, 0, 6, 4, 4, 0, 0, 0, 12, 0, 0.6666666666666666, 0, 0, 0, 0, 0, 0, -32.44456481933594, 0.8635406494140625], [1, 0, 0, 0.011634349822998047, 1, 0, 8, 13, 20, 1, 0, 1, 0, 10, 2, 4, 0, 0, 0, 12, 1, 0.6666666666666666, 0, 0, 0, 0, 0, 0, -21.425798416137695, 3.0375900268554688], [0, 0, 0, 0.01227116584777832, 0, 0, 8, 7, 14, 0, 0, 0, 0, 5, 1, 3, 0, 0, 0, 6, 0, 0.5, 0, 0, 0, 0, 0, 0, -36.4503288269043, 0.07271575927734375], [0, 0, 0, 0.014718770980834961, 0, 0, 8, 3, 10, 0, 0, 0, 0, 1, 1, 6, 0, 0, 0, 2, 0, 0.6666666666666666, 0, 0, 0, 0, 0, 0, -33.77030563354492, 0.0], [0, 0, 0, 0.00869077444076538, 0, 0, 8, 4, 11, 0, 0, 0, 0, 2, 1, 5, 0, 0, 0, 3, 0, 0.5, 0, 0, 0, 0, 0, 0, -26.41431427001953, 0.4239768981933594], [0, 0, 0, 0.10824212431907654, 0, 0, 8, 3, 10, 0, 0, 0, 0, 1, 1, 4, 0, 0, 0, 2, 0, 0.5, 0, 0, 0, 0, 0, 0, -33.77030563354492, 0.0], [0, 0, 0, 0.038204580545425415, 0, 0, 8, 5, 12, 0, 0, 0, 0, 3, 1, 4, 0, 0, 0, 4, 0, 0.5, 0, 0, 0, 0, 0, 0, -19.47860336303711, 13.767387390136719], [0, 0, 0, 0.2968481779098511, 0, 0, 8, 3, 10, 0, 0, 0, 0, 1, 1, 4, 0, 0, 0, 2, 0, 0.5, 0, 0, 0, 0, 0, 0, -33.77030563354492, 0.0], [0, 0, 0, 0.04578283429145813, 0, 0, 8, 6, 13, 0, 0, 0, 0, 4, 1, 5, 0, 0, 0, 5, 0, 0.5, 0, 0, 0, 0, 0, 0, -23.257408142089844, 0.05104255676269531], [1, 0, 1, 0.0, 0, 0, 8, 8, 15, 1, 0, 1, 1, 5, 2, 5, 0, 0, 0, 7, 1, 0.8, 0, 0, 0, 0, 0, 0, -22.973129272460938, 5.536472320556641], [0, 0, 0, 0.006445825099945068, 0, 0, 8, 13, 20, 0, 0, 0, 0, 11, 1, 2, 0, 0, 0, 12, 0, 0.5, 0, 0, 0, 0, 0, 0, -26.697185516357422, 0.013990402221679688], [0, 0, 0, 0.09448778629302979, 0, 0, 8, 13, 20, 0, 0, 0, 0, 8, 2, 1, 0, 0, 0, 12, 0, 0.5, 0, 0, 0, 0, 0, 0, -29.63939666748047, 0.09174919128417969], [0, 0, 0, 0.06765547394752502, 0, 0, 8, 13, 20, 0, 0, 0, 0, 11, 1, 2, 0, 0, 0, 12, 0, 0.5, 0, 0, 0, 0, 0, 0, -26.6970157623291, 0.013986587524414062], [0, 0, 0, 0.050944820046424866, 0, 0, 8, 3, 10, 0, 1, 0, 0, 1, 1, 3, 0, 0, 0, 2, 0, 0.5, 0, 0, 0, 0, 0, 0, -33.77030563354492, 0.0], [0, 0, 0, 0.5318686068058014, 0, 0, 8, 3, 10, 0, 0, 0, 0, 1, 1, 4, 0, 0, 0, 2, 0, 0.5, 0, 0, 0, 0, 0, 0, -33.77030563354492, 0.0], [0, 0, 0, 0.019098997116088867, 0, 0, 8, 5, 12, 0, 0, 0, 0, 3, 1, 4, 0, 0, 0, 4, 0, 0.6666666666666666, 0, 0, 0, 0, 0, 0, -24.526206970214844, 0.09002113342285156], [0, 0, 0, 0.013604313135147095, 0, 0, 8, 3, 10, 0, 0, 0, 0, 1, 1, 4, 0, 0, 0, 2, 0, 0.5, 0, 0, 0, 0, 0, 0, -33.77030563354492, 0.0], [1, 0, 1, 0.026756465435028076, 0, 0, 8, 4, 11, 1, 0, 1, 1, 2, 1, 5, 0, 0, 0, 3, 0, 0.5, 0, 0, 0, 0, 0, 0, -26.331144332885742, 0.42426490783691406], [0, 0, 0, 0.014423251152038574, 0, 0, 8, 13, 20, 0, 0, 0, 0, 11, 1, 1, 0, 0, 0, 12, 0, 0.2, 0, 0, 0, 0, 0, 0, -20.556243896484375, 0.0124664306640625], [0, 0, 0, 0.09782814979553223, 0, 0, 8, 13, 20, 0, 0, 1, 0, 11, 1, 1, 0, 0, 0, 12, 0, 0.041666666666666664, 0, 0, 0, 0, 0, 0, -20.13105583190918, 0.012502670288085938], [0, 0, 0, 0.24648022651672363, 0, 0, 8, 13, 20, 0, 0, 0, 0, 11, 1, 2, 0, 0, 0, 12, 0, 0.75, 0, 0, 0, 0, 0, 0, -20.019628524780273, 0.012508392333984375], [0, 0, 0, 0.020971238613128662, 0, 0, 8, 13, 20, 0, 0, 0, 0, 8, 3, 2, 0, 0, 0, 12, 0, 0.8, 0, 0, 0, 0, 0, 0, -33.34912872314453, 0.09538650512695312], [0, 0, 0, 0.023691892623901367, 0, 0, 8, 3, 10, 0, 0, 0, 0, 1, 1, 4, 0, 0, 0, 2, 0, 0.5, 0, 0, 0, 0, 0, 0, -33.77030563354492, 0.0], [0, 0, 0, 0.025435924530029297, 0, 0, 8, 13, 20, 0, 0, 0, 0, 10, 2, 2, 0, 0, 0, 12, 0, 0.5, 0, 0, 0, 0, 0, 0, -21.329072952270508, 3.0365562438964844], [0, 0, 0, 0.015768706798553467, 0, 0, 8, 3, 10, 0, 0, 0, 0, 1, 1, 3, 0, 0, 0, 2, 0, 0.5, 0, 0, 0, 0, 0, 0, -33.77030563354492, 0.0], [0, 0, 0, 0.04678413271903992, 0, 0, 8, 4, 11, 0, 0, 0, 0, 2, 1, 4, 0, 0, 0, 3, 0, 0.5, 0, 0, 0, 0, 0, 0, -26.41431427001953, 0.4239768981933594], [0, 0, 0, 0.07119676470756531, 0, 0, 8, 4, 11, 0, 0, 0, 0, 2, 1, 3, 0, 0, 0, 3, 0, 0.75, 0, 0, 0, 0, 0, 0, -26.41431427001953, 0.4239768981933594], [0, 0, 0, 0.0, 0, 0, 8, 6, 13, 0, 0, 0, 0, 4, 1, 6, 0, 0, 0, 5, 0, 0.75, 0, 0, 0, 0, 0, 0, -23.257408142089844, 0.05104255676269531], [0, 0, 0, 0.02300170063972473, 0, 0, 8, 9, 16, 0, 0, 0, 0, 6, 2, 5, 0, 0, 0, 8, 0, 0.5, 0, 0, 0, 0, 0, 0, -22.5402774810791, 4.76690673828125], [0, 0, 0, 0.04740145802497864, 0, 0, 8, 13, 20, 0, 0, 0, 0, 11, 1, 1, 0, 0, 0, 12, 0, 0.09523809523809523, 0, 0, 0, 0, 0, 0, -20.328527450561523, 0.012483596801757812], [0, 0, 0, 0.05541872978210449, 0, 0, 8, 13, 20, 0, 0, 0, 0, 11, 1, 1, 0, 0, 0, 12, 0, 0.08, 0, 0, 0, 0, 0, 0, -19.98235321044922, 0.012516021728515625], [0, 0, 0, 0.010686337947845459, 0, 0, 8, 4, 11, 0, 0, 0, 0, 1, 2, 4, 0, 0, 0, 3, 0, 0.5, 0, 0, 0, 0, 0, 0, -36.336219787597656, 0.0], [0, 0, 0, 0.005343616008758545, 0, 0, 8, 13, 20, 0, 0, 0, 0, 11, 1, 1, 0, 0, 0, 12, 0, 0.007633587786259542, 0, 0, 0, 0, 0, 0, -20.381471633911133, 0.012483596801757812], [1, 0, 0, 0.13016372919082642, 0, 0, 8, 7, 14, 1, 0, 0, 0, 5, 1, 2, 0, 0, 0, 6, 0, 0.5, 0, 0, 0, 0, 0, 0, -37.08146286010742, 0.01079559326171875], [0, 0, 0, 0.0391097366809845, 0, 1, 8, 10, 17, 0, 0, 0, 0, 8, 1, 4, 0, 0, 0, 9, 0, 0.6666666666666666, 0, 0, 1, 0, 0, 0, -36.31867599487305, 0.008480072021484375], [0, 0, 0, 0.06398680806159973, 0, 0, 8, 13, 20, 0, 0, 0, 0, 11, 1, 4, 0, 0, 0, 12, 0, 0.5, 0, 0, 0, 0, 0, 0, -20.20038414001465, 0.012495040893554688], [0, 0, 0, 0.03408932685852051, 0, 0, 8, 13, 20, 0, 0, 0, 0, 11, 1, 3, 0, 0, 0, 12, 0, 0.8, 0, 0, 0, 0, 0, 0, -20.20038414001465, 0.012495040893554688], [0, 0, 0, 0.017467141151428223, 0, 0, 8, 4, 11, 0, 0, 0, 0, 2, 1, 1, 0, 0, 0, 3, 0, 0.07142857142857142, 0, 0, 0, 0, 0, 0, -26.41431427001953, 0.4239768981933594], [0, 0, 0, 0.06827229261398315, 0, 0, 8, 13, 20, 0, 0, 0, 0, 11, 1, 3, 0, 0, 0, 12, 0, 0.5, 0, 0, 0, 0, 0, 0, -20.163042068481445, 0.0124969482421875], [0, 0, 0, 0.08161002397537231, 0, 0, 8, 13, 20, 0, 0, 0, 0, 11, 1, 2, 0, 0, 0, 12, 0, 0.6666666666666666, 0, 0, 0, 0, 0, 0, -20.353927612304688, 0.012477874755859375], [0, 0, 0, 0.1491280198097229, 0, 0, 8, 4, 11, 0, 0, 0, 0, 2, 1, 4, 0, 0, 0, 3, 0, 0.75, 0, 0, 0, 0, 0, 0, -26.41431427001953, 0.4239768981933594], [0, 0, 0, 0.10975450277328491, 0, 0, 8, 9, 16, 0, 0, 0, 0, 7, 1, 4, 0, 0, 0, 8, 0, 0.5, 0, 0, 0, 0, 0, 0, -21.189762115478516, 0.021245956420898438], [0, 0, 0, 0.0118865966796875, 0, 0, 8, 13, 20, 0, 0, 0, 0, 11, 1, 1, 0, 0, 0, 12, 0, 0.2, 0, 0, 0, 0, 0, 0, -20.556243896484375, 0.0124664306640625], [0, 0, 0, 0.20024853944778442, 0, 0, 8, 3, 10, 0, 0, 0, 0, 1, 1, 5, 0, 0, 0, 2, 0, 0.75, 0, 0, 0, 0, 0, 0, -33.77030563354492, 0.0], [0, 0, 0, 0.4323195815086365, 0, 0, 8, 4, 11, 0, 0, 0, 0, 1, 2, 4, 0, 0, 0, 3, 0, 0.75, 0, 0, 0, 0, 0, 0, -30.875612258911133, 0.0], [0, 0, 0, 0.01889827847480774, 0, 0, 8, 13, 20, 0, 0, 0, 0, 11, 1, 1, 0, 0, 0, 12, 0, 0.007633587786259542, 0, 0, 0, 0, 0, 0, -20.381471633911133, 0.012483596801757812], [0, 0, 0, 0.03896689414978027, 0, 0, 8, 13, 20, 0, 0, 0, 0, 10, 2, 2, 0, 0, 0, 12, 0, 0.5, 0, 0, 0, 0, 0, 0, -21.26313591003418, 3.0356292724609375], [0, 0, 0, 0.00957334041595459, 0, 0, 8, 13, 20, 0, 0, 0, 0, 10, 2, 1, 0, 0, 0, 12, 0, 0.2, 0, 0, 0, 0, 0, 0, -21.376798629760742, 3.0393524169921875], [0, 0, 0, 0.06120115518569946, 0, 0, 8, 13, 20, 0, 0, 0, 0, 11, 1, 3, 0, 0, 0, 12, 0, 0.5, 0, 0, 0, 0, 0, 0, -20.20038414001465, 0.012495040893554688], [0, 0, 0, 0.04440879821777344, 0, 0, 8, 3, 10, 0, 0, 0, 0, 1, 1, 2, 0, 0, 0, 2, 0, 0.25, 0, 0, 0, 0, 0, 0, -33.77030563354492, 0.0], [0, 0, 0, 0.021495193243026733, 0, 0, 8, 13, 20, 0, 0, 0, 0, 11, 1, 1, 0, 0, 0, 12, 0, 0.05, 0, 0, 0, 0, 0, 0, -20.597585678100586, 0.012462615966796875], [0, 0, 0, 0.04781755805015564, 0, 0, 8, 13, 20, 0, 0, 0, 0, 11, 1, 2, 0, 0, 0, 12, 0, 0.25, 0, 0, 0, 0, 0, 0, -20.26210594177246, 0.012491226196289062], [0, 0, 0, 0.11575144529342651, 0, 0, 8, 9, 16, 0, 0, 0, 0, 7, 1, 4, 0, 0, 0, 8, 0, 0.5, 0, 0, 0, 0, 0, 0, -21.189762115478516, 0.021245956420898438], [0, 0, 0, 0.012300729751586914, 0, 0, 8, 13, 20, 0, 0, 1, 0, 9, 2, 1, 0, 0, 0, 12, 0, 0.041666666666666664, 0, 0, 0, 0, 0, 0, -32.55949020385742, 0.038234710693359375], [0, 0, 0, 0.009595394134521484, 0, 0, 8, 13, 20, 0, 0, 0, 0, 10, 2, 6, 0, 0, 0, 12, 0, 0.6666666666666666, 0, 0, 0, 0, 0, 0, -26.839580535888672, 2.8461132049560547], [0, 0, 0, 0.02605229616165161, 0, 0, 8, 13, 20, 0, 0, 1, 0, 6, 4, 4, 0, 0, 0, 12, 0, 0.6666666666666666, 0, 0, 0, 0, 0, 0, -31.909358978271484, 0.9912147521972656], [0, 0, 0, 0.05746340751647949, 0, 0, 8, 5, 12, 0, 0, 0, 0, 3, 1, 4, 0, 0, 0, 4, 0, 0.5, 0, 0, 0, 0, 0, 0, -19.71755027770996, 13.607839584350586], [1, 0, 0, 0.1836932897567749, 0, 0, 2, 3, 4, 1, 0, 0, 0, 1, 1, 1, 0, 0, 0, 2, 0, 0.6666666666666666, 0, 0, 0, 0, 0, 0, -33.77030563354492, 0.0], [0, 0, 0, 0.44184310734272003, 0, 0, 8, 3, 10, 0, 0, 0, 0, 1, 1, 3, 0, 0, 0, 2, 0, 0.5, 0, 0, 0, 0, 0, 0, -33.77030563354492, 0.0], [0, 0, 0, 0.12861204147338867, 0, 0, 8, 13, 20, 0, 0, 1, 0, 10, 2, 4, 0, 0, 0, 12, 0, 0.5, 0, 0, 0, 0, 0, 0, -21.340356826782227, 3.0362606048583984], [0, 0, 0, 0.014593183994293213, 0, 0, 8, 13, 20, 0, 0, 0, 0, 11, 1, 1, 0, 0, 0, 12, 0, 0.007633587786259542, 0, 0, 0, 0, 0, 0, -20.26210594177246, 0.012491226196289062], [0, 0, 0, 0.017819643020629883, 0, 0, 8, 13, 20, 0, 0, 0, 0, 11, 1, 3, 0, 0, 0, 12, 0, 0.5, 0, 0, 0, 0, 0, 0, -20.233064651489258, 0.01248931884765625], [0, 0, 0, 0.01692885160446167, 0, 0, 8, 13, 20, 0, 0, 0, 0, 11, 1, 1, 0, 0, 0, 12, 0, 0.007633587786259542, 0, 0, 0, 0, 0, 0, -20.381471633911133, 0.012483596801757812], [0, 0, 0, 0.2508651614189148, 0, 0, 8, 5, 12, 0, 0, 0, 0, 2, 2, 2, 0, 0, 0, 4, 0, 0.3333333333333333, 0, 0, 0, 0, 0, 0, -25.66288948059082, 15.16694450378418], [0, 0, 0, 0.001574188470840454, 0, 0, 8, 5, 12, 0, 0, 0, 0, 3, 1, 2, 0, 0, 0, 4, 0, 0.5, 0, 0, 0, 0, 0, 0, -24.526206970214844, 0.09002113342285156], [0, 0, 0, 0.037981778383255005, 0, 0, 8, 4, 11, 0, 0, 0, 0, 2, 1, 4, 0, 0, 0, 3, 0, 0.6666666666666666, 0, 0, 0, 0, 0, 0, -17.16459083557129, 20.851503372192383], [0, 0, 0, 0.007395744323730469, 0, 0, 8, 4, 11, 0, 0, 0, 0, 2, 1, 4, 0, 0, 0, 3, 0, 0.5, 0, 0, 0, 0, 0, 0, -36.39665985107422, 0.37094879150390625], [0, 0, 0, 0.14822959899902344, 0, 0, 8, 3, 10, 0, 0, 0, 0, 1, 1, 2, 0, 0, 0, 2, 0, 0.5, 0, 0, 0, 0, 0, 0, -33.936702728271484, 0.0], [0, 0, 0, 0.007880628108978271, 0, 0, 8, 13, 20, 0, 0, 0, 0, 8, 4, 3, 0, 0, 0, 12, 0, 0.6666666666666666, 0, 0, 0, 0, 0, 0, -22.532459259033203, 4.8185577392578125], [0, 0, 0, 0.02602088451385498, 0, 0, 8, 3, 10, 0, 0, 0, 0, 1, 1, 3, 0, 0, 0, 2, 0, 0.5, 0, 0, 0, 0, 0, 0, -33.77030563354492, 0.0], [0, 0, 0, 0.02514210343360901, 0, 0, 8, 13, 20, 0, 0, 0, 0, 11, 1, 1, 0, 0, 0, 12, 0, 0.125, 0, 0, 0, 0, 0, 0, -20.019628524780273, 0.012508392333984375], [0, 0, 0, 0.019777774810791016, 0, 0, 8, 13, 20, 0, 0, 0, 0, 11, 1, 1, 0, 0, 0, 12, 0, 0.05, 0, 0, 0, 0, 0, 0, -20.597585678100586, 0.012462615966796875], [0, 0, 0, 0.051182836294174194, 0, 0, 8, 5, 12, 0, 0, 0, 0, 3, 1, 4, 0, 0, 0, 4, 0, 0.5, 0, 0, 0, 0, 0, 0, -24.526206970214844, 0.09002113342285156], [0, 0, 0, 0.014305144548416138, 0, 0, 8, 13, 20, 0, 0, 0, 0, 11, 1, 2, 0, 0, 0, 12, 0, 0.5, 0, 0, 0, 0, 0, 0, -20.233064651489258, 0.01248931884765625], [0, 0, 0, 0.1423313021659851, 0, 0, 8, 3, 10, 0, 0, 0, 0, 1, 1, 4, 0, 0, 0, 2, 0, 0.5, 0, 0, 0, 0, 0, 0, -33.77030563354492, 0.0], [0, 0, 0, 0.004598468542098999, 0, 0, 8, 13, 20, 0, 0, 0, 0, 11, 1, 1, 0, 0, 0, 12, 0, 0.04, 0, 0, 0, 0, 0, 0, -20.163042068481445, 0.0124969482421875], [0, 0, 0, 0.01405346393585205, 0, 0, 8, 13, 20, 0, 0, 0, 0, 11, 1, 1, 0, 0, 0, 12, 0, 0.07142857142857142, 0, 0, 0, 0, 0, 0, -20.22526741027832, 0.012491226196289062], [0, 0, 0, 0.005903780460357666, 0, 0, 8, 4, 11, 0, 0, 0, 0, 2, 1, 5, 0, 0, 0, 3, 0, 0.5, 0, 0, 0, 0, 0, 0, -26.41431427001953, 0.4239768981933594], [0, 0, 0, 0.00012546777725219727, 0, 0, 8, 6, 13, 0, 0, 0, 0, 4, 1, 4, 0, 0, 0, 5, 0, 0.5, 0, 0, 0, 0, 0, 0, -38.90766143798828, 0.004573822021484375], [0, 0, 0, 0.004750698804855347, 0, 0, 8, 3, 10, 0, 0, 0, 0, 1, 1, 3, 0, 0, 0, 2, 0, 0.5, 0, 0, 0, 0, 0, 0, -33.77030563354492, 0.0], [0, 0, 0, 0.013192832469940186, 0, 0, 8, 3, 10, 0, 0, 0, 0, 1, 1, 4, 0, 0, 0, 2, 0, 0.5, 0, 0, 0, 0, 0, 0, -33.77030563354492, 0.0], [0, 0, 1, 0.006468534469604492, 0, 0, 8, 8, 15, 0, 0, 1, 1, 4, 3, 1, 0, 0, 0, 7, 0, 0.041666666666666664, 0, 0, 0, 0, 0, 0, -37.87664031982422, 7.6051483154296875], [0, 0, 0, 0.09678924083709717, 0, 0, 8, 9, 16, 0, 0, 0, 0, 6, 2, 4, 0, 0, 0, 8, 0, 0.6666666666666666, 0, 0, 0, 0, 0, 0, -22.49759864807129, 4.760358810424805], [0, 0, 0, 0.02499401569366455, 0, 0, 8, 6, 13, 0, 0, 0, 0, 4, 1, 2, 0, 0, 0, 5, 0, 0.6666666666666666, 0, 0, 0, 0, 0, 0, -39.051918029785156, 0.08806991577148438], [0, 0, 0, 0.005585849285125732, 0, 0, 8, 4, 11, 0, 0, 0, 0, 2, 1, 5, 0, 0, 0, 3, 0, 0.6666666666666666, 0, 0, 0, 0, 0, 0, -26.41431427001953, 0.4239768981933594], [0, 0, 0, 0.032713621854782104, 0, 0, 8, 13, 20, 0, 0, 0, 0, 11, 1, 3, 0, 0, 0, 12, 0, 0.25, 0, 0, 0, 0, 0, 0, -20.001657485961914, 0.012508392333984375], [0, 0, 0, 0.06444385647773743, 0, 0, 8, 13, 20, 0, 0, 0, 0, 11, 1, 2, 0, 0, 0, 12, 0, 0.25, 0, 0, 0, 0, 0, 0, -20.26210594177246, 0.012491226196289062], [0, 0, 0, 0.008970499038696289, 0, 0, 8, 3, 10, 0, 0, 0, 0, 1, 1, 7, 0, 0, 0, 2, 0, 0.5, 0, 0, 0, 0, 0, 0, -33.77030563354492, 0.0], [0, 0, 0, 0.03179198503494263, 0, 0, 8, 3, 10, 0, 0, 0, 0, 1, 1, 4, 0, 0, 0, 2, 0, 0.5, 0, 0, 0, 0, 0, 0, -33.77030563354492, 0.0], [0, 0, 0, 0.06969338655471802, 0, 0, 8, 13, 20, 0, 0, 0, 0, 11, 1, 2, 0, 0, 0, 12, 0, 0.25, 0, 0, 0, 0, 0, 0, -20.26210594177246, 0.012491226196289062], [0, 0, 0, 0.01781371235847473, 0, 0, 8, 5, 12, 0, 0, 0, 0, 3, 1, 7, 0, 0, 0, 4, 0, 0.5, 0, 0, 0, 0, 0, 0, -24.526206970214844, 0.09002113342285156], [0, 0, 0, 0.0714293122291565, 0, 0, 8, 3, 10, 0, 0, 0, 0, 1, 1, 4, 0, 0, 0, 2, 0, 0.5, 0, 0, 0, 0, 0, 0, -33.77030563354492, 0.0], [0, 0, 0, 0.02360600233078003, 0, 0, 8, 6, 13, 0, 0, 0, 0, 4, 1, 5, 0, 0, 0, 5, 0, 0.5, 0, 0, 0, 0, 0, 0, -43.23027420043945, 0.3992805480957031], [0, 0, 0, 0.046276628971099854, 0, 0, 8, 13, 20, 0, 0, 0, 0, 11, 1, 1, 0, 0, 0, 12, 0, 0.024539877300613498, 0, 0, 0, 0, 0, 0, -20.275501251220703, 0.01248931884765625], [0, 0, 0, 0.033117592334747314, 0, 0, 8, 13, 20, 0, 0, 0, 0, 10, 2, 2, 0, 0, 0, 12, 0, 0.8, 0, 0, 0, 0, 0, 0, -21.38506507873535, 3.0355491638183594], [0, 0, 0, 0.02900141477584839, 0, 0, 8, 13, 20, 0, 0, 0, 0, 11, 1, 4, 0, 0, 0, 12, 0, 0.6666666666666666, 0, 0, 0, 0, 0, 0, -20.067140579223633, 0.012506484985351562], [0, 0, 0, 9.924173355102539e-05, 0, 0, 8, 13, 20, 0, 0, 1, 0, 10, 2, 2, 0, 0, 0, 12, 0, 0.5, 0, 0, 0, 0, 0, 0, -21.267789840698242, 3.034587860107422], [1, 0, 1, 0.11193180084228516, 1, 0, 8, 4, 11, 1, 0, 1, 1, 2, 1, 5, 0, 0, 0, 3, 1, 0.6, 0, 0, 0, 0, 0, 0, -26.331144332885742, 0.42426490783691406], [1, 0, 1, 0.17492949962615967, 0, 1, 6, 3, 8, 1, 0, 0, 0, 1, 1, 5, 0, 0, 0, 2, 0, 0.6666666666666666, 0, 0, 1, 0, 0, 0, -26.607397079467773, 16.758657455444336], [1, 0, 0, 0.23318982124328613, 1, 0, 8, 6, 13, 1, 1, 1, 0, 4, 1, 4, 0, 0, 0, 5, 1, 0.6666666666666666, 0, 0, 0, 0, 0, 0, -38.85139846801758, 0.004627227783203125], [0, 0, 0, 0.16183573007583618, 0, 0, 8, 3, 10, 0, 0, 0, 0, 1, 1, 7, 0, 0, 0, 2, 0, 0.6666666666666666, 0, 0, 0, 0, 0, 0, -33.77030563354492, 0.0], [0, 0, 0, 0.21123647689819336, 0, 0, 8, 13, 20, 0, 0, 0, 0, 11, 1, 2, 0, 0, 0, 12, 0, 0.75, 0, 0, 0, 0, 0, 0, -20.019628524780273, 0.012508392333984375], [0, 0, 0, 0.013783901929855347, 0, 0, 8, 13, 20, 0, 0, 0, 0, 11, 1, 2, 0, 0, 0, 12, 0, 0.6666666666666666, 0, 0, 0, 0, 0, 0, -19.98235321044922, 0.012516021728515625], [0, 0, 0, 0.09502744674682617, 0, 0, 8, 7, 14, 0, 0, 0, 0, 3, 3, 6, 0, 0, 0, 6, 0, 0.75, 0, 0, 0, 0, 0, 0, -24.34358787536621, 8.773027420043945], [0, 0, 0, 0.019156277179718018, 0, 0, 8, 5, 12, 0, 0, 0, 0, 3, 1, 4, 0, 0, 0, 4, 0, 0.6666666666666666, 0, 0, 0, 0, 0, 0, -24.526206970214844, 0.09002113342285156], [0, 0, 0, 0.08454060554504395, 0, 0, 8, 13, 20, 0, 0, 0, 0, 9, 2, 3, 0, 0, 0, 12, 0, 0.5, 0, 0, 0, 0, 0, 0, -25.340341567993164, 0.13249588012695312], [0, 0, 0, 0.008311688899993896, 0, 0, 8, 4, 11, 0, 0, 0, 0, 2, 1, 4, 0, 0, 0, 3, 0, 0.8, 0, 0, 0, 0, 0, 0, -26.41431427001953, 0.4239768981933594], [0, 0, 0, 0.0673932433128357, 0, 0, 8, 5, 12, 0, 0, 0, 0, 3, 1, 1, 0, 0, 0, 4, 0, 0.5, 0, 0, 0, 0, 0, 0, -24.526206970214844, 0.09002113342285156], [0, 0, 0, 0.06517526507377625, 0, 0, 8, 13, 20, 0, 0, 0, 0, 11, 1, 1, 0, 0, 0, 12, 0, 0.024539877300613498, 0, 0, 0, 0, 0, 0, -20.275501251220703, 0.01248931884765625], [0, 0, 0, 0.04130345582962036, 0, 0, 8, 3, 10, 0, 0, 0, 0, 1, 1, 4, 0, 0, 0, 2, 0, 0.5, 0, 0, 0, 0, 0, 0, -33.77030563354492, 0.0], [0, 0, 0, 0.041936397552490234, 0, 0, 8, 5, 12, 0, 0, 0, 0, 3, 1, 2, 0, 0, 0, 4, 0, 0.5, 0, 0, 0, 0, 0, 0, -24.526206970214844, 0.09002113342285156], [0, 0, 0, 0.015242725610733032, 0, 0, 8, 3, 10, 0, 0, 0, 0, 1, 1, 4, 0, 0, 0, 2, 0, 0.5, 0, 0, 0, 0, 0, 0, -33.77030563354492, 0.0], [0, 0, 0, 0.1583496779203415, 0, 0, 8, 5, 12, 0, 0, 0, 0, 3, 1, 3, 0, 0, 0, 4, 0, 0.5, 0, 0, 0, 0, 0, 0, -24.526206970214844, 0.09002113342285156], [0, 0, 0, 0.09372124075889587, 0, 0, 8, 3, 10, 0, 0, 0, 0, 1, 1, 3, 0, 0, 0, 2, 0, 0.6666666666666666, 0, 0, 0, 0, 0, 0, -34.02247619628906, 0.0], [1, 0, 0, 0.03207272291183472, 0, 0, 8, 3, 10, 1, 0, 0, 0, 1, 1, 7, 0, 0, 0, 2, 0, 0.5, 0, 0, 0, 0, 0, 0, -33.77030563354492, 0.0], [0, 0, 0, 0.14079958200454712, 0, 0, 8, 3, 10, 0, 0, 0, 0, 1, 1, 3, 0, 0, 0, 2, 0, 0.5, 0, 0, 0, 0, 0, 0, -33.77030563354492, 0.0], [0, 0, 0, 0.012006759643554688, 0, 0, 8, 13, 20, 0, 1, 0, 0, 11, 1, 2, 0, 0, 0, 12, 0, 0.5, 0, 0, 0, 0, 0, 0, -20.233064651489258, 0.01248931884765625], [0, 0, 0, 0.013137847185134888, 0, 0, 8, 5, 12, 0, 0, 0, 0, 3, 1, 3, 0, 0, 0, 4, 0, 0.5, 0, 0, 0, 0, 0, 0, -24.526206970214844, 0.09002113342285156], [0, 0, 0, 0.0740257203578949, 0, 0, 8, 3, 10, 0, 0, 0, 0, 1, 1, 2, 0, 0, 0, 2, 0, 0.3333333333333333, 0, 0, 0, 0, 0, 0, -34.02247619628906, 0.0], [0, 0, 0, 0.12938150763511658, 0, 0, 8, 3, 10, 0, 0, 0, 0, 1, 1, 2, 0, 0, 0, 2, 0, 0.25, 0, 0, 0, 0, 0, 0, -33.77030563354492, 0.0], [1, 0, 0, 0.0016307234764099121, 0, 0, 8, 3, 10, 1, 0, 0, 0, 1, 1, 5, 0, 0, 0, 2, 0, 0.6666666666666666, 0, 0, 0, 0, 0, 0, -33.77030563354492, 0.0], [1, 0, 0, 0.03801727294921875, 0, 0, 8, 3, 10, 1, 0, 0, 0, 1, 1, 6, 0, 0, 0, 2, 0, 0.8571428571428571, 0, 0, 0, 0, 0, 0, -33.77030563354492, 0.0], [0, 0, 0, 0.40184536576271057, 0, 0, 8, 3, 10, 0, 0, 0, 0, 1, 1, 3, 0, 0, 0, 2, 0, 0.6666666666666666, 0, 0, 0, 0, 0, 0, -33.77030563354492, 0.0], [0, 0, 0, 0.15997520089149475, 0, 0, 5, 4, 8, 0, 0, 0, 0, 2, 1, 2, 0, 0, 0, 3, 0, 0.5, 0, 0, 0, 0, 0, 0, -26.41431427001953, 0.4239768981933594], [1, 0, 1, 0.12053021788597107, 0, 0, 8, 6, 13, 1, 0, 1, 0, 4, 1, 4, 0, 0, 0, 5, 0, 0.5, 0, 0, 0, 0, 0, 0, -35.18864440917969, 8.842727661132812], [0, 0, 0, 0.011636614799499512, 0, 0, 8, 13, 20, 0, 0, 0, 0, 10, 2, 1, 0, 0, 0, 12, 0, 0.2, 0, 0, 0, 0, 0, 0, -26.373842239379883, 2.073375701904297], [0, 0, 0, 0.24914777278900146, 0, 0, 8, 6, 13, 0, 0, 0, 0, 3, 2, 4, 0, 0, 0, 5, 0, 0.5, 0, 0, 0, 0, 0, 0, -39.196861267089844, 5.796039581298828], [0, 0, 1, 0.012667208909988403, 0, 0, 8, 10, 17, 0, 0, 1, 1, 5, 4, 5, 0, 0, 0, 9, 0, 0.5, 0, 0, 0, 0, 0, 0, -39.95222473144531, 7.4479827880859375], [0, 0, 0, 0.03378009796142578, 0, 0, 8, 6, 13, 0, 0, 0, 0, 3, 2, 3, 0, 0, 0, 5, 0, 0.5, 0, 0, 0, 0, 0, 0, -24.71941375732422, 8.172260284423828], [0, 0, 0, 0.0469384491443634, 0, 0, 8, 7, 14, 0, 0, 0, 0, 4, 2, 4, 0, 0, 0, 6, 0, 0.5, 0, 0, 0, 0, 0, 0, -23.652915954589844, 6.618589401245117], [0, 0, 0, 0.06570956110954285, 0, 0, 8, 13, 20, 0, 0, 0, 0, 11, 1, 2, 0, 0, 0, 12, 0, 0.25, 0, 0, 0, 0, 0, 0, -20.26210594177246, 0.012491226196289062], [0, 0, 0, 0.02004864811897278, 0, 0, 8, 13, 20, 0, 0, 0, 0, 11, 1, 1, 0, 0, 0, 12, 0, 0.07142857142857142, 0, 0, 0, 0, 0, 0, -20.22526741027832, 0.012491226196289062], [0, 0, 0, 0.008821889758110046, 0, 0, 8, 3, 10, 0, 0, 0, 0, 1, 1, 4, 0, 0, 0, 2, 0, 0.5, 0, 0, 0, 0, 0, 0, -33.77030563354492, 0.0], [0, 0, 0, 0.006264090538024902, 0, 0, 8, 13, 20, 0, 0, 1, 0, 11, 1, 3, 0, 0, 0, 12, 0, 0.5, 0, 0, 0, 0, 0, 0, -20.001657485961914, 0.012508392333984375], [0, 0, 0, 0.0606214702129364, 0, 1, 8, 10, 17, 0, 0, 0, 0, 8, 1, 4, 0, 0, 0, 9, 0, 0.6666666666666666, 0, 0, 1, 0, 0, 0, -36.31867599487305, 0.008480072021484375], [0, 0, 0, 0.01083749532699585, 0, 0, 8, 4, 11, 0, 0, 0, 0, 2, 1, 4, 0, 0, 0, 3, 0, 0.5, 0, 0, 0, 0, 0, 0, -26.41431427001953, 0.4239768981933594], [0, 0, 0, 0.20344316959381104, 0, 0, 8, 3, 10, 0, 1, 0, 0, 1, 1, 2, 0, 0, 0, 2, 0, 0.5, 0, 0, 0, 0, 0, 0, -33.77030563354492, 0.0], [0, 0, 0, 0.0557636022567749, 0, 0, 8, 3, 10, 0, 0, 0, 0, 1, 1, 5, 0, 0, 0, 2, 0, 0.5, 0, 0, 0, 0, 0, 0, -33.77030563354492, 0.0], [0, 0, 0, 0.02987411618232727, 0, 0, 8, 13, 20, 0, 0, 0, 0, 11, 1, 2, 0, 0, 0, 12, 0, 0.5, 0, 0, 0, 0, 0, 0, -20.119464874267578, 0.012498855590820312], [0, 0, 0, 0.051513731479644775, 0, 0, 8, 3, 10, 0, 0, 0, 0, 1, 1, 4, 0, 0, 0, 2, 0, 0.5, 0, 0, 0, 0, 0, 0, -33.77030563354492, 0.0], [0, 0, 1, 0.028258919715881348, 0, 0, 8, 4, 11, 0, 0, 1, 1, 2, 1, 4, 0, 0, 0, 3, 0, 0.8, 0, 0, 0, 0, 0, 0, -26.331144332885742, 0.42426490783691406], [0, 0, 0, 0.018993794918060303, 0, 0, 8, 13, 20, 0, 0, 0, 0, 10, 2, 1, 0, 0, 0, 12, 0, 0.2, 0, 0, 0, 0, 0, 0, -21.138059616088867, 3.0347957611083984], [0, 0, 0, 0.0167313814163208, 0, 0, 8, 3, 10, 0, 0, 0, 0, 1, 1, 4, 0, 0, 0, 2, 0, 0.5, 0, 0, 0, 0, 0, 0, -33.77030563354492, 0.0], [0, 0, 0, 0.05558454990386963, 0, 0, 8, 8, 15, 0, 0, 0, 0, 6, 1, 3, 0, 0, 0, 7, 0, 0.5, 0, 0, 0, 0, 0, 0, -21.697446823120117, 0.026195526123046875], [0, 0, 0, 0.052982479333877563, 0, 0, 8, 13, 20, 0, 0, 0, 0, 11, 1, 2, 0, 0, 0, 12, 0, 0.5, 0, 0, 0, 0, 0, 0, -20.001657485961914, 0.012508392333984375], [0, 0, 0, 0.020005464553833008, 0, 0, 8, 3, 10, 0, 0, 0, 0, 1, 1, 4, 0, 0, 0, 2, 0, 0.5, 0, 0, 0, 0, 0, 0, -33.77030563354492, 0.0], [1, 0, 0, 0.0, 0, 0, 8, 10, 17, 1, 0, 1, 0, 4, 4, 5, 0, 0, 0, 9, 0, 0.6666666666666666, 0, 0, 0, 0, 0, 0, -44.708953857421875, 1.6177749633789062], [0, 0, 0, 0.08816701173782349, 0, 0, 8, 6, 13, 0, 0, 0, 0, 4, 1, 4, 0, 0, 0, 5, 0, 0.5, 0, 0, 0, 0, 0, 0, -43.421897888183594, 0.13405227661132812], [1, 0, 0, 0.04448029398918152, 0, 0, 8, 9, 16, 1, 0, 1, 0, 7, 1, 3, 0, 0, 0, 8, 0, 0.5, 0, 0, 0, 0, 0, 0, -21.158533096313477, 0.02124786376953125], [0, 0, 0, 0.016857028007507324, 0, 0, 8, 13, 20, 0, 0, 0, 0, 11, 1, 1, 0, 0, 0, 12, 0, 0.2, 0, 0, 0, 0, 0, 0, -20.556243896484375, 0.0124664306640625], [0, 0, 0, 0.09528228640556335, 0, 0, 8, 13, 20, 0, 0, 0, 0, 9, 2, 4, 0, 0, 0, 12, 0, 0.6666666666666666, 0, 0, 0, 0, 0, 0, -25.22244644165039, 0.048709869384765625], [0, 0, 0, 0.17492949962615967, 0, 0, 5, 3, 7, 0, 0, 0, 0, 1, 1, 4, 0, 0, 0, 2, 0, 0.6666666666666666, 0, 0, 0, 0, 0, 0, -33.77030563354492, 0.0], [0, 0, 0, 0.016573160886764526, 0, 0, 8, 4, 11, 0, 0, 0, 0, 2, 1, 3, 0, 0, 0, 3, 0, 0.5, 0, 0, 0, 0, 0, 0, -26.41431427001953, 0.4239768981933594], [0, 0, 0, 0.03556638956069946, 0, 0, 8, 13, 20, 0, 0, 0, 0, 11, 1, 3, 0, 0, 0, 12, 0, 0.5, 0, 0, 0, 0, 0, 0, -20.20038414001465, 0.012495040893554688], [0, 0, 0, 0.06963050365447998, 0, 0, 8, 7, 14, 0, 0, 0, 0, 5, 1, 3, 0, 0, 0, 6, 0, 0.6666666666666666, 0, 0, 0, 0, 0, 0, -36.4503288269043, 0.07271575927734375], [0, 0, 0, 0.16527920961380005, 0, 0, 8, 3, 10, 0, 0, 0, 0, 1, 1, 1, 0, 0, 0, 2, 0, 0.1111111111111111, 0, 0, 0, 0, 0, 0, -33.77030563354492, 0.0], [0, 0, 0, 0.061699509620666504, 0, 0, 8, 13, 20, 0, 0, 0, 0, 11, 1, 3, 0, 0, 0, 12, 0, 0.5, 0, 0, 0, 0, 0, 0, -20.20038414001465, 0.012495040893554688], [0, 0, 0, 0.031851768493652344, 0, 0, 8, 7, 14, 0, 0, 0, 0, 5, 1, 2, 0, 0, 0, 6, 0, 0.4, 0, 0, 0, 0, 0, 0, -36.4503288269043, 0.07271575927734375], [0, 0, 0, 0.031786054372787476, 0, 0, 8, 4, 11, 0, 0, 0, 0, 2, 1, 2, 0, 0, 0, 3, 0, 0.3333333333333333, 0, 0, 0, 0, 0, 0, -26.41431427001953, 0.4239768981933594], [0, 0, 0, 0.0506918728351593, 0, 0, 8, 3, 10, 0, 0, 0, 0, 1, 1, 1, 0, 0, 0, 2, 0, 0.3333333333333333, 0, 0, 0, 0, 0, 0, -33.77030563354492, 0.0], [0, 0, 0, 0.005158603191375732, 0, 0, 8, 6, 13, 0, 0, 0, 0, 2, 3, 5, 0, 0, 0, 5, 0, 0.8, 0, 0, 0, 0, 0, 0, -39.597007751464844, 11.883800506591797], [0, 0, 0, 0.004158586263656616, 0, 0, 8, 13, 20, 0, 0, 0, 0, 11, 1, 2, 0, 0, 0, 12, 0, 0.5, 0, 0, 0, 0, 0, 0, -20.233064651489258, 0.01248931884765625], [1, 0, 0, 0.05885457992553711, 0, 0, 8, 13, 20, 1, 0, 0, 0, 11, 1, 1, 0, 0, 0, 12, 1, 0.09523809523809523, 0, 0, 0, 0, 0, 0, -20.328527450561523, 0.012483596801757812], [1, 0, 1, 0.06641218066215515, 1, 0, 8, 5, 12, 1, 0, 1, 1, 2, 2, 1, 0, 0, 0, 4, 1, 0.13333333333333333, 0, 0, 0, 0, 0, 0, -25.258052825927734, 15.4771728515625], [0, 0, 0, 0.09328129887580872, 0, 0, 8, 5, 12, 0, 0, 0, 0, 3, 1, 3, 0, 0, 0, 4, 0, 0.5, 0, 0, 0, 0, 0, 0, -24.526206970214844, 0.09002113342285156], [0, 0, 0, 0.009944558143615723, 0, 0, 8, 3, 10, 0, 0, 0, 0, 1, 1, 5, 0, 0, 0, 2, 0, 0.5, 0, 0, 0, 0, 0, 0, -33.77030563354492, 0.0], [0, 0, 0, 0.46494048833847046, 0, 0, 8, 3, 10, 0, 0, 0, 0, 1, 1, 2, 0, 0, 0, 2, 0, 0.5, 0, 0, 0, 0, 0, 0, -33.77030563354492, 0.0], [0, 0, 0, 0.0002696216106414795, 0, 0, 8, 4, 11, 0, 0, 0, 0, 2, 1, 3, 0, 0, 0, 3, 0, 0.75, 0, 0, 0, 0, 0, 0, -26.41431427001953, 0.4239768981933594], [0, 0, 0, 0.07818549871444702, 0, 0, 8, 3, 10, 0, 0, 0, 0, 1, 1, 3, 0, 0, 0, 2, 0, 0.5, 0, 0, 0, 0, 0, 0, -33.77030563354492, 0.0], [1, 0, 0, 0.028592467308044434, 0, 0, 8, 13, 20, 1, 0, 1, 0, 8, 2, 6, 0, 0, 0, 12, 0, 0.75, 0, 0, 0, 0, 0, 0, -29.45718765258789, 0.052265167236328125], [0, 0, 0, 0.05920681357383728, 0, 0, 8, 13, 20, 0, 0, 0, 0, 11, 1, 1, 0, 0, 0, 12, 0, 0.024539877300613498, 0, 0, 0, 0, 0, 0, -20.275501251220703, 0.01248931884765625], [0, 0, 0, 0.003981173038482666, 0, 0, 8, 3, 10, 0, 0, 0, 0, 1, 1, 4, 0, 0, 0, 2, 0, 0.5, 0, 0, 0, 0, 0, 0, -33.77030563354492, 0.0], [1, 0, 0, 0.0720818042755127, 0, 0, 8, 3, 10, 1, 0, 0, 0, 1, 1, 5, 0, 0, 0, 2, 1, 0.6666666666666666, 0, 0, 0, 0, 0, 0, -33.77030563354492, 0.0], [1, 0, 0, 0.08054649829864502, 1, 0, 8, 13, 20, 1, 0, 1, 0, 8, 3, 1, 0, 0, 0, 12, 1, 0.5, 0, 0, 0, 0, 0, 0, -26.6942195892334, 0.3247547149658203], [0, 0, 0, 0.005545496940612793, 0, 0, 8, 3, 10, 0, 0, 0, 0, 1, 1, 6, 0, 0, 0, 2, 0, 0.5, 0, 0, 0, 0, 0, 0, -33.77030563354492, 0.0], [0, 0, 0, 0.028905004262924194, 0, 0, 8, 3, 10, 0, 0, 0, 0, 1, 1, 3, 0, 0, 0, 2, 0, 0.5, 0, 0, 0, 0, 0, 0, -33.77030563354492, 0.0], [0, 0, 0, 0.0016307234764099121, 0, 0, 8, 3, 10, 0, 0, 0, 0, 1, 1, 5, 0, 0, 0, 2, 0, 0.6666666666666666, 0, 0, 0, 0, 0, 0, -33.77030563354492, 0.0], [0, 0, 0, 0.011212378740310669, 0, 0, 8, 3, 10, 0, 0, 0, 0, 1, 1, 4, 0, 0, 0, 2, 0, 0.5, 0, 0, 0, 0, 0, 0, -33.77030563354492, 0.0], [0, 0, 0, 0.06921401619911194, 0, 0, 8, 4, 11, 0, 0, 0, 0, 2, 1, 4, 0, 0, 0, 3, 0, 0.5, 0, 0, 0, 0, 0, 0, -26.41431427001953, 0.4239768981933594], [0, 0, 0, 0.013422906398773193, 0, 0, 8, 13, 20, 0, 0, 0, 0, 11, 1, 1, 0, 0, 0, 12, 0, 0.05, 0, 0, 0, 0, 0, 0, -20.597585678100586, 0.012462615966796875], [0, 0, 0, 0.14888817071914673, 0, 0, 8, 9, 16, 0, 0, 0, 0, 5, 3, 2, 0, 0, 0, 8, 0, 0.5, 0, 0, 0, 0, 0, 0, -23.281862258911133, 6.216083526611328], [0, 0, 0, 0.018769800662994385, 0, 0, 8, 13, 20, 0, 0, 0, 0, 9, 3, 3, 0, 0, 0, 12, 0, 0.6666666666666666, 0, 0, 0, 0, 0, 0, -21.928226470947266, 3.8675613403320312], [1, 0, 0, 0.125200092792511, 0, 0, 8, 3, 10, 1, 0, 0, 0, 1, 1, 5, 0, 0, 0, 2, 0, 0.6666666666666666, 0, 0, 0, 0, 0, 0, -33.77030563354492, 0.0], [0, 0, 0, 0.05906584858894348, 0, 0, 8, 3, 10, 0, 0, 0, 0, 1, 1, 2, 0, 0, 0, 2, 0, 0.3333333333333333, 0, 0, 0, 0, 0, 0, -33.77030563354492, 0.0], [0, 0, 0, 0.13318175077438354, 0, 0, 8, 3, 10, 0, 0, 0, 0, 1, 1, 2, 0, 0, 0, 2, 0, 0.5, 0, 0, 0, 0, 0, 0, -33.77030563354492, 0.0], [0, 0, 0, 0.041663527488708496, 0, 0, 8, 9, 16, 0, 0, 0, 0, 7, 1, 1, 0, 0, 0, 8, 0, 0.17391304347826086, 0, 0, 0, 0, 0, 0, -21.189762115478516, 0.021245956420898438], [1, 0, 0, 0.009459704160690308, 1, 0, 8, 13, 20, 1, 0, 1, 0, 10, 2, 4, 0, 0, 0, 12, 0, 0.6666666666666666, 0, 0, 0, 0, 0, 0, -20.993131637573242, 3.0232410430908203], [0, 0, 0, 0.062118589878082275, 0, 0, 8, 13, 20, 0, 0, 0, 0, 7, 4, 4, 0, 0, 0, 12, 0, 0.5, 0, 0, 0, 0, 0, 0, -27.71893882751465, 0.8111801147460938], [0, 0, 0, 0.009041965007781982, 0, 0, 8, 3, 10, 0, 0, 0, 0, 1, 1, 6, 0, 0, 0, 2, 0, 0.5, 0, 0, 0, 0, 0, 0, -33.77030563354492, 0.0], [0, 0, 0, 0.1359214186668396, 0, 0, 8, 6, 13, 0, 0, 0, 0, 3, 2, 3, 0, 0, 0, 5, 0, 0.5, 0, 0, 0, 0, 0, 0, -39.09232711791992, 9.076702117919922], [0, 0, 0, 0.01674211025238037, 0, 0, 8, 13, 20, 0, 0, 0, 0, 11, 1, 5, 0, 0, 0, 12, 0, 0.6666666666666666, 0, 0, 0, 0, 0, 0, -20.052244186401367, 0.012508392333984375], [1, 0, 1, 0.08054649829864502, 1, 0, 8, 13, 20, 1, 1, 1, 1, 8, 4, 1, 0, 0, 0, 12, 1, 0.5, 0, 0, 0, 0, 0, 0, -22.67052459716797, 4.782627105712891], [0, 0, 0, 0.009747177362442017, 0, 0, 8, 13, 20, 0, 0, 0, 0, 11, 1, 1, 0, 0, 0, 12, 0, 0.007633587786259542, 0, 0, 0, 0, 0, 0, -20.381471633911133, 0.012483596801757812], [0, 0, 0, 0.019212663173675537, 0, 0, 8, 3, 10, 0, 0, 0, 0, 1, 1, 5, 0, 0, 0, 2, 0, 0.75, 0, 0, 0, 0, 0, 0, -33.77030563354492, 0.0], [0, 0, 0, 0.015779614448547363, 0, 0, 8, 4, 11, 0, 0, 0, 0, 2, 1, 4, 0, 0, 0, 3, 0, 0.5, 0, 0, 0, 0, 0, 0, -26.41431427001953, 0.4239768981933594], [0, 0, 0, 0.024337679147720337, 0, 0, 8, 10, 17, 0, 0, 0, 0, 4, 5, 5, 0, 0, 0, 9, 0, 0.5, 0, 0, 0, 0, 0, 0, -39.403743743896484, 8.527786254882812], [0, 0, 0, 0.04120030999183655, 0, 0, 8, 4, 11, 0, 0, 0, 0, 2, 1, 3, 0, 0, 0, 3, 0, 0.5, 0, 0, 0, 0, 0, 0, -26.41431427001953, 0.4239768981933594], [0, 0, 0, 0.05922114849090576, 0, 0, 8, 13, 20, 0, 0, 0, 0, 11, 1, 1, 0, 0, 0, 12, 0, 0.024539877300613498, 0, 0, 0, 0, 0, 0, -20.275501251220703, 0.01248931884765625], [0, 0, 0, 0.20543378591537476, 0, 0, 8, 6, 13, 0, 0, 0, 0, 3, 2, 6, 0, 0, 0, 5, 0, 0.75, 0, 0, 0, 0, 0, 0, -24.665863037109375, 8.166400909423828], [0, 0, 0, 0.02872443199157715, 0, 0, 8, 11, 18, 0, 0, 0, 0, 9, 1, 5, 0, 0, 0, 10, 0, 0.5, 0, 0, 0, 0, 0, 0, -34.51111602783203, 0.035831451416015625], [0, 0, 0, 0.016323775053024292, 0, 0, 8, 12, 19, 0, 0, 0, 0, 10, 1, 3, 0, 0, 0, 11, 0, 0.5, 0, 0, 0, 0, 0, 0, -20.203475952148438, 0.014039993286132812], [0, 0, 0, 0.024681508541107178, 0, 0, 8, 13, 20, 0, 0, 0, 0, 11, 1, 1, 0, 0, 0, 12, 0, 0.05, 0, 0, 0, 0, 0, 0, -20.597585678100586, 0.012462615966796875], [0, 0, 0, 0.07104966044425964, 0, 0, 8, 13, 20, 0, 0, 0, 0, 11, 1, 3, 0, 0, 0, 12, 0, 0.5, 0, 0, 0, 0, 0, 0, -26.889211654663086, 0.021978378295898438], [0, 0, 0, 0.0010039210319519043, 0, 0, 8, 13, 20, 0, 0, 0, 0, 11, 1, 4, 0, 0, 0, 12, 0, 0.6666666666666666, 0, 0, 0, 0, 0, 0, -20.052244186401367, 0.012508392333984375], [0, 0, 0, 0.0832061767578125, 0, 0, 8, 5, 12, 0, 0, 0, 0, 3, 1, 4, 0, 0, 0, 4, 0, 0.5, 0, 0, 0, 0, 0, 0, -24.526206970214844, 0.09002113342285156], [1, 0, 1, 0.10359436273574829, 0, 0, 8, 4, 11, 1, 0, 1, 1, 2, 1, 2, 0, 0, 0, 3, 1, 0.6666666666666666, 0, 0, 0, 0, 0, 0, -26.331144332885742, 0.42426490783691406], [0, 0, 0, 0.025792837142944336, 0, 0, 8, 13, 20, 0, 0, 0, 0, 11, 1, 1, 0, 0, 0, 12, 0, 0.05, 0, 0, 0, 0, 0, 0, -20.597585678100586, 0.012462615966796875], [0, 0, 0, 0.0002660900354385376, 0, 0, 8, 3, 10, 0, 0, 0, 0, 1, 1, 4, 0, 0, 0, 2, 0, 0.5, 0, 0, 0, 0, 0, 0, -33.77030563354492, 0.0], [0, 0, 0, 0.02988484501838684, 0, 0, 8, 4, 11, 0, 0, 0, 0, 2, 1, 4, 0, 0, 0, 3, 0, 0.6666666666666666, 0, 0, 0, 0, 0, 0, -26.41431427001953, 0.4239768981933594], [0, 0, 0, 0.013694524765014648, 0, 0, 8, 8, 15, 0, 0, 0, 0, 6, 1, 2, 0, 0, 0, 7, 0, 0.5, 0, 0, 0, 0, 0, 0, -21.697446823120117, 0.026195526123046875], [0, 0, 0, 0.04962173104286194, 0, 0, 8, 3, 10, 0, 0, 0, 0, 1, 1, 6, 0, 0, 0, 2, 0, 0.5, 0, 0, 0, 0, 0, 0, -33.77030563354492, 0.0], [1, 0, 1, 0.2556166648864746, 1, 0, 8, 5, 12, 1, 0, 1, 1, 2, 2, 5, 0, 0, 0, 4, 1, 0.8333333333333334, 0, 0, 0, 0, 0, 0, -25.57879638671875, 15.156429290771484], [0, 0, 0, 0.008194267749786377, 0, 0, 8, 13, 20, 0, 0, 0, 0, 10, 2, 1, 0, 0, 0, 12, 0, 0.2, 0, 0, 0, 0, 0, 0, -21.27197265625, 3.031148910522461], [0, 0, 0, 0.15530860424041748, 0, 0, 8, 3, 10, 0, 0, 0, 0, 1, 1, 3, 0, 0, 0, 2, 0, 0.3333333333333333, 0, 0, 0, 0, 0, 0, -33.77030563354492, 0.0], [0, 0, 0, 0.02921125292778015, 0, 0, 8, 5, 12, 0, 0, 0, 0, 3, 1, 3, 0, 0, 0, 4, 0, 0.6, 0, 0, 0, 0, 0, 0, -24.526206970214844, 0.09002113342285156], [0, 0, 0, 0.08134126663208008, 0, 0, 8, 4, 11, 0, 0, 0, 0, 1, 2, 4, 0, 0, 0, 3, 0, 0.6666666666666666, 0, 0, 0, 0, 0, 0, -31.28008460998535, 0.0], [0, 0, 0, 0.06874537467956543, 0, 0, 8, 3, 10, 0, 0, 0, 0, 1, 1, 4, 0, 0, 0, 2, 0, 0.5, 0, 0, 0, 0, 0, 0, -33.77030563354492, 0.0], [1, 0, 0, 0.09669846296310425, 0, 0, 8, 6, 13, 1, 0, 1, 0, 4, 1, 5, 0, 0, 0, 5, 1, 0.6666666666666666, 0, 0, 0, 0, 0, 0, -38.85139846801758, 0.004627227783203125], [0, 0, 0, 0.0733935534954071, 0, 0, 8, 6, 13, 0, 0, 0, 0, 4, 1, 4, 0, 0, 0, 5, 0, 0.5, 0, 0, 0, 0, 0, 0, -43.23027420043945, 0.3992805480957031], [1, 0, 0, 0.03801727294921875, 0, 0, 8, 3, 10, 1, 0, 0, 0, 1, 1, 6, 0, 0, 0, 2, 0, 0.8571428571428571, 0, 0, 0, 0, 0, 0, -33.77030563354492, 0.0], [1, 0, 0, 0.0004966259002685547, 0, 0, 8, 3, 10, 1, 0, 0, 0, 1, 1, 5, 0, 0, 0, 2, 0, 0.5, 0, 0, 0, 0, 0, 0, -33.77030563354492, 0.0], [0, 0, 0, 0.03137332201004028, 0, 0, 8, 13, 20, 0, 0, 0, 0, 11, 1, 1, 0, 0, 0, 12, 0, 0.1111111111111111, 0, 0, 0, 0, 0, 0, -20.328527450561523, 0.012483596801757812], [0, 0, 0, 0.006099224090576172, 0, 0, 8, 4, 11, 0, 0, 0, 0, 2, 1, 3, 0, 0, 0, 3, 0, 0.5, 0, 0, 0, 0, 0, 0, -26.41431427001953, 0.4239768981933594], [0, 0, 0, 0.22598117589950562, 0, 0, 8, 3, 10, 0, 0, 0, 0, 1, 1, 3, 0, 0, 0, 2, 0, 0.5, 0, 0, 0, 0, 0, 0, -33.77030563354492, 0.0], [0, 0, 0, 0.042137861251831055, 0, 0, 8, 6, 13, 0, 0, 0, 0, 4, 1, 2, 0, 0, 0, 5, 0, 0.5, 0, 0, 0, 0, 0, 0, -23.257408142089844, 0.05104255676269531], [0, 0, 0, 0.0578191876411438, 0, 0, 8, 7, 14, 0, 0, 0, 0, 5, 1, 4, 0, 0, 0, 6, 0, 0.6666666666666666, 0, 0, 0, 0, 0, 0, -37.08146286010742, 0.01079559326171875], [0, 0, 0, 0.38528966903686523, 0, 0, 8, 5, 12, 0, 0, 0, 0, 1, 3, 4, 0, 0, 0, 4, 0, 0.6666666666666666, 0, 0, 0, 0, 0, 0, -34.579994201660156, 0.0], [0, 0, 0, 0.04013872146606445, 0, 0, 8, 8, 15, 0, 0, 0, 0, 5, 2, 3, 0, 0, 0, 7, 0, 0.6666666666666666, 0, 0, 0, 0, 0, 0, -23.022872924804688, 5.538433074951172], [0, 0, 0, 0.010131299495697021, 0, 0, 8, 13, 20, 0, 0, 0, 0, 10, 2, 1, 0, 0, 0, 12, 0, 0.007633587786259542, 0, 0, 0, 0, 0, 0, -21.6123104095459, 3.044139862060547], [1, 0, 0, 0.018941760063171387, 0, 0, 8, 5, 12, 1, 0, 0, 0, 3, 1, 5, 0, 0, 0, 4, 0, 0.6666666666666666, 0, 0, 0, 0, 0, 0, -24.526206970214844, 0.09002113342285156], [0, 0, 0, 0.040114134550094604, 0, 0, 8, 13, 20, 0, 0, 0, 0, 11, 1, 1, 0, 0, 0, 12, 0, 0.1111111111111111, 0, 0, 0, 0, 0, 0, -20.328527450561523, 0.012483596801757812], [0, 0, 0, 0.12713420391082764, 0, 0, 8, 6, 13, 0, 0, 0, 0, 3, 2, 4, 0, 0, 0, 5, 0, 0.6666666666666666, 0, 0, 0, 0, 0, 0, -39.131099700927734, 8.922473907470703], [0, 0, 0, 0.0012858211994171143, 0, 0, 8, 9, 16, 0, 0, 1, 0, 7, 1, 4, 0, 0, 0, 8, 0, 0.5, 0, 0, 0, 0, 0, 0, -21.158533096313477, 0.02124786376953125], [0, 0, 0, 0.02907663583755493, 0, 0, 8, 3, 10, 0, 0, 0, 0, 1, 1, 3, 0, 0, 0, 2, 0, 0.5, 0, 0, 0, 0, 0, 0, -33.77030563354492, 0.0], [0, 0, 0, 0.022959470748901367, 0, 0, 8, 13, 20, 0, 0, 0, 0, 10, 2, 4, 0, 0, 0, 12, 0, 0.6666666666666666, 0, 0, 0, 0, 0, 0, -21.54872703552246, 3.047464370727539], [0, 0, 0, 0.019159287214279175, 0, 0, 8, 7, 14, 0, 0, 0, 0, 5, 1, 2, 0, 0, 0, 6, 0, 0.3333333333333333, 0, 0, 0, 0, 0, 0, -22.360370635986328, 0.034664154052734375], [0, 0, 0, 0.1979210376739502, 0, 0, 8, 4, 11, 0, 0, 0, 0, 2, 1, 4, 0, 0, 0, 3, 0, 0.5, 0, 0, 0, 0, 0, 0, -26.41431427001953, 0.4239768981933594], [0, 0, 0, 0.015030056238174438, 0, 0, 8, 3, 10, 0, 1, 0, 0, 1, 1, 4, 0, 0, 0, 2, 0, 0.6666666666666666, 0, 0, 0, 0, 0, 0, -33.77030563354492, 0.0], [1, 0, 0, 0.05590027570724487, 0, 0, 8, 3, 10, 1, 0, 0, 0, 1, 1, 7, 0, 0, 0, 2, 0, 0.75, 0, 0, 0, 0, 0, 0, -33.77030563354492, 0.0], [0, 0, 0, 0.008745074272155762, 0, 0, 8, 13, 20, 0, 0, 0, 0, 11, 1, 2, 0, 0, 0, 12, 0, 0.5, 0, 0, 0, 0, 0, 0, -20.03644561767578, 0.012510299682617188], [0, 0, 0, 0.09028148651123047, 0, 0, 8, 13, 20, 0, 0, 0, 0, 9, 3, 5, 0, 0, 0, 12, 0, 0.6666666666666666, 0, 0, 0, 0, 0, 0, -21.997838973999023, 3.856416702270508], [0, 0, 0, 0.009257018566131592, 0, 0, 8, 3, 10, 0, 0, 0, 0, 1, 1, 4, 0, 0, 0, 2, 0, 0.5, 0, 0, 0, 0, 0, 0, -33.77030563354492, 0.0], [0, 0, 0, 0.22723662853240967, 0, 0, 8, 3, 10, 0, 0, 0, 0, 1, 1, 4, 0, 0, 0, 2, 0, 0.75, 0, 0, 0, 0, 0, 0, -33.77030563354492, 0.0], [1, 0, 1, 0.055499136447906494, 1, 0, 8, 7, 14, 1, 0, 1, 1, 4, 2, 4, 0, 0, 0, 6, 1, 0.6666666666666666, 0, 0, 0, 0, 0, 0, -23.80461883544922, 6.613643646240234], [1, 0, 0, 0.022462069988250732, 0, 0, 8, 13, 20, 1, 0, 1, 0, 7, 2, 3, 0, 0, 0, 12, 1, 0.6666666666666666, 0, 0, 0, 0, 0, 0, -33.612483978271484, 0.06082916259765625], [0, 0, 0, 0.0023827850818634033, 0, 0, 8, 7, 14, 0, 0, 0, 0, 5, 1, 3, 0, 0, 0, 6, 0, 0.5, 0, 0, 0, 0, 0, 0, -22.360370635986328, 0.034664154052734375], [0, 0, 0, 0.0010603070259094238, 0, 0, 8, 3, 10, 0, 0, 0, 0, 1, 1, 3, 0, 0, 0, 2, 0, 0.5, 0, 0, 0, 0, 0, 0, -33.77030563354492, 0.0], [0, 0, 0, 0.04506167769432068, 0, 0, 8, 12, 19, 0, 0, 0, 0, 10, 1, 2, 0, 0, 0, 11, 0, 0.5, 0, 0, 0, 0, 0, 0, -20.203475952148438, 0.014039993286132812], [0, 0, 0, 0.1262480467557907, 0, 0, 8, 3, 10, 0, 0, 0, 0, 1, 1, 4, 0, 0, 0, 2, 0, 0.6, 0, 0, 0, 0, 0, 0, -33.77030563354492, 0.0], [0, 0, 0, 0.07989117503166199, 0, 0, 8, 3, 10, 0, 0, 0, 0, 1, 1, 4, 0, 0, 0, 2, 0, 0.5, 0, 0, 0, 0, 0, 0, -33.77030563354492, 0.0], [0, 0, 0, 0.008970499038696289, 0, 0, 8, 3, 10, 0, 0, 0, 0, 1, 1, 7, 0, 0, 0, 2, 0, 0.5, 0, 0, 0, 0, 0, 0, -33.77030563354492, 0.0], [0, 0, 0, 0.01995617151260376, 0, 0, 8, 13, 20, 0, 0, 0, 0, 11, 1, 1, 0, 0, 0, 12, 0, 0.05, 0, 0, 0, 0, 0, 0, -20.597585678100586, 0.012462615966796875], [0, 0, 0, 0.04594987630844116, 0, 0, 8, 8, 15, 0, 0, 0, 0, 5, 2, 3, 0, 0, 0, 7, 0, 0.5, 0, 0, 0, 0, 0, 0, -23.176748275756836, 5.548046112060547], [0, 0, 0, 0.045467913150787354, 0, 0, 8, 6, 13, 0, 0, 0, 0, 4, 1, 2, 0, 0, 0, 5, 0, 0.5, 0, 0, 0, 0, 0, 0, -23.257408142089844, 0.05104255676269531], [0, 0, 0, 0.0101051926612854, 0, 0, 8, 13, 20, 0, 0, 0, 0, 11, 1, 1, 0, 0, 0, 12, 0, 0.007633587786259542, 0, 0, 0, 0, 0, 0, -20.381471633911133, 0.012483596801757812], [0, 0, 0, 0.006853997707366943, 0, 0, 8, 12, 19, 0, 0, 0, 0, 9, 2, 1, 0, 0, 0, 11, 0, 0.08, 0, 0, 0, 0, 0, 0, -21.207136154174805, 3.3503475189208984], [1, 0, 1, 0.0, 0, 0, 6, 10, 15, 1, 0, 1, 1, 4, 3, 3, 0, 0, 0, 9, 0, 0.6666666666666666, 0, 0, 0, 0, 0, 0, -48.863807678222656, 0.9790992736816406], [0, 0, 0, 0.016113698482513428, 0, 0, 8, 3, 10, 0, 0, 0, 0, 1, 1, 7, 0, 0, 0, 2, 0, 0.8571428571428571, 0, 0, 0, 0, 0, 0, -33.77030563354492, 0.0], [0, 0, 0, 0.0031627416610717773, 0, 0, 8, 3, 10, 0, 0, 0, 0, 1, 1, 1, 0, 0, 0, 2, 0, 0.08, 0, 0, 0, 0, 0, 0, -33.77030563354492, 0.0], [0, 0, 0, 0.0020401477813720703, 0, 0, 8, 13, 20, 0, 0, 0, 0, 9, 2, 1, 0, 0, 0, 12, 0, 0.2, 0, 0, 0, 0, 0, 0, -25.48514175415039, 0.14196014404296875], [0, 0, 0, 0.07071250677108765, 0, 0, 8, 13, 20, 0, 0, 1, 0, 10, 2, 4, 0, 0, 0, 12, 0, 0.5, 0, 0, 0, 0, 0, 0, -27.470399856567383, 2.6861038208007812], [0, 0, 0, 0.07720696926116943, 0, 0, 8, 7, 14, 0, 0, 0, 0, 4, 2, 4, 0, 0, 0, 6, 0, 0.5, 0, 0, 0, 0, 0, 0, -37.574337005615234, 6.043113708496094], [0, 0, 0, 0.05667802691459656, 0, 0, 8, 4, 11, 0, 0, 0, 0, 2, 1, 3, 0, 0, 0, 3, 0, 0.5, 0, 0, 0, 0, 0, 0, -26.41431427001953, 0.4239768981933594], [0, 0, 0, 0.012668401002883911, 0, 0, 8, 13, 20, 0, 0, 0, 0, 11, 1, 1, 0, 0, 0, 12, 0, 0.2, 0, 0, 0, 0, 0, 0, -23.01753044128418, 7.839225769042969], [1, 0, 0, 0.125200092792511, 0, 0, 8, 3, 10, 1, 0, 0, 0, 1, 1, 5, 0, 0, 0, 2, 0, 0.6666666666666666, 0, 0, 0, 0, 0, 0, -33.77030563354492, 0.0], [0, 0, 0, 0.01900067925453186, 0, 0, 8, 4, 11, 0, 0, 0, 0, 2, 1, 3, 0, 0, 0, 3, 0, 0.75, 0, 0, 0, 0, 0, 0, -26.41431427001953, 0.4239768981933594], [0, 0, 0, 0.06925448775291443, 0, 0, 8, 13, 20, 0, 0, 0, 0, 10, 2, 2, 0, 0, 0, 12, 0, 0.6666666666666666, 0, 0, 0, 0, 0, 0, -21.50180435180664, 3.0424137115478516], [1, 0, 0, 0.016238749027252197, 0, 0, 8, 8, 15, 1, 0, 1, 0, 6, 1, 3, 0, 0, 0, 7, 0, 0.3333333333333333, 0, 0, 0, 0, 0, 0, -35.660892486572266, 0.006687164306640625], [0, 0, 0, 0.01600879430770874, 0, 0, 8, 13, 20, 0, 0, 0, 0, 11, 1, 1, 0, 0, 0, 12, 0, 0.2, 0, 0, 0, 0, 0, 0, -20.556243896484375, 0.0124664306640625], [0, 0, 0, 0.003713369369506836, 0, 0, 8, 13, 20, 0, 0, 0, 0, 11, 1, 2, 0, 0, 0, 12, 0, 0.5, 0, 0, 0, 0, 0, 0, -21.32168197631836, 8.010602951049805], [0, 0, 0, 0.0045490264892578125, 0, 0, 8, 8, 15, 0, 0, 0, 0, 6, 1, 4, 0, 0, 0, 7, 0, 0.75, 0, 0, 0, 0, 0, 0, -21.697446823120117, 0.026195526123046875], [0, 0, 0, 0.08731579780578613, 0, 0, 8, 13, 20, 0, 1, 1, 0, 8, 3, 5, 0, 0, 0, 12, 0, 0.75, 0, 0, 0, 0, 0, 0, -26.5006103515625, 0.3572273254394531], [1, 0, 0, 0.022598862648010254, 0, 0, 8, 3, 10, 1, 0, 0, 0, 1, 1, 4, 0, 0, 0, 2, 0, 0.8, 0, 0, 0, 0, 0, 0, -33.77030563354492, 0.0], [1, 0, 0, 0.023668527603149414, 0, 0, 8, 13, 20, 1, 0, 1, 0, 7, 3, 5, 0, 0, 0, 12, 0, 0.6666666666666666, 0, 0, 0, 0, 0, 0, -30.937332153320312, 0.4571208953857422], [1, 0, 1, 0.15533402562141418, 1, 1, 8, 3, 10, 1, 0, 0, 0, 1, 1, 4, 0, 0, 0, 2, 1, 0.5, 0, 0, 1, 0, 0, 0, -26.755409240722656, 9.580810546875], [0, 0, 0, 0.04199022054672241, 0, 0, 8, 9, 16, 0, 0, 0, 0, 7, 1, 2, 0, 0, 0, 8, 0, 0.5, 0, 0, 0, 0, 0, 0, -21.189762115478516, 0.021245956420898438], [0, 0, 0, 0.002818480134010315, 0, 0, 8, 3, 10, 0, 0, 0, 0, 1, 1, 3, 0, 0, 0, 2, 0, 0.5, 0, 0, 0, 0, 0, 0, -33.77030563354492, 0.0], [0, 0, 0, 0.002809286117553711, 0, 0, 8, 3, 10, 0, 0, 0, 0, 1, 1, 6, 0, 0, 0, 2, 0, 0.6666666666666666, 0, 0, 0, 0, 0, 0, -33.77030563354492, 0.0], [0, 0, 0, 0.007196784019470215, 0, 0, 8, 3, 10, 0, 0, 0, 0, 1, 1, 2, 0, 0, 0, 2, 0, 0.3333333333333333, 0, 0, 0, 0, 0, 0, -33.77030563354492, 0.0], [0, 0, 0, 0.20893710851669312, 0, 0, 8, 3, 10, 0, 0, 0, 0, 1, 1, 3, 0, 0, 0, 2, 0, 0.5, 0, 0, 0, 0, 0, 0, -33.77030563354492, 0.0], [0, 0, 0, 0.023977696895599365, 0, 0, 8, 5, 12, 0, 0, 0, 0, 3, 1, 4, 0, 0, 0, 4, 0, 0.75, 0, 0, 0, 0, 0, 0, -24.526206970214844, 0.09002113342285156], [0, 0, 0, 0.009035378694534302, 0, 0, 8, 13, 20, 0, 0, 0, 0, 11, 1, 1, 0, 0, 0, 12, 0, 0.07142857142857142, 0, 0, 0, 0, 0, 0, -20.22526741027832, 0.012491226196289062], [0, 0, 0, 0.16082662343978882, 0, 0, 8, 3, 10, 0, 0, 0, 0, 1, 1, 3, 0, 0, 0, 2, 0, 0.5, 0, 0, 0, 0, 0, 0, -33.77030563354492, 0.0], [0, 0, 0, 0.16128909587860107, 0, 0, 8, 3, 10, 0, 0, 0, 0, 1, 1, 4, 0, 0, 0, 2, 0, 0.5, 0, 0, 0, 0, 0, 0, -33.77030563354492, 0.0], [0, 0, 0, 0.026500165462493896, 0, 0, 8, 3, 10, 0, 0, 0, 0, 1, 1, 4, 0, 0, 0, 2, 0, 0.5, 0, 0, 0, 0, 0, 0, -33.77030563354492, 0.0], [0, 0, 0, 0.04464656114578247, 0, 0, 8, 4, 11, 0, 0, 1, 0, 2, 1, 1, 0, 0, 0, 3, 0, 0.08333333333333333, 0, 0, 0, 0, 0, 0, -26.331144332885742, 0.42426490783691406], [0, 0, 0, 0.04439672827720642, 0, 0, 8, 3, 10, 0, 0, 0, 0, 1, 1, 4, 0, 0, 0, 2, 0, 0.5, 0, 0, 0, 0, 0, 0, -33.77030563354492, 0.0], [0, 0, 0, 0.026480168104171753, 0, 0, 8, 3, 10, 0, 0, 0, 0, 1, 1, 5, 0, 0, 0, 2, 0, 0.5, 0, 0, 0, 0, 0, 0, -33.77030563354492, 0.0], [0, 0, 0, 0.008995413780212402, 0, 0, 8, 8, 15, 0, 0, 0, 0, 4, 3, 5, 0, 0, 0, 7, 0, 0.8, 0, 0, 0, 0, 0, 0, -23.721866607666016, 7.301807403564453], [0, 0, 0, 0.16188335418701172, 0, 0, 8, 3, 10, 0, 0, 0, 0, 1, 1, 3, 0, 0, 0, 2, 0, 0.5, 0, 0, 0, 0, 0, 0, -33.77030563354492, 0.0], [1, 0, 1, 0.3746824860572815, 1, 0, 8, 5, 12, 1, 0, 1, 1, 2, 2, 3, 0, 0, 0, 4, 1, 0.6666666666666666, 0, 0, 0, 0, 0, 0, -25.57879638671875, 15.156429290771484], [0, 0, 0, 0.07234323024749756, 0, 0, 8, 5, 12, 0, 0, 0, 0, 3, 1, 4, 0, 0, 0, 4, 0, 0.8, 0, 0, 0, 0, 0, 0, -24.526206970214844, 0.09002113342285156], [0, 0, 0, 0.021733522415161133, 0, 0, 8, 5, 12, 0, 0, 0, 0, 3, 1, 1, 0, 0, 0, 4, 0, 0.041666666666666664, 0, 0, 0, 0, 0, 0, -24.526206970214844, 0.09002113342285156], [0, 0, 0, 0.010811418294906616, 0, 0, 8, 13, 20, 0, 0, 0, 0, 11, 1, 1, 0, 0, 0, 12, 0, 0.2, 0, 0, 0, 0, 0, 0, -27.23580551147461, 0.013885498046875], [0, 0, 0, 0.00296705961227417, 0, 0, 8, 4, 11, 0, 0, 0, 0, 2, 1, 2, 0, 0, 0, 3, 0, 0.5, 0, 0, 0, 0, 0, 0, -26.41431427001953, 0.4239768981933594], [0, 0, 0, 0.0016307234764099121, 0, 0, 8, 3, 10, 0, 0, 0, 0, 1, 1, 5, 0, 0, 0, 2, 0, 0.6666666666666666, 0, 0, 0, 0, 0, 0, -33.77030563354492, 0.0], [0, 0, 0, 0.06625041365623474, 0, 0, 8, 3, 10, 0, 0, 0, 0, 1, 1, 3, 0, 0, 0, 2, 0, 0.5, 0, 0, 0, 0, 0, 0, -33.77030563354492, 0.0], [0, 0, 0, 0.07045161724090576, 0, 0, 8, 13, 20, 0, 0, 0, 0, 9, 3, 2, 0, 0, 0, 12, 0, 0.6666666666666666, 0, 0, 0, 0, 0, 0, -22.182226181030273, 3.9572620391845703], [0, 0, 0, 0.1047745943069458, 0, 0, 8, 3, 10, 0, 0, 0, 0, 1, 1, 3, 0, 0, 0, 2, 0, 0.5, 0, 0, 0, 0, 0, 0, -33.77030563354492, 0.0], [1, 0, 0, 0.0016307234764099121, 0, 0, 8, 4, 11, 1, 0, 0, 0, 1, 2, 5, 0, 0, 0, 3, 0, 0.6666666666666666, 0, 0, 0, 0, 0, 0, -36.336219787597656, 0.0], [1, 0, 1, 0.04562819004058838, 1, 0, 8, 5, 12, 1, 0, 1, 1, 2, 2, 5, 0, 0, 0, 4, 1, 0.5, 0, 0, 0, 0, 0, 0, -25.497940063476562, 15.237285614013672], [0, 0, 0, 0.03804050385951996, 0, 0, 8, 6, 13, 0, 0, 0, 0, 3, 2, 3, 0, 0, 0, 5, 0, 0.5, 0, 0, 0, 0, 0, 0, -24.40703582763672, 8.26019287109375], [0, 0, 0, 0.28629231452941895, 0, 0, 8, 5, 12, 0, 0, 0, 0, 3, 1, 4, 0, 0, 0, 4, 0, 0.6666666666666666, 0, 0, 0, 0, 0, 0, -24.526206970214844, 0.09002113342285156], [0, 0, 0, 0.01520305871963501, 0, 0, 8, 5, 12, 0, 0, 0, 0, 3, 1, 6, 0, 0, 0, 4, 0, 0.5, 0, 0, 0, 0, 0, 0, -24.526206970214844, 0.09002113342285156], [0, 0, 0, 0.002021282911300659, 0, 0, 8, 13, 20, 0, 0, 0, 0, 11, 1, 4, 0, 0, 0, 12, 0, 0.6666666666666666, 0, 0, 0, 0, 0, 0, -20.052244186401367, 0.012508392333984375], [0, 0, 0, 0.08359163999557495, 0, 0, 8, 5, 12, 0, 0, 0, 0, 3, 1, 5, 0, 0, 0, 4, 0, 0.8333333333333334, 0, 0, 0, 0, 0, 0, -24.526206970214844, 0.09002113342285156], [1, 0, 1, 0.0, 0, 0, 8, 6, 13, 1, 0, 1, 1, 2, 3, 4, 0, 0, 0, 5, 1, 0.75, 0, 0, 0, 0, 0, 0, -38.00865173339844, 14.468841552734375], [0, 0, 0, 0.02781878411769867, 0, 0, 8, 3, 10, 0, 0, 0, 0, 1, 1, 2, 0, 0, 0, 2, 0, 0.5, 0, 0, 0, 0, 0, 0, -34.02247619628906, 0.0], [0, 0, 0, 0.10565093159675598, 0, 0, 8, 3, 10, 0, 0, 0, 0, 1, 1, 1, 0, 0, 0, 2, 0, 0.125, 0, 0, 0, 0, 0, 0, -33.77030563354492, 0.0], [0, 0, 0, 0.026500165462493896, 0, 0, 8, 3, 10, 0, 0, 0, 0, 1, 1, 4, 0, 0, 0, 2, 0, 0.5, 0, 0, 0, 0, 0, 0, -33.77030563354492, 0.0], [0, 0, 0, 0.02277505397796631, 0, 0, 8, 13, 20, 0, 0, 0, 0, 8, 2, 4, 0, 0, 0, 12, 0, 0.6666666666666666, 0, 0, 0, 0, 0, 0, -29.988433837890625, 0.04244041442871094], [0, 0, 0, 0.01582971215248108, 0, 0, 8, 13, 20, 0, 0, 0, 0, 11, 1, 1, 0, 0, 0, 12, 0, 0.2, 0, 0, 0, 0, 0, 0, -20.556243896484375, 0.0124664306640625], [1, 0, 0, 0.007063865661621094, 0, 0, 8, 6, 13, 1, 0, 0, 0, 4, 1, 6, 0, 0, 0, 5, 0, 0.8571428571428571, 0, 0, 0, 0, 0, 0, -39.051918029785156, 0.08806991577148438], [0, 0, 0, 0.011596441268920898, 0, 0, 8, 5, 12, 0, 0, 0, 0, 3, 1, 2, 0, 0, 0, 4, 0, 0.6666666666666666, 0, 0, 0, 0, 0, 0, -24.526206970214844, 0.09002113342285156], [0, 0, 0, 0.02240544557571411, 0, 0, 8, 13, 20, 0, 0, 0, 0, 11, 1, 1, 0, 0, 0, 12, 0, 0.05, 0, 0, 0, 0, 0, 0, -20.597585678100586, 0.012462615966796875], [0, 0, 0, 0.03565549850463867, 0, 0, 8, 3, 10, 0, 0, 0, 0, 1, 1, 5, 0, 0, 0, 2, 0, 0.5, 0, 0, 0, 0, 0, 0, -33.77030563354492, 0.0], [0, 0, 0, 0.007759571075439453, 0, 0, 8, 13, 20, 0, 0, 0, 0, 11, 1, 1, 0, 0, 0, 12, 0, 0.007633587786259542, 0, 0, 0, 0, 0, 0, -20.381471633911133, 0.012483596801757812], [0, 0, 0, 0.0004538297653198242, 0, 0, 8, 8, 15, 0, 0, 0, 0, 3, 4, 1, 0, 0, 0, 7, 0, 0.08, 0, 0, 0, 0, 0, 0, -37.288692474365234, 8.460628509521484], [0, 0, 0, 0.07680755853652954, 0, 0, 8, 13, 20, 0, 0, 0, 0, 11, 1, 2, 0, 0, 0, 12, 0, 0.6666666666666666, 0, 0, 0, 0, 0, 0, -20.353927612304688, 0.012477874755859375], [0, 0, 0, 0.01936650276184082, 0, 0, 8, 13, 20, 0, 0, 0, 0, 10, 2, 2, 0, 0, 0, 12, 0, 0.5, 0, 0, 0, 0, 0, 0, -27.345422744750977, 2.6862125396728516], [0, 0, 0, 0.00885474681854248, 0, 0, 8, 13, 20, 0, 0, 0, 0, 9, 2, 2, 0, 0, 0, 12, 0, 0.5, 0, 0, 0, 0, 0, 0, -32.1712646484375, 0.5038909912109375], [0, 0, 0, 0.03774932026863098, 0, 0, 8, 3, 10, 0, 0, 0, 0, 1, 1, 5, 0, 0, 0, 2, 0, 0.5, 0, 0, 0, 0, 0, 0, -33.77030563354492, 0.0], [0, 0, 0, 0.008161783218383789, 0, 0, 8, 5, 12, 0, 0, 0, 0, 3, 1, 4, 0, 0, 0, 4, 0, 0.5, 0, 0, 0, 0, 0, 0, -24.526206970214844, 0.09002113342285156], [0, 0, 0, 0.3080713748931885, 0, 0, 8, 3, 10, 0, 0, 0, 0, 1, 1, 5, 0, 0, 0, 2, 0, 0.6666666666666666, 0, 0, 0, 0, 0, 0, -33.77030563354492, 0.0], [0, 0, 0, 0.015843689441680908, 0, 0, 8, 3, 10, 0, 0, 0, 0, 1, 1, 4, 0, 0, 0, 2, 0, 0.5, 0, 0, 0, 0, 0, 0, -33.77030563354492, 0.0], [1, 0, 0, 0.011634349822998047, 1, 0, 8, 13, 20, 1, 0, 1, 1, 8, 3, 4, 0, 0, 0, 12, 1, 0.6666666666666666, 0, 0, 0, 0, 0, 0, -33.50033187866211, 0.09326553344726562], [0, 0, 0, 0.040979087352752686, 0, 0, 8, 11, 18, 0, 0, 0, 0, 8, 2, 4, 0, 0, 0, 10, 0, 0.5, 0, 0, 0, 0, 0, 0, -21.646137237548828, 3.705686569213867], [0, 0, 0, 0.06475383043289185, 0, 0, 8, 3, 10, 0, 0, 0, 0, 1, 1, 4, 0, 0, 0, 2, 0, 0.5, 0, 0, 0, 0, 0, 0, -33.77030563354492, 0.0], [1, 0, 0, 0.0334395170211792, 0, 0, 8, 7, 14, 1, 0, 0, 0, 3, 3, 6, 0, 0, 0, 6, 0, 0.75, 0, 0, 0, 0, 0, 0, -24.34358787536621, 8.773027420043945], [0, 0, 0, 0.049962908029556274, 0, 0, 8, 4, 11, 0, 0, 0, 0, 2, 1, 4, 0, 0, 0, 3, 0, 0.6666666666666666, 0, 0, 0, 0, 0, 0, -26.41431427001953, 0.4239768981933594], [0, 0, 0, 0.03961104154586792, 0, 0, 8, 5, 12, 0, 0, 0, 0, 3, 1, 4, 0, 0, 0, 4, 0, 0.5, 0, 0, 0, 0, 0, 0, -24.526206970214844, 0.09002113342285156], [0, 0, 0, 0.007980778813362122, 0, 0, 8, 3, 10, 0, 0, 0, 0, 1, 1, 4, 0, 0, 0, 2, 0, 0.5, 0, 0, 0, 0, 0, 0, -33.77030563354492, 0.0], [0, 0, 0, 0.11134356260299683, 0, 0, 8, 3, 10, 0, 0, 0, 0, 1, 1, 4, 0, 0, 0, 2, 0, 0.5, 0, 0, 0, 0, 0, 0, -33.77030563354492, 0.0], [0, 0, 0, 0.02318108081817627, 0, 0, 8, 10, 17, 0, 0, 0, 0, 8, 1, 4, 0, 0, 0, 9, 0, 0.6666666666666666, 0, 0, 0, 0, 0, 0, -20.790061950683594, 0.018468856811523438], [0, 0, 0, 0.3120734691619873, 0, 0, 8, 4, 11, 0, 0, 0, 0, 2, 1, 3, 0, 0, 0, 3, 0, 0.5, 0, 0, 0, 0, 0, 0, -26.41431427001953, 0.4239768981933594], [0, 0, 0, 0.008970499038696289, 0, 0, 8, 3, 10, 0, 0, 0, 0, 1, 1, 7, 0, 0, 0, 2, 0, 0.5, 0, 0, 0, 0, 0, 0, -33.77030563354492, 0.0], [0, 0, 0, 0.1692371368408203, 0, 0, 8, 4, 11, 0, 0, 0, 0, 2, 1, 6, 0, 0, 0, 3, 0, 0.5, 0, 0, 0, 0, 0, 0, -26.41431427001953, 0.4239768981933594], [0, 0, 0, 0.04099714756011963, 0, 0, 8, 11, 18, 0, 0, 1, 0, 8, 2, 1, 0, 0, 0, 10, 0, 0.0967741935483871, 0, 0, 0, 0, 0, 0, -38.70468521118164, 3.651317596435547], [0, 0, 0, 0.2885763645172119, 0, 0, 8, 4, 11, 0, 0, 0, 0, 2, 1, 5, 0, 0, 0, 3, 0, 0.8, 0, 0, 0, 0, 0, 0, -26.41431427001953, 0.4239768981933594], [0, 0, 0, 0.10526442527770996, 0, 0, 8, 5, 12, 0, 0, 0, 0, 3, 1, 3, 0, 0, 0, 4, 0, 0.5, 0, 0, 0, 0, 0, 0, -24.526206970214844, 0.09002113342285156], [0, 0, 0, 0.009691119194030762, 0, 0, 8, 13, 20, 0, 0, 0, 0, 9, 3, 5, 0, 0, 0, 12, 0, 0.8, 0, 0, 0, 0, 0, 0, -21.881425857543945, 3.8698043823242188], [0, 0, 0, 0.06646496057510376, 0, 0, 8, 13, 20, 0, 0, 0, 0, 11, 1, 1, 0, 0, 0, 12, 0, 0.125, 0, 0, 0, 0, 0, 0, -19.98235321044922, 0.012516021728515625], [0, 0, 0, 0.09549093246459961, 0, 0, 8, 5, 12, 0, 0, 0, 0, 3, 1, 4, 0, 0, 0, 4, 0, 0.5, 0, 0, 0, 0, 0, 0, -30.76034164428711, 1.5347213745117188], [0, 0, 0, 0.0418584942817688, 0, 0, 8, 3, 10, 0, 0, 0, 0, 1, 1, 4, 0, 0, 0, 2, 0, 0.5, 0, 0, 0, 0, 0, 0, -33.77030563354492, 0.0], [0, 0, 0, 0.035473525524139404, 0, 0, 8, 3, 10, 0, 0, 0, 0, 1, 1, 4, 0, 0, 0, 2, 0, 0.5, 0, 0, 0, 0, 0, 0, -33.77030563354492, 0.0], [0, 0, 0, 0.09315860271453857, 0, 0, 8, 5, 12, 0, 0, 0, 0, 3, 1, 5, 0, 0, 0, 4, 0, 0.6666666666666666, 0, 0, 0, 0, 0, 0, -24.526206970214844, 0.09002113342285156], [0, 0, 0, 0.04923856258392334, 0, 0, 8, 3, 10, 0, 0, 0, 0, 1, 1, 2, 0, 0, 0, 2, 0, 0.5, 0, 0, 0, 0, 0, 0, -33.77030563354492, 0.0], [1, 0, 0, 0.049820125102996826, 0, 0, 8, 5, 12, 1, 0, 0, 0, 3, 1, 4, 0, 0, 0, 4, 0, 0.5714285714285714, 0, 0, 0, 0, 0, 0, -24.526206970214844, 0.09002113342285156], [1, 0, 0, 0.1836932897567749, 0, 0, 2, 3, 4, 1, 1, 0, 0, 1, 1, 1, 0, 0, 0, 2, 0, 0.6666666666666666, 0, 0, 0, 0, 0, 0, -33.77030563354492, 0.0], [0, 0, 0, 0.00028136372566223145, 0, 0, 8, 13, 20, 0, 0, 0, 0, 11, 1, 2, 0, 0, 0, 12, 0, 0.5, 0, 0, 0, 0, 0, 0, -20.163042068481445, 0.0124969482421875], [0, 0, 0, 0.013670742511749268, 0, 0, 8, 5, 12, 0, 1, 0, 0, 2, 2, 5, 0, 0, 0, 4, 0, 0.8, 0, 0, 0, 0, 0, 0, -25.3422794342041, 15.487554550170898], [0, 0, 0, 0.00847327709197998, 0, 0, 8, 13, 20, 0, 0, 0, 0, 11, 1, 1, 0, 0, 0, 12, 0, 0.2, 0, 0, 0, 0, 0, 0, -20.556243896484375, 0.0124664306640625], [0, 0, 0, 0.11741483211517334, 0, 0, 8, 3, 10, 0, 0, 0, 0, 1, 1, 3, 0, 0, 0, 2, 0, 0.5, 0, 0, 0, 0, 0, 0, -33.77030563354492, 0.0], [0, 0, 0, 0.028542757034301758, 0, 0, 8, 6, 13, 0, 0, 0, 0, 4, 1, 2, 0, 0, 0, 5, 0, 0.5, 0, 0, 0, 0, 0, 0, -39.051918029785156, 0.08806991577148438], [0, 0, 0, 0.2556823492050171, 0, 0, 8, 3, 10, 0, 1, 0, 0, 1, 1, 3, 0, 0, 0, 2, 0, 0.5, 0, 0, 0, 0, 0, 0, -33.77030563354492, 0.0], [1, 0, 1, 0.0, 0, 0, 7, 4, 10, 1, 0, 1, 1, 2, 1, 4, 0, 0, 0, 3, 0, 0.5, 0, 0, 0, 0, 0, 0, -26.331144332885742, 0.42426490783691406], [0, 0, 0, 0.1585986614227295, 0, 0, 8, 13, 20, 0, 0, 0, 0, 7, 4, 1, 0, 0, 0, 12, 0, 0.5, 0, 0, 0, 0, 0, 0, -27.847721099853516, 0.7240257263183594], [0, 0, 0, 0.12156540155410767, 0, 0, 8, 4, 11, 0, 0, 0, 0, 2, 1, 4, 0, 0, 0, 3, 0, 0.6666666666666666, 0, 0, 0, 0, 0, 0, -26.41431427001953, 0.4239768981933594], [1, 0, 1, 0.15447020530700684, 0, 1, 6, 3, 8, 1, 0, 0, 0, 1, 1, 5, 0, 0, 0, 2, 0, 0.6666666666666666, 0, 0, 1, 0, 0, 0, -26.607397079467773, 16.758657455444336], [1, 0, 0, 0.01844733953475952, 0, 0, 8, 4, 11, 1, 0, 0, 0, 2, 1, 4, 0, 0, 0, 3, 0, 0.6666666666666666, 0, 0, 0, 0, 0, 0, -26.41431427001953, 0.4239768981933594], [0, 0, 0, 0.07323932647705078, 0, 0, 8, 6, 13, 0, 0, 0, 0, 4, 1, 3, 0, 0, 0, 5, 0, 0.5, 0, 0, 0, 0, 0, 0, -38.90766143798828, 0.004573822021484375], [0, 0, 0, 0.017089158296585083, 0, 0, 8, 5, 12, 0, 0, 0, 0, 3, 1, 1, 0, 0, 0, 4, 0, 0.5, 0, 0, 0, 0, 0, 0, -24.526206970214844, 0.09002113342285156], [0, 0, 0, 0.012147188186645508, 0, 0, 8, 3, 10, 0, 0, 0, 0, 1, 1, 4, 0, 0, 0, 2, 0, 0.5, 0, 0, 0, 0, 0, 0, -33.77030563354492, 0.0], [1, 0, 0, 0.0031654834747314453, 0, 0, 8, 3, 10, 1, 0, 0, 0, 1, 1, 5, 0, 0, 0, 2, 0, 0.5, 0, 0, 0, 0, 0, 0, -33.77030563354492, 0.0], [0, 0, 0, 0.0028093457221984863, 0, 0, 8, 3, 10, 0, 0, 0, 0, 1, 1, 6, 0, 0, 0, 2, 0, 0.6666666666666666, 0, 0, 0, 0, 0, 0, -33.77030563354492, 0.0], [0, 0, 0, 0.005745351314544678, 0, 0, 8, 6, 13, 0, 0, 0, 0, 4, 1, 5, 0, 0, 0, 5, 0, 0.5, 0, 0, 0, 0, 0, 0, -23.257408142089844, 0.05104255676269531], [0, 0, 0, 0.021252930164337158, 0, 0, 8, 13, 20, 0, 0, 0, 0, 10, 2, 1, 0, 0, 0, 12, 0, 0.041666666666666664, 0, 0, 0, 0, 0, 0, -28.89887046813965, 2.6995296478271484], [0, 0, 0, 0.06126600503921509, 0, 0, 8, 13, 20, 0, 0, 0, 0, 11, 1, 1, 0, 0, 0, 12, 0, 0.5, 0, 0, 0, 0, 0, 0, -20.152807235717773, 0.012498855590820312], [0, 0, 0, 0.00909721851348877, 0, 0, 8, 3, 10, 0, 0, 0, 0, 1, 1, 6, 0, 0, 0, 2, 0, 0.5, 0, 0, 0, 0, 0, 0, -33.77030563354492, 0.0], [0, 0, 0, 0.174337238073349, 0, 0, 8, 9, 16, 0, 0, 0, 0, 7, 1, 3, 0, 0, 0, 8, 0, 0.5, 0, 0, 0, 0, 0, 0, -21.189762115478516, 0.021245956420898438], [0, 0, 0, 0.036011338233947754, 0, 0, 8, 3, 10, 0, 0, 0, 0, 1, 1, 7, 0, 0, 0, 2, 0, 0.5, 0, 0, 0, 0, 0, 0, -33.77030563354492, 0.0], [0, 0, 0, 0.06447185575962067, 0, 0, 8, 8, 15, 0, 0, 0, 0, 5, 2, 4, 0, 0, 0, 7, 0, 0.75, 0, 0, 0, 0, 0, 0, -25.689998626708984, 3.870634078979492], [0, 0, 0, 0.002809286117553711, 0, 0, 8, 3, 10, 0, 0, 0, 0, 1, 1, 6, 0, 0, 0, 2, 0, 0.6666666666666666, 0, 0, 0, 0, 0, 0, -33.77030563354492, 0.0], [0, 0, 0, 0.01689678430557251, 0, 0, 8, 3, 10, 0, 0, 0, 0, 1, 1, 4, 0, 0, 0, 2, 0, 0.6666666666666666, 0, 0, 0, 0, 0, 0, -33.77030563354492, 0.0], [0, 0, 0, 0.024681508541107178, 0, 0, 8, 13, 20, 0, 0, 1, 0, 11, 1, 1, 0, 0, 0, 12, 0, 0.05, 0, 0, 0, 0, 0, 0, -27.280303955078125, 0.013875961303710938], [0, 0, 0, 0.12969422340393066, 0, 0, 8, 3, 10, 0, 0, 0, 0, 1, 1, 4, 0, 0, 0, 2, 0, 0.5, 0, 0, 0, 0, 0, 0, -33.77030563354492, 0.0], [0, 0, 0, 0.011026740074157715, 0, 0, 8, 3, 10, 0, 0, 0, 0, 1, 1, 5, 0, 0, 0, 2, 0, 0.6666666666666666, 0, 0, 0, 0, 0, 0, -33.77030563354492, 0.0], [0, 0, 0, 0.11759781837463379, 0, 0, 8, 4, 11, 0, 0, 0, 0, 2, 1, 5, 0, 0, 0, 3, 0, 0.75, 0, 0, 0, 0, 0, 0, -26.41431427001953, 0.4239768981933594], [0, 0, 0, 0.0317021906375885, 0, 0, 8, 4, 11, 0, 0, 0, 0, 2, 1, 3, 0, 0, 0, 3, 0, 0.5, 0, 0, 0, 0, 0, 0, -26.41431427001953, 0.4239768981933594], [0, 0, 0, 0.11032027006149292, 0, 0, 8, 5, 12, 0, 0, 0, 0, 3, 1, 3, 0, 0, 0, 4, 0, 0.5, 0, 0, 0, 0, 0, 0, -24.526206970214844, 0.09002113342285156], [0, 0, 0, 0.1836932897567749, 0, 0, 2, 3, 4, 0, 0, 0, 0, 1, 1, 1, 0, 0, 0, 2, 0, 0.6666666666666666, 0, 0, 0, 0, 0, 0, -33.77030563354492, 0.0], [0, 0, 0, 0.01841983199119568, 0, 0, 8, 3, 10, 0, 0, 0, 0, 1, 1, 5, 0, 0, 0, 2, 0, 0.6666666666666666, 0, 0, 0, 0, 0, 0, -33.77030563354492, 0.0], [0, 0, 0, 0.21595868468284607, 0, 0, 8, 4, 11, 0, 0, 0, 0, 2, 1, 4, 0, 0, 0, 3, 0, 0.5, 0, 0, 0, 0, 0, 0, -26.41431427001953, 0.4239768981933594], [0, 0, 0, 0.05328434705734253, 0, 0, 8, 13, 20, 0, 0, 0, 0, 11, 1, 1, 0, 0, 0, 12, 0, 0.024539877300613498, 0, 0, 0, 0, 0, 0, -20.275501251220703, 0.01248931884765625], [0, 0, 0, 0.005750596523284912, 0, 0, 8, 13, 20, 0, 0, 0, 0, 10, 2, 1, 0, 0, 0, 12, 0, 0.024539877300613498, 0, 0, 0, 0, 0, 0, -21.413328170776367, 3.037057876586914], [0, 0, 0, 0.026511281728744507, 0, 0, 8, 13, 20, 0, 0, 0, 0, 11, 1, 1, 0, 0, 0, 12, 0, 0.05, 0, 0, 0, 0, 0, 0, -20.597585678100586, 0.012462615966796875], [0, 0, 0, 0.03129386901855469, 0, 0, 8, 3, 10, 0, 0, 0, 0, 1, 1, 4, 0, 0, 0, 2, 0, 0.5, 0, 0, 0, 0, 0, 0, -33.77030563354492, 0.0], [0, 0, 0, 0.15747493505477905, 0, 0, 8, 3, 10, 0, 0, 0, 0, 1, 1, 3, 0, 0, 0, 2, 0, 0.5, 0, 0, 0, 0, 0, 0, -33.77030563354492, 0.0], [0, 0, 0, 0.03036320209503174, 0, 0, 8, 6, 13, 0, 0, 0, 0, 4, 1, 4, 0, 0, 0, 5, 0, 0.5, 0, 0, 0, 0, 0, 0, -39.051918029785156, 0.08806991577148438], [0, 0, 1, 0.006468534469604492, 0, 0, 8, 8, 15, 0, 0, 1, 1, 4, 3, 1, 0, 0, 0, 7, 0, 0.041666666666666664, 0, 0, 0, 0, 0, 0, -37.310150146484375, 6.877658843994141], [0, 0, 0, 0.24446925520896912, 0, 0, 8, 3, 10, 0, 0, 0, 0, 1, 1, 3, 0, 0, 0, 2, 0, 0.5, 0, 0, 0, 0, 0, 0, -33.77030563354492, 0.0], [0, 0, 0, 0.14710280299186707, 0, 0, 8, 10, 17, 0, 0, 0, 0, 8, 1, 4, 0, 0, 0, 9, 0, 0.5, 0, 0, 0, 0, 0, 0, -20.790061950683594, 0.018468856811523438], [0, 0, 0, 0.010797947645187378, 0, 0, 8, 13, 20, 0, 0, 1, 0, 11, 1, 1, 0, 0, 0, 12, 0, 0.09523809523809523, 0, 0, 0, 0, 0, 0, -20.353927612304688, 0.012477874755859375], [0, 0, 0, 0.018363505601882935, 0, 0, 8, 13, 20, 0, 0, 0, 0, 11, 1, 5, 0, 0, 0, 12, 0, 0.6666666666666666, 0, 0, 0, 0, 0, 0, -20.052244186401367, 0.012508392333984375], [0, 0, 0, 0.052652955055236816, 0, 0, 8, 13, 20, 0, 0, 0, 0, 10, 2, 5, 0, 0, 0, 12, 0, 0.5, 0, 0, 0, 0, 0, 0, -21.271472930908203, 3.033611297607422], [0, 0, 0, 0.008636265993118286, 0, 0, 8, 3, 10, 0, 0, 0, 0, 1, 1, 5, 0, 0, 0, 2, 0, 0.8571428571428571, 0, 0, 0, 0, 0, 0, -33.77030563354492, 0.0], [0, 0, 0, 0.09914654493331909, 0, 0, 8, 3, 10, 0, 0, 0, 0, 1, 1, 4, 0, 0, 0, 2, 0, 0.6666666666666666, 0, 0, 0, 0, 0, 0, -33.77030563354492, 0.0], [0, 0, 0, 0.030551761388778687, 0, 0, 8, 13, 20, 0, 0, 0, 0, 11, 1, 2, 0, 0, 0, 12, 0, 0.6666666666666666, 0, 0, 0, 0, 0, 0, -19.98235321044922, 0.012516021728515625], [0, 0, 0, 0.010885536670684814, 0, 0, 8, 7, 14, 0, 0, 0, 0, 4, 2, 4, 0, 0, 0, 6, 0, 0.5, 0, 0, 0, 0, 0, 0, -23.721736907958984, 6.607307434082031], [0, 0, 0, 0.1020539402961731, 0, 0, 8, 3, 10, 0, 0, 0, 0, 1, 1, 2, 0, 0, 0, 2, 0, 0.3333333333333333, 0, 0, 0, 0, 0, 0, -33.77030563354492, 0.0], [0, 0, 0, 0.06620922684669495, 0, 0, 8, 13, 20, 0, 0, 0, 0, 10, 2, 2, 0, 0, 0, 12, 0, 0.25, 0, 0, 0, 0, 0, 0, -21.417757034301758, 3.03594970703125], [0, 0, 0, 0.015500307083129883, 0, 0, 8, 7, 14, 0, 0, 0, 0, 5, 1, 3, 0, 0, 0, 6, 0, 0.6, 0, 0, 0, 0, 0, 0, -22.360370635986328, 0.034664154052734375], [0, 0, 0, 0.20993131399154663, 0, 0, 8, 9, 16, 0, 0, 0, 0, 7, 1, 3, 0, 0, 0, 8, 0, 0.5, 0, 0, 0, 0, 0, 0, -21.189762115478516, 0.021245956420898438], [0, 0, 0, 0.021311700344085693, 0, 0, 8, 4, 11, 0, 0, 0, 0, 2, 1, 4, 0, 0, 0, 3, 0, 0.5, 0, 0, 0, 0, 0, 0, -26.41431427001953, 0.4239768981933594], [0, 0, 0, 0.07052141427993774, 0, 0, 8, 13, 20, 0, 0, 0, 0, 9, 2, 1, 0, 0, 0, 12, 0, 0.5, 0, 0, 0, 0, 0, 0, -25.343198776245117, 0.043659210205078125], [1, 0, 1, 0.11399435997009277, 1, 0, 8, 5, 12, 1, 0, 1, 1, 2, 2, 6, 0, 0, 0, 4, 1, 0.8571428571428571, 0, 0, 0, 0, 0, 0, -25.57879638671875, 15.156429290771484], [0, 0, 0, 0.013422906398773193, 0, 0, 8, 13, 20, 0, 0, 0, 0, 11, 1, 1, 0, 0, 0, 12, 0, 0.05, 0, 0, 0, 0, 0, 0, -20.597585678100586, 0.012462615966796875], [0, 0, 0, 0.021495193243026733, 0, 0, 8, 13, 20, 0, 0, 0, 0, 11, 1, 1, 0, 0, 0, 12, 0, 0.05, 0, 0, 0, 0, 0, 0, -20.597585678100586, 0.012462615966796875], [1, 0, 0, 0.05590027570724487, 0, 0, 8, 3, 10, 1, 0, 0, 0, 1, 1, 7, 0, 0, 0, 2, 0, 0.75, 0, 0, 0, 0, 0, 0, -33.77030563354492, 0.0], [0, 0, 0, 0.08375352621078491, 0, 0, 8, 4, 11, 0, 0, 0, 0, 2, 1, 4, 0, 0, 0, 3, 0, 0.5, 0, 0, 0, 0, 0, 0, -26.41431427001953, 0.4239768981933594], [1, 0, 0, 0.14481759071350098, 0, 0, 8, 4, 11, 1, 0, 0, 0, 2, 1, 4, 0, 0, 0, 3, 0, 0.5, 0, 0, 0, 0, 0, 0, -26.41431427001953, 0.4239768981933594], [1, 0, 1, 0.18311089277267456, 1, 0, 8, 13, 20, 1, 0, 1, 1, 7, 4, 1, 0, 0, 0, 12, 0, 0.5, 0, 0, 0, 0, 0, 0, -27.865629196166992, 0.7421894073486328], [0, 0, 0, 0.025080084800720215, 0, 0, 8, 9, 16, 0, 0, 0, 0, 7, 1, 1, 0, 0, 0, 8, 0, 0.5, 0, 0, 0, 0, 0, 0, -21.189762115478516, 0.021245956420898438], [0, 0, 0, 0.008699744939804077, 0, 0, 8, 13, 20, 0, 0, 0, 0, 11, 1, 1, 0, 0, 0, 12, 0, 0.024539877300613498, 0, 0, 0, 0, 0, 0, -20.233064651489258, 0.01248931884765625], [0, 0, 0, 0.07671228051185608, 0, 0, 8, 13, 20, 0, 0, 0, 0, 11, 1, 3, 0, 0, 0, 12, 0, 0.6666666666666666, 0, 0, 0, 0, 0, 0, -20.353927612304688, 0.012477874755859375], [0, 0, 0, 0.03115144371986389, 0, 0, 8, 7, 14, 0, 0, 0, 0, 5, 1, 4, 0, 0, 0, 6, 0, 0.5, 0, 0, 0, 0, 0, 0, -22.360370635986328, 0.034664154052734375], [0, 0, 0, 0.0022122561931610107, 0, 0, 8, 3, 10, 0, 0, 0, 0, 1, 1, 2, 0, 0, 0, 2, 0, 0.3333333333333333, 0, 0, 0, 0, 0, 0, -33.77030563354492, 0.0], [0, 0, 0, 0.03364372253417969, 0, 0, 8, 4, 11, 0, 0, 0, 0, 2, 1, 4, 0, 0, 0, 3, 0, 0.5, 0, 0, 0, 0, 0, 0, -26.41431427001953, 0.4239768981933594], [0, 0, 0, 0.007533460855484009, 0, 0, 8, 13, 20, 0, 0, 0, 0, 11, 1, 1, 0, 0, 0, 12, 0, 0.007633587786259542, 0, 0, 0, 0, 0, 0, -20.381471633911133, 0.012483596801757812], [1, 0, 0, 0.07711261510848999, 1, 0, 8, 6, 13, 1, 0, 1, 0, 4, 1, 4, 0, 0, 0, 5, 1, 0.5, 0, 0, 0, 0, 0, 0, -23.207412719726562, 0.05108451843261719], [0, 0, 0, 0.32575297355651855, 0, 0, 8, 3, 10, 0, 0, 0, 0, 1, 1, 3, 0, 0, 0, 2, 0, 0.6666666666666666, 0, 0, 0, 0, 0, 0, -33.77030563354492, 0.0], [0, 0, 0, 0.11995464563369751, 0, 0, 8, 6, 13, 0, 0, 0, 0, 4, 1, 2, 0, 0, 0, 5, 0, 0.5, 0, 0, 0, 0, 0, 0, -23.257408142089844, 0.05104255676269531], [0, 0, 0, 0.05684620141983032, 0, 0, 8, 13, 20, 0, 0, 0, 0, 10, 2, 3, 0, 0, 0, 12, 0, 0.5, 0, 0, 0, 0, 0, 0, -21.38631248474121, 3.040191650390625], [0, 0, 0, 0.0435488224029541, 0, 0, 8, 13, 20, 0, 0, 1, 0, 11, 1, 3, 0, 0, 0, 12, 0, 0.8, 0, 0, 0, 0, 0, 0, -27.907320022583008, 0.01399993896484375], [1, 0, 1, 0.0, 0, 0, 8, 5, 12, 1, 0, 1, 1, 2, 2, 4, 0, 0, 0, 4, 1, 0.8, 0, 0, 0, 0, 0, 0, -25.258052825927734, 15.4771728515625], [0, 0, 0, 0.0133705735206604, 0, 0, 8, 6, 13, 0, 0, 0, 0, 3, 2, 5, 0, 0, 0, 5, 0, 0.5, 0, 0, 0, 0, 0, 0, -24.71941375732422, 8.172260284423828], [0, 0, 0, 0.040091902017593384, 0, 0, 8, 13, 20, 0, 0, 0, 0, 10, 2, 4, 0, 0, 0, 12, 0, 0.8, 0, 0, 0, 0, 0, 0, -21.42340850830078, 3.0422019958496094], [1, 0, 0, 0.018408983945846558, 0, 0, 8, 13, 20, 1, 0, 0, 0, 11, 1, 1, 0, 0, 0, 12, 0, 0.05, 0, 0, 0, 0, 0, 0, -20.597585678100586, 0.012462615966796875], [1, 0, 1, 0.006447434425354004, 1, 1, 8, 8, 15, 1, 0, 1, 1, 2, 5, 7, 0, 0, 0, 7, 1, 0.8, 0, 0, 1, 0, 0, 0, -37.98703384399414, 9.584125518798828], [0, 0, 0, 0.012895256280899048, 0, 0, 8, 4, 11, 0, 0, 0, 0, 2, 1, 3, 0, 0, 0, 3, 0, 0.25, 0, 0, 0, 0, 0, 0, -26.41431427001953, 0.4239768981933594], [0, 0, 0, 0.01996743679046631, 0, 0, 8, 8, 15, 0, 0, 0, 0, 5, 2, 2, 0, 0, 0, 7, 0, 0.5, 0, 0, 0, 0, 0, 0, -23.076904296875, 5.541933059692383], [0, 0, 0, 0.10065305233001709, 0, 0, 8, 7, 14, 0, 0, 0, 0, 5, 1, 2, 0, 0, 0, 6, 0, 0.4, 0, 0, 0, 0, 0, 0, -36.4503288269043, 0.07271575927734375], [0, 0, 0, 0.011011198163032532, 0, 0, 8, 6, 13, 0, 0, 0, 0, 4, 1, 3, 0, 0, 0, 5, 0, 0.5, 0, 0, 0, 0, 0, 0, -23.257408142089844, 0.05104255676269531], [0, 0, 0, 0.04043477773666382, 0, 0, 8, 8, 15, 0, 0, 0, 0, 6, 1, 3, 0, 0, 0, 7, 0, 0.5, 0, 0, 0, 0, 0, 0, -21.697446823120117, 0.026195526123046875], [0, 0, 0, 0.07983079552650452, 0, 0, 8, 13, 20, 0, 0, 0, 0, 11, 1, 3, 0, 0, 0, 12, 0, 0.5555555555555556, 0, 0, 0, 0, 0, 0, -20.03644561767578, 0.012510299682617188], [0, 0, 0, 0.08096671104431152, 0, 0, 8, 7, 14, 0, 0, 0, 0, 3, 3, 4, 0, 0, 0, 6, 0, 0.6666666666666666, 0, 0, 0, 0, 0, 0, -24.297447204589844, 8.824954986572266], [0, 0, 0, 0.16804015636444092, 0, 0, 8, 3, 10, 0, 0, 0, 0, 1, 1, 4, 0, 0, 0, 2, 0, 0.5, 0, 0, 0, 0, 0, 0, -33.77030563354492, 0.0], [0, 0, 0, 0.024593055248260498, 0, 0, 8, 6, 13, 0, 0, 0, 0, 4, 1, 3, 0, 0, 0, 5, 0, 0.5, 0, 0, 0, 0, 0, 0, -38.90766143798828, 0.004573822021484375], [0, 0, 0, 0.013738542795181274, 0, 0, 8, 10, 17, 0, 0, 0, 0, 4, 5, 5, 0, 0, 0, 9, 0, 0.5, 0, 0, 0, 0, 0, 0, -39.403743743896484, 8.527786254882812], [0, 0, 0, 0.06400802731513977, 0, 0, 8, 7, 14, 0, 0, 0, 0, 3, 2, 5, 0, 0, 0, 6, 0, 0.6666666666666666, 0, 0, 0, 0, 0, 0, -47.72787094116211, 0.0713653564453125], [0, 0, 0, 0.03182363510131836, 0, 0, 8, 10, 17, 0, 0, 0, 0, 6, 3, 5, 0, 0, 0, 9, 0, 0.5, 0, 0, 0, 0, 0, 0, -22.874940872192383, 5.4029541015625], [0, 0, 0, 0.05067381262779236, 0, 0, 8, 6, 13, 0, 0, 0, 0, 4, 1, 1, 0, 0, 0, 5, 0, 0.17391304347826086, 0, 0, 0, 0, 0, 0, -23.257408142089844, 0.05104255676269531], [0, 0, 0, 0.029366686940193176, 0, 0, 8, 4, 11, 0, 0, 1, 0, 2, 1, 4, 0, 0, 0, 3, 0, 0.5, 0, 0, 0, 0, 0, 0, -26.331144332885742, 0.42426490783691406], [0, 0, 0, 0.022748470306396484, 0, 0, 8, 9, 16, 0, 0, 0, 0, 6, 2, 3, 0, 0, 0, 8, 0, 0.5, 0, 0, 0, 0, 0, 0, -22.48994255065918, 4.762533187866211], [1, 0, 1, 0.0, 1, 1, 8, 8, 15, 1, 1, 1, 1, 2, 5, 6, 0, 0, 0, 7, 1, 0.75, 0, 0, 1, 0, 0, 0, -36.045841217041016, 10.524158477783203], [0, 0, 0, 0.02083653211593628, 0, 0, 8, 9, 16, 0, 0, 0, 0, 6, 2, 4, 0, 0, 0, 8, 0, 0.5, 0, 0, 0, 0, 0, 0, -22.49759864807129, 4.760358810424805], [0, 0, 0, 0.005464434623718262, 0, 0, 8, 3, 10, 0, 0, 0, 0, 1, 1, 5, 0, 0, 0, 2, 0, 0.5, 0, 0, 0, 0, 0, 0, -33.77030563354492, 0.0], [1, 0, 1, 0.04642796516418457, 1, 0, 8, 7, 14, 1, 0, 1, 1, 4, 2, 6, 0, 0, 0, 6, 1, 0.75, 0, 0, 0, 0, 0, 0, -23.80461883544922, 6.613643646240234], [0, 0, 0, 0.0019089877605438232, 0, 0, 8, 13, 20, 0, 0, 0, 0, 11, 1, 4, 0, 0, 0, 12, 0, 0.6666666666666666, 0, 0, 0, 0, 0, 0, -26.843780517578125, 0.013963699340820312], [0, 0, 0, 0.09364807605743408, 0, 0, 8, 3, 10, 0, 0, 0, 0, 1, 1, 3, 0, 0, 0, 2, 0, 0.5, 0, 0, 0, 0, 0, 0, -33.77030563354492, 0.0], [1, 0, 0, 0.0, 0, 0, 7, 4, 10, 1, 1, 1, 0, 2, 1, 4, 0, 0, 0, 3, 1, 0.75, 0, 0, 0, 0, 0, 0, -26.331144332885742, 0.42426490783691406], [0, 0, 0, 0.015443205833435059, 0, 0, 8, 13, 20, 0, 0, 0, 0, 11, 1, 1, 0, 0, 0, 12, 0, 0.2, 0, 0, 0, 0, 0, 0, -21.999431610107422, 7.867576599121094], [0, 0, 0, 0.020795971155166626, 0, 0, 8, 13, 20, 0, 0, 0, 0, 11, 1, 1, 0, 0, 0, 12, 0, 0.007633587786259542, 0, 0, 0, 0, 0, 0, -20.381471633911133, 0.012483596801757812], [1, 0, 0, 0.05530908703804016, 0, 0, 8, 13, 20, 1, 1, 1, 0, 9, 2, 6, 0, 0, 0, 12, 0, 0.6666666666666666, 0, 0, 0, 0, 0, 0, -25.323062896728516, 0.16232681274414062], [0, 0, 0, 0.011681139469146729, 0, 0, 8, 3, 10, 0, 0, 0, 0, 1, 1, 5, 0, 0, 0, 2, 0, 0.6666666666666666, 0, 0, 0, 0, 0, 0, -33.77030563354492, 0.0], [0, 0, 0, 0.007528364658355713, 0, 0, 8, 13, 20, 0, 0, 0, 0, 10, 2, 4, 0, 0, 0, 12, 0, 0.75, 0, 0, 0, 0, 0, 0, -21.023714065551758, 3.0269851684570312], [0, 0, 0, 0.012828052043914795, 0, 0, 8, 4, 11, 0, 0, 0, 0, 2, 1, 1, 0, 0, 0, 3, 0, 0.125, 0, 0, 0, 0, 0, 0, -26.41431427001953, 0.4239768981933594], [0, 0, 0, 0.024102091789245605, 0, 0, 8, 13, 20, 0, 0, 0, 0, 11, 1, 1, 0, 0, 0, 12, 0, 0.007633587786259542, 0, 0, 0, 0, 0, 0, -20.381471633911133, 0.012483596801757812], [0, 0, 0, 0.0658259391784668, 0, 0, 8, 3, 10, 0, 0, 0, 0, 1, 1, 5, 0, 0, 0, 2, 0, 0.75, 0, 0, 0, 0, 0, 0, -33.77030563354492, 0.0], [0, 0, 0, 0.04767268896102905, 0, 0, 8, 13, 20, 0, 0, 0, 0, 11, 1, 2, 0, 0, 0, 12, 0, 0.5, 0, 0, 0, 0, 0, 0, -19.98235321044922, 0.012516021728515625], [0, 0, 0, 0.0, 0, 0, 2, 4, 5, 0, 0, 0, 0, 2, 1, 1, 0, 0, 0, 3, 0, 0.5, 0, 0, 0, 0, 0, 0, -26.41431427001953, 0.4239768981933594], [0, 0, 0, 0.026700377464294434, 0, 0, 8, 13, 20, 0, 0, 0, 0, 11, 1, 3, 0, 0, 0, 12, 0, 0.5, 0, 0, 0, 0, 0, 0, -20.019628524780273, 0.012508392333984375], [0, 0, 0, 0.0006725788116455078, 0, 0, 8, 3, 10, 0, 0, 0, 0, 1, 1, 3, 0, 0, 0, 2, 0, 0.5, 0, 0, 0, 0, 0, 0, -33.77030563354492, 0.0], [0, 0, 0, 0.010043859481811523, 0, 0, 8, 5, 12, 0, 0, 0, 0, 3, 1, 4, 0, 0, 0, 4, 0, 0.5, 0, 0, 0, 0, 0, 0, -24.526206970214844, 0.09002113342285156], [0, 0, 0, 0.006118655204772949, 0, 0, 8, 3, 10, 0, 0, 0, 0, 1, 1, 5, 0, 0, 0, 2, 0, 0.6, 0, 0, 0, 0, 0, 0, -33.77030563354492, 0.0], [0, 0, 0, 0.07784724235534668, 0, 0, 8, 8, 15, 0, 0, 0, 0, 5, 2, 3, 0, 0, 0, 7, 0, 0.3333333333333333, 0, 0, 0, 0, 0, 0, -37.34568405151367, 6.399425506591797], [0, 0, 0, 0.004946768283843994, 0, 0, 8, 13, 20, 0, 0, 0, 0, 11, 1, 3, 0, 0, 0, 12, 0, 0.5, 0, 0, 0, 0, 0, 0, -20.019628524780273, 0.012508392333984375], [1, 0, 1, 0.11743336915969849, 1, 0, 8, 9, 16, 1, 0, 1, 1, 3, 5, 7, 0, 0, 0, 8, 1, 0.6666666666666666, 0, 0, 0, 0, 0, 0, -23.607332229614258, 9.07984733581543], [0, 0, 0, 0.013817310333251953, 0, 0, 8, 13, 20, 0, 0, 0, 0, 10, 2, 1, 0, 0, 0, 12, 0, 0.2, 0, 0, 0, 0, 0, 0, -21.712156295776367, 3.0448379516601562], [1, 0, 1, 0.1040564775466919, 1, 0, 8, 13, 20, 1, 0, 1, 1, 9, 2, 3, 0, 0, 0, 12, 1, 0.6666666666666666, 0, 0, 0, 0, 0, 0, -25.371437072753906, 0.15672874450683594], [0, 0, 0, 0.003634721040725708, 0, 0, 8, 13, 20, 0, 0, 0, 0, 10, 2, 4, 0, 0, 0, 12, 0, 0.6666666666666666, 0, 0, 0, 0, 0, 0, -21.13693618774414, 3.0286026000976562], [0, 0, 0, 0.031317323446273804, 0, 0, 8, 13, 20, 0, 0, 0, 0, 10, 2, 3, 0, 0, 0, 12, 0, 0.8, 0, 0, 0, 0, 0, 0, -21.377527236938477, 3.037942886352539], [1, 0, 1, 0.3746824860572815, 1, 0, 8, 5, 12, 1, 0, 1, 1, 2, 2, 3, 0, 0, 0, 4, 1, 0.6666666666666666, 0, 0, 0, 0, 0, 0, -25.57879638671875, 15.156429290771484], [1, 0, 1, 0.0, 0, 0, 8, 6, 13, 1, 0, 1, 1, 2, 3, 4, 0, 0, 0, 5, 1, 0.75, 0, 0, 0, 0, 0, 0, -37.92421340942383, 14.549816131591797], [0, 0, 0, 0.02200639247894287, 0, 0, 8, 13, 20, 0, 0, 1, 0, 10, 2, 4, 0, 0, 0, 12, 0, 0.6666666666666666, 0, 0, 0, 0, 0, 0, -21.533098220825195, 3.0437374114990234], [0, 0, 0, 0.0800057053565979, 0, 0, 8, 11, 18, 0, 0, 0, 0, 8, 2, 3, 0, 0, 0, 10, 0, 0.5, 0, 0, 0, 0, 0, 0, -21.646137237548828, 3.705686569213867], [1, 0, 0, 0.05436503887176514, 0, 0, 8, 5, 12, 1, 0, 1, 0, 3, 1, 4, 0, 0, 0, 4, 1, 0.8, 0, 0, 0, 0, 0, 0, -24.463720321655273, 0.09012031555175781], [0, 0, 0, 0.09187185764312744, 0, 0, 8, 6, 13, 0, 0, 0, 0, 4, 1, 1, 0, 0, 0, 5, 0, 0.17391304347826086, 0, 0, 0, 0, 0, 0, -23.257408142089844, 0.05104255676269531], [0, 0, 0, 0.033323973417282104, 0, 0, 8, 3, 10, 0, 0, 0, 0, 1, 1, 3, 0, 0, 0, 2, 0, 0.5555555555555556, 0, 0, 0, 0, 0, 0, -33.77030563354492, 0.0], [1, 0, 0, 0.01144421100616455, 0, 0, 8, 13, 20, 1, 0, 0, 0, 11, 1, 3, 0, 0, 0, 12, 0, 0.5, 0, 0, 0, 0, 0, 0, -26.80666732788086, 0.02989959716796875], [0, 0, 0, 0.022396475076675415, 0, 0, 8, 5, 12, 0, 0, 0, 0, 3, 1, 4, 0, 0, 0, 4, 0, 0.75, 0, 0, 0, 0, 0, 0, -24.526206970214844, 0.09002113342285156], [1, 0, 1, 0.011634349822998047, 1, 0, 8, 13, 20, 1, 0, 1, 1, 11, 1, 4, 0, 0, 0, 12, 1, 0.6666666666666666, 0, 0, 0, 0, 0, 0, -26.96872329711914, 0.051788330078125], [0, 0, 0, 0.02459615468978882, 0, 0, 8, 13, 20, 0, 0, 1, 0, 10, 2, 4, 0, 0, 0, 12, 0, 0.6666666666666666, 0, 0, 0, 0, 0, 0, -21.455141067504883, 3.039581298828125], [1, 0, 0, 0.11194926500320435, 1, 0, 8, 4, 11, 1, 0, 1, 0, 2, 1, 5, 0, 0, 0, 3, 1, 0.75, 0, 0, 0, 0, 0, 0, -26.331144332885742, 0.42426490783691406], [0, 0, 0, 0.0559002161026001, 0, 0, 8, 3, 10, 0, 0, 0, 0, 1, 1, 7, 0, 0, 0, 2, 0, 0.75, 0, 0, 0, 0, 0, 0, -33.77030563354492, 0.0], [0, 0, 1, 0.13023045659065247, 0, 0, 8, 4, 11, 0, 0, 1, 1, 2, 1, 2, 0, 0, 0, 3, 0, 0.5, 0, 0, 0, 0, 0, 0, -26.331144332885742, 0.42426490783691406], [0, 0, 1, 0.10547783970832825, 0, 0, 8, 6, 13, 0, 0, 1, 1, 3, 2, 5, 0, 0, 0, 5, 0, 0.5, 0, 0, 0, 0, 0, 0, -40.381893157958984, 7.400249481201172], [1, 0, 1, 0.055499136447906494, 1, 0, 8, 7, 14, 1, 0, 1, 1, 4, 2, 4, 0, 0, 0, 6, 1, 0.6666666666666666, 0, 0, 0, 0, 0, 0, -23.541837692260742, 6.676641464233398], [0, 0, 0, 0.034123361110687256, 0, 0, 8, 9, 16, 0, 0, 0, 0, 7, 1, 4, 0, 0, 0, 8, 0, 0.5, 0, 0, 0, 0, 0, 0, -21.189762115478516, 0.021245956420898438], [0, 0, 0, 0.020552337169647217, 0, 0, 8, 13, 20, 0, 0, 0, 0, 10, 2, 4, 0, 0, 0, 12, 0, 0.6666666666666666, 0, 0, 0, 0, 0, 0, -21.4249210357666, 3.0381622314453125], [0, 0, 0, 0.0015134811401367188, 0, 0, 8, 3, 10, 0, 1, 0, 0, 1, 1, 4, 0, 0, 0, 2, 0, 0.5, 0, 0, 0, 0, 0, 0, -33.77030563354492, 0.0], [0, 0, 1, 0.012667208909988403, 0, 0, 8, 10, 17, 0, 0, 1, 1, 5, 4, 5, 0, 0, 0, 9, 0, 0.5, 0, 0, 0, 0, 0, 0, -39.95222473144531, 7.4479827880859375], [1, 0, 0, 0.11667007207870483, 0, 0, 8, 4, 11, 1, 0, 0, 0, 2, 1, 6, 0, 0, 0, 3, 0, 0.6666666666666666, 0, 0, 0, 0, 0, 0, -26.41431427001953, 0.4239768981933594], [0, 0, 0, 0.035912543535232544, 0, 0, 8, 13, 20, 0, 0, 0, 0, 11, 1, 1, 0, 0, 0, 12, 0, 0.1111111111111111, 0, 0, 0, 0, 0, 0, -20.328527450561523, 0.012483596801757812], [0, 0, 0, 0.0, 0, 0, 6, 13, 18, 0, 0, 0, 0, 9, 2, 4, 0, 0, 0, 12, 0, 0.6, 0, 0, 0, 0, 0, 0, -25.38886070251465, 0.07956504821777344], [0, 0, 0, 0.06537079811096191, 0, 0, 8, 13, 20, 0, 0, 0, 0, 11, 1, 3, 0, 0, 0, 12, 0, 0.5, 0, 0, 0, 0, 0, 0, -20.163042068481445, 0.0124969482421875], [0, 0, 0, 0.02240145206451416, 0, 0, 8, 13, 20, 0, 0, 0, 0, 7, 4, 4, 0, 0, 0, 12, 0, 0.6666666666666666, 0, 0, 0, 0, 0, 0, -28.22310447692871, 0.8020896911621094], [0, 0, 0, 0.03820636868476868, 0, 0, 8, 4, 11, 0, 0, 0, 0, 2, 1, 3, 0, 0, 0, 3, 0, 0.5, 0, 0, 0, 0, 0, 0, -26.41431427001953, 0.4239768981933594], [0, 0, 0, 0.10043853521347046, 0, 0, 8, 13, 20, 0, 0, 0, 0, 10, 2, 1, 0, 0, 0, 12, 0, 0.041666666666666664, 0, 0, 0, 0, 0, 0, -21.140653610229492, 3.024646759033203], [0, 0, 0, 0.020878493785858154, 0, 0, 8, 13, 20, 0, 0, 0, 0, 11, 1, 1, 0, 0, 0, 12, 0, 0.05, 0, 0, 0, 0, 0, 0, -20.597585678100586, 0.012462615966796875], [0, 0, 0, 0.05551445484161377, 0, 0, 8, 3, 10, 0, 0, 0, 0, 1, 1, 6, 0, 0, 0, 2, 0, 0.5, 0, 0, 0, 0, 0, 0, -33.77030563354492, 0.0], [0, 0, 0, 0.19306319952011108, 0, 0, 8, 4, 11, 0, 0, 0, 0, 2, 1, 5, 0, 0, 0, 3, 0, 0.6666666666666666, 0, 0, 0, 0, 0, 0, -26.41431427001953, 0.4239768981933594], [0, 0, 0, 0.07861518859863281, 0, 0, 8, 13, 20, 0, 0, 0, 0, 11, 1, 2, 0, 0, 0, 12, 0, 0.6666666666666666, 0, 0, 0, 0, 0, 0, -20.353927612304688, 0.012477874755859375], [0, 0, 0, 0.015736758708953857, 0, 0, 8, 3, 10, 0, 0, 0, 0, 1, 1, 4, 0, 0, 0, 2, 0, 0.5, 0, 0, 0, 0, 0, 0, -33.77030563354492, 0.0], [0, 0, 0, 0.0545467734336853, 0, 0, 8, 3, 10, 0, 0, 0, 0, 1, 1, 2, 0, 0, 0, 2, 0, 0.5, 0, 0, 0, 0, 0, 0, -33.77030563354492, 0.0], [0, 0, 0, 0.03801727294921875, 0, 0, 8, 3, 10, 0, 0, 0, 0, 1, 1, 6, 0, 0, 0, 2, 0, 0.8571428571428571, 0, 0, 0, 0, 0, 0, -33.77030563354492, 0.0], [0, 0, 0, 0.09197145700454712, 0, 0, 8, 13, 20, 0, 0, 0, 0, 7, 4, 1, 0, 0, 0, 12, 0, 0.5, 0, 0, 0, 0, 0, 0, -27.93857192993164, 0.6995906829833984], [0, 0, 0, 0.03815418481826782, 0, 0, 8, 8, 15, 0, 0, 0, 0, 6, 1, 4, 0, 0, 0, 7, 0, 0.6666666666666666, 0, 0, 0, 0, 0, 0, -21.697446823120117, 0.026195526123046875], [0, 0, 0, 0.012098610401153564, 0, 0, 8, 5, 12, 0, 0, 0, 0, 3, 1, 4, 0, 0, 0, 4, 0, 0.5, 0, 0, 0, 0, 0, 0, -24.526206970214844, 0.09002113342285156], [0, 0, 0, 0.1487247347831726, 0, 0, 8, 6, 13, 0, 0, 0, 0, 4, 1, 4, 0, 0, 0, 5, 0, 0.8333333333333334, 0, 0, 0, 0, 0, 0, -39.051918029785156, 0.08806991577148438], [1, 0, 0, 0.006368964910507202, 0, 0, 8, 13, 20, 1, 0, 1, 0, 11, 1, 4, 0, 0, 0, 12, 0, 0.8, 0, 0, 0, 0, 0, 0, -20.20038414001465, 0.012495040893554688], [0, 0, 0, 0.092620849609375, 0, 0, 8, 13, 20, 0, 1, 0, 0, 11, 1, 2, 0, 0, 0, 12, 0, 0.25, 0, 0, 0, 0, 0, 0, -20.26210594177246, 0.012491226196289062], [1, 0, 0, 0.08054649829864502, 1, 0, 8, 13, 20, 1, 0, 1, 0, 7, 3, 1, 0, 0, 0, 12, 1, 0.5, 0, 0, 0, 0, 0, 0, -27.954151153564453, 0.11368179321289062], [0, 0, 1, 0.011509984731674194, 0, 0, 8, 7, 14, 0, 0, 1, 0, 3, 2, 2, 0, 0, 0, 6, 0, 0.3333333333333333, 0, 0, 0, 0, 0, 0, -47.65028762817383, 0.064208984375], [0, 0, 0, 0.04535207152366638, 0, 0, 8, 4, 11, 0, 0, 0, 0, 2, 1, 4, 0, 0, 0, 3, 0, 0.5, 0, 0, 0, 0, 0, 0, -26.41431427001953, 0.4239768981933594], [0, 0, 0, 0.01095879077911377, 0, 0, 8, 6, 13, 0, 0, 0, 0, 3, 2, 4, 0, 0, 0, 5, 0, 0.5, 0, 0, 0, 0, 0, 0, -24.484926223754883, 8.182302474975586], [0, 0, 0, 0.27572259306907654, 0, 0, 8, 3, 10, 0, 0, 0, 0, 1, 1, 4, 0, 0, 0, 2, 0, 0.5, 0, 0, 0, 0, 0, 0, -33.77030563354492, 0.0], [0, 0, 0, 0.00847327709197998, 0, 0, 8, 13, 20, 0, 0, 0, 0, 11, 1, 1, 0, 0, 0, 12, 0, 0.2, 0, 0, 0, 0, 0, 0, -20.556243896484375, 0.0124664306640625], [0, 0, 0, 0.10975879430770874, 0, 0, 8, 4, 11, 0, 0, 0, 0, 2, 1, 3, 0, 0, 0, 3, 0, 0.5, 0, 0, 0, 0, 0, 0, -26.41431427001953, 0.4239768981933594], [0, 0, 0, 0.031453728675842285, 0, 0, 8, 7, 14, 0, 0, 0, 0, 3, 2, 4, 0, 0, 0, 6, 0, 0.6666666666666666, 0, 0, 0, 0, 0, 0, -47.72787094116211, 0.0713653564453125], [0, 0, 0, 0.0559859573841095, 0, 0, 8, 13, 20, 0, 0, 0, 0, 11, 1, 2, 0, 0, 0, 12, 0, 0.25, 0, 0, 0, 0, 0, 0, -20.26210594177246, 0.012491226196289062], [0, 0, 0, 0.024418532848358154, 0, 0, 8, 13, 20, 0, 0, 0, 0, 11, 1, 1, 0, 0, 0, 12, 0, 0.05, 0, 0, 0, 0, 0, 0, -20.597585678100586, 0.012462615966796875], [0, 0, 1, 0.10547783970832825, 0, 0, 8, 6, 13, 0, 0, 1, 1, 3, 2, 5, 0, 0, 0, 5, 0, 0.5, 0, 0, 0, 0, 0, 0, -40.2186279296875, 7.4227294921875], [0, 0, 1, 0.021348923444747925, 0, 0, 8, 6, 13, 0, 0, 1, 1, 3, 2, 3, 0, 0, 0, 5, 0, 0.5, 0, 0, 0, 0, 0, 0, -40.42273712158203, 7.400959014892578], [0, 0, 0, 0.005967050790786743, 0, 0, 8, 13, 20, 0, 0, 0, 0, 11, 1, 2, 0, 0, 0, 12, 0, 0.5, 0, 0, 0, 0, 0, 0, -20.001657485961914, 0.012508392333984375], [0, 0, 0, 0.0815705955028534, 0, 0, 8, 13, 20, 0, 0, 0, 0, 11, 1, 2, 0, 0, 0, 12, 0, 0.3333333333333333, 0, 0, 0, 0, 0, 0, -20.001657485961914, 0.012508392333984375], [0, 0, 0, 0.0013556480407714844, 0, 0, 8, 13, 20, 0, 0, 0, 0, 7, 3, 6, 0, 0, 0, 12, 0, 0.6666666666666666, 0, 0, 0, 0, 0, 0, -31.823261260986328, 2.385784149169922], [0, 0, 0, 0.025149822235107422, 0, 0, 8, 3, 10, 0, 0, 0, 0, 1, 1, 4, 0, 0, 0, 2, 0, 0.6666666666666666, 0, 0, 0, 0, 0, 0, -33.77030563354492, 0.0], [0, 0, 0, 0.016113698482513428, 0, 0, 8, 3, 10, 0, 0, 0, 0, 1, 1, 7, 0, 0, 0, 2, 0, 0.8571428571428571, 0, 0, 0, 0, 0, 0, -33.77030563354492, 0.0], [0, 0, 0, 0.022598862648010254, 0, 0, 8, 3, 10, 0, 0, 0, 0, 1, 1, 4, 0, 0, 0, 2, 0, 0.8, 0, 0, 0, 0, 0, 0, -33.77030563354492, 0.0], [0, 0, 0, 0.03394204378128052, 0, 0, 8, 6, 13, 0, 0, 0, 0, 4, 1, 5, 0, 0, 0, 5, 0, 0.6666666666666666, 0, 0, 0, 0, 0, 0, -23.257408142089844, 0.05104255676269531], [1, 0, 0, 0.10134580731391907, 0, 0, 8, 4, 11, 1, 0, 1, 0, 2, 1, 4, 0, 0, 0, 3, 0, 0.5, 0, 0, 0, 0, 0, 0, -26.331144332885742, 0.42426490783691406], [0, 0, 0, 0.2768860459327698, 0, 0, 8, 4, 11, 0, 0, 0, 0, 2, 1, 2, 0, 0, 0, 3, 0, 0.6666666666666666, 0, 0, 0, 0, 0, 0, -26.41431427001953, 0.4239768981933594], [0, 0, 0, 0.21043449640274048, 0, 0, 8, 3, 10, 0, 0, 0, 0, 1, 1, 4, 0, 0, 0, 2, 0, 0.5, 0, 0, 0, 0, 0, 0, -33.77030563354492, 0.0], [0, 0, 0, 0.019547760486602783, 0, 0, 8, 13, 20, 0, 0, 0, 0, 10, 2, 1, 0, 0, 0, 12, 0, 0.04, 0, 0, 0, 0, 0, 0, -21.172443389892578, 3.0264034271240234], [0, 0, 0, 0.026911258697509766, 0, 0, 8, 13, 20, 0, 0, 0, 0, 11, 1, 1, 0, 0, 0, 12, 0, 0.07142857142857142, 0, 0, 0, 0, 0, 0, -20.22526741027832, 0.012491226196289062], [0, 0, 0, 0.044823676347732544, 0, 0, 8, 5, 12, 0, 0, 0, 0, 3, 1, 4, 0, 0, 0, 4, 0, 0.75, 0, 0, 0, 0, 0, 0, -24.526206970214844, 0.09002113342285156], [0, 0, 0, 0.02688339352607727, 0, 0, 8, 13, 20, 0, 0, 1, 0, 11, 1, 1, 0, 0, 0, 12, 0, 0.05, 0, 0, 0, 0, 0, 0, -20.597585678100586, 0.012462615966796875], [0, 0, 0, 0.03425353765487671, 0, 0, 8, 13, 20, 0, 0, 0, 0, 10, 2, 1, 0, 0, 0, 12, 0, 0.041666666666666664, 0, 0, 0, 0, 0, 0, -21.078773498535156, 3.0329971313476562], [0, 0, 0, 0.03655967116355896, 0, 0, 8, 4, 11, 0, 0, 1, 0, 2, 1, 5, 0, 0, 0, 3, 0, 0.6666666666666666, 0, 0, 0, 0, 0, 0, -26.331144332885742, 0.42426490783691406], [0, 0, 0, 0.10674417018890381, 0, 0, 8, 4, 11, 0, 0, 0, 0, 2, 1, 5, 0, 0, 0, 3, 0, 0.6666666666666666, 0, 0, 0, 0, 0, 0, -26.41431427001953, 0.4239768981933594], [0, 0, 0, 0.06959676742553711, 0, 0, 8, 3, 10, 0, 0, 0, 0, 1, 1, 5, 0, 0, 0, 2, 0, 0.8333333333333334, 0, 0, 0, 0, 0, 0, -33.77030563354492, 0.0], [0, 0, 0, 0.10777735710144043, 0, 0, 8, 3, 10, 0, 0, 0, 0, 1, 1, 4, 0, 0, 0, 2, 0, 0.8, 0, 0, 0, 0, 0, 0, -33.936702728271484, 0.0], [0, 0, 0, 0.0012726187705993652, 0, 0, 8, 13, 20, 0, 0, 0, 0, 11, 1, 1, 0, 0, 0, 12, 0, 0.07142857142857142, 0, 0, 0, 0, 0, 0, -20.22526741027832, 0.012491226196289062], [0, 0, 0, 0.020242899656295776, 0, 0, 8, 13, 20, 0, 0, 0, 0, 11, 1, 5, 0, 0, 0, 12, 0, 0.6666666666666666, 0, 0, 0, 0, 0, 0, -19.98235321044922, 0.012516021728515625], [0, 0, 0, 0.0003635287284851074, 0, 0, 8, 8, 15, 0, 0, 0, 0, 6, 1, 4, 0, 0, 0, 7, 0, 0.75, 0, 0, 0, 0, 0, 0, -21.697446823120117, 0.026195526123046875], [0, 0, 0, 0.013648271560668945, 0, 0, 8, 13, 20, 0, 0, 0, 0, 11, 1, 1, 0, 0, 0, 12, 0, 0.2, 0, 0, 0, 0, 0, 0, -20.556243896484375, 0.0124664306640625], [0, 0, 0, 0.006160899996757507, 0, 0, 8, 3, 10, 0, 0, 0, 0, 1, 1, 4, 0, 0, 0, 2, 0, 0.8, 0, 0, 0, 0, 0, 0, -33.77030563354492, 0.0], [0, 0, 0, 0.07511305809020996, 0, 0, 8, 4, 11, 0, 0, 0, 0, 2, 1, 6, 0, 0, 0, 3, 0, 0.8571428571428571, 0, 0, 0, 0, 0, 0, -26.41431427001953, 0.4239768981933594], [1, 0, 0, 0.17365491390228271, 0, 0, 8, 4, 11, 1, 0, 0, 0, 2, 1, 2, 0, 0, 0, 3, 0, 0.5, 0, 0, 0, 0, 0, 0, -26.41431427001953, 0.4239768981933594], [0, 0, 0, 0.00013118982315063477, 0, 0, 8, 13, 20, 0, 0, 0, 0, 9, 3, 1, 0, 0, 0, 12, 0, 0.2, 0, 0, 0, 0, 0, 0, -22.413087844848633, 3.9273529052734375], [0, 0, 0, 0.0006048381328582764, 0, 0, 8, 13, 20, 0, 0, 0, 0, 11, 1, 1, 0, 0, 0, 12, 0, 0.07142857142857142, 0, 0, 0, 0, 0, 0, -20.22526741027832, 0.012491226196289062], [0, 0, 0, 0.05304691195487976, 0, 0, 8, 13, 20, 0, 0, 0, 0, 11, 1, 1, 0, 0, 0, 12, 0, 0.5, 0, 0, 0, 0, 0, 0, -20.152807235717773, 0.012498855590820312], [0, 0, 0, 0.03686028718948364, 0, 0, 8, 10, 17, 0, 0, 0, 0, 5, 3, 3, 0, 0, 0, 9, 0, 0.6666666666666666, 0, 0, 0, 0, 0, 0, -29.14838409423828, 0.40020179748535156], [0, 0, 0, 0.036927759647369385, 0, 0, 8, 4, 11, 0, 0, 0, 0, 2, 1, 5, 0, 0, 0, 3, 0, 0.6666666666666666, 0, 0, 0, 0, 0, 0, -26.41431427001953, 0.4239768981933594], [0, 0, 0, 0.04954811930656433, 0, 0, 8, 3, 10, 0, 0, 0, 0, 1, 1, 5, 0, 0, 0, 2, 0, 0.6, 0, 0, 0, 0, 0, 0, -33.77030563354492, 0.0], [0, 0, 0, 0.1150122582912445, 0, 0, 8, 7, 14, 0, 0, 0, 0, 5, 1, 2, 0, 0, 0, 6, 0, 0.5, 0, 0, 0, 0, 0, 0, -37.08146286010742, 0.01079559326171875], [0, 0, 0, 0.14633888006210327, 0, 0, 8, 3, 10, 0, 0, 0, 0, 1, 1, 5, 0, 0, 0, 2, 0, 0.6666666666666666, 0, 0, 0, 0, 0, 0, -34.02247619628906, 0.0], [0, 0, 0, 0.11920046806335449, 0, 0, 8, 3, 10, 0, 0, 0, 0, 1, 1, 5, 0, 0, 0, 2, 0, 0.6666666666666666, 0, 0, 0, 0, 0, 0, -33.77030563354492, 0.0], [1, 0, 0, 0.013528168201446533, 0, 0, 8, 4, 11, 1, 0, 0, 0, 2, 1, 6, 0, 0, 0, 3, 0, 0.75, 0, 0, 0, 0, 0, 0, -26.41431427001953, 0.4239768981933594], [0, 0, 0, 0.05611047148704529, 0, 0, 8, 4, 11, 0, 0, 0, 0, 2, 1, 4, 0, 0, 0, 3, 0, 0.6666666666666666, 0, 0, 0, 0, 0, 0, -26.41431427001953, 0.4239768981933594], [0, 0, 0, 0.03207272291183472, 0, 0, 8, 3, 10, 0, 0, 0, 0, 1, 1, 6, 0, 0, 0, 2, 0, 0.5, 0, 0, 0, 0, 0, 0, -33.77030563354492, 0.0], [0, 0, 0, 0.006183505058288574, 0, 0, 8, 13, 20, 0, 0, 0, 0, 11, 1, 1, 0, 0, 0, 12, 0, 0.04, 0, 0, 0, 0, 0, 0, -20.163042068481445, 0.0124969482421875], [0, 0, 0, 0.002809286117553711, 0, 0, 8, 3, 10, 0, 1, 0, 0, 1, 1, 6, 0, 0, 0, 2, 0, 0.6666666666666666, 0, 0, 0, 0, 0, 0, -33.77030563354492, 0.0], [0, 0, 0, 0.022680222988128662, 0, 0, 8, 8, 15, 0, 0, 0, 0, 6, 1, 4, 0, 0, 0, 7, 0, 0.75, 0, 0, 0, 0, 0, 0, -21.697446823120117, 0.026195526123046875], [0, 0, 1, 0.007798969745635986, 0, 0, 8, 5, 12, 0, 0, 1, 1, 3, 1, 3, 0, 0, 0, 4, 0, 0.5, 0, 0, 0, 0, 0, 0, -19.338624954223633, 13.861066818237305], [0, 0, 0, 0.02236190438270569, 0, 0, 8, 6, 13, 0, 0, 0, 0, 2, 3, 4, 0, 0, 0, 5, 0, 0.5, 0, 0, 0, 0, 0, 0, -37.934329986572266, 14.655170440673828], [1, 0, 1, 0.026156485080718994, 1, 0, 8, 4, 11, 1, 0, 1, 1, 2, 1, 3, 0, 0, 0, 3, 1, 0.5, 0, 0, 0, 0, 0, 0, -26.331144332885742, 0.42426490783691406], [0, 0, 0, 0.054162442684173584, 0, 1, 8, 8, 15, 0, 0, 1, 0, 3, 3, 4, 0, 0, 0, 7, 0, 0.5, 0, 0, 1, 0, 0, 0, -45.427608489990234, 5.658626556396484], [0, 0, 0, 0.018239706754684448, 0, 0, 8, 3, 10, 0, 0, 0, 0, 1, 1, 4, 0, 0, 0, 2, 0, 0.5, 0, 0, 0, 0, 0, 0, -33.77030563354492, 0.0], [0, 0, 0, 0.0027426481246948242, 0, 0, 8, 3, 10, 0, 0, 0, 0, 1, 1, 4, 0, 0, 0, 2, 0, 0.5, 0, 0, 0, 0, 0, 0, -33.77030563354492, 0.0], [0, 0, 0, 0.0024871081113815308, 0, 0, 8, 3, 10, 0, 0, 0, 0, 1, 1, 4, 0, 0, 0, 2, 0, 0.6666666666666666, 0, 0, 0, 0, 0, 0, -33.77030563354492, 0.0], [0, 0, 0, 0.04934808611869812, 0, 0, 8, 3, 10, 0, 0, 0, 0, 1, 1, 4, 0, 0, 0, 2, 0, 0.5, 0, 0, 0, 0, 0, 0, -33.77030563354492, 0.0], [0, 0, 0, 0.037889450788497925, 0, 0, 8, 13, 20, 0, 0, 0, 0, 10, 2, 3, 0, 0, 0, 12, 0, 0.8, 0, 0, 0, 0, 0, 0, -23.622663497924805, 5.524726867675781], [0, 0, 0, 0.10490533709526062, 0, 0, 8, 3, 10, 0, 0, 0, 0, 1, 1, 4, 0, 0, 0, 2, 0, 0.5, 0, 0, 0, 0, 0, 0, -33.77030563354492, 0.0], [0, 0, 0, 0.024068236351013184, 0, 0, 8, 3, 10, 0, 0, 0, 0, 1, 1, 4, 0, 0, 0, 2, 0, 0.5, 0, 0, 0, 0, 0, 0, -33.77030563354492, 0.0], [0, 0, 0, 0.045777469873428345, 0, 0, 8, 13, 20, 0, 0, 0, 0, 10, 2, 3, 0, 0, 0, 12, 0, 0.8, 0, 0, 0, 0, 0, 0, -21.32466697692871, 3.032703399658203], [1, 0, 1, 0.0, 1, 0, 8, 5, 12, 1, 0, 1, 1, 2, 2, 5, 0, 0, 0, 4, 1, 0.6666666666666666, 0, 0, 0, 0, 0, 0, -25.497940063476562, 15.237285614013672], [0, 0, 0, 0.045253247022628784, 0, 0, 8, 13, 20, 0, 0, 0, 0, 11, 1, 1, 0, 0, 0, 12, 0, 0.1111111111111111, 0, 0, 0, 0, 0, 0, -20.328527450561523, 0.012483596801757812], [0, 0, 0, 3.406405448913574e-05, 0, 0, 8, 13, 20, 0, 0, 0, 0, 11, 1, 2, 0, 0, 0, 12, 0, 0.5, 0, 0, 0, 0, 0, 0, -20.233064651489258, 0.01248931884765625], [0, 0, 0, 0.037004172801971436, 0, 0, 8, 3, 10, 0, 0, 0, 0, 1, 1, 1, 0, 0, 0, 2, 0, 0.08, 0, 0, 0, 0, 0, 0, -33.77030563354492, 0.0], [0, 0, 0, 0.01606622338294983, 0, 0, 8, 13, 20, 0, 0, 0, 0, 11, 1, 2, 0, 0, 0, 12, 0, 0.5, 0, 0, 0, 0, 0, 0, -20.233064651489258, 0.01248931884765625], [0, 0, 0, 0.00040656328201293945, 0, 0, 8, 13, 20, 0, 0, 0, 0, 9, 3, 6, 0, 0, 0, 12, 0, 0.6666666666666666, 0, 0, 0, 0, 0, 0, -21.887914657592773, 3.892271041870117], [0, 0, 0, 0.038017213344573975, 0, 0, 8, 4, 11, 0, 0, 0, 0, 1, 2, 6, 0, 0, 0, 3, 0, 0.8571428571428571, 0, 0, 0, 0, 0, 0, -36.336219787597656, 0.0], [0, 0, 0, 0.03566521406173706, 0, 0, 8, 11, 18, 0, 0, 0, 0, 7, 2, 1, 0, 0, 0, 10, 0, 0.0967741935483871, 0, 0, 0, 0, 0, 0, -43.72297286987305, 0.7230377197265625], [0, 0, 0, 0.024416029453277588, 0, 0, 8, 13, 20, 0, 0, 0, 0, 11, 1, 4, 0, 0, 0, 12, 0, 0.5, 0, 0, 0, 0, 0, 0, -20.03644561767578, 0.012510299682617188], [0, 0, 0, 0.32162779569625854, 0, 0, 8, 3, 10, 0, 0, 0, 0, 1, 1, 2, 0, 0, 0, 2, 0, 0.5, 0, 0, 0, 0, 0, 0, -33.77030563354492, 0.0], [0, 0, 0, 0.05383247137069702, 0, 0, 8, 3, 10, 0, 0, 0, 0, 1, 1, 3, 0, 0, 0, 2, 0, 0.6666666666666666, 0, 0, 0, 0, 0, 0, -33.77030563354492, 0.0], [0, 0, 0, 0.03533768653869629, 0, 1, 8, 10, 17, 0, 0, 0, 0, 8, 1, 4, 0, 0, 0, 9, 0, 0.6666666666666666, 0, 0, 1, 0, 0, 0, -36.31867599487305, 0.008480072021484375], [0, 0, 0, 0.0296078622341156, 0, 0, 8, 13, 20, 0, 0, 0, 0, 11, 1, 3, 0, 0, 0, 12, 0, 0.5, 0, 0, 0, 0, 0, 0, -20.20038414001465, 0.012495040893554688], [0, 0, 0, 0.06341829895973206, 0, 0, 8, 3, 10, 0, 0, 0, 0, 1, 1, 3, 0, 0, 0, 2, 0, 0.5, 0, 0, 0, 0, 0, 0, -33.77030563354492, 0.0], [0, 0, 0, 0.17606717348098755, 0, 0, 8, 4, 11, 0, 0, 0, 0, 2, 1, 2, 0, 0, 0, 3, 0, 0.3333333333333333, 0, 0, 0, 0, 0, 0, -26.41431427001953, 0.4239768981933594], [0, 0, 0, 0.0047152042388916016, 0, 0, 8, 13, 20, 0, 0, 0, 0, 8, 3, 6, 0, 0, 0, 12, 0, 0.6666666666666666, 0, 0, 0, 0, 0, 0, -31.645668029785156, 0.23684120178222656], [1, 0, 0, 0.044806838035583496, 1, 0, 8, 13, 20, 1, 0, 0, 0, 9, 3, 6, 0, 0, 0, 12, 1, 0.6666666666666666, 0, 0, 0, 0, 0, 0, -27.256513595581055, 3.6673851013183594], [0, 0, 0, 0.008728772401809692, 0, 0, 8, 13, 20, 0, 0, 0, 0, 11, 1, 1, 0, 0, 0, 12, 0, 0.07142857142857142, 0, 0, 0, 0, 0, 0, -20.22526741027832, 0.012491226196289062], [0, 0, 0, 0.225033700466156, 0, 0, 8, 3, 10, 0, 0, 0, 0, 1, 1, 4, 0, 0, 0, 2, 0, 0.5, 0, 0, 0, 0, 0, 0, -33.77030563354492, 0.0], [0, 0, 0, 0.0339985191822052, 0, 0, 8, 13, 20, 0, 0, 0, 0, 10, 2, 1, 0, 0, 0, 12, 0, 0.04, 0, 0, 0, 0, 0, 0, -21.311002731323242, 3.034219741821289], [0, 0, 0, 0.19151493906974792, 0, 0, 8, 9, 16, 0, 0, 0, 0, 5, 3, 2, 0, 0, 0, 8, 0, 0.5, 0, 0, 0, 0, 0, 0, -23.281295776367188, 6.218479156494141], [0, 0, 0, 0.05341792106628418, 0, 0, 8, 5, 12, 0, 0, 0, 0, 3, 1, 4, 0, 0, 0, 4, 0, 0.5, 0, 0, 0, 0, 0, 0, -24.526206970214844, 0.09002113342285156], [0, 0, 0, 0.03686371445655823, 0, 0, 8, 13, 20, 0, 0, 0, 0, 11, 1, 1, 0, 0, 0, 12, 0, 0.5, 0, 0, 0, 0, 0, 0, -20.152807235717773, 0.012498855590820312], [1, 0, 0, 0.02754998207092285, 1, 0, 8, 13, 20, 1, 0, 1, 0, 11, 1, 2, 0, 0, 0, 12, 1, 0.75, 0, 0, 0, 0, 0, 0, -20.019628524780273, 0.012508392333984375], [0, 0, 0, 0.018993794918060303, 0, 0, 8, 13, 20, 0, 0, 0, 0, 9, 3, 1, 0, 0, 0, 12, 0, 0.2, 0, 0, 0, 0, 0, 0, -22.085697174072266, 3.870830535888672], [0, 0, 0, 0.04107213020324707, 0, 0, 8, 5, 12, 0, 0, 0, 0, 1, 3, 4, 0, 0, 0, 4, 0, 0.5, 0, 0, 0, 0, 0, 0, -34.579994201660156, 0.0], [0, 0, 0, 0.020851850509643555, 0, 0, 8, 5, 12, 0, 0, 0, 0, 3, 1, 6, 0, 0, 0, 4, 0, 0.6666666666666666, 0, 0, 0, 0, 0, 0, -24.526206970214844, 0.09002113342285156], [1, 0, 0, 0.45395952463150024, 0, 0, 8, 4, 11, 1, 0, 1, 0, 2, 1, 5, 0, 0, 0, 3, 0, 0.5, 0, 0, 0, 0, 0, 0, -26.331144332885742, 0.42426490783691406], [0, 0, 0, 0.039164990186691284, 0, 0, 8, 13, 20, 0, 0, 1, 0, 11, 1, 1, 0, 0, 0, 12, 0, 0.1111111111111111, 0, 0, 0, 0, 0, 0, -20.328527450561523, 0.012483596801757812], [0, 0, 0, 0.02980010211467743, 0, 0, 8, 3, 10, 0, 0, 0, 0, 1, 1, 4, 0, 0, 0, 2, 0, 0.5, 0, 0, 0, 0, 0, 0, -33.77030563354492, 0.0], [0, 0, 0, 0.06457698345184326, 0, 0, 8, 5, 12, 0, 0, 0, 0, 3, 1, 4, 0, 0, 0, 4, 0, 0.6666666666666666, 0, 0, 0, 0, 0, 0, -24.526206970214844, 0.09002113342285156], [0, 0, 0, 0.0951123833656311, 0, 0, 8, 13, 20, 0, 0, 0, 0, 8, 2, 1, 0, 0, 0, 12, 0, 0.5, 0, 0, 0, 0, 0, 0, -29.637937545776367, 0.0830230712890625], [0, 0, 0, 0.003443121910095215, 0, 0, 8, 3, 10, 0, 0, 0, 0, 1, 1, 4, 0, 0, 0, 2, 0, 0.6666666666666666, 0, 0, 0, 0, 0, 0, -33.77030563354492, 0.0], [0, 0, 0, 0.020666271448135376, 0, 0, 8, 13, 20, 0, 0, 0, 0, 11, 1, 1, 0, 0, 0, 12, 0, 0.05, 0, 0, 0, 0, 0, 0, -20.597585678100586, 0.012462615966796875], [0, 0, 0, 0.13121271133422852, 0, 0, 8, 9, 16, 0, 0, 0, 0, 2, 6, 7, 0, 0, 0, 8, 0, 0.6666666666666666, 0, 0, 0, 0, 0, 0, -23.157245635986328, 14.67813491821289], [0, 0, 0, 0.02235540747642517, 0, 0, 8, 13, 20, 0, 0, 0, 0, 11, 1, 2, 0, 0, 0, 12, 0, 0.5, 0, 0, 0, 0, 0, 0, -26.6970157623291, 0.013986587524414062], [0, 0, 0, 0.04591730237007141, 0, 0, 8, 3, 10, 0, 0, 0, 0, 1, 1, 4, 0, 0, 0, 2, 0, 0.5, 0, 0, 0, 0, 0, 0, -33.77030563354492, 0.0], [0, 0, 0, 0.0028093457221984863, 0, 0, 8, 3, 10, 0, 0, 0, 0, 1, 1, 6, 0, 0, 0, 2, 0, 0.6666666666666666, 0, 0, 0, 0, 0, 0, -33.77030563354492, 0.0], [0, 0, 0, 0.03973981738090515, 0, 0, 8, 4, 11, 0, 0, 0, 0, 2, 1, 4, 0, 0, 0, 3, 0, 0.5, 0, 0, 0, 0, 0, 0, -26.41431427001953, 0.4239768981933594], [0, 0, 0, 0.01308104395866394, 0, 0, 8, 13, 20, 0, 0, 0, 0, 11, 1, 1, 0, 0, 0, 12, 0, 0.2, 0, 0, 0, 0, 0, 0, -20.556243896484375, 0.0124664306640625], [0, 0, 0, 0.02962261438369751, 0, 0, 8, 10, 17, 0, 0, 0, 0, 6, 3, 5, 0, 0, 0, 9, 0, 0.5, 0, 0, 0, 0, 0, 0, -22.874940872192383, 5.4029541015625], [0, 0, 0, 0.0918307900428772, 0, 0, 8, 3, 10, 0, 0, 0, 0, 1, 1, 4, 0, 0, 0, 2, 0, 0.5, 0, 0, 0, 0, 0, 0, -33.77030563354492, 0.0], [1, 0, 0, 0.0064108967781066895, 0, 0, 8, 4, 11, 1, 0, 1, 0, 2, 1, 6, 0, 0, 0, 3, 0, 0.5, 0, 0, 0, 0, 0, 0, -26.331144332885742, 0.42426490783691406], [0, 0, 0, 0.017517268657684326, 0, 0, 8, 4, 11, 0, 0, 0, 0, 2, 1, 3, 0, 0, 0, 3, 0, 0.5, 0, 0, 0, 0, 0, 0, -26.41431427001953, 0.4239768981933594], [0, 0, 0, 0.06886520981788635, 0, 0, 8, 13, 20, 0, 0, 0, 0, 11, 1, 1, 0, 0, 0, 12, 0, 0.024539877300613498, 0, 0, 0, 0, 0, 0, -20.275501251220703, 0.01248931884765625], [0, 0, 0, 0.00046753883361816406, 0, 0, 8, 6, 13, 0, 0, 0, 0, 4, 1, 3, 0, 0, 0, 5, 0, 0.5, 0, 0, 0, 0, 0, 0, -38.90766143798828, 0.004573822021484375], [0, 0, 0, 0.012086868286132812, 0, 0, 8, 4, 11, 0, 0, 0, 0, 2, 1, 5, 0, 0, 0, 3, 0, 0.75, 0, 0, 0, 0, 0, 0, -26.41431427001953, 0.4239768981933594], [1, 0, 0, 0.00931394100189209, 1, 0, 8, 13, 20, 1, 0, 0, 0, 10, 2, 5, 0, 0, 0, 12, 1, 0.5, 0, 0, 0, 0, 0, 0, -21.271472930908203, 3.033611297607422], [0, 0, 0, 0.00627899169921875, 0, 0, 8, 5, 12, 0, 0, 0, 0, 2, 2, 4, 0, 0, 0, 4, 0, 0.5, 0, 0, 0, 0, 0, 0, -25.582124710083008, 15.247709274291992], [0, 0, 0, 0.20024853944778442, 0, 0, 8, 3, 10, 0, 0, 0, 0, 1, 1, 5, 0, 0, 0, 2, 0, 0.75, 0, 0, 0, 0, 0, 0, -33.77030563354492, 0.0], [0, 0, 0, 0.004584252834320068, 0, 0, 8, 3, 10, 0, 0, 0, 0, 1, 1, 4, 0, 0, 0, 2, 0, 0.5, 0, 0, 0, 0, 0, 0, -33.77030563354492, 0.0], [0, 0, 0, 0.002809286117553711, 0, 0, 8, 3, 10, 0, 0, 0, 0, 1, 1, 6, 0, 0, 0, 2, 0, 0.6666666666666666, 0, 0, 0, 0, 0, 0, -33.77030563354492, 0.0], [0, 0, 0, 0.16972780227661133, 0, 0, 8, 13, 20, 0, 0, 0, 0, 6, 3, 1, 0, 0, 0, 12, 0, 0.5, 0, 0, 0, 0, 0, 0, -32.606998443603516, 0.000156402587890625], [1, 0, 0, 0.06890663504600525, 0, 0, 8, 6, 13, 1, 0, 0, 0, 4, 1, 6, 0, 0, 0, 5, 0, 0.6666666666666666, 0, 0, 0, 0, 0, 0, -23.257408142089844, 0.05104255676269531], [0, 0, 0, 0.5151541829109192, 0, 0, 8, 3, 10, 0, 0, 0, 0, 1, 1, 4, 0, 0, 0, 2, 0, 0.6666666666666666, 0, 0, 0, 0, 0, 0, -33.77030563354492, 0.0], [0, 0, 0, 0.029477596282958984, 0, 0, 8, 13, 20, 0, 0, 0, 0, 11, 1, 1, 0, 0, 0, 12, 0, 0.041666666666666664, 0, 0, 0, 0, 0, 0, -20.0946102142334, 0.012502670288085938], [0, 0, 0, 0.13260477781295776, 0, 0, 8, 4, 11, 0, 0, 0, 0, 2, 1, 4, 0, 0, 0, 3, 0, 0.5, 0, 0, 0, 0, 0, 0, -26.41431427001953, 0.4239768981933594], [1, 0, 0, 0.0932425856590271, 0, 0, 8, 13, 20, 1, 0, 0, 0, 7, 5, 1, 0, 0, 0, 12, 0, 0.5, 0, 0, 0, 0, 0, 0, -23.07547378540039, 5.678655624389648], [0, 0, 0, 0.0476873517036438, 0, 0, 8, 3, 10, 0, 0, 0, 0, 1, 1, 4, 0, 0, 0, 2, 0, 0.5, 0, 0, 0, 0, 0, 0, -33.77030563354492, 0.0], [0, 0, 0, 0.00013118982315063477, 0, 0, 8, 13, 20, 0, 0, 0, 0, 11, 1, 1, 0, 0, 0, 12, 0, 0.2, 0, 0, 0, 0, 0, 0, -20.556243896484375, 0.0124664306640625], [1, 0, 0, 0.15447014570236206, 0, 0, 6, 3, 8, 1, 0, 0, 0, 1, 1, 5, 0, 0, 0, 2, 0, 0.6666666666666666, 0, 0, 0, 0, 0, 0, -33.77030563354492, 0.0], [0, 0, 0, 0.055180907249450684, 0, 0, 8, 3, 10, 0, 0, 0, 0, 1, 1, 2, 0, 0, 0, 2, 0, 0.5, 0, 0, 0, 0, 0, 0, -33.77030563354492, 0.0], [0, 0, 0, 0.017679452896118164, 0, 0, 8, 13, 20, 0, 0, 0, 0, 11, 1, 5, 0, 0, 0, 12, 0, 0.6666666666666666, 0, 0, 0, 0, 0, 0, -20.052244186401367, 0.012508392333984375], [0, 0, 0, 0.015308111906051636, 0, 0, 8, 13, 20, 0, 0, 0, 0, 11, 1, 1, 0, 0, 0, 12, 0, 0.2, 0, 0, 0, 0, 0, 0, -20.556243896484375, 0.0124664306640625], [0, 0, 0, 0.1030990481376648, 0, 0, 8, 3, 10, 0, 0, 0, 0, 1, 1, 2, 0, 0, 0, 2, 0, 0.5, 0, 0, 0, 0, 0, 0, -33.77030563354492, 0.0], [0, 0, 0, 0.007958829402923584, 0, 0, 8, 3, 10, 0, 0, 0, 0, 1, 1, 4, 0, 0, 0, 2, 0, 0.5, 0, 0, 0, 0, 0, 0, -33.77030563354492, 0.0], [0, 0, 0, 0.01398622989654541, 0, 0, 8, 4, 11, 0, 0, 0, 0, 2, 1, 5, 0, 0, 0, 3, 0, 0.5, 0, 0, 0, 0, 0, 0, -26.41431427001953, 0.4239768981933594], [0, 0, 0, 0.11568590998649597, 0, 0, 8, 7, 14, 0, 0, 0, 0, 5, 1, 4, 0, 0, 0, 6, 0, 0.5, 0, 0, 0, 0, 0, 0, -36.4503288269043, 0.07271575927734375], [0, 0, 0, 0.038017213344573975, 0, 0, 8, 3, 10, 0, 0, 0, 0, 1, 1, 6, 0, 0, 0, 2, 0, 0.8571428571428571, 0, 0, 0, 0, 0, 0, -33.77030563354492, 0.0], [1, 0, 1, 0.06641218066215515, 1, 0, 8, 5, 12, 1, 0, 1, 1, 2, 2, 1, 0, 0, 0, 4, 1, 0.13333333333333333, 0, 0, 0, 0, 0, 0, -25.258052825927734, 15.4771728515625], [1, 0, 1, 0.03259092569351196, 1, 0, 8, 9, 16, 1, 0, 1, 1, 4, 4, 6, 0, 0, 0, 8, 1, 0.8, 0, 0, 0, 0, 0, 0, -23.627885818481445, 7.712377548217773], [0, 0, 0, 0.05049581825733185, 0, 0, 8, 3, 10, 0, 0, 0, 0, 1, 1, 4, 0, 0, 0, 2, 0, 0.5, 0, 0, 0, 0, 0, 0, -33.77030563354492, 0.0], [0, 0, 0, 0.0493604838848114, 0, 0, 8, 3, 10, 0, 0, 0, 0, 1, 1, 3, 0, 0, 0, 2, 0, 0.5, 0, 0, 0, 0, 0, 0, -33.77030563354492, 0.0], [0, 0, 0, 0.0034741759300231934, 0, 0, 8, 9, 16, 0, 0, 0, 0, 7, 1, 1, 0, 0, 0, 8, 0, 0.041666666666666664, 0, 0, 0, 0, 0, 0, -27.401302337646484, 0.023151397705078125], [0, 0, 0, 0.005795001983642578, 0, 0, 8, 6, 13, 0, 0, 0, 0, 4, 1, 2, 0, 0, 0, 5, 0, 0.5, 0, 0, 0, 0, 0, 0, -38.90766143798828, 0.004573822021484375], [1, 0, 0, 0.09669846296310425, 0, 0, 8, 6, 13, 1, 0, 1, 0, 4, 1, 5, 0, 0, 0, 5, 1, 0.6666666666666666, 0, 0, 0, 0, 0, 0, -38.85139846801758, 0.004627227783203125], [0, 0, 0, 0.009780704975128174, 0, 0, 8, 13, 20, 0, 0, 0, 0, 11, 1, 1, 0, 0, 0, 12, 0, 0.2, 0, 0, 0, 0, 0, 0, -20.556243896484375, 0.0124664306640625], [0, 0, 0, 0.02620798349380493, 0, 0, 8, 3, 10, 0, 0, 0, 0, 1, 1, 3, 0, 0, 0, 2, 0, 0.5555555555555556, 0, 0, 0, 0, 0, 0, -33.77030563354492, 0.0], [0, 0, 0, 0.010104149580001831, 0, 0, 8, 4, 11, 0, 0, 0, 0, 2, 1, 2, 0, 0, 0, 3, 0, 0.5, 0, 0, 0, 0, 0, 0, -26.41431427001953, 0.4239768981933594], [0, 0, 0, 0.004024222493171692, 0, 0, 8, 3, 10, 0, 0, 0, 0, 1, 1, 4, 0, 0, 0, 2, 0, 0.5, 0, 0, 0, 0, 0, 0, -33.77030563354492, 0.0], [0, 0, 0, 0.1387729048728943, 0, 0, 8, 6, 13, 0, 0, 0, 0, 3, 2, 4, 0, 0, 0, 5, 0, 0.75, 0, 0, 0, 0, 0, 0, -24.665863037109375, 8.166400909423828], [0, 0, 0, 0.016413390636444092, 0, 0, 8, 3, 10, 0, 0, 0, 0, 1, 1, 4, 0, 0, 0, 2, 0, 0.5, 0, 0, 0, 0, 0, 0, -33.77030563354492, 0.0], [0, 0, 0, 0.05289369821548462, 0, 0, 8, 11, 18, 0, 0, 0, 0, 8, 2, 4, 0, 0, 0, 10, 0, 0.5, 0, 0, 0, 0, 0, 0, -21.646137237548828, 3.705686569213867], [0, 0, 0, 0.5555593967437744, 0, 0, 8, 3, 10, 0, 0, 0, 0, 1, 1, 4, 0, 0, 0, 2, 0, 0.6666666666666666, 0, 0, 0, 0, 0, 0, -33.77030563354492, 0.0], [0, 0, 0, 0.0533062219619751, 0, 0, 8, 9, 16, 0, 0, 0, 0, 7, 1, 1, 0, 0, 0, 8, 0, 0.041666666666666664, 0, 0, 0, 0, 0, 0, -27.401302337646484, 0.023151397705078125], [0, 0, 0, 0.10458600521087646, 0, 0, 8, 13, 20, 0, 0, 0, 0, 8, 3, 5, 0, 0, 0, 12, 0, 0.6666666666666666, 0, 0, 0, 0, 0, 0, -26.594764709472656, 0.427215576171875], [0, 0, 0, 0.010741889476776123, 0, 0, 8, 3, 10, 0, 0, 0, 0, 1, 1, 4, 0, 0, 0, 2, 0, 0.6666666666666666, 0, 0, 0, 0, 0, 0, -33.77030563354492, 0.0], [0, 0, 0, 0.052500367164611816, 0, 0, 8, 10, 17, 0, 0, 0, 0, 8, 1, 2, 0, 0, 0, 9, 0, 0.6666666666666666, 0, 0, 0, 0, 0, 0, -39.4763298034668, 0.01038360595703125], [1, 0, 0, 0.06489703059196472, 0, 0, 8, 7, 14, 1, 0, 1, 0, 4, 2, 3, 0, 0, 0, 6, 0, 0.5, 0, 0, 0, 0, 0, 0, -39.84124755859375, 5.9997100830078125], [0, 0, 0, 0.023670673370361328, 0, 0, 8, 11, 18, 0, 0, 0, 0, 7, 2, 1, 0, 0, 0, 10, 0, 0.0967741935483871, 0, 0, 0, 0, 0, 0, -43.70114517211914, 0.7239494323730469], [1, 0, 1, 0.007492721080780029, 1, 0, 8, 6, 13, 1, 0, 1, 1, 3, 2, 5, 0, 0, 0, 5, 1, 0.8, 0, 0, 0, 0, 0, 0, -40.42273712158203, 7.400959014892578], [0, 0, 0, 0.038017213344573975, 0, 0, 8, 3, 10, 0, 0, 0, 0, 1, 1, 6, 0, 0, 0, 2, 0, 0.8571428571428571, 0, 0, 0, 0, 0, 0, -33.77030563354492, 0.0], [0, 0, 0, 0.04701554775238037, 0, 0, 8, 13, 20, 0, 0, 0, 0, 10, 2, 5, 0, 0, 0, 12, 0, 0.5, 0, 0, 0, 0, 0, 0, -21.20853042602539, 3.0328502655029297], [0, 0, 0, 0.007815182209014893, 0, 0, 8, 13, 20, 0, 0, 1, 0, 9, 2, 1, 0, 0, 0, 12, 0, 0.2, 0, 0, 0, 0, 0, 0, -25.53117561340332, 0.15401458740234375], [1, 0, 1, 0.034237802028656006, 1, 0, 8, 5, 12, 1, 0, 1, 1, 3, 1, 4, 0, 0, 0, 4, 1, 0.5, 0, 0, 0, 0, 0, 0, -24.463720321655273, 0.09012031555175781], [0, 0, 0, 0.0733715295791626, 0, 0, 8, 13, 20, 0, 0, 0, 0, 10, 2, 1, 0, 0, 0, 12, 0, 0.08, 0, 0, 0, 0, 0, 0, -21.30419921875, 3.037965774536133], [0, 0, 0, 0.03801727294921875, 0, 0, 8, 4, 11, 0, 0, 0, 0, 1, 2, 6, 0, 0, 0, 3, 0, 0.8571428571428571, 0, 0, 0, 0, 0, 0, -36.336219787597656, 0.0], [0, 0, 0, 0.036105185747146606, 0, 0, 8, 6, 13, 0, 0, 0, 0, 3, 2, 7, 0, 0, 0, 5, 0, 0.75, 0, 0, 0, 0, 0, 0, -24.71941375732422, 8.172260284423828], [0, 0, 0, 0.019190073013305664, 0, 0, 8, 13, 20, 0, 0, 0, 0, 11, 1, 1, 0, 0, 0, 12, 0, 0.05, 0, 0, 0, 0, 0, 0, -20.597585678100586, 0.012462615966796875], [0, 0, 0, 0.03384804725646973, 0, 0, 8, 3, 10, 0, 0, 0, 0, 1, 1, 4, 0, 0, 0, 2, 0, 0.6666666666666666, 0, 0, 0, 0, 0, 0, -33.77030563354492, 0.0], [0, 0, 0, 0.040640056133270264, 0, 0, 8, 13, 20, 0, 0, 0, 0, 11, 1, 3, 0, 0, 0, 12, 0, 0.5, 0, 0, 0, 0, 0, 0, -20.019628524780273, 0.012508392333984375], [0, 0, 0, 0.0050542354583740234, 0, 0, 8, 3, 10, 0, 0, 0, 0, 1, 1, 2, 0, 0, 0, 2, 0, 0.5, 0, 0, 0, 0, 0, 0, -33.77030563354492, 0.0], [0, 0, 0, 0.12018316984176636, 0, 0, 8, 3, 10, 0, 0, 0, 0, 1, 1, 4, 0, 0, 0, 2, 0, 0.6666666666666666, 0, 0, 0, 0, 0, 0, -33.77030563354492, 0.0], [0, 0, 1, 0.049235373735427856, 0, 0, 8, 10, 17, 0, 0, 1, 1, 8, 1, 1, 0, 0, 0, 9, 0, 0.5, 0, 0, 0, 0, 0, 0, -39.444576263427734, 0.010387420654296875], [0, 0, 0, 0.0, 0, 0, 5, 13, 17, 0, 0, 0, 0, 9, 2, 3, 0, 0, 0, 12, 0, 0.5, 0, 0, 0, 0, 0, 0, -25.270322799682617, 0.06802940368652344], [0, 0, 0, 0.07957938313484192, 0, 0, 8, 4, 11, 0, 0, 0, 0, 2, 1, 3, 0, 0, 0, 3, 0, 0.5, 0, 0, 0, 0, 0, 0, -26.41431427001953, 0.4239768981933594], [0, 0, 0, 0.19306844472885132, 0, 0, 8, 3, 10, 0, 0, 0, 0, 1, 1, 3, 0, 0, 0, 2, 0, 0.5, 0, 0, 0, 0, 0, 0, -33.77030563354492, 0.0], [0, 0, 0, 0.03498178720474243, 0, 0, 8, 9, 16, 0, 0, 0, 0, 6, 2, 4, 0, 0, 0, 8, 0, 0.6666666666666666, 0, 0, 0, 0, 0, 0, -22.49759864807129, 4.760358810424805], [0, 0, 0, 0.08222132921218872, 0, 0, 8, 13, 20, 0, 0, 0, 0, 11, 1, 4, 0, 0, 0, 12, 0, 0.6666666666666666, 0, 0, 0, 0, 0, 0, -27.013547897338867, 0.013929367065429688], [0, 0, 1, 0.006468534469604492, 0, 0, 8, 8, 15, 0, 0, 1, 1, 4, 3, 1, 0, 0, 0, 7, 0, 0.041666666666666664, 0, 0, 0, 0, 0, 0, -37.310150146484375, 6.877658843994141], [0, 0, 0, 0.14064306020736694, 0, 0, 8, 3, 10, 0, 0, 0, 0, 1, 1, 4, 0, 0, 0, 2, 0, 0.5, 0, 0, 0, 0, 0, 0, -33.77030563354492, 0.0], [0, 0, 0, 0.04717707633972168, 0, 0, 8, 6, 13, 0, 0, 0, 0, 4, 1, 1, 0, 0, 0, 5, 0, 0.08333333333333333, 0, 0, 0, 0, 0, 0, -38.90766143798828, 0.004573822021484375], [0, 0, 0, 0.010104328393936157, 0, 0, 8, 13, 20, 0, 0, 0, 0, 11, 1, 1, 0, 0, 0, 12, 0, 0.2, 0, 0, 0, 0, 0, 0, -20.556243896484375, 0.0124664306640625], [0, 0, 0, 0.019931435585021973, 0, 0, 8, 8, 15, 0, 0, 0, 0, 6, 1, 3, 0, 0, 0, 7, 0, 0.5, 0, 0, 0, 0, 0, 0, -21.697446823120117, 0.026195526123046875], [1, 0, 1, 0.15447020530700684, 0, 1, 6, 3, 8, 1, 0, 0, 0, 1, 1, 5, 0, 0, 0, 2, 0, 0.6666666666666666, 0, 0, 1, 0, 0, 0, -26.607397079467773, 16.758657455444336], [0, 0, 0, 0.3222440779209137, 0, 0, 8, 3, 10, 0, 0, 0, 0, 1, 1, 3, 0, 0, 0, 2, 0, 0.5, 0, 0, 0, 0, 0, 0, -33.77030563354492, 0.0], [0, 0, 0, 0.03959643840789795, 0, 0, 8, 4, 11, 0, 0, 0, 0, 2, 1, 3, 0, 0, 0, 3, 0, 0.3333333333333333, 0, 0, 0, 0, 0, 0, -26.41431427001953, 0.4239768981933594], [0, 0, 0, 0.0014439821243286133, 0, 0, 8, 5, 12, 0, 0, 1, 0, 3, 1, 5, 0, 0, 0, 4, 0, 0.6666666666666666, 0, 0, 0, 0, 0, 0, -24.463720321655273, 0.09012031555175781], [0, 0, 0, 0.014568567276000977, 0, 0, 8, 3, 10, 0, 0, 0, 0, 1, 1, 3, 0, 0, 0, 2, 0, 0.5, 0, 0, 0, 0, 0, 0, -33.77030563354492, 0.0], [0, 0, 0, 0.006196737289428711, 0, 0, 8, 4, 11, 0, 0, 0, 0, 2, 1, 3, 0, 0, 0, 3, 0, 0.5, 0, 0, 0, 0, 0, 0, -26.41431427001953, 0.4239768981933594], [1, 0, 1, 0.006153583526611328, 0, 1, 8, 3, 10, 1, 0, 0, 0, 1, 1, 6, 0, 0, 0, 2, 0, 0.5, 0, 0, 1, 0, 0, 0, -26.607397079467773, 16.758657455444336], [1, 0, 0, 0.1836932897567749, 0, 0, 2, 3, 4, 1, 0, 0, 0, 1, 1, 1, 0, 0, 0, 2, 0, 0.6666666666666666, 0, 0, 0, 0, 0, 0, -33.77030563354492, 0.0], [0, 0, 0, 0.3825646638870239, 0, 0, 8, 3, 10, 0, 0, 0, 0, 1, 1, 4, 0, 0, 0, 2, 0, 0.5, 0, 0, 0, 0, 0, 0, -33.77030563354492, 0.0], [0, 0, 0, 0.009931772947311401, 0, 0, 8, 13, 20, 0, 0, 0, 0, 10, 2, 1, 0, 0, 0, 12, 0, 0.2, 0, 0, 0, 0, 0, 0, -21.712987899780273, 3.0442161560058594], [0, 0, 0, 1.817941665649414e-06, 0, 0, 8, 13, 20, 0, 0, 0, 0, 11, 1, 4, 0, 0, 0, 12, 0, 0.5, 0, 0, 0, 0, 0, 0, -20.019628524780273, 0.012508392333984375], [0, 0, 0, 0.019637972116470337, 0, 0, 8, 3, 10, 0, 0, 0, 0, 1, 1, 3, 0, 0, 0, 2, 0, 0.5, 0, 0, 0, 0, 0, 0, -33.77030563354492, 0.0], [0, 0, 0, 0.017820388078689575, 0, 0, 8, 13, 20, 0, 0, 0, 0, 11, 1, 1, 0, 0, 0, 12, 0, 0.05, 0, 0, 0, 0, 0, 0, -20.597585678100586, 0.012462615966796875], [1, 0, 0, 0.0, 0, 0, 8, 5, 12, 1, 0, 0, 0, 3, 1, 6, 0, 0, 0, 4, 0, 0.6666666666666666, 0, 0, 0, 0, 0, 0, -24.526206970214844, 0.09002113342285156], [0, 0, 0, 0.013506308197975159, 0, 0, 8, 7, 14, 0, 0, 0, 0, 5, 1, 4, 0, 0, 0, 6, 0, 0.6, 0, 0, 0, 0, 0, 0, -22.360370635986328, 0.034664154052734375], [0, 0, 0, 0.151861310005188, 0, 0, 8, 3, 10, 0, 0, 0, 0, 1, 1, 5, 0, 0, 0, 2, 0, 0.5, 0, 0, 0, 0, 0, 0, -33.77030563354492, 0.0], [1, 0, 1, 0.03284579515457153, 1, 0, 8, 6, 13, 1, 0, 1, 1, 3, 2, 7, 0, 0, 0, 5, 1, 0.8571428571428571, 0, 0, 0, 0, 0, 0, -40.37211227416992, 7.406246185302734], [0, 0, 1, 0.15274572372436523, 0, 0, 8, 13, 20, 0, 0, 1, 0, 11, 1, 4, 0, 0, 0, 12, 0, 0.5, 0, 0, 0, 0, 0, 0, -21.538589477539062, 7.898765563964844], [1, 0, 0, 0.10198777914047241, 0, 0, 8, 4, 11, 1, 0, 0, 0, 2, 1, 7, 0, 0, 0, 3, 0, 0.5, 0, 0, 0, 0, 0, 0, -26.41431427001953, 0.4239768981933594], [0, 0, 0, 0.015566438436508179, 0, 0, 8, 3, 10, 0, 0, 0, 0, 1, 1, 6, 0, 0, 0, 2, 0, 0.6666666666666666, 0, 0, 0, 0, 0, 0, -33.77030563354492, 0.0], [0, 0, 0, 0.0008632540702819824, 0, 0, 8, 3, 10, 0, 0, 0, 0, 1, 1, 2, 0, 0, 0, 2, 0, 0.5, 0, 0, 0, 0, 0, 0, -33.77030563354492, 0.0], [0, 0, 0, 0.0, 0, 0, 3, 13, 15, 0, 0, 0, 0, 9, 2, 2, 0, 0, 0, 12, 0, 0.5, 0, 0, 0, 0, 0, 0, -25.337295532226562, 0.13793182373046875], [0, 0, 0, 0.08494317531585693, 0, 0, 8, 3, 10, 0, 0, 0, 0, 1, 1, 5, 0, 0, 0, 2, 0, 0.5, 0, 0, 0, 0, 0, 0, -33.77030563354492, 0.0], [0, 0, 0, 0.0, 0, 0, 8, 13, 20, 0, 0, 0, 0, 8, 2, 6, 0, 0, 0, 12, 0, 0.6666666666666666, 0, 0, 0, 0, 0, 0, -29.506763458251953, 0.015573501586914062], [0, 0, 0, 0.15447014570236206, 0, 0, 5, 3, 7, 0, 0, 0, 0, 1, 1, 4, 0, 0, 0, 2, 0, 0.6666666666666666, 0, 0, 0, 0, 0, 0, -33.77030563354492, 0.0], [0, 0, 0, 0.3047340512275696, 0, 0, 8, 3, 10, 0, 0, 0, 0, 1, 1, 5, 0, 0, 0, 2, 0, 0.6666666666666666, 0, 0, 0, 0, 0, 0, -33.77030563354492, 0.0], [1, 0, 0, 0.012382686138153076, 0, 0, 8, 11, 18, 1, 0, 1, 0, 9, 1, 5, 0, 0, 0, 10, 0, 0.6666666666666666, 0, 0, 0, 0, 0, 0, -20.443138122558594, 0.015987396240234375], [0, 0, 0, 0.1383829116821289, 0, 0, 8, 3, 10, 0, 0, 0, 0, 1, 1, 4, 0, 0, 0, 2, 0, 0.5, 0, 0, 0, 0, 0, 0, -33.77030563354492, 0.0], [0, 0, 0, 0.024221867322921753, 0, 0, 8, 13, 20, 0, 0, 0, 0, 11, 1, 3, 0, 0, 0, 12, 0, 0.5, 0, 0, 0, 0, 0, 0, -20.019628524780273, 0.012508392333984375], [0, 0, 0, 0.03801727294921875, 0, 0, 8, 3, 10, 0, 0, 0, 0, 1, 1, 6, 0, 0, 0, 2, 0, 0.8571428571428571, 0, 0, 0, 0, 0, 0, -33.77030563354492, 0.0], [0, 0, 0, 0.024302154779434204, 0, 0, 8, 13, 20, 0, 0, 0, 0, 11, 1, 1, 0, 0, 0, 12, 0, 0.05, 0, 0, 0, 0, 0, 0, -20.597585678100586, 0.012462615966796875], [0, 0, 0, 0.05020076036453247, 0, 0, 8, 13, 20, 0, 0, 0, 0, 11, 1, 2, 0, 0, 0, 12, 0, 0.25, 0, 0, 0, 0, 0, 0, -20.26210594177246, 0.012491226196289062], [0, 0, 0, 0.022660553455352783, 0, 0, 8, 5, 12, 0, 0, 0, 0, 2, 2, 4, 0, 0, 0, 4, 0, 0.5, 0, 0, 0, 0, 0, 0, -25.582124710083008, 15.247709274291992], [0, 0, 0, 0.09010845422744751, 0, 0, 8, 12, 19, 0, 0, 0, 0, 9, 2, 5, 0, 0, 0, 11, 0, 0.6, 0, 0, 0, 0, 0, 0, -27.178470611572266, 2.9513397216796875], [0, 0, 0, 0.0990796685218811, 0, 0, 8, 3, 10, 0, 0, 0, 0, 1, 1, 4, 0, 0, 0, 2, 0, 0.5, 0, 0, 0, 0, 0, 0, -33.77030563354492, 0.0], [0, 0, 0, 0.13916000723838806, 0, 0, 8, 13, 20, 0, 0, 0, 0, 10, 2, 3, 0, 0, 0, 12, 0, 0.6666666666666666, 0, 0, 0, 0, 0, 0, -21.33315658569336, 3.041400909423828], [1, 0, 1, 0.2403559684753418, 1, 0, 8, 7, 14, 1, 0, 1, 1, 2, 4, 5, 0, 0, 0, 6, 1, 0.75, 0, 0, 0, 0, 0, 0, -32.79423141479492, 14.201820373535156], [0, 0, 0, 0.042579591274261475, 0, 0, 8, 4, 11, 0, 0, 0, 0, 2, 1, 4, 0, 0, 0, 3, 0, 0.5, 0, 0, 0, 0, 0, 0, -26.41431427001953, 0.4239768981933594], [0, 0, 0, 0.0707361102104187, 0, 0, 8, 13, 20, 0, 0, 0, 0, 11, 1, 3, 0, 0, 0, 12, 0, 0.5, 0, 0, 0, 0, 0, 0, -21.368154525756836, 8.07217025756836], [0, 0, 0, 0.14261722564697266, 0, 0, 8, 3, 10, 0, 0, 0, 0, 1, 1, 4, 0, 0, 0, 2, 0, 0.5, 0, 0, 0, 0, 0, 0, -33.77030563354492, 0.0], [0, 0, 0, 0.0027965009212493896, 0, 0, 7, 3, 9, 0, 0, 0, 0, 1, 1, 6, 0, 0, 0, 2, 0, 0.8571428571428571, 0, 0, 0, 0, 0, 0, -33.77030563354492, 0.0], [0, 0, 0, 0.024302154779434204, 0, 0, 8, 13, 20, 0, 0, 0, 0, 11, 1, 1, 0, 0, 0, 12, 0, 0.05, 0, 0, 0, 0, 0, 0, -20.597585678100586, 0.012462615966796875], [0, 0, 0, 0.006669491529464722, 0, 0, 8, 3, 10, 0, 0, 0, 0, 1, 1, 2, 0, 0, 0, 2, 0, 0.5, 0, 0, 0, 0, 0, 0, -33.89889907836914, 0.0], [0, 0, 0, 0.026598244905471802, 0, 0, 8, 3, 10, 0, 0, 0, 0, 1, 1, 2, 0, 0, 0, 2, 0, 0.5, 0, 0, 0, 0, 0, 0, -33.77030563354492, 0.0], [0, 0, 0, 0.0782569944858551, 0, 0, 8, 3, 10, 0, 0, 0, 0, 1, 1, 3, 0, 0, 0, 2, 0, 0.6666666666666666, 0, 0, 0, 0, 0, 0, -33.77030563354492, 0.0], [0, 0, 0, 0.019686102867126465, 0, 0, 8, 13, 20, 0, 0, 0, 0, 11, 1, 1, 0, 0, 0, 12, 0, 0.007633587786259542, 0, 0, 0, 0, 0, 0, -20.381471633911133, 0.012483596801757812], [1, 0, 1, 0.03026670217514038, 1, 0, 8, 6, 13, 1, 0, 1, 1, 3, 2, 3, 0, 0, 0, 5, 1, 0.6, 0, 0, 0, 0, 0, 0, -24.655902862548828, 8.169795989990234], [0, 0, 0, 0.06926846504211426, 0, 0, 8, 13, 20, 0, 1, 0, 0, 7, 3, 6, 0, 0, 0, 12, 0, 0.75, 0, 0, 0, 0, 0, 0, -30.87505340576172, 0.4907817840576172], [0, 0, 0, 0.276468425989151, 0, 0, 8, 4, 11, 0, 0, 0, 0, 2, 1, 4, 0, 0, 0, 3, 0, 0.5, 0, 0, 0, 0, 0, 0, -26.41431427001953, 0.4239768981933594], [0, 0, 0, 0.028764784336090088, 0, 0, 8, 6, 13, 0, 0, 0, 0, 4, 1, 4, 0, 0, 0, 5, 0, 0.5, 0, 0, 0, 0, 0, 0, -37.020957946777344, 8.98873519897461], [0, 0, 0, 0.0013331174850463867, 0, 0, 8, 3, 10, 0, 0, 0, 0, 1, 1, 4, 0, 0, 0, 2, 0, 0.5, 0, 0, 0, 0, 0, 0, -33.77030563354492, 0.0], [1, 0, 0, 0.47727274894714355, 0, 0, 8, 4, 11, 1, 0, 0, 0, 2, 1, 4, 0, 0, 0, 3, 1, 0.75, 0, 0, 0, 0, 0, 0, -26.41431427001953, 0.4239768981933594], [0, 0, 0, 0.014408260583877563, 0, 0, 8, 13, 20, 0, 0, 0, 0, 10, 2, 3, 0, 0, 0, 12, 0, 0.5, 0, 0, 0, 0, 0, 0, -21.03949737548828, 3.043436050415039], [0, 0, 0, 0.024014800786972046, 0, 0, 8, 3, 10, 0, 0, 0, 0, 1, 1, 3, 0, 0, 0, 2, 0, 0.5, 0, 0, 0, 0, 0, 0, -33.77030563354492, 0.0], [0, 0, 0, 0.003944724798202515, 0, 0, 8, 13, 20, 0, 1, 0, 0, 11, 1, 1, 0, 0, 0, 12, 0, 0.024539877300613498, 0, 0, 0, 0, 0, 0, -20.381471633911133, 0.012483596801757812], [0, 0, 0, 0.08519822359085083, 0, 0, 8, 3, 10, 0, 0, 0, 0, 1, 1, 6, 0, 0, 0, 2, 0, 0.75, 0, 0, 0, 0, 0, 0, -33.77030563354492, 0.0], [0, 0, 0, 0.02200639247894287, 0, 0, 8, 13, 20, 0, 0, 0, 0, 10, 2, 4, 0, 0, 0, 12, 0, 0.6666666666666666, 0, 0, 0, 0, 0, 0, -21.486217498779297, 3.040414810180664], [0, 0, 0, 0.00885474681854248, 0, 0, 8, 13, 20, 0, 0, 1, 0, 11, 1, 2, 0, 0, 0, 12, 0, 0.5, 0, 0, 0, 0, 0, 0, -20.163042068481445, 0.0124969482421875], [0, 0, 0, 0.012404322624206543, 0, 0, 8, 5, 12, 0, 0, 0, 0, 2, 2, 5, 0, 0, 0, 4, 0, 0.6666666666666666, 0, 0, 0, 0, 0, 0, -25.582124710083008, 15.247709274291992], [0, 0, 0, 0.07665622234344482, 0, 0, 8, 3, 10, 0, 0, 0, 0, 1, 1, 4, 0, 0, 0, 2, 0, 0.5, 0, 0, 0, 0, 0, 0, -33.77030563354492, 0.0], [0, 0, 0, 8.90493392944336e-05, 0, 0, 8, 6, 13, 0, 0, 0, 0, 3, 2, 5, 0, 0, 0, 5, 0, 0.5, 0, 0, 0, 0, 0, 0, -24.654573440551758, 8.177690505981445], [0, 0, 0, 0.022703468799591064, 0, 0, 8, 13, 20, 0, 0, 0, 0, 10, 2, 1, 0, 0, 0, 12, 0, 0.05, 0, 0, 0, 0, 0, 0, -21.691953659057617, 3.04437255859375], [0, 0, 0, 0.08344763517379761, 0, 0, 8, 4, 11, 0, 0, 0, 0, 2, 1, 3, 0, 0, 0, 3, 0, 0.6666666666666666, 0, 0, 0, 0, 0, 0, -26.41431427001953, 0.4239768981933594], [0, 0, 0, 0.08519810438156128, 0, 0, 8, 3, 10, 0, 0, 0, 0, 1, 1, 6, 0, 0, 0, 2, 0, 0.75, 0, 0, 0, 0, 0, 0, -33.77030563354492, 0.0], [0, 0, 0, 0.10035824775695801, 0, 0, 8, 13, 20, 0, 0, 0, 0, 8, 3, 1, 0, 0, 0, 12, 0, 0.5, 0, 0, 0, 0, 0, 0, -26.66291618347168, 0.3575153350830078], [0, 0, 0, 0.003860265016555786, 0, 0, 8, 13, 20, 0, 0, 0, 0, 10, 2, 2, 0, 0, 0, 12, 0, 0.5, 0, 0, 0, 0, 0, 0, -21.383928298950195, 3.03497314453125], [0, 0, 0, 0.03801727294921875, 0, 0, 8, 3, 10, 0, 0, 0, 0, 1, 1, 6, 0, 0, 0, 2, 0, 0.8571428571428571, 0, 0, 0, 0, 0, 0, -33.77030563354492, 0.0], [0, 0, 0, 0.04670819640159607, 0, 0, 8, 6, 13, 0, 0, 0, 0, 4, 1, 1, 0, 0, 0, 5, 0, 0.07142857142857142, 0, 0, 0, 0, 0, 0, -23.257408142089844, 0.05104255676269531], [0, 0, 0, 0.26240792870521545, 0, 0, 8, 3, 10, 0, 0, 0, 0, 1, 1, 4, 0, 0, 0, 2, 0, 0.5, 0, 0, 0, 0, 0, 0, -33.77030563354492, 0.0], [0, 0, 0, 0.01300424337387085, 0, 0, 8, 13, 20, 0, 0, 0, 0, 10, 2, 2, 0, 0, 0, 12, 0, 0.5, 0, 0, 0, 0, 0, 0, -21.34539031982422, 3.0365848541259766], [0, 0, 1, 0.20757803320884705, 0, 0, 8, 4, 11, 0, 0, 1, 1, 2, 1, 3, 0, 0, 0, 3, 0, 0.5, 0, 0, 0, 0, 0, 0, -17.083087921142578, 20.84664535522461], [0, 0, 0, 0.01811879873275757, 0, 0, 8, 13, 20, 0, 0, 0, 0, 11, 1, 1, 0, 0, 0, 12, 0, 0.05, 0, 0, 0, 0, 0, 0, -20.597585678100586, 0.012462615966796875], [0, 0, 0, 0.055799126625061035, 0, 0, 8, 6, 13, 0, 0, 1, 0, 4, 1, 2, 0, 0, 0, 5, 0, 0.5, 0, 0, 0, 0, 0, 0, -38.85139846801758, 0.004627227783203125], [0, 0, 0, 0.06926846504211426, 0, 0, 8, 13, 20, 0, 1, 1, 0, 8, 3, 6, 0, 0, 0, 12, 0, 0.75, 0, 0, 0, 0, 0, 0, -26.65250587463379, 0.2775249481201172], [1, 0, 0, 0.011403173208236694, 0, 0, 8, 4, 11, 1, 0, 0, 0, 2, 1, 4, 0, 0, 0, 3, 0, 0.6666666666666666, 0, 0, 0, 0, 0, 0, -26.41431427001953, 0.4239768981933594], [0, 0, 0, 0.14786934852600098, 0, 0, 8, 3, 10, 0, 0, 0, 0, 1, 1, 4, 0, 0, 0, 2, 0, 0.5, 0, 0, 0, 0, 0, 0, -33.77030563354492, 0.0], [0, 0, 0, 0.002368927001953125, 0, 0, 8, 4, 11, 0, 0, 0, 0, 2, 1, 2, 0, 0, 0, 3, 0, 0.5, 0, 0, 0, 0, 0, 0, -26.41431427001953, 0.4239768981933594], [0, 0, 0, 0.09747913479804993, 0, 0, 8, 7, 14, 0, 0, 0, 0, 5, 1, 3, 0, 0, 0, 6, 0, 0.5, 0, 0, 0, 0, 0, 0, -36.4503288269043, 0.07271575927734375], [0, 0, 0, 0.23371189832687378, 0, 0, 8, 13, 20, 0, 0, 0, 0, 10, 2, 2, 0, 0, 0, 12, 0, 0.75, 0, 0, 0, 0, 0, 0, -21.132165908813477, 3.0305957794189453], [0, 0, 0, 0.011478960514068604, 0, 0, 8, 13, 20, 0, 0, 0, 0, 11, 1, 1, 0, 0, 0, 12, 0, 0.2, 0, 0, 0, 0, 0, 0, -20.556243896484375, 0.0124664306640625], [1, 0, 1, 0.03284579515457153, 1, 0, 8, 6, 13, 1, 0, 1, 1, 3, 2, 7, 0, 0, 0, 5, 1, 0.8571428571428571, 0, 0, 0, 0, 0, 0, -40.2186279296875, 7.4227294921875], [0, 0, 0, 0.022938430309295654, 0, 0, 8, 3, 10, 0, 0, 0, 0, 1, 1, 3, 0, 0, 0, 2, 0, 0.5, 0, 0, 0, 0, 0, 0, -33.77030563354492, 0.0], [0, 0, 0, 0.07987770438194275, 0, 0, 8, 9, 16, 0, 0, 0, 0, 7, 1, 4, 0, 0, 0, 8, 0, 0.75, 0, 0, 0, 0, 0, 0, -21.189762115478516, 0.021245956420898438], [0, 0, 0, 0.038017213344573975, 0, 0, 8, 3, 10, 0, 0, 0, 0, 1, 1, 6, 0, 0, 0, 2, 0, 0.8571428571428571, 0, 0, 0, 0, 0, 0, -33.77030563354492, 0.0], [0, 0, 0, 0.006024658679962158, 0, 0, 8, 6, 13, 0, 0, 0, 0, 2, 3, 4, 0, 0, 0, 5, 0, 0.5, 0, 0, 0, 0, 0, 0, -39.63687515258789, 11.83309555053711], [1, 0, 1, 0.10548821091651917, 1, 0, 8, 4, 11, 1, 0, 1, 1, 2, 1, 3, 0, 0, 0, 3, 1, 0.5, 0, 0, 0, 0, 0, 0, -26.331144332885742, 0.42426490783691406], [0, 0, 0, 0.05495092272758484, 0, 0, 8, 13, 20, 0, 0, 0, 0, 11, 1, 1, 0, 0, 0, 12, 0, 0.024539877300613498, 0, 0, 0, 0, 0, 0, -20.275501251220703, 0.01248931884765625], [0, 0, 0, 0.04678982496261597, 0, 0, 8, 13, 20, 0, 0, 1, 0, 11, 1, 4, 0, 0, 0, 12, 0, 0.5, 0, 0, 0, 0, 0, 0, -20.0946102142334, 0.012502670288085938], [0, 0, 0, 0.017389804124832153, 0, 0, 8, 13, 20, 0, 0, 0, 0, 11, 1, 1, 0, 0, 0, 12, 0, 0.2, 0, 0, 0, 0, 0, 0, -20.556243896484375, 0.0124664306640625], [0, 0, 0, 0.00709378719329834, 0, 0, 8, 4, 11, 0, 0, 0, 0, 2, 1, 3, 0, 0, 0, 3, 0, 0.6666666666666666, 0, 0, 0, 0, 0, 0, -26.41431427001953, 0.4239768981933594], [1, 0, 1, 0.0932425856590271, 0, 0, 8, 13, 20, 1, 0, 1, 1, 7, 3, 1, 0, 0, 0, 12, 0, 0.5, 0, 0, 0, 0, 0, 0, -27.9912109375, 0.13661575317382812], [0, 0, 0, 0.030943244695663452, 0, 0, 8, 4, 11, 0, 0, 0, 0, 2, 1, 4, 0, 0, 0, 3, 0, 0.6666666666666666, 0, 0, 0, 0, 0, 0, -26.41431427001953, 0.4239768981933594], [0, 0, 0, 0.12028124928474426, 0, 0, 8, 3, 10, 0, 0, 0, 0, 1, 1, 5, 0, 0, 0, 2, 0, 0.8333333333333334, 0, 0, 0, 0, 0, 0, -33.77030563354492, 0.0], [0, 0, 0, 0.006996512413024902, 0, 0, 8, 10, 17, 0, 0, 0, 0, 8, 1, 4, 0, 0, 0, 9, 0, 0.6666666666666666, 0, 0, 0, 0, 0, 0, -20.790061950683594, 0.018468856811523438], [0, 0, 0, 0.07198655605316162, 0, 0, 8, 13, 20, 0, 0, 0, 0, 7, 3, 5, 0, 0, 0, 12, 0, 0.75, 0, 0, 0, 0, 0, 0, -30.856046676635742, 0.4116325378417969], [0, 0, 0, 0.04817703366279602, 0, 0, 8, 13, 20, 0, 0, 0, 0, 10, 2, 1, 0, 0, 0, 12, 0, 0.1111111111111111, 0, 0, 0, 0, 0, 0, -21.366649627685547, 3.031749725341797], [0, 0, 0, 0.2002485990524292, 0, 0, 8, 3, 10, 0, 0, 0, 0, 1, 1, 5, 0, 0, 0, 2, 0, 0.75, 0, 0, 0, 0, 0, 0, -33.77030563354492, 0.0], [0, 0, 0, 0.032471299171447754, 0, 0, 8, 13, 20, 0, 0, 0, 0, 10, 2, 2, 0, 0, 0, 12, 0, 0.5, 0, 0, 0, 0, 0, 0, -21.344558715820312, 3.0372142791748047], [0, 0, 0, 0.02418079972267151, 0, 0, 8, 13, 20, 0, 0, 0, 0, 11, 1, 1, 0, 0, 0, 12, 0, 0.05, 0, 0, 0, 0, 0, 0, -20.597585678100586, 0.012462615966796875], [0, 0, 0, 0.058995574712753296, 0, 0, 8, 3, 10, 0, 0, 0, 0, 1, 1, 2, 0, 0, 0, 2, 0, 0.5, 0, 0, 0, 0, 0, 0, -33.77030563354492, 0.0], [0, 0, 0, 0.012804985046386719, 0, 0, 8, 5, 12, 0, 0, 0, 0, 3, 1, 3, 0, 0, 0, 4, 0, 0.5, 0, 0, 0, 0, 0, 0, -24.526206970214844, 0.09002113342285156], [1, 0, 0, 0.01144421100616455, 0, 0, 8, 13, 20, 1, 0, 1, 0, 11, 1, 3, 0, 0, 0, 12, 0, 0.5, 0, 0, 0, 0, 0, 0, -20.163042068481445, 0.0124969482421875], [0, 0, 0, 0.023173809051513672, 0, 0, 8, 13, 20, 0, 0, 0, 0, 10, 2, 1, 0, 0, 0, 12, 0, 0.05, 0, 0, 0, 0, 0, 0, -21.595056533813477, 3.043710708618164], [1, 0, 0, 0.03223806619644165, 0, 0, 8, 4, 11, 1, 0, 0, 0, 2, 1, 7, 0, 0, 0, 3, 0, 0.8571428571428571, 0, 0, 0, 0, 0, 0, -26.41431427001953, 0.4239768981933594], [0, 0, 0, 0.16091394424438477, 0, 0, 8, 7, 14, 0, 0, 0, 0, 4, 2, 4, 0, 0, 0, 6, 0, 0.5, 0, 0, 0, 0, 0, 0, -23.847074508666992, 6.615167617797852], [0, 0, 0, 0.06019490957260132, 0, 0, 8, 13, 20, 0, 0, 0, 0, 11, 1, 3, 0, 0, 0, 12, 0, 0.5, 0, 0, 0, 0, 0, 0, -26.643888473510742, 0.01399993896484375], [0, 0, 0, 0.06379187107086182, 0, 0, 8, 3, 10, 0, 0, 0, 0, 1, 1, 3, 0, 0, 0, 2, 0, 0.5555555555555556, 0, 0, 0, 0, 0, 0, -33.77030563354492, 0.0], [0, 0, 0, 0.02246105670928955, 0, 0, 8, 13, 20, 0, 0, 0, 0, 10, 2, 1, 0, 0, 0, 12, 0, 0.05, 0, 0, 0, 0, 0, 0, -21.780864715576172, 3.049558639526367], [0, 0, 0, 0.0036187171936035156, 0, 0, 8, 13, 20, 0, 0, 0, 0, 11, 1, 1, 0, 0, 0, 12, 0, 0.007633587786259542, 0, 0, 0, 0, 0, 0, -20.381471633911133, 0.012483596801757812], [0, 0, 0, 0.04620015621185303, 0, 0, 8, 13, 20, 0, 0, 0, 0, 11, 1, 2, 0, 0, 0, 12, 0, 0.25, 0, 0, 0, 0, 0, 0, -20.26210594177246, 0.012491226196289062], [1, 0, 1, 0.25131237506866455, 1, 1, 8, 3, 10, 1, 0, 0, 0, 1, 1, 4, 0, 0, 0, 2, 0, 0.8, 0, 0, 1, 0, 0, 0, -26.607397079467773, 9.678976058959961], [0, 0, 0, 0.007588684558868408, 0, 0, 8, 13, 20, 0, 0, 0, 0, 11, 1, 1, 0, 0, 0, 12, 0, 0.024539877300613498, 0, 0, 0, 0, 0, 0, -20.233064651489258, 0.01248931884765625], [1, 0, 1, 0.08054649829864502, 1, 0, 8, 13, 20, 1, 0, 1, 0, 9, 2, 1, 0, 0, 0, 12, 1, 0.5, 0, 0, 0, 0, 0, 0, -25.306428909301758, 0.10489654541015625], [0, 0, 0, 0.02064746618270874, 0, 0, 8, 13, 20, 0, 0, 0, 0, 9, 3, 4, 0, 0, 0, 12, 0, 0.6666666666666666, 0, 0, 0, 0, 0, 0, -22.34152603149414, 3.8605575561523438], [0, 0, 0, 0.06878390908241272, 0, 0, 8, 10, 17, 0, 0, 0, 0, 7, 2, 1, 0, 0, 0, 9, 0, 0.5, 0, 0, 0, 0, 0, 0, -40.155128479003906, 5.030658721923828], [0, 0, 0, 0.014681637287139893, 0, 0, 8, 9, 16, 0, 0, 0, 0, 7, 1, 1, 0, 0, 0, 8, 0, 0.08, 0, 0, 0, 0, 0, 0, -27.401302337646484, 0.023151397705078125], [0, 0, 0, 0.16781103610992432, 0, 0, 8, 3, 10, 0, 0, 0, 0, 1, 1, 4, 0, 0, 0, 2, 0, 0.5, 0, 0, 0, 0, 0, 0, -33.77030563354492, 0.0], [0, 0, 0, 0.03766149282455444, 0, 0, 8, 3, 10, 0, 0, 0, 0, 1, 1, 5, 0, 0, 0, 2, 0, 0.5, 0, 0, 0, 0, 0, 0, -33.77030563354492, 0.0], [0, 0, 0, 0.002795994281768799, 0, 0, 8, 3, 10, 0, 0, 0, 0, 1, 1, 5, 0, 0, 0, 2, 0, 0.5, 0, 0, 0, 0, 0, 0, -33.77030563354492, 0.0], [0, 0, 0, 0.020388662815093994, 0, 0, 8, 4, 11, 0, 0, 0, 0, 2, 1, 4, 0, 0, 0, 3, 0, 0.6666666666666666, 0, 0, 0, 0, 0, 0, -26.41431427001953, 0.4239768981933594], [1, 0, 1, 0.0528867244720459, 0, 0, 8, 5, 12, 1, 0, 1, 1, 2, 2, 4, 0, 0, 0, 4, 0, 0.5, 0, 0, 0, 0, 0, 0, -25.57879638671875, 15.156429290771484], [0, 0, 0, 0.03472760319709778, 0, 0, 8, 4, 11, 0, 0, 0, 0, 2, 1, 4, 0, 0, 0, 3, 0, 0.5, 0, 0, 0, 0, 0, 0, -26.41431427001953, 0.4239768981933594], [0, 0, 0, 0.006206393241882324, 0, 0, 8, 13, 20, 0, 0, 0, 0, 10, 2, 1, 0, 0, 0, 12, 0, 0.07142857142857142, 0, 0, 0, 0, 0, 0, -21.23580551147461, 3.028291702270508], [0, 0, 0, 0.032427310943603516, 0, 0, 8, 13, 20, 0, 0, 0, 0, 9, 3, 2, 0, 0, 0, 12, 0, 0.8, 0, 0, 0, 0, 0, 0, -22.018203735351562, 3.936349868774414], [0, 0, 0, 0.015558004379272461, 0, 0, 8, 13, 20, 0, 0, 0, 0, 11, 1, 1, 0, 0, 0, 12, 0, 0.2, 0, 0, 0, 0, 0, 0, -20.556243896484375, 0.0124664306640625], [0, 0, 0, 0.022598862648010254, 0, 0, 8, 3, 10, 0, 0, 0, 0, 1, 1, 4, 0, 0, 0, 2, 0, 0.8, 0, 0, 0, 0, 0, 0, -33.77030563354492, 0.0], [0, 0, 0, 0.08519822359085083, 0, 0, 8, 3, 10, 0, 0, 0, 0, 1, 1, 6, 0, 0, 0, 2, 0, 0.75, 0, 0, 0, 0, 0, 0, -33.77030563354492, 0.0], [0, 0, 0, 0.059828490018844604, 0, 0, 8, 13, 20, 0, 0, 0, 0, 11, 1, 1, 0, 0, 0, 12, 0, 0.1111111111111111, 0, 0, 0, 0, 0, 0, -20.328527450561523, 0.012483596801757812], [0, 0, 0, 0.09753164649009705, 0, 0, 8, 4, 11, 0, 0, 0, 0, 2, 1, 4, 0, 0, 0, 3, 0, 0.5, 0, 0, 0, 0, 0, 0, -26.41431427001953, 0.4239768981933594], [0, 0, 0, 0.07760745286941528, 0, 0, 8, 13, 20, 0, 0, 0, 0, 11, 1, 2, 0, 0, 0, 12, 0, 0.6666666666666666, 0, 0, 0, 0, 0, 0, -20.353927612304688, 0.012477874755859375], [1, 0, 0, 0.08968687057495117, 1, 0, 8, 5, 12, 1, 0, 1, 0, 3, 1, 3, 0, 0, 0, 4, 1, 0.5, 0, 0, 0, 0, 0, 0, -24.463720321655273, 0.09012031555175781], [0, 0, 0, 0.022134006023406982, 0, 0, 8, 13, 20, 0, 0, 0, 0, 11, 1, 1, 0, 0, 0, 12, 0, 0.2, 0, 0, 0, 0, 0, 0, -20.556243896484375, 0.0124664306640625], [0, 0, 0, 0.00405353307723999, 0, 0, 8, 7, 14, 0, 0, 1, 0, 5, 1, 7, 0, 0, 0, 6, 0, 0.8571428571428571, 0, 0, 0, 0, 0, 0, -36.403560638427734, 0.07271957397460938], [0, 0, 0, 0.040577471256256104, 0, 0, 8, 13, 20, 0, 0, 0, 0, 10, 2, 1, 0, 0, 0, 12, 0, 0.1111111111111111, 0, 0, 0, 0, 0, 0, -21.365001678466797, 3.033245086669922], [0, 0, 0, 0.08420997858047485, 0, 0, 8, 10, 17, 0, 0, 0, 0, 8, 1, 4, 0, 0, 0, 9, 0, 0.5, 0, 0, 0, 0, 0, 0, -20.790061950683594, 0.018468856811523438], [0, 0, 0, 0.2007979154586792, 0, 0, 8, 4, 11, 0, 0, 0, 0, 2, 1, 5, 0, 0, 0, 3, 0, 0.75, 0, 0, 0, 0, 0, 0, -26.41431427001953, 0.4239768981933594], [0, 0, 0, 0.019990146160125732, 0, 0, 8, 13, 20, 0, 0, 0, 0, 9, 2, 4, 0, 0, 0, 12, 0, 0.6666666666666666, 0, 0, 0, 0, 0, 0, -25.773664474487305, 0.028753280639648438], [0, 0, 0, 0.04493314027786255, 0, 0, 8, 5, 12, 0, 0, 0, 0, 3, 1, 4, 0, 0, 0, 4, 0, 0.5, 0, 0, 0, 0, 0, 0, -24.526206970214844, 0.09002113342285156], [0, 0, 0, 0.17984971404075623, 0, 0, 8, 3, 10, 0, 0, 0, 0, 1, 1, 3, 0, 0, 0, 2, 0, 0.5, 0, 0, 0, 0, 0, 0, -33.77030563354492, 0.0], [0, 0, 0, 0.04245665669441223, 0, 0, 8, 13, 20, 0, 0, 0, 0, 11, 1, 4, 0, 0, 0, 12, 0, 0.5, 0, 0, 0, 0, 0, 0, -20.019628524780273, 0.012508392333984375], [0, 0, 0, 0.044670283794403076, 0, 0, 8, 3, 10, 0, 0, 0, 0, 1, 1, 1, 0, 0, 0, 2, 0, 0.041666666666666664, 0, 0, 0, 0, 0, 0, -33.77030563354492, 0.0], [0, 0, 0, 0.020267009735107422, 0, 0, 8, 13, 20, 0, 0, 0, 0, 11, 1, 4, 0, 0, 0, 12, 0, 0.6666666666666666, 0, 0, 0, 0, 0, 0, -20.3062744140625, 0.012485504150390625], [0, 0, 0, 0.23848021030426025, 0, 0, 8, 5, 12, 0, 0, 0, 0, 3, 1, 2, 0, 0, 0, 4, 0, 0.6666666666666666, 0, 0, 0, 0, 0, 0, -24.526206970214844, 0.09002113342285156], [0, 0, 0, 0.28108179569244385, 0, 0, 8, 3, 10, 0, 0, 0, 0, 1, 1, 4, 0, 0, 0, 2, 0, 0.6666666666666666, 0, 0, 0, 0, 0, 0, -33.77030563354492, 0.0], [0, 0, 0, 0.036341309547424316, 0, 0, 8, 7, 14, 0, 0, 0, 0, 5, 1, 3, 0, 0, 0, 6, 0, 0.6666666666666666, 0, 0, 0, 0, 0, 0, -34.465797424316406, 7.633018493652344], [0, 0, 0, 0.02618229389190674, 0, 0, 8, 13, 20, 0, 0, 0, 0, 11, 1, 2, 0, 0, 0, 12, 0, 0.5, 0, 0, 0, 0, 0, 0, -20.067140579223633, 0.012506484985351562], [0, 0, 0, 0.14879804849624634, 0, 0, 8, 5, 12, 0, 0, 0, 0, 3, 1, 2, 0, 0, 0, 4, 0, 0.5, 0, 0, 0, 0, 0, 0, -24.526206970214844, 0.09002113342285156], [0, 0, 0, 0.014094620943069458, 0, 0, 8, 6, 13, 0, 0, 0, 0, 4, 1, 2, 0, 0, 0, 5, 0, 0.5, 0, 0, 0, 0, 0, 0, -39.051918029785156, 0.08806991577148438], [1, 0, 1, 0.2736549377441406, 1, 0, 8, 4, 11, 1, 0, 1, 1, 2, 1, 4, 0, 0, 0, 3, 1, 0.5, 0, 0, 0, 0, 0, 0, -26.331144332885742, 0.42426490783691406], [0, 0, 0, 0.04967191815376282, 0, 0, 8, 5, 12, 0, 0, 0, 0, 3, 1, 5, 0, 0, 0, 4, 0, 0.6666666666666666, 0, 0, 0, 0, 0, 0, -24.526206970214844, 0.09002113342285156], [0, 0, 0, 0.17624467611312866, 0, 0, 8, 3, 10, 0, 0, 0, 0, 1, 1, 5, 0, 0, 0, 2, 0, 0.6666666666666666, 0, 0, 0, 0, 0, 0, -33.77030563354492, 0.0], [1, 0, 0, 0.16935399174690247, 1, 0, 8, 3, 10, 1, 0, 0, 0, 1, 1, 4, 0, 0, 0, 2, 1, 0.5, 0, 0, 0, 0, 0, 0, -33.77030563354492, 0.0], [0, 0, 0, 0.022134006023406982, 0, 0, 8, 13, 20, 0, 0, 0, 0, 10, 2, 1, 0, 0, 0, 12, 0, 0.2, 0, 0, 0, 0, 0, 0, -21.624208450317383, 3.0393905639648438], [0, 0, 0, 0.017292380332946777, 0, 0, 8, 7, 14, 0, 0, 0, 0, 5, 1, 3, 0, 0, 0, 6, 0, 0.5, 0, 0, 0, 0, 0, 0, -41.3432731628418, 0.21246719360351562], [0, 0, 0, 0.024133801460266113, 0, 0, 8, 13, 20, 0, 0, 0, 0, 11, 1, 1, 0, 0, 0, 12, 0, 0.125, 0, 0, 0, 0, 0, 0, -20.019628524780273, 0.012508392333984375], [0, 0, 0, 0.006118655204772949, 0, 0, 8, 3, 10, 0, 0, 0, 0, 1, 1, 5, 0, 0, 0, 2, 0, 0.6, 0, 0, 0, 0, 0, 0, -33.77030563354492, 0.0], [0, 0, 0, 0.02274465560913086, 0, 0, 8, 5, 12, 0, 0, 0, 0, 2, 2, 4, 0, 0, 0, 4, 0, 0.8, 0, 0, 0, 0, 0, 0, -25.66288948059082, 15.16694450378418], [0, 0, 0, 0.13214105367660522, 0, 0, 8, 3, 10, 0, 0, 0, 0, 1, 1, 4, 0, 0, 0, 2, 0, 0.6666666666666666, 0, 0, 0, 0, 0, 0, -33.77030563354492, 0.0], [0, 0, 0, 0.05542615056037903, 0, 0, 8, 13, 20, 0, 0, 0, 0, 11, 1, 2, 0, 0, 0, 12, 0, 0.25, 0, 0, 0, 0, 0, 0, -20.26210594177246, 0.012491226196289062], [0, 0, 0, 0.23462173342704773, 0, 0, 8, 4, 11, 0, 0, 0, 0, 2, 1, 4, 0, 0, 0, 3, 0, 0.5714285714285714, 0, 0, 0, 0, 0, 0, -26.41431427001953, 0.4239768981933594], [0, 0, 0, 0.09682357311248779, 0, 0, 8, 13, 20, 0, 0, 0, 0, 10, 2, 4, 0, 0, 0, 12, 0, 0.5, 0, 0, 0, 0, 0, 0, -21.197341918945312, 3.027494430541992], [0, 0, 0, 0.1135631799697876, 0, 0, 8, 5, 12, 0, 0, 0, 0, 3, 1, 2, 0, 0, 0, 4, 0, 0.5714285714285714, 0, 0, 0, 0, 0, 0, -24.526206970214844, 0.09002113342285156], [0, 0, 0, 0.007848858833312988, 0, 0, 8, 3, 10, 0, 0, 0, 0, 1, 1, 3, 0, 0, 0, 2, 0, 0.5, 0, 0, 0, 0, 0, 0, -33.77030563354492, 0.0], [0, 0, 0, 0.002361476421356201, 0, 0, 8, 6, 13, 0, 0, 0, 0, 4, 1, 4, 0, 0, 0, 5, 0, 0.5, 0, 0, 0, 0, 0, 0, -34.90451431274414, 9.240196228027344], [0, 0, 0, 0.09572774171829224, 0, 0, 8, 12, 19, 0, 0, 0, 0, 9, 2, 5, 0, 0, 0, 11, 0, 0.6, 0, 0, 0, 0, 0, 0, -27.20859146118164, 2.9511585235595703], [0, 0, 0, 0.06377404928207397, 0, 0, 8, 3, 10, 0, 0, 0, 0, 1, 1, 3, 0, 0, 0, 2, 0, 0.5, 0, 0, 0, 0, 0, 0, -33.77030563354492, 0.0], [0, 0, 0, 0.07221171259880066, 0, 0, 8, 6, 13, 0, 0, 0, 0, 4, 1, 4, 0, 0, 0, 5, 0, 0.5, 0, 0, 0, 0, 0, 0, -39.051918029785156, 0.08806991577148438], [0, 0, 0, 0.09310120344161987, 0, 0, 8, 13, 20, 0, 0, 0, 0, 9, 2, 5, 0, 0, 0, 12, 0, 0.6666666666666666, 0, 0, 0, 0, 0, 0, -25.484481811523438, 0.07635116577148438], [0, 0, 0, 0.003944724798202515, 0, 0, 8, 13, 20, 0, 0, 1, 0, 11, 1, 1, 0, 0, 0, 12, 0, 0.024539877300613498, 0, 0, 0, 0, 0, 0, -20.381471633911133, 0.012483596801757812], [0, 0, 0, 0.010828495025634766, 0, 0, 8, 13, 20, 0, 0, 0, 0, 11, 1, 3, 0, 0, 0, 12, 0, 0.5, 0, 0, 0, 0, 0, 0, -20.019628524780273, 0.012508392333984375], [0, 0, 0, 0.1665707528591156, 0, 0, 8, 4, 11, 0, 0, 0, 0, 2, 1, 4, 0, 0, 0, 3, 0, 0.5, 0, 0, 0, 0, 0, 0, -26.41431427001953, 0.4239768981933594], [0, 0, 0, 0.021334320306777954, 0, 0, 8, 13, 20, 0, 0, 0, 0, 11, 1, 1, 0, 0, 0, 12, 0, 0.05, 0, 0, 0, 0, 0, 0, -20.597585678100586, 0.012462615966796875], [0, 0, 0, 0.029945403337478638, 0, 0, 8, 13, 20, 0, 0, 0, 0, 11, 1, 2, 0, 0, 0, 12, 0, 0.5, 0, 0, 0, 0, 0, 0, -19.98235321044922, 0.012516021728515625], [0, 0, 0, 0.19541606307029724, 0, 0, 8, 3, 10, 0, 0, 0, 0, 1, 1, 2, 0, 0, 0, 2, 0, 0.5, 0, 0, 0, 0, 0, 0, -33.77030563354492, 0.0], [0, 0, 0, 0.06116226315498352, 0, 0, 8, 13, 20, 0, 0, 0, 0, 11, 1, 5, 0, 0, 0, 12, 0, 0.5, 0, 0, 0, 0, 0, 0, -20.0946102142334, 0.012502670288085938], [0, 0, 0, 0.037311553955078125, 0, 0, 8, 13, 20, 0, 0, 0, 0, 11, 1, 2, 0, 0, 0, 12, 0, 0.6666666666666666, 0, 0, 0, 0, 0, 0, -20.052244186401367, 0.012508392333984375], [0, 0, 0, 0.3897196054458618, 0, 0, 8, 3, 10, 0, 0, 0, 0, 1, 1, 4, 0, 0, 0, 2, 0, 0.5, 0, 0, 0, 0, 0, 0, -33.77030563354492, 0.0], [1, 0, 0, 0.0, 0, 0, 7, 4, 10, 1, 0, 1, 0, 2, 1, 4, 0, 0, 0, 3, 1, 0.75, 0, 0, 0, 0, 0, 0, -26.331144332885742, 0.42426490783691406], [0, 0, 0, 0.009241461753845215, 0, 0, 8, 13, 20, 0, 0, 0, 0, 10, 2, 1, 0, 0, 0, 12, 0, 0.5, 0, 0, 0, 0, 0, 0, -21.378538131713867, 3.0381908416748047], [0, 0, 0, 0.028744161128997803, 0, 0, 8, 6, 13, 0, 0, 0, 0, 4, 1, 2, 0, 0, 0, 5, 0, 0.5, 0, 0, 0, 0, 0, 0, -38.90766143798828, 0.004573822021484375], [1, 0, 0, 0.08964288234710693, 0, 0, 8, 13, 20, 1, 0, 0, 0, 11, 1, 2, 0, 0, 0, 12, 0, 0.5, 0, 0, 0, 0, 0, 0, -20.03644561767578, 0.012510299682617188], [0, 0, 0, 0.056410014629364014, 0, 0, 8, 3, 10, 0, 0, 0, 0, 1, 1, 2, 0, 0, 0, 2, 0, 0.5, 0, 0, 0, 0, 0, 0, -33.77030563354492, 0.0], [1, 0, 1, 0.04562819004058838, 1, 0, 8, 5, 12, 1, 0, 1, 1, 2, 2, 5, 0, 0, 0, 4, 1, 0.5, 0, 0, 0, 0, 0, 0, -25.497940063476562, 15.237285614013672], [0, 0, 0, 0.01981806755065918, 0, 0, 8, 3, 10, 0, 0, 0, 0, 1, 1, 5, 0, 0, 0, 2, 0, 0.5, 0, 0, 0, 0, 0, 0, -33.77030563354492, 0.0], [0, 0, 0, 0.014512956142425537, 0, 0, 8, 13, 20, 0, 0, 0, 0, 11, 1, 1, 0, 0, 0, 12, 0, 0.05, 0, 0, 0, 0, 0, 0, -27.280649185180664, 0.013875961303710938], [0, 0, 0, 0.08289051055908203, 0, 0, 8, 3, 10, 0, 0, 0, 0, 1, 1, 4, 0, 0, 0, 2, 0, 0.5, 0, 0, 0, 0, 0, 0, -33.77030563354492, 0.0], [0, 0, 0, 0.047918111085891724, 0, 0, 8, 4, 11, 0, 0, 0, 0, 2, 1, 3, 0, 0, 0, 3, 0, 0.5, 0, 0, 0, 0, 0, 0, -26.41431427001953, 0.4239768981933594], [0, 0, 0, 0.010626167058944702, 0, 0, 8, 3, 10, 0, 0, 0, 0, 1, 1, 3, 0, 0, 0, 2, 0, 0.5, 0, 0, 0, 0, 0, 0, -33.77030563354492, 0.0], [0, 0, 0, 0.0, 0, 0, 5, 13, 17, 0, 0, 1, 0, 11, 1, 3, 0, 0, 0, 12, 0, 0.5, 0, 0, 0, 0, 0, 0, -20.019628524780273, 0.012508392333984375], [0, 0, 0, 0.12925764918327332, 0, 0, 8, 13, 20, 0, 0, 0, 0, 11, 1, 3, 0, 0, 0, 12, 0, 0.6666666666666666, 0, 0, 0, 0, 0, 0, -20.0946102142334, 0.012502670288085938], [0, 0, 0, 0.051812976598739624, 0, 0, 8, 3, 10, 0, 0, 0, 0, 1, 1, 4, 0, 0, 0, 2, 0, 0.6666666666666666, 0, 0, 0, 0, 0, 0, -33.77030563354492, 0.0], [1, 0, 0, 0.10367095470428467, 0, 0, 8, 8, 15, 1, 0, 1, 0, 6, 1, 2, 0, 0, 0, 7, 0, 0.5, 0, 0, 0, 0, 0, 0, -21.661760330200195, 0.0261993408203125], [0, 0, 0, 0.20907491445541382, 0, 0, 8, 3, 10, 0, 0, 0, 0, 1, 1, 3, 0, 0, 0, 2, 0, 0.5, 0, 0, 0, 0, 0, 0, -33.77030563354492, 0.0], [0, 0, 0, 0.002809286117553711, 0, 0, 8, 3, 10, 0, 0, 0, 0, 1, 1, 6, 0, 0, 0, 2, 0, 0.6666666666666666, 0, 0, 0, 0, 0, 0, -33.77030563354492, 0.0], [1, 0, 0, 0.019953250885009766, 0, 0, 8, 13, 20, 1, 0, 0, 0, 10, 2, 4, 0, 0, 0, 12, 0, 0.6666666666666666, 0, 0, 0, 0, 0, 0, -21.48444366455078, 3.041534423828125], [0, 0, 0, 0.067302405834198, 0, 0, 8, 7, 14, 0, 0, 0, 0, 5, 1, 4, 0, 0, 0, 6, 0, 0.6666666666666666, 0, 0, 0, 0, 0, 0, -37.08146286010742, 0.01079559326171875], [0, 0, 0, 0.07005691528320312, 0, 0, 8, 13, 20, 0, 0, 0, 0, 11, 1, 3, 0, 0, 0, 12, 0, 0.5, 0, 0, 0, 0, 0, 0, -26.644033432006836, 0.014001846313476562], [0, 0, 0, 0.03348064422607422, 0, 0, 8, 11, 18, 0, 0, 0, 0, 9, 1, 3, 0, 0, 0, 10, 0, 0.5, 0, 0, 0, 0, 0, 0, -34.51111602783203, 0.035831451416015625], [1, 0, 0, 0.0024557113647460938, 1, 0, 8, 4, 11, 1, 0, 1, 0, 2, 1, 6, 0, 0, 0, 3, 1, 0.8571428571428571, 0, 0, 0, 0, 0, 0, -26.331144332885742, 0.42426490783691406], [0, 0, 0, 0.0027499794960021973, 0, 0, 8, 13, 20, 0, 0, 0, 0, 11, 1, 2, 0, 0, 0, 12, 0, 0.5, 0, 0, 0, 0, 0, 0, -20.22526741027832, 0.012491226196289062], [0, 0, 0, 0.11244642734527588, 0, 0, 8, 4, 11, 0, 0, 0, 0, 2, 1, 2, 0, 0, 0, 3, 0, 0.3333333333333333, 0, 0, 0, 0, 0, 0, -26.41431427001953, 0.4239768981933594], [0, 0, 0, 0.09225034713745117, 0, 0, 8, 13, 20, 0, 0, 0, 0, 9, 2, 1, 0, 0, 0, 12, 0, 0.041666666666666664, 0, 0, 0, 0, 0, 0, -25.684410095214844, 0.0121612548828125], [0, 0, 0, 0.083680659532547, 0, 0, 8, 3, 10, 0, 0, 0, 0, 1, 1, 4, 0, 0, 0, 2, 0, 0.5, 0, 0, 0, 0, 0, 0, -33.77030563354492, 0.0], [1, 0, 0, 0.1040564775466919, 1, 0, 8, 13, 20, 1, 0, 1, 0, 8, 2, 3, 0, 0, 0, 12, 1, 0.6666666666666666, 0, 0, 0, 0, 0, 0, -29.67667579650879, 0.06043434143066406], [0, 0, 0, 0.005828678607940674, 0, 0, 8, 3, 10, 0, 0, 0, 0, 1, 1, 4, 0, 0, 0, 2, 0, 0.5, 0, 0, 0, 0, 0, 0, -33.77030563354492, 0.0], [0, 0, 0, 0.007681131362915039, 0, 0, 8, 6, 13, 0, 0, 0, 0, 4, 1, 3, 0, 0, 0, 5, 0, 0.75, 0, 0, 0, 0, 0, 0, -23.257408142089844, 0.05104255676269531], [1, 0, 1, 0.17492949962615967, 0, 1, 6, 3, 8, 1, 0, 0, 0, 1, 1, 5, 0, 0, 0, 2, 0, 0.6666666666666666, 0, 0, 1, 0, 0, 0, -26.607397079467773, 16.758657455444336], [0, 0, 0, 0.044076502323150635, 0, 0, 8, 8, 15, 0, 0, 0, 0, 5, 2, 3, 0, 0, 0, 7, 0, 0.5, 0, 0, 0, 0, 0, 0, -23.08417510986328, 5.542255401611328], [0, 0, 0, 0.39591002464294434, 0, 0, 8, 3, 10, 0, 0, 0, 0, 1, 1, 3, 0, 0, 0, 2, 0, 0.6666666666666666, 0, 0, 0, 0, 0, 0, -33.77030563354492, 0.0], [0, 0, 0, 0.05645102262496948, 0, 0, 8, 5, 12, 0, 0, 0, 0, 3, 1, 5, 0, 0, 0, 4, 0, 0.6666666666666666, 0, 0, 0, 0, 0, 0, -24.526206970214844, 0.09002113342285156], [0, 0, 0, 0.007076472043991089, 0, 0, 8, 13, 20, 0, 0, 0, 0, 11, 1, 1, 0, 0, 0, 12, 0, 0.007633587786259542, 0, 0, 0, 0, 0, 0, -20.381471633911133, 0.012483596801757812], [0, 0, 0, 0.011158138513565063, 0, 0, 8, 7, 14, 0, 0, 0, 0, 5, 1, 1, 0, 0, 0, 6, 0, 0.5, 0, 0, 0, 0, 0, 0, -37.08146286010742, 0.01079559326171875], [0, 0, 0, 0.22508352994918823, 0, 0, 8, 3, 10, 0, 0, 0, 0, 1, 1, 3, 0, 0, 0, 2, 0, 0.5, 0, 0, 0, 0, 0, 0, -33.77030563354492, 0.0], [0, 0, 0, 0.07803565263748169, 0, 0, 8, 13, 20, 0, 0, 0, 0, 9, 2, 3, 0, 0, 0, 12, 0, 0.5, 0, 0, 0, 0, 0, 0, -25.3066463470459, 0.13113975524902344], [0, 0, 0, 0.01819610595703125, 0, 0, 8, 10, 17, 0, 0, 0, 0, 4, 5, 5, 0, 0, 0, 9, 0, 0.5, 0, 0, 0, 0, 0, 0, -39.403743743896484, 8.527786254882812], [0, 0, 0, 0.04021868109703064, 0, 0, 8, 13, 20, 0, 0, 0, 0, 9, 2, 5, 0, 0, 0, 12, 0, 0.6666666666666666, 0, 0, 0, 0, 0, 0, -25.24740219116211, 0.052501678466796875], [0, 0, 0, 0.04698565602302551, 0, 0, 8, 13, 20, 0, 0, 0, 0, 10, 2, 4, 0, 0, 0, 12, 0, 0.8, 0, 0, 0, 0, 0, 0, -25.939485549926758, 2.102804183959961], [0, 0, 0, 0.0167732834815979, 0, 0, 8, 13, 20, 0, 0, 0, 0, 11, 1, 1, 0, 0, 0, 12, 0, 0.2, 0, 0, 0, 0, 0, 0, -20.556243896484375, 0.0124664306640625], [0, 0, 0, 0.08286535739898682, 0, 0, 4, 8, 11, 0, 0, 0, 0, 4, 3, 3, 0, 0, 0, 7, 0, 0.8, 0, 0, 0, 0, 0, 0, -23.819171905517578, 7.268245697021484], [0, 0, 0, 0.1616811752319336, 0, 0, 8, 13, 20, 0, 0, 0, 0, 6, 5, 1, 0, 0, 0, 12, 0, 0.5, 0, 0, 0, 0, 0, 0, -28.794193267822266, 1.1912422180175781], [0, 0, 0, 0.04478728771209717, 0, 0, 8, 4, 11, 0, 0, 0, 0, 2, 1, 2, 0, 0, 0, 3, 0, 0.5, 0, 0, 0, 0, 0, 0, -26.41431427001953, 0.4239768981933594], [1, 0, 0, 0.3224905729293823, 0, 0, 8, 4, 11, 1, 0, 0, 0, 2, 1, 6, 0, 0, 0, 3, 0, 0.8571428571428571, 0, 0, 0, 0, 0, 0, -26.41431427001953, 0.4239768981933594], [0, 0, 0, 0.012031197547912598, 0, 0, 8, 3, 10, 0, 0, 0, 0, 1, 1, 5, 0, 0, 0, 2, 0, 0.5, 0, 0, 0, 0, 0, 0, -33.77030563354492, 0.0], [0, 0, 0, 0.06507426500320435, 0, 0, 8, 3, 10, 0, 0, 0, 0, 1, 1, 4, 0, 0, 0, 2, 0, 0.5, 0, 0, 0, 0, 0, 0, -33.77030563354492, 0.0], [0, 0, 0, 0.25951194763183594, 0, 0, 8, 7, 14, 0, 0, 0, 0, 3, 3, 4, 0, 0, 0, 6, 0, 0.6666666666666666, 0, 0, 0, 0, 0, 0, -40.3525276184082, 8.083179473876953], [0, 0, 0, 0.05499961972236633, 0, 0, 8, 13, 20, 0, 0, 0, 0, 11, 1, 2, 0, 0, 0, 12, 0, 0.5, 0, 0, 0, 0, 0, 0, -19.98235321044922, 0.012516021728515625], [1, 0, 0, 0.07856106758117676, 0, 0, 8, 8, 15, 1, 0, 1, 0, 6, 1, 1, 0, 0, 0, 7, 0, 0.5, 0, 0, 0, 0, 0, 0, -20.93532943725586, 9.607400894165039], [0, 0, 0, 0.14482790231704712, 0, 0, 8, 6, 13, 0, 0, 0, 0, 3, 2, 3, 0, 0, 0, 5, 0, 0.5, 0, 0, 0, 0, 0, 0, -39.09232711791992, 9.076702117919922], [0, 0, 0, 0.06717093288898468, 0, 0, 8, 10, 17, 0, 0, 0, 0, 8, 1, 3, 0, 0, 0, 9, 0, 0.5, 0, 0, 0, 0, 0, 0, -20.790061950683594, 0.018468856811523438], [0, 0, 0, 0.0025357604026794434, 0, 0, 8, 13, 20, 0, 0, 0, 0, 11, 1, 5, 0, 0, 0, 12, 0, 0.5, 0, 0, 0, 0, 0, 0, -20.052244186401367, 0.012508392333984375], [0, 0, 0, 0.02539283037185669, 0, 0, 8, 6, 13, 0, 0, 0, 0, 4, 1, 2, 0, 0, 0, 5, 0, 0.5, 0, 0, 0, 0, 0, 0, -23.257408142089844, 0.05104255676269531], [0, 0, 0, 0.013905912637710571, 0, 0, 8, 13, 20, 0, 0, 1, 0, 11, 1, 1, 0, 0, 0, 12, 0, 0.2, 0, 0, 0, 0, 0, 0, -20.556243896484375, 0.0124664306640625], [0, 0, 0, 0.02980780601501465, 0, 0, 8, 13, 20, 0, 0, 0, 0, 9, 2, 4, 0, 0, 0, 12, 0, 0.5, 0, 0, 0, 0, 0, 0, -25.399208068847656, 0.06649589538574219], [0, 0, 0, 0.061589956283569336, 0, 0, 8, 13, 20, 0, 0, 0, 0, 8, 3, 4, 0, 0, 0, 12, 0, 0.5, 0, 0, 0, 0, 0, 0, -26.73090362548828, 0.3315238952636719], [0, 0, 0, 0.01171189546585083, 0, 0, 8, 13, 20, 0, 0, 0, 0, 11, 1, 1, 0, 0, 0, 12, 0, 0.05, 0, 0, 0, 0, 0, 0, -20.019628524780273, 0.012508392333984375], [0, 0, 0, 0.0048354268074035645, 0, 0, 8, 4, 11, 0, 0, 0, 0, 2, 1, 4, 0, 0, 0, 3, 0, 0.6666666666666666, 0, 0, 0, 0, 0, 0, -26.41431427001953, 0.4239768981933594], [0, 0, 0, 0.08890444040298462, 0, 0, 8, 12, 19, 0, 0, 0, 0, 9, 2, 5, 0, 0, 0, 11, 0, 0.6, 0, 0, 0, 0, 0, 0, -27.20859146118164, 2.9511585235595703], [0, 0, 0, 0.09696739912033081, 0, 0, 8, 4, 11, 0, 0, 0, 0, 2, 1, 2, 0, 0, 0, 3, 0, 0.5, 0, 0, 0, 0, 0, 0, -26.41431427001953, 0.4239768981933594], [0, 0, 0, 0.0389288067817688, 0, 0, 8, 4, 11, 0, 0, 0, 0, 2, 1, 4, 0, 0, 0, 3, 0, 0.5, 0, 0, 0, 0, 0, 0, -26.41431427001953, 0.4239768981933594], [0, 0, 0, 0.0020372867584228516, 0, 0, 8, 3, 10, 0, 0, 0, 0, 1, 1, 4, 0, 0, 0, 2, 0, 0.6666666666666666, 0, 0, 0, 0, 0, 0, -33.77030563354492, 0.0], [0, 0, 0, 0.125200092792511, 0, 0, 8, 3, 10, 0, 0, 0, 0, 1, 1, 5, 0, 0, 0, 2, 0, 0.6666666666666666, 0, 0, 0, 0, 0, 0, -33.77030563354492, 0.0], [0, 0, 0, 0.014379635453224182, 0, 0, 8, 3, 10, 0, 0, 0, 0, 1, 1, 4, 0, 0, 0, 2, 0, 0.5, 0, 0, 0, 0, 0, 0, -33.77030563354492, 0.0], [0, 0, 0, 0.06755572557449341, 0, 0, 8, 6, 13, 0, 0, 0, 0, 4, 1, 1, 0, 0, 0, 5, 0, 0.125, 0, 0, 0, 0, 0, 0, -38.90766143798828, 0.004573822021484375], [0, 0, 0, 0.0012784004211425781, 0, 0, 8, 3, 10, 0, 0, 0, 0, 1, 1, 5, 0, 0, 0, 2, 0, 0.5, 0, 0, 0, 0, 0, 0, -33.77030563354492, 0.0], [0, 0, 0, 0.04247337579727173, 0, 0, 8, 13, 20, 0, 0, 0, 0, 11, 1, 1, 0, 0, 0, 12, 0, 0.1111111111111111, 0, 0, 0, 0, 0, 0, -20.328527450561523, 0.012483596801757812], [0, 0, 0, 0.05786237120628357, 0, 0, 8, 13, 20, 0, 0, 0, 0, 11, 1, 4, 0, 0, 0, 12, 0, 0.5, 0, 0, 0, 0, 0, 0, -20.20038414001465, 0.012495040893554688], [1, 0, 0, 0.06489703059196472, 0, 0, 8, 7, 14, 1, 0, 1, 0, 4, 2, 3, 0, 0, 0, 6, 0, 0.5, 0, 0, 0, 0, 0, 0, -39.84124755859375, 5.9997100830078125], [0, 0, 0, 0.004910796880722046, 0, 0, 8, 13, 20, 0, 0, 0, 0, 10, 2, 4, 0, 0, 0, 12, 0, 0.75, 0, 0, 0, 0, 0, 0, -21.068387985229492, 3.023639678955078], [0, 0, 0, 0.021713972091674805, 0, 0, 8, 13, 20, 0, 0, 0, 0, 11, 1, 1, 0, 0, 0, 12, 0, 0.05, 0, 0, 0, 0, 0, 0, -20.597585678100586, 0.012462615966796875], [0, 0, 0, 0.0014760196208953857, 0, 0, 8, 5, 12, 0, 0, 0, 0, 3, 1, 2, 0, 0, 0, 4, 0, 0.4, 0, 0, 0, 0, 0, 0, -24.526206970214844, 0.09002113342285156], [1, 0, 1, 0.1263730525970459, 1, 0, 8, 5, 12, 1, 0, 1, 1, 2, 2, 4, 0, 0, 0, 4, 0, 0.5, 0, 0, 0, 0, 0, 0, -24.128646850585938, 21.545703887939453], [0, 0, 0, 0.005208373069763184, 0, 0, 8, 4, 11, 0, 0, 0, 0, 2, 1, 3, 0, 0, 0, 3, 0, 0.5, 0, 0, 0, 0, 0, 0, -26.41431427001953, 0.4239768981933594], [0, 0, 0, 0.021199822425842285, 0, 0, 8, 13, 20, 0, 0, 0, 0, 10, 2, 4, 0, 0, 0, 12, 0, 0.6666666666666666, 0, 0, 0, 0, 0, 0, -21.428285598754883, 3.035694122314453], [0, 0, 0, 0.013158738613128662, 0, 0, 8, 3, 10, 0, 0, 0, 0, 1, 1, 4, 0, 0, 0, 2, 0, 0.5, 0, 0, 0, 0, 0, 0, -33.77030563354492, 0.0], [0, 0, 0, 0.0054406821727752686, 0, 0, 8, 6, 13, 0, 0, 0, 0, 4, 1, 3, 0, 0, 0, 5, 0, 0.5, 0, 0, 0, 0, 0, 0, -23.257408142089844, 0.05104255676269531], [1, 0, 0, 0.08630919456481934, 0, 0, 8, 4, 11, 1, 0, 1, 0, 2, 1, 4, 0, 0, 0, 3, 0, 0.5, 0, 0, 0, 0, 0, 0, -26.331144332885742, 0.42426490783691406], [0, 0, 0, 0.027854472398757935, 0, 0, 8, 13, 20, 0, 0, 0, 0, 11, 1, 1, 0, 0, 0, 12, 0, 0.07142857142857142, 0, 0, 0, 0, 0, 0, -20.22526741027832, 0.012491226196289062], [0, 0, 0, 0.0023256242275238037, 0, 0, 8, 13, 20, 0, 0, 0, 0, 10, 2, 1, 0, 0, 0, 12, 0, 0.2, 0, 0, 0, 0, 0, 0, -21.785625457763672, 3.052064895629883], [0, 0, 0, 0.008645877242088318, 0, 0, 8, 3, 10, 0, 0, 0, 0, 1, 1, 3, 0, 0, 0, 2, 0, 0.5, 0, 0, 0, 0, 0, 0, -33.77030563354492, 0.0], [0, 0, 0, 0.04076090455055237, 0, 0, 8, 13, 20, 0, 0, 0, 0, 10, 2, 3, 0, 0, 0, 12, 0, 0.8, 0, 0, 0, 0, 0, 0, -21.186508178710938, 3.0362586975097656], [0, 0, 0, 0.003574877977371216, 0, 0, 8, 13, 20, 0, 0, 0, 0, 11, 1, 4, 0, 0, 0, 12, 0, 0.6666666666666666, 0, 0, 0, 0, 0, 0, -26.6970157623291, 0.013986587524414062], [0, 0, 0, 0.02874600887298584, 0, 0, 8, 13, 20, 0, 0, 0, 0, 11, 1, 1, 0, 0, 0, 12, 0, 0.05, 0, 0, 0, 0, 0, 0, -20.597585678100586, 0.012462615966796875], [0, 0, 0, 0.0016306638717651367, 0, 0, 8, 3, 10, 0, 0, 0, 0, 1, 1, 5, 0, 0, 0, 2, 0, 0.6666666666666666, 0, 0, 0, 0, 0, 0, -33.77030563354492, 0.0], [0, 0, 0, 0.08311116695404053, 0, 0, 8, 9, 16, 0, 0, 0, 0, 6, 2, 4, 0, 0, 0, 8, 0, 0.5, 0, 0, 0, 0, 0, 0, -22.49759864807129, 4.760358810424805], [0, 0, 0, 0.3413150906562805, 0, 0, 8, 3, 10, 0, 0, 0, 0, 1, 1, 4, 0, 0, 0, 2, 0, 0.5, 0, 0, 0, 0, 0, 0, -33.77030563354492, 0.0], [0, 0, 0, 0.004112899303436279, 0, 0, 8, 13, 20, 0, 0, 0, 0, 9, 3, 3, 0, 0, 0, 12, 0, 0.6666666666666666, 0, 0, 0, 0, 0, 0, -21.8985538482666, 3.8786849975585938], [1, 0, 0, 0.13379710912704468, 0, 0, 8, 13, 20, 1, 0, 1, 0, 8, 3, 5, 0, 0, 0, 12, 0, 0.6666666666666666, 0, 0, 0, 0, 0, 0, -26.771411895751953, 0.3281440734863281], [0, 0, 0, 0.08092924952507019, 0, 0, 8, 4, 11, 0, 0, 0, 0, 2, 1, 4, 0, 0, 0, 3, 0, 0.5, 0, 0, 0, 0, 0, 0, -26.41431427001953, 0.4239768981933594], [0, 0, 0, 0.0012726783752441406, 0, 0, 8, 13, 20, 0, 0, 0, 0, 10, 2, 2, 0, 0, 0, 12, 0, 0.5, 0, 0, 0, 0, 0, 0, -21.267789840698242, 3.034587860107422], [0, 0, 0, 0.12787896394729614, 0, 0, 8, 3, 10, 0, 0, 0, 0, 1, 1, 5, 0, 0, 0, 2, 0, 0.6666666666666666, 0, 0, 0, 0, 0, 0, -33.77030563354492, 0.0], [0, 0, 0, 3.5136938095092773e-05, 0, 0, 8, 3, 10, 0, 0, 0, 0, 1, 1, 2, 0, 0, 0, 2, 0, 0.5, 0, 0, 0, 0, 0, 0, -33.77030563354492, 0.0], [0, 0, 0, 0.16823148727416992, 0, 0, 8, 9, 16, 0, 0, 0, 0, 7, 1, 3, 0, 0, 0, 8, 0, 0.5, 0, 0, 0, 0, 0, 0, -21.189762115478516, 0.021245956420898438], [0, 0, 0, 0.06329736113548279, 0, 0, 8, 6, 13, 0, 0, 0, 0, 4, 1, 1, 0, 0, 0, 5, 0, 0.125, 0, 0, 0, 0, 0, 0, -23.257408142089844, 0.05104255676269531], [0, 0, 0, 0.05592840909957886, 0, 0, 8, 13, 20, 0, 0, 0, 0, 10, 2, 2, 0, 0, 0, 12, 0, 0.5, 0, 0, 0, 0, 0, 0, -21.340993881225586, 3.039857864379883], [0, 0, 0, 0.0589410662651062, 0, 0, 8, 3, 10, 0, 0, 0, 0, 1, 1, 3, 0, 0, 0, 2, 0, 0.5, 0, 0, 0, 0, 0, 0, -33.77030563354492, 0.0], [0, 0, 0, 0.0503121018409729, 0, 0, 8, 3, 10, 0, 0, 0, 0, 1, 1, 3, 0, 0, 0, 2, 0, 0.5, 0, 0, 0, 0, 0, 0, -33.77030563354492, 0.0], [0, 0, 0, 0.0038749873638153076, 0, 0, 8, 3, 10, 0, 0, 0, 0, 1, 1, 5, 0, 0, 0, 2, 0, 0.6666666666666666, 0, 0, 0, 0, 0, 0, -33.77030563354492, 0.0], [0, 0, 0, 0.12861204147338867, 0, 0, 8, 13, 20, 0, 0, 1, 0, 11, 1, 4, 0, 0, 0, 12, 0, 0.5, 0, 0, 0, 0, 0, 0, -20.163042068481445, 0.0124969482421875], [0, 0, 0, 0.013093560934066772, 0, 0, 8, 13, 20, 0, 0, 0, 0, 11, 1, 3, 0, 0, 0, 12, 0, 0.5, 0, 0, 0, 0, 0, 0, -20.22526741027832, 0.012491226196289062], [0, 0, 0, 0.034993767738342285, 0, 0, 8, 6, 13, 0, 0, 1, 0, 4, 1, 3, 0, 0, 0, 5, 0, 0.5, 0, 0, 0, 0, 0, 0, -23.207412719726562, 0.05108451843261719], [0, 0, 0, 0.04197072982788086, 0, 0, 8, 5, 12, 0, 0, 0, 0, 3, 1, 4, 0, 0, 0, 4, 0, 0.6666666666666666, 0, 0, 0, 0, 0, 0, -24.526206970214844, 0.09002113342285156], [0, 0, 0, 0.21573612093925476, 0, 0, 8, 3, 10, 0, 1, 0, 0, 1, 1, 5, 0, 0, 0, 2, 0, 0.5, 0, 0, 0, 0, 0, 0, -33.77030563354492, 0.0], [0, 0, 0, 0.047033727169036865, 0, 0, 8, 4, 11, 0, 0, 0, 0, 2, 1, 4, 0, 0, 0, 3, 0, 0.6666666666666666, 0, 0, 0, 0, 0, 0, -26.41431427001953, 0.4239768981933594], [0, 0, 0, 0.024311542510986328, 0, 0, 8, 13, 20, 0, 0, 0, 0, 10, 2, 1, 0, 0, 0, 12, 0, 0.05, 0, 0, 0, 0, 0, 0, -21.7789306640625, 3.051023483276367], [1, 0, 0, 0.0026102066040039062, 1, 0, 8, 4, 11, 1, 0, 1, 0, 2, 1, 4, 0, 0, 0, 3, 1, 0.8, 0, 0, 0, 0, 0, 0, -26.331144332885742, 0.42426490783691406], [0, 0, 0, 0.010484397411346436, 0, 0, 8, 3, 10, 0, 0, 0, 0, 1, 1, 1, 0, 0, 0, 2, 0, 0.09090909090909091, 0, 0, 0, 0, 0, 0, -33.77030563354492, 0.0], [0, 0, 0, 0.05836445093154907, 0, 0, 8, 3, 10, 0, 0, 0, 0, 1, 1, 3, 0, 0, 0, 2, 0, 0.5, 0, 0, 0, 0, 0, 0, -33.77030563354492, 0.0], [0, 0, 0, 0.13221848011016846, 0, 0, 8, 3, 10, 0, 0, 0, 0, 1, 1, 3, 0, 0, 0, 2, 0, 0.6666666666666666, 0, 0, 0, 0, 0, 0, -33.77030563354492, 0.0], [0, 0, 0, 0.007815182209014893, 0, 0, 8, 3, 10, 0, 0, 0, 0, 1, 1, 3, 0, 0, 0, 2, 0, 0.6666666666666666, 0, 0, 0, 0, 0, 0, -33.77030563354492, 0.0], [0, 0, 0, 0.1786983609199524, 0, 0, 8, 4, 11, 0, 0, 0, 0, 2, 1, 5, 0, 0, 0, 3, 0, 0.5, 0, 0, 0, 0, 0, 0, -26.41431427001953, 0.4239768981933594], [0, 0, 0, 0.018131673336029053, 0, 0, 8, 8, 15, 0, 0, 0, 0, 5, 2, 1, 0, 0, 0, 7, 0, 0.5, 0, 0, 0, 0, 0, 0, -29.843612670898438, 4.8828582763671875], [0, 0, 0, 0.2826516628265381, 0, 0, 8, 3, 10, 0, 0, 0, 0, 1, 1, 4, 0, 0, 0, 2, 0, 0.5, 0, 0, 0, 0, 0, 0, -33.77030563354492, 0.0], [1, 0, 1, 0.10919445753097534, 0, 0, 8, 4, 11, 1, 0, 1, 1, 2, 1, 6, 0, 0, 0, 3, 1, 0.8571428571428571, 0, 0, 0, 0, 0, 0, -26.331144332885742, 0.42426490783691406], [0, 0, 0, 0.041987061500549316, 0, 0, 8, 4, 11, 0, 0, 0, 0, 2, 1, 4, 0, 0, 0, 3, 0, 0.6666666666666666, 0, 0, 0, 0, 0, 0, -26.41431427001953, 0.4239768981933594], [0, 0, 0, 0.06299620866775513, 0, 0, 8, 13, 20, 0, 0, 0, 0, 9, 2, 4, 0, 0, 0, 12, 0, 0.6666666666666666, 0, 0, 0, 0, 0, 0, -25.24740219116211, 0.052501678466796875], [0, 0, 0, 0.03723922371864319, 0, 0, 8, 9, 16, 0, 0, 1, 0, 7, 1, 2, 0, 0, 0, 8, 0, 0.5, 0, 0, 0, 0, 0, 0, -21.158533096313477, 0.02124786376953125], [1, 0, 1, 0.011634349822998047, 1, 0, 8, 13, 20, 1, 0, 1, 1, 8, 4, 4, 0, 0, 0, 12, 1, 0.6666666666666666, 0, 0, 0, 0, 0, 0, -22.93360137939453, 4.79937744140625], [0, 0, 0, 0.04036422073841095, 0, 0, 8, 3, 10, 0, 0, 0, 0, 1, 1, 4, 0, 0, 0, 2, 0, 0.5, 0, 0, 0, 0, 0, 0, -33.77030563354492, 0.0], [0, 0, 0, 0.07173237204551697, 0, 0, 8, 9, 16, 0, 0, 0, 0, 7, 1, 4, 0, 0, 0, 8, 0, 0.5, 0, 0, 0, 0, 0, 0, -21.189762115478516, 0.021245956420898438], [0, 0, 0, 0.061340004205703735, 0, 0, 8, 7, 14, 0, 0, 0, 0, 4, 2, 5, 0, 0, 0, 6, 0, 0.8571428571428571, 0, 0, 0, 0, 0, 0, -40.009193420410156, 6.0121002197265625], [0, 0, 0, 0.023781538009643555, 0, 0, 8, 13, 20, 0, 0, 0, 0, 10, 2, 3, 0, 0, 0, 12, 0, 0.5, 0, 0, 0, 0, 0, 0, -21.241811752319336, 3.0340328216552734], [1, 0, 0, 0.13379710912704468, 0, 0, 8, 13, 20, 1, 0, 1, 0, 10, 2, 5, 0, 0, 0, 12, 0, 0.6666666666666666, 0, 0, 0, 0, 0, 0, -21.1785945892334, 3.0331554412841797], [0, 0, 1, 0.012667208909988403, 0, 0, 8, 10, 17, 0, 0, 1, 1, 5, 4, 5, 0, 0, 0, 9, 0, 0.5, 0, 0, 0, 0, 0, 0, -39.95222473144531, 7.4479827880859375], [0, 0, 0, 0.03612089157104492, 0, 0, 7, 5, 11, 0, 0, 0, 0, 3, 1, 4, 0, 0, 0, 4, 0, 0.6666666666666666, 0, 0, 0, 0, 0, 0, -24.526206970214844, 0.09002113342285156], [0, 0, 0, 0.22743472456932068, 0, 0, 8, 3, 10, 0, 0, 0, 0, 1, 1, 3, 0, 0, 0, 2, 0, 0.5, 0, 0, 0, 0, 0, 0, -33.77030563354492, 0.0], [0, 0, 0, 0.022269979119300842, 0, 0, 8, 3, 10, 0, 0, 0, 0, 1, 1, 4, 0, 0, 0, 2, 0, 0.5, 0, 0, 0, 0, 0, 0, -33.77030563354492, 0.0], [0, 0, 0, 0.0, 0, 0, 2, 13, 14, 1, 0, 1, 0, 9, 2, 1, 0, 0, 0, 12, 0, 0.5, 0, 0, 0, 0, 0, 0, -25.29006576538086, 0.12637901306152344], [0, 0, 0, 0.012642890214920044, 0, 0, 8, 13, 20, 0, 0, 1, 0, 11, 1, 2, 0, 0, 0, 12, 0, 0.5, 0, 0, 0, 0, 0, 0, -20.233064651489258, 0.01248931884765625], [0, 0, 0, 0.031091362237930298, 0, 0, 8, 4, 11, 0, 0, 0, 0, 2, 1, 3, 0, 0, 0, 3, 0, 0.5, 0, 0, 0, 0, 0, 0, -26.41431427001953, 0.4239768981933594], [1, 0, 0, 0.13650083541870117, 1, 0, 8, 4, 11, 1, 0, 1, 0, 2, 1, 6, 0, 0, 0, 3, 0, 0.8, 0, 0, 0, 0, 0, 0, -26.331144332885742, 0.42426490783691406], [0, 0, 0, 0.24081414937973022, 0, 0, 8, 4, 11, 0, 0, 0, 0, 2, 1, 3, 0, 0, 0, 3, 0, 0.5, 0, 0, 0, 0, 0, 0, -26.41431427001953, 0.4239768981933594], [0, 0, 0, 0.02222543954849243, 0, 0, 8, 4, 11, 0, 0, 0, 0, 2, 1, 5, 0, 0, 0, 3, 0, 0.6666666666666666, 0, 0, 0, 0, 0, 0, -26.41431427001953, 0.4239768981933594], [0, 0, 0, 0.020838841795921326, 0, 0, 8, 3, 10, 0, 0, 0, 0, 1, 1, 2, 0, 0, 0, 2, 0, 0.5, 0, 0, 0, 0, 0, 0, -33.77030563354492, 0.0], [0, 0, 0, 0.059919118881225586, 0, 0, 8, 13, 20, 0, 0, 0, 0, 8, 3, 4, 0, 0, 0, 12, 0, 0.5, 0, 0, 0, 0, 0, 0, -26.575374603271484, 0.3059272766113281], [1, 0, 0, 0.0064108967781066895, 0, 0, 8, 4, 11, 1, 0, 1, 0, 2, 1, 6, 0, 0, 0, 3, 0, 0.5, 0, 0, 0, 0, 0, 0, -26.331144332885742, 0.42426490783691406], [0, 0, 0, 0.05344688892364502, 0, 0, 8, 6, 13, 0, 0, 1, 0, 4, 1, 7, 0, 0, 0, 5, 0, 0.75, 0, 0, 0, 0, 0, 0, -23.207412719726562, 0.05108451843261719], [0, 0, 0, 0.02628558874130249, 0, 0, 8, 6, 13, 0, 0, 0, 0, 2, 3, 7, 0, 0, 0, 5, 0, 0.8571428571428571, 0, 0, 0, 0, 0, 0, -39.597007751464844, 11.883800506591797], [1, 0, 0, 0.024392247200012207, 0, 0, 8, 13, 20, 1, 0, 1, 0, 10, 2, 4, 0, 0, 0, 12, 0, 0.6666666666666666, 0, 0, 0, 0, 0, 0, -27.44524383544922, 2.596986770629883], [0, 0, 0, 0.01616114377975464, 0, 0, 8, 13, 20, 0, 0, 0, 0, 10, 2, 4, 0, 0, 0, 12, 0, 0.5, 0, 0, 0, 0, 0, 0, -21.144390106201172, 3.0258865356445312], [0, 0, 0, 0.02011275291442871, 0, 0, 8, 13, 20, 0, 0, 0, 0, 10, 2, 4, 0, 0, 0, 12, 0, 0.6666666666666666, 0, 0, 0, 0, 0, 0, -21.536548614501953, 3.0413780212402344], [0, 0, 0, 0.028301000595092773, 0, 0, 8, 13, 20, 0, 0, 0, 0, 11, 1, 2, 0, 0, 0, 12, 0, 0.25, 0, 0, 0, 0, 0, 0, -20.26210594177246, 0.012491226196289062], [0, 0, 0, 0.04686358571052551, 0, 0, 8, 4, 11, 0, 0, 0, 0, 2, 1, 3, 0, 0, 0, 3, 0, 0.5, 0, 0, 0, 0, 0, 0, -26.41431427001953, 0.4239768981933594], [0, 0, 0, 0.012967467308044434, 0, 0, 8, 10, 17, 0, 0, 0, 0, 6, 3, 5, 0, 0, 0, 9, 0, 0.5, 0, 0, 0, 0, 0, 0, -22.874326705932617, 5.399745941162109], [0, 0, 0, 0.10433679819107056, 0, 0, 8, 3, 10, 0, 0, 0, 0, 1, 1, 3, 0, 0, 0, 2, 0, 0.5, 0, 0, 0, 0, 0, 0, -33.77030563354492, 0.0], [0, 0, 0, 0.013905912637710571, 0, 0, 8, 13, 20, 0, 0, 0, 0, 11, 1, 1, 0, 0, 0, 12, 0, 0.2, 0, 0, 0, 0, 0, 0, -20.556243896484375, 0.0124664306640625], [0, 0, 0, 0.06393831968307495, 0, 0, 8, 4, 11, 0, 0, 0, 0, 2, 1, 6, 0, 0, 0, 3, 0, 0.5, 0, 0, 0, 0, 0, 0, -26.41431427001953, 0.4239768981933594], [0, 0, 0, 0.1694924235343933, 0, 0, 8, 13, 20, 0, 0, 0, 0, 6, 5, 1, 0, 0, 0, 12, 0, 0.5, 0, 0, 0, 0, 0, 0, -28.948692321777344, 1.131195068359375], [0, 0, 0, 0.05914878845214844, 0, 0, 8, 5, 12, 0, 0, 0, 0, 2, 2, 3, 0, 0, 0, 4, 0, 0.5, 0, 0, 0, 0, 0, 0, -25.66288948059082, 15.16694450378418], [0, 0, 0, 0.23891383409500122, 0, 0, 8, 5, 12, 0, 1, 0, 0, 2, 2, 4, 0, 0, 0, 4, 0, 0.5, 0, 0, 0, 0, 0, 0, -25.66288948059082, 15.16694450378418], [0, 0, 0, 0.017333418130874634, 0, 0, 8, 7, 14, 0, 0, 0, 0, 5, 1, 1, 0, 0, 0, 6, 0, 0.5, 0, 0, 0, 0, 0, 0, -37.08146286010742, 0.01079559326171875], [0, 0, 0, 0.00405353307723999, 0, 0, 8, 7, 14, 0, 0, 1, 0, 5, 1, 7, 0, 0, 0, 6, 0, 0.8571428571428571, 0, 0, 0, 0, 0, 0, -36.403560638427734, 0.07271957397460938], [0, 0, 0, 0.06485134363174438, 0, 0, 8, 13, 20, 0, 0, 0, 0, 11, 1, 1, 0, 0, 0, 12, 0, 0.024539877300613498, 0, 0, 0, 0, 0, 0, -20.275501251220703, 0.01248931884765625], [0, 0, 0, 0.0027608871459960938, 0, 0, 8, 3, 10, 0, 0, 0, 0, 1, 1, 3, 0, 0, 0, 2, 0, 0.75, 0, 0, 0, 0, 0, 0, -33.77030563354492, 0.0], [0, 0, 0, 0.026474714279174805, 0, 0, 8, 13, 20, 0, 0, 0, 0, 11, 1, 1, 0, 0, 0, 12, 0, 0.5, 0, 0, 0, 0, 0, 0, -20.152807235717773, 0.012498855590820312], [0, 0, 0, 0.07817026972770691, 0, 0, 8, 13, 20, 0, 0, 0, 0, 11, 1, 2, 0, 0, 0, 12, 0, 0.5, 0, 0, 0, 0, 0, 0, -19.98235321044922, 0.012516021728515625], [1, 0, 1, 0.03180354833602905, 1, 0, 8, 4, 11, 1, 0, 1, 1, 2, 1, 6, 0, 0, 0, 3, 1, 0.8571428571428571, 0, 0, 0, 0, 0, 0, -26.331144332885742, 0.42426490783691406], [1, 0, 1, 0.2403559684753418, 1, 0, 8, 7, 14, 1, 0, 1, 1, 2, 4, 5, 0, 0, 0, 6, 1, 0.75, 0, 0, 0, 0, 0, 0, -32.79423141479492, 14.201820373535156], [1, 0, 0, 0.19359540939331055, 0, 0, 8, 10, 17, 1, 0, 1, 0, 6, 3, 3, 0, 0, 0, 9, 0, 0.6666666666666666, 0, 0, 0, 0, 0, 0, -22.792219161987305, 5.425823211669922], [0, 0, 0, 0.025238752365112305, 0, 0, 8, 13, 20, 0, 0, 0, 0, 6, 3, 5, 0, 0, 0, 12, 0, 0.6666666666666666, 0, 0, 0, 0, 0, 0, -35.050846099853516, 0.5096969604492188], [0, 0, 0, 0.10628870129585266, 0, 0, 8, 3, 10, 0, 0, 0, 0, 1, 1, 2, 0, 0, 0, 2, 0, 0.3333333333333333, 0, 0, 0, 0, 0, 0, -33.77030563354492, 0.0], [0, 0, 0, 0.013558059930801392, 0, 0, 8, 3, 10, 0, 0, 0, 0, 1, 1, 1, 0, 0, 0, 2, 0, 0.16666666666666666, 0, 0, 0, 0, 0, 0, -33.77030563354492, 0.0], [0, 0, 0, 0.09148865938186646, 0, 0, 8, 13, 20, 0, 0, 0, 0, 11, 1, 3, 0, 0, 0, 12, 0, 0.6666666666666666, 0, 0, 0, 0, 0, 0, -20.353927612304688, 0.012477874755859375], [0, 0, 0, 0.061284422874450684, 0, 0, 8, 5, 12, 0, 0, 1, 0, 2, 2, 3, 0, 0, 0, 4, 0, 0.5, 0, 0, 0, 0, 0, 0, -25.258052825927734, 15.4771728515625], [1, 0, 0, 0.003316819667816162, 1, 0, 8, 5, 12, 1, 0, 1, 0, 3, 1, 3, 0, 0, 0, 4, 0, 0.8, 0, 0, 0, 0, 0, 0, -24.463720321655273, 0.09012031555175781], [0, 0, 0, 0.2043750286102295, 0, 0, 8, 3, 10, 0, 0, 0, 0, 1, 1, 5, 0, 0, 0, 2, 0, 0.6666666666666666, 0, 0, 0, 0, 0, 0, -33.77030563354492, 0.0], [0, 0, 0, 0.45353636145591736, 0, 0, 8, 3, 10, 0, 0, 0, 0, 1, 1, 4, 0, 0, 0, 2, 0, 0.5, 0, 0, 0, 0, 0, 0, -33.77030563354492, 0.0], [1, 0, 1, 0.03207272291183472, 0, 1, 8, 3, 10, 1, 0, 0, 0, 1, 1, 7, 0, 0, 0, 2, 0, 0.5, 0, 0, 1, 0, 0, 0, -26.755409240722656, 16.610645294189453], [0, 0, 0, 0.1135779619216919, 0, 0, 8, 7, 14, 0, 0, 0, 0, 3, 3, 5, 0, 0, 0, 6, 0, 0.75, 0, 0, 0, 0, 0, 0, -24.34358787536621, 8.773027420043945], [0, 0, 0, 3.382563591003418e-05, 0, 0, 8, 13, 20, 0, 0, 0, 0, 9, 2, 2, 0, 0, 0, 12, 0, 0.5, 0, 0, 0, 0, 0, 0, -25.704002380371094, 0.11512947082519531], [0, 0, 0, 0.0023865550756454468, 0, 0, 8, 9, 16, 0, 0, 0, 0, 7, 1, 1, 0, 0, 0, 8, 0, 0.034482758620689655, 0, 0, 0, 0, 0, 0, -21.189762115478516, 0.021245956420898438], [0, 0, 0, 0.001467376947402954, 0, 0, 8, 13, 20, 0, 0, 0, 0, 11, 1, 1, 0, 0, 0, 12, 0, 0.007633587786259542, 0, 0, 0, 0, 0, 0, -20.381471633911133, 0.012483596801757812], [0, 0, 0, 0.008742749691009521, 0, 0, 8, 13, 20, 0, 0, 0, 0, 11, 1, 3, 0, 0, 0, 12, 0, 0.5, 0, 0, 0, 0, 0, 0, -20.233064651489258, 0.01248931884765625], [0, 0, 0, 0.13475993275642395, 0, 0, 8, 6, 13, 0, 0, 0, 0, 4, 1, 5, 0, 0, 0, 5, 0, 0.5, 0, 0, 0, 0, 0, 0, -34.99814987182617, 9.063213348388672], [0, 0, 0, 0.0545467734336853, 0, 0, 8, 3, 10, 0, 0, 0, 0, 1, 1, 2, 0, 0, 0, 2, 0, 0.5, 0, 0, 0, 0, 0, 0, -33.77030563354492, 0.0], [0, 0, 0, 0.10957229137420654, 0, 0, 8, 13, 20, 0, 1, 1, 1, 8, 2, 5, 0, 0, 0, 12, 0, 0.6666666666666666, 0, 0, 0, 0, 0, 0, -29.641826629638672, 0.0739898681640625], [0, 0, 0, 0.023555278778076172, 0, 0, 8, 8, 15, 0, 0, 0, 0, 5, 2, 5, 0, 0, 0, 7, 0, 0.5, 0, 0, 0, 0, 0, 0, -23.212881088256836, 5.555450439453125], [0, 0, 0, 0.025998026132583618, 0, 0, 8, 13, 20, 0, 0, 0, 0, 11, 1, 2, 0, 0, 0, 12, 0, 0.5, 0, 0, 0, 0, 0, 0, -20.067140579223633, 0.012506484985351562], [0, 0, 0, 0.01160663366317749, 0, 0, 8, 3, 10, 0, 0, 0, 0, 1, 1, 5, 0, 0, 0, 2, 0, 0.5, 0, 0, 0, 0, 0, 0, -33.77030563354492, 0.0], [0, 0, 0, 0.09247338771820068, 0, 0, 8, 12, 19, 0, 0, 0, 0, 9, 2, 5, 0, 0, 0, 11, 0, 0.6, 0, 0, 0, 0, 0, 0, -27.20859146118164, 2.9511585235595703], [0, 0, 0, 0.06985729932785034, 0, 0, 8, 13, 20, 0, 0, 0, 0, 11, 1, 4, 0, 0, 0, 12, 0, 0.6666666666666666, 0, 0, 0, 0, 0, 0, -20.052244186401367, 0.012508392333984375], [0, 0, 0, 0.11080354452133179, 0, 0, 8, 6, 13, 0, 0, 0, 0, 4, 1, 2, 0, 0, 0, 5, 0, 0.5, 0, 0, 0, 0, 0, 0, -39.051918029785156, 0.08806991577148438], [0, 0, 0, 0.14928078651428223, 0, 0, 8, 4, 11, 0, 0, 0, 0, 2, 1, 5, 0, 0, 0, 3, 0, 0.5, 0, 0, 0, 0, 0, 0, -26.41431427001953, 0.4239768981933594], [0, 0, 1, 0.011509984731674194, 0, 0, 8, 7, 14, 0, 0, 1, 0, 3, 2, 2, 0, 0, 0, 6, 0, 0.3333333333333333, 0, 0, 0, 0, 0, 0, -47.57052993774414, 0.1061553955078125], [0, 0, 0, 0.0031194686889648438, 0, 0, 8, 13, 20, 0, 0, 0, 0, 9, 3, 5, 0, 0, 0, 12, 0, 0.8, 0, 0, 0, 0, 0, 0, -21.85112190246582, 3.8809280395507812], [0, 0, 0, 0.04327830672264099, 0, 0, 8, 13, 20, 0, 0, 0, 0, 11, 1, 5, 0, 0, 0, 12, 0, 0.5, 0, 0, 0, 0, 0, 0, -20.0946102142334, 0.012502670288085938], [0, 0, 0, 0.13284295797348022, 0, 0, 8, 4, 11, 0, 0, 0, 0, 1, 2, 4, 0, 0, 0, 3, 0, 0.5, 0, 0, 0, 0, 0, 0, -36.336219787597656, 0.0], [0, 0, 0, 0.010599076747894287, 0, 0, 8, 5, 12, 0, 0, 0, 0, 3, 1, 2, 0, 0, 0, 4, 0, 0.25, 0, 0, 0, 0, 0, 0, -24.526206970214844, 0.09002113342285156], [1, 0, 0, 0.0455629825592041, 0, 0, 8, 4, 11, 1, 0, 1, 0, 2, 1, 5, 0, 0, 0, 3, 0, 0.5, 0, 0, 0, 0, 0, 0, -26.331144332885742, 0.42426490783691406], [0, 0, 0, 0.089915931224823, 0, 0, 8, 13, 20, 0, 0, 0, 0, 11, 1, 1, 0, 0, 0, 12, 0, 0.08, 0, 0, 0, 0, 0, 0, -19.98235321044922, 0.012516021728515625], [0, 0, 0, 0.4443519711494446, 0, 0, 8, 3, 10, 0, 0, 0, 0, 1, 1, 4, 0, 0, 0, 2, 0, 0.5, 0, 0, 0, 0, 0, 0, -33.77030563354492, 0.0], [0, 0, 0, 0.024722784757614136, 0, 0, 8, 13, 20, 0, 0, 0, 0, 11, 1, 1, 0, 0, 0, 12, 0, 0.05, 0, 0, 0, 0, 0, 0, -20.597585678100586, 0.012462615966796875], [0, 0, 0, 0.0814252495765686, 0, 0, 8, 3, 10, 0, 0, 0, 0, 1, 1, 3, 0, 0, 0, 2, 0, 0.6666666666666666, 0, 0, 0, 0, 0, 0, -33.77030563354492, 0.0], [1, 0, 1, 0.0383947491645813, 1, 0, 8, 13, 20, 1, 1, 1, 1, 10, 2, 5, 0, 0, 0, 12, 1, 0.8, 0, 0, 0, 0, 0, 0, -21.069150924682617, 3.026500701904297], [0, 0, 0, 0.012036919593811035, 0, 0, 8, 13, 20, 0, 0, 0, 0, 10, 2, 1, 0, 0, 0, 12, 0, 0.2, 0, 0, 0, 0, 0, 0, -21.803152084350586, 3.0543060302734375], [0, 0, 0, 0.03796471655368805, 0, 0, 8, 9, 16, 0, 0, 0, 0, 7, 1, 4, 0, 0, 0, 8, 0, 0.5, 0, 0, 0, 0, 0, 0, -21.189762115478516, 0.021245956420898438], [0, 0, 0, 0.010731548070907593, 0, 0, 8, 5, 12, 0, 0, 0, 0, 3, 1, 2, 0, 0, 0, 4, 0, 0.4, 0, 0, 0, 0, 0, 0, -24.526206970214844, 0.09002113342285156], [0, 0, 0, 0.009022682905197144, 0, 0, 8, 9, 16, 0, 0, 1, 0, 7, 1, 1, 0, 0, 0, 8, 0, 0.6666666666666666, 0, 0, 0, 0, 0, 0, -21.158533096313477, 0.02124786376953125], [0, 0, 0, 0.032640546560287476, 0, 0, 8, 13, 20, 0, 0, 0, 0, 11, 1, 3, 0, 0, 0, 12, 0, 0.8, 0, 0, 0, 0, 0, 0, -20.20038414001465, 0.012495040893554688], [0, 0, 0, 0.2814192771911621, 0, 0, 8, 3, 10, 0, 0, 0, 0, 1, 1, 4, 0, 0, 0, 2, 0, 0.5, 0, 0, 0, 0, 0, 0, -33.77030563354492, 0.0], [0, 0, 0, 0.16987580060958862, 0, 0, 8, 5, 12, 0, 0, 0, 0, 3, 1, 3, 0, 0, 0, 4, 0, 0.5, 0, 0, 0, 0, 0, 0, -24.526206970214844, 0.09002113342285156], [1, 0, 1, 0.15685123205184937, 1, 0, 8, 4, 11, 1, 0, 1, 1, 2, 1, 6, 0, 0, 0, 3, 1, 0.75, 0, 0, 0, 0, 0, 0, -26.331144332885742, 0.42426490783691406], [0, 0, 0, 0.020593881607055664, 0, 0, 8, 13, 20, 0, 0, 0, 0, 11, 1, 1, 0, 0, 0, 12, 0, 0.05, 0, 0, 0, 0, 0, 0, -20.597585678100586, 0.012462615966796875], [0, 0, 0, 0.251595675945282, 0, 0, 8, 3, 10, 0, 0, 0, 0, 1, 1, 4, 0, 0, 0, 2, 0, 0.5, 0, 0, 0, 0, 0, 0, -33.77030563354492, 0.0], [0, 0, 0, 0.354695200920105, 0, 0, 8, 3, 10, 0, 0, 0, 0, 1, 1, 4, 0, 0, 0, 2, 0, 0.5, 0, 0, 0, 0, 0, 0, -33.77030563354492, 0.0], [0, 0, 0, 0.01526835560798645, 0, 0, 8, 8, 15, 0, 0, 0, 0, 6, 1, 4, 0, 0, 0, 7, 0, 0.5, 0, 0, 0, 0, 0, 0, -21.77419090270996, 0.03872489929199219], [0, 0, 0, 0.24684655666351318, 0, 0, 8, 7, 14, 0, 0, 0, 0, 1, 5, 5, 0, 0, 0, 6, 0, 0.75, 0, 0, 0, 0, 0, 0, -38.992027282714844, 0.0], [0, 0, 0, 0.002589881420135498, 0, 0, 8, 11, 18, 0, 0, 0, 0, 9, 1, 3, 0, 0, 0, 10, 0, 0.5, 0, 0, 0, 0, 0, 0, -34.51111602783203, 0.035831451416015625], [0, 0, 0, 0.016113638877868652, 0, 0, 8, 3, 10, 0, 0, 0, 0, 1, 1, 7, 0, 0, 0, 2, 0, 0.8571428571428571, 0, 0, 0, 0, 0, 0, -33.77030563354492, 0.0], [0, 0, 0, 0.008730709552764893, 0, 0, 8, 13, 20, 0, 0, 0, 0, 11, 1, 1, 0, 0, 0, 12, 0, 0.2, 0, 0, 0, 0, 0, 0, -20.556243896484375, 0.0124664306640625], [0, 0, 0, 0.030042558908462524, 0, 0, 8, 4, 11, 0, 0, 0, 0, 1, 2, 5, 0, 0, 0, 3, 0, 0.6666666666666666, 0, 0, 0, 0, 0, 0, -36.336219787597656, 0.0], [0, 0, 0, 0.2285301685333252, 0, 0, 8, 3, 10, 0, 0, 0, 0, 1, 1, 4, 0, 0, 0, 2, 0, 0.5, 0, 0, 0, 0, 0, 0, -33.77030563354492, 0.0], [0, 0, 0, 0.06854641437530518, 0, 0, 8, 13, 20, 0, 0, 0, 0, 11, 1, 1, 0, 0, 0, 12, 0, 0.024539877300613498, 0, 0, 0, 0, 0, 0, -20.275501251220703, 0.01248931884765625], [0, 0, 0, 0.019375741481781006, 0, 0, 8, 13, 20, 0, 0, 0, 0, 11, 1, 4, 0, 0, 0, 12, 0, 0.6666666666666666, 0, 0, 0, 0, 0, 0, -20.3062744140625, 0.012485504150390625], [0, 0, 0, 0.03217768669128418, 0, 0, 8, 13, 20, 0, 0, 0, 0, 11, 1, 2, 0, 0, 0, 12, 0, 0.5, 0, 0, 0, 0, 0, 0, -19.98235321044922, 0.012516021728515625], [0, 0, 0, 0.06354877352714539, 0, 0, 8, 13, 20, 0, 0, 0, 0, 11, 1, 2, 0, 0, 0, 12, 0, 0.25, 0, 0, 0, 0, 0, 0, -20.26210594177246, 0.012491226196289062], [0, 0, 0, 0.3092234432697296, 0, 0, 8, 6, 13, 0, 0, 0, 0, 4, 1, 2, 0, 0, 0, 5, 0, 0.6666666666666666, 0, 0, 0, 0, 0, 0, -39.051918029785156, 0.08806991577148438], [0, 0, 0, 0.2757704555988312, 0, 0, 8, 4, 11, 0, 0, 0, 0, 2, 1, 5, 0, 0, 0, 3, 0, 0.75, 0, 0, 0, 0, 0, 0, -26.41431427001953, 0.4239768981933594], [1, 0, 1, 0.0832948088645935, 0, 1, 8, 8, 15, 1, 0, 1, 0, 3, 3, 5, 0, 0, 0, 7, 0, 0.6666666666666666, 0, 0, 1, 0, 0, 0, -46.31625747680664, 2.832721710205078], [0, 0, 0, 0.08594727516174316, 0, 0, 8, 5, 12, 0, 0, 0, 0, 3, 1, 6, 0, 0, 0, 4, 0, 0.6666666666666666, 0, 0, 0, 0, 0, 0, -24.526206970214844, 0.09002113342285156], [0, 0, 0, 0.02660238742828369, 0, 0, 8, 8, 15, 0, 0, 0, 0, 6, 1, 3, 0, 0, 0, 7, 0, 0.6666666666666666, 0, 0, 0, 0, 0, 0, -21.697446823120117, 0.026195526123046875], [0, 0, 0, 0.10147202014923096, 0, 0, 8, 13, 20, 0, 0, 0, 0, 11, 1, 1, 0, 0, 0, 12, 0, 0.041666666666666664, 0, 0, 0, 0, 0, 0, -26.767826080322266, 0.01397705078125], [0, 0, 0, 0.022598862648010254, 0, 0, 8, 3, 10, 0, 0, 0, 0, 1, 1, 4, 0, 0, 0, 2, 0, 0.8, 0, 0, 0, 0, 0, 0, -33.77030563354492, 0.0], [0, 0, 0, 0.020000338554382324, 0, 0, 8, 7, 14, 0, 0, 0, 0, 5, 1, 2, 0, 0, 0, 6, 0, 0.5, 0, 0, 0, 0, 0, 0, -37.08146286010742, 0.01079559326171875], [0, 0, 0, 0.024958565831184387, 0, 0, 8, 3, 10, 0, 0, 0, 0, 1, 1, 4, 0, 0, 0, 2, 0, 0.6666666666666666, 0, 0, 0, 0, 0, 0, -33.77030563354492, 0.0], [1, 0, 0, 0.022598862648010254, 0, 0, 8, 3, 10, 1, 0, 0, 0, 1, 1, 4, 0, 0, 0, 2, 0, 0.8, 0, 0, 0, 0, 0, 0, -33.77030563354492, 0.0], [0, 0, 0, 0.0071134865283966064, 0, 0, 8, 4, 11, 0, 0, 0, 0, 2, 1, 4, 0, 0, 0, 3, 0, 0.6666666666666666, 0, 0, 0, 0, 0, 0, -26.41431427001953, 0.4239768981933594], [0, 0, 0, 0.04806891083717346, 0, 0, 8, 13, 20, 0, 0, 0, 0, 10, 2, 2, 0, 0, 0, 12, 0, 0.5, 0, 0, 0, 0, 0, 0, -21.292390823364258, 3.037628173828125], [1, 0, 0, 0.022598862648010254, 0, 0, 8, 3, 10, 1, 0, 0, 0, 1, 1, 4, 0, 0, 0, 2, 0, 0.8, 0, 0, 0, 0, 0, 0, -33.77030563354492, 0.0], [0, 0, 0, 0.09292063117027283, 0, 0, 8, 4, 11, 0, 0, 0, 0, 2, 1, 3, 0, 0, 0, 3, 0, 0.3333333333333333, 0, 0, 0, 0, 0, 0, -26.41431427001953, 0.4239768981933594], [0, 0, 0, 0.024988561868667603, 0, 0, 8, 3, 10, 0, 0, 0, 0, 1, 1, 4, 0, 0, 0, 2, 0, 0.5, 0, 0, 0, 0, 0, 0, -33.77030563354492, 0.0], [0, 0, 0, 0.029151082038879395, 0, 0, 8, 3, 10, 0, 0, 0, 0, 1, 1, 4, 0, 0, 0, 2, 0, 0.5, 0, 0, 0, 0, 0, 0, -33.77030563354492, 0.0], [0, 0, 0, 0.022598862648010254, 0, 0, 8, 3, 10, 0, 0, 0, 0, 1, 1, 4, 0, 0, 0, 2, 0, 0.8, 0, 0, 0, 0, 0, 0, -33.77030563354492, 0.0], [0, 0, 0, 0.19638743996620178, 0, 0, 8, 3, 10, 0, 0, 0, 0, 1, 1, 3, 0, 0, 0, 2, 0, 0.6, 0, 0, 0, 0, 0, 0, -33.77030563354492, 0.0], [0, 0, 0, 0.009931772947311401, 0, 0, 8, 13, 20, 0, 0, 0, 0, 11, 1, 1, 0, 0, 0, 12, 0, 0.2, 0, 0, 0, 0, 0, 0, -20.556243896484375, 0.0124664306640625], [0, 0, 0, 0.1239740252494812, 0, 0, 8, 6, 13, 0, 0, 0, 0, 3, 2, 4, 0, 0, 0, 5, 0, 0.6666666666666666, 0, 0, 0, 0, 0, 0, -39.256385803222656, 8.838497161865234], [0, 0, 0, 0.07204151153564453, 0, 0, 8, 4, 11, 0, 0, 0, 0, 2, 1, 3, 0, 0, 0, 3, 0, 0.5, 0, 0, 0, 0, 0, 0, -26.41431427001953, 0.4239768981933594], [0, 0, 0, 0.05590027570724487, 0, 0, 8, 3, 10, 0, 0, 0, 0, 1, 1, 7, 0, 0, 0, 2, 0, 0.75, 0, 0, 0, 0, 0, 0, -33.77030563354492, 0.0], [0, 0, 0, 0.01807272434234619, 0, 0, 8, 4, 11, 0, 0, 0, 0, 2, 1, 6, 0, 0, 0, 3, 0, 0.8571428571428571, 0, 0, 0, 0, 0, 0, -26.41431427001953, 0.4239768981933594], [0, 0, 0, 0.023776888847351074, 0, 0, 8, 6, 13, 0, 0, 0, 0, 4, 1, 4, 0, 0, 0, 5, 0, 0.5, 0, 0, 0, 0, 0, 0, -39.051918029785156, 0.08806991577148438], [0, 0, 0, 0.01226133108139038, 0, 0, 8, 3, 10, 0, 0, 0, 0, 1, 1, 3, 0, 0, 0, 2, 0, 0.5, 0, 0, 0, 0, 0, 0, -33.77030563354492, 0.0], [0, 0, 0, 0.009676039218902588, 0, 0, 8, 3, 10, 0, 0, 0, 0, 1, 1, 2, 0, 0, 0, 2, 0, 0.5, 0, 0, 0, 0, 0, 0, -33.77030563354492, 0.0], [0, 0, 0, 0.02173912525177002, 0, 0, 8, 13, 20, 0, 0, 0, 0, 11, 1, 1, 0, 0, 0, 12, 0, 0.05, 0, 0, 0, 0, 0, 0, -20.597585678100586, 0.012462615966796875], [0, 0, 0, 2.9385089874267578e-05, 0, 0, 8, 4, 11, 0, 0, 0, 0, 2, 1, 2, 0, 0, 0, 3, 0, 0.5, 0, 0, 0, 0, 0, 0, -17.50965690612793, 20.2583065032959], [0, 0, 0, 0.05870002508163452, 0, 0, 8, 8, 15, 0, 0, 0, 0, 6, 1, 4, 0, 0, 0, 7, 0, 0.5, 0, 0, 0, 0, 0, 0, -21.697446823120117, 0.026195526123046875], [0, 0, 0, 0.016004860401153564, 0, 0, 8, 3, 10, 0, 0, 0, 0, 1, 1, 5, 0, 0, 0, 2, 0, 0.5, 0, 0, 0, 0, 0, 0, -33.77030563354492, 0.0], [0, 0, 0, 0.00880509614944458, 0, 0, 8, 5, 12, 0, 0, 0, 0, 3, 1, 1, 0, 0, 0, 4, 0, 0.18181818181818182, 0, 0, 0, 0, 0, 0, -24.526206970214844, 0.09002113342285156], [0, 0, 0, 0.026313841342926025, 0, 0, 8, 13, 20, 0, 0, 0, 0, 11, 1, 1, 0, 0, 0, 12, 0, 0.04, 0, 0, 0, 0, 0, 0, -20.163042068481445, 0.0124969482421875], [0, 0, 0, 0.002159684896469116, 0, 0, 8, 13, 20, 0, 0, 0, 0, 11, 1, 4, 0, 0, 0, 12, 0, 0.5, 0, 0, 0, 0, 0, 0, -20.052244186401367, 0.012508392333984375], [0, 0, 0, 0.033626168966293335, 0, 0, 8, 8, 15, 0, 0, 0, 0, 5, 2, 3, 0, 0, 0, 7, 0, 0.3333333333333333, 0, 0, 0, 0, 0, 0, -37.374149322509766, 6.410152435302734], [0, 0, 0, 0.06250321865081787, 0, 0, 8, 13, 20, 0, 0, 0, 0, 11, 1, 1, 0, 0, 0, 12, 0, 0.5, 0, 0, 0, 0, 0, 0, -20.152807235717773, 0.012498855590820312], [0, 0, 0, 0.010796725749969482, 0, 0, 8, 3, 10, 0, 0, 0, 0, 1, 1, 3, 0, 0, 0, 2, 0, 0.5, 0, 0, 0, 0, 0, 0, -33.77030563354492, 0.0], [0, 0, 0, 0.024099528789520264, 0, 0, 8, 13, 20, 0, 0, 0, 0, 11, 1, 1, 0, 0, 0, 12, 0, 0.05, 0, 0, 0, 0, 0, 0, -20.597585678100586, 0.012462615966796875], [0, 0, 0, 0.20120137929916382, 0, 0, 8, 4, 11, 0, 0, 0, 0, 2, 1, 4, 0, 0, 0, 3, 0, 0.5, 0, 0, 0, 0, 0, 0, -26.41431427001953, 0.4239768981933594], [1, 0, 0, 0.02446615695953369, 0, 0, 8, 13, 20, 1, 0, 0, 0, 11, 1, 2, 0, 0, 0, 12, 0, 0.5, 0, 0, 0, 0, 0, 0, -20.03644561767578, 0.012510299682617188], [0, 0, 0, 0.011750996112823486, 0, 0, 8, 3, 10, 0, 0, 0, 0, 1, 1, 1, 0, 0, 0, 2, 0, 0.16666666666666666, 0, 0, 0, 0, 0, 0, -33.77030563354492, 0.0], [0, 0, 0, 0.013422906398773193, 0, 0, 8, 13, 20, 0, 0, 0, 0, 11, 1, 1, 0, 0, 0, 12, 0, 0.05, 0, 0, 0, 0, 0, 0, -20.597585678100586, 0.012462615966796875], [0, 0, 0, 0.2934682369232178, 0, 0, 8, 6, 13, 0, 0, 0, 0, 3, 2, 4, 0, 0, 0, 5, 0, 0.5, 0, 0, 0, 0, 0, 0, -39.196861267089844, 5.796039581298828], [0, 0, 0, 0.04304921627044678, 0, 0, 8, 11, 18, 0, 0, 0, 0, 9, 1, 4, 0, 0, 0, 10, 0, 0.5, 0, 0, 0, 0, 0, 0, -34.51111602783203, 0.035831451416015625], [0, 0, 0, 0.006118595600128174, 0, 0, 8, 3, 10, 0, 0, 0, 0, 1, 1, 5, 0, 0, 0, 2, 0, 0.6, 0, 0, 0, 0, 0, 0, -33.77030563354492, 0.0], [0, 0, 0, 0.16940933465957642, 0, 0, 8, 3, 10, 0, 0, 0, 0, 1, 1, 5, 0, 0, 0, 2, 0, 0.6666666666666666, 0, 0, 0, 0, 0, 0, -33.77030563354492, 0.0], [1, 0, 1, 0.011590003967285156, 1, 0, 4, 8, 11, 1, 0, 1, 1, 5, 2, 3, 0, 0, 0, 7, 1, 0.8, 0, 0, 0, 0, 0, 0, -23.1339111328125, 5.546819686889648], [1, 0, 1, 0.07928940653800964, 0, 0, 8, 9, 16, 1, 0, 1, 1, 6, 2, 2, 0, 0, 0, 8, 0, 0.5, 0, 0, 0, 0, 0, 0, -22.503910064697266, 4.76556396484375], [0, 0, 0, 0.03149646520614624, 0, 0, 8, 7, 14, 0, 0, 0, 0, 5, 1, 4, 0, 0, 0, 6, 0, 0.5, 0, 0, 0, 0, 0, 0, -22.360370635986328, 0.034664154052734375], [0, 0, 0, 0.06235790252685547, 0, 0, 8, 13, 20, 0, 0, 0, 0, 11, 1, 1, 0, 0, 0, 12, 0, 0.024539877300613498, 0, 0, 0, 0, 0, 0, -20.275501251220703, 0.01248931884765625], [0, 0, 0, 0.007128417491912842, 0, 0, 7, 10, 16, 0, 0, 0, 0, 3, 4, 4, 0, 0, 0, 9, 0, 0.6666666666666666, 0, 0, 0, 0, 0, 0, -51.22210693359375, 2.034709930419922], [1, 0, 1, 0.0, 1, 1, 8, 8, 15, 1, 0, 1, 1, 2, 5, 6, 0, 0, 0, 7, 1, 0.75, 0, 0, 1, 0, 0, 0, -35.86559295654297, 15.258880615234375], [0, 0, 0, 0.0001285076141357422, 0, 0, 8, 13, 20, 0, 0, 1, 0, 11, 1, 1, 0, 0, 0, 12, 0, 0.024539877300613498, 0, 0, 0, 0, 0, 0, -20.019628524780273, 0.012508392333984375], [0, 0, 0, 0.022598862648010254, 0, 0, 8, 4, 11, 0, 0, 0, 0, 1, 2, 4, 0, 0, 0, 3, 0, 0.8, 0, 0, 0, 0, 0, 0, -36.336219787597656, 0.0], [0, 0, 0, 0.022198796272277832, 0, 0, 8, 5, 12, 0, 0, 0, 0, 3, 1, 4, 0, 0, 0, 4, 0, 0.5, 0, 0, 0, 0, 0, 0, -24.526206970214844, 0.09002113342285156], [0, 0, 0, 0.02493494749069214, 0, 0, 8, 3, 10, 0, 0, 0, 0, 1, 1, 4, 0, 0, 0, 2, 0, 0.5, 0, 0, 0, 0, 0, 0, -33.77030563354492, 0.0], [0, 0, 0, 0.0542411208152771, 0, 0, 8, 3, 10, 0, 0, 0, 0, 1, 1, 4, 0, 0, 0, 2, 0, 0.5, 0, 0, 0, 0, 0, 0, -33.77030563354492, 0.0], [0, 0, 0, 0.09940707683563232, 0, 0, 8, 3, 10, 0, 0, 0, 0, 1, 1, 2, 0, 0, 0, 2, 0, 0.5, 0, 0, 0, 0, 0, 0, -33.77030563354492, 0.0], [0, 0, 0, 0.03723922371864319, 0, 0, 8, 9, 16, 0, 0, 1, 0, 7, 1, 2, 0, 0, 0, 8, 0, 0.5, 0, 0, 0, 0, 0, 0, -21.158533096313477, 0.02124786376953125], [1, 0, 0, 0.045161545276641846, 0, 0, 8, 5, 12, 1, 0, 1, 0, 3, 1, 6, 0, 0, 0, 4, 1, 0.8, 0, 0, 0, 0, 0, 0, -24.463720321655273, 0.09012031555175781], [0, 0, 0, 0.02955913543701172, 0, 0, 8, 13, 20, 0, 0, 0, 0, 11, 1, 1, 0, 0, 0, 12, 0, 0.1111111111111111, 0, 0, 0, 0, 0, 0, -20.328527450561523, 0.012483596801757812], [0, 0, 0, 0.0743003785610199, 0, 0, 8, 13, 20, 0, 0, 0, 0, 11, 1, 3, 0, 0, 0, 12, 0, 0.6666666666666666, 0, 0, 0, 0, 0, 0, -20.353927612304688, 0.012477874755859375], [0, 0, 0, 0.03845462203025818, 0, 0, 8, 13, 20, 0, 0, 0, 0, 10, 2, 2, 0, 0, 0, 12, 0, 0.5, 0, 0, 0, 0, 0, 0, -21.17241859436035, 3.0341358184814453], [0, 0, 0, 0.012297481298446655, 0, 0, 8, 13, 20, 0, 0, 0, 0, 11, 1, 3, 0, 0, 0, 12, 0, 0.5555555555555556, 0, 0, 0, 0, 0, 0, -20.03644561767578, 0.012510299682617188], [0, 0, 0, 0.016446053981781006, 0, 0, 8, 3, 10, 0, 0, 0, 0, 1, 1, 5, 0, 0, 0, 2, 0, 0.5, 0, 0, 0, 0, 0, 0, -33.77030563354492, 0.0], [0, 0, 0, 0.0281832218170166, 0, 0, 8, 4, 11, 0, 0, 0, 0, 2, 1, 7, 0, 0, 0, 3, 0, 0.5, 0, 0, 0, 0, 0, 0, -17.50965690612793, 20.2583065032959], [0, 0, 0, 0.02114725112915039, 0, 0, 8, 13, 20, 0, 0, 0, 0, 8, 4, 4, 0, 0, 0, 12, 0, 0.6666666666666666, 0, 0, 0, 0, 0, 0, -22.97615623474121, 4.781194686889648], [0, 0, 0, 0.018282324075698853, 0, 0, 8, 13, 20, 0, 0, 0, 0, 10, 2, 1, 0, 0, 0, 12, 0, 0.05, 0, 0, 0, 0, 0, 0, -21.784448623657227, 3.0473461151123047], [0, 0, 0, 0.23746341466903687, 0, 0, 8, 3, 10, 0, 0, 0, 0, 1, 1, 5, 0, 0, 0, 2, 0, 0.5, 0, 0, 0, 0, 0, 0, -33.77030563354492, 0.0], [1, 0, 0, 0.0932425856590271, 0, 0, 8, 13, 20, 1, 0, 1, 0, 6, 5, 1, 0, 0, 0, 12, 0, 0.5, 0, 0, 0, 0, 0, 0, -28.81585121154785, 1.1412086486816406], [0, 0, 0, 0.007859468460083008, 0, 0, 8, 13, 20, 0, 0, 0, 0, 11, 1, 1, 0, 0, 0, 12, 0, 0.024539877300613498, 0, 0, 0, 0, 0, 0, -20.233064651489258, 0.01248931884765625], [0, 0, 0, 0.07131624221801758, 0, 0, 8, 3, 10, 0, 0, 0, 0, 1, 1, 3, 0, 0, 0, 2, 0, 0.5, 0, 0, 0, 0, 0, 0, -33.77030563354492, 0.0], [0, 0, 0, 0.11852443218231201, 0, 0, 8, 4, 11, 0, 0, 0, 0, 2, 1, 5, 0, 0, 0, 3, 0, 0.6666666666666666, 0, 0, 0, 0, 0, 0, -26.41431427001953, 0.4239768981933594], [0, 0, 0, 0.0023287534713745117, 0, 0, 8, 6, 13, 0, 0, 0, 0, 1, 4, 4, 0, 0, 0, 5, 0, 0.75, 0, 0, 0, 0, 0, 0, -39.642913818359375, 0.0], [0, 0, 0, 0.498493492603302, 0, 0, 8, 3, 10, 0, 0, 0, 0, 1, 1, 2, 0, 0, 0, 2, 0, 0.5, 0, 0, 0, 0, 0, 0, -33.77030563354492, 0.0], [0, 0, 0, 0.016163021326065063, 0, 0, 8, 13, 20, 0, 0, 0, 0, 11, 1, 1, 0, 0, 0, 12, 0, 0.05, 0, 0, 0, 0, 0, 0, -20.597585678100586, 0.012462615966796875], [1, 0, 0, 0.1362675428390503, 0, 0, 8, 13, 20, 1, 0, 1, 0, 6, 3, 1, 0, 0, 0, 12, 0, 0.5, 0, 0, 0, 0, 0, 0, -32.625205993652344, 4.57763671875e-05], [1, 0, 1, 0.15447020530700684, 0, 1, 6, 3, 8, 1, 0, 0, 0, 1, 1, 5, 0, 0, 0, 2, 0, 0.6666666666666666, 0, 0, 1, 0, 0, 0, -26.607397079467773, 16.758657455444336], [0, 0, 0, 0.06947249174118042, 0, 0, 8, 13, 20, 0, 0, 0, 0, 11, 1, 2, 0, 0, 0, 12, 0, 0.5, 0, 0, 0, 0, 0, 0, -20.067140579223633, 0.012506484985351562], [0, 0, 0, 0.02279171347618103, 0, 0, 8, 3, 10, 0, 0, 0, 0, 1, 1, 3, 0, 0, 0, 2, 0, 0.5, 0, 0, 0, 0, 0, 0, -33.77030563354492, 0.0], [0, 0, 0, 0.00016382336616516113, 0, 0, 8, 13, 20, 0, 0, 0, 0, 11, 1, 5, 0, 0, 0, 12, 0, 0.75, 0, 0, 0, 0, 0, 0, -20.03644561767578, 0.012510299682617188], [0, 0, 0, 0.005301833152770996, 0, 0, 8, 3, 10, 0, 0, 0, 0, 1, 1, 4, 0, 0, 0, 2, 0, 0.5, 0, 0, 0, 0, 0, 0, -33.77030563354492, 0.0], [0, 0, 0, 0.04103273153305054, 0, 0, 8, 4, 11, 0, 0, 0, 0, 2, 1, 3, 0, 0, 0, 3, 0, 0.6666666666666666, 0, 0, 0, 0, 0, 0, -26.41431427001953, 0.4239768981933594], [0, 0, 0, 0.0023716390132904053, 0, 0, 8, 3, 10, 0, 0, 0, 0, 1, 1, 4, 0, 0, 0, 2, 0, 0.5, 0, 0, 0, 0, 0, 0, -33.77030563354492, 0.0], [0, 0, 0, 0.008632063865661621, 0, 0, 8, 3, 10, 0, 0, 0, 0, 1, 1, 5, 0, 0, 0, 2, 0, 0.6666666666666666, 0, 0, 0, 0, 0, 0, -33.77030563354492, 0.0], [0, 0, 0, 0.060728758573532104, 0, 0, 8, 13, 20, 0, 0, 0, 0, 10, 2, 2, 0, 0, 0, 12, 0, 0.6666666666666666, 0, 0, 0, 0, 0, 0, -21.371841430664062, 3.0314407348632812], [0, 0, 0, 0.17415744066238403, 0, 0, 8, 7, 14, 0, 0, 0, 0, 5, 1, 6, 0, 0, 0, 6, 0, 0.5, 0, 0, 0, 0, 0, 0, -37.08146286010742, 0.01079559326171875], [0, 0, 0, 0.030252397060394287, 0, 0, 8, 13, 20, 0, 0, 0, 0, 9, 2, 1, 0, 0, 0, 12, 0, 0.04, 0, 0, 0, 0, 0, 0, -25.55760955810547, 0.1833953857421875], [0, 0, 0, 0.026659488677978516, 0, 0, 8, 8, 15, 0, 0, 1, 0, 6, 1, 1, 0, 0, 0, 7, 0, 0.17391304347826086, 0, 0, 0, 0, 0, 0, -21.661760330200195, 0.0261993408203125], [0, 0, 0, 0.044147998094558716, 0, 0, 8, 4, 11, 0, 0, 0, 0, 2, 1, 5, 0, 0, 0, 3, 0, 0.5, 0, 0, 0, 0, 0, 0, -26.41431427001953, 0.4239768981933594], [1, 0, 1, 0.04774129390716553, 1, 0, 8, 6, 13, 1, 0, 1, 1, 4, 1, 2, 0, 0, 0, 5, 1, 0.5, 0, 0, 0, 0, 0, 0, -38.85139846801758, 0.004627227783203125], [0, 0, 0, 0.018036603927612305, 0, 0, 8, 13, 20, 0, 0, 0, 0, 11, 1, 2, 0, 0, 0, 12, 0, 0.5, 0, 0, 0, 0, 0, 0, -20.03644561767578, 0.012510299682617188], [1, 0, 0, 0.008806705474853516, 0, 0, 8, 12, 19, 1, 0, 0, 0, 9, 2, 5, 0, 0, 0, 11, 0, 0.6, 0, 0, 0, 0, 0, 0, -27.20859146118164, 2.9511585235595703], [0, 0, 0, 0.05992749333381653, 0, 0, 8, 13, 20, 0, 0, 0, 0, 10, 2, 6, 0, 0, 0, 12, 0, 0.5, 0, 0, 0, 0, 0, 0, -21.271472930908203, 3.033611297607422], [0, 0, 0, 0.008424550294876099, 0, 0, 8, 8, 15, 0, 0, 0, 0, 6, 1, 5, 0, 0, 0, 7, 0, 0.5, 0, 0, 0, 0, 0, 0, -21.697446823120117, 0.026195526123046875], [0, 0, 0, 0.012261271476745605, 0, 0, 8, 3, 10, 0, 0, 0, 0, 1, 1, 3, 0, 0, 0, 2, 0, 0.5, 0, 0, 0, 0, 0, 0, -33.77030563354492, 0.0], [0, 0, 0, 0.05434808135032654, 0, 0, 8, 9, 16, 0, 0, 0, 0, 6, 2, 4, 0, 0, 0, 8, 0, 0.5, 0, 0, 0, 0, 0, 0, -22.62481117248535, 4.768747329711914], [0, 0, 1, 0.04807618260383606, 0, 0, 8, 5, 12, 0, 0, 1, 1, 2, 2, 4, 0, 0, 0, 4, 0, 0.5, 0, 0, 0, 0, 0, 0, -25.57879638671875, 15.156429290771484], [0, 0, 0, 0.22475796937942505, 0, 0, 8, 5, 12, 0, 0, 0, 0, 3, 1, 4, 0, 0, 0, 4, 0, 0.5, 0, 0, 0, 0, 0, 0, -24.526206970214844, 0.09002113342285156], [1, 0, 1, 0.017022252082824707, 1, 0, 8, 6, 13, 1, 0, 1, 1, 2, 3, 7, 0, 0, 0, 5, 1, 0.8571428571428571, 0, 0, 0, 0, 0, 0, -39.540531158447266, 11.823131561279297], [0, 0, 0, 0.030445754528045654, 0, 0, 8, 3, 10, 0, 0, 0, 0, 1, 1, 4, 0, 0, 0, 2, 0, 0.5, 0, 0, 0, 0, 0, 0, -33.77030563354492, 0.0], [0, 0, 0, 0.06209772825241089, 0, 0, 8, 3, 10, 0, 0, 0, 0, 1, 1, 4, 0, 0, 0, 2, 0, 0.5, 0, 0, 0, 0, 0, 0, -33.77030563354492, 0.0], [0, 0, 0, 0.008250504732131958, 0, 0, 8, 13, 20, 0, 0, 0, 0, 11, 1, 1, 0, 0, 0, 12, 0, 0.2, 0, 0, 0, 0, 0, 0, -20.556243896484375, 0.0124664306640625], [0, 0, 0, 0.22696638107299805, 0, 0, 8, 13, 20, 0, 0, 0, 0, 11, 1, 2, 0, 0, 0, 12, 0, 0.75, 0, 0, 0, 0, 0, 0, -20.019628524780273, 0.012508392333984375], [0, 0, 0, 0.009237587451934814, 0, 0, 8, 6, 13, 0, 0, 0, 0, 4, 1, 3, 0, 0, 0, 5, 0, 0.5, 0, 0, 0, 0, 0, 0, -39.051918029785156, 0.08806991577148438], [0, 0, 0, 0.016163021326065063, 0, 0, 8, 13, 20, 0, 0, 0, 0, 10, 2, 1, 0, 0, 0, 12, 0, 0.05, 0, 0, 0, 0, 0, 0, -21.590770721435547, 3.0479965209960938], [0, 0, 0, 0.03692558407783508, 0, 0, 8, 13, 20, 0, 0, 0, 0, 11, 1, 2, 0, 0, 0, 12, 0, 0.3333333333333333, 0, 0, 0, 0, 0, 0, -20.001657485961914, 0.012508392333984375], [1, 0, 0, 0.053595900535583496, 1, 0, 8, 13, 20, 1, 0, 1, 0, 8, 2, 3, 0, 0, 0, 12, 1, 0.6666666666666666, 0, 0, 0, 0, 0, 0, -29.526262283325195, 0.05096626281738281], [0, 0, 0, 0.004019260406494141, 0, 0, 8, 13, 20, 0, 0, 0, 0, 10, 2, 6, 0, 0, 0, 12, 0, 0.6666666666666666, 0, 0, 0, 0, 0, 0, -26.876365661621094, 2.808990478515625], [1, 0, 0, 0.04448029398918152, 0, 0, 8, 9, 16, 1, 0, 1, 0, 7, 1, 3, 0, 0, 0, 8, 0, 0.5, 0, 0, 0, 0, 0, 0, -21.158533096313477, 0.02124786376953125], [0, 0, 0, 0.01370251178741455, 0, 0, 8, 6, 13, 0, 0, 0, 0, 4, 1, 4, 0, 0, 0, 5, 0, 0.5, 0, 0, 0, 0, 0, 0, -43.421897888183594, 0.13405227661132812], [0, 0, 0, 0.06741231679916382, 0, 0, 8, 13, 20, 0, 0, 0, 0, 9, 2, 4, 0, 0, 0, 12, 0, 0.6666666666666666, 0, 0, 0, 0, 0, 0, -25.24740219116211, 0.052501678466796875], [1, 0, 0, 0.08993250131607056, 0, 0, 8, 13, 20, 1, 0, 1, 0, 6, 5, 1, 0, 0, 0, 12, 0, 0.5, 0, 0, 0, 0, 0, 0, -28.972314834594727, 1.1343517303466797], [0, 0, 0, 0.022598862648010254, 0, 0, 8, 3, 10, 0, 0, 0, 0, 1, 1, 4, 0, 0, 0, 2, 0, 0.8, 0, 0, 0, 0, 0, 0, -33.77030563354492, 0.0], [0, 0, 0, 0.013422906398773193, 0, 0, 8, 13, 20, 0, 0, 0, 0, 11, 1, 1, 0, 0, 0, 12, 0, 0.05, 0, 0, 0, 0, 0, 0, -20.597585678100586, 0.012462615966796875], [0, 0, 0, 0.002979874610900879, 0, 0, 8, 3, 10, 0, 0, 0, 0, 1, 1, 4, 0, 0, 0, 2, 0, 0.5, 0, 0, 0, 0, 0, 0, -33.77030563354492, 0.0], [0, 0, 0, 0.0013093352317810059, 0, 0, 8, 13, 20, 0, 0, 0, 0, 11, 1, 2, 0, 0, 0, 12, 0, 0.5, 0, 0, 0, 0, 0, 0, -20.22526741027832, 0.012491226196289062], [0, 0, 0, 0.13019755482673645, 0, 0, 8, 13, 20, 0, 0, 0, 0, 10, 2, 3, 0, 0, 0, 12, 0, 0.6666666666666666, 0, 0, 0, 0, 0, 0, -27.38775634765625, 2.6885337829589844], [0, 0, 0, 0.022688329219818115, 0, 0, 8, 13, 20, 0, 0, 0, 0, 11, 1, 1, 0, 0, 0, 12, 0, 0.05, 0, 0, 0, 0, 0, 0, -20.597585678100586, 0.012462615966796875], [0, 0, 0, 0.00930851697921753, 0, 0, 8, 13, 20, 0, 0, 0, 0, 11, 1, 3, 0, 0, 0, 12, 0, 0.5, 0, 0, 0, 0, 0, 0, -20.067140579223633, 0.012506484985351562], [0, 0, 0, 0.07148265838623047, 0, 0, 8, 6, 13, 0, 0, 0, 0, 4, 1, 7, 0, 0, 0, 5, 0, 0.8571428571428571, 0, 0, 0, 0, 0, 0, -39.051918029785156, 0.08806991577148438], [0, 0, 0, 0.010106146335601807, 0, 0, 8, 13, 20, 0, 0, 0, 0, 9, 3, 1, 0, 0, 0, 12, 0, 0.04, 0, 0, 0, 0, 0, 0, -22.065523147583008, 3.886686325073242], [0, 0, 0, 0.09405511617660522, 0, 0, 8, 4, 11, 0, 0, 0, 0, 2, 1, 3, 0, 0, 0, 3, 0, 0.5, 0, 0, 0, 0, 0, 0, -26.41431427001953, 0.4239768981933594], [0, 0, 0, 0.0032900869846343994, 0, 0, 8, 13, 20, 0, 0, 0, 0, 10, 2, 3, 0, 0, 0, 12, 0, 0.5, 0, 0, 0, 0, 0, 0, -21.133882522583008, 3.029111862182617], [0, 0, 0, 0.12244996428489685, 0, 0, 8, 3, 10, 0, 0, 0, 0, 1, 1, 4, 0, 0, 0, 2, 0, 0.6666666666666666, 0, 0, 0, 0, 0, 0, -33.77030563354492, 0.0], [0, 0, 0, 0.019976675510406494, 0, 0, 8, 13, 20, 0, 0, 0, 0, 8, 3, 4, 0, 0, 0, 12, 0, 0.6666666666666666, 0, 0, 0, 0, 0, 0, -27.126218795776367, 0.27825164794921875], [0, 0, 0, 0.051699548959732056, 0, 1, 8, 10, 17, 0, 0, 0, 0, 8, 1, 4, 0, 0, 0, 9, 0, 0.6666666666666666, 0, 0, 1, 0, 0, 0, -36.31867599487305, 0.008480072021484375], [0, 0, 0, 0.12960410118103027, 0, 0, 8, 3, 10, 0, 0, 0, 0, 1, 1, 5, 0, 0, 0, 2, 0, 0.5, 0, 0, 0, 0, 0, 0, -33.77030563354492, 0.0], [1, 0, 1, 0.0026102066040039062, 1, 0, 8, 4, 11, 1, 0, 1, 1, 2, 1, 4, 0, 0, 0, 3, 1, 0.8, 0, 0, 0, 0, 0, 0, -26.331144332885742, 0.42426490783691406], [0, 0, 0, 0.2256644368171692, 0, 0, 8, 3, 10, 0, 0, 0, 0, 1, 1, 3, 0, 0, 0, 2, 0, 0.5, 0, 0, 0, 0, 0, 0, -33.77030563354492, 0.0], [0, 0, 0, 0.08593600988388062, 0, 0, 8, 13, 20, 0, 0, 0, 0, 11, 1, 4, 0, 0, 0, 12, 0, 0.6666666666666666, 0, 0, 0, 0, 0, 0, -20.353927612304688, 0.012477874755859375], [0, 0, 0, 0.04662632942199707, 0, 0, 8, 13, 20, 0, 0, 0, 0, 10, 2, 1, 0, 0, 0, 12, 0, 0.1111111111111111, 0, 0, 0, 0, 0, 0, -21.32122230529785, 3.0358943939208984], [0, 0, 0, 0.023718178272247314, 0, 0, 8, 13, 20, 0, 0, 0, 0, 11, 1, 3, 0, 0, 0, 12, 0, 0.5, 0, 0, 0, 0, 0, 0, -20.067140579223633, 0.012506484985351562], [0, 0, 0, 0.09281802177429199, 0, 0, 8, 10, 17, 0, 0, 0, 0, 8, 1, 3, 0, 0, 0, 9, 0, 0.6666666666666666, 0, 0, 0, 0, 0, 0, -39.4763298034668, 0.01038360595703125], [0, 0, 0, 0.004969596862792969, 0, 0, 8, 13, 20, 0, 0, 0, 0, 11, 1, 1, 0, 0, 0, 12, 0, 0.007633587786259542, 0, 0, 0, 0, 0, 0, -20.381471633911133, 0.012483596801757812], [0, 0, 0, 0.059478938579559326, 0, 0, 8, 13, 20, 0, 0, 0, 0, 11, 1, 3, 0, 0, 0, 12, 0, 0.5, 0, 0, 0, 0, 0, 0, -20.20038414001465, 0.012495040893554688], [0, 0, 0, 0.1511669158935547, 0, 0, 8, 3, 10, 0, 0, 0, 0, 1, 1, 3, 0, 0, 0, 2, 0, 0.5, 0, 0, 0, 0, 0, 0, -33.77030563354492, 0.0], [0, 0, 0, 0.07681438326835632, 0, 0, 8, 4, 11, 0, 0, 0, 0, 2, 1, 3, 0, 0, 0, 3, 0, 0.5, 0, 0, 0, 0, 0, 0, -26.41431427001953, 0.4239768981933594], [0, 0, 0, 0.10855764150619507, 0, 0, 8, 5, 12, 0, 0, 0, 0, 3, 1, 6, 0, 0, 0, 4, 0, 0.75, 0, 0, 0, 0, 0, 0, -24.526206970214844, 0.09002113342285156], [0, 0, 0, 0.027501463890075684, 0, 0, 8, 8, 15, 0, 1, 0, 0, 5, 2, 4, 0, 0, 0, 7, 0, 0.5, 0, 0, 0, 0, 0, 0, -23.212881088256836, 5.555450439453125], [0, 0, 0, 0.018778309226036072, 0, 0, 8, 3, 10, 0, 0, 0, 0, 1, 1, 5, 0, 0, 0, 2, 0, 0.75, 0, 0, 0, 0, 0, 0, -33.77030563354492, 0.0], [1, 0, 0, 0.016143798828125, 0, 0, 8, 3, 10, 1, 0, 0, 0, 1, 1, 6, 0, 0, 0, 2, 0, 0.5, 0, 0, 0, 0, 0, 0, -33.77030563354492, 0.0], [0, 0, 0, 0.1601341962814331, 0, 0, 8, 6, 13, 0, 0, 0, 0, 4, 1, 5, 0, 0, 0, 5, 0, 0.6666666666666666, 0, 0, 0, 0, 0, 0, -38.90766143798828, 0.004573822021484375], [0, 0, 0, 0.043271273374557495, 0, 0, 8, 7, 14, 0, 0, 0, 0, 5, 1, 3, 0, 0, 0, 6, 0, 0.5, 0, 0, 0, 0, 0, 0, -22.360370635986328, 0.034664154052734375], [0, 0, 0, 0.03195852041244507, 0, 0, 8, 11, 18, 0, 0, 0, 0, 9, 1, 5, 0, 0, 0, 10, 0, 0.5, 0, 0, 0, 0, 0, 0, -34.51111602783203, 0.035831451416015625], [0, 0, 0, 0.044283270835876465, 0, 0, 8, 13, 20, 0, 0, 0, 0, 11, 1, 3, 0, 0, 0, 12, 0, 0.6666666666666666, 0, 0, 0, 0, 0, 0, -19.98235321044922, 0.012516021728515625], [1, 0, 0, 0.011634349822998047, 1, 0, 8, 13, 20, 1, 0, 1, 0, 11, 1, 4, 0, 0, 0, 12, 1, 0.6666666666666666, 0, 0, 0, 0, 0, 0, -20.3062744140625, 0.012485504150390625], [0, 0, 0, 0.13719850778579712, 0, 0, 8, 13, 20, 0, 0, 0, 0, 11, 1, 3, 0, 0, 0, 12, 0, 0.6666666666666666, 0, 0, 0, 0, 0, 0, -21.43258285522461, 7.929731369018555], [0, 0, 0, 0.11528033018112183, 0, 0, 8, 3, 10, 0, 0, 0, 0, 1, 1, 3, 0, 0, 0, 2, 0, 0.5, 0, 0, 0, 0, 0, 0, -33.77030563354492, 0.0], [0, 0, 0, 0.12378460168838501, 0, 0, 8, 4, 11, 0, 0, 0, 0, 1, 2, 5, 0, 0, 0, 3, 0, 0.6666666666666666, 0, 0, 0, 0, 0, 0, -31.28008460998535, 0.0], [0, 0, 0, 0.01362079381942749, 0, 0, 8, 3, 10, 0, 0, 0, 0, 1, 1, 4, 0, 0, 0, 2, 0, 0.6666666666666666, 0, 0, 0, 0, 0, 0, -33.77030563354492, 0.0], [0, 0, 0, 0.04431164264678955, 0, 0, 8, 3, 10, 0, 0, 0, 0, 1, 1, 4, 0, 0, 0, 2, 0, 0.6666666666666666, 0, 0, 0, 0, 0, 0, -33.77030563354492, 0.0], [0, 0, 0, 0.125200092792511, 0, 0, 8, 3, 10, 0, 0, 0, 0, 1, 1, 5, 0, 0, 0, 2, 0, 0.6666666666666666, 0, 0, 0, 0, 0, 0, -33.77030563354492, 0.0], [0, 0, 0, 0.0006237030029296875, 0, 0, 8, 13, 20, 0, 0, 1, 0, 10, 2, 3, 0, 0, 0, 12, 0, 0.5, 0, 0, 0, 0, 0, 0, -21.209857940673828, 3.0340728759765625], [0, 0, 0, 0.0074867308139801025, 0, 0, 8, 7, 14, 0, 0, 0, 0, 5, 1, 4, 0, 0, 0, 6, 0, 0.5, 0, 0, 0, 0, 0, 0, -22.360370635986328, 0.034664154052734375], [0, 0, 0, 0.03111317753791809, 0, 0, 8, 4, 11, 0, 0, 0, 0, 2, 1, 5, 0, 0, 0, 3, 0, 0.6666666666666666, 0, 0, 0, 0, 0, 0, -26.41431427001953, 0.4239768981933594], [0, 0, 0, 0.1851309835910797, 0, 0, 8, 3, 10, 0, 0, 0, 0, 1, 1, 2, 0, 0, 0, 2, 0, 0.5, 0, 0, 0, 0, 0, 0, -33.77030563354492, 0.0], [0, 0, 0, 0.17786869406700134, 0, 0, 8, 3, 10, 0, 0, 0, 0, 1, 1, 4, 0, 0, 0, 2, 0, 0.6, 0, 0, 0, 0, 0, 0, -33.77030563354492, 0.0], [0, 0, 1, 0.006468534469604492, 0, 0, 8, 8, 15, 0, 0, 1, 1, 4, 3, 1, 0, 0, 0, 7, 0, 0.041666666666666664, 0, 0, 0, 0, 0, 0, -37.310150146484375, 6.877658843994141], [0, 0, 0, 0.054162442684173584, 0, 1, 8, 8, 15, 0, 0, 1, 0, 3, 3, 4, 0, 0, 0, 7, 0, 0.5, 0, 0, 1, 0, 0, 0, -45.427608489990234, 5.658626556396484], [0, 0, 0, 0.07064163684844971, 0, 0, 8, 6, 13, 0, 0, 0, 0, 4, 1, 2, 0, 0, 0, 5, 0, 0.5, 0, 0, 0, 0, 0, 0, -23.257408142089844, 0.05104255676269531], [0, 0, 0, 0.013690918684005737, 0, 0, 8, 13, 20, 0, 0, 0, 0, 11, 1, 1, 0, 0, 0, 12, 0, 0.05, 0, 0, 0, 0, 0, 0, -20.597585678100586, 0.012462615966796875], [0, 0, 0, 0.01995709538459778, 0, 0, 8, 13, 20, 0, 0, 0, 0, 11, 1, 1, 0, 0, 0, 12, 0, 0.05, 0, 0, 0, 0, 0, 0, -20.597585678100586, 0.012462615966796875], [0, 0, 0, 0.006251633167266846, 0, 0, 8, 13, 20, 0, 0, 0, 0, 9, 2, 3, 0, 0, 0, 12, 0, 0.6666666666666666, 0, 0, 0, 0, 0, 0, -25.399314880371094, 0.077728271484375], [0, 0, 0, 0.03621211647987366, 0, 0, 8, 6, 13, 0, 0, 0, 0, 4, 1, 4, 0, 0, 0, 5, 0, 0.5, 0, 0, 0, 0, 0, 0, -39.051918029785156, 0.08806991577148438], [0, 0, 0, 0.02605229616165161, 0, 0, 8, 13, 20, 0, 0, 0, 0, 6, 4, 4, 0, 0, 0, 12, 0, 0.6666666666666666, 0, 0, 0, 0, 0, 0, -31.889892578125, 1.0172958374023438], [0, 0, 0, 0.0043097734451293945, 0, 0, 8, 3, 10, 0, 0, 0, 0, 1, 1, 3, 0, 0, 0, 2, 0, 0.5, 0, 0, 0, 0, 0, 0, -33.77030563354492, 0.0], [0, 0, 0, 0.011045217514038086, 0, 0, 8, 3, 10, 0, 0, 0, 0, 1, 1, 2, 0, 0, 0, 2, 0, 0.5, 0, 0, 0, 0, 0, 0, -33.77030563354492, 0.0], [0, 0, 0, 0.4471195340156555, 0, 0, 8, 3, 10, 0, 0, 0, 0, 1, 1, 5, 0, 0, 0, 2, 0, 0.5, 0, 0, 0, 0, 0, 0, -33.77030563354492, 0.0], [0, 0, 0, 0.01473960280418396, 0, 0, 8, 4, 11, 0, 0, 0, 0, 2, 1, 3, 0, 0, 0, 3, 0, 0.5, 0, 0, 0, 0, 0, 0, -26.41431427001953, 0.4239768981933594], [0, 0, 0, 0.09190213680267334, 0, 0, 8, 3, 10, 0, 0, 0, 0, 1, 1, 4, 0, 0, 0, 2, 0, 0.5, 0, 0, 0, 0, 0, 0, -33.77030563354492, 0.0], [0, 0, 0, 0.011804938316345215, 0, 0, 8, 13, 20, 0, 0, 0, 0, 11, 1, 1, 0, 0, 0, 12, 0, 0.2, 0, 0, 0, 0, 0, 0, -20.556243896484375, 0.0124664306640625], [0, 0, 0, 0.19316592812538147, 0, 0, 8, 3, 10, 0, 0, 0, 0, 1, 1, 3, 0, 0, 0, 2, 0, 0.5, 0, 0, 0, 0, 0, 0, -33.77030563354492, 0.0], [0, 0, 0, 0.08486330509185791, 0, 0, 8, 13, 20, 0, 0, 0, 0, 9, 2, 4, 0, 0, 0, 12, 0, 0.6666666666666666, 0, 0, 0, 0, 0, 0, -25.796022415161133, 0.12076568603515625], [0, 0, 0, 0.04822307825088501, 0, 0, 8, 8, 15, 0, 0, 0, 0, 6, 1, 4, 0, 0, 0, 7, 0, 0.5, 0, 0, 0, 0, 0, 0, -21.697446823120117, 0.026195526123046875], [0, 0, 0, 0.13875305652618408, 0, 0, 8, 3, 10, 0, 0, 0, 0, 1, 1, 5, 0, 0, 0, 2, 0, 0.5, 0, 0, 0, 0, 0, 0, -33.77030563354492, 0.0], [0, 0, 0, 0.17100268602371216, 0, 0, 8, 13, 20, 0, 0, 0, 0, 5, 4, 1, 0, 0, 0, 12, 0, 0.5, 0, 0, 0, 0, 0, 0, -33.895172119140625, 0.47620391845703125], [0, 0, 0, 0.016556769609451294, 0, 0, 8, 13, 20, 0, 0, 0, 0, 11, 1, 1, 0, 0, 0, 12, 0, 0.2, 0, 0, 0, 0, 0, 0, -20.556243896484375, 0.0124664306640625], [0, 0, 0, 0.008017539978027344, 0, 0, 8, 8, 15, 0, 0, 0, 0, 5, 2, 4, 0, 0, 0, 7, 0, 0.6666666666666666, 0, 0, 0, 0, 0, 0, -23.212881088256836, 5.555450439453125], [1, 0, 0, 0.13816118240356445, 0, 0, 8, 10, 17, 1, 0, 1, 0, 6, 2, 3, 0, 0, 0, 9, 0, 0.6666666666666666, 0, 0, 0, 0, 0, 0, -27.66769790649414, 0.061855316162109375], [0, 0, 0, 0.011451125144958496, 0, 0, 8, 12, 19, 0, 0, 0, 0, 9, 2, 2, 0, 0, 0, 11, 0, 0.3333333333333333, 0, 0, 0, 0, 0, 0, -21.207136154174805, 3.3503475189208984], [0, 0, 0, 0.00929214060306549, 0, 0, 8, 3, 10, 0, 0, 0, 0, 1, 1, 1, 0, 0, 0, 2, 0, 0.058823529411764705, 0, 0, 0, 0, 0, 0, -33.77030563354492, 0.0], [0, 0, 0, 0.007728457450866699, 0, 0, 8, 13, 20, 0, 0, 0, 0, 11, 1, 2, 0, 0, 0, 12, 0, 0.3333333333333333, 0, 0, 0, 0, 0, 0, -26.696908950805664, 0.013988494873046875], [0, 0, 0, 0.15324440598487854, 0, 0, 8, 9, 16, 0, 0, 0, 0, 6, 2, 3, 0, 0, 0, 8, 0, 0.5, 0, 0, 0, 0, 0, 0, -22.653030395507812, 4.77678108215332], [1, 0, 1, 0.02390366792678833, 0, 0, 8, 4, 11, 1, 0, 1, 1, 2, 1, 4, 0, 0, 0, 3, 0, 0.5, 0, 0, 0, 0, 0, 0, -26.331144332885742, 0.42426490783691406], [0, 0, 0, 0.41907811164855957, 0, 0, 8, 3, 10, 0, 0, 0, 0, 1, 1, 5, 0, 0, 0, 2, 0, 0.5, 0, 0, 0, 0, 0, 0, -33.77030563354492, 0.0], [1, 0, 0, 0.05436503887176514, 0, 0, 8, 5, 12, 1, 1, 1, 0, 3, 1, 4, 0, 0, 0, 4, 1, 0.8, 0, 0, 0, 0, 0, 0, -24.463720321655273, 0.09012031555175781], [0, 0, 0, 0.015308111906051636, 0, 0, 8, 13, 20, 0, 0, 0, 0, 11, 1, 1, 0, 0, 0, 12, 0, 0.2, 0, 0, 0, 0, 0, 0, -27.235219955444336, 0.013883590698242188], [0, 0, 0, 0.039614737033843994, 0, 0, 8, 13, 20, 0, 0, 0, 0, 11, 1, 1, 0, 0, 0, 12, 0, 0.1111111111111111, 0, 0, 0, 0, 0, 0, -20.328527450561523, 0.012483596801757812], [0, 0, 0, 0.016087353229522705, 0, 0, 8, 3, 10, 0, 0, 0, 0, 1, 1, 5, 0, 0, 0, 2, 0, 0.5, 0, 0, 0, 0, 0, 0, -33.77030563354492, 0.0], [1, 0, 1, 0.0, 1, 1, 8, 8, 15, 1, 0, 1, 1, 2, 5, 6, 0, 0, 0, 7, 1, 0.75, 0, 0, 1, 0, 0, 0, -35.86559295654297, 15.258880615234375], [0, 0, 0, 0.0025993287563323975, 0, 0, 8, 13, 20, 0, 0, 0, 0, 10, 2, 2, 0, 0, 0, 12, 0, 0.5, 0, 0, 0, 0, 0, 0, -21.350391387939453, 3.0360469818115234], [0, 0, 0, 0.04276809096336365, 0, 0, 8, 13, 20, 0, 0, 0, 0, 11, 1, 1, 0, 0, 0, 12, 0, 0.5, 0, 0, 0, 0, 0, 0, -20.152807235717773, 0.012498855590820312], [0, 0, 0, 0.005715012550354004, 0, 0, 8, 13, 20, 0, 0, 0, 0, 10, 2, 1, 0, 0, 0, 12, 0, 0.2, 0, 0, 0, 0, 0, 0, -21.267789840698242, 3.034587860107422], [0, 0, 0, 0.027276307344436646, 0, 0, 8, 3, 10, 0, 0, 0, 0, 1, 1, 3, 0, 0, 0, 2, 0, 0.5, 0, 0, 0, 0, 0, 0, -33.77030563354492, 0.0], [0, 0, 0, 0.08707326650619507, 0, 0, 8, 4, 11, 0, 0, 0, 0, 2, 1, 4, 0, 0, 0, 3, 0, 0.5, 0, 0, 0, 0, 0, 0, -26.41431427001953, 0.4239768981933594], [0, 0, 0, 0.23441994190216064, 0, 0, 8, 3, 10, 0, 0, 0, 0, 1, 1, 4, 0, 0, 0, 2, 0, 0.6666666666666666, 0, 0, 0, 0, 0, 0, -33.77030563354492, 0.0], [0, 0, 0, 0.12483423948287964, 0, 0, 8, 3, 10, 0, 0, 0, 0, 1, 1, 4, 0, 0, 0, 2, 0, 0.5, 0, 0, 0, 0, 0, 0, -33.77030563354492, 0.0], [1, 0, 0, 0.07045316696166992, 1, 0, 8, 3, 10, 1, 0, 0, 0, 1, 1, 4, 0, 0, 0, 2, 1, 0.5, 0, 0, 0, 0, 0, 0, -33.77030563354492, 0.0], [1, 0, 0, 0.01075965166091919, 0, 0, 8, 13, 20, 1, 0, 0, 0, 11, 1, 2, 0, 0, 0, 12, 1, 0.5, 0, 0, 0, 0, 0, 0, -20.03644561767578, 0.012510299682617188], [1, 0, 0, 0.1362675428390503, 0, 0, 8, 13, 20, 1, 0, 1, 0, 8, 3, 1, 0, 0, 0, 12, 0, 0.5, 0, 0, 0, 0, 0, 0, -26.65511703491211, 0.33052635192871094], [0, 0, 0, 0.046236127614974976, 0, 0, 8, 4, 11, 0, 0, 0, 0, 2, 1, 4, 0, 0, 0, 3, 0, 0.75, 0, 0, 0, 0, 0, 0, -26.41431427001953, 0.4239768981933594], [0, 0, 1, 0.04807618260383606, 0, 0, 8, 5, 12, 0, 0, 1, 1, 2, 2, 4, 0, 0, 0, 4, 0, 0.5, 0, 0, 0, 0, 0, 0, -25.57879638671875, 15.156429290771484], [0, 0, 0, 0.011945068836212158, 0, 0, 8, 4, 11, 0, 0, 0, 0, 2, 1, 4, 0, 0, 0, 3, 0, 0.5, 0, 0, 0, 0, 0, 0, -26.41431427001953, 0.4239768981933594], [0, 0, 0, 0.039292722940444946, 0, 0, 8, 4, 11, 0, 0, 0, 0, 2, 1, 1, 0, 0, 0, 3, 0, 0.034482758620689655, 0, 0, 0, 0, 0, 0, -26.41431427001953, 0.4239768981933594], [1, 0, 1, 0.30021750926971436, 1, 0, 8, 4, 11, 1, 0, 1, 1, 2, 1, 4, 0, 0, 0, 3, 1, 0.75, 0, 0, 0, 0, 0, 0, -36.31003189086914, 0.3711051940917969], [0, 0, 0, 0.019618123769760132, 0, 0, 8, 5, 12, 0, 0, 0, 0, 3, 1, 4, 0, 0, 0, 4, 0, 0.5, 0, 0, 0, 0, 0, 0, -24.528358459472656, 0.06446075439453125], [0, 0, 0, 0.09825047850608826, 0, 0, 8, 3, 10, 0, 0, 0, 0, 1, 1, 3, 0, 0, 0, 2, 0, 0.5, 0, 0, 0, 0, 0, 0, -33.77030563354492, 0.0], [1, 0, 0, 0.0005528628826141357, 0, 0, 8, 13, 20, 1, 0, 0, 0, 10, 2, 1, 0, 0, 0, 12, 0, 0.2, 0, 0, 0, 0, 0, 0, -27.70207977294922, 2.6866989135742188], [0, 0, 0, 0.05802714824676514, 0, 0, 8, 3, 10, 0, 0, 0, 0, 1, 1, 4, 0, 0, 0, 2, 0, 0.5, 0, 0, 0, 0, 0, 0, -33.77030563354492, 0.0], [0, 0, 0, 0.02056044340133667, 0, 0, 8, 3, 10, 0, 0, 0, 0, 1, 1, 5, 0, 0, 0, 2, 0, 0.5, 0, 0, 0, 0, 0, 0, -33.77030563354492, 0.0], [0, 0, 0, 0.011334538459777832, 0, 0, 8, 3, 10, 0, 0, 0, 0, 1, 1, 5, 0, 0, 0, 2, 0, 0.6666666666666666, 0, 0, 0, 0, 0, 0, -33.77030563354492, 0.0], [0, 0, 0, 0.04432755708694458, 0, 0, 8, 5, 12, 0, 0, 0, 0, 3, 1, 3, 0, 0, 0, 4, 0, 0.5, 0, 0, 0, 0, 0, 0, -24.526206970214844, 0.09002113342285156], [0, 0, 0, 0.0002651214599609375, 0, 0, 8, 3, 10, 0, 0, 0, 0, 1, 1, 3, 0, 0, 0, 2, 0, 0.5, 0, 0, 0, 0, 0, 0, -33.77030563354492, 0.0], [1, 0, 0, 0.011604785919189453, 1, 0, 8, 8, 15, 1, 0, 0, 0, 5, 2, 4, 0, 0, 0, 7, 0, 0.6666666666666666, 0, 0, 0, 0, 0, 0, -22.964357376098633, 5.548162460327148], [0, 0, 0, 0.24140334129333496, 0, 0, 8, 4, 11, 0, 0, 0, 0, 2, 1, 1, 0, 0, 0, 3, 0, 0.06451612903225806, 0, 0, 0, 0, 0, 0, -26.41431427001953, 0.4239768981933594], [1, 0, 0, 0.03801727294921875, 0, 0, 8, 5, 12, 1, 0, 0, 0, 1, 3, 6, 0, 0, 0, 4, 0, 0.8571428571428571, 0, 0, 0, 0, 0, 0, -34.579994201660156, 0.0], [0, 0, 0, 0.05411487817764282, 0, 0, 8, 4, 11, 0, 0, 0, 0, 2, 1, 2, 0, 0, 0, 3, 0, 0.3333333333333333, 0, 0, 0, 0, 0, 0, -26.41431427001953, 0.4239768981933594], [0, 0, 0, 0.010060757398605347, 0, 0, 8, 6, 13, 0, 0, 0, 0, 4, 1, 5, 0, 0, 0, 5, 0, 0.5, 0, 0, 0, 0, 0, 0, -39.051918029785156, 0.08806991577148438], [0, 0, 0, 0.013810545206069946, 0, 0, 8, 13, 20, 0, 0, 0, 0, 11, 1, 1, 0, 0, 0, 12, 0, 0.2, 0, 0, 0, 0, 0, 0, -20.556243896484375, 0.0124664306640625], [0, 0, 0, 0.008106470108032227, 0, 0, 8, 8, 15, 0, 0, 0, 0, 6, 1, 2, 0, 0, 0, 7, 0, 0.5, 0, 0, 0, 0, 0, 0, -35.70132064819336, 0.006557464599609375], [0, 0, 0, 0.08414959907531738, 0, 0, 4, 8, 11, 0, 0, 0, 0, 4, 3, 3, 0, 0, 0, 7, 0, 0.8, 0, 0, 0, 0, 0, 0, -23.82151985168457, 7.262962341308594], [0, 0, 0, 0.22149807214736938, 0, 0, 8, 3, 10, 0, 0, 0, 0, 1, 1, 3, 0, 0, 0, 2, 0, 0.5, 0, 0, 0, 0, 0, 0, -33.77030563354492, 0.0], [0, 0, 0, 0.06423079967498779, 0, 0, 8, 13, 20, 0, 0, 0, 0, 11, 1, 1, 0, 0, 0, 12, 0, 0.024539877300613498, 0, 0, 0, 0, 0, 0, -20.275501251220703, 0.01248931884765625], [0, 0, 0, 0.0005956590175628662, 0, 0, 8, 13, 20, 0, 0, 0, 0, 11, 1, 1, 0, 0, 0, 12, 0, 0.05, 0, 0, 0, 0, 0, 0, -20.381471633911133, 0.012483596801757812], [0, 0, 0, 0.0014439821243286133, 0, 0, 8, 5, 12, 0, 0, 1, 0, 3, 1, 5, 0, 0, 0, 4, 0, 0.6666666666666666, 0, 0, 0, 0, 0, 0, -24.463720321655273, 0.09012031555175781], [0, 0, 0, 0.00453716516494751, 0, 0, 8, 5, 12, 0, 0, 0, 0, 3, 1, 4, 0, 0, 0, 4, 0, 0.5, 0, 0, 0, 0, 0, 0, -30.76034164428711, 1.5347213745117188], [1, 0, 1, 0.0, 1, 1, 8, 8, 15, 1, 0, 1, 1, 2, 5, 6, 0, 0, 0, 7, 1, 0.75, 0, 0, 1, 0, 0, 0, -35.86559295654297, 15.258880615234375], [0, 0, 0, 0.20501720905303955, 0, 0, 8, 3, 10, 0, 0, 0, 0, 1, 1, 4, 0, 0, 0, 2, 0, 0.5, 0, 0, 0, 0, 0, 0, -33.77030563354492, 0.0], [1, 0, 0, 0.0, 1, 0, 8, 8, 15, 1, 0, 1, 0, 5, 2, 4, 0, 0, 0, 7, 0, 0.6666666666666666, 0, 0, 0, 0, 0, 0, -22.973129272460938, 5.536472320556641], [1, 0, 1, 0.11399435997009277, 1, 0, 8, 5, 12, 1, 0, 1, 1, 2, 2, 6, 0, 0, 0, 4, 1, 0.8571428571428571, 0, 0, 0, 0, 0, 0, -25.497940063476562, 15.237285614013672], [0, 0, 0, 0.03830254077911377, 0, 0, 8, 4, 11, 0, 0, 0, 0, 2, 1, 4, 0, 0, 0, 3, 0, 0.5, 0, 0, 0, 0, 0, 0, -26.41431427001953, 0.4239768981933594], [0, 0, 0, 0.05574321746826172, 0, 0, 8, 3, 10, 0, 0, 0, 0, 1, 1, 4, 0, 0, 0, 2, 0, 0.5, 0, 0, 0, 0, 0, 0, -33.77030563354492, 0.0], [0, 0, 0, 0.05058804154396057, 0, 0, 8, 4, 11, 0, 0, 0, 0, 2, 1, 3, 0, 0, 0, 3, 0, 0.6666666666666666, 0, 0, 0, 0, 0, 0, -26.41431427001953, 0.4239768981933594], [0, 0, 0, 0.2337718904018402, 0, 0, 8, 3, 10, 0, 0, 0, 0, 1, 1, 4, 0, 0, 0, 2, 0, 0.6666666666666666, 0, 0, 0, 0, 0, 0, -33.77030563354492, 0.0], [0, 0, 0, 0.09058216214179993, 0, 0, 8, 13, 20, 0, 0, 0, 0, 9, 3, 4, 0, 0, 0, 12, 0, 0.5, 0, 0, 0, 0, 0, 0, -27.545225143432617, 3.589345932006836], [0, 0, 0, 0.08675462007522583, 0, 0, 8, 13, 20, 0, 0, 0, 0, 11, 1, 4, 0, 0, 0, 12, 0, 0.5, 0, 0, 0, 0, 0, 0, -20.163042068481445, 0.0124969482421875], [1, 0, 0, 6.854534149169922e-05, 1, 0, 8, 4, 11, 1, 0, 0, 0, 2, 1, 2, 0, 0, 0, 3, 0, 0.5, 0, 0, 0, 0, 0, 0, -26.41431427001953, 0.4239768981933594], [0, 0, 0, 0.01371002197265625, 0, 0, 8, 13, 20, 0, 0, 0, 0, 11, 1, 1, 0, 0, 0, 12, 0, 0.125, 0, 0, 0, 0, 0, 0, -20.019628524780273, 0.012508392333984375], [0, 0, 0, 0.025817453861236572, 0, 0, 8, 5, 12, 0, 0, 0, 0, 3, 1, 3, 0, 0, 0, 4, 0, 0.5, 0, 0, 0, 0, 0, 0, -24.526206970214844, 0.09002113342285156], [0, 0, 0, 0.0006250739097595215, 0, 0, 8, 4, 11, 0, 0, 0, 0, 2, 1, 5, 0, 0, 0, 3, 0, 0.8571428571428571, 0, 0, 0, 0, 0, 0, -26.41431427001953, 0.4239768981933594], [0, 0, 0, 0.15997314453125, 0, 0, 8, 7, 14, 0, 0, 0, 0, 5, 1, 2, 0, 0, 0, 6, 0, 0.5, 0, 0, 0, 0, 0, 0, -37.08146286010742, 0.01079559326171875], [0, 0, 0, 0.01826348900794983, 0, 0, 8, 13, 20, 0, 0, 0, 0, 11, 1, 1, 0, 0, 0, 12, 0, 0.2, 0, 0, 0, 0, 0, 0, -20.556243896484375, 0.0124664306640625], [0, 0, 0, 0.03298938274383545, 0, 0, 8, 11, 18, 0, 0, 1, 0, 8, 2, 1, 0, 0, 0, 10, 0, 0.5, 0, 0, 0, 0, 0, 0, -39.09878158569336, 4.569385528564453], [1, 0, 1, 0.011634349822998047, 1, 0, 8, 13, 20, 1, 1, 1, 1, 8, 4, 4, 0, 0, 0, 12, 1, 0.6666666666666666, 0, 0, 0, 0, 0, 0, -22.954248428344727, 4.780271530151367], [0, 0, 0, 0.011757820844650269, 0, 0, 8, 3, 10, 0, 0, 0, 0, 1, 1, 5, 0, 0, 0, 2, 0, 0.6666666666666666, 0, 0, 0, 0, 0, 0, -33.77030563354492, 0.0], [0, 0, 0, 0.02641168236732483, 0, 0, 8, 13, 20, 0, 0, 0, 0, 11, 1, 5, 0, 0, 0, 12, 0, 0.5, 0, 0, 0, 0, 0, 0, -20.0946102142334, 0.012502670288085938], [0, 0, 0, 0.057826220989227295, 0, 0, 8, 13, 20, 0, 0, 0, 0, 11, 1, 1, 0, 0, 0, 12, 0, 0.024539877300613498, 0, 0, 0, 0, 0, 0, -20.275501251220703, 0.01248931884765625], [0, 0, 1, 0.03196534514427185, 0, 0, 8, 4, 11, 0, 0, 1, 0, 2, 1, 3, 0, 0, 0, 3, 0, 0.5, 0, 0, 0, 0, 0, 0, -17.428449630737305, 20.253034591674805], [0, 0, 0, 0.006118595600128174, 0, 0, 8, 3, 10, 0, 0, 0, 0, 1, 1, 5, 0, 0, 0, 2, 0, 0.6, 0, 0, 0, 0, 0, 0, -33.77030563354492, 0.0], [0, 0, 0, 0.14324641227722168, 0, 0, 8, 3, 10, 0, 0, 0, 0, 1, 1, 4, 0, 0, 0, 2, 0, 0.6666666666666666, 0, 0, 0, 0, 0, 0, -33.77030563354492, 0.0], [0, 0, 0, 0.003180861473083496, 0, 0, 8, 3, 10, 0, 0, 0, 0, 1, 1, 3, 0, 0, 0, 2, 0, 0.5, 0, 0, 0, 0, 0, 0, -33.77030563354492, 0.0], [0, 0, 0, 0.003703385591506958, 0, 0, 8, 11, 18, 0, 0, 0, 0, 9, 1, 2, 0, 0, 0, 10, 0, 0.5, 0, 0, 0, 0, 0, 0, -38.096290588378906, 0.0052490234375], [0, 0, 0, 0.021344244480133057, 0, 0, 8, 13, 20, 0, 0, 0, 0, 11, 1, 1, 0, 0, 0, 12, 0, 0.007633587786259542, 0, 0, 0, 0, 0, 0, -20.381471633911133, 0.012483596801757812], [0, 0, 0, 0.021069467067718506, 0, 0, 8, 5, 12, 0, 0, 0, 0, 3, 1, 6, 0, 0, 0, 4, 0, 0.5, 0, 0, 0, 0, 0, 0, -24.526206970214844, 0.09002113342285156], [0, 0, 0, 0.09901034832000732, 0, 0, 8, 13, 20, 0, 0, 0, 0, 10, 2, 1, 0, 0, 0, 12, 0, 0.041666666666666664, 0, 0, 0, 0, 0, 0, -21.27923011779785, 3.0326156616210938], [0, 0, 0, 0.01070144772529602, 0, 0, 8, 13, 20, 0, 0, 0, 0, 11, 1, 1, 0, 0, 0, 12, 0, 0.2, 0, 0, 0, 0, 0, 0, -20.556243896484375, 0.0124664306640625], [0, 0, 0, 0.03337559103965759, 0, 0, 8, 3, 10, 0, 0, 0, 0, 1, 1, 4, 0, 0, 0, 2, 0, 0.6666666666666666, 0, 0, 0, 0, 0, 0, -33.77030563354492, 0.0], [1, 0, 0, 0.0559002161026001, 0, 0, 8, 3, 10, 1, 0, 0, 0, 1, 1, 7, 0, 0, 0, 2, 0, 0.75, 0, 0, 0, 0, 0, 0, -33.77030563354492, 0.0], [0, 0, 0, 0.11482971906661987, 0, 0, 8, 3, 10, 0, 0, 0, 0, 1, 1, 5, 0, 0, 0, 2, 0, 0.6666666666666666, 0, 0, 0, 0, 0, 0, -33.77030563354492, 0.0], [0, 0, 0, 0.01953187584877014, 0, 0, 8, 13, 20, 0, 0, 0, 0, 11, 1, 1, 0, 0, 0, 12, 0, 0.05, 0, 0, 0, 0, 0, 0, -20.597585678100586, 0.012462615966796875], [0, 0, 0, 0.007766664028167725, 0, 0, 8, 13, 20, 0, 0, 0, 0, 11, 1, 1, 0, 0, 0, 12, 0, 0.2, 0, 0, 0, 0, 0, 0, -20.556243896484375, 0.0124664306640625], [1, 0, 0, 0.30021750926971436, 1, 0, 8, 4, 11, 1, 0, 1, 1, 2, 1, 4, 0, 0, 0, 3, 1, 0.75, 0, 0, 0, 0, 0, 0, -17.428449630737305, 20.253034591674805], [0, 0, 0, 0.0014709830284118652, 0, 0, 8, 13, 20, 0, 0, 0, 0, 11, 1, 2, 0, 0, 0, 12, 0, 0.5, 0, 0, 0, 0, 0, 0, -20.067140579223633, 0.012506484985351562], [0, 0, 0, 0.07398995757102966, 0, 0, 8, 13, 20, 0, 0, 0, 0, 10, 2, 2, 0, 0, 0, 12, 0, 0.6666666666666666, 0, 0, 0, 0, 0, 0, -21.342832565307617, 3.040895462036133], [1, 0, 1, 0.14401137828826904, 1, 0, 8, 6, 13, 1, 0, 1, 1, 3, 2, 5, 0, 0, 0, 5, 1, 0.6666666666666666, 0, 0, 0, 0, 0, 0, -39.060211181640625, 8.919010162353516], [0, 0, 0, 0.47662970423698425, 0, 0, 8, 5, 12, 0, 0, 0, 0, 2, 2, 4, 0, 0, 0, 4, 0, 0.5, 0, 0, 0, 0, 0, 0, -25.582124710083008, 15.247709274291992], [0, 0, 0, 0.03849524259567261, 0, 0, 8, 10, 17, 0, 0, 0, 0, 8, 1, 4, 0, 0, 0, 9, 0, 0.6666666666666666, 0, 0, 0, 0, 0, 0, -20.790061950683594, 0.018468856811523438], [0, 0, 0, 0.02527526021003723, 0, 0, 8, 3, 10, 0, 0, 0, 0, 1, 1, 2, 0, 0, 0, 2, 0, 0.2, 0, 0, 0, 0, 0, 0, -33.77030563354492, 0.0], [0, 0, 0, 0.045562684535980225, 0, 0, 8, 10, 17, 0, 0, 0, 0, 7, 2, 1, 0, 0, 0, 9, 0, 0.5, 0, 0, 0, 0, 0, 0, -40.155128479003906, 5.030658721923828], [0, 0, 0, 0.038816407322883606, 0, 0, 8, 9, 16, 0, 0, 0, 0, 7, 1, 4, 0, 0, 0, 8, 0, 0.5, 0, 0, 0, 0, 0, 0, -21.189762115478516, 0.021245956420898438], [0, 0, 0, 0.09576767683029175, 0, 0, 8, 13, 20, 0, 0, 0, 0, 11, 1, 1, 0, 0, 0, 12, 0, 0.041666666666666664, 0, 0, 0, 0, 0, 0, -21.443023681640625, 7.959367752075195], [0, 0, 0, 0.0008068680763244629, 0, 0, 8, 13, 20, 0, 0, 0, 0, 9, 3, 1, 0, 0, 0, 12, 0, 0.2, 0, 0, 0, 0, 0, 0, -22.167129516601562, 3.8500194549560547], [0, 0, 0, 0.003472447395324707, 0, 0, 8, 9, 16, 0, 0, 0, 0, 6, 2, 2, 0, 0, 0, 8, 0, 0.5, 0, 0, 0, 0, 0, 0, -22.5402774810791, 4.76690673828125], [0, 0, 0, 0.13594111800193787, 0, 0, 8, 5, 12, 0, 0, 0, 0, 3, 1, 4, 0, 0, 0, 4, 0, 0.5, 0, 0, 0, 0, 0, 0, -24.526206970214844, 0.09002113342285156], [0, 0, 0, 0.04000258445739746, 0, 0, 8, 13, 20, 0, 0, 0, 0, 11, 1, 1, 0, 0, 0, 12, 0, 0.1111111111111111, 0, 0, 0, 0, 0, 0, -20.328527450561523, 0.012483596801757812], [0, 0, 0, 0.038923949003219604, 0, 0, 8, 13, 20, 0, 0, 0, 0, 10, 2, 1, 0, 0, 0, 12, 0, 0.1, 0, 0, 0, 0, 0, 0, -21.376798629760742, 3.0393524169921875], [0, 0, 0, 0.05344688892364502, 0, 0, 8, 6, 13, 0, 0, 1, 0, 4, 1, 7, 0, 0, 0, 5, 0, 0.75, 0, 0, 0, 0, 0, 0, -23.207412719726562, 0.05108451843261719], [0, 0, 0, 0.04346156120300293, 0, 0, 8, 8, 15, 0, 0, 0, 0, 6, 1, 4, 0, 0, 0, 7, 0, 0.6666666666666666, 0, 0, 0, 0, 0, 0, -21.697446823120117, 0.026195526123046875], [0, 0, 0, 0.012624502182006836, 0, 0, 8, 13, 20, 0, 0, 1, 0, 10, 2, 6, 0, 0, 0, 12, 0, 0.6666666666666666, 0, 0, 0, 0, 0, 0, -21.166458129882812, 3.028553009033203], [0, 0, 0, 0.11787444353103638, 0, 0, 8, 3, 10, 0, 0, 0, 0, 1, 1, 4, 0, 0, 0, 2, 0, 0.5, 0, 0, 0, 0, 0, 0, -33.77030563354492, 0.0], [1, 0, 1, 0.0016307234764099121, 0, 1, 8, 3, 10, 1, 0, 0, 0, 1, 1, 5, 0, 0, 0, 2, 0, 0.6666666666666666, 0, 0, 1, 0, 0, 0, -26.607397079467773, 16.758657455444336], [0, 0, 0, 0.08519822359085083, 0, 0, 8, 3, 10, 0, 0, 0, 0, 1, 1, 6, 0, 0, 0, 2, 0, 0.75, 0, 0, 0, 0, 0, 0, -33.77030563354492, 0.0], [0, 0, 0, 0.05590027570724487, 0, 0, 8, 4, 11, 0, 0, 0, 0, 1, 2, 6, 0, 0, 0, 3, 0, 0.75, 0, 0, 0, 0, 0, 0, -36.336219787597656, 0.0], [0, 0, 0, 0.01846185326576233, 0, 0, 8, 13, 20, 0, 0, 0, 0, 11, 1, 1, 0, 0, 0, 12, 0, 0.05, 0, 0, 0, 0, 0, 0, -20.597585678100586, 0.012462615966796875], [0, 0, 0, 0.020322710275650024, 0, 0, 8, 3, 10, 0, 0, 0, 0, 1, 1, 3, 0, 0, 0, 2, 0, 0.5, 0, 0, 0, 0, 0, 0, -33.77030563354492, 0.0], [0, 0, 0, 0.0035058557987213135, 0, 0, 8, 3, 10, 0, 0, 0, 0, 1, 1, 6, 0, 0, 0, 2, 0, 0.5, 0, 0, 0, 0, 0, 0, -33.77030563354492, 0.0], [0, 0, 0, 0.18942388892173767, 0, 0, 8, 6, 13, 0, 0, 0, 0, 4, 1, 4, 0, 0, 0, 5, 0, 0.5, 0, 0, 0, 0, 0, 0, -39.051918029785156, 0.08806991577148438], [0, 0, 0, 0.05378645658493042, 0, 0, 8, 13, 20, 0, 0, 0, 0, 11, 1, 3, 0, 0, 0, 12, 0, 0.5, 0, 0, 0, 0, 0, 0, -20.20038414001465, 0.012495040893554688], [0, 0, 0, 0.09406986832618713, 0, 0, 8, 4, 11, 0, 0, 0, 0, 2, 1, 3, 0, 0, 0, 3, 0, 0.5, 0, 0, 0, 0, 0, 0, -26.41431427001953, 0.4239768981933594], [0, 0, 0, 0.038017213344573975, 0, 0, 8, 3, 10, 0, 0, 0, 0, 1, 1, 6, 0, 0, 0, 2, 0, 0.8571428571428571, 0, 0, 0, 0, 0, 0, -33.77030563354492, 0.0], [0, 0, 0, 0.015805497765541077, 0, 0, 8, 3, 10, 0, 0, 0, 0, 1, 1, 2, 0, 0, 0, 2, 0, 0.5, 0, 0, 0, 0, 0, 0, -33.77030563354492, 0.0], [0, 0, 0, 0.017725199460983276, 0, 0, 8, 7, 14, 0, 0, 0, 0, 5, 1, 3, 0, 0, 0, 6, 0, 0.5, 0, 0, 0, 0, 0, 0, -22.360370635986328, 0.034664154052734375], [0, 0, 0, 0.3140098750591278, 0, 0, 8, 3, 10, 0, 0, 0, 0, 1, 1, 3, 0, 0, 0, 2, 0, 0.5, 0, 0, 0, 0, 0, 0, -33.77030563354492, 0.0], [0, 0, 0, 0.15352091193199158, 0, 0, 8, 3, 10, 0, 0, 0, 0, 1, 1, 2, 0, 0, 0, 2, 0, 0.3333333333333333, 0, 0, 0, 0, 0, 0, -33.77030563354492, 0.0], [0, 0, 0, 0.003209412097930908, 0, 0, 8, 13, 20, 0, 0, 0, 0, 11, 1, 1, 0, 0, 0, 12, 0, 0.05, 0, 0, 0, 0, 0, 0, -20.381471633911133, 0.012483596801757812], [0, 0, 0, 0.11678731441497803, 0, 0, 8, 4, 11, 0, 0, 0, 0, 2, 1, 2, 0, 0, 0, 3, 0, 0.6666666666666666, 0, 0, 0, 0, 0, 0, -36.39665985107422, 0.37094879150390625], [0, 0, 0, 0.008289575576782227, 0, 0, 8, 7, 14, 0, 0, 0, 0, 5, 1, 3, 0, 0, 0, 6, 0, 0.5, 0, 0, 0, 0, 0, 0, -36.4503288269043, 0.07271575927734375], [0, 0, 0, 0.185641348361969, 0, 0, 8, 3, 10, 0, 0, 0, 0, 1, 1, 4, 0, 0, 0, 2, 0, 0.5, 0, 0, 0, 0, 0, 0, -33.77030563354492, 0.0], [0, 0, 0, 0.025467440485954285, 0, 0, 8, 3, 10, 0, 0, 0, 0, 1, 1, 3, 0, 0, 0, 2, 0, 0.5, 0, 0, 0, 0, 0, 0, -33.77030563354492, 0.0], [0, 0, 0, 0.031090974807739258, 0, 0, 8, 13, 20, 0, 0, 0, 0, 11, 1, 5, 0, 0, 0, 12, 0, 0.5, 0, 0, 0, 0, 0, 0, -20.0946102142334, 0.012502670288085938], [1, 0, 0, 0.0033417344093322754, 0, 0, 8, 12, 19, 1, 0, 1, 0, 10, 1, 4, 0, 0, 0, 11, 1, 0.6, 0, 0, 0, 0, 0, 0, -26.767776489257812, 0.015649795532226562], [0, 0, 0, 0.008032143115997314, 0, 0, 8, 13, 20, 0, 0, 0, 0, 11, 1, 3, 0, 0, 0, 12, 0, 0.5, 0, 0, 0, 0, 0, 0, -20.067140579223633, 0.012506484985351562], [0, 0, 0, 0.007574886083602905, 0, 0, 8, 6, 13, 0, 0, 0, 0, 4, 1, 5, 0, 0, 0, 5, 0, 0.5, 0, 0, 0, 0, 0, 0, -23.257408142089844, 0.05104255676269531], [0, 0, 0, 0.009897232055664062, 0, 0, 8, 9, 16, 0, 0, 0, 0, 7, 1, 2, 0, 0, 0, 8, 0, 0.75, 0, 0, 0, 0, 0, 0, -21.189762115478516, 0.021245956420898438], [0, 0, 0, 0.00816655158996582, 0, 0, 8, 13, 20, 0, 0, 0, 0, 11, 1, 1, 0, 0, 0, 12, 0, 0.007633587786259542, 0, 0, 0, 0, 0, 0, -20.381471633911133, 0.012483596801757812], [0, 0, 0, 0.11799544095993042, 0, 0, 8, 5, 12, 0, 0, 0, 0, 3, 1, 3, 0, 0, 0, 4, 0, 0.5, 0, 0, 0, 0, 0, 0, -24.526206970214844, 0.09002113342285156], [0, 0, 0, 0.028021693229675293, 0, 0, 8, 6, 13, 0, 0, 0, 0, 4, 1, 4, 0, 0, 0, 5, 0, 0.5, 0, 0, 0, 0, 0, 0, -39.051918029785156, 0.08806991577148438], [0, 0, 0, 0.014144659042358398, 0, 0, 8, 11, 18, 0, 0, 0, 0, 7, 2, 1, 0, 0, 0, 10, 0, 0.5, 0, 0, 0, 0, 0, 0, -43.70114517211914, 0.7239494323730469], [0, 0, 0, 0.022765636444091797, 0, 0, 8, 6, 13, 0, 0, 0, 0, 4, 1, 4, 0, 0, 0, 5, 0, 0.5, 0, 0, 0, 0, 0, 0, -23.257408142089844, 0.05104255676269531], [0, 0, 0, 0.13035476207733154, 0, 0, 8, 3, 10, 0, 0, 0, 0, 1, 1, 4, 0, 0, 0, 2, 0, 0.5, 0, 0, 0, 0, 0, 0, -33.77030563354492, 0.0], [1, 0, 1, 0.009942948818206787, 1, 1, 8, 6, 13, 1, 0, 1, 1, 2, 3, 7, 0, 0, 0, 5, 1, 0.8571428571428571, 0, 0, 1, 0, 0, 0, -38.49819564819336, 11.00607681274414], [0, 0, 0, 0.10606682300567627, 0, 0, 8, 3, 10, 0, 0, 0, 0, 1, 1, 6, 0, 0, 0, 2, 0, 0.5, 0, 0, 0, 0, 0, 0, -33.77030563354492, 0.0], [0, 0, 0, 0.02200639247894287, 0, 0, 8, 13, 20, 0, 0, 1, 0, 7, 3, 4, 0, 0, 0, 12, 0, 0.6666666666666666, 0, 0, 0, 0, 0, 0, -31.2663516998291, 0.4455375671386719], [0, 0, 0, 0.007714420557022095, 0, 0, 8, 13, 20, 0, 0, 0, 0, 11, 1, 4, 0, 0, 0, 12, 0, 0.5, 0, 0, 0, 0, 0, 0, -20.03644561767578, 0.012510299682617188], [0, 0, 0, 0.018570005893707275, 0, 0, 8, 3, 10, 0, 0, 0, 0, 1, 1, 4, 0, 0, 0, 2, 0, 0.75, 0, 0, 0, 0, 0, 0, -33.77030563354492, 0.0], [0, 0, 0, 0.006153583526611328, 0, 0, 8, 3, 10, 0, 0, 0, 0, 1, 1, 5, 0, 0, 0, 2, 0, 0.6666666666666666, 0, 0, 0, 0, 0, 0, -33.77030563354492, 0.0], [0, 0, 0, 0.011027336120605469, 0, 0, 8, 3, 10, 0, 0, 0, 0, 1, 1, 1, 0, 0, 0, 2, 0, 0.13333333333333333, 0, 0, 0, 0, 0, 0, -33.77030563354492, 0.0], [0, 0, 0, 0.001492828130722046, 0, 0, 8, 13, 20, 0, 0, 0, 0, 11, 1, 2, 0, 0, 0, 12, 0, 0.5, 0, 0, 0, 0, 0, 0, -20.22526741027832, 0.012491226196289062], [0, 0, 0, 0.4386278986930847, 0, 0, 8, 3, 10, 0, 0, 0, 0, 1, 1, 4, 0, 0, 0, 2, 0, 0.5, 0, 0, 0, 0, 0, 0, -33.77030563354492, 0.0], [0, 0, 0, 0.11117756366729736, 0, 0, 8, 7, 14, 0, 0, 0, 0, 4, 2, 3, 0, 0, 0, 6, 0, 0.5, 0, 0, 0, 0, 0, 0, -37.739585876464844, 6.009616851806641], [0, 0, 0, 0.022598862648010254, 0, 0, 8, 3, 10, 0, 0, 0, 0, 1, 1, 4, 0, 0, 0, 2, 0, 0.8, 0, 0, 0, 0, 0, 0, -33.77030563354492, 0.0], [0, 0, 0, 0.0007545948028564453, 0, 0, 8, 13, 20, 0, 0, 0, 0, 11, 1, 1, 0, 0, 0, 12, 0, 0.5, 0, 0, 0, 0, 0, 0, -26.697105407714844, 0.013990402221679688], [0, 0, 0, 0.060694336891174316, 0, 0, 8, 13, 20, 0, 0, 0, 0, 10, 2, 1, 0, 0, 0, 12, 0, 0.08, 0, 0, 0, 0, 0, 0, -21.305130004882812, 3.0370349884033203], [0, 0, 0, 0.10577860474586487, 0, 0, 8, 13, 20, 0, 0, 0, 0, 11, 1, 4, 0, 0, 0, 12, 0, 0.5, 0, 0, 0, 0, 0, 0, -20.163042068481445, 0.0124969482421875], [0, 0, 0, 0.03705832362174988, 0, 0, 8, 7, 14, 0, 0, 0, 0, 5, 1, 4, 0, 0, 0, 6, 0, 0.5, 0, 0, 0, 0, 0, 0, -36.4503288269043, 0.07271575927734375], [1, 0, 0, 0.125200092792511, 0, 0, 8, 3, 10, 1, 0, 0, 0, 1, 1, 5, 0, 0, 0, 2, 0, 0.6666666666666666, 0, 0, 0, 0, 0, 0, -33.77030563354492, 0.0], [0, 0, 0, 0.010968014597892761, 0, 0, 8, 3, 10, 0, 0, 0, 0, 1, 1, 3, 0, 0, 0, 2, 0, 0.5, 0, 0, 0, 0, 0, 0, -33.77030563354492, 0.0], [0, 0, 0, 0.05307173728942871, 0, 0, 8, 13, 20, 0, 0, 0, 0, 8, 3, 4, 0, 0, 0, 12, 0, 0.5, 0, 0, 0, 0, 0, 0, -26.659427642822266, 0.32480621337890625], [0, 0, 0, 0.01942017674446106, 0, 0, 8, 3, 10, 0, 0, 0, 0, 1, 1, 6, 0, 0, 0, 2, 0, 0.8571428571428571, 0, 0, 0, 0, 0, 0, -33.77030563354492, 0.0], [0, 0, 0, 0.04683870077133179, 0, 0, 8, 12, 19, 0, 0, 0, 0, 10, 1, 3, 0, 0, 0, 11, 0, 0.5, 0, 0, 0, 0, 0, 0, -20.203475952148438, 0.014039993286132812], [1, 0, 0, 0.0029761195182800293, 0, 0, 8, 11, 18, 1, 0, 0, 0, 7, 2, 1, 0, 0, 0, 10, 0, 0.06666666666666667, 0, 0, 0, 0, 0, 0, -43.70114517211914, 0.7239494323730469], [0, 0, 0, 0.030194759368896484, 0, 0, 8, 3, 10, 0, 0, 0, 0, 1, 1, 4, 0, 0, 0, 2, 0, 0.5, 0, 0, 0, 0, 0, 0, -33.77030563354492, 0.0], [0, 0, 0, 0.10511192679405212, 0, 0, 8, 4, 11, 0, 0, 0, 0, 2, 1, 2, 0, 0, 0, 3, 0, 0.5, 0, 0, 0, 0, 0, 0, -26.41431427001953, 0.4239768981933594], [0, 0, 0, 0.10066491365432739, 0, 0, 8, 6, 13, 0, 0, 0, 0, 4, 1, 4, 0, 0, 0, 5, 0, 0.5, 0, 0, 0, 0, 0, 0, -23.257408142089844, 0.05104255676269531], [1, 0, 1, 0.0, 0, 0, 8, 5, 12, 1, 0, 1, 1, 2, 2, 4, 0, 0, 0, 4, 1, 0.8, 0, 0, 0, 0, 0, 0, -25.258052825927734, 15.4771728515625], [0, 0, 0, 0.42542868852615356, 0, 0, 8, 3, 10, 0, 0, 0, 0, 1, 1, 4, 0, 0, 0, 2, 0, 0.5, 0, 0, 0, 0, 0, 0, -34.02247619628906, 0.0], [1, 0, 1, 0.1263730525970459, 1, 0, 8, 5, 12, 1, 0, 1, 1, 2, 2, 4, 0, 0, 0, 4, 0, 0.5, 0, 0, 0, 0, 0, 0, -24.128646850585938, 21.545703887939453], [0, 0, 0, 0.08464407920837402, 0, 0, 8, 13, 20, 0, 0, 0, 0, 10, 2, 1, 0, 0, 0, 12, 0, 0.041666666666666664, 0, 0, 0, 0, 0, 0, -21.280012130737305, 3.0319347381591797], [0, 0, 0, 0.1472838819026947, 0, 0, 8, 3, 10, 0, 0, 0, 0, 1, 1, 3, 0, 0, 0, 2, 0, 0.5, 0, 0, 0, 0, 0, 0, -33.77030563354492, 0.0], [0, 0, 0, 0.044199079275131226, 0, 0, 8, 3, 10, 0, 0, 0, 0, 1, 1, 2, 0, 0, 0, 2, 0, 0.5, 0, 0, 0, 0, 0, 0, -33.77030563354492, 0.0], [0, 0, 0, 0.016776472330093384, 0, 0, 8, 6, 13, 0, 0, 0, 0, 4, 1, 4, 0, 0, 0, 5, 0, 0.75, 0, 0, 0, 0, 0, 0, -23.257408142089844, 0.05104255676269531], [0, 0, 0, 0.027453958988189697, 0, 0, 8, 13, 20, 0, 0, 0, 0, 11, 1, 3, 0, 0, 0, 12, 0, 0.5, 0, 0, 0, 0, 0, 0, -20.019628524780273, 0.012508392333984375], [0, 0, 0, 0.04426729679107666, 0, 0, 8, 13, 20, 0, 0, 0, 0, 10, 2, 1, 0, 0, 0, 12, 0, 0.1111111111111111, 0, 0, 0, 0, 0, 0, -21.39080047607422, 3.034139633178711], [0, 0, 0, 0.14815038442611694, 0, 0, 8, 3, 10, 0, 0, 0, 0, 1, 1, 7, 0, 0, 0, 2, 0, 0.6666666666666666, 0, 0, 0, 0, 0, 0, -33.77030563354492, 0.0], [0, 0, 0, 0.053366661071777344, 0, 0, 8, 13, 20, 0, 0, 0, 0, 11, 1, 5, 0, 0, 0, 12, 0, 0.6666666666666666, 0, 0, 0, 0, 0, 0, -20.052244186401367, 0.012508392333984375], [0, 0, 0, 0.03235068917274475, 0, 0, 8, 4, 11, 0, 0, 0, 0, 2, 1, 4, 0, 0, 0, 3, 0, 0.5, 0, 0, 0, 0, 0, 0, -26.41431427001953, 0.4239768981933594], [1, 0, 0, 0.06475573778152466, 0, 0, 8, 4, 11, 1, 0, 0, 0, 2, 1, 2, 0, 0, 0, 3, 0, 0.3333333333333333, 0, 0, 0, 0, 0, 0, -26.41431427001953, 0.4239768981933594], [0, 0, 0, 0.011060178279876709, 0, 0, 8, 5, 12, 0, 0, 0, 0, 2, 2, 5, 0, 0, 0, 4, 0, 0.5, 0, 0, 0, 0, 0, 0, -30.995656967163086, 12.150758743286133], [0, 0, 0, 0.3850003480911255, 0, 0, 8, 3, 10, 0, 0, 0, 0, 1, 1, 3, 0, 0, 0, 2, 0, 0.5, 0, 0, 0, 0, 0, 0, -33.77030563354492, 0.0], [0, 0, 0, 0.014252662658691406, 0, 0, 8, 13, 20, 0, 0, 0, 0, 11, 1, 4, 0, 0, 0, 12, 0, 0.5, 0, 0, 0, 0, 0, 0, -20.019628524780273, 0.012508392333984375], [0, 0, 0, 0.007325679063796997, 0, 0, 8, 5, 12, 0, 0, 0, 0, 2, 2, 4, 0, 0, 0, 4, 0, 0.75, 0, 0, 0, 0, 0, 0, -25.3422794342041, 15.487554550170898], [0, 0, 0, 0.013257265090942383, 0, 0, 8, 3, 10, 0, 0, 0, 0, 1, 1, 3, 0, 0, 0, 2, 0, 0.6666666666666666, 0, 0, 0, 0, 0, 0, -33.77030563354492, 0.0], [0, 0, 0, 0.11536538600921631, 0, 0, 8, 9, 16, 0, 0, 0, 0, 7, 1, 4, 0, 0, 0, 8, 0, 0.5, 0, 0, 0, 0, 0, 0, -21.189762115478516, 0.021245956420898438], [1, 0, 0, 0.6170389652252197, 0, 0, 8, 4, 11, 1, 0, 1, 0, 2, 1, 3, 0, 0, 0, 3, 0, 0.6666666666666666, 0, 0, 0, 0, 0, 0, -26.331144332885742, 0.42426490783691406], [1, 0, 0, 0.044806838035583496, 1, 0, 8, 13, 20, 1, 0, 0, 0, 10, 2, 6, 0, 0, 0, 12, 1, 0.6666666666666666, 0, 0, 0, 0, 0, 0, -27.085845947265625, 2.6829910278320312], [0, 0, 0, 0.010804414749145508, 0, 0, 8, 7, 14, 0, 1, 0, 0, 5, 1, 4, 0, 0, 0, 6, 0, 0.6666666666666666, 0, 0, 0, 0, 0, 0, -22.360370635986328, 0.034664154052734375], [0, 0, 0, 0.055948853492736816, 0, 0, 8, 7, 14, 0, 0, 1, 0, 4, 2, 3, 0, 0, 0, 6, 0, 0.5, 0, 0, 0, 0, 0, 0, -37.68268585205078, 6.0080718994140625], [0, 0, 0, 0.0559002161026001, 0, 0, 8, 3, 10, 0, 0, 0, 0, 1, 1, 7, 0, 0, 0, 2, 0, 0.75, 0, 0, 0, 0, 0, 0, -33.77030563354492, 0.0], [0, 0, 0, 0.042635828256607056, 0, 0, 8, 6, 13, 0, 0, 0, 0, 4, 1, 3, 0, 0, 0, 5, 0, 0.5, 0, 0, 0, 0, 0, 0, -23.257408142089844, 0.05104255676269531], [0, 0, 0, 0.011989474296569824, 0, 0, 8, 13, 20, 0, 0, 0, 0, 10, 2, 2, 0, 0, 0, 12, 0, 0.5, 0, 0, 0, 0, 0, 0, -21.46698570251465, 3.038728713989258], [0, 0, 0, 0.009989112615585327, 0, 0, 8, 13, 20, 0, 0, 0, 0, 11, 1, 1, 0, 0, 0, 12, 0, 0.2, 0, 0, 0, 0, 0, 0, -27.235219955444336, 0.013883590698242188], [0, 0, 0, 0.014533042907714844, 0, 0, 8, 13, 20, 0, 0, 0, 0, 9, 3, 3, 0, 0, 0, 12, 0, 0.6666666666666666, 0, 0, 0, 0, 0, 0, -21.868534088134766, 3.8895092010498047], [0, 0, 0, 0.0, 0, 0, 8, 8, 15, 0, 0, 0, 0, 1, 6, 6, 0, 0, 0, 7, 0, 0.75, 0, 0, 0, 0, 0, 0, -32.801795959472656, 0.0], [0, 0, 0, 0.012300729751586914, 0, 0, 8, 13, 20, 0, 0, 1, 0, 11, 1, 1, 0, 0, 0, 12, 0, 0.041666666666666664, 0, 0, 0, 0, 0, 0, -26.72730827331543, 0.013982772827148438], [0, 0, 0, 0.04830527305603027, 0, 0, 8, 6, 13, 0, 0, 0, 0, 4, 1, 2, 0, 0, 0, 5, 0, 0.5, 0, 0, 0, 0, 0, 0, -38.90766143798828, 0.004573822021484375], [0, 0, 0, 0.015075981616973877, 0, 0, 8, 13, 20, 0, 0, 0, 0, 10, 2, 2, 0, 0, 0, 12, 0, 0.5, 0, 0, 0, 0, 0, 0, -21.17241859436035, 3.0341358184814453], [0, 0, 0, 0.021813631057739258, 0, 0, 8, 4, 11, 0, 0, 0, 0, 1, 2, 4, 0, 0, 0, 3, 0, 0.5, 0, 0, 0, 0, 0, 0, -31.28008460998535, 0.0], [0, 0, 0, 0.0466039776802063, 0, 0, 8, 3, 10, 0, 0, 0, 0, 1, 1, 4, 0, 0, 0, 2, 0, 0.5, 0, 0, 0, 0, 0, 0, -33.77030563354492, 0.0], [1, 0, 1, 0.0012845993041992188, 1, 0, 8, 5, 12, 1, 0, 1, 1, 2, 2, 7, 0, 0, 0, 4, 1, 0.8571428571428571, 0, 0, 0, 0, 0, 0, -25.57879638671875, 15.156429290771484], [0, 0, 0, 0.08302736282348633, 0, 0, 8, 5, 12, 0, 0, 0, 0, 3, 1, 4, 0, 0, 0, 4, 0, 0.6666666666666666, 0, 0, 0, 0, 0, 0, -24.526206970214844, 0.09002113342285156], [0, 0, 0, 0.05167555809020996, 0, 0, 8, 6, 13, 0, 0, 0, 0, 4, 1, 3, 0, 0, 0, 5, 0, 0.5, 0, 0, 0, 0, 0, 0, -38.90766143798828, 0.004573822021484375], [0, 0, 0, 0.08330106735229492, 0, 0, 8, 13, 20, 0, 0, 0, 0, 11, 1, 3, 0, 0, 0, 12, 0, 0.5555555555555556, 0, 0, 0, 0, 0, 0, -20.03644561767578, 0.012510299682617188], [0, 0, 1, 0.009022682905197144, 0, 0, 8, 9, 16, 0, 0, 1, 1, 7, 1, 1, 0, 0, 0, 8, 0, 0.6666666666666666, 0, 0, 0, 0, 0, 0, -21.158533096313477, 0.02124786376953125], [0, 0, 0, 0.0035823583602905273, 0, 0, 8, 13, 20, 0, 0, 0, 0, 11, 1, 1, 0, 0, 0, 12, 0, 0.007633587786259542, 0, 0, 0, 0, 0, 0, -20.381471633911133, 0.012483596801757812], [0, 0, 0, 0.0275842547416687, 0, 0, 8, 12, 19, 0, 0, 0, 0, 10, 1, 2, 0, 0, 0, 11, 0, 0.5, 0, 0, 0, 0, 0, 0, -20.203475952148438, 0.014039993286132812], [0, 0, 0, 0.13484720885753632, 0, 0, 8, 5, 12, 0, 0, 0, 0, 3, 1, 4, 0, 0, 0, 4, 0, 0.5, 0, 0, 0, 0, 0, 0, -24.526206970214844, 0.09002113342285156], [0, 0, 0, 0.015064001083374023, 0, 0, 8, 4, 11, 0, 0, 0, 0, 2, 1, 3, 0, 0, 0, 3, 0, 0.5, 0, 0, 0, 0, 0, 0, -26.41431427001953, 0.4239768981933594], [0, 0, 0, 0.14129561185836792, 0, 0, 8, 13, 20, 0, 0, 0, 0, 11, 1, 4, 0, 0, 0, 12, 0, 0.6666666666666666, 0, 0, 0, 0, 0, 0, -21.4635009765625, 7.898746490478516], [1, 0, 0, 0.04289919137954712, 0, 0, 8, 7, 14, 1, 0, 0, 0, 5, 1, 3, 0, 0, 0, 6, 0, 0.5, 0, 0, 0, 0, 0, 0, -36.4503288269043, 0.07271575927734375], [0, 0, 0, 0.04073971509933472, 0, 0, 8, 4, 11, 0, 0, 0, 0, 2, 1, 2, 0, 0, 0, 3, 0, 0.3333333333333333, 0, 0, 0, 0, 0, 0, -26.41431427001953, 0.4239768981933594], [0, 0, 0, 0.15791010856628418, 0, 0, 8, 3, 10, 0, 0, 0, 0, 1, 1, 4, 0, 0, 0, 2, 0, 0.5, 0, 0, 0, 0, 0, 0, -33.77030563354492, 0.0], [0, 0, 0, 0.0017903447151184082, 0, 0, 8, 13, 20, 0, 0, 0, 0, 11, 1, 1, 0, 0, 0, 12, 0, 0.07142857142857142, 0, 0, 0, 0, 0, 0, -20.22526741027832, 0.012491226196289062], [0, 0, 0, 0.062021493911743164, 0, 0, 8, 13, 20, 0, 0, 0, 0, 11, 1, 2, 0, 0, 0, 12, 0, 0.5, 0, 0, 0, 0, 0, 0, -20.067140579223633, 0.012506484985351562], [1, 0, 1, 0.0528867244720459, 0, 0, 8, 5, 12, 1, 0, 1, 1, 2, 2, 4, 0, 0, 0, 4, 0, 0.5, 0, 0, 0, 0, 0, 0, -25.57879638671875, 15.156429290771484], [1, 0, 1, 0.056612253189086914, 1, 0, 8, 7, 14, 1, 1, 1, 1, 4, 2, 5, 0, 0, 0, 6, 1, 0.75, 0, 0, 0, 0, 0, 0, -23.80461883544922, 6.613643646240234], [0, 0, 0, 0.09111618995666504, 0, 0, 8, 4, 11, 0, 0, 0, 0, 2, 1, 4, 0, 0, 0, 3, 0, 0.5, 0, 0, 0, 0, 0, 0, -26.41431427001953, 0.4239768981933594], [0, 0, 0, 0.01324489712715149, 0, 0, 8, 13, 20, 0, 0, 0, 0, 11, 1, 2, 0, 0, 0, 12, 0, 0.6666666666666666, 0, 0, 0, 0, 0, 0, -19.98235321044922, 0.012516021728515625], [1, 0, 0, 0.125200092792511, 0, 0, 8, 3, 10, 1, 0, 0, 0, 1, 1, 5, 0, 0, 0, 2, 0, 0.6666666666666666, 0, 0, 0, 0, 0, 0, -33.77030563354492, 0.0], [1, 0, 0, 0.06754076480865479, 1, 0, 8, 8, 15, 1, 0, 0, 0, 5, 2, 1, 0, 0, 0, 7, 0, 0.5, 0, 0, 0, 0, 0, 0, -29.85167694091797, 4.8830718994140625], [0, 0, 0, 0.020769864320755005, 0, 0, 8, 5, 12, 0, 0, 0, 0, 3, 1, 4, 0, 0, 0, 4, 0, 0.5, 0, 0, 0, 0, 0, 0, -24.526206970214844, 0.09002113342285156], [0, 0, 0, 0.08049735426902771, 0, 0, 8, 13, 20, 0, 0, 0, 0, 9, 2, 3, 0, 0, 0, 12, 0, 0.5, 0, 0, 0, 0, 0, 0, -25.533817291259766, 0.19134521484375], [0, 0, 0, 0.044081032276153564, 0, 0, 8, 8, 15, 0, 0, 0, 0, 6, 1, 4, 0, 0, 0, 7, 0, 0.5, 0, 0, 0, 0, 0, 0, -35.70132064819336, 0.006557464599609375], [0, 0, 0, 0.08621668815612793, 0, 0, 8, 13, 20, 0, 0, 0, 0, 11, 1, 3, 0, 0, 0, 12, 0, 0.6666666666666666, 0, 0, 0, 0, 0, 0, -20.353927612304688, 0.012477874755859375], [0, 0, 0, 0.10270321369171143, 0, 0, 8, 4, 11, 0, 0, 0, 0, 2, 1, 5, 0, 0, 0, 3, 0, 0.75, 0, 0, 0, 0, 0, 0, -26.41431427001953, 0.4239768981933594], [1, 0, 1, 0.10359436273574829, 0, 0, 8, 4, 11, 1, 0, 1, 1, 2, 1, 2, 0, 0, 0, 3, 1, 0.6666666666666666, 0, 0, 0, 0, 0, 0, -26.331144332885742, 0.42426490783691406], [0, 0, 0, 0.27053865790367126, 0, 0, 8, 3, 10, 0, 0, 0, 0, 1, 1, 2, 0, 0, 0, 2, 0, 0.4, 0, 0, 0, 0, 0, 0, -33.77030563354492, 0.0], [0, 0, 0, 0.019557297229766846, 0, 0, 8, 3, 10, 0, 0, 0, 0, 1, 1, 3, 0, 0, 0, 2, 0, 0.6666666666666666, 0, 0, 0, 0, 0, 0, -33.77030563354492, 0.0], [0, 0, 0, 0.02173912525177002, 0, 0, 8, 13, 20, 0, 0, 1, 0, 10, 2, 1, 0, 0, 0, 12, 0, 0.05, 0, 0, 0, 0, 0, 0, -26.530181884765625, 2.0184783935546875], [0, 0, 0, 0.0, 0, 0, 8, 4, 11, 0, 0, 0, 0, 2, 1, 4, 0, 0, 0, 3, 0, 0.6666666666666666, 0, 0, 0, 0, 0, 0, -26.41431427001953, 0.4239768981933594], [0, 0, 0, 0.012522310018539429, 0, 0, 8, 13, 20, 0, 0, 0, 0, 11, 1, 1, 0, 0, 0, 12, 0, 0.2, 0, 0, 0, 0, 0, 0, -20.556243896484375, 0.0124664306640625], [0, 0, 0, 0.010741889476776123, 0, 0, 8, 3, 10, 0, 0, 0, 0, 1, 1, 4, 0, 0, 0, 2, 0, 0.6666666666666666, 0, 0, 0, 0, 0, 0, -34.02247619628906, 0.0], [0, 0, 0, 0.16183573007583618, 0, 0, 8, 3, 10, 0, 0, 0, 0, 1, 1, 7, 0, 0, 0, 2, 0, 0.6666666666666666, 0, 0, 0, 0, 0, 0, -33.77030563354492, 0.0], [1, 0, 1, 0.15447020530700684, 0, 1, 6, 3, 8, 1, 0, 0, 0, 1, 1, 5, 0, 0, 0, 2, 0, 0.6666666666666666, 0, 0, 1, 0, 0, 0, -26.607397079467773, 16.758657455444336], [0, 0, 0, 0.04175370931625366, 0, 0, 8, 13, 20, 0, 0, 0, 0, 10, 2, 1, 0, 0, 0, 12, 0, 0.1111111111111111, 0, 0, 0, 0, 0, 0, -21.44757080078125, 3.0388011932373047], [1, 0, 0, 0.026500165462493896, 0, 0, 8, 3, 10, 1, 0, 0, 0, 1, 1, 4, 0, 0, 0, 2, 0, 0.5, 0, 0, 0, 0, 0, 0, -33.77030563354492, 0.0], [0, 0, 0, 0.061871349811553955, 0, 0, 8, 13, 20, 0, 0, 0, 0, 11, 1, 1, 0, 0, 0, 12, 0, 0.5, 0, 0, 0, 0, 0, 0, -20.152807235717773, 0.012498855590820312], [0, 0, 0, 0.09864068031311035, 0, 0, 8, 3, 10, 0, 0, 0, 0, 1, 1, 1, 0, 0, 0, 2, 0, 0.1, 0, 0, 0, 0, 0, 0, -33.77030563354492, 0.0], [0, 0, 0, 0.038017213344573975, 0, 0, 8, 3, 10, 0, 0, 0, 0, 1, 1, 6, 0, 0, 0, 2, 0, 0.8571428571428571, 0, 0, 0, 0, 0, 0, -33.77030563354492, 0.0], [0, 0, 0, 0.11072850227355957, 0, 0, 8, 4, 11, 0, 0, 0, 0, 2, 1, 5, 0, 0, 0, 3, 0, 0.75, 0, 0, 0, 0, 0, 0, -26.41431427001953, 0.4239768981933594], [0, 0, 0, 0.01245945692062378, 0, 0, 8, 3, 10, 0, 0, 0, 0, 1, 1, 2, 0, 0, 0, 2, 0, 0.3333333333333333, 0, 0, 0, 0, 0, 0, -33.77030563354492, 0.0], [0, 0, 0, 0.013651549816131592, 0, 0, 8, 13, 20, 0, 0, 0, 0, 10, 2, 1, 0, 0, 0, 12, 0, 0.2, 0, 0, 0, 0, 0, 0, -21.572650909423828, 3.037975311279297], [0, 0, 0, 0.043811261653900146, 0, 0, 8, 13, 20, 0, 0, 0, 0, 10, 2, 2, 0, 0, 0, 12, 0, 0.5, 0, 0, 0, 0, 0, 0, -21.238454818725586, 3.0386600494384766], [0, 0, 0, 0.026659488677978516, 0, 0, 8, 8, 15, 0, 0, 1, 0, 6, 1, 1, 0, 0, 0, 7, 0, 0.17391304347826086, 0, 0, 0, 0, 0, 0, -21.661760330200195, 0.0261993408203125], [0, 0, 0, 0.10560107231140137, 0, 0, 8, 6, 13, 0, 0, 0, 0, 4, 1, 3, 0, 0, 0, 5, 0, 0.5, 0, 0, 0, 0, 0, 0, -39.051918029785156, 0.08806991577148438], [0, 0, 0, 0.04469543695449829, 0, 0, 8, 13, 20, 0, 0, 0, 0, 9, 3, 3, 0, 0, 0, 12, 0, 0.8, 0, 0, 0, 0, 0, 0, -27.350833892822266, 3.4496707916259766], [0, 0, 0, 0.023173809051513672, 0, 0, 8, 13, 20, 0, 0, 0, 0, 11, 1, 1, 0, 0, 0, 12, 0, 0.05, 0, 0, 0, 0, 0, 0, -20.597585678100586, 0.012462615966796875], [0, 0, 0, 0.038017213344573975, 0, 0, 8, 3, 10, 0, 0, 0, 0, 1, 1, 6, 0, 0, 0, 2, 0, 0.8571428571428571, 0, 0, 0, 0, 0, 0, -33.77030563354492, 0.0], [0, 0, 0, 0.011621564626693726, 0, 0, 8, 8, 15, 0, 0, 0, 0, 6, 1, 4, 0, 0, 0, 7, 0, 0.5, 0, 0, 0, 0, 0, 0, -21.697446823120117, 0.026195526123046875], [1, 0, 0, 0.021657675504684448, 0, 0, 8, 5, 12, 1, 0, 1, 0, 2, 2, 3, 0, 0, 0, 4, 0, 0.5, 0, 0, 0, 0, 0, 0, -25.258052825927734, 15.4771728515625], [0, 0, 0, 0.0032073259353637695, 0, 0, 8, 3, 10, 0, 0, 0, 0, 1, 1, 4, 0, 0, 0, 2, 0, 0.5, 0, 0, 0, 0, 0, 0, -33.77030563354492, 0.0], [1, 0, 0, 0.018408983945846558, 0, 0, 8, 13, 20, 1, 0, 0, 0, 11, 1, 1, 0, 0, 0, 12, 0, 0.05, 0, 0, 0, 0, 0, 0, -20.597585678100586, 0.012462615966796875], [0, 0, 0, 0.013613760471343994, 0, 0, 8, 13, 20, 0, 0, 0, 0, 11, 1, 1, 0, 0, 0, 12, 0, 0.2, 0, 0, 0, 0, 0, 0, -20.556243896484375, 0.0124664306640625], [0, 0, 0, 0.024846255779266357, 0, 0, 8, 13, 20, 0, 0, 0, 0, 11, 1, 5, 0, 0, 0, 12, 0, 0.5, 0, 0, 0, 0, 0, 0, -20.019628524780273, 0.012508392333984375], [0, 0, 0, 0.07777246832847595, 0, 0, 8, 3, 10, 0, 0, 0, 0, 1, 1, 5, 0, 0, 0, 2, 0, 0.5, 0, 0, 0, 0, 0, 0, -33.77030563354492, 0.0], [0, 0, 0, 0.008941173553466797, 0, 0, 8, 3, 10, 0, 0, 0, 0, 1, 1, 4, 0, 0, 0, 2, 0, 0.5, 0, 0, 0, 0, 0, 0, -33.77030563354492, 0.0], [0, 0, 0, 0.012010425329208374, 0, 0, 8, 13, 20, 0, 0, 0, 0, 11, 1, 1, 0, 0, 0, 12, 0, 0.2, 0, 0, 0, 0, 0, 0, -27.235219955444336, 0.013883590698242188], [0, 0, 0, 0.03141561150550842, 0, 0, 8, 5, 12, 0, 0, 0, 0, 3, 1, 4, 0, 0, 0, 4, 0, 0.5, 0, 0, 0, 0, 0, 0, -24.526206970214844, 0.09002113342285156], [1, 0, 1, 0.14401137828826904, 1, 0, 8, 6, 13, 1, 0, 1, 1, 3, 2, 5, 0, 0, 0, 5, 1, 0.6666666666666666, 0, 0, 0, 0, 0, 0, -39.060211181640625, 8.919010162353516], [1, 0, 1, 0.031950533390045166, 1, 0, 8, 5, 12, 1, 0, 1, 1, 3, 1, 4, 0, 0, 0, 4, 1, 0.5, 0, 0, 0, 0, 0, 0, -24.463720321655273, 0.09012031555175781], [0, 0, 0, 0.04050290584564209, 0, 0, 8, 7, 14, 0, 0, 0, 0, 3, 3, 4, 0, 0, 0, 6, 0, 0.6666666666666666, 0, 0, 0, 0, 0, 0, -24.297447204589844, 8.824954986572266], [0, 0, 0, 0.05299103260040283, 0, 0, 8, 13, 20, 0, 0, 0, 0, 11, 1, 2, 0, 0, 0, 12, 0, 0.25, 0, 0, 0, 0, 0, 0, -20.26210594177246, 0.012491226196289062], [0, 0, 0, 0.0646093487739563, 0, 0, 8, 3, 10, 0, 0, 0, 0, 1, 1, 2, 0, 0, 0, 2, 0, 0.5, 0, 0, 0, 0, 0, 0, -33.77030563354492, 0.0], [0, 0, 0, 0.1472581923007965, 0, 0, 8, 4, 11, 0, 0, 0, 0, 2, 1, 2, 0, 0, 0, 3, 0, 0.3333333333333333, 0, 0, 0, 0, 0, 0, -26.41431427001953, 0.4239768981933594], [0, 0, 0, 0.07798939943313599, 0, 0, 8, 6, 13, 0, 0, 0, 0, 4, 1, 2, 0, 0, 0, 5, 0, 0.5, 0, 0, 0, 0, 0, 0, -38.90766143798828, 0.004573822021484375], [0, 0, 0, 0.012042105197906494, 0, 0, 8, 9, 16, 0, 0, 0, 0, 7, 1, 1, 0, 0, 0, 8, 0, 0.034482758620689655, 0, 0, 0, 0, 0, 0, -21.189762115478516, 0.021245956420898438], [0, 0, 0, 0.010593503713607788, 0, 0, 8, 13, 20, 0, 0, 0, 0, 11, 1, 1, 0, 0, 0, 12, 0, 0.2, 0, 0, 0, 0, 0, 0, -20.556243896484375, 0.0124664306640625], [0, 0, 0, 0.026768982410430908, 0, 0, 8, 11, 18, 0, 0, 0, 0, 9, 1, 4, 0, 0, 0, 10, 0, 0.5, 0, 0, 0, 0, 0, 0, -34.51111602783203, 0.035831451416015625], [0, 0, 0, 0.028480738401412964, 0, 0, 8, 3, 10, 0, 0, 0, 0, 1, 1, 2, 0, 0, 0, 2, 0, 0.5, 0, 0, 0, 0, 0, 0, -33.77030563354492, 0.0], [0, 0, 0, 0.00032520294189453125, 0, 0, 8, 6, 13, 0, 0, 0, 0, 4, 1, 3, 0, 0, 0, 5, 0, 0.5, 0, 0, 0, 0, 0, 0, -38.90766143798828, 0.004573822021484375], [0, 0, 0, 0.0820114016532898, 0, 0, 8, 3, 10, 0, 0, 0, 0, 1, 1, 4, 0, 0, 0, 2, 0, 0.5, 0, 0, 0, 0, 0, 0, -33.77030563354492, 0.0], [0, 0, 0, 0.4561740756034851, 0, 0, 8, 5, 12, 0, 0, 0, 0, 2, 2, 4, 0, 0, 0, 4, 0, 0.5, 0, 0, 0, 0, 0, 0, -25.3422794342041, 15.487554550170898], [0, 0, 0, 0.17157840728759766, 0, 0, 8, 3, 10, 0, 0, 0, 0, 1, 1, 3, 0, 0, 0, 2, 0, 0.3333333333333333, 0, 0, 0, 0, 0, 0, -33.77030563354492, 0.0], [1, 0, 0, 0.058150291442871094, 1, 0, 8, 13, 20, 1, 0, 1, 0, 10, 2, 4, 0, 0, 0, 12, 1, 0.5, 0, 0, 0, 0, 0, 0, -21.008052825927734, 3.02142333984375], [0, 0, 0, 0.009485453367233276, 0, 0, 8, 13, 20, 0, 0, 0, 0, 11, 1, 3, 0, 0, 0, 12, 0, 0.5, 0, 0, 0, 0, 0, 0, -20.067140579223633, 0.012506484985351562], [0, 0, 0, 0.21878543496131897, 0, 0, 8, 6, 13, 0, 0, 0, 0, 3, 2, 4, 0, 0, 0, 5, 0, 0.5, 0, 0, 0, 0, 0, 0, -39.196861267089844, 5.796039581298828], [1, 0, 1, 0.055499136447906494, 1, 0, 8, 7, 14, 1, 0, 1, 1, 4, 2, 4, 0, 0, 0, 6, 1, 0.6666666666666666, 0, 0, 0, 0, 0, 0, -23.80461883544922, 6.613643646240234], [1, 0, 1, 0.07928940653800964, 0, 0, 8, 9, 16, 1, 0, 1, 1, 6, 2, 2, 0, 0, 0, 8, 0, 0.5, 0, 0, 0, 0, 0, 0, -22.503110885620117, 4.767282485961914], [0, 0, 0, 0.008362025022506714, 0, 0, 8, 3, 10, 0, 0, 0, 0, 1, 1, 3, 0, 0, 0, 2, 0, 0.5, 0, 0, 0, 0, 0, 0, -33.77030563354492, 0.0], [0, 0, 0, 0.09986239671707153, 0, 0, 8, 13, 20, 0, 0, 0, 0, 10, 2, 1, 0, 0, 0, 12, 0, 0.041666666666666664, 0, 0, 0, 0, 0, 0, -27.151609420776367, 2.6948394775390625], [0, 0, 0, 0.010527580976486206, 0, 0, 8, 13, 20, 0, 0, 0, 0, 11, 1, 2, 0, 0, 0, 12, 0, 0.5, 0, 0, 0, 0, 0, 0, -26.6970157623291, 0.013986587524414062], [0, 0, 0, 0.07448238134384155, 0, 0, 8, 7, 14, 0, 0, 0, 0, 5, 1, 1, 0, 0, 0, 6, 0, 0.5, 0, 0, 0, 0, 0, 0, -36.4503288269043, 0.07271575927734375], [1, 0, 1, 0.11743336915969849, 1, 0, 8, 9, 16, 1, 0, 1, 1, 3, 5, 7, 0, 0, 0, 8, 1, 0.6666666666666666, 0, 0, 0, 0, 0, 0, -23.607332229614258, 9.07984733581543], [0, 0, 0, 0.10685452818870544, 0, 0, 8, 3, 10, 0, 0, 0, 0, 1, 1, 3, 0, 0, 0, 2, 0, 0.5, 0, 0, 0, 0, 0, 0, -33.77030563354492, 0.0], [0, 0, 0, 0.004098251461982727, 0, 0, 8, 3, 10, 0, 0, 0, 0, 1, 1, 5, 0, 0, 0, 2, 0, 0.5, 0, 0, 0, 0, 0, 0, -33.77030563354492, 0.0], [0, 0, 0, 0.0899660587310791, 0, 0, 8, 13, 20, 0, 0, 1, 0, 11, 1, 1, 0, 0, 0, 12, 0, 0.041666666666666664, 0, 0, 0, 0, 0, 0, -20.13105583190918, 0.012502670288085938], [0, 0, 0, 0.011197805404663086, 0, 0, 8, 13, 20, 0, 0, 0, 0, 11, 1, 1, 0, 0, 0, 12, 0, 0.2, 0, 0, 0, 0, 0, 0, -20.152807235717773, 0.012498855590820312], [0, 0, 0, 0.31849366426467896, 0, 0, 8, 4, 11, 0, 0, 0, 0, 2, 1, 6, 0, 0, 0, 3, 0, 0.6666666666666666, 0, 0, 0, 0, 0, 0, -26.41431427001953, 0.4239768981933594], [0, 0, 0, 0.20985236763954163, 0, 0, 8, 3, 10, 0, 0, 0, 0, 1, 1, 4, 0, 0, 0, 2, 0, 0.75, 0, 0, 0, 0, 0, 0, -33.77030563354492, 0.0], [0, 0, 0, 0.04034912586212158, 0, 0, 8, 5, 12, 0, 0, 1, 0, 3, 1, 4, 0, 0, 0, 4, 0, 0.6666666666666666, 0, 0, 0, 0, 0, 0, -24.463720321655273, 0.09012031555175781], [0, 0, 0, 0.05301707983016968, 0, 0, 8, 3, 10, 0, 0, 0, 0, 1, 1, 4, 0, 0, 0, 2, 0, 0.5, 0, 0, 0, 0, 0, 0, -33.77030563354492, 0.0], [0, 0, 0, 0.08564537763595581, 0, 0, 8, 3, 10, 0, 0, 0, 0, 1, 1, 4, 0, 0, 0, 2, 0, 0.5, 0, 0, 0, 0, 0, 0, -33.77030563354492, 0.0], [0, 0, 0, 0.03318995237350464, 0, 0, 8, 3, 10, 0, 0, 0, 0, 1, 1, 4, 0, 0, 0, 2, 0, 0.5, 0, 0, 0, 0, 0, 0, -33.77030563354492, 0.0], [0, 0, 1, 0.030561208724975586, 0, 0, 8, 8, 15, 0, 0, 1, 0, 6, 1, 6, 0, 0, 0, 7, 0, 0.6666666666666666, 0, 0, 0, 0, 0, 0, -20.828622817993164, 9.71436882019043], [0, 0, 0, 0.07466670870780945, 0, 0, 8, 13, 20, 0, 0, 0, 0, 11, 1, 2, 0, 0, 0, 12, 0, 0.25, 0, 0, 0, 0, 0, 0, -20.26210594177246, 0.012491226196289062], [1, 0, 0, 0.08545368909835815, 0, 0, 8, 4, 11, 1, 0, 0, 0, 2, 1, 4, 0, 0, 0, 3, 0, 0.5, 0, 0, 0, 0, 0, 0, -26.41431427001953, 0.4239768981933594], [0, 0, 0, 0.06028193235397339, 0, 0, 8, 13, 20, 0, 0, 0, 0, 11, 1, 2, 0, 0, 0, 12, 0, 0.5, 0, 0, 0, 0, 0, 0, -20.03644561767578, 0.012510299682617188], [1, 0, 0, 0.0708351731300354, 0, 0, 8, 5, 12, 1, 0, 0, 0, 2, 2, 4, 0, 0, 0, 4, 0, 0.5, 0, 0, 0, 0, 0, 0, -25.582124710083008, 15.247709274291992], [0, 0, 0, 0.14610308408737183, 0, 1, 8, 6, 13, 0, 0, 0, 0, 4, 1, 5, 0, 0, 0, 5, 0, 0.8, 0, 0, 1, 0, 0, 0, -39.144752502441406, 0.0], [1, 0, 1, 0.17492949962615967, 0, 1, 6, 3, 8, 1, 0, 0, 0, 1, 1, 5, 0, 0, 0, 2, 0, 0.6666666666666666, 0, 0, 1, 0, 0, 0, -26.607397079467773, 16.758657455444336], [0, 0, 0, 0.024766206741333008, 0, 0, 8, 13, 20, 0, 0, 0, 0, 9, 2, 4, 0, 0, 0, 12, 0, 0.6666666666666666, 0, 0, 0, 0, 0, 0, -25.605510711669922, 0.13927650451660156], [0, 0, 0, 0.012802809476852417, 0, 0, 8, 3, 10, 0, 0, 0, 0, 1, 1, 3, 0, 0, 0, 2, 0, 0.5, 0, 0, 0, 0, 0, 0, -33.77030563354492, 0.0], [0, 0, 0, 0.11625146865844727, 0, 0, 8, 3, 10, 0, 0, 0, 0, 1, 1, 5, 0, 0, 0, 2, 0, 0.5, 0, 0, 0, 0, 0, 0, -33.77030563354492, 0.0], [0, 0, 0, 0.013690918684005737, 0, 0, 8, 13, 20, 0, 0, 0, 0, 11, 1, 1, 0, 0, 0, 12, 0, 0.05, 0, 0, 0, 0, 0, 0, -20.597585678100586, 0.012462615966796875], [0, 0, 0, 0.07510930299758911, 0, 0, 8, 13, 20, 0, 0, 0, 0, 11, 1, 1, 0, 0, 0, 12, 0, 0.08, 0, 0, 0, 0, 0, 0, -20.13105583190918, 0.012502670288085938], [0, 0, 0, 0.015733033418655396, 0, 0, 8, 13, 20, 0, 0, 0, 0, 11, 1, 1, 0, 0, 0, 12, 0, 0.05, 0, 0, 0, 0, 0, 0, -20.597585678100586, 0.012462615966796875], [0, 0, 0, 0.0028092265129089355, 0, 0, 8, 4, 11, 0, 0, 0, 0, 1, 2, 5, 0, 0, 0, 3, 0, 0.6666666666666666, 0, 0, 0, 0, 0, 0, -36.336219787597656, 0.0], [0, 0, 0, 0.0066283345222473145, 0, 0, 8, 3, 10, 0, 0, 0, 0, 1, 1, 5, 0, 0, 0, 2, 0, 0.8571428571428571, 0, 0, 0, 0, 0, 0, -33.77030563354492, 0.0], [0, 0, 0, 0.009043514728546143, 0, 0, 8, 5, 12, 0, 0, 0, 0, 3, 1, 4, 0, 0, 0, 4, 0, 0.5, 0, 0, 0, 0, 0, 0, -24.603933334350586, 0.12444114685058594], [0, 0, 0, 7.814168930053711e-05, 0, 0, 8, 3, 10, 0, 0, 0, 0, 1, 1, 4, 0, 0, 0, 2, 0, 0.6666666666666666, 0, 0, 0, 0, 0, 0, -33.77030563354492, 0.0], [0, 0, 0, 0.03241759538650513, 0, 0, 8, 7, 14, 0, 0, 0, 0, 5, 1, 3, 0, 0, 0, 6, 0, 0.5, 0, 0, 0, 0, 0, 0, -22.360370635986328, 0.034664154052734375], [0, 0, 0, 0.02385812997817993, 0, 0, 8, 13, 20, 0, 0, 0, 0, 10, 2, 1, 0, 0, 0, 12, 0, 0.05, 0, 0, 0, 0, 0, 0, -21.640457153320312, 3.0394668579101562], [0, 0, 0, 0.04247337579727173, 0, 0, 8, 13, 20, 0, 0, 1, 0, 11, 1, 1, 0, 0, 0, 12, 0, 0.1111111111111111, 0, 0, 0, 0, 0, 0, -20.328527450561523, 0.012483596801757812], [0, 0, 0, 0.15188193321228027, 0, 0, 8, 3, 10, 0, 0, 0, 0, 1, 1, 4, 0, 0, 0, 2, 0, 0.5, 0, 0, 0, 0, 0, 0, -33.77030563354492, 0.0], [0, 0, 0, 0.01641327142715454, 0, 0, 8, 3, 10, 0, 0, 0, 0, 1, 1, 4, 0, 0, 0, 2, 0, 0.5, 0, 0, 0, 0, 0, 0, -33.77030563354492, 0.0], [0, 0, 0, 0.002699911594390869, 0, 0, 8, 5, 12, 0, 0, 0, 0, 3, 1, 2, 0, 0, 0, 4, 0, 0.5, 0, 0, 0, 0, 0, 0, -24.526206970214844, 0.09002113342285156], [0, 0, 0, 0.022598862648010254, 0, 0, 8, 3, 10, 0, 0, 0, 0, 1, 1, 4, 0, 0, 0, 2, 0, 0.8, 0, 0, 0, 0, 0, 0, -33.77030563354492, 0.0], [0, 0, 0, 0.15074563026428223, 0, 0, 8, 4, 11, 0, 0, 0, 0, 2, 1, 3, 0, 0, 0, 3, 0, 0.5, 0, 0, 0, 0, 0, 0, -36.39665985107422, 0.37094879150390625], [1, 0, 0, 0.0, 0, 0, 8, 10, 17, 1, 0, 1, 0, 4, 4, 5, 0, 0, 0, 9, 0, 0.6666666666666666, 0, 0, 0, 0, 0, 0, -44.68543243408203, 1.6178131103515625], [0, 0, 0, 0.019516974687576294, 0, 0, 8, 13, 20, 0, 0, 0, 0, 11, 1, 1, 0, 0, 0, 12, 0, 0.05, 0, 0, 0, 0, 0, 0, -20.597585678100586, 0.012462615966796875], [0, 0, 0, 0.017030984163284302, 0, 0, 8, 13, 20, 0, 0, 0, 0, 10, 2, 1, 0, 0, 0, 12, 0, 0.007633587786259542, 0, 0, 0, 0, 0, 0, -21.611452102661133, 3.0447311401367188], [0, 0, 0, 0.08143877983093262, 0, 0, 8, 8, 15, 0, 0, 0, 0, 6, 1, 4, 0, 0, 0, 7, 0, 0.5, 0, 0, 0, 0, 0, 0, -35.70132064819336, 0.006557464599609375], [0, 0, 0, 0.03950357437133789, 0, 0, 8, 3, 10, 0, 0, 0, 0, 1, 1, 1, 0, 0, 0, 2, 0, 0.5, 0, 0, 0, 0, 0, 0, -33.77030563354492, 0.0], [0, 0, 0, 0.007784664630889893, 0, 0, 8, 3, 10, 0, 0, 0, 0, 1, 1, 3, 0, 0, 0, 2, 0, 0.5, 0, 0, 0, 0, 0, 0, -33.77030563354492, 0.0], [0, 0, 0, 0.016113698482513428, 0, 0, 8, 3, 10, 0, 0, 0, 0, 1, 1, 7, 0, 0, 0, 2, 0, 0.8571428571428571, 0, 0, 0, 0, 0, 0, -33.77030563354492, 0.0], [0, 0, 0, 0.12776362895965576, 0, 0, 8, 3, 10, 0, 0, 0, 0, 1, 1, 3, 0, 0, 0, 2, 0, 0.5, 0, 0, 0, 0, 0, 0, -33.77030563354492, 0.0], [0, 0, 0, 0.001010298728942871, 0, 0, 8, 13, 20, 0, 0, 0, 0, 8, 4, 4, 0, 0, 0, 12, 0, 0.6666666666666666, 0, 0, 0, 0, 0, 0, -22.502553939819336, 4.84007453918457], [0, 0, 0, 0.02012312412261963, 0, 0, 8, 13, 20, 0, 0, 0, 0, 11, 1, 1, 0, 0, 0, 12, 0, 0.05, 0, 0, 0, 0, 0, 0, -27.288667678833008, 0.05158424377441406], [0, 0, 0, 0.020077824592590332, 0, 0, 8, 4, 11, 0, 0, 0, 0, 2, 1, 5, 0, 0, 0, 3, 0, 0.5, 0, 0, 0, 0, 0, 0, -26.41431427001953, 0.4239768981933594], [0, 0, 0, 0.0676778256893158, 0, 0, 8, 13, 20, 0, 0, 0, 0, 11, 1, 5, 0, 0, 0, 12, 0, 0.5, 0, 0, 0, 0, 0, 0, -20.0946102142334, 0.012502670288085938], [0, 0, 0, 0.11621832847595215, 0, 0, 8, 3, 10, 0, 0, 0, 0, 1, 1, 4, 0, 0, 0, 2, 0, 0.5, 0, 0, 0, 0, 0, 0, -33.77030563354492, 0.0], [0, 0, 0, 0.08458784222602844, 0, 0, 8, 4, 11, 0, 0, 0, 0, 2, 1, 3, 0, 0, 0, 3, 0, 0.5, 0, 0, 0, 0, 0, 0, -26.41431427001953, 0.4239768981933594], [0, 0, 0, 0.022598862648010254, 0, 0, 8, 3, 10, 0, 0, 0, 0, 1, 1, 4, 0, 0, 0, 2, 0, 0.8, 0, 0, 0, 0, 0, 0, -33.77030563354492, 0.0], [0, 0, 0, 0.025238752365112305, 0, 0, 8, 13, 20, 0, 0, 1, 0, 6, 4, 5, 0, 0, 0, 12, 0, 0.6666666666666666, 0, 0, 0, 0, 0, 0, -31.965442657470703, 0.9823265075683594], [0, 0, 0, 0.10151010751724243, 0, 0, 8, 3, 10, 0, 0, 0, 0, 1, 1, 5, 0, 0, 0, 2, 0, 0.5, 0, 0, 0, 0, 0, 0, -33.77030563354492, 0.0], [0, 0, 0, 0.06624233722686768, 0, 0, 8, 13, 20, 0, 0, 0, 0, 11, 1, 3, 0, 0, 0, 12, 0, 0.6666666666666666, 0, 0, 0, 0, 0, 0, -20.353927612304688, 0.012477874755859375], [0, 0, 0, 0.10371768474578857, 0, 0, 8, 4, 11, 0, 0, 0, 0, 2, 1, 4, 0, 0, 0, 3, 0, 0.5, 0, 0, 0, 0, 0, 0, -26.41431427001953, 0.4239768981933594], [0, 0, 0, 0.18955813348293304, 0, 0, 8, 3, 10, 0, 0, 0, 0, 1, 1, 4, 0, 0, 0, 2, 0, 0.8571428571428571, 0, 0, 0, 0, 0, 0, -33.77030563354492, 0.0], [0, 0, 0, 0.0027228742837905884, 0, 0, 8, 3, 10, 0, 0, 0, 0, 1, 1, 4, 0, 0, 0, 2, 0, 0.5, 0, 0, 0, 0, 0, 0, -33.77030563354492, 0.0], [0, 0, 0, 0.03392505645751953, 0, 0, 8, 13, 20, 0, 0, 0, 0, 11, 1, 3, 0, 0, 0, 12, 0, 0.25, 0, 0, 0, 0, 0, 0, -20.001657485961914, 0.012508392333984375], [1, 0, 1, 0.14401137828826904, 1, 0, 8, 6, 13, 1, 0, 1, 1, 3, 2, 5, 0, 0, 0, 5, 1, 0.6666666666666666, 0, 0, 0, 0, 0, 0, -39.060211181640625, 8.919010162353516], [0, 0, 0, 0.05174589157104492, 0, 0, 8, 8, 15, 0, 0, 0, 0, 6, 1, 4, 0, 0, 0, 7, 0, 0.5, 0, 0, 0, 0, 0, 0, -21.697446823120117, 0.026195526123046875], [0, 0, 0, 0.11693823337554932, 0, 0, 8, 4, 11, 0, 0, 0, 0, 2, 1, 3, 0, 0, 0, 3, 0, 0.5, 0, 0, 0, 0, 0, 0, -17.16459083557129, 20.851503372192383], [1, 0, 0, 0.009330809116363525, 0, 0, 8, 3, 10, 1, 1, 0, 0, 1, 1, 2, 0, 0, 0, 2, 0, 0.5, 0, 0, 0, 0, 0, 0, -33.77030563354492, 0.0], [0, 0, 0, 0.01027005910873413, 0, 0, 8, 3, 10, 0, 0, 0, 0, 1, 1, 4, 0, 0, 0, 2, 0, 0.75, 0, 0, 0, 0, 0, 0, -33.77030563354492, 0.0], [0, 0, 0, 0.037201106548309326, 0, 0, 8, 13, 20, 0, 0, 0, 0, 11, 1, 1, 0, 0, 0, 12, 0, 0.1111111111111111, 0, 0, 0, 0, 0, 0, -20.328527450561523, 0.012483596801757812], [0, 0, 1, 0.0025397837162017822, 0, 0, 8, 13, 20, 0, 0, 1, 1, 11, 1, 4, 0, 0, 0, 12, 0, 0.5, 0, 0, 0, 0, 0, 0, -20.052244186401367, 0.012508392333984375], [0, 0, 0, 0.03207272291183472, 0, 0, 8, 3, 10, 0, 0, 0, 0, 1, 1, 6, 0, 0, 0, 2, 0, 0.5, 0, 0, 0, 0, 0, 0, -33.77030563354492, 0.0], [0, 0, 0, 0.009873449802398682, 0, 0, 8, 13, 20, 0, 0, 0, 0, 11, 1, 1, 0, 0, 0, 12, 0, 0.2, 0, 0, 0, 0, 0, 0, -20.556243896484375, 0.0124664306640625], [0, 0, 0, 0.019430577754974365, 0, 0, 8, 6, 13, 0, 0, 0, 0, 4, 1, 1, 0, 0, 0, 5, 0, 0.5, 0, 0, 0, 0, 0, 0, -38.90766143798828, 0.004573822021484375], [0, 0, 0, 0.12412768602371216, 0, 0, 8, 3, 10, 0, 0, 0, 0, 1, 1, 4, 0, 0, 0, 2, 0, 0.5, 0, 0, 0, 0, 0, 0, -33.77030563354492, 0.0], [0, 0, 0, 0.027384459972381592, 0, 0, 8, 5, 12, 0, 0, 0, 0, 3, 1, 5, 0, 0, 0, 4, 0, 0.6666666666666666, 0, 0, 0, 0, 0, 0, -24.526206970214844, 0.09002113342285156], [0, 0, 0, 0.11803528666496277, 0, 0, 8, 3, 10, 0, 0, 0, 0, 1, 1, 5, 0, 0, 0, 2, 0, 0.6666666666666666, 0, 0, 0, 0, 0, 0, -33.77030563354492, 0.0], [1, 0, 0, 0.21881991624832153, 1, 0, 8, 7, 14, 1, 0, 1, 0, 2, 3, 5, 0, 0, 0, 6, 0, 0.6666666666666666, 0, 0, 0, 0, 0, 0, -49.54440689086914, 1.5146751403808594], [0, 0, 0, 0.25919950008392334, 0, 0, 8, 13, 20, 0, 0, 0, 0, 11, 1, 2, 0, 0, 0, 12, 0, 0.75, 0, 0, 0, 0, 0, 0, -20.019628524780273, 0.012508392333984375], [0, 0, 0, 0.06059122085571289, 0, 0, 8, 3, 10, 0, 0, 0, 0, 1, 1, 4, 0, 0, 0, 2, 0, 0.5, 0, 0, 0, 0, 0, 0, -33.77030563354492, 0.0], [0, 0, 0, 0.015252768993377686, 0, 0, 8, 5, 12, 0, 0, 0, 0, 3, 1, 7, 0, 0, 0, 4, 0, 0.8571428571428571, 0, 0, 0, 0, 0, 0, -24.526206970214844, 0.09002113342285156], [0, 0, 0, 0.013084053993225098, 0, 0, 8, 10, 17, 0, 0, 0, 0, 7, 2, 2, 0, 0, 0, 9, 0, 0.5, 0, 0, 0, 0, 0, 0, -40.155128479003906, 5.030658721923828], [0, 0, 0, 0.22737014293670654, 0, 0, 8, 13, 20, 0, 0, 0, 0, 11, 1, 2, 0, 0, 0, 12, 0, 0.75, 0, 0, 0, 0, 0, 0, -20.019628524780273, 0.012508392333984375], [0, 0, 0, 0.08286629617214203, 0, 0, 8, 3, 10, 0, 0, 0, 0, 1, 1, 4, 0, 0, 0, 2, 0, 0.5, 0, 0, 0, 0, 0, 0, -33.77030563354492, 0.0], [0, 0, 0, 0.10765975713729858, 0, 0, 8, 12, 19, 0, 0, 0, 0, 9, 2, 5, 0, 0, 0, 11, 0, 0.6, 0, 0, 0, 0, 0, 0, -27.037168502807617, 2.7686119079589844], [0, 0, 0, 0.08394867181777954, 0, 0, 8, 6, 13, 0, 0, 0, 0, 4, 1, 4, 0, 0, 0, 5, 0, 0.6666666666666666, 0, 0, 0, 0, 0, 0, -39.051918029785156, 0.08806991577148438], [0, 0, 0, 0.02229359745979309, 0, 0, 8, 13, 20, 0, 0, 0, 0, 10, 2, 1, 0, 0, 0, 12, 0, 0.05, 0, 0, 0, 0, 0, 0, -21.723115921020508, 3.045186996459961], [0, 0, 0, 0.02545827627182007, 0, 0, 8, 3, 10, 0, 0, 0, 0, 1, 1, 3, 0, 0, 0, 2, 0, 0.5, 0, 0, 0, 0, 0, 0, -33.77030563354492, 0.0], [1, 0, 1, 0.03080272674560547, 0, 0, 8, 10, 17, 1, 0, 1, 1, 7, 2, 5, 0, 0, 0, 9, 0, 0.5, 0, 0, 0, 0, 0, 0, -22.061857223510742, 4.176076889038086], [1, 0, 1, 0.0012845993041992188, 1, 0, 8, 5, 12, 1, 0, 1, 1, 2, 2, 7, 0, 0, 0, 4, 1, 0.8571428571428571, 0, 0, 0, 0, 0, 0, -25.57879638671875, 15.156429290771484], [0, 0, 0, 0.041950881481170654, 0, 0, 8, 3, 10, 0, 0, 0, 0, 1, 1, 3, 0, 0, 0, 2, 0, 0.5, 0, 0, 0, 0, 0, 0, -33.77030563354492, 0.0], [0, 0, 0, 0.11216747760772705, 0, 0, 8, 3, 10, 0, 0, 0, 0, 1, 1, 5, 0, 0, 0, 2, 0, 0.5, 0, 0, 0, 0, 0, 0, -33.77030563354492, 0.0], [0, 0, 0, 0.004450112581253052, 0, 0, 8, 4, 11, 0, 0, 0, 0, 2, 1, 3, 0, 0, 0, 3, 0, 0.5, 0, 0, 0, 0, 0, 0, -26.41431427001953, 0.4239768981933594], [1, 0, 0, 0.08978927135467529, 1, 0, 8, 5, 12, 1, 0, 1, 0, 3, 1, 2, 0, 0, 0, 4, 0, 0.5, 0, 0, 0, 0, 0, 0, -24.463720321655273, 0.09012031555175781], [0, 0, 0, 0.0607028603553772, 0, 0, 8, 4, 11, 0, 0, 0, 0, 2, 1, 1, 0, 0, 0, 3, 0, 0.5, 0, 0, 0, 0, 0, 0, -26.41431427001953, 0.4239768981933594], [0, 0, 0, 0.03813982009887695, 0, 0, 8, 6, 13, 0, 0, 0, 0, 4, 1, 4, 0, 0, 0, 5, 0, 0.6666666666666666, 0, 0, 0, 0, 0, 0, -23.257408142089844, 0.05104255676269531], [0, 0, 0, 0.05590027570724487, 0, 0, 8, 4, 11, 0, 0, 0, 0, 1, 2, 6, 0, 0, 0, 3, 0, 0.75, 0, 0, 0, 0, 0, 0, -36.336219787597656, 0.0], [0, 0, 0, 0.017042875289916992, 0, 0, 8, 13, 20, 0, 0, 0, 0, 11, 1, 1, 0, 0, 0, 12, 0, 0.05, 0, 0, 0, 0, 0, 0, -20.597585678100586, 0.012462615966796875], [1, 0, 1, 0.01328122615814209, 1, 0, 8, 13, 20, 1, 0, 1, 1, 8, 3, 3, 0, 0, 0, 12, 1, 0.6666666666666666, 0, 0, 0, 0, 0, 0, -26.787813186645508, 0.24637413024902344], [0, 0, 0, 0.010661482810974121, 0, 0, 8, 3, 10, 0, 0, 0, 0, 1, 1, 6, 0, 0, 0, 2, 0, 0.6666666666666666, 0, 0, 0, 0, 0, 0, -33.77030563354492, 0.0], [0, 0, 0, 0.0034292936325073242, 0, 0, 8, 13, 20, 0, 0, 0, 0, 9, 3, 3, 0, 0, 0, 12, 0, 0.6666666666666666, 0, 0, 0, 0, 0, 0, -21.957857131958008, 3.8589916229248047], [0, 0, 0, 0.025325536727905273, 0, 0, 8, 13, 20, 0, 0, 0, 0, 11, 1, 1, 0, 0, 0, 12, 0, 0.125, 0, 0, 0, 0, 0, 0, -20.019628524780273, 0.012508392333984375], [0, 0, 0, 0.08575767278671265, 0, 0, 8, 4, 11, 0, 0, 0, 0, 2, 1, 4, 0, 0, 0, 3, 0, 0.5, 0, 0, 0, 0, 0, 0, -26.41431427001953, 0.4239768981933594], [0, 0, 0, 0.20024853944778442, 0, 0, 8, 3, 10, 0, 1, 0, 0, 1, 1, 5, 0, 0, 0, 2, 0, 0.75, 0, 0, 0, 0, 0, 0, -33.77030563354492, 0.0], [0, 0, 0, 0.01775282621383667, 0, 0, 8, 13, 20, 0, 0, 0, 0, 11, 1, 1, 0, 0, 0, 12, 0, 0.05, 0, 0, 0, 0, 0, 0, -20.019628524780273, 0.012508392333984375], [0, 0, 0, 0.038017213344573975, 0, 0, 8, 3, 10, 0, 0, 0, 0, 1, 1, 6, 0, 0, 0, 2, 0, 0.8571428571428571, 0, 0, 0, 0, 0, 0, -33.77030563354492, 0.0], [0, 0, 0, 0.027702242136001587, 0, 0, 8, 13, 20, 0, 0, 0, 0, 11, 1, 3, 0, 0, 0, 12, 0, 0.5, 0, 0, 0, 0, 0, 0, -20.001657485961914, 0.012508392333984375], [0, 0, 0, 0.011567801237106323, 0, 0, 8, 13, 20, 0, 0, 0, 0, 11, 1, 2, 0, 0, 0, 12, 0, 0.25, 0, 0, 0, 0, 0, 0, -26.644033432006836, 0.014001846313476562], [1, 0, 0, 0.08630919456481934, 0, 0, 8, 4, 11, 1, 0, 1, 0, 2, 1, 4, 0, 0, 0, 3, 0, 0.5, 0, 0, 0, 0, 0, 0, -26.331144332885742, 0.42426490783691406], [0, 0, 0, 0.0, 0, 0, 6, 13, 18, 0, 0, 0, 0, 9, 2, 4, 0, 0, 0, 12, 0, 0.6, 0, 0, 0, 0, 0, 0, -25.371036529541016, 0.13927841186523438], [0, 0, 0, 0.08543440699577332, 0, 0, 8, 3, 10, 0, 0, 0, 0, 1, 1, 3, 0, 0, 0, 2, 0, 0.5, 0, 0, 0, 0, 0, 0, -33.77030563354492, 0.0], [1, 0, 1, 0.0, 0, 0, 6, 10, 15, 1, 0, 1, 1, 4, 3, 3, 0, 0, 0, 9, 0, 0.6666666666666666, 0, 0, 0, 0, 0, 0, -48.86399841308594, 0.9807319641113281], [0, 0, 0, 0.002809286117553711, 0, 0, 8, 3, 10, 0, 1, 0, 0, 1, 1, 6, 0, 0, 0, 2, 0, 0.6666666666666666, 0, 0, 0, 0, 0, 0, -33.77030563354492, 0.0], [0, 0, 1, 0.006653159856796265, 0, 0, 8, 6, 13, 0, 0, 1, 1, 2, 3, 4, 0, 0, 0, 5, 0, 0.5, 0, 0, 0, 0, 0, 0, -36.39022445678711, 16.930221557617188], [0, 0, 0, 0.03801727294921875, 0, 0, 8, 3, 10, 0, 0, 0, 0, 1, 1, 6, 0, 0, 0, 2, 0, 0.8571428571428571, 0, 0, 0, 0, 0, 0, -33.77030563354492, 0.0], [1, 0, 0, 0.08606624603271484, 0, 0, 8, 6, 13, 1, 0, 1, 0, 4, 1, 4, 0, 0, 0, 5, 1, 0.75, 0, 0, 0, 0, 0, 0, -23.207412719726562, 0.05108451843261719], [0, 0, 0, 0.01791033148765564, 0, 0, 8, 13, 20, 0, 0, 0, 0, 11, 1, 1, 0, 0, 0, 12, 0, 0.05, 0, 0, 0, 0, 0, 0, -20.597585678100586, 0.012462615966796875], [0, 0, 0, 0.044380784034729004, 0, 0, 8, 5, 12, 0, 0, 0, 0, 3, 1, 3, 0, 0, 0, 4, 0, 0.5, 0, 0, 0, 0, 0, 0, -24.526206970214844, 0.09002113342285156], [1, 0, 0, 0.15853840112686157, 0, 0, 8, 13, 20, 1, 1, 0, 0, 7, 4, 1, 0, 0, 0, 12, 0, 0.5, 0, 0, 0, 0, 0, 0, -27.81270980834961, 0.7271404266357422], [0, 0, 0, 0.01634654402732849, 0, 0, 8, 3, 10, 0, 0, 0, 0, 1, 1, 3, 0, 0, 0, 2, 0, 0.5, 0, 0, 0, 0, 0, 0, -33.77030563354492, 0.0], [0, 0, 0, 0.05240848660469055, 0, 0, 8, 13, 20, 0, 0, 0, 0, 11, 1, 1, 0, 0, 0, 12, 0, 0.024539877300613498, 0, 0, 0, 0, 0, 0, -20.275501251220703, 0.01248931884765625], [1, 0, 0, 0.002289324998855591, 0, 0, 8, 5, 12, 1, 0, 0, 0, 3, 1, 5, 0, 0, 0, 4, 0, 0.5, 0, 0, 0, 0, 0, 0, -24.526206970214844, 0.09002113342285156], [0, 0, 0, 0.043660521507263184, 0, 0, 8, 3, 10, 0, 0, 0, 0, 1, 1, 5, 0, 0, 0, 2, 0, 0.6666666666666666, 0, 0, 0, 0, 0, 0, -33.77030563354492, 0.0], [0, 0, 0, 0.046321332454681396, 0, 0, 8, 13, 20, 0, 0, 0, 0, 11, 1, 2, 0, 0, 0, 12, 0, 0.6666666666666666, 0, 0, 0, 0, 0, 0, -19.98235321044922, 0.012516021728515625], [0, 0, 0, 0.05498592555522919, 0, 0, 8, 4, 11, 0, 0, 0, 0, 1, 2, 1, 0, 0, 0, 3, 0, 0.1111111111111111, 0, 0, 0, 0, 0, 0, -36.336219787597656, 0.0], [0, 0, 0, 0.02370244264602661, 0, 0, 8, 13, 20, 0, 0, 0, 0, 11, 1, 1, 0, 0, 0, 12, 0, 0.05, 0, 0, 0, 0, 0, 0, -20.597585678100586, 0.012462615966796875], [0, 0, 0, 0.04048794507980347, 0, 0, 8, 3, 10, 0, 0, 0, 0, 1, 1, 4, 0, 0, 0, 2, 0, 0.5, 0, 0, 0, 0, 0, 0, -33.77030563354492, 0.0], [0, 0, 0, 0.03361248970031738, 0, 0, 8, 13, 20, 0, 0, 0, 0, 10, 2, 5, 0, 0, 0, 12, 0, 0.5, 0, 0, 0, 0, 0, 0, -21.33315658569336, 3.041400909423828], [0, 0, 0, 0.007821843028068542, 0, 0, 8, 3, 10, 0, 0, 0, 0, 1, 1, 1, 0, 0, 0, 2, 0, 0.037037037037037035, 0, 0, 0, 0, 0, 0, -33.77030563354492, 0.0], [0, 0, 0, 0.07028362154960632, 0, 0, 8, 13, 20, 0, 0, 0, 0, 11, 1, 1, 0, 0, 0, 12, 0, 0.024539877300613498, 0, 0, 0, 0, 0, 0, -20.275501251220703, 0.01248931884765625], [0, 0, 1, 0.006653159856796265, 0, 0, 8, 6, 13, 0, 0, 1, 1, 2, 3, 4, 0, 0, 0, 5, 0, 0.5, 0, 0, 0, 0, 0, 0, -36.75214767456055, 15.454341888427734], [0, 0, 0, 0.08810901641845703, 0, 0, 8, 5, 12, 0, 0, 0, 0, 3, 1, 6, 0, 0, 0, 4, 0, 0.6666666666666666, 0, 0, 0, 0, 0, 0, -24.526206970214844, 0.09002113342285156], [0, 0, 0, 0.0054590702056884766, 0, 0, 8, 3, 10, 0, 0, 0, 0, 1, 1, 6, 0, 0, 0, 2, 0, 0.5, 0, 0, 0, 0, 0, 0, -33.77030563354492, 0.0], [0, 0, 0, 0.038017213344573975, 0, 0, 8, 4, 11, 0, 0, 0, 0, 1, 2, 6, 0, 0, 0, 3, 0, 0.8571428571428571, 0, 0, 0, 0, 0, 0, -36.336219787597656, 0.0], [0, 0, 0, 0.0063721537590026855, 0, 0, 8, 5, 12, 0, 0, 0, 0, 3, 1, 4, 0, 0, 0, 4, 0, 0.75, 0, 0, 0, 0, 0, 0, -24.526206970214844, 0.09002113342285156], [1, 0, 0, 0.1758803129196167, 1, 0, 8, 5, 12, 1, 0, 0, 0, 3, 1, 2, 0, 0, 0, 4, 0, 0.3333333333333333, 0, 0, 0, 0, 0, 0, -24.526206970214844, 0.09002113342285156], [0, 0, 0, 0.010582387447357178, 0, 0, 8, 3, 10, 0, 0, 0, 0, 1, 1, 3, 0, 0, 0, 2, 0, 0.5, 0, 0, 0, 0, 0, 0, -33.77030563354492, 0.0], [0, 0, 0, 0.22534120082855225, 0, 0, 8, 3, 10, 0, 0, 0, 0, 1, 1, 3, 0, 0, 0, 2, 0, 0.75, 0, 0, 0, 0, 0, 0, -33.77030563354492, 0.0], [0, 0, 0, 0.19691157341003418, 0, 0, 8, 3, 10, 0, 0, 0, 0, 1, 1, 5, 0, 0, 0, 2, 0, 0.6666666666666666, 0, 0, 0, 0, 0, 0, -33.77030563354492, 0.0], [1, 0, 0, 0.024632275104522705, 0, 0, 8, 3, 10, 1, 0, 0, 0, 1, 1, 4, 0, 0, 0, 2, 0, 0.6666666666666666, 0, 0, 0, 0, 0, 0, -33.77030563354492, 0.0], [0, 0, 0, 0.013641178607940674, 0, 0, 8, 3, 10, 0, 0, 0, 0, 1, 1, 5, 0, 0, 0, 2, 0, 0.5, 0, 0, 0, 0, 0, 0, -33.77030563354492, 0.0], [0, 0, 0, 0.07106837630271912, 0, 0, 8, 13, 20, 0, 0, 0, 0, 11, 1, 3, 0, 0, 0, 12, 0, 0.5555555555555556, 0, 0, 0, 0, 0, 0, -20.03644561767578, 0.012510299682617188], [0, 0, 1, 0.010797947645187378, 0, 0, 8, 13, 20, 0, 0, 1, 1, 10, 2, 1, 0, 0, 0, 12, 0, 0.09523809523809523, 0, 0, 0, 0, 0, 0, -21.342832565307617, 3.040895462036133], [0, 0, 0, 0.20024853944778442, 0, 0, 8, 3, 10, 0, 0, 0, 0, 1, 1, 5, 0, 0, 0, 2, 0, 0.75, 0, 0, 0, 0, 0, 0, -33.77030563354492, 0.0], [0, 0, 0, 0.0022334158420562744, 0, 0, 8, 5, 12, 0, 0, 0, 0, 3, 1, 4, 0, 0, 0, 4, 0, 0.5, 0, 0, 0, 0, 0, 0, -24.526206970214844, 0.09002113342285156], [0, 0, 0, 0.1252211332321167, 0, 0, 8, 3, 10, 0, 0, 0, 0, 1, 1, 3, 0, 0, 0, 2, 0, 0.5, 0, 0, 0, 0, 0, 0, -33.77030563354492, 0.0], [1, 0, 0, 0.044806838035583496, 1, 0, 8, 13, 20, 1, 0, 1, 0, 11, 1, 6, 0, 0, 0, 12, 1, 0.6666666666666666, 0, 0, 0, 0, 0, 0, -20.019628524780273, 0.012508392333984375], [0, 0, 0, 0.007036387920379639, 0, 0, 8, 13, 20, 0, 0, 0, 0, 10, 2, 1, 0, 0, 0, 12, 0, 0.2, 0, 0, 0, 0, 0, 0, -21.32634735107422, 3.0385990142822266], [0, 0, 0, 0.04975992441177368, 0, 0, 8, 13, 20, 0, 0, 0, 0, 11, 1, 1, 0, 0, 0, 12, 0, 0.024539877300613498, 0, 0, 0, 0, 0, 0, -20.275501251220703, 0.01248931884765625], [1, 0, 0, 0.04534178972244263, 0, 0, 8, 3, 10, 1, 0, 0, 0, 1, 1, 4, 0, 0, 0, 2, 0, 0.6, 0, 0, 0, 0, 0, 0, -33.77030563354492, 0.0], [1, 0, 0, 0.12520015239715576, 0, 0, 8, 3, 10, 1, 0, 0, 0, 1, 1, 5, 0, 0, 0, 2, 0, 0.6666666666666666, 0, 0, 0, 0, 0, 0, -33.77030563354492, 0.0], [0, 0, 0, 0.017421573400497437, 0, 0, 8, 5, 12, 0, 0, 0, 0, 3, 1, 2, 0, 0, 0, 4, 0, 0.5, 0, 0, 0, 0, 0, 0, -24.526206970214844, 0.09002113342285156], [0, 0, 0, 0.013942897319793701, 0, 0, 8, 13, 20, 0, 0, 0, 0, 11, 1, 1, 0, 0, 0, 12, 0, 0.2, 0, 0, 0, 0, 0, 0, -20.556243896484375, 0.0124664306640625], [0, 0, 0, 0.1006971001625061, 0, 0, 8, 13, 20, 0, 0, 0, 0, 9, 3, 4, 0, 0, 0, 12, 0, 0.5, 0, 0, 0, 0, 0, 0, -21.78691864013672, 3.9641151428222656], [0, 0, 0, 0.0008468329906463623, 0, 0, 8, 5, 12, 0, 0, 0, 0, 3, 1, 4, 0, 0, 0, 4, 0, 0.5, 0, 0, 0, 0, 0, 0, -24.526206970214844, 0.09002113342285156], [0, 0, 0, 0.012187778949737549, 0, 0, 8, 4, 11, 0, 0, 0, 0, 2, 1, 6, 0, 0, 0, 3, 0, 0.5, 0, 0, 0, 0, 0, 0, -17.50965690612793, 20.2583065032959], [1, 0, 0, 0.08993250131607056, 0, 0, 8, 13, 20, 1, 0, 1, 0, 5, 4, 1, 0, 0, 0, 12, 0, 0.5, 0, 0, 0, 0, 0, 0, -33.88783645629883, 0.5315055847167969], [1, 0, 1, 0.044806838035583496, 1, 0, 8, 13, 20, 1, 0, 1, 1, 10, 2, 6, 0, 0, 0, 12, 1, 0.6666666666666666, 0, 0, 0, 0, 0, 0, -27.03897476196289, 2.713825225830078], [0, 0, 0, 0.02152913808822632, 0, 0, 8, 4, 11, 0, 0, 0, 0, 2, 1, 4, 0, 0, 0, 3, 0, 0.6666666666666666, 0, 0, 0, 0, 0, 0, -26.41431427001953, 0.4239768981933594], [1, 0, 1, 0.032379865646362305, 1, 0, 8, 4, 11, 1, 0, 1, 1, 2, 1, 6, 0, 0, 0, 3, 1, 0.8571428571428571, 0, 0, 0, 0, 0, 0, -26.331144332885742, 0.42426490783691406], [0, 0, 0, 0.013719916343688965, 0, 0, 8, 13, 20, 0, 0, 0, 0, 8, 3, 4, 0, 0, 0, 12, 0, 0.6666666666666666, 0, 0, 0, 0, 0, 0, -27.074081420898438, 0.2962913513183594], [0, 0, 0, 0.033873289823532104, 0, 0, 8, 3, 10, 0, 0, 0, 0, 1, 1, 3, 0, 0, 0, 2, 0, 0.5, 0, 0, 0, 0, 0, 0, -33.77030563354492, 0.0], [1, 0, 0, 0.029194295406341553, 1, 0, 8, 5, 12, 1, 0, 1, 0, 3, 1, 1, 0, 0, 0, 4, 0, 0.5, 0, 0, 0, 0, 0, 0, -24.463720321655273, 0.09012031555175781], [0, 0, 0, 0.01644611358642578, 0, 0, 8, 3, 10, 0, 0, 0, 0, 1, 1, 5, 0, 0, 0, 2, 0, 0.5, 0, 0, 0, 0, 0, 0, -33.77030563354492, 0.0], [0, 0, 0, 0.1323135495185852, 0, 0, 8, 7, 14, 0, 0, 0, 0, 4, 2, 5, 0, 0, 0, 6, 0, 0.6, 0, 0, 0, 0, 0, 0, -23.721860885620117, 6.607183456420898], [0, 0, 0, 0.010741949081420898, 0, 0, 8, 3, 10, 0, 0, 0, 0, 1, 1, 4, 0, 0, 0, 2, 0, 0.6666666666666666, 0, 0, 0, 0, 0, 0, -33.77030563354492, 0.0], [0, 0, 0, 0.06550353765487671, 0, 0, 8, 3, 10, 0, 0, 0, 0, 1, 1, 5, 0, 0, 0, 2, 0, 0.5, 0, 0, 0, 0, 0, 0, -33.77030563354492, 0.0], [0, 0, 0, 0.08154389262199402, 0, 0, 8, 4, 11, 0, 0, 0, 0, 1, 2, 1, 0, 0, 0, 3, 0, 0.125, 0, 0, 0, 0, 0, 0, -36.336219787597656, 0.0], [0, 0, 0, 0.08673164248466492, 0, 0, 8, 3, 10, 0, 0, 0, 0, 1, 1, 5, 0, 0, 0, 2, 0, 0.5, 0, 0, 0, 0, 0, 0, -33.77030563354492, 0.0], [0, 0, 0, 0.050283581018447876, 0, 0, 8, 13, 20, 0, 0, 0, 0, 11, 1, 4, 0, 0, 0, 12, 0, 0.6666666666666666, 0, 0, 0, 0, 0, 0, -19.98235321044922, 0.012516021728515625], [1, 0, 1, 0.07491597533226013, 0, 0, 8, 4, 11, 1, 0, 1, 1, 2, 1, 3, 0, 0, 0, 3, 0, 0.5, 0, 0, 0, 0, 0, 0, -26.331144332885742, 0.42426490783691406], [0, 0, 0, 0.0183773934841156, 0, 0, 8, 13, 20, 0, 0, 0, 0, 11, 1, 1, 0, 0, 0, 12, 0, 0.05, 0, 0, 0, 0, 0, 0, -20.597585678100586, 0.012462615966796875], [0, 0, 0, 0.0973273515701294, 0, 0, 8, 3, 10, 0, 0, 0, 0, 1, 1, 4, 0, 0, 0, 2, 0, 0.6666666666666666, 0, 0, 0, 0, 0, 0, -33.77030563354492, 0.0], [0, 0, 0, 0.08377152681350708, 0, 0, 8, 4, 11, 0, 0, 0, 0, 2, 1, 4, 0, 0, 0, 3, 0, 0.6666666666666666, 0, 0, 0, 0, 0, 0, -26.41431427001953, 0.4239768981933594], [0, 0, 0, 0.02209445834159851, 0, 0, 8, 13, 20, 0, 0, 0, 0, 11, 1, 1, 0, 0, 0, 12, 0, 0.05, 0, 0, 0, 0, 0, 0, -20.597585678100586, 0.012462615966796875], [0, 0, 0, 0.07074850797653198, 0, 0, 8, 11, 18, 0, 0, 0, 0, 9, 1, 4, 0, 0, 0, 10, 0, 0.5, 0, 0, 0, 0, 0, 0, -34.51111602783203, 0.035831451416015625], [0, 0, 0, 0.003021329641342163, 0, 0, 8, 3, 10, 0, 0, 0, 0, 1, 1, 3, 0, 0, 0, 2, 0, 0.5, 0, 0, 0, 0, 0, 0, -33.77030563354492, 0.0], [0, 0, 0, 0.013003647327423096, 0, 0, 8, 3, 10, 0, 0, 0, 0, 1, 1, 3, 0, 0, 0, 2, 0, 0.5, 0, 0, 0, 0, 0, 0, -33.77030563354492, 0.0], [0, 0, 0, 0.13800674676895142, 0, 0, 8, 4, 11, 0, 0, 0, 0, 2, 1, 1, 0, 0, 0, 3, 0, 0.18181818181818182, 0, 0, 0, 0, 0, 0, -26.41431427001953, 0.4239768981933594], [0, 0, 0, 0.056358516216278076, 0, 0, 8, 3, 10, 0, 0, 0, 0, 1, 1, 4, 0, 0, 0, 2, 0, 0.5, 0, 0, 0, 0, 0, 0, -33.77030563354492, 0.0], [1, 0, 0, 0.05590027570724487, 0, 0, 8, 3, 10, 1, 0, 0, 0, 1, 1, 7, 0, 0, 0, 2, 0, 0.75, 0, 0, 0, 0, 0, 0, -33.77030563354492, 0.0], [0, 0, 0, 0.07998961210250854, 0, 0, 8, 5, 12, 0, 0, 0, 0, 3, 1, 2, 0, 0, 0, 4, 0, 0.8, 0, 0, 0, 0, 0, 0, -24.526206970214844, 0.09002113342285156], [0, 0, 0, 0.0024395138025283813, 0, 0, 8, 3, 10, 0, 0, 0, 0, 1, 1, 5, 0, 0, 0, 2, 0, 0.5, 0, 0, 0, 0, 0, 0, -33.77030563354492, 0.0], [0, 0, 0, 0.44140344858169556, 0, 0, 8, 3, 10, 0, 0, 0, 0, 1, 1, 5, 0, 0, 0, 2, 0, 0.5, 0, 0, 0, 0, 0, 0, -33.77030563354492, 0.0], [0, 0, 0, 0.14301836490631104, 0, 0, 8, 5, 12, 0, 0, 0, 0, 3, 1, 7, 0, 0, 0, 4, 0, 0.5, 0, 0, 0, 0, 0, 0, -24.526206970214844, 0.09002113342285156], [0, 0, 0, 0.125200092792511, 0, 0, 8, 3, 10, 0, 0, 0, 0, 1, 1, 5, 0, 0, 0, 2, 0, 0.6666666666666666, 0, 0, 0, 0, 0, 0, -33.77030563354492, 0.0], [0, 0, 0, 0.004856705665588379, 0, 0, 8, 4, 11, 0, 0, 0, 0, 2, 1, 4, 0, 0, 0, 3, 0, 0.6666666666666666, 0, 0, 0, 0, 0, 0, -26.41431427001953, 0.4239768981933594], [0, 0, 0, 0.01335984468460083, 0, 0, 8, 5, 12, 0, 1, 0, 0, 3, 1, 4, 0, 0, 0, 4, 0, 0.5, 0, 0, 0, 0, 0, 0, -24.526206970214844, 0.09002113342285156], [0, 0, 0, 0.4611845016479492, 0, 0, 8, 3, 10, 0, 0, 0, 0, 1, 1, 3, 0, 0, 0, 2, 0, 0.5, 0, 0, 0, 0, 0, 0, -33.77030563354492, 0.0], [0, 0, 0, 0.1749483346939087, 0, 0, 8, 9, 16, 0, 0, 0, 0, 6, 2, 3, 0, 0, 0, 8, 0, 0.5, 0, 0, 0, 0, 0, 0, -22.653030395507812, 4.77678108215332], [0, 0, 0, 0.0054435133934021, 0, 0, 8, 12, 19, 0, 0, 0, 0, 9, 2, 2, 0, 0, 0, 11, 0, 0.5, 0, 0, 0, 0, 0, 0, -21.207136154174805, 3.3503475189208984], [0, 0, 0, 0.3828665614128113, 0, 0, 8, 3, 10, 0, 0, 0, 0, 1, 1, 4, 0, 0, 0, 2, 0, 0.5, 0, 0, 0, 0, 0, 0, -33.77030563354492, 0.0], [0, 0, 0, 0.05446977913379669, 0, 0, 8, 3, 10, 0, 0, 0, 0, 1, 1, 3, 0, 0, 0, 2, 0, 0.5, 0, 0, 0, 0, 0, 0, -33.77030563354492, 0.0], [0, 0, 0, 0.04527026414871216, 0, 0, 8, 13, 20, 0, 0, 0, 0, 11, 1, 4, 0, 0, 0, 12, 0, 0.5, 0, 0, 0, 0, 0, 0, -20.20038414001465, 0.012495040893554688], [0, 0, 0, 0.018296658992767334, 0, 0, 8, 4, 11, 0, 0, 0, 0, 2, 1, 3, 0, 0, 0, 3, 0, 0.6666666666666666, 0, 0, 0, 0, 0, 0, -24.474803924560547, 15.42172622680664], [0, 0, 0, 0.007093310356140137, 0, 0, 8, 5, 12, 0, 0, 0, 0, 3, 1, 4, 0, 0, 0, 4, 0, 0.5, 0, 0, 0, 0, 0, 0, -24.526206970214844, 0.09002113342285156], [0, 0, 0, 0.13105565309524536, 0, 0, 8, 3, 10, 0, 0, 0, 0, 1, 1, 3, 0, 0, 0, 2, 0, 0.5, 0, 0, 0, 0, 0, 0, -33.77030563354492, 0.0], [0, 0, 0, 0.07971912622451782, 0, 0, 8, 3, 10, 0, 0, 0, 0, 1, 1, 4, 0, 0, 0, 2, 0, 0.5, 0, 0, 0, 0, 0, 0, -33.77030563354492, 0.0], [0, 0, 0, 0.07567897439002991, 0, 0, 8, 10, 17, 0, 0, 0, 0, 8, 1, 2, 0, 0, 0, 9, 0, 0.5, 0, 0, 0, 0, 0, 0, -39.4763298034668, 0.01038360595703125], [0, 0, 0, 0.04208835959434509, 0, 0, 8, 13, 20, 0, 0, 0, 0, 11, 1, 1, 0, 0, 0, 12, 0, 0.1111111111111111, 0, 0, 0, 0, 0, 0, -20.328527450561523, 0.012483596801757812], [0, 0, 0, 0.09442806243896484, 0, 0, 8, 3, 10, 0, 0, 0, 0, 1, 1, 4, 0, 0, 0, 2, 0, 0.5, 0, 0, 0, 0, 0, 0, -33.77030563354492, 0.0], [0, 0, 0, 0.07658547163009644, 0, 0, 8, 3, 10, 0, 0, 0, 0, 1, 1, 5, 0, 0, 0, 2, 0, 0.6666666666666666, 0, 0, 0, 0, 0, 0, -33.77030563354492, 0.0], [1, 0, 0, 0.17110764980316162, 0, 0, 8, 5, 12, 1, 0, 0, 0, 3, 1, 6, 0, 0, 0, 4, 0, 0.6666666666666666, 0, 0, 0, 0, 0, 0, -24.526206970214844, 0.09002113342285156], [0, 0, 0, 0.02202439308166504, 0, 0, 8, 13, 20, 0, 0, 0, 0, 8, 3, 4, 0, 0, 0, 12, 0, 0.6666666666666666, 0, 0, 0, 0, 0, 0, -27.14318084716797, 0.2260570526123047], [0, 0, 0, 0.020092308521270752, 0, 0, 8, 5, 12, 0, 0, 0, 0, 3, 1, 2, 0, 0, 0, 4, 0, 0.5, 0, 0, 0, 0, 0, 0, -24.526206970214844, 0.09002113342285156], [0, 0, 0, 0.00603407621383667, 0, 0, 8, 8, 15, 0, 0, 0, 0, 6, 1, 1, 0, 0, 0, 7, 0, 0.2, 0, 0, 0, 0, 0, 0, -21.697446823120117, 0.026195526123046875], [0, 0, 0, 0.08453013002872467, 0, 0, 8, 3, 10, 0, 0, 0, 0, 1, 1, 4, 0, 0, 0, 2, 0, 0.5, 0, 0, 0, 0, 0, 0, -33.77030563354492, 0.0], [1, 0, 1, 0.0, 0, 0, 7, 4, 10, 1, 0, 1, 1, 2, 1, 4, 0, 0, 0, 3, 0, 0.5, 0, 0, 0, 0, 0, 0, -26.331144332885742, 0.42426490783691406], [0, 0, 0, 0.013296142220497131, 0, 0, 8, 3, 10, 0, 0, 0, 0, 1, 1, 5, 0, 0, 0, 2, 0, 0.6666666666666666, 0, 0, 0, 0, 0, 0, -33.77030563354492, 0.0], [0, 0, 1, 0.021689683198928833, 0, 0, 8, 13, 20, 0, 0, 1, 0, 11, 1, 1, 0, 0, 0, 12, 0, 0.05, 0, 0, 0, 0, 0, 0, -22.075397491455078, 7.8361968994140625], [0, 0, 0, 0.06809565424919128, 0, 0, 8, 5, 12, 0, 0, 0, 0, 3, 1, 4, 0, 0, 0, 4, 0, 0.6666666666666666, 0, 0, 0, 0, 0, 0, -24.526206970214844, 0.09002113342285156], [0, 0, 0, 0.12787845730781555, 0, 0, 8, 10, 17, 0, 0, 0, 0, 8, 1, 4, 0, 0, 0, 9, 0, 0.5, 0, 0, 0, 0, 0, 0, -20.790061950683594, 0.018468856811523438], [0, 0, 0, 0.06442123651504517, 0, 0, 8, 6, 13, 0, 0, 0, 0, 4, 1, 3, 0, 0, 0, 5, 0, 0.5, 0, 0, 0, 0, 0, 0, -39.051918029785156, 0.08806991577148438], [0, 0, 0, 0.19121402502059937, 0, 0, 8, 3, 10, 0, 0, 0, 0, 1, 1, 3, 0, 0, 0, 2, 0, 0.6666666666666666, 0, 0, 0, 0, 0, 0, -33.77030563354492, 0.0], [0, 0, 0, 0.17159393429756165, 0, 0, 8, 7, 14, 0, 0, 0, 0, 5, 1, 4, 0, 0, 0, 6, 0, 0.5, 0, 0, 0, 0, 0, 0, -37.08146286010742, 0.01079559326171875], [0, 0, 0, 0.00482630729675293, 0, 0, 8, 3, 10, 0, 0, 0, 0, 1, 1, 3, 0, 0, 0, 2, 0, 0.5, 0, 0, 0, 0, 0, 0, -33.77030563354492, 0.0], [0, 0, 0, 0.031870037317276, 0, 0, 8, 8, 15, 0, 0, 0, 0, 6, 1, 1, 0, 0, 0, 7, 0, 0.2, 0, 0, 0, 0, 0, 0, -35.70132064819336, 0.006557464599609375], [0, 0, 0, 0.021381139755249023, 0, 0, 8, 13, 20, 0, 0, 0, 0, 11, 1, 1, 0, 0, 0, 12, 0, 0.05, 0, 0, 0, 0, 0, 0, -20.597585678100586, 0.012462615966796875], [0, 0, 0, 0.04666581749916077, 0, 0, 8, 13, 20, 0, 0, 0, 0, 11, 1, 2, 0, 0, 0, 12, 0, 0.5, 0, 0, 0, 0, 0, 0, -26.6970157623291, 0.013986587524414062], [0, 0, 0, 0.020039737224578857, 0, 0, 8, 13, 20, 0, 0, 0, 0, 10, 2, 1, 0, 0, 0, 12, 0, 0.05, 0, 0, 0, 0, 0, 0, -26.530181884765625, 2.0184783935546875], [0, 0, 0, 0.2225934863090515, 0, 0, 8, 7, 14, 0, 0, 0, 0, 3, 3, 4, 0, 0, 0, 6, 0, 0.6666666666666666, 0, 0, 0, 0, 0, 0, -40.3525276184082, 8.083179473876953], [0, 0, 0, 0.16777652502059937, 0, 0, 8, 13, 20, 0, 0, 0, 0, 6, 4, 1, 0, 0, 0, 12, 0, 0.5, 0, 0, 0, 0, 0, 0, -32.13912582397461, 0.8388099670410156], [0, 0, 0, 0.07201135158538818, 0, 0, 8, 13, 20, 0, 0, 0, 0, 11, 1, 1, 0, 0, 0, 12, 0, 0.08, 0, 0, 0, 0, 0, 0, -20.13105583190918, 0.012502670288085938], [0, 0, 0, 0.09037309885025024, 0, 0, 8, 13, 20, 0, 0, 0, 0, 11, 1, 2, 0, 0, 0, 12, 0, 0.5, 0, 0, 0, 0, 0, 0, -20.03644561767578, 0.012510299682617188], [0, 0, 0, 0.00011658668518066406, 0, 0, 8, 6, 13, 0, 0, 0, 0, 4, 1, 2, 0, 0, 0, 5, 0, 0.5, 0, 0, 0, 0, 0, 0, -37.020957946777344, 8.98873519897461], [0, 0, 0, 0.04099714756011963, 0, 0, 8, 11, 18, 0, 0, 1, 0, 8, 2, 1, 0, 0, 0, 10, 0, 0.0967741935483871, 0, 0, 0, 0, 0, 0, -38.70468521118164, 3.651317596435547], [0, 0, 0, 0.046089231967926025, 0, 0, 8, 5, 12, 0, 0, 0, 0, 3, 1, 5, 0, 0, 0, 4, 0, 0.5, 0, 0, 0, 0, 0, 0, -24.526206970214844, 0.09002113342285156], [0, 0, 0, 0.08993041515350342, 0, 0, 8, 9, 16, 0, 0, 0, 0, 7, 1, 3, 0, 0, 0, 8, 0, 0.5, 0, 0, 0, 0, 0, 0, -21.189762115478516, 0.021245956420898438], [0, 0, 0, 0.06272119283676147, 0, 0, 8, 13, 20, 0, 0, 0, 0, 11, 1, 3, 0, 0, 0, 12, 0, 0.5, 0, 0, 0, 0, 0, 0, -20.20038414001465, 0.012495040893554688], [0, 0, 0, 0.06275522708892822, 0, 0, 8, 9, 16, 0, 0, 0, 0, 7, 1, 1, 0, 0, 0, 8, 0, 0.5, 0, 0, 0, 0, 0, 0, -21.189762115478516, 0.021245956420898438], [1, 0, 1, 0.011634349822998047, 1, 0, 8, 13, 20, 1, 0, 1, 1, 10, 2, 4, 0, 0, 0, 12, 1, 0.6666666666666666, 0, 0, 0, 0, 0, 0, -21.534873962402344, 3.042613983154297], [0, 0, 0, 0.009293198585510254, 0, 0, 8, 6, 13, 0, 0, 0, 0, 3, 2, 4, 0, 0, 0, 5, 0, 0.6666666666666666, 0, 0, 0, 0, 0, 0, -39.131099700927734, 8.922473907470703], [0, 0, 0, 0.018193304538726807, 0, 0, 8, 13, 20, 0, 0, 0, 0, 10, 2, 1, 0, 0, 0, 12, 0, 0.05, 0, 0, 0, 0, 0, 0, -21.75935173034668, 3.045480728149414], [0, 0, 0, 0.06303030252456665, 0, 0, 8, 11, 18, 0, 0, 0, 0, 8, 2, 4, 0, 0, 0, 10, 0, 0.6666666666666666, 0, 0, 0, 0, 0, 0, -21.682239532470703, 3.7100086212158203], [0, 0, 0, 0.002626478672027588, 0, 0, 8, 3, 10, 0, 0, 0, 0, 1, 1, 4, 0, 0, 0, 2, 0, 0.5, 0, 0, 0, 0, 0, 0, -33.77030563354492, 0.0], [0, 0, 0, 0.07878005504608154, 0, 0, 8, 13, 20, 0, 0, 0, 0, 10, 2, 2, 0, 0, 0, 12, 0, 0.6666666666666666, 0, 0, 0, 0, 0, 0, -21.444072723388672, 3.0375232696533203], [0, 0, 0, 0.014262378215789795, 0, 0, 8, 10, 17, 0, 0, 0, 0, 6, 3, 5, 0, 0, 0, 9, 0, 0.5, 0, 0, 0, 0, 0, 0, -22.97316551208496, 5.384555816650391], [0, 0, 0, 0.08781972527503967, 0, 0, 8, 13, 20, 0, 0, 0, 0, 11, 1, 1, 0, 0, 0, 12, 0, 0.024539877300613498, 0, 0, 0, 0, 0, 0, -26.92729377746582, 0.013944625854492188], [0, 0, 0, 0.07982227206230164, 0, 0, 8, 13, 20, 0, 0, 0, 0, 11, 1, 3, 0, 0, 0, 12, 0, 0.6666666666666666, 0, 0, 0, 0, 0, 0, -20.353927612304688, 0.012477874755859375], [0, 0, 0, 0.001195669174194336, 0, 0, 8, 3, 10, 0, 0, 0, 0, 1, 1, 5, 0, 0, 0, 2, 0, 0.5, 0, 0, 0, 0, 0, 0, -33.77030563354492, 0.0], [0, 0, 0, 0.02240145206451416, 0, 0, 8, 13, 20, 0, 0, 0, 0, 8, 4, 4, 0, 0, 0, 12, 0, 0.6666666666666666, 0, 0, 0, 0, 0, 0, -22.93670082092285, 4.788839340209961], [0, 0, 0, 0.014484584331512451, 0, 0, 8, 13, 20, 0, 0, 0, 0, 11, 1, 1, 0, 0, 0, 12, 0, 0.2, 0, 0, 0, 0, 0, 0, -21.999431610107422, 7.867576599121094], [0, 0, 0, 0.09368164837360382, 0, 0, 8, 3, 10, 0, 0, 0, 0, 1, 1, 4, 0, 0, 0, 2, 0, 0.6666666666666666, 0, 0, 0, 0, 0, 0, -33.77030563354492, 0.0], [0, 0, 0, 0.02419567108154297, 0, 0, 8, 13, 20, 0, 0, 0, 0, 11, 1, 1, 0, 0, 0, 12, 0, 0.041666666666666664, 0, 0, 0, 0, 0, 0, -20.0946102142334, 0.012502670288085938], [0, 0, 0, 0.0392325222492218, 0, 0, 8, 3, 10, 0, 0, 0, 0, 1, 1, 4, 0, 0, 0, 2, 0, 0.5, 0, 0, 0, 0, 0, 0, -33.77030563354492, 0.0], [0, 0, 0, 0.1836932897567749, 0, 0, 2, 3, 4, 0, 0, 0, 0, 1, 1, 1, 0, 0, 0, 2, 0, 0.6666666666666666, 0, 0, 0, 0, 0, 0, -33.77030563354492, 0.0], [1, 0, 1, 0.0, 1, 0, 8, 4, 11, 1, 0, 1, 1, 2, 1, 5, 0, 0, 0, 3, 1, 0.6666666666666666, 0, 0, 0, 0, 0, 0, -17.083087921142578, 20.84664535522461], [1, 0, 0, 0.1424560546875, 0, 0, 5, 10, 14, 1, 0, 1, 0, 4, 4, 4, 0, 0, 0, 9, 0, 0.6666666666666666, 0, 0, 0, 0, 0, 0, -44.592350006103516, 1.6389694213867188], [0, 0, 0, 0.0435488224029541, 0, 0, 8, 13, 20, 0, 0, 1, 1, 11, 1, 3, 0, 0, 0, 12, 0, 0.8, 0, 0, 0, 0, 0, 0, -22.097965240478516, 8.17161750793457], [0, 0, 0, 0.009526491165161133, 0, 0, 8, 3, 10, 0, 0, 0, 0, 1, 1, 7, 0, 0, 0, 2, 0, 0.5, 0, 0, 0, 0, 0, 0, -33.77030563354492, 0.0], [0, 0, 0, 0.011334538459777832, 0, 0, 8, 3, 10, 0, 0, 0, 0, 1, 1, 5, 0, 0, 0, 2, 0, 0.6666666666666666, 0, 0, 0, 0, 0, 0, -33.89889907836914, 0.0], [1, 0, 0, 0.17941364645957947, 0, 0, 8, 5, 12, 1, 0, 1, 0, 3, 1, 4, 0, 0, 0, 4, 0, 0.5, 0, 0, 0, 0, 0, 0, -24.463720321655273, 0.09012031555175781], [0, 0, 0, 0.05508142709732056, 0, 0, 8, 13, 20, 0, 0, 0, 0, 10, 2, 2, 0, 0, 0, 12, 0, 0.25, 0, 0, 0, 0, 0, 0, -21.249357223510742, 3.038137435913086], [0, 0, 0, 0.09106367826461792, 0, 0, 8, 13, 20, 0, 0, 0, 0, 7, 2, 1, 0, 0, 0, 12, 0, 0.5, 0, 0, 0, 0, 0, 0, -33.8131103515625, 0.09210586547851562], [0, 0, 0, 0.29587337374687195, 0, 0, 8, 3, 10, 0, 0, 0, 0, 1, 1, 4, 0, 0, 0, 2, 0, 0.5, 0, 0, 0, 0, 0, 0, -33.77030563354492, 0.0], [0, 0, 0, 0.06518161296844482, 0, 0, 8, 13, 20, 0, 0, 1, 0, 8, 4, 4, 0, 0, 0, 12, 0, 0.5, 0, 0, 0, 0, 0, 0, -22.40049934387207, 5.029840469360352], [1, 0, 1, 0.01328122615814209, 1, 0, 8, 13, 20, 1, 0, 1, 1, 9, 3, 3, 0, 0, 0, 12, 1, 0.6666666666666666, 0, 0, 0, 0, 0, 0, -21.927417755126953, 3.869028091430664], [0, 0, 0, 0.23951417207717896, 0, 0, 8, 3, 10, 0, 0, 0, 0, 1, 1, 3, 0, 0, 0, 2, 0, 0.5, 0, 0, 0, 0, 0, 0, -33.77030563354492, 0.0], [0, 0, 0, 0.015112727880477905, 0, 0, 8, 3, 10, 0, 0, 0, 0, 1, 1, 4, 0, 0, 0, 2, 0, 0.75, 0, 0, 0, 0, 0, 0, -33.77030563354492, 0.0], [1, 0, 1, 0.2556166648864746, 1, 0, 8, 5, 12, 1, 0, 1, 1, 2, 2, 5, 0, 0, 0, 4, 1, 0.8333333333333334, 0, 0, 0, 0, 0, 0, -25.57879638671875, 15.156429290771484], [0, 0, 0, 0.03639817237854004, 0, 0, 8, 3, 10, 0, 0, 0, 0, 1, 1, 2, 0, 0, 0, 2, 0, 0.5, 0, 0, 0, 0, 0, 0, -33.77030563354492, 0.0], [0, 0, 0, 0.006118655204772949, 0, 0, 8, 3, 10, 0, 0, 0, 0, 1, 1, 5, 0, 0, 0, 2, 0, 0.6, 0, 0, 0, 0, 0, 0, -33.77030563354492, 0.0], [1, 0, 1, 0.11743336915969849, 1, 0, 8, 9, 16, 1, 0, 1, 1, 3, 5, 7, 0, 0, 0, 8, 1, 0.6666666666666666, 0, 0, 0, 0, 0, 0, -23.607332229614258, 9.07984733581543], [0, 0, 0, 0.09585124254226685, 0, 0, 8, 3, 10, 0, 0, 0, 0, 1, 1, 4, 0, 0, 0, 2, 0, 0.5, 0, 0, 0, 0, 0, 0, -33.77030563354492, 0.0], [0, 0, 0, 0.002809286117553711, 0, 0, 8, 3, 10, 0, 0, 0, 0, 1, 1, 6, 0, 0, 0, 2, 0, 0.6666666666666666, 0, 0, 0, 0, 0, 0, -33.77030563354492, 0.0], [0, 0, 0, 0.20024853944778442, 0, 0, 8, 3, 10, 0, 0, 0, 0, 1, 1, 5, 0, 0, 0, 2, 0, 0.75, 0, 0, 0, 0, 0, 0, -33.77030563354492, 0.0], [0, 0, 0, 0.3648175001144409, 0, 0, 8, 3, 10, 0, 0, 0, 0, 1, 1, 4, 0, 0, 0, 2, 0, 0.5, 0, 0, 0, 0, 0, 0, -33.77030563354492, 0.0], [0, 0, 0, 0.2878193259239197, 0, 0, 8, 3, 10, 0, 0, 0, 0, 1, 1, 3, 0, 0, 0, 2, 0, 0.6666666666666666, 0, 0, 0, 0, 0, 0, -33.77030563354492, 0.0], [0, 0, 0, 0.014682471752166748, 0, 0, 8, 13, 20, 0, 0, 0, 0, 11, 1, 1, 0, 0, 0, 12, 0, 0.2, 0, 0, 0, 0, 0, 0, -20.556243896484375, 0.0124664306640625], [0, 0, 0, 0.018496990203857422, 0, 0, 8, 3, 10, 0, 0, 0, 0, 1, 1, 7, 0, 0, 0, 2, 0, 0.5, 0, 0, 0, 0, 0, 0, -33.77030563354492, 0.0], [0, 0, 0, 0.05590027570724487, 0, 0, 8, 3, 10, 0, 0, 0, 0, 1, 1, 7, 0, 0, 0, 2, 0, 0.75, 0, 0, 0, 0, 0, 0, -33.77030563354492, 0.0], [0, 0, 0, 0.012624502182006836, 0, 0, 8, 13, 20, 0, 0, 0, 0, 10, 2, 6, 0, 0, 0, 12, 0, 0.6666666666666666, 0, 0, 0, 0, 0, 0, -27.357879638671875, 2.729982376098633], [0, 0, 0, 0.041519761085510254, 0, 0, 8, 3, 10, 0, 0, 0, 0, 1, 1, 3, 0, 0, 0, 2, 0, 0.5555555555555556, 0, 0, 0, 0, 0, 0, -33.77030563354492, 0.0], [0, 0, 0, 0.008497059345245361, 0, 0, 8, 13, 20, 0, 0, 0, 0, 11, 1, 1, 0, 0, 0, 12, 0, 0.07142857142857142, 0, 0, 0, 0, 0, 0, -20.22526741027832, 0.012491226196289062], [0, 0, 0, 0.0054590702056884766, 0, 0, 8, 3, 10, 0, 0, 0, 0, 1, 1, 6, 0, 0, 0, 2, 0, 0.5, 0, 0, 0, 0, 0, 0, -33.77030563354492, 0.0], [0, 0, 0, 0.02076810598373413, 0, 0, 8, 3, 10, 0, 0, 0, 0, 1, 1, 5, 0, 0, 0, 2, 0, 0.6666666666666666, 0, 0, 0, 0, 0, 0, -33.77030563354492, 0.0], [0, 0, 0, 0.15036484599113464, 0, 0, 8, 3, 10, 0, 0, 0, 0, 1, 1, 2, 0, 0, 0, 2, 0, 0.5, 0, 0, 0, 0, 0, 0, -33.77030563354492, 0.0], [0, 0, 0, 0.019736886024475098, 0, 0, 8, 13, 20, 0, 0, 0, 0, 9, 2, 4, 0, 0, 0, 12, 0, 0.6666666666666666, 0, 0, 0, 0, 0, 0, -25.888784408569336, 0.014348983764648438], [0, 0, 0, 0.11653923988342285, 0, 0, 8, 3, 10, 0, 0, 0, 0, 1, 1, 6, 0, 0, 0, 2, 0, 0.5, 0, 0, 0, 0, 0, 0, -33.77030563354492, 0.0], [0, 0, 0, 0.061506450176239014, 0, 0, 8, 13, 20, 0, 0, 0, 0, 11, 1, 1, 0, 0, 0, 12, 0, 0.08, 0, 0, 0, 0, 0, 0, -20.13105583190918, 0.012502670288085938], [0, 0, 0, 0.08939066529273987, 0, 0, 8, 3, 10, 0, 0, 0, 0, 1, 1, 2, 0, 0, 0, 2, 0, 0.5, 0, 0, 0, 0, 0, 0, -33.77030563354492, 0.0], [0, 0, 0, 0.014434128999710083, 0, 0, 8, 13, 20, 0, 0, 0, 0, 11, 1, 1, 0, 0, 0, 12, 0, 0.2, 0, 0, 0, 0, 0, 0, -20.556243896484375, 0.0124664306640625], [0, 0, 0, 0.022598862648010254, 0, 0, 8, 3, 10, 0, 0, 0, 0, 1, 1, 4, 0, 0, 0, 2, 0, 0.8, 0, 0, 0, 0, 0, 0, -33.77030563354492, 0.0], [0, 0, 0, 0.05573856830596924, 0, 0, 8, 3, 10, 0, 0, 0, 0, 1, 1, 4, 0, 0, 0, 2, 0, 0.5, 0, 0, 0, 0, 0, 0, -33.77030563354492, 0.0]], "_pair": []}
  CONTROL {"count": {"n": 1174, "model_accuracy": 1.0, "rival_accuracy": 1.0, "random_floor": 0.19999999999999593}, "lookup_paired_vs_rival": {"model_only_right": 0, "rival_only_right": 0, "discordant": 0, "mcnemar_z": NaN}, "lookup_paired_vs_rival_cos": {"n": 0, "model_only_right": 0, "rival_only_right": 0, "discordant": 0, "mcnemar_z": NaN, "max_achievable_z": 0.0, "underpowered": true}, "lookup_paired_vs_rival_cos_by_margin": {"median_margin": NaN, "low_margin": {"n": 0, "model_only_right": 0, "rival_only_right": 0, "discordant": 0, "mcnemar_z": NaN, "max_achievable_z": 0.0, "underpowered": true}, "high_margin": {"n": 0, "model_only_right": 0, "rival_only_right": 0, "discordant": 0, "mcnemar_z": NaN, "max_achievable_z": 0.0, "underpowered": true}}, "ladder": {"n_questions": 0, "pairs": 0, "concordant": 0, "ties_excluded": 0, "import_budget_zero_rate": 0.0, "import_budget_mean": 0.0, "concordance": NaN, "z_vs_half": NaN, "mean_phi": {"true": NaN, "near": NaN, "middle": NaN, "far": NaN}}, "exact_mismatches": 0, "confusion": {"count|2->2": 728, "count|3->3": 190, "count|4->4": 78, "count|5+->5+": 178}, "_mixed": [], "_reach": [[0, 0, 0, 0.009783506393432617, 0, 0, 8, 3, 10, 0, 0, 0, 0, 1, 1, 6, 0, 0, 0, 2, 0, 0.5, 0, 0, 0, 0, 0, 0, -33.77536392211914, 0.0], [0, 0, 0, 0.022863000631332397, 0, 0, 8, 5, 12, 0, 0, 0, 0, 3, 1, 4, 0, 0, 0, 4, 0, 0.5, 0, 0, 0, 0, 0, 0, -24.53251838684082, 0.09001350402832031], [0, 0, 0, 0.04735517501831055, 0, 0, 8, 5, 12, 0, 0, 0, 0, 2, 2, 4, 0, 0, 0, 4, 0, 0.5, 0, 0, 0, 0, 0, 0, -33.33240509033203, 0.8731727600097656], [0, 0, 0, 0.14659661054611206, 0, 0, 8, 5, 12, 0, 0, 0, 0, 2, 2, 6, 0, 0, 0, 4, 0, 0.75, 0, 0, 0, 0, 0, 0, -25.66856575012207, 15.167642593383789], [0, 0, 0, 0.01554591953754425, 0, 0, 8, 11, 18, 0, 0, 0, 0, 9, 1, 3, 0, 0, 0, 10, 0, 0.5, 0, 0, 0, 0, 0, 0, -20.476938247680664, 0.015985488891601562], [1, 0, 0, 0.00831669569015503, 1, 0, 8, 5, 12, 1, 1, 1, 0, 3, 1, 2, 0, 0, 0, 4, 1, 0.6666666666666666, 0, 0, 0, 0, 0, 0, -24.469154357910156, 0.09011459350585938], [0, 0, 0, 0.0081978440284729, 0, 0, 8, 4, 11, 0, 0, 0, 0, 2, 1, 4, 0, 0, 0, 3, 0, 0.75, 0, 0, 0, 0, 0, 0, -26.419923782348633, 0.42395973205566406], [0, 0, 0, 0.02481389045715332, 0, 0, 8, 13, 20, 0, 0, 0, 0, 10, 2, 3, 0, 0, 0, 12, 0, 0.75, 0, 0, 0, 0, 0, 0, -21.283979415893555, 3.037271499633789], [0, 0, 0, 0.004351794719696045, 0, 0, 8, 4, 11, 0, 0, 0, 0, 2, 1, 4, 0, 0, 0, 3, 0, 0.5, 0, 0, 0, 0, 0, 0, -26.419923782348633, 0.42395973205566406], [0, 0, 0, 0.1238526701927185, 0, 0, 8, 3, 10, 0, 0, 0, 0, 1, 1, 3, 0, 0, 0, 2, 0, 0.5, 0, 0, 0, 0, 0, 0, -33.77536392211914, 0.0], [0, 0, 0, 0.000641942024230957, 0, 0, 8, 5, 12, 0, 0, 0, 0, 3, 1, 3, 0, 0, 0, 4, 0, 0.5, 0, 0, 0, 0, 0, 0, -24.53251838684082, 0.09001350402832031], [0, 0, 0, 0.00574040412902832, 0, 0, 8, 6, 13, 0, 0, 0, 0, 4, 1, 5, 0, 0, 0, 5, 0, 0.5, 0, 0, 0, 0, 0, 0, -23.264291763305664, 0.05103302001953125], [1, 0, 0, 0.49657511711120605, 0, 0, 8, 4, 11, 1, 0, 0, 0, 1, 2, 4, 0, 0, 0, 3, 0, 0.6666666666666666, 0, 0, 0, 0, 0, 0, -36.34147644042969, 0.0], [0, 0, 0, 0.01819843053817749, 0, 0, 8, 5, 12, 0, 0, 0, 0, 3, 1, 3, 0, 0, 0, 4, 0, 0.5, 0, 0, 0, 0, 0, 0, -24.53251838684082, 0.09001350402832031], [0, 0, 0, 0.022625863552093506, 0, 0, 8, 4, 11, 0, 0, 0, 0, 2, 1, 5, 0, 0, 0, 3, 0, 0.5, 0, 0, 0, 0, 0, 0, -26.419923782348633, 0.42395973205566406], [0, 0, 0, 0.006404221057891846, 0, 0, 8, 9, 16, 0, 0, 0, 0, 6, 2, 3, 0, 0, 0, 8, 0, 0.5, 0, 0, 0, 0, 0, 0, -22.63275146484375, 4.769033432006836], [0, 0, 0, 0.12066757678985596, 0, 0, 8, 3, 10, 0, 0, 0, 0, 1, 1, 4, 0, 0, 0, 2, 0, 0.5, 0, 0, 0, 0, 0, 0, -33.77536392211914, 0.0], [0, 0, 0, 0.037719130516052246, 0, 0, 8, 13, 20, 0, 0, 0, 0, 11, 1, 4, 0, 0, 0, 12, 0, 0.5, 0, 0, 0, 0, 0, 0, -20.077695846557617, 0.012502670288085938], [0, 0, 0, 0.17956900596618652, 0, 0, 3, 4, 6, 0, 0, 0, 0, 1, 2, 2, 0, 0, 0, 3, 0, 0.6666666666666666, 0, 0, 0, 0, 0, 0, -36.34147644042969, 0.0], [0, 0, 0, 0.03941449522972107, 0, 0, 8, 13, 20, 0, 0, 0, 0, 11, 1, 1, 0, 0, 0, 12, 0, 0.25, 0, 0, 0, 0, 0, 0, -20.261093139648438, 0.01248931884765625], [0, 0, 0, 0.0023905038833618164, 0, 0, 8, 13, 20, 0, 0, 0, 0, 11, 1, 2, 0, 0, 0, 12, 0, 0.25, 0, 0, 0, 0, 0, 0, -20.282289505004883, 0.012493133544921875], [1, 0, 0, 0.07420897483825684, 0, 0, 8, 13, 20, 1, 0, 0, 0, 8, 4, 2, 0, 0, 0, 12, 0, 0.75, 0, 0, 0, 0, 0, 0, -22.899303436279297, 4.829902648925781], [0, 0, 0, 0.021260499954223633, 0, 0, 8, 3, 10, 0, 0, 0, 0, 1, 1, 4, 0, 0, 0, 2, 0, 0.5, 0, 0, 0, 0, 0, 0, -33.77536392211914, 0.0], [1, 0, 1, 0.08256375789642334, 1, 0, 8, 6, 13, 1, 0, 1, 1, 4, 1, 5, 0, 0, 0, 5, 1, 0.5, 0, 0, 0, 0, 0, 0, -38.858360290527344, 0.004619598388671875], [0, 0, 0, 0.10349810123443604, 0, 0, 8, 7, 14, 0, 0, 0, 0, 5, 1, 4, 0, 0, 0, 6, 0, 0.5, 0, 0, 0, 0, 0, 0, -22.36773109436035, 0.034664154052734375], [0, 0, 0, 0.12890154123306274, 0, 0, 8, 7, 14, 0, 0, 0, 0, 4, 2, 4, 0, 0, 0, 6, 0, 0.5, 0, 0, 0, 0, 0, 0, -37.664756774902344, 6.0160369873046875], [0, 0, 0, 0.058896422386169434, 0, 0, 8, 7, 14, 0, 0, 0, 0, 2, 4, 5, 0, 0, 0, 6, 0, 0.5, 0, 0, 0, 0, 0, 0, -39.117130279541016, 11.98434066772461], [0, 0, 0, 0.026682257652282715, 0, 0, 8, 13, 20, 0, 0, 0, 0, 11, 1, 1, 0, 0, 0, 12, 0, 0.13043478260869565, 0, 0, 0, 0, 0, 0, -20.597585678100586, 0.012462615966796875], [0, 0, 0, 0.0009801387786865234, 0, 0, 8, 7, 14, 0, 0, 0, 0, 5, 1, 3, 0, 0, 0, 6, 0, 0.6666666666666666, 0, 0, 0, 0, 0, 0, -36.458595275878906, 0.07271575927734375], [0, 0, 0, 0.15492868423461914, 0, 0, 8, 3, 10, 0, 0, 0, 0, 1, 1, 2, 0, 0, 0, 2, 0, 0.5, 0, 0, 0, 0, 0, 0, -33.77536392211914, 0.0], [0, 0, 0, 0.1619097888469696, 0, 0, 8, 13, 20, 0, 0, 0, 0, 11, 1, 2, 0, 0, 0, 12, 0, 0.5, 0, 0, 0, 0, 0, 0, -20.30815887451172, 0.012485504150390625], [0, 0, 0, 0.09355014562606812, 0, 0, 7, 4, 10, 0, 0, 0, 0, 1, 2, 5, 0, 0, 0, 3, 0, 0.6666666666666666, 0, 0, 0, 0, 0, 0, -36.34147644042969, 0.0], [0, 0, 0, 0.03316843509674072, 0, 0, 8, 13, 20, 0, 0, 0, 0, 11, 1, 1, 0, 0, 0, 12, 0, 0.13043478260869565, 0, 0, 0, 0, 0, 0, -20.597585678100586, 0.012462615966796875], [0, 0, 0, 0.07489663362503052, 0, 0, 8, 13, 20, 0, 0, 0, 0, 11, 1, 2, 0, 0, 0, 12, 0, 0.3333333333333333, 0, 0, 0, 0, 0, 0, -20.17494773864746, 0.012495040893554688], [1, 0, 1, 0.00010204315185546875, 1, 0, 8, 9, 16, 1, 1, 1, 1, 5, 3, 1, 0, 0, 0, 8, 1, 0.6666666666666666, 0, 0, 0, 0, 0, 0, -23.147430419921875, 6.325550079345703], [0, 0, 0, 0.10466766357421875, 0, 0, 8, 13, 20, 0, 0, 0, 0, 11, 1, 2, 0, 0, 0, 12, 0, 0.25, 0, 0, 0, 0, 0, 0, -20.275413513183594, 0.012487411499023438], [1, 0, 0, 0.04756516218185425, 1, 0, 8, 3, 10, 1, 0, 0, 0, 1, 1, 3, 0, 0, 0, 2, 0, 0.5, 0, 0, 0, 0, 0, 0, -33.77536392211914, 0.0], [0, 0, 0, 0.051024943590164185, 0, 0, 8, 5, 12, 0, 0, 0, 0, 3, 1, 1, 0, 0, 0, 4, 0, 0.1111111111111111, 0, 0, 0, 0, 0, 0, -24.53251838684082, 0.09001350402832031], [0, 0, 0, 0.010506302118301392, 0, 0, 8, 13, 20, 0, 0, 0, 0, 11, 1, 1, 0, 0, 0, 12, 0, 0.08333333333333333, 0, 0, 0, 0, 0, 0, -20.358524322509766, 0.012483596801757812], [1, 0, 0, 0.4318161606788635, 0, 0, 8, 3, 10, 1, 0, 0, 0, 1, 1, 5, 0, 0, 0, 2, 0, 0.6666666666666666, 0, 0, 0, 0, 0, 0, -33.77536392211914, 0.0], [0, 0, 0, 0.002836167812347412, 0, 0, 8, 13, 20, 0, 0, 0, 0, 11, 1, 5, 0, 0, 0, 12, 0, 0.5, 0, 0, 0, 0, 0, 0, -20.118450164794922, 0.012502670288085938], [0, 0, 0, 0.13564655184745789, 0, 0, 8, 7, 14, 0, 0, 0, 0, 5, 1, 4, 0, 0, 0, 6, 0, 0.6666666666666666, 0, 0, 0, 0, 0, 0, -22.36773109436035, 0.034664154052734375], [0, 0, 0, 0.0050823986530303955, 0, 0, 8, 4, 11, 0, 0, 0, 0, 2, 1, 3, 0, 0, 0, 3, 0, 0.5, 0, 0, 0, 0, 0, 0, -26.419923782348633, 0.42395973205566406], [1, 0, 1, 0.2240736484527588, 1, 0, 8, 7, 14, 1, 0, 1, 1, 2, 3, 5, 0, 0, 0, 6, 1, 0.75, 0, 0, 0, 0, 0, 0, -49.99683380126953, 1.0999107360839844], [0, 0, 0, 0.019972681999206543, 0, 0, 8, 13, 20, 0, 0, 0, 0, 10, 2, 5, 0, 0, 0, 12, 0, 0.5, 0, 0, 0, 0, 0, 0, -21.30156898498535, 3.0331077575683594], [0, 0, 0, 0.0, 0, 0, 5, 13, 17, 0, 0, 0, 0, 9, 2, 4, 0, 0, 0, 12, 0, 0.5, 0, 0, 0, 0, 0, 0, -25.266033172607422, 0.10157966613769531], [1, 0, 0, 0.12644705176353455, 1, 0, 3, 4, 6, 1, 0, 1, 0, 2, 1, 2, 0, 0, 0, 3, 1, 0.6666666666666666, 0, 0, 0, 0, 0, 0, -26.335594177246094, 0.4242515563964844], [0, 0, 0, 0.08113491535186768, 0, 0, 8, 13, 20, 0, 0, 0, 0, 9, 2, 2, 0, 0, 0, 12, 0, 0.75, 0, 0, 0, 0, 0, 0, -25.75367546081543, 0.11476325988769531], [0, 0, 0, 0.07775747776031494, 0, 0, 8, 11, 18, 0, 0, 0, 0, 6, 4, 1, 0, 0, 0, 10, 0, 0.2, 0, 0, 0, 0, 0, 0, -23.095911026000977, 5.941947937011719], [0, 0, 0, 0.0, 0, 0, 8, 3, 10, 0, 0, 0, 0, 1, 1, 4, 0, 0, 0, 2, 0, 0.5, 0, 0, 0, 0, 0, 0, -33.77536392211914, 0.0], [1, 0, 0, 0.04663243889808655, 0, 0, 8, 13, 20, 1, 0, 1, 0, 11, 1, 3, 0, 0, 0, 12, 0, 0.5, 0, 0, 0, 0, 0, 0, -20.14251136779785, 0.012500762939453125], [0, 0, 0, 0.026748090982437134, 0, 0, 8, 13, 20, 0, 0, 0, 0, 11, 1, 1, 0, 0, 0, 12, 0, 0.5, 0, 0, 0, 0, 0, 0, -20.358524322509766, 0.012483596801757812], [0, 0, 0, 0.0100783109664917, 0, 0, 8, 13, 20, 0, 1, 0, 0, 11, 1, 2, 0, 0, 0, 12, 0, 0.75, 0, 0, 0, 0, 0, 0, -26.91251564025879, 0.02197265625], [0, 0, 0, 0.1919180154800415, 0, 0, 8, 3, 10, 0, 0, 0, 0, 1, 1, 7, 0, 0, 0, 2, 0, 0.5, 0, 0, 0, 0, 0, 0, -33.77536392211914, 0.0], [0, 0, 0, 0.009250223636627197, 0, 0, 8, 9, 16, 0, 0, 0, 0, 7, 1, 4, 0, 0, 0, 8, 0, 0.5, 0, 0, 0, 0, 0, 0, -21.19792366027832, 0.021240234375], [1, 0, 0, 0.0808631181716919, 0, 0, 8, 7, 14, 1, 0, 1, 0, 4, 2, 3, 0, 0, 0, 6, 1, 0.6666666666666666, 0, 0, 0, 0, 0, 0, -23.54814338684082, 6.676891326904297], [1, 0, 0, 0.019779086112976074, 0, 0, 8, 4, 11, 1, 0, 1, 0, 2, 1, 4, 0, 0, 0, 3, 0, 0.5, 0, 0, 0, 0, 0, 0, -26.335594177246094, 0.4242515563964844], [0, 0, 0, 0.0029003769159317017, 0, 0, 8, 4, 11, 0, 0, 0, 0, 2, 1, 2, 0, 0, 0, 3, 0, 0.5, 0, 0, 0, 0, 0, 0, -26.419923782348633, 0.42395973205566406], [0, 0, 0, 0.21768121421337128, 0, 0, 8, 4, 11, 0, 0, 0, 0, 2, 1, 3, 0, 0, 0, 3, 0, 0.5, 0, 0, 0, 0, 0, 0, -26.419923782348633, 0.42395973205566406], [1, 0, 1, 0.02022099494934082, 1, 0, 8, 6, 13, 1, 0, 1, 1, 4, 1, 2, 0, 0, 0, 5, 1, 0.6666666666666666, 0, 0, 0, 0, 0, 0, -23.213598251342773, 0.05107307434082031], [0, 0, 0, 0.2840083837509155, 0, 0, 8, 3, 10, 0, 0, 0, 0, 1, 1, 3, 0, 0, 0, 2, 0, 0.5, 0, 0, 0, 0, 0, 0, -33.77536392211914, 0.0], [0, 0, 0, 0.10951754450798035, 0, 0, 8, 13, 20, 0, 0, 0, 0, 11, 1, 3, 0, 0, 0, 12, 0, 0.5, 0, 0, 0, 0, 0, 0, -20.21282196044922, 0.01248931884765625], [0, 0, 0, 0.006079941987991333, 0, 0, 8, 13, 20, 0, 0, 0, 0, 11, 1, 1, 0, 0, 0, 12, 0, 0.5, 0, 0, 0, 0, 0, 0, -27.244583129882812, 0.013891220092773438], [0, 0, 0, 0.015462487936019897, 0, 0, 8, 7, 14, 0, 0, 0, 0, 5, 1, 2, 0, 0, 0, 6, 0, 0.5, 0, 0, 0, 0, 0, 0, -22.36773109436035, 0.034664154052734375], [0, 0, 0, 0.011842191219329834, 0, 0, 8, 3, 10, 0, 0, 0, 0, 1, 1, 4, 0, 0, 0, 2, 0, 0.5, 0, 0, 0, 0, 0, 0, -33.77536392211914, 0.0], [0, 0, 0, 0.0016053318977355957, 0, 0, 8, 13, 20, 0, 0, 0, 0, 11, 1, 4, 0, 0, 0, 12, 0, 0.6666666666666666, 0, 0, 0, 0, 0, 0, -20.011281967163086, 0.01251220703125], [0, 0, 0, 0.08462578058242798, 0, 0, 8, 13, 20, 0, 0, 0, 0, 9, 2, 2, 0, 0, 0, 12, 0, 0.75, 0, 0, 0, 0, 0, 0, -25.729236602783203, 0.068817138671875], [1, 0, 1, 0.04885643720626831, 1, 0, 8, 7, 14, 1, 0, 1, 1, 3, 3, 4, 0, 0, 0, 6, 1, 0.5, 0, 0, 0, 0, 0, 0, -40.129154205322266, 8.109691619873047], [0, 0, 0, 0.02709221839904785, 0, 0, 8, 13, 20, 0, 0, 0, 0, 11, 1, 1, 0, 0, 0, 12, 0, 0.13043478260869565, 0, 0, 0, 0, 0, 0, -20.597585678100586, 0.012462615966796875], [1, 0, 1, 0.0005263090133666992, 0, 1, 8, 3, 10, 1, 0, 0, 0, 1, 1, 7, 0, 0, 0, 2, 0, 0.8333333333333334, 0, 0, 1, 0, 0, 0, -26.611854553222656, 16.760089874267578], [1, 0, 1, 0.01817166805267334, 0, 1, 7, 3, 9, 1, 0, 0, 0, 1, 1, 5, 0, 0, 0, 2, 1, 0.6666666666666666, 0, 0, 1, 0, 0, 0, -26.611854553222656, 16.760089874267578], [0, 0, 0, 0.06367984414100647, 0, 0, 8, 3, 10, 0, 0, 0, 0, 1, 1, 5, 0, 0, 0, 2, 0, 0.5, 0, 0, 0, 0, 0, 0, -33.77536392211914, 0.0], [0, 0, 0, 0.11250662803649902, 0, 0, 8, 13, 20, 0, 0, 0, 0, 10, 2, 5, 0, 0, 0, 12, 0, 0.6666666666666666, 0, 0, 0, 0, 0, 0, -21.120649337768555, 3.0271682739257812], [0, 0, 0, 0.0036957859992980957, 0, 0, 8, 3, 10, 0, 0, 0, 0, 1, 1, 3, 0, 0, 0, 2, 0, 0.5, 0, 0, 0, 0, 0, 0, -33.77536392211914, 0.0], [0, 0, 0, 0.03203624486923218, 0, 0, 8, 13, 20, 0, 0, 0, 0, 6, 5, 2, 0, 0, 0, 12, 0, 0.6666666666666666, 0, 0, 0, 0, 0, 0, -35.029632568359375, 0.8354339599609375], [0, 0, 0, 0.016431093215942383, 0, 1, 8, 12, 19, 0, 0, 0, 0, 5, 4, 1, 0, 0, 0, 11, 0, 0.5, 0, 0, 1, 0, 0, 0, -47.467716217041016, 1.7421989440917969], [0, 0, 0, 0.030413508415222168, 0, 0, 8, 13, 20, 0, 0, 0, 0, 10, 2, 2, 0, 0, 0, 12, 0, 0.6666666666666666, 0, 0, 0, 0, 0, 0, -28.61266326904297, 2.8610591888427734], [1, 0, 1, 0.010371029376983643, 1, 0, 7, 9, 15, 1, 0, 1, 1, 3, 5, 6, 0, 0, 0, 8, 1, 0.8333333333333334, 0, 0, 0, 0, 0, 0, -23.63503074645996, 9.11500358581543], [0, 0, 0, 0.2708253860473633, 0, 0, 8, 3, 10, 0, 0, 0, 0, 1, 1, 4, 0, 0, 0, 2, 0, 0.5, 0, 0, 0, 0, 0, 0, -33.77536392211914, 0.0], [1, 0, 1, 0.27554214000701904, 0, 0, 8, 5, 12, 1, 0, 1, 1, 3, 1, 5, 0, 0, 0, 4, 0, 0.75, 0, 0, 0, 0, 0, 0, -24.469154357910156, 0.09011459350585938], [0, 0, 0, 0.3904828727245331, 0, 0, 8, 13, 20, 0, 0, 0, 0, 8, 3, 3, 0, 0, 0, 12, 0, 0.5, 0, 0, 0, 0, 0, 0, -26.467870712280273, 0.37966346740722656], [0, 0, 0, 0.0011680126190185547, 0, 0, 8, 3, 10, 0, 1, 0, 0, 1, 1, 3, 0, 0, 0, 2, 0, 0.5, 0, 0, 0, 0, 0, 0, -33.77536392211914, 0.0], [0, 0, 0, 0.21006691455841064, 0, 0, 8, 3, 10, 0, 0, 0, 0, 1, 1, 3, 0, 0, 0, 2, 0, 0.5, 0, 0, 0, 0, 0, 0, -33.77536392211914, 0.0], [1, 0, 1, 0.0, 1, 0, 8, 13, 20, 1, 0, 1, 1, 7, 4, 6, 0, 0, 0, 12, 1, 0.75, 0, 0, 0, 0, 0, 0, -27.836349487304688, 0.6962165832519531], [0, 0, 0, 0.0012727975845336914, 0, 0, 8, 13, 20, 0, 0, 0, 0, 11, 1, 1, 0, 0, 0, 12, 0, 0.5, 0, 0, 0, 0, 0, 0, -20.358524322509766, 0.012483596801757812], [0, 0, 0, 0.10392090678215027, 0, 0, 8, 13, 20, 0, 0, 0, 0, 11, 1, 1, 0, 0, 0, 12, 0, 0.3333333333333333, 0, 0, 0, 0, 0, 0, -19.991708755493164, 0.01251220703125], [1, 0, 0, 0.6721758842468262, 0, 0, 8, 4, 11, 1, 0, 1, 0, 2, 1, 2, 0, 0, 0, 3, 0, 0.6666666666666666, 0, 0, 0, 0, 0, 0, -26.335594177246094, 0.4242515563964844], [0, 0, 0, 0.0037837624549865723, 0, 0, 8, 4, 11, 0, 0, 0, 0, 2, 1, 5, 0, 0, 0, 3, 0, 0.8333333333333334, 0, 0, 0, 0, 0, 0, -26.419923782348633, 0.42395973205566406], [0, 0, 0, 0.14596831798553467, 0, 0, 8, 5, 12, 0, 0, 0, 0, 3, 1, 3, 0, 0, 0, 4, 0, 0.5, 0, 0, 0, 0, 0, 0, -24.53251838684082, 0.09001350402832031], [0, 0, 0, 0.27163825929164886, 0, 0, 8, 4, 11, 0, 0, 0, 0, 2, 1, 2, 0, 0, 0, 3, 0, 0.2857142857142857, 0, 0, 0, 0, 0, 0, -26.419923782348633, 0.42395973205566406], [0, 0, 0, 0.023801177740097046, 0, 0, 8, 13, 20, 0, 0, 0, 0, 11, 1, 4, 0, 0, 0, 12, 0, 0.5, 0, 0, 0, 0, 0, 0, -19.991708755493164, 0.01251220703125], [0, 0, 0, 0.16517019271850586, 0, 0, 8, 3, 10, 0, 0, 0, 0, 1, 1, 5, 0, 0, 0, 2, 0, 0.6666666666666666, 0, 0, 0, 0, 0, 0, -33.77536392211914, 0.0], [0, 0, 0, 0.07706089317798615, 0, 0, 8, 9, 16, 0, 0, 0, 0, 7, 1, 2, 0, 0, 0, 8, 0, 0.5, 0, 0, 0, 0, 0, 0, -21.19792366027832, 0.021240234375], [0, 0, 0, 0.0225200355052948, 0, 0, 8, 13, 20, 0, 0, 0, 0, 10, 2, 1, 0, 0, 0, 12, 0, 0.6666666666666666, 0, 0, 0, 0, 0, 0, -21.229721069335938, 3.0304603576660156], [0, 0, 0, 0.002832770347595215, 0, 0, 8, 7, 14, 0, 0, 0, 0, 5, 1, 2, 0, 0, 0, 6, 0, 0.5, 0, 0, 0, 0, 0, 0, -36.458595275878906, 0.07271575927734375], [0, 0, 0, 0.04157775640487671, 0, 0, 8, 3, 10, 0, 0, 0, 0, 1, 1, 4, 0, 0, 0, 2, 0, 0.5, 0, 0, 0, 0, 0, 0, -33.77536392211914, 0.0], [0, 0, 0, 0.026143372058868408, 0, 0, 8, 13, 20, 0, 0, 0, 0, 11, 1, 2, 0, 0, 0, 12, 0, 0.5, 0, 0, 0, 0, 0, 0, -19.991708755493164, 0.01251220703125], [1, 0, 1, 0.010371029376983643, 1, 0, 7, 9, 15, 1, 0, 1, 1, 3, 5, 6, 0, 0, 0, 8, 1, 0.8333333333333334, 0, 0, 0, 0, 0, 0, -23.63503074645996, 9.11500358581543], [0, 0, 0, 0.07912655174732208, 0, 0, 8, 5, 12, 0, 0, 0, 0, 3, 1, 3, 0, 0, 0, 4, 0, 0.5, 0, 0, 0, 0, 0, 0, -24.53251838684082, 0.09001350402832031], [0, 0, 0, 0.013585060834884644, 0, 0, 8, 5, 12, 0, 0, 1, 0, 3, 1, 4, 0, 0, 0, 4, 0, 0.5, 0, 0, 0, 0, 0, 0, -24.469154357910156, 0.09011459350585938], [0, 0, 0, 0.017280876636505127, 0, 0, 8, 7, 14, 0, 0, 0, 0, 2, 4, 4, 0, 0, 0, 6, 0, 0.5, 0, 0, 0, 0, 0, 0, -39.17668533325195, 11.848316192626953], [0, 0, 0, 0.023336410522460938, 0, 0, 8, 13, 20, 0, 0, 0, 0, 11, 1, 1, 0, 0, 0, 12, 0, 0.25, 0, 0, 0, 0, 0, 0, -20.261093139648438, 0.01248931884765625], [0, 0, 0, 0.12052604556083679, 0, 0, 8, 13, 20, 0, 0, 0, 0, 11, 1, 2, 0, 0, 0, 12, 0, 0.25, 0, 0, 0, 0, 0, 0, -20.275413513183594, 0.012487411499023438], [0, 0, 0, 0.006394028663635254, 0, 0, 8, 11, 18, 0, 0, 0, 0, 9, 1, 5, 0, 0, 0, 10, 0, 0.5, 0, 0, 0, 0, 0, 0, -20.476938247680664, 0.015985488891601562], [1, 0, 0, 0.019378244876861572, 1, 0, 8, 4, 11, 1, 0, 1, 0, 2, 1, 1, 0, 0, 0, 3, 1, 0.5, 0, 0, 0, 0, 0, 0, -26.335594177246094, 0.4242515563964844], [0, 0, 0, 0.006056785583496094, 0, 0, 8, 5, 12, 0, 0, 0, 0, 3, 1, 1, 0, 0, 0, 4, 0, 0.5, 0, 0, 0, 0, 0, 0, -24.53251838684082, 0.09001350402832031], [0, 0, 0, 0.003204047679901123, 0, 0, 8, 3, 10, 0, 0, 0, 0, 1, 1, 4, 0, 0, 0, 2, 0, 0.5, 0, 0, 0, 0, 0, 0, -33.77536392211914, 0.0], [0, 0, 0, 0.00027757883071899414, 0, 0, 8, 13, 20, 0, 0, 0, 0, 11, 1, 4, 0, 0, 0, 12, 0, 0.5, 0, 0, 0, 0, 0, 0, -19.991708755493164, 0.01251220703125], [0, 0, 0, 0.2989036738872528, 0, 0, 8, 3, 10, 0, 0, 0, 0, 1, 1, 2, 0, 0, 0, 2, 0, 0.5, 0, 0, 0, 0, 0, 0, -33.77536392211914, 0.0], [0, 0, 0, 0.009708106517791748, 0, 0, 8, 13, 20, 0, 0, 0, 0, 11, 1, 1, 0, 0, 0, 12, 0, 0.5, 0, 0, 0, 0, 0, 0, -20.529348373413086, 0.012468338012695312], [0, 0, 0, 0.032176315784454346, 0, 0, 8, 4, 11, 0, 0, 0, 0, 2, 1, 3, 0, 0, 0, 3, 0, 0.5, 0, 0, 0, 0, 0, 0, -26.419923782348633, 0.42395973205566406], [0, 0, 0, 0.06880912184715271, 0, 0, 8, 3, 10, 0, 0, 0, 0, 1, 1, 4, 0, 0, 0, 2, 0, 0.5, 0, 0, 0, 0, 0, 0, -33.77536392211914, 0.0], [1, 0, 1, 0.15573671460151672, 1, 0, 8, 4, 11, 1, 0, 1, 1, 2, 1, 3, 0, 0, 0, 3, 1, 0.5, 0, 0, 0, 0, 0, 0, -26.335594177246094, 0.4242515563964844], [1, 0, 0, 0.04242098331451416, 0, 0, 8, 3, 10, 1, 1, 0, 0, 1, 1, 3, 0, 0, 0, 2, 0, 0.75, 0, 0, 0, 0, 0, 0, -33.77536392211914, 0.0], [0, 0, 0, 0.11691468954086304, 0, 0, 8, 13, 20, 0, 0, 0, 0, 11, 1, 3, 0, 0, 0, 12, 0, 0.5, 0, 0, 0, 0, 0, 0, -26.858049392700195, 0.013957977294921875], [0, 0, 0, 0.08551228046417236, 0, 0, 8, 3, 10, 0, 0, 0, 0, 1, 1, 4, 0, 0, 0, 2, 0, 0.6666666666666666, 0, 0, 0, 0, 0, 0, -33.77536392211914, 0.0], [0, 0, 0, 0.025944054126739502, 0, 0, 8, 13, 20, 0, 0, 0, 0, 11, 1, 3, 0, 0, 0, 12, 0, 0.5, 0, 0, 0, 0, 0, 0, -20.282289505004883, 0.012493133544921875], [0, 0, 0, 0.13028430938720703, 0, 0, 8, 3, 10, 0, 0, 0, 0, 1, 1, 5, 0, 0, 0, 2, 0, 0.5, 0, 0, 0, 0, 0, 0, -33.77536392211914, 0.0], [0, 0, 0, 0.14609050750732422, 0, 0, 8, 3, 10, 0, 0, 0, 0, 1, 1, 4, 0, 0, 0, 2, 0, 0.5, 0, 0, 0, 0, 0, 0, -33.77536392211914, 0.0], [0, 0, 0, 0.036650270223617554, 0, 0, 8, 10, 17, 0, 0, 0, 0, 8, 1, 1, 0, 0, 0, 9, 0, 0.020833333333333332, 0, 0, 0, 0, 0, 0, -20.798564910888672, 0.018463134765625], [0, 0, 0, 0.021576762199401855, 0, 0, 8, 8, 15, 0, 0, 0, 0, 6, 1, 2, 0, 0, 0, 7, 0, 0.6666666666666666, 0, 0, 0, 0, 0, 0, -21.705236434936523, 0.026187896728515625], [0, 0, 0, 0.0039441585540771484, 0, 0, 8, 3, 10, 0, 0, 0, 0, 1, 1, 4, 0, 0, 0, 2, 0, 0.5, 0, 0, 0, 0, 0, 0, -33.77536392211914, 0.0], [0, 0, 0, 0.06648725271224976, 0, 0, 8, 3, 10, 0, 0, 0, 0, 1, 1, 4, 0, 0, 0, 2, 0, 0.5, 0, 0, 0, 0, 0, 0, -33.77536392211914, 0.0], [0, 0, 0, 0.043607473373413086, 0, 0, 8, 13, 20, 0, 0, 0, 0, 8, 4, 3, 0, 0, 0, 12, 0, 0.6666666666666666, 0, 0, 0, 0, 0, 0, -22.552108764648438, 4.871175765991211], [0, 0, 0, 0.004795163869857788, 0, 0, 8, 3, 10, 0, 0, 0, 0, 1, 1, 2, 0, 0, 0, 2, 0, 0.6666666666666666, 0, 0, 0, 0, 0, 0, -33.77536392211914, 0.0], [0, 0, 0, 0.007704973220825195, 0, 0, 8, 10, 17, 0, 0, 0, 0, 8, 1, 3, 0, 0, 0, 9, 0, 0.5, 0, 0, 0, 0, 0, 0, -21.34584617614746, 8.556249618530273], [0, 0, 0, 0.0, 0, 0, 4, 13, 16, 0, 0, 0, 0, 9, 2, 3, 0, 0, 0, 12, 0, 0.5, 0, 0, 0, 0, 0, 0, -25.34806251525879, 0.10118484497070312], [0, 0, 0, 0.0411931574344635, 0, 0, 8, 8, 15, 0, 0, 0, 0, 6, 1, 5, 0, 0, 0, 7, 0, 0.75, 0, 0, 0, 0, 0, 0, -35.71013641357422, 0.00653076171875], [0, 0, 1, 0.0021935701370239258, 0, 0, 8, 13, 20, 0, 0, 1, 1, 10, 2, 1, 0, 0, 0, 12, 0, 0.2222222222222222, 0, 0, 0, 0, 0, 0, -21.263893127441406, 3.0341224670410156], [0, 0, 0, 0.16968727111816406, 0, 0, 8, 6, 13, 0, 0, 0, 0, 3, 2, 2, 0, 0, 0, 5, 0, 0.5, 0, 0, 0, 0, 0, 0, -40.29862594604492, 7.424930572509766], [1, 0, 0, 0.17785006761550903, 0, 0, 8, 3, 10, 1, 0, 0, 0, 1, 1, 3, 0, 0, 0, 2, 0, 0.6666666666666666, 0, 0, 0, 0, 0, 0, -33.77536392211914, 0.0], [0, 0, 0, 0.00698736310005188, 0, 0, 8, 13, 20, 0, 0, 0, 0, 11, 1, 4, 0, 0, 0, 12, 0, 0.5, 0, 0, 0, 0, 0, 0, -20.062583923339844, 0.012506484985351562], [0, 0, 0, 0.15381169319152832, 0, 0, 8, 4, 11, 0, 0, 0, 0, 2, 1, 2, 0, 0, 0, 3, 0, 0.5, 0, 0, 0, 0, 0, 0, -26.419923782348633, 0.42395973205566406], [0, 0, 0, 0.012188315391540527, 0, 0, 8, 13, 20, 0, 0, 0, 0, 10, 2, 1, 0, 0, 0, 12, 0, 0.5, 0, 0, 0, 0, 0, 0, -21.652814865112305, 3.0438785552978516], [1, 0, 1, 0.04168558120727539, 1, 0, 8, 13, 20, 1, 0, 1, 1, 10, 2, 2, 0, 0, 0, 12, 1, 0.5, 0, 0, 0, 0, 0, 0, -21.28306007385254, 3.0381908416748047], [0, 0, 0, 0.020593106746673584, 0, 0, 8, 4, 11, 0, 0, 0, 0, 2, 1, 6, 0, 0, 0, 3, 0, 0.5, 0, 0, 0, 0, 0, 0, -36.402503967285156, 0.37093353271484375], [0, 0, 0, 0.05329573154449463, 0, 0, 8, 3, 10, 0, 0, 0, 0, 1, 1, 4, 0, 0, 0, 2, 0, 0.75, 0, 0, 0, 0, 0, 0, -33.77536392211914, 0.0], [1, 0, 0, 0.01815265417098999, 0, 0, 8, 4, 11, 1, 1, 0, 0, 1, 2, 6, 0, 0, 0, 3, 0, 0.5, 0, 0, 0, 0, 0, 0, -36.34147644042969, 0.0], [0, 0, 0, 0.015290796756744385, 0, 0, 8, 3, 10, 0, 0, 0, 0, 1, 1, 5, 0, 0, 0, 2, 0, 0.5, 0, 0, 0, 0, 0, 0, -33.77536392211914, 0.0], [0, 0, 0, 0.0, 0, 0, 8, 3, 10, 0, 0, 0, 0, 1, 1, 4, 0, 0, 0, 2, 0, 0.5, 0, 0, 0, 0, 0, 0, -33.77536392211914, 0.0], [0, 0, 0, 0.02773815393447876, 0, 0, 8, 13, 20, 0, 0, 0, 0, 11, 1, 1, 0, 0, 0, 12, 0, 0.25, 0, 0, 0, 0, 0, 0, -20.261093139648438, 0.01248931884765625], [0, 0, 0, 0.03749270737171173, 0, 0, 8, 13, 20, 0, 0, 0, 0, 11, 1, 3, 0, 0, 0, 12, 0, 0.5, 0, 0, 0, 0, 0, 0, -20.295543670654297, 0.012481689453125], [1, 0, 0, 0.05809307098388672, 0, 0, 8, 4, 11, 1, 0, 0, 0, 2, 1, 2, 0, 0, 0, 3, 0, 0.3333333333333333, 0, 0, 0, 0, 0, 0, -26.419923782348633, 0.42395973205566406], [0, 0, 0, 0.026098698377609253, 0, 0, 8, 8, 15, 0, 0, 1, 0, 6, 1, 4, 0, 0, 0, 7, 0, 0.5, 0, 0, 0, 0, 0, 0, -21.66904067993164, 0.026197433471679688], [0, 0, 0, 0.16644632816314697, 0, 0, 8, 3, 10, 0, 0, 0, 0, 1, 1, 5, 0, 0, 0, 2, 0, 0.6666666666666666, 0, 0, 0, 0, 0, 0, -33.77536392211914, 0.0], [0, 0, 0, 0.003907442092895508, 0, 0, 8, 4, 11, 0, 0, 0, 0, 2, 1, 4, 0, 0, 0, 3, 0, 0.5, 0, 0, 0, 0, 0, 0, -26.419923782348633, 0.42395973205566406], [0, 0, 0, 0.035301923751831055, 0, 0, 8, 13, 20, 0, 0, 0, 0, 11, 1, 1, 0, 0, 0, 12, 0, 0.13043478260869565, 0, 0, 0, 0, 0, 0, -22.075397491455078, 7.8361968994140625], [0, 0, 0, 0.0, 0, 0, 4, 13, 16, 0, 0, 0, 0, 9, 2, 3, 0, 0, 0, 12, 0, 0.5, 0, 0, 0, 0, 0, 0, -32.97151184082031, 0.5018272399902344], [1, 0, 1, 0.024135947227478027, 1, 0, 8, 13, 20, 1, 0, 1, 1, 6, 5, 5, 0, 0, 0, 12, 0, 0.6363636363636364, 0, 0, 0, 0, 0, 0, -28.655235290527344, 1.3114051818847656], [0, 0, 0, 0.06190112233161926, 0, 0, 8, 5, 12, 0, 0, 0, 0, 3, 1, 2, 0, 0, 0, 4, 0, 0.5, 0, 0, 0, 0, 0, 0, -24.53251838684082, 0.09001350402832031], [0, 0, 0, 0.011842191219329834, 0, 0, 8, 3, 10, 0, 0, 0, 0, 1, 1, 4, 0, 0, 0, 2, 0, 0.5, 0, 0, 0, 0, 0, 0, -33.77536392211914, 0.0], [1, 0, 0, 0.027796506881713867, 1, 0, 8, 13, 20, 1, 0, 1, 1, 8, 3, 2, 0, 0, 0, 12, 1, 0.6666666666666666, 0, 0, 0, 0, 0, 0, -31.376163482666016, 1.8783340454101562], [0, 0, 0, 0.18522024154663086, 0, 0, 8, 3, 10, 0, 0, 0, 0, 1, 1, 7, 0, 0, 0, 2, 0, 0.6666666666666666, 0, 0, 0, 0, 0, 0, -33.77536392211914, 0.0], [0, 0, 0, 0.0960131287574768, 0, 0, 8, 3, 10, 0, 0, 0, 0, 1, 1, 4, 0, 0, 0, 2, 0, 0.5, 0, 0, 0, 0, 0, 0, -33.77536392211914, 0.0], [0, 0, 0, 0.017728447914123535, 0, 0, 8, 3, 10, 0, 0, 0, 0, 1, 1, 4, 0, 0, 0, 2, 0, 0.5, 0, 0, 0, 0, 0, 0, -33.77536392211914, 0.0], [0, 0, 0, 0.0847233235836029, 0, 0, 8, 13, 20, 0, 0, 0, 0, 11, 1, 1, 0, 0, 0, 12, 0, 0.019736842105263157, 0, 0, 0, 0, 0, 0, -20.130756378173828, 0.012495040893554688], [0, 0, 1, 0.0037806034088134766, 0, 0, 8, 13, 20, 0, 0, 1, 0, 9, 2, 1, 0, 0, 0, 12, 0, 0.1111111111111111, 0, 0, 0, 0, 0, 0, -25.550262451171875, 0.14452171325683594], [0, 0, 0, 0.00016635656356811523, 0, 0, 8, 7, 14, 0, 0, 0, 0, 5, 1, 3, 0, 0, 0, 6, 0, 0.5, 0, 0, 0, 0, 0, 0, -36.458595275878906, 0.07271575927734375], [0, 0, 1, 0.027457743883132935, 0, 0, 8, 4, 11, 0, 0, 1, 1, 2, 1, 2, 0, 0, 0, 3, 0, 0.5, 0, 0, 0, 0, 0, 0, -26.335594177246094, 0.4242515563964844], [0, 0, 0, 0.011719584465026855, 0, 0, 8, 13, 20, 0, 0, 0, 0, 11, 1, 2, 0, 0, 0, 12, 0, 0.25, 0, 0, 0, 0, 0, 0, -20.282289505004883, 0.012493133544921875], [0, 0, 0, 0.020380258560180664, 0, 0, 8, 10, 17, 0, 0, 0, 0, 8, 1, 2, 0, 0, 0, 9, 0, 0.25, 0, 0, 0, 0, 0, 0, -39.486053466796875, 0.010379791259765625], [0, 0, 0, 0.0, 0, 0, 8, 5, 12, 0, 0, 0, 0, 3, 1, 4, 0, 0, 0, 4, 0, 0.6666666666666666, 0, 0, 0, 0, 0, 0, -24.53251838684082, 0.09001350402832031], [0, 0, 0, 0.07482865452766418, 0, 0, 8, 4, 11, 0, 0, 0, 0, 2, 1, 4, 0, 0, 0, 3, 0, 0.5, 0, 0, 0, 0, 0, 0, -26.419923782348633, 0.42395973205566406], [1, 0, 1, 0.05684196949005127, 1, 0, 8, 7, 14, 1, 0, 1, 1, 2, 4, 7, 0, 0, 0, 6, 1, 0.8333333333333334, 0, 0, 0, 0, 0, 0, -23.781444549560547, 15.775558471679688], [0, 0, 0, 0.1414942443370819, 0, 0, 8, 9, 16, 0, 0, 0, 0, 7, 1, 4, 0, 0, 0, 8, 0, 0.5, 0, 0, 0, 0, 0, 0, -20.97502326965332, 9.215709686279297], [0, 0, 0, 0.00090789794921875, 0, 0, 8, 13, 20, 0, 0, 0, 0, 11, 1, 2, 0, 0, 0, 12, 0, 0.75, 0, 0, 0, 0, 0, 0, -27.702526092529297, 0.022016525268554688], [0, 0, 0, 0.00523027777671814, 0, 0, 8, 13, 20, 0, 0, 0, 0, 11, 1, 1, 0, 0, 0, 12, 0, 0.5, 0, 0, 0, 0, 0, 0, -20.529348373413086, 0.012468338012695312], [0, 0, 0, 0.02782955765724182, 0, 0, 8, 13, 20, 0, 0, 0, 0, 9, 2, 1, 0, 0, 0, 12, 0, 0.6666666666666666, 0, 0, 0, 0, 0, 0, -25.558469772338867, 0.04134941101074219], [0, 0, 0, 0.026634544134140015, 0, 0, 8, 13, 20, 0, 0, 0, 0, 11, 1, 2, 0, 0, 0, 12, 0, 0.3333333333333333, 0, 0, 0, 0, 0, 0, -26.948698043823242, 0.01393890380859375], [0, 0, 0, 0.004937946796417236, 0, 0, 8, 9, 16, 0, 0, 0, 0, 7, 1, 2, 0, 0, 0, 8, 0, 0.6666666666666666, 0, 0, 0, 0, 0, 0, -21.19792366027832, 0.021240234375], [0, 0, 0, 0.4198089838027954, 0, 0, 8, 3, 10, 0, 0, 0, 0, 1, 1, 4, 0, 0, 0, 2, 0, 0.6666666666666666, 0, 0, 0, 0, 0, 0, -33.77536392211914, 0.0], [0, 0, 0, 0.0434231162071228, 0, 0, 8, 8, 15, 0, 0, 0, 0, 6, 1, 1, 0, 0, 0, 7, 0, 0.1111111111111111, 0, 0, 0, 0, 0, 0, -35.71013641357422, 0.00653076171875], [0, 0, 0, 0.023225843906402588, 0, 0, 8, 13, 20, 0, 0, 0, 0, 11, 1, 3, 0, 0, 0, 12, 0, 0.75, 0, 0, 0, 0, 0, 0, -20.118450164794922, 0.012502670288085938], [0, 0, 0, 0.00447431206703186, 0, 0, 8, 13, 20, 0, 0, 0, 0, 11, 1, 3, 0, 0, 0, 12, 0, 0.5, 0, 0, 0, 0, 0, 0, -19.991708755493164, 0.01251220703125], [0, 0, 0, 0.32983630895614624, 0, 0, 8, 3, 10, 0, 0, 0, 0, 1, 1, 4, 0, 0, 0, 2, 0, 0.6666666666666666, 0, 0, 0, 0, 0, 0, -33.77536392211914, 0.0], [1, 0, 0, 0.0005866289138793945, 0, 0, 8, 5, 12, 1, 0, 1, 0, 3, 1, 6, 0, 0, 0, 4, 0, 0.75, 0, 0, 0, 0, 0, 0, -24.469154357910156, 0.09011459350585938], [0, 0, 0, 0.13181263208389282, 0, 0, 8, 13, 20, 0, 0, 0, 0, 11, 1, 1, 0, 0, 0, 12, 0, 0.019736842105263157, 0, 0, 0, 0, 0, 0, -20.130756378173828, 0.012495040893554688], [0, 0, 0, 0.0018213391304016113, 0, 0, 8, 3, 10, 0, 0, 0, 0, 1, 1, 4, 0, 0, 0, 2, 0, 0.5, 0, 0, 0, 0, 0, 0, -33.77536392211914, 0.0], [0, 0, 0, 0.02631068229675293, 0, 0, 8, 13, 20, 0, 0, 0, 0, 11, 1, 1, 0, 0, 0, 12, 0, 0.13043478260869565, 0, 0, 0, 0, 0, 0, -20.597585678100586, 0.012462615966796875], [1, 0, 1, 0.008758783340454102, 1, 0, 8, 4, 11, 1, 0, 1, 1, 2, 1, 5, 0, 0, 0, 3, 1, 0.5, 0, 0, 0, 0, 0, 0, -26.335594177246094, 0.4242515563964844], [0, 0, 0, 0.021059423685073853, 0, 0, 8, 13, 20, 0, 0, 0, 0, 11, 1, 1, 0, 0, 0, 12, 0, 0.13043478260869565, 0, 0, 0, 0, 0, 0, -20.597585678100586, 0.012462615966796875], [0, 0, 0, 0.00814768671989441, 0, 0, 8, 13, 20, 0, 0, 0, 0, 11, 1, 1, 0, 0, 0, 12, 0, 0.019230769230769232, 0, 0, 0, 0, 0, 0, -20.282289505004883, 0.012493133544921875], [0, 0, 0, 0.15790051221847534, 0, 0, 8, 3, 10, 0, 0, 0, 0, 1, 1, 2, 0, 0, 0, 2, 0, 0.3333333333333333, 0, 0, 0, 0, 0, 0, -33.77536392211914, 0.0], [0, 0, 0, 0.012661725282669067, 0, 0, 8, 13, 20, 0, 0, 0, 0, 11, 1, 1, 0, 0, 0, 12, 0, 0.13043478260869565, 0, 0, 0, 0, 0, 0, -20.597585678100586, 0.012462615966796875], [1, 0, 1, 0.3727911412715912, 1, 1, 8, 3, 10, 1, 0, 0, 0, 1, 1, 4, 0, 0, 0, 2, 0, 0.6666666666666666, 0, 0, 1, 0, 0, 0, -26.759841918945312, 9.581634521484375], [0, 0, 0, 0.04594063758850098, 0, 0, 8, 11, 18, 0, 0, 0, 0, 6, 4, 1, 0, 0, 0, 10, 0, 0.2, 0, 0, 0, 0, 0, 0, -23.095911026000977, 5.941947937011719], [1, 0, 0, 0.059871166944503784, 0, 0, 8, 4, 11, 1, 0, 1, 0, 2, 1, 4, 0, 0, 0, 3, 0, 0.5, 0, 0, 0, 0, 0, 0, -26.335594177246094, 0.4242515563964844], [0, 0, 0, 0.10798457264900208, 0, 0, 8, 5, 12, 0, 0, 0, 0, 3, 1, 4, 0, 0, 0, 4, 0, 0.5, 0, 0, 0, 0, 0, 0, -24.53251838684082, 0.09001350402832031], [0, 0, 0, 0.07543617486953735, 0, 0, 8, 13, 20, 0, 0, 0, 0, 11, 1, 1, 0, 0, 0, 12, 0, 0.3333333333333333, 0, 0, 0, 0, 0, 0, -19.991708755493164, 0.01251220703125], [0, 0, 0, 0.01766762137413025, 0, 0, 8, 13, 20, 0, 0, 0, 0, 11, 1, 4, 0, 0, 0, 12, 0, 0.5, 0, 0, 0, 0, 0, 0, -20.077695846557617, 0.012502670288085938], [0, 0, 0, 0.06688320636749268, 0, 0, 8, 13, 20, 0, 0, 1, 0, 8, 4, 5, 0, 0, 0, 12, 0, 0.75, 0, 0, 0, 0, 0, 0, -22.6015682220459, 4.775266647338867], [0, 0, 0, 0.012849628925323486, 0, 0, 8, 4, 11, 0, 0, 0, 0, 2, 1, 4, 0, 0, 0, 3, 0, 0.6666666666666666, 0, 0, 0, 0, 0, 0, -26.419923782348633, 0.42395973205566406], [0, 0, 0, 0.05199131369590759, 0, 0, 8, 13, 20, 0, 0, 0, 0, 10, 2, 2, 0, 0, 0, 12, 0, 0.2857142857142857, 0, 0, 0, 0, 0, 0, -21.233598709106445, 3.0304603576660156], [0, 0, 0, 0.09724405407905579, 0, 0, 8, 13, 20, 0, 0, 0, 0, 10, 2, 2, 0, 0, 0, 12, 0, 0.5, 0, 0, 0, 0, 0, 0, -21.095216751098633, 3.0273513793945312], [0, 0, 0, 0.020991861820220947, 0, 0, 8, 13, 20, 0, 0, 0, 0, 11, 1, 1, 0, 0, 0, 12, 0, 0.13043478260869565, 0, 0, 0, 0, 0, 0, -20.597585678100586, 0.012462615966796875], [0, 0, 0, 0.09514397382736206, 0, 0, 8, 3, 10, 0, 0, 0, 0, 1, 1, 3, 0, 0, 0, 2, 0, 0.5, 0, 0, 0, 0, 0, 0, -33.77536392211914, 0.0], [0, 0, 0, 0.02449268102645874, 0, 0, 8, 3, 10, 0, 0, 0, 0, 1, 1, 4, 0, 0, 0, 2, 0, 0.5, 0, 0, 0, 0, 0, 0, -33.77536392211914, 0.0], [0, 0, 0, 0.07659751176834106, 0, 0, 8, 3, 10, 0, 1, 0, 0, 1, 1, 4, 0, 0, 0, 2, 0, 0.5, 0, 0, 0, 0, 0, 0, -33.77536392211914, 0.0], [0, 0, 0, 0.038557231426239014, 0, 0, 8, 4, 11, 0, 0, 0, 0, 2, 1, 4, 0, 0, 0, 3, 0, 0.6666666666666666, 0, 0, 0, 0, 0, 0, -26.419923782348633, 0.42395973205566406], [0, 0, 0, 0.01578158140182495, 0, 0, 8, 6, 13, 0, 0, 0, 0, 4, 1, 1, 0, 0, 0, 5, 0, 0.5, 0, 0, 0, 0, 0, 0, -23.264291763305664, 0.05103302001953125], [0, 0, 0, 0.12339949607849121, 0, 1, 8, 12, 19, 0, 0, 0, 0, 7, 3, 5, 0, 0, 0, 11, 0, 0.75, 0, 0, 1, 0, 0, 0, -43.302642822265625, 0.6324882507324219], [1, 0, 0, 0.2585013210773468, 1, 0, 8, 9, 16, 1, 0, 1, 0, 7, 1, 4, 0, 0, 0, 8, 0, 0.6666666666666666, 0, 0, 0, 0, 0, 0, -21.161088943481445, 0.14993858337402344], [0, 0, 0, 0.07393482327461243, 0, 0, 8, 13, 20, 0, 0, 0, 0, 10, 2, 3, 0, 0, 0, 12, 0, 0.3333333333333333, 0, 0, 0, 0, 0, 0, -21.01852798461914, 3.042795181274414], [0, 0, 0, 0.012315362691879272, 0, 0, 8, 13, 20, 0, 0, 0, 0, 11, 1, 1, 0, 0, 0, 12, 0, 0.5, 0, 0, 0, 0, 0, 0, -20.529348373413086, 0.012468338012695312], [0, 0, 0, 0.011945158243179321, 0, 0, 8, 3, 10, 0, 0, 0, 0, 1, 1, 4, 0, 0, 0, 2, 0, 0.5, 0, 0, 0, 0, 0, 0, -33.77536392211914, 0.0], [1, 0, 0, 0.052488625049591064, 0, 0, 2, 6, 7, 1, 0, 0, 0, 4, 1, 1, 0, 0, 0, 5, 0, 0.6666666666666666, 0, 0, 0, 0, 0, 0, -38.9154052734375, 0.004566192626953125], [0, 0, 1, 0.009540647268295288, 0, 0, 8, 12, 19, 0, 0, 1, 1, 9, 2, 1, 0, 0, 0, 11, 0, 0.019736842105263157, 0, 0, 0, 0, 0, 0, -28.889225006103516, 2.946889877319336], [0, 0, 0, 0.0, 0, 0, 2, 4, 5, 0, 0, 0, 0, 2, 1, 1, 0, 0, 0, 3, 0, 0.6666666666666666, 0, 0, 0, 0, 0, 0, -26.419923782348633, 0.42395973205566406], [1, 0, 1, 0.05027139186859131, 1, 0, 8, 4, 11, 1, 0, 1, 1, 2, 1, 6, 0, 0, 0, 3, 1, 0.8333333333333334, 0, 0, 0, 0, 0, 0, -26.335594177246094, 0.4242515563964844], [0, 0, 0, 0.053786516189575195, 0, 0, 8, 4, 11, 0, 0, 0, 0, 2, 1, 3, 0, 0, 0, 3, 0, 0.5, 0, 0, 0, 0, 0, 0, -26.419923782348633, 0.42395973205566406], [0, 0, 0, 0.018781721591949463, 0, 0, 8, 6, 13, 0, 0, 0, 0, 1, 4, 3, 0, 0, 0, 5, 0, 0.5, 0, 0, 0, 0, 0, 0, -39.64890670776367, 0.0], [0, 0, 0, 0.010144710540771484, 0, 0, 8, 13, 20, 0, 0, 1, 0, 11, 1, 3, 0, 0, 0, 12, 0, 0.5, 0, 0, 0, 0, 0, 0, -20.282289505004883, 0.012493133544921875], [0, 0, 0, 0.02047520875930786, 0, 0, 8, 13, 20, 0, 0, 0, 0, 9, 3, 2, 0, 0, 0, 12, 0, 0.75, 0, 0, 0, 0, 0, 0, -22.072067260742188, 3.8465118408203125], [0, 0, 0, 0.003972887992858887, 0, 0, 8, 5, 12, 0, 0, 0, 0, 3, 1, 2, 0, 0, 0, 4, 0, 0.5, 0, 0, 0, 0, 0, 0, -24.53251838684082, 0.09001350402832031], [0, 0, 0, 0.06122332811355591, 0, 0, 8, 3, 10, 0, 0, 0, 0, 1, 1, 5, 0, 0, 0, 2, 0, 0.5, 0, 0, 0, 0, 0, 0, -33.77536392211914, 0.0], [0, 0, 0, 0.007441043853759766, 0, 0, 8, 4, 11, 0, 0, 0, 0, 1, 2, 2, 0, 0, 0, 3, 0, 0.5, 0, 0, 0, 0, 0, 0, -36.34147644042969, 0.0], [0, 0, 0, 0.03137612342834473, 0, 0, 8, 13, 20, 0, 0, 0, 0, 7, 3, 2, 0, 0, 0, 12, 0, 0.6666666666666666, 0, 0, 0, 0, 0, 0, -33.486595153808594, 0.5283546447753906], [0, 0, 0, 0.006671160459518433, 0, 0, 8, 13, 20, 0, 0, 0, 0, 10, 2, 3, 0, 0, 0, 12, 0, 0.5, 0, 0, 0, 0, 0, 0, -21.37116813659668, 3.035449981689453], [0, 0, 0, 0.0034454166889190674, 0, 0, 8, 13, 20, 0, 0, 0, 0, 11, 1, 1, 0, 0, 0, 12, 0, 0.5, 0, 0, 0, 0, 0, 0, -20.529348373413086, 0.012468338012695312], [0, 0, 0, 0.03396984934806824, 0, 0, 8, 5, 12, 0, 0, 1, 0, 3, 1, 3, 0, 0, 0, 4, 0, 0.5, 0, 0, 0, 0, 0, 0, -19.34416389465332, 13.861230850219727], [1, 0, 0, 0.12521645426750183, 1, 0, 8, 13, 20, 1, 0, 1, 0, 11, 1, 2, 0, 0, 0, 12, 1, 0.5, 0, 0, 0, 0, 0, 0, -20.30815887451172, 0.012485504150390625], [0, 0, 0, 0.028352022171020508, 0, 0, 8, 13, 20, 0, 0, 0, 0, 10, 2, 1, 0, 0, 0, 12, 0, 0.13043478260869565, 0, 0, 0, 0, 0, 0, -21.63875389099121, 3.040956497192383], [0, 0, 0, 0.055058553814888, 0, 0, 8, 3, 10, 0, 0, 0, 0, 1, 1, 3, 0, 0, 0, 2, 0, 0.5, 0, 0, 0, 0, 0, 0, -33.77536392211914, 0.0], [0, 0, 0, 0.06829243898391724, 0, 0, 8, 13, 20, 0, 0, 0, 0, 11, 1, 2, 0, 0, 0, 12, 0, 0.2857142857142857, 0, 0, 0, 0, 0, 0, -20.17494773864746, 0.012495040893554688], [0, 0, 0, 0.03216993808746338, 0, 0, 8, 3, 10, 0, 0, 0, 0, 1, 1, 2, 0, 0, 0, 2, 0, 0.6666666666666666, 0, 0, 0, 0, 0, 0, -33.77536392211914, 0.0], [0, 0, 1, 0.0037806034088134766, 0, 0, 8, 13, 20, 0, 0, 1, 0, 9, 2, 1, 0, 0, 0, 12, 0, 0.1111111111111111, 0, 0, 0, 0, 0, 0, -25.500755310058594, 0.14314842224121094], [0, 0, 0, 0.09487119317054749, 0, 0, 8, 13, 20, 0, 0, 0, 0, 11, 1, 3, 0, 0, 0, 12, 0, 0.6666666666666666, 0, 0, 0, 0, 0, 0, -20.21282196044922, 0.01248931884765625], [0, 0, 0, 0.010065823793411255, 0, 0, 8, 5, 12, 0, 0, 0, 0, 3, 1, 3, 0, 0, 0, 4, 0, 0.5, 0, 0, 0, 0, 0, 0, -24.53251838684082, 0.09001350402832031], [0, 0, 0, 0.011494815349578857, 0, 0, 8, 13, 20, 0, 0, 0, 0, 11, 1, 1, 0, 0, 0, 12, 0, 0.25, 0, 0, 0, 0, 0, 0, -20.261093139648438, 0.01248931884765625], [1, 0, 1, 0.2581034302711487, 1, 1, 8, 3, 10, 1, 0, 0, 0, 1, 1, 3, 0, 0, 0, 2, 1, 0.5, 0, 0, 1, 0, 0, 0, -26.759841918945312, 9.581634521484375], [0, 0, 0, 0.04242098331451416, 0, 0, 8, 3, 10, 0, 0, 0, 0, 1, 1, 3, 0, 0, 0, 2, 0, 0.75, 0, 0, 0, 0, 0, 0, -33.77536392211914, 0.0], [0, 0, 0, 0.03468236327171326, 0, 0, 8, 13, 20, 0, 0, 0, 0, 11, 1, 2, 0, 0, 0, 12, 0, 0.75, 0, 0, 0, 0, 0, 0, -20.118450164794922, 0.012502670288085938], [0, 0, 0, 0.02284589409828186, 0, 0, 8, 13, 20, 0, 0, 0, 0, 11, 1, 4, 0, 0, 0, 12, 0, 0.5, 0, 0, 0, 0, 0, 0, -20.062583923339844, 0.012506484985351562], [1, 0, 0, 0.009862542152404785, 0, 0, 8, 3, 10, 1, 0, 0, 0, 1, 1, 6, 0, 0, 0, 2, 0, 0.8333333333333334, 0, 0, 0, 0, 0, 0, -33.77536392211914, 0.0], [0, 0, 0, 0.023625671863555908, 0, 0, 8, 8, 15, 0, 0, 1, 0, 5, 2, 4, 0, 0, 0, 7, 0, 0.6666666666666666, 0, 0, 0, 0, 0, 0, -22.884765625, 5.590766906738281], [0, 0, 0, 0.0035791397094726562, 0, 0, 8, 13, 20, 0, 0, 0, 0, 11, 1, 1, 0, 0, 0, 12, 0, 0.020833333333333332, 0, 0, 0, 0, 0, 0, -19.991708755493164, 0.01251220703125], [0, 0, 0, 0.08644634485244751, 0, 0, 8, 3, 10, 0, 0, 0, 0, 1, 1, 3, 0, 0, 0, 2, 0, 0.5, 0, 0, 0, 0, 0, 0, -33.77536392211914, 0.0], [0, 0, 0, 0.011074453592300415, 0, 0, 8, 5, 12, 0, 0, 0, 0, 3, 1, 3, 0, 0, 0, 4, 0, 0.75, 0, 0, 0, 0, 0, 0, -24.53251838684082, 0.09001350402832031], [0, 0, 0, 0.0013821125030517578, 0, 0, 8, 4, 11, 0, 0, 0, 0, 1, 2, 7, 0, 0, 0, 3, 0, 0.6666666666666666, 0, 0, 0, 0, 0, 0, -36.34147644042969, 0.0], [0, 0, 1, 0.2998462915420532, 0, 0, 8, 4, 11, 0, 0, 1, 1, 2, 1, 4, 0, 0, 0, 3, 0, 0.6666666666666666, 0, 0, 0, 0, 0, 0, -26.335594177246094, 0.4242515563964844], [0, 0, 0, 0.1575152575969696, 0, 0, 8, 13, 20, 0, 0, 0, 0, 11, 1, 3, 0, 0, 0, 12, 0, 0.5, 0, 0, 0, 0, 0, 0, -20.30815887451172, 0.012485504150390625], [0, 0, 0, 0.11343902349472046, 0, 0, 8, 13, 20, 0, 0, 0, 0, 11, 1, 2, 0, 0, 0, 12, 0, 0.25, 0, 0, 0, 0, 0, 0, -20.275413513183594, 0.012487411499023438], [0, 0, 0, 0.3087252080440521, 0, 0, 8, 3, 10, 0, 0, 0, 0, 1, 1, 3, 0, 0, 0, 2, 0, 0.5, 0, 0, 0, 0, 0, 0, -33.77536392211914, 0.0], [0, 0, 0, 0.18522018194198608, 0, 0, 8, 3, 10, 0, 0, 0, 0, 1, 1, 7, 0, 0, 0, 2, 0, 0.6666666666666666, 0, 0, 0, 0, 0, 0, -33.77536392211914, 0.0], [0, 0, 0, 0.022505134344100952, 0, 0, 8, 7, 14, 0, 0, 0, 0, 5, 1, 3, 0, 0, 0, 6, 0, 0.6666666666666666, 0, 0, 0, 0, 0, 0, -37.089759826660156, 0.01080322265625], [0, 0, 0, 0.02398201823234558, 0, 0, 8, 5, 12, 0, 0, 0, 0, 3, 1, 3, 0, 0, 0, 4, 0, 0.5, 0, 0, 0, 0, 0, 0, -24.53251838684082, 0.09001350402832031], [0, 0, 0, 0.12836343050003052, 0, 0, 8, 9, 16, 0, 0, 0, 0, 7, 1, 4, 0, 0, 0, 8, 0, 0.6666666666666666, 0, 0, 0, 0, 0, 0, -21.19792366027832, 0.021240234375], [0, 0, 0, 0.009632408618927002, 0, 0, 8, 4, 11, 0, 0, 0, 0, 2, 1, 5, 0, 0, 0, 3, 0, 0.8333333333333334, 0, 0, 0, 0, 0, 0, -26.419923782348633, 0.42395973205566406], [0, 0, 0, 0.017000317573547363, 0, 0, 8, 3, 10, 0, 0, 0, 0, 1, 1, 5, 0, 0, 0, 2, 0, 0.5, 0, 0, 0, 0, 0, 0, -33.77536392211914, 0.0], [0, 0, 0, 0.027763813734054565, 0, 0, 8, 13, 20, 0, 0, 1, 0, 11, 1, 1, 0, 0, 0, 12, 0, 0.02857142857142857, 0, 0, 0, 0, 0, 0, -20.130756378173828, 0.012495040893554688], [0, 0, 0, 0.026710957288742065, 0, 0, 8, 13, 20, 0, 0, 0, 0, 11, 1, 1, 0, 0, 0, 12, 0, 0.13043478260869565, 0, 0, 0, 0, 0, 0, -20.597585678100586, 0.012462615966796875], [0, 0, 0, 0.02880936861038208, 0, 0, 8, 13, 20, 0, 0, 0, 0, 11, 1, 1, 0, 0, 0, 12, 0, 0.25, 0, 0, 0, 0, 0, 0, -20.261093139648438, 0.01248931884765625], [0, 0, 0, 0.07197719812393188, 0, 0, 8, 6, 13, 0, 0, 0, 0, 4, 1, 4, 0, 0, 0, 5, 0, 0.5, 0, 0, 0, 0, 0, 0, -23.264291763305664, 0.05103302001953125], [0, 0, 0, 0.056483566761016846, 0, 0, 8, 3, 10, 0, 0, 0, 0, 1, 1, 5, 0, 0, 0, 2, 0, 0.75, 0, 0, 0, 0, 0, 0, -33.77536392211914, 0.0], [1, 0, 1, 0.08021295070648193, 1, 0, 8, 13, 20, 1, 0, 1, 1, 8, 3, 2, 0, 0, 0, 12, 1, 0.75, 0, 0, 0, 0, 0, 0, -27.000614166259766, 0.3252067565917969], [0, 0, 0, 0.03074541687965393, 0, 0, 8, 13, 20, 0, 0, 0, 0, 10, 2, 2, 0, 0, 0, 12, 0, 0.5, 0, 0, 0, 0, 0, 0, -21.2076416015625, 3.0277786254882812], [0, 0, 0, 0.008530735969543457, 0, 0, 8, 7, 14, 0, 0, 0, 0, 5, 1, 4, 0, 0, 0, 6, 0, 0.5, 0, 0, 0, 0, 0, 0, -22.36773109436035, 0.034664154052734375], [0, 0, 0, 0.03397953510284424, 0, 0, 8, 13, 20, 0, 0, 0, 0, 10, 2, 1, 0, 0, 0, 12, 0, 0.6666666666666666, 0, 0, 0, 0, 0, 0, -21.25819206237793, 3.0333938598632812], [0, 0, 0, 0.04780542850494385, 0, 0, 8, 13, 20, 0, 0, 0, 0, 11, 1, 1, 0, 0, 0, 12, 0, 0.2, 0, 0, 0, 0, 0, 0, -26.70833396911621, 0.013988494873046875], [1, 0, 1, 0.016016006469726562, 0, 1, 8, 3, 10, 1, 0, 0, 0, 1, 1, 6, 0, 0, 0, 2, 0, 0.5, 0, 0, 1, 0, 0, 0, -26.759841918945312, 16.612102508544922], [0, 0, 0, 0.010313749313354492, 0, 0, 8, 3, 10, 0, 0, 0, 0, 1, 1, 5, 0, 0, 0, 2, 0, 0.6666666666666666, 0, 0, 0, 0, 0, 0, -33.77536392211914, 0.0], [0, 0, 0, 0.09624949097633362, 0, 0, 8, 3, 10, 0, 0, 0, 0, 1, 1, 4, 0, 0, 0, 2, 0, 0.5, 0, 0, 0, 0, 0, 0, -33.77536392211914, 0.0], [0, 0, 0, 0.057067424058914185, 0, 0, 8, 13, 20, 0, 0, 0, 0, 11, 1, 2, 0, 0, 0, 12, 0, 0.5, 0, 0, 0, 0, 0, 0, -19.991708755493164, 0.01251220703125], [0, 0, 0, 0.036162376403808594, 0, 0, 8, 10, 17, 0, 0, 0, 0, 6, 3, 2, 0, 0, 0, 9, 0, 0.75, 0, 0, 0, 0, 0, 0, -40.29698181152344, 6.166332244873047], [0, 0, 0, 0.07225644588470459, 0, 0, 8, 11, 18, 0, 0, 0, 0, 9, 1, 1, 0, 0, 0, 10, 0, 0.3333333333333333, 0, 0, 0, 0, 0, 0, -26.935508728027344, 0.017698287963867188], [1, 0, 0, 0.037668049335479736, 0, 0, 8, 6, 13, 1, 0, 0, 0, 4, 1, 1, 0, 0, 0, 5, 1, 0.1111111111111111, 0, 0, 0, 0, 0, 0, -38.9154052734375, 0.004566192626953125], [0, 0, 0, 0.00986248254776001, 0, 0, 8, 5, 12, 0, 0, 0, 0, 1, 3, 6, 0, 0, 0, 4, 0, 0.8333333333333334, 0, 0, 0, 0, 0, 0, -34.585262298583984, 0.0], [0, 0, 0, 0.0002955794334411621, 0, 0, 8, 5, 12, 0, 0, 0, 0, 3, 1, 4, 0, 0, 0, 4, 0, 0.5, 0, 0, 0, 0, 0, 0, -24.53251838684082, 0.09001350402832031], [0, 0, 0, 0.009318023920059204, 0, 0, 8, 13, 20, 0, 0, 0, 0, 11, 1, 2, 0, 0, 0, 12, 0, 0.25, 0, 0, 0, 0, 0, 0, -20.282289505004883, 0.012493133544921875], [0, 0, 0, 0.004629641771316528, 0, 0, 8, 13, 20, 0, 0, 0, 0, 10, 2, 1, 0, 0, 0, 12, 0, 0.5, 0, 0, 0, 0, 0, 0, -21.712377548217773, 3.047199249267578], [0, 0, 0, 0.01893475651741028, 0, 0, 8, 4, 11, 0, 0, 0, 0, 2, 1, 5, 0, 0, 0, 3, 0, 0.6666666666666666, 0, 0, 0, 0, 0, 0, -26.419923782348633, 0.42395973205566406], [0, 0, 0, 0.10806062817573547, 0, 0, 8, 13, 20, 0, 0, 0, 0, 11, 1, 2, 0, 0, 0, 12, 0, 0.25, 0, 0, 0, 0, 0, 0, -20.275413513183594, 0.012487411499023438], [0, 0, 0, 0.006992697715759277, 0, 0, 8, 13, 20, 0, 0, 0, 0, 11, 1, 1, 0, 0, 0, 12, 0, 0.1111111111111111, 0, 0, 0, 0, 0, 0, -20.529348373413086, 0.012468338012695312], [0, 0, 1, 0.002653747797012329, 0, 0, 8, 9, 16, 0, 0, 1, 1, 4, 4, 4, 0, 0, 0, 8, 0, 0.5, 0, 0, 0, 0, 0, 0, -23.667465209960938, 7.71424674987793], [0, 0, 0, 0.18459904193878174, 0, 0, 8, 3, 10, 0, 1, 0, 0, 1, 1, 5, 0, 0, 0, 2, 0, 0.6666666666666666, 0, 0, 0, 0, 0, 0, -33.77536392211914, 0.0], [0, 0, 0, 0.0021258294582366943, 0, 0, 8, 13, 20, 0, 0, 0, 0, 11, 1, 1, 0, 0, 0, 12, 0, 0.1111111111111111, 0, 0, 0, 0, 0, 0, -27.205751419067383, 0.013889312744140625], [0, 0, 0, 0.008308812975883484, 0, 0, 8, 3, 10, 0, 0, 0, 0, 1, 1, 3, 0, 0, 0, 2, 0, 0.5, 0, 0, 0, 0, 0, 0, -33.77536392211914, 0.0], [0, 0, 0, 0.07203221321105957, 0, 0, 8, 3, 10, 0, 0, 0, 0, 1, 1, 1, 0, 0, 0, 2, 0, 0.5, 0, 0, 0, 0, 0, 0, -33.77536392211914, 0.0], [0, 0, 0, 0.1531664878129959, 0, 0, 8, 4, 11, 0, 1, 0, 0, 2, 1, 2, 0, 0, 0, 3, 0, 0.3333333333333333, 0, 0, 0, 0, 0, 0, -26.419923782348633, 0.42395973205566406], [0, 0, 0, 0.0028691887855529785, 0, 0, 8, 9, 16, 0, 0, 0, 0, 7, 1, 1, 0, 0, 0, 8, 0, 0.5, 0, 0, 0, 0, 0, 0, -27.49405288696289, 0.03828239440917969], [0, 0, 0, 0.01735547184944153, 0, 0, 8, 13, 20, 0, 0, 0, 0, 11, 1, 1, 0, 0, 0, 12, 0, 0.13043478260869565, 0, 0, 0, 0, 0, 0, -20.597585678100586, 0.012462615966796875], [0, 0, 0, 0.06057748198509216, 0, 0, 8, 3, 10, 0, 0, 0, 0, 1, 1, 5, 0, 0, 0, 2, 0, 0.6666666666666666, 0, 0, 0, 0, 0, 0, -33.77536392211914, 0.0], [0, 0, 0, 0.05601823329925537, 0, 0, 8, 13, 20, 0, 0, 0, 0, 6, 5, 2, 0, 0, 0, 12, 0, 0.6666666666666666, 0, 0, 0, 0, 0, 0, -32.14812469482422, 1.295684814453125], [0, 0, 0, 0.003737509250640869, 0, 0, 8, 11, 18, 0, 0, 0, 0, 9, 1, 4, 0, 0, 0, 10, 0, 0.5, 0, 0, 0, 0, 0, 0, -20.476938247680664, 0.015985488891601562], [0, 0, 0, 0.3045617341995239, 0, 0, 8, 3, 10, 0, 0, 0, 0, 1, 1, 3, 0, 0, 0, 2, 0, 0.8, 0, 0, 0, 0, 0, 0, -33.77536392211914, 0.0], [0, 0, 0, 0.018312782049179077, 0, 0, 8, 13, 20, 0, 0, 0, 0, 11, 1, 4, 0, 0, 0, 12, 0, 0.5, 0, 0, 0, 0, 0, 0, -20.320207595825195, 0.012481689453125], [0, 0, 0, 0.007187485694885254, 0, 0, 8, 13, 20, 0, 0, 0, 0, 11, 1, 1, 0, 0, 0, 12, 0, 0.5, 0, 0, 0, 0, 0, 0, -20.358524322509766, 0.012483596801757812], [0, 0, 0, 0.0019362568855285645, 0, 0, 8, 13, 20, 0, 0, 0, 0, 11, 1, 1, 0, 0, 0, 12, 0, 0.5, 0, 0, 0, 0, 0, 0, -20.358524322509766, 0.012483596801757812], [1, 0, 1, 0.029188096523284912, 1, 0, 8, 4, 11, 1, 0, 1, 1, 2, 1, 6, 0, 0, 0, 3, 1, 0.8333333333333334, 0, 0, 0, 0, 0, 0, -26.335594177246094, 0.4242515563964844], [0, 0, 0, 0.17297688126564026, 0, 0, 8, 3, 10, 0, 0, 0, 0, 1, 1, 4, 0, 0, 0, 2, 0, 0.75, 0, 0, 0, 0, 0, 0, -33.77536392211914, 0.0], [0, 0, 0, 0.020386219024658203, 0, 0, 8, 13, 20, 0, 0, 0, 0, 11, 1, 1, 0, 0, 0, 12, 0, 0.13043478260869565, 0, 0, 0, 0, 0, 0, -20.597585678100586, 0.012462615966796875], [0, 0, 0, 0.02933710813522339, 0, 0, 8, 3, 10, 0, 0, 0, 0, 1, 1, 4, 0, 0, 0, 2, 0, 0.5, 0, 0, 0, 0, 0, 0, -33.77536392211914, 0.0], [0, 0, 0, 0.0021572113037109375, 0, 0, 8, 7, 14, 0, 0, 0, 0, 5, 1, 1, 0, 0, 0, 6, 0, 0.1111111111111111, 0, 0, 0, 0, 0, 0, -37.089759826660156, 0.01080322265625], [0, 0, 0, 0.00786694884300232, 0, 0, 8, 13, 20, 0, 0, 0, 0, 11, 1, 1, 0, 0, 0, 12, 0, 0.125, 0, 0, 0, 0, 0, 0, -19.991708755493164, 0.01251220703125], [0, 0, 0, 0.009548753499984741, 0, 0, 8, 13, 20, 0, 0, 0, 0, 10, 2, 1, 0, 0, 0, 12, 0, 0.5, 0, 0, 0, 0, 0, 0, -21.689895629882812, 3.0435943603515625], [0, 0, 0, 0.015393629670143127, 0, 0, 8, 3, 10, 0, 0, 0, 0, 1, 1, 3, 0, 0, 0, 2, 0, 0.6666666666666666, 0, 0, 0, 0, 0, 0, -33.77536392211914, 0.0], [0, 0, 0, 0.03444758057594299, 0, 0, 8, 6, 13, 0, 0, 0, 0, 4, 1, 4, 0, 0, 0, 5, 0, 0.6666666666666666, 0, 0, 0, 0, 0, 0, -38.9154052734375, 0.004566192626953125], [0, 0, 0, 0.27232682704925537, 0, 0, 8, 3, 10, 0, 0, 0, 0, 1, 1, 3, 0, 0, 0, 2, 0, 0.5, 0, 0, 0, 0, 0, 0, -34.027679443359375, 0.0], [0, 0, 0, 0.0021983087062835693, 0, 0, 8, 4, 11, 0, 0, 0, 0, 2, 1, 4, 0, 0, 0, 3, 0, 0.5, 0, 0, 0, 0, 0, 0, -26.419923782348633, 0.42395973205566406], [0, 0, 0, 0.1596684455871582, 0, 0, 8, 5, 12, 0, 0, 0, 0, 3, 1, 3, 0, 0, 0, 4, 0, 0.5, 0, 0, 0, 0, 0, 0, -24.53251838684082, 0.09001350402832031], [0, 0, 0, 0.011034369468688965, 0, 0, 8, 3, 10, 0, 0, 0, 0, 1, 1, 5, 0, 0, 0, 2, 0, 0.5, 0, 0, 0, 0, 0, 0, -33.77536392211914, 0.0], [0, 0, 0, 0.00860893726348877, 0, 0, 8, 4, 11, 0, 0, 0, 0, 2, 1, 3, 0, 0, 0, 3, 0, 0.5, 0, 0, 0, 0, 0, 0, -26.419923782348633, 0.42395973205566406], [0, 0, 0, 0.0016776025295257568, 0, 0, 8, 3, 10, 0, 0, 0, 0, 1, 1, 4, 0, 0, 0, 2, 0, 0.75, 0, 0, 0, 0, 0, 0, -33.77536392211914, 0.0], [0, 0, 0, 0.056488633155822754, 0, 0, 8, 13, 20, 0, 0, 0, 0, 10, 2, 2, 0, 0, 0, 12, 0, 0.5, 0, 0, 0, 0, 0, 0, -21.25571632385254, 3.0383262634277344], [1, 0, 0, 0.008317798376083374, 0, 0, 8, 13, 20, 1, 0, 1, 0, 10, 2, 2, 0, 0, 0, 12, 0, 0.3333333333333333, 0, 0, 0, 0, 0, 0, -21.050249099731445, 3.04376220703125], [0, 0, 0, 0.19191813468933105, 0, 0, 8, 3, 10, 0, 0, 0, 0, 1, 1, 7, 0, 0, 0, 2, 0, 0.5, 0, 0, 0, 0, 0, 0, -33.77536392211914, 0.0], [0, 0, 0, 0.062078624963760376, 0, 0, 8, 13, 20, 0, 0, 0, 0, 11, 1, 3, 0, 0, 0, 12, 0, 0.5, 0, 0, 0, 0, 0, 0, -19.991708755493164, 0.01251220703125], [0, 0, 0, 0.036530107259750366, 0, 0, 8, 13, 20, 0, 0, 0, 0, 11, 1, 1, 0, 0, 0, 12, 0, 0.5, 0, 0, 0, 0, 0, 0, -20.358524322509766, 0.012483596801757812], [0, 0, 0, 0.02837991714477539, 0, 0, 8, 13, 20, 0, 0, 0, 0, 11, 1, 4, 0, 0, 0, 12, 0, 0.5, 0, 0, 0, 0, 0, 0, -20.320207595825195, 0.012481689453125], [0, 0, 0, 0.0076243579387664795, 0, 0, 8, 13, 20, 0, 0, 0, 0, 11, 1, 1, 0, 0, 0, 12, 0, 0.5, 0, 0, 0, 0, 0, 0, -20.358524322509766, 0.012483596801757812], [0, 0, 0, 0.0, 0, 0, 8, 5, 12, 0, 0, 0, 0, 3, 1, 4, 0, 0, 0, 4, 0, 0.5, 0, 0, 0, 0, 0, 0, -24.53251838684082, 0.09001350402832031], [0, 0, 0, 0.0010404586791992188, 0, 0, 8, 13, 20, 0, 0, 0, 0, 11, 1, 1, 0, 0, 0, 12, 0, 0.1111111111111111, 0, 0, 0, 0, 0, 0, -20.529348373413086, 0.012468338012695312], [1, 0, 1, 0.08021295070648193, 1, 0, 8, 13, 20, 1, 0, 1, 1, 10, 2, 2, 0, 0, 0, 12, 1, 0.75, 0, 0, 0, 0, 0, 0, -21.351303100585938, 3.0319881439208984], [0, 0, 0, 0.05583152174949646, 0, 0, 8, 5, 12, 0, 0, 0, 0, 3, 1, 6, 0, 0, 0, 4, 0, 0.5, 0, 0, 0, 0, 0, 0, -24.53251838684082, 0.09001350402832031], [0, 0, 0, 0.1163945198059082, 0, 0, 8, 4, 11, 0, 0, 0, 0, 2, 1, 1, 0, 0, 0, 3, 0, 0.6666666666666666, 0, 0, 0, 0, 0, 0, -26.419923782348633, 0.42395973205566406], [0, 0, 0, 0.19662892818450928, 0, 0, 8, 3, 10, 0, 0, 0, 0, 1, 1, 7, 0, 0, 0, 2, 0, 0.5, 0, 0, 0, 0, 0, 0, -33.77536392211914, 0.0], [0, 0, 0, 0.00682404637336731, 0, 0, 8, 13, 20, 0, 0, 0, 0, 11, 1, 1, 0, 0, 0, 12, 0, 0.1111111111111111, 0, 0, 0, 0, 0, 0, -20.282289505004883, 0.012493133544921875], [0, 0, 0, 0.08906497061252594, 0, 0, 8, 13, 20, 0, 0, 0, 0, 8, 3, 2, 0, 0, 0, 12, 0, 0.3333333333333333, 0, 0, 0, 0, 0, 0, -26.747631072998047, 0.32500457763671875], [0, 0, 0, 0.0016404390335083008, 0, 0, 8, 13, 20, 0, 0, 0, 0, 11, 1, 1, 0, 0, 0, 12, 0, 0.1111111111111111, 0, 0, 0, 0, 0, 0, -20.282289505004883, 0.012493133544921875], [0, 0, 0, 0.08195586502552032, 0, 0, 8, 3, 10, 0, 0, 0, 0, 1, 1, 3, 0, 0, 0, 2, 0, 0.5, 0, 0, 0, 0, 0, 0, -33.77536392211914, 0.0], [0, 0, 0, 0.0380551815032959, 0, 0, 8, 11, 18, 0, 0, 0, 0, 9, 1, 1, 0, 0, 0, 10, 0, 0.08333333333333333, 0, 0, 0, 0, 0, 0, -20.476938247680664, 0.015985488891601562], [0, 0, 0, 0.06077837944030762, 0, 0, 8, 5, 12, 0, 1, 0, 0, 3, 1, 3, 0, 0, 0, 4, 0, 0.5, 0, 0, 0, 0, 0, 0, -24.53251838684082, 0.09001350402832031], [0, 0, 0, 0.0028783679008483887, 0, 0, 8, 13, 20, 0, 0, 0, 0, 9, 3, 1, 0, 0, 0, 12, 0, 0.1111111111111111, 0, 0, 0, 0, 0, 0, -22.126371383666992, 3.865518569946289], [0, 0, 0, 0.0008891820907592773, 0, 0, 4, 3, 6, 0, 0, 0, 0, 1, 1, 3, 0, 0, 0, 2, 0, 0.6666666666666666, 0, 0, 0, 0, 0, 0, -33.77536392211914, 0.0], [0, 0, 0, 0.019711554050445557, 0, 0, 8, 13, 20, 0, 0, 0, 0, 11, 1, 1, 0, 0, 0, 12, 0, 0.13043478260869565, 0, 0, 0, 0, 0, 0, -20.597585678100586, 0.012462615966796875], [0, 0, 0, 0.014918386936187744, 0, 0, 8, 13, 20, 0, 0, 1, 0, 11, 1, 1, 0, 0, 0, 12, 0, 0.5, 0, 0, 0, 0, 0, 0, -20.529348373413086, 0.012468338012695312], [0, 0, 0, 0.050199151039123535, 0, 0, 8, 4, 11, 0, 0, 0, 0, 2, 1, 2, 0, 0, 0, 3, 0, 0.6666666666666666, 0, 0, 0, 0, 0, 0, -26.419923782348633, 0.42395973205566406], [0, 0, 0, 0.08086442947387695, 0, 0, 8, 13, 20, 0, 0, 0, 0, 7, 5, 2, 0, 0, 0, 12, 0, 0.75, 0, 0, 0, 0, 0, 0, -23.26055908203125, 5.77362060546875], [0, 0, 0, 0.009783506393432617, 0, 0, 8, 3, 10, 0, 0, 0, 0, 1, 1, 6, 0, 0, 0, 2, 0, 0.5, 0, 0, 0, 0, 0, 0, -33.77536392211914, 0.0], [0, 0, 0, 0.019957363605499268, 0, 0, 8, 13, 20, 0, 0, 0, 0, 11, 1, 1, 0, 0, 0, 12, 0, 0.09090909090909091, 0, 0, 0, 0, 0, 0, -20.077695846557617, 0.012502670288085938], [0, 0, 0, 0.006813317537307739, 0, 0, 8, 13, 20, 0, 0, 0, 0, 11, 1, 4, 0, 0, 0, 12, 0, 0.5, 0, 0, 0, 0, 0, 0, -19.991708755493164, 0.01251220703125], [0, 0, 0, 0.06485816836357117, 0, 0, 8, 13, 20, 0, 0, 0, 0, 11, 1, 2, 0, 0, 0, 12, 0, 0.5, 0, 0, 0, 0, 0, 0, -20.011281967163086, 0.01251220703125], [0, 0, 1, 0.08127787709236145, 0, 0, 8, 5, 12, 0, 0, 1, 1, 3, 1, 7, 0, 0, 0, 4, 0, 0.5, 0, 0, 0, 0, 0, 0, -24.469154357910156, 0.09011459350585938], [0, 0, 0, 0.06346476078033447, 0, 0, 8, 11, 18, 0, 0, 0, 0, 9, 1, 1, 0, 0, 0, 10, 0, 0.3333333333333333, 0, 0, 0, 0, 0, 0, -26.93538475036621, 0.0177001953125], [0, 0, 0, 0.007598519325256348, 0, 0, 8, 5, 12, 0, 0, 0, 0, 3, 1, 5, 0, 0, 0, 4, 0, 0.5, 0, 0, 0, 0, 0, 0, -24.53251838684082, 0.09001350402832031], [0, 0, 0, 0.12545692920684814, 0, 0, 8, 5, 12, 0, 0, 0, 0, 3, 1, 6, 0, 0, 0, 4, 0, 0.5, 0, 0, 0, 0, 0, 0, -24.53251838684082, 0.09001350402832031], [0, 0, 0, 0.08494603633880615, 0, 0, 8, 3, 10, 0, 0, 0, 0, 1, 1, 3, 0, 0, 0, 2, 0, 0.6666666666666666, 0, 0, 0, 0, 0, 0, -33.77536392211914, 0.0], [0, 0, 1, 0.006691664457321167, 0, 0, 8, 4, 11, 0, 0, 1, 1, 2, 1, 3, 0, 0, 0, 3, 0, 0.5, 0, 0, 0, 0, 0, 0, -26.335594177246094, 0.4242515563964844], [0, 0, 0, 0.005360960960388184, 0, 0, 8, 12, 19, 0, 0, 1, 0, 10, 1, 3, 0, 0, 0, 11, 0, 0.5, 0, 0, 0, 0, 0, 0, -33.18196487426758, 0.05175018310546875], [0, 0, 0, 0.0852857232093811, 0, 0, 8, 4, 11, 0, 0, 0, 0, 2, 1, 4, 0, 0, 0, 3, 0, 0.75, 0, 0, 0, 0, 0, 0, -26.419923782348633, 0.42395973205566406], [0, 0, 0, 0.027620822191238403, 0, 0, 8, 7, 14, 0, 0, 0, 0, 5, 1, 2, 0, 0, 0, 6, 0, 0.5, 0, 0, 0, 0, 0, 0, -22.36773109436035, 0.034664154052734375], [0, 0, 0, 0.004420414566993713, 0, 0, 8, 3, 10, 0, 0, 0, 0, 1, 1, 1, 0, 0, 0, 2, 0, 0.02702702702702703, 0, 0, 0, 0, 0, 0, -33.77536392211914, 0.0], [0, 0, 0, 0.0028338730335235596, 0, 0, 8, 5, 12, 0, 0, 0, 0, 3, 1, 3, 0, 0, 0, 4, 0, 0.5, 0, 0, 0, 0, 0, 0, -24.53251838684082, 0.09001350402832031], [0, 0, 0, 0.014843747019767761, 0, 0, 8, 8, 15, 0, 0, 0, 0, 6, 1, 3, 0, 0, 0, 7, 0, 0.5, 0, 0, 0, 0, 0, 0, -35.09142303466797, 0.093048095703125], [0, 0, 0, 0.08978086709976196, 0, 0, 8, 13, 20, 0, 0, 0, 0, 11, 1, 3, 0, 0, 0, 12, 0, 0.5, 0, 0, 0, 0, 0, 0, -20.21282196044922, 0.01248931884765625], [1, 0, 0, 0.005156368017196655, 1, 0, 8, 5, 12, 1, 0, 1, 0, 3, 1, 5, 0, 0, 0, 4, 1, 0.6666666666666666, 0, 0, 0, 0, 0, 0, -24.469154357910156, 0.09011459350585938], [0, 0, 0, 0.015782982110977173, 0, 0, 8, 3, 10, 0, 0, 0, 0, 1, 1, 4, 0, 0, 0, 2, 0, 0.5, 0, 0, 0, 0, 0, 0, -33.90401840209961, 0.0], [0, 0, 0, 0.02071899175643921, 0, 0, 8, 3, 10, 0, 0, 0, 0, 1, 1, 4, 0, 0, 0, 2, 0, 0.5, 0, 0, 0, 0, 0, 0, -33.77536392211914, 0.0], [0, 0, 0, 0.06592631340026855, 0, 0, 8, 3, 10, 0, 0, 0, 0, 1, 1, 1, 0, 0, 0, 2, 0, 0.15, 0, 0, 0, 0, 0, 0, -33.77536392211914, 0.0], [0, 0, 0, 0.009705990552902222, 0, 0, 8, 3, 10, 0, 0, 0, 0, 1, 1, 5, 0, 0, 0, 2, 0, 0.6666666666666666, 0, 0, 0, 0, 0, 0, -33.77536392211914, 0.0], [0, 0, 0, 0.04639732837677002, 0, 0, 8, 13, 20, 0, 0, 0, 0, 11, 1, 2, 0, 0, 0, 12, 0, 0.3333333333333333, 0, 0, 0, 0, 0, 0, -20.04656410217285, 0.012506484985351562], [0, 0, 0, 0.01540285348892212, 0, 0, 8, 9, 16, 0, 0, 0, 0, 7, 1, 3, 0, 0, 0, 8, 0, 0.6666666666666666, 0, 0, 0, 0, 0, 0, -21.19792366027832, 0.021240234375], [0, 0, 0, 0.02716156840324402, 0, 0, 8, 13, 20, 0, 0, 0, 0, 11, 1, 4, 0, 0, 0, 12, 0, 0.5, 0, 0, 0, 0, 0, 0, -20.118450164794922, 0.012502670288085938], [0, 0, 0, 0.0955461859703064, 0, 0, 8, 6, 13, 0, 0, 1, 0, 3, 2, 2, 0, 0, 0, 5, 0, 0.25, 0, 0, 0, 0, 0, 0, -39.042179107666016, 9.0506591796875], [0, 0, 0, 0.09734213352203369, 0, 0, 8, 3, 10, 0, 0, 0, 0, 1, 1, 3, 0, 0, 0, 2, 0, 0.5, 0, 0, 0, 0, 0, 0, -33.77536392211914, 0.0], [1, 0, 1, 0.0, 1, 0, 8, 4, 11, 1, 0, 1, 1, 2, 1, 3, 0, 0, 0, 3, 1, 0.6666666666666666, 0, 0, 0, 0, 0, 0, -26.335594177246094, 0.4242515563964844], [0, 0, 0, 0.1458725929260254, 0, 0, 8, 13, 20, 0, 0, 0, 0, 10, 2, 5, 0, 0, 0, 12, 0, 0.6666666666666666, 0, 0, 0, 0, 0, 0, -21.120649337768555, 3.0271682739257812], [0, 0, 0, 0.0618918240070343, 0, 0, 8, 13, 20, 0, 0, 0, 0, 11, 1, 2, 0, 0, 0, 12, 0, 0.2857142857142857, 0, 0, 0, 0, 0, 0, -20.17494773864746, 0.012495040893554688], [0, 0, 0, 0.26761311292648315, 0, 0, 8, 9, 16, 0, 0, 0, 0, 6, 2, 3, 0, 0, 0, 8, 0, 0.5, 0, 0, 0, 0, 0, 0, -22.549808502197266, 4.747282028198242], [0, 0, 0, 0.07048797607421875, 0, 0, 8, 4, 11, 0, 0, 0, 0, 2, 1, 7, 0, 0, 0, 3, 0, 0.5, 0, 0, 0, 0, 0, 0, -26.419923782348633, 0.42395973205566406], [0, 0, 0, 0.01656469702720642, 0, 0, 8, 3, 10, 0, 0, 0, 0, 1, 1, 4, 0, 0, 0, 2, 0, 0.75, 0, 0, 0, 0, 0, 0, -33.77536392211914, 0.0], [0, 0, 0, 0.009429335594177246, 0, 0, 8, 13, 20, 0, 0, 0, 0, 11, 1, 1, 0, 0, 0, 12, 0, 0.5, 0, 0, 0, 0, 0, 0, -20.529348373413086, 0.012468338012695312], [1, 0, 0, 0.04658004641532898, 0, 0, 8, 13, 20, 1, 0, 0, 0, 11, 1, 2, 0, 0, 0, 12, 0, 0.25, 0, 0, 0, 0, 0, 0, -20.275413513183594, 0.012487411499023438], [0, 0, 0, 0.047751784324645996, 0, 0, 8, 6, 13, 0, 0, 0, 0, 4, 1, 2, 0, 0, 0, 5, 0, 0.5, 0, 0, 0, 0, 0, 0, -39.059791564941406, 0.08806610107421875], [0, 0, 0, 0.026976093649864197, 0, 0, 8, 3, 10, 0, 0, 0, 0, 1, 1, 3, 0, 0, 0, 2, 0, 0.6666666666666666, 0, 0, 0, 0, 0, 0, -33.77536392211914, 0.0], [0, 0, 0, 0.04806399345397949, 0, 0, 8, 3, 10, 0, 0, 0, 0, 1, 1, 1, 0, 0, 0, 2, 0, 0.6666666666666666, 0, 0, 0, 0, 0, 0, -33.77536392211914, 0.0], [1, 0, 1, 0.10637518763542175, 1, 0, 8, 8, 15, 1, 0, 1, 1, 5, 2, 3, 0, 0, 0, 7, 1, 0.5, 0, 0, 0, 0, 0, 0, -23.177337646484375, 5.554145812988281], [0, 0, 0, 0.006226837635040283, 0, 0, 8, 6, 13, 0, 0, 0, 0, 4, 1, 3, 0, 0, 0, 5, 0, 0.5, 0, 0, 0, 0, 0, 0, -23.264291763305664, 0.05103302001953125], [1, 0, 1, 0.01644200086593628, 1, 0, 8, 5, 12, 1, 0, 1, 1, 2, 2, 6, 0, 0, 0, 4, 1, 0.8333333333333334, 0, 0, 0, 0, 0, 0, -25.262561798095703, 15.477733612060547], [0, 0, 1, 0.12786442041397095, 0, 0, 8, 4, 11, 0, 0, 1, 1, 2, 1, 5, 0, 0, 0, 3, 0, 0.75, 0, 0, 0, 0, 0, 0, -26.335594177246094, 0.4242515563964844], [0, 0, 0, 0.01817166805267334, 0, 0, 6, 3, 8, 0, 0, 0, 0, 1, 1, 4, 0, 0, 0, 2, 0, 0.6666666666666666, 0, 0, 0, 0, 0, 0, -33.77536392211914, 0.0], [0, 0, 1, 0.04656939208507538, 0, 0, 8, 13, 20, 0, 0, 1, 1, 6, 6, 4, 0, 0, 0, 12, 0, 0.6666666666666666, 0, 0, 0, 0, 0, 0, -23.091232299804688, 6.526376724243164], [0, 0, 0, 0.005956053733825684, 0, 0, 8, 4, 11, 0, 0, 0, 0, 2, 1, 3, 0, 0, 0, 3, 0, 0.5, 0, 0, 0, 0, 0, 0, -26.419923782348633, 0.42395973205566406], [0, 0, 0, 0.0965346097946167, 0, 0, 8, 8, 15, 0, 0, 0, 0, 6, 1, 1, 0, 0, 0, 7, 0, 0.1111111111111111, 0, 0, 0, 0, 0, 0, -35.71013641357422, 0.00653076171875], [0, 0, 0, 0.031701698899269104, 0, 0, 8, 3, 10, 0, 0, 0, 0, 1, 1, 2, 0, 0, 0, 2, 0, 0.5, 0, 0, 0, 0, 0, 0, -33.77536392211914, 0.0], [0, 0, 0, 0.08775150775909424, 0, 0, 8, 7, 14, 0, 0, 1, 0, 4, 2, 4, 0, 0, 0, 6, 0, 0.6666666666666666, 0, 0, 0, 0, 0, 0, -23.802284240722656, 6.613636016845703], [0, 0, 0, 0.10995036363601685, 0, 0, 8, 3, 10, 0, 0, 0, 0, 1, 1, 4, 0, 0, 0, 2, 0, 0.6666666666666666, 0, 0, 0, 0, 0, 0, -33.77536392211914, 0.0], [0, 0, 0, 0.02344214916229248, 0, 0, 8, 13, 20, 0, 0, 0, 0, 11, 1, 4, 0, 0, 0, 12, 0, 0.5, 0, 0, 0, 0, 0, 0, -20.320207595825195, 0.012481689453125], [0, 0, 0, 0.04903578758239746, 0, 0, 8, 5, 12, 0, 0, 0, 0, 3, 1, 4, 0, 0, 0, 4, 0, 0.5, 0, 0, 0, 0, 0, 0, -24.53251838684082, 0.09001350402832031], [0, 0, 0, 0.06504440307617188, 0, 0, 8, 7, 14, 0, 0, 0, 0, 5, 1, 3, 0, 0, 0, 6, 0, 0.75, 0, 0, 0, 0, 0, 0, -22.36773109436035, 0.034664154052734375], [0, 0, 0, 0.017279744148254395, 0, 0, 8, 13, 20, 0, 0, 0, 0, 11, 1, 2, 0, 0, 0, 12, 0, 0.75, 0, 0, 0, 0, 0, 0, -26.867734909057617, 0.01395416259765625], [0, 0, 1, 0.060111165046691895, 0, 0, 8, 5, 12, 0, 0, 1, 1, 3, 1, 4, 0, 0, 0, 4, 0, 0.5, 0, 0, 0, 0, 0, 0, -24.469154357910156, 0.09011459350585938], [0, 0, 0, 0.011624500155448914, 0, 0, 8, 13, 20, 0, 0, 0, 0, 11, 1, 1, 0, 0, 0, 12, 0, 0.019736842105263157, 0, 0, 0, 0, 0, 0, -20.184934616088867, 0.012495040893554688], [0, 0, 0, 0.03701275587081909, 0, 0, 8, 4, 11, 0, 0, 0, 0, 2, 1, 2, 0, 0, 0, 3, 0, 0.6666666666666666, 0, 0, 0, 0, 0, 0, -26.419923782348633, 0.42395973205566406], [0, 0, 0, 0.15580710768699646, 0, 0, 8, 6, 13, 0, 0, 0, 0, 4, 1, 4, 0, 0, 0, 5, 0, 0.75, 0, 0, 0, 0, 0, 0, -23.264291763305664, 0.05103302001953125], [0, 0, 0, 0.01070326566696167, 0, 0, 8, 4, 11, 0, 0, 0, 0, 2, 1, 4, 0, 0, 0, 3, 0, 0.5, 0, 0, 0, 0, 0, 0, -26.419923782348633, 0.42395973205566406], [0, 0, 0, 0.027565449476242065, 0, 0, 8, 13, 20, 0, 0, 0, 0, 11, 1, 2, 0, 0, 0, 12, 0, 0.3333333333333333, 0, 0, 0, 0, 0, 0, -20.295543670654297, 0.012481689453125], [0, 0, 0, 0.023635923862457275, 0, 0, 8, 3, 10, 0, 0, 0, 0, 1, 1, 4, 0, 0, 0, 2, 0, 0.6666666666666666, 0, 0, 0, 0, 0, 0, -33.77536392211914, 0.0], [0, 0, 0, 0.05202752351760864, 0, 0, 8, 3, 10, 0, 0, 0, 0, 1, 1, 3, 0, 0, 0, 2, 0, 0.3333333333333333, 0, 0, 0, 0, 0, 0, -33.77536392211914, 0.0], [0, 0, 0, 0.11975318193435669, 0, 0, 8, 11, 18, 0, 0, 1, 0, 7, 3, 5, 0, 0, 0, 10, 0, 0.6666666666666666, 0, 0, 0, 0, 0, 0, -39.788848876953125, 5.232990264892578], [0, 0, 0, 0.007253587245941162, 0, 0, 8, 13, 20, 0, 0, 0, 0, 11, 1, 4, 0, 0, 0, 12, 0, 0.5, 0, 0, 0, 0, 0, 0, -20.062583923339844, 0.012506484985351562], [0, 0, 0, 0.051924288272857666, 0, 0, 8, 13, 20, 0, 0, 0, 0, 11, 1, 4, 0, 0, 0, 12, 0, 0.5, 0, 0, 0, 0, 0, 0, -20.011281967163086, 0.01251220703125], [0, 0, 0, 0.07685679197311401, 0, 0, 8, 7, 14, 0, 0, 0, 0, 1, 5, 7, 0, 0, 0, 6, 0, 0.8333333333333334, 0, 0, 0, 0, 0, 0, -38.38424301147461, 0.0], [0, 0, 0, 0.03505522012710571, 0, 0, 8, 4, 11, 0, 0, 0, 0, 2, 1, 4, 0, 0, 0, 3, 0, 0.6666666666666666, 0, 0, 0, 0, 0, 0, -26.419923782348633, 0.42395973205566406], [0, 0, 0, 0.0115603506565094, 0, 0, 8, 7, 14, 0, 0, 0, 0, 5, 1, 6, 0, 0, 0, 6, 0, 0.5, 0, 0, 0, 0, 0, 0, -36.0084228515625, 9.097259521484375], [0, 0, 0, 0.037419795989990234, 0, 0, 8, 4, 11, 0, 0, 0, 0, 2, 1, 7, 0, 0, 0, 3, 0, 0.8333333333333334, 0, 0, 0, 0, 0, 0, -26.419923782348633, 0.42395973205566406], [0, 0, 0, 0.0955461859703064, 0, 0, 8, 6, 13, 0, 0, 1, 0, 3, 2, 2, 0, 0, 0, 5, 0, 0.25, 0, 0, 0, 0, 0, 0, -39.027591705322266, 9.073535919189453], [0, 0, 0, 0.09373971819877625, 0, 0, 8, 13, 20, 0, 0, 0, 0, 11, 1, 1, 0, 0, 0, 12, 0, 0.3333333333333333, 0, 0, 0, 0, 0, 0, -19.991708755493164, 0.01251220703125], [0, 0, 0, 0.3273499608039856, 0, 0, 8, 3, 10, 0, 0, 0, 0, 1, 1, 4, 0, 0, 0, 2, 0, 0.6666666666666666, 0, 0, 0, 0, 0, 0, -33.77536392211914, 0.0], [1, 0, 1, 0.0673515796661377, 0, 0, 8, 4, 11, 1, 0, 1, 1, 2, 1, 1, 0, 0, 0, 3, 1, 0.2, 0, 0, 0, 0, 0, 0, -26.335594177246094, 0.4242515563964844], [0, 0, 0, 0.03301137685775757, 0, 0, 8, 13, 20, 0, 0, 0, 0, 11, 1, 1, 0, 0, 0, 12, 0, 0.13043478260869565, 0, 0, 0, 0, 0, 0, -20.597585678100586, 0.012462615966796875], [1, 0, 1, 0.005205929279327393, 1, 0, 8, 4, 11, 1, 0, 1, 1, 2, 1, 4, 0, 0, 0, 3, 1, 0.5, 0, 0, 0, 0, 0, 0, -26.335594177246094, 0.4242515563964844], [0, 0, 0, 0.019173502922058105, 0, 0, 8, 6, 13, 0, 0, 0, 0, 4, 1, 3, 0, 0, 0, 5, 0, 0.5, 0, 0, 0, 0, 0, 0, -23.264291763305664, 0.05103302001953125], [0, 0, 0, 0.0848197340965271, 0, 0, 8, 13, 20, 0, 0, 0, 0, 10, 2, 2, 0, 0, 0, 12, 0, 0.75, 0, 0, 0, 0, 0, 0, -21.5421199798584, 3.043415069580078], [0, 0, 0, 0.08672508597373962, 0, 0, 8, 4, 11, 0, 0, 0, 0, 2, 1, 4, 0, 0, 0, 3, 0, 0.5, 0, 0, 0, 0, 0, 0, -26.419923782348633, 0.42395973205566406], [0, 0, 0, 0.050165921449661255, 0, 0, 8, 10, 17, 0, 0, 1, 0, 7, 2, 4, 0, 0, 0, 9, 0, 0.5, 0, 0, 0, 0, 0, 0, -22.166133880615234, 4.18328857421875], [0, 0, 0, 0.04242098331451416, 0, 0, 8, 3, 10, 0, 0, 0, 0, 1, 1, 3, 0, 0, 0, 2, 0, 0.75, 0, 0, 0, 0, 0, 0, -33.77536392211914, 0.0], [1, 0, 0, 0.04385942220687866, 0, 0, 8, 7, 14, 1, 0, 1, 0, 5, 1, 3, 0, 0, 0, 6, 1, 0.6666666666666666, 0, 0, 0, 0, 0, 0, -22.325496673583984, 0.03468513488769531], [1, 0, 0, 0.08105668425559998, 0, 0, 8, 6, 13, 1, 0, 0, 0, 4, 1, 2, 0, 0, 0, 5, 0, 0.2, 0, 0, 0, 0, 0, 0, -23.264291763305664, 0.05103302001953125], [0, 0, 0, 0.027092963457107544, 0, 0, 8, 13, 20, 0, 0, 0, 0, 9, 2, 1, 0, 0, 0, 12, 0, 0.13043478260869565, 0, 0, 0, 0, 0, 0, -25.88858413696289, 0.07699012756347656], [0, 0, 0, 0.020632684230804443, 0, 0, 8, 10, 17, 0, 0, 0, 0, 8, 1, 3, 0, 0, 0, 9, 0, 0.3333333333333333, 0, 0, 0, 0, 0, 0, -39.486053466796875, 0.010379791259765625], [0, 0, 0, 0.2538898289203644, 0, 0, 8, 3, 10, 0, 0, 0, 0, 1, 1, 3, 0, 0, 0, 2, 0, 0.5, 0, 0, 0, 0, 0, 0, -33.77536392211914, 0.0], [0, 0, 0, 0.02529531717300415, 0, 0, 8, 11, 18, 0, 0, 0, 0, 9, 1, 1, 0, 0, 0, 10, 0, 0.1111111111111111, 0, 0, 0, 0, 0, 0, -34.52104568481445, 0.035831451416015625], [0, 0, 0, 0.06400728225708008, 0, 0, 8, 5, 12, 0, 0, 0, 0, 2, 2, 5, 0, 0, 0, 4, 0, 0.6666666666666666, 0, 0, 0, 0, 0, 0, -25.587800979614258, 15.248407363891602], [0, 0, 0, 0.019012093544006348, 0, 0, 8, 3, 10, 0, 0, 0, 0, 1, 1, 3, 0, 0, 0, 2, 0, 0.5, 0, 0, 0, 0, 0, 0, -33.77536392211914, 0.0], [0, 0, 0, 0.23805838823318481, 0, 0, 8, 6, 13, 0, 0, 0, 0, 4, 1, 5, 0, 0, 0, 5, 0, 0.5, 0, 0, 0, 0, 0, 0, -38.9154052734375, 0.004566192626953125], [0, 0, 0, 0.014918386936187744, 0, 0, 8, 13, 20, 0, 0, 1, 0, 11, 1, 1, 0, 0, 0, 12, 0, 0.5, 0, 0, 0, 0, 0, 0, -20.529348373413086, 0.012468338012695312], [0, 0, 0, 0.020394667983055115, 0, 0, 8, 13, 20, 0, 0, 0, 0, 11, 1, 2, 0, 0, 0, 12, 0, 0.5, 0, 0, 0, 0, 0, 0, -20.268352508544922, 0.012483596801757812], [0, 0, 0, 0.04010874032974243, 0, 0, 8, 3, 10, 0, 0, 0, 0, 1, 1, 2, 0, 0, 0, 2, 0, 0.3333333333333333, 0, 0, 0, 0, 0, 0, -33.77536392211914, 0.0], [0, 0, 0, 0.35157454013824463, 0, 0, 8, 4, 11, 0, 0, 0, 0, 2, 1, 5, 0, 0, 0, 3, 0, 0.5, 0, 0, 0, 0, 0, 0, -26.419923782348633, 0.42395973205566406], [0, 0, 0, 0.005441948771476746, 0, 0, 8, 3, 10, 0, 0, 0, 0, 1, 1, 2, 0, 0, 0, 2, 0, 0.5, 0, 0, 0, 0, 0, 0, -33.77536392211914, 0.0], [0, 0, 0, 0.04122243821620941, 0, 0, 8, 10, 17, 0, 0, 0, 0, 8, 1, 2, 0, 0, 0, 9, 0, 0.25, 0, 0, 0, 0, 0, 0, -39.486053466796875, 0.010379791259765625], [0, 0, 0, 0.02353537082672119, 0, 0, 8, 13, 20, 0, 0, 0, 0, 11, 1, 1, 0, 0, 0, 12, 0, 0.13043478260869565, 0, 0, 0, 0, 0, 0, -20.597585678100586, 0.012462615966796875], [0, 0, 0, 0.09744912385940552, 0, 0, 8, 3, 10, 0, 0, 0, 0, 1, 1, 1, 0, 0, 0, 2, 0, 0.2, 0, 0, 0, 0, 0, 0, -33.77536392211914, 0.0], [0, 0, 0, 0.003602266311645508, 0, 0, 8, 3, 10, 0, 0, 0, 0, 1, 1, 7, 0, 0, 0, 2, 0, 0.6666666666666666, 0, 0, 0, 0, 0, 0, -33.77536392211914, 0.0], [0, 0, 0, 0.24656283855438232, 0, 0, 8, 6, 13, 0, 0, 0, 0, 3, 2, 2, 0, 0, 0, 5, 0, 0.5, 0, 0, 0, 0, 0, 0, -40.2888069152832, 7.43096923828125], [0, 0, 0, 0.005298972129821777, 0, 0, 8, 7, 14, 0, 0, 0, 0, 5, 1, 4, 0, 0, 0, 6, 0, 0.75, 0, 0, 0, 0, 0, 0, -22.36773109436035, 0.034664154052734375], [0, 0, 0, 0.020952284336090088, 0, 0, 8, 13, 20, 0, 0, 0, 0, 9, 3, 1, 0, 0, 0, 12, 0, 0.5, 0, 0, 0, 0, 0, 0, -22.510831832885742, 3.8742504119873047], [0, 0, 0, 0.0, 0, 0, 8, 9, 16, 0, 0, 0, 0, 7, 1, 4, 0, 0, 0, 8, 0, 0.6666666666666666, 0, 0, 0, 0, 0, 0, -21.132373809814453, 9.053594589233398], [1, 0, 0, 0.08545327186584473, 0, 0, 8, 9, 16, 1, 0, 1, 0, 7, 1, 2, 0, 0, 0, 8, 0, 0.5, 0, 0, 0, 0, 0, 0, -21.1662540435791, 0.021245956420898438], [1, 0, 1, 0.023199796676635742, 1, 0, 8, 4, 11, 1, 1, 1, 1, 2, 1, 7, 0, 0, 0, 3, 1, 0.8333333333333334, 0, 0, 0, 0, 0, 0, -26.335594177246094, 0.4242515563964844], [1, 0, 1, 0.41130226850509644, 1, 0, 8, 13, 20, 1, 0, 1, 0, 7, 3, 2, 0, 0, 0, 12, 0, 0.6666666666666666, 0, 0, 0, 0, 0, 0, -33.011329650878906, 4.012947082519531], [0, 0, 0, 0.06687313318252563, 0, 0, 8, 3, 10, 0, 0, 0, 0, 1, 1, 4, 0, 0, 0, 2, 0, 0.6666666666666666, 0, 0, 0, 0, 0, 0, -33.77536392211914, 0.0], [0, 0, 0, 0.033549606800079346, 0, 0, 8, 3, 10, 0, 0, 0, 0, 1, 1, 7, 0, 0, 0, 2, 0, 0.8333333333333334, 0, 0, 0, 0, 0, 0, -33.77536392211914, 0.0], [1, 0, 0, 0.41130226850509644, 1, 0, 8, 13, 20, 1, 0, 1, 0, 7, 4, 2, 0, 0, 0, 12, 0, 0.6666666666666666, 0, 0, 0, 0, 0, 0, -27.82025146484375, 0.8794002532958984], [1, 0, 1, 0.0, 0, 0, 8, 4, 11, 1, 0, 1, 1, 2, 1, 5, 0, 0, 0, 3, 0, 0.75, 0, 0, 0, 0, 0, 0, -26.335594177246094, 0.4242515563964844], [0, 0, 0, 0.1092645525932312, 0, 0, 8, 5, 12, 0, 0, 0, 0, 3, 1, 5, 0, 0, 0, 4, 0, 0.5, 0, 0, 0, 0, 0, 0, -24.53251838684082, 0.09001350402832031], [0, 0, 0, 0.010731488466262817, 0, 0, 8, 13, 20, 0, 0, 0, 0, 11, 1, 2, 0, 0, 0, 12, 0, 0.5, 0, 0, 0, 0, 0, 0, -20.184934616088867, 0.012495040893554688], [0, 0, 0, 0.05807304382324219, 0, 0, 8, 10, 17, 0, 0, 0, 0, 8, 1, 3, 0, 0, 0, 9, 0, 0.5, 0, 0, 0, 0, 0, 0, -20.798564910888672, 0.018463134765625], [0, 0, 0, 0.02107107639312744, 0, 0, 8, 13, 20, 0, 0, 0, 0, 10, 2, 1, 0, 0, 0, 12, 0, 0.13043478260869565, 0, 0, 0, 0, 0, 0, -21.664567947387695, 3.0417556762695312], [0, 0, 0, 0.006571590900421143, 0, 0, 8, 13, 20, 0, 0, 0, 0, 11, 1, 1, 0, 0, 0, 12, 0, 0.5, 0, 0, 0, 0, 0, 0, -20.358524322509766, 0.012483596801757812], [1, 0, 1, 0.00018864870071411133, 1, 0, 8, 4, 11, 1, 0, 1, 1, 2, 1, 5, 0, 0, 0, 3, 1, 0.5, 0, 0, 0, 0, 0, 0, -26.335594177246094, 0.4242515563964844], [0, 0, 0, 0.0026968717575073242, 0, 0, 8, 8, 15, 0, 0, 0, 0, 6, 1, 2, 0, 0, 0, 7, 0, 0.6666666666666666, 0, 0, 0, 0, 0, 0, -21.705236434936523, 0.026187896728515625], [0, 0, 0, 0.06371909379959106, 0, 0, 8, 4, 11, 0, 0, 0, 0, 2, 1, 5, 0, 0, 0, 3, 0, 0.5, 0, 0, 0, 0, 0, 0, -26.419923782348633, 0.42395973205566406], [0, 0, 0, 0.038236647844314575, 0, 0, 8, 12, 19, 0, 0, 0, 0, 10, 1, 4, 0, 0, 0, 11, 0, 0.6666666666666666, 0, 0, 0, 0, 0, 0, -20.212568283081055, 0.0140380859375], [0, 0, 0, 0.1050751805305481, 0, 0, 8, 13, 20, 0, 0, 0, 0, 11, 1, 2, 0, 0, 0, 12, 0, 0.25, 0, 0, 0, 0, 0, 0, -20.275413513183594, 0.012487411499023438], [0, 0, 0, 0.010164976119995117, 0, 0, 8, 3, 10, 0, 0, 0, 0, 1, 1, 4, 0, 0, 0, 2, 0, 0.5, 0, 0, 0, 0, 0, 0, -33.77536392211914, 0.0], [0, 0, 0, 0.03929626941680908, 0, 0, 8, 13, 20, 0, 0, 0, 0, 11, 1, 4, 0, 0, 0, 12, 0, 0.5, 0, 0, 0, 0, 0, 0, -19.991708755493164, 0.01251220703125], [0, 0, 0, 0.04546436667442322, 0, 0, 8, 5, 12, 0, 0, 0, 0, 3, 1, 3, 0, 0, 0, 4, 0, 0.5, 0, 0, 0, 0, 0, 0, -24.53251838684082, 0.09001350402832031], [0, 0, 0, 0.00882178544998169, 0, 0, 8, 3, 10, 0, 0, 0, 0, 1, 1, 3, 0, 0, 0, 2, 0, 0.5, 0, 0, 0, 0, 0, 0, -33.77536392211914, 0.0], [0, 0, 0, 0.015233799815177917, 0, 0, 8, 13, 20, 0, 0, 0, 0, 11, 1, 2, 0, 0, 0, 12, 0, 0.5, 0, 0, 0, 0, 0, 0, -20.268352508544922, 0.012483596801757812], [0, 0, 0, 0.027211666107177734, 0, 0, 8, 13, 20, 0, 0, 1, 0, 11, 1, 1, 0, 0, 0, 12, 0, 0.5, 0, 0, 0, 0, 0, 0, -20.358524322509766, 0.012483596801757812], [1, 0, 1, 0.05399352312088013, 1, 0, 8, 13, 20, 1, 0, 1, 1, 6, 6, 2, 0, 0, 0, 12, 1, 0.6666666666666666, 0, 0, 0, 0, 0, 0, -23.38387680053711, 6.516559600830078], [0, 0, 0, 0.11010515689849854, 0, 0, 8, 3, 10, 0, 0, 0, 0, 1, 1, 3, 0, 0, 0, 2, 0, 0.5, 0, 0, 0, 0, 0, 0, -33.77536392211914, 0.0], [1, 0, 1, 0.02986961603164673, 0, 0, 8, 4, 11, 1, 0, 1, 1, 2, 1, 4, 0, 0, 0, 3, 0, 0.5, 0, 0, 0, 0, 0, 0, -26.335594177246094, 0.4242515563964844], [1, 0, 1, 0.001690983772277832, 0, 0, 8, 10, 17, 1, 0, 1, 1, 2, 5, 4, 0, 0, 0, 9, 1, 0.8333333333333334, 0, 0, 0, 0, 0, 0, -48.62211227416992, 1.7343330383300781], [0, 0, 0, 0.010112911462783813, 0, 0, 8, 13, 20, 0, 0, 0, 0, 11, 1, 1, 0, 0, 0, 12, 0, 0.1111111111111111, 0, 0, 0, 0, 0, 0, -20.529348373413086, 0.012468338012695312], [0, 0, 0, 0.03928500413894653, 0, 0, 8, 10, 17, 0, 0, 0, 0, 6, 3, 3, 0, 0, 0, 9, 0, 0.75, 0, 0, 0, 0, 0, 0, -40.29827117919922, 6.1339874267578125], [0, 0, 0, 0.05215290188789368, 0, 0, 8, 13, 20, 0, 0, 0, 0, 11, 1, 2, 0, 0, 0, 12, 0, 0.5, 0, 0, 0, 0, 0, 0, -26.957700729370117, 0.01395416259765625], [0, 0, 0, 0.02664487063884735, 0, 0, 8, 7, 14, 0, 0, 0, 0, 5, 1, 1, 0, 0, 0, 6, 0, 0.0625, 0, 0, 0, 0, 0, 0, -22.36773109436035, 0.034664154052734375], [0, 0, 0, 0.001875460147857666, 0, 0, 8, 3, 10, 0, 0, 0, 0, 1, 1, 3, 0, 0, 0, 2, 0, 0.5, 0, 0, 0, 0, 0, 0, -33.77536392211914, 0.0], [1, 0, 1, 0.2155601978302002, 1, 0, 8, 4, 11, 1, 0, 1, 0, 2, 1, 5, 0, 0, 0, 3, 0, 0.75, 0, 0, 0, 0, 0, 0, -17.43279266357422, 20.253326416015625], [0, 0, 0, 0.291936993598938, 0, 0, 8, 3, 10, 0, 0, 0, 0, 1, 1, 4, 0, 0, 0, 2, 0, 0.5, 0, 0, 0, 0, 0, 0, -33.77536392211914, 0.0], [1, 0, 1, 0.23996874690055847, 1, 0, 8, 13, 20, 1, 0, 1, 1, 10, 2, 4, 0, 0, 0, 12, 0, 0.6666666666666666, 0, 0, 0, 0, 0, 0, -21.082191467285156, 3.029102325439453], [0, 0, 0, 0.0, 0, 0, 8, 3, 10, 0, 0, 0, 0, 1, 1, 4, 0, 0, 0, 2, 0, 0.5, 0, 0, 0, 0, 0, 0, -33.77536392211914, 0.0], [0, 0, 0, 0.10469704866409302, 0, 0, 8, 3, 10, 0, 0, 0, 0, 1, 1, 4, 0, 0, 0, 2, 0, 0.75, 0, 0, 0, 0, 0, 0, -33.77536392211914, 0.0], [0, 0, 0, 0.07173091173171997, 0, 0, 8, 3, 10, 0, 0, 0, 0, 1, 1, 4, 0, 0, 0, 2, 0, 0.6666666666666666, 0, 0, 0, 0, 0, 0, -33.77536392211914, 0.0], [0, 0, 0, 0.02486133575439453, 0, 0, 8, 12, 19, 0, 0, 0, 0, 9, 2, 4, 0, 0, 0, 11, 0, 0.5, 0, 0, 0, 0, 0, 0, -21.37969970703125, 3.336404800415039], [0, 0, 0, 0.01531606912612915, 0, 0, 8, 4, 11, 0, 0, 1, 0, 2, 1, 3, 0, 0, 0, 3, 0, 0.3333333333333333, 0, 0, 0, 0, 0, 0, -26.335594177246094, 0.4242515563964844], [0, 0, 0, 0.01552543044090271, 0, 0, 8, 3, 10, 0, 0, 0, 0, 1, 1, 3, 0, 0, 0, 2, 0, 0.5, 0, 0, 0, 0, 0, 0, -33.77536392211914, 0.0], [0, 0, 0, 0.023996606469154358, 0, 0, 8, 13, 20, 0, 0, 0, 0, 11, 1, 1, 0, 0, 0, 12, 0, 0.019736842105263157, 0, 0, 0, 0, 0, 0, -20.184934616088867, 0.012495040893554688], [0, 0, 0, 0.06946831941604614, 0, 0, 8, 8, 15, 0, 0, 0, 0, 5, 2, 2, 0, 0, 0, 7, 0, 0.3333333333333333, 0, 0, 0, 0, 0, 0, -23.022729873657227, 5.538776397705078], [0, 0, 0, 0.0065628886222839355, 0, 0, 8, 6, 13, 0, 0, 0, 0, 4, 1, 4, 0, 0, 0, 5, 0, 0.5, 0, 0, 0, 0, 0, 0, -23.264291763305664, 0.05103302001953125], [0, 0, 0, 0.0, 0, 0, 2, 6, 7, 0, 0, 0, 0, 4, 1, 1, 0, 0, 0, 5, 0, 0.6666666666666666, 0, 0, 0, 0, 0, 0, -38.9154052734375, 0.004566192626953125], [0, 0, 0, 0.13783395290374756, 0, 0, 8, 4, 11, 0, 0, 0, 0, 2, 1, 6, 0, 0, 0, 3, 0, 0.8333333333333334, 0, 0, 0, 0, 0, 0, -26.419923782348633, 0.42395973205566406], [1, 0, 0, 0.0808631181716919, 0, 0, 8, 7, 14, 1, 0, 1, 0, 4, 2, 3, 0, 0, 0, 6, 1, 0.6666666666666666, 0, 0, 0, 0, 0, 0, -23.54814338684082, 6.676891326904297], [0, 0, 0, 0.17189359664916992, 0, 0, 8, 3, 10, 0, 0, 0, 0, 1, 1, 3, 0, 0, 0, 2, 0, 0.6666666666666666, 0, 0, 0, 0, 0, 0, -33.77536392211914, 0.0], [0, 0, 0, 0.12195771932601929, 0, 0, 8, 5, 12, 0, 0, 0, 0, 3, 1, 6, 0, 0, 0, 4, 0, 0.6666666666666666, 0, 0, 0, 0, 0, 0, -24.53251838684082, 0.09001350402832031], [0, 0, 0, 0.017870426177978516, 0, 0, 8, 10, 17, 0, 0, 0, 0, 6, 3, 1, 0, 0, 0, 9, 0, 0.1111111111111111, 0, 0, 0, 0, 0, 0, -40.29132843017578, 6.207054138183594], [0, 0, 0, 0.05500143766403198, 0, 0, 8, 9, 16, 0, 0, 0, 0, 7, 1, 4, 0, 0, 0, 8, 0, 0.5, 0, 0, 0, 0, 0, 0, -21.19792366027832, 0.021240234375], [0, 0, 0, 0.07833707332611084, 0, 0, 8, 4, 11, 0, 0, 0, 0, 2, 1, 3, 0, 0, 0, 3, 0, 0.5, 0, 0, 0, 0, 0, 0, -26.419923782348633, 0.42395973205566406], [0, 0, 0, 0.001713097095489502, 0, 0, 8, 8, 15, 0, 0, 0, 0, 6, 1, 4, 0, 0, 0, 7, 0, 0.5, 0, 0, 0, 0, 0, 0, -35.09142303466797, 0.093048095703125], [0, 0, 0, 0.1532033383846283, 0, 0, 8, 3, 10, 0, 0, 0, 0, 1, 1, 2, 0, 0, 0, 2, 0, 0.5, 0, 0, 0, 0, 0, 0, -33.77536392211914, 0.0], [1, 0, 0, 0.004628241062164307, 0, 0, 8, 13, 20, 1, 0, 1, 0, 7, 3, 2, 0, 0, 0, 12, 0, 0.5, 0, 0, 0, 0, 0, 0, -30.95346450805664, 0.5175094604492188], [0, 0, 0, 0.020992577075958252, 0, 0, 8, 3, 10, 0, 0, 0, 0, 1, 1, 3, 0, 0, 0, 2, 0, 0.5, 0, 0, 0, 0, 0, 0, -33.77536392211914, 0.0], [1, 0, 1, 0.05399352312088013, 1, 0, 8, 13, 20, 1, 0, 1, 1, 7, 5, 2, 0, 0, 0, 12, 1, 0.6666666666666666, 0, 0, 0, 0, 0, 0, -27.20708656311035, 5.576608657836914], [0, 0, 0, 0.009559392929077148, 0, 0, 8, 13, 20, 0, 0, 0, 0, 8, 4, 1, 0, 0, 0, 12, 0, 0.1111111111111111, 0, 0, 0, 0, 0, 0, -22.841106414794922, 4.799631118774414], [0, 0, 0, 0.08929580450057983, 0, 0, 8, 13, 20, 0, 0, 1, 0, 10, 2, 1, 0, 0, 0, 12, 0, 0.6666666666666666, 0, 0, 0, 0, 0, 0, -21.31944465637207, 3.0356597900390625], [0, 0, 0, 0.01717260479927063, 0, 0, 8, 13, 20, 0, 0, 0, 0, 11, 1, 4, 0, 0, 0, 12, 0, 0.5, 0, 0, 0, 0, 0, 0, -20.320207595825195, 0.012481689453125], [0, 0, 0, 0.05666959285736084, 0, 0, 8, 3, 10, 0, 0, 0, 0, 1, 1, 4, 0, 0, 0, 2, 0, 0.5, 0, 0, 0, 0, 0, 0, -33.77536392211914, 0.0], [0, 0, 0, 0.17971807718276978, 0, 0, 8, 3, 10, 0, 0, 0, 0, 1, 1, 4, 0, 0, 0, 2, 0, 0.5, 0, 0, 0, 0, 0, 0, -33.77536392211914, 0.0], [0, 0, 0, 0.009844064712524414, 0, 0, 8, 3, 10, 0, 0, 0, 0, 1, 1, 5, 0, 0, 0, 2, 0, 0.6666666666666666, 0, 0, 0, 0, 0, 0, -33.77536392211914, 0.0], [0, 0, 0, 0.006035804748535156, 0, 0, 8, 5, 12, 0, 0, 0, 0, 3, 1, 4, 0, 0, 0, 4, 0, 0.6666666666666666, 0, 0, 0, 0, 0, 0, -24.53251838684082, 0.09001350402832031], [0, 0, 0, 0.45043879747390747, 0, 0, 8, 13, 20, 0, 1, 1, 0, 7, 3, 2, 0, 0, 0, 12, 0, 0.3333333333333333, 0, 0, 0, 0, 0, 0, -30.807863235473633, 0.0096588134765625], [0, 0, 0, 0.22929447889328003, 0, 0, 8, 4, 11, 0, 0, 0, 0, 2, 1, 5, 0, 0, 0, 3, 0, 0.6666666666666666, 0, 0, 0, 0, 0, 0, -17.170085906982422, 20.851825714111328], [0, 0, 0, 0.027074068784713745, 0, 0, 8, 3, 10, 0, 0, 0, 0, 1, 1, 3, 0, 0, 0, 2, 0, 0.5, 0, 0, 0, 0, 0, 0, -33.77536392211914, 0.0], [1, 0, 0, 0.41130226850509644, 1, 0, 8, 13, 20, 1, 0, 1, 0, 7, 4, 2, 0, 0, 0, 12, 0, 0.6666666666666666, 0, 0, 0, 0, 0, 0, -32.37691879272461, 1.519989013671875], [0, 0, 0, 0.29857975244522095, 0, 0, 8, 3, 10, 0, 0, 0, 0, 1, 1, 2, 0, 0, 0, 2, 0, 0.3333333333333333, 0, 0, 0, 0, 0, 0, -33.77536392211914, 0.0], [0, 0, 0, 0.02935802936553955, 0, 0, 8, 13, 20, 0, 0, 0, 0, 8, 2, 2, 0, 0, 0, 12, 0, 0.5, 0, 0, 0, 0, 0, 0, -29.6238956451416, 0.051631927490234375], [0, 0, 0, 0.011900454759597778, 0, 0, 8, 13, 20, 0, 0, 0, 0, 9, 3, 1, 0, 0, 0, 12, 0, 0.5, 0, 0, 0, 0, 0, 0, -22.55817222595215, 3.860963821411133], [1, 0, 1, 0.08021295070648193, 1, 0, 8, 13, 20, 1, 1, 1, 1, 11, 1, 2, 0, 0, 0, 12, 1, 0.75, 0, 0, 0, 0, 0, 0, -20.314250946044922, 0.012481689453125], [0, 0, 0, 0.03300800919532776, 0, 0, 8, 5, 12, 0, 0, 0, 0, 3, 1, 6, 0, 0, 0, 4, 0, 0.75, 0, 0, 0, 0, 0, 0, -24.53251838684082, 0.09001350402832031], [0, 0, 0, 0.20843985676765442, 0, 0, 8, 3, 10, 0, 0, 0, 0, 1, 1, 2, 0, 0, 0, 2, 0, 0.5, 0, 0, 0, 0, 0, 0, -33.77536392211914, 0.0], [1, 0, 0, 0.009587883949279785, 0, 0, 8, 13, 20, 1, 0, 1, 0, 10, 2, 4, 0, 0, 0, 12, 0, 0.5, 0, 0, 0, 0, 0, 0, -21.167407989501953, 3.029834747314453], [0, 0, 0, 0.021525442600250244, 0, 0, 8, 6, 13, 0, 0, 0, 0, 3, 2, 2, 0, 0, 0, 5, 0, 0.6666666666666666, 0, 0, 0, 0, 0, 0, -24.41345977783203, 8.260452270507812], [1, 0, 1, 0.026250779628753662, 1, 0, 8, 4, 11, 1, 1, 1, 1, 2, 1, 2, 0, 0, 0, 3, 1, 0.6363636363636364, 0, 0, 0, 0, 0, 0, -26.335594177246094, 0.4242515563964844], [0, 0, 0, 0.2245957851409912, 0, 0, 8, 5, 12, 0, 0, 0, 0, 1, 3, 3, 0, 0, 0, 4, 0, 0.5, 0, 0, 0, 0, 0, 0, -34.585262298583984, 0.0], [1, 0, 0, 0.004357039928436279, 1, 0, 8, 3, 10, 1, 0, 0, 0, 1, 1, 7, 0, 0, 0, 2, 1, 0.5, 0, 0, 0, 0, 0, 0, -33.77536392211914, 0.0], [0, 0, 0, 0.07829919457435608, 0, 0, 8, 13, 20, 0, 0, 0, 0, 11, 1, 1, 0, 0, 0, 12, 0, 0.3333333333333333, 0, 0, 0, 0, 0, 0, -19.991708755493164, 0.01251220703125], [0, 0, 0, 0.033549726009368896, 0, 0, 8, 3, 10, 0, 0, 0, 0, 1, 1, 7, 0, 0, 0, 2, 0, 0.8333333333333334, 0, 0, 0, 0, 0, 0, -33.77536392211914, 0.0], [0, 0, 0, 0.00802522897720337, 0, 0, 8, 11, 18, 0, 0, 0, 0, 9, 1, 3, 0, 0, 0, 10, 0, 0.5, 0, 0, 0, 0, 0, 0, -20.476938247680664, 0.015985488891601562], [0, 0, 0, 0.16597864031791687, 0, 0, 8, 4, 11, 0, 0, 0, 0, 2, 1, 3, 0, 0, 0, 3, 0, 0.5, 0, 0, 0, 0, 0, 0, -26.419923782348633, 0.42395973205566406], [0, 0, 0, 0.12868934869766235, 0, 0, 8, 13, 20, 0, 0, 0, 0, 11, 1, 3, 0, 0, 0, 12, 0, 0.6666666666666666, 0, 0, 0, 0, 0, 0, -20.21282196044922, 0.01248931884765625], [0, 0, 0, 0.04044964909553528, 0, 0, 8, 5, 12, 0, 0, 0, 0, 2, 2, 2, 0, 0, 0, 4, 0, 0.3333333333333333, 0, 0, 0, 0, 0, 0, -25.347959518432617, 15.488248825073242], [0, 0, 0, 0.015644341707229614, 0, 0, 8, 13, 20, 0, 0, 0, 0, 11, 1, 1, 0, 0, 0, 12, 0, 0.13043478260869565, 0, 0, 0, 0, 0, 0, -20.597585678100586, 0.012462615966796875], [0, 0, 0, 0.006472289562225342, 0, 0, 8, 3, 10, 0, 0, 0, 0, 1, 1, 4, 0, 0, 0, 2, 0, 0.5, 0, 0, 0, 0, 0, 0, -33.77536392211914, 0.0], [0, 0, 0, 0.03006911277770996, 0, 0, 8, 13, 20, 0, 0, 1, 0, 8, 3, 7, 0, 0, 0, 12, 0, 0.5, 0, 0, 0, 0, 0, 0, -26.469491958618164, 0.3349342346191406], [0, 0, 0, 0.017585039138793945, 0, 0, 8, 8, 15, 0, 0, 0, 0, 4, 2, 3, 0, 0, 0, 7, 0, 0.6666666666666666, 0, 0, 0, 0, 0, 0, -30.355222702026367, 0.17640113830566406], [1, 0, 0, 0.0251142680644989, 0, 0, 8, 13, 20, 1, 0, 0, 0, 9, 2, 1, 0, 0, 0, 12, 0, 0.6666666666666666, 0, 0, 0, 0, 0, 0, -25.418575286865234, 0.076873779296875], [1, 0, 0, 0.12644705176353455, 1, 0, 3, 4, 6, 1, 0, 1, 0, 2, 1, 2, 0, 0, 0, 3, 1, 0.6666666666666666, 0, 0, 0, 0, 0, 0, -26.335594177246094, 0.4242515563964844], [0, 0, 0, 0.0, 0, 0, 4, 13, 16, 0, 0, 0, 0, 8, 3, 3, 0, 0, 0, 12, 0, 0.5, 0, 0, 0, 0, 0, 0, -26.665424346923828, 0.45815277099609375], [0, 0, 0, 0.008774444460868835, 0, 0, 8, 4, 11, 0, 0, 0, 0, 1, 2, 4, 0, 0, 0, 3, 0, 0.5, 0, 0, 0, 0, 0, 0, -36.34147644042969, 0.0], [0, 0, 0, 0.04238021373748779, 0, 0, 8, 3, 10, 0, 0, 0, 0, 1, 1, 5, 0, 0, 0, 2, 0, 0.6666666666666666, 0, 0, 0, 0, 0, 0, -33.77536392211914, 0.0], [0, 0, 0, 0.06059545278549194, 0, 0, 8, 3, 10, 0, 0, 0, 0, 1, 1, 1, 0, 0, 0, 2, 0, 0.1, 0, 0, 0, 0, 0, 0, -33.77536392211914, 0.0], [0, 0, 0, 0.019227266311645508, 0, 0, 8, 10, 17, 0, 0, 0, 0, 7, 2, 2, 0, 0, 0, 9, 0, 0.5, 0, 0, 0, 0, 0, 0, -21.98379898071289, 4.165382385253906], [0, 0, 0, 0.0576590895652771, 0, 0, 8, 13, 20, 0, 0, 0, 0, 11, 1, 4, 0, 0, 0, 12, 0, 0.6666666666666666, 0, 0, 0, 0, 0, 0, -20.011281967163086, 0.01251220703125], [0, 0, 0, 0.033063918352127075, 0, 0, 8, 13, 20, 0, 0, 0, 0, 11, 1, 2, 0, 0, 0, 12, 0, 0.5, 0, 0, 0, 0, 0, 0, -19.991708755493164, 0.01251220703125], [0, 0, 0, 0.00724869966506958, 0, 0, 8, 5, 12, 0, 0, 0, 0, 3, 1, 1, 0, 0, 0, 4, 0, 0.5, 0, 0, 0, 0, 0, 0, -24.53251838684082, 0.09001350402832031], [0, 0, 0, 0.06689810752868652, 0, 0, 8, 4, 11, 0, 0, 0, 0, 2, 1, 4, 0, 0, 0, 3, 0, 0.5, 0, 0, 0, 0, 0, 0, -26.419923782348633, 0.42395973205566406], [0, 0, 0, 0.1305304765701294, 0, 0, 8, 5, 12, 0, 0, 0, 0, 3, 1, 4, 0, 0, 0, 4, 0, 0.5, 0, 0, 0, 0, 0, 0, -24.53251838684082, 0.09001350402832031], [0, 0, 0, 0.021274149417877197, 0, 0, 8, 13, 20, 0, 0, 0, 0, 11, 1, 1, 0, 0, 0, 12, 0, 0.13043478260869565, 0, 0, 0, 0, 0, 0, -20.597585678100586, 0.012462615966796875], [1, 0, 0, 0.010285377502441406, 0, 0, 8, 10, 17, 1, 0, 1, 0, 2, 6, 4, 0, 0, 0, 9, 0, 0.8333333333333334, 0, 0, 0, 0, 0, 0, -47.13606262207031, 3.885021209716797], [0, 0, 0, 0.24052247405052185, 0, 0, 8, 4, 11, 0, 0, 0, 0, 2, 1, 4, 0, 0, 0, 3, 0, 0.6666666666666666, 0, 0, 0, 0, 0, 0, -26.419923782348633, 0.42395973205566406], [0, 0, 0, 0.031891435384750366, 0, 0, 8, 13, 20, 0, 0, 0, 0, 10, 2, 1, 0, 0, 0, 12, 0, 0.6666666666666666, 0, 0, 0, 0, 0, 0, -21.1275691986084, 3.0344810485839844], [0, 0, 0, 0.0039062201976776123, 0, 0, 8, 13, 20, 0, 0, 0, 0, 11, 1, 2, 0, 0, 0, 12, 0, 0.5, 0, 0, 0, 0, 0, 0, -20.011281967163086, 0.01251220703125], [0, 0, 0, 0.02662813663482666, 0, 0, 8, 13, 20, 0, 0, 0, 0, 10, 2, 1, 0, 0, 0, 12, 0, 0.6666666666666666, 0, 0, 0, 0, 0, 0, -21.289255142211914, 3.0342330932617188], [0, 0, 0, 0.02466726303100586, 0, 0, 8, 3, 10, 0, 0, 0, 0, 1, 1, 6, 0, 0, 0, 2, 0, 0.75, 0, 0, 0, 0, 0, 0, -33.77536392211914, 0.0], [0, 0, 0, 0.10595560073852539, 0, 0, 8, 4, 11, 0, 0, 1, 0, 2, 1, 7, 0, 0, 0, 3, 0, 0.6666666666666666, 0, 0, 0, 0, 0, 0, -26.335594177246094, 0.4242515563964844], [0, 0, 0, 0.022723734378814697, 0, 0, 8, 3, 10, 0, 0, 0, 0, 1, 1, 3, 0, 0, 0, 2, 0, 0.5, 0, 0, 0, 0, 0, 0, -33.77536392211914, 0.0], [0, 0, 0, 0.033420443534851074, 0, 0, 8, 13, 20, 0, 0, 0, 0, 11, 1, 1, 0, 0, 0, 12, 0, 0.13043478260869565, 0, 0, 0, 0, 0, 0, -20.597585678100586, 0.012462615966796875], [0, 0, 0, 0.01341027021408081, 0, 0, 8, 4, 11, 0, 0, 0, 0, 2, 1, 5, 0, 0, 0, 3, 0, 0.6666666666666666, 0, 0, 0, 0, 0, 0, -26.419923782348633, 0.42395973205566406], [0, 0, 0, 0.005879521369934082, 0, 0, 8, 3, 10, 0, 0, 0, 0, 1, 1, 4, 0, 0, 0, 2, 0, 0.6666666666666666, 0, 0, 0, 0, 0, 0, -33.77536392211914, 0.0], [0, 0, 0, 0.005248904228210449, 0, 0, 8, 13, 20, 0, 0, 0, 0, 9, 3, 2, 0, 0, 0, 12, 0, 0.75, 0, 0, 0, 0, 0, 0, -29.321367263793945, 3.3342113494873047], [0, 0, 0, 0.013208121061325073, 0, 0, 8, 7, 14, 0, 0, 0, 0, 5, 1, 3, 0, 0, 0, 6, 0, 0.5, 0, 0, 0, 0, 0, 0, -22.36773109436035, 0.034664154052734375], [0, 0, 0, 0.0027576088905334473, 0, 0, 8, 3, 10, 0, 0, 0, 0, 1, 1, 3, 0, 0, 0, 2, 0, 0.6666666666666666, 0, 0, 0, 0, 0, 0, -33.77536392211914, 0.0], [0, 0, 0, 0.02604028582572937, 0, 0, 8, 10, 17, 0, 0, 0, 0, 8, 1, 2, 0, 0, 0, 9, 0, 0.4, 0, 0, 0, 0, 0, 0, -39.486053466796875, 0.010379791259765625], [0, 0, 0, 0.0007725954055786133, 0, 0, 8, 3, 10, 0, 0, 0, 0, 1, 1, 4, 0, 0, 0, 2, 0, 0.5, 0, 0, 0, 0, 0, 0, -33.77536392211914, 0.0], [0, 0, 0, 0.004392087459564209, 0, 0, 8, 13, 20, 0, 0, 0, 0, 10, 2, 4, 0, 0, 0, 12, 0, 0.5, 0, 0, 0, 0, 0, 0, -21.16661834716797, 3.030508041381836], [0, 0, 0, 0.19191807508468628, 0, 0, 8, 3, 10, 0, 0, 0, 0, 1, 1, 7, 0, 0, 0, 2, 0, 0.5, 0, 0, 0, 0, 0, 0, -33.77536392211914, 0.0], [0, 0, 0, 0.15489894151687622, 0, 0, 8, 4, 11, 0, 0, 0, 0, 2, 1, 4, 0, 0, 0, 3, 0, 0.5, 0, 0, 0, 0, 0, 0, -36.402503967285156, 0.37093353271484375], [1, 0, 0, 0.12521645426750183, 1, 0, 8, 13, 20, 1, 0, 1, 0, 10, 2, 2, 0, 0, 0, 12, 1, 0.5, 0, 0, 0, 0, 0, 0, -21.53409194946289, 3.0443153381347656], [1, 0, 0, 0.03356814384460449, 0, 0, 8, 8, 15, 1, 0, 1, 0, 4, 3, 6, 0, 0, 0, 7, 0, 0.75, 0, 0, 0, 0, 0, 0, -23.62434959411621, 7.433429718017578], [0, 0, 0, 0.05528217554092407, 0, 0, 8, 13, 20, 0, 0, 0, 0, 11, 1, 1, 0, 0, 0, 12, 0, 0.2, 0, 0, 0, 0, 0, 0, -20.118450164794922, 0.012502670288085938], [0, 0, 0, 0.44650131464004517, 0, 0, 8, 13, 20, 0, 0, 0, 0, 8, 3, 2, 0, 0, 0, 12, 0, 0.6666666666666666, 0, 0, 0, 0, 0, 0, -32.2817497253418, 0.9777565002441406], [0, 0, 0, 0.006916821002960205, 0, 0, 8, 4, 11, 0, 0, 0, 0, 2, 1, 2, 0, 0, 0, 3, 0, 0.5, 0, 0, 0, 0, 0, 0, -26.419923782348633, 0.42395973205566406], [0, 0, 0, 0.08912903070449829, 0, 0, 8, 8, 15, 0, 0, 1, 0, 4, 2, 1, 0, 0, 0, 7, 0, 0.5, 0, 0, 0, 0, 0, 0, -42.86235809326172, 2.6429214477539062], [0, 0, 0, 0.033251553773880005, 0, 0, 8, 13, 20, 0, 0, 0, 0, 10, 2, 4, 0, 0, 0, 12, 0, 0.5, 0, 0, 0, 0, 0, 0, -21.409753799438477, 3.036550521850586], [0, 0, 0, 0.008992135524749756, 0, 0, 8, 13, 20, 0, 0, 1, 0, 8, 4, 1, 0, 0, 0, 12, 0, 0.1111111111111111, 0, 0, 0, 0, 0, 0, -22.73564338684082, 4.812101364135742], [0, 0, 0, 0.035096585750579834, 0, 0, 8, 13, 20, 0, 0, 0, 0, 9, 3, 2, 0, 0, 0, 12, 0, 0.6666666666666666, 0, 0, 0, 0, 0, 0, -27.541568756103516, 3.5927371978759766], [0, 0, 0, 0.05066025257110596, 0, 0, 8, 5, 12, 0, 0, 0, 0, 3, 1, 6, 0, 0, 0, 4, 0, 0.6666666666666666, 0, 0, 0, 0, 0, 0, -24.53251838684082, 0.09001350402832031], [0, 0, 0, 0.04091459512710571, 0, 0, 8, 3, 10, 0, 0, 0, 0, 1, 1, 4, 0, 0, 0, 2, 0, 0.5, 0, 0, 0, 0, 0, 0, -33.77536392211914, 0.0], [0, 0, 0, 0.0535302460193634, 0, 0, 8, 13, 20, 0, 0, 0, 0, 10, 2, 1, 0, 0, 0, 12, 0, 0.02857142857142857, 0, 0, 0, 0, 0, 0, -21.216888427734375, 3.0309715270996094], [0, 0, 0, 0.016453713178634644, 0, 0, 8, 13, 20, 0, 0, 0, 0, 11, 1, 1, 0, 0, 0, 12, 0, 0.13043478260869565, 0, 0, 0, 0, 0, 0, -20.597585678100586, 0.012462615966796875], [0, 0, 0, 0.02808934450149536, 0, 0, 8, 13, 20, 0, 0, 1, 0, 8, 3, 2, 0, 0, 0, 12, 0, 0.5, 0, 0, 0, 0, 0, 0, -26.758874893188477, 0.36261749267578125], [0, 0, 0, 0.020447969436645508, 0, 0, 8, 10, 17, 0, 0, 0, 0, 7, 2, 2, 0, 0, 0, 9, 0, 0.6363636363636364, 0, 0, 0, 0, 0, 0, -40.156429290771484, 4.869960784912109], [0, 0, 0, 0.04822695255279541, 0, 0, 8, 4, 11, 0, 0, 0, 0, 2, 1, 3, 0, 0, 0, 3, 0, 0.5, 0, 0, 0, 0, 0, 0, -26.419923782348633, 0.42395973205566406], [0, 0, 0, 0.016424179077148438, 0, 0, 8, 10, 17, 0, 0, 0, 0, 8, 1, 4, 0, 0, 0, 9, 0, 0.5, 0, 0, 0, 0, 0, 0, -39.486053466796875, 0.010379791259765625], [0, 0, 0, 0.08341109752655029, 0, 0, 8, 3, 10, 0, 0, 0, 0, 1, 1, 4, 0, 0, 0, 2, 0, 0.6666666666666666, 0, 0, 0, 0, 0, 0, -33.77536392211914, 0.0], [1, 0, 1, 0.021464526653289795, 1, 0, 8, 7, 14, 1, 0, 1, 1, 2, 4, 7, 0, 0, 0, 6, 1, 0.75, 0, 0, 0, 0, 0, 0, -36.13507080078125, 14.503021240234375], [0, 0, 0, 0.05007803440093994, 0, 0, 8, 13, 20, 0, 0, 0, 0, 9, 3, 3, 0, 0, 0, 12, 0, 0.6666666666666666, 0, 0, 0, 0, 0, 0, -21.947172164916992, 3.8948822021484375], [0, 0, 0, 0.006615042686462402, 0, 0, 8, 5, 12, 0, 0, 0, 0, 2, 2, 4, 0, 0, 0, 4, 0, 0.5, 0, 0, 0, 0, 0, 0, -25.347959518432617, 15.488248825073242], [0, 0, 0, 0.35147809982299805, 0, 0, 8, 3, 10, 0, 0, 0, 0, 1, 1, 3, 0, 0, 0, 2, 0, 0.5, 0, 0, 0, 0, 0, 0, -33.77536392211914, 0.0], [0, 0, 0, 0.018579453229904175, 0, 0, 8, 4, 11, 0, 0, 0, 0, 2, 1, 3, 0, 0, 0, 3, 0, 0.6666666666666666, 0, 0, 0, 0, 0, 0, -17.51513671875, 20.25865936279297], [0, 0, 0, 0.027959167957305908, 0, 0, 8, 13, 20, 0, 0, 0, 0, 11, 1, 1, 0, 0, 0, 12, 0, 0.13043478260869565, 0, 0, 0, 0, 0, 0, -20.597585678100586, 0.012462615966796875], [0, 0, 0, 0.000628054141998291, 0, 0, 8, 13, 20, 0, 0, 0, 0, 11, 1, 5, 0, 0, 0, 12, 0, 0.5, 0, 0, 0, 0, 0, 0, -20.118450164794922, 0.012502670288085938], [0, 0, 0, 0.017609983682632446, 0, 0, 8, 7, 14, 0, 0, 0, 0, 5, 1, 4, 0, 0, 0, 6, 0, 0.5, 0, 0, 0, 0, 0, 0, -37.089759826660156, 0.01080322265625], [0, 0, 0, 0.05068492889404297, 0, 0, 8, 12, 19, 0, 0, 0, 0, 9, 2, 2, 0, 0, 0, 11, 0, 0.6666666666666666, 0, 0, 0, 0, 0, 0, -21.37969970703125, 3.336404800415039], [0, 0, 0, 0.023221731185913086, 0, 0, 8, 3, 10, 0, 0, 0, 0, 1, 1, 1, 0, 0, 0, 2, 0, 0.125, 0, 0, 0, 0, 0, 0, -33.77536392211914, 0.0], [0, 0, 0, 0.0482727587223053, 0, 0, 8, 5, 12, 0, 0, 0, 0, 2, 2, 4, 0, 0, 0, 4, 0, 0.75, 0, 0, 0, 0, 0, 0, -24.868865966796875, 10.166007995605469], [0, 0, 0, 0.0020524263381958008, 0, 0, 8, 4, 11, 0, 0, 0, 0, 2, 1, 3, 0, 0, 0, 3, 0, 0.5, 0, 0, 0, 0, 0, 0, -26.419923782348633, 0.42395973205566406], [1, 0, 0, 0.104220449924469, 0, 0, 8, 3, 10, 1, 0, 0, 0, 1, 1, 6, 0, 0, 0, 2, 0, 0.6666666666666666, 0, 0, 0, 0, 0, 0, -33.77536392211914, 0.0], [0, 0, 0, 0.01805347204208374, 0, 0, 8, 3, 10, 0, 0, 0, 0, 1, 1, 6, 0, 0, 0, 2, 0, 0.5, 0, 0, 0, 0, 0, 0, -33.77536392211914, 0.0], [0, 0, 0, 0.08047199249267578, 0, 0, 8, 3, 10, 0, 0, 0, 0, 1, 1, 3, 0, 0, 0, 2, 0, 0.5, 0, 0, 0, 0, 0, 0, -33.77536392211914, 0.0], [1, 0, 1, 0.08021295070648193, 1, 0, 8, 13, 20, 1, 0, 1, 1, 8, 4, 2, 0, 0, 0, 12, 1, 0.75, 0, 0, 0, 0, 0, 0, -22.831796646118164, 4.848003387451172], [1, 0, 0, 0.021267831325531006, 1, 0, 8, 13, 20, 1, 0, 1, 0, 7, 3, 2, 0, 0, 0, 12, 1, 0.5, 0, 0, 0, 0, 0, 0, -30.865896224975586, 0.5385894775390625], [0, 0, 0, 0.19298255443572998, 0, 0, 8, 4, 11, 0, 0, 0, 0, 2, 1, 3, 0, 0, 0, 3, 0, 0.5, 0, 0, 0, 0, 0, 0, -26.419923782348633, 0.42395973205566406], [0, 0, 0, 0.00039690732955932617, 0, 0, 8, 4, 11, 0, 0, 0, 0, 2, 1, 3, 0, 0, 0, 3, 0, 0.75, 0, 0, 0, 0, 0, 0, -26.419923782348633, 0.42395973205566406], [0, 0, 0, 0.02782219648361206, 0, 0, 8, 13, 20, 0, 0, 0, 0, 10, 2, 1, 0, 0, 0, 12, 0, 0.6666666666666666, 0, 0, 0, 0, 0, 0, -21.289255142211914, 3.0342330932617188], [0, 0, 0, 0.15765759348869324, 0, 0, 8, 13, 20, 0, 0, 0, 0, 11, 1, 4, 0, 0, 0, 12, 0, 0.5, 0, 0, 0, 0, 0, 0, -20.30815887451172, 0.012485504150390625], [0, 0, 0, 0.03755640983581543, 0, 0, 8, 13, 20, 0, 0, 0, 0, 7, 3, 2, 0, 0, 0, 12, 0, 0.5, 0, 0, 0, 0, 0, 0, -33.36595916748047, 0.43186187744140625], [0, 0, 0, 0.014094561338424683, 0, 0, 8, 13, 20, 0, 0, 0, 0, 10, 2, 1, 0, 0, 0, 12, 0, 0.5, 0, 0, 0, 0, 0, 0, -27.54964256286621, 2.7051448822021484], [0, 0, 0, 0.03637218475341797, 0, 0, 8, 13, 20, 0, 0, 1, 0, 8, 3, 2, 0, 0, 0, 12, 0, 0.6666666666666666, 0, 0, 0, 0, 0, 0, -34.18729019165039, 0.00316619873046875], [0, 0, 0, 0.0766681432723999, 0, 0, 8, 7, 14, 0, 1, 0, 0, 5, 1, 1, 0, 0, 0, 6, 0, 0.09090909090909091, 0, 0, 0, 0, 0, 0, -37.089759826660156, 0.01080322265625], [1, 0, 1, 0.00171738862991333, 1, 0, 8, 4, 11, 1, 0, 1, 1, 2, 1, 4, 0, 0, 0, 3, 0, 0.6666666666666666, 0, 0, 0, 0, 0, 0, -26.335594177246094, 0.4242515563964844], [0, 0, 0, 0.04242098331451416, 0, 0, 8, 3, 10, 0, 0, 0, 0, 1, 1, 3, 0, 0, 0, 2, 0, 0.75, 0, 0, 0, 0, 0, 0, -33.77536392211914, 0.0], [0, 0, 0, 0.003498166799545288, 0, 0, 8, 13, 20, 0, 0, 0, 0, 11, 1, 2, 0, 0, 0, 12, 0, 0.25, 0, 0, 0, 0, 0, 0, -20.282289505004883, 0.012493133544921875], [0, 0, 0, 0.04242098331451416, 0, 0, 8, 3, 10, 0, 0, 0, 0, 1, 1, 3, 0, 0, 0, 2, 0, 0.75, 0, 0, 0, 0, 0, 0, -33.77536392211914, 0.0], [0, 0, 0, 0.0047799646854400635, 0, 0, 8, 13, 20, 0, 0, 0, 0, 11, 1, 1, 0, 0, 0, 12, 0, 0.1111111111111111, 0, 0, 0, 0, 0, 0, -27.205577850341797, 0.013887405395507812], [0, 0, 0, 0.007286280393600464, 0, 0, 8, 13, 20, 0, 0, 0, 0, 11, 1, 2, 0, 0, 0, 12, 0, 0.25, 0, 0, 0, 0, 0, 0, -20.184934616088867, 0.012495040893554688], [0, 0, 0, 0.18396824598312378, 0, 0, 8, 3, 10, 0, 0, 0, 0, 1, 1, 4, 0, 0, 0, 2, 0, 0.5, 0, 0, 0, 0, 0, 0, -33.77536392211914, 0.0], [1, 0, 1, 0.0, 0, 0, 5, 4, 8, 1, 0, 1, 1, 2, 1, 4, 0, 0, 0, 3, 0, 0.8333333333333334, 0, 0, 0, 0, 0, 0, -26.335594177246094, 0.4242515563964844], [0, 0, 0, 0.20611590147018433, 0, 0, 8, 3, 10, 0, 0, 0, 0, 1, 1, 3, 0, 0, 0, 2, 0, 0.6666666666666666, 0, 0, 0, 0, 0, 0, -33.77536392211914, 0.0], [0, 0, 0, 0.059138745069503784, 0, 0, 8, 5, 12, 0, 0, 0, 0, 2, 2, 4, 0, 0, 0, 4, 0, 0.5, 0, 0, 0, 0, 0, 0, -25.587800979614258, 15.248407363891602], [0, 0, 0, 0.11814653873443604, 0, 0, 8, 13, 20, 0, 0, 0, 0, 10, 2, 4, 0, 0, 0, 12, 0, 0.5, 0, 0, 0, 0, 0, 0, -21.066919326782227, 3.0254859924316406], [0, 0, 0, 0.10595756769180298, 0, 0, 8, 13, 20, 0, 0, 0, 0, 11, 1, 3, 0, 0, 0, 12, 0, 0.5, 0, 0, 0, 0, 0, 0, -20.21282196044922, 0.01248931884765625], [0, 0, 0, 0.000625312328338623, 0, 0, 8, 6, 13, 0, 0, 0, 0, 4, 1, 4, 0, 0, 0, 5, 0, 0.5, 0, 0, 0, 0, 0, 0, -23.264291763305664, 0.05103302001953125], [0, 0, 0, 0.029026687145233154, 0, 0, 8, 13, 20, 0, 0, 0, 0, 11, 1, 4, 0, 0, 0, 12, 0, 0.6666666666666666, 0, 0, 0, 0, 0, 0, -20.011281967163086, 0.01251220703125], [0, 0, 0, 0.34839046001434326, 0, 0, 8, 3, 10, 0, 0, 0, 0, 1, 1, 4, 0, 0, 0, 2, 0, 0.5, 0, 0, 0, 0, 0, 0, -33.77536392211914, 0.0], [0, 0, 0, 0.07269400358200073, 0, 0, 8, 3, 10, 0, 0, 0, 0, 1, 1, 5, 0, 0, 0, 2, 0, 0.5, 0, 0, 0, 0, 0, 0, -33.77536392211914, 0.0], [0, 0, 0, 0.049520403146743774, 0, 0, 8, 13, 20, 0, 0, 0, 0, 11, 1, 1, 0, 0, 0, 12, 0, 0.02857142857142857, 0, 0, 0, 0, 0, 0, -20.130756378173828, 0.012495040893554688], [0, 0, 0, 0.018918782472610474, 0, 0, 8, 13, 20, 0, 0, 0, 0, 11, 1, 1, 0, 0, 0, 12, 0, 0.13043478260869565, 0, 0, 0, 0, 0, 0, -27.319318771362305, 0.013881683349609375], [0, 0, 0, 0.03737357258796692, 0, 0, 8, 3, 10, 0, 0, 0, 0, 1, 1, 4, 0, 0, 0, 2, 0, 0.6666666666666666, 0, 0, 0, 0, 0, 0, -33.77536392211914, 0.0], [1, 0, 1, 0.040379106998443604, 1, 0, 8, 12, 19, 1, 0, 1, 1, 5, 6, 1, 0, 0, 0, 11, 1, 0.6666666666666666, 0, 0, 0, 0, 0, 0, -36.19060516357422, 6.422492980957031], [0, 0, 0, 0.002102494239807129, 0, 0, 8, 13, 20, 0, 0, 0, 0, 11, 1, 1, 0, 0, 0, 12, 0, 0.08333333333333333, 0, 0, 0, 0, 0, 0, -20.358524322509766, 0.012483596801757812], [0, 0, 0, 0.05567160248756409, 0, 0, 8, 4, 11, 0, 0, 0, 0, 2, 1, 4, 0, 0, 0, 3, 0, 0.5, 0, 0, 0, 0, 0, 0, -17.51513671875, 20.25865936279297], [0, 0, 0, 0.015735745429992676, 0, 0, 8, 10, 17, 0, 0, 0, 0, 7, 2, 1, 0, 0, 0, 9, 0, 0.6363636363636364, 0, 0, 0, 0, 0, 0, -40.156429290771484, 4.869960784912109], [0, 0, 1, 0.014918386936187744, 0, 0, 8, 13, 20, 0, 0, 1, 1, 10, 2, 1, 0, 0, 0, 12, 0, 0.5, 0, 0, 0, 0, 0, 0, -21.682153701782227, 3.045818328857422], [1, 0, 1, 0.016016006469726562, 0, 1, 8, 3, 10, 1, 0, 0, 0, 1, 1, 6, 0, 0, 0, 2, 0, 0.5, 0, 0, 1, 0, 0, 0, -26.611854553222656, 16.760089874267578], [1, 0, 0, 0.02024245262145996, 0, 0, 8, 5, 12, 1, 0, 0, 0, 2, 2, 6, 0, 0, 0, 4, 1, 0.6666666666666666, 0, 0, 0, 0, 0, 0, -25.66856575012207, 15.167642593383789], [0, 0, 0, 0.03948017954826355, 0, 0, 8, 3, 10, 0, 0, 0, 0, 1, 1, 5, 0, 0, 0, 2, 0, 0.75, 0, 0, 0, 0, 0, 0, -33.77536392211914, 0.0], [0, 0, 0, 0.0313946008682251, 0, 0, 8, 11, 18, 0, 0, 0, 0, 9, 1, 1, 0, 0, 0, 10, 0, 0.019736842105263157, 0, 0, 0, 0, 0, 0, -20.476938247680664, 0.015985488891601562], [0, 0, 0, 0.026483744382858276, 0, 0, 8, 8, 15, 0, 0, 0, 0, 6, 1, 5, 0, 0, 0, 7, 0, 0.5, 0, 0, 0, 0, 0, 0, -21.705236434936523, 0.026187896728515625], [0, 0, 0, 0.0019677281379699707, 0, 0, 8, 8, 15, 0, 0, 0, 0, 6, 1, 3, 0, 0, 0, 7, 0, 0.5, 0, 0, 0, 0, 0, 0, -35.09142303466797, 0.093048095703125], [0, 0, 0, 0.06618800759315491, 0, 0, 8, 8, 15, 0, 0, 0, 0, 6, 1, 4, 0, 0, 0, 7, 0, 0.5, 0, 0, 0, 0, 0, 0, -21.705236434936523, 0.026187896728515625], [0, 0, 0, 0.006564289331436157, 0, 0, 8, 3, 10, 0, 0, 0, 0, 1, 1, 4, 0, 0, 0, 2, 0, 0.5, 0, 0, 0, 0, 0, 0, -33.77536392211914, 0.0], [0, 0, 0, 0.14815473556518555, 0, 0, 8, 13, 20, 0, 0, 0, 0, 11, 1, 4, 0, 0, 0, 12, 0, 0.5, 0, 0, 0, 0, 0, 0, -20.30815887451172, 0.012485504150390625], [0, 0, 0, 0.06768947839736938, 0, 0, 8, 4, 11, 0, 0, 0, 0, 2, 1, 3, 0, 0, 0, 3, 0, 0.5, 0, 0, 0, 0, 0, 0, -17.51513671875, 20.25865936279297], [0, 0, 0, 0.08260127902030945, 0, 0, 8, 4, 11, 0, 0, 0, 0, 2, 1, 3, 0, 0, 0, 3, 0, 0.5, 0, 0, 0, 0, 0, 0, -26.419923782348633, 0.42395973205566406], [1, 0, 1, 0.03888058662414551, 1, 0, 8, 5, 12, 1, 0, 1, 1, 2, 2, 4, 0, 0, 0, 4, 1, 0.6666666666666666, 0, 0, 0, 0, 0, 0, -25.583295822143555, 15.156999588012695], [0, 0, 0, 0.07835552096366882, 0, 0, 8, 3, 10, 0, 0, 0, 0, 1, 1, 4, 0, 0, 0, 2, 0, 0.6666666666666666, 0, 0, 0, 0, 0, 0, -33.77536392211914, 0.0], [0, 0, 0, 0.029467076063156128, 0, 0, 8, 6, 13, 0, 0, 0, 0, 4, 1, 2, 0, 0, 0, 5, 0, 0.5, 0, 0, 0, 0, 0, 0, -23.264291763305664, 0.05103302001953125], [0, 0, 0, 0.046880245208740234, 0, 0, 8, 4, 11, 0, 0, 0, 0, 2, 1, 6, 0, 0, 0, 3, 0, 0.8333333333333334, 0, 0, 0, 0, 0, 0, -26.419923782348633, 0.42395973205566406], [0, 0, 0, 0.09665185213088989, 0, 0, 8, 7, 14, 0, 0, 0, 0, 2, 3, 4, 0, 0, 0, 6, 0, 0.5, 0, 0, 0, 0, 0, 0, -49.68100357055664, 1.5354042053222656], [0, 0, 0, 0.01459386944770813, 0, 0, 8, 13, 20, 0, 0, 0, 0, 11, 1, 1, 0, 0, 0, 12, 0, 0.5, 0, 0, 0, 0, 0, 0, -20.529348373413086, 0.012468338012695312], [0, 0, 0, 0.03034794330596924, 0, 0, 8, 3, 10, 0, 0, 0, 0, 1, 1, 4, 0, 0, 0, 2, 0, 0.5, 0, 0, 0, 0, 0, 0, -33.77536392211914, 0.0], [0, 0, 0, 0.01805347204208374, 0, 0, 8, 3, 10, 0, 0, 0, 0, 1, 1, 6, 0, 0, 0, 2, 0, 0.5, 0, 0, 0, 0, 0, 0, -33.77536392211914, 0.0], [0, 0, 0, 0.044700682163238525, 0, 0, 8, 9, 16, 0, 0, 0, 0, 7, 1, 2, 0, 0, 0, 8, 0, 0.5, 0, 0, 0, 0, 0, 0, -21.19792366027832, 0.021240234375], [0, 0, 0, 0.26776403188705444, 0, 0, 8, 3, 10, 0, 0, 0, 0, 1, 1, 4, 0, 0, 0, 2, 0, 0.5, 0, 0, 0, 0, 0, 0, -33.77536392211914, 0.0], [0, 0, 0, 0.00276106595993042, 0, 0, 8, 7, 14, 0, 0, 0, 0, 5, 1, 4, 0, 0, 0, 6, 0, 0.6666666666666666, 0, 0, 0, 0, 0, 0, -37.089759826660156, 0.01080322265625], [0, 0, 0, 0.07422596216201782, 0, 0, 8, 3, 10, 0, 0, 0, 0, 1, 1, 3, 0, 0, 0, 2, 0, 0.5, 0, 0, 0, 0, 0, 0, -33.77536392211914, 0.0], [0, 0, 0, 0.014387726783752441, 0, 0, 8, 13, 20, 0, 0, 0, 0, 11, 1, 1, 0, 0, 0, 12, 0, 0.5, 0, 0, 0, 0, 0, 0, -20.358524322509766, 0.012483596801757812], [0, 0, 0, 0.004509270191192627, 0, 0, 8, 13, 20, 0, 0, 0, 0, 10, 2, 4, 0, 0, 0, 12, 0, 0.6666666666666666, 0, 0, 0, 0, 0, 0, -21.135391235351562, 3.026693344116211], [1, 0, 1, 0.004161834716796875, 1, 1, 8, 3, 10, 1, 0, 0, 0, 1, 1, 5, 0, 0, 0, 2, 1, 0.5, 0, 0, 1, 0, 0, 0, -26.611854553222656, 9.679801940917969], [0, 0, 0, 0.0041007399559021, 0, 0, 8, 5, 12, 0, 0, 0, 0, 3, 1, 3, 0, 0, 0, 4, 0, 0.5, 0, 0, 0, 0, 0, 0, -24.53251838684082, 0.09001350402832031], [0, 0, 0, 0.01395753026008606, 0, 0, 8, 13, 20, 0, 0, 0, 0, 11, 1, 1, 0, 0, 0, 12, 0, 0.019230769230769232, 0, 0, 0, 0, 0, 0, -20.282289505004883, 0.012493133544921875], [0, 0, 0, 0.12682098150253296, 0, 0, 8, 6, 13, 0, 0, 0, 0, 4, 1, 3, 0, 0, 0, 5, 0, 0.5, 0, 0, 0, 0, 0, 0, -23.264291763305664, 0.05103302001953125], [0, 0, 0, 0.025930434465408325, 0, 0, 8, 13, 20, 0, 0, 0, 0, 11, 1, 1, 0, 0, 0, 12, 0, 0.13043478260869565, 0, 0, 0, 0, 0, 0, -20.597585678100586, 0.012462615966796875], [0, 0, 0, 0.10979387164115906, 0, 0, 8, 13, 20, 0, 0, 0, 0, 10, 2, 3, 0, 0, 0, 12, 0, 0.5, 0, 0, 0, 0, 0, 0, -21.363309860229492, 3.034374237060547], [1, 0, 1, 0.0, 1, 0, 8, 13, 20, 1, 0, 1, 1, 7, 3, 6, 0, 0, 0, 12, 1, 0.75, 0, 0, 0, 0, 0, 0, -30.864501953125, 0.5086250305175781], [0, 0, 0, 0.43803897500038147, 0, 0, 8, 13, 20, 0, 0, 0, 0, 6, 4, 2, 0, 0, 0, 12, 0, 0.5, 0, 0, 0, 0, 0, 0, -28.97587776184082, 0.4622001647949219], [0, 0, 0, 0.011057794094085693, 0, 0, 8, 9, 16, 0, 0, 0, 0, 4, 4, 2, 0, 0, 0, 8, 0, 0.6666666666666666, 0, 0, 0, 0, 0, 0, -23.520252227783203, 8.001821517944336], [0, 0, 0, 0.02424478530883789, 0, 0, 8, 6, 13, 0, 0, 0, 0, 4, 1, 3, 0, 0, 0, 5, 0, 0.5, 0, 0, 0, 0, 0, 0, -23.264291763305664, 0.05103302001953125], [0, 0, 0, 0.11745542287826538, 0, 0, 7, 3, 9, 0, 0, 0, 0, 1, 1, 4, 0, 0, 0, 2, 0, 0.6666666666666666, 0, 0, 0, 0, 0, 0, -33.77536392211914, 0.0], [0, 0, 0, 0.056693971157073975, 0, 0, 8, 13, 20, 0, 0, 0, 0, 10, 2, 1, 0, 0, 0, 12, 0, 0.2, 0, 0, 0, 0, 0, 0, -27.12317657470703, 2.6833133697509766], [0, 0, 0, 0.007161855697631836, 0, 0, 8, 13, 20, 0, 0, 0, 0, 11, 1, 1, 0, 0, 0, 12, 0, 0.5, 0, 0, 0, 0, 0, 0, -20.529348373413086, 0.012468338012695312], [0, 0, 1, 0.010508447885513306, 0, 0, 8, 5, 12, 0, 0, 1, 1, 2, 2, 4, 0, 0, 0, 4, 0, 0.5, 0, 0, 0, 0, 0, 0, -24.10344696044922, 21.791580200195312], [0, 0, 0, 0.1994723677635193, 0, 0, 8, 3, 10, 0, 0, 0, 0, 1, 1, 5, 0, 0, 0, 2, 0, 0.75, 0, 0, 0, 0, 0, 0, -33.77536392211914, 0.0], [0, 0, 0, 0.03067663311958313, 0, 0, 8, 5, 12, 0, 0, 0, 0, 3, 1, 5, 0, 0, 0, 4, 0, 0.5, 0, 0, 0, 0, 0, 0, -24.53251838684082, 0.09001350402832031], [0, 0, 0, 0.04352539777755737, 0, 0, 8, 13, 20, 0, 0, 0, 0, 10, 2, 5, 0, 0, 0, 12, 0, 0.8, 0, 0, 0, 0, 0, 0, -21.070905685424805, 3.0225372314453125], [0, 0, 1, 0.010508447885513306, 0, 0, 8, 5, 12, 0, 0, 1, 1, 2, 2, 4, 0, 0, 0, 4, 0, 0.5, 0, 0, 0, 0, 0, 0, -24.780977249145508, 10.160463333129883], [0, 0, 0, 0.07824334502220154, 0, 0, 8, 3, 10, 0, 0, 0, 0, 1, 1, 3, 0, 0, 0, 2, 0, 0.5, 0, 0, 0, 0, 0, 0, -33.77536392211914, 0.0], [0, 0, 0, 0.20052814483642578, 0, 0, 8, 3, 10, 0, 0, 0, 0, 1, 1, 4, 0, 0, 0, 2, 0, 0.5, 0, 0, 0, 0, 0, 0, -33.77536392211914, 0.0], [0, 0, 0, 0.03408411145210266, 0, 0, 8, 6, 13, 0, 0, 0, 0, 4, 1, 4, 0, 0, 0, 5, 0, 0.5, 0, 0, 0, 0, 0, 0, -23.264291763305664, 0.05103302001953125], [0, 0, 0, 0.009574711322784424, 0, 0, 8, 4, 11, 0, 0, 0, 0, 2, 1, 4, 0, 0, 0, 3, 0, 0.5, 0, 0, 0, 0, 0, 0, -26.419923782348633, 0.42395973205566406], [0, 0, 0, 0.01746279001235962, 0, 0, 8, 10, 17, 0, 0, 0, 0, 8, 1, 1, 0, 0, 0, 9, 0, 0.6666666666666666, 0, 0, 0, 0, 0, 0, -39.486053466796875, 0.010379791259765625], [0, 0, 0, 0.0886256992816925, 0, 0, 8, 13, 20, 0, 0, 0, 0, 10, 2, 2, 0, 0, 0, 12, 0, 0.5, 0, 0, 0, 0, 0, 0, -21.095216751098633, 3.0273513793945312], [1, 0, 1, 0.014828979969024658, 1, 0, 8, 7, 14, 1, 0, 1, 1, 2, 4, 6, 0, 0, 0, 6, 1, 0.75, 0, 0, 0, 0, 0, 0, -39.07815170288086, 11.837604522705078], [1, 0, 1, 0.014828979969024658, 1, 0, 8, 7, 14, 1, 1, 1, 1, 2, 4, 6, 0, 0, 0, 6, 1, 0.75, 0, 0, 0, 0, 0, 0, -39.07815170288086, 11.837604522705078], [0, 0, 0, 0.02772367000579834, 0, 0, 8, 13, 20, 0, 0, 0, 0, 8, 2, 2, 0, 0, 0, 12, 0, 0.6666666666666666, 0, 0, 0, 0, 0, 0, -36.062896728515625, 0.5084342956542969], [0, 0, 0, 0.032608866691589355, 0, 0, 8, 13, 20, 0, 0, 0, 0, 11, 1, 1, 0, 0, 0, 12, 0, 0.08333333333333333, 0, 0, 0, 0, 0, 0, -20.04656410217285, 0.012506484985351562], [0, 0, 0, 0.05472594499588013, 0, 0, 8, 6, 13, 0, 0, 0, 0, 4, 1, 1, 0, 0, 0, 5, 0, 0.2, 0, 0, 0, 0, 0, 0, -38.9154052734375, 0.004566192626953125], [0, 0, 0, 0.013154029846191406, 0, 0, 8, 13, 20, 0, 0, 0, 0, 11, 1, 2, 0, 0, 0, 12, 0, 0.75, 0, 0, 0, 0, 0, 0, -22.9478816986084, 8.084754943847656], [0, 0, 0, 0.0037145614624023438, 0, 0, 8, 13, 20, 0, 0, 0, 0, 11, 1, 1, 0, 0, 0, 12, 0, 0.1111111111111111, 0, 0, 0, 0, 0, 0, -20.529348373413086, 0.012468338012695312], [0, 0, 0, 0.0484885573387146, 0, 0, 8, 3, 10, 0, 0, 0, 0, 1, 1, 3, 0, 0, 0, 2, 0, 0.5, 0, 0, 0, 0, 0, 0, -33.77536392211914, 0.0], [0, 0, 0, 0.047490596771240234, 0, 0, 8, 5, 12, 0, 0, 0, 0, 3, 1, 7, 0, 0, 0, 4, 0, 0.75, 0, 0, 0, 0, 0, 0, -24.53251838684082, 0.09001350402832031], [0, 0, 0, 0.024570614099502563, 0, 0, 8, 5, 12, 0, 0, 0, 0, 3, 1, 4, 0, 0, 0, 4, 0, 0.5, 0, 0, 0, 0, 0, 0, -24.53251838684082, 0.09001350402832031], [0, 0, 0, 0.09173861145973206, 0, 0, 8, 3, 10, 0, 0, 0, 0, 1, 1, 3, 0, 0, 0, 2, 0, 0.5, 0, 0, 0, 0, 0, 0, -33.77536392211914, 0.0], [1, 0, 1, 0.005205929279327393, 1, 0, 8, 4, 11, 1, 0, 1, 1, 2, 1, 4, 0, 0, 0, 3, 1, 0.5, 0, 0, 0, 0, 0, 0, -26.335594177246094, 0.4242515563964844], [0, 0, 0, 0.020714491605758667, 0, 0, 8, 3, 10, 0, 0, 0, 0, 1, 1, 5, 0, 0, 0, 2, 0, 0.75, 0, 0, 0, 0, 0, 0, -33.77536392211914, 0.0], [0, 0, 0, 0.07185328006744385, 0, 0, 8, 13, 20, 0, 0, 0, 0, 10, 2, 2, 0, 0, 0, 12, 0, 0.2857142857142857, 0, 0, 0, 0, 0, 0, -21.233598709106445, 3.0304603576660156], [0, 0, 0, 0.15725773572921753, 0, 0, 8, 3, 10, 0, 0, 0, 0, 1, 1, 4, 0, 0, 0, 2, 0, 0.5, 0, 0, 0, 0, 0, 0, -33.77536392211914, 0.0], [0, 0, 0, 0.028327345848083496, 0, 0, 8, 7, 14, 0, 0, 0, 0, 5, 1, 5, 0, 0, 0, 6, 0, 0.5, 0, 0, 0, 0, 0, 0, -37.089759826660156, 0.01080322265625], [0, 0, 0, 0.00036966800689697266, 0, 0, 8, 5, 12, 0, 0, 0, 0, 2, 2, 4, 0, 0, 0, 4, 0, 0.5, 0, 0, 0, 0, 0, 0, -25.347959518432617, 15.488248825073242], [1, 0, 0, 0.0008891820907592773, 0, 0, 4, 3, 6, 1, 1, 0, 0, 1, 1, 3, 0, 0, 0, 2, 0, 0.6666666666666666, 0, 0, 0, 0, 0, 0, -33.77536392211914, 0.0], [0, 0, 0, 0.027173250913619995, 0, 0, 8, 6, 13, 0, 0, 0, 0, 4, 1, 4, 0, 0, 0, 5, 0, 0.6666666666666666, 0, 0, 0, 0, 0, 0, -38.9154052734375, 0.004566192626953125], [0, 0, 0, 0.01959383487701416, 0, 0, 8, 9, 16, 0, 0, 0, 0, 6, 2, 5, 0, 0, 0, 8, 0, 0.5, 0, 0, 0, 0, 0, 0, -25.78231430053711, 3.2282962799072266], [1, 0, 1, 0.05399352312088013, 1, 0, 8, 13, 20, 1, 0, 1, 1, 7, 5, 2, 0, 0, 0, 12, 1, 0.6666666666666666, 0, 0, 0, 0, 0, 0, -23.149494171142578, 5.676788330078125], [0, 0, 0, 0.03216993808746338, 0, 0, 8, 4, 11, 0, 0, 0, 0, 1, 2, 2, 0, 0, 0, 3, 0, 0.6363636363636364, 0, 0, 0, 0, 0, 0, -36.34147644042969, 0.0], [0, 0, 0, 0.03933995962142944, 0, 0, 8, 8, 15, 0, 0, 0, 0, 6, 1, 3, 0, 0, 0, 7, 0, 0.5, 0, 0, 0, 0, 0, 0, -21.705236434936523, 0.026187896728515625], [0, 0, 0, 0.05436113476753235, 0, 0, 8, 3, 10, 0, 0, 0, 0, 1, 1, 3, 0, 0, 0, 2, 0, 0.5, 0, 0, 0, 0, 0, 0, -33.77536392211914, 0.0], [0, 0, 0, 0.057383179664611816, 0, 0, 8, 12, 19, 0, 0, 0, 0, 9, 2, 2, 0, 0, 0, 11, 0, 0.6666666666666666, 0, 0, 0, 0, 0, 0, -21.34726905822754, 3.3334789276123047], [0, 0, 0, 0.16550922393798828, 0, 0, 8, 5, 12, 0, 0, 0, 0, 2, 2, 5, 0, 0, 0, 4, 0, 0.5, 0, 0, 0, 0, 0, 0, -25.587800979614258, 15.248407363891602], [0, 0, 0, 0.01728719472885132, 0, 0, 8, 13, 20, 0, 0, 0, 0, 11, 1, 1, 0, 0, 0, 12, 0, 0.09090909090909091, 0, 0, 0, 0, 0, 0, -20.077695846557617, 0.012502670288085938], [0, 0, 0, 0.10358685255050659, 0, 0, 8, 7, 14, 0, 0, 1, 0, 3, 3, 4, 0, 0, 0, 6, 0, 0.5, 0, 0, 0, 0, 0, 0, -40.249900817871094, 8.084869384765625], [0, 0, 0, 0.00808870792388916, 0, 0, 8, 3, 10, 0, 0, 0, 0, 1, 1, 3, 0, 0, 0, 2, 0, 0.5, 0, 0, 0, 0, 0, 0, -33.77536392211914, 0.0], [0, 0, 0, 0.02797067165374756, 0, 0, 8, 13, 20, 0, 0, 0, 0, 10, 2, 2, 0, 0, 0, 12, 0, 0.6666666666666666, 0, 0, 0, 0, 0, 0, -27.40618896484375, 2.6842708587646484], [0, 0, 0, 0.0025244951248168945, 0, 0, 8, 13, 20, 0, 0, 1, 0, 11, 1, 5, 0, 0, 0, 12, 0, 0.6666666666666666, 0, 0, 0, 0, 0, 0, -20.077695846557617, 0.012502670288085938], [0, 0, 0, 0.04997459053993225, 0, 0, 8, 5, 12, 0, 0, 0, 0, 3, 1, 4, 0, 0, 0, 4, 0, 0.5, 0, 0, 0, 0, 0, 0, -24.53251838684082, 0.09001350402832031], [0, 0, 0, 0.016778230667114258, 0, 0, 8, 13, 20, 0, 0, 0, 0, 11, 1, 1, 0, 0, 0, 12, 0, 0.13043478260869565, 0, 0, 0, 0, 0, 0, -20.597585678100586, 0.012462615966796875], [0, 0, 0, 0.017000317573547363, 0, 0, 8, 3, 10, 0, 0, 0, 0, 1, 1, 5, 0, 0, 0, 2, 0, 0.5, 0, 0, 0, 0, 0, 0, -34.027679443359375, 0.0], [1, 0, 0, 0.0, 0, 0, 6, 13, 18, 1, 0, 1, 1, 9, 2, 5, 0, 0, 0, 12, 0, 0.5, 0, 0, 0, 0, 0, 0, -25.434133529663086, 0.13850784301757812], [0, 0, 0, 0.09339118003845215, 0, 0, 8, 3, 10, 0, 0, 0, 0, 1, 1, 4, 0, 0, 0, 2, 0, 0.5, 0, 0, 0, 0, 0, 0, -33.77536392211914, 0.0], [0, 0, 0, 0.0021925419569015503, 0, 0, 8, 3, 10, 0, 0, 0, 0, 1, 1, 4, 0, 0, 0, 2, 0, 0.5, 0, 0, 0, 0, 0, 0, -33.77536392211914, 0.0], [1, 0, 1, 0.01644200086593628, 1, 0, 8, 5, 12, 1, 0, 1, 1, 2, 2, 6, 0, 0, 0, 4, 1, 0.8333333333333334, 0, 0, 0, 0, 0, 0, -25.262561798095703, 15.477733612060547], [0, 0, 0, 0.08195456862449646, 0, 0, 8, 5, 12, 0, 0, 0, 0, 2, 2, 4, 0, 0, 0, 4, 0, 0.6666666666666666, 0, 0, 0, 0, 0, 0, -25.347959518432617, 15.488248825073242], [1, 0, 0, 0.033549726009368896, 0, 0, 8, 3, 10, 1, 0, 0, 0, 1, 1, 7, 0, 0, 0, 2, 0, 0.8333333333333334, 0, 0, 0, 0, 0, 0, -33.77536392211914, 0.0], [0, 0, 0, 0.024226903915405273, 0, 0, 8, 5, 12, 0, 0, 0, 0, 2, 2, 4, 0, 0, 0, 4, 0, 0.6666666666666666, 0, 0, 0, 0, 0, 0, -33.248958587646484, 0.7169685363769531], [0, 0, 0, 0.012846410274505615, 0, 0, 8, 12, 19, 0, 0, 0, 0, 10, 1, 1, 0, 0, 0, 11, 0, 0.1111111111111111, 0, 0, 0, 0, 0, 0, -36.89600372314453, 0.005199432373046875], [0, 0, 0, 0.06071251630783081, 0, 0, 8, 3, 10, 0, 0, 0, 0, 1, 1, 4, 0, 0, 0, 2, 0, 0.75, 0, 0, 0, 0, 0, 0, -33.77536392211914, 0.0], [0, 0, 0, 1.1175870895385742e-05, 0, 0, 8, 13, 20, 0, 0, 0, 0, 11, 1, 3, 0, 0, 0, 12, 0, 0.6666666666666666, 0, 0, 0, 0, 0, 0, -19.991708755493164, 0.01251220703125], [1, 0, 1, 0.060448646545410156, 0, 0, 8, 10, 17, 1, 0, 1, 1, 7, 2, 1, 0, 0, 0, 9, 0, 0.1111111111111111, 0, 0, 0, 0, 0, 0, -40.12451934814453, 4.990589141845703], [1, 0, 0, 0.009862542152404785, 0, 0, 8, 3, 10, 1, 0, 0, 0, 1, 1, 6, 0, 0, 0, 2, 0, 0.8333333333333334, 0, 0, 0, 0, 0, 0, -33.77536392211914, 0.0], [0, 0, 0, 0.044129788875579834, 0, 0, 8, 4, 11, 0, 0, 0, 0, 2, 1, 4, 0, 0, 0, 3, 0, 0.5, 0, 0, 0, 0, 0, 0, -26.419923782348633, 0.42395973205566406], [0, 0, 0, 0.05681517720222473, 0, 0, 8, 3, 10, 0, 0, 0, 0, 1, 1, 4, 0, 0, 0, 2, 0, 0.5, 0, 0, 0, 0, 0, 0, -33.77536392211914, 0.0], [0, 0, 0, 0.004400193691253662, 0, 0, 8, 4, 11, 0, 0, 0, 0, 1, 2, 4, 0, 0, 0, 3, 0, 0.5, 0, 0, 0, 0, 0, 0, -36.34147644042969, 0.0], [0, 0, 0, 0.04103091359138489, 0, 0, 8, 13, 20, 0, 0, 0, 0, 11, 1, 2, 0, 0, 0, 12, 0, 0.2857142857142857, 0, 0, 0, 0, 0, 0, -20.17494773864746, 0.012495040893554688], [0, 0, 0, 0.4079371690750122, 0, 0, 8, 13, 20, 0, 0, 0, 0, 9, 2, 4, 0, 0, 0, 12, 0, 0.5, 0, 0, 0, 0, 0, 0, -25.267852783203125, 0.12922286987304688], [0, 0, 0, 0.02593812346458435, 0, 0, 8, 13, 20, 0, 0, 0, 0, 10, 2, 1, 0, 0, 0, 12, 0, 0.13043478260869565, 0, 0, 0, 0, 0, 0, -21.579587936401367, 3.0591793060302734], [1, 0, 0, 0.033549726009368896, 0, 0, 8, 3, 10, 1, 0, 0, 0, 1, 1, 7, 0, 0, 0, 2, 0, 0.8333333333333334, 0, 0, 0, 0, 0, 0, -33.77536392211914, 0.0], [0, 0, 0, 0.04751545190811157, 0, 0, 8, 10, 17, 0, 0, 0, 0, 8, 1, 4, 0, 0, 0, 9, 0, 0.5, 0, 0, 0, 0, 0, 0, -20.798564910888672, 0.018463134765625], [0, 0, 0, 0.005020201206207275, 0, 0, 8, 13, 20, 0, 0, 0, 0, 9, 3, 1, 0, 0, 0, 12, 0, 0.5, 0, 0, 0, 0, 0, 0, -28.008834838867188, 3.583486557006836], [1, 0, 1, 0.00171738862991333, 1, 0, 8, 4, 11, 1, 0, 1, 1, 2, 1, 4, 0, 0, 0, 3, 0, 0.6666666666666666, 0, 0, 0, 0, 0, 0, -26.335594177246094, 0.4242515563964844], [0, 0, 0, 0.002410888671875, 0, 0, 8, 3, 10, 0, 0, 0, 0, 1, 1, 7, 0, 0, 0, 2, 0, 0.5, 0, 0, 0, 0, 0, 0, -33.77536392211914, 0.0], [0, 0, 0, 0.008755683898925781, 0, 0, 6, 3, 8, 0, 0, 0, 0, 1, 1, 4, 0, 0, 0, 2, 0, 0.5, 0, 0, 0, 0, 0, 0, -33.77536392211914, 0.0], [1, 0, 0, 0.07420897483825684, 0, 0, 8, 13, 20, 1, 0, 1, 0, 7, 5, 2, 0, 0, 0, 12, 0, 0.75, 0, 0, 0, 0, 0, 0, -23.294174194335938, 5.761566162109375], [0, 0, 0, 0.027418911457061768, 0, 0, 8, 3, 10, 0, 0, 0, 0, 1, 1, 3, 0, 0, 0, 2, 0, 0.6666666666666666, 0, 0, 0, 0, 0, 0, -33.77536392211914, 0.0], [0, 0, 0, 0.0017506778240203857, 0, 0, 8, 7, 14, 0, 1, 0, 0, 5, 1, 3, 0, 0, 0, 6, 0, 0.5, 0, 0, 0, 0, 0, 0, -36.458595275878906, 0.07271575927734375], [0, 0, 0, 0.011069297790527344, 0, 0, 8, 6, 13, 0, 0, 0, 0, 4, 1, 2, 0, 0, 0, 5, 0, 0.5, 0, 0, 0, 0, 0, 0, -23.264291763305664, 0.05103302001953125], [1, 0, 0, 0.15102136135101318, 0, 0, 8, 4, 11, 1, 0, 0, 0, 2, 1, 5, 0, 0, 0, 3, 1, 0.8333333333333334, 0, 0, 0, 0, 0, 0, -26.419923782348633, 0.42395973205566406], [0, 0, 0, 0.011140704154968262, 0, 0, 8, 4, 11, 0, 0, 0, 0, 2, 1, 3, 0, 0, 0, 3, 0, 0.5, 0, 0, 0, 0, 0, 0, -26.419923782348633, 0.42395973205566406], [0, 0, 0, 0.043039917945861816, 0, 0, 8, 3, 10, 0, 0, 0, 0, 1, 1, 1, 0, 0, 0, 2, 0, 0.1111111111111111, 0, 0, 0, 0, 0, 0, -33.77536392211914, 0.0], [0, 0, 0, 0.027742862701416016, 0, 0, 8, 6, 13, 0, 0, 0, 0, 4, 1, 3, 0, 0, 0, 5, 0, 0.5, 0, 0, 0, 0, 0, 0, -23.264291763305664, 0.05103302001953125], [0, 0, 0, 0.011502623558044434, 0, 0, 8, 10, 17, 0, 0, 0, 0, 8, 1, 4, 0, 0, 0, 9, 0, 0.5, 0, 0, 0, 0, 0, 0, -39.486053466796875, 0.010379791259765625], [0, 0, 0, 0.005630463361740112, 0, 0, 8, 13, 20, 0, 0, 0, 0, 11, 1, 1, 0, 0, 0, 12, 0, 0.019230769230769232, 0, 0, 0, 0, 0, 0, -20.282289505004883, 0.012493133544921875], [0, 0, 0, 0.004075914621353149, 0, 0, 8, 3, 10, 0, 0, 0, 0, 1, 1, 5, 0, 0, 0, 2, 0, 0.5, 0, 0, 0, 0, 0, 0, -33.77536392211914, 0.0], [0, 0, 0, 0.3957240581512451, 0, 0, 8, 3, 10, 0, 0, 0, 0, 1, 1, 5, 0, 0, 0, 2, 0, 0.5, 0, 0, 0, 0, 0, 0, -33.77536392211914, 0.0], [0, 0, 0, 0.031924545764923096, 0, 0, 8, 10, 17, 0, 0, 0, 0, 8, 1, 3, 0, 0, 0, 9, 0, 0.5, 0, 0, 0, 0, 0, 0, -20.798564910888672, 0.018463134765625], [0, 0, 0, 0.17058441042900085, 0, 0, 8, 6, 13, 0, 0, 0, 0, 4, 1, 4, 0, 0, 0, 5, 0, 0.5, 0, 0, 0, 0, 0, 0, -39.059791564941406, 0.08806610107421875], [0, 0, 0, 0.06271705031394958, 0, 0, 8, 12, 19, 0, 0, 0, 0, 10, 1, 3, 0, 0, 0, 11, 0, 0.6666666666666666, 0, 0, 0, 0, 0, 0, -20.212568283081055, 0.0140380859375], [0, 0, 0, 0.07130792737007141, 0, 0, 8, 3, 10, 0, 1, 0, 0, 1, 1, 4, 0, 0, 0, 2, 0, 0.6666666666666666, 0, 0, 0, 0, 0, 0, -33.77536392211914, 0.0], [1, 0, 1, 0.0005263090133666992, 0, 1, 8, 3, 10, 1, 0, 0, 0, 1, 1, 7, 0, 0, 0, 2, 0, 0.8333333333333334, 0, 0, 1, 0, 0, 0, -26.611854553222656, 16.760089874267578], [0, 0, 0, 0.02527475357055664, 0, 0, 8, 13, 20, 0, 0, 0, 0, 11, 1, 1, 0, 0, 0, 12, 0, 0.2, 0, 0, 0, 0, 0, 0, -20.077695846557617, 0.012502670288085938], [0, 0, 0, 0.013862907886505127, 0, 0, 8, 13, 20, 0, 0, 0, 0, 9, 3, 1, 0, 0, 0, 12, 0, 0.09090909090909091, 0, 0, 0, 0, 0, 0, -22.00935173034668, 3.8692188262939453], [0, 0, 0, 0.07680463790893555, 0, 0, 8, 3, 10, 0, 0, 0, 0, 1, 1, 4, 0, 0, 0, 2, 0, 0.5, 0, 0, 0, 0, 0, 0, -33.77536392211914, 0.0], [0, 0, 0, 0.0075179338455200195, 0, 0, 8, 13, 20, 0, 0, 0, 0, 11, 1, 1, 0, 0, 0, 12, 0, 0.5, 0, 0, 0, 0, 0, 0, -20.529348373413086, 0.012468338012695312], [0, 0, 0, 0.017920494079589844, 0, 0, 8, 13, 20, 0, 0, 0, 0, 11, 1, 2, 0, 0, 0, 12, 0, 0.75, 0, 0, 0, 0, 0, 0, -26.906036376953125, 0.0139617919921875], [0, 0, 0, 0.034446895122528076, 0, 0, 8, 7, 14, 0, 0, 0, 0, 5, 1, 1, 0, 0, 0, 6, 0, 0.6666666666666666, 0, 0, 0, 0, 0, 0, -36.458595275878906, 0.07271575927734375], [0, 0, 0, 0.3774617314338684, 0, 0, 8, 3, 10, 0, 0, 0, 0, 1, 1, 4, 0, 0, 0, 2, 0, 0.8333333333333334, 0, 0, 0, 0, 0, 0, -33.77536392211914, 0.0], [0, 0, 0, 0.003602266311645508, 0, 0, 8, 3, 10, 0, 0, 0, 0, 1, 1, 7, 0, 0, 0, 2, 0, 0.6666666666666666, 0, 0, 0, 0, 0, 0, -33.77536392211914, 0.0], [0, 0, 0, 0.0199701189994812, 0, 0, 8, 5, 12, 0, 0, 0, 0, 3, 1, 5, 0, 0, 0, 4, 0, 0.5, 0, 0, 0, 0, 0, 0, -24.53251838684082, 0.09001350402832031], [0, 0, 0, 0.004580289125442505, 0, 0, 8, 3, 10, 0, 0, 0, 0, 1, 1, 4, 0, 0, 0, 2, 0, 0.5, 0, 0, 0, 0, 0, 0, -33.77536392211914, 0.0], [0, 0, 0, 0.025926291942596436, 0, 0, 8, 13, 20, 0, 0, 0, 0, 11, 1, 1, 0, 0, 0, 12, 0, 0.13043478260869565, 0, 0, 0, 0, 0, 0, -20.597585678100586, 0.012462615966796875], [0, 0, 0, 0.02014559507369995, 0, 0, 8, 13, 20, 0, 0, 0, 0, 11, 1, 4, 0, 0, 0, 12, 0, 0.5, 0, 0, 0, 0, 0, 0, -20.320207595825195, 0.012481689453125], [0, 0, 0, 0.014063626527786255, 0, 0, 8, 13, 20, 0, 0, 0, 0, 11, 1, 1, 0, 0, 0, 12, 0, 0.13043478260869565, 0, 0, 0, 0, 0, 0, -20.597585678100586, 0.012462615966796875], [0, 0, 0, 0.05864441394805908, 0, 0, 8, 13, 20, 0, 0, 0, 0, 11, 1, 2, 0, 0, 0, 12, 0, 0.3333333333333333, 0, 0, 0, 0, 0, 0, -20.04656410217285, 0.012506484985351562], [0, 0, 0, 0.03540632128715515, 0, 0, 8, 4, 11, 0, 0, 0, 0, 2, 1, 2, 0, 0, 0, 3, 0, 0.75, 0, 0, 0, 0, 0, 0, -26.419923782348633, 0.42395973205566406], [0, 0, 0, 0.04584565758705139, 0, 0, 8, 3, 10, 0, 0, 0, 0, 1, 1, 4, 0, 0, 0, 2, 0, 0.5, 0, 0, 0, 0, 0, 0, -33.77536392211914, 0.0], [0, 0, 0, 0.0642935037612915, 0, 0, 8, 3, 10, 0, 0, 0, 0, 1, 1, 2, 0, 0, 0, 2, 0, 0.5, 0, 0, 0, 0, 0, 0, -33.77536392211914, 0.0], [0, 0, 0, 0.023625671863555908, 0, 0, 8, 8, 15, 0, 0, 1, 0, 5, 2, 4, 0, 0, 0, 7, 0, 0.6666666666666666, 0, 0, 0, 0, 0, 0, -22.884765625, 5.590766906738281], [0, 0, 0, 0.02072426676750183, 0, 0, 8, 6, 13, 0, 0, 0, 0, 4, 1, 4, 0, 0, 0, 5, 0, 0.5, 0, 0, 0, 0, 0, 0, -38.9154052734375, 0.004566192626953125], [0, 0, 0, 0.021141916513442993, 0, 0, 8, 13, 20, 0, 0, 0, 0, 11, 1, 1, 0, 0, 0, 12, 0, 0.13043478260869565, 0, 0, 0, 0, 0, 0, -20.597585678100586, 0.012462615966796875], [0, 0, 0, 0.08167684078216553, 0, 0, 8, 3, 10, 0, 0, 0, 0, 1, 1, 4, 0, 0, 0, 2, 0, 0.5, 0, 0, 0, 0, 0, 0, -33.77536392211914, 0.0], [0, 0, 0, 0.020164072513580322, 0, 0, 8, 13, 20, 0, 0, 0, 0, 10, 2, 4, 0, 0, 0, 12, 0, 0.5, 0, 0, 0, 0, 0, 0, -21.555795669555664, 3.041250228881836], [0, 0, 0, 0.0, 0, 0, 4, 13, 16, 0, 0, 0, 0, 10, 2, 3, 0, 0, 0, 12, 0, 0.5, 0, 0, 0, 0, 0, 0, -27.26578712463379, 2.685710906982422], [0, 0, 0, 0.003428339958190918, 0, 0, 8, 3, 10, 0, 0, 0, 0, 1, 1, 6, 0, 0, 0, 2, 0, 0.5, 0, 0, 0, 0, 0, 0, -33.77536392211914, 0.0], [0, 0, 0, 0.03563499450683594, 0, 0, 8, 3, 10, 0, 0, 0, 0, 1, 1, 5, 0, 0, 0, 2, 0, 0.6666666666666666, 0, 0, 0, 0, 0, 0, -33.77536392211914, 0.0], [0, 0, 0, 0.002161264419555664, 0, 0, 8, 5, 12, 0, 0, 0, 0, 3, 1, 2, 0, 0, 0, 4, 0, 0.5, 0, 0, 0, 0, 0, 0, -24.53251838684082, 0.09001350402832031], [0, 0, 0, 0.05639290809631348, 0, 0, 8, 5, 12, 0, 0, 0, 0, 3, 1, 4, 0, 0, 0, 4, 0, 0.5, 0, 0, 0, 0, 0, 0, -24.53251838684082, 0.09001350402832031], [0, 0, 0, 0.22957837581634521, 0, 0, 8, 3, 10, 0, 0, 0, 0, 1, 1, 4, 0, 0, 0, 2, 0, 0.6666666666666666, 0, 0, 0, 0, 0, 0, -33.77536392211914, 0.0], [0, 0, 0, 0.04453739523887634, 0, 0, 8, 13, 20, 0, 0, 0, 0, 11, 1, 1, 0, 0, 0, 12, 0, 0.25, 0, 0, 0, 0, 0, 0, -20.261093139648438, 0.01248931884765625], [0, 0, 0, 0.019233286380767822, 0, 0, 8, 13, 20, 0, 0, 0, 0, 11, 1, 1, 0, 0, 0, 12, 0, 0.13043478260869565, 0, 0, 0, 0, 0, 0, -20.597585678100586, 0.012462615966796875], [0, 0, 0, 0.028255730867385864, 0, 0, 8, 3, 10, 0, 0, 0, 0, 1, 1, 4, 0, 0, 0, 2, 0, 0.5, 0, 0, 0, 0, 0, 0, -33.77536392211914, 0.0], [1, 0, 0, 0.08059877157211304, 0, 0, 8, 3, 10, 1, 0, 0, 0, 1, 1, 4, 0, 0, 0, 2, 0, 0.5, 0, 0, 0, 0, 0, 0, -33.77536392211914, 0.0], [0, 0, 0, 0.023414283990859985, 0, 0, 8, 13, 20, 0, 0, 0, 0, 11, 1, 1, 0, 0, 0, 12, 0, 0.13043478260869565, 0, 0, 0, 0, 0, 0, -20.597585678100586, 0.012462615966796875], [0, 0, 0, 0.017413675785064697, 0, 0, 8, 5, 12, 0, 0, 0, 0, 2, 2, 4, 0, 0, 0, 4, 0, 0.5, 0, 0, 0, 0, 0, 0, -33.33240509033203, 0.8731727600097656], [0, 0, 0, 0.10454133152961731, 0, 0, 8, 5, 12, 0, 0, 0, 0, 3, 1, 5, 0, 0, 0, 4, 0, 0.6666666666666666, 0, 0, 0, 0, 0, 0, -24.53251838684082, 0.09001350402832031], [1, 0, 1, 0.01644200086593628, 1, 0, 8, 5, 12, 1, 0, 1, 1, 2, 2, 6, 0, 0, 0, 4, 1, 0.8333333333333334, 0, 0, 0, 0, 0, 0, -25.262561798095703, 15.477733612060547], [0, 0, 0, 0.003805994987487793, 0, 0, 8, 13, 20, 0, 0, 0, 0, 10, 2, 1, 0, 0, 0, 12, 0, 0.1111111111111111, 0, 0, 0, 0, 0, 0, -27.362590789794922, 2.6870670318603516], [0, 0, 0, 0.009799420833587646, 0, 0, 8, 4, 11, 0, 0, 0, 0, 2, 1, 4, 0, 0, 0, 3, 0, 0.5, 0, 0, 0, 0, 0, 0, -26.419923782348633, 0.42395973205566406], [1, 0, 0, 0.16644632816314697, 0, 0, 8, 3, 10, 1, 1, 0, 0, 1, 1, 6, 0, 0, 0, 2, 0, 0.6666666666666666, 0, 0, 0, 0, 0, 0, -33.77536392211914, 0.0], [0, 0, 0, 0.03647637367248535, 0, 0, 8, 10, 17, 0, 0, 0, 0, 8, 1, 2, 0, 0, 0, 9, 0, 0.5, 0, 0, 0, 0, 0, 0, -20.798564910888672, 0.018463134765625], [0, 0, 0, 0.05337148904800415, 0, 0, 8, 13, 20, 0, 0, 0, 0, 7, 5, 2, 0, 0, 0, 12, 0, 0.6666666666666666, 0, 0, 0, 0, 0, 0, -27.140371322631836, 5.572259902954102], [1, 0, 1, 0.01817166805267334, 0, 1, 7, 3, 9, 1, 0, 0, 0, 1, 1, 5, 0, 0, 0, 2, 1, 0.6666666666666666, 0, 0, 1, 0, 0, 0, -26.611854553222656, 16.760089874267578], [0, 0, 0, 0.0014055967330932617, 0, 0, 8, 13, 20, 0, 0, 0, 0, 11, 1, 1, 0, 0, 0, 12, 0, 0.08333333333333333, 0, 0, 0, 0, 0, 0, -20.358524322509766, 0.012483596801757812], [0, 0, 0, 0.11403048038482666, 0, 0, 8, 13, 20, 0, 0, 0, 0, 10, 2, 3, 0, 0, 0, 12, 0, 0.5, 0, 0, 0, 0, 0, 0, -21.095216751098633, 3.0273513793945312], [0, 0, 0, 0.029132679104804993, 0, 0, 8, 3, 10, 0, 0, 0, 0, 1, 1, 4, 0, 0, 0, 2, 0, 0.6666666666666666, 0, 0, 0, 0, 0, 0, -33.77536392211914, 0.0], [0, 0, 0, 0.2895110249519348, 0, 0, 8, 3, 10, 0, 0, 0, 0, 1, 1, 4, 0, 0, 0, 2, 0, 0.75, 0, 0, 0, 0, 0, 0, -33.77536392211914, 0.0], [0, 0, 0, 0.020129799842834473, 0, 0, 8, 3, 10, 0, 0, 0, 0, 1, 1, 2, 0, 0, 0, 2, 0, 0.3333333333333333, 0, 0, 0, 0, 0, 0, -33.77536392211914, 0.0], [0, 0, 0, 0.010909080505371094, 0, 0, 8, 3, 10, 0, 0, 0, 0, 1, 1, 5, 0, 0, 0, 2, 0, 0.5, 0, 0, 0, 0, 0, 0, -33.77536392211914, 0.0], [0, 0, 0, 0.09575662016868591, 0, 0, 8, 6, 13, 0, 0, 0, 0, 4, 1, 4, 0, 0, 0, 5, 0, 0.6666666666666666, 0, 0, 0, 0, 0, 0, -20.379701614379883, 11.539756774902344], [1, 0, 0, 0.041535139083862305, 0, 0, 8, 6, 13, 1, 0, 0, 0, 4, 1, 1, 0, 0, 0, 5, 1, 0.5, 0, 0, 0, 0, 0, 0, -23.264291763305664, 0.05103302001953125], [0, 0, 0, 0.1897212266921997, 0, 0, 8, 8, 15, 0, 0, 0, 0, 5, 2, 4, 0, 0, 0, 7, 0, 0.6666666666666666, 0, 0, 0, 0, 0, 0, -37.45360565185547, 6.389842987060547], [0, 0, 0, 0.15321549773216248, 0, 0, 8, 3, 10, 0, 0, 0, 0, 1, 1, 4, 0, 0, 0, 2, 0, 0.5, 0, 0, 0, 0, 0, 0, -33.77536392211914, 0.0], [0, 0, 0, 0.04012632369995117, 0, 0, 8, 3, 10, 0, 0, 0, 0, 1, 1, 5, 0, 0, 0, 2, 0, 0.5, 0, 0, 0, 0, 0, 0, -33.77536392211914, 0.0], [0, 0, 0, 0.0281582772731781, 0, 0, 8, 13, 20, 0, 0, 0, 0, 11, 1, 1, 0, 0, 0, 12, 0, 0.019736842105263157, 0, 0, 0, 0, 0, 0, -20.184934616088867, 0.012495040893554688], [1, 0, 1, 0.09268787503242493, 0, 0, 8, 13, 20, 1, 0, 1, 1, 10, 2, 3, 0, 0, 0, 12, 0, 0.6666666666666666, 0, 0, 0, 0, 0, 0, -21.191303253173828, 3.0323448181152344], [0, 0, 0, 0.03864097595214844, 0, 0, 8, 13, 20, 0, 0, 0, 0, 8, 2, 2, 0, 0, 0, 12, 0, 0.5, 0, 0, 0, 0, 0, 0, -29.768177032470703, 0.043304443359375], [0, 0, 0, 0.14435401558876038, 0, 0, 8, 13, 20, 0, 0, 0, 0, 9, 3, 3, 0, 0, 0, 12, 0, 0.5, 0, 0, 0, 0, 0, 0, -22.19122886657715, 3.9135799407958984], [0, 0, 0, 0.037796854972839355, 0, 0, 8, 13, 20, 0, 0, 0, 0, 10, 2, 1, 0, 0, 0, 12, 0, 0.02857142857142857, 0, 0, 0, 0, 0, 0, -21.245336532592773, 3.0339298248291016], [1, 0, 0, 0.21038323640823364, 0, 0, 8, 4, 11, 1, 0, 1, 0, 2, 1, 4, 0, 0, 0, 3, 0, 0.8333333333333334, 0, 0, 0, 0, 0, 0, -26.335594177246094, 0.4242515563964844], [0, 0, 0, 0.007324546575546265, 0, 0, 8, 13, 20, 0, 0, 0, 0, 11, 1, 4, 0, 0, 0, 12, 0, 0.5, 0, 0, 0, 0, 0, 0, -19.991708755493164, 0.01251220703125], [1, 0, 0, 0.010285377502441406, 0, 0, 8, 10, 17, 1, 0, 1, 0, 2, 6, 4, 0, 0, 0, 9, 0, 0.8333333333333334, 0, 0, 0, 0, 0, 0, -47.13606262207031, 3.885021209716797], [0, 0, 0, 0.04084354639053345, 0, 0, 8, 13, 20, 0, 0, 0, 0, 10, 2, 1, 0, 0, 0, 12, 0, 0.2, 0, 0, 0, 0, 0, 0, -26.941043853759766, 2.808643341064453], [0, 0, 0, 0.0462472140789032, 0, 0, 8, 13, 20, 0, 0, 0, 0, 5, 7, 4, 0, 0, 0, 12, 0, 0.6666666666666666, 0, 0, 0, 0, 0, 0, -23.181896209716797, 7.320957183837891], [0, 0, 0, 0.03260734677314758, 0, 0, 8, 13, 20, 0, 0, 0, 0, 11, 1, 1, 0, 0, 0, 12, 0, 0.13043478260869565, 0, 0, 0, 0, 0, 0, -20.597585678100586, 0.012462615966796875], [0, 0, 0, 0.01129293441772461, 0, 0, 8, 13, 20, 0, 0, 0, 0, 8, 4, 1, 0, 0, 0, 12, 0, 0.1111111111111111, 0, 0, 0, 0, 0, 0, -27.565446853637695, 4.631021499633789], [0, 0, 0, 0.003602266311645508, 0, 0, 8, 3, 10, 0, 0, 0, 0, 1, 1, 7, 0, 0, 0, 2, 0, 0.6666666666666666, 0, 0, 0, 0, 0, 0, -33.77536392211914, 0.0], [0, 0, 0, 0.027175307273864746, 0, 0, 8, 4, 11, 0, 0, 0, 0, 2, 1, 4, 0, 0, 0, 3, 0, 0.5, 0, 0, 0, 0, 0, 0, -17.51513671875, 20.25865936279297], [0, 0, 0, 0.003602325916290283, 0, 0, 8, 3, 10, 0, 0, 0, 0, 1, 1, 7, 0, 0, 0, 2, 0, 0.6666666666666666, 0, 0, 0, 0, 0, 0, -33.77536392211914, 0.0], [0, 0, 0, 0.011842191219329834, 0, 0, 8, 3, 10, 0, 0, 0, 0, 1, 1, 4, 0, 0, 0, 2, 0, 0.5, 0, 0, 0, 0, 0, 0, -33.77536392211914, 0.0], [0, 0, 0, 0.009502530097961426, 0, 0, 8, 11, 18, 0, 0, 0, 0, 8, 2, 4, 0, 0, 0, 10, 0, 0.6666666666666666, 0, 0, 0, 0, 0, 0, -38.75189208984375, 3.637847900390625], [0, 0, 0, 0.03448909521102905, 0, 0, 8, 13, 20, 0, 0, 0, 0, 11, 1, 4, 0, 0, 0, 12, 0, 0.5, 0, 0, 0, 0, 0, 0, -20.011281967163086, 0.01251220703125], [1, 0, 1, 0.07507848739624023, 1, 0, 8, 7, 14, 1, 0, 1, 1, 2, 4, 7, 0, 0, 0, 6, 1, 0.8333333333333334, 0, 0, 0, 0, 0, 0, -38.8338737487793, 12.434066772460938], [0, 0, 0, 0.07356798648834229, 0, 0, 8, 4, 11, 0, 0, 0, 0, 2, 1, 1, 0, 0, 0, 3, 0, 0.5, 0, 0, 0, 0, 0, 0, -26.419923782348633, 0.42395973205566406], [0, 0, 0, 0.22690725326538086, 0, 0, 8, 6, 13, 0, 0, 0, 0, 3, 2, 5, 0, 0, 0, 5, 0, 0.6666666666666666, 0, 0, 0, 0, 0, 0, -39.099483489990234, 9.07705307006836], [0, 0, 0, 0.14415109157562256, 0, 0, 8, 3, 10, 0, 0, 0, 0, 1, 1, 4, 0, 0, 0, 2, 0, 0.5, 0, 0, 0, 0, 0, 0, -33.77536392211914, 0.0], [0, 0, 0, 0.024380341172218323, 0, 0, 8, 13, 20, 0, 0, 0, 0, 11, 1, 2, 0, 0, 0, 12, 0, 0.5, 0, 0, 0, 0, 0, 0, -20.268352508544922, 0.012483596801757812], [0, 0, 0, 0.021342217922210693, 0, 0, 8, 4, 11, 0, 0, 0, 0, 1, 2, 5, 0, 0, 0, 3, 0, 0.5, 0, 0, 0, 0, 0, 0, -36.34147644042969, 0.0], [0, 0, 0, 0.002743929624557495, 0, 0, 8, 13, 20, 0, 0, 0, 0, 11, 1, 1, 0, 0, 0, 12, 0, 0.1111111111111111, 0, 0, 0, 0, 0, 0, -20.282289505004883, 0.012493133544921875], [0, 0, 0, 0.02477741241455078, 0, 0, 8, 13, 20, 0, 0, 1, 0, 7, 3, 7, 0, 0, 0, 12, 0, 0.5, 0, 0, 0, 0, 0, 0, -30.82051658630371, 0.4479236602783203], [1, 0, 0, 0.20482662320137024, 1, 0, 8, 4, 11, 1, 0, 0, 0, 1, 2, 3, 0, 0, 0, 3, 1, 0.6666666666666666, 0, 0, 0, 0, 0, 0, -36.34147644042969, 0.0], [0, 0, 0, 0.015564918518066406, 0, 0, 8, 13, 20, 0, 0, 0, 0, 10, 2, 2, 0, 0, 0, 12, 0, 0.75, 0, 0, 0, 0, 0, 0, -21.256872177124023, 3.029245376586914], [0, 0, 0, 0.00340425968170166, 0, 0, 8, 13, 20, 0, 0, 0, 0, 11, 1, 3, 0, 0, 0, 12, 0, 0.5, 0, 0, 0, 0, 0, 0, -27.206439971923828, 0.01389312744140625], [0, 0, 0, 0.00403439998626709, 0, 0, 8, 3, 10, 0, 0, 0, 0, 1, 1, 1, 0, 0, 0, 2, 0, 0.07692307692307693, 0, 0, 0, 0, 0, 0, -33.77536392211914, 0.0], [0, 0, 0, 0.028862327337265015, 0, 0, 8, 13, 20, 0, 0, 0, 0, 9, 2, 1, 0, 0, 0, 12, 0, 0.6666666666666666, 0, 0, 0, 0, 0, 0, -25.45252799987793, 0.09918212890625], [0, 0, 0, 0.00986248254776001, 0, 0, 8, 4, 11, 0, 0, 0, 0, 1, 2, 6, 0, 0, 0, 3, 0, 0.8333333333333334, 0, 0, 0, 0, 0, 0, -36.34147644042969, 0.0], [0, 0, 0, 0.05031055212020874, 0, 0, 8, 3, 10, 0, 0, 0, 0, 1, 1, 5, 0, 0, 0, 2, 0, 0.6666666666666666, 0, 0, 0, 0, 0, 0, -33.77536392211914, 0.0], [0, 0, 0, 0.18076279759407043, 0, 0, 8, 3, 10, 0, 0, 0, 0, 1, 1, 4, 0, 0, 0, 2, 0, 0.6, 0, 0, 0, 0, 0, 0, -33.77536392211914, 0.0], [0, 0, 0, 0.028647899627685547, 0, 0, 8, 13, 20, 0, 0, 0, 0, 11, 1, 1, 0, 0, 0, 12, 0, 0.13043478260869565, 0, 0, 0, 0, 0, 0, -20.597585678100586, 0.012462615966796875], [1, 0, 0, 0.22998106479644775, 0, 0, 8, 3, 10, 1, 0, 0, 0, 1, 1, 4, 0, 0, 0, 2, 0, 0.5, 0, 0, 0, 0, 0, 0, -33.77536392211914, 0.0], [0, 0, 0, 0.023930370807647705, 0, 0, 8, 9, 16, 0, 0, 0, 0, 7, 1, 1, 0, 0, 0, 8, 0, 0.1111111111111111, 0, 0, 0, 0, 0, 0, -21.19792366027832, 0.021240234375], [0, 0, 0, 0.00107574462890625, 0, 0, 8, 5, 12, 0, 0, 0, 0, 2, 2, 4, 0, 0, 0, 4, 0, 0.5, 0, 0, 0, 0, 0, 0, -25.347959518432617, 15.488248825073242], [0, 0, 0, 0.04933953285217285, 0, 0, 8, 5, 12, 0, 0, 0, 0, 3, 1, 1, 0, 0, 0, 4, 0, 0.5, 0, 0, 0, 0, 0, 0, -24.53251838684082, 0.09001350402832031], [0, 0, 0, 0.277216374874115, 0, 0, 8, 3, 10, 0, 0, 0, 0, 1, 1, 3, 0, 0, 0, 2, 0, 0.5, 0, 0, 0, 0, 0, 0, -33.77536392211914, 0.0], [0, 0, 0, 0.033549726009368896, 0, 0, 8, 3, 10, 0, 0, 0, 0, 1, 1, 7, 0, 0, 0, 2, 0, 0.8333333333333334, 0, 0, 0, 0, 0, 0, -33.77536392211914, 0.0], [0, 0, 0, 0.054127633571624756, 0, 0, 8, 4, 11, 0, 0, 0, 0, 2, 1, 2, 0, 0, 0, 3, 0, 0.5, 0, 0, 0, 0, 0, 0, -26.419923782348633, 0.42395973205566406], [0, 0, 0, 0.07518565654754639, 0, 0, 8, 4, 11, 0, 0, 0, 0, 2, 1, 4, 0, 0, 0, 3, 0, 0.5, 0, 0, 0, 0, 0, 0, -26.419923782348633, 0.42395973205566406], [0, 0, 0, 0.04242098331451416, 0, 0, 8, 3, 10, 0, 0, 0, 0, 1, 1, 3, 0, 0, 0, 2, 0, 0.75, 0, 0, 0, 0, 0, 0, -33.77536392211914, 0.0], [0, 0, 0, 0.09279060363769531, 0, 0, 8, 8, 15, 0, 0, 0, 0, 6, 1, 3, 0, 0, 0, 7, 0, 0.6666666666666666, 0, 0, 0, 0, 0, 0, -21.705236434936523, 0.026187896728515625], [0, 0, 0, 0.16186785697937012, 0, 0, 8, 13, 20, 0, 0, 0, 0, 11, 1, 4, 0, 0, 0, 12, 0, 0.5, 0, 0, 0, 0, 0, 0, -20.30815887451172, 0.012485504150390625], [0, 0, 0, 0.21703451871871948, 0, 0, 8, 3, 10, 0, 0, 0, 0, 1, 1, 6, 0, 0, 0, 2, 0, 0.6666666666666666, 0, 0, 0, 0, 0, 0, -33.77536392211914, 0.0], [0, 0, 0, 0.05930459499359131, 0, 0, 8, 13, 20, 0, 0, 0, 0, 8, 4, 2, 0, 0, 0, 12, 0, 0.6666666666666666, 0, 0, 0, 0, 0, 0, -29.774972915649414, 3.965360641479492], [1, 0, 1, 0.2240736484527588, 1, 0, 8, 7, 14, 1, 1, 1, 1, 2, 3, 5, 0, 0, 0, 6, 1, 0.75, 0, 0, 0, 0, 0, 0, -50.01939010620117, 1.0033950805664062], [0, 0, 0, 0.05048838257789612, 0, 0, 8, 13, 20, 0, 0, 0, 0, 11, 1, 2, 0, 0, 0, 12, 0, 0.2857142857142857, 0, 0, 0, 0, 0, 0, -20.17494773864746, 0.012495040893554688], [0, 0, 0, 0.012906968593597412, 0, 0, 8, 13, 20, 0, 0, 0, 0, 11, 1, 1, 0, 0, 0, 12, 0, 0.25, 0, 0, 0, 0, 0, 0, -20.261093139648438, 0.01248931884765625], [1, 0, 1, 0.02300482988357544, 0, 0, 8, 5, 12, 1, 0, 1, 1, 3, 1, 4, 0, 0, 0, 4, 0, 0.6666666666666666, 0, 0, 0, 0, 0, 0, -24.469154357910156, 0.09011459350585938], [0, 0, 0, 0.027211666107177734, 0, 0, 8, 13, 20, 0, 0, 0, 0, 11, 1, 1, 0, 0, 0, 12, 0, 0.5, 0, 0, 0, 0, 0, 0, -27.018720626831055, 0.013929367065429688], [0, 0, 0, 0.026119530200958252, 0, 0, 8, 11, 18, 0, 0, 0, 0, 9, 1, 3, 0, 0, 0, 10, 0, 0.6666666666666666, 0, 0, 0, 0, 0, 0, -20.476938247680664, 0.015985488891601562], [0, 0, 0, 0.05010896921157837, 0, 0, 8, 13, 20, 0, 0, 0, 0, 11, 1, 2, 0, 0, 0, 12, 0, 0.5, 0, 0, 0, 0, 0, 0, -19.991708755493164, 0.01251220703125], [0, 0, 0, 0.0, 0, 0, 8, 12, 19, 0, 0, 0, 0, 9, 2, 2, 0, 0, 0, 11, 0, 0.5, 0, 0, 0, 0, 0, 0, -35.9835090637207, 3.0787887573242188], [0, 0, 0, 0.0587422251701355, 0, 0, 8, 4, 11, 0, 0, 0, 0, 2, 1, 3, 0, 0, 0, 3, 0, 0.5, 0, 0, 0, 0, 0, 0, -26.419923782348633, 0.42395973205566406], [0, 0, 0, 0.038533568382263184, 0, 0, 8, 13, 20, 0, 0, 0, 0, 11, 1, 2, 0, 0, 0, 12, 0, 0.5, 0, 0, 0, 0, 0, 0, -20.062583923339844, 0.012506484985351562], [0, 0, 0, 0.0293576717376709, 0, 0, 8, 4, 11, 0, 1, 0, 0, 2, 1, 7, 0, 0, 0, 3, 0, 0.6666666666666666, 0, 0, 0, 0, 0, 0, -26.419923782348633, 0.42395973205566406], [0, 0, 0, 0.03863692283630371, 0, 0, 8, 5, 12, 0, 0, 0, 0, 3, 1, 4, 0, 0, 0, 4, 0, 0.5, 0, 0, 0, 0, 0, 0, -24.53251838684082, 0.09001350402832031], [1, 0, 0, 0.010670304298400879, 0, 0, 8, 3, 10, 1, 1, 0, 0, 1, 1, 6, 0, 0, 0, 2, 0, 0.6666666666666666, 0, 0, 0, 0, 0, 0, -33.77536392211914, 0.0], [0, 0, 0, 0.09721499681472778, 0, 0, 8, 5, 12, 0, 0, 0, 0, 3, 1, 2, 0, 0, 0, 4, 0, 0.5, 0, 0, 0, 0, 0, 0, -24.53251838684082, 0.09001350402832031], [1, 0, 0, 0.0, 0, 0, 8, 4, 11, 1, 0, 0, 0, 2, 1, 6, 0, 0, 0, 3, 0, 0.8333333333333334, 0, 0, 0, 0, 0, 0, -26.419923782348633, 0.42395973205566406], [0, 0, 0, 0.024776339530944824, 0, 0, 8, 5, 12, 0, 0, 0, 0, 3, 1, 3, 0, 0, 0, 4, 0, 0.6666666666666666, 0, 0, 0, 0, 0, 0, -24.53251838684082, 0.09001350402832031], [0, 0, 0, 0.00505182147026062, 0, 0, 8, 13, 20, 0, 0, 0, 0, 11, 1, 4, 0, 0, 0, 12, 0, 0.5, 0, 0, 0, 0, 0, 0, -20.184934616088867, 0.012495040893554688], [0, 0, 0, 0.02718132734298706, 0, 0, 8, 8, 15, 0, 0, 0, 0, 6, 1, 3, 0, 0, 0, 7, 0, 0.5, 0, 0, 0, 0, 0, 0, -35.09142303466797, 0.093048095703125], [1, 0, 0, 0.42187952995300293, 0, 0, 8, 13, 20, 1, 0, 1, 0, 6, 4, 2, 0, 0, 0, 12, 0, 0.6666666666666666, 0, 0, 0, 0, 0, 0, -33.685630798339844, 0.9418258666992188], [0, 0, 0, 0.0066973865032196045, 0, 0, 8, 3, 10, 0, 0, 0, 0, 1, 1, 2, 0, 0, 0, 2, 0, 0.6666666666666666, 0, 0, 0, 0, 0, 0, -33.77536392211914, 0.0], [0, 0, 0, 0.06689408421516418, 0, 0, 8, 3, 10, 0, 0, 0, 0, 1, 1, 3, 0, 0, 0, 2, 0, 0.5, 0, 0, 0, 0, 0, 0, -33.77536392211914, 0.0], [0, 0, 0, 0.027644306421279907, 0, 0, 8, 13, 20, 0, 0, 0, 0, 11, 1, 1, 0, 0, 0, 12, 0, 0.13043478260869565, 0, 0, 0, 0, 0, 0, -20.597585678100586, 0.012462615966796875], [0, 0, 0, 0.028562456369400024, 0, 0, 8, 4, 11, 0, 0, 0, 0, 2, 1, 5, 0, 0, 0, 3, 0, 0.5, 0, 0, 0, 0, 0, 0, -26.419923782348633, 0.42395973205566406], [0, 0, 0, 0.01227569580078125, 0, 0, 8, 4, 11, 0, 0, 0, 0, 2, 1, 4, 0, 0, 0, 3, 0, 0.6, 0, 0, 0, 0, 0, 0, -26.419923782348633, 0.42395973205566406], [0, 0, 0, 0.13492341339588165, 0, 0, 8, 4, 11, 0, 0, 0, 0, 2, 1, 3, 0, 0, 0, 3, 0, 0.5, 0, 0, 0, 0, 0, 0, -26.419923782348633, 0.42395973205566406], [0, 0, 0, 0.2369946837425232, 0, 0, 8, 5, 12, 0, 0, 0, 0, 3, 1, 6, 0, 0, 0, 4, 0, 0.6666666666666666, 0, 0, 0, 0, 0, 0, -24.534687042236328, 0.0644378662109375], [0, 0, 0, 0.014609694480895996, 0, 0, 8, 13, 20, 0, 0, 0, 0, 9, 2, 3, 0, 0, 0, 12, 0, 0.5, 0, 0, 0, 0, 0, 0, -25.35917854309082, 0.12025070190429688], [0, 0, 0, 0.06618058681488037, 0, 0, 8, 3, 10, 0, 0, 0, 0, 1, 1, 4, 0, 0, 0, 2, 0, 0.5, 0, 0, 0, 0, 0, 0, -33.77536392211914, 0.0], [0, 0, 0, 0.20028471946716309, 0, 0, 8, 3, 10, 0, 0, 0, 0, 1, 1, 4, 0, 0, 0, 2, 0, 0.5, 0, 0, 0, 0, 0, 0, -33.77536392211914, 0.0], [0, 0, 0, 0.026840388774871826, 0, 0, 8, 13, 20, 0, 0, 0, 0, 11, 1, 2, 0, 0, 0, 12, 0, 0.3333333333333333, 0, 0, 0, 0, 0, 0, -20.295543670654297, 0.012481689453125], [0, 0, 0, 0.04326382279396057, 0, 0, 8, 13, 20, 0, 0, 0, 0, 11, 1, 3, 0, 0, 0, 12, 0, 0.5, 0, 0, 0, 0, 0, 0, -19.991708755493164, 0.01251220703125], [0, 0, 0, 0.031299591064453125, 0, 0, 8, 13, 20, 0, 0, 0, 0, 11, 1, 4, 0, 0, 0, 12, 0, 0.5, 0, 0, 0, 0, 0, 0, -20.320207595825195, 0.012481689453125], [0, 0, 0, 0.06253379583358765, 0, 0, 8, 6, 13, 0, 0, 0, 0, 4, 1, 1, 0, 0, 0, 5, 0, 0.1111111111111111, 0, 0, 0, 0, 0, 0, -39.059791564941406, 0.08806610107421875], [0, 0, 0, 0.008722782135009766, 0, 0, 8, 13, 20, 0, 0, 0, 0, 11, 1, 2, 0, 0, 0, 12, 0, 0.3333333333333333, 0, 0, 0, 0, 0, 0, -20.295543670654297, 0.012481689453125], [0, 0, 0, 0.025009632110595703, 0, 0, 8, 5, 12, 0, 1, 0, 0, 3, 1, 4, 0, 0, 0, 4, 0, 0.5, 0, 0, 0, 0, 0, 0, -24.67441749572754, 0.04933738708496094], [0, 0, 0, 0.011698603630065918, 0, 0, 8, 13, 20, 0, 0, 0, 0, 11, 1, 2, 0, 0, 0, 12, 0, 0.75, 0, 0, 0, 0, 0, 0, -27.618865966796875, 0.013988494873046875], [0, 0, 0, 0.03576791286468506, 0, 0, 8, 13, 20, 0, 0, 0, 0, 11, 1, 2, 0, 0, 0, 12, 0, 0.5, 0, 0, 0, 0, 0, 0, -19.991708755493164, 0.01251220703125], [0, 0, 0, 0.05210167169570923, 0, 0, 8, 13, 20, 0, 0, 0, 0, 11, 1, 2, 0, 0, 0, 12, 0, 0.2857142857142857, 0, 0, 0, 0, 0, 0, -20.17494773864746, 0.012495040893554688], [0, 0, 0, 0.02765655517578125, 0, 0, 8, 4, 11, 0, 0, 0, 0, 2, 1, 7, 0, 0, 0, 3, 0, 0.6666666666666666, 0, 0, 0, 0, 0, 0, -26.419923782348633, 0.42395973205566406], [1, 0, 1, 0.1438281536102295, 0, 1, 8, 3, 10, 1, 0, 0, 0, 1, 1, 6, 0, 0, 0, 2, 0, 0.6666666666666666, 0, 0, 1, 0, 0, 0, -26.611854553222656, 16.760089874267578], [0, 0, 0, 0.033549726009368896, 0, 0, 8, 4, 11, 0, 0, 0, 0, 1, 2, 6, 0, 0, 0, 3, 0, 0.8333333333333334, 0, 0, 0, 0, 0, 0, -36.34147644042969, 0.0], [0, 0, 0, 0.0612221360206604, 0, 0, 8, 6, 13, 0, 1, 1, 0, 3, 2, 3, 0, 0, 0, 5, 0, 0.5, 0, 0, 0, 0, 0, 0, -39.06637191772461, 8.919322967529297], [0, 0, 0, 0.021141916513442993, 0, 0, 8, 13, 20, 0, 0, 0, 0, 11, 1, 1, 0, 0, 0, 12, 0, 0.13043478260869565, 0, 0, 0, 0, 0, 0, -20.597585678100586, 0.012462615966796875], [1, 0, 0, 0.04083794355392456, 0, 0, 8, 13, 20, 1, 0, 0, 0, 10, 2, 5, 0, 0, 0, 12, 0, 0.8, 0, 0, 0, 0, 0, 0, -28.86465072631836, 2.6993789672851562], [0, 0, 0, 0.016779541969299316, 0, 0, 8, 4, 11, 0, 0, 0, 0, 2, 1, 5, 0, 0, 0, 3, 0, 0.6666666666666666, 0, 0, 0, 0, 0, 0, -26.419923782348633, 0.42395973205566406], [0, 0, 1, 0.014918386936187744, 0, 0, 8, 13, 20, 0, 0, 1, 1, 11, 1, 1, 0, 0, 0, 12, 0, 0.5, 0, 0, 0, 0, 0, 0, -20.529348373413086, 0.012468338012695312], [0, 0, 0, 0.039343446493148804, 0, 0, 8, 10, 17, 0, 0, 0, 0, 8, 1, 3, 0, 0, 0, 9, 0, 0.5, 0, 0, 0, 0, 0, 0, -27.17509651184082, 0.020305633544921875], [0, 0, 0, 0.0038703083992004395, 0, 0, 8, 5, 12, 0, 0, 0, 0, 3, 1, 4, 0, 0, 0, 4, 0, 0.5, 0, 0, 0, 0, 0, 0, -24.53251838684082, 0.09001350402832031], [0, 0, 0, 0.020074814558029175, 0, 0, 8, 3, 10, 0, 0, 0, 0, 1, 1, 4, 0, 0, 0, 2, 0, 0.6666666666666666, 0, 0, 0, 0, 0, 0, -33.77536392211914, 0.0], [0, 0, 0, 0.04646998643875122, 0, 0, 8, 7, 14, 0, 0, 1, 0, 4, 2, 5, 0, 0, 0, 6, 0, 0.6666666666666666, 0, 0, 0, 0, 0, 0, -37.524452209472656, 6.041778564453125], [1, 0, 0, 0.033549726009368896, 0, 0, 8, 3, 10, 1, 0, 0, 0, 1, 1, 7, 0, 0, 0, 2, 0, 0.8333333333333334, 0, 0, 0, 0, 0, 0, -33.77536392211914, 0.0], [0, 0, 0, 0.127696692943573, 0, 0, 8, 3, 10, 0, 0, 0, 0, 1, 1, 3, 0, 0, 0, 2, 0, 0.6666666666666666, 0, 0, 0, 0, 0, 0, -33.77536392211914, 0.0], [0, 0, 0, 0.04173731803894043, 0, 0, 8, 10, 17, 0, 0, 0, 0, 8, 1, 1, 0, 0, 0, 9, 0, 0.1, 0, 0, 0, 0, 0, 0, -20.798564910888672, 0.018463134765625], [1, 0, 0, 0.05800062417984009, 0, 0, 8, 9, 16, 1, 0, 0, 0, 6, 2, 4, 0, 0, 0, 8, 0, 0.5, 0, 0, 0, 0, 0, 0, -22.568401336669922, 4.7952728271484375], [0, 0, 0, 0.011217951774597168, 0, 0, 8, 13, 20, 0, 0, 0, 0, 11, 1, 3, 0, 0, 0, 12, 0, 0.6666666666666666, 0, 0, 0, 0, 0, 0, -20.011281967163086, 0.01251220703125], [0, 0, 0, 0.0875139832496643, 0, 0, 8, 13, 20, 0, 0, 0, 0, 10, 2, 2, 0, 0, 0, 12, 0, 0.75, 0, 0, 0, 0, 0, 0, -27.56722640991211, 2.68463134765625], [0, 0, 0, 0.026561766862869263, 0, 0, 8, 4, 11, 0, 0, 0, 0, 2, 1, 1, 0, 0, 0, 3, 0, 0.1, 0, 0, 0, 0, 0, 0, -26.419923782348633, 0.42395973205566406], [0, 0, 0, 0.04661601781845093, 0, 0, 8, 4, 11, 0, 0, 0, 0, 2, 1, 4, 0, 0, 0, 3, 0, 0.5, 0, 0, 0, 0, 0, 0, -26.419923782348633, 0.42395973205566406], [1, 0, 0, 0.0008891820907592773, 0, 0, 4, 3, 6, 1, 0, 0, 0, 1, 1, 3, 0, 0, 0, 2, 0, 0.6666666666666666, 0, 0, 0, 0, 0, 0, -33.77536392211914, 0.0], [1, 0, 1, 0.05177128314971924, 1, 0, 8, 7, 14, 1, 0, 1, 0, 3, 2, 3, 0, 0, 0, 6, 1, 0.5, 0, 0, 0, 0, 0, 0, -47.577144622802734, 0.10616302490234375], [0, 0, 0, 0.02126440405845642, 0, 0, 8, 13, 20, 0, 0, 0, 0, 11, 1, 1, 0, 0, 0, 12, 0, 0.13043478260869565, 0, 0, 0, 0, 0, 0, -20.597585678100586, 0.012462615966796875], [0, 0, 0, 0.022638052701950073, 0, 0, 8, 7, 14, 0, 0, 0, 0, 5, 1, 2, 0, 0, 0, 6, 0, 0.5, 0, 0, 0, 0, 0, 0, -36.458595275878906, 0.07271575927734375], [0, 0, 0, 0.02857118844985962, 0, 0, 8, 3, 10, 0, 0, 0, 0, 1, 1, 4, 0, 0, 0, 2, 0, 0.6666666666666666, 0, 0, 0, 0, 0, 0, -33.77536392211914, 0.0], [0, 0, 0, 0.018056720495224, 0, 0, 8, 13, 20, 0, 0, 0, 0, 11, 1, 1, 0, 0, 0, 12, 0, 0.13043478260869565, 0, 0, 0, 0, 0, 0, -20.597585678100586, 0.012462615966796875], [0, 0, 0, 0.006903529167175293, 0, 0, 8, 13, 20, 0, 0, 0, 0, 11, 1, 1, 0, 0, 0, 12, 0, 0.1111111111111111, 0, 0, 0, 0, 0, 0, -21.78305435180664, 8.054882049560547], [0, 0, 0, 0.05605870485305786, 0, 0, 8, 3, 10, 0, 0, 0, 0, 1, 1, 4, 0, 0, 0, 2, 0, 0.5, 0, 0, 0, 0, 0, 0, -33.77536392211914, 0.0], [1, 0, 0, 0.001560211181640625, 0, 0, 8, 9, 16, 1, 0, 0, 0, 7, 1, 2, 0, 0, 0, 8, 0, 0.5, 0, 0, 0, 0, 0, 0, -20.97502326965332, 9.215709686279297], [0, 0, 0, 0.1697903275489807, 0, 0, 8, 3, 10, 0, 0, 0, 0, 1, 1, 1, 0, 0, 0, 2, 0, 0.6666666666666666, 0, 0, 0, 0, 0, 0, -33.77536392211914, 0.0], [0, 0, 0, 0.02125123143196106, 0, 0, 8, 3, 10, 0, 0, 0, 0, 1, 1, 2, 0, 0, 0, 2, 0, 0.5, 0, 0, 0, 0, 0, 0, -33.77536392211914, 0.0], [0, 0, 0, 0.1374344825744629, 0, 0, 8, 4, 11, 0, 0, 0, 0, 2, 1, 5, 0, 0, 0, 3, 0, 0.6666666666666666, 0, 0, 0, 0, 0, 0, -26.419923782348633, 0.42395973205566406], [1, 0, 0, 0.008421123027801514, 0, 0, 6, 3, 8, 1, 0, 0, 0, 1, 1, 4, 0, 0, 0, 2, 0, 0.6666666666666666, 0, 0, 0, 0, 0, 0, -33.77536392211914, 0.0], [0, 0, 0, 0.01664656400680542, 0, 0, 8, 13, 20, 0, 0, 0, 0, 11, 1, 4, 0, 0, 0, 12, 0, 0.5, 0, 0, 0, 0, 0, 0, -19.991708755493164, 0.01251220703125], [0, 0, 0, 0.001381218433380127, 0, 0, 8, 6, 13, 0, 0, 0, 0, 4, 1, 3, 0, 0, 0, 5, 0, 0.5, 0, 0, 0, 0, 0, 0, -23.264291763305664, 0.05103302001953125], [0, 0, 1, 0.04656939208507538, 0, 0, 8, 13, 20, 0, 0, 1, 1, 6, 6, 4, 0, 0, 0, 12, 0, 0.6666666666666666, 0, 0, 0, 0, 0, 0, -23.091232299804688, 6.526376724243164], [0, 0, 0, 0.016838490962982178, 0, 0, 8, 13, 20, 0, 0, 0, 0, 11, 1, 4, 0, 0, 0, 12, 0, 0.5, 0, 0, 0, 0, 0, 0, -20.062583923339844, 0.012506484985351562], [0, 0, 0, 0.020671039819717407, 0, 0, 8, 5, 12, 0, 0, 0, 0, 3, 1, 4, 0, 0, 0, 4, 0, 0.5, 0, 0, 0, 0, 0, 0, -24.53251838684082, 0.09001350402832031], [0, 0, 0, 0.03776463866233826, 0, 0, 8, 5, 12, 0, 0, 0, 0, 3, 1, 3, 0, 0, 0, 4, 0, 0.5, 0, 0, 0, 0, 0, 0, -24.53251838684082, 0.09001350402832031], [0, 0, 0, 0.018520385026931763, 0, 0, 8, 13, 20, 0, 0, 0, 0, 10, 2, 3, 0, 0, 0, 12, 0, 0.5, 0, 0, 0, 0, 0, 0, -26.085371017456055, 2.0632781982421875], [0, 0, 0, 0.00837060809135437, 0, 0, 8, 12, 19, 0, 0, 0, 0, 9, 2, 1, 0, 0, 0, 11, 0, 0.5, 0, 0, 0, 0, 0, 0, -35.87818145751953, 3.0858840942382812], [0, 0, 0, 0.02124840021133423, 0, 0, 8, 3, 10, 0, 0, 0, 0, 1, 1, 1, 0, 0, 0, 2, 0, 0.0625, 0, 0, 0, 0, 0, 0, -33.77536392211914, 0.0], [0, 0, 0, 0.08351558446884155, 0, 0, 8, 13, 20, 0, 0, 0, 0, 10, 2, 2, 0, 0, 0, 12, 0, 0.75, 0, 0, 0, 0, 0, 0, -21.29120635986328, 3.0509471893310547], [0, 0, 0, 0.01267242431640625, 0, 0, 8, 4, 11, 0, 0, 0, 0, 2, 1, 1, 0, 0, 0, 3, 0, 0.5, 0, 0, 0, 0, 0, 0, -26.419923782348633, 0.42395973205566406], [0, 0, 0, 0.013279736042022705, 0, 0, 8, 4, 11, 0, 0, 1, 0, 2, 1, 5, 0, 0, 0, 3, 0, 0.5, 0, 0, 0, 0, 0, 0, -26.335594177246094, 0.4242515563964844], [0, 0, 0, 0.005132853984832764, 0, 0, 8, 3, 10, 0, 0, 0, 0, 1, 1, 4, 0, 0, 0, 2, 0, 0.6666666666666666, 0, 0, 0, 0, 0, 0, -33.77536392211914, 0.0], [0, 0, 0, 0.004480481147766113, 0, 0, 8, 13, 20, 0, 0, 0, 0, 11, 1, 1, 0, 0, 0, 12, 0, 0.019230769230769232, 0, 0, 0, 0, 0, 0, -20.282289505004883, 0.012493133544921875], [0, 0, 0, 8.20159912109375e-05, 0, 0, 8, 13, 20, 0, 0, 0, 0, 10, 2, 1, 0, 0, 0, 12, 0, 0.1111111111111111, 0, 0, 0, 0, 0, 0, -27.009668350219727, 2.820669174194336], [0, 0, 0, 0.02174246311187744, 0, 0, 8, 3, 10, 0, 0, 0, 0, 1, 1, 5, 0, 0, 0, 2, 0, 0.6666666666666666, 0, 0, 0, 0, 0, 0, -33.77536392211914, 0.0], [1, 0, 0, 0.03551161289215088, 0, 0, 8, 5, 12, 1, 0, 0, 0, 2, 2, 3, 0, 0, 0, 4, 0, 0.75, 0, 0, 0, 0, 0, 0, -24.221038818359375, 21.55392074584961], [0, 0, 0, 0.06150826811790466, 0, 0, 8, 3, 10, 0, 0, 0, 0, 1, 1, 4, 0, 0, 0, 2, 0, 0.5, 0, 0, 0, 0, 0, 0, -33.77536392211914, 0.0], [0, 0, 0, 0.09009316563606262, 0, 0, 8, 4, 11, 0, 0, 0, 0, 2, 1, 5, 0, 0, 0, 3, 0, 0.75, 0, 0, 0, 0, 0, 0, -17.51513671875, 20.25865936279297], [0, 0, 0, 0.049656569957733154, 0, 0, 8, 3, 10, 0, 0, 0, 0, 1, 1, 4, 0, 0, 0, 2, 0, 0.75, 0, 0, 0, 0, 0, 0, -33.77536392211914, 0.0], [0, 0, 0, 0.10748624801635742, 0, 0, 8, 4, 11, 0, 0, 0, 0, 2, 1, 3, 0, 0, 0, 3, 0, 0.5, 0, 0, 0, 0, 0, 0, -26.419923782348633, 0.42395973205566406], [0, 0, 0, 0.051465511322021484, 0, 0, 8, 3, 10, 0, 0, 0, 0, 1, 1, 2, 0, 0, 0, 2, 0, 0.3333333333333333, 0, 0, 0, 0, 0, 0, -33.77536392211914, 0.0], [1, 0, 1, 0.027796506881713867, 1, 0, 8, 13, 20, 1, 0, 1, 1, 9, 3, 2, 0, 0, 0, 12, 1, 0.6666666666666666, 0, 0, 0, 0, 0, 0, -27.492849349975586, 3.7088470458984375], [0, 0, 0, 0.03749197721481323, 0, 0, 8, 3, 10, 0, 0, 0, 0, 1, 1, 6, 0, 0, 0, 2, 0, 0.5, 0, 0, 0, 0, 0, 0, -33.77536392211914, 0.0], [1, 0, 0, 0.007074475288391113, 0, 0, 8, 4, 11, 1, 0, 0, 0, 2, 1, 6, 0, 0, 0, 3, 0, 0.5, 0, 0, 0, 0, 0, 0, -26.419923782348633, 0.42395973205566406], [1, 0, 1, 0.21047067642211914, 1, 0, 8, 5, 12, 1, 0, 1, 1, 2, 2, 4, 0, 0, 0, 4, 1, 0.6666666666666666, 0, 0, 0, 0, 0, 0, -25.583295822143555, 15.156999588012695], [0, 0, 0, 0.11031025648117065, 0, 0, 8, 13, 20, 0, 0, 0, 0, 11, 1, 3, 0, 0, 0, 12, 0, 0.5, 0, 0, 0, 0, 0, 0, -20.21282196044922, 0.01248931884765625], [0, 0, 0, 0.03385955095291138, 0, 0, 8, 4, 11, 0, 0, 0, 0, 2, 1, 2, 0, 0, 0, 3, 0, 0.6666666666666666, 0, 0, 0, 0, 0, 0, -26.419923782348633, 0.42395973205566406], [0, 0, 0, 0.07471340894699097, 0, 0, 8, 13, 20, 0, 0, 0, 0, 10, 2, 2, 0, 0, 0, 12, 0, 0.2857142857142857, 0, 0, 0, 0, 0, 0, -21.233598709106445, 3.0304603576660156], [1, 0, 1, 0.15570256114006042, 1, 0, 8, 5, 12, 1, 0, 1, 1, 3, 1, 3, 0, 0, 0, 4, 0, 0.5, 0, 0, 0, 0, 0, 0, -24.469154357910156, 0.09011459350585938], [0, 0, 0, 0.029460430145263672, 0, 0, 8, 13, 20, 0, 0, 0, 0, 11, 1, 1, 0, 0, 0, 12, 0, 0.25, 0, 0, 0, 0, 0, 0, -20.261093139648438, 0.01248931884765625], [0, 0, 0, 0.008901596069335938, 0, 0, 8, 13, 20, 0, 0, 0, 0, 10, 2, 2, 0, 0, 0, 12, 0, 0.75, 0, 0, 0, 0, 0, 0, -27.36525535583496, 2.683870315551758], [0, 0, 0, 0.00902557373046875, 0, 0, 8, 13, 20, 0, 0, 0, 0, 11, 1, 1, 0, 0, 0, 12, 0, 0.1111111111111111, 0, 0, 0, 0, 0, 0, -20.529348373413086, 0.012468338012695312], [0, 0, 0, 0.0, 0, 0, 8, 3, 10, 0, 0, 0, 0, 1, 1, 4, 0, 0, 0, 2, 0, 0.5, 0, 0, 0, 0, 0, 0, -33.77536392211914, 0.0], [0, 0, 0, 0.04513734579086304, 0, 0, 8, 11, 18, 0, 0, 0, 0, 8, 2, 5, 0, 0, 0, 10, 0, 0.6666666666666666, 0, 0, 0, 0, 0, 0, -38.75189208984375, 3.637847900390625], [0, 0, 0, 0.01592731475830078, 0, 0, 8, 3, 10, 0, 0, 0, 0, 1, 1, 1, 0, 0, 0, 2, 0, 0.16666666666666666, 0, 0, 0, 0, 0, 0, -33.77536392211914, 0.0], [0, 0, 0, 0.02049165964126587, 0, 0, 8, 5, 12, 0, 0, 0, 0, 3, 1, 4, 0, 0, 0, 4, 0, 0.6666666666666666, 0, 0, 0, 0, 0, 0, -24.53251838684082, 0.09001350402832031], [0, 0, 0, 0.016297250986099243, 0, 0, 8, 5, 12, 0, 0, 0, 0, 3, 1, 4, 0, 0, 0, 4, 0, 0.5, 0, 0, 0, 0, 0, 0, -24.53251838684082, 0.09001350402832031], [0, 0, 0, 0.05297240614891052, 0, 0, 8, 12, 19, 0, 0, 0, 0, 8, 3, 1, 0, 0, 0, 11, 0, 0.019736842105263157, 0, 0, 0, 0, 0, 0, -28.97242546081543, 3.673460006713867], [0, 0, 0, 0.32036203145980835, 0, 0, 8, 3, 10, 0, 0, 0, 0, 1, 1, 3, 0, 0, 0, 2, 0, 0.5, 0, 0, 0, 0, 0, 0, -33.77536392211914, 0.0], [1, 0, 1, 0.024135947227478027, 1, 0, 8, 13, 20, 1, 0, 1, 1, 6, 5, 5, 0, 0, 0, 12, 0, 0.6363636363636364, 0, 0, 0, 0, 0, 0, -28.49008560180664, 1.203725814819336], [0, 0, 0, 0.10452163219451904, 0, 0, 8, 13, 20, 0, 0, 0, 0, 11, 1, 2, 0, 0, 0, 12, 0, 0.25, 0, 0, 0, 0, 0, 0, -20.275413513183594, 0.012487411499023438], [0, 0, 0, 0.08514702320098877, 0, 0, 8, 13, 20, 0, 0, 0, 0, 9, 2, 2, 0, 0, 0, 12, 0, 0.75, 0, 0, 0, 0, 0, 0, -32.264408111572266, 0.5160980224609375], [1, 0, 1, 0.25236475467681885, 0, 1, 8, 3, 10, 1, 0, 0, 0, 1, 1, 5, 0, 0, 0, 2, 0, 0.5, 0, 0, 1, 0, 0, 0, -26.759841918945312, 9.581634521484375], [0, 0, 0, 0.028410881757736206, 0, 0, 8, 3, 10, 0, 0, 0, 0, 1, 1, 2, 0, 0, 0, 2, 0, 0.5, 0, 0, 0, 0, 0, 0, -33.77536392211914, 0.0], [1, 0, 0, 0.0982401967048645, 0, 0, 8, 11, 18, 1, 0, 1, 0, 7, 2, 5, 0, 0, 0, 10, 0, 0.6666666666666666, 0, 0, 0, 0, 0, 0, -26.67694854736328, 0.06308174133300781], [0, 0, 0, 0.02285262942314148, 0, 0, 8, 13, 20, 0, 0, 0, 0, 10, 2, 3, 0, 0, 0, 12, 0, 0.5, 0, 0, 0, 0, 0, 0, -21.37116813659668, 3.035449981689453], [1, 0, 1, 0.0673515796661377, 0, 0, 8, 4, 11, 1, 0, 1, 1, 2, 1, 1, 0, 0, 0, 3, 1, 0.2, 0, 0, 0, 0, 0, 0, -26.335594177246094, 0.4242515563964844], [0, 0, 0, 0.414495050907135, 0, 0, 8, 3, 10, 0, 0, 0, 0, 1, 1, 3, 0, 0, 0, 2, 0, 0.5, 0, 0, 0, 0, 0, 0, -33.77536392211914, 0.0], [0, 0, 0, 0.1269720196723938, 0, 0, 8, 5, 12, 0, 0, 0, 0, 3, 1, 4, 0, 0, 0, 4, 0, 0.75, 0, 0, 0, 0, 0, 0, -24.53251838684082, 0.09001350402832031], [0, 0, 0, 0.020963728427886963, 0, 0, 8, 13, 20, 0, 0, 0, 0, 11, 1, 1, 0, 0, 0, 12, 0, 0.13043478260869565, 0, 0, 0, 0, 0, 0, -20.597585678100586, 0.012462615966796875], [0, 0, 0, 0.02065742015838623, 0, 0, 8, 13, 20, 0, 0, 1, 0, 5, 6, 1, 0, 0, 0, 12, 0, 0.5, 0, 0, 0, 0, 0, 0, -30.916736602783203, 1.4636497497558594], [0, 0, 0, 0.18522024154663086, 0, 0, 8, 3, 10, 0, 0, 0, 0, 1, 1, 7, 0, 0, 0, 2, 0, 0.6666666666666666, 0, 0, 0, 0, 0, 0, -33.77536392211914, 0.0], [1, 0, 0, 0.42187952995300293, 0, 0, 8, 13, 20, 1, 0, 1, 0, 8, 3, 2, 0, 0, 0, 12, 0, 0.6666666666666666, 0, 0, 0, 0, 0, 0, -26.59283447265625, 0.4200248718261719], [1, 0, 0, 0.11881422996520996, 0, 0, 8, 3, 10, 1, 1, 0, 0, 1, 1, 4, 0, 0, 0, 2, 1, 0.8333333333333334, 0, 0, 0, 0, 0, 0, -33.77536392211914, 0.0], [0, 0, 0, 0.09788206219673157, 0, 0, 8, 13, 20, 0, 0, 0, 0, 11, 1, 1, 0, 0, 0, 12, 0, 0.019736842105263157, 0, 0, 0, 0, 0, 0, -20.130756378173828, 0.012495040893554688], [0, 0, 0, 0.004764258861541748, 0, 0, 8, 13, 20, 0, 0, 0, 0, 11, 1, 1, 0, 0, 0, 12, 0, 0.1111111111111111, 0, 0, 0, 0, 0, 0, -20.282289505004883, 0.012493133544921875], [0, 0, 0, 0.19153940677642822, 0, 0, 8, 3, 10, 0, 0, 0, 0, 1, 1, 3, 0, 0, 0, 2, 0, 0.5, 0, 0, 0, 0, 0, 0, -33.77536392211914, 0.0], [0, 0, 0, 0.15375488996505737, 0, 0, 8, 5, 12, 0, 0, 0, 0, 3, 1, 4, 0, 0, 0, 4, 0, 0.5, 0, 0, 0, 0, 0, 0, -24.53251838684082, 0.09001350402832031], [0, 0, 0, 0.02619752287864685, 0, 0, 8, 13, 20, 0, 0, 0, 0, 11, 1, 5, 0, 0, 0, 12, 0, 0.5, 0, 0, 0, 0, 0, 0, -20.118450164794922, 0.012502670288085938], [0, 0, 0, 0.00986248254776001, 0, 0, 8, 3, 10, 0, 0, 0, 0, 1, 1, 6, 0, 0, 0, 2, 0, 0.8333333333333334, 0, 0, 0, 0, 0, 0, -33.77536392211914, 0.0], [0, 0, 0, 0.001177757978439331, 0, 0, 8, 13, 20, 0, 0, 0, 0, 11, 1, 4, 0, 0, 0, 12, 0, 0.5, 0, 0, 0, 0, 0, 0, -20.062583923339844, 0.012506484985351562], [1, 0, 1, 0.06546109914779663, 0, 0, 8, 13, 20, 1, 0, 1, 0, 8, 2, 2, 0, 0, 0, 12, 0, 0.5, 0, 0, 0, 0, 0, 0, -29.621257781982422, 0.1647510528564453], [0, 0, 0, 0.004937112331390381, 0, 0, 8, 13, 20, 0, 0, 0, 0, 11, 1, 1, 0, 0, 0, 12, 0, 0.5, 0, 0, 0, 0, 0, 0, -20.358524322509766, 0.012483596801757812], [0, 0, 0, 0.01055958867073059, 0, 0, 8, 13, 20, 0, 0, 0, 0, 10, 2, 4, 0, 0, 0, 12, 0, 0.5, 0, 0, 0, 0, 0, 0, -21.168174743652344, 3.0291309356689453], [0, 0, 0, 0.040461063385009766, 0, 0, 8, 13, 20, 0, 0, 0, 0, 8, 3, 2, 0, 0, 0, 12, 0, 0.5, 0, 0, 0, 0, 0, 0, -26.787044525146484, 0.37302589416503906], [0, 0, 0, 0.05922725796699524, 0, 0, 8, 13, 20, 0, 0, 0, 0, 10, 2, 5, 0, 0, 0, 12, 0, 0.8, 0, 0, 0, 0, 0, 0, -28.86465072631836, 2.6993789672851562], [0, 0, 0, 0.014328598976135254, 0, 0, 8, 9, 16, 0, 0, 0, 0, 7, 1, 3, 0, 0, 0, 8, 0, 0.5, 0, 0, 0, 0, 0, 0, -21.19792366027832, 0.021240234375], [0, 0, 0, 0.04800158739089966, 0, 0, 8, 4, 11, 0, 0, 0, 0, 2, 1, 2, 0, 0, 0, 3, 0, 0.3333333333333333, 0, 0, 0, 0, 0, 0, -26.419923782348633, 0.42395973205566406], [0, 0, 0, 0.04117533564567566, 0, 0, 8, 3, 10, 0, 0, 0, 0, 1, 1, 4, 0, 0, 0, 2, 0, 0.6666666666666666, 0, 0, 0, 0, 0, 0, -33.77536392211914, 0.0], [0, 0, 0, 0.022786259651184082, 0, 0, 8, 3, 10, 0, 0, 0, 0, 1, 1, 4, 0, 0, 0, 2, 0, 0.5, 0, 0, 0, 0, 0, 0, -33.77536392211914, 0.0], [0, 0, 0, 0.06848074495792389, 0, 0, 8, 3, 10, 0, 0, 0, 0, 1, 1, 4, 0, 0, 0, 2, 0, 0.5, 0, 0, 0, 0, 0, 0, -33.77536392211914, 0.0], [0, 0, 0, 0.13002988696098328, 0, 0, 8, 8, 15, 0, 0, 0, 0, 4, 3, 3, 0, 0, 0, 7, 0, 0.5, 0, 0, 0, 0, 0, 0, -23.868824005126953, 7.264991760253906], [0, 0, 0, 0.21937328577041626, 0, 0, 8, 8, 15, 0, 0, 0, 0, 5, 2, 4, 0, 0, 0, 7, 0, 0.5, 0, 0, 0, 0, 0, 0, -37.39472961425781, 6.407772064208984], [1, 0, 0, 0.03226339817047119, 1, 0, 6, 5, 10, 1, 0, 1, 0, 3, 1, 3, 0, 0, 0, 4, 1, 0.5, 0, 0, 0, 0, 0, 0, -24.469154357910156, 0.09011459350585938], [0, 0, 0, 0.00036323070526123047, 0, 0, 8, 13, 20, 0, 0, 0, 0, 10, 2, 1, 0, 0, 0, 12, 0, 0.09090909090909091, 0, 0, 0, 0, 0, 0, -21.136198043823242, 3.0260257720947266], [0, 0, 0, 0.26392459869384766, 0, 0, 8, 3, 10, 0, 0, 0, 0, 1, 1, 3, 0, 0, 0, 2, 0, 0.5, 0, 0, 0, 0, 0, 0, -33.77536392211914, 0.0], [0, 0, 0, 0.17683470249176025, 0, 0, 8, 5, 12, 0, 0, 0, 0, 3, 1, 4, 0, 0, 0, 4, 0, 0.5, 0, 0, 0, 0, 0, 0, -24.53251838684082, 0.09001350402832031], [0, 0, 0, 0.018918782472610474, 0, 0, 8, 13, 20, 0, 0, 0, 0, 11, 1, 1, 0, 0, 0, 12, 0, 0.13043478260869565, 0, 0, 0, 0, 0, 0, -20.597585678100586, 0.012462615966796875], [0, 0, 0, 0.01460808515548706, 0, 0, 8, 10, 17, 0, 0, 0, 0, 8, 1, 1, 0, 0, 0, 9, 0, 0.6666666666666666, 0, 0, 0, 0, 0, 0, -39.486053466796875, 0.010379791259765625], [0, 0, 0, 0.008708328008651733, 0, 0, 8, 13, 20, 0, 0, 0, 0, 11, 1, 2, 0, 0, 0, 12, 0, 0.5, 0, 0, 0, 0, 0, 0, -26.876901626586914, 0.01395416259765625], [0, 0, 0, 0.011163175106048584, 0, 0, 8, 8, 15, 0, 0, 0, 0, 5, 2, 2, 0, 0, 0, 7, 0, 0.3333333333333333, 0, 0, 0, 0, 0, 0, -23.022729873657227, 5.538776397705078], [0, 0, 0, 0.009594738483428955, 0, 0, 8, 9, 16, 0, 0, 0, 0, 7, 1, 5, 0, 0, 0, 8, 0, 0.6666666666666666, 0, 0, 0, 0, 0, 0, -27.4100284576416, 0.0231475830078125], [0, 0, 0, 0.036854565143585205, 0, 0, 8, 10, 17, 0, 1, 0, 0, 8, 1, 4, 0, 0, 0, 9, 0, 0.5, 0, 0, 0, 0, 0, 0, -39.486053466796875, 0.010379791259765625], [0, 0, 0, 0.06114134192466736, 0, 0, 8, 9, 16, 0, 0, 0, 0, 6, 2, 3, 0, 0, 0, 8, 0, 0.5, 0, 0, 0, 0, 0, 0, -22.63275146484375, 4.769033432006836], [0, 0, 0, 0.08582377433776855, 0, 0, 8, 13, 20, 0, 0, 0, 0, 11, 1, 2, 0, 0, 0, 12, 0, 0.75, 0, 0, 0, 0, 0, 0, -20.314250946044922, 0.012481689453125], [0, 0, 0, 0.024544954299926758, 0, 0, 8, 13, 20, 0, 0, 0, 0, 10, 2, 2, 0, 0, 0, 12, 0, 0.75, 0, 0, 0, 0, 0, 0, -21.24118423461914, 3.030241012573242], [0, 0, 0, 0.04182702302932739, 0, 0, 8, 13, 20, 0, 0, 0, 0, 10, 2, 1, 0, 0, 0, 12, 0, 0.2, 0, 0, 0, 0, 0, 0, -21.19386100769043, 3.030231475830078], [0, 0, 0, 0.06412291526794434, 0, 0, 8, 7, 14, 0, 0, 0, 0, 5, 1, 5, 0, 0, 0, 6, 0, 0.6666666666666666, 0, 0, 0, 0, 0, 0, -22.36773109436035, 0.034664154052734375], [0, 0, 0, 0.02386370301246643, 0, 0, 8, 7, 14, 0, 0, 0, 0, 5, 1, 3, 0, 0, 0, 6, 0, 0.6666666666666666, 0, 0, 0, 0, 0, 0, -37.089759826660156, 0.01080322265625], [0, 0, 0, 0.3350205719470978, 0, 0, 8, 3, 10, 0, 0, 0, 0, 1, 1, 3, 0, 0, 0, 2, 0, 0.5, 0, 0, 0, 0, 0, 0, -33.77536392211914, 0.0], [0, 0, 0, 0.003602266311645508, 0, 0, 8, 3, 10, 0, 0, 0, 0, 1, 1, 7, 0, 0, 0, 2, 0, 0.6666666666666666, 0, 0, 0, 0, 0, 0, -33.77536392211914, 0.0], [0, 0, 0, 0.003564178943634033, 0, 0, 8, 13, 20, 0, 0, 0, 0, 11, 1, 1, 0, 0, 0, 12, 0, 0.1111111111111111, 0, 0, 0, 0, 0, 0, -20.529348373413086, 0.012468338012695312], [0, 0, 0, 0.008910596370697021, 0, 0, 8, 3, 10, 0, 0, 0, 0, 1, 1, 4, 0, 0, 0, 2, 0, 0.6666666666666666, 0, 0, 0, 0, 0, 0, -33.77536392211914, 0.0], [0, 0, 0, 0.04242098331451416, 0, 0, 8, 3, 10, 0, 0, 0, 0, 1, 1, 3, 0, 0, 0, 2, 0, 0.75, 0, 0, 0, 0, 0, 0, -33.77536392211914, 0.0], [1, 0, 1, 0.010371029376983643, 1, 0, 7, 9, 15, 1, 0, 1, 1, 3, 5, 6, 0, 0, 0, 8, 1, 0.8333333333333334, 0, 0, 0, 0, 0, 0, -23.63503074645996, 9.11500358581543], [0, 0, 0, 0.041329190135002136, 0, 0, 8, 3, 10, 0, 0, 0, 0, 1, 1, 5, 0, 0, 0, 2, 0, 0.6666666666666666, 0, 0, 0, 0, 0, 0, -33.77536392211914, 0.0], [0, 0, 0, 0.02153158187866211, 0, 0, 8, 13, 20, 0, 0, 0, 0, 11, 1, 1, 0, 0, 0, 12, 0, 0.1111111111111111, 0, 0, 0, 0, 0, 0, -20.282289505004883, 0.012493133544921875], [0, 0, 0, 0.020042598247528076, 0, 0, 8, 12, 19, 0, 0, 0, 0, 9, 2, 4, 0, 0, 0, 11, 0, 0.5, 0, 0, 0, 0, 0, 0, -21.37969970703125, 3.336404800415039], [0, 0, 0, 0.041959404945373535, 0, 0, 8, 3, 10, 0, 0, 0, 0, 1, 1, 4, 0, 0, 0, 2, 0, 0.5, 0, 0, 0, 0, 0, 0, -33.77536392211914, 0.0], [0, 0, 0, 0.02743697166442871, 0, 0, 8, 3, 10, 0, 0, 0, 0, 1, 1, 4, 0, 0, 0, 2, 0, 0.6666666666666666, 0, 0, 0, 0, 0, 0, -33.77536392211914, 0.0], [0, 0, 0, 0.010805457830429077, 0, 0, 8, 8, 15, 0, 0, 0, 0, 6, 1, 2, 0, 0, 0, 7, 0, 0.6666666666666666, 0, 0, 0, 0, 0, 0, -21.705236434936523, 0.026187896728515625], [0, 0, 1, 0.0037806034088134766, 0, 0, 8, 13, 20, 0, 0, 1, 1, 8, 4, 1, 0, 0, 0, 12, 0, 0.1111111111111111, 0, 0, 0, 0, 0, 0, -22.841106414794922, 4.799631118774414], [0, 0, 0, 0.009150028228759766, 0, 0, 8, 13, 20, 0, 0, 0, 0, 11, 1, 2, 0, 0, 0, 12, 0, 0.75, 0, 0, 0, 0, 0, 0, -26.875234603881836, 0.051849365234375], [0, 0, 0, 0.17610031366348267, 0, 0, 8, 3, 10, 0, 0, 0, 0, 1, 1, 5, 0, 0, 0, 2, 0, 0.75, 0, 0, 0, 0, 0, 0, -33.77536392211914, 0.0], [0, 0, 0, 0.008618175983428955, 0, 0, 8, 3, 10, 0, 0, 0, 0, 1, 1, 4, 0, 0, 0, 2, 0, 0.5, 0, 0, 0, 0, 0, 0, -33.77536392211914, 0.0], [0, 0, 0, 0.02286076545715332, 0, 0, 8, 13, 20, 0, 0, 0, 0, 11, 1, 1, 0, 0, 0, 12, 0, 0.13043478260869565, 0, 0, 0, 0, 0, 0, -21.92700958251953, 7.984987258911133], [0, 0, 0, 0.0210953950881958, 0, 0, 8, 8, 15, 0, 0, 1, 0, 5, 2, 4, 0, 0, 0, 7, 0, 0.6666666666666666, 0, 0, 0, 0, 0, 0, -29.09686851501465, 3.000234603881836], [0, 0, 0, 0.0023928284645080566, 0, 0, 8, 6, 13, 0, 0, 0, 0, 4, 1, 2, 0, 0, 0, 5, 0, 0.5, 0, 0, 0, 0, 0, 0, -39.059791564941406, 0.08806610107421875], [0, 0, 0, 0.08770108222961426, 0, 0, 8, 9, 16, 0, 0, 0, 0, 7, 1, 2, 0, 0, 0, 8, 0, 0.5, 0, 0, 0, 0, 0, 0, -27.49405288696289, 0.03828239440917969], [1, 0, 0, 0.08420860767364502, 0, 0, 2, 4, 5, 1, 0, 0, 0, 2, 1, 1, 0, 0, 0, 3, 0, 0.6666666666666666, 0, 0, 0, 0, 0, 0, -26.419923782348633, 0.42395973205566406], [0, 0, 0, 0.050059974193573, 0, 0, 8, 4, 11, 0, 0, 0, 0, 2, 1, 1, 0, 0, 0, 3, 0, 0.5, 0, 0, 0, 0, 0, 0, -26.419923782348633, 0.42395973205566406], [1, 0, 0, 0.0666196346282959, 0, 0, 8, 13, 20, 1, 0, 1, 0, 5, 5, 3, 0, 0, 0, 12, 0, 0.5, 0, 0, 0, 0, 0, 0, -32.75548553466797, 1.4296913146972656], [0, 0, 0, 0.07576233148574829, 0, 0, 8, 3, 10, 0, 0, 0, 0, 1, 1, 5, 0, 0, 0, 2, 0, 0.5, 0, 0, 0, 0, 0, 0, -33.77536392211914, 0.0], [1, 0, 1, 0.04663243889808655, 0, 0, 8, 13, 20, 1, 0, 1, 1, 10, 2, 3, 0, 0, 0, 12, 0, 0.5, 0, 0, 0, 0, 0, 0, -21.381954193115234, 3.042795181274414], [0, 0, 0, 0.06138986349105835, 0, 0, 8, 4, 11, 0, 0, 0, 0, 2, 1, 5, 0, 0, 0, 3, 0, 0.5, 0, 0, 0, 0, 0, 0, -26.419923782348633, 0.42395973205566406], [0, 0, 0, 0.015797138214111328, 0, 0, 8, 13, 20, 0, 0, 0, 0, 11, 1, 2, 0, 0, 0, 12, 0, 0.75, 0, 0, 0, 0, 0, 0, -20.118450164794922, 0.012502670288085938], [1, 0, 0, 0.12604361772537231, 0, 0, 8, 8, 15, 1, 0, 1, 0, 5, 2, 3, 0, 0, 0, 7, 0, 0.5, 0, 0, 0, 0, 0, 0, -23.177337646484375, 5.554145812988281], [0, 0, 0, 0.20643717050552368, 0, 0, 8, 3, 10, 0, 0, 0, 0, 1, 1, 5, 0, 0, 0, 2, 0, 0.6666666666666666, 0, 0, 0, 0, 0, 0, -33.77536392211914, 0.0], [0, 0, 0, 0.4270278811454773, 0, 0, 8, 13, 20, 0, 0, 0, 0, 8, 3, 2, 0, 0, 0, 12, 0, 0.6666666666666666, 0, 0, 0, 0, 0, 0, -26.607742309570312, 0.4772472381591797], [0, 0, 0, 0.059539735317230225, 0, 0, 8, 4, 11, 0, 0, 0, 0, 2, 1, 4, 0, 0, 0, 3, 0, 0.75, 0, 0, 0, 0, 0, 0, -26.419923782348633, 0.42395973205566406], [0, 0, 0, 0.025291621685028076, 0, 0, 8, 4, 11, 0, 0, 0, 0, 2, 1, 3, 0, 0, 0, 3, 0, 0.5, 0, 0, 0, 0, 0, 0, -26.419923782348633, 0.42395973205566406], [0, 0, 0, 0.016343027353286743, 0, 0, 8, 8, 15, 0, 0, 0, 0, 6, 1, 5, 0, 0, 0, 7, 0, 0.5, 0, 0, 0, 0, 0, 0, -21.705236434936523, 0.026187896728515625], [1, 0, 1, 0.016768932342529297, 1, 0, 8, 4, 11, 1, 0, 1, 1, 2, 1, 7, 0, 0, 0, 3, 1, 0.6666666666666666, 0, 0, 0, 0, 0, 0, -26.335594177246094, 0.4242515563964844], [0, 0, 0, 0.05100134015083313, 0, 0, 8, 11, 18, 0, 0, 0, 0, 9, 1, 2, 0, 0, 0, 10, 0, 0.3333333333333333, 0, 0, 0, 0, 0, 0, -20.476938247680664, 0.015985488891601562], [0, 0, 0, 0.10637497901916504, 0, 0, 8, 3, 10, 0, 0, 0, 0, 1, 1, 4, 0, 0, 0, 2, 0, 0.5, 0, 0, 0, 0, 0, 0, -33.77536392211914, 0.0], [0, 0, 0, 0.002267301082611084, 0, 0, 8, 3, 10, 0, 0, 0, 0, 1, 1, 3, 0, 0, 0, 2, 0, 0.5, 0, 0, 0, 0, 0, 0, -33.77536392211914, 0.0], [0, 0, 0, 0.004577606916427612, 0, 0, 8, 3, 10, 0, 0, 0, 0, 1, 1, 4, 0, 0, 0, 2, 0, 0.5, 0, 0, 0, 0, 0, 0, -33.77536392211914, 0.0], [0, 0, 0, 0.005202233791351318, 0, 0, 8, 4, 11, 0, 0, 1, 0, 2, 1, 5, 0, 0, 0, 3, 0, 0.5, 0, 0, 0, 0, 0, 0, -26.335594177246094, 0.4242515563964844], [0, 0, 0, 0.23824259638786316, 0, 0, 8, 4, 11, 0, 0, 0, 0, 1, 2, 4, 0, 0, 0, 3, 0, 0.5, 0, 0, 0, 0, 0, 0, -31.28535270690918, 0.0], [0, 0, 0, 0.18463420867919922, 0, 0, 8, 3, 10, 0, 0, 0, 0, 1, 1, 3, 0, 0, 0, 2, 0, 0.5, 0, 0, 0, 0, 0, 0, -33.77536392211914, 0.0], [0, 0, 0, 0.33477166295051575, 0, 0, 8, 3, 10, 0, 0, 0, 0, 1, 1, 2, 0, 0, 0, 2, 0, 0.5, 0, 0, 0, 0, 0, 0, -33.77536392211914, 0.0], [0, 0, 0, 0.0035101473331451416, 0, 0, 8, 6, 13, 0, 0, 0, 0, 4, 1, 4, 0, 0, 0, 5, 0, 0.5, 0, 0, 0, 0, 0, 0, -23.264291763305664, 0.05103302001953125], [0, 0, 0, 0.025904357433319092, 0, 0, 8, 8, 15, 0, 0, 0, 0, 5, 2, 2, 0, 0, 0, 7, 0, 0.3333333333333333, 0, 0, 0, 0, 0, 0, -23.083511352539062, 5.5450439453125], [0, 0, 0, 0.00819443166255951, 0, 0, 8, 13, 20, 0, 0, 0, 0, 11, 1, 2, 0, 0, 0, 12, 0, 0.5, 0, 0, 0, 0, 0, 0, -20.22990608215332, 0.012493133544921875], [0, 0, 0, 0.04242110252380371, 0, 0, 8, 3, 10, 0, 0, 0, 0, 1, 1, 3, 0, 0, 0, 2, 0, 0.75, 0, 0, 0, 0, 0, 0, -33.77536392211914, 0.0], [0, 0, 0, 0.0193464457988739, 0, 0, 8, 7, 14, 0, 0, 0, 0, 5, 1, 1, 0, 0, 0, 6, 0, 0.2, 0, 0, 0, 0, 0, 0, -37.089759826660156, 0.01080322265625], [1, 0, 1, 0.03940427303314209, 0, 0, 8, 4, 11, 1, 0, 1, 1, 2, 1, 3, 0, 0, 0, 3, 0, 0.5, 0, 0, 0, 0, 0, 0, -26.335594177246094, 0.4242515563964844], [0, 0, 0, 0.08275127410888672, 0, 0, 8, 13, 20, 0, 0, 0, 0, 11, 1, 2, 0, 0, 0, 12, 0, 0.75, 0, 0, 0, 0, 0, 0, -20.314250946044922, 0.012481689453125], [1, 0, 0, 0.0010556578636169434, 1, 0, 8, 13, 20, 1, 0, 0, 0, 11, 1, 2, 0, 0, 0, 12, 1, 0.25, 0, 0, 0, 0, 0, 0, -20.275413513183594, 0.012487411499023438], [0, 0, 0, 0.013477623462677002, 0, 0, 8, 4, 11, 0, 0, 0, 0, 2, 1, 2, 0, 0, 0, 3, 0, 0.6666666666666666, 0, 0, 0, 0, 0, 0, -26.419923782348633, 0.42395973205566406], [0, 0, 0, 0.03387796878814697, 0, 0, 8, 3, 10, 0, 0, 0, 0, 1, 1, 3, 0, 0, 0, 2, 0, 0.5, 0, 0, 0, 0, 0, 0, -33.77536392211914, 0.0], [0, 0, 0, 0.18522024154663086, 0, 0, 8, 3, 10, 0, 0, 0, 0, 1, 1, 7, 0, 0, 0, 2, 0, 0.6666666666666666, 0, 0, 0, 0, 0, 0, -33.77536392211914, 0.0], [0, 0, 0, 0.009540647268295288, 0, 0, 8, 12, 19, 0, 0, 1, 1, 9, 2, 1, 0, 0, 0, 11, 0, 0.019736842105263157, 0, 0, 0, 0, 0, 0, -26.948877334594727, 2.8238677978515625], [0, 0, 0, 0.09110361337661743, 0, 0, 8, 13, 20, 0, 0, 0, 0, 11, 1, 3, 0, 0, 0, 12, 0, 0.5, 0, 0, 0, 0, 0, 0, -21.624073028564453, 7.868007659912109], [0, 0, 0, 0.04269954562187195, 0, 0, 8, 13, 20, 0, 0, 0, 0, 11, 1, 2, 0, 0, 0, 12, 0, 0.2857142857142857, 0, 0, 0, 0, 0, 0, -20.17494773864746, 0.012495040893554688], [0, 0, 0, 0.022548764944076538, 0, 0, 8, 13, 20, 0, 0, 0, 0, 11, 1, 1, 0, 0, 0, 12, 0, 0.13043478260869565, 0, 0, 0, 0, 0, 0, -20.597585678100586, 0.012462615966796875], [0, 0, 0, 0.09341740608215332, 0, 0, 8, 13, 20, 0, 0, 0, 0, 10, 2, 2, 0, 0, 0, 12, 0, 0.75, 0, 0, 0, 0, 0, 0, -21.377904891967773, 3.032438278198242], [0, 0, 0, 0.018428385257720947, 0, 0, 8, 13, 20, 0, 0, 0, 0, 11, 1, 2, 0, 0, 0, 12, 0, 0.3333333333333333, 0, 0, 0, 0, 0, 0, -20.295543670654297, 0.012481689453125], [0, 0, 0, 0.05139249563217163, 0, 0, 8, 13, 20, 0, 0, 0, 0, 11, 1, 2, 0, 0, 0, 12, 0, 0.2857142857142857, 0, 0, 0, 0, 0, 0, -20.17494773864746, 0.012495040893554688], [0, 0, 0, 0.03940117359161377, 0, 0, 8, 11, 18, 0, 0, 0, 0, 8, 2, 6, 0, 0, 0, 10, 0, 0.8333333333333334, 0, 0, 0, 0, 0, 0, -38.74656295776367, 3.6520614624023438], [0, 0, 0, 0.04081445932388306, 0, 0, 7, 9, 15, 0, 0, 0, 0, 6, 2, 6, 0, 0, 0, 8, 0, 0.8333333333333334, 0, 0, 0, 0, 0, 0, -22.547401428222656, 4.768899917602539], [0, 0, 0, 0.025833874940872192, 0, 0, 8, 5, 12, 0, 0, 0, 0, 3, 1, 4, 0, 0, 0, 4, 0, 0.6666666666666666, 0, 0, 0, 0, 0, 0, -24.53251838684082, 0.09001350402832031], [0, 0, 0, 0.05087810754776001, 0, 0, 8, 5, 12, 0, 0, 0, 0, 3, 1, 1, 0, 0, 0, 4, 0, 0.09090909090909091, 0, 0, 0, 0, 0, 0, -24.53251838684082, 0.09001350402832031], [1, 0, 0, 0.09268787503242493, 0, 0, 8, 13, 20, 1, 0, 1, 0, 10, 2, 3, 0, 0, 0, 12, 0, 0.6666666666666666, 0, 0, 0, 0, 0, 0, -21.050249099731445, 3.04376220703125], [0, 0, 0, 0.053539782762527466, 0, 0, 8, 8, 15, 0, 0, 0, 0, 6, 1, 4, 0, 0, 0, 7, 0, 0.5, 0, 0, 0, 0, 0, 0, -21.705236434936523, 0.026187896728515625], [0, 0, 0, 0.028489649295806885, 0, 0, 8, 13, 20, 0, 0, 0, 0, 11, 1, 1, 0, 0, 0, 12, 0, 0.13043478260869565, 0, 0, 0, 0, 0, 0, -20.597585678100586, 0.012462615966796875], [0, 0, 0, 0.04215294122695923, 0, 0, 8, 13, 20, 0, 0, 0, 0, 11, 1, 1, 0, 0, 0, 12, 0, 0.2, 0, 0, 0, 0, 0, 0, -20.077695846557617, 0.012502670288085938], [0, 0, 0, 0.3414541184902191, 0, 0, 8, 4, 11, 0, 0, 0, 0, 2, 1, 4, 0, 0, 0, 3, 0, 0.5, 0, 0, 0, 0, 0, 0, -26.419923782348633, 0.42395973205566406], [1, 0, 0, 0.008421123027801514, 0, 0, 6, 3, 8, 1, 0, 0, 0, 1, 1, 4, 0, 0, 0, 2, 0, 0.6666666666666666, 0, 0, 0, 0, 0, 0, -33.77536392211914, 0.0], [0, 0, 0, 0.050015270709991455, 0, 0, 8, 7, 14, 0, 0, 0, 0, 5, 1, 3, 0, 0, 0, 6, 0, 0.5, 0, 0, 0, 0, 0, 0, -36.458595275878906, 0.07271575927734375], [0, 0, 0, 0.0034138858318328857, 0, 0, 8, 10, 17, 0, 0, 0, 0, 7, 2, 1, 0, 0, 0, 9, 0, 0.13043478260869565, 0, 0, 0, 0, 0, 0, -21.98379898071289, 4.165382385253906], [0, 0, 0, 0.01875317096710205, 0, 0, 8, 13, 20, 0, 0, 0, 0, 11, 1, 4, 0, 0, 0, 12, 0, 0.5, 0, 0, 0, 0, 0, 0, -20.282289505004883, 0.012493133544921875], [0, 0, 0, 0.13068538904190063, 0, 0, 8, 13, 20, 0, 0, 0, 0, 9, 2, 5, 0, 0, 0, 12, 0, 0.6666666666666666, 0, 0, 0, 0, 0, 0, -25.341955184936523, 0.1068115234375], [0, 0, 0, 0.01911294460296631, 0, 0, 8, 13, 20, 0, 0, 0, 0, 11, 1, 1, 0, 0, 0, 12, 0, 0.13043478260869565, 0, 0, 0, 0, 0, 0, -20.597585678100586, 0.012462615966796875], [0, 0, 0, 0.00032275915145874023, 0, 0, 8, 5, 12, 0, 0, 1, 0, 3, 1, 7, 0, 0, 0, 4, 0, 0.8333333333333334, 0, 0, 0, 0, 0, 0, -24.469154357910156, 0.09011459350585938], [0, 0, 0, 0.055083513259887695, 0, 0, 8, 13, 20, 0, 0, 0, 0, 10, 2, 1, 0, 0, 0, 12, 0, 0.2, 0, 0, 0, 0, 0, 0, -21.136198043823242, 3.0260257720947266], [0, 0, 0, 0.028672248125076294, 0, 0, 8, 13, 20, 0, 0, 0, 0, 10, 2, 4, 0, 0, 0, 12, 0, 0.5, 0, 0, 0, 0, 0, 0, -21.30156898498535, 3.0331077575683594], [0, 0, 0, 0.35872477293014526, 0, 0, 8, 13, 20, 0, 0, 0, 0, 9, 3, 4, 0, 0, 0, 12, 0, 0.6666666666666666, 0, 0, 0, 0, 0, 0, -21.86857795715332, 3.8769264221191406], [0, 0, 0, 0.02518177032470703, 0, 0, 8, 5, 12, 0, 0, 0, 0, 2, 2, 5, 0, 0, 0, 4, 0, 0.6666666666666666, 0, 0, 0, 0, 0, 0, -25.66856575012207, 15.167642593383789], [0, 0, 0, 0.023928150534629822, 0, 0, 8, 3, 10, 0, 0, 0, 0, 1, 1, 1, 0, 0, 0, 2, 0, 0.125, 0, 0, 0, 0, 0, 0, -33.77536392211914, 0.0], [0, 0, 0, 0.026886284351348877, 0, 0, 8, 13, 20, 0, 0, 0, 0, 10, 2, 3, 0, 0, 0, 12, 0, 0.5, 0, 0, 0, 0, 0, 0, -21.42890167236328, 3.040372848510742], [0, 0, 0, 0.036957383155822754, 0, 0, 8, 3, 10, 0, 0, 0, 0, 1, 1, 2, 0, 0, 0, 2, 0, 0.3333333333333333, 0, 0, 0, 0, 0, 0, -33.77536392211914, 0.0], [0, 0, 0, 0.01768094301223755, 0, 0, 8, 3, 10, 0, 0, 0, 0, 1, 1, 3, 0, 0, 0, 2, 0, 0.5, 0, 0, 0, 0, 0, 0, -33.77536392211914, 0.0], [1, 0, 1, 0.10583293437957764, 0, 0, 8, 4, 11, 1, 0, 1, 1, 2, 1, 3, 0, 0, 0, 3, 0, 0.5, 0, 0, 0, 0, 0, 0, -26.335594177246094, 0.4242515563964844], [0, 0, 0, 0.10841798782348633, 0, 0, 8, 4, 11, 0, 0, 0, 0, 2, 1, 1, 0, 0, 0, 3, 0, 0.125, 0, 0, 0, 0, 0, 0, -26.840906143188477, 0.4332084655761719], [1, 0, 0, 0.022196412086486816, 0, 0, 8, 3, 10, 1, 0, 0, 0, 1, 1, 3, 0, 0, 0, 2, 0, 0.5, 0, 0, 0, 0, 0, 0, -33.77536392211914, 0.0], [0, 0, 0, 0.056418925523757935, 0, 0, 8, 3, 10, 0, 1, 0, 0, 1, 1, 4, 0, 0, 0, 2, 0, 0.5, 0, 0, 0, 0, 0, 0, -33.77536392211914, 0.0], [0, 0, 0, 0.08949285745620728, 0, 0, 8, 4, 11, 0, 0, 0, 0, 2, 1, 5, 0, 0, 0, 3, 0, 0.6666666666666666, 0, 0, 0, 0, 0, 0, -26.419923782348633, 0.42395973205566406], [0, 0, 0, 0.022653400897979736, 0, 0, 8, 13, 20, 0, 0, 0, 0, 7, 5, 5, 0, 0, 0, 12, 0, 0.6666666666666666, 0, 0, 0, 0, 0, 0, -22.818679809570312, 5.860952377319336], [0, 0, 0, 0.023861676454544067, 0, 0, 8, 13, 20, 0, 0, 0, 0, 11, 1, 2, 0, 0, 0, 12, 0, 0.5, 0, 0, 0, 0, 0, 0, -20.268352508544922, 0.012483596801757812], [0, 0, 0, 0.07342302799224854, 0, 0, 8, 13, 20, 0, 0, 0, 0, 7, 3, 5, 0, 0, 0, 12, 0, 0.75, 0, 0, 0, 0, 0, 0, -31.032958984375, 0.37767982482910156], [0, 0, 0, 0.03846365213394165, 0, 0, 8, 12, 19, 0, 0, 0, 0, 4, 7, 1, 0, 0, 0, 11, 0, 0.6666666666666666, 0, 0, 0, 0, 0, 0, -36.080841064453125, 7.680732727050781], [0, 0, 0, 0.5424947738647461, 0, 0, 8, 3, 10, 0, 0, 0, 0, 1, 1, 4, 0, 0, 0, 2, 0, 0.6666666666666666, 0, 0, 0, 0, 0, 0, -33.77536392211914, 0.0], [0, 0, 0, 0.009500473737716675, 0, 0, 8, 13, 20, 0, 0, 0, 0, 11, 1, 1, 0, 0, 0, 12, 0, 0.5, 0, 0, 0, 0, 0, 0, -27.01860809326172, 0.013925552368164062], [1, 0, 1, 0.02300482988357544, 0, 0, 8, 5, 12, 1, 0, 1, 1, 3, 1, 4, 0, 0, 0, 4, 0, 0.6666666666666666, 0, 0, 0, 0, 0, 0, -24.469154357910156, 0.09011459350585938], [0, 0, 0, 0.02516728639602661, 0, 0, 8, 8, 15, 0, 0, 0, 0, 6, 1, 3, 0, 0, 0, 7, 0, 0.6363636363636364, 0, 0, 0, 0, 0, 0, -35.71013641357422, 0.00653076171875], [0, 0, 0, 0.017522305250167847, 0, 0, 8, 13, 20, 0, 0, 0, 0, 11, 1, 1, 0, 0, 0, 12, 0, 0.5, 0, 0, 0, 0, 0, 0, -23.38557243347168, 8.024162292480469], [0, 0, 0, 0.016039222478866577, 0, 0, 8, 13, 20, 0, 0, 0, 0, 11, 1, 1, 0, 0, 0, 12, 0, 0.5, 0, 0, 0, 0, 0, 0, -20.358524322509766, 0.012483596801757812], [0, 0, 0, 0.04608607292175293, 0, 0, 8, 13, 20, 0, 0, 0, 0, 11, 1, 4, 0, 0, 0, 12, 0, 0.5, 0, 0, 0, 0, 0, 0, -27.021316528320312, 0.021951675415039062], [0, 0, 0, 0.1959855556488037, 0, 0, 8, 5, 12, 0, 0, 0, 0, 3, 1, 4, 0, 0, 0, 4, 0, 0.5, 0, 0, 0, 0, 0, 0, -24.53251838684082, 0.09001350402832031], [0, 0, 0, 0.06265059113502502, 0, 0, 8, 5, 12, 0, 0, 0, 0, 3, 1, 1, 0, 0, 0, 4, 0, 0.13043478260869565, 0, 0, 0, 0, 0, 0, -24.53251838684082, 0.09001350402832031], [0, 0, 0, 0.006796911358833313, 0, 0, 8, 5, 12, 0, 0, 0, 0, 3, 1, 4, 0, 0, 0, 4, 0, 0.6666666666666666, 0, 0, 0, 0, 0, 0, -24.53251838684082, 0.09001350402832031], [0, 0, 0, 0.033372968435287476, 0, 0, 8, 7, 14, 0, 0, 0, 0, 5, 1, 2, 0, 0, 0, 6, 0, 0.5, 0, 0, 0, 0, 0, 0, -22.36773109436035, 0.034664154052734375], [0, 0, 0, 0.02280452847480774, 0, 0, 8, 5, 12, 0, 0, 0, 0, 3, 1, 2, 0, 0, 0, 4, 0, 0.5, 0, 0, 0, 0, 0, 0, -24.53251838684082, 0.09001350402832031], [0, 0, 0, 0.056483566761016846, 0, 0, 8, 3, 10, 0, 0, 0, 0, 1, 1, 5, 0, 0, 0, 2, 0, 0.75, 0, 0, 0, 0, 0, 0, -33.77536392211914, 0.0], [0, 0, 0, 0.09410732984542847, 0, 0, 8, 13, 20, 0, 0, 0, 0, 11, 1, 2, 0, 0, 0, 12, 0, 0.25, 0, 0, 0, 0, 0, 0, -20.275413513183594, 0.012487411499023438], [0, 0, 0, 0.01876729726791382, 0, 0, 8, 9, 16, 0, 0, 0, 0, 6, 2, 4, 0, 0, 0, 8, 0, 0.5, 0, 0, 0, 0, 0, 0, -25.78231430053711, 3.2282962799072266], [1, 0, 0, 0.04922574758529663, 1, 0, 8, 6, 13, 1, 0, 1, 0, 4, 1, 4, 0, 0, 0, 5, 1, 0.5, 0, 0, 0, 0, 0, 0, -39.00173568725586, 0.08811187744140625], [0, 0, 0, 0.009326457977294922, 0, 0, 8, 13, 20, 0, 0, 0, 0, 9, 3, 1, 0, 0, 0, 12, 0, 0.1111111111111111, 0, 0, 0, 0, 0, 0, -27.605724334716797, 3.5963706970214844], [0, 0, 0, 0.043214648962020874, 0, 0, 8, 7, 14, 0, 0, 0, 0, 4, 2, 4, 0, 0, 0, 6, 0, 0.5, 0, 0, 0, 0, 0, 0, -37.664756774902344, 6.0160369873046875], [0, 0, 0, 0.019643574953079224, 0, 0, 8, 8, 15, 0, 0, 0, 0, 6, 1, 1, 0, 0, 0, 7, 0, 0.5, 0, 0, 0, 0, 0, 0, -35.71013641357422, 0.00653076171875], [0, 0, 0, 0.10891613364219666, 0, 0, 8, 13, 20, 0, 0, 0, 0, 10, 2, 5, 0, 0, 0, 12, 0, 0.6666666666666666, 0, 0, 0, 0, 0, 0, -21.02544403076172, 3.0242271423339844], [0, 0, 0, 0.014418959617614746, 0, 0, 8, 3, 10, 0, 0, 0, 0, 1, 1, 4, 0, 0, 0, 2, 0, 0.5, 0, 0, 0, 0, 0, 0, -33.77536392211914, 0.0], [0, 0, 0, 0.06391817331314087, 0, 0, 8, 4, 11, 0, 0, 0, 0, 2, 1, 6, 0, 0, 0, 3, 0, 0.5, 0, 0, 0, 0, 0, 0, -17.51513671875, 20.25865936279297], [0, 0, 0, 0.000889122486114502, 0, 0, 3, 3, 5, 0, 0, 0, 0, 1, 1, 2, 0, 0, 0, 2, 0, 0.6666666666666666, 0, 0, 0, 0, 0, 0, -33.77536392211914, 0.0], [0, 0, 0, 0.042171359062194824, 0, 0, 8, 11, 18, 0, 0, 0, 0, 9, 1, 1, 0, 0, 0, 10, 0, 0.1111111111111111, 0, 0, 0, 0, 0, 0, -34.52104568481445, 0.035831451416015625], [0, 0, 0, 0.15341395139694214, 0, 0, 8, 13, 20, 0, 0, 0, 0, 9, 3, 4, 0, 0, 0, 12, 0, 0.5, 0, 0, 0, 0, 0, 0, -22.276952743530273, 3.8647422790527344], [0, 0, 0, 0.04393124580383301, 0, 0, 8, 5, 12, 0, 0, 1, 0, 3, 1, 4, 0, 0, 0, 4, 0, 0.6666666666666666, 0, 0, 0, 0, 0, 0, -19.420486450195312, 13.765605926513672], [0, 0, 0, 0.0035928338766098022, 0, 0, 8, 4, 11, 0, 0, 0, 0, 2, 1, 7, 0, 0, 0, 3, 0, 0.6666666666666666, 0, 0, 0, 0, 0, 0, -26.419923782348633, 0.42395973205566406], [0, 0, 0, 0.04926860332489014, 0, 0, 8, 11, 18, 0, 0, 0, 0, 9, 1, 1, 0, 0, 0, 10, 0, 0.1111111111111111, 0, 0, 0, 0, 0, 0, -34.52104568481445, 0.035831451416015625], [0, 0, 0, 0.012966156005859375, 0, 0, 8, 3, 10, 0, 1, 0, 0, 1, 1, 3, 0, 0, 0, 2, 0, 0.5, 0, 0, 0, 0, 0, 0, -33.77536392211914, 0.0], [0, 0, 0, 0.09402880072593689, 0, 0, 8, 13, 20, 0, 0, 0, 0, 11, 1, 2, 0, 0, 0, 12, 0, 0.6666666666666666, 0, 0, 0, 0, 0, 0, -20.011281967163086, 0.01251220703125], [0, 0, 0, 0.003602266311645508, 0, 0, 8, 3, 10, 0, 0, 0, 0, 1, 1, 7, 0, 0, 0, 2, 0, 0.6666666666666666, 0, 0, 0, 0, 0, 0, -33.77536392211914, 0.0], [1, 0, 0, 0.010670304298400879, 0, 0, 8, 3, 10, 1, 0, 0, 0, 1, 1, 6, 0, 0, 0, 2, 0, 0.6666666666666666, 0, 0, 0, 0, 0, 0, -33.77536392211914, 0.0], [0, 0, 0, 0.0514909029006958, 0, 0, 8, 7, 14, 0, 0, 0, 0, 3, 3, 1, 0, 0, 0, 6, 0, 0.6666666666666666, 0, 0, 0, 0, 0, 0, -24.28888702392578, 8.759819030761719], [0, 0, 0, 0.028894782066345215, 0, 0, 6, 13, 18, 0, 0, 0, 0, 10, 2, 4, 0, 0, 0, 12, 0, 0.8333333333333334, 0, 0, 0, 0, 0, 0, -21.076936721801758, 3.0252685546875], [0, 0, 0, 0.015011072158813477, 0, 0, 8, 7, 14, 0, 0, 0, 0, 5, 1, 4, 0, 0, 0, 6, 0, 0.5, 0, 0, 0, 0, 0, 0, -41.61186599731445, 0.09212493896484375], [0, 0, 0, 0.013529181480407715, 0, 0, 8, 13, 20, 0, 0, 1, 0, 9, 3, 1, 0, 0, 0, 12, 0, 0.08333333333333333, 0, 0, 0, 0, 0, 0, -22.008331298828125, 3.8567371368408203], [0, 0, 0, 0.019128113985061646, 0, 0, 8, 7, 14, 0, 0, 0, 0, 5, 1, 3, 0, 0, 0, 6, 0, 0.6666666666666666, 0, 0, 0, 0, 0, 0, -37.089759826660156, 0.01080322265625], [1, 0, 0, 0.11745542287826538, 0, 0, 8, 3, 10, 1, 0, 0, 0, 1, 1, 5, 0, 0, 0, 2, 0, 0.6666666666666666, 0, 0, 0, 0, 0, 0, -33.77536392211914, 0.0], [0, 0, 0, 0.021708011627197266, 0, 0, 8, 3, 10, 0, 0, 0, 0, 1, 1, 1, 0, 0, 0, 2, 0, 0.1111111111111111, 0, 0, 0, 0, 0, 0, -33.77536392211914, 0.0], [0, 0, 0, 0.0, 0, 0, 6, 6, 11, 0, 0, 0, 0, 3, 2, 5, 0, 0, 0, 5, 0, 0.6666666666666666, 0, 0, 0, 0, 0, 0, -39.2635498046875, 8.83884048461914], [0, 0, 0, 0.021661579608917236, 0, 0, 8, 4, 11, 0, 0, 0, 0, 2, 1, 6, 0, 0, 0, 3, 0, 0.5, 0, 0, 0, 0, 0, 0, -26.419923782348633, 0.42395973205566406], [0, 0, 0, 0.09775136411190033, 0, 0, 8, 3, 10, 0, 0, 0, 0, 1, 1, 4, 0, 0, 0, 2, 0, 0.6666666666666666, 0, 0, 0, 0, 0, 0, -33.77536392211914, 0.0], [0, 0, 0, 0.036356180906295776, 0, 0, 8, 13, 20, 0, 0, 0, 0, 11, 1, 1, 0, 0, 0, 12, 0, 0.1, 0, 0, 0, 0, 0, 0, -19.991708755493164, 0.01251220703125], [0, 0, 0, 0.015512526035308838, 0, 0, 8, 8, 15, 0, 0, 0, 0, 6, 1, 5, 0, 0, 0, 7, 0, 0.5, 0, 0, 0, 0, 0, 0, -21.705236434936523, 0.026187896728515625], [0, 0, 1, 0.04656939208507538, 0, 0, 8, 13, 20, 0, 0, 1, 1, 6, 6, 4, 0, 0, 0, 12, 0, 0.6666666666666666, 0, 0, 0, 0, 0, 0, -23.09175682067871, 6.5537261962890625], [0, 0, 0, 0.16168278455734253, 0, 0, 8, 6, 13, 0, 0, 0, 0, 4, 1, 2, 0, 0, 0, 5, 0, 0.2, 0, 0, 0, 0, 0, 0, -23.264291763305664, 0.05103302001953125], [0, 0, 0, 0.022196412086486816, 0, 0, 8, 3, 10, 0, 0, 0, 0, 1, 1, 3, 0, 0, 0, 2, 0, 0.5, 0, 0, 0, 0, 0, 0, -33.77536392211914, 0.0], [0, 0, 0, 0.005680382251739502, 0, 0, 8, 4, 11, 0, 0, 0, 0, 2, 1, 4, 0, 0, 0, 3, 0, 0.5, 0, 0, 0, 0, 0, 0, -26.840906143188477, 0.4332084655761719], [0, 0, 0, 0.003602266311645508, 0, 0, 8, 3, 10, 0, 0, 0, 0, 1, 1, 7, 0, 0, 0, 2, 0, 0.6666666666666666, 0, 0, 0, 0, 0, 0, -33.77536392211914, 0.0], [0, 0, 0, 0.009824007749557495, 0, 0, 8, 13, 20, 0, 0, 0, 0, 11, 1, 1, 0, 0, 0, 12, 0, 0.5, 0, 0, 0, 0, 0, 0, -20.529348373413086, 0.012468338012695312], [0, 0, 0, 0.012369006872177124, 0, 0, 8, 4, 11, 0, 0, 0, 0, 2, 1, 3, 0, 0, 0, 3, 0, 0.5, 0, 0, 0, 0, 0, 0, -36.402503967285156, 0.37093353271484375], [0, 0, 0, 0.0019279271364212036, 0, 0, 8, 13, 20, 0, 0, 0, 0, 11, 1, 1, 0, 0, 0, 12, 0, 0.019736842105263157, 0, 0, 0, 0, 0, 0, -20.184934616088867, 0.012495040893554688], [0, 0, 0, 0.019918084144592285, 0, 0, 8, 7, 14, 0, 0, 0, 0, 5, 1, 2, 0, 0, 0, 6, 0, 0.5, 0, 0, 0, 0, 0, 0, -36.458595275878906, 0.07271575927734375], [0, 0, 0, 0.05529892444610596, 0, 0, 8, 3, 10, 0, 0, 0, 0, 1, 1, 4, 0, 0, 0, 2, 0, 0.5, 0, 0, 0, 0, 0, 0, -33.77536392211914, 0.0], [1, 0, 1, 0.05399352312088013, 1, 0, 8, 13, 20, 1, 0, 1, 1, 7, 5, 2, 0, 0, 0, 12, 1, 0.6666666666666666, 0, 0, 0, 0, 0, 0, -27.1896915435791, 5.547197341918945], [0, 0, 0, 0.0493973046541214, 0, 0, 8, 3, 10, 0, 0, 0, 0, 1, 1, 3, 0, 0, 0, 2, 0, 0.5, 0, 0, 0, 0, 0, 0, -33.77536392211914, 0.0], [0, 0, 0, 0.004300326108932495, 0, 0, 8, 9, 16, 0, 0, 0, 0, 7, 1, 5, 0, 0, 0, 8, 0, 0.5, 0, 0, 0, 0, 0, 0, -21.19792366027832, 0.021240234375], [0, 0, 0, 0.17164891958236694, 0, 0, 8, 13, 20, 0, 0, 0, 0, 11, 1, 2, 0, 0, 0, 12, 0, 0.5, 0, 0, 0, 0, 0, 0, -26.97079849243164, 0.05178642272949219], [0, 0, 0, 0.0025244951248168945, 0, 0, 8, 13, 20, 0, 0, 1, 0, 11, 1, 5, 0, 0, 0, 12, 0, 0.6666666666666666, 0, 0, 0, 0, 0, 0, -20.077695846557617, 0.012502670288085938], [0, 0, 0, 0.004122093319892883, 0, 0, 8, 13, 20, 0, 0, 0, 0, 11, 1, 1, 0, 0, 0, 12, 0, 0.019736842105263157, 0, 0, 0, 0, 0, 0, -20.184934616088867, 0.012495040893554688], [1, 0, 1, 0.0, 0, 1, 8, 12, 19, 1, 0, 1, 1, 6, 3, 2, 0, 0, 0, 11, 0, 0.5, 0, 0, 1, 0, 0, 0, -46.99897003173828, 0.7308425903320312], [0, 0, 0, 0.033549726009368896, 0, 0, 8, 3, 10, 0, 0, 0, 0, 1, 1, 7, 0, 0, 0, 2, 0, 0.8333333333333334, 0, 0, 0, 0, 0, 0, -33.77536392211914, 0.0], [0, 0, 0, 0.005767300724983215, 0, 0, 8, 13, 20, 0, 0, 0, 0, 11, 1, 2, 0, 0, 0, 12, 0, 0.5, 0, 0, 0, 0, 0, 0, -20.184934616088867, 0.012495040893554688], [0, 0, 0, 0.0024392306804656982, 0, 0, 8, 13, 20, 0, 0, 0, 0, 11, 1, 1, 0, 0, 0, 12, 0, 0.08333333333333333, 0, 0, 0, 0, 0, 0, -20.04656410217285, 0.012506484985351562], [0, 0, 0, 0.016820847988128662, 0, 0, 8, 5, 12, 0, 0, 0, 0, 3, 1, 3, 0, 0, 0, 4, 0, 0.5, 0, 0, 0, 0, 0, 0, -24.53251838684082, 0.09001350402832031], [0, 0, 0, 0.03243941068649292, 0, 0, 8, 3, 10, 0, 0, 0, 0, 1, 1, 4, 0, 0, 0, 2, 0, 0.5, 0, 0, 0, 0, 0, 0, -33.77536392211914, 0.0], [0, 0, 0, 0.011714547872543335, 0, 0, 8, 4, 11, 0, 0, 0, 0, 2, 1, 3, 0, 0, 0, 3, 0, 0.75, 0, 0, 0, 0, 0, 0, -26.419923782348633, 0.42395973205566406], [0, 0, 0, 0.08639252185821533, 0, 0, 8, 13, 20, 0, 0, 0, 0, 10, 2, 2, 0, 0, 0, 12, 0, 0.75, 0, 0, 0, 0, 0, 0, -21.411312103271484, 3.033740997314453], [0, 0, 0, 0.006866663694381714, 0, 0, 8, 13, 20, 0, 0, 0, 0, 11, 1, 4, 0, 0, 0, 12, 0, 0.5, 0, 0, 0, 0, 0, 0, -20.282289505004883, 0.012493133544921875], [0, 0, 0, 0.00366094708442688, 0, 0, 8, 13, 20, 0, 0, 0, 0, 11, 1, 2, 0, 0, 0, 12, 0, 0.5, 0, 0, 0, 0, 0, 0, -20.529348373413086, 0.012468338012695312], [0, 0, 0, 0.0800829529762268, 0, 0, 8, 13, 20, 0, 0, 0, 0, 10, 2, 2, 0, 0, 0, 12, 0, 0.5, 0, 0, 0, 0, 0, 0, -21.04195785522461, 3.0236587524414062], [0, 0, 0, 0.0, 0, 0, 8, 3, 10, 0, 0, 0, 0, 1, 1, 3, 0, 0, 0, 2, 0, 0.5, 0, 0, 0, 0, 0, 0, -33.77536392211914, 0.0], [0, 0, 0, 0.05578678846359253, 0, 0, 8, 13, 20, 0, 0, 0, 0, 7, 5, 2, 0, 0, 0, 12, 0, 0.6666666666666666, 0, 0, 0, 0, 0, 0, -23.14443016052246, 5.677532196044922], [0, 0, 0, 0.0022780299186706543, 0, 0, 8, 4, 11, 0, 0, 0, 0, 2, 1, 1, 0, 0, 0, 3, 0, 0.6666666666666666, 0, 0, 0, 0, 0, 0, -26.419923782348633, 0.42395973205566406], [0, 0, 0, 0.0005263090133666992, 0, 0, 8, 3, 10, 0, 0, 0, 0, 1, 1, 7, 0, 0, 0, 2, 0, 0.8333333333333334, 0, 0, 0, 0, 0, 0, -33.77536392211914, 0.0], [0, 0, 0, 0.1027798056602478, 0, 0, 8, 13, 20, 0, 0, 0, 0, 10, 2, 5, 0, 0, 0, 12, 0, 0.6666666666666666, 0, 0, 0, 0, 0, 0, -21.00048065185547, 3.0223922729492188], [0, 0, 0, 0.05675739049911499, 0, 0, 8, 13, 20, 0, 0, 0, 0, 6, 6, 2, 0, 0, 0, 12, 0, 0.6666666666666666, 0, 0, 0, 0, 0, 0, -23.412134170532227, 6.509307861328125], [0, 0, 0, 0.005782812833786011, 0, 0, 8, 13, 20, 0, 0, 0, 0, 11, 1, 1, 0, 0, 0, 12, 0, 0.09090909090909091, 0, 0, 0, 0, 0, 0, -20.077695846557617, 0.012502670288085938], [0, 0, 0, 0.033549606800079346, 0, 0, 8, 3, 10, 0, 0, 0, 0, 1, 1, 7, 0, 0, 0, 2, 0, 0.8333333333333334, 0, 0, 0, 0, 0, 0, -33.77536392211914, 0.0], [0, 0, 0, 0.13587597012519836, 0, 0, 8, 4, 11, 0, 0, 0, 0, 2, 1, 4, 0, 0, 0, 3, 0, 0.6666666666666666, 0, 0, 0, 0, 0, 0, -26.419923782348633, 0.42395973205566406], [0, 0, 0, 0.08549445867538452, 0, 0, 8, 3, 10, 0, 0, 0, 0, 1, 1, 5, 0, 0, 0, 2, 0, 0.6666666666666666, 0, 0, 0, 0, 0, 0, -33.77536392211914, 0.0], [0, 0, 0, 0.0023744404315948486, 0, 0, 8, 3, 10, 0, 0, 0, 0, 1, 1, 5, 0, 0, 0, 2, 0, 0.6666666666666666, 0, 0, 0, 0, 0, 0, -33.77536392211914, 0.0], [0, 0, 0, 0.014148533344268799, 0, 0, 8, 3, 10, 0, 0, 0, 0, 1, 1, 5, 0, 0, 0, 2, 0, 0.6666666666666666, 0, 0, 0, 0, 0, 0, -33.77536392211914, 0.0], [0, 0, 0, 0.23975595831871033, 0, 0, 8, 3, 10, 0, 0, 0, 0, 1, 1, 5, 0, 0, 0, 2, 0, 0.5, 0, 0, 0, 0, 0, 0, -33.77536392211914, 0.0], [0, 0, 0, 0.025349467992782593, 0, 0, 8, 13, 20, 0, 0, 0, 0, 11, 1, 1, 0, 0, 0, 12, 0, 0.13043478260869565, 0, 0, 0, 0, 0, 0, -20.597585678100586, 0.012462615966796875], [0, 0, 0, 0.020640164613723755, 0, 0, 8, 3, 10, 0, 0, 0, 0, 1, 1, 4, 0, 0, 0, 2, 0, 0.5, 0, 0, 0, 0, 0, 0, -33.77536392211914, 0.0], [0, 0, 0, 0.03381615877151489, 0, 0, 8, 7, 14, 0, 0, 0, 0, 1, 5, 4, 0, 0, 0, 6, 0, 0.6666666666666666, 0, 0, 0, 0, 0, 0, -33.54733657836914, 0.0], [0, 0, 0, 0.15497922897338867, 0, 0, 8, 3, 10, 0, 0, 0, 0, 1, 1, 2, 0, 0, 0, 2, 0, 0.3333333333333333, 0, 0, 0, 0, 0, 0, -33.77536392211914, 0.0], [0, 0, 0, 0.030955731868743896, 0, 0, 8, 4, 11, 0, 0, 0, 0, 2, 1, 7, 0, 0, 0, 3, 0, 0.6666666666666666, 0, 0, 0, 0, 0, 0, -26.419923782348633, 0.42395973205566406], [0, 0, 0, 0.033549726009368896, 0, 0, 8, 4, 11, 0, 0, 0, 0, 1, 2, 6, 0, 0, 0, 3, 0, 0.8333333333333334, 0, 0, 0, 0, 0, 0, -36.34147644042969, 0.0], [0, 0, 0, 0.026025384664535522, 0, 0, 8, 5, 12, 0, 0, 0, 0, 3, 1, 3, 0, 0, 0, 4, 0, 0.5, 0, 0, 0, 0, 0, 0, -24.53251838684082, 0.09001350402832031], [0, 0, 0, 0.0885753333568573, 0, 0, 8, 4, 11, 0, 0, 1, 0, 2, 1, 2, 0, 0, 0, 3, 0, 0.5, 0, 0, 0, 0, 0, 0, -26.335594177246094, 0.4242515563964844], [0, 0, 0, 0.06964072585105896, 0, 0, 8, 6, 13, 0, 0, 0, 0, 4, 1, 3, 0, 0, 0, 5, 0, 0.6666666666666666, 0, 0, 0, 0, 0, 0, -20.379701614379883, 11.539756774902344], [0, 0, 0, 0.03028249740600586, 0, 0, 8, 10, 17, 0, 0, 0, 0, 8, 1, 1, 0, 0, 0, 9, 0, 0.1, 0, 0, 0, 0, 0, 0, -20.798564910888672, 0.018463134765625], [0, 0, 0, 0.02693745493888855, 0, 0, 8, 10, 17, 0, 0, 0, 0, 8, 1, 4, 0, 0, 0, 9, 0, 0.5, 0, 0, 0, 0, 0, 0, -39.486053466796875, 0.010379791259765625], [0, 0, 0, 0.0944892168045044, 0, 0, 8, 13, 20, 0, 0, 0, 0, 9, 3, 2, 0, 0, 0, 12, 0, 0.75, 0, 0, 0, 0, 0, 0, -22.223539352416992, 3.887632369995117], [0, 0, 0, 0.004976034164428711, 0, 0, 8, 13, 20, 0, 0, 0, 0, 11, 1, 1, 0, 0, 0, 12, 0, 0.5, 0, 0, 0, 0, 0, 0, -20.529348373413086, 0.012468338012695312], [0, 0, 0, 0.008813440799713135, 0, 0, 8, 13, 20, 0, 0, 0, 0, 11, 1, 1, 0, 0, 0, 12, 0, 0.13043478260869565, 0, 0, 0, 0, 0, 0, -20.597585678100586, 0.012462615966796875], [0, 0, 0, 0.03247535228729248, 0, 0, 8, 13, 20, 0, 0, 0, 0, 8, 3, 2, 0, 0, 0, 12, 0, 0.6666666666666666, 0, 0, 0, 0, 0, 0, -33.787841796875, 0.30141448974609375], [0, 0, 0, 0.09006702899932861, 0, 0, 8, 4, 11, 0, 0, 0, 0, 2, 1, 5, 0, 0, 0, 3, 0, 0.6666666666666666, 0, 0, 0, 0, 0, 0, -26.419923782348633, 0.42395973205566406], [1, 0, 0, 0.2254827916622162, 0, 0, 8, 8, 15, 1, 0, 1, 0, 4, 3, 3, 0, 0, 0, 7, 0, 0.5, 0, 0, 0, 0, 0, 0, -38.341678619384766, 5.968879699707031], [0, 0, 0, 0.008967339992523193, 0, 0, 8, 13, 20, 0, 0, 0, 0, 9, 3, 1, 0, 0, 0, 12, 0, 0.1111111111111111, 0, 0, 0, 0, 0, 0, -22.511432647705078, 3.874248504638672], [0, 0, 0, 0.05951058864593506, 0, 0, 8, 13, 20, 0, 0, 0, 0, 8, 4, 2, 0, 0, 0, 12, 0, 0.6666666666666666, 0, 0, 0, 0, 0, 0, -22.61345672607422, 4.838407516479492], [0, 0, 0, 0.008917391300201416, 0, 0, 8, 3, 10, 0, 0, 0, 0, 1, 1, 2, 0, 0, 0, 2, 0, 0.2, 0, 0, 0, 0, 0, 0, -33.77536392211914, 0.0], [0, 0, 0, 0.10644203424453735, 0, 0, 8, 12, 19, 0, 0, 1, 0, 10, 1, 3, 0, 0, 0, 11, 0, 0.6666666666666666, 0, 0, 0, 0, 0, 0, -20.189517974853516, 0.014041900634765625], [0, 0, 0, 0.00614166259765625, 0, 0, 8, 3, 10, 0, 0, 0, 0, 1, 1, 5, 0, 0, 0, 2, 0, 0.5, 0, 0, 0, 0, 0, 0, -33.77536392211914, 0.0], [0, 0, 0, 0.002856701612472534, 0, 0, 8, 13, 20, 0, 0, 0, 0, 9, 2, 3, 0, 0, 0, 12, 0, 0.5, 0, 0, 0, 0, 0, 0, -25.37393569946289, 0.13062286376953125], [1, 0, 1, 0.006868839263916016, 0, 0, 8, 13, 20, 1, 0, 1, 1, 9, 3, 2, 0, 0, 0, 12, 0, 0.5, 0, 0, 0, 0, 0, 0, -22.04505729675293, 3.9532241821289062], [0, 0, 0, 0.13434267044067383, 0, 0, 8, 5, 12, 0, 0, 0, 0, 2, 2, 5, 0, 0, 0, 4, 0, 0.5, 0, 0, 0, 0, 0, 0, -25.347959518432617, 15.488248825073242], [0, 0, 0, 0.0031421780586242676, 0, 0, 8, 11, 18, 0, 0, 0, 0, 9, 1, 1, 0, 0, 0, 10, 0, 0.1111111111111111, 0, 0, 0, 0, 0, 0, -34.52104568481445, 0.035831451416015625], [1, 0, 1, 0.07507848739624023, 1, 0, 8, 7, 14, 1, 0, 1, 1, 2, 4, 7, 0, 0, 0, 6, 1, 0.8333333333333334, 0, 0, 0, 0, 0, 0, -38.8338737487793, 12.434066772460938], [0, 0, 0, 0.0869816243648529, 0, 0, 8, 3, 10, 0, 0, 0, 0, 1, 1, 3, 0, 0, 0, 2, 0, 0.5, 0, 0, 0, 0, 0, 0, -33.77536392211914, 0.0], [0, 0, 0, 0.049244582653045654, 0, 0, 7, 9, 15, 0, 0, 0, 0, 6, 2, 6, 0, 0, 0, 8, 0, 0.8333333333333334, 0, 0, 0, 0, 0, 0, -22.547401428222656, 4.768899917602539], [1, 0, 1, 0.01817166805267334, 0, 1, 7, 3, 9, 1, 0, 0, 0, 1, 1, 5, 0, 0, 0, 2, 1, 0.6666666666666666, 0, 0, 1, 0, 0, 0, -26.611854553222656, 16.760089874267578], [0, 0, 0, 0.28914201259613037, 0, 0, 8, 4, 11, 0, 0, 0, 0, 2, 1, 3, 0, 0, 0, 3, 0, 0.5, 0, 0, 0, 0, 0, 0, -26.419923782348633, 0.42395973205566406], [1, 0, 1, 0.04885643720626831, 1, 0, 8, 7, 14, 1, 0, 1, 1, 3, 3, 4, 0, 0, 0, 6, 1, 0.5, 0, 0, 0, 0, 0, 0, -40.129154205322266, 8.109691619873047], [0, 0, 0, 0.13591724634170532, 0, 0, 8, 5, 12, 0, 0, 0, 0, 3, 1, 4, 0, 0, 0, 4, 0, 0.6666666666666666, 0, 0, 0, 0, 0, 0, -24.53251838684082, 0.09001350402832031], [0, 0, 0, 0.005696982145309448, 0, 0, 8, 13, 20, 0, 0, 0, 0, 11, 1, 1, 0, 0, 0, 12, 0, 0.019736842105263157, 0, 0, 0, 0, 0, 0, -26.876901626586914, 0.01395416259765625], [0, 0, 0, 0.06289643049240112, 0, 0, 8, 13, 20, 0, 0, 0, 0, 10, 2, 3, 0, 0, 0, 12, 0, 0.75, 0, 0, 0, 0, 0, 0, -21.20866584777832, 3.0312156677246094], [0, 0, 0, 0.02349233627319336, 0, 0, 8, 13, 20, 0, 0, 0, 0, 10, 2, 4, 0, 0, 0, 12, 0, 0.5, 0, 0, 0, 0, 0, 0, -21.381471633911133, 3.0347557067871094], [0, 0, 0, 0.00273093581199646, 0, 0, 8, 13, 20, 0, 0, 0, 0, 8, 3, 1, 0, 0, 0, 12, 0, 0.5, 0, 0, 0, 0, 0, 0, -27.3151798248291, 0.33205223083496094], [1, 0, 0, 0.012039214372634888, 0, 0, 8, 8, 15, 1, 0, 1, 1, 6, 1, 2, 0, 0, 0, 7, 1, 0.5, 0, 0, 0, 0, 0, 0, -35.66914367675781, 0.00666046142578125], [0, 0, 0, 0.009862422943115234, 0, 0, 8, 3, 10, 0, 0, 0, 0, 1, 1, 6, 0, 0, 0, 2, 0, 0.8333333333333334, 0, 0, 0, 0, 0, 0, -33.77536392211914, 0.0], [0, 0, 0, 0.058780014514923096, 0, 0, 8, 13, 20, 0, 0, 0, 0, 8, 3, 2, 0, 0, 0, 12, 0, 0.6666666666666666, 0, 0, 0, 0, 0, 0, -30.278366088867188, 0.2080841064453125], [0, 0, 0, 0.17654269933700562, 0, 0, 8, 6, 13, 0, 0, 0, 0, 3, 2, 5, 0, 0, 0, 5, 0, 0.5, 0, 0, 0, 0, 0, 0, -24.725826263427734, 8.17251205444336], [0, 0, 0, 0.021595686674118042, 0, 0, 8, 3, 10, 0, 0, 0, 0, 1, 1, 3, 0, 0, 0, 2, 0, 0.5, 0, 0, 0, 0, 0, 0, -33.77536392211914, 0.0], [0, 0, 0, 0.03216993808746338, 0, 0, 8, 3, 10, 0, 0, 0, 0, 1, 1, 2, 0, 0, 0, 2, 0, 0.6666666666666666, 0, 0, 0, 0, 0, 0, -33.77536392211914, 0.0], [1, 0, 1, 0.07847028970718384, 0, 1, 8, 3, 10, 1, 0, 0, 0, 1, 1, 6, 0, 0, 0, 2, 0, 0.6666666666666666, 0, 0, 1, 0, 0, 0, -26.611854553222656, 16.760089874267578], [1, 0, 1, 0.010371029376983643, 1, 0, 7, 9, 15, 1, 0, 1, 1, 3, 5, 6, 0, 0, 0, 8, 1, 0.8333333333333334, 0, 0, 0, 0, 0, 0, -23.63503074645996, 9.11500358581543], [1, 0, 1, 0.06546109914779663, 0, 0, 8, 13, 20, 1, 0, 1, 1, 8, 3, 2, 0, 0, 0, 12, 0, 0.5, 0, 0, 0, 0, 0, 0, -26.89251708984375, 0.2257213592529297], [0, 0, 0, 0.0005690455436706543, 0, 0, 8, 13, 20, 0, 0, 0, 0, 11, 1, 1, 0, 0, 0, 12, 0, 0.5, 0, 0, 0, 0, 0, 0, -20.529348373413086, 0.012468338012695312], [1, 0, 0, 0.12521645426750183, 1, 0, 8, 13, 20, 1, 0, 1, 0, 11, 1, 2, 0, 0, 0, 12, 1, 0.5, 0, 0, 0, 0, 0, 0, -20.30815887451172, 0.012485504150390625], [0, 0, 0, 0.013200506567955017, 0, 0, 8, 13, 20, 0, 0, 0, 0, 11, 1, 4, 0, 0, 0, 12, 0, 0.5, 0, 0, 0, 0, 0, 0, -20.22990608215332, 0.012493133544921875], [0, 0, 0, 0.08379271626472473, 0, 0, 8, 4, 11, 0, 0, 0, 0, 2, 1, 2, 0, 0, 0, 3, 0, 0.3333333333333333, 0, 0, 0, 0, 0, 0, -26.419923782348633, 0.42395973205566406], [1, 0, 1, 0.006868839263916016, 0, 0, 8, 13, 20, 1, 0, 1, 1, 9, 3, 2, 0, 0, 0, 12, 0, 0.5, 0, 0, 0, 0, 0, 0, -29.228300094604492, 3.3461971282958984], [0, 0, 0, 0.11792498826980591, 0, 0, 8, 13, 20, 0, 0, 0, 0, 11, 1, 3, 0, 0, 0, 12, 0, 0.5, 0, 0, 0, 0, 0, 0, -20.21282196044922, 0.01248931884765625], [0, 0, 0, 0.239285409450531, 0, 0, 8, 3, 10, 0, 0, 0, 0, 1, 1, 3, 0, 0, 0, 2, 0, 0.5, 0, 0, 0, 0, 0, 0, -33.77536392211914, 0.0], [0, 0, 0, 0.03548771142959595, 0, 0, 8, 13, 20, 0, 0, 0, 0, 10, 2, 5, 0, 0, 0, 12, 0, 0.8, 0, 0, 0, 0, 0, 0, -28.885957717895508, 2.699647903442383], [0, 0, 0, 0.11298111081123352, 0, 0, 8, 13, 20, 0, 0, 0, 0, 8, 3, 3, 0, 0, 0, 12, 0, 0.6666666666666666, 0, 0, 0, 0, 0, 0, -26.810914993286133, 0.400909423828125], [0, 0, 0, 0.17988735437393188, 0, 0, 8, 3, 10, 0, 0, 0, 0, 1, 1, 2, 0, 0, 0, 2, 0, 0.5, 0, 0, 0, 0, 0, 0, -33.77536392211914, 0.0], [0, 0, 0, 0.08952158689498901, 0, 0, 8, 13, 20, 0, 0, 1, 0, 11, 1, 2, 0, 0, 0, 12, 0, 0.75, 0, 0, 0, 0, 0, 0, -20.314250946044922, 0.012481689453125], [1, 0, 1, 0.06254565715789795, 1, 0, 8, 13, 20, 1, 0, 1, 0, 9, 2, 5, 0, 0, 0, 12, 1, 0.75, 0, 0, 0, 0, 0, 0, -25.335411071777344, 0.12928009033203125], [0, 0, 0, 0.014143973588943481, 0, 0, 8, 13, 20, 0, 0, 0, 0, 9, 2, 3, 0, 0, 0, 12, 0, 0.5, 0, 0, 0, 0, 0, 0, -25.63945770263672, 0.05642509460449219], [0, 0, 0, 0.01237592101097107, 0, 0, 8, 13, 20, 0, 0, 0, 0, 11, 1, 1, 0, 0, 0, 12, 0, 0.5, 0, 0, 0, 0, 0, 0, -20.358524322509766, 0.012483596801757812], [0, 0, 0, 0.047265470027923584, 0, 0, 8, 3, 10, 0, 0, 0, 0, 1, 1, 4, 0, 0, 0, 2, 0, 0.5, 0, 0, 0, 0, 0, 0, -33.77536392211914, 0.0], [0, 0, 0, 0.08762317895889282, 0, 0, 8, 13, 20, 0, 0, 0, 0, 9, 3, 2, 0, 0, 0, 12, 0, 0.75, 0, 0, 0, 0, 0, 0, -22.13623046875, 3.945728302001953], [0, 0, 0, 0.08014649152755737, 0, 0, 8, 8, 15, 0, 0, 0, 0, 6, 1, 3, 0, 0, 0, 7, 0, 0.5, 0, 0, 0, 0, 0, 0, -21.705236434936523, 0.026187896728515625], [0, 0, 0, 0.05648338794708252, 0, 0, 8, 3, 10, 0, 0, 0, 0, 1, 1, 5, 0, 0, 0, 2, 0, 0.75, 0, 0, 0, 0, 0, 0, -33.77536392211914, 0.0], [0, 0, 0, 0.0468975305557251, 0, 0, 8, 5, 12, 0, 0, 0, 0, 3, 1, 1, 0, 0, 0, 4, 0, 0.16666666666666666, 0, 0, 0, 0, 0, 0, -24.53251838684082, 0.09001350402832031], [0, 0, 0, 0.029357343912124634, 0, 0, 8, 13, 20, 0, 0, 0, 0, 11, 1, 4, 0, 0, 0, 12, 0, 0.5, 0, 0, 0, 0, 0, 0, -20.320207595825195, 0.012481689453125], [0, 0, 0, 0.0809684693813324, 0, 0, 8, 8, 15, 0, 0, 0, 0, 6, 1, 4, 0, 0, 0, 7, 0, 0.6363636363636364, 0, 0, 0, 0, 0, 0, -35.71013641357422, 0.00653076171875], [0, 0, 0, 0.02103501558303833, 0, 0, 8, 13, 20, 0, 0, 0, 0, 11, 1, 1, 0, 0, 0, 12, 0, 0.6666666666666666, 0, 0, 0, 0, 0, 0, -20.14251136779785, 0.012500762939453125], [0, 0, 0, 5.3763389587402344e-05, 0, 0, 8, 4, 11, 0, 0, 0, 0, 2, 1, 3, 0, 0, 0, 3, 0, 0.6666666666666666, 0, 0, 0, 0, 0, 0, -26.419923782348633, 0.42395973205566406], [0, 0, 0, 0.07955420017242432, 0, 0, 8, 11, 18, 0, 0, 0, 0, 8, 2, 6, 0, 0, 0, 10, 0, 0.8333333333333334, 0, 0, 0, 0, 0, 0, -38.74656295776367, 3.6520614624023438], [0, 0, 0, 0.01067933440208435, 0, 0, 8, 4, 11, 0, 0, 0, 0, 2, 1, 2, 0, 0, 0, 3, 0, 0.5, 0, 0, 0, 0, 0, 0, -26.419923782348633, 0.42395973205566406], [0, 0, 0, 0.1071474552154541, 0, 0, 8, 5, 12, 0, 0, 0, 0, 3, 1, 5, 0, 0, 0, 4, 0, 0.5, 0, 0, 0, 0, 0, 0, -24.53251838684082, 0.09001350402832031], [0, 0, 0, 0.05344951152801514, 0, 0, 8, 13, 20, 0, 0, 0, 0, 7, 4, 2, 0, 0, 0, 12, 0, 0.6666666666666666, 0, 0, 0, 0, 0, 0, -32.24599075317383, 1.460357666015625], [0, 0, 0, 0.042697906494140625, 0, 0, 8, 4, 11, 0, 0, 0, 0, 2, 1, 2, 0, 0, 0, 3, 0, 0.6666666666666666, 0, 0, 0, 0, 0, 0, -26.419923782348633, 0.42395973205566406], [1, 0, 1, 0.42187952995300293, 0, 0, 8, 13, 20, 1, 0, 1, 0, 8, 2, 2, 0, 0, 0, 12, 0, 0.6666666666666666, 0, 0, 0, 0, 0, 0, -31.66309928894043, 0.09540176391601562], [0, 0, 0, 0.15283021330833435, 0, 0, 8, 7, 14, 0, 0, 0, 0, 5, 1, 6, 0, 0, 0, 6, 0, 0.6666666666666666, 0, 0, 0, 0, 0, 0, -36.458595275878906, 0.07271575927734375], [0, 0, 0, 0.00818336009979248, 0, 0, 8, 13, 20, 0, 0, 0, 0, 11, 1, 1, 0, 0, 0, 12, 0, 0.5, 0, 0, 0, 0, 0, 0, -20.529348373413086, 0.012468338012695312], [0, 0, 0, 0.0809788703918457, 0, 0, 8, 13, 20, 0, 0, 0, 0, 7, 3, 2, 0, 0, 0, 12, 0, 0.75, 0, 0, 0, 0, 0, 0, -28.34868049621582, 0.13948822021484375], [0, 0, 0, 0.016982346773147583, 0, 0, 8, 13, 20, 0, 0, 0, 0, 11, 1, 1, 0, 0, 0, 12, 0, 0.13043478260869565, 0, 0, 0, 0, 0, 0, -20.597585678100586, 0.012462615966796875], [0, 0, 0, 0.033089518547058105, 0, 0, 8, 13, 20, 0, 0, 0, 0, 8, 3, 2, 0, 0, 0, 12, 0, 0.6666666666666666, 0, 0, 0, 0, 0, 0, -34.65345001220703, 0.04705047607421875], [1, 0, 0, 0.33224667608737946, 0, 0, 8, 9, 16, 1, 0, 0, 0, 6, 2, 1, 0, 0, 0, 8, 1, 0.20833333333333334, 0, 0, 0, 0, 0, 0, -27.919862747192383, 4.213510513305664], [0, 0, 0, 0.02830865979194641, 0, 0, 8, 13, 20, 0, 0, 0, 0, 11, 1, 2, 0, 0, 0, 12, 0, 0.3333333333333333, 0, 0, 0, 0, 0, 0, -26.948930740356445, 0.013942718505859375], [1, 0, 0, 0.14391735196113586, 0, 0, 8, 9, 16, 1, 0, 0, 0, 7, 1, 2, 0, 0, 0, 8, 0, 0.5, 0, 0, 0, 0, 0, 0, -27.49405288696289, 0.03828239440917969], [0, 0, 0, 0.005228400230407715, 0, 0, 8, 4, 11, 0, 0, 0, 0, 2, 1, 2, 0, 0, 0, 3, 0, 0.75, 0, 0, 0, 0, 0, 0, -26.419923782348633, 0.42395973205566406], [1, 0, 0, 0.2065848708152771, 1, 0, 8, 4, 11, 1, 0, 0, 0, 1, 2, 4, 0, 0, 0, 3, 1, 0.6666666666666666, 0, 0, 0, 0, 0, 0, -36.34147644042969, 0.0], [0, 0, 0, 0.012644201517105103, 0, 0, 8, 13, 20, 0, 0, 1, 0, 11, 1, 1, 0, 0, 0, 12, 0, 0.019230769230769232, 0, 0, 0, 0, 0, 0, -20.282289505004883, 0.012493133544921875], [0, 0, 0, 0.011795997619628906, 0, 0, 8, 13, 20, 0, 0, 0, 0, 10, 2, 1, 0, 0, 0, 12, 0, 0.5, 0, 0, 0, 0, 0, 0, -21.71050453186035, 3.0482120513916016], [0, 0, 0, 0.15202265977859497, 0, 0, 8, 5, 12, 0, 0, 0, 0, 3, 1, 4, 0, 0, 0, 4, 0, 0.5, 0, 0, 0, 0, 0, 0, -24.53251838684082, 0.09001350402832031], [0, 0, 0, 0.03507772088050842, 0, 0, 8, 13, 20, 0, 0, 0, 0, 11, 1, 1, 0, 0, 0, 12, 0, 0.1, 0, 0, 0, 0, 0, 0, -19.991708755493164, 0.01251220703125], [0, 0, 0, 0.07725110650062561, 0, 0, 8, 13, 20, 0, 0, 0, 0, 11, 1, 4, 0, 0, 0, 12, 0, 0.6666666666666666, 0, 0, 0, 0, 0, 0, -20.011281967163086, 0.01251220703125], [0, 0, 0, 0.056197285652160645, 0, 0, 8, 13, 20, 0, 0, 0, 0, 11, 1, 1, 0, 0, 0, 12, 0, 0.02857142857142857, 0, 0, 0, 0, 0, 0, -20.130756378173828, 0.012495040893554688], [0, 0, 0, 0.038924574851989746, 0, 0, 8, 5, 12, 0, 0, 0, 0, 3, 1, 2, 0, 0, 0, 4, 0, 0.5, 0, 0, 0, 0, 0, 0, -24.53251838684082, 0.09001350402832031], [0, 0, 0, 0.02889123558998108, 0, 0, 8, 5, 12, 0, 0, 1, 0, 3, 1, 3, 0, 0, 0, 4, 0, 0.5, 0, 0, 0, 0, 0, 0, -24.469154357910156, 0.09011459350585938], [1, 0, 1, 0.05684196949005127, 1, 0, 8, 7, 14, 1, 0, 1, 1, 2, 4, 7, 0, 0, 0, 6, 1, 0.8333333333333334, 0, 0, 0, 0, 0, 0, -23.781444549560547, 15.775558471679688], [0, 0, 0, 0.05864441394805908, 0, 0, 8, 13, 20, 0, 0, 0, 0, 11, 1, 2, 0, 0, 0, 12, 0, 0.3333333333333333, 0, 0, 0, 0, 0, 0, -20.04656410217285, 0.012506484985351562], [0, 0, 0, 0.06452512741088867, 0, 0, 4, 3, 6, 0, 0, 0, 0, 1, 1, 3, 0, 0, 0, 2, 0, 0.6666666666666666, 0, 0, 0, 0, 0, 0, -33.77536392211914, 0.0], [0, 0, 0, 0.01788508892059326, 0, 0, 8, 4, 11, 0, 0, 0, 0, 2, 1, 4, 0, 0, 0, 3, 0, 0.5, 0, 0, 0, 0, 0, 0, -26.419923782348633, 0.42395973205566406], [0, 0, 0, 0.11320951581001282, 0, 0, 8, 13, 20, 0, 0, 0, 0, 11, 1, 1, 0, 0, 0, 12, 0, 0.3333333333333333, 0, 0, 0, 0, 0, 0, -19.991708755493164, 0.01251220703125], [1, 0, 0, 0.01212221384048462, 0, 0, 8, 4, 11, 1, 0, 0, 0, 2, 1, 4, 0, 0, 0, 3, 0, 0.5, 0, 0, 0, 0, 0, 0, -26.419923782348633, 0.42395973205566406], [0, 0, 0, 0.49879786372184753, 0, 0, 8, 4, 11, 0, 0, 0, 0, 1, 2, 4, 0, 0, 0, 3, 0, 0.5, 0, 0, 0, 0, 0, 0, -36.34147644042969, 0.0], [0, 0, 0, 0.0040171146392822266, 0, 0, 8, 3, 10, 0, 0, 0, 0, 1, 1, 5, 0, 0, 0, 2, 0, 0.5, 0, 0, 0, 0, 0, 0, -33.77536392211914, 0.0], [0, 0, 0, 0.024641573429107666, 0, 0, 8, 13, 20, 0, 0, 0, 0, 5, 7, 5, 0, 0, 0, 12, 0, 0.6666666666666666, 0, 0, 0, 0, 0, 0, -23.170188903808594, 7.437042236328125], [0, 0, 0, 0.18944841623306274, 0, 0, 8, 3, 10, 0, 1, 0, 0, 1, 1, 3, 0, 0, 0, 2, 0, 0.6666666666666666, 0, 0, 0, 0, 0, 0, -33.77536392211914, 0.0], [0, 0, 0, 0.0, 0, 0, 8, 4, 11, 0, 0, 0, 0, 2, 1, 2, 0, 0, 0, 3, 0, 0.5, 0, 0, 0, 0, 0, 0, -26.419923782348633, 0.42395973205566406], [0, 0, 0, 0.05423992872238159, 0, 0, 8, 13, 20, 0, 0, 0, 0, 10, 2, 1, 0, 0, 0, 12, 0, 0.2, 0, 0, 0, 0, 0, 0, -27.361900329589844, 2.684835433959961], [0, 0, 0, 0.019586563110351562, 0, 0, 8, 13, 20, 0, 0, 0, 0, 11, 1, 1, 0, 0, 0, 12, 0, 0.13043478260869565, 0, 0, 0, 0, 0, 0, -20.597585678100586, 0.012462615966796875], [0, 0, 0, 0.04653525352478027, 0, 0, 8, 5, 12, 0, 0, 1, 0, 3, 1, 4, 0, 0, 0, 4, 0, 0.5, 0, 0, 0, 0, 0, 0, -24.469154357910156, 0.09011459350585938], [0, 0, 0, 0.022432565689086914, 0, 0, 8, 4, 11, 0, 0, 0, 0, 2, 1, 7, 0, 0, 0, 3, 0, 0.5, 0, 0, 0, 0, 0, 0, -26.419923782348633, 0.42395973205566406], [0, 0, 0, 0.26468122005462646, 0, 0, 8, 3, 10, 0, 0, 0, 0, 1, 1, 2, 0, 0, 0, 2, 0, 0.3333333333333333, 0, 0, 0, 0, 0, 0, -33.77536392211914, 0.0], [0, 0, 0, 0.14144766330718994, 0, 0, 8, 3, 10, 0, 0, 0, 0, 1, 1, 2, 0, 0, 0, 2, 0, 0.5, 0, 0, 0, 0, 0, 0, -33.77536392211914, 0.0], [0, 0, 0, 0.011756181716918945, 0, 0, 8, 4, 11, 0, 0, 0, 0, 2, 1, 5, 0, 0, 0, 3, 0, 0.8333333333333334, 0, 0, 0, 0, 0, 0, -26.419923782348633, 0.42395973205566406], [1, 0, 0, 0.006868839263916016, 0, 0, 8, 13, 20, 1, 0, 1, 0, 11, 1, 2, 0, 0, 0, 12, 0, 0.5, 0, 0, 0, 0, 0, 0, -22.164688110351562, 8.12898063659668], [1, 0, 0, 0.0, 1, 0, 6, 5, 10, 1, 0, 1, 0, 2, 2, 5, 0, 0, 0, 4, 1, 0.5, 0, 0, 0, 0, 0, 0, -25.262561798095703, 15.477733612060547], [1, 0, 1, 0.2581034302711487, 0, 1, 8, 3, 10, 1, 0, 0, 0, 1, 1, 3, 0, 0, 0, 2, 0, 0.5, 0, 0, 1, 0, 0, 0, -26.611854553222656, 9.679801940917969], [0, 0, 0, 0.023952186107635498, 0, 0, 8, 4, 11, 0, 0, 0, 0, 2, 1, 4, 0, 0, 0, 3, 0, 0.5, 0, 0, 0, 0, 0, 0, -26.419923782348633, 0.42395973205566406], [0, 0, 0, 0.021566033363342285, 0, 0, 8, 9, 16, 0, 0, 0, 0, 6, 2, 3, 0, 0, 0, 8, 0, 0.5, 0, 0, 0, 0, 0, 0, -22.639110565185547, 4.769290924072266], [0, 0, 0, 0.07289183139801025, 0, 0, 8, 3, 10, 0, 0, 0, 0, 1, 1, 4, 0, 0, 0, 2, 0, 0.5, 0, 0, 0, 0, 0, 0, -33.77536392211914, 0.0], [0, 0, 0, 0.1585070788860321, 0, 0, 8, 13, 20, 0, 0, 0, 0, 11, 1, 3, 0, 0, 0, 12, 0, 0.5, 0, 0, 0, 0, 0, 0, -20.30815887451172, 0.012485504150390625], [0, 0, 0, 0.01415252685546875, 0, 0, 8, 13, 20, 0, 0, 0, 0, 9, 2, 4, 0, 0, 0, 12, 0, 0.5, 0, 0, 0, 0, 0, 0, -25.458581924438477, 0.016271591186523438], [1, 0, 1, 0.021464526653289795, 1, 0, 8, 7, 14, 1, 0, 1, 1, 2, 4, 7, 0, 0, 0, 6, 1, 0.75, 0, 0, 0, 0, 0, 0, -36.13507080078125, 14.503021240234375], [0, 0, 0, 0.0010022521018981934, 0, 0, 8, 5, 12, 0, 0, 0, 0, 3, 1, 4, 0, 0, 0, 4, 0, 0.5, 0, 0, 0, 0, 0, 0, -24.53251838684082, 0.09001350402832031], [0, 0, 1, 0.2998462915420532, 0, 0, 8, 4, 11, 0, 0, 1, 1, 2, 1, 4, 0, 0, 0, 3, 0, 0.6666666666666666, 0, 0, 0, 0, 0, 0, -26.335594177246094, 0.4242515563964844], [0, 0, 0, 0.07203221321105957, 0, 0, 8, 3, 10, 0, 0, 0, 0, 1, 1, 1, 0, 0, 0, 2, 0, 0.5, 0, 0, 0, 0, 0, 0, -33.77536392211914, 0.0], [0, 0, 0, 0.2808748483657837, 0, 0, 8, 3, 10, 0, 0, 0, 0, 1, 1, 2, 0, 0, 0, 2, 0, 0.5, 0, 0, 0, 0, 0, 0, -33.77536392211914, 0.0], [1, 0, 0, 0.008317798376083374, 0, 0, 8, 13, 20, 1, 0, 0, 0, 10, 2, 2, 0, 0, 0, 12, 0, 0.3333333333333333, 0, 0, 0, 0, 0, 0, -21.050249099731445, 3.04376220703125], [1, 0, 1, 0.10118526220321655, 1, 0, 8, 5, 12, 1, 0, 1, 1, 3, 1, 5, 0, 0, 0, 4, 1, 0.5, 0, 0, 0, 0, 0, 0, -24.469154357910156, 0.09011459350585938], [1, 0, 1, 0.12196794152259827, 0, 0, 8, 4, 11, 1, 0, 1, 1, 2, 1, 3, 0, 0, 0, 3, 0, 0.5, 0, 0, 0, 0, 0, 0, -26.335594177246094, 0.4242515563964844], [1, 0, 0, 0.033549726009368896, 0, 0, 8, 3, 10, 1, 0, 0, 0, 1, 1, 7, 0, 0, 0, 2, 0, 0.8333333333333334, 0, 0, 0, 0, 0, 0, -33.77536392211914, 0.0], [0, 0, 0, 0.0748336911201477, 0, 0, 8, 3, 10, 0, 0, 0, 0, 1, 1, 3, 0, 0, 0, 2, 0, 0.5, 0, 0, 0, 0, 0, 0, -33.77536392211914, 0.0], [1, 0, 1, 0.00010204315185546875, 1, 0, 8, 9, 16, 1, 0, 1, 1, 5, 3, 1, 0, 0, 0, 8, 1, 0.6666666666666666, 0, 0, 0, 0, 0, 0, -23.15135955810547, 6.364299774169922], [0, 0, 0, 0.013680964708328247, 0, 0, 8, 13, 20, 0, 0, 0, 0, 11, 1, 5, 0, 0, 0, 12, 0, 0.5, 0, 0, 0, 0, 0, 0, -20.118450164794922, 0.012502670288085938], [1, 0, 0, 0.3866207003593445, 0, 0, 8, 3, 10, 1, 0, 0, 0, 1, 1, 4, 0, 0, 0, 2, 0, 0.5, 0, 0, 0, 0, 0, 0, -33.77536392211914, 0.0], [0, 0, 0, 0.036576807498931885, 0, 0, 8, 3, 10, 0, 0, 0, 0, 1, 1, 3, 0, 0, 0, 2, 0, 0.5, 0, 0, 0, 0, 0, 0, -33.77536392211914, 0.0], [0, 0, 0, 0.07030069828033447, 0, 0, 8, 3, 10, 0, 0, 0, 0, 1, 1, 4, 0, 0, 0, 2, 0, 0.8, 0, 0, 0, 0, 0, 0, -33.77536392211914, 0.0], [0, 0, 0, 0.05648350715637207, 0, 0, 8, 3, 10, 0, 0, 0, 0, 1, 1, 5, 0, 0, 0, 2, 0, 0.75, 0, 0, 0, 0, 0, 0, -33.77536392211914, 0.0], [0, 0, 0, 0.0, 0, 0, 4, 13, 16, 0, 0, 0, 0, 10, 2, 3, 0, 0, 0, 12, 0, 0.5, 0, 0, 0, 0, 0, 0, -27.372913360595703, 2.6904449462890625], [0, 0, 0, 0.05638772249221802, 0, 0, 8, 13, 20, 0, 0, 0, 0, 11, 1, 4, 0, 0, 0, 12, 0, 0.5, 0, 0, 0, 0, 0, 0, -20.077695846557617, 0.012502670288085938], [0, 0, 0, 0.14815473556518555, 0, 0, 8, 13, 20, 0, 0, 1, 0, 10, 2, 4, 0, 0, 0, 12, 0, 0.5, 0, 0, 0, 0, 0, 0, -21.490619659423828, 3.038576126098633], [0, 0, 0, 0.053207218647003174, 0, 0, 8, 3, 10, 0, 0, 0, 0, 1, 1, 5, 0, 0, 0, 2, 0, 0.5, 0, 0, 0, 0, 0, 0, -33.77536392211914, 0.0], [0, 0, 0, 0.02786773443222046, 0, 0, 8, 13, 20, 0, 0, 1, 0, 10, 2, 1, 0, 0, 0, 12, 0, 0.1111111111111111, 0, 0, 0, 0, 0, 0, -21.301998138427734, 3.0359764099121094], [0, 0, 0, 0.01417452096939087, 0, 0, 8, 3, 10, 0, 0, 0, 0, 1, 1, 6, 0, 0, 0, 2, 0, 0.75, 0, 0, 0, 0, 0, 0, -33.77536392211914, 0.0], [0, 0, 0, 0.026098698377609253, 0, 0, 8, 8, 15, 0, 0, 1, 0, 6, 1, 4, 0, 0, 0, 7, 0, 0.5, 0, 0, 0, 0, 0, 0, -21.66904067993164, 0.026197433471679688], [0, 0, 0, 0.046798303723335266, 0, 0, 8, 13, 20, 0, 0, 0, 0, 11, 1, 2, 0, 0, 0, 12, 0, 0.5, 0, 0, 0, 0, 0, 0, -20.268352508544922, 0.012483596801757812], [0, 0, 0, 0.11854180693626404, 0, 0, 8, 3, 10, 0, 0, 0, 0, 1, 1, 4, 0, 0, 0, 2, 0, 0.6666666666666666, 0, 0, 0, 0, 0, 0, -33.77536392211914, 0.0], [0, 0, 0, 0.0029792189598083496, 0, 0, 8, 13, 20, 0, 0, 0, 0, 11, 1, 1, 0, 0, 0, 12, 0, 0.5, 0, 0, 0, 0, 0, 0, -20.358524322509766, 0.012483596801757812], [0, 0, 0, 0.011248946189880371, 0, 0, 8, 13, 20, 0, 0, 0, 0, 11, 1, 1, 0, 0, 0, 12, 0, 0.5, 0, 0, 0, 0, 0, 0, -20.358524322509766, 0.012483596801757812], [0, 0, 0, 0.0072869062423706055, 0, 0, 8, 13, 20, 0, 0, 1, 0, 7, 4, 1, 0, 0, 0, 12, 0, 0.1111111111111111, 0, 0, 0, 0, 0, 0, -27.912202835083008, 0.8633766174316406], [0, 0, 0, 0.10896188020706177, 0, 0, 8, 13, 20, 0, 0, 0, 0, 8, 3, 3, 0, 0, 0, 12, 0, 0.6666666666666666, 0, 0, 0, 0, 0, 0, -32.61210632324219, 0.9675445556640625], [0, 0, 0, 0.1418595016002655, 0, 0, 8, 5, 12, 0, 0, 0, 0, 3, 1, 2, 0, 0, 0, 4, 0, 0.5, 0, 0, 0, 0, 0, 0, -24.53251838684082, 0.09001350402832031], [0, 0, 0, 0.05453008413314819, 0, 0, 8, 10, 17, 0, 0, 0, 0, 8, 1, 4, 0, 0, 0, 9, 0, 0.5, 0, 0, 0, 0, 0, 0, -20.798564910888672, 0.018463134765625], [0, 0, 0, 0.0011500716209411621, 0, 0, 8, 13, 20, 0, 0, 0, 0, 11, 1, 2, 0, 0, 0, 12, 0, 0.5, 0, 0, 0, 0, 0, 0, -20.529348373413086, 0.012468338012695312], [0, 0, 0, 0.0021935701370239258, 0, 0, 8, 13, 20, 0, 0, 1, 0, 11, 1, 1, 0, 0, 0, 12, 0, 0.2222222222222222, 0, 0, 0, 0, 0, 0, -20.118450164794922, 0.012502670288085938], [0, 0, 0, 0.00959104299545288, 0, 0, 8, 13, 20, 0, 0, 0, 0, 11, 1, 1, 0, 0, 0, 12, 0, 0.1111111111111111, 0, 0, 0, 0, 0, 0, -27.244583129882812, 0.013891220092773438], [0, 0, 0, 0.033102065324783325, 0, 0, 8, 3, 10, 0, 0, 0, 0, 1, 1, 4, 0, 0, 0, 2, 0, 0.6666666666666666, 0, 0, 0, 0, 0, 0, -33.77536392211914, 0.0], [0, 0, 0, 0.007730722427368164, 0, 0, 8, 13, 20, 0, 0, 0, 0, 9, 3, 2, 0, 0, 0, 12, 0, 0.75, 0, 0, 0, 0, 0, 0, -22.18781852722168, 3.8621444702148438], [0, 0, 0, 0.1515120565891266, 0, 0, 8, 5, 12, 0, 0, 0, 0, 2, 2, 4, 0, 0, 0, 4, 0, 0.5, 0, 0, 0, 0, 0, 0, -25.587800979614258, 15.248407363891602], [0, 0, 0, 0.03495034575462341, 0, 0, 8, 3, 10, 0, 0, 0, 0, 1, 1, 4, 0, 0, 0, 2, 0, 0.5, 0, 0, 0, 0, 0, 0, -33.77536392211914, 0.0], [0, 0, 0, 0.04242098331451416, 0, 0, 8, 3, 10, 0, 0, 0, 0, 1, 1, 3, 0, 0, 0, 2, 0, 0.75, 0, 0, 0, 0, 0, 0, -33.77536392211914, 0.0], [0, 0, 0, 0.04448553919792175, 0, 0, 8, 11, 18, 0, 0, 0, 0, 9, 1, 1, 0, 0, 0, 10, 0, 0.3333333333333333, 0, 0, 0, 0, 0, 0, -26.93538475036621, 0.0177001953125], [0, 0, 0, 0.007865309715270996, 0, 0, 8, 13, 20, 0, 0, 0, 0, 10, 2, 2, 0, 0, 0, 12, 0, 0.3333333333333333, 0, 0, 0, 0, 0, 0, -21.01852798461914, 3.042795181274414], [0, 0, 0, 0.037064969539642334, 0, 0, 8, 10, 17, 0, 0, 0, 0, 8, 1, 3, 0, 0, 0, 9, 0, 0.3333333333333333, 0, 0, 0, 0, 0, 0, -39.486053466796875, 0.010379791259765625], [0, 0, 0, 0.24226808547973633, 0, 0, 8, 3, 10, 0, 0, 0, 0, 1, 1, 3, 0, 0, 0, 2, 0, 0.5, 0, 0, 0, 0, 0, 0, -33.77536392211914, 0.0], [1, 0, 1, 0.0, 0, 1, 8, 12, 19, 1, 0, 1, 1, 6, 3, 2, 0, 0, 0, 11, 0, 0.5, 0, 0, 1, 0, 0, 0, -46.99872970581055, 0.7592010498046875], [0, 0, 0, 0.05648350715637207, 0, 0, 8, 3, 10, 0, 0, 0, 0, 1, 1, 5, 0, 0, 0, 2, 0, 0.75, 0, 0, 0, 0, 0, 0, -33.77536392211914, 0.0], [0, 0, 0, 0.0, 0, 0, 8, 9, 16, 0, 0, 0, 0, 7, 1, 2, 0, 0, 0, 8, 0, 0.5, 0, 0, 0, 0, 0, 0, -21.19792366027832, 0.021240234375], [0, 0, 0, 0.12197598814964294, 0, 0, 8, 3, 10, 0, 0, 0, 0, 1, 1, 2, 0, 0, 0, 2, 0, 0.5, 0, 0, 0, 0, 0, 0, -33.77536392211914, 0.0], [0, 0, 0, 0.06800663471221924, 0, 0, 8, 13, 20, 0, 0, 0, 0, 8, 2, 5, 0, 0, 0, 12, 0, 0.75, 0, 0, 0, 0, 0, 0, -29.614349365234375, 0.06125068664550781], [0, 0, 0, 0.046117037534713745, 0, 0, 8, 5, 12, 0, 0, 0, 0, 3, 1, 4, 0, 0, 0, 4, 0, 0.5, 0, 0, 0, 0, 0, 0, -24.53251838684082, 0.09001350402832031], [1, 0, 0, 0.11745542287826538, 0, 0, 8, 3, 10, 1, 0, 0, 0, 1, 1, 5, 0, 0, 0, 2, 0, 0.6666666666666666, 0, 0, 0, 0, 0, 0, -33.77536392211914, 0.0], [0, 0, 0, 0.2336970865726471, 0, 0, 8, 3, 10, 0, 0, 0, 0, 1, 1, 2, 0, 0, 0, 2, 0, 0.2, 0, 0, 0, 0, 0, 0, -33.77536392211914, 0.0], [0, 0, 0, 0.006866663694381714, 0, 0, 8, 13, 20, 0, 0, 1, 0, 11, 1, 4, 0, 0, 0, 12, 0, 0.5, 0, 0, 0, 0, 0, 0, -20.282289505004883, 0.012493133544921875], [0, 0, 0, 0.05075851082801819, 0, 0, 8, 3, 10, 0, 0, 0, 0, 1, 1, 5, 0, 0, 0, 2, 0, 0.5, 0, 0, 0, 0, 0, 0, -33.77536392211914, 0.0], [1, 0, 0, 0.044613420963287354, 0, 1, 8, 12, 19, 1, 0, 1, 0, 6, 4, 1, 0, 0, 0, 11, 0, 0.5, 0, 0, 1, 0, 0, 0, -43.73656463623047, 1.421173095703125], [1, 0, 0, 0.027796506881713867, 1, 0, 8, 13, 20, 1, 0, 0, 0, 9, 2, 2, 0, 0, 0, 12, 1, 0.6666666666666666, 0, 0, 0, 0, 0, 0, -25.647510528564453, 0.10037040710449219], [0, 0, 0, 0.4852941036224365, 0, 0, 8, 3, 10, 0, 0, 0, 0, 1, 1, 3, 0, 0, 0, 2, 0, 0.75, 0, 0, 0, 0, 0, 0, -33.77536392211914, 0.0], [0, 0, 0, 0.15171480178833008, 0, 0, 8, 4, 11, 0, 0, 0, 0, 2, 1, 5, 0, 0, 0, 3, 0, 0.5, 0, 0, 0, 0, 0, 0, -26.419923782348633, 0.42395973205566406], [1, 0, 1, 0.03996378183364868, 0, 0, 8, 13, 20, 1, 0, 1, 1, 4, 6, 2, 0, 0, 0, 12, 0, 0.5, 0, 0, 0, 0, 0, 0, -31.547470092773438, 1.2120933532714844], [0, 0, 0, 0.0, 0, 0, 8, 6, 13, 0, 0, 0, 0, 3, 2, 3, 0, 0, 0, 5, 0, 0.75, 0, 0, 0, 0, 0, 0, -24.50263214111328, 8.171279907226562], [0, 0, 0, 0.4304259121417999, 0, 0, 8, 13, 20, 0, 0, 0, 0, 7, 4, 2, 0, 0, 0, 12, 0, 0.6666666666666666, 0, 0, 0, 0, 0, 0, -27.780080795288086, 0.8441219329833984], [0, 0, 0, 0.024342000484466553, 0, 0, 8, 3, 10, 0, 0, 0, 0, 1, 1, 3, 0, 0, 0, 2, 0, 0.5, 0, 0, 0, 0, 0, 0, -33.77536392211914, 0.0], [0, 0, 0, 0.010987520217895508, 0, 0, 8, 3, 10, 0, 0, 0, 0, 1, 1, 5, 0, 0, 0, 2, 0, 0.5, 0, 0, 0, 0, 0, 0, -33.77536392211914, 0.0], [0, 0, 0, 0.014773726463317871, 0, 0, 8, 13, 20, 0, 0, 0, 0, 8, 4, 5, 0, 0, 0, 12, 0, 0.6666666666666666, 0, 0, 0, 0, 0, 0, -22.426490783691406, 4.889896392822266], [0, 0, 0, 0.025515347719192505, 0, 0, 8, 4, 11, 0, 0, 0, 0, 2, 1, 1, 0, 0, 0, 3, 0, 0.1, 0, 0, 0, 0, 0, 0, -26.419923782348633, 0.42395973205566406], [0, 0, 0, 0.03729689121246338, 0, 0, 8, 4, 11, 0, 0, 0, 0, 2, 1, 3, 0, 0, 0, 3, 0, 0.5, 0, 0, 0, 0, 0, 0, -26.419923782348633, 0.42395973205566406], [0, 0, 0, 0.0019336044788360596, 0, 0, 8, 13, 20, 0, 0, 0, 0, 11, 1, 1, 0, 0, 0, 12, 0, 0.02564102564102564, 0, 0, 0, 0, 0, 0, -20.22990608215332, 0.012493133544921875], [0, 0, 0, 0.03396984934806824, 0, 0, 8, 5, 12, 0, 0, 1, 1, 3, 1, 3, 0, 0, 0, 4, 0, 0.5, 0, 0, 0, 0, 0, 0, -31.03495979309082, 0.9434833526611328], [1, 0, 1, 0.05399352312088013, 1, 0, 8, 13, 20, 1, 0, 1, 1, 4, 8, 2, 0, 0, 0, 12, 1, 0.6666666666666666, 0, 0, 0, 0, 0, 0, -24.230897903442383, 7.942975997924805], [1, 0, 0, 0.006868839263916016, 0, 0, 8, 13, 20, 1, 0, 0, 0, 11, 1, 2, 0, 0, 0, 12, 0, 0.5, 0, 0, 0, 0, 0, 0, -26.867080688476562, 0.013957977294921875], [0, 0, 0, 0.05582380294799805, 0, 0, 8, 13, 20, 0, 0, 0, 0, 6, 6, 2, 0, 0, 0, 12, 0, 0.6666666666666666, 0, 0, 0, 0, 0, 0, -23.391403198242188, 6.508249282836914], [0, 0, 0, 0.028345197439193726, 0, 0, 8, 3, 10, 0, 0, 0, 0, 1, 1, 5, 0, 0, 0, 2, 0, 0.5, 0, 0, 0, 0, 0, 0, -33.77536392211914, 0.0], [1, 0, 1, 0.13221502304077148, 1, 0, 8, 5, 12, 1, 0, 1, 1, 2, 2, 6, 0, 0, 0, 4, 1, 0.8333333333333334, 0, 0, 0, 0, 0, 0, -25.583295822143555, 15.156999588012695], [1, 0, 0, 0.003602266311645508, 0, 0, 8, 3, 10, 1, 0, 0, 0, 1, 1, 7, 0, 0, 0, 2, 0, 0.6666666666666666, 0, 0, 0, 0, 0, 0, -33.77536392211914, 0.0], [0, 0, 0, 0.0356258749961853, 0, 0, 8, 5, 12, 0, 0, 0, 0, 2, 2, 5, 0, 0, 0, 4, 0, 0.6666666666666666, 0, 0, 0, 0, 0, 0, -25.66856575012207, 15.167642593383789], [0, 0, 0, 0.04864072799682617, 0, 0, 8, 4, 11, 0, 0, 0, 0, 1, 2, 2, 0, 0, 0, 3, 0, 0.25, 0, 0, 0, 0, 0, 0, -36.34147644042969, 0.0], [0, 0, 0, 0.12284454703330994, 0, 0, 8, 7, 14, 0, 0, 0, 0, 5, 1, 3, 0, 0, 0, 6, 0, 0.5, 0, 0, 0, 0, 0, 0, -22.36773109436035, 0.034664154052734375], [0, 0, 0, 0.032169878482818604, 0, 0, 8, 3, 10, 0, 0, 0, 0, 1, 1, 2, 0, 0, 0, 2, 0, 0.6666666666666666, 0, 0, 0, 0, 0, 0, -33.77536392211914, 0.0], [1, 0, 0, 0.0, 0, 0, 7, 5, 11, 1, 0, 0, 0, 3, 1, 4, 0, 0, 0, 4, 0, 0.5, 0, 0, 0, 0, 0, 0, -24.53251838684082, 0.09001350402832031], [0, 0, 0, 0.004280745983123779, 0, 0, 8, 5, 12, 0, 0, 0, 0, 3, 1, 3, 0, 0, 0, 4, 0, 0.6666666666666666, 0, 0, 0, 0, 0, 0, -24.53251838684082, 0.09001350402832031], [1, 0, 0, 0.056483566761016846, 0, 0, 8, 3, 10, 1, 0, 0, 0, 1, 1, 5, 0, 0, 0, 2, 0, 0.75, 0, 0, 0, 0, 0, 0, -33.77536392211914, 0.0], [0, 0, 0, 0.027554333209991455, 0, 0, 8, 13, 20, 0, 0, 0, 0, 11, 1, 2, 0, 0, 0, 12, 0, 0.5, 0, 0, 0, 0, 0, 0, -20.011281967163086, 0.01251220703125], [0, 0, 0, 0.058830320835113525, 0, 0, 8, 3, 10, 0, 0, 0, 0, 1, 1, 4, 0, 0, 0, 2, 0, 0.5, 0, 0, 0, 0, 0, 0, -33.77536392211914, 0.0], [0, 0, 0, 0.0032961368560791016, 0, 0, 8, 4, 11, 0, 0, 0, 0, 2, 1, 4, 0, 0, 0, 3, 0, 0.5, 0, 0, 0, 0, 0, 0, -26.419923782348633, 0.42395973205566406], [0, 0, 0, 0.1355522871017456, 0, 0, 8, 5, 12, 0, 0, 0, 0, 1, 3, 2, 0, 0, 0, 4, 0, 0.6666666666666666, 0, 0, 0, 0, 0, 0, -34.585262298583984, 0.0], [0, 0, 0, 0.1370234489440918, 0, 0, 8, 4, 11, 0, 0, 0, 0, 2, 1, 5, 0, 0, 0, 3, 0, 0.5, 0, 0, 0, 0, 0, 0, -26.419923782348633, 0.42395973205566406], [0, 0, 0, 0.05143877863883972, 0, 0, 8, 4, 11, 0, 0, 0, 0, 2, 1, 5, 0, 0, 0, 3, 0, 0.5, 0, 0, 0, 0, 0, 0, -26.419923782348633, 0.42395973205566406], [0, 0, 0, 0.0377349853515625, 0, 0, 8, 6, 13, 0, 0, 0, 0, 4, 1, 5, 0, 0, 0, 5, 0, 0.6666666666666666, 0, 0, 0, 0, 0, 0, -38.9154052734375, 0.004566192626953125], [0, 0, 0, 0.021535515785217285, 0, 0, 8, 4, 11, 0, 0, 0, 0, 1, 2, 3, 0, 0, 0, 3, 0, 0.6666666666666666, 0, 0, 0, 0, 0, 0, -36.34147644042969, 0.0], [0, 0, 0, 0.01884441077709198, 0, 0, 8, 3, 10, 0, 0, 0, 0, 1, 1, 5, 0, 0, 0, 2, 0, 0.5, 0, 0, 0, 0, 0, 0, -33.77536392211914, 0.0], [0, 0, 0, 0.050228655338287354, 0, 0, 8, 13, 20, 0, 0, 0, 0, 11, 1, 1, 0, 0, 0, 12, 0, 0.2, 0, 0, 0, 0, 0, 0, -20.118450164794922, 0.012502670288085938], [0, 0, 0, 0.005680456757545471, 0, 0, 8, 5, 12, 0, 0, 0, 0, 3, 1, 2, 0, 0, 0, 4, 0, 0.3333333333333333, 0, 0, 0, 0, 0, 0, -31.102941513061523, 0.9420909881591797], [0, 0, 0, 0.0, 0, 0, 7, 4, 10, 0, 0, 0, 0, 2, 1, 6, 0, 0, 0, 3, 0, 0.75, 0, 0, 0, 0, 0, 0, -26.419923782348633, 0.42395973205566406], [1, 0, 1, 0.045540809631347656, 1, 0, 8, 5, 12, 1, 0, 1, 1, 2, 2, 6, 0, 0, 0, 4, 1, 0.8333333333333334, 0, 0, 0, 0, 0, 0, -32.0363883972168, 11.129570007324219], [0, 0, 0, 0.04242098331451416, 0, 0, 8, 3, 10, 0, 0, 0, 0, 1, 1, 3, 0, 0, 0, 2, 0, 0.75, 0, 0, 0, 0, 0, 0, -33.77536392211914, 0.0], [0, 0, 0, 0.0025373250246047974, 0, 0, 8, 5, 12, 0, 0, 0, 0, 2, 2, 2, 0, 0, 0, 4, 0, 0.25, 0, 0, 0, 0, 0, 0, -25.66856575012207, 15.167642593383789], [0, 0, 0, 0.038585811853408813, 0, 0, 8, 3, 10, 0, 0, 0, 0, 1, 1, 3, 0, 0, 0, 2, 0, 0.5, 0, 0, 0, 0, 0, 0, -33.77536392211914, 0.0], [0, 0, 0, 0.09598541259765625, 0, 0, 8, 13, 20, 0, 0, 0, 0, 11, 1, 1, 0, 0, 0, 12, 0, 0.019736842105263157, 0, 0, 0, 0, 0, 0, -20.130756378173828, 0.012495040893554688], [0, 0, 0, 0.032647162675857544, 0, 0, 8, 8, 15, 0, 0, 0, 0, 6, 1, 4, 0, 0, 0, 7, 0, 0.6666666666666666, 0, 0, 0, 0, 0, 0, -35.71013641357422, 0.00653076171875], [0, 0, 0, 0.001187741756439209, 0, 0, 8, 7, 14, 0, 0, 0, 0, 5, 1, 6, 0, 0, 0, 6, 0, 0.5, 0, 0, 0, 0, 0, 0, -22.36773109436035, 0.034664154052734375], [1, 0, 0, 0.0008891820907592773, 0, 0, 4, 3, 6, 1, 0, 0, 0, 1, 1, 3, 0, 0, 0, 2, 0, 0.6666666666666666, 0, 0, 0, 0, 0, 0, -33.77536392211914, 0.0], [0, 0, 0, 0.0001577138900756836, 0, 0, 8, 7, 14, 0, 0, 0, 0, 5, 1, 1, 0, 0, 0, 6, 0, 0.16666666666666666, 0, 0, 0, 0, 0, 0, -37.089759826660156, 0.01080322265625], [0, 0, 0, 0.01902538537979126, 0, 0, 8, 7, 14, 0, 0, 0, 0, 5, 1, 6, 0, 0, 0, 6, 0, 0.6666666666666666, 0, 0, 0, 0, 0, 0, -36.458595275878906, 0.07271575927734375], [0, 0, 0, 0.0036180615425109863, 0, 0, 8, 13, 20, 0, 0, 0, 0, 11, 1, 1, 0, 0, 0, 12, 0, 0.019230769230769232, 0, 0, 0, 0, 0, 0, -20.282289505004883, 0.012493133544921875], [0, 0, 0, 0.1079738438129425, 0, 0, 8, 13, 20, 0, 0, 0, 0, 11, 1, 2, 0, 0, 0, 12, 0, 0.25, 0, 0, 0, 0, 0, 0, -20.275413513183594, 0.012487411499023438], [0, 0, 0, 0.0019066482782363892, 0, 0, 8, 13, 20, 0, 0, 0, 0, 11, 1, 2, 0, 0, 0, 12, 0, 0.5, 0, 0, 0, 0, 0, 0, -20.184934616088867, 0.012495040893554688], [0, 0, 0, 0.0006438195705413818, 0, 0, 8, 3, 10, 0, 0, 0, 0, 1, 1, 4, 0, 0, 0, 2, 0, 0.5, 0, 0, 0, 0, 0, 0, -33.77536392211914, 0.0], [0, 0, 0, 0.026121318340301514, 0, 0, 8, 3, 10, 0, 0, 0, 0, 1, 1, 5, 0, 0, 0, 2, 0, 0.5, 0, 0, 0, 0, 0, 0, -33.77536392211914, 0.0], [0, 0, 0, 0.021719664335250854, 0, 0, 8, 3, 10, 0, 0, 0, 0, 1, 1, 4, 0, 0, 0, 2, 0, 0.5, 0, 0, 0, 0, 0, 0, -33.77536392211914, 0.0], [0, 0, 0, 0.06655019521713257, 0, 0, 8, 13, 20, 0, 0, 0, 0, 11, 1, 2, 0, 0, 0, 12, 0, 0.2857142857142857, 0, 0, 0, 0, 0, 0, -20.17494773864746, 0.012495040893554688], [0, 0, 0, 0.06798124313354492, 0, 0, 8, 4, 11, 0, 0, 0, 0, 2, 1, 3, 0, 0, 0, 3, 0, 0.5, 0, 0, 0, 0, 0, 0, -26.419923782348633, 0.42395973205566406], [1, 0, 0, 0.04830443859100342, 1, 0, 8, 4, 11, 1, 0, 1, 0, 2, 1, 5, 0, 0, 0, 3, 1, 0.6666666666666666, 0, 0, 0, 0, 0, 0, -26.335594177246094, 0.4242515563964844], [0, 0, 0, 0.0211944580078125, 0, 0, 8, 13, 20, 0, 0, 0, 0, 11, 1, 1, 0, 0, 0, 12, 0, 0.13043478260869565, 0, 0, 0, 0, 0, 0, -20.597585678100586, 0.012462615966796875], [0, 0, 0, 0.0693325400352478, 0, 0, 8, 4, 11, 0, 0, 0, 0, 2, 1, 2, 0, 0, 0, 3, 0, 0.3333333333333333, 0, 0, 0, 0, 0, 0, -26.419923782348633, 0.42395973205566406], [1, 0, 0, 0.2964506149291992, 0, 0, 8, 5, 12, 1, 0, 0, 0, 2, 2, 3, 0, 0, 0, 4, 0, 0.6666666666666666, 0, 0, 0, 0, 0, 0, -25.347959518432617, 15.488248825073242], [1, 0, 1, 0.02810037136077881, 1, 0, 8, 4, 11, 1, 0, 1, 1, 2, 1, 6, 0, 0, 0, 3, 1, 0.5, 0, 0, 0, 0, 0, 0, -26.335594177246094, 0.4242515563964844], [1, 0, 0, 0.11440128087997437, 0, 0, 8, 4, 11, 1, 0, 0, 0, 2, 1, 3, 0, 0, 0, 3, 0, 0.5, 0, 0, 0, 0, 0, 0, -26.419923782348633, 0.42395973205566406], [0, 0, 0, 0.017594754695892334, 0, 0, 8, 6, 13, 0, 0, 0, 0, 4, 1, 4, 0, 0, 0, 5, 0, 0.75, 0, 0, 0, 0, 0, 0, -39.059791564941406, 0.08806610107421875], [0, 0, 0, 0.031170308589935303, 0, 0, 8, 13, 20, 0, 0, 0, 0, 10, 2, 2, 0, 0, 0, 12, 0, 0.6666666666666666, 0, 0, 0, 0, 0, 0, -27.366031646728516, 2.685525894165039], [0, 0, 0, 0.020963728427886963, 0, 0, 8, 13, 20, 0, 0, 0, 0, 11, 1, 1, 0, 0, 0, 12, 0, 0.13043478260869565, 0, 0, 0, 0, 0, 0, -20.597585678100586, 0.012462615966796875], [0, 0, 0, 0.08838379383087158, 0, 0, 8, 13, 20, 0, 0, 0, 0, 8, 3, 2, 0, 0, 0, 12, 0, 0.75, 0, 0, 0, 0, 0, 0, -28.877729415893555, 1.7272377014160156], [0, 0, 0, 0.07853338122367859, 0, 0, 8, 3, 10, 0, 0, 0, 0, 1, 1, 4, 0, 0, 0, 2, 0, 0.5, 0, 0, 0, 0, 0, 0, -33.77536392211914, 0.0], [1, 0, 0, 0.07420897483825684, 0, 0, 8, 13, 20, 1, 0, 1, 0, 10, 2, 2, 0, 0, 0, 12, 0, 0.75, 0, 0, 0, 0, 0, 0, -21.29120635986328, 3.0509471893310547], [0, 0, 0, 0.04242098331451416, 0, 0, 8, 3, 10, 0, 0, 0, 0, 1, 1, 3, 0, 0, 0, 2, 0, 0.75, 0, 0, 0, 0, 0, 0, -33.77536392211914, 0.0], [0, 0, 1, 0.040808528661727905, 0, 0, 8, 7, 14, 0, 0, 1, 1, 2, 4, 4, 0, 0, 0, 6, 0, 0.6666666666666666, 0, 0, 0, 0, 0, 0, -36.03174591064453, 12.374866485595703], [0, 0, 0, 0.011534243822097778, 0, 0, 8, 3, 10, 0, 0, 0, 0, 1, 1, 4, 0, 0, 0, 2, 0, 0.5, 0, 0, 0, 0, 0, 0, -33.77536392211914, 0.0], [0, 0, 0, 0.006460130214691162, 0, 0, 8, 4, 11, 0, 0, 0, 0, 2, 1, 3, 0, 0, 0, 3, 0, 0.5, 0, 0, 0, 0, 0, 0, -26.419923782348633, 0.42395973205566406], [0, 0, 1, 0.002653747797012329, 0, 0, 8, 9, 16, 0, 0, 1, 1, 4, 4, 4, 0, 0, 0, 8, 0, 0.5, 0, 0, 0, 0, 0, 0, -23.634319305419922, 7.7125701904296875], [0, 0, 0, 0.032169878482818604, 0, 0, 8, 3, 10, 0, 0, 0, 0, 1, 1, 2, 0, 0, 0, 2, 0, 0.6666666666666666, 0, 0, 0, 0, 0, 0, -33.77536392211914, 0.0], [0, 0, 0, 0.0016877353191375732, 0, 0, 8, 13, 20, 0, 0, 0, 0, 11, 1, 4, 0, 0, 0, 12, 0, 0.5, 0, 0, 0, 0, 0, 0, -20.062583923339844, 0.012506484985351562], [0, 0, 0, 0.0824064314365387, 0, 0, 8, 13, 20, 0, 0, 0, 0, 11, 1, 2, 0, 0, 0, 12, 0, 0.25, 0, 0, 0, 0, 0, 0, -20.077695846557617, 0.012502670288085938], [1, 0, 0, 0.029739022254943848, 0, 0, 8, 13, 20, 1, 0, 0, 0, 11, 1, 2, 0, 0, 0, 12, 0, 0.75, 0, 0, 0, 0, 0, 0, -20.221500396728516, 0.012491226196289062], [0, 0, 0, 0.08976835012435913, 0, 0, 8, 13, 20, 0, 0, 0, 0, 10, 2, 2, 0, 0, 0, 12, 0, 0.75, 0, 0, 0, 0, 0, 0, -21.465822219848633, 3.0380001068115234], [0, 0, 0, 0.03810730576515198, 0, 0, 8, 3, 10, 0, 0, 0, 0, 1, 1, 5, 0, 0, 0, 2, 0, 0.5, 0, 0, 0, 0, 0, 0, -33.77536392211914, 0.0], [0, 0, 0, 8.846819400787354e-05, 0, 0, 8, 13, 20, 0, 0, 0, 0, 11, 1, 2, 0, 0, 0, 12, 0, 0.3333333333333333, 0, 0, 0, 0, 0, 0, -20.295543670654297, 0.012481689453125], [0, 0, 0, 0.03686264157295227, 0, 0, 8, 8, 15, 0, 0, 0, 0, 6, 1, 1, 0, 0, 0, 7, 0, 0.5, 0, 0, 0, 0, 0, 0, -35.71013641357422, 0.00653076171875], [1, 0, 1, 0.09097415208816528, 0, 1, 8, 3, 10, 1, 0, 0, 0, 1, 1, 3, 0, 0, 0, 2, 0, 0.5, 0, 0, 1, 0, 0, 0, -26.759841918945312, 9.581634521484375], [0, 0, 0, 0.0035439729690551758, 0, 0, 8, 6, 13, 0, 0, 0, 0, 4, 1, 3, 0, 0, 0, 5, 0, 0.5, 0, 0, 0, 0, 0, 0, -23.264291763305664, 0.05103302001953125], [0, 0, 0, 0.002361774444580078, 0, 0, 8, 13, 20, 0, 0, 0, 0, 11, 1, 2, 0, 0, 0, 12, 0, 0.5, 0, 0, 0, 0, 0, 0, -20.529348373413086, 0.012468338012695312], [0, 0, 0, 0.047028928995132446, 0, 0, 8, 13, 20, 0, 0, 0, 0, 11, 1, 1, 0, 0, 0, 12, 0, 0.25, 0, 0, 0, 0, 0, 0, -20.261093139648438, 0.01248931884765625], [0, 0, 0, 0.023985981941223145, 0, 0, 8, 13, 20, 0, 0, 0, 0, 11, 1, 1, 0, 0, 0, 12, 0, 0.13043478260869565, 0, 0, 0, 0, 0, 0, -20.597585678100586, 0.012462615966796875], [0, 0, 0, 0.003789663314819336, 0, 0, 8, 11, 18, 0, 0, 0, 0, 9, 1, 1, 0, 0, 0, 10, 0, 0.1111111111111111, 0, 0, 0, 0, 0, 0, -34.52104568481445, 0.035831451416015625], [0, 0, 0, 0.007715582847595215, 0, 0, 8, 11, 18, 0, 0, 0, 0, 9, 1, 3, 0, 0, 0, 10, 0, 0.5, 0, 0, 0, 0, 0, 0, -20.476938247680664, 0.015985488891601562], [0, 0, 0, 0.04242098331451416, 0, 0, 8, 3, 10, 0, 0, 0, 0, 1, 1, 3, 0, 0, 0, 2, 0, 0.75, 0, 0, 0, 0, 0, 0, -33.77536392211914, 0.0], [0, 0, 0, 0.07881927490234375, 0, 0, 8, 4, 11, 0, 0, 0, 0, 2, 1, 4, 0, 0, 0, 3, 0, 0.5, 0, 0, 0, 0, 0, 0, -26.419923782348633, 0.42395973205566406], [0, 0, 0, 0.03438320755958557, 0, 0, 8, 9, 16, 0, 0, 0, 0, 6, 2, 1, 0, 0, 0, 8, 0, 0.08333333333333333, 0, 0, 0, 0, 0, 0, -22.660966873168945, 4.777055740356445], [1, 0, 0, 0.0, 0, 0, 2, 4, 5, 1, 0, 1, 0, 2, 1, 1, 0, 0, 0, 3, 0, 0.6666666666666666, 0, 0, 0, 0, 0, 0, -26.335594177246094, 0.4242515563964844], [1, 0, 0, 0.05335083603858948, 0, 0, 8, 3, 10, 1, 0, 0, 0, 1, 1, 2, 0, 0, 0, 2, 0, 0.5, 0, 0, 0, 0, 0, 0, -33.77536392211914, 0.0], [1, 0, 1, 0.05399352312088013, 1, 0, 8, 13, 20, 1, 0, 1, 1, 9, 3, 2, 0, 0, 0, 12, 1, 0.6666666666666666, 0, 0, 0, 0, 0, 0, -22.118127822875977, 3.8485660552978516], [0, 0, 0, 0.015490323305130005, 0, 0, 8, 13, 20, 0, 0, 0, 0, 9, 2, 1, 0, 0, 0, 12, 0, 0.09090909090909091, 0, 0, 0, 0, 0, 0, -25.503314971923828, 0.1083221435546875], [0, 0, 0, 0.038709938526153564, 0, 0, 8, 13, 20, 0, 0, 0, 0, 11, 1, 3, 0, 0, 0, 12, 0, 0.5, 0, 0, 0, 0, 0, 0, -20.077695846557617, 0.012502670288085938], [0, 0, 0, 0.041117727756500244, 0, 0, 8, 13, 20, 0, 0, 0, 0, 10, 2, 1, 0, 0, 0, 12, 0, 0.2, 0, 0, 0, 0, 0, 0, -21.344358444213867, 3.0365543365478516], [0, 0, 0, 0.19552308320999146, 0, 0, 8, 6, 13, 0, 0, 0, 0, 3, 2, 3, 0, 0, 0, 5, 0, 0.3333333333333333, 0, 0, 0, 0, 0, 0, -40.50278854370117, 7.403144836425781], [0, 0, 0, 0.0350739061832428, 0, 0, 8, 13, 20, 0, 0, 0, 0, 11, 1, 1, 0, 0, 0, 12, 0, 0.25, 0, 0, 0, 0, 0, 0, -20.261093139648438, 0.01248931884765625], [0, 0, 0, 0.04806399345397949, 0, 0, 8, 4, 11, 0, 0, 0, 0, 1, 2, 1, 0, 0, 0, 3, 0, 0.5, 0, 0, 0, 0, 0, 0, -36.34147644042969, 0.0], [0, 0, 0, 0.33073878288269043, 0, 0, 8, 3, 10, 0, 0, 0, 0, 1, 1, 3, 0, 0, 0, 2, 0, 0.5, 0, 0, 0, 0, 0, 0, -33.77536392211914, 0.0], [0, 0, 0, 0.1627541184425354, 0, 0, 8, 6, 13, 0, 0, 0, 0, 4, 1, 2, 0, 0, 0, 5, 0, 0.3333333333333333, 0, 0, 0, 0, 0, 0, -38.9154052734375, 0.004566192626953125], [0, 0, 0, 0.11227518320083618, 0, 0, 8, 13, 20, 0, 0, 0, 0, 11, 1, 3, 0, 0, 0, 12, 0, 0.5, 0, 0, 0, 0, 0, 0, -26.858049392700195, 0.013957977294921875], [1, 0, 0, 0.0, 0, 0, 6, 13, 18, 1, 0, 1, 0, 10, 2, 5, 0, 0, 0, 12, 0, 0.5, 0, 0, 0, 0, 0, 0, -29.72496223449707, 2.673460006713867], [0, 0, 0, 0.018497228622436523, 0, 0, 8, 9, 16, 0, 0, 0, 0, 6, 2, 5, 0, 0, 0, 8, 0, 0.5, 0, 0, 0, 0, 0, 0, -25.757604598999023, 3.2568206787109375], [0, 0, 0, 0.02786773443222046, 0, 0, 8, 13, 20, 0, 0, 0, 0, 11, 1, 1, 0, 0, 0, 12, 0, 0.1111111111111111, 0, 0, 0, 0, 0, 0, -20.077695846557617, 0.012502670288085938], [0, 0, 0, 0.09499770402908325, 0, 0, 8, 9, 16, 0, 0, 0, 0, 7, 1, 5, 0, 0, 0, 8, 0, 0.6666666666666666, 0, 0, 0, 0, 0, 0, -21.19792366027832, 0.021240234375], [0, 0, 0, 0.000932157039642334, 0, 0, 8, 9, 16, 0, 0, 0, 0, 7, 1, 2, 0, 0, 0, 8, 0, 0.5, 0, 0, 0, 0, 0, 0, -21.19792366027832, 0.021240234375], [0, 0, 0, 0.013266682624816895, 0, 0, 8, 4, 11, 0, 0, 0, 0, 2, 1, 3, 0, 0, 0, 3, 0, 0.5, 0, 0, 0, 0, 0, 0, -26.419923782348633, 0.42395973205566406], [0, 0, 0, 0.3993358910083771, 0, 0, 8, 3, 10, 0, 0, 0, 0, 1, 1, 3, 0, 0, 0, 2, 0, 0.5, 0, 0, 0, 0, 0, 0, -33.77536392211914, 0.0], [0, 0, 0, 0.07080942392349243, 0, 0, 8, 13, 20, 0, 0, 0, 0, 9, 3, 6, 0, 0, 0, 12, 0, 0.75, 0, 0, 0, 0, 0, 0, -21.889204025268555, 3.877613067626953], [0, 0, 0, 0.0, 0, 0, 4, 13, 16, 1, 0, 1, 0, 9, 2, 3, 0, 0, 0, 12, 0, 0.5, 0, 0, 0, 0, 0, 0, -25.36018943786621, 0.12795448303222656], [0, 0, 0, 0.03237470984458923, 0, 0, 8, 10, 17, 0, 0, 0, 0, 8, 1, 3, 0, 0, 0, 9, 0, 0.5, 0, 0, 0, 0, 0, 0, -39.486053466796875, 0.010379791259765625], [1, 0, 0, 0.009672969579696655, 1, 0, 8, 13, 20, 1, 0, 0, 0, 10, 2, 2, 0, 0, 0, 12, 0, 0.25, 0, 0, 0, 0, 0, 0, -21.050249099731445, 3.04376220703125], [1, 0, 0, 0.05872011184692383, 0, 0, 8, 12, 19, 1, 0, 1, 0, 8, 3, 3, 0, 0, 0, 11, 0, 0.75, 0, 0, 0, 0, 0, 0, -38.45491409301758, 4.064579010009766], [0, 0, 0, 0.009708106517791748, 0, 0, 8, 13, 20, 0, 0, 0, 0, 11, 1, 1, 0, 0, 0, 12, 0, 0.5, 0, 0, 0, 0, 0, 0, -20.529348373413086, 0.012468338012695312], [0, 0, 0, 0.009640157222747803, 0, 0, 8, 12, 19, 0, 0, 0, 0, 10, 1, 1, 0, 0, 0, 11, 0, 0.1111111111111111, 0, 0, 0, 0, 0, 0, -36.89600372314453, 0.005199432373046875], [0, 0, 0, 0.020622164011001587, 0, 0, 8, 13, 20, 0, 0, 0, 0, 11, 1, 1, 0, 0, 0, 12, 0, 0.5, 0, 0, 0, 0, 0, 0, -20.358524322509766, 0.012483596801757812], [0, 0, 0, 0.21953460574150085, 0, 0, 8, 3, 10, 0, 0, 0, 0, 1, 1, 3, 0, 0, 0, 2, 0, 0.5, 0, 0, 0, 0, 0, 0, -33.77536392211914, 0.0], [0, 0, 0, 0.0972701907157898, 0, 0, 8, 3, 10, 0, 0, 0, 0, 1, 1, 3, 0, 0, 0, 2, 0, 0.5, 0, 0, 0, 0, 0, 0, -33.77536392211914, 0.0], [0, 0, 0, 0.011842191219329834, 0, 0, 8, 3, 10, 0, 0, 0, 0, 1, 1, 4, 0, 0, 0, 2, 0, 0.5, 0, 0, 0, 0, 0, 0, -33.77536392211914, 0.0], [0, 0, 0, 0.003027409315109253, 0, 0, 8, 9, 16, 0, 0, 0, 0, 7, 1, 7, 0, 0, 0, 8, 0, 0.6666666666666666, 0, 0, 0, 0, 0, 0, -21.19792366027832, 0.021240234375], [0, 0, 0, 0.04356241226196289, 0, 0, 8, 13, 20, 0, 0, 0, 0, 5, 7, 4, 0, 0, 0, 12, 0, 0.6666666666666666, 0, 0, 0, 0, 0, 0, -23.145889282226562, 7.342321395874023], [0, 0, 0, 0.13445180654525757, 0, 0, 8, 5, 12, 0, 0, 0, 0, 3, 1, 4, 0, 0, 0, 4, 0, 0.5, 0, 0, 0, 0, 0, 0, -24.53251838684082, 0.09001350402832031], [0, 0, 0, 0.057531923055648804, 0, 0, 8, 9, 16, 0, 0, 1, 0, 7, 1, 1, 0, 0, 0, 8, 0, 0.08333333333333333, 0, 0, 0, 0, 0, 0, -21.1662540435791, 0.021245956420898438], [0, 0, 0, 0.0012432336807250977, 0, 0, 8, 5, 12, 0, 0, 0, 0, 3, 1, 1, 0, 0, 0, 4, 0, 0.6666666666666666, 0, 0, 0, 0, 0, 0, -19.485034942626953, 13.767578125], [0, 0, 0, 0.003602266311645508, 0, 0, 8, 4, 11, 0, 0, 0, 0, 1, 2, 7, 0, 0, 0, 3, 0, 0.6666666666666666, 0, 0, 0, 0, 0, 0, -36.34147644042969, 0.0], [0, 0, 0, 0.41748639941215515, 0, 0, 8, 3, 10, 0, 0, 0, 0, 1, 1, 4, 0, 0, 0, 2, 0, 0.6666666666666666, 0, 0, 0, 0, 0, 0, -33.77536392211914, 0.0], [0, 0, 0, 0.005137771368026733, 0, 0, 8, 13, 20, 0, 0, 0, 0, 11, 1, 1, 0, 0, 0, 12, 0, 0.5, 0, 0, 0, 0, 0, 0, -27.01848030090332, 0.013929367065429688], [0, 0, 0, 0.053819119930267334, 0, 0, 8, 10, 17, 0, 0, 0, 0, 8, 1, 1, 0, 0, 0, 9, 0, 0.125, 0, 0, 0, 0, 0, 0, -20.798564910888672, 0.018463134765625], [0, 0, 0, 0.019668608903884888, 0, 0, 8, 13, 20, 0, 0, 0, 0, 11, 1, 6, 0, 0, 0, 12, 0, 0.5, 0, 0, 0, 0, 0, 0, -20.118450164794922, 0.012502670288085938], [0, 0, 0, 0.11207735538482666, 0, 0, 8, 6, 13, 0, 0, 0, 0, 4, 1, 4, 0, 0, 0, 5, 0, 0.6666666666666666, 0, 0, 0, 0, 0, 0, -23.264291763305664, 0.05103302001953125], [0, 0, 0, 0.2259402871131897, 0, 0, 8, 6, 13, 0, 0, 0, 0, 3, 2, 5, 0, 0, 0, 5, 0, 0.5, 0, 0, 0, 0, 0, 0, -39.099483489990234, 9.07705307006836], [0, 0, 0, 0.09235671162605286, 0, 0, 8, 13, 20, 0, 0, 0, 0, 11, 1, 3, 0, 0, 0, 12, 0, 0.5, 0, 0, 0, 0, 0, 0, -20.21282196044922, 0.01248931884765625], [0, 0, 0, 0.0874311625957489, 0, 0, 8, 13, 20, 0, 0, 0, 0, 11, 1, 2, 0, 0, 0, 12, 0, 0.2857142857142857, 0, 0, 0, 0, 0, 0, -20.17494773864746, 0.012495040893554688], [0, 0, 0, 0.020361661911010742, 0, 0, 8, 13, 20, 0, 0, 0, 0, 11, 1, 2, 0, 0, 0, 12, 0, 0.5, 0, 0, 0, 0, 0, 0, -20.22990608215332, 0.012493133544921875], [0, 0, 0, 0.0027347207069396973, 0, 0, 8, 13, 20, 0, 0, 0, 0, 11, 1, 3, 0, 0, 0, 12, 0, 0.6666666666666666, 0, 0, 0, 0, 0, 0, -19.991708755493164, 0.01251220703125], [0, 0, 0, 0.07197514176368713, 0, 0, 8, 5, 12, 0, 0, 0, 0, 3, 1, 3, 0, 0, 0, 4, 0, 0.5, 0, 0, 0, 0, 0, 0, -24.53251838684082, 0.09001350402832031], [0, 0, 0, 0.012764036655426025, 0, 0, 8, 13, 20, 0, 0, 0, 0, 11, 1, 3, 0, 0, 0, 12, 0, 0.5, 0, 0, 0, 0, 0, 0, -20.282289505004883, 0.012493133544921875], [0, 0, 0, 0.007465392351150513, 0, 0, 8, 13, 20, 0, 0, 0, 0, 11, 1, 1, 0, 0, 0, 12, 0, 0.1111111111111111, 0, 0, 0, 0, 0, 0, -20.529348373413086, 0.012468338012695312], [0, 0, 0, 0.03637218475341797, 0, 0, 8, 13, 20, 0, 0, 1, 0, 9, 2, 2, 0, 0, 0, 12, 0, 0.6666666666666666, 0, 0, 0, 0, 0, 0, -30.214641571044922, 2.7774620056152344], [1, 0, 1, 0.2155601978302002, 1, 0, 8, 4, 11, 1, 0, 1, 0, 2, 1, 5, 0, 0, 0, 3, 0, 0.75, 0, 0, 0, 0, 0, 0, -17.43279266357422, 20.253326416015625], [0, 0, 0, 0.01856076717376709, 0, 0, 8, 3, 10, 0, 0, 0, 0, 1, 1, 4, 0, 0, 0, 2, 0, 0.75, 0, 0, 0, 0, 0, 0, -33.77536392211914, 0.0], [0, 0, 0, 0.026422113180160522, 0, 0, 8, 9, 16, 0, 0, 0, 0, 7, 1, 4, 0, 0, 0, 8, 0, 0.6666666666666666, 0, 0, 0, 0, 0, 0, -21.19792366027832, 0.021240234375], [0, 0, 0, 0.08056816458702087, 0, 0, 8, 13, 20, 0, 0, 0, 0, 11, 1, 4, 0, 0, 0, 12, 0, 0.6666666666666666, 0, 0, 0, 0, 0, 0, -20.011281967163086, 0.01251220703125], [0, 0, 0, 0.050310611724853516, 0, 0, 8, 3, 10, 0, 0, 0, 0, 1, 1, 5, 0, 0, 0, 2, 0, 0.6666666666666666, 0, 0, 0, 0, 0, 0, -33.77536392211914, 0.0], [1, 0, 1, 0.18696242570877075, 0, 1, 8, 3, 10, 1, 0, 0, 0, 1, 1, 5, 0, 0, 0, 2, 0, 0.6666666666666666, 0, 0, 1, 0, 0, 0, -26.759841918945312, 16.592578887939453], [1, 0, 0, 0.03678596019744873, 0, 0, 7, 4, 10, 1, 0, 0, 0, 2, 1, 6, 0, 0, 0, 3, 0, 0.6666666666666666, 0, 0, 0, 0, 0, 0, -26.419923782348633, 0.42395973205566406], [0, 0, 0, 0.00986248254776001, 0, 0, 8, 3, 10, 0, 0, 0, 0, 1, 1, 6, 0, 0, 0, 2, 0, 0.8333333333333334, 0, 0, 0, 0, 0, 0, -33.77536392211914, 0.0], [0, 0, 0, 0.007083624601364136, 0, 0, 8, 3, 10, 0, 0, 0, 0, 1, 1, 3, 0, 0, 0, 2, 0, 0.625, 0, 0, 0, 0, 0, 0, -33.77536392211914, 0.0], [0, 0, 0, 0.0008891820907592773, 0, 0, 4, 3, 6, 0, 0, 0, 0, 1, 1, 3, 0, 0, 0, 2, 0, 0.6666666666666666, 0, 0, 0, 0, 0, 0, -33.77536392211914, 0.0], [0, 0, 0, 0.021603107452392578, 0, 0, 8, 6, 13, 0, 0, 0, 0, 4, 1, 5, 0, 0, 0, 5, 0, 0.6666666666666666, 0, 0, 0, 0, 0, 0, -28.832172393798828, 0.4241790771484375], [0, 0, 0, 0.3479672074317932, 0, 0, 5, 4, 8, 1, 0, 0, 0, 2, 1, 4, 0, 0, 0, 3, 0, 0.6666666666666666, 0, 0, 0, 0, 0, 0, -26.419923782348633, 0.42395973205566406], [0, 0, 0, 0.07088038325309753, 0, 0, 8, 3, 10, 0, 0, 0, 0, 1, 1, 5, 0, 0, 0, 2, 0, 0.5, 0, 0, 0, 0, 0, 0, -33.77536392211914, 0.0], [0, 0, 0, 0.10304957628250122, 0, 0, 8, 13, 20, 0, 0, 0, 0, 9, 3, 3, 0, 0, 0, 12, 0, 0.5, 0, 0, 0, 0, 0, 0, -26.595577239990234, 3.4058380126953125], [0, 0, 0, 0.14462906122207642, 0, 0, 8, 7, 14, 0, 0, 0, 0, 4, 2, 6, 0, 0, 0, 6, 0, 0.6666666666666666, 0, 0, 0, 0, 0, 0, -38.49885559082031, 7.339076995849609], [0, 0, 1, 0.010451272130012512, 0, 0, 8, 4, 11, 0, 0, 1, 1, 2, 1, 3, 0, 0, 0, 3, 0, 0.5, 0, 0, 0, 0, 0, 0, -26.335594177246094, 0.4242515563964844], [0, 0, 0, 0.07791763544082642, 0, 0, 8, 5, 12, 0, 0, 0, 0, 3, 1, 4, 0, 0, 0, 4, 0, 0.5, 0, 0, 0, 0, 0, 0, -24.53251838684082, 0.09001350402832031], [0, 0, 0, 0.002410888671875, 0, 0, 8, 3, 10, 0, 0, 0, 0, 1, 1, 7, 0, 0, 0, 2, 0, 0.5, 0, 0, 0, 0, 0, 0, -33.77536392211914, 0.0], [0, 0, 0, 0.05666840076446533, 0, 0, 8, 13, 20, 0, 0, 0, 0, 9, 3, 2, 0, 0, 0, 12, 0, 0.6666666666666666, 0, 0, 0, 0, 0, 0, -27.696277618408203, 2.2769947052001953], [0, 0, 0, 0.08643031120300293, 0, 0, 8, 13, 20, 0, 0, 0, 0, 9, 2, 2, 0, 0, 0, 12, 0, 0.75, 0, 0, 0, 0, 0, 0, -32.84120178222656, 0.0295257568359375], [0, 0, 0, 0.052893370389938354, 0, 0, 8, 4, 11, 0, 0, 0, 0, 2, 1, 4, 0, 0, 0, 3, 0, 0.5, 0, 0, 0, 0, 0, 0, -26.419923782348633, 0.42395973205566406], [1, 0, 1, 0.20374560356140137, 1, 0, 8, 5, 12, 1, 0, 1, 1, 2, 2, 3, 0, 0, 0, 4, 1, 0.5, 0, 0, 0, 0, 0, 0, -25.583295822143555, 15.156999588012695], [1, 0, 1, 0.006472289562225342, 0, 1, 8, 3, 10, 1, 0, 0, 0, 1, 1, 5, 0, 0, 0, 2, 0, 0.5, 0, 0, 1, 0, 0, 0, -26.759841918945312, 16.592578887939453], [0, 0, 1, 0.023189455270767212, 0, 0, 8, 4, 11, 0, 0, 1, 1, 2, 1, 4, 0, 0, 0, 3, 0, 0.75, 0, 0, 0, 0, 0, 0, -26.335594177246094, 0.4242515563964844], [0, 0, 0, 0.06688320636749268, 0, 0, 8, 13, 20, 0, 0, 0, 0, 8, 4, 5, 0, 0, 0, 12, 0, 0.75, 0, 0, 0, 0, 0, 0, -22.60226821899414, 4.770227432250977], [0, 0, 0, 0.03630903363227844, 0, 0, 8, 5, 12, 0, 0, 0, 0, 3, 1, 2, 0, 0, 0, 4, 0, 0.75, 0, 0, 0, 0, 0, 0, -24.53251838684082, 0.09001350402832031], [0, 0, 0, 0.016309231519699097, 0, 0, 8, 3, 10, 0, 0, 0, 0, 1, 1, 4, 0, 0, 0, 2, 0, 0.75, 0, 0, 0, 0, 0, 0, -33.77536392211914, 0.0], [0, 0, 0, 0.13547267019748688, 0, 0, 8, 3, 10, 0, 0, 0, 0, 1, 1, 1, 0, 0, 0, 2, 0, 0.125, 0, 0, 0, 0, 0, 0, -33.77536392211914, 0.0], [0, 0, 0, 0.4343903064727783, 0, 0, 8, 13, 20, 0, 0, 0, 0, 6, 4, 2, 0, 0, 0, 12, 0, 0.6666666666666666, 0, 0, 0, 0, 0, 0, -30.992780685424805, 4.303316116333008], [0, 0, 0, 0.27513930201530457, 0, 0, 8, 6, 13, 0, 0, 0, 0, 4, 1, 3, 0, 0, 0, 5, 0, 0.5, 0, 0, 0, 0, 0, 0, -39.059791564941406, 0.08806610107421875], [0, 0, 0, 0.08299621939659119, 0, 0, 8, 13, 20, 0, 0, 0, 0, 11, 1, 2, 0, 0, 0, 12, 0, 0.25, 0, 0, 0, 0, 0, 0, -20.077695846557617, 0.012502670288085938], [1, 0, 0, 0.04168558120727539, 1, 0, 8, 13, 20, 1, 0, 0, 0, 11, 1, 2, 0, 0, 0, 12, 1, 0.5, 0, 0, 0, 0, 0, 0, -20.062583923339844, 0.012506484985351562], [0, 0, 0, 0.012044847011566162, 0, 0, 8, 6, 13, 0, 0, 0, 0, 4, 1, 5, 0, 0, 0, 5, 0, 0.5, 0, 0, 0, 0, 0, 0, -38.9154052734375, 0.004566192626953125], [0, 0, 0, 0.051457762718200684, 0, 0, 8, 7, 14, 0, 0, 0, 0, 3, 3, 1, 0, 0, 0, 6, 0, 0.6666666666666666, 0, 0, 0, 0, 0, 0, -24.28888702392578, 8.759819030761719], [1, 0, 0, 0.021267831325531006, 1, 0, 8, 13, 20, 1, 0, 0, 0, 8, 3, 2, 0, 0, 0, 12, 1, 0.5, 0, 0, 0, 0, 0, 0, -26.625, 0.49263763427734375], [0, 0, 0, 0.026991307735443115, 0, 0, 8, 3, 10, 0, 0, 0, 0, 1, 1, 5, 0, 0, 0, 2, 0, 0.6666666666666666, 0, 0, 0, 0, 0, 0, -33.77536392211914, 0.0], [0, 0, 0, 0.1312026083469391, 0, 0, 8, 3, 10, 0, 0, 0, 0, 1, 1, 4, 0, 0, 0, 2, 0, 0.5, 0, 0, 0, 0, 0, 0, -33.77536392211914, 0.0], [0, 0, 0, 0.019777774810791016, 0, 0, 8, 5, 12, 0, 0, 0, 0, 3, 1, 1, 0, 0, 0, 4, 0, 0.5, 0, 0, 0, 0, 0, 0, -24.53251838684082, 0.09001350402832031], [0, 0, 0, 0.0062576234340667725, 0, 0, 8, 13, 20, 0, 0, 0, 0, 11, 1, 1, 0, 0, 0, 12, 0, 0.1111111111111111, 0, 0, 0, 0, 0, 0, -20.529348373413086, 0.012468338012695312], [0, 0, 0, 0.009593531489372253, 0, 0, 8, 3, 10, 0, 0, 0, 0, 1, 1, 3, 0, 0, 0, 2, 0, 0.5, 0, 0, 0, 0, 0, 0, -33.77536392211914, 0.0], [1, 0, 0, 0.129275381565094, 1, 0, 8, 4, 11, 1, 0, 0, 0, 2, 1, 5, 0, 0, 0, 3, 1, 0.5, 0, 0, 0, 0, 0, 0, -26.419923782348633, 0.42395973205566406], [0, 0, 0, 0.02306845784187317, 0, 0, 8, 13, 20, 0, 0, 0, 0, 11, 1, 3, 0, 0, 0, 12, 0, 0.5, 0, 0, 0, 0, 0, 0, -20.282289505004883, 0.012493133544921875], [0, 0, 0, 0.029739171266555786, 0, 0, 8, 13, 20, 0, 0, 0, 0, 11, 1, 3, 0, 0, 0, 12, 0, 0.5, 0, 0, 0, 0, 0, 0, -20.282289505004883, 0.012493133544921875], [0, 0, 0, 0.08929580450057983, 0, 0, 8, 13, 20, 0, 0, 0, 0, 11, 1, 1, 0, 0, 0, 12, 0, 0.6666666666666666, 0, 0, 0, 0, 0, 0, -20.14251136779785, 0.012500762939453125], [0, 0, 0, 0.010670304298400879, 0, 0, 7, 3, 9, 0, 0, 0, 0, 1, 1, 5, 0, 0, 0, 2, 0, 0.6666666666666666, 0, 0, 0, 0, 0, 0, -33.77536392211914, 0.0], [0, 0, 0, 0.00978076457977295, 0, 0, 8, 13, 20, 0, 0, 0, 0, 11, 1, 2, 0, 0, 0, 12, 0, 0.75, 0, 0, 0, 0, 0, 0, -22.243593215942383, 8.048675537109375], [0, 0, 0, 0.07935726642608643, 0, 0, 8, 6, 13, 0, 0, 0, 0, 4, 1, 4, 0, 0, 0, 5, 0, 0.5, 0, 0, 0, 0, 0, 0, -23.264291763305664, 0.05103302001953125], [0, 0, 0, 0.018216818571090698, 0, 0, 8, 13, 20, 0, 0, 0, 0, 11, 1, 6, 0, 0, 0, 12, 0, 0.5, 0, 0, 0, 0, 0, 0, -20.118450164794922, 0.012502670288085938], [0, 0, 0, 0.04242098331451416, 0, 0, 8, 3, 10, 0, 0, 0, 0, 1, 1, 3, 0, 0, 0, 2, 0, 0.75, 0, 0, 0, 0, 0, 0, -33.77536392211914, 0.0], [0, 0, 0, 0.028119146823883057, 0, 0, 8, 6, 13, 0, 0, 0, 0, 4, 1, 4, 0, 0, 0, 5, 0, 0.5, 0, 0, 0, 0, 0, 0, -23.264291763305664, 0.05103302001953125], [0, 0, 0, 0.08417564630508423, 0, 0, 8, 7, 14, 0, 0, 0, 0, 5, 1, 5, 0, 0, 0, 6, 0, 0.6666666666666666, 0, 0, 0, 0, 0, 0, -41.61186599731445, 0.09212493896484375], [0, 0, 0, 0.005319476127624512, 0, 0, 8, 13, 20, 0, 0, 0, 0, 11, 1, 4, 0, 0, 0, 12, 0, 0.5, 0, 0, 0, 0, 0, 0, -19.991708755493164, 0.01251220703125], [0, 0, 0, 0.03414040803909302, 0, 0, 8, 13, 20, 0, 0, 0, 0, 8, 3, 2, 0, 0, 0, 12, 0, 0.6666666666666666, 0, 0, 0, 0, 0, 0, -33.52880859375, 0.025604248046875], [0, 0, 0, 0.2681592106819153, 0, 0, 8, 5, 12, 0, 0, 0, 0, 3, 1, 5, 0, 0, 0, 4, 0, 0.5, 0, 0, 0, 0, 0, 0, -24.53251838684082, 0.09001350402832031], [1, 0, 0, 0.08852630853652954, 0, 0, 8, 13, 20, 1, 1, 0, 0, 10, 2, 3, 0, 0, 0, 12, 0, 0.75, 0, 0, 0, 0, 0, 0, -21.30668830871582, 3.0354652404785156], [1, 0, 1, 0.010371029376983643, 1, 0, 7, 9, 15, 1, 0, 1, 1, 3, 5, 6, 0, 0, 0, 8, 1, 0.8333333333333334, 0, 0, 0, 0, 0, 0, -23.63503074645996, 9.11500358581543], [0, 0, 0, 0.06689852476119995, 0, 0, 8, 4, 11, 0, 0, 0, 0, 2, 1, 3, 0, 0, 0, 3, 0, 0.25, 0, 0, 0, 0, 0, 0, -26.419923782348633, 0.42395973205566406], [0, 0, 0, 0.16191348433494568, 0, 0, 8, 13, 20, 0, 0, 0, 0, 11, 1, 4, 0, 0, 0, 12, 0, 0.5, 0, 0, 0, 0, 0, 0, -20.30815887451172, 0.012485504150390625], [0, 0, 0, 0.06750214099884033, 0, 0, 8, 3, 10, 0, 0, 0, 0, 1, 1, 3, 0, 0, 0, 2, 0, 0.5, 0, 0, 0, 0, 0, 0, -33.77536392211914, 0.0], [0, 0, 0, 0.05200108885765076, 0, 0, 8, 9, 16, 0, 0, 0, 0, 7, 1, 2, 0, 0, 0, 8, 0, 0.5, 0, 0, 0, 0, 0, 0, -27.49405288696289, 0.03828239440917969], [0, 0, 0, 0.017753899097442627, 0, 0, 8, 13, 20, 0, 0, 0, 0, 10, 2, 1, 0, 0, 0, 12, 0, 0.5, 0, 0, 0, 0, 0, 0, -21.758255004882812, 3.051349639892578], [0, 0, 0, 0.08775150775909424, 0, 0, 8, 7, 14, 0, 0, 1, 0, 4, 2, 4, 0, 0, 0, 6, 0, 0.6666666666666666, 0, 0, 0, 0, 0, 0, -23.68572425842285, 6.605842590332031], [0, 0, 0, 0.02115359902381897, 0, 0, 8, 8, 15, 0, 0, 0, 0, 6, 1, 4, 0, 0, 0, 7, 0, 0.5, 0, 0, 0, 0, 0, 0, -21.705236434936523, 0.026187896728515625], [0, 0, 0, 0.040967464447021484, 0, 0, 8, 13, 20, 0, 0, 0, 0, 11, 1, 1, 0, 0, 0, 12, 0, 0.25, 0, 0, 0, 0, 0, 0, -20.261093139648438, 0.01248931884765625], [0, 0, 0, 0.038019001483917236, 0, 0, 8, 11, 18, 0, 0, 0, 0, 8, 2, 6, 0, 0, 0, 10, 0, 0.8333333333333334, 0, 0, 0, 0, 0, 0, -38.74656295776367, 3.6520614624023438], [0, 0, 0, 0.030771255493164062, 0, 0, 8, 13, 20, 0, 0, 0, 0, 10, 2, 1, 0, 0, 0, 12, 0, 0.13043478260869565, 0, 0, 0, 0, 0, 0, -29.49327850341797, 2.7013587951660156], [0, 0, 0, 0.03867340087890625, 0, 0, 8, 4, 11, 0, 0, 0, 0, 2, 1, 2, 0, 0, 0, 3, 0, 0.5, 0, 0, 0, 0, 0, 0, -26.419923782348633, 0.42395973205566406], [0, 0, 0, 0.013529181480407715, 0, 0, 8, 13, 20, 0, 0, 0, 0, 10, 2, 1, 0, 0, 0, 12, 0, 0.08333333333333333, 0, 0, 0, 0, 0, 0, -21.222518920898438, 3.0321693420410156], [0, 0, 0, 0.02191030979156494, 0, 0, 8, 4, 11, 0, 0, 0, 0, 2, 1, 2, 0, 0, 0, 3, 0, 0.6666666666666666, 0, 0, 0, 0, 0, 0, -17.170085906982422, 20.851825714111328], [0, 0, 0, 0.022376298904418945, 0, 0, 8, 13, 20, 0, 0, 0, 0, 8, 4, 2, 0, 0, 0, 12, 0, 0.75, 0, 0, 0, 0, 0, 0, -27.48521614074707, 4.659746170043945], [0, 0, 0, 0.30967456102371216, 0, 0, 8, 3, 10, 0, 0, 0, 0, 1, 1, 3, 0, 0, 0, 2, 0, 0.5, 0, 0, 0, 0, 0, 0, -33.77536392211914, 0.0], [0, 0, 0, 0.02913522720336914, 0, 0, 8, 4, 11, 0, 0, 0, 0, 2, 1, 4, 0, 0, 0, 3, 0, 0.5833333333333334, 0, 0, 0, 0, 0, 0, -26.419923782348633, 0.42395973205566406], [0, 0, 0, 0.013597071170806885, 0, 0, 8, 13, 20, 0, 0, 0, 0, 11, 1, 5, 0, 0, 0, 12, 0, 0.5, 0, 0, 0, 0, 0, 0, -26.753889083862305, 0.01397705078125], [0, 0, 0, 0.062143996357917786, 0, 0, 8, 3, 10, 0, 0, 0, 0, 1, 1, 4, 0, 0, 0, 2, 0, 0.5, 0, 0, 0, 0, 0, 0, -33.77536392211914, 0.0], [0, 0, 0, 0.04339456558227539, 0, 0, 8, 10, 17, 0, 0, 0, 0, 8, 1, 4, 0, 0, 0, 9, 0, 0.5, 0, 0, 0, 0, 0, 0, -39.486053466796875, 0.010379791259765625], [0, 0, 0, 0.038446664810180664, 0, 0, 8, 3, 10, 0, 0, 0, 0, 1, 1, 3, 0, 0, 0, 2, 0, 0.5, 0, 0, 0, 0, 0, 0, -33.77536392211914, 0.0], [0, 0, 0, 0.03531390428543091, 0, 0, 8, 13, 20, 0, 0, 0, 0, 5, 5, 2, 0, 0, 0, 12, 0, 0.5, 0, 0, 0, 0, 0, 0, -32.962379455566406, 1.4162445068359375], [0, 0, 1, 0.010508447885513306, 0, 0, 8, 5, 12, 0, 0, 1, 1, 2, 2, 4, 0, 0, 0, 4, 0, 0.5, 0, 0, 0, 0, 0, 0, -24.10344696044922, 21.791580200195312], [0, 0, 0, 0.04893198609352112, 0, 0, 8, 9, 16, 0, 0, 0, 0, 7, 1, 4, 0, 0, 0, 8, 0, 0.6666666666666666, 0, 0, 0, 0, 0, 0, -21.19792366027832, 0.021240234375], [0, 0, 0, 0.021900057792663574, 0, 0, 8, 13, 20, 0, 0, 0, 0, 11, 1, 3, 0, 0, 0, 12, 0, 0.5, 0, 0, 0, 0, 0, 0, -20.282289505004883, 0.012493133544921875], [0, 0, 0, 0.007896602153778076, 0, 0, 8, 10, 17, 0, 0, 0, 0, 8, 1, 4, 0, 0, 0, 9, 0, 0.5, 0, 0, 0, 0, 0, 0, -39.486053466796875, 0.010379791259765625], [0, 0, 0, 8.851289749145508e-06, 0, 0, 8, 4, 11, 0, 1, 0, 0, 2, 1, 4, 0, 0, 0, 3, 0, 0.6666666666666666, 0, 0, 0, 0, 0, 0, -26.419923782348633, 0.42395973205566406], [1, 0, 0, 0.04242098331451416, 0, 0, 8, 3, 10, 1, 0, 0, 0, 1, 1, 3, 0, 0, 0, 2, 0, 0.75, 0, 0, 0, 0, 0, 0, -33.77536392211914, 0.0], [1, 0, 1, 0.41130226850509644, 1, 0, 8, 13, 20, 1, 0, 1, 1, 7, 3, 2, 0, 0, 0, 12, 0, 0.6666666666666666, 0, 0, 0, 0, 0, 0, -30.924148559570312, 0.480804443359375], [0, 0, 0, 0.18995630741119385, 0, 0, 8, 3, 10, 0, 0, 0, 0, 1, 1, 4, 0, 0, 0, 2, 0, 0.5, 0, 0, 0, 0, 0, 0, -33.77536392211914, 0.0], [1, 0, 1, 0.03615826368331909, 0, 1, 8, 3, 10, 1, 0, 0, 0, 1, 1, 4, 0, 0, 0, 2, 0, 0.5, 0, 0, 1, 0, 0, 0, -26.759841918945312, 4.525508880615234], [0, 0, 0, 0.07920917868614197, 0, 0, 7, 5, 11, 0, 0, 0, 0, 3, 1, 4, 0, 0, 0, 4, 0, 0.6666666666666666, 0, 0, 0, 0, 0, 0, -30.767122268676758, 1.534555435180664], [0, 0, 0, 0.019792109727859497, 0, 0, 8, 3, 10, 0, 0, 0, 0, 1, 1, 4, 0, 0, 0, 2, 0, 0.5, 0, 0, 0, 0, 0, 0, -33.77536392211914, 0.0], [0, 0, 0, 0.010692894458770752, 0, 0, 8, 13, 20, 0, 0, 0, 0, 11, 1, 2, 0, 0, 0, 12, 0, 0.5, 0, 0, 0, 0, 0, 0, -20.17494773864746, 0.012495040893554688], [0, 0, 0, 0.1832209825515747, 0, 0, 8, 3, 10, 0, 0, 0, 0, 1, 1, 3, 0, 0, 0, 2, 0, 0.5, 0, 0, 0, 0, 0, 0, -33.77536392211914, 0.0], [0, 0, 0, 0.056601107120513916, 0, 0, 8, 3, 10, 0, 0, 0, 0, 1, 1, 3, 0, 0, 0, 2, 0, 0.75, 0, 0, 0, 0, 0, 0, -33.77536392211914, 0.0], [0, 0, 0, 0.022381842136383057, 0, 0, 8, 13, 20, 0, 0, 0, 0, 11, 1, 1, 0, 0, 0, 12, 0, 0.13043478260869565, 0, 0, 0, 0, 0, 0, -20.597585678100586, 0.012462615966796875], [0, 0, 0, 0.056483566761016846, 0, 0, 8, 3, 10, 0, 0, 0, 0, 1, 1, 5, 0, 0, 0, 2, 0, 0.75, 0, 0, 0, 0, 0, 0, -33.77536392211914, 0.0], [0, 0, 0, 0.011669039726257324, 0, 0, 8, 3, 10, 0, 0, 0, 0, 1, 1, 4, 0, 0, 0, 2, 0, 0.5, 0, 0, 0, 0, 0, 0, -33.77536392211914, 0.0], [0, 0, 0, 0.09639900922775269, 0, 0, 8, 13, 20, 0, 0, 0, 0, 11, 1, 3, 0, 0, 0, 12, 0, 0.5, 0, 0, 0, 0, 0, 0, -20.011281967163086, 0.01251220703125], [0, 0, 0, 0.2923378348350525, 0, 0, 8, 3, 10, 0, 0, 0, 0, 1, 1, 3, 0, 0, 0, 2, 0, 0.5, 0, 0, 0, 0, 0, 0, -33.77536392211914, 0.0], [0, 0, 0, 0.025196731090545654, 0, 0, 8, 13, 20, 0, 0, 0, 0, 11, 1, 4, 0, 0, 0, 12, 0, 0.5, 0, 0, 0, 0, 0, 0, -19.991708755493164, 0.01251220703125], [0, 0, 0, 0.002475231885910034, 0, 0, 8, 4, 11, 0, 0, 0, 0, 1, 2, 4, 0, 0, 0, 3, 0, 0.5, 0, 0, 0, 0, 0, 0, -36.34147644042969, 0.0], [0, 0, 0, 0.03073984384536743, 0, 0, 8, 5, 12, 0, 0, 0, 0, 3, 1, 6, 0, 0, 0, 4, 0, 0.75, 0, 0, 0, 0, 0, 0, -24.53251838684082, 0.09001350402832031], [1, 0, 0, 0.1313818097114563, 0, 0, 8, 5, 12, 1, 0, 0, 0, 2, 2, 6, 0, 0, 0, 4, 0, 0.6666666666666666, 0, 0, 0, 0, 0, 0, -25.66856575012207, 15.167642593383789], [0, 0, 0, 0.024360358715057373, 0, 0, 8, 13, 20, 0, 0, 0, 0, 9, 3, 5, 0, 0, 0, 12, 0, 0.6666666666666666, 0, 0, 0, 0, 0, 0, -27.542194366455078, 2.3939990997314453], [0, 0, 0, 0.0186769962310791, 0, 0, 8, 13, 20, 0, 0, 0, 0, 11, 1, 1, 0, 0, 0, 12, 0, 0.5, 0, 0, 0, 0, 0, 0, -27.01860809326172, 0.013925552368164062], [0, 0, 0, 0.08881902694702148, 0, 0, 8, 13, 20, 0, 1, 0, 0, 11, 1, 2, 0, 0, 0, 12, 0, 0.75, 0, 0, 0, 0, 0, 0, -20.314250946044922, 0.012481689453125], [0, 0, 0, 0.010135859251022339, 0, 0, 8, 3, 10, 0, 0, 0, 0, 1, 1, 4, 0, 0, 0, 2, 0, 0.5, 0, 0, 0, 0, 0, 0, -33.77536392211914, 0.0], [0, 0, 0, 0.04578542709350586, 0, 0, 8, 5, 12, 0, 0, 0, 0, 3, 1, 3, 0, 0, 0, 4, 0, 0.5, 0, 0, 0, 0, 0, 0, -24.53251838684082, 0.09001350402832031], [0, 0, 0, 0.04488155245780945, 0, 0, 8, 13, 20, 0, 0, 0, 0, 11, 1, 4, 0, 0, 0, 12, 0, 0.5, 0, 0, 0, 0, 0, 0, -20.011281967163086, 0.01251220703125], [0, 0, 0, 0.05675739049911499, 0, 0, 8, 13, 20, 0, 0, 0, 0, 9, 2, 2, 0, 0, 0, 12, 0, 0.6666666666666666, 0, 0, 0, 0, 0, 0, -25.614831924438477, 0.042118072509765625], [1, 0, 0, 0.0, 1, 0, 2, 4, 5, 1, 0, 1, 0, 2, 1, 1, 0, 0, 0, 3, 0, 0.6666666666666666, 0, 0, 0, 0, 0, 0, -26.335594177246094, 0.4242515563964844], [0, 0, 0, 0.0036739706993103027, 0, 0, 8, 13, 20, 0, 0, 0, 0, 11, 1, 1, 0, 0, 0, 12, 0, 0.019230769230769232, 0, 0, 0, 0, 0, 0, -20.282289505004883, 0.012493133544921875], [0, 0, 0, 0.06305378675460815, 0, 0, 8, 4, 11, 0, 0, 0, 0, 2, 1, 1, 0, 0, 0, 3, 0, 0.5, 0, 0, 0, 0, 0, 0, -17.170085906982422, 20.851825714111328], [1, 0, 0, 0.07104301452636719, 0, 0, 8, 13, 20, 1, 0, 0, 0, 4, 6, 3, 0, 0, 0, 12, 0, 0.5, 0, 0, 0, 0, 0, 0, -34.191993713378906, 1.7152900695800781], [1, 0, 0, 0.017060846090316772, 0, 0, 8, 4, 11, 1, 0, 0, 0, 2, 1, 4, 0, 0, 0, 3, 0, 0.6666666666666666, 0, 0, 0, 0, 0, 0, -26.419923782348633, 0.42395973205566406], [0, 0, 0, 0.04084402322769165, 0, 0, 8, 3, 10, 0, 0, 0, 0, 1, 1, 5, 0, 0, 0, 2, 0, 0.5, 0, 0, 0, 0, 0, 0, -33.77536392211914, 0.0], [0, 0, 0, 0.2887348234653473, 0, 0, 8, 3, 10, 0, 0, 0, 0, 1, 1, 3, 0, 0, 0, 2, 0, 0.5, 0, 0, 0, 0, 0, 0, -33.77536392211914, 0.0], [0, 0, 0, 0.04693600535392761, 0, 0, 8, 5, 12, 0, 0, 1, 0, 2, 2, 2, 0, 0, 0, 4, 0, 0.5, 0, 0, 0, 0, 0, 0, -25.262561798095703, 15.477733612060547], [0, 0, 0, 0.015543118119239807, 0, 0, 8, 5, 12, 0, 0, 0, 0, 3, 1, 4, 0, 0, 0, 4, 0, 0.5, 0, 0, 0, 0, 0, 0, -25.54297637939453, 10.422603607177734], [0, 0, 0, 0.02808934450149536, 0, 0, 8, 13, 20, 0, 0, 1, 0, 8, 3, 2, 0, 0, 0, 12, 0, 0.5, 0, 0, 0, 0, 0, 0, -26.83904457092285, 0.2780189514160156], [0, 0, 0, 0.11687067151069641, 0, 0, 8, 13, 20, 0, 0, 0, 0, 11, 1, 3, 0, 0, 0, 12, 0, 0.5, 0, 0, 0, 0, 0, 0, -20.21282196044922, 0.01248931884765625], [0, 0, 0, 0.03273291885852814, 0, 0, 8, 11, 18, 0, 0, 0, 0, 9, 1, 1, 0, 0, 0, 10, 0, 0.5, 0, 0, 0, 0, 0, 0, -20.476938247680664, 0.015985488891601562], [0, 0, 0, 0.16406011581420898, 0, 0, 8, 3, 10, 0, 0, 0, 0, 1, 1, 3, 0, 0, 0, 2, 0, 0.5, 0, 0, 0, 0, 0, 0, -33.77536392211914, 0.0], [0, 0, 0, 0.03637218475341797, 0, 0, 8, 13, 20, 0, 0, 1, 0, 9, 3, 2, 0, 0, 0, 12, 0, 0.6666666666666666, 0, 0, 0, 0, 0, 0, -22.128337860107422, 3.8721141815185547], [0, 0, 0, 0.22878804802894592, 0, 0, 8, 3, 10, 0, 0, 0, 0, 1, 1, 5, 0, 0, 0, 2, 0, 0.5, 0, 0, 0, 0, 0, 0, -33.77536392211914, 0.0], [0, 0, 0, 0.04540392756462097, 0, 0, 8, 13, 20, 0, 0, 0, 0, 11, 1, 2, 0, 0, 0, 12, 0, 0.5, 0, 0, 0, 0, 0, 0, -20.268352508544922, 0.012483596801757812], [0, 0, 0, 0.033865511417388916, 0, 0, 8, 9, 16, 0, 0, 0, 0, 6, 2, 1, 0, 0, 0, 8, 0, 0.08333333333333333, 0, 0, 0, 0, 0, 0, -22.547401428222656, 4.768899917602539], [0, 0, 0, 0.008041098713874817, 0, 0, 8, 3, 10, 0, 0, 0, 0, 1, 1, 4, 0, 0, 0, 2, 0, 0.5, 0, 0, 0, 0, 0, 0, -33.77536392211914, 0.0], [0, 0, 0, 0.007397711277008057, 0, 0, 8, 11, 18, 0, 0, 0, 0, 8, 2, 4, 0, 0, 0, 10, 0, 0.6666666666666666, 0, 0, 0, 0, 0, 0, -38.74971389770508, 3.644439697265625], [0, 0, 0, 0.056483566761016846, 0, 0, 8, 3, 10, 0, 0, 0, 0, 1, 1, 5, 0, 0, 0, 2, 0, 0.75, 0, 0, 0, 0, 0, 0, -33.77536392211914, 0.0], [0, 0, 0, 0.014865487813949585, 0, 0, 8, 13, 20, 0, 0, 0, 0, 11, 1, 1, 0, 0, 0, 12, 0, 0.5, 0, 0, 0, 0, 0, 0, -20.529348373413086, 0.012468338012695312], [0, 0, 0, 0.3163508474826813, 0, 0, 8, 3, 10, 0, 0, 0, 0, 1, 1, 2, 0, 0, 0, 2, 0, 0.5, 0, 0, 0, 0, 0, 0, -34.027679443359375, 0.0], [0, 0, 0, 0.03567492961883545, 0, 0, 6, 3, 8, 0, 0, 0, 0, 1, 1, 4, 0, 0, 0, 2, 0, 0.5, 0, 0, 0, 0, 0, 0, -33.77536392211914, 0.0], [0, 0, 0, 0.029583066701889038, 0, 0, 8, 3, 10, 0, 0, 0, 0, 1, 1, 3, 0, 0, 0, 2, 0, 0.5, 0, 0, 0, 0, 0, 0, -33.77536392211914, 0.0], [0, 0, 0, 0.020320504903793335, 0, 0, 8, 13, 20, 0, 0, 0, 0, 11, 1, 1, 0, 0, 0, 12, 0, 0.13043478260869565, 0, 0, 0, 0, 0, 0, -20.597585678100586, 0.012462615966796875], [0, 0, 0, 0.024809330701828003, 0, 0, 8, 4, 11, 0, 0, 0, 0, 2, 1, 4, 0, 0, 0, 3, 0, 0.5, 0, 0, 0, 0, 0, 0, -26.419923782348633, 0.42395973205566406], [0, 0, 0, 0.0706787109375, 0, 0, 8, 3, 10, 0, 0, 0, 0, 1, 1, 3, 0, 0, 0, 2, 0, 0.5, 0, 0, 0, 0, 0, 0, -33.77536392211914, 0.0], [0, 0, 0, 0.01795247197151184, 0, 0, 8, 8, 15, 0, 0, 0, 0, 6, 1, 5, 0, 0, 0, 7, 0, 0.5, 0, 0, 0, 0, 0, 0, -21.705236434936523, 0.026187896728515625], [0, 0, 0, 0.022960543632507324, 0, 0, 8, 5, 12, 0, 0, 0, 0, 3, 1, 3, 0, 0, 0, 4, 0, 0.6666666666666666, 0, 0, 0, 0, 0, 0, -24.53251838684082, 0.09001350402832031], [0, 0, 0, 0.10236412286758423, 0, 0, 8, 5, 12, 0, 0, 0, 0, 3, 1, 4, 0, 0, 0, 4, 0, 0.5, 0, 0, 0, 0, 0, 0, -24.53251838684082, 0.09001350402832031], [0, 0, 0, 0.03581523895263672, 0, 0, 8, 12, 19, 0, 0, 0, 0, 9, 2, 2, 0, 0, 0, 11, 0, 0.6666666666666666, 0, 0, 0, 0, 0, 0, -21.34726905822754, 3.3334789276123047], [0, 0, 0, 0.04027518630027771, 0, 0, 8, 11, 18, 0, 0, 0, 0, 9, 1, 3, 0, 0, 0, 10, 0, 0.6666666666666666, 0, 0, 0, 0, 0, 0, -20.476938247680664, 0.015985488891601562], [1, 0, 0, 0.039478302001953125, 0, 0, 8, 4, 11, 1, 0, 0, 0, 2, 1, 4, 0, 0, 0, 3, 0, 0.75, 0, 0, 0, 0, 0, 0, -26.419923782348633, 0.42395973205566406], [1, 0, 1, 0.07507848739624023, 1, 0, 8, 7, 14, 1, 0, 1, 1, 2, 4, 7, 0, 0, 0, 6, 1, 0.8333333333333334, 0, 0, 0, 0, 0, 0, -38.8338737487793, 12.434066772460938], [1, 0, 1, 0.006485462188720703, 0, 0, 8, 6, 13, 1, 0, 1, 1, 2, 3, 3, 0, 0, 0, 5, 0, 0.5, 0, 0, 0, 0, 0, 0, -38.0136604309082, 14.469837188720703], [0, 0, 0, 0.002964586019515991, 0, 0, 8, 3, 10, 0, 0, 0, 0, 1, 1, 4, 0, 0, 0, 2, 0, 0.5, 0, 0, 0, 0, 0, 0, -33.77536392211914, 0.0], [0, 0, 0, 0.05125078558921814, 0, 0, 8, 6, 13, 0, 0, 1, 0, 2, 3, 4, 0, 0, 0, 5, 0, 0.5, 0, 0, 0, 0, 0, 0, -37.92920684814453, 14.550827026367188], [0, 0, 0, 0.04077380895614624, 0, 0, 8, 5, 12, 0, 0, 0, 0, 3, 1, 4, 0, 0, 0, 4, 0, 0.5, 0, 0, 0, 0, 0, 0, -24.53251838684082, 0.09001350402832031], [0, 0, 0, 0.43721914291381836, 0, 0, 8, 13, 20, 0, 0, 0, 0, 6, 4, 2, 0, 0, 0, 12, 0, 0.6666666666666666, 0, 0, 0, 0, 0, 0, -32.02571105957031, 0.9539680480957031], [0, 0, 0, 0.013179898262023926, 0, 0, 8, 3, 10, 0, 0, 0, 0, 1, 1, 5, 0, 0, 0, 2, 0, 0.5, 0, 0, 0, 0, 0, 0, -33.77536392211914, 0.0], [0, 0, 0, 0.15768516063690186, 0, 0, 8, 13, 20, 0, 0, 0, 0, 10, 2, 3, 0, 0, 0, 12, 0, 0.5, 0, 0, 0, 0, 0, 0, -21.535919189453125, 3.043241500854492], [0, 0, 0, 0.002410888671875, 0, 0, 8, 3, 10, 0, 0, 0, 0, 1, 1, 7, 0, 0, 0, 2, 0, 0.5, 0, 0, 0, 0, 0, 0, -33.77536392211914, 0.0], [0, 0, 0, 0.06052309274673462, 0, 0, 8, 3, 10, 0, 0, 0, 0, 1, 1, 3, 0, 0, 0, 2, 0, 0.5, 0, 0, 0, 0, 0, 0, -33.77536392211914, 0.0], [0, 0, 0, 0.0014233589172363281, 0, 0, 8, 9, 16, 0, 0, 0, 0, 6, 2, 1, 0, 0, 0, 8, 0, 0.02564102564102564, 0, 0, 0, 0, 0, 0, -25.78231430053711, 3.2282962799072266], [0, 0, 0, 0.0048274993896484375, 0, 0, 8, 13, 20, 0, 0, 0, 0, 11, 1, 2, 0, 0, 0, 12, 0, 0.75, 0, 0, 0, 0, 0, 0, -26.867509841918945, 0.013957977294921875], [0, 0, 0, 0.01967063546180725, 0, 0, 8, 8, 15, 0, 0, 0, 0, 6, 1, 4, 0, 0, 0, 7, 0, 0.5, 0, 0, 0, 0, 0, 0, -21.705236434936523, 0.026187896728515625], [1, 0, 1, 0.10583293437957764, 0, 0, 8, 4, 11, 1, 0, 1, 1, 2, 1, 3, 0, 0, 0, 3, 0, 0.5, 0, 0, 0, 0, 0, 0, -26.335594177246094, 0.4242515563964844], [0, 0, 0, 0.03435385227203369, 0, 0, 8, 5, 12, 0, 0, 0, 0, 3, 1, 3, 0, 0, 0, 4, 0, 0.5, 0, 0, 0, 0, 0, 0, -24.53251838684082, 0.09001350402832031], [0, 0, 0, 0.00033961236476898193, 0, 0, 8, 3, 10, 0, 0, 0, 0, 1, 1, 4, 0, 0, 0, 2, 0, 0.5, 0, 0, 0, 0, 0, 0, -33.77536392211914, 0.0], [1, 0, 1, 0.1438281536102295, 0, 1, 8, 3, 10, 1, 0, 0, 0, 1, 1, 6, 0, 0, 0, 2, 0, 0.6666666666666666, 0, 0, 1, 0, 0, 0, -26.611854553222656, 16.760089874267578], [1, 0, 0, 0.028027772903442383, 0, 0, 8, 13, 20, 1, 0, 0, 0, 9, 2, 5, 0, 0, 0, 12, 1, 0.6666666666666666, 0, 0, 0, 0, 0, 0, -28.452213287353516, 0.9646701812744141], [1, 0, 0, 0.6721758842468262, 0, 0, 8, 4, 11, 1, 0, 1, 0, 2, 1, 2, 0, 0, 0, 3, 0, 0.6666666666666666, 0, 0, 0, 0, 0, 0, -26.335594177246094, 0.4242515563964844], [0, 0, 0, 0.02716970443725586, 0, 0, 8, 13, 20, 0, 0, 0, 0, 9, 3, 2, 0, 0, 0, 12, 0, 0.6666666666666666, 0, 0, 0, 0, 0, 0, -27.58102798461914, 3.5962581634521484], [1, 0, 1, 0.014828979969024658, 1, 0, 8, 7, 14, 1, 0, 1, 1, 2, 4, 6, 0, 0, 0, 6, 1, 0.75, 0, 0, 0, 0, 0, 0, -39.07815170288086, 11.837604522705078], [1, 0, 0, 0.029390841722488403, 0, 0, 8, 13, 20, 1, 0, 0, 0, 11, 1, 3, 0, 0, 0, 12, 0, 0.5, 0, 0, 0, 0, 0, 0, -20.320207595825195, 0.012481689453125], [0, 0, 0, 0.016153782606124878, 0, 0, 8, 6, 13, 0, 0, 0, 0, 4, 1, 4, 0, 0, 0, 5, 0, 0.5, 0, 0, 0, 0, 0, 0, -23.264291763305664, 0.05103302001953125], [0, 0, 0, 0.3605903089046478, 0, 0, 8, 3, 10, 0, 0, 0, 0, 1, 1, 2, 0, 0, 0, 2, 0, 0.3333333333333333, 0, 0, 0, 0, 0, 0, -33.77536392211914, 0.0], [0, 0, 0, 0.01781401038169861, 0, 0, 8, 13, 20, 0, 0, 0, 0, 11, 1, 4, 0, 0, 0, 12, 0, 0.5, 0, 0, 0, 0, 0, 0, -20.062583923339844, 0.012506484985351562], [0, 0, 0, 0.1919180154800415, 0, 0, 8, 3, 10, 0, 0, 0, 0, 1, 1, 7, 0, 0, 0, 2, 0, 0.5, 0, 0, 0, 0, 0, 0, -33.77536392211914, 0.0], [0, 0, 0, 0.14798039197921753, 0, 0, 8, 5, 12, 0, 0, 0, 0, 3, 1, 2, 0, 0, 0, 4, 0, 0.5, 0, 0, 0, 0, 0, 0, -24.53251838684082, 0.09001350402832031], [0, 0, 0, 0.023307055234909058, 0, 0, 8, 13, 20, 0, 0, 0, 0, 11, 1, 1, 0, 0, 0, 12, 0, 0.13043478260869565, 0, 0, 0, 0, 0, 0, -20.597585678100586, 0.012462615966796875], [0, 0, 0, 0.013050705194473267, 0, 0, 8, 10, 17, 0, 0, 0, 0, 8, 1, 1, 0, 0, 0, 9, 0, 0.125, 0, 0, 0, 0, 0, 0, -20.798564910888672, 0.018463134765625], [0, 0, 0, 0.03312414884567261, 0, 0, 8, 4, 11, 0, 0, 0, 0, 2, 1, 1, 0, 0, 0, 3, 0, 0.1111111111111111, 0, 0, 0, 0, 0, 0, -26.419923782348633, 0.42395973205566406], [0, 0, 0, 0.00870126485824585, 0, 0, 8, 13, 20, 0, 0, 0, 0, 11, 1, 1, 0, 0, 0, 12, 0, 0.019230769230769232, 0, 0, 0, 0, 0, 0, -20.282289505004883, 0.012493133544921875], [0, 0, 0, 0.016106456518173218, 0, 0, 8, 9, 16, 0, 0, 0, 0, 6, 2, 3, 0, 0, 0, 8, 0, 0.5, 0, 0, 0, 0, 0, 0, -22.63275146484375, 4.769033432006836], [0, 0, 0, 0.015939295291900635, 0, 0, 8, 5, 12, 0, 0, 0, 0, 3, 1, 4, 0, 0, 0, 4, 0, 0.6666666666666666, 0, 0, 0, 0, 0, 0, -24.53251838684082, 0.09001350402832031], [0, 0, 0, 0.0022279322147369385, 0, 0, 8, 13, 20, 0, 0, 0, 0, 11, 1, 2, 0, 0, 0, 12, 0, 0.25, 0, 0, 0, 0, 0, 0, -20.282289505004883, 0.012493133544921875], [0, 0, 0, 0.017436981201171875, 0, 0, 8, 4, 11, 0, 0, 0, 0, 2, 1, 6, 0, 0, 0, 3, 0, 0.6666666666666666, 0, 0, 0, 0, 0, 0, -26.419923782348633, 0.42395973205566406], [0, 0, 0, 0.02889123558998108, 0, 0, 8, 5, 12, 0, 0, 1, 0, 3, 1, 3, 0, 0, 0, 4, 0, 0.5, 0, 0, 0, 0, 0, 0, -24.469154357910156, 0.09011459350585938], [1, 0, 0, 0.18095159530639648, 0, 0, 6, 4, 9, 1, 0, 0, 0, 1, 2, 4, 0, 0, 0, 3, 0, 0.6666666666666666, 0, 0, 0, 0, 0, 0, -36.34147644042969, 0.0], [1, 0, 1, 0.010892391204833984, 1, 0, 8, 5, 12, 1, 0, 1, 0, 3, 1, 3, 0, 0, 0, 4, 1, 0.6666666666666666, 0, 0, 0, 0, 0, 0, -31.03495979309082, 0.9434833526611328], [0, 0, 0, 0.09535843133926392, 0, 0, 8, 13, 20, 0, 0, 0, 0, 11, 1, 3, 0, 0, 0, 12, 0, 0.5, 0, 0, 0, 0, 0, 0, -27.632225036621094, 0.029943466186523438], [0, 0, 0, 0.29687047004699707, 0, 0, 8, 5, 12, 0, 0, 0, 0, 2, 2, 3, 0, 0, 0, 4, 0, 0.5, 0, 0, 0, 0, 0, 0, -24.628173828125, 10.690238952636719], [0, 0, 0, 0.03975093364715576, 0, 0, 8, 5, 12, 0, 0, 0, 0, 3, 1, 4, 0, 0, 0, 4, 0, 0.5, 0, 0, 0, 0, 0, 0, -24.53251838684082, 0.09001350402832031], [0, 0, 0, 0.16079068183898926, 0, 0, 8, 3, 10, 0, 0, 0, 0, 1, 1, 4, 0, 0, 0, 2, 0, 0.5, 0, 0, 0, 0, 0, 0, -33.77536392211914, 0.0], [0, 0, 0, 0.44167831540107727, 0, 0, 8, 13, 20, 0, 0, 0, 0, 8, 4, 2, 0, 0, 0, 12, 0, 0.6666666666666666, 0, 0, 0, 0, 0, 0, -27.14434242248535, 4.432941436767578], [0, 0, 0, 0.04099133610725403, 0, 0, 8, 3, 10, 0, 0, 0, 0, 1, 1, 5, 0, 0, 0, 2, 0, 0.75, 0, 0, 0, 0, 0, 0, -33.77536392211914, 0.0], [0, 0, 0, 0.04225084185600281, 0, 0, 8, 4, 11, 0, 0, 0, 0, 2, 1, 4, 0, 0, 0, 3, 0, 0.6666666666666666, 0, 0, 0, 0, 0, 0, -26.419923782348633, 0.42395973205566406], [0, 0, 0, 0.010500133037567139, 0, 0, 8, 5, 12, 0, 0, 0, 0, 3, 1, 4, 0, 0, 0, 4, 0, 0.5, 0, 0, 0, 0, 0, 0, -24.53251838684082, 0.09001350402832031], [0, 0, 0, 0.009817004203796387, 0, 0, 8, 3, 10, 0, 0, 0, 0, 1, 1, 4, 0, 0, 0, 2, 0, 0.5, 0, 0, 0, 0, 0, 0, -33.77536392211914, 0.0], [0, 0, 0, 0.015411674976348877, 0, 0, 8, 9, 16, 0, 0, 0, 0, 7, 1, 2, 0, 0, 0, 8, 0, 0.5, 0, 0, 0, 0, 0, 0, -21.19792366027832, 0.021240234375], [0, 0, 0, 0.026844501495361328, 0, 0, 8, 13, 20, 0, 0, 0, 0, 9, 3, 3, 0, 0, 0, 12, 0, 0.75, 0, 0, 0, 0, 0, 0, -22.07246971130371, 3.847963333129883], [0, 0, 0, 0.3069447875022888, 0, 0, 8, 3, 10, 0, 0, 0, 0, 1, 1, 4, 0, 0, 0, 2, 0, 0.5, 0, 0, 0, 0, 0, 0, -33.77536392211914, 0.0], [0, 0, 0, 0.03366263210773468, 0, 0, 8, 7, 14, 0, 0, 0, 0, 5, 1, 2, 0, 0, 0, 6, 0, 0.3333333333333333, 0, 0, 0, 0, 0, 0, -36.458595275878906, 0.07271575927734375], [0, 0, 0, 0.02782219648361206, 0, 0, 8, 13, 20, 0, 0, 0, 0, 10, 2, 1, 0, 0, 0, 12, 0, 0.6666666666666666, 0, 0, 0, 0, 0, 0, -21.315858840942383, 3.0383033752441406], [0, 0, 0, 0.1494358777999878, 0, 0, 8, 3, 10, 0, 0, 0, 0, 1, 1, 4, 0, 0, 0, 2, 0, 0.5, 0, 0, 0, 0, 0, 0, -33.77536392211914, 0.0], [0, 0, 0, 0.013566941022872925, 0, 0, 8, 3, 10, 0, 0, 0, 0, 1, 1, 4, 0, 0, 0, 2, 0, 0.5, 0, 0, 0, 0, 0, 0, -33.77536392211914, 0.0], [1, 0, 1, 0.050086021423339844, 0, 0, 8, 13, 20, 1, 0, 1, 0, 11, 1, 2, 0, 0, 0, 12, 0, 0.5, 0, 0, 0, 0, 0, 0, -21.43707847595215, 8.055156707763672], [0, 0, 0, 0.05125078558921814, 0, 0, 8, 6, 13, 0, 0, 1, 0, 2, 3, 4, 0, 0, 0, 5, 0, 0.5, 0, 0, 0, 0, 0, 0, -37.92920684814453, 14.550827026367188], [0, 0, 0, 0.025967836380004883, 0, 0, 8, 13, 20, 0, 0, 0, 0, 11, 1, 2, 0, 0, 0, 12, 0, 0.5, 0, 0, 0, 0, 0, 0, -26.919300079345703, 0.013948440551757812], [0, 0, 0, 0.05470272898674011, 0, 0, 8, 3, 10, 0, 0, 0, 0, 1, 1, 4, 0, 0, 0, 2, 0, 0.75, 0, 0, 0, 0, 0, 0, -33.77536392211914, 0.0], [0, 0, 0, 0.11745542287826538, 0, 0, 7, 3, 9, 0, 0, 0, 0, 1, 1, 4, 0, 0, 0, 2, 0, 0.6666666666666666, 0, 0, 0, 0, 0, 0, -33.77536392211914, 0.0], [0, 0, 0, 0.03258615732192993, 0, 0, 8, 13, 20, 0, 0, 0, 0, 8, 4, 2, 0, 0, 0, 12, 0, 0.6666666666666666, 0, 0, 0, 0, 0, 0, -22.765716552734375, 4.79803466796875], [0, 0, 0, 0.09363910555839539, 0, 0, 8, 3, 10, 0, 0, 0, 0, 1, 1, 4, 0, 0, 0, 2, 0, 0.6666666666666666, 0, 0, 0, 0, 0, 0, -33.77536392211914, 0.0], [0, 0, 0, 0.0946226716041565, 0, 0, 8, 4, 11, 0, 0, 0, 0, 2, 1, 2, 0, 0, 0, 3, 0, 0.5, 0, 0, 0, 0, 0, 0, -26.419923782348633, 0.42395973205566406], [0, 0, 0, 0.011282563209533691, 0, 0, 8, 7, 14, 0, 0, 0, 0, 4, 2, 6, 0, 0, 0, 6, 0, 0.75, 0, 0, 0, 0, 0, 0, -38.462890625, 7.326183319091797], [0, 0, 0, 0.09012740850448608, 0, 0, 8, 13, 20, 0, 0, 0, 0, 8, 3, 2, 0, 0, 0, 12, 0, 0.75, 0, 0, 0, 0, 0, 0, -26.924535751342773, 0.3051319122314453], [0, 0, 0, 0.025060445070266724, 0, 0, 8, 13, 20, 0, 0, 0, 0, 11, 1, 1, 0, 0, 0, 12, 0, 0.13043478260869565, 0, 0, 0, 0, 0, 0, -20.597585678100586, 0.012462615966796875], [0, 0, 0, 0.016682982444763184, 0, 0, 8, 3, 10, 0, 0, 0, 0, 1, 1, 1, 0, 0, 0, 2, 0, 0.09090909090909091, 0, 0, 0, 0, 0, 0, -33.77536392211914, 0.0], [0, 0, 0, 0.14382809400558472, 0, 0, 8, 3, 10, 0, 0, 0, 0, 1, 1, 5, 0, 0, 0, 2, 0, 0.6666666666666666, 0, 0, 0, 0, 0, 0, -33.77536392211914, 0.0], [0, 0, 0, 0.003748953342437744, 0, 0, 8, 9, 16, 0, 0, 0, 0, 7, 1, 4, 0, 0, 0, 8, 0, 0.6666666666666666, 0, 0, 0, 0, 0, 0, -21.19792366027832, 0.021240234375], [0, 0, 0, 0.07853120565414429, 0, 0, 8, 4, 11, 0, 0, 0, 0, 2, 1, 4, 0, 0, 0, 3, 0, 0.5, 0, 0, 0, 0, 0, 0, -26.419923782348633, 0.42395973205566406], [1, 0, 1, 0.016016006469726562, 0, 1, 8, 3, 10, 1, 0, 0, 0, 1, 1, 6, 0, 0, 0, 2, 0, 0.5, 0, 0, 1, 0, 0, 0, -26.611854553222656, 16.760089874267578], [0, 0, 0, 0.06538671255111694, 0, 0, 8, 4, 11, 0, 0, 0, 0, 2, 1, 3, 0, 0, 0, 3, 0, 0.5, 0, 0, 0, 0, 0, 0, -26.419923782348633, 0.42395973205566406], [0, 0, 0, 0.011073827743530273, 0, 0, 8, 3, 10, 0, 0, 0, 0, 1, 1, 3, 0, 0, 0, 2, 0, 0.25, 0, 0, 0, 0, 0, 0, -33.77536392211914, 0.0], [0, 0, 0, 0.08582377433776855, 0, 0, 8, 13, 20, 0, 0, 1, 0, 10, 2, 2, 0, 0, 0, 12, 0, 0.75, 0, 0, 0, 0, 0, 0, -29.39059829711914, 2.6984786987304688], [0, 0, 0, 0.07348358631134033, 0, 1, 8, 6, 13, 0, 0, 0, 0, 2, 2, 3, 0, 0, 0, 5, 0, 0.5, 0, 0, 1, 0, 0, 0, -51.323570251464844, 6.017116546630859], [0, 0, 0, 0.017394155263900757, 0, 0, 8, 12, 19, 0, 0, 0, 0, 9, 2, 4, 0, 0, 0, 11, 0, 0.5, 0, 0, 0, 0, 0, 0, -21.37879753112793, 3.3373069763183594], [0, 0, 0, 0.3258953094482422, 0, 0, 8, 3, 10, 0, 0, 0, 0, 1, 1, 4, 0, 0, 0, 2, 0, 0.5, 0, 0, 0, 0, 0, 0, -33.77536392211914, 0.0], [0, 0, 0, 0.16409260034561157, 0, 0, 8, 3, 10, 0, 0, 0, 0, 1, 1, 4, 0, 0, 0, 2, 0, 0.5, 0, 0, 0, 0, 0, 0, -33.77536392211914, 0.0], [0, 0, 0, 0.030193835496902466, 0, 0, 8, 10, 17, 0, 0, 0, 0, 8, 1, 1, 0, 0, 0, 9, 0, 0.6666666666666666, 0, 0, 0, 0, 0, 0, -39.486053466796875, 0.010379791259765625], [0, 0, 0, 0.025545433163642883, 0, 0, 8, 3, 10, 0, 0, 0, 0, 1, 1, 4, 0, 0, 0, 2, 0, 0.5, 0, 0, 0, 0, 0, 0, -33.77536392211914, 0.0], [0, 0, 0, 0.016343653202056885, 0, 1, 8, 12, 19, 0, 0, 0, 0, 5, 4, 1, 0, 0, 0, 11, 0, 0.5, 0, 0, 1, 0, 0, 0, -47.467716217041016, 1.7421989440917969], [0, 0, 0, 0.08759230375289917, 0, 0, 8, 13, 20, 0, 0, 0, 0, 11, 1, 2, 0, 0, 0, 12, 0, 0.25, 0, 0, 0, 0, 0, 0, -20.275413513183594, 0.012487411499023438], [0, 0, 0, 0.030852392315864563, 0, 0, 8, 8, 15, 0, 0, 0, 0, 6, 1, 3, 0, 0, 0, 7, 0, 0.6666666666666666, 0, 0, 0, 0, 0, 0, -35.09142303466797, 0.093048095703125], [0, 0, 0, 0.05563497543334961, 0, 0, 8, 13, 20, 0, 0, 0, 0, 8, 4, 2, 0, 0, 0, 12, 0, 0.6666666666666666, 0, 0, 0, 0, 0, 0, -29.353036880493164, 3.9178829193115234], [0, 0, 0, 0.06676691770553589, 0, 0, 8, 8, 15, 0, 0, 0, 0, 6, 1, 1, 0, 0, 0, 7, 0, 0.1111111111111111, 0, 0, 0, 0, 0, 0, -35.71013641357422, 0.00653076171875], [0, 0, 0, 0.18530699610710144, 0, 0, 8, 3, 10, 0, 0, 0, 0, 1, 1, 2, 0, 0, 0, 2, 0, 0.5, 0, 0, 0, 0, 0, 0, -33.77536392211914, 0.0], [1, 0, 1, 0.05399352312088013, 1, 0, 8, 13, 20, 1, 0, 1, 1, 9, 3, 2, 0, 0, 0, 12, 1, 0.6666666666666666, 0, 0, 0, 0, 0, 0, -22.11684799194336, 3.8485755920410156], [0, 0, 0, 0.11616754531860352, 0, 0, 8, 6, 13, 0, 0, 0, 0, 4, 1, 3, 0, 0, 0, 5, 0, 0.5, 0, 0, 0, 0, 0, 0, -28.832172393798828, 0.4241790771484375], [1, 0, 0, 0.16644632816314697, 0, 0, 8, 3, 10, 1, 1, 0, 0, 1, 1, 6, 0, 0, 0, 2, 0, 0.6666666666666666, 0, 0, 0, 0, 0, 0, -33.77536392211914, 0.0], [0, 0, 0, 0.045367419719696045, 0, 0, 8, 4, 11, 0, 0, 0, 0, 2, 1, 4, 0, 0, 0, 3, 0, 0.5, 0, 0, 0, 0, 0, 0, -26.419923782348633, 0.42395973205566406], [0, 0, 0, 0.5276065170764923, 0, 0, 8, 3, 10, 0, 0, 0, 0, 1, 1, 4, 0, 0, 0, 2, 0, 0.5, 0, 0, 0, 0, 0, 0, -33.77536392211914, 0.0], [0, 0, 1, 0.04656939208507538, 0, 0, 8, 13, 20, 0, 0, 1, 1, 6, 6, 4, 0, 0, 0, 12, 0, 0.6666666666666666, 0, 0, 0, 0, 0, 0, -23.04279327392578, 6.583484649658203], [0, 0, 0, 0.10853761434555054, 0, 0, 8, 13, 20, 0, 0, 0, 0, 11, 1, 2, 0, 0, 0, 12, 0, 0.6666666666666666, 0, 0, 0, 0, 0, 0, -20.011281967163086, 0.01251220703125], [0, 0, 0, 0.001224815845489502, 0, 0, 8, 3, 10, 0, 0, 0, 0, 1, 1, 4, 0, 0, 0, 2, 0, 0.75, 0, 0, 0, 0, 0, 0, -33.77536392211914, 0.0], [0, 0, 0, 0.04806399345397949, 0, 0, 8, 3, 10, 0, 0, 0, 0, 1, 1, 1, 0, 0, 0, 2, 0, 0.6666666666666666, 0, 0, 0, 0, 0, 0, -33.77536392211914, 0.0], [0, 0, 0, 0.18418991565704346, 0, 0, 8, 8, 15, 0, 0, 0, 0, 3, 3, 6, 0, 0, 0, 7, 0, 0.75, 0, 0, 0, 0, 0, 0, -31.933372497558594, 0.5307579040527344], [0, 0, 0, 0.024029135704040527, 0, 0, 8, 13, 20, 0, 0, 0, 0, 11, 1, 3, 0, 0, 0, 12, 0, 0.5, 0, 0, 0, 0, 0, 0, -20.062583923339844, 0.012506484985351562], [0, 0, 0, 0.023467540740966797, 0, 0, 8, 13, 20, 0, 0, 0, 0, 11, 1, 1, 0, 0, 0, 12, 0, 0.125, 0, 0, 0, 0, 0, 0, -20.358524322509766, 0.012483596801757812], [1, 0, 0, 0.00887840986251831, 0, 0, 8, 7, 14, 1, 1, 1, 1, 5, 1, 3, 0, 0, 0, 6, 1, 0.6666666666666666, 0, 0, 0, 0, 0, 0, -37.042137145996094, 0.01078033447265625], [0, 0, 0, 0.01605522632598877, 0, 0, 8, 13, 20, 0, 0, 0, 0, 11, 1, 2, 0, 0, 0, 12, 0, 0.5, 0, 0, 0, 0, 0, 0, -26.919178009033203, 0.013946533203125], [1, 0, 0, 0.04781615734100342, 0, 0, 7, 3, 9, 1, 0, 0, 0, 1, 1, 4, 0, 0, 0, 2, 0, 0.6666666666666666, 0, 0, 0, 0, 0, 0, -33.77536392211914, 0.0], [1, 0, 0, 0.08021295070648193, 1, 0, 8, 13, 20, 1, 0, 1, 1, 9, 2, 2, 0, 0, 0, 12, 1, 0.75, 0, 0, 0, 0, 0, 0, -25.72713279724121, 0.14247512817382812], [0, 0, 0, 0.09878325462341309, 0, 0, 8, 9, 16, 0, 0, 0, 0, 7, 1, 5, 0, 0, 0, 8, 0, 0.6666666666666666, 0, 0, 0, 0, 0, 0, -21.19792366027832, 0.021240234375], [0, 0, 0, 0.04102379083633423, 0, 0, 8, 13, 20, 0, 0, 0, 0, 11, 1, 1, 0, 0, 0, 12, 0, 0.25, 0, 0, 0, 0, 0, 0, -20.261093139648438, 0.01248931884765625], [0, 0, 0, 0.0020274370908737183, 0, 0, 8, 3, 10, 0, 0, 0, 0, 1, 1, 4, 0, 0, 0, 2, 0, 0.5, 0, 0, 0, 0, 0, 0, -33.77536392211914, 0.0], [0, 0, 0, 0.11461302638053894, 0, 0, 8, 6, 13, 0, 0, 0, 0, 4, 1, 4, 0, 0, 0, 5, 0, 0.5, 0, 0, 0, 0, 0, 0, -39.059791564941406, 0.08806610107421875], [0, 0, 0, 0.06851130723953247, 0, 0, 8, 12, 19, 0, 0, 0, 0, 9, 2, 1, 0, 0, 0, 11, 0, 0.5, 0, 0, 0, 0, 0, 0, -35.89789581298828, 3.0858421325683594], [1, 0, 0, 0.08914053440093994, 0, 0, 8, 6, 13, 1, 0, 1, 0, 4, 1, 5, 0, 0, 0, 5, 0, 0.5, 0, 0, 0, 0, 0, 0, -39.00173568725586, 0.08811187744140625], [0, 0, 0, 0.03949941694736481, 0, 0, 8, 7, 14, 0, 0, 0, 0, 5, 1, 3, 0, 0, 0, 6, 0, 0.5, 0, 0, 0, 0, 0, 0, -36.458595275878906, 0.07271575927734375], [0, 0, 0, 0.041444092988967896, 0, 0, 8, 6, 13, 0, 0, 0, 0, 4, 1, 2, 0, 0, 0, 5, 0, 0.5, 0, 0, 0, 0, 0, 0, -38.9154052734375, 0.004566192626953125], [0, 0, 0, 0.006520271301269531, 0, 0, 8, 13, 20, 0, 0, 0, 0, 11, 1, 3, 0, 0, 0, 12, 0, 0.5, 0, 0, 0, 0, 0, 0, -20.282289505004883, 0.012493133544921875], [0, 0, 0, 0.022943705320358276, 0, 0, 8, 13, 20, 0, 0, 0, 0, 10, 2, 1, 0, 0, 0, 12, 0, 0.13043478260869565, 0, 0, 0, 0, 0, 0, -21.838321685791016, 3.0489978790283203], [0, 0, 0, 0.19934344291687012, 0, 0, 8, 3, 10, 0, 0, 0, 0, 1, 1, 3, 0, 0, 0, 2, 0, 0.5, 0, 0, 0, 0, 0, 0, -33.77536392211914, 0.0], [0, 0, 0, 0.014148533344268799, 0, 0, 8, 3, 10, 0, 0, 0, 0, 1, 1, 5, 0, 0, 0, 2, 0, 0.6666666666666666, 0, 0, 0, 0, 0, 0, -33.77536392211914, 0.0], [0, 0, 0, 0.02931460738182068, 0, 0, 8, 4, 11, 0, 0, 0, 0, 1, 2, 4, 0, 0, 0, 3, 0, 0.75, 0, 0, 0, 0, 0, 0, -36.34147644042969, 0.0], [0, 0, 0, 0.0073950886726379395, 0, 0, 8, 10, 17, 0, 0, 0, 0, 8, 1, 1, 0, 0, 0, 9, 0, 0.125, 0, 0, 0, 0, 0, 0, -20.798564910888672, 0.018463134765625], [0, 0, 0, 0.014910608530044556, 0, 0, 8, 13, 20, 0, 0, 0, 0, 11, 1, 1, 0, 0, 0, 12, 0, 0.13043478260869565, 0, 0, 0, 0, 0, 0, -20.597585678100586, 0.012462615966796875], [0, 0, 0, 0.0252552330493927, 0, 0, 8, 5, 12, 0, 1, 0, 0, 3, 1, 1, 0, 0, 0, 4, 0, 0.6666666666666666, 0, 0, 0, 0, 0, 0, -24.53251838684082, 0.09001350402832031], [0, 0, 0, 0.026961863040924072, 0, 0, 8, 4, 11, 0, 0, 0, 0, 2, 1, 2, 0, 0, 0, 3, 0, 0.75, 0, 0, 0, 0, 0, 0, -26.419923782348633, 0.42395973205566406], [0, 0, 0, 0.0018795281648635864, 0, 0, 8, 13, 20, 0, 0, 0, 0, 11, 1, 1, 0, 0, 0, 12, 0, 0.019736842105263157, 0, 0, 0, 0, 0, 0, -20.184934616088867, 0.012495040893554688], [0, 0, 0, 0.0213625431060791, 0, 0, 8, 13, 20, 0, 0, 0, 0, 11, 1, 4, 0, 0, 0, 12, 0, 0.5, 0, 0, 0, 0, 0, 0, -20.320207595825195, 0.012481689453125], [0, 0, 0, 0.010571837425231934, 0, 0, 8, 6, 13, 0, 0, 0, 0, 4, 1, 3, 0, 0, 0, 5, 0, 0.5, 0, 0, 0, 0, 0, 0, -39.059791564941406, 0.08806610107421875], [0, 0, 0, 0.15102270245552063, 0, 0, 8, 12, 19, 0, 0, 0, 0, 10, 1, 3, 0, 0, 0, 11, 0, 0.6666666666666666, 0, 0, 0, 0, 0, 0, -20.212568283081055, 0.0140380859375], [0, 0, 0, 0.06954243779182434, 0, 0, 8, 13, 20, 0, 0, 0, 0, 9, 2, 2, 0, 0, 0, 12, 0, 0.25, 0, 0, 0, 0, 0, 0, -25.38465690612793, 0.1324787139892578], [0, 0, 0, 0.0026043057441711426, 0, 0, 8, 10, 17, 0, 1, 0, 0, 8, 1, 4, 0, 0, 0, 9, 0, 0.5, 0, 0, 0, 0, 0, 0, -39.486053466796875, 0.010379791259765625], [0, 0, 0, 0.0189039409160614, 0, 0, 8, 13, 20, 0, 0, 0, 0, 11, 1, 1, 0, 0, 0, 12, 0, 0.13043478260869565, 0, 0, 0, 0, 0, 0, -20.597585678100586, 0.012462615966796875], [1, 0, 0, 0.11793583631515503, 0, 0, 8, 6, 13, 1, 0, 0, 0, 4, 1, 7, 0, 0, 0, 5, 0, 0.8333333333333334, 0, 0, 0, 0, 0, 0, -38.9154052734375, 0.004566192626953125], [1, 0, 0, 0.08021295070648193, 1, 0, 8, 13, 20, 1, 1, 1, 1, 9, 2, 2, 0, 0, 0, 12, 1, 0.75, 0, 0, 0, 0, 0, 0, -25.730253219604492, 0.15221023559570312], [0, 0, 0, 0.2372569739818573, 0, 0, 8, 7, 14, 0, 0, 0, 0, 5, 1, 5, 0, 0, 0, 6, 0, 0.5, 0, 0, 0, 0, 0, 0, -36.458595275878906, 0.07271575927734375], [0, 0, 0, 0.009480834007263184, 0, 0, 8, 4, 11, 0, 0, 0, 0, 2, 1, 2, 0, 0, 0, 3, 0, 0.25, 0, 0, 0, 0, 0, 0, -26.419923782348633, 0.42395973205566406], [0, 0, 0, 0.0009815692901611328, 0, 0, 8, 11, 18, 0, 0, 0, 0, 9, 1, 2, 0, 0, 0, 10, 0, 0.6666666666666666, 0, 0, 0, 0, 0, 0, -20.476938247680664, 0.015985488891601562], [0, 0, 0, 0.058755308389663696, 0, 0, 8, 13, 20, 0, 0, 0, 0, 11, 1, 4, 0, 0, 0, 12, 0, 0.5, 0, 0, 0, 0, 0, 0, -20.011281967163086, 0.01251220703125], [0, 0, 0, 0.13675788044929504, 0, 0, 8, 3, 10, 0, 0, 0, 0, 1, 1, 4, 0, 0, 0, 2, 0, 0.5, 0, 0, 0, 0, 0, 0, -33.77536392211914, 0.0], [0, 0, 0, 0.026165395975112915, 0, 0, 8, 13, 20, 0, 0, 0, 0, 11, 1, 1, 0, 0, 0, 12, 0, 0.13043478260869565, 0, 0, 0, 0, 0, 0, -20.597585678100586, 0.012462615966796875], [0, 0, 1, 0.07872366905212402, 0, 0, 8, 11, 18, 0, 0, 1, 1, 7, 3, 1, 0, 0, 0, 10, 0, 0.2, 0, 0, 0, 0, 0, 0, -22.481727600097656, 4.773143768310547], [0, 0, 0, 0.04327559471130371, 0, 0, 8, 7, 14, 0, 0, 0, 0, 5, 1, 3, 0, 0, 0, 6, 0, 0.6666666666666666, 0, 0, 0, 0, 0, 0, -37.089759826660156, 0.01080322265625], [0, 0, 0, 0.014167308807373047, 0, 0, 8, 7, 14, 0, 0, 0, 0, 5, 1, 1, 0, 0, 0, 6, 0, 0.09090909090909091, 0, 0, 0, 0, 0, 0, -37.089759826660156, 0.01080322265625], [0, 0, 0, 0.13756397366523743, 0, 0, 8, 13, 20, 0, 0, 0, 0, 9, 2, 5, 0, 0, 0, 12, 0, 0.6666666666666666, 0, 0, 0, 0, 0, 0, -25.29779624938965, 0.1483135223388672], [0, 0, 0, 0.043015092611312866, 0, 0, 8, 4, 11, 0, 0, 0, 0, 2, 1, 3, 0, 0, 0, 3, 0, 0.625, 0, 0, 0, 0, 0, 0, -26.419923782348633, 0.42395973205566406], [0, 0, 0, 0.0042264461517333984, 0, 0, 8, 13, 20, 0, 0, 0, 0, 10, 2, 1, 0, 0, 0, 12, 0, 0.08333333333333333, 0, 0, 0, 0, 0, 0, -21.506486892700195, 3.042539596557617], [0, 0, 0, 0.02333885431289673, 0, 0, 8, 13, 20, 0, 0, 0, 0, 5, 7, 5, 0, 0, 0, 12, 0, 0.6666666666666666, 0, 0, 0, 0, 0, 0, -23.1708984375, 7.433341979980469], [0, 0, 0, 0.0336872935295105, 0, 0, 8, 13, 20, 0, 0, 0, 0, 11, 1, 1, 0, 0, 0, 12, 0, 0.6666666666666666, 0, 0, 0, 0, 0, 0, -20.14251136779785, 0.012500762939453125], [0, 0, 0, 0.10768675804138184, 0, 0, 8, 11, 18, 0, 0, 0, 0, 6, 3, 3, 0, 0, 0, 10, 0, 0.6666666666666666, 0, 0, 0, 0, 0, 0, -45.67074203491211, 0.37195587158203125], [0, 0, 0, 0.039773717522621155, 0, 0, 8, 13, 20, 0, 0, 0, 0, 10, 2, 2, 0, 0, 0, 12, 0, 0.5, 0, 0, 0, 0, 0, 0, -21.328689575195312, 3.033231735229492], [1, 0, 0, 0.14592701196670532, 0, 0, 8, 4, 11, 1, 0, 1, 0, 2, 1, 5, 0, 0, 0, 3, 0, 0.5, 0, 0, 0, 0, 0, 0, -26.335594177246094, 0.4242515563964844], [1, 0, 0, 0.05872011184692383, 0, 0, 8, 12, 19, 1, 0, 1, 0, 8, 3, 3, 0, 0, 0, 11, 0, 0.75, 0, 0, 0, 0, 0, 0, -38.45491409301758, 4.064579010009766], [0, 0, 0, 0.027254045009613037, 0, 0, 8, 7, 14, 0, 0, 0, 0, 4, 2, 4, 0, 0, 0, 6, 0, 0.5, 0, 0, 0, 0, 0, 0, -37.747413635253906, 6.00982666015625], [0, 0, 0, 0.002410888671875, 0, 0, 8, 3, 10, 0, 0, 0, 0, 1, 1, 7, 0, 0, 0, 2, 0, 0.5, 0, 0, 0, 0, 0, 0, -33.77536392211914, 0.0], [0, 0, 0, 0.051018983125686646, 0, 0, 8, 13, 20, 0, 0, 0, 0, 11, 1, 4, 0, 0, 0, 12, 0, 0.5, 0, 0, 0, 0, 0, 0, -20.011281967163086, 0.01251220703125], [0, 0, 0, 0.0790930986404419, 0, 0, 8, 13, 20, 0, 0, 0, 0, 8, 4, 2, 0, 0, 0, 12, 0, 0.75, 0, 0, 0, 0, 0, 0, -22.67767906188965, 4.772546768188477], [0, 0, 0, 0.0162888765335083, 0, 0, 8, 13, 20, 0, 0, 0, 0, 11, 1, 1, 0, 0, 0, 12, 0, 0.13043478260869565, 0, 0, 0, 0, 0, 0, -20.597585678100586, 0.012462615966796875], [0, 0, 0, 0.03637218475341797, 0, 0, 8, 13, 20, 0, 0, 0, 0, 9, 3, 2, 0, 0, 0, 12, 0, 0.6666666666666666, 0, 0, 0, 0, 0, 0, -22.158367156982422, 3.860593795776367], [0, 0, 0, 0.026696205139160156, 0, 0, 8, 6, 13, 0, 0, 0, 0, 4, 1, 1, 0, 0, 0, 5, 0, 0.1111111111111111, 0, 0, 0, 0, 0, 0, -38.9154052734375, 0.004566192626953125], [0, 0, 0, 0.13525675237178802, 0, 0, 8, 5, 12, 0, 0, 0, 0, 3, 1, 2, 0, 0, 0, 4, 0, 0.5, 0, 0, 0, 0, 0, 0, -24.53251838684082, 0.09001350402832031], [0, 0, 0, 0.021046549081802368, 0, 0, 8, 13, 20, 0, 0, 0, 0, 10, 2, 4, 0, 0, 0, 12, 0, 0.5, 0, 0, 0, 0, 0, 0, -21.35653305053711, 3.032999038696289], [0, 0, 0, 0.05033046007156372, 0, 0, 8, 4, 11, 0, 0, 0, 0, 2, 1, 2, 0, 0, 0, 3, 0, 0.5, 0, 0, 0, 0, 0, 0, -26.419923782348633, 0.42395973205566406], [0, 0, 0, 0.009825527667999268, 0, 0, 8, 4, 11, 0, 0, 1, 0, 2, 1, 4, 0, 0, 0, 3, 0, 0.5, 0, 0, 0, 0, 0, 0, -26.335594177246094, 0.4242515563964844], [1, 0, 0, 0.0, 0, 0, 6, 13, 18, 1, 0, 1, 0, 10, 2, 5, 0, 0, 0, 12, 0, 0.5, 0, 0, 0, 0, 0, 0, -21.220849990844727, 3.033416748046875], [0, 0, 0, 0.046720266342163086, 0, 0, 8, 13, 20, 0, 0, 0, 0, 10, 2, 2, 0, 0, 0, 12, 0, 0.3333333333333333, 0, 0, 0, 0, 0, 0, -21.01852798461914, 3.042795181274414], [0, 0, 1, 0.018449798226356506, 0, 0, 8, 6, 13, 0, 0, 1, 1, 3, 2, 1, 0, 0, 0, 5, 0, 0.07692307692307693, 0, 0, 0, 0, 0, 0, -40.21516799926758, 7.428905487060547], [0, 0, 0, 0.09309715032577515, 0, 0, 8, 3, 10, 0, 0, 0, 0, 1, 1, 4, 0, 0, 0, 2, 0, 0.5, 0, 0, 0, 0, 0, 0, -33.77536392211914, 0.0], [1, 0, 0, 0.04889833927154541, 0, 0, 8, 4, 11, 1, 0, 0, 0, 2, 1, 3, 0, 0, 0, 3, 0, 0.5, 0, 0, 0, 0, 0, 0, -26.419923782348633, 0.42395973205566406], [0, 0, 0, 0.01318424940109253, 0, 0, 8, 13, 20, 0, 0, 0, 0, 10, 2, 1, 0, 0, 0, 12, 0, 0.5, 0, 0, 0, 0, 0, 0, -21.680278778076172, 3.0472888946533203], [0, 0, 0, 0.009185791015625, 0, 0, 8, 11, 18, 0, 0, 0, 0, 9, 1, 1, 0, 0, 0, 10, 0, 0.1111111111111111, 0, 0, 0, 0, 0, 0, -34.52104568481445, 0.035831451416015625], [0, 0, 0, 0.042421042919158936, 0, 0, 8, 3, 10, 0, 0, 0, 0, 1, 1, 3, 0, 0, 0, 2, 0, 0.75, 0, 0, 0, 0, 0, 0, -33.77536392211914, 0.0], [0, 0, 1, 0.20707738399505615, 0, 0, 8, 6, 13, 0, 0, 1, 1, 4, 1, 5, 0, 0, 0, 5, 0, 0.5, 0, 0, 0, 0, 0, 0, -38.858360290527344, 0.004619598388671875], [0, 0, 0, 0.036086827516555786, 0, 0, 8, 13, 20, 0, 0, 0, 0, 11, 1, 4, 0, 0, 0, 12, 0, 0.5, 0, 0, 0, 0, 0, 0, -20.077695846557617, 0.012502670288085938], [0, 0, 0, 0.00816500186920166, 0, 0, 8, 13, 20, 0, 0, 0, 0, 10, 2, 1, 0, 0, 0, 12, 0, 0.1111111111111111, 0, 0, 0, 0, 0, 0, -21.338319778442383, 3.0389442443847656], [0, 0, 0, 0.007899999618530273, 0, 0, 8, 10, 17, 0, 0, 0, 0, 8, 1, 1, 0, 0, 0, 9, 0, 0.019736842105263157, 0, 0, 0, 0, 0, 0, -27.17509651184082, 0.020305633544921875], [0, 0, 0, 0.01806090772151947, 0, 0, 8, 13, 20, 0, 0, 0, 0, 11, 1, 3, 0, 0, 0, 12, 0, 0.5, 0, 0, 0, 0, 0, 0, -20.22990608215332, 0.012493133544921875], [0, 0, 0, 0.029193192720413208, 0, 0, 8, 13, 20, 0, 0, 0, 0, 11, 1, 1, 0, 0, 0, 12, 0, 0.3333333333333333, 0, 0, 0, 0, 0, 0, -19.991708755493164, 0.01251220703125], [0, 0, 0, 0.06004565954208374, 0, 0, 8, 11, 18, 0, 0, 1, 0, 9, 1, 3, 0, 0, 0, 10, 0, 0.5, 0, 0, 0, 0, 0, 0, -38.07745361328125, 0.00524139404296875], [0, 0, 0, 0.010670363903045654, 0, 0, 7, 3, 9, 0, 0, 0, 0, 1, 1, 5, 0, 0, 0, 2, 0, 0.6666666666666666, 0, 0, 0, 0, 0, 0, -33.77536392211914, 0.0], [0, 0, 0, 0.021297559142112732, 0, 0, 8, 4, 11, 0, 0, 0, 0, 2, 1, 2, 0, 0, 0, 3, 0, 0.6666666666666666, 0, 0, 0, 0, 0, 0, -17.51513671875, 20.25865936279297], [0, 0, 0, 0.027347564697265625, 0, 0, 8, 13, 20, 0, 0, 0, 0, 11, 1, 2, 0, 0, 0, 12, 0, 0.5, 0, 0, 0, 0, 0, 0, -20.011281967163086, 0.01251220703125], [0, 0, 0, 0.010842651128768921, 0, 0, 8, 3, 10, 0, 0, 0, 0, 1, 1, 5, 0, 0, 0, 2, 0, 0.6666666666666666, 0, 0, 0, 0, 0, 0, -33.77536392211914, 0.0], [0, 0, 0, 0.033549606800079346, 0, 0, 8, 3, 10, 0, 0, 0, 0, 1, 1, 7, 0, 0, 0, 2, 0, 0.8333333333333334, 0, 0, 0, 0, 0, 0, -33.77536392211914, 0.0], [0, 0, 0, 0.04012760519981384, 0, 0, 8, 3, 10, 0, 0, 0, 0, 1, 1, 3, 0, 0, 0, 2, 0, 0.6666666666666666, 0, 0, 0, 0, 0, 0, -33.77536392211914, 0.0], [0, 0, 0, 0.13010424375534058, 0, 0, 8, 8, 15, 0, 0, 0, 0, 4, 3, 3, 0, 0, 0, 7, 0, 0.5, 0, 0, 0, 0, 0, 0, -23.868824005126953, 7.264991760253906], [1, 0, 0, 0.030313938856124878, 0, 0, 8, 13, 20, 1, 0, 0, 0, 11, 1, 6, 0, 0, 0, 12, 0, 0.8, 0, 0, 0, 0, 0, 0, -26.692142486572266, 0.013986587524414062], [0, 0, 0, 0.02416670322418213, 0, 0, 8, 10, 17, 0, 0, 0, 0, 8, 1, 1, 0, 0, 0, 9, 0, 0.1111111111111111, 0, 0, 0, 0, 0, 0, -20.798564910888672, 0.018463134765625], [0, 0, 0, 0.005327343940734863, 0, 0, 8, 13, 20, 0, 0, 0, 0, 11, 1, 4, 0, 0, 0, 12, 0, 0.5, 0, 0, 0, 0, 0, 0, -26.921791076660156, 0.021970748901367188], [0, 0, 0, 0.06701061129570007, 0, 0, 8, 5, 12, 0, 0, 0, 0, 3, 1, 1, 0, 0, 0, 4, 0, 0.6666666666666666, 0, 0, 0, 0, 0, 0, -24.53251838684082, 0.09001350402832031], [1, 0, 1, 0.03888058662414551, 1, 0, 8, 5, 12, 1, 0, 1, 1, 2, 2, 4, 0, 0, 0, 4, 1, 0.6666666666666666, 0, 0, 0, 0, 0, 0, -25.583295822143555, 15.156999588012695], [0, 0, 0, 0.014443010091781616, 0, 0, 8, 10, 17, 0, 0, 0, 0, 8, 1, 2, 0, 0, 0, 9, 0, 0.5, 0, 0, 0, 0, 0, 0, -27.17509651184082, 0.020305633544921875], [0, 0, 0, 0.020550459623336792, 0, 0, 8, 4, 11, 0, 0, 0, 0, 2, 1, 3, 0, 0, 0, 3, 0, 0.5, 0, 0, 0, 0, 0, 0, -26.419923782348633, 0.42395973205566406], [0, 0, 0, 0.14829114079475403, 0, 0, 8, 5, 12, 0, 0, 0, 0, 3, 1, 4, 0, 0, 0, 4, 0, 0.5, 0, 0, 0, 0, 0, 0, -24.53251838684082, 0.09001350402832031], [0, 0, 0, 0.060741692781448364, 0, 0, 8, 5, 12, 0, 0, 0, 0, 3, 1, 4, 0, 0, 0, 4, 0, 0.6666666666666666, 0, 0, 0, 0, 0, 0, -24.53251838684082, 0.09001350402832031], [1, 0, 0, 0.056483566761016846, 0, 0, 8, 3, 10, 1, 0, 0, 0, 1, 1, 5, 0, 0, 0, 2, 0, 0.75, 0, 0, 0, 0, 0, 0, -33.77536392211914, 0.0], [0, 0, 0, 0.01184225082397461, 0, 0, 8, 3, 10, 0, 0, 0, 0, 1, 1, 4, 0, 0, 0, 2, 0, 0.5, 0, 0, 0, 0, 0, 0, -33.77536392211914, 0.0], [0, 0, 0, 0.07598093152046204, 0, 0, 8, 11, 18, 0, 0, 0, 0, 6, 4, 1, 0, 0, 0, 10, 0, 0.2, 0, 0, 0, 0, 0, 0, -23.167531967163086, 5.954261779785156], [0, 0, 0, 0.11349299550056458, 0, 0, 8, 13, 20, 0, 0, 0, 0, 11, 1, 1, 0, 0, 0, 12, 0, 0.3333333333333333, 0, 0, 0, 0, 0, 0, -19.991708755493164, 0.01251220703125], [0, 0, 0, 0.030491530895233154, 0, 0, 8, 4, 11, 0, 0, 0, 0, 2, 1, 3, 0, 0, 0, 3, 0, 0.5, 0, 0, 0, 0, 0, 0, -26.419923782348633, 0.42395973205566406], [0, 0, 0, 0.012856453657150269, 0, 0, 8, 3, 10, 0, 0, 0, 0, 1, 1, 3, 0, 0, 0, 2, 0, 0.5, 0, 0, 0, 0, 0, 0, -33.77536392211914, 0.0], [0, 0, 0, 0.003542274236679077, 0, 0, 8, 10, 17, 0, 0, 0, 0, 8, 1, 4, 0, 0, 0, 9, 0, 0.5, 0, 0, 0, 0, 0, 0, -20.798564910888672, 0.018463134765625], [0, 0, 0, 0.039914727210998535, 0, 0, 8, 3, 10, 0, 0, 0, 0, 1, 1, 3, 0, 0, 0, 2, 0, 0.5, 0, 0, 0, 0, 0, 0, -33.77536392211914, 0.0], [0, 0, 0, 0.19218438863754272, 0, 0, 8, 3, 10, 0, 0, 0, 0, 1, 1, 7, 0, 0, 0, 2, 0, 0.6666666666666666, 0, 0, 0, 0, 0, 0, -33.77536392211914, 0.0], [0, 0, 0, 0.2925318479537964, 0, 0, 8, 3, 10, 0, 0, 0, 0, 1, 1, 2, 0, 0, 0, 2, 0, 0.5, 0, 0, 0, 0, 0, 0, -33.77536392211914, 0.0], [0, 0, 0, 0.05697447061538696, 0, 0, 7, 7, 13, 0, 0, 1, 0, 2, 4, 4, 0, 0, 0, 6, 0, 0.5, 0, 0, 0, 0, 0, 0, -36.13507080078125, 14.503021240234375], [1, 0, 1, 0.09268787503242493, 0, 0, 8, 13, 20, 1, 0, 1, 1, 8, 3, 3, 0, 0, 0, 12, 0, 0.6666666666666666, 0, 0, 0, 0, 0, 0, -28.75834846496582, 1.7340106964111328], [0, 0, 0, 0.04242110252380371, 0, 0, 8, 3, 10, 0, 0, 0, 0, 1, 1, 3, 0, 0, 0, 2, 0, 0.75, 0, 0, 0, 0, 0, 0, -33.77536392211914, 0.0], [0, 0, 0, 0.0009042024612426758, 0, 0, 8, 13, 20, 0, 0, 0, 0, 11, 1, 1, 0, 0, 0, 12, 0, 0.5, 0, 0, 0, 0, 0, 0, -20.358524322509766, 0.012483596801757812], [0, 0, 0, 0.007160544395446777, 0, 0, 8, 13, 20, 0, 0, 0, 0, 11, 1, 1, 0, 0, 0, 12, 0, 0.1111111111111111, 0, 0, 0, 0, 0, 0, -20.529348373413086, 0.012468338012695312], [0, 0, 0, 0.15285223722457886, 0, 0, 8, 13, 20, 0, 0, 0, 0, 11, 1, 4, 0, 0, 0, 12, 0, 0.5, 0, 0, 0, 0, 0, 0, -20.30815887451172, 0.012485504150390625], [0, 0, 0, 0.13181263208389282, 0, 0, 8, 13, 20, 0, 0, 0, 0, 11, 1, 1, 0, 0, 0, 12, 0, 0.019736842105263157, 0, 0, 0, 0, 0, 0, -20.130756378173828, 0.012495040893554688], [1, 0, 1, 0.04885643720626831, 1, 0, 8, 7, 14, 1, 0, 1, 1, 3, 3, 4, 0, 0, 0, 6, 1, 0.5, 0, 0, 0, 0, 0, 0, -40.249900817871094, 8.084869384765625], [0, 0, 0, 0.07350194454193115, 0, 0, 8, 4, 11, 0, 0, 0, 0, 2, 1, 4, 0, 0, 0, 3, 0, 0.5, 0, 0, 0, 0, 0, 0, -26.419923782348633, 0.42395973205566406], [0, 0, 0, 0.06263935565948486, 0, 0, 8, 13, 20, 0, 0, 0, 0, 11, 1, 1, 0, 0, 0, 12, 0, 0.3333333333333333, 0, 0, 0, 0, 0, 0, -19.991708755493164, 0.01251220703125], [0, 0, 0, 0.008128255605697632, 0, 0, 8, 9, 16, 0, 0, 0, 0, 3, 5, 4, 0, 0, 0, 8, 0, 0.5, 0, 0, 0, 0, 0, 0, -23.603944778442383, 9.098482131958008], [0, 0, 0, 0.13119620084762573, 0, 0, 8, 4, 11, 0, 0, 0, 0, 1, 2, 3, 0, 0, 0, 3, 0, 0.6666666666666666, 0, 0, 0, 0, 0, 0, -36.34147644042969, 0.0], [0, 0, 0, 0.17301738262176514, 0, 0, 8, 11, 18, 0, 0, 1, 0, 7, 2, 2, 0, 0, 0, 10, 0, 0.6666666666666666, 0, 0, 0, 0, 0, 0, -26.69554328918457, 0.12052154541015625], [0, 0, 0, 0.024374455213546753, 0, 0, 8, 5, 12, 0, 0, 0, 0, 3, 1, 1, 0, 0, 0, 4, 0, 0.5, 0, 0, 0, 0, 0, 0, -19.485034942626953, 13.767578125], [0, 0, 0, 0.0006751120090484619, 0, 0, 8, 8, 15, 0, 0, 0, 0, 6, 1, 4, 0, 0, 0, 7, 0, 0.5, 0, 0, 0, 0, 0, 0, -27.82246971130371, 0.027086257934570312], [0, 0, 0, 0.07319128513336182, 0, 0, 8, 5, 12, 0, 0, 0, 0, 2, 2, 5, 0, 0, 0, 4, 0, 0.6666666666666666, 0, 0, 0, 0, 0, 0, -25.347959518432617, 15.488248825073242], [1, 0, 1, 0.004628241062164307, 0, 0, 8, 13, 20, 1, 0, 1, 1, 10, 2, 2, 0, 0, 0, 12, 0, 0.5, 0, 0, 0, 0, 0, 0, -25.79961395263672, 2.13519287109375], [0, 0, 0, 0.00651976466178894, 0, 0, 8, 7, 14, 0, 0, 0, 0, 5, 1, 3, 0, 0, 0, 6, 0, 0.6666666666666666, 0, 0, 0, 0, 0, 0, -37.089759826660156, 0.01080322265625], [1, 0, 1, 0.41130226850509644, 1, 0, 8, 13, 20, 1, 0, 1, 0, 6, 3, 2, 0, 0, 0, 12, 0, 0.6666666666666666, 0, 0, 0, 0, 0, 0, -32.562442779541016, 0.052310943603515625], [0, 0, 0, 0.05477604269981384, 0, 0, 8, 13, 20, 0, 0, 0, 0, 11, 1, 2, 0, 0, 0, 12, 0, 0.5, 0, 0, 0, 0, 0, 0, -19.991708755493164, 0.01251220703125], [0, 0, 0, 0.040627360343933105, 0, 0, 8, 3, 10, 0, 0, 0, 0, 1, 1, 4, 0, 0, 0, 2, 0, 0.6666666666666666, 0, 0, 0, 0, 0, 0, -33.77536392211914, 0.0], [0, 0, 0, 0.10514959692955017, 0, 0, 8, 13, 20, 0, 0, 0, 0, 11, 1, 1, 0, 0, 0, 12, 0, 0.019736842105263157, 0, 0, 0, 0, 0, 0, -20.130756378173828, 0.012495040893554688], [1, 0, 0, 0.1353135108947754, 0, 0, 8, 11, 18, 1, 0, 0, 0, 6, 3, 3, 0, 0, 0, 10, 0, 0.6666666666666666, 0, 0, 0, 0, 0, 0, -45.67074203491211, 0.37195587158203125], [0, 0, 0, 0.03741580247879028, 0, 0, 8, 4, 11, 0, 0, 0, 0, 1, 2, 3, 0, 0, 0, 3, 0, 0.5, 0, 0, 0, 0, 0, 0, -36.34147644042969, 0.0], [0, 0, 0, 0.135443776845932, 0, 0, 8, 3, 10, 0, 0, 0, 0, 1, 1, 4, 0, 0, 0, 2, 0, 0.5, 0, 0, 0, 0, 0, 0, -33.77536392211914, 0.0], [0, 0, 0, 0.12606143951416016, 0, 0, 8, 3, 10, 0, 0, 0, 0, 1, 1, 2, 0, 0, 0, 2, 0, 0.5, 0, 0, 0, 0, 0, 0, -33.77536392211914, 0.0], [0, 0, 0, 0.09205013513565063, 0, 0, 8, 13, 20, 0, 0, 0, 0, 11, 1, 2, 0, 0, 0, 12, 0, 0.25, 0, 0, 0, 0, 0, 0, -20.275413513183594, 0.012487411499023438], [0, 0, 0, 0.0, 0, 0, 5, 13, 17, 0, 0, 0, 0, 8, 3, 4, 0, 0, 0, 12, 0, 0.5, 0, 0, 0, 0, 0, 0, -33.20855712890625, 0.07613372802734375], [0, 0, 0, 0.002694249153137207, 0, 0, 8, 3, 10, 0, 0, 0, 0, 1, 1, 3, 0, 0, 0, 2, 0, 0.5, 0, 0, 0, 0, 0, 0, -33.77536392211914, 0.0], [0, 0, 0, 0.43138784170150757, 0, 0, 8, 3, 10, 0, 0, 0, 0, 1, 1, 4, 0, 0, 0, 2, 0, 0.5, 0, 0, 0, 0, 0, 0, -33.77536392211914, 0.0], [0, 0, 0, 0.03552502393722534, 0, 0, 8, 13, 20, 0, 0, 0, 0, 11, 1, 2, 0, 0, 0, 12, 0, 0.5, 0, 0, 0, 0, 0, 0, -20.268352508544922, 0.012483596801757812], [0, 0, 0, 0.025270938873291016, 0, 0, 8, 13, 20, 0, 0, 0, 0, 11, 1, 1, 0, 0, 0, 12, 0, 0.13043478260869565, 0, 0, 0, 0, 0, 0, -20.597585678100586, 0.012462615966796875], [0, 0, 0, 0.04655104875564575, 0, 0, 8, 7, 14, 0, 0, 0, 0, 4, 2, 3, 0, 0, 0, 6, 0, 0.6666666666666666, 0, 0, 0, 0, 0, 0, -23.65127182006836, 6.627529144287109], [0, 0, 0, 0.018759697675704956, 0, 0, 8, 3, 10, 0, 0, 0, 0, 1, 1, 3, 0, 0, 0, 2, 0, 0.5, 0, 0, 0, 0, 0, 0, -33.77536392211914, 0.0], [1, 0, 1, 0.0761575996875763, 0, 0, 8, 5, 12, 1, 0, 1, 1, 3, 1, 2, 0, 0, 0, 4, 0, 0.5, 0, 0, 0, 0, 0, 0, -19.34416389465332, 13.861230850219727], [0, 0, 0, 0.04242098331451416, 0, 0, 8, 3, 10, 0, 0, 0, 0, 1, 1, 3, 0, 0, 0, 2, 0, 0.75, 0, 0, 0, 0, 0, 0, -33.77536392211914, 0.0], [0, 0, 0, 0.32653307914733887, 0, 0, 8, 3, 10, 0, 0, 0, 0, 1, 1, 4, 0, 0, 0, 2, 0, 0.5, 0, 0, 0, 0, 0, 0, -33.77536392211914, 0.0], [0, 0, 0, 0.021436750888824463, 0, 0, 8, 13, 20, 0, 0, 0, 0, 10, 2, 1, 0, 0, 0, 12, 0, 0.6666666666666666, 0, 0, 0, 0, 0, 0, -21.229721069335938, 3.0304603576660156], [0, 0, 0, 0.0, 0, 0, 8, 3, 10, 0, 0, 0, 0, 1, 1, 5, 0, 0, 0, 2, 0, 0.5, 0, 0, 0, 0, 0, 0, -33.77536392211914, 0.0], [0, 0, 0, 0.43375369906425476, 0, 0, 8, 3, 10, 0, 0, 0, 0, 1, 1, 4, 0, 0, 0, 2, 0, 0.6666666666666666, 0, 0, 0, 0, 0, 0, -33.77536392211914, 0.0], [1, 0, 1, 0.021464526653289795, 1, 0, 8, 7, 14, 1, 0, 1, 1, 2, 4, 7, 0, 0, 0, 6, 1, 0.75, 0, 0, 0, 0, 0, 0, -36.19340515136719, 14.466354370117188], [0, 0, 0, 0.003602266311645508, 0, 0, 8, 3, 10, 0, 0, 0, 0, 1, 1, 7, 0, 0, 0, 2, 0, 0.6666666666666666, 0, 0, 0, 0, 0, 0, -33.77536392211914, 0.0], [0, 0, 0, 0.02520519495010376, 0, 0, 8, 13, 20, 0, 0, 0, 0, 11, 1, 1, 0, 0, 0, 12, 0, 0.13043478260869565, 0, 0, 0, 0, 0, 0, -20.597585678100586, 0.012462615966796875], [0, 0, 0, 0.09547719359397888, 0, 0, 8, 13, 20, 0, 0, 0, 0, 10, 2, 2, 0, 0, 0, 12, 0, 0.3333333333333333, 0, 0, 0, 0, 0, 0, -21.050249099731445, 3.04376220703125], [0, 0, 0, 0.021717965602874756, 0, 0, 8, 11, 18, 0, 0, 0, 0, 9, 1, 1, 0, 0, 0, 10, 0, 0.1111111111111111, 0, 0, 0, 0, 0, 0, -34.52104568481445, 0.035831451416015625], [0, 0, 0, 0.014204442501068115, 0, 0, 8, 7, 14, 0, 0, 1, 0, 4, 2, 6, 0, 0, 0, 6, 0, 0.75, 0, 0, 0, 0, 0, 0, -23.810922622680664, 6.613882064819336], [1, 0, 0, 0.08545327186584473, 0, 0, 8, 9, 16, 1, 0, 1, 0, 7, 1, 2, 0, 0, 0, 8, 0, 0.5, 0, 0, 0, 0, 0, 0, -21.1662540435791, 0.021245956420898438], [0, 0, 0, 0.003355652093887329, 0, 0, 8, 3, 10, 0, 0, 0, 0, 1, 1, 7, 0, 0, 0, 2, 0, 0.75, 0, 0, 0, 0, 0, 0, -33.77536392211914, 0.0], [1, 0, 0, 0.03828705847263336, 0, 0, 8, 3, 10, 1, 0, 0, 0, 1, 1, 4, 0, 0, 0, 2, 0, 0.5, 0, 0, 0, 0, 0, 0, -33.77536392211914, 0.0], [0, 0, 0, 0.023392915725708008, 0, 0, 8, 3, 10, 0, 0, 0, 0, 1, 1, 4, 0, 0, 0, 2, 0, 0.5, 0, 0, 0, 0, 0, 0, -33.77536392211914, 0.0], [0, 0, 0, 0.0161665678024292, 0, 0, 8, 12, 19, 0, 0, 0, 0, 8, 3, 2, 0, 0, 0, 11, 0, 0.5, 0, 0, 0, 0, 0, 0, -28.97242546081543, 3.673460006713867], [0, 0, 0, 0.03460291028022766, 0, 0, 8, 13, 20, 0, 0, 0, 0, 10, 2, 1, 0, 0, 0, 12, 0, 0.02857142857142857, 0, 0, 0, 0, 0, 0, -21.30388832092285, 3.0379581451416016], [0, 0, 0, 0.2769940495491028, 0, 0, 8, 9, 16, 0, 0, 0, 0, 6, 2, 3, 0, 0, 0, 8, 0, 0.5, 0, 0, 0, 0, 0, 0, -22.549808502197266, 4.747282028198242], [0, 0, 0, 0.025761395692825317, 0, 0, 8, 8, 15, 0, 0, 0, 0, 6, 1, 1, 0, 0, 0, 7, 0, 0.5, 0, 0, 0, 0, 0, 0, -35.71013641357422, 0.00653076171875], [1, 0, 0, 0.12173712253570557, 0, 0, 8, 6, 13, 1, 0, 1, 0, 4, 1, 4, 0, 0, 0, 5, 0, 0.6666666666666666, 0, 0, 0, 0, 0, 0, -23.213598251342773, 0.05107307434082031], [0, 0, 0, 0.04185792803764343, 0, 0, 8, 3, 10, 0, 0, 0, 0, 1, 1, 4, 0, 0, 0, 2, 0, 0.6666666666666666, 0, 0, 0, 0, 0, 0, -33.77536392211914, 0.0], [0, 0, 0, 0.18522018194198608, 0, 0, 8, 3, 10, 0, 0, 0, 0, 1, 1, 7, 0, 0, 0, 2, 0, 0.6666666666666666, 0, 0, 0, 0, 0, 0, -33.77536392211914, 0.0], [0, 0, 0, 0.008459091186523438, 0, 0, 8, 10, 17, 0, 0, 1, 0, 8, 1, 1, 0, 0, 0, 9, 0, 0.13043478260869565, 0, 0, 0, 0, 0, 0, -20.77040672302246, 0.018472671508789062], [0, 0, 0, 0.194431334733963, 0, 0, 8, 3, 10, 0, 0, 0, 0, 1, 1, 4, 0, 0, 0, 2, 0, 0.6666666666666666, 0, 0, 0, 0, 0, 0, -33.77536392211914, 0.0], [1, 0, 0, 0.08021295070648193, 1, 0, 8, 13, 20, 1, 0, 1, 1, 9, 2, 2, 0, 0, 0, 12, 1, 0.75, 0, 0, 0, 0, 0, 0, -25.71632957458496, 0.1526050567626953], [1, 0, 0, 0.033549726009368896, 0, 0, 8, 3, 10, 1, 0, 0, 0, 1, 1, 7, 0, 0, 0, 2, 0, 0.8333333333333334, 0, 0, 0, 0, 0, 0, -33.77536392211914, 0.0], [0, 0, 1, 0.04656939208507538, 0, 0, 8, 13, 20, 0, 0, 1, 1, 6, 6, 4, 0, 0, 0, 12, 0, 0.6666666666666666, 0, 0, 0, 0, 0, 0, -23.091232299804688, 6.526376724243164], [0, 0, 0, 0.01695728302001953, 0, 0, 8, 3, 10, 0, 0, 0, 0, 1, 1, 3, 0, 0, 0, 2, 0, 0.5, 0, 0, 0, 0, 0, 0, -33.77536392211914, 0.0], [0, 0, 0, 0.1810011863708496, 0, 0, 8, 3, 10, 0, 0, 0, 0, 1, 1, 4, 0, 0, 0, 2, 0, 0.5, 0, 0, 0, 0, 0, 0, -33.77536392211914, 0.0], [0, 0, 0, 0.09632235765457153, 0, 0, 8, 3, 10, 0, 0, 0, 0, 1, 1, 1, 0, 0, 0, 2, 0, 0.125, 0, 0, 0, 0, 0, 0, -33.77536392211914, 0.0], [0, 0, 0, 0.03749313950538635, 0, 0, 8, 4, 11, 0, 0, 0, 0, 2, 1, 3, 0, 0, 0, 3, 0, 0.5, 0, 0, 0, 0, 0, 0, -26.419923782348633, 0.42395973205566406], [0, 0, 0, 0.06318211555480957, 0, 0, 8, 4, 11, 0, 0, 0, 0, 2, 1, 4, 0, 0, 0, 3, 0, 0.5, 0, 0, 0, 0, 0, 0, -26.419923782348633, 0.42395973205566406], [0, 0, 0, 0.003602266311645508, 0, 0, 8, 3, 10, 0, 0, 0, 0, 1, 1, 7, 0, 0, 0, 2, 0, 0.6666666666666666, 0, 0, 0, 0, 0, 0, -33.77536392211914, 0.0], [0, 0, 0, 0.07355630397796631, 0, 0, 8, 11, 18, 0, 0, 0, 0, 9, 1, 1, 0, 0, 0, 10, 0, 0.3333333333333333, 0, 0, 0, 0, 0, 0, -26.935508728027344, 0.017698287963867188], [0, 0, 0, 0.006834656000137329, 0, 0, 8, 3, 10, 0, 0, 0, 0, 1, 1, 3, 0, 0, 0, 2, 0, 0.5, 0, 0, 0, 0, 0, 0, -33.77536392211914, 0.0], [0, 0, 0, 0.01245388388633728, 0, 0, 8, 10, 17, 0, 0, 0, 0, 7, 2, 2, 0, 0, 0, 9, 0, 0.5, 0, 0, 0, 0, 0, 0, -22.02477264404297, 4.166875839233398], [0, 0, 0, 0.023861676454544067, 0, 0, 8, 13, 20, 0, 0, 0, 0, 11, 1, 1, 0, 0, 0, 12, 0, 0.13043478260869565, 0, 0, 0, 0, 0, 0, -20.597585678100586, 0.012462615966796875], [0, 0, 0, 0.01914912462234497, 0, 0, 8, 13, 20, 0, 0, 0, 0, 11, 1, 1, 0, 0, 0, 12, 0, 0.13043478260869565, 0, 0, 0, 0, 0, 0, -20.597585678100586, 0.012462615966796875], [0, 0, 0, 0.039556682109832764, 0, 0, 8, 4, 11, 0, 0, 0, 0, 1, 2, 4, 0, 0, 0, 3, 0, 0.5, 0, 0, 0, 0, 0, 0, -36.34147644042969, 0.0], [0, 0, 0, 0.19632166624069214, 0, 0, 8, 3, 10, 0, 0, 0, 0, 1, 1, 4, 0, 0, 0, 2, 0, 0.5, 0, 0, 0, 0, 0, 0, -33.77536392211914, 0.0], [1, 0, 0, 0.019846558570861816, 0, 0, 8, 7, 14, 1, 0, 0, 0, 5, 1, 4, 0, 0, 0, 6, 0, 0.5, 0, 0, 0, 0, 0, 0, -22.36773109436035, 0.034664154052734375], [0, 0, 0, 0.00986248254776001, 0, 0, 8, 3, 10, 0, 0, 0, 0, 1, 1, 6, 0, 0, 0, 2, 0, 0.8333333333333334, 0, 0, 0, 0, 0, 0, -33.77536392211914, 0.0], [0, 0, 0, 0.014282315969467163, 0, 0, 8, 13, 20, 0, 0, 0, 0, 10, 2, 1, 0, 0, 0, 12, 0, 0.5, 0, 0, 0, 0, 0, 0, -27.486732482910156, 2.7496700286865234], [0, 0, 0, 0.06395915150642395, 0, 0, 8, 13, 20, 0, 0, 0, 0, 11, 1, 2, 0, 0, 0, 12, 0, 0.6666666666666666, 0, 0, 0, 0, 0, 0, -20.011281967163086, 0.01251220703125], [1, 0, 1, 0.06254565715789795, 1, 0, 8, 13, 20, 1, 0, 1, 1, 9, 3, 5, 0, 0, 0, 12, 1, 0.75, 0, 0, 0, 0, 0, 0, -21.94945526123047, 3.852815628051758], [0, 0, 0, 0.027345657348632812, 0, 0, 8, 13, 20, 0, 0, 0, 0, 11, 1, 5, 0, 0, 0, 12, 0, 0.5, 0, 0, 0, 0, 0, 0, -20.118450164794922, 0.012502670288085938], [0, 0, 0, 0.0011536180973052979, 0, 0, 8, 13, 20, 0, 0, 0, 0, 11, 1, 1, 0, 0, 0, 12, 0, 0.08333333333333333, 0, 0, 0, 0, 0, 0, -20.358524322509766, 0.012483596801757812], [0, 0, 0, 0.003602266311645508, 0, 0, 8, 3, 10, 0, 0, 0, 0, 1, 1, 7, 0, 0, 0, 2, 0, 0.6666666666666666, 0, 0, 0, 0, 0, 0, -33.77536392211914, 0.0], [0, 0, 0, 0.5231829434633255, 0, 0, 8, 9, 16, 0, 0, 0, 0, 6, 2, 1, 0, 0, 0, 8, 0, 0.20833333333333334, 0, 0, 0, 0, 0, 0, -27.919862747192383, 4.213510513305664], [0, 0, 0, 0.09021711349487305, 0, 0, 8, 13, 20, 0, 0, 0, 0, 8, 4, 2, 0, 0, 0, 12, 0, 0.75, 0, 0, 0, 0, 0, 0, -22.86537742614746, 4.832210540771484], [0, 0, 0, 0.04951959848403931, 0, 0, 8, 3, 10, 0, 0, 0, 0, 1, 1, 4, 0, 0, 0, 2, 0, 0.5, 0, 0, 0, 0, 0, 0, -33.77536392211914, 0.0], [0, 0, 0, 0.010670363903045654, 0, 0, 7, 3, 9, 0, 0, 0, 0, 1, 1, 5, 0, 0, 0, 2, 0, 0.6666666666666666, 0, 0, 0, 0, 0, 0, -33.77536392211914, 0.0], [0, 0, 1, 0.001279592514038086, 0, 0, 8, 5, 12, 0, 0, 1, 1, 3, 1, 1, 0, 0, 0, 4, 0, 0.6666666666666666, 0, 0, 0, 0, 0, 0, -30.69898223876953, 1.5362358093261719], [0, 0, 0, 0.04338318109512329, 0, 0, 8, 13, 20, 0, 0, 0, 0, 9, 2, 3, 0, 0, 0, 12, 0, 0.75, 0, 0, 0, 0, 0, 0, -25.421663284301758, 0.11197662353515625], [0, 0, 0, 0.21971705555915833, 0, 0, 8, 5, 12, 0, 0, 0, 0, 2, 2, 2, 0, 0, 0, 4, 0, 0.4, 0, 0, 0, 0, 0, 0, -25.347959518432617, 15.488248825073242], [0, 0, 0, 0.009490907192230225, 0, 0, 8, 5, 12, 0, 0, 0, 0, 3, 1, 1, 0, 0, 0, 4, 0, 0.5, 0, 0, 0, 0, 0, 0, -24.53251838684082, 0.09001350402832031], [0, 0, 0, 0.014304295182228088, 0, 0, 8, 3, 10, 0, 0, 0, 0, 1, 1, 4, 0, 0, 0, 2, 0, 0.5, 0, 0, 0, 0, 0, 0, -33.77536392211914, 0.0], [0, 0, 0, 0.08706825971603394, 0, 0, 8, 5, 12, 0, 0, 0, 0, 3, 1, 3, 0, 0, 0, 4, 0, 0.5, 0, 0, 0, 0, 0, 0, -24.53251838684082, 0.09001350402832031], [0, 0, 0, 0.00641283392906189, 0, 0, 8, 11, 18, 0, 0, 0, 0, 9, 1, 4, 0, 0, 0, 10, 0, 0.5, 0, 0, 0, 0, 0, 0, -20.476938247680664, 0.015985488891601562], [0, 0, 0, 0.0009504258632659912, 0, 0, 8, 10, 17, 0, 0, 0, 0, 8, 1, 3, 0, 0, 0, 9, 0, 0.6666666666666666, 0, 0, 0, 0, 0, 0, -39.486053466796875, 0.010379791259765625], [0, 0, 0, 0.02141013741493225, 0, 0, 8, 10, 17, 0, 0, 0, 0, 6, 2, 3, 0, 0, 0, 9, 0, 0.5, 0, 0, 0, 0, 0, 0, -27.86876678466797, 0.08221817016601562], [0, 0, 0, 0.03059619665145874, 0, 0, 8, 3, 10, 0, 0, 0, 0, 1, 1, 3, 0, 0, 0, 2, 0, 0.5, 0, 0, 0, 0, 0, 0, -33.77536392211914, 0.0], [0, 0, 0, 0.03814581036567688, 0, 0, 8, 4, 11, 0, 0, 0, 0, 2, 1, 4, 0, 0, 0, 3, 0, 0.5, 0, 0, 0, 0, 0, 0, -26.419923782348633, 0.42395973205566406], [0, 0, 0, 0.025878652930259705, 0, 0, 8, 3, 10, 0, 0, 0, 0, 1, 1, 4, 0, 0, 0, 2, 0, 0.5, 0, 0, 0, 0, 0, 0, -33.77536392211914, 0.0], [0, 0, 0, 0.08288788795471191, 0, 0, 8, 7, 14, 0, 0, 0, 0, 5, 1, 5, 0, 0, 0, 6, 0, 0.5, 0, 0, 0, 0, 0, 0, -41.65241241455078, 0.0536346435546875], [0, 0, 0, 0.000889122486114502, 0, 0, 4, 3, 6, 0, 1, 0, 0, 1, 1, 3, 0, 0, 0, 2, 0, 0.6666666666666666, 0, 0, 0, 0, 0, 0, -33.77536392211914, 0.0], [0, 0, 0, 0.003602266311645508, 0, 0, 8, 3, 10, 0, 0, 0, 0, 1, 1, 7, 0, 0, 0, 2, 0, 0.6666666666666666, 0, 0, 0, 0, 0, 0, -33.77536392211914, 0.0], [0, 0, 0, 0.02893325686454773, 0, 0, 8, 13, 20, 0, 0, 0, 0, 11, 1, 4, 0, 0, 0, 12, 0, 0.5, 0, 0, 0, 0, 0, 0, -20.320207595825195, 0.012481689453125], [0, 0, 0, 0.10936009883880615, 0, 0, 8, 5, 12, 0, 0, 0, 0, 3, 1, 1, 0, 0, 0, 4, 0, 0.1111111111111111, 0, 0, 0, 0, 0, 0, -24.53251838684082, 0.09001350402832031], [0, 0, 0, 0.019537419080734253, 0, 0, 8, 13, 20, 0, 0, 0, 0, 11, 1, 4, 0, 0, 0, 12, 0, 0.5, 0, 0, 0, 0, 0, 0, -20.077695846557617, 0.012502670288085938], [0, 0, 0, 0.07429960370063782, 0, 0, 8, 13, 20, 0, 0, 0, 0, 9, 2, 2, 0, 0, 0, 12, 0, 0.25, 0, 0, 0, 0, 0, 0, -25.408161163330078, 0.1431121826171875], [0, 0, 0, 0.009029179811477661, 0, 0, 8, 11, 18, 0, 0, 0, 0, 9, 1, 4, 0, 0, 0, 10, 0, 0.5, 0, 0, 0, 0, 0, 0, -20.476938247680664, 0.015985488891601562], [0, 0, 0, 0.024959444999694824, 0, 0, 8, 13, 20, 0, 0, 1, 0, 11, 1, 4, 0, 0, 0, 12, 0, 0.5, 0, 0, 0, 0, 0, 0, -20.320207595825195, 0.012481689453125], [0, 0, 0, 0.02868153154850006, 0, 0, 8, 3, 10, 0, 0, 0, 0, 1, 1, 3, 0, 0, 0, 2, 0, 0.5, 0, 0, 0, 0, 0, 0, -33.77536392211914, 0.0], [0, 0, 0, 0.0009025335311889648, 0, 0, 8, 7, 14, 0, 0, 0, 0, 5, 1, 1, 0, 0, 0, 6, 0, 0.2222222222222222, 0, 0, 0, 0, 0, 0, -37.089759826660156, 0.01080322265625], [0, 0, 0, 0.00525839626789093, 0, 0, 8, 3, 10, 0, 1, 0, 0, 1, 1, 3, 0, 0, 0, 2, 0, 0.5, 0, 0, 0, 0, 0, 0, -33.77536392211914, 0.0], [0, 0, 0, 0.029504209756851196, 0, 0, 8, 13, 20, 0, 0, 0, 0, 10, 2, 1, 0, 0, 0, 12, 0, 0.02857142857142857, 0, 0, 0, 0, 0, 0, -21.369977951049805, 3.0424537658691406], [0, 0, 0, 0.04713749885559082, 0, 0, 8, 4, 11, 0, 0, 0, 0, 2, 1, 1, 0, 0, 0, 3, 0, 0.5, 0, 0, 0, 0, 0, 0, -26.419923782348633, 0.42395973205566406], [0, 0, 0, 0.13193166255950928, 0, 0, 8, 3, 10, 0, 0, 0, 0, 1, 1, 2, 0, 0, 0, 2, 0, 0.5, 0, 0, 0, 0, 0, 0, -33.77536392211914, 0.0], [0, 0, 0, 0.03708243370056152, 0, 0, 8, 5, 12, 0, 0, 0, 0, 3, 1, 5, 0, 0, 0, 4, 0, 0.5, 0, 0, 0, 0, 0, 0, -24.53251838684082, 0.09001350402832031], [0, 0, 0, 0.032864928245544434, 0, 0, 8, 10, 17, 0, 0, 0, 0, 6, 2, 3, 0, 0, 0, 9, 0, 0.5, 0, 0, 0, 0, 0, 0, -27.78203582763672, 0.11215591430664062], [0, 0, 0, 0.04650259017944336, 0, 0, 8, 13, 20, 0, 0, 0, 0, 9, 2, 3, 0, 0, 0, 12, 0, 0.6666666666666666, 0, 0, 0, 0, 0, 0, -25.38465690612793, 0.1324787139892578], [0, 0, 0, 0.00860518217086792, 0, 0, 8, 13, 20, 0, 0, 0, 0, 11, 1, 1, 0, 0, 0, 12, 0, 0.5, 0, 0, 0, 0, 0, 0, -20.529348373413086, 0.012468338012695312], [0, 0, 0, 0.015865623950958252, 0, 0, 8, 6, 13, 0, 0, 0, 0, 4, 1, 3, 0, 0, 0, 5, 0, 0.5, 0, 0, 0, 0, 0, 0, -23.264291763305664, 0.05103302001953125], [0, 0, 0, 0.1624368131160736, 0, 0, 8, 5, 12, 0, 0, 0, 0, 3, 1, 4, 0, 0, 0, 4, 0, 0.6666666666666666, 0, 0, 0, 0, 0, 0, -24.53251838684082, 0.09001350402832031], [0, 0, 0, 0.008342623710632324, 0, 0, 8, 13, 20, 0, 0, 0, 0, 10, 2, 1, 0, 0, 0, 12, 0, 0.08333333333333333, 0, 0, 0, 0, 0, 0, -21.162944793701172, 3.0286216735839844], [0, 0, 0, 0.006710469722747803, 0, 0, 8, 13, 20, 0, 0, 0, 0, 11, 1, 2, 0, 0, 0, 12, 0, 0.3333333333333333, 0, 0, 0, 0, 0, 0, -20.295543670654297, 0.012481689453125], [0, 0, 0, 0.04710069298744202, 0, 0, 8, 13, 20, 0, 0, 0, 0, 11, 1, 4, 0, 0, 0, 12, 0, 0.6666666666666666, 0, 0, 0, 0, 0, 0, -20.011281967163086, 0.01251220703125], [0, 0, 0, 0.11631619930267334, 0, 0, 8, 3, 10, 0, 0, 0, 0, 1, 1, 4, 0, 0, 0, 2, 0, 0.5, 0, 0, 0, 0, 0, 0, -33.77536392211914, 0.0], [0, 0, 0, 5.185604095458984e-06, 0, 0, 8, 11, 18, 0, 0, 0, 0, 9, 1, 2, 0, 0, 0, 10, 0, 0.5, 0, 0, 0, 0, 0, 0, -20.476938247680664, 0.015985488891601562], [0, 0, 0, 0.006071895360946655, 0, 0, 8, 13, 20, 0, 0, 0, 0, 10, 2, 5, 0, 0, 0, 12, 0, 0.5, 0, 0, 0, 0, 0, 0, -21.30156898498535, 3.0331077575683594], [0, 0, 0, 0.011855661869049072, 0, 0, 8, 13, 20, 0, 0, 0, 0, 11, 1, 1, 0, 0, 0, 12, 0, 0.1111111111111111, 0, 0, 0, 0, 0, 0, -27.206439971923828, 0.01389312744140625], [0, 0, 0, 0.014418721199035645, 0, 0, 8, 13, 20, 0, 0, 0, 0, 6, 5, 7, 0, 0, 0, 12, 0, 0.5, 0, 0, 0, 0, 0, 0, -28.589807510375977, 1.1557769775390625], [0, 0, 0, 0.0028027892112731934, 0, 0, 8, 13, 20, 0, 0, 0, 0, 11, 1, 1, 0, 0, 0, 12, 0, 0.08333333333333333, 0, 0, 0, 0, 0, 0, -20.358524322509766, 0.012483596801757812], [1, 0, 0, 0.17797327041625977, 0, 0, 8, 4, 11, 1, 0, 0, 0, 1, 2, 2, 0, 0, 0, 3, 0, 0.75, 0, 0, 0, 0, 0, 0, -36.34147644042969, 0.0], [0, 0, 0, 0.10909754037857056, 0, 0, 8, 13, 20, 0, 0, 0, 0, 10, 2, 3, 0, 0, 0, 12, 0, 0.5, 0, 0, 0, 0, 0, 0, -21.39271354675293, 3.0364551544189453], [0, 0, 0, 0.01958179473876953, 0, 0, 8, 10, 17, 0, 0, 0, 0, 8, 1, 3, 0, 0, 0, 9, 0, 0.5, 0, 0, 0, 0, 0, 0, -20.798564910888672, 0.018463134765625], [0, 0, 0, 0.016051024198532104, 0, 0, 8, 3, 10, 0, 0, 0, 0, 1, 1, 2, 0, 0, 0, 2, 0, 0.5, 0, 0, 0, 0, 0, 0, -33.77536392211914, 0.0], [0, 0, 0, 0.0696096122264862, 0, 0, 8, 3, 10, 0, 0, 0, 0, 1, 1, 4, 0, 0, 0, 2, 0, 0.5, 0, 0, 0, 0, 0, 0, -33.77536392211914, 0.0], [0, 0, 0, 0.028388917446136475, 0, 0, 8, 13, 20, 0, 0, 0, 0, 11, 1, 1, 0, 0, 0, 12, 0, 0.02857142857142857, 0, 0, 0, 0, 0, 0, -20.130756378173828, 0.012495040893554688], [0, 0, 0, 0.15298855304718018, 0, 0, 8, 13, 20, 0, 0, 0, 0, 9, 2, 4, 0, 0, 0, 12, 0, 0.5, 0, 0, 0, 0, 0, 0, -25.707162857055664, 0.13613128662109375], [0, 0, 0, 0.3928603231906891, 0, 0, 8, 13, 20, 0, 0, 0, 0, 10, 2, 4, 0, 0, 0, 12, 0, 0.6666666666666666, 0, 0, 0, 0, 0, 0, -21.056957244873047, 3.0232315063476562], [0, 0, 0, 0.04282200336456299, 0, 0, 8, 13, 20, 0, 0, 0, 0, 9, 3, 1, 0, 0, 0, 12, 0, 0.019736842105263157, 0, 0, 0, 0, 0, 0, -22.03274154663086, 3.882020950317383], [0, 0, 0, 0.06343787908554077, 0, 0, 8, 4, 11, 0, 0, 0, 0, 1, 2, 4, 0, 0, 0, 3, 0, 0.5, 0, 0, 0, 0, 0, 0, -36.34147644042969, 0.0], [0, 0, 0, 0.13334965705871582, 0, 0, 8, 4, 11, 0, 0, 0, 0, 2, 1, 2, 0, 0, 0, 3, 0, 0.3333333333333333, 0, 0, 0, 0, 0, 0, -26.419923782348633, 0.42395973205566406], [1, 0, 0, 0.001153707504272461, 0, 0, 8, 6, 13, 1, 0, 0, 0, 4, 1, 5, 0, 0, 0, 5, 0, 0.5, 0, 0, 0, 0, 0, 0, -38.9154052734375, 0.004566192626953125], [0, 0, 0, 0.006315439939498901, 0, 0, 8, 3, 10, 0, 0, 0, 0, 1, 1, 4, 0, 0, 0, 2, 0, 0.5, 0, 0, 0, 0, 0, 0, -33.77536392211914, 0.0], [0, 0, 0, 0.03522837162017822, 0, 0, 8, 4, 11, 0, 0, 0, 0, 2, 1, 4, 0, 0, 0, 3, 0, 0.5, 0, 0, 0, 0, 0, 0, -26.419923782348633, 0.42395973205566406], [0, 0, 0, 0.004966557025909424, 0, 0, 8, 13, 20, 0, 0, 0, 0, 11, 1, 1, 0, 0, 0, 12, 0, 0.5, 0, 0, 0, 0, 0, 0, -20.529348373413086, 0.012468338012695312], [0, 0, 0, 0.0024435222148895264, 0, 0, 8, 3, 10, 0, 0, 0, 0, 1, 1, 6, 0, 0, 0, 2, 0, 0.8333333333333334, 0, 0, 0, 0, 0, 0, -33.77536392211914, 0.0], [0, 0, 0, 0.09878358244895935, 0, 0, 8, 7, 14, 0, 0, 0, 0, 5, 1, 4, 0, 0, 0, 6, 0, 0.6666666666666666, 0, 0, 0, 0, 0, 0, -22.36773109436035, 0.034664154052734375], [0, 0, 0, 0.003211110830307007, 0, 0, 8, 8, 15, 0, 0, 0, 0, 6, 1, 3, 0, 0, 0, 7, 0, 0.5, 0, 0, 0, 0, 0, 0, -35.71013641357422, 0.00653076171875], [0, 0, 0, 0.03570359945297241, 0, 0, 8, 4, 11, 0, 0, 0, 0, 2, 1, 3, 0, 0, 0, 3, 0, 0.5, 0, 0, 0, 0, 0, 0, -26.419923782348633, 0.42395973205566406], [0, 0, 0, 0.21732479333877563, 0, 0, 8, 3, 10, 0, 0, 0, 0, 1, 1, 3, 0, 0, 0, 2, 0, 0.5, 0, 0, 0, 0, 0, 0, -33.77536392211914, 0.0], [0, 0, 0, 0.002950698137283325, 0, 0, 8, 13, 20, 0, 0, 0, 0, 11, 1, 1, 0, 0, 0, 12, 0, 0.02564102564102564, 0, 0, 0, 0, 0, 0, -26.877004623413086, 0.013957977294921875], [0, 0, 0, 0.013387978076934814, 0, 0, 8, 3, 10, 0, 0, 0, 0, 1, 1, 4, 0, 0, 0, 2, 0, 0.75, 0, 0, 0, 0, 0, 0, -33.77536392211914, 0.0], [1, 0, 1, 0.05399352312088013, 1, 0, 8, 13, 20, 1, 1, 1, 1, 8, 4, 2, 0, 0, 0, 12, 1, 0.6666666666666666, 0, 0, 0, 0, 0, 0, -27.390417098999023, 4.715524673461914], [0, 0, 0, 0.12837421894073486, 0, 0, 8, 5, 12, 0, 0, 0, 0, 3, 1, 4, 0, 0, 0, 4, 0, 0.5, 0, 0, 0, 0, 0, 0, -24.53251838684082, 0.09001350402832031], [0, 0, 1, 0.014918386936187744, 0, 0, 8, 13, 20, 0, 0, 1, 1, 10, 2, 1, 0, 0, 0, 12, 0, 0.5, 0, 0, 0, 0, 0, 0, -21.596839904785156, 3.03863525390625], [0, 0, 0, 0.010871917009353638, 0, 0, 8, 13, 20, 0, 0, 0, 0, 11, 1, 1, 0, 0, 0, 12, 0, 0.13043478260869565, 0, 0, 0, 0, 0, 0, -20.597585678100586, 0.012462615966796875], [0, 0, 0, 0.15487539768218994, 0, 0, 8, 12, 19, 0, 0, 0, 0, 10, 1, 5, 0, 0, 0, 11, 0, 0.6666666666666666, 0, 0, 0, 0, 0, 0, -20.212568283081055, 0.0140380859375], [0, 0, 0, 0.05123478174209595, 0, 0, 8, 12, 19, 0, 0, 0, 0, 9, 2, 2, 0, 0, 0, 11, 0, 0.6666666666666666, 0, 0, 0, 0, 0, 0, -21.34726905822754, 3.3334789276123047], [0, 0, 0, 0.0028559863567352295, 0, 0, 8, 7, 14, 0, 0, 0, 0, 5, 1, 3, 0, 0, 0, 6, 0, 0.75, 0, 0, 0, 0, 0, 0, -22.36773109436035, 0.034664154052734375], [1, 0, 0, 0.23996874690055847, 1, 0, 8, 13, 20, 1, 0, 1, 0, 10, 2, 4, 0, 0, 0, 12, 0, 0.6666666666666666, 0, 0, 0, 0, 0, 0, -20.976383209228516, 3.0204429626464844], [0, 0, 0, 0.07864832878112793, 0, 0, 8, 5, 12, 0, 0, 0, 0, 3, 1, 4, 0, 0, 0, 4, 0, 0.5, 0, 0, 0, 0, 0, 0, -24.53251838684082, 0.09001350402832031], [0, 0, 0, 0.012267708778381348, 0, 0, 8, 9, 16, 0, 0, 0, 0, 4, 4, 2, 0, 0, 0, 8, 0, 0.6666666666666666, 0, 0, 0, 0, 0, 0, -23.560863494873047, 7.864093780517578], [0, 0, 0, 0.0716351866722107, 0, 0, 8, 3, 10, 0, 0, 0, 0, 1, 1, 3, 0, 0, 0, 2, 0, 0.3333333333333333, 0, 0, 0, 0, 0, 0, -33.77536392211914, 0.0], [0, 0, 0, 0.003520399332046509, 0, 0, 8, 4, 11, 0, 0, 0, 0, 2, 1, 3, 0, 0, 0, 3, 0, 0.5, 0, 0, 0, 0, 0, 0, -26.419923782348633, 0.42395973205566406], [1, 0, 1, 0.0025017261505126953, 1, 0, 8, 4, 11, 1, 0, 1, 1, 2, 1, 5, 0, 0, 0, 3, 1, 0.5, 0, 0, 0, 0, 0, 0, -26.335594177246094, 0.4242515563964844], [0, 0, 0, 0.033549487590789795, 0, 0, 8, 3, 10, 0, 0, 0, 0, 1, 1, 7, 0, 0, 0, 2, 0, 0.8333333333333334, 0, 0, 0, 0, 0, 0, -33.77536392211914, 0.0], [0, 0, 0, 0.1491573452949524, 0, 0, 8, 13, 20, 0, 0, 0, 0, 11, 1, 4, 0, 0, 0, 12, 0, 0.5, 0, 0, 0, 0, 0, 0, -20.30815887451172, 0.012485504150390625], [0, 0, 0, 0.08563661575317383, 0, 0, 8, 3, 10, 0, 0, 0, 0, 1, 1, 4, 0, 0, 0, 2, 0, 0.5, 0, 0, 0, 0, 0, 0, -33.77536392211914, 0.0], [0, 0, 0, 0.022376298904418945, 0, 0, 8, 13, 20, 0, 0, 0, 0, 9, 3, 2, 0, 0, 0, 12, 0, 0.75, 0, 0, 0, 0, 0, 0, -29.197542190551758, 3.318571090698242], [0, 0, 0, 0.022754281759262085, 0, 0, 8, 13, 20, 0, 0, 0, 0, 11, 1, 1, 0, 0, 0, 12, 0, 0.13043478260869565, 0, 0, 0, 0, 0, 0, -20.597585678100586, 0.012462615966796875]], "_pair": []}
{
  "overall": "DERIVATION_NO",
  "gates": {
    "G_arc_enc_frozen": true,
    "G_ink_verified": true,
    "G_task_exists": true,
    "G_exact_algebra_matches_tape": true,
    "G_lookup_beats_floor": false,
    "G_lookup_beats_counts_paired": false,
    "G_lookup_beats_retrieval_paired": false,
    "G_phi_orders_negatives": false
  },
  "lookup": {},
  "paired": {
    "model_only_right": 0,
    "rival_only_right": 0,
    "discordant": 0,
    "mcnemar_z": NaN
  },
  "ladder": {
    "n_questions": 0,
    "pairs": 0,
    "concordant": 0,
    "ties_excluded": 0,
    "import_budget_zero_rate": 0.0,
    "import_budget_mean": 0.0,
    "concordance": NaN,
    "z_vs_half": NaN,
    "mean_phi": {
      "true": NaN,
      "near": NaN,
      "middle": NaN,
      "far": NaN
    }
  }
}
