Stage289 derivation start 2026-08-18T07:07:32.631213+00:00 device=cpu holdout=corpus
  corpus data\_wikitext103_train.txt
  lines: train 7324, eval 3139 (the probe reserves ANCHORS, not lines - see `reserved`)
  word rule matches stage194: True  (rule=ascii, fp=hash, ink=mean)
  hash ink deterministic and digest-faithful: True  {'anagram_cos': -0.0135, 'perm_fixed_points': 1}
  tape: 1500 addresses, 2042 slots | questions {"reach": 672, "count": 257} | params 5633
  node vector 9 wide, matches the body
  ladder coverage: 0/0 lookup questions have all three rungs; the rest train on the task term alone
  probe pack: 2779 reserved addresses (9s to build)
  probe tape: 60 lookup questions, never trained on; 0 graphs cached (1 view(s)/question) in 0s
  probe eval: 1.01s x 4 = 0.1 min added to this run
  step 500/4000 train=0.1449 probe=nan
  step 1000/4000 train=-0.1835 probe=-0.3205
  step 1500/4000 train=-0.1736 probe=-0.3205
  step 2000/4000 train=0.0586 probe=-0.3392
  step 2500/4000 train=0.0822 probe=-0.3392
  step 3000/4000 train=-0.2149 probe=-0.3386
  step 3500/4000 train=0.0263 probe=-0.3386
  step 4000/4000 train=-0.2239 probe=-0.2683
  early stop: restored step 2000 (probe -0.3392) of 4000
  REACH {"rival_threshold": 0.7605434358119965, "places": 8, "cands_cap": 8, "no_refuse": true, "lookahead": true, "frame_fp": "fillers", "import": "walk", "home_cos": false, "line_step": false, "confirm": false, "conf_window": 0, "home_cos_stage": "both", "speak_batch": 0, "speak_weight": 1.0, "two_way_by": "max", "gamma": 1.0, "equal_tails": false, "deep_root": "mind", "two_way": true, "stage2_always": 0.0, "depth": 2, "compass": "cos", "held_out": {"n": 844, "reachable_rate": 0.6848341232227488, "mean_candidates": 8.0, "question_rank": {"n": 844, "answerable": {"base_rate": 0.6848341232227488, "k": [84, 211, 578], "mind_margin": {"auc": 0.7081295366443792, "prec": [1.0, 1.0, 0.7681660899653979]}, "mind_score": {"auc": 0.5748562582927909, "prec": [1.0, 1.0, 0.6176470588235294]}, "count_n_own": {"auc": 0.4606661550068944, "prec": [0.5238095238095238, 0.6255924170616114, 0.6868512110726643]}, "count_top_share": {"auc": 0.5227580196165154, "prec": [0.5833333333333334, 0.7061611374407583, 0.7110726643598616]}}, "ceiling": {"base_rate": 0.773696682464455, "k": [84, 211, 653], "mind_margin": {"auc": 0.6803596770443302, "prec": [1.0, 1.0, 0.8529862174578867]}, "mind_score": {"auc": 0.5452482701666894, "prec": [1.0, 1.0, 0.7534456355283308]}, "count_n_own": {"auc": 0.420539916454864, "prec": [0.5714285714285714, 0.6777251184834123, 0.8024502297090352]}, "count_top_share": {"auc": 0.5391788202657088, "prec": [0.8809523809523809, 0.95260663507109, 0.8147013782542113]}}, "right": {"base_rate": 0.5059241706161137, "k": [84, 211, 427], "mind_margin": {"auc": 0.7938043008216378, "prec": [1.0, 0.981042654028436, 0.6838407494145199]}, "mind_score": {"auc": 0.6915769492134629, "prec": [1.0, 1.0, 0.6276346604215457]}, "count_n_own": {"auc": 0.48782987661393135, "prec": [0.2976190476190476, 0.44549763033175355, 0.5526932084309133]}, "count_top_share": {"auc": 0.518255185079103, "prec": [0.5952380952380952, 0.7251184834123223, 0.5456674473067916]}}}, "margin_by_stage": {"stayed": 1.072577817099435, "stepped": 16.50809666324169, "line": NaN, "depth2": 30.831252652210193, "n_stayed": 280, "n_stepped": 564, "by_right": {"right": 21.358216482247347, "wrong": 1.177289853564841}, "stayed_right": 0.7578281743185861, "stayed_wrong": 1.3873274598802838, "stepped_right": 31.40718638855406, "stepped_wrong": 1.0711336626472887}, "gate": {"n": 844, "ungated_hit_rate": 0.5059241706161137, "ungated_payoff": 0.011848341232227487, "always_silent": 0.8287914691943128, "fractions": [0.05, 0.1, 0.25, 0.5], "0.05": {"k": 42, "mind": {"precision": 1.0, "yield": 42, "payoff": 0.8412322274881516, "gain": 0.012440758293838838}, "count_n_own": {"precision": 0.5, "yield": 21, "payoff": 0.7858412322274881, "gain": -0.04295023696682465}, "count_top_share": {"precision": 0.40476190476190477, "yield": 17, "payoff": 0.7766587677725119, "gain": -0.05213270142180093}, "random": {"precision": 0.47619047619047616, "yield": 20, "payoff": 0.7846563981042654, "gain": -0.04413507109004744}, "composition": {"confirm": 0, "walk_only": 42, "neither": 0, "right_confirm": 0, "right_walk_only": 42}, "vs_count_n_own": {"mind_only": 42, "rival_only": 21, "mcnemar_z": 2.6457513110645903}, "vs_count_top_share": {"mind_only": 41, "rival_only": 16, "mcnemar_z": 3.3113308926626095}}, "0.10": {"k": 84, "mind": {"precision": 1.0, "yield": 84, "payoff": 0.8536729857819905, "gain": 0.024881516587677677}, "count_n_own": {"precision": 0.2976190476190476, "yield": 25, "payoff": 0.7020142180094787, "gain": -0.12677725118483407}, "count_top_share": {"precision": 0.5952380952380952, "yield": 50, "payoff": 0.7627369668246445, "gain": -0.06605450236966826}, "random": {"precision": 0.5119047619047619, "yield": 43, "payoff": 0.7482227488151659, "gain": -0.08056872037914686}, "composition": {"confirm": 0, "walk_only": 84, "neither": 0, "right_confirm": 0, "right_walk_only": 84}, "vs_count_n_own": {"mind_only": 83, "rival_only": 24, "mcnemar_z": 5.703745285369415}, "vs_count_top_share": {"mind_only": 83, "rival_only": 49, "mcnemar_z": 2.9593201512468634}}, "0.25": {"k": 211, "mind": {"precision": 0.981042654028436, "yield": 207, "payoff": 0.8818127962085308, "gain": 0.05302132701421802}, "count_n_own": {"precision": 0.44549763033175355, "yield": 94, "payoff": 0.5906398104265402, "gain": -0.23815165876777256}, "count_top_share": {"precision": 0.7251184834123223, "yield": 153, "payoff": 0.7354857819905213, "gain": -0.09330568720379151}, "random": {"precision": 0.5165876777251185, "yield": 109, "payoff": 0.6291469194312796, "gain": -0.19964454976303314}, "composition": {"confirm": 10, "walk_only": 201, "neither": 0, "right_confirm": 10, "right_walk_only": 197}, "vs_count_n_own": {"mind_only": 166, "rival_only": 53, "mcnemar_z": 7.635832375914191}, "vs_count_top_share": {"mind_only": 191, "rival_only": 137, "mcnemar_z": 2.9816512040208565}}, "0.50": {"k": 422, "mind": {"precision": 0.6919431279620853, "yield": 292, "payoff": 0.6190758293838863, "gain": -0.2097156398104265}, "count_n_own": {"precision": 0.54739336492891, "yield": 231, "payoff": 0.45941943127962087, "gain": -0.3693720379146919}, "count_top_share": {"precision": 0.5450236966824644, "yield": 230, "payoff": 0.45941943127962087, "gain": -0.3693720379146919}, "random": {"precision": 0.5023696682464455, "yield": 212, "payoff": 0.4164691943127962, "gain": -0.41232227488151657}, "composition": {"confirm": 68, "walk_only": 287, "neither": 67, "right_confirm": 34, "right_walk_only": 258}, "vs_count_n_own": {"mind_only": 104, "rival_only": 43, "mcnemar_z": 5.031195202938168}, "vs_count_top_share": {"mind_only": 195, "rival_only": 133, "mcnemar_z": 3.4233773083202426}}}, "gate_walk_only": {"n": 406, "ungated_hit_rate": 0.6428571428571429, "ungated_payoff": 0.2857142857142857, "always_silent": 0.75, "fractions": [0.05, 0.1, 0.25, 0.5], "0.05": {"k": 20, "mind": {"precision": 1.0, "yield": 20, "payoff": 0.7623152709359606, "gain": 0.012315270935960632}, "count_n_own": {"precision": 1.0, "yield": 20, "payoff": 0.7623152709359606, "gain": 0.012315270935960632}, "count_top_share": {"precision": 0.6, "yield": 12, "payoff": 0.7229064039408867, "gain": -0.027093596059113323}, "random": {"precision": 0.5, "yield": 10, "payoff": 0.7130541871921182, "gain": -0.036945812807881784}, "composition": {"confirm": 0, "walk_only": 20, "neither": 0, "right_confirm": 0, "right_walk_only": 20}, "vs_count_n_own": {"mind_only": 20, "rival_only": 20, "mcnemar_z": 0.0}, "vs_count_top_share": {"mind_only": 20, "rival_only": 12, "mcnemar_z": 1.414213562373095}}, "0.10": {"k": 41, "mind": {"precision": 1.0, "yield": 41, "payoff": 0.7752463054187192, "gain": 0.025246305418719195}, "count_n_own": {"precision": 0.5853658536585366, "yield": 24, "payoff": 0.6915024630541872, "gain": -0.058497536945812834}, "count_top_share": {"precision": 0.3170731707317073, "yield": 13, "payoff": 0.6373152709359606, "gain": -0.11268472906403937}, "random": {"precision": 0.5609756097560976, "yield": 23, "payoff": 0.6865763546798029, "gain": -0.06342364532019706}, "composition": {"confirm": 0, "walk_only": 41, "neither": 0, "right_confirm": 0, "right_walk_only": 41}, "vs_count_n_own": {"mind_only": 41, "rival_only": 24, "mcnemar_z": 2.108590488016544}, "vs_count_top_share": {"mind_only": 40, "rival_only": 12, "mcnemar_z": 3.8829013735766043}}, "0.25": {"k": 102, "mind": {"precision": 1.0, "yield": 102, "payoff": 0.812807881773399, "gain": 0.06280788177339902}, "count_n_own": {"precision": 0.7450980392156863, "yield": 76, "payoff": 0.6847290640394089, "gain": -0.06527093596059108}, "count_top_share": {"precision": 0.5294117647058824, "yield": 54, "payoff": 0.5763546798029556, "gain": -0.17364532019704437}, "random": {"precision": 0.6176470588235294, "yield": 63, "payoff": 0.6206896551724138, "gain": -0.1293103448275862}, "composition": {"confirm": 0, "walk_only": 102, "neither": 0, "right_confirm": 0, "right_walk_only": 102}, "vs_count_n_own": {"mind_only": 92, "rival_only": 66, "mcnemar_z": 2.068448938856898}, "vs_count_top_share": {"mind_only": 82, "rival_only": 34, "mcnemar_z": 4.456688116249245}}, "0.50": {"k": 203, "mind": {"precision": 0.9802955665024631, "yield": 199, "payoff": 0.8552955665024631, "gain": 0.10529556650246308}, "count_n_own": {"precision": 0.8325123152709359, "yield": 169, "payoff": 0.7075123152709359, "gain": -0.04248768472906406}, "count_top_share": {"precision": 0.5665024630541872, "yield": 115, "payoff": 0.44150246305418717, "gain": -0.30849753694581283}, "random": {"precision": 0.6403940886699507, "yield": 130, "payoff": 0.5153940886699507, "gain": -0.23460591133004927}, "composition": {"confirm": 0, "walk_only": 203, "neither": 0, "right_confirm": 0, "right_walk_only": 199}, "vs_count_n_own": {"mind_only": 90, "rival_only": 60, "mcnemar_z": 2.4494897427831783}, "vs_count_top_share": {"mind_only": 122, "rival_only": 38, "mcnemar_z": 6.640783086353596}}}, "other_mind": null, "reachable_wide": 0.24052132701421802, "reachable_random": 0.027251184834123223, "random_floor": 0.125, "payoff_mind": -0.021563981042653953, "payoff_rival": 0.8237559241706162, "always_silent": 0.8287914691943128, "found_rate": 0.7041522491349481, "rival_found_rate": 0.2698961937716263, "correct_silence": 0.0, "false_silence": 0.0, "step_rate": 0.6682464454976303, "own_hit_rate": 0.29265402843601895, "own_rival_hit_rate": 0.26066350710900477, "own_paired": {"n": 247, "mind_only": 0, "rival_only": 54, "both": 166, "neither": 27, "mcnemar_z": -7.348469228349534}, "own_rival_of_own": 0.8906882591093117, "hit_of_own": 0.6720647773279352, "ceiling": 0.773696682464455, "walk_only_arrive": 0.7364532019704434, "walk_only_pick": {"n": 299, "mind": 261, "rival": 1, "count_rival": 2, "count_rival_rate": 0.006688963210702341, "vs_count_mind_only": 259, "vs_count_rival_only": 0, "vs_count_z": 16.09347693943108, "hit_rate": 0.8729096989966555, "rival_rate": 0.0033444816053511705, "mind_only": 260, "rival_only": 0, "mcnemar_z": 16.124515496597102}, "walk_only_rate": 0.48104265402843605, "hit_of_walk_only": 0.6428571428571429, "count_rival_of_walk_only": 0.007389162561576354, "count_rival_hit_rate": 0.18838862559241706, "deep_rate": 0.3234597156398104, "deep_only_rate": 0.4206161137440758, "hit_of_deep_only": 0.7295774647887324, "hit_of_deep": 0.9487179487179487, "hit_of_depth1": 0.09621993127147767, "bisect": null, "rival_of_walk_only": 0.0024630541871921183, "walk_only_paired": {"n": 406, "mind_only": 260, "rival_only": 0, "both": 1, "neither": 145, "mcnemar_z": 16.124515496597102, "stepped": 299}, "cand_places": 4.101895734597156, "line_reach_rate": 0.0, "step_line_rate": 0.0, "line_only_rate": 0.0, "line_only_paired": {"n": 0, "mind_only": 0, "rival_only": 0, "mcnemar_z": NaN}, "steps_on_walk_only": 0.5301418439716312, "router": {"n_stepped": 564, "mind_enrichment": 1.102068266778465, "count_enrichment": 0.8846032910596373, "share_enrichment": 0.86985990287531, "top_share_when_stepped": 0.9784278959810876, "top_share_when_not": 0.9967532467532468, "n_own_when_stepped": 3.870567375886525, "n_own_when_not": 1.2285714285714286}, "hit_rate": 0.5059241706161137, "rival_hit_rate": 0.1848341232227488, "world_rows_own": 4.302132701421801, "world_rows_candidate": 5.302132701421801, "world_rows_expand": 12.302132701421801, "world_rows_expand_when_stepped": 13.152482269503546, "world_rows_expand_when_not": 10.589285714285714, "step_vs_size_r": 0.3518484073328784, "found_where_rival_missed": 261, "missed_where_rival_found": 10, "paired_payoff": {"mind_better": 395, "rival_better": 418, "discordant": 813, "mcnemar_z": -0.8066452174066785, "max_achievable_z": 28.513154858766505, "underpowered": false}}, "train_control": {"n": 596, "reachable_rate": 0.6761744966442953, "mean_candidates": 8.0, "question_rank": {"n": 596, "answerable": {"base_rate": 0.6761744966442953, "k": [59, 149, 403], "mind_margin": {"auc": 0.7576530940228082, "prec": [1.0, 1.0, 0.7468982630272953]}, "mind_score": {"auc": 0.5973206135332159, "prec": [1.0, 1.0, 0.6228287841191067]}, "count_n_own": {"auc": 0.37001632831484077, "prec": [0.1694915254237288, 0.46308724832214765, 0.6625310173697271]}, "count_top_share": {"auc": 0.5051813471502591, "prec": [0.13559322033898305, 0.5503355704697986, 0.6873449131513648]}}, "ceiling": {"base_rate": 0.7399328859060402, "k": [59, 149, 441], "mind_margin": {"auc": 0.7364494184770682, "prec": [1.0, 1.0, 0.8163265306122449]}, "mind_score": {"auc": 0.5720576402604053, "prec": [1.0, 1.0, 0.6893424036281179]}, "count_n_own": {"auc": 0.34709238534123327, "prec": [0.23728813559322035, 0.5436241610738255, 0.7482993197278912]}, "count_top_share": {"auc": 0.5064516129032258, "prec": [0.2033898305084746, 0.6711409395973155, 0.7709750566893424]}}, "right": {"base_rate": 0.48825503355704697, "k": [59, 149, 291], "mind_margin": {"auc": 0.8269449608472762, "prec": [1.0, 0.9865771812080537, 0.7353951890034365]}, "mind_score": {"auc": 0.7521829756070081, "prec": [1.0, 1.0, 0.6701030927835051]}, "count_n_own": {"auc": 0.42125514055546165, "prec": [0.1694915254237288, 0.26174496644295303, 0.4536082474226804]}, "count_top_share": {"auc": 0.5032786885245901, "prec": [0.0847457627118644, 0.4228187919463087, 0.47766323024054985]}}}, "margin_by_stage": {"stayed": 1.1396495944163838, "stepped": 16.461595298880237, "line": NaN, "depth2": 31.038484165969404, "n_stayed": 183, "n_stepped": 413, "by_right": {"right": 22.809350718337647, "wrong": 1.2120448366540377}, "stayed_right": 0.24516707200270432, "stayed_wrong": 1.80412232535226, "stepped_right": 31.072291208544808, "stepped_wrong": 0.901204155087471}, "gate": {"n": 596, "ungated_hit_rate": 0.48825503355704697, "ungated_payoff": -0.02348993288590604, "always_silent": 0.8309563758389261, "fractions": [0.05, 0.1, 0.25, 0.5], "0.05": {"k": 30, "mind": {"precision": 1.0, "yield": 30, "payoff": 0.8435402684563759, "gain": 0.012583892617449743}, "count_n_own": {"precision": 0.03333333333333333, "yield": 1, "payoff": 0.7340604026845637, "gain": -0.09689597315436238}, "count_top_share": {"precision": 0.16666666666666666, "yield": 5, "payoff": 0.75, "gain": -0.08095637583892612}, "random": {"precision": 0.5, "yield": 15, "payoff": 0.7898489932885906, "gain": -0.041107382550335525}, "composition": {"confirm": 0, "walk_only": 30, "neither": 0, "right_confirm": 0, "right_walk_only": 30}, "vs_count_n_own": {"mind_only": 30, "rival_only": 1, "mcnemar_z": 5.208553758776472}, "vs_count_top_share": {"mind_only": 30, "rival_only": 5, "mcnemar_z": 4.225771273642583}}, "0.10": {"k": 60, "mind": {"precision": 1.0, "yield": 60, "payoff": 0.8561241610738255, "gain": 0.025167785234899376}, "count_n_own": {"precision": 0.16666666666666666, "yield": 10, "payoff": 0.6673657718120806, "gain": -0.16359060402684555}, "count_top_share": {"precision": 0.08333333333333333, "yield": 5, "payoff": 0.6501677852348994, "gain": -0.18078859060402674}, "random": {"precision": 0.5, "yield": 30, "payoff": 0.7487416107382551, "gain": -0.08221476510067105}, "composition": {"confirm": 0, "walk_only": 60, "neither": 0, "right_confirm": 0, "right_walk_only": 60}, "vs_count_n_own": {"mind_only": 60, "rival_only": 10, "mcnemar_z": 5.976143046671968}, "vs_count_top_share": {"mind_only": 60, "rival_only": 5, "mcnemar_z": 6.821910402406465}}, "0.25": {"k": 149, "mind": {"precision": 0.9865771812080537, "yield": 147, "payoff": 0.886744966442953, "gain": 0.055788590604026855}, "count_n_own": {"precision": 0.26174496644295303, "yield": 39, "payoff": 0.49077181208053694, "gain": -0.3401845637583892}, "count_top_share": {"precision": 0.4228187919463087, "yield": 63, "payoff": 0.576761744966443, "gain": -0.2541946308724832}, "random": {"precision": 0.4563758389261745, "yield": 68, "payoff": 0.600251677852349, "gain": -0.2307046979865771}, "composition": {"confirm": 6, "walk_only": 143, "neither": 0, "right_confirm": 6, "right_walk_only": 141}, "vs_count_n_own": {"mind_only": 139, "rival_only": 31, "mcnemar_z": 8.2832218795516}, "vs_count_top_share": {"mind_only": 139, "rival_only": 55, "mcnemar_z": 6.030848532389}}, "0.50": {"k": 298, "mind": {"precision": 0.7181208053691275, "yield": 214, "payoff": 0.6552013422818792, "gain": -0.1757550335570469}, "count_n_own": {"precision": 0.4563758389261745, "yield": 136, "payoff": 0.3649328859060403, "gain": -0.46602348993288584}, "count_top_share": {"precision": 0.48322147651006714, "yield": 144, "payoff": 0.3959731543624161, "gain": -0.43498322147651003}, "random": {"precision": 0.4597315436241611, "yield": 137, "payoff": 0.37458053691275167, "gain": -0.45637583892617445}, "composition": {"confirm": 27, "walk_only": 235, "neither": 36, "right_confirm": 15, "right_walk_only": 199}, "vs_count_n_own": {"mind_only": 78, "rival_only": 0, "mcnemar_z": 8.831760866327846}, "vs_count_top_share": {"mind_only": 147, "rival_only": 77, "mcnemar_z": 4.677071733467427}}}, "gate_walk_only": {"n": 308, "ungated_hit_rate": 0.6461038961038961, "ungated_payoff": 0.2922077922077922, "always_silent": 0.75, "fractions": [0.05, 0.1, 0.25, 0.5], "0.05": {"k": 15, "mind": {"precision": 1.0, "yield": 15, "payoff": 0.7621753246753247, "gain": 0.012175324675324672}, "count_n_own": {"precision": 1.0, "yield": 15, "payoff": 0.7621753246753247, "gain": 0.012175324675324672}, "count_top_share": {"precision": 0.26666666666666666, "yield": 4, "payoff": 0.6907467532467533, "gain": -0.059253246753246724}, "random": {"precision": 0.6, "yield": 9, "payoff": 0.7232142857142857, "gain": -0.0267857142857143}, "composition": {"confirm": 0, "walk_only": 15, "neither": 0, "right_confirm": 0, "right_walk_only": 15}, "vs_count_n_own": {"mind_only": 15, "rival_only": 15, "mcnemar_z": 0.0}, "vs_count_top_share": {"mind_only": 15, "rival_only": 4, "mcnemar_z": 2.523573072576179}}, "0.10": {"k": 31, "mind": {"precision": 1.0, "yield": 31, "payoff": 0.7751623376623377, "gain": 0.025162337662337664}, "count_n_own": {"precision": 0.7419354838709677, "yield": 23, "payoff": 0.7232142857142857, "gain": -0.0267857142857143}, "count_top_share": {"precision": 0.3548387096774194, "yield": 11, "payoff": 0.6452922077922078, "gain": -0.10470779220779225}, "random": {"precision": 0.6774193548387096, "yield": 21, "payoff": 0.7102272727272727, "gain": -0.03977272727272729}, "composition": {"confirm": 0, "walk_only": 31, "neither": 0, "right_confirm": 0, "right_walk_only": 31}, "vs_count_n_own": {"mind_only": 31, "rival_only": 23, "mcnemar_z": 1.0886621079036347}, "vs_count_top_share": {"mind_only": 29, "rival_only": 9, "mcnemar_z": 3.244428422615251}}, "0.25": {"k": 77, "mind": {"precision": 1.0, "yield": 77, "payoff": 0.8125, "gain": 0.0625}, "count_n_own": {"precision": 0.6103896103896104, "yield": 47, "payoff": 0.6176948051948052, "gain": -0.13230519480519476}, "count_top_share": {"precision": 0.45454545454545453, "yield": 35, "payoff": 0.5397727272727273, "gain": -0.2102272727272727}, "random": {"precision": 0.6363636363636364, "yield": 49, "payoff": 0.6306818181818182, "gain": -0.11931818181818177}, "composition": {"confirm": 0, "walk_only": 77, "neither": 0, "right_confirm": 0, "right_walk_only": 77}, "vs_count_n_own": {"mind_only": 74, "rival_only": 44, "mcnemar_z": 2.76172385369497}, "vs_count_top_share": {"mind_only": 71, "rival_only": 29, "mcnemar_z": 4.2}}, "0.50": {"k": 154, "mind": {"precision": 0.987012987012987, "yield": 152, "payoff": 0.862012987012987, "gain": 0.11201298701298701}, "count_n_own": {"precision": 0.7532467532467533, "yield": 116, "payoff": 0.6282467532467533, "gain": -0.12175324675324672}, "count_top_share": {"precision": 0.5714285714285714, "yield": 88, "payoff": 0.44642857142857145, "gain": -0.30357142857142855}, "random": {"precision": 0.6103896103896104, "yield": 94, "payoff": 0.48538961038961037, "gain": -0.26461038961038963}, "composition": {"confirm": 0, "walk_only": 154, "neither": 0, "right_confirm": 0, "right_walk_only": 152}, "vs_count_n_own": {"mind_only": 83, "rival_only": 47, "mcnemar_z": 3.1574088695053053}, "vs_count_top_share": {"mind_only": 85, "rival_only": 21, "mcnemar_z": 6.2162295190864905}}}, "other_mind": null, "reachable_wide": 0.18791946308724833, "reachable_random": 0.02181208053691275, "random_floor": 0.125, "payoff_mind": -0.05813758389261741, "payoff_rival": 0.8359899328859061, "always_silent": 0.8309563758389261, "found_rate": 0.7022332506203474, "rival_found_rate": 0.22084367245657568, "correct_silence": 0.0, "false_silence": 0.0, "step_rate": 0.6929530201342282, "own_hit_rate": 0.2231543624161074, "own_rival_hit_rate": 0.18456375838926176, "own_paired": {"n": 133, "mind_only": 3, "rival_only": 21, "both": 89, "neither": 20, "mcnemar_z": -3.6742346141747673}, "own_rival_of_own": 0.8270676691729323, "hit_of_own": 0.6917293233082706, "ceiling": 0.7399328859060402, "walk_only_arrive": 0.724025974025974, "walk_only_pick": {"n": 223, "mind": 199, "rival": 3, "count_rival": 0, "count_rival_rate": 0.0, "vs_count_mind_only": 199, "vs_count_rival_only": 0, "vs_count_z": 14.106735979665883, "hit_rate": 0.8923766816143498, "rival_rate": 0.013452914798206279, "mind_only": 199, "rival_only": 3, "mcnemar_z": 13.79051187671372}, "walk_only_rate": 0.5167785234899329, "hit_of_walk_only": 0.6461038961038961, "count_rival_of_walk_only": 0.0, "count_rival_hit_rate": 0.14429530201342283, "deep_rate": 0.34563758389261745, "deep_only_rate": 0.47818791946308725, "hit_of_deep_only": 0.6982456140350877, "hit_of_deep": 0.9660194174757282, "hit_of_depth1": 0.06763285024154589, "bisect": null, "rival_of_walk_only": 0.00974025974025974, "walk_only_paired": {"n": 308, "mind_only": 199, "rival_only": 3, "both": 0, "neither": 106, "mcnemar_z": 13.79051187671372, "stepped": 223}, "cand_places": 4.157718120805369, "line_reach_rate": 0.0, "step_line_rate": 0.0, "line_only_rate": 0.0, "line_only_paired": {"n": 0, "mind_only": 0, "rival_only": 0, "mcnemar_z": NaN}, "steps_on_walk_only": 0.5399515738498789, "router": {"n_stepped": 413, "mind_enrichment": 1.0448413571900255, "count_enrichment": 1.058897518945945, "share_enrichment": 0.8902235778749096, "top_share_when_stepped": 0.9975786924939467, "top_share_when_not": 1.0, "n_own_when_stepped": 4.60774818401937, "n_own_when_not": 1.710382513661202}, "hit_rate": 0.48825503355704697, "rival_hit_rate": 0.1493288590604027, "world_rows_own": 4.968120805369128, "world_rows_candidate": 5.968120805369128, "world_rows_expand": 12.968120805369127, "world_rows_expand_when_stepped": 13.883777239709444, "world_rows_expand_when_not": 10.901639344262295, "step_vs_size_r": 0.36077468694722775, "found_where_rival_missed": 199, "missed_where_rival_found": 5, "paired_payoff": {"mind_better": 271, "rival_better": 308, "discordant": 579, "mcnemar_z": -1.5376675246082578, "max_achievable_z": 24.06241883103193, "underpowered": false}}}
  HELD {"count": {"n": 296, "model_accuracy": 1.0, "rival_accuracy": 1.0, "random_floor": 0.200000000000001}, "lookup_paired_vs_rival": {"model_only_right": 0, "rival_only_right": 0, "discordant": 0, "mcnemar_z": NaN}, "lookup_paired_vs_rival_cos": {"n": 0, "model_only_right": 0, "rival_only_right": 0, "discordant": 0, "mcnemar_z": NaN, "max_achievable_z": 0.0, "underpowered": true}, "lookup_paired_vs_rival_cos_by_margin": {"median_margin": NaN, "low_margin": {"n": 0, "model_only_right": 0, "rival_only_right": 0, "discordant": 0, "mcnemar_z": NaN, "max_achievable_z": 0.0, "underpowered": true}, "high_margin": {"n": 0, "model_only_right": 0, "rival_only_right": 0, "discordant": 0, "mcnemar_z": NaN, "max_achievable_z": 0.0, "underpowered": true}}, "ladder": {"n_questions": 0, "pairs": 0, "concordant": 0, "ties_excluded": 0, "import_budget_zero_rate": 0.0, "import_budget_mean": 0.0, "concordance": NaN, "z_vs_half": NaN, "mean_phi": {"true": NaN, "near": NaN, "middle": NaN, "far": NaN}}, "exact_mismatches": 0, "confusion": {"count|1->1": 88, "count|2->2": 147, "count|3->3": 32, "count|4->4": 6, "count|5+->5+": 23}, "_mixed": [], "_reach": [[1, 0, 0, 0.058331698179244995, 0, 1, 8, 7, 14, 1, 0, 1, 1, 5, 1, 5, 0, 0, 0, 6, 0, 1.0, 0, 0, 1, 0, 0, 0, 31.679574966430664, 0.0], [1, 0, 0, 0.058331698179244995, 0, 1, 8, 7, 14, 1, 0, 1, 1, 5, 1, 5, 0, 0, 0, 6, 0, 1.0, 0, 0, 1, 0, 0, 0, 31.679574966430664, 0.0], [1, 0, 0, 0.0, 0, 1, 8, 7, 14, 0, 0, 0, 0, 4, 2, 5, 0, 0, 0, 6, 0, 1.0, 0, 0, 1, 0, 0, 0, 14.353594779968262, 8.471237182617188], [1, 0, 1, 0.0, 0, 1, 8, 7, 14, 0, 0, 0, 0, 4, 2, 5, 0, 0, 0, 6, 0, 1.0, 0, 0, 2, 1, 0, 0, 16.916465759277344, 11.034109115600586], [1, 0, 1, 0.0, 0, 1, 8, 7, 14, 0, 0, 0, 0, 4, 2, 5, 0, 0, 0, 6, 0, 1.0, 0, 0, 2, 1, 0, 0, 16.916465759277344, 11.034109115600586], [1, 0, 1, 0.0, 0, 1, 8, 7, 14, 0, 0, 0, 0, 4, 2, 5, 0, 0, 0, 6, 0, 1.0, 0, 0, 2, 1, 0, 0, 16.916465759277344, 11.034109115600586], [0, 0, 0, 0.2818624973297119, 0, 1, 8, 5, 12, 0, 0, 1, 1, 3, 1, 5, 0, 0, 0, 4, 0, 1.0, 0, 0, 1, 0, 0, 0, 27.11229133605957, 0.0], [0, 0, 0, 0.2818624973297119, 0, 1, 8, 5, 12, 0, 0, 1, 1, 3, 1, 5, 0, 0, 0, 4, 0, 1.0, 0, 0, 1, 0, 0, 0, 27.11229133605957, 0.0], [1, 0, 0, 0.04985529184341431, 0, 0, 8, 5, 12, 0, 0, 0, 0, 2, 2, 5, 0, 0, 0, 4, 0, 1.0, 0, 0, 0, 1, 0, 0, 3.7806451320648193, 27.848661422729492], [1, 0, 0, 0.0662257969379425, 0, 0, 8, 5, 12, 0, 0, 0, 0, 2, 2, 5, 0, 0, 0, 4, 0, 1.0, 0, 0, 0, 1, 0, 0, 3.7806451320648193, 27.848661422729492], [1, 0, 1, 0.39548319578170776, 0, 1, 8, 6, 13, 0, 0, 0, 0, 3, 2, 5, 0, 0, 0, 5, 0, 1.0, 0, 0, 2, 1, 0, 0, 14.790421485900879, 13.991848945617676], [1, 0, 0, 0.0820799469947815, 1, 1, 8, 6, 13, 1, 0, 1, 0, 4, 1, 5, 0, 0, 0, 5, 1, 1.0, 0, 0, 1, 0, 0, 0, 29.786367416381836, 0.0], [1, 0, 1, 0.3859136700630188, 0, 1, 8, 6, 13, 0, 0, 0, 0, 3, 2, 5, 0, 0, 0, 5, 0, 1.0, 0, 0, 2, 1, 0, 0, 14.806196212768555, 13.816740989685059], [1, 0, 0, 0.0820799469947815, 1, 1, 8, 6, 13, 1, 0, 1, 0, 4, 1, 5, 0, 0, 0, 5, 1, 1.0, 0, 0, 1, 0, 0, 0, 29.786367416381836, 0.0], [1, 0, 1, 0.37798547744750977, 0, 1, 8, 6, 13, 0, 0, 0, 0, 3, 2, 5, 0, 0, 0, 5, 0, 1.0, 0, 0, 2, 1, 0, 0, 14.224778175354004, 13.67137622833252], [1, 0, 1, 0.07082998752593994, 0, 1, 8, 13, 20, 0, 0, 0, 0, 11, 1, 5, 0, 0, 0, 12, 0, 1.0, 0, 0, 2, 1, 0, 0, 47.61928939819336, 35.47835922241211], [1, 0, 1, 0.06806540489196777, 0, 1, 8, 13, 20, 0, 0, 0, 0, 11, 1, 4, 0, 0, 0, 12, 0, 0.6666666666666666, 0, 0, 2, 1, 0, 0, 43.00959014892578, 38.90705490112305], [1, 0, 1, 0.05002668499946594, 0, 1, 8, 13, 20, 1, 0, 1, 1, 10, 2, 4, 0, 0, 0, 12, 0, 0.6666666666666666, 0, 0, 1, 0, 0, 0, 20.6821231842041, 4.647443771362305], [1, 0, 1, 0.06532078981399536, 0, 1, 8, 13, 20, 0, 0, 0, 0, 11, 1, 4, 0, 0, 0, 12, 0, 0.6666666666666666, 0, 0, 2, 1, 0, 0, 47.61928939819336, 35.47835922241211], [1, 0, 0, 0.05002668499946594, 0, 1, 8, 13, 20, 1, 0, 1, 0, 11, 1, 4, 0, 0, 0, 12, 0, 0.6666666666666666, 0, 0, 1, 0, 0, 0, 34.51121520996094, 0.0], [1, 0, 1, 0.057120561599731445, 0, 1, 8, 13, 20, 0, 0, 0, 0, 11, 1, 4, 0, 0, 0, 12, 0, 0.6666666666666666, 0, 0, 2, 1, 0, 0, 43.350311279296875, 39.24104690551758], [1, 0, 1, 0.05479252338409424, 0, 1, 8, 13, 20, 0, 0, 0, 0, 11, 1, 4, 0, 0, 0, 12, 0, 0.6666666666666666, 0, 0, 2, 1, 0, 0, 42.707855224609375, 38.60462951660156], [1, 0, 1, 0.06108704209327698, 0, 1, 8, 13, 20, 0, 0, 0, 0, 11, 1, 4, 0, 0, 0, 12, 0, 0.6666666666666666, 0, 0, 2, 1, 0, 0, 47.61928939819336, 35.47835922241211], [1, 0, 1, 0.07098478078842163, 0, 1, 8, 13, 20, 0, 0, 0, 0, 11, 1, 4, 0, 0, 0, 12, 0, 0.6666666666666666, 0, 0, 2, 1, 0, 0, 43.120296478271484, 39.013710021972656], [1, 0, 1, 0.0737021267414093, 0, 1, 8, 13, 20, 0, 0, 0, 0, 11, 1, 4, 0, 0, 0, 12, 0, 0.6666666666666666, 0, 0, 2, 1, 0, 0, 47.61928939819336, 35.47835922241211], [1, 0, 1, 0.063953697681427, 0, 1, 8, 13, 20, 0, 0, 0, 0, 11, 1, 4, 0, 0, 0, 12, 0, 0.6666666666666666, 0, 0, 2, 1, 0, 0, 43.00959014892578, 38.90705490112305], [0, 0, 0, 0.06702792644500732, 0, 1, 8, 13, 20, 0, 0, 0, 0, 11, 1, 4, 0, 0, 0, 12, 0, 0.6666666666666666, 0, 0, 1, 0, 0, 0, 25.343278884887695, 0.0], [1, 0, 0, 0.06957831978797913, 0, 1, 8, 13, 20, 0, 0, 0, 0, 10, 2, 4, 0, 0, 0, 12, 0, 0.6666666666666666, 0, 0, 1, 1, 0, 0, 11.939117431640625, 1.7438592910766602], [0, 0, 0, 0.062102437019348145, 0, 1, 8, 13, 20, 0, 0, 0, 0, 11, 1, 4, 0, 0, 0, 12, 0, 0.6666666666666666, 0, 0, 1, 0, 0, 0, 34.51121520996094, 0.09634017944335938], [1, 0, 1, 0.0672559142112732, 0, 1, 8, 13, 20, 0, 0, 0, 0, 11, 1, 4, 0, 0, 0, 12, 0, 0.6666666666666666, 0, 0, 2, 1, 0, 0, 42.5875244140625, 38.60722351074219], [0, 0, 0, 0.06575840711593628, 0, 1, 8, 13, 20, 0, 0, 0, 0, 10, 2, 4, 0, 0, 0, 12, 0, 0.6666666666666666, 0, 0, 1, 0, 0, 0, 20.536888122558594, 4.658903121948242], [0, 0, 0, 0.06909257173538208, 0, 1, 8, 13, 20, 0, 0, 0, 0, 11, 1, 4, 0, 0, 0, 12, 0, 0.6666666666666666, 0, 0, 1, 0, 0, 0, 25.345823287963867, 0.0], [1, 0, 0, 0.05002668499946594, 0, 1, 8, 13, 20, 1, 0, 1, 0, 11, 1, 4, 0, 0, 0, 12, 0, 0.6666666666666666, 0, 0, 1, 0, 0, 0, 34.51121520996094, 0.0], [0, 0, 0, 0.06290796399116516, 0, 1, 8, 13, 20, 0, 0, 0, 0, 11, 1, 4, 0, 0, 0, 12, 0, 0.6666666666666666, 0, 0, 1, 0, 0, 0, 34.51121520996094, 0.09634017944335938], [0, 0, 0, 0.05904868245124817, 0, 1, 8, 13, 20, 0, 0, 0, 0, 9, 3, 4, 0, 0, 0, 12, 0, 0.6666666666666666, 0, 0, 1, 0, 0, 0, 17.249563217163086, 4.965266227722168], [0, 0, 0, 0.06335020065307617, 0, 1, 8, 13, 20, 0, 0, 0, 0, 11, 1, 4, 0, 0, 0, 12, 0, 0.6666666666666666, 0, 0, 1, 0, 0, 0, 34.51121520996094, 0.0], [0, 0, 0, 0.062116146087646484, 0, 1, 8, 13, 20, 0, 0, 0, 0, 10, 2, 4, 0, 0, 0, 12, 0, 0.6666666666666666, 0, 0, 1, 0, 0, 0, 20.826377868652344, 4.648870468139648], [0, 0, 0, 0.06813177466392517, 0, 1, 8, 13, 20, 0, 0, 0, 0, 11, 1, 4, 0, 0, 0, 12, 0, 0.6666666666666666, 0, 0, 1, 0, 0, 0, 34.51121520996094, 0.09634017944335938], [0, 0, 0, 0.06510087847709656, 0, 1, 8, 13, 20, 0, 0, 0, 0, 11, 1, 4, 0, 0, 0, 12, 0, 0.6666666666666666, 0, 0, 1, 0, 0, 0, 34.51121520996094, 0.09634017944335938], [0, 0, 0, 0.0642453134059906, 0, 1, 8, 13, 20, 0, 0, 0, 0, 10, 2, 4, 0, 0, 0, 12, 0, 0.6666666666666666, 0, 0, 1, 0, 0, 0, 11.51462459564209, 4.791585922241211], [0, 0, 0, 0.057954877614974976, 0, 1, 8, 13, 20, 0, 0, 0, 0, 11, 1, 4, 0, 0, 0, 12, 0, 0.6666666666666666, 0, 0, 1, 0, 0, 0, 34.51121520996094, 0.09634017944335938], [0, 0, 0, 0.058099597692489624, 0, 1, 8, 13, 20, 0, 0, 0, 0, 11, 1, 4, 0, 0, 0, 12, 0, 0.6666666666666666, 0, 0, 1, 0, 0, 0, 34.51121520996094, 0.09634017944335938], [0, 0, 0, 0.07187783718109131, 0, 1, 8, 13, 20, 0, 0, 0, 0, 11, 1, 4, 0, 0, 0, 12, 0, 0.6666666666666666, 0, 0, 1, 0, 0, 0, 34.51121520996094, 0.0], [0, 0, 0, 0.062787264585495, 0, 1, 8, 13, 20, 0, 0, 0, 0, 10, 2, 4, 0, 0, 0, 12, 0, 0.6666666666666666, 0, 0, 1, 0, 0, 0, 20.536691665649414, 4.65172004699707], [0, 0, 0, 0.06664931774139404, 0, 1, 8, 13, 20, 0, 0, 0, 0, 11, 1, 4, 0, 0, 0, 12, 0, 0.6666666666666666, 0, 0, 1, 0, 0, 0, 24.074481964111328, 0.07195091247558594], [0, 0, 0, 0.06619039177894592, 0, 1, 8, 13, 20, 0, 0, 0, 0, 9, 3, 4, 0, 0, 0, 12, 0, 0.6666666666666666, 0, 0, 1, 0, 0, 0, 7.863260269165039, 5.157390117645264], [0, 0, 0, 0.05419623851776123, 0, 1, 8, 13, 20, 0, 0, 0, 0, 11, 1, 4, 0, 0, 0, 12, 0, 0.6666666666666666, 0, 0, 1, 0, 0, 0, 25.34292221069336, 0.1449604034423828], [0, 0, 0, 0.05908653140068054, 0, 1, 8, 13, 20, 0, 0, 0, 0, 10, 2, 4, 0, 0, 0, 12, 0, 0.6666666666666666, 0, 0, 1, 0, 0, 0, 11.315571784973145, 4.8069868087768555], [0, 0, 0, 0.060105085372924805, 0, 1, 8, 13, 20, 0, 0, 0, 0, 11, 1, 4, 0, 0, 0, 12, 0, 0.6666666666666666, 0, 0, 1, 0, 0, 0, 25.258758544921875, 0.14389991760253906], [0, 0, 0, 0.0623532235622406, 0, 1, 8, 13, 20, 0, 0, 0, 0, 11, 1, 5, 0, 0, 0, 12, 0, 1.0, 0, 0, 1, 0, 0, 0, 25.255237579345703, 0.0], [0, 0, 0, 0.13970214128494263, 0, 1, 8, 4, 11, 0, 0, 1, 1, 2, 1, 4, 0, 0, 0, 3, 0, 1.0, 0, 0, 1, 0, 0, 0, 23.121585845947266, 0.0], [0, 0, 0, 0.13970214128494263, 0, 1, 8, 4, 11, 0, 0, 1, 1, 2, 1, 4, 0, 0, 0, 3, 0, 1.0, 0, 0, 1, 0, 0, 0, 23.121585845947266, 0.0], [0, 0, 0, 0.011038273572921753, 0, 0, 8, 4, 11, 0, 0, 0, 0, 1, 2, 2, 0, 0, 0, 3, 0, 1.0, 0, 0, 0, 0, 0, 0, -16.344985961914062, 0.0], [0, 0, 1, 0.0, 0, 0, 8, 8, 15, 1, 0, 1, 1, 3, 4, 5, 0, 0, 0, 7, 0, 1.0, 0, 0, 0, 0, 0, 0, 13.046082496643066, 15.800026893615723], [0, 0, 1, 0.0, 0, 0, 8, 8, 15, 1, 0, 1, 1, 3, 4, 5, 0, 0, 0, 7, 0, 1.0, 0, 0, 0, 0, 0, 0, 13.046082496643066, 15.800026893615723], [0, 0, 1, 0.0, 0, 0, 8, 8, 15, 1, 0, 1, 1, 3, 4, 5, 0, 0, 0, 7, 0, 1.0, 0, 0, 0, 0, 0, 0, 13.046082496643066, 15.800026893615723], [0, 0, 1, 0.0, 0, 0, 8, 8, 15, 1, 0, 1, 1, 3, 4, 5, 0, 0, 0, 7, 0, 1.0, 0, 0, 0, 0, 0, 0, 13.046082496643066, 15.800026893615723], [0, 0, 1, 0.0, 0, 0, 8, 8, 15, 1, 0, 1, 1, 3, 4, 5, 0, 0, 0, 7, 0, 1.0, 0, 0, 0, 0, 0, 0, 13.046082496643066, 15.800026893615723], [1, 0, 0, 0.0, 0, 0, 8, 8, 15, 0, 0, 0, 0, 2, 5, 5, 0, 0, 0, 7, 0, 1.0, 0, 0, 0, 1, 0, 0, 6.576231956481934, 30.096534729003906], [1, 0, 0, 0.0, 0, 0, 8, 8, 15, 0, 0, 0, 0, 2, 5, 4, 0, 0, 0, 7, 0, 1.0, 0, 0, 0, 1, 0, 0, 6.576231956481934, 30.096534729003906], [1, 0, 0, 0.03589165210723877, 0, 1, 8, 3, 10, 1, 0, 0, 0, 1, 1, 5, 0, 0, 0, 2, 0, 1.0, 0, 0, 1, 0, 0, 0, 4.944060325622559, 3.4791171550750732], [0, 0, 0, 0.0, 0, 0, 8, 3, 10, 0, 0, 0, 0, 1, 1, 3, 0, 0, 0, 2, 0, 1.0, 0, 0, 0, 0, 0, 0, -7.942379474639893, 0.0], [1, 0, 0, 0.0, 0, 0, 8, 3, 10, 0, 0, 0, 0, 1, 1, 6, 0, 0, 0, 2, 0, 1.0, 0, 0, 0, 1, 0, 0, -7.942379474639893, 0.0], [0, 0, 0, 0.2752639055252075, 0, 0, 8, 3, 10, 0, 0, 0, 0, 1, 1, 5, 0, 0, 0, 2, 0, 1.0, 0, 0, 0, 0, 0, 0, -7.942379474639893, 0.0], [1, 0, 1, 0.09687355160713196, 0, 1, 8, 3, 10, 0, 0, 0, 0, 1, 1, 5, 0, 0, 0, 2, 0, 1.0, 0, 0, 2, 1, 0, 0, 53.19485855102539, 48.250797271728516], [1, 0, 0, 0.0, 0, 0, 8, 3, 10, 0, 0, 0, 0, 1, 1, 4, 0, 0, 0, 2, 0, 1.0, 0, 0, 0, 1, 0, 0, -7.942379474639893, 0.0], [0, 0, 0, 0.0175742506980896, 0, 1, 8, 3, 10, 0, 0, 0, 0, 1, 1, 4, 0, 0, 0, 2, 0, 1.0, 0, 0, 2, 0, 0, 0, 4.944060325622559, 0.6288251876831055], [0, 0, 0, 0.11964821815490723, 0, 1, 8, 3, 10, 0, 0, 0, 0, 1, 1, 5, 0, 0, 0, 2, 0, 1.0, 0, 0, 1, 0, 0, 0, 4.944060325622559, 0.0], [0, 0, 0, 0.02012474834918976, 0, 1, 8, 4, 11, 0, 0, 0, 0, 2, 1, 5, 0, 0, 0, 3, 0, 1.0, 0, 0, 1, 0, 0, 0, 22.84979820251465, 0.0], [1, 0, 1, 0.0257682204246521, 0, 1, 8, 4, 11, 0, 0, 0, 0, 2, 1, 5, 0, 0, 0, 3, 0, 1.0, 0, 0, 2, 1, 0, 0, 51.118133544921875, 28.268335342407227], [0, 0, 0, 0.0, 0, 1, 8, 4, 11, 0, 0, 0, 0, 2, 1, 5, 0, 0, 0, 3, 0, 1.0, 0, 0, 1, 0, 0, 0, 22.84979820251465, 0.0], [1, 0, 1, 0.09892553091049194, 0, 1, 8, 4, 11, 0, 0, 0, 0, 2, 1, 5, 0, 0, 0, 3, 0, 1.0, 0, 0, 2, 1, 0, 0, 51.118133544921875, 29.626720428466797], [1, 0, 1, 0.1742531657218933, 0, 1, 8, 4, 11, 0, 0, 0, 0, 2, 1, 3, 0, 0, 0, 3, 0, 1.0, 0, 0, 2, 1, 0, 0, 51.118133544921875, 29.626720428466797], [1, 0, 1, 0.06029006838798523, 0, 1, 8, 4, 11, 0, 0, 0, 0, 2, 1, 5, 0, 0, 0, 3, 0, 1.0, 0, 0, 2, 1, 0, 0, 51.118133544921875, 28.268335342407227], [0, 0, 0, 0.16634932160377502, 0, 1, 8, 3, 10, 0, 0, 0, 0, 1, 1, 3, 0, 0, 0, 2, 0, 1.0, 0, 0, 1, 0, 0, 0, 1.4649430513381958, 0.0], [0, 0, 0, 0.5203163027763367, 0, 1, 8, 3, 10, 0, 0, 0, 0, 1, 1, 4, 0, 0, 0, 2, 0, 1.0, 0, 0, 1, 0, 0, 0, 1.4649430513381958, 0.0], [1, 0, 1, 0.0, 1, 1, 8, 4, 11, 1, 0, 1, 1, 1, 2, 4, 0, 0, 0, 3, 1, 1.0, 0, 0, 1, 0, 0, 0, -12.91457462310791, 29.14444351196289], [1, 0, 1, 0.0, 1, 1, 8, 4, 11, 1, 0, 1, 1, 1, 2, 4, 0, 0, 0, 3, 1, 1.0, 0, 0, 1, 0, 0, 0, -12.91457462310791, 29.14444351196289], [1, 0, 1, 0.0, 1, 1, 8, 4, 11, 1, 0, 1, 1, 1, 2, 4, 0, 0, 0, 3, 1, 1.0, 0, 0, 1, 0, 0, 0, -12.91457462310791, 29.14444351196289], [1, 0, 1, 0.0, 1, 0, 8, 3, 10, 1, 0, 1, 1, 1, 1, 4, 0, 0, 0, 2, 1, 1.0, 0, 0, 0, 0, 0, 0, -6.940850734710693, 0.0], [1, 0, 1, 0.0, 1, 0, 8, 3, 10, 1, 0, 1, 1, 1, 1, 4, 0, 0, 0, 2, 1, 1.0, 0, 0, 0, 0, 0, 0, -6.940850734710693, 0.0], [0, 0, 0, 0.015628039836883545, 0, 1, 8, 3, 10, 0, 0, 1, 1, 1, 1, 5, 0, 0, 0, 2, 0, 1.0, 0, 0, 1, 0, 0, 0, -4.89547872543335, 2.856095790863037], [0, 0, 0, 0.015628039836883545, 0, 1, 8, 3, 10, 0, 0, 1, 1, 1, 1, 5, 0, 0, 0, 2, 0, 1.0, 0, 0, 1, 0, 0, 0, -4.89547872543335, 2.856095790863037], [1, 0, 1, 0.6379182934761047, 1, 0, 8, 3, 10, 1, 0, 1, 1, 1, 1, 3, 0, 0, 0, 2, 1, 1.0, 0, 0, 0, 0, 0, 0, -6.940850734710693, 0.0], [1, 0, 1, 0.6379182934761047, 1, 0, 8, 3, 10, 1, 0, 1, 1, 1, 1, 3, 0, 0, 0, 2, 1, 1.0, 0, 0, 0, 0, 0, 0, -6.940850734710693, 0.0], [0, 0, 0, 0.0, 0, 1, 8, 3, 10, 0, 0, 1, 1, 1, 1, 5, 0, 0, 0, 2, 0, 1.0, 0, 0, 1, 0, 0, 0, 1.8699703216552734, 0.0], [0, 0, 0, 0.0, 0, 1, 8, 3, 10, 0, 0, 1, 1, 1, 1, 5, 0, 0, 0, 2, 0, 1.0, 0, 0, 1, 0, 0, 0, 1.8699703216552734, 0.0], [1, 0, 1, 0.0, 1, 0, 8, 3, 10, 1, 0, 1, 1, 1, 1, 3, 0, 0, 0, 2, 1, 1.0, 0, 0, 0, 0, 0, 0, -6.940850734710693, 0.0], [1, 0, 1, 0.0, 1, 0, 8, 3, 10, 1, 0, 1, 1, 1, 1, 3, 0, 0, 0, 2, 1, 1.0, 0, 0, 0, 0, 0, 0, -6.940850734710693, 0.0], [1, 0, 1, 0.0, 1, 0, 8, 3, 10, 1, 0, 1, 1, 1, 1, 2, 0, 0, 0, 2, 1, 1.0, 0, 0, 0, 0, 0, 0, -6.940850734710693, 0.0], [1, 0, 1, 0.0, 1, 0, 8, 3, 10, 1, 0, 1, 1, 1, 1, 2, 0, 0, 0, 2, 1, 1.0, 0, 0, 0, 0, 0, 0, -6.940850734710693, 0.0], [1, 0, 1, 3.5762786865234375e-07, 1, 0, 8, 3, 10, 1, 0, 1, 1, 1, 1, 4, 0, 0, 0, 2, 1, 1.0, 0, 0, 0, 0, 0, 0, -6.940850734710693, 0.0], [1, 0, 1, 3.5762786865234375e-07, 1, 0, 8, 3, 10, 1, 0, 1, 1, 1, 1, 4, 0, 0, 0, 2, 1, 1.0, 0, 0, 0, 0, 0, 0, -6.940850734710693, 0.0], [1, 0, 1, 0.0, 1, 0, 8, 3, 10, 1, 0, 1, 1, 1, 1, 5, 0, 0, 0, 2, 1, 1.0, 0, 0, 0, 0, 0, 0, -6.940850734710693, 0.0], [1, 0, 1, 0.0, 1, 0, 8, 3, 10, 1, 1, 1, 1, 1, 1, 5, 0, 0, 0, 2, 1, 1.0, 0, 0, 0, 0, 0, 0, -6.940850734710693, 0.0], [1, 0, 1, 0.42962801456451416, 1, 0, 8, 3, 10, 1, 0, 1, 1, 1, 1, 3, 0, 0, 0, 2, 1, 1.0, 0, 0, 0, 0, 0, 0, -6.940850734710693, 0.0], [1, 0, 1, 0.42962801456451416, 1, 0, 8, 3, 10, 1, 0, 1, 1, 1, 1, 3, 0, 0, 0, 2, 1, 1.0, 0, 0, 0, 0, 0, 0, -6.940850734710693, 0.0], [0, 0, 1, 0.005282342433929443, 0, 0, 8, 9, 16, 0, 0, 1, 1, 1, 7, 5, 0, 0, 0, 8, 0, 1.0, 0, 0, 0, 0, 0, 0, -21.51616096496582, 0.0], [0, 0, 1, 0.005282342433929443, 0, 0, 8, 9, 16, 0, 0, 1, 1, 1, 7, 5, 0, 0, 0, 8, 0, 1.0, 0, 0, 0, 0, 0, 0, -21.51616096496582, 0.0], [0, 0, 1, 0.005282342433929443, 0, 0, 8, 9, 16, 0, 0, 1, 1, 1, 7, 5, 0, 0, 0, 8, 0, 1.0, 0, 0, 0, 0, 0, 0, -21.51616096496582, 0.0], [0, 0, 1, 0.005282342433929443, 0, 0, 8, 9, 16, 0, 0, 1, 1, 1, 7, 5, 0, 0, 0, 8, 0, 1.0, 0, 0, 0, 0, 0, 0, -21.912914276123047, 0.0], [0, 0, 1, 0.005282342433929443, 0, 0, 8, 9, 16, 0, 0, 1, 1, 1, 7, 5, 0, 0, 0, 8, 0, 1.0, 0, 0, 0, 0, 0, 0, -21.912914276123047, 0.0], [0, 0, 1, 0.005282342433929443, 0, 0, 8, 9, 16, 0, 0, 1, 1, 1, 7, 5, 0, 0, 0, 8, 0, 1.0, 0, 0, 0, 0, 0, 0, -21.862207412719727, 0.0], [0, 0, 1, 0.005282342433929443, 0, 0, 8, 9, 16, 0, 0, 1, 1, 1, 7, 5, 0, 0, 0, 8, 0, 1.0, 0, 0, 0, 0, 0, 0, -21.862207412719727, 0.0], [0, 0, 1, 0.005282342433929443, 0, 0, 8, 9, 16, 0, 0, 1, 1, 1, 7, 5, 0, 0, 0, 8, 0, 1.0, 0, 0, 0, 0, 0, 0, -21.78490447998047, 0.0], [1, 0, 1, 0.0, 1, 0, 8, 3, 10, 1, 0, 1, 1, 1, 1, 3, 0, 0, 0, 2, 1, 1.0, 0, 0, 0, 0, 0, 0, -6.940850734710693, 0.0], [1, 0, 1, 0.0, 1, 0, 8, 3, 10, 1, 0, 1, 1, 1, 1, 3, 0, 0, 0, 2, 1, 1.0, 0, 0, 0, 0, 0, 0, -6.940850734710693, 0.0], [1, 0, 1, 0.0, 1, 0, 8, 3, 10, 1, 0, 1, 1, 1, 1, 4, 0, 0, 0, 2, 1, 1.0, 0, 0, 0, 0, 0, 0, -6.940850734710693, 0.0], [1, 0, 1, 0.0, 1, 0, 8, 3, 10, 1, 0, 1, 1, 1, 1, 4, 0, 0, 0, 2, 1, 1.0, 0, 0, 0, 0, 0, 0, -6.940850734710693, 0.0], [0, 0, 0, 0.024625495076179504, 0, 1, 8, 3, 10, 0, 0, 1, 1, 1, 1, 5, 0, 0, 0, 2, 0, 1.0, 0, 0, 1, 0, 0, 0, -4.89547872543335, 0.0], [0, 0, 0, 0.024625495076179504, 0, 1, 8, 3, 10, 0, 0, 1, 1, 1, 1, 5, 0, 0, 0, 2, 0, 1.0, 0, 0, 1, 0, 0, 0, -4.89547872543335, 0.0], [1, 0, 1, 0.0, 1, 0, 8, 3, 10, 1, 0, 1, 1, 1, 1, 3, 0, 0, 0, 2, 1, 1.0, 0, 0, 0, 0, 0, 0, -6.940850734710693, 0.0], [1, 0, 1, 0.0, 1, 0, 8, 3, 10, 1, 1, 1, 1, 1, 1, 3, 0, 0, 0, 2, 1, 1.0, 0, 0, 0, 0, 0, 0, -6.940850734710693, 0.0], [0, 0, 0, 0.17767345905303955, 0, 1, 8, 3, 10, 0, 0, 1, 1, 1, 1, 5, 0, 0, 0, 2, 0, 1.0, 0, 0, 1, 0, 0, 0, 5.288614273071289, 0.0], [0, 0, 0, 0.17767345905303955, 0, 1, 8, 3, 10, 0, 0, 1, 1, 1, 1, 5, 0, 0, 0, 2, 0, 1.0, 0, 0, 1, 0, 0, 0, 5.288614273071289, 0.0], [1, 0, 1, 0.4774307608604431, 1, 0, 8, 3, 10, 1, 0, 1, 1, 1, 1, 3, 0, 0, 0, 2, 1, 1.0, 0, 0, 0, 0, 0, 0, -6.940850734710693, 0.0], [1, 0, 1, 0.4774307608604431, 1, 0, 8, 3, 10, 1, 0, 1, 1, 1, 1, 4, 0, 0, 0, 2, 1, 1.0, 0, 0, 0, 0, 0, 0, -6.940850734710693, 0.0], [1, 0, 1, 0.0, 1, 0, 8, 3, 10, 1, 0, 1, 1, 1, 1, 3, 0, 0, 0, 2, 1, 1.0, 0, 0, 0, 0, 0, 0, -6.940850734710693, 0.0], [1, 0, 1, 0.0, 1, 0, 8, 3, 10, 1, 1, 1, 1, 1, 1, 3, 0, 0, 0, 2, 1, 1.0, 0, 0, 0, 0, 0, 0, -6.940850734710693, 0.0], [1, 0, 0, 0.046724140644073486, 0, 1, 8, 3, 10, 1, 0, 1, 1, 1, 1, 4, 0, 0, 0, 2, 0, 1.0, 0, 0, 1, 0, 0, 0, 1.8699703216552734, 0.0], [1, 0, 0, 0.046724140644073486, 0, 1, 8, 3, 10, 1, 0, 1, 1, 1, 1, 4, 0, 0, 0, 2, 0, 1.0, 0, 0, 1, 0, 0, 0, 1.8699703216552734, 0.0], [1, 0, 1, 0.0, 1, 0, 8, 3, 10, 1, 0, 1, 1, 1, 1, 5, 0, 0, 0, 2, 1, 1.0, 0, 0, 0, 0, 0, 0, -6.940850734710693, 0.0], [1, 0, 1, 0.0, 1, 0, 8, 3, 10, 1, 0, 1, 1, 1, 1, 5, 0, 0, 0, 2, 1, 1.0, 0, 0, 0, 0, 0, 0, -6.940850734710693, 0.0], [1, 0, 1, 0.5612908601760864, 1, 0, 8, 3, 10, 1, 0, 1, 1, 1, 1, 3, 0, 0, 0, 2, 1, 1.0, 0, 0, 0, 0, 0, 0, -6.940850734710693, 0.0], [1, 0, 1, 0.5612908601760864, 1, 0, 8, 3, 10, 1, 0, 1, 1, 1, 1, 3, 0, 0, 0, 2, 1, 1.0, 0, 0, 0, 0, 0, 0, -6.940850734710693, 0.0], [1, 0, 1, 0.0, 1, 0, 8, 3, 10, 1, 0, 1, 1, 1, 1, 3, 0, 0, 0, 2, 1, 1.0, 0, 0, 0, 0, 0, 0, -6.940850734710693, 0.0], [1, 0, 1, 0.0, 1, 0, 8, 3, 10, 1, 0, 1, 1, 1, 1, 3, 0, 0, 0, 2, 1, 1.0, 0, 0, 0, 0, 0, 0, -6.940850734710693, 0.0], [1, 0, 1, 0.0, 1, 0, 8, 3, 10, 1, 0, 1, 1, 1, 1, 5, 0, 0, 0, 2, 1, 1.0, 0, 0, 0, 0, 0, 0, -6.940850734710693, 0.0], [1, 0, 1, 0.0, 1, 0, 8, 3, 10, 1, 0, 1, 1, 1, 1, 5, 0, 0, 0, 2, 1, 1.0, 0, 0, 0, 0, 0, 0, -6.940850734710693, 0.0], [1, 0, 1, 0.0, 1, 0, 8, 3, 10, 1, 0, 1, 1, 1, 1, 3, 0, 0, 0, 2, 1, 1.0, 0, 0, 0, 0, 0, 0, -6.940850734710693, 0.0], [1, 0, 1, 0.0, 1, 0, 8, 3, 10, 1, 0, 1, 1, 1, 1, 3, 0, 0, 0, 2, 1, 1.0, 0, 0, 0, 0, 0, 0, -6.940850734710693, 0.0], [0, 0, 1, 0.3534530997276306, 0, 0, 8, 4, 11, 0, 0, 1, 1, 1, 2, 5, 0, 0, 0, 3, 0, 1.0, 0, 0, 0, 0, 0, 0, -15.343499183654785, 0.0], [0, 0, 1, 0.3534530997276306, 0, 0, 8, 4, 11, 0, 0, 1, 1, 1, 2, 5, 0, 0, 0, 3, 0, 1.0, 0, 0, 0, 0, 0, 0, -15.343499183654785, 0.0], [0, 0, 1, 0.3534530997276306, 0, 0, 8, 4, 11, 0, 0, 1, 1, 1, 2, 5, 0, 0, 0, 3, 0, 1.0, 0, 0, 0, 0, 0, 0, -15.343499183654785, 0.0], [1, 0, 1, 0.5619637370109558, 1, 0, 8, 3, 10, 1, 0, 1, 1, 1, 1, 5, 0, 0, 0, 2, 1, 1.0, 0, 0, 0, 0, 0, 0, -6.940850734710693, 0.0], [1, 0, 1, 0.5619637370109558, 1, 0, 8, 3, 10, 1, 0, 1, 1, 1, 1, 5, 0, 0, 0, 2, 1, 1.0, 0, 0, 0, 0, 0, 0, -6.940850734710693, 0.0], [1, 0, 1, 0.0, 1, 0, 8, 3, 10, 1, 0, 1, 1, 1, 1, 3, 0, 0, 0, 2, 1, 1.0, 0, 0, 0, 0, 0, 0, -6.940850734710693, 0.0], [1, 0, 1, 0.0, 1, 0, 8, 3, 10, 1, 0, 1, 1, 1, 1, 3, 0, 0, 0, 2, 1, 1.0, 0, 0, 0, 0, 0, 0, -6.940850734710693, 0.0], [1, 0, 1, 0.0, 1, 0, 8, 3, 10, 1, 0, 1, 1, 1, 1, 3, 0, 0, 0, 2, 1, 1.0, 0, 0, 0, 0, 0, 0, -6.940850734710693, 0.0], [1, 0, 1, 0.0, 1, 0, 8, 3, 10, 1, 0, 1, 1, 1, 1, 3, 0, 0, 0, 2, 1, 1.0, 0, 0, 0, 0, 0, 0, -6.940850734710693, 0.0], [1, 0, 1, 0.0, 1, 1, 8, 4, 11, 1, 0, 1, 1, 1, 2, 5, 0, 0, 0, 3, 1, 1.0, 0, 0, 1, 0, 0, 0, -12.91457462310791, 27.541889190673828], [1, 0, 1, 0.0, 1, 1, 8, 4, 11, 1, 0, 1, 1, 1, 2, 5, 0, 0, 0, 3, 1, 1.0, 0, 0, 1, 0, 0, 0, -12.91457462310791, 27.541889190673828], [1, 0, 1, 0.0, 1, 1, 8, 4, 11, 1, 0, 1, 1, 1, 2, 5, 0, 0, 0, 3, 1, 1.0, 0, 0, 1, 0, 0, 0, -12.91457462310791, 27.541889190673828], [1, 0, 1, 0.5619637370109558, 1, 1, 8, 4, 11, 1, 0, 1, 1, 1, 2, 5, 0, 0, 0, 3, 1, 1.0, 0, 0, 1, 0, 0, 0, -24.11260414123535, 27.140012741088867], [1, 0, 1, 0.5619637370109558, 1, 1, 8, 4, 11, 1, 0, 1, 1, 1, 2, 5, 0, 0, 0, 3, 1, 1.0, 0, 0, 1, 0, 0, 0, -24.842575073242188, 26.849895477294922], [1, 0, 1, 0.5619637370109558, 1, 1, 8, 4, 11, 1, 0, 1, 1, 1, 2, 5, 0, 0, 0, 3, 1, 1.0, 0, 0, 1, 0, 0, 0, -24.842575073242188, 26.849895477294922], [1, 0, 1, 0.0, 1, 0, 8, 3, 10, 1, 0, 1, 1, 1, 1, 2, 0, 0, 0, 2, 1, 1.0, 0, 0, 0, 0, 0, 0, -6.940850734710693, 0.0], [1, 0, 1, 0.0, 1, 0, 8, 3, 10, 1, 0, 1, 1, 1, 1, 2, 0, 0, 0, 2, 1, 1.0, 0, 0, 0, 0, 0, 0, -6.940850734710693, 0.0], [1, 0, 1, 0.0, 1, 0, 8, 3, 10, 1, 0, 1, 1, 1, 1, 2, 0, 0, 0, 2, 1, 1.0, 0, 0, 0, 0, 0, 0, -6.940850734710693, 0.0], [1, 0, 1, 0.0, 1, 0, 8, 3, 10, 1, 0, 1, 1, 1, 1, 2, 0, 0, 0, 2, 1, 1.0, 0, 0, 0, 0, 0, 0, -6.940850734710693, 0.0], [0, 0, 0, 0.0, 0, 1, 8, 3, 10, 0, 0, 1, 1, 1, 1, 5, 0, 0, 0, 2, 0, 1.0, 0, 0, 1, 0, 0, 0, 5.288614273071289, 3.4186439514160156], [0, 0, 0, 0.0, 0, 1, 8, 3, 10, 0, 0, 1, 1, 1, 1, 5, 0, 0, 0, 2, 0, 1.0, 0, 0, 1, 0, 0, 0, 5.288614273071289, 3.4186439514160156], [1, 0, 1, 0.0, 1, 0, 8, 3, 10, 1, 0, 1, 1, 1, 1, 3, 0, 0, 0, 2, 1, 1.0, 0, 0, 0, 0, 0, 0, -6.940850734710693, 0.0], [1, 0, 1, 0.0, 1, 0, 8, 3, 10, 1, 1, 1, 1, 1, 1, 3, 0, 0, 0, 2, 1, 1.0, 0, 0, 0, 0, 0, 0, -6.940850734710693, 0.0], [1, 0, 1, 0.0, 1, 1, 8, 7, 14, 1, 0, 1, 1, 1, 5, 4, 0, 0, 0, 6, 1, 1.0, 0, 0, 1, 0, 0, 0, -21.59283447265625, 23.162853240966797], [1, 0, 1, 0.0, 1, 1, 8, 7, 14, 1, 0, 1, 1, 1, 5, 4, 0, 0, 0, 6, 1, 1.0, 0, 0, 1, 0, 0, 0, -21.59283447265625, 23.162853240966797], [1, 0, 1, 0.0, 1, 1, 8, 7, 14, 1, 0, 1, 1, 1, 5, 4, 0, 0, 0, 6, 1, 1.0, 0, 0, 1, 0, 0, 0, -21.59283447265625, 23.162853240966797], [1, 0, 1, 0.0, 1, 1, 8, 7, 14, 1, 0, 1, 1, 1, 5, 4, 0, 0, 0, 6, 1, 1.0, 0, 0, 1, 0, 0, 0, -21.620458602905273, 23.58806037902832], [1, 0, 1, 0.0, 1, 1, 8, 7, 14, 1, 0, 1, 1, 1, 5, 4, 0, 0, 0, 6, 1, 1.0, 0, 0, 1, 0, 0, 0, -21.620458602905273, 23.58806037902832], [1, 0, 1, 0.0, 1, 1, 8, 7, 14, 1, 0, 1, 1, 1, 5, 4, 0, 0, 0, 6, 1, 1.0, 0, 0, 1, 0, 0, 0, -21.620458602905273, 23.58806037902832], [1, 0, 1, 0.7743719965219498, 1, 0, 8, 3, 10, 1, 0, 1, 1, 1, 1, 5, 0, 0, 0, 2, 1, 1.0, 0, 0, 0, 0, 0, 0, -6.940850734710693, 0.0], [1, 0, 1, 0.7743719965219498, 1, 0, 8, 3, 10, 1, 0, 1, 1, 1, 1, 5, 0, 0, 0, 2, 1, 1.0, 0, 0, 0, 0, 0, 0, -6.940850734710693, 0.0], [1, 0, 1, 0.0, 1, 0, 8, 3, 10, 1, 0, 1, 1, 1, 1, 5, 0, 0, 0, 2, 1, 1.0, 0, 0, 0, 0, 0, 0, -6.940850734710693, 0.0], [1, 0, 1, 0.0, 1, 0, 8, 3, 10, 1, 0, 1, 1, 1, 1, 5, 0, 0, 0, 2, 1, 1.0, 0, 0, 0, 0, 0, 0, -6.940850734710693, 0.0], [0, 0, 0, 0.047331392765045166, 0, 1, 8, 3, 10, 0, 0, 1, 1, 1, 1, 4, 0, 0, 0, 2, 0, 1.0, 0, 0, 1, 0, 0, 0, 5.288614273071289, 0.0], [0, 0, 0, 0.047331392765045166, 0, 1, 8, 3, 10, 0, 0, 1, 1, 1, 1, 4, 0, 0, 0, 2, 0, 1.0, 0, 0, 1, 0, 0, 0, 5.288614273071289, 0.0], [0, 0, 0, 0.014903455972671509, 0, 1, 8, 3, 10, 0, 0, 1, 1, 1, 1, 4, 0, 0, 0, 2, 0, 1.0, 0, 0, 1, 0, 0, 0, 5.288614273071289, 0.0], [0, 0, 0, 0.014903455972671509, 0, 1, 8, 3, 10, 0, 0, 1, 1, 1, 1, 4, 0, 0, 0, 2, 0, 1.0, 0, 0, 1, 0, 0, 0, 5.288614273071289, 0.0], [1, 0, 1, 0.0, 1, 0, 8, 3, 10, 1, 0, 1, 1, 1, 1, 2, 0, 0, 0, 2, 1, 1.0, 0, 0, 0, 0, 0, 0, -6.940850734710693, 0.0], [1, 0, 1, 0.0, 1, 0, 8, 3, 10, 1, 0, 1, 1, 1, 1, 2, 0, 0, 0, 2, 1, 1.0, 0, 0, 0, 0, 0, 0, -6.940850734710693, 0.0], [1, 0, 1, 0.0, 1, 0, 8, 3, 10, 1, 0, 1, 1, 1, 1, 4, 0, 0, 0, 2, 1, 1.0, 0, 0, 0, 0, 0, 0, -17.67337989807129, 0.0], [1, 0, 1, 0.0, 1, 0, 8, 3, 10, 1, 0, 1, 1, 1, 1, 4, 0, 0, 0, 2, 1, 1.0, 0, 0, 0, 0, 0, 0, -17.67337989807129, 0.0], [1, 0, 1, 0.3487321138381958, 1, 0, 8, 3, 10, 1, 0, 1, 1, 1, 1, 5, 0, 0, 0, 2, 1, 1.0, 0, 0, 0, 0, 0, 0, -6.940850734710693, 0.0], [1, 0, 1, 0.3487321138381958, 1, 0, 8, 3, 10, 1, 0, 1, 1, 1, 1, 5, 0, 0, 0, 2, 1, 1.0, 0, 0, 0, 0, 0, 0, -6.940850734710693, 0.0], [0, 0, 0, 0.010106027126312256, 0, 1, 8, 3, 10, 0, 0, 1, 1, 1, 1, 5, 0, 0, 0, 2, 0, 1.0, 0, 0, 1, 0, 0, 0, -4.89547872543335, 0.0], [0, 0, 0, 0.010106027126312256, 0, 1, 8, 3, 10, 0, 0, 1, 1, 1, 1, 5, 0, 0, 0, 2, 0, 1.0, 0, 0, 1, 0, 0, 0, -4.89547872543335, 0.0], [1, 0, 1, 0.3200918436050415, 1, 0, 8, 3, 10, 1, 0, 1, 1, 1, 1, 5, 0, 0, 0, 2, 1, 1.0, 0, 0, 0, 0, 0, 0, -6.940850734710693, 0.0], [1, 0, 1, 0.3200918436050415, 1, 0, 8, 3, 10, 1, 0, 1, 1, 1, 1, 5, 0, 0, 0, 2, 1, 1.0, 0, 0, 0, 0, 0, 0, -6.940850734710693, 0.0], [1, 0, 1, 0.0, 1, 0, 8, 3, 10, 1, 0, 1, 1, 1, 1, 2, 0, 0, 0, 2, 1, 1.0, 0, 0, 0, 0, 0, 0, -6.940850734710693, 0.0], [1, 0, 1, 0.0, 1, 0, 8, 3, 10, 1, 0, 1, 1, 1, 1, 2, 0, 0, 0, 2, 1, 1.0, 0, 0, 0, 0, 0, 0, -6.940850734710693, 0.0], [1, 0, 1, 0.3200918436050415, 1, 0, 8, 3, 10, 1, 0, 1, 1, 1, 1, 5, 0, 0, 0, 2, 1, 1.0, 0, 0, 0, 0, 0, 0, -6.940850734710693, 0.0], [1, 0, 1, 0.3200918436050415, 1, 0, 8, 3, 10, 1, 0, 1, 1, 1, 1, 5, 0, 0, 0, 2, 1, 1.0, 0, 0, 0, 0, 0, 0, -6.940850734710693, 0.0], [1, 0, 1, 0.0, 1, 0, 8, 3, 10, 1, 0, 1, 1, 1, 1, 3, 0, 0, 0, 2, 1, 1.0, 0, 0, 0, 0, 0, 0, -6.940850734710693, 0.0], [1, 0, 1, 0.0, 1, 0, 8, 3, 10, 1, 1, 1, 1, 1, 1, 3, 0, 0, 0, 2, 1, 1.0, 0, 0, 0, 0, 0, 0, -6.940850734710693, 0.0], [1, 0, 1, 0.6153692156076431, 1, 0, 8, 4, 11, 1, 0, 1, 1, 1, 2, 2, 0, 0, 0, 3, 0, 1.0, 0, 0, 0, 0, 0, 0, -25.984310150146484, 0.0], [1, 0, 1, 0.6153692156076431, 1, 0, 8, 4, 11, 1, 0, 1, 1, 1, 2, 2, 0, 0, 0, 3, 0, 1.0, 0, 0, 0, 0, 0, 0, -25.984310150146484, 0.0], [1, 0, 1, 0.6153692156076431, 1, 0, 8, 4, 11, 1, 0, 1, 1, 1, 2, 2, 0, 0, 0, 3, 0, 1.0, 0, 0, 0, 0, 0, 0, -25.984310150146484, 0.0], [0, 0, 0, 0.032771527767181396, 0, 1, 8, 3, 10, 0, 0, 1, 1, 1, 1, 5, 0, 0, 0, 2, 0, 1.0, 0, 0, 1, 0, 0, 0, 5.288614273071289, 0.0], [0, 0, 0, 0.032771527767181396, 0, 1, 8, 3, 10, 0, 0, 1, 1, 1, 1, 5, 0, 0, 0, 2, 0, 1.0, 0, 0, 1, 0, 0, 0, 5.288614273071289, 0.0], [1, 0, 1, 0.0, 1, 0, 8, 3, 10, 1, 0, 1, 1, 1, 1, 4, 0, 0, 0, 2, 1, 1.0, 0, 0, 0, 0, 0, 0, -6.940850734710693, 0.0], [1, 0, 1, 0.0, 1, 0, 8, 3, 10, 1, 0, 1, 1, 1, 1, 4, 0, 0, 0, 2, 1, 1.0, 0, 0, 0, 0, 0, 0, -6.940850734710693, 0.0], [1, 0, 1, 0.0, 1, 0, 8, 3, 10, 1, 0, 1, 1, 1, 1, 3, 0, 0, 0, 2, 1, 1.0, 0, 0, 0, 0, 0, 0, -6.940850734710693, 0.0], [1, 0, 1, 0.0, 1, 0, 8, 3, 10, 1, 0, 1, 1, 1, 1, 3, 0, 0, 0, 2, 1, 1.0, 0, 0, 0, 0, 0, 0, -6.940850734710693, 0.0], [1, 0, 1, 0.0, 1, 0, 8, 3, 10, 1, 0, 1, 1, 1, 1, 3, 0, 0, 0, 2, 1, 1.0, 0, 0, 0, 0, 0, 0, -6.940850734710693, 0.0], [1, 0, 1, 0.0, 1, 0, 8, 3, 10, 1, 0, 1, 1, 1, 1, 3, 0, 0, 0, 2, 1, 1.0, 0, 0, 0, 0, 0, 0, -6.940850734710693, 0.0], [1, 0, 1, 0.0, 1, 0, 8, 4, 11, 1, 0, 1, 1, 1, 2, 3, 0, 0, 0, 3, 1, 1.0, 0, 0, 0, 0, 0, 0, -15.343499183654785, 0.0], [1, 0, 1, 0.0, 1, 0, 8, 4, 11, 1, 0, 1, 1, 1, 2, 3, 0, 0, 0, 3, 1, 1.0, 0, 0, 0, 0, 0, 0, -15.343499183654785, 0.0], [1, 0, 1, 0.0, 1, 0, 8, 4, 11, 1, 0, 1, 1, 1, 2, 3, 0, 0, 0, 3, 1, 1.0, 0, 0, 0, 0, 0, 0, -15.343499183654785, 0.0], [1, 0, 1, 0.0, 1, 0, 8, 3, 10, 1, 1, 1, 1, 1, 1, 3, 0, 0, 0, 2, 1, 1.0, 0, 0, 0, 0, 0, 0, -6.940850734710693, 0.0], [1, 0, 1, 0.0, 1, 0, 8, 3, 10, 1, 0, 1, 1, 1, 1, 3, 0, 0, 0, 2, 1, 1.0, 0, 0, 0, 0, 0, 0, -6.940850734710693, 0.0], [1, 0, 0, 0.14807116985321045, 0, 1, 8, 3, 10, 1, 0, 1, 1, 1, 1, 4, 0, 0, 0, 2, 1, 1.0, 0, 0, 2, 0, 0, 0, 4.633364677429199, 2.763394355773926], [1, 0, 0, 0.14807116985321045, 0, 1, 8, 3, 10, 1, 0, 1, 1, 1, 1, 4, 0, 0, 0, 2, 1, 1.0, 0, 0, 2, 0, 0, 0, 4.633364677429199, 2.763394355773926], [0, 0, 0, 0.06537401676177979, 0, 1, 8, 3, 10, 0, 0, 1, 1, 1, 1, 5, 0, 0, 0, 2, 0, 1.0, 0, 0, 1, 0, 0, 0, 1.8699723482131958, 2.0265579223632812e-06], [0, 0, 0, 0.06537401676177979, 0, 1, 8, 3, 10, 0, 0, 1, 1, 1, 1, 5, 0, 0, 0, 2, 0, 1.0, 0, 0, 1, 0, 0, 0, 1.8699723482131958, 2.0265579223632812e-06], [0, 0, 0, 0.0, 0, 1, 8, 3, 10, 0, 0, 1, 1, 1, 1, 5, 0, 0, 0, 2, 0, 1.0, 0, 0, 1, 0, 0, 0, 1.8699703216552734, 0.0], [0, 0, 0, 0.0, 0, 1, 8, 3, 10, 0, 0, 1, 1, 1, 1, 5, 0, 0, 0, 2, 0, 1.0, 0, 0, 1, 0, 0, 0, 1.8699703216552734, 0.0], [0, 0, 0, 0.09334397315979004, 0, 1, 8, 3, 10, 0, 0, 1, 1, 1, 1, 5, 0, 0, 0, 2, 0, 1.0, 0, 0, 1, 0, 0, 0, 1.8699723482131958, 2.0265579223632812e-06], [0, 0, 0, 0.09334397315979004, 0, 1, 8, 3, 10, 0, 0, 1, 1, 1, 1, 5, 0, 0, 0, 2, 0, 1.0, 0, 0, 1, 0, 0, 0, 1.8699703216552734, 0.0], [1, 0, 1, 0.8167538344860077, 1, 0, 8, 4, 11, 1, 0, 1, 1, 1, 2, 3, 0, 0, 0, 3, 1, 1.0, 0, 0, 0, 0, 0, 0, -15.343499183654785, 0.0], [1, 0, 1, 0.8167538344860077, 1, 0, 8, 4, 11, 1, 0, 1, 1, 1, 2, 3, 0, 0, 0, 3, 1, 1.0, 0, 0, 0, 0, 0, 0, -15.343499183654785, 0.0], [1, 0, 1, 0.8167538344860077, 1, 0, 8, 4, 11, 1, 0, 1, 1, 1, 2, 3, 0, 0, 0, 3, 1, 1.0, 0, 0, 0, 0, 0, 0, -15.343499183654785, 0.0], [0, 0, 0, 0.008977502584457397, 0, 1, 8, 3, 10, 0, 0, 1, 1, 1, 1, 5, 0, 0, 0, 2, 0, 1.0, 0, 0, 1, 0, 0, 0, 1.8699703216552734, 0.0], [0, 0, 0, 0.008977502584457397, 0, 1, 8, 3, 10, 0, 0, 1, 1, 1, 1, 5, 0, 0, 0, 2, 0, 1.0, 0, 0, 1, 0, 0, 0, 1.8699703216552734, 0.0], [1, 0, 1, 0.0, 1, 0, 8, 3, 10, 1, 0, 1, 1, 1, 1, 2, 0, 0, 0, 2, 1, 1.0, 0, 0, 0, 0, 0, 0, -6.940850734710693, 0.0], [1, 0, 1, 0.0, 1, 0, 8, 3, 10, 1, 0, 1, 1, 1, 1, 2, 0, 0, 0, 2, 1, 1.0, 0, 0, 0, 0, 0, 0, -6.940850734710693, 0.0], [1, 0, 1, 0.0, 1, 0, 8, 3, 10, 1, 0, 1, 1, 1, 1, 6, 0, 0, 0, 2, 1, 1.0, 0, 0, 0, 0, 0, 0, -6.940850734710693, 0.0], [1, 0, 1, 0.0, 1, 0, 8, 3, 10, 1, 0, 1, 1, 1, 1, 6, 0, 0, 0, 2, 1, 1.0, 0, 0, 0, 0, 0, 0, -6.940850734710693, 0.0], [0, 0, 0, 0.00615808367729187, 0, 1, 8, 3, 10, 0, 0, 1, 1, 1, 1, 5, 0, 0, 0, 2, 0, 1.0, 0, 0, 2, 0, 0, 0, 5.288614273071289, 0.0], [0, 0, 0, 0.00615808367729187, 0, 1, 8, 3, 10, 0, 0, 1, 1, 1, 1, 5, 0, 0, 0, 2, 0, 1.0, 0, 0, 2, 0, 0, 0, 5.288614273071289, 0.0], [1, 0, 1, 0.7842605412006378, 1, 1, 8, 6, 13, 1, 1, 1, 1, 1, 4, 4, 0, 0, 0, 5, 1, 1.0, 0, 0, 1, 0, 0, 0, -19.147605895996094, 20.814380645751953], [1, 0, 1, 0.7842605412006378, 1, 1, 8, 6, 13, 1, 0, 1, 1, 1, 4, 4, 0, 0, 0, 5, 1, 1.0, 0, 0, 1, 0, 0, 0, -19.147605895996094, 20.814380645751953], [1, 0, 1, 0.7842605412006378, 1, 1, 8, 6, 13, 1, 0, 1, 1, 1, 4, 4, 0, 0, 0, 5, 1, 1.0, 0, 0, 1, 0, 0, 0, -19.147605895996094, 20.814380645751953], [1, 0, 1, 0.7842605412006378, 1, 1, 8, 6, 13, 1, 0, 1, 1, 1, 4, 4, 0, 0, 0, 5, 1, 1.0, 0, 0, 1, 0, 0, 0, -19.147605895996094, 20.814380645751953], [1, 0, 1, 0.7842605412006378, 1, 1, 8, 6, 13, 1, 0, 1, 1, 1, 4, 4, 0, 0, 0, 5, 1, 1.0, 0, 0, 1, 0, 0, 0, -19.147605895996094, 20.814380645751953], [1, 0, 1, 0.0, 1, 0, 8, 3, 10, 1, 0, 1, 1, 1, 1, 3, 0, 0, 0, 2, 1, 1.0, 0, 0, 0, 0, 0, 0, -6.940850734710693, 0.0], [1, 0, 1, 0.0, 1, 0, 8, 3, 10, 1, 0, 1, 1, 1, 1, 3, 0, 0, 0, 2, 1, 1.0, 0, 0, 0, 0, 0, 0, -6.940850734710693, 0.0], [1, 0, 1, 0.7842612564563751, 1, 0, 8, 3, 10, 1, 0, 1, 1, 1, 1, 4, 0, 0, 0, 2, 1, 1.0, 0, 0, 0, 0, 0, 0, -6.940850734710693, 0.0], [1, 0, 1, 0.7842612564563751, 1, 0, 8, 3, 10, 1, 0, 1, 1, 1, 1, 4, 0, 0, 0, 2, 1, 1.0, 0, 0, 0, 0, 0, 0, -6.940850734710693, 0.0], [1, 0, 1, 0.0, 1, 0, 8, 3, 10, 1, 0, 1, 1, 1, 1, 3, 0, 0, 0, 2, 1, 1.0, 0, 0, 0, 0, 0, 0, -6.940850734710693, 0.0], [1, 0, 1, 0.0, 1, 0, 8, 3, 10, 1, 0, 1, 1, 1, 1, 3, 0, 0, 0, 2, 1, 1.0, 0, 0, 0, 0, 0, 0, -6.940850734710693, 0.0], [1, 0, 1, 0.5612908601760864, 1, 0, 8, 3, 10, 1, 0, 1, 1, 1, 1, 3, 0, 0, 0, 2, 1, 1.0, 0, 0, 0, 0, 0, 0, -6.940850734710693, 0.0], [1, 0, 1, 0.5612908601760864, 1, 0, 8, 3, 10, 1, 0, 1, 1, 1, 1, 3, 0, 0, 0, 2, 1, 1.0, 0, 0, 0, 0, 0, 0, -6.940850734710693, 0.0], [0, 0, 1, 0.20588362216949463, 0, 0, 8, 3, 10, 0, 0, 1, 1, 1, 1, 4, 0, 0, 0, 2, 0, 1.0, 0, 0, 0, 0, 0, 0, -6.940850734710693, 0.0], [0, 0, 1, 0.20588362216949463, 0, 0, 8, 3, 10, 0, 0, 1, 1, 1, 1, 4, 0, 0, 0, 2, 0, 1.0, 0, 0, 0, 0, 0, 0, -6.940850734710693, 0.0], [1, 0, 1, 0.0, 1, 0, 8, 3, 10, 1, 0, 1, 1, 1, 1, 3, 0, 0, 0, 2, 1, 1.0, 0, 0, 0, 0, 0, 0, -6.940850734710693, 0.0], [1, 0, 1, 0.0, 1, 0, 8, 3, 10, 1, 0, 1, 1, 1, 1, 3, 0, 0, 0, 2, 1, 1.0, 0, 0, 0, 0, 0, 0, -6.940850734710693, 0.0], [1, 0, 1, 0.19106703996658325, 1, 0, 8, 3, 10, 1, 0, 1, 1, 1, 1, 3, 0, 0, 0, 2, 1, 1.0, 0, 0, 0, 0, 0, 0, -6.940850734710693, 0.0], [1, 0, 1, 0.19106703996658325, 1, 0, 8, 3, 10, 1, 0, 1, 1, 1, 1, 3, 0, 0, 0, 2, 1, 1.0, 0, 0, 0, 0, 0, 0, -6.940850734710693, 0.0], [1, 0, 1, 0.0, 1, 0, 8, 3, 10, 1, 1, 1, 1, 1, 1, 3, 0, 0, 0, 2, 1, 1.0, 0, 0, 0, 0, 0, 0, -6.940850734710693, 0.0], [1, 0, 1, 0.0, 1, 0, 8, 3, 10, 1, 0, 1, 1, 1, 1, 3, 0, 0, 0, 2, 1, 1.0, 0, 0, 0, 0, 0, 0, -6.940850734710693, 0.0], [1, 0, 1, 0.0, 1, 0, 8, 3, 10, 1, 1, 1, 1, 1, 1, 3, 0, 0, 0, 2, 1, 1.0, 0, 0, 0, 0, 0, 0, -6.940850734710693, 0.0], [1, 0, 1, 0.0, 1, 0, 8, 3, 10, 1, 0, 1, 1, 1, 1, 3, 0, 0, 0, 2, 1, 1.0, 0, 0, 0, 0, 0, 0, -6.940850734710693, 0.0], [0, 0, 1, 0.0064744651317596436, 0, 0, 8, 3, 10, 0, 0, 1, 1, 1, 1, 5, 0, 0, 0, 2, 0, 1.0, 0, 0, 0, 0, 0, 0, -6.940850734710693, 0.0], [0, 0, 1, 0.0064744651317596436, 0, 0, 8, 3, 10, 0, 0, 1, 1, 1, 1, 5, 0, 0, 0, 2, 0, 1.0, 0, 0, 0, 0, 0, 0, -6.940850734710693, 0.0], [0, 0, 0, 0.05908095836639404, 0, 1, 8, 3, 10, 0, 0, 1, 1, 1, 1, 4, 0, 0, 0, 2, 0, 1.0, 0, 0, 1, 0, 0, 0, 4.633364677429199, 2.763392448425293], [0, 0, 0, 0.05908095836639404, 0, 1, 8, 3, 10, 0, 0, 1, 1, 1, 1, 4, 0, 0, 0, 2, 0, 1.0, 0, 0, 1, 0, 0, 0, 4.633364677429199, 2.763392448425293], [0, 0, 0, 0.05143219232559204, 0, 1, 8, 3, 10, 0, 0, 1, 1, 1, 1, 5, 0, 0, 0, 2, 0, 1.0, 0, 0, 1, 0, 0, 0, -3.1939284801483154, 0.0], [0, 0, 0, 0.05143219232559204, 0, 1, 8, 3, 10, 0, 0, 1, 1, 1, 1, 5, 0, 0, 0, 2, 0, 1.0, 0, 0, 1, 0, 0, 0, -3.1939284801483154, 0.0], [1, 0, 1, 0.0, 1, 0, 8, 3, 10, 1, 0, 1, 1, 1, 1, 3, 0, 0, 0, 2, 1, 1.0, 0, 0, 0, 0, 0, 0, -6.940850734710693, 0.0], [1, 0, 1, 0.0, 1, 0, 8, 3, 10, 1, 0, 1, 1, 1, 1, 3, 0, 0, 0, 2, 1, 1.0, 0, 0, 0, 0, 0, 0, -6.940850734710693, 0.0], [1, 0, 1, 0.0, 1, 0, 8, 3, 10, 1, 0, 1, 1, 1, 1, 3, 0, 0, 0, 2, 1, 1.0, 0, 0, 0, 0, 0, 0, -6.940850734710693, 0.0], [1, 0, 1, 0.0, 1, 0, 8, 3, 10, 1, 1, 1, 1, 1, 1, 3, 0, 0, 0, 2, 1, 1.0, 0, 0, 0, 0, 0, 0, -6.940850734710693, 0.0], [1, 0, 1, 0.5806596577167511, 1, 0, 8, 3, 10, 1, 0, 1, 1, 1, 1, 5, 0, 0, 0, 2, 1, 1.0, 0, 0, 0, 0, 0, 0, -6.940850734710693, 0.0], [1, 0, 1, 0.5806596577167511, 1, 0, 8, 3, 10, 1, 0, 1, 1, 1, 1, 5, 0, 0, 0, 2, 1, 1.0, 0, 0, 0, 0, 0, 0, -6.940850734710693, 0.0], [1, 0, 1, 0.0, 1, 0, 8, 3, 10, 1, 0, 1, 1, 1, 1, 5, 0, 0, 0, 2, 1, 1.0, 0, 0, 0, 0, 0, 0, -6.940850734710693, 0.0], [1, 0, 1, 0.0, 1, 0, 8, 3, 10, 1, 0, 1, 1, 1, 1, 5, 0, 0, 0, 2, 1, 1.0, 0, 0, 0, 0, 0, 0, -6.940850734710693, 0.0], [1, 0, 1, 0.0, 1, 0, 8, 3, 10, 1, 0, 1, 1, 1, 1, 3, 0, 0, 0, 2, 1, 1.0, 0, 0, 0, 0, 0, 0, -6.940850734710693, 0.0], [1, 0, 1, 0.0, 1, 0, 8, 3, 10, 1, 0, 1, 1, 1, 1, 3, 0, 0, 0, 2, 1, 1.0, 0, 0, 0, 0, 0, 0, -6.940850734710693, 0.0], [0, 0, 0, 0.0, 0, 1, 8, 3, 10, 0, 0, 1, 1, 1, 1, 3, 0, 0, 0, 2, 0, 1.0, 0, 0, 1, 0, 0, 0, 1.8699723482131958, 0.0], [0, 0, 0, 0.0, 0, 1, 8, 3, 10, 0, 0, 1, 1, 1, 1, 3, 0, 0, 0, 2, 0, 1.0, 0, 0, 1, 0, 0, 0, 1.8699723482131958, 0.0], [1, 0, 1, 0.0, 1, 1, 8, 6, 13, 1, 0, 1, 1, 1, 4, 4, 0, 0, 0, 5, 1, 1.0, 0, 0, 1, 0, 0, 0, -28.16502571105957, 22.936452865600586], [1, 0, 1, 0.0, 1, 1, 8, 6, 13, 1, 0, 1, 1, 1, 4, 4, 0, 0, 0, 5, 1, 1.0, 0, 0, 1, 0, 0, 0, -28.16502571105957, 22.936452865600586], [1, 0, 1, 0.0, 1, 1, 8, 6, 13, 1, 0, 1, 1, 1, 4, 4, 0, 0, 0, 5, 1, 1.0, 0, 0, 1, 0, 0, 0, -28.33131217956543, 22.875791549682617], [1, 0, 1, 0.0, 1, 1, 8, 6, 13, 1, 0, 1, 1, 1, 4, 4, 0, 0, 0, 5, 1, 1.0, 0, 0, 1, 0, 0, 0, -28.33131217956543, 22.875791549682617], [1, 0, 1, 0.0, 1, 1, 8, 6, 13, 1, 0, 1, 1, 1, 4, 4, 0, 0, 0, 5, 1, 1.0, 0, 0, 1, 0, 0, 0, -28.33131217956543, 22.875791549682617], [1, 0, 1, 0.0, 1, 0, 8, 3, 10, 1, 0, 1, 1, 1, 1, 3, 0, 0, 0, 2, 1, 1.0, 0, 0, 0, 0, 0, 0, -6.940850734710693, 0.0], [1, 0, 1, 0.0, 1, 0, 8, 3, 10, 1, 0, 1, 1, 1, 1, 3, 0, 0, 0, 2, 1, 1.0, 0, 0, 0, 0, 0, 0, -6.940850734710693, 0.0], [0, 0, 0, 0.0009114742279052734, 0, 1, 8, 3, 10, 0, 0, 1, 1, 1, 1, 5, 0, 0, 0, 2, 0, 1.0, 0, 0, 1, 0, 0, 0, 5.288614273071289, 0.0], [0, 0, 0, 0.0009114742279052734, 0, 1, 8, 3, 10, 0, 0, 1, 1, 1, 1, 5, 0, 0, 0, 2, 0, 1.0, 0, 0, 1, 0, 0, 0, 5.288614273071289, 0.0], [0, 0, 0, 0.05505107343196869, 0, 1, 8, 3, 10, 0, 0, 1, 1, 1, 1, 5, 0, 0, 0, 2, 0, 1.0, 0, 0, 1, 0, 0, 0, 1.8699723482131958, 0.0], [0, 0, 0, 0.05505107343196869, 0, 1, 8, 3, 10, 0, 0, 1, 1, 1, 1, 5, 0, 0, 0, 2, 0, 1.0, 0, 0, 1, 0, 0, 0, 1.8699723482131958, 0.0], [1, 0, 1, 0.0, 1, 0, 8, 3, 10, 1, 1, 1, 1, 1, 1, 3, 0, 0, 0, 2, 1, 1.0, 0, 0, 0, 0, 0, 0, -6.940850734710693, 0.0], [1, 0, 1, 0.0, 1, 0, 8, 3, 10, 1, 1, 1, 1, 1, 1, 3, 0, 0, 0, 2, 1, 1.0, 0, 0, 0, 0, 0, 0, -6.940850734710693, 0.0], [1, 0, 1, 0.0, 1, 0, 8, 3, 10, 1, 0, 1, 1, 1, 1, 3, 0, 0, 0, 2, 1, 1.0, 0, 0, 0, 0, 0, 0, -6.940850734710693, 0.0], [1, 0, 1, 0.0, 1, 0, 8, 3, 10, 1, 0, 1, 1, 1, 1, 3, 0, 0, 0, 2, 1, 1.0, 0, 0, 0, 0, 0, 0, -6.940850734710693, 0.0], [1, 0, 0, 0.03300285339355469, 0, 0, 8, 7, 14, 1, 0, 0, 0, 4, 2, 2, 0, 0, 0, 6, 1, 0.09090909090909091, 0, 0, 0, 0, 0, 0, 13.56595230102539, 15.875205039978027], [0, 0, 0, 0.0614800751209259, 0, 1, 8, 7, 14, 0, 0, 1, 0, 5, 1, 2, 0, 0, 0, 6, 0, 1.0, 0, 0, 1, 0, 0, 0, 33.089088439941406, 0.0], [0, 0, 0, 0.0614800751209259, 0, 1, 8, 7, 14, 0, 0, 1, 0, 5, 1, 2, 0, 0, 0, 6, 0, 1.0, 0, 0, 1, 0, 0, 0, 33.089088439941406, 0.0], [1, 0, 0, 0.012889504432678223, 0, 0, 8, 7, 14, 0, 0, 0, 0, 4, 2, 5, 0, 0, 0, 6, 0, 1.0, 0, 0, 0, 1, 0, 0, 13.488845825195312, 15.830451965332031], [0, 0, 0, 0.1069251000881195, 0, 0, 8, 7, 14, 0, 0, 0, 0, 4, 2, 2, 0, 0, 0, 6, 0, 1.0, 0, 0, 0, 0, 0, 0, 13.488845825195312, 15.830451965332031], [0, 0, 0, 0.09493353962898254, 0, 0, 8, 7, 14, 0, 0, 0, 0, 4, 2, 2, 0, 0, 0, 6, 0, 1.0, 0, 0, 0, 0, 0, 0, 13.488845825195312, 15.830451965332031], [1, 0, 0, 0.35552799701690674, 0, 0, 8, 4, 11, 1, 0, 0, 0, 1, 2, 4, 0, 0, 0, 3, 0, 1.0, 0, 0, 0, 1, 0, 0, -16.344985961914062, 0.0], [1, 0, 0, 0.25326693058013916, 0, 1, 8, 4, 11, 1, 0, 1, 0, 2, 1, 3, 0, 0, 0, 3, 1, 0.6666666666666666, 0, 0, 1, 0, 0, 0, 23.121585845947266, 3.0845718383789062], [1, 0, 0, 0.25326693058013916, 0, 1, 8, 4, 11, 1, 0, 1, 0, 2, 1, 3, 0, 0, 0, 3, 1, 0.6666666666666666, 0, 0, 1, 0, 0, 0, 23.121585845947266, 3.0845718383789062], [1, 0, 0, 0.0, 1, 1, 8, 4, 11, 1, 0, 1, 1, 2, 1, 4, 0, 0, 0, 3, 1, 1.0, 0, 0, 1, 0, 0, 0, 23.121585845947266, 0.0], [1, 0, 0, 0.0, 1, 1, 8, 4, 11, 1, 0, 1, 1, 2, 1, 4, 0, 0, 0, 3, 1, 1.0, 0, 0, 1, 0, 0, 0, 23.121585845947266, 0.0], [1, 0, 0, 0.0, 0, 0, 8, 4, 11, 0, 0, 0, 0, 1, 2, 4, 0, 0, 0, 3, 0, 1.0, 0, 0, 0, 1, 0, 0, -16.344985961914062, 0.0], [1, 0, 0, 0.0, 1, 1, 8, 5, 12, 1, 1, 1, 0, 3, 1, 3, 0, 0, 0, 4, 1, 1.0, 0, 0, 1, 0, 0, 0, 27.11229133605957, 2.8481063842773438], [0, 0, 0, 0.0, 0, 1, 8, 5, 12, 0, 0, 0, 0, 2, 2, 3, 0, 0, 0, 4, 0, 1.0, 0, 0, 1, 0, 0, 0, 5.317757606506348, 11.593086242675781], [0, 0, 0, 0.0, 0, 1, 8, 5, 12, 0, 0, 0, 0, 2, 2, 3, 0, 0, 0, 4, 0, 1.0, 0, 0, 1, 0, 0, 0, 5.317757606506348, 11.593086242675781], [1, 0, 0, 0.0, 1, 1, 8, 5, 12, 1, 0, 1, 1, 3, 1, 3, 0, 0, 0, 4, 1, 1.0, 0, 0, 1, 0, 0, 0, 27.11229133605957, 2.4539928436279297], [1, 0, 0, 0.0, 0, 1, 8, 12, 19, 1, 0, 0, 0, 8, 3, 3, 0, 0, 0, 11, 0, 1.0, 0, 0, 1, 0, 0, 0, 9.282876014709473, 5.6209564208984375], [0, 0, 0, 0.0, 0, 1, 8, 12, 19, 0, 0, 0, 0, 8, 3, 3, 0, 0, 0, 11, 0, 1.0, 0, 0, 1, 0, 0, 0, 9.282876014709473, 5.6209564208984375], [0, 0, 0, 0.0, 0, 1, 8, 12, 19, 0, 0, 0, 0, 8, 3, 3, 0, 0, 0, 11, 0, 1.0, 0, 0, 1, 0, 0, 0, 9.282876014709473, 5.6209564208984375], [0, 0, 0, 0.0, 0, 1, 8, 12, 19, 0, 0, 0, 0, 8, 3, 3, 0, 0, 0, 11, 0, 1.0, 0, 0, 1, 0, 0, 0, 8.578080177307129, 4.916160583496094], [1, 0, 1, 0.0, 1, 0, 8, 12, 19, 1, 1, 1, 1, 9, 2, 3, 0, 0, 0, 11, 1, 1.0, 0, 0, 0, 0, 0, 0, 13.176473617553711, 9.031070709228516], [1, 0, 1, 0.0, 1, 0, 8, 12, 19, 1, 0, 1, 1, 9, 2, 3, 0, 0, 0, 11, 1, 1.0, 0, 0, 0, 0, 0, 0, 13.176473617553711, 9.031070709228516], [0, 0, 0, 0.0, 0, 1, 8, 12, 19, 0, 0, 0, 0, 8, 3, 3, 0, 0, 0, 11, 0, 1.0, 0, 0, 1, 0, 0, 0, 8.578242301940918, 4.908108711242676], [0, 0, 0, 0.0, 0, 1, 8, 12, 19, 0, 0, 0, 0, 8, 3, 3, 0, 0, 0, 11, 0, 1.0, 0, 0, 1, 0, 0, 0, 9.283039093017578, 5.612905502319336], [1, 0, 1, 0.0, 1, 0, 8, 12, 19, 1, 1, 1, 1, 9, 2, 3, 0, 0, 0, 11, 1, 1.0, 0, 0, 0, 0, 0, 0, 13.547538757324219, 9.033668518066406], [0, 0, 0, 0.0, 0, 0, 8, 12, 19, 0, 0, 0, 0, 8, 3, 3, 0, 0, 0, 11, 0, 1.0, 0, 0, 0, 0, 0, 0, 11.493200302124023, 7.484445571899414], [0, 0, 0, 0.0, 0, 0, 8, 12, 19, 0, 0, 0, 0, 8, 3, 3, 0, 0, 0, 11, 0, 1.0, 0, 0, 0, 0, 0, 0, 11.493200302124023, 7.484445571899414], [1, 0, 0, 0.06857770681381226, 0, 1, 8, 13, 20, 0, 0, 0, 0, 10, 2, 4, 0, 0, 0, 12, 0, 1.0, 0, 0, 1, 1, 0, 0, 22.073049545288086, 2.913026809692383], [1, 0, 0, 0.0717625617980957, 0, 1, 8, 13, 20, 0, 0, 0, 0, 10, 2, 4, 0, 0, 0, 12, 0, 1.0, 0, 0, 1, 1, 0, 0, 22.073049545288086, 2.913026809692383], [1, 0, 0, 0.07989493012428284, 0, 1, 8, 13, 20, 0, 0, 0, 0, 10, 2, 4, 0, 0, 0, 12, 0, 1.0, 0, 0, 1, 1, 0, 0, 22.073049545288086, 2.913026809692383], [1, 0, 0, 0.04344069957733154, 0, 1, 8, 13, 20, 0, 0, 0, 0, 10, 2, 4, 0, 0, 0, 12, 0, 1.0, 0, 0, 1, 1, 0, 0, 22.073049545288086, 2.913026809692383], [1, 0, 0, 0.08440637588500977, 0, 1, 8, 13, 20, 0, 0, 0, 0, 10, 2, 4, 0, 0, 0, 12, 0, 1.0, 0, 0, 1, 1, 0, 0, 22.073049545288086, 2.913026809692383], [1, 0, 0, 0.0841936469078064, 0, 1, 8, 13, 20, 0, 0, 0, 0, 10, 2, 4, 0, 0, 0, 12, 0, 1.0, 0, 0, 1, 1, 0, 0, 22.073049545288086, 2.913026809692383], [1, 0, 0, 0.06825503706932068, 0, 1, 8, 13, 20, 0, 0, 0, 0, 10, 2, 4, 0, 0, 0, 12, 0, 1.0, 0, 0, 1, 1, 0, 0, 22.073049545288086, 2.913026809692383], [1, 0, 0, 0.07980513572692871, 0, 1, 8, 13, 20, 0, 0, 0, 0, 10, 2, 4, 0, 0, 0, 12, 0, 1.0, 0, 0, 1, 1, 0, 0, 22.073049545288086, 2.913026809692383], [1, 0, 0, 0.09931236505508423, 0, 1, 8, 13, 20, 0, 0, 0, 0, 10, 2, 4, 0, 0, 0, 12, 0, 1.0, 0, 0, 1, 1, 0, 0, 22.073049545288086, 2.913026809692383], [1, 0, 0, 0.09286776185035706, 0, 1, 8, 13, 20, 0, 0, 0, 0, 10, 2, 4, 0, 0, 0, 12, 0, 1.0, 0, 0, 1, 1, 0, 0, 22.073049545288086, 2.913026809692383], [0, 0, 0, 0.0, 0, 1, 8, 13, 20, 0, 0, 1, 0, 11, 1, 4, 0, 0, 0, 12, 0, 1.0, 0, 0, 1, 0, 0, 0, 36.600616455078125, 0.0], [0, 0, 0, 0.0, 0, 1, 8, 13, 20, 0, 0, 1, 0, 11, 1, 4, 0, 0, 0, 12, 0, 1.0, 0, 0, 1, 0, 0, 0, 36.600616455078125, 0.0], [1, 0, 0, 0.0, 1, 1, 8, 4, 11, 1, 0, 1, 1, 2, 1, 5, 0, 0, 0, 3, 1, 1.0, 0, 0, 1, 0, 0, 0, 23.121585845947266, 0.0], [1, 0, 0, 0.0, 1, 1, 8, 4, 11, 1, 0, 1, 1, 2, 1, 5, 0, 0, 0, 3, 1, 1.0, 0, 0, 1, 0, 0, 0, 23.121585845947266, 0.0], [1, 0, 0, 0.0, 0, 0, 8, 4, 11, 0, 0, 0, 0, 1, 2, 5, 0, 0, 0, 3, 0, 1.0, 0, 0, 0, 1, 0, 0, -16.344985961914062, 0.0], [1, 0, 1, 0.002065598964691162, 0, 1, 8, 13, 20, 0, 0, 0, 0, 11, 1, 4, 0, 0, 0, 12, 0, 1.0, 0, 0, 2, 1, 0, 0, 48.24870300292969, 11.786884307861328], [1, 0, 0, 0.005461931228637695, 0, 1, 8, 13, 20, 0, 0, 0, 0, 10, 2, 5, 0, 0, 0, 12, 0, 1.0, 0, 0, 1, 1, 0, 0, 22.51915168762207, 2.6965065002441406], [1, 0, 0, 0.012214094400405884, 0, 1, 8, 13, 20, 0, 0, 0, 0, 10, 2, 4, 0, 0, 0, 12, 0, 1.0, 0, 0, 1, 1, 0, 0, 22.37310028076172, 2.717470169067383], [1, 0, 0, 0.0016492605209350586, 0, 1, 8, 13, 20, 0, 0, 0, 0, 10, 2, 4, 0, 0, 0, 12, 0, 1.0, 0, 0, 1, 1, 0, 0, 22.37310028076172, 2.717470169067383], [1, 0, 0, 0.0036945641040802, 0, 1, 8, 13, 20, 0, 0, 0, 0, 10, 2, 3, 0, 0, 0, 12, 0, 1.0, 0, 0, 1, 1, 0, 0, 22.51915168762207, 2.6965065002441406], [1, 0, 0, 0.016058355569839478, 0, 1, 8, 13, 20, 0, 0, 0, 0, 10, 2, 4, 0, 0, 0, 12, 0, 1.0, 0, 0, 1, 1, 0, 0, 22.37310028076172, 2.717470169067383], [0, 0, 0, 0.05421650409698486, 0, 1, 8, 13, 20, 0, 0, 1, 0, 11, 1, 5, 0, 0, 0, 12, 0, 1.0, 0, 0, 1, 0, 0, 0, 36.46181869506836, 0.0], [0, 0, 0, 0.05421650409698486, 0, 1, 8, 13, 20, 0, 0, 1, 0, 11, 1, 5, 0, 0, 0, 12, 0, 1.0, 0, 0, 1, 0, 0, 0, 36.46181869506836, 0.0], [1, 0, 0, 0.00997382402420044, 0, 1, 8, 13, 20, 0, 0, 0, 0, 10, 2, 4, 0, 0, 0, 12, 0, 1.0, 0, 0, 1, 1, 0, 0, 22.227174758911133, 2.73895263671875], [1, 0, 0, 0.018279671669006348, 0, 1, 8, 13, 20, 0, 0, 0, 0, 10, 2, 5, 0, 0, 0, 12, 0, 1.0, 0, 0, 1, 1, 0, 0, 22.227174758911133, 2.73895263671875], [1, 0, 0, 0.04506632685661316, 0, 1, 8, 13, 20, 0, 0, 0, 0, 10, 2, 4, 0, 0, 0, 12, 0, 1.0, 0, 0, 1, 1, 0, 0, 22.37310028076172, 2.717470169067383], [0, 0, 0, 0.0467761754989624, 0, 1, 8, 13, 20, 0, 0, 0, 0, 10, 2, 4, 0, 0, 0, 12, 0, 1.0, 0, 0, 1, 0, 0, 0, 17.720333099365234, 0.0], [1, 0, 0, 0.04067583382129669, 0, 1, 8, 13, 20, 0, 0, 0, 0, 10, 2, 4, 0, 0, 0, 12, 0, 1.0, 0, 0, 1, 1, 0, 0, 22.37310028076172, 2.717470169067383], [0, 0, 0, 0.0, 0, 0, 8, 4, 11, 0, 0, 0, 0, 1, 2, 3, 0, 0, 0, 3, 0, 1.0, 0, 0, 0, 0, 0, 0, -16.344985961914062, 0.0], [1, 0, 0, 0.0, 0, 1, 8, 4, 11, 1, 0, 1, 0, 2, 1, 4, 0, 0, 0, 3, 0, 1.0, 0, 0, 2, 0, 0, 0, 22.514827728271484, 2.477813720703125], [1, 0, 0, 0.0, 0, 1, 8, 4, 11, 1, 0, 1, 0, 2, 1, 4, 0, 0, 0, 3, 0, 1.0, 0, 0, 2, 0, 0, 0, 22.514827728271484, 2.477813720703125], [0, 0, 0, 0.0, 0, 1, 8, 13, 20, 0, 0, 0, 0, 9, 2, 3, 0, 0, 0, 12, 0, 1.0, 0, 0, 1, 0, 0, 0, 0.4281959533691406, 1.3158295154571533], [1, 0, 0, 0.020256876945495605, 0, 1, 8, 13, 20, 1, 0, 1, 0, 9, 3, 4, 0, 0, 0, 12, 0, 1.0, 0, 0, 1, 0, 0, 0, 4.3688554763793945, 0.0], [1, 0, 0, 0.020256876945495605, 0, 1, 8, 13, 20, 1, 0, 1, 0, 9, 3, 4, 0, 0, 0, 12, 0, 1.0, 0, 0, 1, 0, 0, 0, 4.2299089431762695, 0.0], [0, 0, 0, 0.0, 0, 1, 8, 13, 20, 0, 0, 0, 0, 8, 3, 3, 0, 0, 0, 12, 0, 1.0, 0, 0, 1, 0, 0, 0, -3.096252918243408, 1.959564208984375], [0, 0, 0, 0.0, 0, 1, 8, 13, 20, 0, 0, 0, 0, 8, 3, 3, 0, 0, 0, 12, 0, 1.0, 0, 0, 1, 0, 0, 0, -3.7599241733551025, 1.2958929538726807], [0, 0, 0, 0.0, 0, 1, 8, 13, 20, 0, 0, 1, 1, 10, 2, 3, 0, 0, 0, 12, 0, 1.0, 0, 0, 1, 0, 0, 0, 8.541954040527344, 0.07565498352050781], [0, 0, 0, 0.0, 0, 1, 8, 13, 20, 0, 0, 1, 0, 10, 2, 3, 0, 0, 0, 12, 0, 1.0, 0, 0, 1, 0, 0, 0, 12.741923332214355, 3.7351531982421875], [0, 0, 0, 0.0, 0, 1, 8, 13, 20, 0, 0, 1, 0, 9, 2, 3, 0, 0, 0, 12, 0, 1.0, 0, 0, 1, 0, 0, 0, 0.5213509798049927, 1.3111892938613892], [0, 0, 0, 0.0, 0, 1, 8, 13, 20, 0, 0, 0, 0, 9, 2, 3, 0, 0, 0, 12, 0, 1.0, 0, 0, 1, 0, 0, 0, 0.5281352996826172, 1.3083953857421875], [0, 0, 0, 0.0, 0, 1, 8, 13, 20, 0, 0, 0, 0, 8, 3, 3, 0, 0, 0, 12, 0, 1.0, 0, 0, 1, 0, 0, 0, -3.2350170612335205, 1.9607579708099365], [0, 0, 0, 0.0, 0, 1, 8, 13, 20, 0, 0, 0, 0, 9, 2, 3, 0, 0, 0, 12, 0, 1.0, 0, 0, 1, 0, 0, 0, 0.41087234020233154, 1.3153483867645264], [0, 0, 0, 0.0, 0, 1, 8, 13, 20, 0, 0, 0, 0, 9, 2, 3, 0, 0, 0, 12, 0, 1.0, 0, 0, 1, 0, 0, 0, 0.5281352996826172, 1.3083953857421875], [0, 0, 0, 0.0, 0, 1, 8, 13, 20, 0, 0, 0, 0, 8, 3, 3, 0, 0, 0, 12, 0, 1.0, 0, 0, 1, 0, 0, 0, -3.7599241733551025, 1.2958929538726807], [1, 0, 1, 0.0, 0, 1, 8, 7, 14, 0, 0, 0, 0, 4, 2, 5, 0, 0, 0, 6, 0, 1.0, 0, 0, 2, 1, 0, 0, 20.9561824798584, 18.23919105529785], [1, 0, 1, 0.0, 0, 1, 8, 7, 14, 0, 0, 0, 0, 4, 2, 5, 0, 0, 0, 6, 0, 1.0, 0, 0, 2, 1, 0, 0, 20.9561824798584, 18.23919105529785], [1, 0, 0, 0.0, 1, 1, 8, 7, 14, 1, 0, 1, 0, 5, 1, 5, 0, 0, 0, 6, 1, 1.0, 0, 0, 1, 0, 0, 0, 33.17782211303711, 0.0], [1, 0, 1, 0.0, 0, 1, 8, 7, 14, 0, 0, 0, 0, 4, 2, 5, 0, 0, 0, 6, 0, 1.0, 0, 0, 2, 1, 0, 0, 20.894691467285156, 18.325674057006836], [1, 0, 1, 0.0, 0, 1, 8, 7, 14, 0, 0, 0, 0, 4, 2, 5, 0, 0, 0, 6, 0, 1.0, 0, 0, 2, 1, 0, 0, 20.894691467285156, 18.21671485900879], [1, 0, 0, 0.0, 1, 1, 8, 7, 14, 1, 0, 1, 0, 5, 1, 5, 0, 0, 0, 6, 1, 1.0, 0, 0, 1, 0, 0, 0, 33.17782211303711, 0.0], [1, 0, 1, 0.08030503988265991, 0, 1, 8, 9, 16, 0, 0, 0, 0, 6, 2, 6, 0, 0, 0, 8, 0, 1.0, 0, 0, 2, 1, 0, 0, 18.34079360961914, 6.53459358215332], [1, 0, 1, 0.08643147349357605, 0, 1, 8, 9, 16, 0, 0, 0, 0, 6, 2, 6, 0, 0, 0, 8, 0, 1.0, 0, 0, 2, 1, 0, 0, 18.34079360961914, 6.53459358215332], [0, 0, 0, 0.1196940541267395, 0, 1, 8, 9, 16, 0, 0, 1, 0, 7, 1, 5, 0, 0, 0, 8, 0, 1.0, 0, 0, 1, 0, 0, 0, 34.147422790527344, 0.0], [1, 0, 1, 0.05438190698623657, 0, 1, 8, 9, 16, 0, 0, 0, 0, 6, 2, 5, 0, 0, 0, 8, 0, 1.0, 0, 0, 2, 1, 0, 0, 18.337827682495117, 6.521178245544434], [0, 0, 0, 0.1196940541267395, 0, 1, 8, 9, 16, 0, 0, 1, 0, 7, 1, 6, 0, 0, 0, 8, 0, 1.0, 0, 0, 1, 0, 0, 0, 34.147422790527344, 0.0], [1, 0, 1, 0.06508797407150269, 0, 1, 8, 9, 16, 0, 0, 0, 0, 6, 2, 6, 0, 0, 0, 8, 0, 1.0, 0, 0, 2, 1, 0, 0, 18.062381744384766, 6.481749534606934], [1, 0, 1, 0.0674390196800232, 0, 1, 8, 9, 16, 0, 0, 0, 0, 6, 2, 6, 0, 0, 0, 8, 0, 1.0, 0, 0, 2, 1, 0, 0, 18.062381744384766, 6.481749534606934], [1, 0, 1, 0.014051645994186401, 0, 1, 8, 9, 16, 0, 0, 0, 0, 6, 2, 5, 0, 0, 0, 8, 0, 1.0, 0, 0, 2, 1, 0, 0, 18.062381744384766, 6.388664245605469], [1, 0, 1, 0.3759918212890625, 0, 1, 8, 3, 10, 0, 0, 0, 0, 1, 1, 3, 0, 0, 0, 2, 0, 1.0, 0, 0, 2, 1, 0, 0, 53.19485855102539, 48.87962341308594], [1, 0, 1, 0.07547390460968018, 0, 1, 8, 3, 10, 0, 0, 0, 0, 1, 1, 4, 0, 0, 0, 2, 0, 1.0, 0, 0, 2, 1, 0, 0, 53.19485855102539, 54.87827682495117], [1, 0, 1, 0.1157342791557312, 0, 1, 8, 3, 10, 0, 0, 0, 0, 1, 1, 4, 0, 0, 0, 2, 0, 1.0, 0, 0, 2, 1, 0, 0, 53.19485855102539, 48.250797271728516], [0, 0, 0, 0.000553518533706665, 0, 1, 8, 3, 10, 0, 0, 0, 0, 1, 1, 5, 0, 0, 0, 2, 0, 1.0, 0, 0, 1, 0, 0, 0, 4.944060325622559, 0.0], [1, 0, 1, 0.0022220611572265625, 0, 1, 8, 4, 11, 0, 0, 0, 0, 2, 1, 4, 0, 0, 0, 3, 0, 1.0, 0, 0, 2, 1, 0, 0, 51.118133544921875, 28.268335342407227], [1, 0, 1, 0.28986480832099915, 0, 1, 8, 4, 11, 0, 0, 0, 0, 2, 1, 4, 0, 0, 0, 3, 0, 1.0, 0, 0, 2, 1, 0, 0, 51.118133544921875, 28.268335342407227], [1, 0, 1, 0.24925321340560913, 0, 1, 8, 4, 11, 0, 0, 0, 0, 2, 1, 4, 0, 0, 0, 3, 0, 1.0, 0, 0, 2, 1, 0, 0, 51.118133544921875, 28.268335342407227], [1, 0, 0, 0.0, 0, 0, 8, 3, 10, 0, 0, 0, 0, 1, 1, 5, 0, 0, 0, 2, 0, 1.0, 0, 0, 0, 1, 0, 0, -7.942379474639893, 0.0], [0, 0, 0, 0.0, 0, 0, 8, 3, 10, 0, 0, 0, 0, 1, 1, 3, 0, 0, 0, 2, 0, 1.0, 0, 0, 0, 0, 0, 0, -7.942379474639893, 0.0], [1, 0, 1, 0.18153095245361328, 0, 1, 8, 3, 10, 0, 0, 0, 0, 1, 1, 5, 0, 0, 0, 2, 0, 1.0, 0, 0, 2, 1, 0, 0, 53.19485855102539, 50.46745300292969], [1, 0, 1, 0.025705575942993164, 0, 1, 8, 3, 10, 0, 0, 0, 0, 1, 1, 5, 0, 0, 0, 2, 0, 1.0, 0, 0, 2, 1, 0, 0, 53.19485855102539, 51.729915618896484], [0, 0, 0, 0.025855034589767456, 0, 1, 8, 3, 10, 0, 0, 0, 0, 1, 1, 2, 0, 0, 0, 2, 0, 1.0, 0, 0, 1, 0, 0, 0, 1.4649430513381958, 0.0], [1, 0, 1, 0.5354704558849335, 0, 1, 8, 3, 10, 0, 0, 0, 0, 1, 1, 5, 0, 0, 0, 2, 0, 1.0, 0, 0, 2, 1, 0, 0, 53.19485855102539, 51.729915618896484], [1, 0, 1, 0.030571430921554565, 0, 1, 8, 4, 11, 0, 0, 0, 0, 2, 1, 3, 0, 0, 0, 3, 0, 1.0, 0, 0, 2, 1, 0, 0, 51.118133544921875, 28.268335342407227], [1, 0, 1, 0.0, 0, 1, 8, 4, 11, 0, 0, 0, 0, 2, 1, 3, 0, 0, 0, 3, 0, 1.0, 0, 0, 2, 1, 0, 0, 51.118133544921875, 28.268335342407227], [0, 0, 0, 0.01742178201675415, 0, 1, 8, 4, 11, 0, 0, 0, 0, 2, 1, 2, 0, 0, 0, 3, 0, 1.0, 0, 0, 1, 0, 0, 0, 22.84979820251465, 0.586700439453125], [1, 0, 1, 0.09260320663452148, 0, 1, 8, 3, 10, 0, 0, 0, 0, 1, 1, 5, 0, 0, 0, 2, 0, 1.0, 0, 0, 2, 1, 0, 0, 53.19485855102539, 48.250797271728516], [1, 0, 1, 0.21068771183490753, 0, 1, 8, 3, 10, 0, 0, 0, 0, 1, 1, 4, 0, 0, 0, 2, 0, 1.0, 0, 0, 2, 1, 0, 0, 53.19485855102539, 48.250797271728516], [0, 0, 0, 0.0, 0, 0, 8, 3, 10, 0, 0, 0, 0, 1, 1, 3, 0, 0, 0, 2, 0, 1.0, 0, 0, 0, 0, 0, 0, -7.942379474639893, 0.0], [1, 0, 0, 0.0, 0, 0, 8, 3, 10, 1, 0, 0, 0, 1, 1, 5, 0, 0, 0, 2, 0, 1.0, 0, 0, 0, 0, 0, 0, -7.942379474639893, 0.0], [0, 0, 0, 0.0, 0, 1, 8, 4, 11, 0, 0, 0, 0, 2, 1, 3, 0, 0, 0, 3, 0, 1.0, 0, 0, 1, 0, 0, 0, 22.84979820251465, 1.0200862884521484], [0, 0, 0, 0.0, 0, 1, 8, 4, 11, 0, 0, 0, 0, 2, 1, 3, 0, 0, 0, 3, 0, 1.0, 0, 0, 1, 0, 0, 0, 22.84979820251465, 1.0200862884521484], [1, 0, 0, 0.0, 0, 1, 8, 4, 11, 0, 0, 0, 0, 2, 1, 4, 0, 0, 0, 3, 0, 1.0, 0, 0, 1, 0, 0, 0, 22.84979820251465, 0.0], [0, 0, 0, 0.0, 0, 1, 8, 3, 10, 0, 0, 0, 0, 1, 1, 3, 0, 0, 0, 2, 0, 1.0, 0, 0, 1, 0, 0, 0, 4.944060325622559, 2.216654062271118], [0, 0, 0, 0.013086140155792236, 0, 1, 8, 3, 10, 0, 0, 0, 0, 1, 1, 5, 0, 0, 0, 2, 0, 1.0, 0, 0, 1, 0, 0, 0, 4.944060325622559, 0.0], [0, 0, 0, 0.0, 0, 0, 8, 3, 10, 0, 0, 0, 0, 1, 1, 3, 0, 0, 0, 2, 0, 1.0, 0, 0, 0, 0, 0, 0, -7.942379474639893, 0.0], [1, 0, 0, 0.0, 0, 0, 8, 3, 10, 0, 0, 0, 0, 1, 1, 4, 0, 0, 0, 2, 0, 1.0, 0, 0, 0, 0, 0, 0, -7.942379474639893, 0.0], [0, 0, 0, 0.0, 0, 0, 8, 3, 10, 0, 0, 0, 0, 1, 1, 3, 0, 0, 0, 2, 0, 1.0, 0, 0, 0, 0, 0, 0, -7.942379474639893, 0.0], [1, 0, 0, 0.0, 0, 0, 8, 3, 10, 0, 0, 0, 0, 1, 1, 2, 0, 0, 0, 2, 0, 1.0, 0, 0, 0, 0, 0, 0, -7.942379474639893, 0.0], [1, 0, 0, 0.0, 0, 0, 8, 3, 10, 1, 0, 0, 0, 1, 1, 3, 0, 0, 0, 2, 0, 1.0, 0, 0, 0, 0, 0, 0, -7.942379474639893, 0.0], [1, 0, 0, 0.0, 0, 0, 8, 3, 10, 1, 0, 0, 0, 1, 1, 4, 0, 0, 0, 2, 0, 1.0, 0, 0, 0, 0, 0, 0, -7.942379474639893, 0.0], [1, 0, 0, 0.0, 0, 0, 8, 3, 10, 1, 0, 0, 0, 1, 1, 4, 0, 0, 0, 2, 0, 1.0, 0, 0, 0, 0, 0, 0, -7.942379474639893, 0.0], [1, 0, 0, 0.0, 0, 0, 8, 3, 10, 1, 0, 0, 0, 1, 1, 3, 0, 0, 0, 2, 0, 1.0, 0, 0, 0, 0, 0, 0, -7.942379474639893, 0.0], [1, 0, 0, 0.0, 0, 0, 8, 3, 10, 1, 0, 0, 0, 1, 1, 3, 0, 0, 0, 2, 0, 1.0, 0, 0, 0, 0, 0, 0, -7.942379474639893, 0.0], [1, 0, 0, 0.0, 0, 0, 8, 3, 10, 1, 0, 0, 0, 1, 1, 4, 0, 0, 0, 2, 0, 1.0, 0, 0, 0, 0, 0, 0, -7.942379474639893, 0.0], [1, 0, 1, 5.960464477539063e-08, 0, 1, 8, 4, 11, 0, 0, 0, 0, 2, 1, 5, 0, 0, 0, 3, 0, 1.0, 0, 0, 2, 1, 0, 0, 51.118133544921875, 28.268335342407227], [1, 0, 1, 1.1920928955078125e-07, 0, 1, 8, 4, 11, 0, 0, 0, 0, 2, 1, 5, 0, 0, 0, 3, 0, 1.0, 0, 0, 2, 1, 0, 0, 51.118133544921875, 28.268335342407227], [1, 0, 1, 0.0, 0, 1, 8, 4, 11, 0, 0, 0, 0, 2, 1, 5, 0, 0, 0, 3, 0, 1.0, 0, 0, 2, 1, 0, 0, 51.118133544921875, 28.268335342407227], [0, 0, 0, 0.0, 0, 1, 8, 3, 10, 0, 0, 0, 0, 1, 1, 5, 0, 0, 0, 2, 0, 1.0, 0, 0, 1, 0, 0, 0, 4.944060325622559, 0.0], [0, 0, 0, 0.006007835268974304, 0, 1, 8, 3, 10, 0, 0, 0, 0, 1, 1, 5, 0, 0, 0, 2, 0, 1.0, 0, 0, 1, 0, 0, 0, 4.944060325622559, 0.0], [1, 0, 0, 0.3081669211387634, 0, 0, 8, 3, 10, 0, 0, 0, 0, 1, 1, 5, 0, 0, 0, 2, 0, 1.0, 0, 0, 0, 0, 0, 0, -7.942379474639893, 0.0], [0, 0, 0, 0.0, 0, 0, 8, 3, 10, 0, 0, 0, 0, 1, 1, 3, 0, 0, 0, 2, 0, 1.0, 0, 0, 0, 0, 0, 0, -7.942379474639893, 0.0], [0, 0, 0, 0.018819108605384827, 0, 1, 8, 4, 11, 0, 0, 0, 0, 2, 1, 4, 0, 0, 0, 3, 0, 1.0, 0, 0, 1, 0, 0, 0, 22.84979820251465, 0.0], [0, 0, 0, 0.032442569732666016, 0, 1, 8, 4, 11, 0, 0, 0, 0, 2, 1, 5, 0, 0, 0, 3, 0, 1.0, 0, 0, 1, 0, 0, 0, 22.84979820251465, 0.0], [1, 0, 1, 0.073484867811203, 0, 1, 8, 4, 11, 0, 0, 0, 0, 2, 1, 5, 0, 0, 0, 3, 0, 1.0, 0, 0, 2, 1, 0, 0, 51.118133544921875, 28.268335342407227], [1, 0, 1, 0.32669326663017273, 0, 1, 8, 4, 11, 0, 0, 0, 0, 2, 1, 5, 0, 0, 0, 3, 0, 1.0, 0, 0, 2, 1, 0, 0, 51.118133544921875, 28.268335342407227], [1, 0, 1, 0.23583269119262695, 0, 1, 8, 4, 11, 0, 0, 0, 0, 2, 1, 4, 0, 0, 0, 3, 0, 1.0, 0, 0, 2, 1, 0, 0, 51.118133544921875, 29.902921676635742], [1, 0, 0, 0.12138617038726807, 0, 1, 8, 4, 11, 1, 0, 0, 0, 2, 1, 4, 0, 0, 0, 3, 0, 1.0, 0, 0, 1, 0, 0, 0, 22.84979820251465, 0.0], [1, 0, 0, 0.024227261543273926, 0, 1, 8, 3, 10, 0, 1, 0, 0, 1, 1, 5, 0, 0, 0, 2, 0, 1.0, 0, 0, 1, 0, 0, 0, 4.944060325622559, 0.0], [0, 0, 0, 0.0, 0, 0, 8, 3, 10, 0, 0, 0, 0, 1, 1, 3, 0, 0, 0, 2, 0, 1.0, 0, 0, 0, 0, 0, 0, -7.942379474639893, 0.0], [1, 0, 1, 0.2678329348564148, 0, 1, 8, 3, 10, 0, 0, 0, 0, 1, 1, 5, 0, 0, 0, 2, 0, 1.0, 0, 0, 2, 1, 0, 0, 53.19485855102539, 48.87962341308594], [0, 0, 0, 0.00948837399482727, 0, 1, 8, 3, 10, 0, 0, 0, 0, 1, 1, 5, 0, 0, 0, 2, 0, 1.0, 0, 0, 1, 0, 0, 0, 4.944060325622559, 0.6288251876831055], [1, 0, 0, 0.2956607937812805, 0, 0, 8, 3, 10, 0, 0, 0, 0, 1, 1, 5, 0, 0, 0, 2, 0, 1.0, 0, 0, 0, 1, 0, 0, -7.942379474639893, 0.0], [1, 0, 0, 0.209513321518898, 0, 1, 8, 3, 10, 0, 0, 0, 0, 1, 1, 4, 0, 0, 0, 2, 0, 1.0, 0, 0, 1, 1, 0, 0, 1.4649430513381958, 0.0], [1, 0, 1, 0.4035729765892029, 0, 1, 8, 4, 11, 0, 0, 0, 0, 2, 1, 5, 0, 0, 0, 3, 0, 1.0, 0, 0, 2, 1, 0, 0, 51.118133544921875, 31.40427589416504], [1, 0, 1, 0.14319366216659546, 0, 1, 8, 4, 11, 0, 0, 0, 0, 2, 1, 4, 0, 0, 0, 3, 0, 1.0, 0, 0, 2, 1, 0, 0, 51.118133544921875, 31.40427589416504], [1, 0, 1, 0.05403831601142883, 0, 1, 8, 4, 11, 0, 0, 0, 0, 2, 1, 4, 0, 0, 0, 3, 0, 1.0, 0, 0, 2, 1, 0, 0, 51.118133544921875, 31.40427589416504], [1, 0, 1, 0.0, 0, 1, 8, 3, 10, 0, 0, 0, 0, 1, 1, 5, 0, 0, 0, 2, 0, 1.0, 0, 0, 2, 1, 0, 0, 46.43527603149414, 52.162654876708984], [1, 0, 1, 0.07576876878738403, 0, 1, 8, 3, 10, 0, 0, 0, 0, 1, 1, 4, 0, 0, 0, 2, 0, 1.0, 0, 0, 2, 1, 0, 0, 46.43527603149414, 52.162654876708984], [1, 0, 1, 0.08886104822158813, 0, 1, 8, 3, 10, 0, 0, 0, 0, 1, 1, 5, 0, 0, 0, 2, 0, 1.0, 0, 0, 2, 1, 0, 0, 53.19485855102539, 48.250797271728516], [1, 0, 1, 0.04148790240287781, 0, 1, 8, 3, 10, 0, 0, 0, 0, 1, 1, 5, 0, 0, 0, 2, 0, 1.0, 0, 0, 2, 1, 0, 0, 53.19485855102539, 48.250797271728516], [1, 0, 1, 0.006644010543823242, 0, 1, 8, 4, 11, 0, 0, 0, 0, 2, 1, 4, 0, 0, 0, 3, 0, 1.0, 0, 0, 2, 1, 0, 0, 51.118133544921875, 31.40427589416504], [1, 0, 1, 0.019389227032661438, 1, 1, 8, 4, 11, 1, 0, 0, 0, 2, 1, 4, 0, 0, 0, 3, 1, 1.0, 0, 0, 1, 0, 0, 0, 22.263097763061523, 0.0], [1, 0, 1, 0.0, 0, 1, 8, 4, 11, 0, 0, 0, 0, 2, 1, 5, 0, 0, 0, 3, 0, 1.0, 0, 0, 2, 1, 0, 0, 51.118133544921875, 31.40427589416504], [0, 0, 0, 0.0, 0, 1, 8, 5, 12, 0, 0, 0, 0, 3, 1, 2, 0, 0, 0, 4, 0, 1.0, 0, 0, 1, 0, 0, 0, 26.88395881652832, 0.0], [0, 0, 0, 0.0, 0, 1, 8, 5, 12, 0, 0, 0, 0, 3, 1, 5, 0, 0, 0, 4, 0, 1.0, 0, 0, 1, 0, 0, 0, 26.88395881652832, 0.0], [0, 0, 0, 0.0, 0, 1, 8, 5, 12, 0, 0, 0, 0, 3, 1, 3, 0, 0, 0, 4, 0, 1.0, 0, 0, 1, 0, 0, 0, 26.88395881652832, 0.0], [0, 0, 0, 0.0, 0, 1, 8, 5, 12, 0, 0, 0, 0, 3, 1, 5, 0, 0, 0, 4, 0, 1.0, 0, 0, 1, 0, 0, 0, 26.88395881652832, 0.0], [1, 0, 1, 0.07615926861763, 0, 1, 8, 3, 10, 0, 0, 0, 0, 1, 1, 4, 0, 0, 0, 2, 0, 1.0, 0, 0, 2, 1, 0, 0, 53.19485855102539, 48.250797271728516], [0, 0, 0, 0.007895827293395996, 0, 1, 8, 3, 10, 0, 0, 0, 0, 1, 1, 2, 0, 0, 0, 2, 0, 1.0, 0, 0, 2, 0, 0, 0, 4.944060325622559, 0.6288251876831055], [0, 0, 0, 0.0, 0, 1, 8, 3, 10, 0, 0, 0, 0, 1, 1, 4, 0, 0, 0, 2, 0, 1.0, 0, 0, 1, 0, 0, 0, 4.944060325622559, 0.0], [1, 0, 1, 0.19700443744659424, 0, 1, 8, 3, 10, 0, 0, 0, 0, 1, 1, 4, 0, 0, 0, 2, 0, 1.0, 0, 0, 2, 1, 0, 0, 53.19485855102539, 48.250797271728516], [1, 0, 1, 0.0, 0, 1, 8, 8, 15, 0, 0, 0, 0, 6, 1, 3, 0, 0, 0, 7, 0, 1.0, 0, 0, 2, 1, 0, 0, 60.112186431884766, 27.677867889404297], [0, 0, 0, 0.0, 0, 1, 8, 8, 15, 0, 0, 0, 0, 6, 1, 5, 0, 0, 0, 7, 0, 1.0, 0, 0, 1, 0, 0, 0, 32.906829833984375, 0.0], [1, 0, 1, 0.0, 0, 1, 8, 8, 15, 0, 0, 0, 0, 6, 1, 4, 0, 0, 0, 7, 0, 1.0, 0, 0, 2, 1, 0, 0, 60.112186431884766, 27.20535659790039], [1, 0, 1, 0.0, 0, 1, 8, 8, 15, 0, 0, 0, 0, 6, 1, 3, 0, 0, 0, 7, 0, 1.0, 0, 0, 2, 1, 0, 0, 60.112186431884766, 27.20535659790039], [0, 0, 0, 0.0002599358558654785, 0, 1, 8, 8, 15, 0, 0, 0, 0, 6, 1, 3, 0, 0, 0, 7, 0, 1.0, 0, 0, 1, 0, 0, 0, 32.906829833984375, 0.0], [1, 0, 1, 0.0, 0, 1, 8, 8, 15, 0, 0, 0, 0, 6, 1, 5, 0, 0, 0, 7, 0, 1.0, 0, 0, 2, 1, 0, 0, 60.112186431884766, 27.20535659790039], [0, 0, 0, 0.0, 0, 1, 8, 8, 15, 0, 0, 0, 0, 6, 1, 4, 0, 0, 0, 7, 0, 1.0, 0, 0, 2, 0, 0, 0, 32.906829833984375, 0.0], [1, 0, 0, 0.12508028745651245, 0, 0, 8, 3, 10, 0, 0, 0, 0, 1, 1, 4, 0, 0, 0, 2, 0, 1.0, 0, 0, 0, 1, 0, 0, -7.942379474639893, 0.0], [1, 0, 0, 0.4798430800437927, 0, 0, 8, 3, 10, 0, 0, 0, 0, 1, 1, 3, 0, 0, 0, 2, 0, 1.0, 0, 0, 0, 1, 0, 0, -7.942379474639893, 0.0], [1, 0, 1, 0.36783090233802795, 0, 1, 8, 3, 10, 0, 0, 0, 0, 1, 1, 5, 0, 0, 0, 2, 0, 1.0, 0, 0, 2, 1, 0, 0, 53.19485855102539, 48.250797271728516], [0, 0, 0, 0.08193272352218628, 0, 1, 8, 3, 10, 0, 0, 0, 0, 1, 1, 4, 0, 0, 0, 2, 0, 1.0, 0, 0, 1, 0, 0, 0, 4.944060325622559, 0.0], [1, 0, 1, 0.21414166688919067, 0, 1, 8, 3, 10, 0, 0, 0, 0, 1, 1, 4, 0, 0, 0, 2, 0, 1.0, 0, 0, 2, 1, 0, 0, 53.19485855102539, 48.250797271728516], [1, 0, 1, 0.03675276041030884, 0, 1, 8, 3, 10, 0, 0, 0, 0, 1, 1, 5, 0, 0, 0, 2, 0, 1.0, 0, 0, 2, 1, 0, 0, 53.19485855102539, 51.729915618896484], [1, 0, 0, 0.4291876554489136, 0, 0, 8, 3, 10, 0, 0, 0, 0, 1, 1, 5, 0, 0, 0, 2, 0, 1.0, 0, 0, 0, 1, 0, 0, -7.942379474639893, 0.0], [1, 0, 0, 0.31729379296302795, 0, 0, 8, 3, 10, 0, 0, 0, 0, 1, 1, 3, 0, 0, 0, 2, 0, 1.0, 0, 0, 0, 1, 0, 0, -7.942379474639893, 0.0], [1, 0, 1, 0.016134440898895264, 0, 1, 8, 3, 10, 0, 0, 0, 0, 1, 1, 5, 0, 0, 0, 2, 0, 1.0, 0, 0, 2, 1, 0, 0, 53.19485855102539, 48.250797271728516], [1, 0, 1, 0.0, 0, 1, 8, 3, 10, 0, 0, 0, 0, 1, 1, 5, 0, 0, 0, 2, 0, 1.0, 0, 0, 2, 1, 0, 0, 53.19485855102539, 48.250797271728516], [1, 0, 0, 0.29289400577545166, 0, 0, 8, 3, 10, 0, 0, 0, 0, 1, 1, 5, 0, 0, 0, 2, 0, 1.0, 0, 0, 0, 1, 0, 0, -7.942379474639893, 0.0], [1, 0, 1, 0.03691783547401428, 0, 1, 8, 3, 10, 0, 0, 0, 0, 1, 1, 4, 0, 0, 0, 2, 0, 1.0, 0, 0, 2, 1, 0, 0, 53.19485855102539, 48.250797271728516], [1, 0, 0, 0.2526088356971741, 0, 0, 8, 3, 10, 1, 0, 0, 0, 1, 1, 4, 0, 0, 0, 2, 0, 1.0, 0, 0, 0, 0, 0, 0, -7.942379474639893, 0.0], [1, 0, 0, 0.0, 0, 0, 8, 3, 10, 1, 0, 0, 0, 1, 1, 5, 0, 0, 0, 2, 0, 1.0, 0, 0, 0, 0, 0, 0, -7.942379474639893, 0.0], [1, 0, 0, 0.7530853897333145, 0, 0, 8, 3, 10, 0, 0, 0, 0, 1, 1, 6, 0, 0, 0, 2, 0, 1.0, 0, 0, 0, 1, 0, 0, -7.942379474639893, 0.0], [1, 0, 0, 0.49964743852615356, 0, 0, 8, 3, 10, 0, 0, 0, 0, 1, 1, 5, 0, 0, 0, 2, 0, 1.0, 0, 0, 0, 1, 0, 0, -7.942379474639893, 0.0], [1, 0, 0, 0.0, 0, 0, 8, 3, 10, 0, 1, 0, 0, 1, 1, 3, 0, 0, 0, 2, 0, 1.0, 0, 0, 0, 0, 0, 0, -7.942379474639893, 0.0], [1, 0, 0, 0.0, 0, 0, 8, 3, 10, 1, 0, 0, 0, 1, 1, 4, 0, 0, 0, 2, 0, 1.0, 0, 0, 0, 0, 0, 0, -7.942379474639893, 0.0], [0, 0, 0, 0.003275364637374878, 0, 1, 8, 4, 11, 0, 0, 0, 0, 2, 1, 6, 0, 0, 0, 3, 0, 1.0, 0, 0, 1, 0, 0, 0, 14.049027442932129, 0.0], [0, 0, 0, 0.056555211544036865, 0, 1, 8, 4, 11, 0, 0, 0, 0, 2, 1, 5, 0, 0, 0, 3, 0, 1.0, 0, 0, 1, 0, 0, 0, 14.049027442932129, 0.0], [0, 0, 0, 0.03888672590255737, 0, 1, 8, 4, 11, 0, 0, 0, 0, 2, 1, 5, 0, 0, 0, 3, 0, 1.0, 0, 0, 1, 0, 0, 0, 14.049027442932129, 0.0], [1, 0, 1, 0.0, 0, 1, 8, 8, 15, 0, 0, 0, 0, 6, 1, 5, 0, 0, 0, 7, 0, 1.0, 0, 0, 2, 1, 0, 0, 60.112186431884766, 28.04631805419922], [1, 0, 1, 0.04552960395812988, 0, 1, 8, 8, 15, 0, 0, 0, 0, 6, 1, 5, 0, 0, 0, 7, 0, 1.0, 0, 0, 2, 1, 0, 0, 60.112186431884766, 27.20535659790039], [1, 0, 1, 0.0, 0, 1, 8, 8, 15, 0, 0, 0, 0, 6, 1, 5, 0, 0, 0, 7, 0, 1.0, 0, 0, 2, 1, 0, 0, 60.112186431884766, 28.04631805419922], [1, 0, 1, 0.00904187560081482, 0, 1, 8, 8, 15, 0, 0, 0, 0, 6, 1, 5, 0, 0, 0, 7, 0, 1.0, 0, 0, 2, 1, 0, 0, 60.112186431884766, 27.20535659790039], [1, 0, 1, 0.0, 0, 1, 8, 8, 15, 0, 0, 0, 0, 6, 1, 5, 0, 0, 0, 7, 0, 1.0, 0, 0, 2, 1, 0, 0, 60.112186431884766, 27.20535659790039], [1, 0, 1, 0.0, 0, 1, 8, 8, 15, 0, 0, 0, 0, 6, 1, 3, 0, 0, 0, 7, 0, 1.0, 0, 0, 2, 1, 0, 0, 60.112186431884766, 28.04631805419922], [1, 0, 1, 0.01343458890914917, 0, 1, 8, 8, 15, 0, 0, 0, 0, 6, 1, 5, 0, 0, 0, 7, 0, 1.0, 0, 0, 2, 1, 0, 0, 60.112186431884766, 27.20535659790039], [1, 0, 0, 0.5377539396286011, 0, 0, 8, 3, 10, 0, 0, 0, 0, 1, 1, 5, 0, 0, 0, 2, 0, 1.0, 0, 0, 0, 1, 0, 0, -7.942379474639893, 0.0], [0, 0, 0, 0.12229666113853455, 0, 1, 8, 3, 10, 0, 0, 0, 0, 1, 1, 5, 0, 0, 0, 2, 0, 1.0, 0, 0, 1, 0, 0, 0, 4.944060325622559, 0.0], [0, 0, 0, 0.012671902775764465, 0, 1, 8, 3, 10, 0, 0, 0, 0, 1, 1, 5, 0, 0, 0, 2, 0, 1.0, 0, 0, 1, 0, 0, 0, 4.944060325622559, 0.0], [0, 0, 0, 0.002270340919494629, 0, 1, 8, 3, 10, 0, 0, 0, 0, 1, 1, 4, 0, 0, 0, 2, 0, 1.0, 0, 0, 2, 0, 0, 0, 3.1939380168914795, 0.0], [1, 0, 1, 0.32566773891448975, 0, 1, 8, 3, 10, 0, 0, 0, 0, 1, 1, 4, 0, 0, 0, 2, 0, 1.0, 0, 0, 2, 1, 0, 0, 53.19485855102539, 48.250797271728516], [0, 0, 0, 0.053860217332839966, 0, 1, 8, 3, 10, 0, 0, 0, 0, 1, 1, 4, 0, 0, 0, 2, 0, 1.0, 0, 0, 1, 0, 0, 0, 4.944060325622559, 0.0], [1, 0, 1, 0.0, 0, 1, 8, 8, 15, 0, 0, 0, 0, 6, 1, 5, 0, 0, 0, 7, 0, 1.0, 0, 0, 2, 1, 0, 0, 60.112186431884766, 27.677867889404297], [1, 0, 1, 0.0, 0, 1, 8, 8, 15, 0, 0, 0, 0, 6, 1, 4, 0, 0, 0, 7, 0, 1.0, 0, 0, 2, 1, 0, 0, 60.112186431884766, 27.20535659790039], [1, 0, 1, 0.0, 0, 1, 8, 8, 15, 0, 0, 0, 0, 6, 1, 5, 0, 0, 0, 7, 0, 1.0, 0, 0, 2, 1, 0, 0, 60.112186431884766, 29.81065559387207], [1, 0, 1, 0.0, 0, 1, 8, 8, 15, 0, 0, 0, 0, 6, 1, 5, 0, 0, 0, 7, 0, 1.0, 0, 0, 2, 1, 0, 0, 60.112186431884766, 29.81065559387207], [0, 0, 0, 0.010685756802558899, 0, 1, 8, 8, 15, 0, 0, 0, 0, 6, 1, 5, 0, 0, 0, 7, 0, 1.0, 0, 0, 1, 0, 0, 0, 32.906829833984375, 0.0], [1, 0, 1, 0.0, 0, 1, 8, 8, 15, 0, 0, 0, 0, 6, 1, 5, 0, 0, 0, 7, 0, 1.0, 0, 0, 2, 1, 0, 0, 60.112186431884766, 29.81065559387207], [1, 0, 1, 0.0, 0, 1, 8, 8, 15, 0, 0, 0, 0, 6, 1, 4, 0, 0, 0, 7, 0, 1.0, 0, 0, 2, 1, 0, 0, 60.112186431884766, 27.20535659790039], [1, 0, 0, 0.0, 0, 0, 8, 3, 10, 0, 0, 0, 0, 1, 1, 5, 0, 0, 0, 2, 0, 1.0, 0, 0, 0, 1, 0, 0, -7.942379474639893, 0.0], [0, 0, 0, 0.8189788907766342, 0, 0, 8, 3, 10, 0, 0, 0, 0, 1, 1, 5, 0, 0, 0, 2, 0, 1.0, 0, 0, 0, 0, 0, 0, -7.942379474639893, 0.0], [1, 0, 0, 0.5063039064407349, 0, 0, 8, 3, 10, 0, 0, 0, 0, 1, 1, 4, 0, 0, 0, 2, 0, 1.0, 0, 0, 0, 1, 0, 0, -7.942379474639893, 0.0], [1, 0, 0, 0.0, 0, 0, 8, 3, 10, 0, 0, 0, 0, 1, 1, 3, 0, 0, 0, 2, 0, 1.0, 0, 0, 0, 1, 0, 0, -7.942379474639893, 0.0], [1, 0, 0, 0.0, 0, 0, 8, 3, 10, 0, 0, 0, 0, 1, 1, 4, 0, 0, 0, 2, 0, 1.0, 0, 0, 0, 1, 0, 0, -7.942379474639893, 0.0], [1, 0, 0, 0.0, 0, 0, 8, 3, 10, 0, 0, 0, 0, 1, 1, 5, 0, 0, 0, 2, 0, 1.0, 0, 0, 0, 1, 0, 0, -7.942379474639893, 0.0], [1, 0, 1, 0.09469258785247803, 0, 1, 8, 3, 10, 0, 0, 0, 0, 1, 1, 4, 0, 0, 0, 2, 0, 1.0, 0, 0, 2, 1, 0, 0, 53.19485855102539, 48.250797271728516], [0, 0, 0, 0.001347273588180542, 0, 1, 8, 3, 10, 0, 0, 0, 0, 1, 1, 5, 0, 0, 0, 2, 0, 1.0, 0, 0, 1, 0, 0, 0, 4.944060325622559, 0.0], [1, 0, 1, 0.0, 0, 1, 8, 9, 16, 0, 0, 0, 0, 7, 1, 3, 0, 0, 0, 8, 0, 1.0, 0, 0, 2, 1, 0, 0, 48.83478546142578, 14.855831146240234], [1, 0, 1, 0.05873066186904907, 0, 1, 8, 9, 16, 0, 0, 0, 0, 7, 1, 2, 0, 0, 0, 8, 0, 1.0, 0, 0, 2, 1, 0, 0, 48.83478546142578, 14.855831146240234], [1, 0, 1, 0.051398903131484985, 0, 1, 8, 9, 16, 0, 0, 0, 0, 7, 1, 2, 0, 0, 0, 8, 0, 1.0, 0, 0, 2, 1, 0, 0, 48.83478546142578, 14.855831146240234], [1, 0, 0, 0.0, 0, 1, 8, 9, 16, 0, 0, 0, 0, 7, 1, 5, 0, 0, 0, 8, 0, 1.0, 0, 0, 1, 0, 0, 0, 33.97895431518555, 0.0], [1, 0, 0, 0.0, 0, 1, 8, 9, 16, 0, 0, 0, 0, 7, 1, 5, 0, 0, 0, 8, 0, 1.0, 0, 0, 1, 0, 0, 0, 33.97895431518555, 0.0], [1, 0, 1, 0.03941202163696289, 0, 1, 8, 9, 16, 0, 0, 0, 0, 7, 1, 2, 0, 0, 0, 8, 0, 1.0, 0, 0, 2, 1, 0, 0, 48.83478546142578, 14.855831146240234], [1, 0, 1, 0.010617434978485107, 0, 1, 8, 9, 16, 0, 0, 0, 0, 7, 1, 3, 0, 0, 0, 8, 0, 1.0, 0, 0, 2, 1, 0, 0, 48.83478546142578, 14.855831146240234], [1, 0, 1, 0.041345953941345215, 0, 1, 8, 9, 16, 0, 0, 0, 0, 7, 1, 2, 0, 0, 0, 8, 0, 1.0, 0, 0, 2, 1, 0, 0, 48.83478546142578, 14.855831146240234], [1, 0, 0, 0.3379623293876648, 0, 0, 8, 3, 10, 0, 0, 0, 0, 1, 1, 4, 0, 0, 0, 2, 0, 1.0, 0, 0, 0, 1, 0, 0, -7.942379474639893, 0.0], [0, 0, 0, 0.06628349423408508, 0, 1, 8, 3, 10, 0, 0, 0, 0, 1, 1, 5, 0, 0, 0, 2, 0, 1.0, 0, 0, 1, 0, 0, 0, 1.4649430513381958, 0.0], [0, 0, 0, 0.0, 0, 0, 8, 3, 10, 0, 0, 0, 0, 1, 1, 5, 0, 0, 0, 2, 0, 1.0, 0, 0, 0, 0, 0, 0, -7.942379474639893, 0.0], [1, 0, 1, 0.22115960717201233, 0, 1, 8, 3, 10, 0, 0, 0, 0, 1, 1, 5, 0, 0, 0, 2, 0, 1.0, 0, 0, 2, 1, 0, 0, 53.19485855102539, 58.748374938964844], [1, 0, 1, 0.02269291877746582, 0, 1, 8, 3, 10, 0, 0, 0, 0, 1, 1, 5, 0, 0, 0, 2, 0, 1.0, 0, 0, 2, 1, 0, 0, 53.19485855102539, 48.250797271728516], [0, 0, 0, 0.15222734212875366, 0, 1, 8, 3, 10, 0, 0, 0, 0, 1, 1, 5, 0, 0, 0, 2, 0, 1.0, 0, 0, 1, 0, 0, 0, 4.944060325622559, 0.0], [1, 0, 1, 0.01313742995262146, 0, 1, 8, 3, 10, 0, 0, 0, 0, 1, 1, 3, 0, 0, 0, 2, 0, 1.0, 0, 0, 2, 1, 0, 0, 53.19485855102539, 48.250797271728516], [1, 0, 1, 0.019899755716323853, 0, 1, 8, 3, 10, 0, 0, 0, 0, 1, 1, 5, 0, 0, 0, 2, 0, 1.0, 0, 0, 2, 1, 0, 0, 53.19485855102539, 48.87962341308594], [1, 0, 0, 0.10459136962890625, 0, 0, 8, 3, 10, 0, 0, 0, 0, 1, 1, 4, 0, 0, 0, 2, 0, 1.0, 0, 0, 0, 1, 0, 0, -7.942379474639893, 0.0], [0, 0, 0, 0.03334161639213562, 0, 1, 8, 3, 10, 0, 0, 0, 0, 1, 1, 4, 0, 0, 0, 2, 0, 1.0, 0, 0, 1, 0, 0, 0, 4.944060325622559, 0.0], [1, 0, 1, 0.0029202699661254883, 0, 1, 8, 3, 10, 0, 0, 0, 0, 1, 1, 5, 0, 0, 0, 2, 0, 1.0, 0, 0, 2, 1, 0, 0, 53.19485855102539, 48.250797271728516], [1, 0, 0, 0.6536475121974945, 0, 0, 8, 3, 10, 0, 0, 0, 0, 1, 1, 4, 0, 0, 0, 2, 0, 1.0, 0, 0, 0, 1, 0, 0, -7.942379474639893, 0.0], [1, 0, 1, 0.3759004473686218, 0, 1, 8, 3, 10, 0, 0, 0, 0, 1, 1, 6, 0, 0, 0, 2, 0, 1.0, 0, 0, 2, 1, 0, 0, 53.19485855102539, 48.250797271728516], [1, 0, 0, 0.34530478715896606, 0, 0, 8, 3, 10, 0, 0, 0, 0, 1, 1, 5, 0, 0, 0, 2, 0, 1.0, 0, 0, 0, 1, 0, 0, -7.942379474639893, 0.0], [0, 0, 0, 0.03014269471168518, 0, 1, 8, 3, 10, 0, 0, 0, 0, 1, 1, 3, 0, 0, 0, 2, 0, 1.0, 0, 0, 2, 0, 0, 0, 1.4649431705474854, 1.1920928955078125e-07], [1, 0, 0, 0.27418267726898193, 0, 0, 8, 3, 10, 0, 0, 0, 0, 1, 1, 5, 0, 0, 0, 2, 0, 1.0, 0, 0, 0, 1, 0, 0, -7.942379474639893, 0.0], [1, 0, 0, 0.0, 0, 0, 8, 3, 10, 0, 0, 0, 0, 1, 1, 4, 0, 0, 0, 2, 0, 1.0, 0, 0, 0, 1, 0, 0, -7.942379474639893, 0.0], [1, 0, 1, 0.3073427081108093, 0, 1, 8, 3, 10, 0, 0, 0, 0, 1, 1, 5, 0, 0, 0, 2, 0, 1.0, 0, 0, 2, 1, 0, 0, 53.19485855102539, 48.250797271728516], [1, 0, 0, 0.0, 0, 0, 8, 3, 10, 0, 0, 0, 0, 1, 1, 3, 0, 0, 0, 2, 0, 1.0, 0, 0, 0, 0, 0, 0, -7.942379474639893, 0.0], [0, 0, 0, 0.0, 0, 0, 8, 3, 10, 0, 0, 0, 0, 1, 1, 3, 0, 0, 0, 2, 0, 1.0, 0, 0, 0, 0, 0, 0, -7.942379474639893, 0.0], [0, 0, 0, 0.02891114354133606, 0, 1, 8, 3, 10, 0, 0, 0, 0, 1, 1, 4, 0, 0, 0, 2, 0, 1.0, 0, 0, 1, 0, 0, 0, 4.944060325622559, 0.0], [1, 0, 1, 0.10494717955589294, 0, 1, 8, 3, 10, 0, 0, 0, 0, 1, 1, 4, 0, 0, 0, 2, 0, 1.0, 0, 0, 2, 1, 0, 0, 53.19485855102539, 48.250797271728516], [0, 0, 0, 0.0, 0, 0, 8, 3, 10, 0, 0, 0, 0, 1, 1, 3, 0, 0, 0, 2, 0, 1.0, 0, 0, 0, 0, 0, 0, -7.942379474639893, 0.0], [1, 0, 0, 0.0, 0, 0, 8, 3, 10, 0, 0, 0, 0, 1, 1, 4, 0, 0, 0, 2, 0, 1.0, 0, 0, 0, 0, 0, 0, -7.942379474639893, 0.0], [1, 0, 0, 0.0, 0, 0, 8, 3, 10, 0, 0, 0, 0, 1, 1, 5, 0, 0, 0, 2, 0, 1.0, 0, 0, 0, 0, 0, 0, -7.942379474639893, 0.0], [0, 0, 0, 0.0, 0, 0, 8, 3, 10, 0, 0, 0, 0, 1, 1, 3, 0, 0, 0, 2, 0, 1.0, 0, 0, 0, 0, 0, 0, -7.942379474639893, 0.0], [1, 0, 0, 0.0, 0, 0, 8, 3, 10, 0, 0, 0, 0, 1, 1, 3, 0, 0, 0, 2, 0, 1.0, 0, 0, 0, 1, 0, 0, -7.942379474639893, 0.0], [1, 0, 0, 0.0, 0, 0, 8, 3, 10, 0, 0, 0, 0, 1, 1, 5, 0, 0, 0, 2, 0, 1.0, 0, 0, 0, 1, 0, 0, -7.942379474639893, 0.0], [0, 0, 0, 0.03797394037246704, 0, 1, 8, 3, 10, 1, 1, 0, 0, 1, 1, 3, 0, 0, 0, 2, 0, 1.0, 0, 0, 1, 0, 0, 0, 4.944060325622559, 0.0], [1, 0, 0, 0.0, 0, 0, 8, 3, 10, 0, 0, 0, 0, 1, 1, 5, 0, 0, 0, 2, 0, 1.0, 0, 0, 0, 1, 0, 0, -7.942379474639893, 0.0], [1, 0, 1, 0.07384324073791504, 0, 1, 8, 6, 13, 0, 0, 0, 0, 4, 1, 4, 0, 0, 0, 5, 0, 1.0, 0, 0, 2, 1, 0, 0, 49.728912353515625, 20.15011978149414], [1, 0, 1, 0.0758044421672821, 0, 1, 8, 6, 13, 0, 0, 0, 0, 4, 1, 2, 0, 0, 0, 5, 0, 1.0, 0, 0, 2, 1, 0, 0, 49.728912353515625, 20.15011978149414], [1, 0, 1, 0.06969955563545227, 0, 1, 8, 6, 13, 0, 0, 0, 0, 4, 1, 3, 0, 0, 0, 5, 0, 1.0, 0, 0, 2, 1, 0, 0, 49.728912353515625, 20.15011978149414], [1, 0, 1, 0.12076699733734131, 0, 1, 8, 6, 13, 0, 0, 0, 0, 4, 1, 3, 0, 0, 0, 5, 0, 1.0, 0, 0, 2, 1, 0, 0, 49.728912353515625, 20.15011978149414], [1, 0, 1, 0.07747584581375122, 0, 1, 8, 6, 13, 0, 0, 0, 0, 4, 1, 3, 0, 0, 0, 5, 0, 1.0, 0, 0, 2, 1, 0, 0, 49.728912353515625, 20.15011978149414], [1, 0, 1, 0.11537057161331177, 0, 1, 8, 3, 10, 0, 0, 0, 0, 1, 1, 4, 0, 0, 0, 2, 0, 1.0, 0, 0, 2, 1, 0, 0, 53.19485855102539, 48.250797271728516], [1, 0, 0, 0.696891188621521, 0, 0, 8, 3, 10, 0, 0, 0, 0, 1, 1, 5, 0, 0, 0, 2, 0, 1.0, 0, 0, 0, 1, 0, 0, -7.942379474639893, 0.0], [1, 0, 0, 0.0, 0, 0, 8, 3, 10, 1, 0, 0, 0, 1, 1, 3, 0, 0, 0, 2, 0, 1.0, 0, 0, 0, 0, 0, 0, -7.942379474639893, 0.0], [1, 0, 0, 0.0, 0, 0, 8, 3, 10, 0, 0, 0, 0, 1, 1, 3, 0, 0, 0, 2, 0, 1.0, 0, 0, 0, 0, 0, 0, -7.942379474639893, 0.0], [1, 0, 0, 0.0, 0, 0, 8, 3, 10, 0, 0, 0, 0, 1, 1, 4, 0, 0, 0, 2, 0, 1.0, 0, 0, 0, 0, 0, 0, -7.942379474639893, 0.0], [0, 0, 0, 0.0, 0, 0, 8, 3, 10, 0, 0, 0, 0, 1, 1, 3, 0, 0, 0, 2, 0, 1.0, 0, 0, 0, 0, 0, 0, -7.942379474639893, 0.0], [1, 0, 0, 0.0, 0, 0, 8, 3, 10, 0, 0, 0, 0, 1, 1, 5, 0, 0, 0, 2, 0, 1.0, 0, 0, 0, 1, 0, 0, -7.942379474639893, 0.0], [0, 0, 0, 0.011768370866775513, 0, 1, 8, 3, 10, 0, 0, 0, 0, 1, 1, 2, 0, 0, 0, 2, 0, 1.0, 0, 0, 1, 0, 0, 0, 4.944060325622559, 0.0], [1, 0, 1, 0.0, 0, 1, 8, 4, 11, 0, 0, 0, 0, 2, 1, 5, 0, 0, 0, 3, 0, 1.0, 0, 0, 2, 1, 0, 0, 51.118133544921875, 28.85503578186035], [1, 0, 1, 0.0, 0, 1, 8, 4, 11, 0, 0, 0, 0, 2, 1, 5, 0, 0, 0, 3, 0, 1.0, 0, 0, 2, 1, 0, 0, 51.118133544921875, 28.268335342407227], [1, 0, 1, 0.0, 0, 1, 8, 4, 11, 0, 0, 0, 0, 2, 1, 5, 0, 0, 0, 3, 0, 1.0, 0, 0, 2, 1, 0, 0, 51.118133544921875, 28.268335342407227], [1, 0, 1, 0.007243424654006958, 0, 1, 8, 3, 10, 0, 0, 0, 0, 1, 1, 5, 0, 0, 0, 2, 0, 1.0, 0, 0, 2, 1, 0, 0, 53.19485855102539, 48.250797271728516], [0, 0, 0, 0.0, 0, 1, 8, 3, 10, 0, 0, 0, 0, 1, 1, 5, 0, 0, 0, 2, 0, 1.0, 0, 0, 1, 0, 0, 0, 4.944060325622559, 0.0], [1, 0, 1, 0.15432626008987427, 0, 1, 8, 3, 10, 0, 0, 0, 0, 1, 1, 4, 0, 0, 0, 2, 0, 1.0, 0, 0, 2, 1, 0, 0, 53.19485855102539, 51.729915618896484], [1, 0, 1, 0.017068952322006226, 0, 1, 8, 3, 10, 0, 0, 0, 0, 1, 1, 4, 0, 0, 0, 2, 0, 1.0, 0, 0, 2, 1, 0, 0, 53.19485855102539, 48.250797271728516], [1, 0, 0, 0.0, 0, 0, 8, 3, 10, 0, 0, 0, 0, 1, 1, 5, 0, 0, 0, 2, 0, 1.0, 0, 0, 0, 1, 0, 0, -7.942379474639893, 0.0], [1, 0, 0, 0.0, 0, 0, 8, 3, 10, 0, 0, 0, 0, 1, 1, 5, 0, 0, 0, 2, 0, 1.0, 0, 0, 0, 1, 0, 0, -7.942379474639893, 0.0], [1, 0, 0, 0.8271473050117493, 0, 0, 8, 3, 10, 0, 0, 0, 0, 1, 1, 5, 0, 0, 0, 2, 0, 1.0, 0, 0, 0, 1, 0, 0, -7.942379474639893, 0.0], [1, 0, 0, 0.8074855804443359, 0, 0, 8, 3, 10, 0, 0, 0, 0, 1, 1, 4, 0, 0, 0, 2, 0, 1.0, 0, 0, 0, 1, 0, 0, -7.942379474639893, 0.0], [1, 0, 1, 0.0, 0, 1, 8, 13, 20, 0, 0, 0, 0, 11, 1, 5, 0, 0, 0, 12, 0, 1.0, 0, 0, 2, 1, 0, 0, 48.16401290893555, 11.950538635253906], [1, 0, 1, 0.0, 0, 1, 8, 13, 20, 0, 0, 0, 0, 11, 1, 5, 0, 0, 0, 12, 0, 1.0, 0, 0, 2, 1, 0, 0, 48.16401290893555, 11.950538635253906], [1, 0, 1, 0.0, 0, 1, 8, 13, 20, 0, 0, 0, 0, 11, 1, 5, 0, 0, 0, 12, 0, 1.0, 0, 0, 2, 1, 0, 0, 48.16401290893555, 11.950538635253906], [1, 0, 1, 0.0, 0, 1, 8, 13, 20, 0, 0, 0, 0, 11, 1, 5, 0, 0, 0, 12, 0, 1.0, 0, 0, 2, 1, 0, 0, 48.16401290893555, 12.24038314819336], [1, 0, 1, 0.0, 0, 1, 8, 13, 20, 0, 0, 0, 0, 11, 1, 5, 0, 0, 0, 12, 0, 1.0, 0, 0, 2, 1, 0, 0, 48.16401290893555, 11.950538635253906], [1, 0, 1, 0.0, 0, 1, 8, 13, 20, 0, 0, 0, 0, 11, 1, 5, 0, 0, 0, 12, 0, 1.0, 0, 0, 2, 1, 0, 0, 48.16401290893555, 11.950538635253906], [1, 0, 1, 0.0, 0, 1, 8, 13, 20, 0, 0, 0, 0, 11, 1, 5, 0, 0, 0, 12, 0, 1.0, 0, 0, 2, 1, 0, 0, 48.16401290893555, 11.950538635253906], [0, 0, 0, 0.00036665797233581543, 0, 1, 8, 13, 20, 0, 0, 0, 0, 11, 1, 5, 0, 0, 0, 12, 0, 1.0, 0, 0, 1, 0, 0, 0, 36.21347427368164, 0.0], [1, 0, 1, 0.0, 0, 1, 8, 13, 20, 0, 0, 0, 0, 11, 1, 5, 0, 0, 0, 12, 0, 1.0, 0, 0, 2, 1, 0, 0, 48.16401290893555, 11.950538635253906], [1, 0, 1, 0.0, 0, 1, 8, 13, 20, 0, 0, 0, 0, 11, 1, 5, 0, 0, 0, 12, 0, 1.0, 0, 0, 2, 1, 0, 0, 48.16401290893555, 11.950538635253906], [1, 0, 1, 0.0, 0, 1, 8, 13, 20, 0, 0, 0, 0, 11, 1, 5, 0, 0, 0, 12, 0, 1.0, 0, 0, 2, 1, 0, 0, 48.16401290893555, 11.950538635253906], [1, 0, 1, 0.0, 0, 1, 8, 13, 20, 0, 0, 0, 0, 11, 1, 5, 0, 0, 0, 12, 0, 1.0, 0, 0, 2, 1, 0, 0, 48.16401290893555, 11.950538635253906], [1, 0, 1, 0.0, 0, 1, 8, 13, 20, 0, 0, 0, 0, 11, 1, 5, 0, 0, 0, 12, 0, 1.0, 0, 0, 2, 1, 0, 0, 48.16401290893555, 11.950538635253906], [1, 0, 1, 0.0, 0, 1, 8, 13, 20, 0, 0, 0, 0, 11, 1, 5, 0, 0, 0, 12, 0, 1.0, 0, 0, 2, 1, 0, 0, 48.16401290893555, 12.24038314819336], [1, 0, 1, 0.0, 0, 1, 8, 3, 10, 0, 0, 0, 0, 1, 1, 5, 0, 0, 0, 2, 0, 1.0, 0, 0, 2, 1, 0, 0, 53.19485855102539, 48.250797271728516], [0, 0, 0, 0.043553829193115234, 0, 1, 8, 3, 10, 0, 0, 0, 0, 1, 1, 2, 0, 0, 0, 2, 0, 1.0, 0, 0, 1, 0, 0, 0, 4.944060325622559, 0.0], [1, 0, 1, 0.053574442863464355, 0, 1, 8, 3, 10, 0, 0, 0, 0, 1, 1, 4, 0, 0, 0, 2, 0, 1.0, 0, 0, 2, 1, 0, 0, 53.19485855102539, 48.250797271728516], [1, 0, 1, 0.010371804237365723, 0, 1, 8, 3, 10, 0, 0, 0, 0, 1, 1, 5, 0, 0, 0, 2, 0, 1.0, 0, 0, 2, 1, 0, 0, 53.19485855102539, 48.250797271728516], [1, 0, 1, 0.0, 0, 1, 8, 3, 10, 0, 0, 0, 0, 1, 1, 5, 0, 0, 0, 2, 0, 1.0, 0, 0, 2, 1, 0, 0, 53.19485855102539, 49.343021392822266], [1, 0, 1, 0.1624951958656311, 0, 1, 8, 3, 10, 0, 0, 0, 0, 1, 1, 3, 0, 0, 0, 2, 0, 1.0, 0, 0, 2, 1, 0, 0, 53.19485855102539, 51.729915618896484], [0, 0, 0, 0.0028505921363830566, 0, 1, 8, 3, 10, 0, 0, 0, 0, 1, 1, 3, 0, 0, 0, 2, 0, 1.0, 0, 0, 1, 0, 0, 0, 4.944060325622559, 3.4791171550750732], [1, 0, 1, 0.04704219102859497, 0, 1, 8, 3, 10, 0, 0, 0, 0, 1, 1, 4, 0, 0, 0, 2, 0, 1.0, 0, 0, 2, 1, 0, 0, 53.19485855102539, 51.729915618896484], [0, 0, 0, 0.006875097751617432, 0, 1, 8, 3, 10, 0, 0, 0, 0, 1, 1, 4, 0, 0, 0, 2, 0, 1.0, 0, 0, 1, 0, 0, 0, 4.944060325622559, 0.0], [1, 0, 0, 0.3060528039932251, 0, 0, 8, 3, 10, 0, 0, 0, 0, 1, 1, 5, 0, 0, 0, 2, 0, 1.0, 0, 0, 0, 1, 0, 0, -7.942379474639893, 0.0], [1, 0, 1, 0.03140002489089966, 0, 1, 8, 3, 10, 0, 0, 0, 0, 1, 1, 2, 0, 0, 0, 2, 0, 1.0, 0, 0, 2, 1, 0, 0, 53.19485855102539, 48.250797271728516], [1, 0, 1, 0.0, 0, 1, 8, 3, 10, 0, 0, 0, 0, 1, 1, 5, 0, 0, 0, 2, 0, 1.0, 0, 0, 2, 1, 0, 0, 53.19485855102539, 48.250797271728516], [1, 0, 1, 0.3085571527481079, 0, 1, 8, 4, 11, 0, 0, 0, 0, 2, 1, 4, 0, 0, 0, 3, 0, 1.0, 0, 0, 2, 1, 0, 0, 51.118133544921875, 28.268335342407227], [1, 0, 1, 0.05178302526473999, 0, 1, 8, 4, 11, 0, 0, 0, 0, 2, 1, 5, 0, 0, 0, 3, 0, 1.0, 0, 0, 2, 1, 0, 0, 51.118133544921875, 28.268335342407227], [1, 0, 1, 0.1243903636932373, 0, 1, 8, 4, 11, 0, 0, 0, 0, 2, 1, 5, 0, 0, 0, 3, 0, 1.0, 0, 0, 2, 1, 0, 0, 51.118133544921875, 30.138399124145508], [1, 0, 0, 0.5364509969949722, 0, 0, 8, 3, 10, 0, 1, 0, 0, 1, 1, 4, 0, 0, 0, 2, 0, 1.0, 0, 0, 0, 0, 0, 0, -7.942379474639893, 0.0], [0, 0, 0, 0.0, 0, 0, 8, 3, 10, 0, 0, 0, 0, 1, 1, 3, 0, 0, 0, 2, 0, 1.0, 0, 0, 0, 0, 0, 0, -7.942379474639893, 0.0], [1, 0, 0, 0.41382044553756714, 0, 0, 8, 3, 10, 0, 0, 0, 0, 1, 1, 4, 0, 0, 0, 2, 0, 1.0, 0, 0, 0, 1, 0, 0, -7.942379474639893, 0.0], [1, 0, 0, 0.0, 0, 0, 8, 3, 10, 0, 0, 0, 0, 1, 1, 4, 0, 0, 0, 2, 0, 1.0, 0, 0, 0, 1, 0, 0, -7.942379474639893, 0.0], [1, 0, 1, 0.0, 0, 1, 8, 3, 10, 0, 0, 0, 0, 1, 1, 4, 0, 0, 0, 2, 0, 1.0, 0, 0, 2, 1, 0, 0, 53.19485855102539, 48.250797271728516], [1, 0, 0, 0.0, 0, 0, 8, 3, 10, 0, 0, 0, 0, 1, 1, 3, 0, 0, 0, 2, 0, 1.0, 0, 0, 0, 1, 0, 0, -7.942379474639893, 0.0], [0, 0, 0, 0.09237542748451233, 0, 1, 8, 3, 10, 0, 0, 0, 0, 1, 1, 5, 0, 0, 0, 2, 0, 1.0, 0, 0, 1, 0, 0, 0, 1.4649431705474854, 0.0], [0, 0, 0, 0.0, 0, 0, 8, 3, 10, 0, 0, 0, 0, 1, 1, 5, 0, 0, 0, 2, 0, 1.0, 0, 0, 0, 0, 0, 0, -7.942379474639893, 0.0], [1, 0, 1, 0.07840171456336975, 0, 1, 8, 8, 15, 0, 0, 0, 0, 6, 1, 5, 0, 0, 0, 7, 0, 1.0, 0, 0, 2, 1, 0, 0, 60.112186431884766, 27.20535659790039], [1, 0, 0, 0.0784061849117279, 0, 1, 8, 8, 15, 0, 0, 0, 0, 6, 1, 5, 0, 0, 0, 7, 0, 1.0, 0, 0, 1, 0, 0, 0, 32.906829833984375, 0.0], [1, 0, 0, 0.13093054294586182, 0, 1, 8, 8, 15, 0, 0, 0, 0, 6, 1, 5, 0, 0, 0, 7, 0, 1.0, 0, 0, 1, 0, 0, 0, 32.906829833984375, 0.0], [1, 0, 1, 0.02567899227142334, 0, 1, 8, 8, 15, 0, 0, 0, 0, 6, 1, 5, 0, 0, 0, 7, 0, 1.0, 0, 0, 2, 1, 0, 0, 60.112186431884766, 27.20535659790039], [1, 0, 1, 0.09308004379272461, 0, 1, 8, 8, 15, 0, 0, 0, 0, 6, 1, 5, 0, 0, 0, 7, 0, 1.0, 0, 0, 2, 1, 0, 0, 60.112186431884766, 27.20535659790039], [1, 0, 1, 0.08227309584617615, 0, 1, 8, 8, 15, 0, 0, 0, 0, 6, 1, 5, 0, 0, 0, 7, 0, 1.0, 0, 0, 2, 1, 0, 0, 60.112186431884766, 27.20535659790039], [1, 0, 1, 0.11962956190109253, 0, 1, 8, 8, 15, 0, 0, 0, 0, 6, 1, 5, 0, 0, 0, 7, 0, 1.0, 0, 0, 2, 1, 0, 0, 60.112186431884766, 27.20535659790039], [1, 0, 0, 0.0, 0, 1, 8, 3, 10, 0, 1, 0, 0, 1, 1, 4, 0, 0, 0, 2, 0, 1.0, 0, 0, 1, 0, 0, 0, 4.944060325622559, 0.0], [0, 0, 0, 0.0, 0, 0, 8, 3, 10, 0, 0, 0, 0, 1, 1, 3, 0, 0, 0, 2, 0, 1.0, 0, 0, 0, 0, 0, 0, -7.942379474639893, 0.0], [1, 0, 1, 0.1983603537082672, 0, 1, 8, 5, 12, 0, 0, 0, 0, 3, 1, 3, 0, 0, 0, 4, 0, 1.0, 0, 0, 2, 1, 0, 0, 50.270912170410156, 24.33956527709961], [1, 0, 1, 0.2706886827945709, 0, 1, 8, 5, 12, 0, 0, 0, 0, 3, 1, 4, 0, 0, 0, 4, 0, 1.0, 0, 0, 2, 1, 0, 0, 50.270912170410156, 23.94035530090332], [1, 0, 1, 0.23606371879577637, 0, 1, 8, 5, 12, 0, 0, 0, 0, 3, 1, 3, 0, 0, 0, 4, 0, 1.0, 0, 0, 2, 1, 0, 0, 50.270912170410156, 23.94035530090332], [1, 0, 1, 0.0, 0, 1, 8, 5, 12, 0, 0, 0, 0, 3, 1, 4, 0, 0, 0, 4, 0, 1.0, 0, 0, 2, 1, 0, 0, 50.270912170410156, 26.27330780029297], [1, 0, 0, 0.0, 0, 0, 8, 3, 10, 1, 0, 0, 0, 1, 1, 5, 0, 0, 0, 2, 0, 1.0, 0, 0, 0, 0, 0, 0, -7.942379474639893, 0.0], [0, 0, 0, 0.0, 0, 0, 8, 3, 10, 0, 0, 0, 0, 1, 1, 3, 0, 0, 0, 2, 0, 1.0, 0, 0, 0, 0, 0, 0, -7.942379474639893, 0.0], [1, 0, 1, 0.3189903497695923, 0, 1, 8, 3, 10, 0, 0, 0, 0, 1, 1, 5, 0, 0, 0, 2, 0, 1.0, 0, 0, 2, 1, 0, 0, 53.19485855102539, 58.748374938964844], [1, 0, 1, 0.09142473340034485, 0, 1, 8, 3, 10, 0, 0, 0, 0, 1, 1, 2, 0, 0, 0, 2, 1, 0.5, 0, 0, 2, 1, 0, 0, 53.19485855102539, 59.0588493347168], [0, 0, 0, 0.0017684698104858398, 0, 1, 8, 3, 10, 0, 0, 0, 0, 1, 1, 4, 0, 0, 0, 2, 0, 1.0, 0, 0, 1, 0, 0, 0, 4.944060325622559, 0.0], [1, 0, 0, 0.8260170072317123, 0, 0, 8, 3, 10, 0, 0, 0, 0, 1, 1, 3, 0, 0, 0, 2, 0, 1.0, 0, 0, 0, 1, 0, 0, -7.942379474639893, 0.0], [0, 0, 0, 0.15310990810394287, 0, 1, 8, 3, 10, 0, 0, 0, 0, 1, 1, 5, 0, 0, 0, 2, 0, 1.0, 0, 0, 1, 0, 0, 0, 4.944060325622559, 0.0], [0, 0, 0, 0.08278860151767731, 0, 1, 8, 3, 10, 0, 0, 0, 0, 1, 1, 4, 0, 0, 0, 2, 0, 1.0, 0, 0, 1, 0, 0, 0, 4.944060325622559, 0.0], [1, 0, 1, 0.505068302154541, 0, 1, 8, 3, 10, 0, 0, 0, 0, 1, 1, 4, 0, 0, 0, 2, 0, 1.0, 0, 0, 2, 1, 0, 0, 53.19485855102539, 48.250797271728516], [1, 0, 0, 0.03914761543273926, 0, 1, 8, 3, 10, 1, 0, 0, 0, 1, 1, 4, 0, 0, 0, 2, 0, 1.0, 0, 0, 1, 0, 0, 0, 4.944060325622559, 0.0], [1, 0, 0, 0.006493121385574341, 0, 0, 8, 3, 10, 0, 0, 0, 0, 1, 1, 4, 0, 0, 0, 2, 0, 1.0, 0, 0, 0, 1, 0, 0, -7.942379474639893, 0.0], [1, 0, 0, 0.017875850200653076, 0, 0, 8, 3, 10, 0, 0, 0, 0, 1, 1, 4, 0, 0, 0, 2, 0, 1.0, 0, 0, 0, 1, 0, 0, -7.942379474639893, 0.0], [1, 0, 1, 0.13151001930236816, 0, 1, 8, 4, 11, 0, 0, 0, 0, 2, 1, 3, 0, 0, 0, 3, 0, 1.0, 0, 0, 2, 1, 0, 0, 51.118133544921875, 28.268335342407227], [1, 0, 1, 0.2557183504104614, 0, 1, 8, 4, 11, 0, 0, 0, 0, 2, 1, 4, 0, 0, 0, 3, 0, 1.0, 0, 0, 2, 1, 0, 0, 51.118133544921875, 28.268335342407227], [1, 0, 1, 0.3248191773891449, 0, 1, 8, 4, 11, 0, 0, 0, 0, 2, 1, 5, 0, 0, 0, 3, 0, 1.0, 0, 0, 2, 1, 0, 0, 51.118133544921875, 28.268335342407227], [0, 0, 0, 0.0, 0, 0, 8, 3, 10, 0, 0, 0, 0, 1, 1, 3, 0, 0, 0, 2, 0, 1.0, 0, 0, 0, 0, 0, 0, -7.942379474639893, 0.0], [1, 0, 0, 0.4830583333969116, 0, 0, 8, 3, 10, 0, 1, 0, 0, 1, 1, 5, 0, 0, 0, 2, 0, 1.0, 0, 0, 0, 0, 0, 0, -7.942379474639893, 0.0], [1, 0, 1, 0.33812838792800903, 0, 1, 8, 5, 12, 0, 0, 0, 0, 3, 1, 4, 0, 0, 0, 4, 0, 1.0, 0, 0, 2, 1, 0, 0, 50.270912170410156, 23.386953353881836], [1, 0, 1, 0.05680689215660095, 0, 1, 8, 5, 12, 0, 0, 0, 0, 3, 1, 5, 0, 0, 0, 4, 0, 1.0, 0, 0, 2, 1, 0, 0, 50.270912170410156, 23.386953353881836], [1, 0, 1, 0.2504541575908661, 0, 1, 8, 5, 12, 0, 0, 0, 0, 3, 1, 5, 0, 0, 0, 4, 0, 1.0, 0, 0, 2, 1, 0, 0, 50.270912170410156, 23.386953353881836], [1, 0, 1, 0.2624863386154175, 0, 1, 8, 5, 12, 0, 0, 0, 0, 3, 1, 5, 0, 0, 0, 4, 0, 1.0, 0, 0, 2, 1, 0, 0, 50.270912170410156, 23.386953353881836], [0, 0, 0, 0.008334547281265259, 0, 1, 8, 3, 10, 0, 0, 0, 0, 1, 1, 5, 0, 0, 0, 2, 0, 1.0, 0, 0, 1, 0, 0, 0, 4.944060325622559, 0.0], [1, 0, 1, 0.3593686819076538, 0, 1, 8, 3, 10, 0, 0, 0, 0, 1, 1, 4, 0, 0, 0, 2, 0, 1.0, 0, 0, 2, 1, 0, 0, 53.19485855102539, 48.250797271728516], [1, 0, 1, 0.33297064900398254, 0, 1, 8, 4, 11, 0, 0, 0, 0, 2, 1, 4, 0, 0, 0, 3, 0, 1.0, 0, 0, 2, 1, 0, 0, 51.118133544921875, 28.268335342407227], [0, 0, 0, 0.044617921113967896, 0, 1, 8, 4, 11, 0, 0, 0, 0, 2, 1, 3, 0, 0, 0, 3, 0, 1.0, 0, 0, 1, 0, 0, 0, 22.84979820251465, 0.0], [1, 0, 1, 0.29176822304725647, 0, 1, 8, 4, 11, 0, 0, 0, 0, 2, 1, 4, 0, 0, 0, 3, 0, 1.0, 0, 0, 2, 1, 0, 0, 51.118133544921875, 28.268335342407227], [1, 0, 1, 0.2345779538154602, 0, 1, 8, 3, 10, 0, 0, 0, 0, 1, 1, 5, 0, 0, 0, 2, 0, 1.0, 0, 0, 2, 1, 0, 0, 53.19485855102539, 48.250797271728516], [0, 0, 0, 0.019710898399353027, 0, 1, 8, 3, 10, 0, 0, 0, 0, 1, 1, 4, 0, 0, 0, 2, 0, 1.0, 0, 0, 1, 0, 0, 0, 4.944060325622559, 0.0], [0, 0, 0, 0.005724415183067322, 0, 1, 8, 4, 11, 0, 0, 0, 0, 2, 1, 4, 0, 0, 0, 3, 0, 1.0, 0, 0, 1, 0, 0, 0, 22.84979820251465, 0.0], [0, 0, 0, 0.0, 0, 1, 8, 4, 11, 0, 0, 0, 0, 2, 1, 4, 0, 0, 0, 3, 0, 1.0, 0, 0, 1, 0, 0, 0, 22.84979820251465, 0.0], [1, 0, 1, 0.13702954351902008, 0, 1, 8, 4, 11, 0, 0, 0, 0, 2, 1, 4, 0, 0, 0, 3, 0, 1.0, 0, 0, 2, 1, 0, 0, 51.118133544921875, 28.268335342407227], [1, 0, 1, 0.049378156661987305, 0, 1, 8, 8, 15, 0, 0, 0, 0, 6, 1, 4, 0, 0, 0, 7, 0, 1.0, 0, 0, 2, 1, 0, 0, 49.06053161621094, 16.62621307373047], [1, 0, 1, 0.03972828388214111, 0, 1, 8, 8, 15, 0, 0, 0, 0, 6, 1, 4, 0, 0, 0, 7, 0, 1.0, 0, 0, 2, 1, 0, 0, 49.06053161621094, 16.153701782226562], [1, 0, 1, 0.07287222146987915, 0, 1, 8, 8, 15, 0, 0, 0, 0, 6, 1, 5, 0, 0, 0, 7, 0, 1.0, 0, 0, 2, 1, 0, 0, 49.06053161621094, 16.153701782226562], [1, 0, 1, 0.06805604696273804, 0, 1, 8, 8, 15, 0, 0, 0, 0, 6, 1, 4, 0, 0, 0, 7, 0, 1.0, 0, 0, 2, 1, 0, 0, 49.06053161621094, 16.153701782226562], [1, 0, 1, 0.003268599510192871, 0, 1, 8, 8, 15, 0, 0, 0, 0, 6, 1, 4, 0, 0, 0, 7, 0, 1.0, 0, 0, 2, 1, 0, 0, 49.06053161621094, 16.153701782226562], [1, 0, 1, 0.03928482532501221, 0, 1, 8, 8, 15, 0, 0, 0, 0, 6, 1, 3, 0, 0, 0, 7, 0, 1.0, 0, 0, 2, 1, 0, 0, 49.06053161621094, 16.153701782226562], [1, 0, 1, 0.01883837580680847, 0, 1, 8, 8, 15, 0, 0, 0, 0, 6, 1, 4, 0, 0, 0, 7, 0, 1.0, 0, 0, 2, 1, 0, 0, 49.06053161621094, 16.153701782226562], [0, 0, 0, 0.05062437057495117, 0, 1, 8, 7, 14, 0, 0, 0, 0, 5, 1, 4, 0, 0, 0, 6, 0, 1.0, 0, 0, 1, 0, 0, 0, 32.99547576904297, 0.4891357421875], [1, 0, 1, 0.0, 0, 1, 8, 7, 14, 0, 0, 0, 0, 5, 1, 5, 0, 0, 0, 6, 0, 1.0, 0, 0, 2, 1, 0, 0, 63.1537971496582, 30.158321380615234], [0, 0, 0, 0.02134653925895691, 0, 1, 8, 7, 14, 0, 0, 0, 0, 5, 1, 4, 0, 0, 0, 6, 0, 1.0, 0, 0, 1, 0, 0, 0, 32.99547576904297, 0.0], [0, 0, 0, 0.04785573482513428, 0, 1, 8, 7, 14, 0, 0, 0, 0, 5, 1, 4, 0, 0, 0, 6, 0, 1.0, 0, 0, 1, 0, 0, 0, 32.99547576904297, 0.0], [0, 0, 0, 0.049904584884643555, 0, 1, 8, 7, 14, 0, 0, 0, 0, 5, 1, 5, 0, 0, 0, 6, 0, 1.0, 0, 0, 1, 0, 0, 0, 32.99547576904297, 0.4891357421875], [0, 0, 0, 0.045069336891174316, 0, 1, 8, 7, 14, 0, 0, 0, 0, 5, 1, 5, 0, 0, 0, 6, 0, 1.0, 0, 0, 1, 0, 0, 0, 32.99547576904297, 0.4891357421875], [1, 0, 0, 0.0, 0, 0, 8, 3, 10, 1, 1, 0, 0, 1, 1, 4, 0, 0, 0, 2, 0, 1.0, 0, 0, 0, 0, 0, 0, -7.942379474639893, 0.0], [1, 0, 0, 0.0, 0, 0, 8, 3, 10, 0, 0, 0, 0, 1, 1, 3, 0, 0, 0, 2, 0, 1.0, 0, 0, 0, 0, 0, 0, -7.942379474639893, 0.0], [1, 0, 0, 0.32650184631347656, 0, 0, 8, 3, 10, 0, 0, 0, 0, 1, 1, 4, 0, 0, 0, 2, 0, 1.0, 0, 0, 0, 1, 0, 0, -7.942379474639893, 0.0], [1, 0, 1, 0.2004162073135376, 0, 1, 8, 3, 10, 0, 0, 0, 0, 1, 1, 4, 0, 0, 0, 2, 0, 1.0, 0, 0, 2, 1, 0, 0, 53.19485855102539, 48.250797271728516], [1, 0, 1, 0.10535049438476562, 0, 1, 8, 3, 10, 0, 0, 0, 0, 1, 1, 5, 0, 0, 0, 2, 0, 1.0, 0, 0, 2, 1, 0, 0, 53.19485855102539, 48.250797271728516], [1, 0, 0, 0.5811729431152344, 0, 0, 8, 3, 10, 0, 0, 0, 0, 1, 1, 5, 0, 0, 0, 2, 0, 1.0, 0, 0, 0, 1, 0, 0, -7.942379474639893, 0.0], [0, 0, 0, 0.0004982352256774902, 0, 1, 8, 3, 10, 0, 0, 0, 0, 1, 1, 4, 0, 0, 0, 2, 0, 1.0, 0, 0, 1, 0, 0, 0, 4.315235137939453, 2.8502919673919678], [1, 0, 0, 0.0, 0, 0, 8, 3, 10, 0, 0, 0, 0, 1, 1, 5, 0, 0, 0, 2, 0, 1.0, 0, 0, 0, 1, 0, 0, -7.942379474639893, 0.0], [0, 0, 0, 0.006934553384780884, 0, 1, 8, 3, 10, 0, 0, 0, 0, 1, 1, 5, 0, 0, 0, 2, 0, 1.0, 0, 0, 1, 0, 0, 0, 4.944060325622559, 0.0], [0, 0, 0, 0.02033442258834839, 0, 1, 8, 3, 10, 0, 0, 0, 0, 1, 1, 4, 0, 0, 0, 2, 0, 1.0, 0, 0, 1, 0, 0, 0, 4.944060325622559, 0.0], [1, 0, 0, 0.6538250148296356, 0, 0, 8, 3, 10, 0, 0, 0, 0, 1, 1, 4, 0, 0, 0, 2, 0, 1.0, 0, 0, 0, 1, 0, 0, -7.942379474639893, 0.0], [1, 0, 1, 0.1155439019203186, 0, 1, 8, 3, 10, 0, 0, 0, 0, 1, 1, 4, 0, 0, 0, 2, 0, 1.0, 0, 0, 2, 1, 0, 0, 53.19485855102539, 48.250797271728516], [1, 0, 0, 0.6467087864875793, 0, 0, 8, 3, 10, 0, 0, 0, 0, 1, 1, 6, 0, 0, 0, 2, 0, 1.0, 0, 0, 0, 1, 0, 0, -7.942379474639893, 0.0], [0, 0, 0, 0.016186624765396118, 0, 1, 8, 3, 10, 0, 0, 0, 0, 1, 1, 3, 0, 0, 0, 2, 0, 1.0, 0, 0, 2, 0, 0, 0, 4.315235137939453, 2.8502919673919678], [1, 0, 1, 0.3901227116584778, 0, 1, 8, 3, 10, 0, 0, 0, 0, 1, 1, 4, 0, 0, 0, 2, 0, 1.0, 0, 0, 2, 1, 0, 0, 53.19485855102539, 48.250797271728516], [1, 0, 0, 0.23137089610099792, 0, 0, 8, 3, 10, 0, 0, 0, 0, 1, 1, 3, 0, 0, 0, 2, 0, 1.0, 0, 0, 0, 1, 0, 0, -7.942379474639893, 0.0], [1, 0, 1, 0.0, 0, 1, 8, 3, 10, 0, 0, 0, 0, 1, 1, 4, 0, 0, 0, 2, 0, 1.0, 0, 0, 2, 1, 0, 0, 53.19485855102539, 48.250797271728516], [1, 0, 1, 0.1294272243976593, 0, 1, 8, 3, 10, 0, 0, 0, 0, 1, 1, 5, 0, 0, 0, 2, 0, 1.0, 0, 0, 2, 1, 0, 0, 53.19485855102539, 48.250797271728516], [0, 0, 0, 0.06861114501953125, 0, 1, 8, 3, 10, 0, 0, 0, 0, 1, 1, 5, 0, 0, 0, 2, 0, 1.0, 0, 0, 1, 0, 0, 0, -3.819728136062622, 0.0], [0, 0, 0, 0.07913124561309814, 0, 1, 8, 3, 10, 0, 0, 0, 0, 1, 1, 5, 0, 0, 0, 2, 0, 1.0, 0, 0, 1, 0, 0, 0, -3.819728136062622, 0.0], [1, 0, 1, 0.0, 0, 1, 8, 6, 13, 0, 0, 0, 0, 4, 1, 4, 0, 0, 0, 5, 0, 1.0, 0, 0, 2, 1, 0, 0, 55.78998947143555, 35.81071090698242], [1, 0, 1, 0.0, 0, 1, 8, 6, 13, 0, 0, 0, 0, 4, 1, 5, 0, 0, 0, 5, 0, 1.0, 0, 0, 2, 1, 0, 0, 55.65155792236328, 35.682743072509766], [1, 0, 1, 0.0, 0, 1, 8, 6, 13, 0, 0, 0, 0, 4, 1, 4, 0, 0, 0, 5, 0, 1.0, 0, 0, 2, 1, 0, 0, 55.65155792236328, 35.682743072509766], [1, 0, 1, 0.0, 0, 1, 8, 6, 13, 0, 0, 0, 0, 4, 1, 4, 0, 0, 0, 5, 0, 1.0, 0, 0, 2, 1, 0, 0, 55.842220306396484, 35.55384063720703], [1, 0, 1, 0.04936860501766205, 0, 1, 8, 6, 13, 0, 0, 0, 0, 4, 1, 3, 0, 0, 0, 5, 0, 1.0, 0, 0, 2, 1, 0, 0, 55.842220306396484, 34.70294189453125], [0, 0, 0, 0.0, 0, 0, 8, 3, 10, 0, 0, 0, 0, 1, 1, 3, 0, 0, 0, 2, 0, 1.0, 0, 0, 0, 0, 0, 0, -7.942379474639893, 0.0], [0, 0, 0, 0.0, 0, 0, 8, 3, 10, 0, 0, 0, 0, 1, 1, 3, 0, 0, 0, 2, 0, 1.0, 0, 0, 0, 0, 0, 0, -7.942379474639893, 0.0], [0, 0, 0, 0.07480576634407043, 0, 1, 8, 3, 10, 0, 0, 0, 0, 1, 1, 5, 0, 0, 0, 2, 0, 1.0, 0, 0, 1, 0, 0, 0, 1.4649431705474854, 0.0], [0, 0, 0, 0.010926052927970886, 0, 1, 8, 3, 10, 0, 0, 0, 0, 1, 1, 5, 0, 0, 0, 2, 0, 1.0, 0, 0, 2, 0, 0, 0, 4.315235137939453, 2.8502919673919678], [0, 0, 0, 0.010772883892059326, 0, 1, 8, 3, 10, 0, 0, 0, 0, 1, 1, 2, 0, 0, 0, 2, 0, 1.0, 0, 0, 1, 0, 0, 0, 4.944060325622559, 0.6288251876831055], [1, 0, 1, 0.0, 0, 1, 8, 3, 10, 0, 0, 0, 0, 1, 1, 4, 0, 0, 0, 2, 0, 1.0, 0, 0, 2, 1, 0, 0, 53.19485855102539, 50.46745300292969], [0, 0, 0, 0.0, 0, 0, 8, 3, 10, 0, 0, 0, 0, 1, 1, 3, 0, 0, 0, 2, 0, 1.0, 0, 0, 0, 0, 0, 0, -7.942379474639893, 0.0], [1, 0, 0, 0.15008002519607544, 0, 1, 8, 3, 10, 0, 0, 0, 0, 1, 1, 4, 0, 0, 0, 2, 0, 1.0, 0, 0, 1, 0, 0, 0, 4.944060325622559, 0.0], [0, 0, 0, 0.04667118191719055, 0, 1, 8, 3, 10, 0, 0, 0, 0, 1, 1, 5, 0, 0, 0, 2, 0, 1.0, 0, 0, 1, 0, 0, 0, 4.944060325622559, 0.0], [0, 0, 0, 0.020788133144378662, 0, 1, 8, 3, 10, 0, 0, 0, 0, 1, 1, 4, 0, 0, 0, 2, 0, 1.0, 0, 0, 1, 0, 0, 0, 4.944060325622559, 3.4791173934936523], [1, 0, 1, 0.031412214040756226, 0, 1, 8, 3, 10, 0, 0, 0, 0, 1, 1, 4, 0, 0, 0, 2, 0, 1.0, 0, 0, 2, 1, 0, 0, 53.19485855102539, 48.250797271728516], [1, 0, 1, 0.14345628023147583, 0, 1, 8, 3, 10, 0, 0, 0, 0, 1, 1, 5, 0, 0, 0, 2, 0, 1.0, 0, 0, 2, 1, 0, 0, 53.19485855102539, 48.250797271728516], [1, 0, 1, 0.1322701871395111, 0, 1, 8, 3, 10, 0, 0, 0, 0, 1, 1, 5, 0, 0, 0, 2, 0, 1.0, 0, 0, 2, 1, 0, 0, 50.616981506347656, 52.812496185302734], [1, 0, 0, 0.5590853095054626, 0, 0, 8, 3, 10, 0, 0, 0, 0, 1, 1, 5, 0, 0, 0, 2, 0, 1.0, 0, 0, 0, 1, 0, 0, -14.091192245483398, 0.0], [1, 0, 0, 0.0, 0, 0, 8, 3, 10, 0, 0, 0, 0, 1, 1, 3, 0, 0, 0, 2, 0, 1.0, 0, 0, 0, 1, 0, 0, -7.942379474639893, 0.0], [1, 0, 0, 0.0, 0, 0, 8, 3, 10, 0, 0, 0, 0, 1, 1, 5, 0, 0, 0, 2, 0, 1.0, 0, 0, 0, 1, 0, 0, -7.942379474639893, 0.0], [1, 0, 0, 0.0, 0, 0, 8, 3, 10, 0, 0, 0, 0, 1, 1, 4, 0, 0, 0, 2, 0, 1.0, 0, 0, 0, 0, 0, 0, -7.942379474639893, 0.0], [0, 0, 0, 0.0, 0, 0, 8, 3, 10, 0, 0, 0, 0, 1, 1, 3, 0, 0, 0, 2, 0, 1.0, 0, 0, 0, 0, 0, 0, -7.942379474639893, 0.0], [1, 0, 1, 0.09755712747573853, 0, 1, 8, 3, 10, 0, 0, 0, 0, 1, 1, 5, 0, 0, 0, 2, 0, 1.0, 0, 0, 2, 1, 0, 0, 53.19485855102539, 48.250797271728516], [1, 0, 1, 0.04760691523551941, 0, 1, 8, 3, 10, 0, 0, 0, 0, 1, 1, 5, 0, 0, 0, 2, 0, 1.0, 0, 0, 2, 1, 0, 0, 53.19485855102539, 48.250797271728516], [0, 0, 0, 0.0, 0, 0, 8, 3, 10, 0, 0, 0, 0, 1, 1, 3, 0, 0, 0, 2, 0, 1.0, 0, 0, 0, 0, 0, 0, -7.942379474639893, 0.0], [1, 0, 0, 0.0, 0, 0, 8, 3, 10, 0, 0, 0, 0, 1, 1, 5, 0, 0, 0, 2, 0, 1.0, 0, 0, 0, 0, 0, 0, -7.942379474639893, 0.0], [1, 0, 1, 0.02799522876739502, 0, 1, 8, 6, 13, 0, 0, 0, 0, 4, 1, 5, 0, 0, 0, 5, 0, 1.0, 0, 0, 2, 1, 0, 0, 58.889686584472656, 28.570329666137695], [1, 0, 1, 0.010361552238464355, 0, 1, 8, 6, 13, 0, 0, 0, 0, 4, 1, 5, 0, 0, 0, 5, 0, 1.0, 0, 0, 2, 1, 0, 0, 58.889686584472656, 28.570329666137695], [1, 0, 1, 0.009952396154403687, 0, 1, 8, 6, 13, 0, 0, 0, 0, 4, 1, 5, 0, 0, 0, 5, 0, 1.0, 0, 0, 2, 1, 0, 0, 58.889686584472656, 28.570329666137695], [1, 0, 1, 0.044376909732818604, 0, 1, 8, 6, 13, 0, 0, 0, 0, 4, 1, 5, 0, 0, 0, 5, 0, 1.0, 0, 0, 2, 1, 0, 0, 58.889686584472656, 28.570329666137695], [0, 0, 0, 0.007259860634803772, 0, 1, 8, 6, 13, 0, 0, 0, 0, 4, 1, 4, 0, 0, 0, 5, 0, 1.0, 0, 0, 1, 0, 0, 0, 30.31935691833496, 0.0], [1, 0, 1, 0.07460832595825195, 0, 1, 8, 5, 12, 0, 0, 0, 0, 3, 1, 5, 0, 0, 0, 4, 0, 1.0, 0, 0, 2, 1, 0, 0, 50.270912170410156, 23.386953353881836], [1, 0, 1, 0.03983864188194275, 0, 1, 8, 5, 12, 0, 0, 0, 0, 3, 1, 4, 0, 0, 0, 4, 0, 1.0, 0, 0, 2, 1, 0, 0, 50.270912170410156, 23.386953353881836], [1, 0, 1, 0.0629432201385498, 0, 1, 8, 5, 12, 0, 0, 0, 0, 3, 1, 5, 0, 0, 0, 4, 0, 1.0, 0, 0, 2, 1, 0, 0, 50.270912170410156, 23.386953353881836], [1, 0, 1, 0.018121778964996338, 0, 1, 8, 5, 12, 0, 0, 0, 0, 3, 1, 5, 0, 0, 0, 4, 0, 1.0, 0, 0, 2, 1, 0, 0, 50.270912170410156, 23.386953353881836], [1, 0, 1, 0.03820410370826721, 0, 1, 8, 3, 10, 0, 0, 0, 0, 1, 1, 5, 0, 0, 0, 2, 0, 1.0, 0, 0, 2, 1, 0, 0, 53.19485855102539, 48.250797271728516], [0, 0, 0, 0.0793914794921875, 0, 1, 8, 3, 10, 0, 0, 0, 0, 1, 1, 5, 0, 0, 0, 2, 0, 1.0, 0, 0, 1, 0, 0, 0, 4.944060325622559, 0.0], [0, 0, 0, 0.0007622241973876953, 0, 1, 8, 8, 15, 0, 0, 0, 0, 6, 1, 5, 0, 0, 0, 7, 0, 1.0, 0, 0, 1, 0, 0, 0, 32.906829833984375, 0.0], [0, 0, 0, 0.014475762844085693, 0, 1, 8, 8, 15, 0, 0, 0, 0, 6, 1, 5, 0, 0, 0, 7, 0, 1.0, 0, 0, 1, 0, 0, 0, 32.906829833984375, 0.0], [1, 0, 1, 0.03813260793685913, 0, 1, 8, 8, 15, 0, 0, 0, 0, 6, 1, 4, 0, 0, 0, 7, 0, 1.0, 0, 0, 2, 1, 0, 0, 49.06053161621094, 16.153701782226562], [1, 0, 1, 0.019181400537490845, 0, 1, 8, 8, 15, 0, 0, 0, 0, 6, 1, 5, 0, 0, 0, 7, 0, 1.0, 0, 0, 2, 1, 0, 0, 49.06053161621094, 16.153701782226562], [1, 0, 1, 0.030050724744796753, 0, 1, 8, 8, 15, 0, 0, 0, 0, 6, 1, 4, 0, 0, 0, 7, 0, 1.0, 0, 0, 2, 1, 0, 0, 49.06053161621094, 16.153701782226562], [0, 0, 0, 0.014991611242294312, 0, 1, 8, 8, 15, 0, 0, 0, 0, 6, 1, 5, 0, 0, 0, 7, 0, 1.0, 0, 0, 1, 0, 0, 0, 32.906829833984375, 0.0], [1, 0, 1, 0.029593467712402344, 0, 1, 8, 8, 15, 0, 0, 0, 0, 6, 1, 4, 0, 0, 0, 7, 0, 1.0, 0, 0, 2, 1, 0, 0, 49.06053161621094, 16.153701782226562], [1, 0, 1, 0.35712552070617676, 0, 1, 8, 3, 10, 0, 0, 0, 0, 1, 1, 4, 0, 0, 0, 2, 0, 1.0, 0, 0, 2, 1, 0, 0, 53.19485855102539, 48.250797271728516], [1, 0, 1, 0.2500489056110382, 0, 1, 8, 3, 10, 0, 0, 0, 0, 1, 1, 4, 0, 0, 0, 2, 0, 1.0, 0, 0, 2, 1, 0, 0, 53.19485855102539, 51.729915618896484], [1, 0, 1, 0.08569681644439697, 0, 1, 8, 4, 11, 0, 0, 0, 0, 2, 1, 4, 0, 0, 0, 3, 0, 1.0, 0, 0, 2, 1, 0, 0, 51.118133544921875, 28.268335342407227], [1, 0, 1, 0.10732299089431763, 0, 1, 8, 4, 11, 0, 0, 0, 0, 2, 1, 4, 0, 0, 0, 3, 0, 1.0, 0, 0, 2, 1, 0, 0, 51.118133544921875, 28.268335342407227], [1, 0, 1, 0.0, 0, 1, 8, 4, 11, 1, 0, 0, 0, 2, 1, 5, 0, 0, 0, 3, 0, 1.0, 0, 0, 2, 1, 0, 0, 51.118133544921875, 28.268335342407227], [0, 0, 0, 0.008014187216758728, 0, 1, 8, 3, 10, 0, 0, 0, 0, 1, 1, 5, 0, 0, 0, 2, 0, 1.0, 0, 0, 1, 0, 0, 0, 4.944060325622559, 0.0], [0, 0, 0, 0.020498156547546387, 0, 1, 8, 3, 10, 0, 0, 0, 0, 1, 1, 5, 0, 0, 0, 2, 0, 1.0, 0, 0, 1, 0, 0, 0, 4.944060325622559, 0.0], [1, 0, 1, 0.02645733952522278, 0, 1, 8, 7, 14, 0, 0, 0, 0, 5, 1, 4, 0, 0, 0, 6, 0, 1.0, 0, 0, 2, 1, 0, 0, 59.693782806396484, 26.819393157958984], [1, 0, 1, 0.0, 0, 1, 8, 7, 14, 0, 0, 0, 0, 5, 1, 4, 0, 0, 0, 6, 0, 1.0, 0, 0, 2, 1, 0, 0, 59.693782806396484, 26.819393157958984], [1, 0, 1, 0.04946845769882202, 0, 1, 8, 7, 14, 0, 0, 0, 0, 5, 1, 5, 0, 0, 0, 6, 0, 1.0, 0, 0, 2, 1, 0, 0, 59.693782806396484, 26.819393157958984], [1, 0, 1, 0.00636899471282959, 0, 1, 8, 7, 14, 0, 0, 0, 0, 5, 1, 4, 0, 0, 0, 6, 0, 1.0, 0, 0, 2, 1, 0, 0, 59.693782806396484, 26.819393157958984], [1, 0, 1, 0.08016771078109741, 0, 1, 8, 7, 14, 0, 0, 0, 0, 5, 1, 4, 0, 0, 0, 6, 0, 1.0, 0, 0, 2, 1, 0, 0, 59.693782806396484, 26.819393157958984], [1, 0, 1, 0.05486232042312622, 0, 1, 8, 7, 14, 0, 0, 0, 0, 5, 1, 4, 0, 0, 0, 6, 0, 1.0, 0, 0, 2, 1, 0, 0, 59.693782806396484, 26.819393157958984], [1, 0, 1, 5.960464477539063e-08, 0, 1, 8, 6, 13, 0, 0, 0, 0, 2, 2, 4, 0, 0, 0, 5, 0, 1.0, 0, 0, 2, 1, 0, 0, -12.721943855285645, 24.729598999023438], [0, 0, 0, 0.0, 0, 1, 8, 6, 13, 0, 0, 1, 0, 3, 2, 3, 0, 0, 0, 5, 0, 1.0, 0, 0, 1, 0, 0, 0, 12.75405216217041, 13.209306716918945], [1, 0, 0, 0.25981253385543823, 0, 1, 8, 6, 13, 1, 0, 1, 0, 3, 2, 6, 0, 0, 0, 5, 0, 1.0, 0, 0, 1, 0, 0, 0, 12.316994667053223, 13.206336975097656], [1, 0, 0, 0.25981253385543823, 0, 1, 8, 6, 13, 1, 0, 1, 0, 3, 2, 6, 0, 0, 0, 5, 0, 1.0, 0, 0, 1, 0, 0, 0, 12.316994667053223, 13.206336975097656], [0, 0, 0, 0.0, 0, 1, 8, 6, 13, 0, 0, 1, 0, 3, 2, 3, 0, 0, 0, 5, 0, 1.0, 0, 0, 1, 0, 0, 0, 12.30539608001709, 13.200420379638672], [1, 0, 1, 0.09006023406982422, 0, 1, 8, 3, 10, 0, 0, 0, 0, 1, 1, 4, 0, 0, 0, 2, 0, 1.0, 0, 0, 2, 1, 0, 0, 53.19485855102539, 48.250797271728516], [0, 0, 0, 0.026511549949645996, 0, 1, 8, 3, 10, 0, 0, 0, 0, 1, 1, 5, 0, 0, 0, 2, 0, 1.0, 0, 0, 1, 0, 0, 0, 4.944060325622559, 0.0], [0, 0, 0, 0.0, 0, 0, 8, 3, 10, 0, 0, 0, 0, 1, 1, 2, 0, 0, 0, 2, 0, 1.0, 0, 0, 0, 0, 0, 0, -7.942379474639893, 0.0], [1, 0, 0, 0.0, 0, 0, 8, 3, 10, 0, 0, 0, 0, 1, 1, 5, 0, 0, 0, 2, 0, 1.0, 0, 0, 0, 1, 0, 0, -7.942379474639893, 0.0], [0, 0, 0, 0.0, 0, 1, 8, 3, 10, 0, 0, 0, 0, 1, 1, 5, 0, 0, 0, 2, 0, 1.0, 0, 0, 1, 0, 0, 0, 4.944060325622559, 0.0], [1, 0, 1, 0.21333661675453186, 0, 1, 8, 3, 10, 0, 0, 0, 0, 1, 1, 5, 0, 0, 0, 2, 0, 1.0, 0, 0, 2, 1, 0, 0, 53.19485855102539, 51.729915618896484], [0, 0, 0, 0.024229884147644043, 0, 1, 8, 3, 10, 0, 0, 0, 0, 1, 1, 5, 0, 0, 0, 2, 0, 1.0, 0, 0, 1, 0, 0, 0, 4.944060325622559, 0.0], [1, 0, 1, 0.2074381709098816, 0, 1, 8, 3, 10, 0, 0, 0, 0, 1, 1, 3, 0, 0, 0, 2, 0, 1.0, 0, 0, 2, 1, 0, 0, 53.19485855102539, 0.0], [1, 0, 0, 0.0, 0, 0, 8, 3, 10, 0, 0, 0, 0, 1, 1, 3, 0, 0, 0, 2, 0, 1.0, 0, 0, 0, 1, 0, 0, -7.942379474639893, 0.0], [1, 0, 0, 0.2788335084915161, 0, 0, 8, 3, 10, 0, 0, 0, 0, 1, 1, 4, 0, 0, 0, 2, 0, 1.0, 0, 0, 0, 1, 0, 0, -7.942379474639893, 0.0], [1, 0, 0, 0.0, 0, 0, 8, 3, 10, 0, 0, 0, 0, 1, 1, 3, 0, 0, 0, 2, 0, 1.0, 0, 0, 0, 0, 0, 0, -7.942379474639893, 0.0], [1, 0, 0, 0.0, 0, 0, 8, 3, 10, 1, 0, 0, 0, 1, 1, 4, 0, 0, 0, 2, 0, 1.0, 0, 0, 0, 0, 0, 0, -7.942379474639893, 0.0], [1, 0, 0, 0.1567801833152771, 0, 1, 8, 3, 10, 0, 0, 0, 0, 1, 1, 4, 0, 0, 0, 2, 0, 1.0, 0, 0, 1, 0, 0, 0, 4.944060325622559, 0.0], [1, 0, 0, 0.0, 0, 0, 8, 3, 10, 0, 0, 0, 0, 1, 1, 4, 0, 0, 0, 2, 0, 1.0, 0, 0, 0, 1, 0, 0, -7.942379474639893, 0.0], [0, 0, 0, 0.12860360741615295, 0, 1, 8, 3, 10, 0, 0, 0, 0, 1, 1, 4, 0, 0, 0, 2, 0, 1.0, 0, 0, 1, 0, 0, 0, 1.4649431705474854, 1.1920928955078125e-07], [0, 0, 0, 0.007895350456237793, 0, 1, 8, 3, 10, 0, 0, 0, 0, 1, 1, 3, 0, 0, 0, 2, 0, 1.0, 0, 0, 1, 0, 0, 0, 1.4649431705474854, 1.1920928955078125e-07], [0, 0, 0, 0.011900395154953003, 0, 1, 8, 3, 10, 0, 0, 0, 0, 1, 1, 2, 0, 0, 0, 2, 0, 1.0, 0, 0, 1, 0, 0, 0, 4.944060325622559, 0.6288251876831055], [0, 0, 0, 0.017418652772903442, 0, 1, 8, 3, 10, 0, 0, 0, 0, 1, 1, 5, 0, 0, 0, 2, 0, 1.0, 0, 0, 1, 0, 0, 0, 4.944060325622559, 0.0], [1, 0, 0, 0.0, 0, 0, 8, 3, 10, 0, 0, 0, 0, 1, 1, 3, 0, 0, 0, 2, 0, 1.0, 0, 0, 0, 0, 0, 0, -7.942379474639893, 0.0], [1, 0, 0, 0.0, 0, 0, 8, 3, 10, 1, 0, 0, 0, 1, 1, 3, 0, 0, 0, 2, 0, 1.0, 0, 0, 0, 0, 0, 0, -7.942379474639893, 0.0], [1, 0, 0, 0.011684715747833252, 0, 1, 8, 3, 10, 0, 0, 0, 0, 1, 1, 5, 0, 0, 0, 2, 0, 1.0, 0, 0, 1, 0, 0, 0, 1.4649431705474854, 0.0], [0, 0, 0, 0.0, 0, 0, 8, 3, 10, 0, 0, 0, 0, 1, 1, 3, 0, 0, 0, 2, 0, 1.0, 0, 0, 0, 0, 0, 0, -7.942379474639893, 0.0], [0, 0, 0, 0.0, 0, 1, 8, 3, 10, 0, 0, 0, 0, 1, 1, 4, 0, 0, 0, 2, 0, 1.0, 0, 0, 1, 0, 0, 0, 4.944060325622559, 0.0], [1, 0, 1, 0.4421827793121338, 0, 1, 8, 3, 10, 0, 0, 0, 0, 1, 1, 4, 0, 0, 0, 2, 0, 1.0, 0, 0, 2, 1, 0, 0, 53.19485855102539, 48.250797271728516], [0, 0, 0, 0.4002768099308014, 0, 1, 8, 4, 11, 0, 0, 0, 0, 2, 1, 5, 0, 0, 0, 3, 0, 1.0, 0, 0, 1, 0, 0, 0, 22.84979820251465, 0.0], [1, 0, 1, 0.0, 0, 1, 8, 4, 11, 0, 0, 0, 0, 2, 1, 5, 0, 0, 0, 3, 0, 1.0, 0, 0, 2, 1, 0, 0, 51.118133544921875, 28.268335342407227], [1, 0, 1, 0.0, 0, 1, 8, 4, 11, 0, 0, 0, 0, 2, 1, 5, 0, 0, 0, 3, 0, 1.0, 0, 0, 2, 1, 0, 0, 51.118133544921875, 28.268335342407227], [1, 0, 0, 0.010443925857543945, 0, 0, 8, 3, 10, 0, 0, 0, 0, 1, 1, 3, 0, 0, 0, 2, 0, 1.0, 0, 0, 0, 1, 0, 0, -7.942379474639893, 0.0], [1, 0, 0, 0.5721499025821686, 0, 0, 8, 3, 10, 0, 0, 0, 0, 1, 1, 4, 0, 0, 0, 2, 0, 1.0, 0, 0, 0, 1, 0, 0, -7.942379474639893, 0.0], [1, 0, 1, 0.0, 0, 1, 8, 3, 10, 0, 0, 0, 0, 1, 1, 5, 0, 0, 0, 2, 0, 1.0, 0, 0, 2, 1, 0, 0, 53.19485855102539, 51.729915618896484], [1, 0, 0, 0.6072332262992859, 0, 0, 8, 3, 10, 0, 0, 0, 0, 1, 1, 5, 0, 0, 0, 2, 0, 1.0, 0, 0, 0, 1, 0, 0, -7.942379474639893, 0.0], [0, 0, 0, 0.01908552646636963, 0, 1, 8, 3, 10, 0, 0, 0, 0, 1, 1, 4, 0, 0, 0, 2, 0, 1.0, 0, 0, 1, 0, 0, 0, 1.4649431705474854, 0.0], [0, 0, 0, 0.006189242005348206, 0, 1, 8, 3, 10, 0, 0, 0, 0, 1, 1, 4, 0, 0, 0, 2, 0, 1.0, 0, 0, 1, 0, 0, 0, 1.4649430513381958, 0.0], [1, 0, 1, 0.00045293569564819336, 0, 1, 8, 3, 10, 0, 0, 0, 0, 1, 1, 5, 0, 0, 0, 2, 0, 1.0, 0, 0, 2, 1, 0, 0, 53.19485855102539, 48.250797271728516], [1, 0, 0, 0.2906912565231323, 0, 0, 8, 3, 10, 0, 0, 0, 0, 1, 1, 5, 0, 0, 0, 2, 0, 1.0, 0, 0, 0, 1, 0, 0, -7.942379474639893, 0.0], [1, 0, 1, 0.04611817002296448, 0, 1, 8, 5, 12, 0, 0, 0, 0, 3, 1, 2, 0, 0, 0, 4, 0, 1.0, 0, 0, 2, 1, 0, 0, 50.270912170410156, 23.94035530090332], [1, 0, 1, 0.05242910981178284, 0, 1, 8, 5, 12, 0, 0, 0, 0, 3, 1, 2, 0, 0, 0, 4, 0, 1.0, 0, 0, 2, 1, 0, 0, 50.270912170410156, 23.94035530090332], [1, 0, 1, 0.045744389295578, 0, 1, 8, 5, 12, 0, 0, 0, 0, 3, 1, 4, 0, 0, 0, 4, 0, 1.0, 0, 0, 2, 1, 0, 0, 50.270912170410156, 23.386953353881836], [1, 0, 1, 0.03584766387939453, 0, 1, 8, 5, 12, 0, 0, 0, 0, 3, 1, 2, 0, 0, 0, 4, 0, 1.0, 0, 0, 2, 1, 0, 0, 50.270912170410156, 23.94035530090332], [0, 0, 0, 0.0, 0, 1, 8, 4, 11, 0, 0, 0, 0, 2, 1, 3, 0, 0, 0, 3, 0, 1.0, 0, 0, 1, 0, 0, 0, 22.84979820251465, 3.1359405517578125], [1, 0, 1, 0.017104744911193848, 0, 1, 8, 4, 11, 0, 0, 0, 0, 2, 1, 5, 0, 0, 0, 3, 0, 1.0, 0, 0, 2, 1, 0, 0, 51.118133544921875, 31.40427589416504], [1, 0, 1, 0.10712355375289917, 0, 1, 8, 4, 11, 0, 0, 0, 0, 2, 1, 4, 0, 0, 0, 3, 0, 1.0, 0, 0, 2, 1, 0, 0, 51.118133544921875, 31.40427589416504], [1, 0, 0, 0.00046187639236450195, 0, 0, 8, 3, 10, 0, 0, 0, 0, 1, 1, 3, 0, 0, 0, 2, 0, 1.0, 0, 0, 0, 1, 0, 0, -7.942379474639893, 0.0], [1, 0, 0, 0.0, 0, 0, 8, 3, 10, 0, 0, 0, 0, 1, 1, 3, 0, 0, 0, 2, 0, 1.0, 0, 0, 0, 1, 0, 0, -7.942379474639893, 0.0], [1, 0, 1, 0.169325590133667, 0, 1, 8, 3, 10, 0, 0, 0, 0, 1, 1, 3, 0, 0, 0, 2, 0, 1.0, 0, 0, 2, 1, 0, 0, 53.19485855102539, 48.250797271728516], [0, 0, 0, 0.10896417498588562, 0, 1, 8, 3, 10, 0, 0, 0, 0, 1, 1, 3, 0, 0, 0, 2, 0, 1.0, 0, 0, 1, 0, 0, 0, 4.944060325622559, 0.0], [1, 0, 1, 0.2941893935203552, 0, 1, 8, 4, 11, 0, 0, 0, 0, 2, 1, 5, 0, 0, 0, 3, 0, 1.0, 0, 0, 2, 1, 0, 0, 51.118133544921875, 28.268335342407227], [1, 0, 1, 0.0, 0, 1, 8, 4, 11, 0, 0, 0, 0, 2, 1, 5, 0, 0, 0, 3, 0, 1.0, 0, 0, 2, 1, 0, 0, 51.118133544921875, 28.268335342407227], [1, 0, 1, 5.960464477539063e-08, 0, 1, 8, 4, 11, 0, 0, 0, 0, 2, 1, 5, 0, 0, 0, 3, 0, 1.0, 0, 0, 2, 1, 0, 0, 51.118133544921875, 28.268335342407227], [1, 0, 1, 0.03473284840583801, 0, 1, 8, 4, 11, 0, 0, 0, 0, 2, 1, 5, 0, 0, 0, 3, 0, 1.0, 0, 0, 2, 1, 0, 0, 51.118133544921875, 31.40427589416504], [0, 0, 0, 0.01923087239265442, 0, 1, 8, 4, 11, 0, 0, 0, 0, 2, 1, 2, 0, 0, 0, 3, 0, 1.0, 0, 0, 1, 0, 0, 0, 22.84979820251465, 0.586700439453125], [0, 0, 0, 0.031854331493377686, 0, 1, 8, 4, 11, 0, 0, 0, 0, 2, 1, 2, 0, 0, 0, 3, 0, 1.0, 0, 0, 1, 0, 0, 0, 22.84979820251465, 0.586700439453125], [1, 0, 1, 0.023092687129974365, 0, 1, 8, 3, 10, 0, 0, 0, 0, 1, 1, 5, 0, 0, 0, 2, 0, 1.0, 0, 0, 2, 1, 0, 0, 53.19485855102539, 51.729915618896484], [1, 0, 1, 0.05316230654716492, 0, 1, 8, 3, 10, 0, 0, 0, 0, 1, 1, 2, 0, 0, 0, 2, 0, 1.0, 0, 0, 2, 1, 0, 0, 53.19485855102539, 51.729915618896484], [0, 0, 0, 0.008545398712158203, 0, 1, 8, 4, 11, 0, 0, 0, 0, 2, 1, 5, 0, 0, 0, 3, 0, 1.0, 0, 0, 1, 0, 0, 0, 22.84979820251465, 0.0], [0, 0, 0, 0.006271421909332275, 0, 1, 8, 4, 11, 0, 0, 0, 0, 2, 1, 6, 0, 0, 0, 3, 0, 1.0, 0, 0, 1, 0, 0, 0, 22.84979820251465, 0.0], [0, 0, 0, 0.025114446878433228, 0, 1, 8, 4, 11, 0, 0, 0, 0, 2, 1, 3, 0, 0, 0, 3, 0, 1.0, 0, 0, 1, 0, 0, 0, 22.84979820251465, 0.0], [1, 0, 1, 0.06592321395874023, 0, 1, 8, 4, 11, 0, 0, 0, 0, 2, 1, 3, 0, 0, 0, 3, 0, 1.0, 0, 0, 2, 1, 0, 0, 51.118133544921875, 31.40427589416504], [1, 0, 1, 0.08322528004646301, 0, 1, 8, 4, 11, 0, 0, 0, 0, 2, 1, 3, 0, 0, 0, 3, 0, 1.0, 0, 0, 2, 1, 0, 0, 51.118133544921875, 31.40427589416504], [0, 0, 0, 0.0045986175537109375, 0, 1, 8, 4, 11, 0, 0, 0, 0, 2, 1, 4, 0, 0, 0, 3, 0, 1.0, 0, 0, 2, 0, 0, 0, 22.84979820251465, 0.0], [0, 0, 0, 0.017346873879432678, 0, 1, 8, 13, 20, 0, 0, 0, 0, 11, 1, 3, 0, 0, 0, 12, 0, 1.0, 0, 0, 1, 0, 0, 0, 26.668684005737305, 0.0], [0, 0, 0, 0.019238457083702087, 0, 1, 8, 13, 20, 0, 0, 0, 0, 11, 1, 4, 0, 0, 0, 12, 0, 1.0, 0, 0, 1, 0, 0, 0, 26.668684005737305, 0.0], [0, 0, 0, 0.040055349469184875, 0, 1, 8, 13, 20, 0, 0, 0, 0, 11, 1, 4, 0, 0, 0, 12, 0, 1.0, 0, 0, 1, 0, 0, 0, 26.668684005737305, 0.0], [0, 0, 0, 0.039495110511779785, 0, 1, 8, 13, 20, 0, 0, 0, 0, 11, 1, 6, 0, 0, 0, 12, 0, 1.0, 0, 0, 1, 0, 0, 0, 26.668684005737305, 0.0], [0, 0, 0, 0.035961344838142395, 0, 1, 8, 13, 20, 0, 0, 0, 0, 11, 1, 5, 0, 0, 0, 12, 0, 1.0, 0, 0, 1, 0, 0, 0, 26.75419044494629, 0.0], [0, 0, 0, 0.014579057693481445, 0, 1, 8, 13, 20, 0, 0, 0, 0, 11, 1, 5, 0, 0, 0, 12, 0, 1.0, 0, 0, 1, 0, 0, 0, 26.668684005737305, 0.0], [0, 0, 0, 0.018306031823158264, 0, 1, 8, 13, 20, 0, 0, 0, 0, 11, 1, 4, 0, 0, 0, 12, 0, 1.0, 0, 0, 1, 0, 0, 0, 26.75419044494629, 0.0], [0, 0, 0, 0.021496891975402832, 0, 1, 8, 13, 20, 0, 0, 0, 0, 11, 1, 4, 0, 0, 0, 12, 0, 1.0, 0, 0, 1, 0, 0, 0, 26.668684005737305, 0.0], [0, 0, 0, 0.0019127428531646729, 0, 1, 8, 13, 20, 0, 0, 0, 0, 11, 1, 5, 0, 0, 0, 12, 0, 1.0, 0, 0, 1, 0, 0, 0, 26.668684005737305, 0.0], [0, 0, 0, 0.014015838503837585, 0, 1, 8, 13, 20, 0, 0, 0, 0, 11, 1, 4, 0, 0, 0, 12, 0, 1.0, 0, 0, 1, 0, 0, 0, 26.75419044494629, 0.0], [0, 0, 0, 0.00761808454990387, 0, 1, 8, 13, 20, 0, 0, 0, 0, 11, 1, 2, 0, 0, 0, 12, 0, 1.0, 0, 0, 1, 0, 0, 0, 26.668684005737305, 0.0], [0, 0, 0, 0.005031868815422058, 0, 1, 8, 13, 20, 0, 0, 0, 0, 11, 1, 5, 0, 0, 0, 12, 0, 1.0, 0, 0, 1, 0, 0, 0, 26.75419044494629, 0.0], [0, 0, 0, 0.02507336437702179, 0, 1, 8, 13, 20, 0, 0, 0, 0, 11, 1, 5, 0, 0, 0, 12, 0, 1.0, 0, 0, 1, 0, 0, 0, 26.668684005737305, 0.0], [0, 0, 0, 0.009303003549575806, 0, 1, 8, 13, 20, 0, 0, 0, 0, 11, 1, 4, 0, 0, 0, 12, 0, 1.0, 0, 0, 1, 0, 0, 0, 25.697811126708984, 0.0], [0, 0, 0, 0.023009926080703735, 0, 1, 8, 13, 20, 0, 0, 0, 0, 11, 1, 5, 0, 0, 0, 12, 0, 1.0, 0, 0, 1, 0, 0, 0, 25.697811126708984, 0.0], [0, 0, 0, 0.005021780729293823, 0, 1, 8, 13, 20, 0, 0, 0, 0, 11, 1, 4, 0, 0, 0, 12, 0, 1.0, 0, 0, 1, 0, 0, 0, 25.691089630126953, 0.0], [0, 0, 0, 0.0, 0, 1, 8, 3, 10, 0, 0, 0, 0, 1, 1, 3, 0, 0, 0, 2, 0, 1.0, 0, 0, 1, 0, 0, 0, 1.4649431705474854, 1.1920928955078125e-07], [1, 0, 1, 0.003937676548957825, 0, 1, 8, 3, 10, 0, 0, 0, 0, 1, 1, 5, 0, 0, 0, 2, 0, 1.0, 0, 0, 2, 1, 0, 0, 53.19485855102539, 51.729915618896484], [1, 0, 1, 0.05940815806388855, 0, 1, 8, 3, 10, 0, 0, 0, 0, 1, 1, 4, 0, 0, 0, 2, 0, 1.0, 0, 0, 2, 1, 0, 0, 53.19485855102539, 51.729915618896484], [1, 0, 0, 0.0, 0, 0, 8, 3, 10, 0, 0, 0, 0, 1, 1, 5, 0, 0, 0, 2, 0, 1.0, 0, 0, 0, 1, 0, 0, -7.942379474639893, 0.0], [1, 0, 0, 0.43888580799102783, 0, 0, 8, 3, 10, 0, 0, 0, 0, 1, 1, 4, 0, 0, 0, 2, 0, 1.0, 0, 0, 0, 1, 0, 0, -7.942379474639893, 0.0], [0, 0, 0, 0.0, 0, 1, 8, 3, 10, 0, 0, 0, 0, 1, 1, 5, 0, 0, 0, 2, 0, 1.0, 0, 0, 1, 0, 0, 0, 4.944060325622559, 0.0], [1, 0, 1, 0.030182182788848877, 0, 1, 8, 4, 11, 0, 0, 0, 0, 2, 1, 2, 0, 0, 0, 3, 0, 1.0, 0, 0, 2, 1, 0, 0, 51.118133544921875, 28.268335342407227], [1, 0, 1, 0.0, 0, 1, 8, 4, 11, 0, 0, 0, 0, 2, 1, 4, 0, 0, 0, 3, 0, 1.0, 0, 0, 2, 1, 0, 0, 51.118133544921875, 28.268335342407227], [1, 0, 1, 0.04041287302970886, 0, 1, 8, 4, 11, 0, 0, 0, 0, 2, 1, 5, 0, 0, 0, 3, 0, 1.0, 0, 0, 2, 1, 0, 0, 51.118133544921875, 28.268335342407227], [1, 0, 0, 0.29122042655944824, 0, 0, 8, 3, 10, 0, 0, 0, 0, 1, 1, 4, 0, 0, 0, 2, 0, 1.0, 0, 0, 0, 1, 0, 0, -7.942379474639893, 0.0], [0, 0, 0, 0.04539528489112854, 0, 1, 8, 3, 10, 0, 0, 0, 0, 1, 1, 4, 0, 0, 0, 2, 0, 1.0, 0, 0, 1, 0, 0, 0, 4.944060325622559, 0.0], [1, 0, 1, 0.004995465278625488, 0, 1, 8, 3, 10, 0, 0, 0, 0, 1, 1, 4, 0, 0, 0, 2, 0, 1.0, 0, 0, 2, 1, 0, 0, 53.19485855102539, 51.729915618896484], [1, 0, 1, 0.025630712509155273, 0, 1, 8, 3, 10, 0, 0, 0, 0, 1, 1, 3, 0, 0, 0, 2, 0, 1.0, 0, 0, 2, 1, 0, 0, 53.19485855102539, 48.250797271728516], [1, 0, 1, 0.014273673295974731, 0, 1, 8, 4, 11, 0, 0, 0, 0, 2, 1, 4, 0, 0, 0, 3, 0, 1.0, 0, 0, 2, 1, 0, 0, 51.118133544921875, 28.268335342407227], [1, 0, 1, 0.22535711526870728, 0, 1, 8, 4, 11, 0, 0, 0, 0, 2, 1, 5, 0, 0, 0, 3, 0, 1.0, 0, 0, 2, 1, 0, 0, 51.118133544921875, 28.268335342407227], [1, 0, 1, 0.1981443166732788, 0, 1, 8, 4, 11, 0, 0, 0, 0, 2, 1, 5, 0, 0, 0, 3, 0, 1.0, 0, 0, 2, 1, 0, 0, 51.118133544921875, 28.268335342407227], [1, 0, 1, 0.14969253540039062, 0, 1, 8, 4, 11, 0, 0, 0, 0, 2, 1, 5, 0, 0, 0, 3, 0, 1.0, 0, 0, 2, 1, 0, 0, 51.118133544921875, 28.268335342407227], [1, 0, 1, 0.20168733596801758, 0, 1, 8, 4, 11, 0, 0, 0, 0, 2, 1, 5, 0, 0, 0, 3, 0, 1.0, 0, 0, 2, 1, 0, 0, 51.118133544921875, 28.268335342407227], [1, 0, 1, 1.7881393432617188e-07, 0, 1, 8, 4, 11, 0, 0, 0, 0, 2, 1, 5, 0, 0, 0, 3, 0, 1.0, 0, 0, 2, 1, 0, 0, 51.118133544921875, 28.268335342407227], [1, 0, 1, 0.007605493068695068, 0, 1, 8, 3, 10, 0, 0, 0, 0, 1, 1, 4, 0, 0, 0, 2, 0, 1.0, 0, 0, 2, 1, 0, 0, 53.19485855102539, 48.250797271728516], [1, 0, 1, 0.0, 0, 1, 8, 3, 10, 0, 0, 0, 0, 1, 1, 5, 0, 0, 0, 2, 0, 1.0, 0, 0, 2, 1, 0, 0, 53.19485855102539, 48.250797271728516], [1, 0, 1, 0.2554366886615753, 0, 1, 8, 4, 11, 0, 0, 0, 0, 2, 1, 5, 0, 0, 0, 3, 0, 1.0, 0, 0, 2, 1, 0, 0, 51.118133544921875, 28.268335342407227], [1, 0, 1, 0.215547114610672, 0, 1, 8, 4, 11, 0, 0, 0, 0, 2, 1, 5, 0, 0, 0, 3, 0, 1.0, 0, 0, 2, 1, 0, 0, 51.118133544921875, 28.268335342407227], [1, 0, 1, 0.0, 0, 1, 8, 4, 11, 0, 0, 0, 0, 2, 1, 5, 0, 0, 0, 3, 0, 1.0, 0, 0, 2, 1, 0, 0, 51.118133544921875, 28.268335342407227], [1, 0, 0, 0.0, 0, 0, 8, 3, 10, 0, 1, 0, 0, 1, 1, 5, 0, 0, 0, 2, 0, 1.0, 0, 0, 0, 1, 0, 0, -7.942379474639893, 0.0], [1, 0, 0, 0.0, 0, 0, 8, 3, 10, 0, 0, 0, 0, 1, 1, 4, 0, 0, 0, 2, 0, 1.0, 0, 0, 0, 1, 0, 0, -7.942379474639893, 0.0], [0, 0, 0, 0.014550969004631042, 0, 1, 8, 3, 10, 0, 0, 0, 0, 1, 1, 4, 0, 0, 0, 2, 0, 1.0, 0, 0, 1, 0, 0, 0, -14.454130172729492, 0.30756473541259766], [1, 0, 1, 0.18610204756259918, 0, 1, 8, 3, 10, 0, 0, 0, 0, 1, 1, 4, 0, 0, 0, 2, 0, 1.0, 0, 0, 2, 1, 0, 0, 46.43527603149414, 62.629600524902344], [0, 0, 0, 0.009643256664276123, 0, 1, 8, 3, 10, 0, 0, 0, 0, 1, 1, 5, 0, 0, 0, 2, 0, 1.0, 0, 0, 1, 0, 0, 0, 4.944060325622559, 0.0], [1, 0, 1, 0.02470642328262329, 0, 1, 8, 3, 10, 0, 0, 0, 0, 1, 1, 5, 0, 0, 0, 2, 0, 1.0, 0, 0, 2, 1, 0, 0, 53.19485855102539, 48.250797271728516], [1, 0, 0, 0.0, 0, 0, 8, 3, 10, 0, 0, 0, 0, 1, 1, 4, 0, 0, 0, 2, 0, 1.0, 0, 0, 0, 1, 0, 0, -7.942379474639893, 0.0], [1, 0, 0, 0.3918401002883911, 0, 0, 8, 3, 10, 0, 0, 0, 0, 1, 1, 5, 0, 0, 0, 2, 0, 1.0, 0, 0, 0, 1, 0, 0, -7.942379474639893, 0.0], [1, 0, 1, 0.18312832713127136, 0, 1, 8, 3, 10, 0, 0, 0, 0, 1, 1, 4, 0, 0, 0, 2, 0, 1.0, 0, 0, 2, 1, 0, 0, 53.19485855102539, 48.250797271728516], [1, 0, 1, 0.0, 0, 1, 8, 3, 10, 0, 0, 0, 0, 1, 1, 4, 0, 0, 0, 2, 0, 1.0, 0, 0, 2, 1, 0, 0, 53.19485855102539, 48.250797271728516], [1, 0, 0, 0.0, 0, 1, 8, 4, 11, 1, 0, 0, 0, 2, 1, 5, 0, 0, 0, 3, 0, 1.0, 0, 0, 1, 0, 0, 0, 22.84979820251465, 0.0], [1, 0, 0, 0.18698227405548096, 0, 1, 8, 4, 11, 1, 0, 0, 0, 2, 1, 5, 0, 0, 0, 3, 0, 1.0, 0, 0, 1, 0, 0, 0, 22.84979820251465, 0.0], [1, 0, 1, 0.29566067457199097, 0, 1, 8, 4, 11, 0, 0, 0, 0, 2, 1, 4, 0, 0, 0, 3, 0, 1.0, 0, 0, 2, 1, 0, 0, 51.118133544921875, 28.268335342407227], [0, 0, 0, 0.0, 0, 0, 8, 3, 10, 0, 0, 0, 0, 1, 1, 3, 0, 0, 0, 2, 0, 1.0, 0, 0, 0, 0, 0, 0, -7.942379474639893, 0.0], [1, 0, 1, 0.012089893221855164, 0, 1, 8, 3, 10, 0, 0, 0, 0, 1, 1, 5, 0, 0, 0, 2, 0, 1.0, 0, 0, 1, 0, 0, 0, 4.944060325622559, 0.0], [1, 0, 0, 0.0, 0, 0, 8, 3, 10, 0, 0, 0, 0, 1, 1, 5, 0, 0, 0, 2, 0, 1.0, 0, 0, 0, 1, 0, 0, -7.942379474639893, 0.0], [1, 0, 0, 0.301954984664917, 0, 0, 8, 3, 10, 0, 0, 0, 0, 1, 1, 5, 0, 0, 0, 2, 0, 1.0, 0, 0, 0, 1, 0, 0, -7.942379474639893, 0.0]], "_pair": [], "_cons": []}
  CONTROL {"count": {"n": 190, "model_accuracy": 1.0, "rival_accuracy": 1.0, "random_floor": 0.2}, "lookup_paired_vs_rival": {"model_only_right": 0, "rival_only_right": 0, "discordant": 0, "mcnemar_z": NaN}, "lookup_paired_vs_rival_cos": {"n": 0, "model_only_right": 0, "rival_only_right": 0, "discordant": 0, "mcnemar_z": NaN, "max_achievable_z": 0.0, "underpowered": true}, "lookup_paired_vs_rival_cos_by_margin": {"median_margin": NaN, "low_margin": {"n": 0, "model_only_right": 0, "rival_only_right": 0, "discordant": 0, "mcnemar_z": NaN, "max_achievable_z": 0.0, "underpowered": true}, "high_margin": {"n": 0, "model_only_right": 0, "rival_only_right": 0, "discordant": 0, "mcnemar_z": NaN, "max_achievable_z": 0.0, "underpowered": true}}, "ladder": {"n_questions": 0, "pairs": 0, "concordant": 0, "ties_excluded": 0, "import_budget_zero_rate": 0.0, "import_budget_mean": 0.0, "concordance": NaN, "z_vs_half": NaN, "mean_phi": {"true": NaN, "near": NaN, "middle": NaN, "far": NaN}}, "exact_mismatches": 0, "confusion": {"count|1->1": 45, "count|2->2": 93, "count|3->3": 23, "count|4->4": 9, "count|5+->5+": 20}, "_mixed": [], "_reach": [[1, 0, 1, 0.0, 1, 0, 8, 3, 10, 1, 0, 1, 1, 1, 1, 3, 0, 0, 0, 2, 1, 1.0, 0, 0, 0, 0, 0, 0, -6.9554762840271, 0.0], [1, 0, 1, 0.0, 1, 0, 8, 3, 10, 1, 0, 1, 1, 1, 1, 3, 0, 0, 0, 2, 1, 1.0, 0, 0, 0, 0, 0, 0, -6.9554762840271, 0.0], [1, 0, 1, 0.0, 0, 1, 8, 5, 12, 0, 0, 0, 0, 2, 2, 3, 0, 0, 0, 4, 0, 1.0, 0, 0, 2, 1, 0, 0, 12.89849853515625, 18.850051879882812], [1, 0, 0, 0.0, 1, 1, 8, 5, 12, 1, 0, 1, 0, 3, 1, 5, 0, 0, 0, 4, 1, 1.0, 0, 0, 1, 0, 0, 0, 27.092342376708984, 0.0], [1, 0, 0, 0.0, 1, 1, 8, 5, 12, 1, 0, 1, 0, 3, 1, 5, 0, 0, 0, 4, 1, 1.0, 0, 0, 1, 0, 0, 0, 27.092342376708984, 0.0], [1, 0, 1, 0.0, 0, 1, 8, 5, 12, 0, 0, 0, 0, 2, 2, 3, 0, 0, 0, 4, 0, 1.0, 0, 0, 2, 1, 0, 0, 12.021695137023926, 18.100534439086914], [0, 0, 0, 0.02664083242416382, 0, 1, 8, 13, 20, 0, 0, 0, 0, 11, 1, 4, 0, 0, 0, 12, 0, 1.0, 0, 0, 1, 0, 0, 0, 27.137800216674805, 0.0], [0, 0, 0, 0.0003008246421813965, 0, 1, 8, 13, 20, 0, 0, 0, 0, 10, 2, 4, 0, 0, 0, 12, 0, 1.0, 0, 0, 1, 0, 0, 0, 8.30974006652832, 0.0], [0, 0, 0, 0.002283930778503418, 0, 1, 8, 13, 20, 0, 0, 0, 0, 10, 2, 4, 0, 0, 0, 12, 0, 1.0, 0, 0, 1, 0, 0, 0, 7.9218645095825195, 0.0], [0, 0, 0, 0.04666993021965027, 0, 1, 8, 13, 20, 0, 0, 1, 0, 11, 1, 4, 0, 0, 0, 12, 0, 1.0, 0, 0, 1, 0, 0, 0, 27.137800216674805, 0.0], [0, 0, 0, 0.00751909613609314, 0, 1, 8, 13, 20, 0, 0, 0, 0, 11, 1, 5, 0, 0, 0, 12, 0, 1.0, 0, 0, 1, 0, 0, 0, 25.618555068969727, 0.0], [0, 0, 0, 0.030397117137908936, 0, 1, 8, 13, 20, 0, 0, 0, 0, 10, 2, 4, 0, 0, 0, 12, 0, 1.0, 0, 0, 1, 0, 0, 0, 8.08228588104248, 0.0], [0, 0, 0, 0.012416422367095947, 0, 1, 8, 13, 20, 0, 0, 0, 0, 11, 1, 4, 0, 0, 0, 12, 0, 1.0, 0, 0, 1, 0, 0, 0, 25.618555068969727, 0.0], [0, 0, 0, 0.011648833751678467, 0, 1, 8, 13, 20, 0, 0, 0, 0, 10, 2, 4, 0, 0, 0, 12, 0, 1.0, 0, 0, 1, 0, 0, 0, 8.301346778869629, 0.0], [0, 0, 0, 0.011028438806533813, 0, 1, 8, 13, 20, 0, 0, 0, 0, 10, 2, 4, 0, 0, 0, 12, 0, 1.0, 0, 0, 1, 0, 0, 0, 7.932677268981934, 0.0], [0, 0, 0, 0.0012729763984680176, 0, 1, 8, 13, 20, 0, 0, 0, 0, 11, 1, 4, 0, 0, 0, 12, 0, 1.0, 0, 0, 1, 0, 0, 0, 26.134538650512695, 0.0], [0, 0, 0, 0.028288543224334717, 0, 1, 8, 13, 20, 0, 0, 0, 0, 11, 1, 4, 0, 0, 0, 12, 0, 1.0, 0, 0, 1, 0, 0, 0, 25.827787399291992, 0.0], [0, 0, 0, 0.0067024827003479, 0, 1, 8, 13, 20, 0, 0, 0, 0, 11, 1, 4, 0, 0, 0, 12, 0, 1.0, 0, 0, 1, 0, 0, 0, 25.62074089050293, 0.0], [0, 0, 0, 0.01646244525909424, 0, 1, 8, 13, 20, 0, 0, 0, 0, 11, 1, 4, 0, 0, 0, 12, 0, 1.0, 0, 0, 1, 0, 0, 0, 27.539836883544922, 0.0], [0, 0, 0, 0.020528972148895264, 0, 1, 8, 13, 20, 0, 0, 0, 0, 10, 2, 4, 0, 0, 0, 12, 0, 1.0, 0, 0, 1, 0, 0, 0, 8.08273696899414, 0.0], [0, 0, 0, 0.05740165710449219, 0, 1, 8, 13, 20, 0, 0, 0, 0, 11, 1, 4, 0, 0, 0, 12, 0, 1.0, 0, 0, 1, 0, 0, 0, 27.531993865966797, 0.0], [0, 0, 0, 0.020863205194473267, 0, 1, 8, 13, 20, 0, 0, 0, 0, 10, 2, 4, 0, 0, 0, 12, 0, 1.0, 0, 0, 1, 0, 0, 0, 8.800637245178223, 0.0], [0, 0, 0, 0.04666993021965027, 0, 1, 8, 13, 20, 0, 0, 1, 0, 11, 1, 4, 0, 0, 0, 12, 0, 1.0, 0, 0, 1, 0, 0, 0, 27.132373809814453, 0.0], [0, 0, 0, 0.020660370588302612, 0, 1, 8, 13, 20, 0, 0, 0, 0, 10, 2, 4, 0, 0, 0, 12, 0, 1.0, 0, 0, 1, 0, 0, 0, 8.30974006652832, 0.0], [0, 0, 0, 0.013676375150680542, 0, 1, 8, 13, 20, 0, 0, 0, 0, 11, 1, 3, 0, 0, 0, 12, 0, 1.0, 0, 0, 1, 0, 0, 0, 34.509822845458984, 0.0], [0, 0, 0, 0.005706429481506348, 0, 1, 8, 13, 20, 0, 0, 0, 0, 11, 1, 3, 0, 0, 0, 12, 0, 1.0, 0, 0, 1, 0, 0, 0, 25.341373443603516, 0.0], [0, 0, 0, 0.04044273495674133, 0, 1, 8, 13, 20, 0, 1, 0, 0, 11, 1, 3, 0, 0, 0, 12, 0, 1.0, 0, 0, 1, 0, 0, 0, 24.180904388427734, 0.0], [0, 0, 0, 0.006164252758026123, 0, 1, 8, 13, 20, 0, 0, 0, 0, 11, 1, 4, 0, 0, 0, 12, 0, 1.0, 0, 0, 1, 0, 0, 0, 34.509822845458984, 0.0], [0, 0, 0, 0.0409218966960907, 0, 1, 8, 13, 20, 0, 0, 0, 0, 10, 2, 4, 0, 0, 0, 12, 0, 1.0, 0, 0, 1, 0, 0, 0, 19.871971130371094, 4.7364606857299805], [1, 0, 1, 0.0017271935939788818, 0, 1, 8, 13, 20, 0, 0, 0, 0, 11, 1, 3, 0, 0, 0, 12, 0, 1.0, 0, 0, 2, 1, 0, 0, 43.435935974121094, 18.08610725402832], [0, 0, 0, 0.03090175986289978, 0, 1, 8, 13, 20, 0, 0, 0, 0, 10, 2, 3, 0, 0, 0, 12, 0, 1.0, 0, 0, 1, 0, 0, 0, 19.872135162353516, 4.7436418533325195], [0, 0, 0, 0.00027251243591308594, 0, 1, 8, 13, 20, 0, 0, 0, 0, 11, 1, 2, 0, 0, 0, 12, 0, 1.0, 0, 0, 1, 0, 0, 0, 34.509822845458984, 0.0], [0, 0, 0, 0.01915600895881653, 0, 1, 8, 13, 20, 0, 0, 0, 0, 11, 1, 3, 0, 0, 0, 12, 0, 1.0, 0, 0, 1, 0, 0, 0, 34.509822845458984, 0.0], [0, 0, 0, 0.03711533546447754, 0, 1, 8, 13, 20, 0, 0, 0, 0, 11, 1, 4, 0, 0, 0, 12, 0, 1.0, 0, 0, 1, 0, 0, 0, 34.509822845458984, 0.0], [0, 0, 0, 0.010933101177215576, 0, 1, 8, 13, 20, 0, 0, 0, 0, 11, 1, 4, 0, 0, 0, 12, 0, 1.0, 0, 0, 1, 0, 0, 0, 34.509822845458984, 0.0], [0, 0, 0, 0.005786985158920288, 0, 1, 8, 13, 20, 0, 0, 0, 0, 11, 1, 2, 0, 0, 0, 12, 0, 1.0, 0, 0, 1, 0, 0, 0, 34.509822845458984, 0.0], [0, 0, 0, 0.02286660671234131, 0, 1, 8, 13, 20, 0, 0, 0, 0, 11, 1, 3, 0, 0, 0, 12, 0, 1.0, 0, 0, 1, 0, 0, 0, 34.509822845458984, 0.0], [0, 0, 0, 0.02651962637901306, 0, 1, 8, 13, 20, 0, 0, 0, 0, 11, 1, 3, 0, 0, 0, 12, 0, 1.0, 0, 0, 1, 0, 0, 0, 34.509822845458984, 0.0], [0, 0, 0, 0.0019467175006866455, 0, 1, 8, 13, 20, 0, 0, 0, 0, 11, 1, 3, 0, 0, 0, 12, 0, 1.0, 0, 0, 1, 0, 0, 0, 34.509822845458984, 0.0], [0, 0, 0, 0.0456315279006958, 0, 1, 8, 13, 20, 0, 0, 0, 0, 10, 2, 4, 0, 0, 0, 12, 0, 1.0, 0, 0, 1, 0, 0, 0, 19.871620178222656, 4.714892387390137], [0, 0, 0, 0.038289666175842285, 0, 1, 8, 13, 20, 0, 0, 0, 0, 11, 1, 5, 0, 0, 0, 12, 0, 1.0, 0, 0, 1, 0, 0, 0, 34.509822845458984, 0.0], [0, 0, 0, 0.01739993691444397, 0, 1, 8, 13, 20, 0, 0, 0, 0, 11, 1, 3, 0, 0, 0, 12, 0, 1.0, 0, 0, 1, 0, 0, 0, 34.509822845458984, 0.0], [0, 0, 0, 0.023714005947113037, 0, 1, 8, 13, 20, 0, 0, 0, 0, 11, 1, 3, 0, 0, 0, 12, 0, 1.0, 0, 0, 1, 0, 0, 0, 34.509822845458984, 0.0], [0, 0, 0, 0.00465276837348938, 0, 1, 8, 13, 20, 0, 0, 0, 0, 10, 2, 4, 0, 0, 0, 12, 0, 1.0, 0, 0, 1, 0, 0, 0, 19.871828079223633, 4.729269981384277], [0, 0, 0, 0.02352234721183777, 0, 1, 8, 13, 20, 0, 0, 0, 0, 11, 1, 3, 0, 0, 0, 12, 0, 1.0, 0, 0, 1, 0, 0, 0, 34.509822845458984, 0.0], [0, 0, 0, 0.013440102338790894, 0, 1, 8, 13, 20, 0, 0, 0, 0, 11, 1, 3, 0, 0, 0, 12, 0, 1.0, 0, 0, 1, 0, 0, 0, 34.509822845458984, 0.0], [0, 0, 0, 0.011226266622543335, 0, 1, 8, 13, 20, 0, 0, 0, 0, 11, 1, 3, 0, 0, 0, 12, 0, 1.0, 0, 0, 1, 0, 0, 0, 25.341018676757812, 0.0], [0, 0, 0, 0.048316627740859985, 0, 1, 8, 13, 20, 0, 0, 0, 0, 11, 1, 3, 0, 0, 0, 12, 0, 1.0, 0, 0, 1, 0, 0, 0, 34.509822845458984, 0.0], [0, 0, 0, 0.015276819467544556, 0, 1, 8, 13, 20, 0, 0, 0, 0, 11, 1, 3, 0, 0, 0, 12, 0, 1.0, 0, 0, 1, 0, 0, 0, 34.509822845458984, 0.0], [0, 0, 0, 0.01485210657119751, 0, 1, 8, 13, 20, 0, 0, 0, 0, 11, 1, 3, 0, 0, 0, 12, 0, 1.0, 0, 0, 1, 0, 0, 0, 34.509822845458984, 0.0], [0, 0, 0, 0.03572073578834534, 0, 1, 8, 13, 20, 0, 0, 0, 0, 10, 2, 3, 0, 0, 0, 12, 0, 1.0, 0, 0, 1, 0, 0, 0, 10.758597373962402, 4.708623886108398], [0, 0, 0, 0.023618578910827637, 0, 1, 8, 13, 20, 0, 0, 0, 0, 10, 2, 3, 0, 0, 0, 12, 0, 1.0, 0, 0, 1, 0, 0, 0, 19.871828079223633, 4.729269981384277], [0, 0, 0, 0.00756111741065979, 0, 1, 8, 13, 20, 0, 0, 0, 0, 11, 1, 4, 0, 0, 0, 12, 0, 1.0, 0, 0, 1, 0, 0, 0, 34.509822845458984, 0.0], [0, 0, 0, 0.0364345908164978, 0, 1, 8, 13, 20, 0, 0, 0, 0, 11, 1, 4, 0, 0, 0, 12, 0, 1.0, 0, 0, 1, 0, 0, 0, 34.509822845458984, 0.0], [0, 0, 0, 0.004249274730682373, 0, 1, 8, 13, 20, 0, 0, 0, 0, 11, 1, 2, 0, 0, 0, 12, 0, 1.0, 0, 0, 1, 0, 0, 0, 34.509822845458984, 0.0], [0, 0, 0, 0.0037195682525634766, 0, 1, 8, 13, 20, 0, 0, 0, 0, 11, 1, 4, 0, 0, 0, 12, 0, 1.0, 0, 0, 1, 0, 0, 0, 34.509822845458984, 0.0], [0, 0, 0, 0.005786985158920288, 0, 1, 8, 13, 20, 0, 0, 1, 0, 11, 1, 2, 0, 0, 0, 12, 0, 1.0, 0, 0, 1, 0, 0, 0, 34.509822845458984, 0.0], [1, 0, 0, 0.0426139235496521, 0, 0, 8, 12, 19, 0, 0, 0, 0, 9, 2, 5, 0, 0, 0, 11, 0, 1.0, 0, 0, 0, 1, 0, 0, 22.29291534423828, 7.14848518371582], [0, 0, 0, 0.025575101375579834, 0, 1, 8, 12, 19, 0, 0, 1, 0, 10, 1, 5, 0, 0, 0, 11, 0, 1.0, 0, 0, 1, 0, 0, 0, 36.129032135009766, 0.0], [1, 0, 0, 0.025241315364837646, 0, 0, 8, 12, 19, 0, 0, 0, 0, 9, 2, 5, 0, 0, 0, 11, 0, 1.0, 0, 0, 0, 1, 0, 0, 22.282855987548828, 6.974286079406738], [1, 0, 0, 0.029312461614608765, 0, 0, 8, 12, 19, 0, 0, 0, 0, 9, 2, 5, 0, 0, 0, 11, 0, 1.0, 0, 0, 0, 1, 0, 0, 22.282855987548828, 6.974286079406738], [1, 0, 0, 0.0498582124710083, 0, 0, 8, 12, 19, 0, 0, 0, 0, 9, 2, 5, 0, 0, 0, 11, 0, 1.0, 0, 0, 0, 1, 0, 0, 22.282855987548828, 6.974286079406738], [1, 0, 0, 0.03419065475463867, 0, 0, 8, 12, 19, 0, 0, 0, 0, 9, 2, 5, 0, 0, 0, 11, 0, 1.0, 0, 0, 0, 1, 0, 0, 22.282855987548828, 6.974286079406738], [1, 0, 0, 0.025056660175323486, 0, 0, 8, 12, 19, 0, 0, 0, 0, 9, 2, 5, 0, 0, 0, 11, 0, 1.0, 0, 0, 0, 1, 0, 0, 22.282855987548828, 6.974286079406738], [1, 0, 0, 0.026246875524520874, 0, 0, 8, 12, 19, 0, 0, 0, 0, 9, 2, 5, 0, 0, 0, 11, 0, 1.0, 0, 0, 0, 1, 0, 0, 22.282855987548828, 6.974286079406738], [0, 0, 0, 0.025575101375579834, 0, 1, 8, 12, 19, 0, 0, 1, 0, 10, 1, 5, 0, 0, 0, 11, 0, 1.0, 0, 0, 1, 0, 0, 0, 36.129032135009766, 0.0], [1, 0, 0, 0.02855190634727478, 0, 0, 8, 12, 19, 0, 0, 0, 0, 9, 2, 5, 0, 0, 0, 11, 0, 1.0, 0, 0, 0, 1, 0, 0, 18.788578033447266, 6.654308319091797], [1, 0, 1, 0.04642486572265625, 0, 1, 8, 12, 19, 0, 0, 0, 0, 9, 2, 5, 0, 0, 0, 11, 0, 1.0, 0, 0, 2, 1, 0, 0, 28.246854782104492, 11.854864120483398], [1, 0, 0, 0.0, 0, 1, 8, 9, 16, 0, 0, 0, 0, 6, 2, 5, 0, 0, 0, 8, 0, 1.0, 0, 0, 1, 1, 0, 0, 17.640644073486328, 0.18544578552246094], [1, 0, 0, 0.0, 0, 1, 8, 9, 16, 0, 0, 0, 0, 6, 2, 5, 0, 0, 0, 8, 0, 1.0, 0, 0, 1, 1, 0, 0, 17.640644073486328, 0.18544578552246094], [1, 0, 0, 0.0, 0, 1, 8, 9, 16, 0, 0, 0, 0, 6, 2, 5, 0, 0, 0, 8, 0, 1.0, 0, 0, 1, 1, 0, 0, 17.640644073486328, 0.18544578552246094], [1, 0, 0, 0.015541404485702515, 0, 1, 8, 9, 16, 1, 0, 1, 0, 7, 1, 5, 0, 0, 0, 8, 0, 1.0, 0, 0, 1, 0, 0, 0, 34.116905212402344, 0.0], [1, 0, 0, 0.0, 0, 1, 8, 9, 16, 0, 0, 0, 0, 6, 2, 5, 0, 0, 0, 8, 0, 1.0, 0, 0, 1, 1, 0, 0, 17.63979721069336, 0.18733787536621094], [1, 0, 0, 0.0, 0, 1, 8, 9, 16, 0, 0, 0, 0, 6, 2, 5, 0, 0, 0, 8, 0, 1.0, 0, 0, 1, 1, 0, 0, 17.63979721069336, 0.18733787536621094], [1, 0, 0, 0.0, 0, 1, 8, 9, 16, 0, 0, 0, 0, 6, 2, 5, 0, 0, 0, 8, 0, 1.0, 0, 0, 1, 1, 0, 0, 17.63979721069336, 0.18733787536621094], [1, 0, 0, 0.015541404485702515, 0, 1, 8, 9, 16, 1, 0, 1, 0, 7, 1, 5, 0, 0, 0, 8, 0, 1.0, 0, 0, 1, 0, 0, 0, 34.116905212402344, 0.0], [1, 0, 0, 0.29587113857269287, 0, 0, 8, 3, 10, 0, 0, 0, 0, 1, 1, 5, 0, 0, 0, 2, 0, 1.0, 0, 0, 0, 1, 0, 0, -7.965541362762451, 0.0], [1, 0, 1, 0.03795671463012695, 0, 1, 8, 3, 10, 0, 0, 0, 0, 1, 1, 4, 0, 0, 0, 2, 0, 1.0, 0, 0, 2, 1, 0, 0, 53.188758850097656, 48.262271881103516], [0, 0, 0, 0.059299200773239136, 0, 1, 8, 3, 10, 0, 0, 0, 0, 1, 1, 4, 0, 0, 0, 2, 0, 1.0, 0, 0, 1, 0, 0, 0, 4.926486015319824, 0.0], [1, 0, 1, 0.11490046977996826, 0, 1, 8, 3, 10, 0, 0, 0, 0, 1, 1, 3, 0, 0, 0, 2, 0, 1.0, 0, 0, 2, 1, 0, 0, 53.188758850097656, 48.262271881103516], [1, 0, 0, 0.06760406494140625, 0, 1, 8, 3, 10, 0, 0, 0, 0, 1, 1, 5, 0, 0, 0, 2, 0, 1.0, 0, 0, 1, 0, 0, 0, 4.926486968994141, 0.0], [0, 0, 0, 0.0, 0, 0, 8, 3, 10, 0, 0, 0, 0, 1, 1, 3, 0, 0, 0, 2, 0, 1.0, 0, 0, 0, 0, 0, 0, -7.965541362762451, 0.0], [1, 0, 0, 0.0, 0, 0, 8, 3, 10, 0, 0, 0, 0, 1, 1, 3, 0, 0, 0, 2, 0, 1.0, 0, 0, 0, 0, 0, 0, -7.965541362762451, 0.0], [1, 0, 0, 0.0, 0, 0, 8, 3, 10, 0, 0, 0, 0, 1, 1, 3, 0, 0, 0, 2, 0, 1.0, 0, 0, 0, 0, 0, 0, -7.965541362762451, 0.0], [1, 0, 1, 0.0, 1, 0, 8, 3, 10, 1, 0, 1, 1, 1, 1, 3, 0, 0, 0, 2, 1, 1.0, 0, 0, 0, 0, 0, 0, -6.9554762840271, 0.0], [1, 0, 1, 0.0, 1, 0, 8, 3, 10, 1, 0, 1, 1, 1, 1, 3, 0, 0, 0, 2, 1, 1.0, 0, 0, 0, 0, 0, 0, -6.9554762840271, 0.0], [1, 0, 1, 0.8388788104057312, 1, 0, 8, 3, 10, 1, 0, 1, 1, 1, 1, 4, 0, 0, 0, 2, 1, 1.0, 0, 0, 0, 0, 0, 0, -6.9554762840271, 0.0], [1, 0, 1, 0.8388788104057312, 1, 0, 8, 3, 10, 1, 0, 1, 1, 1, 1, 4, 0, 0, 0, 2, 1, 1.0, 0, 0, 0, 0, 0, 0, -6.9554762840271, 0.0], [0, 0, 0, 0.11170855164527893, 0, 1, 8, 3, 10, 0, 0, 1, 1, 1, 1, 4, 0, 0, 0, 2, 0, 1.0, 0, 0, 1, 0, 0, 0, 5.274406433105469, 0.0], [0, 0, 0, 0.11170855164527893, 0, 1, 8, 3, 10, 0, 0, 1, 1, 1, 1, 4, 0, 0, 0, 2, 0, 1.0, 0, 0, 1, 0, 0, 0, 5.274406433105469, 0.0], [1, 0, 1, 0.589338481426239, 1, 1, 8, 4, 11, 1, 0, 1, 1, 1, 2, 4, 0, 0, 0, 3, 1, 1.0, 0, 0, 1, 0, 0, 0, -12.929213523864746, 27.541912078857422], [1, 0, 1, 0.589338481426239, 1, 1, 8, 4, 11, 1, 0, 1, 1, 1, 2, 4, 0, 0, 0, 3, 1, 1.0, 0, 0, 1, 0, 0, 0, -12.929213523864746, 27.541912078857422], [1, 0, 1, 0.589338481426239, 1, 1, 8, 4, 11, 1, 0, 1, 1, 1, 2, 4, 0, 0, 0, 3, 1, 1.0, 0, 0, 1, 0, 0, 0, -12.929213523864746, 27.541912078857422], [1, 0, 1, 0.7605434358119965, 1, 0, 8, 3, 10, 1, 0, 1, 1, 1, 1, 5, 0, 0, 0, 2, 1, 1.0, 0, 0, 0, 0, 0, 0, -6.9554762840271, 0.0], [1, 0, 1, 0.7605434358119965, 1, 0, 8, 3, 10, 1, 0, 1, 1, 1, 1, 5, 0, 0, 0, 2, 1, 1.0, 0, 0, 0, 0, 0, 0, -6.9554762840271, 0.0], [0, 0, 1, 0.0, 0, 0, 8, 4, 11, 0, 0, 1, 1, 1, 2, 5, 0, 0, 0, 3, 0, 1.0, 0, 0, 0, 0, 0, 0, -26.32734489440918, 0.0], [0, 0, 1, 0.0, 0, 0, 8, 4, 11, 0, 0, 1, 1, 1, 2, 5, 0, 0, 0, 3, 0, 1.0, 0, 0, 0, 0, 0, 0, -27.435930252075195, 0.0], [0, 0, 1, 0.0, 0, 0, 8, 4, 11, 0, 0, 1, 1, 1, 2, 5, 0, 0, 0, 3, 0, 1.0, 0, 0, 0, 0, 0, 0, -27.435930252075195, 0.0], [1, 0, 1, 0.0, 1, 0, 8, 3, 10, 1, 0, 1, 1, 1, 1, 3, 0, 0, 0, 2, 1, 1.0, 0, 0, 0, 0, 0, 0, -6.9554762840271, 0.0], [1, 0, 1, 0.0, 1, 0, 8, 3, 10, 1, 0, 1, 1, 1, 1, 3, 0, 0, 0, 2, 1, 1.0, 0, 0, 0, 0, 0, 0, -6.9554762840271, 0.0], [1, 0, 1, 0.0, 1, 0, 8, 3, 10, 1, 0, 1, 1, 1, 1, 4, 0, 0, 0, 2, 1, 1.0, 0, 0, 0, 0, 0, 0, -6.9554762840271, 0.0], [1, 0, 1, 0.0, 1, 0, 8, 3, 10, 1, 1, 1, 1, 1, 1, 4, 0, 0, 0, 2, 1, 1.0, 0, 0, 0, 0, 0, 0, -6.9554762840271, 0.0], [1, 0, 1, 0.0, 1, 0, 8, 3, 10, 1, 0, 1, 1, 1, 1, 3, 0, 0, 0, 2, 1, 1.0, 0, 0, 0, 0, 0, 0, -6.9554762840271, 0.0], [1, 0, 1, 0.0, 1, 0, 8, 3, 10, 1, 0, 1, 1, 1, 1, 3, 0, 0, 0, 2, 1, 1.0, 0, 0, 0, 0, 0, 0, -6.9554762840271, 0.0], [0, 0, 0, 0.0, 0, 1, 8, 3, 10, 0, 0, 1, 1, 1, 1, 2, 0, 0, 0, 2, 0, 1.0, 0, 0, 1, 0, 0, 0, 5.274406433105469, 3.41860294342041], [0, 0, 0, 0.0, 0, 1, 8, 3, 10, 0, 0, 1, 1, 1, 1, 2, 0, 0, 0, 2, 0, 1.0, 0, 0, 1, 0, 0, 0, 5.274406433105469, 3.41860294342041], [1, 0, 1, 0.0, 1, 0, 8, 3, 10, 1, 1, 1, 1, 1, 1, 3, 0, 0, 0, 2, 1, 1.0, 0, 0, 0, 0, 0, 0, -6.9554762840271, 0.0], [1, 0, 1, 0.0, 1, 0, 8, 3, 10, 1, 0, 1, 1, 1, 1, 3, 0, 0, 0, 2, 1, 1.0, 0, 0, 0, 0, 0, 0, -6.9554762840271, 0.0], [1, 0, 1, 0.0, 1, 0, 8, 3, 10, 1, 0, 1, 1, 1, 1, 3, 0, 0, 0, 2, 1, 1.0, 0, 0, 0, 0, 0, 0, -6.9554762840271, 0.0], [1, 0, 1, 0.0, 1, 0, 8, 3, 10, 1, 0, 1, 1, 1, 1, 3, 0, 0, 0, 2, 1, 1.0, 0, 0, 0, 0, 0, 0, -6.9554762840271, 0.0], [1, 0, 1, 0.0, 1, 0, 8, 3, 10, 1, 1, 1, 1, 1, 1, 3, 0, 0, 0, 2, 1, 1.0, 0, 0, 0, 0, 0, 0, -6.9554762840271, 0.0], [1, 0, 1, 0.0, 1, 0, 8, 3, 10, 1, 1, 1, 1, 1, 1, 3, 0, 0, 0, 2, 1, 1.0, 0, 0, 0, 0, 0, 0, -6.9554762840271, 0.0], [1, 0, 1, 0.0, 1, 0, 8, 3, 10, 1, 0, 1, 1, 1, 1, 3, 0, 0, 0, 2, 1, 1.0, 0, 0, 0, 0, 0, 0, -6.9554762840271, 0.0], [1, 0, 1, 0.0, 1, 0, 8, 3, 10, 1, 0, 1, 1, 1, 1, 3, 0, 0, 0, 2, 1, 1.0, 0, 0, 0, 0, 0, 0, -6.9554762840271, 0.0], [1, 0, 1, 0.0, 1, 0, 8, 3, 10, 1, 0, 1, 1, 1, 1, 4, 0, 0, 0, 2, 1, 1.0, 0, 0, 0, 0, 0, 0, -6.9554762840271, 0.0], [1, 0, 1, 0.0, 1, 0, 8, 3, 10, 1, 0, 1, 1, 1, 1, 4, 0, 0, 0, 2, 1, 1.0, 0, 0, 0, 0, 0, 0, -6.9554762840271, 0.0], [1, 0, 1, 0.0, 1, 0, 8, 3, 10, 1, 0, 1, 1, 1, 1, 3, 0, 0, 0, 2, 1, 1.0, 0, 0, 0, 0, 0, 0, -6.9554762840271, 0.0], [1, 0, 1, 0.0, 1, 0, 8, 3, 10, 1, 1, 1, 1, 1, 1, 3, 0, 0, 0, 2, 1, 1.0, 0, 0, 0, 0, 0, 0, -6.9554762840271, 0.0], [1, 0, 1, 0.0, 1, 0, 8, 3, 10, 1, 0, 1, 1, 1, 1, 3, 0, 0, 0, 2, 1, 1.0, 0, 0, 0, 0, 0, 0, -6.9554762840271, 0.0], [1, 0, 1, 0.0, 1, 0, 8, 3, 10, 1, 1, 1, 1, 1, 1, 3, 0, 0, 0, 2, 1, 1.0, 0, 0, 0, 0, 0, 0, -6.9554762840271, 0.0], [1, 0, 1, 0.0, 1, 0, 8, 3, 10, 1, 0, 1, 1, 1, 1, 3, 0, 0, 0, 2, 1, 1.0, 0, 0, 0, 0, 0, 0, -6.9554762840271, 0.0], [1, 0, 1, 0.0, 1, 0, 8, 3, 10, 1, 0, 1, 1, 1, 1, 3, 0, 0, 0, 2, 1, 1.0, 0, 0, 0, 0, 0, 0, -6.9554762840271, 0.0], [1, 0, 1, 0.0, 1, 0, 8, 3, 10, 1, 0, 1, 1, 1, 1, 3, 0, 0, 0, 2, 1, 1.0, 0, 0, 0, 0, 0, 0, -6.9554762840271, 0.0], [1, 0, 1, 0.0, 1, 0, 8, 3, 10, 1, 0, 1, 1, 1, 1, 3, 0, 0, 0, 2, 1, 1.0, 0, 0, 0, 0, 0, 0, -6.9554762840271, 0.0], [1, 0, 1, 0.0, 1, 0, 8, 4, 11, 1, 0, 1, 1, 1, 2, 3, 0, 0, 0, 3, 1, 1.0, 0, 0, 0, 0, 0, 0, -15.358125686645508, 0.0], [1, 0, 1, 0.0, 1, 0, 8, 4, 11, 1, 0, 1, 1, 1, 2, 3, 0, 0, 0, 3, 1, 1.0, 0, 0, 0, 0, 0, 0, -15.358125686645508, 0.0], [1, 0, 1, 0.0, 1, 0, 8, 4, 11, 1, 1, 1, 1, 1, 2, 3, 0, 0, 0, 3, 1, 1.0, 0, 0, 0, 0, 0, 0, -15.358125686645508, 0.0], [1, 0, 1, 0.0, 1, 0, 8, 3, 10, 1, 0, 1, 1, 1, 1, 3, 0, 0, 0, 2, 1, 1.0, 0, 0, 0, 0, 0, 0, -6.9554762840271, 0.0], [1, 0, 1, 0.0, 1, 0, 8, 3, 10, 1, 0, 1, 1, 1, 1, 3, 0, 0, 0, 2, 1, 1.0, 0, 0, 0, 0, 0, 0, -6.9554762840271, 0.0], [0, 0, 0, 0.049830615520477295, 0, 1, 8, 3, 10, 0, 0, 1, 1, 1, 1, 5, 0, 0, 0, 2, 0, 1.0, 0, 0, 2, 0, 0, 0, 1.8558039665222168, 0.0], [0, 0, 0, 0.049830615520477295, 0, 1, 8, 3, 10, 0, 0, 1, 1, 1, 1, 5, 0, 0, 0, 2, 0, 1.0, 0, 0, 2, 0, 0, 0, 1.8558039665222168, 0.0], [1, 0, 1, 0.7993257790803909, 1, 1, 8, 4, 11, 1, 0, 1, 1, 1, 2, 5, 0, 0, 0, 3, 1, 1.0, 0, 0, 1, 0, 0, 0, -24.12718391418457, 27.139768600463867], [1, 0, 1, 0.7993257790803909, 1, 1, 8, 4, 11, 1, 0, 1, 1, 1, 2, 5, 0, 0, 0, 3, 1, 1.0, 0, 0, 1, 0, 0, 0, -24.857189178466797, 26.849571228027344], [1, 0, 1, 0.7993257790803909, 1, 1, 8, 4, 11, 1, 0, 1, 1, 1, 2, 5, 0, 0, 0, 3, 1, 1.0, 0, 0, 1, 0, 0, 0, -24.857189178466797, 26.849571228027344], [1, 0, 1, 0.5881415009498596, 1, 0, 8, 3, 10, 1, 0, 1, 1, 1, 1, 5, 0, 0, 0, 2, 1, 1.0, 0, 0, 0, 0, 0, 0, -6.9554762840271, 0.0], [1, 0, 1, 0.5881415009498596, 1, 0, 8, 3, 10, 1, 0, 1, 1, 1, 1, 5, 0, 0, 0, 2, 1, 1.0, 0, 0, 0, 0, 0, 0, -6.9554762840271, 0.0], [1, 0, 1, 0.0, 1, 0, 8, 3, 10, 1, 1, 1, 1, 1, 1, 3, 0, 0, 0, 2, 1, 1.0, 0, 0, 0, 0, 0, 0, -6.9554762840271, 0.0], [1, 0, 1, 0.0, 1, 0, 8, 3, 10, 1, 0, 1, 1, 1, 1, 3, 0, 0, 0, 2, 1, 1.0, 0, 0, 0, 0, 0, 0, -6.9554762840271, 0.0], [1, 0, 1, 0.0, 1, 0, 8, 3, 10, 1, 0, 1, 1, 1, 1, 3, 0, 0, 0, 2, 1, 1.0, 0, 0, 0, 0, 0, 0, -6.9554762840271, 0.0], [1, 0, 1, 0.0, 1, 0, 8, 3, 10, 1, 0, 1, 1, 1, 1, 3, 0, 0, 0, 2, 1, 1.0, 0, 0, 0, 0, 0, 0, -6.9554762840271, 0.0], [1, 0, 1, 0.0, 1, 0, 8, 3, 10, 1, 0, 1, 1, 1, 1, 3, 0, 0, 0, 2, 1, 1.0, 0, 0, 0, 0, 0, 0, -6.9554762840271, 0.0], [1, 0, 1, 0.0, 1, 0, 8, 3, 10, 1, 0, 1, 1, 1, 1, 3, 0, 0, 0, 2, 1, 1.0, 0, 0, 0, 0, 0, 0, -6.9554762840271, 0.0], [1, 0, 1, 0.4461604356765747, 1, 0, 8, 4, 11, 1, 0, 1, 1, 1, 2, 5, 0, 0, 0, 3, 1, 1.0, 0, 0, 0, 0, 0, 0, -15.358125686645508, 0.0], [1, 0, 1, 0.4461604356765747, 1, 0, 8, 4, 11, 1, 0, 1, 1, 1, 2, 5, 0, 0, 0, 3, 1, 1.0, 0, 0, 0, 0, 0, 0, -15.358125686645508, 0.0], [1, 0, 1, 0.4461604356765747, 1, 0, 8, 4, 11, 1, 0, 1, 1, 1, 2, 5, 0, 0, 0, 3, 1, 1.0, 0, 0, 0, 0, 0, 0, -15.358125686645508, 0.0], [0, 0, 0, 0.14051932096481323, 0, 1, 8, 3, 10, 0, 0, 1, 1, 1, 1, 5, 0, 0, 0, 2, 0, 1.0, 0, 0, 1, 0, 0, 0, 5.274406433105469, 0.0], [0, 0, 0, 0.14051932096481323, 0, 1, 8, 3, 10, 0, 0, 1, 1, 1, 1, 5, 0, 0, 0, 2, 0, 1.0, 0, 0, 1, 0, 0, 0, 5.274406433105469, 0.0], [0, 0, 0, 0.04673051834106445, 0, 1, 8, 3, 10, 1, 0, 1, 1, 1, 1, 2, 0, 0, 0, 2, 0, 1.0, 0, 0, 1, 0, 0, 0, 5.274406433105469, 0.0], [0, 0, 0, 0.04673051834106445, 0, 1, 8, 3, 10, 1, 0, 1, 1, 1, 1, 2, 0, 0, 0, 2, 0, 1.0, 0, 0, 1, 0, 0, 0, 5.274406433105469, 0.0], [0, 0, 0, 0.03729605674743652, 0, 1, 8, 3, 10, 0, 0, 1, 1, 1, 1, 4, 0, 0, 0, 2, 0, 1.0, 0, 0, 1, 0, 0, 0, 5.274406433105469, 0.0], [0, 0, 0, 0.03729605674743652, 0, 1, 8, 3, 10, 0, 0, 1, 1, 1, 1, 4, 0, 0, 0, 2, 0, 1.0, 0, 0, 1, 0, 0, 0, 5.274406433105469, 0.0], [1, 0, 1, 0.8100548386573792, 1, 0, 8, 3, 10, 1, 0, 1, 1, 1, 1, 5, 0, 0, 0, 2, 1, 1.0, 0, 0, 0, 0, 0, 0, -6.9554762840271, 0.0], [1, 0, 1, 0.8100548386573792, 1, 0, 8, 3, 10, 1, 0, 1, 1, 1, 1, 5, 0, 0, 0, 2, 1, 1.0, 0, 0, 0, 0, 0, 0, -6.9554762840271, 0.0], [1, 0, 1, 0.0, 1, 0, 8, 3, 10, 1, 0, 1, 1, 1, 1, 3, 0, 0, 0, 2, 1, 1.0, 0, 0, 0, 0, 0, 0, -6.9554762840271, 0.0], [1, 0, 1, 0.0, 1, 0, 8, 3, 10, 1, 1, 1, 1, 1, 1, 3, 0, 0, 0, 2, 1, 1.0, 0, 0, 0, 0, 0, 0, -6.9554762840271, 0.0], [0, 0, 1, 0.09289133548736572, 0, 0, 8, 4, 11, 0, 0, 1, 1, 1, 2, 5, 0, 0, 0, 3, 0, 1.0, 0, 0, 0, 0, 0, 0, -15.358125686645508, 0.0], [0, 0, 1, 0.09289133548736572, 0, 0, 8, 4, 11, 0, 0, 1, 1, 1, 2, 5, 0, 0, 0, 3, 0, 1.0, 0, 0, 0, 0, 0, 0, -15.358125686645508, 0.0], [0, 0, 1, 0.09289133548736572, 0, 0, 8, 4, 11, 0, 0, 1, 1, 1, 2, 5, 0, 0, 0, 3, 0, 1.0, 0, 0, 0, 0, 0, 0, -15.358125686645508, 0.0], [1, 0, 1, 0.0, 1, 0, 8, 3, 10, 1, 0, 1, 1, 1, 1, 3, 0, 0, 0, 2, 1, 1.0, 0, 0, 0, 0, 0, 0, -6.9554762840271, 0.0], [1, 0, 1, 0.0, 1, 0, 8, 3, 10, 1, 1, 1, 1, 1, 1, 3, 0, 0, 0, 2, 1, 1.0, 0, 0, 0, 0, 0, 0, -6.9554762840271, 0.0], [1, 0, 1, 0.0, 1, 0, 8, 3, 10, 1, 0, 1, 1, 1, 1, 5, 0, 0, 0, 2, 1, 1.0, 0, 0, 0, 0, 0, 0, -6.9554762840271, 0.0], [1, 0, 1, 0.0, 1, 0, 8, 3, 10, 1, 0, 1, 1, 1, 1, 5, 0, 0, 0, 2, 1, 1.0, 0, 0, 0, 0, 0, 0, -6.9554762840271, 0.0], [1, 0, 1, 0.0, 1, 0, 8, 3, 10, 1, 0, 1, 1, 1, 1, 3, 0, 0, 0, 2, 1, 1.0, 0, 0, 0, 0, 0, 0, -6.9554762840271, 0.0], [1, 0, 1, 0.0, 1, 0, 8, 3, 10, 1, 0, 1, 1, 1, 1, 3, 0, 0, 0, 2, 1, 1.0, 0, 0, 0, 0, 0, 0, -6.9554762840271, 0.0], [1, 0, 1, 0.0, 1, 0, 8, 3, 10, 1, 0, 1, 1, 1, 1, 5, 0, 0, 0, 2, 1, 1.0, 0, 0, 0, 0, 0, 0, -6.9554762840271, 0.0], [1, 0, 1, 0.0, 1, 0, 8, 3, 10, 1, 0, 1, 1, 1, 1, 5, 0, 0, 0, 2, 1, 1.0, 0, 0, 0, 0, 0, 0, -6.9554762840271, 0.0], [1, 0, 1, 0.0, 1, 0, 8, 3, 10, 1, 0, 1, 1, 1, 1, 3, 0, 0, 0, 2, 1, 1.0, 0, 0, 0, 0, 0, 0, -6.9554762840271, 0.0], [1, 0, 1, 0.0, 1, 0, 8, 3, 10, 1, 0, 1, 1, 1, 1, 3, 0, 0, 0, 2, 1, 1.0, 0, 0, 0, 0, 0, 0, -6.9554762840271, 0.0], [0, 0, 0, 0.007052630186080933, 0, 1, 8, 3, 10, 0, 0, 1, 1, 1, 1, 3, 0, 0, 0, 2, 0, 1.0, 0, 0, 1, 0, 0, 0, 1.8558034896850586, 0.0], [0, 0, 0, 0.007052630186080933, 0, 1, 8, 3, 10, 0, 0, 1, 1, 1, 1, 3, 0, 0, 0, 2, 0, 1.0, 0, 0, 1, 0, 0, 0, 1.8558034896850586, 0.0], [1, 0, 1, 0.0, 1, 0, 8, 3, 10, 1, 0, 1, 1, 1, 1, 3, 0, 0, 0, 2, 1, 1.0, 0, 0, 0, 0, 0, 0, -6.9554762840271, 0.0], [1, 0, 1, 0.0, 1, 0, 8, 3, 10, 1, 0, 1, 1, 1, 1, 3, 0, 0, 0, 2, 1, 1.0, 0, 0, 0, 0, 0, 0, -6.9554762840271, 0.0], [0, 0, 1, 0.13341626524925232, 0, 0, 8, 3, 10, 0, 0, 1, 1, 1, 1, 4, 0, 0, 0, 2, 0, 1.0, 0, 0, 0, 0, 0, 0, -6.9554762840271, 0.0], [0, 0, 1, 0.13341626524925232, 0, 0, 8, 3, 10, 0, 0, 1, 1, 1, 1, 4, 0, 0, 0, 2, 0, 1.0, 0, 0, 0, 0, 0, 0, -6.9554762840271, 0.0], [1, 0, 1, 0.0, 1, 0, 8, 3, 10, 1, 0, 1, 1, 1, 1, 3, 0, 0, 0, 2, 1, 1.0, 0, 0, 0, 0, 0, 0, -6.9554762840271, 0.0], [1, 0, 1, 0.0, 1, 0, 8, 3, 10, 1, 0, 1, 1, 1, 1, 3, 0, 0, 0, 2, 1, 1.0, 0, 0, 0, 0, 0, 0, -6.9554762840271, 0.0], [1, 0, 1, 0.8100548386573792, 1, 0, 8, 4, 11, 1, 0, 1, 1, 1, 2, 5, 0, 0, 0, 3, 1, 1.0, 0, 0, 0, 0, 0, 0, -15.358125686645508, 0.0], [1, 0, 1, 0.8100548386573792, 1, 0, 8, 4, 11, 1, 0, 1, 1, 1, 2, 5, 0, 0, 0, 3, 1, 1.0, 0, 0, 0, 0, 0, 0, -15.358125686645508, 0.0], [1, 0, 1, 0.8100548386573792, 1, 0, 8, 4, 11, 1, 0, 1, 1, 1, 2, 5, 0, 0, 0, 3, 1, 1.0, 0, 0, 0, 0, 0, 0, -15.358125686645508, 0.0], [1, 0, 1, 0.0, 0, 1, 8, 11, 18, 0, 0, 0, 0, 6, 3, 3, 0, 0, 0, 10, 0, 1.0, 0, 0, 2, 1, 0, 0, 13.941971778869629, 15.3110933303833], [1, 0, 1, 0.0, 0, 1, 8, 11, 18, 0, 0, 0, 0, 6, 3, 3, 0, 0, 0, 10, 0, 1.0, 0, 0, 2, 1, 0, 0, 13.941971778869629, 15.3110933303833], [1, 0, 1, 0.0, 0, 1, 8, 11, 18, 0, 0, 0, 0, 6, 3, 3, 0, 0, 0, 10, 0, 1.0, 0, 0, 2, 1, 0, 0, 13.941971778869629, 15.3110933303833], [1, 0, 1, 0.0, 0, 1, 8, 11, 18, 0, 0, 0, 0, 6, 3, 3, 0, 0, 0, 10, 0, 1.0, 0, 0, 2, 1, 0, 0, 13.941971778869629, 15.3110933303833], [0, 0, 0, 0.0, 0, 1, 8, 11, 18, 0, 0, 1, 0, 7, 3, 3, 0, 0, 0, 10, 0, 1.0, 0, 0, 1, 0, 0, 0, 14.789480209350586, 6.160590171813965], [0, 0, 0, 0.0, 0, 1, 8, 11, 18, 0, 0, 1, 0, 7, 3, 3, 0, 0, 0, 10, 0, 1.0, 0, 0, 1, 0, 0, 0, 14.789480209350586, 6.160590171813965], [1, 0, 1, 0.0, 0, 1, 8, 11, 18, 0, 0, 0, 0, 6, 3, 3, 0, 0, 0, 10, 0, 1.0, 0, 0, 2, 1, 0, 0, 13.930315971374512, 15.320876121520996], [1, 0, 1, 0.0, 1, 1, 8, 11, 18, 1, 0, 1, 0, 7, 2, 3, 0, 0, 0, 10, 1, 1.0, 0, 0, 1, 0, 0, 0, 8.391267776489258, 6.491396903991699], [1, 0, 1, 0.0, 1, 1, 8, 11, 18, 1, 0, 1, 0, 7, 2, 3, 0, 0, 0, 10, 1, 1.0, 0, 0, 1, 0, 0, 0, 8.391267776489258, 6.491396903991699], [1, 0, 1, 0.0, 1, 1, 8, 11, 18, 1, 0, 1, 0, 7, 2, 3, 0, 0, 0, 10, 1, 1.0, 0, 0, 1, 0, 0, 0, 8.391267776489258, 6.491396903991699], [1, 0, 0, 0.04072016477584839, 0, 0, 8, 5, 12, 0, 0, 0, 0, 2, 2, 5, 0, 0, 0, 4, 0, 1.0, 0, 0, 0, 1, 0, 0, 3.7519140243530273, 27.84929656982422], [0, 0, 0, 0.19417458772659302, 0, 1, 8, 5, 12, 0, 0, 1, 0, 3, 1, 4, 0, 0, 0, 4, 0, 1.0, 0, 0, 2, 0, 0, 0, 27.092342376708984, 2.849029541015625], [0, 0, 0, 0.19417458772659302, 0, 1, 8, 5, 12, 0, 0, 1, 0, 3, 1, 4, 0, 0, 0, 4, 0, 1.0, 0, 0, 1, 0, 0, 0, 27.092342376708984, 0.0], [1, 0, 0, 0.029293596744537354, 0, 0, 8, 5, 12, 0, 0, 0, 0, 2, 2, 5, 0, 0, 0, 4, 0, 1.0, 0, 0, 0, 1, 0, 0, 3.473031759262085, 27.570415496826172], [1, 0, 0, 0.018415510654449463, 0, 1, 8, 9, 16, 1, 0, 1, 1, 5, 2, 4, 0, 0, 0, 8, 0, 1.0, 0, 0, 1, 0, 0, 0, 2.9679019451141357, 0.7259087562561035], [1, 0, 0, 0.018415510654449463, 0, 1, 8, 9, 16, 1, 0, 1, 1, 5, 2, 4, 0, 0, 0, 8, 0, 1.0, 0, 0, 1, 0, 0, 0, 2.9679019451141357, 0.7259087562561035], [1, 0, 0, 0.018415510654449463, 0, 1, 8, 9, 16, 1, 0, 1, 1, 5, 2, 4, 0, 0, 0, 8, 0, 1.0, 0, 0, 1, 0, 0, 0, 2.9679019451141357, 0.7259087562561035], [1, 0, 0, 0.0, 0, 1, 8, 9, 16, 0, 0, 0, 0, 4, 3, 4, 0, 0, 0, 8, 0, 1.0, 0, 0, 1, 0, 0, 0, -2.018805742263794, 0.2221989631652832], [1, 0, 0, 0.0, 0, 1, 8, 9, 16, 0, 1, 0, 0, 4, 3, 4, 0, 0, 0, 8, 0, 1.0, 0, 0, 1, 0, 0, 0, -2.018805742263794, 0.2221989631652832], [0, 0, 0, 0.0, 0, 1, 8, 9, 16, 1, 0, 1, 0, 5, 3, 5, 0, 0, 0, 8, 0, 1.0, 0, 0, 1, 0, 0, 0, 14.931397438049316, 7.458993911743164], [0, 0, 0, 0.0, 0, 1, 8, 9, 16, 1, 0, 1, 0, 5, 3, 5, 0, 0, 0, 8, 0, 1.0, 0, 0, 1, 0, 0, 0, 14.931397438049316, 7.458993911743164], [1, 0, 0, 0.0, 0, 1, 8, 9, 16, 1, 0, 0, 0, 4, 3, 4, 0, 0, 0, 8, 0, 1.0, 0, 0, 1, 1, 0, 0, -2.2302706241607666, 0.0404205322265625], [1, 0, 0, 0.0, 0, 1, 8, 4, 11, 1, 0, 1, 1, 2, 1, 5, 0, 0, 0, 3, 0, 1.0, 0, 0, 1, 0, 0, 0, 23.104320526123047, 0.0], [1, 0, 0, 0.0, 0, 1, 8, 4, 11, 1, 0, 1, 1, 2, 1, 5, 0, 0, 0, 3, 0, 1.0, 0, 0, 1, 0, 0, 0, 23.104320526123047, 0.0], [1, 0, 0, 0.0, 0, 0, 8, 4, 11, 0, 0, 0, 0, 1, 2, 4, 0, 0, 0, 3, 0, 1.0, 0, 0, 0, 1, 0, 0, -16.368139266967773, 0.0], [1, 0, 1, 0.22559016942977905, 1, 1, 8, 6, 13, 1, 0, 1, 1, 3, 2, 4, 0, 0, 0, 5, 1, 1.0, 0, 0, 1, 0, 0, 0, 12.290629386901855, 13.206315994262695], [1, 0, 0, 0.25594037771224976, 0, 1, 8, 6, 13, 0, 0, 0, 0, 2, 3, 4, 0, 0, 0, 5, 0, 1.0, 0, 0, 1, 1, 0, 0, 6.898449897766113, 2.2625045776367188], [1, 0, 1, 0.22559016942977905, 1, 1, 8, 6, 13, 1, 0, 1, 1, 3, 2, 5, 0, 0, 0, 5, 1, 1.0, 0, 0, 1, 0, 0, 0, 12.106428146362305, 13.212363243103027], [1, 0, 0, 0.2501564025878906, 0, 1, 8, 6, 13, 1, 0, 0, 0, 2, 3, 5, 0, 0, 0, 5, 0, 1.0, 0, 0, 1, 0, 0, 0, 7.045496463775635, 15.363582611083984], [1, 0, 1, 0.22559016942977905, 1, 0, 8, 6, 13, 1, 0, 1, 1, 3, 2, 4, 0, 0, 0, 5, 1, 1.0, 0, 0, 0, 0, 0, 0, 12.568493843078613, 19.123031616210938], [1, 0, 0, 0.0, 0, 1, 8, 11, 18, 0, 0, 0, 0, 7, 3, 5, 0, 0, 0, 10, 0, 1.0, 0, 0, 1, 1, 0, 0, 18.021892547607422, 0.5359401702880859], [1, 0, 1, 0.0, 1, 1, 8, 11, 18, 1, 0, 1, 1, 8, 2, 5, 0, 0, 0, 10, 1, 1.0, 0, 0, 1, 0, 0, 0, 22.350643157958984, 8.07632064819336], [1, 0, 0, 0.0, 0, 1, 8, 11, 18, 0, 0, 0, 0, 7, 3, 5, 0, 0, 0, 10, 0, 1.0, 0, 0, 1, 1, 0, 0, 18.106651306152344, 0.5868358612060547], [1, 0, 1, 0.0, 1, 1, 8, 11, 18, 1, 0, 1, 1, 8, 2, 5, 0, 0, 0, 10, 1, 1.0, 0, 0, 1, 0, 0, 0, 22.34479331970215, 8.078718185424805], [1, 0, 0, 0.0, 0, 1, 8, 11, 18, 0, 0, 0, 0, 7, 3, 5, 0, 0, 0, 10, 0, 1.0, 0, 0, 1, 1, 0, 0, 18.10608673095703, 0.5867996215820312], [1, 0, 1, 0.0, 1, 1, 8, 11, 18, 1, 0, 1, 1, 8, 2, 5, 0, 0, 0, 10, 1, 1.0, 0, 0, 1, 0, 0, 0, 22.52939796447754, 8.080609321594238], [1, 0, 0, 0.0, 0, 1, 8, 11, 18, 0, 0, 0, 0, 7, 3, 5, 0, 0, 0, 10, 0, 1.0, 0, 0, 1, 1, 0, 0, 17.92160415649414, 0.6084480285644531], [1, 0, 0, 0.0, 0, 1, 8, 11, 18, 0, 0, 0, 0, 7, 3, 5, 0, 0, 0, 10, 0, 1.0, 0, 0, 1, 1, 0, 0, 17.92160415649414, 0.6084480285644531], [1, 0, 0, 0.0, 0, 1, 8, 11, 18, 0, 0, 0, 0, 7, 3, 5, 0, 0, 0, 10, 0, 1.0, 0, 0, 1, 1, 0, 0, 17.92160415649414, 0.6084480285644531], [1, 0, 0, 0.0, 0, 1, 8, 11, 18, 0, 0, 0, 0, 7, 3, 5, 0, 0, 0, 10, 0, 1.0, 0, 0, 1, 1, 0, 0, 17.92160415649414, 0.6084480285644531], [0, 0, 0, 0.0, 0, 1, 8, 7, 14, 0, 0, 0, 0, 4, 2, 3, 0, 0, 0, 6, 0, 1.0, 0, 0, 1, 0, 0, 0, 11.741467475891113, 9.058290481567383], [0, 0, 0, 0.0, 0, 1, 8, 7, 14, 0, 0, 0, 0, 4, 2, 3, 0, 0, 0, 6, 0, 1.0, 0, 0, 1, 0, 0, 0, 11.741467475891113, 9.058290481567383], [1, 0, 0, 0.1031542420387268, 0, 1, 8, 7, 14, 1, 0, 1, 0, 5, 1, 5, 0, 0, 0, 6, 0, 1.0, 0, 0, 1, 0, 0, 0, 33.15260696411133, 0.0], [0, 0, 0, 0.0, 0, 1, 8, 7, 14, 0, 0, 0, 0, 4, 2, 3, 0, 0, 0, 6, 0, 1.0, 0, 0, 1, 0, 0, 0, 11.698136329650879, 9.053960800170898], [0, 0, 0, 0.0, 0, 1, 8, 7, 14, 0, 0, 0, 0, 4, 2, 3, 0, 0, 0, 6, 0, 1.0, 0, 0, 1, 0, 0, 0, 11.698136329650879, 9.053960800170898], [1, 0, 0, 0.1031542420387268, 0, 1, 8, 7, 14, 1, 0, 1, 0, 5, 1, 5, 0, 0, 0, 6, 0, 1.0, 0, 0, 1, 0, 0, 0, 33.15260696411133, 0.0], [0, 0, 0, 0.08085489273071289, 0, 1, 8, 11, 18, 0, 0, 1, 1, 9, 1, 5, 0, 0, 0, 10, 0, 1.0, 0, 0, 1, 0, 0, 0, 26.885671615600586, 0.0], [0, 0, 0, 0.08085489273071289, 0, 1, 8, 11, 18, 0, 0, 1, 1, 9, 1, 5, 0, 0, 0, 10, 0, 1.0, 0, 0, 1, 0, 0, 0, 26.08230209350586, 0.0], [1, 0, 0, 0.034829750657081604, 0, 0, 8, 11, 18, 0, 0, 0, 0, 8, 2, 6, 0, 0, 0, 10, 0, 1.0, 0, 0, 0, 1, 0, 0, 12.406516075134277, 9.991423606872559], [1, 0, 0, 0.09616106748580933, 0, 0, 8, 11, 18, 0, 0, 0, 0, 8, 2, 5, 0, 0, 0, 10, 0, 1.0, 0, 0, 0, 1, 0, 0, 12.447834014892578, 9.712117195129395], [1, 0, 0, 0.03205344080924988, 0, 0, 8, 11, 18, 0, 0, 0, 0, 8, 2, 6, 0, 0, 0, 10, 0, 1.0, 0, 0, 0, 1, 0, 0, 12.447834014892578, 9.712117195129395], [0, 0, 0, 0.003978043794631958, 0, 0, 8, 11, 18, 0, 0, 0, 0, 8, 2, 4, 0, 0, 0, 10, 0, 1.0, 0, 0, 0, 0, 0, 0, 12.447834014892578, 9.712117195129395], [1, 0, 0, 0.03237566351890564, 0, 0, 8, 11, 18, 0, 0, 0, 0, 8, 2, 6, 0, 0, 0, 10, 0, 1.0, 0, 0, 0, 1, 0, 0, 12.43209171295166, 9.700057029724121], [1, 0, 0, 0.032888248562812805, 0, 0, 8, 11, 18, 0, 0, 0, 0, 8, 2, 6, 0, 0, 0, 10, 0, 1.0, 0, 0, 0, 1, 0, 0, 12.43209171295166, 9.700057029724121], [1, 0, 0, 0.051859885454177856, 0, 0, 8, 11, 18, 0, 0, 0, 0, 8, 2, 5, 0, 0, 0, 10, 0, 1.0, 0, 0, 0, 1, 0, 0, 12.446555137634277, 9.712115287780762], [1, 0, 0, 0.05256113409996033, 0, 0, 8, 11, 18, 0, 0, 0, 0, 8, 2, 4, 0, 0, 0, 10, 0, 1.0, 0, 0, 0, 1, 0, 0, 12.446555137634277, 9.712115287780762], [1, 0, 1, 0.0, 0, 1, 8, 12, 19, 0, 0, 0, 0, 10, 1, 5, 0, 0, 0, 11, 0, 1.0, 0, 0, 2, 1, 0, 0, 45.055091857910156, 19.29216957092285], [1, 0, 1, 0.0, 0, 1, 8, 12, 19, 0, 0, 0, 0, 10, 1, 5, 0, 0, 0, 11, 0, 1.0, 0, 0, 2, 1, 0, 0, 45.055091857910156, 19.43358039855957], [1, 0, 1, 0.0, 0, 1, 8, 12, 19, 0, 0, 0, 0, 10, 1, 5, 0, 0, 0, 11, 0, 1.0, 0, 0, 2, 1, 0, 0, 45.464088439941406, 19.01028823852539], [1, 0, 1, 0.0, 0, 1, 8, 12, 19, 0, 0, 0, 0, 10, 1, 5, 0, 0, 0, 11, 0, 1.0, 0, 0, 2, 1, 0, 0, 45.464088439941406, 19.01028823852539], [1, 0, 1, 0.0, 0, 1, 8, 12, 19, 0, 0, 0, 0, 10, 1, 5, 0, 0, 0, 11, 0, 1.0, 0, 0, 2, 1, 0, 0, 45.464088439941406, 19.01028823852539], [1, 0, 1, 0.0, 0, 1, 8, 12, 19, 0, 0, 0, 0, 10, 1, 5, 0, 0, 0, 11, 0, 1.0, 0, 0, 2, 1, 0, 0, 45.464088439941406, 19.01028823852539], [1, 0, 1, 0.0, 0, 1, 8, 12, 19, 0, 0, 0, 0, 10, 1, 5, 0, 0, 0, 11, 0, 1.0, 0, 0, 2, 1, 0, 0, 45.464088439941406, 19.47499656677246], [1, 0, 1, 0.0, 0, 1, 8, 12, 19, 0, 0, 0, 0, 10, 1, 5, 0, 0, 0, 11, 0, 1.0, 0, 0, 2, 1, 0, 0, 45.464088439941406, 19.47499656677246], [1, 0, 1, 0.0, 0, 1, 8, 12, 19, 0, 0, 0, 0, 10, 1, 5, 0, 0, 0, 11, 0, 1.0, 0, 0, 2, 1, 0, 0, 45.464088439941406, 19.47499656677246], [1, 0, 1, 0.0, 0, 1, 8, 12, 19, 0, 0, 0, 0, 10, 1, 5, 0, 0, 0, 11, 0, 1.0, 0, 0, 2, 1, 0, 0, 45.464088439941406, 19.01028823852539], [1, 0, 1, 0.0, 0, 1, 8, 12, 19, 0, 0, 0, 0, 10, 1, 5, 0, 0, 0, 11, 0, 1.0, 0, 0, 2, 1, 0, 0, 45.464088439941406, 19.01028823852539], [0, 0, 0, 0.0, 0, 1, 8, 4, 11, 0, 0, 0, 0, 2, 1, 3, 0, 0, 0, 3, 0, 1.0, 0, 0, 1, 0, 0, 0, 22.82965087890625, 0.0], [0, 0, 0, 0.0, 0, 1, 8, 4, 11, 0, 0, 0, 0, 2, 1, 3, 0, 0, 0, 3, 0, 1.0, 0, 0, 1, 0, 0, 0, 22.82965087890625, 0.0], [1, 0, 1, 0.01491314172744751, 0, 1, 8, 4, 11, 0, 0, 0, 0, 2, 1, 4, 0, 0, 0, 3, 0, 1.0, 0, 0, 2, 1, 0, 0, 51.1108283996582, 28.281177520751953], [1, 0, 1, 0.09281304478645325, 0, 1, 8, 5, 12, 0, 0, 0, 0, 3, 1, 5, 0, 0, 0, 4, 0, 1.0, 0, 0, 2, 1, 0, 0, 50.26272964477539, 23.401647567749023], [1, 0, 1, 0.23466071486473083, 0, 1, 8, 5, 12, 0, 0, 0, 0, 3, 1, 5, 0, 0, 0, 4, 0, 1.0, 0, 0, 2, 1, 0, 0, 50.26272964477539, 23.401647567749023], [1, 0, 1, 0.10690852999687195, 0, 1, 8, 5, 12, 0, 0, 0, 0, 3, 1, 5, 0, 0, 0, 4, 0, 1.0, 0, 0, 2, 1, 0, 0, 50.26272964477539, 23.401647567749023], [1, 0, 1, 0.3321183919906616, 0, 1, 8, 5, 12, 0, 0, 0, 0, 3, 1, 5, 0, 0, 0, 4, 0, 1.0, 0, 0, 2, 1, 0, 0, 50.26272964477539, 23.401647567749023], [1, 0, 1, 0.01218712329864502, 0, 1, 8, 4, 11, 0, 0, 0, 0, 2, 1, 5, 0, 0, 0, 3, 0, 1.0, 0, 0, 2, 1, 0, 0, 51.1108283996582, 30.37234115600586], [1, 0, 1, 0.029628753662109375, 0, 1, 8, 4, 11, 0, 0, 0, 0, 2, 1, 5, 0, 0, 0, 3, 0, 1.0, 0, 0, 2, 1, 0, 0, 51.1108283996582, 28.87235450744629], [0, 0, 0, 0.0, 0, 1, 8, 4, 11, 0, 0, 0, 0, 2, 1, 5, 0, 0, 0, 3, 0, 1.0, 0, 0, 1, 0, 0, 0, 22.82965087890625, 0.0], [1, 0, 1, 0.0, 0, 1, 8, 4, 11, 0, 0, 0, 0, 2, 1, 5, 0, 0, 0, 3, 0, 1.0, 0, 0, 2, 1, 0, 0, 51.1108283996582, 28.281177520751953], [0, 0, 0, 0.0, 0, 1, 8, 4, 11, 0, 0, 0, 0, 2, 1, 5, 0, 0, 0, 3, 0, 1.0, 0, 0, 1, 0, 0, 0, 21.8015079498291, 2.1087799072265625], [1, 0, 1, 0.0, 0, 1, 8, 4, 11, 0, 0, 0, 0, 2, 1, 4, 0, 0, 0, 3, 0, 1.0, 0, 0, 2, 1, 0, 0, 51.1108283996582, 31.418100357055664], [1, 0, 1, 0.2368987798690796, 0, 1, 8, 3, 10, 0, 0, 0, 0, 1, 1, 4, 0, 0, 0, 2, 0, 1.0, 0, 0, 2, 1, 0, 0, 53.188758850097656, 48.262271881103516], [0, 0, 0, 0.0, 0, 1, 8, 3, 10, 0, 0, 0, 0, 1, 1, 5, 0, 0, 0, 2, 0, 1.0, 0, 0, 1, 0, 0, 0, 4.926486968994141, 0.0], [1, 0, 0, 0.0, 0, 0, 8, 3, 10, 0, 0, 0, 0, 1, 1, 4, 0, 0, 0, 2, 0, 1.0, 0, 0, 0, 1, 0, 0, -7.965541362762451, 0.0], [1, 0, 0, 0.2494053840637207, 0, 0, 8, 3, 10, 0, 0, 0, 0, 1, 1, 5, 0, 0, 0, 2, 0, 1.0, 0, 0, 0, 1, 0, 0, -7.965541362762451, 0.0], [1, 0, 1, 0.035524994134902954, 0, 1, 8, 4, 11, 0, 0, 0, 0, 2, 1, 4, 0, 0, 0, 3, 0, 1.0, 0, 0, 2, 1, 0, 0, 51.1108283996582, 28.281177520751953], [1, 0, 1, 0.060243964195251465, 0, 1, 8, 4, 11, 0, 0, 0, 0, 2, 1, 2, 0, 0, 0, 3, 0, 1.0, 0, 0, 2, 1, 0, 0, 51.1108283996582, 28.281177520751953], [1, 0, 1, 0.06065008044242859, 0, 1, 8, 4, 11, 0, 0, 0, 0, 2, 1, 3, 0, 0, 0, 3, 0, 1.0, 0, 0, 2, 1, 0, 0, 51.1108283996582, 28.281177520751953], [1, 0, 1, 0.026831716299057007, 0, 1, 8, 3, 10, 0, 0, 0, 0, 1, 1, 5, 0, 0, 0, 2, 0, 1.0, 0, 0, 2, 1, 0, 0, 53.188758850097656, 48.262271881103516], [1, 0, 1, 0.0, 0, 1, 8, 3, 10, 0, 0, 0, 0, 1, 1, 3, 0, 0, 0, 2, 0, 1.0, 0, 0, 2, 1, 0, 0, 53.188758850097656, 48.262271881103516], [0, 0, 0, 0.0, 0, 1, 8, 3, 10, 0, 0, 0, 0, 1, 1, 4, 0, 0, 0, 2, 0, 1.0, 0, 0, 1, 0, 0, 0, 4.926486015319824, 0.0], [0, 0, 0, 0.007679343223571777, 0, 1, 8, 3, 10, 0, 0, 0, 0, 1, 1, 4, 0, 0, 0, 2, 0, 1.0, 0, 0, 1, 0, 0, 0, 4.926486015319824, 0.0], [1, 0, 0, 0.41566550731658936, 0, 0, 8, 3, 10, 0, 0, 0, 0, 1, 1, 5, 0, 0, 0, 2, 0, 1.0, 0, 0, 0, 1, 0, 0, -7.965541362762451, 0.0], [0, 0, 0, 0.0, 0, 1, 8, 3, 10, 0, 0, 0, 0, 1, 1, 5, 0, 0, 0, 2, 0, 1.0, 0, 0, 2, 0, 0, 0, 4.926486968994141, 9.5367431640625e-07], [1, 0, 1, 0.4567584991455078, 0, 1, 8, 4, 11, 0, 0, 0, 0, 2, 1, 5, 0, 0, 0, 3, 0, 1.0, 0, 0, 2, 1, 0, 0, 51.1108283996582, 28.281177520751953], [1, 0, 1, 0.0, 0, 1, 8, 4, 11, 0, 0, 0, 0, 2, 1, 4, 0, 0, 0, 3, 0, 1.0, 0, 0, 2, 1, 0, 0, 51.1108283996582, 28.281177520751953], [1, 0, 1, 2.980232238769531e-07, 0, 1, 8, 4, 11, 0, 0, 0, 0, 2, 1, 5, 0, 0, 0, 3, 0, 1.0, 0, 0, 2, 1, 0, 0, 51.1108283996582, 28.281177520751953], [1, 0, 0, 0.23369133472442627, 0, 0, 8, 3, 10, 0, 0, 0, 0, 1, 1, 5, 0, 0, 0, 2, 0, 1.0, 0, 0, 0, 1, 0, 0, -7.965541362762451, 0.0], [1, 0, 0, 0.5366125702857971, 0, 0, 8, 3, 10, 0, 0, 0, 0, 1, 1, 4, 0, 0, 0, 2, 0, 1.0, 0, 0, 0, 1, 0, 0, -7.965541362762451, 0.0], [1, 0, 0, 0.0, 0, 0, 8, 3, 10, 0, 0, 0, 0, 1, 1, 5, 0, 0, 0, 2, 0, 1.0, 0, 0, 0, 0, 0, 0, -7.965541362762451, 0.0], [0, 0, 0, 0.0, 0, 0, 8, 3, 10, 0, 0, 0, 0, 1, 1, 3, 0, 0, 0, 2, 0, 1.0, 0, 0, 0, 0, 0, 0, -7.965541362762451, 0.0], [1, 0, 0, 0.0, 0, 0, 8, 3, 10, 0, 0, 0, 0, 1, 1, 4, 0, 0, 0, 2, 0, 1.0, 0, 0, 0, 1, 0, 0, -7.965541362762451, 0.0], [1, 0, 0, 0.09211909770965576, 0, 0, 8, 3, 10, 1, 0, 0, 0, 1, 1, 4, 0, 0, 0, 2, 0, 1.0, 0, 0, 0, 0, 0, 0, -7.965541362762451, 0.0], [0, 0, 0, 0.031178519129753113, 0, 1, 8, 3, 10, 0, 0, 0, 0, 1, 1, 5, 0, 0, 0, 2, 0, 1.0, 0, 0, 1, 0, 0, 0, 4.926486968994141, 0.0], [1, 0, 1, 0.05424967408180237, 0, 1, 8, 3, 10, 0, 0, 0, 0, 1, 1, 5, 0, 0, 0, 2, 0, 1.0, 0, 0, 2, 1, 0, 0, 53.188758850097656, 48.262271881103516], [0, 0, 0, 0.007572934031486511, 0, 1, 8, 3, 10, 0, 0, 0, 0, 1, 1, 3, 0, 0, 0, 2, 0, 1.0, 0, 0, 1, 0, 0, 0, 4.926486015319824, 0.0], [0, 0, 0, 0.02206176519393921, 0, 1, 8, 3, 10, 0, 0, 0, 0, 1, 1, 5, 0, 0, 0, 2, 0, 1.0, 0, 0, 1, 0, 0, 0, 4.926486015319824, 0.0], [1, 0, 1, 0.011747270822525024, 0, 1, 8, 5, 12, 0, 0, 0, 0, 3, 1, 5, 0, 0, 0, 4, 0, 1.0, 0, 0, 2, 1, 0, 0, 50.26272964477539, 23.401647567749023], [1, 0, 1, 0.0010452568531036377, 0, 1, 8, 5, 12, 0, 0, 0, 0, 3, 1, 3, 0, 0, 0, 4, 0, 1.0, 0, 0, 2, 1, 0, 0, 50.26272964477539, 23.401647567749023], [1, 0, 1, 0.04482215642929077, 0, 1, 8, 5, 12, 0, 0, 0, 0, 3, 1, 3, 0, 0, 0, 4, 0, 1.0, 0, 0, 2, 1, 0, 0, 50.26272964477539, 23.401647567749023], [1, 0, 1, 0.036290526390075684, 0, 1, 8, 5, 12, 0, 0, 0, 0, 3, 1, 3, 0, 0, 0, 4, 0, 1.0, 0, 0, 2, 1, 0, 0, 50.26272964477539, 23.401647567749023], [1, 0, 1, 0.10623607039451599, 0, 1, 8, 4, 11, 0, 0, 0, 0, 2, 1, 3, 0, 0, 0, 3, 0, 1.0, 0, 0, 2, 1, 0, 0, 51.1108283996582, 28.281177520751953], [1, 0, 1, 0.2625388503074646, 0, 1, 8, 4, 11, 0, 0, 0, 0, 2, 1, 4, 0, 0, 0, 3, 0, 1.0, 0, 0, 2, 1, 0, 0, 51.1108283996582, 28.281177520751953], [1, 0, 1, 0.21043530106544495, 0, 1, 8, 4, 11, 0, 0, 0, 0, 2, 1, 5, 0, 0, 0, 3, 0, 1.0, 0, 0, 2, 1, 0, 0, 51.1108283996582, 28.281177520751953], [0, 0, 0, 0.017559945583343506, 0, 1, 8, 3, 10, 0, 0, 0, 0, 1, 1, 4, 0, 0, 0, 2, 0, 1.0, 0, 0, 1, 0, 0, 0, 4.926486968994141, 0.0], [1, 0, 1, 0.08538618683815002, 0, 1, 8, 3, 10, 0, 0, 0, 0, 1, 1, 5, 0, 0, 0, 2, 0, 1.0, 0, 0, 2, 1, 0, 0, 53.188758850097656, 48.262271881103516], [1, 0, 1, 0.2994017004966736, 0, 1, 8, 5, 12, 0, 0, 0, 0, 3, 1, 5, 0, 0, 0, 4, 0, 1.0, 0, 0, 2, 1, 0, 0, 50.26272964477539, 23.401647567749023], [1, 0, 1, 0.2780459523200989, 0, 1, 8, 5, 12, 0, 0, 0, 0, 3, 1, 5, 0, 0, 0, 4, 0, 1.0, 0, 0, 2, 1, 0, 0, 50.26272964477539, 23.401647567749023], [0, 0, 0, 0.0013580620288848877, 0, 1, 8, 5, 12, 0, 0, 0, 0, 3, 1, 5, 0, 0, 0, 4, 0, 1.0, 0, 0, 1, 0, 0, 0, 26.861082077026367, 0.0], [1, 0, 1, 0.30230239033699036, 0, 1, 8, 5, 12, 0, 0, 0, 0, 3, 1, 5, 0, 0, 0, 4, 0, 1.0, 0, 0, 2, 1, 0, 0, 50.26272964477539, 23.401647567749023], [1, 0, 1, 0.0, 0, 1, 8, 4, 11, 0, 0, 0, 0, 2, 1, 4, 0, 0, 0, 3, 0, 1.0, 0, 0, 2, 1, 0, 0, 51.1108283996582, 28.281177520751953], [1, 0, 1, 0.0, 0, 1, 8, 4, 11, 0, 0, 0, 0, 2, 1, 4, 0, 0, 0, 3, 0, 1.0, 0, 0, 2, 1, 0, 0, 51.1108283996582, 28.281177520751953], [0, 0, 0, 0.005084246397018433, 0, 1, 8, 4, 11, 0, 0, 0, 0, 2, 1, 5, 0, 0, 0, 3, 0, 1.0, 0, 0, 1, 0, 0, 0, 22.82965087890625, 0.0], [1, 0, 1, 0.021961182355880737, 0, 1, 8, 3, 10, 0, 0, 0, 0, 1, 1, 2, 0, 0, 0, 2, 0, 1.0, 0, 0, 2, 1, 0, 0, 53.188758850097656, 48.262271881103516], [1, 0, 1, 0.24227041006088257, 0, 1, 8, 3, 10, 0, 0, 0, 0, 1, 1, 4, 0, 0, 0, 2, 0, 1.0, 0, 0, 2, 1, 0, 0, 53.188758850097656, 48.262271881103516], [1, 0, 0, 0.05545952916145325, 0, 0, 8, 3, 10, 0, 0, 0, 0, 1, 1, 4, 0, 0, 0, 2, 0, 1.0, 0, 0, 0, 1, 0, 0, -7.965541362762451, 0.0], [1, 0, 0, 0.0, 0, 0, 8, 3, 10, 0, 0, 0, 0, 1, 1, 4, 0, 0, 0, 2, 0, 1.0, 0, 0, 0, 1, 0, 0, -7.965541362762451, 0.0], [1, 0, 0, 0.0, 0, 0, 8, 3, 10, 0, 0, 0, 0, 1, 1, 4, 0, 0, 0, 2, 0, 1.0, 0, 0, 0, 1, 0, 0, -7.965541362762451, 0.0], [1, 0, 0, 0.0, 0, 0, 8, 3, 10, 0, 0, 0, 0, 1, 1, 4, 0, 0, 0, 2, 0, 1.0, 0, 0, 0, 1, 0, 0, -7.965541362762451, 0.0], [1, 0, 1, 0.13033828139305115, 0, 1, 8, 5, 12, 0, 0, 0, 0, 3, 1, 5, 0, 0, 0, 4, 0, 1.0, 0, 0, 2, 1, 0, 0, 50.26272964477539, 23.401647567749023], [1, 0, 1, 0.06631574034690857, 0, 1, 8, 5, 12, 0, 0, 0, 0, 3, 1, 5, 0, 0, 0, 4, 0, 1.0, 0, 0, 2, 1, 0, 0, 50.26272964477539, 23.401647567749023], [1, 0, 1, 0.03650873899459839, 0, 1, 8, 5, 12, 0, 0, 0, 0, 3, 1, 4, 0, 0, 0, 4, 0, 1.0, 0, 0, 2, 1, 0, 0, 50.26272964477539, 23.401647567749023], [1, 0, 1, 0.1508694887161255, 0, 1, 8, 5, 12, 0, 0, 0, 0, 3, 1, 5, 0, 0, 0, 4, 0, 1.0, 0, 0, 2, 1, 0, 0, 50.26272964477539, 23.401647567749023], [0, 0, 0, 0.0028187930583953857, 0, 1, 8, 3, 10, 0, 0, 0, 0, 1, 1, 4, 0, 0, 0, 2, 0, 1.0, 0, 0, 1, 0, 0, 0, 4.926486968994141, 9.5367431640625e-07], [1, 0, 1, 0.026748239994049072, 0, 1, 8, 3, 10, 0, 0, 0, 0, 1, 1, 5, 0, 0, 0, 2, 0, 1.0, 0, 0, 2, 1, 0, 0, 53.188758850097656, 48.262271881103516], [1, 0, 1, 0.10241624712944031, 0, 1, 8, 3, 10, 0, 0, 0, 0, 1, 1, 5, 0, 0, 0, 2, 0, 1.0, 0, 0, 2, 1, 0, 0, 53.188758850097656, 58.7621955871582], [1, 0, 1, 0.2220873236656189, 0, 1, 8, 3, 10, 0, 0, 0, 0, 1, 1, 4, 0, 0, 0, 2, 0, 1.0, 0, 0, 2, 1, 0, 0, 53.188758850097656, 58.7621955871582], [1, 0, 1, 0.0, 0, 1, 8, 4, 11, 0, 0, 0, 0, 2, 1, 5, 0, 0, 0, 3, 0, 1.0, 0, 0, 2, 1, 0, 0, 48.684715270996094, 38.20830535888672], [0, 0, 0, 0.0, 0, 1, 8, 4, 11, 0, 0, 0, 0, 2, 1, 5, 0, 0, 0, 3, 0, 1.0, 0, 0, 1, 0, 0, 0, 11.141905784606934, 0.0], [1, 0, 1, 0.0, 0, 1, 8, 4, 11, 0, 0, 0, 0, 2, 1, 4, 0, 0, 0, 3, 0, 1.0, 0, 0, 2, 1, 0, 0, 48.25342559814453, 37.11151885986328], [1, 0, 0, 0.0, 0, 0, 8, 3, 10, 1, 0, 0, 0, 1, 1, 4, 0, 0, 0, 2, 0, 1.0, 0, 0, 0, 1, 0, 0, -7.965541362762451, 0.0], [1, 0, 0, 0.0, 0, 0, 8, 3, 10, 1, 0, 0, 0, 1, 1, 5, 0, 0, 0, 2, 0, 1.0, 0, 0, 0, 1, 0, 0, -7.965541362762451, 0.0], [0, 0, 0, 0.002022266387939453, 0, 1, 8, 3, 10, 0, 0, 0, 0, 1, 1, 3, 0, 0, 0, 2, 0, 1.0, 0, 0, 2, 0, 0, 0, 4.926486015319824, 0.0], [1, 0, 0, 0.4026578664779663, 0, 0, 8, 3, 10, 0, 0, 0, 0, 1, 1, 4, 0, 0, 0, 2, 0, 1.0, 0, 0, 0, 1, 0, 0, -7.965541362762451, 0.0], [0, 0, 0, 0.15098068118095398, 0, 1, 8, 3, 10, 0, 0, 0, 0, 1, 1, 3, 0, 0, 0, 2, 0, 1.0, 0, 0, 1, 0, 0, 0, 4.926486968994141, 9.5367431640625e-07], [1, 0, 1, 0.06508991122245789, 0, 1, 8, 3, 10, 0, 0, 0, 0, 1, 1, 4, 0, 0, 0, 2, 0, 1.0, 0, 0, 2, 1, 0, 0, 53.188758850097656, 48.262271881103516], [0, 0, 0, 0.0, 0, 1, 8, 3, 10, 0, 0, 0, 0, 1, 1, 5, 0, 0, 0, 2, 0, 1.0, 0, 0, 1, 0, 0, 0, 4.926486968994141, 0.0], [1, 0, 0, 0.2841073274612427, 0, 0, 8, 3, 10, 0, 0, 0, 0, 1, 1, 5, 0, 0, 0, 2, 0, 1.0, 0, 0, 0, 1, 0, 0, -7.965541362762451, 0.0], [0, 0, 0, 0.0, 0, 0, 8, 3, 10, 0, 0, 0, 0, 1, 1, 3, 0, 0, 0, 2, 0, 1.0, 0, 0, 0, 0, 0, 0, -7.965541362762451, 0.0], [1, 0, 0, 0.0, 0, 0, 8, 3, 10, 0, 0, 0, 0, 1, 1, 4, 0, 0, 0, 2, 0, 1.0, 0, 0, 0, 1, 0, 0, -7.965541362762451, 0.0], [1, 0, 1, 0.0, 0, 1, 8, 3, 10, 0, 0, 0, 0, 1, 1, 4, 0, 0, 0, 2, 0, 1.0, 0, 0, 2, 1, 0, 0, 53.188758850097656, 49.72848129272461], [1, 0, 1, 0.08577960729598999, 0, 1, 8, 3, 10, 0, 0, 0, 0, 1, 1, 4, 0, 0, 0, 2, 0, 1.0, 0, 0, 2, 1, 0, 0, 53.188758850097656, 48.262271881103516], [1, 0, 0, 0.0, 0, 0, 8, 3, 10, 0, 0, 0, 0, 1, 1, 3, 0, 0, 0, 2, 0, 1.0, 0, 0, 0, 1, 0, 0, -7.965541362762451, 0.0], [1, 0, 0, 0.6690396070480347, 0, 0, 8, 3, 10, 0, 0, 0, 0, 1, 1, 3, 0, 0, 0, 2, 0, 1.0, 0, 0, 0, 0, 0, 0, -7.965541362762451, 0.0], [0, 0, 0, 0.0, 0, 0, 8, 3, 10, 0, 0, 0, 0, 1, 1, 3, 0, 0, 0, 2, 0, 1.0, 0, 0, 0, 0, 0, 0, -7.965541362762451, 0.0], [1, 0, 0, 0.4873669743537903, 0, 0, 8, 3, 10, 0, 0, 0, 0, 1, 1, 4, 0, 0, 0, 2, 0, 1.0, 0, 0, 0, 0, 0, 0, -7.965541362762451, 0.0], [1, 0, 1, 0.10398063063621521, 0, 1, 8, 3, 10, 0, 0, 0, 0, 1, 1, 5, 0, 0, 0, 2, 0, 1.0, 0, 0, 2, 1, 0, 0, 53.188758850097656, 48.262271881103516], [0, 0, 0, 0.13038739562034607, 0, 1, 8, 3, 10, 0, 0, 0, 0, 1, 1, 5, 0, 0, 0, 2, 0, 1.0, 0, 0, 1, 0, 0, 0, 4.926486968994141, 9.5367431640625e-07], [1, 0, 0, 0.3069777488708496, 0, 0, 8, 3, 10, 1, 0, 0, 0, 1, 1, 4, 0, 0, 0, 2, 0, 1.0, 0, 0, 0, 0, 0, 0, -7.965541362762451, 0.0], [1, 0, 0, 0.13788801431655884, 1, 1, 8, 3, 10, 1, 0, 0, 0, 1, 1, 4, 0, 0, 0, 2, 0, 1.0, 0, 0, 1, 0, 0, 0, 4.926486015319824, 0.0], [0, 0, 0, 0.004546180367469788, 0, 1, 8, 3, 10, 0, 0, 0, 0, 1, 1, 5, 0, 0, 0, 2, 0, 1.0, 0, 0, 1, 0, 0, 0, 4.926486015319824, 0.0], [1, 0, 1, 0.24759483337402344, 0, 1, 8, 3, 10, 0, 0, 0, 0, 1, 1, 5, 0, 0, 0, 2, 0, 1.0, 0, 0, 2, 1, 0, 0, 53.188758850097656, 51.741851806640625], [1, 0, 1, 0.0, 0, 1, 8, 5, 12, 0, 0, 0, 0, 3, 1, 2, 0, 0, 0, 4, 0, 1.0, 0, 0, 2, 1, 0, 0, 50.26272964477539, 23.401647567749023], [1, 0, 1, 0.2511294484138489, 0, 1, 8, 5, 12, 0, 0, 0, 0, 3, 1, 5, 0, 0, 0, 4, 0, 1.0, 0, 0, 2, 1, 0, 0, 50.26272964477539, 23.401647567749023], [1, 0, 1, 0.0, 0, 1, 8, 5, 12, 0, 0, 0, 0, 3, 1, 2, 0, 0, 0, 4, 0, 1.0, 0, 0, 2, 1, 0, 0, 50.26272964477539, 23.401647567749023], [1, 0, 1, 0.0, 0, 1, 8, 5, 12, 0, 0, 0, 0, 3, 1, 2, 0, 0, 0, 4, 0, 1.0, 0, 0, 2, 1, 0, 0, 50.26272964477539, 23.401647567749023], [0, 0, 0, 0.01439589262008667, 0, 0, 8, 3, 10, 0, 0, 0, 0, 1, 1, 3, 0, 0, 0, 2, 0, 1.0, 0, 0, 0, 0, 0, 0, -7.965541362762451, 0.0], [1, 0, 0, 1.1920928955078125e-07, 0, 0, 8, 3, 10, 0, 0, 0, 0, 1, 1, 5, 0, 0, 0, 2, 0, 1.0, 0, 0, 0, 1, 0, 0, -7.965541362762451, 0.0], [0, 0, 0, 0.6702808141708374, 0, 0, 8, 3, 10, 0, 0, 0, 0, 1, 1, 5, 0, 0, 0, 2, 0, 1.0, 0, 0, 0, 0, 0, 0, -7.965541362762451, 0.0], [1, 0, 1, 0.07176700234413147, 0, 1, 8, 3, 10, 0, 0, 0, 0, 1, 1, 5, 0, 0, 0, 2, 0, 1.0, 0, 0, 2, 1, 0, 0, 53.188758850097656, 48.262271881103516], [0, 0, 0, 0.02754107117652893, 0, 1, 8, 3, 10, 0, 0, 0, 0, 1, 1, 5, 0, 0, 0, 2, 0, 1.0, 0, 0, 1, 0, 0, 0, 4.926486968994141, 9.5367431640625e-07], [1, 0, 1, 0.0, 0, 1, 8, 3, 10, 0, 0, 0, 0, 1, 1, 5, 0, 0, 0, 2, 0, 1.0, 0, 0, 2, 1, 0, 0, 53.188758850097656, 48.262271881103516], [1, 0, 0, 0.0, 0, 0, 8, 3, 10, 0, 0, 0, 0, 1, 1, 5, 0, 0, 0, 2, 0, 1.0, 0, 0, 0, 1, 0, 0, -7.965541362762451, 0.0], [1, 0, 0, 0.5381761789321899, 0, 0, 8, 3, 10, 0, 0, 0, 0, 1, 1, 5, 0, 0, 0, 2, 0, 1.0, 0, 0, 0, 1, 0, 0, -7.965541362762451, 0.0], [1, 0, 1, 0.13804641366004944, 0, 1, 8, 4, 11, 0, 0, 0, 0, 2, 1, 4, 0, 0, 0, 3, 0, 1.0, 0, 0, 2, 1, 0, 0, 51.1108283996582, 28.281177520751953], [1, 0, 1, 0.011995077133178711, 0, 1, 8, 4, 11, 0, 0, 0, 0, 2, 1, 4, 0, 0, 0, 3, 0, 1.0, 0, 0, 2, 1, 0, 0, 51.1108283996582, 30.862939834594727], [1, 0, 1, 0.01418083906173706, 0, 1, 8, 4, 11, 0, 0, 0, 0, 2, 1, 4, 0, 0, 0, 3, 0, 1.0, 0, 0, 2, 1, 0, 0, 51.1108283996582, 28.281177520751953], [1, 0, 1, 0.0, 0, 1, 8, 6, 13, 0, 0, 0, 0, 4, 1, 5, 0, 0, 0, 5, 0, 1.0, 0, 0, 2, 1, 0, 0, 58.879207611083984, 30.937639236450195], [1, 0, 1, 0.0, 0, 1, 8, 6, 13, 0, 0, 0, 0, 4, 1, 5, 0, 0, 0, 5, 0, 1.0, 0, 0, 2, 1, 0, 0, 58.879207611083984, 30.937639236450195], [1, 0, 0, 0.0, 0, 1, 8, 6, 13, 0, 0, 0, 0, 4, 1, 4, 0, 0, 0, 5, 0, 1.0, 0, 0, 1, 0, 0, 0, 30.292139053344727, 0.0], [1, 0, 1, 0.0, 0, 1, 8, 6, 13, 0, 0, 0, 0, 4, 1, 5, 0, 0, 0, 5, 0, 1.0, 0, 0, 2, 1, 0, 0, 58.879207611083984, 30.937639236450195], [1, 0, 1, 0.0, 0, 1, 8, 6, 13, 0, 0, 0, 0, 4, 1, 5, 0, 0, 0, 5, 0, 1.0, 0, 0, 2, 1, 0, 0, 58.879207611083984, 30.937639236450195], [0, 0, 0, 0.0, 0, 1, 8, 3, 10, 0, 0, 0, 0, 1, 1, 5, 0, 0, 0, 2, 0, 1.0, 0, 0, 1, 0, 0, 0, 1.4469056129455566, 1.1920928955078125e-07], [1, 0, 1, 0.0, 0, 1, 8, 3, 10, 0, 0, 0, 0, 1, 1, 4, 0, 0, 0, 2, 0, 1.0, 0, 0, 2, 1, 0, 0, 53.188758850097656, 51.741851806640625], [1, 0, 1, 0.4060977101325989, 0, 1, 8, 4, 11, 0, 0, 0, 0, 2, 1, 5, 0, 0, 0, 3, 0, 1.0, 0, 0, 2, 1, 0, 0, 51.1108283996582, 28.281177520751953], [0, 0, 0, 0.04256603121757507, 0, 1, 8, 4, 11, 0, 0, 0, 0, 2, 1, 3, 0, 0, 0, 3, 0, 1.0, 0, 0, 1, 0, 0, 0, 22.82965087890625, 0.0], [1, 0, 1, 0.3404962718486786, 0, 1, 8, 4, 11, 0, 0, 0, 0, 2, 1, 5, 0, 0, 0, 3, 0, 1.0, 0, 0, 2, 1, 0, 0, 51.1108283996582, 28.281177520751953], [1, 0, 1, 0.3208203911781311, 0, 1, 8, 5, 12, 0, 0, 0, 0, 3, 1, 5, 0, 0, 0, 4, 0, 1.0, 0, 0, 2, 1, 0, 0, 50.26272964477539, 23.401647567749023], [1, 0, 1, 0.24829232692718506, 0, 1, 8, 5, 12, 0, 0, 0, 0, 3, 1, 5, 0, 0, 0, 4, 0, 1.0, 0, 0, 2, 1, 0, 0, 50.26272964477539, 23.401647567749023], [1, 0, 1, 0.3725797235965729, 0, 1, 8, 5, 12, 0, 0, 0, 0, 3, 1, 5, 0, 0, 0, 4, 0, 1.0, 0, 0, 2, 1, 0, 0, 50.26272964477539, 23.401647567749023], [1, 0, 1, 0.005379125475883484, 0, 1, 8, 5, 12, 0, 0, 0, 0, 3, 1, 5, 0, 0, 0, 4, 0, 1.0, 0, 0, 2, 1, 0, 0, 50.26272964477539, 23.958833694458008], [0, 0, 0, 0.0, 0, 1, 8, 3, 10, 0, 0, 0, 0, 1, 1, 2, 0, 0, 0, 2, 0, 1.0, 0, 0, 1, 0, 0, 0, 4.926486015319824, 0.0], [1, 0, 1, 0.0, 0, 1, 8, 3, 10, 0, 0, 0, 0, 1, 1, 3, 0, 0, 0, 2, 0, 1.0, 0, 0, 2, 1, 0, 0, 53.188758850097656, 48.262271881103516], [1, 0, 0, 0.06306783854961395, 1, 1, 8, 3, 10, 1, 0, 0, 0, 1, 1, 4, 0, 0, 0, 2, 0, 1.0, 0, 0, 1, 0, 0, 0, -5.573439598083496, 0.0], [1, 0, 0, 0.30597203969955444, 0, 0, 8, 3, 10, 0, 0, 0, 0, 1, 1, 4, 0, 0, 0, 2, 0, 1.0, 0, 0, 0, 1, 0, 0, -7.965541362762451, 0.0], [1, 0, 0, 0.0, 0, 0, 8, 3, 10, 0, 0, 0, 0, 1, 1, 4, 0, 0, 0, 2, 0, 1.0, 0, 0, 0, 1, 0, 0, -7.965541362762451, 0.0], [1, 0, 0, 0.199379563331604, 0, 0, 8, 3, 10, 0, 0, 0, 0, 1, 1, 5, 0, 0, 0, 2, 0, 1.0, 0, 0, 0, 1, 0, 0, -7.965541362762451, 0.0], [0, 0, 0, 0.0, 0, 0, 8, 3, 10, 0, 0, 0, 0, 1, 1, 5, 0, 0, 0, 2, 0, 1.0, 0, 0, 0, 0, 0, 0, -7.965541362762451, 0.0], [0, 0, 0, 0.0, 0, 1, 8, 3, 10, 0, 0, 0, 0, 1, 1, 4, 0, 0, 0, 2, 0, 1.0, 0, 0, 1, 0, 0, 0, 1.446905493736267, 0.0], [1, 0, 1, 0.19864505529403687, 0, 1, 8, 3, 10, 0, 0, 0, 0, 1, 1, 4, 0, 0, 0, 2, 0, 1.0, 0, 0, 2, 1, 0, 0, 53.188758850097656, 48.262271881103516], [1, 0, 1, 0.3165992498397827, 0, 1, 8, 3, 10, 0, 0, 0, 0, 1, 1, 5, 0, 0, 0, 2, 0, 1.0, 0, 0, 2, 1, 0, 0, 53.188758850097656, 48.262271881103516], [1, 0, 0, 0.29805928468704224, 0, 0, 8, 3, 10, 0, 0, 0, 0, 1, 1, 4, 0, 0, 0, 2, 0, 1.0, 0, 0, 0, 1, 0, 0, -7.965541362762451, 0.0], [1, 0, 1, 0.0, 0, 1, 8, 3, 10, 0, 0, 0, 0, 1, 1, 6, 0, 0, 0, 2, 0, 1.0, 0, 0, 2, 1, 0, 0, 53.188758850097656, 48.262271881103516], [1, 0, 1, 0.15078598260879517, 0, 1, 8, 4, 11, 0, 0, 0, 0, 2, 1, 3, 0, 0, 0, 3, 0, 1.0, 0, 0, 2, 1, 0, 0, 51.1108283996582, 28.281177520751953], [1, 0, 1, 0.0, 0, 1, 8, 4, 11, 0, 0, 0, 0, 2, 1, 3, 0, 0, 0, 3, 0, 1.0, 0, 0, 2, 1, 0, 0, 51.1108283996582, 29.3093204498291], [1, 0, 1, 0.0, 0, 1, 8, 4, 11, 0, 0, 0, 0, 2, 1, 4, 0, 0, 0, 3, 0, 1.0, 0, 0, 2, 1, 0, 0, 51.1108283996582, 28.281177520751953], [1, 0, 0, 0.0, 0, 0, 8, 3, 10, 0, 0, 0, 0, 1, 1, 5, 0, 0, 0, 2, 0, 1.0, 0, 0, 0, 1, 0, 0, -7.965541362762451, 0.0], [0, 0, 0, 0.0, 0, 1, 8, 3, 10, 0, 0, 0, 0, 1, 1, 5, 0, 0, 0, 2, 0, 1.0, 0, 0, 1, 0, 0, 0, 4.926486968994141, 0.0], [1, 0, 1, 0.01739126443862915, 0, 1, 8, 3, 10, 0, 0, 0, 0, 1, 1, 4, 0, 0, 0, 2, 0, 1.0, 0, 0, 2, 1, 0, 0, 53.188758850097656, 51.741851806640625], [0, 0, 0, 0.0, 0, 1, 8, 3, 10, 0, 0, 0, 0, 1, 1, 4, 0, 0, 0, 2, 0, 1.0, 0, 0, 1, 0, 0, 0, 1.4469056129455566, 0.0], [1, 0, 1, 0.0987522304058075, 0, 1, 8, 3, 10, 0, 0, 0, 0, 1, 1, 4, 0, 0, 0, 2, 0, 1.0, 0, 0, 2, 1, 0, 0, 53.188758850097656, 48.262271881103516], [1, 0, 0, 0.16552197933197021, 0, 0, 8, 3, 10, 0, 0, 0, 0, 1, 1, 4, 0, 0, 0, 2, 0, 1.0, 0, 0, 0, 1, 0, 0, -7.965541362762451, 0.0], [1, 0, 1, 0.22240674495697021, 0, 1, 8, 3, 10, 0, 0, 0, 0, 1, 1, 5, 0, 0, 0, 2, 0, 1.0, 0, 0, 2, 1, 0, 0, 53.188758850097656, 48.262271881103516], [1, 0, 0, 0.5850889682769775, 0, 0, 8, 3, 10, 0, 0, 0, 0, 1, 1, 5, 0, 0, 0, 2, 0, 1.0, 0, 0, 0, 1, 0, 0, -7.965541362762451, 0.0], [1, 0, 0, 0.4989047050476074, 0, 0, 8, 3, 10, 0, 0, 0, 0, 1, 1, 5, 0, 0, 0, 2, 0, 1.0, 0, 0, 0, 1, 0, 0, -7.965541362762451, 0.0], [1, 0, 0, 0.0, 0, 0, 8, 3, 10, 0, 0, 0, 0, 1, 1, 5, 0, 0, 0, 2, 0, 1.0, 0, 0, 0, 1, 0, 0, -7.965541362762451, 0.0], [1, 0, 0, 0.0, 0, 0, 8, 3, 10, 0, 0, 0, 0, 1, 1, 5, 0, 0, 0, 2, 0, 1.0, 0, 0, 0, 1, 0, 0, -7.965541362762451, 0.0], [1, 0, 0, 0.513923317193985, 0, 0, 8, 3, 10, 0, 0, 0, 0, 1, 1, 4, 0, 0, 0, 2, 0, 1.0, 0, 0, 0, 1, 0, 0, -7.965541362762451, 0.0], [0, 0, 0, 0.21053031086921692, 0, 1, 8, 4, 11, 0, 0, 0, 0, 2, 1, 4, 0, 0, 0, 3, 0, 1.0, 0, 0, 2, 0, 0, 0, 22.82965087890625, 3.136922836303711], [1, 0, 1, 0.34440404176712036, 0, 1, 8, 4, 11, 0, 0, 0, 0, 2, 1, 5, 0, 0, 0, 3, 0, 1.0, 0, 0, 2, 1, 0, 0, 51.1108283996582, 28.281177520751953], [0, 0, 0, 1.1920928955078125e-07, 0, 1, 8, 4, 11, 0, 0, 0, 0, 2, 1, 5, 0, 0, 0, 3, 0, 1.0, 0, 0, 2, 0, 0, 0, 22.82965087890625, 3.136922836303711], [1, 0, 1, 0.0, 0, 1, 8, 3, 10, 0, 0, 0, 0, 1, 1, 3, 0, 0, 0, 2, 0, 1.0, 0, 0, 2, 1, 0, 0, 53.188758850097656, 48.262271881103516], [0, 0, 0, 0.011723414063453674, 0, 1, 8, 3, 10, 0, 0, 0, 0, 1, 1, 4, 0, 0, 0, 2, 0, 1.0, 0, 0, 1, 0, 0, 0, 4.926486968994141, 0.0], [1, 0, 1, 0.0, 0, 1, 8, 6, 13, 0, 0, 0, 0, 4, 1, 5, 0, 0, 0, 5, 0, 1.0, 0, 0, 2, 1, 0, 0, 58.879207611083984, 28.587068557739258], [1, 0, 1, 0.016268521547317505, 0, 1, 8, 6, 13, 0, 0, 0, 0, 4, 1, 4, 0, 0, 0, 5, 0, 1.0, 0, 0, 2, 1, 0, 0, 58.879207611083984, 28.587068557739258], [1, 0, 1, 0.010591894388198853, 0, 1, 8, 6, 13, 0, 0, 0, 0, 4, 1, 7, 0, 0, 0, 5, 0, 1.0, 0, 0, 2, 1, 0, 0, 58.879207611083984, 28.587068557739258], [1, 0, 1, 0.030820101499557495, 0, 1, 8, 6, 13, 0, 0, 0, 0, 4, 1, 5, 0, 0, 0, 5, 0, 1.0, 0, 0, 2, 1, 0, 0, 58.879207611083984, 28.587068557739258], [1, 0, 1, 0.01713794469833374, 0, 1, 8, 6, 13, 0, 0, 0, 0, 4, 1, 6, 0, 0, 0, 5, 0, 1.0, 0, 0, 2, 1, 0, 0, 58.879207611083984, 28.587068557739258], [0, 0, 0, 0.0, 0, 0, 8, 3, 10, 0, 0, 0, 0, 1, 1, 3, 0, 0, 0, 2, 0, 1.0, 0, 0, 0, 0, 0, 0, -7.965541362762451, 0.0], [1, 0, 0, 0.0, 0, 0, 8, 3, 10, 0, 0, 0, 0, 1, 1, 5, 0, 0, 0, 2, 0, 1.0, 0, 0, 0, 0, 0, 0, -7.965541362762451, 0.0], [1, 0, 1, 0.062002032995224, 0, 1, 8, 3, 10, 0, 0, 0, 0, 1, 1, 4, 0, 0, 0, 2, 0, 1.0, 0, 0, 2, 1, 0, 0, 53.188758850097656, 48.262271881103516], [1, 0, 1, 0.03498378396034241, 0, 1, 8, 3, 10, 0, 0, 0, 0, 1, 1, 4, 0, 0, 0, 2, 0, 1.0, 0, 0, 2, 1, 0, 0, 53.188758850097656, 48.262271881103516], [1, 0, 1, 0.33731457591056824, 0, 1, 8, 3, 10, 0, 0, 0, 0, 1, 1, 5, 0, 0, 0, 2, 0, 1.0, 0, 0, 2, 1, 0, 0, 53.188758850097656, 51.741851806640625], [1, 0, 0, 0.49125993251800537, 0, 0, 8, 3, 10, 0, 0, 0, 0, 1, 1, 5, 0, 0, 0, 2, 0, 1.0, 0, 0, 0, 1, 0, 0, -7.965541362762451, 0.0], [0, 0, 0, 0.0, 0, 0, 8, 3, 10, 0, 0, 0, 0, 1, 1, 3, 0, 0, 0, 2, 0, 1.0, 0, 0, 0, 0, 0, 0, -7.965541362762451, 0.0], [1, 0, 0, 0.0, 0, 0, 8, 3, 10, 1, 0, 0, 0, 1, 1, 3, 0, 0, 0, 2, 0, 1.0, 0, 0, 0, 0, 0, 0, -7.965541362762451, 0.0], [1, 0, 1, 0.30547666549682617, 0, 1, 8, 4, 11, 0, 0, 0, 0, 2, 1, 5, 0, 0, 0, 3, 0, 1.0, 0, 0, 2, 1, 0, 0, 51.1108283996582, 31.418100357055664], [1, 0, 1, 0.3561117351055145, 0, 1, 8, 4, 11, 0, 0, 0, 0, 2, 1, 5, 0, 0, 0, 3, 0, 1.0, 0, 0, 2, 1, 0, 0, 51.1108283996582, 28.281177520751953], [0, 0, 0, 0.0, 0, 1, 8, 4, 11, 0, 0, 0, 0, 2, 1, 4, 0, 0, 0, 3, 0, 1.0, 0, 0, 1, 0, 0, 0, 20.11204719543457, 0.41931915283203125], [1, 0, 1, 0.0633150041103363, 0, 1, 8, 3, 10, 0, 0, 0, 0, 1, 1, 4, 0, 0, 0, 2, 0, 1.0, 0, 0, 2, 1, 0, 0, 53.188758850097656, 51.741851806640625], [1, 0, 1, 0.04683339595794678, 0, 1, 8, 3, 10, 0, 0, 0, 0, 1, 1, 5, 0, 0, 0, 2, 0, 1.0, 0, 0, 2, 1, 0, 0, 53.188758850097656, 51.741851806640625], [0, 0, 0, 0.017690211534500122, 0, 1, 8, 3, 10, 0, 0, 0, 0, 1, 1, 5, 0, 0, 0, 2, 0, 1.0, 0, 0, 1, 0, 0, 0, 4.926486968994141, 0.0], [1, 0, 1, 0.2827698588371277, 0, 1, 8, 3, 10, 0, 0, 0, 0, 1, 1, 4, 0, 0, 0, 2, 0, 1.0, 0, 0, 2, 1, 0, 0, 53.188758850097656, 51.29608154296875], [1, 0, 0, 0.0, 0, 0, 8, 3, 10, 0, 0, 0, 0, 1, 1, 3, 0, 0, 0, 2, 0, 1.0, 0, 0, 0, 1, 0, 0, -7.965541362762451, 0.0], [1, 0, 1, 0.0, 0, 1, 8, 3, 10, 0, 0, 0, 0, 1, 1, 6, 0, 0, 0, 2, 0, 1.0, 0, 0, 2, 1, 0, 0, 53.188758850097656, 48.262271881103516], [1, 0, 0, 0.0, 0, 0, 8, 3, 10, 0, 0, 0, 0, 1, 1, 3, 0, 0, 0, 2, 0, 1.0, 0, 0, 0, 1, 0, 0, -7.965541362762451, 0.0], [0, 0, 0, 0.015945643186569214, 0, 1, 8, 3, 10, 0, 0, 0, 0, 1, 1, 5, 0, 0, 0, 2, 0, 1.0, 0, 0, 1, 0, 0, 0, 4.926486015319824, 0.0], [1, 0, 0, 0.2932823896408081, 0, 0, 8, 3, 10, 0, 0, 0, 0, 1, 1, 5, 0, 0, 0, 2, 0, 1.0, 0, 0, 0, 0, 0, 0, -7.965541362762451, 0.0], [0, 0, 0, 0.0, 0, 0, 8, 3, 10, 0, 0, 0, 0, 1, 1, 3, 0, 0, 0, 2, 0, 1.0, 0, 0, 0, 0, 0, 0, -7.965541362762451, 0.0], [1, 0, 1, 0.06303581595420837, 0, 1, 8, 3, 10, 0, 0, 0, 0, 1, 1, 3, 0, 0, 0, 2, 0, 1.0, 0, 0, 2, 1, 0, 0, 53.188758850097656, 48.262271881103516], [1, 0, 1, 0.22790783643722534, 0, 1, 8, 3, 10, 0, 0, 0, 0, 1, 1, 3, 0, 0, 0, 2, 0, 1.0, 0, 0, 2, 1, 0, 0, 53.188758850097656, 48.262271881103516], [1, 0, 1, 0.015297293663024902, 0, 1, 8, 3, 10, 0, 0, 0, 0, 1, 1, 3, 0, 0, 0, 2, 0, 1.0, 0, 0, 2, 1, 0, 0, 53.188758850097656, 51.741851806640625], [1, 0, 1, 0.0, 0, 1, 8, 3, 10, 0, 0, 0, 0, 1, 1, 5, 0, 0, 0, 2, 0, 1.0, 0, 0, 2, 1, 0, 0, 53.188758850097656, 48.262271881103516], [0, 0, 0, 0.12644052505493164, 0, 1, 8, 3, 10, 0, 0, 0, 0, 1, 1, 4, 0, 0, 0, 2, 0, 1.0, 0, 0, 1, 0, 0, 0, 4.926486968994141, 9.5367431640625e-07], [1, 0, 1, 0.27532854676246643, 0, 1, 8, 3, 10, 0, 0, 0, 0, 1, 1, 4, 0, 0, 0, 2, 0, 1.0, 0, 0, 2, 1, 0, 0, 53.188758850097656, 48.262271881103516], [1, 0, 0, 0.39618027210235596, 0, 0, 8, 3, 10, 0, 0, 0, 0, 1, 1, 4, 0, 0, 0, 2, 0, 1.0, 0, 0, 0, 1, 0, 0, -7.965541362762451, 0.0], [1, 0, 1, 0.0017905235290527344, 0, 1, 8, 3, 10, 0, 0, 0, 0, 1, 1, 5, 0, 0, 0, 2, 0, 1.0, 0, 0, 2, 1, 0, 0, 53.188758850097656, 48.262271881103516], [0, 0, 0, 0.0, 0, 1, 8, 4, 11, 0, 0, 0, 0, 2, 1, 3, 0, 0, 0, 3, 0, 1.0, 0, 0, 1, 0, 0, 0, 22.82965087890625, 0.0], [1, 0, 1, 0.0, 0, 1, 8, 4, 11, 0, 0, 0, 0, 2, 1, 6, 0, 0, 0, 3, 0, 1.0, 0, 0, 2, 1, 0, 0, 51.1108283996582, 28.281177520751953], [0, 0, 0, 0.0, 0, 1, 8, 4, 11, 0, 0, 0, 0, 2, 1, 3, 0, 0, 0, 3, 0, 1.0, 0, 0, 1, 0, 0, 0, 22.82965087890625, 0.0], [0, 0, 0, 0.021793484687805176, 0, 1, 8, 5, 12, 0, 0, 0, 0, 3, 1, 5, 0, 0, 0, 4, 0, 1.0, 0, 0, 1, 0, 0, 0, 26.861082077026367, 0.0], [1, 0, 1, 0.1804107427597046, 0, 1, 8, 5, 12, 0, 0, 0, 0, 3, 1, 5, 0, 0, 0, 4, 0, 1.0, 0, 0, 2, 1, 0, 0, 50.26272964477539, 23.401647567749023], [1, 0, 1, 0.20416060090065002, 0, 1, 8, 5, 12, 0, 0, 0, 0, 3, 1, 4, 0, 0, 0, 4, 0, 1.0, 0, 0, 2, 1, 0, 0, 50.26272964477539, 23.401647567749023], [1, 0, 1, 0.27593550086021423, 0, 1, 8, 5, 12, 0, 0, 0, 0, 3, 1, 4, 0, 0, 0, 4, 0, 1.0, 0, 0, 2, 1, 0, 0, 50.26272964477539, 23.401647567749023], [1, 0, 1, 0.38064926862716675, 0, 1, 8, 3, 10, 0, 0, 0, 0, 1, 1, 2, 0, 0, 0, 2, 0, 1.0, 0, 0, 2, 1, 0, 0, 53.188758850097656, 51.741851806640625], [1, 0, 0, 0.6148184835910797, 0, 0, 8, 3, 10, 0, 0, 0, 0, 1, 1, 5, 0, 0, 0, 2, 0, 1.0, 0, 0, 0, 1, 0, 0, -7.965541362762451, 0.0], [0, 0, 0, 0.017846539616584778, 0, 1, 8, 3, 10, 0, 0, 0, 0, 1, 1, 5, 0, 0, 0, 2, 0, 1.0, 0, 0, 1, 0, 0, 0, 4.926486015319824, 3.4795804023742676], [1, 0, 0, 0.2810858488082886, 0, 0, 8, 3, 10, 0, 0, 0, 0, 1, 1, 5, 0, 0, 0, 2, 0, 1.0, 0, 0, 0, 1, 0, 0, -7.965541362762451, 0.0], [1, 0, 0, 0.009019076824188232, 0, 0, 8, 3, 10, 0, 0, 0, 0, 1, 1, 5, 0, 0, 0, 2, 0, 1.0, 0, 0, 0, 1, 0, 0, -7.965541362762451, 0.0], [0, 0, 0, 0.03672918677330017, 0, 0, 8, 3, 10, 0, 0, 0, 0, 1, 1, 5, 0, 0, 0, 2, 0, 1.0, 0, 0, 0, 0, 0, 0, -7.965541362762451, 0.0], [1, 0, 1, 0.15801209211349487, 0, 1, 8, 3, 10, 0, 0, 0, 0, 1, 1, 4, 0, 0, 0, 2, 0, 1.0, 0, 0, 2, 1, 0, 0, 53.188758850097656, 48.262271881103516], [0, 0, 0, 0.0, 0, 1, 8, 3, 10, 0, 0, 0, 0, 1, 1, 3, 0, 0, 0, 2, 0, 1.0, 0, 0, 1, 0, 0, 0, 4.926486968994141, 0.0], [1, 0, 1, 0.14650729298591614, 0, 1, 8, 3, 10, 0, 0, 0, 0, 1, 1, 5, 0, 0, 0, 2, 0, 1.0, 0, 0, 2, 1, 0, 0, 53.188758850097656, 48.262271881103516], [1, 0, 0, 0.04646122455596924, 0, 0, 8, 3, 10, 0, 0, 0, 0, 1, 1, 3, 0, 0, 0, 2, 0, 1.0, 0, 0, 0, 1, 0, 0, -7.965541362762451, 0.0], [1, 0, 1, 0.2567099630832672, 0, 1, 8, 3, 10, 0, 0, 0, 0, 1, 1, 5, 0, 0, 0, 2, 0, 1.0, 0, 0, 2, 1, 0, 0, 53.188758850097656, 48.262271881103516], [1, 0, 1, 0.019701659679412842, 0, 1, 8, 3, 10, 0, 0, 0, 0, 1, 1, 5, 0, 0, 0, 2, 0, 1.0, 0, 0, 2, 1, 0, 0, 53.188758850097656, 48.262271881103516], [1, 0, 0, 0.0, 0, 0, 8, 3, 10, 0, 0, 0, 0, 1, 1, 4, 0, 0, 0, 2, 0, 1.0, 0, 0, 0, 0, 0, 0, -7.965541362762451, 0.0], [1, 0, 0, 0.0, 0, 0, 8, 3, 10, 0, 0, 0, 0, 1, 1, 3, 0, 0, 0, 2, 0, 1.0, 0, 0, 0, 0, 0, 0, -7.965541362762451, 0.0], [1, 0, 1, 0.121745765209198, 0, 1, 8, 4, 11, 0, 0, 0, 0, 2, 1, 5, 0, 0, 0, 3, 0, 1.0, 0, 0, 2, 1, 0, 0, 51.1108283996582, 28.281177520751953], [1, 0, 1, 0.23703280091285706, 0, 1, 8, 4, 11, 0, 0, 0, 0, 2, 1, 5, 0, 0, 0, 3, 0, 1.0, 0, 0, 2, 1, 0, 0, 51.1108283996582, 28.281177520751953], [1, 0, 1, 0.00038930773735046387, 0, 1, 8, 4, 11, 0, 0, 0, 0, 2, 1, 4, 0, 0, 0, 3, 0, 1.0, 0, 0, 2, 1, 0, 0, 51.1108283996582, 28.281177520751953], [0, 0, 0, 0.0, 0, 1, 8, 3, 10, 0, 0, 0, 0, 1, 1, 3, 0, 0, 0, 2, 0, 1.0, 0, 0, 1, 0, 0, 0, 1.4469056129455566, 1.1920928955078125e-07], [0, 0, 0, 0.008353516459465027, 0, 1, 8, 3, 10, 0, 0, 0, 0, 1, 1, 4, 0, 0, 0, 2, 0, 1.0, 0, 0, 1, 0, 0, 0, 1.446905493736267, 0.0], [1, 0, 1, 0.0012062788009643555, 0, 1, 8, 8, 15, 0, 0, 0, 0, 6, 1, 5, 0, 0, 0, 7, 0, 1.0, 0, 0, 2, 1, 0, 0, 60.09977340698242, 27.223236083984375], [1, 0, 1, 0.0, 0, 1, 8, 8, 15, 0, 0, 0, 0, 6, 1, 5, 0, 0, 0, 7, 0, 1.0, 0, 0, 2, 1, 0, 0, 60.09977340698242, 29.5428524017334], [1, 0, 1, 0.024328380823135376, 0, 1, 8, 8, 15, 0, 0, 0, 0, 6, 1, 5, 0, 0, 0, 7, 0, 1.0, 0, 0, 2, 1, 0, 0, 60.09977340698242, 27.223236083984375], [1, 0, 1, 0.008663713932037354, 0, 1, 8, 8, 15, 0, 0, 0, 0, 6, 1, 5, 0, 0, 0, 7, 0, 1.0, 0, 0, 2, 1, 0, 0, 60.09977340698242, 27.223236083984375], [1, 0, 1, 0.0, 0, 1, 8, 8, 15, 0, 0, 0, 0, 6, 1, 5, 0, 0, 0, 7, 0, 1.0, 0, 0, 2, 1, 0, 0, 60.09977340698242, 29.5428524017334], [1, 0, 1, 0.0, 0, 1, 8, 8, 15, 0, 0, 0, 0, 6, 1, 5, 0, 0, 0, 7, 0, 1.0, 0, 0, 2, 1, 0, 0, 60.09977340698242, 29.5428524017334], [1, 0, 1, 0.017918050289154053, 0, 1, 8, 8, 15, 0, 0, 0, 0, 6, 1, 5, 0, 0, 0, 7, 0, 1.0, 0, 0, 2, 1, 0, 0, 60.09977340698242, 27.223236083984375], [1, 0, 1, 0.04331013560295105, 0, 1, 8, 13, 20, 0, 0, 0, 0, 11, 1, 5, 0, 0, 0, 12, 0, 1.0, 0, 0, 2, 1, 0, 0, 44.829078674316406, 18.66055679321289], [1, 0, 1, 0.04319196939468384, 0, 1, 8, 13, 20, 0, 0, 0, 0, 11, 1, 5, 0, 0, 0, 12, 0, 1.0, 0, 0, 2, 1, 0, 0, 44.829078674316406, 18.66055679321289], [1, 0, 1, 0.03674989938735962, 0, 1, 8, 13, 20, 0, 0, 0, 0, 11, 1, 4, 0, 0, 0, 12, 0, 1.0, 0, 0, 2, 1, 0, 0, 45.24995040893555, 18.349082946777344], [1, 0, 1, 0.055194467306137085, 0, 1, 8, 13, 20, 0, 0, 0, 0, 11, 1, 5, 0, 0, 0, 12, 0, 1.0, 0, 0, 2, 1, 0, 0, 45.24995040893555, 18.349082946777344], [0, 0, 0, 0.06560325622558594, 0, 1, 8, 13, 20, 0, 0, 0, 0, 11, 1, 4, 0, 0, 0, 12, 0, 1.0, 0, 0, 1, 0, 0, 0, 26.900867462158203, 0.0], [1, 0, 1, 0.013902336359024048, 0, 1, 8, 13, 20, 0, 0, 0, 0, 11, 1, 5, 0, 0, 0, 12, 0, 1.0, 0, 0, 2, 1, 0, 0, 45.24995040893555, 18.349082946777344], [1, 0, 1, 0.08844941854476929, 0, 1, 8, 13, 20, 0, 0, 0, 0, 11, 1, 4, 0, 0, 0, 12, 0, 1.0, 0, 0, 2, 1, 0, 0, 45.24995040893555, 18.349082946777344], [0, 0, 0, 0.04284664988517761, 0, 1, 8, 13, 20, 0, 0, 0, 0, 11, 1, 4, 0, 0, 0, 12, 0, 1.0, 0, 0, 1, 0, 0, 0, 26.900867462158203, 0.0], [0, 0, 0, 0.022385388612747192, 0, 1, 8, 13, 20, 0, 0, 0, 0, 11, 1, 5, 0, 0, 0, 12, 0, 1.0, 0, 0, 1, 0, 0, 0, 26.900867462158203, 0.0], [1, 0, 1, 0.03190857172012329, 0, 1, 8, 13, 20, 0, 0, 0, 0, 11, 1, 4, 0, 0, 0, 12, 0, 1.0, 0, 0, 2, 1, 0, 0, 45.24995040893555, 18.349082946777344], [1, 0, 1, 0.017556697130203247, 0, 1, 8, 13, 20, 0, 0, 0, 0, 11, 1, 4, 0, 0, 0, 12, 0, 1.0, 0, 0, 2, 1, 0, 0, 45.24995040893555, 18.349082946777344], [1, 0, 1, 0.08077767491340637, 0, 1, 8, 13, 20, 0, 0, 0, 0, 11, 1, 5, 0, 0, 0, 12, 0, 1.0, 0, 0, 2, 1, 0, 0, 45.24995040893555, 18.349082946777344], [1, 0, 1, 0.013305127620697021, 0, 1, 8, 3, 10, 0, 0, 0, 0, 1, 1, 5, 0, 0, 0, 2, 0, 1.0, 0, 0, 2, 1, 0, 0, 53.188758850097656, 51.741851806640625], [1, 0, 0, 0.14284151792526245, 0, 0, 8, 3, 10, 0, 0, 0, 0, 1, 1, 4, 0, 0, 0, 2, 0, 1.0, 0, 0, 0, 1, 0, 0, -7.965541362762451, 0.0], [0, 0, 0, 0.029125571250915527, 0, 1, 8, 3, 10, 0, 0, 0, 0, 1, 1, 4, 0, 0, 0, 2, 0, 1.0, 0, 0, 1, 0, 0, 0, 4.926486015319824, 0.0], [0, 0, 0, 0.0, 0, 1, 8, 3, 10, 0, 0, 0, 0, 1, 1, 5, 0, 0, 0, 2, 0, 1.0, 0, 0, 1, 0, 0, 0, 4.926486015319824, 0.0], [1, 0, 0, 0.24360942840576172, 0, 0, 8, 3, 10, 0, 0, 0, 0, 1, 1, 5, 0, 0, 0, 2, 0, 1.0, 0, 0, 0, 1, 0, 0, -7.965541362762451, 0.0], [1, 0, 1, 0.3259238004684448, 0, 1, 8, 3, 10, 0, 0, 0, 0, 1, 1, 4, 0, 0, 0, 2, 0, 1.0, 0, 0, 2, 1, 0, 0, 53.188758850097656, 48.262271881103516], [0, 0, 0, 0.2749074101448059, 0, 1, 8, 3, 10, 0, 0, 0, 0, 1, 1, 5, 0, 0, 0, 2, 0, 1.0, 0, 0, 1, 0, 0, 0, 4.926486968994141, 0.0], [1, 0, 1, 0.0, 0, 1, 8, 3, 10, 0, 0, 0, 0, 1, 1, 5, 0, 0, 0, 2, 0, 1.0, 0, 0, 2, 1, 0, 0, 53.188758850097656, 51.741851806640625], [1, 0, 1, 0.0, 0, 1, 8, 3, 10, 0, 0, 0, 0, 1, 1, 4, 0, 0, 0, 2, 0, 1.0, 0, 0, 2, 1, 0, 0, 53.188758850097656, 48.262271881103516], [0, 0, 0, 0.015167266130447388, 0, 1, 8, 3, 10, 0, 0, 0, 0, 1, 1, 5, 0, 0, 0, 2, 0, 1.0, 0, 0, 1, 0, 0, 0, 4.926486968994141, 0.0], [1, 0, 1, 0.02462393045425415, 0, 1, 8, 3, 10, 0, 0, 0, 0, 1, 1, 4, 0, 0, 0, 2, 0, 1.0, 0, 0, 2, 1, 0, 0, 53.188758850097656, 48.262271881103516], [1, 0, 0, 0.0, 0, 0, 8, 3, 10, 0, 0, 0, 0, 1, 1, 5, 0, 0, 0, 2, 0, 1.0, 0, 0, 0, 1, 0, 0, -7.965541362762451, 0.0], [0, 0, 0, 0.0, 0, 1, 8, 3, 10, 0, 0, 0, 0, 1, 1, 4, 0, 0, 0, 2, 0, 1.0, 0, 0, 1, 0, 0, 0, 4.926486015319824, 0.6337757110595703], [1, 0, 1, 0.017656773328781128, 0, 1, 8, 3, 10, 0, 0, 0, 0, 1, 1, 5, 0, 0, 0, 2, 0, 1.0, 0, 0, 2, 1, 0, 0, 53.188758850097656, 51.741851806640625], [1, 0, 0, 0.0, 0, 0, 8, 3, 10, 0, 0, 0, 0, 1, 1, 5, 0, 0, 0, 2, 0, 1.0, 0, 0, 0, 1, 0, 0, -18.70607566833496, 0.0], [1, 0, 0, 0.41670361161231995, 0, 0, 8, 3, 10, 0, 0, 0, 0, 1, 1, 4, 0, 0, 0, 2, 0, 1.0, 0, 0, 0, 1, 0, 0, -18.70607566833496, 0.0], [0, 0, 0, 0.0460551381111145, 0, 1, 8, 3, 10, 0, 0, 0, 0, 1, 1, 3, 0, 0, 0, 2, 0, 1.0, 0, 0, 1, 0, 0, 0, 3.4602792263031006, 2.013373613357544], [1, 0, 1, 0.0, 0, 1, 8, 3, 10, 0, 0, 0, 0, 1, 1, 5, 0, 0, 0, 2, 0, 1.0, 0, 0, 2, 1, 0, 0, 53.188758850097656, 51.741851806640625], [1, 0, 0, 0.13788801431655884, 0, 0, 8, 3, 10, 1, 0, 0, 0, 1, 1, 4, 0, 0, 0, 2, 0, 1.0, 0, 0, 0, 0, 0, 0, -7.965541362762451, 0.0], [1, 0, 0, 0.3069777488708496, 1, 1, 8, 3, 10, 1, 0, 0, 0, 1, 1, 4, 0, 0, 0, 2, 0, 1.0, 0, 0, 1, 0, 0, 0, 4.926486015319824, 0.0], [0, 0, 0, 0.08336776494979858, 0, 1, 8, 11, 18, 0, 0, 0, 0, 9, 1, 6, 0, 0, 0, 10, 0, 1.0, 0, 0, 1, 0, 0, 0, 38.70911407470703, 0.0], [1, 0, 1, 0.0932585597038269, 0, 1, 8, 11, 18, 0, 0, 0, 0, 9, 1, 5, 0, 0, 0, 10, 0, 1.0, 0, 0, 2, 1, 0, 0, 64.23814392089844, 25.529029846191406], [0, 0, 0, 0.05004525184631348, 0, 1, 8, 11, 18, 0, 0, 0, 0, 9, 1, 6, 0, 0, 0, 10, 0, 1.0, 0, 0, 1, 0, 0, 0, 38.70911407470703, 0.0], [1, 0, 1, 0.0574985146522522, 0, 1, 8, 11, 18, 0, 0, 0, 0, 9, 1, 5, 0, 0, 0, 10, 0, 1.0, 0, 0, 2, 1, 0, 0, 64.23814392089844, 25.529029846191406], [1, 0, 1, 0.0, 0, 1, 8, 11, 18, 0, 0, 0, 0, 9, 1, 5, 0, 0, 0, 10, 0, 1.0, 0, 0, 2, 1, 0, 0, 64.23814392089844, 25.529029846191406], [1, 0, 1, 0.054110556840896606, 0, 1, 8, 11, 18, 0, 0, 0, 0, 9, 1, 4, 0, 0, 0, 10, 0, 1.0, 0, 0, 2, 1, 0, 0, 64.23814392089844, 25.529029846191406], [1, 0, 1, 0.052606552839279175, 0, 1, 8, 11, 18, 0, 0, 0, 0, 9, 1, 5, 0, 0, 0, 10, 0, 1.0, 0, 0, 2, 1, 0, 0, 64.23814392089844, 25.529029846191406], [1, 0, 1, 0.09476545453071594, 0, 1, 8, 11, 18, 0, 0, 0, 0, 9, 1, 4, 0, 0, 0, 10, 0, 1.0, 0, 0, 2, 1, 0, 0, 64.23814392089844, 25.529029846191406], [1, 0, 1, 0.023877650499343872, 0, 1, 8, 11, 18, 0, 0, 0, 0, 9, 1, 5, 0, 0, 0, 10, 0, 1.0, 0, 0, 2, 1, 0, 0, 64.23814392089844, 25.529029846191406], [1, 0, 1, 0.08385723829269409, 0, 1, 8, 11, 18, 0, 0, 0, 0, 9, 1, 5, 0, 0, 0, 10, 0, 1.0, 0, 0, 2, 1, 0, 0, 64.23814392089844, 25.529029846191406], [0, 0, 0, 0.0, 0, 0, 8, 3, 10, 0, 0, 0, 0, 1, 1, 5, 0, 0, 0, 2, 0, 1.0, 0, 0, 0, 0, 0, 0, -7.965541362762451, 0.0], [1, 0, 0, 0.255226731300354, 0, 0, 8, 3, 10, 0, 0, 0, 0, 1, 1, 5, 0, 0, 0, 2, 0, 1.0, 0, 0, 0, 1, 0, 0, -7.965541362762451, 0.0], [0, 0, 0, 0.0, 0, 1, 8, 3, 10, 0, 0, 0, 0, 1, 1, 5, 0, 0, 0, 2, 0, 1.0, 0, 0, 1, 0, 0, 0, 1.446905493736267, 0.0], [1, 0, 1, 0.0, 0, 1, 8, 3, 10, 0, 0, 0, 0, 1, 1, 5, 0, 0, 0, 2, 0, 1.0, 0, 0, 2, 1, 0, 0, 53.188758850097656, 51.741851806640625], [0, 0, 0, 0.0, 0, 0, 8, 3, 10, 0, 0, 0, 0, 1, 1, 3, 0, 0, 0, 2, 0, 1.0, 0, 0, 0, 0, 0, 0, -7.965541362762451, 0.0], [1, 0, 0, 0.5881419777870178, 0, 0, 8, 3, 10, 0, 0, 0, 0, 1, 1, 5, 0, 0, 0, 2, 0, 1.0, 0, 0, 0, 1, 0, 0, -7.965541362762451, 0.0], [0, 0, 0, 0.0, 0, 0, 8, 3, 10, 0, 0, 0, 0, 1, 1, 3, 0, 0, 0, 2, 0, 1.0, 0, 0, 0, 0, 0, 0, -7.965541362762451, 0.0], [1, 0, 0, 0.0, 0, 0, 8, 3, 10, 0, 0, 0, 0, 1, 1, 5, 0, 0, 0, 2, 0, 1.0, 0, 0, 0, 0, 0, 0, -7.965541362762451, 0.0], [1, 0, 1, 0.0, 0, 1, 8, 5, 12, 0, 0, 0, 0, 3, 1, 4, 0, 0, 0, 4, 0, 1.0, 0, 0, 2, 1, 0, 0, 50.26272964477539, 23.401647567749023], [1, 0, 1, 0.13131287693977356, 0, 1, 8, 5, 12, 0, 0, 0, 0, 3, 1, 4, 0, 0, 0, 4, 0, 1.0, 0, 0, 2, 1, 0, 0, 50.26272964477539, 23.401647567749023], [1, 0, 1, 0.0, 0, 1, 8, 5, 12, 0, 0, 0, 0, 3, 1, 4, 0, 0, 0, 4, 0, 1.0, 0, 0, 2, 1, 0, 0, 50.26272964477539, 23.401647567749023], [1, 0, 1, 0.0, 0, 1, 8, 5, 12, 0, 0, 0, 0, 3, 1, 5, 0, 0, 0, 4, 0, 1.0, 0, 0, 2, 1, 0, 0, 50.26272964477539, 23.401647567749023], [1, 0, 1, 0.04086101055145264, 0, 1, 8, 4, 11, 0, 0, 0, 0, 2, 1, 4, 0, 0, 0, 3, 0, 1.0, 0, 0, 2, 1, 0, 0, 51.1108283996582, 28.281177520751953], [1, 0, 1, 0.08569210767745972, 0, 1, 8, 4, 11, 0, 0, 0, 0, 2, 1, 4, 0, 0, 0, 3, 0, 1.0, 0, 0, 2, 1, 0, 0, 51.1108283996582, 28.281177520751953], [1, 0, 1, 5.960464477539063e-08, 0, 1, 8, 4, 11, 0, 0, 0, 0, 2, 1, 5, 0, 0, 0, 3, 0, 1.0, 0, 0, 2, 1, 0, 0, 51.1108283996582, 28.281177520751953], [1, 0, 0, 0.0, 0, 0, 8, 3, 10, 0, 0, 0, 0, 1, 1, 4, 0, 0, 0, 2, 0, 1.0, 0, 0, 0, 1, 0, 0, -7.965541362762451, 0.0], [1, 0, 0, 0.49272847175598145, 0, 0, 8, 3, 10, 0, 0, 0, 0, 1, 1, 4, 0, 0, 0, 2, 0, 1.0, 0, 0, 0, 1, 0, 0, -7.965541362762451, 0.0], [0, 0, 0, 0.018464356660842896, 0, 1, 8, 6, 13, 0, 0, 0, 0, 4, 1, 3, 0, 0, 0, 5, 0, 1.0, 0, 0, 1, 0, 0, 0, 29.55304718017578, 0.0], [0, 0, 0, 0.007454127073287964, 0, 1, 8, 6, 13, 0, 0, 0, 0, 4, 1, 3, 0, 0, 0, 5, 0, 1.0, 0, 0, 1, 0, 0, 0, 29.55304718017578, 0.0], [0, 0, 0, 0.005749553442001343, 0, 1, 8, 6, 13, 0, 0, 0, 0, 4, 1, 2, 0, 0, 0, 5, 0, 1.0, 0, 0, 1, 0, 0, 0, 29.55304718017578, 0.0], [0, 0, 0, 0.01651465892791748, 0, 1, 8, 6, 13, 0, 0, 0, 0, 4, 1, 4, 0, 0, 0, 5, 0, 1.0, 0, 0, 1, 0, 0, 0, 29.55304718017578, 0.0], [0, 0, 0, 0.004474014043807983, 0, 1, 8, 6, 13, 0, 0, 0, 0, 4, 1, 4, 0, 0, 0, 5, 0, 1.0, 0, 0, 1, 0, 0, 0, 29.55304718017578, 0.0], [0, 0, 0, 0.0, 0, 0, 8, 3, 10, 0, 0, 0, 0, 1, 1, 2, 0, 0, 0, 2, 0, 1.0, 0, 0, 0, 0, 0, 0, -7.965541362762451, 0.0], [1, 0, 0, 0.0, 0, 0, 8, 3, 10, 0, 0, 0, 0, 1, 1, 2, 0, 0, 0, 2, 0, 1.0, 0, 0, 0, 1, 0, 0, -7.965541362762451, 0.0], [1, 0, 1, 0.0, 0, 1, 8, 3, 10, 0, 0, 0, 0, 1, 1, 5, 0, 0, 0, 2, 0, 1.0, 0, 0, 2, 1, 0, 0, 53.188758850097656, 48.262271881103516], [1, 0, 0, 0.20832142233848572, 0, 0, 8, 3, 10, 0, 0, 0, 0, 1, 1, 3, 0, 0, 0, 2, 0, 1.0, 0, 0, 0, 1, 0, 0, -7.965541362762451, 0.0], [1, 0, 0, 0.0, 0, 0, 8, 3, 10, 0, 0, 0, 0, 1, 1, 5, 0, 0, 0, 2, 0, 1.0, 0, 0, 0, 1, 0, 0, -7.965541362762451, 0.0], [1, 0, 1, 0.1258569359779358, 0, 1, 8, 3, 10, 0, 0, 0, 0, 1, 1, 5, 0, 0, 0, 2, 0, 1.0, 0, 0, 2, 1, 0, 0, 53.188758850097656, 48.262271881103516], [1, 0, 1, 0.07011470198631287, 0, 1, 8, 4, 11, 0, 0, 0, 0, 2, 1, 3, 0, 0, 0, 3, 0, 1.0, 0, 0, 2, 1, 0, 0, 51.1108283996582, 29.3093204498291], [1, 0, 1, 0.012136310338973999, 0, 1, 8, 4, 11, 0, 0, 0, 0, 2, 1, 4, 0, 0, 0, 3, 0, 1.0, 0, 0, 2, 1, 0, 0, 51.1108283996582, 28.281177520751953], [1, 0, 1, 0.013200879096984863, 0, 1, 8, 4, 11, 0, 0, 0, 0, 2, 1, 5, 0, 0, 0, 3, 0, 1.0, 0, 0, 2, 1, 0, 0, 51.1108283996582, 28.281177520751953], [0, 0, 0, 0.0, 0, 1, 8, 4, 11, 0, 0, 0, 0, 2, 1, 5, 0, 0, 0, 3, 0, 1.0, 0, 0, 1, 0, 0, 0, 13.553790092468262, 0.0], [0, 0, 0, 0.0012373179197311401, 0, 1, 8, 4, 11, 0, 0, 0, 0, 2, 1, 4, 0, 0, 0, 3, 0, 1.0, 0, 0, 1, 0, 0, 0, 13.785270690917969, 0.0], [0, 0, 0, 0.0003310590982437134, 0, 1, 8, 4, 11, 0, 0, 0, 0, 2, 1, 4, 0, 0, 0, 3, 0, 1.0, 0, 0, 1, 0, 0, 0, 13.785270690917969, 0.0], [0, 0, 0, 0.06261518597602844, 0, 1, 8, 13, 20, 0, 0, 0, 0, 11, 1, 4, 0, 0, 0, 12, 0, 1.0, 0, 0, 1, 0, 0, 0, 35.93853759765625, 0.0], [0, 0, 0, 0.0, 0, 1, 8, 13, 20, 0, 0, 0, 0, 9, 2, 3, 0, 0, 0, 12, 0, 1.0, 0, 0, 1, 0, 0, 0, 0.25122320652008057, 1.9663947820663452], [0, 0, 0, 0.08396798372268677, 0, 1, 8, 13, 20, 0, 0, 0, 0, 10, 2, 4, 0, 0, 0, 12, 0, 0.5, 0, 0, 1, 0, 0, 0, 7.5440802574157715, 0.0], [0, 0, 0, 0.05488806962966919, 0, 1, 8, 13, 20, 0, 0, 0, 0, 11, 1, 4, 0, 0, 0, 12, 0, 1.0, 0, 0, 1, 0, 0, 0, 26.623201370239258, 0.0], [0, 0, 0, 0.07177335023880005, 0, 1, 8, 13, 20, 0, 0, 0, 0, 9, 2, 4, 0, 0, 0, 12, 0, 1.0, 0, 0, 1, 0, 0, 0, -0.10299993306398392, 1.8885148763656616], [0, 0, 0, 0.06802389025688171, 0, 1, 8, 13, 20, 0, 0, 0, 0, 10, 2, 4, 0, 0, 0, 12, 0, 1.0, 0, 0, 1, 0, 0, 0, 7.405214309692383, 0.0], [0, 0, 0, 0.08495372533798218, 0, 1, 8, 13, 20, 0, 0, 0, 0, 11, 1, 3, 0, 0, 0, 12, 0, 1.0, 0, 0, 1, 0, 0, 0, 26.620445251464844, 0.0], [0, 0, 0, 0.08159592747688293, 0, 1, 8, 13, 20, 0, 0, 0, 0, 10, 2, 4, 0, 0, 0, 12, 0, 1.0, 0, 0, 1, 0, 0, 0, 12.416240692138672, 4.565866470336914], [0, 0, 0, 0.06540322303771973, 0, 1, 8, 13, 20, 0, 0, 0, 0, 11, 1, 4, 0, 0, 0, 12, 0, 0.5, 0, 0, 1, 0, 0, 0, 25.637723922729492, 0.0], [0, 0, 0, 0.0, 0, 1, 8, 13, 20, 1, 1, 1, 0, 11, 1, 3, 0, 0, 0, 12, 0, 1.0, 0, 0, 1, 0, 0, 0, 35.93853759765625, 0.0], [0, 0, 0, 0.0, 0, 1, 8, 13, 20, 1, 0, 1, 0, 10, 2, 3, 0, 0, 0, 12, 0, 1.0, 0, 0, 1, 0, 0, 0, 11.544098854064941, 4.372293472290039], [0, 0, 0, 0.08463534712791443, 0, 1, 8, 13, 20, 0, 0, 0, 0, 10, 2, 4, 0, 0, 0, 12, 0, 1.0, 0, 0, 1, 0, 0, 0, 21.860912322998047, 4.638223648071289], [0, 0, 0, 0.08463534712791443, 0, 1, 8, 13, 20, 0, 0, 1, 0, 10, 2, 4, 0, 0, 0, 12, 0, 1.0, 0, 0, 1, 0, 0, 0, 12.66890811920166, 4.539243698120117], [0, 0, 0, 0.07208645343780518, 0, 1, 8, 13, 20, 0, 0, 0, 0, 11, 1, 4, 0, 0, 0, 12, 0, 1.0, 0, 0, 1, 0, 0, 0, 26.620332717895508, 0.0], [0, 0, 0, 0.06905364990234375, 0, 1, 8, 13, 20, 0, 0, 0, 0, 9, 2, 4, 0, 0, 0, 12, 0, 1.0, 0, 0, 1, 0, 0, 0, -0.10299993306398392, 1.8885148763656616], [0, 0, 0, 0.07676777243614197, 0, 1, 8, 13, 20, 0, 0, 0, 0, 10, 2, 3, 0, 0, 0, 12, 0, 1.0, 0, 0, 1, 0, 0, 0, 21.569543838500977, 4.632347106933594], [0, 0, 0, 0.09381967782974243, 0, 1, 8, 13, 20, 0, 0, 0, 0, 10, 2, 4, 0, 0, 0, 12, 0, 1.0, 0, 0, 1, 0, 0, 0, 12.555702209472656, 4.76586389541626], [0, 0, 0, 0.07933872938156128, 0, 1, 8, 13, 20, 0, 0, 0, 0, 11, 1, 4, 0, 0, 0, 12, 0, 1.0, 0, 0, 1, 0, 0, 0, 35.93853759765625, 0.0], [1, 0, 0, 0.0, 0, 1, 8, 6, 13, 0, 0, 0, 0, 4, 1, 5, 0, 0, 0, 5, 0, 1.0, 0, 0, 1, 0, 0, 0, 30.41288948059082, 0.0], [0, 0, 0, 0.0, 0, 1, 8, 6, 13, 0, 0, 0, 0, 4, 1, 3, 0, 0, 0, 5, 0, 1.0, 0, 0, 1, 0, 0, 0, 30.41288948059082, 0.5042972564697266], [0, 0, 0, 0.0, 0, 1, 8, 6, 13, 0, 0, 0, 0, 4, 1, 3, 0, 0, 0, 5, 0, 1.0, 0, 0, 1, 0, 0, 0, 30.41288948059082, 0.5042972564697266], [0, 0, 0, 0.0, 0, 1, 8, 6, 13, 0, 0, 0, 0, 4, 1, 3, 0, 0, 0, 5, 0, 1.0, 0, 0, 1, 0, 0, 0, 30.41288948059082, 0.5042972564697266], [0, 0, 0, 0.0, 0, 1, 8, 6, 13, 0, 0, 0, 0, 4, 1, 3, 0, 0, 0, 5, 0, 1.0, 0, 0, 1, 0, 0, 0, 30.41288948059082, 0.0], [0, 0, 0, 0.0, 0, 0, 8, 3, 10, 0, 0, 0, 0, 1, 1, 3, 0, 0, 0, 2, 0, 1.0, 0, 0, 0, 0, 0, 0, -7.965541362762451, 0.0], [0, 0, 0, 0.0, 0, 0, 8, 3, 10, 0, 0, 0, 0, 1, 1, 4, 0, 0, 0, 2, 0, 1.0, 0, 0, 0, 0, 0, 0, -7.965541362762451, 0.0], [1, 0, 1, 0.19938302040100098, 0, 1, 8, 4, 11, 0, 0, 0, 0, 2, 1, 5, 0, 0, 0, 3, 0, 1.0, 0, 0, 2, 1, 0, 0, 51.1108283996582, 28.281177520751953], [1, 0, 1, 0.06624919176101685, 0, 1, 8, 4, 11, 0, 0, 0, 0, 2, 1, 4, 0, 0, 0, 3, 0, 1.0, 0, 0, 2, 1, 0, 0, 51.1108283996582, 29.65049171447754], [1, 0, 1, 0.23822617530822754, 0, 1, 8, 4, 11, 0, 0, 0, 0, 2, 1, 4, 0, 0, 0, 3, 0, 1.0, 0, 0, 2, 1, 0, 0, 51.1108283996582, 28.281177520751953], [1, 0, 0, 0.0, 0, 0, 8, 3, 10, 0, 0, 0, 0, 1, 1, 5, 0, 0, 0, 2, 0, 1.0, 0, 0, 0, 1, 0, 0, -7.965541362762451, 0.0], [1, 0, 1, 0.0, 0, 1, 8, 3, 10, 0, 0, 0, 0, 1, 1, 4, 0, 0, 0, 2, 0, 1.0, 0, 0, 2, 1, 0, 0, 53.188758850097656, 48.262271881103516], [0, 0, 0, 0.11934274435043335, 0, 1, 8, 3, 10, 0, 0, 0, 0, 1, 1, 5, 0, 0, 0, 2, 0, 1.0, 0, 0, 1, 0, 0, 0, 4.926486015319824, 3.4795804023742676], [1, 0, 1, 0.1348142921924591, 0, 1, 8, 3, 10, 0, 0, 0, 0, 1, 1, 5, 0, 0, 0, 2, 0, 1.0, 0, 0, 2, 1, 0, 0, 53.188758850097656, 48.262271881103516], [1, 0, 1, 0.0838504433631897, 0, 1, 8, 5, 12, 0, 0, 0, 0, 3, 1, 5, 0, 0, 0, 4, 0, 1.0, 0, 0, 2, 1, 0, 0, 50.26272964477539, 23.401647567749023], [1, 0, 1, 0.0, 0, 1, 8, 5, 12, 0, 0, 0, 0, 3, 1, 5, 0, 0, 0, 4, 0, 1.0, 0, 0, 2, 1, 0, 0, 50.26272964477539, 23.401647567749023], [1, 0, 1, 0.0, 0, 1, 8, 5, 12, 0, 0, 0, 0, 3, 1, 5, 0, 0, 0, 4, 0, 1.0, 0, 0, 2, 1, 0, 0, 50.26272964477539, 23.401647567749023], [1, 0, 1, 0.08830952644348145, 0, 1, 8, 5, 12, 0, 0, 0, 0, 3, 1, 5, 0, 0, 0, 4, 0, 1.0, 0, 0, 2, 1, 0, 0, 50.26272964477539, 23.401647567749023], [1, 0, 1, 0.14176002144813538, 0, 1, 8, 6, 13, 0, 0, 0, 0, 4, 1, 5, 0, 0, 0, 5, 0, 1.0, 0, 0, 2, 1, 0, 0, 58.879207611083984, 28.587068557739258], [1, 0, 0, 0.05745401978492737, 0, 0, 8, 6, 13, 0, 0, 0, 0, 4, 1, 5, 0, 0, 0, 5, 0, 1.0, 0, 0, 0, 1, 0, 0, 23.6307373046875, 0.2062511444091797], [1, 0, 1, 0.20426034927368164, 0, 1, 8, 6, 13, 0, 0, 0, 0, 4, 1, 5, 0, 0, 0, 5, 0, 1.0, 0, 0, 2, 1, 0, 0, 58.879207611083984, 28.587068557739258], [0, 0, 0, 0.032770633697509766, 0, 0, 8, 6, 13, 0, 0, 0, 0, 4, 1, 5, 0, 0, 0, 5, 0, 1.0, 0, 0, 0, 0, 0, 0, 23.6307373046875, 0.2062511444091797], [1, 0, 1, 0.09101775288581848, 0, 1, 8, 6, 13, 0, 0, 0, 0, 4, 1, 5, 0, 0, 0, 5, 0, 1.0, 0, 0, 2, 1, 0, 0, 58.879207611083984, 28.587068557739258], [1, 0, 1, 0.0948759913444519, 0, 1, 8, 7, 14, 0, 0, 0, 0, 5, 1, 4, 0, 0, 0, 6, 0, 1.0, 0, 0, 2, 1, 0, 0, 49.33777618408203, 17.8748779296875], [0, 0, 0, 0.07605689764022827, 0, 1, 8, 7, 14, 0, 0, 0, 0, 5, 1, 4, 0, 0, 0, 6, 0, 1.0, 0, 0, 1, 0, 0, 0, 31.46289825439453, 0.0], [1, 0, 1, 0.16228079795837402, 0, 1, 8, 7, 14, 0, 0, 0, 0, 5, 1, 4, 0, 0, 0, 6, 0, 1.0, 0, 0, 2, 1, 0, 0, 49.33777618408203, 17.8748779296875], [1, 0, 1, 0.052942872047424316, 0, 1, 8, 7, 14, 0, 0, 0, 0, 5, 1, 5, 0, 0, 0, 6, 0, 1.0, 0, 0, 2, 1, 0, 0, 49.33777618408203, 17.8748779296875], [1, 0, 1, 0.08435004949569702, 0, 1, 8, 7, 14, 0, 0, 0, 0, 5, 1, 5, 0, 0, 0, 6, 0, 1.0, 0, 0, 2, 1, 0, 0, 49.33777618408203, 17.8748779296875], [1, 0, 1, 0.03930172324180603, 0, 1, 8, 7, 14, 0, 0, 0, 0, 5, 1, 5, 0, 0, 0, 6, 0, 1.0, 0, 0, 2, 1, 0, 0, 49.33777618408203, 17.8748779296875], [1, 0, 1, 0.049697816371917725, 0, 1, 8, 3, 10, 0, 0, 0, 0, 1, 1, 3, 0, 0, 0, 2, 0, 1.0, 0, 0, 2, 1, 0, 0, 53.188758850097656, 48.262271881103516], [0, 0, 0, 0.0, 0, 0, 8, 3, 10, 0, 0, 0, 0, 1, 1, 5, 0, 0, 0, 2, 0, 1.0, 0, 0, 0, 0, 0, 0, -7.965541362762451, 0.0], [1, 0, 1, 0.0, 0, 1, 8, 4, 11, 0, 0, 0, 0, 2, 1, 4, 0, 0, 0, 3, 0, 1.0, 0, 0, 2, 1, 0, 0, 51.1108283996582, 28.281177520751953], [1, 0, 1, 5.960464477539063e-08, 0, 1, 8, 4, 11, 0, 0, 0, 0, 2, 1, 5, 0, 0, 0, 3, 0, 1.0, 0, 0, 2, 1, 0, 0, 51.1108283996582, 28.281177520751953], [1, 0, 1, 1.7881393432617188e-07, 0, 1, 8, 4, 11, 0, 0, 0, 0, 2, 1, 5, 0, 0, 0, 3, 0, 1.0, 0, 0, 2, 1, 0, 0, 51.1108283996582, 28.281177520751953]], "_pair": [], "_cons": []}
{
  "overall": "DERIVATION_NO",
  "gates": {
    "G_arc_enc_frozen": true,
    "G_ink_verified": true,
    "G_task_exists": true,
    "G_exact_algebra_matches_tape": true,
    "G_lookup_beats_floor": false,
    "G_lookup_beats_counts_paired": false,
    "G_lookup_beats_retrieval_paired": false,
    "G_phi_orders_negatives": false
  },
  "lookup": {},
  "paired": {
    "model_only_right": 0,
    "rival_only_right": 0,
    "discordant": 0,
    "mcnemar_z": NaN
  },
  "ladder": {
    "n_questions": 0,
    "pairs": 0,
    "concordant": 0,
    "ties_excluded": 0,
    "import_budget_zero_rate": 0.0,
    "import_budget_mean": 0.0,
    "concordance": NaN,
    "z_vs_half": NaN,
    "mean_phi": {
      "true": NaN,
      "near": NaN,
      "middle": NaN,
      "far": NaN
    }
  }
}
